=== scaling: nodes=32 proc=1536 dataset=stackoverflow_a2q_tw strong(total=8000000) nwalk/rank=5208 emb=0 mode=fused ===
rank=682/1536 dataset=stackoverflow_a2q_tw walkers=5208 (3551856..3557063) steps=30 mode=0 sched=single-bucket delta_t=0 policy=0
rank=682 loaded data/1536/stackoverflow_a2q_tw.sub682.txt (|V_local|=1652  t_range=[27707181,239629392])
rank=682 loaded routing data/1536/stackoverflow_a2q_tw.rt682.txt (839 entries)
rank=701/1536 dataset=stackoverflow_a2q_tw walkers=5208 (3650808..3656015) steps=30 mode=0 sched=single-bucket delta_t=0 policy=0
rank=701 loaded data/1536/stackoverflow_a2q_tw.sub701.txt (|V_local|=1588  t_range=[4306167,239585883])
rank=701 loaded routing data/1536/stackoverflow_a2q_tw.rt701.txt (1110 entries)
rank=701 added 4 boundary-only nodes from routing
rank=676/1536 dataset=stackoverflow_a2q_tw walkers=5208 (3520608..3525815) steps=30 mode=0 sched=single-bucket delta_t=0 policy=0
rank=676 loaded data/1536/stackoverflow_a2q_tw.sub676.txt (|V_local|=1587  t_range=[8637560,239681408])
rank=676 loaded routing data/1536/stackoverflow_a2q_tw.rt676.txt (913 entries)
rank=683/1536 dataset=stackoverflow_a2q_tw walkers=5208 (3557064..3562271) steps=30 mode=0 sched=single-bucket delta_t=0 policy=0
rank=683 loaded data/1536/stackoverflow_a2q_tw.sub683.txt (|V_local|=1622  t_range=[8833196,239641519])
rank=683 loaded routing data/1536/stackoverflow_a2q_tw.rt683.txt (943 entries)
rank=687/1536 dataset=stackoverflow_a2q_tw walkers=5208 (3577896..3583103) steps=30 mode=0 sched=single-bucket delta_t=0 policy=0
rank=687 loaded data/1536/stackoverflow_a2q_tw.sub687.txt (|V_local|=1588  t_range=[18655377,239687162])
rank=687 loaded routing data/1536/stackoverflow_a2q_tw.rt687.txt (964 entries)
rank=687 added 2 boundary-only nodes from routing
rank=713/1536 dataset=stackoverflow_a2q_tw walkers=5208 (3713304..3718511) steps=30 mode=0 sched=single-bucket delta_t=0 policy=0
rank=713 loaded data/1536/stackoverflow_a2q_tw.sub713.txt (|V_local|=1638  t_range=[2900682,239694000])
rank=713 loaded routing data/1536/stackoverflow_a2q_tw.rt713.txt (660 entries)
rank=679/1536 dataset=stackoverflow_a2q_tw walkers=5208 (3536232..3541439) steps=30 mode=0 sched=single-bucket delta_t=0 policy=0
rank=679 loaded data/1536/stackoverflow_a2q_tw.sub679.txt (|V_local|=1588  t_range=[4857273,239472291])
rank=679 loaded routing data/1536/stackoverflow_a2q_tw.rt679.txt (1001 entries)
rank=674/1536 dataset=stackoverflow_a2q_tw walkers=5208 (3510192..3515399) steps=30 mode=0 sched=single-bucket delta_t=0 policy=0
rank=674 loaded data/1536/stackoverflow_a2q_tw.sub674.txt (|V_local|=1586  t_range=[5268871,239685061])
rank=674 loaded routing data/1536/stackoverflow_a2q_tw.rt674.txt (1067 entries)
rank=674 added 1 boundary-only nodes from routing
rank=692/1536 dataset=stackoverflow_a2q_tw walkers=5208 (3603936..3609143) steps=30 mode=0 sched=single-bucket delta_t=0 policy=0
rank=692 loaded data/1536/stackoverflow_a2q_tw.sub692.txt (|V_local|=1651  t_range=[39612139,239589527])
rank=692 loaded routing data/1536/stackoverflow_a2q_tw.rt692.txt (639 entries)
rank=692 added 1 boundary-only nodes from routing
rank=718/1536 dataset=stackoverflow_a2q_tw walkers=5208 (3739344..3744551) steps=30 mode=0 sched=single-bucket delta_t=0 policy=0
rank=718 loaded data/1536/stackoverflow_a2q_tw.sub718.txt (|V_local|=1595  t_range=[3621277,239686166])
rank=718 loaded routing data/1536/stackoverflow_a2q_tw.rt718.txt (921 entries)
rank=695/1536 dataset=stackoverflow_a2q_tw walkers=5208 (3619560..3624767) steps=30 mode=0 sched=single-bucket delta_t=0 policy=0
rank=695 loaded data/1536/stackoverflow_a2q_tw.sub695.txt (|V_local|=1651  t_range=[38788231,239696177])
rank=695 loaded routing data/1536/stackoverflow_a2q_tw.rt695.txt (772 entries)
rank=695 added 1 boundary-only nodes from routing
rank=678/1536 dataset=stackoverflow_a2q_tw walkers=5208 (3531024..3536231) steps=30 mode=0 sched=single-bucket delta_t=0 policy=0
rank=678 loaded data/1536/stackoverflow_a2q_tw.sub678.txt (|V_local|=1594  t_range=[4117756,239662709])
rank=678 loaded routing data/1536/stackoverflow_a2q_tw.rt678.txt (1081 entries)
rank=678 added 1 boundary-only nodes from routing
rank=673/1536 dataset=stackoverflow_a2q_tw walkers=5208 (3504984..3510191) steps=30 mode=0 sched=single-bucket delta_t=0 policy=0
rank=673 loaded data/1536/stackoverflow_a2q_tw.sub673.txt (|V_local|=1585  t_range=[14163548,239683139])
rank=673 loaded routing data/1536/stackoverflow_a2q_tw.rt673.txt (1019 entries)
rank=673 added 3 boundary-only nodes from routing
rank=703/1536 dataset=stackoverflow_a2q_tw walkers=5208 (3661224..3666431) steps=30 mode=0 sched=single-bucket delta_t=0 policy=0
rank=703 loaded data/1536/stackoverflow_a2q_tw.sub703.txt (|V_local|=1652  t_range=[13907098,239604582])
rank=703 loaded routing data/1536/stackoverflow_a2q_tw.rt703.txt (486 entries)
rank=688/1536 dataset=stackoverflow_a2q_tw walkers=5208 (3583104..3588311) steps=30 mode=0 sched=single-bucket delta_t=0 policy=0
rank=688 loaded data/1536/stackoverflow_a2q_tw.sub688.txt (|V_local|=1587  t_range=[34825348,239681985])
rank=688 loaded routing data/1536/stackoverflow_a2q_tw.rt688.txt (900 entries)
rank=704/1536 dataset=stackoverflow_a2q_tw walkers=5208 (3666432..3671639) steps=30 mode=0 sched=single-bucket delta_t=0 policy=0
rank=704 loaded data/1536/stackoverflow_a2q_tw.sub704.txt (|V_local|=1651  t_range=[43500677,239692641])
rank=704 loaded routing data/1536/stackoverflow_a2q_tw.rt704.txt (760 entries)
rank=704 added 1 boundary-only nodes from routing
rank=675/1536 dataset=stackoverflow_a2q_tw walkers=5208 (3515400..3520607) steps=30 mode=0 sched=single-bucket delta_t=0 policy=0
rank=675 loaded data/1536/stackoverflow_a2q_tw.sub675.txt (|V_local|=1587  t_range=[10938874,239686339])
rank=675 loaded routing data/1536/stackoverflow_a2q_tw.rt675.txt (1074 entries)
rank=686/1536 dataset=stackoverflow_a2q_tw walkers=5208 (3572688..3577895) steps=30 mode=0 sched=single-bucket delta_t=0 policy=0
rank=686 loaded data/1536/stackoverflow_a2q_tw.sub686.txt (|V_local|=1652  t_range=[57635471,239697243])
rank=686 loaded routing data/1536/stackoverflow_a2q_tw.rt686.txt (693 entries)
rank=708/1536 dataset=stackoverflow_a2q_tw walkers=5208 (3687264..3692471) steps=30 mode=0 sched=single-bucket delta_t=0 policy=0
rank=708 loaded data/1536/stackoverflow_a2q_tw.sub708.txt (|V_local|=1591  t_range=[3653337,239572941])
rank=708 loaded routing data/1536/stackoverflow_a2q_tw.rt708.txt (1029 entries)
rank=708 added 1 boundary-only nodes from routing
rank=680/1536 dataset=stackoverflow_a2q_tw walkers=5208 (3541440..3546647) steps=30 mode=0 sched=single-bucket delta_t=0 policy=0
rank=680 loaded data/1536/stackoverflow_a2q_tw.sub680.txt (|V_local|=1589  t_range=[13745040,239638956])
rank=680 loaded routing data/1536/stackoverflow_a2q_tw.rt680.txt (1032 entries)
rank=680 added 2 boundary-only nodes from routing
rank=712/1536 dataset=stackoverflow_a2q_tw walkers=5208 (3708096..3713303) steps=30 mode=0 sched=single-bucket delta_t=0 policy=0
rank=712 loaded data/1536/stackoverflow_a2q_tw.sub712.txt (|V_local|=1593  t_range=[1116191,239570880])
rank=712 loaded routing data/1536/stackoverflow_a2q_tw.rt712.txt (1031 entries)
rank=712 added 1 boundary-only nodes from routing
rank=714/1536 dataset=stackoverflow_a2q_tw walkers=5208 (3718512..3723719) steps=30 mode=0 sched=single-bucket delta_t=0 policy=0
rank=714 loaded data/1536/stackoverflow_a2q_tw.sub714.txt (|V_local|=1591  t_range=[14829769,239623344])
rank=714 loaded routing data/1536/stackoverflow_a2q_tw.rt714.txt (1054 entries)
rank=710/1536 dataset=stackoverflow_a2q_tw walkers=5208 (3697680..3702887) steps=30 mode=0 sched=single-bucket delta_t=0 policy=0
rank=710 loaded data/1536/stackoverflow_a2q_tw.sub710.txt (|V_local|=1590  t_range=[4643314,239594143])
rank=710 loaded routing data/1536/stackoverflow_a2q_tw.rt710.txt (939 entries)
rank=685/1536 dataset=stackoverflow_a2q_tw walkers=5208 (3567480..3572687) steps=30 mode=0 sched=single-bucket delta_t=0 policy=0
rank=685 loaded data/1536/stackoverflow_a2q_tw.sub685.txt (|V_local|=1650  t_range=[3420289,239637629])
rank=685 loaded routing data/1536/stackoverflow_a2q_tw.rt685.txt (859 entries)
rank=156/1536 dataset=stackoverflow_a2q_tw walkers=5208 (812448..817655) steps=30 mode=0 sched=single-bucket delta_t=0 policy=0
rank=156 loaded data/1536/stackoverflow_a2q_tw.sub156.txt (|V_local|=1590  t_range=[14257532,239498282])
rank=156 loaded routing data/1536/stackoverflow_a2q_tw.rt156.txt (1064 entries)
rank=156 added 1 boundary-only nodes from routing
rank=187/1536 dataset=stackoverflow_a2q_tw walkers=5208 (973896..979103) steps=30 mode=0 sched=single-bucket delta_t=0 policy=0
rank=187 loaded data/1536/stackoverflow_a2q_tw.sub187.txt (|V_local|=1602  t_range=[38616009,239696950])
rank=187 loaded routing data/1536/stackoverflow_a2q_tw.rt187.txt (1082 entries)
rank=184/1536 dataset=stackoverflow_a2q_tw walkers=5208 (958272..963479) steps=30 mode=0 sched=single-bucket delta_t=0 policy=0
rank=184 loaded data/1536/stackoverflow_a2q_tw.sub184.txt (|V_local|=1591  t_range=[9488284,239670727])
rank=184 loaded routing data/1536/stackoverflow_a2q_tw.rt184.txt (968 entries)
rank=148/1536 dataset=stackoverflow_a2q_tw walkers=5208 (770784..775991) steps=30 mode=0 sched=single-bucket delta_t=0 policy=0
rank=148 loaded data/1536/stackoverflow_a2q_tw.sub148.txt (|V_local|=1652  t_range=[24040499,239672343])
rank=148 loaded routing data/1536/stackoverflow_a2q_tw.rt148.txt (890 entries)
rank=168/1536 dataset=stackoverflow_a2q_tw walkers=5208 (874944..880151) steps=30 mode=0 sched=single-bucket delta_t=0 policy=0
rank=168 loaded data/1536/stackoverflow_a2q_tw.sub168.txt (|V_local|=1587  t_range=[7202069,239651807])
rank=168 loaded routing data/1536/stackoverflow_a2q_tw.rt168.txt (1069 entries)
rank=152/1536 dataset=stackoverflow_a2q_tw walkers=5208 (791616..796823) steps=30 mode=0 sched=single-bucket delta_t=0 policy=0
rank=152 loaded data/1536/stackoverflow_a2q_tw.sub152.txt (|V_local|=1591  t_range=[13041527,239681775])
rank=152 loaded routing data/1536/stackoverflow_a2q_tw.rt152.txt (930 entries)
rank=172/1536 dataset=stackoverflow_a2q_tw walkers=5208 (895776..900983) steps=30 mode=0 sched=single-bucket delta_t=0 policy=0
rank=172 loaded data/1536/stackoverflow_a2q_tw.sub172.txt (|V_local|=1630  t_range=[19977029,239698486])
rank=172 loaded routing data/1536/stackoverflow_a2q_tw.rt172.txt (871 entries)
rank=150/1536 dataset=stackoverflow_a2q_tw walkers=5208 (781200..786407) steps=30 mode=0 sched=single-bucket delta_t=0 policy=0
rank=150 loaded data/1536/stackoverflow_a2q_tw.sub150.txt (|V_local|=1592  t_range=[5431543,239578252])
rank=150 loaded routing data/1536/stackoverflow_a2q_tw.rt150.txt (1079 entries)
rank=150 added 1 boundary-only nodes from routing
rank=154/1536 dataset=stackoverflow_a2q_tw walkers=5208 (802032..807239) steps=30 mode=0 sched=single-bucket delta_t=0 policy=0
rank=154 loaded data/1536/stackoverflow_a2q_tw.sub154.txt (|V_local|=1585  t_range=[26411525,239656837])
rank=154 loaded routing data/1536/stackoverflow_a2q_tw.rt154.txt (1026 entries)
rank=158/1536 dataset=stackoverflow_a2q_tw walkers=5208 (822864..828071) steps=30 mode=0 sched=single-bucket delta_t=0 policy=0
rank=158 loaded data/1536/stackoverflow_a2q_tw.sub158.txt (|V_local|=1591  t_range=[6106009,239588361])
rank=158 loaded routing data/1536/stackoverflow_a2q_tw.rt158.txt (1030 entries)
rank=164/1536 dataset=stackoverflow_a2q_tw walkers=5208 (854112..859319) steps=30 mode=0 sched=single-bucket delta_t=0 policy=0
rank=164 loaded data/1536/stackoverflow_a2q_tw.sub164.txt (|V_local|=1590  t_range=[6451186,239659559])
rank=164 loaded routing data/1536/stackoverflow_a2q_tw.rt164.txt (1063 entries)
rank=164 added 4 boundary-only nodes from routing
rank=178/1536 dataset=stackoverflow_a2q_tw walkers=5208 (927024..932231) steps=30 mode=0 sched=single-bucket delta_t=0 policy=0
rank=178 loaded data/1536/stackoverflow_a2q_tw.sub178.txt (|V_local|=1584  t_range=[4560919,239645088])
rank=178 loaded routing data/1536/stackoverflow_a2q_tw.rt178.txt (1073 entries)
rank=178 added 1 boundary-only nodes from routing
rank=144/1536 dataset=stackoverflow_a2q_tw walkers=5208 (749952..755159) steps=30 mode=0 sched=single-bucket delta_t=0 policy=0
rank=144 loaded data/1536/stackoverflow_a2q_tw.sub144.txt (|V_local|=1586  t_range=[9583178,239566321])
rank=144 loaded routing data/1536/stackoverflow_a2q_tw.rt144.txt (1030 entries)
rank=146/1536 dataset=stackoverflow_a2q_tw walkers=5208 (760368..765575) steps=30 mode=0 sched=single-bucket delta_t=0 policy=0
rank=146 loaded data/1536/stackoverflow_a2q_tw.sub146.txt (|V_local|=1595  t_range=[4086286,239608731])
rank=146 loaded routing data/1536/stackoverflow_a2q_tw.rt146.txt (1013 entries)
rank=145/1536 dataset=stackoverflow_a2q_tw walkers=5208 (755160..760367) steps=30 mode=0 sched=single-bucket delta_t=0 policy=0
rank=145 loaded data/1536/stackoverflow_a2q_tw.sub145.txt (|V_local|=1590  t_range=[15905289,239647448])
rank=145 loaded routing data/1536/stackoverflow_a2q_tw.rt145.txt (1020 entries)
rank=145 added 1 boundary-only nodes from routing
rank=170/1536 dataset=stackoverflow_a2q_tw walkers=5208 (885360..890567) steps=30 mode=0 sched=single-bucket delta_t=0 policy=0
rank=170 loaded data/1536/stackoverflow_a2q_tw.sub170.txt (|V_local|=1589  t_range=[3139523,239643563])
rank=170 loaded routing data/1536/stackoverflow_a2q_tw.rt170.txt (1119 entries)
rank=166/1536 dataset=stackoverflow_a2q_tw walkers=5208 (864528..869735) steps=30 mode=0 sched=single-bucket delta_t=0 policy=0
rank=166 loaded data/1536/stackoverflow_a2q_tw.sub166.txt (|V_local|=1651  t_range=[10604788,239675892])
rank=166 loaded routing data/1536/stackoverflow_a2q_tw.rt166.txt (936 entries)
rank=166 added 1 boundary-only nodes from routing
rank=186/1536 dataset=stackoverflow_a2q_tw walkers=5208 (968688..973895) steps=30 mode=0 sched=single-bucket delta_t=0 policy=0
rank=186 loaded data/1536/stackoverflow_a2q_tw.sub186.txt (|V_local|=1590  t_range=[3964897,239658737])
rank=186 loaded routing data/1536/stackoverflow_a2q_tw.rt186.txt (1128 entries)
rank=186 added 1 boundary-only nodes from routing
rank=162/1536 dataset=stackoverflow_a2q_tw walkers=5208 (843696..848903) steps=30 mode=0 sched=single-bucket delta_t=0 policy=0
rank=162 loaded data/1536/stackoverflow_a2q_tw.sub162.txt (|V_local|=1587  t_range=[4204875,239667842])
rank=162 loaded routing data/1536/stackoverflow_a2q_tw.rt162.txt (1058 entries)
rank=162 added 1 boundary-only nodes from routing
rank=182/1536 dataset=stackoverflow_a2q_tw walkers=5208 (947856..953063) steps=30 mode=0 sched=single-bucket delta_t=0 policy=0
rank=182 loaded data/1536/stackoverflow_a2q_tw.sub182.txt (|V_local|=1651  t_range=[9594623,239329667])
rank=182 loaded routing data/1536/stackoverflow_a2q_tw.rt182.txt (1017 entries)
rank=190/1536 dataset=stackoverflow_a2q_tw walkers=5208 (989520..994727) steps=30 mode=0 sched=single-bucket delta_t=0 policy=0
rank=190 loaded data/1536/stackoverflow_a2q_tw.sub190.txt (|V_local|=1618  t_range=[27790361,239604829])
rank=190 loaded routing data/1536/stackoverflow_a2q_tw.rt190.txt (994 entries)
rank=190 added 1 boundary-only nodes from routing
rank=165/1536 dataset=stackoverflow_a2q_tw walkers=5208 (859320..864527) steps=30 mode=0 sched=single-bucket delta_t=0 policy=0
rank=165 loaded data/1536/stackoverflow_a2q_tw.sub165.txt (|V_local|=1588  t_range=[36264067,239635075])
rank=165 loaded routing data/1536/stackoverflow_a2q_tw.rt165.txt (1038 entries)
rank=165 added 1 boundary-only nodes from routing
rank=185/1536 dataset=stackoverflow_a2q_tw walkers=5208 (963480..968687) steps=30 mode=0 sched=single-bucket delta_t=0 policy=0
rank=185 loaded data/1536/stackoverflow_a2q_tw.sub185.txt (|V_local|=1588  t_range=[38081073,239561150])
rank=185 loaded routing data/1536/stackoverflow_a2q_tw.rt185.txt (1061 entries)
rank=147/1536 dataset=stackoverflow_a2q_tw walkers=5208 (765576..770783) steps=30 mode=0 sched=single-bucket delta_t=0 policy=0
rank=147 loaded data/1536/stackoverflow_a2q_tw.sub147.txt (|V_local|=1592  t_range=[27613239,239308607])
rank=147 loaded routing data/1536/stackoverflow_a2q_tw.rt147.txt (1088 entries)
rank=147 added 3 boundary-only nodes from routing
rank=191/1536 dataset=stackoverflow_a2q_tw walkers=5208 (994728..999935) steps=30 mode=0 sched=single-bucket delta_t=0 policy=0
rank=1251/1536 dataset=stackoverflow_a2q_tw walkers=5208 (6515208..6520415) steps=30 mode=0 sched=single-bucket delta_t=0 policy=0
rank=1251 loaded data/1536/stackoverflow_a2q_tw.sub1251.txt (|V_local|=1588  t_range=[27024059,239684544])
rank=1251 loaded routing data/1536/stackoverflow_a2q_tw.rt1251.txt (1049 entries)
rank=1271/1536 dataset=stackoverflow_a2q_tw walkers=5208 (6619368..6624575) steps=30 mode=0 sched=single-bucket delta_t=0 policy=0
rank=1271 loaded data/1536/stackoverflow_a2q_tw.sub1271.txt (|V_local|=1600  t_range=[19064120,239668420])
rank=1271 loaded routing data/1536/stackoverflow_a2q_tw.rt1271.txt (1051 entries)
rank=1253/1536 dataset=stackoverflow_a2q_tw walkers=5208 (6525624..6530831) steps=30 mode=0 sched=single-bucket delta_t=0 policy=0
rank=1253 loaded data/1536/stackoverflow_a2q_tw.sub1253.txt (|V_local|=1611  t_range=[42838636,239697292])
rank=1253 loaded routing data/1536/stackoverflow_a2q_tw.rt1253.txt (1057 entries)
rank=1261/1536 dataset=stackoverflow_a2q_tw walkers=5208 (6567288..6572495) steps=30 mode=0 sched=single-bucket delta_t=0 policy=0
rank=1261 loaded data/1536/stackoverflow_a2q_tw.sub1261.txt (|V_local|=1590  t_range=[9607102,239637477])
rank=1261 loaded routing data/1536/stackoverflow_a2q_tw.rt1261.txt (1034 entries)
rank=1261 added 1 boundary-only nodes from routing
rank=1252/1536 dataset=stackoverflow_a2q_tw walkers=5208 (6520416..6525623) steps=30 mode=0 sched=single-bucket delta_t=0 policy=0
rank=1252 loaded data/1536/stackoverflow_a2q_tw.sub1252.txt (|V_local|=1603  t_range=[27548153,239698131])
rank=1252 loaded routing data/1536/stackoverflow_a2q_tw.rt1252.txt (1073 entries)
rank=1252 added 1 boundary-only nodes from routing
rank=1250/1536 dataset=stackoverflow_a2q_tw walkers=5208 (6510000..6515207) steps=30 mode=0 sched=single-bucket delta_t=0 policy=0
rank=1250 loaded data/1536/stackoverflow_a2q_tw.sub1250.txt (|V_local|=1588  t_range=[3973512,239691596])
rank=1250 loaded routing data/1536/stackoverflow_a2q_tw.rt1250.txt (1083 entries)
rank=1250 added 1 boundary-only nodes from routing
rank=1282/1536 dataset=stackoverflow_a2q_tw walkers=5208 (6676656..6681863) steps=30 mode=0 sched=single-bucket delta_t=0 policy=0
rank=1282 loaded data/1536/stackoverflow_a2q_tw.sub1282.txt (|V_local|=1647  t_range=[1250799,239629874])
rank=1282 loaded routing data/1536/stackoverflow_a2q_tw.rt1282.txt (697 entries)
rank=1282 added 1 boundary-only nodes from routing
rank=1287/1536 dataset=stackoverflow_a2q_tw walkers=5208 (6702696..6707903) steps=30 mode=0 sched=single-bucket delta_t=0 policy=0
rank=1287 loaded data/1536/stackoverflow_a2q_tw.sub1287.txt (|V_local|=1589  t_range=[16388358,239541388])
rank=1287 loaded routing data/1536/stackoverflow_a2q_tw.rt1287.txt (1025 entries)
rank=1286/1536 dataset=stackoverflow_a2q_tw walkers=5208 (6697488..6702695) steps=30 mode=0 sched=single-bucket delta_t=0 policy=0
rank=1286 loaded data/1536/stackoverflow_a2q_tw.sub1286.txt (|V_local|=1581  t_range=[1625652,239667239])
rank=1286 loaded routing data/1536/stackoverflow_a2q_tw.rt1286.txt (1058 entries)
rank=1286 added 3 boundary-only nodes from routing
rank=1255/1536 dataset=stackoverflow_a2q_tw walkers=5208 (6536040..6541247) steps=30 mode=0 sched=single-bucket delta_t=0 policy=0
rank=1255 loaded data/1536/stackoverflow_a2q_tw.sub1255.txt (|V_local|=1589  t_range=[5965895,239678282])
rank=1255 loaded routing data/1536/stackoverflow_a2q_tw.rt1255.txt (1064 entries)
rank=1255 added 1 boundary-only nodes from routing
rank=1256/1536 dataset=stackoverflow_a2q_tw walkers=5208 (6541248..6546455) steps=30 mode=0 sched=single-bucket delta_t=0 policy=0
rank=1256 loaded data/1536/stackoverflow_a2q_tw.sub1256.txt (|V_local|=1650  t_range=[46895749,239687680])
rank=1256 loaded routing data/1536/stackoverflow_a2q_tw.rt1256.txt (771 entries)
rank=1256 added 2 boundary-only nodes from routing
rank=1288/1536 dataset=stackoverflow_a2q_tw walkers=5208 (6707904..6713111) steps=30 mode=0 sched=single-bucket delta_t=0 policy=0
rank=1288 loaded data/1536/stackoverflow_a2q_tw.sub1288.txt (|V_local|=1647  t_range=[36027345,239670502])
rank=1288 loaded routing data/1536/stackoverflow_a2q_tw.rt1288.txt (954 entries)
rank=1288 added 2 boundary-only nodes from routing
rank=1249/1536 dataset=stackoverflow_a2q_tw walkers=5208 (6504792..6509999) steps=30 mode=0 sched=single-bucket delta_t=0 policy=0
rank=1249 loaded data/1536/stackoverflow_a2q_tw.sub1249.txt (|V_local|=1596  t_range=[26149485,239676725])
rank=1249 loaded routing data/1536/stackoverflow_a2q_tw.rt1249.txt (1064 entries)
rank=1248/1536 dataset=stackoverflow_a2q_tw walkers=5208 (6499584..6504791) steps=30 mode=0 sched=single-bucket delta_t=0 policy=0
rank=1248 loaded data/1536/stackoverflow_a2q_tw.sub1248.txt (|V_local|=1588  t_range=[6508709,239693013])
rank=1248 loaded routing data/1536/stackoverflow_a2q_tw.rt1248.txt (1098 entries)
rank=1248 added 2 boundary-only nodes from routing
rank=1264/1536 dataset=stackoverflow_a2q_tw walkers=5208 (6582912..6588119) steps=30 mode=0 sched=single-bucket delta_t=0 policy=0
rank=1264 loaded data/1536/stackoverflow_a2q_tw.sub1264.txt (|V_local|=1588  t_range=[50077302,239680610])
rank=1264 loaded routing data/1536/stackoverflow_a2q_tw.rt1264.txt (1119 entries)
rank=1254/1536 dataset=stackoverflow_a2q_tw walkers=5208 (6530832..6536039) steps=30 mode=0 sched=single-bucket delta_t=0 policy=0
rank=1254 loaded data/1536/stackoverflow_a2q_tw.sub1254.txt (|V_local|=1591  t_range=[20341534,239670916])
rank=1254 loaded routing data/1536/stackoverflow_a2q_tw.rt1254.txt (1039 entries)
rank=1257/1536 dataset=stackoverflow_a2q_tw walkers=5208 (6546456..6551663) steps=30 mode=0 sched=single-bucket delta_t=0 policy=0
rank=1257 loaded data/1536/stackoverflow_a2q_tw.sub1257.txt (|V_local|=1586  t_range=[2805394,239683969])
rank=1257 loaded routing data/1536/stackoverflow_a2q_tw.rt1257.txt (1088 entries)
rank=1274/1536 dataset=stackoverflow_a2q_tw walkers=5208 (6634992..6640199) steps=30 mode=0 sched=single-bucket delta_t=0 policy=0
rank=1274 loaded data/1536/stackoverflow_a2q_tw.sub1274.txt (|V_local|=1590  t_range=[19667949,239664323])
rank=1274 loaded routing data/1536/stackoverflow_a2q_tw.rt1274.txt (995 entries)
rank=1265/1536 dataset=stackoverflow_a2q_tw walkers=5208 (6588120..6593327) steps=30 mode=0 sched=single-bucket delta_t=0 policy=0
rank=1265 loaded data/1536/stackoverflow_a2q_tw.sub1265.txt (|V_local|=1588  t_range=[2492916,239691458])
rank=1265 loaded routing data/1536/stackoverflow_a2q_tw.rt1265.txt (1039 entries)
rank=1267/1536 dataset=stackoverflow_a2q_tw walkers=5208 (6598536..6603743) steps=30 mode=0 sched=single-bucket delta_t=0 policy=0
rank=1267 loaded data/1536/stackoverflow_a2q_tw.sub1267.txt (|V_local|=1595  t_range=[35566102,239647783])
rank=1267 loaded routing data/1536/stackoverflow_a2q_tw.rt1267.txt (944 entries)
rank=1262/1536 dataset=stackoverflow_a2q_tw walkers=5208 (6572496..6577703) steps=30 mode=0 sched=single-bucket delta_t=0 policy=0
rank=1262 loaded data/1536/stackoverflow_a2q_tw.sub1262.txt (|V_local|=1594  t_range=[21808691,239652837])
rank=1262 loaded routing data/1536/stackoverflow_a2q_tw.rt1262.txt (884 entries)
rank=1258/1536 dataset=stackoverflow_a2q_tw walkers=5208 (6551664..6556871) steps=30 mode=0 sched=single-bucket delta_t=0 policy=0
rank=1258 loaded data/1536/stackoverflow_a2q_tw.sub1258.txt (|V_local|=1590  t_range=[7680804,239689050])
rank=1258 loaded routing data/1536/stackoverflow_a2q_tw.rt1258.txt (1090 entries)
rank=1275/1536 dataset=stackoverflow_a2q_tw walkers=5208 (6640200..6645407) steps=30 mode=0 sched=single-bucket delta_t=0 policy=0
rank=1275 loaded data/1536/stackoverflow_a2q_tw.sub1275.txt (|V_local|=1595  t_range=[39244420,239660648])
rank=1275 loaded routing data/1536/stackoverflow_a2q_tw.rt1275.txt (847 entries)
rank=1259/1536 dataset=stackoverflow_a2q_tw walkers=5208 (6556872..6562079) steps=30 mode=0 sched=single-bucket delta_t=0 policy=0
rank=1259 loaded data/1536/stackoverflow_a2q_tw.sub1259.txt (|V_local|=1594  t_range=[31242089,239673170])
rank=1259 loaded routing data/1536/stackoverflow_a2q_tw.rt1259.txt (1114 entries)
rank=629/1536 dataset=stackoverflow_a2q_tw walkers=5208 (3275832..3281039) steps=30 mode=0 sched=single-bucket delta_t=0 policy=0
rank=629 loaded data/1536/stackoverflow_a2q_tw.sub629.txt (|V_local|=1591  t_range=[36130075,239655032])
rank=629 loaded routing data/1536/stackoverflow_a2q_tw.rt629.txt (969 entries)
rank=629 added 3 boundary-only nodes from routing
rank=669/1536 dataset=stackoverflow_a2q_tw walkers=5208 (3484152..3489359) steps=30 mode=0 sched=single-bucket delta_t=0 policy=0
rank=669 loaded data/1536/stackoverflow_a2q_tw.sub669.txt (|V_local|=1593  t_range=[4302103,239638403])
rank=669 loaded routing data/1536/stackoverflow_a2q_tw.rt669.txt (1061 entries)
rank=669 added 1 boundary-only nodes from routing
rank=633/1536 dataset=stackoverflow_a2q_tw walkers=5208 (3296664..3301871) steps=30 mode=0 sched=single-bucket delta_t=0 policy=0
rank=633 loaded data/1536/stackoverflow_a2q_tw.sub633.txt (|V_local|=1590  t_range=[7844394,239687336])
rank=633 loaded routing data/1536/stackoverflow_a2q_tw.rt633.txt (1019 entries)
rank=633 added 2 boundary-only nodes from routing
rank=631/1536 dataset=stackoverflow_a2q_tw walkers=5208 (3286248..3291455) steps=30 mode=0 sched=single-bucket delta_t=0 policy=0
rank=631 loaded data/1536/stackoverflow_a2q_tw.sub631.txt (|V_local|=1616  t_range=[4992699,239685758])
rank=631 loaded routing data/1536/stackoverflow_a2q_tw.rt631.txt (900 entries)
rank=627/1536 dataset=stackoverflow_a2q_tw walkers=5208 (3265416..3270623) steps=30 mode=0 sched=single-bucket delta_t=0 policy=0
rank=627 loaded data/1536/stackoverflow_a2q_tw.sub627.txt (|V_local|=1588  t_range=[12652827,239633945])
rank=627 loaded routing data/1536/stackoverflow_a2q_tw.rt627.txt (1068 entries)
rank=627 added 1 boundary-only nodes from routing
rank=628/1536 dataset=stackoverflow_a2q_tw walkers=5208 (3270624..3275831) steps=30 mode=0 sched=single-bucket delta_t=0 policy=0
rank=628 loaded data/1536/stackoverflow_a2q_tw.sub628.txt (|V_local|=1588  t_range=[13898717,239613270])
rank=628 loaded routing data/1536/stackoverflow_a2q_tw.rt628.txt (1055 entries)
rank=628 added 2 boundary-only nodes from routing
rank=653/1536 dataset=stackoverflow_a2q_tw walkers=5208 (3400824..3406031) steps=30 mode=0 sched=single-bucket delta_t=0 policy=0
rank=653 loaded data/1536/stackoverflow_a2q_tw.sub653.txt (|V_local|=1591  t_range=[5416641,239556675])
rank=653 loaded routing data/1536/stackoverflow_a2q_tw.rt653.txt (1027 entries)
rank=648/1536 dataset=stackoverflow_a2q_tw walkers=5208 (3374784..3379991) steps=30 mode=0 sched=single-bucket delta_t=0 policy=0
rank=648 loaded data/1536/stackoverflow_a2q_tw.sub648.txt (|V_local|=1586  t_range=[10831715,239418029])
rank=648 loaded routing data/1536/stackoverflow_a2q_tw.rt648.txt (1067 entries)
rank=648 added 3 boundary-only nodes from routing
rank=632/1536 dataset=stackoverflow_a2q_tw walkers=5208 (3291456..3296663) steps=30 mode=0 sched=single-bucket delta_t=0 policy=0
rank=632 loaded data/1536/stackoverflow_a2q_tw.sub632.txt (|V_local|=1594  t_range=[16844494,239650840])
rank=632 loaded routing data/1536/stackoverflow_a2q_tw.rt632.txt (1009 entries)
rank=632 added 1 boundary-only nodes from routing
rank=644/1536 dataset=stackoverflow_a2q_tw walkers=5208 (3353952..3359159) steps=30 mode=0 sched=single-bucket delta_t=0 policy=0
rank=644 loaded data/1536/stackoverflow_a2q_tw.sub644.txt (|V_local|=1584  t_range=[7596147,239654363])
rank=644 loaded routing data/1536/stackoverflow_a2q_tw.rt644.txt (1006 entries)
rank=644 added 6 boundary-only nodes from routing
rank=625/1536 dataset=stackoverflow_a2q_tw walkers=5208 (3255000..3260207) steps=30 mode=0 sched=single-bucket delta_t=0 policy=0
rank=625 loaded data/1536/stackoverflow_a2q_tw.sub625.txt (|V_local|=1595  t_range=[21131741,239665276])
rank=625 loaded routing data/1536/stackoverflow_a2q_tw.rt625.txt (1053 entries)
rank=634/1536 dataset=stackoverflow_a2q_tw walkers=5208 (3301872..3307079) steps=30 mode=0 sched=single-bucket delta_t=0 policy=0
rank=634 loaded data/1536/stackoverflow_a2q_tw.sub634.txt (|V_local|=1591  t_range=[4014742,239671781])
rank=634 loaded routing data/1536/stackoverflow_a2q_tw.rt634.txt (949 entries)
rank=650/1536 dataset=stackoverflow_a2q_tw walkers=5208 (3385200..3390407) steps=30 mode=0 sched=single-bucket delta_t=0 policy=0
rank=650 loaded data/1536/stackoverflow_a2q_tw.sub650.txt (|V_local|=1646  t_range=[7838662,239371646])
rank=650 loaded routing data/1536/stackoverflow_a2q_tw.rt650.txt (959 entries)
rank=630/1536 dataset=stackoverflow_a2q_tw walkers=5208 (3281040..3286247) steps=30 mode=0 sched=single-bucket delta_t=0 policy=0
rank=630 loaded data/1536/stackoverflow_a2q_tw.sub630.txt (|V_local|=1589  t_range=[7713550,239564969])
rank=630 loaded routing data/1536/stackoverflow_a2q_tw.rt630.txt (1041 entries)
rank=630 added 1 boundary-only nodes from routing
rank=642/1536 dataset=stackoverflow_a2q_tw walkers=5208 (3343536..3348743) steps=30 mode=0 sched=single-bucket delta_t=0 policy=0
rank=642 loaded data/1536/stackoverflow_a2q_tw.sub642.txt (|V_local|=1590  t_range=[3986906,239665704])
rank=642 loaded routing data/1536/stackoverflow_a2q_tw.rt642.txt (1034 entries)
rank=642 added 2 boundary-only nodes from routing
rank=654/1536 dataset=stackoverflow_a2q_tw walkers=5208 (3406032..3411239) steps=30 mode=0 sched=single-bucket delta_t=0 policy=0
rank=654 loaded data/1536/stackoverflow_a2q_tw.sub654.txt (|V_local|=1591  t_range=[1187939,239562064])
rank=654 loaded routing data/1536/stackoverflow_a2q_tw.rt654.txt (1006 entries)
rank=626/1536 dataset=stackoverflow_a2q_tw walkers=5208 (3260208..3265415) steps=30 mode=0 sched=single-bucket delta_t=0 policy=0
rank=626 loaded data/1536/stackoverflow_a2q_tw.sub626.txt (|V_local|=1598  t_range=[13034818,239696278])
rank=626 loaded routing data/1536/stackoverflow_a2q_tw.rt626.txt (989 entries)
rank=658/1536 dataset=stackoverflow_a2q_tw walkers=5208 (3426864..3432071) steps=30 mode=0 sched=single-bucket delta_t=0 policy=0
rank=658 loaded data/1536/stackoverflow_a2q_tw.sub658.txt (|V_local|=1590  t_range=[4150423,239663246])
rank=658 loaded routing data/1536/stackoverflow_a2q_tw.rt658.txt (1035 entries)
rank=658 added 1 boundary-only nodes from routing
rank=649/1536 dataset=stackoverflow_a2q_tw walkers=5208 (3379992..3385199) steps=30 mode=0 sched=single-bucket delta_t=0 policy=0
rank=649 loaded data/1536/stackoverflow_a2q_tw.sub649.txt (|V_local|=1642  t_range=[5184122,239629896])
rank=649 loaded routing data/1536/stackoverflow_a2q_tw.rt649.txt (1034 entries)
rank=666/1536 dataset=stackoverflow_a2q_tw walkers=5208 (3468528..3473735) steps=30 mode=0 sched=single-bucket delta_t=0 policy=0
rank=666 loaded data/1536/stackoverflow_a2q_tw.sub666.txt (|V_local|=1584  t_range=[14072572,239571293])
rank=666 loaded routing data/1536/stackoverflow_a2q_tw.rt666.txt (1100 entries)
rank=646/1536 dataset=stackoverflow_a2q_tw walkers=5208 (3364368..3369575) steps=30 mode=0 sched=single-bucket delta_t=0 policy=0
rank=646 loaded data/1536/stackoverflow_a2q_tw.sub646.txt (|V_local|=1587  t_range=[6449114,239648296])
rank=646 loaded routing data/1536/stackoverflow_a2q_tw.rt646.txt (999 entries)
rank=638/1536 dataset=stackoverflow_a2q_tw walkers=5208 (3322704..3327911) steps=30 mode=0 sched=single-bucket delta_t=0 policy=0
rank=638 loaded data/1536/stackoverflow_a2q_tw.sub638.txt (|V_local|=1589  t_range=[2921838,239657032])
rank=638 loaded routing data/1536/stackoverflow_a2q_tw.rt638.txt (1076 entries)
rank=638 added 5 boundary-only nodes from routing
rank=652/1536 dataset=stackoverflow_a2q_tw walkers=5208 (3395616..3400823) steps=30 mode=0 sched=single-bucket delta_t=0 policy=0
rank=652 loaded data/1536/stackoverflow_a2q_tw.sub652.txt (|V_local|=1589  t_range=[4144354,239660075])
rank=652 loaded routing data/1536/stackoverflow_a2q_tw.rt652.txt (982 entries)
rank=652 added 1 boundary-only nodes from routing
rank=635/1536 dataset=stackoverflow_a2q_tw walkers=5208 (3307080..3312287) steps=30 mode=0 sched=single-bucket delta_t=0 policy=0
rank=635 loaded data/1536/stackoverflow_a2q_tw.sub635.txt (|V_local|=1590  t_range=[24695389,239670862])
rank=635 loaded routing data/1536/stackoverflow_a2q_tw.rt635.txt (1072 entries)
rank=1448/1536 dataset=stackoverflow_a2q_tw walkers=5208 (7541184..7546391) steps=30 mode=0 sched=single-bucket delta_t=0 policy=0
rank=1448 loaded data/1536/stackoverflow_a2q_tw.sub1448.txt (|V_local|=1594  t_range=[4166439,239655887])
rank=1448 loaded routing data/1536/stackoverflow_a2q_tw.rt1448.txt (1098 entries)
rank=1441/1536 dataset=stackoverflow_a2q_tw walkers=5208 (7504728..7509935) steps=30 mode=0 sched=single-bucket delta_t=0 policy=0
rank=1441 loaded data/1536/stackoverflow_a2q_tw.sub1441.txt (|V_local|=1590  t_range=[2915182,239634540])
rank=1441 loaded routing data/1536/stackoverflow_a2q_tw.rt1441.txt (1010 entries)
rank=1447/1536 dataset=stackoverflow_a2q_tw walkers=5208 (7535976..7541183) steps=30 mode=0 sched=single-bucket delta_t=0 policy=0
rank=1447 loaded data/1536/stackoverflow_a2q_tw.sub1447.txt (|V_local|=1593  t_range=[9154752,239627398])
rank=1447 loaded routing data/1536/stackoverflow_a2q_tw.rt1447.txt (929 entries)
rank=1447 added 1 boundary-only nodes from routing
rank=1446/1536 dataset=stackoverflow_a2q_tw walkers=5208 (7530768..7535975) steps=30 mode=0 sched=single-bucket delta_t=0 policy=0
rank=1446 loaded data/1536/stackoverflow_a2q_tw.sub1446.txt (|V_local|=1586  t_range=[21983025,239665571])
rank=1446 loaded routing data/1536/stackoverflow_a2q_tw.rt1446.txt (1093 entries)
rank=1446 added 4 boundary-only nodes from routing
rank=1472/1536 dataset=stackoverflow_a2q_tw walkers=5208 (7666176..7671383) steps=30 mode=0 sched=single-bucket delta_t=0 policy=0
rank=1472 loaded data/1536/stackoverflow_a2q_tw.sub1472.txt (|V_local|=1590  t_range=[930417,239692556])
rank=1472 loaded routing data/1536/stackoverflow_a2q_tw.rt1472.txt (1060 entries)
rank=1472 added 1 boundary-only nodes from routing
rank=1445/1536 dataset=stackoverflow_a2q_tw walkers=5208 (7525560..7530767) steps=30 mode=0 sched=single-bucket delta_t=0 policy=0
rank=1445 loaded data/1536/stackoverflow_a2q_tw.sub1445.txt (|V_local|=1591  t_range=[4242609,239635129])
rank=1445 loaded routing data/1536/stackoverflow_a2q_tw.rt1445.txt (1011 entries)
rank=1451/1536 dataset=stackoverflow_a2q_tw walkers=5208 (7556808..7562015) steps=30 mode=0 sched=single-bucket delta_t=0 policy=0
rank=1451 loaded data/1536/stackoverflow_a2q_tw.sub1451.txt (|V_local|=1589  t_range=[16923811,239660129])
rank=1451 loaded routing data/1536/stackoverflow_a2q_tw.rt1451.txt (1021 entries)
rank=1451 added 2 boundary-only nodes from routing
rank=1454/1536 dataset=stackoverflow_a2q_tw walkers=5208 (7572432..7577639) steps=30 mode=0 sched=single-bucket delta_t=0 policy=0
rank=1454 loaded data/1536/stackoverflow_a2q_tw.sub1454.txt (|V_local|=1590  t_range=[15288301,239637100])
rank=1454 loaded routing data/1536/stackoverflow_a2q_tw.rt1454.txt (1002 entries)
rank=1454 added 1 boundary-only nodes from routing
rank=1449/1536 dataset=stackoverflow_a2q_tw walkers=5208 (7546392..7551599) steps=30 mode=0 sched=single-bucket delta_t=0 policy=0
rank=1449 loaded data/1536/stackoverflow_a2q_tw.sub1449.txt (|V_local|=1584  t_range=[1730925,239428194])
rank=1449 loaded routing data/1536/stackoverflow_a2q_tw.rt1449.txt (1068 entries)
rank=1449 added 2 boundary-only nodes from routing
rank=1473/1536 dataset=stackoverflow_a2q_tw walkers=5208 (7671384..7676591) steps=30 mode=0 sched=single-bucket delta_t=0 policy=0
rank=1473 loaded data/1536/stackoverflow_a2q_tw.sub1473.txt (|V_local|=1586  t_range=[32570420,239664582])
rank=1473 loaded routing data/1536/stackoverflow_a2q_tw.rt1473.txt (1065 entries)
rank=1473 added 1 boundary-only nodes from routing
rank=1469/1536 dataset=stackoverflow_a2q_tw walkers=5208 (7650552..7655759) steps=30 mode=0 sched=single-bucket delta_t=0 policy=0
rank=1469 loaded data/1536/stackoverflow_a2q_tw.sub1469.txt (|V_local|=1591  t_range=[10774603,239695352])
rank=1469 loaded routing data/1536/stackoverflow_a2q_tw.rt1469.txt (1020 entries)
rank=1469 added 1 boundary-only nodes from routing
rank=1455/1536 dataset=stackoverflow_a2q_tw walkers=5208 (7577640..7582847) steps=30 mode=0 sched=single-bucket delta_t=0 policy=0
rank=1455 loaded data/1536/stackoverflow_a2q_tw.sub1455.txt (|V_local|=1589  t_range=[18740181,239642368])
rank=1455 loaded routing data/1536/stackoverflow_a2q_tw.rt1455.txt (1038 entries)
rank=1455 added 2 boundary-only nodes from routing
rank=1442/1536 dataset=stackoverflow_a2q_tw walkers=5208 (7509936..7515143) steps=30 mode=0 sched=single-bucket delta_t=0 policy=0
rank=1442 loaded data/1536/stackoverflow_a2q_tw.sub1442.txt (|V_local|=1587  t_range=[14263842,239578591])
rank=1442 loaded routing data/1536/stackoverflow_a2q_tw.rt1442.txt (1048 entries)
rank=1442 added 5 boundary-only nodes from routing
rank=1485/1536 dataset=stackoverflow_a2q_tw walkers=5208 (7733880..7739087) steps=30 mode=0 sched=single-bucket delta_t=0 policy=0
rank=1485 loaded data/1536/stackoverflow_a2q_tw.sub1485.txt (|V_local|=1589  t_range=[15280513,239684060])
rank=1485 loaded routing data/1536/stackoverflow_a2q_tw.rt1485.txt (1064 entries)
rank=1485 added 3 boundary-only nodes from routing
rank=1457/1536 dataset=stackoverflow_a2q_tw walkers=5208 (7588056..7593263) steps=30 mode=0 sched=single-bucket delta_t=0 policy=0
rank=1457 loaded data/1536/stackoverflow_a2q_tw.sub1457.txt (|V_local|=1593  t_range=[3560461,239589142])
rank=1457 loaded routing data/1536/stackoverflow_a2q_tw.rt1457.txt (1076 entries)
rank=1457 added 1 boundary-only nodes from routing
rank=1444/1536 dataset=stackoverflow_a2q_tw walkers=5208 (7520352..7525559) steps=30 mode=0 sched=single-bucket delta_t=0 policy=0
rank=1444 loaded data/1536/stackoverflow_a2q_tw.sub1444.txt (|V_local|=1652  t_range=[19575876,239594837])
rank=1444 loaded routing data/1536/stackoverflow_a2q_tw.rt1444.txt (735 entries)
rank=1471/1536 dataset=stackoverflow_a2q_tw walkers=5208 (7660968..7666175) steps=30 mode=0 sched=single-bucket delta_t=0 policy=0
rank=1471 loaded data/1536/stackoverflow_a2q_tw.sub1471.txt (|V_local|=1588  t_range=[10324542,239578275])
rank=1471 loaded routing data/1536/stackoverflow_a2q_tw.rt1471.txt (1083 entries)
rank=1471 added 2 boundary-only nodes from routing
rank=1453/1536 dataset=stackoverflow_a2q_tw walkers=5208 (7567224..7572431) steps=30 mode=0 sched=single-bucket delta_t=0 policy=0
rank=1453 loaded data/1536/stackoverflow_a2q_tw.sub1453.txt (|V_local|=1584  t_range=[1518802,239628150])
rank=1453 loaded routing data/1536/stackoverflow_a2q_tw.rt1453.txt (1093 entries)
rank=1453 added 5 boundary-only nodes from routing
rank=1461/1536 dataset=stackoverflow_a2q_tw walkers=5208 (7608888..7614095) steps=30 mode=0 sched=single-bucket delta_t=0 policy=0
rank=1461 loaded data/1536/stackoverflow_a2q_tw.sub1461.txt (|V_local|=1592  t_range=[9318146,239682381])
rank=1461 loaded routing data/1536/stackoverflow_a2q_tw.rt1461.txt (1080 entries)
rank=1461 added 1 boundary-only nodes from routing
rank=1481/1536 dataset=stackoverflow_a2q_tw walkers=5208 (7713048..7718255) steps=30 mode=0 sched=single-bucket delta_t=0 policy=0
rank=1481 loaded data/1536/stackoverflow_a2q_tw.sub1481.txt (|V_local|=1590  t_range=[3942362,239629012])
rank=1481 loaded routing data/1536/stackoverflow_a2q_tw.rt1481.txt (993 entries)
rank=1463/1536 dataset=stackoverflow_a2q_tw walkers=5208 (7619304..7624511) steps=30 mode=0 sched=single-bucket delta_t=0 policy=0
rank=1463 loaded data/1536/stackoverflow_a2q_tw.sub1463.txt (|V_local|=1575  t_range=[1357582,239664414])
rank=1463 loaded routing data/1536/stackoverflow_a2q_tw.rt1463.txt (1067 entries)
rank=1463 added 1 boundary-only nodes from routing
rank=1456/1536 dataset=stackoverflow_a2q_tw walkers=5208 (7582848..7588055) steps=30 mode=0 sched=single-bucket delta_t=0 policy=0
rank=1456 loaded data/1536/stackoverflow_a2q_tw.sub1456.txt (|V_local|=1589  t_range=[5939171,239609003])
rank=1456 loaded routing data/1536/stackoverflow_a2q_tw.rt1456.txt (1039 entries)
rank=1456 added 1 boundary-only nodes from routing
rank=1486/1536 dataset=stackoverflow_a2q_tw walkers=5208 (7739088..7744295) steps=30 mode=0 sched=single-bucket delta_t=0 policy=0
rank=1486 loaded data/1536/stackoverflow_a2q_tw.sub1486.txt (|V_local|=1584  t_range=[5181946,239583327])
rank=820/1536 dataset=stackoverflow_a2q_tw walkers=5208 (4270560..4275767) steps=30 mode=0 sched=single-bucket delta_t=0 policy=0
rank=820 loaded data/1536/stackoverflow_a2q_tw.sub820.txt (|V_local|=1652  t_range=[4303322,239669440])
rank=820 loaded routing data/1536/stackoverflow_a2q_tw.rt820.txt (742 entries)
rank=822/1536 dataset=stackoverflow_a2q_tw walkers=5208 (4280976..4286183) steps=30 mode=0 sched=single-bucket delta_t=0 policy=0
rank=822 loaded data/1536/stackoverflow_a2q_tw.sub822.txt (|V_local|=1594  t_range=[11347021,239655646])
rank=822 loaded routing data/1536/stackoverflow_a2q_tw.rt822.txt (966 entries)
rank=822 added 1 boundary-only nodes from routing
rank=863/1536 dataset=stackoverflow_a2q_tw walkers=5208 (4494504..4499711) steps=30 mode=0 sched=single-bucket delta_t=0 policy=0
rank=863 loaded data/1536/stackoverflow_a2q_tw.sub863.txt (|V_local|=1651  t_range=[5604719,239657183])
rank=863 loaded routing data/1536/stackoverflow_a2q_tw.rt863.txt (774 entries)
rank=863 added 1 boundary-only nodes from routing
rank=819/1536 dataset=stackoverflow_a2q_tw walkers=5208 (4265352..4270559) steps=30 mode=0 sched=single-bucket delta_t=0 policy=0
rank=819 loaded data/1536/stackoverflow_a2q_tw.sub819.txt (|V_local|=1588  t_range=[6623671,239660773])
rank=819 loaded routing data/1536/stackoverflow_a2q_tw.rt819.txt (1010 entries)
rank=819 added 1 boundary-only nodes from routing
rank=818/1536 dataset=stackoverflow_a2q_tw walkers=5208 (4260144..4265351) steps=30 mode=0 sched=single-bucket delta_t=0 policy=0
rank=818 loaded data/1536/stackoverflow_a2q_tw.sub818.txt (|V_local|=1591  t_range=[1627707,239621681])
rank=818 loaded routing data/1536/stackoverflow_a2q_tw.rt818.txt (1020 entries)
rank=821/1536 dataset=stackoverflow_a2q_tw walkers=5208 (4275768..4280975) steps=30 mode=0 sched=single-bucket delta_t=0 policy=0
rank=821 loaded data/1536/stackoverflow_a2q_tw.sub821.txt (|V_local|=1650  t_range=[12973864,239629021])
rank=821 loaded routing data/1536/stackoverflow_a2q_tw.rt821.txt (908 entries)
rank=821 added 1 boundary-only nodes from routing
rank=857/1536 dataset=stackoverflow_a2q_tw walkers=5208 (4463256..4468463) steps=30 mode=0 sched=single-bucket delta_t=0 policy=0
rank=857 loaded data/1536/stackoverflow_a2q_tw.sub857.txt (|V_local|=1652  t_range=[6436074,239643173])
rank=857 loaded routing data/1536/stackoverflow_a2q_tw.rt857.txt (649 entries)
rank=823/1536 dataset=stackoverflow_a2q_tw walkers=5208 (4286184..4291391) steps=30 mode=0 sched=single-bucket delta_t=0 policy=0
rank=823 loaded data/1536/stackoverflow_a2q_tw.sub823.txt (|V_local|=1647  t_range=[16377090,239625814])
rank=823 loaded routing data/1536/stackoverflow_a2q_tw.rt823.txt (851 entries)
rank=837/1536 dataset=stackoverflow_a2q_tw walkers=5208 (4359096..4364303) steps=30 mode=0 sched=single-bucket delta_t=0 policy=0
rank=837 loaded data/1536/stackoverflow_a2q_tw.sub837.txt (|V_local|=1582  t_range=[4214979,239647203])
rank=837 loaded routing data/1536/stackoverflow_a2q_tw.rt837.txt (1095 entries)
rank=837 added 5 boundary-only nodes from routing
rank=836/1536 dataset=stackoverflow_a2q_tw walkers=5208 (4353888..4359095) steps=30 mode=0 sched=single-bucket delta_t=0 policy=0
rank=836 loaded data/1536/stackoverflow_a2q_tw.sub836.txt (|V_local|=1652  t_range=[16119014,239644420])
rank=836 loaded routing data/1536/stackoverflow_a2q_tw.rt836.txt (776 entries)
rank=825/1536 dataset=stackoverflow_a2q_tw walkers=5208 (4296600..4301807) steps=30 mode=0 sched=single-bucket delta_t=0 policy=0
rank=825 loaded data/1536/stackoverflow_a2q_tw.sub825.txt (|V_local|=1611  t_range=[9927162,239678502])
rank=825 loaded routing data/1536/stackoverflow_a2q_tw.rt825.txt (927 entries)
rank=861/1536 dataset=stackoverflow_a2q_tw walkers=5208 (4484088..4489295) steps=30 mode=0 sched=single-bucket delta_t=0 policy=0
rank=861 loaded data/1536/stackoverflow_a2q_tw.sub861.txt (|V_local|=1594  t_range=[3454249,239544938])
rank=861 loaded routing data/1536/stackoverflow_a2q_tw.rt861.txt (973 entries)
rank=861 added 1 boundary-only nodes from routing
rank=846/1536 dataset=stackoverflow_a2q_tw walkers=5208 (4405968..4411175) steps=30 mode=0 sched=single-bucket delta_t=0 policy=0
rank=846 loaded data/1536/stackoverflow_a2q_tw.sub846.txt (|V_local|=1585  t_range=[4658183,239627456])
rank=846 loaded routing data/1536/stackoverflow_a2q_tw.rt846.txt (986 entries)
rank=840/1536 dataset=stackoverflow_a2q_tw walkers=5208 (4374720..4379927) steps=30 mode=0 sched=single-bucket delta_t=0 policy=0
rank=840 loaded data/1536/stackoverflow_a2q_tw.sub840.txt (|V_local|=1590  t_range=[4015648,239674303])
rank=840 loaded routing data/1536/stackoverflow_a2q_tw.rt840.txt (1017 entries)
rank=840 added 1 boundary-only nodes from routing
rank=826/1536 dataset=stackoverflow_a2q_tw walkers=5208 (4301808..4307015) steps=30 mode=0 sched=single-bucket delta_t=0 policy=0
rank=826 loaded data/1536/stackoverflow_a2q_tw.sub826.txt (|V_local|=1609  t_range=[7132757,239503982])
rank=826 loaded routing data/1536/stackoverflow_a2q_tw.rt826.txt (866 entries)
rank=858/1536 dataset=stackoverflow_a2q_tw walkers=5208 (4468464..4473671) steps=30 mode=0 sched=single-bucket delta_t=0 policy=0
rank=858 loaded data/1536/stackoverflow_a2q_tw.sub858.txt (|V_local|=1581  t_range=[1883547,239671251])
rank=858 loaded routing data/1536/stackoverflow_a2q_tw.rt858.txt (976 entries)
rank=817/1536 dataset=stackoverflow_a2q_tw walkers=5208 (4254936..4260143) steps=30 mode=0 sched=single-bucket delta_t=0 policy=0
rank=817 loaded data/1536/stackoverflow_a2q_tw.sub817.txt (|V_local|=1587  t_range=[4328532,239686938])
rank=817 loaded routing data/1536/stackoverflow_a2q_tw.rt817.txt (998 entries)
rank=817 added 1 boundary-only nodes from routing
rank=853/1536 dataset=stackoverflow_a2q_tw walkers=5208 (4442424..4447631) steps=30 mode=0 sched=single-bucket delta_t=0 policy=0
rank=853 loaded data/1536/stackoverflow_a2q_tw.sub853.txt (|V_local|=1652  t_range=[18539192,239667404])
rank=853 loaded routing data/1536/stackoverflow_a2q_tw.rt853.txt (293 entries)
rank=829/1536 dataset=stackoverflow_a2q_tw walkers=5208 (4317432..4322639) steps=30 mode=0 sched=single-bucket delta_t=0 policy=0
rank=829 loaded data/1536/stackoverflow_a2q_tw.sub829.txt (|V_local|=1652  t_range=[9650839,239663815])
rank=829 loaded routing data/1536/stackoverflow_a2q_tw.rt829.txt (794 entries)
rank=827/1536 dataset=stackoverflow_a2q_tw walkers=5208 (4307016..4312223) steps=30 mode=0 sched=single-bucket delta_t=0 policy=0
rank=827 loaded data/1536/stackoverflow_a2q_tw.sub827.txt (|V_local|=1649  t_range=[21161882,239558285])
rank=827 loaded routing data/1536/stackoverflow_a2q_tw.rt827.txt (831 entries)
rank=827 added 1 boundary-only nodes from routing
rank=860/1536 dataset=stackoverflow_a2q_tw walkers=5208 (4478880..4484087) steps=30 mode=0 sched=single-bucket delta_t=0 policy=0
rank=860 loaded data/1536/stackoverflow_a2q_tw.sub860.txt (|V_local|=1596  t_range=[10085247,239558609])
rank=860 loaded routing data/1536/stackoverflow_a2q_tw.rt860.txt (1010 entries)
rank=860 added 1 boundary-only nodes from routing
rank=824/1536 dataset=stackoverflow_a2q_tw walkers=5208 (4291392..4296599) steps=30 mode=0 sched=single-bucket delta_t=0 policy=0
rank=824 loaded data/1536/stackoverflow_a2q_tw.sub824.txt (|V_local|=1585  t_range=[18755113,239631683])
rank=824 loaded routing data/1536/stackoverflow_a2q_tw.rt824.txt (1015 entries)
rank=824 added 1 boundary-only nodes from routing
rank=843/1536 dataset=stackoverflow_a2q_tw walkers=5208 (4390344..4395551) steps=30 mode=0 sched=single-bucket delta_t=0 policy=0
rank=843 loaded data/1536/stackoverflow_a2q_tw.sub843.txt (|V_local|=1594  t_range=[269346,239577106])
rank=843 loaded routing data/1536/stackoverflow_a2q_tw.rt843.txt (915 entries)
rank=843 added 1 boundary-only nodes from routing
rank=828/1536 dataset=stackoverflow_a2q_tw walkers=5208 (4312224..4317431) steps=30 mode=0 sched=single-bucket delta_t=0 policy=0
rank=828 loaded data/1536/stackoverflow_a2q_tw.sub828.txt (|V_local|=1647  t_range=[6345992,239658186])
rank=828 loaded routing data/1536/stackoverflow_a2q_tw.rt828.txt (1075 entries)
rank=828 added 1 boundary-only nodes from routing
rank=421/1536 dataset=stackoverflow_a2q_tw walkers=5208 (2192568..2197775) steps=30 mode=0 sched=single-bucket delta_t=0 policy=0
rank=421 loaded data/1536/stackoverflow_a2q_tw.sub421.txt (|V_local|=1652  t_range=[918521,239662429])
rank=421 loaded routing data/1536/stackoverflow_a2q_tw.rt421.txt (649 entries)
rank=400/1536 dataset=stackoverflow_a2q_tw walkers=5208 (2083200..2088407) steps=30 mode=0 sched=single-bucket delta_t=0 policy=0
rank=400 loaded data/1536/stackoverflow_a2q_tw.sub400.txt (|V_local|=1650  t_range=[578692,239521915])
rank=400 loaded routing data/1536/stackoverflow_a2q_tw.rt400.txt (711 entries)
rank=386/1536 dataset=stackoverflow_a2q_tw walkers=5208 (2010288..2015495) steps=30 mode=0 sched=single-bucket delta_t=0 policy=0
rank=386 loaded data/1536/stackoverflow_a2q_tw.sub386.txt (|V_local|=1649  t_range=[0,239600408])
rank=386 loaded routing data/1536/stackoverflow_a2q_tw.rt386.txt (669 entries)
rank=386 added 2 boundary-only nodes from routing
rank=388/1536 dataset=stackoverflow_a2q_tw walkers=5208 (2020704..2025911) steps=30 mode=0 sched=single-bucket delta_t=0 policy=0
rank=388 loaded data/1536/stackoverflow_a2q_tw.sub388.txt (|V_local|=1639  t_range=[1008553,239656546])
rank=388 loaded routing data/1536/stackoverflow_a2q_tw.rt388.txt (741 entries)
rank=429/1536 dataset=stackoverflow_a2q_tw walkers=5208 (2234232..2239439) steps=30 mode=0 sched=single-bucket delta_t=0 policy=0
rank=429 loaded data/1536/stackoverflow_a2q_tw.sub429.txt (|V_local|=1587  t_range=[4178512,239613317])
rank=429 loaded routing data/1536/stackoverflow_a2q_tw.rt429.txt (978 entries)
rank=429 added 2 boundary-only nodes from routing
rank=414/1536 dataset=stackoverflow_a2q_tw walkers=5208 (2156112..2161319) steps=30 mode=0 sched=single-bucket delta_t=0 policy=0
rank=414 loaded data/1536/stackoverflow_a2q_tw.sub414.txt (|V_local|=1590  t_range=[1792299,239646650])
rank=414 loaded routing data/1536/stackoverflow_a2q_tw.rt414.txt (991 entries)
rank=390/1536 dataset=stackoverflow_a2q_tw walkers=5208 (2031120..2036327) steps=30 mode=0 sched=single-bucket delta_t=0 policy=0
rank=390 loaded data/1536/stackoverflow_a2q_tw.sub390.txt (|V_local|=1584  t_range=[4126295,239653716])
rank=390 loaded routing data/1536/stackoverflow_a2q_tw.rt390.txt (1008 entries)
rank=390 added 6 boundary-only nodes from routing
rank=407/1536 dataset=stackoverflow_a2q_tw walkers=5208 (2119656..2124863) steps=30 mode=0 sched=single-bucket delta_t=0 policy=0
rank=407 loaded data/1536/stackoverflow_a2q_tw.sub407.txt (|V_local|=1582  t_range=[1229766,239662082])
rank=407 loaded routing data/1536/stackoverflow_a2q_tw.rt407.txt (1025 entries)
rank=407 added 1 boundary-only nodes from routing
rank=410/1536 dataset=stackoverflow_a2q_tw walkers=5208 (2135280..2140487) steps=30 mode=0 sched=single-bucket delta_t=0 policy=0
rank=410 loaded data/1536/stackoverflow_a2q_tw.sub410.txt (|V_local|=1652  t_range=[1884840,239673242])
rank=410 loaded routing data/1536/stackoverflow_a2q_tw.rt410.txt (603 entries)
rank=427/1536 dataset=stackoverflow_a2q_tw walkers=5208 (2223816..2229023) steps=30 mode=0 sched=single-bucket delta_t=0 policy=0
rank=427 loaded data/1536/stackoverflow_a2q_tw.sub427.txt (|V_local|=1646  t_range=[8053006,239637552])
rank=427 loaded routing data/1536/stackoverflow_a2q_tw.rt427.txt (773 entries)
rank=427 added 3 boundary-only nodes from routing
rank=419/1536 dataset=stackoverflow_a2q_tw walkers=5208 (2182152..2187359) steps=30 mode=0 sched=single-bucket delta_t=0 policy=0
rank=419 loaded data/1536/stackoverflow_a2q_tw.sub419.txt (|V_local|=1648  t_range=[6940406,239683820])
rank=419 loaded routing data/1536/stackoverflow_a2q_tw.rt419.txt (768 entries)
rank=419 added 3 boundary-only nodes from routing
rank=389/1536 dataset=stackoverflow_a2q_tw walkers=5208 (2025912..2031119) steps=30 mode=0 sched=single-bucket delta_t=0 policy=0
rank=389 loaded data/1536/stackoverflow_a2q_tw.sub389.txt (|V_local|=1635  t_range=[520697,239574823])
rank=389 loaded routing data/1536/stackoverflow_a2q_tw.rt389.txt (803 entries)
rank=389 added 1 boundary-only nodes from routing
rank=394/1536 dataset=stackoverflow_a2q_tw walkers=5208 (2051952..2057159) steps=30 mode=0 sched=single-bucket delta_t=0 policy=0
rank=394 loaded data/1536/stackoverflow_a2q_tw.sub394.txt (|V_local|=1591  t_range=[334307,239678204])
rank=394 loaded routing data/1536/stackoverflow_a2q_tw.rt394.txt (871 entries)
rank=394 added 1 boundary-only nodes from routing
rank=404/1536 dataset=stackoverflow_a2q_tw walkers=5208 (2104032..2109239) steps=30 mode=0 sched=single-bucket delta_t=0 policy=0
rank=404 loaded data/1536/stackoverflow_a2q_tw.sub404.txt (|V_local|=1589  t_range=[4115281,239679657])
rank=404 loaded routing data/1536/stackoverflow_a2q_tw.rt404.txt (1026 entries)
rank=404 added 4 boundary-only nodes from routing
rank=395/1536 dataset=stackoverflow_a2q_tw walkers=5208 (2057160..2062367) steps=30 mode=0 sched=single-bucket delta_t=0 policy=0
rank=395 loaded data/1536/stackoverflow_a2q_tw.sub395.txt (|V_local|=1612  t_range=[1518383,239555627])
rank=395 loaded routing data/1536/stackoverflow_a2q_tw.rt395.txt (873 entries)
rank=395 added 1 boundary-only nodes from routing
rank=416/1536 dataset=stackoverflow_a2q_tw walkers=5208 (2166528..2171735) steps=30 mode=0 sched=single-bucket delta_t=0 policy=0
rank=416 loaded data/1536/stackoverflow_a2q_tw.sub416.txt (|V_local|=1651  t_range=[4541064,239451272])
rank=416 loaded routing data/1536/stackoverflow_a2q_tw.rt416.txt (680 entries)
rank=424/1536 dataset=stackoverflow_a2q_tw walkers=5208 (2208192..2213399) steps=30 mode=0 sched=single-bucket delta_t=0 policy=0
rank=424 loaded data/1536/stackoverflow_a2q_tw.sub424.txt (|V_local|=1589  t_range=[1703424,239496873])
rank=424 loaded routing data/1536/stackoverflow_a2q_tw.rt424.txt (1050 entries)
rank=424 added 3 boundary-only nodes from routing
rank=384/1536 dataset=stackoverflow_a2q_tw walkers=5208 (1999872..2005079) steps=30 mode=0 sched=single-bucket delta_t=0 policy=0
rank=384 loaded data/1536/stackoverflow_a2q_tw.sub384.txt (|V_local|=1592  t_range=[256400,239655240])
rank=384 loaded routing data/1536/stackoverflow_a2q_tw.rt384.txt (950 entries)
rank=384 added 1 boundary-only nodes from routing
rank=426/1536 dataset=stackoverflow_a2q_tw walkers=5208 (2218608..2223815) steps=30 mode=0 sched=single-bucket delta_t=0 policy=0
rank=426 loaded data/1536/stackoverflow_a2q_tw.sub426.txt (|V_local|=1586  t_range=[1571189,239539045])
rank=426 loaded routing data/1536/stackoverflow_a2q_tw.rt426.txt (930 entries)
rank=426 added 1 boundary-only nodes from routing
rank=387/1536 dataset=stackoverflow_a2q_tw walkers=5208 (2015496..2020703) steps=30 mode=0 sched=single-bucket delta_t=0 policy=0
rank=387 loaded data/1536/stackoverflow_a2q_tw.sub387.txt (|V_local|=1586  t_range=[446918,239548365])
rank=387 loaded routing data/1536/stackoverflow_a2q_tw.rt387.txt (1016 entries)
rank=397/1536 dataset=stackoverflow_a2q_tw walkers=5208 (2067576..2072783) steps=30 mode=0 sched=single-bucket delta_t=0 policy=0
rank=397 loaded data/1536/stackoverflow_a2q_tw.sub397.txt (|V_local|=1596  t_range=[1872509,239554507])
rank=397 loaded routing data/1536/stackoverflow_a2q_tw.rt397.txt (854 entries)
rank=397 added 1 boundary-only nodes from routing
rank=425/1536 dataset=stackoverflow_a2q_tw walkers=5208 (2213400..2218607) steps=30 mode=0 sched=single-bucket delta_t=0 policy=0
rank=425 loaded data/1536/stackoverflow_a2q_tw.sub425.txt (|V_local|=1592  t_range=[4209925,239663446])
rank=425 loaded routing data/1536/stackoverflow_a2q_tw.rt425.txt (1006 entries)
rank=425 added 2 boundary-only nodes from routing
rank=413/1536 dataset=stackoverflow_a2q_tw walkers=5208 (2150904..2156111) steps=30 mode=0 sched=single-bucket delta_t=0 policy=0
rank=413 loaded data/1536/stackoverflow_a2q_tw.sub413.txt (|V_local|=1592  t_range=[1979598,239592616])
rank=413 loaded routing data/1536/stackoverflow_a2q_tw.rt413.txt (857 entries)
rank=413 added 4 boundary-only nodes from routing
rank=409/1536 dataset=stackoverflow_a2q_tw walkers=5208 (2130072..2135279) steps=30 mode=0 sched=single-bucket delta_t=0 policy=0
rank=1069/1536 dataset=stackoverflow_a2q_tw walkers=5208 (5567352..5572559) steps=30 mode=0 sched=single-bucket delta_t=0 policy=0
rank=1069 loaded data/1536/stackoverflow_a2q_tw.sub1069.txt (|V_local|=1652  t_range=[30259110,239690496])
rank=1069 loaded routing data/1536/stackoverflow_a2q_tw.rt1069.txt (926 entries)
rank=1101/1536 dataset=stackoverflow_a2q_tw walkers=5208 (5734008..5739215) steps=30 mode=0 sched=single-bucket delta_t=0 policy=0
rank=1101 loaded data/1536/stackoverflow_a2q_tw.sub1101.txt (|V_local|=1583  t_range=[14875427,239667534])
rank=1101 loaded routing data/1536/stackoverflow_a2q_tw.rt1101.txt (1059 entries)
rank=1101 added 2 boundary-only nodes from routing
rank=1085/1536 dataset=stackoverflow_a2q_tw walkers=5208 (5650680..5655887) steps=30 mode=0 sched=single-bucket delta_t=0 policy=0
rank=1085 loaded data/1536/stackoverflow_a2q_tw.sub1085.txt (|V_local|=1588  t_range=[6949104,239644333])
rank=1085 loaded routing data/1536/stackoverflow_a2q_tw.rt1085.txt (1100 entries)
rank=1085 added 1 boundary-only nodes from routing
rank=1061/1536 dataset=stackoverflow_a2q_tw walkers=5208 (5525688..5530895) steps=30 mode=0 sched=single-bucket delta_t=0 policy=0
rank=1061 loaded data/1536/stackoverflow_a2q_tw.sub1061.txt (|V_local|=1650  t_range=[41689495,239691052])
rank=1061 loaded routing data/1536/stackoverflow_a2q_tw.rt1061.txt (1002 entries)
rank=1061 added 1 boundary-only nodes from routing
rank=1065/1536 dataset=stackoverflow_a2q_tw walkers=5208 (5546520..5551727) steps=30 mode=0 sched=single-bucket delta_t=0 policy=0
rank=1065 loaded data/1536/stackoverflow_a2q_tw.sub1065.txt (|V_local|=1577  t_range=[11982156,239479420])
rank=1065 loaded routing data/1536/stackoverflow_a2q_tw.rt1065.txt (1091 entries)
rank=1065 added 4 boundary-only nodes from routing
rank=1093/1536 dataset=stackoverflow_a2q_tw walkers=5208 (5692344..5697551) steps=30 mode=0 sched=single-bucket delta_t=0 policy=0
rank=1093 loaded data/1536/stackoverflow_a2q_tw.sub1093.txt (|V_local|=1589  t_range=[6035539,239686225])
rank=1093 loaded routing data/1536/stackoverflow_a2q_tw.rt1093.txt (1049 entries)
rank=1093 added 5 boundary-only nodes from routing
rank=1103/1536 dataset=stackoverflow_a2q_tw walkers=5208 (5744424..5749631) steps=30 mode=0 sched=single-bucket delta_t=0 policy=0
rank=1103 loaded data/1536/stackoverflow_a2q_tw.sub1103.txt (|V_local|=1632  t_range=[15218422,239697850])
rank=1103 loaded routing data/1536/stackoverflow_a2q_tw.rt1103.txt (1030 entries)
rank=1103 added 1 boundary-only nodes from routing
rank=1057/1536 dataset=stackoverflow_a2q_tw walkers=5208 (5504856..5510063) steps=30 mode=0 sched=single-bucket delta_t=0 policy=0
rank=1057 loaded data/1536/stackoverflow_a2q_tw.sub1057.txt (|V_local|=1651  t_range=[34908942,239693563])
rank=1057 loaded routing data/1536/stackoverflow_a2q_tw.rt1057.txt (657 entries)
rank=1057 added 1 boundary-only nodes from routing
rank=1064/1536 dataset=stackoverflow_a2q_tw walkers=5208 (5541312..5546519) steps=30 mode=0 sched=single-bucket delta_t=0 policy=0
rank=1064 loaded data/1536/stackoverflow_a2q_tw.sub1064.txt (|V_local|=1650  t_range=[9437453,239652941])
rank=1064 loaded routing data/1536/stackoverflow_a2q_tw.rt1064.txt (880 entries)
rank=1064 added 1 boundary-only nodes from routing
rank=1060/1536 dataset=stackoverflow_a2q_tw walkers=5208 (5520480..5525687) steps=30 mode=0 sched=single-bucket delta_t=0 policy=0
rank=1060 loaded data/1536/stackoverflow_a2q_tw.sub1060.txt (|V_local|=1628  t_range=[34797066,239682843])
rank=1060 loaded routing data/1536/stackoverflow_a2q_tw.rt1060.txt (1084 entries)
rank=1060 added 1 boundary-only nodes from routing
rank=1059/1536 dataset=stackoverflow_a2q_tw walkers=5208 (5515272..5520479) steps=30 mode=0 sched=single-bucket delta_t=0 policy=0
rank=1059 loaded data/1536/stackoverflow_a2q_tw.sub1059.txt (|V_local|=1587  t_range=[1612740,239676625])
rank=1059 loaded routing data/1536/stackoverflow_a2q_tw.rt1059.txt (1058 entries)
rank=1068/1536 dataset=stackoverflow_a2q_tw walkers=5208 (5562144..5567351) steps=30 mode=0 sched=single-bucket delta_t=0 policy=0
rank=1068 loaded data/1536/stackoverflow_a2q_tw.sub1068.txt (|V_local|=1590  t_range=[9674436,239677698])
rank=1068 loaded routing data/1536/stackoverflow_a2q_tw.rt1068.txt (1096 entries)
rank=1056/1536 dataset=stackoverflow_a2q_tw walkers=5208 (5499648..5504855) steps=30 mode=0 sched=single-bucket delta_t=0 policy=0
rank=1056 loaded data/1536/stackoverflow_a2q_tw.sub1056.txt (|V_local|=1592  t_range=[3300217,239689731])
rank=1056 loaded routing data/1536/stackoverflow_a2q_tw.rt1056.txt (1038 entries)
rank=1096/1536 dataset=stackoverflow_a2q_tw walkers=5208 (5707968..5713175) steps=30 mode=0 sched=single-bucket delta_t=0 policy=0
rank=1096 loaded data/1536/stackoverflow_a2q_tw.sub1096.txt (|V_local|=1587  t_range=[15968911,239677145])
rank=1096 loaded routing data/1536/stackoverflow_a2q_tw.rt1096.txt (1053 entries)
rank=1096 added 1 boundary-only nodes from routing
rank=1074/1536 dataset=stackoverflow_a2q_tw walkers=5208 (5593392..5598599) steps=30 mode=0 sched=single-bucket delta_t=0 policy=0
rank=1074 loaded data/1536/stackoverflow_a2q_tw.sub1074.txt (|V_local|=1589  t_range=[3947889,239591681])
rank=1074 loaded routing data/1536/stackoverflow_a2q_tw.rt1074.txt (1041 entries)
rank=1058/1536 dataset=stackoverflow_a2q_tw walkers=5208 (5510064..5515271) steps=30 mode=0 sched=single-bucket delta_t=0 policy=0
rank=1058 loaded data/1536/stackoverflow_a2q_tw.sub1058.txt (|V_local|=1652  t_range=[39406813,239676819])
rank=1058 loaded routing data/1536/stackoverflow_a2q_tw.rt1058.txt (964 entries)
rank=1063/1536 dataset=stackoverflow_a2q_tw walkers=5208 (5536104..5541311) steps=30 mode=0 sched=single-bucket delta_t=0 policy=0
rank=1063 loaded data/1536/stackoverflow_a2q_tw.sub1063.txt (|V_local|=1587  t_range=[4906863,239534852])
rank=1063 loaded routing data/1536/stackoverflow_a2q_tw.rt1063.txt (1097 entries)
rank=1071/1536 dataset=stackoverflow_a2q_tw walkers=5208 (5577768..5582975) steps=30 mode=0 sched=single-bucket delta_t=0 policy=0
rank=1071 loaded data/1536/stackoverflow_a2q_tw.sub1071.txt (|V_local|=1590  t_range=[3607267,239659387])
rank=1071 loaded routing data/1536/stackoverflow_a2q_tw.rt1071.txt (1005 entries)
rank=1071 added 2 boundary-only nodes from routing
rank=1072/1536 dataset=stackoverflow_a2q_tw walkers=5208 (5582976..5588183) steps=30 mode=0 sched=single-bucket delta_t=0 policy=0
rank=1072 loaded data/1536/stackoverflow_a2q_tw.sub1072.txt (|V_local|=1644  t_range=[15399852,239647741])
rank=1072 loaded routing data/1536/stackoverflow_a2q_tw.rt1072.txt (979 entries)
rank=1073/1536 dataset=stackoverflow_a2q_tw walkers=5208 (5588184..5593391) steps=30 mode=0 sched=single-bucket delta_t=0 policy=0
rank=1073 loaded data/1536/stackoverflow_a2q_tw.sub1073.txt (|V_local|=1649  t_range=[15007653,239675008])
rank=1073 loaded routing data/1536/stackoverflow_a2q_tw.rt1073.txt (855 entries)
rank=1073 added 1 boundary-only nodes from routing
rank=1062/1536 dataset=stackoverflow_a2q_tw walkers=5208 (5530896..5536103) steps=30 mode=0 sched=single-bucket delta_t=0 policy=0
rank=1062 loaded data/1536/stackoverflow_a2q_tw.sub1062.txt (|V_local|=1590  t_range=[13811176,239673603])
rank=1062 loaded routing data/1536/stackoverflow_a2q_tw.rt1062.txt (998 entries)
rank=1062 added 1 boundary-only nodes from routing
rank=1070/1536 dataset=stackoverflow_a2q_tw walkers=5208 (5572560..5577767) steps=30 mode=0 sched=single-bucket delta_t=0 policy=0
rank=1070 loaded data/1536/stackoverflow_a2q_tw.sub1070.txt (|V_local|=1613  t_range=[19339714,239597922])
rank=1070 loaded routing data/1536/stackoverflow_a2q_tw.rt1070.txt (989 entries)
rank=1070 added 1 boundary-only nodes from routing
rank=1066/1536 dataset=stackoverflow_a2q_tw walkers=5208 (5551728..5556935) steps=30 mode=0 sched=single-bucket delta_t=0 policy=0
rank=1066 loaded data/1536/stackoverflow_a2q_tw.sub1066.txt (|V_local|=1651  t_range=[31278576,239685159])
rank=1066 loaded routing data/1536/stackoverflow_a2q_tw.rt1066.txt (875 entries)
rank=1076/1536 dataset=stackoverflow_a2q_tw walkers=5208 (5603808..5609015) steps=30 mode=0 sched=single-bucket delta_t=0 policy=0
rank=1513/1536 dataset=stackoverflow_a2q_tw walkers=5208 (7879704..7884911) steps=30 mode=0 sched=single-bucket delta_t=0 policy=0
rank=1513 loaded data/1536/stackoverflow_a2q_tw.sub1513.txt (|V_local|=1587  t_range=[5775685,239667970])
rank=1513 loaded routing data/1536/stackoverflow_a2q_tw.rt1513.txt (115 entries)
rank=1491/1536 dataset=stackoverflow_a2q_tw walkers=5208 (7765128..7770335) steps=30 mode=0 sched=single-bucket delta_t=0 policy=0
rank=1491 loaded data/1536/stackoverflow_a2q_tw.sub1491.txt (|V_local|=1584  t_range=[4332476,239682723])
rank=1491 loaded routing data/1536/stackoverflow_a2q_tw.rt1491.txt (985 entries)
rank=1491 added 1 boundary-only nodes from routing
rank=1490/1536 dataset=stackoverflow_a2q_tw walkers=5208 (7759920..7765127) steps=30 mode=0 sched=single-bucket delta_t=0 policy=0
rank=1490 loaded data/1536/stackoverflow_a2q_tw.sub1490.txt (|V_local|=1599  t_range=[48107990,239685748])
rank=1490 loaded routing data/1536/stackoverflow_a2q_tw.rt1490.txt (721 entries)
rank=1506/1536 dataset=stackoverflow_a2q_tw walkers=5208 (7843248..7848455) steps=30 mode=0 sched=single-bucket delta_t=0 policy=0
rank=1506 loaded data/1536/stackoverflow_a2q_tw.sub1506.txt (|V_local|=1579  t_range=[9543316,239652468])
rank=1506 loaded routing data/1536/stackoverflow_a2q_tw.rt1506.txt (51 entries)
rank=1514/1536 dataset=stackoverflow_a2q_tw walkers=5208 (7884912..7890119) steps=30 mode=0 sched=single-bucket delta_t=0 policy=0
rank=1514 loaded data/1536/stackoverflow_a2q_tw.sub1514.txt (|V_local|=1561  t_range=[27881992,239574379])
rank=1514 loaded routing data/1536/stackoverflow_a2q_tw.rt1514.txt (11 entries)
rank=1497/1536 dataset=stackoverflow_a2q_tw walkers=5208 (7796376..7801583) steps=30 mode=0 sched=single-bucket delta_t=0 policy=0
rank=1497 loaded data/1536/stackoverflow_a2q_tw.sub1497.txt (|V_local|=1579  t_range=[3682785,239662716])
rank=1497 loaded routing data/1536/stackoverflow_a2q_tw.rt1497.txt (227 entries)
rank=1497 added 8 boundary-only nodes from routing
rank=1524/1536 dataset=stackoverflow_a2q_tw walkers=5208 (7936992..7942199) steps=30 mode=0 sched=single-bucket delta_t=0 policy=0
rank=1524 loaded data/1536/stackoverflow_a2q_tw.sub1524.txt (|V_local|=1585  t_range=[8346835,239588594])
rank=1524 loaded routing data/1536/stackoverflow_a2q_tw.rt1524.txt (97 entries)
rank=1528/1536 dataset=stackoverflow_a2q_tw walkers=5208 (7957824..7963031) steps=30 mode=0 sched=single-bucket delta_t=0 policy=0
rank=1528 loaded data/1536/stackoverflow_a2q_tw.sub1528.txt (|V_local|=1605  t_range=[31191358,239646360])
rank=1528 loaded routing data/1536/stackoverflow_a2q_tw.rt1528.txt (25 entries)
rank=1529/1536 dataset=stackoverflow_a2q_tw walkers=5208 (7963032..7968239) steps=30 mode=0 sched=single-bucket delta_t=0 policy=0
rank=1529 loaded data/1536/stackoverflow_a2q_tw.sub1529.txt (|V_local|=1587  t_range=[17441531,239632518])
rank=1529 loaded routing data/1536/stackoverflow_a2q_tw.rt1529.txt (119 entries)
rank=1512/1536 dataset=stackoverflow_a2q_tw walkers=5208 (7874496..7879703) steps=30 mode=0 sched=single-bucket delta_t=0 policy=0
rank=1512 loaded data/1536/stackoverflow_a2q_tw.sub1512.txt (|V_local|=1591  t_range=[24186836,239658434])
rank=1512 loaded routing data/1536/stackoverflow_a2q_tw.rt1512.txt (148 entries)
rank=1512 added 1 boundary-only nodes from routing
rank=1507/1536 dataset=stackoverflow_a2q_tw walkers=5208 (7848456..7853663) steps=30 mode=0 sched=single-bucket delta_t=0 policy=0
rank=1507 loaded data/1536/stackoverflow_a2q_tw.sub1507.txt (|V_local|=1585  t_range=[21732645,239681069])
rank=1507 loaded routing data/1536/stackoverflow_a2q_tw.rt1507.txt (99 entries)
rank=1523/1536 dataset=stackoverflow_a2q_tw walkers=5208 (7931784..7936991) steps=30 mode=0 sched=single-bucket delta_t=0 policy=0
rank=1523 loaded data/1536/stackoverflow_a2q_tw.sub1523.txt (|V_local|=1604  t_range=[9688298,239665824])
rank=1523 loaded routing data/1536/stackoverflow_a2q_tw.rt1523.txt (20 entries)
rank=1504/1536 dataset=stackoverflow_a2q_tw walkers=5208 (7832832..7838039) steps=30 mode=0 sched=single-bucket delta_t=0 policy=0
rank=1504 loaded data/1536/stackoverflow_a2q_tw.sub1504.txt (|V_local|=1585  t_range=[30169923,239659813])
rank=1504 loaded routing data/1536/stackoverflow_a2q_tw.rt1504.txt (129 entries)
rank=1498/1536 dataset=stackoverflow_a2q_tw walkers=5208 (7801584..7806791) steps=30 mode=0 sched=single-bucket delta_t=0 policy=0
rank=1498 loaded data/1536/stackoverflow_a2q_tw.sub1498.txt (|V_local|=1585  t_range=[35531618,239587496])
rank=1498 loaded routing data/1536/stackoverflow_a2q_tw.rt1498.txt (43 entries)
rank=1496/1536 dataset=stackoverflow_a2q_tw walkers=5208 (7791168..7796375) steps=30 mode=0 sched=single-bucket delta_t=0 policy=0
rank=1496 loaded data/1536/stackoverflow_a2q_tw.sub1496.txt (|V_local|=1584  t_range=[31266446,239696328])
rank=1496 loaded routing data/1536/stackoverflow_a2q_tw.rt1496.txt (467 entries)
rank=1496 added 1 boundary-only nodes from routing
rank=1502/1536 dataset=stackoverflow_a2q_tw walkers=5208 (7822416..7827623) steps=30 mode=0 sched=single-bucket delta_t=0 policy=0
rank=1502 loaded data/1536/stackoverflow_a2q_tw.sub1502.txt (|V_local|=1600  t_range=[38727531,239612064])
rank=1502 loaded routing data/1536/stackoverflow_a2q_tw.rt1502.txt (86 entries)
rank=1492/1536 dataset=stackoverflow_a2q_tw walkers=5208 (7770336..7775543) steps=30 mode=0 sched=single-bucket delta_t=0 policy=0
rank=1492 loaded data/1536/stackoverflow_a2q_tw.sub1492.txt (|V_local|=1590  t_range=[21480165,239663009])
rank=1492 loaded routing data/1536/stackoverflow_a2q_tw.rt1492.txt (975 entries)
rank=1492 added 1 boundary-only nodes from routing
rank=1488/1536 dataset=stackoverflow_a2q_tw walkers=5208 (7749504..7754711) steps=30 mode=0 sched=single-bucket delta_t=0 policy=0
rank=1488 loaded data/1536/stackoverflow_a2q_tw.sub1488.txt (|V_local|=1588  t_range=[3624725,239639475])
rank=1488 loaded routing data/1536/stackoverflow_a2q_tw.rt1488.txt (1061 entries)
rank=1488 added 1 boundary-only nodes from routing
rank=1489/1536 dataset=stackoverflow_a2q_tw walkers=5208 (7754712..7759919) steps=30 mode=0 sched=single-bucket delta_t=0 policy=0
rank=1489 loaded data/1536/stackoverflow_a2q_tw.sub1489.txt (|V_local|=1584  t_range=[10828145,239673892])
rank=1489 loaded routing data/1536/stackoverflow_a2q_tw.rt1489.txt (908 entries)
rank=1489 added 4 boundary-only nodes from routing
rank=1532/1536 dataset=stackoverflow_a2q_tw walkers=5208 (7978656..7983863) steps=30 mode=0 sched=single-bucket delta_t=0 policy=0
rank=1532 loaded data/1536/stackoverflow_a2q_tw.sub1532.txt (|V_local|=1588  t_range=[9441321,239667126])
rank=1532 loaded routing data/1536/stackoverflow_a2q_tw.rt1532.txt (57 entries)
rank=1525/1536 dataset=stackoverflow_a2q_tw walkers=5208 (7942200..7947407) steps=30 mode=0 sched=single-bucket delta_t=0 policy=0
rank=1525 loaded data/1536/stackoverflow_a2q_tw.sub1525.txt (|V_local|=1565  t_range=[9141541,239672366])
rank=1525 loaded routing data/1536/stackoverflow_a2q_tw.rt1525.txt (19 entries)
rank=1499/1536 dataset=stackoverflow_a2q_tw walkers=5208 (7806792..7811999) steps=30 mode=0 sched=single-bucket delta_t=0 policy=0
rank=1499 loaded data/1536/stackoverflow_a2q_tw.sub1499.txt (|V_local|=1593  t_range=[12579100,239612796])
rank=1499 loaded routing data/1536/stackoverflow_a2q_tw.rt1499.txt (105 entries)
rank=1499 added 1 boundary-only nodes from routing
rank=536/1536 dataset=stackoverflow_a2q_tw walkers=5208 (2791488..2796695) steps=30 mode=0 sched=single-bucket delta_t=0 policy=0
rank=536 loaded data/1536/stackoverflow_a2q_tw.sub536.txt (|V_local|=1592  t_range=[4262353,239669441])
rank=536 loaded routing data/1536/stackoverflow_a2q_tw.rt536.txt (1096 entries)
rank=570/1536 dataset=stackoverflow_a2q_tw walkers=5208 (2968560..2973767) steps=30 mode=0 sched=single-bucket delta_t=0 policy=0
rank=570 loaded data/1536/stackoverflow_a2q_tw.sub570.txt (|V_local|=1585  t_range=[3106495,239660120])
rank=570 loaded routing data/1536/stackoverflow_a2q_tw.rt570.txt (1044 entries)
rank=556/1536 dataset=stackoverflow_a2q_tw walkers=5208 (2895648..2900855) steps=30 mode=0 sched=single-bucket delta_t=0 policy=0
rank=556 loaded data/1536/stackoverflow_a2q_tw.sub556.txt (|V_local|=1588  t_range=[51483,239657868])
rank=556 loaded routing data/1536/stackoverflow_a2q_tw.rt556.txt (1018 entries)
rank=556 added 2 boundary-only nodes from routing
rank=568/1536 dataset=stackoverflow_a2q_tw walkers=5208 (2958144..2963351) steps=30 mode=0 sched=single-bucket delta_t=0 policy=0
rank=568 loaded data/1536/stackoverflow_a2q_tw.sub568.txt (|V_local|=1592  t_range=[5587077,239516853])
rank=568 loaded routing data/1536/stackoverflow_a2q_tw.rt568.txt (977 entries)
rank=529/1536 dataset=stackoverflow_a2q_tw walkers=5208 (2755032..2760239) steps=30 mode=0 sched=single-bucket delta_t=0 policy=0
rank=529 loaded data/1536/stackoverflow_a2q_tw.sub529.txt (|V_local|=1651  t_range=[358288,239627673])
rank=529 loaded routing data/1536/stackoverflow_a2q_tw.rt529.txt (644 entries)
rank=529 added 1 boundary-only nodes from routing
rank=540/1536 dataset=stackoverflow_a2q_tw walkers=5208 (2812320..2817527) steps=30 mode=0 sched=single-bucket delta_t=0 policy=0
rank=540 loaded data/1536/stackoverflow_a2q_tw.sub540.txt (|V_local|=1585  t_range=[8510189,239589210])
rank=540 loaded routing data/1536/stackoverflow_a2q_tw.rt540.txt (1066 entries)
rank=540 added 4 boundary-only nodes from routing
rank=532/1536 dataset=stackoverflow_a2q_tw walkers=5208 (2770656..2775863) steps=30 mode=0 sched=single-bucket delta_t=0 policy=0
rank=532 loaded data/1536/stackoverflow_a2q_tw.sub532.txt (|V_local|=1640  t_range=[4057171,239696754])
rank=532 loaded routing data/1536/stackoverflow_a2q_tw.rt532.txt (754 entries)
rank=532 added 11 boundary-only nodes from routing
rank=533/1536 dataset=stackoverflow_a2q_tw walkers=5208 (2775864..2781071) steps=30 mode=0 sched=single-bucket delta_t=0 policy=0
rank=533 loaded data/1536/stackoverflow_a2q_tw.sub533.txt (|V_local|=1652  t_range=[20055870,239676923])
rank=533 loaded routing data/1536/stackoverflow_a2q_tw.rt533.txt (498 entries)
rank=534/1536 dataset=stackoverflow_a2q_tw walkers=5208 (2781072..2786279) steps=30 mode=0 sched=single-bucket delta_t=0 policy=0
rank=534 loaded data/1536/stackoverflow_a2q_tw.sub534.txt (|V_local|=1594  t_range=[4642280,239679980])
rank=534 loaded routing data/1536/stackoverflow_a2q_tw.rt534.txt (1065 entries)
rank=534 added 2 boundary-only nodes from routing
rank=530/1536 dataset=stackoverflow_a2q_tw walkers=5208 (2760240..2765447) steps=30 mode=0 sched=single-bucket delta_t=0 policy=0
rank=530 loaded data/1536/stackoverflow_a2q_tw.sub530.txt (|V_local|=1643  t_range=[4637610,239675433])
rank=530 loaded routing data/1536/stackoverflow_a2q_tw.rt530.txt (682 entries)
rank=530 added 9 boundary-only nodes from routing
rank=541/1536 dataset=stackoverflow_a2q_tw walkers=5208 (2817528..2822735) steps=30 mode=0 sched=single-bucket delta_t=0 policy=0
rank=541 loaded data/1536/stackoverflow_a2q_tw.sub541.txt (|V_local|=1587  t_range=[3466161,239531576])
rank=541 loaded routing data/1536/stackoverflow_a2q_tw.rt541.txt (918 entries)
rank=541 added 1 boundary-only nodes from routing
rank=557/1536 dataset=stackoverflow_a2q_tw walkers=5208 (2900856..2906063) steps=30 mode=0 sched=single-bucket delta_t=0 policy=0
rank=557 loaded data/1536/stackoverflow_a2q_tw.sub557.txt (|V_local|=1583  t_range=[2829502,239405482])
rank=557 loaded routing data/1536/stackoverflow_a2q_tw.rt557.txt (1076 entries)
rank=547/1536 dataset=stackoverflow_a2q_tw walkers=5208 (2848776..2853983) steps=30 mode=0 sched=single-bucket delta_t=0 policy=0
rank=547 loaded data/1536/stackoverflow_a2q_tw.sub547.txt (|V_local|=1611  t_range=[6389980,239578494])
rank=547 loaded routing data/1536/stackoverflow_a2q_tw.rt547.txt (865 entries)
rank=547 added 1 boundary-only nodes from routing
rank=528/1536 dataset=stackoverflow_a2q_tw walkers=5208 (2749824..2755031) steps=30 mode=0 sched=single-bucket delta_t=0 policy=0
rank=528 loaded data/1536/stackoverflow_a2q_tw.sub528.txt (|V_local|=1573  t_range=[2479456,239599246])
rank=528 loaded routing data/1536/stackoverflow_a2q_tw.rt528.txt (1124 entries)
rank=528 added 20 boundary-only nodes from routing
rank=535/1536 dataset=stackoverflow_a2q_tw walkers=5208 (2786280..2791487) steps=30 mode=0 sched=single-bucket delta_t=0 policy=0
rank=535 loaded data/1536/stackoverflow_a2q_tw.sub535.txt (|V_local|=1585  t_range=[8207218,239558991])
rank=535 loaded routing data/1536/stackoverflow_a2q_tw.rt535.txt (1043 entries)
rank=535 added 2 boundary-only nodes from routing
rank=531/1536 dataset=stackoverflow_a2q_tw walkers=5208 (2765448..2770655) steps=30 mode=0 sched=single-bucket delta_t=0 policy=0
rank=531 loaded data/1536/stackoverflow_a2q_tw.sub531.txt (|V_local|=1583  t_range=[4009536,239596381])
rank=531 loaded routing data/1536/stackoverflow_a2q_tw.rt531.txt (1116 entries)
rank=531 added 6 boundary-only nodes from routing
rank=550/1536 dataset=stackoverflow_a2q_tw walkers=5208 (2864400..2869607) steps=30 mode=0 sched=single-bucket delta_t=0 policy=0
rank=550 loaded data/1536/stackoverflow_a2q_tw.sub550.txt (|V_local|=1587  t_range=[417814,239646549])
rank=550 loaded routing data/1536/stackoverflow_a2q_tw.rt550.txt (1077 entries)
rank=550 added 1 boundary-only nodes from routing
rank=539/1536 dataset=stackoverflow_a2q_tw walkers=5208 (2807112..2812319) steps=30 mode=0 sched=single-bucket delta_t=0 policy=0
rank=539 loaded data/1536/stackoverflow_a2q_tw.sub539.txt (|V_local|=1585  t_range=[2262582,239678784])
rank=539 loaded routing data/1536/stackoverflow_a2q_tw.rt539.txt (1017 entries)
rank=539 added 2 boundary-only nodes from routing
rank=537/1536 dataset=stackoverflow_a2q_tw walkers=5208 (2796696..2801903) steps=30 mode=0 sched=single-bucket delta_t=0 policy=0
rank=537 loaded data/1536/stackoverflow_a2q_tw.sub537.txt (|V_local|=1574  t_range=[5788603,239592744])
rank=537 loaded routing data/1536/stackoverflow_a2q_tw.rt537.txt (1039 entries)
rank=537 added 11 boundary-only nodes from routing
rank=552/1536 dataset=stackoverflow_a2q_tw walkers=5208 (2874816..2880023) steps=30 mode=0 sched=single-bucket delta_t=0 policy=0
rank=552 loaded data/1536/stackoverflow_a2q_tw.sub552.txt (|V_local|=1592  t_range=[4030745,239562924])
rank=552 loaded routing data/1536/stackoverflow_a2q_tw.rt552.txt (1071 entries)
rank=552 added 2 boundary-only nodes from routing
rank=560/1536 dataset=stackoverflow_a2q_tw walkers=5208 (2916480..2921687) steps=30 mode=0 sched=single-bucket delta_t=0 policy=0
rank=560 loaded data/1536/stackoverflow_a2q_tw.sub560.txt (|V_local|=1588  t_range=[3451740,239668797])
rank=560 loaded routing data/1536/stackoverflow_a2q_tw.rt560.txt (990 entries)
rank=560 added 1 boundary-only nodes from routing
rank=572/1536 dataset=stackoverflow_a2q_tw walkers=5208 (2978976..2984183) steps=30 mode=0 sched=single-bucket delta_t=0 policy=0
rank=572 loaded data/1536/stackoverflow_a2q_tw.sub572.txt (|V_local|=1577  t_range=[3535054,239568218])
rank=572 loaded routing data/1536/stackoverflow_a2q_tw.rt572.txt (1068 entries)
rank=572 added 2 boundary-only nodes from routing
rank=544/1536 dataset=stackoverflow_a2q_tw walkers=5208 (2833152..2838359) steps=30 mode=0 sched=single-bucket delta_t=0 policy=0
rank=544 loaded data/1536/stackoverflow_a2q_tw.sub544.txt (|V_local|=1580  t_range=[7787391,239556667])
rank=544 loaded routing data/1536/stackoverflow_a2q_tw.rt544.txt (1082 entries)
rank=544 added 8 boundary-only nodes from routing
rank=1351/1536 dataset=stackoverflow_a2q_tw walkers=5208 (7036008..7041215) steps=30 mode=0 sched=single-bucket delta_t=0 policy=0
rank=1351 loaded data/1536/stackoverflow_a2q_tw.sub1351.txt (|V_local|=1583  t_range=[3955968,239690455])
rank=1351 loaded routing data/1536/stackoverflow_a2q_tw.rt1351.txt (1066 entries)
rank=1351 added 2 boundary-only nodes from routing
rank=1388/1536 dataset=stackoverflow_a2q_tw walkers=5208 (7228704..7233911) steps=30 mode=0 sched=single-bucket delta_t=0 policy=0
rank=1388 loaded data/1536/stackoverflow_a2q_tw.sub1388.txt (|V_local|=1592  t_range=[1331762,239470119])
rank=1388 loaded routing data/1536/stackoverflow_a2q_tw.rt1388.txt (1109 entries)
rank=1356/1536 dataset=stackoverflow_a2q_tw walkers=5208 (7062048..7067255) steps=30 mode=0 sched=single-bucket delta_t=0 policy=0
rank=1356 loaded data/1536/stackoverflow_a2q_tw.sub1356.txt (|V_local|=1592  t_range=[470731,239419579])
rank=1356 loaded routing data/1536/stackoverflow_a2q_tw.rt1356.txt (1061 entries)
rank=1356 added 2 boundary-only nodes from routing
rank=1358/1536 dataset=stackoverflow_a2q_tw walkers=5208 (7072464..7077671) steps=30 mode=0 sched=single-bucket delta_t=0 policy=0
rank=1358 loaded data/1536/stackoverflow_a2q_tw.sub1358.txt (|V_local|=1649  t_range=[8443400,239685903])
rank=1358 loaded routing data/1536/stackoverflow_a2q_tw.rt1358.txt (725 entries)
rank=1358 added 1 boundary-only nodes from routing
rank=1360/1536 dataset=stackoverflow_a2q_tw walkers=5208 (7082880..7088087) steps=30 mode=0 sched=single-bucket delta_t=0 policy=0
rank=1360 loaded data/1536/stackoverflow_a2q_tw.sub1360.txt (|V_local|=1649  t_range=[4209017,239359429])
rank=1360 loaded routing data/1536/stackoverflow_a2q_tw.rt1360.txt (849 entries)
rank=1360 added 3 boundary-only nodes from routing
rank=1385/1536 dataset=stackoverflow_a2q_tw walkers=5208 (7213080..7218287) steps=30 mode=0 sched=single-bucket delta_t=0 policy=0
rank=1385 loaded data/1536/stackoverflow_a2q_tw.sub1385.txt (|V_local|=1652  t_range=[14440103,239624299])
rank=1385 loaded routing data/1536/stackoverflow_a2q_tw.rt1385.txt (891 entries)
rank=1344/1536 dataset=stackoverflow_a2q_tw walkers=5208 (6999552..7004759) steps=30 mode=0 sched=single-bucket delta_t=0 policy=0
rank=1344 loaded data/1536/stackoverflow_a2q_tw.sub1344.txt (|V_local|=1584  t_range=[778301,239641565])
rank=1344 loaded routing data/1536/stackoverflow_a2q_tw.rt1344.txt (1039 entries)
rank=1344 added 3 boundary-only nodes from routing
rank=1354/1536 dataset=stackoverflow_a2q_tw walkers=5208 (7051632..7056839) steps=30 mode=0 sched=single-bucket delta_t=0 policy=0
rank=1354 loaded data/1536/stackoverflow_a2q_tw.sub1354.txt (|V_local|=1586  t_range=[3076078,239559728])
rank=1354 loaded routing data/1536/stackoverflow_a2q_tw.rt1354.txt (1092 entries)
rank=1354 added 4 boundary-only nodes from routing
rank=1362/1536 dataset=stackoverflow_a2q_tw walkers=5208 (7093296..7098503) steps=30 mode=0 sched=single-bucket delta_t=0 policy=0
rank=1362 loaded data/1536/stackoverflow_a2q_tw.sub1362.txt (|V_local|=1586  t_range=[2844605,239688608])
rank=1362 loaded routing data/1536/stackoverflow_a2q_tw.rt1362.txt (1059 entries)
rank=1362 added 4 boundary-only nodes from routing
rank=1346/1536 dataset=stackoverflow_a2q_tw walkers=5208 (7009968..7015175) steps=30 mode=0 sched=single-bucket delta_t=0 policy=0
rank=1346 loaded data/1536/stackoverflow_a2q_tw.sub1346.txt (|V_local|=1579  t_range=[1920614,239597521])
rank=1346 loaded routing data/1536/stackoverflow_a2q_tw.rt1346.txt (1033 entries)
rank=1346 added 4 boundary-only nodes from routing
rank=1352/1536 dataset=stackoverflow_a2q_tw walkers=5208 (7041216..7046423) steps=30 mode=0 sched=single-bucket delta_t=0 policy=0
rank=1352 loaded data/1536/stackoverflow_a2q_tw.sub1352.txt (|V_local|=1587  t_range=[4712477,239659526])
rank=1352 loaded routing data/1536/stackoverflow_a2q_tw.rt1352.txt (1046 entries)
rank=1347/1536 dataset=stackoverflow_a2q_tw walkers=5208 (7015176..7020383) steps=30 mode=0 sched=single-bucket delta_t=0 policy=0
rank=1347 loaded data/1536/stackoverflow_a2q_tw.sub1347.txt (|V_local|=1578  t_range=[4032993,239663521])
rank=1347 loaded routing data/1536/stackoverflow_a2q_tw.rt1347.txt (1092 entries)
rank=1347 added 3 boundary-only nodes from routing
rank=1349/1536 dataset=stackoverflow_a2q_tw walkers=5208 (7025592..7030799) steps=30 mode=0 sched=single-bucket delta_t=0 policy=0
rank=1349 loaded data/1536/stackoverflow_a2q_tw.sub1349.txt (|V_local|=1590  t_range=[3529957,239623632])
rank=1349 loaded routing data/1536/stackoverflow_a2q_tw.rt1349.txt (1057 entries)
rank=1349 added 1 boundary-only nodes from routing
rank=1379/1536 dataset=stackoverflow_a2q_tw walkers=5208 (7181832..7187039) steps=30 mode=0 sched=single-bucket delta_t=0 policy=0
rank=1379 loaded data/1536/stackoverflow_a2q_tw.sub1379.txt (|V_local|=1648  t_range=[16920668,239682789])
rank=1379 loaded routing data/1536/stackoverflow_a2q_tw.rt1379.txt (1090 entries)
rank=1350/1536 dataset=stackoverflow_a2q_tw walkers=5208 (7030800..7036007) steps=30 mode=0 sched=single-bucket delta_t=0 policy=0
rank=1350 loaded data/1536/stackoverflow_a2q_tw.sub1350.txt (|V_local|=1591  t_range=[481578,239617892])
rank=1350 loaded routing data/1536/stackoverflow_a2q_tw.rt1350.txt (1067 entries)
rank=1350 added 3 boundary-only nodes from routing
rank=1353/1536 dataset=stackoverflow_a2q_tw walkers=5208 (7046424..7051631) steps=30 mode=0 sched=single-bucket delta_t=0 policy=0
rank=1353 loaded data/1536/stackoverflow_a2q_tw.sub1353.txt (|V_local|=1583  t_range=[6603691,239688112])
rank=1353 loaded routing data/1536/stackoverflow_a2q_tw.rt1353.txt (1083 entries)
rank=1353 added 6 boundary-only nodes from routing
rank=1389/1536 dataset=stackoverflow_a2q_tw walkers=5208 (7233912..7239119) steps=30 mode=0 sched=single-bucket delta_t=0 policy=0
rank=1389 loaded data/1536/stackoverflow_a2q_tw.sub1389.txt (|V_local|=1588  t_range=[9345288,239559506])
rank=1389 loaded routing data/1536/stackoverflow_a2q_tw.rt1389.txt (1096 entries)
rank=1389 added 2 boundary-only nodes from routing
rank=1348/1536 dataset=stackoverflow_a2q_tw walkers=5208 (7020384..7025591) steps=30 mode=0 sched=single-bucket delta_t=0 policy=0
rank=1348 loaded data/1536/stackoverflow_a2q_tw.sub1348.txt (|V_local|=1583  t_range=[6925092,239681905])
rank=1348 loaded routing data/1536/stackoverflow_a2q_tw.rt1348.txt (1101 entries)
rank=1348 added 10 boundary-only nodes from routing
rank=1369/1536 dataset=stackoverflow_a2q_tw walkers=5208 (7129752..7134959) steps=30 mode=0 sched=single-bucket delta_t=0 policy=0
rank=1369 loaded data/1536/stackoverflow_a2q_tw.sub1369.txt (|V_local|=1651  t_range=[24418267,239624983])
rank=1369 loaded routing data/1536/stackoverflow_a2q_tw.rt1369.txt (868 entries)
rank=1345/1536 dataset=stackoverflow_a2q_tw walkers=5208 (7004760..7009967) steps=30 mode=0 sched=single-bucket delta_t=0 policy=0
rank=1345 loaded data/1536/stackoverflow_a2q_tw.sub1345.txt (|V_local|=1587  t_range=[3672626,239569973])
rank=1345 loaded routing data/1536/stackoverflow_a2q_tw.rt1345.txt (1040 entries)
rank=1345 added 1 boundary-only nodes from routing
rank=1387/1536 dataset=stackoverflow_a2q_tw walkers=5208 (7223496..7228703) steps=30 mode=0 sched=single-bucket delta_t=0 policy=0
rank=1387 loaded data/1536/stackoverflow_a2q_tw.sub1387.txt (|V_local|=1589  t_range=[10407377,239618876])
rank=1387 loaded routing data/1536/stackoverflow_a2q_tw.rt1387.txt (1098 entries)
rank=1371/1536 dataset=stackoverflow_a2q_tw walkers=5208 (7140168..7145375) steps=30 mode=0 sched=single-bucket delta_t=0 policy=0
rank=1371 loaded data/1536/stackoverflow_a2q_tw.sub1371.txt (|V_local|=1587  t_range=[4125583,239694332])
rank=1371 loaded routing data/1536/stackoverflow_a2q_tw.rt1371.txt (1069 entries)
rank=1371 added 1 boundary-only nodes from routing
rank=1357/1536 dataset=stackoverflow_a2q_tw walkers=5208 (7067256..7072463) steps=30 mode=0 sched=single-bucket delta_t=0 policy=0
rank=1357 loaded data/1536/stackoverflow_a2q_tw.sub1357.txt (|V_local|=1650  t_range=[3962855,239621413])
rank=1357 loaded routing data/1536/stackoverflow_a2q_tw.rt1357.txt (914 entries)
rank=231/1536 dataset=stackoverflow_a2q_tw walkers=5208 (1203048..1208255) steps=30 mode=0 sched=single-bucket delta_t=0 policy=0
rank=231 loaded data/1536/stackoverflow_a2q_tw.sub231.txt (|V_local|=1594  t_range=[7707811,239654990])
rank=231 loaded routing data/1536/stackoverflow_a2q_tw.rt231.txt (1121 entries)
rank=195/1536 dataset=stackoverflow_a2q_tw walkers=5208 (1015560..1020767) steps=30 mode=0 sched=single-bucket delta_t=0 policy=0
rank=195 loaded data/1536/stackoverflow_a2q_tw.sub195.txt (|V_local|=1589  t_range=[6570181,239697444])
rank=195 loaded routing data/1536/stackoverflow_a2q_tw.rt195.txt (911 entries)
rank=206/1536 dataset=stackoverflow_a2q_tw walkers=5208 (1072848..1078055) steps=30 mode=0 sched=single-bucket delta_t=0 policy=0
rank=206 loaded data/1536/stackoverflow_a2q_tw.sub206.txt (|V_local|=1588  t_range=[15299350,239609148])
rank=206 loaded routing data/1536/stackoverflow_a2q_tw.rt206.txt (1077 entries)
rank=206 added 2 boundary-only nodes from routing
rank=199/1536 dataset=stackoverflow_a2q_tw walkers=5208 (1036392..1041599) steps=30 mode=0 sched=single-bucket delta_t=0 policy=0
rank=199 loaded data/1536/stackoverflow_a2q_tw.sub199.txt (|V_local|=1650  t_range=[42245359,239670892])
rank=199 loaded routing data/1536/stackoverflow_a2q_tw.rt199.txt (761 entries)
rank=223/1536 dataset=stackoverflow_a2q_tw walkers=5208 (1161384..1166591) steps=30 mode=0 sched=single-bucket delta_t=0 policy=0
rank=223 loaded data/1536/stackoverflow_a2q_tw.sub223.txt (|V_local|=1586  t_range=[31509804,239693166])
rank=223 loaded routing data/1536/stackoverflow_a2q_tw.rt223.txt (1128 entries)
rank=223 added 2 boundary-only nodes from routing
rank=227/1536 dataset=stackoverflow_a2q_tw walkers=5208 (1182216..1187423) steps=30 mode=0 sched=single-bucket delta_t=0 policy=0
rank=227 loaded data/1536/stackoverflow_a2q_tw.sub227.txt (|V_local|=1619  t_range=[24233808,239616721])
rank=227 loaded routing data/1536/stackoverflow_a2q_tw.rt227.txt (1030 entries)
rank=202/1536 dataset=stackoverflow_a2q_tw walkers=5208 (1052016..1057223) steps=30 mode=0 sched=single-bucket delta_t=0 policy=0
rank=202 loaded data/1536/stackoverflow_a2q_tw.sub202.txt (|V_local|=1588  t_range=[3435434,239671145])
rank=202 loaded routing data/1536/stackoverflow_a2q_tw.rt202.txt (1008 entries)
rank=204/1536 dataset=stackoverflow_a2q_tw walkers=5208 (1062432..1067639) steps=30 mode=0 sched=single-bucket delta_t=0 policy=0
rank=204 loaded data/1536/stackoverflow_a2q_tw.sub204.txt (|V_local|=1584  t_range=[36194686,239563531])
rank=204 loaded routing data/1536/stackoverflow_a2q_tw.rt204.txt (1024 entries)
rank=192/1536 dataset=stackoverflow_a2q_tw walkers=5208 (999936..1005143) steps=30 mode=0 sched=single-bucket delta_t=0 policy=0
rank=192 loaded data/1536/stackoverflow_a2q_tw.sub192.txt (|V_local|=1590  t_range=[9064688,239582345])
rank=192 loaded routing data/1536/stackoverflow_a2q_tw.rt192.txt (1103 entries)
rank=192 added 4 boundary-only nodes from routing
rank=205/1536 dataset=stackoverflow_a2q_tw walkers=5208 (1067640..1072847) steps=30 mode=0 sched=single-bucket delta_t=0 policy=0
rank=205 loaded data/1536/stackoverflow_a2q_tw.sub205.txt (|V_local|=1588  t_range=[3559955,239656530])
rank=205 loaded routing data/1536/stackoverflow_a2q_tw.rt205.txt (1031 entries)
rank=193/1536 dataset=stackoverflow_a2q_tw walkers=5208 (1005144..1010351) steps=30 mode=0 sched=single-bucket delta_t=0 policy=0
rank=193 loaded data/1536/stackoverflow_a2q_tw.sub193.txt (|V_local|=1650  t_range=[6639054,239661607])
rank=193 loaded routing data/1536/stackoverflow_a2q_tw.rt193.txt (697 entries)
rank=197/1536 dataset=stackoverflow_a2q_tw walkers=5208 (1025976..1031183) steps=30 mode=0 sched=single-bucket delta_t=0 policy=0
rank=197 loaded data/1536/stackoverflow_a2q_tw.sub197.txt (|V_local|=1591  t_range=[47034837,239692780])
rank=197 loaded routing data/1536/stackoverflow_a2q_tw.rt197.txt (1056 entries)
rank=197 added 1 boundary-only nodes from routing
rank=235/1536 dataset=stackoverflow_a2q_tw walkers=5208 (1223880..1229087) steps=30 mode=0 sched=single-bucket delta_t=0 policy=0
rank=235 loaded data/1536/stackoverflow_a2q_tw.sub235.txt (|V_local|=1588  t_range=[20591428,239655288])
rank=235 loaded routing data/1536/stackoverflow_a2q_tw.rt235.txt (1056 entries)
rank=220/1536 dataset=stackoverflow_a2q_tw walkers=5208 (1145760..1150967) steps=30 mode=0 sched=single-bucket delta_t=0 policy=0
rank=220 loaded data/1536/stackoverflow_a2q_tw.sub220.txt (|V_local|=1650  t_range=[27281617,239693020])
rank=220 loaded routing data/1536/stackoverflow_a2q_tw.rt220.txt (938 entries)
rank=220 added 1 boundary-only nodes from routing
rank=232/1536 dataset=stackoverflow_a2q_tw walkers=5208 (1208256..1213463) steps=30 mode=0 sched=single-bucket delta_t=0 policy=0
rank=232 loaded data/1536/stackoverflow_a2q_tw.sub232.txt (|V_local|=1588  t_range=[14557071,239676729])
rank=232 loaded routing data/1536/stackoverflow_a2q_tw.rt232.txt (1050 entries)
rank=237/1536 dataset=stackoverflow_a2q_tw walkers=5208 (1234296..1239503) steps=30 mode=0 sched=single-bucket delta_t=0 policy=0
rank=237 loaded data/1536/stackoverflow_a2q_tw.sub237.txt (|V_local|=1588  t_range=[2337969,239688466])
rank=237 loaded routing data/1536/stackoverflow_a2q_tw.rt237.txt (1086 entries)
rank=212/1536 dataset=stackoverflow_a2q_tw walkers=5208 (1104096..1109303) steps=30 mode=0 sched=single-bucket delta_t=0 policy=0
rank=212 loaded data/1536/stackoverflow_a2q_tw.sub212.txt (|V_local|=1587  t_range=[32553514,239662824])
rank=212 loaded routing data/1536/stackoverflow_a2q_tw.rt212.txt (1074 entries)
rank=212 added 1 boundary-only nodes from routing
rank=236/1536 dataset=stackoverflow_a2q_tw walkers=5208 (1229088..1234295) steps=30 mode=0 sched=single-bucket delta_t=0 policy=0
rank=236 loaded data/1536/stackoverflow_a2q_tw.sub236.txt (|V_local|=1588  t_range=[11468306,239677073])
rank=236 loaded routing data/1536/stackoverflow_a2q_tw.rt236.txt (1102 entries)
rank=201/1536 dataset=stackoverflow_a2q_tw walkers=5208 (1046808..1052015) steps=30 mode=0 sched=single-bucket delta_t=0 policy=0
rank=201 loaded data/1536/stackoverflow_a2q_tw.sub201.txt (|V_local|=1593  t_range=[3638494,239632288])
rank=201 loaded routing data/1536/stackoverflow_a2q_tw.rt201.txt (1032 entries)
rank=208/1536 dataset=stackoverflow_a2q_tw walkers=5208 (1083264..1088471) steps=30 mode=0 sched=single-bucket delta_t=0 policy=0
rank=208 loaded data/1536/stackoverflow_a2q_tw.sub208.txt (|V_local|=1600  t_range=[28998479,239618397])
rank=208 loaded routing data/1536/stackoverflow_a2q_tw.rt208.txt (1105 entries)
rank=203/1536 dataset=stackoverflow_a2q_tw walkers=5208 (1057224..1062431) steps=30 mode=0 sched=single-bucket delta_t=0 policy=0
rank=203 loaded data/1536/stackoverflow_a2q_tw.sub203.txt (|V_local|=1592  t_range=[6462210,239694521])
rank=203 loaded routing data/1536/stackoverflow_a2q_tw.rt203.txt (986 entries)
rank=203 added 2 boundary-only nodes from routing
rank=200/1536 dataset=stackoverflow_a2q_tw walkers=5208 (1041600..1046807) steps=30 mode=0 sched=single-bucket delta_t=0 policy=0
rank=200 loaded data/1536/stackoverflow_a2q_tw.sub200.txt (|V_local|=1585  t_range=[10092457,239688814])
rank=200 loaded routing data/1536/stackoverflow_a2q_tw.rt200.txt (1059 entries)
rank=200 added 1 boundary-only nodes from routing
rank=196/1536 dataset=stackoverflow_a2q_tw walkers=5208 (1020768..1025975) steps=30 mode=0 sched=single-bucket delta_t=0 policy=0
rank=196 loaded data/1536/stackoverflow_a2q_tw.sub196.txt (|V_local|=1594  t_range=[3955293,239687446])
rank=196 loaded routing data/1536/stackoverflow_a2q_tw.rt196.txt (1080 entries)
rank=196 added 1 boundary-only nodes from routing
rank=791/1536 dataset=stackoverflow_a2q_tw walkers=5208 (4119528..4124735) steps=30 mode=0 sched=single-bucket delta_t=0 policy=0
rank=791 loaded data/1536/stackoverflow_a2q_tw.sub791.txt (|V_local|=1590  t_range=[3962593,239674587])
rank=791 loaded routing data/1536/stackoverflow_a2q_tw.rt791.txt (846 entries)
rank=791 added 2 boundary-only nodes from routing
rank=781/1536 dataset=stackoverflow_a2q_tw walkers=5208 (4067448..4072655) steps=30 mode=0 sched=single-bucket delta_t=0 policy=0
rank=781 loaded data/1536/stackoverflow_a2q_tw.sub781.txt (|V_local|=1602  t_range=[8521342,239698070])
rank=781 loaded routing data/1536/stackoverflow_a2q_tw.rt781.txt (1025 entries)
rank=805/1536 dataset=stackoverflow_a2q_tw walkers=5208 (4192440..4197647) steps=30 mode=0 sched=single-bucket delta_t=0 policy=0
rank=805 loaded data/1536/stackoverflow_a2q_tw.sub805.txt (|V_local|=1601  t_range=[4548499,239579968])
rank=805 loaded routing data/1536/stackoverflow_a2q_tw.rt805.txt (958 entries)
rank=779/1536 dataset=stackoverflow_a2q_tw walkers=5208 (4057032..4062239) steps=30 mode=0 sched=single-bucket delta_t=0 policy=0
rank=779 loaded data/1536/stackoverflow_a2q_tw.sub779.txt (|V_local|=1650  t_range=[4471321,239686287])
rank=779 loaded routing data/1536/stackoverflow_a2q_tw.rt779.txt (908 entries)
rank=779 added 2 boundary-only nodes from routing
rank=769/1536 dataset=stackoverflow_a2q_tw walkers=5208 (4004952..4010159) steps=30 mode=0 sched=single-bucket delta_t=0 policy=0
rank=769 loaded data/1536/stackoverflow_a2q_tw.sub769.txt (|V_local|=1580  t_range=[8791192,239626750])
rank=769 loaded routing data/1536/stackoverflow_a2q_tw.rt769.txt (1078 entries)
rank=769 added 9 boundary-only nodes from routing
rank=775/1536 dataset=stackoverflow_a2q_tw walkers=5208 (4036200..4041407) steps=30 mode=0 sched=single-bucket delta_t=0 policy=0
rank=775 loaded data/1536/stackoverflow_a2q_tw.sub775.txt (|V_local|=1585  t_range=[12393563,239667752])
rank=775 loaded routing data/1536/stackoverflow_a2q_tw.rt775.txt (1156 entries)
rank=775 added 2 boundary-only nodes from routing
rank=792/1536 dataset=stackoverflow_a2q_tw walkers=5208 (4124736..4129943) steps=30 mode=0 sched=single-bucket delta_t=0 policy=0
rank=792 loaded data/1536/stackoverflow_a2q_tw.sub792.txt (|V_local|=1587  t_range=[3599468,239680086])
rank=792 loaded routing data/1536/stackoverflow_a2q_tw.rt792.txt (1021 entries)
rank=792 added 3 boundary-only nodes from routing
rank=770/1536 dataset=stackoverflow_a2q_tw walkers=5208 (4010160..4015367) steps=30 mode=0 sched=single-bucket delta_t=0 policy=0
rank=770 loaded data/1536/stackoverflow_a2q_tw.sub770.txt (|V_local|=1616  t_range=[247683,239668666])
rank=770 loaded routing data/1536/stackoverflow_a2q_tw.rt770.txt (1001 entries)
rank=770 added 1 boundary-only nodes from routing
rank=784/1536 dataset=stackoverflow_a2q_tw walkers=5208 (4083072..4088279) steps=30 mode=0 sched=single-bucket delta_t=0 policy=0
rank=784 loaded data/1536/stackoverflow_a2q_tw.sub784.txt (|V_local|=1587  t_range=[2235682,239586821])
rank=784 loaded routing data/1536/stackoverflow_a2q_tw.rt784.txt (1014 entries)
rank=784 added 3 boundary-only nodes from routing
rank=771/1536 dataset=stackoverflow_a2q_tw walkers=5208 (4015368..4020575) steps=30 mode=0 sched=single-bucket delta_t=0 policy=0
rank=771 loaded data/1536/stackoverflow_a2q_tw.sub771.txt (|V_local|=1594  t_range=[4017374,239606008])
rank=771 loaded routing data/1536/stackoverflow_a2q_tw.rt771.txt (1052 entries)
rank=787/1536 dataset=stackoverflow_a2q_tw walkers=5208 (4098696..4103903) steps=30 mode=0 sched=single-bucket delta_t=0 policy=0
rank=787 loaded data/1536/stackoverflow_a2q_tw.sub787.txt (|V_local|=1650  t_range=[3998576,239679184])
rank=787 loaded routing data/1536/stackoverflow_a2q_tw.rt787.txt (626 entries)
rank=787 added 2 boundary-only nodes from routing
rank=772/1536 dataset=stackoverflow_a2q_tw walkers=5208 (4020576..4025783) steps=30 mode=0 sched=single-bucket delta_t=0 policy=0
rank=772 loaded data/1536/stackoverflow_a2q_tw.sub772.txt (|V_local|=1590  t_range=[5911904,239570836])
rank=772 loaded routing data/1536/stackoverflow_a2q_tw.rt772.txt (1098 entries)
rank=773/1536 dataset=stackoverflow_a2q_tw walkers=5208 (4025784..4030991) steps=30 mode=0 sched=single-bucket delta_t=0 policy=0
rank=773 loaded data/1536/stackoverflow_a2q_tw.sub773.txt (|V_local|=1588  t_range=[890858,239558404])
rank=773 loaded routing data/1536/stackoverflow_a2q_tw.rt773.txt (996 entries)
rank=773 added 2 boundary-only nodes from routing
rank=804/1536 dataset=stackoverflow_a2q_tw walkers=5208 (4187232..4192439) steps=30 mode=0 sched=single-bucket delta_t=0 policy=0
rank=804 loaded data/1536/stackoverflow_a2q_tw.sub804.txt (|V_local|=1586  t_range=[2655650,239643974])
rank=804 loaded routing data/1536/stackoverflow_a2q_tw.rt804.txt (1092 entries)
rank=804 added 4 boundary-only nodes from routing
rank=790/1536 dataset=stackoverflow_a2q_tw walkers=5208 (4114320..4119527) steps=30 mode=0 sched=single-bucket delta_t=0 policy=0
rank=790 loaded data/1536/stackoverflow_a2q_tw.sub790.txt (|V_local|=1650  t_range=[3641178,239513518])
rank=790 loaded routing data/1536/stackoverflow_a2q_tw.rt790.txt (811 entries)
rank=790 added 2 boundary-only nodes from routing
rank=789/1536 dataset=stackoverflow_a2q_tw walkers=5208 (4109112..4114319) steps=30 mode=0 sched=single-bucket delta_t=0 policy=0
rank=789 loaded data/1536/stackoverflow_a2q_tw.sub789.txt (|V_local|=1593  t_range=[977827,239653740])
rank=789 loaded routing data/1536/stackoverflow_a2q_tw.rt789.txt (1089 entries)
rank=789 added 3 boundary-only nodes from routing
rank=774/1536 dataset=stackoverflow_a2q_tw walkers=5208 (4030992..4036199) steps=30 mode=0 sched=single-bucket delta_t=0 policy=0
rank=774 loaded data/1536/stackoverflow_a2q_tw.sub774.txt (|V_local|=1587  t_range=[2493468,239603443])
rank=774 loaded routing data/1536/stackoverflow_a2q_tw.rt774.txt (1165 entries)
rank=774 added 2 boundary-only nodes from routing
rank=793/1536 dataset=stackoverflow_a2q_tw walkers=5208 (4129944..4135151) steps=30 mode=0 sched=single-bucket delta_t=0 policy=0
rank=793 loaded data/1536/stackoverflow_a2q_tw.sub793.txt (|V_local|=1635  t_range=[433019,239635286])
rank=793 loaded routing data/1536/stackoverflow_a2q_tw.rt793.txt (902 entries)
rank=793 added 1 boundary-only nodes from routing
rank=786/1536 dataset=stackoverflow_a2q_tw walkers=5208 (4093488..4098695) steps=30 mode=0 sched=single-bucket delta_t=0 policy=0
rank=786 loaded data/1536/stackoverflow_a2q_tw.sub786.txt (|V_local|=1592  t_range=[2450821,239668082])
rank=786 loaded routing data/1536/stackoverflow_a2q_tw.rt786.txt (1040 entries)
rank=786 added 1 boundary-only nodes from routing
rank=776/1536 dataset=stackoverflow_a2q_tw walkers=5208 (4041408..4046615) steps=30 mode=0 sched=single-bucket delta_t=0 policy=0
rank=776 loaded data/1536/stackoverflow_a2q_tw.sub776.txt (|V_local|=1651  t_range=[4157698,239696826])
rank=776 loaded routing data/1536/stackoverflow_a2q_tw.rt776.txt (889 entries)
rank=776 added 1 boundary-only nodes from routing
rank=796/1536 dataset=stackoverflow_a2q_tw walkers=5208 (4145568..4150775) steps=30 mode=0 sched=single-bucket delta_t=0 policy=0
rank=796 loaded data/1536/stackoverflow_a2q_tw.sub796.txt (|V_local|=1595  t_range=[9701454,239545374])
rank=796 loaded routing data/1536/stackoverflow_a2q_tw.rt796.txt (1057 entries)
rank=796 added 1 boundary-only nodes from routing
rank=785/1536 dataset=stackoverflow_a2q_tw walkers=5208 (4088280..4093487) steps=30 mode=0 sched=single-bucket delta_t=0 policy=0
rank=785 loaded data/1536/stackoverflow_a2q_tw.sub785.txt (|V_local|=1592  t_range=[601221,239663380])
rank=785 loaded routing data/1536/stackoverflow_a2q_tw.rt785.txt (1092 entries)
rank=785 added 2 boundary-only nodes from routing
rank=809/1536 dataset=stackoverflow_a2q_tw walkers=5208 (4213272..4218479) steps=30 mode=0 sched=single-bucket delta_t=0 policy=0
rank=809 loaded data/1536/stackoverflow_a2q_tw.sub809.txt (|V_local|=1651  t_range=[3248211,239644348])
rank=809 loaded routing data/1536/stackoverflow_a2q_tw.rt809.txt (845 entries)
rank=1017/1536 dataset=stackoverflow_a2q_tw walkers=5208 (5296536..5301743) steps=30 mode=0 sched=single-bucket delta_t=0 policy=0
rank=1017 loaded data/1536/stackoverflow_a2q_tw.sub1017.txt (|V_local|=1584  t_range=[7868773,239684558])
rank=1017 loaded routing data/1536/stackoverflow_a2q_tw.rt1017.txt (1148 entries)
rank=1017 added 2 boundary-only nodes from routing
rank=1014/1536 dataset=stackoverflow_a2q_tw walkers=5208 (5280912..5286119) steps=30 mode=0 sched=single-bucket delta_t=0 policy=0
rank=1014 loaded data/1536/stackoverflow_a2q_tw.sub1014.txt (|V_local|=1592  t_range=[24255107,239690354])
rank=1014 loaded routing data/1536/stackoverflow_a2q_tw.rt1014.txt (1038 entries)
rank=1013/1536 dataset=stackoverflow_a2q_tw walkers=5208 (5275704..5280911) steps=30 mode=0 sched=single-bucket delta_t=0 policy=0
rank=1013 loaded data/1536/stackoverflow_a2q_tw.sub1013.txt (|V_local|=1598  t_range=[6329767,239673197])
rank=1013 loaded routing data/1536/stackoverflow_a2q_tw.rt1013.txt (831 entries)
rank=1055/1536 dataset=stackoverflow_a2q_tw walkers=5208 (5494440..5499647) steps=30 mode=0 sched=single-bucket delta_t=0 policy=0
rank=1055 loaded data/1536/stackoverflow_a2q_tw.sub1055.txt (|V_local|=1651  t_range=[4146959,239694294])
rank=1055 loaded routing data/1536/stackoverflow_a2q_tw.rt1055.txt (850 entries)
rank=1055 added 1 boundary-only nodes from routing
rank=1015/1536 dataset=stackoverflow_a2q_tw walkers=5208 (5286120..5291327) steps=30 mode=0 sched=single-bucket delta_t=0 policy=0
rank=1015 loaded data/1536/stackoverflow_a2q_tw.sub1015.txt (|V_local|=1649  t_range=[39986875,239671457])
rank=1015 loaded routing data/1536/stackoverflow_a2q_tw.rt1015.txt (1114 entries)
rank=1039/1536 dataset=stackoverflow_a2q_tw walkers=5208 (5411112..5416319) steps=30 mode=0 sched=single-bucket delta_t=0 policy=0
rank=1039 loaded data/1536/stackoverflow_a2q_tw.sub1039.txt (|V_local|=1650  t_range=[41728797,239698479])
rank=1039 loaded routing data/1536/stackoverflow_a2q_tw.rt1039.txt (980 entries)
rank=1039 added 2 boundary-only nodes from routing
rank=1009/1536 dataset=stackoverflow_a2q_tw walkers=5208 (5254872..5260079) steps=30 mode=0 sched=single-bucket delta_t=0 policy=0
rank=1009 loaded data/1536/stackoverflow_a2q_tw.sub1009.txt (|V_local|=1651  t_range=[30627842,239672777])
rank=1009 loaded routing data/1536/stackoverflow_a2q_tw.rt1009.txt (898 entries)
rank=1010/1536 dataset=stackoverflow_a2q_tw walkers=5208 (5260080..5265287) steps=30 mode=0 sched=single-bucket delta_t=0 policy=0
rank=1010 loaded data/1536/stackoverflow_a2q_tw.sub1010.txt (|V_local|=1581  t_range=[29287871,239677683])
rank=1010 loaded routing data/1536/stackoverflow_a2q_tw.rt1010.txt (932 entries)
rank=1010 added 2 boundary-only nodes from routing
rank=1054/1536 dataset=stackoverflow_a2q_tw walkers=5208 (5489232..5494439) steps=30 mode=0 sched=single-bucket delta_t=0 policy=0
rank=1054 loaded data/1536/stackoverflow_a2q_tw.sub1054.txt (|V_local|=1589  t_range=[16363672,239672894])
rank=1054 loaded routing data/1536/stackoverflow_a2q_tw.rt1054.txt (1049 entries)
rank=1054 added 1 boundary-only nodes from routing
rank=1050/1536 dataset=stackoverflow_a2q_tw walkers=5208 (5468400..5473607) steps=30 mode=0 sched=single-bucket delta_t=0 policy=0
rank=1050 loaded data/1536/stackoverflow_a2q_tw.sub1050.txt (|V_local|=1589  t_range=[7442651,239673578])
rank=1050 loaded routing data/1536/stackoverflow_a2q_tw.rt1050.txt (1069 entries)
rank=1050 added 2 boundary-only nodes from routing
rank=1021/1536 dataset=stackoverflow_a2q_tw walkers=5208 (5317368..5322575) steps=30 mode=0 sched=single-bucket delta_t=0 policy=0
rank=1021 loaded data/1536/stackoverflow_a2q_tw.sub1021.txt (|V_local|=1591  t_range=[32138064,239564071])
rank=1021 loaded routing data/1536/stackoverflow_a2q_tw.rt1021.txt (1057 entries)
rank=1021 added 3 boundary-only nodes from routing
rank=1037/1536 dataset=stackoverflow_a2q_tw walkers=5208 (5400696..5405903) steps=30 mode=0 sched=single-bucket delta_t=0 policy=0
rank=1037 loaded data/1536/stackoverflow_a2q_tw.sub1037.txt (|V_local|=1582  t_range=[21253210,239667548])
rank=1037 loaded routing data/1536/stackoverflow_a2q_tw.rt1037.txt (1102 entries)
rank=1037 added 5 boundary-only nodes from routing
rank=1028/1536 dataset=stackoverflow_a2q_tw walkers=5208 (5353824..5359031) steps=30 mode=0 sched=single-bucket delta_t=0 policy=0
rank=1028 loaded data/1536/stackoverflow_a2q_tw.sub1028.txt (|V_local|=1651  t_range=[11642546,239610577])
rank=1028 loaded routing data/1536/stackoverflow_a2q_tw.rt1028.txt (756 entries)
rank=1028 added 1 boundary-only nodes from routing
rank=1020/1536 dataset=stackoverflow_a2q_tw walkers=5208 (5312160..5317367) steps=30 mode=0 sched=single-bucket delta_t=0 policy=0
rank=1020 loaded data/1536/stackoverflow_a2q_tw.sub1020.txt (|V_local|=1586  t_range=[5373805,239497412])
rank=1020 loaded routing data/1536/stackoverflow_a2q_tw.rt1020.txt (1056 entries)
rank=1020 added 5 boundary-only nodes from routing
rank=1018/1536 dataset=stackoverflow_a2q_tw walkers=5208 (5301744..5306951) steps=30 mode=0 sched=single-bucket delta_t=0 policy=0
rank=1018 loaded data/1536/stackoverflow_a2q_tw.sub1018.txt (|V_local|=1594  t_range=[6595987,239671537])
rank=1018 loaded routing data/1536/stackoverflow_a2q_tw.rt1018.txt (1066 entries)
rank=1027/1536 dataset=stackoverflow_a2q_tw walkers=5208 (5348616..5353823) steps=30 mode=0 sched=single-bucket delta_t=0 policy=0
rank=1027 loaded data/1536/stackoverflow_a2q_tw.sub1027.txt (|V_local|=1652  t_range=[53795225,239586382])
rank=1027 loaded routing data/1536/stackoverflow_a2q_tw.rt1027.txt (749 entries)
rank=1024/1536 dataset=stackoverflow_a2q_tw walkers=5208 (5332992..5338199) steps=30 mode=0 sched=single-bucket delta_t=0 policy=0
rank=1024 loaded data/1536/stackoverflow_a2q_tw.sub1024.txt (|V_local|=1652  t_range=[21589784,239666567])
rank=1024 loaded routing data/1536/stackoverflow_a2q_tw.rt1024.txt (736 entries)
rank=1012/1536 dataset=stackoverflow_a2q_tw walkers=5208 (5270496..5275703) steps=30 mode=0 sched=single-bucket delta_t=0 policy=0
rank=1012 loaded data/1536/stackoverflow_a2q_tw.sub1012.txt (|V_local|=1601  t_range=[4448712,239618487])
rank=1012 loaded routing data/1536/stackoverflow_a2q_tw.rt1012.txt (838 entries)
rank=1053/1536 dataset=stackoverflow_a2q_tw walkers=5208 (5484024..5489231) steps=30 mode=0 sched=single-bucket delta_t=0 policy=0
rank=1053 loaded data/1536/stackoverflow_a2q_tw.sub1053.txt (|V_local|=1585  t_range=[8889716,239671529])
rank=1053 loaded routing data/1536/stackoverflow_a2q_tw.rt1053.txt (1001 entries)
rank=1011/1536 dataset=stackoverflow_a2q_tw walkers=5208 (5265288..5270495) steps=30 mode=0 sched=single-bucket delta_t=0 policy=0
rank=1011 loaded data/1536/stackoverflow_a2q_tw.sub1011.txt (|V_local|=1583  t_range=[24432353,239670526])
rank=1011 loaded routing data/1536/stackoverflow_a2q_tw.rt1011.txt (1002 entries)
rank=1029/1536 dataset=stackoverflow_a2q_tw walkers=5208 (5359032..5364239) steps=30 mode=0 sched=single-bucket delta_t=0 policy=0
rank=1029 loaded data/1536/stackoverflow_a2q_tw.sub1029.txt (|V_local|=1584  t_range=[4317297,239651747])
rank=1029 loaded routing data/1536/stackoverflow_a2q_tw.rt1029.txt (1066 entries)
rank=1043/1536 dataset=stackoverflow_a2q_tw walkers=5208 (5431944..5437151) steps=30 mode=0 sched=single-bucket delta_t=0 policy=0
rank=1043 loaded data/1536/stackoverflow_a2q_tw.sub1043.txt (|V_local|=1607  t_range=[13278260,239668891])
rank=1043 loaded routing data/1536/stackoverflow_a2q_tw.rt1043.txt (1108 entries)
rank=1043 added 2 boundary-only nodes from routing
rank=1040/1536 dataset=stackoverflow_a2q_tw walkers=5208 (5416320..5421527) steps=30 mode=0 sched=single-bucket delta_t=0 policy=0
rank=1040 loaded data/1536/stackoverflow_a2q_tw.sub1040.txt (|V_local|=1592  t_range=[37919514,239690238])
rank=1040 loaded routing data/1536/stackoverflow_a2q_tw.rt1040.txt (1038 entries)
rank=1025/1536 dataset=stackoverflow_a2q_tw walkers=5208 (5338200..5343407) steps=30 mode=0 sched=single-bucket delta_t=0 policy=0
rank=1025 loaded data/1536/stackoverflow_a2q_tw.sub1025.txt (|V_local|=1595  t_range=[34264336,239672530])
rank=1397/1536 dataset=stackoverflow_a2q_tw walkers=5208 (7275576..7280783) steps=30 mode=0 sched=single-bucket delta_t=0 policy=0
rank=1397 loaded data/1536/stackoverflow_a2q_tw.sub1397.txt (|V_local|=1588  t_range=[28963739,239643841])
rank=1397 loaded routing data/1536/stackoverflow_a2q_tw.rt1397.txt (1056 entries)
rank=1393/1536 dataset=stackoverflow_a2q_tw walkers=5208 (7254744..7259951) steps=30 mode=0 sched=single-bucket delta_t=0 policy=0
rank=1393 loaded data/1536/stackoverflow_a2q_tw.sub1393.txt (|V_local|=1587  t_range=[8133192,239563130])
rank=1393 loaded routing data/1536/stackoverflow_a2q_tw.rt1393.txt (1153 entries)
rank=1393 added 3 boundary-only nodes from routing
rank=1418/1536 dataset=stackoverflow_a2q_tw walkers=5208 (7384944..7390151) steps=30 mode=0 sched=single-bucket delta_t=0 policy=0
rank=1418 loaded data/1536/stackoverflow_a2q_tw.sub1418.txt (|V_local|=1588  t_range=[27900783,239687288])
rank=1418 loaded routing data/1536/stackoverflow_a2q_tw.rt1418.txt (1048 entries)
rank=1403/1536 dataset=stackoverflow_a2q_tw walkers=5208 (7306824..7312031) steps=30 mode=0 sched=single-bucket delta_t=0 policy=0
rank=1403 loaded data/1536/stackoverflow_a2q_tw.sub1403.txt (|V_local|=1590  t_range=[10355607,239682831])
rank=1403 loaded routing data/1536/stackoverflow_a2q_tw.rt1403.txt (1079 entries)
rank=1403 added 1 boundary-only nodes from routing
rank=1438/1536 dataset=stackoverflow_a2q_tw walkers=5208 (7489104..7494311) steps=30 mode=0 sched=single-bucket delta_t=0 policy=0
rank=1438 loaded data/1536/stackoverflow_a2q_tw.sub1438.txt (|V_local|=1592  t_range=[37791516,239698527])
rank=1438 loaded routing data/1536/stackoverflow_a2q_tw.rt1438.txt (1104 entries)
rank=1438 added 2 boundary-only nodes from routing
rank=1430/1536 dataset=stackoverflow_a2q_tw walkers=5208 (7447440..7452647) steps=30 mode=0 sched=single-bucket delta_t=0 policy=0
rank=1430 loaded data/1536/stackoverflow_a2q_tw.sub1430.txt (|V_local|=1586  t_range=[25313124,239695372])
rank=1430 loaded routing data/1536/stackoverflow_a2q_tw.rt1430.txt (1082 entries)
rank=1437/1536 dataset=stackoverflow_a2q_tw walkers=5208 (7483896..7489103) steps=30 mode=0 sched=single-bucket delta_t=0 policy=0
rank=1437 loaded data/1536/stackoverflow_a2q_tw.sub1437.txt (|V_local|=1586  t_range=[4147159,239673998])
rank=1437 loaded routing data/1536/stackoverflow_a2q_tw.rt1437.txt (1141 entries)
rank=1411/1536 dataset=stackoverflow_a2q_tw walkers=5208 (7348488..7353695) steps=30 mode=0 sched=single-bucket delta_t=0 policy=0
rank=1411 loaded data/1536/stackoverflow_a2q_tw.sub1411.txt (|V_local|=1589  t_range=[31958286,239675454])
rank=1411 loaded routing data/1536/stackoverflow_a2q_tw.rt1411.txt (1083 entries)
rank=1411 added 1 boundary-only nodes from routing
rank=1429/1536 dataset=stackoverflow_a2q_tw walkers=5208 (7442232..7447439) steps=30 mode=0 sched=single-bucket delta_t=0 policy=0
rank=1429 loaded data/1536/stackoverflow_a2q_tw.sub1429.txt (|V_local|=1595  t_range=[4026445,239696929])
rank=1429 loaded routing data/1536/stackoverflow_a2q_tw.rt1429.txt (991 entries)
rank=1392/1536 dataset=stackoverflow_a2q_tw walkers=5208 (7249536..7254743) steps=30 mode=0 sched=single-bucket delta_t=0 policy=0
rank=1392 loaded data/1536/stackoverflow_a2q_tw.sub1392.txt (|V_local|=1591  t_range=[5957827,239680389])
rank=1392 loaded routing data/1536/stackoverflow_a2q_tw.rt1392.txt (1058 entries)
rank=1392 added 4 boundary-only nodes from routing
rank=1433/1536 dataset=stackoverflow_a2q_tw walkers=5208 (7463064..7468271) steps=30 mode=0 sched=single-bucket delta_t=0 policy=0
rank=1433 loaded data/1536/stackoverflow_a2q_tw.sub1433.txt (|V_local|=1651  t_range=[26359581,239694563])
rank=1433 loaded routing data/1536/stackoverflow_a2q_tw.rt1433.txt (959 entries)
rank=1415/1536 dataset=stackoverflow_a2q_tw walkers=5208 (7369320..7374527) steps=30 mode=0 sched=single-bucket delta_t=0 policy=0
rank=1415 loaded data/1536/stackoverflow_a2q_tw.sub1415.txt (|V_local|=1649  t_range=[35363874,239595858])
rank=1415 loaded routing data/1536/stackoverflow_a2q_tw.rt1415.txt (1135 entries)
rank=1415 added 1 boundary-only nodes from routing
rank=1406/1536 dataset=stackoverflow_a2q_tw walkers=5208 (7322448..7327655) steps=30 mode=0 sched=single-bucket delta_t=0 policy=0
rank=1406 loaded data/1536/stackoverflow_a2q_tw.sub1406.txt (|V_local|=1616  t_range=[14610764,239694900])
rank=1406 loaded routing data/1536/stackoverflow_a2q_tw.rt1406.txt (1003 entries)
rank=1406 added 1 boundary-only nodes from routing
rank=1399/1536 dataset=stackoverflow_a2q_tw walkers=5208 (7285992..7291199) steps=30 mode=0 sched=single-bucket delta_t=0 policy=0
rank=1399 loaded data/1536/stackoverflow_a2q_tw.sub1399.txt (|V_local|=1588  t_range=[3998982,239646106])
rank=1399 loaded routing data/1536/stackoverflow_a2q_tw.rt1399.txt (1107 entries)
rank=1399 added 2 boundary-only nodes from routing
rank=1395/1536 dataset=stackoverflow_a2q_tw walkers=5208 (7265160..7270367) steps=30 mode=0 sched=single-bucket delta_t=0 policy=0
rank=1395 loaded data/1536/stackoverflow_a2q_tw.sub1395.txt (|V_local|=1593  t_range=[6017806,239684442])
rank=1395 loaded routing data/1536/stackoverflow_a2q_tw.rt1395.txt (1128 entries)
rank=1396/1536 dataset=stackoverflow_a2q_tw walkers=5208 (7270368..7275575) steps=30 mode=0 sched=single-bucket delta_t=0 policy=0
rank=1396 loaded data/1536/stackoverflow_a2q_tw.sub1396.txt (|V_local|=1586  t_range=[2746594,239669239])
rank=1396 loaded routing data/1536/stackoverflow_a2q_tw.rt1396.txt (1139 entries)
rank=1396 added 2 boundary-only nodes from routing
rank=1400/1536 dataset=stackoverflow_a2q_tw walkers=5208 (7291200..7296407) steps=30 mode=0 sched=single-bucket delta_t=0 policy=0
rank=1400 loaded data/1536/stackoverflow_a2q_tw.sub1400.txt (|V_local|=1591  t_range=[23564184,239671509])
rank=1400 loaded routing data/1536/stackoverflow_a2q_tw.rt1400.txt (1118 entries)
rank=1400 added 1 boundary-only nodes from routing
rank=1419/1536 dataset=stackoverflow_a2q_tw walkers=5208 (7390152..7395359) steps=30 mode=0 sched=single-bucket delta_t=0 policy=0
rank=1419 loaded data/1536/stackoverflow_a2q_tw.sub1419.txt (|V_local|=1593  t_range=[14697033,239680006])
rank=1419 loaded routing data/1536/stackoverflow_a2q_tw.rt1419.txt (1072 entries)
rank=1401/1536 dataset=stackoverflow_a2q_tw walkers=5208 (7296408..7301615) steps=30 mode=0 sched=single-bucket delta_t=0 policy=0
rank=1401 loaded data/1536/stackoverflow_a2q_tw.sub1401.txt (|V_local|=1591  t_range=[18548798,239671440])
rank=1401 loaded routing data/1536/stackoverflow_a2q_tw.rt1401.txt (1042 entries)
rank=1413/1536 dataset=stackoverflow_a2q_tw walkers=5208 (7358904..7364111) steps=30 mode=0 sched=single-bucket delta_t=0 policy=0
rank=1413 loaded data/1536/stackoverflow_a2q_tw.sub1413.txt (|V_local|=1588  t_range=[3710711,239546694])
rank=1413 loaded routing data/1536/stackoverflow_a2q_tw.rt1413.txt (1118 entries)
rank=1413 added 1 boundary-only nodes from routing
rank=1405/1536 dataset=stackoverflow_a2q_tw walkers=5208 (7317240..7322447) steps=30 mode=0 sched=single-bucket delta_t=0 policy=0
rank=1405 loaded data/1536/stackoverflow_a2q_tw.sub1405.txt (|V_local|=1649  t_range=[33228221,239676147])
rank=1405 loaded routing data/1536/stackoverflow_a2q_tw.rt1405.txt (927 entries)
rank=1405 added 1 boundary-only nodes from routing
rank=1428/1536 dataset=stackoverflow_a2q_tw walkers=5208 (7437024..7442231) steps=30 mode=0 sched=single-bucket delta_t=0 policy=0
rank=1428 loaded data/1536/stackoverflow_a2q_tw.sub1428.txt (|V_local|=1591  t_range=[18466106,239698704])
rank=1428 loaded routing data/1536/stackoverflow_a2q_tw.rt1428.txt (1084 entries)
rank=1428 added 1 boundary-only nodes from routing
rank=1439/1536 dataset=stackoverflow_a2q_tw walkers=5208 (7494312..7499519) steps=30 mode=0 sched=single-bucket delta_t=0 policy=0
rank=1439 loaded data/1536/stackoverflow_a2q_tw.sub1439.txt (|V_local|=1595  t_range=[28028705,239679702])
rank=1439 loaded routing data/1536/stackoverflow_a2q_tw.rt1439.txt (1087 entries)
rank=1439 added 1 boundary-only nodes from routing
rank=964/1536 dataset=stackoverflow_a2q_tw walkers=5208 (5020512..5025719) steps=30 mode=0 sched=single-bucket delta_t=0 policy=0
rank=964 loaded data/1536/stackoverflow_a2q_tw.sub964.txt (|V_local|=1643  t_range=[37994913,239576733])
rank=964 loaded routing data/1536/stackoverflow_a2q_tw.rt964.txt (1052 entries)
rank=964 added 8 boundary-only nodes from routing
rank=965/1536 dataset=stackoverflow_a2q_tw walkers=5208 (5025720..5030927) steps=30 mode=0 sched=single-bucket delta_t=0 policy=0
rank=965 loaded data/1536/stackoverflow_a2q_tw.sub965.txt (|V_local|=1645  t_range=[36122633,239680606])
rank=965 loaded routing data/1536/stackoverflow_a2q_tw.rt965.txt (1004 entries)
rank=965 added 7 boundary-only nodes from routing
rank=975/1536 dataset=stackoverflow_a2q_tw walkers=5208 (5077800..5083007) steps=30 mode=0 sched=single-bucket delta_t=0 policy=0
rank=975 loaded data/1536/stackoverflow_a2q_tw.sub975.txt (|V_local|=1587  t_range=[19173253,239659236])
rank=975 loaded routing data/1536/stackoverflow_a2q_tw.rt975.txt (1037 entries)
rank=975 added 2 boundary-only nodes from routing
rank=963/1536 dataset=stackoverflow_a2q_tw walkers=5208 (5015304..5020511) steps=30 mode=0 sched=single-bucket delta_t=0 policy=0
rank=963 loaded data/1536/stackoverflow_a2q_tw.sub963.txt (|V_local|=1587  t_range=[4135559,239577326])
rank=963 loaded routing data/1536/stackoverflow_a2q_tw.rt963.txt (1023 entries)
rank=963 added 2 boundary-only nodes from routing
rank=969/1536 dataset=stackoverflow_a2q_tw walkers=5208 (5046552..5051759) steps=30 mode=0 sched=single-bucket delta_t=0 policy=0
rank=969 loaded data/1536/stackoverflow_a2q_tw.sub969.txt (|V_local|=1580  t_range=[9663829,239672437])
rank=969 loaded routing data/1536/stackoverflow_a2q_tw.rt969.txt (1065 entries)
rank=969 added 9 boundary-only nodes from routing
rank=976/1536 dataset=stackoverflow_a2q_tw walkers=5208 (5083008..5088215) steps=30 mode=0 sched=single-bucket delta_t=0 policy=0
rank=976 loaded data/1536/stackoverflow_a2q_tw.sub976.txt (|V_local|=1652  t_range=[51205343,239687314])
rank=976 loaded routing data/1536/stackoverflow_a2q_tw.rt976.txt (723 entries)
rank=961/1536 dataset=stackoverflow_a2q_tw walkers=5208 (5004888..5010095) steps=30 mode=0 sched=single-bucket delta_t=0 policy=0
rank=961 loaded data/1536/stackoverflow_a2q_tw.sub961.txt (|V_local|=1581  t_range=[38418302,239645852])
rank=961 loaded routing data/1536/stackoverflow_a2q_tw.rt961.txt (1064 entries)
rank=961 added 6 boundary-only nodes from routing
rank=971/1536 dataset=stackoverflow_a2q_tw walkers=5208 (5056968..5062175) steps=30 mode=0 sched=single-bucket delta_t=0 policy=0
rank=971 loaded data/1536/stackoverflow_a2q_tw.sub971.txt (|V_local|=1652  t_range=[43745200,239687617])
rank=971 loaded routing data/1536/stackoverflow_a2q_tw.rt971.txt (619 entries)
rank=968/1536 dataset=stackoverflow_a2q_tw walkers=5208 (5041344..5046551) steps=30 mode=0 sched=single-bucket delta_t=0 policy=0
rank=968 loaded data/1536/stackoverflow_a2q_tw.sub968.txt (|V_local|=1652  t_range=[28170652,239654151])
rank=968 loaded routing data/1536/stackoverflow_a2q_tw.rt968.txt (639 entries)
rank=977/1536 dataset=stackoverflow_a2q_tw walkers=5208 (5088216..5093423) steps=30 mode=0 sched=single-bucket delta_t=0 policy=0
rank=977 loaded data/1536/stackoverflow_a2q_tw.sub977.txt (|V_local|=1648  t_range=[2281032,239679179])
rank=977 loaded routing data/1536/stackoverflow_a2q_tw.rt977.txt (987 entries)
rank=977 added 4 boundary-only nodes from routing
rank=960/1536 dataset=stackoverflow_a2q_tw walkers=5208 (4999680..5004887) steps=30 mode=0 sched=single-bucket delta_t=0 policy=0
rank=960 loaded data/1536/stackoverflow_a2q_tw.sub960.txt (|V_local|=1586  t_range=[7240292,239629697])
rank=960 loaded routing data/1536/stackoverflow_a2q_tw.rt960.txt (1003 entries)
rank=960 added 3 boundary-only nodes from routing
rank=972/1536 dataset=stackoverflow_a2q_tw walkers=5208 (5062176..5067383) steps=30 mode=0 sched=single-bucket delta_t=0 policy=0
rank=972 loaded data/1536/stackoverflow_a2q_tw.sub972.txt (|V_local|=1586  t_range=[3604526,239686507])
rank=972 loaded routing data/1536/stackoverflow_a2q_tw.rt972.txt (1071 entries)
rank=972 added 6 boundary-only nodes from routing
rank=992/1536 dataset=stackoverflow_a2q_tw walkers=5208 (5166336..5171543) steps=30 mode=0 sched=single-bucket delta_t=0 policy=0
rank=992 loaded data/1536/stackoverflow_a2q_tw.sub992.txt (|V_local|=1591  t_range=[17342222,239686882])
rank=992 loaded routing data/1536/stackoverflow_a2q_tw.rt992.txt (979 entries)
rank=978/1536 dataset=stackoverflow_a2q_tw walkers=5208 (5093424..5098631) steps=30 mode=0 sched=single-bucket delta_t=0 policy=0
rank=978 loaded data/1536/stackoverflow_a2q_tw.sub978.txt (|V_local|=1586  t_range=[37018365,239582595])
rank=978 loaded routing data/1536/stackoverflow_a2q_tw.rt978.txt (1100 entries)
rank=978 added 2 boundary-only nodes from routing
rank=966/1536 dataset=stackoverflow_a2q_tw walkers=5208 (5030928..5036135) steps=30 mode=0 sched=single-bucket delta_t=0 policy=0
rank=966 loaded data/1536/stackoverflow_a2q_tw.sub966.txt (|V_local|=1594  t_range=[6796877,239570991])
rank=966 loaded routing data/1536/stackoverflow_a2q_tw.rt966.txt (1008 entries)
rank=966 added 1 boundary-only nodes from routing
rank=979/1536 dataset=stackoverflow_a2q_tw walkers=5208 (5098632..5103839) steps=30 mode=0 sched=single-bucket delta_t=0 policy=0
rank=979 loaded data/1536/stackoverflow_a2q_tw.sub979.txt (|V_local|=1587  t_range=[20650476,239681487])
rank=979 loaded routing data/1536/stackoverflow_a2q_tw.rt979.txt (1074 entries)
rank=979 added 4 boundary-only nodes from routing
rank=990/1536 dataset=stackoverflow_a2q_tw walkers=5208 (5155920..5161127) steps=30 mode=0 sched=single-bucket delta_t=0 policy=0
rank=990 loaded data/1536/stackoverflow_a2q_tw.sub990.txt (|V_local|=1590  t_range=[4099206,239678855])
rank=990 loaded routing data/1536/stackoverflow_a2q_tw.rt990.txt (1067 entries)
rank=990 added 2 boundary-only nodes from routing
rank=989/1536 dataset=stackoverflow_a2q_tw walkers=5208 (5150712..5155919) steps=30 mode=0 sched=single-bucket delta_t=0 policy=0
rank=989 loaded data/1536/stackoverflow_a2q_tw.sub989.txt (|V_local|=1652  t_range=[3455215,239632213])
rank=989 loaded routing data/1536/stackoverflow_a2q_tw.rt989.txt (617 entries)
rank=974/1536 dataset=stackoverflow_a2q_tw walkers=5208 (5072592..5077799) steps=30 mode=0 sched=single-bucket delta_t=0 policy=0
rank=974 loaded data/1536/stackoverflow_a2q_tw.sub974.txt (|V_local|=1650  t_range=[34515356,239678898])
rank=974 loaded routing data/1536/stackoverflow_a2q_tw.rt974.txt (865 entries)
rank=974 added 2 boundary-only nodes from routing
rank=962/1536 dataset=stackoverflow_a2q_tw walkers=5208 (5010096..5015303) steps=30 mode=0 sched=single-bucket delta_t=0 policy=0
rank=962 loaded data/1536/stackoverflow_a2q_tw.sub962.txt (|V_local|=1649  t_range=[58087527,239668968])
rank=962 loaded routing data/1536/stackoverflow_a2q_tw.rt962.txt (877 entries)
rank=962 added 3 boundary-only nodes from routing
rank=1001/1536 dataset=stackoverflow_a2q_tw walkers=5208 (5213208..5218415) steps=30 mode=0 sched=single-bucket delta_t=0 policy=0
rank=1001 loaded data/1536/stackoverflow_a2q_tw.sub1001.txt (|V_local|=1651  t_range=[23491993,239690603])
rank=1001 loaded routing data/1536/stackoverflow_a2q_tw.rt1001.txt (803 entries)
rank=993/1536 dataset=stackoverflow_a2q_tw walkers=5208 (5171544..5176751) steps=30 mode=0 sched=single-bucket delta_t=0 policy=0
rank=993 loaded data/1536/stackoverflow_a2q_tw.sub993.txt (|V_local|=1590  t_range=[4293700,239662517])
rank=993 loaded routing data/1536/stackoverflow_a2q_tw.rt993.txt (899 entries)
rank=993 added 2 boundary-only nodes from routing
rank=973/1536 dataset=stackoverflow_a2q_tw walkers=5208 (5067384..5072591) steps=30 mode=0 sched=single-bucket delta_t=0 policy=0
rank=973 loaded data/1536/stackoverflow_a2q_tw.sub973.txt (|V_local|=1647  t_range=[48905566,239686889])
rank=973 loaded routing data/1536/stackoverflow_a2q_tw.rt973.txt (850 entries)
rank=973 added 5 boundary-only nodes from routing
rank=576/1536 dataset=stackoverflow_a2q_tw walkers=5208 (2999808..3005015) steps=30 mode=0 sched=single-bucket delta_t=0 policy=0
rank=576 loaded data/1536/stackoverflow_a2q_tw.sub576.txt (|V_local|=1591  t_range=[4061647,239576747])
rank=576 loaded routing data/1536/stackoverflow_a2q_tw.rt576.txt (1079 entries)
rank=576 added 3 boundary-only nodes from routing
rank=596/1536 dataset=stackoverflow_a2q_tw walkers=5208 (3103968..3109175) steps=30 mode=0 sched=single-bucket delta_t=0 policy=0
rank=596 loaded data/1536/stackoverflow_a2q_tw.sub596.txt (|V_local|=1594  t_range=[4920771,239644685])
rank=596 loaded routing data/1536/stackoverflow_a2q_tw.rt596.txt (1021 entries)
rank=593/1536 dataset=stackoverflow_a2q_tw walkers=5208 (3088344..3093551) steps=30 mode=0 sched=single-bucket delta_t=0 policy=0
rank=593 loaded data/1536/stackoverflow_a2q_tw.sub593.txt (|V_local|=1591  t_range=[995641,239594420])
rank=593 loaded routing data/1536/stackoverflow_a2q_tw.rt593.txt (1056 entries)
rank=601/1536 dataset=stackoverflow_a2q_tw walkers=5208 (3130008..3135215) steps=30 mode=0 sched=single-bucket delta_t=0 policy=0
rank=601 loaded data/1536/stackoverflow_a2q_tw.sub601.txt (|V_local|=1592  t_range=[2313723,239659864])
rank=601 loaded routing data/1536/stackoverflow_a2q_tw.rt601.txt (1005 entries)
rank=623/1536 dataset=stackoverflow_a2q_tw walkers=5208 (3244584..3249791) steps=30 mode=0 sched=single-bucket delta_t=0 policy=0
rank=623 loaded data/1536/stackoverflow_a2q_tw.sub623.txt (|V_local|=1634  t_range=[16213418,239672261])
rank=623 loaded routing data/1536/stackoverflow_a2q_tw.rt623.txt (981 entries)
rank=623 added 1 boundary-only nodes from routing
rank=580/1536 dataset=stackoverflow_a2q_tw walkers=5208 (3020640..3025847) steps=30 mode=0 sched=single-bucket delta_t=0 policy=0
rank=580 loaded data/1536/stackoverflow_a2q_tw.sub580.txt (|V_local|=1580  t_range=[1728435,239692784])
rank=580 loaded routing data/1536/stackoverflow_a2q_tw.rt580.txt (1068 entries)
rank=580 added 1 boundary-only nodes from routing
rank=581/1536 dataset=stackoverflow_a2q_tw walkers=5208 (3025848..3031055) steps=30 mode=0 sched=single-bucket delta_t=0 policy=0
rank=581 loaded data/1536/stackoverflow_a2q_tw.sub581.txt (|V_local|=1588  t_range=[16160099,239640765])
rank=581 loaded routing data/1536/stackoverflow_a2q_tw.rt581.txt (1069 entries)
rank=581 added 2 boundary-only nodes from routing
rank=589/1536 dataset=stackoverflow_a2q_tw walkers=5208 (3067512..3072719) steps=30 mode=0 sched=single-bucket delta_t=0 policy=0
rank=589 loaded data/1536/stackoverflow_a2q_tw.sub589.txt (|V_local|=1591  t_range=[42769117,239594344])
rank=589 loaded routing data/1536/stackoverflow_a2q_tw.rt589.txt (1040 entries)
rank=587/1536 dataset=stackoverflow_a2q_tw walkers=5208 (3057096..3062303) steps=30 mode=0 sched=single-bucket delta_t=0 policy=0
rank=587 loaded data/1536/stackoverflow_a2q_tw.sub587.txt (|V_local|=1644  t_range=[18826564,239629958])
rank=587 loaded routing data/1536/stackoverflow_a2q_tw.rt587.txt (940 entries)
rank=577/1536 dataset=stackoverflow_a2q_tw walkers=5208 (3005016..3010223) steps=30 mode=0 sched=single-bucket delta_t=0 policy=0
rank=577 loaded data/1536/stackoverflow_a2q_tw.sub577.txt (|V_local|=1589  t_range=[2498532,239677179])
rank=577 loaded routing data/1536/stackoverflow_a2q_tw.rt577.txt (1040 entries)
rank=577 added 1 boundary-only nodes from routing
rank=579/1536 dataset=stackoverflow_a2q_tw walkers=5208 (3015432..3020639) steps=30 mode=0 sched=single-bucket delta_t=0 policy=0
rank=579 loaded data/1536/stackoverflow_a2q_tw.sub579.txt (|V_local|=1591  t_range=[9417316,239644671])
rank=579 loaded routing data/1536/stackoverflow_a2q_tw.rt579.txt (1116 entries)
rank=597/1536 dataset=stackoverflow_a2q_tw walkers=5208 (3109176..3114383) steps=30 mode=0 sched=single-bucket delta_t=0 policy=0
rank=597 loaded data/1536/stackoverflow_a2q_tw.sub597.txt (|V_local|=1586  t_range=[5361290,239564766])
rank=597 loaded routing data/1536/stackoverflow_a2q_tw.rt597.txt (1063 entries)
rank=597 added 1 boundary-only nodes from routing
rank=613/1536 dataset=stackoverflow_a2q_tw walkers=5208 (3192504..3197711) steps=30 mode=0 sched=single-bucket delta_t=0 policy=0
rank=613 loaded data/1536/stackoverflow_a2q_tw.sub613.txt (|V_local|=1591  t_range=[4916524,239696352])
rank=613 loaded routing data/1536/stackoverflow_a2q_tw.rt613.txt (1029 entries)
rank=578/1536 dataset=stackoverflow_a2q_tw walkers=5208 (3010224..3015431) steps=30 mode=0 sched=single-bucket delta_t=0 policy=0
rank=578 loaded data/1536/stackoverflow_a2q_tw.sub578.txt (|V_local|=1594  t_range=[5858558,239661500])
rank=578 loaded routing data/1536/stackoverflow_a2q_tw.rt578.txt (1004 entries)
rank=610/1536 dataset=stackoverflow_a2q_tw walkers=5208 (3176880..3182087) steps=30 mode=0 sched=single-bucket delta_t=0 policy=0
rank=610 loaded data/1536/stackoverflow_a2q_tw.sub610.txt (|V_local|=1593  t_range=[13571614,239686025])
rank=610 loaded routing data/1536/stackoverflow_a2q_tw.rt610.txt (950 entries)
rank=612/1536 dataset=stackoverflow_a2q_tw walkers=5208 (3187296..3192503) steps=30 mode=0 sched=single-bucket delta_t=0 policy=0
rank=612 loaded data/1536/stackoverflow_a2q_tw.sub612.txt (|V_local|=1583  t_range=[20629702,239672074])
rank=612 loaded routing data/1536/stackoverflow_a2q_tw.rt612.txt (1028 entries)
rank=600/1536 dataset=stackoverflow_a2q_tw walkers=5208 (3124800..3130007) steps=30 mode=0 sched=single-bucket delta_t=0 policy=0
rank=600 loaded data/1536/stackoverflow_a2q_tw.sub600.txt (|V_local|=1589  t_range=[8887115,239684167])
rank=600 loaded routing data/1536/stackoverflow_a2q_tw.rt600.txt (1099 entries)
rank=608/1536 dataset=stackoverflow_a2q_tw walkers=5208 (3166464..3171671) steps=30 mode=0 sched=single-bucket delta_t=0 policy=0
rank=608 loaded data/1536/stackoverflow_a2q_tw.sub608.txt (|V_local|=1606  t_range=[10604241,239665253])
rank=608 loaded routing data/1536/stackoverflow_a2q_tw.rt608.txt (1067 entries)
rank=715/1536 dataset=stackoverflow_a2q_tw walkers=5208 (3723720..3728927) steps=30 mode=0 sched=single-bucket delta_t=0 policy=0
rank=715 loaded data/1536/stackoverflow_a2q_tw.sub715.txt (|V_local|=1588  t_range=[3942504,239663425])
rank=715 loaded routing data/1536/stackoverflow_a2q_tw.rt715.txt (939 entries)
rank=52/1536 dataset=stackoverflow_a2q_tw walkers=5208 (270816..276023) steps=30 mode=0 sched=single-bucket delta_t=0 policy=0
rank=52 loaded data/1536/stackoverflow_a2q_tw.sub52.txt (|V_local|=1650  t_range=[1235217,239678205])
rank=52 loaded routing data/1536/stackoverflow_a2q_tw.rt52.txt (825 entries)
rank=52 added 2 boundary-only nodes from routing
rank=54/1536 dataset=stackoverflow_a2q_tw walkers=5208 (281232..286439) steps=30 mode=0 sched=single-bucket delta_t=0 policy=0
rank=54 loaded data/1536/stackoverflow_a2q_tw.sub54.txt (|V_local|=1590  t_range=[4317869,239693009])
rank=54 loaded routing data/1536/stackoverflow_a2q_tw.rt54.txt (998 entries)
rank=54 added 1 boundary-only nodes from routing
rank=86/1536 dataset=stackoverflow_a2q_tw walkers=5208 (447888..453095) steps=30 mode=0 sched=single-bucket delta_t=0 policy=0
rank=86 loaded data/1536/stackoverflow_a2q_tw.sub86.txt (|V_local|=1592  t_range=[789705,239697438])
rank=86 loaded routing data/1536/stackoverflow_a2q_tw.rt86.txt (1146 entries)
rank=86 added 2 boundary-only nodes from routing
rank=48/1536 dataset=stackoverflow_a2q_tw walkers=5208 (249984..255191) steps=30 mode=0 sched=single-bucket delta_t=0 policy=0
rank=48 loaded data/1536/stackoverflow_a2q_tw.sub48.txt (|V_local|=1590  t_range=[3232920,239528804])
rank=48 loaded routing data/1536/stackoverflow_a2q_tw.rt48.txt (1036 entries)
rank=73/1536 dataset=stackoverflow_a2q_tw walkers=5208 (380184..385391) steps=30 mode=0 sched=single-bucket delta_t=0 policy=0
rank=73 loaded data/1536/stackoverflow_a2q_tw.sub73.txt (|V_local|=1588  t_range=[495252,239686597])
rank=73 loaded routing data/1536/stackoverflow_a2q_tw.rt73.txt (1102 entries)
rank=53/1536 dataset=stackoverflow_a2q_tw walkers=5208 (276024..281231) steps=30 mode=0 sched=single-bucket delta_t=0 policy=0
rank=53 loaded data/1536/stackoverflow_a2q_tw.sub53.txt (|V_local|=1651  t_range=[1281314,239197808])
rank=53 loaded routing data/1536/stackoverflow_a2q_tw.rt53.txt (779 entries)
rank=60/1536 dataset=stackoverflow_a2q_tw walkers=5208 (312480..317687) steps=30 mode=0 sched=single-bucket delta_t=0 policy=0
rank=60 loaded data/1536/stackoverflow_a2q_tw.sub60.txt (|V_local|=1588  t_range=[4189620,239568322])
rank=60 loaded routing data/1536/stackoverflow_a2q_tw.rt60.txt (967 entries)
rank=74/1536 dataset=stackoverflow_a2q_tw walkers=5208 (385392..390599) steps=30 mode=0 sched=single-bucket delta_t=0 policy=0
rank=74 loaded data/1536/stackoverflow_a2q_tw.sub74.txt (|V_local|=1590  t_range=[5702417,239680941])
rank=74 loaded routing data/1536/stackoverflow_a2q_tw.rt74.txt (1033 entries)
rank=74 added 2 boundary-only nodes from routing
rank=66/1536 dataset=stackoverflow_a2q_tw walkers=5208 (343728..348935) steps=30 mode=0 sched=single-bucket delta_t=0 policy=0
rank=66 loaded data/1536/stackoverflow_a2q_tw.sub66.txt (|V_local|=1587  t_range=[15638838,239698329])
rank=66 loaded routing data/1536/stackoverflow_a2q_tw.rt66.txt (1083 entries)
rank=50/1536 dataset=stackoverflow_a2q_tw walkers=5208 (260400..265607) steps=30 mode=0 sched=single-bucket delta_t=0 policy=0
rank=50 loaded data/1536/stackoverflow_a2q_tw.sub50.txt (|V_local|=1651  t_range=[670011,239506430])
rank=50 loaded routing data/1536/stackoverflow_a2q_tw.rt50.txt (942 entries)
rank=94/1536 dataset=stackoverflow_a2q_tw walkers=5208 (489552..494759) steps=30 mode=0 sched=single-bucket delta_t=0 policy=0
rank=94 loaded data/1536/stackoverflow_a2q_tw.sub94.txt (|V_local|=1585  t_range=[13809424,239691980])
rank=94 loaded routing data/1536/stackoverflow_a2q_tw.rt94.txt (1065 entries)
rank=94 added 2 boundary-only nodes from routing
rank=56/1536 dataset=stackoverflow_a2q_tw walkers=5208 (291648..296855) steps=30 mode=0 sched=single-bucket delta_t=0 policy=0
rank=56 loaded data/1536/stackoverflow_a2q_tw.sub56.txt (|V_local|=1651  t_range=[5233339,239687459])
rank=56 loaded routing data/1536/stackoverflow_a2q_tw.rt56.txt (680 entries)
rank=56 added 1 boundary-only nodes from routing
rank=55/1536 dataset=stackoverflow_a2q_tw walkers=5208 (286440..291647) steps=30 mode=0 sched=single-bucket delta_t=0 policy=0
rank=55 loaded data/1536/stackoverflow_a2q_tw.sub55.txt (|V_local|=1652  t_range=[4248567,239662789])
rank=55 loaded routing data/1536/stackoverflow_a2q_tw.rt55.txt (593 entries)
rank=81/1536 dataset=stackoverflow_a2q_tw walkers=5208 (421848..427055) steps=30 mode=0 sched=single-bucket delta_t=0 policy=0
rank=81 loaded data/1536/stackoverflow_a2q_tw.sub81.txt (|V_local|=1589  t_range=[4051487,239675237])
rank=81 loaded routing data/1536/stackoverflow_a2q_tw.rt81.txt (1077 entries)
rank=69/1536 dataset=stackoverflow_a2q_tw walkers=5208 (359352..364559) steps=30 mode=0 sched=single-bucket delta_t=0 policy=0
rank=69 loaded data/1536/stackoverflow_a2q_tw.sub69.txt (|V_local|=1590  t_range=[6922857,239509984])
rank=69 loaded routing data/1536/stackoverflow_a2q_tw.rt69.txt (1067 entries)
rank=69 added 1 boundary-only nodes from routing
rank=49/1536 dataset=stackoverflow_a2q_tw walkers=5208 (255192..260399) steps=30 mode=0 sched=single-bucket delta_t=0 policy=0
rank=49 loaded data/1536/stackoverflow_a2q_tw.sub49.txt (|V_local|=1602  t_range=[2903802,239579123])
rank=49 loaded routing data/1536/stackoverflow_a2q_tw.rt49.txt (915 entries)
rank=49 added 1 boundary-only nodes from routing
rank=77/1536 dataset=stackoverflow_a2q_tw walkers=5208 (401016..406223) steps=30 mode=0 sched=single-bucket delta_t=0 policy=0
rank=77 loaded data/1536/stackoverflow_a2q_tw.sub77.txt (|V_local|=1596  t_range=[6560641,239644201])
rank=77 loaded routing data/1536/stackoverflow_a2q_tw.rt77.txt (1067 entries)
rank=57/1536 dataset=stackoverflow_a2q_tw walkers=5208 (296856..302063) steps=30 mode=0 sched=single-bucket delta_t=0 policy=0
rank=57 loaded data/1536/stackoverflow_a2q_tw.sub57.txt (|V_local|=1578  t_range=[2224713,239680128])
rank=57 loaded routing data/1536/stackoverflow_a2q_tw.rt57.txt (1106 entries)
rank=57 added 7 boundary-only nodes from routing
rank=87/1536 dataset=stackoverflow_a2q_tw walkers=5208 (453096..458303) steps=30 mode=0 sched=single-bucket delta_t=0 policy=0
rank=87 loaded data/1536/stackoverflow_a2q_tw.sub87.txt (|V_local|=1585  t_range=[14476763,239585307])
rank=87 loaded routing data/1536/stackoverflow_a2q_tw.rt87.txt (1102 entries)
rank=87 added 1 boundary-only nodes from routing
rank=866/1536 dataset=stackoverflow_a2q_tw walkers=5208 (4510128..4515335) steps=30 mode=0 sched=single-bucket delta_t=0 policy=0
rank=866 loaded data/1536/stackoverflow_a2q_tw.sub866.txt (|V_local|=1644  t_range=[2560425,239549927])
rank=866 loaded routing data/1536/stackoverflow_a2q_tw.rt866.txt (954 entries)
rank=866 added 7 boundary-only nodes from routing
rank=872/1536 dataset=stackoverflow_a2q_tw walkers=5208 (4541376..4546583) steps=30 mode=0 sched=single-bucket delta_t=0 policy=0
rank=872 loaded data/1536/stackoverflow_a2q_tw.sub872.txt (|V_local|=1588  t_range=[3995969,239694502])
rank=872 loaded routing data/1536/stackoverflow_a2q_tw.rt872.txt (961 entries)
rank=872 added 1 boundary-only nodes from routing
rank=877/1536 dataset=stackoverflow_a2q_tw walkers=5208 (4567416..4572623) steps=30 mode=0 sched=single-bucket delta_t=0 policy=0
rank=877 loaded data/1536/stackoverflow_a2q_tw.sub877.txt (|V_local|=1587  t_range=[2744281,239628044])
rank=877 loaded routing data/1536/stackoverflow_a2q_tw.rt877.txt (1059 entries)
rank=867/1536 dataset=stackoverflow_a2q_tw walkers=5208 (4515336..4520543) steps=30 mode=0 sched=single-bucket delta_t=0 policy=0
rank=867 loaded data/1536/stackoverflow_a2q_tw.sub867.txt (|V_local|=1592  t_range=[4110816,239696916])
rank=867 loaded routing data/1536/stackoverflow_a2q_tw.rt867.txt (1106 entries)
rank=867 added 5 boundary-only nodes from routing
rank=864/1536 dataset=stackoverflow_a2q_tw walkers=5208 (4499712..4504919) steps=30 mode=0 sched=single-bucket delta_t=0 policy=0
rank=864 loaded data/1536/stackoverflow_a2q_tw.sub864.txt (|V_local|=1589  t_range=[4206209,239681367])
rank=864 loaded routing data/1536/stackoverflow_a2q_tw.rt864.txt (1007 entries)
rank=864 added 1 boundary-only nodes from routing
rank=884/1536 dataset=stackoverflow_a2q_tw walkers=5208 (4603872..4609079) steps=30 mode=0 sched=single-bucket delta_t=0 policy=0
rank=884 loaded data/1536/stackoverflow_a2q_tw.sub884.txt (|V_local|=1650  t_range=[1486782,239446744])
rank=884 loaded routing data/1536/stackoverflow_a2q_tw.rt884.txt (793 entries)
rank=884 added 2 boundary-only nodes from routing
rank=865/1536 dataset=stackoverflow_a2q_tw walkers=5208 (4504920..4510127) steps=30 mode=0 sched=single-bucket delta_t=0 policy=0
rank=865 loaded data/1536/stackoverflow_a2q_tw.sub865.txt (|V_local|=1649  t_range=[4488217,239640496])
rank=865 loaded routing data/1536/stackoverflow_a2q_tw.rt865.txt (753 entries)
rank=865 added 1 boundary-only nodes from routing
rank=880/1536 dataset=stackoverflow_a2q_tw walkers=5208 (4583040..4588247) steps=30 mode=0 sched=single-bucket delta_t=0 policy=0
rank=880 loaded data/1536/stackoverflow_a2q_tw.sub880.txt (|V_local|=1581  t_range=[2846924,239580565])
rank=880 loaded routing data/1536/stackoverflow_a2q_tw.rt880.txt (1052 entries)
rank=880 added 7 boundary-only nodes from routing
rank=893/1536 dataset=stackoverflow_a2q_tw walkers=5208 (4650744..4655951) steps=30 mode=0 sched=single-bucket delta_t=0 policy=0
rank=893 loaded data/1536/stackoverflow_a2q_tw.sub893.txt (|V_local|=1586  t_range=[2835459,239572793])
rank=893 loaded routing data/1536/stackoverflow_a2q_tw.rt893.txt (1102 entries)
rank=893 added 6 boundary-only nodes from routing
rank=873/1536 dataset=stackoverflow_a2q_tw walkers=5208 (4546584..4551791) steps=30 mode=0 sched=single-bucket delta_t=0 policy=0
rank=873 loaded data/1536/stackoverflow_a2q_tw.sub873.txt (|V_local|=1582  t_range=[4028798,239659729])
rank=873 loaded routing data/1536/stackoverflow_a2q_tw.rt873.txt (992 entries)
rank=868/1536 dataset=stackoverflow_a2q_tw walkers=5208 (4520544..4525751) steps=30 mode=0 sched=single-bucket delta_t=0 policy=0
rank=868 loaded data/1536/stackoverflow_a2q_tw.sub868.txt (|V_local|=1591  t_range=[1649728,239675740])
rank=868 loaded routing data/1536/stackoverflow_a2q_tw.rt868.txt (952 entries)
rank=868 added 3 boundary-only nodes from routing
rank=869/1536 dataset=stackoverflow_a2q_tw walkers=5208 (4525752..4530959) steps=30 mode=0 sched=single-bucket delta_t=0 policy=0
rank=869 loaded data/1536/stackoverflow_a2q_tw.sub869.txt (|V_local|=1649  t_range=[4069650,239577576])
rank=869 loaded routing data/1536/stackoverflow_a2q_tw.rt869.txt (907 entries)
rank=869 added 3 boundary-only nodes from routing
rank=874/1536 dataset=stackoverflow_a2q_tw walkers=5208 (4551792..4556999) steps=30 mode=0 sched=single-bucket delta_t=0 policy=0
rank=874 loaded data/1536/stackoverflow_a2q_tw.sub874.txt (|V_local|=1583  t_range=[913626,239693167])
rank=874 loaded routing data/1536/stackoverflow_a2q_tw.rt874.txt (1020 entries)
rank=874 added 6 boundary-only nodes from routing
rank=899/1536 dataset=stackoverflow_a2q_tw walkers=5208 (4681992..4687199) steps=30 mode=0 sched=single-bucket delta_t=0 policy=0
rank=899 loaded data/1536/stackoverflow_a2q_tw.sub899.txt (|V_local|=1581  t_range=[2869227,239641910])
rank=899 loaded routing data/1536/stackoverflow_a2q_tw.rt899.txt (1087 entries)
rank=899 added 3 boundary-only nodes from routing
rank=909/1536 dataset=stackoverflow_a2q_tw walkers=5208 (4734072..4739279) steps=30 mode=0 sched=single-bucket delta_t=0 policy=0
rank=909 loaded data/1536/stackoverflow_a2q_tw.sub909.txt (|V_local|=1588  t_range=[4643358,239647303])
rank=909 loaded routing data/1536/stackoverflow_a2q_tw.rt909.txt (1149 entries)
rank=909 added 4 boundary-only nodes from routing
rank=870/1536 dataset=stackoverflow_a2q_tw walkers=5208 (4530960..4536167) steps=30 mode=0 sched=single-bucket delta_t=0 policy=0
rank=870 loaded data/1536/stackoverflow_a2q_tw.sub870.txt (|V_local|=1587  t_range=[5110197,239683355])
rank=870 loaded routing data/1536/stackoverflow_a2q_tw.rt870.txt (1050 entries)
rank=870 added 5 boundary-only nodes from routing
rank=882/1536 dataset=stackoverflow_a2q_tw walkers=5208 (4593456..4598663) steps=30 mode=0 sched=single-bucket delta_t=0 policy=0
rank=882 loaded data/1536/stackoverflow_a2q_tw.sub882.txt (|V_local|=1587  t_range=[3691535,239688242])
rank=882 loaded routing data/1536/stackoverflow_a2q_tw.rt882.txt (1022 entries)
rank=882 added 1 boundary-only nodes from routing
rank=890/1536 dataset=stackoverflow_a2q_tw walkers=5208 (4635120..4640327) steps=30 mode=0 sched=single-bucket delta_t=0 policy=0
rank=890 loaded data/1536/stackoverflow_a2q_tw.sub890.txt (|V_local|=1586  t_range=[4240291,239580817])
rank=890 loaded routing data/1536/stackoverflow_a2q_tw.rt890.txt (1127 entries)
rank=890 added 3 boundary-only nodes from routing
rank=908/1536 dataset=stackoverflow_a2q_tw walkers=5208 (4728864..4734071) steps=30 mode=0 sched=single-bucket delta_t=0 policy=0
rank=908 loaded data/1536/stackoverflow_a2q_tw.sub908.txt (|V_local|=1648  t_range=[13912429,239641541])
rank=908 loaded routing data/1536/stackoverflow_a2q_tw.rt908.txt (848 entries)
rank=902/1536 dataset=stackoverflow_a2q_tw walkers=5208 (4697616..4702823) steps=30 mode=0 sched=single-bucket delta_t=0 policy=0
rank=902 loaded data/1536/stackoverflow_a2q_tw.sub902.txt (|V_local|=1650  t_range=[5152254,239661700])
rank=902 loaded routing data/1536/stackoverflow_a2q_tw.rt902.txt (957 entries)
rank=902 added 1 boundary-only nodes from routing
rank=885/1536 dataset=stackoverflow_a2q_tw walkers=5208 (4609080..4614287) steps=30 mode=0 sched=single-bucket delta_t=0 policy=0
rank=885 loaded data/1536/stackoverflow_a2q_tw.sub885.txt (|V_local|=1580  t_range=[1541503,239609767])
rank=885 loaded routing data/1536/stackoverflow_a2q_tw.rt885.txt (1021 entries)
rank=885 added 10 boundary-only nodes from routing
rank=895/1536 dataset=stackoverflow_a2q_tw walkers=5208 (4661160..4666367) steps=30 mode=0 sched=single-bucket delta_t=0 policy=0
rank=895 loaded data/1536/stackoverflow_a2q_tw.sub895.txt (|V_local|=1652  t_range=[3611776,239509771])
rank=895 loaded routing data/1536/stackoverflow_a2q_tw.rt895.txt (279 entries)
rank=888/1536 dataset=stackoverflow_a2q_tw walkers=5208 (4624704..4629911) steps=30 mode=0 sched=single-bucket delta_t=0 policy=0
rank=888 loaded data/1536/stackoverflow_a2q_tw.sub888.txt (|V_local|=1597  t_range=[2811133,239572072])
rank=888 loaded routing data/1536/stackoverflow_a2q_tw.rt888.txt (1098 entries)
rank=888 added 6 boundary-only nodes from routing
rank=481/1536 dataset=stackoverflow_a2q_tw walkers=5208 (2505048..2510255) steps=30 mode=0 sched=single-bucket delta_t=0 policy=0
rank=481 loaded data/1536/stackoverflow_a2q_tw.sub481.txt (|V_local|=1645  t_range=[674263,239560759])
rank=481 loaded routing data/1536/stackoverflow_a2q_tw.rt481.txt (768 entries)
rank=482/1536 dataset=stackoverflow_a2q_tw walkers=5208 (2510256..2515463) steps=30 mode=0 sched=single-bucket delta_t=0 policy=0
rank=482 loaded data/1536/stackoverflow_a2q_tw.sub482.txt (|V_local|=1652  t_range=[5312593,239621571])
rank=482 loaded routing data/1536/stackoverflow_a2q_tw.rt482.txt (869 entries)
rank=513/1536 dataset=stackoverflow_a2q_tw walkers=5208 (2671704..2676911) steps=30 mode=0 sched=single-bucket delta_t=0 policy=0
rank=513 loaded data/1536/stackoverflow_a2q_tw.sub513.txt (|V_local|=1592  t_range=[4578006,239677176])
rank=513 loaded routing data/1536/stackoverflow_a2q_tw.rt513.txt (1052 entries)
rank=524/1536 dataset=stackoverflow_a2q_tw walkers=5208 (2728992..2734199) steps=30 mode=0 sched=single-bucket delta_t=0 policy=0
rank=524 loaded data/1536/stackoverflow_a2q_tw.sub524.txt (|V_local|=1588  t_range=[4146959,239648514])
rank=524 loaded routing data/1536/stackoverflow_a2q_tw.rt524.txt (1006 entries)
rank=480/1536 dataset=stackoverflow_a2q_tw walkers=5208 (2499840..2505047) steps=30 mode=0 sched=single-bucket delta_t=0 policy=0
rank=480 loaded data/1536/stackoverflow_a2q_tw.sub480.txt (|V_local|=1597  t_range=[4036007,239601080])
rank=480 loaded routing data/1536/stackoverflow_a2q_tw.rt480.txt (847 entries)
rank=502/1536 dataset=stackoverflow_a2q_tw walkers=5208 (2614416..2619623) steps=30 mode=0 sched=single-bucket delta_t=0 policy=0
rank=502 loaded data/1536/stackoverflow_a2q_tw.sub502.txt (|V_local|=1652  t_range=[9119812,239570983])
rank=502 loaded routing data/1536/stackoverflow_a2q_tw.rt502.txt (825 entries)
rank=514/1536 dataset=stackoverflow_a2q_tw walkers=5208 (2676912..2682119) steps=30 mode=0 sched=single-bucket delta_t=0 policy=0
rank=514 loaded data/1536/stackoverflow_a2q_tw.sub514.txt (|V_local|=1648  t_range=[5226653,239491132])
rank=514 loaded routing data/1536/stackoverflow_a2q_tw.rt514.txt (911 entries)
rank=515/1536 dataset=stackoverflow_a2q_tw walkers=5208 (2682120..2687327) steps=30 mode=0 sched=single-bucket delta_t=0 policy=0
rank=515 loaded data/1536/stackoverflow_a2q_tw.sub515.txt (|V_local|=1586  t_range=[4790348,239675175])
rank=515 loaded routing data/1536/stackoverflow_a2q_tw.rt515.txt (962 entries)
rank=492/1536 dataset=stackoverflow_a2q_tw walkers=5208 (2562336..2567543) steps=30 mode=0 sched=single-bucket delta_t=0 policy=0
rank=492 loaded data/1536/stackoverflow_a2q_tw.sub492.txt (|V_local|=1587  t_range=[4233372,239424273])
rank=492 loaded routing data/1536/stackoverflow_a2q_tw.rt492.txt (992 entries)
rank=496/1536 dataset=stackoverflow_a2q_tw walkers=5208 (2583168..2588375) steps=30 mode=0 sched=single-bucket delta_t=0 policy=0
rank=496 loaded data/1536/stackoverflow_a2q_tw.sub496.txt (|V_local|=1652  t_range=[12997799,239474983])
rank=496 loaded routing data/1536/stackoverflow_a2q_tw.rt496.txt (886 entries)
rank=485/1536 dataset=stackoverflow_a2q_tw walkers=5208 (2525880..2531087) steps=30 mode=0 sched=single-bucket delta_t=0 policy=0
rank=485 loaded data/1536/stackoverflow_a2q_tw.sub485.txt (|V_local|=1652  t_range=[1252149,239665751])
rank=485 loaded routing data/1536/stackoverflow_a2q_tw.rt485.txt (734 entries)
rank=490/1536 dataset=stackoverflow_a2q_tw walkers=5208 (2551920..2557127) steps=30 mode=0 sched=single-bucket delta_t=0 policy=0
rank=490 loaded data/1536/stackoverflow_a2q_tw.sub490.txt (|V_local|=1649  t_range=[7154827,239676138])
rank=490 loaded routing data/1536/stackoverflow_a2q_tw.rt490.txt (922 entries)
rank=490 added 2 boundary-only nodes from routing
rank=489/1536 dataset=stackoverflow_a2q_tw walkers=5208 (2546712..2551919) steps=30 mode=0 sched=single-bucket delta_t=0 policy=0
rank=489 loaded data/1536/stackoverflow_a2q_tw.sub489.txt (|V_local|=1589  t_range=[7376106,239578332])
rank=489 loaded routing data/1536/stackoverflow_a2q_tw.rt489.txt (1059 entries)
rank=488/1536 dataset=stackoverflow_a2q_tw walkers=5208 (2541504..2546711) steps=30 mode=0 sched=single-bucket delta_t=0 policy=0
rank=488 loaded data/1536/stackoverflow_a2q_tw.sub488.txt (|V_local|=1581  t_range=[5304303,239637230])
rank=488 loaded routing data/1536/stackoverflow_a2q_tw.rt488.txt (994 entries)
rank=512/1536 dataset=stackoverflow_a2q_tw walkers=5208 (2666496..2671703) steps=30 mode=0 sched=single-bucket delta_t=0 policy=0
rank=512 loaded data/1536/stackoverflow_a2q_tw.sub512.txt (|V_local|=1604  t_range=[4621242,239569658])
rank=512 loaded routing data/1536/stackoverflow_a2q_tw.rt512.txt (971 entries)
rank=516/1536 dataset=stackoverflow_a2q_tw walkers=5208 (2687328..2692535) steps=30 mode=0 sched=single-bucket delta_t=0 policy=0
rank=516 loaded data/1536/stackoverflow_a2q_tw.sub516.txt (|V_local|=1588  t_range=[5761972,239642242])
rank=516 loaded routing data/1536/stackoverflow_a2q_tw.rt516.txt (1086 entries)
rank=516 added 1 boundary-only nodes from routing
rank=487/1536 dataset=stackoverflow_a2q_tw walkers=5208 (2536296..2541503) steps=30 mode=0 sched=single-bucket delta_t=0 policy=0
rank=487 loaded data/1536/stackoverflow_a2q_tw.sub487.txt (|V_local|=1591  t_range=[7401980,239684826])
rank=487 loaded routing data/1536/stackoverflow_a2q_tw.rt487.txt (997 entries)
rank=487 added 1 boundary-only nodes from routing
rank=494/1536 dataset=stackoverflow_a2q_tw walkers=5208 (2572752..2577959) steps=30 mode=0 sched=single-bucket delta_t=0 policy=0
rank=494 loaded data/1536/stackoverflow_a2q_tw.sub494.txt (|V_local|=1650  t_range=[1611209,239659758])
rank=494 loaded routing data/1536/stackoverflow_a2q_tw.rt494.txt (658 entries)
rank=494 added 2 boundary-only nodes from routing
rank=486/1536 dataset=stackoverflow_a2q_tw walkers=5208 (2531088..2536295) steps=30 mode=0 sched=single-bucket delta_t=0 policy=0
rank=486 loaded data/1536/stackoverflow_a2q_tw.sub486.txt (|V_local|=1587  t_range=[3940887,239388709])
rank=486 loaded routing data/1536/stackoverflow_a2q_tw.rt486.txt (1032 entries)
rank=486 added 2 boundary-only nodes from routing
rank=506/1536 dataset=stackoverflow_a2q_tw walkers=5208 (2635248..2640455) steps=30 mode=0 sched=single-bucket delta_t=0 policy=0
rank=506 loaded data/1536/stackoverflow_a2q_tw.sub506.txt (|V_local|=1651  t_range=[4527372,239681000])
rank=506 loaded routing data/1536/stackoverflow_a2q_tw.rt506.txt (699 entries)
rank=506 added 1 boundary-only nodes from routing
rank=508/1536 dataset=stackoverflow_a2q_tw walkers=5208 (2645664..2650871) steps=30 mode=0 sched=single-bucket delta_t=0 policy=0
rank=508 loaded data/1536/stackoverflow_a2q_tw.sub508.txt (|V_local|=1644  t_range=[2914741,239659249])
rank=508 loaded routing data/1536/stackoverflow_a2q_tw.rt508.txt (921 entries)
rank=508 added 2 boundary-only nodes from routing
rank=484/1536 dataset=stackoverflow_a2q_tw walkers=5208 (2520672..2525879) steps=30 mode=0 sched=single-bucket delta_t=0 policy=0
rank=484 loaded data/1536/stackoverflow_a2q_tw.sub484.txt (|V_local|=1652  t_range=[7201846,239641237])
rank=484 loaded routing data/1536/stackoverflow_a2q_tw.rt484.txt (420 entries)
rank=483/1536 dataset=stackoverflow_a2q_tw walkers=5208 (2515464..2520671) steps=30 mode=0 sched=single-bucket delta_t=0 policy=0
rank=483 loaded data/1536/stackoverflow_a2q_tw.sub483.txt (|V_local|=1587  t_range=[3975511,239648058])
rank=483 loaded routing data/1536/stackoverflow_a2q_tw.rt483.txt (1003 entries)
rank=483 added 3 boundary-only nodes from routing
rank=503/1536 dataset=stackoverflow_a2q_tw walkers=5208 (2619624..2624831) steps=30 mode=0 sched=single-bucket delta_t=0 policy=0
rank=503 loaded data/1536/stackoverflow_a2q_tw.sub503.txt (|V_local|=1638  t_range=[3103962,239390579])
rank=503 loaded routing data/1536/stackoverflow_a2q_tw.rt503.txt (950 entries)
rank=525/1536 dataset=stackoverflow_a2q_tw walkers=5208 (2734200..2739407) steps=30 mode=0 sched=single-bucket delta_t=0 policy=0
rank=525 loaded data/1536/stackoverflow_a2q_tw.sub525.txt (|V_local|=1591  t_range=[3083643,239640259])
rank=1313/1536 dataset=stackoverflow_a2q_tw walkers=5208 (6838104..6843311) steps=30 mode=0 sched=single-bucket delta_t=0 policy=0
rank=1313 loaded data/1536/stackoverflow_a2q_tw.sub1313.txt (|V_local|=1641  t_range=[14479074,239684348])
rank=1313 loaded routing data/1536/stackoverflow_a2q_tw.rt1313.txt (910 entries)
rank=1302/1536 dataset=stackoverflow_a2q_tw walkers=5208 (6780816..6786023) steps=30 mode=0 sched=single-bucket delta_t=0 policy=0
rank=1302 loaded data/1536/stackoverflow_a2q_tw.sub1302.txt (|V_local|=1590  t_range=[6923483,239674875])
rank=1302 loaded routing data/1536/stackoverflow_a2q_tw.rt1302.txt (994 entries)
rank=1302 added 1 boundary-only nodes from routing
rank=1342/1536 dataset=stackoverflow_a2q_tw walkers=5208 (6989136..6994343) steps=30 mode=0 sched=single-bucket delta_t=0 policy=0
rank=1342 loaded data/1536/stackoverflow_a2q_tw.sub1342.txt (|V_local|=1638  t_range=[37232439,239684020])
rank=1342 loaded routing data/1536/stackoverflow_a2q_tw.rt1342.txt (958 entries)
rank=1342 added 1 boundary-only nodes from routing
rank=1312/1536 dataset=stackoverflow_a2q_tw walkers=5208 (6832896..6838103) steps=30 mode=0 sched=single-bucket delta_t=0 policy=0
rank=1312 loaded data/1536/stackoverflow_a2q_tw.sub1312.txt (|V_local|=1615  t_range=[23633255,239670138])
rank=1312 loaded routing data/1536/stackoverflow_a2q_tw.rt1312.txt (847 entries)
rank=1334/1536 dataset=stackoverflow_a2q_tw walkers=5208 (6947472..6952679) steps=30 mode=0 sched=single-bucket delta_t=0 policy=0
rank=1334 loaded data/1536/stackoverflow_a2q_tw.sub1334.txt (|V_local|=1589  t_range=[5662112,239560288])
rank=1334 loaded routing data/1536/stackoverflow_a2q_tw.rt1334.txt (1015 entries)
rank=1334 added 1 boundary-only nodes from routing
rank=1296/1536 dataset=stackoverflow_a2q_tw walkers=5208 (6749568..6754775) steps=30 mode=0 sched=single-bucket delta_t=0 policy=0
rank=1296 loaded data/1536/stackoverflow_a2q_tw.sub1296.txt (|V_local|=1589  t_range=[7250234,239626925])
rank=1296 loaded routing data/1536/stackoverflow_a2q_tw.rt1296.txt (1085 entries)
rank=1296 added 2 boundary-only nodes from routing
rank=1299/1536 dataset=stackoverflow_a2q_tw walkers=5208 (6765192..6770399) steps=30 mode=0 sched=single-bucket delta_t=0 policy=0
rank=1299 loaded data/1536/stackoverflow_a2q_tw.sub1299.txt (|V_local|=1593  t_range=[4219612,239662203])
rank=1299 loaded routing data/1536/stackoverflow_a2q_tw.rt1299.txt (1035 entries)
rank=1309/1536 dataset=stackoverflow_a2q_tw walkers=5208 (6817272..6822479) steps=30 mode=0 sched=single-bucket delta_t=0 policy=0
rank=1309 loaded data/1536/stackoverflow_a2q_tw.sub1309.txt (|V_local|=1639  t_range=[20387052,239670195])
rank=1309 loaded routing data/1536/stackoverflow_a2q_tw.rt1309.txt (889 entries)
rank=1328/1536 dataset=stackoverflow_a2q_tw walkers=5208 (6916224..6921431) steps=30 mode=0 sched=single-bucket delta_t=0 policy=0
rank=1328 loaded data/1536/stackoverflow_a2q_tw.sub1328.txt (|V_local|=1593  t_range=[4379273,239551306])
rank=1328 loaded routing data/1536/stackoverflow_a2q_tw.rt1328.txt (1097 entries)
rank=1321/1536 dataset=stackoverflow_a2q_tw walkers=5208 (6879768..6884975) steps=30 mode=0 sched=single-bucket delta_t=0 policy=0
rank=1321 loaded data/1536/stackoverflow_a2q_tw.sub1321.txt (|V_local|=1651  t_range=[4126458,239691804])
rank=1321 loaded routing data/1536/stackoverflow_a2q_tw.rt1321.txt (902 entries)
rank=1321 added 1 boundary-only nodes from routing
rank=1297/1536 dataset=stackoverflow_a2q_tw walkers=5208 (6754776..6759983) steps=30 mode=0 sched=single-bucket delta_t=0 policy=0
rank=1297 loaded data/1536/stackoverflow_a2q_tw.sub1297.txt (|V_local|=1591  t_range=[27388157,239670048])
rank=1297 loaded routing data/1536/stackoverflow_a2q_tw.rt1297.txt (1014 entries)
rank=1307/1536 dataset=stackoverflow_a2q_tw walkers=5208 (6806856..6812063) steps=30 mode=0 sched=single-bucket delta_t=0 policy=0
rank=1307 loaded data/1536/stackoverflow_a2q_tw.sub1307.txt (|V_local|=1593  t_range=[11447464,239482826])
rank=1307 loaded routing data/1536/stackoverflow_a2q_tw.rt1307.txt (990 entries)
rank=1340/1536 dataset=stackoverflow_a2q_tw walkers=5208 (6978720..6983927) steps=30 mode=0 sched=single-bucket delta_t=0 policy=0
rank=1340 loaded data/1536/stackoverflow_a2q_tw.sub1340.txt (|V_local|=1617  t_range=[30131922,239686848])
rank=1340 loaded routing data/1536/stackoverflow_a2q_tw.rt1340.txt (953 entries)
rank=1340 added 1 boundary-only nodes from routing
rank=1316/1536 dataset=stackoverflow_a2q_tw walkers=5208 (6853728..6858935) steps=30 mode=0 sched=single-bucket delta_t=0 policy=0
rank=1316 loaded data/1536/stackoverflow_a2q_tw.sub1316.txt (|V_local|=1643  t_range=[5335369,239696300])
rank=1316 loaded routing data/1536/stackoverflow_a2q_tw.rt1316.txt (909 entries)
rank=1316 added 1 boundary-only nodes from routing
rank=1319/1536 dataset=stackoverflow_a2q_tw walkers=5208 (6869352..6874559) steps=30 mode=0 sched=single-bucket delta_t=0 policy=0
rank=1319 loaded data/1536/stackoverflow_a2q_tw.sub1319.txt (|V_local|=1622  t_range=[24798560,239652009])
rank=1319 loaded routing data/1536/stackoverflow_a2q_tw.rt1319.txt (855 entries)
rank=1319 added 1 boundary-only nodes from routing
rank=1303/1536 dataset=stackoverflow_a2q_tw walkers=5208 (6786024..6791231) steps=30 mode=0 sched=single-bucket delta_t=0 policy=0
rank=1303 loaded data/1536/stackoverflow_a2q_tw.sub1303.txt (|V_local|=1586  t_range=[4035136,239548947])
rank=1303 loaded routing data/1536/stackoverflow_a2q_tw.rt1303.txt (1046 entries)
rank=1311/1536 dataset=stackoverflow_a2q_tw walkers=5208 (6827688..6832895) steps=30 mode=0 sched=single-bucket delta_t=0 policy=0
rank=1311 loaded data/1536/stackoverflow_a2q_tw.sub1311.txt (|V_local|=1585  t_range=[4285235,239657833])
rank=1311 loaded routing data/1536/stackoverflow_a2q_tw.rt1311.txt (1035 entries)
rank=1311 added 1 boundary-only nodes from routing
rank=1317/1536 dataset=stackoverflow_a2q_tw walkers=5208 (6858936..6864143) steps=30 mode=0 sched=single-bucket delta_t=0 policy=0
rank=1317 loaded data/1536/stackoverflow_a2q_tw.sub1317.txt (|V_local|=1587  t_range=[12091130,239668118])
rank=1317 loaded routing data/1536/stackoverflow_a2q_tw.rt1317.txt (1072 entries)
rank=1300/1536 dataset=stackoverflow_a2q_tw walkers=5208 (6770400..6775607) steps=30 mode=0 sched=single-bucket delta_t=0 policy=0
rank=1300 loaded data/1536/stackoverflow_a2q_tw.sub1300.txt (|V_local|=1597  t_range=[15883375,239665458])
rank=1300 loaded routing data/1536/stackoverflow_a2q_tw.rt1300.txt (911 entries)
rank=1320/1536 dataset=stackoverflow_a2q_tw walkers=5208 (6874560..6879767) steps=30 mode=0 sched=single-bucket delta_t=0 policy=0
rank=1320 loaded data/1536/stackoverflow_a2q_tw.sub1320.txt (|V_local|=1588  t_range=[7734533,239661215])
rank=1320 loaded routing data/1536/stackoverflow_a2q_tw.rt1320.txt (1094 entries)
rank=1329/1536 dataset=stackoverflow_a2q_tw walkers=5208 (6921432..6926639) steps=30 mode=0 sched=single-bucket delta_t=0 policy=0
rank=1329 loaded data/1536/stackoverflow_a2q_tw.sub1329.txt (|V_local|=1594  t_range=[48383791,239560598])
rank=1329 loaded routing data/1536/stackoverflow_a2q_tw.rt1329.txt (1072 entries)
rank=1314/1536 dataset=stackoverflow_a2q_tw walkers=5208 (6843312..6848519) steps=30 mode=0 sched=single-bucket delta_t=0 policy=0
rank=1314 loaded data/1536/stackoverflow_a2q_tw.sub1314.txt (|V_local|=1592  t_range=[16370727,239685965])
rank=1314 loaded routing data/1536/stackoverflow_a2q_tw.rt1314.txt (1033 entries)
rank=1308/1536 dataset=stackoverflow_a2q_tw walkers=5208 (6812064..6817271) steps=30 mode=0 sched=single-bucket delta_t=0 policy=0
rank=1308 loaded data/1536/stackoverflow_a2q_tw.sub1308.txt (|V_local|=1589  t_range=[4141030,239679783])
rank=1308 loaded routing data/1536/stackoverflow_a2q_tw.rt1308.txt (1006 entries)
rank=1318/1536 dataset=stackoverflow_a2q_tw walkers=5208 (6864144..6869351) steps=30 mode=0 sched=single-bucket delta_t=0 policy=0
rank=1318 loaded data/1536/stackoverflow_a2q_tw.sub1318.txt (|V_local|=1590  t_range=[5840016,239675646])
rank=1318 loaded routing data/1536/stackoverflow_a2q_tw.rt1318.txt (1010 entries)
rank=109/1536 dataset=stackoverflow_a2q_tw walkers=5208 (567672..572879) steps=30 mode=0 sched=single-bucket delta_t=0 policy=0
rank=109 loaded data/1536/stackoverflow_a2q_tw.sub109.txt (|V_local|=1650  t_range=[20320264,239648095])
rank=109 loaded routing data/1536/stackoverflow_a2q_tw.rt109.txt (906 entries)
rank=133/1536 dataset=stackoverflow_a2q_tw walkers=5208 (692664..697871) steps=30 mode=0 sched=single-bucket delta_t=0 policy=0
rank=133 loaded data/1536/stackoverflow_a2q_tw.sub133.txt (|V_local|=1595  t_range=[6093141,239681066])
rank=133 loaded routing data/1536/stackoverflow_a2q_tw.rt133.txt (968 entries)
rank=102/1536 dataset=stackoverflow_a2q_tw walkers=5208 (531216..536423) steps=30 mode=0 sched=single-bucket delta_t=0 policy=0
rank=102 loaded data/1536/stackoverflow_a2q_tw.sub102.txt (|V_local|=1596  t_range=[4182180,239542399])
rank=102 loaded routing data/1536/stackoverflow_a2q_tw.rt102.txt (1072 entries)
rank=102 added 1 boundary-only nodes from routing
rank=100/1536 dataset=stackoverflow_a2q_tw walkers=5208 (520800..526007) steps=30 mode=0 sched=single-bucket delta_t=0 policy=0
rank=100 loaded data/1536/stackoverflow_a2q_tw.sub100.txt (|V_local|=1595  t_range=[10101156,239657011])
rank=100 loaded routing data/1536/stackoverflow_a2q_tw.rt100.txt (1084 entries)
rank=100 added 2 boundary-only nodes from routing
rank=103/1536 dataset=stackoverflow_a2q_tw walkers=5208 (536424..541631) steps=30 mode=0 sched=single-bucket delta_t=0 policy=0
rank=103 loaded data/1536/stackoverflow_a2q_tw.sub103.txt (|V_local|=1605  t_range=[11234086,239636950])
rank=103 loaded routing data/1536/stackoverflow_a2q_tw.rt103.txt (868 entries)
rank=118/1536 dataset=stackoverflow_a2q_tw walkers=5208 (614544..619751) steps=30 mode=0 sched=single-bucket delta_t=0 policy=0
rank=118 loaded data/1536/stackoverflow_a2q_tw.sub118.txt (|V_local|=1585  t_range=[14695605,239643724])
rank=118 loaded routing data/1536/stackoverflow_a2q_tw.rt118.txt (889 entries)
rank=118 added 2 boundary-only nodes from routing
rank=130/1536 dataset=stackoverflow_a2q_tw walkers=5208 (677040..682247) steps=30 mode=0 sched=single-bucket delta_t=0 policy=0
rank=130 loaded data/1536/stackoverflow_a2q_tw.sub130.txt (|V_local|=1584  t_range=[10757441,239557064])
rank=130 loaded routing data/1536/stackoverflow_a2q_tw.rt130.txt (957 entries)
rank=130 added 2 boundary-only nodes from routing
rank=97/1536 dataset=stackoverflow_a2q_tw walkers=5208 (505176..510383) steps=30 mode=0 sched=single-bucket delta_t=0 policy=0
rank=97 loaded data/1536/stackoverflow_a2q_tw.sub97.txt (|V_local|=1650  t_range=[14409798,239620100])
rank=97 loaded routing data/1536/stackoverflow_a2q_tw.rt97.txt (797 entries)
rank=97 added 2 boundary-only nodes from routing
rank=116/1536 dataset=stackoverflow_a2q_tw walkers=5208 (604128..609335) steps=30 mode=0 sched=single-bucket delta_t=0 policy=0
rank=116 loaded data/1536/stackoverflow_a2q_tw.sub116.txt (|V_local|=1651  t_range=[5764093,239619581])
rank=116 loaded routing data/1536/stackoverflow_a2q_tw.rt116.txt (882 entries)
rank=110/1536 dataset=stackoverflow_a2q_tw walkers=5208 (572880..578087) steps=30 mode=0 sched=single-bucket delta_t=0 policy=0
rank=110 loaded data/1536/stackoverflow_a2q_tw.sub110.txt (|V_local|=1648  t_range=[4145353,239685985])
rank=110 loaded routing data/1536/stackoverflow_a2q_tw.rt110.txt (1007 entries)
rank=110 added 2 boundary-only nodes from routing
rank=104/1536 dataset=stackoverflow_a2q_tw walkers=5208 (541632..546839) steps=30 mode=0 sched=single-bucket delta_t=0 policy=0
rank=104 loaded data/1536/stackoverflow_a2q_tw.sub104.txt (|V_local|=1652  t_range=[5768633,239696664])
rank=104 loaded routing data/1536/stackoverflow_a2q_tw.rt104.txt (916 entries)
rank=114/1536 dataset=stackoverflow_a2q_tw walkers=5208 (593712..598919) steps=30 mode=0 sched=single-bucket delta_t=0 policy=0
rank=114 loaded data/1536/stackoverflow_a2q_tw.sub114.txt (|V_local|=1590  t_range=[10962454,239641471])
rank=114 loaded routing data/1536/stackoverflow_a2q_tw.rt114.txt (1096 entries)
rank=114 added 3 boundary-only nodes from routing
rank=126/1536 dataset=stackoverflow_a2q_tw walkers=5208 (656208..661415) steps=30 mode=0 sched=single-bucket delta_t=0 policy=0
rank=126 loaded data/1536/stackoverflow_a2q_tw.sub126.txt (|V_local|=1592  t_range=[4141016,239642871])
rank=126 loaded routing data/1536/stackoverflow_a2q_tw.rt126.txt (984 entries)
rank=126 added 2 boundary-only nodes from routing
rank=128/1536 dataset=stackoverflow_a2q_tw walkers=5208 (666624..671831) steps=30 mode=0 sched=single-bucket delta_t=0 policy=0
rank=128 loaded data/1536/stackoverflow_a2q_tw.sub128.txt (|V_local|=1651  t_range=[3582885,239686153])
rank=128 loaded routing data/1536/stackoverflow_a2q_tw.rt128.txt (739 entries)
rank=128 added 1 boundary-only nodes from routing
rank=125/1536 dataset=stackoverflow_a2q_tw walkers=5208 (651000..656207) steps=30 mode=0 sched=single-bucket delta_t=0 policy=0
rank=125 loaded data/1536/stackoverflow_a2q_tw.sub125.txt (|V_local|=1652  t_range=[5933599,239690037])
rank=125 loaded routing data/1536/stackoverflow_a2q_tw.rt125.txt (446 entries)
rank=117/1536 dataset=stackoverflow_a2q_tw walkers=5208 (609336..614543) steps=30 mode=0 sched=single-bucket delta_t=0 policy=0
rank=117 loaded data/1536/stackoverflow_a2q_tw.sub117.txt (|V_local|=1588  t_range=[2996462,239645310])
rank=117 loaded routing data/1536/stackoverflow_a2q_tw.rt117.txt (1050 entries)
rank=106/1536 dataset=stackoverflow_a2q_tw walkers=5208 (552048..557255) steps=30 mode=0 sched=single-bucket delta_t=0 policy=0
rank=106 loaded data/1536/stackoverflow_a2q_tw.sub106.txt (|V_local|=1594  t_range=[11288840,239643878])
rank=106 loaded routing data/1536/stackoverflow_a2q_tw.rt106.txt (966 entries)
rank=108/1536 dataset=stackoverflow_a2q_tw walkers=5208 (562464..567671) steps=30 mode=0 sched=single-bucket delta_t=0 policy=0
rank=108 loaded data/1536/stackoverflow_a2q_tw.sub108.txt (|V_local|=1589  t_range=[8887723,239673669])
rank=108 loaded routing data/1536/stackoverflow_a2q_tw.rt108.txt (1041 entries)
rank=108 added 2 boundary-only nodes from routing
rank=99/1536 dataset=stackoverflow_a2q_tw walkers=5208 (515592..520799) steps=30 mode=0 sched=single-bucket delta_t=0 policy=0
rank=99 loaded data/1536/stackoverflow_a2q_tw.sub99.txt (|V_local|=1583  t_range=[7314953,239663194])
rank=99 loaded routing data/1536/stackoverflow_a2q_tw.rt99.txt (1053 entries)
rank=142/1536 dataset=stackoverflow_a2q_tw walkers=5208 (739536..744743) steps=30 mode=0 sched=single-bucket delta_t=0 policy=0
rank=142 loaded data/1536/stackoverflow_a2q_tw.sub142.txt (|V_local|=1650  t_range=[2504524,239658764])
rank=142 loaded routing data/1536/stackoverflow_a2q_tw.rt142.txt (837 entries)
rank=98/1536 dataset=stackoverflow_a2q_tw walkers=5208 (510384..515591) steps=30 mode=0 sched=single-bucket delta_t=0 policy=0
rank=98 loaded data/1536/stackoverflow_a2q_tw.sub98.txt (|V_local|=1651  t_range=[3946478,239632224])
rank=98 loaded routing data/1536/stackoverflow_a2q_tw.rt98.txt (765 entries)
rank=98 added 1 boundary-only nodes from routing
rank=121/1536 dataset=stackoverflow_a2q_tw walkers=5208 (630168..635375) steps=30 mode=0 sched=single-bucket delta_t=0 policy=0
rank=121 loaded data/1536/stackoverflow_a2q_tw.sub121.txt (|V_local|=1651  t_range=[4069480,239385345])
rank=121 loaded routing data/1536/stackoverflow_a2q_tw.rt121.txt (855 entries)
rank=101/1536 dataset=stackoverflow_a2q_tw walkers=5208 (526008..531215) steps=30 mode=0 sched=single-bucket delta_t=0 policy=0
rank=101 loaded data/1536/stackoverflow_a2q_tw.sub101.txt (|V_local|=1593  t_range=[2440665,239622480])
rank=101 loaded routing data/1536/stackoverflow_a2q_tw.rt101.txt (1113 entries)
rank=112/1536 dataset=stackoverflow_a2q_tw walkers=5208 (583296..588503) steps=30 mode=0 sched=single-bucket delta_t=0 policy=0
rank=112 loaded data/1536/stackoverflow_a2q_tw.sub112.txt (|V_local|=1651  t_range=[36648239,239553547])
rank=112 loaded routing data/1536/stackoverflow_a2q_tw.rt112.txt (744 entries)
rank=113/1536 dataset=stackoverflow_a2q_tw walkers=5208 (588504..593711) steps=30 mode=0 sched=single-bucket delta_t=0 policy=0
rank=1109/1536 dataset=stackoverflow_a2q_tw walkers=5208 (5775672..5780879) steps=30 mode=0 sched=single-bucket delta_t=0 policy=0
rank=1109 loaded data/1536/stackoverflow_a2q_tw.sub1109.txt (|V_local|=1651  t_range=[5944718,239677821])
rank=1109 loaded routing data/1536/stackoverflow_a2q_tw.rt1109.txt (704 entries)
rank=1109 added 1 boundary-only nodes from routing
rank=1118/1536 dataset=stackoverflow_a2q_tw walkers=5208 (5822544..5827751) steps=30 mode=0 sched=single-bucket delta_t=0 policy=0
rank=1118 loaded data/1536/stackoverflow_a2q_tw.sub1118.txt (|V_local|=1651  t_range=[288261,239694581])
rank=1118 loaded routing data/1536/stackoverflow_a2q_tw.rt1118.txt (980 entries)
rank=1108/1536 dataset=stackoverflow_a2q_tw walkers=5208 (5770464..5775671) steps=30 mode=0 sched=single-bucket delta_t=0 policy=0
rank=1108 loaded data/1536/stackoverflow_a2q_tw.sub1108.txt (|V_local|=1651  t_range=[2776286,239568257])
rank=1108 loaded routing data/1536/stackoverflow_a2q_tw.rt1108.txt (653 entries)
rank=1108 added 1 boundary-only nodes from routing
rank=1125/1536 dataset=stackoverflow_a2q_tw walkers=5208 (5859000..5864207) steps=30 mode=0 sched=single-bucket delta_t=0 policy=0
rank=1125 loaded data/1536/stackoverflow_a2q_tw.sub1125.txt (|V_local|=1589  t_range=[2909066,239640641])
rank=1125 loaded routing data/1536/stackoverflow_a2q_tw.rt1125.txt (1026 entries)
rank=1107/1536 dataset=stackoverflow_a2q_tw walkers=5208 (5765256..5770463) steps=30 mode=0 sched=single-bucket delta_t=0 policy=0
rank=1107 loaded data/1536/stackoverflow_a2q_tw.sub1107.txt (|V_local|=1589  t_range=[1785838,239545120])
rank=1107 loaded routing data/1536/stackoverflow_a2q_tw.rt1107.txt (976 entries)
rank=1107 added 1 boundary-only nodes from routing
rank=1114/1536 dataset=stackoverflow_a2q_tw walkers=5208 (5801712..5806919) steps=30 mode=0 sched=single-bucket delta_t=0 policy=0
rank=1114 loaded data/1536/stackoverflow_a2q_tw.sub1114.txt (|V_local|=1593  t_range=[2814453,239644942])
rank=1114 loaded routing data/1536/stackoverflow_a2q_tw.rt1114.txt (1008 entries)
rank=1114 added 1 boundary-only nodes from routing
rank=1110/1536 dataset=stackoverflow_a2q_tw walkers=5208 (5780880..5786087) steps=30 mode=0 sched=single-bucket delta_t=0 policy=0
rank=1110 loaded data/1536/stackoverflow_a2q_tw.sub1110.txt (|V_local|=1592  t_range=[2445352,239651725])
rank=1110 loaded routing data/1536/stackoverflow_a2q_tw.rt1110.txt (1037 entries)
rank=1116/1536 dataset=stackoverflow_a2q_tw walkers=5208 (5812128..5817335) steps=30 mode=0 sched=single-bucket delta_t=0 policy=0
rank=1116 loaded data/1536/stackoverflow_a2q_tw.sub1116.txt (|V_local|=1582  t_range=[13086377,239672554])
rank=1116 loaded routing data/1536/stackoverflow_a2q_tw.rt1116.txt (1014 entries)
rank=1116 added 3 boundary-only nodes from routing
rank=1106/1536 dataset=stackoverflow_a2q_tw walkers=5208 (5760048..5765255) steps=30 mode=0 sched=single-bucket delta_t=0 policy=0
rank=1106 loaded data/1536/stackoverflow_a2q_tw.sub1106.txt (|V_local|=1651  t_range=[6921983,239460216])
rank=1106 loaded routing data/1536/stackoverflow_a2q_tw.rt1106.txt (865 entries)
rank=1133/1536 dataset=stackoverflow_a2q_tw walkers=5208 (5900664..5905871) steps=30 mode=0 sched=single-bucket delta_t=0 policy=0
rank=1133 loaded data/1536/stackoverflow_a2q_tw.sub1133.txt (|V_local|=1650  t_range=[4133061,239674703])
rank=1133 loaded routing data/1536/stackoverflow_a2q_tw.rt1133.txt (814 entries)
rank=1133 added 1 boundary-only nodes from routing
rank=1145/1536 dataset=stackoverflow_a2q_tw walkers=5208 (5963160..5968367) steps=30 mode=0 sched=single-bucket delta_t=0 policy=0
rank=1145 loaded data/1536/stackoverflow_a2q_tw.sub1145.txt (|V_local|=1646  t_range=[11437210,239689891])
rank=1145 loaded routing data/1536/stackoverflow_a2q_tw.rt1145.txt (926 entries)
rank=1145 added 2 boundary-only nodes from routing
rank=1137/1536 dataset=stackoverflow_a2q_tw walkers=5208 (5921496..5926703) steps=30 mode=0 sched=single-bucket delta_t=0 policy=0
rank=1137 loaded data/1536/stackoverflow_a2q_tw.sub1137.txt (|V_local|=1592  t_range=[14933404,239642676])
rank=1137 loaded routing data/1536/stackoverflow_a2q_tw.rt1137.txt (1012 entries)
rank=1137 added 1 boundary-only nodes from routing
rank=1124/1536 dataset=stackoverflow_a2q_tw walkers=5208 (5853792..5858999) steps=30 mode=0 sched=single-bucket delta_t=0 policy=0
rank=1124 loaded data/1536/stackoverflow_a2q_tw.sub1124.txt (|V_local|=1590  t_range=[4142749,239641571])
rank=1124 loaded routing data/1536/stackoverflow_a2q_tw.rt1124.txt (981 entries)
rank=1124 added 1 boundary-only nodes from routing
rank=1104/1536 dataset=stackoverflow_a2q_tw walkers=5208 (5749632..5754839) steps=30 mode=0 sched=single-bucket delta_t=0 policy=0
rank=1104 loaded data/1536/stackoverflow_a2q_tw.sub1104.txt (|V_local|=1590  t_range=[3292572,239650992])
rank=1104 loaded routing data/1536/stackoverflow_a2q_tw.rt1104.txt (1097 entries)
rank=1104 added 1 boundary-only nodes from routing
rank=1122/1536 dataset=stackoverflow_a2q_tw walkers=5208 (5843376..5848583) steps=30 mode=0 sched=single-bucket delta_t=0 policy=0
rank=1122 loaded data/1536/stackoverflow_a2q_tw.sub1122.txt (|V_local|=1592  t_range=[1177970,239670963])
rank=1122 loaded routing data/1536/stackoverflow_a2q_tw.rt1122.txt (1041 entries)
rank=1111/1536 dataset=stackoverflow_a2q_tw walkers=5208 (5786088..5791295) steps=30 mode=0 sched=single-bucket delta_t=0 policy=0
rank=1111 loaded data/1536/stackoverflow_a2q_tw.sub1111.txt (|V_local|=1651  t_range=[3954343,239659778])
rank=1111 loaded routing data/1536/stackoverflow_a2q_tw.rt1111.txt (900 entries)
rank=920/1536 dataset=stackoverflow_a2q_tw walkers=5208 (4791360..4796567) steps=30 mode=0 sched=single-bucket delta_t=0 policy=0
rank=920 loaded data/1536/stackoverflow_a2q_tw.sub920.txt (|V_local|=1581  t_range=[9764648,239575762])
rank=920 loaded routing data/1536/stackoverflow_a2q_tw.rt920.txt (1045 entries)
rank=920 added 1 boundary-only nodes from routing
rank=932/1536 dataset=stackoverflow_a2q_tw walkers=5208 (4853856..4859063) steps=30 mode=0 sched=single-bucket delta_t=0 policy=0
rank=932 loaded data/1536/stackoverflow_a2q_tw.sub932.txt (|V_local|=1591  t_range=[17272203,239670925])
rank=932 loaded routing data/1536/stackoverflow_a2q_tw.rt932.txt (1076 entries)
rank=932 added 3 boundary-only nodes from routing
rank=914/1536 dataset=stackoverflow_a2q_tw walkers=5208 (4760112..4765319) steps=30 mode=0 sched=single-bucket delta_t=0 policy=0
rank=914 loaded data/1536/stackoverflow_a2q_tw.sub914.txt (|V_local|=1651  t_range=[5434833,239684694])
rank=914 loaded routing data/1536/stackoverflow_a2q_tw.rt914.txt (864 entries)
rank=914 added 1 boundary-only nodes from routing
rank=959/1536 dataset=stackoverflow_a2q_tw walkers=5208 (4994472..4999679) steps=30 mode=0 sched=single-bucket delta_t=0 policy=0
rank=959 loaded data/1536/stackoverflow_a2q_tw.sub959.txt (|V_local|=1596  t_range=[42246412,239691248])
rank=959 loaded routing data/1536/stackoverflow_a2q_tw.rt959.txt (1054 entries)
rank=959 added 4 boundary-only nodes from routing
rank=916/1536 dataset=stackoverflow_a2q_tw walkers=5208 (4770528..4775735) steps=30 mode=0 sched=single-bucket delta_t=0 policy=0
rank=916 loaded data/1536/stackoverflow_a2q_tw.sub916.txt (|V_local|=1620  t_range=[4000529,239668362])
rank=916 loaded routing data/1536/stackoverflow_a2q_tw.rt916.txt (971 entries)
rank=913/1536 dataset=stackoverflow_a2q_tw walkers=5208 (4754904..4760111) steps=30 mode=0 sched=single-bucket delta_t=0 policy=0
rank=913 loaded data/1536/stackoverflow_a2q_tw.sub913.txt (|V_local|=1651  t_range=[34447999,239695480])
rank=913 loaded routing data/1536/stackoverflow_a2q_tw.rt913.txt (800 entries)
rank=913 added 1 boundary-only nodes from routing
rank=915/1536 dataset=stackoverflow_a2q_tw walkers=5208 (4765320..4770527) steps=30 mode=0 sched=single-bucket delta_t=0 policy=0
rank=915 loaded data/1536/stackoverflow_a2q_tw.sub915.txt (|V_local|=1606  t_range=[2893090,239681502])
rank=915 loaded routing data/1536/stackoverflow_a2q_tw.rt915.txt (937 entries)
rank=915 added 2 boundary-only nodes from routing
rank=931/1536 dataset=stackoverflow_a2q_tw walkers=5208 (4848648..4853855) steps=30 mode=0 sched=single-bucket delta_t=0 policy=0
rank=931 loaded data/1536/stackoverflow_a2q_tw.sub931.txt (|V_local|=1645  t_range=[23436494,239671951])
rank=931 loaded routing data/1536/stackoverflow_a2q_tw.rt931.txt (981 entries)
rank=936/1536 dataset=stackoverflow_a2q_tw walkers=5208 (4874688..4879895) steps=30 mode=0 sched=single-bucket delta_t=0 policy=0
rank=936 loaded data/1536/stackoverflow_a2q_tw.sub936.txt (|V_local|=1586  t_range=[33477178,239678245])
rank=936 loaded routing data/1536/stackoverflow_a2q_tw.rt936.txt (1101 entries)
rank=936 added 2 boundary-only nodes from routing
rank=1220/1536 dataset=stackoverflow_a2q_tw walkers=5208 (6353760..6358967) steps=30 mode=0 sched=single-bucket delta_t=0 policy=0
rank=1220 loaded data/1536/stackoverflow_a2q_tw.sub1220.txt (|V_local|=1591  t_range=[4176977,239569784])
rank=1220 loaded routing data/1536/stackoverflow_a2q_tw.rt1220.txt (1055 entries)
rank=1220 added 5 boundary-only nodes from routing
rank=1223/1536 dataset=stackoverflow_a2q_tw walkers=5208 (6369384..6374591) steps=30 mode=0 sched=single-bucket delta_t=0 policy=0
rank=1223 loaded data/1536/stackoverflow_a2q_tw.sub1223.txt (|V_local|=1612  t_range=[27543600,239580843])
rank=1223 loaded routing data/1536/stackoverflow_a2q_tw.rt1223.txt (947 entries)
rank=1223 added 1 boundary-only nodes from routing
rank=1240/1536 dataset=stackoverflow_a2q_tw walkers=5208 (6457920..6463127) steps=30 mode=0 sched=single-bucket delta_t=0 policy=0
rank=1240 loaded data/1536/stackoverflow_a2q_tw.sub1240.txt (|V_local|=1602  t_range=[10057675,239630097])
rank=1240 loaded routing data/1536/stackoverflow_a2q_tw.rt1240.txt (981 entries)
rank=1211/1536 dataset=stackoverflow_a2q_tw walkers=5208 (6306888..6312095) steps=30 mode=0 sched=single-bucket delta_t=0 policy=0
rank=1211 loaded data/1536/stackoverflow_a2q_tw.sub1211.txt (|V_local|=1588  t_range=[9671491,239652772])
rank=1211 loaded routing data/1536/stackoverflow_a2q_tw.rt1211.txt (933 entries)
rank=1211 added 2 boundary-only nodes from routing
rank=1202/1536 dataset=stackoverflow_a2q_tw walkers=5208 (6260016..6265223) steps=30 mode=0 sched=single-bucket delta_t=0 policy=0
rank=1202 loaded data/1536/stackoverflow_a2q_tw.sub1202.txt (|V_local|=1651  t_range=[14248853,239660080])
rank=1202 loaded routing data/1536/stackoverflow_a2q_tw.rt1202.txt (822 entries)
rank=1221/1536 dataset=stackoverflow_a2q_tw walkers=5208 (6358968..6364175) steps=30 mode=0 sched=single-bucket delta_t=0 policy=0
rank=1221 loaded data/1536/stackoverflow_a2q_tw.sub1221.txt (|V_local|=1590  t_range=[38802915,239620311])
rank=1221 loaded routing data/1536/stackoverflow_a2q_tw.rt1221.txt (1080 entries)
rank=1221 added 2 boundary-only nodes from routing
rank=1201/1536 dataset=stackoverflow_a2q_tw walkers=5208 (6254808..6260015) steps=30 mode=0 sched=single-bucket delta_t=0 policy=0
rank=1201 loaded data/1536/stackoverflow_a2q_tw.sub1201.txt (|V_local|=1652  t_range=[14785069,239577244])
rank=1201 loaded routing data/1536/stackoverflow_a2q_tw.rt1201.txt (802 entries)
rank=1210/1536 dataset=stackoverflow_a2q_tw walkers=5208 (6301680..6306887) steps=30 mode=0 sched=single-bucket delta_t=0 policy=0
rank=1210 loaded data/1536/stackoverflow_a2q_tw.sub1210.txt (|V_local|=1592  t_range=[13990869,239658348])
rank=1210 loaded routing data/1536/stackoverflow_a2q_tw.rt1210.txt (1006 entries)
rank=1225/1536 dataset=stackoverflow_a2q_tw walkers=5208 (6379800..6385007) steps=30 mode=0 sched=single-bucket delta_t=0 policy=0
rank=1225 loaded data/1536/stackoverflow_a2q_tw.sub1225.txt (|V_local|=1649  t_range=[11364874,239659175])
rank=1225 loaded routing data/1536/stackoverflow_a2q_tw.rt1225.txt (1067 entries)
rank=1214/1536 dataset=stackoverflow_a2q_tw walkers=5208 (6322512..6327719) steps=30 mode=0 sched=single-bucket delta_t=0 policy=0
rank=1214 loaded data/1536/stackoverflow_a2q_tw.sub1214.txt (|V_local|=1652  t_range=[34412199,239664542])
rank=1214 loaded routing data/1536/stackoverflow_a2q_tw.rt1214.txt (798 entries)
rank=1200/1536 dataset=stackoverflow_a2q_tw walkers=5208 (6249600..6254807) steps=30 mode=0 sched=single-bucket delta_t=0 policy=0
rank=1200 loaded data/1536/stackoverflow_a2q_tw.sub1200.txt (|V_local|=1581  t_range=[4615449,239619636])
rank=1200 loaded routing data/1536/stackoverflow_a2q_tw.rt1200.txt (946 entries)
rank=1200 added 2 boundary-only nodes from routing
rank=1206/1536 dataset=stackoverflow_a2q_tw walkers=5208 (6280848..6286055) steps=30 mode=0 sched=single-bucket delta_t=0 policy=0
rank=1206 loaded data/1536/stackoverflow_a2q_tw.sub1206.txt (|V_local|=1589  t_range=[3999382,239623538])
rank=1206 loaded routing data/1536/stackoverflow_a2q_tw.rt1206.txt (975 entries)
rank=1215/1536 dataset=stackoverflow_a2q_tw walkers=5208 (6327720..6332927) steps=30 mode=0 sched=single-bucket delta_t=0 policy=0
rank=1215 loaded data/1536/stackoverflow_a2q_tw.sub1215.txt (|V_local|=1590  t_range=[3984562,239467519])
rank=1215 loaded routing data/1536/stackoverflow_a2q_tw.rt1215.txt (1092 entries)
rank=1215 added 1 boundary-only nodes from routing
rank=1227/1536 dataset=stackoverflow_a2q_tw walkers=5208 (6390216..6395423) steps=30 mode=0 sched=single-bucket delta_t=0 policy=0
rank=1227 loaded data/1536/stackoverflow_a2q_tw.sub1227.txt (|V_local|=1592  t_range=[20740497,239593361])
rank=1227 loaded routing data/1536/stackoverflow_a2q_tw.rt1227.txt (1045 entries)
rank=1227 added 1 boundary-only nodes from routing
rank=1203/1536 dataset=stackoverflow_a2q_tw walkers=5208 (6265224..6270431) steps=30 mode=0 sched=single-bucket delta_t=0 policy=0
rank=1203 loaded data/1536/stackoverflow_a2q_tw.sub1203.txt (|V_local|=1592  t_range=[1699509,239672159])
rank=1203 loaded routing data/1536/stackoverflow_a2q_tw.rt1203.txt (1033 entries)
rank=1203 added 3 boundary-only nodes from routing
rank=248/1536 dataset=stackoverflow_a2q_tw walkers=5208 (1291584..1296791) steps=30 mode=0 sched=single-bucket delta_t=0 policy=0
rank=248 loaded data/1536/stackoverflow_a2q_tw.sub248.txt (|V_local|=1594  t_range=[9582795,239661821])
rank=248 loaded routing data/1536/stackoverflow_a2q_tw.rt248.txt (996 entries)
rank=248 added 1 boundary-only nodes from routing
rank=252/1536 dataset=stackoverflow_a2q_tw walkers=5208 (1312416..1317623) steps=30 mode=0 sched=single-bucket delta_t=0 policy=0
rank=252 loaded data/1536/stackoverflow_a2q_tw.sub252.txt (|V_local|=1596  t_range=[37541267,239680831])
rank=252 loaded routing data/1536/stackoverflow_a2q_tw.rt252.txt (1107 entries)
rank=254/1536 dataset=stackoverflow_a2q_tw walkers=5208 (1322832..1328039) steps=30 mode=0 sched=single-bucket delta_t=0 policy=0
rank=254 loaded data/1536/stackoverflow_a2q_tw.sub254.txt (|V_local|=1622  t_range=[19010069,239639890])
rank=254 loaded routing data/1536/stackoverflow_a2q_tw.rt254.txt (995 entries)
rank=277/1536 dataset=stackoverflow_a2q_tw walkers=5208 (1442616..1447823) steps=30 mode=0 sched=single-bucket delta_t=0 policy=0
rank=277 loaded data/1536/stackoverflow_a2q_tw.sub277.txt (|V_local|=1590  t_range=[4115676,239624345])
rank=277 loaded routing data/1536/stackoverflow_a2q_tw.rt277.txt (951 entries)
rank=249/1536 dataset=stackoverflow_a2q_tw walkers=5208 (1296792..1301999) steps=30 mode=0 sched=single-bucket delta_t=0 policy=0
rank=249 loaded data/1536/stackoverflow_a2q_tw.sub249.txt (|V_local|=1590  t_range=[9960381,239685844])
rank=249 loaded routing data/1536/stackoverflow_a2q_tw.rt249.txt (1114 entries)
rank=249 added 1 boundary-only nodes from routing
rank=287/1536 dataset=stackoverflow_a2q_tw walkers=5208 (1494696..1499903) steps=30 mode=0 sched=single-bucket delta_t=0 policy=0
rank=287 loaded data/1536/stackoverflow_a2q_tw.sub287.txt (|V_local|=1594  t_range=[52034577,239558006])
rank=287 loaded routing data/1536/stackoverflow_a2q_tw.rt287.txt (1078 entries)
rank=242/1536 dataset=stackoverflow_a2q_tw walkers=5208 (1260336..1265543) steps=30 mode=0 sched=single-bucket delta_t=0 policy=0
rank=242 loaded data/1536/stackoverflow_a2q_tw.sub242.txt (|V_local|=1593  t_range=[3330944,239665776])
rank=242 loaded routing data/1536/stackoverflow_a2q_tw.rt242.txt (1130 entries)
rank=262/1536 dataset=stackoverflow_a2q_tw walkers=5208 (1364496..1369703) steps=30 mode=0 sched=single-bucket delta_t=0 policy=0
rank=262 loaded data/1536/stackoverflow_a2q_tw.sub262.txt (|V_local|=1592  t_range=[63041264,239623599])
rank=262 loaded routing data/1536/stackoverflow_a2q_tw.rt262.txt (1007 entries)
rank=262 added 1 boundary-only nodes from routing
rank=244/1536 dataset=stackoverflow_a2q_tw walkers=5208 (1270752..1275959) steps=30 mode=0 sched=single-bucket delta_t=0 policy=0
rank=244 loaded data/1536/stackoverflow_a2q_tw.sub244.txt (|V_local|=1651  t_range=[36777042,239675863])
rank=244 loaded routing data/1536/stackoverflow_a2q_tw.rt244.txt (462 entries)
rank=244 added 1 boundary-only nodes from routing
rank=246/1536 dataset=stackoverflow_a2q_tw walkers=5208 (1281168..1286375) steps=30 mode=0 sched=single-bucket delta_t=0 policy=0
rank=246 loaded data/1536/stackoverflow_a2q_tw.sub246.txt (|V_local|=1590  t_range=[4412723,239695848])
rank=246 loaded routing data/1536/stackoverflow_a2q_tw.rt246.txt (1094 entries)
rank=246 added 1 boundary-only nodes from routing
rank=260/1536 dataset=stackoverflow_a2q_tw walkers=5208 (1354080..1359287) steps=30 mode=0 sched=single-bucket delta_t=0 policy=0
rank=260 loaded data/1536/stackoverflow_a2q_tw.sub260.txt (|V_local|=1593  t_range=[38764962,239662773])
rank=260 loaded routing data/1536/stackoverflow_a2q_tw.rt260.txt (1049 entries)
rank=274/1536 dataset=stackoverflow_a2q_tw walkers=5208 (1426992..1432199) steps=30 mode=0 sched=single-bucket delta_t=0 policy=0
rank=274 loaded data/1536/stackoverflow_a2q_tw.sub274.txt (|V_local|=1592  t_range=[21103112,239645866])
rank=274 loaded routing data/1536/stackoverflow_a2q_tw.rt274.txt (1026 entries)
rank=258/1536 dataset=stackoverflow_a2q_tw walkers=5208 (1343664..1348871) steps=30 mode=0 sched=single-bucket delta_t=0 policy=0
rank=258 loaded data/1536/stackoverflow_a2q_tw.sub258.txt (|V_local|=1590  t_range=[16432117,239547107])
rank=258 loaded routing data/1536/stackoverflow_a2q_tw.rt258.txt (1143 entries)
rank=269/1536 dataset=stackoverflow_a2q_tw walkers=5208 (1400952..1406159) steps=30 mode=0 sched=single-bucket delta_t=0 policy=0
rank=269 loaded data/1536/stackoverflow_a2q_tw.sub269.txt (|V_local|=1651  t_range=[20460016,239660135])
rank=269 loaded routing data/1536/stackoverflow_a2q_tw.rt269.txt (952 entries)
rank=283/1536 dataset=stackoverflow_a2q_tw walkers=5208 (1473864..1479071) steps=30 mode=0 sched=single-bucket delta_t=0 policy=0
rank=283 loaded data/1536/stackoverflow_a2q_tw.sub283.txt (|V_local|=1588  t_range=[4084404,239674262])
rank=283 loaded routing data/1536/stackoverflow_a2q_tw.rt283.txt (1043 entries)
rank=284/1536 dataset=stackoverflow_a2q_tw walkers=5208 (1479072..1484279) steps=30 mode=0 sched=single-bucket delta_t=0 policy=0
rank=284 loaded data/1536/stackoverflow_a2q_tw.sub284.txt (|V_local|=1585  t_range=[7165418,239686107])
rank=284 loaded routing data/1536/stackoverflow_a2q_tw.rt284.txt (979 entries)
rank=284 added 2 boundary-only nodes from routing
rank=268/1536 dataset=stackoverflow_a2q_tw walkers=5208 (1395744..1400951) steps=30 mode=0 sched=single-bucket delta_t=0 policy=0
rank=268 loaded data/1536/stackoverflow_a2q_tw.sub268.txt (|V_local|=1582  t_range=[4291107,239680134])
rank=268 loaded routing data/1536/stackoverflow_a2q_tw.rt268.txt (1078 entries)
rank=250/1536 dataset=stackoverflow_a2q_tw walkers=5208 (1302000..1307207) steps=30 mode=0 sched=single-bucket delta_t=0 policy=0
rank=250 loaded data/1536/stackoverflow_a2q_tw.sub250.txt (|V_local|=1592  t_range=[10667227,239642419])
rank=250 loaded routing data/1536/stackoverflow_a2q_tw.rt250.txt (1079 entries)
rank=250 added 2 boundary-only nodes from routing
rank=282/1536 dataset=stackoverflow_a2q_tw walkers=5208 (1468656..1473863) steps=30 mode=0 sched=single-bucket delta_t=0 policy=0
rank=282 loaded data/1536/stackoverflow_a2q_tw.sub282.txt (|V_local|=1652  t_range=[42446725,239671265])
rank=282 loaded routing data/1536/stackoverflow_a2q_tw.rt282.txt (783 entries)
rank=257/1536 dataset=stackoverflow_a2q_tw walkers=5208 (1338456..1343663) steps=30 mode=0 sched=single-bucket delta_t=0 policy=0
rank=257 loaded data/1536/stackoverflow_a2q_tw.sub257.txt (|V_local|=1594  t_range=[37203112,239647357])
rank=257 loaded routing data/1536/stackoverflow_a2q_tw.rt257.txt (1124 entries)
rank=257 added 1 boundary-only nodes from routing
rank=278/1536 dataset=stackoverflow_a2q_tw walkers=5208 (1447824..1453031) steps=30 mode=0 sched=single-bucket delta_t=0 policy=0
rank=278 loaded data/1536/stackoverflow_a2q_tw.sub278.txt (|V_local|=1591  t_range=[2310213,239569758])
rank=278 loaded routing data/1536/stackoverflow_a2q_tw.rt278.txt (819 entries)
rank=281/1536 dataset=stackoverflow_a2q_tw walkers=5208 (1463448..1468655) steps=30 mode=0 sched=single-bucket delta_t=0 policy=0
rank=281 loaded data/1536/stackoverflow_a2q_tw.sub281.txt (|V_local|=1599  t_range=[20686792,239621522])
rank=281 loaded routing data/1536/stackoverflow_a2q_tw.rt281.txt (921 entries)
rank=281 added 3 boundary-only nodes from routing
rank=285/1536 dataset=stackoverflow_a2q_tw walkers=5208 (1484280..1489487) steps=30 mode=0 sched=single-bucket delta_t=0 policy=0
rank=285 loaded data/1536/stackoverflow_a2q_tw.sub285.txt (|V_local|=1592  t_range=[8960825,239638065])
rank=285 loaded routing data/1536/stackoverflow_a2q_tw.rt285.txt (1047 entries)
rank=255/1536 dataset=stackoverflow_a2q_tw walkers=5208 (1328040..1333247) steps=30 mode=0 sched=single-bucket delta_t=0 policy=0
rank=255 loaded data/1536/stackoverflow_a2q_tw.sub255.txt (|V_local|=1591  t_range=[10057601,239695278])
rank=255 loaded routing data/1536/stackoverflow_a2q_tw.rt255.txt (1129 entries)
rank=241/1536 dataset=stackoverflow_a2q_tw walkers=5208 (1255128..1260335) steps=30 mode=0 sched=single-bucket delta_t=0 policy=0
rank=724/1536 dataset=stackoverflow_a2q_tw walkers=5208 (3770592..3775799) steps=30 mode=0 sched=single-bucket delta_t=0 policy=0
rank=724 loaded data/1536/stackoverflow_a2q_tw.sub724.txt (|V_local|=1589  t_range=[2460400,239682840])
rank=724 loaded routing data/1536/stackoverflow_a2q_tw.rt724.txt (925 entries)
rank=724 added 4 boundary-only nodes from routing
rank=732/1536 dataset=stackoverflow_a2q_tw walkers=5208 (3812256..3817463) steps=30 mode=0 sched=single-bucket delta_t=0 policy=0
rank=732 loaded data/1536/stackoverflow_a2q_tw.sub732.txt (|V_local|=1591  t_range=[4137589,239684947])
rank=732 loaded routing data/1536/stackoverflow_a2q_tw.rt732.txt (941 entries)
rank=732 added 1 boundary-only nodes from routing
rank=736/1536 dataset=stackoverflow_a2q_tw walkers=5208 (3833088..3838295) steps=30 mode=0 sched=single-bucket delta_t=0 policy=0
rank=736 loaded data/1536/stackoverflow_a2q_tw.sub736.txt (|V_local|=1650  t_range=[3989969,239691828])
rank=736 loaded routing data/1536/stackoverflow_a2q_tw.rt736.txt (624 entries)
rank=736 added 2 boundary-only nodes from routing
rank=730/1536 dataset=stackoverflow_a2q_tw walkers=5208 (3801840..3807047) steps=30 mode=0 sched=single-bucket delta_t=0 policy=0
rank=730 loaded data/1536/stackoverflow_a2q_tw.sub730.txt (|V_local|=1585  t_range=[5071984,239657829])
rank=730 loaded routing data/1536/stackoverflow_a2q_tw.rt730.txt (1123 entries)
rank=730 added 2 boundary-only nodes from routing
rank=722/1536 dataset=stackoverflow_a2q_tw walkers=5208 (3760176..3765383) steps=30 mode=0 sched=single-bucket delta_t=0 policy=0
rank=722 loaded data/1536/stackoverflow_a2q_tw.sub722.txt (|V_local|=1588  t_range=[19854502,239694860])
rank=722 loaded routing data/1536/stackoverflow_a2q_tw.rt722.txt (992 entries)
rank=723/1536 dataset=stackoverflow_a2q_tw walkers=5208 (3765384..3770591) steps=30 mode=0 sched=single-bucket delta_t=0 policy=0
rank=723 loaded data/1536/stackoverflow_a2q_tw.sub723.txt (|V_local|=1594  t_range=[2157734,239687092])
rank=723 loaded routing data/1536/stackoverflow_a2q_tw.rt723.txt (1008 entries)
rank=723 added 3 boundary-only nodes from routing
rank=733/1536 dataset=stackoverflow_a2q_tw walkers=5208 (3817464..3822671) steps=30 mode=0 sched=single-bucket delta_t=0 policy=0
rank=733 loaded data/1536/stackoverflow_a2q_tw.sub733.txt (|V_local|=1591  t_range=[918869,239674113])
rank=733 loaded routing data/1536/stackoverflow_a2q_tw.rt733.txt (884 entries)
rank=737/1536 dataset=stackoverflow_a2q_tw walkers=5208 (3838296..3843503) steps=30 mode=0 sched=single-bucket delta_t=0 policy=0
rank=737 loaded data/1536/stackoverflow_a2q_tw.sub737.txt (|V_local|=1615  t_range=[31789329,239680761])
rank=737 loaded routing data/1536/stackoverflow_a2q_tw.rt737.txt (938 entries)
rank=757/1536 dataset=stackoverflow_a2q_tw walkers=5208 (3942456..3947663) steps=30 mode=0 sched=single-bucket delta_t=0 policy=0
rank=757 loaded data/1536/stackoverflow_a2q_tw.sub757.txt (|V_local|=1593  t_range=[11716960,239614477])
rank=757 loaded routing data/1536/stackoverflow_a2q_tw.rt757.txt (863 entries)
rank=721/1536 dataset=stackoverflow_a2q_tw walkers=5208 (3754968..3760175) steps=30 mode=0 sched=single-bucket delta_t=0 policy=0
rank=721 loaded data/1536/stackoverflow_a2q_tw.sub721.txt (|V_local|=1643  t_range=[7832888,239675198])
rank=721 loaded routing data/1536/stackoverflow_a2q_tw.rt721.txt (929 entries)
rank=756/1536 dataset=stackoverflow_a2q_tw walkers=5208 (3937248..3942455) steps=30 mode=0 sched=single-bucket delta_t=0 policy=0
rank=756 loaded data/1536/stackoverflow_a2q_tw.sub756.txt (|V_local|=1587  t_range=[16175311,239632339])
rank=756 loaded routing data/1536/stackoverflow_a2q_tw.rt756.txt (1021 entries)
rank=756 added 1 boundary-only nodes from routing
rank=727/1536 dataset=stackoverflow_a2q_tw walkers=5208 (3786216..3791423) steps=30 mode=0 sched=single-bucket delta_t=0 policy=0
rank=727 loaded data/1536/stackoverflow_a2q_tw.sub727.txt (|V_local|=1601  t_range=[7154290,239676036])
rank=727 loaded routing data/1536/stackoverflow_a2q_tw.rt727.txt (908 entries)
rank=728/1536 dataset=stackoverflow_a2q_tw walkers=5208 (3791424..3796631) steps=30 mode=0 sched=single-bucket delta_t=0 policy=0
rank=728 loaded data/1536/stackoverflow_a2q_tw.sub728.txt (|V_local|=1590  t_range=[1611617,239487220])
rank=728 loaded routing data/1536/stackoverflow_a2q_tw.rt728.txt (1036 entries)
rank=728 added 1 boundary-only nodes from routing
rank=764/1536 dataset=stackoverflow_a2q_tw walkers=5208 (3978912..3984119) steps=30 mode=0 sched=single-bucket delta_t=0 policy=0
rank=764 loaded data/1536/stackoverflow_a2q_tw.sub764.txt (|V_local|=1648  t_range=[19355698,239654811])
rank=764 loaded routing data/1536/stackoverflow_a2q_tw.rt764.txt (858 entries)
rank=731/1536 dataset=stackoverflow_a2q_tw walkers=5208 (3807048..3812255) steps=30 mode=0 sched=single-bucket delta_t=0 policy=0
rank=731 loaded data/1536/stackoverflow_a2q_tw.sub731.txt (|V_local|=1588  t_range=[4898626,239581774])
rank=731 loaded routing data/1536/stackoverflow_a2q_tw.rt731.txt (1074 entries)
rank=731 added 3 boundary-only nodes from routing
rank=738/1536 dataset=stackoverflow_a2q_tw walkers=5208 (3843504..3848711) steps=30 mode=0 sched=single-bucket delta_t=0 policy=0
rank=738 loaded data/1536/stackoverflow_a2q_tw.sub738.txt (|V_local|=1594  t_range=[4327872,239565834])
rank=738 loaded routing data/1536/stackoverflow_a2q_tw.rt738.txt (1071 entries)
rank=750/1536 dataset=stackoverflow_a2q_tw walkers=5208 (3906000..3911207) steps=30 mode=0 sched=single-bucket delta_t=0 policy=0
rank=750 loaded data/1536/stackoverflow_a2q_tw.sub750.txt (|V_local|=1592  t_range=[2896796,239698519])
rank=750 loaded routing data/1536/stackoverflow_a2q_tw.rt750.txt (1022 entries)
rank=739/1536 dataset=stackoverflow_a2q_tw walkers=5208 (3848712..3853919) steps=30 mode=0 sched=single-bucket delta_t=0 policy=0
rank=739 loaded data/1536/stackoverflow_a2q_tw.sub739.txt (|V_local|=1588  t_range=[3547251,239669867])
rank=739 loaded routing data/1536/stackoverflow_a2q_tw.rt739.txt (1040 entries)
rank=725/1536 dataset=stackoverflow_a2q_tw walkers=5208 (3775800..3781007) steps=30 mode=0 sched=single-bucket delta_t=0 policy=0
rank=725 loaded data/1536/stackoverflow_a2q_tw.sub725.txt (|V_local|=1584  t_range=[14835898,239696338])
rank=725 loaded routing data/1536/stackoverflow_a2q_tw.rt725.txt (1023 entries)
rank=725 added 2 boundary-only nodes from routing
rank=740/1536 dataset=stackoverflow_a2q_tw walkers=5208 (3853920..3859127) steps=30 mode=0 sched=single-bucket delta_t=0 policy=0
rank=740 loaded data/1536/stackoverflow_a2q_tw.sub740.txt (|V_local|=1584  t_range=[5571476,239671893])
rank=740 loaded routing data/1536/stackoverflow_a2q_tw.rt740.txt (1052 entries)
rank=740 added 3 boundary-only nodes from routing
rank=729/1536 dataset=stackoverflow_a2q_tw walkers=5208 (3796632..3801839) steps=30 mode=0 sched=single-bucket delta_t=0 policy=0
rank=729 loaded data/1536/stackoverflow_a2q_tw.sub729.txt (|V_local|=1588  t_range=[4037068,239574298])
rank=729 loaded routing data/1536/stackoverflow_a2q_tw.rt729.txt (1083 entries)
rank=729 added 1 boundary-only nodes from routing
rank=752/1536 dataset=stackoverflow_a2q_tw walkers=5208 (3916416..3921623) steps=30 mode=0 sched=single-bucket delta_t=0 policy=0
rank=752 loaded data/1536/stackoverflow_a2q_tw.sub752.txt (|V_local|=1594  t_range=[14512805,239693890])
rank=752 loaded routing data/1536/stackoverflow_a2q_tw.rt752.txt (1044 entries)
rank=760/1536 dataset=stackoverflow_a2q_tw walkers=5208 (3958080..3963287) steps=30 mode=0 sched=single-bucket delta_t=0 policy=0
rank=760 loaded data/1536/stackoverflow_a2q_tw.sub760.txt (|V_local|=1585  t_range=[9738668,239547910])
rank=760 loaded routing data/1536/stackoverflow_a2q_tw.rt760.txt (988 entries)
rank=760 added 1 boundary-only nodes from routing
rank=759/1536 dataset=stackoverflow_a2q_tw walkers=5208 (3952872..3958079) steps=30 mode=0 sched=single-bucket delta_t=0 policy=0
rank=759 loaded data/1536/stackoverflow_a2q_tw.sub759.txt (|V_local|=1587  t_range=[4114389,239691796])
rank=759 loaded routing data/1536/stackoverflow_a2q_tw.rt759.txt (1108 entries)
rank=759 added 3 boundary-only nodes from routing
rank=343/1536 dataset=stackoverflow_a2q_tw walkers=5208 (1786344..1791551) steps=30 mode=0 sched=single-bucket delta_t=0 policy=0
rank=343 loaded data/1536/stackoverflow_a2q_tw.sub343.txt (|V_local|=1590  t_range=[6516877,239680429])
rank=343 loaded routing data/1536/stackoverflow_a2q_tw.rt343.txt (1094 entries)
rank=347/1536 dataset=stackoverflow_a2q_tw walkers=5208 (1807176..1812383) steps=30 mode=0 sched=single-bucket delta_t=0 policy=0
rank=347 loaded data/1536/stackoverflow_a2q_tw.sub347.txt (|V_local|=1597  t_range=[12165683,239679032])
rank=347 loaded routing data/1536/stackoverflow_a2q_tw.rt347.txt (1073 entries)
rank=347 added 1 boundary-only nodes from routing
rank=337/1536 dataset=stackoverflow_a2q_tw walkers=5208 (1755096..1760303) steps=30 mode=0 sched=single-bucket delta_t=0 policy=0
rank=337 loaded data/1536/stackoverflow_a2q_tw.sub337.txt (|V_local|=1595  t_range=[12335852,239689794])
rank=337 loaded routing data/1536/stackoverflow_a2q_tw.rt337.txt (1008 entries)
rank=344/1536 dataset=stackoverflow_a2q_tw walkers=5208 (1791552..1796759) steps=30 mode=0 sched=single-bucket delta_t=0 policy=0
rank=344 loaded data/1536/stackoverflow_a2q_tw.sub344.txt (|V_local|=1589  t_range=[5970497,239682775])
rank=344 loaded routing data/1536/stackoverflow_a2q_tw.rt344.txt (1103 entries)
rank=344 added 1 boundary-only nodes from routing
rank=340/1536 dataset=stackoverflow_a2q_tw walkers=5208 (1770720..1775927) steps=30 mode=0 sched=single-bucket delta_t=0 policy=0
rank=340 loaded data/1536/stackoverflow_a2q_tw.sub340.txt (|V_local|=1590  t_range=[13558935,239653683])
rank=340 loaded routing data/1536/stackoverflow_a2q_tw.rt340.txt (1095 entries)
rank=340 added 1 boundary-only nodes from routing
rank=339/1536 dataset=stackoverflow_a2q_tw walkers=5208 (1765512..1770719) steps=30 mode=0 sched=single-bucket delta_t=0 policy=0
rank=339 loaded data/1536/stackoverflow_a2q_tw.sub339.txt (|V_local|=1594  t_range=[45727556,239657386])
rank=339 loaded routing data/1536/stackoverflow_a2q_tw.rt339.txt (1050 entries)
rank=341/1536 dataset=stackoverflow_a2q_tw walkers=5208 (1775928..1781135) steps=30 mode=0 sched=single-bucket delta_t=0 policy=0
rank=341 loaded data/1536/stackoverflow_a2q_tw.sub341.txt (|V_local|=1594  t_range=[14445600,239693063])
rank=341 loaded routing data/1536/stackoverflow_a2q_tw.rt341.txt (1017 entries)
rank=358/1536 dataset=stackoverflow_a2q_tw walkers=5208 (1864464..1869671) steps=30 mode=0 sched=single-bucket delta_t=0 policy=0
rank=358 loaded data/1536/stackoverflow_a2q_tw.sub358.txt (|V_local|=1588  t_range=[22423418,239685974])
rank=358 loaded routing data/1536/stackoverflow_a2q_tw.rt358.txt (1073 entries)
rank=338/1536 dataset=stackoverflow_a2q_tw walkers=5208 (1760304..1765511) steps=30 mode=0 sched=single-bucket delta_t=0 policy=0
rank=338 loaded data/1536/stackoverflow_a2q_tw.sub338.txt (|V_local|=1652  t_range=[39204859,239671711])
rank=338 loaded routing data/1536/stackoverflow_a2q_tw.rt338.txt (1004 entries)
rank=345/1536 dataset=stackoverflow_a2q_tw walkers=5208 (1796760..1801967) steps=30 mode=0 sched=single-bucket delta_t=0 policy=0
rank=345 loaded data/1536/stackoverflow_a2q_tw.sub345.txt (|V_local|=1589  t_range=[12652520,239614551])
rank=345 loaded routing data/1536/stackoverflow_a2q_tw.rt345.txt (1125 entries)
rank=345 added 2 boundary-only nodes from routing
rank=361/1536 dataset=stackoverflow_a2q_tw walkers=5208 (1880088..1885295) steps=30 mode=0 sched=single-bucket delta_t=0 policy=0
rank=361 loaded data/1536/stackoverflow_a2q_tw.sub361.txt (|V_local|=1599  t_range=[68475350,239691948])
rank=361 loaded routing data/1536/stackoverflow_a2q_tw.rt361.txt (1082 entries)
rank=342/1536 dataset=stackoverflow_a2q_tw walkers=5208 (1781136..1786343) steps=30 mode=0 sched=single-bucket delta_t=0 policy=0
rank=342 loaded data/1536/stackoverflow_a2q_tw.sub342.txt (|V_local|=1588  t_range=[4123226,239694991])
rank=342 loaded routing data/1536/stackoverflow_a2q_tw.rt342.txt (1061 entries)
rank=342 added 1 boundary-only nodes from routing
rank=349/1536 dataset=stackoverflow_a2q_tw walkers=5208 (1817592..1822799) steps=30 mode=0 sched=single-bucket delta_t=0 policy=0
rank=349 loaded data/1536/stackoverflow_a2q_tw.sub349.txt (|V_local|=1593  t_range=[22785604,239681475])
rank=349 loaded routing data/1536/stackoverflow_a2q_tw.rt349.txt (1077 entries)
rank=353/1536 dataset=stackoverflow_a2q_tw walkers=5208 (1838424..1843631) steps=30 mode=0 sched=single-bucket delta_t=0 policy=0
rank=353 loaded data/1536/stackoverflow_a2q_tw.sub353.txt (|V_local|=1601  t_range=[47158697,239692558])
rank=353 loaded routing data/1536/stackoverflow_a2q_tw.rt353.txt (1065 entries)
rank=356/1536 dataset=stackoverflow_a2q_tw walkers=5208 (1854048..1859255) steps=30 mode=0 sched=single-bucket delta_t=0 policy=0
rank=356 loaded data/1536/stackoverflow_a2q_tw.sub356.txt (|V_local|=1580  t_range=[5339393,239679057])
rank=356 loaded routing data/1536/stackoverflow_a2q_tw.rt356.txt (1095 entries)
rank=346/1536 dataset=stackoverflow_a2q_tw walkers=5208 (1801968..1807175) steps=30 mode=0 sched=single-bucket delta_t=0 policy=0
rank=346 loaded data/1536/stackoverflow_a2q_tw.sub346.txt (|V_local|=1588  t_range=[31691201,239694109])
rank=346 loaded routing data/1536/stackoverflow_a2q_tw.rt346.txt (1055 entries)
rank=346 added 1 boundary-only nodes from routing
rank=351/1536 dataset=stackoverflow_a2q_tw walkers=5208 (1828008..1833215) steps=30 mode=0 sched=single-bucket delta_t=0 policy=0
rank=351 loaded data/1536/stackoverflow_a2q_tw.sub351.txt (|V_local|=1588  t_range=[45891508,239666923])
rank=351 loaded routing data/1536/stackoverflow_a2q_tw.rt351.txt (1087 entries)
rank=351 added 1 boundary-only nodes from routing
rank=352/1536 dataset=stackoverflow_a2q_tw walkers=5208 (1833216..1838423) steps=30 mode=0 sched=single-bucket delta_t=0 policy=0
rank=352 loaded data/1536/stackoverflow_a2q_tw.sub352.txt (|V_local|=1592  t_range=[48123933,239695351])
rank=352 loaded routing data/1536/stackoverflow_a2q_tw.rt352.txt (1099 entries)
rank=352 added 1 boundary-only nodes from routing
rank=357/1536 dataset=stackoverflow_a2q_tw walkers=5208 (1859256..1864463) steps=30 mode=0 sched=single-bucket delta_t=0 policy=0
rank=357 loaded data/1536/stackoverflow_a2q_tw.sub357.txt (|V_local|=1582  t_range=[36695562,239659742])
rank=357 loaded routing data/1536/stackoverflow_a2q_tw.rt357.txt (1104 entries)
rank=348/1536 dataset=stackoverflow_a2q_tw walkers=5208 (1812384..1817591) steps=30 mode=0 sched=single-bucket delta_t=0 policy=0
rank=348 loaded data/1536/stackoverflow_a2q_tw.sub348.txt (|V_local|=1589  t_range=[8098747,239697890])
rank=348 loaded routing data/1536/stackoverflow_a2q_tw.rt348.txt (1133 entries)
rank=348 added 1 boundary-only nodes from routing
rank=364/1536 dataset=stackoverflow_a2q_tw walkers=5208 (1895712..1900919) steps=30 mode=0 sched=single-bucket delta_t=0 policy=0
rank=364 loaded data/1536/stackoverflow_a2q_tw.sub364.txt (|V_local|=1583  t_range=[53259547,239668490])
rank=364 loaded routing data/1536/stackoverflow_a2q_tw.rt364.txt (1131 entries)
rank=364 added 2 boundary-only nodes from routing
rank=380/1536 dataset=stackoverflow_a2q_tw walkers=5208 (1979040..1984247) steps=30 mode=0 sched=single-bucket delta_t=0 policy=0
rank=380 loaded data/1536/stackoverflow_a2q_tw.sub380.txt (|V_local|=1589  t_range=[27090265,239690817])
rank=380 loaded routing data/1536/stackoverflow_a2q_tw.rt380.txt (1100 entries)
rank=380 added 2 boundary-only nodes from routing
rank=372/1536 dataset=stackoverflow_a2q_tw walkers=5208 (1937376..1942583) steps=30 mode=0 sched=single-bucket delta_t=0 policy=0
rank=372 loaded data/1536/stackoverflow_a2q_tw.sub372.txt (|V_local|=1593  t_range=[6375487,239658000])
rank=372 loaded routing data/1536/stackoverflow_a2q_tw.rt372.txt (853 entries)
rank=365/1536 dataset=stackoverflow_a2q_tw walkers=5208 (1900920..1906127) steps=30 mode=0 sched=single-bucket delta_t=0 policy=0
rank=365 loaded data/1536/stackoverflow_a2q_tw.sub365.txt (|V_local|=1592  t_range=[9325409,239657121])
rank=365 loaded routing data/1536/stackoverflow_a2q_tw.rt365.txt (1116 entries)
rank=30/1536 dataset=stackoverflow_a2q_tw walkers=5208 (156240..161447) steps=30 mode=0 sched=single-bucket delta_t=0 policy=0
rank=30 loaded data/1536/stackoverflow_a2q_tw.sub30.txt (|V_local|=1590  t_range=[11228643,239684979])
rank=30 loaded routing data/1536/stackoverflow_a2q_tw.rt30.txt (1083 entries)
rank=11/1536 dataset=stackoverflow_a2q_tw walkers=5208 (57288..62495) steps=30 mode=0 sched=single-bucket delta_t=0 policy=0
rank=11 loaded data/1536/stackoverflow_a2q_tw.sub11.txt (|V_local|=1582  t_range=[2265210,239642250])
rank=11 loaded routing data/1536/stackoverflow_a2q_tw.rt11.txt (1074 entries)
rank=8/1536 dataset=stackoverflow_a2q_tw walkers=5208 (41664..46871) steps=30 mode=0 sched=single-bucket delta_t=0 policy=0
rank=8 loaded data/1536/stackoverflow_a2q_tw.sub8.txt (|V_local|=1598  t_range=[20538566,239659328])
rank=8 loaded routing data/1536/stackoverflow_a2q_tw.rt8.txt (866 entries)
rank=8 added 1 boundary-only nodes from routing
rank=41/1536 dataset=stackoverflow_a2q_tw walkers=5208 (213528..218735) steps=30 mode=0 sched=single-bucket delta_t=0 policy=0
rank=41 loaded data/1536/stackoverflow_a2q_tw.sub41.txt (|V_local|=1651  t_range=[2175541,239696499])
rank=41 loaded routing data/1536/stackoverflow_a2q_tw.rt41.txt (868 entries)
rank=41 added 1 boundary-only nodes from routing
rank=2/1536 dataset=stackoverflow_a2q_tw walkers=5208 (10416..15623) steps=30 mode=0 sched=single-bucket delta_t=0 policy=0
rank=2 loaded data/1536/stackoverflow_a2q_tw.sub2.txt (|V_local|=1581  t_range=[3941746,239573168])
rank=2 loaded routing data/1536/stackoverflow_a2q_tw.rt2.txt (1020 entries)
rank=2 added 1 boundary-only nodes from routing
rank=28/1536 dataset=stackoverflow_a2q_tw walkers=5208 (145824..151031) steps=30 mode=0 sched=single-bucket delta_t=0 policy=0
rank=28 loaded data/1536/stackoverflow_a2q_tw.sub28.txt (|V_local|=1585  t_range=[5583447,239684693])
rank=28 loaded routing data/1536/stackoverflow_a2q_tw.rt28.txt (950 entries)
rank=28 added 4 boundary-only nodes from routing
rank=3/1536 dataset=stackoverflow_a2q_tw walkers=5208 (15624..20831) steps=30 mode=0 sched=single-bucket delta_t=0 policy=0
rank=3 loaded data/1536/stackoverflow_a2q_tw.sub3.txt (|V_local|=1583  t_range=[4098953,239566994])
rank=3 loaded routing data/1536/stackoverflow_a2q_tw.rt3.txt (1058 entries)
rank=4/1536 dataset=stackoverflow_a2q_tw walkers=5208 (20832..26039) steps=30 mode=0 sched=single-bucket delta_t=0 policy=0
rank=4 loaded data/1536/stackoverflow_a2q_tw.sub4.txt (|V_local|=1588  t_range=[4804667,239644451])
rank=4 loaded routing data/1536/stackoverflow_a2q_tw.rt4.txt (920 entries)
rank=4 added 1 boundary-only nodes from routing
rank=14/1536 dataset=stackoverflow_a2q_tw walkers=5208 (72912..78119) steps=30 mode=0 sched=single-bucket delta_t=0 policy=0
rank=14 loaded data/1536/stackoverflow_a2q_tw.sub14.txt (|V_local|=1591  t_range=[4128028,239658467])
rank=14 loaded routing data/1536/stackoverflow_a2q_tw.rt14.txt (1076 entries)
rank=14 added 3 boundary-only nodes from routing
rank=15/1536 dataset=stackoverflow_a2q_tw walkers=5208 (78120..83327) steps=30 mode=0 sched=single-bucket delta_t=0 policy=0
rank=15 loaded data/1536/stackoverflow_a2q_tw.sub15.txt (|V_local|=1586  t_range=[21096155,239557940])
rank=15 loaded routing data/1536/stackoverflow_a2q_tw.rt15.txt (1089 entries)
rank=15 added 2 boundary-only nodes from routing
rank=16/1536 dataset=stackoverflow_a2q_tw walkers=5208 (83328..88535) steps=30 mode=0 sched=single-bucket delta_t=0 policy=0
rank=16 loaded data/1536/stackoverflow_a2q_tw.sub16.txt (|V_local|=1588  t_range=[17500443,239574567])
rank=16 loaded routing data/1536/stackoverflow_a2q_tw.rt16.txt (1009 entries)
rank=16 added 4 boundary-only nodes from routing
rank=13/1536 dataset=stackoverflow_a2q_tw walkers=5208 (67704..72911) steps=30 mode=0 sched=single-bucket delta_t=0 policy=0
rank=13 loaded data/1536/stackoverflow_a2q_tw.sub13.txt (|V_local|=1586  t_range=[19049777,239598841])
rank=13 loaded routing data/1536/stackoverflow_a2q_tw.rt13.txt (1088 entries)
rank=13 added 2 boundary-only nodes from routing
rank=5/1536 dataset=stackoverflow_a2q_tw walkers=5208 (26040..31247) steps=30 mode=0 sched=single-bucket delta_t=0 policy=0
rank=5 loaded data/1536/stackoverflow_a2q_tw.sub5.txt (|V_local|=1582  t_range=[2768631,239671342])
rank=5 loaded routing data/1536/stackoverflow_a2q_tw.rt5.txt (982 entries)
rank=5 added 1 boundary-only nodes from routing
rank=1/1536 dataset=stackoverflow_a2q_tw walkers=5208 (5208..10415) steps=30 mode=0 sched=single-bucket delta_t=0 policy=0
rank=1 loaded data/1536/stackoverflow_a2q_tw.sub1.txt (|V_local|=1588  t_range=[25666271,239571671])
rank=1 loaded routing data/1536/stackoverflow_a2q_tw.rt1.txt (1050 entries)
rank=1 added 2 boundary-only nodes from routing
rank=38/1536 dataset=stackoverflow_a2q_tw walkers=5208 (197904..203111) steps=30 mode=0 sched=single-bucket delta_t=0 policy=0
rank=38 loaded data/1536/stackoverflow_a2q_tw.sub38.txt (|V_local|=1592  t_range=[12990371,239690315])
rank=38 loaded routing data/1536/stackoverflow_a2q_tw.rt38.txt (1025 entries)
rank=38 added 3 boundary-only nodes from routing
rank=19/1536 dataset=stackoverflow_a2q_tw walkers=5208 (98952..104159) steps=30 mode=0 sched=single-bucket delta_t=0 policy=0
rank=19 loaded data/1536/stackoverflow_a2q_tw.sub19.txt (|V_local|=1590  t_range=[6026518,239634193])
rank=19 loaded routing data/1536/stackoverflow_a2q_tw.rt19.txt (923 entries)
rank=19 added 1 boundary-only nodes from routing
rank=18/1536 dataset=stackoverflow_a2q_tw walkers=5208 (93744..98951) steps=30 mode=0 sched=single-bucket delta_t=0 policy=0
rank=18 loaded data/1536/stackoverflow_a2q_tw.sub18.txt (|V_local|=1593  t_range=[14591251,239676644])
rank=18 loaded routing data/1536/stackoverflow_a2q_tw.rt18.txt (955 entries)
rank=18 added 1 boundary-only nodes from routing
rank=6/1536 dataset=stackoverflow_a2q_tw walkers=5208 (31248..36455) steps=30 mode=0 sched=single-bucket delta_t=0 policy=0
rank=6 loaded data/1536/stackoverflow_a2q_tw.sub6.txt (|V_local|=1583  t_range=[4008702,239387916])
rank=6 loaded routing data/1536/stackoverflow_a2q_tw.rt6.txt (928 entries)
rank=6 added 1 boundary-only nodes from routing
rank=7/1536 dataset=stackoverflow_a2q_tw walkers=5208 (36456..41663) steps=30 mode=0 sched=single-bucket delta_t=0 policy=0
rank=7 loaded data/1536/stackoverflow_a2q_tw.sub7.txt (|V_local|=1584  t_range=[7867841,239288162])
rank=7 loaded routing data/1536/stackoverflow_a2q_tw.rt7.txt (1081 entries)
rank=7 added 4 boundary-only nodes from routing
rank=17/1536 dataset=stackoverflow_a2q_tw walkers=5208 (88536..93743) steps=30 mode=0 sched=single-bucket delta_t=0 policy=0
rank=17 loaded data/1536/stackoverflow_a2q_tw.sub17.txt (|V_local|=1589  t_range=[1196136,239685998])
rank=17 loaded routing data/1536/stackoverflow_a2q_tw.rt17.txt (985 entries)
rank=17 added 3 boundary-only nodes from routing
rank=10/1536 dataset=stackoverflow_a2q_tw walkers=5208 (52080..57287) steps=30 mode=0 sched=single-bucket delta_t=0 policy=0
rank=10 loaded data/1536/stackoverflow_a2q_tw.sub10.txt (|V_local|=1585  t_range=[24622568,239598321])
rank=10 loaded routing data/1536/stackoverflow_a2q_tw.rt10.txt (1059 entries)
rank=10 added 1 boundary-only nodes from routing
rank=9/1536 dataset=stackoverflow_a2q_tw walkers=5208 (46872..52079) steps=30 mode=0 sched=single-bucket delta_t=0 policy=0
rank=9 loaded data/1536/stackoverflow_a2q_tw.sub9.txt (|V_local|=1591  t_range=[13722903,239669732])
rank=9 loaded routing data/1536/stackoverflow_a2q_tw.rt9.txt (1084 entries)
rank=9 added 1 boundary-only nodes from routing
rank=39/1536 dataset=stackoverflow_a2q_tw walkers=5208 (203112..208319) steps=30 mode=0 sched=single-bucket delta_t=0 policy=0
rank=39 loaded data/1536/stackoverflow_a2q_tw.sub39.txt (|V_local|=1590  t_range=[19727854,239504457])
rank=39 loaded routing data/1536/stackoverflow_a2q_tw.rt39.txt (976 entries)
rank=39 added 1 boundary-only nodes from routing
rank=31/1536 dataset=stackoverflow_a2q_tw walkers=5208 (161448..166655) steps=30 mode=0 sched=single-bucket delta_t=0 policy=0
rank=31 loaded data/1536/stackoverflow_a2q_tw.sub31.txt (|V_local|=1652  t_range=[12546589,239675324])
rank=437/1536 dataset=stackoverflow_a2q_tw walkers=5208 (2275896..2281103) steps=30 mode=0 sched=single-bucket delta_t=0 policy=0
rank=437 loaded data/1536/stackoverflow_a2q_tw.sub437.txt (|V_local|=1578  t_range=[2312695,239549937])
rank=437 loaded routing data/1536/stackoverflow_a2q_tw.rt437.txt (996 entries)
rank=437 added 3 boundary-only nodes from routing
rank=445/1536 dataset=stackoverflow_a2q_tw walkers=5208 (2317560..2322767) steps=30 mode=0 sched=single-bucket delta_t=0 policy=0
rank=445 loaded data/1536/stackoverflow_a2q_tw.sub445.txt (|V_local|=1652  t_range=[3421530,239647231])
rank=445 loaded routing data/1536/stackoverflow_a2q_tw.rt445.txt (570 entries)
rank=433/1536 dataset=stackoverflow_a2q_tw walkers=5208 (2255064..2260271) steps=30 mode=0 sched=single-bucket delta_t=0 policy=0
rank=433 loaded data/1536/stackoverflow_a2q_tw.sub433.txt (|V_local|=1599  t_range=[1731646,239563607])
rank=433 loaded routing data/1536/stackoverflow_a2q_tw.rt433.txt (800 entries)
rank=441/1536 dataset=stackoverflow_a2q_tw walkers=5208 (2296728..2301935) steps=30 mode=0 sched=single-bucket delta_t=0 policy=0
rank=441 loaded data/1536/stackoverflow_a2q_tw.sub441.txt (|V_local|=1589  t_range=[1888364,239495000])
rank=441 loaded routing data/1536/stackoverflow_a2q_tw.rt441.txt (1034 entries)
rank=441 added 5 boundary-only nodes from routing
rank=436/1536 dataset=stackoverflow_a2q_tw walkers=5208 (2270688..2275895) steps=30 mode=0 sched=single-bucket delta_t=0 policy=0
rank=436 loaded data/1536/stackoverflow_a2q_tw.sub436.txt (|V_local|=1584  t_range=[1192947,239502322])
rank=436 loaded routing data/1536/stackoverflow_a2q_tw.rt436.txt (1102 entries)
rank=436 added 6 boundary-only nodes from routing
rank=448/1536 dataset=stackoverflow_a2q_tw walkers=5208 (2333184..2338391) steps=30 mode=0 sched=single-bucket delta_t=0 policy=0
rank=448 loaded data/1536/stackoverflow_a2q_tw.sub448.txt (|V_local|=1589  t_range=[4144519,239652887])
rank=448 loaded routing data/1536/stackoverflow_a2q_tw.rt448.txt (912 entries)
rank=448 added 1 boundary-only nodes from routing
rank=458/1536 dataset=stackoverflow_a2q_tw walkers=5208 (2385264..2390471) steps=30 mode=0 sched=single-bucket delta_t=0 policy=0
rank=458 loaded data/1536/stackoverflow_a2q_tw.sub458.txt (|V_local|=1652  t_range=[348558,239659875])
rank=458 loaded routing data/1536/stackoverflow_a2q_tw.rt458.txt (695 entries)
rank=462/1536 dataset=stackoverflow_a2q_tw walkers=5208 (2406096..2411303) steps=30 mode=0 sched=single-bucket delta_t=0 policy=0
rank=462 loaded data/1536/stackoverflow_a2q_tw.sub462.txt (|V_local|=1590  t_range=[4101801,239636499])
rank=462 loaded routing data/1536/stackoverflow_a2q_tw.rt462.txt (1056 entries)
rank=449/1536 dataset=stackoverflow_a2q_tw walkers=5208 (2338392..2343599) steps=30 mode=0 sched=single-bucket delta_t=0 policy=0
rank=449 loaded data/1536/stackoverflow_a2q_tw.sub449.txt (|V_local|=1587  t_range=[308042,239576299])
rank=449 loaded routing data/1536/stackoverflow_a2q_tw.rt449.txt (1002 entries)
rank=449 added 4 boundary-only nodes from routing
rank=457/1536 dataset=stackoverflow_a2q_tw walkers=5208 (2380056..2385263) steps=30 mode=0 sched=single-bucket delta_t=0 policy=0
rank=457 loaded data/1536/stackoverflow_a2q_tw.sub457.txt (|V_local|=1649  t_range=[2483012,239605005])
rank=457 loaded routing data/1536/stackoverflow_a2q_tw.rt457.txt (619 entries)
rank=457 added 2 boundary-only nodes from routing
rank=453/1536 dataset=stackoverflow_a2q_tw walkers=5208 (2359224..2364431) steps=30 mode=0 sched=single-bucket delta_t=0 policy=0
rank=453 loaded data/1536/stackoverflow_a2q_tw.sub453.txt (|V_local|=1583  t_range=[2986750,239541230])
rank=453 loaded routing data/1536/stackoverflow_a2q_tw.rt453.txt (1028 entries)
rank=453 added 3 boundary-only nodes from routing
rank=438/1536 dataset=stackoverflow_a2q_tw walkers=5208 (2281104..2286311) steps=30 mode=0 sched=single-bucket delta_t=0 policy=0
rank=438 loaded data/1536/stackoverflow_a2q_tw.sub438.txt (|V_local|=1586  t_range=[1194722,239586153])
rank=438 loaded routing data/1536/stackoverflow_a2q_tw.rt438.txt (1093 entries)
rank=438 added 3 boundary-only nodes from routing
rank=469/1536 dataset=stackoverflow_a2q_tw walkers=5208 (2442552..2447759) steps=30 mode=0 sched=single-bucket delta_t=0 policy=0
rank=469 loaded data/1536/stackoverflow_a2q_tw.sub469.txt (|V_local|=1650  t_range=[1287525,239575789])
rank=469 loaded routing data/1536/stackoverflow_a2q_tw.rt469.txt (662 entries)
rank=469 added 2 boundary-only nodes from routing
rank=476/1536 dataset=stackoverflow_a2q_tw walkers=5208 (2479008..2484215) steps=30 mode=0 sched=single-bucket delta_t=0 policy=0
rank=476 loaded data/1536/stackoverflow_a2q_tw.sub476.txt (|V_local|=1589  t_range=[158604,239660344])
rank=476 loaded routing data/1536/stackoverflow_a2q_tw.rt476.txt (982 entries)
rank=476 added 2 boundary-only nodes from routing
rank=468/1536 dataset=stackoverflow_a2q_tw walkers=5208 (2437344..2442551) steps=30 mode=0 sched=single-bucket delta_t=0 policy=0
rank=468 loaded data/1536/stackoverflow_a2q_tw.sub468.txt (|V_local|=1649  t_range=[427220,239679230])
rank=468 loaded routing data/1536/stackoverflow_a2q_tw.rt468.txt (817 entries)
rank=468 added 1 boundary-only nodes from routing
rank=435/1536 dataset=stackoverflow_a2q_tw walkers=5208 (2265480..2270687) steps=30 mode=0 sched=single-bucket delta_t=0 policy=0
rank=435 loaded data/1536/stackoverflow_a2q_tw.sub435.txt (|V_local|=1590  t_range=[3017785,239497951])
rank=435 loaded routing data/1536/stackoverflow_a2q_tw.rt435.txt (976 entries)
rank=447/1536 dataset=stackoverflow_a2q_tw walkers=5208 (2327976..2333183) steps=30 mode=0 sched=single-bucket delta_t=0 policy=0
rank=447 loaded data/1536/stackoverflow_a2q_tw.sub447.txt (|V_local|=1585  t_range=[4250719,239683220])
rank=447 loaded routing data/1536/stackoverflow_a2q_tw.rt447.txt (1020 entries)
rank=471/1536 dataset=stackoverflow_a2q_tw walkers=5208 (2452968..2458175) steps=30 mode=0 sched=single-bucket delta_t=0 policy=0
rank=471 loaded data/1536/stackoverflow_a2q_tw.sub471.txt (|V_local|=1581  t_range=[3973760,239677946])
rank=471 loaded routing data/1536/stackoverflow_a2q_tw.rt471.txt (1083 entries)
rank=471 added 9 boundary-only nodes from routing
rank=455/1536 dataset=stackoverflow_a2q_tw walkers=5208 (2369640..2374847) steps=30 mode=0 sched=single-bucket delta_t=0 policy=0
rank=455 loaded data/1536/stackoverflow_a2q_tw.sub455.txt (|V_local|=1588  t_range=[3944223,239696167])
rank=455 loaded routing data/1536/stackoverflow_a2q_tw.rt455.txt (1039 entries)
rank=455 added 2 boundary-only nodes from routing
rank=470/1536 dataset=stackoverflow_a2q_tw walkers=5208 (2447760..2452967) steps=30 mode=0 sched=single-bucket delta_t=0 policy=0
rank=470 loaded data/1536/stackoverflow_a2q_tw.sub470.txt (|V_local|=1648  t_range=[1091812,239463344])
rank=470 loaded routing data/1536/stackoverflow_a2q_tw.rt470.txt (757 entries)
rank=470 added 1 boundary-only nodes from routing
rank=464/1536 dataset=stackoverflow_a2q_tw walkers=5208 (2416512..2421719) steps=30 mode=0 sched=single-bucket delta_t=0 policy=0
rank=464 loaded data/1536/stackoverflow_a2q_tw.sub464.txt (|V_local|=1590  t_range=[2479480,239527878])
rank=464 loaded routing data/1536/stackoverflow_a2q_tw.rt464.txt (1079 entries)
rank=464 added 1 boundary-only nodes from routing
rank=440/1536 dataset=stackoverflow_a2q_tw walkers=5208 (2291520..2296727) steps=30 mode=0 sched=single-bucket delta_t=0 policy=0
rank=440 loaded data/1536/stackoverflow_a2q_tw.sub440.txt (|V_local|=1588  t_range=[2324265,239489970])
rank=440 loaded routing data/1536/stackoverflow_a2q_tw.rt440.txt (1031 entries)
rank=440 added 3 boundary-only nodes from routing
rank=473/1536 dataset=stackoverflow_a2q_tw walkers=5208 (2463384..2468591) steps=30 mode=0 sched=single-bucket delta_t=0 policy=0
rank=473 loaded data/1536/stackoverflow_a2q_tw.sub473.txt (|V_local|=1585  t_range=[1871356,239686109])
rank=473 loaded routing data/1536/stackoverflow_a2q_tw.rt473.txt (1013 entries)
rank=473 added 1 boundary-only nodes from routing
rank=298/1536 dataset=stackoverflow_a2q_tw walkers=5208 (1551984..1557191) steps=30 mode=0 sched=single-bucket delta_t=0 policy=0
rank=298 loaded data/1536/stackoverflow_a2q_tw.sub298.txt (|V_local|=1588  t_range=[5482693,239671171])
rank=298 loaded routing data/1536/stackoverflow_a2q_tw.rt298.txt (939 entries)
rank=322/1536 dataset=stackoverflow_a2q_tw walkers=5208 (1676976..1682183) steps=30 mode=0 sched=single-bucket delta_t=0 policy=0
rank=322 loaded data/1536/stackoverflow_a2q_tw.sub322.txt (|V_local|=1589  t_range=[5609867,239680416])
rank=322 loaded routing data/1536/stackoverflow_a2q_tw.rt322.txt (997 entries)
rank=322 added 1 boundary-only nodes from routing
rank=300/1536 dataset=stackoverflow_a2q_tw walkers=5208 (1562400..1567607) steps=30 mode=0 sched=single-bucket delta_t=0 policy=0
rank=300 loaded data/1536/stackoverflow_a2q_tw.sub300.txt (|V_local|=1588  t_range=[3384304,239683700])
rank=300 loaded routing data/1536/stackoverflow_a2q_tw.rt300.txt (1054 entries)
rank=290/1536 dataset=stackoverflow_a2q_tw walkers=5208 (1510320..1515527) steps=30 mode=0 sched=single-bucket delta_t=0 policy=0
rank=290 loaded data/1536/stackoverflow_a2q_tw.sub290.txt (|V_local|=1590  t_range=[3531091,239634024])
rank=290 loaded routing data/1536/stackoverflow_a2q_tw.rt290.txt (1031 entries)
rank=290 added 1 boundary-only nodes from routing
rank=314/1536 dataset=stackoverflow_a2q_tw walkers=5208 (1635312..1640519) steps=30 mode=0 sched=single-bucket delta_t=0 policy=0
rank=314 loaded data/1536/stackoverflow_a2q_tw.sub314.txt (|V_local|=1592  t_range=[4070621,239694323])
rank=314 loaded routing data/1536/stackoverflow_a2q_tw.rt314.txt (988 entries)
rank=314 added 1 boundary-only nodes from routing
rank=288/1536 dataset=stackoverflow_a2q_tw walkers=5208 (1499904..1505111) steps=30 mode=0 sched=single-bucket delta_t=0 policy=0
rank=288 loaded data/1536/stackoverflow_a2q_tw.sub288.txt (|V_local|=1586  t_range=[9725400,239692135])
rank=288 loaded routing data/1536/stackoverflow_a2q_tw.rt288.txt (1082 entries)
rank=288 added 3 boundary-only nodes from routing
rank=316/1536 dataset=stackoverflow_a2q_tw walkers=5208 (1645728..1650935) steps=30 mode=0 sched=single-bucket delta_t=0 policy=0
rank=316 loaded data/1536/stackoverflow_a2q_tw.sub316.txt (|V_local|=1589  t_range=[8568290,239697186])
rank=316 loaded routing data/1536/stackoverflow_a2q_tw.rt316.txt (1108 entries)
rank=316 added 2 boundary-only nodes from routing
rank=335/1536 dataset=stackoverflow_a2q_tw walkers=5208 (1744680..1749887) steps=30 mode=0 sched=single-bucket delta_t=0 policy=0
rank=335 loaded data/1536/stackoverflow_a2q_tw.sub335.txt (|V_local|=1592  t_range=[18579031,239679301])
rank=335 loaded routing data/1536/stackoverflow_a2q_tw.rt335.txt (934 entries)
rank=303/1536 dataset=stackoverflow_a2q_tw walkers=5208 (1578024..1583231) steps=30 mode=0 sched=single-bucket delta_t=0 policy=0
rank=303 loaded data/1536/stackoverflow_a2q_tw.sub303.txt (|V_local|=1587  t_range=[20267140,239635259])
rank=303 loaded routing data/1536/stackoverflow_a2q_tw.rt303.txt (1035 entries)
rank=315/1536 dataset=stackoverflow_a2q_tw walkers=5208 (1640520..1645727) steps=30 mode=0 sched=single-bucket delta_t=0 policy=0
rank=315 loaded data/1536/stackoverflow_a2q_tw.sub315.txt (|V_local|=1587  t_range=[6651082,239697194])
rank=315 loaded routing data/1536/stackoverflow_a2q_tw.rt315.txt (976 entries)
rank=315 added 1 boundary-only nodes from routing
rank=317/1536 dataset=stackoverflow_a2q_tw walkers=5208 (1650936..1656143) steps=30 mode=0 sched=single-bucket delta_t=0 policy=0
rank=317 loaded data/1536/stackoverflow_a2q_tw.sub317.txt (|V_local|=1596  t_range=[30870623,239651137])
rank=317 loaded routing data/1536/stackoverflow_a2q_tw.rt317.txt (989 entries)
rank=317 added 1 boundary-only nodes from routing
rank=319/1536 dataset=stackoverflow_a2q_tw walkers=5208 (1661352..1666559) steps=30 mode=0 sched=single-bucket delta_t=0 policy=0
rank=319 loaded data/1536/stackoverflow_a2q_tw.sub319.txt (|V_local|=1652  t_range=[79294673,239578533])
rank=319 loaded routing data/1536/stackoverflow_a2q_tw.rt319.txt (343 entries)
rank=320/1536 dataset=stackoverflow_a2q_tw walkers=5208 (1666560..1671767) steps=30 mode=0 sched=single-bucket delta_t=0 policy=0
rank=320 loaded data/1536/stackoverflow_a2q_tw.sub320.txt (|V_local|=1599  t_range=[256708,239680510])
rank=320 loaded routing data/1536/stackoverflow_a2q_tw.rt320.txt (952 entries)
rank=320 added 3 boundary-only nodes from routing
rank=326/1536 dataset=stackoverflow_a2q_tw walkers=5208 (1697808..1703015) steps=30 mode=0 sched=single-bucket delta_t=0 policy=0
rank=326 loaded data/1536/stackoverflow_a2q_tw.sub326.txt (|V_local|=1596  t_range=[7512945,239694514])
rank=326 loaded routing data/1536/stackoverflow_a2q_tw.rt326.txt (1040 entries)
rank=291/1536 dataset=stackoverflow_a2q_tw walkers=5208 (1515528..1520735) steps=30 mode=0 sched=single-bucket delta_t=0 policy=0
rank=291 loaded data/1536/stackoverflow_a2q_tw.sub291.txt (|V_local|=1585  t_range=[3942206,239664484])
rank=291 loaded routing data/1536/stackoverflow_a2q_tw.rt291.txt (1042 entries)
rank=291 added 3 boundary-only nodes from routing
rank=312/1536 dataset=stackoverflow_a2q_tw walkers=5208 (1624896..1630103) steps=30 mode=0 sched=single-bucket delta_t=0 policy=0
rank=312 loaded data/1536/stackoverflow_a2q_tw.sub312.txt (|V_local|=1586  t_range=[24880027,239698136])
rank=312 loaded routing data/1536/stackoverflow_a2q_tw.rt312.txt (1046 entries)
rank=313/1536 dataset=stackoverflow_a2q_tw walkers=5208 (1630104..1635311) steps=30 mode=0 sched=single-bucket delta_t=0 policy=0
rank=313 loaded data/1536/stackoverflow_a2q_tw.sub313.txt (|V_local|=1585  t_range=[4985602,239656118])
rank=313 loaded routing data/1536/stackoverflow_a2q_tw.rt313.txt (983 entries)
rank=308/1536 dataset=stackoverflow_a2q_tw walkers=5208 (1604064..1609271) steps=30 mode=0 sched=single-bucket delta_t=0 policy=0
rank=308 loaded data/1536/stackoverflow_a2q_tw.sub308.txt (|V_local|=1594  t_range=[7648449,239687470])
rank=308 loaded routing data/1536/stackoverflow_a2q_tw.rt308.txt (1055 entries)
rank=293/1536 dataset=stackoverflow_a2q_tw walkers=5208 (1525944..1531151) steps=30 mode=0 sched=single-bucket delta_t=0 policy=0
rank=293 loaded data/1536/stackoverflow_a2q_tw.sub293.txt (|V_local|=1595  t_range=[4136293,239685611])
rank=293 loaded routing data/1536/stackoverflow_a2q_tw.rt293.txt (1112 entries)
rank=332/1536 dataset=stackoverflow_a2q_tw walkers=5208 (1729056..1734263) steps=30 mode=0 sched=single-bucket delta_t=0 policy=0
rank=332 loaded data/1536/stackoverflow_a2q_tw.sub332.txt (|V_local|=1592  t_range=[2133867,239684462])
rank=332 loaded routing data/1536/stackoverflow_a2q_tw.rt332.txt (1062 entries)
rank=307/1536 dataset=stackoverflow_a2q_tw walkers=5208 (1598856..1604063) steps=30 mode=0 sched=single-bucket delta_t=0 policy=0
rank=307 loaded data/1536/stackoverflow_a2q_tw.sub307.txt (|V_local|=1590  t_range=[10010481,239696656])
rank=307 loaded routing data/1536/stackoverflow_a2q_tw.rt307.txt (1137 entries)
rank=323/1536 dataset=stackoverflow_a2q_tw walkers=5208 (1682184..1687391) steps=30 mode=0 sched=single-bucket delta_t=0 policy=0
rank=323 loaded data/1536/stackoverflow_a2q_tw.sub323.txt (|V_local|=1596  t_range=[29539359,239695728])
rank=323 loaded routing data/1536/stackoverflow_a2q_tw.rt323.txt (1054 entries)
rank=311/1536 dataset=stackoverflow_a2q_tw walkers=5208 (1619688..1624895) steps=30 mode=0 sched=single-bucket delta_t=0 policy=0
rank=311 loaded data/1536/stackoverflow_a2q_tw.sub311.txt (|V_local|=1652  t_range=[9478277,239651926])
rank=311 loaded routing data/1536/stackoverflow_a2q_tw.rt311.txt (805 entries)
rank=295/1536 dataset=stackoverflow_a2q_tw walkers=5208 (1536360..1541567) steps=30 mode=0 sched=single-bucket delta_t=0 policy=0
rank=295 loaded data/1536/stackoverflow_a2q_tw.sub295.txt (|V_local|=1591  t_range=[15624285,239694173])
rank=295 loaded routing data/1536/stackoverflow_a2q_tw.rt295.txt (1007 entries)
rank=295 added 1 boundary-only nodes from routing
rank=299/1536 dataset=stackoverflow_a2q_tw walkers=5208 (1557192..1562399) steps=30 mode=0 sched=single-bucket delta_t=0 policy=0
rank=1166/1536 dataset=stackoverflow_a2q_tw walkers=5208 (6072528..6077735) steps=30 mode=0 sched=single-bucket delta_t=0 policy=0
rank=1166 loaded data/1536/stackoverflow_a2q_tw.sub1166.txt (|V_local|=1592  t_range=[4133563,239677643])
rank=1166 loaded routing data/1536/stackoverflow_a2q_tw.rt1166.txt (1086 entries)
rank=1166 added 1 boundary-only nodes from routing
rank=1164/1536 dataset=stackoverflow_a2q_tw walkers=5208 (6062112..6067319) steps=30 mode=0 sched=single-bucket delta_t=0 policy=0
rank=1164 loaded data/1536/stackoverflow_a2q_tw.sub1164.txt (|V_local|=1584  t_range=[9454083,239573646])
rank=1164 loaded routing data/1536/stackoverflow_a2q_tw.rt1164.txt (1096 entries)
rank=1164 added 1 boundary-only nodes from routing
rank=1180/1536 dataset=stackoverflow_a2q_tw walkers=5208 (6145440..6150647) steps=30 mode=0 sched=single-bucket delta_t=0 policy=0
rank=1180 loaded data/1536/stackoverflow_a2q_tw.sub1180.txt (|V_local|=1592  t_range=[14925860,239697101])
rank=1180 loaded routing data/1536/stackoverflow_a2q_tw.rt1180.txt (1020 entries)
rank=1180 added 1 boundary-only nodes from routing
rank=1177/1536 dataset=stackoverflow_a2q_tw walkers=5208 (6129816..6135023) steps=30 mode=0 sched=single-bucket delta_t=0 policy=0
rank=1177 loaded data/1536/stackoverflow_a2q_tw.sub1177.txt (|V_local|=1593  t_range=[40220810,239695447])
rank=1177 loaded routing data/1536/stackoverflow_a2q_tw.rt1177.txt (1058 entries)
rank=1154/1536 dataset=stackoverflow_a2q_tw walkers=5208 (6010032..6015239) steps=30 mode=0 sched=single-bucket delta_t=0 policy=0
rank=1154 loaded data/1536/stackoverflow_a2q_tw.sub1154.txt (|V_local|=1590  t_range=[13976779,239645716])
rank=1154 loaded routing data/1536/stackoverflow_a2q_tw.rt1154.txt (1013 entries)
rank=1153/1536 dataset=stackoverflow_a2q_tw walkers=5208 (6004824..6010031) steps=30 mode=0 sched=single-bucket delta_t=0 policy=0
rank=1153 loaded data/1536/stackoverflow_a2q_tw.sub1153.txt (|V_local|=1586  t_range=[9330495,239397518])
rank=1153 loaded routing data/1536/stackoverflow_a2q_tw.rt1153.txt (1113 entries)
rank=1153 added 3 boundary-only nodes from routing
rank=1157/1536 dataset=stackoverflow_a2q_tw walkers=5208 (6025656..6030863) steps=30 mode=0 sched=single-bucket delta_t=0 policy=0
rank=1157 loaded data/1536/stackoverflow_a2q_tw.sub1157.txt (|V_local|=1609  t_range=[37306702,239681925])
rank=1157 loaded routing data/1536/stackoverflow_a2q_tw.rt1157.txt (1036 entries)
rank=1158/1536 dataset=stackoverflow_a2q_tw walkers=5208 (6030864..6036071) steps=30 mode=0 sched=single-bucket delta_t=0 policy=0
rank=1158 loaded data/1536/stackoverflow_a2q_tw.sub1158.txt (|V_local|=1584  t_range=[10790688,239574527])
rank=1158 loaded routing data/1536/stackoverflow_a2q_tw.rt1158.txt (1052 entries)
rank=1158 added 2 boundary-only nodes from routing
rank=1160/1536 dataset=stackoverflow_a2q_tw walkers=5208 (6041280..6046487) steps=30 mode=0 sched=single-bucket delta_t=0 policy=0
rank=1160 loaded data/1536/stackoverflow_a2q_tw.sub1160.txt (|V_local|=1578  t_range=[2504014,239562666])
rank=1160 loaded routing data/1536/stackoverflow_a2q_tw.rt1160.txt (1112 entries)
rank=1160 added 11 boundary-only nodes from routing
rank=1176/1536 dataset=stackoverflow_a2q_tw walkers=5208 (6124608..6129815) steps=30 mode=0 sched=single-bucket delta_t=0 policy=0
rank=1176 loaded data/1536/stackoverflow_a2q_tw.sub1176.txt (|V_local|=1588  t_range=[10941737,239669009])
rank=1176 loaded routing data/1536/stackoverflow_a2q_tw.rt1176.txt (1032 entries)
rank=1189/1536 dataset=stackoverflow_a2q_tw walkers=5208 (6192312..6197519) steps=30 mode=0 sched=single-bucket delta_t=0 policy=0
rank=1189 loaded data/1536/stackoverflow_a2q_tw.sub1189.txt (|V_local|=1592  t_range=[21239875,239696492])
rank=1189 loaded routing data/1536/stackoverflow_a2q_tw.rt1189.txt (1015 entries)
rank=1156/1536 dataset=stackoverflow_a2q_tw walkers=5208 (6020448..6025655) steps=30 mode=0 sched=single-bucket delta_t=0 policy=0
rank=1156 loaded data/1536/stackoverflow_a2q_tw.sub1156.txt (|V_local|=1592  t_range=[48985522,239535087])
rank=1156 loaded routing data/1536/stackoverflow_a2q_tw.rt1156.txt (1105 entries)
rank=1156 added 2 boundary-only nodes from routing
rank=1159/1536 dataset=stackoverflow_a2q_tw walkers=5208 (6036072..6041279) steps=30 mode=0 sched=single-bucket delta_t=0 policy=0
rank=1159 loaded data/1536/stackoverflow_a2q_tw.sub1159.txt (|V_local|=1588  t_range=[5533209,239685029])
rank=1159 loaded routing data/1536/stackoverflow_a2q_tw.rt1159.txt (1102 entries)
rank=1159 added 1 boundary-only nodes from routing
rank=1195/1536 dataset=stackoverflow_a2q_tw walkers=5208 (6223560..6228767) steps=30 mode=0 sched=single-bucket delta_t=0 policy=0
rank=1195 loaded data/1536/stackoverflow_a2q_tw.sub1195.txt (|V_local|=1593  t_range=[66971440,239675161])
rank=1195 loaded routing data/1536/stackoverflow_a2q_tw.rt1195.txt (1099 entries)
rank=1163/1536 dataset=stackoverflow_a2q_tw walkers=5208 (6056904..6062111) steps=30 mode=0 sched=single-bucket delta_t=0 policy=0
rank=1163 loaded data/1536/stackoverflow_a2q_tw.sub1163.txt (|V_local|=1590  t_range=[14542851,239614375])
rank=1163 loaded routing data/1536/stackoverflow_a2q_tw.rt1163.txt (1067 entries)
rank=1168/1536 dataset=stackoverflow_a2q_tw walkers=5208 (6082944..6088151) steps=30 mode=0 sched=single-bucket delta_t=0 policy=0
rank=1168 loaded data/1536/stackoverflow_a2q_tw.sub1168.txt (|V_local|=1594  t_range=[27360475,239655146])
rank=1168 loaded routing data/1536/stackoverflow_a2q_tw.rt1168.txt (1064 entries)
rank=1155/1536 dataset=stackoverflow_a2q_tw walkers=5208 (6015240..6020447) steps=30 mode=0 sched=single-bucket delta_t=0 policy=0
rank=1155 loaded data/1536/stackoverflow_a2q_tw.sub1155.txt (|V_local|=1585  t_range=[10111169,239624850])
rank=1155 loaded routing data/1536/stackoverflow_a2q_tw.rt1155.txt (1031 entries)
rank=1155 added 1 boundary-only nodes from routing
rank=1161/1536 dataset=stackoverflow_a2q_tw walkers=5208 (6046488..6051695) steps=30 mode=0 sched=single-bucket delta_t=0 policy=0
rank=1161 loaded data/1536/stackoverflow_a2q_tw.sub1161.txt (|V_local|=1591  t_range=[4051912,239678076])
rank=1161 loaded routing data/1536/stackoverflow_a2q_tw.rt1161.txt (1099 entries)
rank=1291/1536 dataset=stackoverflow_a2q_tw walkers=5208 (6723528..6728735) steps=30 mode=0 sched=single-bucket delta_t=0 policy=0
rank=1291 loaded data/1536/stackoverflow_a2q_tw.sub1291.txt (|V_local|=1651  t_range=[42324995,239659221])
rank=1291 loaded routing data/1536/stackoverflow_a2q_tw.rt1291.txt (943 entries)
rank=1291 added 1 boundary-only nodes from routing
rank=1294/1536 dataset=stackoverflow_a2q_tw walkers=5208 (6739152..6744359) steps=30 mode=0 sched=single-bucket delta_t=0 policy=0
rank=1294 loaded data/1536/stackoverflow_a2q_tw.sub1294.txt (|V_local|=1593  t_range=[6626881,239694340])
rank=1294 loaded routing data/1536/stackoverflow_a2q_tw.rt1294.txt (1065 entries)
rank=1278/1536 dataset=stackoverflow_a2q_tw walkers=5208 (6655824..6661031) steps=30 mode=0 sched=single-bucket delta_t=0 policy=0
rank=1278 loaded data/1536/stackoverflow_a2q_tw.sub1278.txt (|V_local|=1591  t_range=[32337143,239676717])
rank=1278 loaded routing data/1536/stackoverflow_a2q_tw.rt1278.txt (929 entries)
rank=1290/1536 dataset=stackoverflow_a2q_tw walkers=5208 (6718320..6723527) steps=30 mode=0 sched=single-bucket delta_t=0 policy=0
rank=1290 loaded data/1536/stackoverflow_a2q_tw.sub1290.txt (|V_local|=1583  t_range=[1602067,239673275])
rank=1290 loaded routing data/1536/stackoverflow_a2q_tw.rt1290.txt (1055 entries)
rank=1290 added 5 boundary-only nodes from routing
rank=1269/1536 dataset=stackoverflow_a2q_tw walkers=5208 (6608952..6614159) steps=30 mode=0 sched=single-bucket delta_t=0 policy=0
rank=1269 loaded data/1536/stackoverflow_a2q_tw.sub1269.txt (|V_local|=1583  t_range=[11290687,239683188])
rank=1269 loaded routing data/1536/stackoverflow_a2q_tw.rt1269.txt (1103 entries)
rank=1269 added 4 boundary-only nodes from routing
rank=1268/1536 dataset=stackoverflow_a2q_tw walkers=5208 (6603744..6608951) steps=30 mode=0 sched=single-bucket delta_t=0 policy=0
rank=1268 loaded data/1536/stackoverflow_a2q_tw.sub1268.txt (|V_local|=1626  t_range=[40018667,239698299])
rank=1268 loaded routing data/1536/stackoverflow_a2q_tw.rt1268.txt (1025 entries)
rank=1260/1536 dataset=stackoverflow_a2q_tw walkers=5208 (6562080..6567287) steps=30 mode=0 sched=single-bucket delta_t=0 policy=0
rank=1260 loaded data/1536/stackoverflow_a2q_tw.sub1260.txt (|V_local|=1591  t_range=[17969433,239573119])
rank=1260 loaded routing data/1536/stackoverflow_a2q_tw.rt1260.txt (1069 entries)
rank=1260 added 2 boundary-only nodes from routing
rank=1270/1536 dataset=stackoverflow_a2q_tw walkers=5208 (6614160..6619367) steps=30 mode=0 sched=single-bucket delta_t=0 policy=0
rank=1270 loaded data/1536/stackoverflow_a2q_tw.sub1270.txt (|V_local|=1591  t_range=[34764802,239647674])
rank=1270 loaded routing data/1536/stackoverflow_a2q_tw.rt1270.txt (1036 entries)
rank=1272/1536 dataset=stackoverflow_a2q_tw walkers=5208 (6624576..6629783) steps=30 mode=0 sched=single-bucket delta_t=0 policy=0
rank=1272 loaded data/1536/stackoverflow_a2q_tw.sub1272.txt (|V_local|=1594  t_range=[6972656,239585899])
rank=1272 loaded routing data/1536/stackoverflow_a2q_tw.rt1272.txt (1006 entries)
rank=1279/1536 dataset=stackoverflow_a2q_tw walkers=5208 (6661032..6666239) steps=30 mode=0 sched=single-bucket delta_t=0 policy=0
rank=1279 loaded data/1536/stackoverflow_a2q_tw.sub1279.txt (|V_local|=1652  t_range=[52901078,239684443])
rank=1279 loaded routing data/1536/stackoverflow_a2q_tw.rt1279.txt (879 entries)
rank=1283/1536 dataset=stackoverflow_a2q_tw walkers=5208 (6681864..6687071) steps=30 mode=0 sched=single-bucket delta_t=0 policy=0
rank=1283 loaded data/1536/stackoverflow_a2q_tw.sub1283.txt (|V_local|=1586  t_range=[4180341,239649021])
rank=1283 loaded routing data/1536/stackoverflow_a2q_tw.rt1283.txt (843 entries)
rank=1266/1536 dataset=stackoverflow_a2q_tw walkers=5208 (6593328..6598535) steps=30 mode=0 sched=single-bucket delta_t=0 policy=0
rank=1266 loaded data/1536/stackoverflow_a2q_tw.sub1266.txt (|V_local|=1592  t_range=[47574701,239674515])
rank=1266 loaded routing data/1536/stackoverflow_a2q_tw.rt1266.txt (1111 entries)
rank=1280/1536 dataset=stackoverflow_a2q_tw walkers=5208 (6666240..6671447) steps=30 mode=0 sched=single-bucket delta_t=0 policy=0
rank=1280 loaded data/1536/stackoverflow_a2q_tw.sub1280.txt (|V_local|=1648  t_range=[26094722,239654927])
rank=1280 loaded routing data/1536/stackoverflow_a2q_tw.rt1280.txt (914 entries)
rank=1276/1536 dataset=stackoverflow_a2q_tw walkers=5208 (6645408..6650615) steps=30 mode=0 sched=single-bucket delta_t=0 policy=0
rank=1276 loaded data/1536/stackoverflow_a2q_tw.sub1276.txt (|V_local|=1651  t_range=[10183978,239666112])
rank=1276 loaded routing data/1536/stackoverflow_a2q_tw.rt1276.txt (686 entries)
rank=1292/1536 dataset=stackoverflow_a2q_tw walkers=5208 (6728736..6733943) steps=30 mode=0 sched=single-bucket delta_t=0 policy=0
rank=1292 loaded data/1536/stackoverflow_a2q_tw.sub1292.txt (|V_local|=1584  t_range=[8209374,239659347])
rank=1292 loaded routing data/1536/stackoverflow_a2q_tw.rt1292.txt (1078 entries)
rank=1273/1536 dataset=stackoverflow_a2q_tw walkers=5208 (6629784..6634991) steps=30 mode=0 sched=single-bucket delta_t=0 policy=0
rank=1273 loaded data/1536/stackoverflow_a2q_tw.sub1273.txt (|V_local|=1589  t_range=[25078541,239674378])
rank=1273 loaded routing data/1536/stackoverflow_a2q_tw.rt1273.txt (1047 entries)
rank=1293/1536 dataset=stackoverflow_a2q_tw walkers=5208 (6733944..6739151) steps=30 mode=0 sched=single-bucket delta_t=0 policy=0
rank=1293 loaded data/1536/stackoverflow_a2q_tw.sub1293.txt (|V_local|=1590  t_range=[3408063,239588098])
rank=1293 loaded routing data/1536/stackoverflow_a2q_tw.rt1293.txt (1123 entries)
rank=1293 added 1 boundary-only nodes from routing
rank=1281/1536 dataset=stackoverflow_a2q_tw walkers=5208 (6671448..6676655) steps=30 mode=0 sched=single-bucket delta_t=0 policy=0
rank=1281 loaded data/1536/stackoverflow_a2q_tw.sub1281.txt (|V_local|=1584  t_range=[14612736,239697464])
rank=1281 loaded routing data/1536/stackoverflow_a2q_tw.rt1281.txt (1125 entries)
rank=1281 added 6 boundary-only nodes from routing
rank=1263/1536 dataset=stackoverflow_a2q_tw walkers=5208 (6577704..6582911) steps=30 mode=0 sched=single-bucket delta_t=0 policy=0
rank=1263 loaded data/1536/stackoverflow_a2q_tw.sub1263.txt (|V_local|=1591  t_range=[7162542,239677305])
rank=1263 loaded routing data/1536/stackoverflow_a2q_tw.rt1263.txt (1102 entries)
rank=1295/1536 dataset=stackoverflow_a2q_tw walkers=5208 (6744360..6749567) steps=30 mode=0 sched=single-bucket delta_t=0 policy=0
rank=1295 loaded data/1536/stackoverflow_a2q_tw.sub1295.txt (|V_local|=1586  t_range=[4044709,239698412])
rank=1295 loaded routing data/1536/stackoverflow_a2q_tw.rt1295.txt (1068 entries)
rank=1295 added 1 boundary-only nodes from routing
rank=1284/1536 dataset=stackoverflow_a2q_tw walkers=5208 (6687072..6692279) steps=30 mode=0 sched=single-bucket delta_t=0 policy=0
rank=1284 loaded data/1536/stackoverflow_a2q_tw.sub1284.txt (|V_local|=1587  t_range=[12598285,239661582])
rank=1284 loaded routing data/1536/stackoverflow_a2q_tw.rt1284.txt (1080 entries)
rank=1285/1536 dataset=stackoverflow_a2q_tw walkers=5208 (6692280..6697487) steps=30 mode=0 sched=single-bucket delta_t=0 policy=0
rank=1285 loaded data/1536/stackoverflow_a2q_tw.sub1285.txt (|V_local|=1593  t_range=[6564190,239695360])
rank=1285 loaded routing data/1536/stackoverflow_a2q_tw.rt1285.txt (1101 entries)
rank=1285 added 1 boundary-only nodes from routing
rank=1277/1536 dataset=stackoverflow_a2q_tw walkers=5208 (6650616..6655823) steps=30 mode=0 sched=single-bucket delta_t=0 policy=0
rank=1277 loaded data/1536/stackoverflow_a2q_tw.sub1277.txt (|V_local|=1587  t_range=[17722092,239618345])
rank=1277 loaded routing data/1536/stackoverflow_a2q_tw.rt1277.txt (1051 entries)
rank=1277 added 3 boundary-only nodes from routing
rank=1289/1536 dataset=stackoverflow_a2q_tw walkers=5208 (6713112..6718319) steps=30 mode=0 sched=single-bucket delta_t=0 policy=0
rank=1289 loaded data/1536/stackoverflow_a2q_tw.sub1289.txt (|V_local|=1588  t_range=[12641168,239568012])
rank=1289 loaded routing data/1536/stackoverflow_a2q_tw.rt1289.txt (1060 entries)
rank=1289 added 1 boundary-only nodes from routing
rank=1486 loaded routing data/1536/stackoverflow_a2q_tw.rt1486.txt (864 entries)
rank=1486 added 2 boundary-only nodes from routing
rank=1458/1536 dataset=stackoverflow_a2q_tw walkers=5208 (7593264..7598471) steps=30 mode=0 sched=single-bucket delta_t=0 policy=0
rank=1458 loaded data/1536/stackoverflow_a2q_tw.sub1458.txt (|V_local|=1581  t_range=[4385617,239462620])
rank=1458 loaded routing data/1536/stackoverflow_a2q_tw.rt1458.txt (889 entries)
rank=1458 added 1 boundary-only nodes from routing
rank=1462/1536 dataset=stackoverflow_a2q_tw walkers=5208 (7614096..7619303) steps=30 mode=0 sched=single-bucket delta_t=0 policy=0
rank=1462 loaded data/1536/stackoverflow_a2q_tw.sub1462.txt (|V_local|=1585  t_range=[27979758,239655387])
rank=1462 loaded routing data/1536/stackoverflow_a2q_tw.rt1462.txt (1061 entries)
rank=1452/1536 dataset=stackoverflow_a2q_tw walkers=5208 (7562016..7567223) steps=30 mode=0 sched=single-bucket delta_t=0 policy=0
rank=1452 loaded data/1536/stackoverflow_a2q_tw.sub1452.txt (|V_local|=1592  t_range=[13693068,239678954])
rank=1452 loaded routing data/1536/stackoverflow_a2q_tw.rt1452.txt (1032 entries)
rank=1452 added 3 boundary-only nodes from routing
rank=1470/1536 dataset=stackoverflow_a2q_tw walkers=5208 (7655760..7660967) steps=30 mode=0 sched=single-bucket delta_t=0 policy=0
rank=1470 loaded data/1536/stackoverflow_a2q_tw.sub1470.txt (|V_local|=1583  t_range=[18695787,239666136])
rank=1470 loaded routing data/1536/stackoverflow_a2q_tw.rt1470.txt (1062 entries)
rank=1470 added 3 boundary-only nodes from routing
rank=1459/1536 dataset=stackoverflow_a2q_tw walkers=5208 (7598472..7603679) steps=30 mode=0 sched=single-bucket delta_t=0 policy=0
rank=1459 loaded data/1536/stackoverflow_a2q_tw.sub1459.txt (|V_local|=1592  t_range=[20908072,239687693])
rank=1459 loaded routing data/1536/stackoverflow_a2q_tw.rt1459.txt (1006 entries)
rank=1459 added 1 boundary-only nodes from routing
rank=1476/1536 dataset=stackoverflow_a2q_tw walkers=5208 (7687008..7692215) steps=30 mode=0 sched=single-bucket delta_t=0 policy=0
rank=1476 loaded data/1536/stackoverflow_a2q_tw.sub1476.txt (|V_local|=1589  t_range=[3951674,239676406])
rank=1476 loaded routing data/1536/stackoverflow_a2q_tw.rt1476.txt (1060 entries)
rank=1476 added 1 boundary-only nodes from routing
rank=1487/1536 dataset=stackoverflow_a2q_tw walkers=5208 (7744296..7749503) steps=30 mode=0 sched=single-bucket delta_t=0 policy=0
rank=1487 loaded data/1536/stackoverflow_a2q_tw.sub1487.txt (|V_local|=1590  t_range=[9223792,239652843])
rank=1487 loaded routing data/1536/stackoverflow_a2q_tw.rt1487.txt (1069 entries)
rank=1487 added 3 boundary-only nodes from routing
rank=1477/1536 dataset=stackoverflow_a2q_tw walkers=5208 (7692216..7697423) steps=30 mode=0 sched=single-bucket delta_t=0 policy=0
rank=1477 loaded data/1536/stackoverflow_a2q_tw.sub1477.txt (|V_local|=1593  t_range=[15095018,239667667])
rank=1477 loaded routing data/1536/stackoverflow_a2q_tw.rt1477.txt (966 entries)
rank=1443/1536 dataset=stackoverflow_a2q_tw walkers=5208 (7515144..7520351) steps=30 mode=0 sched=single-bucket delta_t=0 policy=0
rank=1443 loaded data/1536/stackoverflow_a2q_tw.sub1443.txt (|V_local|=1584  t_range=[10303152,239665444])
rank=1443 loaded routing data/1536/stackoverflow_a2q_tw.rt1443.txt (1062 entries)
rank=1443 added 3 boundary-only nodes from routing
rank=1475/1536 dataset=stackoverflow_a2q_tw walkers=5208 (7681800..7687007) steps=30 mode=0 sched=single-bucket delta_t=0 policy=0
rank=1475 loaded data/1536/stackoverflow_a2q_tw.sub1475.txt (|V_local|=1593  t_range=[4905978,239592768])
rank=1475 loaded routing data/1536/stackoverflow_a2q_tw.rt1475.txt (1056 entries)
rank=1483/1536 dataset=stackoverflow_a2q_tw walkers=5208 (7723464..7728671) steps=30 mode=0 sched=single-bucket delta_t=0 policy=0
rank=1483 loaded data/1536/stackoverflow_a2q_tw.sub1483.txt (|V_local|=1589  t_range=[593072,239665955])
rank=1483 loaded routing data/1536/stackoverflow_a2q_tw.rt1483.txt (1029 entries)
rank=1483 added 1 boundary-only nodes from routing
rank=1468/1536 dataset=stackoverflow_a2q_tw walkers=5208 (7645344..7650551) steps=30 mode=0 sched=single-bucket delta_t=0 policy=0
rank=1468 loaded data/1536/stackoverflow_a2q_tw.sub1468.txt (|V_local|=1589  t_range=[12062113,239643251])
rank=1468 loaded routing data/1536/stackoverflow_a2q_tw.rt1468.txt (1111 entries)
rank=1468 added 1 boundary-only nodes from routing
rank=1465/1536 dataset=stackoverflow_a2q_tw walkers=5208 (7629720..7634927) steps=30 mode=0 sched=single-bucket delta_t=0 policy=0
rank=1465 loaded data/1536/stackoverflow_a2q_tw.sub1465.txt (|V_local|=1593  t_range=[4803977,239675345])
rank=1465 loaded routing data/1536/stackoverflow_a2q_tw.rt1465.txt (1107 entries)
rank=1465 added 1 boundary-only nodes from routing
rank=1484/1536 dataset=stackoverflow_a2q_tw walkers=5208 (7728672..7733879) steps=30 mode=0 sched=single-bucket delta_t=0 policy=0
rank=1484 loaded data/1536/stackoverflow_a2q_tw.sub1484.txt (|V_local|=1612  t_range=[17000053,239679254])
rank=1484 loaded routing data/1536/stackoverflow_a2q_tw.rt1484.txt (957 entries)
rank=1484 added 2 boundary-only nodes from routing
rank=1464/1536 dataset=stackoverflow_a2q_tw walkers=5208 (7624512..7629719) steps=30 mode=0 sched=single-bucket delta_t=0 policy=0
rank=1464 loaded data/1536/stackoverflow_a2q_tw.sub1464.txt (|V_local|=1591  t_range=[13104071,239648536])
rank=1464 loaded routing data/1536/stackoverflow_a2q_tw.rt1464.txt (1069 entries)
rank=1482/1536 dataset=stackoverflow_a2q_tw walkers=5208 (7718256..7723463) steps=30 mode=0 sched=single-bucket delta_t=0 policy=0
rank=1482 loaded data/1536/stackoverflow_a2q_tw.sub1482.txt (|V_local|=1588  t_range=[20514731,239645859])
rank=1482 loaded routing data/1536/stackoverflow_a2q_tw.rt1482.txt (1087 entries)
rank=1474/1536 dataset=stackoverflow_a2q_tw walkers=5208 (7676592..7681799) steps=30 mode=0 sched=single-bucket delta_t=0 policy=0
rank=1474 loaded data/1536/stackoverflow_a2q_tw.sub1474.txt (|V_local|=1585  t_range=[3855160,239654652])
rank=1474 loaded routing data/1536/stackoverflow_a2q_tw.rt1474.txt (1092 entries)
rank=1474 added 1 boundary-only nodes from routing
rank=1478/1536 dataset=stackoverflow_a2q_tw walkers=5208 (7697424..7702631) steps=30 mode=0 sched=single-bucket delta_t=0 policy=0
rank=1478 loaded data/1536/stackoverflow_a2q_tw.sub1478.txt (|V_local|=1591  t_range=[4034802,239678036])
rank=1478 loaded routing data/1536/stackoverflow_a2q_tw.rt1478.txt (963 entries)
rank=1478 added 1 boundary-only nodes from routing
rank=1450/1536 dataset=stackoverflow_a2q_tw walkers=5208 (7551600..7556807) steps=30 mode=0 sched=single-bucket delta_t=0 policy=0
rank=1450 loaded data/1536/stackoverflow_a2q_tw.sub1450.txt (|V_local|=1588  t_range=[9430919,239675977])
rank=1450 loaded routing data/1536/stackoverflow_a2q_tw.rt1450.txt (981 entries)
rank=1450 added 1 boundary-only nodes from routing
rank=1466/1536 dataset=stackoverflow_a2q_tw walkers=5208 (7634928..7640135) steps=30 mode=0 sched=single-bucket delta_t=0 policy=0
rank=1466 loaded data/1536/stackoverflow_a2q_tw.sub1466.txt (|V_local|=1594  t_range=[14409413,239695947])
rank=1466 loaded routing data/1536/stackoverflow_a2q_tw.rt1466.txt (1077 entries)
rank=1466 added 1 boundary-only nodes from routing
rank=1467/1536 dataset=stackoverflow_a2q_tw walkers=5208 (7640136..7645343) steps=30 mode=0 sched=single-bucket delta_t=0 policy=0
rank=1467 loaded data/1536/stackoverflow_a2q_tw.sub1467.txt (|V_local|=1589  t_range=[8110682,239656768])
rank=1467 loaded routing data/1536/stackoverflow_a2q_tw.rt1467.txt (1033 entries)
rank=1467 added 1 boundary-only nodes from routing
rank=1480/1536 dataset=stackoverflow_a2q_tw walkers=5208 (7707840..7713047) steps=30 mode=0 sched=single-bucket delta_t=0 policy=0
rank=1480 loaded data/1536/stackoverflow_a2q_tw.sub1480.txt (|V_local|=1583  t_range=[5156148,239676722])
rank=1480 loaded routing data/1536/stackoverflow_a2q_tw.rt1480.txt (1076 entries)
rank=1480 added 5 boundary-only nodes from routing
rank=1460/1536 dataset=stackoverflow_a2q_tw walkers=5208 (7603680..7608887) steps=30 mode=0 sched=single-bucket delta_t=0 policy=0
rank=191 loaded data/1536/stackoverflow_a2q_tw.sub191.txt (|V_local|=1625  t_range=[4720658,239662043])
rank=191 loaded routing data/1536/stackoverflow_a2q_tw.rt191.txt (966 entries)
rank=174/1536 dataset=stackoverflow_a2q_tw walkers=5208 (906192..911399) steps=30 mode=0 sched=single-bucket delta_t=0 policy=0
rank=174 loaded data/1536/stackoverflow_a2q_tw.sub174.txt (|V_local|=1589  t_range=[4525434,239682601])
rank=174 loaded routing data/1536/stackoverflow_a2q_tw.rt174.txt (939 entries)
rank=174 added 2 boundary-only nodes from routing
rank=189/1536 dataset=stackoverflow_a2q_tw walkers=5208 (984312..989519) steps=30 mode=0 sched=single-bucket delta_t=0 policy=0
rank=189 loaded data/1536/stackoverflow_a2q_tw.sub189.txt (|V_local|=1584  t_range=[4062309,239694025])
rank=189 loaded routing data/1536/stackoverflow_a2q_tw.rt189.txt (1066 entries)
rank=189 added 2 boundary-only nodes from routing
rank=188/1536 dataset=stackoverflow_a2q_tw walkers=5208 (979104..984311) steps=30 mode=0 sched=single-bucket delta_t=0 policy=0
rank=188 loaded data/1536/stackoverflow_a2q_tw.sub188.txt (|V_local|=1644  t_range=[46660689,239542858])
rank=188 loaded routing data/1536/stackoverflow_a2q_tw.rt188.txt (1005 entries)
rank=149/1536 dataset=stackoverflow_a2q_tw walkers=5208 (775992..781199) steps=30 mode=0 sched=single-bucket delta_t=0 policy=0
rank=149 loaded data/1536/stackoverflow_a2q_tw.sub149.txt (|V_local|=1652  t_range=[14936121,239578224])
rank=149 loaded routing data/1536/stackoverflow_a2q_tw.rt149.txt (791 entries)
rank=153/1536 dataset=stackoverflow_a2q_tw walkers=5208 (796824..802031) steps=30 mode=0 sched=single-bucket delta_t=0 policy=0
rank=153 loaded data/1536/stackoverflow_a2q_tw.sub153.txt (|V_local|=1585  t_range=[4619637,239552708])
rank=153 loaded routing data/1536/stackoverflow_a2q_tw.rt153.txt (1090 entries)
rank=153 added 6 boundary-only nodes from routing
rank=181/1536 dataset=stackoverflow_a2q_tw walkers=5208 (942648..947855) steps=30 mode=0 sched=single-bucket delta_t=0 policy=0
rank=181 loaded data/1536/stackoverflow_a2q_tw.sub181.txt (|V_local|=1651  t_range=[37039408,239559028])
rank=181 loaded routing data/1536/stackoverflow_a2q_tw.rt181.txt (929 entries)
rank=181 added 1 boundary-only nodes from routing
rank=157/1536 dataset=stackoverflow_a2q_tw walkers=5208 (817656..822863) steps=30 mode=0 sched=single-bucket delta_t=0 policy=0
rank=157 loaded data/1536/stackoverflow_a2q_tw.sub157.txt (|V_local|=1587  t_range=[14259146,239651480])
rank=157 loaded routing data/1536/stackoverflow_a2q_tw.rt157.txt (1021 entries)
rank=169/1536 dataset=stackoverflow_a2q_tw walkers=5208 (880152..885359) steps=30 mode=0 sched=single-bucket delta_t=0 policy=0
rank=169 loaded data/1536/stackoverflow_a2q_tw.sub169.txt (|V_local|=1595  t_range=[3984470,239659192])
rank=169 loaded routing data/1536/stackoverflow_a2q_tw.rt169.txt (1088 entries)
rank=160/1536 dataset=stackoverflow_a2q_tw walkers=5208 (833280..838487) steps=30 mode=0 sched=single-bucket delta_t=0 policy=0
rank=160 loaded data/1536/stackoverflow_a2q_tw.sub160.txt (|V_local|=1646  t_range=[32800305,239586575])
rank=160 loaded routing data/1536/stackoverflow_a2q_tw.rt160.txt (935 entries)
rank=160 added 2 boundary-only nodes from routing
rank=151/1536 dataset=stackoverflow_a2q_tw walkers=5208 (786408..791615) steps=30 mode=0 sched=single-bucket delta_t=0 policy=0
rank=151 loaded data/1536/stackoverflow_a2q_tw.sub151.txt (|V_local|=1584  t_range=[4053155,239482013])
rank=151 loaded routing data/1536/stackoverflow_a2q_tw.rt151.txt (1024 entries)
rank=151 added 1 boundary-only nodes from routing
rank=183/1536 dataset=stackoverflow_a2q_tw walkers=5208 (953064..958271) steps=30 mode=0 sched=single-bucket delta_t=0 policy=0
rank=183 loaded data/1536/stackoverflow_a2q_tw.sub183.txt (|V_local|=1588  t_range=[22638020,239646338])
rank=183 loaded routing data/1536/stackoverflow_a2q_tw.rt183.txt (1062 entries)
rank=180/1536 dataset=stackoverflow_a2q_tw walkers=5208 (937440..942647) steps=30 mode=0 sched=single-bucket delta_t=0 policy=0
rank=180 loaded data/1536/stackoverflow_a2q_tw.sub180.txt (|V_local|=1588  t_range=[18766536,239643130])
rank=180 loaded routing data/1536/stackoverflow_a2q_tw.rt180.txt (1088 entries)
rank=179/1536 dataset=stackoverflow_a2q_tw walkers=5208 (932232..937439) steps=30 mode=0 sched=single-bucket delta_t=0 policy=0
rank=179 loaded data/1536/stackoverflow_a2q_tw.sub179.txt (|V_local|=1593  t_range=[3470658,239651179])
rank=179 loaded routing data/1536/stackoverflow_a2q_tw.rt179.txt (1091 entries)
rank=179 added 1 boundary-only nodes from routing
rank=159/1536 dataset=stackoverflow_a2q_tw walkers=5208 (828072..833279) steps=30 mode=0 sched=single-bucket delta_t=0 policy=0
rank=159 loaded data/1536/stackoverflow_a2q_tw.sub159.txt (|V_local|=1588  t_range=[2431084,239688695])
rank=159 loaded routing data/1536/stackoverflow_a2q_tw.rt159.txt (1054 entries)
rank=159 added 2 boundary-only nodes from routing
rank=167/1536 dataset=stackoverflow_a2q_tw walkers=5208 (869736..874943) steps=30 mode=0 sched=single-bucket delta_t=0 policy=0
rank=167 loaded data/1536/stackoverflow_a2q_tw.sub167.txt (|V_local|=1649  t_range=[12093995,239481494])
rank=167 loaded routing data/1536/stackoverflow_a2q_tw.rt167.txt (928 entries)
rank=176/1536 dataset=stackoverflow_a2q_tw walkers=5208 (916608..921815) steps=30 mode=0 sched=single-bucket delta_t=0 policy=0
rank=176 loaded data/1536/stackoverflow_a2q_tw.sub176.txt (|V_local|=1590  t_range=[18145241,239644694])
rank=176 loaded routing data/1536/stackoverflow_a2q_tw.rt176.txt (1039 entries)
rank=173/1536 dataset=stackoverflow_a2q_tw walkers=5208 (900984..906191) steps=30 mode=0 sched=single-bucket delta_t=0 policy=0
rank=173 loaded data/1536/stackoverflow_a2q_tw.sub173.txt (|V_local|=1583  t_range=[26332476,239476377])
rank=173 loaded routing data/1536/stackoverflow_a2q_tw.rt173.txt (960 entries)
rank=173 added 1 boundary-only nodes from routing
rank=161/1536 dataset=stackoverflow_a2q_tw walkers=5208 (838488..843695) steps=30 mode=0 sched=single-bucket delta_t=0 policy=0
rank=161 loaded data/1536/stackoverflow_a2q_tw.sub161.txt (|V_local|=1610  t_range=[2496671,239664251])
rank=161 loaded routing data/1536/stackoverflow_a2q_tw.rt161.txt (948 entries)
rank=163/1536 dataset=stackoverflow_a2q_tw walkers=5208 (848904..854111) steps=30 mode=0 sched=single-bucket delta_t=0 policy=0
rank=163 loaded data/1536/stackoverflow_a2q_tw.sub163.txt (|V_local|=1587  t_range=[13532237,239537038])
rank=163 loaded routing data/1536/stackoverflow_a2q_tw.rt163.txt (1090 entries)
rank=177/1536 dataset=stackoverflow_a2q_tw walkers=5208 (921816..927023) steps=30 mode=0 sched=single-bucket delta_t=0 policy=0
rank=177 loaded data/1536/stackoverflow_a2q_tw.sub177.txt (|V_local|=1591  t_range=[4628953,239678470])
rank=177 loaded routing data/1536/stackoverflow_a2q_tw.rt177.txt (1065 entries)
rank=171/1536 dataset=stackoverflow_a2q_tw walkers=5208 (890568..895775) steps=30 mode=0 sched=single-bucket delta_t=0 policy=0
rank=171 loaded data/1536/stackoverflow_a2q_tw.sub171.txt (|V_local|=1591  t_range=[20691120,239627903])
rank=171 loaded routing data/1536/stackoverflow_a2q_tw.rt171.txt (1096 entries)
rank=171 added 4 boundary-only nodes from routing
rank=175/1536 dataset=stackoverflow_a2q_tw walkers=5208 (911400..916607) steps=30 mode=0 sched=single-bucket delta_t=0 policy=0
rank=175 loaded data/1536/stackoverflow_a2q_tw.sub175.txt (|V_local|=1651  t_range=[4809370,239698105])
rank=175 loaded routing data/1536/stackoverflow_a2q_tw.rt175.txt (762 entries)
rank=175 added 1 boundary-only nodes from routing
rank=155/1536 dataset=stackoverflow_a2q_tw walkers=5208 (807240..812447) steps=30 mode=0 sched=single-bucket delta_t=0 policy=0
rank=155 loaded data/1536/stackoverflow_a2q_tw.sub155.txt (|V_local|=1586  t_range=[2307424,239691511])
rank=155 loaded routing data/1536/stackoverflow_a2q_tw.rt155.txt (1046 entries)
rank=155 added 1 boundary-only nodes from routing
rank=845/1536 dataset=stackoverflow_a2q_tw walkers=5208 (4400760..4405967) steps=30 mode=0 sched=single-bucket delta_t=0 policy=0
rank=845 loaded data/1536/stackoverflow_a2q_tw.sub845.txt (|V_local|=1650  t_range=[570920,239566823])
rank=845 loaded routing data/1536/stackoverflow_a2q_tw.rt845.txt (702 entries)
rank=845 added 2 boundary-only nodes from routing
rank=842/1536 dataset=stackoverflow_a2q_tw walkers=5208 (4385136..4390343) steps=30 mode=0 sched=single-bucket delta_t=0 policy=0
rank=842 loaded data/1536/stackoverflow_a2q_tw.sub842.txt (|V_local|=1652  t_range=[1875507,239637908])
rank=842 loaded routing data/1536/stackoverflow_a2q_tw.rt842.txt (698 entries)
rank=850/1536 dataset=stackoverflow_a2q_tw walkers=5208 (4426800..4432007) steps=30 mode=0 sched=single-bucket delta_t=0 policy=0
rank=850 loaded data/1536/stackoverflow_a2q_tw.sub850.txt (|V_local|=1592  t_range=[1510916,239400628])
rank=850 loaded routing data/1536/stackoverflow_a2q_tw.rt850.txt (1067 entries)
rank=844/1536 dataset=stackoverflow_a2q_tw walkers=5208 (4395552..4400759) steps=30 mode=0 sched=single-bucket delta_t=0 policy=0
rank=844 loaded data/1536/stackoverflow_a2q_tw.sub844.txt (|V_local|=1635  t_range=[472985,239595744])
rank=844 loaded routing data/1536/stackoverflow_a2q_tw.rt844.txt (861 entries)
rank=844 added 1 boundary-only nodes from routing
rank=841/1536 dataset=stackoverflow_a2q_tw walkers=5208 (4379928..4385135) steps=30 mode=0 sched=single-bucket delta_t=0 policy=0
rank=841 loaded data/1536/stackoverflow_a2q_tw.sub841.txt (|V_local|=1652  t_range=[1865702,239643779])
rank=841 loaded routing data/1536/stackoverflow_a2q_tw.rt841.txt (538 entries)
rank=839/1536 dataset=stackoverflow_a2q_tw walkers=5208 (4369512..4374719) steps=30 mode=0 sched=single-bucket delta_t=0 policy=0
rank=839 loaded data/1536/stackoverflow_a2q_tw.sub839.txt (|V_local|=1596  t_range=[4369834,239681447])
rank=839 loaded routing data/1536/stackoverflow_a2q_tw.rt839.txt (972 entries)
rank=834/1536 dataset=stackoverflow_a2q_tw walkers=5208 (4343472..4348679) steps=30 mode=0 sched=single-bucket delta_t=0 policy=0
rank=834 loaded data/1536/stackoverflow_a2q_tw.sub834.txt (|V_local|=1592  t_range=[28684495,239627875])
rank=834 loaded routing data/1536/stackoverflow_a2q_tw.rt834.txt (1074 entries)
rank=830/1536 dataset=stackoverflow_a2q_tw walkers=5208 (4322640..4327847) steps=30 mode=0 sched=single-bucket delta_t=0 policy=0
rank=830 loaded data/1536/stackoverflow_a2q_tw.sub830.txt (|V_local|=1652  t_range=[45171855,239681143])
rank=830 loaded routing data/1536/stackoverflow_a2q_tw.rt830.txt (547 entries)
rank=854/1536 dataset=stackoverflow_a2q_tw walkers=5208 (4447632..4452839) steps=30 mode=0 sched=single-bucket delta_t=0 policy=0
rank=854 loaded data/1536/stackoverflow_a2q_tw.sub854.txt (|V_local|=1593  t_range=[4273499,239697440])
rank=854 loaded routing data/1536/stackoverflow_a2q_tw.rt854.txt (937 entries)
rank=854 added 3 boundary-only nodes from routing
rank=832/1536 dataset=stackoverflow_a2q_tw walkers=5208 (4333056..4338263) steps=30 mode=0 sched=single-bucket delta_t=0 policy=0
rank=832 loaded data/1536/stackoverflow_a2q_tw.sub832.txt (|V_local|=1652  t_range=[34885452,239698254])
rank=832 loaded routing data/1536/stackoverflow_a2q_tw.rt832.txt (772 entries)
rank=833/1536 dataset=stackoverflow_a2q_tw walkers=5208 (4338264..4343471) steps=30 mode=0 sched=single-bucket delta_t=0 policy=0
rank=833 loaded data/1536/stackoverflow_a2q_tw.sub833.txt (|V_local|=1652  t_range=[55332915,239697543])
rank=833 loaded routing data/1536/stackoverflow_a2q_tw.rt833.txt (739 entries)
rank=851/1536 dataset=stackoverflow_a2q_tw walkers=5208 (4432008..4437215) steps=30 mode=0 sched=single-bucket delta_t=0 policy=0
rank=851 loaded data/1536/stackoverflow_a2q_tw.sub851.txt (|V_local|=1578  t_range=[4184319,239655177])
rank=851 loaded routing data/1536/stackoverflow_a2q_tw.rt851.txt (983 entries)
rank=851 added 2 boundary-only nodes from routing
rank=849/1536 dataset=stackoverflow_a2q_tw walkers=5208 (4421592..4426799) steps=30 mode=0 sched=single-bucket delta_t=0 policy=0
rank=849 loaded data/1536/stackoverflow_a2q_tw.sub849.txt (|V_local|=1571  t_range=[9455718,239677922])
rank=849 loaded routing data/1536/stackoverflow_a2q_tw.rt849.txt (1061 entries)
rank=849 added 7 boundary-only nodes from routing
rank=856/1536 dataset=stackoverflow_a2q_tw walkers=5208 (4458048..4463255) steps=30 mode=0 sched=single-bucket delta_t=0 policy=0
rank=856 loaded data/1536/stackoverflow_a2q_tw.sub856.txt (|V_local|=1650  t_range=[11213897,239674284])
rank=856 loaded routing data/1536/stackoverflow_a2q_tw.rt856.txt (649 entries)
rank=856 added 1 boundary-only nodes from routing
rank=862/1536 dataset=stackoverflow_a2q_tw walkers=5208 (4489296..4494503) steps=30 mode=0 sched=single-bucket delta_t=0 policy=0
rank=862 loaded data/1536/stackoverflow_a2q_tw.sub862.txt (|V_local|=1651  t_range=[8426978,239688297])
rank=862 loaded routing data/1536/stackoverflow_a2q_tw.rt862.txt (625 entries)
rank=862 added 1 boundary-only nodes from routing
rank=852/1536 dataset=stackoverflow_a2q_tw walkers=5208 (4437216..4442423) steps=30 mode=0 sched=single-bucket delta_t=0 policy=0
rank=852 loaded data/1536/stackoverflow_a2q_tw.sub852.txt (|V_local|=1646  t_range=[4316412,239672959])
rank=852 loaded routing data/1536/stackoverflow_a2q_tw.rt852.txt (893 entries)
rank=852 added 1 boundary-only nodes from routing
rank=838/1536 dataset=stackoverflow_a2q_tw walkers=5208 (4364304..4369511) steps=30 mode=0 sched=single-bucket delta_t=0 policy=0
rank=838 loaded data/1536/stackoverflow_a2q_tw.sub838.txt (|V_local|=1609  t_range=[3869417,239677614])
rank=838 loaded routing data/1536/stackoverflow_a2q_tw.rt838.txt (979 entries)
rank=838 added 2 boundary-only nodes from routing
rank=847/1536 dataset=stackoverflow_a2q_tw walkers=5208 (4411176..4416383) steps=30 mode=0 sched=single-bucket delta_t=0 policy=0
rank=847 loaded data/1536/stackoverflow_a2q_tw.sub847.txt (|V_local|=1588  t_range=[5823309,239671406])
rank=847 loaded routing data/1536/stackoverflow_a2q_tw.rt847.txt (1035 entries)
rank=847 added 3 boundary-only nodes from routing
rank=835/1536 dataset=stackoverflow_a2q_tw walkers=5208 (4348680..4353887) steps=30 mode=0 sched=single-bucket delta_t=0 policy=0
rank=835 loaded data/1536/stackoverflow_a2q_tw.sub835.txt (|V_local|=1649  t_range=[18233903,239696704])
rank=835 loaded routing data/1536/stackoverflow_a2q_tw.rt835.txt (933 entries)
rank=835 added 1 boundary-only nodes from routing
rank=855/1536 dataset=stackoverflow_a2q_tw walkers=5208 (4452840..4458047) steps=30 mode=0 sched=single-bucket delta_t=0 policy=0
rank=855 loaded data/1536/stackoverflow_a2q_tw.sub855.txt (|V_local|=1649  t_range=[4102223,239573848])
rank=855 loaded routing data/1536/stackoverflow_a2q_tw.rt855.txt (780 entries)
rank=831/1536 dataset=stackoverflow_a2q_tw walkers=5208 (4327848..4333055) steps=30 mode=0 sched=single-bucket delta_t=0 policy=0
rank=831 loaded data/1536/stackoverflow_a2q_tw.sub831.txt (|V_local|=1587  t_range=[4040207,239643908])
rank=831 loaded routing data/1536/stackoverflow_a2q_tw.rt831.txt (1073 entries)
rank=831 added 1 boundary-only nodes from routing
rank=848/1536 dataset=stackoverflow_a2q_tw walkers=5208 (4416384..4421591) steps=30 mode=0 sched=single-bucket delta_t=0 policy=0
rank=848 loaded data/1536/stackoverflow_a2q_tw.sub848.txt (|V_local|=1603  t_range=[2371927,239501456])
rank=848 loaded routing data/1536/stackoverflow_a2q_tw.rt848.txt (912 entries)
rank=848 added 3 boundary-only nodes from routing
rank=859/1536 dataset=stackoverflow_a2q_tw walkers=5208 (4473672..4478879) steps=30 mode=0 sched=single-bucket delta_t=0 policy=0
rank=859 loaded data/1536/stackoverflow_a2q_tw.sub859.txt (|V_local|=1590  t_range=[4111464,239405186])
rank=859 loaded routing data/1536/stackoverflow_a2q_tw.rt859.txt (968 entries)
rank=859 added 1 boundary-only nodes from routing
rank=816/1536 dataset=stackoverflow_a2q_tw walkers=5208 (4249728..4254935) steps=30 mode=0 sched=single-bucket delta_t=0 policy=0
rank=816 loaded data/1536/stackoverflow_a2q_tw.sub816.txt (|V_local|=1594  t_range=[3606179,239679733])
rank=640/1536 dataset=stackoverflow_a2q_tw walkers=5208 (3333120..3338327) steps=30 mode=0 sched=single-bucket delta_t=0 policy=0
rank=640 loaded data/1536/stackoverflow_a2q_tw.sub640.txt (|V_local|=1590  t_range=[3946742,239660279])
rank=640 loaded routing data/1536/stackoverflow_a2q_tw.rt640.txt (1019 entries)
rank=640 added 4 boundary-only nodes from routing
rank=651/1536 dataset=stackoverflow_a2q_tw walkers=5208 (3390408..3395615) steps=30 mode=0 sched=single-bucket delta_t=0 policy=0
rank=651 loaded data/1536/stackoverflow_a2q_tw.sub651.txt (|V_local|=1583  t_range=[3969910,239568409])
rank=651 loaded routing data/1536/stackoverflow_a2q_tw.rt651.txt (1085 entries)
rank=651 added 2 boundary-only nodes from routing
rank=643/1536 dataset=stackoverflow_a2q_tw walkers=5208 (3348744..3353951) steps=30 mode=0 sched=single-bucket delta_t=0 policy=0
rank=643 loaded data/1536/stackoverflow_a2q_tw.sub643.txt (|V_local|=1589  t_range=[15781407,239682350])
rank=643 loaded routing data/1536/stackoverflow_a2q_tw.rt643.txt (1052 entries)
rank=643 added 1 boundary-only nodes from routing
rank=641/1536 dataset=stackoverflow_a2q_tw walkers=5208 (3338328..3343535) steps=30 mode=0 sched=single-bucket delta_t=0 policy=0
rank=641 loaded data/1536/stackoverflow_a2q_tw.sub641.txt (|V_local|=1601  t_range=[4820096,239688769])
rank=641 loaded routing data/1536/stackoverflow_a2q_tw.rt641.txt (959 entries)
rank=645/1536 dataset=stackoverflow_a2q_tw walkers=5208 (3359160..3364367) steps=30 mode=0 sched=single-bucket delta_t=0 policy=0
rank=645 loaded data/1536/stackoverflow_a2q_tw.sub645.txt (|V_local|=1591  t_range=[4634754,239644264])
rank=645 loaded routing data/1536/stackoverflow_a2q_tw.rt645.txt (1071 entries)
rank=645 added 3 boundary-only nodes from routing
rank=637/1536 dataset=stackoverflow_a2q_tw walkers=5208 (3317496..3322703) steps=30 mode=0 sched=single-bucket delta_t=0 policy=0
rank=637 loaded data/1536/stackoverflow_a2q_tw.sub637.txt (|V_local|=1588  t_range=[1693108,239692667])
rank=637 loaded routing data/1536/stackoverflow_a2q_tw.rt637.txt (957 entries)
rank=639/1536 dataset=stackoverflow_a2q_tw walkers=5208 (3327912..3333119) steps=30 mode=0 sched=single-bucket delta_t=0 policy=0
rank=639 loaded data/1536/stackoverflow_a2q_tw.sub639.txt (|V_local|=1584  t_range=[6690802,239589116])
rank=639 loaded routing data/1536/stackoverflow_a2q_tw.rt639.txt (954 entries)
rank=639 added 3 boundary-only nodes from routing
rank=655/1536 dataset=stackoverflow_a2q_tw walkers=5208 (3411240..3416447) steps=30 mode=0 sched=single-bucket delta_t=0 policy=0
rank=655 loaded data/1536/stackoverflow_a2q_tw.sub655.txt (|V_local|=1585  t_range=[4093422,239651048])
rank=655 loaded routing data/1536/stackoverflow_a2q_tw.rt655.txt (1045 entries)
rank=656/1536 dataset=stackoverflow_a2q_tw walkers=5208 (3416448..3421655) steps=30 mode=0 sched=single-bucket delta_t=0 policy=0
rank=656 loaded data/1536/stackoverflow_a2q_tw.sub656.txt (|V_local|=1586  t_range=[16399774,239638595])
rank=656 loaded routing data/1536/stackoverflow_a2q_tw.rt656.txt (1038 entries)
rank=656 added 1 boundary-only nodes from routing
rank=664/1536 dataset=stackoverflow_a2q_tw walkers=5208 (3458112..3463319) steps=30 mode=0 sched=single-bucket delta_t=0 policy=0
rank=664 loaded data/1536/stackoverflow_a2q_tw.sub664.txt (|V_local|=1647  t_range=[19933574,239575712])
rank=664 loaded routing data/1536/stackoverflow_a2q_tw.rt664.txt (919 entries)
rank=636/1536 dataset=stackoverflow_a2q_tw walkers=5208 (3312288..3317495) steps=30 mode=0 sched=single-bucket delta_t=0 policy=0
rank=636 loaded data/1536/stackoverflow_a2q_tw.sub636.txt (|V_local|=1589  t_range=[9061944,239593687])
rank=636 loaded routing data/1536/stackoverflow_a2q_tw.rt636.txt (1053 entries)
rank=659/1536 dataset=stackoverflow_a2q_tw walkers=5208 (3432072..3437279) steps=30 mode=0 sched=single-bucket delta_t=0 policy=0
rank=659 loaded data/1536/stackoverflow_a2q_tw.sub659.txt (|V_local|=1595  t_range=[43275208,239631683])
rank=659 loaded routing data/1536/stackoverflow_a2q_tw.rt659.txt (1066 entries)
rank=659 added 2 boundary-only nodes from routing
rank=663/1536 dataset=stackoverflow_a2q_tw walkers=5208 (3452904..3458111) steps=30 mode=0 sched=single-bucket delta_t=0 policy=0
rank=663 loaded data/1536/stackoverflow_a2q_tw.sub663.txt (|V_local|=1596  t_range=[34477502,239580997])
rank=663 loaded routing data/1536/stackoverflow_a2q_tw.rt663.txt (1058 entries)
rank=660/1536 dataset=stackoverflow_a2q_tw walkers=5208 (3437280..3442487) steps=30 mode=0 sched=single-bucket delta_t=0 policy=0
rank=660 loaded data/1536/stackoverflow_a2q_tw.sub660.txt (|V_local|=1591  t_range=[5837741,239620277])
rank=660 loaded routing data/1536/stackoverflow_a2q_tw.rt660.txt (1054 entries)
rank=667/1536 dataset=stackoverflow_a2q_tw walkers=5208 (3473736..3478943) steps=30 mode=0 sched=single-bucket delta_t=0 policy=0
rank=667 loaded data/1536/stackoverflow_a2q_tw.sub667.txt (|V_local|=1593  t_range=[15454643,239547918])
rank=667 loaded routing data/1536/stackoverflow_a2q_tw.rt667.txt (1041 entries)
rank=647/1536 dataset=stackoverflow_a2q_tw walkers=5208 (3369576..3374783) steps=30 mode=0 sched=single-bucket delta_t=0 policy=0
rank=647 loaded data/1536/stackoverflow_a2q_tw.sub647.txt (|V_local|=1646  t_range=[12000132,239669818])
rank=647 loaded routing data/1536/stackoverflow_a2q_tw.rt647.txt (910 entries)
rank=671/1536 dataset=stackoverflow_a2q_tw walkers=5208 (3494568..3499775) steps=30 mode=0 sched=single-bucket delta_t=0 policy=0
rank=671 loaded data/1536/stackoverflow_a2q_tw.sub671.txt (|V_local|=1590  t_range=[6550348,239662593])
rank=671 loaded routing data/1536/stackoverflow_a2q_tw.rt671.txt (1059 entries)
rank=668/1536 dataset=stackoverflow_a2q_tw walkers=5208 (3478944..3484151) steps=30 mode=0 sched=single-bucket delta_t=0 policy=0
rank=668 loaded data/1536/stackoverflow_a2q_tw.sub668.txt (|V_local|=1588  t_range=[16228652,239685883])
rank=668 loaded routing data/1536/stackoverflow_a2q_tw.rt668.txt (1047 entries)
rank=661/1536 dataset=stackoverflow_a2q_tw walkers=5208 (3442488..3447695) steps=30 mode=0 sched=single-bucket delta_t=0 policy=0
rank=661 loaded data/1536/stackoverflow_a2q_tw.sub661.txt (|V_local|=1602  t_range=[22760579,239653161])
rank=661 loaded routing data/1536/stackoverflow_a2q_tw.rt661.txt (997 entries)
rank=657/1536 dataset=stackoverflow_a2q_tw walkers=5208 (3421656..3426863) steps=30 mode=0 sched=single-bucket delta_t=0 policy=0
rank=657 loaded data/1536/stackoverflow_a2q_tw.sub657.txt (|V_local|=1588  t_range=[4742536,239655132])
rank=657 loaded routing data/1536/stackoverflow_a2q_tw.rt657.txt (1071 entries)
rank=657 added 2 boundary-only nodes from routing
rank=665/1536 dataset=stackoverflow_a2q_tw walkers=5208 (3463320..3468527) steps=30 mode=0 sched=single-bucket delta_t=0 policy=0
rank=665 loaded data/1536/stackoverflow_a2q_tw.sub665.txt (|V_local|=1645  t_range=[10260719,239572711])
rank=665 loaded routing data/1536/stackoverflow_a2q_tw.rt665.txt (1121 entries)
rank=624/1536 dataset=stackoverflow_a2q_tw walkers=5208 (3249792..3254999) steps=30 mode=0 sched=single-bucket delta_t=0 policy=0
rank=624 loaded data/1536/stackoverflow_a2q_tw.sub624.txt (|V_local|=1594  t_range=[7687914,239655037])
rank=624 loaded routing data/1536/stackoverflow_a2q_tw.rt624.txt (1089 entries)
rank=624 added 2 boundary-only nodes from routing
rank=670/1536 dataset=stackoverflow_a2q_tw walkers=5208 (3489360..3494567) steps=30 mode=0 sched=single-bucket delta_t=0 policy=0
rank=670 loaded data/1536/stackoverflow_a2q_tw.sub670.txt (|V_local|=1648  t_range=[19602836,239590410])
rank=670 loaded routing data/1536/stackoverflow_a2q_tw.rt670.txt (1018 entries)
rank=662/1536 dataset=stackoverflow_a2q_tw walkers=5208 (3447696..3452903) steps=30 mode=0 sched=single-bucket delta_t=0 policy=0
rank=662 loaded data/1536/stackoverflow_a2q_tw.sub662.txt (|V_local|=1645  t_range=[4301354,239661323])
rank=662 loaded routing data/1536/stackoverflow_a2q_tw.rt662.txt (1104 entries)
rank=662 added 1 boundary-only nodes from routing
rank=409 loaded data/1536/stackoverflow_a2q_tw.sub409.txt (|V_local|=1650  t_range=[916406,239636847])
rank=409 loaded routing data/1536/stackoverflow_a2q_tw.rt409.txt (647 entries)
rank=409 added 2 boundary-only nodes from routing
rank=401/1536 dataset=stackoverflow_a2q_tw walkers=5208 (2088408..2093615) steps=30 mode=0 sched=single-bucket delta_t=0 policy=0
rank=401 loaded data/1536/stackoverflow_a2q_tw.sub401.txt (|V_local|=1628  t_range=[573744,239579567])
rank=401 loaded routing data/1536/stackoverflow_a2q_tw.rt401.txt (823 entries)
rank=401 added 1 boundary-only nodes from routing
rank=385/1536 dataset=stackoverflow_a2q_tw walkers=5208 (2005080..2010287) steps=30 mode=0 sched=single-bucket delta_t=0 policy=0
rank=385 loaded data/1536/stackoverflow_a2q_tw.sub385.txt (|V_local|=1652  t_range=[53395,239675952])
rank=385 loaded routing data/1536/stackoverflow_a2q_tw.rt385.txt (573 entries)
rank=392/1536 dataset=stackoverflow_a2q_tw walkers=5208 (2041536..2046743) steps=30 mode=0 sched=single-bucket delta_t=0 policy=0
rank=392 loaded data/1536/stackoverflow_a2q_tw.sub392.txt (|V_local|=1650  t_range=[1394961,239632015])
rank=392 loaded routing data/1536/stackoverflow_a2q_tw.rt392.txt (841 entries)
rank=392 added 1 boundary-only nodes from routing
rank=1076 loaded data/1536/stackoverflow_a2q_tw.sub1076.txt (|V_local|=1591  t_range=[3620027,239625536])
rank=1076 loaded routing data/1536/stackoverflow_a2q_tw.rt1076.txt (1083 entries)
rank=1077/1536 dataset=stackoverflow_a2q_tw walkers=5208 (5609016..5614223) steps=30 mode=0 sched=single-bucket delta_t=0 policy=0
rank=1077 loaded data/1536/stackoverflow_a2q_tw.sub1077.txt (|V_local|=1587  t_range=[9297200,239650857])
rank=1077 loaded routing data/1536/stackoverflow_a2q_tw.rt1077.txt (1069 entries)
rank=1077 added 1 boundary-only nodes from routing
rank=1089/1536 dataset=stackoverflow_a2q_tw walkers=5208 (5671512..5676719) steps=30 mode=0 sched=single-bucket delta_t=0 policy=0
rank=1089 loaded data/1536/stackoverflow_a2q_tw.sub1089.txt (|V_local|=1590  t_range=[10888273,239693832])
rank=1089 loaded routing data/1536/stackoverflow_a2q_tw.rt1089.txt (1052 entries)
rank=1089 added 1 boundary-only nodes from routing
rank=1075/1536 dataset=stackoverflow_a2q_tw walkers=5208 (5598600..5603807) steps=30 mode=0 sched=single-bucket delta_t=0 policy=0
rank=1075 loaded data/1536/stackoverflow_a2q_tw.sub1075.txt (|V_local|=1590  t_range=[11448273,239653685])
rank=1075 loaded routing data/1536/stackoverflow_a2q_tw.rt1075.txt (1014 entries)
rank=1067/1536 dataset=stackoverflow_a2q_tw walkers=5208 (5556936..5562143) steps=30 mode=0 sched=single-bucket delta_t=0 policy=0
rank=1067 loaded data/1536/stackoverflow_a2q_tw.sub1067.txt (|V_local|=1597  t_range=[6380075,239660259])
rank=1067 loaded routing data/1536/stackoverflow_a2q_tw.rt1067.txt (1004 entries)
rank=1067 added 1 boundary-only nodes from routing
rank=1097/1536 dataset=stackoverflow_a2q_tw walkers=5208 (5713176..5718383) steps=30 mode=0 sched=single-bucket delta_t=0 policy=0
rank=1097 loaded data/1536/stackoverflow_a2q_tw.sub1097.txt (|V_local|=1594  t_range=[12384993,239673794])
rank=1097 loaded routing data/1536/stackoverflow_a2q_tw.rt1097.txt (1095 entries)
rank=1097 added 1 boundary-only nodes from routing
rank=1081/1536 dataset=stackoverflow_a2q_tw walkers=5208 (5629848..5635055) steps=30 mode=0 sched=single-bucket delta_t=0 policy=0
rank=1081 loaded data/1536/stackoverflow_a2q_tw.sub1081.txt (|V_local|=1651  t_range=[4055423,239692445])
rank=1081 loaded routing data/1536/stackoverflow_a2q_tw.rt1081.txt (878 entries)
rank=1084/1536 dataset=stackoverflow_a2q_tw walkers=5208 (5645472..5650679) steps=30 mode=0 sched=single-bucket delta_t=0 policy=0
rank=1084 loaded data/1536/stackoverflow_a2q_tw.sub1084.txt (|V_local|=1594  t_range=[40339980,239691600])
rank=1084 loaded routing data/1536/stackoverflow_a2q_tw.rt1084.txt (953 entries)
rank=1102/1536 dataset=stackoverflow_a2q_tw walkers=5208 (5739216..5744423) steps=30 mode=0 sched=single-bucket delta_t=0 policy=0
rank=1102 loaded data/1536/stackoverflow_a2q_tw.sub1102.txt (|V_local|=1604  t_range=[24767882,239692372])
rank=1102 loaded routing data/1536/stackoverflow_a2q_tw.rt1102.txt (1022 entries)
rank=1102 added 3 boundary-only nodes from routing
rank=1100/1536 dataset=stackoverflow_a2q_tw walkers=5208 (5728800..5734007) steps=30 mode=0 sched=single-bucket delta_t=0 policy=0
rank=1100 loaded data/1536/stackoverflow_a2q_tw.sub1100.txt (|V_local|=1587  t_range=[10530097,239654588])
rank=1100 loaded routing data/1536/stackoverflow_a2q_tw.rt1100.txt (1013 entries)
rank=1078/1536 dataset=stackoverflow_a2q_tw walkers=5208 (5614224..5619431) steps=30 mode=0 sched=single-bucket delta_t=0 policy=0
rank=1078 loaded data/1536/stackoverflow_a2q_tw.sub1078.txt (|V_local|=1593  t_range=[19572847,239679597])
rank=1078 loaded routing data/1536/stackoverflow_a2q_tw.rt1078.txt (1066 entries)
rank=1078 added 1 boundary-only nodes from routing
rank=1092/1536 dataset=stackoverflow_a2q_tw walkers=5208 (5687136..5692343) steps=30 mode=0 sched=single-bucket delta_t=0 policy=0
rank=1092 loaded data/1536/stackoverflow_a2q_tw.sub1092.txt (|V_local|=1591  t_range=[11403758,239683716])
rank=1092 loaded routing data/1536/stackoverflow_a2q_tw.rt1092.txt (1041 entries)
rank=1090/1536 dataset=stackoverflow_a2q_tw walkers=5208 (5676720..5681927) steps=30 mode=0 sched=single-bucket delta_t=0 policy=0
rank=1090 loaded data/1536/stackoverflow_a2q_tw.sub1090.txt (|V_local|=1651  t_range=[4031579,239697454])
rank=1090 loaded routing data/1536/stackoverflow_a2q_tw.rt1090.txt (881 entries)
rank=1080/1536 dataset=stackoverflow_a2q_tw walkers=5208 (5624640..5629847) steps=30 mode=0 sched=single-bucket delta_t=0 policy=0
rank=1080 loaded data/1536/stackoverflow_a2q_tw.sub1080.txt (|V_local|=1578  t_range=[9655369,239688748])
rank=1080 loaded routing data/1536/stackoverflow_a2q_tw.rt1080.txt (1075 entries)
rank=1082/1536 dataset=stackoverflow_a2q_tw walkers=5208 (5635056..5640263) steps=30 mode=0 sched=single-bucket delta_t=0 policy=0
rank=1082 loaded data/1536/stackoverflow_a2q_tw.sub1082.txt (|V_local|=1589  t_range=[14000230,239694397])
rank=1082 loaded routing data/1536/stackoverflow_a2q_tw.rt1082.txt (1015 entries)
rank=1083/1536 dataset=stackoverflow_a2q_tw walkers=5208 (5640264..5645471) steps=30 mode=0 sched=single-bucket delta_t=0 policy=0
rank=1083 loaded data/1536/stackoverflow_a2q_tw.sub1083.txt (|V_local|=1588  t_range=[6295735,239673503])
rank=1083 loaded routing data/1536/stackoverflow_a2q_tw.rt1083.txt (1055 entries)
rank=1091/1536 dataset=stackoverflow_a2q_tw walkers=5208 (5681928..5687135) steps=30 mode=0 sched=single-bucket delta_t=0 policy=0
rank=1091 loaded data/1536/stackoverflow_a2q_tw.sub1091.txt (|V_local|=1644  t_range=[20172309,239693171])
rank=1091 loaded routing data/1536/stackoverflow_a2q_tw.rt1091.txt (1043 entries)
rank=1091 added 2 boundary-only nodes from routing
rank=1079/1536 dataset=stackoverflow_a2q_tw walkers=5208 (5619432..5624639) steps=30 mode=0 sched=single-bucket delta_t=0 policy=0
rank=1079 loaded data/1536/stackoverflow_a2q_tw.sub1079.txt (|V_local|=1589  t_range=[4116261,239638920])
rank=1079 loaded routing data/1536/stackoverflow_a2q_tw.rt1079.txt (1008 entries)
rank=1099/1536 dataset=stackoverflow_a2q_tw walkers=5208 (5723592..5728799) steps=30 mode=0 sched=single-bucket delta_t=0 policy=0
rank=1099 loaded data/1536/stackoverflow_a2q_tw.sub1099.txt (|V_local|=1591  t_range=[4623426,239684890])
rank=1099 loaded routing data/1536/stackoverflow_a2q_tw.rt1099.txt (1100 entries)
rank=1087/1536 dataset=stackoverflow_a2q_tw walkers=5208 (5661096..5666303) steps=30 mode=0 sched=single-bucket delta_t=0 policy=0
rank=1087 loaded data/1536/stackoverflow_a2q_tw.sub1087.txt (|V_local|=1589  t_range=[39129463,239682664])
rank=1087 loaded routing data/1536/stackoverflow_a2q_tw.rt1087.txt (1081 entries)
rank=1087 added 1 boundary-only nodes from routing
rank=1095/1536 dataset=stackoverflow_a2q_tw walkers=5208 (5702760..5707967) steps=30 mode=0 sched=single-bucket delta_t=0 policy=0
rank=1095 loaded data/1536/stackoverflow_a2q_tw.sub1095.txt (|V_local|=1591  t_range=[5856874,239687034])
rank=1095 loaded routing data/1536/stackoverflow_a2q_tw.rt1095.txt (1137 entries)
rank=1095 added 1 boundary-only nodes from routing
rank=1088/1536 dataset=stackoverflow_a2q_tw walkers=5208 (5666304..5671511) steps=30 mode=0 sched=single-bucket delta_t=0 policy=0
rank=1088 loaded data/1536/stackoverflow_a2q_tw.sub1088.txt (|V_local|=1612  t_range=[26229220,239684851])
rank=1088 loaded routing data/1536/stackoverflow_a2q_tw.rt1088.txt (1063 entries)
rank=1088 added 1 boundary-only nodes from routing
rank=1098/1536 dataset=stackoverflow_a2q_tw walkers=5208 (5718384..5723591) steps=30 mode=0 sched=single-bucket delta_t=0 policy=0
rank=1098 loaded data/1536/stackoverflow_a2q_tw.sub1098.txt (|V_local|=1591  t_range=[4097948,239698235])
rank=1098 loaded routing data/1536/stackoverflow_a2q_tw.rt1098.txt (1035 entries)
rank=1098 added 1 boundary-only nodes from routing
rank=1094/1536 dataset=stackoverflow_a2q_tw walkers=5208 (5697552..5702759) steps=30 mode=0 sched=single-bucket delta_t=0 policy=0
rank=1094 loaded data/1536/stackoverflow_a2q_tw.sub1094.txt (|V_local|=1651  t_range=[45153619,239666582])
rank=1094 loaded routing data/1536/stackoverflow_a2q_tw.rt1094.txt (1042 entries)
rank=1094 added 1 boundary-only nodes from routing
rank=1530/1536 dataset=stackoverflow_a2q_tw walkers=5208 (7968240..7973447) steps=30 mode=0 sched=single-bucket delta_t=0 policy=0
rank=1530 loaded data/1536/stackoverflow_a2q_tw.sub1530.txt (|V_local|=1589  t_range=[16123003,239598750])
rank=1530 loaded routing data/1536/stackoverflow_a2q_tw.rt1530.txt (81 entries)
rank=1511/1536 dataset=stackoverflow_a2q_tw walkers=5208 (7869288..7874495) steps=30 mode=0 sched=single-bucket delta_t=0 policy=0
rank=1511 loaded data/1536/stackoverflow_a2q_tw.sub1511.txt (|V_local|=1576  t_range=[30650858,239541597])
rank=1511 loaded routing data/1536/stackoverflow_a2q_tw.rt1511.txt (145 entries)
rank=1511 added 12 boundary-only nodes from routing
rank=1531/1536 dataset=stackoverflow_a2q_tw walkers=5208 (7973448..7978655) steps=30 mode=0 sched=single-bucket delta_t=0 policy=0
rank=1531 loaded data/1536/stackoverflow_a2q_tw.sub1531.txt (|V_local|=1603  t_range=[12694926,239586329])
rank=1531 loaded routing data/1536/stackoverflow_a2q_tw.rt1531.txt (50 entries)
rank=1501/1536 dataset=stackoverflow_a2q_tw walkers=5208 (7817208..7822415) steps=30 mode=0 sched=single-bucket delta_t=0 policy=0
rank=1501 loaded data/1536/stackoverflow_a2q_tw.sub1501.txt (|V_local|=1568  t_range=[17602570,239666448])
rank=1501 loaded routing data/1536/stackoverflow_a2q_tw.rt1501.txt (40 entries)
rank=1503/1536 dataset=stackoverflow_a2q_tw walkers=5208 (7827624..7832831) steps=30 mode=0 sched=single-bucket delta_t=0 policy=0
rank=1503 loaded data/1536/stackoverflow_a2q_tw.sub1503.txt (|V_local|=1577  t_range=[13933906,239635872])
rank=1503 loaded routing data/1536/stackoverflow_a2q_tw.rt1503.txt (10 entries)
rank=1534/1536 dataset=stackoverflow_a2q_tw walkers=5208 (7989072..7994279) steps=30 mode=0 sched=single-bucket delta_t=0 policy=0
rank=1534 loaded data/1536/stackoverflow_a2q_tw.sub1534.txt (|V_local|=1605  t_range=[15740295,239654428])
rank=1534 loaded routing data/1536/stackoverflow_a2q_tw.rt1534.txt (12 entries)
rank=1535/1536 dataset=stackoverflow_a2q_tw walkers=5208 (7994280..7999487) steps=30 mode=0 sched=single-bucket delta_t=0 policy=0
rank=1535 loaded data/1536/stackoverflow_a2q_tw.sub1535.txt (|V_local|=1578  t_range=[29361613,239661851])
rank=1535 loaded routing data/1536/stackoverflow_a2q_tw.rt1535.txt (23 entries)
rank=1515/1536 dataset=stackoverflow_a2q_tw walkers=5208 (7890120..7895327) steps=30 mode=0 sched=single-bucket delta_t=0 policy=0
rank=1515 loaded data/1536/stackoverflow_a2q_tw.sub1515.txt (|V_local|=1585  t_range=[4726652,239689728])
rank=1515 loaded routing data/1536/stackoverflow_a2q_tw.rt1515.txt (76 entries)
rank=1515 added 2 boundary-only nodes from routing
rank=1505/1536 dataset=stackoverflow_a2q_tw walkers=5208 (7838040..7843247) steps=30 mode=0 sched=single-bucket delta_t=0 policy=0
rank=1505 loaded data/1536/stackoverflow_a2q_tw.sub1505.txt (|V_local|=1593  t_range=[5419671,239624304])
rank=1505 loaded routing data/1536/stackoverflow_a2q_tw.rt1505.txt (93 entries)
rank=1505 added 1 boundary-only nodes from routing
rank=1493/1536 dataset=stackoverflow_a2q_tw walkers=5208 (7775544..7780751) steps=30 mode=0 sched=single-bucket delta_t=0 policy=0
rank=1493 loaded data/1536/stackoverflow_a2q_tw.sub1493.txt (|V_local|=1591  t_range=[6148369,239664669])
rank=1493 loaded routing data/1536/stackoverflow_a2q_tw.rt1493.txt (867 entries)
rank=1493 added 2 boundary-only nodes from routing
rank=1500/1536 dataset=stackoverflow_a2q_tw walkers=5208 (7812000..7817207) steps=30 mode=0 sched=single-bucket delta_t=0 policy=0
rank=1500 loaded data/1536/stackoverflow_a2q_tw.sub1500.txt (|V_local|=1600  t_range=[20993894,239643526])
rank=1500 loaded routing data/1536/stackoverflow_a2q_tw.rt1500.txt (20 entries)
rank=1508/1536 dataset=stackoverflow_a2q_tw walkers=5208 (7853664..7858871) steps=30 mode=0 sched=single-bucket delta_t=0 policy=0
rank=1508 loaded data/1536/stackoverflow_a2q_tw.sub1508.txt (|V_local|=1609  t_range=[38535335,239466268])
rank=1508 loaded routing data/1536/stackoverflow_a2q_tw.rt1508.txt (14 entries)
rank=1509/1536 dataset=stackoverflow_a2q_tw walkers=5208 (7858872..7864079) steps=30 mode=0 sched=single-bucket delta_t=0 policy=0
rank=1509 loaded data/1536/stackoverflow_a2q_tw.sub1509.txt (|V_local|=1572  t_range=[13617205,239639761])
rank=1509 loaded routing data/1536/stackoverflow_a2q_tw.rt1509.txt (20 entries)
rank=1510/1536 dataset=stackoverflow_a2q_tw walkers=5208 (7864080..7869287) steps=30 mode=0 sched=single-bucket delta_t=0 policy=0
rank=1510 loaded data/1536/stackoverflow_a2q_tw.sub1510.txt (|V_local|=1587  t_range=[39720356,239576909])
rank=1510 loaded routing data/1536/stackoverflow_a2q_tw.rt1510.txt (72 entries)
rank=1510 added 4 boundary-only nodes from routing
rank=1527/1536 dataset=stackoverflow_a2q_tw walkers=5208 (7952616..7957823) steps=30 mode=0 sched=single-bucket delta_t=0 policy=0
rank=1527 loaded data/1536/stackoverflow_a2q_tw.sub1527.txt (|V_local|=1575  t_range=[39041077,239660708])
rank=1527 loaded routing data/1536/stackoverflow_a2q_tw.rt1527.txt (20 entries)
rank=1495/1536 dataset=stackoverflow_a2q_tw walkers=5208 (7785960..7791167) steps=30 mode=0 sched=single-bucket delta_t=0 policy=0
rank=1495 loaded data/1536/stackoverflow_a2q_tw.sub1495.txt (|V_local|=1588  t_range=[15802348,239679581])
rank=1495 loaded routing data/1536/stackoverflow_a2q_tw.rt1495.txt (834 entries)
rank=1495 added 1 boundary-only nodes from routing
rank=1533/1536 dataset=stackoverflow_a2q_tw walkers=5208 (7983864..7989071) steps=30 mode=0 sched=single-bucket delta_t=0 policy=0
rank=1533 loaded data/1536/stackoverflow_a2q_tw.sub1533.txt (|V_local|=1592  t_range=[39815157,239692240])
rank=1533 loaded routing data/1536/stackoverflow_a2q_tw.rt1533.txt (76 entries)
rank=1519/1536 dataset=stackoverflow_a2q_tw walkers=5208 (7910952..7916159) steps=30 mode=0 sched=single-bucket delta_t=0 policy=0
rank=1519 loaded data/1536/stackoverflow_a2q_tw.sub1519.txt (|V_local|=1583  t_range=[18325462,239643021])
rank=1519 loaded routing data/1536/stackoverflow_a2q_tw.rt1519.txt (64 entries)
rank=1519 added 1 boundary-only nodes from routing
rank=1516/1536 dataset=stackoverflow_a2q_tw walkers=5208 (7895328..7900535) steps=30 mode=0 sched=single-bucket delta_t=0 policy=0
rank=1516 loaded data/1536/stackoverflow_a2q_tw.sub1516.txt (|V_local|=1590  t_range=[33059790,239676836])
rank=1516 loaded routing data/1536/stackoverflow_a2q_tw.rt1516.txt (115 entries)
rank=1517/1536 dataset=stackoverflow_a2q_tw walkers=5208 (7900536..7905743) steps=30 mode=0 sched=single-bucket delta_t=0 policy=0
rank=1517 loaded data/1536/stackoverflow_a2q_tw.sub1517.txt (|V_local|=1592  t_range=[17250973,239632454])
rank=1517 loaded routing data/1536/stackoverflow_a2q_tw.rt1517.txt (109 entries)
rank=1494/1536 dataset=stackoverflow_a2q_tw walkers=5208 (7780752..7785959) steps=30 mode=0 sched=single-bucket delta_t=0 policy=0
rank=1494 loaded data/1536/stackoverflow_a2q_tw.sub1494.txt (|V_local|=1591  t_range=[37384288,239686393])
rank=1494 loaded routing data/1536/stackoverflow_a2q_tw.rt1494.txt (823 entries)
rank=1518/1536 dataset=stackoverflow_a2q_tw walkers=5208 (7905744..7910951) steps=30 mode=0 sched=single-bucket delta_t=0 policy=0
rank=1518 loaded data/1536/stackoverflow_a2q_tw.sub1518.txt (|V_local|=1588  t_range=[15473352,239676588])
rank=1518 loaded routing data/1536/stackoverflow_a2q_tw.rt1518.txt (117 entries)
rank=1520/1536 dataset=stackoverflow_a2q_tw walkers=5208 (7916160..7921367) steps=30 mode=0 sched=single-bucket delta_t=0 policy=0
rank=1520 loaded data/1536/stackoverflow_a2q_tw.sub1520.txt (|V_local|=1602  t_range=[20886980,239668852])
rank=1520 loaded routing data/1536/stackoverflow_a2q_tw.rt1520.txt (30 entries)
rank=1521/1536 dataset=stackoverflow_a2q_tw walkers=5208 (7921368..7926575) steps=30 mode=0 sched=single-bucket delta_t=0 policy=0
rank=1521 loaded data/1536/stackoverflow_a2q_tw.sub1521.txt (|V_local|=1572  t_range=[18819239,239590185])
rank=1521 loaded routing data/1536/stackoverflow_a2q_tw.rt1521.txt (139 entries)
rank=1521 added 20 boundary-only nodes from routing
rank=1522/1536 dataset=stackoverflow_a2q_tw walkers=5208 (7926576..7931783) steps=30 mode=0 sched=single-bucket delta_t=0 policy=0
rank=569/1536 dataset=stackoverflow_a2q_tw walkers=5208 (2963352..2968559) steps=30 mode=0 sched=single-bucket delta_t=0 policy=0
rank=569 loaded data/1536/stackoverflow_a2q_tw.sub569.txt (|V_local|=1592  t_range=[4698682,239660993])
rank=569 loaded routing data/1536/stackoverflow_a2q_tw.rt569.txt (1069 entries)
rank=569 added 1 boundary-only nodes from routing
rank=538/1536 dataset=stackoverflow_a2q_tw walkers=5208 (2801904..2807111) steps=30 mode=0 sched=single-bucket delta_t=0 policy=0
rank=538 loaded data/1536/stackoverflow_a2q_tw.sub538.txt (|V_local|=1583  t_range=[4079624,239566638])
rank=538 loaded routing data/1536/stackoverflow_a2q_tw.rt538.txt (996 entries)
rank=538 added 3 boundary-only nodes from routing
rank=551/1536 dataset=stackoverflow_a2q_tw walkers=5208 (2869608..2874815) steps=30 mode=0 sched=single-bucket delta_t=0 policy=0
rank=551 loaded data/1536/stackoverflow_a2q_tw.sub551.txt (|V_local|=1584  t_range=[1888065,239629480])
rank=551 loaded routing data/1536/stackoverflow_a2q_tw.rt551.txt (967 entries)
rank=551 added 1 boundary-only nodes from routing
rank=1357 added 2 boundary-only nodes from routing
rank=1364/1536 dataset=stackoverflow_a2q_tw walkers=5208 (7103712..7108919) steps=30 mode=0 sched=single-bucket delta_t=0 policy=0
rank=1364 loaded data/1536/stackoverflow_a2q_tw.sub1364.txt (|V_local|=1652  t_range=[3072643,239579585])
rank=1364 loaded routing data/1536/stackoverflow_a2q_tw.rt1364.txt (738 entries)
rank=1370/1536 dataset=stackoverflow_a2q_tw walkers=5208 (7134960..7140167) steps=30 mode=0 sched=single-bucket delta_t=0 policy=0
rank=1370 loaded data/1536/stackoverflow_a2q_tw.sub1370.txt (|V_local|=1648  t_range=[11316052,239683108])
rank=1370 loaded routing data/1536/stackoverflow_a2q_tw.rt1370.txt (1012 entries)
rank=1370 added 1 boundary-only nodes from routing
rank=1386/1536 dataset=stackoverflow_a2q_tw walkers=5208 (7218288..7223495) steps=30 mode=0 sched=single-bucket delta_t=0 policy=0
rank=1386 loaded data/1536/stackoverflow_a2q_tw.sub1386.txt (|V_local|=1585  t_range=[4744778,239568484])
rank=1386 loaded routing data/1536/stackoverflow_a2q_tw.rt1386.txt (1082 entries)
rank=1386 added 1 boundary-only nodes from routing
rank=1381/1536 dataset=stackoverflow_a2q_tw walkers=5208 (7192248..7197455) steps=30 mode=0 sched=single-bucket delta_t=0 policy=0
rank=1381 loaded data/1536/stackoverflow_a2q_tw.sub1381.txt (|V_local|=1649  t_range=[3152683,239665385])
rank=1381 loaded routing data/1536/stackoverflow_a2q_tw.rt1381.txt (956 entries)
rank=1365/1536 dataset=stackoverflow_a2q_tw walkers=5208 (7108920..7114127) steps=30 mode=0 sched=single-bucket delta_t=0 policy=0
rank=1365 loaded data/1536/stackoverflow_a2q_tw.sub1365.txt (|V_local|=1586  t_range=[1694855,239305094])
rank=1365 loaded routing data/1536/stackoverflow_a2q_tw.rt1365.txt (1045 entries)
rank=1365 added 2 boundary-only nodes from routing
rank=1355/1536 dataset=stackoverflow_a2q_tw walkers=5208 (7056840..7062047) steps=30 mode=0 sched=single-bucket delta_t=0 policy=0
rank=1355 loaded data/1536/stackoverflow_a2q_tw.sub1355.txt (|V_local|=1578  t_range=[5419261,239477771])
rank=1355 loaded routing data/1536/stackoverflow_a2q_tw.rt1355.txt (1083 entries)
rank=1355 added 16 boundary-only nodes from routing
rank=1367/1536 dataset=stackoverflow_a2q_tw walkers=5208 (7119336..7124543) steps=30 mode=0 sched=single-bucket delta_t=0 policy=0
rank=1367 loaded data/1536/stackoverflow_a2q_tw.sub1367.txt (|V_local|=1650  t_range=[310972,239305070])
rank=1367 loaded routing data/1536/stackoverflow_a2q_tw.rt1367.txt (820 entries)
rank=1367 added 1 boundary-only nodes from routing
rank=230/1536 dataset=stackoverflow_a2q_tw walkers=5208 (1197840..1203047) steps=30 mode=0 sched=single-bucket delta_t=0 policy=0
rank=230 loaded data/1536/stackoverflow_a2q_tw.sub230.txt (|V_local|=1594  t_range=[9120565,239361738])
rank=230 loaded routing data/1536/stackoverflow_a2q_tw.rt230.txt (1023 entries)
rank=218/1536 dataset=stackoverflow_a2q_tw walkers=5208 (1135344..1140551) steps=30 mode=0 sched=single-bucket delta_t=0 policy=0
rank=218 loaded data/1536/stackoverflow_a2q_tw.sub218.txt (|V_local|=1590  t_range=[8533502,239661138])
rank=218 loaded routing data/1536/stackoverflow_a2q_tw.rt218.txt (1156 entries)
rank=214/1536 dataset=stackoverflow_a2q_tw walkers=5208 (1114512..1119719) steps=30 mode=0 sched=single-bucket delta_t=0 policy=0
rank=214 loaded data/1536/stackoverflow_a2q_tw.sub214.txt (|V_local|=1591  t_range=[5531938,239680772])
rank=214 loaded routing data/1536/stackoverflow_a2q_tw.rt214.txt (1095 entries)
rank=214 added 2 boundary-only nodes from routing
rank=215/1536 dataset=stackoverflow_a2q_tw walkers=5208 (1119720..1124927) steps=30 mode=0 sched=single-bucket delta_t=0 policy=0
rank=215 loaded data/1536/stackoverflow_a2q_tw.sub215.txt (|V_local|=1592  t_range=[16224877,239693326])
rank=215 loaded routing data/1536/stackoverflow_a2q_tw.rt215.txt (933 entries)
rank=198/1536 dataset=stackoverflow_a2q_tw walkers=5208 (1031184..1036391) steps=30 mode=0 sched=single-bucket delta_t=0 policy=0
rank=198 loaded data/1536/stackoverflow_a2q_tw.sub198.txt (|V_local|=1591  t_range=[7054367,239609257])
rank=198 loaded routing data/1536/stackoverflow_a2q_tw.rt198.txt (1101 entries)
rank=209/1536 dataset=stackoverflow_a2q_tw walkers=5208 (1088472..1093679) steps=30 mode=0 sched=single-bucket delta_t=0 policy=0
rank=209 loaded data/1536/stackoverflow_a2q_tw.sub209.txt (|V_local|=1597  t_range=[4208532,239584987])
rank=209 loaded routing data/1536/stackoverflow_a2q_tw.rt209.txt (1133 entries)
rank=209 added 1 boundary-only nodes from routing
rank=222/1536 dataset=stackoverflow_a2q_tw walkers=5208 (1156176..1161383) steps=30 mode=0 sched=single-bucket delta_t=0 policy=0
rank=222 loaded data/1536/stackoverflow_a2q_tw.sub222.txt (|V_local|=1583  t_range=[21908007,239693009])
rank=222 loaded routing data/1536/stackoverflow_a2q_tw.rt222.txt (1085 entries)
rank=222 added 1 boundary-only nodes from routing
rank=194/1536 dataset=stackoverflow_a2q_tw walkers=5208 (1010352..1015559) steps=30 mode=0 sched=single-bucket delta_t=0 policy=0
rank=194 loaded data/1536/stackoverflow_a2q_tw.sub194.txt (|V_local|=1590  t_range=[11535236,239693569])
rank=194 loaded routing data/1536/stackoverflow_a2q_tw.rt194.txt (1042 entries)
rank=194 added 1 boundary-only nodes from routing
rank=225/1536 dataset=stackoverflow_a2q_tw walkers=5208 (1171800..1177007) steps=30 mode=0 sched=single-bucket delta_t=0 policy=0
rank=225 loaded data/1536/stackoverflow_a2q_tw.sub225.txt (|V_local|=1587  t_range=[27556812,239663636])
rank=225 loaded routing data/1536/stackoverflow_a2q_tw.rt225.txt (1117 entries)
rank=225 added 1 boundary-only nodes from routing
rank=229/1536 dataset=stackoverflow_a2q_tw walkers=5208 (1192632..1197839) steps=30 mode=0 sched=single-bucket delta_t=0 policy=0
rank=229 loaded data/1536/stackoverflow_a2q_tw.sub229.txt (|V_local|=1584  t_range=[14580772,239658490])
rank=229 loaded routing data/1536/stackoverflow_a2q_tw.rt229.txt (1036 entries)
rank=229 added 1 boundary-only nodes from routing
rank=233/1536 dataset=stackoverflow_a2q_tw walkers=5208 (1213464..1218671) steps=30 mode=0 sched=single-bucket delta_t=0 policy=0
rank=233 loaded data/1536/stackoverflow_a2q_tw.sub233.txt (|V_local|=1586  t_range=[40355926,239682052])
rank=233 loaded routing data/1536/stackoverflow_a2q_tw.rt233.txt (992 entries)
rank=216/1536 dataset=stackoverflow_a2q_tw walkers=5208 (1124928..1130135) steps=30 mode=0 sched=single-bucket delta_t=0 policy=0
rank=216 loaded data/1536/stackoverflow_a2q_tw.sub216.txt (|V_local|=1602  t_range=[72094526,239465060])
rank=216 loaded routing data/1536/stackoverflow_a2q_tw.rt216.txt (1062 entries)
rank=219/1536 dataset=stackoverflow_a2q_tw walkers=5208 (1140552..1145759) steps=30 mode=0 sched=single-bucket delta_t=0 policy=0
rank=219 loaded data/1536/stackoverflow_a2q_tw.sub219.txt (|V_local|=1587  t_range=[39801051,239581910])
rank=219 loaded routing data/1536/stackoverflow_a2q_tw.rt219.txt (1088 entries)
rank=219 added 1 boundary-only nodes from routing
rank=221/1536 dataset=stackoverflow_a2q_tw walkers=5208 (1150968..1156175) steps=30 mode=0 sched=single-bucket delta_t=0 policy=0
rank=221 loaded data/1536/stackoverflow_a2q_tw.sub221.txt (|V_local|=1651  t_range=[16737795,239582280])
rank=221 loaded routing data/1536/stackoverflow_a2q_tw.rt221.txt (915 entries)
rank=210/1536 dataset=stackoverflow_a2q_tw walkers=5208 (1093680..1098887) steps=30 mode=0 sched=single-bucket delta_t=0 policy=0
rank=210 loaded data/1536/stackoverflow_a2q_tw.sub210.txt (|V_local|=1619  t_range=[7581502,239694365])
rank=210 loaded routing data/1536/stackoverflow_a2q_tw.rt210.txt (959 entries)
rank=226/1536 dataset=stackoverflow_a2q_tw walkers=5208 (1177008..1182215) steps=30 mode=0 sched=single-bucket delta_t=0 policy=0
rank=226 loaded data/1536/stackoverflow_a2q_tw.sub226.txt (|V_local|=1586  t_range=[19679748,239655612])
rank=226 loaded routing data/1536/stackoverflow_a2q_tw.rt226.txt (1123 entries)
rank=226 added 2 boundary-only nodes from routing
rank=224/1536 dataset=stackoverflow_a2q_tw walkers=5208 (1166592..1171799) steps=30 mode=0 sched=single-bucket delta_t=0 policy=0
rank=224 loaded data/1536/stackoverflow_a2q_tw.sub224.txt (|V_local|=1593  t_range=[41818159,239580093])
rank=224 loaded routing data/1536/stackoverflow_a2q_tw.rt224.txt (1103 entries)
rank=211/1536 dataset=stackoverflow_a2q_tw walkers=5208 (1098888..1104095) steps=30 mode=0 sched=single-bucket delta_t=0 policy=0
rank=211 loaded data/1536/stackoverflow_a2q_tw.sub211.txt (|V_local|=1618  t_range=[11388347,239683692])
rank=211 loaded routing data/1536/stackoverflow_a2q_tw.rt211.txt (857 entries)
rank=217/1536 dataset=stackoverflow_a2q_tw walkers=5208 (1130136..1135343) steps=30 mode=0 sched=single-bucket delta_t=0 policy=0
rank=217 loaded data/1536/stackoverflow_a2q_tw.sub217.txt (|V_local|=1591  t_range=[9953463,239666780])
rank=217 loaded routing data/1536/stackoverflow_a2q_tw.rt217.txt (1092 entries)
rank=217 added 1 boundary-only nodes from routing
rank=213/1536 dataset=stackoverflow_a2q_tw walkers=5208 (1109304..1114511) steps=30 mode=0 sched=single-bucket delta_t=0 policy=0
rank=213 loaded data/1536/stackoverflow_a2q_tw.sub213.txt (|V_local|=1589  t_range=[17220294,239634158])
rank=213 loaded routing data/1536/stackoverflow_a2q_tw.rt213.txt (1103 entries)
rank=234/1536 dataset=stackoverflow_a2q_tw walkers=5208 (1218672..1223879) steps=30 mode=0 sched=single-bucket delta_t=0 policy=0
rank=234 loaded data/1536/stackoverflow_a2q_tw.sub234.txt (|V_local|=1594  t_range=[14599571,239686572])
rank=234 loaded routing data/1536/stackoverflow_a2q_tw.rt234.txt (1112 entries)
rank=234 added 1 boundary-only nodes from routing
rank=238/1536 dataset=stackoverflow_a2q_tw walkers=5208 (1239504..1244711) steps=30 mode=0 sched=single-bucket delta_t=0 policy=0
rank=238 loaded data/1536/stackoverflow_a2q_tw.sub238.txt (|V_local|=1594  t_range=[4301832,239657818])
rank=238 loaded routing data/1536/stackoverflow_a2q_tw.rt238.txt (1050 entries)
rank=238 added 2 boundary-only nodes from routing
rank=228/1536 dataset=stackoverflow_a2q_tw walkers=5208 (1187424..1192631) steps=30 mode=0 sched=single-bucket delta_t=0 policy=0
rank=228 loaded data/1536/stackoverflow_a2q_tw.sub228.txt (|V_local|=1594  t_range=[13070047,239447647])
rank=228 loaded routing data/1536/stackoverflow_a2q_tw.rt228.txt (992 entries)
rank=228 added 1 boundary-only nodes from routing
rank=239/1536 dataset=stackoverflow_a2q_tw walkers=5208 (1244712..1249919) steps=30 mode=0 sched=single-bucket delta_t=0 policy=0
rank=239 loaded data/1536/stackoverflow_a2q_tw.sub239.txt (|V_local|=1592  t_range=[24091116,239406894])
rank=239 loaded routing data/1536/stackoverflow_a2q_tw.rt239.txt (1048 entries)
rank=814/1536 dataset=stackoverflow_a2q_tw walkers=5208 (4239312..4244519) steps=30 mode=0 sched=single-bucket delta_t=0 policy=0
rank=814 loaded data/1536/stackoverflow_a2q_tw.sub814.txt (|V_local|=1651  t_range=[3882345,239619592])
rank=814 loaded routing data/1536/stackoverflow_a2q_tw.rt814.txt (716 entries)
rank=814 added 1 boundary-only nodes from routing
rank=782/1536 dataset=stackoverflow_a2q_tw walkers=5208 (4072656..4077863) steps=30 mode=0 sched=single-bucket delta_t=0 policy=0
rank=782 loaded data/1536/stackoverflow_a2q_tw.sub782.txt (|V_local|=1652  t_range=[1027989,239664433])
rank=782 loaded routing data/1536/stackoverflow_a2q_tw.rt782.txt (879 entries)
rank=806/1536 dataset=stackoverflow_a2q_tw walkers=5208 (4197648..4202855) steps=30 mode=0 sched=single-bucket delta_t=0 policy=0
rank=806 loaded data/1536/stackoverflow_a2q_tw.sub806.txt (|V_local|=1591  t_range=[3335984,239694962])
rank=806 loaded routing data/1536/stackoverflow_a2q_tw.rt806.txt (1036 entries)
rank=801/1536 dataset=stackoverflow_a2q_tw walkers=5208 (4171608..4176815) steps=30 mode=0 sched=single-bucket delta_t=0 policy=0
rank=801 loaded data/1536/stackoverflow_a2q_tw.sub801.txt (|V_local|=1588  t_range=[19759808,239660424])
rank=801 loaded routing data/1536/stackoverflow_a2q_tw.rt801.txt (1067 entries)
rank=801 added 1 boundary-only nodes from routing
rank=798/1536 dataset=stackoverflow_a2q_tw walkers=5208 (4155984..4161191) steps=30 mode=0 sched=single-bucket delta_t=0 policy=0
rank=798 loaded data/1536/stackoverflow_a2q_tw.sub798.txt (|V_local|=1593  t_range=[7115323,239557823])
rank=798 loaded routing data/1536/stackoverflow_a2q_tw.rt798.txt (1017 entries)
rank=777/1536 dataset=stackoverflow_a2q_tw walkers=5208 (4046616..4051823) steps=30 mode=0 sched=single-bucket delta_t=0 policy=0
rank=777 loaded data/1536/stackoverflow_a2q_tw.sub777.txt (|V_local|=1592  t_range=[2573922,239659745])
rank=777 loaded routing data/1536/stackoverflow_a2q_tw.rt777.txt (1088 entries)
rank=777 added 1 boundary-only nodes from routing
rank=808/1536 dataset=stackoverflow_a2q_tw walkers=5208 (4208064..4213271) steps=30 mode=0 sched=single-bucket delta_t=0 policy=0
rank=808 loaded data/1536/stackoverflow_a2q_tw.sub808.txt (|V_local|=1618  t_range=[2150863,239580718])
rank=808 loaded routing data/1536/stackoverflow_a2q_tw.rt808.txt (1044 entries)
rank=808 added 1 boundary-only nodes from routing
rank=788/1536 dataset=stackoverflow_a2q_tw walkers=5208 (4103904..4109111) steps=30 mode=0 sched=single-bucket delta_t=0 policy=0
rank=788 loaded data/1536/stackoverflow_a2q_tw.sub788.txt (|V_local|=1605  t_range=[580198,239649351])
rank=788 loaded routing data/1536/stackoverflow_a2q_tw.rt788.txt (937 entries)
rank=788 added 7 boundary-only nodes from routing
rank=800/1536 dataset=stackoverflow_a2q_tw walkers=5208 (4166400..4171607) steps=30 mode=0 sched=single-bucket delta_t=0 policy=0
rank=800 loaded data/1536/stackoverflow_a2q_tw.sub800.txt (|V_local|=1593  t_range=[19093199,239616936])
rank=800 loaded routing data/1536/stackoverflow_a2q_tw.rt800.txt (1015 entries)
rank=803/1536 dataset=stackoverflow_a2q_tw walkers=5208 (4182024..4187231) steps=30 mode=0 sched=single-bucket delta_t=0 policy=0
rank=803 loaded data/1536/stackoverflow_a2q_tw.sub803.txt (|V_local|=1590  t_range=[13564361,239676163])
rank=803 loaded routing data/1536/stackoverflow_a2q_tw.rt803.txt (1053 entries)
rank=803 added 1 boundary-only nodes from routing
rank=794/1536 dataset=stackoverflow_a2q_tw walkers=5208 (4135152..4140359) steps=30 mode=0 sched=single-bucket delta_t=0 policy=0
rank=794 loaded data/1536/stackoverflow_a2q_tw.sub794.txt (|V_local|=1595  t_range=[4547193,239642178])
rank=794 loaded routing data/1536/stackoverflow_a2q_tw.rt794.txt (951 entries)
rank=794 added 1 boundary-only nodes from routing
rank=799/1536 dataset=stackoverflow_a2q_tw walkers=5208 (4161192..4166399) steps=30 mode=0 sched=single-bucket delta_t=0 policy=0
rank=799 loaded data/1536/stackoverflow_a2q_tw.sub799.txt (|V_local|=1589  t_range=[4123839,239561192])
rank=799 loaded routing data/1536/stackoverflow_a2q_tw.rt799.txt (1070 entries)
rank=799 added 1 boundary-only nodes from routing
rank=812/1536 dataset=stackoverflow_a2q_tw walkers=5208 (4228896..4234103) steps=30 mode=0 sched=single-bucket delta_t=0 policy=0
rank=812 loaded data/1536/stackoverflow_a2q_tw.sub812.txt (|V_local|=1650  t_range=[6548565,239684364])
rank=812 loaded routing data/1536/stackoverflow_a2q_tw.rt812.txt (884 entries)
rank=812 added 1 boundary-only nodes from routing
rank=797/1536 dataset=stackoverflow_a2q_tw walkers=5208 (4150776..4155983) steps=30 mode=0 sched=single-bucket delta_t=0 policy=0
rank=797 loaded data/1536/stackoverflow_a2q_tw.sub797.txt (|V_local|=1586  t_range=[21768168,239677078])
rank=797 loaded routing data/1536/stackoverflow_a2q_tw.rt797.txt (1066 entries)
rank=797 added 4 boundary-only nodes from routing
rank=778/1536 dataset=stackoverflow_a2q_tw walkers=5208 (4051824..4057031) steps=30 mode=0 sched=single-bucket delta_t=0 policy=0
rank=778 loaded data/1536/stackoverflow_a2q_tw.sub778.txt (|V_local|=1581  t_range=[426786,239368398])
rank=778 loaded routing data/1536/stackoverflow_a2q_tw.rt778.txt (1138 entries)
rank=778 added 9 boundary-only nodes from routing
rank=810/1536 dataset=stackoverflow_a2q_tw walkers=5208 (4218480..4223687) steps=30 mode=0 sched=single-bucket delta_t=0 policy=0
rank=810 loaded data/1536/stackoverflow_a2q_tw.sub810.txt (|V_local|=1587  t_range=[8087177,239673077])
rank=810 loaded routing data/1536/stackoverflow_a2q_tw.rt810.txt (1017 entries)
rank=810 added 3 boundary-only nodes from routing
rank=813/1536 dataset=stackoverflow_a2q_tw walkers=5208 (4234104..4239311) steps=30 mode=0 sched=single-bucket delta_t=0 policy=0
rank=813 loaded data/1536/stackoverflow_a2q_tw.sub813.txt (|V_local|=1587  t_range=[303787,239630183])
rank=813 loaded routing data/1536/stackoverflow_a2q_tw.rt813.txt (1007 entries)
rank=813 added 1 boundary-only nodes from routing
rank=802/1536 dataset=stackoverflow_a2q_tw walkers=5208 (4176816..4182023) steps=30 mode=0 sched=single-bucket delta_t=0 policy=0
rank=802 loaded data/1536/stackoverflow_a2q_tw.sub802.txt (|V_local|=1586  t_range=[10082252,239526514])
rank=802 loaded routing data/1536/stackoverflow_a2q_tw.rt802.txt (1060 entries)
rank=802 added 1 boundary-only nodes from routing
rank=768/1536 dataset=stackoverflow_a2q_tw walkers=5208 (3999744..4004951) steps=30 mode=0 sched=single-bucket delta_t=0 policy=0
rank=768 loaded data/1536/stackoverflow_a2q_tw.sub768.txt (|V_local|=1580  t_range=[4310745,239534967])
rank=768 loaded routing data/1536/stackoverflow_a2q_tw.rt768.txt (1028 entries)
rank=768 added 9 boundary-only nodes from routing
rank=811/1536 dataset=stackoverflow_a2q_tw walkers=5208 (4223688..4228895) steps=30 mode=0 sched=single-bucket delta_t=0 policy=0
rank=811 loaded data/1536/stackoverflow_a2q_tw.sub811.txt (|V_local|=1650  t_range=[3558199,239692130])
rank=811 loaded routing data/1536/stackoverflow_a2q_tw.rt811.txt (989 entries)
rank=811 added 2 boundary-only nodes from routing
rank=807/1536 dataset=stackoverflow_a2q_tw walkers=5208 (4202856..4208063) steps=30 mode=0 sched=single-bucket delta_t=0 policy=0
rank=807 loaded data/1536/stackoverflow_a2q_tw.sub807.txt (|V_local|=1585  t_range=[952981,239692814])
rank=807 loaded routing data/1536/stackoverflow_a2q_tw.rt807.txt (1087 entries)
rank=807 added 5 boundary-only nodes from routing
rank=815/1536 dataset=stackoverflow_a2q_tw walkers=5208 (4244520..4249727) steps=30 mode=0 sched=single-bucket delta_t=0 policy=0
rank=815 loaded data/1536/stackoverflow_a2q_tw.sub815.txt (|V_local|=1588  t_range=[6714884,239663905])
rank=815 loaded routing data/1536/stackoverflow_a2q_tw.rt815.txt (1058 entries)
rank=815 added 2 boundary-only nodes from routing
rank=780/1536 dataset=stackoverflow_a2q_tw walkers=5208 (4062240..4067447) steps=30 mode=0 sched=single-bucket delta_t=0 policy=0
rank=780 loaded data/1536/stackoverflow_a2q_tw.sub780.txt (|V_local|=1586  t_range=[4097650,239636960])
rank=780 loaded routing data/1536/stackoverflow_a2q_tw.rt780.txt (1017 entries)
rank=780 added 5 boundary-only nodes from routing
rank=1025 loaded routing data/1536/stackoverflow_a2q_tw.rt1025.txt (952 entries)
rank=1025 added 4 boundary-only nodes from routing
rank=1022/1536 dataset=stackoverflow_a2q_tw walkers=5208 (5322576..5327783) steps=30 mode=0 sched=single-bucket delta_t=0 policy=0
rank=1022 loaded data/1536/stackoverflow_a2q_tw.sub1022.txt (|V_local|=1650  t_range=[4120677,239480334])
rank=1022 loaded routing data/1536/stackoverflow_a2q_tw.rt1022.txt (600 entries)
rank=1022 added 2 boundary-only nodes from routing
rank=1023/1536 dataset=stackoverflow_a2q_tw walkers=5208 (5327784..5332991) steps=30 mode=0 sched=single-bucket delta_t=0 policy=0
rank=1023 loaded data/1536/stackoverflow_a2q_tw.sub1023.txt (|V_local|=1650  t_range=[9457306,239627927])
rank=1023 loaded routing data/1536/stackoverflow_a2q_tw.rt1023.txt (865 entries)
rank=1023 added 1 boundary-only nodes from routing
rank=1026/1536 dataset=stackoverflow_a2q_tw walkers=5208 (5343408..5348615) steps=30 mode=0 sched=single-bucket delta_t=0 policy=0
rank=1026 loaded data/1536/stackoverflow_a2q_tw.sub1026.txt (|V_local|=1594  t_range=[40271982,239671535])
rank=1026 loaded routing data/1536/stackoverflow_a2q_tw.rt1026.txt (993 entries)
rank=1030/1536 dataset=stackoverflow_a2q_tw walkers=5208 (5364240..5369447) steps=30 mode=0 sched=single-bucket delta_t=0 policy=0
rank=1030 loaded data/1536/stackoverflow_a2q_tw.sub1030.txt (|V_local|=1649  t_range=[34197263,239615999])
rank=1030 loaded routing data/1536/stackoverflow_a2q_tw.rt1030.txt (715 entries)
rank=1030 added 3 boundary-only nodes from routing
rank=1019/1536 dataset=stackoverflow_a2q_tw walkers=5208 (5306952..5312159) steps=30 mode=0 sched=single-bucket delta_t=0 policy=0
rank=1019 loaded data/1536/stackoverflow_a2q_tw.sub1019.txt (|V_local|=1594  t_range=[5251326,239695214])
rank=1019 loaded routing data/1536/stackoverflow_a2q_tw.rt1019.txt (986 entries)
rank=1019 added 1 boundary-only nodes from routing
rank=1045/1536 dataset=stackoverflow_a2q_tw walkers=5208 (5442360..5447567) steps=30 mode=0 sched=single-bucket delta_t=0 policy=0
rank=1045 loaded data/1536/stackoverflow_a2q_tw.sub1045.txt (|V_local|=1649  t_range=[32375313,239628419])
rank=1045 loaded routing data/1536/stackoverflow_a2q_tw.rt1045.txt (982 entries)
rank=1036/1536 dataset=stackoverflow_a2q_tw walkers=5208 (5395488..5400695) steps=30 mode=0 sched=single-bucket delta_t=0 policy=0
rank=1036 loaded data/1536/stackoverflow_a2q_tw.sub1036.txt (|V_local|=1652  t_range=[4024705,239689391])
rank=1036 loaded routing data/1536/stackoverflow_a2q_tw.rt1036.txt (798 entries)
rank=1052/1536 dataset=stackoverflow_a2q_tw walkers=5208 (5478816..5484023) steps=30 mode=0 sched=single-bucket delta_t=0 policy=0
rank=1052 loaded data/1536/stackoverflow_a2q_tw.sub1052.txt (|V_local|=1645  t_range=[14502309,239601726])
rank=1052 loaded routing data/1536/stackoverflow_a2q_tw.rt1052.txt (835 entries)
rank=1052 added 4 boundary-only nodes from routing
rank=1033/1536 dataset=stackoverflow_a2q_tw walkers=5208 (5379864..5385071) steps=30 mode=0 sched=single-bucket delta_t=0 policy=0
rank=1033 loaded data/1536/stackoverflow_a2q_tw.sub1033.txt (|V_local|=1585  t_range=[5239490,239673545])
rank=1033 loaded routing data/1536/stackoverflow_a2q_tw.rt1033.txt (1056 entries)
rank=1033 added 4 boundary-only nodes from routing
rank=1041/1536 dataset=stackoverflow_a2q_tw walkers=5208 (5421528..5426735) steps=30 mode=0 sched=single-bucket delta_t=0 policy=0
rank=1041 loaded data/1536/stackoverflow_a2q_tw.sub1041.txt (|V_local|=1588  t_range=[3003984,239631536])
rank=1041 loaded routing data/1536/stackoverflow_a2q_tw.rt1041.txt (1066 entries)
rank=1041 added 1 boundary-only nodes from routing
rank=1051/1536 dataset=stackoverflow_a2q_tw walkers=5208 (5473608..5478815) steps=30 mode=0 sched=single-bucket delta_t=0 policy=0
rank=1051 loaded data/1536/stackoverflow_a2q_tw.sub1051.txt (|V_local|=1594  t_range=[3876828,239678124])
rank=1051 loaded routing data/1536/stackoverflow_a2q_tw.rt1051.txt (1084 entries)
rank=1051 added 1 boundary-only nodes from routing
rank=1044/1536 dataset=stackoverflow_a2q_tw walkers=5208 (5437152..5442359) steps=30 mode=0 sched=single-bucket delta_t=0 policy=0
rank=1044 loaded data/1536/stackoverflow_a2q_tw.sub1044.txt (|V_local|=1592  t_range=[22170729,239663058])
rank=1044 loaded routing data/1536/stackoverflow_a2q_tw.rt1044.txt (1097 entries)
rank=1049/1536 dataset=stackoverflow_a2q_tw walkers=5208 (5463192..5468399) steps=30 mode=0 sched=single-bucket delta_t=0 policy=0
rank=1049 loaded data/1536/stackoverflow_a2q_tw.sub1049.txt (|V_local|=1651  t_range=[21128396,239647857])
rank=1049 loaded routing data/1536/stackoverflow_a2q_tw.rt1049.txt (990 entries)
rank=1035/1536 dataset=stackoverflow_a2q_tw walkers=5208 (5390280..5395487) steps=30 mode=0 sched=single-bucket delta_t=0 policy=0
rank=1035 loaded data/1536/stackoverflow_a2q_tw.sub1035.txt (|V_local|=1650  t_range=[10665949,239669116])
rank=1035 loaded routing data/1536/stackoverflow_a2q_tw.rt1035.txt (861 entries)
rank=1035 added 1 boundary-only nodes from routing
rank=1031/1536 dataset=stackoverflow_a2q_tw walkers=5208 (5369448..5374655) steps=30 mode=0 sched=single-bucket delta_t=0 policy=0
rank=1031 loaded data/1536/stackoverflow_a2q_tw.sub1031.txt (|V_local|=1649  t_range=[31348311,239672889])
rank=1031 loaded routing data/1536/stackoverflow_a2q_tw.rt1031.txt (887 entries)
rank=1031 added 1 boundary-only nodes from routing
rank=1047/1536 dataset=stackoverflow_a2q_tw walkers=5208 (5452776..5457983) steps=30 mode=0 sched=single-bucket delta_t=0 policy=0
rank=1047 loaded data/1536/stackoverflow_a2q_tw.sub1047.txt (|V_local|=1625  t_range=[6453875,239545086])
rank=1047 loaded routing data/1536/stackoverflow_a2q_tw.rt1047.txt (1057 entries)
rank=1016/1536 dataset=stackoverflow_a2q_tw walkers=5208 (5291328..5296535) steps=30 mode=0 sched=single-bucket delta_t=0 policy=0
rank=1016 loaded data/1536/stackoverflow_a2q_tw.sub1016.txt (|V_local|=1650  t_range=[40275113,239674880])
rank=1016 loaded routing data/1536/stackoverflow_a2q_tw.rt1016.txt (910 entries)
rank=1016 added 1 boundary-only nodes from routing
rank=1048/1536 dataset=stackoverflow_a2q_tw walkers=5208 (5457984..5463191) steps=30 mode=0 sched=single-bucket delta_t=0 policy=0
rank=1048 loaded data/1536/stackoverflow_a2q_tw.sub1048.txt (|V_local|=1648  t_range=[37203275,239638881])
rank=1048 loaded routing data/1536/stackoverflow_a2q_tw.rt1048.txt (1070 entries)
rank=1048 added 2 boundary-only nodes from routing
rank=1038/1536 dataset=stackoverflow_a2q_tw walkers=5208 (5405904..5411111) steps=30 mode=0 sched=single-bucket delta_t=0 policy=0
rank=1038 loaded data/1536/stackoverflow_a2q_tw.sub1038.txt (|V_local|=1585  t_range=[10792559,239667661])
rank=1038 loaded routing data/1536/stackoverflow_a2q_tw.rt1038.txt (1053 entries)
rank=1038 added 3 boundary-only nodes from routing
rank=1032/1536 dataset=stackoverflow_a2q_tw walkers=5208 (5374656..5379863) steps=30 mode=0 sched=single-bucket delta_t=0 policy=0
rank=1032 loaded data/1536/stackoverflow_a2q_tw.sub1032.txt (|V_local|=1588  t_range=[3965388,239607860])
rank=1032 loaded routing data/1536/stackoverflow_a2q_tw.rt1032.txt (981 entries)
rank=1032 added 1 boundary-only nodes from routing
rank=1008/1536 dataset=stackoverflow_a2q_tw walkers=5208 (5249664..5254871) steps=30 mode=0 sched=single-bucket delta_t=0 policy=0
rank=1008 loaded data/1536/stackoverflow_a2q_tw.sub1008.txt (|V_local|=1651  t_range=[4461127,239689492])
rank=1008 loaded routing data/1536/stackoverflow_a2q_tw.rt1008.txt (902 entries)
rank=1008 added 1 boundary-only nodes from routing
rank=1042/1536 dataset=stackoverflow_a2q_tw walkers=5208 (5426736..5431943) steps=30 mode=0 sched=single-bucket delta_t=0 policy=0
rank=1042 loaded data/1536/stackoverflow_a2q_tw.sub1042.txt (|V_local|=1649  t_range=[40329547,239639019])
rank=1042 loaded routing data/1536/stackoverflow_a2q_tw.rt1042.txt (908 entries)
rank=1042 added 3 boundary-only nodes from routing
rank=1046/1536 dataset=stackoverflow_a2q_tw walkers=5208 (5447568..5452775) steps=30 mode=0 sched=single-bucket delta_t=0 policy=0
rank=1402/1536 dataset=stackoverflow_a2q_tw walkers=5208 (7301616..7306823) steps=30 mode=0 sched=single-bucket delta_t=0 policy=0
rank=1402 loaded data/1536/stackoverflow_a2q_tw.sub1402.txt (|V_local|=1592  t_range=[10339473,239684750])
rank=1402 loaded routing data/1536/stackoverflow_a2q_tw.rt1402.txt (1091 entries)
rank=1402 added 1 boundary-only nodes from routing
rank=1434/1536 dataset=stackoverflow_a2q_tw walkers=5208 (7468272..7473479) steps=30 mode=0 sched=single-bucket delta_t=0 policy=0
rank=1434 loaded data/1536/stackoverflow_a2q_tw.sub1434.txt (|V_local|=1588  t_range=[4543406,239659185])
rank=1434 loaded routing data/1536/stackoverflow_a2q_tw.rt1434.txt (1033 entries)
rank=1394/1536 dataset=stackoverflow_a2q_tw walkers=5208 (7259952..7265159) steps=30 mode=0 sched=single-bucket delta_t=0 policy=0
rank=1394 loaded data/1536/stackoverflow_a2q_tw.sub1394.txt (|V_local|=1591  t_range=[12516506,239674041])
rank=1394 loaded routing data/1536/stackoverflow_a2q_tw.rt1394.txt (1108 entries)
rank=1398/1536 dataset=stackoverflow_a2q_tw walkers=5208 (7280784..7285991) steps=30 mode=0 sched=single-bucket delta_t=0 policy=0
rank=1398 loaded data/1536/stackoverflow_a2q_tw.sub1398.txt (|V_local|=1592  t_range=[30511637,239577147])
rank=1398 loaded routing data/1536/stackoverflow_a2q_tw.rt1398.txt (1103 entries)
rank=1432/1536 dataset=stackoverflow_a2q_tw walkers=5208 (7457856..7463063) steps=30 mode=0 sched=single-bucket delta_t=0 policy=0
rank=1432 loaded data/1536/stackoverflow_a2q_tw.sub1432.txt (|V_local|=1600  t_range=[32476828,239693587])
rank=1432 loaded routing data/1536/stackoverflow_a2q_tw.rt1432.txt (1023 entries)
rank=1408/1536 dataset=stackoverflow_a2q_tw walkers=5208 (7332864..7338071) steps=30 mode=0 sched=single-bucket delta_t=0 policy=0
rank=1408 loaded data/1536/stackoverflow_a2q_tw.sub1408.txt (|V_local|=1601  t_range=[1028628,239688226])
rank=1408 loaded routing data/1536/stackoverflow_a2q_tw.rt1408.txt (1071 entries)
rank=1408 added 2 boundary-only nodes from routing
rank=1416/1536 dataset=stackoverflow_a2q_tw walkers=5208 (7374528..7379735) steps=30 mode=0 sched=single-bucket delta_t=0 policy=0
rank=1416 loaded data/1536/stackoverflow_a2q_tw.sub1416.txt (|V_local|=1587  t_range=[10075550,239674374])
rank=1416 loaded routing data/1536/stackoverflow_a2q_tw.rt1416.txt (1111 entries)
rank=1416 added 2 boundary-only nodes from routing
rank=1431/1536 dataset=stackoverflow_a2q_tw walkers=5208 (7452648..7457855) steps=30 mode=0 sched=single-bucket delta_t=0 policy=0
rank=1431 loaded data/1536/stackoverflow_a2q_tw.sub1431.txt (|V_local|=1594  t_range=[11536640,239698686])
rank=1431 loaded routing data/1536/stackoverflow_a2q_tw.rt1431.txt (1073 entries)
rank=1431 added 1 boundary-only nodes from routing
rank=1425/1536 dataset=stackoverflow_a2q_tw walkers=5208 (7421400..7426607) steps=30 mode=0 sched=single-bucket delta_t=0 policy=0
rank=1425 loaded data/1536/stackoverflow_a2q_tw.sub1425.txt (|V_local|=1591  t_range=[5230622,239550323])
rank=1425 loaded routing data/1536/stackoverflow_a2q_tw.rt1425.txt (1070 entries)
rank=1404/1536 dataset=stackoverflow_a2q_tw walkers=5208 (7312032..7317239) steps=30 mode=0 sched=single-bucket delta_t=0 policy=0
rank=1404 loaded data/1536/stackoverflow_a2q_tw.sub1404.txt (|V_local|=1590  t_range=[16819182,239676763])
rank=1404 loaded routing data/1536/stackoverflow_a2q_tw.rt1404.txt (1094 entries)
rank=1417/1536 dataset=stackoverflow_a2q_tw walkers=5208 (7379736..7384943) steps=30 mode=0 sched=single-bucket delta_t=0 policy=0
rank=1417 loaded data/1536/stackoverflow_a2q_tw.sub1417.txt (|V_local|=1590  t_range=[23557466,239696499])
rank=1417 loaded routing data/1536/stackoverflow_a2q_tw.rt1417.txt (1073 entries)
rank=1414/1536 dataset=stackoverflow_a2q_tw walkers=5208 (7364112..7369319) steps=30 mode=0 sched=single-bucket delta_t=0 policy=0
rank=1414 loaded data/1536/stackoverflow_a2q_tw.sub1414.txt (|V_local|=1593  t_range=[18434800,239696517])
rank=1414 loaded routing data/1536/stackoverflow_a2q_tw.rt1414.txt (1121 entries)
rank=1422/1536 dataset=stackoverflow_a2q_tw walkers=5208 (7405776..7410983) steps=30 mode=0 sched=single-bucket delta_t=0 policy=0
rank=1422 loaded data/1536/stackoverflow_a2q_tw.sub1422.txt (|V_local|=1587  t_range=[2348409,239696010])
rank=1422 loaded routing data/1536/stackoverflow_a2q_tw.rt1422.txt (1049 entries)
rank=1410/1536 dataset=stackoverflow_a2q_tw walkers=5208 (7343280..7348487) steps=30 mode=0 sched=single-bucket delta_t=0 policy=0
rank=1410 loaded data/1536/stackoverflow_a2q_tw.sub1410.txt (|V_local|=1592  t_range=[4289980,239520927])
rank=1410 loaded routing data/1536/stackoverflow_a2q_tw.rt1410.txt (1135 entries)
rank=1410 added 1 boundary-only nodes from routing
rank=1421/1536 dataset=stackoverflow_a2q_tw walkers=5208 (7400568..7405775) steps=30 mode=0 sched=single-bucket delta_t=0 policy=0
rank=1421 loaded data/1536/stackoverflow_a2q_tw.sub1421.txt (|V_local|=1605  t_range=[39956832,239655750])
rank=1421 loaded routing data/1536/stackoverflow_a2q_tw.rt1421.txt (1074 entries)
rank=1421 added 1 boundary-only nodes from routing
rank=1435/1536 dataset=stackoverflow_a2q_tw walkers=5208 (7473480..7478687) steps=30 mode=0 sched=single-bucket delta_t=0 policy=0
rank=1435 loaded data/1536/stackoverflow_a2q_tw.sub1435.txt (|V_local|=1594  t_range=[29581310,239693943])
rank=1435 loaded routing data/1536/stackoverflow_a2q_tw.rt1435.txt (1130 entries)
rank=1420/1536 dataset=stackoverflow_a2q_tw walkers=5208 (7395360..7400567) steps=30 mode=0 sched=single-bucket delta_t=0 policy=0
rank=1420 loaded data/1536/stackoverflow_a2q_tw.sub1420.txt (|V_local|=1585  t_range=[23735321,239674115])
rank=1420 loaded routing data/1536/stackoverflow_a2q_tw.rt1420.txt (1079 entries)
rank=1436/1536 dataset=stackoverflow_a2q_tw walkers=5208 (7478688..7483895) steps=30 mode=0 sched=single-bucket delta_t=0 policy=0
rank=1436 loaded data/1536/stackoverflow_a2q_tw.sub1436.txt (|V_local|=1596  t_range=[22693289,239670013])
rank=1436 loaded routing data/1536/stackoverflow_a2q_tw.rt1436.txt (1088 entries)
rank=1407/1536 dataset=stackoverflow_a2q_tw walkers=5208 (7327656..7332863) steps=30 mode=0 sched=single-bucket delta_t=0 policy=0
rank=1407 loaded data/1536/stackoverflow_a2q_tw.sub1407.txt (|V_local|=1586  t_range=[21090550,239685821])
rank=1407 loaded routing data/1536/stackoverflow_a2q_tw.rt1407.txt (1079 entries)
rank=1423/1536 dataset=stackoverflow_a2q_tw walkers=5208 (7410984..7416191) steps=30 mode=0 sched=single-bucket delta_t=0 policy=0
rank=1423 loaded data/1536/stackoverflow_a2q_tw.sub1423.txt (|V_local|=1651  t_range=[7850242,239683831])
rank=1423 loaded routing data/1536/stackoverflow_a2q_tw.rt1423.txt (906 entries)
rank=1423 added 1 boundary-only nodes from routing
rank=1426/1536 dataset=stackoverflow_a2q_tw walkers=5208 (7426608..7431815) steps=30 mode=0 sched=single-bucket delta_t=0 policy=0
rank=1426 loaded data/1536/stackoverflow_a2q_tw.sub1426.txt (|V_local|=1626  t_range=[26951663,239695873])
rank=1426 loaded routing data/1536/stackoverflow_a2q_tw.rt1426.txt (1042 entries)
rank=1427/1536 dataset=stackoverflow_a2q_tw walkers=5208 (7431816..7437023) steps=30 mode=0 sched=single-bucket delta_t=0 policy=0
rank=1427 loaded data/1536/stackoverflow_a2q_tw.sub1427.txt (|V_local|=1620  t_range=[9514883,239662517])
rank=1427 loaded routing data/1536/stackoverflow_a2q_tw.rt1427.txt (1012 entries)
rank=1427 added 1 boundary-only nodes from routing
rank=1409/1536 dataset=stackoverflow_a2q_tw walkers=5208 (7338072..7343279) steps=30 mode=0 sched=single-bucket delta_t=0 policy=0
rank=1409 loaded data/1536/stackoverflow_a2q_tw.sub1409.txt (|V_local|=1614  t_range=[51576958,239561788])
rank=1409 loaded routing data/1536/stackoverflow_a2q_tw.rt1409.txt (1144 entries)
rank=1412/1536 dataset=stackoverflow_a2q_tw walkers=5208 (7353696..7358903) steps=30 mode=0 sched=single-bucket delta_t=0 policy=0
rank=1412 loaded data/1536/stackoverflow_a2q_tw.sub1412.txt (|V_local|=1651  t_range=[61055150,239615964])
rank=1412 loaded routing data/1536/stackoverflow_a2q_tw.rt1412.txt (1059 entries)
rank=967/1536 dataset=stackoverflow_a2q_tw walkers=5208 (5036136..5041343) steps=30 mode=0 sched=single-bucket delta_t=0 policy=0
rank=967 loaded data/1536/stackoverflow_a2q_tw.sub967.txt (|V_local|=1648  t_range=[3345083,239657759])
rank=967 loaded routing data/1536/stackoverflow_a2q_tw.rt967.txt (826 entries)
rank=967 added 2 boundary-only nodes from routing
rank=987/1536 dataset=stackoverflow_a2q_tw walkers=5208 (5140296..5145503) steps=30 mode=0 sched=single-bucket delta_t=0 policy=0
rank=987 loaded data/1536/stackoverflow_a2q_tw.sub987.txt (|V_local|=1590  t_range=[4067607,239690861])
rank=987 loaded routing data/1536/stackoverflow_a2q_tw.rt987.txt (1084 entries)
rank=987 added 3 boundary-only nodes from routing
rank=988/1536 dataset=stackoverflow_a2q_tw walkers=5208 (5145504..5150711) steps=30 mode=0 sched=single-bucket delta_t=0 policy=0
rank=988 loaded data/1536/stackoverflow_a2q_tw.sub988.txt (|V_local|=1584  t_range=[2140240,239649483])
rank=988 loaded routing data/1536/stackoverflow_a2q_tw.rt988.txt (1089 entries)
rank=988 added 5 boundary-only nodes from routing
rank=996/1536 dataset=stackoverflow_a2q_tw walkers=5208 (5187168..5192375) steps=30 mode=0 sched=single-bucket delta_t=0 policy=0
rank=996 loaded data/1536/stackoverflow_a2q_tw.sub996.txt (|V_local|=1595  t_range=[10035515,239653934])
rank=996 loaded routing data/1536/stackoverflow_a2q_tw.rt996.txt (927 entries)
rank=991/1536 dataset=stackoverflow_a2q_tw walkers=5208 (5161128..5166335) steps=30 mode=0 sched=single-bucket delta_t=0 policy=0
rank=991 loaded data/1536/stackoverflow_a2q_tw.sub991.txt (|V_local|=1594  t_range=[17963091,239690129])
rank=991 loaded routing data/1536/stackoverflow_a2q_tw.rt991.txt (910 entries)
rank=1003/1536 dataset=stackoverflow_a2q_tw walkers=5208 (5223624..5228831) steps=30 mode=0 sched=single-bucket delta_t=0 policy=0
rank=1003 loaded data/1536/stackoverflow_a2q_tw.sub1003.txt (|V_local|=1597  t_range=[19240826,239691827])
rank=1003 loaded routing data/1536/stackoverflow_a2q_tw.rt1003.txt (938 entries)
rank=985/1536 dataset=stackoverflow_a2q_tw walkers=5208 (5129880..5135087) steps=30 mode=0 sched=single-bucket delta_t=0 policy=0
rank=985 loaded data/1536/stackoverflow_a2q_tw.sub985.txt (|V_local|=1589  t_range=[2681863,239644217])
rank=985 loaded routing data/1536/stackoverflow_a2q_tw.rt985.txt (920 entries)
rank=985 added 2 boundary-only nodes from routing
rank=1005/1536 dataset=stackoverflow_a2q_tw walkers=5208 (5234040..5239247) steps=30 mode=0 sched=single-bucket delta_t=0 policy=0
rank=1005 loaded data/1536/stackoverflow_a2q_tw.sub1005.txt (|V_local|=1589  t_range=[22113973,239577503])
rank=1005 loaded routing data/1536/stackoverflow_a2q_tw.rt1005.txt (1046 entries)
rank=1005 added 1 boundary-only nodes from routing
rank=983/1536 dataset=stackoverflow_a2q_tw walkers=5208 (5119464..5124671) steps=30 mode=0 sched=single-bucket delta_t=0 policy=0
rank=983 loaded data/1536/stackoverflow_a2q_tw.sub983.txt (|V_local|=1590  t_range=[12005811,239674513])
rank=983 loaded routing data/1536/stackoverflow_a2q_tw.rt983.txt (1040 entries)
rank=983 added 2 boundary-only nodes from routing
rank=1006/1536 dataset=stackoverflow_a2q_tw walkers=5208 (5239248..5244455) steps=30 mode=0 sched=single-bucket delta_t=0 policy=0
rank=1006 loaded data/1536/stackoverflow_a2q_tw.sub1006.txt (|V_local|=1621  t_range=[6608611,239598446])
rank=1006 loaded routing data/1536/stackoverflow_a2q_tw.rt1006.txt (1077 entries)
rank=1006 added 1 boundary-only nodes from routing
rank=970/1536 dataset=stackoverflow_a2q_tw walkers=5208 (5051760..5056967) steps=30 mode=0 sched=single-bucket delta_t=0 policy=0
rank=970 loaded data/1536/stackoverflow_a2q_tw.sub970.txt (|V_local|=1587  t_range=[32595211,239676992])
rank=970 loaded routing data/1536/stackoverflow_a2q_tw.rt970.txt (981 entries)
rank=970 added 2 boundary-only nodes from routing
rank=995/1536 dataset=stackoverflow_a2q_tw walkers=5208 (5181960..5187167) steps=30 mode=0 sched=single-bucket delta_t=0 policy=0
rank=995 loaded data/1536/stackoverflow_a2q_tw.sub995.txt (|V_local|=1585  t_range=[4651426,239694688])
rank=995 loaded routing data/1536/stackoverflow_a2q_tw.rt995.txt (1053 entries)
rank=995 added 2 boundary-only nodes from routing
rank=982/1536 dataset=stackoverflow_a2q_tw walkers=5208 (5114256..5119463) steps=30 mode=0 sched=single-bucket delta_t=0 policy=0
rank=982 loaded data/1536/stackoverflow_a2q_tw.sub982.txt (|V_local|=1587  t_range=[38045197,239611304])
rank=982 loaded routing data/1536/stackoverflow_a2q_tw.rt982.txt (1033 entries)
rank=982 added 2 boundary-only nodes from routing
rank=984/1536 dataset=stackoverflow_a2q_tw walkers=5208 (5124672..5129879) steps=30 mode=0 sched=single-bucket delta_t=0 policy=0
rank=984 loaded data/1536/stackoverflow_a2q_tw.sub984.txt (|V_local|=1589  t_range=[4915174,239564996])
rank=984 loaded routing data/1536/stackoverflow_a2q_tw.rt984.txt (1019 entries)
rank=984 added 2 boundary-only nodes from routing
rank=980/1536 dataset=stackoverflow_a2q_tw walkers=5208 (5103840..5109047) steps=30 mode=0 sched=single-bucket delta_t=0 policy=0
rank=980 loaded data/1536/stackoverflow_a2q_tw.sub980.txt (|V_local|=1587  t_range=[5502975,239665476])
rank=980 loaded routing data/1536/stackoverflow_a2q_tw.rt980.txt (1025 entries)
rank=980 added 4 boundary-only nodes from routing
rank=1007/1536 dataset=stackoverflow_a2q_tw walkers=5208 (5244456..5249663) steps=30 mode=0 sched=single-bucket delta_t=0 policy=0
rank=1007 loaded data/1536/stackoverflow_a2q_tw.sub1007.txt (|V_local|=1595  t_range=[5610435,239579115])
rank=1007 loaded routing data/1536/stackoverflow_a2q_tw.rt1007.txt (1072 entries)
rank=994/1536 dataset=stackoverflow_a2q_tw walkers=5208 (5176752..5181959) steps=30 mode=0 sched=single-bucket delta_t=0 policy=0
rank=994 loaded data/1536/stackoverflow_a2q_tw.sub994.txt (|V_local|=1587  t_range=[33072719,239677983])
rank=994 loaded routing data/1536/stackoverflow_a2q_tw.rt994.txt (1088 entries)
rank=994 added 1 boundary-only nodes from routing
rank=981/1536 dataset=stackoverflow_a2q_tw walkers=5208 (5109048..5114255) steps=30 mode=0 sched=single-bucket delta_t=0 policy=0
rank=981 loaded data/1536/stackoverflow_a2q_tw.sub981.txt (|V_local|=1586  t_range=[2848296,239697494])
rank=981 loaded routing data/1536/stackoverflow_a2q_tw.rt981.txt (1061 entries)
rank=981 added 2 boundary-only nodes from routing
rank=1004/1536 dataset=stackoverflow_a2q_tw walkers=5208 (5228832..5234039) steps=30 mode=0 sched=single-bucket delta_t=0 policy=0
rank=1004 loaded data/1536/stackoverflow_a2q_tw.sub1004.txt (|V_local|=1616  t_range=[23767685,239698783])
rank=1004 loaded routing data/1536/stackoverflow_a2q_tw.rt1004.txt (959 entries)
rank=1004 added 1 boundary-only nodes from routing
rank=999/1536 dataset=stackoverflow_a2q_tw walkers=5208 (5202792..5207999) steps=30 mode=0 sched=single-bucket delta_t=0 policy=0
rank=999 loaded data/1536/stackoverflow_a2q_tw.sub999.txt (|V_local|=1588  t_range=[3323835,239693779])
rank=999 loaded routing data/1536/stackoverflow_a2q_tw.rt999.txt (999 entries)
rank=999 added 4 boundary-only nodes from routing
rank=997/1536 dataset=stackoverflow_a2q_tw walkers=5208 (5192376..5197583) steps=30 mode=0 sched=single-bucket delta_t=0 policy=0
rank=997 loaded data/1536/stackoverflow_a2q_tw.sub997.txt (|V_local|=1618  t_range=[8607843,239613171])
rank=997 loaded routing data/1536/stackoverflow_a2q_tw.rt997.txt (922 entries)
rank=997 added 1 boundary-only nodes from routing
rank=1002/1536 dataset=stackoverflow_a2q_tw walkers=5208 (5218416..5223623) steps=30 mode=0 sched=single-bucket delta_t=0 policy=0
rank=1002 loaded data/1536/stackoverflow_a2q_tw.sub1002.txt (|V_local|=1579  t_range=[9578194,239626883])
rank=1002 loaded routing data/1536/stackoverflow_a2q_tw.rt1002.txt (1033 entries)
rank=1002 added 5 boundary-only nodes from routing
rank=986/1536 dataset=stackoverflow_a2q_tw walkers=5208 (5135088..5140295) steps=30 mode=0 sched=single-bucket delta_t=0 policy=0
rank=986 loaded data/1536/stackoverflow_a2q_tw.sub986.txt (|V_local|=1588  t_range=[3973312,239633447])
rank=986 loaded routing data/1536/stackoverflow_a2q_tw.rt986.txt (936 entries)
rank=583/1536 dataset=stackoverflow_a2q_tw walkers=5208 (3036264..3041471) steps=30 mode=0 sched=single-bucket delta_t=0 policy=0
rank=583 loaded data/1536/stackoverflow_a2q_tw.sub583.txt (|V_local|=1601  t_range=[6117936,239681252])
rank=583 loaded routing data/1536/stackoverflow_a2q_tw.rt583.txt (989 entries)
rank=585/1536 dataset=stackoverflow_a2q_tw walkers=5208 (3046680..3051887) steps=30 mode=0 sched=single-bucket delta_t=0 policy=0
rank=585 loaded data/1536/stackoverflow_a2q_tw.sub585.txt (|V_local|=1626  t_range=[4028585,239648634])
rank=585 loaded routing data/1536/stackoverflow_a2q_tw.rt585.txt (932 entries)
rank=617/1536 dataset=stackoverflow_a2q_tw walkers=5208 (3213336..3218543) steps=30 mode=0 sched=single-bucket delta_t=0 policy=0
rank=617 loaded data/1536/stackoverflow_a2q_tw.sub617.txt (|V_local|=1595  t_range=[10919135,239657675])
rank=617 loaded routing data/1536/stackoverflow_a2q_tw.rt617.txt (1071 entries)
rank=609/1536 dataset=stackoverflow_a2q_tw walkers=5208 (3171672..3176879) steps=30 mode=0 sched=single-bucket delta_t=0 policy=0
rank=609 loaded data/1536/stackoverflow_a2q_tw.sub609.txt (|V_local|=1591  t_range=[4848751,239678261])
rank=609 loaded routing data/1536/stackoverflow_a2q_tw.rt609.txt (1101 entries)
rank=609 added 1 boundary-only nodes from routing
rank=592/1536 dataset=stackoverflow_a2q_tw walkers=5208 (3083136..3088343) steps=30 mode=0 sched=single-bucket delta_t=0 policy=0
rank=592 loaded data/1536/stackoverflow_a2q_tw.sub592.txt (|V_local|=1607  t_range=[6923107,239579501])
rank=592 loaded routing data/1536/stackoverflow_a2q_tw.rt592.txt (975 entries)
rank=604/1536 dataset=stackoverflow_a2q_tw walkers=5208 (3145632..3150839) steps=30 mode=0 sched=single-bucket delta_t=0 policy=0
rank=604 loaded data/1536/stackoverflow_a2q_tw.sub604.txt (|V_local|=1601  t_range=[7312161,239697823])
rank=604 loaded routing data/1536/stackoverflow_a2q_tw.rt604.txt (1038 entries)
rank=586/1536 dataset=stackoverflow_a2q_tw walkers=5208 (3051888..3057095) steps=30 mode=0 sched=single-bucket delta_t=0 policy=0
rank=586 loaded data/1536/stackoverflow_a2q_tw.sub586.txt (|V_local|=1593  t_range=[27785327,239691020])
rank=586 loaded routing data/1536/stackoverflow_a2q_tw.rt586.txt (1008 entries)
rank=602/1536 dataset=stackoverflow_a2q_tw walkers=5208 (3135216..3140423) steps=30 mode=0 sched=single-bucket delta_t=0 policy=0
rank=602 loaded data/1536/stackoverflow_a2q_tw.sub602.txt (|V_local|=1588  t_range=[3639712,239698639])
rank=602 loaded routing data/1536/stackoverflow_a2q_tw.rt602.txt (1080 entries)
rank=602 added 2 boundary-only nodes from routing
rank=582/1536 dataset=stackoverflow_a2q_tw walkers=5208 (3031056..3036263) steps=30 mode=0 sched=single-bucket delta_t=0 policy=0
rank=582 loaded data/1536/stackoverflow_a2q_tw.sub582.txt (|V_local|=1593  t_range=[4156364,239575414])
rank=582 loaded routing data/1536/stackoverflow_a2q_tw.rt582.txt (1100 entries)
rank=582 added 1 boundary-only nodes from routing
rank=594/1536 dataset=stackoverflow_a2q_tw walkers=5208 (3093552..3098759) steps=30 mode=0 sched=single-bucket delta_t=0 policy=0
rank=594 loaded data/1536/stackoverflow_a2q_tw.sub594.txt (|V_local|=1591  t_range=[26438095,239600257])
rank=594 loaded routing data/1536/stackoverflow_a2q_tw.rt594.txt (1067 entries)
rank=594 added 1 boundary-only nodes from routing
rank=614/1536 dataset=stackoverflow_a2q_tw walkers=5208 (3197712..3202919) steps=30 mode=0 sched=single-bucket delta_t=0 policy=0
rank=614 loaded data/1536/stackoverflow_a2q_tw.sub614.txt (|V_local|=1590  t_range=[1783955,239697546])
rank=614 loaded routing data/1536/stackoverflow_a2q_tw.rt614.txt (1022 entries)
rank=618/1536 dataset=stackoverflow_a2q_tw walkers=5208 (3218544..3223751) steps=30 mode=0 sched=single-bucket delta_t=0 policy=0
rank=618 loaded data/1536/stackoverflow_a2q_tw.sub618.txt (|V_local|=1595  t_range=[34273931,239693353])
rank=618 loaded routing data/1536/stackoverflow_a2q_tw.rt618.txt (1042 entries)
rank=618 added 1 boundary-only nodes from routing
rank=598/1536 dataset=stackoverflow_a2q_tw walkers=5208 (3114384..3119591) steps=30 mode=0 sched=single-bucket delta_t=0 policy=0
rank=598 loaded data/1536/stackoverflow_a2q_tw.sub598.txt (|V_local|=1588  t_range=[4746183,239567042])
rank=598 loaded routing data/1536/stackoverflow_a2q_tw.rt598.txt (1118 entries)
rank=598 added 1 boundary-only nodes from routing
rank=588/1536 dataset=stackoverflow_a2q_tw walkers=5208 (3062304..3067511) steps=30 mode=0 sched=single-bucket delta_t=0 policy=0
rank=588 loaded data/1536/stackoverflow_a2q_tw.sub588.txt (|V_local|=1585  t_range=[11206772,239656499])
rank=588 loaded routing data/1536/stackoverflow_a2q_tw.rt588.txt (1073 entries)
rank=620/1536 dataset=stackoverflow_a2q_tw walkers=5208 (3228960..3234167) steps=30 mode=0 sched=single-bucket delta_t=0 policy=0
rank=620 loaded data/1536/stackoverflow_a2q_tw.sub620.txt (|V_local|=1596  t_range=[7339942,239673389])
rank=620 loaded routing data/1536/stackoverflow_a2q_tw.rt620.txt (1099 entries)
rank=584/1536 dataset=stackoverflow_a2q_tw walkers=5208 (3041472..3046679) steps=30 mode=0 sched=single-bucket delta_t=0 policy=0
rank=584 loaded data/1536/stackoverflow_a2q_tw.sub584.txt (|V_local|=1644  t_range=[477915,239568974])
rank=584 loaded routing data/1536/stackoverflow_a2q_tw.rt584.txt (1011 entries)
rank=595/1536 dataset=stackoverflow_a2q_tw walkers=5208 (3098760..3103967) steps=30 mode=0 sched=single-bucket delta_t=0 policy=0
rank=595 loaded data/1536/stackoverflow_a2q_tw.sub595.txt (|V_local|=1597  t_range=[4789658,239576728])
rank=595 loaded routing data/1536/stackoverflow_a2q_tw.rt595.txt (996 entries)
rank=599/1536 dataset=stackoverflow_a2q_tw walkers=5208 (3119592..3124799) steps=30 mode=0 sched=single-bucket delta_t=0 policy=0
rank=599 loaded data/1536/stackoverflow_a2q_tw.sub599.txt (|V_local|=1651  t_range=[19668907,239654685])
rank=599 loaded routing data/1536/stackoverflow_a2q_tw.rt599.txt (739 entries)
rank=607/1536 dataset=stackoverflow_a2q_tw walkers=5208 (3161256..3166463) steps=30 mode=0 sched=single-bucket delta_t=0 policy=0
rank=607 loaded data/1536/stackoverflow_a2q_tw.sub607.txt (|V_local|=1652  t_range=[35140913,239690502])
rank=607 loaded routing data/1536/stackoverflow_a2q_tw.rt607.txt (926 entries)
rank=605/1536 dataset=stackoverflow_a2q_tw walkers=5208 (3150840..3156047) steps=30 mode=0 sched=single-bucket delta_t=0 policy=0
rank=605 loaded data/1536/stackoverflow_a2q_tw.sub605.txt (|V_local|=1596  t_range=[5464421,239691946])
rank=605 loaded routing data/1536/stackoverflow_a2q_tw.rt605.txt (1005 entries)
rank=619/1536 dataset=stackoverflow_a2q_tw walkers=5208 (3223752..3228959) steps=30 mode=0 sched=single-bucket delta_t=0 policy=0
rank=619 loaded data/1536/stackoverflow_a2q_tw.sub619.txt (|V_local|=1589  t_range=[8230826,239641735])
rank=619 loaded routing data/1536/stackoverflow_a2q_tw.rt619.txt (1043 entries)
rank=619 added 2 boundary-only nodes from routing
rank=616/1536 dataset=stackoverflow_a2q_tw walkers=5208 (3208128..3213335) steps=30 mode=0 sched=single-bucket delta_t=0 policy=0
rank=616 loaded data/1536/stackoverflow_a2q_tw.sub616.txt (|V_local|=1591  t_range=[38814405,239683736])
rank=616 loaded routing data/1536/stackoverflow_a2q_tw.rt616.txt (1040 entries)
rank=590/1536 dataset=stackoverflow_a2q_tw walkers=5208 (3072720..3077927) steps=30 mode=0 sched=single-bucket delta_t=0 policy=0
rank=590 loaded data/1536/stackoverflow_a2q_tw.sub590.txt (|V_local|=1651  t_range=[16636824,239570009])
rank=590 loaded routing data/1536/stackoverflow_a2q_tw.rt590.txt (908 entries)
rank=590 added 1 boundary-only nodes from routing
rank=603/1536 dataset=stackoverflow_a2q_tw walkers=5208 (3140424..3145631) steps=30 mode=0 sched=single-bucket delta_t=0 policy=0
rank=603 loaded data/1536/stackoverflow_a2q_tw.sub603.txt (|V_local|=1588  t_range=[4784491,239667733])
rank=603 loaded routing data/1536/stackoverflow_a2q_tw.rt603.txt (1074 entries)
rank=615/1536 dataset=stackoverflow_a2q_tw walkers=5208 (3202920..3208127) steps=30 mode=0 sched=single-bucket delta_t=0 policy=0
rank=615 loaded data/1536/stackoverflow_a2q_tw.sub615.txt (|V_local|=1587  t_range=[1712446,239691665])
rank=677/1536 dataset=stackoverflow_a2q_tw walkers=5208 (3525816..3531023) steps=30 mode=0 sched=single-bucket delta_t=0 policy=0
rank=677 loaded data/1536/stackoverflow_a2q_tw.sub677.txt (|V_local|=1652  t_range=[23737691,239593161])
rank=677 loaded routing data/1536/stackoverflow_a2q_tw.rt677.txt (677 entries)
rank=689/1536 dataset=stackoverflow_a2q_tw walkers=5208 (3588312..3593519) steps=30 mode=0 sched=single-bucket delta_t=0 policy=0
rank=689 loaded data/1536/stackoverflow_a2q_tw.sub689.txt (|V_local|=1651  t_range=[56712389,239672539])
rank=689 loaded routing data/1536/stackoverflow_a2q_tw.rt689.txt (819 entries)
rank=689 added 1 boundary-only nodes from routing
rank=681/1536 dataset=stackoverflow_a2q_tw walkers=5208 (3546648..3551855) steps=30 mode=0 sched=single-bucket delta_t=0 policy=0
rank=681 loaded data/1536/stackoverflow_a2q_tw.sub681.txt (|V_local|=1590  t_range=[5412848,239615764])
rank=681 loaded routing data/1536/stackoverflow_a2q_tw.rt681.txt (1067 entries)
rank=694/1536 dataset=stackoverflow_a2q_tw walkers=5208 (3614352..3619559) steps=30 mode=0 sched=single-bucket delta_t=0 policy=0
rank=694 loaded data/1536/stackoverflow_a2q_tw.sub694.txt (|V_local|=1652  t_range=[37107986,239626460])
rank=694 loaded routing data/1536/stackoverflow_a2q_tw.rt694.txt (648 entries)
rank=690/1536 dataset=stackoverflow_a2q_tw walkers=5208 (3593520..3598727) steps=30 mode=0 sched=single-bucket delta_t=0 policy=0
rank=690 loaded data/1536/stackoverflow_a2q_tw.sub690.txt (|V_local|=1592  t_range=[3599486,239645921])
rank=690 loaded routing data/1536/stackoverflow_a2q_tw.rt690.txt (914 entries)
rank=691/1536 dataset=stackoverflow_a2q_tw walkers=5208 (3598728..3603935) steps=30 mode=0 sched=single-bucket delta_t=0 policy=0
rank=691 loaded data/1536/stackoverflow_a2q_tw.sub691.txt (|V_local|=1651  t_range=[4543437,239655875])
rank=691 loaded routing data/1536/stackoverflow_a2q_tw.rt691.txt (731 entries)
rank=706/1536 dataset=stackoverflow_a2q_tw walkers=5208 (3676848..3682055) steps=30 mode=0 sched=single-bucket delta_t=0 policy=0
rank=706 loaded data/1536/stackoverflow_a2q_tw.sub706.txt (|V_local|=1602  t_range=[11947991,239581340])
rank=706 loaded routing data/1536/stackoverflow_a2q_tw.rt706.txt (921 entries)
rank=706 added 1 boundary-only nodes from routing
rank=707/1536 dataset=stackoverflow_a2q_tw walkers=5208 (3682056..3687263) steps=30 mode=0 sched=single-bucket delta_t=0 policy=0
rank=707 loaded data/1536/stackoverflow_a2q_tw.sub707.txt (|V_local|=1588  t_range=[19230985,239694534])
rank=707 loaded routing data/1536/stackoverflow_a2q_tw.rt707.txt (993 entries)
rank=707 added 1 boundary-only nodes from routing
rank=698/1536 dataset=stackoverflow_a2q_tw walkers=5208 (3635184..3640391) steps=30 mode=0 sched=single-bucket delta_t=0 policy=0
rank=698 loaded data/1536/stackoverflow_a2q_tw.sub698.txt (|V_local|=1652  t_range=[10273223,239680659])
rank=698 loaded routing data/1536/stackoverflow_a2q_tw.rt698.txt (552 entries)
rank=693/1536 dataset=stackoverflow_a2q_tw walkers=5208 (3609144..3614351) steps=30 mode=0 sched=single-bucket delta_t=0 policy=0
rank=693 loaded data/1536/stackoverflow_a2q_tw.sub693.txt (|V_local|=1594  t_range=[37976124,239684578])
rank=693 loaded routing data/1536/stackoverflow_a2q_tw.rt693.txt (781 entries)
rank=719/1536 dataset=stackoverflow_a2q_tw walkers=5208 (3744552..3749759) steps=30 mode=0 sched=single-bucket delta_t=0 policy=0
rank=719 loaded data/1536/stackoverflow_a2q_tw.sub719.txt (|V_local|=1586  t_range=[5467661,239545484])
rank=719 loaded routing data/1536/stackoverflow_a2q_tw.rt719.txt (1038 entries)
rank=719 added 2 boundary-only nodes from routing
rank=697/1536 dataset=stackoverflow_a2q_tw walkers=5208 (3629976..3635183) steps=30 mode=0 sched=single-bucket delta_t=0 policy=0
rank=697 loaded data/1536/stackoverflow_a2q_tw.sub697.txt (|V_local|=1647  t_range=[42870680,239682022])
rank=697 loaded routing data/1536/stackoverflow_a2q_tw.rt697.txt (748 entries)
rank=697 added 4 boundary-only nodes from routing
rank=684/1536 dataset=stackoverflow_a2q_tw walkers=5208 (3562272..3567479) steps=30 mode=0 sched=single-bucket delta_t=0 policy=0
rank=684 loaded data/1536/stackoverflow_a2q_tw.sub684.txt (|V_local|=1650  t_range=[63186535,239681460])
rank=684 loaded routing data/1536/stackoverflow_a2q_tw.rt684.txt (814 entries)
rank=684 added 1 boundary-only nodes from routing
rank=711/1536 dataset=stackoverflow_a2q_tw walkers=5208 (3702888..3708095) steps=30 mode=0 sched=single-bucket delta_t=0 policy=0
rank=711 loaded data/1536/stackoverflow_a2q_tw.sub711.txt (|V_local|=1591  t_range=[1607731,239566423])
rank=711 loaded routing data/1536/stackoverflow_a2q_tw.rt711.txt (1092 entries)
rank=711 added 1 boundary-only nodes from routing
rank=696/1536 dataset=stackoverflow_a2q_tw walkers=5208 (3624768..3629975) steps=30 mode=0 sched=single-bucket delta_t=0 policy=0
rank=696 loaded data/1536/stackoverflow_a2q_tw.sub696.txt (|V_local|=1586  t_range=[3515366,239659127])
rank=696 loaded routing data/1536/stackoverflow_a2q_tw.rt696.txt (976 entries)
rank=696 added 4 boundary-only nodes from routing
rank=700/1536 dataset=stackoverflow_a2q_tw walkers=5208 (3645600..3650807) steps=30 mode=0 sched=single-bucket delta_t=0 policy=0
rank=700 loaded data/1536/stackoverflow_a2q_tw.sub700.txt (|V_local|=1587  t_range=[2319438,239598649])
rank=700 loaded routing data/1536/stackoverflow_a2q_tw.rt700.txt (1123 entries)
rank=700 added 1 boundary-only nodes from routing
rank=717/1536 dataset=stackoverflow_a2q_tw walkers=5208 (3734136..3739343) steps=30 mode=0 sched=single-bucket delta_t=0 policy=0
rank=717 loaded data/1536/stackoverflow_a2q_tw.sub717.txt (|V_local|=1585  t_range=[30869054,239666960])
rank=717 loaded routing data/1536/stackoverflow_a2q_tw.rt717.txt (1024 entries)
rank=717 added 3 boundary-only nodes from routing
rank=709/1536 dataset=stackoverflow_a2q_tw walkers=5208 (3692472..3697679) steps=30 mode=0 sched=single-bucket delta_t=0 policy=0
rank=709 loaded data/1536/stackoverflow_a2q_tw.sub709.txt (|V_local|=1587  t_range=[5633559,239671803])
rank=709 loaded routing data/1536/stackoverflow_a2q_tw.rt709.txt (946 entries)
rank=702/1536 dataset=stackoverflow_a2q_tw walkers=5208 (3656016..3661223) steps=30 mode=0 sched=single-bucket delta_t=0 policy=0
rank=702 loaded data/1536/stackoverflow_a2q_tw.sub702.txt (|V_local|=1587  t_range=[31256765,239663481])
rank=702 loaded routing data/1536/stackoverflow_a2q_tw.rt702.txt (996 entries)
rank=702 added 3 boundary-only nodes from routing
rank=699/1536 dataset=stackoverflow_a2q_tw walkers=5208 (3640392..3645599) steps=30 mode=0 sched=single-bucket delta_t=0 policy=0
rank=699 loaded data/1536/stackoverflow_a2q_tw.sub699.txt (|V_local|=1589  t_range=[2467096,239562163])
rank=699 loaded routing data/1536/stackoverflow_a2q_tw.rt699.txt (1047 entries)
rank=699 added 2 boundary-only nodes from routing
rank=705/1536 dataset=stackoverflow_a2q_tw walkers=5208 (3671640..3676847) steps=30 mode=0 sched=single-bucket delta_t=0 policy=0
rank=705 loaded data/1536/stackoverflow_a2q_tw.sub705.txt (|V_local|=1591  t_range=[1464073,239594223])
rank=705 loaded routing data/1536/stackoverflow_a2q_tw.rt705.txt (1049 entries)
rank=705 added 2 boundary-only nodes from routing
rank=716/1536 dataset=stackoverflow_a2q_tw walkers=5208 (3728928..3734135) steps=30 mode=0 sched=single-bucket delta_t=0 policy=0
rank=716 loaded data/1536/stackoverflow_a2q_tw.sub716.txt (|V_local|=1652  t_range=[6946102,239678637])
rank=716 loaded routing data/1536/stackoverflow_a2q_tw.rt716.txt (842 entries)
rank=672/1536 dataset=stackoverflow_a2q_tw walkers=5208 (3499776..3504983) steps=30 mode=0 sched=single-bucket delta_t=0 policy=0
rank=672 loaded data/1536/stackoverflow_a2q_tw.sub672.txt (|V_local|=1586  t_range=[19019616,239631253])
rank=672 loaded routing data/1536/stackoverflow_a2q_tw.rt672.txt (1063 entries)
rank=672 added 1 boundary-only nodes from routing
rank=93/1536 dataset=stackoverflow_a2q_tw walkers=5208 (484344..489551) steps=30 mode=0 sched=single-bucket delta_t=0 policy=0
rank=93 loaded data/1536/stackoverflow_a2q_tw.sub93.txt (|V_local|=1591  t_range=[1880887,239659339])
rank=93 loaded routing data/1536/stackoverflow_a2q_tw.rt93.txt (1080 entries)
rank=89/1536 dataset=stackoverflow_a2q_tw walkers=5208 (463512..468719) steps=30 mode=0 sched=single-bucket delta_t=0 policy=0
rank=89 loaded data/1536/stackoverflow_a2q_tw.sub89.txt (|V_local|=1587  t_range=[3368402,239664796])
rank=89 loaded routing data/1536/stackoverflow_a2q_tw.rt89.txt (1054 entries)
rank=68/1536 dataset=stackoverflow_a2q_tw walkers=5208 (354144..359351) steps=30 mode=0 sched=single-bucket delta_t=0 policy=0
rank=68 loaded data/1536/stackoverflow_a2q_tw.sub68.txt (|V_local|=1587  t_range=[4198293,239644303])
rank=68 loaded routing data/1536/stackoverflow_a2q_tw.rt68.txt (1062 entries)
rank=68 added 4 boundary-only nodes from routing
rank=64/1536 dataset=stackoverflow_a2q_tw walkers=5208 (333312..338519) steps=30 mode=0 sched=single-bucket delta_t=0 policy=0
rank=64 loaded data/1536/stackoverflow_a2q_tw.sub64.txt (|V_local|=1648  t_range=[4808105,239507918])
rank=64 loaded routing data/1536/stackoverflow_a2q_tw.rt64.txt (970 entries)
rank=64 added 2 boundary-only nodes from routing
rank=58/1536 dataset=stackoverflow_a2q_tw walkers=5208 (302064..307271) steps=30 mode=0 sched=single-bucket delta_t=0 policy=0
rank=58 loaded data/1536/stackoverflow_a2q_tw.sub58.txt (|V_local|=1612  t_range=[718135,239650695])
rank=58 loaded routing data/1536/stackoverflow_a2q_tw.rt58.txt (990 entries)
rank=58 added 1 boundary-only nodes from routing
rank=90/1536 dataset=stackoverflow_a2q_tw walkers=5208 (468720..473927) steps=30 mode=0 sched=single-bucket delta_t=0 policy=0
rank=90 loaded data/1536/stackoverflow_a2q_tw.sub90.txt (|V_local|=1589  t_range=[7846676,239400187])
rank=90 loaded routing data/1536/stackoverflow_a2q_tw.rt90.txt (1103 entries)
rank=92/1536 dataset=stackoverflow_a2q_tw walkers=5208 (479136..484343) steps=30 mode=0 sched=single-bucket delta_t=0 policy=0
rank=92 loaded data/1536/stackoverflow_a2q_tw.sub92.txt (|V_local|=1600  t_range=[20737271,239673974])
rank=92 loaded routing data/1536/stackoverflow_a2q_tw.rt92.txt (1077 entries)
rank=92 added 1 boundary-only nodes from routing
rank=70/1536 dataset=stackoverflow_a2q_tw walkers=5208 (364560..369767) steps=30 mode=0 sched=single-bucket delta_t=0 policy=0
rank=70 loaded data/1536/stackoverflow_a2q_tw.sub70.txt (|V_local|=1590  t_range=[4260026,239594539])
rank=70 loaded routing data/1536/stackoverflow_a2q_tw.rt70.txt (1045 entries)
rank=70 added 2 boundary-only nodes from routing
rank=91/1536 dataset=stackoverflow_a2q_tw walkers=5208 (473928..479135) steps=30 mode=0 sched=single-bucket delta_t=0 policy=0
rank=91 loaded data/1536/stackoverflow_a2q_tw.sub91.txt (|V_local|=1587  t_range=[5856338,239667876])
rank=91 loaded routing data/1536/stackoverflow_a2q_tw.rt91.txt (1027 entries)
rank=91 added 1 boundary-only nodes from routing
rank=59/1536 dataset=stackoverflow_a2q_tw walkers=5208 (307272..312479) steps=30 mode=0 sched=single-bucket delta_t=0 policy=0
rank=59 loaded data/1536/stackoverflow_a2q_tw.sub59.txt (|V_local|=1591  t_range=[9556990,239362342])
rank=59 loaded routing data/1536/stackoverflow_a2q_tw.rt59.txt (1013 entries)
rank=59 added 9 boundary-only nodes from routing
rank=71/1536 dataset=stackoverflow_a2q_tw walkers=5208 (369768..374975) steps=30 mode=0 sched=single-bucket delta_t=0 policy=0
rank=71 loaded data/1536/stackoverflow_a2q_tw.sub71.txt (|V_local|=1586  t_range=[18643724,239687663])
rank=71 loaded routing data/1536/stackoverflow_a2q_tw.rt71.txt (1070 entries)
rank=71 added 1 boundary-only nodes from routing
rank=75/1536 dataset=stackoverflow_a2q_tw walkers=5208 (390600..395807) steps=30 mode=0 sched=single-bucket delta_t=0 policy=0
rank=75 loaded data/1536/stackoverflow_a2q_tw.sub75.txt (|V_local|=1582  t_range=[6369452,239676319])
rank=75 loaded routing data/1536/stackoverflow_a2q_tw.rt75.txt (1106 entries)
rank=75 added 4 boundary-only nodes from routing
rank=51/1536 dataset=stackoverflow_a2q_tw walkers=5208 (265608..270815) steps=30 mode=0 sched=single-bucket delta_t=0 policy=0
rank=51 loaded data/1536/stackoverflow_a2q_tw.sub51.txt (|V_local|=1583  t_range=[6606120,239594909])
rank=51 loaded routing data/1536/stackoverflow_a2q_tw.rt51.txt (1048 entries)
rank=51 added 4 boundary-only nodes from routing
rank=80/1536 dataset=stackoverflow_a2q_tw walkers=5208 (416640..421847) steps=30 mode=0 sched=single-bucket delta_t=0 policy=0
rank=80 loaded data/1536/stackoverflow_a2q_tw.sub80.txt (|V_local|=1651  t_range=[17495116,239686305])
rank=80 loaded routing data/1536/stackoverflow_a2q_tw.rt80.txt (1006 entries)
rank=82/1536 dataset=stackoverflow_a2q_tw walkers=5208 (427056..432263) steps=30 mode=0 sched=single-bucket delta_t=0 policy=0
rank=82 loaded data/1536/stackoverflow_a2q_tw.sub82.txt (|V_local|=1648  t_range=[4549377,239697697])
rank=82 loaded routing data/1536/stackoverflow_a2q_tw.rt82.txt (973 entries)
rank=72/1536 dataset=stackoverflow_a2q_tw walkers=5208 (374976..380183) steps=30 mode=0 sched=single-bucket delta_t=0 policy=0
rank=72 loaded data/1536/stackoverflow_a2q_tw.sub72.txt (|V_local|=1590  t_range=[7332683,239697801])
rank=72 loaded routing data/1536/stackoverflow_a2q_tw.rt72.txt (1012 entries)
rank=72 added 1 boundary-only nodes from routing
rank=62/1536 dataset=stackoverflow_a2q_tw walkers=5208 (322896..328103) steps=30 mode=0 sched=single-bucket delta_t=0 policy=0
rank=62 loaded data/1536/stackoverflow_a2q_tw.sub62.txt (|V_local|=1588  t_range=[3968485,239675763])
rank=62 loaded routing data/1536/stackoverflow_a2q_tw.rt62.txt (1082 entries)
rank=62 added 1 boundary-only nodes from routing
rank=63/1536 dataset=stackoverflow_a2q_tw walkers=5208 (328104..333311) steps=30 mode=0 sched=single-bucket delta_t=0 policy=0
rank=63 loaded data/1536/stackoverflow_a2q_tw.sub63.txt (|V_local|=1588  t_range=[4198237,239601288])
rank=63 loaded routing data/1536/stackoverflow_a2q_tw.rt63.txt (1102 entries)
rank=63 added 1 boundary-only nodes from routing
rank=61/1536 dataset=stackoverflow_a2q_tw walkers=5208 (317688..322895) steps=30 mode=0 sched=single-bucket delta_t=0 policy=0
rank=61 loaded data/1536/stackoverflow_a2q_tw.sub61.txt (|V_local|=1590  t_range=[4139574,239666891])
rank=61 loaded routing data/1536/stackoverflow_a2q_tw.rt61.txt (1048 entries)
rank=61 added 1 boundary-only nodes from routing
rank=84/1536 dataset=stackoverflow_a2q_tw walkers=5208 (437472..442679) steps=30 mode=0 sched=single-bucket delta_t=0 policy=0
rank=84 loaded data/1536/stackoverflow_a2q_tw.sub84.txt (|V_local|=1592  t_range=[15928817,239683069])
rank=84 loaded routing data/1536/stackoverflow_a2q_tw.rt84.txt (1081 entries)
rank=83/1536 dataset=stackoverflow_a2q_tw walkers=5208 (432264..437471) steps=30 mode=0 sched=single-bucket delta_t=0 policy=0
rank=83 loaded data/1536/stackoverflow_a2q_tw.sub83.txt (|V_local|=1650  t_range=[43442272,239555994])
rank=83 loaded routing data/1536/stackoverflow_a2q_tw.rt83.txt (1026 entries)
rank=95/1536 dataset=stackoverflow_a2q_tw walkers=5208 (494760..499967) steps=30 mode=0 sched=single-bucket delta_t=0 policy=0
rank=95 loaded data/1536/stackoverflow_a2q_tw.sub95.txt (|V_local|=1652  t_range=[3296715,239698110])
rank=95 loaded routing data/1536/stackoverflow_a2q_tw.rt95.txt (1016 entries)
rank=67/1536 dataset=stackoverflow_a2q_tw walkers=5208 (348936..354143) steps=30 mode=0 sched=single-bucket delta_t=0 policy=0
rank=67 loaded data/1536/stackoverflow_a2q_tw.sub67.txt (|V_local|=1650  t_range=[127983,239692601])
rank=67 loaded routing data/1536/stackoverflow_a2q_tw.rt67.txt (897 entries)
rank=78/1536 dataset=stackoverflow_a2q_tw walkers=5208 (406224..411431) steps=30 mode=0 sched=single-bucket delta_t=0 policy=0
rank=78 loaded data/1536/stackoverflow_a2q_tw.sub78.txt (|V_local|=1593  t_range=[3711865,239630452])
rank=78 loaded routing data/1536/stackoverflow_a2q_tw.rt78.txt (1131 entries)
rank=88/1536 dataset=stackoverflow_a2q_tw walkers=5208 (458304..463511) steps=30 mode=0 sched=single-bucket delta_t=0 policy=0
rank=891/1536 dataset=stackoverflow_a2q_tw walkers=5208 (4640328..4645535) steps=30 mode=0 sched=single-bucket delta_t=0 policy=0
rank=891 loaded data/1536/stackoverflow_a2q_tw.sub891.txt (|V_local|=1586  t_range=[4736605,239698712])
rank=891 loaded routing data/1536/stackoverflow_a2q_tw.rt891.txt (1059 entries)
rank=891 added 5 boundary-only nodes from routing
rank=879/1536 dataset=stackoverflow_a2q_tw walkers=5208 (4577832..4583039) steps=30 mode=0 sched=single-bucket delta_t=0 policy=0
rank=879 loaded data/1536/stackoverflow_a2q_tw.sub879.txt (|V_local|=1583  t_range=[5164928,239660463])
rank=879 loaded routing data/1536/stackoverflow_a2q_tw.rt879.txt (1097 entries)
rank=879 added 1 boundary-only nodes from routing
rank=878/1536 dataset=stackoverflow_a2q_tw walkers=5208 (4572624..4577831) steps=30 mode=0 sched=single-bucket delta_t=0 policy=0
rank=878 loaded data/1536/stackoverflow_a2q_tw.sub878.txt (|V_local|=1588  t_range=[3357807,239641484])
rank=878 loaded routing data/1536/stackoverflow_a2q_tw.rt878.txt (1060 entries)
rank=878 added 4 boundary-only nodes from routing
rank=875/1536 dataset=stackoverflow_a2q_tw walkers=5208 (4557000..4562207) steps=30 mode=0 sched=single-bucket delta_t=0 policy=0
rank=875 loaded data/1536/stackoverflow_a2q_tw.sub875.txt (|V_local|=1596  t_range=[1717779,239669480])
rank=875 loaded routing data/1536/stackoverflow_a2q_tw.rt875.txt (1001 entries)
rank=875 added 4 boundary-only nodes from routing
rank=876/1536 dataset=stackoverflow_a2q_tw walkers=5208 (4562208..4567415) steps=30 mode=0 sched=single-bucket delta_t=0 policy=0
rank=876 loaded data/1536/stackoverflow_a2q_tw.sub876.txt (|V_local|=1588  t_range=[2955858,239639392])
rank=876 loaded routing data/1536/stackoverflow_a2q_tw.rt876.txt (1068 entries)
rank=876 added 2 boundary-only nodes from routing
rank=894/1536 dataset=stackoverflow_a2q_tw walkers=5208 (4655952..4661159) steps=30 mode=0 sched=single-bucket delta_t=0 policy=0
rank=894 loaded data/1536/stackoverflow_a2q_tw.sub894.txt (|V_local|=1624  t_range=[8973999,239604071])
rank=894 loaded routing data/1536/stackoverflow_a2q_tw.rt894.txt (1015 entries)
rank=894 added 26 boundary-only nodes from routing
rank=903/1536 dataset=stackoverflow_a2q_tw walkers=5208 (4702824..4708031) steps=30 mode=0 sched=single-bucket delta_t=0 policy=0
rank=903 loaded data/1536/stackoverflow_a2q_tw.sub903.txt (|V_local|=1584  t_range=[16047325,239567004])
rank=903 loaded routing data/1536/stackoverflow_a2q_tw.rt903.txt (1052 entries)
rank=903 added 3 boundary-only nodes from routing
rank=907/1536 dataset=stackoverflow_a2q_tw walkers=5208 (4723656..4728863) steps=30 mode=0 sched=single-bucket delta_t=0 policy=0
rank=907 loaded data/1536/stackoverflow_a2q_tw.sub907.txt (|V_local|=1587  t_range=[2209342,239650767])
rank=907 loaded routing data/1536/stackoverflow_a2q_tw.rt907.txt (1008 entries)
rank=907 added 2 boundary-only nodes from routing
rank=911/1536 dataset=stackoverflow_a2q_tw walkers=5208 (4744488..4749695) steps=30 mode=0 sched=single-bucket delta_t=0 policy=0
rank=911 loaded data/1536/stackoverflow_a2q_tw.sub911.txt (|V_local|=1604  t_range=[5329577,239689790])
rank=911 loaded routing data/1536/stackoverflow_a2q_tw.rt911.txt (930 entries)
rank=904/1536 dataset=stackoverflow_a2q_tw walkers=5208 (4708032..4713239) steps=30 mode=0 sched=single-bucket delta_t=0 policy=0
rank=904 loaded data/1536/stackoverflow_a2q_tw.sub904.txt (|V_local|=1590  t_range=[12088079,239576468])
rank=904 loaded routing data/1536/stackoverflow_a2q_tw.rt904.txt (1041 entries)
rank=904 added 1 boundary-only nodes from routing
rank=901/1536 dataset=stackoverflow_a2q_tw walkers=5208 (4692408..4697615) steps=30 mode=0 sched=single-bucket delta_t=0 policy=0
rank=901 loaded data/1536/stackoverflow_a2q_tw.sub901.txt (|V_local|=1647  t_range=[6920406,239696630])
rank=901 loaded routing data/1536/stackoverflow_a2q_tw.rt901.txt (799 entries)
rank=901 added 4 boundary-only nodes from routing
rank=881/1536 dataset=stackoverflow_a2q_tw walkers=5208 (4588248..4593455) steps=30 mode=0 sched=single-bucket delta_t=0 policy=0
rank=881 loaded data/1536/stackoverflow_a2q_tw.sub881.txt (|V_local|=1587  t_range=[4651560,239693333])
rank=881 loaded routing data/1536/stackoverflow_a2q_tw.rt881.txt (940 entries)
rank=883/1536 dataset=stackoverflow_a2q_tw walkers=5208 (4598664..4603871) steps=30 mode=0 sched=single-bucket delta_t=0 policy=0
rank=883 loaded data/1536/stackoverflow_a2q_tw.sub883.txt (|V_local|=1647  t_range=[1980903,239477145])
rank=883 loaded routing data/1536/stackoverflow_a2q_tw.rt883.txt (880 entries)
rank=883 added 4 boundary-only nodes from routing
rank=892/1536 dataset=stackoverflow_a2q_tw walkers=5208 (4645536..4650743) steps=30 mode=0 sched=single-bucket delta_t=0 policy=0
rank=892 loaded data/1536/stackoverflow_a2q_tw.sub892.txt (|V_local|=1587  t_range=[26006143,239685141])
rank=892 loaded routing data/1536/stackoverflow_a2q_tw.rt892.txt (991 entries)
rank=892 added 3 boundary-only nodes from routing
rank=898/1536 dataset=stackoverflow_a2q_tw walkers=5208 (4676784..4681991) steps=30 mode=0 sched=single-bucket delta_t=0 policy=0
rank=898 loaded data/1536/stackoverflow_a2q_tw.sub898.txt (|V_local|=1592  t_range=[5949611,239674976])
rank=898 loaded routing data/1536/stackoverflow_a2q_tw.rt898.txt (1055 entries)
rank=898 added 6 boundary-only nodes from routing
rank=886/1536 dataset=stackoverflow_a2q_tw walkers=5208 (4614288..4619495) steps=30 mode=0 sched=single-bucket delta_t=0 policy=0
rank=886 loaded data/1536/stackoverflow_a2q_tw.sub886.txt (|V_local|=1584  t_range=[1203440,239497918])
rank=886 loaded routing data/1536/stackoverflow_a2q_tw.rt886.txt (1000 entries)
rank=886 added 5 boundary-only nodes from routing
rank=871/1536 dataset=stackoverflow_a2q_tw walkers=5208 (4536168..4541375) steps=30 mode=0 sched=single-bucket delta_t=0 policy=0
rank=871 loaded data/1536/stackoverflow_a2q_tw.sub871.txt (|V_local|=1652  t_range=[707256,239560855])
rank=871 loaded routing data/1536/stackoverflow_a2q_tw.rt871.txt (697 entries)
rank=900/1536 dataset=stackoverflow_a2q_tw walkers=5208 (4687200..4692407) steps=30 mode=0 sched=single-bucket delta_t=0 policy=0
rank=900 loaded data/1536/stackoverflow_a2q_tw.sub900.txt (|V_local|=1589  t_range=[20227187,239553175])
rank=900 loaded routing data/1536/stackoverflow_a2q_tw.rt900.txt (1119 entries)
rank=900 added 2 boundary-only nodes from routing
rank=906/1536 dataset=stackoverflow_a2q_tw walkers=5208 (4718448..4723655) steps=30 mode=0 sched=single-bucket delta_t=0 policy=0
rank=906 loaded data/1536/stackoverflow_a2q_tw.sub906.txt (|V_local|=1589  t_range=[6520743,239461221])
rank=906 loaded routing data/1536/stackoverflow_a2q_tw.rt906.txt (1083 entries)
rank=906 added 2 boundary-only nodes from routing
rank=910/1536 dataset=stackoverflow_a2q_tw walkers=5208 (4739280..4744487) steps=30 mode=0 sched=single-bucket delta_t=0 policy=0
rank=910 loaded data/1536/stackoverflow_a2q_tw.sub910.txt (|V_local|=1587  t_range=[4796375,239673405])
rank=910 loaded routing data/1536/stackoverflow_a2q_tw.rt910.txt (960 entries)
rank=910 added 4 boundary-only nodes from routing
rank=897/1536 dataset=stackoverflow_a2q_tw walkers=5208 (4671576..4676783) steps=30 mode=0 sched=single-bucket delta_t=0 policy=0
rank=897 loaded data/1536/stackoverflow_a2q_tw.sub897.txt (|V_local|=1583  t_range=[4889216,239696699])
rank=897 loaded routing data/1536/stackoverflow_a2q_tw.rt897.txt (1038 entries)
rank=897 added 8 boundary-only nodes from routing
rank=905/1536 dataset=stackoverflow_a2q_tw walkers=5208 (4713240..4718447) steps=30 mode=0 sched=single-bucket delta_t=0 policy=0
rank=905 loaded data/1536/stackoverflow_a2q_tw.sub905.txt (|V_local|=1578  t_range=[4566442,239678624])
rank=905 loaded routing data/1536/stackoverflow_a2q_tw.rt905.txt (1077 entries)
rank=905 added 3 boundary-only nodes from routing
rank=889/1536 dataset=stackoverflow_a2q_tw walkers=5208 (4629912..4635119) steps=30 mode=0 sched=single-bucket delta_t=0 policy=0
rank=889 loaded data/1536/stackoverflow_a2q_tw.sub889.txt (|V_local|=1588  t_range=[8360000,239665590])
rank=889 loaded routing data/1536/stackoverflow_a2q_tw.rt889.txt (1017 entries)
rank=525 loaded routing data/1536/stackoverflow_a2q_tw.rt525.txt (935 entries)
rank=525 added 1 boundary-only nodes from routing
rank=517/1536 dataset=stackoverflow_a2q_tw walkers=5208 (2692536..2697743) steps=30 mode=0 sched=single-bucket delta_t=0 policy=0
rank=517 loaded data/1536/stackoverflow_a2q_tw.sub517.txt (|V_local|=1585  t_range=[3374178,239649540])
rank=517 loaded routing data/1536/stackoverflow_a2q_tw.rt517.txt (1019 entries)
rank=517 added 3 boundary-only nodes from routing
rank=521/1536 dataset=stackoverflow_a2q_tw walkers=5208 (2713368..2718575) steps=30 mode=0 sched=single-bucket delta_t=0 policy=0
rank=521 loaded data/1536/stackoverflow_a2q_tw.sub521.txt (|V_local|=1652  t_range=[23784377,239652209])
rank=521 loaded routing data/1536/stackoverflow_a2q_tw.rt521.txt (815 entries)
rank=523/1536 dataset=stackoverflow_a2q_tw walkers=5208 (2723784..2728991) steps=30 mode=0 sched=single-bucket delta_t=0 policy=0
rank=523 loaded data/1536/stackoverflow_a2q_tw.sub523.txt (|V_local|=1593  t_range=[4306170,239536821])
rank=523 loaded routing data/1536/stackoverflow_a2q_tw.rt523.txt (1006 entries)
rank=495/1536 dataset=stackoverflow_a2q_tw walkers=5208 (2577960..2583167) steps=30 mode=0 sched=single-bucket delta_t=0 policy=0
rank=495 loaded data/1536/stackoverflow_a2q_tw.sub495.txt (|V_local|=1586  t_range=[21854036,239354186])
rank=495 loaded routing data/1536/stackoverflow_a2q_tw.rt495.txt (1040 entries)
rank=495 added 4 boundary-only nodes from routing
rank=499/1536 dataset=stackoverflow_a2q_tw walkers=5208 (2598792..2603999) steps=30 mode=0 sched=single-bucket delta_t=0 policy=0
rank=499 loaded data/1536/stackoverflow_a2q_tw.sub499.txt (|V_local|=1594  t_range=[6271051,239553632])
rank=499 loaded routing data/1536/stackoverflow_a2q_tw.rt499.txt (1064 entries)
rank=499 added 1 boundary-only nodes from routing
rank=518/1536 dataset=stackoverflow_a2q_tw walkers=5208 (2697744..2702951) steps=30 mode=0 sched=single-bucket delta_t=0 policy=0
rank=518 loaded data/1536/stackoverflow_a2q_tw.sub518.txt (|V_local|=1593  t_range=[4299027,239631300])
rank=518 loaded routing data/1536/stackoverflow_a2q_tw.rt518.txt (1017 entries)
rank=493/1536 dataset=stackoverflow_a2q_tw walkers=5208 (2567544..2572751) steps=30 mode=0 sched=single-bucket delta_t=0 policy=0
rank=493 loaded data/1536/stackoverflow_a2q_tw.sub493.txt (|V_local|=1590  t_range=[4659893,239549578])
rank=493 loaded routing data/1536/stackoverflow_a2q_tw.rt493.txt (893 entries)
rank=493 added 1 boundary-only nodes from routing
rank=498/1536 dataset=stackoverflow_a2q_tw walkers=5208 (2593584..2598791) steps=30 mode=0 sched=single-bucket delta_t=0 policy=0
rank=498 loaded data/1536/stackoverflow_a2q_tw.sub498.txt (|V_local|=1592  t_range=[2328690,239561864])
rank=498 loaded routing data/1536/stackoverflow_a2q_tw.rt498.txt (1038 entries)
rank=498 added 1 boundary-only nodes from routing
rank=510/1536 dataset=stackoverflow_a2q_tw walkers=5208 (2656080..2661287) steps=30 mode=0 sched=single-bucket delta_t=0 policy=0
rank=510 loaded data/1536/stackoverflow_a2q_tw.sub510.txt (|V_local|=1585  t_range=[3938025,239495832])
rank=510 loaded routing data/1536/stackoverflow_a2q_tw.rt510.txt (1082 entries)
rank=510 added 8 boundary-only nodes from routing
rank=504/1536 dataset=stackoverflow_a2q_tw walkers=5208 (2624832..2630039) steps=30 mode=0 sched=single-bucket delta_t=0 policy=0
rank=504 loaded data/1536/stackoverflow_a2q_tw.sub504.txt (|V_local|=1589  t_range=[4036537,239565927])
rank=504 loaded routing data/1536/stackoverflow_a2q_tw.rt504.txt (1068 entries)
rank=509/1536 dataset=stackoverflow_a2q_tw walkers=5208 (2650872..2656079) steps=30 mode=0 sched=single-bucket delta_t=0 policy=0
rank=509 loaded data/1536/stackoverflow_a2q_tw.sub509.txt (|V_local|=1650  t_range=[5315008,239598401])
rank=509 loaded routing data/1536/stackoverflow_a2q_tw.rt509.txt (924 entries)
rank=520/1536 dataset=stackoverflow_a2q_tw walkers=5208 (2708160..2713367) steps=30 mode=0 sched=single-bucket delta_t=0 policy=0
rank=520 loaded data/1536/stackoverflow_a2q_tw.sub520.txt (|V_local|=1650  t_range=[4066329,239693455])
rank=520 loaded routing data/1536/stackoverflow_a2q_tw.rt520.txt (933 entries)
rank=526/1536 dataset=stackoverflow_a2q_tw walkers=5208 (2739408..2744615) steps=30 mode=0 sched=single-bucket delta_t=0 policy=0
rank=526 loaded data/1536/stackoverflow_a2q_tw.sub526.txt (|V_local|=1595  t_range=[4772538,239673147])
rank=526 loaded routing data/1536/stackoverflow_a2q_tw.rt526.txt (844 entries)
rank=519/1536 dataset=stackoverflow_a2q_tw walkers=5208 (2702952..2708159) steps=30 mode=0 sched=single-bucket delta_t=0 policy=0
rank=519 loaded data/1536/stackoverflow_a2q_tw.sub519.txt (|V_local|=1591  t_range=[1091340,239585382])
rank=519 loaded routing data/1536/stackoverflow_a2q_tw.rt519.txt (993 entries)
rank=519 added 1 boundary-only nodes from routing
rank=511/1536 dataset=stackoverflow_a2q_tw walkers=5208 (2661288..2666495) steps=30 mode=0 sched=single-bucket delta_t=0 policy=0
rank=511 loaded data/1536/stackoverflow_a2q_tw.sub511.txt (|V_local|=1592  t_range=[16934590,239573620])
rank=511 loaded routing data/1536/stackoverflow_a2q_tw.rt511.txt (983 entries)
rank=511 added 2 boundary-only nodes from routing
rank=500/1536 dataset=stackoverflow_a2q_tw walkers=5208 (2604000..2609207) steps=30 mode=0 sched=single-bucket delta_t=0 policy=0
rank=500 loaded data/1536/stackoverflow_a2q_tw.sub500.txt (|V_local|=1640  t_range=[3514660,239664368])
rank=500 loaded routing data/1536/stackoverflow_a2q_tw.rt500.txt (900 entries)
rank=500 added 1 boundary-only nodes from routing
rank=491/1536 dataset=stackoverflow_a2q_tw walkers=5208 (2557128..2562335) steps=30 mode=0 sched=single-bucket delta_t=0 policy=0
rank=491 loaded data/1536/stackoverflow_a2q_tw.sub491.txt (|V_local|=1594  t_range=[1076110,239687362])
rank=491 loaded routing data/1536/stackoverflow_a2q_tw.rt491.txt (980 entries)
rank=501/1536 dataset=stackoverflow_a2q_tw walkers=5208 (2609208..2614415) steps=30 mode=0 sched=single-bucket delta_t=0 policy=0
rank=501 loaded data/1536/stackoverflow_a2q_tw.sub501.txt (|V_local|=1586  t_range=[2237551,239654194])
rank=501 loaded routing data/1536/stackoverflow_a2q_tw.rt501.txt (993 entries)
rank=501 added 2 boundary-only nodes from routing
rank=507/1536 dataset=stackoverflow_a2q_tw walkers=5208 (2640456..2645663) steps=30 mode=0 sched=single-bucket delta_t=0 policy=0
rank=507 loaded data/1536/stackoverflow_a2q_tw.sub507.txt (|V_local|=1592  t_range=[1273764,239584501])
rank=507 loaded routing data/1536/stackoverflow_a2q_tw.rt507.txt (947 entries)
rank=497/1536 dataset=stackoverflow_a2q_tw walkers=5208 (2588376..2593583) steps=30 mode=0 sched=single-bucket delta_t=0 policy=0
rank=497 loaded data/1536/stackoverflow_a2q_tw.sub497.txt (|V_local|=1651  t_range=[24192876,239594576])
rank=497 loaded routing data/1536/stackoverflow_a2q_tw.rt497.txt (710 entries)
rank=505/1536 dataset=stackoverflow_a2q_tw walkers=5208 (2630040..2635247) steps=30 mode=0 sched=single-bucket delta_t=0 policy=0
rank=505 loaded data/1536/stackoverflow_a2q_tw.sub505.txt (|V_local|=1591  t_range=[4120494,239657275])
rank=505 loaded routing data/1536/stackoverflow_a2q_tw.rt505.txt (909 entries)
rank=505 added 3 boundary-only nodes from routing
rank=527/1536 dataset=stackoverflow_a2q_tw walkers=5208 (2744616..2749823) steps=30 mode=0 sched=single-bucket delta_t=0 policy=0
rank=527 loaded data/1536/stackoverflow_a2q_tw.sub527.txt (|V_local|=1593  t_range=[1628022,239674664])
rank=527 loaded routing data/1536/stackoverflow_a2q_tw.rt527.txt (990 entries)
rank=522/1536 dataset=stackoverflow_a2q_tw walkers=5208 (2718576..2723783) steps=30 mode=0 sched=single-bucket delta_t=0 policy=0
rank=522 loaded data/1536/stackoverflow_a2q_tw.sub522.txt (|V_local|=1588  t_range=[1983961,239626751])
rank=522 loaded routing data/1536/stackoverflow_a2q_tw.rt522.txt (1012 entries)
rank=522 added 2 boundary-only nodes from routing
rank=1322/1536 dataset=stackoverflow_a2q_tw walkers=5208 (6884976..6890183) steps=30 mode=0 sched=single-bucket delta_t=0 policy=0
rank=1322 loaded data/1536/stackoverflow_a2q_tw.sub1322.txt (|V_local|=1648  t_range=[41896315,239690641])
rank=1322 loaded routing data/1536/stackoverflow_a2q_tw.rt1322.txt (795 entries)
rank=1301/1536 dataset=stackoverflow_a2q_tw walkers=5208 (6775608..6780815) steps=30 mode=0 sched=single-bucket delta_t=0 policy=0
rank=1301 loaded data/1536/stackoverflow_a2q_tw.sub1301.txt (|V_local|=1649  t_range=[3426027,239679184])
rank=1301 loaded routing data/1536/stackoverflow_a2q_tw.rt1301.txt (884 entries)
rank=1301 added 1 boundary-only nodes from routing
rank=1305/1536 dataset=stackoverflow_a2q_tw walkers=5208 (6796440..6801647) steps=30 mode=0 sched=single-bucket delta_t=0 policy=0
rank=1305 loaded data/1536/stackoverflow_a2q_tw.sub1305.txt (|V_local|=1597  t_range=[11304451,239638268])
rank=1305 loaded routing data/1536/stackoverflow_a2q_tw.rt1305.txt (1062 entries)
rank=1298/1536 dataset=stackoverflow_a2q_tw walkers=5208 (6759984..6765191) steps=30 mode=0 sched=single-bucket delta_t=0 policy=0
rank=1298 loaded data/1536/stackoverflow_a2q_tw.sub1298.txt (|V_local|=1588  t_range=[9493745,239644681])
rank=1298 loaded routing data/1536/stackoverflow_a2q_tw.rt1298.txt (1081 entries)
rank=1310/1536 dataset=stackoverflow_a2q_tw walkers=5208 (6822480..6827687) steps=30 mode=0 sched=single-bucket delta_t=0 policy=0
rank=1310 loaded data/1536/stackoverflow_a2q_tw.sub1310.txt (|V_local|=1589  t_range=[4924851,239694996])
rank=1310 loaded routing data/1536/stackoverflow_a2q_tw.rt1310.txt (976 entries)
rank=1310 added 1 boundary-only nodes from routing
rank=1336/1536 dataset=stackoverflow_a2q_tw walkers=5208 (6957888..6963095) steps=30 mode=0 sched=single-bucket delta_t=0 policy=0
rank=1336 loaded data/1536/stackoverflow_a2q_tw.sub1336.txt (|V_local|=1589  t_range=[14966654,239596501])
rank=1336 loaded routing data/1536/stackoverflow_a2q_tw.rt1336.txt (1092 entries)
rank=1315/1536 dataset=stackoverflow_a2q_tw walkers=5208 (6848520..6853727) steps=30 mode=0 sched=single-bucket delta_t=0 policy=0
rank=1315 loaded data/1536/stackoverflow_a2q_tw.sub1315.txt (|V_local|=1587  t_range=[2486112,239693124])
rank=1315 loaded routing data/1536/stackoverflow_a2q_tw.rt1315.txt (947 entries)
rank=1332/1536 dataset=stackoverflow_a2q_tw walkers=5208 (6937056..6942263) steps=30 mode=0 sched=single-bucket delta_t=0 policy=0
rank=1332 loaded data/1536/stackoverflow_a2q_tw.sub1332.txt (|V_local|=1583  t_range=[16234497,239664968])
rank=1332 loaded routing data/1536/stackoverflow_a2q_tw.rt1332.txt (1072 entries)
rank=1332 added 1 boundary-only nodes from routing
rank=1325/1536 dataset=stackoverflow_a2q_tw walkers=5208 (6900600..6905807) steps=30 mode=0 sched=single-bucket delta_t=0 policy=0
rank=1325 loaded data/1536/stackoverflow_a2q_tw.sub1325.txt (|V_local|=1592  t_range=[24402413,239614433])
rank=1325 loaded routing data/1536/stackoverflow_a2q_tw.rt1325.txt (1043 entries)
rank=1306/1536 dataset=stackoverflow_a2q_tw walkers=5208 (6801648..6806855) steps=30 mode=0 sched=single-bucket delta_t=0 policy=0
rank=1306 loaded data/1536/stackoverflow_a2q_tw.sub1306.txt (|V_local|=1633  t_range=[7242321,239666060])
rank=1306 loaded routing data/1536/stackoverflow_a2q_tw.rt1306.txt (918 entries)
rank=1306 added 1 boundary-only nodes from routing
rank=1323/1536 dataset=stackoverflow_a2q_tw walkers=5208 (6890184..6895391) steps=30 mode=0 sched=single-bucket delta_t=0 policy=0
rank=1323 loaded data/1536/stackoverflow_a2q_tw.sub1323.txt (|V_local|=1595  t_range=[4138236,239654553])
rank=1323 loaded routing data/1536/stackoverflow_a2q_tw.rt1323.txt (1096 entries)
rank=1324/1536 dataset=stackoverflow_a2q_tw walkers=5208 (6895392..6900599) steps=30 mode=0 sched=single-bucket delta_t=0 policy=0
rank=1324 loaded data/1536/stackoverflow_a2q_tw.sub1324.txt (|V_local|=1590  t_range=[35531004,239673871])
rank=1324 loaded routing data/1536/stackoverflow_a2q_tw.rt1324.txt (1099 entries)
rank=1324 added 1 boundary-only nodes from routing
rank=1343/1536 dataset=stackoverflow_a2q_tw walkers=5208 (6994344..6999551) steps=30 mode=0 sched=single-bucket delta_t=0 policy=0
rank=1343 loaded data/1536/stackoverflow_a2q_tw.sub1343.txt (|V_local|=1620  t_range=[19411750,239683135])
rank=1343 loaded routing data/1536/stackoverflow_a2q_tw.rt1343.txt (946 entries)
rank=1343 added 1 boundary-only nodes from routing
rank=1338/1536 dataset=stackoverflow_a2q_tw walkers=5208 (6968304..6973511) steps=30 mode=0 sched=single-bucket delta_t=0 policy=0
rank=1338 loaded data/1536/stackoverflow_a2q_tw.sub1338.txt (|V_local|=1580  t_range=[34783379,239573950])
rank=1338 loaded routing data/1536/stackoverflow_a2q_tw.rt1338.txt (1072 entries)
rank=1337/1536 dataset=stackoverflow_a2q_tw walkers=5208 (6963096..6968303) steps=30 mode=0 sched=single-bucket delta_t=0 policy=0
rank=1337 loaded data/1536/stackoverflow_a2q_tw.sub1337.txt (|V_local|=1594  t_range=[10253801,239596620])
rank=1337 loaded routing data/1536/stackoverflow_a2q_tw.rt1337.txt (1013 entries)
rank=1327/1536 dataset=stackoverflow_a2q_tw walkers=5208 (6911016..6916223) steps=30 mode=0 sched=single-bucket delta_t=0 policy=0
rank=1327 loaded data/1536/stackoverflow_a2q_tw.sub1327.txt (|V_local|=1598  t_range=[242014,239693061])
rank=1327 loaded routing data/1536/stackoverflow_a2q_tw.rt1327.txt (1040 entries)
rank=1333/1536 dataset=stackoverflow_a2q_tw walkers=5208 (6942264..6947471) steps=30 mode=0 sched=single-bucket delta_t=0 policy=0
rank=1333 loaded data/1536/stackoverflow_a2q_tw.sub1333.txt (|V_local|=1624  t_range=[4726866,239582067])
rank=1333 loaded routing data/1536/stackoverflow_a2q_tw.rt1333.txt (921 entries)
rank=1304/1536 dataset=stackoverflow_a2q_tw walkers=5208 (6791232..6796439) steps=30 mode=0 sched=single-bucket delta_t=0 policy=0
rank=1304 loaded data/1536/stackoverflow_a2q_tw.sub1304.txt (|V_local|=1652  t_range=[22929802,239696094])
rank=1304 loaded routing data/1536/stackoverflow_a2q_tw.rt1304.txt (781 entries)
rank=1326/1536 dataset=stackoverflow_a2q_tw walkers=5208 (6905808..6911015) steps=30 mode=0 sched=single-bucket delta_t=0 policy=0
rank=1326 loaded data/1536/stackoverflow_a2q_tw.sub1326.txt (|V_local|=1588  t_range=[2906914,239601256])
rank=1326 loaded routing data/1536/stackoverflow_a2q_tw.rt1326.txt (1056 entries)
rank=1326 added 1 boundary-only nodes from routing
rank=1330/1536 dataset=stackoverflow_a2q_tw walkers=5208 (6926640..6931847) steps=30 mode=0 sched=single-bucket delta_t=0 policy=0
rank=1330 loaded data/1536/stackoverflow_a2q_tw.sub1330.txt (|V_local|=1646  t_range=[72677546,239638341])
rank=1330 loaded routing data/1536/stackoverflow_a2q_tw.rt1330.txt (1094 entries)
rank=1335/1536 dataset=stackoverflow_a2q_tw walkers=5208 (6952680..6957887) steps=30 mode=0 sched=single-bucket delta_t=0 policy=0
rank=1335 loaded data/1536/stackoverflow_a2q_tw.sub1335.txt (|V_local|=1583  t_range=[28791285,239697927])
rank=1335 loaded routing data/1536/stackoverflow_a2q_tw.rt1335.txt (989 entries)
rank=1335 added 2 boundary-only nodes from routing
rank=1339/1536 dataset=stackoverflow_a2q_tw walkers=5208 (6973512..6978719) steps=30 mode=0 sched=single-bucket delta_t=0 policy=0
rank=1339 loaded data/1536/stackoverflow_a2q_tw.sub1339.txt (|V_local|=1586  t_range=[31878694,239605384])
rank=1339 loaded routing data/1536/stackoverflow_a2q_tw.rt1339.txt (1002 entries)
rank=1339 added 1 boundary-only nodes from routing
rank=1331/1536 dataset=stackoverflow_a2q_tw walkers=5208 (6931848..6937055) steps=30 mode=0 sched=single-bucket delta_t=0 policy=0
rank=1331 loaded data/1536/stackoverflow_a2q_tw.sub1331.txt (|V_local|=1647  t_range=[56303474,239565056])
rank=1331 loaded routing data/1536/stackoverflow_a2q_tw.rt1331.txt (1114 entries)
rank=1341/1536 dataset=stackoverflow_a2q_tw walkers=5208 (6983928..6989135) steps=30 mode=0 sched=single-bucket delta_t=0 policy=0
rank=1341 loaded data/1536/stackoverflow_a2q_tw.sub1341.txt (|V_local|=1587  t_range=[32913537,239660523])
rank=1341 loaded routing data/1536/stackoverflow_a2q_tw.rt1341.txt (1012 entries)
rank=113 loaded data/1536/stackoverflow_a2q_tw.sub113.txt (|V_local|=1592  t_range=[6973473,239567550])
rank=113 loaded routing data/1536/stackoverflow_a2q_tw.rt113.txt (990 entries)
rank=105/1536 dataset=stackoverflow_a2q_tw walkers=5208 (546840..552047) steps=30 mode=0 sched=single-bucket delta_t=0 policy=0
rank=105 loaded data/1536/stackoverflow_a2q_tw.sub105.txt (|V_local|=1590  t_range=[6975843,239688099])
rank=105 loaded routing data/1536/stackoverflow_a2q_tw.rt105.txt (1005 entries)
rank=115/1536 dataset=stackoverflow_a2q_tw walkers=5208 (598920..604127) steps=30 mode=0 sched=single-bucket delta_t=0 policy=0
rank=115 loaded data/1536/stackoverflow_a2q_tw.sub115.txt (|V_local|=1646  t_range=[1523759,239463814])
rank=115 loaded routing data/1536/stackoverflow_a2q_tw.rt115.txt (850 entries)
rank=111/1536 dataset=stackoverflow_a2q_tw walkers=5208 (578088..583295) steps=30 mode=0 sched=single-bucket delta_t=0 policy=0
rank=111 loaded data/1536/stackoverflow_a2q_tw.sub111.txt (|V_local|=1591  t_range=[4828565,239668607])
rank=111 loaded routing data/1536/stackoverflow_a2q_tw.rt111.txt (1089 entries)
rank=111 added 1 boundary-only nodes from routing
rank=138/1536 dataset=stackoverflow_a2q_tw walkers=5208 (718704..723911) steps=30 mode=0 sched=single-bucket delta_t=0 policy=0
rank=138 loaded data/1536/stackoverflow_a2q_tw.sub138.txt (|V_local|=1582  t_range=[21160215,239581169])
rank=138 loaded routing data/1536/stackoverflow_a2q_tw.rt138.txt (925 entries)
rank=138 added 2 boundary-only nodes from routing
rank=134/1536 dataset=stackoverflow_a2q_tw walkers=5208 (697872..703079) steps=30 mode=0 sched=single-bucket delta_t=0 policy=0
rank=134 loaded data/1536/stackoverflow_a2q_tw.sub134.txt (|V_local|=1649  t_range=[4716376,239192447])
rank=134 loaded routing data/1536/stackoverflow_a2q_tw.rt134.txt (879 entries)
rank=122/1536 dataset=stackoverflow_a2q_tw walkers=5208 (635376..640583) steps=30 mode=0 sched=single-bucket delta_t=0 policy=0
rank=122 loaded data/1536/stackoverflow_a2q_tw.sub122.txt (|V_local|=1651  t_range=[2418204,239539529])
rank=122 loaded routing data/1536/stackoverflow_a2q_tw.rt122.txt (361 entries)
rank=122 added 1 boundary-only nodes from routing
rank=140/1536 dataset=stackoverflow_a2q_tw walkers=5208 (729120..734327) steps=30 mode=0 sched=single-bucket delta_t=0 policy=0
rank=140 loaded data/1536/stackoverflow_a2q_tw.sub140.txt (|V_local|=1643  t_range=[3936460,239681181])
rank=140 loaded routing data/1536/stackoverflow_a2q_tw.rt140.txt (814 entries)
rank=131/1536 dataset=stackoverflow_a2q_tw walkers=5208 (682248..687455) steps=30 mode=0 sched=single-bucket delta_t=0 policy=0
rank=131 loaded data/1536/stackoverflow_a2q_tw.sub131.txt (|V_local|=1589  t_range=[3275069,239586380])
rank=131 loaded routing data/1536/stackoverflow_a2q_tw.rt131.txt (969 entries)
rank=131 added 1 boundary-only nodes from routing
rank=120/1536 dataset=stackoverflow_a2q_tw walkers=5208 (624960..630167) steps=30 mode=0 sched=single-bucket delta_t=0 policy=0
rank=120 loaded data/1536/stackoverflow_a2q_tw.sub120.txt (|V_local|=1590  t_range=[4741756,239588564])
rank=120 loaded routing data/1536/stackoverflow_a2q_tw.rt120.txt (958 entries)
rank=120 added 1 boundary-only nodes from routing
rank=107/1536 dataset=stackoverflow_a2q_tw walkers=5208 (557256..562463) steps=30 mode=0 sched=single-bucket delta_t=0 policy=0
rank=107 loaded data/1536/stackoverflow_a2q_tw.sub107.txt (|V_local|=1592  t_range=[3320423,239677214])
rank=107 loaded routing data/1536/stackoverflow_a2q_tw.rt107.txt (937 entries)
rank=124/1536 dataset=stackoverflow_a2q_tw walkers=5208 (645792..650999) steps=30 mode=0 sched=single-bucket delta_t=0 policy=0
rank=124 loaded data/1536/stackoverflow_a2q_tw.sub124.txt (|V_local|=1649  t_range=[4122739,239687059])
rank=124 loaded routing data/1536/stackoverflow_a2q_tw.rt124.txt (780 entries)
rank=124 added 3 boundary-only nodes from routing
rank=129/1536 dataset=stackoverflow_a2q_tw walkers=5208 (671832..677039) steps=30 mode=0 sched=single-bucket delta_t=0 policy=0
rank=129 loaded data/1536/stackoverflow_a2q_tw.sub129.txt (|V_local|=1592  t_range=[13141659,239457757])
rank=129 loaded routing data/1536/stackoverflow_a2q_tw.rt129.txt (1019 entries)
rank=129 added 1 boundary-only nodes from routing
rank=141/1536 dataset=stackoverflow_a2q_tw walkers=5208 (734328..739535) steps=30 mode=0 sched=single-bucket delta_t=0 policy=0
rank=141 loaded data/1536/stackoverflow_a2q_tw.sub141.txt (|V_local|=1652  t_range=[1048569,239586872])
rank=141 loaded routing data/1536/stackoverflow_a2q_tw.rt141.txt (900 entries)
rank=135/1536 dataset=stackoverflow_a2q_tw walkers=5208 (703080..708287) steps=30 mode=0 sched=single-bucket delta_t=0 policy=0
rank=135 loaded data/1536/stackoverflow_a2q_tw.sub135.txt (|V_local|=1588  t_range=[4047001,239559022])
rank=135 loaded routing data/1536/stackoverflow_a2q_tw.rt135.txt (1028 entries)
rank=143/1536 dataset=stackoverflow_a2q_tw walkers=5208 (744744..749951) steps=30 mode=0 sched=single-bucket delta_t=0 policy=0
rank=143 loaded data/1536/stackoverflow_a2q_tw.sub143.txt (|V_local|=1651  t_range=[11969168,239691913])
rank=143 loaded routing data/1536/stackoverflow_a2q_tw.rt143.txt (510 entries)
rank=143 added 1 boundary-only nodes from routing
rank=132/1536 dataset=stackoverflow_a2q_tw walkers=5208 (687456..692663) steps=30 mode=0 sched=single-bucket delta_t=0 policy=0
rank=132 loaded data/1536/stackoverflow_a2q_tw.sub132.txt (|V_local|=1588  t_range=[10156890,239697608])
rank=132 loaded routing data/1536/stackoverflow_a2q_tw.rt132.txt (1007 entries)
rank=132 added 1 boundary-only nodes from routing
rank=137/1536 dataset=stackoverflow_a2q_tw walkers=5208 (713496..718703) steps=30 mode=0 sched=single-bucket delta_t=0 policy=0
rank=137 loaded data/1536/stackoverflow_a2q_tw.sub137.txt (|V_local|=1651  t_range=[40477421,239697892])
rank=137 loaded routing data/1536/stackoverflow_a2q_tw.rt137.txt (573 entries)
rank=137 added 1 boundary-only nodes from routing
rank=119/1536 dataset=stackoverflow_a2q_tw walkers=5208 (619752..624959) steps=30 mode=0 sched=single-bucket delta_t=0 policy=0
rank=119 loaded data/1536/stackoverflow_a2q_tw.sub119.txt (|V_local|=1581  t_range=[10878560,239676458])
rank=119 loaded routing data/1536/stackoverflow_a2q_tw.rt119.txt (905 entries)
rank=119 added 3 boundary-only nodes from routing
rank=136/1536 dataset=stackoverflow_a2q_tw walkers=5208 (708288..713495) steps=30 mode=0 sched=single-bucket delta_t=0 policy=0
rank=136 loaded data/1536/stackoverflow_a2q_tw.sub136.txt (|V_local|=1651  t_range=[546717,239690397])
rank=136 loaded routing data/1536/stackoverflow_a2q_tw.rt136.txt (851 entries)
rank=136 added 1 boundary-only nodes from routing
rank=139/1536 dataset=stackoverflow_a2q_tw walkers=5208 (723912..729119) steps=30 mode=0 sched=single-bucket delta_t=0 policy=0
rank=139 loaded data/1536/stackoverflow_a2q_tw.sub139.txt (|V_local|=1586  t_range=[9138668,239695733])
rank=139 loaded routing data/1536/stackoverflow_a2q_tw.rt139.txt (949 entries)
rank=139 added 2 boundary-only nodes from routing
rank=96/1536 dataset=stackoverflow_a2q_tw walkers=5208 (499968..505175) steps=30 mode=0 sched=single-bucket delta_t=0 policy=0
rank=96 loaded data/1536/stackoverflow_a2q_tw.sub96.txt (|V_local|=1583  t_range=[2491740,239673500])
rank=96 loaded routing data/1536/stackoverflow_a2q_tw.rt96.txt (1057 entries)
rank=96 added 1 boundary-only nodes from routing
rank=127/1536 dataset=stackoverflow_a2q_tw walkers=5208 (661416..666623) steps=30 mode=0 sched=single-bucket delta_t=0 policy=0
rank=127 loaded data/1536/stackoverflow_a2q_tw.sub127.txt (|V_local|=1648  t_range=[1524584,239653773])
rank=127 loaded routing data/1536/stackoverflow_a2q_tw.rt127.txt (640 entries)
rank=127 added 4 boundary-only nodes from routing
rank=123/1536 dataset=stackoverflow_a2q_tw walkers=5208 (640584..645791) steps=30 mode=0 sched=single-bucket delta_t=0 policy=0
rank=123 loaded data/1536/stackoverflow_a2q_tw.sub123.txt (|V_local|=1586  t_range=[5996124,239580670])
rank=123 loaded routing data/1536/stackoverflow_a2q_tw.rt123.txt (952 entries)
rank=123 added 3 boundary-only nodes from routing
rank=1105/1536 dataset=stackoverflow_a2q_tw walkers=5208 (5754840..5760047) steps=30 mode=0 sched=single-bucket delta_t=0 policy=0
rank=1105 loaded data/1536/stackoverflow_a2q_tw.sub1105.txt (|V_local|=1616  t_range=[3943838,239694147])
rank=1105 loaded routing data/1536/stackoverflow_a2q_tw.rt1105.txt (980 entries)
rank=1105 added 1 boundary-only nodes from routing
rank=1126/1536 dataset=stackoverflow_a2q_tw walkers=5208 (5864208..5869415) steps=30 mode=0 sched=single-bucket delta_t=0 policy=0
rank=1126 loaded data/1536/stackoverflow_a2q_tw.sub1126.txt (|V_local|=1652  t_range=[7123943,239544199])
rank=1126 loaded routing data/1536/stackoverflow_a2q_tw.rt1126.txt (1044 entries)
rank=1115/1536 dataset=stackoverflow_a2q_tw walkers=5208 (5806920..5812127) steps=30 mode=0 sched=single-bucket delta_t=0 policy=0
rank=1115 loaded data/1536/stackoverflow_a2q_tw.sub1115.txt (|V_local|=1590  t_range=[4664303,239669271])
rank=1115 loaded routing data/1536/stackoverflow_a2q_tw.rt1115.txt (1043 entries)
rank=1115 added 2 boundary-only nodes from routing
rank=1131/1536 dataset=stackoverflow_a2q_tw walkers=5208 (5890248..5895455) steps=30 mode=0 sched=single-bucket delta_t=0 policy=0
rank=1131 loaded data/1536/stackoverflow_a2q_tw.sub1131.txt (|V_local|=1587  t_range=[3726911,239686692])
rank=1131 loaded routing data/1536/stackoverflow_a2q_tw.rt1131.txt (1069 entries)
rank=1131 added 2 boundary-only nodes from routing
rank=1147/1536 dataset=stackoverflow_a2q_tw walkers=5208 (5973576..5978783) steps=30 mode=0 sched=single-bucket delta_t=0 policy=0
rank=1147 loaded data/1536/stackoverflow_a2q_tw.sub1147.txt (|V_local|=1652  t_range=[24708937,239689662])
rank=1147 loaded routing data/1536/stackoverflow_a2q_tw.rt1147.txt (864 entries)
rank=1141/1536 dataset=stackoverflow_a2q_tw walkers=5208 (5942328..5947535) steps=30 mode=0 sched=single-bucket delta_t=0 policy=0
rank=1141 loaded data/1536/stackoverflow_a2q_tw.sub1141.txt (|V_local|=1613  t_range=[3431961,239588485])
rank=1141 loaded routing data/1536/stackoverflow_a2q_tw.rt1141.txt (1036 entries)
rank=1112/1536 dataset=stackoverflow_a2q_tw walkers=5208 (5791296..5796503) steps=30 mode=0 sched=single-bucket delta_t=0 policy=0
rank=1112 loaded data/1536/stackoverflow_a2q_tw.sub1112.txt (|V_local|=1652  t_range=[3725239,239567430])
rank=1112 loaded routing data/1536/stackoverflow_a2q_tw.rt1112.txt (802 entries)
rank=1132/1536 dataset=stackoverflow_a2q_tw walkers=5208 (5895456..5900663) steps=30 mode=0 sched=single-bucket delta_t=0 policy=0
rank=1132 loaded data/1536/stackoverflow_a2q_tw.sub1132.txt (|V_local|=1596  t_range=[9556998,239636558])
rank=1132 loaded routing data/1536/stackoverflow_a2q_tw.rt1132.txt (1101 entries)
rank=1138/1536 dataset=stackoverflow_a2q_tw walkers=5208 (5926704..5931911) steps=30 mode=0 sched=single-bucket delta_t=0 policy=0
rank=1138 loaded data/1536/stackoverflow_a2q_tw.sub1138.txt (|V_local|=1590  t_range=[19254144,239654902])
rank=1138 loaded routing data/1536/stackoverflow_a2q_tw.rt1138.txt (1025 entries)
rank=1138 added 1 boundary-only nodes from routing
rank=1136/1536 dataset=stackoverflow_a2q_tw walkers=5208 (5916288..5921495) steps=30 mode=0 sched=single-bucket delta_t=0 policy=0
rank=1136 loaded data/1536/stackoverflow_a2q_tw.sub1136.txt (|V_local|=1589  t_range=[8875176,239677352])
rank=1136 loaded routing data/1536/stackoverflow_a2q_tw.rt1136.txt (978 entries)
rank=1136 added 2 boundary-only nodes from routing
rank=1139/1536 dataset=stackoverflow_a2q_tw walkers=5208 (5931912..5937119) steps=30 mode=0 sched=single-bucket delta_t=0 policy=0
rank=1139 loaded data/1536/stackoverflow_a2q_tw.sub1139.txt (|V_local|=1581  t_range=[3674670,239691900])
rank=1139 loaded routing data/1536/stackoverflow_a2q_tw.rt1139.txt (1049 entries)
rank=1139 added 1 boundary-only nodes from routing
rank=1119/1536 dataset=stackoverflow_a2q_tw walkers=5208 (5827752..5832959) steps=30 mode=0 sched=single-bucket delta_t=0 policy=0
rank=1119 loaded data/1536/stackoverflow_a2q_tw.sub1119.txt (|V_local|=1590  t_range=[4171546,239557360])
rank=1119 loaded routing data/1536/stackoverflow_a2q_tw.rt1119.txt (1046 entries)
rank=1119 added 1 boundary-only nodes from routing
rank=1120/1536 dataset=stackoverflow_a2q_tw walkers=5208 (5832960..5838167) steps=30 mode=0 sched=single-bucket delta_t=0 policy=0
rank=1120 loaded data/1536/stackoverflow_a2q_tw.sub1120.txt (|V_local|=1586  t_range=[19112124,239500534])
rank=1120 loaded routing data/1536/stackoverflow_a2q_tw.rt1120.txt (1033 entries)
rank=1120 added 3 boundary-only nodes from routing
rank=1121/1536 dataset=stackoverflow_a2q_tw walkers=5208 (5838168..5843375) steps=30 mode=0 sched=single-bucket delta_t=0 policy=0
rank=1121 loaded data/1536/stackoverflow_a2q_tw.sub1121.txt (|V_local|=1583  t_range=[11550467,239676259])
rank=1121 loaded routing data/1536/stackoverflow_a2q_tw.rt1121.txt (1057 entries)
rank=1121 added 2 boundary-only nodes from routing
rank=1151/1536 dataset=stackoverflow_a2q_tw walkers=5208 (5994408..5999615) steps=30 mode=0 sched=single-bucket delta_t=0 policy=0
rank=1151 loaded data/1536/stackoverflow_a2q_tw.sub1151.txt (|V_local|=1593  t_range=[29709439,239697762])
rank=1151 loaded routing data/1536/stackoverflow_a2q_tw.rt1151.txt (1023 entries)
rank=1151 added 2 boundary-only nodes from routing
rank=1148/1536 dataset=stackoverflow_a2q_tw walkers=5208 (5978784..5983991) steps=30 mode=0 sched=single-bucket delta_t=0 policy=0
rank=1148 loaded data/1536/stackoverflow_a2q_tw.sub1148.txt (|V_local|=1604  t_range=[7689371,239666699])
rank=1148 loaded routing data/1536/stackoverflow_a2q_tw.rt1148.txt (1044 entries)
rank=1148 added 1 boundary-only nodes from routing
rank=1143/1536 dataset=stackoverflow_a2q_tw walkers=5208 (5952744..5957951) steps=30 mode=0 sched=single-bucket delta_t=0 policy=0
rank=1143 loaded data/1536/stackoverflow_a2q_tw.sub1143.txt (|V_local|=1584  t_range=[2302403,239690306])
rank=1143 loaded routing data/1536/stackoverflow_a2q_tw.rt1143.txt (1025 entries)
rank=1113/1536 dataset=stackoverflow_a2q_tw walkers=5208 (5796504..5801711) steps=30 mode=0 sched=single-bucket delta_t=0 policy=0
rank=1113 loaded data/1536/stackoverflow_a2q_tw.sub1113.txt (|V_local|=1585  t_range=[2180347,239650831])
rank=1113 loaded routing data/1536/stackoverflow_a2q_tw.rt1113.txt (1075 entries)
rank=1113 added 5 boundary-only nodes from routing
rank=1123/1536 dataset=stackoverflow_a2q_tw walkers=5208 (5848584..5853791) steps=30 mode=0 sched=single-bucket delta_t=0 policy=0
rank=1123 loaded data/1536/stackoverflow_a2q_tw.sub1123.txt (|V_local|=1586  t_range=[3162732,239672155])
rank=1123 loaded routing data/1536/stackoverflow_a2q_tw.rt1123.txt (1076 entries)
rank=1142/1536 dataset=stackoverflow_a2q_tw walkers=5208 (5947536..5952743) steps=30 mode=0 sched=single-bucket delta_t=0 policy=0
rank=1142 loaded data/1536/stackoverflow_a2q_tw.sub1142.txt (|V_local|=1652  t_range=[30530490,239661173])
rank=1142 loaded routing data/1536/stackoverflow_a2q_tw.rt1142.txt (956 entries)
rank=1130/1536 dataset=stackoverflow_a2q_tw walkers=5208 (5885040..5890247) steps=30 mode=0 sched=single-bucket delta_t=0 policy=0
rank=1130 loaded data/1536/stackoverflow_a2q_tw.sub1130.txt (|V_local|=1590  t_range=[13524018,239694200])
rank=1130 loaded routing data/1536/stackoverflow_a2q_tw.rt1130.txt (1034 entries)
rank=1135/1536 dataset=stackoverflow_a2q_tw walkers=5208 (5911080..5916287) steps=30 mode=0 sched=single-bucket delta_t=0 policy=0
rank=1135 loaded data/1536/stackoverflow_a2q_tw.sub1135.txt (|V_local|=1589  t_range=[34517760,239651644])
rank=1135 loaded routing data/1536/stackoverflow_a2q_tw.rt1135.txt (1080 entries)
rank=1135 added 1 boundary-only nodes from routing
rank=1150/1536 dataset=stackoverflow_a2q_tw walkers=5208 (5989200..5994407) steps=30 mode=0 sched=single-bucket delta_t=0 policy=0
rank=1150 loaded data/1536/stackoverflow_a2q_tw.sub1150.txt (|V_local|=1595  t_range=[29124089,239698816])
rank=1150 loaded routing data/1536/stackoverflow_a2q_tw.rt1150.txt (1036 entries)
rank=1150 added 1 boundary-only nodes from routing
rank=1134/1536 dataset=stackoverflow_a2q_tw walkers=5208 (5905872..5911079) steps=30 mode=0 sched=single-bucket delta_t=0 policy=0
rank=919/1536 dataset=stackoverflow_a2q_tw walkers=5208 (4786152..4791359) steps=30 mode=0 sched=single-bucket delta_t=0 policy=0
rank=919 loaded data/1536/stackoverflow_a2q_tw.sub919.txt (|V_local|=1651  t_range=[40525542,239634709])
rank=919 loaded routing data/1536/stackoverflow_a2q_tw.rt919.txt (717 entries)
rank=919 added 1 boundary-only nodes from routing
rank=935/1536 dataset=stackoverflow_a2q_tw walkers=5208 (4869480..4874687) steps=30 mode=0 sched=single-bucket delta_t=0 policy=0
rank=935 loaded data/1536/stackoverflow_a2q_tw.sub935.txt (|V_local|=1599  t_range=[8459747,239500353])
rank=935 loaded routing data/1536/stackoverflow_a2q_tw.rt935.txt (1032 entries)
rank=951/1536 dataset=stackoverflow_a2q_tw walkers=5208 (4952808..4958015) steps=30 mode=0 sched=single-bucket delta_t=0 policy=0
rank=951 loaded data/1536/stackoverflow_a2q_tw.sub951.txt (|V_local|=1594  t_range=[4161743,239664602])
rank=951 loaded routing data/1536/stackoverflow_a2q_tw.rt951.txt (992 entries)
rank=951 added 1 boundary-only nodes from routing
rank=939/1536 dataset=stackoverflow_a2q_tw walkers=5208 (4890312..4895519) steps=30 mode=0 sched=single-bucket delta_t=0 policy=0
rank=939 loaded data/1536/stackoverflow_a2q_tw.sub939.txt (|V_local|=1593  t_range=[2922030,239691342])
rank=939 loaded routing data/1536/stackoverflow_a2q_tw.rt939.txt (1038 entries)
rank=922/1536 dataset=stackoverflow_a2q_tw walkers=5208 (4801776..4806983) steps=30 mode=0 sched=single-bucket delta_t=0 policy=0
rank=922 loaded data/1536/stackoverflow_a2q_tw.sub922.txt (|V_local|=1592  t_range=[10029237,239684073])
rank=922 loaded routing data/1536/stackoverflow_a2q_tw.rt922.txt (1024 entries)
rank=958/1536 dataset=stackoverflow_a2q_tw walkers=5208 (4989264..4994471) steps=30 mode=0 sched=single-bucket delta_t=0 policy=0
rank=958 loaded data/1536/stackoverflow_a2q_tw.sub958.txt (|V_local|=1648  t_range=[16143247,239697882])
rank=958 loaded routing data/1536/stackoverflow_a2q_tw.rt958.txt (1026 entries)
rank=958 added 2 boundary-only nodes from routing
rank=949/1536 dataset=stackoverflow_a2q_tw walkers=5208 (4942392..4947599) steps=30 mode=0 sched=single-bucket delta_t=0 policy=0
rank=949 loaded data/1536/stackoverflow_a2q_tw.sub949.txt (|V_local|=1605  t_range=[5741332,239669559])
rank=949 loaded routing data/1536/stackoverflow_a2q_tw.rt949.txt (945 entries)
rank=949 added 3 boundary-only nodes from routing
rank=957/1536 dataset=stackoverflow_a2q_tw walkers=5208 (4984056..4989263) steps=30 mode=0 sched=single-bucket delta_t=0 policy=0
rank=957 loaded data/1536/stackoverflow_a2q_tw.sub957.txt (|V_local|=1593  t_range=[4621375,239691434])
rank=957 loaded routing data/1536/stackoverflow_a2q_tw.rt957.txt (1054 entries)
rank=957 added 2 boundary-only nodes from routing
rank=952/1536 dataset=stackoverflow_a2q_tw walkers=5208 (4958016..4963223) steps=30 mode=0 sched=single-bucket delta_t=0 policy=0
rank=952 loaded data/1536/stackoverflow_a2q_tw.sub952.txt (|V_local|=1597  t_range=[6426372,239680910])
rank=952 loaded routing data/1536/stackoverflow_a2q_tw.rt952.txt (1005 entries)
rank=952 added 3 boundary-only nodes from routing
rank=953/1536 dataset=stackoverflow_a2q_tw walkers=5208 (4963224..4968431) steps=30 mode=0 sched=single-bucket delta_t=0 policy=0
rank=953 loaded data/1536/stackoverflow_a2q_tw.sub953.txt (|V_local|=1651  t_range=[12170891,239591984])
rank=953 loaded routing data/1536/stackoverflow_a2q_tw.rt953.txt (775 entries)
rank=953 added 1 boundary-only nodes from routing
rank=942/1536 dataset=stackoverflow_a2q_tw walkers=5208 (4905936..4911143) steps=30 mode=0 sched=single-bucket delta_t=0 policy=0
rank=942 loaded data/1536/stackoverflow_a2q_tw.sub942.txt (|V_local|=1588  t_range=[8288609,239669192])
rank=942 loaded routing data/1536/stackoverflow_a2q_tw.rt942.txt (1064 entries)
rank=938/1536 dataset=stackoverflow_a2q_tw walkers=5208 (4885104..4890311) steps=30 mode=0 sched=single-bucket delta_t=0 policy=0
rank=938 loaded data/1536/stackoverflow_a2q_tw.sub938.txt (|V_local|=1591  t_range=[6607805,239665001])
rank=938 loaded routing data/1536/stackoverflow_a2q_tw.rt938.txt (1049 entries)
rank=938 added 2 boundary-only nodes from routing
rank=933/1536 dataset=stackoverflow_a2q_tw walkers=5208 (4859064..4864271) steps=30 mode=0 sched=single-bucket delta_t=0 policy=0
rank=933 loaded data/1536/stackoverflow_a2q_tw.sub933.txt (|V_local|=1591  t_range=[4198566,239653877])
rank=933 loaded routing data/1536/stackoverflow_a2q_tw.rt933.txt (1073 entries)
rank=933 added 2 boundary-only nodes from routing
rank=928/1536 dataset=stackoverflow_a2q_tw walkers=5208 (4833024..4838231) steps=30 mode=0 sched=single-bucket delta_t=0 policy=0
rank=928 loaded data/1536/stackoverflow_a2q_tw.sub928.txt (|V_local|=1650  t_range=[16300080,239662510])
rank=928 loaded routing data/1536/stackoverflow_a2q_tw.rt928.txt (1061 entries)
rank=928 added 2 boundary-only nodes from routing
rank=954/1536 dataset=stackoverflow_a2q_tw walkers=5208 (4968432..4973639) steps=30 mode=0 sched=single-bucket delta_t=0 policy=0
rank=954 loaded data/1536/stackoverflow_a2q_tw.sub954.txt (|V_local|=1587  t_range=[7229079,239679346])
rank=954 loaded routing data/1536/stackoverflow_a2q_tw.rt954.txt (1072 entries)
rank=954 added 2 boundary-only nodes from routing
rank=943/1536 dataset=stackoverflow_a2q_tw walkers=5208 (4911144..4916351) steps=30 mode=0 sched=single-bucket delta_t=0 policy=0
rank=943 loaded data/1536/stackoverflow_a2q_tw.sub943.txt (|V_local|=1633  t_range=[25828394,239696676])
rank=943 loaded routing data/1536/stackoverflow_a2q_tw.rt943.txt (710 entries)
rank=943 added 19 boundary-only nodes from routing
rank=950/1536 dataset=stackoverflow_a2q_tw walkers=5208 (4947600..4952807) steps=30 mode=0 sched=single-bucket delta_t=0 policy=0
rank=950 loaded data/1536/stackoverflow_a2q_tw.sub950.txt (|V_local|=1589  t_range=[5156923,239682285])
rank=950 loaded routing data/1536/stackoverflow_a2q_tw.rt950.txt (1099 entries)
rank=950 added 2 boundary-only nodes from routing
rank=923/1536 dataset=stackoverflow_a2q_tw walkers=5208 (4806984..4812191) steps=30 mode=0 sched=single-bucket delta_t=0 policy=0
rank=923 loaded data/1536/stackoverflow_a2q_tw.sub923.txt (|V_local|=1586  t_range=[25292417,239595415])
rank=923 loaded routing data/1536/stackoverflow_a2q_tw.rt923.txt (1092 entries)
rank=923 added 1 boundary-only nodes from routing
rank=955/1536 dataset=stackoverflow_a2q_tw walkers=5208 (4973640..4978847) steps=30 mode=0 sched=single-bucket delta_t=0 policy=0
rank=955 loaded data/1536/stackoverflow_a2q_tw.sub955.txt (|V_local|=1600  t_range=[36807080,239698089])
rank=955 loaded routing data/1536/stackoverflow_a2q_tw.rt955.txt (1063 entries)
rank=956/1536 dataset=stackoverflow_a2q_tw walkers=5208 (4978848..4984055) steps=30 mode=0 sched=single-bucket delta_t=0 policy=0
rank=956 loaded data/1536/stackoverflow_a2q_tw.sub956.txt (|V_local|=1650  t_range=[25715850,239694633])
rank=956 loaded routing data/1536/stackoverflow_a2q_tw.rt956.txt (1069 entries)
rank=956 added 1 boundary-only nodes from routing
rank=929/1536 dataset=stackoverflow_a2q_tw walkers=5208 (4838232..4843439) steps=30 mode=0 sched=single-bucket delta_t=0 policy=0
rank=929 loaded data/1536/stackoverflow_a2q_tw.sub929.txt (|V_local|=1610  t_range=[40927894,239673671])
rank=929 loaded routing data/1536/stackoverflow_a2q_tw.rt929.txt (1065 entries)
rank=929 added 2 boundary-only nodes from routing
rank=926/1536 dataset=stackoverflow_a2q_tw walkers=5208 (4822608..4827815) steps=30 mode=0 sched=single-bucket delta_t=0 policy=0
rank=926 loaded data/1536/stackoverflow_a2q_tw.sub926.txt (|V_local|=1650  t_range=[32248307,239683943])
rank=926 loaded routing data/1536/stackoverflow_a2q_tw.rt926.txt (1028 entries)
rank=940/1536 dataset=stackoverflow_a2q_tw walkers=5208 (4895520..4900727) steps=30 mode=0 sched=single-bucket delta_t=0 policy=0
rank=940 loaded data/1536/stackoverflow_a2q_tw.sub940.txt (|V_local|=1650  t_range=[26362177,239692716])
rank=940 loaded routing data/1536/stackoverflow_a2q_tw.rt940.txt (987 entries)
rank=940 added 1 boundary-only nodes from routing
rank=1242/1536 dataset=stackoverflow_a2q_tw walkers=5208 (6468336..6473543) steps=30 mode=0 sched=single-bucket delta_t=0 policy=0
rank=1242 loaded data/1536/stackoverflow_a2q_tw.sub1242.txt (|V_local|=1593  t_range=[24485828,239567450])
rank=1242 loaded routing data/1536/stackoverflow_a2q_tw.rt1242.txt (1100 entries)
rank=1207/1536 dataset=stackoverflow_a2q_tw walkers=5208 (6286056..6291263) steps=30 mode=0 sched=single-bucket delta_t=0 policy=0
rank=1207 loaded data/1536/stackoverflow_a2q_tw.sub1207.txt (|V_local|=1651  t_range=[3102051,239688520])
rank=1207 loaded routing data/1536/stackoverflow_a2q_tw.rt1207.txt (413 entries)
rank=1207 added 1 boundary-only nodes from routing
rank=1232/1536 dataset=stackoverflow_a2q_tw walkers=5208 (6416256..6421463) steps=30 mode=0 sched=single-bucket delta_t=0 policy=0
rank=1232 loaded data/1536/stackoverflow_a2q_tw.sub1232.txt (|V_local|=1650  t_range=[9486914,239500468])
rank=1232 loaded routing data/1536/stackoverflow_a2q_tw.rt1232.txt (937 entries)
rank=1232 added 1 boundary-only nodes from routing
rank=1245/1536 dataset=stackoverflow_a2q_tw walkers=5208 (6483960..6489167) steps=30 mode=0 sched=single-bucket delta_t=0 policy=0
rank=1245 loaded data/1536/stackoverflow_a2q_tw.sub1245.txt (|V_local|=1584  t_range=[31965666,239641792])
rank=1245 loaded routing data/1536/stackoverflow_a2q_tw.rt1245.txt (965 entries)
rank=1245 added 2 boundary-only nodes from routing
rank=1208/1536 dataset=stackoverflow_a2q_tw walkers=5208 (6291264..6296471) steps=30 mode=0 sched=single-bucket delta_t=0 policy=0
rank=1208 loaded data/1536/stackoverflow_a2q_tw.sub1208.txt (|V_local|=1652  t_range=[4341952,239648400])
rank=1208 loaded routing data/1536/stackoverflow_a2q_tw.rt1208.txt (479 entries)
rank=1231/1536 dataset=stackoverflow_a2q_tw walkers=5208 (6411048..6416255) steps=30 mode=0 sched=single-bucket delta_t=0 policy=0
rank=1231 loaded data/1536/stackoverflow_a2q_tw.sub1231.txt (|V_local|=1591  t_range=[46188690,239664009])
rank=1231 loaded routing data/1536/stackoverflow_a2q_tw.rt1231.txt (1034 entries)
rank=1247/1536 dataset=stackoverflow_a2q_tw walkers=5208 (6494376..6499583) steps=30 mode=0 sched=single-bucket delta_t=0 policy=0
rank=1247 loaded data/1536/stackoverflow_a2q_tw.sub1247.txt (|V_local|=1626  t_range=[7423311,239598567])
rank=1247 loaded routing data/1536/stackoverflow_a2q_tw.rt1247.txt (930 entries)
rank=1247 added 1 boundary-only nodes from routing
rank=1219/1536 dataset=stackoverflow_a2q_tw walkers=5208 (6348552..6353759) steps=30 mode=0 sched=single-bucket delta_t=0 policy=0
rank=1219 loaded data/1536/stackoverflow_a2q_tw.sub1219.txt (|V_local|=1582  t_range=[8996392,239698773])
rank=1219 loaded routing data/1536/stackoverflow_a2q_tw.rt1219.txt (1078 entries)
rank=1219 added 1 boundary-only nodes from routing
rank=1204/1536 dataset=stackoverflow_a2q_tw walkers=5208 (6270432..6275639) steps=30 mode=0 sched=single-bucket delta_t=0 policy=0
rank=1204 loaded data/1536/stackoverflow_a2q_tw.sub1204.txt (|V_local|=1585  t_range=[3969001,239574671])
rank=1204 loaded routing data/1536/stackoverflow_a2q_tw.rt1204.txt (1004 entries)
rank=1204 added 1 boundary-only nodes from routing
rank=1213/1536 dataset=stackoverflow_a2q_tw walkers=5208 (6317304..6322511) steps=30 mode=0 sched=single-bucket delta_t=0 policy=0
rank=1213 loaded data/1536/stackoverflow_a2q_tw.sub1213.txt (|V_local|=1647  t_range=[7633113,239532058])
rank=1213 loaded routing data/1536/stackoverflow_a2q_tw.rt1213.txt (835 entries)
rank=1213 added 1 boundary-only nodes from routing
rank=1205/1536 dataset=stackoverflow_a2q_tw walkers=5208 (6275640..6280847) steps=30 mode=0 sched=single-bucket delta_t=0 policy=0
rank=1205 loaded data/1536/stackoverflow_a2q_tw.sub1205.txt (|V_local|=1590  t_range=[22898910,239634510])
rank=1205 loaded routing data/1536/stackoverflow_a2q_tw.rt1205.txt (1054 entries)
rank=1205 added 6 boundary-only nodes from routing
rank=1222/1536 dataset=stackoverflow_a2q_tw walkers=5208 (6364176..6369383) steps=30 mode=0 sched=single-bucket delta_t=0 policy=0
rank=1222 loaded data/1536/stackoverflow_a2q_tw.sub1222.txt (|V_local|=1652  t_range=[26716330,239674852])
rank=1222 loaded routing data/1536/stackoverflow_a2q_tw.rt1222.txt (822 entries)
rank=1217/1536 dataset=stackoverflow_a2q_tw walkers=5208 (6338136..6343343) steps=30 mode=0 sched=single-bucket delta_t=0 policy=0
rank=1217 loaded data/1536/stackoverflow_a2q_tw.sub1217.txt (|V_local|=1586  t_range=[13952906,239589493])
rank=1217 loaded routing data/1536/stackoverflow_a2q_tw.rt1217.txt (1029 entries)
rank=1217 added 2 boundary-only nodes from routing
rank=1243/1536 dataset=stackoverflow_a2q_tw walkers=5208 (6473544..6478751) steps=30 mode=0 sched=single-bucket delta_t=0 policy=0
rank=1243 loaded data/1536/stackoverflow_a2q_tw.sub1243.txt (|V_local|=1594  t_range=[6570638,239580847])
rank=1243 loaded routing data/1536/stackoverflow_a2q_tw.rt1243.txt (1032 entries)
rank=1212/1536 dataset=stackoverflow_a2q_tw walkers=5208 (6312096..6317303) steps=30 mode=0 sched=single-bucket delta_t=0 policy=0
rank=1212 loaded data/1536/stackoverflow_a2q_tw.sub1212.txt (|V_local|=1590  t_range=[11286551,239647609])
rank=1212 loaded routing data/1536/stackoverflow_a2q_tw.rt1212.txt (1052 entries)
rank=1212 added 2 boundary-only nodes from routing
rank=1218/1536 dataset=stackoverflow_a2q_tw walkers=5208 (6343344..6348551) steps=30 mode=0 sched=single-bucket delta_t=0 policy=0
rank=1218 loaded data/1536/stackoverflow_a2q_tw.sub1218.txt (|V_local|=1585  t_range=[33245565,239638621])
rank=1218 loaded routing data/1536/stackoverflow_a2q_tw.rt1218.txt (1090 entries)
rank=1218 added 3 boundary-only nodes from routing
rank=1226/1536 dataset=stackoverflow_a2q_tw walkers=5208 (6385008..6390215) steps=30 mode=0 sched=single-bucket delta_t=0 policy=0
rank=1226 loaded data/1536/stackoverflow_a2q_tw.sub1226.txt (|V_local|=1599  t_range=[7155269,239633017])
rank=1226 loaded routing data/1536/stackoverflow_a2q_tw.rt1226.txt (984 entries)
rank=1234/1536 dataset=stackoverflow_a2q_tw walkers=5208 (6426672..6431879) steps=30 mode=0 sched=single-bucket delta_t=0 policy=0
rank=1234 loaded data/1536/stackoverflow_a2q_tw.sub1234.txt (|V_local|=1598  t_range=[52314430,239661368])
rank=1234 loaded routing data/1536/stackoverflow_a2q_tw.rt1234.txt (951 entries)
rank=1244/1536 dataset=stackoverflow_a2q_tw walkers=5208 (6478752..6483959) steps=30 mode=0 sched=single-bucket delta_t=0 policy=0
rank=1244 loaded data/1536/stackoverflow_a2q_tw.sub1244.txt (|V_local|=1587  t_range=[26285003,239589228])
rank=1244 loaded routing data/1536/stackoverflow_a2q_tw.rt1244.txt (1069 entries)
rank=1244 added 2 boundary-only nodes from routing
rank=1224/1536 dataset=stackoverflow_a2q_tw walkers=5208 (6374592..6379799) steps=30 mode=0 sched=single-bucket delta_t=0 policy=0
rank=1224 loaded data/1536/stackoverflow_a2q_tw.sub1224.txt (|V_local|=1585  t_range=[3927020,239546800])
rank=1224 loaded routing data/1536/stackoverflow_a2q_tw.rt1224.txt (1047 entries)
rank=1224 added 1 boundary-only nodes from routing
rank=1228/1536 dataset=stackoverflow_a2q_tw walkers=5208 (6395424..6400631) steps=30 mode=0 sched=single-bucket delta_t=0 policy=0
rank=1228 loaded data/1536/stackoverflow_a2q_tw.sub1228.txt (|V_local|=1584  t_range=[15441504,239537461])
rank=1228 loaded routing data/1536/stackoverflow_a2q_tw.rt1228.txt (1000 entries)
rank=1235/1536 dataset=stackoverflow_a2q_tw walkers=5208 (6431880..6437087) steps=30 mode=0 sched=single-bucket delta_t=0 policy=0
rank=1235 loaded data/1536/stackoverflow_a2q_tw.sub1235.txt (|V_local|=1594  t_range=[18007484,239672505])
rank=1235 loaded routing data/1536/stackoverflow_a2q_tw.rt1235.txt (1027 entries)
rank=1235 added 1 boundary-only nodes from routing
rank=1246/1536 dataset=stackoverflow_a2q_tw walkers=5208 (6489168..6494375) steps=30 mode=0 sched=single-bucket delta_t=0 policy=0
rank=1246 loaded data/1536/stackoverflow_a2q_tw.sub1246.txt (|V_local|=1579  t_range=[20087568,239466544])
rank=1246 loaded routing data/1536/stackoverflow_a2q_tw.rt1246.txt (980 entries)
rank=1246 added 4 boundary-only nodes from routing
rank=241 loaded data/1536/stackoverflow_a2q_tw.sub241.txt (|V_local|=1651  t_range=[43755351,239659965])
rank=241 loaded routing data/1536/stackoverflow_a2q_tw.rt241.txt (909 entries)
rank=253/1536 dataset=stackoverflow_a2q_tw walkers=5208 (1317624..1322831) steps=30 mode=0 sched=single-bucket delta_t=0 policy=0
rank=253 loaded data/1536/stackoverflow_a2q_tw.sub253.txt (|V_local|=1638  t_range=[23653227,239617902])
rank=253 loaded routing data/1536/stackoverflow_a2q_tw.rt253.txt (1038 entries)
rank=261/1536 dataset=stackoverflow_a2q_tw walkers=5208 (1359288..1364495) steps=30 mode=0 sched=single-bucket delta_t=0 policy=0
rank=261 loaded data/1536/stackoverflow_a2q_tw.sub261.txt (|V_local|=1583  t_range=[19825871,239576407])
rank=261 loaded routing data/1536/stackoverflow_a2q_tw.rt261.txt (1086 entries)
rank=240/1536 dataset=stackoverflow_a2q_tw walkers=5208 (1249920..1255127) steps=30 mode=0 sched=single-bucket delta_t=0 policy=0
rank=240 loaded data/1536/stackoverflow_a2q_tw.sub240.txt (|V_local|=1594  t_range=[32466544,239656521])
rank=240 loaded routing data/1536/stackoverflow_a2q_tw.rt240.txt (1084 entries)
rank=259/1536 dataset=stackoverflow_a2q_tw walkers=5208 (1348872..1354079) steps=30 mode=0 sched=single-bucket delta_t=0 policy=0
rank=259 loaded data/1536/stackoverflow_a2q_tw.sub259.txt (|V_local|=1591  t_range=[32408658,239645203])
rank=259 loaded routing data/1536/stackoverflow_a2q_tw.rt259.txt (1046 entries)
rank=251/1536 dataset=stackoverflow_a2q_tw walkers=5208 (1307208..1312415) steps=30 mode=0 sched=single-bucket delta_t=0 policy=0
rank=251 loaded data/1536/stackoverflow_a2q_tw.sub251.txt (|V_local|=1586  t_range=[33082778,239673892])
rank=251 loaded routing data/1536/stackoverflow_a2q_tw.rt251.txt (1078 entries)
rank=251 added 1 boundary-only nodes from routing
rank=273/1536 dataset=stackoverflow_a2q_tw walkers=5208 (1421784..1426991) steps=30 mode=0 sched=single-bucket delta_t=0 policy=0
rank=273 loaded data/1536/stackoverflow_a2q_tw.sub273.txt (|V_local|=1590  t_range=[8984577,239684383])
rank=273 loaded routing data/1536/stackoverflow_a2q_tw.rt273.txt (1009 entries)
rank=273 added 1 boundary-only nodes from routing
rank=279/1536 dataset=stackoverflow_a2q_tw walkers=5208 (1453032..1458239) steps=30 mode=0 sched=single-bucket delta_t=0 policy=0
rank=279 loaded data/1536/stackoverflow_a2q_tw.sub279.txt (|V_local|=1586  t_range=[3967104,239566198])
rank=279 loaded routing data/1536/stackoverflow_a2q_tw.rt279.txt (1086 entries)
rank=279 added 3 boundary-only nodes from routing
rank=243/1536 dataset=stackoverflow_a2q_tw walkers=5208 (1265544..1270751) steps=30 mode=0 sched=single-bucket delta_t=0 policy=0
rank=243 loaded data/1536/stackoverflow_a2q_tw.sub243.txt (|V_local|=1589  t_range=[16163414,239651824])
rank=243 loaded routing data/1536/stackoverflow_a2q_tw.rt243.txt (1124 entries)
rank=276/1536 dataset=stackoverflow_a2q_tw walkers=5208 (1437408..1442615) steps=30 mode=0 sched=single-bucket delta_t=0 policy=0
rank=276 loaded data/1536/stackoverflow_a2q_tw.sub276.txt (|V_local|=1588  t_range=[4202893,239676655])
rank=276 loaded routing data/1536/stackoverflow_a2q_tw.rt276.txt (1079 entries)
rank=276 added 1 boundary-only nodes from routing
rank=245/1536 dataset=stackoverflow_a2q_tw walkers=5208 (1275960..1281167) steps=30 mode=0 sched=single-bucket delta_t=0 policy=0
rank=245 loaded data/1536/stackoverflow_a2q_tw.sub245.txt (|V_local|=1590  t_range=[24230245,239645082])
rank=245 loaded routing data/1536/stackoverflow_a2q_tw.rt245.txt (1070 entries)
rank=272/1536 dataset=stackoverflow_a2q_tw walkers=5208 (1416576..1421783) steps=30 mode=0 sched=single-bucket delta_t=0 policy=0
rank=272 loaded data/1536/stackoverflow_a2q_tw.sub272.txt (|V_local|=1594  t_range=[5494694,239646344])
rank=272 loaded routing data/1536/stackoverflow_a2q_tw.rt272.txt (1112 entries)
rank=265/1536 dataset=stackoverflow_a2q_tw walkers=5208 (1380120..1385327) steps=30 mode=0 sched=single-bucket delta_t=0 policy=0
rank=265 loaded data/1536/stackoverflow_a2q_tw.sub265.txt (|V_local|=1594  t_range=[11708068,239662495])
rank=265 loaded routing data/1536/stackoverflow_a2q_tw.rt265.txt (1048 entries)
rank=256/1536 dataset=stackoverflow_a2q_tw walkers=5208 (1333248..1338455) steps=30 mode=0 sched=single-bucket delta_t=0 policy=0
rank=256 loaded data/1536/stackoverflow_a2q_tw.sub256.txt (|V_local|=1645  t_range=[18465380,239545002])
rank=256 loaded routing data/1536/stackoverflow_a2q_tw.rt256.txt (1072 entries)
rank=271/1536 dataset=stackoverflow_a2q_tw walkers=5208 (1411368..1416575) steps=30 mode=0 sched=single-bucket delta_t=0 policy=0
rank=271 loaded data/1536/stackoverflow_a2q_tw.sub271.txt (|V_local|=1590  t_range=[3222861,239693146])
rank=271 loaded routing data/1536/stackoverflow_a2q_tw.rt271.txt (1087 entries)
rank=271 added 1 boundary-only nodes from routing
rank=280/1536 dataset=stackoverflow_a2q_tw walkers=5208 (1458240..1463447) steps=30 mode=0 sched=single-bucket delta_t=0 policy=0
rank=280 loaded data/1536/stackoverflow_a2q_tw.sub280.txt (|V_local|=1652  t_range=[50456864,239566342])
rank=280 loaded routing data/1536/stackoverflow_a2q_tw.rt280.txt (785 entries)
rank=247/1536 dataset=stackoverflow_a2q_tw walkers=5208 (1286376..1291583) steps=30 mode=0 sched=single-bucket delta_t=0 policy=0
rank=247 loaded data/1536/stackoverflow_a2q_tw.sub247.txt (|V_local|=1651  t_range=[36417680,239695626])
rank=247 loaded routing data/1536/stackoverflow_a2q_tw.rt247.txt (937 entries)
rank=275/1536 dataset=stackoverflow_a2q_tw walkers=5208 (1432200..1437407) steps=30 mode=0 sched=single-bucket delta_t=0 policy=0
rank=275 loaded data/1536/stackoverflow_a2q_tw.sub275.txt (|V_local|=1595  t_range=[45542266,239675233])
rank=275 loaded routing data/1536/stackoverflow_a2q_tw.rt275.txt (1003 entries)
rank=275 added 1 boundary-only nodes from routing
rank=267/1536 dataset=stackoverflow_a2q_tw walkers=5208 (1390536..1395743) steps=30 mode=0 sched=single-bucket delta_t=0 policy=0
rank=267 loaded data/1536/stackoverflow_a2q_tw.sub267.txt (|V_local|=1589  t_range=[21027051,239683443])
rank=267 loaded routing data/1536/stackoverflow_a2q_tw.rt267.txt (1086 entries)
rank=267 added 1 boundary-only nodes from routing
rank=270/1536 dataset=stackoverflow_a2q_tw walkers=5208 (1406160..1411367) steps=30 mode=0 sched=single-bucket delta_t=0 policy=0
rank=270 loaded data/1536/stackoverflow_a2q_tw.sub270.txt (|V_local|=1590  t_range=[7236647,239619377])
rank=270 loaded routing data/1536/stackoverflow_a2q_tw.rt270.txt (1082 entries)
rank=286/1536 dataset=stackoverflow_a2q_tw walkers=5208 (1489488..1494695) steps=30 mode=0 sched=single-bucket delta_t=0 policy=0
rank=286 loaded data/1536/stackoverflow_a2q_tw.sub286.txt (|V_local|=1614  t_range=[45131079,239681958])
rank=286 loaded routing data/1536/stackoverflow_a2q_tw.rt286.txt (969 entries)
rank=266/1536 dataset=stackoverflow_a2q_tw walkers=5208 (1385328..1390535) steps=30 mode=0 sched=single-bucket delta_t=0 policy=0
rank=266 loaded data/1536/stackoverflow_a2q_tw.sub266.txt (|V_local|=1616  t_range=[45184525,239663737])
rank=266 loaded routing data/1536/stackoverflow_a2q_tw.rt266.txt (978 entries)
rank=266 added 1 boundary-only nodes from routing
rank=264/1536 dataset=stackoverflow_a2q_tw walkers=5208 (1374912..1380119) steps=30 mode=0 sched=single-bucket delta_t=0 policy=0
rank=264 loaded data/1536/stackoverflow_a2q_tw.sub264.txt (|V_local|=1591  t_range=[6859262,239617988])
rank=264 loaded routing data/1536/stackoverflow_a2q_tw.rt264.txt (1059 entries)
rank=263/1536 dataset=stackoverflow_a2q_tw walkers=5208 (1369704..1374911) steps=30 mode=0 sched=single-bucket delta_t=0 policy=0
rank=263 loaded data/1536/stackoverflow_a2q_tw.sub263.txt (|V_local|=1651  t_range=[44541739,239520263])
rank=263 loaded routing data/1536/stackoverflow_a2q_tw.rt263.txt (980 entries)
rank=741/1536 dataset=stackoverflow_a2q_tw walkers=5208 (3859128..3864335) steps=30 mode=0 sched=single-bucket delta_t=0 policy=0
rank=741 loaded data/1536/stackoverflow_a2q_tw.sub741.txt (|V_local|=1591  t_range=[391430,239653242])
rank=741 loaded routing data/1536/stackoverflow_a2q_tw.rt741.txt (1032 entries)
rank=726/1536 dataset=stackoverflow_a2q_tw walkers=5208 (3781008..3786215) steps=30 mode=0 sched=single-bucket delta_t=0 policy=0
rank=726 loaded data/1536/stackoverflow_a2q_tw.sub726.txt (|V_local|=1591  t_range=[4924294,239576341])
rank=726 loaded routing data/1536/stackoverflow_a2q_tw.rt726.txt (1057 entries)
rank=761/1536 dataset=stackoverflow_a2q_tw walkers=5208 (3963288..3968495) steps=30 mode=0 sched=single-bucket delta_t=0 policy=0
rank=761 loaded data/1536/stackoverflow_a2q_tw.sub761.txt (|V_local|=1594  t_range=[4029518,239559238])
rank=761 loaded routing data/1536/stackoverflow_a2q_tw.rt761.txt (1074 entries)
rank=753/1536 dataset=stackoverflow_a2q_tw walkers=5208 (3921624..3926831) steps=30 mode=0 sched=single-bucket delta_t=0 policy=0
rank=753 loaded data/1536/stackoverflow_a2q_tw.sub753.txt (|V_local|=1584  t_range=[36707607,239641708])
rank=753 loaded routing data/1536/stackoverflow_a2q_tw.rt753.txt (1037 entries)
rank=753 added 2 boundary-only nodes from routing
rank=745/1536 dataset=stackoverflow_a2q_tw walkers=5208 (3879960..3885167) steps=30 mode=0 sched=single-bucket delta_t=0 policy=0
rank=745 loaded data/1536/stackoverflow_a2q_tw.sub745.txt (|V_local|=1590  t_range=[18661257,239676287])
rank=745 loaded routing data/1536/stackoverflow_a2q_tw.rt745.txt (1110 entries)
rank=734/1536 dataset=stackoverflow_a2q_tw walkers=5208 (3822672..3827879) steps=30 mode=0 sched=single-bucket delta_t=0 policy=0
rank=734 loaded data/1536/stackoverflow_a2q_tw.sub734.txt (|V_local|=1597  t_range=[4104881,239625853])
rank=734 loaded routing data/1536/stackoverflow_a2q_tw.rt734.txt (1031 entries)
rank=734 added 1 boundary-only nodes from routing
rank=762/1536 dataset=stackoverflow_a2q_tw walkers=5208 (3968496..3973703) steps=30 mode=0 sched=single-bucket delta_t=0 policy=0
rank=762 loaded data/1536/stackoverflow_a2q_tw.sub762.txt (|V_local|=1590  t_range=[13650870,239679624])
rank=762 loaded routing data/1536/stackoverflow_a2q_tw.rt762.txt (1041 entries)
rank=762 added 2 boundary-only nodes from routing
rank=754/1536 dataset=stackoverflow_a2q_tw walkers=5208 (3926832..3932039) steps=30 mode=0 sched=single-bucket delta_t=0 policy=0
rank=754 loaded data/1536/stackoverflow_a2q_tw.sub754.txt (|V_local|=1594  t_range=[18490344,239677137])
rank=754 loaded routing data/1536/stackoverflow_a2q_tw.rt754.txt (1020 entries)
rank=766/1536 dataset=stackoverflow_a2q_tw walkers=5208 (3989328..3994535) steps=30 mode=0 sched=single-bucket delta_t=0 policy=0
rank=766 loaded data/1536/stackoverflow_a2q_tw.sub766.txt (|V_local|=1614  t_range=[13840742,239480202])
rank=766 loaded routing data/1536/stackoverflow_a2q_tw.rt766.txt (863 entries)
rank=744/1536 dataset=stackoverflow_a2q_tw walkers=5208 (3874752..3879959) steps=30 mode=0 sched=single-bucket delta_t=0 policy=0
rank=744 loaded data/1536/stackoverflow_a2q_tw.sub744.txt (|V_local|=1590  t_range=[6957261,239654077])
rank=744 loaded routing data/1536/stackoverflow_a2q_tw.rt744.txt (1061 entries)
rank=744 added 4 boundary-only nodes from routing
rank=748/1536 dataset=stackoverflow_a2q_tw walkers=5208 (3895584..3900791) steps=30 mode=0 sched=single-bucket delta_t=0 policy=0
rank=748 loaded data/1536/stackoverflow_a2q_tw.sub748.txt (|V_local|=1586  t_range=[7769571,239685660])
rank=748 loaded routing data/1536/stackoverflow_a2q_tw.rt748.txt (1086 entries)
rank=748 added 1 boundary-only nodes from routing
rank=743/1536 dataset=stackoverflow_a2q_tw walkers=5208 (3869544..3874751) steps=30 mode=0 sched=single-bucket delta_t=0 policy=0
rank=743 loaded data/1536/stackoverflow_a2q_tw.sub743.txt (|V_local|=1595  t_range=[1631927,239572672])
rank=743 loaded routing data/1536/stackoverflow_a2q_tw.rt743.txt (1100 entries)
rank=743 added 1 boundary-only nodes from routing
rank=751/1536 dataset=stackoverflow_a2q_tw walkers=5208 (3911208..3916415) steps=30 mode=0 sched=single-bucket delta_t=0 policy=0
rank=751 loaded data/1536/stackoverflow_a2q_tw.sub751.txt (|V_local|=1621  t_range=[9344933,239677699])
rank=751 loaded routing data/1536/stackoverflow_a2q_tw.rt751.txt (1019 entries)
rank=765/1536 dataset=stackoverflow_a2q_tw walkers=5208 (3984120..3989327) steps=30 mode=0 sched=single-bucket delta_t=0 policy=0
rank=765 loaded data/1536/stackoverflow_a2q_tw.sub765.txt (|V_local|=1588  t_range=[5697052,239642555])
rank=765 loaded routing data/1536/stackoverflow_a2q_tw.rt765.txt (1034 entries)
rank=765 added 2 boundary-only nodes from routing
rank=735/1536 dataset=stackoverflow_a2q_tw walkers=5208 (3827880..3833087) steps=30 mode=0 sched=single-bucket delta_t=0 policy=0
rank=735 loaded data/1536/stackoverflow_a2q_tw.sub735.txt (|V_local|=1581  t_range=[6429668,239668504])
rank=735 loaded routing data/1536/stackoverflow_a2q_tw.rt735.txt (963 entries)
rank=735 added 3 boundary-only nodes from routing
rank=758/1536 dataset=stackoverflow_a2q_tw walkers=5208 (3947664..3952871) steps=30 mode=0 sched=single-bucket delta_t=0 policy=0
rank=758 loaded data/1536/stackoverflow_a2q_tw.sub758.txt (|V_local|=1586  t_range=[2035992,239647811])
rank=758 loaded routing data/1536/stackoverflow_a2q_tw.rt758.txt (1114 entries)
rank=758 added 5 boundary-only nodes from routing
rank=747/1536 dataset=stackoverflow_a2q_tw walkers=5208 (3890376..3895583) steps=30 mode=0 sched=single-bucket delta_t=0 policy=0
rank=747 loaded data/1536/stackoverflow_a2q_tw.sub747.txt (|V_local|=1591  t_range=[22706678,239671591])
rank=747 loaded routing data/1536/stackoverflow_a2q_tw.rt747.txt (1036 entries)
rank=747 added 1 boundary-only nodes from routing
rank=746/1536 dataset=stackoverflow_a2q_tw walkers=5208 (3885168..3890375) steps=30 mode=0 sched=single-bucket delta_t=0 policy=0
rank=746 loaded data/1536/stackoverflow_a2q_tw.sub746.txt (|V_local|=1608  t_range=[7748861,239640192])
rank=746 loaded routing data/1536/stackoverflow_a2q_tw.rt746.txt (974 entries)
rank=720/1536 dataset=stackoverflow_a2q_tw walkers=5208 (3749760..3754967) steps=30 mode=0 sched=single-bucket delta_t=0 policy=0
rank=720 loaded data/1536/stackoverflow_a2q_tw.sub720.txt (|V_local|=1594  t_range=[11412718,239608644])
rank=720 loaded routing data/1536/stackoverflow_a2q_tw.rt720.txt (1078 entries)
rank=755/1536 dataset=stackoverflow_a2q_tw walkers=5208 (3932040..3937247) steps=30 mode=0 sched=single-bucket delta_t=0 policy=0
rank=755 loaded data/1536/stackoverflow_a2q_tw.sub755.txt (|V_local|=1592  t_range=[14344611,239695898])
rank=755 loaded routing data/1536/stackoverflow_a2q_tw.rt755.txt (1013 entries)
rank=749/1536 dataset=stackoverflow_a2q_tw walkers=5208 (3900792..3905999) steps=30 mode=0 sched=single-bucket delta_t=0 policy=0
rank=749 loaded data/1536/stackoverflow_a2q_tw.sub749.txt (|V_local|=1587  t_range=[4304381,239585653])
rank=749 loaded routing data/1536/stackoverflow_a2q_tw.rt749.txt (1076 entries)
rank=749 added 1 boundary-only nodes from routing
rank=763/1536 dataset=stackoverflow_a2q_tw walkers=5208 (3973704..3978911) steps=30 mode=0 sched=single-bucket delta_t=0 policy=0
rank=763 loaded data/1536/stackoverflow_a2q_tw.sub763.txt (|V_local|=1595  t_range=[5860231,239690979])
rank=763 loaded routing data/1536/stackoverflow_a2q_tw.rt763.txt (783 entries)
rank=767/1536 dataset=stackoverflow_a2q_tw walkers=5208 (3994536..3999743) steps=30 mode=0 sched=single-bucket delta_t=0 policy=0
rank=767 loaded data/1536/stackoverflow_a2q_tw.sub767.txt (|V_local|=1638  t_range=[25798944,239696671])
rank=767 loaded routing data/1536/stackoverflow_a2q_tw.rt767.txt (974 entries)
rank=742/1536 dataset=stackoverflow_a2q_tw walkers=5208 (3864336..3869543) steps=30 mode=0 sched=single-bucket delta_t=0 policy=0
rank=742 loaded data/1536/stackoverflow_a2q_tw.sub742.txt (|V_local|=1651  t_range=[9427498,239600400])
rank=742 loaded routing data/1536/stackoverflow_a2q_tw.rt742.txt (833 entries)
rank=742 added 1 boundary-only nodes from routing
rank=378/1536 dataset=stackoverflow_a2q_tw walkers=5208 (1968624..1973831) steps=30 mode=0 sched=single-bucket delta_t=0 policy=0
rank=378 loaded data/1536/stackoverflow_a2q_tw.sub378.txt (|V_local|=1591  t_range=[37570444,239664210])
rank=378 loaded routing data/1536/stackoverflow_a2q_tw.rt378.txt (1087 entries)
rank=350/1536 dataset=stackoverflow_a2q_tw walkers=5208 (1822800..1828007) steps=30 mode=0 sched=single-bucket delta_t=0 policy=0
rank=350 loaded data/1536/stackoverflow_a2q_tw.sub350.txt (|V_local|=1588  t_range=[4259479,239698614])
rank=350 loaded routing data/1536/stackoverflow_a2q_tw.rt350.txt (1076 entries)
rank=31 loaded routing data/1536/stackoverflow_a2q_tw.rt31.txt (876 entries)
rank=442/1536 dataset=stackoverflow_a2q_tw walkers=5208 (2301936..2307143) steps=30 mode=0 sched=single-bucket delta_t=0 policy=0
rank=442 loaded data/1536/stackoverflow_a2q_tw.sub442.txt (|V_local|=1589  t_range=[396990,239511965])
rank=442 loaded routing data/1536/stackoverflow_a2q_tw.rt442.txt (1048 entries)
rank=442 added 1 boundary-only nodes from routing
rank=439/1536 dataset=stackoverflow_a2q_tw walkers=5208 (2286312..2291519) steps=30 mode=0 sched=single-bucket delta_t=0 policy=0
rank=439 loaded data/1536/stackoverflow_a2q_tw.sub439.txt (|V_local|=1588  t_range=[3946743,239630594])
rank=439 loaded routing data/1536/stackoverflow_a2q_tw.rt439.txt (1011 entries)
rank=439 added 3 boundary-only nodes from routing
rank=451/1536 dataset=stackoverflow_a2q_tw walkers=5208 (2348808..2354015) steps=30 mode=0 sched=single-bucket delta_t=0 policy=0
rank=451 loaded data/1536/stackoverflow_a2q_tw.sub451.txt (|V_local|=1586  t_range=[3205695,239589372])
rank=451 loaded routing data/1536/stackoverflow_a2q_tw.rt451.txt (1068 entries)
rank=451 added 1 boundary-only nodes from routing
rank=454/1536 dataset=stackoverflow_a2q_tw walkers=5208 (2364432..2369639) steps=30 mode=0 sched=single-bucket delta_t=0 policy=0
rank=454 loaded data/1536/stackoverflow_a2q_tw.sub454.txt (|V_local|=1584  t_range=[2109029,239691520])
rank=454 loaded routing data/1536/stackoverflow_a2q_tw.rt454.txt (1095 entries)
rank=454 added 4 boundary-only nodes from routing
rank=459/1536 dataset=stackoverflow_a2q_tw walkers=5208 (2390472..2395679) steps=30 mode=0 sched=single-bucket delta_t=0 policy=0
rank=459 loaded data/1536/stackoverflow_a2q_tw.sub459.txt (|V_local|=1587  t_range=[433363,239668243])
rank=459 loaded routing data/1536/stackoverflow_a2q_tw.rt459.txt (1030 entries)
rank=459 added 2 boundary-only nodes from routing
rank=452/1536 dataset=stackoverflow_a2q_tw walkers=5208 (2354016..2359223) steps=30 mode=0 sched=single-bucket delta_t=0 policy=0
rank=452 loaded data/1536/stackoverflow_a2q_tw.sub452.txt (|V_local|=1589  t_range=[1553237,239667924])
rank=452 loaded routing data/1536/stackoverflow_a2q_tw.rt452.txt (1039 entries)
rank=452 added 3 boundary-only nodes from routing
rank=444/1536 dataset=stackoverflow_a2q_tw walkers=5208 (2312352..2317559) steps=30 mode=0 sched=single-bucket delta_t=0 policy=0
rank=444 loaded data/1536/stackoverflow_a2q_tw.sub444.txt (|V_local|=1588  t_range=[1288124,239580989])
rank=444 loaded routing data/1536/stackoverflow_a2q_tw.rt444.txt (1082 entries)
rank=444 added 6 boundary-only nodes from routing
rank=479/1536 dataset=stackoverflow_a2q_tw walkers=5208 (2494632..2499839) steps=30 mode=0 sched=single-bucket delta_t=0 policy=0
rank=479 loaded data/1536/stackoverflow_a2q_tw.sub479.txt (|V_local|=1590  t_range=[1616151,239654962])
rank=479 loaded routing data/1536/stackoverflow_a2q_tw.rt479.txt (1074 entries)
rank=479 added 2 boundary-only nodes from routing
rank=450/1536 dataset=stackoverflow_a2q_tw walkers=5208 (2343600..2348807) steps=30 mode=0 sched=single-bucket delta_t=0 policy=0
rank=450 loaded data/1536/stackoverflow_a2q_tw.sub450.txt (|V_local|=1591  t_range=[2415461,239680444])
rank=450 loaded routing data/1536/stackoverflow_a2q_tw.rt450.txt (1046 entries)
rank=450 added 3 boundary-only nodes from routing
rank=460/1536 dataset=stackoverflow_a2q_tw walkers=5208 (2395680..2400887) steps=30 mode=0 sched=single-bucket delta_t=0 policy=0
rank=460 loaded data/1536/stackoverflow_a2q_tw.sub460.txt (|V_local|=1646  t_range=[2497599,239494748])
rank=460 loaded routing data/1536/stackoverflow_a2q_tw.rt460.txt (818 entries)
rank=460 added 1 boundary-only nodes from routing
rank=466/1536 dataset=stackoverflow_a2q_tw walkers=5208 (2426928..2432135) steps=30 mode=0 sched=single-bucket delta_t=0 policy=0
rank=466 loaded data/1536/stackoverflow_a2q_tw.sub466.txt (|V_local|=1589  t_range=[1022896,239416641])
rank=466 loaded routing data/1536/stackoverflow_a2q_tw.rt466.txt (997 entries)
rank=466 added 3 boundary-only nodes from routing
rank=443/1536 dataset=stackoverflow_a2q_tw walkers=5208 (2307144..2312351) steps=30 mode=0 sched=single-bucket delta_t=0 policy=0
rank=443 loaded data/1536/stackoverflow_a2q_tw.sub443.txt (|V_local|=1586  t_range=[1527394,239626686])
rank=443 loaded routing data/1536/stackoverflow_a2q_tw.rt443.txt (1037 entries)
rank=443 added 5 boundary-only nodes from routing
rank=456/1536 dataset=stackoverflow_a2q_tw walkers=5208 (2374848..2380055) steps=30 mode=0 sched=single-bucket delta_t=0 policy=0
rank=456 loaded data/1536/stackoverflow_a2q_tw.sub456.txt (|V_local|=1596  t_range=[1874203,239584150])
rank=456 loaded routing data/1536/stackoverflow_a2q_tw.rt456.txt (922 entries)
rank=456 added 1 boundary-only nodes from routing
rank=475/1536 dataset=stackoverflow_a2q_tw walkers=5208 (2473800..2479007) steps=30 mode=0 sched=single-bucket delta_t=0 policy=0
rank=475 loaded data/1536/stackoverflow_a2q_tw.sub475.txt (|V_local|=1587  t_range=[58105,239590109])
rank=475 loaded routing data/1536/stackoverflow_a2q_tw.rt475.txt (959 entries)
rank=475 added 4 boundary-only nodes from routing
rank=472/1536 dataset=stackoverflow_a2q_tw walkers=5208 (2458176..2463383) steps=30 mode=0 sched=single-bucket delta_t=0 policy=0
rank=472 loaded data/1536/stackoverflow_a2q_tw.sub472.txt (|V_local|=1652  t_range=[1169016,239673825])
rank=472 loaded routing data/1536/stackoverflow_a2q_tw.rt472.txt (721 entries)
rank=477/1536 dataset=stackoverflow_a2q_tw walkers=5208 (2484216..2489423) steps=30 mode=0 sched=single-bucket delta_t=0 policy=0
rank=477 loaded data/1536/stackoverflow_a2q_tw.sub477.txt (|V_local|=1578  t_range=[3700447,239645617])
rank=477 loaded routing data/1536/stackoverflow_a2q_tw.rt477.txt (1047 entries)
rank=477 added 4 boundary-only nodes from routing
rank=432/1536 dataset=stackoverflow_a2q_tw walkers=5208 (2249856..2255063) steps=30 mode=0 sched=single-bucket delta_t=0 policy=0
rank=432 loaded data/1536/stackoverflow_a2q_tw.sub432.txt (|V_local|=1576  t_range=[4574776,239640076])
rank=432 loaded routing data/1536/stackoverflow_a2q_tw.rt432.txt (1060 entries)
rank=432 added 7 boundary-only nodes from routing
rank=461/1536 dataset=stackoverflow_a2q_tw walkers=5208 (2400888..2406095) steps=30 mode=0 sched=single-bucket delta_t=0 policy=0
rank=461 loaded data/1536/stackoverflow_a2q_tw.sub461.txt (|V_local|=1590  t_range=[717473,239604397])
rank=461 loaded routing data/1536/stackoverflow_a2q_tw.rt461.txt (1007 entries)
rank=461 added 1 boundary-only nodes from routing
rank=463/1536 dataset=stackoverflow_a2q_tw walkers=5208 (2411304..2416511) steps=30 mode=0 sched=single-bucket delta_t=0 policy=0
rank=463 loaded data/1536/stackoverflow_a2q_tw.sub463.txt (|V_local|=1595  t_range=[16003433,239453201])
rank=463 loaded routing data/1536/stackoverflow_a2q_tw.rt463.txt (966 entries)
rank=463 added 4 boundary-only nodes from routing
rank=478/1536 dataset=stackoverflow_a2q_tw walkers=5208 (2489424..2494631) steps=30 mode=0 sched=single-bucket delta_t=0 policy=0
rank=478 loaded data/1536/stackoverflow_a2q_tw.sub478.txt (|V_local|=1587  t_range=[847477,239653943])
rank=478 loaded routing data/1536/stackoverflow_a2q_tw.rt478.txt (941 entries)
rank=478 added 1 boundary-only nodes from routing
rank=465/1536 dataset=stackoverflow_a2q_tw walkers=5208 (2421720..2426927) steps=30 mode=0 sched=single-bucket delta_t=0 policy=0
rank=465 loaded data/1536/stackoverflow_a2q_tw.sub465.txt (|V_local|=1585  t_range=[5700513,239676055])
rank=465 loaded routing data/1536/stackoverflow_a2q_tw.rt465.txt (1011 entries)
rank=465 added 5 boundary-only nodes from routing
rank=446/1536 dataset=stackoverflow_a2q_tw walkers=5208 (2322768..2327975) steps=30 mode=0 sched=single-bucket delta_t=0 policy=0
rank=446 loaded data/1536/stackoverflow_a2q_tw.sub446.txt (|V_local|=1580  t_range=[2991856,239605268])
rank=446 loaded routing data/1536/stackoverflow_a2q_tw.rt446.txt (1031 entries)
rank=446 added 9 boundary-only nodes from routing
rank=467/1536 dataset=stackoverflow_a2q_tw walkers=5208 (2432136..2437343) steps=30 mode=0 sched=single-bucket delta_t=0 policy=0
rank=467 loaded data/1536/stackoverflow_a2q_tw.sub467.txt (|V_local|=1588  t_range=[3376920,239662360])
rank=299 loaded data/1536/stackoverflow_a2q_tw.sub299.txt (|V_local|=1592  t_range=[27927256,239686450])
rank=299 loaded routing data/1536/stackoverflow_a2q_tw.rt299.txt (1007 entries)
rank=1174/1536 dataset=stackoverflow_a2q_tw walkers=5208 (6114192..6119399) steps=30 mode=0 sched=single-bucket delta_t=0 policy=0
rank=1174 loaded data/1536/stackoverflow_a2q_tw.sub1174.txt (|V_local|=1597  t_range=[27595275,239575192])
rank=1174 loaded routing data/1536/stackoverflow_a2q_tw.rt1174.txt (994 entries)
rank=1172/1536 dataset=stackoverflow_a2q_tw walkers=5208 (6103776..6108983) steps=30 mode=0 sched=single-bucket delta_t=0 policy=0
rank=1172 loaded data/1536/stackoverflow_a2q_tw.sub1172.txt (|V_local|=1596  t_range=[24260797,239656496])
rank=1172 loaded routing data/1536/stackoverflow_a2q_tw.rt1172.txt (1062 entries)
rank=1172 added 1 boundary-only nodes from routing
rank=1170/1536 dataset=stackoverflow_a2q_tw walkers=5208 (6093360..6098567) steps=30 mode=0 sched=single-bucket delta_t=0 policy=0
rank=1170 loaded data/1536/stackoverflow_a2q_tw.sub1170.txt (|V_local|=1589  t_range=[5337728,239654430])
rank=1170 loaded routing data/1536/stackoverflow_a2q_tw.rt1170.txt (1106 entries)
rank=1162/1536 dataset=stackoverflow_a2q_tw walkers=5208 (6051696..6056903) steps=30 mode=0 sched=single-bucket delta_t=0 policy=0
rank=1162 loaded data/1536/stackoverflow_a2q_tw.sub1162.txt (|V_local|=1595  t_range=[30205583,239688717])
rank=1162 loaded routing data/1536/stackoverflow_a2q_tw.rt1162.txt (985 entries)
rank=1162 added 1 boundary-only nodes from routing
rank=1165/1536 dataset=stackoverflow_a2q_tw walkers=5208 (6067320..6072527) steps=30 mode=0 sched=single-bucket delta_t=0 policy=0
rank=1165 loaded data/1536/stackoverflow_a2q_tw.sub1165.txt (|V_local|=1577  t_range=[24653496,239585533])
rank=1165 loaded routing data/1536/stackoverflow_a2q_tw.rt1165.txt (1095 entries)
rank=1165 added 4 boundary-only nodes from routing
rank=1169/1536 dataset=stackoverflow_a2q_tw walkers=5208 (6088152..6093359) steps=30 mode=0 sched=single-bucket delta_t=0 policy=0
rank=1169 loaded data/1536/stackoverflow_a2q_tw.sub1169.txt (|V_local|=1601  t_range=[43282138,239507059])
rank=1169 loaded routing data/1536/stackoverflow_a2q_tw.rt1169.txt (1083 entries)
rank=1169 added 1 boundary-only nodes from routing
rank=1184/1536 dataset=stackoverflow_a2q_tw walkers=5208 (6166272..6171479) steps=30 mode=0 sched=single-bucket delta_t=0 policy=0
rank=1184 loaded data/1536/stackoverflow_a2q_tw.sub1184.txt (|V_local|=1591  t_range=[12748108,239657022])
rank=1184 loaded routing data/1536/stackoverflow_a2q_tw.rt1184.txt (1089 entries)
rank=1179/1536 dataset=stackoverflow_a2q_tw walkers=5208 (6140232..6145439) steps=30 mode=0 sched=single-bucket delta_t=0 policy=0
rank=1179 loaded data/1536/stackoverflow_a2q_tw.sub1179.txt (|V_local|=1595  t_range=[7026549,239692605])
rank=1179 loaded routing data/1536/stackoverflow_a2q_tw.rt1179.txt (1115 entries)
rank=1190/1536 dataset=stackoverflow_a2q_tw walkers=5208 (6197520..6202727) steps=30 mode=0 sched=single-bucket delta_t=0 policy=0
rank=1190 loaded data/1536/stackoverflow_a2q_tw.sub1190.txt (|V_local|=1595  t_range=[30742132,239668863])
rank=1190 loaded routing data/1536/stackoverflow_a2q_tw.rt1190.txt (1091 entries)
rank=1173/1536 dataset=stackoverflow_a2q_tw walkers=5208 (6108984..6114191) steps=30 mode=0 sched=single-bucket delta_t=0 policy=0
rank=1173 loaded data/1536/stackoverflow_a2q_tw.sub1173.txt (|V_local|=1590  t_range=[40176675,239685084])
rank=1173 loaded routing data/1536/stackoverflow_a2q_tw.rt1173.txt (1121 entries)
rank=1194/1536 dataset=stackoverflow_a2q_tw walkers=5208 (6218352..6223559) steps=30 mode=0 sched=single-bucket delta_t=0 policy=0
rank=1194 loaded data/1536/stackoverflow_a2q_tw.sub1194.txt (|V_local|=1582  t_range=[40345437,239572190])
rank=1194 loaded routing data/1536/stackoverflow_a2q_tw.rt1194.txt (1045 entries)
rank=1194 added 7 boundary-only nodes from routing
rank=1171/1536 dataset=stackoverflow_a2q_tw walkers=5208 (6098568..6103775) steps=30 mode=0 sched=single-bucket delta_t=0 policy=0
rank=1171 loaded data/1536/stackoverflow_a2q_tw.sub1171.txt (|V_local|=1596  t_range=[9452169,239568972])
rank=1171 loaded routing data/1536/stackoverflow_a2q_tw.rt1171.txt (1067 entries)
rank=1181/1536 dataset=stackoverflow_a2q_tw walkers=5208 (6150648..6155855) steps=30 mode=0 sched=single-bucket delta_t=0 policy=0
rank=1181 loaded data/1536/stackoverflow_a2q_tw.sub1181.txt (|V_local|=1607  t_range=[53804696,239672532])
rank=1181 loaded routing data/1536/stackoverflow_a2q_tw.rt1181.txt (1078 entries)
rank=1198/1536 dataset=stackoverflow_a2q_tw walkers=5208 (6239184..6244391) steps=30 mode=0 sched=single-bucket delta_t=0 policy=0
rank=1198 loaded data/1536/stackoverflow_a2q_tw.sub1198.txt (|V_local|=1591  t_range=[27624909,239674631])
rank=1198 loaded routing data/1536/stackoverflow_a2q_tw.rt1198.txt (1027 entries)
rank=1186/1536 dataset=stackoverflow_a2q_tw walkers=5208 (6176688..6181895) steps=30 mode=0 sched=single-bucket delta_t=0 policy=0
rank=1186 loaded data/1536/stackoverflow_a2q_tw.sub1186.txt (|V_local|=1592  t_range=[35562536,239697973])
rank=1186 loaded routing data/1536/stackoverflow_a2q_tw.rt1186.txt (1077 entries)
rank=1186 added 1 boundary-only nodes from routing
rank=1185/1536 dataset=stackoverflow_a2q_tw walkers=5208 (6171480..6176687) steps=30 mode=0 sched=single-bucket delta_t=0 policy=0
rank=1185 loaded data/1536/stackoverflow_a2q_tw.sub1185.txt (|V_local|=1585  t_range=[31880688,239696973])
rank=1185 loaded routing data/1536/stackoverflow_a2q_tw.rt1185.txt (1065 entries)
rank=1182/1536 dataset=stackoverflow_a2q_tw walkers=5208 (6155856..6161063) steps=30 mode=0 sched=single-bucket delta_t=0 policy=0
rank=1182 loaded data/1536/stackoverflow_a2q_tw.sub1182.txt (|V_local|=1593  t_range=[42467364,239658394])
rank=1182 loaded routing data/1536/stackoverflow_a2q_tw.rt1182.txt (1060 entries)
rank=1191/1536 dataset=stackoverflow_a2q_tw walkers=5208 (6202728..6207935) steps=30 mode=0 sched=single-bucket delta_t=0 policy=0
rank=1191 loaded data/1536/stackoverflow_a2q_tw.sub1191.txt (|V_local|=1591  t_range=[6886056,239620673])
rank=1191 loaded routing data/1536/stackoverflow_a2q_tw.rt1191.txt (1047 entries)
rank=1192/1536 dataset=stackoverflow_a2q_tw walkers=5208 (6207936..6213143) steps=30 mode=0 sched=single-bucket delta_t=0 policy=0
rank=1192 loaded data/1536/stackoverflow_a2q_tw.sub1192.txt (|V_local|=1584  t_range=[6417981,239695032])
rank=1192 loaded routing data/1536/stackoverflow_a2q_tw.rt1192.txt (1029 entries)
rank=1192 added 1 boundary-only nodes from routing
rank=1199/1536 dataset=stackoverflow_a2q_tw walkers=5208 (6244392..6249599) steps=30 mode=0 sched=single-bucket delta_t=0 policy=0
rank=1199 loaded data/1536/stackoverflow_a2q_tw.sub1199.txt (|V_local|=1584  t_range=[4777164,239691085])
rank=1199 loaded routing data/1536/stackoverflow_a2q_tw.rt1199.txt (1104 entries)
rank=1199 added 1 boundary-only nodes from routing
rank=1197/1536 dataset=stackoverflow_a2q_tw walkers=5208 (6233976..6239183) steps=30 mode=0 sched=single-bucket delta_t=0 policy=0
rank=1197 loaded data/1536/stackoverflow_a2q_tw.sub1197.txt (|V_local|=1581  t_range=[3989090,239696683])
rank=1197 loaded routing data/1536/stackoverflow_a2q_tw.rt1197.txt (1037 entries)
rank=1197 added 1 boundary-only nodes from routing
rank=1188/1536 dataset=stackoverflow_a2q_tw walkers=5208 (6187104..6192311) steps=30 mode=0 sched=single-bucket delta_t=0 policy=0
rank=1188 loaded data/1536/stackoverflow_a2q_tw.sub1188.txt (|V_local|=1594  t_range=[16934973,239682154])
rank=1188 loaded routing data/1536/stackoverflow_a2q_tw.rt1188.txt (992 entries)
rank=1183/1536 dataset=stackoverflow_a2q_tw walkers=5208 (6161064..6166271) steps=30 mode=0 sched=single-bucket delta_t=0 policy=0
rank=1183 loaded data/1536/stackoverflow_a2q_tw.sub1183.txt (|V_local|=1596  t_range=[15547797,239695105])
rank=1183 loaded routing data/1536/stackoverflow_a2q_tw.rt1183.txt (1020 entries)
rank=1193/1536 dataset=stackoverflow_a2q_tw walkers=5208 (6213144..6218351) steps=30 mode=0 sched=single-bucket delta_t=0 policy=0
rank=1193 loaded data/1536/stackoverflow_a2q_tw.sub1193.txt (|V_local|=1589  t_range=[28985335,239658926])
rank=1193 loaded routing data/1536/stackoverflow_a2q_tw.rt1193.txt (1015 entries)
rank=1460 loaded data/1536/stackoverflow_a2q_tw.sub1460.txt (|V_local|=1590  t_range=[2664808,239618360])
rank=1460 loaded routing data/1536/stackoverflow_a2q_tw.rt1460.txt (1042 entries)
rank=1460 added 2 boundary-only nodes from routing
rank=1440/1536 dataset=stackoverflow_a2q_tw walkers=5208 (7499520..7504727) steps=30 mode=0 sched=single-bucket delta_t=0 policy=0
rank=1440 loaded data/1536/stackoverflow_a2q_tw.sub1440.txt (|V_local|=1586  t_range=[4201841,239649312])
rank=1440 loaded routing data/1536/stackoverflow_a2q_tw.rt1440.txt (1048 entries)
rank=1479/1536 dataset=stackoverflow_a2q_tw walkers=5208 (7702632..7707839) steps=30 mode=0 sched=single-bucket delta_t=0 policy=0
rank=1479 loaded data/1536/stackoverflow_a2q_tw.sub1479.txt (|V_local|=1580  t_range=[8182429,239662031])
rank=1479 loaded routing data/1536/stackoverflow_a2q_tw.rt1479.txt (988 entries)
rank=816 loaded routing data/1536/stackoverflow_a2q_tw.rt816.txt (945 entries)
rank=428/1536 dataset=stackoverflow_a2q_tw walkers=5208 (2229024..2234231) steps=30 mode=0 sched=single-bucket delta_t=0 policy=0
rank=428 loaded data/1536/stackoverflow_a2q_tw.sub428.txt (|V_local|=1649  t_range=[405386,239681681])
rank=428 loaded routing data/1536/stackoverflow_a2q_tw.rt428.txt (643 entries)
rank=428 added 3 boundary-only nodes from routing
rank=402/1536 dataset=stackoverflow_a2q_tw walkers=5208 (2093616..2098823) steps=30 mode=0 sched=single-bucket delta_t=0 policy=0
rank=402 loaded data/1536/stackoverflow_a2q_tw.sub402.txt (|V_local|=1590  t_range=[95141,239679420])
rank=402 loaded routing data/1536/stackoverflow_a2q_tw.rt402.txt (1027 entries)
rank=402 added 2 boundary-only nodes from routing
rank=405/1536 dataset=stackoverflow_a2q_tw walkers=5208 (2109240..2114447) steps=30 mode=0 sched=single-bucket delta_t=0 policy=0
rank=405 loaded data/1536/stackoverflow_a2q_tw.sub405.txt (|V_local|=1575  t_range=[2229532,239601072])
rank=405 loaded routing data/1536/stackoverflow_a2q_tw.rt405.txt (1016 entries)
rank=405 added 9 boundary-only nodes from routing
rank=418/1536 dataset=stackoverflow_a2q_tw walkers=5208 (2176944..2182151) steps=30 mode=0 sched=single-bucket delta_t=0 policy=0
rank=418 loaded data/1536/stackoverflow_a2q_tw.sub418.txt (|V_local|=1651  t_range=[2693373,239575903])
rank=418 loaded routing data/1536/stackoverflow_a2q_tw.rt418.txt (654 entries)
rank=408/1536 dataset=stackoverflow_a2q_tw walkers=5208 (2124864..2130071) steps=30 mode=0 sched=single-bucket delta_t=0 policy=0
rank=408 loaded data/1536/stackoverflow_a2q_tw.sub408.txt (|V_local|=1594  t_range=[4770286,239658631])
rank=408 loaded routing data/1536/stackoverflow_a2q_tw.rt408.txt (965 entries)
rank=420/1536 dataset=stackoverflow_a2q_tw walkers=5208 (2187360..2192567) steps=30 mode=0 sched=single-bucket delta_t=0 policy=0
rank=420 loaded data/1536/stackoverflow_a2q_tw.sub420.txt (|V_local|=1589  t_range=[4814715,239566323])
rank=420 loaded routing data/1536/stackoverflow_a2q_tw.rt420.txt (952 entries)
rank=420 added 2 boundary-only nodes from routing
rank=399/1536 dataset=stackoverflow_a2q_tw walkers=5208 (2077992..2083199) steps=30 mode=0 sched=single-bucket delta_t=0 policy=0
rank=399 loaded data/1536/stackoverflow_a2q_tw.sub399.txt (|V_local|=1588  t_range=[2493180,239687400])
rank=399 loaded routing data/1536/stackoverflow_a2q_tw.rt399.txt (990 entries)
rank=399 added 2 boundary-only nodes from routing
rank=431/1536 dataset=stackoverflow_a2q_tw walkers=5208 (2244648..2249855) steps=30 mode=0 sched=single-bucket delta_t=0 policy=0
rank=431 loaded data/1536/stackoverflow_a2q_tw.sub431.txt (|V_local|=1652  t_range=[1586100,239576438])
rank=431 loaded routing data/1536/stackoverflow_a2q_tw.rt431.txt (515 entries)
rank=412/1536 dataset=stackoverflow_a2q_tw walkers=5208 (2145696..2150903) steps=30 mode=0 sched=single-bucket delta_t=0 policy=0
rank=412 loaded data/1536/stackoverflow_a2q_tw.sub412.txt (|V_local|=1652  t_range=[1938020,239486228])
rank=412 loaded routing data/1536/stackoverflow_a2q_tw.rt412.txt (498 entries)
rank=393/1536 dataset=stackoverflow_a2q_tw walkers=5208 (2046744..2051951) steps=30 mode=0 sched=single-bucket delta_t=0 policy=0
rank=393 loaded data/1536/stackoverflow_a2q_tw.sub393.txt (|V_local|=1593  t_range=[2734350,239694952])
rank=393 loaded routing data/1536/stackoverflow_a2q_tw.rt393.txt (923 entries)
rank=393 added 1 boundary-only nodes from routing
rank=422/1536 dataset=stackoverflow_a2q_tw walkers=5208 (2197776..2202983) steps=30 mode=0 sched=single-bucket delta_t=0 policy=0
rank=422 loaded data/1536/stackoverflow_a2q_tw.sub422.txt (|V_local|=1652  t_range=[1777193,239617825])
rank=422 loaded routing data/1536/stackoverflow_a2q_tw.rt422.txt (626 entries)
rank=423/1536 dataset=stackoverflow_a2q_tw walkers=5208 (2202984..2208191) steps=30 mode=0 sched=single-bucket delta_t=0 policy=0
rank=423 loaded data/1536/stackoverflow_a2q_tw.sub423.txt (|V_local|=1583  t_range=[2459012,239660435])
rank=423 loaded routing data/1536/stackoverflow_a2q_tw.rt423.txt (958 entries)
rank=423 added 3 boundary-only nodes from routing
rank=417/1536 dataset=stackoverflow_a2q_tw walkers=5208 (2171736..2176943) steps=30 mode=0 sched=single-bucket delta_t=0 policy=0
rank=417 loaded data/1536/stackoverflow_a2q_tw.sub417.txt (|V_local|=1590  t_range=[2786155,239676372])
rank=417 loaded routing data/1536/stackoverflow_a2q_tw.rt417.txt (971 entries)
rank=430/1536 dataset=stackoverflow_a2q_tw walkers=5208 (2239440..2244647) steps=30 mode=0 sched=single-bucket delta_t=0 policy=0
rank=430 loaded data/1536/stackoverflow_a2q_tw.sub430.txt (|V_local|=1629  t_range=[657546,239491842])
rank=430 loaded routing data/1536/stackoverflow_a2q_tw.rt430.txt (308 entries)
rank=430 added 23 boundary-only nodes from routing
rank=403/1536 dataset=stackoverflow_a2q_tw walkers=5208 (2098824..2104031) steps=30 mode=0 sched=single-bucket delta_t=0 policy=0
rank=403 loaded data/1536/stackoverflow_a2q_tw.sub403.txt (|V_local|=1652  t_range=[1790096,239597301])
rank=403 loaded routing data/1536/stackoverflow_a2q_tw.rt403.txt (726 entries)
rank=398/1536 dataset=stackoverflow_a2q_tw walkers=5208 (2072784..2077991) steps=30 mode=0 sched=single-bucket delta_t=0 policy=0
rank=398 loaded data/1536/stackoverflow_a2q_tw.sub398.txt (|V_local|=1601  t_range=[54040,239636882])
rank=398 loaded routing data/1536/stackoverflow_a2q_tw.rt398.txt (875 entries)
rank=398 added 1 boundary-only nodes from routing
rank=406/1536 dataset=stackoverflow_a2q_tw walkers=5208 (2114448..2119655) steps=30 mode=0 sched=single-bucket delta_t=0 policy=0
rank=406 loaded data/1536/stackoverflow_a2q_tw.sub406.txt (|V_local|=1593  t_range=[2136456,239680955])
rank=406 loaded routing data/1536/stackoverflow_a2q_tw.rt406.txt (840 entries)
rank=406 added 1 boundary-only nodes from routing
rank=391/1536 dataset=stackoverflow_a2q_tw walkers=5208 (2036328..2041535) steps=30 mode=0 sched=single-bucket delta_t=0 policy=0
rank=391 loaded data/1536/stackoverflow_a2q_tw.sub391.txt (|V_local|=1583  t_range=[1525282,239548696])
rank=391 loaded routing data/1536/stackoverflow_a2q_tw.rt391.txt (1022 entries)
rank=391 added 3 boundary-only nodes from routing
rank=396/1536 dataset=stackoverflow_a2q_tw walkers=5208 (2062368..2067575) steps=30 mode=0 sched=single-bucket delta_t=0 policy=0
rank=396 loaded data/1536/stackoverflow_a2q_tw.sub396.txt (|V_local|=1590  t_range=[526375,239666536])
rank=396 loaded routing data/1536/stackoverflow_a2q_tw.rt396.txt (1001 entries)
rank=396 added 3 boundary-only nodes from routing
rank=411/1536 dataset=stackoverflow_a2q_tw walkers=5208 (2140488..2145695) steps=30 mode=0 sched=single-bucket delta_t=0 policy=0
rank=411 loaded data/1536/stackoverflow_a2q_tw.sub411.txt (|V_local|=1592  t_range=[2827201,239518853])
rank=411 loaded routing data/1536/stackoverflow_a2q_tw.rt411.txt (933 entries)
rank=411 added 1 boundary-only nodes from routing
rank=415/1536 dataset=stackoverflow_a2q_tw walkers=5208 (2161320..2166527) steps=30 mode=0 sched=single-bucket delta_t=0 policy=0
rank=415 loaded data/1536/stackoverflow_a2q_tw.sub415.txt (|V_local|=1649  t_range=[2254818,239612356])
rank=415 loaded routing data/1536/stackoverflow_a2q_tw.rt415.txt (744 entries)
rank=415 added 2 boundary-only nodes from routing
rank=1086/1536 dataset=stackoverflow_a2q_tw walkers=5208 (5655888..5661095) steps=30 mode=0 sched=single-bucket delta_t=0 policy=0
rank=1086 loaded data/1536/stackoverflow_a2q_tw.sub1086.txt (|V_local|=1596  t_range=[36871684,239684974])
rank=1086 loaded routing data/1536/stackoverflow_a2q_tw.rt1086.txt (1006 entries)
rank=1522 loaded data/1536/stackoverflow_a2q_tw.sub1522.txt (|V_local|=1574  t_range=[4731496,239671319])
rank=1522 loaded routing data/1536/stackoverflow_a2q_tw.rt1522.txt (58 entries)
rank=1526/1536 dataset=stackoverflow_a2q_tw walkers=5208 (7947408..7952615) steps=30 mode=0 sched=single-bucket delta_t=0 policy=0
rank=1526 loaded data/1536/stackoverflow_a2q_tw.sub1526.txt (|V_local|=1591  t_range=[20865851,239694854])
rank=1526 loaded routing data/1536/stackoverflow_a2q_tw.rt1526.txt (136 entries)
rank=543/1536 dataset=stackoverflow_a2q_tw walkers=5208 (2827944..2833151) steps=30 mode=0 sched=single-bucket delta_t=0 policy=0
rank=543 loaded data/1536/stackoverflow_a2q_tw.sub543.txt (|V_local|=1592  t_range=[26251168,239628872])
rank=543 loaded routing data/1536/stackoverflow_a2q_tw.rt543.txt (1035 entries)
rank=543 added 1 boundary-only nodes from routing
rank=571/1536 dataset=stackoverflow_a2q_tw walkers=5208 (2973768..2978975) steps=30 mode=0 sched=single-bucket delta_t=0 policy=0
rank=571 loaded data/1536/stackoverflow_a2q_tw.sub571.txt (|V_local|=1608  t_range=[1156610,239428914])
rank=571 loaded routing data/1536/stackoverflow_a2q_tw.rt571.txt (791 entries)
rank=542/1536 dataset=stackoverflow_a2q_tw walkers=5208 (2822736..2827943) steps=30 mode=0 sched=single-bucket delta_t=0 policy=0
rank=542 loaded data/1536/stackoverflow_a2q_tw.sub542.txt (|V_local|=1588  t_range=[4066812,239483574])
rank=542 loaded routing data/1536/stackoverflow_a2q_tw.rt542.txt (1066 entries)
rank=548/1536 dataset=stackoverflow_a2q_tw walkers=5208 (2853984..2859191) steps=30 mode=0 sched=single-bucket delta_t=0 policy=0
rank=548 loaded data/1536/stackoverflow_a2q_tw.sub548.txt (|V_local|=1585  t_range=[3107542,239568464])
rank=548 loaded routing data/1536/stackoverflow_a2q_tw.rt548.txt (1073 entries)
rank=548 added 6 boundary-only nodes from routing
rank=563/1536 dataset=stackoverflow_a2q_tw walkers=5208 (2932104..2937311) steps=30 mode=0 sched=single-bucket delta_t=0 policy=0
rank=563 loaded data/1536/stackoverflow_a2q_tw.sub563.txt (|V_local|=1591  t_range=[2483745,239633908])
rank=563 loaded routing data/1536/stackoverflow_a2q_tw.rt563.txt (1056 entries)
rank=553/1536 dataset=stackoverflow_a2q_tw walkers=5208 (2880024..2885231) steps=30 mode=0 sched=single-bucket delta_t=0 policy=0
rank=553 loaded data/1536/stackoverflow_a2q_tw.sub553.txt (|V_local|=1589  t_range=[3929625,239686098])
rank=553 loaded routing data/1536/stackoverflow_a2q_tw.rt553.txt (1088 entries)
rank=553 added 1 boundary-only nodes from routing
rank=562/1536 dataset=stackoverflow_a2q_tw walkers=5208 (2926896..2932103) steps=30 mode=0 sched=single-bucket delta_t=0 policy=0
rank=562 loaded data/1536/stackoverflow_a2q_tw.sub562.txt (|V_local|=1651  t_range=[2300791,239654984])
rank=562 loaded routing data/1536/stackoverflow_a2q_tw.rt562.txt (863 entries)
rank=564/1536 dataset=stackoverflow_a2q_tw walkers=5208 (2937312..2942519) steps=30 mode=0 sched=single-bucket delta_t=0 policy=0
rank=564 loaded data/1536/stackoverflow_a2q_tw.sub564.txt (|V_local|=1586  t_range=[4042531,239637570])
rank=564 loaded routing data/1536/stackoverflow_a2q_tw.rt564.txt (1065 entries)
rank=564 added 4 boundary-only nodes from routing
rank=573/1536 dataset=stackoverflow_a2q_tw walkers=5208 (2984184..2989391) steps=30 mode=0 sched=single-bucket delta_t=0 policy=0
rank=573 loaded data/1536/stackoverflow_a2q_tw.sub573.txt (|V_local|=1586  t_range=[1524676,239652538])
rank=573 loaded routing data/1536/stackoverflow_a2q_tw.rt573.txt (1065 entries)
rank=573 added 1 boundary-only nodes from routing
rank=549/1536 dataset=stackoverflow_a2q_tw walkers=5208 (2859192..2864399) steps=30 mode=0 sched=single-bucket delta_t=0 policy=0
rank=549 loaded data/1536/stackoverflow_a2q_tw.sub549.txt (|V_local|=1588  t_range=[9496369,239569178])
rank=549 loaded routing data/1536/stackoverflow_a2q_tw.rt549.txt (1102 entries)
rank=549 added 4 boundary-only nodes from routing
rank=561/1536 dataset=stackoverflow_a2q_tw walkers=5208 (2921688..2926895) steps=30 mode=0 sched=single-bucket delta_t=0 policy=0
rank=561 loaded data/1536/stackoverflow_a2q_tw.sub561.txt (|V_local|=1581  t_range=[13340168,239695897])
rank=561 loaded routing data/1536/stackoverflow_a2q_tw.rt561.txt (941 entries)
rank=561 added 1 boundary-only nodes from routing
rank=567/1536 dataset=stackoverflow_a2q_tw walkers=5208 (2952936..2958143) steps=30 mode=0 sched=single-bucket delta_t=0 policy=0
rank=567 loaded data/1536/stackoverflow_a2q_tw.sub567.txt (|V_local|=1587  t_range=[2046159,239675555])
rank=567 loaded routing data/1536/stackoverflow_a2q_tw.rt567.txt (1071 entries)
rank=558/1536 dataset=stackoverflow_a2q_tw walkers=5208 (2906064..2911271) steps=30 mode=0 sched=single-bucket delta_t=0 policy=0
rank=558 loaded data/1536/stackoverflow_a2q_tw.sub558.txt (|V_local|=1587  t_range=[5231587,239578966])
rank=558 loaded routing data/1536/stackoverflow_a2q_tw.rt558.txt (993 entries)
rank=558 added 2 boundary-only nodes from routing
rank=574/1536 dataset=stackoverflow_a2q_tw walkers=5208 (2989392..2994599) steps=30 mode=0 sched=single-bucket delta_t=0 policy=0
rank=574 loaded data/1536/stackoverflow_a2q_tw.sub574.txt (|V_local|=1650  t_range=[851255,239690685])
rank=574 loaded routing data/1536/stackoverflow_a2q_tw.rt574.txt (866 entries)
rank=574 added 1 boundary-only nodes from routing
rank=554/1536 dataset=stackoverflow_a2q_tw walkers=5208 (2885232..2890439) steps=30 mode=0 sched=single-bucket delta_t=0 policy=0
rank=554 loaded data/1536/stackoverflow_a2q_tw.sub554.txt (|V_local|=1648  t_range=[4027374,239684179])
rank=554 loaded routing data/1536/stackoverflow_a2q_tw.rt554.txt (884 entries)
rank=554 added 2 boundary-only nodes from routing
rank=555/1536 dataset=stackoverflow_a2q_tw walkers=5208 (2890440..2895647) steps=30 mode=0 sched=single-bucket delta_t=0 policy=0
rank=555 loaded data/1536/stackoverflow_a2q_tw.sub555.txt (|V_local|=1587  t_range=[2632622,239551894])
rank=555 loaded routing data/1536/stackoverflow_a2q_tw.rt555.txt (980 entries)
rank=555 added 2 boundary-only nodes from routing
rank=565/1536 dataset=stackoverflow_a2q_tw walkers=5208 (2942520..2947727) steps=30 mode=0 sched=single-bucket delta_t=0 policy=0
rank=565 loaded data/1536/stackoverflow_a2q_tw.sub565.txt (|V_local|=1587  t_range=[6385121,239650309])
rank=565 loaded routing data/1536/stackoverflow_a2q_tw.rt565.txt (1032 entries)
rank=565 added 5 boundary-only nodes from routing
rank=545/1536 dataset=stackoverflow_a2q_tw walkers=5208 (2838360..2843567) steps=30 mode=0 sched=single-bucket delta_t=0 policy=0
rank=545 loaded data/1536/stackoverflow_a2q_tw.sub545.txt (|V_local|=1591  t_range=[21082180,239585259])
rank=545 loaded routing data/1536/stackoverflow_a2q_tw.rt545.txt (1058 entries)
rank=545 added 2 boundary-only nodes from routing
rank=559/1536 dataset=stackoverflow_a2q_tw walkers=5208 (2911272..2916479) steps=30 mode=0 sched=single-bucket delta_t=0 policy=0
rank=559 loaded data/1536/stackoverflow_a2q_tw.sub559.txt (|V_local|=1631  t_range=[2458134,239561300])
rank=559 loaded routing data/1536/stackoverflow_a2q_tw.rt559.txt (856 entries)
rank=566/1536 dataset=stackoverflow_a2q_tw walkers=5208 (2947728..2952935) steps=30 mode=0 sched=single-bucket delta_t=0 policy=0
rank=566 loaded data/1536/stackoverflow_a2q_tw.sub566.txt (|V_local|=1589  t_range=[1270856,239464819])
rank=566 loaded routing data/1536/stackoverflow_a2q_tw.rt566.txt (1038 entries)
rank=566 added 1 boundary-only nodes from routing
rank=575/1536 dataset=stackoverflow_a2q_tw walkers=5208 (2994600..2999807) steps=30 mode=0 sched=single-bucket delta_t=0 policy=0
rank=575 loaded data/1536/stackoverflow_a2q_tw.sub575.txt (|V_local|=1586  t_range=[3322852,239678189])
rank=575 loaded routing data/1536/stackoverflow_a2q_tw.rt575.txt (1113 entries)
rank=575 added 1 boundary-only nodes from routing
rank=546/1536 dataset=stackoverflow_a2q_tw walkers=5208 (2843568..2848775) steps=30 mode=0 sched=single-bucket delta_t=0 policy=0
rank=546 loaded data/1536/stackoverflow_a2q_tw.sub546.txt (|V_local|=1588  t_range=[4640004,239614951])
rank=546 loaded routing data/1536/stackoverflow_a2q_tw.rt546.txt (1071 entries)
rank=546 added 3 boundary-only nodes from routing
rank=1377/1536 dataset=stackoverflow_a2q_tw walkers=5208 (7171416..7176623) steps=30 mode=0 sched=single-bucket delta_t=0 policy=0
rank=1377 loaded data/1536/stackoverflow_a2q_tw.sub1377.txt (|V_local|=1580  t_range=[23516720,239576990])
rank=1377 loaded routing data/1536/stackoverflow_a2q_tw.rt1377.txt (1066 entries)
rank=1377 added 3 boundary-only nodes from routing
rank=1366/1536 dataset=stackoverflow_a2q_tw walkers=5208 (7114128..7119335) steps=30 mode=0 sched=single-bucket delta_t=0 policy=0
rank=1366 loaded data/1536/stackoverflow_a2q_tw.sub1366.txt (|V_local|=1652  t_range=[1184634,239646122])
rank=1366 loaded routing data/1536/stackoverflow_a2q_tw.rt1366.txt (536 entries)
rank=1382/1536 dataset=stackoverflow_a2q_tw walkers=5208 (7197456..7202663) steps=30 mode=0 sched=single-bucket delta_t=0 policy=0
rank=1382 loaded data/1536/stackoverflow_a2q_tw.sub1382.txt (|V_local|=1604  t_range=[34017811,239665210])
rank=1382 loaded routing data/1536/stackoverflow_a2q_tw.rt1382.txt (980 entries)
rank=1361/1536 dataset=stackoverflow_a2q_tw walkers=5208 (7088088..7093295) steps=30 mode=0 sched=single-bucket delta_t=0 policy=0
rank=1361 loaded data/1536/stackoverflow_a2q_tw.sub1361.txt (|V_local|=1650  t_range=[11027436,239601207])
rank=1361 loaded routing data/1536/stackoverflow_a2q_tw.rt1361.txt (739 entries)
rank=1361 added 2 boundary-only nodes from routing
rank=1383/1536 dataset=stackoverflow_a2q_tw walkers=5208 (7202664..7207871) steps=30 mode=0 sched=single-bucket delta_t=0 policy=0
rank=1383 loaded data/1536/stackoverflow_a2q_tw.sub1383.txt (|V_local|=1590  t_range=[330246,239636970])
rank=1383 loaded routing data/1536/stackoverflow_a2q_tw.rt1383.txt (1101 entries)
rank=1391/1536 dataset=stackoverflow_a2q_tw walkers=5208 (7244328..7249535) steps=30 mode=0 sched=single-bucket delta_t=0 policy=0
rank=1391 loaded data/1536/stackoverflow_a2q_tw.sub1391.txt (|V_local|=1618  t_range=[40374086,239498379])
rank=1391 loaded routing data/1536/stackoverflow_a2q_tw.rt1391.txt (1102 entries)
rank=1384/1536 dataset=stackoverflow_a2q_tw walkers=5208 (7207872..7213079) steps=30 mode=0 sched=single-bucket delta_t=0 policy=0
rank=1384 loaded data/1536/stackoverflow_a2q_tw.sub1384.txt (|V_local|=1652  t_range=[16181316,239561411])
rank=1384 loaded routing data/1536/stackoverflow_a2q_tw.rt1384.txt (996 entries)
rank=1390/1536 dataset=stackoverflow_a2q_tw walkers=5208 (7239120..7244327) steps=30 mode=0 sched=single-bucket delta_t=0 policy=0
rank=1390 loaded data/1536/stackoverflow_a2q_tw.sub1390.txt (|V_local|=1598  t_range=[4929667,239585260])
rank=1390 loaded routing data/1536/stackoverflow_a2q_tw.rt1390.txt (1114 entries)
rank=1373/1536 dataset=stackoverflow_a2q_tw walkers=5208 (7150584..7155791) steps=30 mode=0 sched=single-bucket delta_t=0 policy=0
rank=1373 loaded data/1536/stackoverflow_a2q_tw.sub1373.txt (|V_local|=1587  t_range=[5235453,239648164])
rank=1373 loaded routing data/1536/stackoverflow_a2q_tw.rt1373.txt (1122 entries)
rank=1373 added 2 boundary-only nodes from routing
rank=1375/1536 dataset=stackoverflow_a2q_tw walkers=5208 (7161000..7166207) steps=30 mode=0 sched=single-bucket delta_t=0 policy=0
rank=1375 loaded data/1536/stackoverflow_a2q_tw.sub1375.txt (|V_local|=1624  t_range=[2214416,239583027])
rank=1375 loaded routing data/1536/stackoverflow_a2q_tw.rt1375.txt (988 entries)
rank=1375 added 1 boundary-only nodes from routing
rank=1368/1536 dataset=stackoverflow_a2q_tw walkers=5208 (7124544..7129751) steps=30 mode=0 sched=single-bucket delta_t=0 policy=0
rank=1368 loaded data/1536/stackoverflow_a2q_tw.sub1368.txt (|V_local|=1591  t_range=[3171336,239468012])
rank=1368 loaded routing data/1536/stackoverflow_a2q_tw.rt1368.txt (1114 entries)
rank=1376/1536 dataset=stackoverflow_a2q_tw walkers=5208 (7166208..7171415) steps=30 mode=0 sched=single-bucket delta_t=0 policy=0
rank=1376 loaded data/1536/stackoverflow_a2q_tw.sub1376.txt (|V_local|=1651  t_range=[20469369,239495206])
rank=1376 loaded routing data/1536/stackoverflow_a2q_tw.rt1376.txt (930 entries)
rank=1376 added 1 boundary-only nodes from routing
rank=1363/1536 dataset=stackoverflow_a2q_tw walkers=5208 (7098504..7103711) steps=30 mode=0 sched=single-bucket delta_t=0 policy=0
rank=1363 loaded data/1536/stackoverflow_a2q_tw.sub1363.txt (|V_local|=1648  t_range=[4626068,239665898])
rank=1363 loaded routing data/1536/stackoverflow_a2q_tw.rt1363.txt (936 entries)
rank=1359/1536 dataset=stackoverflow_a2q_tw walkers=5208 (7077672..7082879) steps=30 mode=0 sched=single-bucket delta_t=0 policy=0
rank=1359 loaded data/1536/stackoverflow_a2q_tw.sub1359.txt (|V_local|=1590  t_range=[2849975,239682446])
rank=1359 loaded routing data/1536/stackoverflow_a2q_tw.rt1359.txt (1014 entries)
rank=1359 added 3 boundary-only nodes from routing
rank=1378/1536 dataset=stackoverflow_a2q_tw walkers=5208 (7176624..7181831) steps=30 mode=0 sched=single-bucket delta_t=0 policy=0
rank=1378 loaded data/1536/stackoverflow_a2q_tw.sub1378.txt (|V_local|=1635  t_range=[33448103,239669613])
rank=1378 loaded routing data/1536/stackoverflow_a2q_tw.rt1378.txt (1059 entries)
rank=1372/1536 dataset=stackoverflow_a2q_tw walkers=5208 (7145376..7150583) steps=30 mode=0 sched=single-bucket delta_t=0 policy=0
rank=1372 loaded data/1536/stackoverflow_a2q_tw.sub1372.txt (|V_local|=1592  t_range=[14246469,239677448])
rank=1372 loaded routing data/1536/stackoverflow_a2q_tw.rt1372.txt (1102 entries)
rank=1372 added 2 boundary-only nodes from routing
rank=1374/1536 dataset=stackoverflow_a2q_tw walkers=5208 (7155792..7160999) steps=30 mode=0 sched=single-bucket delta_t=0 policy=0
rank=1374 loaded data/1536/stackoverflow_a2q_tw.sub1374.txt (|V_local|=1581  t_range=[9085720,239586854])
rank=1374 loaded routing data/1536/stackoverflow_a2q_tw.rt1374.txt (1122 entries)
rank=1374 added 6 boundary-only nodes from routing
rank=1380/1536 dataset=stackoverflow_a2q_tw walkers=5208 (7187040..7192247) steps=30 mode=0 sched=single-bucket delta_t=0 policy=0
rank=1380 loaded data/1536/stackoverflow_a2q_tw.sub1380.txt (|V_local|=1589  t_range=[3980465,239665785])
rank=1380 loaded routing data/1536/stackoverflow_a2q_tw.rt1380.txt (1080 entries)
rank=1380 added 2 boundary-only nodes from routing
rank=239 added 1 boundary-only nodes from routing
rank=207/1536 dataset=stackoverflow_a2q_tw walkers=5208 (1078056..1083263) steps=30 mode=0 sched=single-bucket delta_t=0 policy=0
rank=207 loaded data/1536/stackoverflow_a2q_tw.sub207.txt (|V_local|=1586  t_range=[7005793,239674206])
rank=207 loaded routing data/1536/stackoverflow_a2q_tw.rt207.txt (1096 entries)
rank=207 added 1 boundary-only nodes from routing
rank=795/1536 dataset=stackoverflow_a2q_tw walkers=5208 (4140360..4145567) steps=30 mode=0 sched=single-bucket delta_t=0 policy=0
rank=795 loaded data/1536/stackoverflow_a2q_tw.sub795.txt (|V_local|=1586  t_range=[6732464,239662627])
rank=795 loaded routing data/1536/stackoverflow_a2q_tw.rt795.txt (1013 entries)
rank=795 added 4 boundary-only nodes from routing
rank=783/1536 dataset=stackoverflow_a2q_tw walkers=5208 (4077864..4083071) steps=30 mode=0 sched=single-bucket delta_t=0 policy=0
rank=783 loaded data/1536/stackoverflow_a2q_tw.sub783.txt (|V_local|=1597  t_range=[15693640,239506732])
rank=783 loaded routing data/1536/stackoverflow_a2q_tw.rt783.txt (946 entries)
rank=783 added 2 boundary-only nodes from routing
rank=1046 loaded data/1536/stackoverflow_a2q_tw.sub1046.txt (|V_local|=1651  t_range=[4582127,239688078])
rank=1046 loaded routing data/1536/stackoverflow_a2q_tw.rt1046.txt (1112 entries)
rank=1034/1536 dataset=stackoverflow_a2q_tw walkers=5208 (5385072..5390279) steps=30 mode=0 sched=single-bucket delta_t=0 policy=0
rank=1034 loaded data/1536/stackoverflow_a2q_tw.sub1034.txt (|V_local|=1646  t_range=[4625149,239668246])
rank=1034 loaded routing data/1536/stackoverflow_a2q_tw.rt1034.txt (937 entries)
rank=1034 added 1 boundary-only nodes from routing
rank=1424/1536 dataset=stackoverflow_a2q_tw walkers=5208 (7416192..7421399) steps=30 mode=0 sched=single-bucket delta_t=0 policy=0
rank=1424 loaded data/1536/stackoverflow_a2q_tw.sub1424.txt (|V_local|=1609  t_range=[3518882,239692212])
rank=1424 loaded routing data/1536/stackoverflow_a2q_tw.rt1424.txt (1035 entries)
rank=1424 added 1 boundary-only nodes from routing
rank=1000/1536 dataset=stackoverflow_a2q_tw walkers=5208 (5208000..5213207) steps=30 mode=0 sched=single-bucket delta_t=0 policy=0
rank=1000 loaded data/1536/stackoverflow_a2q_tw.sub1000.txt (|V_local|=1634  t_range=[26574210,239669249])
rank=1000 loaded routing data/1536/stackoverflow_a2q_tw.rt1000.txt (935 entries)
rank=1000 added 1 boundary-only nodes from routing
rank=615 loaded routing data/1536/stackoverflow_a2q_tw.rt615.txt (1033 entries)
rank=615 added 1 boundary-only nodes from routing
rank=621/1536 dataset=stackoverflow_a2q_tw walkers=5208 (3234168..3239375) steps=30 mode=0 sched=single-bucket delta_t=0 policy=0
rank=621 loaded data/1536/stackoverflow_a2q_tw.sub621.txt (|V_local|=1586  t_range=[29053632,239640611])
rank=621 loaded routing data/1536/stackoverflow_a2q_tw.rt621.txt (1072 entries)
rank=621 added 1 boundary-only nodes from routing
rank=622/1536 dataset=stackoverflow_a2q_tw walkers=5208 (3239376..3244583) steps=30 mode=0 sched=single-bucket delta_t=0 policy=0
rank=622 loaded data/1536/stackoverflow_a2q_tw.sub622.txt (|V_local|=1595  t_range=[40117188,239679817])
rank=622 loaded routing data/1536/stackoverflow_a2q_tw.rt622.txt (997 entries)
rank=611/1536 dataset=stackoverflow_a2q_tw walkers=5208 (3182088..3187295) steps=30 mode=0 sched=single-bucket delta_t=0 policy=0
rank=611 loaded data/1536/stackoverflow_a2q_tw.sub611.txt (|V_local|=1602  t_range=[7659878,239571216])
rank=611 loaded routing data/1536/stackoverflow_a2q_tw.rt611.txt (1034 entries)
rank=591/1536 dataset=stackoverflow_a2q_tw walkers=5208 (3077928..3083135) steps=30 mode=0 sched=single-bucket delta_t=0 policy=0
rank=591 loaded data/1536/stackoverflow_a2q_tw.sub591.txt (|V_local|=1586  t_range=[8324770,239666059])
rank=591 loaded routing data/1536/stackoverflow_a2q_tw.rt591.txt (1104 entries)
rank=591 added 1 boundary-only nodes from routing
rank=606/1536 dataset=stackoverflow_a2q_tw walkers=5208 (3156048..3161255) steps=30 mode=0 sched=single-bucket delta_t=0 policy=0
rank=606 loaded data/1536/stackoverflow_a2q_tw.sub606.txt (|V_local|=1591  t_range=[8035796,239689763])
rank=606 loaded routing data/1536/stackoverflow_a2q_tw.rt606.txt (1098 entries)
rank=606 added 2 boundary-only nodes from routing
rank=88 loaded data/1536/stackoverflow_a2q_tw.sub88.txt (|V_local|=1652  t_range=[39290375,239693583])
rank=88 loaded routing data/1536/stackoverflow_a2q_tw.rt88.txt (1101 entries)
rank=65/1536 dataset=stackoverflow_a2q_tw walkers=5208 (338520..343727) steps=30 mode=0 sched=single-bucket delta_t=0 policy=0
rank=65 loaded data/1536/stackoverflow_a2q_tw.sub65.txt (|V_local|=1640  t_range=[6969605,239613219])
rank=65 loaded routing data/1536/stackoverflow_a2q_tw.rt65.txt (1011 entries)
rank=85/1536 dataset=stackoverflow_a2q_tw walkers=5208 (442680..447887) steps=30 mode=0 sched=single-bucket delta_t=0 policy=0
rank=85 loaded data/1536/stackoverflow_a2q_tw.sub85.txt (|V_local|=1589  t_range=[33623236,239687645])
rank=85 loaded routing data/1536/stackoverflow_a2q_tw.rt85.txt (1064 entries)
rank=76/1536 dataset=stackoverflow_a2q_tw walkers=5208 (395808..401015) steps=30 mode=0 sched=single-bucket delta_t=0 policy=0
rank=76 loaded data/1536/stackoverflow_a2q_tw.sub76.txt (|V_local|=1595  t_range=[12095847,239690311])
rank=76 loaded routing data/1536/stackoverflow_a2q_tw.rt76.txt (1079 entries)
rank=76 added 1 boundary-only nodes from routing
rank=79/1536 dataset=stackoverflow_a2q_tw walkers=5208 (411432..416639) steps=30 mode=0 sched=single-bucket delta_t=0 policy=0
rank=79 loaded data/1536/stackoverflow_a2q_tw.sub79.txt (|V_local|=1651  t_range=[1784342,239548147])
rank=79 loaded routing data/1536/stackoverflow_a2q_tw.rt79.txt (1054 entries)
rank=889 added 5 boundary-only nodes from routing
rank=896/1536 dataset=stackoverflow_a2q_tw walkers=5208 (4666368..4671575) steps=30 mode=0 sched=single-bucket delta_t=0 policy=0
rank=896 loaded data/1536/stackoverflow_a2q_tw.sub896.txt (|V_local|=1649  t_range=[2080364,239662518])
rank=896 loaded routing data/1536/stackoverflow_a2q_tw.rt896.txt (393 entries)
rank=896 added 3 boundary-only nodes from routing
rank=887/1536 dataset=stackoverflow_a2q_tw walkers=5208 (4619496..4624703) steps=30 mode=0 sched=single-bucket delta_t=0 policy=0
rank=887 loaded data/1536/stackoverflow_a2q_tw.sub887.txt (|V_local|=1652  t_range=[660872,239577054])
rank=887 loaded routing data/1536/stackoverflow_a2q_tw.rt887.txt (804 entries)
rank=1134 loaded data/1536/stackoverflow_a2q_tw.sub1134.txt (|V_local|=1594  t_range=[8381050,239606090])
rank=1134 loaded routing data/1536/stackoverflow_a2q_tw.rt1134.txt (1042 entries)
rank=1134 added 1 boundary-only nodes from routing
rank=1140/1536 dataset=stackoverflow_a2q_tw walkers=5208 (5937120..5942327) steps=30 mode=0 sched=single-bucket delta_t=0 policy=0
rank=1140 loaded data/1536/stackoverflow_a2q_tw.sub1140.txt (|V_local|=1594  t_range=[307056,239640446])
rank=1140 loaded routing data/1536/stackoverflow_a2q_tw.rt1140.txt (1104 entries)
rank=1140 added 2 boundary-only nodes from routing
rank=1146/1536 dataset=stackoverflow_a2q_tw walkers=5208 (5968368..5973575) steps=30 mode=0 sched=single-bucket delta_t=0 policy=0
rank=1146 loaded data/1536/stackoverflow_a2q_tw.sub1146.txt (|V_local|=1586  t_range=[14612641,239675114])
rank=1146 loaded routing data/1536/stackoverflow_a2q_tw.rt1146.txt (1111 entries)
rank=1146 added 1 boundary-only nodes from routing
rank=1144/1536 dataset=stackoverflow_a2q_tw walkers=5208 (5957952..5963159) steps=30 mode=0 sched=single-bucket delta_t=0 policy=0
rank=1144 loaded data/1536/stackoverflow_a2q_tw.sub1144.txt (|V_local|=1593  t_range=[8363252,239643411])
rank=1144 loaded routing data/1536/stackoverflow_a2q_tw.rt1144.txt (992 entries)
rank=1144 added 1 boundary-only nodes from routing
rank=1117/1536 dataset=stackoverflow_a2q_tw walkers=5208 (5817336..5822543) steps=30 mode=0 sched=single-bucket delta_t=0 policy=0
rank=1117 loaded data/1536/stackoverflow_a2q_tw.sub1117.txt (|V_local|=1636  t_range=[18927955,239593788])
rank=1117 loaded routing data/1536/stackoverflow_a2q_tw.rt1117.txt (1036 entries)
rank=1129/1536 dataset=stackoverflow_a2q_tw walkers=5208 (5879832..5885039) steps=30 mode=0 sched=single-bucket delta_t=0 policy=0
rank=1129 loaded data/1536/stackoverflow_a2q_tw.sub1129.txt (|V_local|=1594  t_range=[5125988,239685633])
rank=1129 loaded routing data/1536/stackoverflow_a2q_tw.rt1129.txt (948 entries)
rank=1149/1536 dataset=stackoverflow_a2q_tw walkers=5208 (5983992..5989199) steps=30 mode=0 sched=single-bucket delta_t=0 policy=0
rank=1149 loaded data/1536/stackoverflow_a2q_tw.sub1149.txt (|V_local|=1590  t_range=[2166031,239665815])
rank=1149 loaded routing data/1536/stackoverflow_a2q_tw.rt1149.txt (1085 entries)
rank=1127/1536 dataset=stackoverflow_a2q_tw walkers=5208 (5869416..5874623) steps=30 mode=0 sched=single-bucket delta_t=0 policy=0
rank=1127 loaded data/1536/stackoverflow_a2q_tw.sub1127.txt (|V_local|=1652  t_range=[10953461,239680082])
rank=1127 loaded routing data/1536/stackoverflow_a2q_tw.rt1127.txt (987 entries)
rank=1128/1536 dataset=stackoverflow_a2q_tw walkers=5208 (5874624..5879831) steps=30 mode=0 sched=single-bucket delta_t=0 policy=0
rank=1128 loaded data/1536/stackoverflow_a2q_tw.sub1128.txt (|V_local|=1590  t_range=[3960995,239692686])
rank=1128 loaded routing data/1536/stackoverflow_a2q_tw.rt1128.txt (1100 entries)
rank=1128 added 3 boundary-only nodes from routing
rank=918/1536 dataset=stackoverflow_a2q_tw walkers=5208 (4780944..4786151) steps=30 mode=0 sched=single-bucket delta_t=0 policy=0
rank=918 loaded data/1536/stackoverflow_a2q_tw.sub918.txt (|V_local|=1589  t_range=[7256254,239588591])
rank=918 loaded routing data/1536/stackoverflow_a2q_tw.rt918.txt (1118 entries)
rank=918 added 3 boundary-only nodes from routing
rank=917/1536 dataset=stackoverflow_a2q_tw walkers=5208 (4775736..4780943) steps=30 mode=0 sched=single-bucket delta_t=0 policy=0
rank=917 loaded data/1536/stackoverflow_a2q_tw.sub917.txt (|V_local|=1589  t_range=[6456716,239590206])
rank=917 loaded routing data/1536/stackoverflow_a2q_tw.rt917.txt (1120 entries)
rank=917 added 1 boundary-only nodes from routing
rank=941/1536 dataset=stackoverflow_a2q_tw walkers=5208 (4900728..4905935) steps=30 mode=0 sched=single-bucket delta_t=0 policy=0
rank=941 loaded data/1536/stackoverflow_a2q_tw.sub941.txt (|V_local|=1588  t_range=[17418235,239645905])
rank=941 loaded routing data/1536/stackoverflow_a2q_tw.rt941.txt (1083 entries)
rank=941 added 1 boundary-only nodes from routing
rank=946/1536 dataset=stackoverflow_a2q_tw walkers=5208 (4926768..4931975) steps=30 mode=0 sched=single-bucket delta_t=0 policy=0
rank=946 loaded data/1536/stackoverflow_a2q_tw.sub946.txt (|V_local|=1651  t_range=[3949955,239694982])
rank=946 loaded routing data/1536/stackoverflow_a2q_tw.rt946.txt (864 entries)
rank=921/1536 dataset=stackoverflow_a2q_tw walkers=5208 (4796568..4801775) steps=30 mode=0 sched=single-bucket delta_t=0 policy=0
rank=921 loaded data/1536/stackoverflow_a2q_tw.sub921.txt (|V_local|=1585  t_range=[9021146,239670252])
rank=921 loaded routing data/1536/stackoverflow_a2q_tw.rt921.txt (1049 entries)
rank=937/1536 dataset=stackoverflow_a2q_tw walkers=5208 (4879896..4885103) steps=30 mode=0 sched=single-bucket delta_t=0 policy=0
rank=937 loaded data/1536/stackoverflow_a2q_tw.sub937.txt (|V_local|=1638  t_range=[13553690,239565451])
rank=937 loaded routing data/1536/stackoverflow_a2q_tw.rt937.txt (1038 entries)
rank=937 added 13 boundary-only nodes from routing
rank=948/1536 dataset=stackoverflow_a2q_tw walkers=5208 (4937184..4942391) steps=30 mode=0 sched=single-bucket delta_t=0 policy=0
rank=948 loaded data/1536/stackoverflow_a2q_tw.sub948.txt (|V_local|=1590  t_range=[24376359,239657363])
rank=948 loaded routing data/1536/stackoverflow_a2q_tw.rt948.txt (1080 entries)
rank=948 added 3 boundary-only nodes from routing
rank=945/1536 dataset=stackoverflow_a2q_tw walkers=5208 (4921560..4926767) steps=30 mode=0 sched=single-bucket delta_t=0 policy=0
rank=945 loaded data/1536/stackoverflow_a2q_tw.sub945.txt (|V_local|=1585  t_range=[8883657,239660075])
rank=945 loaded routing data/1536/stackoverflow_a2q_tw.rt945.txt (1012 entries)
rank=945 added 3 boundary-only nodes from routing
rank=927/1536 dataset=stackoverflow_a2q_tw walkers=5208 (4827816..4833023) steps=30 mode=0 sched=single-bucket delta_t=0 policy=0
rank=927 loaded data/1536/stackoverflow_a2q_tw.sub927.txt (|V_local|=1586  t_range=[29344708,239688452])
rank=927 loaded routing data/1536/stackoverflow_a2q_tw.rt927.txt (998 entries)
rank=927 added 2 boundary-only nodes from routing
rank=924/1536 dataset=stackoverflow_a2q_tw walkers=5208 (4812192..4817399) steps=30 mode=0 sched=single-bucket delta_t=0 policy=0
rank=924 loaded data/1536/stackoverflow_a2q_tw.sub924.txt (|V_local|=1588  t_range=[10871527,239573650])
rank=924 loaded routing data/1536/stackoverflow_a2q_tw.rt924.txt (1072 entries)
rank=947/1536 dataset=stackoverflow_a2q_tw walkers=5208 (4931976..4937183) steps=30 mode=0 sched=single-bucket delta_t=0 policy=0
rank=947 loaded data/1536/stackoverflow_a2q_tw.sub947.txt (|V_local|=1652  t_range=[26075052,239695365])
rank=947 loaded routing data/1536/stackoverflow_a2q_tw.rt947.txt (1004 entries)
rank=934/1536 dataset=stackoverflow_a2q_tw walkers=5208 (4864272..4869479) steps=30 mode=0 sched=single-bucket delta_t=0 policy=0
rank=934 loaded data/1536/stackoverflow_a2q_tw.sub934.txt (|V_local|=1617  t_range=[9404130,239675796])
rank=934 loaded routing data/1536/stackoverflow_a2q_tw.rt934.txt (1045 entries)
rank=934 added 4 boundary-only nodes from routing
rank=912/1536 dataset=stackoverflow_a2q_tw walkers=5208 (4749696..4754903) steps=30 mode=0 sched=single-bucket delta_t=0 policy=0
rank=912 loaded data/1536/stackoverflow_a2q_tw.sub912.txt (|V_local|=1590  t_range=[4055413,239695966])
rank=912 loaded routing data/1536/stackoverflow_a2q_tw.rt912.txt (1049 entries)
rank=944/1536 dataset=stackoverflow_a2q_tw walkers=5208 (4916352..4921559) steps=30 mode=0 sched=single-bucket delta_t=0 policy=0
rank=944 loaded data/1536/stackoverflow_a2q_tw.sub944.txt (|V_local|=1643  t_range=[3888964,239661217])
rank=944 loaded routing data/1536/stackoverflow_a2q_tw.rt944.txt (1033 entries)
rank=944 added 9 boundary-only nodes from routing
rank=925/1536 dataset=stackoverflow_a2q_tw walkers=5208 (4817400..4822607) steps=30 mode=0 sched=single-bucket delta_t=0 policy=0
rank=925 loaded data/1536/stackoverflow_a2q_tw.sub925.txt (|V_local|=1650  t_range=[5801482,239687964])
rank=925 loaded routing data/1536/stackoverflow_a2q_tw.rt925.txt (1026 entries)
rank=930/1536 dataset=stackoverflow_a2q_tw walkers=5208 (4843440..4848647) steps=30 mode=0 sched=single-bucket delta_t=0 policy=0
rank=930 loaded data/1536/stackoverflow_a2q_tw.sub930.txt (|V_local|=1584  t_range=[1826550,239692536])
rank=930 loaded routing data/1536/stackoverflow_a2q_tw.rt930.txt (966 entries)
rank=1239/1536 dataset=stackoverflow_a2q_tw walkers=5208 (6452712..6457919) steps=30 mode=0 sched=single-bucket delta_t=0 policy=0
rank=1239 loaded data/1536/stackoverflow_a2q_tw.sub1239.txt (|V_local|=1590  t_range=[21790129,239604456])
rank=1239 loaded routing data/1536/stackoverflow_a2q_tw.rt1239.txt (1087 entries)
rank=1230/1536 dataset=stackoverflow_a2q_tw walkers=5208 (6405840..6411047) steps=30 mode=0 sched=single-bucket delta_t=0 policy=0
rank=1230 loaded data/1536/stackoverflow_a2q_tw.sub1230.txt (|V_local|=1588  t_range=[6115310,239590733])
rank=1230 loaded routing data/1536/stackoverflow_a2q_tw.rt1230.txt (1080 entries)
rank=1230 added 1 boundary-only nodes from routing
rank=1229/1536 dataset=stackoverflow_a2q_tw walkers=5208 (6400632..6405839) steps=30 mode=0 sched=single-bucket delta_t=0 policy=0
rank=1229 loaded data/1536/stackoverflow_a2q_tw.sub1229.txt (|V_local|=1651  t_range=[57223598,239561574])
rank=1229 loaded routing data/1536/stackoverflow_a2q_tw.rt1229.txt (1125 entries)
rank=1209/1536 dataset=stackoverflow_a2q_tw walkers=5208 (6296472..6301679) steps=30 mode=0 sched=single-bucket delta_t=0 policy=0
rank=1209 loaded data/1536/stackoverflow_a2q_tw.sub1209.txt (|V_local|=1593  t_range=[17116343,239665930])
rank=1209 loaded routing data/1536/stackoverflow_a2q_tw.rt1209.txt (1125 entries)
rank=1209 added 1 boundary-only nodes from routing
rank=1233/1536 dataset=stackoverflow_a2q_tw walkers=5208 (6421464..6426671) steps=30 mode=0 sched=single-bucket delta_t=0 policy=0
rank=1233 loaded data/1536/stackoverflow_a2q_tw.sub1233.txt (|V_local|=1591  t_range=[33573525,239521181])
rank=1233 loaded routing data/1536/stackoverflow_a2q_tw.rt1233.txt (1078 entries)
rank=1233 added 1 boundary-only nodes from routing
rank=1241/1536 dataset=stackoverflow_a2q_tw walkers=5208 (6463128..6468335) steps=30 mode=0 sched=single-bucket delta_t=0 policy=0
rank=1241 loaded data/1536/stackoverflow_a2q_tw.sub1241.txt (|V_local|=1593  t_range=[16071565,239680173])
rank=1241 loaded routing data/1536/stackoverflow_a2q_tw.rt1241.txt (1009 entries)
rank=1241 added 2 boundary-only nodes from routing
rank=1216/1536 dataset=stackoverflow_a2q_tw walkers=5208 (6332928..6338135) steps=30 mode=0 sched=single-bucket delta_t=0 policy=0
rank=1216 loaded data/1536/stackoverflow_a2q_tw.sub1216.txt (|V_local|=1649  t_range=[34288540,239663817])
rank=1216 loaded routing data/1536/stackoverflow_a2q_tw.rt1216.txt (785 entries)
rank=1216 added 1 boundary-only nodes from routing
rank=1238/1536 dataset=stackoverflow_a2q_tw walkers=5208 (6447504..6452711) steps=30 mode=0 sched=single-bucket delta_t=0 policy=0
rank=1238 loaded data/1536/stackoverflow_a2q_tw.sub1238.txt (|V_local|=1609  t_range=[23835980,239638845])
rank=1238 loaded routing data/1536/stackoverflow_a2q_tw.rt1238.txt (1021 entries)
rank=1238 added 1 boundary-only nodes from routing
rank=1236/1536 dataset=stackoverflow_a2q_tw walkers=5208 (6437088..6442295) steps=30 mode=0 sched=single-bucket delta_t=0 policy=0
rank=1236 loaded data/1536/stackoverflow_a2q_tw.sub1236.txt (|V_local|=1592  t_range=[42505371,239337428])
rank=1236 loaded routing data/1536/stackoverflow_a2q_tw.rt1236.txt (1099 entries)
rank=1236 added 1 boundary-only nodes from routing
rank=1237/1536 dataset=stackoverflow_a2q_tw walkers=5208 (6442296..6447503) steps=30 mode=0 sched=single-bucket delta_t=0 policy=0
rank=1237 loaded data/1536/stackoverflow_a2q_tw.sub1237.txt (|V_local|=1599  t_range=[11817553,239544424])
rank=1237 loaded routing data/1536/stackoverflow_a2q_tw.rt1237.txt (1055 entries)
rank=1237 added 1 boundary-only nodes from routing
rank=366/1536 dataset=stackoverflow_a2q_tw walkers=5208 (1906128..1911335) steps=30 mode=0 sched=single-bucket delta_t=0 policy=0
rank=366 loaded data/1536/stackoverflow_a2q_tw.sub366.txt (|V_local|=1591  t_range=[7246496,239662326])
rank=366 loaded routing data/1536/stackoverflow_a2q_tw.rt366.txt (1041 entries)
rank=363/1536 dataset=stackoverflow_a2q_tw walkers=5208 (1890504..1895711) steps=30 mode=0 sched=single-bucket delta_t=0 policy=0
rank=363 loaded data/1536/stackoverflow_a2q_tw.sub363.txt (|V_local|=1588  t_range=[4350781,239680384])
rank=363 loaded routing data/1536/stackoverflow_a2q_tw.rt363.txt (1040 entries)
rank=363 added 1 boundary-only nodes from routing
rank=354/1536 dataset=stackoverflow_a2q_tw walkers=5208 (1843632..1848839) steps=30 mode=0 sched=single-bucket delta_t=0 policy=0
rank=354 loaded data/1536/stackoverflow_a2q_tw.sub354.txt (|V_local|=1587  t_range=[6236163,239652239])
rank=354 loaded routing data/1536/stackoverflow_a2q_tw.rt354.txt (1084 entries)
rank=354 added 2 boundary-only nodes from routing
rank=360/1536 dataset=stackoverflow_a2q_tw walkers=5208 (1874880..1880087) steps=30 mode=0 sched=single-bucket delta_t=0 policy=0
rank=360 loaded data/1536/stackoverflow_a2q_tw.sub360.txt (|V_local|=1586  t_range=[3092203,239626148])
rank=360 loaded routing data/1536/stackoverflow_a2q_tw.rt360.txt (1056 entries)
rank=360 added 4 boundary-only nodes from routing
rank=34/1536 dataset=stackoverflow_a2q_tw walkers=5208 (177072..182279) steps=30 mode=0 sched=single-bucket delta_t=0 policy=0
rank=34 loaded data/1536/stackoverflow_a2q_tw.sub34.txt (|V_local|=1588  t_range=[11934350,239685846])
rank=34 loaded routing data/1536/stackoverflow_a2q_tw.rt34.txt (1034 entries)
rank=34 added 1 boundary-only nodes from routing
rank=27/1536 dataset=stackoverflow_a2q_tw walkers=5208 (140616..145823) steps=30 mode=0 sched=single-bucket delta_t=0 policy=0
rank=27 loaded data/1536/stackoverflow_a2q_tw.sub27.txt (|V_local|=1589  t_range=[4046570,239690776])
rank=27 loaded routing data/1536/stackoverflow_a2q_tw.rt27.txt (1048 entries)
rank=27 added 1 boundary-only nodes from routing
rank=20/1536 dataset=stackoverflow_a2q_tw walkers=5208 (104160..109367) steps=30 mode=0 sched=single-bucket delta_t=0 policy=0
rank=20 loaded data/1536/stackoverflow_a2q_tw.sub20.txt (|V_local|=1652  t_range=[10031922,239663409])
rank=20 loaded routing data/1536/stackoverflow_a2q_tw.rt20.txt (578 entries)
rank=22/1536 dataset=stackoverflow_a2q_tw walkers=5208 (114576..119783) steps=30 mode=0 sched=single-bucket delta_t=0 policy=0
rank=22 loaded data/1536/stackoverflow_a2q_tw.sub22.txt (|V_local|=1648  t_range=[30881738,239666588])
rank=22 loaded routing data/1536/stackoverflow_a2q_tw.rt22.txt (837 entries)
rank=22 added 3 boundary-only nodes from routing
rank=12/1536 dataset=stackoverflow_a2q_tw walkers=5208 (62496..67703) steps=30 mode=0 sched=single-bucket delta_t=0 policy=0
rank=12 loaded data/1536/stackoverflow_a2q_tw.sub12.txt (|V_local|=1590  t_range=[26424614,239675730])
rank=12 loaded routing data/1536/stackoverflow_a2q_tw.rt12.txt (1064 entries)
rank=12 added 2 boundary-only nodes from routing
rank=32/1536 dataset=stackoverflow_a2q_tw walkers=5208 (166656..171863) steps=30 mode=0 sched=single-bucket delta_t=0 policy=0
rank=32 loaded data/1536/stackoverflow_a2q_tw.sub32.txt (|V_local|=1589  t_range=[6238617,239488612])
rank=32 loaded routing data/1536/stackoverflow_a2q_tw.rt32.txt (1066 entries)
rank=32 added 2 boundary-only nodes from routing
rank=42/1536 dataset=stackoverflow_a2q_tw walkers=5208 (218736..223943) steps=30 mode=0 sched=single-bucket delta_t=0 policy=0
rank=42 loaded data/1536/stackoverflow_a2q_tw.sub42.txt (|V_local|=1584  t_range=[14020053,239604002])
rank=42 loaded routing data/1536/stackoverflow_a2q_tw.rt42.txt (992 entries)
rank=29/1536 dataset=stackoverflow_a2q_tw walkers=5208 (151032..156239) steps=30 mode=0 sched=single-bucket delta_t=0 policy=0
rank=29 loaded data/1536/stackoverflow_a2q_tw.sub29.txt (|V_local|=1595  t_range=[5962982,239665940])
rank=29 loaded routing data/1536/stackoverflow_a2q_tw.rt29.txt (1049 entries)
rank=29 added 2 boundary-only nodes from routing
rank=46/1536 dataset=stackoverflow_a2q_tw walkers=5208 (239568..244775) steps=30 mode=0 sched=single-bucket delta_t=0 policy=0
rank=46 loaded data/1536/stackoverflow_a2q_tw.sub46.txt (|V_local|=1591  t_range=[23566810,239678405])
rank=46 loaded routing data/1536/stackoverflow_a2q_tw.rt46.txt (846 entries)
rank=45/1536 dataset=stackoverflow_a2q_tw walkers=5208 (234360..239567) steps=30 mode=0 sched=single-bucket delta_t=0 policy=0
rank=45 loaded data/1536/stackoverflow_a2q_tw.sub45.txt (|V_local|=1589  t_range=[5416289,239691447])
rank=45 loaded routing data/1536/stackoverflow_a2q_tw.rt45.txt (1017 entries)
rank=45 added 1 boundary-only nodes from routing
rank=37/1536 dataset=stackoverflow_a2q_tw walkers=5208 (192696..197903) steps=30 mode=0 sched=single-bucket delta_t=0 policy=0
rank=37 loaded data/1536/stackoverflow_a2q_tw.sub37.txt (|V_local|=1589  t_range=[3624291,239583057])
rank=37 loaded routing data/1536/stackoverflow_a2q_tw.rt37.txt (1083 entries)
rank=47/1536 dataset=stackoverflow_a2q_tw walkers=5208 (244776..249983) steps=30 mode=0 sched=single-bucket delta_t=0 policy=0
rank=47 loaded data/1536/stackoverflow_a2q_tw.sub47.txt (|V_local|=1591  t_range=[4570472,239526328])
rank=47 loaded routing data/1536/stackoverflow_a2q_tw.rt47.txt (1061 entries)
rank=467 loaded routing data/1536/stackoverflow_a2q_tw.rt467.txt (1024 entries)
rank=467 added 1 boundary-only nodes from routing
rank=434/1536 dataset=stackoverflow_a2q_tw walkers=5208 (2260272..2265479) steps=30 mode=0 sched=single-bucket delta_t=0 policy=0
rank=434 loaded data/1536/stackoverflow_a2q_tw.sub434.txt (|V_local|=1652  t_range=[433150,239575633])
rank=434 loaded routing data/1536/stackoverflow_a2q_tw.rt434.txt (741 entries)
rank=474/1536 dataset=stackoverflow_a2q_tw walkers=5208 (2468592..2473799) steps=30 mode=0 sched=single-bucket delta_t=0 policy=0
rank=474 loaded data/1536/stackoverflow_a2q_tw.sub474.txt (|V_local|=1585  t_range=[1890156,239680527])
rank=474 loaded routing data/1536/stackoverflow_a2q_tw.rt474.txt (1009 entries)
rank=474 added 6 boundary-only nodes from routing
rank=302/1536 dataset=stackoverflow_a2q_tw walkers=5208 (1572816..1578023) steps=30 mode=0 sched=single-bucket delta_t=0 policy=0
rank=302 loaded data/1536/stackoverflow_a2q_tw.sub302.txt (|V_local|=1587  t_range=[11503052,239596836])
rank=302 loaded routing data/1536/stackoverflow_a2q_tw.rt302.txt (1076 entries)
rank=302 added 1 boundary-only nodes from routing
rank=318/1536 dataset=stackoverflow_a2q_tw walkers=5208 (1656144..1661351) steps=30 mode=0 sched=single-bucket delta_t=0 policy=0
rank=318 loaded data/1536/stackoverflow_a2q_tw.sub318.txt (|V_local|=1586  t_range=[4860759,239681076])
rank=318 loaded routing data/1536/stackoverflow_a2q_tw.rt318.txt (1071 entries)
rank=296/1536 dataset=stackoverflow_a2q_tw walkers=5208 (1541568..1546775) steps=30 mode=0 sched=single-bucket delta_t=0 policy=0
rank=296 loaded data/1536/stackoverflow_a2q_tw.sub296.txt (|V_local|=1592  t_range=[22881555,239680095])
rank=296 loaded routing data/1536/stackoverflow_a2q_tw.rt296.txt (1076 entries)
rank=327/1536 dataset=stackoverflow_a2q_tw walkers=5208 (1703016..1708223) steps=30 mode=0 sched=single-bucket delta_t=0 policy=0
rank=327 loaded data/1536/stackoverflow_a2q_tw.sub327.txt (|V_local|=1592  t_range=[4617212,239658510])
rank=327 loaded routing data/1536/stackoverflow_a2q_tw.rt327.txt (1047 entries)
rank=327 added 1 boundary-only nodes from routing
rank=1175/1536 dataset=stackoverflow_a2q_tw walkers=5208 (6119400..6124607) steps=30 mode=0 sched=single-bucket delta_t=0 policy=0
rank=1175 loaded data/1536/stackoverflow_a2q_tw.sub1175.txt (|V_local|=1651  t_range=[8832601,239693836])
rank=1175 loaded routing data/1536/stackoverflow_a2q_tw.rt1175.txt (1011 entries)
rank=1187/1536 dataset=stackoverflow_a2q_tw walkers=5208 (6181896..6187103) steps=30 mode=0 sched=single-bucket delta_t=0 policy=0
rank=1187 loaded data/1536/stackoverflow_a2q_tw.sub1187.txt (|V_local|=1599  t_range=[21593828,239660483])
rank=1187 loaded routing data/1536/stackoverflow_a2q_tw.rt1187.txt (1079 entries)
rank=1178/1536 dataset=stackoverflow_a2q_tw walkers=5208 (6135024..6140231) steps=30 mode=0 sched=single-bucket delta_t=0 policy=0
rank=1178 loaded data/1536/stackoverflow_a2q_tw.sub1178.txt (|V_local|=1589  t_range=[47661622,239658307])
rank=1178 loaded routing data/1536/stackoverflow_a2q_tw.rt1178.txt (1081 entries)
rank=1178 added 1 boundary-only nodes from routing
rank=1152/1536 dataset=stackoverflow_a2q_tw walkers=5208 (5999616..6004823) steps=30 mode=0 sched=single-bucket delta_t=0 policy=0
rank=1152 loaded data/1536/stackoverflow_a2q_tw.sub1152.txt (|V_local|=1588  t_range=[21046305,239568764])
rank=1152 loaded routing data/1536/stackoverflow_a2q_tw.rt1152.txt (1050 entries)
rank=1196/1536 dataset=stackoverflow_a2q_tw walkers=5208 (6228768..6233975) steps=30 mode=0 sched=single-bucket delta_t=0 policy=0
rank=1196 loaded data/1536/stackoverflow_a2q_tw.sub1196.txt (|V_local|=1611  t_range=[51974964,239617766])
rank=1196 loaded routing data/1536/stackoverflow_a2q_tw.rt1196.txt (1066 entries)
rank=1167/1536 dataset=stackoverflow_a2q_tw walkers=5208 (6077736..6082943) steps=30 mode=0 sched=single-bucket delta_t=0 policy=0
rank=1167 loaded data/1536/stackoverflow_a2q_tw.sub1167.txt (|V_local|=1584  t_range=[39292409,239538951])
rank=1167 loaded routing data/1536/stackoverflow_a2q_tw.rt1167.txt (1073 entries)
rank=998/1536 dataset=stackoverflow_a2q_tw walkers=5208 (5197584..5202791) steps=30 mode=0 sched=single-bucket delta_t=0 policy=0
rank=998 loaded data/1536/stackoverflow_a2q_tw.sub998.txt (|V_local|=1629  t_range=[4122135,239577958])
rank=998 loaded routing data/1536/stackoverflow_a2q_tw.rt998.txt (929 entries)
rank=375/1536 dataset=stackoverflow_a2q_tw walkers=5208 (1953000..1958207) steps=30 mode=0 sched=single-bucket delta_t=0 policy=0
rank=375 loaded data/1536/stackoverflow_a2q_tw.sub375.txt (|V_local|=1593  t_range=[6074318,239573203])
rank=375 loaded routing data/1536/stackoverflow_a2q_tw.rt375.txt (1104 entries)
rank=375 added 1 boundary-only nodes from routing
rank=355/1536 dataset=stackoverflow_a2q_tw walkers=5208 (1848840..1854047) steps=30 mode=0 sched=single-bucket delta_t=0 policy=0
rank=355 loaded data/1536/stackoverflow_a2q_tw.sub355.txt (|V_local|=1593  t_range=[4093435,239670759])
rank=355 loaded routing data/1536/stackoverflow_a2q_tw.rt355.txt (1011 entries)
rank=359/1536 dataset=stackoverflow_a2q_tw walkers=5208 (1869672..1874879) steps=30 mode=0 sched=single-bucket delta_t=0 policy=0
rank=359 loaded data/1536/stackoverflow_a2q_tw.sub359.txt (|V_local|=1589  t_range=[13863752,239686713])
rank=359 loaded routing data/1536/stackoverflow_a2q_tw.rt359.txt (1016 entries)
rank=359 added 1 boundary-only nodes from routing
rank=371/1536 dataset=stackoverflow_a2q_tw walkers=5208 (1932168..1937375) steps=30 mode=0 sched=single-bucket delta_t=0 policy=0
rank=371 loaded data/1536/stackoverflow_a2q_tw.sub371.txt (|V_local|=1591  t_range=[29409679,239679905])
rank=371 loaded routing data/1536/stackoverflow_a2q_tw.rt371.txt (1051 entries)
rank=381/1536 dataset=stackoverflow_a2q_tw walkers=5208 (1984248..1989455) steps=30 mode=0 sched=single-bucket delta_t=0 policy=0
rank=381 loaded data/1536/stackoverflow_a2q_tw.sub381.txt (|V_local|=1594  t_range=[9769746,239689164])
rank=381 loaded routing data/1536/stackoverflow_a2q_tw.rt381.txt (1073 entries)
rank=362/1536 dataset=stackoverflow_a2q_tw walkers=5208 (1885296..1890503) steps=30 mode=0 sched=single-bucket delta_t=0 policy=0
rank=362 loaded data/1536/stackoverflow_a2q_tw.sub362.txt (|V_local|=1596  t_range=[16591727,239691639])
rank=362 loaded routing data/1536/stackoverflow_a2q_tw.rt362.txt (1102 entries)
rank=367/1536 dataset=stackoverflow_a2q_tw walkers=5208 (1911336..1916543) steps=30 mode=0 sched=single-bucket delta_t=0 policy=0
rank=367 loaded data/1536/stackoverflow_a2q_tw.sub367.txt (|V_local|=1591  t_range=[19667297,239683293])
rank=367 loaded routing data/1536/stackoverflow_a2q_tw.rt367.txt (998 entries)
rank=368/1536 dataset=stackoverflow_a2q_tw walkers=5208 (1916544..1921751) steps=30 mode=0 sched=single-bucket delta_t=0 policy=0
rank=368 loaded data/1536/stackoverflow_a2q_tw.sub368.txt (|V_local|=1587  t_range=[6013311,239672117])
rank=368 loaded routing data/1536/stackoverflow_a2q_tw.rt368.txt (1119 entries)
rank=368 added 1 boundary-only nodes from routing
rank=370/1536 dataset=stackoverflow_a2q_tw walkers=5208 (1926960..1932167) steps=30 mode=0 sched=single-bucket delta_t=0 policy=0
rank=370 loaded data/1536/stackoverflow_a2q_tw.sub370.txt (|V_local|=1634  t_range=[31745070,239681469])
rank=370 loaded routing data/1536/stackoverflow_a2q_tw.rt370.txt (1004 entries)
rank=379/1536 dataset=stackoverflow_a2q_tw walkers=5208 (1973832..1979039) steps=30 mode=0 sched=single-bucket delta_t=0 policy=0
rank=379 loaded data/1536/stackoverflow_a2q_tw.sub379.txt (|V_local|=1596  t_range=[5539165,239682235])
rank=379 loaded routing data/1536/stackoverflow_a2q_tw.rt379.txt (1102 entries)
rank=377/1536 dataset=stackoverflow_a2q_tw walkers=5208 (1963416..1968623) steps=30 mode=0 sched=single-bucket delta_t=0 policy=0
rank=377 loaded data/1536/stackoverflow_a2q_tw.sub377.txt (|V_local|=1596  t_range=[6788697,239698455])
rank=377 loaded routing data/1536/stackoverflow_a2q_tw.rt377.txt (1013 entries)
rank=373/1536 dataset=stackoverflow_a2q_tw walkers=5208 (1942584..1947791) steps=30 mode=0 sched=single-bucket delta_t=0 policy=0
rank=373 loaded data/1536/stackoverflow_a2q_tw.sub373.txt (|V_local|=1592  t_range=[41033895,239646976])
rank=373 loaded routing data/1536/stackoverflow_a2q_tw.rt373.txt (933 entries)
rank=376/1536 dataset=stackoverflow_a2q_tw walkers=5208 (1958208..1963415) steps=30 mode=0 sched=single-bucket delta_t=0 policy=0
rank=376 loaded data/1536/stackoverflow_a2q_tw.sub376.txt (|V_local|=1600  t_range=[35612134,239695603])
rank=376 loaded routing data/1536/stackoverflow_a2q_tw.rt376.txt (987 entries)
rank=369/1536 dataset=stackoverflow_a2q_tw walkers=5208 (1921752..1926959) steps=30 mode=0 sched=single-bucket delta_t=0 policy=0
rank=369 loaded data/1536/stackoverflow_a2q_tw.sub369.txt (|V_local|=1587  t_range=[3604803,239688791])
rank=369 loaded routing data/1536/stackoverflow_a2q_tw.rt369.txt (1062 entries)
rank=374/1536 dataset=stackoverflow_a2q_tw walkers=5208 (1947792..1952999) steps=30 mode=0 sched=single-bucket delta_t=0 policy=0
rank=374 loaded data/1536/stackoverflow_a2q_tw.sub374.txt (|V_local|=1591  t_range=[29889554,239671843])
rank=374 loaded routing data/1536/stackoverflow_a2q_tw.rt374.txt (1042 entries)
rank=382/1536 dataset=stackoverflow_a2q_tw walkers=5208 (1989456..1994663) steps=30 mode=0 sched=single-bucket delta_t=0 policy=0
rank=382 loaded data/1536/stackoverflow_a2q_tw.sub382.txt (|V_local|=1597  t_range=[13553491,239689517])
rank=382 loaded routing data/1536/stackoverflow_a2q_tw.rt382.txt (1005 entries)
rank=382 added 1 boundary-only nodes from routing
rank=383/1536 dataset=stackoverflow_a2q_tw walkers=5208 (1994664..1999871) steps=30 mode=0 sched=single-bucket delta_t=0 policy=0
rank=383 loaded data/1536/stackoverflow_a2q_tw.sub383.txt (|V_local|=1608  t_range=[41693814,239673830])
rank=383 loaded routing data/1536/stackoverflow_a2q_tw.rt383.txt (1001 entries)
rank=336/1536 dataset=stackoverflow_a2q_tw walkers=5208 (1749888..1755095) steps=30 mode=0 sched=single-bucket delta_t=0 policy=0
rank=336 loaded data/1536/stackoverflow_a2q_tw.sub336.txt (|V_local|=1596  t_range=[28748789,239662725])
rank=336 loaded routing data/1536/stackoverflow_a2q_tw.rt336.txt (1049 entries)
rank=336 added 1 boundary-only nodes from routing
rank=26/1536 dataset=stackoverflow_a2q_tw walkers=5208 (135408..140615) steps=30 mode=0 sched=single-bucket delta_t=0 policy=0
rank=26 loaded data/1536/stackoverflow_a2q_tw.sub26.txt (|V_local|=1649  t_range=[4257814,239688720])
rank=26 loaded routing data/1536/stackoverflow_a2q_tw.rt26.txt (838 entries)
rank=26 added 1 boundary-only nodes from routing
rank=40/1536 dataset=stackoverflow_a2q_tw walkers=5208 (208320..213527) steps=30 mode=0 sched=single-bucket delta_t=0 policy=0
rank=40 loaded data/1536/stackoverflow_a2q_tw.sub40.txt (|V_local|=1594  t_range=[2416256,239630887])
rank=40 loaded routing data/1536/stackoverflow_a2q_tw.rt40.txt (1079 entries)
rank=24/1536 dataset=stackoverflow_a2q_tw walkers=5208 (124992..130199) steps=30 mode=0 sched=single-bucket delta_t=0 policy=0
rank=24 loaded data/1536/stackoverflow_a2q_tw.sub24.txt (|V_local|=1592  t_range=[21283876,239663071])
rank=24 loaded routing data/1536/stackoverflow_a2q_tw.rt24.txt (1042 entries)
rank=36/1536 dataset=stackoverflow_a2q_tw walkers=5208 (187488..192695) steps=30 mode=0 sched=single-bucket delta_t=0 policy=0
rank=36 loaded data/1536/stackoverflow_a2q_tw.sub36.txt (|V_local|=1590  t_range=[4808382,239659596])
rank=36 loaded routing data/1536/stackoverflow_a2q_tw.rt36.txt (993 entries)
rank=23/1536 dataset=stackoverflow_a2q_tw walkers=5208 (119784..124991) steps=30 mode=0 sched=single-bucket delta_t=0 policy=0
rank=23 loaded data/1536/stackoverflow_a2q_tw.sub23.txt (|V_local|=1652  t_range=[45653547,239696816])
rank=23 loaded routing data/1536/stackoverflow_a2q_tw.rt23.txt (608 entries)
rank=43/1536 dataset=stackoverflow_a2q_tw walkers=5208 (223944..229151) steps=30 mode=0 sched=single-bucket delta_t=0 policy=0
rank=43 loaded data/1536/stackoverflow_a2q_tw.sub43.txt (|V_local|=1596  t_range=[4029991,239643122])
rank=43 loaded routing data/1536/stackoverflow_a2q_tw.rt43.txt (918 entries)
rank=43 added 1 boundary-only nodes from routing
rank=35/1536 dataset=stackoverflow_a2q_tw walkers=5208 (182280..187487) steps=30 mode=0 sched=single-bucket delta_t=0 policy=0
rank=35 loaded data/1536/stackoverflow_a2q_tw.sub35.txt (|V_local|=1598  t_range=[1712114,239684250])
rank=35 loaded routing data/1536/stackoverflow_a2q_tw.rt35.txt (993 entries)
rank=33/1536 dataset=stackoverflow_a2q_tw walkers=5208 (171864..177071) steps=30 mode=0 sched=single-bucket delta_t=0 policy=0
rank=33 loaded data/1536/stackoverflow_a2q_tw.sub33.txt (|V_local|=1591  t_range=[1114912,239693346])
rank=33 loaded routing data/1536/stackoverflow_a2q_tw.rt33.txt (1101 entries)
rank=33 added 1 boundary-only nodes from routing
rank=25/1536 dataset=stackoverflow_a2q_tw walkers=5208 (130200..135407) steps=30 mode=0 sched=single-bucket delta_t=0 policy=0
rank=25 loaded data/1536/stackoverflow_a2q_tw.sub25.txt (|V_local|=1596  t_range=[4307919,239695858])
rank=25 loaded routing data/1536/stackoverflow_a2q_tw.rt25.txt (1006 entries)
rank=44/1536 dataset=stackoverflow_a2q_tw walkers=5208 (229152..234359) steps=30 mode=0 sched=single-bucket delta_t=0 policy=0
rank=44 loaded data/1536/stackoverflow_a2q_tw.sub44.txt (|V_local|=1651  t_range=[5713464,239696958])
rank=44 loaded routing data/1536/stackoverflow_a2q_tw.rt44.txt (949 entries)
rank=0/1536 dataset=stackoverflow_a2q_tw walkers=5208 (0..5207) steps=30 mode=0 sched=single-bucket delta_t=0 policy=0
rank=0 loaded data/1536/stackoverflow_a2q_tw.sub0.txt (|V_local|=1589  t_range=[10317840,239666194])
rank=0 loaded routing data/1536/stackoverflow_a2q_tw.rt0.txt (928 entries)
PHASE compute=0.0710 exchange=1.6326 allreduce=0.0560 emb_xchg=0.0000 s  comm_frac=96.0% [p=1536 mode=fused]
E1 cross-rank pairs: 26278794/43126135 (60.93%) [p=1536]
rank=0 elapsed=1.653098s sched=single-bucket delta_t=0 total_walkers=7999488
rank=21/1536 dataset=stackoverflow_a2q_tw walkers=5208 (109368..114575) steps=30 mode=0 sched=single-bucket delta_t=0 policy=0
rank=21 loaded data/1536/stackoverflow_a2q_tw.sub21.txt (|V_local|=1590  t_range=[3663032,239633205])
rank=21 loaded routing data/1536/stackoverflow_a2q_tw.rt21.txt (1070 entries)
rank=325/1536 dataset=stackoverflow_a2q_tw walkers=5208 (1692600..1697807) steps=30 mode=0 sched=single-bucket delta_t=0 policy=0
rank=325 loaded data/1536/stackoverflow_a2q_tw.sub325.txt (|V_local|=1587  t_range=[4122701,239678745])
rank=325 loaded routing data/1536/stackoverflow_a2q_tw.rt325.txt (1048 entries)
rank=325 added 1 boundary-only nodes from routing
rank=294/1536 dataset=stackoverflow_a2q_tw walkers=5208 (1531152..1536359) steps=30 mode=0 sched=single-bucket delta_t=0 policy=0
rank=294 loaded data/1536/stackoverflow_a2q_tw.sub294.txt (|V_local|=1585  t_range=[6149260,239649356])
rank=294 loaded routing data/1536/stackoverflow_a2q_tw.rt294.txt (1055 entries)
rank=294 added 1 boundary-only nodes from routing
rank=321/1536 dataset=stackoverflow_a2q_tw walkers=5208 (1671768..1676975) steps=30 mode=0 sched=single-bucket delta_t=0 policy=0
rank=321 loaded data/1536/stackoverflow_a2q_tw.sub321.txt (|V_local|=1586  t_range=[4122375,239666562])
rank=321 loaded routing data/1536/stackoverflow_a2q_tw.rt321.txt (1034 entries)
rank=321 added 1 boundary-only nodes from routing
rank=310/1536 dataset=stackoverflow_a2q_tw walkers=5208 (1614480..1619687) steps=30 mode=0 sched=single-bucket delta_t=0 policy=0
rank=310 loaded data/1536/stackoverflow_a2q_tw.sub310.txt (|V_local|=1594  t_range=[32979630,239680160])
rank=310 loaded routing data/1536/stackoverflow_a2q_tw.rt310.txt (891 entries)
rank=297/1536 dataset=stackoverflow_a2q_tw walkers=5208 (1546776..1551983) steps=30 mode=0 sched=single-bucket delta_t=0 policy=0
rank=297 loaded data/1536/stackoverflow_a2q_tw.sub297.txt (|V_local|=1612  t_range=[35184763,239691878])
rank=297 loaded routing data/1536/stackoverflow_a2q_tw.rt297.txt (1041 entries)
rank=330/1536 dataset=stackoverflow_a2q_tw walkers=5208 (1718640..1723847) steps=30 mode=0 sched=single-bucket delta_t=0 policy=0
rank=330 loaded data/1536/stackoverflow_a2q_tw.sub330.txt (|V_local|=1585  t_range=[26489995,239494315])
rank=330 loaded routing data/1536/stackoverflow_a2q_tw.rt330.txt (1130 entries)
rank=330 added 2 boundary-only nodes from routing
rank=292/1536 dataset=stackoverflow_a2q_tw walkers=5208 (1520736..1525943) steps=30 mode=0 sched=single-bucket delta_t=0 policy=0
rank=292 loaded data/1536/stackoverflow_a2q_tw.sub292.txt (|V_local|=1593  t_range=[10854115,239673370])
rank=292 loaded routing data/1536/stackoverflow_a2q_tw.rt292.txt (1104 entries)
rank=324/1536 dataset=stackoverflow_a2q_tw walkers=5208 (1687392..1692599) steps=30 mode=0 sched=single-bucket delta_t=0 policy=0
rank=324 loaded data/1536/stackoverflow_a2q_tw.sub324.txt (|V_local|=1585  t_range=[5349394,239583310])
rank=324 loaded routing data/1536/stackoverflow_a2q_tw.rt324.txt (1085 entries)
rank=328/1536 dataset=stackoverflow_a2q_tw walkers=5208 (1708224..1713431) steps=30 mode=0 sched=single-bucket delta_t=0 policy=0
rank=328 loaded data/1536/stackoverflow_a2q_tw.sub328.txt (|V_local|=1581  t_range=[30369253,239569763])
rank=328 loaded routing data/1536/stackoverflow_a2q_tw.rt328.txt (1119 entries)
rank=328 added 1 boundary-only nodes from routing
rank=305/1536 dataset=stackoverflow_a2q_tw walkers=5208 (1588440..1593647) steps=30 mode=0 sched=single-bucket delta_t=0 policy=0
rank=305 loaded data/1536/stackoverflow_a2q_tw.sub305.txt (|V_local|=1588  t_range=[9420527,239697973])
rank=305 loaded routing data/1536/stackoverflow_a2q_tw.rt305.txt (1087 entries)
rank=306/1536 dataset=stackoverflow_a2q_tw walkers=5208 (1593648..1598855) steps=30 mode=0 sched=single-bucket delta_t=0 policy=0
rank=306 loaded data/1536/stackoverflow_a2q_tw.sub306.txt (|V_local|=1593  t_range=[20526916,239581072])
rank=306 loaded routing data/1536/stackoverflow_a2q_tw.rt306.txt (1138 entries)
rank=289/1536 dataset=stackoverflow_a2q_tw walkers=5208 (1505112..1510319) steps=30 mode=0 sched=single-bucket delta_t=0 policy=0
rank=289 loaded data/1536/stackoverflow_a2q_tw.sub289.txt (|V_local|=1592  t_range=[33263135,239691329])
rank=289 loaded routing data/1536/stackoverflow_a2q_tw.rt289.txt (1048 entries)
rank=289 added 2 boundary-only nodes from routing
rank=301/1536 dataset=stackoverflow_a2q_tw walkers=5208 (1567608..1572815) steps=30 mode=0 sched=single-bucket delta_t=0 policy=0
rank=301 loaded data/1536/stackoverflow_a2q_tw.sub301.txt (|V_local|=1595  t_range=[34943937,239676248])
rank=301 loaded routing data/1536/stackoverflow_a2q_tw.rt301.txt (1060 entries)
rank=331/1536 dataset=stackoverflow_a2q_tw walkers=5208 (1723848..1729055) steps=30 mode=0 sched=single-bucket delta_t=0 policy=0
rank=331 loaded data/1536/stackoverflow_a2q_tw.sub331.txt (|V_local|=1592  t_range=[16885910,239670384])
rank=331 loaded routing data/1536/stackoverflow_a2q_tw.rt331.txt (1050 entries)
rank=329/1536 dataset=stackoverflow_a2q_tw walkers=5208 (1713432..1718639) steps=30 mode=0 sched=single-bucket delta_t=0 policy=0
rank=329 loaded data/1536/stackoverflow_a2q_tw.sub329.txt (|V_local|=1584  t_range=[5526375,239669642])
rank=329 loaded routing data/1536/stackoverflow_a2q_tw.rt329.txt (943 entries)
rank=334/1536 dataset=stackoverflow_a2q_tw walkers=5208 (1739472..1744679) steps=30 mode=0 sched=single-bucket delta_t=0 policy=0
rank=334 loaded data/1536/stackoverflow_a2q_tw.sub334.txt (|V_local|=1587  t_range=[16128409,239696134])
rank=334 loaded routing data/1536/stackoverflow_a2q_tw.rt334.txt (992 entries)
rank=334 added 1 boundary-only nodes from routing
rank=304/1536 dataset=stackoverflow_a2q_tw walkers=5208 (1583232..1588439) steps=30 mode=0 sched=single-bucket delta_t=0 policy=0
rank=304 loaded data/1536/stackoverflow_a2q_tw.sub304.txt (|V_local|=1585  t_range=[28140764,239668447])
rank=304 loaded routing data/1536/stackoverflow_a2q_tw.rt304.txt (1072 entries)
rank=333/1536 dataset=stackoverflow_a2q_tw walkers=5208 (1734264..1739471) steps=30 mode=0 sched=single-bucket delta_t=0 policy=0
rank=333 loaded data/1536/stackoverflow_a2q_tw.sub333.txt (|V_local|=1589  t_range=[10780448,239680684])
rank=333 loaded routing data/1536/stackoverflow_a2q_tw.rt333.txt (1053 entries)
rank=333 added 3 boundary-only nodes from routing
rank=309/1536 dataset=stackoverflow_a2q_tw walkers=5208 (1609272..1614479) steps=30 mode=0 sched=single-bucket delta_t=0 policy=0
rank=309 loaded data/1536/stackoverflow_a2q_tw.sub309.txt (|V_local|=1589  t_range=[4034005,239664954])
rank=309 loaded routing data/1536/stackoverflow_a2q_tw.rt309.txt (1073 entries)
