=== scaling: nodes=8 proc=384 dataset=stackoverflow_a2q strong(total=8000000) nwalk/rank=20833 emb=0 mode=fused ===
rank=167/384 dataset=stackoverflow_a2q walkers=20833 (3479111..3499943) steps=30 mode=0 sched=single-bucket delta_t=0 policy=0
rank=167 loaded data/384/stackoverflow_a2q.sub167.txt (|V_local|=6166  t_range=[10318411,239691900])
rank=167 loaded routing data/384/stackoverflow_a2q.rt167.txt (3995 entries)
rank=167 added 91 boundary-only nodes from routing
rank=158/384 dataset=stackoverflow_a2q walkers=20833 (3291614..3312446) steps=30 mode=0 sched=single-bucket delta_t=0 policy=0
rank=158 loaded data/384/stackoverflow_a2q.sub158.txt (|V_local|=6135  t_range=[3847380,239674249])
rank=158 loaded routing data/384/stackoverflow_a2q.rt158.txt (4401 entries)
rank=158 added 133 boundary-only nodes from routing
rank=153/384 dataset=stackoverflow_a2q walkers=20833 (3187449..3208281) steps=30 mode=0 sched=single-bucket delta_t=0 policy=0
rank=153 loaded data/384/stackoverflow_a2q.sub153.txt (|V_local|=6162  t_range=[4090149,239693779])
rank=153 loaded routing data/384/stackoverflow_a2q.rt153.txt (4229 entries)
rank=153 added 101 boundary-only nodes from routing
rank=146/384 dataset=stackoverflow_a2q walkers=20833 (3041618..3062450) steps=30 mode=0 sched=single-bucket delta_t=0 policy=0
rank=146 loaded data/384/stackoverflow_a2q.sub146.txt (|V_local|=6593  t_range=[4289513,239662429])
rank=146 loaded routing data/384/stackoverflow_a2q.rt146.txt (3085 entries)
rank=146 added 17 boundary-only nodes from routing
rank=152/384 dataset=stackoverflow_a2q walkers=20833 (3166616..3187448) steps=30 mode=0 sched=single-bucket delta_t=0 policy=0
rank=152 loaded data/384/stackoverflow_a2q.sub152.txt (|V_local|=6554  t_range=[542546,239672347])
rank=152 loaded routing data/384/stackoverflow_a2q.rt152.txt (2427 entries)
rank=152 added 57 boundary-only nodes from routing
rank=144/384 dataset=stackoverflow_a2q walkers=20833 (2999952..3020784) steps=30 mode=0 sched=single-bucket delta_t=0 policy=0
rank=144 loaded data/384/stackoverflow_a2q.sub144.txt (|V_local|=6183  t_range=[11340017,239671160])
rank=144 loaded routing data/384/stackoverflow_a2q.rt144.txt (4190 entries)
rank=144 added 84 boundary-only nodes from routing
rank=176/384 dataset=stackoverflow_a2q walkers=20833 (3666608..3687440) steps=30 mode=0 sched=single-bucket delta_t=0 policy=0
rank=176 loaded data/384/stackoverflow_a2q.sub176.txt (|V_local|=6151  t_range=[4251359,239629674])
rank=176 loaded routing data/384/stackoverflow_a2q.rt176.txt (4449 entries)
rank=176 added 110 boundary-only nodes from routing
rank=184/384 dataset=stackoverflow_a2q walkers=20833 (3833272..3854104) steps=30 mode=0 sched=single-bucket delta_t=0 policy=0
rank=184 loaded data/384/stackoverflow_a2q.sub184.txt (|V_local|=6577  t_range=[2948423,239691434])
rank=184 loaded routing data/384/stackoverflow_a2q.rt184.txt (3929 entries)
rank=184 added 29 boundary-only nodes from routing
rank=154/384 dataset=stackoverflow_a2q walkers=20833 (3208282..3229114) steps=30 mode=0 sched=single-bucket delta_t=0 policy=0
rank=154 loaded data/384/stackoverflow_a2q.sub154.txt (|V_local|=6157  t_range=[3093727,239651895])
rank=154 loaded routing data/384/stackoverflow_a2q.rt154.txt (4351 entries)
rank=154 added 113 boundary-only nodes from routing
rank=147/384 dataset=stackoverflow_a2q walkers=20833 (3062451..3083283) steps=30 mode=0 sched=single-bucket delta_t=0 policy=0
rank=147 loaded data/384/stackoverflow_a2q.sub147.txt (|V_local|=6153  t_range=[3950160,239644393])
rank=147 loaded routing data/384/stackoverflow_a2q.rt147.txt (4102 entries)
rank=147 added 101 boundary-only nodes from routing
rank=178/384 dataset=stackoverflow_a2q walkers=20833 (3708274..3729106) steps=30 mode=0 sched=single-bucket delta_t=0 policy=0
rank=178 loaded data/384/stackoverflow_a2q.sub178.txt (|V_local|=6576  t_range=[4183043,239680414])
rank=178 loaded routing data/384/stackoverflow_a2q.rt178.txt (2394 entries)
rank=178 added 35 boundary-only nodes from routing
rank=151/384 dataset=stackoverflow_a2q walkers=20833 (3145783..3166615) steps=30 mode=0 sched=single-bucket delta_t=0 policy=0
rank=151 loaded data/384/stackoverflow_a2q.sub151.txt (|V_local|=5975  t_range=[4564882,239690397])
rank=151 loaded routing data/384/stackoverflow_a2q.rt151.txt (4266 entries)
rank=151 added 289 boundary-only nodes from routing
rank=149/384 dataset=stackoverflow_a2q walkers=20833 (3104117..3124949) steps=30 mode=0 sched=single-bucket delta_t=0 policy=0
rank=149 loaded data/384/stackoverflow_a2q.sub149.txt (|V_local|=6189  t_range=[3091075,239676036])
rank=149 loaded routing data/384/stackoverflow_a2q.rt149.txt (3910 entries)
rank=149 added 74 boundary-only nodes from routing
rank=145/384 dataset=stackoverflow_a2q walkers=20833 (3020785..3041617) steps=30 mode=0 sched=single-bucket delta_t=0 policy=0
rank=145 loaded data/384/stackoverflow_a2q.sub145.txt (|V_local|=6202  t_range=[256708,239694340])
rank=145 loaded routing data/384/stackoverflow_a2q.rt145.txt (4182 entries)
rank=145 added 65 boundary-only nodes from routing
rank=185/384 dataset=stackoverflow_a2q walkers=20833 (3854105..3874937) steps=30 mode=0 sched=single-bucket delta_t=0 policy=0
rank=185 loaded data/384/stackoverflow_a2q.sub185.txt (|V_local|=6591  t_range=[2693373,239691020])
rank=185 loaded routing data/384/stackoverflow_a2q.rt185.txt (3445 entries)
rank=185 added 19 boundary-only nodes from routing
rank=182/384 dataset=stackoverflow_a2q walkers=20833 (3791606..3812438) steps=30 mode=0 sched=single-bucket delta_t=0 policy=0
rank=182 loaded data/384/stackoverflow_a2q.sub182.txt (|V_local|=6564  t_range=[7734533,239691946])
rank=182 loaded routing data/384/stackoverflow_a2q.rt182.txt (3815 entries)
rank=182 added 44 boundary-only nodes from routing
rank=174/384 dataset=stackoverflow_a2q walkers=20833 (3624942..3645774) steps=30 mode=0 sched=single-bucket delta_t=0 policy=0
rank=174 loaded data/384/stackoverflow_a2q.sub174.txt (|V_local|=6140  t_range=[11698034,239681958])
rank=174 loaded routing data/384/stackoverflow_a2q.rt174.txt (4292 entries)
rank=174 added 121 boundary-only nodes from routing
rank=183/384 dataset=stackoverflow_a2q walkers=20833 (3812439..3833271) steps=30 mode=0 sched=single-bucket delta_t=0 policy=0
rank=183 loaded data/384/stackoverflow_a2q.sub183.txt (|V_local|=6181  t_range=[9766064,239675727])
rank=183 loaded routing data/384/stackoverflow_a2q.rt183.txt (4377 entries)
rank=183 added 80 boundary-only nodes from routing
rank=175/384 dataset=stackoverflow_a2q walkers=20833 (3645775..3666607) steps=30 mode=0 sched=single-bucket delta_t=0 policy=0
rank=175 loaded data/384/stackoverflow_a2q.sub175.txt (|V_local|=6174  t_range=[1792299,239662773])
rank=175 loaded routing data/384/stackoverflow_a2q.rt175.txt (3958 entries)
rank=175 added 86 boundary-only nodes from routing
rank=150/384 dataset=stackoverflow_a2q walkers=20833 (3124950..3145782) steps=30 mode=0 sched=single-bucket delta_t=0 policy=0
rank=150 loaded data/384/stackoverflow_a2q.sub150.txt (|V_local|=6123  t_range=[6017540,239686393])
rank=150 loaded routing data/384/stackoverflow_a2q.rt150.txt (4373 entries)
rank=150 added 141 boundary-only nodes from routing
rank=157/384 dataset=stackoverflow_a2q walkers=20833 (3270781..3291613) steps=30 mode=0 sched=single-bucket delta_t=0 policy=0
rank=157 loaded data/384/stackoverflow_a2q.sub157.txt (|V_local|=6542  t_range=[2305015,239698105])
rank=157 loaded routing data/384/stackoverflow_a2q.rt157.txt (3584 entries)
rank=157 added 56 boundary-only nodes from routing
rank=161/384 dataset=stackoverflow_a2q walkers=20833 (3354113..3374945) steps=30 mode=0 sched=single-bucket delta_t=0 policy=0
rank=161 loaded data/384/stackoverflow_a2q.sub161.txt (|V_local|=6198  t_range=[4646896,239693563])
rank=161 loaded routing data/384/stackoverflow_a2q.rt161.txt (4218 entries)
rank=161 added 69 boundary-only nodes from routing
rank=163/384 dataset=stackoverflow_a2q walkers=20833 (3395779..3416611) steps=30 mode=0 sched=single-bucket delta_t=0 policy=0
rank=163 loaded data/384/stackoverflow_a2q.sub163.txt (|V_local|=6558  t_range=[10938874,239692719])
rank=163 loaded routing data/384/stackoverflow_a2q.rt163.txt (4014 entries)
rank=163 added 49 boundary-only nodes from routing
rank=107/384 dataset=stackoverflow_a2q walkers=20833 (2229131..2249963) steps=30 mode=0 sched=single-bucket delta_t=0 policy=0
rank=107 loaded data/384/stackoverflow_a2q.sub107.txt (|V_local|=6075  t_range=[687041,239630825])
rank=107 loaded routing data/384/stackoverflow_a2q.rt107.txt (4145 entries)
rank=107 added 191 boundary-only nodes from routing
rank=117/384 dataset=stackoverflow_a2q walkers=20833 (2437461..2458293) steps=30 mode=0 sched=single-bucket delta_t=0 policy=0
rank=117 loaded data/384/stackoverflow_a2q.sub117.txt (|V_local|=6074  t_range=[598424,239692605])
rank=117 loaded routing data/384/stackoverflow_a2q.rt117.txt (4369 entries)
rank=117 added 192 boundary-only nodes from routing
rank=101/384 dataset=stackoverflow_a2q walkers=20833 (2104133..2124965) steps=30 mode=0 sched=single-bucket delta_t=0 policy=0
rank=101 loaded data/384/stackoverflow_a2q.sub101.txt (|V_local|=6227  t_range=[3012854,239683820])
rank=101 loaded routing data/384/stackoverflow_a2q.rt101.txt (2719 entries)
rank=101 added 384 boundary-only nodes from routing
rank=111/384 dataset=stackoverflow_a2q walkers=20833 (2312463..2333295) steps=30 mode=0 sched=single-bucket delta_t=0 policy=0
rank=111 loaded data/384/stackoverflow_a2q.sub111.txt (|V_local|=6053  t_range=[3957767,239665276])
rank=111 loaded routing data/384/stackoverflow_a2q.rt111.txt (4437 entries)
rank=111 added 201 boundary-only nodes from routing
rank=105/384 dataset=stackoverflow_a2q walkers=20833 (2187465..2208297) steps=30 mode=0 sched=single-bucket delta_t=0 policy=0
rank=105 loaded data/384/stackoverflow_a2q.sub105.txt (|V_local|=6043  t_range=[242014,239663905])
rank=105 loaded routing data/384/stackoverflow_a2q.rt105.txt (4113 entries)
rank=105 added 222 boundary-only nodes from routing
rank=140/384 dataset=stackoverflow_a2q walkers=20833 (2916620..2937452) steps=30 mode=0 sched=single-bucket delta_t=0 policy=0
rank=140 loaded data/384/stackoverflow_a2q.sub140.txt (|V_local|=6132  t_range=[4087125,239682723])
rank=140 loaded routing data/384/stackoverflow_a2q.rt140.txt (4293 entries)
rank=140 added 120 boundary-only nodes from routing
rank=141/384 dataset=stackoverflow_a2q walkers=20833 (2937453..2958285) steps=30 mode=0 sched=single-bucket delta_t=0 policy=0
rank=141 loaded data/384/stackoverflow_a2q.sub141.txt (|V_local|=6132  t_range=[2299504,239661157])
rank=141 loaded routing data/384/stackoverflow_a2q.rt141.txt (4291 entries)
rank=141 added 135 boundary-only nodes from routing
rank=102/384 dataset=stackoverflow_a2q walkers=20833 (2124966..2145798) steps=30 mode=0 sched=single-bucket delta_t=0 policy=0
rank=102 loaded data/384/stackoverflow_a2q.sub102.txt (|V_local|=5895  t_range=[610355,239655132])
rank=102 loaded routing data/384/stackoverflow_a2q.rt102.txt (4196 entries)
rank=102 added 368 boundary-only nodes from routing
rank=115/384 dataset=stackoverflow_a2q walkers=20833 (2395795..2416627) steps=30 mode=0 sched=single-bucket delta_t=0 policy=0
rank=115 loaded data/384/stackoverflow_a2q.sub115.txt (|V_local|=6483  t_range=[942675,239671726])
rank=115 loaded routing data/384/stackoverflow_a2q.rt115.txt (3448 entries)
rank=115 added 121 boundary-only nodes from routing
rank=97/384 dataset=stackoverflow_a2q walkers=20833 (2020801..2041633) steps=30 mode=0 sched=single-bucket delta_t=0 policy=0
rank=97 loaded data/384/stackoverflow_a2q.sub97.txt (|V_local|=6246  t_range=[2735655,239644685])
rank=97 loaded routing data/384/stackoverflow_a2q.rt97.txt (3981 entries)
rank=97 added 361 boundary-only nodes from routing
rank=98/384 dataset=stackoverflow_a2q walkers=20833 (2041634..2062466) steps=30 mode=0 sched=single-bucket delta_t=0 policy=0
rank=98 loaded data/384/stackoverflow_a2q.sub98.txt (|V_local|=6585  t_range=[54040,239592416])
rank=98 loaded routing data/384/stackoverflow_a2q.rt98.txt (1882 entries)
rank=98 added 26 boundary-only nodes from routing
rank=100/384 dataset=stackoverflow_a2q walkers=20833 (2083300..2104132) steps=30 mode=0 sched=single-bucket delta_t=0 policy=0
rank=100 loaded data/384/stackoverflow_a2q.sub100.txt (|V_local|=6256  t_range=[2493180,239579567])
rank=100 loaded routing data/384/stackoverflow_a2q.rt100.txt (2767 entries)
rank=100 added 354 boundary-only nodes from routing
rank=122/384 dataset=stackoverflow_a2q walkers=20833 (2541626..2562458) steps=30 mode=0 sched=single-bucket delta_t=0 policy=0
rank=122 loaded data/384/stackoverflow_a2q.sub122.txt (|V_local|=6389  t_range=[20638305,239679817])
rank=122 loaded routing data/384/stackoverflow_a2q.rt122.txt (4341 entries)
rank=122 added 64 boundary-only nodes from routing
rank=106/384 dataset=stackoverflow_a2q walkers=20833 (2208298..2229130) steps=30 mode=0 sched=single-bucket delta_t=0 policy=0
rank=106 loaded data/384/stackoverflow_a2q.sub106.txt (|V_local|=5983  t_range=[481578,239586153])
rank=106 loaded routing data/384/stackoverflow_a2q.rt106.txt (4000 entries)
rank=106 added 626 boundary-only nodes from routing
rank=121/384 dataset=stackoverflow_a2q walkers=20833 (2520793..2541625) steps=30 mode=0 sched=single-bucket delta_t=0 policy=0
rank=121 loaded data/384/stackoverflow_a2q.sub121.txt (|V_local|=6487  t_range=[2840335,239657275])
rank=121 loaded routing data/384/stackoverflow_a2q.rt121.txt (3206 entries)
rank=121 added 124 boundary-only nodes from routing
rank=134/384 dataset=stackoverflow_a2q walkers=20833 (2791622..2812454) steps=30 mode=0 sched=single-bucket delta_t=0 policy=0
rank=134 loaded data/384/stackoverflow_a2q.sub134.txt (|V_local|=6146  t_range=[3003984,239687162])
rank=134 loaded routing data/384/stackoverflow_a2q.rt134.txt (4314 entries)
rank=134 added 115 boundary-only nodes from routing
rank=118/384 dataset=stackoverflow_a2q walkers=20833 (2458294..2479126) steps=30 mode=0 sched=single-bucket delta_t=0 policy=0
rank=118 loaded data/384/stackoverflow_a2q.sub118.txt (|V_local|=6091  t_range=[3322852,239581620])
rank=118 loaded routing data/384/stackoverflow_a2q.rt118.txt (4375 entries)
rank=118 added 181 boundary-only nodes from routing
rank=132/384 dataset=stackoverflow_a2q walkers=20833 (2749956..2770788) steps=30 mode=0 sched=single-bucket delta_t=0 policy=0
rank=132 loaded data/384/stackoverflow_a2q.sub132.txt (|V_local|=6118  t_range=[3936460,239685053])
rank=132 loaded routing data/384/stackoverflow_a2q.rt132.txt (4421 entries)
rank=132 added 149 boundary-only nodes from routing
rank=104/384 dataset=stackoverflow_a2q walkers=20833 (2166632..2187464) steps=30 mode=0 sched=single-bucket delta_t=0 policy=0
rank=104 loaded data/384/stackoverflow_a2q.sub104.txt (|V_local|=6543  t_range=[1095410,239552801])
rank=104 loaded routing data/384/stackoverflow_a2q.rt104.txt (2776 entries)
rank=104 added 68 boundary-only nodes from routing
rank=103/384 dataset=stackoverflow_a2q walkers=20833 (2145799..2166631) steps=30 mode=0 sched=single-bucket delta_t=0 policy=0
rank=103 loaded data/384/stackoverflow_a2q.sub103.txt (|V_local|=6456  t_range=[0,239675952])
rank=103 loaded routing data/384/stackoverflow_a2q.rt103.txt (2632 entries)
rank=103 added 155 boundary-only nodes from routing
rank=114/384 dataset=stackoverflow_a2q walkers=20833 (2374962..2395794) steps=30 mode=0 sched=single-bucket delta_t=0 policy=0
rank=114 loaded data/384/stackoverflow_a2q.sub114.txt (|V_local|=6124  t_range=[4036537,239633164])
rank=114 loaded routing data/384/stackoverflow_a2q.rt114.txt (4276 entries)
rank=114 added 134 boundary-only nodes from routing
rank=133/384 dataset=stackoverflow_a2q walkers=20833 (2770789..2791621) steps=30 mode=0 sched=single-bucket delta_t=0 policy=0
rank=133 loaded data/384/stackoverflow_a2q.sub133.txt (|V_local|=6131  t_range=[2507690,239668069])
rank=133 loaded routing data/384/stackoverflow_a2q.rt133.txt (4352 entries)
rank=133 added 134 boundary-only nodes from routing
rank=123/384 dataset=stackoverflow_a2q walkers=20833 (2562459..2583291) steps=30 mode=0 sched=single-bucket delta_t=0 policy=0
rank=123 loaded data/384/stackoverflow_a2q.sub123.txt (|V_local|=6117  t_range=[4825884,239666304])
rank=123 loaded routing data/384/stackoverflow_a2q.rt123.txt (4375 entries)
rank=123 added 146 boundary-only nodes from routing
rank=358/384 dataset=stackoverflow_a2q walkers=20833 (7458214..7479046) steps=30 mode=0 sched=single-bucket delta_t=0 policy=0
rank=358 loaded data/384/stackoverflow_a2q.sub358.txt (|V_local|=6175  t_range=[5742161,239694231])
rank=358 loaded routing data/384/stackoverflow_a2q.rt358.txt (4312 entries)
rank=358 added 92 boundary-only nodes from routing
rank=376/384 dataset=stackoverflow_a2q walkers=20833 (7833208..7854040) steps=30 mode=0 sched=single-bucket delta_t=0 policy=0
rank=376 loaded data/384/stackoverflow_a2q.sub376.txt (|V_local|=6411  t_range=[9441321,239694854])
rank=376 loaded routing data/384/stackoverflow_a2q.rt376.txt (33 entries)
rank=343/384 dataset=stackoverflow_a2q walkers=20833 (7145719..7166551) steps=30 mode=0 sched=single-bucket delta_t=0 policy=0
rank=343 loaded data/384/stackoverflow_a2q.sub343.txt (|V_local|=6189  t_range=[6859262,239690455])
rank=343 loaded routing data/384/stackoverflow_a2q.rt343.txt (4244 entries)
rank=343 added 77 boundary-only nodes from routing
rank=359/384 dataset=stackoverflow_a2q walkers=20833 (7479047..7499879) steps=30 mode=0 sched=single-bucket delta_t=0 policy=0
rank=359 loaded data/384/stackoverflow_a2q.sub359.txt (|V_local|=6168  t_range=[6468451,239690685])
rank=359 loaded routing data/384/stackoverflow_a2q.rt359.txt (4285 entries)
rank=359 added 100 boundary-only nodes from routing
rank=347/384 dataset=stackoverflow_a2q walkers=20833 (7229051..7249883) steps=30 mode=0 sched=single-bucket delta_t=0 policy=0
rank=347 loaded data/384/stackoverflow_a2q.sub347.txt (|V_local|=6566  t_range=[35132909,239675454])
rank=347 loaded routing data/384/stackoverflow_a2q.rt347.txt (4291 entries)
rank=347 added 40 boundary-only nodes from routing
rank=344/384 dataset=stackoverflow_a2q walkers=20833 (7166552..7187384) steps=30 mode=0 sched=single-bucket delta_t=0 policy=0
rank=344 loaded data/384/stackoverflow_a2q.sub344.txt (|V_local|=6568  t_range=[3728262,239623734])
rank=344 loaded routing data/384/stackoverflow_a2q.rt344.txt (3671 entries)
rank=344 added 41 boundary-only nodes from routing
rank=342/384 dataset=stackoverflow_a2q walkers=20833 (7124886..7145718) steps=30 mode=0 sched=single-bucket delta_t=0 policy=0
rank=342 loaded data/384/stackoverflow_a2q.sub342.txt (|V_local|=6119  t_range=[4855558,239673838])
rank=342 loaded routing data/384/stackoverflow_a2q.rt342.txt (4554 entries)
rank=342 added 147 boundary-only nodes from routing
rank=339/384 dataset=stackoverflow_a2q walkers=20833 (7062387..7083219) steps=30 mode=0 sched=single-bucket delta_t=0 policy=0
rank=339 loaded data/384/stackoverflow_a2q.sub339.txt (|V_local|=6107  t_range=[5403383,239649544])
rank=339 loaded routing data/384/stackoverflow_a2q.rt339.txt (4473 entries)
rank=339 added 164 boundary-only nodes from routing
rank=380/384 dataset=stackoverflow_a2q walkers=20833 (7916540..7937372) steps=30 mode=0 sched=single-bucket delta_t=0 policy=0
rank=380 loaded data/384/stackoverflow_a2q.sub380.txt (|V_local|=6231  t_range=[18699823,239676836])
rank=380 loaded routing data/384/stackoverflow_a2q.rt380.txt (54 entries)
rank=380 added 4 boundary-only nodes from routing
rank=383/384 dataset=stackoverflow_a2q walkers=20833 (7979039..7999871) steps=30 mode=0 sched=single-bucket delta_t=0 policy=0
rank=383 loaded data/384/stackoverflow_a2q.sub383.txt (|V_local|=6083  t_range=[9141541,239682067])
rank=383 loaded routing data/384/stackoverflow_a2q.rt383.txt (305 entries)
rank=383 added 258 boundary-only nodes from routing
rank=375/384 dataset=stackoverflow_a2q walkers=20833 (7812375..7833207) steps=30 mode=0 sched=single-bucket delta_t=0 policy=0
rank=375 loaded data/384/stackoverflow_a2q.sub375.txt (|V_local|=6303  t_range=[31191358,239672366])
rank=375 loaded routing data/384/stackoverflow_a2q.rt375.txt (34 entries)
rank=340/384 dataset=stackoverflow_a2q walkers=20833 (7083220..7104052) steps=30 mode=0 sched=single-bucket delta_t=0 policy=0
rank=340 loaded data/384/stackoverflow_a2q.sub340.txt (|V_local|=6534  t_range=[3653337,239481223])
rank=340 loaded routing data/384/stackoverflow_a2q.rt340.txt (4002 entries)
rank=340 added 70 boundary-only nodes from routing
rank=337/384 dataset=stackoverflow_a2q walkers=20833 (7020721..7041553) steps=30 mode=0 sched=single-bucket delta_t=0 policy=0
rank=337 loaded data/384/stackoverflow_a2q.sub337.txt (|V_local|=6473  t_range=[4229640,239688226])
rank=337 loaded routing data/384/stackoverflow_a2q.rt337.txt (4101 entries)
rank=337 added 138 boundary-only nodes from routing
rank=366/384 dataset=stackoverflow_a2q walkers=20833 (7624878..7645710) steps=30 mode=0 sched=single-bucket delta_t=0 policy=0
rank=366 loaded data/384/stackoverflow_a2q.sub366.txt (|V_local|=6182  t_range=[4113619,239668607])
rank=366 loaded routing data/384/stackoverflow_a2q.rt366.txt (4185 entries)
rank=366 added 73 boundary-only nodes from routing
rank=374/384 dataset=stackoverflow_a2q walkers=20833 (7791542..7812374) steps=30 mode=0 sched=single-bucket delta_t=0 policy=0
rank=374 loaded data/384/stackoverflow_a2q.sub374.txt (|V_local|=6188  t_range=[4491283,239671504])
rank=374 loaded routing data/384/stackoverflow_a2q.rt374.txt (3084 entries)
rank=374 added 76 boundary-only nodes from routing
rank=370/384 dataset=stackoverflow_a2q walkers=20833 (7708210..7729042) steps=30 mode=0 sched=single-bucket delta_t=0 policy=0
rank=370 loaded data/384/stackoverflow_a2q.sub370.txt (|V_local|=6148  t_range=[3951453,239688608])
rank=370 loaded routing data/384/stackoverflow_a2q.rt370.txt (4409 entries)
rank=370 added 117 boundary-only nodes from routing
rank=365/384 dataset=stackoverflow_a2q walkers=20833 (7604045..7624877) steps=30 mode=0 sched=single-bucket delta_t=0 policy=0
rank=365 loaded data/384/stackoverflow_a2q.sub365.txt (|V_local|=6156  t_range=[2085400,239694521])
rank=365 loaded routing data/384/stackoverflow_a2q.rt365.txt (4458 entries)
rank=365 added 108 boundary-only nodes from routing
rank=364/384 dataset=stackoverflow_a2q walkers=20833 (7583212..7604044) steps=30 mode=0 sched=single-bucket delta_t=0 policy=0
rank=364 loaded data/384/stackoverflow_a2q.sub364.txt (|V_local|=6169  t_range=[23701155,239697375])
rank=364 loaded routing data/384/stackoverflow_a2q.rt364.txt (4213 entries)
rank=364 added 96 boundary-only nodes from routing
rank=362/384 dataset=stackoverflow_a2q walkers=20833 (7541546..7562378) steps=30 mode=0 sched=single-bucket delta_t=0 policy=0
rank=362 loaded data/384/stackoverflow_a2q.sub362.txt (|V_local|=5963  t_range=[9766034,239681178])
rank=362 loaded routing data/384/stackoverflow_a2q.rt362.txt (4344 entries)
rank=362 added 294 boundary-only nodes from routing
rank=341/384 dataset=stackoverflow_a2q walkers=20833 (7104053..7124885) steps=30 mode=0 sched=single-bucket delta_t=0 policy=0
rank=341 loaded data/384/stackoverflow_a2q.sub341.txt (|V_local|=6561  t_range=[3329795,239685903])
rank=341 loaded routing data/384/stackoverflow_a2q.rt341.txt (3542 entries)
rank=341 added 49 boundary-only nodes from routing
rank=354/384 dataset=stackoverflow_a2q walkers=20833 (7374882..7395714) steps=30 mode=0 sched=single-bucket delta_t=0 policy=0
rank=354 loaded data/384/stackoverflow_a2q.sub354.txt (|V_local|=6134  t_range=[1826550,239658529])
rank=354 loaded routing data/384/stackoverflow_a2q.rt354.txt (4413 entries)
rank=354 added 132 boundary-only nodes from routing
rank=368/384 dataset=stackoverflow_a2q walkers=20833 (7666544..7687376) steps=30 mode=0 sched=single-bucket delta_t=0 policy=0
rank=368 loaded data/384/stackoverflow_a2q.sub368.txt (|V_local|=6157  t_range=[10830835,239695105])
rank=368 loaded routing data/384/stackoverflow_a2q.rt368.txt (4184 entries)
rank=368 added 119 boundary-only nodes from routing
rank=352/384 dataset=stackoverflow_a2q walkers=20833 (7333216..7354048) steps=30 mode=0 sched=single-bucket delta_t=0 policy=0
rank=352 loaded data/384/stackoverflow_a2q.sub352.txt (|V_local|=6569  t_range=[16386680,239695873])
rank=352 loaded routing data/384/stackoverflow_a2q.rt352.txt (4016 entries)
rank=352 added 37 boundary-only nodes from routing
rank=338/384 dataset=stackoverflow_a2q walkers=20833 (7041554..7062386) steps=30 mode=0 sched=single-bucket delta_t=0 policy=0
rank=10/384 dataset=stackoverflow_a2q walkers=20833 (208330..229162) steps=30 mode=0 sched=single-bucket delta_t=0 policy=0
rank=10 loaded data/384/stackoverflow_a2q.sub10.txt (|V_local|=6078  t_range=[2374200,239677945])
rank=10 loaded routing data/384/stackoverflow_a2q.rt10.txt (4327 entries)
rank=10 added 188 boundary-only nodes from routing
rank=12/384 dataset=stackoverflow_a2q walkers=20833 (249996..270828) steps=30 mode=0 sched=single-bucket delta_t=0 policy=0
rank=12 loaded data/384/stackoverflow_a2q.sub12.txt (|V_local|=6063  t_range=[3959638,239693353])
rank=12 loaded routing data/384/stackoverflow_a2q.rt12.txt (4284 entries)
rank=12 added 195 boundary-only nodes from routing
rank=39/384 dataset=stackoverflow_a2q walkers=20833 (812487..833319) steps=30 mode=0 sched=single-bucket delta_t=0 policy=0
rank=39 loaded data/384/stackoverflow_a2q.sub39.txt (|V_local|=6057  t_range=[5036928,239669440])
rank=39 loaded routing data/384/stackoverflow_a2q.rt39.txt (4537 entries)
rank=39 added 204 boundary-only nodes from routing
rank=3/384 dataset=stackoverflow_a2q walkers=20833 (62499..83331) steps=30 mode=0 sched=single-bucket delta_t=0 policy=0
rank=3 loaded data/384/stackoverflow_a2q.sub3.txt (|V_local|=6119  t_range=[3102051,239688161])
rank=3 loaded routing data/384/stackoverflow_a2q.rt3.txt (4091 entries)
rank=3 added 144 boundary-only nodes from routing
rank=20/384 dataset=stackoverflow_a2q walkers=20833 (416660..437492) steps=30 mode=0 sched=single-bucket delta_t=0 policy=0
rank=20 loaded data/384/stackoverflow_a2q.sub20.txt (|V_local|=6187  t_range=[952981,239567601])
rank=20 loaded routing data/384/stackoverflow_a2q.rt20.txt (3862 entries)
rank=20 added 80 boundary-only nodes from routing
rank=4/384 dataset=stackoverflow_a2q walkers=20833 (83332..104164) steps=30 mode=0 sched=single-bucket delta_t=0 policy=0
rank=4 loaded data/384/stackoverflow_a2q.sub4.txt (|V_local|=6533  t_range=[1590904,239689391])
rank=4 loaded routing data/384/stackoverflow_a2q.rt4.txt (3925 entries)
rank=4 added 76 boundary-only nodes from routing
rank=2/384 dataset=stackoverflow_a2q walkers=20833 (41666..62498) steps=30 mode=0 sched=single-bucket delta_t=0 policy=0
rank=2 loaded data/384/stackoverflow_a2q.sub2.txt (|V_local|=6310  t_range=[3802324,239659778])
rank=2 loaded routing data/384/stackoverflow_a2q.rt2.txt (3961 entries)
rank=2 added 90 boundary-only nodes from routing
rank=7/384 dataset=stackoverflow_a2q walkers=20833 (145831..166663) steps=30 mode=0 sched=single-bucket delta_t=0 policy=0
rank=7 loaded data/384/stackoverflow_a2q.sub7.txt (|V_local|=6520  t_range=[2150863,239684364])
rank=7 loaded routing data/384/stackoverflow_a2q.rt7.txt (3545 entries)
rank=7 added 90 boundary-only nodes from routing
rank=1/384 dataset=stackoverflow_a2q walkers=20833 (20833..41665) steps=30 mode=0 sched=single-bucket delta_t=0 policy=0
rank=1 loaded data/384/stackoverflow_a2q.sub1.txt (|V_local|=6240  t_range=[1458539,239698070])
rank=1 loaded routing data/384/stackoverflow_a2q.rt1.txt (4026 entries)
rank=1 added 103 boundary-only nodes from routing
rank=5/384 dataset=stackoverflow_a2q walkers=20833 (104165..124997) steps=30 mode=0 sched=single-bucket delta_t=0 policy=0
rank=5 loaded data/384/stackoverflow_a2q.sub5.txt (|V_local|=6188  t_range=[3961596,239695322])
rank=5 loaded routing data/384/stackoverflow_a2q.rt5.txt (4048 entries)
rank=5 added 78 boundary-only nodes from routing
rank=14/384 dataset=stackoverflow_a2q walkers=20833 (291662..312494) steps=30 mode=0 sched=single-bucket delta_t=0 policy=0
rank=14 loaded data/384/stackoverflow_a2q.sub14.txt (|V_local|=6025  t_range=[3510454,239674284])
rank=14 loaded routing data/384/stackoverflow_a2q.rt14.txt (4084 entries)
rank=14 added 242 boundary-only nodes from routing
rank=6/384 dataset=stackoverflow_a2q walkers=20833 (124998..145830) steps=30 mode=0 sched=single-bucket delta_t=0 policy=0
rank=6 loaded data/384/stackoverflow_a2q.sub6.txt (|V_local|=6109  t_range=[4226179,239653934])
rank=6 loaded routing data/384/stackoverflow_a2q.rt6.txt (4484 entries)
rank=6 added 154 boundary-only nodes from routing
rank=22/384 dataset=stackoverflow_a2q walkers=20833 (458326..479158) steps=30 mode=0 sched=single-bucket delta_t=0 policy=0
rank=22 loaded data/384/stackoverflow_a2q.sub22.txt (|V_local|=6561  t_range=[4014699,239693352])
rank=22 loaded routing data/384/stackoverflow_a2q.rt22.txt (2969 entries)
rank=22 added 50 boundary-only nodes from routing
rank=24/384 dataset=stackoverflow_a2q walkers=20833 (499992..520824) steps=30 mode=0 sched=single-bucket delta_t=0 policy=0
rank=24 loaded data/384/stackoverflow_a2q.sub24.txt (|V_local|=6532  t_range=[12986786,239672437])
rank=24 loaded routing data/384/stackoverflow_a2q.rt24.txt (4122 entries)
rank=24 added 76 boundary-only nodes from routing
rank=23/384 dataset=stackoverflow_a2q walkers=20833 (479159..499991) steps=30 mode=0 sched=single-bucket delta_t=0 policy=0
rank=23 loaded data/384/stackoverflow_a2q.sub23.txt (|V_local|=6533  t_range=[10978844,239667404])
rank=23 loaded routing data/384/stackoverflow_a2q.rt23.txt (2643 entries)
rank=23 added 78 boundary-only nodes from routing
rank=27/384 dataset=stackoverflow_a2q walkers=20833 (562491..583323) steps=30 mode=0 sched=single-bucket delta_t=0 policy=0
rank=27 loaded data/384/stackoverflow_a2q.sub27.txt (|V_local|=6116  t_range=[4029991,239675796])
rank=27 loaded routing data/384/stackoverflow_a2q.rt27.txt (4357 entries)
rank=27 added 140 boundary-only nodes from routing
rank=8/384 dataset=stackoverflow_a2q walkers=20833 (166664..187496) steps=30 mode=0 sched=single-bucket delta_t=0 policy=0
rank=8 loaded data/384/stackoverflow_a2q.sub8.txt (|V_local|=6166  t_range=[3882345,239658764])
rank=8 loaded routing data/384/stackoverflow_a2q.rt8.txt (3995 entries)
rank=8 added 102 boundary-only nodes from routing
rank=32/384 dataset=stackoverflow_a2q walkers=20833 (666656..687488) steps=30 mode=0 sched=single-bucket delta_t=0 policy=0
rank=32 loaded data/384/stackoverflow_a2q.sub32.txt (|V_local|=6331  t_range=[3470658,239598231])
rank=32 loaded routing data/384/stackoverflow_a2q.rt32.txt (4122 entries)
rank=32 added 271 boundary-only nodes from routing
rank=47/384 dataset=stackoverflow_a2q walkers=20833 (979151..999983) steps=30 mode=0 sched=single-bucket delta_t=0 policy=0
rank=47 loaded data/384/stackoverflow_a2q.sub47.txt (|V_local|=6534  t_range=[6311188,239682568])
rank=47 loaded routing data/384/stackoverflow_a2q.rt47.txt (3790 entries)
rank=47 added 70 boundary-only nodes from routing
rank=26/384 dataset=stackoverflow_a2q walkers=20833 (541658..562490) steps=30 mode=0 sched=single-bucket delta_t=0 policy=0
rank=26 loaded data/384/stackoverflow_a2q.sub26.txt (|V_local|=6538  t_range=[3943838,239693167])
rank=26 loaded routing data/384/stackoverflow_a2q.rt26.txt (3308 entries)
rank=26 added 73 boundary-only nodes from routing
rank=29/384 dataset=stackoverflow_a2q walkers=20833 (604157..624989) steps=30 mode=0 sched=single-bucket delta_t=0 policy=0
rank=29 loaded data/384/stackoverflow_a2q.sub29.txt (|V_local|=6472  t_range=[4119137,239683220])
rank=29 loaded routing data/384/stackoverflow_a2q.rt29.txt (3792 entries)
rank=29 added 125 boundary-only nodes from routing
rank=19/384 dataset=stackoverflow_a2q walkers=20833 (395827..416659) steps=30 mode=0 sched=single-bucket delta_t=0 policy=0
rank=19 loaded data/384/stackoverflow_a2q.sub19.txt (|V_local|=6339  t_range=[2943697,239680022])
rank=19 loaded routing data/384/stackoverflow_a2q.rt19.txt (3943 entries)
rank=19 added 106 boundary-only nodes from routing
rank=40/384 dataset=stackoverflow_a2q walkers=20833 (833320..854152) steps=30 mode=0 sched=single-bucket delta_t=0 policy=0
rank=40 loaded data/384/stackoverflow_a2q.sub40.txt (|V_local|=6452  t_range=[3773977,239679597])
rank=40 loaded routing data/384/stackoverflow_a2q.rt40.txt (3930 entries)
rank=40 added 149 boundary-only nodes from routing
rank=35/384 dataset=stackoverflow_a2q walkers=20833 (729155..749987) steps=30 mode=0 sched=single-bucket delta_t=0 policy=0
rank=35 loaded data/384/stackoverflow_a2q.sub35.txt (|V_local|=6311  t_range=[988384,239655177])
rank=335/384 dataset=stackoverflow_a2q walkers=20833 (6979055..6999887) steps=30 mode=0 sched=single-bucket delta_t=0 policy=0
rank=335 loaded data/384/stackoverflow_a2q.sub335.txt (|V_local|=6147  t_range=[4022000,239665230])
rank=335 loaded routing data/384/stackoverflow_a2q.rt335.txt (4246 entries)
rank=335 added 122 boundary-only nodes from routing
rank=300/384 dataset=stackoverflow_a2q walkers=20833 (6249900..6270732) steps=30 mode=0 sched=single-bucket delta_t=0 policy=0
rank=300 loaded data/384/stackoverflow_a2q.sub300.txt (|V_local|=6203  t_range=[4615114,239680086])
rank=300 loaded routing data/384/stackoverflow_a2q.rt300.txt (4129 entries)
rank=300 added 71 boundary-only nodes from routing
rank=299/384 dataset=stackoverflow_a2q walkers=20833 (6229067..6249899) steps=30 mode=0 sched=single-bucket delta_t=0 policy=0
rank=299 loaded data/384/stackoverflow_a2q.sub299.txt (|V_local|=6569  t_range=[4201033,239693013])
rank=299 loaded routing data/384/stackoverflow_a2q.rt299.txt (4027 entries)
rank=299 added 41 boundary-only nodes from routing
rank=290/384 dataset=stackoverflow_a2q walkers=20833 (6041570..6062402) steps=30 mode=0 sched=single-bucket delta_t=0 policy=0
rank=290 loaded data/384/stackoverflow_a2q.sub290.txt (|V_local|=6439  t_range=[33058895,239687680])
rank=290 loaded routing data/384/stackoverflow_a2q.rt290.txt (3931 entries)
rank=290 added 45 boundary-only nodes from routing
rank=291/384 dataset=stackoverflow_a2q walkers=20833 (6062403..6083235) steps=30 mode=0 sched=single-bucket delta_t=0 policy=0
rank=291 loaded data/384/stackoverflow_a2q.sub291.txt (|V_local|=6181  t_range=[4013608,239686054])
rank=291 loaded routing data/384/stackoverflow_a2q.rt291.txt (4342 entries)
rank=291 added 80 boundary-only nodes from routing
rank=289/384 dataset=stackoverflow_a2q walkers=20833 (6020737..6041569) steps=30 mode=0 sched=single-bucket delta_t=0 policy=0
rank=289 loaded data/384/stackoverflow_a2q.sub289.txt (|V_local|=6572  t_range=[4126458,239691804])
rank=289 loaded routing data/384/stackoverflow_a2q.rt289.txt (2772 entries)
rank=289 added 39 boundary-only nodes from routing
rank=305/384 dataset=stackoverflow_a2q walkers=20833 (6354065..6374897) steps=30 mode=0 sched=single-bucket delta_t=0 policy=0
rank=305 loaded data/384/stackoverflow_a2q.sub305.txt (|V_local|=6192  t_range=[11979179,239666960])
rank=305 loaded routing data/384/stackoverflow_a2q.rt305.txt (3781 entries)
rank=305 added 77 boundary-only nodes from routing
rank=313/384 dataset=stackoverflow_a2q walkers=20833 (6520729..6541561) steps=30 mode=0 sched=single-bucket delta_t=0 policy=0
rank=313 loaded data/384/stackoverflow_a2q.sub313.txt (|V_local|=6582  t_range=[2285199,239663587])
rank=313 loaded routing data/384/stackoverflow_a2q.rt313.txt (2182 entries)
rank=313 added 29 boundary-only nodes from routing
rank=322/384 dataset=stackoverflow_a2q walkers=20833 (6708226..6729058) steps=30 mode=0 sched=single-bucket delta_t=0 policy=0
rank=322 loaded data/384/stackoverflow_a2q.sub322.txt (|V_local|=6573  t_range=[39653868,239634055])
rank=322 loaded routing data/384/stackoverflow_a2q.rt322.txt (3990 entries)
rank=322 added 37 boundary-only nodes from routing
rank=301/384 dataset=stackoverflow_a2q walkers=20833 (6270733..6291565) steps=30 mode=0 sched=single-bucket delta_t=0 policy=0
rank=301 loaded data/384/stackoverflow_a2q.sub301.txt (|V_local|=6408  t_range=[3426027,239695278])
rank=301 loaded routing data/384/stackoverflow_a2q.rt301.txt (3975 entries)
rank=301 added 55 boundary-only nodes from routing
rank=294/384 dataset=stackoverflow_a2q walkers=20833 (6124902..6145734) steps=30 mode=0 sched=single-bucket delta_t=0 policy=0
rank=294 loaded data/384/stackoverflow_a2q.sub294.txt (|V_local|=6197  t_range=[10612189,239695371])
rank=294 loaded routing data/384/stackoverflow_a2q.rt294.txt (4145 entries)
rank=294 added 67 boundary-only nodes from routing
rank=292/384 dataset=stackoverflow_a2q walkers=20833 (6083236..6104068) steps=30 mode=0 sched=single-bucket delta_t=0 policy=0
rank=292 loaded data/384/stackoverflow_a2q.sub292.txt (|V_local|=6508  t_range=[14156960,239696950])
rank=292 loaded routing data/384/stackoverflow_a2q.rt292.txt (4278 entries)
rank=292 added 54 boundary-only nodes from routing
rank=309/384 dataset=stackoverflow_a2q walkers=20833 (6437397..6458229) steps=30 mode=0 sched=single-bucket delta_t=0 policy=0
rank=309 loaded data/384/stackoverflow_a2q.sub309.txt (|V_local|=6169  t_range=[26506596,239688404])
rank=309 loaded routing data/384/stackoverflow_a2q.rt309.txt (4166 entries)
rank=309 added 98 boundary-only nodes from routing
rank=326/384 dataset=stackoverflow_a2q walkers=20833 (6791558..6812390) steps=30 mode=0 sched=single-bucket delta_t=0 policy=0
rank=326 loaded data/384/stackoverflow_a2q.sub326.txt (|V_local|=6539  t_range=[18224416,239677643])
rank=326 loaded routing data/384/stackoverflow_a2q.rt326.txt (4549 entries)
rank=326 added 60 boundary-only nodes from routing
rank=308/384 dataset=stackoverflow_a2q walkers=20833 (6416564..6437396) steps=30 mode=0 sched=single-bucket delta_t=0 policy=0
rank=308 loaded data/384/stackoverflow_a2q.sub308.txt (|V_local|=6211  t_range=[4104881,239697543])
rank=308 loaded routing data/384/stackoverflow_a2q.rt308.txt (3579 entries)
rank=308 added 56 boundary-only nodes from routing
rank=304/384 dataset=stackoverflow_a2q walkers=20833 (6333232..6354064) steps=30 mode=0 sched=single-bucket delta_t=0 policy=0
rank=304 loaded data/384/stackoverflow_a2q.sub304.txt (|V_local|=6580  t_range=[4100321,239681166])
rank=304 loaded routing data/384/stackoverflow_a2q.rt304.txt (3540 entries)
rank=304 added 27 boundary-only nodes from routing
rank=293/384 dataset=stackoverflow_a2q walkers=20833 (6104069..6124901) steps=30 mode=0 sched=single-bucket delta_t=0 policy=0
rank=293 loaded data/384/stackoverflow_a2q.sub293.txt (|V_local|=6539  t_range=[19851375,239698299])
rank=293 loaded routing data/384/stackoverflow_a2q.rt293.txt (4426 entries)
rank=293 added 69 boundary-only nodes from routing
rank=312/384 dataset=stackoverflow_a2q walkers=20833 (6499896..6520728) steps=30 mode=0 sched=single-bucket delta_t=0 policy=0
rank=312 loaded data/384/stackoverflow_a2q.sub312.txt (|V_local|=6166  t_range=[4029518,239687693])
rank=312 loaded routing data/384/stackoverflow_a2q.rt312.txt (4517 entries)
rank=312 added 111 boundary-only nodes from routing
rank=295/384 dataset=stackoverflow_a2q walkers=20833 (6145735..6166567) steps=30 mode=0 sched=single-bucket delta_t=0 policy=0
rank=295 loaded data/384/stackoverflow_a2q.sub295.txt (|V_local|=6586  t_range=[41162427,239697464])
rank=295 loaded routing data/384/stackoverflow_a2q.rt295.txt (3699 entries)
rank=295 added 23 boundary-only nodes from routing
rank=303/384 dataset=stackoverflow_a2q walkers=20833 (6312399..6333231) steps=30 mode=0 sched=single-bucket delta_t=0 policy=0
rank=303 loaded data/384/stackoverflow_a2q.sub303.txt (|V_local|=6203  t_range=[3686775,239697440])
rank=303 loaded routing data/384/stackoverflow_a2q.rt303.txt (3922 entries)
rank=303 added 67 boundary-only nodes from routing
rank=307/384 dataset=stackoverflow_a2q walkers=20833 (6395731..6416563) steps=30 mode=0 sched=single-bucket delta_t=0 policy=0
rank=307 loaded data/384/stackoverflow_a2q.sub307.txt (|V_local|=6447  t_range=[3094453,239686692])
rank=307 loaded routing data/384/stackoverflow_a2q.rt307.txt (4272 entries)
rank=307 added 93 boundary-only nodes from routing
rank=306/384 dataset=stackoverflow_a2q walkers=20833 (6374898..6395730) steps=30 mode=0 sched=single-bucket delta_t=0 policy=0
rank=306 loaded data/384/stackoverflow_a2q.sub306.txt (|V_local|=6159  t_range=[23028497,239695365])
rank=306 loaded routing data/384/stackoverflow_a2q.rt306.txt (4468 entries)
rank=306 added 105 boundary-only nodes from routing
rank=296/384 dataset=stackoverflow_a2q walkers=20833 (6166568..6187400) steps=30 mode=0 sched=single-bucket delta_t=0 policy=0
rank=296 loaded data/384/stackoverflow_a2q.sub296.txt (|V_local|=6574  t_range=[16139818,239670384])
rank=296 loaded routing data/384/stackoverflow_a2q.rt296.txt (3804 entries)
rank=296 added 36 boundary-only nodes from routing
rank=61/384 dataset=stackoverflow_a2q walkers=20833 (1270813..1291645) steps=30 mode=0 sched=single-bucket delta_t=0 policy=0
rank=61 loaded data/384/stackoverflow_a2q.sub61.txt (|V_local|=6450  t_range=[3946478,239682840])
rank=61 loaded routing data/384/stackoverflow_a2q.rt61.txt (3570 entries)
rank=61 added 59 boundary-only nodes from routing
rank=86/384 dataset=stackoverflow_a2q walkers=20833 (1791638..1812470) steps=30 mode=0 sched=single-bucket delta_t=0 policy=0
rank=86 loaded data/384/stackoverflow_a2q.sub86.txt (|V_local|=6501  t_range=[307056,239689891])
rank=86 loaded routing data/384/stackoverflow_a2q.rt86.txt (4054 entries)
rank=86 added 101 boundary-only nodes from routing
rank=84/384 dataset=stackoverflow_a2q walkers=20833 (1749972..1770804) steps=30 mode=0 sched=single-bucket delta_t=0 policy=0
rank=84 loaded data/384/stackoverflow_a2q.sub84.txt (|V_local|=6127  t_range=[3431961,239666923])
rank=84 loaded routing data/384/stackoverflow_a2q.rt84.txt (4132 entries)
rank=84 added 138 boundary-only nodes from routing
rank=50/384 dataset=stackoverflow_a2q walkers=20833 (1041650..1062482) steps=30 mode=0 sched=single-bucket delta_t=0 policy=0
rank=50 loaded data/384/stackoverflow_a2q.sub50.txt (|V_local|=6042  t_range=[4559411,239679420])
rank=50 loaded routing data/384/stackoverflow_a2q.rt50.txt (4099 entries)
rank=50 added 225 boundary-only nodes from routing
rank=53/384 dataset=stackoverflow_a2q walkers=20833 (1104149..1124981) steps=30 mode=0 sched=single-bucket delta_t=0 policy=0
rank=53 loaded data/384/stackoverflow_a2q.sub53.txt (|V_local|=6498  t_range=[10010481,239646549])
rank=53 loaded routing data/384/stackoverflow_a2q.rt53.txt (2991 entries)
rank=53 added 113 boundary-only nodes from routing
rank=93/384 dataset=stackoverflow_a2q walkers=20833 (1937469..1958301) steps=30 mode=0 sched=single-bucket delta_t=0 policy=0
rank=93 loaded data/384/stackoverflow_a2q.sub93.txt (|V_local|=6147  t_range=[4059192,239687516])
rank=93 loaded routing data/384/stackoverflow_a2q.rt93.txt (4229 entries)
rank=93 added 114 boundary-only nodes from routing
rank=81/384 dataset=stackoverflow_a2q walkers=20833 (1687473..1708305) steps=30 mode=0 sched=single-bucket delta_t=0 policy=0
rank=81 loaded data/384/stackoverflow_a2q.sub81.txt (|V_local|=6100  t_range=[4144123,239682250])
rank=81 loaded routing data/384/stackoverflow_a2q.rt81.txt (4397 entries)
rank=81 added 163 boundary-only nodes from routing
rank=48/384 dataset=stackoverflow_a2q walkers=20833 (999984..1020816) steps=30 mode=0 sched=single-bucket delta_t=0 policy=0
rank=48 loaded data/384/stackoverflow_a2q.sub48.txt (|V_local|=6290  t_range=[3275069,239673825])
rank=48 loaded routing data/384/stackoverflow_a2q.rt48.txt (3642 entries)
rank=48 added 141 boundary-only nodes from routing
rank=60/384 dataset=stackoverflow_a2q walkers=20833 (1249980..1270812) steps=30 mode=0 sched=single-bucket delta_t=0 policy=0
rank=60 loaded data/384/stackoverflow_a2q.sub60.txt (|V_local|=6176  t_range=[2396378,239683736])
rank=60 loaded routing data/384/stackoverflow_a2q.rt60.txt (4233 entries)
rank=60 added 89 boundary-only nodes from routing
rank=56/384 dataset=stackoverflow_a2q walkers=20833 (1166648..1187480) steps=30 mode=0 sched=single-bucket delta_t=0 policy=0
rank=56 loaded data/384/stackoverflow_a2q.sub56.txt (|V_local|=6559  t_range=[20934340,239697892])
rank=56 loaded routing data/384/stackoverflow_a2q.rt56.txt (2909 entries)
rank=56 added 49 boundary-only nodes from routing
rank=57/384 dataset=stackoverflow_a2q walkers=20833 (1187481..1208313) steps=30 mode=0 sched=single-bucket delta_t=0 policy=0
rank=57 loaded data/384/stackoverflow_a2q.sub57.txt (|V_local|=6151  t_range=[2440665,239596754])
rank=57 loaded routing data/384/stackoverflow_a2q.rt57.txt (4136 entries)
rank=57 added 115 boundary-only nodes from routing
rank=55/384 dataset=stackoverflow_a2q walkers=20833 (1145815..1166647) steps=30 mode=0 sched=single-bucket delta_t=0 policy=0
rank=55 loaded data/384/stackoverflow_a2q.sub55.txt (|V_local|=6544  t_range=[4050608,239650860])
rank=55 loaded routing data/384/stackoverflow_a2q.rt55.txt (3231 entries)
rank=55 added 65 boundary-only nodes from routing
rank=49/384 dataset=stackoverflow_a2q walkers=20833 (1020817..1041649) steps=30 mode=0 sched=single-bucket delta_t=0 policy=0
rank=49 loaded data/384/stackoverflow_a2q.sub49.txt (|V_local|=6482  t_range=[433363,239554173])
rank=49 loaded routing data/384/stackoverflow_a2q.rt49.txt (2867 entries)
rank=49 added 128 boundary-only nodes from routing
rank=58/384 dataset=stackoverflow_a2q walkers=20833 (1208314..1229146) steps=30 mode=0 sched=single-bucket delta_t=0 policy=0
rank=58 loaded data/384/stackoverflow_a2q.sub58.txt (|V_local|=6562  t_range=[546717,239664154])
rank=58 loaded routing data/384/stackoverflow_a2q.rt58.txt (3320 entries)
rank=58 added 48 boundary-only nodes from routing
rank=54/384 dataset=stackoverflow_a2q walkers=20833 (1124982..1145814) steps=30 mode=0 sched=single-bucket delta_t=0 policy=0
rank=54 loaded data/384/stackoverflow_a2q.sub54.txt (|V_local|=6493  t_range=[4552247,239551102])
rank=54 loaded routing data/384/stackoverflow_a2q.rt54.txt (4048 entries)
rank=54 added 112 boundary-only nodes from routing
rank=51/384 dataset=stackoverflow_a2q walkers=20833 (1062483..1083315) steps=30 mode=0 sched=single-bucket delta_t=0 policy=0
rank=51 loaded data/384/stackoverflow_a2q.sub51.txt (|V_local|=6070  t_range=[2826246,239666001])
rank=51 loaded routing data/384/stackoverflow_a2q.rt51.txt (4019 entries)
rank=51 added 197 boundary-only nodes from routing
rank=59/384 dataset=stackoverflow_a2q walkers=20833 (1229147..1249979) steps=30 mode=0 sched=single-bucket delta_t=0 policy=0
rank=59 loaded data/384/stackoverflow_a2q.sub59.txt (|V_local|=6412  t_range=[3942835,239686153])
rank=59 loaded routing data/384/stackoverflow_a2q.rt59.txt (3969 entries)
rank=59 added 154 boundary-only nodes from routing
rank=64/384 dataset=stackoverflow_a2q walkers=20833 (1333312..1354144) steps=30 mode=0 sched=single-bucket delta_t=0 policy=0
rank=64 loaded data/384/stackoverflow_a2q.sub64.txt (|V_local|=6478  t_range=[1006227,239656162])
rank=64 loaded routing data/384/stackoverflow_a2q.rt64.txt (3395 entries)
rank=64 added 127 boundary-only nodes from routing
rank=52/384 dataset=stackoverflow_a2q walkers=20833 (1083316..1104148) steps=30 mode=0 sched=single-bucket delta_t=0 policy=0
rank=52 loaded data/384/stackoverflow_a2q.sub52.txt (|V_local|=6585  t_range=[2483012,239684606])
rank=52 loaded routing data/384/stackoverflow_a2q.rt52.txt (1843 entries)
rank=52 added 26 boundary-only nodes from routing
rank=88/384 dataset=stackoverflow_a2q walkers=20833 (1833304..1854136) steps=30 mode=0 sched=single-bucket delta_t=0 policy=0
rank=88 loaded data/384/stackoverflow_a2q.sub88.txt (|V_local|=6548  t_range=[269346,239697762])
rank=88 loaded routing data/384/stackoverflow_a2q.rt88.txt (3707 entries)
rank=88 added 54 boundary-only nodes from routing
rank=80/384 dataset=stackoverflow_a2q walkers=20833 (1666640..1687472) steps=30 mode=0 sched=single-bucket delta_t=0 policy=0
rank=80 loaded data/384/stackoverflow_a2q.sub80.txt (|V_local|=6185  t_range=[1270856,239687446])
rank=80 loaded routing data/384/stackoverflow_a2q.rt80.txt (4055 entries)
rank=80 added 88 boundary-only nodes from routing
rank=72/384 dataset=stackoverflow_a2q walkers=20833 (1499976..1520808) steps=30 mode=0 sched=single-bucket delta_t=0 policy=0
rank=72 loaded data/384/stackoverflow_a2q.sub72.txt (|V_local|=6025  t_range=[4808105,239670367])
rank=72 loaded routing data/384/stackoverflow_a2q.rt72.txt (4404 entries)
rank=72 added 239 boundary-only nodes from routing
rank=92/384 dataset=stackoverflow_a2q walkers=20833 (1916636..1937468) steps=30 mode=0 sched=single-bucket delta_t=0 policy=0
rank=92 loaded data/384/stackoverflow_a2q.sub92.txt (|V_local|=6163  t_range=[2744514,239683635])
rank=92 loaded routing data/384/stackoverflow_a2q.rt92.txt (4243 entries)
rank=92 added 100 boundary-only nodes from routing
rank=95/384 dataset=stackoverflow_a2q walkers=20833 (1979135..1999967) steps=30 mode=0 sched=single-bucket delta_t=0 policy=0
rank=191/384 dataset=stackoverflow_a2q walkers=20833 (3979103..3999935) steps=30 mode=0 sched=single-bucket delta_t=0 policy=0
rank=191 loaded data/384/stackoverflow_a2q.sub191.txt (|V_local|=6551  t_range=[4144354,239679216])
rank=191 loaded routing data/384/stackoverflow_a2q.rt191.txt (4261 entries)
rank=191 added 53 boundary-only nodes from routing
rank=160/384 dataset=stackoverflow_a2q walkers=20833 (3333280..3354112) steps=30 mode=0 sched=single-bucket delta_t=0 policy=0
rank=160 loaded data/384/stackoverflow_a2q.sub160.txt (|V_local|=6144  t_range=[3947593,239663521])
rank=160 loaded routing data/384/stackoverflow_a2q.rt160.txt (4330 entries)
rank=160 added 125 boundary-only nodes from routing
rank=242/384 dataset=stackoverflow_a2q walkers=20833 (5041586..5062418) steps=30 mode=0 sched=single-bucket delta_t=0 policy=0
rank=242 loaded data/384/stackoverflow_a2q.sub242.txt (|V_local|=6584  t_range=[53609523,239697243])
rank=242 loaded routing data/384/stackoverflow_a2q.rt242.txt (2505 entries)
rank=242 added 27 boundary-only nodes from routing
rank=258/384 dataset=stackoverflow_a2q walkers=20833 (5374914..5395746) steps=30 mode=0 sched=single-bucket delta_t=0 policy=0
rank=258 loaded data/384/stackoverflow_a2q.sub258.txt (|V_local|=6399  t_range=[4623426,239688215])
rank=258 loaded routing data/384/stackoverflow_a2q.rt258.txt (4039 entries)
rank=258 added 102 boundary-only nodes from routing
rank=255/384 dataset=stackoverflow_a2q walkers=20833 (5312415..5333247) steps=30 mode=0 sched=single-bucket delta_t=0 policy=0
rank=255 loaded data/384/stackoverflow_a2q.sub255.txt (|V_local|=6175  t_range=[2991409,239673197])
rank=255 loaded routing data/384/stackoverflow_a2q.rt255.txt (3706 entries)
rank=255 added 89 boundary-only nodes from routing
rank=241/384 dataset=stackoverflow_a2q walkers=20833 (5020753..5041585) steps=30 mode=0 sched=single-bucket delta_t=0 policy=0
rank=241 loaded data/384/stackoverflow_a2q.sub241.txt (|V_local|=6583  t_range=[24788147,239590974])
rank=241 loaded routing data/384/stackoverflow_a2q.rt241.txt (2160 entries)
rank=241 added 28 boundary-only nodes from routing
rank=250/384 dataset=stackoverflow_a2q walkers=20833 (5208250..5229082) steps=30 mode=0 sched=single-bucket delta_t=0 policy=0
rank=250 loaded data/384/stackoverflow_a2q.sub250.txt (|V_local|=6593  t_range=[28945063,239680005])
rank=250 loaded routing data/384/stackoverflow_a2q.rt250.txt (2905 entries)
rank=250 added 18 boundary-only nodes from routing
rank=252/384 dataset=stackoverflow_a2q walkers=20833 (5249916..5270748) steps=30 mode=0 sched=single-bucket delta_t=0 policy=0
rank=252 loaded data/384/stackoverflow_a2q.sub252.txt (|V_local|=6138  t_range=[3947889,239677698])
rank=252 loaded routing data/384/stackoverflow_a2q.rt252.txt (3894 entries)
rank=252 added 135 boundary-only nodes from routing
rank=247/384 dataset=stackoverflow_a2q walkers=20833 (5145751..5166583) steps=30 mode=0 sched=single-bucket delta_t=0 policy=0
rank=247 loaded data/384/stackoverflow_a2q.sub247.txt (|V_local|=6247  t_range=[28423044,239694025])
rank=247 loaded routing data/384/stackoverflow_a2q.rt247.txt (2570 entries)
rank=247 added 23 boundary-only nodes from routing
rank=243/384 dataset=stackoverflow_a2q walkers=20833 (5062419..5083251) steps=30 mode=0 sched=single-bucket delta_t=0 policy=0
rank=243 loaded data/384/stackoverflow_a2q.sub243.txt (|V_local|=6178  t_range=[19847965,239684578])
rank=243 loaded routing data/384/stackoverflow_a2q.rt243.txt (3799 entries)
rank=243 added 89 boundary-only nodes from routing
rank=282/384 dataset=stackoverflow_a2q walkers=20833 (5874906..5895738) steps=30 mode=0 sched=single-bucket delta_t=0 policy=0
rank=282 loaded data/384/stackoverflow_a2q.sub282.txt (|V_local|=6190  t_range=[6628219,239688566])
rank=282 loaded routing data/384/stackoverflow_a2q.rt282.txt (4220 entries)
rank=282 added 73 boundary-only nodes from routing
rank=263/384 dataset=stackoverflow_a2q walkers=20833 (5479079..5499911) steps=30 mode=0 sched=single-bucket delta_t=0 policy=0
rank=263 loaded data/384/stackoverflow_a2q.sub263.txt (|V_local|=6554  t_range=[38985204,239695214])
rank=263 loaded routing data/384/stackoverflow_a2q.rt263.txt (3864 entries)
rank=263 added 57 boundary-only nodes from routing
rank=256/384 dataset=stackoverflow_a2q walkers=20833 (5333248..5354080) steps=30 mode=0 sched=single-bucket delta_t=0 policy=0
rank=256 loaded data/384/stackoverflow_a2q.sub256.txt (|V_local|=6157  t_range=[11346179,239683791])
rank=256 loaded routing data/384/stackoverflow_a2q.rt256.txt (4183 entries)
rank=256 added 110 boundary-only nodes from routing
rank=248/384 dataset=stackoverflow_a2q walkers=20833 (5166584..5187416) steps=30 mode=0 sched=single-bucket delta_t=0 policy=0
rank=248 loaded data/384/stackoverflow_a2q.sub248.txt (|V_local|=6578  t_range=[8831619,239675975])
rank=248 loaded routing data/384/stackoverflow_a2q.rt248.txt (2866 entries)
rank=248 added 33 boundary-only nodes from routing
rank=244/384 dataset=stackoverflow_a2q walkers=20833 (5083252..5104084) steps=30 mode=0 sched=single-bucket delta_t=0 policy=0
rank=244 loaded data/384/stackoverflow_a2q.sub244.txt (|V_local|=6586  t_range=[18661257,239686759])
rank=244 loaded routing data/384/stackoverflow_a2q.rt244.txt (3821 entries)
rank=244 added 25 boundary-only nodes from routing
rank=246/384 dataset=stackoverflow_a2q walkers=20833 (5124918..5145750) steps=30 mode=0 sched=single-bucket delta_t=0 policy=0
rank=246 loaded data/384/stackoverflow_a2q.sub246.txt (|V_local|=6158  t_range=[8887115,239696352])
rank=246 loaded routing data/384/stackoverflow_a2q.rt246.txt (4206 entries)
rank=246 added 107 boundary-only nodes from routing
rank=275/384 dataset=stackoverflow_a2q walkers=20833 (5729075..5749907) steps=30 mode=0 sched=single-bucket delta_t=0 policy=0
rank=275 loaded data/384/stackoverflow_a2q.sub275.txt (|V_local|=5947  t_range=[4548318,239674462])
rank=275 loaded routing data/384/stackoverflow_a2q.rt275.txt (4299 entries)
rank=275 added 325 boundary-only nodes from routing
rank=264/384 dataset=stackoverflow_a2q walkers=20833 (5499912..5520744) steps=30 mode=0 sched=single-bucket delta_t=0 policy=0
rank=264 loaded data/384/stackoverflow_a2q.sub264.txt (|V_local|=6171  t_range=[26647018,239696704])
rank=264 loaded routing data/384/stackoverflow_a2q.rt264.txt (4397 entries)
rank=264 added 89 boundary-only nodes from routing
rank=240/384 dataset=stackoverflow_a2q walkers=20833 (4999920..5020752) steps=30 mode=0 sched=single-bucket delta_t=0 policy=0
rank=240 loaded data/384/stackoverflow_a2q.sub240.txt (|V_local|=6161  t_range=[10967013,239677328])
rank=240 loaded routing data/384/stackoverflow_a2q.rt240.txt (4059 entries)
rank=240 added 102 boundary-only nodes from routing
rank=267/384 dataset=stackoverflow_a2q walkers=20833 (5562411..5583243) steps=30 mode=0 sched=single-bucket delta_t=0 policy=0
rank=267 loaded data/384/stackoverflow_a2q.sub267.txt (|V_local|=6188  t_range=[8908494,239675670])
rank=267 loaded routing data/384/stackoverflow_a2q.rt267.txt (4211 entries)
rank=267 added 81 boundary-only nodes from routing
rank=272/384 dataset=stackoverflow_a2q walkers=20833 (5666576..5687408) steps=30 mode=0 sched=single-bucket delta_t=0 policy=0
rank=272 loaded data/384/stackoverflow_a2q.sub272.txt (|V_local|=6516  t_range=[18632170,239673799])
rank=272 loaded routing data/384/stackoverflow_a2q.rt272.txt (3124 entries)
rank=272 added 95 boundary-only nodes from routing
rank=259/384 dataset=stackoverflow_a2q walkers=20833 (5395747..5416579) steps=30 mode=0 sched=single-bucket delta_t=0 policy=0
rank=259 loaded data/384/stackoverflow_a2q.sub259.txt (|V_local|=6559  t_range=[12170891,239689591])
rank=259 loaded routing data/384/stackoverflow_a2q.rt259.txt (3722 entries)
rank=259 added 50 boundary-only nodes from routing
rank=269/384 dataset=stackoverflow_a2q walkers=20833 (5604077..5624909) steps=30 mode=0 sched=single-bucket delta_t=0 policy=0
rank=269 loaded data/384/stackoverflow_a2q.sub269.txt (|V_local|=6160  t_range=[26582587,239677667])
rank=269 loaded routing data/384/stackoverflow_a2q.rt269.txt (4234 entries)
rank=269 added 108 boundary-only nodes from routing
rank=274/384 dataset=stackoverflow_a2q walkers=20833 (5708242..5729074) steps=30 mode=0 sched=single-bucket delta_t=0 policy=0
rank=274 loaded data/384/stackoverflow_a2q.sub274.txt (|V_local|=6516  t_range=[42767477,239686889])
rank=274 loaded routing data/384/stackoverflow_a2q.rt274.txt (3103 entries)
rank=274 added 95 boundary-only nodes from routing
rank=203/384 dataset=stackoverflow_a2q walkers=20833 (4229099..4249931) steps=30 mode=0 sched=single-bucket delta_t=0 policy=0
rank=203 loaded data/384/stackoverflow_a2q.sub203.txt (|V_local|=6230  t_range=[35876415,239690129])
rank=203 loaded routing data/384/stackoverflow_a2q.rt203.txt (4222 entries)
rank=203 added 42 boundary-only nodes from routing
rank=231/384 dataset=stackoverflow_a2q walkers=20833 (4812423..4833255) steps=30 mode=0 sched=single-bucket delta_t=0 policy=0
rank=231 loaded data/384/stackoverflow_a2q.sub231.txt (|V_local|=6218  t_range=[3983733,239690306])
rank=231 loaded routing data/384/stackoverflow_a2q.rt231.txt (4167 entries)
rank=231 added 56 boundary-only nodes from routing
rank=220/384 dataset=stackoverflow_a2q walkers=20833 (4583260..4604092) steps=30 mode=0 sched=single-bucket delta_t=0 policy=0
rank=220 loaded data/384/stackoverflow_a2q.sub220.txt (|V_local|=6551  t_range=[29920818,239693890])
rank=220 loaded routing data/384/stackoverflow_a2q.rt220.txt (4019 entries)
rank=220 added 52 boundary-only nodes from routing
rank=198/384 dataset=stackoverflow_a2q walkers=20833 (4124934..4145766) steps=30 mode=0 sched=single-bucket delta_t=0 policy=0
rank=198 loaded data/384/stackoverflow_a2q.sub198.txt (|V_local|=6197  t_range=[4123226,239694200])
rank=198 loaded routing data/384/stackoverflow_a2q.rt198.txt (4240 entries)
rank=198 added 70 boundary-only nodes from routing
rank=202/384 dataset=stackoverflow_a2q walkers=20833 (4208266..4229098) steps=30 mode=0 sched=single-bucket delta_t=0 policy=0
rank=202 loaded data/384/stackoverflow_a2q.sub202.txt (|V_local|=6432  t_range=[27900783,239669836])
rank=202 loaded routing data/384/stackoverflow_a2q.rt202.txt (4110 entries)
rank=202 added 56 boundary-only nodes from routing
rank=211/384 dataset=stackoverflow_a2q walkers=20833 (4395763..4416595) steps=30 mode=0 sched=single-bucket delta_t=0 policy=0
rank=211 loaded data/384/stackoverflow_a2q.sub211.txt (|V_local|=6210  t_range=[22822088,239694962])
rank=211 loaded routing data/384/stackoverflow_a2q.rt211.txt (3919 entries)
rank=211 added 58 boundary-only nodes from routing
rank=200/384 dataset=stackoverflow_a2q walkers=20833 (4166600..4187432) steps=30 mode=0 sched=single-bucket delta_t=0 policy=0
rank=200 loaded data/384/stackoverflow_a2q.sub200.txt (|V_local|=6570  t_range=[8639264,239663394])
rank=200 loaded routing data/384/stackoverflow_a2q.rt200.txt (3642 entries)
rank=200 added 37 boundary-only nodes from routing
rank=207/384 dataset=stackoverflow_a2q walkers=20833 (4312431..4333263) steps=30 mode=0 sched=single-bucket delta_t=0 policy=0
rank=207 loaded data/384/stackoverflow_a2q.sub207.txt (|V_local|=6229  t_range=[11315073,239672894])
rank=207 loaded routing data/384/stackoverflow_a2q.rt207.txt (4209 entries)
rank=207 added 43 boundary-only nodes from routing
rank=208/384 dataset=stackoverflow_a2q walkers=20833 (4333264..4354096) steps=30 mode=0 sched=single-bucket delta_t=0 policy=0
rank=208 loaded data/384/stackoverflow_a2q.sub208.txt (|V_local|=6584  t_range=[6255143,239667800])
rank=208 loaded routing data/384/stackoverflow_a2q.rt208.txt (3891 entries)
rank=208 added 27 boundary-only nodes from routing
rank=199/384 dataset=stackoverflow_a2q walkers=20833 (4145767..4166599) steps=30 mode=0 sched=single-bucket delta_t=0 policy=0
rank=199 loaded data/384/stackoverflow_a2q.sub199.txt (|V_local|=6583  t_range=[12524940,239689731])
rank=199 loaded routing data/384/stackoverflow_a2q.rt199.txt (3888 entries)
rank=199 added 26 boundary-only nodes from routing
rank=227/384 dataset=stackoverflow_a2q walkers=20833 (4729091..4749923) steps=30 mode=0 sched=single-bucket delta_t=0 policy=0
rank=227 loaded data/384/stackoverflow_a2q.sub227.txt (|V_local|=6595  t_range=[30870623,239693037])
rank=227 loaded routing data/384/stackoverflow_a2q.rt227.txt (3920 entries)
rank=227 added 14 boundary-only nodes from routing
rank=210/384 dataset=stackoverflow_a2q walkers=20833 (4374930..4395762) steps=30 mode=0 sched=single-bucket delta_t=0 policy=0
rank=210 loaded data/384/stackoverflow_a2q.sub210.txt (|V_local|=6167  t_range=[13573706,239618455])
rank=210 loaded routing data/384/stackoverflow_a2q.rt210.txt (4321 entries)
rank=210 added 95 boundary-only nodes from routing
rank=217/384 dataset=stackoverflow_a2q walkers=20833 (4520761..4541593) steps=30 mode=0 sched=single-bucket delta_t=0 policy=0
rank=217 loaded data/384/stackoverflow_a2q.sub217.txt (|V_local|=6178  t_range=[15190015,239694514])
rank=217 loaded routing data/384/stackoverflow_a2q.rt217.txt (4274 entries)
rank=217 added 88 boundary-only nodes from routing
rank=109/384 dataset=stackoverflow_a2q walkers=20833 (2270797..2291629) steps=30 mode=0 sched=single-bucket delta_t=0 policy=0
rank=109 loaded data/384/stackoverflow_a2q.sub109.txt (|V_local|=6088  t_range=[2129487,239681487])
rank=109 loaded routing data/384/stackoverflow_a2q.rt109.txt (4326 entries)
rank=109 added 178 boundary-only nodes from routing
rank=119/384 dataset=stackoverflow_a2q walkers=20833 (2479127..2499959) steps=30 mode=0 sched=single-bucket delta_t=0 policy=0
rank=119 loaded data/384/stackoverflow_a2q.sub119.txt (|V_local|=6034  t_range=[670011,239691665])
rank=119 loaded routing data/384/stackoverflow_a2q.rt119.txt (4293 entries)
rank=119 added 233 boundary-only nodes from routing
rank=126/384 dataset=stackoverflow_a2q walkers=20833 (2624958..2645790) steps=30 mode=0 sched=single-bucket delta_t=0 policy=0
rank=126 loaded data/384/stackoverflow_a2q.sub126.txt (|V_local|=6146  t_range=[2387755,239691520])
rank=126 loaded routing data/384/stackoverflow_a2q.rt126.txt (4220 entries)
rank=126 added 117 boundary-only nodes from routing
rank=128/384 dataset=stackoverflow_a2q walkers=20833 (2666624..2687456) steps=30 mode=0 sched=single-bucket delta_t=0 policy=0
rank=128 loaded data/384/stackoverflow_a2q.sub128.txt (|V_local|=6517  t_range=[5346473,239665751])
rank=128 loaded routing data/384/stackoverflow_a2q.rt128.txt (3482 entries)
rank=128 added 87 boundary-only nodes from routing
rank=110/384 dataset=stackoverflow_a2q walkers=20833 (2291630..2312462) steps=30 mode=0 sched=single-bucket delta_t=0 policy=0
rank=110 loaded data/384/stackoverflow_a2q.sub110.txt (|V_local|=6164  t_range=[1864422,239681252])
rank=110 loaded routing data/384/stackoverflow_a2q.rt110.txt (4048 entries)
rank=110 added 100 boundary-only nodes from routing
rank=137/384 dataset=stackoverflow_a2q walkers=20833 (2854121..2874953) steps=30 mode=0 sched=single-bucket delta_t=0 policy=0
rank=137 loaded data/384/stackoverflow_a2q.sub137.txt (|V_local|=6121  t_range=[4064084,239676654])
rank=137 loaded routing data/384/stackoverflow_a2q.rt137.txt (4133 entries)
rank=137 added 151 boundary-only nodes from routing
rank=135/384 dataset=stackoverflow_a2q walkers=20833 (2812455..2833287) steps=30 mode=0 sched=single-bucket delta_t=0 policy=0
rank=135 loaded data/384/stackoverflow_a2q.sub135.txt (|V_local|=6312  t_range=[4036007,239678968])
rank=135 loaded routing data/384/stackoverflow_a2q.rt135.txt (3741 entries)
rank=135 added 74 boundary-only nodes from routing
rank=113/384 dataset=stackoverflow_a2q walkers=20833 (2354129..2374961) steps=30 mode=0 sched=single-bucket delta_t=0 policy=0
rank=113 loaded data/384/stackoverflow_a2q.sub113.txt (|V_local|=6086  t_range=[1452197,239662627])
rank=113 loaded routing data/384/stackoverflow_a2q.rt113.txt (4220 entries)
rank=113 added 177 boundary-only nodes from routing
rank=143/384 dataset=stackoverflow_a2q walkers=20833 (2979119..2999951) steps=30 mode=0 sched=single-bucket delta_t=0 policy=0
rank=143 loaded data/384/stackoverflow_a2q.sub143.txt (|V_local|=6062  t_range=[2775996,239609887])
rank=143 loaded routing data/384/stackoverflow_a2q.rt143.txt (4522 entries)
rank=143 added 197 boundary-only nodes from routing
rank=136/384 dataset=stackoverflow_a2q walkers=20833 (2833288..2854120) steps=30 mode=0 sched=single-bucket delta_t=0 policy=0
rank=136 loaded data/384/stackoverflow_a2q.sub136.txt (|V_local|=6162  t_range=[1529824,239692135])
rank=136 loaded routing data/384/stackoverflow_a2q.rt136.txt (3947 entries)
rank=136 added 108 boundary-only nodes from routing
rank=125/384 dataset=stackoverflow_a2q walkers=20833 (2604125..2624957) steps=30 mode=0 sched=single-bucket delta_t=0 policy=0
rank=125 loaded data/384/stackoverflow_a2q.sub125.txt (|V_local|=6539  t_range=[1192947,239580536])
rank=125 loaded routing data/384/stackoverflow_a2q.rt125.txt (3771 entries)
rank=125 added 66 boundary-only nodes from routing
rank=142/384 dataset=stackoverflow_a2q walkers=20833 (2958286..2979118) steps=30 mode=0 sched=single-bucket delta_t=0 policy=0
rank=142 loaded data/384/stackoverflow_a2q.sub142.txt (|V_local|=6155  t_range=[2256969,239646047])
rank=142 loaded routing data/384/stackoverflow_a2q.rt142.txt (3976 entries)
rank=142 added 108 boundary-only nodes from routing
rank=138/384 dataset=stackoverflow_a2q walkers=20833 (2874954..2895786) steps=30 mode=0 sched=single-bucket delta_t=0 policy=0
rank=138 loaded data/384/stackoverflow_a2q.sub138.txt (|V_local|=6132  t_range=[1532236,239612521])
rank=138 loaded routing data/384/stackoverflow_a2q.rt138.txt (4398 entries)
rank=138 added 124 boundary-only nodes from routing
rank=120/384 dataset=stackoverflow_a2q walkers=20833 (2499960..2520792) steps=30 mode=0 sched=single-bucket delta_t=0 policy=0
rank=120 loaded data/384/stackoverflow_a2q.sub120.txt (|V_local|=6141  t_range=[2896796,239634053])
rank=120 loaded routing data/384/stackoverflow_a2q.rt120.txt (4393 entries)
rank=120 added 129 boundary-only nodes from routing
rank=130/384 dataset=stackoverflow_a2q walkers=20833 (2708290..2729122) steps=30 mode=0 sched=single-bucket delta_t=0 policy=0
rank=130 loaded data/384/stackoverflow_a2q.sub130.txt (|V_local|=6557  t_range=[19933574,239671781])
rank=130 loaded routing data/384/stackoverflow_a2q.rt130.txt (3525 entries)
rank=130 added 52 boundary-only nodes from routing
rank=127/384 dataset=stackoverflow_a2q walkers=20833 (2645791..2666623) steps=30 mode=0 sched=single-bucket delta_t=0 policy=0
rank=127 loaded data/384/stackoverflow_a2q.sub127.txt (|V_local|=6572  t_range=[2496671,239698329])
rank=127 loaded routing data/384/stackoverflow_a2q.rt127.txt (2921 entries)
rank=127 added 39 boundary-only nodes from routing
rank=99/384 dataset=stackoverflow_a2q walkers=20833 (2062467..2083299) steps=30 mode=0 sched=single-bucket delta_t=0 policy=0
rank=99 loaded data/384/stackoverflow_a2q.sub99.txt (|V_local|=6501  t_range=[1784342,239656546])
rank=99 loaded routing data/384/stackoverflow_a2q.rt99.txt (3707 entries)
rank=99 added 109 boundary-only nodes from routing
rank=124/384 dataset=stackoverflow_a2q walkers=20833 (2583292..2604124) steps=30 mode=0 sched=single-bucket delta_t=0 policy=0
rank=124 loaded data/384/stackoverflow_a2q.sub124.txt (|V_local|=6552  t_range=[3514660,239688781])
rank=124 loaded routing data/384/stackoverflow_a2q.rt124.txt (3226 entries)
rank=124 added 58 boundary-only nodes from routing
rank=116/384 dataset=stackoverflow_a2q walkers=20833 (2416628..2437460) steps=30 mode=0 sched=single-bucket delta_t=0 policy=0
rank=116 loaded data/384/stackoverflow_a2q.sub116.txt (|V_local|=6459  t_range=[1119913,239610604])
rank=116 loaded routing data/384/stackoverflow_a2q.rt116.txt (3409 entries)
rank=116 added 129 boundary-only nodes from routing
rank=139/384 dataset=stackoverflow_a2q walkers=20833 (2895787..2916619) steps=30 mode=0 sched=single-bucket delta_t=0 policy=0
rank=139 loaded data/384/stackoverflow_a2q.sub139.txt (|V_local|=6271  t_range=[3942607,239678376])
rank=139 loaded routing data/384/stackoverflow_a2q.rt139.txt (4136 entries)
rank=139 added 160 boundary-only nodes from routing
rank=96/384 dataset=stackoverflow_a2q walkers=20833 (1999968..2020800) steps=30 mode=0 sched=single-bucket delta_t=0 policy=0
rank=96 loaded data/384/stackoverflow_a2q.sub96.txt (|V_local|=6511  t_range=[847477,239696664])
rank=96 loaded routing data/384/stackoverflow_a2q.rt96.txt (3192 entries)
rank=96 added 96 boundary-only nodes from routing
rank=108/384 dataset=stackoverflow_a2q walkers=20833 (2249964..2270796) steps=30 mode=0 sched=single-bucket delta_t=0 policy=0
rank=108 loaded data/384/stackoverflow_a2q.sub108.txt (|V_local|=6034  t_range=[358288,239693124])
rank=108 loaded routing data/384/stackoverflow_a2q.rt108.txt (4380 entries)
rank=108 added 221 boundary-only nodes from routing
rank=131/384 dataset=stackoverflow_a2q walkers=20833 (2729123..2749955) steps=30 mode=0 sched=single-bucket delta_t=0 policy=0
rank=131 loaded data/384/stackoverflow_a2q.sub131.txt (|V_local|=6523  t_range=[1639488,239660031])
rank=131 loaded routing data/384/stackoverflow_a2q.rt131.txt (3663 entries)
rank=131 added 81 boundary-only nodes from routing
rank=338 loaded data/384/stackoverflow_a2q.sub338.txt (|V_local|=6525  t_range=[470731,239655876])
rank=338 loaded routing data/384/stackoverflow_a2q.rt338.txt (3188 entries)
rank=338 added 86 boundary-only nodes from routing
rank=336/384 dataset=stackoverflow_a2q walkers=20833 (6999888..7020720) steps=30 mode=0 sched=single-bucket delta_t=0 policy=0
rank=336 loaded data/384/stackoverflow_a2q.sub336.txt (|V_local|=6083  t_range=[4209017,239671145])
rank=336 loaded routing data/384/stackoverflow_a2q.rt336.txt (4487 entries)
rank=336 added 178 boundary-only nodes from routing
rank=381/384 dataset=stackoverflow_a2q walkers=20833 (7937373..7958205) steps=30 mode=0 sched=single-bucket delta_t=0 policy=0
rank=381 loaded data/384/stackoverflow_a2q.sub381.txt (|V_local|=6438  t_range=[12694926,239671223])
rank=381 loaded routing data/384/stackoverflow_a2q.rt381.txt (36 entries)
rank=371/384 dataset=stackoverflow_a2q walkers=20833 (7729043..7749875) steps=30 mode=0 sched=single-bucket delta_t=0 policy=0
rank=371 loaded data/384/stackoverflow_a2q.sub371.txt (|V_local|=6163  t_range=[5327795,239696094])
rank=371 loaded routing data/384/stackoverflow_a2q.rt371.txt (4070 entries)
rank=371 added 102 boundary-only nodes from routing
rank=379/384 dataset=stackoverflow_a2q walkers=20833 (7895707..7916539) steps=30 mode=0 sched=single-bucket delta_t=0 policy=0
rank=379 loaded data/384/stackoverflow_a2q.sub379.txt (|V_local|=6292  t_range=[9688298,239667126])
rank=379 loaded routing data/384/stackoverflow_a2q.rt379.txt (27 entries)
rank=35 loaded routing data/384/stackoverflow_a2q.rt35.txt (3796 entries)
rank=35 added 297 boundary-only nodes from routing
rank=16/384 dataset=stackoverflow_a2q walkers=20833 (333328..354160) steps=30 mode=0 sched=single-bucket delta_t=0 policy=0
rank=16 loaded data/384/stackoverflow_a2q.sub16.txt (|V_local|=6085  t_range=[519120,239696300])
rank=16 loaded routing data/384/stackoverflow_a2q.rt16.txt (4092 entries)
rank=16 added 178 boundary-only nodes from routing
rank=28/384 dataset=stackoverflow_a2q walkers=20833 (583324..604156) steps=30 mode=0 sched=single-bucket delta_t=0 policy=0
rank=28 loaded data/384/stackoverflow_a2q.sub28.txt (|V_local|=6144  t_range=[4101108,239684073])
rank=28 loaded routing data/384/stackoverflow_a2q.rt28.txt (4395 entries)
rank=28 added 125 boundary-only nodes from routing
rank=25/384 dataset=stackoverflow_a2q walkers=20833 (520825..541657) steps=30 mode=0 sched=single-bucket delta_t=0 policy=0
rank=25 loaded data/384/stackoverflow_a2q.sub25.txt (|V_local|=6514  t_range=[246132,239673997])
rank=25 loaded routing data/384/stackoverflow_a2q.rt25.txt (2841 entries)
rank=25 added 97 boundary-only nodes from routing
rank=36/384 dataset=stackoverflow_a2q walkers=20833 (749988..770820) steps=30 mode=0 sched=single-bucket delta_t=0 policy=0
rank=36 loaded data/384/stackoverflow_a2q.sub36.txt (|V_local|=5923  t_range=[4580969,239571350])
rank=36 loaded routing data/384/stackoverflow_a2q.rt36.txt (4423 entries)
rank=36 added 343 boundary-only nodes from routing
rank=9/384 dataset=stackoverflow_a2q walkers=20833 (187497..208329) steps=30 mode=0 sched=single-bucket delta_t=0 policy=0
rank=9 loaded data/384/stackoverflow_a2q.sub9.txt (|V_local|=6173  t_range=[247683,239686456])
rank=9 loaded routing data/384/stackoverflow_a2q.rt9.txt (4249 entries)
rank=9 added 98 boundary-only nodes from routing
rank=31/384 dataset=stackoverflow_a2q walkers=20833 (645823..666655) steps=30 mode=0 sched=single-bucket delta_t=0 policy=0
rank=31 loaded data/384/stackoverflow_a2q.sub31.txt (|V_local|=6553  t_range=[725012,239680527])
rank=31 loaded routing data/384/stackoverflow_a2q.rt31.txt (3164 entries)
rank=31 added 58 boundary-only nodes from routing
rank=15/384 dataset=stackoverflow_a2q walkers=20833 (312495..333327) steps=30 mode=0 sched=single-bucket delta_t=0 policy=0
rank=15 loaded data/384/stackoverflow_a2q.sub15.txt (|V_local|=6479  t_range=[1728435,239642250])
rank=15 loaded routing data/384/stackoverflow_a2q.rt15.txt (3837 entries)
rank=15 added 90 boundary-only nodes from routing
rank=43/384 dataset=stackoverflow_a2q walkers=20833 (895819..916651) steps=30 mode=0 sched=single-bucket delta_t=0 policy=0
rank=43 loaded data/384/stackoverflow_a2q.sub43.txt (|V_local|=6477  t_range=[5158383,239589681])
rank=43 loaded routing data/384/stackoverflow_a2q.rt43.txt (4041 entries)
rank=43 added 134 boundary-only nodes from routing
rank=18/384 dataset=stackoverflow_a2q walkers=20833 (374994..395826) steps=30 mode=0 sched=single-bucket delta_t=0 policy=0
rank=18 loaded data/384/stackoverflow_a2q.sub18.txt (|V_local|=6127  t_range=[3869417,239674113])
rank=18 loaded routing data/384/stackoverflow_a2q.rt18.txt (4306 entries)
rank=18 added 135 boundary-only nodes from routing
rank=33/384 dataset=stackoverflow_a2q walkers=20833 (687489..708321) steps=30 mode=0 sched=single-bucket delta_t=0 policy=0
rank=33 loaded data/384/stackoverflow_a2q.sub33.txt (|V_local|=5964  t_range=[1980903,239679733])
rank=33 loaded routing data/384/stackoverflow_a2q.rt33.txt (4525 entries)
rank=33 added 294 boundary-only nodes from routing
rank=17/384 dataset=stackoverflow_a2q walkers=20833 (354161..374993) steps=30 mode=0 sched=single-bucket delta_t=0 policy=0
rank=17 loaded data/384/stackoverflow_a2q.sub17.txt (|V_local|=6447  t_range=[334307,239604397])
rank=17 loaded routing data/384/stackoverflow_a2q.rt17.txt (3175 entries)
rank=17 added 163 boundary-only nodes from routing
rank=21/384 dataset=stackoverflow_a2q walkers=20833 (437493..458325) steps=30 mode=0 sched=single-bucket delta_t=0 policy=0
rank=21 loaded data/384/stackoverflow_a2q.sub21.txt (|V_local|=6503  t_range=[9570446,239676163])
rank=21 loaded routing data/384/stackoverflow_a2q.rt21.txt (4093 entries)
rank=21 added 104 boundary-only nodes from routing
rank=34/384 dataset=stackoverflow_a2q walkers=20833 (708322..729154) steps=30 mode=0 sched=single-bucket delta_t=0 policy=0
rank=34 loaded data/384/stackoverflow_a2q.sub34.txt (|V_local|=6442  t_range=[50683,239639392])
rank=34 loaded routing data/384/stackoverflow_a2q.rt34.txt (3523 entries)
rank=34 added 168 boundary-only nodes from routing
rank=11/384 dataset=stackoverflow_a2q walkers=20833 (229163..249995) steps=30 mode=0 sched=single-bucket delta_t=0 policy=0
rank=11 loaded data/384/stackoverflow_a2q.sub11.txt (|V_local|=6547  t_range=[4020801,239695444])
rank=11 loaded routing data/384/stackoverflow_a2q.rt11.txt (3972 entries)
rank=11 added 62 boundary-only nodes from routing
rank=46/384 dataset=stackoverflow_a2q walkers=20833 (958318..979150) steps=30 mode=0 sched=single-bucket delta_t=0 policy=0
rank=46 loaded data/384/stackoverflow_a2q.sub46.txt (|V_local|=6120  t_range=[3990738,239684232])
rank=46 loaded routing data/384/stackoverflow_a2q.rt46.txt (4299 entries)
rank=46 added 154 boundary-only nodes from routing
rank=41/384 dataset=stackoverflow_a2q walkers=20833 (854153..874985) steps=30 mode=0 sched=single-bucket delta_t=0 policy=0
rank=41 loaded data/384/stackoverflow_a2q.sub41.txt (|V_local|=6436  t_range=[3958908,239696630])
rank=41 loaded routing data/384/stackoverflow_a2q.rt41.txt (3679 entries)
rank=41 added 172 boundary-only nodes from routing
rank=37/384 dataset=stackoverflow_a2q walkers=20833 (770821..791653) steps=30 mode=0 sched=single-bucket delta_t=0 policy=0
rank=37 loaded data/384/stackoverflow_a2q.sub37.txt (|V_local|=6538  t_range=[2461743,239662518])
rank=37 loaded routing data/384/stackoverflow_a2q.rt37.txt (2518 entries)
rank=37 added 73 boundary-only nodes from routing
rank=38/384 dataset=stackoverflow_a2q walkers=20833 (791654..812486) steps=30 mode=0 sched=single-bucket delta_t=0 policy=0
rank=38 loaded data/384/stackoverflow_a2q.sub38.txt (|V_local|=6571  t_range=[4032013,239695480])
rank=38 loaded routing data/384/stackoverflow_a2q.rt38.txt (2795 entries)
rank=38 added 40 boundary-only nodes from routing
rank=45/384 dataset=stackoverflow_a2q walkers=20833 (937485..958317) steps=30 mode=0 sched=single-bucket delta_t=0 policy=0
rank=45 loaded data/384/stackoverflow_a2q.sub45.txt (|V_local|=6109  t_range=[6129269,239680831])
rank=45 loaded routing data/384/stackoverflow_a2q.rt45.txt (4472 entries)
rank=45 added 155 boundary-only nodes from routing
rank=30/384 dataset=stackoverflow_a2q walkers=20833 (624990..645822) steps=30 mode=0 sched=single-bucket delta_t=0 policy=0
rank=30 loaded data/384/stackoverflow_a2q.sub30.txt (|V_local|=6573  t_range=[4092951,239694294])
rank=30 loaded routing data/384/stackoverflow_a2q.rt30.txt (3522 entries)
rank=30 added 37 boundary-only nodes from routing
rank=0/384 dataset=stackoverflow_a2q walkers=20833 (0..20832) steps=30 mode=0 sched=single-bucket delta_t=0 policy=0
rank=0 loaded data/384/stackoverflow_a2q.sub0.txt (|V_local|=6176  t_range=[2235682,239680910])
rank=0 loaded routing data/384/stackoverflow_a2q.rt0.txt (4237 entries)
rank=0 added 104 boundary-only nodes from routing
PHASE compute=0.3461 exchange=3.6319 allreduce=0.2368 emb_xchg=0.0000 s  comm_frac=91.8% [p=384 mode=fused]
E1 cross-rank pairs: 27507189/43097552 (63.83%) [p=384]
rank=0 elapsed=3.720940s sched=single-bucket delta_t=0 total_walkers=7999872
rank=42/384 dataset=stackoverflow_a2q walkers=20833 (874986..895818) steps=30 mode=0 sched=single-bucket delta_t=0 policy=0
rank=42 loaded data/384/stackoverflow_a2q.sub42.txt (|V_local|=6131  t_range=[2650894,239698412])
rank=42 loaded routing data/384/stackoverflow_a2q.rt42.txt (4240 entries)
rank=42 added 139 boundary-only nodes from routing
rank=13/384 dataset=stackoverflow_a2q walkers=20833 (270829..291661) steps=30 mode=0 sched=single-bucket delta_t=0 policy=0
rank=13 loaded data/384/stackoverflow_a2q.sub13.txt (|V_local|=6580  t_range=[1510916,239643173])
rank=321/384 dataset=stackoverflow_a2q walkers=20833 (6687393..6708225) steps=30 mode=0 sched=single-bucket delta_t=0 policy=0
rank=321 loaded data/384/stackoverflow_a2q.sub321.txt (|V_local|=6155  t_range=[4042540,239695112])
rank=321 loaded routing data/384/stackoverflow_a2q.rt321.txt (4403 entries)
rank=321 added 105 boundary-only nodes from routing
rank=298/384 dataset=stackoverflow_a2q walkers=20833 (6208234..6229066) steps=30 mode=0 sched=single-bucket delta_t=0 policy=0
rank=298 loaded data/384/stackoverflow_a2q.sub298.txt (|V_local|=6576  t_range=[6345992,239681143])
rank=298 loaded routing data/384/stackoverflow_a2q.rt298.txt (3561 entries)
rank=298 added 32 boundary-only nodes from routing
rank=318/384 dataset=stackoverflow_a2q walkers=20833 (6624894..6645726) steps=30 mode=0 sched=single-bucket delta_t=0 policy=0
rank=318 loaded data/384/stackoverflow_a2q.sub318.txt (|V_local|=6173  t_range=[778301,239674145])
rank=318 loaded routing data/384/stackoverflow_a2q.rt318.txt (4231 entries)
rank=318 added 90 boundary-only nodes from routing
rank=310/384 dataset=stackoverflow_a2q walkers=20833 (6458230..6479062) steps=30 mode=0 sched=single-bucket delta_t=0 policy=0
rank=310 loaded data/384/stackoverflow_a2q.sub310.txt (|V_local|=6150  t_range=[4076826,239668681])
rank=310 loaded routing data/384/stackoverflow_a2q.rt310.txt (4387 entries)
rank=310 added 111 boundary-only nodes from routing
rank=302/384 dataset=stackoverflow_a2q walkers=20833 (6291566..6312398) steps=30 mode=0 sched=single-bucket delta_t=0 policy=0
rank=302 loaded data/384/stackoverflow_a2q.sub302.txt (|V_local|=6165  t_range=[3955022,239657398])
rank=302 loaded routing data/384/stackoverflow_a2q.rt302.txt (4136 entries)
rank=302 added 96 boundary-only nodes from routing
rank=95 loaded data/384/stackoverflow_a2q.sub95.txt (|V_local|=6540  t_range=[939856,239650291])
rank=95 loaded routing data/384/stackoverflow_a2q.rt95.txt (2835 entries)
rank=95 added 71 boundary-only nodes from routing
rank=62/384 dataset=stackoverflow_a2q walkers=20833 (1291646..1312478) steps=30 mode=0 sched=single-bucket delta_t=0 policy=0
rank=62 loaded data/384/stackoverflow_a2q.sub62.txt (|V_local|=6148  t_range=[2217201,239677077])
rank=62 loaded routing data/384/stackoverflow_a2q.rt62.txt (4353 entries)
rank=62 added 115 boundary-only nodes from routing
rank=67/384 dataset=stackoverflow_a2q walkers=20833 (1395811..1416643) steps=30 mode=0 sched=single-bucket delta_t=0 policy=0
rank=67 loaded data/384/stackoverflow_a2q.sub67.txt (|V_local|=6155  t_range=[2846879,239633239])
rank=67 loaded routing data/384/stackoverflow_a2q.rt67.txt (4243 entries)
rank=67 added 109 boundary-only nodes from routing
rank=66/384 dataset=stackoverflow_a2q walkers=20833 (1374978..1395810) steps=30 mode=0 sched=single-bucket delta_t=0 policy=0
rank=66 loaded data/384/stackoverflow_a2q.sub66.txt (|V_local|=6561  t_range=[4014742,239657120])
rank=66 loaded routing data/384/stackoverflow_a2q.rt66.txt (3820 entries)
rank=66 added 42 boundary-only nodes from routing
rank=63/384 dataset=stackoverflow_a2q walkers=20833 (1312479..1333311) steps=30 mode=0 sched=single-bucket delta_t=0 policy=0
rank=63 loaded data/384/stackoverflow_a2q.sub63.txt (|V_local|=6165  t_range=[4560919,239657025])
rank=63 loaded routing data/384/stackoverflow_a2q.rt63.txt (4363 entries)
rank=63 added 104 boundary-only nodes from routing
rank=83/384 dataset=stackoverflow_a2q walkers=20833 (1729139..1749971) steps=30 mode=0 sched=single-bucket delta_t=0 policy=0
rank=83 loaded data/384/stackoverflow_a2q.sub83.txt (|V_local|=6170  t_range=[2683830,239690776])
rank=83 loaded routing data/384/stackoverflow_a2q.rt83.txt (4247 entries)
rank=83 added 100 boundary-only nodes from routing
rank=65/384 dataset=stackoverflow_a2q walkers=20833 (1354145..1374977) steps=30 mode=0 sched=single-bucket delta_t=0 policy=0
rank=65 loaded data/384/stackoverflow_a2q.sub65.txt (|V_local|=6560  t_range=[3205695,239663409])
rank=65 loaded routing data/384/stackoverflow_a2q.rt65.txt (3205 entries)
rank=65 added 44 boundary-only nodes from routing
rank=69/384 dataset=stackoverflow_a2q walkers=20833 (1437477..1458309) steps=30 mode=0 sched=single-bucket delta_t=0 policy=0
rank=69 loaded data/384/stackoverflow_a2q.sub69.txt (|V_local|=6181  t_range=[6739192,239663817])
rank=69 loaded routing data/384/stackoverflow_a2q.rt69.txt (4345 entries)
rank=69 added 85 boundary-only nodes from routing
rank=85/384 dataset=stackoverflow_a2q walkers=20833 (1770805..1791637) steps=30 mode=0 sched=single-bucket delta_t=0 policy=0
rank=85 loaded data/384/stackoverflow_a2q.sub85.txt (|V_local|=6536  t_range=[2125797,239698816])
rank=85 loaded routing data/384/stackoverflow_a2q.rt85.txt (3881 entries)
rank=85 added 69 boundary-only nodes from routing
rank=74/384 dataset=stackoverflow_a2q walkers=20833 (1541642..1562474) steps=30 mode=0 sched=single-bucket delta_t=0 policy=0
rank=74 loaded data/384/stackoverflow_a2q.sub74.txt (|V_local|=6548  t_range=[495252,239696652])
rank=74 loaded routing data/384/stackoverflow_a2q.rt74.txt (3890 entries)
rank=74 added 61 boundary-only nodes from routing
rank=70/384 dataset=stackoverflow_a2q walkers=20833 (1458310..1479142) steps=30 mode=0 sched=single-bucket delta_t=0 policy=0
rank=70 loaded data/384/stackoverflow_a2q.sub70.txt (|V_local|=6550  t_range=[1890156,239693333])
rank=70 loaded routing data/384/stackoverflow_a2q.rt70.txt (3387 entries)
rank=70 added 60 boundary-only nodes from routing
rank=87/384 dataset=stackoverflow_a2q walkers=20833 (1812471..1833303) steps=30 mode=0 sched=single-bucket delta_t=0 policy=0
rank=87 loaded data/384/stackoverflow_a2q.sub87.txt (|V_local|=6152  t_range=[4017878,239677821])
rank=87 loaded routing data/384/stackoverflow_a2q.rt87.txt (4318 entries)
rank=87 added 106 boundary-only nodes from routing
rank=91/384 dataset=stackoverflow_a2q walkers=20833 (1895803..1916635) steps=30 mode=0 sched=single-bucket delta_t=0 policy=0
rank=91 loaded data/384/stackoverflow_a2q.sub91.txt (|V_local|=6158  t_range=[7839355,239681925])
rank=91 loaded routing data/384/stackoverflow_a2q.rt91.txt (4197 entries)
rank=91 added 106 boundary-only nodes from routing
rank=82/384 dataset=stackoverflow_a2q walkers=20833 (1708306..1729138) steps=30 mode=0 sched=single-bucket delta_t=0 policy=0
rank=82 loaded data/384/stackoverflow_a2q.sub82.txt (|V_local|=6170  t_range=[2175541,239690359])
rank=82 loaded routing data/384/stackoverflow_a2q.rt82.txt (4343 entries)
rank=82 added 100 boundary-only nodes from routing
rank=79/384 dataset=stackoverflow_a2q walkers=20833 (1645807..1666639) steps=30 mode=0 sched=single-bucket delta_t=0 policy=0
rank=79 loaded data/384/stackoverflow_a2q.sub79.txt (|V_local|=6134  t_range=[5583447,239633192])
rank=79 loaded routing data/384/stackoverflow_a2q.rt79.txt (4352 entries)
rank=79 added 124 boundary-only nodes from routing
rank=75/384 dataset=stackoverflow_a2q walkers=20833 (1562475..1583307) steps=30 mode=0 sched=single-bucket delta_t=0 policy=0
rank=75 loaded data/384/stackoverflow_a2q.sub75.txt (|V_local|=6054  t_range=[601221,239682873])
rank=75 loaded routing data/384/stackoverflow_a2q.rt75.txt (4269 entries)
rank=75 added 205 boundary-only nodes from routing
rank=73/384 dataset=stackoverflow_a2q walkers=20833 (1520809..1541641) steps=30 mode=0 sched=single-bucket delta_t=0 policy=0
rank=73 loaded data/384/stackoverflow_a2q.sub73.txt (|V_local|=6539  t_range=[4128213,239652055])
rank=73 loaded routing data/384/stackoverflow_a2q.rt73.txt (3848 entries)
rank=73 added 70 boundary-only nodes from routing
rank=68/384 dataset=stackoverflow_a2q walkers=20833 (1416644..1437476) steps=30 mode=0 sched=single-bucket delta_t=0 policy=0
rank=68 loaded data/384/stackoverflow_a2q.sub68.txt (|V_local|=6123  t_range=[4222633,239675977])
rank=68 loaded routing data/384/stackoverflow_a2q.rt68.txt (4370 entries)
rank=68 added 141 boundary-only nodes from routing
rank=76/384 dataset=stackoverflow_a2q walkers=20833 (1583308..1604140) steps=30 mode=0 sched=single-bucket delta_t=0 policy=0
rank=76 loaded data/384/stackoverflow_a2q.sub76.txt (|V_local|=6518  t_range=[1235217,239678205])
rank=76 loaded routing data/384/stackoverflow_a2q.rt76.txt (3305 entries)
rank=76 added 92 boundary-only nodes from routing
rank=89/384 dataset=stackoverflow_a2q walkers=20833 (1854137..1874969) steps=30 mode=0 sched=single-bucket delta_t=0 policy=0
rank=89 loaded data/384/stackoverflow_a2q.sub89.txt (|V_local|=6569  t_range=[4211143,239681166])
rank=89 loaded routing data/384/stackoverflow_a2q.rt89.txt (3748 entries)
rank=89 added 37 boundary-only nodes from routing
rank=90/384 dataset=stackoverflow_a2q walkers=20833 (1874970..1895802) steps=30 mode=0 sched=single-bucket delta_t=0 policy=0
rank=90 loaded data/384/stackoverflow_a2q.sub90.txt (|V_local|=6131  t_range=[3053343,239694977])
rank=90 loaded routing data/384/stackoverflow_a2q.rt90.txt (4228 entries)
rank=90 added 137 boundary-only nodes from routing
rank=94/384 dataset=stackoverflow_a2q walkers=20833 (1958302..1979134) steps=30 mode=0 sched=single-bucket delta_t=0 policy=0
rank=94 loaded data/384/stackoverflow_a2q.sub94.txt (|V_local|=5963  t_range=[3953840,239658467])
rank=94 loaded routing data/384/stackoverflow_a2q.rt94.txt (4455 entries)
rank=94 added 302 boundary-only nodes from routing
rank=77/384 dataset=stackoverflow_a2q walkers=20833 (1604141..1624973) steps=30 mode=0 sched=single-bucket delta_t=0 policy=0
rank=77 loaded data/384/stackoverflow_a2q.sub77.txt (|V_local|=6578  t_range=[2500011,239687459])
rank=77 loaded routing data/384/stackoverflow_a2q.rt77.txt (2953 entries)
rank=77 added 33 boundary-only nodes from routing
rank=71/384 dataset=stackoverflow_a2q walkers=20833 (1479143..1499975) steps=30 mode=0 sched=single-bucket delta_t=0 policy=0
rank=71 loaded data/384/stackoverflow_a2q.sub71.txt (|V_local|=6550  t_range=[28076014,239628504])
rank=71 loaded routing data/384/stackoverflow_a2q.rt71.txt (4198 entries)
rank=262/384 dataset=stackoverflow_a2q walkers=20833 (5458246..5479078) steps=30 mode=0 sched=single-bucket delta_t=0 policy=0
rank=262 loaded data/384/stackoverflow_a2q.sub262.txt (|V_local|=6551  t_range=[24856813,239692716])
rank=262 loaded routing data/384/stackoverflow_a2q.rt262.txt (3914 entries)
rank=262 added 51 boundary-only nodes from routing
rank=266/384 dataset=stackoverflow_a2q walkers=20833 (5541578..5562410) steps=30 mode=0 sched=single-bucket delta_t=0 policy=0
rank=266 loaded data/384/stackoverflow_a2q.sub266.txt (|V_local|=6566  t_range=[25952382,239687314])
rank=266 loaded routing data/384/stackoverflow_a2q.rt266.txt (3616 entries)
rank=266 added 44 boundary-only nodes from routing
rank=249/384 dataset=stackoverflow_a2q walkers=20833 (5187417..5208249) steps=30 mode=0 sched=single-bucket delta_t=0 policy=0
rank=249 loaded data/384/stackoverflow_a2q.sub249.txt (|V_local|=6200  t_range=[4401097,239686938])
rank=249 loaded routing data/384/stackoverflow_a2q.rt249.txt (4135 entries)
rank=249 added 59 boundary-only nodes from routing
rank=277/384 dataset=stackoverflow_a2q walkers=20833 (5770741..5791573) steps=30 mode=0 sched=single-bucket delta_t=0 policy=0
rank=277 loaded data/384/stackoverflow_a2q.sub277.txt (|V_local|=6552  t_range=[4109716,239649996])
rank=277 loaded routing data/384/stackoverflow_a2q.rt277.txt (3370 entries)
rank=277 added 58 boundary-only nodes from routing
rank=270/384 dataset=stackoverflow_a2q walkers=20833 (5624910..5645742) steps=30 mode=0 sched=single-bucket delta_t=0 policy=0
rank=270 loaded data/384/stackoverflow_a2q.sub270.txt (|V_local|=6029  t_range=[4032835,239673603])
rank=270 loaded routing data/384/stackoverflow_a2q.rt270.txt (4460 entries)
rank=270 added 232 boundary-only nodes from routing
rank=254/384 dataset=stackoverflow_a2q walkers=20833 (5291582..5312414) steps=30 mode=0 sched=single-bucket delta_t=0 policy=0
rank=254 loaded data/384/stackoverflow_a2q.sub254.txt (|V_local|=6501  t_range=[5946680,239688687])
rank=254 loaded routing data/384/stackoverflow_a2q.rt254.txt (4375 entries)
rank=254 added 86 boundary-only nodes from routing
rank=257/384 dataset=stackoverflow_a2q walkers=20833 (5354081..5374913) steps=30 mode=0 sched=single-bucket delta_t=0 policy=0
rank=257 loaded data/384/stackoverflow_a2q.sub257.txt (|V_local|=6192  t_range=[4043619,239640716])
rank=257 loaded routing data/384/stackoverflow_a2q.rt257.txt (4015 entries)
rank=257 added 75 boundary-only nodes from routing
rank=268/384 dataset=stackoverflow_a2q walkers=20833 (5583244..5604076) steps=30 mode=0 sched=single-bucket delta_t=0 policy=0
rank=268 loaded data/384/stackoverflow_a2q.sub268.txt (|V_local|=6583  t_range=[6571594,239672363])
rank=268 loaded routing data/384/stackoverflow_a2q.rt268.txt (2436 entries)
rank=268 added 28 boundary-only nodes from routing
rank=253/384 dataset=stackoverflow_a2q walkers=20833 (5270749..5291581) steps=30 mode=0 sched=single-bucket delta_t=0 policy=0
rank=253 loaded data/384/stackoverflow_a2q.sub253.txt (|V_local|=6551  t_range=[4060051,239684552])
rank=253 loaded routing data/384/stackoverflow_a2q.rt253.txt (4146 entries)
rank=253 added 55 boundary-only nodes from routing
rank=261/384 dataset=stackoverflow_a2q walkers=20833 (5437413..5458245) steps=30 mode=0 sched=single-bucket delta_t=0 policy=0
rank=261 loaded data/384/stackoverflow_a2q.sub261.txt (|V_local|=6159  t_range=[10871527,239695531])
rank=261 loaded routing data/384/stackoverflow_a2q.rt261.txt (4485 entries)
rank=261 added 107 boundary-only nodes from routing
rank=276/384 dataset=stackoverflow_a2q walkers=20833 (5749908..5770740) steps=30 mode=0 sched=single-bucket delta_t=0 policy=0
rank=276 loaded data/384/stackoverflow_a2q.sub276.txt (|V_local|=6161  t_range=[16593142,239690485])
rank=276 loaded routing data/384/stackoverflow_a2q.rt276.txt (4311 entries)
rank=276 added 102 boundary-only nodes from routing
rank=284/384 dataset=stackoverflow_a2q walkers=20833 (5916572..5937404) steps=30 mode=0 sched=single-bucket delta_t=0 policy=0
rank=284 loaded data/384/stackoverflow_a2q.sub284.txt (|V_local|=6585  t_range=[24478231,239689662])
rank=284 loaded routing data/384/stackoverflow_a2q.rt284.txt (3478 entries)
rank=284 added 24 boundary-only nodes from routing
rank=251/384 dataset=stackoverflow_a2q walkers=20833 (5229083..5249915) steps=30 mode=0 sched=single-bucket delta_t=0 policy=0
rank=251 loaded data/384/stackoverflow_a2q.sub251.txt (|V_local|=6214  t_range=[26554060,239696916])
rank=251 loaded routing data/384/stackoverflow_a2q.rt251.txt (3977 entries)
rank=251 added 49 boundary-only nodes from routing
rank=283/384 dataset=stackoverflow_a2q walkers=20833 (5895739..5916571) steps=30 mode=0 sched=single-bucket delta_t=0 policy=0
rank=283 loaded data/384/stackoverflow_a2q.sub283.txt (|V_local|=6197  t_range=[23232243,239696958])
rank=283 loaded routing data/384/stackoverflow_a2q.rt283.txt (4115 entries)
rank=283 added 72 boundary-only nodes from routing
rank=273/384 dataset=stackoverflow_a2q walkers=20833 (5687409..5708241) steps=30 mode=0 sched=single-bucket delta_t=0 policy=0
rank=273 loaded data/384/stackoverflow_a2q.sub273.txt (|V_local|=6098  t_range=[4898626,239684947])
rank=273 loaded routing data/384/stackoverflow_a2q.rt273.txt (4483 entries)
rank=273 added 157 boundary-only nodes from routing
rank=285/384 dataset=stackoverflow_a2q walkers=20833 (5937405..5958237) steps=30 mode=0 sched=single-bucket delta_t=0 policy=0
rank=285 loaded data/384/stackoverflow_a2q.sub285.txt (|V_local|=6407  t_range=[4055423,239680748])
rank=285 loaded routing data/384/stackoverflow_a2q.rt285.txt (4204 entries)
rank=285 added 112 boundary-only nodes from routing
rank=271/384 dataset=stackoverflow_a2q walkers=20833 (5645743..5666575) steps=30 mode=0 sched=single-bucket delta_t=0 policy=0
rank=271 loaded data/384/stackoverflow_a2q.sub271.txt (|V_local|=6509  t_range=[14330577,239676992])
rank=271 loaded routing data/384/stackoverflow_a2q.rt271.txt (3140 entries)
rank=271 added 102 boundary-only nodes from routing
rank=278/384 dataset=stackoverflow_a2q walkers=20833 (5791574..5812406) steps=30 mode=0 sched=single-bucket delta_t=0 policy=0
rank=278 loaded data/384/stackoverflow_a2q.sub278.txt (|V_local|=6553  t_range=[15399852,239673871])
rank=278 loaded routing data/384/stackoverflow_a2q.rt278.txt (4059 entries)
rank=278 added 56 boundary-only nodes from routing
rank=245/384 dataset=stackoverflow_a2q walkers=20833 (5104085..5124917) steps=30 mode=0 sched=single-bucket delta_t=0 policy=0
rank=245 loaded data/384/stackoverflow_a2q.sub245.txt (|V_local|=6190  t_range=[27530647,239691482])
rank=245 loaded routing data/384/stackoverflow_a2q.rt245.txt (3909 entries)
rank=245 added 79 boundary-only nodes from routing
rank=260/384 dataset=stackoverflow_a2q walkers=20833 (5416580..5437412) steps=30 mode=0 sched=single-bucket delta_t=0 policy=0
rank=260 loaded data/384/stackoverflow_a2q.sub260.txt (|V_local|=6526  t_range=[41473670,239697882])
rank=260 loaded routing data/384/stackoverflow_a2q.rt260.txt (3951 entries)
rank=260 added 82 boundary-only nodes from routing
rank=280/384 dataset=stackoverflow_a2q walkers=20833 (5833240..5854072) steps=30 mode=0 sched=single-bucket delta_t=0 policy=0
rank=280 loaded data/384/stackoverflow_a2q.sub280.txt (|V_local|=6554  t_range=[18927955,239698486])
rank=280 loaded routing data/384/stackoverflow_a2q.rt280.txt (3910 entries)
rank=280 added 56 boundary-only nodes from routing
rank=287/384 dataset=stackoverflow_a2q walkers=20833 (5979071..5999903) steps=30 mode=0 sched=single-bucket delta_t=0 policy=0
rank=287 loaded data/384/stackoverflow_a2q.sub287.txt (|V_local|=6572  t_range=[36191191,239691948])
rank=287 loaded routing data/384/stackoverflow_a2q.rt287.txt (3732 entries)
rank=287 added 36 boundary-only nodes from routing
rank=279/384 dataset=stackoverflow_a2q walkers=20833 (5812407..5833239) steps=30 mode=0 sched=single-bucket delta_t=0 policy=0
rank=279 loaded data/384/stackoverflow_a2q.sub279.txt (|V_local|=6159  t_range=[13480783,239695516])
rank=279 loaded routing data/384/stackoverflow_a2q.rt279.txt (4380 entries)
rank=279 added 104 boundary-only nodes from routing
rank=201/384 dataset=stackoverflow_a2q walkers=20833 (4187433..4208265) steps=30 mode=0 sched=single-bucket delta_t=0 policy=0
rank=201 loaded data/384/stackoverflow_a2q.sub201.txt (|V_local|=6209  t_range=[13923394,239662647])
rank=201 loaded routing data/384/stackoverflow_a2q.rt201.txt (4488 entries)
rank=201 added 59 boundary-only nodes from routing
rank=192/384 dataset=stackoverflow_a2q walkers=20833 (3999936..4020768) steps=30 mode=0 sched=single-bucket delta_t=0 policy=0
rank=192 loaded data/384/stackoverflow_a2q.sub192.txt (|V_local|=6197  t_range=[26590506,239695360])
rank=192 loaded routing data/384/stackoverflow_a2q.rt192.txt (4426 entries)
rank=192 added 62 boundary-only nodes from routing
rank=209/384 dataset=stackoverflow_a2q walkers=20833 (4354097..4374929) steps=30 mode=0 sched=single-bucket delta_t=0 policy=0
rank=209 loaded data/384/stackoverflow_a2q.sub209.txt (|V_local|=6223  t_range=[38678971,239663219])
rank=209 loaded routing data/384/stackoverflow_a2q.rt209.txt (3770 entries)
rank=209 added 45 boundary-only nodes from routing
rank=204/384 dataset=stackoverflow_a2q walkers=20833 (4249932..4270764) steps=30 mode=0 sched=single-bucket delta_t=0 policy=0
rank=204 loaded data/384/stackoverflow_a2q.sub204.txt (|V_local|=6188  t_range=[32034739,239676406])
rank=204 loaded routing data/384/stackoverflow_a2q.rt204.txt (4304 entries)
rank=204 added 73 boundary-only nodes from routing
rank=215/384 dataset=stackoverflow_a2q walkers=20833 (4479095..4499927) steps=30 mode=0 sched=single-bucket delta_t=0 policy=0
rank=215 loaded data/384/stackoverflow_a2q.sub215.txt (|V_local|=6201  t_range=[4893847,239698614])
rank=215 loaded routing data/384/stackoverflow_a2q.rt215.txt (4079 entries)
rank=215 added 71 boundary-only nodes from routing
rank=235/384 dataset=stackoverflow_a2q walkers=20833 (4895755..4916587) steps=30 mode=0 sched=single-bucket delta_t=0 policy=0
rank=235 loaded data/384/stackoverflow_a2q.sub235.txt (|V_local|=6218  t_range=[17520062,239667251])
rank=235 loaded routing data/384/stackoverflow_a2q.rt235.txt (4485 entries)
rank=235 added 54 boundary-only nodes from routing
rank=236/384 dataset=stackoverflow_a2q walkers=20833 (4916588..4937420) steps=30 mode=0 sched=single-bucket delta_t=0 policy=0
rank=236 loaded data/384/stackoverflow_a2q.sub236.txt (|V_local|=6568  t_range=[30771183,239694245])
rank=236 loaded routing data/384/stackoverflow_a2q.rt236.txt (3454 entries)
rank=236 added 39 boundary-only nodes from routing
rank=195/384 dataset=stackoverflow_a2q walkers=20833 (4062435..4083267) steps=30 mode=0 sched=single-bucket delta_t=0 policy=0
rank=195 loaded data/384/stackoverflow_a2q.sub195.txt (|V_local|=6129  t_range=[19695125,239670203])
rank=195 loaded routing data/384/stackoverflow_a2q.rt195.txt (4403 entries)
rank=195 added 138 boundary-only nodes from routing
rank=206/384 dataset=stackoverflow_a2q walkers=20833 (4291598..4312430) steps=30 mode=0 sched=single-bucket delta_t=0 policy=0
rank=206 loaded data/384/stackoverflow_a2q.sub206.txt (|V_local|=6569  t_range=[4103799,239692102])
rank=206 loaded routing data/384/stackoverflow_a2q.rt206.txt (3734 entries)
rank=206 added 38 boundary-only nodes from routing
rank=223/384 dataset=stackoverflow_a2q walkers=20833 (4645759..4666591) steps=30 mode=0 sched=single-bucket delta_t=0 policy=0
rank=223 loaded data/384/stackoverflow_a2q.sub223.txt (|V_local|=6569  t_range=[16850232,239695733])
rank=223 loaded routing data/384/stackoverflow_a2q.rt223.txt (4179 entries)
rank=223 added 40 boundary-only nodes from routing
rank=213/384 dataset=stackoverflow_a2q walkers=20833 (4437429..4458261) steps=30 mode=0 sched=single-bucket delta_t=0 policy=0
rank=213 loaded data/384/stackoverflow_a2q.sub213.txt (|V_local|=6219  t_range=[4084404,239681076])
rank=213 loaded routing data/384/stackoverflow_a2q.rt213.txt (4111 entries)
rank=213 added 54 boundary-only nodes from routing
rank=212/384 dataset=stackoverflow_a2q walkers=20833 (4416596..4437428) steps=30 mode=0 sched=single-bucket delta_t=0 policy=0
rank=212 loaded data/384/stackoverflow_a2q.sub212.txt (|V_local|=6205  t_range=[23035637,239692139])
rank=212 loaded routing data/384/stackoverflow_a2q.rt212.txt (4258 entries)
rank=212 added 62 boundary-only nodes from routing
rank=229/384 dataset=stackoverflow_a2q walkers=20833 (4770757..4791589) steps=30 mode=0 sched=single-bucket delta_t=0 policy=0
rank=229 loaded data/384/stackoverflow_a2q.sub229.txt (|V_local|=6572  t_range=[31363584,239696134])
rank=229 loaded routing data/384/stackoverflow_a2q.rt229.txt (3814 entries)
rank=229 added 39 boundary-only nodes from routing
rank=194/384 dataset=stackoverflow_a2q walkers=20833 (4041602..4062434) steps=30 mode=0 sched=single-bucket delta_t=0 policy=0
rank=194 loaded data/384/stackoverflow_a2q.sub194.txt (|V_local|=6404  t_range=[14457845,239641471])
rank=194 loaded routing data/384/stackoverflow_a2q.rt194.txt (4373 entries)
rank=194 added 70 boundary-only nodes from routing
rank=205/384 dataset=stackoverflow_a2q walkers=20833 (4270765..4291597) steps=30 mode=0 sched=single-bucket delta_t=0 policy=0
rank=205 loaded data/384/stackoverflow_a2q.sub205.txt (|V_local|=6578  t_range=[36709736,239627901])
rank=205 loaded routing data/384/stackoverflow_a2q.rt205.txt (4151 entries)
rank=205 added 33 boundary-only nodes from routing
rank=196/384 dataset=stackoverflow_a2q walkers=20833 (4083268..4104100) steps=30 mode=0 sched=single-bucket delta_t=0 policy=0
rank=196 loaded data/384/stackoverflow_a2q.sub196.txt (|V_local|=6580  t_range=[28501857,239695626])
rank=196 loaded routing data/384/stackoverflow_a2q.rt196.txt (4246 entries)
rank=196 added 29 boundary-only nodes from routing
rank=216/384 dataset=stackoverflow_a2q walkers=20833 (4499928..4520760) steps=30 mode=0 sched=single-bucket delta_t=0 policy=0
rank=216 loaded data/384/stackoverflow_a2q.sub216.txt (|V_local|=6214  t_range=[25119435,239694307])
rank=216 loaded routing data/384/stackoverflow_a2q.rt216.txt (4328 entries)
rank=216 added 50 boundary-only nodes from routing
rank=214/384 dataset=stackoverflow_a2q walkers=20833 (4458262..4479094) steps=30 mode=0 sched=single-bucket delta_t=0 policy=0
rank=214 loaded data/384/stackoverflow_a2q.sub214.txt (|V_local|=6529  t_range=[23603200,239695848])
rank=214 loaded routing data/384/stackoverflow_a2q.rt214.txt (3737 entries)
rank=214 added 51 boundary-only nodes from routing
rank=218/384 dataset=stackoverflow_a2q walkers=20833 (4541594..4562426) steps=30 mode=0 sched=single-bucket delta_t=0 policy=0
rank=218 loaded data/384/stackoverflow_a2q.sub218.txt (|V_local|=6203  t_range=[20607772,239691878])
rank=218 loaded routing data/384/stackoverflow_a2q.rt218.txt (4306 entries)
rank=218 added 61 boundary-only nodes from routing
rank=197/384 dataset=stackoverflow_a2q walkers=20833 (4104101..4124933) steps=30 mode=0 sched=single-bucket delta_t=0 policy=0
rank=197 loaded data/384/stackoverflow_a2q.sub197.txt (|V_local|=6571  t_range=[13524018,239695984])
rank=197 loaded routing data/384/stackoverflow_a2q.rt197.txt (4313 entries)
rank=197 added 36 boundary-only nodes from routing
rank=219/384 dataset=stackoverflow_a2q walkers=20833 (4562427..4583259) steps=30 mode=0 sched=single-bucket delta_t=0 policy=0
rank=219 loaded data/384/stackoverflow_a2q.sub219.txt (|V_local|=6205  t_range=[32629872,239685633])
rank=219 loaded routing data/384/stackoverflow_a2q.rt219.txt (4127 entries)
rank=219 added 58 boundary-only nodes from routing
rank=233/384 dataset=stackoverflow_a2q walkers=20833 (4854089..4874921) steps=30 mode=0 sched=single-bucket delta_t=0 policy=0
rank=233 loaded data/384/stackoverflow_a2q.sub233.txt (|V_local|=6189  t_range=[19230985,239691319])
rank=233 loaded routing data/384/stackoverflow_a2q.rt233.txt (4388 entries)
rank=233 added 74 boundary-only nodes from routing
rank=239/384 dataset=stackoverflow_a2q walkers=20833 (4979087..4999919) steps=30 mode=0 sched=single-bucket delta_t=0 policy=0
rank=239 loaded data/384/stackoverflow_a2q.sub239.txt (|V_local|=6581  t_range=[15624285,239683628])
rank=239 loaded routing data/384/stackoverflow_a2q.rt239.txt (3700 entries)
rank=239 added 25 boundary-only nodes from routing
rank=188/384 dataset=stackoverflow_a2q walkers=20833 (3916604..3937436) steps=30 mode=0 sched=single-bucket delta_t=0 policy=0
rank=188 loaded data/384/stackoverflow_a2q.sub188.txt (|V_local|=6570  t_range=[8977473,239638645])
rank=188 loaded routing data/384/stackoverflow_a2q.rt188.txt (3791 entries)
rank=188 added 33 boundary-only nodes from routing
rank=148/384 dataset=stackoverflow_a2q walkers=20833 (3083284..3104116) steps=30 mode=0 sched=single-bucket delta_t=0 policy=0
rank=148 loaded data/384/stackoverflow_a2q.sub148.txt (|V_local|=6393  t_range=[4361181,239668982])
rank=148 loaded routing data/384/stackoverflow_a2q.rt148.txt (3775 entries)
rank=148 added 75 boundary-only nodes from routing
rank=159/384 dataset=stackoverflow_a2q walkers=20833 (3312447..3333279) steps=30 mode=0 sched=single-bucket delta_t=0 policy=0
rank=159 loaded data/384/stackoverflow_a2q.sub159.txt (|V_local|=6184  t_range=[4044710,239660409])
rank=159 loaded routing data/384/stackoverflow_a2q.rt159.txt (4314 entries)
rank=159 added 94 boundary-only nodes from routing
rank=187/384 dataset=stackoverflow_a2q walkers=20833 (3895771..3916603) steps=30 mode=0 sched=single-bucket delta_t=0 policy=0
rank=187 loaded data/384/stackoverflow_a2q.sub187.txt (|V_local|=6578  t_range=[4122849,239670939])
rank=187 loaded routing data/384/stackoverflow_a2q.rt187.txt (3273 entries)
rank=187 added 33 boundary-only nodes from routing
rank=156/384 dataset=stackoverflow_a2q walkers=20833 (3249948..3270780) steps=30 mode=0 sched=single-bucket delta_t=0 policy=0
rank=156 loaded data/384/stackoverflow_a2q.sub156.txt (|V_local|=6159  t_range=[3975060,239678132])
rank=156 loaded routing data/384/stackoverflow_a2q.rt156.txt (4308 entries)
rank=156 added 106 boundary-only nodes from routing
rank=186/384 dataset=stackoverflow_a2q walkers=20833 (3874938..3895770) steps=30 mode=0 sched=single-bucket delta_t=0 policy=0
rank=186 loaded data/384/stackoverflow_a2q.sub186.txt (|V_local|=6546  t_range=[4031368,239685883])
rank=186 loaded routing data/384/stackoverflow_a2q.rt186.txt (4138 entries)
rank=186 added 63 boundary-only nodes from routing
rank=190/384 dataset=stackoverflow_a2q walkers=20833 (3958270..3979102) steps=30 mode=0 sched=single-bucket delta_t=0 policy=0
rank=190 loaded data/384/stackoverflow_a2q.sub190.txt (|V_local|=6572  t_range=[4132300,239682268])
rank=190 loaded routing data/384/stackoverflow_a2q.rt190.txt (3892 entries)
rank=190 added 33 boundary-only nodes from routing
rank=170/384 dataset=stackoverflow_a2q walkers=20833 (3541610..3562442) steps=30 mode=0 sched=single-bucket delta_t=0 policy=0
rank=170 loaded data/384/stackoverflow_a2q.sub170.txt (|V_local|=6110  t_range=[426786,239684544])
rank=170 loaded routing data/384/stackoverflow_a2q.rt170.txt (4312 entries)
rank=170 added 150 boundary-only nodes from routing
rank=165/384 dataset=stackoverflow_a2q walkers=20833 (3437445..3458277) steps=30 mode=0 sched=single-bucket delta_t=0 policy=0
rank=165 loaded data/384/stackoverflow_a2q.sub165.txt (|V_local|=6131  t_range=[3330944,239584567])
rank=165 loaded routing data/384/stackoverflow_a2q.rt165.txt (4449 entries)
rank=165 added 129 boundary-only nodes from routing
rank=173/384 dataset=stackoverflow_a2q walkers=20833 (3604109..3624941) steps=30 mode=0 sched=single-bucket delta_t=0 policy=0
rank=173 loaded data/384/stackoverflow_a2q.sub173.txt (|V_local|=6217  t_range=[2035992,239688769])
rank=173 loaded routing data/384/stackoverflow_a2q.rt173.txt (3832 entries)
rank=173 added 48 boundary-only nodes from routing
rank=169/384 dataset=stackoverflow_a2q walkers=20833 (3520777..3541609) steps=30 mode=0 sched=single-bucket delta_t=0 policy=0
rank=169 loaded data/384/stackoverflow_a2q.sub169.txt (|V_local|=6563  t_range=[12026379,239696671])
rank=169 loaded routing data/384/stackoverflow_a2q.rt169.txt (3259 entries)
rank=169 added 42 boundary-only nodes from routing
rank=162/384 dataset=stackoverflow_a2q walkers=20833 (3374946..3395778) steps=30 mode=0 sched=single-bucket delta_t=0 policy=0
rank=162 loaded data/384/stackoverflow_a2q.sub162.txt (|V_local|=6162  t_range=[3948868,239686029])
rank=162 loaded routing data/384/stackoverflow_a2q.rt162.txt (4301 entries)
rank=162 added 98 boundary-only nodes from routing
rank=164/384 dataset=stackoverflow_a2q walkers=20833 (3416612..3437444) steps=30 mode=0 sched=single-bucket delta_t=0 policy=0
rank=164 loaded data/384/stackoverflow_a2q.sub164.txt (|V_local|=6574  t_range=[20259369,239640721])
rank=164 loaded routing data/384/stackoverflow_a2q.rt164.txt (3623 entries)
rank=164 added 32 boundary-only nodes from routing
rank=189/384 dataset=stackoverflow_a2q walkers=20833 (3937437..3958269) steps=30 mode=0 sched=single-bucket delta_t=0 policy=0
rank=189 loaded data/384/stackoverflow_a2q.sub189.txt (|V_local|=6172  t_range=[4055413,239691796])
rank=189 loaded routing data/384/stackoverflow_a2q.rt189.txt (4378 entries)
rank=189 added 96 boundary-only nodes from routing
rank=181/384 dataset=stackoverflow_a2q walkers=20833 (3770773..3791605) steps=30 mode=0 sched=single-bucket delta_t=0 policy=0
rank=181 loaded data/384/stackoverflow_a2q.sub181.txt (|V_local|=6390  t_range=[5396468,239672906])
rank=181 loaded routing data/384/stackoverflow_a2q.rt181.txt (4307 entries)
rank=181 added 87 boundary-only nodes from routing
rank=155/384 dataset=stackoverflow_a2q walkers=20833 (3229115..3249947) steps=30 mode=0 sched=single-bucket delta_t=0 policy=0
rank=155 loaded data/384/stackoverflow_a2q.sub155.txt (|V_local|=6152  t_range=[4122811,239664282])
rank=155 loaded routing data/384/stackoverflow_a2q.rt155.txt (4157 entries)
rank=155 added 106 boundary-only nodes from routing
rank=171/384 dataset=stackoverflow_a2q walkers=20833 (3562443..3583275) steps=30 mode=0 sched=single-bucket delta_t=0 policy=0
rank=171 loaded data/384/stackoverflow_a2q.sub171.txt (|V_local|=6121  t_range=[3639712,239692780])
rank=171 loaded routing data/384/stackoverflow_a2q.rt171.txt (4313 entries)
rank=171 added 133 boundary-only nodes from routing
rank=166/384 dataset=stackoverflow_a2q walkers=20833 (3458278..3479110) steps=30 mode=0 sched=single-bucket delta_t=0 policy=0
rank=166 loaded data/384/stackoverflow_a2q.sub166.txt (|V_local|=6557  t_range=[12024387,239603857])
rank=166 loaded routing data/384/stackoverflow_a2q.rt166.txt (3773 entries)
rank=166 added 53 boundary-only nodes from routing
rank=172/384 dataset=stackoverflow_a2q walkers=20833 (3583276..3604108) steps=30 mode=0 sched=single-bucket delta_t=0 policy=0
rank=172 loaded data/384/stackoverflow_a2q.sub172.txt (|V_local|=6199  t_range=[14255300,239689141])
rank=172 loaded routing data/384/stackoverflow_a2q.rt172.txt (4259 entries)
rank=172 added 72 boundary-only nodes from routing
rank=180/384 dataset=stackoverflow_a2q walkers=20833 (3749940..3770772) steps=30 mode=0 sched=single-bucket delta_t=0 policy=0
rank=180 loaded data/384/stackoverflow_a2q.sub180.txt (|V_local|=6149  t_range=[6356032,239692675])
rank=180 loaded routing data/384/stackoverflow_a2q.rt180.txt (4409 entries)
rank=180 added 115 boundary-only nodes from routing
rank=177/384 dataset=stackoverflow_a2q walkers=20833 (3687441..3708273) steps=30 mode=0 sched=single-bucket delta_t=0 policy=0
rank=177 loaded data/384/stackoverflow_a2q.sub177.txt (|V_local|=6566  t_range=[3989969,239685132])
rank=177 loaded routing data/384/stackoverflow_a2q.rt177.txt (3287 entries)
rank=177 added 41 boundary-only nodes from routing
rank=168/384 dataset=stackoverflow_a2q walkers=20833 (3499944..3520776) steps=30 mode=0 sched=single-bucket delta_t=0 policy=0
rank=168 loaded data/384/stackoverflow_a2q.sub168.txt (|V_local|=6170  t_range=[21113212,239678547])
rank=168 loaded routing data/384/stackoverflow_a2q.rt168.txt (4270 entries)
rank=168 added 97 boundary-only nodes from routing
rank=179/384 dataset=stackoverflow_a2q walkers=20833 (3729107..3749939) steps=30 mode=0 sched=single-bucket delta_t=0 policy=0
rank=179 loaded data/384/stackoverflow_a2q.sub179.txt (|V_local|=6202  t_range=[1700891,239682350])
rank=179 loaded routing data/384/stackoverflow_a2q.rt179.txt (4152 entries)
rank=179 added 63 boundary-only nodes from routing
rank=356/384 dataset=stackoverflow_a2q walkers=20833 (7416548..7437380) steps=30 mode=0 sched=single-bucket delta_t=0 policy=0
rank=356 loaded data/384/stackoverflow_a2q.sub356.txt (|V_local|=6162  t_range=[2996462,239678502])
rank=356 loaded routing data/384/stackoverflow_a2q.rt356.txt (4295 entries)
rank=356 added 97 boundary-only nodes from routing
rank=372/384 dataset=stackoverflow_a2q walkers=20833 (7749876..7770708) steps=30 mode=0 sched=single-bucket delta_t=0 policy=0
rank=372 loaded data/384/stackoverflow_a2q.sub372.txt (|V_local|=6250  t_range=[5914788,239691913])
rank=372 loaded routing data/384/stackoverflow_a2q.rt372.txt (2356 entries)
rank=372 added 22 boundary-only nodes from routing
rank=348/384 dataset=stackoverflow_a2q walkers=20833 (7249884..7270716) steps=30 mode=0 sched=single-bucket delta_t=0 policy=0
rank=348 loaded data/384/stackoverflow_a2q.sub348.txt (|V_local|=6146  t_range=[23881533,239685001])
rank=348 loaded routing data/384/stackoverflow_a2q.rt348.txt (4479 entries)
rank=348 added 120 boundary-only nodes from routing
rank=357/384 dataset=stackoverflow_a2q walkers=20833 (7437381..7458213) steps=30 mode=0 sched=single-bucket delta_t=0 policy=0
rank=357 loaded data/384/stackoverflow_a2q.sub357.txt (|V_local|=6179  t_range=[11970346,239665444])
rank=357 loaded routing data/384/stackoverflow_a2q.rt357.txt (4434 entries)
rank=357 added 83 boundary-only nodes from routing
rank=373/384 dataset=stackoverflow_a2q walkers=20833 (7770709..7791541) steps=30 mode=0 sched=single-bucket delta_t=0 policy=0
rank=373 loaded data/384/stackoverflow_a2q.sub373.txt (|V_local|=6199  t_range=[2900682,239694000])
rank=373 loaded routing data/384/stackoverflow_a2q.rt373.txt (3573 entries)
rank=373 added 64 boundary-only nodes from routing
rank=345/384 dataset=stackoverflow_a2q walkers=20833 (7187385..7208217) steps=30 mode=0 sched=single-bucket delta_t=0 policy=0
rank=345 loaded data/384/stackoverflow_a2q.sub345.txt (|V_local|=6110  t_range=[2146885,239696492])
rank=345 loaded routing data/384/stackoverflow_a2q.rt345.txt (4456 entries)
rank=345 added 158 boundary-only nodes from routing
rank=378/384 dataset=stackoverflow_a2q walkers=20833 (7874874..7895706) steps=30 mode=0 sched=single-bucket delta_t=0 policy=0
rank=378 loaded data/384/stackoverflow_a2q.sub378.txt (|V_local|=6380  t_range=[4731496,239640559])
rank=378 loaded routing data/384/stackoverflow_a2q.rt378.txt (28 entries)
rank=382/384 dataset=stackoverflow_a2q walkers=20833 (7958206..7979038) steps=30 mode=0 sched=single-bucket delta_t=0 policy=0
rank=382 loaded data/384/stackoverflow_a2q.sub382.txt (|V_local|=6243  t_range=[24186836,239696328])
rank=382 loaded routing data/384/stackoverflow_a2q.rt382.txt (36 entries)
rank=361/384 dataset=stackoverflow_a2q walkers=20833 (7520713..7541545) steps=30 mode=0 sched=single-bucket delta_t=0 policy=0
rank=361 loaded data/384/stackoverflow_a2q.sub361.txt (|V_local|=6184  t_range=[22398053,239680384])
rank=361 loaded routing data/384/stackoverflow_a2q.rt361.txt (4434 entries)
rank=361 added 84 boundary-only nodes from routing
rank=350/384 dataset=stackoverflow_a2q walkers=20833 (7291550..7312382) steps=30 mode=0 sched=single-bucket delta_t=0 policy=0
rank=350 loaded data/384/stackoverflow_a2q.sub350.txt (|V_local|=6581  t_range=[35981924,239682831])
rank=350 loaded routing data/384/stackoverflow_a2q.rt350.txt (4328 entries)
rank=350 added 29 boundary-only nodes from routing
rank=369/384 dataset=stackoverflow_a2q walkers=20833 (7687377..7708209) steps=30 mode=0 sched=single-bucket delta_t=0 policy=0
rank=369 loaded data/384/stackoverflow_a2q.sub369.txt (|V_local|=6202  t_range=[10051508,239691342])
rank=369 loaded routing data/384/stackoverflow_a2q.rt369.txt (3400 entries)
rank=369 added 65 boundary-only nodes from routing
rank=355/384 dataset=stackoverflow_a2q walkers=20833 (7395715..7416547) steps=30 mode=0 sched=single-bucket delta_t=0 policy=0
rank=355 loaded data/384/stackoverflow_a2q.sub355.txt (|V_local|=6130  t_range=[6359707,239695372])
rank=355 loaded routing data/384/stackoverflow_a2q.rt355.txt (4567 entries)
rank=355 added 135 boundary-only nodes from routing
rank=351/384 dataset=stackoverflow_a2q walkers=20833 (7312383..7333215) steps=30 mode=0 sched=single-bucket delta_t=0 policy=0
rank=351 loaded data/384/stackoverflow_a2q.sub351.txt (|V_local|=6574  t_range=[26541795,239680974])
rank=351 loaded routing data/384/stackoverflow_a2q.rt351.txt (4314 entries)
rank=351 added 36 boundary-only nodes from routing
rank=363/384 dataset=stackoverflow_a2q walkers=20833 (7562379..7583211) steps=30 mode=0 sched=single-bucket delta_t=0 policy=0
rank=363 loaded data/384/stackoverflow_a2q.sub363.txt (|V_local|=6139  t_range=[8310248,239683824])
rank=363 loaded routing data/384/stackoverflow_a2q.rt363.txt (4463 entries)
rank=363 added 131 boundary-only nodes from routing
rank=367/384 dataset=stackoverflow_a2q walkers=20833 (7645711..7666543) steps=30 mode=0 sched=single-bucket delta_t=0 policy=0
rank=367 loaded data/384/stackoverflow_a2q.sub367.txt (|V_local|=6168  t_range=[3610858,239670502])
rank=367 loaded routing data/384/stackoverflow_a2q.rt367.txt (4356 entries)
rank=367 added 95 boundary-only nodes from routing
rank=360/384 dataset=stackoverflow_a2q walkers=20833 (7499880..7520712) steps=30 mode=0 sched=single-bucket delta_t=0 policy=0
rank=360 loaded data/384/stackoverflow_a2q.sub360.txt (|V_local|=6144  t_range=[4213619,239698712])
rank=360 loaded routing data/384/stackoverflow_a2q.rt360.txt (4315 entries)
rank=360 added 120 boundary-only nodes from routing
rank=349/384 dataset=stackoverflow_a2q walkers=20833 (7270717..7291549) steps=30 mode=0 sched=single-bucket delta_t=0 policy=0
rank=349 loaded data/384/stackoverflow_a2q.sub349.txt (|V_local|=6571  t_range=[12592638,239674945])
rank=349 loaded routing data/384/stackoverflow_a2q.rt349.txt (3881 entries)
rank=349 added 39 boundary-only nodes from routing
rank=377/384 dataset=stackoverflow_a2q walkers=20833 (7854041..7874873) steps=30 mode=0 sched=single-bucket delta_t=0 policy=0
rank=377 loaded data/384/stackoverflow_a2q.sub377.txt (|V_local|=6260  t_range=[19333332,239692240])
rank=377 loaded routing data/384/stackoverflow_a2q.rt377.txt (239 entries)
rank=377 added 3 boundary-only nodes from routing
rank=353/384 dataset=stackoverflow_a2q walkers=20833 (7354049..7374881) steps=30 mode=0 sched=single-bucket delta_t=0 policy=0
rank=353 loaded data/384/stackoverflow_a2q.sub353.txt (|V_local|=6583  t_range=[20001656,239696010])
rank=353 loaded routing data/384/stackoverflow_a2q.rt353.txt (3966 entries)
rank=353 added 25 boundary-only nodes from routing
rank=346/384 dataset=stackoverflow_a2q walkers=20833 (7208218..7229050) steps=30 mode=0 sched=single-bucket delta_t=0 policy=0
rank=346 loaded data/384/stackoverflow_a2q.sub346.txt (|V_local|=6531  t_range=[12751733,239585260])
rank=346 loaded routing data/384/stackoverflow_a2q.rt346.txt (4506 entries)
rank=346 added 78 boundary-only nodes from routing
rank=129/384 dataset=stackoverflow_a2q walkers=20833 (2687457..2708289) steps=30 mode=0 sched=single-bucket delta_t=0 policy=0
rank=129 loaded data/384/stackoverflow_a2q.sub129.txt (|V_local|=6178  t_range=[6037102,239673996])
rank=129 loaded routing data/384/stackoverflow_a2q.rt129.txt (3853 entries)
rank=129 added 90 boundary-only nodes from routing
rank=112/384 dataset=stackoverflow_a2q walkers=20833 (2333296..2354128) steps=30 mode=0 sched=single-bucket delta_t=0 policy=0
rank=112 loaded data/384/stackoverflow_a2q.sub112.txt (|V_local|=6148  t_range=[2174466,239684250])
rank=112 loaded routing data/384/stackoverflow_a2q.rt112.txt (3911 entries)
rank=112 added 119 boundary-only nodes from routing
rank=71 added 60 boundary-only nodes from routing
rank=13 loaded routing data/384/stackoverflow_a2q.rt13.txt (2006 entries)
rank=13 added 31 boundary-only nodes from routing
rank=44/384 dataset=stackoverflow_a2q walkers=20833 (916652..937484) steps=30 mode=0 sched=single-bucket delta_t=0 policy=0
rank=44 loaded data/384/stackoverflow_a2q.sub44.txt (|V_local|=6509  t_range=[4273499,239690778])
rank=44 loaded routing data/384/stackoverflow_a2q.rt44.txt (3382 entries)
rank=44 added 102 boundary-only nodes from routing
rank=286/384 dataset=stackoverflow_a2q walkers=20833 (5958238..5979070) steps=30 mode=0 sched=single-bucket delta_t=0 policy=0
rank=286 loaded data/384/stackoverflow_a2q.sub286.txt (|V_local|=6567  t_range=[4059455,239667197])
rank=286 loaded routing data/384/stackoverflow_a2q.rt286.txt (3472 entries)
rank=286 added 44 boundary-only nodes from routing
rank=265/384 dataset=stackoverflow_a2q walkers=20833 (5520745..5541577) steps=30 mode=0 sched=single-bucket delta_t=0 policy=0
rank=265 loaded data/384/stackoverflow_a2q.sub265.txt (|V_local|=6145  t_range=[2079063,239668082])
rank=265 loaded routing data/384/stackoverflow_a2q.rt265.txt (3731 entries)
rank=265 added 121 boundary-only nodes from routing
rank=281/384 dataset=stackoverflow_a2q walkers=20833 (5854073..5874905) steps=30 mode=0 sched=single-bucket delta_t=0 policy=0
rank=281 loaded data/384/stackoverflow_a2q.sub281.txt (|V_local|=6546  t_range=[7091315,239692107])
rank=281 loaded routing data/384/stackoverflow_a2q.rt281.txt (4199 entries)
rank=281 added 63 boundary-only nodes from routing
rank=320/384 dataset=stackoverflow_a2q walkers=20833 (6666560..6687392) steps=30 mode=0 sched=single-bucket delta_t=0 policy=0
rank=320 loaded data/384/stackoverflow_a2q.sub320.txt (|V_local|=6164  t_range=[22953474,239671407])
rank=320 loaded routing data/384/stackoverflow_a2q.rt320.txt (4283 entries)
rank=320 added 101 boundary-only nodes from routing
rank=324/384 dataset=stackoverflow_a2q walkers=20833 (6749892..6770724) steps=30 mode=0 sched=single-bucket delta_t=0 policy=0
rank=324 loaded data/384/stackoverflow_a2q.sub324.txt (|V_local|=6158  t_range=[3638494,239691783])
rank=324 loaded routing data/384/stackoverflow_a2q.rt324.txt (4421 entries)
rank=324 added 107 boundary-only nodes from routing
rank=315/384 dataset=stackoverflow_a2q walkers=20833 (6562395..6583227) steps=30 mode=0 sched=single-bucket delta_t=0 policy=0
rank=315 loaded data/384/stackoverflow_a2q.sub315.txt (|V_local|=6080  t_range=[2915182,239661852])
rank=315 loaded routing data/384/stackoverflow_a2q.rt315.txt (4541 entries)
rank=315 added 177 boundary-only nodes from routing
rank=319/384 dataset=stackoverflow_a2q walkers=20833 (6645727..6666559) steps=30 mode=0 sched=single-bucket delta_t=0 policy=0
rank=319 loaded data/384/stackoverflow_a2q.sub319.txt (|V_local|=6559  t_range=[32348770,239638845])
rank=319 loaded routing data/384/stackoverflow_a2q.rt319.txt (4103 entries)
rank=319 added 48 boundary-only nodes from routing
rank=325/384 dataset=stackoverflow_a2q walkers=20833 (6770725..6791557) steps=30 mode=0 sched=single-bucket delta_t=0 policy=0
rank=325 loaded data/384/stackoverflow_a2q.sub325.txt (|V_local|=6149  t_range=[3967530,239697927])
rank=325 loaded routing data/384/stackoverflow_a2q.rt325.txt (4255 entries)
rank=325 added 98 boundary-only nodes from routing
rank=297/384 dataset=stackoverflow_a2q walkers=20833 (6187401..6208233) steps=30 mode=0 sched=single-bucket delta_t=0 policy=0
rank=297 loaded data/384/stackoverflow_a2q.sub297.txt (|V_local|=6550  t_range=[15802348,239694756])
rank=297 loaded routing data/384/stackoverflow_a2q.rt297.txt (4240 entries)
rank=297 added 59 boundary-only nodes from routing
rank=333/384 dataset=stackoverflow_a2q walkers=20833 (6937389..6958221) steps=30 mode=0 sched=single-bucket delta_t=0 policy=0
rank=333 loaded data/384/stackoverflow_a2q.sub333.txt (|V_local|=6157  t_range=[5261032,239664074])
rank=333 loaded routing data/384/stackoverflow_a2q.rt333.txt (4368 entries)
rank=333 added 90 boundary-only nodes from routing
rank=328/384 dataset=stackoverflow_a2q walkers=20833 (6833224..6854056) steps=30 mode=0 sched=single-bucket delta_t=0 policy=0
rank=328 loaded data/384/stackoverflow_a2q.sub328.txt (|V_local|=6576  t_range=[34469486,239693836])
rank=328 loaded routing data/384/stackoverflow_a2q.rt328.txt (4025 entries)
rank=328 added 34 boundary-only nodes from routing
rank=329/384 dataset=stackoverflow_a2q walkers=20833 (6854057..6874889) steps=30 mode=0 sched=single-bucket delta_t=0 policy=0
rank=329 loaded data/384/stackoverflow_a2q.sub329.txt (|V_local|=6569  t_range=[41056487,239696683])
rank=329 loaded routing data/384/stackoverflow_a2q.rt329.txt (4198 entries)
rank=329 added 41 boundary-only nodes from routing
rank=323/384 dataset=stackoverflow_a2q walkers=20833 (6729059..6749891) steps=30 mode=0 sched=single-bucket delta_t=0 policy=0
rank=323 loaded data/384/stackoverflow_a2q.sub323.txt (|V_local|=6564  t_range=[8873262,239684348])
rank=323 loaded routing data/384/stackoverflow_a2q.rt323.txt (3963 entries)
rank=323 added 42 boundary-only nodes from routing
rank=331/384 dataset=stackoverflow_a2q walkers=20833 (6895723..6916555) steps=30 mode=0 sched=single-bucket delta_t=0 policy=0
rank=331 loaded data/384/stackoverflow_a2q.sub331.txt (|V_local|=6595  t_range=[30135788,239695032])
rank=331 loaded routing data/384/stackoverflow_a2q.rt331.txt (4179 entries)
rank=331 added 15 boundary-only nodes from routing
rank=311/384 dataset=stackoverflow_a2q walkers=20833 (6479063..6499895) steps=30 mode=0 sched=single-bucket delta_t=0 policy=0
rank=311 loaded data/384/stackoverflow_a2q.sub311.txt (|V_local|=6557  t_range=[8538894,239679783])
rank=311 loaded routing data/384/stackoverflow_a2q.rt311.txt (3498 entries)
rank=311 added 53 boundary-only nodes from routing
rank=316/384 dataset=stackoverflow_a2q walkers=20833 (6583228..6604060) steps=30 mode=0 sched=single-bucket delta_t=0 policy=0
rank=316 loaded data/384/stackoverflow_a2q.sub316.txt (|V_local|=6553  t_range=[7633113,239660080])
rank=316 loaded routing data/384/stackoverflow_a2q.rt316.txt (3320 entries)
rank=316 added 54 boundary-only nodes from routing
rank=317/384 dataset=stackoverflow_a2q walkers=20833 (6604061..6624893) steps=30 mode=0 sched=single-bucket delta_t=0 policy=0
rank=317 loaded data/384/stackoverflow_a2q.sub317.txt (|V_local|=6573  t_range=[18440054,239675161])
rank=317 loaded routing data/384/stackoverflow_a2q.rt317.txt (3487 entries)
rank=317 added 38 boundary-only nodes from routing
rank=327/384 dataset=stackoverflow_a2q walkers=20833 (6812391..6833223) steps=30 mode=0 sched=single-bucket delta_t=0 policy=0
rank=327 loaded data/384/stackoverflow_a2q.sub327.txt (|V_local|=6558  t_range=[43401833,239690037])
rank=327 loaded routing data/384/stackoverflow_a2q.rt327.txt (4273 entries)
rank=327 added 53 boundary-only nodes from routing
rank=330/384 dataset=stackoverflow_a2q walkers=20833 (6874890..6895722) steps=30 mode=0 sched=single-bucket delta_t=0 policy=0
rank=330 loaded data/384/stackoverflow_a2q.sub330.txt (|V_local|=6581  t_range=[44983155,239679312])
rank=330 loaded routing data/384/stackoverflow_a2q.rt330.txt (4221 entries)
rank=330 added 27 boundary-only nodes from routing
rank=334/384 dataset=stackoverflow_a2q walkers=20833 (6958222..6979054) steps=30 mode=0 sched=single-bucket delta_t=0 policy=0
rank=334 loaded data/384/stackoverflow_a2q.sub334.txt (|V_local|=6208  t_range=[33573525,239678282])
rank=334 loaded routing data/384/stackoverflow_a2q.rt334.txt (4025 entries)
rank=334 added 59 boundary-only nodes from routing
rank=332/384 dataset=stackoverflow_a2q walkers=20833 (6916556..6937388) steps=30 mode=0 sched=single-bucket delta_t=0 policy=0
rank=332 loaded data/384/stackoverflow_a2q.sub332.txt (|V_local|=6585  t_range=[41694900,239696973])
rank=332 loaded routing data/384/stackoverflow_a2q.rt332.txt (4005 entries)
rank=332 added 24 boundary-only nodes from routing
rank=288/384 dataset=stackoverflow_a2q walkers=20833 (5999904..6020736) steps=30 mode=0 sched=single-bucket delta_t=0 policy=0
rank=288 loaded data/384/stackoverflow_a2q.sub288.txt (|V_local|=6155  t_range=[27636380,239659875])
rank=288 loaded routing data/384/stackoverflow_a2q.rt288.txt (4232 entries)
rank=288 added 114 boundary-only nodes from routing
rank=314/384 dataset=stackoverflow_a2q walkers=20833 (6541562..6562394) steps=30 mode=0 sched=single-bucket delta_t=0 policy=0
rank=314 loaded data/384/stackoverflow_a2q.sub314.txt (|V_local|=6111  t_range=[13809235,239660523])
rank=314 loaded routing data/384/stackoverflow_a2q.rt314.txt (4083 entries)
rank=314 added 149 boundary-only nodes from routing
rank=234/384 dataset=stackoverflow_a2q walkers=20833 (4874922..4895754) steps=30 mode=0 sched=single-bucket delta_t=0 policy=0
rank=234 loaded data/384/stackoverflow_a2q.sub234.txt (|V_local|=6200  t_range=[14652221,239685998])
rank=234 loaded routing data/384/stackoverflow_a2q.rt234.txt (4201 entries)
rank=234 added 62 boundary-only nodes from routing
rank=225/384 dataset=stackoverflow_a2q walkers=20833 (4687425..4708257) steps=30 mode=0 sched=single-bucket delta_t=0 policy=0
rank=225 loaded data/384/stackoverflow_a2q.sub225.txt (|V_local|=6223  t_range=[19301828,239682474])
rank=225 loaded routing data/384/stackoverflow_a2q.rt225.txt (4296 entries)
rank=225 added 42 boundary-only nodes from routing
rank=238/384 dataset=stackoverflow_a2q walkers=20833 (4958254..4979086) steps=30 mode=0 sched=single-bucket delta_t=0 policy=0
rank=238 loaded data/384/stackoverflow_a2q.sub238.txt (|V_local|=6188  t_range=[4062104,239693009])
rank=238 loaded routing data/384/stackoverflow_a2q.rt238.txt (4057 entries)
rank=238 added 72 boundary-only nodes from routing
rank=232/384 dataset=stackoverflow_a2q walkers=20833 (4833256..4854088) steps=30 mode=0 sched=single-bucket delta_t=0 policy=0
rank=232 loaded data/384/stackoverflow_a2q.sub232.txt (|V_local|=6552  t_range=[3942206,239695858])
rank=232 loaded routing data/384/stackoverflow_a2q.rt232.txt (3972 entries)
rank=232 added 47 boundary-only nodes from routing
rank=222/384 dataset=stackoverflow_a2q walkers=20833 (4624926..4645758) steps=30 mode=0 sched=single-bucket delta_t=0 policy=0
rank=222 loaded data/384/stackoverflow_a2q.sub222.txt (|V_local|=6574  t_range=[27820704,239695688])
rank=222 loaded routing data/384/stackoverflow_a2q.rt222.txt (4195 entries)
rank=222 added 28 boundary-only nodes from routing
rank=237/384 dataset=stackoverflow_a2q walkers=20833 (4937421..4958253) steps=30 mode=0 sched=single-bucket delta_t=0 policy=0
rank=237 loaded data/384/stackoverflow_a2q.sub237.txt (|V_local|=6111  t_range=[23563519,239696778])
rank=237 loaded routing data/384/stackoverflow_a2q.rt237.txt (4129 entries)
rank=237 added 146 boundary-only nodes from routing
rank=228/384 dataset=stackoverflow_a2q walkers=20833 (4749924..4770756) steps=30 mode=0 sched=single-bucket delta_t=0 policy=0
rank=228 loaded data/384/stackoverflow_a2q.sub228.txt (|V_local|=6147  t_range=[4058611,239693569])
rank=228 loaded routing data/384/stackoverflow_a2q.rt228.txt (4505 entries)
rank=228 added 116 boundary-only nodes from routing
rank=224/384 dataset=stackoverflow_a2q walkers=20833 (4666592..4687424) steps=30 mode=0 sched=single-bucket delta_t=0 policy=0
rank=224 loaded data/384/stackoverflow_a2q.sub224.txt (|V_local|=6583  t_range=[64078939,239688718])
rank=224 loaded routing data/384/stackoverflow_a2q.rt224.txt (4081 entries)
rank=224 added 22 boundary-only nodes from routing
rank=193/384 dataset=stackoverflow_a2q walkers=20833 (4020769..4041601) steps=30 mode=0 sched=single-bucket delta_t=0 policy=0
rank=193 loaded data/384/stackoverflow_a2q.sub193.txt (|V_local|=6579  t_range=[23734318,239692587])
rank=193 loaded routing data/384/stackoverflow_a2q.rt193.txt (3923 entries)
rank=193 added 31 boundary-only nodes from routing
rank=226/384 dataset=stackoverflow_a2q walkers=20833 (4708258..4729090) steps=30 mode=0 sched=single-bucket delta_t=0 policy=0
rank=226 loaded data/384/stackoverflow_a2q.sub226.txt (|V_local|=6577  t_range=[30793898,239671711])
rank=226 loaded routing data/384/stackoverflow_a2q.rt226.txt (3878 entries)
rank=226 added 29 boundary-only nodes from routing
rank=221/384 dataset=stackoverflow_a2q walkers=20833 (4604093..4624925) steps=30 mode=0 sched=single-bucket delta_t=0 policy=0
rank=221 loaded data/384/stackoverflow_a2q.sub221.txt (|V_local|=6517  t_range=[13206696,239668069])
rank=221 loaded routing data/384/stackoverflow_a2q.rt221.txt (4446 entries)
rank=221 added 88 boundary-only nodes from routing
rank=230/384 dataset=stackoverflow_a2q walkers=20833 (4791590..4812422) steps=30 mode=0 sched=single-bucket delta_t=0 policy=0
rank=230 loaded data/384/stackoverflow_a2q.sub230.txt (|V_local|=6561  t_range=[7846676,239697697])
rank=230 loaded routing data/384/stackoverflow_a2q.rt230.txt (3984 entries)
rank=230 added 50 boundary-only nodes from routing
rank=78/384 dataset=stackoverflow_a2q walkers=20833 (1624974..1645806) steps=30 mode=0 sched=single-bucket delta_t=0 policy=0
rank=78 loaded data/384/stackoverflow_a2q.sub78.txt (|V_local|=6108  t_range=[4051376,239681202])
rank=78 loaded routing data/384/stackoverflow_a2q.rt78.txt (4510 entries)
rank=78 added 153 boundary-only nodes from routing
