=== scaling: nodes=16 proc=768 dataset=stackoverflow_a2q strong(total=8000000) nwalk/rank=10416 emb=0 mode=fused ===
rank=313/768 dataset=stackoverflow_a2q walkers=10416 (3260208..3270623) steps=30 mode=0 sched=single-bucket delta_t=0 policy=0
rank=313 loaded data/768/stackoverflow_a2q.sub313.txt (|V_local|=3259  t_range=[32854288,239680414])
rank=313 loaded routing data/768/stackoverflow_a2q.rt313.txt (1679 entries)
rank=313 added 1 boundary-only nodes from routing
rank=306/768 dataset=stackoverflow_a2q walkers=10416 (3187296..3197711) steps=30 mode=0 sched=single-bucket delta_t=0 policy=0
rank=306 loaded data/768/stackoverflow_a2q.sub306.txt (|V_local|=3138  t_range=[4644633,239656162])
rank=306 loaded routing data/768/stackoverflow_a2q.rt306.txt (2119 entries)
rank=306 added 13 boundary-only nodes from routing
rank=290/768 dataset=stackoverflow_a2q walkers=10416 (3020640..3031055) steps=30 mode=0 sched=single-bucket delta_t=0 policy=0
rank=290 loaded data/768/stackoverflow_a2q.sub290.txt (|V_local|=3149  t_range=[3929625,239682052])
rank=290 loaded routing data/768/stackoverflow_a2q.rt290.txt (2125 entries)
rank=290 added 3 boundary-only nodes from routing
rank=316/768 dataset=stackoverflow_a2q walkers=10416 (3291456..3301871) steps=30 mode=0 sched=single-bucket delta_t=0 policy=0
rank=316 loaded data/768/stackoverflow_a2q.sub316.txt (|V_local|=3305  t_range=[4486519,239662429])
rank=316 loaded routing data/768/stackoverflow_a2q.rt316.txt (1304 entries)
rank=300/768 dataset=stackoverflow_a2q walkers=10416 (3124800..3135215) steps=30 mode=0 sched=single-bucket delta_t=0 policy=0
rank=300 loaded data/768/stackoverflow_a2q.sub300.txt (|V_local|=3149  t_range=[4198566,239635520])
rank=300 loaded routing data/768/stackoverflow_a2q.rt300.txt (2118 entries)
rank=300 added 9 boundary-only nodes from routing
rank=319/768 dataset=stackoverflow_a2q walkers=10416 (3322704..3333119) steps=30 mode=0 sched=single-bucket delta_t=0 policy=0
rank=319 loaded data/768/stackoverflow_a2q.sub319.txt (|V_local|=3303  t_range=[3989969,239685132])
rank=319 loaded routing data/768/stackoverflow_a2q.rt319.txt (1370 entries)
rank=319 added 1 boundary-only nodes from routing
rank=318/768 dataset=stackoverflow_a2q walkers=10416 (3312288..3322703) steps=30 mode=0 sched=single-bucket delta_t=0 policy=0
rank=318 loaded data/768/stackoverflow_a2q.sub318.txt (|V_local|=3148  t_range=[4031368,239669435])
rank=318 loaded routing data/768/stackoverflow_a2q.rt318.txt (1919 entries)
rank=318 added 7 boundary-only nodes from routing
rank=310/768 dataset=stackoverflow_a2q walkers=10416 (3228960..3239375) steps=30 mode=0 sched=single-bucket delta_t=0 policy=0
rank=310 loaded data/768/stackoverflow_a2q.sub310.txt (|V_local|=3145  t_range=[16074839,239678502])
rank=310 loaded routing data/768/stackoverflow_a2q.rt310.txt (2145 entries)
rank=310 added 9 boundary-only nodes from routing
rank=298/768 dataset=stackoverflow_a2q walkers=10416 (3103968..3114383) steps=30 mode=0 sched=single-bucket delta_t=0 policy=0
rank=298 loaded data/768/stackoverflow_a2q.sub298.txt (|V_local|=3146  t_range=[21302589,239678177])
rank=298 loaded routing data/768/stackoverflow_a2q.rt298.txt (2102 entries)
rank=298 added 2 boundary-only nodes from routing
rank=293/768 dataset=stackoverflow_a2q walkers=10416 (3051888..3062303) steps=30 mode=0 sched=single-bucket delta_t=0 policy=0
rank=293 loaded data/768/stackoverflow_a2q.sub293.txt (|V_local|=3160  t_range=[28298563,239696958])
rank=293 loaded routing data/768/stackoverflow_a2q.rt293.txt (2175 entries)
rank=293 added 1 boundary-only nodes from routing
rank=299/768 dataset=stackoverflow_a2q walkers=10416 (3114384..3124799) steps=30 mode=0 sched=single-bucket delta_t=0 policy=0
rank=299 loaded data/768/stackoverflow_a2q.sub299.txt (|V_local|=3145  t_range=[17984853,239655032])
rank=299 loaded routing data/768/stackoverflow_a2q.rt299.txt (2153 entries)
rank=299 added 7 boundary-only nodes from routing
rank=326/768 dataset=stackoverflow_a2q walkers=10416 (3395616..3406031) steps=30 mode=0 sched=single-bucket delta_t=0 policy=0
rank=326 loaded data/768/stackoverflow_a2q.sub326.txt (|V_local|=3144  t_range=[4127776,239681925])
rank=326 loaded routing data/768/stackoverflow_a2q.rt326.txt (2126 entries)
rank=326 added 14 boundary-only nodes from routing
rank=308/768 dataset=stackoverflow_a2q walkers=10416 (3208128..3218543) steps=30 mode=0 sched=single-bucket delta_t=0 policy=0
rank=308 loaded data/768/stackoverflow_a2q.sub308.txt (|V_local|=3146  t_range=[10601591,239677176])
rank=308 loaded routing data/768/stackoverflow_a2q.rt308.txt (1851 entries)
rank=308 added 5 boundary-only nodes from routing
rank=302/768 dataset=stackoverflow_a2q walkers=10416 (3145632..3156047) steps=30 mode=0 sched=single-bucket delta_t=0 policy=0
rank=302 loaded data/768/stackoverflow_a2q.sub302.txt (|V_local|=3144  t_range=[5235453,239659596])
rank=302 loaded routing data/768/stackoverflow_a2q.rt302.txt (2039 entries)
rank=302 added 12 boundary-only nodes from routing
rank=314/768 dataset=stackoverflow_a2q walkers=10416 (3270624..3281039) steps=30 mode=0 sched=single-bucket delta_t=0 policy=0
rank=314 loaded data/768/stackoverflow_a2q.sub314.txt (|V_local|=3303  t_range=[7152653,239678822])
rank=314 loaded routing data/768/stackoverflow_a2q.rt314.txt (1274 entries)
rank=314 added 1 boundary-only nodes from routing
rank=291/768 dataset=stackoverflow_a2q walkers=10416 (3031056..3041471) steps=30 mode=0 sched=single-bucket delta_t=0 policy=0
rank=291 loaded data/768/stackoverflow_a2q.sub291.txt (|V_local|=3145  t_range=[2556670,239693013])
rank=291 loaded routing data/768/stackoverflow_a2q.rt291.txt (2202 entries)
rank=291 added 7 boundary-only nodes from routing
rank=292/768 dataset=stackoverflow_a2q walkers=10416 (3041472..3051887) steps=30 mode=0 sched=single-bucket delta_t=0 policy=0
rank=292 loaded data/768/stackoverflow_a2q.sub292.txt (|V_local|=3152  t_range=[2847764,239537558])
rank=292 loaded routing data/768/stackoverflow_a2q.rt292.txt (2039 entries)
rank=292 added 5 boundary-only nodes from routing
rank=296/768 dataset=stackoverflow_a2q walkers=10416 (3083136..3093551) steps=30 mode=0 sched=single-bucket delta_t=0 policy=0
rank=296 loaded data/768/stackoverflow_a2q.sub296.txt (|V_local|=3302  t_range=[9054125,239579829])
rank=296 loaded routing data/768/stackoverflow_a2q.rt296.txt (1838 entries)
rank=296 added 3 boundary-only nodes from routing
rank=294/768 dataset=stackoverflow_a2q walkers=10416 (3062304..3072719) steps=30 mode=0 sched=single-bucket delta_t=0 policy=0
rank=294 loaded data/768/stackoverflow_a2q.sub294.txt (|V_local|=3155  t_range=[14180544,239513122])
rank=294 loaded routing data/768/stackoverflow_a2q.rt294.txt (2035 entries)
rank=294 added 2 boundary-only nodes from routing
rank=297/768 dataset=stackoverflow_a2q walkers=10416 (3093552..3103967) steps=30 mode=0 sched=single-bucket delta_t=0 policy=0
rank=297 loaded data/768/stackoverflow_a2q.sub297.txt (|V_local|=3151  t_range=[16173399,239582345])
rank=297 loaded routing data/768/stackoverflow_a2q.rt297.txt (2175 entries)
rank=297 added 7 boundary-only nodes from routing
rank=334/768 dataset=stackoverflow_a2q walkers=10416 (3478944..3489359) steps=30 mode=0 sched=single-bucket delta_t=0 policy=0
rank=334 loaded data/768/stackoverflow_a2q.sub334.txt (|V_local|=3302  t_range=[358288,239669271])
rank=334 loaded routing data/768/stackoverflow_a2q.rt334.txt (1360 entries)
rank=334 added 3 boundary-only nodes from routing
rank=332/768 dataset=stackoverflow_a2q walkers=10416 (3458112..3468527) steps=30 mode=0 sched=single-bucket delta_t=0 policy=0
rank=332 loaded data/768/stackoverflow_a2q.sub332.txt (|V_local|=3154  t_range=[4045601,239663446])
rank=332 loaded routing data/768/stackoverflow_a2q.rt332.txt (2052 entries)
rank=332 added 6 boundary-only nodes from routing
rank=311/768 dataset=stackoverflow_a2q walkers=10416 (3239376..3249791) steps=30 mode=0 sched=single-bucket delta_t=0 policy=0
rank=311 loaded data/768/stackoverflow_a2q.sub311.txt (|V_local|=3144  t_range=[4042540,239685734])
rank=311 loaded routing data/768/stackoverflow_a2q.rt311.txt (2143 entries)
rank=311 added 7 boundary-only nodes from routing
rank=621/768 dataset=stackoverflow_a2q walkers=10416 (6468336..6478751) steps=30 mode=0 sched=single-bucket delta_t=0 policy=0
rank=621 loaded data/768/stackoverflow_a2q.sub621.txt (|V_local|=3157  t_range=[27989944,239671407])
rank=621 loaded routing data/768/stackoverflow_a2q.rt621.txt (2153 entries)
rank=621 added 4 boundary-only nodes from routing
rank=601/768 dataset=stackoverflow_a2q walkers=10416 (6260016..6270431) steps=30 mode=0 sched=single-bucket delta_t=0 policy=0
rank=601 loaded data/768/stackoverflow_a2q.sub601.txt (|V_local|=3296  t_range=[9046657,239663616])
rank=601 loaded routing data/768/stackoverflow_a2q.rt601.txt (2188 entries)
rank=601 added 3 boundary-only nodes from routing
rank=585/768 dataset=stackoverflow_a2q walkers=10416 (6093360..6103775) steps=30 mode=0 sched=single-bucket delta_t=0 policy=0
rank=585 loaded data/768/stackoverflow_a2q.sub585.txt (|V_local|=3161  t_range=[19255382,239661852])
rank=585 loaded routing data/768/stackoverflow_a2q.rt585.txt (2179 entries)
rank=585 added 6 boundary-only nodes from routing
rank=603/768 dataset=stackoverflow_a2q walkers=10416 (6280848..6291263) steps=30 mode=0 sched=single-bucket delta_t=0 policy=0
rank=603 loaded data/768/stackoverflow_a2q.sub603.txt (|V_local|=3297  t_range=[42253418,239624261])
rank=603 loaded routing data/768/stackoverflow_a2q.rt603.txt (2139 entries)
rank=580/768 dataset=stackoverflow_a2q walkers=10416 (6041280..6051695) steps=30 mode=0 sched=single-bucket delta_t=0 policy=0
rank=580 loaded data/768/stackoverflow_a2q.sub580.txt (|V_local|=3157  t_range=[4594730,239654954])
rank=580 loaded routing data/768/stackoverflow_a2q.rt580.txt (2132 entries)
rank=580 added 1 boundary-only nodes from routing
rank=582/768 dataset=stackoverflow_a2q walkers=10416 (6062112..6072527) steps=30 mode=0 sched=single-bucket delta_t=0 policy=0
rank=582 loaded data/768/stackoverflow_a2q.sub582.txt (|V_local|=3138  t_range=[8216984,239603746])
rank=582 loaded routing data/768/stackoverflow_a2q.rt582.txt (2211 entries)
rank=582 added 12 boundary-only nodes from routing
rank=623/768 dataset=stackoverflow_a2q walkers=10416 (6489168..6499583) steps=30 mode=0 sched=single-bucket delta_t=0 policy=0
rank=623 loaded data/768/stackoverflow_a2q.sub623.txt (|V_local|=3162  t_range=[36115513,239592925])
rank=623 loaded routing data/768/stackoverflow_a2q.rt623.txt (1992 entries)
rank=623 added 3 boundary-only nodes from routing
rank=613/768 dataset=stackoverflow_a2q walkers=10416 (6385008..6395423) steps=30 mode=0 sched=single-bucket delta_t=0 policy=0
rank=613 loaded data/768/stackoverflow_a2q.sub613.txt (|V_local|=3304  t_range=[44983155,239664187])
rank=613 loaded routing data/768/stackoverflow_a2q.rt613.txt (2210 entries)
rank=613 added 1 boundary-only nodes from routing
rank=577/768 dataset=stackoverflow_a2q walkers=10416 (6010032..6020447) steps=30 mode=0 sched=single-bucket delta_t=0 policy=0
rank=577 loaded data/768/stackoverflow_a2q.sub577.txt (|V_local|=3298  t_range=[6013311,239559056])
rank=577 loaded routing data/768/stackoverflow_a2q.rt577.txt (1370 entries)
rank=577 added 7 boundary-only nodes from routing
rank=588/768 dataset=stackoverflow_a2q walkers=10416 (6124608..6135023) steps=30 mode=0 sched=single-bucket delta_t=0 policy=0
rank=588 loaded data/768/stackoverflow_a2q.sub588.txt (|V_local|=3145  t_range=[39282659,239646344])
rank=588 loaded routing data/768/stackoverflow_a2q.rt588.txt (2223 entries)
rank=588 added 5 boundary-only nodes from routing
rank=592/768 dataset=stackoverflow_a2q walkers=10416 (6166272..6176687) steps=30 mode=0 sched=single-bucket delta_t=0 policy=0
rank=592 loaded data/768/stackoverflow_a2q.sub592.txt (|V_local|=3152  t_range=[18779333,239638845])
rank=592 loaded routing data/768/stackoverflow_a2q.rt592.txt (2154 entries)
rank=592 added 6 boundary-only nodes from routing
rank=579/768 dataset=stackoverflow_a2q walkers=10416 (6030864..6041279) steps=30 mode=0 sched=single-bucket delta_t=0 policy=0
rank=579 loaded data/768/stackoverflow_a2q.sub579.txt (|V_local|=3154  t_range=[4826715,239626507])
rank=579 loaded routing data/768/stackoverflow_a2q.rt579.txt (2108 entries)
rank=579 added 9 boundary-only nodes from routing
rank=587/768 dataset=stackoverflow_a2q walkers=10416 (6114192..6124607) steps=30 mode=0 sched=single-bucket delta_t=0 policy=0
rank=587 loaded data/768/stackoverflow_a2q.sub587.txt (|V_local|=3295  t_range=[29618266,239577380])
rank=587 loaded routing data/768/stackoverflow_a2q.rt587.txt (1978 entries)
rank=587 added 9 boundary-only nodes from routing
rank=578/768 dataset=stackoverflow_a2q walkers=10416 (6020448..6030863) steps=30 mode=0 sched=single-bucket delta_t=0 policy=0
rank=578 loaded data/768/stackoverflow_a2q.sub578.txt (|V_local|=3303  t_range=[6011531,239663587])
rank=578 loaded routing data/768/stackoverflow_a2q.rt578.txt (1368 entries)
rank=578 added 2 boundary-only nodes from routing
rank=589/768 dataset=stackoverflow_a2q walkers=10416 (6135024..6145439) steps=30 mode=0 sched=single-bucket delta_t=0 policy=0
rank=589 loaded data/768/stackoverflow_a2q.sub589.txt (|V_local|=3298  t_range=[54780427,239661570])
rank=589 loaded routing data/768/stackoverflow_a2q.rt589.txt (2108 entries)
rank=589 added 5 boundary-only nodes from routing
rank=605/768 dataset=stackoverflow_a2q walkers=10416 (6301680..6312095) steps=30 mode=0 sched=single-bucket delta_t=0 policy=0
rank=605 loaded data/768/stackoverflow_a2q.sub605.txt (|V_local|=3162  t_range=[16386389,239687498])
rank=605 loaded routing data/768/stackoverflow_a2q.rt605.txt (2078 entries)
rank=605 added 5 boundary-only nodes from routing
rank=606/768 dataset=stackoverflow_a2q walkers=10416 (6312096..6322511) steps=30 mode=0 sched=single-bucket delta_t=0 policy=0
rank=606 loaded data/768/stackoverflow_a2q.sub606.txt (|V_local|=3142  t_range=[5952872,239693146])
rank=606 loaded routing data/768/stackoverflow_a2q.rt606.txt (2219 entries)
rank=606 added 12 boundary-only nodes from routing
rank=622/768 dataset=stackoverflow_a2q walkers=10416 (6478752..6489167) steps=30 mode=0 sched=single-bucket delta_t=0 policy=0
rank=622 loaded data/768/stackoverflow_a2q.sub622.txt (|V_local|=3154  t_range=[24533830,239664712])
rank=622 loaded routing data/768/stackoverflow_a2q.rt622.txt (2178 entries)
rank=622 added 2 boundary-only nodes from routing
rank=586/768 dataset=stackoverflow_a2q walkers=10416 (6103776..6114191) steps=30 mode=0 sched=single-bucket delta_t=0 policy=0
rank=586 loaded data/768/stackoverflow_a2q.sub586.txt (|V_local|=3302  t_range=[18440054,239668023])
rank=586 loaded routing data/768/stackoverflow_a2q.rt586.txt (1779 entries)
rank=586 added 2 boundary-only nodes from routing
rank=584/768 dataset=stackoverflow_a2q walkers=10416 (6082944..6093359) steps=30 mode=0 sched=single-bucket delta_t=0 policy=0
rank=584 loaded data/768/stackoverflow_a2q.sub584.txt (|V_local|=3301  t_range=[30133798,239596620])
rank=584 loaded routing data/768/stackoverflow_a2q.rt584.txt (1699 entries)
rank=584 added 2 boundary-only nodes from routing
rank=596/768 dataset=stackoverflow_a2q walkers=10416 (6207936..6218351) steps=30 mode=0 sched=single-bucket delta_t=0 policy=0
rank=596 loaded data/768/stackoverflow_a2q.sub596.txt (|V_local|=3152  t_range=[778301,239597802])
rank=596 loaded routing data/768/stackoverflow_a2q.rt596.txt (2012 entries)
rank=596 added 11 boundary-only nodes from routing
rank=581/768 dataset=stackoverflow_a2q walkers=10416 (6051696..6062111) steps=30 mode=0 sched=single-bucket delta_t=0 policy=0
rank=581 loaded data/768/stackoverflow_a2q.sub581.txt (|V_local|=3151  t_range=[5349394,239590741])
rank=581 loaded routing data/768/stackoverflow_a2q.rt581.txt (2039 entries)
rank=581 added 5 boundary-only nodes from routing
rank=590/768 dataset=stackoverflow_a2q walkers=10416 (6145440..6155855) steps=30 mode=0 sched=single-bucket delta_t=0 policy=0
rank=590 loaded data/768/stackoverflow_a2q.sub590.txt (|V_local|=3305  t_range=[41130233,239635852])
rank=590 loaded routing data/768/stackoverflow_a2q.rt590.txt (2014 entries)
rank=593/768 dataset=stackoverflow_a2q walkers=10416 (6176688..6187103) steps=30 mode=0 sched=single-bucket delta_t=0 policy=0
rank=489/768 dataset=stackoverflow_a2q walkers=10416 (5093424..5103839) steps=30 mode=0 sched=single-bucket delta_t=0 policy=0
rank=489 loaded data/768/stackoverflow_a2q.sub489.txt (|V_local|=3167  t_range=[50305650,239680005])
rank=489 loaded routing data/768/stackoverflow_a2q.rt489.txt (1834 entries)
rank=489 added 3 boundary-only nodes from routing
rank=494/768 dataset=stackoverflow_a2q walkers=10416 (5145504..5155919) steps=30 mode=0 sched=single-bucket delta_t=0 policy=0
rank=494 loaded data/768/stackoverflow_a2q.sub494.txt (|V_local|=3299  t_range=[52485656,239697243])
rank=494 loaded routing data/768/stackoverflow_a2q.rt494.txt (1260 entries)
rank=494 added 4 boundary-only nodes from routing
rank=495/768 dataset=stackoverflow_a2q walkers=10416 (5155920..5166335) steps=30 mode=0 sched=single-bucket delta_t=0 policy=0
rank=495 loaded data/768/stackoverflow_a2q.sub495.txt (|V_local|=3154  t_range=[4369834,239678898])
rank=495 loaded routing data/768/stackoverflow_a2q.rt495.txt (1969 entries)
rank=495 added 4 boundary-only nodes from routing
rank=503/768 dataset=stackoverflow_a2q walkers=10416 (5239248..5249663) steps=30 mode=0 sched=single-bucket delta_t=0 policy=0
rank=503 loaded data/768/stackoverflow_a2q.sub503.txt (|V_local|=3155  t_range=[57316004,239657126])
rank=503 loaded routing data/768/stackoverflow_a2q.rt503.txt (2024 entries)
rank=503 added 5 boundary-only nodes from routing
rank=487/768 dataset=stackoverflow_a2q walkers=10416 (5072592..5083007) steps=30 mode=0 sched=single-bucket delta_t=0 policy=0
rank=487 loaded data/768/stackoverflow_a2q.sub487.txt (|V_local|=3153  t_range=[8521342,239691329])
rank=487 loaded routing data/768/stackoverflow_a2q.rt487.txt (2081 entries)
rank=487 added 2 boundary-only nodes from routing
rank=486/768 dataset=stackoverflow_a2q walkers=10416 (5062176..5072591) steps=30 mode=0 sched=single-bucket delta_t=0 policy=0
rank=486 loaded data/768/stackoverflow_a2q.sub486.txt (|V_local|=3153  t_range=[12990966,239674949])
rank=486 loaded routing data/768/stackoverflow_a2q.rt486.txt (1973 entries)
rank=486 added 7 boundary-only nodes from routing
rank=490/768 dataset=stackoverflow_a2q walkers=10416 (5103840..5114255) steps=30 mode=0 sched=single-bucket delta_t=0 policy=0
rank=490 loaded data/768/stackoverflow_a2q.sub490.txt (|V_local|=3149  t_range=[42720473,239688404])
rank=490 loaded routing data/768/stackoverflow_a2q.rt490.txt (2124 entries)
rank=490 added 6 boundary-only nodes from routing
rank=525/768 dataset=stackoverflow_a2q walkers=10416 (5468400..5478815) steps=30 mode=0 sched=single-bucket delta_t=0 policy=0
rank=525 loaded data/768/stackoverflow_a2q.sub525.txt (|V_local|=3145  t_range=[4045339,239657212])
rank=525 loaded routing data/768/stackoverflow_a2q.rt525.txt (2098 entries)
rank=525 added 11 boundary-only nodes from routing
rank=482/768 dataset=stackoverflow_a2q walkers=10416 (5020512..5030927) steps=30 mode=0 sched=single-bucket delta_t=0 policy=0
rank=482 loaded data/768/stackoverflow_a2q.sub482.txt (|V_local|=3178  t_range=[15812883,239696134])
rank=482 loaded routing data/768/stackoverflow_a2q.rt482.txt (2147 entries)
rank=482 added 9 boundary-only nodes from routing
rank=488/768 dataset=stackoverflow_a2q walkers=10416 (5083008..5093423) steps=30 mode=0 sched=single-bucket delta_t=0 policy=0
rank=488 loaded data/768/stackoverflow_a2q.sub488.txt (|V_local|=3149  t_range=[36806051,239691482])
rank=488 loaded routing data/768/stackoverflow_a2q.rt488.txt (1821 entries)
rank=488 added 6 boundary-only nodes from routing
rank=493/768 dataset=stackoverflow_a2q walkers=10416 (5135088..5145503) steps=30 mode=0 sched=single-bucket delta_t=0 policy=0
rank=493 loaded data/768/stackoverflow_a2q.sub493.txt (|V_local|=3300  t_range=[4096852,239684979])
rank=493 loaded routing data/768/stackoverflow_a2q.rt493.txt (1307 entries)
rank=493 added 5 boundary-only nodes from routing
rank=485/768 dataset=stackoverflow_a2q walkers=10416 (5051760..5062175) steps=30 mode=0 sched=single-bucket delta_t=0 policy=0
rank=485 loaded data/768/stackoverflow_a2q.sub485.txt (|V_local|=3160  t_range=[24122981,239654399])
rank=485 loaded routing data/768/stackoverflow_a2q.rt485.txt (2038 entries)
rank=485 added 4 boundary-only nodes from routing
rank=483/768 dataset=stackoverflow_a2q walkers=10416 (5030928..5041343) steps=30 mode=0 sched=single-bucket delta_t=0 policy=0
rank=483 loaded data/768/stackoverflow_a2q.sub483.txt (|V_local|=3149  t_range=[15530942,239680910])
rank=483 loaded routing data/768/stackoverflow_a2q.rt483.txt (2019 entries)
rank=483 added 3 boundary-only nodes from routing
rank=480/768 dataset=stackoverflow_a2q walkers=10416 (4999680..5010095) steps=30 mode=0 sched=single-bucket delta_t=0 policy=0
rank=480 loaded data/768/stackoverflow_a2q.sub480.txt (|V_local|=3153  t_range=[4499093,239637756])
rank=480 loaded routing data/768/stackoverflow_a2q.rt480.txt (2186 entries)
rank=480 added 3 boundary-only nodes from routing
rank=510/768 dataset=stackoverflow_a2q walkers=10416 (5312160..5322575) steps=30 mode=0 sched=single-bucket delta_t=0 policy=0
rank=510 loaded data/768/stackoverflow_a2q.sub510.txt (|V_local|=3134  t_range=[4548318,239690140])
rank=510 loaded routing data/768/stackoverflow_a2q.rt510.txt (2037 entries)
rank=510 added 26 boundary-only nodes from routing
rank=526/768 dataset=stackoverflow_a2q walkers=10416 (5478816..5489231) steps=30 mode=0 sched=single-bucket delta_t=0 policy=0
rank=526 loaded data/768/stackoverflow_a2q.sub526.txt (|V_local|=3131  t_range=[20267140,239667332])
rank=526 loaded routing data/768/stackoverflow_a2q.rt526.txt (2215 entries)
rank=526 added 22 boundary-only nodes from routing
rank=497/768 dataset=stackoverflow_a2q walkers=10416 (5176752..5187167) steps=30 mode=0 sched=single-bucket delta_t=0 policy=0
rank=497 loaded data/768/stackoverflow_a2q.sub497.txt (|V_local|=3302  t_range=[34650048,239671726])
rank=497 loaded routing data/768/stackoverflow_a2q.rt497.txt (1442 entries)
rank=497 added 1 boundary-only nodes from routing
rank=505/768 dataset=stackoverflow_a2q walkers=10416 (5260080..5270495) steps=30 mode=0 sched=single-bucket delta_t=0 policy=0
rank=505 loaded data/768/stackoverflow_a2q.sub505.txt (|V_local|=3302  t_range=[23563519,239687275])
rank=505 loaded routing data/768/stackoverflow_a2q.rt505.txt (1618 entries)
rank=505 added 2 boundary-only nodes from routing
rank=507/768 dataset=stackoverflow_a2q walkers=10416 (5280912..5291327) steps=30 mode=0 sched=single-bucket delta_t=0 policy=0
rank=507 loaded data/768/stackoverflow_a2q.sub507.txt (|V_local|=3159  t_range=[15805624,239644136])
rank=507 loaded routing data/768/stackoverflow_a2q.rt507.txt (1860 entries)
rank=507 added 5 boundary-only nodes from routing
rank=496/768 dataset=stackoverflow_a2q walkers=10416 (5166336..5176751) steps=30 mode=0 sched=single-bucket delta_t=0 policy=0
rank=496 loaded data/768/stackoverflow_a2q.sub496.txt (|V_local|=3304  t_range=[29950386,239590974])
rank=496 loaded routing data/768/stackoverflow_a2q.rt496.txt (1105 entries)
rank=496 added 1 boundary-only nodes from routing
rank=491/768 dataset=stackoverflow_a2q walkers=10416 (5114256..5124671) steps=30 mode=0 sched=single-bucket delta_t=0 policy=0
rank=491 loaded data/768/stackoverflow_a2q.sub491.txt (|V_local|=3302  t_range=[67066726,239674277])
rank=491 loaded routing data/768/stackoverflow_a2q.rt491.txt (1536 entries)
rank=491 added 1 boundary-only nodes from routing
rank=527/768 dataset=stackoverflow_a2q walkers=10416 (5489232..5499647) steps=30 mode=0 sched=single-bucket delta_t=0 policy=0
rank=527 loaded data/768/stackoverflow_a2q.sub527.txt (|V_local|=3132  t_range=[5394266,239665704])
rank=527 loaded routing data/768/stackoverflow_a2q.rt527.txt (2170 entries)
rank=527 added 28 boundary-only nodes from routing
rank=481/768 dataset=stackoverflow_a2q walkers=10416 (5010096..5020511) steps=30 mode=0 sched=single-bucket delta_t=0 policy=0
rank=481 loaded data/768/stackoverflow_a2q.sub481.txt (|V_local|=3303  t_range=[5702417,239695219])
rank=481 loaded routing data/768/stackoverflow_a2q.rt481.txt (1973 entries)
rank=481 added 2 boundary-only nodes from routing
rank=729/768 dataset=stackoverflow_a2q walkers=10416 (7593264..7603679) steps=30 mode=0 sched=single-bucket delta_t=0 policy=0
rank=729 loaded data/768/stackoverflow_a2q.sub729.txt (|V_local|=3139  t_range=[5021916,239670727])
rank=729 loaded routing data/768/stackoverflow_a2q.rt729.txt (2061 entries)
rank=729 added 20 boundary-only nodes from routing
rank=721/768 dataset=stackoverflow_a2q walkers=10416 (7509936..7520351) steps=30 mode=0 sched=single-bucket delta_t=0 policy=0
rank=721 loaded data/768/stackoverflow_a2q.sub721.txt (|V_local|=3154  t_range=[11894453,239660816])
rank=721 loaded routing data/768/stackoverflow_a2q.rt721.txt (1705 entries)
rank=721 added 1 boundary-only nodes from routing
rank=724/768 dataset=stackoverflow_a2q walkers=10416 (7541184..7551599) steps=30 mode=0 sched=single-bucket delta_t=0 policy=0
rank=724 loaded data/768/stackoverflow_a2q.sub724.txt (|V_local|=3144  t_range=[14484574,239636267])
rank=724 loaded routing data/768/stackoverflow_a2q.rt724.txt (2117 entries)
rank=724 added 6 boundary-only nodes from routing
rank=726/768 dataset=stackoverflow_a2q walkers=10416 (7562016..7572431) steps=30 mode=0 sched=single-bucket delta_t=0 policy=0
rank=726 loaded data/768/stackoverflow_a2q.sub726.txt (|V_local|=3153  t_range=[18447203,239692338])
rank=726 loaded routing data/768/stackoverflow_a2q.rt726.txt (2119 entries)
rank=726 added 4 boundary-only nodes from routing
rank=725/768 dataset=stackoverflow_a2q walkers=10416 (7551600..7562015) steps=30 mode=0 sched=single-bucket delta_t=0 policy=0
rank=725 loaded data/768/stackoverflow_a2q.sub725.txt (|V_local|=3149  t_range=[8184484,239667800])
rank=725 loaded routing data/768/stackoverflow_a2q.rt725.txt (2091 entries)
rank=725 added 11 boundary-only nodes from routing
rank=723/768 dataset=stackoverflow_a2q walkers=10416 (7530768..7541183) steps=30 mode=0 sched=single-bucket delta_t=0 policy=0
rank=723 loaded data/768/stackoverflow_a2q.sub723.txt (|V_local|=3155  t_range=[5017030,239670963])
rank=723 loaded routing data/768/stackoverflow_a2q.rt723.txt (2191 entries)
rank=723 added 3 boundary-only nodes from routing
rank=733/768 dataset=stackoverflow_a2q walkers=10416 (7634928..7645343) steps=30 mode=0 sched=single-bucket delta_t=0 policy=0
rank=733 loaded data/768/stackoverflow_a2q.sub733.txt (|V_local|=3299  t_range=[11485080,239656039])
rank=733 loaded routing data/768/stackoverflow_a2q.rt733.txt (1800 entries)
rank=733 added 3 boundary-only nodes from routing
rank=737/768 dataset=stackoverflow_a2q walkers=10416 (7676592..7687007) steps=30 mode=0 sched=single-bucket delta_t=0 policy=0
rank=737 loaded data/768/stackoverflow_a2q.sub737.txt (|V_local|=3150  t_range=[18041037,239673566])
rank=737 loaded routing data/768/stackoverflow_a2q.rt737.txt (2125 entries)
rank=737 added 2 boundary-only nodes from routing
rank=764/768 dataset=stackoverflow_a2q walkers=10416 (7957824..7968239) steps=30 mode=0 sched=single-bucket delta_t=0 policy=0
rank=764 loaded data/768/stackoverflow_a2q.sub764.txt (|V_local|=3105  t_range=[20886980,239640559])
rank=764 loaded routing data/768/stackoverflow_a2q.rt764.txt (26 entries)
rank=764 added 11 boundary-only nodes from routing
rank=722/768 dataset=stackoverflow_a2q walkers=10416 (7520352..7530767) steps=30 mode=0 sched=single-bucket delta_t=0 policy=0
rank=722 loaded data/768/stackoverflow_a2q.sub722.txt (|V_local|=3146  t_range=[8550830,239576931])
rank=722 loaded routing data/768/stackoverflow_a2q.rt722.txt (1982 entries)
rank=722 added 13 boundary-only nodes from routing
rank=767/768 dataset=stackoverflow_a2q walkers=10416 (7989072..7999487) steps=30 mode=0 sched=single-bucket delta_t=0 policy=0
rank=767 loaded data/768/stackoverflow_a2q.sub767.txt (|V_local|=3208  t_range=[12694926,239667126])
rank=767 loaded routing data/768/stackoverflow_a2q.rt767.txt (4 entries)
rank=756/768 dataset=stackoverflow_a2q walkers=10416 (7874496..7884911) steps=30 mode=0 sched=single-bucket delta_t=0 policy=0
rank=756 loaded data/768/stackoverflow_a2q.sub756.txt (|V_local|=3153  t_range=[9141541,239637323])
rank=756 loaded routing data/768/stackoverflow_a2q.rt756.txt (87 entries)
rank=756 added 1 boundary-only nodes from routing
rank=757/768 dataset=stackoverflow_a2q walkers=10416 (7884912..7895327) steps=30 mode=0 sched=single-bucket delta_t=0 policy=0
rank=757 loaded data/768/stackoverflow_a2q.sub757.txt (|V_local|=3246  t_range=[19772668,239662716])
rank=757 loaded routing data/768/stackoverflow_a2q.rt757.txt (9 entries)
rank=337/768 dataset=stackoverflow_a2q walkers=10416 (3510192..3520607) steps=30 mode=0 sched=single-bucket delta_t=0 policy=0
rank=337 loaded data/768/stackoverflow_a2q.sub337.txt (|V_local|=3139  t_range=[5759360,239681985])
rank=337 loaded routing data/768/stackoverflow_a2q.rt337.txt (2136 entries)
rank=337 added 17 boundary-only nodes from routing
rank=348/768 dataset=stackoverflow_a2q walkers=10416 (3624768..3635183) steps=30 mode=0 sched=single-bucket delta_t=0 policy=0
rank=348 loaded data/768/stackoverflow_a2q.sub348.txt (|V_local|=3144  t_range=[13206696,239698171])
rank=348 loaded routing data/768/stackoverflow_a2q.rt348.txt (2185 entries)
rank=348 added 10 boundary-only nodes from routing
rank=363/768 dataset=stackoverflow_a2q walkers=10416 (3781008..3791423) steps=30 mode=0 sched=single-bucket delta_t=0 policy=0
rank=363 loaded data/768/stackoverflow_a2q.sub363.txt (|V_local|=3149  t_range=[5427759,239671803])
rank=363 loaded routing data/768/stackoverflow_a2q.rt363.txt (2045 entries)
rank=363 added 4 boundary-only nodes from routing
rank=340/768 dataset=stackoverflow_a2q walkers=10416 (3541440..3551855) steps=30 mode=0 sched=single-bucket delta_t=0 policy=0
rank=340 loaded data/768/stackoverflow_a2q.sub340.txt (|V_local|=3149  t_range=[3966243,239600257])
rank=340 loaded routing data/768/stackoverflow_a2q.rt340.txt (1945 entries)
rank=340 added 3 boundary-only nodes from routing
rank=371/768 dataset=stackoverflow_a2q walkers=10416 (3864336..3874751) steps=30 mode=0 sched=single-bucket delta_t=0 policy=0
rank=371 loaded data/768/stackoverflow_a2q.sub371.txt (|V_local|=3146  t_range=[4842302,239690887])
rank=371 loaded routing data/768/stackoverflow_a2q.rt371.txt (2158 entries)
rank=371 added 6 boundary-only nodes from routing
rank=368/768 dataset=stackoverflow_a2q walkers=10416 (3833088..3843503) steps=30 mode=0 sched=single-bucket delta_t=0 policy=0
rank=368 loaded data/768/stackoverflow_a2q.sub368.txt (|V_local|=3292  t_range=[4725686,239564199])
rank=368 loaded routing data/768/stackoverflow_a2q.rt368.txt (1874 entries)
rank=374/768 dataset=stackoverflow_a2q walkers=10416 (3895584..3905999) steps=30 mode=0 sched=single-bucket delta_t=0 policy=0
rank=374 loaded data/768/stackoverflow_a2q.sub374.txt (|V_local|=3304  t_range=[24764560,239590647])
rank=374 loaded routing data/768/stackoverflow_a2q.rt374.txt (1868 entries)
rank=341/768 dataset=stackoverflow_a2q walkers=10416 (3551856..3562271) steps=30 mode=0 sched=single-bucket delta_t=0 policy=0
rank=341 loaded data/768/stackoverflow_a2q.sub341.txt (|V_local|=3295  t_range=[31921795,239682268])
rank=341 loaded routing data/768/stackoverflow_a2q.rt341.txt (2037 entries)
rank=341 added 1 boundary-only nodes from routing
rank=362/768 dataset=stackoverflow_a2q walkers=10416 (3770592..3781007) steps=30 mode=0 sched=single-bucket delta_t=0 policy=0
rank=362 loaded data/768/stackoverflow_a2q.sub362.txt (|V_local|=3299  t_range=[46130008,239667461])
rank=362 loaded routing data/768/stackoverflow_a2q.rt362.txt (1573 entries)
rank=362 added 2 boundary-only nodes from routing
rank=369/768 dataset=stackoverflow_a2q walkers=10416 (3843504..3853919) steps=30 mode=0 sched=single-bucket delta_t=0 policy=0
rank=369 loaded data/768/stackoverflow_a2q.sub369.txt (|V_local|=3156  t_range=[7676598,239668861])
rank=369 loaded routing data/768/stackoverflow_a2q.rt369.txt (2253 entries)
rank=369 added 3 boundary-only nodes from routing
rank=347/768 dataset=stackoverflow_a2q walkers=10416 (3614352..3624767) steps=30 mode=0 sched=single-bucket delta_t=0 policy=0
rank=347 loaded data/768/stackoverflow_a2q.sub347.txt (|V_local|=3143  t_range=[19412307,239666793])
rank=347 loaded routing data/768/stackoverflow_a2q.rt347.txt (2159 entries)
rank=347 added 11 boundary-only nodes from routing
rank=338/768 dataset=stackoverflow_a2q walkers=10416 (3520608..3531023) steps=30 mode=0 sched=single-bucket delta_t=0 policy=0
rank=338 loaded data/768/stackoverflow_a2q.sub338.txt (|V_local|=3154  t_range=[1792299,239662773])
rank=338 loaded routing data/768/stackoverflow_a2q.rt338.txt (1756 entries)
rank=338 added 1 boundary-only nodes from routing
rank=346/768 dataset=stackoverflow_a2q walkers=10416 (3603936..3614351) steps=30 mode=0 sched=single-bucket delta_t=0 policy=0
rank=346 loaded data/768/stackoverflow_a2q.sub346.txt (|V_local|=3159  t_range=[7119472,239684578])
rank=346 loaded routing data/768/stackoverflow_a2q.rt346.txt (2018 entries)
rank=346 added 3 boundary-only nodes from routing
rank=342/768 dataset=stackoverflow_a2q walkers=10416 (3562272..3572687) steps=30 mode=0 sched=single-bucket delta_t=0 policy=0
rank=342 loaded data/768/stackoverflow_a2q.sub342.txt (|V_local|=3147  t_range=[7148339,239692139])
rank=342 loaded routing data/768/stackoverflow_a2q.rt342.txt (2287 entries)
rank=342 added 11 boundary-only nodes from routing
rank=354/768 dataset=stackoverflow_a2q walkers=10416 (3687264..3697679) steps=30 mode=0 sched=single-bucket delta_t=0 policy=0
rank=354 loaded data/768/stackoverflow_a2q.sub354.txt (|V_local|=3144  t_range=[6449380,239640729])
rank=354 loaded routing data/768/stackoverflow_a2q.rt354.txt (2177 entries)
rank=354 added 9 boundary-only nodes from routing
rank=366/768 dataset=stackoverflow_a2q walkers=10416 (3812256..3822671) steps=30 mode=0 sched=single-bucket delta_t=0 policy=0
rank=366 loaded data/768/stackoverflow_a2q.sub366.txt (|V_local|=3168  t_range=[5065373,239666866])
rank=366 loaded routing data/768/stackoverflow_a2q.rt366.txt (1900 entries)
rank=366 added 1 boundary-only nodes from routing
rank=353/768 dataset=stackoverflow_a2q walkers=10416 (3676848..3687263) steps=30 mode=0 sched=single-bucket delta_t=0 policy=0
rank=353 loaded data/768/stackoverflow_a2q.sub353.txt (|V_local|=3302  t_range=[4772538,239653716])
rank=353 loaded routing data/768/stackoverflow_a2q.rt353.txt (1843 entries)
rank=345/768 dataset=stackoverflow_a2q walkers=10416 (3593520..3603935) steps=30 mode=0 sched=single-bucket delta_t=0 policy=0
rank=345 loaded data/768/stackoverflow_a2q.sub345.txt (|V_local|=3153  t_range=[4103466,239665276])
rank=345 loaded routing data/768/stackoverflow_a2q.rt345.txt (2107 entries)
rank=345 added 1 boundary-only nodes from routing
rank=376/768 dataset=stackoverflow_a2q walkers=10416 (3916416..3926831) steps=30 mode=0 sched=single-bucket delta_t=0 policy=0
rank=376 loaded data/768/stackoverflow_a2q.sub376.txt (|V_local|=3301  t_range=[3514660,239654435])
rank=376 loaded routing data/768/stackoverflow_a2q.rt376.txt (1940 entries)
rank=376 added 4 boundary-only nodes from routing
rank=343/768 dataset=stackoverflow_a2q walkers=10416 (3572688..3583103) steps=30 mode=0 sched=single-bucket delta_t=0 policy=0
rank=343 loaded data/768/stackoverflow_a2q.sub343.txt (|V_local|=3295  t_range=[23583342,239691020])
rank=343 loaded routing data/768/stackoverflow_a2q.rt343.txt (1992 entries)
rank=343 added 1 boundary-only nodes from routing
rank=339/768 dataset=stackoverflow_a2q walkers=10416 (3531024..3541439) steps=30 mode=0 sched=single-bucket delta_t=0 policy=0
rank=339 loaded data/768/stackoverflow_a2q.sub339.txt (|V_local|=3141  t_range=[3959078,239668586])
rank=339 loaded routing data/768/stackoverflow_a2q.rt339.txt (2129 entries)
rank=339 added 10 boundary-only nodes from routing
rank=364/768 dataset=stackoverflow_a2q walkers=10416 (3791424..3801839) steps=30 mode=0 sched=single-bucket delta_t=0 policy=0
rank=364 loaded data/768/stackoverflow_a2q.sub364.txt (|V_local|=3155  t_range=[4591954,239651503])
rank=364 loaded routing data/768/stackoverflow_a2q.rt364.txt (2041 entries)
rank=364 added 6 boundary-only nodes from routing
rank=20/768 dataset=stackoverflow_a2q walkers=10416 (208320..218735) steps=30 mode=0 sched=single-bucket delta_t=0 policy=0
rank=20 loaded data/768/stackoverflow_a2q.sub20.txt (|V_local|=3148  t_range=[3894138,239649252])
rank=20 loaded routing data/768/stackoverflow_a2q.rt20.txt (2055 entries)
rank=20 added 10 boundary-only nodes from routing
rank=6/768 dataset=stackoverflow_a2q walkers=10416 (62496..72911) steps=30 mode=0 sched=single-bucket delta_t=0 policy=0
rank=6 loaded data/768/stackoverflow_a2q.sub6.txt (|V_local|=3156  t_range=[4122739,239564316])
rank=6 loaded routing data/768/stackoverflow_a2q.rt6.txt (1906 entries)
rank=6 added 23 boundary-only nodes from routing
rank=29/768 dataset=stackoverflow_a2q walkers=10416 (302064..312479) steps=30 mode=0 sched=single-bucket delta_t=0 policy=0
rank=29 loaded data/768/stackoverflow_a2q.sub29.txt (|V_local|=3154  t_range=[4552247,239574650])
rank=29 loaded routing data/768/stackoverflow_a2q.rt29.txt (2052 entries)
rank=29 added 3 boundary-only nodes from routing
rank=8/768 dataset=stackoverflow_a2q walkers=10416 (83328..93743) steps=30 mode=0 sched=single-bucket delta_t=0 policy=0
rank=8 loaded data/768/stackoverflow_a2q.sub8.txt (|V_local|=3278  t_range=[5914788,239681775])
rank=8 loaded routing data/768/stackoverflow_a2q.rt8.txt (1785 entries)
rank=8 added 12 boundary-only nodes from routing
rank=7/768 dataset=stackoverflow_a2q walkers=10416 (72912..83327) steps=30 mode=0 sched=single-bucket delta_t=0 policy=0
rank=7 loaded data/768/stackoverflow_a2q.sub7.txt (|V_local|=3303  t_range=[5089101,239598901])
rank=7 loaded routing data/768/stackoverflow_a2q.rt7.txt (1006 entries)
rank=7 added 2 boundary-only nodes from routing
rank=22/768 dataset=stackoverflow_a2q walkers=10416 (229152..239567) steps=30 mode=0 sched=single-bucket delta_t=0 policy=0
rank=22 loaded data/768/stackoverflow_a2q.sub22.txt (|V_local|=3215  t_range=[6145493,239696664])
rank=22 loaded routing data/768/stackoverflow_a2q.rt22.txt (1766 entries)
rank=22 added 6 boundary-only nodes from routing
rank=5/768 dataset=stackoverflow_a2q walkers=10416 (52080..62495) steps=30 mode=0 sched=single-bucket delta_t=0 policy=0
rank=5 loaded data/768/stackoverflow_a2q.sub5.txt (|V_local|=3305  t_range=[2728206,239684606])
rank=5 loaded routing data/768/stackoverflow_a2q.rt5.txt (1106 entries)
rank=13/768 dataset=stackoverflow_a2q walkers=10416 (135408..145823) steps=30 mode=0 sched=single-bucket delta_t=0 policy=0
rank=13 loaded data/768/stackoverflow_a2q.sub13.txt (|V_local|=3282  t_range=[546717,239558675])
rank=13 loaded routing data/768/stackoverflow_a2q.rt13.txt (1748 entries)
rank=13 added 9 boundary-only nodes from routing
rank=45/768 dataset=stackoverflow_a2q walkers=10416 (468720..479135) steps=30 mode=0 sched=single-bucket delta_t=0 policy=0
rank=45 loaded data/768/stackoverflow_a2q.sub45.txt (|V_local|=3162  t_range=[3991248,239634193])
rank=45 loaded routing data/768/stackoverflow_a2q.rt45.txt (1970 entries)
rank=45 added 1 boundary-only nodes from routing
rank=2/768 dataset=stackoverflow_a2q walkers=10416 (20832..31247) steps=30 mode=0 sched=single-bucket delta_t=0 policy=0
rank=2 loaded data/768/stackoverflow_a2q.sub2.txt (|V_local|=3219  t_range=[1904788,239605005])
rank=2 loaded routing data/768/stackoverflow_a2q.rt2.txt (1705 entries)
rank=2 added 25 boundary-only nodes from routing
rank=0/768 dataset=stackoverflow_a2q walkers=10416 (0..10415) steps=30 mode=0 sched=single-bucket delta_t=0 policy=0
rank=0 loaded data/768/stackoverflow_a2q.sub0.txt (|V_local|=3149  t_range=[4117363,239679959])
rank=0 loaded routing data/768/stackoverflow_a2q.rt0.txt (2058 entries)
rank=0 added 10 boundary-only nodes from routing
PHASE compute=0.1698 exchange=2.2066 allreduce=0.1374 emb_xchg=0.0000 s  comm_frac=93.2% [p=768 mode=fused]
E1 cross-rank pairs: 28267937/43111246 (65.57%) [p=768]
rank=0 elapsed=2.239974s sched=single-bucket delta_t=0 total_walkers=7999488
rank=12/768 dataset=stackoverflow_a2q walkers=10416 (124992..135407) steps=30 mode=0 sched=single-bucket delta_t=0 policy=0
rank=12 loaded data/768/stackoverflow_a2q.sub12.txt (|V_local|=3145  t_range=[2932217,239690603])
rank=12 loaded routing data/768/stackoverflow_a2q.rt12.txt (2109 entries)
rank=12 added 12 boundary-only nodes from routing
rank=16/768 dataset=stackoverflow_a2q walkers=10416 (166656..177071) steps=30 mode=0 sched=single-bucket delta_t=0 policy=0
rank=16 loaded data/768/stackoverflow_a2q.sub16.txt (|V_local|=3141  t_range=[3855160,239666923])
rank=16 loaded routing data/768/stackoverflow_a2q.rt16.txt (2067 entries)
rank=16 added 17 boundary-only nodes from routing
rank=41/768 dataset=stackoverflow_a2q walkers=10416 (427056..437471) steps=30 mode=0 sched=single-bucket delta_t=0 policy=0
rank=41 loaded data/768/stackoverflow_a2q.sub41.txt (|V_local|=3298  t_range=[18465380,239664239])
rank=41 loaded routing data/768/stackoverflow_a2q.rt41.txt (2039 entries)
rank=41 added 2 boundary-only nodes from routing
rank=1/768 dataset=stackoverflow_a2q walkers=10416 (10416..20831) steps=30 mode=0 sched=single-bucket delta_t=0 policy=0
rank=1 loaded data/768/stackoverflow_a2q.sub1.txt (|V_local|=3293  t_range=[1524584,239554173])
rank=1 loaded routing data/768/stackoverflow_a2q.rt1.txt (1136 entries)
rank=1 added 11 boundary-only nodes from routing
rank=3/768 dataset=stackoverflow_a2q walkers=10416 (31248..41663) steps=30 mode=0 sched=single-bucket delta_t=0 policy=0
rank=3 loaded data/768/stackoverflow_a2q.sub3.txt (|V_local|=3145  t_range=[3927020,239562703])
rank=3 loaded routing data/768/stackoverflow_a2q.rt3.txt (2033 entries)
rank=3 added 18 boundary-only nodes from routing
rank=32/768 dataset=stackoverflow_a2q walkers=10416 (333312..343727) steps=30 mode=0 sched=single-bucket delta_t=0 policy=0
rank=32 loaded data/768/stackoverflow_a2q.sub32.txt (|V_local|=3301  t_range=[5097706,239697892])
rank=32 loaded routing data/768/stackoverflow_a2q.rt32.txt (1762 entries)
rank=32 added 4 boundary-only nodes from routing
rank=15/768 dataset=stackoverflow_a2q walkers=10416 (156240..166655) steps=30 mode=0 sched=single-bucket delta_t=0 policy=0
rank=15 loaded data/768/stackoverflow_a2q.sub15.txt (|V_local|=3149  t_range=[4543542,239667251])
rank=15 loaded routing data/768/stackoverflow_a2q.rt15.txt (2141 entries)
rank=15 added 12 boundary-only nodes from routing
rank=676/768 dataset=stackoverflow_a2q walkers=10416 (7041216..7051631) steps=30 mode=0 sched=single-bucket delta_t=0 policy=0
rank=676 loaded data/768/stackoverflow_a2q.sub676.txt (|V_local|=3156  t_range=[2490949,239554358])
rank=676 loaded routing data/768/stackoverflow_a2q.rt676.txt (1844 entries)
rank=676 added 5 boundary-only nodes from routing
rank=684/768 dataset=stackoverflow_a2q walkers=10416 (7124544..7134959) steps=30 mode=0 sched=single-bucket delta_t=0 policy=0
rank=684 loaded data/768/stackoverflow_a2q.sub684.txt (|V_local|=3152  t_range=[5488503,239536580])
rank=684 loaded routing data/768/stackoverflow_a2q.rt684.txt (2191 entries)
rank=684 added 6 boundary-only nodes from routing
rank=719/768 dataset=stackoverflow_a2q walkers=10416 (7489104..7499519) steps=30 mode=0 sched=single-bucket delta_t=0 policy=0
rank=719 loaded data/768/stackoverflow_a2q.sub719.txt (|V_local|=3155  t_range=[9390489,239694203])
rank=719 loaded routing data/768/stackoverflow_a2q.rt719.txt (2076 entries)
rank=677/768 dataset=stackoverflow_a2q walkers=10416 (7051632..7062047) steps=30 mode=0 sched=single-bucket delta_t=0 policy=0
rank=677 loaded data/768/stackoverflow_a2q.sub677.txt (|V_local|=3142  t_range=[4209017,239677922])
rank=677 loaded routing data/768/stackoverflow_a2q.rt677.txt (2158 entries)
rank=677 added 8 boundary-only nodes from routing
rank=717/768 dataset=stackoverflow_a2q walkers=10416 (7468272..7478687) steps=30 mode=0 sched=single-bucket delta_t=0 policy=0
rank=717 loaded data/768/stackoverflow_a2q.sub717.txt (|V_local|=3153  t_range=[5847716,239677946])
rank=717 loaded routing data/768/stackoverflow_a2q.rt717.txt (2207 entries)
rank=717 added 3 boundary-only nodes from routing
rank=674/768 dataset=stackoverflow_a2q walkers=10416 (7020384..7030799) steps=30 mode=0 sched=single-bucket delta_t=0 policy=0
rank=674 loaded data/768/stackoverflow_a2q.sub674.txt (|V_local|=3301  t_range=[3001125,239601207])
rank=674 loaded routing data/768/stackoverflow_a2q.rt674.txt (1163 entries)
rank=674 added 4 boundary-only nodes from routing
rank=673/768 dataset=stackoverflow_a2q walkers=10416 (7009968..7020383) steps=30 mode=0 sched=single-bucket delta_t=0 policy=0
rank=673 loaded data/768/stackoverflow_a2q.sub673.txt (|V_local|=3285  t_range=[428150,239646122])
rank=673 loaded routing data/768/stackoverflow_a2q.rt673.txt (1274 entries)
rank=673 added 20 boundary-only nodes from routing
rank=693/768 dataset=stackoverflow_a2q walkers=10416 (7218288..7228703) steps=30 mode=0 sched=single-bucket delta_t=0 policy=0
rank=693 loaded data/768/stackoverflow_a2q.sub693.txt (|V_local|=3145  t_range=[3953840,239698329])
rank=693 loaded routing data/768/stackoverflow_a2q.rt693.txt (2230 entries)
rank=693 added 11 boundary-only nodes from routing
rank=675/768 dataset=stackoverflow_a2q walkers=10416 (7030800..7041215) steps=30 mode=0 sched=single-bucket delta_t=0 policy=0
rank=675 loaded data/768/stackoverflow_a2q.sub675.txt (|V_local|=3131  t_range=[3139523,239687693])
rank=675 loaded routing data/768/stackoverflow_a2q.rt675.txt (2157 entries)
rank=675 added 22 boundary-only nodes from routing
rank=679/768 dataset=stackoverflow_a2q walkers=10416 (7072464..7082879) steps=30 mode=0 sched=single-bucket delta_t=0 policy=0
rank=679 loaded data/768/stackoverflow_a2q.sub679.txt (|V_local|=3302  t_range=[5326080,239607148])
rank=679 loaded routing data/768/stackoverflow_a2q.rt679.txt (1739 entries)
rank=679 added 2 boundary-only nodes from routing
rank=678/768 dataset=stackoverflow_a2q walkers=10416 (7062048..7072463) steps=30 mode=0 sched=single-bucket delta_t=0 policy=0
rank=678 loaded data/768/stackoverflow_a2q.sub678.txt (|V_local|=3150  t_range=[4494029,239675353])
rank=678 loaded routing data/768/stackoverflow_a2q.rt678.txt (2246 entries)
rank=678 added 13 boundary-only nodes from routing
rank=682/768 dataset=stackoverflow_a2q walkers=10416 (7103712..7114127) steps=30 mode=0 sched=single-bucket delta_t=0 policy=0
rank=682 loaded data/768/stackoverflow_a2q.sub682.txt (|V_local|=3232  t_range=[4577684,239688608])
rank=682 loaded routing data/768/stackoverflow_a2q.rt682.txt (1965 entries)
rank=682 added 9 boundary-only nodes from routing
rank=683/768 dataset=stackoverflow_a2q walkers=10416 (7114128..7124543) steps=30 mode=0 sched=single-bucket delta_t=0 policy=0
rank=683 loaded data/768/stackoverflow_a2q.sub683.txt (|V_local|=3247  t_range=[470731,239612356])
rank=683 loaded routing data/768/stackoverflow_a2q.rt683.txt (2035 entries)
rank=683 added 18 boundary-only nodes from routing
rank=672/768 dataset=stackoverflow_a2q walkers=10416 (6999552..7009967) steps=30 mode=0 sched=single-bucket delta_t=0 policy=0
rank=672 loaded data/768/stackoverflow_a2q.sub672.txt (|V_local|=3125  t_range=[2849975,239562852])
rank=672 loaded routing data/768/stackoverflow_a2q.rt672.txt (2057 entries)
rank=672 added 37 boundary-only nodes from routing
rank=700/768 dataset=stackoverflow_a2q walkers=10416 (7291200..7301615) steps=30 mode=0 sched=single-bucket delta_t=0 policy=0
rank=700 loaded data/768/stackoverflow_a2q.sub700.txt (|V_local|=3137  t_range=[4115740,239672073])
rank=700 loaded routing data/768/stackoverflow_a2q.rt700.txt (2243 entries)
rank=700 added 9 boundary-only nodes from routing
rank=439/768 dataset=stackoverflow_a2q walkers=10416 (4572624..4583039) steps=30 mode=0 sched=single-bucket delta_t=0 policy=0
rank=439 loaded data/768/stackoverflow_a2q.sub439.txt (|V_local|=3230  t_range=[27624909,239673830])
rank=439 loaded routing data/768/stackoverflow_a2q.rt439.txt (2039 entries)
rank=439 added 2 boundary-only nodes from routing
rank=451/768 dataset=stackoverflow_a2q walkers=10416 (4697616..4708031) steps=30 mode=0 sched=single-bucket delta_t=0 policy=0
rank=451 loaded data/768/stackoverflow_a2q.sub451.txt (|V_local|=3159  t_range=[37483301,239682474])
rank=451 loaded routing data/768/stackoverflow_a2q.rt451.txt (2212 entries)
rank=451 added 3 boundary-only nodes from routing
rank=441/768 dataset=stackoverflow_a2q walkers=10416 (4593456..4603871) steps=30 mode=0 sched=single-bucket delta_t=0 policy=0
rank=441 loaded data/768/stackoverflow_a2q.sub441.txt (|V_local|=3159  t_range=[43508705,239681770])
rank=441 loaded routing data/768/stackoverflow_a2q.rt441.txt (2183 entries)
rank=441 added 3 boundary-only nodes from routing
rank=444/768 dataset=stackoverflow_a2q walkers=10416 (4624704..4635119) steps=30 mode=0 sched=single-bucket delta_t=0 policy=0
rank=444 loaded data/768/stackoverflow_a2q.sub444.txt (|V_local|=3149  t_range=[34950066,239688791])
rank=444 loaded routing data/768/stackoverflow_a2q.rt444.txt (2158 entries)
rank=444 added 4 boundary-only nodes from routing
rank=448/768 dataset=stackoverflow_a2q walkers=10416 (4666368..4676783) steps=30 mode=0 sched=single-bucket delta_t=0 policy=0
rank=448 loaded data/768/stackoverflow_a2q.sub448.txt (|V_local|=3255  t_range=[30870623,239695351])
rank=448 loaded routing data/768/stackoverflow_a2q.rt448.txt (2116 entries)
rank=443/768 dataset=stackoverflow_a2q walkers=10416 (4614288..4624703) steps=30 mode=0 sched=single-bucket delta_t=0 policy=0
rank=443 loaded data/768/stackoverflow_a2q.sub443.txt (|V_local|=3197  t_range=[57321955,239695289])
rank=443 loaded routing data/768/stackoverflow_a2q.rt443.txt (2103 entries)
rank=435/768 dataset=stackoverflow_a2q walkers=10416 (4530960..4541375) steps=30 mode=0 sched=single-bucket delta_t=0 policy=0
rank=435 loaded data/768/stackoverflow_a2q.sub435.txt (|V_local|=3153  t_range=[4109521,239675122])
rank=435 loaded routing data/768/stackoverflow_a2q.rt435.txt (2200 entries)
rank=435 added 7 boundary-only nodes from routing
rank=476/768 dataset=stackoverflow_a2q walkers=10416 (4958016..4968431) steps=30 mode=0 sched=single-bucket delta_t=0 policy=0
rank=476 loaded data/768/stackoverflow_a2q.sub476.txt (|V_local|=3156  t_range=[33734211,239624002])
rank=476 loaded routing data/768/stackoverflow_a2q.rt476.txt (2054 entries)
rank=476 added 5 boundary-only nodes from routing
rank=433/768 dataset=stackoverflow_a2q walkers=10416 (4510128..4520543) steps=30 mode=0 sched=single-bucket delta_t=0 policy=0
rank=433 loaded data/768/stackoverflow_a2q.sub433.txt (|V_local|=3248  t_range=[36920531,239672137])
rank=433 loaded routing data/768/stackoverflow_a2q.rt433.txt (2090 entries)
rank=458/768 dataset=stackoverflow_a2q walkers=10416 (4770528..4780943) steps=30 mode=0 sched=single-bucket delta_t=0 policy=0
rank=458 loaded data/768/stackoverflow_a2q.sub458.txt (|V_local|=3304  t_range=[35059841,239677761])
rank=458 loaded routing data/768/stackoverflow_a2q.rt458.txt (1826 entries)
rank=438/768 dataset=stackoverflow_a2q walkers=10416 (4562208..4572623) steps=30 mode=0 sched=single-bucket delta_t=0 policy=0
rank=438 loaded data/768/stackoverflow_a2q.sub438.txt (|V_local|=3152  t_range=[16313508,239696984])
rank=438 loaded routing data/768/stackoverflow_a2q.rt438.txt (2167 entries)
rank=438 added 3 boundary-only nodes from routing
rank=445/768 dataset=stackoverflow_a2q walkers=10416 (4635120..4645535) steps=30 mode=0 sched=single-bucket delta_t=0 policy=0
rank=445 loaded data/768/stackoverflow_a2q.sub445.txt (|V_local|=3156  t_range=[11170727,239675535])
rank=445 loaded routing data/768/stackoverflow_a2q.rt445.txt (2119 entries)
rank=445 added 2 boundary-only nodes from routing
rank=461/768 dataset=stackoverflow_a2q walkers=10416 (4801776..4812191) steps=30 mode=0 sched=single-bucket delta_t=0 policy=0
rank=461 loaded data/768/stackoverflow_a2q.sub461.txt (|V_local|=3154  t_range=[1192947,239597886])
rank=461 loaded routing data/768/stackoverflow_a2q.rt461.txt (2060 entries)
rank=461 added 4 boundary-only nodes from routing
rank=473/768 dataset=stackoverflow_a2q walkers=10416 (4926768..4937183) steps=30 mode=0 sched=single-bucket delta_t=0 policy=0
rank=473 loaded data/768/stackoverflow_a2q.sub473.txt (|V_local|=3304  t_range=[16727317,239694245])
rank=473 loaded routing data/768/stackoverflow_a2q.rt473.txt (1482 entries)
rank=50/768 dataset=stackoverflow_a2q walkers=10416 (520800..531215) steps=30 mode=0 sched=single-bucket delta_t=0 policy=0
rank=50 loaded data/768/stackoverflow_a2q.sub50.txt (|V_local|=3151  t_range=[4144367,239651637])
rank=50 loaded routing data/768/stackoverflow_a2q.rt50.txt (2169 entries)
rank=50 added 11 boundary-only nodes from routing
rank=61/768 dataset=stackoverflow_a2q walkers=10416 (635376..645791) steps=30 mode=0 sched=single-bucket delta_t=0 policy=0
rank=61 loaded data/768/stackoverflow_a2q.sub61.txt (|V_local|=3286  t_range=[1281314,239529787])
rank=61 loaded routing data/768/stackoverflow_a2q.rt61.txt (1780 entries)
rank=61 added 7 boundary-only nodes from routing
rank=57/768 dataset=stackoverflow_a2q walkers=10416 (593712..604127) steps=30 mode=0 sched=single-bucket delta_t=0 policy=0
rank=57 loaded data/768/stackoverflow_a2q.sub57.txt (|V_local|=3141  t_range=[4808105,239664669])
rank=57 loaded routing data/768/stackoverflow_a2q.rt57.txt (2213 entries)
rank=57 added 13 boundary-only nodes from routing
rank=69/768 dataset=stackoverflow_a2q walkers=10416 (718704..729119) steps=30 mode=0 sched=single-bucket delta_t=0 policy=0
rank=69 loaded data/768/stackoverflow_a2q.sub69.txt (|V_local|=3132  t_range=[4128213,239697697])
rank=69 loaded routing data/768/stackoverflow_a2q.rt69.txt (2213 entries)
rank=69 added 26 boundary-only nodes from routing
rank=88/768 dataset=stackoverflow_a2q walkers=10416 (916608..927023) steps=30 mode=0 sched=single-bucket delta_t=0 policy=0
rank=88 loaded data/768/stackoverflow_a2q.sub88.txt (|V_local|=3144  t_range=[4230344,239643724])
rank=88 loaded routing data/768/stackoverflow_a2q.rt88.txt (2175 entries)
rank=88 added 7 boundary-only nodes from routing
rank=70/768 dataset=stackoverflow_a2q walkers=10416 (729120..739535) steps=30 mode=0 sched=single-bucket delta_t=0 policy=0
rank=70 loaded data/768/stackoverflow_a2q.sub70.txt (|V_local|=3147  t_range=[2762995,239668183])
rank=70 loaded routing data/768/stackoverflow_a2q.rt70.txt (2164 entries)
rank=70 added 11 boundary-only nodes from routing
rank=52/768 dataset=stackoverflow_a2q walkers=10416 (541632..552047) steps=30 mode=0 sched=single-bucket delta_t=0 policy=0
rank=52 loaded data/768/stackoverflow_a2q.sub52.txt (|V_local|=3134  t_range=[2495228,239664915])
rank=52 loaded routing data/768/stackoverflow_a2q.rt52.txt (2235 entries)
rank=52 added 18 boundary-only nodes from routing
rank=76/768 dataset=stackoverflow_a2q walkers=10416 (791616..802031) steps=30 mode=0 sched=single-bucket delta_t=0 policy=0
rank=76 loaded data/768/stackoverflow_a2q.sub76.txt (|V_local|=3148  t_range=[4361181,239680022])
rank=76 loaded routing data/768/stackoverflow_a2q.rt76.txt (1943 entries)
rank=76 added 10 boundary-only nodes from routing
rank=72/768 dataset=stackoverflow_a2q walkers=10416 (749952..760367) steps=30 mode=0 sched=single-bucket delta_t=0 policy=0
rank=72 loaded data/768/stackoverflow_a2q.sub72.txt (|V_local|=3141  t_range=[1729195,239678320])
rank=72 loaded routing data/768/stackoverflow_a2q.rt72.txt (2123 entries)
rank=72 added 11 boundary-only nodes from routing
rank=64/768 dataset=stackoverflow_a2q walkers=10416 (666624..677039) steps=30 mode=0 sched=single-bucket delta_t=0 policy=0
rank=64 loaded data/768/stackoverflow_a2q.sub64.txt (|V_local|=3138  t_range=[1607731,239666891])
rank=64 loaded routing data/768/stackoverflow_a2q.rt64.txt (2252 entries)
rank=64 added 19 boundary-only nodes from routing
rank=49/768 dataset=stackoverflow_a2q walkers=10416 (510384..520799) steps=30 mode=0 sched=single-bucket delta_t=0 policy=0
rank=49 loaded data/768/stackoverflow_a2q.sub49.txt (|V_local|=3151  t_range=[12005811,239634024])
rank=49 loaded routing data/768/stackoverflow_a2q.rt49.txt (2153 entries)
rank=49 added 5 boundary-only nodes from routing
rank=53/768 dataset=stackoverflow_a2q walkers=10416 (552048..562463) steps=30 mode=0 sched=single-bucket delta_t=0 policy=0
rank=53 loaded data/768/stackoverflow_a2q.sub53.txt (|V_local|=3141  t_range=[16018446,239677945])
rank=53 loaded routing data/768/stackoverflow_a2q.rt53.txt (2190 entries)
rank=53 added 11 boundary-only nodes from routing
rank=73/768 dataset=stackoverflow_a2q walkers=10416 (760368..770783) steps=30 mode=0 sched=single-bucket delta_t=0 policy=0
rank=73 loaded data/768/stackoverflow_a2q.sub73.txt (|V_local|=3303  t_range=[3205695,239553547])
rank=73 loaded routing data/768/stackoverflow_a2q.rt73.txt (1314 entries)
rank=73 added 1 boundary-only nodes from routing
rank=51/768 dataset=stackoverflow_a2q walkers=10416 (531216..541631) steps=30 mode=0 sched=single-bucket delta_t=0 policy=0
rank=51 loaded data/768/stackoverflow_a2q.sub51.txt (|V_local|=3149  t_range=[6485945,239675237])
rank=51 loaded routing data/768/stackoverflow_a2q.rt51.txt (2194 entries)
rank=51 added 6 boundary-only nodes from routing
rank=54/768 dataset=stackoverflow_a2q walkers=10416 (562464..572879) steps=30 mode=0 sched=single-bucket delta_t=0 policy=0
rank=54 loaded data/768/stackoverflow_a2q.sub54.txt (|V_local|=3154  t_range=[25297845,239644753])
rank=54 loaded routing data/768/stackoverflow_a2q.rt54.txt (2174 entries)
rank=54 added 17 boundary-only nodes from routing
rank=90/768 dataset=stackoverflow_a2q walkers=10416 (937440..947855) steps=30 mode=0 sched=single-bucket delta_t=0 policy=0
rank=90 loaded data/768/stackoverflow_a2q.sub90.txt (|V_local|=3149  t_range=[4415794,239684250])
rank=90 loaded routing data/768/stackoverflow_a2q.rt90.txt (2197 entries)
rank=90 added 8 boundary-only nodes from routing
rank=48/768 dataset=stackoverflow_a2q walkers=10416 (499968..510383) steps=30 mode=0 sched=single-bucket delta_t=0 policy=0
rank=48 loaded data/768/stackoverflow_a2q.sub48.txt (|V_local|=3139  t_range=[4132404,239677777])
rank=48 loaded routing data/768/stackoverflow_a2q.rt48.txt (2234 entries)
rank=48 added 21 boundary-only nodes from routing
rank=63/768 dataset=stackoverflow_a2q walkers=10416 (656208..666623) steps=30 mode=0 sched=single-bucket delta_t=0 policy=0
rank=63 loaded data/768/stackoverflow_a2q.sub63.txt (|V_local|=3146  t_range=[3802324,239667867])
rank=63 loaded routing data/768/stackoverflow_a2q.rt63.txt (2173 entries)
rank=63 added 12 boundary-only nodes from routing
rank=56/768 dataset=stackoverflow_a2q walkers=10416 (583296..593711) steps=30 mode=0 sched=single-bucket delta_t=0 policy=0
rank=56 loaded data/768/stackoverflow_a2q.sub56.txt (|V_local|=3303  t_range=[19710876,239676319])
rank=56 loaded routing data/768/stackoverflow_a2q.rt56.txt (1706 entries)
rank=56 added 2 boundary-only nodes from routing
rank=77/768 dataset=stackoverflow_a2q walkers=10416 (802032..812447) steps=30 mode=0 sched=single-bucket delta_t=0 policy=0
rank=77 loaded data/768/stackoverflow_a2q.sub77.txt (|V_local|=3248  t_range=[6560641,239690776])
rank=77 loaded routing data/768/stackoverflow_a2q.rt77.txt (2027 entries)
rank=77 added 5 boundary-only nodes from routing
rank=65/768 dataset=stackoverflow_a2q walkers=10416 (677040..687455) steps=30 mode=0 sched=single-bucket delta_t=0 policy=0
rank=65 loaded data/768/stackoverflow_a2q.sub65.txt (|V_local|=3140  t_range=[4207185,239664414])
rank=65 loaded routing data/768/stackoverflow_a2q.rt65.txt (2139 entries)
rank=65 added 18 boundary-only nodes from routing
rank=85/768 dataset=stackoverflow_a2q walkers=10416 (885360..895775) steps=30 mode=0 sched=single-bucket delta_t=0 policy=0
rank=85 loaded data/768/stackoverflow_a2q.sub85.txt (|V_local|=3299  t_range=[4117606,239573743])
rank=85 loaded routing data/768/stackoverflow_a2q.rt85.txt (1635 entries)
rank=85 added 1 boundary-only nodes from routing
rank=541/768 dataset=stackoverflow_a2q walkers=10416 (5635056..5645471) steps=30 mode=0 sched=single-bucket delta_t=0 policy=0
rank=541 loaded data/768/stackoverflow_a2q.sub541.txt (|V_local|=3155  t_range=[29654290,239690496])
rank=541 loaded routing data/768/stackoverflow_a2q.rt541.txt (2044 entries)
rank=541 added 2 boundary-only nodes from routing
rank=529/768 dataset=stackoverflow_a2q walkers=10416 (5510064..5520479) steps=30 mode=0 sched=single-bucket delta_t=0 policy=0
rank=529 loaded data/768/stackoverflow_a2q.sub529.txt (|V_local|=3302  t_range=[3431961,239635926])
rank=529 loaded routing data/768/stackoverflow_a2q.rt529.txt (1638 entries)
rank=529 added 3 boundary-only nodes from routing
rank=534/768 dataset=stackoverflow_a2q walkers=10416 (5562144..5572559) steps=30 mode=0 sched=single-bucket delta_t=0 policy=0
rank=534 loaded data/768/stackoverflow_a2q.sub534.txt (|V_local|=3157  t_range=[4133061,239674703])
rank=534 loaded routing data/768/stackoverflow_a2q.rt534.txt (1922 entries)
rank=534 added 3 boundary-only nodes from routing
rank=554/768 dataset=stackoverflow_a2q walkers=10416 (5770464..5780879) steps=30 mode=0 sched=single-bucket delta_t=0 policy=0
rank=554 loaded data/768/stackoverflow_a2q.sub554.txt (|V_local|=3166  t_range=[14229678,239686489])
rank=554 loaded routing data/768/stackoverflow_a2q.rt554.txt (1849 entries)
rank=554 added 4 boundary-only nodes from routing
rank=536/768 dataset=stackoverflow_a2q walkers=10416 (5582976..5593391) steps=30 mode=0 sched=single-bucket delta_t=0 policy=0
rank=536 loaded data/768/stackoverflow_a2q.sub536.txt (|V_local|=3160  t_range=[6606529,239691342])
rank=536 loaded routing data/768/stackoverflow_a2q.rt536.txt (1924 entries)
rank=531/768 dataset=stackoverflow_a2q walkers=10416 (5530896..5541311) steps=30 mode=0 sched=single-bucket delta_t=0 policy=0
rank=531 loaded data/768/stackoverflow_a2q.sub531.txt (|V_local|=3159  t_range=[29997980,239693171])
rank=531 loaded routing data/768/stackoverflow_a2q.rt531.txt (1880 entries)
rank=531 added 6 boundary-only nodes from routing
rank=533/768 dataset=stackoverflow_a2q walkers=10416 (5551728..5562143) steps=30 mode=0 sched=single-bucket delta_t=0 policy=0
rank=533 loaded data/768/stackoverflow_a2q.sub533.txt (|V_local|=3301  t_range=[4055423,239687516])
rank=533 loaded routing data/768/stackoverflow_a2q.rt533.txt (1766 entries)
rank=533 added 2 boundary-only nodes from routing
rank=574/768 dataset=stackoverflow_a2q walkers=10416 (5978784..5989199) steps=30 mode=0 sched=single-bucket delta_t=0 policy=0
rank=574 loaded data/768/stackoverflow_a2q.sub574.txt (|V_local|=3165  t_range=[2991409,239673432])
rank=574 loaded routing data/768/stackoverflow_a2q.rt574.txt (1700 entries)
rank=574 added 5 boundary-only nodes from routing
rank=548/768 dataset=stackoverflow_a2q walkers=10416 (5707968..5718383) steps=30 mode=0 sched=single-bucket delta_t=0 policy=0
rank=548 loaded data/768/stackoverflow_a2q.sub548.txt (|V_local|=3296  t_range=[4760142,239684974])
rank=548 loaded routing data/768/stackoverflow_a2q.rt548.txt (2097 entries)
rank=548 added 3 boundary-only nodes from routing
rank=544/768 dataset=stackoverflow_a2q walkers=10416 (5666304..5676719) steps=30 mode=0 sched=single-bucket delta_t=0 policy=0
rank=544 loaded data/768/stackoverflow_a2q.sub544.txt (|V_local|=3300  t_range=[30702599,239678132])
rank=544 loaded routing data/768/stackoverflow_a2q.rt544.txt (1994 entries)
rank=544 added 4 boundary-only nodes from routing
rank=546/768 dataset=stackoverflow_a2q walkers=10416 (5687136..5697551) steps=30 mode=0 sched=single-bucket delta_t=0 policy=0
rank=546 loaded data/768/stackoverflow_a2q.sub546.txt (|V_local|=3159  t_range=[18927955,239648095])
rank=546 loaded routing data/768/stackoverflow_a2q.rt546.txt (2129 entries)
rank=546 added 4 boundary-only nodes from routing
rank=530/768 dataset=stackoverflow_a2q walkers=10416 (5520480..5530895) steps=30 mode=0 sched=single-bucket delta_t=0 policy=0
rank=530 loaded data/768/stackoverflow_a2q.sub530.txt (|V_local|=3298  t_range=[45891514,239597010])
rank=530 loaded routing data/768/stackoverflow_a2q.rt530.txt (2016 entries)
rank=530 added 3 boundary-only nodes from routing
rank=570/768 dataset=stackoverflow_a2q walkers=10416 (5937120..5947535) steps=30 mode=0 sched=single-bucket delta_t=0 policy=0
rank=570 loaded data/768/stackoverflow_a2q.sub570.txt (|V_local|=3121  t_range=[30110578,239688609])
rank=570 loaded routing data/768/stackoverflow_a2q.rt570.txt (2135 entries)
rank=570 added 33 boundary-only nodes from routing
rank=539/768 dataset=stackoverflow_a2q walkers=10416 (5614224..5624639) steps=30 mode=0 sched=single-bucket delta_t=0 policy=0
rank=539 loaded data/768/stackoverflow_a2q.sub539.txt (|V_local|=3300  t_range=[28328835,239698693])
rank=539 loaded routing data/768/stackoverflow_a2q.rt539.txt (1867 entries)
rank=539 added 1 boundary-only nodes from routing
rank=547/768 dataset=stackoverflow_a2q walkers=10416 (5697552..5707967) steps=30 mode=0 sched=single-bucket delta_t=0 policy=0
rank=547 loaded data/768/stackoverflow_a2q.sub547.txt (|V_local|=3289  t_range=[46361111,239698486])
rank=547 loaded routing data/768/stackoverflow_a2q.rt547.txt (1969 entries)
rank=547 added 4 boundary-only nodes from routing
rank=537/768 dataset=stackoverflow_a2q walkers=10416 (5593392..5603807) steps=30 mode=0 sched=single-bucket delta_t=0 policy=0
rank=537 loaded data/768/stackoverflow_a2q.sub537.txt (|V_local|=3152  t_range=[19632348,239692814])
rank=537 loaded routing data/768/stackoverflow_a2q.rt537.txt (2218 entries)
rank=537 added 5 boundary-only nodes from routing
rank=542/768 dataset=stackoverflow_a2q walkers=10416 (5645472..5655887) steps=30 mode=0 sched=single-bucket delta_t=0 policy=0
rank=542 loaded data/768/stackoverflow_a2q.sub542.txt (|V_local|=3298  t_range=[24514207,239696094])
rank=542 loaded routing data/768/stackoverflow_a2q.rt542.txt (1946 entries)
rank=542 added 2 boundary-only nodes from routing
rank=535/768 dataset=stackoverflow_a2q walkers=10416 (5572560..5582975) steps=30 mode=0 sched=single-bucket delta_t=0 policy=0
rank=535 loaded data/768/stackoverflow_a2q.sub535.txt (|V_local|=3146  t_range=[31513074,239697224])
rank=535 loaded routing data/768/stackoverflow_a2q.rt535.txt (2208 entries)
rank=535 added 10 boundary-only nodes from routing
rank=550/768 dataset=stackoverflow_a2q walkers=10416 (5728800..5739215) steps=30 mode=0 sched=single-bucket delta_t=0 policy=0
rank=550 loaded data/768/stackoverflow_a2q.sub550.txt (|V_local|=3244  t_range=[26346756,239692107])
rank=550 loaded routing data/768/stackoverflow_a2q.rt550.txt (2101 entries)
rank=556/768 dataset=stackoverflow_a2q walkers=10416 (5791296..5801711) steps=30 mode=0 sched=single-bucket delta_t=0 policy=0
rank=556 loaded data/768/stackoverflow_a2q.sub556.txt (|V_local|=3301  t_range=[27088589,239652040])
rank=556 loaded routing data/768/stackoverflow_a2q.rt556.txt (1770 entries)
rank=556 added 3 boundary-only nodes from routing
rank=555/768 dataset=stackoverflow_a2q walkers=10416 (5780880..5791295) steps=30 mode=0 sched=single-bucket delta_t=0 policy=0
rank=555 loaded data/768/stackoverflow_a2q.sub555.txt (|V_local|=3136  t_range=[7246496,239670252])
rank=555 loaded routing data/768/stackoverflow_a2q.rt555.txt (2194 entries)
rank=555 added 12 boundary-only nodes from routing
rank=560/768 dataset=stackoverflow_a2q walkers=10416 (5832960..5843375) steps=30 mode=0 sched=single-bucket delta_t=0 policy=0
rank=560 loaded data/768/stackoverflow_a2q.sub560.txt (|V_local|=3264  t_range=[4061471,239692716])
rank=560 loaded routing data/768/stackoverflow_a2q.rt560.txt (2274 entries)
rank=560 added 12 boundary-only nodes from routing
rank=567/768 dataset=stackoverflow_a2q walkers=10416 (5905872..5916287) steps=30 mode=0 sched=single-bucket delta_t=0 policy=0
rank=567 loaded data/768/stackoverflow_a2q.sub567.txt (|V_local|=3143  t_range=[16237631,239684073])
rank=567 loaded routing data/768/stackoverflow_a2q.rt567.txt (2155 entries)
rank=567 added 11 boundary-only nodes from routing
rank=538/768 dataset=stackoverflow_a2q walkers=10416 (5603808..5614223) steps=30 mode=0 sched=single-bucket delta_t=0 policy=0
rank=152/768 dataset=stackoverflow_a2q walkers=10416 (1583232..1593647) steps=30 mode=0 sched=single-bucket delta_t=0 policy=0
rank=152 loaded data/768/stackoverflow_a2q.sub152.txt (|V_local|=3301  t_range=[4663506,239600705])
rank=152 loaded routing data/768/stackoverflow_a2q.rt152.txt (1317 entries)
rank=152 added 4 boundary-only nodes from routing
rank=162/768 dataset=stackoverflow_a2q walkers=10416 (1687392..1697807) steps=30 mode=0 sched=single-bucket delta_t=0 policy=0
rank=162 loaded data/768/stackoverflow_a2q.sub162.txt (|V_local|=3133  t_range=[3131037,239634319])
rank=162 loaded routing data/768/stackoverflow_a2q.rt162.txt (2211 entries)
rank=162 added 22 boundary-only nodes from routing
rank=178/768 dataset=stackoverflow_a2q walkers=10416 (1854048..1864463) steps=30 mode=0 sched=single-bucket delta_t=0 policy=0
rank=178 loaded data/768/stackoverflow_a2q.sub178.txt (|V_local|=3289  t_range=[2908833,239653745])
rank=178 loaded routing data/768/stackoverflow_a2q.rt178.txt (1305 entries)
rank=178 added 16 boundary-only nodes from routing
rank=163/768 dataset=stackoverflow_a2q walkers=10416 (1697808..1708223) steps=30 mode=0 sched=single-bucket delta_t=0 policy=0
rank=163 loaded data/768/stackoverflow_a2q.sub163.txt (|V_local|=3301  t_range=[3955105,239680527])
rank=163 loaded routing data/768/stackoverflow_a2q.rt163.txt (1836 entries)
rank=163 added 3 boundary-only nodes from routing
rank=147/768 dataset=stackoverflow_a2q walkers=10416 (1531152..1541567) steps=30 mode=0 sched=single-bucket delta_t=0 policy=0
rank=147 loaded data/768/stackoverflow_a2q.sub147.txt (|V_local|=3261  t_range=[4680239,239643500])
rank=147 loaded routing data/768/stackoverflow_a2q.rt147.txt (2001 entries)
rank=147 added 19 boundary-only nodes from routing
rank=160/768 dataset=stackoverflow_a2q walkers=10416 (1666560..1676975) steps=30 mode=0 sched=single-bucket delta_t=0 policy=0
rank=160 loaded data/768/stackoverflow_a2q.sub160.txt (|V_local|=3125  t_range=[2877792,239663380])
rank=160 loaded routing data/768/stackoverflow_a2q.rt160.txt (2147 entries)
rank=160 added 37 boundary-only nodes from routing
rank=158/768 dataset=stackoverflow_a2q walkers=10416 (1645728..1656143) steps=30 mode=0 sched=single-bucket delta_t=0 policy=0
rank=158 loaded data/768/stackoverflow_a2q.sub158.txt (|V_local|=3288  t_range=[578990,239657582])
rank=158 loaded routing data/768/stackoverflow_a2q.rt158.txt (1744 entries)
rank=158 added 14 boundary-only nodes from routing
rank=157/768 dataset=stackoverflow_a2q walkers=10416 (1635312..1645727) steps=30 mode=0 sched=single-bucket delta_t=0 policy=0
rank=157 loaded data/768/stackoverflow_a2q.sub157.txt (|V_local|=3283  t_range=[1631927,239551395])
rank=157 loaded routing data/768/stackoverflow_a2q.rt157.txt (1689 entries)
rank=157 added 18 boundary-only nodes from routing
rank=146/768 dataset=stackoverflow_a2q walkers=10416 (1520736..1531151) steps=30 mode=0 sched=single-bucket delta_t=0 policy=0
rank=146 loaded data/768/stackoverflow_a2q.sub146.txt (|V_local|=3135  t_range=[1590904,239669267])
rank=146 loaded routing data/768/stackoverflow_a2q.rt146.txt (2095 entries)
rank=146 added 19 boundary-only nodes from routing
rank=174/768 dataset=stackoverflow_a2q walkers=10416 (1812384..1822799) steps=30 mode=0 sched=single-bucket delta_t=0 policy=0
rank=174 loaded data/768/stackoverflow_a2q.sub174.txt (|V_local|=3136  t_range=[2915182,239663192])
rank=174 loaded routing data/768/stackoverflow_a2q.rt174.txt (2057 entries)
rank=174 added 21 boundary-only nodes from routing
rank=167/768 dataset=stackoverflow_a2q walkers=10416 (1739472..1749887) steps=30 mode=0 sched=single-bucket delta_t=0 policy=0
rank=167 loaded data/768/stackoverflow_a2q.sub167.txt (|V_local|=3147  t_range=[1177970,239676655])
rank=167 loaded routing data/768/stackoverflow_a2q.rt167.txt (2157 entries)
rank=167 added 8 boundary-only nodes from routing
rank=154/768 dataset=stackoverflow_a2q walkers=10416 (1604064..1614479) steps=30 mode=0 sched=single-bucket delta_t=0 policy=0
rank=154 loaded data/768/stackoverflow_a2q.sub154.txt (|V_local|=3136  t_range=[1029625,239659127])
rank=154 loaded routing data/768/stackoverflow_a2q.rt154.txt (2142 entries)
rank=154 added 18 boundary-only nodes from routing
rank=148/768 dataset=stackoverflow_a2q walkers=10416 (1541568..1551983) steps=30 mode=0 sched=single-bucket delta_t=0 policy=0
rank=148 loaded data/768/stackoverflow_a2q.sub148.txt (|V_local|=3299  t_range=[4177742,239677821])
rank=148 loaded routing data/768/stackoverflow_a2q.rt148.txt (1552 entries)
rank=148 added 6 boundary-only nodes from routing
rank=177/768 dataset=stackoverflow_a2q walkers=10416 (1843632..1854047) steps=30 mode=0 sched=single-bucket delta_t=0 policy=0
rank=177 loaded data/768/stackoverflow_a2q.sub177.txt (|V_local|=3128  t_range=[519120,239576420])
rank=177 loaded routing data/768/stackoverflow_a2q.rt177.txt (2019 entries)
rank=177 added 24 boundary-only nodes from routing
rank=169/768 dataset=stackoverflow_a2q walkers=10416 (1760304..1770719) steps=30 mode=0 sched=single-bucket delta_t=0 policy=0
rank=169 loaded data/768/stackoverflow_a2q.sub169.txt (|V_local|=3305  t_range=[13697552,239625444])
rank=169 loaded routing data/768/stackoverflow_a2q.rt169.txt (1021 entries)
rank=149/768 dataset=stackoverflow_a2q walkers=10416 (1551984..1562399) steps=30 mode=0 sched=single-bucket delta_t=0 policy=0
rank=149 loaded data/768/stackoverflow_a2q.sub149.txt (|V_local|=3132  t_range=[4129381,239651798])
rank=149 loaded routing data/768/stackoverflow_a2q.rt149.txt (2125 entries)
rank=149 added 17 boundary-only nodes from routing
rank=151/768 dataset=stackoverflow_a2q walkers=10416 (1572816..1583231) steps=30 mode=0 sched=single-bucket delta_t=0 policy=0
rank=151 loaded data/768/stackoverflow_a2q.sub151.txt (|V_local|=3280  t_range=[9497144,239661154])
rank=151 loaded routing data/768/stackoverflow_a2q.rt151.txt (1832 entries)
rank=151 added 24 boundary-only nodes from routing
rank=173/768 dataset=stackoverflow_a2q walkers=10416 (1801968..1812383) steps=30 mode=0 sched=single-bucket delta_t=0 policy=0
rank=173 loaded data/768/stackoverflow_a2q.sub173.txt (|V_local|=3289  t_range=[1510916,239577651])
rank=173 loaded routing data/768/stackoverflow_a2q.rt173.txt (1305 entries)
rank=173 added 14 boundary-only nodes from routing
rank=175/768 dataset=stackoverflow_a2q walkers=10416 (1822800..1833215) steps=30 mode=0 sched=single-bucket delta_t=0 policy=0
rank=175 loaded data/768/stackoverflow_a2q.sub175.txt (|V_local|=3154  t_range=[1640037,239502429])
rank=175 loaded routing data/768/stackoverflow_a2q.rt175.txt (2007 entries)
rank=175 added 14 boundary-only nodes from routing
rank=153/768 dataset=stackoverflow_a2q walkers=10416 (1593648..1604063) steps=30 mode=0 sched=single-bucket delta_t=0 policy=0
rank=153 loaded data/768/stackoverflow_a2q.sub153.txt (|V_local|=3159  t_range=[307056,239536770])
rank=153 loaded routing data/768/stackoverflow_a2q.rt153.txt (2092 entries)
rank=153 added 3 boundary-only nodes from routing
rank=170/768 dataset=stackoverflow_a2q walkers=10416 (1770720..1781135) steps=30 mode=0 sched=single-bucket delta_t=0 policy=0
rank=170 loaded data/768/stackoverflow_a2q.sub170.txt (|V_local|=3304  t_range=[4102223,239643173])
rank=170 loaded routing data/768/stackoverflow_a2q.rt170.txt (1459 entries)
rank=170 added 1 boundary-only nodes from routing
rank=145/768 dataset=stackoverflow_a2q walkers=10416 (1510320..1520735) steps=30 mode=0 sched=single-bucket delta_t=0 policy=0
rank=145 loaded data/768/stackoverflow_a2q.sub145.txt (|V_local|=3297  t_range=[1884335,239641329])
rank=145 loaded routing data/768/stackoverflow_a2q.rt145.txt (1979 entries)
rank=145 added 3 boundary-only nodes from routing
rank=179/768 dataset=stackoverflow_a2q walkers=10416 (1864464..1874879) steps=30 mode=0 sched=single-bucket delta_t=0 policy=0
rank=179 loaded data/768/stackoverflow_a2q.sub179.txt (|V_local|=3302  t_range=[570920,239644420])
rank=179 loaded routing data/768/stackoverflow_a2q.rt179.txt (1139 entries)
rank=179 added 3 boundary-only nodes from routing
rank=330/768 dataset=stackoverflow_a2q walkers=10416 (3437280..3447695) steps=30 mode=0 sched=single-bucket delta_t=0 policy=0
rank=330 loaded data/768/stackoverflow_a2q.sub330.txt (|V_local|=3138  t_range=[3966413,239686692])
rank=330 loaded routing data/768/stackoverflow_a2q.rt330.txt (2121 entries)
rank=330 added 12 boundary-only nodes from routing
rank=305/768 dataset=stackoverflow_a2q walkers=10416 (3176880..3187295) steps=30 mode=0 sched=single-bucket delta_t=0 policy=0
rank=305 loaded data/768/stackoverflow_a2q.sub305.txt (|V_local|=3148  t_range=[2174466,239651755])
rank=305 loaded routing data/768/stackoverflow_a2q.rt305.txt (1897 entries)
rank=305 added 9 boundary-only nodes from routing
rank=322/768 dataset=stackoverflow_a2q walkers=10416 (3353952..3364367) steps=30 mode=0 sched=single-bucket delta_t=0 policy=0
rank=322 loaded data/768/stackoverflow_a2q.sub322.txt (|V_local|=3152  t_range=[2035992,239688769])
rank=322 loaded routing data/768/stackoverflow_a2q.rt322.txt (2019 entries)
rank=322 added 7 boundary-only nodes from routing
rank=411/768 dataset=stackoverflow_a2q walkers=10416 (4280976..4291391) steps=30 mode=0 sched=single-bucket delta_t=0 policy=0
rank=411 loaded data/768/stackoverflow_a2q.sub411.txt (|V_local|=3155  t_range=[20909171,239678245])
rank=411 loaded routing data/768/stackoverflow_a2q.rt411.txt (2168 entries)
rank=411 added 2 boundary-only nodes from routing
rank=387/768 dataset=stackoverflow_a2q walkers=10416 (4030992..4041407) steps=30 mode=0 sched=single-bucket delta_t=0 policy=0
rank=387 loaded data/768/stackoverflow_a2q.sub387.txt (|V_local|=3150  t_range=[16850232,239678189])
rank=387 loaded routing data/768/stackoverflow_a2q.rt387.txt (2213 entries)
rank=387 added 7 boundary-only nodes from routing
rank=404/768 dataset=stackoverflow_a2q walkers=10416 (4208064..4218479) steps=30 mode=0 sched=single-bucket delta_t=0 policy=0
rank=404 loaded data/768/stackoverflow_a2q.sub404.txt (|V_local|=3304  t_range=[12524940,239689731])
rank=404 loaded routing data/768/stackoverflow_a2q.rt404.txt (1958 entries)
rank=404 added 1 boundary-only nodes from routing
rank=391/768 dataset=stackoverflow_a2q walkers=10416 (4072656..4083071) steps=30 mode=0 sched=single-bucket delta_t=0 policy=0
rank=391 loaded data/768/stackoverflow_a2q.sub391.txt (|V_local|=3301  t_range=[44670761,239647357])
rank=391 loaded routing data/768/stackoverflow_a2q.rt391.txt (1950 entries)
rank=395/768 dataset=stackoverflow_a2q walkers=10416 (4114320..4124735) steps=30 mode=0 sched=single-bucket delta_t=0 policy=0
rank=395 loaded data/768/stackoverflow_a2q.sub395.txt (|V_local|=3302  t_range=[12103443,239672261])
rank=395 loaded routing data/768/stackoverflow_a2q.rt395.txt (1711 entries)
rank=395 added 1 boundary-only nodes from routing
rank=418/768 dataset=stackoverflow_a2q walkers=10416 (4353888..4364303) steps=30 mode=0 sched=single-bucket delta_t=0 policy=0
rank=418 loaded data/768/stackoverflow_a2q.sub418.txt (|V_local|=3158  t_range=[3949056,239643130])
rank=418 loaded routing data/768/stackoverflow_a2q.rt418.txt (1998 entries)
rank=418 added 1 boundary-only nodes from routing
rank=397/768 dataset=stackoverflow_a2q walkers=10416 (4135152..4145567) steps=30 mode=0 sched=single-bucket delta_t=0 policy=0
rank=397 loaded data/768/stackoverflow_a2q.sub397.txt (|V_local|=3166  t_range=[23734541,239575653])
rank=397 loaded routing data/768/stackoverflow_a2q.rt397.txt (2092 entries)
rank=397 added 4 boundary-only nodes from routing
rank=420/768 dataset=stackoverflow_a2q walkers=10416 (4374720..4385135) steps=30 mode=0 sched=single-bucket delta_t=0 policy=0
rank=420 loaded data/768/stackoverflow_a2q.sub420.txt (|V_local|=3154  t_range=[33291938,239662326])
rank=420 loaded routing data/768/stackoverflow_a2q.rt420.txt (2100 entries)
rank=420 added 5 boundary-only nodes from routing
rank=399/768 dataset=stackoverflow_a2q walkers=10416 (4155984..4166399) steps=30 mode=0 sched=single-bucket delta_t=0 policy=0
rank=399 loaded data/768/stackoverflow_a2q.sub399.txt (|V_local|=3145  t_range=[6549265,239680384])
rank=399 loaded routing data/768/stackoverflow_a2q.rt399.txt (2115 entries)
rank=399 added 9 boundary-only nodes from routing
rank=412/768 dataset=stackoverflow_a2q walkers=10416 (4291392..4301807) steps=30 mode=0 sched=single-bucket delta_t=0 policy=0
rank=412 loaded data/768/stackoverflow_a2q.sub412.txt (|V_local|=3146  t_range=[6032630,239694025])
rank=412 loaded routing data/768/stackoverflow_a2q.rt412.txt (2002 entries)
rank=412 added 5 boundary-only nodes from routing
rank=429/768 dataset=stackoverflow_a2q walkers=10416 (4468464..4478879) steps=30 mode=0 sched=single-bucket delta_t=0 policy=0
rank=429 loaded data/768/stackoverflow_a2q.sub429.txt (|V_local|=3157  t_range=[10117608,239657255])
rank=429 loaded routing data/768/stackoverflow_a2q.rt429.txt (2214 entries)
rank=429 added 1 boundary-only nodes from routing
rank=413/768 dataset=stackoverflow_a2q walkers=10416 (4301808..4312223) steps=30 mode=0 sched=single-bucket delta_t=0 policy=0
rank=413 loaded data/768/stackoverflow_a2q.sub413.txt (|V_local|=3141  t_range=[9191048,239685633])
rank=413 loaded routing data/768/stackoverflow_a2q.rt413.txt (2130 entries)
rank=413 added 21 boundary-only nodes from routing
rank=422/768 dataset=stackoverflow_a2q walkers=10416 (4395552..4405967) steps=30 mode=0 sched=single-bucket delta_t=0 policy=0
rank=422 loaded data/768/stackoverflow_a2q.sub422.txt (|V_local|=3151  t_range=[28627453,239685965])
rank=422 loaded routing data/768/stackoverflow_a2q.rt422.txt (2069 entries)
rank=422 added 1 boundary-only nodes from routing
rank=414/768 dataset=stackoverflow_a2q walkers=10416 (4312224..4322639) steps=30 mode=0 sched=single-bucket delta_t=0 policy=0
rank=414 loaded data/768/stackoverflow_a2q.sub414.txt (|V_local|=3155  t_range=[30706977,239686393])
rank=414 loaded routing data/768/stackoverflow_a2q.rt414.txt (2132 entries)
rank=414 added 3 boundary-only nodes from routing
rank=389/768 dataset=stackoverflow_a2q walkers=10416 (4051824..4062239) steps=30 mode=0 sched=single-bucket delta_t=0 policy=0
rank=389 loaded data/768/stackoverflow_a2q.sub389.txt (|V_local|=3304  t_range=[39624639,239659965])
rank=389 loaded routing data/768/stackoverflow_a2q.rt389.txt (1879 entries)
rank=405/768 dataset=stackoverflow_a2q walkers=10416 (4218480..4228895) steps=30 mode=0 sched=single-bucket delta_t=0 policy=0
rank=405 loaded data/768/stackoverflow_a2q.sub405.txt (|V_local|=3157  t_range=[5175214,239613310])
rank=405 loaded routing data/768/stackoverflow_a2q.rt405.txt (1945 entries)
rank=405 added 2 boundary-only nodes from routing
rank=410/768 dataset=stackoverflow_a2q walkers=10416 (4270560..4280975) steps=30 mode=0 sched=single-bucket delta_t=0 policy=0
rank=410 loaded data/768/stackoverflow_a2q.sub410.txt (|V_local|=3302  t_range=[41650370,239617902])
rank=410 loaded routing data/768/stackoverflow_a2q.rt410.txt (2110 entries)
rank=388/768 dataset=stackoverflow_a2q walkers=10416 (4041408..4051823) steps=30 mode=0 sched=single-bucket delta_t=0 policy=0
rank=388 loaded data/768/stackoverflow_a2q.sub388.txt (|V_local|=3167  t_range=[28934556,239593619])
rank=388 loaded routing data/768/stackoverflow_a2q.rt388.txt (1688 entries)
rank=388 added 1 boundary-only nodes from routing
rank=421/768 dataset=stackoverflow_a2q walkers=10416 (4385136..4395551) steps=30 mode=0 sched=single-bucket delta_t=0 policy=0
rank=421 loaded data/768/stackoverflow_a2q.sub421.txt (|V_local|=3150  t_range=[3955293,239685998])
rank=421 loaded routing data/768/stackoverflow_a2q.rt421.txt (2049 entries)
rank=421 added 4 boundary-only nodes from routing
rank=408/768 dataset=stackoverflow_a2q walkers=10416 (4249728..4260143) steps=30 mode=0 sched=single-bucket delta_t=0 policy=0
rank=408 loaded data/768/stackoverflow_a2q.sub408.txt (|V_local|=3167  t_range=[3983880,239659107])
rank=408 loaded routing data/768/stackoverflow_a2q.rt408.txt (2174 entries)
rank=408 added 2 boundary-only nodes from routing
rank=386/768 dataset=stackoverflow_a2q walkers=10416 (4020576..4030991) steps=30 mode=0 sched=single-bucket delta_t=0 policy=0
rank=386 loaded data/768/stackoverflow_a2q.sub386.txt (|V_local|=3213  t_range=[32049161,239695848])
rank=386 loaded routing data/768/stackoverflow_a2q.rt386.txt (1749 entries)
rank=390/768 dataset=stackoverflow_a2q walkers=10416 (4062240..4072655) steps=30 mode=0 sched=single-bucket delta_t=0 policy=0
rank=390 loaded data/768/stackoverflow_a2q.sub390.txt (|V_local|=3154  t_range=[16432117,239634095])
rank=390 loaded routing data/768/stackoverflow_a2q.rt390.txt (2153 entries)
rank=390 added 7 boundary-only nodes from routing
rank=394/768 dataset=stackoverflow_a2q walkers=10416 (4103904..4114319) steps=30 mode=0 sched=single-bucket delta_t=0 policy=0
rank=394 loaded data/768/stackoverflow_a2q.sub394.txt (|V_local|=3172  t_range=[33633008,239692587])
rank=394 loaded routing data/768/stackoverflow_a2q.rt394.txt (2031 entries)
rank=394 added 2 boundary-only nodes from routing
rank=406/768 dataset=stackoverflow_a2q walkers=10416 (4228896..4239311) steps=30 mode=0 sched=single-bucket delta_t=0 policy=0
rank=406 loaded data/768/stackoverflow_a2q.sub406.txt (|V_local|=3153  t_range=[13185249,239669565])
rank=632/768 dataset=stackoverflow_a2q walkers=10416 (6582912..6593327) steps=30 mode=0 sched=single-bucket delta_t=0 policy=0
rank=632 loaded data/768/stackoverflow_a2q.sub632.txt (|V_local|=3152  t_range=[14265627,239696950])
rank=632 loaded routing data/768/stackoverflow_a2q.rt632.txt (2216 entries)
rank=632 added 3 boundary-only nodes from routing
rank=659/768 dataset=stackoverflow_a2q walkers=10416 (6864144..6874559) steps=30 mode=0 sched=single-bucket delta_t=0 policy=0
rank=659 loaded data/768/stackoverflow_a2q.sub659.txt (|V_local|=3284  t_range=[41307824,239559215])
rank=659 loaded routing data/768/stackoverflow_a2q.rt659.txt (2226 entries)
rank=659 added 1 boundary-only nodes from routing
rank=627/768 dataset=stackoverflow_a2q walkers=10416 (6530832..6541247) steps=30 mode=0 sched=single-bucket delta_t=0 policy=0
rank=627 loaded data/768/stackoverflow_a2q.sub627.txt (|V_local|=3152  t_range=[6478340,239670793])
rank=627 loaded routing data/768/stackoverflow_a2q.rt627.txt (2238 entries)
rank=627 added 4 boundary-only nodes from routing
rank=635/768 dataset=stackoverflow_a2q walkers=10416 (6614160..6624575) steps=30 mode=0 sched=single-bucket delta_t=0 policy=0
rank=635 loaded data/768/stackoverflow_a2q.sub635.txt (|V_local|=3305  t_range=[8873262,239573203])
rank=635 loaded routing data/768/stackoverflow_a2q.rt635.txt (1586 entries)
rank=647/768 dataset=stackoverflow_a2q walkers=10416 (6739152..6749567) steps=30 mode=0 sched=single-bucket delta_t=0 policy=0
rank=647 loaded data/768/stackoverflow_a2q.sub647.txt (|V_local|=3148  t_range=[22070949,239684442])
rank=647 loaded routing data/768/stackoverflow_a2q.rt647.txt (2092 entries)
rank=647 added 4 boundary-only nodes from routing
rank=630/768 dataset=stackoverflow_a2q walkers=10416 (6562080..6572495) steps=30 mode=0 sched=single-bucket delta_t=0 policy=0
rank=630 loaded data/768/stackoverflow_a2q.sub630.txt (|V_local|=3149  t_range=[27813386,239665050])
rank=630 loaded routing data/768/stackoverflow_a2q.rt630.txt (2228 entries)
rank=630 added 12 boundary-only nodes from routing
rank=668/768 dataset=stackoverflow_a2q walkers=10416 (6957888..6968303) steps=30 mode=0 sched=single-bucket delta_t=0 policy=0
rank=668 loaded data/768/stackoverflow_a2q.sub668.txt (|V_local|=3302  t_range=[25377637,239670384])
rank=668 loaded routing data/768/stackoverflow_a2q.rt668.txt (1613 entries)
rank=668 added 1 boundary-only nodes from routing
rank=657/768 dataset=stackoverflow_a2q walkers=10416 (6843312..6853727) steps=30 mode=0 sched=single-bucket delta_t=0 policy=0
rank=657 loaded data/768/stackoverflow_a2q.sub657.txt (|V_local|=3153  t_range=[26142379,239685864])
rank=657 loaded routing data/768/stackoverflow_a2q.rt657.txt (2260 entries)
rank=657 added 2 boundary-only nodes from routing
rank=629/768 dataset=stackoverflow_a2q walkers=10416 (6551664..6562079) steps=30 mode=0 sched=single-bucket delta_t=0 policy=0
rank=629 loaded data/768/stackoverflow_a2q.sub629.txt (|V_local|=3156  t_range=[15693640,239675218])
rank=629 loaded routing data/768/stackoverflow_a2q.rt629.txt (1965 entries)
rank=629 added 3 boundary-only nodes from routing
rank=637/768 dataset=stackoverflow_a2q walkers=10416 (6634992..6645407) steps=30 mode=0 sched=single-bucket delta_t=0 policy=0
rank=637 loaded data/768/stackoverflow_a2q.sub637.txt (|V_local|=3158  t_range=[11188629,239697543])
rank=637 loaded routing data/768/stackoverflow_a2q.rt637.txt (1913 entries)
rank=637 added 4 boundary-only nodes from routing
rank=625/768 dataset=stackoverflow_a2q walkers=10416 (6510000..6520415) steps=30 mode=0 sched=single-bucket delta_t=0 policy=0
rank=625 loaded data/768/stackoverflow_a2q.sub625.txt (|V_local|=3303  t_range=[30888113,239664368])
rank=625 loaded routing data/768/stackoverflow_a2q.rt625.txt (1887 entries)
rank=625 added 1 boundary-only nodes from routing
rank=651/768 dataset=stackoverflow_a2q walkers=10416 (6780816..6791231) steps=30 mode=0 sched=single-bucket delta_t=0 policy=0
rank=651 loaded data/768/stackoverflow_a2q.sub651.txt (|V_local|=3164  t_range=[36243826,239619310])
rank=651 loaded routing data/768/stackoverflow_a2q.rt651.txt (2189 entries)
rank=651 added 2 boundary-only nodes from routing
rank=638/768 dataset=stackoverflow_a2q walkers=10416 (6645408..6655823) steps=30 mode=0 sched=single-bucket delta_t=0 policy=0
rank=638 loaded data/768/stackoverflow_a2q.sub638.txt (|V_local|=3160  t_range=[10183978,239666112])
rank=638 loaded routing data/768/stackoverflow_a2q.rt638.txt (1721 entries)
rank=638 added 2 boundary-only nodes from routing
rank=633/768 dataset=stackoverflow_a2q walkers=10416 (6593328..6603743) steps=30 mode=0 sched=single-bucket delta_t=0 policy=0
rank=633 loaded data/768/stackoverflow_a2q.sub633.txt (|V_local|=3156  t_range=[48155930,239695531])
rank=633 loaded routing data/768/stackoverflow_a2q.rt633.txt (2185 entries)
rank=633 added 4 boundary-only nodes from routing
rank=639/768 dataset=stackoverflow_a2q walkers=10416 (6655824..6666239) steps=30 mode=0 sched=single-bucket delta_t=0 policy=0
rank=639 loaded data/768/stackoverflow_a2q.sub639.txt (|V_local|=3141  t_range=[5957619,239697464])
rank=639 loaded routing data/768/stackoverflow_a2q.rt639.txt (2186 entries)
rank=639 added 17 boundary-only nodes from routing
rank=626/768 dataset=stackoverflow_a2q walkers=10416 (6520416..6530831) steps=30 mode=0 sched=single-bucket delta_t=0 policy=0
rank=626 loaded data/768/stackoverflow_a2q.sub626.txt (|V_local|=3300  t_range=[44347258,239698299])
rank=626 loaded routing data/768/stackoverflow_a2q.rt626.txt (2100 entries)
rank=626 added 1 boundary-only nodes from routing
rank=634/768 dataset=stackoverflow_a2q walkers=10416 (6603744..6614159) steps=30 mode=0 sched=single-bucket delta_t=0 policy=0
rank=634 loaded data/768/stackoverflow_a2q.sub634.txt (|V_local|=3158  t_range=[5222491,239694996])
rank=634 loaded routing data/768/stackoverflow_a2q.rt634.txt (2283 entries)
rank=634 added 1 boundary-only nodes from routing
rank=644/768 dataset=stackoverflow_a2q walkers=10416 (6707904..6718319) steps=30 mode=0 sched=single-bucket delta_t=0 policy=0
rank=644 loaded data/768/stackoverflow_a2q.sub644.txt (|V_local|=3239  t_range=[40841747,239698387])
rank=644 loaded routing data/768/stackoverflow_a2q.rt644.txt (1768 entries)
rank=642/768 dataset=stackoverflow_a2q walkers=10416 (6687072..6697487) steps=30 mode=0 sched=single-bucket delta_t=0 policy=0
rank=642 loaded data/768/stackoverflow_a2q.sub642.txt (|V_local|=3149  t_range=[2948423,239676722])
rank=642 loaded routing data/768/stackoverflow_a2q.rt642.txt (2098 entries)
rank=642 added 10 boundary-only nodes from routing
rank=593 loaded data/768/stackoverflow_a2q.sub593.txt (|V_local|=3299  t_range=[22898910,239568484])
rank=593 loaded routing data/768/stackoverflow_a2q.rt593.txt (1900 entries)
rank=620/768 dataset=stackoverflow_a2q walkers=10416 (6457920..6468335) steps=30 mode=0 sched=single-bucket delta_t=0 policy=0
rank=620 loaded data/768/stackoverflow_a2q.sub620.txt (|V_local|=3153  t_range=[33573525,239696916])
rank=620 loaded routing data/768/stackoverflow_a2q.rt620.txt (1946 entries)
rank=620 added 1 boundary-only nodes from routing
rank=253/768 dataset=stackoverflow_a2q walkers=10416 (2635248..2645663) steps=30 mode=0 sched=single-bucket delta_t=0 policy=0
rank=253 loaded data/768/stackoverflow_a2q.sub253.txt (|V_local|=3153  t_range=[3957767,239572941])
rank=253 loaded routing data/768/stackoverflow_a2q.rt253.txt (2064 entries)
rank=253 added 6 boundary-only nodes from routing
rank=249/768 dataset=stackoverflow_a2q walkers=10416 (2593584..2603999) steps=30 mode=0 sched=single-bucket delta_t=0 policy=0
rank=249 loaded data/768/stackoverflow_a2q.sub249.txt (|V_local|=3152  t_range=[1639488,239677083])
rank=249 loaded routing data/768/stackoverflow_a2q.rt249.txt (2126 entries)
rank=249 added 2 boundary-only nodes from routing
rank=283/768 dataset=stackoverflow_a2q walkers=10416 (2947728..2958143) steps=30 mode=0 sched=single-bucket delta_t=0 policy=0
rank=283 loaded data/768/stackoverflow_a2q.sub283.txt (|V_local|=3162  t_range=[3685608,239691447])
rank=283 loaded routing data/768/stackoverflow_a2q.rt283.txt (2027 entries)
rank=283 added 3 boundary-only nodes from routing
rank=272/768 dataset=stackoverflow_a2q walkers=10416 (2833152..2843567) steps=30 mode=0 sched=single-bucket delta_t=0 policy=0
rank=272 loaded data/768/stackoverflow_a2q.sub272.txt (|V_local|=3159  t_range=[610355,239687172])
rank=272 loaded routing data/768/stackoverflow_a2q.rt272.txt (2006 entries)
rank=272 added 4 boundary-only nodes from routing
rank=269/768 dataset=stackoverflow_a2q walkers=10416 (2801904..2812319) steps=30 mode=0 sched=single-bucket delta_t=0 policy=0
rank=269 loaded data/768/stackoverflow_a2q.sub269.txt (|V_local|=3153  t_range=[5416641,239684167])
rank=269 loaded routing data/768/stackoverflow_a2q.rt269.txt (2149 entries)
rank=269 added 6 boundary-only nodes from routing
rank=241/768 dataset=stackoverflow_a2q walkers=10416 (2510256..2520671) steps=30 mode=0 sched=single-bucket delta_t=0 policy=0
rank=241 loaded data/768/stackoverflow_a2q.sub241.txt (|V_local|=3294  t_range=[4047001,239634775])
rank=241 loaded routing data/768/stackoverflow_a2q.rt241.txt (1449 entries)
rank=241 added 11 boundary-only nodes from routing
rank=252/768 dataset=stackoverflow_a2q walkers=10416 (2624832..2635247) steps=30 mode=0 sched=single-bucket delta_t=0 policy=0
rank=252 loaded data/768/stackoverflow_a2q.sub252.txt (|V_local|=3142  t_range=[6013041,239659248])
rank=252 loaded routing data/768/stackoverflow_a2q.rt252.txt (2207 entries)
rank=252 added 11 boundary-only nodes from routing
rank=256/768 dataset=stackoverflow_a2q walkers=10416 (2666496..2676911) steps=30 mode=0 sched=single-bucket delta_t=0 policy=0
rank=256 loaded data/768/stackoverflow_a2q.sub256.txt (|V_local|=3303  t_range=[4029325,239641237])
rank=256 loaded routing data/768/stackoverflow_a2q.rt256.txt (1133 entries)
rank=256 added 2 boundary-only nodes from routing
rank=260/768 dataset=stackoverflow_a2q walkers=10416 (2708160..2718575) steps=30 mode=0 sched=single-bucket delta_t=0 policy=0
rank=260 loaded data/768/stackoverflow_a2q.sub260.txt (|V_local|=3166  t_range=[3185534,239544373])
rank=260 loaded routing data/768/stackoverflow_a2q.rt260.txt (1844 entries)
rank=260 added 2 boundary-only nodes from routing
rank=264/768 dataset=stackoverflow_a2q walkers=10416 (2749824..2760239) steps=30 mode=0 sched=single-bucket delta_t=0 policy=0
rank=264 loaded data/768/stackoverflow_a2q.sub264.txt (|V_local|=3155  t_range=[2574218,239559754])
rank=264 loaded routing data/768/stackoverflow_a2q.rt264.txt (2110 entries)
rank=264 added 5 boundary-only nodes from routing
rank=248/768 dataset=stackoverflow_a2q walkers=10416 (2583168..2593583) steps=30 mode=0 sched=single-bucket delta_t=0 policy=0
rank=248 loaded data/768/stackoverflow_a2q.sub248.txt (|V_local|=3129  t_range=[3389814,239687092])
rank=248 loaded routing data/768/stackoverflow_a2q.rt248.txt (2030 entries)
rank=248 added 15 boundary-only nodes from routing
rank=284/768 dataset=stackoverflow_a2q walkers=10416 (2958144..2968559) steps=30 mode=0 sched=single-bucket delta_t=0 policy=0
rank=284 loaded data/768/stackoverflow_a2q.sub284.txt (|V_local|=3150  t_range=[2458134,239570148])
rank=284 loaded routing data/768/stackoverflow_a2q.rt284.txt (1913 entries)
rank=284 added 9 boundary-only nodes from routing
rank=244/768 dataset=stackoverflow_a2q walkers=10416 (2541504..2551919) steps=30 mode=0 sched=single-bucket delta_t=0 policy=0
rank=244 loaded data/768/stackoverflow_a2q.sub244.txt (|V_local|=3302  t_range=[15283147,239654089])
rank=244 loaded routing data/768/stackoverflow_a2q.rt244.txt (1554 entries)
rank=244 added 2 boundary-only nodes from routing
rank=266/768 dataset=stackoverflow_a2q walkers=10416 (2770656..2781071) steps=30 mode=0 sched=single-bucket delta_t=0 policy=0
rank=266 loaded data/768/stackoverflow_a2q.sub266.txt (|V_local|=3151  t_range=[918869,239674113])
rank=266 loaded routing data/768/stackoverflow_a2q.rt266.txt (1908 entries)
rank=266 added 5 boundary-only nodes from routing
rank=271/768 dataset=stackoverflow_a2q walkers=10416 (2822736..2833151) steps=30 mode=0 sched=single-bucket delta_t=0 policy=0
rank=271 loaded data/768/stackoverflow_a2q.sub271.txt (|V_local|=3163  t_range=[8337155,239689662])
rank=271 loaded routing data/768/stackoverflow_a2q.rt271.txt (1804 entries)
rank=271 added 7 boundary-only nodes from routing
rank=246/768 dataset=stackoverflow_a2q walkers=10416 (2562336..2572751) steps=30 mode=0 sched=single-bucket delta_t=0 policy=0
rank=246 loaded data/768/stackoverflow_a2q.sub246.txt (|V_local|=3125  t_range=[3353395,239666059])
rank=246 loaded routing data/768/stackoverflow_a2q.rt246.txt (2141 entries)
rank=246 added 24 boundary-only nodes from routing
rank=254/768 dataset=stackoverflow_a2q walkers=10416 (2645664..2656079) steps=30 mode=0 sched=single-bucket delta_t=0 policy=0
rank=254 loaded data/768/stackoverflow_a2q.sub254.txt (|V_local|=3158  t_range=[4469751,239691520])
rank=254 loaded routing data/768/stackoverflow_a2q.rt254.txt (2007 entries)
rank=254 added 6 boundary-only nodes from routing
rank=250/768 dataset=stackoverflow_a2q walkers=10416 (2604000..2614415) steps=30 mode=0 sched=single-bucket delta_t=0 policy=0
rank=250 loaded data/768/stackoverflow_a2q.sub250.txt (|V_local|=3258  t_range=[3076078,239674030])
rank=250 loaded routing data/768/stackoverflow_a2q.rt250.txt (1846 entries)
rank=250 added 4 boundary-only nodes from routing
rank=242/768 dataset=stackoverflow_a2q walkers=10416 (2520672..2531087) steps=30 mode=0 sched=single-bucket delta_t=0 policy=0
rank=242 loaded data/768/stackoverflow_a2q.sub242.txt (|V_local|=3291  t_range=[8350336,239508574])
rank=242 loaded routing data/768/stackoverflow_a2q.rt242.txt (1860 entries)
rank=242 added 10 boundary-only nodes from routing
rank=243/768 dataset=stackoverflow_a2q walkers=10416 (2531088..2541503) steps=30 mode=0 sched=single-bucket delta_t=0 policy=0
rank=243 loaded data/768/stackoverflow_a2q.sub243.txt (|V_local|=3132  t_range=[1777016,239617562])
rank=243 loaded routing data/768/stackoverflow_a2q.rt243.txt (2130 entries)
rank=243 added 27 boundary-only nodes from routing
rank=267/768 dataset=stackoverflow_a2q walkers=10416 (2781072..2791487) steps=30 mode=0 sched=single-bucket delta_t=0 policy=0
rank=267 loaded data/768/stackoverflow_a2q.sub267.txt (|V_local|=3136  t_range=[4124748,239685611])
rank=267 loaded routing data/768/stackoverflow_a2q.rt267.txt (2048 entries)
rank=267 added 16 boundary-only nodes from routing
rank=268/768 dataset=stackoverflow_a2q walkers=10416 (2791488..2801903) steps=30 mode=0 sched=single-bucket delta_t=0 policy=0
rank=268 loaded data/768/stackoverflow_a2q.sub268.txt (|V_local|=3210  t_range=[3592047,239640842])
rank=268 loaded routing data/768/stackoverflow_a2q.rt268.txt (1786 entries)
rank=268 added 4 boundary-only nodes from routing
rank=282/768 dataset=stackoverflow_a2q walkers=10416 (2937312..2947727) steps=30 mode=0 sched=single-bucket delta_t=0 policy=0
rank=282 loaded data/768/stackoverflow_a2q.sub282.txt (|V_local|=3147  t_range=[3322852,239666292])
rank=282 loaded routing data/768/stackoverflow_a2q.rt282.txt (2075 entries)
rank=282 added 14 boundary-only nodes from routing
rank=99/768 dataset=stackoverflow_a2q walkers=10416 (1031184..1041599) steps=30 mode=0 sched=single-bucket delta_t=0 policy=0
rank=99 loaded data/768/stackoverflow_a2q.sub99.txt (|V_local|=3149  t_range=[4101108,239662322])
rank=99 loaded routing data/768/stackoverflow_a2q.rt99.txt (2163 entries)
rank=99 added 17 boundary-only nodes from routing
rank=120/768 dataset=stackoverflow_a2q walkers=10416 (1249920..1260335) steps=30 mode=0 sched=single-bucket delta_t=0 policy=0
rank=120 loaded data/768/stackoverflow_a2q.sub120.txt (|V_local|=3143  t_range=[3987888,239694962])
rank=120 loaded routing data/768/stackoverflow_a2q.rt120.txt (2034 entries)
rank=120 added 11 boundary-only nodes from routing
rank=98/768 dataset=stackoverflow_a2q walkers=10416 (1020768..1031183) steps=30 mode=0 sched=single-bucket delta_t=0 policy=0
rank=98 loaded data/768/stackoverflow_a2q.sub98.txt (|V_local|=3146  t_range=[4903471,239680701])
rank=98 loaded routing data/768/stackoverflow_a2q.rt98.txt (2158 entries)
rank=98 added 11 boundary-only nodes from routing
rank=109/768 dataset=stackoverflow_a2q walkers=10416 (1135344..1145759) steps=30 mode=0 sched=single-bucket delta_t=0 policy=0
rank=109 loaded data/768/stackoverflow_a2q.sub109.txt (|V_local|=3269  t_range=[32375313,239642242])
rank=109 loaded routing data/768/stackoverflow_a2q.rt109.txt (1958 entries)
rank=109 added 35 boundary-only nodes from routing
rank=121/768 dataset=stackoverflow_a2q walkers=10416 (1260336..1270751) steps=30 mode=0 sched=single-bucket delta_t=0 policy=0
rank=121 loaded data/768/stackoverflow_a2q.sub121.txt (|V_local|=3146  t_range=[3961596,239674587])
rank=121 loaded routing data/768/stackoverflow_a2q.rt121.txt (1829 entries)
rank=121 added 7 boundary-only nodes from routing
rank=97/768 dataset=stackoverflow_a2q walkers=10416 (1010352..1020767) steps=30 mode=0 sched=single-bucket delta_t=0 policy=0
rank=97 loaded data/768/stackoverflow_a2q.sub97.txt (|V_local|=3135  t_range=[3973266,239673838])
rank=97 loaded routing data/768/stackoverflow_a2q.rt97.txt (2124 entries)
rank=97 added 21 boundary-only nodes from routing
rank=106/768 dataset=stackoverflow_a2q walkers=10416 (1104096..1114511) steps=30 mode=0 sched=single-bucket delta_t=0 policy=0
rank=106 loaded data/768/stackoverflow_a2q.sub106.txt (|V_local|=3293  t_range=[2703441,239561159])
rank=106 loaded routing data/768/stackoverflow_a2q.rt106.txt (1916 entries)
rank=106 added 12 boundary-only nodes from routing
rank=103/768 dataset=stackoverflow_a2q walkers=10416 (1072848..1083263) steps=30 mode=0 sched=single-bucket delta_t=0 policy=0
rank=103 loaded data/768/stackoverflow_a2q.sub103.txt (|V_local|=3272  t_range=[382276,239577054])
rank=103 loaded routing data/768/stackoverflow_a2q.rt103.txt (1403 entries)
rank=103 added 33 boundary-only nodes from routing
rank=139/768 dataset=stackoverflow_a2q walkers=10416 (1447824..1458239) steps=30 mode=0 sched=single-bucket delta_t=0 policy=0
rank=139 loaded data/768/stackoverflow_a2q.sub139.txt (|V_local|=3149  t_range=[4893847,239661135])
rank=139 loaded routing data/768/stackoverflow_a2q.rt139.txt (2097 entries)
rank=139 added 13 boundary-only nodes from routing
rank=100/768 dataset=stackoverflow_a2q walkers=10416 (1041600..1052015) steps=30 mode=0 sched=single-bucket delta_t=0 policy=0
rank=100 loaded data/768/stackoverflow_a2q.sub100.txt (|V_local|=3157  t_range=[7644393,239669480])
rank=100 loaded routing data/768/stackoverflow_a2q.rt100.txt (2176 entries)
rank=100 added 10 boundary-only nodes from routing
rank=128/768 dataset=stackoverflow_a2q walkers=10416 (1333248..1343663) steps=30 mode=0 sched=single-bucket delta_t=0 policy=0
rank=128 loaded data/768/stackoverflow_a2q.sub128.txt (|V_local|=3299  t_range=[4157698,239695444])
rank=128 loaded routing data/768/stackoverflow_a2q.rt128.txt (2051 entries)
rank=128 added 4 boundary-only nodes from routing
rank=105/768 dataset=stackoverflow_a2q walkers=10416 (1093680..1104095) steps=30 mode=0 sched=single-bucket delta_t=0 policy=0
rank=105 loaded data/768/stackoverflow_a2q.sub105.txt (|V_local|=3098  t_range=[8833068,239633928])
rank=105 loaded routing data/768/stackoverflow_a2q.rt105.txt (2133 entries)
rank=105 added 62 boundary-only nodes from routing
rank=102/768 dataset=stackoverflow_a2q walkers=10416 (1062432..1072847) steps=30 mode=0 sched=single-bucket delta_t=0 policy=0
rank=102 loaded data/768/stackoverflow_a2q.sub102.txt (|V_local|=3166  t_range=[2455159,239680610])
rank=102 loaded routing data/768/stackoverflow_a2q.rt102.txt (1846 entries)
rank=102 added 4 boundary-only nodes from routing
rank=114/768 dataset=stackoverflow_a2q walkers=10416 (1187424..1197839) steps=30 mode=0 sched=single-bucket delta_t=0 policy=0
rank=114 loaded data/768/stackoverflow_a2q.sub114.txt (|V_local|=3136  t_range=[11791103,239581909])
rank=114 loaded routing data/768/stackoverflow_a2q.rt114.txt (2140 entries)
rank=114 added 22 boundary-only nodes from routing
rank=484/768 dataset=stackoverflow_a2q walkers=10416 (5041344..5051759) steps=30 mode=0 sched=single-bucket delta_t=0 policy=0
rank=484 loaded data/768/stackoverflow_a2q.sub484.txt (|V_local|=3156  t_range=[3940403,239668926])
rank=484 loaded routing data/768/stackoverflow_a2q.rt484.txt (2221 entries)
rank=484 added 5 boundary-only nodes from routing
rank=492/768 dataset=stackoverflow_a2q walkers=10416 (5124672..5135087) steps=30 mode=0 sched=single-bucket delta_t=0 policy=0
rank=492 loaded data/768/stackoverflow_a2q.sub492.txt (|V_local|=3152  t_range=[56564519,239678784])
rank=492 loaded routing data/768/stackoverflow_a2q.rt492.txt (1783 entries)
rank=492 added 4 boundary-only nodes from routing
rank=498/768 dataset=stackoverflow_a2q walkers=10416 (5187168..5197583) steps=30 mode=0 sched=single-bucket delta_t=0 policy=0
rank=498 loaded data/768/stackoverflow_a2q.sub498.txt (|V_local|=3156  t_range=[14344678,239676459])
rank=498 loaded routing data/768/stackoverflow_a2q.rt498.txt (2152 entries)
rank=498 added 7 boundary-only nodes from routing
rank=522/768 dataset=stackoverflow_a2q walkers=10416 (5437152..5447567) steps=30 mode=0 sched=single-bucket delta_t=0 policy=0
rank=522 loaded data/768/stackoverflow_a2q.sub522.txt (|V_local|=3132  t_range=[5439698,239677732])
rank=522 loaded routing data/768/stackoverflow_a2q.rt522.txt (2185 entries)
rank=522 added 19 boundary-only nodes from routing
rank=524/768 dataset=stackoverflow_a2q walkers=10416 (5457984..5468399) steps=30 mode=0 sched=single-bucket delta_t=0 policy=0
rank=524 loaded data/768/stackoverflow_a2q.sub524.txt (|V_local|=3260  t_range=[47409538,239686889])
rank=524 loaded routing data/768/stackoverflow_a2q.rt524.txt (2134 entries)
rank=524 added 45 boundary-only nodes from routing
rank=499/768 dataset=stackoverflow_a2q walkers=10416 (5197584..5207999) steps=30 mode=0 sched=single-bucket delta_t=0 policy=0
rank=499 loaded data/768/stackoverflow_a2q.sub499.txt (|V_local|=3289  t_range=[43613127,239642962])
rank=499 loaded routing data/768/stackoverflow_a2q.rt499.txt (2160 entries)
rank=499 added 6 boundary-only nodes from routing
rank=521/768 dataset=stackoverflow_a2q walkers=10416 (5426736..5437151) steps=30 mode=0 sched=single-bucket delta_t=0 policy=0
rank=521 loaded data/768/stackoverflow_a2q.sub521.txt (|V_local|=3294  t_range=[18632170,239676992])
rank=521 loaded routing data/768/stackoverflow_a2q.rt521.txt (1564 entries)
rank=521 added 11 boundary-only nodes from routing
rank=504/768 dataset=stackoverflow_a2q walkers=10416 (5249664..5260079) steps=30 mode=0 sched=single-bucket delta_t=0 policy=0
rank=504 loaded data/768/stackoverflow_a2q.sub504.txt (|V_local|=3161  t_range=[6458568,239641934])
rank=504 loaded routing data/768/stackoverflow_a2q.rt504.txt (2232 entries)
rank=504 added 4 boundary-only nodes from routing
rank=523/768 dataset=stackoverflow_a2q walkers=10416 (5447568..5457983) steps=30 mode=0 sched=single-bucket delta_t=0 policy=0
rank=523 loaded data/768/stackoverflow_a2q.sub523.txt (|V_local|=3287  t_range=[58122706,239687314])
rank=523 loaded routing data/768/stackoverflow_a2q.rt523.txt (1555 entries)
rank=523 added 18 boundary-only nodes from routing
rank=509/768 dataset=stackoverflow_a2q walkers=10416 (5301744..5312159) steps=30 mode=0 sched=single-bucket delta_t=0 policy=0
rank=509 loaded data/768/stackoverflow_a2q.sub509.txt (|V_local|=3272  t_range=[9744967,239679783])
rank=509 loaded routing data/768/stackoverflow_a2q.rt509.txt (1779 entries)
rank=509 added 1 boundary-only nodes from routing
rank=512/768 dataset=stackoverflow_a2q walkers=10416 (5332992..5343407) steps=30 mode=0 sched=single-bucket delta_t=0 policy=0
rank=512 loaded data/768/stackoverflow_a2q.sub512.txt (|V_local|=3141  t_range=[2079063,239632213])
rank=512 loaded routing data/768/stackoverflow_a2q.rt512.txt (1621 entries)
rank=512 added 16 boundary-only nodes from routing
rank=517/768 dataset=stackoverflow_a2q walkers=10416 (5385072..5395487) steps=30 mode=0 sched=single-bucket delta_t=0 policy=0
rank=517 loaded data/768/stackoverflow_a2q.sub517.txt (|V_local|=3294  t_range=[3345083,239654151])
rank=517 loaded routing data/768/stackoverflow_a2q.rt517.txt (1456 entries)
rank=517 added 11 boundary-only nodes from routing
rank=500/768 dataset=stackoverflow_a2q walkers=10416 (5208000..5218415) steps=30 mode=0 sched=single-bucket delta_t=0 policy=0
rank=500 loaded data/768/stackoverflow_a2q.sub500.txt (|V_local|=3299  t_range=[16378793,239682762])
rank=500 loaded routing data/768/stackoverflow_a2q.rt500.txt (1925 entries)
rank=500 added 1 boundary-only nodes from routing
rank=502/768 dataset=stackoverflow_a2q walkers=10416 (5228832..5239247) steps=30 mode=0 sched=single-bucket delta_t=0 policy=0
rank=502 loaded data/768/stackoverflow_a2q.sub502.txt (|V_local|=3304  t_range=[28430738,239686759])
rank=502 loaded routing data/768/stackoverflow_a2q.rt502.txt (1911 entries)
rank=502 added 1 boundary-only nodes from routing
rank=506/768 dataset=stackoverflow_a2q walkers=10416 (5270496..5280911) steps=30 mode=0 sched=single-bucket delta_t=0 policy=0
rank=506 loaded data/768/stackoverflow_a2q.sub506.txt (|V_local|=3155  t_range=[11301622,239683736])
rank=506 loaded routing data/768/stackoverflow_a2q.rt506.txt (2196 entries)
rank=506 added 4 boundary-only nodes from routing
rank=511/768 dataset=stackoverflow_a2q walkers=10416 (5322576..5332991) steps=30 mode=0 sched=single-bucket delta_t=0 policy=0
rank=511 loaded data/768/stackoverflow_a2q.sub511.txt (|V_local|=3146  t_range=[10667227,239693832])
rank=511 loaded routing data/768/stackoverflow_a2q.rt511.txt (2018 entries)
rank=511 added 4 boundary-only nodes from routing
rank=516/768 dataset=stackoverflow_a2q walkers=10416 (5374656..5385071) steps=30 mode=0 sched=single-bucket delta_t=0 policy=0
rank=516 loaded data/768/stackoverflow_a2q.sub516.txt (|V_local|=3090  t_range=[4534117,239686882])
rank=516 loaded routing data/768/stackoverflow_a2q.rt516.txt (2216 entries)
rank=516 added 64 boundary-only nodes from routing
rank=508/768 dataset=stackoverflow_a2q walkers=10416 (5291328..5301743) steps=30 mode=0 sched=single-bucket delta_t=0 policy=0
rank=508 loaded data/768/stackoverflow_a2q.sub508.txt (|V_local|=3157  t_range=[481578,239690397])
rank=508 loaded routing data/768/stackoverflow_a2q.rt508.txt (2011 entries)
rank=508 added 4 boundary-only nodes from routing
rank=514/768 dataset=stackoverflow_a2q walkers=10416 (5353824..5364239) steps=30 mode=0 sched=single-bucket delta_t=0 policy=0
rank=514 loaded data/768/stackoverflow_a2q.sub514.txt (|V_local|=3153  t_range=[14260655,239640716])
rank=514 loaded routing data/768/stackoverflow_a2q.rt514.txt (1883 entries)
rank=514 added 5 boundary-only nodes from routing
rank=519/768 dataset=stackoverflow_a2q walkers=10416 (5405904..5416319) steps=30 mode=0 sched=single-bucket delta_t=0 policy=0
rank=519 loaded data/768/stackoverflow_a2q.sub519.txt (|V_local|=3118  t_range=[10699003,239636659])
rank=519 loaded routing data/768/stackoverflow_a2q.rt519.txt (2108 entries)
rank=519 added 34 boundary-only nodes from routing
rank=518/768 dataset=stackoverflow_a2q walkers=10416 (5395488..5405903) steps=30 mode=0 sched=single-bucket delta_t=0 policy=0
rank=518 loaded data/768/stackoverflow_a2q.sub518.txt (|V_local|=3294  t_range=[32089204,239687617])
rank=518 loaded routing data/768/stackoverflow_a2q.rt518.txt (1405 entries)
rank=518 added 11 boundary-only nodes from routing
rank=501/768 dataset=stackoverflow_a2q walkers=10416 (5218416..5228831) steps=30 mode=0 sched=single-bucket delta_t=0 policy=0
rank=501 loaded data/768/stackoverflow_a2q.sub501.txt (|V_local|=3155  t_range=[44011725,239634245])
rank=501 loaded routing data/768/stackoverflow_a2q.rt501.txt (2013 entries)
rank=501 added 6 boundary-only nodes from routing
rank=515/768 dataset=stackoverflow_a2q walkers=10416 (5364240..5374655) steps=30 mode=0 sched=single-bucket delta_t=0 policy=0
rank=515 loaded data/768/stackoverflow_a2q.sub515.txt (|V_local|=3145  t_range=[4300068,239692675])
rank=515 loaded routing data/768/stackoverflow_a2q.rt515.txt (2128 entries)
rank=515 added 6 boundary-only nodes from routing
rank=197/768 dataset=stackoverflow_a2q walkers=10416 (2051952..2062367) steps=30 mode=0 sched=single-bucket delta_t=0 policy=0
rank=197 loaded data/768/stackoverflow_a2q.sub197.txt (|V_local|=3149  t_range=[2237551,239681252])
rank=197 loaded routing data/768/stackoverflow_a2q.rt197.txt (2054 entries)
rank=197 added 10 boundary-only nodes from routing
rank=233/768 dataset=stackoverflow_a2q walkers=10416 (2426928..2437343) steps=30 mode=0 sched=single-bucket delta_t=0 policy=0
rank=233 loaded data/768/stackoverflow_a2q.sub233.txt (|V_local|=3109  t_range=[2399499,239625513])
rank=233 loaded routing data/768/stackoverflow_a2q.rt233.txt (2061 entries)
rank=233 added 44 boundary-only nodes from routing
rank=206/768 dataset=stackoverflow_a2q walkers=10416 (2145696..2156111) steps=30 mode=0 sched=single-bucket delta_t=0 policy=0
rank=206 loaded data/768/stackoverflow_a2q.sub206.txt (|V_local|=3142  t_range=[2182009,239692058])
rank=206 loaded routing data/768/stackoverflow_a2q.rt206.txt (2044 entries)
rank=206 added 12 boundary-only nodes from routing
rank=217/768 dataset=stackoverflow_a2q walkers=10416 (2260272..2270687) steps=30 mode=0 sched=single-bucket delta_t=0 policy=0
rank=217 loaded data/768/stackoverflow_a2q.sub217.txt (|V_local|=3287  t_range=[657546,239512323])
rank=217 loaded routing data/768/stackoverflow_a2q.rt217.txt (1231 entries)
rank=217 added 17 boundary-only nodes from routing
rank=214/768 dataset=stackoverflow_a2q walkers=10416 (2229024..2239439) steps=30 mode=0 sched=single-bucket delta_t=0 policy=0
rank=214 loaded data/768/stackoverflow_a2q.sub214.txt (|V_local|=3144  t_range=[1700183,239676747])
rank=214 loaded routing data/768/stackoverflow_a2q.rt214.txt (2149 entries)
rank=214 added 13 boundary-only nodes from routing
rank=194/768 dataset=stackoverflow_a2q walkers=10416 (2020704..2031119) steps=30 mode=0 sched=single-bucket delta_t=0 policy=0
rank=194 loaded data/768/stackoverflow_a2q.sub194.txt (|V_local|=3294  t_range=[880875,239311182])
rank=194 loaded routing data/768/stackoverflow_a2q.rt194.txt (1479 entries)
rank=194 added 4 boundary-only nodes from routing
rank=193/768 dataset=stackoverflow_a2q walkers=10416 (2010288..2020703) steps=30 mode=0 sched=single-bucket delta_t=0 policy=0
rank=193 loaded data/768/stackoverflow_a2q.sub193.txt (|V_local|=3140  t_range=[1888065,239683220])
rank=193 loaded routing data/768/stackoverflow_a2q.rt193.txt (2082 entries)
rank=193 added 17 boundary-only nodes from routing
rank=235/768 dataset=stackoverflow_a2q walkers=10416 (2447760..2458175) steps=30 mode=0 sched=single-bucket delta_t=0 policy=0
rank=235 loaded data/768/stackoverflow_a2q.sub235.txt (|V_local|=3142  t_range=[1784342,239695898])
rank=235 loaded routing data/768/stackoverflow_a2q.rt235.txt (1891 entries)
rank=235 added 14 boundary-only nodes from routing
rank=218/768 dataset=stackoverflow_a2q walkers=10416 (2270688..2281103) steps=30 mode=0 sched=single-bucket delta_t=0 policy=0
rank=218 loaded data/768/stackoverflow_a2q.sub218.txt (|V_local|=3131  t_range=[2625746,239587775])
rank=218 loaded routing data/768/stackoverflow_a2q.rt218.txt (1857 entries)
rank=218 added 22 boundary-only nodes from routing
rank=210/768 dataset=stackoverflow_a2q walkers=10416 (2187360..2197775) steps=30 mode=0 sched=single-bucket delta_t=0 policy=0
rank=210 loaded data/768/stackoverflow_a2q.sub210.txt (|V_local|=3146  t_range=[2859984,239647904])
rank=210 loaded routing data/768/stackoverflow_a2q.rt210.txt (2128 entries)
rank=210 added 13 boundary-only nodes from routing
rank=199/768 dataset=stackoverflow_a2q walkers=10416 (2072784..2083199) steps=30 mode=0 sched=single-bucket delta_t=0 policy=0
rank=199 loaded data/768/stackoverflow_a2q.sub199.txt (|V_local|=3147  t_range=[3072316,239660080])
rank=199 loaded routing data/768/stackoverflow_a2q.rt199.txt (2120 entries)
rank=199 added 10 boundary-only nodes from routing
rank=196/768 dataset=stackoverflow_a2q walkers=10416 (2041536..2051951) steps=30 mode=0 sched=single-bucket delta_t=0 policy=0
rank=196 loaded data/768/stackoverflow_a2q.sub196.txt (|V_local|=3144  t_range=[3973059,239687336])
rank=196 loaded routing data/768/stackoverflow_a2q.rt196.txt (2043 entries)
rank=196 added 10 boundary-only nodes from routing
rank=195/768 dataset=stackoverflow_a2q walkers=10416 (2031120..2041535) steps=30 mode=0 sched=single-bucket delta_t=0 policy=0
rank=195 loaded data/768/stackoverflow_a2q.sub195.txt (|V_local|=3145  t_range=[3171225,239671591])
rank=195 loaded routing data/768/stackoverflow_a2q.rt195.txt (2128 entries)
rank=195 added 16 boundary-only nodes from routing
rank=200/768 dataset=stackoverflow_a2q walkers=10416 (2083200..2093615) steps=30 mode=0 sched=single-bucket delta_t=0 policy=0
rank=200 loaded data/768/stackoverflow_a2q.sub200.txt (|V_local|=3139  t_range=[4050608,239569484])
rank=200 loaded routing data/768/stackoverflow_a2q.rt200.txt (2125 entries)
rank=200 added 14 boundary-only nodes from routing
rank=207/768 dataset=stackoverflow_a2q walkers=10416 (2156112..2166527) steps=30 mode=0 sched=single-bucket delta_t=0 policy=0
rank=207 loaded data/768/stackoverflow_a2q.sub207.txt (|V_local|=3140  t_range=[3967372,239585105])
rank=207 loaded routing data/768/stackoverflow_a2q.rt207.txt (2206 entries)
rank=207 added 15 boundary-only nodes from routing
rank=226/768 dataset=stackoverflow_a2q walkers=10416 (2354016..2364431) steps=30 mode=0 sched=single-bucket delta_t=0 policy=0
rank=226 loaded data/768/stackoverflow_a2q.sub226.txt (|V_local|=3301  t_range=[0,239631118])
rank=226 loaded routing data/768/stackoverflow_a2q.rt226.txt (1006 entries)
rank=226 added 4 boundary-only nodes from routing
rank=198/768 dataset=stackoverflow_a2q walkers=10416 (2062368..2072783) steps=30 mode=0 sched=single-bucket delta_t=0 policy=0
rank=198 loaded data/768/stackoverflow_a2q.sub198.txt (|V_local|=3134  t_range=[1801425,239665839])
rank=198 loaded routing data/768/stackoverflow_a2q.rt198.txt (2140 entries)
rank=198 added 16 boundary-only nodes from routing
rank=213/768 dataset=stackoverflow_a2q walkers=10416 (2218608..2229023) steps=30 mode=0 sched=single-bucket delta_t=0 policy=0
rank=213 loaded data/768/stackoverflow_a2q.sub213.txt (|V_local|=3101  t_range=[1357582,239672906])
rank=213 loaded routing data/768/stackoverflow_a2q.rt213.txt (2108 entries)
rank=213 added 54 boundary-only nodes from routing
rank=201/768 dataset=stackoverflow_a2q walkers=10416 (2093616..2104031) steps=30 mode=0 sched=single-bucket delta_t=0 policy=0
rank=201 loaded data/768/stackoverflow_a2q.sub201.txt (|V_local|=3141  t_range=[2877942,239683628])
rank=201 loaded routing data/768/stackoverflow_a2q.rt201.txt (2121 entries)
rank=201 added 14 boundary-only nodes from routing
rank=215/768 dataset=stackoverflow_a2q walkers=10416 (2239440..2249855) steps=30 mode=0 sched=single-bucket delta_t=0 policy=0
rank=215 loaded data/768/stackoverflow_a2q.sub215.txt (|V_local|=3166  t_range=[1250799,239494916])
rank=215 loaded routing data/768/stackoverflow_a2q.rt215.txt (1845 entries)
rank=215 added 4 boundary-only nodes from routing
rank=208/768 dataset=stackoverflow_a2q walkers=10416 (2166528..2176943) steps=30 mode=0 sched=single-bucket delta_t=0 policy=0
rank=208 loaded data/768/stackoverflow_a2q.sub208.txt (|V_local|=3127  t_range=[256400,239636938])
rank=208 loaded routing data/768/stackoverflow_a2q.rt208.txt (2137 entries)
rank=208 added 24 boundary-only nodes from routing
rank=212/768 dataset=stackoverflow_a2q walkers=10416 (2208192..2218607) steps=30 mode=0 sched=single-bucket delta_t=0 policy=0
rank=212 loaded data/768/stackoverflow_a2q.sub212.txt (|V_local|=3189  t_range=[433363,239586099])
rank=212 loaded routing data/768/stackoverflow_a2q.rt212.txt (1753 entries)
rank=212 added 9 boundary-only nodes from routing
rank=205/768 dataset=stackoverflow_a2q walkers=10416 (2135280..2145695) steps=30 mode=0 sched=single-bucket delta_t=0 policy=0
rank=205 loaded data/768/stackoverflow_a2q.sub205.txt (|V_local|=3128  t_range=[942675,239652887])
rank=205 loaded routing data/768/stackoverflow_a2q.rt205.txt (1889 entries)
rank=205 added 25 boundary-only nodes from routing
rank=739/768 dataset=stackoverflow_a2q walkers=10416 (7697424..7707839) steps=30 mode=0 sched=single-bucket delta_t=0 policy=0
rank=739 loaded data/768/stackoverflow_a2q.sub739.txt (|V_local|=3160  t_range=[16092753,239648918])
rank=739 loaded routing data/768/stackoverflow_a2q.rt739.txt (1666 entries)
rank=739 added 6 boundary-only nodes from routing
rank=755/768 dataset=stackoverflow_a2q walkers=10416 (7864080..7874495) steps=30 mode=0 sched=single-bucket delta_t=0 policy=0
rank=755 loaded data/768/stackoverflow_a2q.sub755.txt (|V_local|=3209  t_range=[13817039,239666448])
rank=755 loaded routing data/768/stackoverflow_a2q.rt755.txt (9 entries)
rank=727/768 dataset=stackoverflow_a2q walkers=10416 (7572432..7582847) steps=30 mode=0 sched=single-bucket delta_t=0 policy=0
rank=727 loaded data/768/stackoverflow_a2q.sub727.txt (|V_local|=3147  t_range=[4822397,239561203])
rank=727 loaded routing data/768/stackoverflow_a2q.rt727.txt (2038 entries)
rank=727 added 11 boundary-only nodes from routing
rank=731/768 dataset=stackoverflow_a2q walkers=10416 (7614096..7624511) steps=30 mode=0 sched=single-bucket delta_t=0 policy=0
rank=731 loaded data/768/stackoverflow_a2q.sub731.txt (|V_local|=3155  t_range=[4289513,239639681])
rank=731 loaded routing data/768/stackoverflow_a2q.rt731.txt (2183 entries)
rank=731 added 7 boundary-only nodes from routing
rank=747/768 dataset=stackoverflow_a2q walkers=10416 (7780752..7791167) steps=30 mode=0 sched=single-bucket delta_t=0 policy=0
rank=747 loaded data/768/stackoverflow_a2q.sub747.txt (|V_local|=3157  t_range=[15802348,239637764])
rank=747 loaded routing data/768/stackoverflow_a2q.rt747.txt (581 entries)
rank=747 added 3 boundary-only nodes from routing
rank=751/768 dataset=stackoverflow_a2q walkers=10416 (7822416..7832831) steps=30 mode=0 sched=single-bucket delta_t=0 policy=0
rank=751 loaded data/768/stackoverflow_a2q.sub751.txt (|V_local|=3208  t_range=[32546575,239676588])
rank=751 loaded routing data/768/stackoverflow_a2q.rt751.txt (22 entries)
rank=736/768 dataset=stackoverflow_a2q walkers=10416 (7666176..7676591) steps=30 mode=0 sched=single-bucket delta_t=0 policy=0
rank=736 loaded data/768/stackoverflow_a2q.sub736.txt (|V_local|=3193  t_range=[28423044,239590420])
rank=736 loaded routing data/768/stackoverflow_a2q.rt736.txt (1387 entries)
rank=736 added 3 boundary-only nodes from routing
rank=745/768 dataset=stackoverflow_a2q walkers=10416 (7759920..7770335) steps=30 mode=0 sched=single-bucket delta_t=0 policy=0
rank=745 loaded data/768/stackoverflow_a2q.sub745.txt (|V_local|=3151  t_range=[2883321,239694000])
rank=745 loaded routing data/768/stackoverflow_a2q.rt745.txt (1677 entries)
rank=745 added 6 boundary-only nodes from routing
rank=732/768 dataset=stackoverflow_a2q walkers=10416 (7624512..7634927) steps=30 mode=0 sched=single-bucket delta_t=0 policy=0
rank=732 loaded data/768/stackoverflow_a2q.sub732.txt (|V_local|=3135  t_range=[5412848,239692327])
rank=732 loaded routing data/768/stackoverflow_a2q.rt732.txt (2183 entries)
rank=732 added 22 boundary-only nodes from routing
rank=738/768 dataset=stackoverflow_a2q walkers=10416 (7687008..7697423) steps=30 mode=0 sched=single-bucket delta_t=0 policy=0
rank=738 loaded data/768/stackoverflow_a2q.sub738.txt (|V_local|=3148  t_range=[10933917,239652239])
rank=738 loaded routing data/768/stackoverflow_a2q.rt738.txt (2169 entries)
rank=738 added 9 boundary-only nodes from routing
rank=754/768 dataset=stackoverflow_a2q walkers=10416 (7853664..7864079) steps=30 mode=0 sched=single-bucket delta_t=0 policy=0
rank=754 loaded data/768/stackoverflow_a2q.sub754.txt (|V_local|=3151  t_range=[10435649,239676836])
rank=754 loaded routing data/768/stackoverflow_a2q.rt754.txt (86 entries)
rank=754 added 4 boundary-only nodes from routing
rank=735/768 dataset=stackoverflow_a2q walkers=10416 (7655760..7666175) steps=30 mode=0 sched=single-bucket delta_t=0 policy=0
rank=735 loaded data/768/stackoverflow_a2q.sub735.txt (|V_local|=3138  t_range=[17851761,239646071])
rank=735 loaded routing data/768/stackoverflow_a2q.rt735.txt (2019 entries)
rank=735 added 11 boundary-only nodes from routing
rank=760/768 dataset=stackoverflow_a2q walkers=10416 (7916160..7926575) steps=30 mode=0 sched=single-bucket delta_t=0 policy=0
rank=760 loaded data/768/stackoverflow_a2q.sub760.txt (|V_local|=3157  t_range=[27216710,239668852])
rank=760 loaded routing data/768/stackoverflow_a2q.rt760.txt (79 entries)
rank=728/768 dataset=stackoverflow_a2q walkers=10416 (7582848..7593263) steps=30 mode=0 sched=single-bucket delta_t=0 policy=0
rank=728 loaded data/768/stackoverflow_a2q.sub728.txt (|V_local|=3144  t_range=[12170891,239584257])
rank=728 loaded routing data/768/stackoverflow_a2q.rt728.txt (2195 entries)
rank=728 added 14 boundary-only nodes from routing
rank=741/768 dataset=stackoverflow_a2q walkers=10416 (7718256..7728671) steps=30 mode=0 sched=single-bucket delta_t=0 policy=0
rank=741 loaded data/768/stackoverflow_a2q.sub741.txt (|V_local|=3152  t_range=[11228983,239683404])
rank=741 loaded routing data/768/stackoverflow_a2q.rt741.txt (1979 entries)
rank=741 added 3 boundary-only nodes from routing
rank=734/768 dataset=stackoverflow_a2q walkers=10416 (7645344..7655759) steps=30 mode=0 sched=single-bucket delta_t=0 policy=0
rank=734 loaded data/768/stackoverflow_a2q.sub734.txt (|V_local|=3148  t_range=[5609867,239674627])
rank=734 loaded routing data/768/stackoverflow_a2q.rt734.txt (2034 entries)
rank=734 added 9 boundary-only nodes from routing
rank=758/768 dataset=stackoverflow_a2q walkers=10416 (7895328..7905743) steps=30 mode=0 sched=single-bucket delta_t=0 policy=0
rank=758 loaded data/768/stackoverflow_a2q.sub758.txt (|V_local|=3248  t_range=[8346835,239661851])
rank=758 loaded routing data/768/stackoverflow_a2q.rt758.txt (17 entries)
rank=762/768 dataset=stackoverflow_a2q walkers=10416 (7936992..7947407) steps=30 mode=0 sched=single-bucket delta_t=0 policy=0
rank=762 loaded data/768/stackoverflow_a2q.sub762.txt (|V_local|=3082  t_range=[18699823,239670478])
rank=762 loaded routing data/768/stackoverflow_a2q.rt762.txt (75 entries)
rank=762 added 45 boundary-only nodes from routing
rank=749/768 dataset=stackoverflow_a2q walkers=10416 (7801584..7811999) steps=30 mode=0 sched=single-bucket delta_t=0 policy=0
rank=749 loaded data/768/stackoverflow_a2q.sub749.txt (|V_local|=3165  t_range=[4089532,239681069])
rank=749 loaded routing data/768/stackoverflow_a2q.rt749.txt (1181 entries)
rank=749 added 1 boundary-only nodes from routing
rank=753/768 dataset=stackoverflow_a2q walkers=10416 (7843248..7853663) steps=30 mode=0 sched=single-bucket delta_t=0 policy=0
rank=753 loaded data/768/stackoverflow_a2q.sub753.txt (|V_local|=3112  t_range=[11327035,239694854])
rank=753 loaded routing data/768/stackoverflow_a2q.rt753.txt (21 entries)
rank=753 added 10 boundary-only nodes from routing
rank=761/768 dataset=stackoverflow_a2q walkers=10416 (7926576..7936991) steps=30 mode=0 sched=single-bucket delta_t=0 policy=0
rank=761 loaded data/768/stackoverflow_a2q.sub761.txt (|V_local|=3194  t_range=[4731496,239659777])
rank=761 loaded routing data/768/stackoverflow_a2q.rt761.txt (22 entries)
rank=750/768 dataset=stackoverflow_a2q walkers=10416 (7812000..7822415) steps=30 mode=0 sched=single-bucket delta_t=0 policy=0
rank=750 loaded data/768/stackoverflow_a2q.sub750.txt (|V_local|=3162  t_range=[5775685,239682067])
rank=750 loaded routing data/768/stackoverflow_a2q.rt750.txt (14 entries)
rank=752/768 dataset=stackoverflow_a2q walkers=10416 (7832832..7843247) steps=30 mode=0 sched=single-bucket delta_t=0 policy=0
rank=752 loaded data/768/stackoverflow_a2q.sub752.txt (|V_local|=3142  t_range=[28132573,239642867])
rank=752 loaded routing data/768/stackoverflow_a2q.rt752.txt (13 entries)
rank=740/768 dataset=stackoverflow_a2q walkers=10416 (7707840..7718255) steps=30 mode=0 sched=single-bucket delta_t=0 policy=0
rank=740 loaded data/768/stackoverflow_a2q.sub740.txt (|V_local|=3148  t_range=[5020984,239697927])
rank=740 loaded routing data/768/stackoverflow_a2q.rt740.txt (1956 entries)
rank=740 added 7 boundary-only nodes from routing
rank=382/768 dataset=stackoverflow_a2q walkers=10416 (3978912..3989327) steps=30 mode=0 sched=single-bucket delta_t=0 policy=0
rank=382 loaded data/768/stackoverflow_a2q.sub382.txt (|V_local|=3200  t_range=[7144854,239669818])
rank=382 loaded routing data/768/stackoverflow_a2q.rt382.txt (1915 entries)
rank=382 added 3 boundary-only nodes from routing
rank=370/768 dataset=stackoverflow_a2q walkers=10416 (3853920..3864335) steps=30 mode=0 sched=single-bucket delta_t=0 policy=0
rank=370 loaded data/768/stackoverflow_a2q.sub370.txt (|V_local|=3301  t_range=[6616309,239696671])
rank=370 loaded routing data/768/stackoverflow_a2q.rt370.txt (1811 entries)
rank=370 added 4 boundary-only nodes from routing
rank=344/768 dataset=stackoverflow_a2q walkers=10416 (3583104..3593519) steps=30 mode=0 sched=single-bucket delta_t=0 policy=0
rank=344 loaded data/768/stackoverflow_a2q.sub344.txt (|V_local|=3302  t_range=[477915,239648634])
rank=344 loaded routing data/768/stackoverflow_a2q.rt344.txt (1905 entries)
rank=350/768 dataset=stackoverflow_a2q walkers=10416 (3645600..3656015) steps=30 mode=0 sched=single-bucket delta_t=0 policy=0
rank=350 loaded data/768/stackoverflow_a2q.sub350.txt (|V_local|=3299  t_range=[51390973,239573619])
rank=350 loaded routing data/768/stackoverflow_a2q.rt350.txt (2124 entries)
rank=350 added 1 boundary-only nodes from routing
rank=372/768 dataset=stackoverflow_a2q walkers=10416 (3874752..3885167) steps=30 mode=0 sched=single-bucket delta_t=0 policy=0
rank=372 loaded data/768/stackoverflow_a2q.sub372.txt (|V_local|=3160  t_range=[3956875,239676436])
rank=372 loaded routing data/768/stackoverflow_a2q.rt372.txt (2180 entries)
rank=372 added 1 boundary-only nodes from routing
rank=349/768 dataset=stackoverflow_a2q walkers=10416 (3635184..3645599) steps=30 mode=0 sched=single-bucket delta_t=0 policy=0
rank=349 loaded data/768/stackoverflow_a2q.sub349.txt (|V_local|=3302  t_range=[8185889,239638595])
rank=349 loaded routing data/768/stackoverflow_a2q.rt349.txt (2018 entries)
rank=349 added 1 boundary-only nodes from routing
rank=365/768 dataset=stackoverflow_a2q walkers=10416 (3801840..3812255) steps=30 mode=0 sched=single-bucket delta_t=0 policy=0
rank=365 loaded data/768/stackoverflow_a2q.sub365.txt (|V_local|=3160  t_range=[303787,239676036])
rank=365 loaded routing data/768/stackoverflow_a2q.rt365.txt (1906 entries)
rank=365 added 1 boundary-only nodes from routing
rank=358/768 dataset=stackoverflow_a2q walkers=10416 (3728928..3739343) steps=30 mode=0 sched=single-bucket delta_t=0 policy=0
rank=358 loaded data/768/stackoverflow_a2q.sub358.txt (|V_local|=3304  t_range=[7745483,239678257])
rank=358 loaded routing data/768/stackoverflow_a2q.rt358.txt (1904 entries)
rank=358 added 1 boundary-only nodes from routing
rank=378/768 dataset=stackoverflow_a2q walkers=10416 (3937248..3947663) steps=30 mode=0 sched=single-bucket delta_t=0 policy=0
rank=378 loaded data/768/stackoverflow_a2q.sub378.txt (|V_local|=3158  t_range=[2814453,239694952])
rank=378 loaded routing data/768/stackoverflow_a2q.rt378.txt (2229 entries)
rank=378 added 4 boundary-only nodes from routing
rank=361/768 dataset=stackoverflow_a2q walkers=10416 (3760176..3770591) steps=30 mode=0 sched=single-bucket delta_t=0 policy=0
rank=361 loaded data/768/stackoverflow_a2q.sub361.txt (|V_local|=3298  t_range=[24176380,239630571])
rank=361 loaded routing data/768/stackoverflow_a2q.rt361.txt (1951 entries)
rank=361 added 2 boundary-only nodes from routing
rank=360/768 dataset=stackoverflow_a2q walkers=10416 (3749760..3760175) steps=30 mode=0 sched=single-bucket delta_t=0 policy=0
rank=360 loaded data/768/stackoverflow_a2q.sub360.txt (|V_local|=3153  t_range=[8709393,239651040])
rank=360 loaded routing data/768/stackoverflow_a2q.rt360.txt (2103 entries)
rank=360 added 3 boundary-only nodes from routing
rank=17/768 dataset=stackoverflow_a2q walkers=10416 (177072..187487) steps=30 mode=0 sched=single-bucket delta_t=0 policy=0
rank=17 loaded data/768/stackoverflow_a2q.sub17.txt (|V_local|=3290  t_range=[3275069,239673825])
rank=17 loaded routing data/768/stackoverflow_a2q.rt17.txt (1483 entries)
rank=17 added 8 boundary-only nodes from routing
rank=30/768 dataset=stackoverflow_a2q walkers=10416 (312480..322895) steps=30 mode=0 sched=single-bucket delta_t=0 policy=0
rank=30 loaded data/768/stackoverflow_a2q.sub30.txt (|V_local|=3145  t_range=[5946680,239662031])
rank=30 loaded routing data/768/stackoverflow_a2q.rt30.txt (2120 entries)
rank=30 added 14 boundary-only nodes from routing
rank=27/768 dataset=stackoverflow_a2q walkers=10416 (281232..291647) steps=30 mode=0 sched=single-bucket delta_t=0 policy=0
rank=27 loaded data/768/stackoverflow_a2q.sub27.txt (|V_local|=3154  t_range=[9920713,239684374])
rank=27 loaded routing data/768/stackoverflow_a2q.rt27.txt (1931 entries)
rank=27 added 2 boundary-only nodes from routing
rank=14/768 dataset=stackoverflow_a2q walkers=10416 (145824..156239) steps=30 mode=0 sched=single-bucket delta_t=0 policy=0
rank=14 loaded data/768/stackoverflow_a2q.sub14.txt (|V_local|=3143  t_range=[4108431,239691051])
rank=14 loaded routing data/768/stackoverflow_a2q.rt14.txt (2188 entries)
rank=14 added 15 boundary-only nodes from routing
rank=26/768 dataset=stackoverflow_a2q walkers=10416 (270816..281231) steps=30 mode=0 sched=single-bucket delta_t=0 policy=0
rank=26 loaded data/768/stackoverflow_a2q.sub26.txt (|V_local|=3301  t_range=[10604788,239640098])
rank=26 loaded routing data/768/stackoverflow_a2q.rt26.txt (1449 entries)
rank=26 added 2 boundary-only nodes from routing
rank=18/768 dataset=stackoverflow_a2q walkers=10416 (187488..197903) steps=30 mode=0 sched=single-bucket delta_t=0 policy=0
rank=18 loaded data/768/stackoverflow_a2q.sub18.txt (|V_local|=3148  t_range=[4262353,239599683])
rank=18 loaded routing data/768/stackoverflow_a2q.rt18.txt (2079 entries)
rank=18 added 5 boundary-only nodes from routing
rank=25/768 dataset=stackoverflow_a2q walkers=10416 (260400..270815) steps=30 mode=0 sched=single-bucket delta_t=0 policy=0
rank=25 loaded data/768/stackoverflow_a2q.sub25.txt (|V_local|=3299  t_range=[8110682,239646764])
rank=25 loaded routing data/768/stackoverflow_a2q.rt25.txt (1657 entries)
rank=25 added 6 boundary-only nodes from routing
rank=23/768 dataset=stackoverflow_a2q walkers=10416 (239568..249983) steps=30 mode=0 sched=single-bucket delta_t=0 policy=0
rank=23 loaded data/768/stackoverflow_a2q.sub23.txt (|V_local|=3152  t_range=[1703424,239684665])
rank=23 loaded routing data/768/stackoverflow_a2q.rt23.txt (2156 entries)
rank=23 added 6 boundary-only nodes from routing
rank=47/768 dataset=stackoverflow_a2q walkers=10416 (489552..499967) steps=30 mode=0 sched=single-bucket delta_t=0 policy=0
rank=47 loaded data/768/stackoverflow_a2q.sub47.txt (|V_local|=3147  t_range=[10941737,239682840])
rank=47 loaded routing data/768/stackoverflow_a2q.rt47.txt (2161 entries)
rank=47 added 7 boundary-only nodes from routing
rank=10/768 dataset=stackoverflow_a2q walkers=10416 (104160..114575) steps=30 mode=0 sched=single-bucket delta_t=0 policy=0
rank=10 loaded data/768/stackoverflow_a2q.sub10.txt (|V_local|=3151  t_range=[4014742,239662789])
rank=10 loaded routing data/768/stackoverflow_a2q.rt10.txt (1824 entries)
rank=10 added 9 boundary-only nodes from routing
rank=21/768 dataset=stackoverflow_a2q walkers=10416 (218736..229151) steps=30 mode=0 sched=single-bucket delta_t=0 policy=0
rank=21 loaded data/768/stackoverflow_a2q.sub21.txt (|V_local|=3119  t_range=[5854142,239662295])
rank=21 loaded routing data/768/stackoverflow_a2q.rt21.txt (2189 entries)
rank=21 added 37 boundary-only nodes from routing
rank=35/768 dataset=stackoverflow_a2q walkers=10416 (364560..374975) steps=30 mode=0 sched=single-bucket delta_t=0 policy=0
rank=35 loaded data/768/stackoverflow_a2q.sub35.txt (|V_local|=3298  t_range=[15494545,239586872])
rank=35 loaded routing data/768/stackoverflow_a2q.rt35.txt (1705 entries)
rank=35 added 7 boundary-only nodes from routing
rank=31/768 dataset=stackoverflow_a2q walkers=10416 (322896..333311) steps=30 mode=0 sched=single-bucket delta_t=0 policy=0
rank=31 loaded data/768/stackoverflow_a2q.sub31.txt (|V_local|=3297  t_range=[4646896,239559283])
rank=31 loaded routing data/768/stackoverflow_a2q.rt31.txt (1831 entries)
rank=31 added 4 boundary-only nodes from routing
rank=36/768 dataset=stackoverflow_a2q walkers=10416 (374976..385391) steps=30 mode=0 sched=single-bucket delta_t=0 policy=0
rank=36 loaded data/768/stackoverflow_a2q.sub36.txt (|V_local|=3149  t_range=[11100569,239596088])
rank=36 loaded routing data/768/stackoverflow_a2q.rt36.txt (2006 entries)
rank=36 added 4 boundary-only nodes from routing
rank=9/768 dataset=stackoverflow_a2q walkers=10416 (93744..104159) steps=30 mode=0 sched=single-bucket delta_t=0 policy=0
rank=9 loaded data/768/stackoverflow_a2q.sub9.txt (|V_local|=3141  t_range=[7151494,239508168])
rank=9 loaded routing data/768/stackoverflow_a2q.rt9.txt (2077 entries)
rank=9 added 14 boundary-only nodes from routing
rank=28/768 dataset=stackoverflow_a2q walkers=10416 (291648..302063) steps=30 mode=0 sched=single-bucket delta_t=0 policy=0
rank=28 loaded data/768/stackoverflow_a2q.sub28.txt (|V_local|=3187  t_range=[8441764,239639998])
rank=28 loaded routing data/768/stackoverflow_a2q.rt28.txt (1906 entries)
rank=28 added 5 boundary-only nodes from routing
rank=34/768 dataset=stackoverflow_a2q walkers=10416 (354144..364559) steps=30 mode=0 sched=single-bucket delta_t=0 policy=0
rank=34 loaded data/768/stackoverflow_a2q.sub34.txt (|V_local|=3298  t_range=[13879226,239673669])
rank=34 loaded routing data/768/stackoverflow_a2q.rt34.txt (1688 entries)
rank=34 added 6 boundary-only nodes from routing
rank=19/768 dataset=stackoverflow_a2q walkers=10416 (197904..208319) steps=30 mode=0 sched=single-bucket delta_t=0 policy=0
rank=19 loaded data/768/stackoverflow_a2q.sub19.txt (|V_local|=3148  t_range=[5336356,239541775])
rank=19 loaded routing data/768/stackoverflow_a2q.rt19.txt (2071 entries)
rank=19 added 9 boundary-only nodes from routing
rank=24/768 dataset=stackoverflow_a2q walkers=10416 (249984..260399) steps=30 mode=0 sched=single-bucket delta_t=0 policy=0
rank=24 loaded data/768/stackoverflow_a2q.sub24.txt (|V_local|=3157  t_range=[13081247,239592227])
rank=24 loaded routing data/768/stackoverflow_a2q.rt24.txt (2167 entries)
rank=24 added 3 boundary-only nodes from routing
rank=4/768 dataset=stackoverflow_a2q walkers=10416 (41664..52079) steps=30 mode=0 sched=single-bucket delta_t=0 policy=0
rank=4 loaded data/768/stackoverflow_a2q.sub4.txt (|V_local|=3278  t_range=[2237184,239678018])
rank=4 loaded routing data/768/stackoverflow_a2q.rt4.txt (1702 entries)
rank=4 added 23 boundary-only nodes from routing
rank=33/768 dataset=stackoverflow_a2q walkers=10416 (343728..354143) steps=30 mode=0 sched=single-bucket delta_t=0 policy=0
rank=33 loaded data/768/stackoverflow_a2q.sub33.txt (|V_local|=3147  t_range=[1048569,239605857])
rank=33 loaded routing data/768/stackoverflow_a2q.rt33.txt (1951 entries)
rank=33 added 7 boundary-only nodes from routing
rank=37/768 dataset=stackoverflow_a2q walkers=10416 (385392..395807) steps=30 mode=0 sched=single-bucket delta_t=0 policy=0
rank=37 loaded data/768/stackoverflow_a2q.sub37.txt (|V_local|=3277  t_range=[2655650,239575611])
rank=37 loaded routing data/768/stackoverflow_a2q.rt37.txt (1986 entries)
rank=37 added 4 boundary-only nodes from routing
rank=38/768 dataset=stackoverflow_a2q walkers=10416 (395808..406223) steps=30 mode=0 sched=single-bucket delta_t=0 policy=0
rank=38 loaded data/768/stackoverflow_a2q.sub38.txt (|V_local|=3173  t_range=[26585261,239653465])
rank=38 loaded routing data/768/stackoverflow_a2q.rt38.txt (1951 entries)
rank=38 added 1 boundary-only nodes from routing
rank=39/768 dataset=stackoverflow_a2q walkers=10416 (406224..416639) steps=30 mode=0 sched=single-bucket delta_t=0 policy=0
rank=39 loaded data/768/stackoverflow_a2q.sub39.txt (|V_local|=3156  t_range=[5764093,239572362])
rank=680/768 dataset=stackoverflow_a2q walkers=10416 (7082880..7093295) steps=30 mode=0 sched=single-bucket delta_t=0 policy=0
rank=680 loaded data/768/stackoverflow_a2q.sub680.txt (|V_local|=3298  t_range=[3714543,239580561])
rank=680 loaded routing data/768/stackoverflow_a2q.rt680.txt (2081 entries)
rank=680 added 3 boundary-only nodes from routing
rank=681/768 dataset=stackoverflow_a2q walkers=10416 (7093296..7103711) steps=30 mode=0 sched=single-bucket delta_t=0 policy=0
rank=681 loaded data/768/stackoverflow_a2q.sub681.txt (|V_local|=3103  t_range=[7793597,239663528])
rank=681 loaded routing data/768/stackoverflow_a2q.rt681.txt (2174 entries)
rank=681 added 52 boundary-only nodes from routing
rank=696/768 dataset=stackoverflow_a2q walkers=10416 (7249536..7259951) steps=30 mode=0 sched=single-bucket delta_t=0 policy=0
rank=696 loaded data/768/stackoverflow_a2q.sub696.txt (|V_local|=3150  t_range=[33830360,239669022])
rank=696 loaded routing data/768/stackoverflow_a2q.rt696.txt (2165 entries)
rank=696 added 8 boundary-only nodes from routing
rank=688/768 dataset=stackoverflow_a2q walkers=10416 (7166208..7176623) steps=30 mode=0 sched=single-bucket delta_t=0 policy=0
rank=688 loaded data/768/stackoverflow_a2q.sub688.txt (|V_local|=3237  t_range=[7345323,239605464])
rank=688 loaded routing data/768/stackoverflow_a2q.rt688.txt (2125 entries)
rank=688 added 4 boundary-only nodes from routing
rank=697/768 dataset=stackoverflow_a2q walkers=10416 (7259952..7270367) steps=30 mode=0 sched=single-bucket delta_t=0 policy=0
rank=697 loaded data/768/stackoverflow_a2q.sub697.txt (|V_local|=3303  t_range=[5419261,239682831])
rank=697 loaded routing data/768/stackoverflow_a2q.rt697.txt (2101 entries)
rank=697 added 2 boundary-only nodes from routing
rank=687/768 dataset=stackoverflow_a2q walkers=10416 (7155792..7166207) steps=30 mode=0 sched=single-bucket delta_t=0 policy=0
rank=687 loaded data/768/stackoverflow_a2q.sub687.txt (|V_local|=3149  t_range=[16819032,239669277])
rank=687 loaded routing data/768/stackoverflow_a2q.rt687.txt (2113 entries)
rank=687 added 5 boundary-only nodes from routing
rank=699/768 dataset=stackoverflow_a2q walkers=10416 (7280784..7291199) steps=30 mode=0 sched=single-bucket delta_t=0 policy=0
rank=699 loaded data/768/stackoverflow_a2q.sub699.txt (|V_local|=3150  t_range=[6115310,239667667])
rank=699 loaded routing data/768/stackoverflow_a2q.rt699.txt (2182 entries)
rank=699 added 2 boundary-only nodes from routing
rank=702/768 dataset=stackoverflow_a2q walkers=10416 (7312032..7322447) steps=30 mode=0 sched=single-bucket delta_t=0 policy=0
rank=702 loaded data/768/stackoverflow_a2q.sub702.txt (|V_local|=3149  t_range=[19352006,239652772])
rank=702 loaded routing data/768/stackoverflow_a2q.rt702.txt (2242 entries)
rank=702 added 14 boundary-only nodes from routing
rank=704/768 dataset=stackoverflow_a2q walkers=10416 (7332864..7343279) steps=30 mode=0 sched=single-bucket delta_t=0 policy=0
rank=704 loaded data/768/stackoverflow_a2q.sub704.txt (|V_local|=3303  t_range=[26983656,239675454])
rank=704 loaded routing data/768/stackoverflow_a2q.rt704.txt (2004 entries)
rank=704 added 2 boundary-only nodes from routing
rank=705/768 dataset=stackoverflow_a2q walkers=10416 (7343280..7353695) steps=30 mode=0 sched=single-bucket delta_t=0 policy=0
rank=705 loaded data/768/stackoverflow_a2q.sub705.txt (|V_local|=3148  t_range=[4744778,239679178])
rank=705 loaded routing data/768/stackoverflow_a2q.rt705.txt (2236 entries)
rank=705 added 8 boundary-only nodes from routing
rank=690/768 dataset=stackoverflow_a2q walkers=10416 (7187040..7197455) steps=30 mode=0 sched=single-bucket delta_t=0 policy=0
rank=690 loaded data/768/stackoverflow_a2q.sub690.txt (|V_local|=3142  t_range=[7242321,239675752])
rank=690 loaded routing data/768/stackoverflow_a2q.rt690.txt (2186 entries)
rank=690 added 6 boundary-only nodes from routing
rank=709/768 dataset=stackoverflow_a2q walkers=10416 (7384944..7395359) steps=30 mode=0 sched=single-bucket delta_t=0 policy=0
rank=709 loaded data/768/stackoverflow_a2q.sub709.txt (|V_local|=3294  t_range=[20001656,239694889])
rank=709 loaded routing data/768/stackoverflow_a2q.rt709.txt (2141 entries)
rank=709 added 3 boundary-only nodes from routing
rank=685/768 dataset=stackoverflow_a2q walkers=10416 (7134960..7145375) steps=30 mode=0 sched=single-bucket delta_t=0 policy=0
rank=685 loaded data/768/stackoverflow_a2q.sub685.txt (|V_local|=3183  t_range=[11316052,239570379])
rank=685 loaded routing data/768/stackoverflow_a2q.rt685.txt (2124 entries)
rank=685 added 2 boundary-only nodes from routing
rank=698/768 dataset=stackoverflow_a2q walkers=10416 (7270368..7280783) steps=30 mode=0 sched=single-bucket delta_t=0 policy=0
rank=698 loaded data/768/stackoverflow_a2q.sub698.txt (|V_local|=3303  t_range=[11907411,239685001])
rank=698 loaded routing data/768/stackoverflow_a2q.rt698.txt (1810 entries)
rank=698 added 2 boundary-only nodes from routing
rank=712/768 dataset=stackoverflow_a2q walkers=10416 (7416192..7426607) steps=30 mode=0 sched=single-bucket delta_t=0 policy=0
rank=712 loaded data/768/stackoverflow_a2q.sub712.txt (|V_local|=3144  t_range=[4740192,239655553])
rank=712 loaded routing data/768/stackoverflow_a2q.rt712.txt (2218 entries)
rank=712 added 5 boundary-only nodes from routing
rank=707/768 dataset=stackoverflow_a2q walkers=10416 (7364112..7374527) steps=30 mode=0 sched=single-bucket delta_t=0 policy=0
rank=707 loaded data/768/stackoverflow_a2q.sub707.txt (|V_local|=3133  t_range=[24365707,239673985])
rank=707 loaded routing data/768/stackoverflow_a2q.rt707.txt (2173 entries)
rank=707 added 14 boundary-only nodes from routing
rank=703/768 dataset=stackoverflow_a2q walkers=10416 (7322448..7332863) steps=30 mode=0 sched=single-bucket delta_t=0 policy=0
rank=703 loaded data/768/stackoverflow_a2q.sub703.txt (|V_local|=3143  t_range=[17908157,239601686])
rank=703 loaded routing data/768/stackoverflow_a2q.rt703.txt (2254 entries)
rank=703 added 16 boundary-only nodes from routing
rank=701/768 dataset=stackoverflow_a2q walkers=10416 (7301616..7312031) steps=30 mode=0 sched=single-bucket delta_t=0 policy=0
rank=701 loaded data/768/stackoverflow_a2q.sub701.txt (|V_local|=3301  t_range=[42759076,239672132])
rank=701 loaded routing data/768/stackoverflow_a2q.rt701.txt (2247 entries)
rank=701 added 3 boundary-only nodes from routing
rank=715/768 dataset=stackoverflow_a2q walkers=10416 (7447440..7457855) steps=30 mode=0 sched=single-bucket delta_t=0 policy=0
rank=715 loaded data/768/stackoverflow_a2q.sub715.txt (|V_local|=3295  t_range=[42782432,239696499])
rank=715 loaded routing data/768/stackoverflow_a2q.rt715.txt (2061 entries)
rank=710/768 dataset=stackoverflow_a2q walkers=10416 (7395360..7405775) steps=30 mode=0 sched=single-bucket delta_t=0 policy=0
rank=710 loaded data/768/stackoverflow_a2q.sub710.txt (|V_local|=3305  t_range=[77242189,239666756])
rank=710 loaded routing data/768/stackoverflow_a2q.rt710.txt (2177 entries)
rank=714/768 dataset=stackoverflow_a2q walkers=10416 (7437024..7447439) steps=30 mode=0 sched=single-bucket delta_t=0 policy=0
rank=714 loaded data/768/stackoverflow_a2q.sub714.txt (|V_local|=3143  t_range=[12501184,239663535])
rank=714 loaded routing data/768/stackoverflow_a2q.rt714.txt (2270 entries)
rank=714 added 13 boundary-only nodes from routing
rank=706/768 dataset=stackoverflow_a2q walkers=10416 (7353696..7364111) steps=30 mode=0 sched=single-bucket delta_t=0 policy=0
rank=706 loaded data/768/stackoverflow_a2q.sub706.txt (|V_local|=3130  t_range=[6575374,239600429])
rank=706 loaded routing data/768/stackoverflow_a2q.rt706.txt (2220 entries)
rank=706 added 22 boundary-only nodes from routing
rank=713/768 dataset=stackoverflow_a2q walkers=10416 (7426608..7437023) steps=30 mode=0 sched=single-bucket delta_t=0 policy=0
rank=713 loaded data/768/stackoverflow_a2q.sub713.txt (|V_local|=3236  t_range=[20643407,239698527])
rank=713 loaded routing data/768/stackoverflow_a2q.rt713.txt (2200 entries)
rank=713 added 1 boundary-only nodes from routing
rank=686/768 dataset=stackoverflow_a2q walkers=10416 (7145376..7155791) steps=30 mode=0 sched=single-bucket delta_t=0 policy=0
rank=436/768 dataset=stackoverflow_a2q walkers=10416 (4541376..4551791) steps=30 mode=0 sched=single-bucket delta_t=0 policy=0
rank=436 loaded data/768/stackoverflow_a2q.sub436.txt (|V_local|=3235  t_range=[46877862,239671479])
rank=436 loaded routing data/768/stackoverflow_a2q.rt436.txt (2073 entries)
rank=436 added 1 boundary-only nodes from routing
rank=449/768 dataset=stackoverflow_a2q walkers=10416 (4676784..4687199) steps=30 mode=0 sched=single-bucket delta_t=0 policy=0
rank=449 loaded data/768/stackoverflow_a2q.sub449.txt (|V_local|=3150  t_range=[33389072,239695688])
rank=449 loaded routing data/768/stackoverflow_a2q.rt449.txt (2017 entries)
rank=449 added 6 boundary-only nodes from routing
rank=442/768 dataset=stackoverflow_a2q walkers=10416 (4603872..4614287) steps=30 mode=0 sched=single-bucket delta_t=0 policy=0
rank=442 loaded data/768/stackoverflow_a2q.sub442.txt (|V_local|=3215  t_range=[18490344,239559018])
rank=442 loaded routing data/768/stackoverflow_a2q.rt442.txt (2076 entries)
rank=442 added 2 boundary-only nodes from routing
rank=450/768 dataset=stackoverflow_a2q walkers=10416 (4687200..4697615) steps=30 mode=0 sched=single-bucket delta_t=0 policy=0
rank=450 loaded data/768/stackoverflow_a2q.sub450.txt (|V_local|=3160  t_range=[7744002,239678745])
rank=450 loaded routing data/768/stackoverflow_a2q.rt450.txt (2130 entries)
rank=477/768 dataset=stackoverflow_a2q walkers=10416 (4968432..4978847) steps=30 mode=0 sched=single-bucket delta_t=0 policy=0
rank=477 loaded data/768/stackoverflow_a2q.sub477.txt (|V_local|=3147  t_range=[3548420,239695897])
rank=477 loaded routing data/768/stackoverflow_a2q.rt477.txt (2084 entries)
rank=477 added 5 boundary-only nodes from routing
rank=446/768 dataset=stackoverflow_a2q walkers=10416 (4645536..4655951) steps=30 mode=0 sched=single-bucket delta_t=0 policy=0
rank=446 loaded data/768/stackoverflow_a2q.sub446.txt (|V_local|=3304  t_range=[66055476,239685984])
rank=446 loaded routing data/768/stackoverflow_a2q.rt446.txt (1900 entries)
rank=455/768 dataset=stackoverflow_a2q walkers=10416 (4739280..4749695) steps=30 mode=0 sched=single-bucket delta_t=0 policy=0
rank=455 loaded data/768/stackoverflow_a2q.sub455.txt (|V_local|=3160  t_range=[14260949,239665450])
rank=455 loaded routing data/768/stackoverflow_a2q.rt455.txt (2111 entries)
rank=455 added 2 boundary-only nodes from routing
rank=447/768 dataset=stackoverflow_a2q walkers=10416 (4655952..4666367) steps=30 mode=0 sched=single-bucket delta_t=0 policy=0
rank=447 loaded data/768/stackoverflow_a2q.sub447.txt (|V_local|=3161  t_range=[25960302,239639973])
rank=447 loaded routing data/768/stackoverflow_a2q.rt447.txt (2238 entries)
rank=459/768 dataset=stackoverflow_a2q walkers=10416 (4780944..4791359) steps=30 mode=0 sched=single-bucket delta_t=0 policy=0
rank=459 loaded data/768/stackoverflow_a2q.sub459.txt (|V_local|=3150  t_range=[33090976,239674888])
rank=459 loaded routing data/768/stackoverflow_a2q.rt459.txt (2124 entries)
rank=459 added 6 boundary-only nodes from routing
rank=471/768 dataset=stackoverflow_a2q walkers=10416 (4905936..4916351) steps=30 mode=0 sched=single-bucket delta_t=0 policy=0
rank=471 loaded data/768/stackoverflow_a2q.sub471.txt (|V_local|=3151  t_range=[26285003,239692780])
rank=471 loaded routing data/768/stackoverflow_a2q.rt471.txt (2119 entries)
rank=471 added 3 boundary-only nodes from routing
rank=440/768 dataset=stackoverflow_a2q walkers=10416 (4583040..4593455) steps=30 mode=0 sched=single-bucket delta_t=0 policy=0
rank=440 loaded data/768/stackoverflow_a2q.sub440.txt (|V_local|=3263  t_range=[27820704,239689517])
rank=440 loaded routing data/768/stackoverflow_a2q.rt440.txt (2107 entries)
rank=440 added 2 boundary-only nodes from routing
rank=437/768 dataset=stackoverflow_a2q walkers=10416 (4551792..4562207) steps=30 mode=0 sched=single-bucket delta_t=0 policy=0
rank=437 loaded data/768/stackoverflow_a2q.sub437.txt (|V_local|=3158  t_range=[29287386,239690485])
rank=437 loaded routing data/768/stackoverflow_a2q.rt437.txt (2000 entries)
rank=437 added 1 boundary-only nodes from routing
rank=453/768 dataset=stackoverflow_a2q walkers=10416 (4718448..4728863) steps=30 mode=0 sched=single-bucket delta_t=0 policy=0
rank=453 loaded data/768/stackoverflow_a2q.sub453.txt (|V_local|=3151  t_range=[28260801,239694200])
rank=453 loaded routing data/768/stackoverflow_a2q.rt453.txt (2171 entries)
rank=453 added 6 boundary-only nodes from routing
rank=467/768 dataset=stackoverflow_a2q walkers=10416 (4864272..4874687) steps=30 mode=0 sched=single-bucket delta_t=0 policy=0
rank=467 loaded data/768/stackoverflow_a2q.sub467.txt (|V_local|=3158  t_range=[53104486,239681143])
rank=467 loaded routing data/768/stackoverflow_a2q.rt467.txt (2214 entries)
rank=467 added 2 boundary-only nodes from routing
rank=457/768 dataset=stackoverflow_a2q walkers=10416 (4760112..4770527) steps=30 mode=0 sched=single-bucket delta_t=0 policy=0
rank=457 loaded data/768/stackoverflow_a2q.sub457.txt (|V_local|=3302  t_range=[27712240,239693009])
rank=457 loaded routing data/768/stackoverflow_a2q.rt457.txt (2055 entries)
rank=457 added 2 boundary-only nodes from routing
rank=462/768 dataset=stackoverflow_a2q walkers=10416 (4812192..4822607) steps=30 mode=0 sched=single-bucket delta_t=0 policy=0
rank=462 loaded data/768/stackoverflow_a2q.sub462.txt (|V_local|=3154  t_range=[2467096,239647869])
rank=462 loaded routing data/768/stackoverflow_a2q.rt462.txt (2063 entries)
rank=462 added 3 boundary-only nodes from routing
rank=454/768 dataset=stackoverflow_a2q walkers=10416 (4728864..4739279) steps=30 mode=0 sched=single-bucket delta_t=0 policy=0
rank=454 loaded data/768/stackoverflow_a2q.sub454.txt (|V_local|=3153  t_range=[6267827,239690307])
rank=454 loaded routing data/768/stackoverflow_a2q.rt454.txt (2173 entries)
rank=454 added 4 boundary-only nodes from routing
rank=434/768 dataset=stackoverflow_a2q walkers=10416 (4520544..4530959) steps=30 mode=0 sched=single-bucket delta_t=0 policy=0
rank=434 loaded data/768/stackoverflow_a2q.sub434.txt (|V_local|=3292  t_range=[62934636,239687470])
rank=434 loaded routing data/768/stackoverflow_a2q.rt434.txt (2139 entries)
rank=434 added 1 boundary-only nodes from routing
rank=478/768 dataset=stackoverflow_a2q walkers=10416 (4978848..4989263) steps=30 mode=0 sched=single-bucket delta_t=0 policy=0
rank=478 loaded data/768/stackoverflow_a2q.sub478.txt (|V_local|=3151  t_range=[39667600,239651725])
rank=478 loaded routing data/768/stackoverflow_a2q.rt478.txt (2129 entries)
rank=478 added 2 boundary-only nodes from routing
rank=470/768 dataset=stackoverflow_a2q walkers=10416 (4895520..4905935) steps=30 mode=0 sched=single-bucket delta_t=0 policy=0
rank=470 loaded data/768/stackoverflow_a2q.sub470.txt (|V_local|=3166  t_range=[10385233,239656711])
rank=470 loaded routing data/768/stackoverflow_a2q.rt470.txt (2059 entries)
rank=452/768 dataset=stackoverflow_a2q walkers=10416 (4708032..4718447) steps=30 mode=0 sched=single-bucket delta_t=0 policy=0
rank=452 loaded data/768/stackoverflow_a2q.sub452.txt (|V_local|=3298  t_range=[36708379,239694514])
rank=452 loaded routing data/768/stackoverflow_a2q.rt452.txt (1954 entries)
rank=456/768 dataset=stackoverflow_a2q walkers=10416 (4749696..4760111) steps=30 mode=0 sched=single-bucket delta_t=0 policy=0
rank=456 loaded data/768/stackoverflow_a2q.sub456.txt (|V_local|=3155  t_range=[31960564,239663777])
rank=456 loaded routing data/768/stackoverflow_a2q.rt456.txt (2214 entries)
rank=456 added 2 boundary-only nodes from routing
rank=460/768 dataset=stackoverflow_a2q walkers=10416 (4791360..4801775) steps=30 mode=0 sched=single-bucket delta_t=0 policy=0
rank=460 loaded data/768/stackoverflow_a2q.sub460.txt (|V_local|=3153  t_range=[19592934,239662647])
rank=460 loaded routing data/768/stackoverflow_a2q.rt460.txt (2093 entries)
rank=460 added 7 boundary-only nodes from routing
rank=469/768 dataset=stackoverflow_a2q walkers=10416 (4885104..4895519) steps=30 mode=0 sched=single-bucket delta_t=0 policy=0
rank=469 loaded data/768/stackoverflow_a2q.sub469.txt (|V_local|=3159  t_range=[25720893,239592945])
rank=469 loaded routing data/768/stackoverflow_a2q.rt469.txt (2062 entries)
rank=68/768 dataset=stackoverflow_a2q walkers=10416 (708288..718703) steps=30 mode=0 sched=single-bucket delta_t=0 policy=0
rank=68 loaded data/768/stackoverflow_a2q.sub68.txt (|V_local|=3170  t_range=[4168428,239574307])
rank=68 loaded routing data/768/stackoverflow_a2q.rt68.txt (1992 entries)
rank=68 added 40 boundary-only nodes from routing
rank=94/768 dataset=stackoverflow_a2q walkers=10416 (979104..989519) steps=30 mode=0 sched=single-bucket delta_t=0 policy=0
rank=94 loaded data/768/stackoverflow_a2q.sub94.txt (|V_local|=3148  t_range=[4524662,239647317])
rank=94 loaded routing data/768/stackoverflow_a2q.rt94.txt (2157 entries)
rank=94 added 11 boundary-only nodes from routing
rank=87/768 dataset=stackoverflow_a2q walkers=10416 (906192..916607) steps=30 mode=0 sched=single-bucket delta_t=0 policy=0
rank=87 loaded data/768/stackoverflow_a2q.sub87.txt (|V_local|=3151  t_range=[3296715,239697762])
rank=87 loaded routing data/768/stackoverflow_a2q.rt87.txt (2126 entries)
rank=87 added 5 boundary-only nodes from routing
rank=91/768 dataset=stackoverflow_a2q walkers=10416 (947856..958271) steps=30 mode=0 sched=single-bucket delta_t=0 policy=0
rank=91 loaded data/768/stackoverflow_a2q.sub91.txt (|V_local|=3304  t_range=[3674670,239694147])
rank=91 loaded routing data/768/stackoverflow_a2q.rt91.txt (1538 entries)
rank=92/768 dataset=stackoverflow_a2q walkers=10416 (958272..968687) steps=30 mode=0 sched=single-bucket delta_t=0 policy=0
rank=92 loaded data/768/stackoverflow_a2q.sub92.txt (|V_local|=3303  t_range=[11437210,239657736])
rank=92 loaded routing data/768/stackoverflow_a2q.rt92.txt (1897 entries)
rank=92 added 2 boundary-only nodes from routing
rank=93/768 dataset=stackoverflow_a2q walkers=10416 (968688..979103) steps=30 mode=0 sched=single-bucket delta_t=0 policy=0
rank=93 loaded data/768/stackoverflow_a2q.sub93.txt (|V_local|=3128  t_range=[3604526,239640711])
rank=93 loaded routing data/768/stackoverflow_a2q.rt93.txt (2191 entries)
rank=93 added 25 boundary-only nodes from routing
rank=89/768 dataset=stackoverflow_a2q walkers=10416 (927024..937439) steps=30 mode=0 sched=single-bucket delta_t=0 policy=0
rank=89 loaded data/768/stackoverflow_a2q.sub89.txt (|V_local|=3304  t_range=[2175541,239690306])
rank=89 loaded routing data/768/stackoverflow_a2q.rt89.txt (1838 entries)
rank=89 added 1 boundary-only nodes from routing
rank=74/768 dataset=stackoverflow_a2q walkers=10416 (770784..781199) steps=30 mode=0 sched=single-bucket delta_t=0 policy=0
rank=74 loaded data/768/stackoverflow_a2q.sub74.txt (|V_local|=3300  t_range=[9588017,239663409])
rank=74 loaded routing data/768/stackoverflow_a2q.rt74.txt (1445 entries)
rank=74 added 2 boundary-only nodes from routing
rank=78/768 dataset=stackoverflow_a2q walkers=10416 (812448..822863) steps=30 mode=0 sched=single-bucket delta_t=0 policy=0
rank=78 loaded data/768/stackoverflow_a2q.sub78.txt (|V_local|=3151  t_range=[19746811,239650680])
rank=78 loaded routing data/768/stackoverflow_a2q.rt78.txt (2086 entries)
rank=78 added 4 boundary-only nodes from routing
rank=81/768 dataset=stackoverflow_a2q walkers=10416 (843696..854111) steps=30 mode=0 sched=single-bucket delta_t=0 policy=0
rank=81 loaded data/768/stackoverflow_a2q.sub81.txt (|V_local|=3139  t_range=[2846924,239676644])
rank=81 loaded routing data/768/stackoverflow_a2q.rt81.txt (2084 entries)
rank=81 added 21 boundary-only nodes from routing
rank=59/768 dataset=stackoverflow_a2q walkers=10416 (614544..624959) steps=30 mode=0 sched=single-bucket delta_t=0 policy=0
rank=59 loaded data/768/stackoverflow_a2q.sub59.txt (|V_local|=3298  t_range=[6969605,239611991])
rank=59 loaded routing data/768/stackoverflow_a2q.rt59.txt (1724 entries)
rank=59 added 7 boundary-only nodes from routing
rank=95/768 dataset=stackoverflow_a2q walkers=10416 (989520..999935) steps=30 mode=0 sched=single-bucket delta_t=0 policy=0
rank=95 loaded data/768/stackoverflow_a2q.sub95.txt (|V_local|=3139  t_range=[2996462,239652934])
rank=95 loaded routing data/768/stackoverflow_a2q.rt95.txt (2184 entries)
rank=95 added 10 boundary-only nodes from routing
rank=60/768 dataset=stackoverflow_a2q walkers=10416 (624960..635375) steps=30 mode=0 sched=single-bucket delta_t=0 policy=0
rank=60 loaded data/768/stackoverflow_a2q.sub60.txt (|V_local|=3116  t_range=[2660219,239673545])
rank=60 loaded routing data/768/stackoverflow_a2q.rt60.txt (2153 entries)
rank=60 added 32 boundary-only nodes from routing
rank=71/768 dataset=stackoverflow_a2q walkers=10416 (739536..749951) steps=30 mode=0 sched=single-bucket delta_t=0 policy=0
rank=71 loaded data/768/stackoverflow_a2q.sub71.txt (|V_local|=3137  t_range=[4199808,239678205])
rank=71 loaded routing data/768/stackoverflow_a2q.rt71.txt (2136 entries)
rank=71 added 19 boundary-only nodes from routing
rank=75/768 dataset=stackoverflow_a2q walkers=10416 (781200..791615) steps=30 mode=0 sched=single-bucket delta_t=0 policy=0
rank=75 loaded data/768/stackoverflow_a2q.sub75.txt (|V_local|=3154  t_range=[7065657,239690685])
rank=75 loaded routing data/768/stackoverflow_a2q.rt75.txt (2164 entries)
rank=75 added 6 boundary-only nodes from routing
rank=79/768 dataset=stackoverflow_a2q walkers=10416 (822864..833279) steps=30 mode=0 sched=single-bucket delta_t=0 policy=0
rank=79 loaded data/768/stackoverflow_a2q.sub79.txt (|V_local|=3180  t_range=[5430569,239681166])
rank=79 loaded routing data/768/stackoverflow_a2q.rt79.txt (1895 entries)
rank=79 added 1 boundary-only nodes from routing
rank=55/768 dataset=stackoverflow_a2q walkers=10416 (572880..583295) steps=30 mode=0 sched=single-bucket delta_t=0 policy=0
rank=55 loaded data/768/stackoverflow_a2q.sub55.txt (|V_local|=3300  t_range=[31340091,239622657])
rank=55 loaded routing data/768/stackoverflow_a2q.rt55.txt (1826 entries)
rank=55 added 5 boundary-only nodes from routing
rank=67/768 dataset=stackoverflow_a2q walkers=10416 (697872..708287) steps=30 mode=0 sched=single-bucket delta_t=0 policy=0
rank=67 loaded data/768/stackoverflow_a2q.sub67.txt (|V_local|=3302  t_range=[2500011,239687459])
rank=67 loaded routing data/768/stackoverflow_a2q.rt67.txt (1244 entries)
rank=67 added 3 boundary-only nodes from routing
rank=82/768 dataset=stackoverflow_a2q walkers=10416 (854112..864527) steps=30 mode=0 sched=single-bucket delta_t=0 policy=0
rank=82 loaded data/768/stackoverflow_a2q.sub82.txt (|V_local|=3146  t_range=[4051376,239554337])
rank=82 loaded routing data/768/stackoverflow_a2q.rt82.txt (2131 entries)
rank=82 added 7 boundary-only nodes from routing
rank=66/768 dataset=stackoverflow_a2q walkers=10416 (687456..697871) steps=30 mode=0 sched=single-bucket delta_t=0 policy=0
rank=66 loaded data/768/stackoverflow_a2q.sub66.txt (|V_local|=3270  t_range=[495252,239696652])
rank=66 loaded routing data/768/stackoverflow_a2q.rt66.txt (2035 entries)
rank=66 added 24 boundary-only nodes from routing
rank=84/768 dataset=stackoverflow_a2q walkers=10416 (874944..885359) steps=30 mode=0 sched=single-bucket delta_t=0 policy=0
rank=84 loaded data/768/stackoverflow_a2q.sub84.txt (|V_local|=3270  t_range=[10997264,239695858])
rank=84 loaded routing data/768/stackoverflow_a2q.rt84.txt (1988 entries)
rank=84 added 2 boundary-only nodes from routing
rank=80/768 dataset=stackoverflow_a2q walkers=10416 (833280..843695) steps=30 mode=0 sched=single-bucket delta_t=0 policy=0
rank=80 loaded data/768/stackoverflow_a2q.sub80.txt (|V_local|=3301  t_range=[5133045,239671052])
rank=80 loaded routing data/768/stackoverflow_a2q.rt80.txt (1733 entries)
rank=62/768 dataset=stackoverflow_a2q walkers=10416 (645792..656207) steps=30 mode=0 sched=single-bucket delta_t=0 policy=0
rank=62 loaded data/768/stackoverflow_a2q.sub62.txt (|V_local|=3296  t_range=[670011,239524810])
rank=62 loaded routing data/768/stackoverflow_a2q.rt62.txt (1531 entries)
rank=62 added 9 boundary-only nodes from routing
rank=58/768 dataset=stackoverflow_a2q walkers=10416 (604128..614543) steps=30 mode=0 sched=single-bucket delta_t=0 policy=0
rank=58 loaded data/768/stackoverflow_a2q.sub58.txt (|V_local|=3298  t_range=[14867878,239691980])
rank=58 loaded routing data/768/stackoverflow_a2q.rt58.txt (2137 entries)
rank=538 loaded data/768/stackoverflow_a2q.sub538.txt (|V_local|=3301  t_range=[24478231,239673513])
rank=538 loaded routing data/768/stackoverflow_a2q.rt538.txt (1851 entries)
rank=538 added 4 boundary-only nodes from routing
rank=568/768 dataset=stackoverflow_a2q walkers=10416 (5916288..5926703) steps=30 mode=0 sched=single-bucket delta_t=0 policy=0
rank=568 loaded data/768/stackoverflow_a2q.sub568.txt (|V_local|=3299  t_range=[20393628,239683136])
rank=568 loaded routing data/768/stackoverflow_a2q.rt568.txt (2102 entries)
rank=568 added 6 boundary-only nodes from routing
rank=532/768 dataset=stackoverflow_a2q walkers=10416 (5541312..5551727) steps=30 mode=0 sched=single-bucket delta_t=0 policy=0
rank=532 loaded data/768/stackoverflow_a2q.sub532.txt (|V_local|=3303  t_range=[29214882,239691948])
rank=532 loaded routing data/768/stackoverflow_a2q.rt532.txt (1924 entries)
rank=532 added 2 boundary-only nodes from routing
rank=575/768 dataset=stackoverflow_a2q walkers=10416 (5989200..5999615) steps=30 mode=0 sched=single-bucket delta_t=0 policy=0
rank=575 loaded data/768/stackoverflow_a2q.sub575.txt (|V_local|=3142  t_range=[9492166,239689250])
rank=575 loaded routing data/768/stackoverflow_a2q.rt575.txt (2181 entries)
rank=575 added 11 boundary-only nodes from routing
rank=559/768 dataset=stackoverflow_a2q walkers=10416 (5822544..5832959) steps=30 mode=0 sched=single-bucket delta_t=0 policy=0
rank=559 loaded data/768/stackoverflow_a2q.sub559.txt (|V_local|=3303  t_range=[38188665,239584809])
rank=559 loaded routing data/768/stackoverflow_a2q.rt559.txt (2070 entries)
rank=559 added 2 boundary-only nodes from routing
rank=185/768 dataset=stackoverflow_a2q walkers=10416 (1926960..1937375) steps=30 mode=0 sched=single-bucket delta_t=0 policy=0
rank=185 loaded data/768/stackoverflow_a2q.sub185.txt (|V_local|=3150  t_range=[5758909,239680086])
rank=185 loaded routing data/768/stackoverflow_a2q.rt185.txt (2104 entries)
rank=185 added 3 boundary-only nodes from routing
rank=165/768 dataset=stackoverflow_a2q walkers=10416 (1718640..1729055) steps=30 mode=0 sched=single-bucket delta_t=0 policy=0
rank=165 loaded data/768/stackoverflow_a2q.sub165.txt (|V_local|=3146  t_range=[1700891,239691783])
rank=165 loaded routing data/768/stackoverflow_a2q.rt165.txt (2110 entries)
rank=165 added 7 boundary-only nodes from routing
rank=181/768 dataset=stackoverflow_a2q walkers=10416 (1885296..1895711) steps=30 mode=0 sched=single-bucket delta_t=0 policy=0
rank=181 loaded data/768/stackoverflow_a2q.sub181.txt (|V_local|=3302  t_range=[4224226,239684364])
rank=181 loaded routing data/768/stackoverflow_a2q.rt181.txt (1632 entries)
rank=181 added 3 boundary-only nodes from routing
rank=166/768 dataset=stackoverflow_a2q walkers=10416 (1729056..1739471) steps=30 mode=0 sched=single-bucket delta_t=0 policy=0
rank=166 loaded data/768/stackoverflow_a2q.sub166.txt (|V_local|=3149  t_range=[3304280,239596069])
rank=166 loaded routing data/768/stackoverflow_a2q.rt166.txt (1971 entries)
rank=166 added 7 boundary-only nodes from routing
rank=184/768 dataset=stackoverflow_a2q walkers=10416 (1916544..1926959) steps=30 mode=0 sched=single-bucket delta_t=0 policy=0
rank=184 loaded data/768/stackoverflow_a2q.sub184.txt (|V_local|=3145  t_range=[4548499,239577106])
rank=184 loaded routing data/768/stackoverflow_a2q.rt184.txt (1953 entries)
rank=184 added 7 boundary-only nodes from routing
rank=155/768 dataset=stackoverflow_a2q walkers=10416 (1614480..1624895) steps=30 mode=0 sched=single-bucket delta_t=0 policy=0
rank=155 loaded data/768/stackoverflow_a2q.sub155.txt (|V_local|=3301  t_range=[660569,239673997])
rank=155 loaded routing data/768/stackoverflow_a2q.rt155.txt (1326 entries)
rank=155 added 3 boundary-only nodes from routing
rank=191/768 dataset=stackoverflow_a2q walkers=10416 (1989456..1999871) steps=30 mode=0 sched=single-bucket delta_t=0 policy=0
rank=191 loaded data/768/stackoverflow_a2q.sub191.txt (|V_local|=3286  t_range=[4365112,239540924])
rank=191 loaded routing data/768/stackoverflow_a2q.rt191.txt (1770 entries)
rank=191 added 18 boundary-only nodes from routing
rank=159/768 dataset=stackoverflow_a2q walkers=10416 (1656144..1666559) steps=30 mode=0 sched=single-bucket delta_t=0 policy=0
rank=159 loaded data/768/stackoverflow_a2q.sub159.txt (|V_local|=3121  t_range=[1590330,239691691])
rank=159 loaded routing data/768/stackoverflow_a2q.rt159.txt (2067 entries)
rank=159 added 22 boundary-only nodes from routing
rank=190/768 dataset=stackoverflow_a2q walkers=10416 (1979040..1989455) steps=30 mode=0 sched=single-bucket delta_t=0 policy=0
rank=190 loaded data/768/stackoverflow_a2q.sub190.txt (|V_local|=3300  t_range=[4277846,239522478])
rank=190 loaded routing data/768/stackoverflow_a2q.rt190.txt (1675 entries)
rank=190 added 1 boundary-only nodes from routing
rank=183/768 dataset=stackoverflow_a2q walkers=10416 (1906128..1916543) steps=30 mode=0 sched=single-bucket delta_t=0 policy=0
rank=183 loaded data/768/stackoverflow_a2q.sub183.txt (|V_local|=3154  t_range=[4317869,239663180])
rank=183 loaded routing data/768/stackoverflow_a2q.rt183.txt (2172 entries)
rank=183 added 8 boundary-only nodes from routing
rank=150/768 dataset=stackoverflow_a2q walkers=10416 (1562400..1572815) steps=30 mode=0 sched=single-bucket delta_t=0 policy=0
rank=150 loaded data/768/stackoverflow_a2q.sub150.txt (|V_local|=3144  t_range=[3943838,239530747])
rank=150 loaded routing data/768/stackoverflow_a2q.rt150.txt (2125 entries)
rank=150 added 13 boundary-only nodes from routing
rank=189/768 dataset=stackoverflow_a2q walkers=10416 (1968624..1979039) steps=30 mode=0 sched=single-bucket delta_t=0 policy=0
rank=189 loaded data/768/stackoverflow_a2q.sub189.txt (|V_local|=3151  t_range=[5137824,239668280])
rank=189 loaded routing data/768/stackoverflow_a2q.rt189.txt (2104 entries)
rank=189 added 6 boundary-only nodes from routing
rank=182/768 dataset=stackoverflow_a2q walkers=10416 (1895712..1906127) steps=30 mode=0 sched=single-bucket delta_t=0 policy=0
rank=182 loaded data/768/stackoverflow_a2q.sub182.txt (|V_local|=3289  t_range=[1875507,239644348])
rank=182 loaded routing data/768/stackoverflow_a2q.rt182.txt (1821 entries)
rank=182 added 12 boundary-only nodes from routing
rank=168/768 dataset=stackoverflow_a2q walkers=10416 (1749888..1760303) steps=30 mode=0 sched=single-bucket delta_t=0 policy=0
rank=168 loaded data/768/stackoverflow_a2q.sub168.txt (|V_local|=3174  t_range=[4166439,239677078])
rank=168 loaded routing data/768/stackoverflow_a2q.rt168.txt (1767 entries)
rank=168 added 6 boundary-only nodes from routing
rank=172/768 dataset=stackoverflow_a2q walkers=10416 (1791552..1801967) steps=30 mode=0 sched=single-bucket delta_t=0 policy=0
rank=172 loaded data/768/stackoverflow_a2q.sub172.txt (|V_local|=3298  t_range=[3964818,239693352])
rank=172 loaded routing data/768/stackoverflow_a2q.rt172.txt (1549 entries)
rank=172 added 6 boundary-only nodes from routing
rank=187/768 dataset=stackoverflow_a2q walkers=10416 (1947792..1958207) steps=30 mode=0 sched=single-bucket delta_t=0 policy=0
rank=187 loaded data/768/stackoverflow_a2q.sub187.txt (|V_local|=3173  t_range=[7858897,239695371])
rank=187 loaded routing data/768/stackoverflow_a2q.rt187.txt (2086 entries)
rank=187 added 5 boundary-only nodes from routing
rank=156/768 dataset=stackoverflow_a2q walkers=10416 (1624896..1635311) steps=30 mode=0 sched=single-bucket delta_t=0 policy=0
rank=156 loaded data/768/stackoverflow_a2q.sub156.txt (|V_local|=3259  t_range=[269346,239587815])
rank=156 loaded routing data/768/stackoverflow_a2q.rt156.txt (1792 entries)
rank=156 added 22 boundary-only nodes from routing
rank=188/768 dataset=stackoverflow_a2q walkers=10416 (1958208..1968623) steps=30 mode=0 sched=single-bucket delta_t=0 policy=0
rank=188 loaded data/768/stackoverflow_a2q.sub188.txt (|V_local|=3185  t_range=[4308547,239676163])
rank=188 loaded routing data/768/stackoverflow_a2q.rt188.txt (1828 entries)
rank=188 added 8 boundary-only nodes from routing
rank=180/768 dataset=stackoverflow_a2q walkers=10416 (1874880..1885295) steps=30 mode=0 sched=single-bucket delta_t=0 policy=0
rank=180 loaded data/768/stackoverflow_a2q.sub180.txt (|V_local|=3145  t_range=[4785055,239673077])
rank=180 loaded routing data/768/stackoverflow_a2q.rt180.txt (2213 entries)
rank=180 added 9 boundary-only nodes from routing
rank=186/768 dataset=stackoverflow_a2q walkers=10416 (1937376..1947791) steps=30 mode=0 sched=single-bucket delta_t=0 policy=0
rank=186 loaded data/768/stackoverflow_a2q.sub186.txt (|V_local|=3150  t_range=[20523557,239680997])
rank=186 loaded routing data/768/stackoverflow_a2q.rt186.txt (2166 entries)
rank=186 added 9 boundary-only nodes from routing
rank=161/768 dataset=stackoverflow_a2q walkers=10416 (1676976..1687391) steps=30 mode=0 sched=single-bucket delta_t=0 policy=0
rank=161 loaded data/768/stackoverflow_a2q.sub161.txt (|V_local|=3255  t_range=[1235683,239493510])
rank=161 loaded routing data/768/stackoverflow_a2q.rt161.txt (1850 entries)
rank=161 added 47 boundary-only nodes from routing
rank=171/768 dataset=stackoverflow_a2q walkers=10416 (1781136..1791551) steps=30 mode=0 sched=single-bucket delta_t=0 policy=0
rank=171 loaded data/768/stackoverflow_a2q.sub171.txt (|V_local|=3146  t_range=[3683635,239643779])
rank=171 loaded routing data/768/stackoverflow_a2q.rt171.txt (1978 entries)
rank=171 added 13 boundary-only nodes from routing
rank=144/768 dataset=stackoverflow_a2q walkers=10416 (1499904..1510319) steps=30 mode=0 sched=single-bucket delta_t=0 policy=0
rank=144 loaded data/768/stackoverflow_a2q.sub144.txt (|V_local|=3147  t_range=[2235682,239683969])
rank=144 loaded routing data/768/stackoverflow_a2q.rt144.txt (1998 entries)
rank=144 added 11 boundary-only nodes from routing
rank=406 loaded routing data/768/stackoverflow_a2q.rt406.txt (2206 entries)
rank=406 added 3 boundary-only nodes from routing
rank=431/768 dataset=stackoverflow_a2q walkers=10416 (4489296..4499711) steps=30 mode=0 sched=single-bucket delta_t=0 policy=0
rank=431 loaded data/768/stackoverflow_a2q.sub431.txt (|V_local|=3303  t_range=[34979770,239686029])
rank=431 loaded routing data/768/stackoverflow_a2q.rt431.txt (1963 entries)
rank=431 added 2 boundary-only nodes from routing
rank=428/768 dataset=stackoverflow_a2q walkers=10416 (4458048..4468463) steps=30 mode=0 sched=single-bucket delta_t=0 policy=0
rank=428 loaded data/768/stackoverflow_a2q.sub428.txt (|V_local|=3276  t_range=[45426804,239692719])
rank=428 loaded routing data/768/stackoverflow_a2q.rt428.txt (2125 entries)
rank=428 added 1 boundary-only nodes from routing
rank=400/768 dataset=stackoverflow_a2q walkers=10416 (4166400..4176815) steps=30 mode=0 sched=single-bucket delta_t=0 policy=0
rank=400 loaded data/768/stackoverflow_a2q.sub400.txt (|V_local|=3162  t_range=[33865616,239676170])
rank=400 loaded routing data/768/stackoverflow_a2q.rt400.txt (2067 entries)
rank=398/768 dataset=stackoverflow_a2q walkers=10416 (4145568..4155983) steps=30 mode=0 sched=single-bucket delta_t=0 policy=0
rank=398 loaded data/768/stackoverflow_a2q.sub398.txt (|V_local|=3302  t_range=[36766317,239620173])
rank=398 loaded routing data/768/stackoverflow_a2q.rt398.txt (1603 entries)
rank=430/768 dataset=stackoverflow_a2q walkers=10416 (4478880..4489295) steps=30 mode=0 sched=single-bucket delta_t=0 policy=0
rank=430 loaded data/768/stackoverflow_a2q.sub430.txt (|V_local|=3303  t_range=[42103865,239589940])
rank=430 loaded routing data/768/stackoverflow_a2q.rt430.txt (2003 entries)
rank=430 added 1 boundary-only nodes from routing
rank=423/768 dataset=stackoverflow_a2q walkers=10416 (4405968..4416383) steps=30 mode=0 sched=single-bucket delta_t=0 policy=0
rank=423 loaded data/768/stackoverflow_a2q.sub423.txt (|V_local|=3147  t_range=[7333835,239671843])
rank=423 loaded routing data/768/stackoverflow_a2q.rt423.txt (2198 entries)
rank=423 added 5 boundary-only nodes from routing
rank=407/768 dataset=stackoverflow_a2q walkers=10416 (4239312..4249727) steps=30 mode=0 sched=single-bucket delta_t=0 policy=0
rank=407 loaded data/768/stackoverflow_a2q.sub407.txt (|V_local|=3203  t_range=[30204377,239680290])
rank=407 loaded routing data/768/stackoverflow_a2q.rt407.txt (1926 entries)
rank=407 added 3 boundary-only nodes from routing
rank=402/768 dataset=stackoverflow_a2q walkers=10416 (4187232..4197647) steps=30 mode=0 sched=single-bucket delta_t=0 policy=0
rank=402 loaded data/768/stackoverflow_a2q.sub402.txt (|V_local|=3145  t_range=[28000201,239631253])
rank=402 loaded routing data/768/stackoverflow_a2q.rt402.txt (2110 entries)
rank=402 added 11 boundary-only nodes from routing
rank=393/768 dataset=stackoverflow_a2q walkers=10416 (4093488..4103903) steps=30 mode=0 sched=single-bucket delta_t=0 policy=0
rank=393 loaded data/768/stackoverflow_a2q.sub393.txt (|V_local|=3137  t_range=[12290926,239696704])
rank=393 loaded routing data/768/stackoverflow_a2q.rt393.txt (2140 entries)
rank=393 added 7 boundary-only nodes from routing
rank=417/768 dataset=stackoverflow_a2q walkers=10416 (4343472..4353887) steps=30 mode=0 sched=single-bucket delta_t=0 policy=0
rank=417 loaded data/768/stackoverflow_a2q.sub417.txt (|V_local|=3154  t_range=[4088279,239643865])
rank=417 loaded routing data/768/stackoverflow_a2q.rt417.txt (2239 entries)
rank=417 added 6 boundary-only nodes from routing
rank=409/768 dataset=stackoverflow_a2q walkers=10416 (4260144..4270559) steps=30 mode=0 sched=single-bucket delta_t=0 policy=0
rank=409 loaded data/768/stackoverflow_a2q.sub409.txt (|V_local|=3298  t_range=[26167651,239593578])
rank=409 loaded routing data/768/stackoverflow_a2q.rt409.txt (2186 entries)
rank=396/768 dataset=stackoverflow_a2q walkers=10416 (4124736..4135151) steps=30 mode=0 sched=single-bucket delta_t=0 policy=0
rank=396 loaded data/768/stackoverflow_a2q.sub396.txt (|V_local|=3158  t_range=[13126953,239686872])
rank=396 loaded routing data/768/stackoverflow_a2q.rt396.txt (1881 entries)
rank=396 added 1 boundary-only nodes from routing
rank=384/768 dataset=stackoverflow_a2q walkers=10416 (3999744..4010159) steps=30 mode=0 sched=single-bucket delta_t=0 policy=0
rank=384 loaded data/768/stackoverflow_a2q.sub384.txt (|V_local|=3146  t_range=[26581833,239613975])
rank=384 loaded routing data/768/stackoverflow_a2q.rt384.txt (2104 entries)
rank=384 added 1 boundary-only nodes from routing
rank=425/768 dataset=stackoverflow_a2q walkers=10416 (4426800..4437215) steps=30 mode=0 sched=single-bucket delta_t=0 policy=0
rank=425 loaded data/768/stackoverflow_a2q.sub425.txt (|V_local|=3160  t_range=[31249548,239635286])
rank=425 loaded routing data/768/stackoverflow_a2q.rt425.txt (2148 entries)
rank=425 added 1 boundary-only nodes from routing
rank=427/768 dataset=stackoverflow_a2q walkers=10416 (4447632..4458047) steps=30 mode=0 sched=single-bucket delta_t=0 policy=0
rank=427 loaded data/768/stackoverflow_a2q.sub427.txt (|V_local|=3304  t_range=[18081774,239671948])
rank=427 loaded routing data/768/stackoverflow_a2q.rt427.txt (1816 entries)
rank=427 added 1 boundary-only nodes from routing
rank=426/768 dataset=stackoverflow_a2q walkers=10416 (4437216..4447631) steps=30 mode=0 sched=single-bucket delta_t=0 policy=0
rank=426 loaded data/768/stackoverflow_a2q.sub426.txt (|V_local|=3154  t_range=[41402833,239662278])
rank=426 loaded routing data/768/stackoverflow_a2q.rt426.txt (2284 entries)
rank=426 added 4 boundary-only nodes from routing
rank=415/768 dataset=stackoverflow_a2q walkers=10416 (4322640..4333055) steps=30 mode=0 sched=single-bucket delta_t=0 policy=0
rank=415 loaded data/768/stackoverflow_a2q.sub415.txt (|V_local|=3302  t_range=[24410830,239664154])
rank=415 loaded routing data/768/stackoverflow_a2q.rt415.txt (1711 entries)
rank=415 added 1 boundary-only nodes from routing
rank=392/768 dataset=stackoverflow_a2q walkers=10416 (4083072..4093487) steps=30 mode=0 sched=single-bucket delta_t=0 policy=0
rank=392 loaded data/768/stackoverflow_a2q.sub392.txt (|V_local|=3299  t_range=[13524018,239667348])
rank=392 loaded routing data/768/stackoverflow_a2q.rt392.txt (2043 entries)
rank=401/768 dataset=stackoverflow_a2q walkers=10416 (4176816..4187231) steps=30 mode=0 sched=single-bucket delta_t=0 policy=0
rank=401 loaded data/768/stackoverflow_a2q.sub401.txt (|V_local|=3156  t_range=[3941916,239538980])
rank=401 loaded routing data/768/stackoverflow_a2q.rt401.txt (2056 entries)
rank=401 added 2 boundary-only nodes from routing
rank=403/768 dataset=stackoverflow_a2q walkers=10416 (4197648..4208063) steps=30 mode=0 sched=single-bucket delta_t=0 policy=0
rank=403 loaded data/768/stackoverflow_a2q.sub403.txt (|V_local|=3190  t_range=[26222646,239679686])
rank=403 loaded routing data/768/stackoverflow_a2q.rt403.txt (1986 entries)
rank=403 added 2 boundary-only nodes from routing
rank=385/768 dataset=stackoverflow_a2q walkers=10416 (4010160..4020575) steps=30 mode=0 sched=single-bucket delta_t=0 policy=0
rank=385 loaded data/768/stackoverflow_a2q.sub385.txt (|V_local|=3268  t_range=[16639819,239675165])
rank=385 loaded routing data/768/stackoverflow_a2q.rt385.txt (1850 entries)
rank=385 added 4 boundary-only nodes from routing
rank=419/768 dataset=stackoverflow_a2q walkers=10416 (4364304..4374719) steps=30 mode=0 sched=single-bucket delta_t=0 policy=0
rank=419 loaded data/768/stackoverflow_a2q.sub419.txt (|V_local|=3152  t_range=[8983426,239621677])
rank=419 loaded routing data/768/stackoverflow_a2q.rt419.txt (2112 entries)
rank=419 added 1 boundary-only nodes from routing
rank=424/768 dataset=stackoverflow_a2q walkers=10416 (4416384..4426799) steps=30 mode=0 sched=single-bucket delta_t=0 policy=0
rank=424 loaded data/768/stackoverflow_a2q.sub424.txt (|V_local|=3252  t_range=[27800858,239622018])
rank=424 loaded routing data/768/stackoverflow_a2q.rt424.txt (2022 entries)
rank=416/768 dataset=stackoverflow_a2q walkers=10416 (4333056..4343471) steps=30 mode=0 sched=single-bucket delta_t=0 policy=0
rank=654/768 dataset=stackoverflow_a2q walkers=10416 (6812064..6822479) steps=30 mode=0 sched=single-bucket delta_t=0 policy=0
rank=654 loaded data/768/stackoverflow_a2q.sub654.txt (|V_local|=3152  t_range=[13714867,239689862])
rank=654 loaded routing data/768/stackoverflow_a2q.rt654.txt (2126 entries)
rank=654 added 2 boundary-only nodes from routing
rank=658/768 dataset=stackoverflow_a2q walkers=10416 (6853728..6864143) steps=30 mode=0 sched=single-bucket delta_t=0 policy=0
rank=658 loaded data/768/stackoverflow_a2q.sub658.txt (|V_local|=3300  t_range=[19921836,239674310])
rank=658 loaded routing data/768/stackoverflow_a2q.rt658.txt (2135 entries)
rank=658 added 1 boundary-only nodes from routing
rank=648/768 dataset=stackoverflow_a2q walkers=10416 (6749568..6759983) steps=30 mode=0 sched=single-bucket delta_t=0 policy=0
rank=648 loaded data/768/stackoverflow_a2q.sub648.txt (|V_local|=3154  t_range=[41176214,239679312])
rank=648 loaded routing data/768/stackoverflow_a2q.rt648.txt (2172 entries)
rank=648 added 5 boundary-only nodes from routing
rank=665/768 dataset=stackoverflow_a2q walkers=10416 (6926640..6937055) steps=30 mode=0 sched=single-bucket delta_t=0 policy=0
rank=665 loaded data/768/stackoverflow_a2q.sub665.txt (|V_local|=3302  t_range=[3941965,239573673])
rank=665 loaded routing data/768/stackoverflow_a2q.rt665.txt (1591 entries)
rank=665 added 1 boundary-only nodes from routing
rank=660/768 dataset=stackoverflow_a2q walkers=10416 (6874560..6884975) steps=30 mode=0 sched=single-bucket delta_t=0 policy=0
rank=660 loaded data/768/stackoverflow_a2q.sub660.txt (|V_local|=3303  t_range=[2943697,239629674])
rank=660 loaded routing data/768/stackoverflow_a2q.rt660.txt (1771 entries)
rank=664/768 dataset=stackoverflow_a2q walkers=10416 (6916224..6926639) steps=30 mode=0 sched=single-bucket delta_t=0 policy=0
rank=664 loaded data/768/stackoverflow_a2q.sub664.txt (|V_local|=3141  t_range=[22730361,239663798])
rank=664 loaded routing data/768/stackoverflow_a2q.rt664.txt (2114 entries)
rank=664 added 8 boundary-only nodes from routing
rank=671/768 dataset=stackoverflow_a2q walkers=10416 (6989136..6999551) steps=30 mode=0 sched=single-bucket delta_t=0 policy=0
rank=671 loaded data/768/stackoverflow_a2q.sub671.txt (|V_local|=3298  t_range=[4285235,239675236])
rank=671 loaded routing data/768/stackoverflow_a2q.rt671.txt (1769 entries)
rank=671 added 4 boundary-only nodes from routing
rank=656/768 dataset=stackoverflow_a2q walkers=10416 (6832896..6843311) steps=30 mode=0 sched=single-bucket delta_t=0 policy=0
rank=656 loaded data/768/stackoverflow_a2q.sub656.txt (|V_local|=3304  t_range=[5829477,239552868])
rank=656 loaded routing data/768/stackoverflow_a2q.rt656.txt (2017 entries)
rank=656 added 1 boundary-only nodes from routing
rank=653/768 dataset=stackoverflow_a2q walkers=10416 (6801648..6812063) steps=30 mode=0 sched=single-bucket delta_t=0 policy=0
rank=653 loaded data/768/stackoverflow_a2q.sub653.txt (|V_local|=3305  t_range=[16119014,239591142])
rank=653 loaded routing data/768/stackoverflow_a2q.rt653.txt (1403 entries)
rank=663/768 dataset=stackoverflow_a2q walkers=10416 (6905808..6916223) steps=30 mode=0 sched=single-bucket delta_t=0 policy=0
rank=663 loaded data/768/stackoverflow_a2q.sub663.txt (|V_local|=3300  t_range=[15631338,239627931])
rank=663 loaded routing data/768/stackoverflow_a2q.rt663.txt (1622 entries)
rank=663 added 4 boundary-only nodes from routing
rank=667/768 dataset=stackoverflow_a2q walkers=10416 (6947472..6957887) steps=30 mode=0 sched=single-bucket delta_t=0 policy=0
rank=667 loaded data/768/stackoverflow_a2q.sub667.txt (|V_local|=3157  t_range=[13988074,239637477])
rank=667 loaded routing data/768/stackoverflow_a2q.rt667.txt (1915 entries)
rank=667 added 3 boundary-only nodes from routing
rank=649/768 dataset=stackoverflow_a2q walkers=10416 (6759984..6770399) steps=30 mode=0 sched=single-bucket delta_t=0 policy=0
rank=649 loaded data/768/stackoverflow_a2q.sub649.txt (|V_local|=3301  t_range=[10247461,239690359])
rank=649 loaded routing data/768/stackoverflow_a2q.rt649.txt (1976 entries)
rank=649 added 2 boundary-only nodes from routing
rank=631/768 dataset=stackoverflow_a2q walkers=10416 (6572496..6582911) steps=30 mode=0 sched=single-bucket delta_t=0 policy=0
rank=631 loaded data/768/stackoverflow_a2q.sub631.txt (|V_local|=3148  t_range=[4621375,239603417])
rank=631 loaded routing data/768/stackoverflow_a2q.rt631.txt (2078 entries)
rank=631 added 3 boundary-only nodes from routing
rank=643/768 dataset=stackoverflow_a2q walkers=10416 (6697488..6707903) steps=30 mode=0 sched=single-bucket delta_t=0 policy=0
rank=643 loaded data/768/stackoverflow_a2q.sub643.txt (|V_local|=3145  t_range=[4062148,239678892])
rank=643 loaded routing data/768/stackoverflow_a2q.rt643.txt (2094 entries)
rank=643 added 10 boundary-only nodes from routing
rank=636/768 dataset=stackoverflow_a2q walkers=10416 (6624576..6634991) steps=30 mode=0 sched=single-bucket delta_t=0 policy=0
rank=636 loaded data/768/stackoverflow_a2q.sub636.txt (|V_local|=3152  t_range=[3686775,239633945])
rank=636 loaded routing data/768/stackoverflow_a2q.rt636.txt (2108 entries)
rank=636 added 4 boundary-only nodes from routing
rank=640/768 dataset=stackoverflow_a2q walkers=10416 (6666240..6676655) steps=30 mode=0 sched=single-bucket delta_t=0 policy=0
rank=640 loaded data/768/stackoverflow_a2q.sub640.txt (|V_local|=3155  t_range=[4858614,239690129])
rank=640 loaded routing data/768/stackoverflow_a2q.rt640.txt (1905 entries)
rank=640 added 10 boundary-only nodes from routing
rank=662/768 dataset=stackoverflow_a2q walkers=10416 (6895392..6905807) steps=30 mode=0 sched=single-bucket delta_t=0 policy=0
rank=662 loaded data/768/stackoverflow_a2q.sub662.txt (|V_local|=3164  t_range=[6277272,239681166])
rank=662 loaded routing data/768/stackoverflow_a2q.rt662.txt (1926 entries)
rank=662 added 3 boundary-only nodes from routing
rank=645/768 dataset=stackoverflow_a2q walkers=10416 (6718320..6728735) steps=30 mode=0 sched=single-bucket delta_t=0 policy=0
rank=645 loaded data/768/stackoverflow_a2q.sub645.txt (|V_local|=3149  t_range=[4076826,239668863])
rank=645 loaded routing data/768/stackoverflow_a2q.rt645.txt (2053 entries)
rank=645 added 5 boundary-only nodes from routing
rank=666/768 dataset=stackoverflow_a2q walkers=10416 (6937056..6947471) steps=30 mode=0 sched=single-bucket delta_t=0 policy=0
rank=666 loaded data/768/stackoverflow_a2q.sub666.txt (|V_local|=3251  t_range=[7115323,239696300])
rank=666 loaded routing data/768/stackoverflow_a2q.rt666.txt (1822 entries)
rank=666 added 2 boundary-only nodes from routing
rank=652/768 dataset=stackoverflow_a2q walkers=10416 (6791232..6801647) steps=30 mode=0 sched=single-bucket delta_t=0 policy=0
rank=652 loaded data/768/stackoverflow_a2q.sub652.txt (|V_local|=3302  t_range=[5482693,239691804])
rank=652 loaded routing data/768/stackoverflow_a2q.rt652.txt (1647 entries)
rank=652 added 2 boundary-only nodes from routing
rank=670/768 dataset=stackoverflow_a2q walkers=10416 (6978720..6989135) steps=30 mode=0 sched=single-bucket delta_t=0 policy=0
rank=670 loaded data/768/stackoverflow_a2q.sub670.txt (|V_local|=3300  t_range=[19851375,239667404])
rank=670 loaded routing data/768/stackoverflow_a2q.rt670.txt (1762 entries)
rank=670 added 2 boundary-only nodes from routing
rank=641/768 dataset=stackoverflow_a2q walkers=10416 (6676656..6687071) steps=30 mode=0 sched=single-bucket delta_t=0 policy=0
rank=641 loaded data/768/stackoverflow_a2q.sub641.txt (|V_local|=3144  t_range=[8964449,239652009])
rank=641 loaded routing data/768/stackoverflow_a2q.rt641.txt (1997 entries)
rank=641 added 17 boundary-only nodes from routing
rank=650/768 dataset=stackoverflow_a2q walkers=10416 (6770400..6780815) steps=30 mode=0 sched=single-bucket delta_t=0 policy=0
rank=650 loaded data/768/stackoverflow_a2q.sub650.txt (|V_local|=3294  t_range=[53698685,239590716])
rank=650 loaded routing data/768/stackoverflow_a2q.rt650.txt (1967 entries)
rank=650 added 7 boundary-only nodes from routing
rank=669/768 dataset=stackoverflow_a2q walkers=10416 (6968304..6978719) steps=30 mode=0 sched=single-bucket delta_t=0 policy=0
rank=301/768 dataset=stackoverflow_a2q walkers=10416 (3135216..3145631) steps=30 mode=0 sched=single-bucket delta_t=0 policy=0
rank=301 loaded data/768/stackoverflow_a2q.sub301.txt (|V_local|=3281  t_range=[592921,239698105])
rank=301 loaded routing data/768/stackoverflow_a2q.rt301.txt (1736 entries)
rank=333/768 dataset=stackoverflow_a2q walkers=10416 (3468528..3478943) steps=30 mode=0 sched=single-bucket delta_t=0 policy=0
rank=333 loaded data/768/stackoverflow_a2q.sub333.txt (|V_local|=3116  t_range=[3963532,239670487])
rank=333 loaded routing data/768/stackoverflow_a2q.rt333.txt (2174 entries)
rank=333 added 36 boundary-only nodes from routing
rank=289/768 dataset=stackoverflow_a2q walkers=10416 (3010224..3020639) steps=30 mode=0 sched=single-bucket delta_t=0 policy=0
rank=289 loaded data/768/stackoverflow_a2q.sub289.txt (|V_local|=3159  t_range=[6457344,239541608])
rank=289 loaded routing data/768/stackoverflow_a2q.rt289.txt (1946 entries)
rank=289 added 6 boundary-only nodes from routing
rank=317/768 dataset=stackoverflow_a2q walkers=10416 (3301872..3312287) steps=30 mode=0 sched=single-bucket delta_t=0 policy=0
rank=317 loaded data/768/stackoverflow_a2q.sub317.txt (|V_local|=3150  t_range=[4122849,239635083])
rank=317 loaded routing data/768/stackoverflow_a2q.rt317.txt (1881 entries)
rank=317 added 7 boundary-only nodes from routing
rank=307/768 dataset=stackoverflow_a2q walkers=10416 (3197712..3208127) steps=30 mode=0 sched=single-bucket delta_t=0 policy=0
rank=307 loaded data/768/stackoverflow_a2q.sub307.txt (|V_local|=3148  t_range=[4831851,239674444])
rank=307 loaded routing data/768/stackoverflow_a2q.rt307.txt (2167 entries)
rank=307 added 6 boundary-only nodes from routing
rank=312/768 dataset=stackoverflow_a2q walkers=10416 (3249792..3260207) steps=30 mode=0 sched=single-bucket delta_t=0 policy=0
rank=312 loaded data/768/stackoverflow_a2q.sub312.txt (|V_local|=3224  t_range=[38288677,239675975])
rank=312 loaded routing data/768/stackoverflow_a2q.rt312.txt (1822 entries)
rank=312 added 2 boundary-only nodes from routing
rank=323/768 dataset=stackoverflow_a2q walkers=10416 (3364368..3374783) steps=30 mode=0 sched=single-bucket delta_t=0 policy=0
rank=323 loaded data/768/stackoverflow_a2q.sub323.txt (|V_local|=3154  t_range=[4185295,239652489])
rank=323 loaded routing data/768/stackoverflow_a2q.rt323.txt (2140 entries)
rank=323 added 6 boundary-only nodes from routing
rank=295/768 dataset=stackoverflow_a2q walkers=10416 (3072720..3083135) steps=30 mode=0 sched=single-bucket delta_t=0 policy=0
rank=295 loaded data/768/stackoverflow_a2q.sub295.txt (|V_local|=3218  t_range=[19830289,239661859])
rank=295 loaded routing data/768/stackoverflow_a2q.rt295.txt (2013 entries)
rank=295 added 1 boundary-only nodes from routing
rank=320/768 dataset=stackoverflow_a2q walkers=10416 (3333120..3343535) steps=30 mode=0 sched=single-bucket delta_t=0 policy=0
rank=320 loaded data/768/stackoverflow_a2q.sub320.txt (|V_local|=3155  t_range=[4034802,239668118])
rank=320 loaded routing data/768/stackoverflow_a2q.rt320.txt (2014 entries)
rank=320 added 2 boundary-only nodes from routing
rank=321/768 dataset=stackoverflow_a2q walkers=10416 (3343536..3353951) steps=30 mode=0 sched=single-bucket delta_t=0 policy=0
rank=321 loaded data/768/stackoverflow_a2q.sub321.txt (|V_local|=3137  t_range=[51483,239688097])
rank=321 loaded routing data/768/stackoverflow_a2q.rt321.txt (2151 entries)
rank=321 added 18 boundary-only nodes from routing
rank=315/768 dataset=stackoverflow_a2q walkers=10416 (3281040..3291455) steps=30 mode=0 sched=single-bucket delta_t=0 policy=0
rank=315 loaded data/768/stackoverflow_a2q.sub315.txt (|V_local|=3149  t_range=[256708,239694340])
rank=315 loaded routing data/768/stackoverflow_a2q.rt315.txt (2132 entries)
rank=315 added 10 boundary-only nodes from routing
rank=304/768 dataset=stackoverflow_a2q walkers=10416 (3166464..3176879) steps=30 mode=0 sched=single-bucket delta_t=0 policy=0
rank=304 loaded data/768/stackoverflow_a2q.sub304.txt (|V_local|=3152  t_range=[3958563,239606984])
rank=304 loaded routing data/768/stackoverflow_a2q.rt304.txt (2196 entries)
rank=304 added 9 boundary-only nodes from routing
rank=329/768 dataset=stackoverflow_a2q walkers=10416 (3426864..3437279) steps=30 mode=0 sched=single-bucket delta_t=0 policy=0
rank=329 loaded data/768/stackoverflow_a2q.sub329.txt (|V_local|=3140  t_range=[12599001,239621633])
rank=329 loaded routing data/768/stackoverflow_a2q.rt329.txt (2192 entries)
rank=329 added 5 boundary-only nodes from routing
rank=335/768 dataset=stackoverflow_a2q walkers=10416 (3489360..3499775) steps=30 mode=0 sched=single-bucket delta_t=0 policy=0
rank=335 loaded data/768/stackoverflow_a2q.sub335.txt (|V_local|=3083  t_range=[4057171,239676923])
rank=335 loaded routing data/768/stackoverflow_a2q.rt335.txt (1224 entries)
rank=335 added 222 boundary-only nodes from routing
rank=328/768 dataset=stackoverflow_a2q walkers=10416 (3416448..3426863) steps=30 mode=0 sched=single-bucket delta_t=0 policy=0
rank=328 loaded data/768/stackoverflow_a2q.sub328.txt (|V_local|=3143  t_range=[8801818,239678624])
rank=328 loaded routing data/768/stackoverflow_a2q.rt328.txt (2070 entries)
rank=328 added 9 boundary-only nodes from routing
rank=324/768 dataset=stackoverflow_a2q walkers=10416 (3374784..3385199) steps=30 mode=0 sched=single-bucket delta_t=0 policy=0
rank=324 loaded data/768/stackoverflow_a2q.sub324.txt (|V_local|=3158  t_range=[4176977,239674857])
rank=324 loaded routing data/768/stackoverflow_a2q.rt324.txt (2116 entries)
rank=309/768 dataset=stackoverflow_a2q walkers=10416 (3218544..3228959) steps=30 mode=0 sched=single-bucket delta_t=0 policy=0
rank=309 loaded data/768/stackoverflow_a2q.sub309.txt (|V_local|=3153  t_range=[3535054,239625729])
rank=309 loaded routing data/768/stackoverflow_a2q.rt309.txt (1899 entries)
rank=309 added 10 boundary-only nodes from routing
rank=331/768 dataset=stackoverflow_a2q walkers=10416 (3447696..3458111) steps=30 mode=0 sched=single-bucket delta_t=0 policy=0
rank=331 loaded data/768/stackoverflow_a2q.sub331.txt (|V_local|=3149  t_range=[6718333,239675186])
rank=331 loaded routing data/768/stackoverflow_a2q.rt331.txt (2166 entries)
rank=331 added 11 boundary-only nodes from routing
rank=327/768 dataset=stackoverflow_a2q walkers=10416 (3406032..3416447) steps=30 mode=0 sched=single-bucket delta_t=0 policy=0
rank=327 loaded data/768/stackoverflow_a2q.sub327.txt (|V_local|=3139  t_range=[18661257,239693779])
rank=327 loaded routing data/768/stackoverflow_a2q.rt327.txt (2059 entries)
rank=327 added 20 boundary-only nodes from routing
rank=288/768 dataset=stackoverflow_a2q walkers=10416 (2999808..3010223) steps=30 mode=0 sched=single-bucket delta_t=0 policy=0
rank=288 loaded data/768/stackoverflow_a2q.sub288.txt (|V_local|=3136  t_range=[8552940,239557260])
rank=288 loaded routing data/768/stackoverflow_a2q.rt288.txt (2202 entries)
rank=288 added 21 boundary-only nodes from routing
rank=325/768 dataset=stackoverflow_a2q walkers=10416 (3385200..3395615) steps=30 mode=0 sched=single-bucket delta_t=0 policy=0
rank=325 loaded data/768/stackoverflow_a2q.sub325.txt (|V_local|=3150  t_range=[22493999,239659347])
rank=325 loaded routing data/768/stackoverflow_a2q.rt325.txt (2166 entries)
rank=325 added 6 boundary-only nodes from routing
rank=303/768 dataset=stackoverflow_a2q walkers=10416 (3156048..3166463) steps=30 mode=0 sched=single-bucket delta_t=0 policy=0
rank=303 loaded data/768/stackoverflow_a2q.sub303.txt (|V_local|=3211  t_range=[6946102,239668982])
rank=303 loaded routing data/768/stackoverflow_a2q.rt303.txt (1871 entries)
rank=303 added 7 boundary-only nodes from routing
rank=610/768 dataset=stackoverflow_a2q walkers=10416 (6353760..6364175) steps=30 mode=0 sched=single-bucket delta_t=0 policy=0
rank=610 loaded data/768/stackoverflow_a2q.sub610.txt (|V_local|=3162  t_range=[4359108,239681376])
rank=610 loaded routing data/768/stackoverflow_a2q.rt610.txt (2170 entries)
rank=610 added 9 boundary-only nodes from routing
rank=604/768 dataset=stackoverflow_a2q walkers=10416 (6291264..6301679) steps=30 mode=0 sched=single-bucket delta_t=0 policy=0
rank=604 loaded data/768/stackoverflow_a2q.sub604.txt (|V_local|=3160  t_range=[41660689,239593095])
rank=604 loaded routing data/768/stackoverflow_a2q.rt604.txt (2168 entries)
rank=604 added 2 boundary-only nodes from routing
rank=595/768 dataset=stackoverflow_a2q walkers=10416 (6197520..6207935) steps=30 mode=0 sched=single-bucket delta_t=0 policy=0
rank=595 loaded data/768/stackoverflow_a2q.sub595.txt (|V_local|=3155  t_range=[3222116,239638582])
rank=595 loaded routing data/768/stackoverflow_a2q.rt595.txt (2148 entries)
rank=595 added 3 boundary-only nodes from routing
rank=617/768 dataset=stackoverflow_a2q walkers=10416 (6426672..6437087) steps=30 mode=0 sched=single-bucket delta_t=0 policy=0
rank=617 loaded data/768/stackoverflow_a2q.sub617.txt (|V_local|=3296  t_range=[66484456,239651506])
rank=617 loaded routing data/768/stackoverflow_a2q.rt617.txt (2020 entries)
rank=617 added 2 boundary-only nodes from routing
rank=583/768 dataset=stackoverflow_a2q walkers=10416 (6072528..6082943) steps=30 mode=0 sched=single-bucket delta_t=0 policy=0
rank=583 loaded data/768/stackoverflow_a2q.sub583.txt (|V_local|=3293  t_range=[8533502,239585663])
rank=583 loaded routing data/768/stackoverflow_a2q.rt583.txt (1642 entries)
rank=583 added 9 boundary-only nodes from routing
rank=611/768 dataset=stackoverflow_a2q walkers=10416 (6364176..6374591) steps=30 mode=0 sched=single-bucket delta_t=0 policy=0
rank=611 loaded data/768/stackoverflow_a2q.sub611.txt (|V_local|=3185  t_range=[54264005,239663640])
rank=611 loaded routing data/768/stackoverflow_a2q.rt611.txt (2023 entries)
rank=611 added 2 boundary-only nodes from routing
rank=597/768 dataset=stackoverflow_a2q walkers=10416 (6218352..6228767) steps=30 mode=0 sched=single-bucket delta_t=0 policy=0
rank=597 loaded data/768/stackoverflow_a2q.sub597.txt (|V_local|=3150  t_range=[4021925,239684348])
rank=597 loaded routing data/768/stackoverflow_a2q.rt597.txt (2232 entries)
rank=597 added 8 boundary-only nodes from routing
rank=609/768 dataset=stackoverflow_a2q walkers=10416 (6343344..6353759) steps=30 mode=0 sched=single-bucket delta_t=0 policy=0
rank=609 loaded data/768/stackoverflow_a2q.sub609.txt (|V_local|=3151  t_range=[27707181,239695032])
rank=609 loaded routing data/768/stackoverflow_a2q.rt609.txt (2173 entries)
rank=609 added 5 boundary-only nodes from routing
rank=607/768 dataset=stackoverflow_a2q walkers=10416 (6322512..6332927) steps=30 mode=0 sched=single-bucket delta_t=0 policy=0
rank=607 loaded data/768/stackoverflow_a2q.sub607.txt (|V_local|=3303  t_range=[43401833,239675892])
rank=607 loaded routing data/768/stackoverflow_a2q.rt607.txt (2152 entries)
rank=594/768 dataset=stackoverflow_a2q walkers=10416 (6187104..6197519) steps=30 mode=0 sched=single-bucket delta_t=0 policy=0
rank=594 loaded data/768/stackoverflow_a2q.sub594.txt (|V_local|=3155  t_range=[4087125,239654090])
rank=594 loaded routing data/768/stackoverflow_a2q.rt594.txt (2179 entries)
rank=594 added 5 boundary-only nodes from routing
rank=618/768 dataset=stackoverflow_a2q walkers=10416 (6437088..6447503) steps=30 mode=0 sched=single-bucket delta_t=0 policy=0
rank=618 loaded data/768/stackoverflow_a2q.sub618.txt (|V_local|=3135  t_range=[11436804,239657829])
rank=618 loaded routing data/768/stackoverflow_a2q.rt618.txt (2285 entries)
rank=618 added 16 boundary-only nodes from routing
rank=616/768 dataset=stackoverflow_a2q walkers=10416 (6416256..6426671) steps=30 mode=0 sched=single-bucket delta_t=0 policy=0
rank=616 loaded data/768/stackoverflow_a2q.sub616.txt (|V_local|=3302  t_range=[48379227,239697241])
rank=616 loaded routing data/768/stackoverflow_a2q.rt616.txt (2040 entries)
rank=619/768 dataset=stackoverflow_a2q walkers=10416 (6447504..6457919) steps=30 mode=0 sched=single-bucket delta_t=0 policy=0
rank=619 loaded data/768/stackoverflow_a2q.sub619.txt (|V_local|=3154  t_range=[11536640,239691085])
rank=619 loaded routing data/768/stackoverflow_a2q.rt619.txt (2132 entries)
rank=619 added 4 boundary-only nodes from routing
rank=576/768 dataset=stackoverflow_a2q walkers=10416 (5999616..6010031) steps=30 mode=0 sched=single-bucket delta_t=0 policy=0
rank=576 loaded data/768/stackoverflow_a2q.sub576.txt (|V_local|=3304  t_range=[3942466,239520492])
rank=576 loaded routing data/768/stackoverflow_a2q.rt576.txt (1383 entries)
rank=608/768 dataset=stackoverflow_a2q walkers=10416 (6332928..6343343) steps=30 mode=0 sched=single-bucket delta_t=0 policy=0
rank=608 loaded data/768/stackoverflow_a2q.sub608.txt (|V_local|=3280  t_range=[46361791,239690037])
rank=608 loaded routing data/768/stackoverflow_a2q.rt608.txt (2069 entries)
rank=608 added 10 boundary-only nodes from routing
rank=600/768 dataset=stackoverflow_a2q walkers=10416 (6249600..6260015) steps=30 mode=0 sched=single-bucket delta_t=0 policy=0
rank=600 loaded data/768/stackoverflow_a2q.sub600.txt (|V_local|=3297  t_range=[41056487,239696683])
rank=600 loaded routing data/768/stackoverflow_a2q.rt600.txt (2202 entries)
rank=600 added 3 boundary-only nodes from routing
rank=598/768 dataset=stackoverflow_a2q walkers=10416 (6228768..6239183) steps=30 mode=0 sched=single-bucket delta_t=0 policy=0
rank=598 loaded data/768/stackoverflow_a2q.sub598.txt (|V_local|=3288  t_range=[13831185,239643101])
rank=598 loaded routing data/768/stackoverflow_a2q.rt598.txt (2193 entries)
rank=598 added 3 boundary-only nodes from routing
rank=612/768 dataset=stackoverflow_a2q walkers=10416 (6374592..6385007) steps=30 mode=0 sched=single-bucket delta_t=0 policy=0
rank=612 loaded data/768/stackoverflow_a2q.sub612.txt (|V_local|=3157  t_range=[43328039,239695447])
rank=612 loaded routing data/768/stackoverflow_a2q.rt612.txt (2145 entries)
rank=612 added 2 boundary-only nodes from routing
rank=599/768 dataset=stackoverflow_a2q walkers=10416 (6239184..6249599) steps=30 mode=0 sched=single-bucket delta_t=0 policy=0
rank=599 loaded data/768/stackoverflow_a2q.sub599.txt (|V_local|=3297  t_range=[32348770,239655146])
rank=599 loaded routing data/768/stackoverflow_a2q.rt599.txt (2061 entries)
rank=599 added 2 boundary-only nodes from routing
rank=614/768 dataset=stackoverflow_a2q walkers=10416 (6395424..6405839) steps=30 mode=0 sched=single-bucket delta_t=0 policy=0
rank=614 loaded data/768/stackoverflow_a2q.sub614.txt (|V_local|=3297  t_range=[30135788,239651645])
rank=614 loaded routing data/768/stackoverflow_a2q.rt614.txt (2027 entries)
rank=614 added 3 boundary-only nodes from routing
rank=615/768 dataset=stackoverflow_a2q walkers=10416 (6405840..6416255) steps=30 mode=0 sched=single-bucket delta_t=0 policy=0
rank=615 loaded data/768/stackoverflow_a2q.sub615.txt (|V_local|=3288  t_range=[24490379,239692605])
rank=615 loaded routing data/768/stackoverflow_a2q.rt615.txt (2137 entries)
rank=615 added 2 boundary-only nodes from routing
rank=591/768 dataset=stackoverflow_a2q walkers=10416 (6155856..6166271) steps=30 mode=0 sched=single-bucket delta_t=0 policy=0
rank=591 loaded data/768/stackoverflow_a2q.sub591.txt (|V_local|=3144  t_range=[4055413,239688078])
rank=591 loaded routing data/768/stackoverflow_a2q.rt591.txt (2133 entries)
rank=591 added 7 boundary-only nodes from routing
rank=602/768 dataset=stackoverflow_a2q walkers=10416 (6270432..6280847) steps=30 mode=0 sched=single-bucket delta_t=0 policy=0
rank=602 loaded data/768/stackoverflow_a2q.sub602.txt (|V_local|=3302  t_range=[66249349,239693836])
rank=602 loaded routing data/768/stackoverflow_a2q.rt602.txt (2055 entries)
rank=602 added 1 boundary-only nodes from routing
rank=258/768 dataset=stackoverflow_a2q walkers=10416 (2687328..2697743) steps=30 mode=0 sched=single-bucket delta_t=0 policy=0
rank=258 loaded data/768/stackoverflow_a2q.sub258.txt (|V_local|=3148  t_range=[1156610,239673242])
rank=258 loaded routing data/768/stackoverflow_a2q.rt258.txt (1800 entries)
rank=258 added 10 boundary-only nodes from routing
rank=278/768 dataset=stackoverflow_a2q walkers=10416 (2895648..2906063) steps=30 mode=0 sched=single-bucket delta_t=0 policy=0
rank=278 loaded data/768/stackoverflow_a2q.sub278.txt (|V_local|=3297  t_range=[2977500,239660640])
rank=278 loaded routing data/768/stackoverflow_a2q.rt278.txt (1876 entries)
rank=278 added 8 boundary-only nodes from routing
rank=285/768 dataset=stackoverflow_a2q walkers=10416 (2968560..2978975) steps=30 mode=0 sched=single-bucket delta_t=0 policy=0
rank=285 loaded data/768/stackoverflow_a2q.sub285.txt (|V_local|=3117  t_range=[3610858,239562415])
rank=285 loaded routing data/768/stackoverflow_a2q.rt285.txt (2251 entries)
rank=285 added 47 boundary-only nodes from routing
rank=259/768 dataset=stackoverflow_a2q walkers=10416 (2697744..2708159) steps=30 mode=0 sched=single-bucket delta_t=0 policy=0
rank=259 loaded data/768/stackoverflow_a2q.sub259.txt (|V_local|=3305  t_range=[4048128,239666536])
rank=259 loaded routing data/768/stackoverflow_a2q.rt259.txt (1525 entries)
rank=273/768 dataset=stackoverflow_a2q walkers=10416 (2843568..2853983) steps=30 mode=0 sched=single-bucket delta_t=0 policy=0
rank=273 loaded data/768/stackoverflow_a2q.sub273.txt (|V_local|=3137  t_range=[4109129,239600038])
rank=273 loaded routing data/768/stackoverflow_a2q.rt273.txt (2134 entries)
rank=273 added 14 boundary-only nodes from routing
rank=247/768 dataset=stackoverflow_a2q walkers=10416 (2572752..2583167) steps=30 mode=0 sched=single-bucket delta_t=0 policy=0
rank=247 loaded data/768/stackoverflow_a2q.sub247.txt (|V_local|=3146  t_range=[1864422,239498353])
rank=247 loaded routing data/768/stackoverflow_a2q.rt247.txt (1992 entries)
rank=247 added 8 boundary-only nodes from routing
rank=262/768 dataset=stackoverflow_a2q walkers=10416 (2728992..2739407) steps=30 mode=0 sched=single-bucket delta_t=0 policy=0
rank=262 loaded data/768/stackoverflow_a2q.sub262.txt (|V_local|=3301  t_range=[2840335,239610875])
rank=262 loaded routing data/768/stackoverflow_a2q.rt262.txt (1517 entries)
rank=262 added 4 boundary-only nodes from routing
rank=286/768 dataset=stackoverflow_a2q walkers=10416 (2978976..2989391) steps=30 mode=0 sched=single-bucket delta_t=0 policy=0
rank=286 loaded data/768/stackoverflow_a2q.sub286.txt (|V_local|=3143  t_range=[4055346,239674664])
rank=286 loaded routing data/768/stackoverflow_a2q.rt286.txt (2019 entries)
rank=286 added 15 boundary-only nodes from routing
rank=251/768 dataset=stackoverflow_a2q walkers=10416 (2614416..2624831) steps=30 mode=0 sched=single-bucket delta_t=0 policy=0
rank=251 loaded data/768/stackoverflow_a2q.sub251.txt (|V_local|=3300  t_range=[14103276,239691946])
rank=251 loaded routing data/768/stackoverflow_a2q.rt251.txt (1699 entries)
rank=251 added 5 boundary-only nodes from routing
rank=287/768 dataset=stackoverflow_a2q walkers=10416 (2989392..2999807) steps=30 mode=0 sched=single-bucket delta_t=0 policy=0
rank=287 loaded data/768/stackoverflow_a2q.sub287.txt (|V_local|=3133  t_range=[1270856,239609887])
rank=287 loaded routing data/768/stackoverflow_a2q.rt287.txt (2163 entries)
rank=287 added 24 boundary-only nodes from routing
rank=245/768 dataset=stackoverflow_a2q walkers=10416 (2551920..2562335) steps=30 mode=0 sched=single-bucket delta_t=0 policy=0
rank=245 loaded data/768/stackoverflow_a2q.sub245.txt (|V_local|=3252  t_range=[5226653,239622397])
rank=245 loaded routing data/768/stackoverflow_a2q.rt245.txt (2057 entries)
rank=245 added 3 boundary-only nodes from routing
rank=257/768 dataset=stackoverflow_a2q walkers=10416 (2676912..2687327) steps=30 mode=0 sched=single-bucket delta_t=0 policy=0
rank=257 loaded data/768/stackoverflow_a2q.sub257.txt (|V_local|=3287  t_range=[2496671,239682350])
rank=257 loaded routing data/768/stackoverflow_a2q.rt257.txt (1818 entries)
rank=257 added 10 boundary-only nodes from routing
rank=276/768 dataset=stackoverflow_a2q walkers=10416 (2874816..2885231) steps=30 mode=0 sched=single-bucket delta_t=0 policy=0
rank=276 loaded data/768/stackoverflow_a2q.sub276.txt (|V_local|=3149  t_range=[2497240,239540243])
rank=276 loaded routing data/768/stackoverflow_a2q.rt276.txt (2072 entries)
rank=276 added 12 boundary-only nodes from routing
rank=281/768 dataset=stackoverflow_a2q walkers=10416 (2926896..2937311) steps=30 mode=0 sched=single-bucket delta_t=0 policy=0
rank=281 loaded data/768/stackoverflow_a2q.sub281.txt (|V_local|=3156  t_range=[2287270,239646047])
rank=281 loaded routing data/768/stackoverflow_a2q.rt281.txt (1856 entries)
rank=281 added 7 boundary-only nodes from routing
rank=280/768 dataset=stackoverflow_a2q walkers=10416 (2916480..2926895) steps=30 mode=0 sched=single-bucket delta_t=0 policy=0
rank=280 loaded data/768/stackoverflow_a2q.sub280.txt (|V_local|=3143  t_range=[4226965,239687791])
rank=280 loaded routing data/768/stackoverflow_a2q.rt280.txt (2105 entries)
rank=280 added 9 boundary-only nodes from routing
rank=265/768 dataset=stackoverflow_a2q walkers=10416 (2760240..2770655) steps=30 mode=0 sched=single-bucket delta_t=0 policy=0
rank=265 loaded data/768/stackoverflow_a2q.sub265.txt (|V_local|=3159  t_range=[1671999,239666120])
rank=265 loaded routing data/768/stackoverflow_a2q.rt265.txt (2043 entries)
rank=265 added 3 boundary-only nodes from routing
rank=261/768 dataset=stackoverflow_a2q walkers=10416 (2718576..2728991) steps=30 mode=0 sched=single-bucket delta_t=0 policy=0
rank=261 loaded data/768/stackoverflow_a2q.sub261.txt (|V_local|=3286  t_range=[7773638,239580536])
rank=261 loaded routing data/768/stackoverflow_a2q.rt261.txt (1930 entries)
rank=261 added 13 boundary-only nodes from routing
rank=275/768 dataset=stackoverflow_a2q walkers=10416 (2864400..2874815) steps=30 mode=0 sched=single-bucket delta_t=0 policy=0
rank=275 loaded data/768/stackoverflow_a2q.sub275.txt (|V_local|=3152  t_range=[4240291,239669385])
rank=275 loaded routing data/768/stackoverflow_a2q.rt275.txt (2107 entries)
rank=275 added 8 boundary-only nodes from routing
rank=279/768 dataset=stackoverflow_a2q walkers=10416 (2906064..2916479) steps=30 mode=0 sched=single-bucket delta_t=0 policy=0
rank=279 loaded data/768/stackoverflow_a2q.sub279.txt (|V_local|=3154  t_range=[3606179,239687995])
rank=279 loaded routing data/768/stackoverflow_a2q.rt279.txt (2190 entries)
rank=279 added 5 boundary-only nodes from routing
rank=277/768 dataset=stackoverflow_a2q walkers=10416 (2885232..2895647) steps=30 mode=0 sched=single-bucket delta_t=0 policy=0
rank=277 loaded data/768/stackoverflow_a2q.sub277.txt (|V_local|=3133  t_range=[4222166,239660435])
rank=277 loaded routing data/768/stackoverflow_a2q.rt277.txt (2149 entries)
rank=277 added 23 boundary-only nodes from routing
rank=263/768 dataset=stackoverflow_a2q walkers=10416 (2739408..2749823) steps=30 mode=0 sched=single-bucket delta_t=0 policy=0
rank=263 loaded data/768/stackoverflow_a2q.sub263.txt (|V_local|=3292  t_range=[4310508,239646549])
rank=263 loaded routing data/768/stackoverflow_a2q.rt263.txt (1808 entries)
rank=263 added 8 boundary-only nodes from routing
rank=274/768 dataset=stackoverflow_a2q walkers=10416 (2853984..2864399) steps=30 mode=0 sched=single-bucket delta_t=0 policy=0
rank=274 loaded data/768/stackoverflow_a2q.sub274.txt (|V_local|=3145  t_range=[4917332,239640091])
rank=274 loaded routing data/768/stackoverflow_a2q.rt274.txt (2108 entries)
rank=274 added 3 boundary-only nodes from routing
rank=270/768 dataset=stackoverflow_a2q walkers=10416 (2812320..2822735) steps=30 mode=0 sched=single-bucket delta_t=0 policy=0
rank=270 loaded data/768/stackoverflow_a2q.sub270.txt (|V_local|=3148  t_range=[9299342,239619581])
rank=270 loaded routing data/768/stackoverflow_a2q.rt270.txt (2116 entries)
rank=270 added 5 boundary-only nodes from routing
rank=123/768 dataset=stackoverflow_a2q walkers=10416 (1281168..1291583) steps=30 mode=0 sched=single-bucket delta_t=0 policy=0
rank=123 loaded data/768/stackoverflow_a2q.sub123.txt (|V_local|=3146  t_range=[6311188,239693333])
rank=123 loaded routing data/768/stackoverflow_a2q.rt123.txt (2134 entries)
rank=123 added 14 boundary-only nodes from routing
rank=110/768 dataset=stackoverflow_a2q walkers=10416 (1145760..1156175) steps=30 mode=0 sched=single-bucket delta_t=0 policy=0
rank=110 loaded data/768/stackoverflow_a2q.sub110.txt (|V_local|=3286  t_range=[27863397,239681614])
rank=110 loaded routing data/768/stackoverflow_a2q.rt110.txt (1445 entries)
rank=110 added 19 boundary-only nodes from routing
rank=141/768 dataset=stackoverflow_a2q walkers=10416 (1468656..1479071) steps=30 mode=0 sched=single-bucket delta_t=0 policy=0
rank=141 loaded data/768/stackoverflow_a2q.sub141.txt (|V_local|=3180  t_range=[1486782,239577326])
rank=141 loaded routing data/768/stackoverflow_a2q.rt141.txt (1854 entries)
rank=141 added 16 boundary-only nodes from routing
rank=130/768 dataset=stackoverflow_a2q walkers=10416 (1354080..1364495) steps=30 mode=0 sched=single-bucket delta_t=0 policy=0
rank=130 loaded data/768/stackoverflow_a2q.sub130.txt (|V_local|=3166  t_range=[247683,239647333])
rank=130 loaded routing data/768/stackoverflow_a2q.rt130.txt (1930 entries)
rank=130 added 6 boundary-only nodes from routing
rank=140/768 dataset=stackoverflow_a2q walkers=10416 (1458240..1468655) steps=30 mode=0 sched=single-bucket delta_t=0 policy=0
rank=140 loaded data/768/stackoverflow_a2q.sub140.txt (|V_local|=3254  t_range=[15399852,239665230])
rank=140 loaded routing data/768/stackoverflow_a2q.rt140.txt (2040 entries)
rank=140 added 4 boundary-only nodes from routing
rank=108/768 dataset=stackoverflow_a2q walkers=10416 (1124928..1135343) steps=30 mode=0 sched=single-bucket delta_t=0 policy=0
rank=108 loaded data/768/stackoverflow_a2q.sub108.txt (|V_local|=3268  t_range=[41537699,239645905])
rank=108 loaded routing data/768/stackoverflow_a2q.rt108.txt (2247 entries)
rank=108 added 28 boundary-only nodes from routing
rank=107/768 dataset=stackoverflow_a2q walkers=10416 (1114512..1124927) steps=30 mode=0 sched=single-bucket delta_t=0 policy=0
rank=107 loaded data/768/stackoverflow_a2q.sub107.txt (|V_local|=3228  t_range=[4061358,239662518])
rank=107 loaded routing data/768/stackoverflow_a2q.rt107.txt (1501 entries)
rank=107 added 76 boundary-only nodes from routing
rank=113/768 dataset=stackoverflow_a2q walkers=10416 (1177008..1187423) steps=30 mode=0 sched=single-bucket delta_t=0 policy=0
rank=113 loaded data/768/stackoverflow_a2q.sub113.txt (|V_local|=3293  t_range=[5158383,239520226])
rank=113 loaded routing data/768/stackoverflow_a2q.rt113.txt (1870 entries)
rank=113 added 11 boundary-only nodes from routing
rank=134/768 dataset=stackoverflow_a2q walkers=10416 (1395744..1406159) steps=30 mode=0 sched=single-bucket delta_t=0 policy=0
rank=134 loaded data/768/stackoverflow_a2q.sub134.txt (|V_local|=3137  t_range=[27730603,239650388])
rank=134 loaded routing data/768/stackoverflow_a2q.rt134.txt (2155 entries)
rank=134 added 13 boundary-only nodes from routing
rank=101/768 dataset=stackoverflow_a2q walkers=10416 (1052016..1062431) steps=30 mode=0 sched=single-bucket delta_t=0 policy=0
rank=101 loaded data/768/stackoverflow_a2q.sub101.txt (|V_local|=3290  t_range=[4322278,239696630])
rank=101 loaded routing data/768/stackoverflow_a2q.rt101.txt (1450 entries)
rank=101 added 15 boundary-only nodes from routing
rank=119/768 dataset=stackoverflow_a2q walkers=10416 (1239504..1249919) steps=30 mode=0 sched=single-bucket delta_t=0 policy=0
rank=119 loaded data/768/stackoverflow_a2q.sub119.txt (|V_local|=3286  t_range=[16677421,239673671])
rank=119 loaded routing data/768/stackoverflow_a2q.rt119.txt (1941 entries)
rank=119 added 17 boundary-only nodes from routing
rank=137/768 dataset=stackoverflow_a2q walkers=10416 (1426992..1437407) steps=30 mode=0 sched=single-bucket delta_t=0 policy=0
rank=137 loaded data/768/stackoverflow_a2q.sub137.txt (|V_local|=3302  t_range=[11642546,239645393])
rank=137 loaded routing data/768/stackoverflow_a2q.rt137.txt (1590 entries)
rank=137 added 3 boundary-only nodes from routing
rank=127/768 dataset=stackoverflow_a2q walkers=10416 (1322832..1333247) steps=30 mode=0 sched=single-bucket delta_t=0 policy=0
rank=127 loaded data/768/stackoverflow_a2q.sub127.txt (|V_local|=3293  t_range=[4077217,239664122])
rank=127 loaded routing data/768/stackoverflow_a2q.rt127.txt (1978 entries)
rank=127 added 8 boundary-only nodes from routing
rank=115/768 dataset=stackoverflow_a2q walkers=10416 (1197840..1208255) steps=30 mode=0 sched=single-bucket delta_t=0 policy=0
rank=115 loaded data/768/stackoverflow_a2q.sub115.txt (|V_local|=3109  t_range=[20908072,239672554])
rank=115 loaded routing data/768/stackoverflow_a2q.rt115.txt (2224 entries)
rank=115 added 94 boundary-only nodes from routing
rank=117/768 dataset=stackoverflow_a2q walkers=10416 (1218672..1229087) steps=30 mode=0 sched=single-bucket delta_t=0 policy=0
rank=117 loaded data/768/stackoverflow_a2q.sub117.txt (|V_local|=3113  t_range=[952981,239653943])
rank=117 loaded routing data/768/stackoverflow_a2q.rt117.txt (2224 entries)
rank=117 added 40 boundary-only nodes from routing
rank=131/768 dataset=stackoverflow_a2q walkers=10416 (1364496..1374911) steps=30 mode=0 sched=single-bucket delta_t=0 policy=0
rank=131 loaded data/768/stackoverflow_a2q.sub131.txt (|V_local|=3301  t_range=[288261,239691541])
rank=131 loaded routing data/768/stackoverflow_a2q.rt131.txt (1930 entries)
rank=131 added 4 boundary-only nodes from routing
rank=118/768 dataset=stackoverflow_a2q walkers=10416 (1229088..1239503) steps=30 mode=0 sched=single-bucket delta_t=0 policy=0
rank=118 loaded data/768/stackoverflow_a2q.sub118.txt (|V_local|=3299  t_range=[11058104,239659017])
rank=118 loaded routing data/768/stackoverflow_a2q.rt118.txt (2024 entries)
rank=118 added 5 boundary-only nodes from routing
rank=126/768 dataset=stackoverflow_a2q walkers=10416 (1312416..1322831) steps=30 mode=0 sched=single-bucket delta_t=0 policy=0
rank=126 loaded data/768/stackoverflow_a2q.sub126.txt (|V_local|=3151  t_range=[10455999,239529370])
rank=126 loaded routing data/768/stackoverflow_a2q.rt126.txt (2189 entries)
rank=126 added 7 boundary-only nodes from routing
rank=112/768 dataset=stackoverflow_a2q walkers=10416 (1166592..1177007) steps=30 mode=0 sched=single-bucket delta_t=0 policy=0
rank=112 loaded data/768/stackoverflow_a2q.sub112.txt (|V_local|=3281  t_range=[19152209,239695480])
rank=112 loaded routing data/768/stackoverflow_a2q.rt112.txt (1939 entries)
rank=112 added 22 boundary-only nodes from routing
rank=136/768 dataset=stackoverflow_a2q walkers=10416 (1416576..1426991) steps=30 mode=0 sched=single-bucket delta_t=0 policy=0
rank=136 loaded data/768/stackoverflow_a2q.sub136.txt (|V_local|=3274  t_range=[4213325,239683061])
rank=136 loaded routing data/768/stackoverflow_a2q.rt136.txt (2049 entries)
rank=136 added 10 boundary-only nodes from routing
rank=133/768 dataset=stackoverflow_a2q walkers=10416 (1385328..1395743) steps=30 mode=0 sched=single-bucket delta_t=0 policy=0
rank=133 loaded data/768/stackoverflow_a2q.sub133.txt (|V_local|=3155  t_range=[4092951,239694294])
rank=133 loaded routing data/768/stackoverflow_a2q.rt133.txt (1980 entries)
rank=133 added 2 boundary-only nodes from routing
rank=125/768 dataset=stackoverflow_a2q walkers=10416 (1302000..1312415) steps=30 mode=0 sched=single-bucket delta_t=0 policy=0
rank=125 loaded data/768/stackoverflow_a2q.sub125.txt (|V_local|=3295  t_range=[5513323,239689391])
rank=125 loaded routing data/768/stackoverflow_a2q.rt125.txt (1907 entries)
rank=125 added 8 boundary-only nodes from routing
rank=111/768 dataset=stackoverflow_a2q walkers=10416 (1156176..1166591) steps=30 mode=0 sched=single-bucket delta_t=0 policy=0
rank=111 loaded data/768/stackoverflow_a2q.sub111.txt (|V_local|=3156  t_range=[5610435,239676566])
rank=111 loaded routing data/768/stackoverflow_a2q.rt111.txt (2221 entries)
rank=111 added 15 boundary-only nodes from routing
rank=513/768 dataset=stackoverflow_a2q walkers=10416 (5343408..5353823) steps=30 mode=0 sched=single-bucket delta_t=0 policy=0
rank=513 loaded data/768/stackoverflow_a2q.sub513.txt (|V_local|=3137  t_range=[15183570,239697440])
rank=513 loaded routing data/768/stackoverflow_a2q.rt513.txt (2136 entries)
rank=513 added 23 boundary-only nodes from routing
rank=227/768 dataset=stackoverflow_a2q walkers=10416 (2364432..2374847) steps=30 mode=0 sched=single-bucket delta_t=0 policy=0
rank=227 loaded data/768/stackoverflow_a2q.sub227.txt (|V_local|=3292  t_range=[578692,239565220])
rank=227 loaded routing data/768/stackoverflow_a2q.rt227.txt (1551 entries)
rank=227 added 12 boundary-only nodes from routing
rank=203/768 dataset=stackoverflow_a2q walkers=10416 (2114448..2124863) steps=30 mode=0 sched=single-bucket delta_t=0 policy=0
rank=203 loaded data/768/stackoverflow_a2q.sub203.txt (|V_local|=3139  t_range=[4068485,239698070])
rank=203 loaded routing data/768/stackoverflow_a2q.rt203.txt (2137 entries)
rank=203 added 20 boundary-only nodes from routing
rank=216/768 dataset=stackoverflow_a2q walkers=10416 (2249856..2260271) steps=30 mode=0 sched=single-bucket delta_t=0 policy=0
rank=216 loaded data/768/stackoverflow_a2q.sub216.txt (|V_local|=3145  t_range=[674263,239679254])
rank=216 loaded routing data/768/stackoverflow_a2q.rt216.txt (2125 entries)
rank=216 added 8 boundary-only nodes from routing
rank=223/768 dataset=stackoverflow_a2q walkers=10416 (2322768..2333183) steps=30 mode=0 sched=single-bucket delta_t=0 policy=0
rank=223 loaded data/768/stackoverflow_a2q.sub223.txt (|V_local|=3120  t_range=[1518383,239662082])
rank=223 loaded routing data/768/stackoverflow_a2q.rt223.txt (1946 entries)
rank=223 added 36 boundary-only nodes from routing
rank=209/768 dataset=stackoverflow_a2q walkers=10416 (2176944..2187359) steps=30 mode=0 sched=single-bucket delta_t=0 policy=0
rank=209 loaded data/768/stackoverflow_a2q.sub209.txt (|V_local|=3259  t_range=[58105,239675952])
rank=209 loaded routing data/768/stackoverflow_a2q.rt209.txt (1771 entries)
rank=209 added 28 boundary-only nodes from routing
rank=234/768 dataset=stackoverflow_a2q walkers=10416 (2437344..2447759) steps=30 mode=0 sched=single-bucket delta_t=0 policy=0
rank=234 loaded data/768/stackoverflow_a2q.sub234.txt (|V_local|=3141  t_range=[851255,239564429])
rank=234 loaded routing data/768/stackoverflow_a2q.rt234.txt (1992 entries)
rank=234 added 15 boundary-only nodes from routing
rank=238/768 dataset=stackoverflow_a2q walkers=10416 (2479008..2489423) steps=30 mode=0 sched=single-bucket delta_t=0 policy=0
rank=238 loaded data/768/stackoverflow_a2q.sub238.txt (|V_local|=3295  t_range=[3160545,239655875])
rank=238 loaded routing data/768/stackoverflow_a2q.rt238.txt (1390 entries)
rank=238 added 7 boundary-only nodes from routing
rank=222/768 dataset=stackoverflow_a2q walkers=10416 (2312352..2322767) steps=30 mode=0 sched=single-bucket delta_t=0 policy=0
rank=222 loaded data/768/stackoverflow_a2q.sub222.txt (|V_local|=3110  t_range=[2025868,239582850])
rank=222 loaded routing data/768/stackoverflow_a2q.rt222.txt (2104 entries)
rank=222 added 47 boundary-only nodes from routing
rank=202/768 dataset=stackoverflow_a2q walkers=10416 (2104032..2114447) steps=30 mode=0 sched=single-bucket delta_t=0 policy=0
rank=202 loaded data/768/stackoverflow_a2q.sub202.txt (|V_local|=3138  t_range=[2422980,239689794])
rank=202 loaded routing data/768/stackoverflow_a2q.rt202.txt (2163 entries)
rank=202 added 21 boundary-only nodes from routing
rank=204/768 dataset=stackoverflow_a2q walkers=10416 (2124864..2135279) steps=30 mode=0 sched=single-bucket delta_t=0 policy=0
rank=204 loaded data/768/stackoverflow_a2q.sub204.txt (|V_local|=3143  t_range=[3017785,239673064])
rank=204 loaded routing data/768/stackoverflow_a2q.rt204.txt (2051 entries)
rank=204 added 15 boundary-only nodes from routing
rank=237/768 dataset=stackoverflow_a2q walkers=10416 (2468592..2479007) steps=30 mode=0 sched=single-bucket delta_t=0 policy=0
rank=237 loaded data/768/stackoverflow_a2q.sub237.txt (|V_local|=3148  t_range=[1087920,239582975])
rank=237 loaded routing data/768/stackoverflow_a2q.rt237.txt (2100 entries)
rank=237 added 18 boundary-only nodes from routing
rank=225/768 dataset=stackoverflow_a2q walkers=10416 (2343600..2354015) steps=30 mode=0 sched=single-bucket delta_t=0 policy=0
rank=225 loaded data/768/stackoverflow_a2q.sub225.txt (|V_local|=3157  t_range=[1288124,239668797])
rank=225 loaded routing data/768/stackoverflow_a2q.rt225.txt (2116 entries)
rank=225 added 4 boundary-only nodes from routing
rank=232/768 dataset=stackoverflow_a2q walkers=10416 (2416512..2426927) steps=30 mode=0 sched=single-bucket delta_t=0 policy=0
rank=232 loaded data/768/stackoverflow_a2q.sub232.txt (|V_local|=3293  t_range=[3005126,239647609])
rank=232 loaded routing data/768/stackoverflow_a2q.rt232.txt (1478 entries)
rank=232 added 10 boundary-only nodes from routing
rank=219/768 dataset=stackoverflow_a2q walkers=10416 (2281104..2291519) steps=30 mode=0 sched=single-bucket delta_t=0 policy=0
rank=219 loaded data/768/stackoverflow_a2q.sub219.txt (|V_local|=3275  t_range=[847477,239612055])
rank=219 loaded routing data/768/stackoverflow_a2q.rt219.txt (1372 entries)
rank=219 added 25 boundary-only nodes from routing
rank=228/768 dataset=stackoverflow_a2q walkers=10416 (2374848..2385263) steps=30 mode=0 sched=single-bucket delta_t=0 policy=0
rank=228 loaded data/768/stackoverflow_a2q.sub228.txt (|V_local|=3135  t_range=[3663032,239670978])
rank=228 loaded routing data/768/stackoverflow_a2q.rt228.txt (2056 entries)
rank=228 added 17 boundary-only nodes from routing
rank=220/768 dataset=stackoverflow_a2q walkers=10416 (2291520..2301935) steps=30 mode=0 sched=single-bucket delta_t=0 policy=0
rank=220 loaded data/768/stackoverflow_a2q.sub220.txt (|V_local|=3303  t_range=[405386,239570377])
rank=220 loaded routing data/768/stackoverflow_a2q.rt220.txt (783 entries)
rank=220 added 2 boundary-only nodes from routing
rank=211/768 dataset=stackoverflow_a2q walkers=10416 (2197776..2208191) steps=30 mode=0 sched=single-bucket delta_t=0 policy=0
rank=211 loaded data/768/stackoverflow_a2q.sub211.txt (|V_local|=3137  t_range=[598424,239644135])
rank=211 loaded routing data/768/stackoverflow_a2q.rt211.txt (2044 entries)
rank=211 added 12 boundary-only nodes from routing
rank=231/768 dataset=stackoverflow_a2q walkers=10416 (2406096..2416511) steps=30 mode=0 sched=single-bucket delta_t=0 policy=0
rank=231 loaded data/768/stackoverflow_a2q.sub231.txt (|V_local|=3141  t_range=[4475880,239686450])
rank=231 loaded routing data/768/stackoverflow_a2q.rt231.txt (2055 entries)
rank=231 added 18 boundary-only nodes from routing
rank=239/768 dataset=stackoverflow_a2q walkers=10416 (2489424..2499839) steps=30 mode=0 sched=single-bucket delta_t=0 policy=0
rank=239 loaded data/768/stackoverflow_a2q.sub239.txt (|V_local|=3302  t_range=[3097476,239683820])
rank=239 loaded routing data/768/stackoverflow_a2q.rt239.txt (1206 entries)
rank=239 added 3 boundary-only nodes from routing
rank=221/768 dataset=stackoverflow_a2q walkers=10416 (2301936..2312351) steps=30 mode=0 sched=single-bucket delta_t=0 policy=0
rank=221 loaded data/768/stackoverflow_a2q.sub221.txt (|V_local|=3282  t_range=[3516581,239636847])
rank=221 loaded routing data/768/stackoverflow_a2q.rt221.txt (1492 entries)
rank=221 added 20 boundary-only nodes from routing
rank=224/768 dataset=stackoverflow_a2q walkers=10416 (2333184..2343599) steps=30 mode=0 sched=single-bucket delta_t=0 policy=0
rank=224 loaded data/768/stackoverflow_a2q.sub224.txt (|V_local|=3279  t_range=[54040,239572195])
rank=224 loaded routing data/768/stackoverflow_a2q.rt224.txt (1504 entries)
rank=224 added 26 boundary-only nodes from routing
rank=192/768 dataset=stackoverflow_a2q walkers=10416 (1999872..2010287) steps=30 mode=0 sched=single-bucket delta_t=0 policy=0
rank=192 loaded data/768/stackoverflow_a2q.sub192.txt (|V_local|=3149  t_range=[2460400,239668082])
rank=192 loaded routing data/768/stackoverflow_a2q.rt192.txt (2151 entries)
rank=192 added 11 boundary-only nodes from routing
rank=229/768 dataset=stackoverflow_a2q walkers=10416 (2385264..2395679) steps=30 mode=0 sched=single-bucket delta_t=0 policy=0
rank=229 loaded data/768/stackoverflow_a2q.sub229.txt (|V_local|=3299  t_range=[1938020,239551351])
rank=229 loaded routing data/768/stackoverflow_a2q.rt229.txt (1372 entries)
rank=229 added 6 boundary-only nodes from routing
rank=744/768 dataset=stackoverflow_a2q walkers=10416 (7749504..7759919) steps=30 mode=0 sched=single-bucket delta_t=0 policy=0
rank=744 loaded data/768/stackoverflow_a2q.sub744.txt (|V_local|=3159  t_range=[31350223,239670589])
rank=744 loaded routing data/768/stackoverflow_a2q.rt744.txt (1761 entries)
rank=744 added 2 boundary-only nodes from routing
rank=765/768 dataset=stackoverflow_a2q walkers=10416 (7968240..7978655) steps=30 mode=0 sched=single-bucket delta_t=0 policy=0
rank=765 loaded data/768/stackoverflow_a2q.sub765.txt (|V_local|=3120  t_range=[23316139,239671223])
rank=765 loaded routing data/768/stackoverflow_a2q.rt765.txt (19 entries)
rank=720/768 dataset=stackoverflow_a2q walkers=10416 (7499520..7509935) steps=30 mode=0 sched=single-bucket delta_t=0 policy=0
rank=720 loaded data/768/stackoverflow_a2q.sub720.txt (|V_local|=3141  t_range=[4834007,239589604])
rank=720 loaded routing data/768/stackoverflow_a2q.rt720.txt (1973 entries)
rank=720 added 5 boundary-only nodes from routing
rank=766/768 dataset=stackoverflow_a2q walkers=10416 (7978656..7989071) steps=30 mode=0 sched=single-bucket delta_t=0 policy=0
rank=766 loaded data/768/stackoverflow_a2q.sub766.txt (|V_local|=3212  t_range=[37906638,239696328])
rank=766 loaded routing data/768/stackoverflow_a2q.rt766.txt (12 entries)
rank=746/768 dataset=stackoverflow_a2q walkers=10416 (7770336..7780751) steps=30 mode=0 sched=single-bucket delta_t=0 policy=0
rank=746 loaded data/768/stackoverflow_a2q.sub746.txt (|V_local|=3153  t_range=[12079884,239696492])
rank=746 loaded routing data/768/stackoverflow_a2q.rt746.txt (2126 entries)
rank=746 added 2 boundary-only nodes from routing
rank=743/768 dataset=stackoverflow_a2q walkers=10416 (7739088..7749503) steps=30 mode=0 sched=single-bucket delta_t=0 policy=0
rank=743 loaded data/768/stackoverflow_a2q.sub743.txt (|V_local|=3142  t_range=[4154322,239674880])
rank=743 loaded routing data/768/stackoverflow_a2q.rt743.txt (2122 entries)
rank=743 added 11 boundary-only nodes from routing
rank=759/768 dataset=stackoverflow_a2q walkers=10416 (7905744..7916159) steps=30 mode=0 sched=single-bucket delta_t=0 policy=0
rank=759 loaded data/768/stackoverflow_a2q.sub759.txt (|V_local|=3127  t_range=[7821612,239614741])
rank=759 loaded routing data/768/stackoverflow_a2q.rt759.txt (253 entries)
rank=759 added 26 boundary-only nodes from routing
rank=748/768 dataset=stackoverflow_a2q walkers=10416 (7791168..7801583) steps=30 mode=0 sched=single-bucket delta_t=0 policy=0
rank=748 loaded data/768/stackoverflow_a2q.sub748.txt (|V_local|=3155  t_range=[17448583,239682873])
rank=748 loaded routing data/768/stackoverflow_a2q.rt748.txt (1987 entries)
rank=748 added 2 boundary-only nodes from routing
rank=730/768 dataset=stackoverflow_a2q walkers=10416 (7603680..7614095) steps=30 mode=0 sched=single-bucket delta_t=0 policy=0
rank=730 loaded data/768/stackoverflow_a2q.sub730.txt (|V_local|=3289  t_range=[9457306,239644402])
rank=730 loaded routing data/768/stackoverflow_a2q.rt730.txt (1785 entries)
rank=730 added 4 boundary-only nodes from routing
rank=763/768 dataset=stackoverflow_a2q walkers=10416 (7947408..7957823) steps=30 mode=0 sched=single-bucket delta_t=0 policy=0
rank=763 loaded data/768/stackoverflow_a2q.sub763.txt (|V_local|=3193  t_range=[24186836,239689728])
rank=763 loaded routing data/768/stackoverflow_a2q.rt763.txt (10 entries)
rank=742/768 dataset=stackoverflow_a2q walkers=10416 (7728672..7739087) steps=30 mode=0 sched=single-bucket delta_t=0 policy=0
rank=742 loaded data/768/stackoverflow_a2q.sub742.txt (|V_local|=3298  t_range=[5858558,239667924])
rank=742 loaded routing data/768/stackoverflow_a2q.rt742.txt (1926 entries)
rank=742 added 1 boundary-only nodes from routing
rank=359/768 dataset=stackoverflow_a2q walkers=10416 (3739344..3749759) steps=30 mode=0 sched=single-bucket delta_t=0 policy=0
rank=359 loaded data/768/stackoverflow_a2q.sub359.txt (|V_local|=3271  t_range=[7734533,239663040])
rank=359 loaded routing data/768/stackoverflow_a2q.rt359.txt (2074 entries)
rank=367/768 dataset=stackoverflow_a2q walkers=10416 (3822672..3833087) steps=30 mode=0 sched=single-bucket delta_t=0 policy=0
rank=367 loaded data/768/stackoverflow_a2q.sub367.txt (|V_local|=3300  t_range=[26585069,239679624])
rank=367 loaded routing data/768/stackoverflow_a2q.rt367.txt (1717 entries)
rank=367 added 3 boundary-only nodes from routing
rank=377/768 dataset=stackoverflow_a2q walkers=10416 (3926832..3937247) steps=30 mode=0 sched=single-bucket delta_t=0 policy=0
rank=377 loaded data/768/stackoverflow_a2q.sub377.txt (|V_local|=3286  t_range=[5845166,239505276])
rank=377 loaded routing data/768/stackoverflow_a2q.rt377.txt (2069 entries)
rank=377 added 18 boundary-only nodes from routing
rank=373/768 dataset=stackoverflow_a2q walkers=10416 (3885168..3895583) steps=30 mode=0 sched=single-bucket delta_t=0 policy=0
rank=373 loaded data/768/stackoverflow_a2q.sub373.txt (|V_local|=3291  t_range=[30185669,239685883])
rank=373 loaded routing data/768/stackoverflow_a2q.rt373.txt (2154 entries)
rank=373 added 4 boundary-only nodes from routing
rank=357/768 dataset=stackoverflow_a2q walkers=10416 (3718512..3728927) steps=30 mode=0 sched=single-bucket delta_t=0 policy=0
rank=357 loaded data/768/stackoverflow_a2q.sub357.txt (|V_local|=3142  t_range=[5196905,239678029])
rank=357 loaded routing data/768/stackoverflow_a2q.rt357.txt (2241 entries)
rank=357 added 12 boundary-only nodes from routing
rank=381/768 dataset=stackoverflow_a2q walkers=10416 (3968496..3978911) steps=30 mode=0 sched=single-bucket delta_t=0 policy=0
rank=381 loaded data/768/stackoverflow_a2q.sub381.txt (|V_local|=3148  t_range=[3975511,239691511])
rank=381 loaded routing data/768/stackoverflow_a2q.rt381.txt (2115 entries)
rank=381 added 5 boundary-only nodes from routing
rank=352/768 dataset=stackoverflow_a2q walkers=10416 (3666432..3676847) steps=30 mode=0 sched=single-bucket delta_t=0 policy=0
rank=352 loaded data/768/stackoverflow_a2q.sub352.txt (|V_local|=3151  t_range=[15473352,239661215])
rank=352 loaded routing data/768/stackoverflow_a2q.rt352.txt (2157 entries)
rank=352 added 3 boundary-only nodes from routing
rank=379/768 dataset=stackoverflow_a2q walkers=10416 (3947664..3958079) steps=30 mode=0 sched=single-bucket delta_t=0 policy=0
rank=379 loaded data/768/stackoverflow_a2q.sub379.txt (|V_local|=3242  t_range=[4132300,239641888])
rank=379 loaded routing data/768/stackoverflow_a2q.rt379.txt (2025 entries)
rank=379 added 2 boundary-only nodes from routing
rank=351/768 dataset=stackoverflow_a2q walkers=10416 (3656016..3666431) steps=30 mode=0 sched=single-bucket delta_t=0 policy=0
rank=351 loaded data/768/stackoverflow_a2q.sub351.txt (|V_local|=3156  t_range=[5251326,239676372])
rank=351 loaded routing data/768/stackoverflow_a2q.rt351.txt (2160 entries)
rank=375/768 dataset=stackoverflow_a2q walkers=10416 (3906000..3916415) steps=30 mode=0 sched=single-bucket delta_t=0 policy=0
rank=375 loaded data/768/stackoverflow_a2q.sub375.txt (|V_local|=3153  t_range=[24586305,239666304])
rank=375 loaded routing data/768/stackoverflow_a2q.rt375.txt (2197 entries)
rank=375 added 2 boundary-only nodes from routing
rank=355/768 dataset=stackoverflow_a2q walkers=10416 (3697680..3708095) steps=30 mode=0 sched=single-bucket delta_t=0 policy=0
rank=355 loaded data/768/stackoverflow_a2q.sub355.txt (|V_local|=3274  t_range=[24476778,239648840])
rank=355 loaded routing data/768/stackoverflow_a2q.rt355.txt (1983 entries)
rank=355 added 5 boundary-only nodes from routing
rank=383/768 dataset=stackoverflow_a2q walkers=10416 (3989328..3999743) steps=30 mode=0 sched=single-bucket delta_t=0 policy=0
rank=383 loaded data/768/stackoverflow_a2q.sub383.txt (|V_local|=3162  t_range=[4144354,239684947])
rank=383 loaded routing data/768/stackoverflow_a2q.rt383.txt (2113 entries)
rank=383 added 2 boundary-only nodes from routing
rank=356/768 dataset=stackoverflow_a2q walkers=10416 (3708096..3718511) steps=30 mode=0 sched=single-bucket delta_t=0 policy=0
rank=356 loaded data/768/stackoverflow_a2q.sub356.txt (|V_local|=3304  t_range=[9415032,239588158])
rank=356 loaded routing data/768/stackoverflow_a2q.rt356.txt (1953 entries)
rank=380/768 dataset=stackoverflow_a2q walkers=10416 (3958080..3968495) steps=30 mode=0 sched=single-bucket delta_t=0 policy=0
rank=380 loaded data/768/stackoverflow_a2q.sub380.txt (|V_local|=3262  t_range=[6690802,239588992])
rank=380 loaded routing data/768/stackoverflow_a2q.rt380.txt (1960 entries)
rank=380 added 1 boundary-only nodes from routing
rank=336/768 dataset=stackoverflow_a2q walkers=10416 (3499776..3510191) steps=30 mode=0 sched=single-bucket delta_t=0 policy=0
rank=336 loaded data/768/stackoverflow_a2q.sub336.txt (|V_local|=3171  t_range=[4199527,239686098])
rank=336 loaded routing data/768/stackoverflow_a2q.rt336.txt (1764 entries)
rank=336 added 1 boundary-only nodes from routing
rank=686 loaded data/768/stackoverflow_a2q.sub686.txt (|V_local|=3291  t_range=[6816259,239537827])
rank=686 loaded routing data/768/stackoverflow_a2q.rt686.txt (2189 entries)
rank=686 added 3 boundary-only nodes from routing
rank=716/768 dataset=stackoverflow_a2q walkers=10416 (7457856..7468271) steps=30 mode=0 sched=single-bucket delta_t=0 policy=0
rank=716 loaded data/768/stackoverflow_a2q.sub716.txt (|V_local|=3302  t_range=[13655053,239676763])
rank=716 loaded routing data/768/stackoverflow_a2q.rt716.txt (2002 entries)
rank=716 added 1 boundary-only nodes from routing
rank=711/768 dataset=stackoverflow_a2q walkers=10416 (7405776..7416191) steps=30 mode=0 sched=single-bucket delta_t=0 policy=0
rank=711 loaded data/768/stackoverflow_a2q.sub711.txt (|V_local|=3157  t_range=[3973336,239610937])
rank=711 loaded routing data/768/stackoverflow_a2q.rt711.txt (2278 entries)
rank=711 added 7 boundary-only nodes from routing
rank=694/768 dataset=stackoverflow_a2q walkers=10416 (7228704..7239119) steps=30 mode=0 sched=single-bucket delta_t=0 policy=0
rank=694 loaded data/768/stackoverflow_a2q.sub694.txt (|V_local|=3210  t_range=[14584557,239688226])
rank=694 loaded routing data/768/stackoverflow_a2q.rt694.txt (2063 entries)
rank=694 added 5 boundary-only nodes from routing
rank=691/768 dataset=stackoverflow_a2q walkers=10416 (7197456..7207871) steps=30 mode=0 sched=single-bucket delta_t=0 policy=0
rank=691 loaded data/768/stackoverflow_a2q.sub691.txt (|V_local|=3161  t_range=[21500028,239607013])
rank=691 loaded routing data/768/stackoverflow_a2q.rt691.txt (2286 entries)
rank=691 added 4 boundary-only nodes from routing
rank=692/768 dataset=stackoverflow_a2q walkers=10416 (7207872..7218287) steps=30 mode=0 sched=single-bucket delta_t=0 policy=0
rank=692 loaded data/768/stackoverflow_a2q.sub692.txt (|V_local|=3300  t_range=[10816842,239585260])
rank=692 loaded routing data/768/stackoverflow_a2q.rt692.txt (2118 entries)
rank=692 added 5 boundary-only nodes from routing
rank=695/768 dataset=stackoverflow_a2q walkers=10416 (7239120..7249535) steps=30 mode=0 sched=single-bucket delta_t=0 policy=0
rank=695 loaded data/768/stackoverflow_a2q.sub695.txt (|V_local|=3206  t_range=[4542810,239690455])
rank=695 loaded routing data/768/stackoverflow_a2q.rt695.txt (1986 entries)
rank=695 added 1 boundary-only nodes from routing
rank=689/768 dataset=stackoverflow_a2q walkers=10416 (7176624..7187039) steps=30 mode=0 sched=single-bucket delta_t=0 policy=0
rank=689 loaded data/768/stackoverflow_a2q.sub689.txt (|V_local|=3302  t_range=[3720353,239632418])
rank=689 loaded routing data/768/stackoverflow_a2q.rt689.txt (1778 entries)
rank=689 added 3 boundary-only nodes from routing
rank=718/768 dataset=stackoverflow_a2q walkers=10416 (7478688..7489103) steps=30 mode=0 sched=single-bucket delta_t=0 policy=0
rank=718 loaded data/768/stackoverflow_a2q.sub718.txt (|V_local|=3297  t_range=[38167389,239688637])
rank=718 loaded routing data/768/stackoverflow_a2q.rt718.txt (2172 entries)
rank=708/768 dataset=stackoverflow_a2q walkers=10416 (7374528..7384943) steps=30 mode=0 sched=single-bucket delta_t=0 policy=0
rank=708 loaded data/768/stackoverflow_a2q.sub708.txt (|V_local|=3162  t_range=[25064575,239695372])
rank=708 loaded routing data/768/stackoverflow_a2q.rt708.txt (2157 entries)
rank=708 added 1 boundary-only nodes from routing
rank=39 loaded routing data/768/stackoverflow_a2q.rt39.txt (2159 entries)
rank=39 added 6 boundary-only nodes from routing
rank=11/768 dataset=stackoverflow_a2q walkers=10416 (114576..124991) steps=30 mode=0 sched=single-bucket delta_t=0 policy=0
rank=11 loaded data/768/stackoverflow_a2q.sub11.txt (|V_local|=3300  t_range=[10010481,239675625])
rank=11 loaded routing data/768/stackoverflow_a2q.rt11.txt (1339 entries)
rank=11 added 4 boundary-only nodes from routing
rank=43/768 dataset=stackoverflow_a2q walkers=10416 (447888..458303) steps=30 mode=0 sched=single-bucket delta_t=0 policy=0
rank=43 loaded data/768/stackoverflow_a2q.sub43.txt (|V_local|=3291  t_range=[4101208,239488771])
rank=43 loaded routing data/768/stackoverflow_a2q.rt43.txt (1908 entries)
rank=43 added 2 boundary-only nodes from routing
rank=44/768 dataset=stackoverflow_a2q walkers=10416 (458304..468719) steps=30 mode=0 sched=single-bucket delta_t=0 policy=0
rank=44 loaded data/768/stackoverflow_a2q.sub44.txt (|V_local|=3153  t_range=[6029874,239692102])
rank=44 loaded routing data/768/stackoverflow_a2q.rt44.txt (2056 entries)
rank=44 added 4 boundary-only nodes from routing
rank=46/768 dataset=stackoverflow_a2q walkers=10416 (479136..489551) steps=30 mode=0 sched=single-bucket delta_t=0 policy=0
rank=46 loaded data/768/stackoverflow_a2q.sub46.txt (|V_local|=3302  t_range=[3946478,239632224])
rank=46 loaded routing data/768/stackoverflow_a2q.rt46.txt (1404 entries)
rank=46 added 2 boundary-only nodes from routing
rank=40/768 dataset=stackoverflow_a2q walkers=10416 (416640..427055) steps=30 mode=0 sched=single-bucket delta_t=0 policy=0
rank=40 loaded data/768/stackoverflow_a2q.sub40.txt (|V_local|=3155  t_range=[7049859,239659758])
rank=40 loaded routing data/768/stackoverflow_a2q.rt40.txt (2076 entries)
rank=40 added 3 boundary-only nodes from routing
rank=42/768 dataset=stackoverflow_a2q walkers=10416 (437472..447887) steps=30 mode=0 sched=single-bucket delta_t=0 policy=0
rank=42 loaded data/768/stackoverflow_a2q.sub42.txt (|V_local|=3146  t_range=[4755822,239675050])
rank=42 loaded routing data/768/stackoverflow_a2q.rt42.txt (2161 entries)
rank=42 added 11 boundary-only nodes from routing
rank=469 added 3 boundary-only nodes from routing
rank=475/768 dataset=stackoverflow_a2q walkers=10416 (4947600..4958015) steps=30 mode=0 sched=single-bucket delta_t=0 policy=0
rank=475 loaded data/768/stackoverflow_a2q.sub475.txt (|V_local|=3156  t_range=[15023525,239670830])
rank=475 loaded routing data/768/stackoverflow_a2q.rt475.txt (2192 entries)
rank=475 added 4 boundary-only nodes from routing
rank=479/768 dataset=stackoverflow_a2q walkers=10416 (4989264..4999679) steps=30 mode=0 sched=single-bucket delta_t=0 policy=0
rank=479 loaded data/768/stackoverflow_a2q.sub479.txt (|V_local|=3163  t_range=[10015849,239662627])
rank=479 loaded routing data/768/stackoverflow_a2q.rt479.txt (2105 entries)
rank=479 added 2 boundary-only nodes from routing
rank=465/768 dataset=stackoverflow_a2q walkers=10416 (4843440..4853855) steps=30 mode=0 sched=single-bucket delta_t=0 policy=0
rank=465 loaded data/768/stackoverflow_a2q.sub465.txt (|V_local|=3143  t_range=[24499801,239693563])
rank=465 loaded routing data/768/stackoverflow_a2q.rt465.txt (2146 entries)
rank=465 added 2 boundary-only nodes from routing
rank=474/768 dataset=stackoverflow_a2q walkers=10416 (4937184..4947599) steps=30 mode=0 sched=single-bucket delta_t=0 policy=0
rank=474 loaded data/768/stackoverflow_a2q.sub474.txt (|V_local|=3150  t_range=[4555615,239673794])
rank=474 loaded routing data/768/stackoverflow_a2q.rt474.txt (2062 entries)
rank=474 added 10 boundary-only nodes from routing
rank=472/768 dataset=stackoverflow_a2q walkers=10416 (4916352..4926767) steps=30 mode=0 sched=single-bucket delta_t=0 policy=0
rank=472 loaded data/768/stackoverflow_a2q.sub472.txt (|V_local|=3159  t_range=[16885910,239697973])
rank=472 loaded routing data/768/stackoverflow_a2q.rt472.txt (2028 entries)
rank=472 added 1 boundary-only nodes from routing
rank=432/768 dataset=stackoverflow_a2q walkers=10416 (4499712..4510127) steps=30 mode=0 sched=single-bucket delta_t=0 policy=0
rank=432 loaded data/768/stackoverflow_a2q.sub432.txt (|V_local|=3149  t_range=[7274264,239601272])
rank=432 loaded routing data/768/stackoverflow_a2q.rt432.txt (2129 entries)
rank=432 added 1 boundary-only nodes from routing
rank=464/768 dataset=stackoverflow_a2q walkers=10416 (4833024..4843439) steps=30 mode=0 sched=single-bucket delta_t=0 policy=0
rank=464 loaded data/768/stackoverflow_a2q.sub464.txt (|V_local|=3158  t_range=[6465151,239670912])
rank=464 loaded routing data/768/stackoverflow_a2q.rt464.txt (1829 entries)
rank=464 added 5 boundary-only nodes from routing
rank=463/768 dataset=stackoverflow_a2q walkers=10416 (4822608..4833023) steps=30 mode=0 sched=single-bucket delta_t=0 policy=0
rank=463 loaded data/768/stackoverflow_a2q.sub463.txt (|V_local|=3149  t_range=[3094453,239697809])
rank=463 loaded routing data/768/stackoverflow_a2q.rt463.txt (2031 entries)
rank=463 added 4 boundary-only nodes from routing
rank=466/768 dataset=stackoverflow_a2q walkers=10416 (4853856..4864271) steps=30 mode=0 sched=single-bucket delta_t=0 policy=0
rank=466 loaded data/768/stackoverflow_a2q.sub466.txt (|V_local|=3152  t_range=[17287584,239680416])
rank=466 loaded routing data/768/stackoverflow_a2q.rt466.txt (2056 entries)
rank=466 added 2 boundary-only nodes from routing
rank=58 added 5 boundary-only nodes from routing
rank=86/768 dataset=stackoverflow_a2q walkers=10416 (895776..906191) steps=30 mode=0 sched=single-bucket delta_t=0 policy=0
rank=86 loaded data/768/stackoverflow_a2q.sub86.txt (|V_local|=3129  t_range=[3682785,239678954])
rank=86 loaded routing data/768/stackoverflow_a2q.rt86.txt (2001 entries)
rank=86 added 26 boundary-only nodes from routing
rank=83/768 dataset=stackoverflow_a2q walkers=10416 (864528..874943) steps=30 mode=0 sched=single-bucket delta_t=0 policy=0
rank=83 loaded data/768/stackoverflow_a2q.sub83.txt (|V_local|=3238  t_range=[4093422,239671027])
rank=83 loaded routing data/768/stackoverflow_a2q.rt83.txt (1988 entries)
rank=83 added 4 boundary-only nodes from routing
rank=564/768 dataset=stackoverflow_a2q walkers=10416 (5874624..5885039) steps=30 mode=0 sched=single-bucket delta_t=0 policy=0
rank=564 loaded data/768/stackoverflow_a2q.sub564.txt (|V_local|=3154  t_range=[13672283,239675109])
rank=564 loaded routing data/768/stackoverflow_a2q.rt564.txt (2267 entries)
rank=564 added 6 boundary-only nodes from routing
rank=569/768 dataset=stackoverflow_a2q walkers=10416 (5926704..5937119) steps=30 mode=0 sched=single-bucket delta_t=0 policy=0
rank=569 loaded data/768/stackoverflow_a2q.sub569.txt (|V_local|=3132  t_range=[25710258,239665001])
rank=569 loaded routing data/768/stackoverflow_a2q.rt569.txt (2241 entries)
rank=569 added 10 boundary-only nodes from routing
rank=558/768 dataset=stackoverflow_a2q walkers=10416 (5812128..5822543) steps=30 mode=0 sched=single-bucket delta_t=0 policy=0
rank=558 loaded data/768/stackoverflow_a2q.sub558.txt (|V_local|=3145  t_range=[38967622,239692743])
rank=558 loaded routing data/768/stackoverflow_a2q.rt558.txt (1987 entries)
rank=558 added 10 boundary-only nodes from routing
rank=572/768 dataset=stackoverflow_a2q walkers=10416 (5957952..5968367) steps=30 mode=0 sched=single-bucket delta_t=0 policy=0
rank=572 loaded data/768/stackoverflow_a2q.sub572.txt (|V_local|=3303  t_range=[12062113,239658463])
rank=572 loaded routing data/768/stackoverflow_a2q.rt572.txt (1213 entries)
rank=572 added 2 boundary-only nodes from routing
rank=543/768 dataset=stackoverflow_a2q walkers=10416 (5655888..5666303) steps=30 mode=0 sched=single-bucket delta_t=0 policy=0
rank=543 loaded data/768/stackoverflow_a2q.sub543.txt (|V_local|=3153  t_range=[3331430,239685754])
rank=543 loaded routing data/768/stackoverflow_a2q.rt543.txt (2196 entries)
rank=543 added 4 boundary-only nodes from routing
rank=573/768 dataset=stackoverflow_a2q walkers=10416 (5968368..5978783) steps=30 mode=0 sched=single-bucket delta_t=0 policy=0
rank=573 loaded data/768/stackoverflow_a2q.sub573.txt (|V_local|=3225  t_range=[4049690,239666567])
rank=573 loaded routing data/768/stackoverflow_a2q.rt573.txt (1738 entries)
rank=573 added 14 boundary-only nodes from routing
rank=561/768 dataset=stackoverflow_a2q walkers=10416 (5843376..5853791) steps=30 mode=0 sched=single-bucket delta_t=0 policy=0
rank=561 loaded data/768/stackoverflow_a2q.sub561.txt (|V_local|=3153  t_range=[6346399,239664282])
rank=561 loaded routing data/768/stackoverflow_a2q.rt561.txt (2101 entries)
rank=561 added 2 boundary-only nodes from routing
rank=549/768 dataset=stackoverflow_a2q walkers=10416 (5718384..5728799) steps=30 mode=0 sched=single-bucket delta_t=0 policy=0
rank=549 loaded data/768/stackoverflow_a2q.sub549.txt (|V_local|=3143  t_range=[17428424,239669192])
rank=549 loaded routing data/768/stackoverflow_a2q.rt549.txt (2004 entries)
rank=549 added 17 boundary-only nodes from routing
rank=563/768 dataset=stackoverflow_a2q walkers=10416 (5864208..5874623) steps=30 mode=0 sched=single-bucket delta_t=0 policy=0
rank=563 loaded data/768/stackoverflow_a2q.sub563.txt (|V_local|=3298  t_range=[56159287,239692865])
rank=563 loaded routing data/768/stackoverflow_a2q.rt563.txt (1979 entries)
rank=563 added 5 boundary-only nodes from routing
rank=565/768 dataset=stackoverflow_a2q walkers=10416 (5885040..5895455) steps=30 mode=0 sched=single-bucket delta_t=0 policy=0
rank=565 loaded data/768/stackoverflow_a2q.sub565.txt (|V_local|=3302  t_range=[29877967,239676006])
rank=565 loaded routing data/768/stackoverflow_a2q.rt565.txt (1886 entries)
rank=565 added 2 boundary-only nodes from routing
rank=571/768 dataset=stackoverflow_a2q walkers=10416 (5947536..5957951) steps=30 mode=0 sched=single-bucket delta_t=0 policy=0
rank=571 loaded data/768/stackoverflow_a2q.sub571.txt (|V_local|=3299  t_range=[28211854,239669126])
rank=571 loaded routing data/768/stackoverflow_a2q.rt571.txt (1608 entries)
rank=571 added 6 boundary-only nodes from routing
rank=566/768 dataset=stackoverflow_a2q walkers=10416 (5895456..5905871) steps=30 mode=0 sched=single-bucket delta_t=0 policy=0
rank=566 loaded data/768/stackoverflow_a2q.sub566.txt (|V_local|=3266  t_range=[4060051,239677683])
rank=566 loaded routing data/768/stackoverflow_a2q.rt566.txt (2017 entries)
rank=566 added 10 boundary-only nodes from routing
rank=552/768 dataset=stackoverflow_a2q walkers=10416 (5749632..5760047) steps=30 mode=0 sched=single-bucket delta_t=0 policy=0
rank=552 loaded data/768/stackoverflow_a2q.sub552.txt (|V_local|=3149  t_range=[8962570,239677035])
rank=552 loaded routing data/768/stackoverflow_a2q.rt552.txt (2119 entries)
rank=552 added 6 boundary-only nodes from routing
rank=528/768 dataset=stackoverflow_a2q walkers=10416 (5499648..5510063) steps=30 mode=0 sched=single-bucket delta_t=0 policy=0
rank=528 loaded data/768/stackoverflow_a2q.sub528.txt (|V_local|=3151  t_range=[21630264,239667664])
rank=528 loaded routing data/768/stackoverflow_a2q.rt528.txt (2271 entries)
rank=528 added 5 boundary-only nodes from routing
rank=540/768 dataset=stackoverflow_a2q walkers=10416 (5624640..5635055) steps=30 mode=0 sched=single-bucket delta_t=0 policy=0
rank=540 loaded data/768/stackoverflow_a2q.sub540.txt (|V_local|=3148  t_range=[4855558,239686507])
rank=540 loaded routing data/768/stackoverflow_a2q.rt540.txt (2131 entries)
rank=540 added 12 boundary-only nodes from routing
rank=551/768 dataset=stackoverflow_a2q walkers=10416 (5739216..5749631) steps=30 mode=0 sched=single-bucket delta_t=0 policy=0
rank=551 loaded data/768/stackoverflow_a2q.sub551.txt (|V_local|=3268  t_range=[43967691,239677145])
rank=551 loaded routing data/768/stackoverflow_a2q.rt551.txt (2173 entries)
rank=551 added 3 boundary-only nodes from routing
rank=562/768 dataset=stackoverflow_a2q walkers=10416 (5853792..5864207) steps=30 mode=0 sched=single-bucket delta_t=0 policy=0
rank=562 loaded data/768/stackoverflow_a2q.sub562.txt (|V_local|=3301  t_range=[38415504,239672530])
rank=562 loaded routing data/768/stackoverflow_a2q.rt562.txt (1981 entries)
rank=562 added 3 boundary-only nodes from routing
rank=557/768 dataset=stackoverflow_a2q walkers=10416 (5801712..5812127) steps=30 mode=0 sched=single-bucket delta_t=0 policy=0
rank=557 loaded data/768/stackoverflow_a2q.sub557.txt (|V_local|=3297  t_range=[4810504,239673360])
rank=557 loaded routing data/768/stackoverflow_a2q.rt557.txt (2220 entries)
rank=557 added 8 boundary-only nodes from routing
rank=553/768 dataset=stackoverflow_a2q walkers=10416 (5760048..5770463) steps=30 mode=0 sched=single-bucket delta_t=0 policy=0
rank=553 loaded data/768/stackoverflow_a2q.sub553.txt (|V_local|=3296  t_range=[62287594,239682794])
rank=553 loaded routing data/768/stackoverflow_a2q.rt553.txt (1969 entries)
rank=553 added 6 boundary-only nodes from routing
rank=545/768 dataset=stackoverflow_a2q walkers=10416 (5676720..5687135) steps=30 mode=0 sched=single-bucket delta_t=0 policy=0
rank=545 loaded data/768/stackoverflow_a2q.sub545.txt (|V_local|=3297  t_range=[4109716,239656500])
rank=545 loaded routing data/768/stackoverflow_a2q.rt545.txt (1809 entries)
rank=545 added 8 boundary-only nodes from routing
rank=176/768 dataset=stackoverflow_a2q walkers=10416 (1833216..1843631) steps=30 mode=0 sched=single-bucket delta_t=0 policy=0
rank=176 loaded data/768/stackoverflow_a2q.sub176.txt (|V_local|=3302  t_range=[3355793,239560570])
rank=176 loaded routing data/768/stackoverflow_a2q.rt176.txt (1639 entries)
rank=176 added 1 boundary-only nodes from routing
rank=164/768 dataset=stackoverflow_a2q walkers=10416 (1708224..1718639) steps=30 mode=0 sched=single-bucket delta_t=0 policy=0
rank=164 loaded data/768/stackoverflow_a2q.sub164.txt (|V_local|=3287  t_range=[725012,239679184])
rank=164 loaded routing data/768/stackoverflow_a2q.rt164.txt (1470 entries)
rank=164 added 18 boundary-only nodes from routing
rank=416 loaded data/768/stackoverflow_a2q.sub416.txt (|V_local|=3155  t_range=[24762835,239644451])
rank=416 loaded routing data/768/stackoverflow_a2q.rt416.txt (2057 entries)
rank=416 added 6 boundary-only nodes from routing
rank=669 loaded data/768/stackoverflow_a2q.sub669.txt (|V_local|=3135  t_range=[28897062,239694756])
rank=669 loaded routing data/768/stackoverflow_a2q.rt669.txt (2093 entries)
rank=669 added 17 boundary-only nodes from routing
rank=661/768 dataset=stackoverflow_a2q walkers=10416 (6884976..6895391) steps=30 mode=0 sched=single-bucket delta_t=0 policy=0
rank=661 loaded data/768/stackoverflow_a2q.sub661.txt (|V_local|=3296  t_range=[3426027,239695278])
rank=661 loaded routing data/768/stackoverflow_a2q.rt661.txt (1834 entries)
rank=661 added 1 boundary-only nodes from routing
rank=624/768 dataset=stackoverflow_a2q walkers=10416 (6499584..6509999) steps=30 mode=0 sched=single-bucket delta_t=0 policy=0
rank=624 loaded data/768/stackoverflow_a2q.sub624.txt (|V_local|=3145  t_range=[20262317,239686054])
rank=624 loaded routing data/768/stackoverflow_a2q.rt624.txt (2099 entries)
rank=624 added 11 boundary-only nodes from routing
rank=655/768 dataset=stackoverflow_a2q walkers=10416 (6822480..6832895) steps=30 mode=0 sched=single-bucket delta_t=0 policy=0
rank=655 loaded data/768/stackoverflow_a2q.sub655.txt (|V_local|=3299  t_range=[34018305,239666060])
rank=655 loaded routing data/768/stackoverflow_a2q.rt655.txt (1968 entries)
rank=655 added 2 boundary-only nodes from routing
rank=628/768 dataset=stackoverflow_a2q walkers=10416 (6541248..6551663) steps=30 mode=0 sched=single-bucket delta_t=0 policy=0
rank=628 loaded data/768/stackoverflow_a2q.sub628.txt (|V_local|=3302  t_range=[40449597,239691014])
rank=628 loaded routing data/768/stackoverflow_a2q.rt628.txt (1724 entries)
rank=646/768 dataset=stackoverflow_a2q walkers=10416 (6728736..6739151) steps=30 mode=0 sched=single-bucket delta_t=0 policy=0
rank=646 loaded data/768/stackoverflow_a2q.sub646.txt (|V_local|=3153  t_range=[3967104,239690861])
rank=646 loaded routing data/768/stackoverflow_a2q.rt646.txt (1993 entries)
rank=646 added 6 boundary-only nodes from routing
rank=255/768 dataset=stackoverflow_a2q walkers=10416 (2656080..2666495) steps=30 mode=0 sched=single-bucket delta_t=0 policy=0
rank=255 loaded data/768/stackoverflow_a2q.sub255.txt (|V_local|=3148  t_range=[4749102,239665751])
rank=255 loaded routing data/768/stackoverflow_a2q.rt255.txt (2037 entries)
rank=255 added 5 boundary-only nodes from routing
rank=240/768 dataset=stackoverflow_a2q walkers=10416 (2499840..2510255) steps=30 mode=0 sched=single-bucket delta_t=0 policy=0
rank=240 loaded data/768/stackoverflow_a2q.sub240.txt (|V_local|=3156  t_range=[5464421,239619714])
rank=240 loaded routing data/768/stackoverflow_a2q.rt240.txt (1958 entries)
rank=240 added 1 boundary-only nodes from routing
rank=124/768 dataset=stackoverflow_a2q walkers=10416 (1291584..1301999) steps=30 mode=0 sched=single-bucket delta_t=0 policy=0
rank=124 loaded data/768/stackoverflow_a2q.sub124.txt (|V_local|=3146  t_range=[4955680,239681502])
rank=124 loaded routing data/768/stackoverflow_a2q.rt124.txt (2125 entries)
rank=124 added 6 boundary-only nodes from routing
rank=138/768 dataset=stackoverflow_a2q walkers=10416 (1437408..1447823) steps=30 mode=0 sched=single-bucket delta_t=0 policy=0
rank=138 loaded data/768/stackoverflow_a2q.sub138.txt (|V_local|=3155  t_range=[4115956,239592210])
rank=138 loaded routing data/768/stackoverflow_a2q.rt138.txt (2189 entries)
rank=138 added 7 boundary-only nodes from routing
rank=129/768 dataset=stackoverflow_a2q walkers=10416 (1343664..1354079) steps=30 mode=0 sched=single-bucket delta_t=0 policy=0
rank=129 loaded data/768/stackoverflow_a2q.sub129.txt (|V_local|=3153  t_range=[4113619,239694043])
rank=129 loaded routing data/768/stackoverflow_a2q.rt129.txt (2142 entries)
rank=129 added 6 boundary-only nodes from routing
rank=132/768 dataset=stackoverflow_a2q walkers=10416 (1374912..1385327) steps=30 mode=0 sched=single-bucket delta_t=0 policy=0
rank=132 loaded data/768/stackoverflow_a2q.sub132.txt (|V_local|=3147  t_range=[4144574,239679295])
rank=132 loaded routing data/768/stackoverflow_a2q.rt132.txt (2085 entries)
rank=132 added 9 boundary-only nodes from routing
rank=96/768 dataset=stackoverflow_a2q walkers=10416 (999936..1010351) steps=30 mode=0 sched=single-bucket delta_t=0 policy=0
rank=96 loaded data/768/stackoverflow_a2q.sub96.txt (|V_local|=3140  t_range=[8368534,239614679])
rank=96 loaded routing data/768/stackoverflow_a2q.rt96.txt (2211 entries)
rank=96 added 12 boundary-only nodes from routing
rank=104/768 dataset=stackoverflow_a2q walkers=10416 (1083264..1093679) steps=30 mode=0 sched=single-bucket delta_t=0 policy=0
rank=104 loaded data/768/stackoverflow_a2q.sub104.txt (|V_local|=3279  t_range=[1541503,239483955])
rank=104 loaded routing data/768/stackoverflow_a2q.rt104.txt (1529 entries)
rank=104 added 23 boundary-only nodes from routing
rank=116/768 dataset=stackoverflow_a2q walkers=10416 (1208256..1218671) steps=30 mode=0 sched=single-bucket delta_t=0 policy=0
rank=116 loaded data/768/stackoverflow_a2q.sub116.txt (|V_local|=3305  t_range=[3691781,239657106])
rank=116 loaded routing data/768/stackoverflow_a2q.rt116.txt (983 entries)
rank=142/768 dataset=stackoverflow_a2q walkers=10416 (1479072..1489487) steps=30 mode=0 sched=single-bucket delta_t=0 policy=0
rank=142 loaded data/768/stackoverflow_a2q.sub142.txt (|V_local|=3302  t_range=[12945746,239672437])
rank=142 loaded routing data/768/stackoverflow_a2q.rt142.txt (1904 entries)
rank=142 added 3 boundary-only nodes from routing
rank=143/768 dataset=stackoverflow_a2q walkers=10416 (1489488..1499903) steps=30 mode=0 sched=single-bucket delta_t=0 policy=0
rank=143 loaded data/768/stackoverflow_a2q.sub143.txt (|V_local|=3278  t_range=[9254152,239603905])
rank=143 loaded routing data/768/stackoverflow_a2q.rt143.txt (2066 entries)
rank=143 added 2 boundary-only nodes from routing
rank=135/768 dataset=stackoverflow_a2q walkers=10416 (1406160..1416575) steps=30 mode=0 sched=single-bucket delta_t=0 policy=0
rank=135 loaded data/768/stackoverflow_a2q.sub135.txt (|V_local|=3213  t_range=[1826550,239679250])
rank=135 loaded routing data/768/stackoverflow_a2q.rt135.txt (1982 entries)
rank=135 added 5 boundary-only nodes from routing
rank=122/768 dataset=stackoverflow_a2q walkers=10416 (1270752..1281167) steps=30 mode=0 sched=single-bucket delta_t=0 policy=0
rank=122 loaded data/768/stackoverflow_a2q.sub122.txt (|V_local|=3294  t_range=[2823503,239650261])
rank=122 loaded routing data/768/stackoverflow_a2q.rt122.txt (1584 entries)
rank=122 added 9 boundary-only nodes from routing
rank=520/768 dataset=stackoverflow_a2q walkers=10416 (5416320..5426735) steps=30 mode=0 sched=single-bucket delta_t=0 policy=0
rank=520 loaded data/768/stackoverflow_a2q.sub520.txt (|V_local|=3281  t_range=[58087527,239682354])
rank=520 loaded routing data/768/stackoverflow_a2q.rt520.txt (1660 entries)
rank=520 added 24 boundary-only nodes from routing
rank=236/768 dataset=stackoverflow_a2q walkers=10416 (2458176..2468591) steps=30 mode=0 sched=single-bucket delta_t=0 policy=0
rank=236 loaded data/768/stackoverflow_a2q.sub236.txt (|V_local|=3289  t_range=[1604260,239658631])
rank=236 loaded routing data/768/stackoverflow_a2q.rt236.txt (1462 entries)
rank=236 added 16 boundary-only nodes from routing
rank=230/768 dataset=stackoverflow_a2q walkers=10416 (2395680..2406095) steps=30 mode=0 sched=single-bucket delta_t=0 policy=0
rank=230 loaded data/768/stackoverflow_a2q.sub230.txt (|V_local|=3151  t_range=[4021714,239591703])
rank=230 loaded routing data/768/stackoverflow_a2q.rt230.txt (1890 entries)
rank=230 added 9 boundary-only nodes from routing
rank=468/768 dataset=stackoverflow_a2q walkers=10416 (4874688..4885103) steps=30 mode=0 sched=single-bucket delta_t=0 policy=0
rank=468 loaded data/768/stackoverflow_a2q.sub468.txt (|V_local|=3146  t_range=[19667949,239695322])
rank=468 loaded routing data/768/stackoverflow_a2q.rt468.txt (2167 entries)
rank=468 added 7 boundary-only nodes from routing
