=== scaling: nodes=32 proc=1536 dataset=stackoverflow_a2q strong(total=8000000) nwalk/rank=5208 emb=0 mode=fused ===
rank=1312/1536 dataset=stackoverflow_a2q walkers=5208 (6832896..6838103) steps=30 mode=0 sched=single-bucket delta_t=0 policy=0
rank=1312 loaded data/1536/stackoverflow_a2q.sub1312.txt (|V_local|=1600  t_range=[59098235,239647528])
rank=1312 loaded routing data/1536/stackoverflow_a2q.rt1312.txt (1026 entries)
rank=1328/1536 dataset=stackoverflow_a2q walkers=5208 (6916224..6921431) steps=30 mode=0 sched=single-bucket delta_t=0 policy=0
rank=1328 loaded data/1536/stackoverflow_a2q.sub1328.txt (|V_local|=1592  t_range=[10365004,239695360])
rank=1328 loaded routing data/1536/stackoverflow_a2q.rt1328.txt (1107 entries)
rank=1328 added 1 boundary-only nodes from routing
rank=1320/1536 dataset=stackoverflow_a2q walkers=5208 (6874560..6879767) steps=30 mode=0 sched=single-bucket delta_t=0 policy=0
rank=1320 loaded data/1536/stackoverflow_a2q.sub1320.txt (|V_local|=1587  t_range=[17378436,239689862])
rank=1320 loaded routing data/1536/stackoverflow_a2q.rt1320.txt (1074 entries)
rank=1320 added 2 boundary-only nodes from routing
rank=1302/1536 dataset=stackoverflow_a2q walkers=5208 (6780816..6786023) steps=30 mode=0 sched=single-bucket delta_t=0 policy=0
rank=1302 loaded data/1536/stackoverflow_a2q.sub1302.txt (|V_local|=1592  t_range=[39796043,239539473])
rank=1302 loaded routing data/1536/stackoverflow_a2q.rt1302.txt (1089 entries)
rank=1302 added 1 boundary-only nodes from routing
rank=1322/1536 dataset=stackoverflow_a2q walkers=5208 (6884976..6890183) steps=30 mode=0 sched=single-bucket delta_t=0 policy=0
rank=1322 loaded data/1536/stackoverflow_a2q.sub1322.txt (|V_local|=1594  t_range=[33850508,239651242])
rank=1322 loaded routing data/1536/stackoverflow_a2q.rt1322.txt (1106 entries)
rank=1300/1536 dataset=stackoverflow_a2q walkers=5208 (6770400..6775607) steps=30 mode=0 sched=single-bucket delta_t=0 policy=0
rank=1300 loaded data/1536/stackoverflow_a2q.sub1300.txt (|V_local|=1598  t_range=[72844596,239642046])
rank=1300 loaded routing data/1536/stackoverflow_a2q.rt1300.txt (1082 entries)
rank=1343/1536 dataset=stackoverflow_a2q walkers=5208 (6994344..6999551) steps=30 mode=0 sched=single-bucket delta_t=0 policy=0
rank=1343 loaded data/1536/stackoverflow_a2q.sub1343.txt (|V_local|=1591  t_range=[4726866,239637230])
rank=1343 loaded routing data/1536/stackoverflow_a2q.rt1343.txt (1061 entries)
rank=1343 added 3 boundary-only nodes from routing
rank=1301/1536 dataset=stackoverflow_a2q walkers=5208 (6775608..6780815) steps=30 mode=0 sched=single-bucket delta_t=0 policy=0
rank=1301 loaded data/1536/stackoverflow_a2q.sub1301.txt (|V_local|=1644  t_range=[57799075,239698299])
rank=1301 loaded routing data/1536/stackoverflow_a2q.rt1301.txt (950 entries)
rank=1301 added 3 boundary-only nodes from routing
rank=1321/1536 dataset=stackoverflow_a2q walkers=5208 (6879768..6884975) steps=30 mode=0 sched=single-bucket delta_t=0 policy=0
rank=1321 loaded data/1536/stackoverflow_a2q.sub1321.txt (|V_local|=1591  t_range=[44061085,239629554])
rank=1321 loaded routing data/1536/stackoverflow_a2q.rt1321.txt (905 entries)
rank=1321 added 4 boundary-only nodes from routing
rank=1297/1536 dataset=stackoverflow_a2q walkers=5208 (6754776..6759983) steps=30 mode=0 sched=single-bucket delta_t=0 policy=0
rank=1297 loaded data/1536/stackoverflow_a2q.sub1297.txt (|V_local|=1593  t_range=[43956804,239695531])
rank=1297 loaded routing data/1536/stackoverflow_a2q.rt1297.txt (1110 entries)
rank=1310/1536 dataset=stackoverflow_a2q walkers=5208 (6822480..6827687) steps=30 mode=0 sched=single-bucket delta_t=0 policy=0
rank=1310 loaded data/1536/stackoverflow_a2q.sub1310.txt (|V_local|=1594  t_range=[59739042,239678704])
rank=1310 loaded routing data/1536/stackoverflow_a2q.rt1310.txt (1088 entries)
rank=1310 added 2 boundary-only nodes from routing
rank=1339/1536 dataset=stackoverflow_a2q walkers=5208 (6973512..6978719) steps=30 mode=0 sched=single-bucket delta_t=0 policy=0
rank=1339 loaded data/1536/stackoverflow_a2q.sub1339.txt (|V_local|=1651  t_range=[29680036,239672721])
rank=1339 loaded routing data/1536/stackoverflow_a2q.rt1339.txt (914 entries)
rank=1339 added 1 boundary-only nodes from routing
rank=1299/1536 dataset=stackoverflow_a2q walkers=5208 (6765192..6770399) steps=30 mode=0 sched=single-bucket delta_t=0 policy=0
rank=1299 loaded data/1536/stackoverflow_a2q.sub1299.txt (|V_local|=1593  t_range=[14000832,239676654])
rank=1299 loaded routing data/1536/stackoverflow_a2q.rt1299.txt (1095 entries)
rank=1299 added 1 boundary-only nodes from routing
rank=1337/1536 dataset=stackoverflow_a2q walkers=5208 (6963096..6968303) steps=30 mode=0 sched=single-bucket delta_t=0 policy=0
rank=1337 loaded data/1536/stackoverflow_a2q.sub1337.txt (|V_local|=1652  t_range=[51498990,239679783])
rank=1337 loaded routing data/1536/stackoverflow_a2q.rt1337.txt (731 entries)
rank=1298/1536 dataset=stackoverflow_a2q walkers=5208 (6759984..6765191) steps=30 mode=0 sched=single-bucket delta_t=0 policy=0
rank=1298 loaded data/1536/stackoverflow_a2q.sub1298.txt (|V_local|=1600  t_range=[69005223,239640697])
rank=1298 loaded routing data/1536/stackoverflow_a2q.rt1298.txt (1020 entries)
rank=1298 added 1 boundary-only nodes from routing
rank=1304/1536 dataset=stackoverflow_a2q walkers=5208 (6791232..6796439) steps=30 mode=0 sched=single-bucket delta_t=0 policy=0
rank=1304 loaded data/1536/stackoverflow_a2q.sub1304.txt (|V_local|=1645  t_range=[45574195,239684020])
rank=1304 loaded routing data/1536/stackoverflow_a2q.rt1304.txt (989 entries)
rank=1304 added 1 boundary-only nodes from routing
rank=1327/1536 dataset=stackoverflow_a2q walkers=5208 (6911016..6916223) steps=30 mode=0 sched=single-bucket delta_t=0 policy=0
rank=1327 loaded data/1536/stackoverflow_a2q.sub1327.txt (|V_local|=1598  t_range=[39075812,239697927])
rank=1327 loaded routing data/1536/stackoverflow_a2q.rt1327.txt (859 entries)
rank=1327 added 1 boundary-only nodes from routing
rank=1340/1536 dataset=stackoverflow_a2q walkers=5208 (6978720..6983927) steps=30 mode=0 sched=single-bucket delta_t=0 policy=0
rank=1340 loaded data/1536/stackoverflow_a2q.sub1340.txt (|V_local|=1588  t_range=[4648034,239679184])
rank=1340 loaded routing data/1536/stackoverflow_a2q.rt1340.txt (962 entries)
rank=1340 added 2 boundary-only nodes from routing
rank=1306/1536 dataset=stackoverflow_a2q walkers=5208 (6801648..6806855) steps=30 mode=0 sched=single-bucket delta_t=0 policy=0
rank=1306 loaded data/1536/stackoverflow_a2q.sub1306.txt (|V_local|=1596  t_range=[54121853,239691085])
rank=1306 loaded routing data/1536/stackoverflow_a2q.rt1306.txt (1036 entries)
rank=1305/1536 dataset=stackoverflow_a2q walkers=5208 (6796440..6801647) steps=30 mode=0 sched=single-bucket delta_t=0 policy=0
rank=1305 loaded data/1536/stackoverflow_a2q.sub1305.txt (|V_local|=1594  t_range=[28295523,239582905])
rank=1305 loaded routing data/1536/stackoverflow_a2q.rt1305.txt (1138 entries)
rank=1305 added 1 boundary-only nodes from routing
rank=1303/1536 dataset=stackoverflow_a2q walkers=5208 (6786024..6791231) steps=30 mode=0 sched=single-bucket delta_t=0 policy=0
rank=1303 loaded data/1536/stackoverflow_a2q.sub1303.txt (|V_local|=1596  t_range=[39790404,239697464])
rank=1303 loaded routing data/1536/stackoverflow_a2q.rt1303.txt (1047 entries)
rank=1330/1536 dataset=stackoverflow_a2q walkers=5208 (6926640..6931847) steps=30 mode=0 sched=single-bucket delta_t=0 policy=0
rank=1330 loaded data/1536/stackoverflow_a2q.sub1330.txt (|V_local|=1594  t_range=[11979179,239654962])
rank=1330 loaded routing data/1536/stackoverflow_a2q.rt1330.txt (884 entries)
rank=1330 added 1 boundary-only nodes from routing
rank=1329/1536 dataset=stackoverflow_a2q walkers=5208 (6921432..6926639) steps=30 mode=0 sched=single-bucket delta_t=0 policy=0
rank=1329 loaded data/1536/stackoverflow_a2q.sub1329.txt (|V_local|=1589  t_range=[4041668,239619310])
rank=1329 loaded routing data/1536/stackoverflow_a2q.rt1329.txt (1073 entries)
rank=1329 added 2 boundary-only nodes from routing
rank=1315/1536 dataset=stackoverflow_a2q walkers=5208 (6848520..6853727) steps=30 mode=0 sched=single-bucket delta_t=0 policy=0
rank=1315 loaded data/1536/stackoverflow_a2q.sub1315.txt (|V_local|=1595  t_range=[14479074,239659248])
rank=289/1536 dataset=stackoverflow_a2q walkers=5208 (1505112..1510319) steps=30 mode=0 sched=single-bucket delta_t=0 policy=0
rank=289 loaded data/1536/stackoverflow_a2q.sub289.txt (|V_local|=1601  t_range=[15580410,239515714])
rank=289 loaded routing data/1536/stackoverflow_a2q.rt289.txt (894 entries)
rank=294/1536 dataset=stackoverflow_a2q walkers=5208 (1531152..1536359) steps=30 mode=0 sched=single-bucket delta_t=0 policy=0
rank=294 loaded data/1536/stackoverflow_a2q.sub294.txt (|V_local|=1595  t_range=[23753040,239622480])
rank=294 loaded routing data/1536/stackoverflow_a2q.rt294.txt (1069 entries)
rank=302/1536 dataset=stackoverflow_a2q walkers=5208 (1572816..1578023) steps=30 mode=0 sched=single-bucket delta_t=0 policy=0
rank=302 loaded data/1536/stackoverflow_a2q.sub302.txt (|V_local|=1595  t_range=[12090045,239638268])
rank=302 loaded routing data/1536/stackoverflow_a2q.rt302.txt (1106 entries)
rank=300/1536 dataset=stackoverflow_a2q walkers=5208 (1562400..1567607) steps=30 mode=0 sched=single-bucket delta_t=0 policy=0
rank=300 loaded data/1536/stackoverflow_a2q.sub300.txt (|V_local|=1592  t_range=[10357789,239672906])
rank=300 loaded routing data/1536/stackoverflow_a2q.rt300.txt (1077 entries)
rank=304/1536 dataset=stackoverflow_a2q walkers=5208 (1583232..1588439) steps=30 mode=0 sched=single-bucket delta_t=0 policy=0
rank=304 loaded data/1536/stackoverflow_a2q.sub304.txt (|V_local|=1598  t_range=[37559684,239617033])
rank=304 loaded routing data/1536/stackoverflow_a2q.rt304.txt (1017 entries)
rank=304 added 1 boundary-only nodes from routing
rank=310/1536 dataset=stackoverflow_a2q walkers=5208 (1614480..1619687) steps=30 mode=0 sched=single-bucket delta_t=0 policy=0
rank=310 loaded data/1536/stackoverflow_a2q.sub310.txt (|V_local|=1593  t_range=[4351704,239414135])
rank=310 loaded routing data/1536/stackoverflow_a2q.rt310.txt (969 entries)
rank=299/1536 dataset=stackoverflow_a2q walkers=5208 (1557192..1562399) steps=30 mode=0 sched=single-bucket delta_t=0 policy=0
rank=299 loaded data/1536/stackoverflow_a2q.sub299.txt (|V_local|=1594  t_range=[1794043,239648902])
rank=299 loaded routing data/1536/stackoverflow_a2q.rt299.txt (916 entries)
rank=299 added 3 boundary-only nodes from routing
rank=321/1536 dataset=stackoverflow_a2q walkers=5208 (1671768..1676975) steps=30 mode=0 sched=single-bucket delta_t=0 policy=0
rank=321 loaded data/1536/stackoverflow_a2q.sub321.txt (|V_local|=1595  t_range=[2921838,239626460])
rank=321 loaded routing data/1536/stackoverflow_a2q.rt321.txt (1080 entries)
rank=309/1536 dataset=stackoverflow_a2q walkers=5208 (1609272..1614479) steps=30 mode=0 sched=single-bucket delta_t=0 policy=0
rank=309 loaded data/1536/stackoverflow_a2q.sub309.txt (|V_local|=1594  t_range=[26868684,239671658])
rank=309 loaded routing data/1536/stackoverflow_a2q.rt309.txt (1113 entries)
rank=309 added 2 boundary-only nodes from routing
rank=293/1536 dataset=stackoverflow_a2q walkers=5208 (1525944..1531151) steps=30 mode=0 sched=single-bucket delta_t=0 policy=0
rank=293 loaded data/1536/stackoverflow_a2q.sub293.txt (|V_local|=1600  t_range=[14274657,239669818])
rank=293 loaded routing data/1536/stackoverflow_a2q.rt293.txt (886 entries)
rank=297/1536 dataset=stackoverflow_a2q walkers=5208 (1546776..1551983) steps=30 mode=0 sched=single-bucket delta_t=0 policy=0
rank=297 loaded data/1536/stackoverflow_a2q.sub297.txt (|V_local|=1595  t_range=[7254871,239553831])
rank=297 loaded routing data/1536/stackoverflow_a2q.rt297.txt (1107 entries)
rank=297 added 1 boundary-only nodes from routing
rank=306/1536 dataset=stackoverflow_a2q walkers=5208 (1593648..1598855) steps=30 mode=0 sched=single-bucket delta_t=0 policy=0
rank=306 loaded data/1536/stackoverflow_a2q.sub306.txt (|V_local|=1596  t_range=[4719290,239586475])
rank=306 loaded routing data/1536/stackoverflow_a2q.rt306.txt (1064 entries)
rank=290/1536 dataset=stackoverflow_a2q walkers=5208 (1510320..1515527) steps=30 mode=0 sched=single-bucket delta_t=0 policy=0
rank=290 loaded data/1536/stackoverflow_a2q.sub290.txt (|V_local|=1612  t_range=[4132300,239562725])
rank=290 loaded routing data/1536/stackoverflow_a2q.rt290.txt (896 entries)
rank=318/1536 dataset=stackoverflow_a2q walkers=5208 (1656144..1661351) steps=30 mode=0 sched=single-bucket delta_t=0 policy=0
rank=318 loaded data/1536/stackoverflow_a2q.sub318.txt (|V_local|=1590  t_range=[4919449,239675227])
rank=318 loaded routing data/1536/stackoverflow_a2q.rt318.txt (1029 entries)
rank=318 added 1 boundary-only nodes from routing
rank=298/1536 dataset=stackoverflow_a2q walkers=5208 (1551984..1557191) steps=30 mode=0 sched=single-bucket delta_t=0 policy=0
rank=298 loaded data/1536/stackoverflow_a2q.sub298.txt (|V_local|=1594  t_range=[17591384,239692675])
rank=298 loaded routing data/1536/stackoverflow_a2q.rt298.txt (1090 entries)
rank=301/1536 dataset=stackoverflow_a2q walkers=5208 (1567608..1572815) steps=30 mode=0 sched=single-bucket delta_t=0 policy=0
rank=301 loaded data/1536/stackoverflow_a2q.sub301.txt (|V_local|=1593  t_range=[5335152,239598541])
rank=301 loaded routing data/1536/stackoverflow_a2q.rt301.txt (1052 entries)
rank=295/1536 dataset=stackoverflow_a2q walkers=5208 (1536360..1541567) steps=30 mode=0 sched=single-bucket delta_t=0 policy=0
rank=295 loaded data/1536/stackoverflow_a2q.sub295.txt (|V_local|=1652  t_range=[8185889,239492476])
rank=295 loaded routing data/1536/stackoverflow_a2q.rt295.txt (965 entries)
rank=291/1536 dataset=stackoverflow_a2q walkers=5208 (1515528..1520735) steps=30 mode=0 sched=single-bucket delta_t=0 policy=0
rank=291 loaded data/1536/stackoverflow_a2q.sub291.txt (|V_local|=1588  t_range=[19048350,239664446])
rank=291 loaded routing data/1536/stackoverflow_a2q.rt291.txt (1028 entries)
rank=291 added 4 boundary-only nodes from routing
rank=296/1536 dataset=stackoverflow_a2q walkers=5208 (1541568..1546775) steps=30 mode=0 sched=single-bucket delta_t=0 policy=0
rank=296 loaded data/1536/stackoverflow_a2q.sub296.txt (|V_local|=1604  t_range=[9733073,239589116])
rank=296 loaded routing data/1536/stackoverflow_a2q.rt296.txt (1023 entries)
rank=316/1536 dataset=stackoverflow_a2q walkers=5208 (1645728..1650935) steps=30 mode=0 sched=single-bucket delta_t=0 policy=0
rank=316 loaded data/1536/stackoverflow_a2q.sub316.txt (|V_local|=1598  t_range=[22262073,239581755])
rank=316 loaded routing data/1536/stackoverflow_a2q.rt316.txt (987 entries)
rank=316 added 2 boundary-only nodes from routing
rank=292/1536 dataset=stackoverflow_a2q walkers=5208 (1520736..1525943) steps=30 mode=0 sched=single-bucket delta_t=0 policy=0
rank=292 loaded data/1536/stackoverflow_a2q.sub292.txt (|V_local|=1585  t_range=[4144354,239595734])
rank=292 loaded routing data/1536/stackoverflow_a2q.rt292.txt (1016 entries)
rank=292 added 2 boundary-only nodes from routing
rank=324/1536 dataset=stackoverflow_a2q walkers=5208 (1687392..1692599) steps=30 mode=0 sched=single-bucket delta_t=0 policy=0
rank=324 loaded data/1536/stackoverflow_a2q.sub324.txt (|V_local|=1589  t_range=[18447203,239562251])
rank=324 loaded routing data/1536/stackoverflow_a2q.rt324.txt (1082 entries)
rank=324 added 2 boundary-only nodes from routing
rank=313/1536 dataset=stackoverflow_a2q walkers=5208 (1630104..1635311) steps=30 mode=0 sched=single-bucket delta_t=0 policy=0
rank=313 loaded data/1536/stackoverflow_a2q.sub313.txt (|V_local|=1652  t_range=[13840742,239679624])
rank=313 loaded routing data/1536/stackoverflow_a2q.rt313.txt (729 entries)
rank=307/1536 dataset=stackoverflow_a2q walkers=5208 (1598856..1604063) steps=30 mode=0 sched=single-bucket delta_t=0 policy=0
rank=307 loaded data/1536/stackoverflow_a2q.sub307.txt (|V_local|=1599  t_range=[2744514,239685883])
rank=307 loaded routing data/1536/stackoverflow_a2q.rt307.txt (1022 entries)
rank=307 added 1 boundary-only nodes from routing
rank=317/1536 dataset=stackoverflow_a2q walkers=5208 (1650936..1656143) steps=30 mode=0 sched=single-bucket delta_t=0 policy=0
rank=317 loaded data/1536/stackoverflow_a2q.sub317.txt (|V_local|=1626  t_range=[19370837,239696671])
rank=317 loaded routing data/1536/stackoverflow_a2q.rt317.txt (882 entries)
rank=317 added 2 boundary-only nodes from routing
rank=1277/1536 dataset=stackoverflow_a2q walkers=5208 (6650616..6655823) steps=30 mode=0 sched=single-bucket delta_t=0 policy=0
rank=1277 loaded data/1536/stackoverflow_a2q.sub1277.txt (|V_local|=1596  t_range=[4469751,239664701])
rank=1277 loaded routing data/1536/stackoverflow_a2q.rt1277.txt (1036 entries)
rank=1277 added 1 boundary-only nodes from routing
rank=1260/1536 dataset=stackoverflow_a2q walkers=5208 (6562080..6567287) steps=30 mode=0 sched=single-bucket delta_t=0 policy=0
rank=1260 loaded data/1536/stackoverflow_a2q.sub1260.txt (|V_local|=1587  t_range=[5778378,239664582])
rank=1260 loaded routing data/1536/stackoverflow_a2q.rt1260.txt (1041 entries)
rank=1260 added 3 boundary-only nodes from routing
rank=1294/1536 dataset=stackoverflow_a2q walkers=5208 (6739152..6744359) steps=30 mode=0 sched=single-bucket delta_t=0 policy=0
rank=1294 loaded data/1536/stackoverflow_a2q.sub1294.txt (|V_local|=1601  t_range=[41784812,239661510])
rank=1294 loaded routing data/1536/stackoverflow_a2q.rt1294.txt (833 entries)
rank=1264/1536 dataset=stackoverflow_a2q walkers=5208 (6582912..6588119) steps=30 mode=0 sched=single-bucket delta_t=0 policy=0
rank=1264 loaded data/1536/stackoverflow_a2q.sub1264.txt (|V_local|=1591  t_range=[19851375,239673059])
rank=1264 loaded routing data/1536/stackoverflow_a2q.rt1264.txt (1015 entries)
rank=1264 added 1 boundary-only nodes from routing
rank=1268/1536 dataset=stackoverflow_a2q walkers=5208 (6603744..6608951) steps=30 mode=0 sched=single-bucket delta_t=0 policy=0
rank=1268 loaded data/1536/stackoverflow_a2q.sub1268.txt (|V_local|=1585  t_range=[13863752,239551664])
rank=1268 loaded routing data/1536/stackoverflow_a2q.rt1268.txt (1003 entries)
rank=1268 added 6 boundary-only nodes from routing
rank=1259/1536 dataset=stackoverflow_a2q walkers=5208 (6556872..6562079) steps=30 mode=0 sched=single-bucket delta_t=0 policy=0
rank=1259 loaded data/1536/stackoverflow_a2q.sub1259.txt (|V_local|=1593  t_range=[2395786,239572312])
rank=1259 loaded routing data/1536/stackoverflow_a2q.rt1259.txt (928 entries)
rank=1259 added 1 boundary-only nodes from routing
rank=1271/1536 dataset=stackoverflow_a2q walkers=5208 (6619368..6624575) steps=30 mode=0 sched=single-bucket delta_t=0 policy=0
rank=1271 loaded data/1536/stackoverflow_a2q.sub1271.txt (|V_local|=1587  t_range=[22693289,239629674])
rank=1271 loaded routing data/1536/stackoverflow_a2q.rt1271.txt (1010 entries)
rank=1271 added 1 boundary-only nodes from routing
rank=1251/1536 dataset=stackoverflow_a2q walkers=5208 (6515208..6520415) steps=30 mode=0 sched=single-bucket delta_t=0 policy=0
rank=1251 loaded data/1536/stackoverflow_a2q.sub1251.txt (|V_local|=1589  t_range=[8782003,239675170])
rank=1251 loaded routing data/1536/stackoverflow_a2q.rt1251.txt (1117 entries)
rank=1251 added 5 boundary-only nodes from routing
rank=1254/1536 dataset=stackoverflow_a2q walkers=5208 (6530832..6536039) steps=30 mode=0 sched=single-bucket delta_t=0 policy=0
rank=1254 loaded data/1536/stackoverflow_a2q.sub1254.txt (|V_local|=1592  t_range=[9970866,239629205])
rank=1254 loaded routing data/1536/stackoverflow_a2q.rt1254.txt (1086 entries)
rank=1257/1536 dataset=stackoverflow_a2q walkers=5208 (6546456..6551663) steps=30 mode=0 sched=single-bucket delta_t=0 policy=0
rank=1257 loaded data/1536/stackoverflow_a2q.sub1257.txt (|V_local|=1596  t_range=[4308547,239662853])
rank=1257 loaded routing data/1536/stackoverflow_a2q.rt1257.txt (1083 entries)
rank=1250/1536 dataset=stackoverflow_a2q walkers=5208 (6510000..6515207) steps=30 mode=0 sched=single-bucket delta_t=0 policy=0
rank=1250 loaded data/1536/stackoverflow_a2q.sub1250.txt (|V_local|=1595  t_range=[25552585,239627931])
rank=1250 loaded routing data/1536/stackoverflow_a2q.rt1250.txt (930 entries)
rank=1256/1536 dataset=stackoverflow_a2q walkers=5208 (6541248..6546455) steps=30 mode=0 sched=single-bucket delta_t=0 policy=0
rank=1256 loaded data/1536/stackoverflow_a2q.sub1256.txt (|V_local|=1598  t_range=[37972361,239687680])
rank=1256 loaded routing data/1536/stackoverflow_a2q.rt1256.txt (917 entries)
rank=1275/1536 dataset=stackoverflow_a2q walkers=5208 (6640200..6645407) steps=30 mode=0 sched=single-bucket delta_t=0 policy=0
rank=1275 loaded data/1536/stackoverflow_a2q.sub1275.txt (|V_local|=1593  t_range=[11791103,239680701])
rank=1275 loaded routing data/1536/stackoverflow_a2q.rt1275.txt (1096 entries)
rank=1275 added 2 boundary-only nodes from routing
rank=1252/1536 dataset=stackoverflow_a2q walkers=5208 (6520416..6525623) steps=30 mode=0 sched=single-bucket delta_t=0 policy=0
rank=1252 loaded data/1536/stackoverflow_a2q.sub1252.txt (|V_local|=1593  t_range=[4147159,239673998])
rank=1252 loaded routing data/1536/stackoverflow_a2q.rt1252.txt (991 entries)
rank=1252 added 1 boundary-only nodes from routing
rank=1258/1536 dataset=stackoverflow_a2q walkers=5208 (6551664..6556871) steps=30 mode=0 sched=single-bucket delta_t=0 policy=0
rank=1258 loaded data/1536/stackoverflow_a2q.sub1258.txt (|V_local|=1611  t_range=[22186204,239550498])
rank=1258 loaded routing data/1536/stackoverflow_a2q.rt1258.txt (853 entries)
rank=1274/1536 dataset=stackoverflow_a2q walkers=5208 (6634992..6640199) steps=30 mode=0 sched=single-bucket delta_t=0 policy=0
rank=1274 loaded data/1536/stackoverflow_a2q.sub1274.txt (|V_local|=1594  t_range=[15802348,239694962])
rank=1274 loaded routing data/1536/stackoverflow_a2q.rt1274.txt (1185 entries)
rank=1253/1536 dataset=stackoverflow_a2q walkers=5208 (6525624..6530831) steps=30 mode=0 sched=single-bucket delta_t=0 policy=0
rank=1253 loaded data/1536/stackoverflow_a2q.sub1253.txt (|V_local|=1597  t_range=[7132757,239696300])
rank=1253 loaded routing data/1536/stackoverflow_a2q.rt1253.txt (955 entries)
rank=1253 added 1 boundary-only nodes from routing
rank=1249/1536 dataset=stackoverflow_a2q walkers=5208 (6504792..6509999) steps=30 mode=0 sched=single-bucket delta_t=0 policy=0
rank=1249 loaded data/1536/stackoverflow_a2q.sub1249.txt (|V_local|=1590  t_range=[10601591,239642998])
rank=1249 loaded routing data/1536/stackoverflow_a2q.rt1249.txt (1017 entries)
rank=1255/1536 dataset=stackoverflow_a2q walkers=5208 (6536040..6541247) steps=30 mode=0 sched=single-bucket delta_t=0 policy=0
rank=1255 loaded data/1536/stackoverflow_a2q.sub1255.txt (|V_local|=1646  t_range=[25088677,239687011])
rank=1255 loaded routing data/1536/stackoverflow_a2q.rt1255.txt (888 entries)
rank=1255 added 2 boundary-only nodes from routing
rank=1265/1536 dataset=stackoverflow_a2q walkers=5208 (6588120..6593327) steps=30 mode=0 sched=single-bucket delta_t=0 policy=0
rank=1265 loaded data/1536/stackoverflow_a2q.sub1265.txt (|V_local|=1650  t_range=[58801447,239579402])
rank=1265 loaded routing data/1536/stackoverflow_a2q.rt1265.txt (833 entries)
rank=1265 added 1 boundary-only nodes from routing
rank=1248/1536 dataset=stackoverflow_a2q walkers=5208 (6499584..6504791) steps=30 mode=0 sched=single-bucket delta_t=0 policy=0
rank=1248 loaded data/1536/stackoverflow_a2q.sub1248.txt (|V_local|=1586  t_range=[11346815,239680086])
rank=1248 loaded routing data/1536/stackoverflow_a2q.rt1248.txt (1073 entries)
rank=1262/1536 dataset=stackoverflow_a2q walkers=5208 (6572496..6577703) steps=30 mode=0 sched=single-bucket delta_t=0 policy=0
rank=1262 loaded data/1536/stackoverflow_a2q.sub1262.txt (|V_local|=1588  t_range=[27386807,239594223])
rank=1262 loaded routing data/1536/stackoverflow_a2q.rt1262.txt (1031 entries)
rank=1262 added 6 boundary-only nodes from routing
rank=1270/1536 dataset=stackoverflow_a2q walkers=5208 (6614160..6619367) steps=30 mode=0 sched=single-bucket delta_t=0 policy=0
rank=1270 loaded data/1536/stackoverflow_a2q.sub1270.txt (|V_local|=1595  t_range=[37481272,239672329])
rank=1270 loaded routing data/1536/stackoverflow_a2q.rt1270.txt (856 entries)
rank=1276/1536 dataset=stackoverflow_a2q walkers=5208 (6645408..6650615) steps=30 mode=0 sched=single-bucket delta_t=0 policy=0
rank=1276 loaded data/1536/stackoverflow_a2q.sub1276.txt (|V_local|=1595  t_range=[38591682,239656162])
rank=1276 loaded routing data/1536/stackoverflow_a2q.rt1276.txt (969 entries)
rank=532/1536 dataset=stackoverflow_a2q walkers=5208 (2770656..2775863) steps=30 mode=0 sched=single-bucket delta_t=0 policy=0
rank=532 loaded data/1536/stackoverflow_a2q.sub532.txt (|V_local|=1592  t_range=[11903223,239611451])
rank=532 loaded routing data/1536/stackoverflow_a2q.rt532.txt (944 entries)
rank=532 added 3 boundary-only nodes from routing
rank=542/1536 dataset=stackoverflow_a2q walkers=5208 (2822736..2827943) steps=30 mode=0 sched=single-bucket delta_t=0 policy=0
rank=542 loaded data/1536/stackoverflow_a2q.sub542.txt (|V_local|=1622  t_range=[3691781,239662518])
rank=542 loaded routing data/1536/stackoverflow_a2q.rt542.txt (783 entries)
rank=542 added 30 boundary-only nodes from routing
rank=536/1536 dataset=stackoverflow_a2q walkers=5208 (2791488..2796695) steps=30 mode=0 sched=single-bucket delta_t=0 policy=0
rank=536 loaded data/1536/stackoverflow_a2q.sub536.txt (|V_local|=1643  t_range=[3506525,239557064])
rank=536 loaded routing data/1536/stackoverflow_a2q.rt536.txt (879 entries)
rank=536 added 4 boundary-only nodes from routing
rank=545/1536 dataset=stackoverflow_a2q walkers=5208 (2838360..2843567) steps=30 mode=0 sched=single-bucket delta_t=0 policy=0
rank=545 loaded data/1536/stackoverflow_a2q.sub545.txt (|V_local|=1614  t_range=[3052485,239411304])
rank=545 loaded routing data/1536/stackoverflow_a2q.rt545.txt (800 entries)
rank=545 added 36 boundary-only nodes from routing
rank=559/1536 dataset=stackoverflow_a2q walkers=5208 (2911272..2916479) steps=30 mode=0 sched=single-bucket delta_t=0 policy=0
rank=559 loaded data/1536/stackoverflow_a2q.sub559.txt (|V_local|=1650  t_range=[37833707,239565839])
rank=559 loaded routing data/1536/stackoverflow_a2q.rt559.txt (1013 entries)
rank=559 added 1 boundary-only nodes from routing
rank=553/1536 dataset=stackoverflow_a2q walkers=5208 (2880024..2885231) steps=30 mode=0 sched=single-bucket delta_t=0 policy=0
rank=553 loaded data/1536/stackoverflow_a2q.sub553.txt (|V_local|=1606  t_range=[27209468,239548506])
rank=553 loaded routing data/1536/stackoverflow_a2q.rt553.txt (886 entries)
rank=553 added 2 boundary-only nodes from routing
rank=531/1536 dataset=stackoverflow_a2q walkers=5208 (2765448..2770655) steps=30 mode=0 sched=single-bucket delta_t=0 policy=0
rank=531 loaded data/1536/stackoverflow_a2q.sub531.txt (|V_local|=1590  t_range=[4731692,239484556])
rank=531 loaded routing data/1536/stackoverflow_a2q.rt531.txt (1107 entries)
rank=531 added 5 boundary-only nodes from routing
rank=543/1536 dataset=stackoverflow_a2q walkers=5208 (2827944..2833151) steps=30 mode=0 sched=single-bucket delta_t=0 policy=0
rank=543 loaded data/1536/stackoverflow_a2q.sub543.txt (|V_local|=1592  t_range=[4177725,239504108])
rank=543 loaded routing data/1536/stackoverflow_a2q.rt543.txt (1027 entries)
rank=543 added 5 boundary-only nodes from routing
rank=529/1536 dataset=stackoverflow_a2q walkers=5208 (2755032..2760239) steps=30 mode=0 sched=single-bucket delta_t=0 policy=0
rank=529 loaded data/1536/stackoverflow_a2q.sub529.txt (|V_local|=1606  t_range=[3614989,239672554])
rank=529 loaded routing data/1536/stackoverflow_a2q.rt529.txt (996 entries)
rank=529 added 6 boundary-only nodes from routing
rank=533/1536 dataset=stackoverflow_a2q walkers=5208 (2775864..2781071) steps=30 mode=0 sched=single-bucket delta_t=0 policy=0
rank=533 loaded data/1536/stackoverflow_a2q.sub533.txt (|V_local|=1645  t_range=[8248642,239640496])
rank=533 loaded routing data/1536/stackoverflow_a2q.rt533.txt (746 entries)
rank=533 added 5 boundary-only nodes from routing
rank=555/1536 dataset=stackoverflow_a2q walkers=5208 (2890440..2895647) steps=30 mode=0 sched=single-bucket delta_t=0 policy=0
rank=555 loaded data/1536/stackoverflow_a2q.sub555.txt (|V_local|=1584  t_range=[5339393,239480190])
rank=555 loaded routing data/1536/stackoverflow_a2q.rt555.txt (1098 entries)
rank=555 added 4 boundary-only nodes from routing
rank=539/1536 dataset=stackoverflow_a2q walkers=5208 (2807112..2812319) steps=30 mode=0 sched=single-bucket delta_t=0 policy=0
rank=539 loaded data/1536/stackoverflow_a2q.sub539.txt (|V_local|=1610  t_range=[10173222,239565308])
rank=539 loaded routing data/1536/stackoverflow_a2q.rt539.txt (895 entries)
rank=539 added 2 boundary-only nodes from routing
rank=551/1536 dataset=stackoverflow_a2q walkers=5208 (2869608..2874815) steps=30 mode=0 sched=single-bucket delta_t=0 policy=0
rank=551 loaded data/1536/stackoverflow_a2q.sub551.txt (|V_local|=1591  t_range=[20908072,239536860])
rank=551 loaded routing data/1536/stackoverflow_a2q.rt551.txt (1073 entries)
rank=551 added 9 boundary-only nodes from routing
rank=556/1536 dataset=stackoverflow_a2q walkers=5208 (2895648..2900855) steps=30 mode=0 sched=single-bucket delta_t=0 policy=0
rank=556 loaded data/1536/stackoverflow_a2q.sub556.txt (|V_local|=1593  t_range=[25984671,239633500])
rank=556 loaded routing data/1536/stackoverflow_a2q.rt556.txt (996 entries)
rank=556 added 4 boundary-only nodes from routing
rank=563/1536 dataset=stackoverflow_a2q walkers=5208 (2932104..2937311) steps=30 mode=0 sched=single-bucket delta_t=0 policy=0
rank=563 loaded data/1536/stackoverflow_a2q.sub563.txt (|V_local|=1598  t_range=[23309127,239659017])
rank=563 loaded routing data/1536/stackoverflow_a2q.rt563.txt (924 entries)
rank=563 added 1 boundary-only nodes from routing
rank=530/1536 dataset=stackoverflow_a2q walkers=5208 (2760240..2765447) steps=30 mode=0 sched=single-bucket delta_t=0 policy=0
rank=530 loaded data/1536/stackoverflow_a2q.sub530.txt (|V_local|=1592  t_range=[519120,239511707])
rank=530 loaded routing data/1536/stackoverflow_a2q.rt530.txt (1055 entries)
rank=530 added 4 boundary-only nodes from routing
rank=544/1536 dataset=stackoverflow_a2q walkers=5208 (2833152..2838359) steps=30 mode=0 sched=single-bucket delta_t=0 policy=0
rank=544 loaded data/1536/stackoverflow_a2q.sub544.txt (|V_local|=1599  t_range=[4011641,239576166])
rank=544 loaded routing data/1536/stackoverflow_a2q.rt544.txt (882 entries)
rank=544 added 10 boundary-only nodes from routing
rank=535/1536 dataset=stackoverflow_a2q walkers=5208 (2786280..2791487) steps=30 mode=0 sched=single-bucket delta_t=0 policy=0
rank=535 loaded data/1536/stackoverflow_a2q.sub535.txt (|V_local|=1587  t_range=[4097948,239633928])
rank=535 loaded routing data/1536/stackoverflow_a2q.rt535.txt (1115 entries)
rank=535 added 6 boundary-only nodes from routing
rank=575/1536 dataset=stackoverflow_a2q walkers=5208 (2994600..2999807) steps=30 mode=0 sched=single-bucket delta_t=0 policy=0
rank=575 loaded data/1536/stackoverflow_a2q.sub575.txt (|V_local|=1651  t_range=[17534765,239556385])
rank=575 loaded routing data/1536/stackoverflow_a2q.rt575.txt (833 entries)
rank=575 added 1 boundary-only nodes from routing
rank=550/1536 dataset=stackoverflow_a2q walkers=5208 (2864400..2869607) steps=30 mode=0 sched=single-bucket delta_t=0 policy=0
rank=550 loaded data/1536/stackoverflow_a2q.sub550.txt (|V_local|=1585  t_range=[25461711,239576183])
rank=550 loaded routing data/1536/stackoverflow_a2q.rt550.txt (987 entries)
rank=550 added 12 boundary-only nodes from routing
rank=528/1536 dataset=stackoverflow_a2q walkers=5208 (2749824..2755031) steps=30 mode=0 sched=single-bucket delta_t=0 policy=0
rank=528 loaded data/1536/stackoverflow_a2q.sub528.txt (|V_local|=1589  t_range=[3572759,239603897])
rank=528 loaded routing data/1536/stackoverflow_a2q.rt528.txt (1077 entries)
rank=528 added 4 boundary-only nodes from routing
rank=534/1536 dataset=stackoverflow_a2q walkers=5208 (2781072..2786279) steps=30 mode=0 sched=single-bucket delta_t=0 policy=0
rank=534 loaded data/1536/stackoverflow_a2q.sub534.txt (|V_local|=1582  t_range=[13449933,239567004])
rank=534 loaded routing data/1536/stackoverflow_a2q.rt534.txt (1164 entries)
rank=534 added 15 boundary-only nodes from routing
rank=567/1536 dataset=stackoverflow_a2q walkers=5208 (2952936..2958143) steps=30 mode=0 sched=single-bucket delta_t=0 policy=0
rank=567 loaded data/1536/stackoverflow_a2q.sub567.txt (|V_local|=1584  t_range=[2843568,239657120])
rank=567 loaded routing data/1536/stackoverflow_a2q.rt567.txt (1126 entries)
rank=567 added 2 boundary-only nodes from routing
rank=241/1536 dataset=stackoverflow_a2q walkers=5208 (1255128..1260335) steps=30 mode=0 sched=single-bucket delta_t=0 policy=0
rank=241 loaded data/1536/stackoverflow_a2q.sub241.txt (|V_local|=1597  t_range=[3366794,239568218])
rank=241 loaded routing data/1536/stackoverflow_a2q.rt241.txt (1037 entries)
rank=241 added 1 boundary-only nodes from routing
rank=245/1536 dataset=stackoverflow_a2q walkers=5208 (1275960..1281167) steps=30 mode=0 sched=single-bucket delta_t=0 policy=0
rank=245 loaded data/1536/stackoverflow_a2q.sub245.txt (|V_local|=1652  t_range=[48815816,239680414])
rank=245 loaded routing data/1536/stackoverflow_a2q.rt245.txt (596 entries)
rank=260/1536 dataset=stackoverflow_a2q walkers=5208 (1354080..1359287) steps=30 mode=0 sched=single-bucket delta_t=0 policy=0
rank=260 loaded data/1536/stackoverflow_a2q.sub260.txt (|V_local|=1595  t_range=[10117608,239642250])
rank=260 loaded routing data/1536/stackoverflow_a2q.rt260.txt (1068 entries)
rank=243/1536 dataset=stackoverflow_a2q walkers=5208 (1265544..1270751) steps=30 mode=0 sched=single-bucket delta_t=0 policy=0
rank=243 loaded data/1536/stackoverflow_a2q.sub243.txt (|V_local|=1590  t_range=[8964262,239616442])
rank=243 loaded routing data/1536/stackoverflow_a2q.rt243.txt (1118 entries)
rank=243 added 4 boundary-only nodes from routing
rank=259/1536 dataset=stackoverflow_a2q walkers=5208 (1348872..1354079) steps=30 mode=0 sched=single-bucket delta_t=0 policy=0
rank=259 loaded data/1536/stackoverflow_a2q.sub259.txt (|V_local|=1588  t_range=[5539165,239637756])
rank=259 loaded routing data/1536/stackoverflow_a2q.rt259.txt (1070 entries)
rank=259 added 5 boundary-only nodes from routing
rank=250/1536 dataset=stackoverflow_a2q walkers=5208 (1302000..1307207) steps=30 mode=0 sched=single-bucket delta_t=0 policy=0
rank=250 loaded data/1536/stackoverflow_a2q.sub250.txt (|V_local|=1589  t_range=[3951453,239669192])
rank=250 loaded routing data/1536/stackoverflow_a2q.rt250.txt (1062 entries)
rank=250 added 3 boundary-only nodes from routing
rank=255/1536 dataset=stackoverflow_a2q walkers=5208 (1328040..1333247) steps=30 mode=0 sched=single-bucket delta_t=0 policy=0
rank=255 loaded data/1536/stackoverflow_a2q.sub255.txt (|V_local|=1594  t_range=[12077101,239688791])
rank=255 loaded routing data/1536/stackoverflow_a2q.rt255.txt (1049 entries)
rank=255 added 1 boundary-only nodes from routing
rank=272/1536 dataset=stackoverflow_a2q walkers=5208 (1416576..1421783) steps=30 mode=0 sched=single-bucket delta_t=0 policy=0
rank=272 loaded data/1536/stackoverflow_a2q.sub272.txt (|V_local|=1584  t_range=[24699852,239532220])
rank=272 loaded routing data/1536/stackoverflow_a2q.rt272.txt (1073 entries)
rank=272 added 5 boundary-only nodes from routing
rank=240/1536 dataset=stackoverflow_a2q walkers=5208 (1249920..1255127) steps=30 mode=0 sched=single-bucket delta_t=0 policy=0
rank=240 loaded data/1536/stackoverflow_a2q.sub240.txt (|V_local|=1596  t_range=[5304654,239578428])
rank=240 loaded routing data/1536/stackoverflow_a2q.rt240.txt (1035 entries)
rank=240 added 1 boundary-only nodes from routing
rank=246/1536 dataset=stackoverflow_a2q walkers=5208 (1281168..1286375) steps=30 mode=0 sched=single-bucket delta_t=0 policy=0
rank=246 loaded data/1536/stackoverflow_a2q.sub246.txt (|V_local|=1593  t_range=[256708,239645036])
rank=246 loaded routing data/1536/stackoverflow_a2q.rt246.txt (957 entries)
rank=242/1536 dataset=stackoverflow_a2q walkers=5208 (1260336..1265543) steps=30 mode=0 sched=single-bucket delta_t=0 policy=0
rank=242 loaded data/1536/stackoverflow_a2q.sub242.txt (|V_local|=1590  t_range=[2728206,239550158])
rank=242 loaded routing data/1536/stackoverflow_a2q.rt242.txt (1075 entries)
rank=242 added 3 boundary-only nodes from routing
rank=258/1536 dataset=stackoverflow_a2q walkers=5208 (1343664..1348871) steps=30 mode=0 sched=single-bucket delta_t=0 policy=0
rank=258 loaded data/1536/stackoverflow_a2q.sub258.txt (|V_local|=1592  t_range=[3999382,239670978])
rank=258 loaded routing data/1536/stackoverflow_a2q.rt258.txt (1054 entries)
rank=258 added 1 boundary-only nodes from routing
rank=275/1536 dataset=stackoverflow_a2q walkers=5208 (1432200..1437407) steps=30 mode=0 sched=single-bucket delta_t=0 policy=0
rank=275 loaded data/1536/stackoverflow_a2q.sub275.txt (|V_local|=1593  t_range=[1192947,239661607])
rank=275 loaded routing data/1536/stackoverflow_a2q.rt275.txt (1096 entries)
rank=276/1536 dataset=stackoverflow_a2q walkers=5208 (1437408..1442615) steps=30 mode=0 sched=single-bucket delta_t=0 policy=0
rank=276 loaded data/1536/stackoverflow_a2q.sub276.txt (|V_local|=1594  t_range=[19506892,239667258])
rank=276 loaded routing data/1536/stackoverflow_a2q.rt276.txt (1046 entries)
rank=276 added 2 boundary-only nodes from routing
rank=286/1536 dataset=stackoverflow_a2q walkers=5208 (1489488..1494695) steps=30 mode=0 sched=single-bucket delta_t=0 policy=0
rank=286 loaded data/1536/stackoverflow_a2q.sub286.txt (|V_local|=1593  t_range=[3112648,239563531])
rank=286 loaded routing data/1536/stackoverflow_a2q.rt286.txt (1046 entries)
rank=286 added 1 boundary-only nodes from routing
rank=249/1536 dataset=stackoverflow_a2q walkers=5208 (1296792..1301999) steps=30 mode=0 sched=single-bucket delta_t=0 policy=0
rank=249 loaded data/1536/stackoverflow_a2q.sub249.txt (|V_local|=1591  t_range=[3012777,239670366])
rank=249 loaded routing data/1536/stackoverflow_a2q.rt249.txt (971 entries)
rank=249 added 2 boundary-only nodes from routing
rank=285/1536 dataset=stackoverflow_a2q walkers=5208 (1484280..1489487) steps=30 mode=0 sched=single-bucket delta_t=0 policy=0
rank=285 loaded data/1536/stackoverflow_a2q.sub285.txt (|V_local|=1585  t_range=[18766536,239619015])
rank=285 loaded routing data/1536/stackoverflow_a2q.rt285.txt (1104 entries)
rank=285 added 7 boundary-only nodes from routing
rank=263/1536 dataset=stackoverflow_a2q walkers=5208 (1369704..1374911) steps=30 mode=0 sched=single-bucket delta_t=0 policy=0
rank=263 loaded data/1536/stackoverflow_a2q.sub263.txt (|V_local|=1593  t_range=[15691132,239592945])
rank=263 loaded routing data/1536/stackoverflow_a2q.rt263.txt (1127 entries)
rank=263 added 3 boundary-only nodes from routing
rank=254/1536 dataset=stackoverflow_a2q walkers=5208 (1322832..1328039) steps=30 mode=0 sched=single-bucket delta_t=0 policy=0
rank=254 loaded data/1536/stackoverflow_a2q.sub254.txt (|V_local|=1586  t_range=[3641178,239690397])
rank=254 loaded routing data/1536/stackoverflow_a2q.rt254.txt (1025 entries)
rank=254 added 7 boundary-only nodes from routing
rank=253/1536 dataset=stackoverflow_a2q walkers=5208 (1317624..1322831) steps=30 mode=0 sched=single-bucket delta_t=0 policy=0
rank=253 loaded data/1536/stackoverflow_a2q.sub253.txt (|V_local|=1601  t_range=[14518109,239517596])
rank=253 loaded routing data/1536/stackoverflow_a2q.rt253.txt (786 entries)
rank=284/1536 dataset=stackoverflow_a2q walkers=5208 (1479072..1484279) steps=30 mode=0 sched=single-bucket delta_t=0 policy=0
rank=284 loaded data/1536/stackoverflow_a2q.sub284.txt (|V_local|=1651  t_range=[34137237,239625188])
rank=284 loaded routing data/1536/stackoverflow_a2q.rt284.txt (871 entries)
rank=261/1536 dataset=stackoverflow_a2q walkers=5208 (1359288..1364495) steps=30 mode=0 sched=single-bucket delta_t=0 policy=0
rank=261 loaded data/1536/stackoverflow_a2q.sub261.txt (|V_local|=1596  t_range=[16228652,239660566])
rank=261 loaded routing data/1536/stackoverflow_a2q.rt261.txt (1061 entries)
rank=280/1536 dataset=stackoverflow_a2q walkers=5208 (1458240..1463447) steps=30 mode=0 sched=single-bucket delta_t=0 policy=0
rank=280 loaded data/1536/stackoverflow_a2q.sub280.txt (|V_local|=1585  t_range=[9569074,239674113])
rank=280 loaded routing data/1536/stackoverflow_a2q.rt280.txt (1048 entries)
rank=280 added 7 boundary-only nodes from routing
rank=262/1536 dataset=stackoverflow_a2q walkers=5208 (1364496..1369703) steps=30 mode=0 sched=single-bucket delta_t=0 policy=0
rank=262 loaded data/1536/stackoverflow_a2q.sub262.txt (|V_local|=1596  t_range=[1239190,239611981])
rank=262 loaded routing data/1536/stackoverflow_a2q.rt262.txt (1033 entries)
rank=262 added 1 boundary-only nodes from routing
rank=201/1536 dataset=stackoverflow_a2q walkers=5208 (1046808..1052015) steps=30 mode=0 sched=single-bucket delta_t=0 policy=0
rank=201 loaded data/1536/stackoverflow_a2q.sub201.txt (|V_local|=1570  t_range=[11479848,239613975])
rank=201 loaded routing data/1536/stackoverflow_a2q.rt201.txt (1088 entries)
rank=201 added 22 boundary-only nodes from routing
rank=192/1536 dataset=stackoverflow_a2q walkers=5208 (999936..1005143) steps=30 mode=0 sched=single-bucket delta_t=0 policy=0
rank=192 loaded data/1536/stackoverflow_a2q.sub192.txt (|V_local|=1547  t_range=[5222373,239618739])
rank=192 loaded routing data/1536/stackoverflow_a2q.rt192.txt (1116 entries)
rank=192 added 43 boundary-only nodes from routing
rank=204/1536 dataset=stackoverflow_a2q walkers=5208 (1062432..1067639) steps=30 mode=0 sched=single-bucket delta_t=0 policy=0
rank=204 loaded data/1536/stackoverflow_a2q.sub204.txt (|V_local|=1595  t_range=[4777164,239576938])
rank=204 loaded routing data/1536/stackoverflow_a2q.rt204.txt (1070 entries)
rank=199/1536 dataset=stackoverflow_a2q walkers=5208 (1036392..1041599) steps=30 mode=0 sched=single-bucket delta_t=0 policy=0
rank=199 loaded data/1536/stackoverflow_a2q.sub199.txt (|V_local|=1594  t_range=[3848820,239678624])
rank=199 loaded routing data/1536/stackoverflow_a2q.rt199.txt (904 entries)
rank=239/1536 dataset=stackoverflow_a2q walkers=5208 (1244712..1249919) steps=30 mode=0 sched=single-bucket delta_t=0 policy=0
rank=239 loaded data/1536/stackoverflow_a2q.sub239.txt (|V_local|=1597  t_range=[1187939,239689027])
rank=239 loaded routing data/1536/stackoverflow_a2q.rt239.txt (1058 entries)
rank=239 added 1 boundary-only nodes from routing
rank=198/1536 dataset=stackoverflow_a2q walkers=5208 (1031184..1036391) steps=30 mode=0 sched=single-bucket delta_t=0 policy=0
rank=198 loaded data/1536/stackoverflow_a2q.sub198.txt (|V_local|=1318  t_range=[7069804,239605521])
rank=198 loaded routing data/1536/stackoverflow_a2q.rt198.txt (1136 entries)
rank=198 added 273 boundary-only nodes from routing
rank=202/1536 dataset=stackoverflow_a2q walkers=5208 (1052016..1057223) steps=30 mode=0 sched=single-bucket delta_t=0 policy=0
rank=202 loaded data/1536/stackoverflow_a2q.sub202.txt (|V_local|=1596  t_range=[32388307,239670025])
rank=202 loaded routing data/1536/stackoverflow_a2q.rt202.txt (1099 entries)
rank=202 added 3 boundary-only nodes from routing
rank=217/1536 dataset=stackoverflow_a2q walkers=5208 (1130136..1135343) steps=30 mode=0 sched=single-bucket delta_t=0 policy=0
rank=217 loaded data/1536/stackoverflow_a2q.sub217.txt (|V_local|=1593  t_range=[2174466,239651755])
rank=217 loaded routing data/1536/stackoverflow_a2q.rt217.txt (819 entries)
rank=217 added 2 boundary-only nodes from routing
rank=194/1536 dataset=stackoverflow_a2q walkers=5208 (1010352..1015559) steps=30 mode=0 sched=single-bucket delta_t=0 policy=0
rank=194 loaded data/1536/stackoverflow_a2q.sub194.txt (|V_local|=1649  t_range=[8378408,239413786])
rank=194 loaded routing data/1536/stackoverflow_a2q.rt194.txt (667 entries)
rank=194 added 3 boundary-only nodes from routing
rank=218/1536 dataset=stackoverflow_a2q walkers=5208 (1135344..1140551) steps=30 mode=0 sched=single-bucket delta_t=0 policy=0
rank=218 loaded data/1536/stackoverflow_a2q.sub218.txt (|V_local|=1588  t_range=[12032189,239569015])
rank=218 loaded routing data/1536/stackoverflow_a2q.rt218.txt (1038 entries)
rank=218 added 2 boundary-only nodes from routing
rank=210/1536 dataset=stackoverflow_a2q walkers=5208 (1093680..1098887) steps=30 mode=0 sched=single-bucket delta_t=0 policy=0
rank=210 loaded data/1536/stackoverflow_a2q.sub210.txt (|V_local|=1593  t_range=[2343676,239685754])
rank=210 loaded routing data/1536/stackoverflow_a2q.rt210.txt (1057 entries)
rank=209/1536 dataset=stackoverflow_a2q walkers=5208 (1088472..1093679) steps=30 mode=0 sched=single-bucket delta_t=0 policy=0
rank=209 loaded data/1536/stackoverflow_a2q.sub209.txt (|V_local|=1587  t_range=[4838300,239638019])
rank=209 loaded routing data/1536/stackoverflow_a2q.rt209.txt (1066 entries)
rank=209 added 8 boundary-only nodes from routing
rank=197/1536 dataset=stackoverflow_a2q walkers=5208 (1025976..1031183) steps=30 mode=0 sched=single-bucket delta_t=0 policy=0
rank=197 loaded data/1536/stackoverflow_a2q.sub197.txt (|V_local|=1652  t_range=[14579176,239676923])
rank=197 loaded routing data/1536/stackoverflow_a2q.rt197.txt (525 entries)
rank=206/1536 dataset=stackoverflow_a2q walkers=5208 (1072848..1078055) steps=30 mode=0 sched=single-bucket delta_t=0 policy=0
rank=206 loaded data/1536/stackoverflow_a2q.sub206.txt (|V_local|=1596  t_range=[2762995,239587098])
rank=206 loaded routing data/1536/stackoverflow_a2q.rt206.txt (953 entries)
rank=206 added 1 boundary-only nodes from routing
rank=205/1536 dataset=stackoverflow_a2q walkers=5208 (1067640..1072847) steps=30 mode=0 sched=single-bucket delta_t=0 policy=0
rank=205 loaded data/1536/stackoverflow_a2q.sub205.txt (|V_local|=1594  t_range=[11469468,239589950])
rank=205 loaded routing data/1536/stackoverflow_a2q.rt205.txt (1089 entries)
rank=205 added 2 boundary-only nodes from routing
rank=193/1536 dataset=stackoverflow_a2q walkers=5208 (1005144..1010351) steps=30 mode=0 sched=single-bucket delta_t=0 policy=0
rank=193 loaded data/1536/stackoverflow_a2q.sub193.txt (|V_local|=1645  t_range=[702648,239669271])
rank=193 loaded routing data/1536/stackoverflow_a2q.rt193.txt (643 entries)
rank=193 added 7 boundary-only nodes from routing
rank=226/1536 dataset=stackoverflow_a2q walkers=5208 (1177008..1182215) steps=30 mode=0 sched=single-bucket delta_t=0 policy=0
rank=226 loaded data/1536/stackoverflow_a2q.sub226.txt (|V_local|=1585  t_range=[4034802,239668118])
rank=226 loaded routing data/1536/stackoverflow_a2q.rt226.txt (985 entries)
rank=226 added 8 boundary-only nodes from routing
rank=214/1536 dataset=stackoverflow_a2q walkers=5208 (1114512..1119719) steps=30 mode=0 sched=single-bucket delta_t=0 policy=0
rank=214 loaded data/1536/stackoverflow_a2q.sub214.txt (|V_local|=1589  t_range=[1270856,239673671])
rank=214 loaded routing data/1536/stackoverflow_a2q.rt214.txt (1035 entries)
rank=214 added 2 boundary-only nodes from routing
rank=213/1536 dataset=stackoverflow_a2q walkers=5208 (1109304..1114511) steps=30 mode=0 sched=single-bucket delta_t=0 policy=0
rank=213 loaded data/1536/stackoverflow_a2q.sub213.txt (|V_local|=1589  t_range=[4287356,239677667])
rank=213 loaded routing data/1536/stackoverflow_a2q.rt213.txt (1102 entries)
rank=213 added 4 boundary-only nodes from routing
rank=200/1536 dataset=stackoverflow_a2q walkers=5208 (1041600..1046807) steps=30 mode=0 sched=single-bucket delta_t=0 policy=0
rank=200 loaded data/1536/stackoverflow_a2q.sub200.txt (|V_local|=1593  t_range=[5349394,239679295])
rank=200 loaded routing data/1536/stackoverflow_a2q.rt200.txt (1074 entries)
rank=200 added 2 boundary-only nodes from routing
rank=221/1536 dataset=stackoverflow_a2q walkers=5208 (1150968..1156175) steps=30 mode=0 sched=single-bucket delta_t=0 policy=0
rank=221 loaded data/1536/stackoverflow_a2q.sub221.txt (|V_local|=1592  t_range=[5927150,239636485])
rank=221 loaded routing data/1536/stackoverflow_a2q.rt221.txt (1005 entries)
rank=221 added 1 boundary-only nodes from routing
rank=229/1536 dataset=stackoverflow_a2q walkers=5208 (1192632..1197839) steps=30 mode=0 sched=single-bucket delta_t=0 policy=0
rank=229 loaded data/1536/stackoverflow_a2q.sub229.txt (|V_local|=1648  t_range=[4289513,239511806])
rank=229 loaded routing data/1536/stackoverflow_a2q.rt229.txt (831 entries)
rank=196/1536 dataset=stackoverflow_a2q walkers=5208 (1020768..1025975) steps=30 mode=0 sched=single-bucket delta_t=0 policy=0
rank=196 loaded data/1536/stackoverflow_a2q.sub196.txt (|V_local|=1502  t_range=[11315085,239663793])
rank=196 loaded routing data/1536/stackoverflow_a2q.rt196.txt (1060 entries)
rank=196 added 86 boundary-only nodes from routing
rank=203/1536 dataset=stackoverflow_a2q walkers=5208 (1057224..1062431) steps=30 mode=0 sched=single-bucket delta_t=0 policy=0
rank=203 loaded data/1536/stackoverflow_a2q.sub203.txt (|V_local|=1583  t_range=[4108431,239539684])
rank=481/1536 dataset=stackoverflow_a2q walkers=5208 (2505048..2510255) steps=30 mode=0 sched=single-bucket delta_t=0 policy=0
rank=481 loaded data/1536/stackoverflow_a2q.sub481.txt (|V_local|=1596  t_range=[19962891,239371220])
rank=481 loaded routing data/1536/stackoverflow_a2q.rt481.txt (1025 entries)
rank=481 added 2 boundary-only nodes from routing
rank=501/1536 dataset=stackoverflow_a2q walkers=5208 (2609208..2614415) steps=30 mode=0 sched=single-bucket delta_t=0 policy=0
rank=501 loaded data/1536/stackoverflow_a2q.sub501.txt (|V_local|=1592  t_range=[4061647,239697762])
rank=501 loaded routing data/1536/stackoverflow_a2q.rt501.txt (1044 entries)
rank=501 added 1 boundary-only nodes from routing
rank=504/1536 dataset=stackoverflow_a2q walkers=5208 (2624832..2630039) steps=30 mode=0 sched=single-bucket delta_t=0 policy=0
rank=504 loaded data/1536/stackoverflow_a2q.sub504.txt (|V_local|=1581  t_range=[3337708,239683061])
rank=504 loaded routing data/1536/stackoverflow_a2q.rt504.txt (981 entries)
rank=504 added 15 boundary-only nodes from routing
rank=512/1536 dataset=stackoverflow_a2q walkers=5208 (2666496..2671703) steps=30 mode=0 sched=single-bucket delta_t=0 policy=0
rank=512 loaded data/1536/stackoverflow_a2q.sub512.txt (|V_local|=1581  t_range=[433363,239670339])
rank=512 loaded routing data/1536/stackoverflow_a2q.rt512.txt (1106 entries)
rank=512 added 13 boundary-only nodes from routing
rank=485/1536 dataset=stackoverflow_a2q walkers=5208 (2525880..2531087) steps=30 mode=0 sched=single-bucket delta_t=0 policy=0
rank=485 loaded data/1536/stackoverflow_a2q.sub485.txt (|V_local|=1649  t_range=[3987888,239672437])
rank=485 loaded routing data/1536/stackoverflow_a2q.rt485.txt (932 entries)
rank=485 added 1 boundary-only nodes from routing
rank=509/1536 dataset=stackoverflow_a2q walkers=5208 (2650872..2656079) steps=30 mode=0 sched=single-bucket delta_t=0 policy=0
rank=509 loaded data/1536/stackoverflow_a2q.sub509.txt (|V_local|=1649  t_range=[41488672,239571025])
rank=509 loaded routing data/1536/stackoverflow_a2q.rt509.txt (649 entries)
rank=509 added 3 boundary-only nodes from routing
rank=500/1536 dataset=stackoverflow_a2q walkers=5208 (2604000..2609207) steps=30 mode=0 sched=single-bucket delta_t=0 policy=0
rank=500 loaded data/1536/stackoverflow_a2q.sub500.txt (|V_local|=1591  t_range=[4142423,239486728])
rank=500 loaded routing data/1536/stackoverflow_a2q.rt500.txt (966 entries)
rank=526/1536 dataset=stackoverflow_a2q walkers=5208 (2739408..2744615) steps=30 mode=0 sched=single-bucket delta_t=0 policy=0
rank=526 loaded data/1536/stackoverflow_a2q.sub526.txt (|V_local|=1589  t_range=[1703424,239626589])
rank=526 loaded routing data/1536/stackoverflow_a2q.rt526.txt (1036 entries)
rank=526 added 2 boundary-only nodes from routing
rank=527/1536 dataset=stackoverflow_a2q walkers=5208 (2744616..2749823) steps=30 mode=0 sched=single-bucket delta_t=0 policy=0
rank=527 loaded data/1536/stackoverflow_a2q.sub527.txt (|V_local|=1585  t_range=[1777016,239673997])
rank=527 loaded routing data/1536/stackoverflow_a2q.rt527.txt (1075 entries)
rank=527 added 7 boundary-only nodes from routing
rank=482/1536 dataset=stackoverflow_a2q walkers=5208 (2510256..2515463) steps=30 mode=0 sched=single-bucket delta_t=0 policy=0
rank=482 loaded data/1536/stackoverflow_a2q.sub482.txt (|V_local|=1641  t_range=[41784693,239667664])
rank=482 loaded routing data/1536/stackoverflow_a2q.rt482.txt (986 entries)
rank=483/1536 dataset=stackoverflow_a2q walkers=5208 (2515464..2520671) steps=30 mode=0 sched=single-bucket delta_t=0 policy=0
rank=483 loaded data/1536/stackoverflow_a2q.sub483.txt (|V_local|=1589  t_range=[20986058,239657662])
rank=483 loaded routing data/1536/stackoverflow_a2q.rt483.txt (1044 entries)
rank=483 added 3 boundary-only nodes from routing
rank=493/1536 dataset=stackoverflow_a2q walkers=5208 (2567544..2572751) steps=30 mode=0 sched=single-bucket delta_t=0 policy=0
rank=493 loaded data/1536/stackoverflow_a2q.sub493.txt (|V_local|=1650  t_range=[660569,239416934])
rank=493 loaded routing data/1536/stackoverflow_a2q.rt493.txt (692 entries)
rank=493 added 2 boundary-only nodes from routing
rank=486/1536 dataset=stackoverflow_a2q walkers=5208 (2531088..2536295) steps=30 mode=0 sched=single-bucket delta_t=0 policy=0
rank=486 loaded data/1536/stackoverflow_a2q.sub486.txt (|V_local|=1589  t_range=[4092951,239694294])
rank=486 loaded routing data/1536/stackoverflow_a2q.rt486.txt (907 entries)
rank=486 added 4 boundary-only nodes from routing
rank=484/1536 dataset=stackoverflow_a2q walkers=5208 (2520672..2525879) steps=30 mode=0 sched=single-bucket delta_t=0 policy=0
rank=484 loaded data/1536/stackoverflow_a2q.sub484.txt (|V_local|=1595  t_range=[3943838,239611772])
rank=484 loaded routing data/1536/stackoverflow_a2q.rt484.txt (1046 entries)
rank=484 added 3 boundary-only nodes from routing
rank=480/1536 dataset=stackoverflow_a2q walkers=5208 (2499840..2505047) steps=30 mode=0 sched=single-bucket delta_t=0 policy=0
rank=480 loaded data/1536/stackoverflow_a2q.sub480.txt (|V_local|=1594  t_range=[2220127,239540842])
rank=480 loaded routing data/1536/stackoverflow_a2q.rt480.txt (983 entries)
rank=488/1536 dataset=stackoverflow_a2q walkers=5208 (2541504..2546711) steps=30 mode=0 sched=single-bucket delta_t=0 policy=0
rank=488 loaded data/1536/stackoverflow_a2q.sub488.txt (|V_local|=1613  t_range=[11642546,239480334])
rank=488 loaded routing data/1536/stackoverflow_a2q.rt488.txt (931 entries)
rank=488 added 3 boundary-only nodes from routing
rank=505/1536 dataset=stackoverflow_a2q walkers=5208 (2630040..2635247) steps=30 mode=0 sched=single-bucket delta_t=0 policy=0
rank=505 loaded data/1536/stackoverflow_a2q.sub505.txt (|V_local|=1582  t_range=[7756094,239680527])
rank=505 loaded routing data/1536/stackoverflow_a2q.rt505.txt (1049 entries)
rank=505 added 16 boundary-only nodes from routing
rank=513/1536 dataset=stackoverflow_a2q walkers=5208 (2671704..2676911) steps=30 mode=0 sched=single-bucket delta_t=0 policy=0
rank=513 loaded data/1536/stackoverflow_a2q.sub513.txt (|V_local|=1590  t_range=[7329389,239409329])
rank=513 loaded routing data/1536/stackoverflow_a2q.rt513.txt (1123 entries)
rank=513 added 2 boundary-only nodes from routing
rank=496/1536 dataset=stackoverflow_a2q walkers=5208 (2583168..2588375) steps=30 mode=0 sched=single-bucket delta_t=0 policy=0
rank=496 loaded data/1536/stackoverflow_a2q.sub496.txt (|V_local|=1650  t_range=[2180347,239570565])
rank=496 loaded routing data/1536/stackoverflow_a2q.rt496.txt (629 entries)
rank=496 added 2 boundary-only nodes from routing
rank=514/1536 dataset=stackoverflow_a2q walkers=5208 (2676912..2682119) steps=30 mode=0 sched=single-bucket delta_t=0 policy=0
rank=514 loaded data/1536/stackoverflow_a2q.sub514.txt (|V_local|=1642  t_range=[11930490,239514162])
rank=514 loaded routing data/1536/stackoverflow_a2q.rt514.txt (935 entries)
rank=514 added 8 boundary-only nodes from routing
rank=491/1536 dataset=stackoverflow_a2q walkers=5208 (2557128..2562335) steps=30 mode=0 sched=single-bucket delta_t=0 policy=0
rank=491 loaded data/1536/stackoverflow_a2q.sub491.txt (|V_local|=1594  t_range=[5544529,239681502])
rank=491 loaded routing data/1536/stackoverflow_a2q.rt491.txt (988 entries)
rank=491 added 1 boundary-only nodes from routing
rank=495/1536 dataset=stackoverflow_a2q walkers=5208 (2577960..2583167) steps=30 mode=0 sched=single-bucket delta_t=0 policy=0
rank=495 loaded data/1536/stackoverflow_a2q.sub495.txt (|V_local|=1585  t_range=[3516396,239668861])
rank=495 loaded routing data/1536/stackoverflow_a2q.rt495.txt (1043 entries)
rank=495 added 1 boundary-only nodes from routing
rank=497/1536 dataset=stackoverflow_a2q walkers=5208 (2588376..2593583) steps=30 mode=0 sched=single-bucket delta_t=0 policy=0
rank=497 loaded data/1536/stackoverflow_a2q.sub497.txt (|V_local|=1596  t_range=[4047001,239458010])
rank=497 loaded routing data/1536/stackoverflow_a2q.rt497.txt (970 entries)
rank=497 added 7 boundary-only nodes from routing
rank=517/1536 dataset=stackoverflow_a2q walkers=5208 (2692536..2697743) steps=30 mode=0 sched=single-bucket delta_t=0 policy=0
rank=870/1536 dataset=stackoverflow_a2q walkers=5208 (4530960..4536167) steps=30 mode=0 sched=single-bucket delta_t=0 policy=0
rank=870 loaded data/1536/stackoverflow_a2q.sub870.txt (|V_local|=1598  t_range=[14260655,239587407])
rank=870 loaded routing data/1536/stackoverflow_a2q.rt870.txt (818 entries)
rank=910/1536 dataset=stackoverflow_a2q walkers=5208 (4739280..4744487) steps=30 mode=0 sched=single-bucket delta_t=0 policy=0
rank=910 loaded data/1536/stackoverflow_a2q.sub910.txt (|V_local|=1649  t_range=[18632170,239659236])
rank=910 loaded routing data/1536/stackoverflow_a2q.rt910.txt (917 entries)
rank=910 added 3 boundary-only nodes from routing
rank=898/1536 dataset=stackoverflow_a2q walkers=5208 (4676784..4681991) steps=30 mode=0 sched=single-bucket delta_t=0 policy=0
rank=898 loaded data/1536/stackoverflow_a2q.sub898.txt (|V_local|=1647  t_range=[46685102,239674462])
rank=898 loaded routing data/1536/stackoverflow_a2q.rt898.txt (813 entries)
rank=898 added 4 boundary-only nodes from routing
rank=867/1536 dataset=stackoverflow_a2q walkers=5208 (4515336..4520543) steps=30 mode=0 sched=single-bucket delta_t=0 policy=0
rank=867 loaded data/1536/stackoverflow_a2q.sub867.txt (|V_local|=1586  t_range=[8534698,239369223])
rank=867 loaded routing data/1536/stackoverflow_a2q.rt867.txt (1046 entries)
rank=867 added 5 boundary-only nodes from routing
rank=876/1536 dataset=stackoverflow_a2q walkers=5208 (4562208..4567415) steps=30 mode=0 sched=single-bucket delta_t=0 policy=0
rank=876 loaded data/1536/stackoverflow_a2q.sub876.txt (|V_local|=1588  t_range=[8393948,239695278])
rank=876 loaded routing data/1536/stackoverflow_a2q.rt876.txt (1027 entries)
rank=876 added 4 boundary-only nodes from routing
rank=874/1536 dataset=stackoverflow_a2q walkers=5208 (4551792..4556999) steps=30 mode=0 sched=single-bucket delta_t=0 policy=0
rank=874 loaded data/1536/stackoverflow_a2q.sub874.txt (|V_local|=1591  t_range=[4401434,239679250])
rank=874 loaded routing data/1536/stackoverflow_a2q.rt874.txt (941 entries)
rank=874 added 1 boundary-only nodes from routing
rank=902/1536 dataset=stackoverflow_a2q walkers=5208 (4697616..4702823) steps=30 mode=0 sched=single-bucket delta_t=0 policy=0
rank=902 loaded data/1536/stackoverflow_a2q.sub902.txt (|V_local|=1649  t_range=[14330577,239654151])
rank=902 loaded routing data/1536/stackoverflow_a2q.rt902.txt (595 entries)
rank=902 added 3 boundary-only nodes from routing
rank=864/1536 dataset=stackoverflow_a2q walkers=5208 (4499712..4504919) steps=30 mode=0 sched=single-bucket delta_t=0 policy=0
rank=864 loaded data/1536/stackoverflow_a2q.sub864.txt (|V_local|=1592  t_range=[23759410,239591693])
rank=864 loaded routing data/1536/stackoverflow_a2q.rt864.txt (986 entries)
rank=864 added 3 boundary-only nodes from routing
rank=866/1536 dataset=stackoverflow_a2q walkers=5208 (4510128..4515335) steps=30 mode=0 sched=single-bucket delta_t=0 policy=0
rank=866 loaded data/1536/stackoverflow_a2q.sub866.txt (|V_local|=1590  t_range=[10335879,239662517])
rank=866 loaded routing data/1536/stackoverflow_a2q.rt866.txt (874 entries)
rank=868/1536 dataset=stackoverflow_a2q walkers=5208 (4520544..4525751) steps=30 mode=0 sched=single-bucket delta_t=0 policy=0
rank=868 loaded data/1536/stackoverflow_a2q.sub868.txt (|V_local|=1610  t_range=[4810504,239576636])
rank=868 loaded routing data/1536/stackoverflow_a2q.rt868.txt (892 entries)
rank=871/1536 dataset=stackoverflow_a2q walkers=5208 (4536168..4541375) steps=30 mode=0 sched=single-bucket delta_t=0 policy=0
rank=871 loaded data/1536/stackoverflow_a2q.sub871.txt (|V_local|=1651  t_range=[35738120,239675670])
rank=871 loaded routing data/1536/stackoverflow_a2q.rt871.txt (878 entries)
rank=871 added 1 boundary-only nodes from routing
rank=872/1536 dataset=stackoverflow_a2q walkers=5208 (4541376..4546583) steps=30 mode=0 sched=single-bucket delta_t=0 policy=0
rank=872 loaded data/1536/stackoverflow_a2q.sub872.txt (|V_local|=1588  t_range=[38959639,239653646])
rank=872 loaded routing data/1536/stackoverflow_a2q.rt872.txt (1047 entries)
rank=872 added 1 boundary-only nodes from routing
rank=892/1536 dataset=stackoverflow_a2q walkers=5208 (4645536..4650743) steps=30 mode=0 sched=single-bucket delta_t=0 policy=0
rank=892 loaded data/1536/stackoverflow_a2q.sub892.txt (|V_local|=1593  t_range=[49166204,239610186])
rank=892 loaded routing data/1536/stackoverflow_a2q.rt892.txt (912 entries)
rank=892 added 3 boundary-only nodes from routing
rank=869/1536 dataset=stackoverflow_a2q walkers=5208 (4525752..4530959) steps=30 mode=0 sched=single-bucket delta_t=0 policy=0
rank=869 loaded data/1536/stackoverflow_a2q.sub869.txt (|V_local|=1590  t_range=[7148902,239674195])
rank=869 loaded routing data/1536/stackoverflow_a2q.rt869.txt (1078 entries)
rank=869 added 1 boundary-only nodes from routing
rank=906/1536 dataset=stackoverflow_a2q walkers=5208 (4718448..4723655) steps=30 mode=0 sched=single-bucket delta_t=0 policy=0
rank=906 loaded data/1536/stackoverflow_a2q.sub906.txt (|V_local|=1587  t_range=[3973336,239679312])
rank=906 loaded routing data/1536/stackoverflow_a2q.rt906.txt (1071 entries)
rank=906 added 2 boundary-only nodes from routing
rank=908/1536 dataset=stackoverflow_a2q walkers=5208 (4728864..4734071) steps=30 mode=0 sched=single-bucket delta_t=0 policy=0
rank=908 loaded data/1536/stackoverflow_a2q.sub908.txt (|V_local|=1652  t_range=[3455215,239632213])
rank=908 loaded routing data/1536/stackoverflow_a2q.rt908.txt (660 entries)
rank=890/1536 dataset=stackoverflow_a2q walkers=5208 (4635120..4640327) steps=30 mode=0 sched=single-bucket delta_t=0 policy=0
rank=890 loaded data/1536/stackoverflow_a2q.sub890.txt (|V_local|=1581  t_range=[32667154,239606236])
rank=890 loaded routing data/1536/stackoverflow_a2q.rt890.txt (1077 entries)
rank=890 added 11 boundary-only nodes from routing
rank=865/1536 dataset=stackoverflow_a2q walkers=5208 (4504920..4510127) steps=30 mode=0 sched=single-bucket delta_t=0 policy=0
rank=865 loaded data/1536/stackoverflow_a2q.sub865.txt (|V_local|=1598  t_range=[4302174,239676436])
rank=865 loaded routing data/1536/stackoverflow_a2q.rt865.txt (1054 entries)
rank=865 added 1 boundary-only nodes from routing
rank=875/1536 dataset=stackoverflow_a2q walkers=5208 (4557000..4562207) steps=30 mode=0 sched=single-bucket delta_t=0 policy=0
rank=875 loaded data/1536/stackoverflow_a2q.sub875.txt (|V_local|=1594  t_range=[20393628,239697973])
rank=875 loaded routing data/1536/stackoverflow_a2q.rt875.txt (1049 entries)
rank=875 added 3 boundary-only nodes from routing
rank=900/1536 dataset=stackoverflow_a2q walkers=5208 (4687200..4692407) steps=30 mode=0 sched=single-bucket delta_t=0 policy=0
rank=900 loaded data/1536/stackoverflow_a2q.sub900.txt (|V_local|=1579  t_range=[18556391,239556237])
rank=900 loaded routing data/1536/stackoverflow_a2q.rt900.txt (1114 entries)
rank=900 added 12 boundary-only nodes from routing
rank=896/1536 dataset=stackoverflow_a2q walkers=5208 (4666368..4671575) steps=30 mode=0 sched=single-bucket delta_t=0 policy=0
rank=896 loaded data/1536/stackoverflow_a2q.sub896.txt (|V_local|=1649  t_range=[73738894,239679179])
rank=896 loaded routing data/1536/stackoverflow_a2q.rt896.txt (762 entries)
rank=896 added 3 boundary-only nodes from routing
rank=907/1536 dataset=stackoverflow_a2q walkers=5208 (4723656..4728863) steps=30 mode=0 sched=single-bucket delta_t=0 policy=0
rank=907 loaded data/1536/stackoverflow_a2q.sub907.txt (|V_local|=1583  t_range=[8424194,239649544])
rank=907 loaded routing data/1536/stackoverflow_a2q.rt907.txt (950 entries)
rank=907 added 6 boundary-only nodes from routing
rank=880/1536 dataset=stackoverflow_a2q walkers=5208 (4583040..4588247) steps=30 mode=0 sched=single-bucket delta_t=0 policy=0
rank=880 loaded data/1536/stackoverflow_a2q.sub880.txt (|V_local|=1594  t_range=[23551641,239597296])
rank=880 loaded routing data/1536/stackoverflow_a2q.rt880.txt (1114 entries)
rank=880 added 2 boundary-only nodes from routing
rank=881/1536 dataset=stackoverflow_a2q walkers=5208 (4588248..4593455) steps=30 mode=0 sched=single-bucket delta_t=0 policy=0
rank=1444/1536 dataset=stackoverflow_a2q walkers=5208 (7520352..7525559) steps=30 mode=0 sched=single-bucket delta_t=0 policy=0
rank=1444 loaded data/1536/stackoverflow_a2q.sub1444.txt (|V_local|=1590  t_range=[11563322,239573617])
rank=1444 loaded routing data/1536/stackoverflow_a2q.rt1444.txt (892 entries)
rank=1444 added 6 boundary-only nodes from routing
rank=1475/1536 dataset=stackoverflow_a2q walkers=5208 (7681800..7687007) steps=30 mode=0 sched=single-bucket delta_t=0 policy=0
rank=1475 loaded data/1536/stackoverflow_a2q.sub1475.txt (|V_local|=1594  t_range=[19930178,239691878])
rank=1475 loaded routing data/1536/stackoverflow_a2q.rt1475.txt (1011 entries)
rank=1451/1536 dataset=stackoverflow_a2q walkers=5208 (7556808..7562015) steps=30 mode=0 sched=single-bucket delta_t=0 policy=0
rank=1451 loaded data/1536/stackoverflow_a2q.sub1451.txt (|V_local|=1591  t_range=[26198199,239581162])
rank=1451 loaded routing data/1536/stackoverflow_a2q.rt1451.txt (1031 entries)
rank=1451 added 1 boundary-only nodes from routing
rank=1447/1536 dataset=stackoverflow_a2q walkers=5208 (7535976..7541183) steps=30 mode=0 sched=single-bucket delta_t=0 policy=0
rank=1447 loaded data/1536/stackoverflow_a2q.sub1447.txt (|V_local|=1592  t_range=[14322903,239624376])
rank=1447 loaded routing data/1536/stackoverflow_a2q.rt1447.txt (1039 entries)
rank=1447 added 1 boundary-only nodes from routing
rank=1445/1536 dataset=stackoverflow_a2q walkers=5208 (7525560..7530767) steps=30 mode=0 sched=single-bucket delta_t=0 policy=0
rank=1445 loaded data/1536/stackoverflow_a2q.sub1445.txt (|V_local|=1591  t_range=[11346179,239660075])
rank=1445 loaded routing data/1536/stackoverflow_a2q.rt1445.txt (1023 entries)
rank=1445 added 4 boundary-only nodes from routing
rank=1457/1536 dataset=stackoverflow_a2q walkers=5208 (7588056..7593263) steps=30 mode=0 sched=single-bucket delta_t=0 policy=0
rank=1457 loaded data/1536/stackoverflow_a2q.sub1457.txt (|V_local|=1587  t_range=[30659130,239573203])
rank=1457 loaded routing data/1536/stackoverflow_a2q.rt1457.txt (975 entries)
rank=1457 added 4 boundary-only nodes from routing
rank=1440/1536 dataset=stackoverflow_a2q walkers=5208 (7499520..7504727) steps=30 mode=0 sched=single-bucket delta_t=0 policy=0
rank=1440 loaded data/1536/stackoverflow_a2q.sub1440.txt (|V_local|=1587  t_range=[24083842,239682649])
rank=1440 loaded routing data/1536/stackoverflow_a2q.rt1440.txt (1118 entries)
rank=1440 added 5 boundary-only nodes from routing
rank=1474/1536 dataset=stackoverflow_a2q walkers=5208 (7676592..7681799) steps=30 mode=0 sched=single-bucket delta_t=0 policy=0
rank=1474 loaded data/1536/stackoverflow_a2q.sub1474.txt (|V_local|=1596  t_range=[2392304,239683108])
rank=1474 loaded routing data/1536/stackoverflow_a2q.rt1474.txt (905 entries)
rank=1453/1536 dataset=stackoverflow_a2q walkers=5208 (7567224..7572431) steps=30 mode=0 sched=single-bucket delta_t=0 policy=0
rank=1453 loaded data/1536/stackoverflow_a2q.sub1453.txt (|V_local|=1607  t_range=[41112132,239643373])
rank=1453 loaded routing data/1536/stackoverflow_a2q.rt1453.txt (726 entries)
rank=1453 added 1 boundary-only nodes from routing
rank=1459/1536 dataset=stackoverflow_a2q walkers=5208 (7598472..7603679) steps=30 mode=0 sched=single-bucket delta_t=0 policy=0
rank=1459 loaded data/1536/stackoverflow_a2q.sub1459.txt (|V_local|=1586  t_range=[19262479,239682381])
rank=1459 loaded routing data/1536/stackoverflow_a2q.rt1459.txt (1112 entries)
rank=1459 added 3 boundary-only nodes from routing
rank=1448/1536 dataset=stackoverflow_a2q walkers=5208 (7541184..7546391) steps=30 mode=0 sched=single-bucket delta_t=0 policy=0
rank=1448 loaded data/1536/stackoverflow_a2q.sub1448.txt (|V_local|=1595  t_range=[27457389,239568504])
rank=1448 loaded routing data/1536/stackoverflow_a2q.rt1448.txt (1077 entries)
rank=1448 added 1 boundary-only nodes from routing
rank=1469/1536 dataset=stackoverflow_a2q walkers=5208 (7650552..7655759) steps=30 mode=0 sched=single-bucket delta_t=0 policy=0
rank=1469 loaded data/1536/stackoverflow_a2q.sub1469.txt (|V_local|=1592  t_range=[4020801,239692814])
rank=1469 loaded routing data/1536/stackoverflow_a2q.rt1469.txt (1049 entries)
rank=1450/1536 dataset=stackoverflow_a2q walkers=5208 (7551600..7556807) steps=30 mode=0 sched=single-bucket delta_t=0 policy=0
rank=1450 loaded data/1536/stackoverflow_a2q.sub1450.txt (|V_local|=1651  t_range=[40952783,239644402])
rank=1450 loaded routing data/1536/stackoverflow_a2q.rt1450.txt (818 entries)
rank=1443/1536 dataset=stackoverflow_a2q walkers=5208 (7515144..7520351) steps=30 mode=0 sched=single-bucket delta_t=0 policy=0
rank=1443 loaded data/1536/stackoverflow_a2q.sub1443.txt (|V_local|=1590  t_range=[13990869,239698773])
rank=1443 loaded routing data/1536/stackoverflow_a2q.rt1443.txt (989 entries)
rank=1443 added 2 boundary-only nodes from routing
rank=1471/1536 dataset=stackoverflow_a2q walkers=5208 (7660968..7666175) steps=30 mode=0 sched=single-bucket delta_t=0 policy=0
rank=1471 loaded data/1536/stackoverflow_a2q.sub1471.txt (|V_local|=1605  t_range=[36268942,239684694])
rank=1471 loaded routing data/1536/stackoverflow_a2q.rt1471.txt (908 entries)
rank=1446/1536 dataset=stackoverflow_a2q walkers=5208 (7530768..7535975) steps=30 mode=0 sched=single-bucket delta_t=0 policy=0
rank=1446 loaded data/1536/stackoverflow_a2q.sub1446.txt (|V_local|=1585  t_range=[48460981,239612356])
rank=1446 loaded routing data/1536/stackoverflow_a2q.rt1446.txt (1041 entries)
rank=1446 added 4 boundary-only nodes from routing
rank=1442/1536 dataset=stackoverflow_a2q walkers=5208 (7509936..7515143) steps=30 mode=0 sched=single-bucket delta_t=0 policy=0
rank=1442 loaded data/1536/stackoverflow_a2q.sub1442.txt (|V_local|=1594  t_range=[2922912,239616721])
rank=1442 loaded routing data/1536/stackoverflow_a2q.rt1442.txt (834 entries)
rank=1466/1536 dataset=stackoverflow_a2q walkers=5208 (7634928..7640135) steps=30 mode=0 sched=single-bucket delta_t=0 policy=0
rank=1466 loaded data/1536/stackoverflow_a2q.sub1466.txt (|V_local|=1596  t_range=[18477365,239691596])
rank=1466 loaded routing data/1536/stackoverflow_a2q.rt1466.txt (1086 entries)
rank=1466 added 2 boundary-only nodes from routing
rank=1483/1536 dataset=stackoverflow_a2q walkers=5208 (7723464..7728671) steps=30 mode=0 sched=single-bucket delta_t=0 policy=0
rank=1483 loaded data/1536/stackoverflow_a2q.sub1483.txt (|V_local|=1652  t_range=[79294673,239578533])
rank=1483 loaded routing data/1536/stackoverflow_a2q.rt1483.txt (301 entries)
rank=1461/1536 dataset=stackoverflow_a2q walkers=5208 (7608888..7614095) steps=30 mode=0 sched=single-bucket delta_t=0 policy=0
rank=1461 loaded data/1536/stackoverflow_a2q.sub1461.txt (|V_local|=1592  t_range=[2761006,239571234])
rank=1461 loaded routing data/1536/stackoverflow_a2q.rt1461.txt (922 entries)
rank=1449/1536 dataset=stackoverflow_a2q walkers=5208 (7546392..7551599) steps=30 mode=0 sched=single-bucket delta_t=0 policy=0
rank=1449 loaded data/1536/stackoverflow_a2q.sub1449.txt (|V_local|=1579  t_range=[18825285,239616937])
rank=1449 loaded routing data/1536/stackoverflow_a2q.rt1449.txt (1065 entries)
rank=1449 added 10 boundary-only nodes from routing
rank=1458/1536 dataset=stackoverflow_a2q walkers=5208 (7593264..7598471) steps=30 mode=0 sched=single-bucket delta_t=0 policy=0
rank=1458 loaded data/1536/stackoverflow_a2q.sub1458.txt (|V_local|=1588  t_range=[20046244,239690034])
rank=1458 loaded routing data/1536/stackoverflow_a2q.rt1458.txt (1052 entries)
rank=1458 added 3 boundary-only nodes from routing
rank=1478/1536 dataset=stackoverflow_a2q walkers=5208 (7697424..7702631) steps=30 mode=0 sched=single-bucket delta_t=0 policy=0
rank=1478 loaded data/1536/stackoverflow_a2q.sub1478.txt (|V_local|=1594  t_range=[16415699,239668420])
rank=1478 loaded routing data/1536/stackoverflow_a2q.rt1478.txt (1014 entries)
rank=1452/1536 dataset=stackoverflow_a2q walkers=5208 (7562016..7567223) steps=30 mode=0 sched=single-bucket delta_t=0 policy=0
rank=1452 loaded data/1536/stackoverflow_a2q.sub1452.txt (|V_local|=1596  t_range=[4291107,239677731])
rank=1452 loaded routing data/1536/stackoverflow_a2q.rt1452.txt (992 entries)
rank=1/1536 dataset=stackoverflow_a2q walkers=5208 (5208..10415) steps=30 mode=0 sched=single-bucket delta_t=0 policy=0
rank=1 loaded data/1536/stackoverflow_a2q.sub1.txt (|V_local|=1600  t_range=[1857268,239475543])
rank=1 loaded routing data/1536/stackoverflow_a2q.rt1.txt (770 entries)
rank=1 added 3 boundary-only nodes from routing
rank=19/1536 dataset=stackoverflow_a2q walkers=5208 (98952..104159) steps=30 mode=0 sched=single-bucket delta_t=0 policy=0
rank=19 loaded data/1536/stackoverflow_a2q.sub19.txt (|V_local|=1644  t_range=[466295,239387460])
rank=19 loaded routing data/1536/stackoverflow_a2q.rt19.txt (425 entries)
rank=19 added 7 boundary-only nodes from routing
rank=2/1536 dataset=stackoverflow_a2q walkers=5208 (10416..15623) steps=30 mode=0 sched=single-bucket delta_t=0 policy=0
rank=2 loaded data/1536/stackoverflow_a2q.sub2.txt (|V_local|=1649  t_range=[1938020,239551351])
rank=2 loaded routing data/1536/stackoverflow_a2q.rt2.txt (584 entries)
rank=2 added 3 boundary-only nodes from routing
rank=36/1536 dataset=stackoverflow_a2q walkers=5208 (187488..192695) steps=30 mode=0 sched=single-bucket delta_t=0 policy=0
rank=36 loaded data/1536/stackoverflow_a2q.sub36.txt (|V_local|=1590  t_range=[308042,239586528])
rank=36 loaded routing data/1536/stackoverflow_a2q.rt36.txt (985 entries)
rank=36 added 4 boundary-only nodes from routing
rank=5/1536 dataset=stackoverflow_a2q walkers=5208 (26040..31247) steps=30 mode=0 sched=single-bucket delta_t=0 policy=0
rank=5 loaded data/1536/stackoverflow_a2q.sub5.txt (|V_local|=1647  t_range=[2967022,239364724])
rank=5 loaded routing data/1536/stackoverflow_a2q.rt5.txt (688 entries)
rank=5 added 5 boundary-only nodes from routing
rank=9/1536 dataset=stackoverflow_a2q walkers=5208 (46872..52079) steps=30 mode=0 sched=single-bucket delta_t=0 policy=0
rank=9 loaded data/1536/stackoverflow_a2q.sub9.txt (|V_local|=1588  t_range=[2776231,239507123])
rank=9 loaded routing data/1536/stackoverflow_a2q.rt9.txt (954 entries)
rank=9 added 2 boundary-only nodes from routing
rank=4/1536 dataset=stackoverflow_a2q walkers=5208 (20832..26039) steps=30 mode=0 sched=single-bucket delta_t=0 policy=0
rank=4 loaded data/1536/stackoverflow_a2q.sub4.txt (|V_local|=1586  t_range=[2917246,239566507])
rank=4 loaded routing data/1536/stackoverflow_a2q.rt4.txt (922 entries)
rank=4 added 3 boundary-only nodes from routing
rank=3/1536 dataset=stackoverflow_a2q walkers=5208 (15624..20831) steps=30 mode=0 sched=single-bucket delta_t=0 policy=0
rank=3 loaded data/1536/stackoverflow_a2q.sub3.txt (|V_local|=1593  t_range=[4103466,239477880])
rank=3 loaded routing data/1536/stackoverflow_a2q.rt3.txt (1008 entries)
rank=7/1536 dataset=stackoverflow_a2q walkers=5208 (36456..41663) steps=30 mode=0 sched=single-bucket delta_t=0 policy=0
rank=7 loaded data/1536/stackoverflow_a2q.sub7.txt (|V_local|=1651  t_range=[4691703,239493593])
rank=7 loaded routing data/1536/stackoverflow_a2q.rt7.txt (676 entries)
rank=7 added 1 boundary-only nodes from routing
rank=31/1536 dataset=stackoverflow_a2q walkers=5208 (161448..166655) steps=30 mode=0 sched=single-bucket delta_t=0 policy=0
rank=31 loaded data/1536/stackoverflow_a2q.sub31.txt (|V_local|=1601  t_range=[594268,239604397])
rank=31 loaded routing data/1536/stackoverflow_a2q.rt31.txt (825 entries)
rank=31 added 9 boundary-only nodes from routing
rank=0/1536 dataset=stackoverflow_a2q walkers=5208 (0..5207) steps=30 mode=0 sched=single-bucket delta_t=0 policy=0
rank=0 loaded data/1536/stackoverflow_a2q.sub0.txt (|V_local|=1589  t_range=[2674843,239541171])
rank=0 loaded routing data/1536/stackoverflow_a2q.rt0.txt (988 entries)
rank=0 added 6 boundary-only nodes from routing
PHASE compute=0.0874 exchange=1.8032 allreduce=0.0806 emb_xchg=0.0000 s  comm_frac=95.6% [p=1536 mode=fused]
E1 cross-rank pairs: 28851175/43102939 (66.94%) [p=1536]
rank=0 elapsed=1.809952s sched=single-bucket delta_t=0 total_walkers=7999488
rank=12/1536 dataset=stackoverflow_a2q walkers=5208 (62496..67703) steps=30 mode=0 sched=single-bucket delta_t=0 policy=0
rank=12 loaded data/1536/stackoverflow_a2q.sub12.txt (|V_local|=1593  t_range=[4289546,239592744])
rank=12 loaded routing data/1536/stackoverflow_a2q.rt12.txt (1020 entries)
rank=20/1536 dataset=stackoverflow_a2q walkers=5208 (104160..109367) steps=30 mode=0 sched=single-bucket delta_t=0 policy=0
rank=20 loaded data/1536/stackoverflow_a2q.sub20.txt (|V_local|=1652  t_range=[657546,239546404])
rank=20 loaded routing data/1536/stackoverflow_a2q.rt20.txt (316 entries)
rank=18/1536 dataset=stackoverflow_a2q walkers=5208 (93744..98951) steps=30 mode=0 sched=single-bucket delta_t=0 policy=0
rank=18 loaded data/1536/stackoverflow_a2q.sub18.txt (|V_local|=1596  t_range=[1586100,239648058])
rank=18 loaded routing data/1536/stackoverflow_a2q.rt18.txt (847 entries)
rank=18 added 4 boundary-only nodes from routing
rank=44/1536 dataset=stackoverflow_a2q walkers=5208 (229152..234359) steps=30 mode=0 sched=single-bucket delta_t=0 policy=0
rank=44 loaded data/1536/stackoverflow_a2q.sub44.txt (|V_local|=1589  t_range=[256400,239568030])
rank=44 loaded routing data/1536/stackoverflow_a2q.rt44.txt (1004 entries)
rank=44 added 6 boundary-only nodes from routing
rank=16/1536 dataset=stackoverflow_a2q walkers=5208 (83328..88535) steps=30 mode=0 sched=single-bucket delta_t=0 policy=0
rank=16 loaded data/1536/stackoverflow_a2q.sub16.txt (|V_local|=1650  t_range=[3943676,239674030])
rank=16 loaded routing data/1536/stackoverflow_a2q.rt16.txt (696 entries)
rank=8/1536 dataset=stackoverflow_a2q walkers=5208 (41664..46871) steps=30 mode=0 sched=single-bucket delta_t=0 policy=0
rank=8 loaded data/1536/stackoverflow_a2q.sub8.txt (|V_local|=1590  t_range=[2399499,239632179])
rank=8 loaded routing data/1536/stackoverflow_a2q.rt8.txt (811 entries)
rank=8 added 2 boundary-only nodes from routing
rank=24/1536 dataset=stackoverflow_a2q walkers=5208 (124992..130199) steps=30 mode=0 sched=single-bucket delta_t=0 policy=0
rank=24 loaded data/1536/stackoverflow_a2q.sub24.txt (|V_local|=1584  t_range=[483835,239569404])
rank=24 loaded routing data/1536/stackoverflow_a2q.rt24.txt (1012 entries)
rank=24 added 10 boundary-only nodes from routing
rank=28/1536 dataset=stackoverflow_a2q walkers=5208 (145824..151031) steps=30 mode=0 sched=single-bucket delta_t=0 policy=0
rank=28 loaded data/1536/stackoverflow_a2q.sub28.txt (|V_local|=1587  t_range=[348558,239627466])
rank=28 loaded routing data/1536/stackoverflow_a2q.rt28.txt (876 entries)
rank=28 added 4 boundary-only nodes from routing
rank=6/1536 dataset=stackoverflow_a2q walkers=5208 (31248..36455) steps=30 mode=0 sched=single-bucket delta_t=0 policy=0
rank=6 loaded data/1536/stackoverflow_a2q.sub6.txt (|V_local|=1591  t_range=[1516229,239571101])
rank=6 loaded routing data/1536/stackoverflow_a2q.rt6.txt (1009 entries)
rank=6 added 3 boundary-only nodes from routing
rank=40/1536 dataset=stackoverflow_a2q walkers=5208 (208320..213527) steps=30 mode=0 sched=single-bucket delta_t=0 policy=0
rank=40 loaded data/1536/stackoverflow_a2q.sub40.txt (|V_local|=1586  t_range=[1783955,239616684])
rank=40 loaded routing data/1536/stackoverflow_a2q.rt40.txt (999 entries)
rank=40 added 8 boundary-only nodes from routing
rank=17/1536 dataset=stackoverflow_a2q walkers=5208 (88536..93743) steps=30 mode=0 sched=single-bucket delta_t=0 policy=0
rank=17 loaded data/1536/stackoverflow_a2q.sub17.txt (|V_local|=1650  t_range=[674263,239662429])
rank=17 loaded routing data/1536/stackoverflow_a2q.rt17.txt (612 entries)
rank=17 added 2 boundary-only nodes from routing
rank=15/1536 dataset=stackoverflow_a2q walkers=5208 (78120..83327) steps=30 mode=0 sched=single-bucket delta_t=0 policy=0
rank=15 loaded data/1536/stackoverflow_a2q.sub15.txt (|V_local|=1588  t_range=[3964052,239570377])
rank=15 loaded routing data/1536/stackoverflow_a2q.rt15.txt (1040 entries)
rank=15 added 4 boundary-only nodes from routing
rank=13/1536 dataset=stackoverflow_a2q walkers=5208 (67704..72911) steps=30 mode=0 sched=single-bucket delta_t=0 policy=0
rank=13 loaded data/1536/stackoverflow_a2q.sub13.txt (|V_local|=1582  t_range=[7599629,239671409])
rank=149/1536 dataset=stackoverflow_a2q walkers=5208 (775992..781199) steps=30 mode=0 sched=single-bucket delta_t=0 policy=0
rank=149 loaded data/1536/stackoverflow_a2q.sub149.txt (|V_local|=1651  t_range=[1864422,239491806])
rank=149 loaded routing data/1536/stackoverflow_a2q.rt149.txt (879 entries)
rank=150/1536 dataset=stackoverflow_a2q walkers=5208 (781200..786407) steps=30 mode=0 sched=single-bucket delta_t=0 policy=0
rank=150 loaded data/1536/stackoverflow_a2q.sub150.txt (|V_local|=1590  t_range=[4991580,239627949])
rank=150 loaded routing data/1536/stackoverflow_a2q.rt150.txt (1053 entries)
rank=150 added 3 boundary-only nodes from routing
rank=147/1536 dataset=stackoverflow_a2q walkers=5208 (765576..770783) steps=30 mode=0 sched=single-bucket delta_t=0 policy=0
rank=147 loaded data/1536/stackoverflow_a2q.sub147.txt (|V_local|=1590  t_range=[4761703,239656613])
rank=147 loaded routing data/1536/stackoverflow_a2q.rt147.txt (1096 entries)
rank=147 added 6 boundary-only nodes from routing
rank=179/1536 dataset=stackoverflow_a2q walkers=5208 (932232..937439) steps=30 mode=0 sched=single-bucket delta_t=0 policy=0
rank=179 loaded data/1536/stackoverflow_a2q.sub179.txt (|V_local|=1591  t_range=[2132628,239695966])
rank=179 loaded routing data/1536/stackoverflow_a2q.rt179.txt (1027 entries)
rank=179 added 2 boundary-only nodes from routing
rank=160/1536 dataset=stackoverflow_a2q walkers=5208 (833280..838487) steps=30 mode=0 sched=single-bucket delta_t=0 policy=0
rank=160 loaded data/1536/stackoverflow_a2q.sub160.txt (|V_local|=1596  t_range=[4281804,239580144])
rank=160 loaded routing data/1536/stackoverflow_a2q.rt160.txt (1094 entries)
rank=160 added 2 boundary-only nodes from routing
rank=153/1536 dataset=stackoverflow_a2q walkers=5208 (796824..802031) steps=30 mode=0 sched=single-bucket delta_t=0 policy=0
rank=153 loaded data/1536/stackoverflow_a2q.sub153.txt (|V_local|=1597  t_range=[3624725,239567460])
rank=153 loaded routing data/1536/stackoverflow_a2q.rt153.txt (1002 entries)
rank=153 added 4 boundary-only nodes from routing
rank=146/1536 dataset=stackoverflow_a2q walkers=5208 (760368..765575) steps=30 mode=0 sched=single-bucket delta_t=0 policy=0
rank=146 loaded data/1536/stackoverflow_a2q.sub146.txt (|V_local|=1594  t_range=[7043554,239576135])
rank=146 loaded routing data/1536/stackoverflow_a2q.rt146.txt (1028 entries)
rank=182/1536 dataset=stackoverflow_a2q walkers=5208 (947856..953063) steps=30 mode=0 sched=single-bucket delta_t=0 policy=0
rank=182 loaded data/1536/stackoverflow_a2q.sub182.txt (|V_local|=1594  t_range=[2218574,239552555])
rank=182 loaded routing data/1536/stackoverflow_a2q.rt182.txt (1084 entries)
rank=182 added 3 boundary-only nodes from routing
rank=167/1536 dataset=stackoverflow_a2q walkers=5208 (869736..874943) steps=30 mode=0 sched=single-bucket delta_t=0 policy=0
rank=167 loaded data/1536/stackoverflow_a2q.sub167.txt (|V_local|=1584  t_range=[7065589,239488626])
rank=167 loaded routing data/1536/stackoverflow_a2q.rt167.txt (1063 entries)
rank=167 added 7 boundary-only nodes from routing
rank=148/1536 dataset=stackoverflow_a2q walkers=5208 (770784..775991) steps=30 mode=0 sched=single-bucket delta_t=0 policy=0
rank=148 loaded data/1536/stackoverflow_a2q.sub148.txt (|V_local|=1591  t_range=[3685608,239682789])
rank=148 loaded routing data/1536/stackoverflow_a2q.rt148.txt (1104 entries)
rank=148 added 4 boundary-only nodes from routing
rank=161/1536 dataset=stackoverflow_a2q walkers=5208 (838488..843695) steps=30 mode=0 sched=single-bucket delta_t=0 policy=0
rank=161 loaded data/1536/stackoverflow_a2q.sub161.txt (|V_local|=1585  t_range=[4858614,239683562])
rank=161 loaded routing data/1536/stackoverflow_a2q.rt161.txt (1017 entries)
rank=161 added 10 boundary-only nodes from routing
rank=145/1536 dataset=stackoverflow_a2q walkers=5208 (755160..760367) steps=30 mode=0 sched=single-bucket delta_t=0 policy=0
rank=145 loaded data/1536/stackoverflow_a2q.sub145.txt (|V_local|=1617  t_range=[2458134,239570148])
rank=145 loaded routing data/1536/stackoverflow_a2q.rt145.txt (861 entries)
rank=173/1536 dataset=stackoverflow_a2q walkers=5208 (900984..906191) steps=30 mode=0 sched=single-bucket delta_t=0 policy=0
rank=173 loaded data/1536/stackoverflow_a2q.sub173.txt (|V_local|=1591  t_range=[5746201,239692139])
rank=173 loaded routing data/1536/stackoverflow_a2q.rt173.txt (1067 entries)
rank=173 added 2 boundary-only nodes from routing
rank=189/1536 dataset=stackoverflow_a2q walkers=5208 (984312..989519) steps=30 mode=0 sched=single-bucket delta_t=0 policy=0
rank=189 loaded data/1536/stackoverflow_a2q.sub189.txt (|V_local|=1595  t_range=[10535131,239633594])
rank=189 loaded routing data/1536/stackoverflow_a2q.rt189.txt (1107 entries)
rank=157/1536 dataset=stackoverflow_a2q walkers=5208 (817656..822863) steps=30 mode=0 sched=single-bucket delta_t=0 policy=0
rank=157 loaded data/1536/stackoverflow_a2q.sub157.txt (|V_local|=1589  t_range=[2991409,239639158])
rank=157 loaded routing data/1536/stackoverflow_a2q.rt157.txt (1033 entries)
rank=157 added 2 boundary-only nodes from routing
rank=188/1536 dataset=stackoverflow_a2q walkers=5208 (979104..984311) steps=30 mode=0 sched=single-bucket delta_t=0 policy=0
rank=188 loaded data/1536/stackoverflow_a2q.sub188.txt (|V_local|=1589  t_range=[4063517,239559930])
rank=188 loaded routing data/1536/stackoverflow_a2q.rt188.txt (1048 entries)
rank=188 added 5 boundary-only nodes from routing
rank=181/1536 dataset=stackoverflow_a2q walkers=5208 (942648..947855) steps=30 mode=0 sched=single-bucket delta_t=0 policy=0
rank=181 loaded data/1536/stackoverflow_a2q.sub181.txt (|V_local|=1585  t_range=[7576890,239481312])
rank=181 loaded routing data/1536/stackoverflow_a2q.rt181.txt (1040 entries)
rank=181 added 3 boundary-only nodes from routing
rank=1178/1536 dataset=stackoverflow_a2q walkers=5208 (6135024..6140231) steps=30 mode=0 sched=single-bucket delta_t=0 policy=0
rank=1178 loaded data/1536/stackoverflow_a2q.sub1178.txt (|V_local|=1633  t_range=[7112540,239677455])
rank=1178 loaded routing data/1536/stackoverflow_a2q.rt1178.txt (842 entries)
rank=1178 added 5 boundary-only nodes from routing
rank=1195/1536 dataset=stackoverflow_a2q walkers=5208 (6223560..6228767) steps=30 mode=0 sched=single-bucket delta_t=0 policy=0
rank=1195 loaded data/1536/stackoverflow_a2q.sub1195.txt (|V_local|=1596  t_range=[14690535,239475823])
rank=1195 loaded routing data/1536/stackoverflow_a2q.rt1195.txt (811 entries)
rank=1195 added 2 boundary-only nodes from routing
rank=1175/1536 dataset=stackoverflow_a2q walkers=5208 (6119400..6124607) steps=30 mode=0 sched=single-bucket delta_t=0 policy=0
rank=1175 loaded data/1536/stackoverflow_a2q.sub1175.txt (|V_local|=1590  t_range=[19392685,239577380])
rank=1175 loaded routing data/1536/stackoverflow_a2q.rt1175.txt (1135 entries)
rank=1175 added 4 boundary-only nodes from routing
rank=1155/1536 dataset=stackoverflow_a2q walkers=5208 (6015240..6020447) steps=30 mode=0 sched=single-bucket delta_t=0 policy=0
rank=1155 loaded data/1536/stackoverflow_a2q.sub1155.txt (|V_local|=1581  t_range=[10770770,239557014])
rank=1155 loaded routing data/1536/stackoverflow_a2q.rt1155.txt (1082 entries)
rank=1155 added 11 boundary-only nodes from routing
rank=1163/1536 dataset=stackoverflow_a2q walkers=5208 (6056904..6062111) steps=30 mode=0 sched=single-bucket delta_t=0 policy=0
rank=1163 loaded data/1536/stackoverflow_a2q.sub1163.txt (|V_local|=1594  t_range=[32348770,239565699])
rank=1163 loaded routing data/1536/stackoverflow_a2q.rt1163.txt (1034 entries)
rank=1154/1536 dataset=stackoverflow_a2q walkers=5208 (6010032..6015239) steps=30 mode=0 sched=single-bucket delta_t=0 policy=0
rank=1154 loaded data/1536/stackoverflow_a2q.sub1154.txt (|V_local|=1595  t_range=[36138382,239579525])
rank=1154 loaded routing data/1536/stackoverflow_a2q.rt1154.txt (1115 entries)
rank=1154 added 1 boundary-only nodes from routing
rank=1194/1536 dataset=stackoverflow_a2q walkers=5208 (6218352..6223559) steps=30 mode=0 sched=single-bucket delta_t=0 policy=0
rank=1194 loaded data/1536/stackoverflow_a2q.sub1194.txt (|V_local|=1588  t_range=[4636595,239553277])
rank=1194 loaded routing data/1536/stackoverflow_a2q.rt1194.txt (1019 entries)
rank=1194 added 6 boundary-only nodes from routing
rank=1199/1536 dataset=stackoverflow_a2q walkers=5208 (6244392..6249599) steps=30 mode=0 sched=single-bucket delta_t=0 policy=0
rank=1199 loaded data/1536/stackoverflow_a2q.sub1199.txt (|V_local|=1651  t_range=[2285199,239663587])
rank=1199 loaded routing data/1536/stackoverflow_a2q.rt1199.txt (475 entries)
rank=1199 added 1 boundary-only nodes from routing
rank=1159/1536 dataset=stackoverflow_a2q walkers=5208 (6036072..6041279) steps=30 mode=0 sched=single-bucket delta_t=0 policy=0
rank=1159 loaded data/1536/stackoverflow_a2q.sub1159.txt (|V_local|=1596  t_range=[2915182,239665230])
rank=1159 loaded routing data/1536/stackoverflow_a2q.rt1159.txt (1046 entries)
rank=1153/1536 dataset=stackoverflow_a2q walkers=5208 (6004824..6010031) steps=30 mode=0 sched=single-bucket delta_t=0 policy=0
rank=1153 loaded data/1536/stackoverflow_a2q.sub1153.txt (|V_local|=1594  t_range=[17908157,239330627])
rank=1153 loaded routing data/1536/stackoverflow_a2q.rt1153.txt (1077 entries)
rank=1171/1536 dataset=stackoverflow_a2q walkers=5208 (6098568..6103775) steps=30 mode=0 sched=single-bucket delta_t=0 policy=0
rank=1171 loaded data/1536/stackoverflow_a2q.sub1171.txt (|V_local|=1592  t_range=[30680618,239638920])
rank=1171 loaded routing data/1536/stackoverflow_a2q.rt1171.txt (1024 entries)
rank=1156/1536 dataset=stackoverflow_a2q walkers=5208 (6020448..6025655) steps=30 mode=0 sched=single-bucket delta_t=0 policy=0
rank=1156 loaded data/1536/stackoverflow_a2q.sub1156.txt (|V_local|=1601  t_range=[32790030,239515915])
rank=1156 loaded routing data/1536/stackoverflow_a2q.rt1156.txt (929 entries)
rank=1156 added 1 boundary-only nodes from routing
rank=1192/1536 dataset=stackoverflow_a2q walkers=5208 (6207936..6213143) steps=30 mode=0 sched=single-bucket delta_t=0 policy=0
rank=1192 loaded data/1536/stackoverflow_a2q.sub1192.txt (|V_local|=1586  t_range=[21082513,239610682])
rank=1192 loaded routing data/1536/stackoverflow_a2q.rt1192.txt (1046 entries)
rank=1192 added 6 boundary-only nodes from routing
rank=1174/1536 dataset=stackoverflow_a2q walkers=5208 (6114192..6119399) steps=30 mode=0 sched=single-bucket delta_t=0 policy=0
rank=1174 loaded data/1536/stackoverflow_a2q.sub1174.txt (|V_local|=1594  t_range=[25199034,239579342])
rank=1174 loaded routing data/1536/stackoverflow_a2q.rt1174.txt (1095 entries)
rank=1174 added 2 boundary-only nodes from routing
rank=1187/1536 dataset=stackoverflow_a2q walkers=5208 (6181896..6187103) steps=30 mode=0 sched=single-bucket delta_t=0 policy=0
rank=1187 loaded data/1536/stackoverflow_a2q.sub1187.txt (|V_local|=1619  t_range=[29618266,239643903])
rank=1187 loaded routing data/1536/stackoverflow_a2q.rt1187.txt (980 entries)
rank=1191/1536 dataset=stackoverflow_a2q walkers=5208 (6202728..6207935) steps=30 mode=0 sched=single-bucket delta_t=0 policy=0
rank=1191 loaded data/1536/stackoverflow_a2q.sub1191.txt (|V_local|=1592  t_range=[4135548,239597264])
rank=1191 loaded routing data/1536/stackoverflow_a2q.rt1191.txt (1124 entries)
rank=1191 added 3 boundary-only nodes from routing
rank=1157/1536 dataset=stackoverflow_a2q walkers=5208 (6025656..6030863) steps=30 mode=0 sched=single-bucket delta_t=0 policy=0
rank=1157 loaded data/1536/stackoverflow_a2q.sub1157.txt (|V_local|=1593  t_range=[35602214,239488122])
rank=1157 loaded routing data/1536/stackoverflow_a2q.rt1157.txt (971 entries)
rank=1161/1536 dataset=stackoverflow_a2q walkers=5208 (6046488..6051695) steps=30 mode=0 sched=single-bucket delta_t=0 policy=0
rank=1161 loaded data/1536/stackoverflow_a2q.sub1161.txt (|V_local|=1592  t_range=[6493526,239665145])
rank=1161 loaded routing data/1536/stackoverflow_a2q.rt1161.txt (1067 entries)
rank=1161 added 2 boundary-only nodes from routing
rank=1166/1536 dataset=stackoverflow_a2q walkers=5208 (6072528..6077735) steps=30 mode=0 sched=single-bucket delta_t=0 policy=0
rank=1166 loaded data/1536/stackoverflow_a2q.sub1166.txt (|V_local|=1601  t_range=[11364874,239341885])
rank=1166 loaded routing data/1536/stackoverflow_a2q.rt1166.txt (1057 entries)
rank=1162/1536 dataset=stackoverflow_a2q walkers=5208 (6051696..6056903) steps=30 mode=0 sched=single-bucket delta_t=0 policy=0
rank=1162 loaded data/1536/stackoverflow_a2q.sub1162.txt (|V_local|=1593  t_range=[45326488,239414418])
rank=1162 loaded routing data/1536/stackoverflow_a2q.rt1162.txt (1042 entries)
rank=1162 added 1 boundary-only nodes from routing
rank=1165/1536 dataset=stackoverflow_a2q walkers=5208 (6067320..6072527) steps=30 mode=0 sched=single-bucket delta_t=0 policy=0
rank=1165 loaded data/1536/stackoverflow_a2q.sub1165.txt (|V_local|=1605  t_range=[57091465,239661570])
rank=1165 loaded routing data/1536/stackoverflow_a2q.rt1165.txt (972 entries)
rank=1197/1536 dataset=stackoverflow_a2q walkers=5208 (6233976..6239183) steps=30 mode=0 sched=single-bucket delta_t=0 policy=0
rank=1197 loaded data/1536/stackoverflow_a2q.sub1197.txt (|V_local|=1590  t_range=[3997011,239547400])
rank=1197 loaded routing data/1536/stackoverflow_a2q.rt1197.txt (916 entries)
rank=1167/1536 dataset=stackoverflow_a2q walkers=5208 (6077736..6082943) steps=30 mode=0 sched=single-bucket delta_t=0 policy=0
rank=1167 loaded data/1536/stackoverflow_a2q.sub1167.txt (|V_local|=1601  t_range=[45954996,239635852])
rank=1167 loaded routing data/1536/stackoverflow_a2q.rt1167.txt (1036 entries)
rank=1167 added 2 boundary-only nodes from routing
rank=1160/1536 dataset=stackoverflow_a2q walkers=5208 (6041280..6046487) steps=30 mode=0 sched=single-bucket delta_t=0 policy=0
rank=1160 loaded data/1536/stackoverflow_a2q.sub1160.txt (|V_local|=1635  t_range=[56060708,239655146])
rank=1160 loaded routing data/1536/stackoverflow_a2q.rt1160.txt (975 entries)
rank=964/1536 dataset=stackoverflow_a2q walkers=5208 (5020512..5025719) steps=30 mode=0 sched=single-bucket delta_t=0 policy=0
rank=964 loaded data/1536/stackoverflow_a2q.sub964.txt (|V_local|=1595  t_range=[28219855,239596327])
rank=964 loaded routing data/1536/stackoverflow_a2q.rt964.txt (1061 entries)
rank=964 added 1 boundary-only nodes from routing
rank=961/1536 dataset=stackoverflow_a2q walkers=5208 (5004888..5010095) steps=30 mode=0 sched=single-bucket delta_t=0 policy=0
rank=961 loaded data/1536/stackoverflow_a2q.sub961.txt (|V_local|=1594  t_range=[26182187,239578224])
rank=961 loaded routing data/1536/stackoverflow_a2q.rt961.txt (1046 entries)
rank=961 added 1 boundary-only nodes from routing
rank=960/1536 dataset=stackoverflow_a2q walkers=5208 (4999680..5004887) steps=30 mode=0 sched=single-bucket delta_t=0 policy=0
rank=960 loaded data/1536/stackoverflow_a2q.sub960.txt (|V_local|=1596  t_range=[15921914,239666923])
rank=960 loaded routing data/1536/stackoverflow_a2q.rt960.txt (1043 entries)
rank=976/1536 dataset=stackoverflow_a2q walkers=5208 (5083008..5088215) steps=30 mode=0 sched=single-bucket delta_t=0 policy=0
rank=976 loaded data/1536/stackoverflow_a2q.sub976.txt (|V_local|=1587  t_range=[30802710,239607216])
rank=976 loaded routing data/1536/stackoverflow_a2q.rt976.txt (1013 entries)
rank=972/1536 dataset=stackoverflow_a2q walkers=5208 (5062176..5067383) steps=30 mode=0 sched=single-bucket delta_t=0 policy=0
rank=972 loaded data/1536/stackoverflow_a2q.sub972.txt (|V_local|=1585  t_range=[27885133,239673669])
rank=972 loaded routing data/1536/stackoverflow_a2q.rt972.txt (1057 entries)
rank=972 added 3 boundary-only nodes from routing
rank=980/1536 dataset=stackoverflow_a2q walkers=5208 (5103840..5109047) steps=30 mode=0 sched=single-bucket delta_t=0 policy=0
rank=980 loaded data/1536/stackoverflow_a2q.sub980.txt (|V_local|=1651  t_range=[31513074,239691329])
rank=980 loaded routing data/1536/stackoverflow_a2q.rt980.txt (754 entries)
rank=970/1536 dataset=stackoverflow_a2q walkers=5208 (5051760..5056967) steps=30 mode=0 sched=single-bucket delta_t=0 policy=0
rank=970 loaded data/1536/stackoverflow_a2q.sub970.txt (|V_local|=1591  t_range=[41271396,239682052])
rank=970 loaded routing data/1536/stackoverflow_a2q.rt970.txt (968 entries)
rank=970 added 3 boundary-only nodes from routing
rank=962/1536 dataset=stackoverflow_a2q walkers=5208 (5010096..5015303) steps=30 mode=0 sched=single-bucket delta_t=0 policy=0
rank=962 loaded data/1536/stackoverflow_a2q.sub962.txt (|V_local|=1595  t_range=[7141716,239663180])
rank=962 loaded routing data/1536/stackoverflow_a2q.rt962.txt (1088 entries)
rank=971/1536 dataset=stackoverflow_a2q walkers=5208 (5056968..5062175) steps=30 mode=0 sched=single-bucket delta_t=0 policy=0
rank=971 loaded data/1536/stackoverflow_a2q.sub971.txt (|V_local|=1593  t_range=[4013608,239668243])
rank=971 loaded routing data/1536/stackoverflow_a2q.rt971.txt (1027 entries)
rank=971 added 2 boundary-only nodes from routing
rank=999/1536 dataset=stackoverflow_a2q walkers=5208 (5202792..5207999) steps=30 mode=0 sched=single-bucket delta_t=0 policy=0
rank=999 loaded data/1536/stackoverflow_a2q.sub999.txt (|V_local|=1594  t_range=[12029246,239589642])
rank=999 loaded routing data/1536/stackoverflow_a2q.rt999.txt (1154 entries)
rank=977/1536 dataset=stackoverflow_a2q walkers=5208 (5088216..5093423) steps=30 mode=0 sched=single-bucket delta_t=0 policy=0
rank=977 loaded data/1536/stackoverflow_a2q.sub977.txt (|V_local|=1586  t_range=[10630997,239571950])
rank=977 loaded routing data/1536/stackoverflow_a2q.rt977.txt (1022 entries)
rank=977 added 1 boundary-only nodes from routing
rank=975/1536 dataset=stackoverflow_a2q walkers=5208 (5077800..5083007) steps=30 mode=0 sched=single-bucket delta_t=0 policy=0
rank=975 loaded data/1536/stackoverflow_a2q.sub975.txt (|V_local|=1588  t_range=[15161814,239483667])
rank=975 loaded routing data/1536/stackoverflow_a2q.rt975.txt (1089 entries)
rank=975 added 4 boundary-only nodes from routing
rank=967/1536 dataset=stackoverflow_a2q walkers=5208 (5036136..5041343) steps=30 mode=0 sched=single-bucket delta_t=0 policy=0
rank=967 loaded data/1536/stackoverflow_a2q.sub967.txt (|V_local|=1591  t_range=[32447260,239448336])
rank=967 loaded routing data/1536/stackoverflow_a2q.rt967.txt (1025 entries)
rank=968/1536 dataset=stackoverflow_a2q walkers=5208 (5041344..5046551) steps=30 mode=0 sched=single-bucket delta_t=0 policy=0
rank=968 loaded data/1536/stackoverflow_a2q.sub968.txt (|V_local|=1591  t_range=[19592934,239645905])
rank=968 loaded routing data/1536/stackoverflow_a2q.rt968.txt (1078 entries)
rank=968 added 1 boundary-only nodes from routing
rank=963/1536 dataset=stackoverflow_a2q walkers=5208 (5015304..5020511) steps=30 mode=0 sched=single-bucket delta_t=0 policy=0
rank=963 loaded data/1536/stackoverflow_a2q.sub963.txt (|V_local|=1589  t_range=[24669418,239582882])
rank=963 loaded routing data/1536/stackoverflow_a2q.rt963.txt (1115 entries)
rank=963 added 1 boundary-only nodes from routing
rank=979/1536 dataset=stackoverflow_a2q walkers=5208 (5098632..5103839) steps=30 mode=0 sched=single-bucket delta_t=0 policy=0
rank=979 loaded data/1536/stackoverflow_a2q.sub979.txt (|V_local|=1597  t_range=[24250636,239460136])
rank=979 loaded routing data/1536/stackoverflow_a2q.rt979.txt (1109 entries)
rank=987/1536 dataset=stackoverflow_a2q walkers=5208 (5140296..5145503) steps=30 mode=0 sched=single-bucket delta_t=0 policy=0
rank=987 loaded data/1536/stackoverflow_a2q.sub987.txt (|V_local|=1591  t_range=[10814516,239487564])
rank=987 loaded routing data/1536/stackoverflow_a2q.rt987.txt (1099 entries)
rank=987 added 2 boundary-only nodes from routing
rank=1007/1536 dataset=stackoverflow_a2q walkers=5208 (5244456..5249663) steps=30 mode=0 sched=single-bucket delta_t=0 policy=0
rank=1007 loaded data/1536/stackoverflow_a2q.sub1007.txt (|V_local|=1600  t_range=[6595987,239685633])
rank=1007 loaded routing data/1536/stackoverflow_a2q.rt1007.txt (931 entries)
rank=969/1536 dataset=stackoverflow_a2q walkers=5208 (5046552..5051759) steps=30 mode=0 sched=single-bucket delta_t=0 policy=0
rank=969 loaded data/1536/stackoverflow_a2q.sub969.txt (|V_local|=1593  t_range=[4084404,239643563])
rank=969 loaded routing data/1536/stackoverflow_a2q.rt969.txt (1085 entries)
rank=969 added 3 boundary-only nodes from routing
rank=990/1536 dataset=stackoverflow_a2q walkers=5208 (5155920..5161127) steps=30 mode=0 sched=single-bucket delta_t=0 policy=0
rank=990 loaded data/1536/stackoverflow_a2q.sub990.txt (|V_local|=1589  t_range=[15095018,239673275])
rank=990 loaded routing data/1536/stackoverflow_a2q.rt990.txt (1040 entries)
rank=990 added 2 boundary-only nodes from routing
rank=994/1536 dataset=stackoverflow_a2q walkers=5208 (5176752..5181959) steps=30 mode=0 sched=single-bucket delta_t=0 policy=0
rank=994 loaded data/1536/stackoverflow_a2q.sub994.txt (|V_local|=1593  t_range=[33055387,239571632])
rank=994 loaded routing data/1536/stackoverflow_a2q.rt994.txt (1050 entries)
rank=1003/1536 dataset=stackoverflow_a2q walkers=5208 (5223624..5228831) steps=30 mode=0 sched=single-bucket delta_t=0 policy=0
rank=1003 loaded data/1536/stackoverflow_a2q.sub1003.txt (|V_local|=1622  t_range=[29428137,239671948])
rank=1003 loaded routing data/1536/stackoverflow_a2q.rt1003.txt (1006 entries)
rank=1001/1536 dataset=stackoverflow_a2q walkers=5208 (5213208..5218415) steps=30 mode=0 sched=single-bucket delta_t=0 policy=0
rank=1001 loaded data/1536/stackoverflow_a2q.sub1001.txt (|V_local|=1596  t_range=[34799899,239488280])
rank=1001 loaded routing data/1536/stackoverflow_a2q.rt1001.txt (1076 entries)
rank=965/1536 dataset=stackoverflow_a2q walkers=5208 (5025720..5030927) steps=30 mode=0 sched=single-bucket delta_t=0 policy=0
rank=965 loaded data/1536/stackoverflow_a2q.sub965.txt (|V_local|=1593  t_range=[49391976,239592757])
rank=965 loaded routing data/1536/stackoverflow_a2q.rt965.txt (993 entries)
rank=965 added 2 boundary-only nodes from routing
rank=974/1536 dataset=stackoverflow_a2q walkers=5208 (5072592..5077799) steps=30 mode=0 sched=single-bucket delta_t=0 policy=0
rank=49/1536 dataset=stackoverflow_a2q walkers=5208 (255192..260399) steps=30 mode=0 sched=single-bucket delta_t=0 policy=0
rank=49 loaded data/1536/stackoverflow_a2q.sub49.txt (|V_local|=1580  t_range=[610355,239586025])
rank=49 loaded routing data/1536/stackoverflow_a2q.rt49.txt (1001 entries)
rank=49 added 5 boundary-only nodes from routing
rank=50/1536 dataset=stackoverflow_a2q walkers=5208 (260400..265607) steps=30 mode=0 sched=single-bucket delta_t=0 policy=0
rank=50 loaded data/1536/stackoverflow_a2q.sub50.txt (|V_local|=1588  t_range=[2388195,239595031])
rank=50 loaded routing data/1536/stackoverflow_a2q.rt50.txt (1024 entries)
rank=50 added 7 boundary-only nodes from routing
rank=55/1536 dataset=stackoverflow_a2q walkers=5208 (286440..291647) steps=30 mode=0 sched=single-bucket delta_t=0 policy=0
rank=55 loaded data/1536/stackoverflow_a2q.sub55.txt (|V_local|=1590  t_range=[3982809,239568291])
rank=55 loaded routing data/1536/stackoverflow_a2q.rt55.txt (1006 entries)
rank=55 added 2 boundary-only nodes from routing
rank=64/1536 dataset=stackoverflow_a2q walkers=5208 (333312..338519) steps=30 mode=0 sched=single-bucket delta_t=0 policy=0
rank=64 loaded data/1536/stackoverflow_a2q.sub64.txt (|V_local|=1576  t_range=[4031368,239665401])
rank=64 loaded routing data/1536/stackoverflow_a2q.rt64.txt (1013 entries)
rank=64 added 12 boundary-only nodes from routing
rank=75/1536 dataset=stackoverflow_a2q walkers=5208 (390600..395807) steps=30 mode=0 sched=single-bucket delta_t=0 policy=0
rank=75 loaded data/1536/stackoverflow_a2q.sub75.txt (|V_local|=1582  t_range=[3176993,239664386])
rank=75 loaded routing data/1536/stackoverflow_a2q.rt75.txt (1029 entries)
rank=75 added 9 boundary-only nodes from routing
rank=72/1536 dataset=stackoverflow_a2q walkers=5208 (374976..380183) steps=30 mode=0 sched=single-bucket delta_t=0 policy=0
rank=72 loaded data/1536/stackoverflow_a2q.sub72.txt (|V_local|=1591  t_range=[1671999,239653934])
rank=72 loaded routing data/1536/stackoverflow_a2q.rt72.txt (1042 entries)
rank=72 added 5 boundary-only nodes from routing
rank=51/1536 dataset=stackoverflow_a2q walkers=5208 (265608..270815) steps=30 mode=0 sched=single-bucket delta_t=0 policy=0
rank=51 loaded data/1536/stackoverflow_a2q.sub51.txt (|V_local|=1577  t_range=[1607731,239477987])
rank=51 loaded routing data/1536/stackoverflow_a2q.rt51.txt (1022 entries)
rank=51 added 11 boundary-only nodes from routing
rank=53/1536 dataset=stackoverflow_a2q walkers=5208 (276024..281231) steps=30 mode=0 sched=single-bucket delta_t=0 policy=0
rank=53 loaded data/1536/stackoverflow_a2q.sub53.txt (|V_local|=1651  t_range=[396990,239489958])
rank=53 loaded routing data/1536/stackoverflow_a2q.rt53.txt (580 entries)
rank=53 added 1 boundary-only nodes from routing
rank=48/1536 dataset=stackoverflow_a2q walkers=5208 (249984..255191) steps=30 mode=0 sched=single-bucket delta_t=0 policy=0
rank=48 loaded data/1536/stackoverflow_a2q.sub48.txt (|V_local|=1591  t_range=[2650894,239560103])
rank=48 loaded routing data/1536/stackoverflow_a2q.rt48.txt (1077 entries)
rank=48 added 2 boundary-only nodes from routing
rank=60/1536 dataset=stackoverflow_a2q walkers=5208 (312480..317687) steps=30 mode=0 sched=single-bucket delta_t=0 policy=0
rank=60 loaded data/1536/stackoverflow_a2q.sub60.txt (|V_local|=1589  t_range=[4812152,239458035])
rank=60 loaded routing data/1536/stackoverflow_a2q.rt60.txt (1067 entries)
rank=60 added 4 boundary-only nodes from routing
rank=56/1536 dataset=stackoverflow_a2q walkers=5208 (291648..296855) steps=30 mode=0 sched=single-bucket delta_t=0 policy=0
rank=56 loaded data/1536/stackoverflow_a2q.sub56.txt (|V_local|=1595  t_range=[2847764,239581518])
rank=56 loaded routing data/1536/stackoverflow_a2q.rt56.txt (1042 entries)
rank=56 added 1 boundary-only nodes from routing
rank=80/1536 dataset=stackoverflow_a2q walkers=5208 (416640..421847) steps=30 mode=0 sched=single-bucket delta_t=0 policy=0
rank=80 loaded data/1536/stackoverflow_a2q.sub80.txt (|V_local|=1589  t_range=[939856,239587655])
rank=80 loaded routing data/1536/stackoverflow_a2q.rt80.txt (995 entries)
rank=80 added 4 boundary-only nodes from routing
rank=94/1536 dataset=stackoverflow_a2q walkers=5208 (489552..494759) steps=30 mode=0 sched=single-bucket delta_t=0 policy=0
rank=94 loaded data/1536/stackoverflow_a2q.sub94.txt (|V_local|=1592  t_range=[2479480,239579053])
rank=94 loaded routing data/1536/stackoverflow_a2q.rt94.txt (1000 entries)
rank=94 added 4 boundary-only nodes from routing
rank=57/1536 dataset=stackoverflow_a2q walkers=5208 (296856..302063) steps=30 mode=0 sched=single-bucket delta_t=0 policy=0
rank=57 loaded data/1536/stackoverflow_a2q.sub57.txt (|V_local|=1593  t_range=[4124748,239678018])
rank=57 loaded routing data/1536/stackoverflow_a2q.rt57.txt (1086 entries)
rank=57 added 2 boundary-only nodes from routing
rank=68/1536 dataset=stackoverflow_a2q walkers=5208 (354144..359351) steps=30 mode=0 sched=single-bucket delta_t=0 policy=0
rank=68 loaded data/1536/stackoverflow_a2q.sub68.txt (|V_local|=1590  t_range=[2775996,239678510])
rank=68 loaded routing data/1536/stackoverflow_a2q.rt68.txt (1037 entries)
rank=68 added 3 boundary-only nodes from routing
rank=54/1536 dataset=stackoverflow_a2q walkers=5208 (281232..286439) steps=30 mode=0 sched=single-bucket delta_t=0 policy=0
rank=54 loaded data/1536/stackoverflow_a2q.sub54.txt (|V_local|=1582  t_range=[2217201,239545073])
rank=54 loaded routing data/1536/stackoverflow_a2q.rt54.txt (1034 entries)
rank=54 added 9 boundary-only nodes from routing
rank=62/1536 dataset=stackoverflow_a2q walkers=5208 (322896..328103) steps=30 mode=0 sched=single-bucket delta_t=0 policy=0
rank=62 loaded data/1536/stackoverflow_a2q.sub62.txt (|V_local|=1594  t_range=[1287654,239655805])
rank=62 loaded routing data/1536/stackoverflow_a2q.rt62.txt (1079 entries)
rank=62 added 2 boundary-only nodes from routing
rank=77/1536 dataset=stackoverflow_a2q walkers=5208 (401016..406223) steps=30 mode=0 sched=single-bucket delta_t=0 policy=0
rank=77 loaded data/1536/stackoverflow_a2q.sub77.txt (|V_local|=1588  t_range=[325134,239566036])
rank=77 loaded routing data/1536/stackoverflow_a2q.rt77.txt (1048 entries)
rank=77 added 8 boundary-only nodes from routing
rank=74/1536 dataset=stackoverflow_a2q walkers=5208 (385392..390599) steps=30 mode=0 sched=single-bucket delta_t=0 policy=0
rank=74 loaded data/1536/stackoverflow_a2q.sub74.txt (|V_local|=1594  t_range=[2825077,239466199])
rank=74 loaded routing data/1536/stackoverflow_a2q.rt74.txt (1057 entries)
rank=74 added 8 boundary-only nodes from routing
rank=76/1536 dataset=stackoverflow_a2q walkers=5208 (395808..401015) steps=30 mode=0 sched=single-bucket delta_t=0 policy=0
rank=76 loaded data/1536/stackoverflow_a2q.sub76.txt (|V_local|=1650  t_range=[592921,239595978])
rank=76 loaded routing data/1536/stackoverflow_a2q.rt76.txt (784 entries)
rank=76 added 1 boundary-only nodes from routing
rank=81/1536 dataset=stackoverflow_a2q walkers=5208 (421848..427055) steps=30 mode=0 sched=single-bucket delta_t=0 policy=0
rank=81 loaded data/1536/stackoverflow_a2q.sub81.txt (|V_local|=1587  t_range=[1879644,239672397])
rank=81 loaded routing data/1536/stackoverflow_a2q.rt81.txt (1087 entries)
rank=81 added 4 boundary-only nodes from routing
rank=69/1536 dataset=stackoverflow_a2q walkers=5208 (359352..364559) steps=30 mode=0 sched=single-bucket delta_t=0 policy=0
rank=69 loaded data/1536/stackoverflow_a2q.sub69.txt (|V_local|=1590  t_range=[2325895,239633957])
rank=69 loaded routing data/1536/stackoverflow_a2q.rt69.txt (1046 entries)
rank=69 added 2 boundary-only nodes from routing
rank=73/1536 dataset=stackoverflow_a2q walkers=5208 (380184..385391) steps=30 mode=0 sched=single-bucket delta_t=0 policy=0
rank=73 loaded data/1536/stackoverflow_a2q.sub73.txt (|V_local|=1586  t_range=[330246,239579165])
rank=73 loaded routing data/1536/stackoverflow_a2q.rt73.txt (1038 entries)
rank=73 added 6 boundary-only nodes from routing
rank=61/1536 dataset=stackoverflow_a2q walkers=5208 (317688..322895) steps=30 mode=0 sched=single-bucket delta_t=0 policy=0
rank=410/1536 dataset=stackoverflow_a2q walkers=5208 (2135280..2140487) steps=30 mode=0 sched=single-bucket delta_t=0 policy=0
rank=410 loaded data/1536/stackoverflow_a2q.sub410.txt (|V_local|=1617  t_range=[1200853,239036415])
rank=410 loaded routing data/1536/stackoverflow_a2q.rt410.txt (818 entries)
rank=410 added 7 boundary-only nodes from routing
rank=385/1536 dataset=stackoverflow_a2q walkers=5208 (2005080..2010287) steps=30 mode=0 sched=single-bucket delta_t=0 policy=0
rank=385 loaded data/1536/stackoverflow_a2q.sub385.txt (|V_local|=1595  t_range=[32034739,239498050])
rank=385 loaded routing data/1536/stackoverflow_a2q.rt385.txt (889 entries)
rank=389/1536 dataset=stackoverflow_a2q walkers=5208 (2025912..2031119) steps=30 mode=0 sched=single-bucket delta_t=0 policy=0
rank=389 loaded data/1536/stackoverflow_a2q.sub389.txt (|V_local|=1651  t_range=[33648213,239620631])
rank=389 loaded routing data/1536/stackoverflow_a2q.rt389.txt (359 entries)
rank=389 added 1 boundary-only nodes from routing
rank=388/1536 dataset=stackoverflow_a2q walkers=5208 (2020704..2025911) steps=30 mode=0 sched=single-bucket delta_t=0 policy=0
rank=388 loaded data/1536/stackoverflow_a2q.sub388.txt (|V_local|=1593  t_range=[6381663,239634655])
rank=388 loaded routing data/1536/stackoverflow_a2q.rt388.txt (873 entries)
rank=388 added 2 boundary-only nodes from routing
rank=428/1536 dataset=stackoverflow_a2q walkers=5208 (2229024..2234231) steps=30 mode=0 sched=single-bucket delta_t=0 policy=0
rank=428 loaded data/1536/stackoverflow_a2q.sub428.txt (|V_local|=1650  t_range=[3510454,239241929])
rank=428 loaded routing data/1536/stackoverflow_a2q.rt428.txt (615 entries)
rank=428 added 1 boundary-only nodes from routing
rank=398/1536 dataset=stackoverflow_a2q walkers=5208 (2072784..2077991) steps=30 mode=0 sched=single-bucket delta_t=0 policy=0
rank=398 loaded data/1536/stackoverflow_a2q.sub398.txt (|V_local|=1633  t_range=[4102223,239569690])
rank=398 loaded routing data/1536/stackoverflow_a2q.rt398.txt (892 entries)
rank=398 added 1 boundary-only nodes from routing
rank=431/1536 dataset=stackoverflow_a2q walkers=5208 (2244648..2249855) steps=30 mode=0 sched=single-bucket delta_t=0 policy=0
rank=431 loaded data/1536/stackoverflow_a2q.sub431.txt (|V_local|=1649  t_range=[4917640,239557139])
rank=431 loaded routing data/1536/stackoverflow_a2q.rt431.txt (629 entries)
rank=387/1536 dataset=stackoverflow_a2q walkers=5208 (2015496..2020703) steps=30 mode=0 sched=single-bucket delta_t=0 policy=0
rank=387 loaded data/1536/stackoverflow_a2q.sub387.txt (|V_local|=1592  t_range=[8255262,239691783])
rank=387 loaded routing data/1536/stackoverflow_a2q.rt387.txt (1012 entries)
rank=387 added 4 boundary-only nodes from routing
rank=417/1536 dataset=stackoverflow_a2q walkers=5208 (2171736..2176943) steps=30 mode=0 sched=single-bucket delta_t=0 policy=0
rank=417 loaded data/1536/stackoverflow_a2q.sub417.txt (|V_local|=1584  t_range=[4650700,239545971])
rank=417 loaded routing data/1536/stackoverflow_a2q.rt417.txt (1117 entries)
rank=417 added 10 boundary-only nodes from routing
rank=386/1536 dataset=stackoverflow_a2q walkers=5208 (2010288..2015495) steps=30 mode=0 sched=single-bucket delta_t=0 policy=0
rank=386 loaded data/1536/stackoverflow_a2q.sub386.txt (|V_local|=1591  t_range=[10169952,239645753])
rank=386 loaded routing data/1536/stackoverflow_a2q.rt386.txt (1048 entries)
rank=386 added 1 boundary-only nodes from routing
rank=420/1536 dataset=stackoverflow_a2q walkers=5208 (2187360..2192567) steps=30 mode=0 sched=single-bucket delta_t=0 policy=0
rank=420 loaded data/1536/stackoverflow_a2q.sub420.txt (|V_local|=1594  t_range=[1717779,239522961])
rank=420 loaded routing data/1536/stackoverflow_a2q.rt420.txt (989 entries)
rank=420 added 1 boundary-only nodes from routing
rank=397/1536 dataset=stackoverflow_a2q walkers=5208 (2067576..2072783) steps=30 mode=0 sched=single-bucket delta_t=0 policy=0
rank=397 loaded data/1536/stackoverflow_a2q.sub397.txt (|V_local|=1646  t_range=[28939098,239688297])
rank=397 loaded routing data/1536/stackoverflow_a2q.rt397.txt (729 entries)
rank=397 added 1 boundary-only nodes from routing
rank=392/1536 dataset=stackoverflow_a2q walkers=5208 (2041536..2046743) steps=30 mode=0 sched=single-bucket delta_t=0 policy=0
rank=392 loaded data/1536/stackoverflow_a2q.sub392.txt (|V_local|=1648  t_range=[33312120,239675236])
rank=392 loaded routing data/1536/stackoverflow_a2q.rt392.txt (570 entries)
rank=390/1536 dataset=stackoverflow_a2q walkers=5208 (2031120..2036327) steps=30 mode=0 sched=single-bucket delta_t=0 policy=0
rank=390 loaded data/1536/stackoverflow_a2q.sub390.txt (|V_local|=1625  t_range=[3869417,239665656])
rank=390 loaded routing data/1536/stackoverflow_a2q.rt390.txt (863 entries)
rank=390 added 3 boundary-only nodes from routing
rank=393/1536 dataset=stackoverflow_a2q walkers=5208 (2046744..2051951) steps=30 mode=0 sched=single-bucket delta_t=0 policy=0
rank=393 loaded data/1536/stackoverflow_a2q.sub393.txt (|V_local|=1596  t_range=[3947593,239647203])
rank=393 loaded routing data/1536/stackoverflow_a2q.rt393.txt (1027 entries)
rank=394/1536 dataset=stackoverflow_a2q walkers=5208 (2051952..2057159) steps=30 mode=0 sched=single-bucket delta_t=0 policy=0
rank=394 loaded data/1536/stackoverflow_a2q.sub394.txt (|V_local|=1599  t_range=[21146830,239677078])
rank=394 loaded routing data/1536/stackoverflow_a2q.rt394.txt (840 entries)
rank=394 added 1 boundary-only nodes from routing
rank=416/1536 dataset=stackoverflow_a2q walkers=5208 (2166528..2171735) steps=30 mode=0 sched=single-bucket delta_t=0 policy=0
rank=416 loaded data/1536/stackoverflow_a2q.sub416.txt (|V_local|=1585  t_range=[3686775,239407571])
rank=416 loaded routing data/1536/stackoverflow_a2q.rt416.txt (950 entries)
rank=416 added 10 boundary-only nodes from routing
rank=404/1536 dataset=stackoverflow_a2q walkers=5208 (2104032..2109239) steps=30 mode=0 sched=single-bucket delta_t=0 policy=0
rank=404 loaded data/1536/stackoverflow_a2q.sub404.txt (|V_local|=1592  t_range=[4014699,239590420])
rank=404 loaded routing data/1536/stackoverflow_a2q.rt404.txt (908 entries)
rank=404 added 1 boundary-only nodes from routing
rank=414/1536 dataset=stackoverflow_a2q walkers=5208 (2156112..2161319) steps=30 mode=0 sched=single-bucket delta_t=0 policy=0
rank=414 loaded data/1536/stackoverflow_a2q.sub414.txt (|V_local|=1590  t_range=[2250971,239655177])
rank=414 loaded routing data/1536/stackoverflow_a2q.rt414.txt (1045 entries)
rank=414 added 1 boundary-only nodes from routing
rank=430/1536 dataset=stackoverflow_a2q walkers=5208 (2239440..2244647) steps=30 mode=0 sched=single-bucket delta_t=0 policy=0
rank=430 loaded data/1536/stackoverflow_a2q.sub430.txt (|V_local|=1598  t_range=[2635996,239674284])
rank=430 loaded routing data/1536/stackoverflow_a2q.rt430.txt (850 entries)
rank=430 added 4 boundary-only nodes from routing
rank=409/1536 dataset=stackoverflow_a2q walkers=5208 (2130072..2135279) steps=30 mode=0 sched=single-bucket delta_t=0 policy=0
rank=409 loaded data/1536/stackoverflow_a2q.sub409.txt (|V_local|=1650  t_range=[942511,239577106])
rank=409 loaded routing data/1536/stackoverflow_a2q.rt409.txt (664 entries)
rank=409 added 2 boundary-only nodes from routing
rank=395/1536 dataset=stackoverflow_a2q walkers=5208 (2057160..2062367) steps=30 mode=0 sched=single-bucket delta_t=0 policy=0
rank=395 loaded data/1536/stackoverflow_a2q.sub395.txt (|V_local|=1642  t_range=[3941965,239599770])
rank=395 loaded routing data/1536/stackoverflow_a2q.rt395.txt (827 entries)
rank=395 added 1 boundary-only nodes from routing
rank=403/1536 dataset=stackoverflow_a2q walkers=5208 (2098824..2104031) steps=30 mode=0 sched=single-bucket delta_t=0 policy=0
rank=403 loaded data/1536/stackoverflow_a2q.sub403.txt (|V_local|=1651  t_range=[16119014,239644420])
rank=403 loaded routing data/1536/stackoverflow_a2q.rt403.txt (748 entries)
rank=403 added 1 boundary-only nodes from routing
rank=411/1536 dataset=stackoverflow_a2q walkers=5208 (2140488..2145695) steps=30 mode=0 sched=single-bucket delta_t=0 policy=0
rank=411 loaded data/1536/stackoverflow_a2q.sub411.txt (|V_local|=1587  t_range=[2908472,239668066])
rank=465/1536 dataset=stackoverflow_a2q walkers=5208 (2421720..2426927) steps=30 mode=0 sched=single-bucket delta_t=0 policy=0
rank=465 loaded data/1536/stackoverflow_a2q.sub465.txt (|V_local|=1576  t_range=[2849975,239688608])
rank=465 loaded routing data/1536/stackoverflow_a2q.rt465.txt (1074 entries)
rank=465 added 10 boundary-only nodes from routing
rank=477/1536 dataset=stackoverflow_a2q walkers=5208 (2484216..2489423) steps=30 mode=0 sched=single-bucket delta_t=0 policy=0
rank=477 loaded data/1536/stackoverflow_a2q.sub477.txt (|V_local|=1589  t_range=[3965388,239596069])
rank=477 loaded routing data/1536/stackoverflow_a2q.rt477.txt (1005 entries)
rank=477 added 2 boundary-only nodes from routing
rank=439/1536 dataset=stackoverflow_a2q walkers=5208 (2286312..2291519) steps=30 mode=0 sched=single-bucket delta_t=0 policy=0
rank=439 loaded data/1536/stackoverflow_a2q.sub439.txt (|V_local|=1596  t_range=[1357582,239669267])
rank=439 loaded routing data/1536/stackoverflow_a2q.rt439.txt (984 entries)
rank=439 added 2 boundary-only nodes from routing
rank=444/1536 dataset=stackoverflow_a2q walkers=5208 (2312352..2317559) steps=30 mode=0 sched=single-bucket delta_t=0 policy=0
rank=444 loaded data/1536/stackoverflow_a2q.sub444.txt (|V_local|=1595  t_range=[3963532,239562856])
rank=444 loaded routing data/1536/stackoverflow_a2q.rt444.txt (1125 entries)
rank=440/1536 dataset=stackoverflow_a2q walkers=5208 (2291520..2296727) steps=30 mode=0 sched=single-bucket delta_t=0 policy=0
rank=440 loaded data/1536/stackoverflow_a2q.sub440.txt (|V_local|=1601  t_range=[4742536,239490044])
rank=440 loaded routing data/1536/stackoverflow_a2q.rt440.txt (879 entries)
rank=440 added 2 boundary-only nodes from routing
rank=447/1536 dataset=stackoverflow_a2q walkers=5208 (2327976..2333183) steps=30 mode=0 sched=single-bucket delta_t=0 policy=0
rank=447 loaded data/1536/stackoverflow_a2q.sub447.txt (|V_local|=1576  t_range=[5438036,239656027])
rank=447 loaded routing data/1536/stackoverflow_a2q.rt447.txt (1144 entries)
rank=447 added 12 boundary-only nodes from routing
rank=442/1536 dataset=stackoverflow_a2q walkers=5208 (2301936..2307143) steps=30 mode=0 sched=single-bucket delta_t=0 policy=0
rank=442 loaded data/1536/stackoverflow_a2q.sub442.txt (|V_local|=1648  t_range=[7669335,239502429])
rank=442 loaded routing data/1536/stackoverflow_a2q.rt442.txt (825 entries)
rank=442 added 4 boundary-only nodes from routing
rank=435/1536 dataset=stackoverflow_a2q walkers=5208 (2265480..2270687) steps=30 mode=0 sched=single-bucket delta_t=0 policy=0
rank=435 loaded data/1536/stackoverflow_a2q.sub435.txt (|V_local|=1589  t_range=[6426372,239615362])
rank=435 loaded routing data/1536/stackoverflow_a2q.rt435.txt (1086 entries)
rank=435 added 5 boundary-only nodes from routing
rank=478/1536 dataset=stackoverflow_a2q walkers=5208 (2489424..2494631) steps=30 mode=0 sched=single-bucket delta_t=0 policy=0
rank=478 loaded data/1536/stackoverflow_a2q.sub478.txt (|V_local|=1651  t_range=[10909544,239690776])
rank=478 loaded routing data/1536/stackoverflow_a2q.rt478.txt (947 entries)
rank=478 added 1 boundary-only nodes from routing
rank=475/1536 dataset=stackoverflow_a2q walkers=5208 (2473800..2479007) steps=30 mode=0 sched=single-bucket delta_t=0 policy=0
rank=475 loaded data/1536/stackoverflow_a2q.sub475.txt (|V_local|=1596  t_range=[21983025,239641329])
rank=475 loaded routing data/1536/stackoverflow_a2q.rt475.txt (1074 entries)
rank=475 added 2 boundary-only nodes from routing
rank=434/1536 dataset=stackoverflow_a2q walkers=5208 (2260272..2265479) steps=30 mode=0 sched=single-bucket delta_t=0 policy=0
rank=434 loaded data/1536/stackoverflow_a2q.sub434.txt (|V_local|=1646  t_range=[1875507,239644348])
rank=434 loaded routing data/1536/stackoverflow_a2q.rt434.txt (724 entries)
rank=434 added 6 boundary-only nodes from routing
rank=437/1536 dataset=stackoverflow_a2q walkers=5208 (2275896..2281103) steps=30 mode=0 sched=single-bucket delta_t=0 policy=0
rank=437 loaded data/1536/stackoverflow_a2q.sub437.txt (|V_local|=1649  t_range=[4224226,239687459])
rank=437 loaded routing data/1536/stackoverflow_a2q.rt437.txt (797 entries)
rank=437 added 3 boundary-only nodes from routing
rank=438/1536 dataset=stackoverflow_a2q walkers=5208 (2281104..2286311) steps=30 mode=0 sched=single-bucket delta_t=0 policy=0
rank=438 loaded data/1536/stackoverflow_a2q.sub438.txt (|V_local|=1585  t_range=[1640037,239681166])
rank=438 loaded routing data/1536/stackoverflow_a2q.rt438.txt (1070 entries)
rank=438 added 8 boundary-only nodes from routing
rank=433/1536 dataset=stackoverflow_a2q walkers=5208 (2255064..2260271) steps=30 mode=0 sched=single-bucket delta_t=0 policy=0
rank=433 loaded data/1536/stackoverflow_a2q.sub433.txt (|V_local|=1568  t_range=[3921791,239595939])
rank=433 loaded routing data/1536/stackoverflow_a2q.rt433.txt (1168 entries)
rank=433 added 19 boundary-only nodes from routing
rank=471/1536 dataset=stackoverflow_a2q walkers=5208 (2452968..2458175) steps=30 mode=0 sched=single-bucket delta_t=0 policy=0
rank=471 loaded data/1536/stackoverflow_a2q.sub471.txt (|V_local|=1644  t_range=[15890467,239492668])
rank=471 loaded routing data/1536/stackoverflow_a2q.rt471.txt (592 entries)
rank=471 added 8 boundary-only nodes from routing
rank=459/1536 dataset=stackoverflow_a2q walkers=5208 (2390472..2395679) steps=30 mode=0 sched=single-bucket delta_t=0 policy=0
rank=459 loaded data/1536/stackoverflow_a2q.sub459.txt (|V_local|=1588  t_range=[400204,239672074])
rank=459 loaded routing data/1536/stackoverflow_a2q.rt459.txt (1068 entries)
rank=459 added 2 boundary-only nodes from routing
rank=462/1536 dataset=stackoverflow_a2q walkers=5208 (2406096..2411303) steps=30 mode=0 sched=single-bucket delta_t=0 policy=0
rank=462 loaded data/1536/stackoverflow_a2q.sub462.txt (|V_local|=1585  t_range=[3651505,239664712])
rank=462 loaded routing data/1536/stackoverflow_a2q.rt462.txt (1106 entries)
rank=462 added 7 boundary-only nodes from routing
rank=443/1536 dataset=stackoverflow_a2q walkers=5208 (2307144..2312351) steps=30 mode=0 sched=single-bucket delta_t=0 policy=0
rank=443 loaded data/1536/stackoverflow_a2q.sub443.txt (|V_local|=1592  t_range=[4051912,239693607])
rank=443 loaded routing data/1536/stackoverflow_a2q.rt443.txt (1114 entries)
rank=443 added 2 boundary-only nodes from routing
rank=463/1536 dataset=stackoverflow_a2q walkers=5208 (2411304..2416511) steps=30 mode=0 sched=single-bucket delta_t=0 policy=0
rank=463 loaded data/1536/stackoverflow_a2q.sub463.txt (|V_local|=1650  t_range=[4326928,239646122])
rank=463 loaded routing data/1536/stackoverflow_a2q.rt463.txt (733 entries)
rank=463 added 2 boundary-only nodes from routing
rank=441/1536 dataset=stackoverflow_a2q walkers=5208 (2296728..2301935) steps=30 mode=0 sched=single-bucket delta_t=0 policy=0
rank=441 loaded data/1536/stackoverflow_a2q.sub441.txt (|V_local|=1585  t_range=[4079890,239668863])
rank=441 loaded routing data/1536/stackoverflow_a2q.rt441.txt (968 entries)
rank=441 added 6 boundary-only nodes from routing
rank=436/1536 dataset=stackoverflow_a2q walkers=5208 (2270688..2275895) steps=30 mode=0 sched=single-bucket delta_t=0 policy=0
rank=436 loaded data/1536/stackoverflow_a2q.sub436.txt (|V_local|=1585  t_range=[4548499,239598089])
rank=436 loaded routing data/1536/stackoverflow_a2q.rt436.txt (1008 entries)
rank=436 added 10 boundary-only nodes from routing
rank=448/1536 dataset=stackoverflow_a2q walkers=5208 (2333184..2338391) steps=30 mode=0 sched=single-bucket delta_t=0 policy=0
rank=448 loaded data/1536/stackoverflow_a2q.sub448.txt (|V_local|=1590  t_range=[4077217,239614129])
rank=448 loaded routing data/1536/stackoverflow_a2q.rt448.txt (948 entries)
rank=448 added 15 boundary-only nodes from routing
rank=1110/1536 dataset=stackoverflow_a2q walkers=5208 (5780880..5786087) steps=30 mode=0 sched=single-bucket delta_t=0 policy=0
rank=1110 loaded data/1536/stackoverflow_a2q.sub1110.txt (|V_local|=1594  t_range=[33683307,239677176])
rank=1110 loaded routing data/1536/stackoverflow_a2q.rt1110.txt (1097 entries)
rank=1106/1536 dataset=stackoverflow_a2q walkers=5208 (5760048..5765255) steps=30 mode=0 sched=single-bucket delta_t=0 policy=0
rank=1106 loaded data/1536/stackoverflow_a2q.sub1106.txt (|V_local|=1606  t_range=[27527822,239686450])
rank=1106 loaded routing data/1536/stackoverflow_a2q.rt1106.txt (1099 entries)
rank=1112/1536 dataset=stackoverflow_a2q walkers=5208 (5791296..5796503) steps=30 mode=0 sched=single-bucket delta_t=0 policy=0
rank=1112 loaded data/1536/stackoverflow_a2q.sub1112.txt (|V_local|=1593  t_range=[23881533,239682474])
rank=1112 loaded routing data/1536/stackoverflow_a2q.rt1112.txt (1088 entries)
rank=1112 added 1 boundary-only nodes from routing
rank=1105/1536 dataset=stackoverflow_a2q walkers=5208 (5754840..5760047) steps=30 mode=0 sched=single-bucket delta_t=0 policy=0
rank=1105 loaded data/1536/stackoverflow_a2q.sub1105.txt (|V_local|=1593  t_range=[39070909,239675345])
rank=1105 loaded routing data/1536/stackoverflow_a2q.rt1105.txt (1073 entries)
rank=1105 added 2 boundary-only nodes from routing
rank=1121/1536 dataset=stackoverflow_a2q walkers=5208 (5838168..5843375) steps=30 mode=0 sched=single-bucket delta_t=0 policy=0
rank=1121 loaded data/1536/stackoverflow_a2q.sub1121.txt (|V_local|=1594  t_range=[31615942,239641571])
rank=1121 loaded routing data/1536/stackoverflow_a2q.rt1121.txt (1060 entries)
rank=1137/1536 dataset=stackoverflow_a2q walkers=5208 (5921496..5926703) steps=30 mode=0 sched=single-bucket delta_t=0 policy=0
rank=1137 loaded data/1536/stackoverflow_a2q.sub1137.txt (|V_local|=1593  t_range=[15623304,239694340])
rank=1137 loaded routing data/1536/stackoverflow_a2q.rt1137.txt (1057 entries)
rank=1137 added 1 boundary-only nodes from routing
rank=1144/1536 dataset=stackoverflow_a2q walkers=5208 (5957952..5963159) steps=30 mode=0 sched=single-bucket delta_t=0 policy=0
rank=1144 loaded data/1536/stackoverflow_a2q.sub1144.txt (|V_local|=1598  t_range=[28185064,239569622])
rank=1144 loaded routing data/1536/stackoverflow_a2q.rt1144.txt (992 entries)
rank=1107/1536 dataset=stackoverflow_a2q walkers=5208 (5765256..5770463) steps=30 mode=0 sched=single-bucket delta_t=0 policy=0
rank=1107 loaded data/1536/stackoverflow_a2q.sub1107.txt (|V_local|=1589  t_range=[33920285,239600459])
rank=1107 loaded routing data/1536/stackoverflow_a2q.rt1107.txt (1096 entries)
rank=1107 added 4 boundary-only nodes from routing
rank=1109/1536 dataset=stackoverflow_a2q walkers=5208 (5775672..5780879) steps=30 mode=0 sched=single-bucket delta_t=0 policy=0
rank=1109 loaded data/1536/stackoverflow_a2q.sub1109.txt (|V_local|=1595  t_range=[6107094,239682446])
rank=1109 loaded routing data/1536/stackoverflow_a2q.rt1109.txt (1023 entries)
rank=1109 added 1 boundary-only nodes from routing
rank=1108/1536 dataset=stackoverflow_a2q walkers=5208 (5770464..5775671) steps=30 mode=0 sched=single-bucket delta_t=0 policy=0
rank=1108 loaded data/1536/stackoverflow_a2q.sub1108.txt (|V_local|=1592  t_range=[32228027,239680416])
rank=1108 loaded routing data/1536/stackoverflow_a2q.rt1108.txt (941 entries)
rank=1148/1536 dataset=stackoverflow_a2q walkers=5208 (5978784..5983991) steps=30 mode=0 sched=single-bucket delta_t=0 policy=0
rank=1148 loaded data/1536/stackoverflow_a2q.sub1148.txt (|V_local|=1594  t_range=[29959253,239675625])
rank=1148 loaded routing data/1536/stackoverflow_a2q.rt1148.txt (832 entries)
rank=1148 added 1 boundary-only nodes from routing
rank=1104/1536 dataset=stackoverflow_a2q walkers=5208 (5749632..5754839) steps=30 mode=0 sched=single-bucket delta_t=0 policy=0
rank=1104 loaded data/1536/stackoverflow_a2q.sub1104.txt (|V_local|=1597  t_range=[13560399,239670502])
rank=1104 loaded routing data/1536/stackoverflow_a2q.rt1104.txt (1103 entries)
rank=1104 added 1 boundary-only nodes from routing
rank=1114/1536 dataset=stackoverflow_a2q walkers=5208 (5801712..5806919) steps=30 mode=0 sched=single-bucket delta_t=0 policy=0
rank=1114 loaded data/1536/stackoverflow_a2q.sub1114.txt (|V_local|=1588  t_range=[9597841,239561495])
rank=1114 loaded routing data/1536/stackoverflow_a2q.rt1114.txt (1103 entries)
rank=1114 added 2 boundary-only nodes from routing
rank=1141/1536 dataset=stackoverflow_a2q walkers=5208 (5942328..5947535) steps=30 mode=0 sched=single-bucket delta_t=0 policy=0
rank=1141 loaded data/1536/stackoverflow_a2q.sub1141.txt (|V_local|=1591  t_range=[24857188,239579612])
rank=1141 loaded routing data/1536/stackoverflow_a2q.rt1141.txt (887 entries)
rank=1111/1536 dataset=stackoverflow_a2q walkers=5208 (5786088..5791295) steps=30 mode=0 sched=single-bucket delta_t=0 policy=0
rank=1111 loaded data/1536/stackoverflow_a2q.sub1111.txt (|V_local|=1597  t_range=[15477572,239643116])
rank=1111 loaded routing data/1536/stackoverflow_a2q.rt1111.txt (1053 entries)
rank=1118/1536 dataset=stackoverflow_a2q walkers=5208 (5822544..5827751) steps=30 mode=0 sched=single-bucket delta_t=0 policy=0
rank=1118 loaded data/1536/stackoverflow_a2q.sub1118.txt (|V_local|=1586  t_range=[13957257,239686456])
rank=1118 loaded routing data/1536/stackoverflow_a2q.rt1118.txt (894 entries)
rank=1118 added 2 boundary-only nodes from routing
rank=1130/1536 dataset=stackoverflow_a2q walkers=5208 (5885040..5890247) steps=30 mode=0 sched=single-bucket delta_t=0 policy=0
rank=1130 loaded data/1536/stackoverflow_a2q.sub1130.txt (|V_local|=1600  t_range=[36701618,239594662])
rank=1130 loaded routing data/1536/stackoverflow_a2q.rt1130.txt (1005 entries)
rank=1113/1536 dataset=stackoverflow_a2q walkers=5208 (5796504..5801711) steps=30 mode=0 sched=single-bucket delta_t=0 policy=0
rank=1113 loaded data/1536/stackoverflow_a2q.sub1113.txt (|V_local|=1589  t_range=[54163125,239663777])
rank=1113 loaded routing data/1536/stackoverflow_a2q.rt1113.txt (1054 entries)
rank=1129/1536 dataset=stackoverflow_a2q walkers=5208 (5879832..5885039) steps=30 mode=0 sched=single-bucket delta_t=0 policy=0
rank=1129 loaded data/1536/stackoverflow_a2q.sub1129.txt (|V_local|=1597  t_range=[63472904,239690685])
rank=1129 loaded routing data/1536/stackoverflow_a2q.rt1129.txt (980 entries)
rank=1129 added 2 boundary-only nodes from routing
rank=1133/1536 dataset=stackoverflow_a2q walkers=5208 (5900664..5905871) steps=30 mode=0 sched=single-bucket delta_t=0 policy=0
rank=1133 loaded data/1536/stackoverflow_a2q.sub1133.txt (|V_local|=1594  t_range=[16885910,239579137])
rank=1133 loaded routing data/1536/stackoverflow_a2q.rt1133.txt (1096 entries)
rank=1133 added 2 boundary-only nodes from routing
rank=1145/1536 dataset=stackoverflow_a2q walkers=5208 (5963160..5968367) steps=30 mode=0 sched=single-bucket delta_t=0 policy=0
rank=1145 loaded data/1536/stackoverflow_a2q.sub1145.txt (|V_local|=1589  t_range=[25870180,239663798])
rank=1145 loaded routing data/1536/stackoverflow_a2q.rt1145.txt (1137 entries)
rank=1145 added 4 boundary-only nodes from routing
rank=1123/1536 dataset=stackoverflow_a2q walkers=5208 (5848584..5853791) steps=30 mode=0 sched=single-bucket delta_t=0 policy=0
rank=1123 loaded data/1536/stackoverflow_a2q.sub1123.txt (|V_local|=1597  t_range=[44263263,239698329])
rank=1123 loaded routing data/1536/stackoverflow_a2q.rt1123.txt (1071 entries)
rank=1139/1536 dataset=stackoverflow_a2q walkers=5208 (5931912..5937119) steps=30 mode=0 sched=single-bucket delta_t=0 policy=0
rank=1139 loaded data/1536/stackoverflow_a2q.sub1139.txt (|V_local|=1591  t_range=[50024637,239605125])
rank=1139 loaded routing data/1536/stackoverflow_a2q.rt1139.txt (1098 entries)
rank=1139 added 5 boundary-only nodes from routing
rank=1136/1536 dataset=stackoverflow_a2q walkers=5208 (5916288..5921495) steps=30 mode=0 sched=single-bucket delta_t=0 policy=0
rank=1136 loaded data/1536/stackoverflow_a2q.sub1136.txt (|V_local|=1597  t_range=[45271724,239491527])
rank=1136 loaded routing data/1536/stackoverflow_a2q.rt1136.txt (1060 entries)
rank=1378/1536 dataset=stackoverflow_a2q walkers=5208 (7176624..7181831) steps=30 mode=0 sched=single-bucket delta_t=0 policy=0
rank=1378 loaded data/1536/stackoverflow_a2q.sub1378.txt (|V_local|=1594  t_range=[21316151,239574404])
rank=1378 loaded routing data/1536/stackoverflow_a2q.rt1378.txt (1138 entries)
rank=1378 added 1 boundary-only nodes from routing
rank=1368/1536 dataset=stackoverflow_a2q walkers=5208 (7124544..7129751) steps=30 mode=0 sched=single-bucket delta_t=0 policy=0
rank=1368 loaded data/1536/stackoverflow_a2q.sub1368.txt (|V_local|=1595  t_range=[7147269,239605464])
rank=1368 loaded routing data/1536/stackoverflow_a2q.rt1368.txt (1122 entries)
rank=1356/1536 dataset=stackoverflow_a2q walkers=5208 (7062048..7067255) steps=30 mode=0 sched=single-bucket delta_t=0 policy=0
rank=1356 loaded data/1536/stackoverflow_a2q.sub1356.txt (|V_local|=1599  t_range=[4073459,239573420])
rank=1356 loaded routing data/1536/stackoverflow_a2q.rt1356.txt (1050 entries)
rank=1356 added 2 boundary-only nodes from routing
rank=1374/1536 dataset=stackoverflow_a2q walkers=5208 (7155792..7160999) steps=30 mode=0 sched=single-bucket delta_t=0 policy=0
rank=1374 loaded data/1536/stackoverflow_a2q.sub1374.txt (|V_local|=1587  t_range=[3374178,239566473])
rank=1374 loaded routing data/1536/stackoverflow_a2q.rt1374.txt (1140 entries)
rank=1374 added 7 boundary-only nodes from routing
rank=1379/1536 dataset=stackoverflow_a2q walkers=5208 (7181832..7187039) steps=30 mode=0 sched=single-bucket delta_t=0 policy=0
rank=1379 loaded data/1536/stackoverflow_a2q.sub1379.txt (|V_local|=1589  t_range=[26039185,239352434])
rank=1379 loaded routing data/1536/stackoverflow_a2q.rt1379.txt (1040 entries)
rank=1362/1536 dataset=stackoverflow_a2q walkers=5208 (7093296..7098503) steps=30 mode=0 sched=single-bucket delta_t=0 policy=0
rank=1362 loaded data/1536/stackoverflow_a2q.sub1362.txt (|V_local|=1587  t_range=[21807068,239612875])
rank=1362 loaded routing data/1536/stackoverflow_a2q.rt1362.txt (1073 entries)
rank=1362 added 2 boundary-only nodes from routing
rank=1346/1536 dataset=stackoverflow_a2q walkers=5208 (7009968..7015175) steps=30 mode=0 sched=single-bucket delta_t=0 policy=0
rank=1346 loaded data/1536/stackoverflow_a2q.sub1346.txt (|V_local|=1591  t_range=[9557227,239663535])
rank=1346 loaded routing data/1536/stackoverflow_a2q.rt1346.txt (1082 entries)
rank=1346 added 4 boundary-only nodes from routing
rank=1360/1536 dataset=stackoverflow_a2q walkers=5208 (7082880..7088087) steps=30 mode=0 sched=single-bucket delta_t=0 policy=0
rank=1360 loaded data/1536/stackoverflow_a2q.sub1360.txt (|V_local|=1650  t_range=[16339427,239668555])
rank=1360 loaded routing data/1536/stackoverflow_a2q.rt1360.txt (956 entries)
rank=1373/1536 dataset=stackoverflow_a2q walkers=5208 (7150584..7155791) steps=30 mode=0 sched=single-bucket delta_t=0 policy=0
rank=1373 loaded data/1536/stackoverflow_a2q.sub1373.txt (|V_local|=1603  t_range=[33238183,239495684])
rank=1373 loaded routing data/1536/stackoverflow_a2q.rt1373.txt (1130 entries)
rank=1373 added 2 boundary-only nodes from routing
rank=1351/1536 dataset=stackoverflow_a2q walkers=5208 (7036008..7041215) steps=30 mode=0 sched=single-bucket delta_t=0 policy=0
rank=1351 loaded data/1536/stackoverflow_a2q.sub1351.txt (|V_local|=1589  t_range=[3353395,239643796])
rank=1351 loaded routing data/1536/stackoverflow_a2q.rt1351.txt (1053 entries)
rank=1351 added 3 boundary-only nodes from routing
rank=1380/1536 dataset=stackoverflow_a2q walkers=5208 (7187040..7192247) steps=30 mode=0 sched=single-bucket delta_t=0 policy=0
rank=1380 loaded data/1536/stackoverflow_a2q.sub1380.txt (|V_local|=1592  t_range=[2379883,239653610])
rank=1380 loaded routing data/1536/stackoverflow_a2q.rt1380.txt (1119 entries)
rank=1380 added 4 boundary-only nodes from routing
rank=1358/1536 dataset=stackoverflow_a2q walkers=5208 (7072464..7077671) steps=30 mode=0 sched=single-bucket delta_t=0 policy=0
rank=1358 loaded data/1536/stackoverflow_a2q.sub1358.txt (|V_local|=1647  t_range=[11362549,239661576])
rank=1358 loaded routing data/1536/stackoverflow_a2q.rt1358.txt (658 entries)
rank=1358 added 3 boundary-only nodes from routing
rank=1348/1536 dataset=stackoverflow_a2q walkers=5208 (7020384..7025591) steps=30 mode=0 sched=single-bucket delta_t=0 policy=0
rank=1348 loaded data/1536/stackoverflow_a2q.sub1348.txt (|V_local|=1591  t_range=[26849847,239690309])
rank=1348 loaded routing data/1536/stackoverflow_a2q.rt1348.txt (1062 entries)
rank=1348 added 3 boundary-only nodes from routing
rank=1349/1536 dataset=stackoverflow_a2q walkers=5208 (7025592..7030799) steps=30 mode=0 sched=single-bucket delta_t=0 policy=0
rank=1349 loaded data/1536/stackoverflow_a2q.sub1349.txt (|V_local|=1593  t_range=[4898626,239619698])
rank=1349 loaded routing data/1536/stackoverflow_a2q.rt1349.txt (1096 entries)
rank=1381/1536 dataset=stackoverflow_a2q walkers=5208 (7192248..7197455) steps=30 mode=0 sched=single-bucket delta_t=0 policy=0
rank=1381 loaded data/1536/stackoverflow_a2q.sub1381.txt (|V_local|=1584  t_range=[952981,239586854])
rank=1381 loaded routing data/1536/stackoverflow_a2q.rt1381.txt (1096 entries)
rank=1381 added 4 boundary-only nodes from routing
rank=1352/1536 dataset=stackoverflow_a2q walkers=5208 (7041216..7046423) steps=30 mode=0 sched=single-bucket delta_t=0 policy=0
rank=1352 loaded data/1536/stackoverflow_a2q.sub1352.txt (|V_local|=1589  t_range=[14267420,239647760])
rank=1352 loaded routing data/1536/stackoverflow_a2q.rt1352.txt (1093 entries)
rank=1352 added 6 boundary-only nodes from routing
rank=1354/1536 dataset=stackoverflow_a2q walkers=5208 (7051632..7056839) steps=30 mode=0 sched=single-bucket delta_t=0 policy=0
rank=1354 loaded data/1536/stackoverflow_a2q.sub1354.txt (|V_local|=1584  t_range=[470731,239601177])
rank=1354 loaded routing data/1536/stackoverflow_a2q.rt1354.txt (1017 entries)
rank=1354 added 2 boundary-only nodes from routing
rank=1383/1536 dataset=stackoverflow_a2q walkers=5208 (7202664..7207871) steps=30 mode=0 sched=single-bucket delta_t=0 policy=0
rank=1383 loaded data/1536/stackoverflow_a2q.sub1383.txt (|V_local|=1589  t_range=[40520787,239623821])
rank=1383 loaded routing data/1536/stackoverflow_a2q.rt1383.txt (1115 entries)
rank=1383 added 4 boundary-only nodes from routing
rank=1353/1536 dataset=stackoverflow_a2q walkers=5208 (7046424..7051631) steps=30 mode=0 sched=single-bucket delta_t=0 policy=0
rank=1353 loaded data/1536/stackoverflow_a2q.sub1353.txt (|V_local|=1586  t_range=[4471321,239580561])
rank=1353 loaded routing data/1536/stackoverflow_a2q.rt1353.txt (1063 entries)
rank=1353 added 6 boundary-only nodes from routing
rank=1361/1536 dataset=stackoverflow_a2q walkers=5208 (7088088..7093295) steps=30 mode=0 sched=single-bucket delta_t=0 policy=0
rank=1361 loaded data/1536/stackoverflow_a2q.sub1361.txt (|V_local|=1645  t_range=[4577684,239624983])
rank=1361 loaded routing data/1536/stackoverflow_a2q.rt1361.txt (859 entries)
rank=1361 added 3 boundary-only nodes from routing
rank=1345/1536 dataset=stackoverflow_a2q walkers=5208 (7004760..7009967) steps=30 mode=0 sched=single-bucket delta_t=0 policy=0
rank=1345 loaded data/1536/stackoverflow_a2q.sub1345.txt (|V_local|=1585  t_range=[3386626,239609297])
rank=1345 loaded routing data/1536/stackoverflow_a2q.rt1345.txt (1063 entries)
rank=1345 added 8 boundary-only nodes from routing
rank=1350/1536 dataset=stackoverflow_a2q walkers=5208 (7030800..7036007) steps=30 mode=0 sched=single-bucket delta_t=0 policy=0
rank=1350 loaded data/1536/stackoverflow_a2q.sub1350.txt (|V_local|=1592  t_range=[4892164,239503813])
rank=1350 loaded routing data/1536/stackoverflow_a2q.rt1350.txt (1040 entries)
rank=1350 added 3 boundary-only nodes from routing
rank=1371/1536 dataset=stackoverflow_a2q walkers=5208 (7140168..7145375) steps=30 mode=0 sched=single-bucket delta_t=0 policy=0
rank=1371 loaded data/1536/stackoverflow_a2q.sub1371.txt (|V_local|=1584  t_range=[4652373,239665147])
rank=1371 loaded routing data/1536/stackoverflow_a2q.rt1371.txt (1101 entries)
rank=1371 added 9 boundary-only nodes from routing
rank=364/1536 dataset=stackoverflow_a2q walkers=5208 (1895712..1900919) steps=30 mode=0 sched=single-bucket delta_t=0 policy=0
rank=364 loaded data/1536/stackoverflow_a2q.sub364.txt (|V_local|=1598  t_range=[2407408,239598737])
rank=364 loaded routing data/1536/stackoverflow_a2q.rt364.txt (1060 entries)
rank=364 added 4 boundary-only nodes from routing
rank=380/1536 dataset=stackoverflow_a2q walkers=5208 (1979040..1984247) steps=30 mode=0 sched=single-bucket delta_t=0 policy=0
rank=380 loaded data/1536/stackoverflow_a2q.sub380.txt (|V_local|=1591  t_range=[29415256,239663058])
rank=380 loaded routing data/1536/stackoverflow_a2q.rt380.txt (1085 entries)
rank=380 added 2 boundary-only nodes from routing
rank=353/1536 dataset=stackoverflow_a2q walkers=5208 (1838424..1843631) steps=30 mode=0 sched=single-bucket delta_t=0 policy=0
rank=353 loaded data/1536/stackoverflow_a2q.sub353.txt (|V_local|=1595  t_range=[5871843,239667461])
rank=353 loaded routing data/1536/stackoverflow_a2q.rt353.txt (972 entries)
rank=337/1536 dataset=stackoverflow_a2q walkers=5208 (1755096..1760303) steps=30 mode=0 sched=single-bucket delta_t=0 policy=0
rank=337 loaded data/1536/stackoverflow_a2q.sub337.txt (|V_local|=1594  t_range=[28378172,239569484])
rank=337 loaded routing data/1536/stackoverflow_a2q.rt337.txt (1041 entries)
rank=337 added 3 boundary-only nodes from routing
rank=341/1536 dataset=stackoverflow_a2q walkers=5208 (1775928..1781135) steps=30 mode=0 sched=single-bucket delta_t=0 policy=0
rank=341 loaded data/1536/stackoverflow_a2q.sub341.txt (|V_local|=1592  t_range=[29516974,239688609])
rank=341 loaded routing data/1536/stackoverflow_a2q.rt341.txt (1083 entries)
rank=341 added 2 boundary-only nodes from routing
rank=348/1536 dataset=stackoverflow_a2q walkers=5208 (1812384..1817591) steps=30 mode=0 sched=single-bucket delta_t=0 policy=0
rank=348 loaded data/1536/stackoverflow_a2q.sub348.txt (|V_local|=1594  t_range=[37579495,239660413])
rank=348 loaded routing data/1536/stackoverflow_a2q.rt348.txt (1115 entries)
rank=360/1536 dataset=stackoverflow_a2q walkers=5208 (1874880..1880087) steps=30 mode=0 sched=single-bucket delta_t=0 policy=0
rank=360 loaded data/1536/stackoverflow_a2q.sub360.txt (|V_local|=1596  t_range=[5427759,239688242])
rank=360 loaded routing data/1536/stackoverflow_a2q.rt360.txt (945 entries)
rank=360 added 1 boundary-only nodes from routing
rank=352/1536 dataset=stackoverflow_a2q walkers=5208 (1833216..1838423) steps=30 mode=0 sched=single-bucket delta_t=0 policy=0
rank=352 loaded data/1536/stackoverflow_a2q.sub352.txt (|V_local|=1602  t_range=[32010780,239678257])
rank=352 loaded routing data/1536/stackoverflow_a2q.rt352.txt (998 entries)
rank=370/1536 dataset=stackoverflow_a2q walkers=5208 (1926960..1932167) steps=30 mode=0 sched=single-bucket delta_t=0 policy=0
rank=370 loaded data/1536/stackoverflow_a2q.sub370.txt (|V_local|=1614  t_range=[15558153,239655032])
rank=370 loaded routing data/1536/stackoverflow_a2q.rt370.txt (839 entries)
rank=349/1536 dataset=stackoverflow_a2q walkers=5208 (1817592..1822799) steps=30 mode=0 sched=single-bucket delta_t=0 policy=0
rank=349 loaded data/1536/stackoverflow_a2q.sub349.txt (|V_local|=1595  t_range=[27709789,239569979])
rank=349 loaded routing data/1536/stackoverflow_a2q.rt349.txt (1047 entries)
rank=349 added 1 boundary-only nodes from routing
rank=357/1536 dataset=stackoverflow_a2q walkers=5208 (1859256..1864463) steps=30 mode=0 sched=single-bucket delta_t=0 policy=0
rank=357 loaded data/1536/stackoverflow_a2q.sub357.txt (|V_local|=1593  t_range=[13573706,239452112])
rank=357 loaded routing data/1536/stackoverflow_a2q.rt357.txt (1060 entries)
rank=357 added 6 boundary-only nodes from routing
rank=342/1536 dataset=stackoverflow_a2q walkers=5208 (1781136..1786343) steps=30 mode=0 sched=single-bucket delta_t=0 policy=0
rank=342 loaded data/1536/stackoverflow_a2q.sub342.txt (|V_local|=1652  t_range=[7745483,239673749])
rank=342 loaded routing data/1536/stackoverflow_a2q.rt342.txt (973 entries)
rank=345/1536 dataset=stackoverflow_a2q walkers=5208 (1796760..1801967) steps=30 mode=0 sched=single-bucket delta_t=0 policy=0
rank=345 loaded data/1536/stackoverflow_a2q.sub345.txt (|V_local|=1592  t_range=[5240571,239625729])
rank=345 loaded routing data/1536/stackoverflow_a2q.rt345.txt (1081 entries)
rank=343/1536 dataset=stackoverflow_a2q walkers=5208 (1786344..1791551) steps=30 mode=0 sched=single-bucket delta_t=0 policy=0
rank=343 loaded data/1536/stackoverflow_a2q.sub343.txt (|V_local|=1600  t_range=[41537699,239673603])
rank=343 loaded routing data/1536/stackoverflow_a2q.rt343.txt (1018 entries)
rank=351/1536 dataset=stackoverflow_a2q walkers=5208 (1828008..1833215) steps=30 mode=0 sched=single-bucket delta_t=0 policy=0
rank=351 loaded data/1536/stackoverflow_a2q.sub351.txt (|V_local|=1593  t_range=[10057365,239691020])
rank=351 loaded routing data/1536/stackoverflow_a2q.rt351.txt (1054 entries)
rank=351 added 1 boundary-only nodes from routing
rank=363/1536 dataset=stackoverflow_a2q walkers=5208 (1890504..1895711) steps=30 mode=0 sched=single-bucket delta_t=0 policy=0
rank=363 loaded data/1536/stackoverflow_a2q.sub363.txt (|V_local|=1590  t_range=[5530075,239663425])
rank=363 loaded routing data/1536/stackoverflow_a2q.rt363.txt (1022 entries)
rank=363 added 4 boundary-only nodes from routing
rank=368/1536 dataset=stackoverflow_a2q walkers=5208 (1916544..1921751) steps=30 mode=0 sched=single-bucket delta_t=0 policy=0
rank=368 loaded data/1536/stackoverflow_a2q.sub368.txt (|V_local|=1594  t_range=[4122739,239617109])
rank=368 loaded routing data/1536/stackoverflow_a2q.rt368.txt (977 entries)
rank=368 added 1 boundary-only nodes from routing
rank=344/1536 dataset=stackoverflow_a2q walkers=5208 (1791552..1796759) steps=30 mode=0 sched=single-bucket delta_t=0 policy=0
rank=344 loaded data/1536/stackoverflow_a2q.sub344.txt (|V_local|=1604  t_range=[23212748,239568974])
rank=344 loaded routing data/1536/stackoverflow_a2q.rt344.txt (936 entries)
rank=344 added 1 boundary-only nodes from routing
rank=356/1536 dataset=stackoverflow_a2q walkers=5208 (1854048..1859255) steps=30 mode=0 sched=single-bucket delta_t=0 policy=0
rank=356 loaded data/1536/stackoverflow_a2q.sub356.txt (|V_local|=1604  t_range=[15023003,239654089])
rank=356 loaded routing data/1536/stackoverflow_a2q.rt356.txt (989 entries)
rank=340/1536 dataset=stackoverflow_a2q walkers=5208 (1770720..1775927) steps=30 mode=0 sched=single-bucket delta_t=0 policy=0
rank=340 loaded data/1536/stackoverflow_a2q.sub340.txt (|V_local|=1588  t_range=[4012689,239689662])
rank=340 loaded routing data/1536/stackoverflow_a2q.rt340.txt (934 entries)
rank=769/1536 dataset=stackoverflow_a2q walkers=5208 (4004952..4010159) steps=30 mode=0 sched=single-bucket delta_t=0 policy=0
rank=769 loaded data/1536/stackoverflow_a2q.sub769.txt (|V_local|=1597  t_range=[56049431,239684779])
rank=769 loaded routing data/1536/stackoverflow_a2q.rt769.txt (1073 entries)
rank=771/1536 dataset=stackoverflow_a2q walkers=5208 (4015368..4020575) steps=30 mode=0 sched=single-bucket delta_t=0 policy=0
rank=771 loaded data/1536/stackoverflow_a2q.sub771.txt (|V_local|=1597  t_range=[31220074,239628361])
rank=771 loaded routing data/1536/stackoverflow_a2q.rt771.txt (1066 entries)
rank=771 added 2 boundary-only nodes from routing
rank=782/1536 dataset=stackoverflow_a2q walkers=5208 (4072656..4077863) steps=30 mode=0 sched=single-bucket delta_t=0 policy=0
rank=782 loaded data/1536/stackoverflow_a2q.sub782.txt (|V_local|=1651  t_range=[40866895,239643659])
rank=782 loaded routing data/1536/stackoverflow_a2q.rt782.txt (941 entries)
rank=782 added 1 boundary-only nodes from routing
rank=772/1536 dataset=stackoverflow_a2q walkers=5208 (4020576..4025783) steps=30 mode=0 sched=single-bucket delta_t=0 policy=0
rank=772 loaded data/1536/stackoverflow_a2q.sub772.txt (|V_local|=1597  t_range=[48216768,239687192])
rank=772 loaded routing data/1536/stackoverflow_a2q.rt772.txt (937 entries)
rank=772 added 1 boundary-only nodes from routing
rank=800/1536 dataset=stackoverflow_a2q walkers=5208 (4166400..4171607) steps=30 mode=0 sched=single-bucket delta_t=0 policy=0
rank=800 loaded data/1536/stackoverflow_a2q.sub800.txt (|V_local|=1648  t_range=[77828044,239482451])
rank=800 loaded routing data/1536/stackoverflow_a2q.rt800.txt (1057 entries)
rank=789/1536 dataset=stackoverflow_a2q walkers=5208 (4109112..4114319) steps=30 mode=0 sched=single-bucket delta_t=0 policy=0
rank=789 loaded data/1536/stackoverflow_a2q.sub789.txt (|V_local|=1581  t_range=[6015078,239692743])
rank=789 loaded routing data/1536/stackoverflow_a2q.rt789.txt (1015 entries)
rank=789 added 1 boundary-only nodes from routing
rank=796/1536 dataset=stackoverflow_a2q walkers=5208 (4145568..4150775) steps=30 mode=0 sched=single-bucket delta_t=0 policy=0
rank=796 loaded data/1536/stackoverflow_a2q.sub796.txt (|V_local|=1644  t_range=[38288677,239692107])
rank=796 loaded routing data/1536/stackoverflow_a2q.rt796.txt (1047 entries)
rank=796 added 2 boundary-only nodes from routing
rank=808/1536 dataset=stackoverflow_a2q walkers=5208 (4208064..4213271) steps=30 mode=0 sched=single-bucket delta_t=0 policy=0
rank=808 loaded data/1536/stackoverflow_a2q.sub808.txt (|V_local|=1591  t_range=[4105563,239679597])
rank=808 loaded routing data/1536/stackoverflow_a2q.rt808.txt (1022 entries)
rank=808 added 3 boundary-only nodes from routing
rank=781/1536 dataset=stackoverflow_a2q walkers=5208 (4067448..4072655) steps=30 mode=0 sched=single-bucket delta_t=0 policy=0
rank=781 loaded data/1536/stackoverflow_a2q.sub781.txt (|V_local|=1651  t_range=[39584651,239691948])
rank=781 loaded routing data/1536/stackoverflow_a2q.rt781.txt (932 entries)
rank=810/1536 dataset=stackoverflow_a2q walkers=5208 (4218480..4223687) steps=30 mode=0 sched=single-bucket delta_t=0 policy=0
rank=810 loaded data/1536/stackoverflow_a2q.sub810.txt (|V_local|=1596  t_range=[13053038,239693171])
rank=810 loaded routing data/1536/stackoverflow_a2q.rt810.txt (1052 entries)
rank=810 added 1 boundary-only nodes from routing
rank=775/1536 dataset=stackoverflow_a2q walkers=5208 (4036200..4041407) steps=30 mode=0 sched=single-bucket delta_t=0 policy=0
rank=775 loaded data/1536/stackoverflow_a2q.sub775.txt (|V_local|=1593  t_range=[24478231,239649069])
rank=775 loaded routing data/1536/stackoverflow_a2q.rt775.txt (1020 entries)
rank=775 added 1 boundary-only nodes from routing
rank=798/1536 dataset=stackoverflow_a2q walkers=5208 (4155984..4161191) steps=30 mode=0 sched=single-bucket delta_t=0 policy=0
rank=798 loaded data/1536/stackoverflow_a2q.sub798.txt (|V_local|=1593  t_range=[26668325,239643623])
rank=798 loaded routing data/1536/stackoverflow_a2q.rt798.txt (1108 entries)
rank=798 added 3 boundary-only nodes from routing
rank=773/1536 dataset=stackoverflow_a2q walkers=5208 (4025784..4030991) steps=30 mode=0 sched=single-bucket delta_t=0 policy=0
rank=773 loaded data/1536/stackoverflow_a2q.sub773.txt (|V_local|=1641  t_range=[30744953,239698693])
rank=773 loaded routing data/1536/stackoverflow_a2q.rt773.txt (1003 entries)
rank=813/1536 dataset=stackoverflow_a2q walkers=5208 (4234104..4239311) steps=30 mode=0 sched=single-bucket delta_t=0 policy=0
rank=813 loaded data/1536/stackoverflow_a2q.sub813.txt (|V_local|=1593  t_range=[28840702,239686507])
rank=813 loaded routing data/1536/stackoverflow_a2q.rt813.txt (1022 entries)
rank=770/1536 dataset=stackoverflow_a2q walkers=5208 (4010160..4015367) steps=30 mode=0 sched=single-bucket delta_t=0 policy=0
rank=770 loaded data/1536/stackoverflow_a2q.sub770.txt (|V_local|=1595  t_range=[15218422,239690657])
rank=770 loaded routing data/1536/stackoverflow_a2q.rt770.txt (1013 entries)
rank=770 added 1 boundary-only nodes from routing
rank=776/1536 dataset=stackoverflow_a2q walkers=5208 (4041408..4046615) steps=30 mode=0 sched=single-bucket delta_t=0 policy=0
rank=776 loaded data/1536/stackoverflow_a2q.sub776.txt (|V_local|=1599  t_range=[31920725,239674703])
rank=776 loaded routing data/1536/stackoverflow_a2q.rt776.txt (824 entries)
rank=776 added 1 boundary-only nodes from routing
rank=790/1536 dataset=stackoverflow_a2q walkers=5208 (4114320..4119527) steps=30 mode=0 sched=single-bucket delta_t=0 policy=0
rank=790 loaded data/1536/stackoverflow_a2q.sub790.txt (|V_local|=1599  t_range=[47159811,239664949])
rank=790 loaded routing data/1536/stackoverflow_a2q.rt790.txt (923 entries)
rank=790 added 1 boundary-only nodes from routing
rank=801/1536 dataset=stackoverflow_a2q walkers=5208 (4171608..4176815) steps=30 mode=0 sched=single-bucket delta_t=0 policy=0
rank=801 loaded data/1536/stackoverflow_a2q.sub801.txt (|V_local|=1631  t_range=[17797360,239688748])
rank=801 loaded routing data/1536/stackoverflow_a2q.rt801.txt (995 entries)
rank=801 added 1 boundary-only nodes from routing
rank=814/1536 dataset=stackoverflow_a2q walkers=5208 (4239312..4244519) steps=30 mode=0 sched=single-bucket delta_t=0 policy=0
rank=814 loaded data/1536/stackoverflow_a2q.sub814.txt (|V_local|=1594  t_range=[55630434,239687516])
rank=814 loaded routing data/1536/stackoverflow_a2q.rt814.txt (1038 entries)
rank=814 added 2 boundary-only nodes from routing
rank=673/1536 dataset=stackoverflow_a2q walkers=5208 (3504984..3510191) steps=30 mode=0 sched=single-bucket delta_t=0 policy=0
rank=673 loaded data/1536/stackoverflow_a2q.sub673.txt (|V_local|=1590  t_range=[2418204,239478444])
rank=673 loaded routing data/1536/stackoverflow_a2q.rt673.txt (1036 entries)
rank=673 added 4 boundary-only nodes from routing
rank=682/1536 dataset=stackoverflow_a2q walkers=5208 (3551856..3557063) steps=30 mode=0 sched=single-bucket delta_t=0 policy=0
rank=682 loaded data/1536/stackoverflow_a2q.sub682.txt (|V_local|=1651  t_range=[3956100,239490406])
rank=682 loaded routing data/1536/stackoverflow_a2q.rt682.txt (612 entries)
rank=682 added 1 boundary-only nodes from routing
rank=677/1536 dataset=stackoverflow_a2q walkers=5208 (3525816..3531023) steps=30 mode=0 sched=single-bucket delta_t=0 policy=0
rank=677 loaded data/1536/stackoverflow_a2q.sub677.txt (|V_local|=1592  t_range=[4056578,239649349])
rank=677 loaded routing data/1536/stackoverflow_a2q.rt677.txt (1051 entries)
rank=677 added 5 boundary-only nodes from routing
rank=702/1536 dataset=stackoverflow_a2q walkers=5208 (3656016..3661223) steps=30 mode=0 sched=single-bucket delta_t=0 policy=0
rank=702 loaded data/1536/stackoverflow_a2q.sub702.txt (|V_local|=1589  t_range=[1716819,239685734])
rank=702 loaded routing data/1536/stackoverflow_a2q.rt702.txt (1099 entries)
rank=702 added 4 boundary-only nodes from routing
rank=678/1536 dataset=stackoverflow_a2q walkers=5208 (3531024..3536231) steps=30 mode=0 sched=single-bucket delta_t=0 policy=0
rank=678 loaded data/1536/stackoverflow_a2q.sub678.txt (|V_local|=1590  t_range=[4136630,239671324])
rank=678 loaded routing data/1536/stackoverflow_a2q.rt678.txt (1057 entries)
rank=678 added 3 boundary-only nodes from routing
rank=680/1536 dataset=stackoverflow_a2q walkers=5208 (3541440..3546647) steps=30 mode=0 sched=single-bucket delta_t=0 policy=0
rank=680 loaded data/1536/stackoverflow_a2q.sub680.txt (|V_local|=1651  t_range=[8362065,239663409])
rank=680 loaded routing data/1536/stackoverflow_a2q.rt680.txt (739 entries)
rank=680 added 1 boundary-only nodes from routing
rank=676/1536 dataset=stackoverflow_a2q walkers=5208 (3520608..3525815) steps=30 mode=0 sched=single-bucket delta_t=0 policy=0
rank=676 loaded data/1536/stackoverflow_a2q.sub676.txt (|V_local|=1592  t_range=[12093995,239597537])
rank=676 loaded routing data/1536/stackoverflow_a2q.rt676.txt (1099 entries)
rank=674/1536 dataset=stackoverflow_a2q walkers=5208 (3510192..3515399) steps=30 mode=0 sched=single-bucket delta_t=0 policy=0
rank=674 loaded data/1536/stackoverflow_a2q.sub674.txt (|V_local|=1591  t_range=[16728727,239625783])
rank=674 loaded routing data/1536/stackoverflow_a2q.rt674.txt (964 entries)
rank=674 added 1 boundary-only nodes from routing
rank=672/1536 dataset=stackoverflow_a2q walkers=5208 (3499776..3504983) steps=30 mode=0 sched=single-bucket delta_t=0 policy=0
rank=672 loaded data/1536/stackoverflow_a2q.sub672.txt (|V_local|=1578  t_range=[27181794,239697375])
rank=672 loaded routing data/1536/stackoverflow_a2q.rt672.txt (1083 entries)
rank=672 added 12 boundary-only nodes from routing
rank=683/1536 dataset=stackoverflow_a2q walkers=5208 (3557064..3562271) steps=30 mode=0 sched=single-bucket delta_t=0 policy=0
rank=683 loaded data/1536/stackoverflow_a2q.sub683.txt (|V_local|=1651  t_range=[5933743,239553547])
rank=683 loaded routing data/1536/stackoverflow_a2q.rt683.txt (688 entries)
rank=696/1536 dataset=stackoverflow_a2q walkers=5208 (3624768..3629975) steps=30 mode=0 sched=single-bucket delta_t=0 policy=0
rank=696 loaded data/1536/stackoverflow_a2q.sub696.txt (|V_local|=1590  t_range=[13372090,239684250])
rank=696 loaded routing data/1536/stackoverflow_a2q.rt696.txt (1067 entries)
rank=696 added 1 boundary-only nodes from routing
rank=712/1536 dataset=stackoverflow_a2q walkers=5208 (3708096..3713303) steps=30 mode=0 sched=single-bucket delta_t=0 policy=0
rank=712 loaded data/1536/stackoverflow_a2q.sub712.txt (|V_local|=1576  t_range=[15457181,239678177])
rank=712 loaded routing data/1536/stackoverflow_a2q.rt712.txt (1025 entries)
rank=712 added 3 boundary-only nodes from routing
rank=684/1536 dataset=stackoverflow_a2q walkers=5208 (3562272..3567479) steps=30 mode=0 sched=single-bucket delta_t=0 policy=0
rank=684 loaded data/1536/stackoverflow_a2q.sub684.txt (|V_local|=1591  t_range=[4123226,239487469])
rank=684 loaded routing data/1536/stackoverflow_a2q.rt684.txt (1061 entries)
rank=684 added 1 boundary-only nodes from routing
rank=715/1536 dataset=stackoverflow_a2q walkers=5208 (3723720..3728927) steps=30 mode=0 sched=single-bucket delta_t=0 policy=0
rank=715 loaded data/1536/stackoverflow_a2q.sub715.txt (|V_local|=1600  t_range=[12868884,239681166])
rank=715 loaded routing data/1536/stackoverflow_a2q.rt715.txt (1064 entries)
rank=715 added 1 boundary-only nodes from routing
rank=681/1536 dataset=stackoverflow_a2q walkers=5208 (3546648..3551855) steps=30 mode=0 sched=single-bucket delta_t=0 policy=0
rank=681 loaded data/1536/stackoverflow_a2q.sub681.txt (|V_local|=1577  t_range=[4302103,239657582])
rank=681 loaded routing data/1536/stackoverflow_a2q.rt681.txt (1068 entries)
rank=681 added 11 boundary-only nodes from routing
rank=679/1536 dataset=stackoverflow_a2q walkers=5208 (3536232..3541439) steps=30 mode=0 sched=single-bucket delta_t=0 policy=0
rank=679 loaded data/1536/stackoverflow_a2q.sub679.txt (|V_local|=1650  t_range=[1287525,239380885])
rank=679 loaded routing data/1536/stackoverflow_a2q.rt679.txt (668 entries)
rank=679 added 1 boundary-only nodes from routing
rank=689/1536 dataset=stackoverflow_a2q walkers=5208 (3588312..3593519) steps=30 mode=0 sched=single-bucket delta_t=0 policy=0
rank=689 loaded data/1536/stackoverflow_a2q.sub689.txt (|V_local|=1584  t_range=[2218638,239561665])
rank=689 loaded routing data/1536/stackoverflow_a2q.rt689.txt (1092 entries)
rank=689 added 7 boundary-only nodes from routing
rank=693/1536 dataset=stackoverflow_a2q walkers=5208 (3609144..3614351) steps=30 mode=0 sched=single-bucket delta_t=0 policy=0
rank=693 loaded data/1536/stackoverflow_a2q.sub693.txt (|V_local|=1591  t_range=[10449750,239678320])
rank=693 loaded routing data/1536/stackoverflow_a2q.rt693.txt (1019 entries)
rank=693 added 3 boundary-only nodes from routing
rank=691/1536 dataset=stackoverflow_a2q walkers=5208 (3598728..3603935) steps=30 mode=0 sched=single-bucket delta_t=0 policy=0
rank=691 loaded data/1536/stackoverflow_a2q.sub691.txt (|V_local|=1646  t_range=[4117606,239607935])
rank=691 loaded routing data/1536/stackoverflow_a2q.rt691.txt (791 entries)
rank=691 added 4 boundary-only nodes from routing
rank=698/1536 dataset=stackoverflow_a2q walkers=5208 (3635184..3640391) steps=30 mode=0 sched=single-bucket delta_t=0 policy=0
rank=698 loaded data/1536/stackoverflow_a2q.sub698.txt (|V_local|=1648  t_range=[4112921,239527924])
rank=698 loaded routing data/1536/stackoverflow_a2q.rt698.txt (756 entries)
rank=698 added 4 boundary-only nodes from routing
rank=688/1536 dataset=stackoverflow_a2q walkers=5208 (3583104..3588311) steps=30 mode=0 sched=single-bucket delta_t=0 policy=0
rank=688 loaded data/1536/stackoverflow_a2q.sub688.txt (|V_local|=1614  t_range=[5609867,239647918])
rank=688 loaded routing data/1536/stackoverflow_a2q.rt688.txt (922 entries)
rank=688 added 1 boundary-only nodes from routing
rank=705/1536 dataset=stackoverflow_a2q walkers=5208 (3671640..3676847) steps=30 mode=0 sched=single-bucket delta_t=0 policy=0
rank=705 loaded data/1536/stackoverflow_a2q.sub705.txt (|V_local|=1588  t_range=[14248744,239652218])
rank=705 loaded routing data/1536/stackoverflow_a2q.rt705.txt (1081 entries)
rank=705 added 1 boundary-only nodes from routing
rank=708/1536 dataset=stackoverflow_a2q walkers=5208 (3687264..3692471) steps=30 mode=0 sched=single-bucket delta_t=0 policy=0
rank=708 loaded data/1536/stackoverflow_a2q.sub708.txt (|V_local|=1596  t_range=[4222166,239651563])
rank=708 loaded routing data/1536/stackoverflow_a2q.rt708.txt (1085 entries)
rank=708 added 1 boundary-only nodes from routing
rank=581/1536 dataset=stackoverflow_a2q walkers=5208 (3025848..3031055) steps=30 mode=0 sched=single-bucket delta_t=0 policy=0
rank=581 loaded data/1536/stackoverflow_a2q.sub581.txt (|V_local|=1651  t_range=[3275069,239673825])
rank=581 loaded routing data/1536/stackoverflow_a2q.rt581.txt (586 entries)
rank=581 added 1 boundary-only nodes from routing
rank=609/1536 dataset=stackoverflow_a2q walkers=5208 (3171672..3176879) steps=30 mode=0 sched=single-bucket delta_t=0 policy=0
rank=609 loaded data/1536/stackoverflow_a2q.sub609.txt (|V_local|=1594  t_range=[5336356,239680022])
rank=609 loaded routing data/1536/stackoverflow_a2q.rt609.txt (1025 entries)
rank=609 added 1 boundary-only nodes from routing
rank=623/1536 dataset=stackoverflow_a2q walkers=5208 (3244584..3249791) steps=30 mode=0 sched=single-bucket delta_t=0 policy=0
rank=623 loaded data/1536/stackoverflow_a2q.sub623.txt (|V_local|=1592  t_range=[9764562,239636722])
rank=623 loaded routing data/1536/stackoverflow_a2q.rt623.txt (906 entries)
rank=623 added 1 boundary-only nodes from routing
rank=604/1536 dataset=stackoverflow_a2q walkers=5208 (3145632..3150839) steps=30 mode=0 sched=single-bucket delta_t=0 policy=0
rank=604 loaded data/1536/stackoverflow_a2q.sub604.txt (|V_local|=1592  t_range=[13041300,239419531])
rank=604 loaded routing data/1536/stackoverflow_a2q.rt604.txt (987 entries)
rank=604 added 3 boundary-only nodes from routing
rank=582/1536 dataset=stackoverflow_a2q walkers=5208 (3031056..3036263) steps=30 mode=0 sched=single-bucket delta_t=0 policy=0
rank=582 loaded data/1536/stackoverflow_a2q.sub582.txt (|V_local|=1594  t_range=[4704461,239472183])
rank=582 loaded routing data/1536/stackoverflow_a2q.rt582.txt (969 entries)
rank=593/1536 dataset=stackoverflow_a2q walkers=5208 (3088344..3093551) steps=30 mode=0 sched=single-bucket delta_t=0 policy=0
rank=593 loaded data/1536/stackoverflow_a2q.sub593.txt (|V_local|=1651  t_range=[4033812,239681775])
rank=593 loaded routing data/1536/stackoverflow_a2q.rt593.txt (331 entries)
rank=593 added 1 boundary-only nodes from routing
rank=613/1536 dataset=stackoverflow_a2q walkers=5208 (3192504..3197711) steps=30 mode=0 sched=single-bucket delta_t=0 policy=0
rank=613 loaded data/1536/stackoverflow_a2q.sub613.txt (|V_local|=1647  t_range=[4050608,239659972])
rank=613 loaded routing data/1536/stackoverflow_a2q.rt613.txt (812 entries)
rank=613 added 1 boundary-only nodes from routing
rank=580/1536 dataset=stackoverflow_a2q walkers=5208 (3020640..3025847) steps=30 mode=0 sched=single-bucket delta_t=0 policy=0
rank=580 loaded data/1536/stackoverflow_a2q.sub580.txt (|V_local|=1595  t_range=[4560919,239589097])
rank=580 loaded routing data/1536/stackoverflow_a2q.rt580.txt (1007 entries)
rank=580 added 3 boundary-only nodes from routing
rank=578/1536 dataset=stackoverflow_a2q walkers=5208 (3010224..3015431) steps=30 mode=0 sched=single-bucket delta_t=0 policy=0
rank=578 loaded data/1536/stackoverflow_a2q.sub578.txt (|V_local|=1593  t_range=[5166590,239633987])
rank=578 loaded routing data/1536/stackoverflow_a2q.rt578.txt (1008 entries)
rank=578 added 3 boundary-only nodes from routing
rank=579/1536 dataset=stackoverflow_a2q walkers=5208 (3015432..3020639) steps=30 mode=0 sched=single-bucket delta_t=0 policy=0
rank=579 loaded data/1536/stackoverflow_a2q.sub579.txt (|V_local|=1597  t_range=[4761397,239558656])
rank=579 loaded routing data/1536/stackoverflow_a2q.rt579.txt (1082 entries)
rank=579 added 5 boundary-only nodes from routing
rank=577/1536 dataset=stackoverflow_a2q walkers=5208 (3005016..3010223) steps=30 mode=0 sched=single-bucket delta_t=0 policy=0
rank=577 loaded data/1536/stackoverflow_a2q.sub577.txt (|V_local|=1584  t_range=[1524584,239696134])
rank=577 loaded routing data/1536/stackoverflow_a2q.rt577.txt (1059 entries)
rank=577 added 8 boundary-only nodes from routing
rank=601/1536 dataset=stackoverflow_a2q walkers=5208 (3130008..3135215) steps=30 mode=0 sched=single-bucket delta_t=0 policy=0
rank=601 loaded data/1536/stackoverflow_a2q.sub601.txt (|V_local|=1589  t_range=[4816915,239682162])
rank=601 loaded routing data/1536/stackoverflow_a2q.rt601.txt (1032 entries)
rank=601 added 4 boundary-only nodes from routing
rank=584/1536 dataset=stackoverflow_a2q walkers=5208 (3041472..3046679) steps=30 mode=0 sched=single-bucket delta_t=0 policy=0
rank=584 loaded data/1536/stackoverflow_a2q.sub584.txt (|V_local|=1593  t_range=[6622115,239580670])
rank=584 loaded routing data/1536/stackoverflow_a2q.rt584.txt (941 entries)
rank=584 added 5 boundary-only nodes from routing
rank=607/1536 dataset=stackoverflow_a2q walkers=5208 (3161256..3166463) steps=30 mode=0 sched=single-bucket delta_t=0 policy=0
rank=607 loaded data/1536/stackoverflow_a2q.sub607.txt (|V_local|=1594  t_range=[546717,239558675])
rank=607 loaded routing data/1536/stackoverflow_a2q.rt607.txt (1061 entries)
rank=596/1536 dataset=stackoverflow_a2q walkers=5208 (3103968..3109175) steps=30 mode=0 sched=single-bucket delta_t=0 policy=0
rank=596 loaded data/1536/stackoverflow_a2q.sub596.txt (|V_local|=1650  t_range=[3582885,239549257])
rank=596 loaded routing data/1536/stackoverflow_a2q.rt596.txt (555 entries)
rank=596 added 1 boundary-only nodes from routing
rank=592/1536 dataset=stackoverflow_a2q walkers=5208 (3083136..3088343) steps=30 mode=0 sched=single-bucket delta_t=0 policy=0
rank=592 loaded data/1536/stackoverflow_a2q.sub592.txt (|V_local|=1651  t_range=[16312766,239439153])
rank=592 loaded routing data/1536/stackoverflow_a2q.rt592.txt (524 entries)
rank=592 added 1 boundary-only nodes from routing
rank=600/1536 dataset=stackoverflow_a2q walkers=5208 (3124800..3130007) steps=30 mode=0 sched=single-bucket delta_t=0 policy=0
rank=600 loaded data/1536/stackoverflow_a2q.sub600.txt (|V_local|=1592  t_range=[7049859,239676609])
rank=600 loaded routing data/1536/stackoverflow_a2q.rt600.txt (1050 entries)
rank=600 added 2 boundary-only nodes from routing
rank=576/1536 dataset=stackoverflow_a2q walkers=5208 (2999808..3005015) steps=30 mode=0 sched=single-bucket delta_t=0 policy=0
rank=576 loaded data/1536/stackoverflow_a2q.sub576.txt (|V_local|=1586  t_range=[4093422,239671843])
rank=576 loaded routing data/1536/stackoverflow_a2q.rt576.txt (1052 entries)
rank=576 added 6 boundary-only nodes from routing
rank=1315 loaded routing data/1536/stackoverflow_a2q.rt1315.txt (1074 entries)
rank=1342/1536 dataset=stackoverflow_a2q walkers=5208 (6989136..6994343) steps=30 mode=0 sched=single-bucket delta_t=0 policy=0
rank=1342 loaded data/1536/stackoverflow_a2q.sub1342.txt (|V_local|=1590  t_range=[6571594,239695371])
rank=1342 loaded routing data/1536/stackoverflow_a2q.rt1342.txt (1055 entries)
rank=1342 added 3 boundary-only nodes from routing
rank=1313/1536 dataset=stackoverflow_a2q walkers=5208 (6838104..6843311) steps=30 mode=0 sched=single-bucket delta_t=0 policy=0
rank=1313 loaded data/1536/stackoverflow_a2q.sub1313.txt (|V_local|=1589  t_range=[49828550,239574107])
rank=1313 loaded routing data/1536/stackoverflow_a2q.rt1313.txt (1102 entries)
rank=1308/1536 dataset=stackoverflow_a2q walkers=5208 (6812064..6817271) steps=30 mode=0 sched=single-bucket delta_t=0 policy=0
rank=1308 loaded data/1536/stackoverflow_a2q.sub1308.txt (|V_local|=1594  t_range=[38999826,239695480])
rank=1308 loaded routing data/1536/stackoverflow_a2q.rt1308.txt (1095 entries)
rank=1308 added 1 boundary-only nodes from routing
rank=1333/1536 dataset=stackoverflow_a2q walkers=5208 (6942264..6947471) steps=30 mode=0 sched=single-bucket delta_t=0 policy=0
rank=1333 loaded data/1536/stackoverflow_a2q.sub1333.txt (|V_local|=1591  t_range=[15819168,239690861])
rank=1333 loaded routing data/1536/stackoverflow_a2q.rt1333.txt (955 entries)
rank=1333 added 1 boundary-only nodes from routing
rank=1326/1536 dataset=stackoverflow_a2q walkers=5208 (6905808..6911015) steps=30 mode=0 sched=single-bucket delta_t=0 policy=0
rank=1326 loaded data/1536/stackoverflow_a2q.sub1326.txt (|V_local|=1592  t_range=[2237551,239550043])
rank=1326 loaded routing data/1536/stackoverflow_a2q.rt1326.txt (1072 entries)
rank=1326 added 3 boundary-only nodes from routing
rank=1307/1536 dataset=stackoverflow_a2q walkers=5208 (6806856..6812063) steps=30 mode=0 sched=single-bucket delta_t=0 policy=0
rank=1307 loaded data/1536/stackoverflow_a2q.sub1307.txt (|V_local|=1592  t_range=[8521342,239660441])
rank=1307 loaded routing data/1536/stackoverflow_a2q.rt1307.txt (1137 entries)
rank=1307 added 1 boundary-only nodes from routing
rank=1311/1536 dataset=stackoverflow_a2q walkers=5208 (6827688..6832895) steps=30 mode=0 sched=single-bucket delta_t=0 policy=0
rank=1311 loaded data/1536/stackoverflow_a2q.sub1311.txt (|V_local|=1588  t_range=[9334110,239653356])
rank=1311 loaded routing data/1536/stackoverflow_a2q.rt1311.txt (1123 entries)
rank=1311 added 1 boundary-only nodes from routing
rank=1336/1536 dataset=stackoverflow_a2q walkers=5208 (6957888..6963095) steps=30 mode=0 sched=single-bucket delta_t=0 policy=0
rank=1336 loaded data/1536/stackoverflow_a2q.sub1336.txt (|V_local|=1594  t_range=[32313372,239636499])
rank=1336 loaded routing data/1536/stackoverflow_a2q.rt1336.txt (1033 entries)
rank=1336 added 1 boundary-only nodes from routing
rank=1296/1536 dataset=stackoverflow_a2q walkers=5208 (6749568..6754775) steps=30 mode=0 sched=single-bucket delta_t=0 policy=0
rank=1296 loaded data/1536/stackoverflow_a2q.sub1296.txt (|V_local|=1595  t_range=[20807069,239698412])
rank=1296 loaded routing data/1536/stackoverflow_a2q.rt1296.txt (1064 entries)
rank=1323/1536 dataset=stackoverflow_a2q walkers=5208 (6890184..6895391) steps=30 mode=0 sched=single-bucket delta_t=0 policy=0
rank=1323 loaded data/1536/stackoverflow_a2q.sub1323.txt (|V_local|=1591  t_range=[17349397,239644867])
rank=1323 loaded routing data/1536/stackoverflow_a2q.rt1323.txt (1136 entries)
rank=1323 added 2 boundary-only nodes from routing
rank=1324/1536 dataset=stackoverflow_a2q walkers=5208 (6895392..6900599) steps=30 mode=0 sched=single-bucket delta_t=0 policy=0
rank=1324 loaded data/1536/stackoverflow_a2q.sub1324.txt (|V_local|=1597  t_range=[16773191,239624725])
rank=1324 loaded routing data/1536/stackoverflow_a2q.rt1324.txt (1096 entries)
rank=1317/1536 dataset=stackoverflow_a2q walkers=5208 (6858936..6864143) steps=30 mode=0 sched=single-bucket delta_t=0 policy=0
rank=1317 loaded data/1536/stackoverflow_a2q.sub1317.txt (|V_local|=1588  t_range=[13641679,239676459])
rank=1317 loaded routing data/1536/stackoverflow_a2q.rt1317.txt (1146 entries)
rank=1317 added 4 boundary-only nodes from routing
rank=1314/1536 dataset=stackoverflow_a2q walkers=5208 (6843312..6848519) steps=30 mode=0 sched=single-bucket delta_t=0 policy=0
rank=1314 loaded data/1536/stackoverflow_a2q.sub1314.txt (|V_local|=1597  t_range=[4534117,239694996])
rank=1314 loaded routing data/1536/stackoverflow_a2q.rt1314.txt (1094 entries)
rank=1316/1536 dataset=stackoverflow_a2q walkers=5208 (6853728..6858935) steps=30 mode=0 sched=single-bucket delta_t=0 policy=0
rank=1316 loaded data/1536/stackoverflow_a2q.sub1316.txt (|V_local|=1626  t_range=[35783805,239659221])
rank=1316 loaded routing data/1536/stackoverflow_a2q.rt1316.txt (909 entries)
rank=1341/1536 dataset=stackoverflow_a2q walkers=5208 (6983928..6989135) steps=30 mode=0 sched=single-bucket delta_t=0 policy=0
rank=1341 loaded data/1536/stackoverflow_a2q.sub1341.txt (|V_local|=1585  t_range=[2877942,239566123])
rank=1341 loaded routing data/1536/stackoverflow_a2q.rt1341.txt (906 entries)
rank=1341 added 6 boundary-only nodes from routing
rank=1319/1536 dataset=stackoverflow_a2q walkers=5208 (6869352..6874559) steps=30 mode=0 sched=single-bucket delta_t=0 policy=0
rank=1319 loaded data/1536/stackoverflow_a2q.sub1319.txt (|V_local|=1597  t_range=[46634487,239583747])
rank=1319 loaded routing data/1536/stackoverflow_a2q.rt1319.txt (1085 entries)
rank=1338/1536 dataset=stackoverflow_a2q walkers=5208 (6968304..6973511) steps=30 mode=0 sched=single-bucket delta_t=0 policy=0
rank=1338 loaded data/1536/stackoverflow_a2q.sub1338.txt (|V_local|=1593  t_range=[11736499,239698131])
rank=1338 loaded routing data/1536/stackoverflow_a2q.rt1338.txt (1094 entries)
rank=1338 added 1 boundary-only nodes from routing
rank=1331/1536 dataset=stackoverflow_a2q walkers=5208 (6931848..6937055) steps=30 mode=0 sched=single-bucket delta_t=0 policy=0
rank=1331 loaded data/1536/stackoverflow_a2q.sub1331.txt (|V_local|=1593  t_range=[24798560,239649021])
rank=1331 loaded routing data/1536/stackoverflow_a2q.rt1331.txt (862 entries)
rank=1331 added 2 boundary-only nodes from routing
rank=1309/1536 dataset=stackoverflow_a2q walkers=5208 (6817272..6822479) steps=30 mode=0 sched=single-bucket delta_t=0 policy=0
rank=1309 loaded data/1536/stackoverflow_a2q.sub1309.txt (|V_local|=1591  t_range=[42087563,239663134])
rank=1309 loaded routing data/1536/stackoverflow_a2q.rt1309.txt (1036 entries)
rank=1309 added 1 boundary-only nodes from routing
rank=1334/1536 dataset=stackoverflow_a2q walkers=5208 (6947472..6952679) steps=30 mode=0 sched=single-bucket delta_t=0 policy=0
rank=1334 loaded data/1536/stackoverflow_a2q.sub1334.txt (|V_local|=1593  t_range=[57170779,239670138])
rank=1334 loaded routing data/1536/stackoverflow_a2q.rt1334.txt (867 entries)
rank=1334 added 2 boundary-only nodes from routing
rank=1332/1536 dataset=stackoverflow_a2q walkers=5208 (6937056..6942263) steps=30 mode=0 sched=single-bucket delta_t=0 policy=0
rank=1332 loaded data/1536/stackoverflow_a2q.sub1332.txt (|V_local|=1593  t_range=[7087629,239622056])
rank=1332 loaded routing data/1536/stackoverflow_a2q.rt1332.txt (1006 entries)
rank=1332 added 1 boundary-only nodes from routing
rank=1335/1536 dataset=stackoverflow_a2q walkers=5208 (6952680..6957887) steps=30 mode=0 sched=single-bucket delta_t=0 policy=0
rank=1335 loaded data/1536/stackoverflow_a2q.sub1335.txt (|V_local|=1649  t_range=[38072838,239590073])
rank=1335 loaded routing data/1536/stackoverflow_a2q.rt1335.txt (823 entries)
rank=1325/1536 dataset=stackoverflow_a2q walkers=5208 (6900600..6905807) steps=30 mode=0 sched=single-bucket delta_t=0 policy=0
rank=1325 loaded data/1536/stackoverflow_a2q.sub1325.txt (|V_local|=1592  t_range=[11786907,239692605])
rank=1325 loaded routing data/1536/stackoverflow_a2q.rt1325.txt (1104 entries)
rank=1325 added 2 boundary-only nodes from routing
rank=1318/1536 dataset=stackoverflow_a2q walkers=5208 (6864144..6869351) steps=30 mode=0 sched=single-bucket delta_t=0 policy=0
rank=746/1536 dataset=stackoverflow_a2q walkers=5208 (3885168..3890375) steps=30 mode=0 sched=single-bucket delta_t=0 policy=0
rank=746 loaded data/1536/stackoverflow_a2q.sub746.txt (|V_local|=1597  t_range=[4808105,239598976])
rank=746 loaded routing data/1536/stackoverflow_a2q.rt746.txt (1040 entries)
rank=727/1536 dataset=stackoverflow_a2q walkers=5208 (3786216..3791423) steps=30 mode=0 sched=single-bucket delta_t=0 policy=0
rank=727 loaded data/1536/stackoverflow_a2q.sub727.txt (|V_local|=1604  t_range=[2255632,239678205])
rank=727 loaded routing data/1536/stackoverflow_a2q.rt727.txt (910 entries)
rank=727 added 4 boundary-only nodes from routing
rank=765/1536 dataset=stackoverflow_a2q walkers=5208 (3984120..3989327) steps=30 mode=0 sched=single-bucket delta_t=0 policy=0
rank=765 loaded data/1536/stackoverflow_a2q.sub765.txt (|V_local|=1597  t_range=[7236647,239681700])
rank=765 loaded routing data/1536/stackoverflow_a2q.rt765.txt (1059 entries)
rank=751/1536 dataset=stackoverflow_a2q walkers=5208 (3911208..3916415) steps=30 mode=0 sched=single-bucket delta_t=0 policy=0
rank=751 loaded data/1536/stackoverflow_a2q.sub751.txt (|V_local|=1593  t_range=[4897457,239575983])
rank=751 loaded routing data/1536/stackoverflow_a2q.rt751.txt (1069 entries)
rank=740/1536 dataset=stackoverflow_a2q walkers=5208 (3853920..3859127) steps=30 mode=0 sched=single-bucket delta_t=0 policy=0
rank=740 loaded data/1536/stackoverflow_a2q.sub740.txt (|V_local|=1589  t_range=[4207185,239627720])
rank=740 loaded routing data/1536/stackoverflow_a2q.rt740.txt (1092 entries)
rank=740 added 4 boundary-only nodes from routing
rank=742/1536 dataset=stackoverflow_a2q walkers=5208 (3864336..3869543) steps=30 mode=0 sched=single-bucket delta_t=0 policy=0
rank=742 loaded data/1536/stackoverflow_a2q.sub742.txt (|V_local|=1582  t_range=[4156317,239633192])
rank=742 loaded routing data/1536/stackoverflow_a2q.rt742.txt (1020 entries)
rank=742 added 3 boundary-only nodes from routing
rank=744/1536 dataset=stackoverflow_a2q walkers=5208 (3874752..3879959) steps=30 mode=0 sched=single-bucket delta_t=0 policy=0
rank=744 loaded data/1536/stackoverflow_a2q.sub744.txt (|V_local|=1591  t_range=[30221423,239659426])
rank=744 loaded routing data/1536/stackoverflow_a2q.rt744.txt (1062 entries)
rank=744 added 1 boundary-only nodes from routing
rank=758/1536 dataset=stackoverflow_a2q walkers=5208 (3947664..3952871) steps=30 mode=0 sched=single-bucket delta_t=0 policy=0
rank=758 loaded data/1536/stackoverflow_a2q.sub758.txt (|V_local|=1592  t_range=[4109521,239494342])
rank=758 loaded routing data/1536/stackoverflow_a2q.rt758.txt (973 entries)
rank=758 added 2 boundary-only nodes from routing
rank=756/1536 dataset=stackoverflow_a2q walkers=5208 (3937248..3942455) steps=30 mode=0 sched=single-bucket delta_t=0 policy=0
rank=756 loaded data/1536/stackoverflow_a2q.sub756.txt (|V_local|=1589  t_range=[12445763,239654913])
rank=756 loaded routing data/1536/stackoverflow_a2q.rt756.txt (1042 entries)
rank=760/1536 dataset=stackoverflow_a2q walkers=5208 (3958080..3963287) steps=30 mode=0 sched=single-bucket delta_t=0 policy=0
rank=760 loaded data/1536/stackoverflow_a2q.sub760.txt (|V_local|=1596  t_range=[5702417,239599640])
rank=760 loaded routing data/1536/stackoverflow_a2q.rt760.txt (1033 entries)
rank=760 added 3 boundary-only nodes from routing
rank=726/1536 dataset=stackoverflow_a2q walkers=5208 (3781008..3786215) steps=30 mode=0 sched=single-bucket delta_t=0 policy=0
rank=726 loaded data/1536/stackoverflow_a2q.sub726.txt (|V_local|=1588  t_range=[4203683,239650549])
rank=726 loaded routing data/1536/stackoverflow_a2q.rt726.txt (1074 entries)
rank=726 added 2 boundary-only nodes from routing
rank=721/1536 dataset=stackoverflow_a2q walkers=5208 (3754968..3760175) steps=30 mode=0 sched=single-bucket delta_t=0 policy=0
rank=721 loaded data/1536/stackoverflow_a2q.sub721.txt (|V_local|=1589  t_range=[3446182,239565471])
rank=721 loaded routing data/1536/stackoverflow_a2q.rt721.txt (1065 entries)
rank=721 added 7 boundary-only nodes from routing
rank=732/1536 dataset=stackoverflow_a2q walkers=5208 (3812256..3817463) steps=30 mode=0 sched=single-bucket delta_t=0 policy=0
rank=732 loaded data/1536/stackoverflow_a2q.sub732.txt (|V_local|=1588  t_range=[2141311,239597707])
rank=732 loaded routing data/1536/stackoverflow_a2q.rt732.txt (1023 entries)
rank=732 added 6 boundary-only nodes from routing
rank=728/1536 dataset=stackoverflow_a2q walkers=5208 (3791424..3796631) steps=30 mode=0 sched=single-bucket delta_t=0 policy=0
rank=728 loaded data/1536/stackoverflow_a2q.sub728.txt (|V_local|=1648  t_range=[4168428,239322448])
rank=728 loaded routing data/1536/stackoverflow_a2q.rt728.txt (847 entries)
rank=728 added 3 boundary-only nodes from routing
rank=754/1536 dataset=stackoverflow_a2q walkers=5208 (3926832..3932039) steps=30 mode=0 sched=single-bucket delta_t=0 policy=0
rank=754 loaded data/1536/stackoverflow_a2q.sub754.txt (|V_local|=1589  t_range=[4615449,239679959])
rank=754 loaded routing data/1536/stackoverflow_a2q.rt754.txt (1034 entries)
rank=754 added 1 boundary-only nodes from routing
rank=741/1536 dataset=stackoverflow_a2q walkers=5208 (3859128..3864335) steps=30 mode=0 sched=single-bucket delta_t=0 policy=0
rank=741 loaded data/1536/stackoverflow_a2q.sub741.txt (|V_local|=1592  t_range=[4370266,239513900])
rank=741 loaded routing data/1536/stackoverflow_a2q.rt741.txt (1101 entries)
rank=736/1536 dataset=stackoverflow_a2q walkers=5208 (3833088..3838295) steps=30 mode=0 sched=single-bucket delta_t=0 policy=0
rank=736 loaded data/1536/stackoverflow_a2q.sub736.txt (|V_local|=1594  t_range=[4139574,239660837])
rank=736 loaded routing data/1536/stackoverflow_a2q.rt736.txt (970 entries)
rank=736 added 2 boundary-only nodes from routing
rank=725/1536 dataset=stackoverflow_a2q walkers=5208 (3775800..3781007) steps=30 mode=0 sched=single-bucket delta_t=0 policy=0
rank=725 loaded data/1536/stackoverflow_a2q.sub725.txt (|V_local|=1585  t_range=[2513771,239508063])
rank=725 loaded routing data/1536/stackoverflow_a2q.rt725.txt (1036 entries)
rank=725 added 8 boundary-only nodes from routing
rank=733/1536 dataset=stackoverflow_a2q walkers=5208 (3817464..3822671) steps=30 mode=0 sched=single-bucket delta_t=0 policy=0
rank=733 loaded data/1536/stackoverflow_a2q.sub733.txt (|V_local|=1580  t_range=[1137525,239578275])
rank=733 loaded routing data/1536/stackoverflow_a2q.rt733.txt (1039 entries)
rank=733 added 5 boundary-only nodes from routing
rank=724/1536 dataset=stackoverflow_a2q walkers=5208 (3770592..3775799) steps=30 mode=0 sched=single-bucket delta_t=0 policy=0
rank=724 loaded data/1536/stackoverflow_a2q.sub724.txt (|V_local|=1597  t_range=[4255183,239666292])
rank=724 loaded routing data/1536/stackoverflow_a2q.rt724.txt (997 entries)
rank=722/1536 dataset=stackoverflow_a2q walkers=5208 (3760176..3765383) steps=30 mode=0 sched=single-bucket delta_t=0 policy=0
rank=722 loaded data/1536/stackoverflow_a2q.sub722.txt (|V_local|=1588  t_range=[3185534,239370532])
rank=722 loaded routing data/1536/stackoverflow_a2q.rt722.txt (1075 entries)
rank=722 added 7 boundary-only nodes from routing
rank=920/1536 dataset=stackoverflow_a2q walkers=5208 (4791360..4796567) steps=30 mode=0 sched=single-bucket delta_t=0 policy=0
rank=920 loaded data/1536/stackoverflow_a2q.sub920.txt (|V_local|=1596  t_range=[30185669,239628503])
rank=920 loaded routing data/1536/stackoverflow_a2q.rt920.txt (1039 entries)
rank=920 added 1 boundary-only nodes from routing
rank=924/1536 dataset=stackoverflow_a2q walkers=5208 (4812192..4817399) steps=30 mode=0 sched=single-bucket delta_t=0 policy=0
rank=924 loaded data/1536/stackoverflow_a2q.sub924.txt (|V_local|=1598  t_range=[25612980,239581221])
rank=924 loaded routing data/1536/stackoverflow_a2q.rt924.txt (1020 entries)
rank=924 added 2 boundary-only nodes from routing
rank=940/1536 dataset=stackoverflow_a2q walkers=5208 (4895520..4900727) steps=30 mode=0 sched=single-bucket delta_t=0 policy=0
rank=940 loaded data/1536/stackoverflow_a2q.sub940.txt (|V_local|=1596  t_range=[25159392,239685611])
rank=940 loaded routing data/1536/stackoverflow_a2q.rt940.txt (717 entries)
rank=914/1536 dataset=stackoverflow_a2q walkers=5208 (4760112..4765319) steps=30 mode=0 sched=single-bucket delta_t=0 policy=0
rank=914 loaded data/1536/stackoverflow_a2q.sub914.txt (|V_local|=1597  t_range=[50699643,239610323])
rank=914 loaded routing data/1536/stackoverflow_a2q.rt914.txt (1014 entries)
rank=929/1536 dataset=stackoverflow_a2q walkers=5208 (4838232..4843439) steps=30 mode=0 sched=single-bucket delta_t=0 policy=0
rank=929 loaded data/1536/stackoverflow_a2q.sub929.txt (|V_local|=1652  t_range=[92496795,239575825])
rank=929 loaded routing data/1536/stackoverflow_a2q.rt929.txt (770 entries)
rank=927/1536 dataset=stackoverflow_a2q walkers=5208 (4827816..4833023) steps=30 mode=0 sched=single-bucket delta_t=0 policy=0
rank=927 loaded data/1536/stackoverflow_a2q.sub927.txt (|V_local|=1649  t_range=[53609523,239692369])
rank=927 loaded routing data/1536/stackoverflow_a2q.rt927.txt (792 entries)
rank=927 added 1 boundary-only nodes from routing
rank=917/1536 dataset=stackoverflow_a2q walkers=5208 (4775736..4780943) steps=30 mode=0 sched=single-bucket delta_t=0 policy=0
rank=917 loaded data/1536/stackoverflow_a2q.sub917.txt (|V_local|=1652  t_range=[24266376,239686938])
rank=917 loaded routing data/1536/stackoverflow_a2q.rt917.txt (950 entries)
rank=916/1536 dataset=stackoverflow_a2q walkers=5208 (4770528..4775735) steps=30 mode=0 sched=single-bucket delta_t=0 policy=0
rank=916 loaded data/1536/stackoverflow_a2q.sub916.txt (|V_local|=1650  t_range=[26506626,239600400])
rank=916 loaded routing data/1536/stackoverflow_a2q.rt916.txt (871 entries)
rank=916 added 1 boundary-only nodes from routing
rank=915/1536 dataset=stackoverflow_a2q walkers=5208 (4765320..4770527) steps=30 mode=0 sched=single-bucket delta_t=0 policy=0
rank=915 loaded data/1536/stackoverflow_a2q.sub915.txt (|V_local|=1597  t_range=[4152939,239678036])
rank=915 loaded routing data/1536/stackoverflow_a2q.rt915.txt (965 entries)
rank=943/1536 dataset=stackoverflow_a2q walkers=5208 (4911144..4916351) steps=30 mode=0 sched=single-bucket delta_t=0 policy=0
rank=943 loaded data/1536/stackoverflow_a2q.sub943.txt (|V_local|=1652  t_range=[91847842,239604582])
rank=943 loaded routing data/1536/stackoverflow_a2q.rt943.txt (845 entries)
rank=935/1536 dataset=stackoverflow_a2q walkers=5208 (4869480..4874687) steps=30 mode=0 sched=single-bucket delta_t=0 policy=0
rank=935 loaded data/1536/stackoverflow_a2q.sub935.txt (|V_local|=1596  t_range=[46036307,239641708])
rank=935 loaded routing data/1536/stackoverflow_a2q.rt935.txt (777 entries)
rank=926/1536 dataset=stackoverflow_a2q walkers=5208 (4822608..4827815) steps=30 mode=0 sched=single-bucket delta_t=0 policy=0
rank=926 loaded data/1536/stackoverflow_a2q.sub926.txt (|V_local|=1615  t_range=[4140733,239587471])
rank=926 loaded routing data/1536/stackoverflow_a2q.rt926.txt (786 entries)
rank=955/1536 dataset=stackoverflow_a2q walkers=5208 (4973640..4978847) steps=30 mode=0 sched=single-bucket delta_t=0 policy=0
rank=955 loaded data/1536/stackoverflow_a2q.sub955.txt (|V_local|=1595  t_range=[6096983,239664669])
rank=955 loaded routing data/1536/stackoverflow_a2q.rt955.txt (1109 entries)
rank=918/1536 dataset=stackoverflow_a2q walkers=5208 (4780944..4786151) steps=30 mode=0 sched=single-bucket delta_t=0 policy=0
rank=918 loaded data/1536/stackoverflow_a2q.sub918.txt (|V_local|=1598  t_range=[47755468,239654031])
rank=918 loaded routing data/1536/stackoverflow_a2q.rt918.txt (1004 entries)
rank=918 added 1 boundary-only nodes from routing
rank=921/1536 dataset=stackoverflow_a2q walkers=5208 (4796568..4801775) steps=30 mode=0 sched=single-bucket delta_t=0 policy=0
rank=921 loaded data/1536/stackoverflow_a2q.sub921.txt (|V_local|=1592  t_range=[17693559,239582850])
rank=921 loaded routing data/1536/stackoverflow_a2q.rt921.txt (1038 entries)
rank=921 added 1 boundary-only nodes from routing
rank=922/1536 dataset=stackoverflow_a2q walkers=5208 (4801776..4806983) steps=30 mode=0 sched=single-bucket delta_t=0 policy=0
rank=922 loaded data/1536/stackoverflow_a2q.sub922.txt (|V_local|=1651  t_range=[48086196,239672261])
rank=922 loaded routing data/1536/stackoverflow_a2q.rt922.txt (936 entries)
rank=919/1536 dataset=stackoverflow_a2q walkers=5208 (4786152..4791359) steps=30 mode=0 sched=single-bucket delta_t=0 policy=0
rank=919 loaded data/1536/stackoverflow_a2q.sub919.txt (|V_local|=1598  t_range=[20450283,239663040])
rank=919 loaded routing data/1536/stackoverflow_a2q.rt919.txt (1095 entries)
rank=919 added 1 boundary-only nodes from routing
rank=925/1536 dataset=stackoverflow_a2q walkers=5208 (4817400..4822607) steps=30 mode=0 sched=single-bucket delta_t=0 policy=0
rank=925 loaded data/1536/stackoverflow_a2q.sub925.txt (|V_local|=1650  t_range=[4096852,239676994])
rank=925 loaded routing data/1536/stackoverflow_a2q.rt925.txt (740 entries)
rank=933/1536 dataset=stackoverflow_a2q walkers=5208 (4859064..4864271) steps=30 mode=0 sched=single-bucket delta_t=0 policy=0
rank=933 loaded data/1536/stackoverflow_a2q.sub933.txt (|V_local|=1583  t_range=[28758397,239692135])
rank=933 loaded routing data/1536/stackoverflow_a2q.rt933.txt (865 entries)
rank=933 added 1 boundary-only nodes from routing
rank=913/1536 dataset=stackoverflow_a2q walkers=5208 (4754904..4760111) steps=30 mode=0 sched=single-bucket delta_t=0 policy=0
rank=913 loaded data/1536/stackoverflow_a2q.sub913.txt (|V_local|=1652  t_range=[36777042,239653409])
rank=913 loaded routing data/1536/stackoverflow_a2q.rt913.txt (466 entries)
rank=928/1536 dataset=stackoverflow_a2q walkers=5208 (4833024..4838231) steps=30 mode=0 sched=single-bucket delta_t=0 policy=0
rank=928 loaded data/1536/stackoverflow_a2q.sub928.txt (|V_local|=1651  t_range=[62916378,239697243])
rank=928 loaded routing data/1536/stackoverflow_a2q.rt928.txt (545 entries)
rank=923/1536 dataset=stackoverflow_a2q walkers=5208 (4806984..4812191) steps=30 mode=0 sched=single-bucket delta_t=0 policy=0
rank=923 loaded data/1536/stackoverflow_a2q.sub923.txt (|V_local|=1648  t_range=[28295523,239662165])
rank=923 loaded routing data/1536/stackoverflow_a2q.rt923.txt (1036 entries)
rank=923 added 1 boundary-only nodes from routing
rank=931/1536 dataset=stackoverflow_a2q walkers=5208 (4848648..4853855) steps=30 mode=0 sched=single-bucket delta_t=0 policy=0
rank=931 loaded data/1536/stackoverflow_a2q.sub931.txt (|V_local|=1648  t_range=[31176003,239544255])
rank=931 loaded routing data/1536/stackoverflow_a2q.rt931.txt (676 entries)
rank=931 added 1 boundary-only nodes from routing
rank=959/1536 dataset=stackoverflow_a2q walkers=5208 (4994472..4999679) steps=30 mode=0 sched=single-bucket delta_t=0 policy=0
rank=959 loaded data/1536/stackoverflow_a2q.sub959.txt (|V_local|=1593  t_range=[4540371,239585519])
rank=959 loaded routing data/1536/stackoverflow_a2q.rt959.txt (1111 entries)
rank=952/1536 dataset=stackoverflow_a2q walkers=5208 (4958016..4963223) steps=30 mode=0 sched=single-bucket delta_t=0 policy=0
rank=952 loaded data/1536/stackoverflow_a2q.sub952.txt (|V_local|=1603  t_range=[60236265,239688099])
rank=952 loaded routing data/1536/stackoverflow_a2q.rt952.txt (1035 entries)
rank=1061/1536 dataset=stackoverflow_a2q walkers=5208 (5525688..5530895) steps=30 mode=0 sched=single-bucket delta_t=0 policy=0
rank=1061 loaded data/1536/stackoverflow_a2q.sub1061.txt (|V_local|=1594  t_range=[74706452,239665450])
rank=1061 loaded routing data/1536/stackoverflow_a2q.rt1061.txt (1052 entries)
rank=1100/1536 dataset=stackoverflow_a2q walkers=5208 (5728800..5734007) steps=30 mode=0 sched=single-bucket delta_t=0 policy=0
rank=1100 loaded data/1536/stackoverflow_a2q.sub1100.txt (|V_local|=1594  t_range=[54201754,239651179])
rank=1100 loaded routing data/1536/stackoverflow_a2q.rt1100.txt (1083 entries)
rank=1070/1536 dataset=stackoverflow_a2q walkers=5208 (5572560..5577767) steps=30 mode=0 sched=single-bucket delta_t=0 policy=0
rank=1070 loaded data/1536/stackoverflow_a2q.sub1070.txt (|V_local|=1595  t_range=[50260935,239657360])
rank=1070 loaded routing data/1536/stackoverflow_a2q.rt1070.txt (999 entries)
rank=1080/1536 dataset=stackoverflow_a2q walkers=5208 (5624640..5629847) steps=30 mode=0 sched=single-bucket delta_t=0 policy=0
rank=1080 loaded data/1536/stackoverflow_a2q.sub1080.txt (|V_local|=1594  t_range=[28260801,239561529])
rank=1080 loaded routing data/1536/stackoverflow_a2q.rt1080.txt (1062 entries)
rank=1080 added 2 boundary-only nodes from routing
rank=1092/1536 dataset=stackoverflow_a2q walkers=5208 (5687136..5692343) steps=30 mode=0 sched=single-bucket delta_t=0 policy=0
rank=1092 loaded data/1536/stackoverflow_a2q.sub1092.txt (|V_local|=1592  t_range=[22182233,239671036])
rank=1092 loaded routing data/1536/stackoverflow_a2q.rt1092.txt (993 entries)
rank=1092 added 2 boundary-only nodes from routing
rank=1077/1536 dataset=stackoverflow_a2q walkers=5208 (5609016..5614223) steps=30 mode=0 sched=single-bucket delta_t=0 policy=0
rank=1077 loaded data/1536/stackoverflow_a2q.sub1077.txt (|V_local|=1592  t_range=[35481057,239698527])
rank=1077 loaded routing data/1536/stackoverflow_a2q.rt1077.txt (1092 entries)
rank=1066/1536 dataset=stackoverflow_a2q walkers=5208 (5551728..5556935) steps=30 mode=0 sched=single-bucket delta_t=0 policy=0
rank=1066 loaded data/1536/stackoverflow_a2q.sub1066.txt (|V_local|=1591  t_range=[65119640,239654954])
rank=1066 loaded routing data/1536/stackoverflow_a2q.rt1066.txt (1043 entries)
rank=1066 added 3 boundary-only nodes from routing
rank=1078/1536 dataset=stackoverflow_a2q walkers=5208 (5614224..5619431) steps=30 mode=0 sched=single-bucket delta_t=0 policy=0
rank=1078 loaded data/1536/stackoverflow_a2q.sub1078.txt (|V_local|=1595  t_range=[11170727,239679475])
rank=1078 loaded routing data/1536/stackoverflow_a2q.rt1078.txt (1022 entries)
rank=1074/1536 dataset=stackoverflow_a2q walkers=5208 (5593392..5598599) steps=30 mode=0 sched=single-bucket delta_t=0 policy=0
rank=1074 loaded data/1536/stackoverflow_a2q.sub1074.txt (|V_local|=1595  t_range=[20319818,239624710])
rank=1074 loaded routing data/1536/stackoverflow_a2q.rt1074.txt (1101 entries)
rank=1082/1536 dataset=stackoverflow_a2q walkers=5208 (5635056..5640263) steps=30 mode=0 sched=single-bucket delta_t=0 policy=0
rank=1082 loaded data/1536/stackoverflow_a2q.sub1082.txt (|V_local|=1597  t_range=[37107986,239585866])
rank=1082 loaded routing data/1536/stackoverflow_a2q.rt1082.txt (1115 entries)
rank=1084/1536 dataset=stackoverflow_a2q walkers=5208 (5645472..5650679) steps=30 mode=0 sched=single-bucket delta_t=0 policy=0
rank=1084 loaded data/1536/stackoverflow_a2q.sub1084.txt (|V_local|=1596  t_range=[27726950,239694307])
rank=1084 loaded routing data/1536/stackoverflow_a2q.rt1084.txt (1057 entries)
rank=1399/1536 dataset=stackoverflow_a2q walkers=5208 (7285992..7291199) steps=30 mode=0 sched=single-bucket delta_t=0 policy=0
rank=1399 loaded data/1536/stackoverflow_a2q.sub1399.txt (|V_local|=1591  t_range=[4359108,239678892])
rank=1399 loaded routing data/1536/stackoverflow_a2q.rt1399.txt (1094 entries)
rank=1399 added 3 boundary-only nodes from routing
rank=1396/1536 dataset=stackoverflow_a2q walkers=5208 (7270368..7275575) steps=30 mode=0 sched=single-bucket delta_t=0 policy=0
rank=1396 loaded data/1536/stackoverflow_a2q.sub1396.txt (|V_local|=1596  t_range=[45432933,239549310])
rank=1396 loaded routing data/1536/stackoverflow_a2q.rt1396.txt (1132 entries)
rank=1396 added 2 boundary-only nodes from routing
rank=1430/1536 dataset=stackoverflow_a2q walkers=5208 (7447440..7452647) steps=30 mode=0 sched=single-bucket delta_t=0 policy=0
rank=1430 loaded data/1536/stackoverflow_a2q.sub1430.txt (|V_local|=1593  t_range=[26541795,239669628])
rank=1430 loaded routing data/1536/stackoverflow_a2q.rt1430.txt (1048 entries)
rank=1430 added 1 boundary-only nodes from routing
rank=1403/1536 dataset=stackoverflow_a2q walkers=5208 (7306824..7312031) steps=30 mode=0 sched=single-bucket delta_t=0 policy=0
rank=1403 loaded data/1536/stackoverflow_a2q.sub1403.txt (|V_local|=1591  t_range=[15165251,239674351])
rank=1403 loaded routing data/1536/stackoverflow_a2q.rt1403.txt (1140 entries)
rank=1403 added 3 boundary-only nodes from routing
rank=1406/1536 dataset=stackoverflow_a2q walkers=5208 (7322448..7327655) steps=30 mode=0 sched=single-bucket delta_t=0 policy=0
rank=1406 loaded data/1536/stackoverflow_a2q.sub1406.txt (|V_local|=1589  t_range=[10337777,239495291])
rank=1406 loaded routing data/1536/stackoverflow_a2q.rt1406.txt (1083 entries)
rank=1406 added 1 boundary-only nodes from routing
rank=1405/1536 dataset=stackoverflow_a2q walkers=5208 (7317240..7322447) steps=30 mode=0 sched=single-bucket delta_t=0 policy=0
rank=1405 loaded data/1536/stackoverflow_a2q.sub1405.txt (|V_local|=1596  t_range=[33669244,239652653])
rank=1405 loaded routing data/1536/stackoverflow_a2q.rt1405.txt (1149 entries)
rank=1429/1536 dataset=stackoverflow_a2q walkers=5208 (7442232..7447439) steps=30 mode=0 sched=single-bucket delta_t=0 policy=0
rank=1429 loaded data/1536/stackoverflow_a2q.sub1429.txt (|V_local|=1594  t_range=[11907411,239696499])
rank=1429 loaded routing data/1536/stackoverflow_a2q.rt1429.txt (1054 entries)
rank=1429 added 1 boundary-only nodes from routing
rank=1395/1536 dataset=stackoverflow_a2q walkers=5208 (7265160..7270367) steps=30 mode=0 sched=single-bucket delta_t=0 policy=0
rank=1395 loaded data/1536/stackoverflow_a2q.sub1395.txt (|V_local|=1596  t_range=[3574209,239683404])
rank=1395 loaded routing data/1536/stackoverflow_a2q.rt1395.txt (1140 entries)
rank=1394/1536 dataset=stackoverflow_a2q walkers=5208 (7259952..7265159) steps=30 mode=0 sched=single-bucket delta_t=0 policy=0
rank=1394 loaded data/1536/stackoverflow_a2q.sub1394.txt (|V_local|=1652  t_range=[33404679,239571578])
rank=1394 loaded routing data/1536/stackoverflow_a2q.rt1394.txt (800 entries)
rank=1397/1536 dataset=stackoverflow_a2q walkers=5208 (7275576..7280783) steps=30 mode=0 sched=single-bucket delta_t=0 policy=0
rank=1397 loaded data/1536/stackoverflow_a2q.sub1397.txt (|V_local|=1591  t_range=[18041037,239690455])
rank=1397 loaded routing data/1536/stackoverflow_a2q.rt1397.txt (1053 entries)
rank=1401/1536 dataset=stackoverflow_a2q walkers=5208 (7296408..7301615) steps=30 mode=0 sched=single-bucket delta_t=0 policy=0
rank=1401 loaded data/1536/stackoverflow_a2q.sub1401.txt (|V_local|=1585  t_range=[29087221,239477857])
rank=1401 loaded routing data/1536/stackoverflow_a2q.rt1401.txt (1137 entries)
rank=1402/1536 dataset=stackoverflow_a2q walkers=5208 (7301616..7306823) steps=30 mode=0 sched=single-bucket delta_t=0 policy=0
rank=1402 loaded data/1536/stackoverflow_a2q.sub1402.txt (|V_local|=1590  t_range=[23385283,239692896])
rank=1402 loaded routing data/1536/stackoverflow_a2q.rt1402.txt (1106 entries)
rank=1402 added 4 boundary-only nodes from routing
rank=1424/1536 dataset=stackoverflow_a2q walkers=5208 (7416192..7421399) steps=30 mode=0 sched=single-bucket delta_t=0 policy=0
rank=1424 loaded data/1536/stackoverflow_a2q.sub1424.txt (|V_local|=1590  t_range=[39031876,239691316])
rank=1424 loaded routing data/1536/stackoverflow_a2q.rt1424.txt (1032 entries)
rank=1398/1536 dataset=stackoverflow_a2q walkers=5208 (7280784..7285991) steps=30 mode=0 sched=single-bucket delta_t=0 policy=0
rank=1398 loaded data/1536/stackoverflow_a2q.sub1398.txt (|V_local|=1582  t_range=[14091457,239659328])
rank=1398 loaded routing data/1536/stackoverflow_a2q.rt1398.txt (1081 entries)
rank=1398 added 4 boundary-only nodes from routing
rank=1404/1536 dataset=stackoverflow_a2q walkers=5208 (7312032..7317239) steps=30 mode=0 sched=single-bucket delta_t=0 policy=0
rank=1404 loaded data/1536/stackoverflow_a2q.sub1404.txt (|V_local|=1586  t_range=[2399229,239595858])
rank=1404 loaded routing data/1536/stackoverflow_a2q.rt1404.txt (1092 entries)
rank=1404 added 7 boundary-only nodes from routing
rank=1407/1536 dataset=stackoverflow_a2q walkers=5208 (7327656..7332863) steps=30 mode=0 sched=single-bucket delta_t=0 policy=0
rank=1407 loaded data/1536/stackoverflow_a2q.sub1407.txt (|V_local|=1589  t_range=[4029991,239587829])
rank=1407 loaded routing data/1536/stackoverflow_a2q.rt1407.txt (1030 entries)
rank=1407 added 7 boundary-only nodes from routing
rank=1431/1536 dataset=stackoverflow_a2q walkers=5208 (7452648..7457855) steps=30 mode=0 sched=single-bucket delta_t=0 policy=0
rank=1431 loaded data/1536/stackoverflow_a2q.sub1431.txt (|V_local|=1594  t_range=[11238901,239681178])
rank=1431 loaded routing data/1536/stackoverflow_a2q.rt1431.txt (1136 entries)
rank=1439/1536 dataset=stackoverflow_a2q walkers=5208 (7494312..7499519) steps=30 mode=0 sched=single-bucket delta_t=0 policy=0
rank=1439 loaded data/1536/stackoverflow_a2q.sub1439.txt (|V_local|=1621  t_range=[75318994,239655750])
rank=1439 loaded routing data/1536/stackoverflow_a2q.rt1439.txt (1107 entries)
rank=1438/1536 dataset=stackoverflow_a2q walkers=5208 (7489104..7494311) steps=30 mode=0 sched=single-bucket delta_t=0 policy=0
rank=1438 loaded data/1536/stackoverflow_a2q.sub1438.txt (|V_local|=1597  t_range=[38303263,239695947])
rank=1438 loaded routing data/1536/stackoverflow_a2q.rt1438.txt (1015 entries)
rank=1411/1536 dataset=stackoverflow_a2q walkers=5208 (7348488..7353695) steps=30 mode=0 sched=single-bucket delta_t=0 policy=0
rank=1411 loaded data/1536/stackoverflow_a2q.sub1411.txt (|V_local|=1590  t_range=[22018548,239592771])
rank=1411 loaded routing data/1536/stackoverflow_a2q.rt1411.txt (1077 entries)
rank=1411 added 3 boundary-only nodes from routing
rank=1516/1536 dataset=stackoverflow_a2q walkers=5208 (7895328..7900535) steps=30 mode=0 sched=single-bucket delta_t=0 policy=0
rank=1516 loaded data/1536/stackoverflow_a2q.sub1516.txt (|V_local|=1596  t_range=[21158420,239692240])
rank=1516 loaded routing data/1536/stackoverflow_a2q.rt1516.txt (2 entries)
rank=1493/1536 dataset=stackoverflow_a2q walkers=5208 (7775544..7780751) steps=30 mode=0 sched=single-bucket delta_t=0 policy=0
rank=1493 loaded data/1536/stackoverflow_a2q.sub1493.txt (|V_local|=1595  t_range=[6796966,239453712])
rank=1493 loaded routing data/1536/stackoverflow_a2q.rt1493.txt (920 entries)
rank=1493 added 1 boundary-only nodes from routing
rank=1532/1536 dataset=stackoverflow_a2q walkers=5208 (7978656..7983863) steps=30 mode=0 sched=single-bucket delta_t=0 policy=0
rank=1532 loaded data/1536/stackoverflow_a2q.sub1532.txt (|V_local|=1590  t_range=[37575698,239676836])
rank=1532 loaded routing data/1536/stackoverflow_a2q.rt1532.txt (73 entries)
rank=1520/1536 dataset=stackoverflow_a2q walkers=5208 (7916160..7921367) steps=30 mode=0 sched=single-bucket delta_t=0 policy=0
rank=1520 loaded data/1536/stackoverflow_a2q.sub1520.txt (|V_local|=1558  t_range=[23316139,239649182])
rank=1520 loaded routing data/1536/stackoverflow_a2q.rt1520.txt (121 entries)
rank=1520 added 33 boundary-only nodes from routing
rank=1498/1536 dataset=stackoverflow_a2q walkers=5208 (7801584..7806791) steps=30 mode=0 sched=single-bucket delta_t=0 policy=0
rank=1498 loaded data/1536/stackoverflow_a2q.sub1498.txt (|V_local|=1593  t_range=[37906638,239569086])
rank=1498 loaded routing data/1536/stackoverflow_a2q.rt1498.txt (38 entries)
rank=1525/1536 dataset=stackoverflow_a2q walkers=5208 (7942200..7947407) steps=30 mode=0 sched=single-bucket delta_t=0 policy=0
rank=1525 loaded data/1536/stackoverflow_a2q.sub1525.txt (|V_local|=1597  t_range=[40683133,239505264])
rank=1525 loaded routing data/1536/stackoverflow_a2q.rt1525.txt (87 entries)
rank=1526/1536 dataset=stackoverflow_a2q walkers=5208 (7947408..7952615) steps=30 mode=0 sched=single-bucket delta_t=0 policy=0
rank=1526 loaded data/1536/stackoverflow_a2q.sub1526.txt (|V_local|=1596  t_range=[13817039,239632728])
rank=1526 loaded routing data/1536/stackoverflow_a2q.rt1526.txt (99 entries)
rank=1526 added 1 boundary-only nodes from routing
rank=1521/1536 dataset=stackoverflow_a2q walkers=5208 (7921368..7926575) steps=30 mode=0 sched=single-bucket delta_t=0 policy=0
rank=1521 loaded data/1536/stackoverflow_a2q.sub1521.txt (|V_local|=1594  t_range=[13617205,239640559])
rank=1521 loaded routing data/1536/stackoverflow_a2q.rt1521.txt (78 entries)
rank=1513/1536 dataset=stackoverflow_a2q walkers=5208 (7879704..7884911) steps=30 mode=0 sched=single-bucket delta_t=0 policy=0
rank=1513 loaded data/1536/stackoverflow_a2q.sub1513.txt (|V_local|=1566  t_range=[12694926,239539586])
rank=1513 loaded routing data/1536/stackoverflow_a2q.rt1513.txt (25 entries)
rank=1513 added 5 boundary-only nodes from routing
rank=1489/1536 dataset=stackoverflow_a2q walkers=5208 (7754712..7759919) steps=30 mode=0 sched=single-bucket delta_t=0 policy=0
rank=1489 loaded data/1536/stackoverflow_a2q.sub1489.txt (|V_local|=1595  t_range=[7005793,239684578])
rank=1489 loaded routing data/1536/stackoverflow_a2q.rt1489.txt (868 entries)
rank=1492/1536 dataset=stackoverflow_a2q walkers=5208 (7770336..7775543) steps=30 mode=0 sched=single-bucket delta_t=0 policy=0
rank=1492 loaded data/1536/stackoverflow_a2q.sub1492.txt (|V_local|=1586  t_range=[6430764,239578024])
rank=1492 loaded routing data/1536/stackoverflow_a2q.rt1492.txt (1099 entries)
rank=1492 added 3 boundary-only nodes from routing
rank=1501/1536 dataset=stackoverflow_a2q walkers=5208 (7817208..7822415) steps=30 mode=0 sched=single-bucket delta_t=0 policy=0
rank=1501 loaded data/1536/stackoverflow_a2q.sub1501.txt (|V_local|=1570  t_range=[20993894,239672366])
rank=1501 loaded routing data/1536/stackoverflow_a2q.rt1501.txt (141 entries)
rank=1501 added 23 boundary-only nodes from routing
rank=1497/1536 dataset=stackoverflow_a2q walkers=5208 (7796376..7801583) steps=30 mode=0 sched=single-bucket delta_t=0 policy=0
rank=1497 loaded data/1536/stackoverflow_a2q.sub1497.txt (|V_local|=1589  t_range=[36790978,239671223])
rank=1497 loaded routing data/1536/stackoverflow_a2q.rt1497.txt (66 entries)
rank=1500/1536 dataset=stackoverflow_a2q walkers=5208 (7812000..7817207) steps=30 mode=0 sched=single-bucket delta_t=0 policy=0
rank=1500 loaded data/1536/stackoverflow_a2q.sub1500.txt (|V_local|=1594  t_range=[9141541,239696328])
rank=1500 loaded routing data/1536/stackoverflow_a2q.rt1500.txt (109 entries)
rank=1500 added 1 boundary-only nodes from routing
rank=1496/1536 dataset=stackoverflow_a2q walkers=5208 (7791168..7796375) steps=30 mode=0 sched=single-bucket delta_t=0 policy=0
rank=1496 loaded data/1536/stackoverflow_a2q.sub1496.txt (|V_local|=1564  t_range=[9688298,239659014])
rank=1496 loaded routing data/1536/stackoverflow_a2q.rt1496.txt (443 entries)
rank=1496 added 29 boundary-only nodes from routing
rank=1534/1536 dataset=stackoverflow_a2q walkers=5208 (7989072..7994279) steps=30 mode=0 sched=single-bucket delta_t=0 policy=0
rank=1534 loaded data/1536/stackoverflow_a2q.sub1534.txt (|V_local|=1576  t_range=[35531618,239641101])
rank=1534 loaded routing data/1536/stackoverflow_a2q.rt1534.txt (87 entries)
rank=1534 added 11 boundary-only nodes from routing
rank=1499/1536 dataset=stackoverflow_a2q walkers=5208 (7806792..7811999) steps=30 mode=0 sched=single-bucket delta_t=0 policy=0
rank=1499 loaded data/1536/stackoverflow_a2q.sub1499.txt (|V_local|=1593  t_range=[19333332,239643301])
rank=1499 loaded routing data/1536/stackoverflow_a2q.rt1499.txt (113 entries)
rank=1490/1536 dataset=stackoverflow_a2q walkers=5208 (7759920..7765127) steps=30 mode=0 sched=single-bucket delta_t=0 policy=0
rank=1490 loaded data/1536/stackoverflow_a2q.sub1490.txt (|V_local|=1593  t_range=[13655053,239550728])
rank=1490 loaded routing data/1536/stackoverflow_a2q.rt1490.txt (1015 entries)
rank=1506/1536 dataset=stackoverflow_a2q walkers=5208 (7843248..7848455) steps=30 mode=0 sched=single-bucket delta_t=0 policy=0
rank=1506 loaded data/1536/stackoverflow_a2q.sub1506.txt (|V_local|=1588  t_range=[5775685,239662716])
rank=1506 loaded routing data/1536/stackoverflow_a2q.rt1506.txt (61 entries)
rank=1535/1536 dataset=stackoverflow_a2q walkers=5208 (7994280..7999487) steps=30 mode=0 sched=single-bucket delta_t=0 policy=0
rank=1535 loaded data/1536/stackoverflow_a2q.sub1535.txt (|V_local|=1589  t_range=[35040408,239585663])
rank=1535 loaded routing data/1536/stackoverflow_a2q.rt1535.txt (64 entries)
rank=1535 added 1 boundary-only nodes from routing
rank=1514/1536 dataset=stackoverflow_a2q walkers=5208 (7884912..7890119) steps=30 mode=0 sched=single-bucket delta_t=0 policy=0
rank=1514 loaded data/1536/stackoverflow_a2q.sub1514.txt (|V_local|=1593  t_range=[10435649,239565997])
rank=1514 loaded routing data/1536/stackoverflow_a2q.rt1514.txt (45 entries)
rank=1512/1536 dataset=stackoverflow_a2q walkers=5208 (7874496..7879703) steps=30 mode=0 sched=single-bucket delta_t=0 policy=0
rank=1512 loaded data/1536/stackoverflow_a2q.sub1512.txt (|V_local|=1594  t_range=[9441321,239668003])
rank=1512 loaded routing data/1536/stackoverflow_a2q.rt1512.txt (185 entries)
rank=1491/1536 dataset=stackoverflow_a2q walkers=5208 (7765128..7770335) steps=30 mode=0 sched=single-bucket delta_t=0 policy=0
rank=1491 loaded data/1536/stackoverflow_a2q.sub1491.txt (|V_local|=1582  t_range=[23367769,239644004])
rank=1491 loaded routing data/1536/stackoverflow_a2q.rt1491.txt (942 entries)
rank=1491 added 7 boundary-only nodes from routing
rank=1530/1536 dataset=stackoverflow_a2q walkers=5208 (7968240..7973447) steps=30 mode=0 sched=single-bucket delta_t=0 policy=0
rank=1530 loaded data/1536/stackoverflow_a2q.sub1530.txt (|V_local|=1565  t_range=[8346835,239638296])
rank=1530 loaded routing data/1536/stackoverflow_a2q.rt1530.txt (131 entries)
rank=1530 added 31 boundary-only nodes from routing
rank=1504/1536 dataset=stackoverflow_a2q walkers=5208 (7832832..7838039) steps=30 mode=0 sched=single-bucket delta_t=0 policy=0
rank=1216/1536 dataset=stackoverflow_a2q walkers=5208 (6332928..6338135) steps=30 mode=0 sched=single-bucket delta_t=0 policy=0
rank=1216 loaded data/1536/stackoverflow_a2q.sub1216.txt (|V_local|=1595  t_range=[64925700,239625356])
rank=1216 loaded routing data/1536/stackoverflow_a2q.rt1216.txt (1062 entries)
rank=1201/1536 dataset=stackoverflow_a2q walkers=5208 (6254808..6260015) steps=30 mode=0 sched=single-bucket delta_t=0 policy=0
rank=1201 loaded data/1536/stackoverflow_a2q.sub1201.txt (|V_local|=1592  t_range=[9479911,239677922])
rank=1201 loaded routing data/1536/stackoverflow_a2q.rt1201.txt (1044 entries)
rank=1201 added 2 boundary-only nodes from routing
rank=1205/1536 dataset=stackoverflow_a2q walkers=5208 (6275640..6280847) steps=30 mode=0 sched=single-bucket delta_t=0 policy=0
rank=1205 loaded data/1536/stackoverflow_a2q.sub1205.txt (|V_local|=1592  t_range=[12237034,239572569])
rank=1205 loaded routing data/1536/stackoverflow_a2q.rt1205.txt (1090 entries)
rank=1225/1536 dataset=stackoverflow_a2q walkers=5208 (6379800..6385007) steps=30 mode=0 sched=single-bucket delta_t=0 policy=0
rank=1225 loaded data/1536/stackoverflow_a2q.sub1225.txt (|V_local|=1593  t_range=[12500607,239660120])
rank=1225 loaded routing data/1536/stackoverflow_a2q.rt1225.txt (1078 entries)
rank=1225 added 3 boundary-only nodes from routing
rank=1206/1536 dataset=stackoverflow_a2q walkers=5208 (6280848..6286055) steps=30 mode=0 sched=single-bucket delta_t=0 policy=0
rank=1206 loaded data/1536/stackoverflow_a2q.sub1206.txt (|V_local|=1586  t_range=[6457210,239620355])
rank=1206 loaded routing data/1536/stackoverflow_a2q.rt1206.txt (1071 entries)
rank=1206 added 1 boundary-only nodes from routing
rank=1202/1536 dataset=stackoverflow_a2q walkers=5208 (6260016..6265223) steps=30 mode=0 sched=single-bucket delta_t=0 policy=0
rank=1202 loaded data/1536/stackoverflow_a2q.sub1202.txt (|V_local|=1596  t_range=[36115513,239696630])
rank=1202 loaded routing data/1536/stackoverflow_a2q.rt1202.txt (984 entries)
rank=1202 added 2 boundary-only nodes from routing
rank=1230/1536 dataset=stackoverflow_a2q walkers=5208 (6405840..6411047) steps=30 mode=0 sched=single-bucket delta_t=0 policy=0
rank=1230 loaded data/1536/stackoverflow_a2q.sub1230.txt (|V_local|=1601  t_range=[24923309,239673017])
rank=1230 loaded routing data/1536/stackoverflow_a2q.rt1230.txt (1027 entries)
rank=1204/1536 dataset=stackoverflow_a2q walkers=5208 (6270432..6275639) steps=30 mode=0 sched=single-bucket delta_t=0 policy=0
rank=1204 loaded data/1536/stackoverflow_a2q.sub1204.txt (|V_local|=1593  t_range=[60793802,239660523])
rank=1204 loaded routing data/1536/stackoverflow_a2q.rt1204.txt (1145 entries)
rank=1228/1536 dataset=stackoverflow_a2q walkers=5208 (6395424..6400631) steps=30 mode=0 sched=single-bucket delta_t=0 policy=0
rank=1228 loaded data/1536/stackoverflow_a2q.sub1228.txt (|V_local|=1591  t_range=[29616127,239662208])
rank=1228 loaded routing data/1536/stackoverflow_a2q.rt1228.txt (1025 entries)
rank=1209/1536 dataset=stackoverflow_a2q walkers=5208 (6296472..6301679) steps=30 mode=0 sched=single-bucket delta_t=0 policy=0
rank=1209 loaded data/1536/stackoverflow_a2q.sub1209.txt (|V_local|=1596  t_range=[39954673,239637764])
rank=1209 loaded routing data/1536/stackoverflow_a2q.rt1209.txt (1090 entries)
rank=1200/1536 dataset=stackoverflow_a2q walkers=5208 (6249600..6254807) steps=30 mode=0 sched=single-bucket delta_t=0 policy=0
rank=1200 loaded data/1536/stackoverflow_a2q.sub1200.txt (|V_local|=1594  t_range=[13269102,239591336])
rank=1200 loaded routing data/1536/stackoverflow_a2q.rt1200.txt (1067 entries)
rank=1203/1536 dataset=stackoverflow_a2q walkers=5208 (6265224..6270431) steps=30 mode=0 sched=single-bucket delta_t=0 policy=0
rank=1203 loaded data/1536/stackoverflow_a2q.sub1203.txt (|V_local|=1585  t_range=[4133563,239696916])
rank=1203 loaded routing data/1536/stackoverflow_a2q.rt1203.txt (1029 entries)
rank=1244/1536 dataset=stackoverflow_a2q walkers=5208 (6478752..6483959) steps=30 mode=0 sched=single-bucket delta_t=0 policy=0
rank=1244 loaded data/1536/stackoverflow_a2q.sub1244.txt (|V_local|=1596  t_range=[29929163,239607661])
rank=1244 loaded routing data/1536/stackoverflow_a2q.rt1244.txt (1045 entries)
rank=1240/1536 dataset=stackoverflow_a2q walkers=5208 (6457920..6463127) steps=30 mode=0 sched=single-bucket delta_t=0 policy=0
rank=1240 loaded data/1536/stackoverflow_a2q.sub1240.txt (|V_local|=1619  t_range=[48379227,239681968])
rank=1240 loaded routing data/1536/stackoverflow_a2q.rt1240.txt (1017 entries)
rank=1240 added 1 boundary-only nodes from routing
rank=1214/1536 dataset=stackoverflow_a2q walkers=5208 (6322512..6327719) steps=30 mode=0 sched=single-bucket delta_t=0 policy=0
rank=1214 loaded data/1536/stackoverflow_a2q.sub1214.txt (|V_local|=1594  t_range=[36693760,239636234])
rank=1214 loaded routing data/1536/stackoverflow_a2q.rt1214.txt (1147 entries)
rank=1218/1536 dataset=stackoverflow_a2q walkers=5208 (6343344..6348551) steps=30 mode=0 sched=single-bucket delta_t=0 policy=0
rank=1218 loaded data/1536/stackoverflow_a2q.sub1218.txt (|V_local|=1594  t_range=[36532480,239645564])
rank=1218 loaded routing data/1536/stackoverflow_a2q.rt1218.txt (1044 entries)
rank=1218 added 1 boundary-only nodes from routing
rank=824/1536 dataset=stackoverflow_a2q walkers=5208 (4291392..4296599) steps=30 mode=0 sched=single-bucket delta_t=0 policy=0
rank=824 loaded data/1536/stackoverflow_a2q.sub824.txt (|V_local|=1595  t_range=[4017374,239673197])
rank=824 loaded routing data/1536/stackoverflow_a2q.rt824.txt (928 entries)
rank=824 added 1 boundary-only nodes from routing
rank=818/1536 dataset=stackoverflow_a2q walkers=5208 (4260144..4265351) steps=30 mode=0 sched=single-bucket delta_t=0 policy=0
rank=818 loaded data/1536/stackoverflow_a2q.sub818.txt (|V_local|=1647  t_range=[42298847,239654089])
rank=818 loaded routing data/1536/stackoverflow_a2q.rt818.txt (841 entries)
rank=818 added 1 boundary-only nodes from routing
rank=827/1536 dataset=stackoverflow_a2q walkers=5208 (4307016..4312223) steps=30 mode=0 sched=single-bucket delta_t=0 policy=0
rank=827 loaded data/1536/stackoverflow_a2q.sub827.txt (|V_local|=1585  t_range=[37167518,239677683])
rank=827 loaded routing data/1536/stackoverflow_a2q.rt827.txt (1024 entries)
rank=854/1536 dataset=stackoverflow_a2q walkers=5208 (4447632..4452839) steps=30 mode=0 sched=single-bucket delta_t=0 policy=0
rank=854 loaded data/1536/stackoverflow_a2q.sub854.txt (|V_local|=1594  t_range=[4893847,239664595])
rank=854 loaded routing data/1536/stackoverflow_a2q.rt854.txt (987 entries)
rank=854 added 4 boundary-only nodes from routing
rank=825/1536 dataset=stackoverflow_a2q walkers=5208 (4296600..4301807) steps=30 mode=0 sched=single-bucket delta_t=0 policy=0
rank=825 loaded data/1536/stackoverflow_a2q.sub825.txt (|V_local|=1595  t_range=[15508767,239603581])
rank=825 loaded routing data/1536/stackoverflow_a2q.rt825.txt (1056 entries)
rank=833/1536 dataset=stackoverflow_a2q walkers=5208 (4338264..4343471) steps=30 mode=0 sched=single-bucket delta_t=0 policy=0
rank=833 loaded data/1536/stackoverflow_a2q.sub833.txt (|V_local|=1646  t_range=[56913521,239644898])
rank=833 loaded routing data/1536/stackoverflow_a2q.rt833.txt (753 entries)
rank=833 added 6 boundary-only nodes from routing
rank=823/1536 dataset=stackoverflow_a2q walkers=5208 (4286184..4291391) steps=30 mode=0 sched=single-bucket delta_t=0 policy=0
rank=823 loaded data/1536/stackoverflow_a2q.sub823.txt (|V_local|=1594  t_range=[6311188,239586351])
rank=823 loaded routing data/1536/stackoverflow_a2q.rt823.txt (915 entries)
rank=823 added 1 boundary-only nodes from routing
rank=820/1536 dataset=stackoverflow_a2q walkers=5208 (4270560..4275767) steps=30 mode=0 sched=single-bucket delta_t=0 policy=0
rank=820 loaded data/1536/stackoverflow_a2q.sub820.txt (|V_local|=1635  t_range=[33431529,239622793])
rank=820 loaded routing data/1536/stackoverflow_a2q.rt820.txt (1049 entries)
rank=820 added 3 boundary-only nodes from routing
rank=819/1536 dataset=stackoverflow_a2q walkers=5208 (4265352..4270559) steps=30 mode=0 sched=single-bucket delta_t=0 policy=0
rank=819 loaded data/1536/stackoverflow_a2q.sub819.txt (|V_local|=1591  t_range=[3955293,239652934])
rank=819 loaded routing data/1536/stackoverflow_a2q.rt819.txt (1060 entries)
rank=819 added 1 boundary-only nodes from routing
rank=817/1536 dataset=stackoverflow_a2q walkers=5208 (4254936..4260143) steps=30 mode=0 sched=single-bucket delta_t=0 policy=0
rank=817 loaded data/1536/stackoverflow_a2q.sub817.txt (|V_local|=1650  t_range=[29877967,239607196])
rank=817 loaded routing data/1536/stackoverflow_a2q.rt817.txt (988 entries)
rank=860/1536 dataset=stackoverflow_a2q walkers=5208 (4478880..4484087) steps=30 mode=0 sched=single-bucket delta_t=0 policy=0
rank=860 loaded data/1536/stackoverflow_a2q.sub860.txt (|V_local|=1587  t_range=[29800025,239676020])
rank=860 loaded routing data/1536/stackoverflow_a2q.rt860.txt (1048 entries)
rank=860 added 8 boundary-only nodes from routing
rank=863/1536 dataset=stackoverflow_a2q walkers=5208 (4494504..4499711) steps=30 mode=0 sched=single-bucket delta_t=0 policy=0
rank=863 loaded data/1536/stackoverflow_a2q.sub863.txt (|V_local|=1593  t_range=[16573145,239626611])
rank=863 loaded routing data/1536/stackoverflow_a2q.rt863.txt (1104 entries)
rank=863 added 3 boundary-only nodes from routing
rank=828/1536 dataset=stackoverflow_a2q walkers=5208 (4312224..4317431) steps=30 mode=0 sched=single-bucket delta_t=0 policy=0
rank=828 loaded data/1536/stackoverflow_a2q.sub828.txt (|V_local|=1591  t_range=[21595811,239694351])
rank=828 loaded routing data/1536/stackoverflow_a2q.rt828.txt (1056 entries)
rank=828 added 4 boundary-only nodes from routing
rank=826/1536 dataset=stackoverflow_a2q walkers=5208 (4301808..4307015) steps=30 mode=0 sched=single-bucket delta_t=0 policy=0
rank=826 loaded data/1536/stackoverflow_a2q.sub826.txt (|V_local|=1598  t_range=[27515379,239654751])
rank=826 loaded routing data/1536/stackoverflow_a2q.rt826.txt (972 entries)
rank=850/1536 dataset=stackoverflow_a2q walkers=5208 (4426800..4432007) steps=30 mode=0 sched=single-bucket delta_t=0 policy=0
rank=850 loaded data/1536/stackoverflow_a2q.sub850.txt (|V_local|=1647  t_range=[33300636,239618286])
rank=850 loaded routing data/1536/stackoverflow_a2q.rt850.txt (1001 entries)
rank=850 added 5 boundary-only nodes from routing
rank=117/1536 dataset=stackoverflow_a2q walkers=5208 (609336..614543) steps=30 mode=0 sched=single-bucket delta_t=0 policy=0
rank=117 loaded data/1536/stackoverflow_a2q.sub117.txt (|V_local|=1594  t_range=[7333835,239423913])
rank=117 loaded routing data/1536/stackoverflow_a2q.rt117.txt (1080 entries)
rank=117 added 3 boundary-only nodes from routing
rank=113/1536 dataset=stackoverflow_a2q walkers=5208 (588504..593711) steps=30 mode=0 sched=single-bucket delta_t=0 policy=0
rank=113 loaded data/1536/stackoverflow_a2q.sub113.txt (|V_local|=1650  t_range=[12091130,239693455])
rank=113 loaded routing data/1536/stackoverflow_a2q.rt113.txt (824 entries)
rank=113 added 2 boundary-only nodes from routing
rank=97/1536 dataset=stackoverflow_a2q walkers=5208 (505176..510383) steps=30 mode=0 sched=single-bucket delta_t=0 policy=0
rank=97 loaded data/1536/stackoverflow_a2q.sub97.txt (|V_local|=1592  t_range=[16071565,239590152])
rank=97 loaded routing data/1536/stackoverflow_a2q.rt97.txt (929 entries)
rank=97 added 1 boundary-only nodes from routing
rank=129/1536 dataset=stackoverflow_a2q walkers=5208 (671832..677039) steps=30 mode=0 sched=single-bucket delta_t=0 policy=0
rank=129 loaded data/1536/stackoverflow_a2q.sub129.txt (|V_local|=1593  t_range=[21389558,239557540])
rank=129 loaded routing data/1536/stackoverflow_a2q.rt129.txt (1091 entries)
rank=104/1536 dataset=stackoverflow_a2q walkers=5208 (541632..546839) steps=30 mode=0 sched=single-bucket delta_t=0 policy=0
rank=104 loaded data/1536/stackoverflow_a2q.sub104.txt (|V_local|=1590  t_range=[6690802,239653716])
rank=104 loaded routing data/1536/stackoverflow_a2q.rt104.txt (1072 entries)
rank=104 added 2 boundary-only nodes from routing
rank=122/1536 dataset=stackoverflow_a2q walkers=5208 (635376..640583) steps=30 mode=0 sched=single-bucket delta_t=0 policy=0
rank=122 loaded data/1536/stackoverflow_a2q.sub122.txt (|V_local|=1621  t_range=[34867055,239660075])
rank=122 loaded routing data/1536/stackoverflow_a2q.rt122.txt (835 entries)
rank=123/1536 dataset=stackoverflow_a2q walkers=5208 (640584..645791) steps=30 mode=0 sched=single-bucket delta_t=0 policy=0
rank=123 loaded data/1536/stackoverflow_a2q.sub123.txt (|V_local|=1589  t_range=[4533139,239659280])
rank=123 loaded routing data/1536/stackoverflow_a2q.rt123.txt (1026 entries)
rank=123 added 1 boundary-only nodes from routing
rank=99/1536 dataset=stackoverflow_a2q walkers=5208 (515592..520799) steps=30 mode=0 sched=single-bucket delta_t=0 policy=0
rank=99 loaded data/1536/stackoverflow_a2q.sub99.txt (|V_local|=1589  t_range=[2419301,239676655])
rank=99 loaded routing data/1536/stackoverflow_a2q.rt99.txt (1074 entries)
rank=99 added 5 boundary-only nodes from routing
rank=115/1536 dataset=stackoverflow_a2q walkers=5208 (598920..604127) steps=30 mode=0 sched=single-bucket delta_t=0 policy=0
rank=115 loaded data/1536/stackoverflow_a2q.sub115.txt (|V_local|=1646  t_range=[14103276,239648848])
rank=115 loaded routing data/1536/stackoverflow_a2q.rt115.txt (793 entries)
rank=126/1536 dataset=stackoverflow_a2q walkers=5208 (656208..661415) steps=30 mode=0 sched=single-bucket delta_t=0 policy=0
rank=126 loaded data/1536/stackoverflow_a2q.sub126.txt (|V_local|=1594  t_range=[24650022,239625426])
rank=126 loaded routing data/1536/stackoverflow_a2q.rt126.txt (1019 entries)
rank=126 added 2 boundary-only nodes from routing
rank=102/1536 dataset=stackoverflow_a2q walkers=5208 (531216..536423) steps=30 mode=0 sched=single-bucket delta_t=0 policy=0
rank=102 loaded data/1536/stackoverflow_a2q.sub102.txt (|V_local|=1587  t_range=[8614016,239692780])
rank=102 loaded routing data/1536/stackoverflow_a2q.rt102.txt (1024 entries)
rank=102 added 7 boundary-only nodes from routing
rank=103/1536 dataset=stackoverflow_a2q walkers=5208 (536424..541631) steps=30 mode=0 sched=single-bucket delta_t=0 policy=0
rank=103 loaded data/1536/stackoverflow_a2q.sub103.txt (|V_local|=1650  t_range=[2735655,239634775])
rank=103 loaded routing data/1536/stackoverflow_a2q.rt103.txt (576 entries)
rank=103 added 2 boundary-only nodes from routing
rank=134/1536 dataset=stackoverflow_a2q walkers=5208 (697872..703079) steps=30 mode=0 sched=single-bucket delta_t=0 policy=0
rank=134 loaded data/1536/stackoverflow_a2q.sub134.txt (|V_local|=1652  t_range=[7213871,239603466])
rank=134 loaded routing data/1536/stackoverflow_a2q.rt134.txt (518 entries)
rank=100/1536 dataset=stackoverflow_a2q walkers=5208 (520800..526007) steps=30 mode=0 sched=single-bucket delta_t=0 policy=0
rank=100 loaded data/1536/stackoverflow_a2q.sub100.txt (|V_local|=1641  t_range=[5165962,239661769])
rank=100 loaded routing data/1536/stackoverflow_a2q.rt100.txt (881 entries)
rank=100 added 3 boundary-only nodes from routing
rank=106/1536 dataset=stackoverflow_a2q walkers=5208 (552048..557255) steps=30 mode=0 sched=single-bucket delta_t=0 policy=0
rank=106 loaded data/1536/stackoverflow_a2q.sub106.txt (|V_local|=1636  t_range=[4213619,239283899])
rank=106 loaded routing data/1536/stackoverflow_a2q.rt106.txt (819 entries)
rank=106 added 8 boundary-only nodes from routing
rank=98/1536 dataset=stackoverflow_a2q walkers=5208 (510384..515591) steps=30 mode=0 sched=single-bucket delta_t=0 policy=0
rank=98 loaded data/1536/stackoverflow_a2q.sub98.txt (|V_local|=1590  t_range=[3389814,239684060])
rank=98 loaded routing data/1536/stackoverflow_a2q.rt98.txt (1073 entries)
rank=98 added 3 boundary-only nodes from routing
rank=118/1536 dataset=stackoverflow_a2q walkers=5208 (614544..619751) steps=30 mode=0 sched=single-bucket delta_t=0 policy=0
rank=118 loaded data/1536/stackoverflow_a2q.sub118.txt (|V_local|=1591  t_range=[3976394,239618455])
rank=118 loaded routing data/1536/stackoverflow_a2q.rt118.txt (1082 entries)
rank=118 added 2 boundary-only nodes from routing
rank=108/1536 dataset=stackoverflow_a2q walkers=5208 (562464..567671) steps=30 mode=0 sched=single-bucket delta_t=0 policy=0
rank=108 loaded data/1536/stackoverflow_a2q.sub108.txt (|V_local|=1594  t_range=[2374041,239655132])
rank=108 loaded routing data/1536/stackoverflow_a2q.rt108.txt (1060 entries)
rank=108 added 1 boundary-only nodes from routing
rank=142/1536 dataset=stackoverflow_a2q walkers=5208 (739536..744743) steps=30 mode=0 sched=single-bucket delta_t=0 policy=0
rank=142 loaded data/1536/stackoverflow_a2q.sub142.txt (|V_local|=1587  t_range=[3877900,239694952])
rank=142 loaded routing data/1536/stackoverflow_a2q.rt142.txt (1044 entries)
rank=142 added 2 boundary-only nodes from routing
rank=105/1536 dataset=stackoverflow_a2q walkers=5208 (546840..552047) steps=30 mode=0 sched=single-bucket delta_t=0 policy=0
rank=105 loaded data/1536/stackoverflow_a2q.sub105.txt (|V_local|=1591  t_range=[15532140,239668752])
rank=105 loaded routing data/1536/stackoverflow_a2q.rt105.txt (1013 entries)
rank=105 added 3 boundary-only nodes from routing
rank=101/1536 dataset=stackoverflow_a2q walkers=5208 (526008..531215) steps=30 mode=0 sched=single-bucket delta_t=0 policy=0
rank=101 loaded data/1536/stackoverflow_a2q.sub101.txt (|V_local|=1596  t_range=[4066543,239587238])
rank=101 loaded routing data/1536/stackoverflow_a2q.rt101.txt (992 entries)
rank=101 added 3 boundary-only nodes from routing
rank=633/1536 dataset=stackoverflow_a2q walkers=5208 (3296664..3301871) steps=30 mode=0 sched=single-bucket delta_t=0 policy=0
rank=633 loaded data/1536/stackoverflow_a2q.sub633.txt (|V_local|=1592  t_range=[3964159,239650860])
rank=633 loaded routing data/1536/stackoverflow_a2q.rt633.txt (1054 entries)
rank=625/1536 dataset=stackoverflow_a2q walkers=5208 (3255000..3260207) steps=30 mode=0 sched=single-bucket delta_t=0 policy=0
rank=625 loaded data/1536/stackoverflow_a2q.sub625.txt (|V_local|=1652  t_range=[30705102,239492273])
rank=625 loaded routing data/1536/stackoverflow_a2q.rt625.txt (519 entries)
rank=641/1536 dataset=stackoverflow_a2q walkers=5208 (3338328..3343535) steps=30 mode=0 sched=single-bucket delta_t=0 policy=0
rank=641 loaded data/1536/stackoverflow_a2q.sub641.txt (|V_local|=1602  t_range=[5235453,239410119])
rank=641 loaded routing data/1536/stackoverflow_a2q.rt641.txt (933 entries)
rank=645/1536 dataset=stackoverflow_a2q walkers=5208 (3359160..3364367) steps=30 mode=0 sched=single-bucket delta_t=0 policy=0
rank=645 loaded data/1536/stackoverflow_a2q.sub645.txt (|V_local|=1583  t_range=[5423507,239581906])
rank=645 loaded routing data/1536/stackoverflow_a2q.rt645.txt (978 entries)
rank=645 added 1 boundary-only nodes from routing
rank=639/1536 dataset=stackoverflow_a2q walkers=5208 (3327912..3333119) steps=30 mode=0 sched=single-bucket delta_t=0 policy=0
rank=639 loaded data/1536/stackoverflow_a2q.sub639.txt (|V_local|=1592  t_range=[21056604,239697892])
rank=639 loaded routing data/1536/stackoverflow_a2q.rt639.txt (995 entries)
rank=639 added 1 boundary-only nodes from routing
rank=636/1536 dataset=stackoverflow_a2q walkers=5208 (3312288..3317495) steps=30 mode=0 sched=single-bucket delta_t=0 policy=0
rank=636 loaded data/1536/stackoverflow_a2q.sub636.txt (|V_local|=1593  t_range=[14652221,239295397])
rank=636 loaded routing data/1536/stackoverflow_a2q.rt636.txt (1010 entries)
rank=636 added 3 boundary-only nodes from routing
rank=637/1536 dataset=stackoverflow_a2q walkers=5208 (3317496..3322703) steps=30 mode=0 sched=single-bucket delta_t=0 policy=0
rank=637 loaded data/1536/stackoverflow_a2q.sub637.txt (|V_local|=1649  t_range=[3585319,239429902])
rank=637 loaded routing data/1536/stackoverflow_a2q.rt637.txt (892 entries)
rank=644/1536 dataset=stackoverflow_a2q walkers=5208 (3353952..3359159) steps=30 mode=0 sched=single-bucket delta_t=0 policy=0
rank=644 loaded data/1536/stackoverflow_a2q.sub644.txt (|V_local|=1591  t_range=[2391857,239564316])
rank=644 loaded routing data/1536/stackoverflow_a2q.rt644.txt (977 entries)
rank=644 added 3 boundary-only nodes from routing
rank=647/1536 dataset=stackoverflow_a2q walkers=5208 (3369576..3374783) steps=30 mode=0 sched=single-bucket delta_t=0 policy=0
rank=647 loaded data/1536/stackoverflow_a2q.sub647.txt (|V_local|=1648  t_range=[23040538,239573982])
rank=647 loaded routing data/1536/stackoverflow_a2q.rt647.txt (701 entries)
rank=647 added 4 boundary-only nodes from routing
rank=671/1536 dataset=stackoverflow_a2q walkers=5208 (3494568..3499775) steps=30 mode=0 sched=single-bucket delta_t=0 policy=0
rank=671 loaded data/1536/stackoverflow_a2q.sub671.txt (|V_local|=1589  t_range=[16800064,239535886])
rank=671 loaded routing data/1536/stackoverflow_a2q.rt671.txt (1059 entries)
rank=635/1536 dataset=stackoverflow_a2q walkers=5208 (3307080..3312287) steps=30 mode=0 sched=single-bucket delta_t=0 policy=0
rank=635 loaded data/1536/stackoverflow_a2q.sub635.txt (|V_local|=1621  t_range=[6097328,239461669])
rank=635 loaded routing data/1536/stackoverflow_a2q.rt635.txt (822 entries)
rank=635 added 4 boundary-only nodes from routing
rank=632/1536 dataset=stackoverflow_a2q walkers=5208 (3291456..3296663) steps=30 mode=0 sched=single-bucket delta_t=0 policy=0
rank=632 loaded data/1536/stackoverflow_a2q.sub632.txt (|V_local|=1591  t_range=[2491740,239682601])
rank=632 loaded routing data/1536/stackoverflow_a2q.rt632.txt (855 entries)
rank=668/1536 dataset=stackoverflow_a2q walkers=5208 (3478944..3484151) steps=30 mode=0 sched=single-bucket delta_t=0 policy=0
rank=668 loaded data/1536/stackoverflow_a2q.sub668.txt (|V_local|=1597  t_range=[48608336,239418721])
rank=668 loaded routing data/1536/stackoverflow_a2q.rt668.txt (1011 entries)
rank=640/1536 dataset=stackoverflow_a2q walkers=5208 (3333120..3338327) steps=30 mode=0 sched=single-bucket delta_t=0 policy=0
rank=640 loaded data/1536/stackoverflow_a2q.sub640.txt (|V_local|=1592  t_range=[8867898,239677946])
rank=640 loaded routing data/1536/stackoverflow_a2q.rt640.txt (1072 entries)
rank=640 added 1 boundary-only nodes from routing
rank=663/1536 dataset=stackoverflow_a2q walkers=5208 (3452904..3458111) steps=30 mode=0 sched=single-bucket delta_t=0 policy=0
rank=663 loaded data/1536/stackoverflow_a2q.sub663.txt (|V_local|=1593  t_range=[2152636,239696704])
rank=663 loaded routing data/1536/stackoverflow_a2q.rt663.txt (1071 entries)
rank=663 added 2 boundary-only nodes from routing
rank=626/1536 dataset=stackoverflow_a2q walkers=5208 (3260208..3265415) steps=30 mode=0 sched=single-bucket delta_t=0 policy=0
rank=626 loaded data/1536/stackoverflow_a2q.sub626.txt (|V_local|=1582  t_range=[25274937,239587578])
rank=626 loaded routing data/1536/stackoverflow_a2q.rt626.txt (1070 entries)
rank=626 added 7 boundary-only nodes from routing
rank=627/1536 dataset=stackoverflow_a2q walkers=5208 (3265416..3270623) steps=30 mode=0 sched=single-bucket delta_t=0 policy=0
rank=627 loaded data/1536/stackoverflow_a2q.sub627.txt (|V_local|=1593  t_range=[8015949,239605561])
rank=627 loaded routing data/1536/stackoverflow_a2q.rt627.txt (1064 entries)
rank=627 added 1 boundary-only nodes from routing
rank=629/1536 dataset=stackoverflow_a2q walkers=5208 (3275832..3281039) steps=30 mode=0 sched=single-bucket delta_t=0 policy=0
rank=629 loaded data/1536/stackoverflow_a2q.sub629.txt (|V_local|=1583  t_range=[3941746,239634193])
rank=629 loaded routing data/1536/stackoverflow_a2q.rt629.txt (987 entries)
rank=629 added 3 boundary-only nodes from routing
rank=1010/1536 dataset=stackoverflow_a2q walkers=5208 (5260080..5265287) steps=30 mode=0 sched=single-bucket delta_t=0 policy=0
rank=1010 loaded data/1536/stackoverflow_a2q.sub1010.txt (|V_local|=1646  t_range=[33865616,239593987])
rank=1010 loaded routing data/1536/stackoverflow_a2q.rt1010.txt (965 entries)
rank=1053/1536 dataset=stackoverflow_a2q walkers=5208 (5484024..5489231) steps=30 mode=0 sched=single-bucket delta_t=0 policy=0
rank=1053 loaded data/1536/stackoverflow_a2q.sub1053.txt (|V_local|=1595  t_range=[4102146,239640716])
rank=1053 loaded routing data/1536/stackoverflow_a2q.rt1053.txt (1117 entries)
rank=1054/1536 dataset=stackoverflow_a2q walkers=5208 (5489232..5494439) steps=30 mode=0 sched=single-bucket delta_t=0 policy=0
rank=1054 loaded data/1536/stackoverflow_a2q.sub1054.txt (|V_local|=1597  t_range=[20538566,239539233])
rank=1054 loaded routing data/1536/stackoverflow_a2q.rt1054.txt (841 entries)
rank=1054 added 1 boundary-only nodes from routing
rank=1009/1536 dataset=stackoverflow_a2q walkers=5208 (5254872..5260079) steps=30 mode=0 sched=single-bucket delta_t=0 policy=0
rank=1009 loaded data/1536/stackoverflow_a2q.sub1009.txt (|V_local|=1594  t_range=[45866487,239487004])
rank=1009 loaded routing data/1536/stackoverflow_a2q.rt1009.txt (1109 entries)
rank=1009 added 2 boundary-only nodes from routing
rank=1013/1536 dataset=stackoverflow_a2q walkers=5208 (5275704..5280911) steps=30 mode=0 sched=single-bucket delta_t=0 policy=0
rank=1013 loaded data/1536/stackoverflow_a2q.sub1013.txt (|V_local|=1601  t_range=[40498624,239627358])
rank=1013 loaded routing data/1536/stackoverflow_a2q.rt1013.txt (1045 entries)
rank=1014/1536 dataset=stackoverflow_a2q walkers=5208 (5280912..5286119) steps=30 mode=0 sched=single-bucket delta_t=0 policy=0
rank=1014 loaded data/1536/stackoverflow_a2q.sub1014.txt (|V_local|=1594  t_range=[6032630,239696498])
rank=1014 loaded routing data/1536/stackoverflow_a2q.rt1014.txt (1044 entries)
rank=1018/1536 dataset=stackoverflow_a2q walkers=5208 (5301744..5306951) steps=30 mode=0 sched=single-bucket delta_t=0 policy=0
rank=1018 loaded data/1536/stackoverflow_a2q.sub1018.txt (|V_local|=1595  t_range=[16850232,239619839])
rank=1018 loaded routing data/1536/stackoverflow_a2q.rt1018.txt (1054 entries)
rank=1015/1536 dataset=stackoverflow_a2q walkers=5208 (5286120..5291327) steps=30 mode=0 sched=single-bucket delta_t=0 policy=0
rank=1015 loaded data/1536/stackoverflow_a2q.sub1015.txt (|V_local|=1591  t_range=[51284907,239571858])
rank=1015 loaded routing data/1536/stackoverflow_a2q.rt1015.txt (1122 entries)
rank=1015 added 1 boundary-only nodes from routing
rank=1012/1536 dataset=stackoverflow_a2q walkers=5208 (5270496..5275703) steps=30 mode=0 sched=single-bucket delta_t=0 policy=0
rank=1012 loaded data/1536/stackoverflow_a2q.sub1012.txt (|V_local|=1594  t_range=[36658119,239587496])
rank=1012 loaded routing data/1536/stackoverflow_a2q.rt1012.txt (1044 entries)
rank=1016/1536 dataset=stackoverflow_a2q walkers=5208 (5291328..5296535) steps=30 mode=0 sched=single-bucket delta_t=0 policy=0
rank=1016 loaded data/1536/stackoverflow_a2q.sub1016.txt (|V_local|=1595  t_range=[40707199,239571499])
rank=1016 loaded routing data/1536/stackoverflow_a2q.rt1016.txt (1093 entries)
rank=1046/1536 dataset=stackoverflow_a2q walkers=5208 (5447568..5452775) steps=30 mode=0 sched=single-bucket delta_t=0 policy=0
rank=1046 loaded data/1536/stackoverflow_a2q.sub1046.txt (|V_local|=1594  t_range=[32049161,239464785])
rank=1046 loaded routing data/1536/stackoverflow_a2q.rt1046.txt (847 entries)
rank=1017/1536 dataset=stackoverflow_a2q walkers=5208 (5296536..5301743) steps=30 mode=0 sched=single-bucket delta_t=0 policy=0
rank=1017 loaded data/1536/stackoverflow_a2q.sub1017.txt (|V_local|=1590  t_range=[14563190,239386678])
rank=1017 loaded routing data/1536/stackoverflow_a2q.rt1017.txt (1052 entries)
rank=1017 added 1 boundary-only nodes from routing
rank=1043/1536 dataset=stackoverflow_a2q walkers=5208 (5431944..5437151) steps=30 mode=0 sched=single-bucket delta_t=0 policy=0
rank=1043 loaded data/1536/stackoverflow_a2q.sub1043.txt (|V_local|=1592  t_range=[34101892,239640721])
rank=1043 loaded routing data/1536/stackoverflow_a2q.rt1043.txt (1104 entries)
rank=1022/1536 dataset=stackoverflow_a2q walkers=5208 (5322576..5327783) steps=30 mode=0 sched=single-bucket delta_t=0 policy=0
rank=1022 loaded data/1536/stackoverflow_a2q.sub1022.txt (|V_local|=1590  t_range=[29505984,239497917])
rank=1022 loaded routing data/1536/stackoverflow_a2q.rt1022.txt (1114 entries)
rank=1022 added 2 boundary-only nodes from routing
rank=1047/1536 dataset=stackoverflow_a2q walkers=5208 (5452776..5457983) steps=30 mode=0 sched=single-bucket delta_t=0 policy=0
rank=1047 loaded data/1536/stackoverflow_a2q.sub1047.txt (|V_local|=1595  t_range=[32035833,239665301])
rank=1047 loaded routing data/1536/stackoverflow_a2q.rt1047.txt (881 entries)
rank=1047 added 3 boundary-only nodes from routing
rank=1023/1536 dataset=stackoverflow_a2q walkers=5208 (5327784..5332991) steps=30 mode=0 sched=single-bucket delta_t=0 policy=0
rank=1023 loaded data/1536/stackoverflow_a2q.sub1023.txt (|V_local|=1590  t_range=[28231539,239692102])
rank=1023 loaded routing data/1536/stackoverflow_a2q.rt1023.txt (1094 entries)
rank=1023 added 6 boundary-only nodes from routing
rank=1011/1536 dataset=stackoverflow_a2q walkers=5208 (5265288..5270495) steps=30 mode=0 sched=single-bucket delta_t=0 policy=0
rank=1011 loaded data/1536/stackoverflow_a2q.sub1011.txt (|V_local|=1586  t_range=[59249922,239539312])
rank=1011 loaded routing data/1536/stackoverflow_a2q.rt1011.txt (1120 entries)
rank=1045/1536 dataset=stackoverflow_a2q walkers=5208 (5442360..5447567) steps=30 mode=0 sched=single-bucket delta_t=0 policy=0
rank=1045 loaded data/1536/stackoverflow_a2q.sub1045.txt (|V_local|=1651  t_range=[46565444,239552034])
rank=1045 loaded routing data/1536/stackoverflow_a2q.rt1045.txt (703 entries)
rank=1045 added 1 boundary-only nodes from routing
rank=1020/1536 dataset=stackoverflow_a2q walkers=5208 (5312160..5317367) steps=30 mode=0 sched=single-bucket delta_t=0 policy=0
rank=1020 loaded data/1536/stackoverflow_a2q.sub1020.txt (|V_local|=1597  t_range=[39883094,239645504])
rank=1020 loaded routing data/1536/stackoverflow_a2q.rt1020.txt (1067 entries)
rank=1032/1536 dataset=stackoverflow_a2q walkers=5208 (5374656..5379863) steps=30 mode=0 sched=single-bucket delta_t=0 policy=0
rank=1032 loaded data/1536/stackoverflow_a2q.sub1032.txt (|V_local|=1590  t_range=[45319720,239600398])
rank=1032 loaded routing data/1536/stackoverflow_a2q.rt1032.txt (1023 entries)
rank=1032 added 2 boundary-only nodes from routing
rank=552/1536 dataset=stackoverflow_a2q walkers=5208 (2874816..2880023) steps=30 mode=0 sched=single-bucket delta_t=0 policy=0
rank=552 loaded data/1536/stackoverflow_a2q.sub552.txt (|V_local|=1588  t_range=[13781281,239603675])
rank=552 loaded routing data/1536/stackoverflow_a2q.rt552.txt (1105 entries)
rank=552 added 5 boundary-only nodes from routing
rank=549/1536 dataset=stackoverflow_a2q walkers=5208 (2859192..2864399) steps=30 mode=0 sched=single-bucket delta_t=0 policy=0
rank=549 loaded data/1536/stackoverflow_a2q.sub549.txt (|V_local|=1582  t_range=[4589417,239639266])
rank=549 loaded routing data/1536/stackoverflow_a2q.rt549.txt (1099 entries)
rank=549 added 10 boundary-only nodes from routing
rank=557/1536 dataset=stackoverflow_a2q walkers=5208 (2900856..2906063) steps=30 mode=0 sched=single-bucket delta_t=0 policy=0
rank=557 loaded data/1536/stackoverflow_a2q.sub557.txt (|V_local|=1648  t_range=[13912429,239641541])
rank=557 loaded routing data/1536/stackoverflow_a2q.rt557.txt (878 entries)
rank=557 added 2 boundary-only nodes from routing
rank=323/1536 dataset=stackoverflow_a2q walkers=5208 (1682184..1687391) steps=30 mode=0 sched=single-bucket delta_t=0 policy=0
rank=323 loaded data/1536/stackoverflow_a2q.sub323.txt (|V_local|=1592  t_range=[4826802,239584366])
rank=323 loaded routing data/1536/stackoverflow_a2q.rt323.txt (1071 entries)
rank=323 added 3 boundary-only nodes from routing
rank=320/1536 dataset=stackoverflow_a2q walkers=5208 (1666560..1671767) steps=30 mode=0 sched=single-bucket delta_t=0 policy=0
rank=320 loaded data/1536/stackoverflow_a2q.sub320.txt (|V_local|=1597  t_range=[13708268,239544161])
rank=320 loaded routing data/1536/stackoverflow_a2q.rt320.txt (1071 entries)
rank=333/1536 dataset=stackoverflow_a2q walkers=5208 (1734264..1739471) steps=30 mode=0 sched=single-bucket delta_t=0 policy=0
rank=333 loaded data/1536/stackoverflow_a2q.sub333.txt (|V_local|=1586  t_range=[4127631,239695322])
rank=333 loaded routing data/1536/stackoverflow_a2q.rt333.txt (1092 entries)
rank=333 added 3 boundary-only nodes from routing
rank=319/1536 dataset=stackoverflow_a2q walkers=5208 (1661352..1666559) steps=30 mode=0 sched=single-bucket delta_t=0 policy=0
rank=319 loaded data/1536/stackoverflow_a2q.sub319.txt (|V_local|=1585  t_range=[25658211,239464861])
rank=319 loaded routing data/1536/stackoverflow_a2q.rt319.txt (1057 entries)
rank=319 added 3 boundary-only nodes from routing
rank=303/1536 dataset=stackoverflow_a2q walkers=5208 (1578024..1583231) steps=30 mode=0 sched=single-bucket delta_t=0 policy=0
rank=303 loaded data/1536/stackoverflow_a2q.sub303.txt (|V_local|=1591  t_range=[6013041,239679216])
rank=303 loaded routing data/1536/stackoverflow_a2q.rt303.txt (1079 entries)
rank=303 added 4 boundary-only nodes from routing
rank=315/1536 dataset=stackoverflow_a2q walkers=5208 (1640520..1645727) steps=30 mode=0 sched=single-bucket delta_t=0 policy=0
rank=315 loaded data/1536/stackoverflow_a2q.sub315.txt (|V_local|=1592  t_range=[3942206,239648514])
rank=315 loaded routing data/1536/stackoverflow_a2q.rt315.txt (1054 entries)
rank=315 added 2 boundary-only nodes from routing
rank=308/1536 dataset=stackoverflow_a2q walkers=5208 (1604064..1609271) steps=30 mode=0 sched=single-bucket delta_t=0 policy=0
rank=308 loaded data/1536/stackoverflow_a2q.sub308.txt (|V_local|=1596  t_range=[21543542,239668607])
rank=308 loaded routing data/1536/stackoverflow_a2q.rt308.txt (1148 entries)
rank=308 added 1 boundary-only nodes from routing
rank=325/1536 dataset=stackoverflow_a2q walkers=5208 (1692600..1697807) steps=30 mode=0 sched=single-bucket delta_t=0 policy=0
rank=325 loaded data/1536/stackoverflow_a2q.sub325.txt (|V_local|=1596  t_range=[28853619,239546987])
rank=325 loaded routing data/1536/stackoverflow_a2q.rt325.txt (1003 entries)
rank=334/1536 dataset=stackoverflow_a2q walkers=5208 (1739472..1744679) steps=30 mode=0 sched=single-bucket delta_t=0 policy=0
rank=334 loaded data/1536/stackoverflow_a2q.sub334.txt (|V_local|=1605  t_range=[1980903,239633945])
rank=334 loaded routing data/1536/stackoverflow_a2q.rt334.txt (872 entries)
rank=331/1536 dataset=stackoverflow_a2q walkers=5208 (1723848..1729055) steps=30 mode=0 sched=single-bucket delta_t=0 policy=0
rank=331 loaded data/1536/stackoverflow_a2q.sub331.txt (|V_local|=1645  t_range=[20467897,239630571])
rank=331 loaded routing data/1536/stackoverflow_a2q.rt331.txt (837 entries)
rank=314/1536 dataset=stackoverflow_a2q walkers=5208 (1635312..1640519) steps=30 mode=0 sched=single-bucket delta_t=0 policy=0
rank=314 loaded data/1536/stackoverflow_a2q.sub314.txt (|V_local|=1597  t_range=[55708054,239679466])
rank=314 loaded routing data/1536/stackoverflow_a2q.rt314.txt (964 entries)
rank=312/1536 dataset=stackoverflow_a2q walkers=5208 (1624896..1630103) steps=30 mode=0 sched=single-bucket delta_t=0 policy=0
rank=312 loaded data/1536/stackoverflow_a2q.sub312.txt (|V_local|=1598  t_range=[18074626,239566668])
rank=312 loaded routing data/1536/stackoverflow_a2q.rt312.txt (889 entries)
rank=327/1536 dataset=stackoverflow_a2q walkers=5208 (1703016..1708223) steps=30 mode=0 sched=single-bucket delta_t=0 policy=0
rank=327 loaded data/1536/stackoverflow_a2q.sub327.txt (|V_local|=1591  t_range=[1936578,239644264])
rank=327 loaded routing data/1536/stackoverflow_a2q.rt327.txt (1083 entries)
rank=327 added 1 boundary-only nodes from routing
rank=335/1536 dataset=stackoverflow_a2q walkers=5208 (1744680..1749887) steps=30 mode=0 sched=single-bucket delta_t=0 policy=0
rank=335 loaded data/1536/stackoverflow_a2q.sub335.txt (|V_local|=1593  t_range=[13206696,239696352])
rank=335 loaded routing data/1536/stackoverflow_a2q.rt335.txt (1056 entries)
rank=335 added 3 boundary-only nodes from routing
rank=311/1536 dataset=stackoverflow_a2q walkers=5208 (1619688..1624895) steps=30 mode=0 sched=single-bucket delta_t=0 policy=0
rank=311 loaded data/1536/stackoverflow_a2q.sub311.txt (|V_local|=1594  t_range=[9508467,239630334])
rank=311 loaded routing data/1536/stackoverflow_a2q.rt311.txt (1018 entries)
rank=322/1536 dataset=stackoverflow_a2q walkers=5208 (1676976..1682183) steps=30 mode=0 sched=single-bucket delta_t=0 policy=0
rank=322 loaded data/1536/stackoverflow_a2q.sub322.txt (|V_local|=1595  t_range=[5065373,239666866])
rank=322 loaded routing data/1536/stackoverflow_a2q.rt322.txt (834 entries)
rank=328/1536 dataset=stackoverflow_a2q walkers=5208 (1708224..1713431) steps=30 mode=0 sched=single-bucket delta_t=0 policy=0
rank=328 loaded data/1536/stackoverflow_a2q.sub328.txt (|V_local|=1598  t_range=[5416641,239459557])
rank=328 loaded routing data/1536/stackoverflow_a2q.rt328.txt (1004 entries)
rank=328 added 1 boundary-only nodes from routing
rank=288/1536 dataset=stackoverflow_a2q walkers=5208 (1499904..1505111) steps=30 mode=0 sched=single-bucket delta_t=0 policy=0
rank=288 loaded data/1536/stackoverflow_a2q.sub288.txt (|V_local|=1593  t_range=[53308739,239682268])
rank=288 loaded routing data/1536/stackoverflow_a2q.rt288.txt (991 entries)
rank=288 added 3 boundary-only nodes from routing
rank=326/1536 dataset=stackoverflow_a2q walkers=5208 (1697808..1703015) steps=30 mode=0 sched=single-bucket delta_t=0 policy=0
rank=326 loaded data/1536/stackoverflow_a2q.sub326.txt (|V_local|=1610  t_range=[19933574,239311807])
rank=326 loaded routing data/1536/stackoverflow_a2q.rt326.txt (912 entries)
rank=332/1536 dataset=stackoverflow_a2q walkers=5208 (1729056..1734263) steps=30 mode=0 sched=single-bucket delta_t=0 policy=0
rank=332 loaded data/1536/stackoverflow_a2q.sub332.txt (|V_local|=1652  t_range=[45564111,239615292])
rank=332 loaded routing data/1536/stackoverflow_a2q.rt332.txt (750 entries)
rank=305/1536 dataset=stackoverflow_a2q walkers=5208 (1588440..1593647) steps=30 mode=0 sched=single-bucket delta_t=0 policy=0
rank=305 loaded data/1536/stackoverflow_a2q.sub305.txt (|V_local|=1651  t_range=[40658880,239677761])
rank=305 loaded routing data/1536/stackoverflow_a2q.rt305.txt (938 entries)
rank=329/1536 dataset=stackoverflow_a2q walkers=5208 (1713432..1718639) steps=30 mode=0 sched=single-bucket delta_t=0 policy=0
rank=329 loaded data/1536/stackoverflow_a2q.sub329.txt (|V_local|=1598  t_range=[46285699,239629596])
rank=329 loaded routing data/1536/stackoverflow_a2q.rt329.txt (1037 entries)
rank=329 added 1 boundary-only nodes from routing
rank=330/1536 dataset=stackoverflow_a2q walkers=5208 (1718640..1723847) steps=30 mode=0 sched=single-bucket delta_t=0 policy=0
rank=330 loaded data/1536/stackoverflow_a2q.sub330.txt (|V_local|=1597  t_range=[53272986,239650261])
rank=330 loaded routing data/1536/stackoverflow_a2q.rt330.txt (951 entries)
rank=264/1536 dataset=stackoverflow_a2q walkers=5208 (1374912..1380119) steps=30 mode=0 sched=single-bucket delta_t=0 policy=0
rank=264 loaded data/1536/stackoverflow_a2q.sub264.txt (|V_local|=1588  t_range=[5353879,239535663])
rank=264 loaded routing data/1536/stackoverflow_a2q.rt264.txt (1103 entries)
rank=264 added 1 boundary-only nodes from routing
rank=244/1536 dataset=stackoverflow_a2q walkers=5208 (1270752..1275959) steps=30 mode=0 sched=single-bucket delta_t=0 policy=0
rank=244 loaded data/1536/stackoverflow_a2q.sub244.txt (|V_local|=1650  t_range=[7152653,239678822])
rank=244 loaded routing data/1536/stackoverflow_a2q.rt244.txt (567 entries)
rank=244 added 2 boundary-only nodes from routing
rank=1267/1536 dataset=stackoverflow_a2q walkers=5208 (6598536..6603743) steps=30 mode=0 sched=single-bucket delta_t=0 policy=0
rank=1267 loaded data/1536/stackoverflow_a2q.sub1267.txt (|V_local|=1595  t_range=[10278942,239683085])
rank=1267 loaded routing data/1536/stackoverflow_a2q.rt1267.txt (1060 entries)
rank=1267 added 1 boundary-only nodes from routing
rank=1272/1536 dataset=stackoverflow_a2q walkers=5208 (6624576..6629783) steps=30 mode=0 sched=single-bucket delta_t=0 policy=0
rank=1272 loaded data/1536/stackoverflow_a2q.sub1272.txt (|V_local|=1592  t_range=[27186795,239583352])
rank=1272 loaded routing data/1536/stackoverflow_a2q.rt1272.txt (1022 entries)
rank=1263/1536 dataset=stackoverflow_a2q walkers=5208 (6577704..6582911) steps=30 mode=0 sched=single-bucket delta_t=0 policy=0
rank=1263 loaded data/1536/stackoverflow_a2q.sub1263.txt (|V_local|=1594  t_range=[27577200,239654633])
rank=1263 loaded routing data/1536/stackoverflow_a2q.rt1263.txt (1081 entries)
rank=1263 added 1 boundary-only nodes from routing
rank=1279/1536 dataset=stackoverflow_a2q walkers=5208 (6661032..6666239) steps=30 mode=0 sched=single-bucket delta_t=0 policy=0
rank=1279 loaded data/1536/stackoverflow_a2q.sub1279.txt (|V_local|=1591  t_range=[4365112,239592661])
rank=1279 loaded routing data/1536/stackoverflow_a2q.rt1279.txt (1027 entries)
rank=1295/1536 dataset=stackoverflow_a2q walkers=5208 (6744360..6749567) steps=30 mode=0 sched=single-bucket delta_t=0 policy=0
rank=1295 loaded data/1536/stackoverflow_a2q.sub1295.txt (|V_local|=1652  t_range=[41162427,239438716])
rank=1295 loaded routing data/1536/stackoverflow_a2q.rt1295.txt (1021 entries)
rank=1291/1536 dataset=stackoverflow_a2q walkers=5208 (6723528..6728735) steps=30 mode=0 sched=single-bucket delta_t=0 policy=0
rank=1291 loaded data/1536/stackoverflow_a2q.sub1291.txt (|V_local|=1651  t_range=[17438755,239582941])
rank=1291 loaded routing data/1536/stackoverflow_a2q.rt1291.txt (831 entries)
rank=1291 added 1 boundary-only nodes from routing
rank=1283/1536 dataset=stackoverflow_a2q walkers=5208 (6681864..6687071) steps=30 mode=0 sched=single-bucket delta_t=0 policy=0
rank=1283 loaded data/1536/stackoverflow_a2q.sub1283.txt (|V_local|=1651  t_range=[35356376,239691804])
rank=1283 loaded routing data/1536/stackoverflow_a2q.rt1283.txt (567 entries)
rank=1269/1536 dataset=stackoverflow_a2q walkers=5208 (6608952..6614159) steps=30 mode=0 sched=single-bucket delta_t=0 policy=0
rank=1269 loaded data/1536/stackoverflow_a2q.sub1269.txt (|V_local|=1594  t_range=[33947502,239683969])
rank=1269 loaded routing data/1536/stackoverflow_a2q.rt1269.txt (1098 entries)
rank=1269 added 2 boundary-only nodes from routing
rank=1278/1536 dataset=stackoverflow_a2q walkers=5208 (6655824..6661031) steps=30 mode=0 sched=single-bucket delta_t=0 policy=0
rank=1278 loaded data/1536/stackoverflow_a2q.sub1278.txt (|V_local|=1594  t_range=[5108037,239566029])
rank=1278 loaded routing data/1536/stackoverflow_a2q.rt1278.txt (1166 entries)
rank=1278 added 1 boundary-only nodes from routing
rank=1282/1536 dataset=stackoverflow_a2q walkers=5208 (6676656..6681863) steps=30 mode=0 sched=single-bucket delta_t=0 policy=0
rank=1282 loaded data/1536/stackoverflow_a2q.sub1282.txt (|V_local|=1597  t_range=[73642785,239586382])
rank=1282 loaded routing data/1536/stackoverflow_a2q.rt1282.txt (1081 entries)
rank=1282 added 2 boundary-only nodes from routing
rank=1284/1536 dataset=stackoverflow_a2q walkers=5208 (6687072..6692279) steps=30 mode=0 sched=single-bucket delta_t=0 policy=0
rank=1284 loaded data/1536/stackoverflow_a2q.sub1284.txt (|V_local|=1592  t_range=[6474876,239676458])
rank=1284 loaded routing data/1536/stackoverflow_a2q.rt1284.txt (1104 entries)
rank=1284 added 3 boundary-only nodes from routing
rank=1290/1536 dataset=stackoverflow_a2q walkers=5208 (6718320..6723527) steps=30 mode=0 sched=single-bucket delta_t=0 policy=0
rank=1290 loaded data/1536/stackoverflow_a2q.sub1290.txt (|V_local|=1589  t_range=[4166439,239653683])
rank=1290 loaded routing data/1536/stackoverflow_a2q.rt1290.txt (1077 entries)
rank=1273/1536 dataset=stackoverflow_a2q walkers=5208 (6629784..6634991) steps=30 mode=0 sched=single-bucket delta_t=0 policy=0
rank=1273 loaded data/1536/stackoverflow_a2q.sub1273.txt (|V_local|=1596  t_range=[18381458,239550586])
rank=1273 loaded routing data/1536/stackoverflow_a2q.rt1273.txt (1162 entries)
rank=1266/1536 dataset=stackoverflow_a2q walkers=5208 (6593328..6598535) steps=30 mode=0 sched=single-bucket delta_t=0 policy=0
rank=1266 loaded data/1536/stackoverflow_a2q.sub1266.txt (|V_local|=1595  t_range=[32676185,239626639])
rank=1266 loaded routing data/1536/stackoverflow_a2q.rt1266.txt (1144 entries)
rank=1266 added 1 boundary-only nodes from routing
rank=1280/1536 dataset=stackoverflow_a2q walkers=5208 (6666240..6671447) steps=30 mode=0 sched=single-bucket delta_t=0 policy=0
rank=1280 loaded data/1536/stackoverflow_a2q.sub1280.txt (|V_local|=1641  t_range=[37903011,239644130])
rank=1280 loaded routing data/1536/stackoverflow_a2q.rt1280.txt (716 entries)
rank=1280 added 10 boundary-only nodes from routing
rank=1288/1536 dataset=stackoverflow_a2q walkers=5208 (6707904..6713111) steps=30 mode=0 sched=single-bucket delta_t=0 policy=0
rank=1288 loaded data/1536/stackoverflow_a2q.sub1288.txt (|V_local|=1591  t_range=[4138236,239552133])
rank=1288 loaded routing data/1536/stackoverflow_a2q.rt1288.txt (1118 entries)
rank=1288 added 4 boundary-only nodes from routing
rank=1285/1536 dataset=stackoverflow_a2q walkers=5208 (6692280..6697487) steps=30 mode=0 sched=single-bucket delta_t=0 policy=0
rank=1285 loaded data/1536/stackoverflow_a2q.sub1285.txt (|V_local|=1652  t_range=[21137756,239586492])
rank=1285 loaded routing data/1536/stackoverflow_a2q.rt1285.txt (755 entries)
rank=1286/1536 dataset=stackoverflow_a2q walkers=5208 (6697488..6702695) steps=30 mode=0 sched=single-bucket delta_t=0 policy=0
rank=1286 loaded data/1536/stackoverflow_a2q.sub1286.txt (|V_local|=1638  t_range=[69617628,239630975])
rank=1286 loaded routing data/1536/stackoverflow_a2q.rt1286.txt (1130 entries)
rank=1286 added 2 boundary-only nodes from routing
rank=1261/1536 dataset=stackoverflow_a2q walkers=5208 (6567288..6572495) steps=30 mode=0 sched=single-bucket delta_t=0 policy=0
rank=1261 loaded data/1536/stackoverflow_a2q.sub1261.txt (|V_local|=1595  t_range=[36282356,239662278])
rank=1261 loaded routing data/1536/stackoverflow_a2q.rt1261.txt (1013 entries)
rank=1289/1536 dataset=stackoverflow_a2q walkers=5208 (6713112..6718319) steps=30 mode=0 sched=single-bucket delta_t=0 policy=0
rank=1289 loaded data/1536/stackoverflow_a2q.sub1289.txt (|V_local|=1648  t_range=[13714867,239558048])
rank=1289 loaded routing data/1536/stackoverflow_a2q.rt1289.txt (1034 entries)
rank=1293/1536 dataset=stackoverflow_a2q walkers=5208 (6733944..6739151) steps=30 mode=0 sched=single-bucket delta_t=0 policy=0
rank=1293 loaded data/1536/stackoverflow_a2q.sub1293.txt (|V_local|=1602  t_range=[41219180,239626507])
rank=1293 loaded routing data/1536/stackoverflow_a2q.rt1293.txt (1011 entries)
rank=1293 added 1 boundary-only nodes from routing
rank=1281/1536 dataset=stackoverflow_a2q walkers=5208 (6671448..6676655) steps=30 mode=0 sched=single-bucket delta_t=0 policy=0
rank=1281 loaded data/1536/stackoverflow_a2q.sub1281.txt (|V_local|=1593  t_range=[5955141,239684442])
rank=1281 loaded routing data/1536/stackoverflow_a2q.rt1281.txt (1138 entries)
rank=1281 added 2 boundary-only nodes from routing
rank=1287/1536 dataset=stackoverflow_a2q walkers=5208 (6702696..6707903) steps=30 mode=0 sched=single-bucket delta_t=0 policy=0
rank=1287 loaded data/1536/stackoverflow_a2q.sub1287.txt (|V_local|=1596  t_range=[10410724,239666060])
rank=1287 loaded routing data/1536/stackoverflow_a2q.rt1287.txt (1073 entries)
rank=1287 added 1 boundary-only nodes from routing
rank=1292/1536 dataset=stackoverflow_a2q walkers=5208 (6728736..6733943) steps=30 mode=0 sched=single-bucket delta_t=0 policy=0
rank=1292 loaded data/1536/stackoverflow_a2q.sub1292.txt (|V_local|=1649  t_range=[6345992,239690359])
rank=1292 loaded routing data/1536/stackoverflow_a2q.rt1292.txt (887 entries)
rank=203 loaded routing data/1536/stackoverflow_a2q.rt203.txt (1016 entries)
rank=203 added 6 boundary-only nodes from routing
rank=216/1536 dataset=stackoverflow_a2q walkers=5208 (1124928..1130135) steps=30 mode=0 sched=single-bucket delta_t=0 policy=0
rank=216 loaded data/1536/stackoverflow_a2q.sub216.txt (|V_local|=1584  t_range=[1885473,239494981])
rank=216 loaded routing data/1536/stackoverflow_a2q.rt216.txt (1070 entries)
rank=216 added 3 boundary-only nodes from routing
rank=233/1536 dataset=stackoverflow_a2q walkers=5208 (1213464..1218671) steps=30 mode=0 sched=single-bucket delta_t=0 policy=0
rank=233 loaded data/1536/stackoverflow_a2q.sub233.txt (|V_local|=1591  t_range=[5166519,239581910])
rank=233 loaded routing data/1536/stackoverflow_a2q.rt233.txt (1063 entries)
rank=195/1536 dataset=stackoverflow_a2q walkers=5208 (1015560..1020767) steps=30 mode=0 sched=single-bucket delta_t=0 policy=0
rank=195 loaded data/1536/stackoverflow_a2q.sub195.txt (|V_local|=1586  t_range=[4055165,239581340])
rank=195 loaded routing data/1536/stackoverflow_a2q.rt195.txt (1050 entries)
rank=195 added 8 boundary-only nodes from routing
rank=517 loaded data/1536/stackoverflow_a2q.sub517.txt (|V_local|=1596  t_range=[526375,239680610])
rank=517 loaded routing data/1536/stackoverflow_a2q.rt517.txt (1061 entries)
rank=517 added 3 boundary-only nodes from routing
rank=521/1536 dataset=stackoverflow_a2q walkers=5208 (2713368..2718575) steps=30 mode=0 sched=single-bucket delta_t=0 policy=0
rank=521 loaded data/1536/stackoverflow_a2q.sub521.txt (|V_local|=1648  t_range=[1486782,239333337])
rank=521 loaded routing data/1536/stackoverflow_a2q.rt521.txt (803 entries)
rank=521 added 4 boundary-only nodes from routing
rank=489/1536 dataset=stackoverflow_a2q walkers=5208 (2546712..2551919) steps=30 mode=0 sched=single-bucket delta_t=0 policy=0
rank=489 loaded data/1536/stackoverflow_a2q.sub489.txt (|V_local|=1640  t_range=[4221826,239475816])
rank=489 loaded routing data/1536/stackoverflow_a2q.rt489.txt (865 entries)
rank=489 added 6 boundary-only nodes from routing
rank=525/1536 dataset=stackoverflow_a2q walkers=5208 (2734200..2739407) steps=30 mode=0 sched=single-bucket delta_t=0 policy=0
rank=525 loaded data/1536/stackoverflow_a2q.sub525.txt (|V_local|=1578  t_range=[3960437,239591136])
rank=525 loaded routing data/1536/stackoverflow_a2q.rt525.txt (1083 entries)
rank=525 added 13 boundary-only nodes from routing
rank=494/1536 dataset=stackoverflow_a2q walkers=5208 (2572752..2577959) steps=30 mode=0 sched=single-bucket delta_t=0 policy=0
rank=494 loaded data/1536/stackoverflow_a2q.sub494.txt (|V_local|=1590  t_range=[2999555,239674914])
rank=494 loaded routing data/1536/stackoverflow_a2q.rt494.txt (968 entries)
rank=494 added 4 boundary-only nodes from routing
rank=507/1536 dataset=stackoverflow_a2q walkers=5208 (2640456..2645663) steps=30 mode=0 sched=single-bucket delta_t=0 policy=0
rank=507 loaded data/1536/stackoverflow_a2q.sub507.txt (|V_local|=1586  t_range=[4732393,239673432])
rank=507 loaded routing data/1536/stackoverflow_a2q.rt507.txt (1079 entries)
rank=507 added 4 boundary-only nodes from routing
rank=519/1536 dataset=stackoverflow_a2q walkers=5208 (2702952..2708159) steps=30 mode=0 sched=single-bucket delta_t=0 policy=0
rank=519 loaded data/1536/stackoverflow_a2q.sub519.txt (|V_local|=1586  t_range=[3373009,239576246])
rank=519 loaded routing data/1536/stackoverflow_a2q.rt519.txt (1043 entries)
rank=519 added 10 boundary-only nodes from routing
rank=522/1536 dataset=stackoverflow_a2q walkers=5208 (2718576..2723783) steps=30 mode=0 sched=single-bucket delta_t=0 policy=0
rank=522 loaded data/1536/stackoverflow_a2q.sub522.txt (|V_local|=1588  t_range=[2158873,239593975])
rank=522 loaded routing data/1536/stackoverflow_a2q.rt522.txt (1043 entries)
rank=522 added 6 boundary-only nodes from routing
rank=506/1536 dataset=stackoverflow_a2q walkers=5208 (2635248..2640455) steps=30 mode=0 sched=single-bucket delta_t=0 policy=0
rank=506 loaded data/1536/stackoverflow_a2q.sub506.txt (|V_local|=1652  t_range=[1920575,239679184])
rank=506 loaded routing data/1536/stackoverflow_a2q.rt506.txt (549 entries)
rank=498/1536 dataset=stackoverflow_a2q walkers=5208 (2593584..2598791) steps=30 mode=0 sched=single-bucket delta_t=0 policy=0
rank=498 loaded data/1536/stackoverflow_a2q.sub498.txt (|V_local|=1585  t_range=[5874939,239576038])
rank=498 loaded routing data/1536/stackoverflow_a2q.rt498.txt (1068 entries)
rank=498 added 7 boundary-only nodes from routing
rank=508/1536 dataset=stackoverflow_a2q walkers=5208 (2645664..2650871) steps=30 mode=0 sched=single-bucket delta_t=0 policy=0
rank=508 loaded data/1536/stackoverflow_a2q.sub508.txt (|V_local|=1601  t_range=[3955105,239618776])
rank=508 loaded routing data/1536/stackoverflow_a2q.rt508.txt (1105 entries)
rank=508 added 9 boundary-only nodes from routing
rank=516/1536 dataset=stackoverflow_a2q walkers=5208 (2687328..2692535) steps=30 mode=0 sched=single-bucket delta_t=0 policy=0
rank=516 loaded data/1536/stackoverflow_a2q.sub516.txt (|V_local|=1584  t_range=[3345083,239454213])
rank=516 loaded routing data/1536/stackoverflow_a2q.rt516.txt (1046 entries)
rank=516 added 6 boundary-only nodes from routing
rank=499/1536 dataset=stackoverflow_a2q walkers=5208 (2598792..2603999) steps=30 mode=0 sched=single-bucket delta_t=0 policy=0
rank=499 loaded data/1536/stackoverflow_a2q.sub499.txt (|V_local|=1580  t_range=[10530509,239596381])
rank=499 loaded routing data/1536/stackoverflow_a2q.rt499.txt (1087 entries)
rank=499 added 12 boundary-only nodes from routing
rank=502/1536 dataset=stackoverflow_a2q walkers=5208 (2614416..2619623) steps=30 mode=0 sched=single-bucket delta_t=0 policy=0
rank=502 loaded data/1536/stackoverflow_a2q.sub502.txt (|V_local|=1646  t_range=[12945746,239488366])
rank=502 loaded routing data/1536/stackoverflow_a2q.rt502.txt (890 entries)
rank=502 added 3 boundary-only nodes from routing
rank=523/1536 dataset=stackoverflow_a2q walkers=5208 (2723784..2728991) steps=30 mode=0 sched=single-bucket delta_t=0 policy=0
rank=523 loaded data/1536/stackoverflow_a2q.sub523.txt (|V_local|=1593  t_range=[1631058,239529329])
rank=523 loaded routing data/1536/stackoverflow_a2q.rt523.txt (964 entries)
rank=523 added 9 boundary-only nodes from routing
rank=503/1536 dataset=stackoverflow_a2q walkers=5208 (2619624..2624831) steps=30 mode=0 sched=single-bucket delta_t=0 policy=0
rank=503 loaded data/1536/stackoverflow_a2q.sub503.txt (|V_local|=1644  t_range=[4322278,239652098])
rank=503 loaded routing data/1536/stackoverflow_a2q.rt503.txt (898 entries)
rank=503 added 7 boundary-only nodes from routing
rank=490/1536 dataset=stackoverflow_a2q walkers=5208 (2551920..2557127) steps=30 mode=0 sched=single-bucket delta_t=0 policy=0
rank=490 loaded data/1536/stackoverflow_a2q.sub490.txt (|V_local|=1597  t_range=[3962593,239663589])
rank=490 loaded routing data/1536/stackoverflow_a2q.rt490.txt (805 entries)
rank=490 added 2 boundary-only nodes from routing
rank=518/1536 dataset=stackoverflow_a2q walkers=5208 (2697744..2702951) steps=30 mode=0 sched=single-bucket delta_t=0 policy=0
rank=518 loaded data/1536/stackoverflow_a2q.sub518.txt (|V_local|=1637  t_range=[715661,239590336])
rank=518 loaded routing data/1536/stackoverflow_a2q.rt518.txt (779 entries)
rank=518 added 15 boundary-only nodes from routing
rank=487/1536 dataset=stackoverflow_a2q walkers=5208 (2536296..2541503) steps=30 mode=0 sched=single-bucket delta_t=0 policy=0
rank=487 loaded data/1536/stackoverflow_a2q.sub487.txt (|V_local|=1632  t_range=[1132280,239491570])
rank=487 loaded routing data/1536/stackoverflow_a2q.rt487.txt (788 entries)
rank=487 added 1 boundary-only nodes from routing
rank=492/1536 dataset=stackoverflow_a2q walkers=5208 (2562336..2567543) steps=30 mode=0 sched=single-bucket delta_t=0 policy=0
rank=492 loaded data/1536/stackoverflow_a2q.sub492.txt (|V_local|=1594  t_range=[4764045,239475387])
rank=492 loaded routing data/1536/stackoverflow_a2q.rt492.txt (1042 entries)
rank=492 added 1 boundary-only nodes from routing
rank=524/1536 dataset=stackoverflow_a2q walkers=5208 (2728992..2734199) steps=30 mode=0 sched=single-bucket delta_t=0 policy=0
rank=524 loaded data/1536/stackoverflow_a2q.sub524.txt (|V_local|=1649  t_range=[910766,239634257])
rank=524 loaded routing data/1536/stackoverflow_a2q.rt524.txt (715 entries)
rank=524 added 3 boundary-only nodes from routing
rank=510/1536 dataset=stackoverflow_a2q walkers=5208 (2656080..2661287) steps=30 mode=0 sched=single-bucket delta_t=0 policy=0
rank=510 loaded data/1536/stackoverflow_a2q.sub510.txt (|V_local|=1584  t_range=[3956185,239504518])
rank=510 loaded routing data/1536/stackoverflow_a2q.rt510.txt (1067 entries)
rank=510 added 6 boundary-only nodes from routing
rank=515/1536 dataset=stackoverflow_a2q walkers=5208 (2682120..2687327) steps=30 mode=0 sched=single-bucket delta_t=0 policy=0
rank=515 loaded data/1536/stackoverflow_a2q.sub515.txt (|V_local|=1640  t_range=[4060051,239675585])
rank=515 loaded routing data/1536/stackoverflow_a2q.rt515.txt (995 entries)
rank=515 added 2 boundary-only nodes from routing
rank=520/1536 dataset=stackoverflow_a2q walkers=5208 (2708160..2713367) steps=30 mode=0 sched=single-bucket delta_t=0 policy=0
rank=881 loaded data/1536/stackoverflow_a2q.sub881.txt (|V_local|=1581  t_range=[6983611,239666960])
rank=881 loaded routing data/1536/stackoverflow_a2q.rt881.txt (954 entries)
rank=881 added 13 boundary-only nodes from routing
rank=882/1536 dataset=stackoverflow_a2q walkers=5208 (4593456..4598663) steps=30 mode=0 sched=single-bucket delta_t=0 policy=0
rank=882 loaded data/1536/stackoverflow_a2q.sub882.txt (|V_local|=1590  t_range=[52749964,239693563])
rank=882 loaded routing data/1536/stackoverflow_a2q.rt882.txt (1024 entries)
rank=882 added 1 boundary-only nodes from routing
rank=884/1536 dataset=stackoverflow_a2q walkers=5208 (4603872..4609079) steps=30 mode=0 sched=single-bucket delta_t=0 policy=0
rank=884 loaded data/1536/stackoverflow_a2q.sub884.txt (|V_local|=1599  t_range=[16161749,239654399])
rank=884 loaded routing data/1536/stackoverflow_a2q.rt884.txt (1032 entries)
rank=884 added 2 boundary-only nodes from routing
rank=901/1536 dataset=stackoverflow_a2q walkers=5208 (4692408..4697615) steps=30 mode=0 sched=single-bucket delta_t=0 policy=0
rank=901 loaded data/1536/stackoverflow_a2q.sub901.txt (|V_local|=1651  t_range=[30815450,239586054])
rank=901 loaded routing data/1536/stackoverflow_a2q.rt901.txt (823 entries)
rank=901 added 1 boundary-only nodes from routing
rank=883/1536 dataset=stackoverflow_a2q walkers=5208 (4598664..4603871) steps=30 mode=0 sched=single-bucket delta_t=0 policy=0
rank=883 loaded data/1536/stackoverflow_a2q.sub883.txt (|V_local|=1598  t_range=[22183361,239550561])
rank=883 loaded routing data/1536/stackoverflow_a2q.rt883.txt (930 entries)
rank=883 added 1 boundary-only nodes from routing
rank=877/1536 dataset=stackoverflow_a2q walkers=5208 (4567416..4572623) steps=30 mode=0 sched=single-bucket delta_t=0 policy=0
rank=877 loaded data/1536/stackoverflow_a2q.sub877.txt (|V_local|=1589  t_range=[22785604,239658971])
rank=877 loaded routing data/1536/stackoverflow_a2q.rt877.txt (990 entries)
rank=877 added 4 boundary-only nodes from routing
rank=878/1536 dataset=stackoverflow_a2q walkers=5208 (4572624..4577831) steps=30 mode=0 sched=single-bucket delta_t=0 policy=0
rank=878 loaded data/1536/stackoverflow_a2q.sub878.txt (|V_local|=1609  t_range=[11994368,239584153])
rank=878 loaded routing data/1536/stackoverflow_a2q.rt878.txt (879 entries)
rank=897/1536 dataset=stackoverflow_a2q walkers=5208 (4671576..4676783) steps=30 mode=0 sched=single-bucket delta_t=0 policy=0
rank=897 loaded data/1536/stackoverflow_a2q.sub897.txt (|V_local|=1615  t_range=[60778546,239686889])
rank=897 loaded routing data/1536/stackoverflow_a2q.rt897.txt (1024 entries)
rank=897 added 12 boundary-only nodes from routing
rank=899/1536 dataset=stackoverflow_a2q walkers=5208 (4681992..4687199) steps=30 mode=0 sched=single-bucket delta_t=0 policy=0
rank=899 loaded data/1536/stackoverflow_a2q.sub899.txt (|V_local|=1589  t_range=[54211848,239682354])
rank=899 loaded routing data/1536/stackoverflow_a2q.rt899.txt (1039 entries)
rank=899 added 9 boundary-only nodes from routing
rank=903/1536 dataset=stackoverflow_a2q walkers=5208 (4702824..4708031) steps=30 mode=0 sched=single-bucket delta_t=0 policy=0
rank=903 loaded data/1536/stackoverflow_a2q.sub903.txt (|V_local|=1588  t_range=[17249433,239581576])
rank=903 loaded routing data/1536/stackoverflow_a2q.rt903.txt (1107 entries)
rank=903 added 5 boundary-only nodes from routing
rank=904/1536 dataset=stackoverflow_a2q walkers=5208 (4708032..4713239) steps=30 mode=0 sched=single-bucket delta_t=0 policy=0
rank=904 loaded data/1536/stackoverflow_a2q.sub904.txt (|V_local|=1647  t_range=[34099820,239573262])
rank=904 loaded routing data/1536/stackoverflow_a2q.rt904.txt (875 entries)
rank=904 added 5 boundary-only nodes from routing
rank=888/1536 dataset=stackoverflow_a2q walkers=5208 (4624704..4629911) steps=30 mode=0 sched=single-bucket delta_t=0 policy=0
rank=888 loaded data/1536/stackoverflow_a2q.sub888.txt (|V_local|=1594  t_range=[39026623,239568061])
rank=888 loaded routing data/1536/stackoverflow_a2q.rt888.txt (1163 entries)
rank=888 added 1 boundary-only nodes from routing
rank=886/1536 dataset=stackoverflow_a2q walkers=5208 (4614288..4619495) steps=30 mode=0 sched=single-bucket delta_t=0 policy=0
rank=886 loaded data/1536/stackoverflow_a2q.sub886.txt (|V_local|=1598  t_range=[41624644,239695688])
rank=886 loaded routing data/1536/stackoverflow_a2q.rt886.txt (956 entries)
rank=886 added 2 boundary-only nodes from routing
rank=894/1536 dataset=stackoverflow_a2q walkers=5208 (4655952..4661159) steps=30 mode=0 sched=single-bucket delta_t=0 policy=0
rank=894 loaded data/1536/stackoverflow_a2q.sub894.txt (|V_local|=1617  t_range=[40791954,239675820])
rank=894 loaded routing data/1536/stackoverflow_a2q.rt894.txt (997 entries)
rank=894 added 6 boundary-only nodes from routing
rank=895/1536 dataset=stackoverflow_a2q walkers=5208 (4661160..4666367) steps=30 mode=0 sched=single-bucket delta_t=0 policy=0
rank=895 loaded data/1536/stackoverflow_a2q.sub895.txt (|V_local|=1646  t_range=[32089204,239687314])
rank=895 loaded routing data/1536/stackoverflow_a2q.rt895.txt (945 entries)
rank=895 added 6 boundary-only nodes from routing
rank=873/1536 dataset=stackoverflow_a2q walkers=5208 (4546584..4551791) steps=30 mode=0 sched=single-bucket delta_t=0 policy=0
rank=873 loaded data/1536/stackoverflow_a2q.sub873.txt (|V_local|=1588  t_range=[11536640,239583569])
rank=873 loaded routing data/1536/stackoverflow_a2q.rt873.txt (1078 entries)
rank=873 added 3 boundary-only nodes from routing
rank=889/1536 dataset=stackoverflow_a2q walkers=5208 (4629912..4635119) steps=30 mode=0 sched=single-bucket delta_t=0 policy=0
rank=889 loaded data/1536/stackoverflow_a2q.sub889.txt (|V_local|=1595  t_range=[15772604,239483202])
rank=889 loaded routing data/1536/stackoverflow_a2q.rt889.txt (1101 entries)
rank=893/1536 dataset=stackoverflow_a2q walkers=5208 (4650744..4655951) steps=30 mode=0 sched=single-bucket delta_t=0 policy=0
rank=893 loaded data/1536/stackoverflow_a2q.sub893.txt (|V_local|=1592  t_range=[5181946,239662158])
rank=893 loaded routing data/1536/stackoverflow_a2q.rt893.txt (974 entries)
rank=893 added 4 boundary-only nodes from routing
rank=911/1536 dataset=stackoverflow_a2q walkers=5208 (4744488..4749695) steps=30 mode=0 sched=single-bucket delta_t=0 policy=0
rank=911 loaded data/1536/stackoverflow_a2q.sub911.txt (|V_local|=1648  t_range=[49411122,239663063])
rank=911 loaded routing data/1536/stackoverflow_a2q.rt911.txt (848 entries)
rank=911 added 4 boundary-only nodes from routing
rank=887/1536 dataset=stackoverflow_a2q walkers=5208 (4619496..4624703) steps=30 mode=0 sched=single-bucket delta_t=0 policy=0
rank=887 loaded data/1536/stackoverflow_a2q.sub887.txt (|V_local|=1595  t_range=[13081247,239579633])
rank=887 loaded routing data/1536/stackoverflow_a2q.rt887.txt (1063 entries)
rank=887 added 3 boundary-only nodes from routing
rank=885/1536 dataset=stackoverflow_a2q walkers=5208 (4609080..4614287) steps=30 mode=0 sched=single-bucket delta_t=0 policy=0
rank=885 loaded data/1536/stackoverflow_a2q.sub885.txt (|V_local|=1595  t_range=[31212045,239665839])
rank=885 loaded routing data/1536/stackoverflow_a2q.rt885.txt (1065 entries)
rank=885 added 1 boundary-only nodes from routing
rank=891/1536 dataset=stackoverflow_a2q walkers=5208 (4640328..4645535) steps=30 mode=0 sched=single-bucket delta_t=0 policy=0
rank=891 loaded data/1536/stackoverflow_a2q.sub891.txt (|V_local|=1592  t_range=[19082292,239672159])
rank=891 loaded routing data/1536/stackoverflow_a2q.rt891.txt (1162 entries)
rank=891 added 2 boundary-only nodes from routing
rank=905/1536 dataset=stackoverflow_a2q walkers=5208 (4713240..4718447) steps=30 mode=0 sched=single-bucket delta_t=0 policy=0
rank=905 loaded data/1536/stackoverflow_a2q.sub905.txt (|V_local|=1646  t_range=[34515356,239674976])
rank=905 loaded routing data/1536/stackoverflow_a2q.rt905.txt (672 entries)
rank=905 added 6 boundary-only nodes from routing
rank=909/1536 dataset=stackoverflow_a2q walkers=5208 (4734072..4739279) steps=30 mode=0 sched=single-bucket delta_t=0 policy=0
rank=909 loaded data/1536/stackoverflow_a2q.sub909.txt (|V_local|=1575  t_range=[34881123,239613381])
rank=1452 added 1 boundary-only nodes from routing
rank=1462/1536 dataset=stackoverflow_a2q walkers=5208 (7614096..7619303) steps=30 mode=0 sched=single-bucket delta_t=0 policy=0
rank=1462 loaded data/1536/stackoverflow_a2q.sub1462.txt (|V_local|=1582  t_range=[25804337,239687240])
rank=1462 loaded routing data/1536/stackoverflow_a2q.rt1462.txt (1039 entries)
rank=1462 added 6 boundary-only nodes from routing
rank=1486/1536 dataset=stackoverflow_a2q walkers=5208 (7739088..7744295) steps=30 mode=0 sched=single-bucket delta_t=0 policy=0
rank=1486 loaded data/1536/stackoverflow_a2q.sub1486.txt (|V_local|=1599  t_range=[17000053,239660271])
rank=1486 loaded routing data/1536/stackoverflow_a2q.rt1486.txt (939 entries)
rank=1456/1536 dataset=stackoverflow_a2q walkers=5208 (7582848..7588055) steps=30 mode=0 sched=single-bucket delta_t=0 policy=0
rank=1456 loaded data/1536/stackoverflow_a2q.sub1456.txt (|V_local|=1651  t_range=[13096638,239422921])
rank=1456 loaded routing data/1536/stackoverflow_a2q.rt1456.txt (741 entries)
rank=1456 added 1 boundary-only nodes from routing
rank=1463/1536 dataset=stackoverflow_a2q walkers=5208 (7619304..7624511) steps=30 mode=0 sched=single-bucket delta_t=0 policy=0
rank=1463 loaded data/1536/stackoverflow_a2q.sub1463.txt (|V_local|=1599  t_range=[35219892,239670727])
rank=1463 loaded routing data/1536/stackoverflow_a2q.rt1463.txt (1028 entries)
rank=1477/1536 dataset=stackoverflow_a2q walkers=5208 (7692216..7697423) steps=30 mode=0 sched=single-bucket delta_t=0 policy=0
rank=1477 loaded data/1536/stackoverflow_a2q.sub1477.txt (|V_local|=1593  t_range=[5327795,239553909])
rank=1477 loaded routing data/1536/stackoverflow_a2q.rt1477.txt (922 entries)
rank=1477 added 1 boundary-only nodes from routing
rank=1470/1536 dataset=stackoverflow_a2q walkers=5208 (7655760..7660967) steps=30 mode=0 sched=single-bucket delta_t=0 policy=0
rank=1470 loaded data/1536/stackoverflow_a2q.sub1470.txt (|V_local|=1593  t_range=[3532807,239668362])
rank=1470 loaded routing data/1536/stackoverflow_a2q.rt1470.txt (1004 entries)
rank=1487/1536 dataset=stackoverflow_a2q walkers=5208 (7744296..7749503) steps=30 mode=0 sched=single-bucket delta_t=0 policy=0
rank=1487 loaded data/1536/stackoverflow_a2q.sub1487.txt (|V_local|=1649  t_range=[25108883,239649609])
rank=1487 loaded routing data/1536/stackoverflow_a2q.rt1487.txt (818 entries)
rank=1487 added 1 boundary-only nodes from routing
rank=1454/1536 dataset=stackoverflow_a2q walkers=5208 (7572432..7577639) steps=30 mode=0 sched=single-bucket delta_t=0 policy=0
rank=1454 loaded data/1536/stackoverflow_a2q.sub1454.txt (|V_local|=1651  t_range=[99659985,239680005])
rank=1454 loaded routing data/1536/stackoverflow_a2q.rt1454.txt (778 entries)
rank=1455/1536 dataset=stackoverflow_a2q walkers=5208 (7577640..7582847) steps=30 mode=0 sched=single-bucket delta_t=0 policy=0
rank=1455 loaded data/1536/stackoverflow_a2q.sub1455.txt (|V_local|=1591  t_range=[4231424,239526108])
rank=1455 loaded routing data/1536/stackoverflow_a2q.rt1455.txt (1141 entries)
rank=1455 added 4 boundary-only nodes from routing
rank=1441/1536 dataset=stackoverflow_a2q walkers=5208 (7504728..7509935) steps=30 mode=0 sched=single-bucket delta_t=0 policy=0
rank=1441 loaded data/1536/stackoverflow_a2q.sub1441.txt (|V_local|=1633  t_range=[18729598,239544076])
rank=1441 loaded routing data/1536/stackoverflow_a2q.rt1441.txt (708 entries)
rank=1465/1536 dataset=stackoverflow_a2q walkers=5208 (7629720..7634927) steps=30 mode=0 sched=single-bucket delta_t=0 policy=0
rank=1465 loaded data/1536/stackoverflow_a2q.sub1465.txt (|V_local|=1595  t_range=[28838707,239656027])
rank=1465 loaded routing data/1536/stackoverflow_a2q.rt1465.txt (1054 entries)
rank=1468/1536 dataset=stackoverflow_a2q walkers=5208 (7645344..7650551) steps=30 mode=0 sched=single-bucket delta_t=0 policy=0
rank=1468 loaded data/1536/stackoverflow_a2q.sub1468.txt (|V_local|=1590  t_range=[4257814,239664064])
rank=1468 loaded routing data/1536/stackoverflow_a2q.rt1468.txt (1036 entries)
rank=1468 added 2 boundary-only nodes from routing
rank=1485/1536 dataset=stackoverflow_a2q walkers=5208 (7733880..7739087) steps=30 mode=0 sched=single-bucket delta_t=0 policy=0
rank=1485 loaded data/1536/stackoverflow_a2q.sub1485.txt (|V_local|=1579  t_range=[2826246,239689050])
rank=1485 loaded routing data/1536/stackoverflow_a2q.rt1485.txt (1115 entries)
rank=1485 added 7 boundary-only nodes from routing
rank=1482/1536 dataset=stackoverflow_a2q walkers=5208 (7718256..7723463) steps=30 mode=0 sched=single-bucket delta_t=0 policy=0
rank=1482 loaded data/1536/stackoverflow_a2q.sub1482.txt (|V_local|=1593  t_range=[21042375,239615089])
rank=1482 loaded routing data/1536/stackoverflow_a2q.rt1482.txt (1006 entries)
rank=13 loaded routing data/1536/stackoverflow_a2q.rt13.txt (1047 entries)
rank=13 added 14 boundary-only nodes from routing
rank=10/1536 dataset=stackoverflow_a2q walkers=5208 (52080..57287) steps=30 mode=0 sched=single-bucket delta_t=0 policy=0
rank=10 loaded data/1536/stackoverflow_a2q.sub10.txt (|V_local|=1648  t_range=[1571189,239322581])
rank=10 loaded routing data/1536/stackoverflow_a2q.rt10.txt (682 entries)
rank=10 added 4 boundary-only nodes from routing
rank=45/1536 dataset=stackoverflow_a2q walkers=5208 (234360..239567) steps=30 mode=0 sched=single-bucket delta_t=0 policy=0
rank=45 loaded data/1536/stackoverflow_a2q.sub45.txt (|V_local|=1588  t_range=[3937133,239586153])
rank=45 loaded routing data/1536/stackoverflow_a2q.rt45.txt (986 entries)
rank=45 added 3 boundary-only nodes from routing
rank=42/1536 dataset=stackoverflow_a2q walkers=5208 (218736..223943) steps=30 mode=0 sched=single-bucket delta_t=0 policy=0
rank=42 loaded data/1536/stackoverflow_a2q.sub42.txt (|V_local|=1599  t_range=[1612345,239662834])
rank=42 loaded routing data/1536/stackoverflow_a2q.rt42.txt (1051 entries)
rank=42 added 2 boundary-only nodes from routing
rank=11/1536 dataset=stackoverflow_a2q walkers=5208 (57288..62495) steps=30 mode=0 sched=single-bucket delta_t=0 policy=0
rank=11 loaded data/1536/stackoverflow_a2q.sub11.txt (|V_local|=1651  t_range=[659673,239386820])
rank=11 loaded routing data/1536/stackoverflow_a2q.rt11.txt (510 entries)
rank=11 added 1 boundary-only nodes from routing
rank=26/1536 dataset=stackoverflow_a2q walkers=5208 (135408..140615) steps=30 mode=0 sched=single-bucket delta_t=0 policy=0
rank=26 loaded data/1536/stackoverflow_a2q.sub26.txt (|V_local|=1646  t_range=[0,239675952])
rank=26 loaded routing data/1536/stackoverflow_a2q.rt26.txt (577 entries)
rank=26 added 6 boundary-only nodes from routing
rank=21/1536 dataset=stackoverflow_a2q walkers=5208 (109368..114575) steps=30 mode=0 sched=single-bucket delta_t=0 policy=0
rank=21 loaded data/1536/stackoverflow_a2q.sub21.txt (|V_local|=1589  t_range=[2067502,239298430])
rank=21 loaded routing data/1536/stackoverflow_a2q.rt21.txt (891 entries)
rank=21 added 9 boundary-only nodes from routing
rank=27/1536 dataset=stackoverflow_a2q walkers=5208 (140616..145823) steps=30 mode=0 sched=single-bucket delta_t=0 policy=0
rank=27 loaded data/1536/stackoverflow_a2q.sub27.txt (|V_local|=1590  t_range=[310972,239668797])
rank=27 loaded routing data/1536/stackoverflow_a2q.rt27.txt (1023 entries)
rank=27 added 3 boundary-only nodes from routing
rank=47/1536 dataset=stackoverflow_a2q walkers=5208 (244776..249983) steps=30 mode=0 sched=single-bucket delta_t=0 policy=0
rank=47 loaded data/1536/stackoverflow_a2q.sub47.txt (|V_local|=1592  t_range=[2297183,239579567])
rank=47 loaded routing data/1536/stackoverflow_a2q.rt47.txt (1018 entries)
rank=47 added 6 boundary-only nodes from routing
rank=29/1536 dataset=stackoverflow_a2q walkers=5208 (151032..156239) steps=30 mode=0 sched=single-bucket delta_t=0 policy=0
rank=29 loaded data/1536/stackoverflow_a2q.sub29.txt (|V_local|=1647  t_range=[847477,239631118])
rank=29 loaded routing data/1536/stackoverflow_a2q.rt29.txt (700 entries)
rank=29 added 2 boundary-only nodes from routing
rank=32/1536 dataset=stackoverflow_a2q walkers=5208 (166656..171863) steps=30 mode=0 sched=single-bucket delta_t=0 policy=0
rank=32 loaded data/1536/stackoverflow_a2q.sub32.txt (|V_local|=1602  t_range=[54040,239639717])
rank=32 loaded routing data/1536/stackoverflow_a2q.rt32.txt (833 entries)
rank=32 added 6 boundary-only nodes from routing
rank=43/1536 dataset=stackoverflow_a2q walkers=5208 (223944..229151) steps=30 mode=0 sched=single-bucket delta_t=0 policy=0
rank=43 loaded data/1536/stackoverflow_a2q.sub43.txt (|V_local|=1581  t_range=[1697134,239655240])
rank=43 loaded routing data/1536/stackoverflow_a2q.rt43.txt (977 entries)
rank=43 added 5 boundary-only nodes from routing
rank=14/1536 dataset=stackoverflow_a2q walkers=5208 (72912..78119) steps=30 mode=0 sched=single-bucket delta_t=0 policy=0
rank=14 loaded data/1536/stackoverflow_a2q.sub14.txt (|V_local|=1586  t_range=[1116191,239464586])
rank=14 loaded routing data/1536/stackoverflow_a2q.rt14.txt (939 entries)
rank=14 added 5 boundary-only nodes from routing
rank=33/1536 dataset=stackoverflow_a2q walkers=5208 (171864..177071) steps=30 mode=0 sched=single-bucket delta_t=0 policy=0
rank=33 loaded data/1536/stackoverflow_a2q.sub33.txt (|V_local|=1586  t_range=[291300,239644303])
rank=33 loaded routing data/1536/stackoverflow_a2q.rt33.txt (1039 entries)
rank=33 added 10 boundary-only nodes from routing
rank=37/1536 dataset=stackoverflow_a2q walkers=5208 (192696..197903) steps=30 mode=0 sched=single-bucket delta_t=0 policy=0
rank=37 loaded data/1536/stackoverflow_a2q.sub37.txt (|V_local|=1578  t_range=[1623313,239456742])
rank=37 loaded routing data/1536/stackoverflow_a2q.rt37.txt (1001 entries)
rank=37 added 14 boundary-only nodes from routing
rank=38/1536 dataset=stackoverflow_a2q walkers=5208 (197904..203111) steps=30 mode=0 sched=single-bucket delta_t=0 policy=0
rank=38 loaded data/1536/stackoverflow_a2q.sub38.txt (|V_local|=1589  t_range=[4285070,239651895])
rank=38 loaded routing data/1536/stackoverflow_a2q.rt38.txt (1063 entries)
rank=38 added 6 boundary-only nodes from routing
rank=34/1536 dataset=stackoverflow_a2q walkers=5208 (177072..182279) steps=30 mode=0 sched=single-bucket delta_t=0 policy=0
rank=34 loaded data/1536/stackoverflow_a2q.sub34.txt (|V_local|=1591  t_range=[1095410,239396834])
rank=34 loaded routing data/1536/stackoverflow_a2q.rt34.txt (750 entries)
rank=34 added 6 boundary-only nodes from routing
rank=23/1536 dataset=stackoverflow_a2q walkers=5208 (119784..124991) steps=30 mode=0 sched=single-bucket delta_t=0 policy=0
rank=23 loaded data/1536/stackoverflow_a2q.sub23.txt (|V_local|=1652  t_range=[405386,239496873])
rank=23 loaded routing data/1536/stackoverflow_a2q.rt23.txt (469 entries)
rank=39/1536 dataset=stackoverflow_a2q walkers=5208 (203112..208319) steps=30 mode=0 sched=single-bucket delta_t=0 policy=0
rank=39 loaded data/1536/stackoverflow_a2q.sub39.txt (|V_local|=1592  t_range=[2136456,239468089])
rank=39 loaded routing data/1536/stackoverflow_a2q.rt39.txt (872 entries)
rank=39 added 4 boundary-only nodes from routing
rank=25/1536 dataset=stackoverflow_a2q walkers=5208 (130200..135407) steps=30 mode=0 sched=single-bucket delta_t=0 policy=0
rank=25 loaded data/1536/stackoverflow_a2q.sub25.txt (|V_local|=1651  t_range=[5924,239309777])
rank=25 loaded routing data/1536/stackoverflow_a2q.rt25.txt (482 entries)
rank=25 added 1 boundary-only nodes from routing
rank=46/1536 dataset=stackoverflow_a2q walkers=5208 (239568..244775) steps=30 mode=0 sched=single-bucket delta_t=0 policy=0
rank=46 loaded data/1536/stackoverflow_a2q.sub46.txt (|V_local|=1591  t_range=[3008469,239681958])
rank=46 loaded routing data/1536/stackoverflow_a2q.rt46.txt (993 entries)
rank=46 added 2 boundary-only nodes from routing
rank=41/1536 dataset=stackoverflow_a2q walkers=5208 (213528..218735) steps=30 mode=0 sched=single-bucket delta_t=0 policy=0
rank=41 loaded data/1536/stackoverflow_a2q.sub41.txt (|V_local|=1588  t_range=[1250799,239243576])
rank=41 loaded routing data/1536/stackoverflow_a2q.rt41.txt (985 entries)
rank=41 added 5 boundary-only nodes from routing
rank=35/1536 dataset=stackoverflow_a2q walkers=5208 (182280..187487) steps=30 mode=0 sched=single-bucket delta_t=0 policy=0
rank=35 loaded data/1536/stackoverflow_a2q.sub35.txt (|V_local|=1593  t_range=[1724316,239266148])
rank=35 loaded routing data/1536/stackoverflow_a2q.rt35.txt (878 entries)
rank=35 added 16 boundary-only nodes from routing
rank=30/1536 dataset=stackoverflow_a2q walkers=5208 (156240..161447) steps=30 mode=0 sched=single-bucket delta_t=0 policy=0
rank=30 loaded data/1536/stackoverflow_a2q.sub30.txt (|V_local|=1583  t_range=[2460400,239522065])
rank=30 loaded routing data/1536/stackoverflow_a2q.rt30.txt (997 entries)
rank=30 added 7 boundary-only nodes from routing
rank=22/1536 dataset=stackoverflow_a2q walkers=5208 (114576..119783) steps=30 mode=0 sched=single-bucket delta_t=0 policy=0
rank=151/1536 dataset=stackoverflow_a2q walkers=5208 (786408..791615) steps=30 mode=0 sched=single-bucket delta_t=0 policy=0
rank=151 loaded data/1536/stackoverflow_a2q.sub151.txt (|V_local|=1586  t_range=[51483,239677179])
rank=151 loaded routing data/1536/stackoverflow_a2q.rt151.txt (1061 entries)
rank=151 added 4 boundary-only nodes from routing
rank=155/1536 dataset=stackoverflow_a2q walkers=5208 (807240..812447) steps=30 mode=0 sched=single-bucket delta_t=0 policy=0
rank=155 loaded data/1536/stackoverflow_a2q.sub155.txt (|V_local|=1590  t_range=[17473610,239502349])
rank=155 loaded routing data/1536/stackoverflow_a2q.rt155.txt (1017 entries)
rank=155 added 1 boundary-only nodes from routing
rank=191/1536 dataset=stackoverflow_a2q walkers=5208 (994728..999935) steps=30 mode=0 sched=single-bucket delta_t=0 policy=0
rank=191 loaded data/1536/stackoverflow_a2q.sub191.txt (|V_local|=1583  t_range=[3322852,239667404])
rank=191 loaded routing data/1536/stackoverflow_a2q.rt191.txt (1052 entries)
rank=191 added 5 boundary-only nodes from routing
rank=163/1536 dataset=stackoverflow_a2q walkers=5208 (848904..854111) steps=30 mode=0 sched=single-bucket delta_t=0 policy=0
rank=163 loaded data/1536/stackoverflow_a2q.sub163.txt (|V_local|=1593  t_range=[7144526,239495237])
rank=163 loaded routing data/1536/stackoverflow_a2q.rt163.txt (1067 entries)
rank=163 added 1 boundary-only nodes from routing
rank=171/1536 dataset=stackoverflow_a2q walkers=5208 (890568..895775) steps=30 mode=0 sched=single-bucket delta_t=0 policy=0
rank=171 loaded data/1536/stackoverflow_a2q.sub171.txt (|V_local|=1594  t_range=[2221544,239662322])
rank=171 loaded routing data/1536/stackoverflow_a2q.rt171.txt (1071 entries)
rank=171 added 3 boundary-only nodes from routing
rank=162/1536 dataset=stackoverflow_a2q walkers=5208 (843696..848903) steps=30 mode=0 sched=single-bucket delta_t=0 policy=0
rank=162 loaded data/1536/stackoverflow_a2q.sub162.txt (|V_local|=1588  t_range=[4648578,239641519])
rank=162 loaded routing data/1536/stackoverflow_a2q.rt162.txt (1064 entries)
rank=162 added 6 boundary-only nodes from routing
rank=154/1536 dataset=stackoverflow_a2q walkers=5208 (802032..807239) steps=30 mode=0 sched=single-bucket delta_t=0 policy=0
rank=154 loaded data/1536/stackoverflow_a2q.sub154.txt (|V_local|=1593  t_range=[2497240,239587087])
rank=154 loaded routing data/1536/stackoverflow_a2q.rt154.txt (1116 entries)
rank=154 added 3 boundary-only nodes from routing
rank=174/1536 dataset=stackoverflow_a2q walkers=5208 (906192..911399) steps=30 mode=0 sched=single-bucket delta_t=0 policy=0
rank=174 loaded data/1536/stackoverflow_a2q.sub174.txt (|V_local|=1594  t_range=[13414737,239630669])
rank=174 loaded routing data/1536/stackoverflow_a2q.rt174.txt (1104 entries)
rank=174 added 2 boundary-only nodes from routing
rank=178/1536 dataset=stackoverflow_a2q walkers=5208 (927024..932231) steps=30 mode=0 sched=single-bucket delta_t=0 policy=0
rank=178 loaded data/1536/stackoverflow_a2q.sub178.txt (|V_local|=1594  t_range=[17495116,239618825])
rank=178 loaded routing data/1536/stackoverflow_a2q.rt178.txt (1025 entries)
rank=178 added 1 boundary-only nodes from routing
rank=156/1536 dataset=stackoverflow_a2q walkers=5208 (812448..817655) steps=30 mode=0 sched=single-bucket delta_t=0 policy=0
rank=156 loaded data/1536/stackoverflow_a2q.sub156.txt (|V_local|=1586  t_range=[3611776,239543975])
rank=156 loaded routing data/1536/stackoverflow_a2q.rt156.txt (1046 entries)
rank=156 added 6 boundary-only nodes from routing
rank=170/1536 dataset=stackoverflow_a2q walkers=5208 (885360..890567) steps=30 mode=0 sched=single-bucket delta_t=0 policy=0
rank=170 loaded data/1536/stackoverflow_a2q.sub170.txt (|V_local|=1594  t_range=[6117936,239602831])
rank=170 loaded routing data/1536/stackoverflow_a2q.rt170.txt (1062 entries)
rank=170 added 1 boundary-only nodes from routing
rank=164/1536 dataset=stackoverflow_a2q walkers=5208 (854112..859319) steps=30 mode=0 sched=single-bucket delta_t=0 policy=0
rank=164 loaded data/1536/stackoverflow_a2q.sub164.txt (|V_local|=1595  t_range=[15597972,239663071])
rank=164 loaded routing data/1536/stackoverflow_a2q.rt164.txt (1111 entries)
rank=159/1536 dataset=stackoverflow_a2q walkers=5208 (828072..833279) steps=30 mode=0 sched=single-bucket delta_t=0 policy=0
rank=159 loaded data/1536/stackoverflow_a2q.sub159.txt (|V_local|=1587  t_range=[4098953,239614111])
rank=159 loaded routing data/1536/stackoverflow_a2q.rt159.txt (1045 entries)
rank=159 added 5 boundary-only nodes from routing
rank=176/1536 dataset=stackoverflow_a2q walkers=5208 (916608..921815) steps=30 mode=0 sched=single-bucket delta_t=0 policy=0
rank=176 loaded data/1536/stackoverflow_a2q.sub176.txt (|V_local|=1650  t_range=[4036007,239640842])
rank=176 loaded routing data/1536/stackoverflow_a2q.rt176.txt (799 entries)
rank=176 added 1 boundary-only nodes from routing
rank=172/1536 dataset=stackoverflow_a2q walkers=5208 (895776..900983) steps=30 mode=0 sched=single-bucket delta_t=0 policy=0
rank=172 loaded data/1536/stackoverflow_a2q.sub172.txt (|V_local|=1593  t_range=[5345765,239489245])
rank=172 loaded routing data/1536/stackoverflow_a2q.rt172.txt (784 entries)
rank=172 added 3 boundary-only nodes from routing
rank=180/1536 dataset=stackoverflow_a2q walkers=5208 (937440..942647) steps=30 mode=0 sched=single-bucket delta_t=0 policy=0
rank=180 loaded data/1536/stackoverflow_a2q.sub180.txt (|V_local|=1590  t_range=[8777919,239575168])
rank=180 loaded routing data/1536/stackoverflow_a2q.rt180.txt (1013 entries)
rank=180 added 4 boundary-only nodes from routing
rank=175/1536 dataset=stackoverflow_a2q walkers=5208 (911400..916607) steps=30 mode=0 sched=single-bucket delta_t=0 policy=0
rank=175 loaded data/1536/stackoverflow_a2q.sub175.txt (|V_local|=1594  t_range=[3592047,239660259])
rank=175 loaded routing data/1536/stackoverflow_a2q.rt175.txt (1051 entries)
rank=175 added 1 boundary-only nodes from routing
rank=187/1536 dataset=stackoverflow_a2q walkers=5208 (973896..979103) steps=30 mode=0 sched=single-bucket delta_t=0 policy=0
rank=187 loaded data/1536/stackoverflow_a2q.sub187.txt (|V_local|=1587  t_range=[7121867,239527239])
rank=187 loaded routing data/1536/stackoverflow_a2q.rt187.txt (1071 entries)
rank=187 added 1 boundary-only nodes from routing
rank=165/1536 dataset=stackoverflow_a2q walkers=5208 (859320..864527) steps=30 mode=0 sched=single-bucket delta_t=0 policy=0
rank=165 loaded data/1536/stackoverflow_a2q.sub165.txt (|V_local|=1580  t_range=[18671852,239645165])
rank=165 loaded routing data/1536/stackoverflow_a2q.rt165.txt (1058 entries)
rank=165 added 9 boundary-only nodes from routing
rank=168/1536 dataset=stackoverflow_a2q walkers=5208 (874944..880151) steps=30 mode=0 sched=single-bucket delta_t=0 policy=0
rank=168 loaded data/1536/stackoverflow_a2q.sub168.txt (|V_local|=1589  t_range=[3497942,239671591])
rank=168 loaded routing data/1536/stackoverflow_a2q.rt168.txt (1034 entries)
rank=168 added 5 boundary-only nodes from routing
rank=184/1536 dataset=stackoverflow_a2q walkers=5208 (958272..963479) steps=30 mode=0 sched=single-bucket delta_t=0 policy=0
rank=184 loaded data/1536/stackoverflow_a2q.sub184.txt (|V_local|=1592  t_range=[6457490,239672959])
rank=184 loaded routing data/1536/stackoverflow_a2q.rt184.txt (999 entries)
rank=184 added 1 boundary-only nodes from routing
rank=144/1536 dataset=stackoverflow_a2q walkers=5208 (749952..755159) steps=30 mode=0 sched=single-bucket delta_t=0 policy=0
rank=144 loaded data/1536/stackoverflow_a2q.sub144.txt (|V_local|=1588  t_range=[391430,239678261])
rank=144 loaded routing data/1536/stackoverflow_a2q.rt144.txt (1040 entries)
rank=144 added 6 boundary-only nodes from routing
rank=158/1536 dataset=stackoverflow_a2q walkers=5208 (822864..828071) steps=30 mode=0 sched=single-bucket delta_t=0 policy=0
rank=158 loaded data/1536/stackoverflow_a2q.sub158.txt (|V_local|=1590  t_range=[3956875,239588943])
rank=158 loaded routing data/1536/stackoverflow_a2q.rt158.txt (1073 entries)
rank=158 added 4 boundary-only nodes from routing
rank=1160 added 1 boundary-only nodes from routing
rank=1164/1536 dataset=stackoverflow_a2q walkers=5208 (6062112..6067319) steps=30 mode=0 sched=single-bucket delta_t=0 policy=0
rank=1164 loaded data/1536/stackoverflow_a2q.sub1164.txt (|V_local|=1593  t_range=[34913835,239664365])
rank=1164 loaded routing data/1536/stackoverflow_a2q.rt1164.txt (1128 entries)
rank=1164 added 2 boundary-only nodes from routing
rank=1193/1536 dataset=stackoverflow_a2q walkers=5208 (6213144..6218351) steps=30 mode=0 sched=single-bucket delta_t=0 policy=0
rank=1193 loaded data/1536/stackoverflow_a2q.sub1193.txt (|V_local|=1590  t_range=[26909560,239559264])
rank=1193 loaded routing data/1536/stackoverflow_a2q.rt1193.txt (1036 entries)
rank=1193 added 3 boundary-only nodes from routing
rank=1176/1536 dataset=stackoverflow_a2q walkers=5208 (6124608..6129815) steps=30 mode=0 sched=single-bucket delta_t=0 policy=0
rank=1176 loaded data/1536/stackoverflow_a2q.sub1176.txt (|V_local|=1589  t_range=[7012332,239674714])
rank=1176 loaded routing data/1536/stackoverflow_a2q.rt1176.txt (1081 entries)
rank=1198/1536 dataset=stackoverflow_a2q walkers=5208 (6239184..6244391) steps=30 mode=0 sched=single-bucket delta_t=0 policy=0
rank=1198 loaded data/1536/stackoverflow_a2q.sub1198.txt (|V_local|=1592  t_range=[2085400,239594081])
rank=1198 loaded routing data/1536/stackoverflow_a2q.rt1198.txt (905 entries)
rank=1180/1536 dataset=stackoverflow_a2q walkers=5208 (6145440..6150647) steps=30 mode=0 sched=single-bucket delta_t=0 policy=0
rank=1180 loaded data/1536/stackoverflow_a2q.sub1180.txt (|V_local|=1598  t_range=[7633113,239492844])
rank=1180 loaded routing data/1536/stackoverflow_a2q.rt1180.txt (916 entries)
rank=1180 added 1 boundary-only nodes from routing
rank=1181/1536 dataset=stackoverflow_a2q walkers=5208 (6150648..6155855) steps=30 mode=0 sched=single-bucket delta_t=0 policy=0
rank=1181 loaded data/1536/stackoverflow_a2q.sub1181.txt (|V_local|=1651  t_range=[35113892,239457615])
rank=1181 loaded routing data/1536/stackoverflow_a2q.rt1181.txt (774 entries)
rank=1183/1536 dataset=stackoverflow_a2q walkers=5208 (6161064..6166271) steps=30 mode=0 sched=single-bucket delta_t=0 policy=0
rank=1183 loaded data/1536/stackoverflow_a2q.sub1183.txt (|V_local|=1648  t_range=[18440054,239504988])
rank=1183 loaded routing data/1536/stackoverflow_a2q.rt1183.txt (854 entries)
rank=1183 added 3 boundary-only nodes from routing
rank=1173/1536 dataset=stackoverflow_a2q walkers=5208 (6108984..6114191) steps=30 mode=0 sched=single-bucket delta_t=0 policy=0
rank=1173 loaded data/1536/stackoverflow_a2q.sub1173.txt (|V_local|=1590  t_range=[11560998,239673566])
rank=1173 loaded routing data/1536/stackoverflow_a2q.rt1173.txt (1025 entries)
rank=1182/1536 dataset=stackoverflow_a2q walkers=5208 (6155856..6161063) steps=30 mode=0 sched=single-bucket delta_t=0 policy=0
rank=1182 loaded data/1536/stackoverflow_a2q.sub1182.txt (|V_local|=1605  t_range=[778301,239537488])
rank=1182 loaded routing data/1536/stackoverflow_a2q.rt1182.txt (929 entries)
rank=1182 added 1 boundary-only nodes from routing
rank=1168/1536 dataset=stackoverflow_a2q walkers=5208 (6082944..6088151) steps=30 mode=0 sched=single-bucket delta_t=0 policy=0
rank=1168 loaded data/1536/stackoverflow_a2q.sub1168.txt (|V_local|=1638  t_range=[41130233,239325376])
rank=1168 loaded routing data/1536/stackoverflow_a2q.rt1168.txt (1044 entries)
rank=1184/1536 dataset=stackoverflow_a2q walkers=5208 (6166272..6171479) steps=30 mode=0 sched=single-bucket delta_t=0 policy=0
rank=1184 loaded data/1536/stackoverflow_a2q.sub1184.txt (|V_local|=1587  t_range=[30089937,239557446])
rank=1184 loaded routing data/1536/stackoverflow_a2q.rt1184.txt (1052 entries)
rank=1184 added 1 boundary-only nodes from routing
rank=1172/1536 dataset=stackoverflow_a2q walkers=5208 (6103776..6108983) steps=30 mode=0 sched=single-bucket delta_t=0 policy=0
rank=1172 loaded data/1536/stackoverflow_a2q.sub1172.txt (|V_local|=1598  t_range=[39033314,239648643])
rank=1172 loaded routing data/1536/stackoverflow_a2q.rt1172.txt (1037 entries)
rank=1189/1536 dataset=stackoverflow_a2q walkers=5208 (6192312..6197519) steps=30 mode=0 sched=single-bucket delta_t=0 policy=0
rank=1189 loaded data/1536/stackoverflow_a2q.sub1189.txt (|V_local|=1591  t_range=[3994826,239623715])
rank=1189 loaded routing data/1536/stackoverflow_a2q.rt1189.txt (1022 entries)
rank=1189 added 4 boundary-only nodes from routing
rank=1179/1536 dataset=stackoverflow_a2q walkers=5208 (6140232..6145439) steps=30 mode=0 sched=single-bucket delta_t=0 policy=0
rank=1179 loaded data/1536/stackoverflow_a2q.sub1179.txt (|V_local|=1589  t_range=[20469369,239668023])
rank=1179 loaded routing data/1536/stackoverflow_a2q.rt1179.txt (1046 entries)
rank=1179 added 5 boundary-only nodes from routing
rank=1188/1536 dataset=stackoverflow_a2q walkers=5208 (6187104..6192311) steps=30 mode=0 sched=single-bucket delta_t=0 policy=0
rank=1188 loaded data/1536/stackoverflow_a2q.sub1188.txt (|V_local|=1583  t_range=[22731224,239660435])
rank=1188 loaded routing data/1536/stackoverflow_a2q.rt1188.txt (1121 entries)
rank=1188 added 9 boundary-only nodes from routing
rank=1177/1536 dataset=stackoverflow_a2q walkers=5208 (6129816..6135023) steps=30 mode=0 sched=single-bucket delta_t=0 policy=0
rank=1177 loaded data/1536/stackoverflow_a2q.sub1177.txt (|V_local|=1607  t_range=[17341837,239562870])
rank=1177 loaded routing data/1536/stackoverflow_a2q.rt1177.txt (898 entries)
rank=1170/1536 dataset=stackoverflow_a2q walkers=5208 (6093360..6098567) steps=30 mode=0 sched=single-bucket delta_t=0 policy=0
rank=1170 loaded data/1536/stackoverflow_a2q.sub1170.txt (|V_local|=1592  t_range=[30898318,239597802])
rank=1170 loaded routing data/1536/stackoverflow_a2q.rt1170.txt (1093 entries)
rank=1170 added 3 boundary-only nodes from routing
rank=1169/1536 dataset=stackoverflow_a2q walkers=5208 (6088152..6093359) steps=30 mode=0 sched=single-bucket delta_t=0 policy=0
rank=1169 loaded data/1536/stackoverflow_a2q.sub1169.txt (|V_local|=1598  t_range=[54685189,239687693])
rank=1169 loaded routing data/1536/stackoverflow_a2q.rt1169.txt (1044 entries)
rank=1158/1536 dataset=stackoverflow_a2q walkers=5208 (6030864..6036071) steps=30 mode=0 sched=single-bucket delta_t=0 policy=0
rank=1158 loaded data/1536/stackoverflow_a2q.sub1158.txt (|V_local|=1589  t_range=[14914024,239691447])
rank=1158 loaded routing data/1536/stackoverflow_a2q.rt1158.txt (1097 entries)
rank=1158 added 4 boundary-only nodes from routing
rank=1185/1536 dataset=stackoverflow_a2q walkers=5208 (6171480..6176687) steps=30 mode=0 sched=single-bucket delta_t=0 policy=0
rank=1185 loaded data/1536/stackoverflow_a2q.sub1185.txt (|V_local|=1591  t_range=[29762879,239557051])
rank=1185 loaded routing data/1536/stackoverflow_a2q.rt1185.txt (1046 entries)
rank=1185 added 3 boundary-only nodes from routing
rank=1196/1536 dataset=stackoverflow_a2q walkers=5208 (6228768..6233975) steps=30 mode=0 sched=single-bucket delta_t=0 policy=0
rank=1196 loaded data/1536/stackoverflow_a2q.sub1196.txt (|V_local|=1650  t_range=[4939645,239559056])
rank=1196 loaded routing data/1536/stackoverflow_a2q.rt1196.txt (816 entries)
rank=1196 added 1 boundary-only nodes from routing
rank=1186/1536 dataset=stackoverflow_a2q walkers=5208 (6176688..6181895) steps=30 mode=0 sched=single-bucket delta_t=0 policy=0
rank=1186 loaded data/1536/stackoverflow_a2q.sub1186.txt (|V_local|=1607  t_range=[33503306,239682285])
rank=1186 loaded routing data/1536/stackoverflow_a2q.rt1186.txt (985 entries)
rank=1190/1536 dataset=stackoverflow_a2q walkers=5208 (6197520..6202727) steps=30 mode=0 sched=single-bucket delta_t=0 policy=0
rank=1190 loaded data/1536/stackoverflow_a2q.sub1190.txt (|V_local|=1584  t_range=[17428424,239590410])
rank=1190 loaded routing data/1536/stackoverflow_a2q.rt1190.txt (1058 entries)
rank=1190 added 2 boundary-only nodes from routing
rank=1152/1536 dataset=stackoverflow_a2q walkers=5208 (5999616..6004823) steps=30 mode=0 sched=single-bucket delta_t=0 policy=0
rank=1152 loaded data/1536/stackoverflow_a2q.sub1152.txt (|V_local|=1588  t_range=[18333564,239579560])
rank=974 loaded data/1536/stackoverflow_a2q.sub974.txt (|V_local|=1599  t_range=[21520644,239630970])
rank=974 loaded routing data/1536/stackoverflow_a2q.rt974.txt (1027 entries)
rank=974 added 1 boundary-only nodes from routing
rank=1006/1536 dataset=stackoverflow_a2q walkers=5208 (5239248..5244455) steps=30 mode=0 sched=single-bucket delta_t=0 policy=0
rank=1006 loaded data/1536/stackoverflow_a2q.sub1006.txt (|V_local|=1604  t_range=[40228535,239575799])
rank=1006 loaded routing data/1536/stackoverflow_a2q.rt1006.txt (1020 entries)
rank=973/1536 dataset=stackoverflow_a2q walkers=5208 (5067384..5072591) steps=30 mode=0 sched=single-bucket delta_t=0 policy=0
rank=973 loaded data/1536/stackoverflow_a2q.sub973.txt (|V_local|=1635  t_range=[43755351,239681252])
rank=973 loaded routing data/1536/stackoverflow_a2q.rt973.txt (912 entries)
rank=973 added 1 boundary-only nodes from routing
rank=1004/1536 dataset=stackoverflow_a2q walkers=5208 (5228832..5234039) steps=30 mode=0 sched=single-bucket delta_t=0 policy=0
rank=1004 loaded data/1536/stackoverflow_a2q.sub1004.txt (|V_local|=1596  t_range=[18081774,239680355])
rank=1004 loaded routing data/1536/stackoverflow_a2q.rt1004.txt (1068 entries)
rank=995/1536 dataset=stackoverflow_a2q walkers=5208 (5181960..5187167) steps=30 mode=0 sched=single-bucket delta_t=0 policy=0
rank=995 loaded data/1536/stackoverflow_a2q.sub995.txt (|V_local|=1595  t_range=[37394385,239539149])
rank=995 loaded routing data/1536/stackoverflow_a2q.rt995.txt (1012 entries)
rank=998/1536 dataset=stackoverflow_a2q walkers=5208 (5197584..5202791) steps=30 mode=0 sched=single-bucket delta_t=0 policy=0
rank=998 loaded data/1536/stackoverflow_a2q.sub998.txt (|V_local|=1594  t_range=[63969177,239543096])
rank=998 loaded routing data/1536/stackoverflow_a2q.rt998.txt (988 entries)
rank=998 added 1 boundary-only nodes from routing
rank=1002/1536 dataset=stackoverflow_a2q walkers=5208 (5218416..5223623) steps=30 mode=0 sched=single-bucket delta_t=0 policy=0
rank=1002 loaded data/1536/stackoverflow_a2q.sub1002.txt (|V_local|=1593  t_range=[32216849,239675796])
rank=1002 loaded routing data/1536/stackoverflow_a2q.rt1002.txt (1061 entries)
rank=991/1536 dataset=stackoverflow_a2q walkers=5208 (5161128..5166335) steps=30 mode=0 sched=single-bucket delta_t=0 policy=0
rank=991 loaded data/1536/stackoverflow_a2q.sub991.txt (|V_local|=1600  t_range=[5430569,239604829])
rank=991 loaded routing data/1536/stackoverflow_a2q.rt991.txt (974 entries)
rank=981/1536 dataset=stackoverflow_a2q walkers=5208 (5109048..5114255) steps=30 mode=0 sched=single-bucket delta_t=0 policy=0
rank=981 loaded data/1536/stackoverflow_a2q.sub981.txt (|V_local|=1593  t_range=[24217751,239644136])
rank=981 loaded routing data/1536/stackoverflow_a2q.rt981.txt (1036 entries)
rank=992/1536 dataset=stackoverflow_a2q walkers=5208 (5166336..5171543) steps=30 mode=0 sched=single-bucket delta_t=0 policy=0
rank=992 loaded data/1536/stackoverflow_a2q.sub992.txt (|V_local|=1592  t_range=[36318743,239580806])
rank=992 loaded routing data/1536/stackoverflow_a2q.rt992.txt (1079 entries)
rank=992 added 1 boundary-only nodes from routing
rank=983/1536 dataset=stackoverflow_a2q walkers=5208 (5119464..5124671) steps=30 mode=0 sched=single-bucket delta_t=0 policy=0
rank=983 loaded data/1536/stackoverflow_a2q.sub983.txt (|V_local|=1585  t_range=[14180544,239685998])
rank=983 loaded routing data/1536/stackoverflow_a2q.rt983.txt (957 entries)
rank=986/1536 dataset=stackoverflow_a2q walkers=5208 (5135088..5140295) steps=30 mode=0 sched=single-bucket delta_t=0 policy=0
rank=986 loaded data/1536/stackoverflow_a2q.sub986.txt (|V_local|=1594  t_range=[40318640,239649717])
rank=986 loaded routing data/1536/stackoverflow_a2q.rt986.txt (1049 entries)
rank=986 added 1 boundary-only nodes from routing
rank=982/1536 dataset=stackoverflow_a2q walkers=5208 (5114256..5119463) steps=30 mode=0 sched=single-bucket delta_t=0 policy=0
rank=982 loaded data/1536/stackoverflow_a2q.sub982.txt (|V_local|=1587  t_range=[52420460,239656317])
rank=982 loaded routing data/1536/stackoverflow_a2q.rt982.txt (1035 entries)
rank=982 added 2 boundary-only nodes from routing
rank=1000/1536 dataset=stackoverflow_a2q walkers=5208 (5208000..5213207) steps=30 mode=0 sched=single-bucket delta_t=0 policy=0
rank=1000 loaded data/1536/stackoverflow_a2q.sub1000.txt (|V_local|=1599  t_range=[28132827,239620173])
rank=1000 loaded routing data/1536/stackoverflow_a2q.rt1000.txt (1054 entries)
rank=1000 added 1 boundary-only nodes from routing
rank=988/1536 dataset=stackoverflow_a2q walkers=5208 (5145504..5150711) steps=30 mode=0 sched=single-bucket delta_t=0 policy=0
rank=988 loaded data/1536/stackoverflow_a2q.sub988.txt (|V_local|=1594  t_range=[30384044,239675353])
rank=988 loaded routing data/1536/stackoverflow_a2q.rt988.txt (1010 entries)
rank=989/1536 dataset=stackoverflow_a2q walkers=5208 (5150712..5155919) steps=30 mode=0 sched=single-bucket delta_t=0 policy=0
rank=989 loaded data/1536/stackoverflow_a2q.sub989.txt (|V_local|=1589  t_range=[23879785,239662853])
rank=989 loaded routing data/1536/stackoverflow_a2q.rt989.txt (1026 entries)
rank=989 added 2 boundary-only nodes from routing
rank=997/1536 dataset=stackoverflow_a2q walkers=5208 (5192376..5197583) steps=30 mode=0 sched=single-bucket delta_t=0 policy=0
rank=997 loaded data/1536/stackoverflow_a2q.sub997.txt (|V_local|=1608  t_range=[71419929,239692719])
rank=997 loaded routing data/1536/stackoverflow_a2q.rt997.txt (981 entries)
rank=1005/1536 dataset=stackoverflow_a2q walkers=5208 (5234040..5239247) steps=30 mode=0 sched=single-bucket delta_t=0 policy=0
rank=1005 loaded data/1536/stackoverflow_a2q.sub1005.txt (|V_local|=1591  t_range=[16360580,239698171])
rank=1005 loaded routing data/1536/stackoverflow_a2q.rt1005.txt (1052 entries)
rank=1005 added 1 boundary-only nodes from routing
rank=996/1536 dataset=stackoverflow_a2q walkers=5208 (5187168..5192375) steps=30 mode=0 sched=single-bucket delta_t=0 policy=0
rank=996 loaded data/1536/stackoverflow_a2q.sub996.txt (|V_local|=1588  t_range=[51262835,239653783])
rank=996 loaded routing data/1536/stackoverflow_a2q.rt996.txt (1077 entries)
rank=966/1536 dataset=stackoverflow_a2q walkers=5208 (5030928..5036135) steps=30 mode=0 sched=single-bucket delta_t=0 policy=0
rank=966 loaded data/1536/stackoverflow_a2q.sub966.txt (|V_local|=1587  t_range=[12103443,239571974])
rank=966 loaded routing data/1536/stackoverflow_a2q.rt966.txt (1098 entries)
rank=978/1536 dataset=stackoverflow_a2q walkers=5208 (5093424..5098631) steps=30 mode=0 sched=single-bucket delta_t=0 policy=0
rank=978 loaded data/1536/stackoverflow_a2q.sub978.txt (|V_local|=1588  t_range=[30669944,239667251])
rank=978 loaded routing data/1536/stackoverflow_a2q.rt978.txt (1048 entries)
rank=978 added 7 boundary-only nodes from routing
rank=985/1536 dataset=stackoverflow_a2q walkers=5208 (5129880..5135087) steps=30 mode=0 sched=single-bucket delta_t=0 policy=0
rank=985 loaded data/1536/stackoverflow_a2q.sub985.txt (|V_local|=1591  t_range=[49351928,239578534])
rank=985 loaded routing data/1536/stackoverflow_a2q.rt985.txt (1025 entries)
rank=993/1536 dataset=stackoverflow_a2q walkers=5208 (5171544..5176751) steps=30 mode=0 sched=single-bucket delta_t=0 policy=0
rank=993 loaded data/1536/stackoverflow_a2q.sub993.txt (|V_local|=1593  t_range=[47671812,239678189])
rank=993 loaded routing data/1536/stackoverflow_a2q.rt993.txt (1138 entries)
rank=993 added 1 boundary-only nodes from routing
rank=984/1536 dataset=stackoverflow_a2q walkers=5208 (5124672..5129879) steps=30 mode=0 sched=single-bucket delta_t=0 policy=0
rank=984 loaded data/1536/stackoverflow_a2q.sub984.txt (|V_local|=1591  t_range=[17129165,239586737])
rank=984 loaded routing data/1536/stackoverflow_a2q.rt984.txt (1064 entries)
rank=984 added 3 boundary-only nodes from routing
rank=61 loaded data/1536/stackoverflow_a2q.sub61.txt (|V_local|=1591  t_range=[1518383,239560692])
rank=61 loaded routing data/1536/stackoverflow_a2q.rt61.txt (979 entries)
rank=61 added 1 boundary-only nodes from routing
rank=58/1536 dataset=stackoverflow_a2q walkers=5208 (302064..307271) steps=30 mode=0 sched=single-bucket delta_t=0 policy=0
rank=58 loaded data/1536/stackoverflow_a2q.sub58.txt (|V_local|=1591  t_range=[4719729,239594041])
rank=58 loaded routing data/1536/stackoverflow_a2q.rt58.txt (1041 entries)
rank=58 added 1 boundary-only nodes from routing
rank=79/1536 dataset=stackoverflow_a2q walkers=5208 (411432..416639) steps=30 mode=0 sched=single-bucket delta_t=0 policy=0
rank=79 loaded data/1536/stackoverflow_a2q.sub79.txt (|V_local|=1611  t_range=[1452197,239576299])
rank=79 loaded routing data/1536/stackoverflow_a2q.rt79.txt (823 entries)
rank=79 added 5 boundary-only nodes from routing
rank=87/1536 dataset=stackoverflow_a2q walkers=5208 (453096..458303) steps=30 mode=0 sched=single-bucket delta_t=0 policy=0
rank=87 loaded data/1536/stackoverflow_a2q.sub87.txt (|V_local|=1591  t_range=[2948423,239616936])
rank=87 loaded routing data/1536/stackoverflow_a2q.rt87.txt (1009 entries)
rank=87 added 3 boundary-only nodes from routing
rank=66/1536 dataset=stackoverflow_a2q walkers=5208 (343728..348935) steps=30 mode=0 sched=single-bucket delta_t=0 policy=0
rank=66 loaded data/1536/stackoverflow_a2q.sub66.txt (|V_local|=1591  t_range=[3964843,239610720])
rank=66 loaded routing data/1536/stackoverflow_a2q.rt66.txt (1061 entries)
rank=66 added 5 boundary-only nodes from routing
rank=65/1536 dataset=stackoverflow_a2q walkers=5208 (338520..343727) steps=30 mode=0 sched=single-bucket delta_t=0 policy=0
rank=65 loaded data/1536/stackoverflow_a2q.sub65.txt (|V_local|=1593  t_range=[4022125,239666001])
rank=65 loaded routing data/1536/stackoverflow_a2q.rt65.txt (1102 entries)
rank=65 added 7 boundary-only nodes from routing
rank=71/1536 dataset=stackoverflow_a2q walkers=5208 (369768..374975) steps=30 mode=0 sched=single-bucket delta_t=0 policy=0
rank=71 loaded data/1536/stackoverflow_a2q.sub71.txt (|V_local|=1594  t_range=[2307424,239552708])
rank=71 loaded routing data/1536/stackoverflow_a2q.rt71.txt (979 entries)
rank=82/1536 dataset=stackoverflow_a2q walkers=5208 (427056..432263) steps=30 mode=0 sched=single-bucket delta_t=0 policy=0
rank=82 loaded data/1536/stackoverflow_a2q.sub82.txt (|V_local|=1588  t_range=[995641,239549321])
rank=82 loaded routing data/1536/stackoverflow_a2q.rt82.txt (1043 entries)
rank=82 added 3 boundary-only nodes from routing
rank=70/1536 dataset=stackoverflow_a2q walkers=5208 (364560..369767) steps=30 mode=0 sched=single-bucket delta_t=0 policy=0
rank=70 loaded data/1536/stackoverflow_a2q.sub70.txt (|V_local|=1582  t_range=[4067841,239668465])
rank=70 loaded routing data/1536/stackoverflow_a2q.rt70.txt (1026 entries)
rank=70 added 5 boundary-only nodes from routing
rank=84/1536 dataset=stackoverflow_a2q walkers=5208 (437472..442679) steps=30 mode=0 sched=single-bucket delta_t=0 policy=0
rank=84 loaded data/1536/stackoverflow_a2q.sub84.txt (|V_local|=1590  t_range=[4042540,239658490])
rank=84 loaded routing data/1536/stackoverflow_a2q.rt84.txt (1024 entries)
rank=84 added 6 boundary-only nodes from routing
rank=52/1536 dataset=stackoverflow_a2q walkers=5208 (270816..276023) steps=30 mode=0 sched=single-bucket delta_t=0 policy=0
rank=52 loaded data/1536/stackoverflow_a2q.sub52.txt (|V_local|=1583  t_range=[1920614,239529370])
rank=52 loaded routing data/1536/stackoverflow_a2q.rt52.txt (1047 entries)
rank=52 added 5 boundary-only nodes from routing
rank=90/1536 dataset=stackoverflow_a2q walkers=5208 (468720..473927) steps=30 mode=0 sched=single-bucket delta_t=0 policy=0
rank=90 loaded data/1536/stackoverflow_a2q.sub90.txt (|V_local|=1585  t_range=[4033742,239603910])
rank=90 loaded routing data/1536/stackoverflow_a2q.rt90.txt (1076 entries)
rank=90 added 7 boundary-only nodes from routing
rank=88/1536 dataset=stackoverflow_a2q walkers=5208 (458304..463511) steps=30 mode=0 sched=single-bucket delta_t=0 policy=0
rank=88 loaded data/1536/stackoverflow_a2q.sub88.txt (|V_local|=1591  t_range=[3026766,239667619])
rank=88 loaded routing data/1536/stackoverflow_a2q.rt88.txt (1015 entries)
rank=88 added 2 boundary-only nodes from routing
rank=92/1536 dataset=stackoverflow_a2q walkers=5208 (479136..484343) steps=30 mode=0 sched=single-bucket delta_t=0 policy=0
rank=92 loaded data/1536/stackoverflow_a2q.sub92.txt (|V_local|=1652  t_range=[2994762,239450599])
rank=92 loaded routing data/1536/stackoverflow_a2q.rt92.txt (610 entries)
rank=78/1536 dataset=stackoverflow_a2q walkers=5208 (406224..411431) steps=30 mode=0 sched=single-bucket delta_t=0 policy=0
rank=78 loaded data/1536/stackoverflow_a2q.sub78.txt (|V_local|=1589  t_range=[426916,239694756])
rank=78 loaded routing data/1536/stackoverflow_a2q.rt78.txt (1054 entries)
rank=78 added 2 boundary-only nodes from routing
rank=59/1536 dataset=stackoverflow_a2q walkers=5208 (307272..312479) steps=30 mode=0 sched=single-bucket delta_t=0 policy=0
rank=59 loaded data/1536/stackoverflow_a2q.sub59.txt (|V_local|=1591  t_range=[1518802,239681614])
rank=59 loaded routing data/1536/stackoverflow_a2q.rt59.txt (1056 entries)
rank=59 added 4 boundary-only nodes from routing
rank=85/1536 dataset=stackoverflow_a2q walkers=5208 (442680..447887) steps=30 mode=0 sched=single-bucket delta_t=0 policy=0
rank=85 loaded data/1536/stackoverflow_a2q.sub85.txt (|V_local|=1586  t_range=[4217319,239461639])
rank=85 loaded routing data/1536/stackoverflow_a2q.rt85.txt (967 entries)
rank=85 added 4 boundary-only nodes from routing
rank=93/1536 dataset=stackoverflow_a2q walkers=5208 (484344..489551) steps=30 mode=0 sched=single-bucket delta_t=0 policy=0
rank=93 loaded data/1536/stackoverflow_a2q.sub93.txt (|V_local|=1587  t_range=[1638668,239665102])
rank=93 loaded routing data/1536/stackoverflow_a2q.rt93.txt (1084 entries)
rank=93 added 8 boundary-only nodes from routing
rank=95/1536 dataset=stackoverflow_a2q walkers=5208 (494760..499967) steps=30 mode=0 sched=single-bucket delta_t=0 policy=0
rank=95 loaded data/1536/stackoverflow_a2q.sub95.txt (|V_local|=1593  t_range=[1169016,239547715])
rank=95 loaded routing data/1536/stackoverflow_a2q.rt95.txt (1000 entries)
rank=95 added 1 boundary-only nodes from routing
rank=67/1536 dataset=stackoverflow_a2q walkers=5208 (348936..354143) steps=30 mode=0 sched=single-bucket delta_t=0 policy=0
rank=67 loaded data/1536/stackoverflow_a2q.sub67.txt (|V_local|=1593  t_range=[4247252,239646146])
rank=67 loaded routing data/1536/stackoverflow_a2q.rt67.txt (967 entries)
rank=67 added 1 boundary-only nodes from routing
rank=83/1536 dataset=stackoverflow_a2q walkers=5208 (432264..437471) steps=30 mode=0 sched=single-bucket delta_t=0 policy=0
rank=83 loaded data/1536/stackoverflow_a2q.sub83.txt (|V_local|=1588  t_range=[4229419,239610852])
rank=83 loaded routing data/1536/stackoverflow_a2q.rt83.txt (1058 entries)
rank=83 added 8 boundary-only nodes from routing
rank=63/1536 dataset=stackoverflow_a2q walkers=5208 (328104..333311) steps=30 mode=0 sched=single-bucket delta_t=0 policy=0
rank=63 loaded data/1536/stackoverflow_a2q.sub63.txt (|V_local|=1595  t_range=[1625652,239647303])
rank=63 loaded routing data/1536/stackoverflow_a2q.rt63.txt (1012 entries)
rank=63 added 2 boundary-only nodes from routing
rank=86/1536 dataset=stackoverflow_a2q walkers=5208 (447888..453095) steps=30 mode=0 sched=single-bucket delta_t=0 policy=0
rank=86 loaded data/1536/stackoverflow_a2q.sub86.txt (|V_local|=1650  t_range=[3969150,239652887])
rank=86 loaded routing data/1536/stackoverflow_a2q.rt86.txt (595 entries)
rank=86 added 1 boundary-only nodes from routing
rank=91/1536 dataset=stackoverflow_a2q walkers=5208 (473928..479135) steps=30 mode=0 sched=single-bucket delta_t=0 policy=0
rank=91 loaded data/1536/stackoverflow_a2q.sub91.txt (|V_local|=1582  t_range=[3682785,239590865])
rank=91 loaded routing data/1536/stackoverflow_a2q.rt91.txt (1082 entries)
rank=91 added 6 boundary-only nodes from routing
rank=411 loaded routing data/1536/stackoverflow_a2q.rt411.txt (1031 entries)
rank=411 added 3 boundary-only nodes from routing
rank=402/1536 dataset=stackoverflow_a2q walkers=5208 (2093616..2098823) steps=30 mode=0 sched=single-bucket delta_t=0 policy=0
rank=402 loaded data/1536/stackoverflow_a2q.sub402.txt (|V_local|=1595  t_range=[5854142,239683736])
rank=402 loaded routing data/1536/stackoverflow_a2q.rt402.txt (1025 entries)
rank=402 added 4 boundary-only nodes from routing
rank=413/1536 dataset=stackoverflow_a2q walkers=5208 (2150904..2156111) steps=30 mode=0 sched=single-bucket delta_t=0 policy=0
rank=413 loaded data/1536/stackoverflow_a2q.sub413.txt (|V_local|=1642  t_range=[2835005,239338880])
rank=413 loaded routing data/1536/stackoverflow_a2q.rt413.txt (674 entries)
rank=413 added 8 boundary-only nodes from routing
rank=407/1536 dataset=stackoverflow_a2q walkers=5208 (2119656..2124863) steps=30 mode=0 sched=single-bucket delta_t=0 policy=0
rank=407 loaded data/1536/stackoverflow_a2q.sub407.txt (|V_local|=1586  t_range=[6035539,239552471])
rank=407 loaded routing data/1536/stackoverflow_a2q.rt407.txt (1010 entries)
rank=407 added 4 boundary-only nodes from routing
rank=391/1536 dataset=stackoverflow_a2q walkers=5208 (2036328..2041535) steps=30 mode=0 sched=single-bucket delta_t=0 policy=0
rank=391 loaded data/1536/stackoverflow_a2q.sub391.txt (|V_local|=1649  t_range=[30021476,239643173])
rank=391 loaded routing data/1536/stackoverflow_a2q.rt391.txt (644 entries)
rank=391 added 2 boundary-only nodes from routing
rank=405/1536 dataset=stackoverflow_a2q walkers=5208 (2109240..2114447) steps=30 mode=0 sched=single-bucket delta_t=0 policy=0
rank=405 loaded data/1536/stackoverflow_a2q.sub405.txt (|V_local|=1591  t_range=[4855558,239631822])
rank=405 loaded routing data/1536/stackoverflow_a2q.rt405.txt (1085 entries)
rank=405 added 2 boundary-only nodes from routing
rank=401/1536 dataset=stackoverflow_a2q walkers=5208 (2088408..2093615) steps=30 mode=0 sched=single-bucket delta_t=0 policy=0
rank=401 loaded data/1536/stackoverflow_a2q.sub401.txt (|V_local|=1602  t_range=[33674193,239288829])
rank=401 loaded routing data/1536/stackoverflow_a2q.rt401.txt (901 entries)
rank=401 added 2 boundary-only nodes from routing
rank=418/1536 dataset=stackoverflow_a2q walkers=5208 (2176944..2182151) steps=30 mode=0 sched=single-bucket delta_t=0 policy=0
rank=418 loaded data/1536/stackoverflow_a2q.sub418.txt (|V_local|=1591  t_range=[2109029,239557477])
rank=418 loaded routing data/1536/stackoverflow_a2q.rt418.txt (1008 entries)
rank=418 added 4 boundary-only nodes from routing
rank=421/1536 dataset=stackoverflow_a2q walkers=5208 (2192568..2197775) steps=30 mode=0 sched=single-bucket delta_t=0 policy=0
rank=421 loaded data/1536/stackoverflow_a2q.sub421.txt (|V_local|=1590  t_range=[3964818,239599087])
rank=421 loaded routing data/1536/stackoverflow_a2q.rt421.txt (1041 entries)
rank=421 added 6 boundary-only nodes from routing
rank=454/1536 dataset=stackoverflow_a2q walkers=5208 (2364432..2369639) steps=30 mode=0 sched=single-bucket delta_t=0 policy=0
rank=454 loaded data/1536/stackoverflow_a2q.sub454.txt (|V_local|=1624  t_range=[247683,239668666])
rank=454 loaded routing data/1536/stackoverflow_a2q.rt454.txt (951 entries)
rank=454 added 2 boundary-only nodes from routing
rank=446/1536 dataset=stackoverflow_a2q walkers=5208 (2322768..2327975) steps=30 mode=0 sched=single-bucket delta_t=0 policy=0
rank=446 loaded data/1536/stackoverflow_a2q.sub446.txt (|V_local|=1603  t_range=[12122008,239651346])
rank=446 loaded routing data/1536/stackoverflow_a2q.rt446.txt (1149 entries)
rank=446 added 4 boundary-only nodes from routing
rank=455/1536 dataset=stackoverflow_a2q walkers=5208 (2369640..2374847) steps=30 mode=0 sched=single-bucket delta_t=0 policy=0
rank=455 loaded data/1536/stackoverflow_a2q.sub455.txt (|V_local|=1596  t_range=[27983529,239694581])
rank=455 loaded routing data/1536/stackoverflow_a2q.rt455.txt (1135 entries)
rank=455 added 2 boundary-only nodes from routing
rank=466/1536 dataset=stackoverflow_a2q walkers=5208 (2426928..2432135) steps=30 mode=0 sched=single-bucket delta_t=0 policy=0
rank=466 loaded data/1536/stackoverflow_a2q.sub466.txt (|V_local|=1651  t_range=[7311209,239574328])
rank=466 loaded routing data/1536/stackoverflow_a2q.rt466.txt (637 entries)
rank=466 added 1 boundary-only nodes from routing
rank=470/1536 dataset=stackoverflow_a2q walkers=5208 (2447760..2452967) steps=30 mode=0 sched=single-bucket delta_t=0 policy=0
rank=470 loaded data/1536/stackoverflow_a2q.sub470.txt (|V_local|=1585  t_range=[1590904,239566453])
rank=470 loaded routing data/1536/stackoverflow_a2q.rt470.txt (1014 entries)
rank=470 added 10 boundary-only nodes from routing
rank=445/1536 dataset=stackoverflow_a2q walkers=5208 (2317560..2322767) steps=30 mode=0 sched=single-bucket delta_t=0 policy=0
rank=445 loaded data/1536/stackoverflow_a2q.sub445.txt (|V_local|=1651  t_range=[4157698,239695444])
rank=445 loaded routing data/1536/stackoverflow_a2q.rt445.txt (1014 entries)
rank=445 added 1 boundary-only nodes from routing
rank=458/1536 dataset=stackoverflow_a2q walkers=5208 (2385264..2390471) steps=30 mode=0 sched=single-bucket delta_t=0 policy=0
rank=458 loaded data/1536/stackoverflow_a2q.sub458.txt (|V_local|=1589  t_range=[1728435,239675433])
rank=458 loaded routing data/1536/stackoverflow_a2q.rt458.txt (1079 entries)
rank=458 added 5 boundary-only nodes from routing
rank=450/1536 dataset=stackoverflow_a2q walkers=5208 (2343600..2348807) steps=30 mode=0 sched=single-bucket delta_t=0 policy=0
rank=450 loaded data/1536/stackoverflow_a2q.sub450.txt (|V_local|=1593  t_range=[10182243,239660080])
rank=450 loaded routing data/1536/stackoverflow_a2q.rt450.txt (1007 entries)
rank=450 added 2 boundary-only nodes from routing
rank=474/1536 dataset=stackoverflow_a2q walkers=5208 (2468592..2473799) steps=30 mode=0 sched=single-bucket delta_t=0 policy=0
rank=474 loaded data/1536/stackoverflow_a2q.sub474.txt (|V_local|=1582  t_range=[1884335,239582713])
rank=474 loaded routing data/1536/stackoverflow_a2q.rt474.txt (1075 entries)
rank=474 added 5 boundary-only nodes from routing
rank=467/1536 dataset=stackoverflow_a2q walkers=5208 (2432136..2437343) steps=30 mode=0 sched=single-bucket delta_t=0 policy=0
rank=467 loaded data/1536/stackoverflow_a2q.sub467.txt (|V_local|=1630  t_range=[1476916,239579585])
rank=467 loaded routing data/1536/stackoverflow_a2q.rt467.txt (767 entries)
rank=467 added 22 boundary-only nodes from routing
rank=464/1536 dataset=stackoverflow_a2q walkers=5208 (2416512..2421719) steps=30 mode=0 sched=single-bucket delta_t=0 policy=0
rank=464 loaded data/1536/stackoverflow_a2q.sub464.txt (|V_local|=1650  t_range=[1543041,239472718])
rank=464 loaded routing data/1536/stackoverflow_a2q.rt464.txt (620 entries)
rank=464 added 2 boundary-only nodes from routing
rank=456/1536 dataset=stackoverflow_a2q walkers=5208 (2374848..2380055) steps=30 mode=0 sched=single-bucket delta_t=0 policy=0
rank=456 loaded data/1536/stackoverflow_a2q.sub456.txt (|V_local|=1595  t_range=[2082310,239550411])
rank=456 loaded routing data/1536/stackoverflow_a2q.rt456.txt (1035 entries)
rank=472/1536 dataset=stackoverflow_a2q walkers=5208 (2458176..2463383) steps=30 mode=0 sched=single-bucket delta_t=0 policy=0
rank=472 loaded data/1536/stackoverflow_a2q.sub472.txt (|V_local|=1584  t_range=[235765,239640384])
rank=472 loaded routing data/1536/stackoverflow_a2q.rt472.txt (994 entries)
rank=472 added 9 boundary-only nodes from routing
rank=451/1536 dataset=stackoverflow_a2q walkers=5208 (2348808..2354015) steps=30 mode=0 sched=single-bucket delta_t=0 policy=0
rank=451 loaded data/1536/stackoverflow_a2q.sub451.txt (|V_local|=1651  t_range=[11304451,239660872])
rank=451 loaded routing data/1536/stackoverflow_a2q.rt451.txt (859 entries)
rank=451 added 1 boundary-only nodes from routing
rank=452/1536 dataset=stackoverflow_a2q walkers=5208 (2354016..2359223) steps=30 mode=0 sched=single-bucket delta_t=0 policy=0
rank=452 loaded data/1536/stackoverflow_a2q.sub452.txt (|V_local|=1592  t_range=[23780694,239587365])
rank=452 loaded routing data/1536/stackoverflow_a2q.rt452.txt (989 entries)
rank=452 added 1 boundary-only nodes from routing
rank=460/1536 dataset=stackoverflow_a2q walkers=5208 (2395680..2400887) steps=30 mode=0 sched=single-bucket delta_t=0 policy=0
rank=460 loaded data/1536/stackoverflow_a2q.sub460.txt (|V_local|=1586  t_range=[246132,239564095])
rank=460 loaded routing data/1536/stackoverflow_a2q.rt460.txt (1005 entries)
rank=460 added 3 boundary-only nodes from routing
rank=468/1536 dataset=stackoverflow_a2q walkers=5208 (2437344..2442551) steps=30 mode=0 sched=single-bucket delta_t=0 policy=0
rank=468 loaded data/1536/stackoverflow_a2q.sub468.txt (|V_local|=1638  t_range=[288261,239675126])
rank=468 loaded routing data/1536/stackoverflow_a2q.rt468.txt (1004 entries)
rank=468 added 1 boundary-only nodes from routing
rank=476/1536 dataset=stackoverflow_a2q walkers=5208 (2479008..2484215) steps=30 mode=0 sched=single-bucket delta_t=0 policy=0
rank=476 loaded data/1536/stackoverflow_a2q.sub476.txt (|V_local|=1650  t_range=[2327455,239507311])
rank=476 loaded routing data/1536/stackoverflow_a2q.rt476.txt (839 entries)
rank=476 added 2 boundary-only nodes from routing
rank=479/1536 dataset=stackoverflow_a2q walkers=5208 (2494632..2499839) steps=30 mode=0 sched=single-bucket delta_t=0 policy=0
rank=479 loaded data/1536/stackoverflow_a2q.sub479.txt (|V_local|=1579  t_range=[4218557,239643208])
rank=479 loaded routing data/1536/stackoverflow_a2q.rt479.txt (1066 entries)
rank=479 added 12 boundary-only nodes from routing
rank=432/1536 dataset=stackoverflow_a2q walkers=5208 (2249856..2255063) steps=30 mode=0 sched=single-bucket delta_t=0 policy=0
rank=432 loaded data/1536/stackoverflow_a2q.sub432.txt (|V_local|=1576  t_range=[1859368,239673838])
rank=432 loaded routing data/1536/stackoverflow_a2q.rt432.txt (1160 entries)
rank=432 added 15 boundary-only nodes from routing
rank=449/1536 dataset=stackoverflow_a2q walkers=5208 (2338392..2343599) steps=30 mode=0 sched=single-bucket delta_t=0 policy=0
rank=449 loaded data/1536/stackoverflow_a2q.sub449.txt (|V_local|=1647  t_range=[12803476,239616625])
rank=449 loaded routing data/1536/stackoverflow_a2q.rt449.txt (948 entries)
rank=449 added 5 boundary-only nodes from routing
rank=469/1536 dataset=stackoverflow_a2q walkers=5208 (2442552..2447759) steps=30 mode=0 sched=single-bucket delta_t=0 policy=0
rank=469 loaded data/1536/stackoverflow_a2q.sub469.txt (|V_local|=1646  t_range=[5513323,239689391])
rank=469 loaded routing data/1536/stackoverflow_a2q.rt469.txt (846 entries)
rank=469 added 5 boundary-only nodes from routing
rank=473/1536 dataset=stackoverflow_a2q walkers=5208 (2463384..2468591) steps=30 mode=0 sched=single-bucket delta_t=0 policy=0
rank=473 loaded data/1536/stackoverflow_a2q.sub473.txt (|V_local|=1650  t_range=[3882345,239619592])
rank=473 loaded routing data/1536/stackoverflow_a2q.rt473.txt (680 entries)
rank=473 added 2 boundary-only nodes from routing
rank=1125/1536 dataset=stackoverflow_a2q walkers=5208 (5859000..5864207) steps=30 mode=0 sched=single-bucket delta_t=0 policy=0
rank=1125 loaded data/1536/stackoverflow_a2q.sub1125.txt (|V_local|=1590  t_range=[10031870,239538744])
rank=1125 loaded routing data/1536/stackoverflow_a2q.rt1125.txt (1020 entries)
rank=1125 added 3 boundary-only nodes from routing
rank=1119/1536 dataset=stackoverflow_a2q walkers=5208 (5827752..5832959) steps=30 mode=0 sched=single-bucket delta_t=0 policy=0
rank=1119 loaded data/1536/stackoverflow_a2q.sub1119.txt (|V_local|=1606  t_range=[2496671,239536286])
rank=1119 loaded routing data/1536/stackoverflow_a2q.rt1119.txt (1019 entries)
rank=1147/1536 dataset=stackoverflow_a2q walkers=5208 (5973576..5978783) steps=30 mode=0 sched=single-bucket delta_t=0 policy=0
rank=1147 loaded data/1536/stackoverflow_a2q.sub1147.txt (|V_local|=1595  t_range=[28120437,239593208])
rank=1147 loaded routing data/1536/stackoverflow_a2q.rt1147.txt (977 entries)
rank=1147 added 1 boundary-only nodes from routing
rank=1117/1536 dataset=stackoverflow_a2q walkers=5208 (5817336..5822543) steps=30 mode=0 sched=single-bucket delta_t=0 policy=0
rank=1117 loaded data/1536/stackoverflow_a2q.sub1117.txt (|V_local|=1593  t_range=[10927894,239668586])
rank=1117 loaded routing data/1536/stackoverflow_a2q.rt1117.txt (1010 entries)
rank=1347/1536 dataset=stackoverflow_a2q walkers=5208 (7015176..7020383) steps=30 mode=0 sched=single-bucket delta_t=0 policy=0
rank=1347 loaded data/1536/stackoverflow_a2q.sub1347.txt (|V_local|=1578  t_range=[16057013,239663580])
rank=1347 loaded routing data/1536/stackoverflow_a2q.rt1347.txt (1081 entries)
rank=1347 added 7 boundary-only nodes from routing
rank=1357/1536 dataset=stackoverflow_a2q walkers=5208 (7067256..7072463) steps=30 mode=0 sched=single-bucket delta_t=0 policy=0
rank=1357 loaded data/1536/stackoverflow_a2q.sub1357.txt (|V_local|=1652  t_range=[13581892,239685903])
rank=1357 loaded routing data/1536/stackoverflow_a2q.rt1357.txt (777 entries)
rank=1367/1536 dataset=stackoverflow_a2q walkers=5208 (7119336..7124543) steps=30 mode=0 sched=single-bucket delta_t=0 policy=0
rank=1367 loaded data/1536/stackoverflow_a2q.sub1367.txt (|V_local|=1652  t_range=[30532042,239453920])
rank=1367 loaded routing data/1536/stackoverflow_a2q.rt1367.txt (878 entries)
rank=1385/1536 dataset=stackoverflow_a2q walkers=5208 (7213080..7218287) steps=30 mode=0 sched=single-bucket delta_t=0 policy=0
rank=1385 loaded data/1536/stackoverflow_a2q.sub1385.txt (|V_local|=1597  t_range=[12014373,239560971])
rank=1385 loaded routing data/1536/stackoverflow_a2q.rt1385.txt (1062 entries)
rank=1385 added 1 boundary-only nodes from routing
rank=1365/1536 dataset=stackoverflow_a2q walkers=5208 (7108920..7114127) steps=30 mode=0 sched=single-bucket delta_t=0 policy=0
rank=1365 loaded data/1536/stackoverflow_a2q.sub1365.txt (|V_local|=1590  t_range=[4538703,239566638])
rank=1365 loaded routing data/1536/stackoverflow_a2q.rt1365.txt (1116 entries)
rank=1365 added 3 boundary-only nodes from routing
rank=1355/1536 dataset=stackoverflow_a2q walkers=5208 (7056840..7062047) steps=30 mode=0 sched=single-bucket delta_t=0 policy=0
rank=1355 loaded data/1536/stackoverflow_a2q.sub1355.txt (|V_local|=1599  t_range=[19696062,239504630])
rank=1355 loaded routing data/1536/stackoverflow_a2q.rt1355.txt (1056 entries)
rank=1363/1536 dataset=stackoverflow_a2q walkers=5208 (7098504..7103711) steps=30 mode=0 sched=single-bucket delta_t=0 policy=0
rank=1363 loaded data/1536/stackoverflow_a2q.sub1363.txt (|V_local|=1595  t_range=[3653337,239224516])
rank=1363 loaded routing data/1536/stackoverflow_a2q.rt1363.txt (1015 entries)
rank=1363 added 3 boundary-only nodes from routing
rank=1377/1536 dataset=stackoverflow_a2q walkers=5208 (7171416..7176623) steps=30 mode=0 sched=single-bucket delta_t=0 policy=0
rank=1377 loaded data/1536/stackoverflow_a2q.sub1377.txt (|V_local|=1590  t_range=[34012021,239663194])
rank=1377 loaded routing data/1536/stackoverflow_a2q.rt1377.txt (1139 entries)
rank=1377 added 3 boundary-only nodes from routing
rank=1386/1536 dataset=stackoverflow_a2q walkers=5208 (7218288..7223495) steps=30 mode=0 sched=single-bucket delta_t=0 policy=0
rank=1386 loaded data/1536/stackoverflow_a2q.sub1386.txt (|V_local|=1583  t_range=[17500443,239409521])
rank=1386 loaded routing data/1536/stackoverflow_a2q.rt1386.txt (1013 entries)
rank=1386 added 3 boundary-only nodes from routing
rank=1364/1536 dataset=stackoverflow_a2q walkers=5208 (7103712..7108919) steps=30 mode=0 sched=single-bucket delta_t=0 policy=0
rank=1364 loaded data/1536/stackoverflow_a2q.sub1364.txt (|V_local|=1632  t_range=[4835534,239362393])
rank=1364 loaded routing data/1536/stackoverflow_a2q.rt1364.txt (933 entries)
rank=1364 added 1 boundary-only nodes from routing
rank=1344/1536 dataset=stackoverflow_a2q walkers=5208 (6999552..7004759) steps=30 mode=0 sched=single-bucket delta_t=0 policy=0
rank=1344 loaded data/1536/stackoverflow_a2q.sub1344.txt (|V_local|=1593  t_range=[9055464,239570379])
rank=1344 loaded routing data/1536/stackoverflow_a2q.rt1344.txt (1046 entries)
rank=1344 added 2 boundary-only nodes from routing
rank=1382/1536 dataset=stackoverflow_a2q walkers=5208 (7197456..7202663) steps=30 mode=0 sched=single-bucket delta_t=0 policy=0
rank=1382 loaded data/1536/stackoverflow_a2q.sub1382.txt (|V_local|=1584  t_range=[13319185,239561311])
rank=1382 loaded routing data/1536/stackoverflow_a2q.rt1382.txt (1119 entries)
rank=1382 added 5 boundary-only nodes from routing
rank=1384/1536 dataset=stackoverflow_a2q walkers=5208 (7207872..7213079) steps=30 mode=0 sched=single-bucket delta_t=0 policy=0
rank=1384 loaded data/1536/stackoverflow_a2q.sub1384.txt (|V_local|=1611  t_range=[9002763,239688226])
rank=1384 loaded routing data/1536/stackoverflow_a2q.rt1384.txt (949 entries)
rank=1388/1536 dataset=stackoverflow_a2q walkers=5208 (7228704..7233911) steps=30 mode=0 sched=single-bucket delta_t=0 policy=0
rank=1388 loaded data/1536/stackoverflow_a2q.sub1388.txt (|V_local|=1598  t_range=[47095946,239625536])
rank=1388 loaded routing data/1536/stackoverflow_a2q.rt1388.txt (1110 entries)
rank=1388 added 1 boundary-only nodes from routing
rank=1359/1536 dataset=stackoverflow_a2q walkers=5208 (7077672..7082879) steps=30 mode=0 sched=single-bucket delta_t=0 policy=0
rank=1359 loaded data/1536/stackoverflow_a2q.sub1359.txt (|V_local|=1648  t_range=[4542810,239539270])
rank=1359 loaded routing data/1536/stackoverflow_a2q.rt1359.txt (932 entries)
rank=1359 added 1 boundary-only nodes from routing
rank=1391/1536 dataset=stackoverflow_a2q walkers=5208 (7244328..7249535) steps=30 mode=0 sched=single-bucket delta_t=0 policy=0
rank=1391 loaded data/1536/stackoverflow_a2q.sub1391.txt (|V_local|=1648  t_range=[3720353,239558999])
rank=1391 loaded routing data/1536/stackoverflow_a2q.rt1391.txt (913 entries)
rank=1391 added 1 boundary-only nodes from routing
rank=1387/1536 dataset=stackoverflow_a2q walkers=5208 (7223496..7228703) steps=30 mode=0 sched=single-bucket delta_t=0 policy=0
rank=1387 loaded data/1536/stackoverflow_a2q.sub1387.txt (|V_local|=1589  t_range=[11301622,239601686])
rank=1387 loaded routing data/1536/stackoverflow_a2q.rt1387.txt (1016 entries)
rank=1387 added 4 boundary-only nodes from routing
rank=1375/1536 dataset=stackoverflow_a2q walkers=5208 (7161000..7166207) steps=30 mode=0 sched=single-bucket delta_t=0 policy=0
rank=1375 loaded data/1536/stackoverflow_a2q.sub1375.txt (|V_local|=1650  t_range=[49320143,239675454])
rank=1375 loaded routing data/1536/stackoverflow_a2q.rt1375.txt (1080 entries)
rank=1366/1536 dataset=stackoverflow_a2q walkers=5208 (7114128..7119335) steps=30 mode=0 sched=single-bucket delta_t=0 policy=0
rank=1366 loaded data/1536/stackoverflow_a2q.sub1366.txt (|V_local|=1591  t_range=[10861620,239638462])
rank=1366 loaded routing data/1536/stackoverflow_a2q.rt1366.txt (1080 entries)
rank=1366 added 6 boundary-only nodes from routing
rank=1370/1536 dataset=stackoverflow_a2q walkers=5208 (7134960..7140167) steps=30 mode=0 sched=single-bucket delta_t=0 policy=0
rank=1370 loaded data/1536/stackoverflow_a2q.sub1370.txt (|V_local|=1631  t_range=[33052292,239644108])
rank=1370 loaded routing data/1536/stackoverflow_a2q.rt1370.txt (1088 entries)
rank=1369/1536 dataset=stackoverflow_a2q walkers=5208 (7129752..7134959) steps=30 mode=0 sched=single-bucket delta_t=0 policy=0
rank=1369 loaded data/1536/stackoverflow_a2q.sub1369.txt (|V_local|=1641  t_range=[28586300,239585260])
rank=1369 loaded routing data/1536/stackoverflow_a2q.rt1369.txt (1128 entries)
rank=1369 added 2 boundary-only nodes from routing
rank=1389/1536 dataset=stackoverflow_a2q walkers=5208 (7233912..7239119) steps=30 mode=0 sched=single-bucket delta_t=0 policy=0
rank=1389 loaded data/1536/stackoverflow_a2q.sub1389.txt (|V_local|=1588  t_range=[20059107,239571054])
rank=1389 loaded routing data/1536/stackoverflow_a2q.rt1389.txt (1022 entries)
rank=1389 added 3 boundary-only nodes from routing
rank=1372/1536 dataset=stackoverflow_a2q walkers=5208 (7145376..7150583) steps=30 mode=0 sched=single-bucket delta_t=0 policy=0
rank=1372 loaded data/1536/stackoverflow_a2q.sub1372.txt (|V_local|=1590  t_range=[25229895,239588240])
rank=1372 loaded routing data/1536/stackoverflow_a2q.rt1372.txt (1131 entries)
rank=1376/1536 dataset=stackoverflow_a2q walkers=5208 (7166208..7171415) steps=30 mode=0 sched=single-bucket delta_t=0 policy=0
rank=1376 loaded data/1536/stackoverflow_a2q.sub1376.txt (|V_local|=1651  t_range=[49025675,239615964])
rank=350/1536 dataset=stackoverflow_a2q walkers=5208 (1822800..1828007) steps=30 mode=0 sched=single-bucket delta_t=0 policy=0
rank=350 loaded data/1536/stackoverflow_a2q.sub350.txt (|V_local|=1593  t_range=[30548976,239668069])
rank=350 loaded routing data/1536/stackoverflow_a2q.rt350.txt (978 entries)
rank=338/1536 dataset=stackoverflow_a2q walkers=5208 (1760304..1765511) steps=30 mode=0 sched=single-bucket delta_t=0 policy=0
rank=338 loaded data/1536/stackoverflow_a2q.sub338.txt (|V_local|=1592  t_range=[23635777,239579829])
rank=338 loaded routing data/1536/stackoverflow_a2q.rt338.txt (1026 entries)
rank=365/1536 dataset=stackoverflow_a2q walkers=5208 (1900920..1906127) steps=30 mode=0 sched=single-bucket delta_t=0 policy=0
rank=365 loaded data/1536/stackoverflow_a2q.sub365.txt (|V_local|=1591  t_range=[11819545,239684947])
rank=365 loaded routing data/1536/stackoverflow_a2q.rt365.txt (1031 entries)
rank=365 added 3 boundary-only nodes from routing
rank=361/1536 dataset=stackoverflow_a2q walkers=5208 (1880088..1885295) steps=30 mode=0 sched=single-bucket delta_t=0 policy=0
rank=361 loaded data/1536/stackoverflow_a2q.sub361.txt (|V_local|=1591  t_range=[5909437,239661852])
rank=361 loaded routing data/1536/stackoverflow_a2q.rt361.txt (860 entries)
rank=361 added 2 boundary-only nodes from routing
rank=358/1536 dataset=stackoverflow_a2q walkers=5208 (1864464..1869671) steps=30 mode=0 sched=single-bucket delta_t=0 policy=0
rank=358 loaded data/1536/stackoverflow_a2q.sub358.txt (|V_local|=1592  t_range=[17196693,239683791])
rank=358 loaded routing data/1536/stackoverflow_a2q.rt358.txt (1085 entries)
rank=358 added 1 boundary-only nodes from routing
rank=369/1536 dataset=stackoverflow_a2q walkers=5208 (1921752..1926959) steps=30 mode=0 sched=single-bucket delta_t=0 policy=0
rank=369 loaded data/1536/stackoverflow_a2q.sub369.txt (|V_local|=1583  t_range=[32578998,239630376])
rank=369 loaded routing data/1536/stackoverflow_a2q.rt369.txt (1046 entries)
rank=369 added 1 boundary-only nodes from routing
rank=381/1536 dataset=stackoverflow_a2q walkers=5208 (1984248..1989455) steps=30 mode=0 sched=single-bucket delta_t=0 policy=0
rank=381 loaded data/1536/stackoverflow_a2q.sub381.txt (|V_local|=1577  t_range=[7183366,239662031])
rank=381 loaded routing data/1536/stackoverflow_a2q.rt381.txt (1048 entries)
rank=381 added 14 boundary-only nodes from routing
rank=354/1536 dataset=stackoverflow_a2q walkers=5208 (1843632..1848839) steps=30 mode=0 sched=single-bucket delta_t=0 policy=0
rank=354 loaded data/1536/stackoverflow_a2q.sub354.txt (|V_local|=1590  t_range=[13008783,239567829])
rank=354 loaded routing data/1536/stackoverflow_a2q.rt354.txt (1073 entries)
rank=354 added 3 boundary-only nodes from routing
rank=362/1536 dataset=stackoverflow_a2q walkers=5208 (1885296..1890503) steps=30 mode=0 sched=single-bucket delta_t=0 policy=0
rank=362 loaded data/1536/stackoverflow_a2q.sub362.txt (|V_local|=1591  t_range=[28997252,239662773])
rank=362 loaded routing data/1536/stackoverflow_a2q.rt362.txt (1005 entries)
rank=362 added 1 boundary-only nodes from routing
rank=367/1536 dataset=stackoverflow_a2q walkers=5208 (1911336..1916543) steps=30 mode=0 sched=single-bucket delta_t=0 policy=0
rank=367 loaded data/1536/stackoverflow_a2q.sub367.txt (|V_local|=1593  t_range=[2760449,239678968])
rank=367 loaded routing data/1536/stackoverflow_a2q.rt367.txt (839 entries)
rank=367 added 1 boundary-only nodes from routing
rank=371/1536 dataset=stackoverflow_a2q walkers=5208 (1932168..1937375) steps=30 mode=0 sched=single-bucket delta_t=0 policy=0
rank=371 loaded data/1536/stackoverflow_a2q.sub371.txt (|V_local|=1596  t_range=[4143178,239658214])
rank=371 loaded routing data/1536/stackoverflow_a2q.rt371.txt (1088 entries)
rank=371 added 2 boundary-only nodes from routing
rank=347/1536 dataset=stackoverflow_a2q walkers=5208 (1807176..1812383) steps=30 mode=0 sched=single-bucket delta_t=0 policy=0
rank=347 loaded data/1536/stackoverflow_a2q.sub347.txt (|V_local|=1609  t_range=[24684100,239691946])
rank=347 loaded routing data/1536/stackoverflow_a2q.rt347.txt (910 entries)
rank=339/1536 dataset=stackoverflow_a2q walkers=5208 (1765512..1770719) steps=30 mode=0 sched=single-bucket delta_t=0 policy=0
rank=339 loaded data/1536/stackoverflow_a2q.sub339.txt (|V_local|=1589  t_range=[4268913,239583027])
rank=339 loaded routing data/1536/stackoverflow_a2q.rt339.txt (976 entries)
rank=339 added 2 boundary-only nodes from routing
rank=383/1536 dataset=stackoverflow_a2q walkers=5208 (1994664..1999871) steps=30 mode=0 sched=single-bucket delta_t=0 policy=0
rank=383 loaded data/1536/stackoverflow_a2q.sub383.txt (|V_local|=1586  t_range=[16949323,239628150])
rank=383 loaded routing data/1536/stackoverflow_a2q.rt383.txt (1096 entries)
rank=383 added 5 boundary-only nodes from routing
rank=355/1536 dataset=stackoverflow_a2q walkers=5208 (1848840..1854047) steps=30 mode=0 sched=single-bucket delta_t=0 policy=0
rank=355 loaded data/1536/stackoverflow_a2q.sub355.txt (|V_local|=1597  t_range=[13323251,239671781])
rank=355 loaded routing data/1536/stackoverflow_a2q.rt355.txt (1008 entries)
rank=355 added 1 boundary-only nodes from routing
rank=366/1536 dataset=stackoverflow_a2q walkers=5208 (1906128..1911335) steps=30 mode=0 sched=single-bucket delta_t=0 policy=0
rank=366 loaded data/1536/stackoverflow_a2q.sub366.txt (|V_local|=1595  t_range=[6117573,239587095])
rank=366 loaded routing data/1536/stackoverflow_a2q.rt366.txt (989 entries)
rank=374/1536 dataset=stackoverflow_a2q walkers=5208 (1947792..1952999) steps=30 mode=0 sched=single-bucket delta_t=0 policy=0
rank=374 loaded data/1536/stackoverflow_a2q.sub374.txt (|V_local|=1652  t_range=[4221284,239667924])
rank=374 loaded routing data/1536/stackoverflow_a2q.rt374.txt (841 entries)
rank=372/1536 dataset=stackoverflow_a2q walkers=5208 (1937376..1942583) steps=30 mode=0 sched=single-bucket delta_t=0 policy=0
rank=372 loaded data/1536/stackoverflow_a2q.sub372.txt (|V_local|=1593  t_range=[7055127,239682235])
rank=372 loaded routing data/1536/stackoverflow_a2q.rt372.txt (1100 entries)
rank=372 added 2 boundary-only nodes from routing
rank=376/1536 dataset=stackoverflow_a2q walkers=5208 (1958208..1963415) steps=30 mode=0 sched=single-bucket delta_t=0 policy=0
rank=376 loaded data/1536/stackoverflow_a2q.sub376.txt (|V_local|=1604  t_range=[4043895,239483475])
rank=376 loaded routing data/1536/stackoverflow_a2q.rt376.txt (930 entries)
rank=376 added 1 boundary-only nodes from routing
rank=382/1536 dataset=stackoverflow_a2q walkers=5208 (1989456..1994663) steps=30 mode=0 sched=single-bucket delta_t=0 policy=0
rank=382 loaded data/1536/stackoverflow_a2q.sub382.txt (|V_local|=1587  t_range=[4884464,239641565])
rank=382 loaded routing data/1536/stackoverflow_a2q.rt382.txt (1086 entries)
rank=382 added 4 boundary-only nodes from routing
rank=373/1536 dataset=stackoverflow_a2q walkers=5208 (1942584..1947791) steps=30 mode=0 sched=single-bucket delta_t=0 policy=0
rank=373 loaded data/1536/stackoverflow_a2q.sub373.txt (|V_local|=1604  t_range=[23583342,239569894])
rank=373 loaded routing data/1536/stackoverflow_a2q.rt373.txt (1001 entries)
rank=373 added 1 boundary-only nodes from routing
rank=377/1536 dataset=stackoverflow_a2q walkers=5208 (1963416..1968623) steps=30 mode=0 sched=single-bucket delta_t=0 policy=0
rank=377 loaded data/1536/stackoverflow_a2q.sub377.txt (|V_local|=1650  t_range=[2693373,239648634])
rank=377 loaded routing data/1536/stackoverflow_a2q.rt377.txt (857 entries)
rank=375/1536 dataset=stackoverflow_a2q walkers=5208 (1953000..1958207) steps=30 mode=0 sched=single-bucket delta_t=0 policy=0
rank=375 loaded data/1536/stackoverflow_a2q.sub375.txt (|V_local|=1592  t_range=[22830870,239594223])
rank=375 loaded routing data/1536/stackoverflow_a2q.rt375.txt (1077 entries)
rank=375 added 2 boundary-only nodes from routing
rank=379/1536 dataset=stackoverflow_a2q walkers=5208 (1973832..1979039) steps=30 mode=0 sched=single-bucket delta_t=0 policy=0
rank=379 loaded data/1536/stackoverflow_a2q.sub379.txt (|V_local|=1590  t_range=[3330944,239606984])
rank=379 loaded routing data/1536/stackoverflow_a2q.rt379.txt (1077 entries)
rank=791/1536 dataset=stackoverflow_a2q walkers=5208 (4119528..4124735) steps=30 mode=0 sched=single-bucket delta_t=0 policy=0
rank=791 loaded data/1536/stackoverflow_a2q.sub791.txt (|V_local|=1592  t_range=[48712200,239652941])
rank=791 loaded routing data/1536/stackoverflow_a2q.rt791.txt (1065 entries)
rank=791 added 1 boundary-only nodes from routing
rank=685/1536 dataset=stackoverflow_a2q walkers=5208 (3567480..3572687) steps=30 mode=0 sched=single-bucket delta_t=0 policy=0
rank=685 loaded data/1536/stackoverflow_a2q.sub685.txt (|V_local|=1650  t_range=[2175541,239642229])
rank=685 loaded routing data/1536/stackoverflow_a2q.rt685.txt (909 entries)
rank=718/1536 dataset=stackoverflow_a2q walkers=5208 (3739344..3744551) steps=30 mode=0 sched=single-bucket delta_t=0 policy=0
rank=718 loaded data/1536/stackoverflow_a2q.sub718.txt (|V_local|=1594  t_range=[7257954,239671052])
rank=718 loaded routing data/1536/stackoverflow_a2q.rt718.txt (893 entries)
rank=718 added 3 boundary-only nodes from routing
rank=686/1536 dataset=stackoverflow_a2q walkers=5208 (3572688..3577895) steps=30 mode=0 sched=single-bucket delta_t=0 policy=0
rank=686 loaded data/1536/stackoverflow_a2q.sub686.txt (|V_local|=1594  t_range=[15003734,239588151])
rank=686 loaded routing data/1536/stackoverflow_a2q.rt686.txt (1055 entries)
rank=686 added 3 boundary-only nodes from routing
rank=707/1536 dataset=stackoverflow_a2q walkers=5208 (3682056..3687263) steps=30 mode=0 sched=single-bucket delta_t=0 policy=0
rank=707 loaded data/1536/stackoverflow_a2q.sub707.txt (|V_local|=1586  t_range=[14426671,239591815])
rank=707 loaded routing data/1536/stackoverflow_a2q.rt707.txt (1075 entries)
rank=707 added 6 boundary-only nodes from routing
rank=710/1536 dataset=stackoverflow_a2q walkers=5208 (3697680..3702887) steps=30 mode=0 sched=single-bucket delta_t=0 policy=0
rank=710 loaded data/1536/stackoverflow_a2q.sub710.txt (|V_local|=1585  t_range=[10900455,239585537])
rank=710 loaded routing data/1536/stackoverflow_a2q.rt710.txt (1007 entries)
rank=710 added 1 boundary-only nodes from routing
rank=695/1536 dataset=stackoverflow_a2q walkers=5208 (3619560..3624767) steps=30 mode=0 sched=single-bucket delta_t=0 policy=0
rank=695 loaded data/1536/stackoverflow_a2q.sub695.txt (|V_local|=1589  t_range=[4106443,239582293])
rank=695 loaded routing data/1536/stackoverflow_a2q.rt695.txt (1103 entries)
rank=695 added 9 boundary-only nodes from routing
rank=699/1536 dataset=stackoverflow_a2q walkers=5208 (3640392..3645599) steps=30 mode=0 sched=single-bucket delta_t=0 policy=0
rank=699 loaded data/1536/stackoverflow_a2q.sub699.txt (|V_local|=1591  t_range=[9761220,239622422])
rank=699 loaded routing data/1536/stackoverflow_a2q.rt699.txt (1099 entries)
rank=699 added 1 boundary-only nodes from routing
rank=711/1536 dataset=stackoverflow_a2q walkers=5208 (3702888..3708095) steps=30 mode=0 sched=single-bucket delta_t=0 policy=0
rank=711 loaded data/1536/stackoverflow_a2q.sub711.txt (|V_local|=1572  t_range=[10088180,239570023])
rank=711 loaded routing data/1536/stackoverflow_a2q.rt711.txt (1115 entries)
rank=711 added 10 boundary-only nodes from routing
rank=701/1536 dataset=stackoverflow_a2q walkers=5208 (3650808..3656015) steps=30 mode=0 sched=single-bucket delta_t=0 policy=0
rank=701 loaded data/1536/stackoverflow_a2q.sub701.txt (|V_local|=1643  t_range=[14976812,239600705])
rank=701 loaded routing data/1536/stackoverflow_a2q.rt701.txt (921 entries)
rank=701 added 2 boundary-only nodes from routing
rank=706/1536 dataset=stackoverflow_a2q walkers=5208 (3676848..3682055) steps=30 mode=0 sched=single-bucket delta_t=0 policy=0
rank=706 loaded data/1536/stackoverflow_a2q.sub706.txt (|V_local|=1589  t_range=[846727,239585919])
rank=706 loaded routing data/1536/stackoverflow_a2q.rt706.txt (1011 entries)
rank=706 added 3 boundary-only nodes from routing
rank=709/1536 dataset=stackoverflow_a2q walkers=5208 (3692472..3697679) steps=30 mode=0 sched=single-bucket delta_t=0 policy=0
rank=709 loaded data/1536/stackoverflow_a2q.sub709.txt (|V_local|=1590  t_range=[4059455,239625765])
rank=709 loaded routing data/1536/stackoverflow_a2q.rt709.txt (980 entries)
rank=709 added 4 boundary-only nodes from routing
rank=697/1536 dataset=stackoverflow_a2q walkers=5208 (3629976..3635183) steps=30 mode=0 sched=single-bucket delta_t=0 policy=0
rank=697 loaded data/1536/stackoverflow_a2q.sub697.txt (|V_local|=1598  t_range=[6572845,239592653])
rank=697 loaded routing data/1536/stackoverflow_a2q.rt697.txt (937 entries)
rank=697 added 2 boundary-only nodes from routing
rank=704/1536 dataset=stackoverflow_a2q walkers=5208 (3666432..3671639) steps=30 mode=0 sched=single-bucket delta_t=0 policy=0
rank=704 loaded data/1536/stackoverflow_a2q.sub704.txt (|V_local|=1586  t_range=[4115956,239690306])
rank=704 loaded routing data/1536/stackoverflow_a2q.rt704.txt (1128 entries)
rank=704 added 5 boundary-only nodes from routing
rank=692/1536 dataset=stackoverflow_a2q walkers=5208 (3603936..3609143) steps=30 mode=0 sched=single-bucket delta_t=0 policy=0
rank=692 loaded data/1536/stackoverflow_a2q.sub692.txt (|V_local|=1582  t_range=[12165088,239673389])
rank=692 loaded routing data/1536/stackoverflow_a2q.rt692.txt (1091 entries)
rank=692 added 7 boundary-only nodes from routing
rank=700/1536 dataset=stackoverflow_a2q walkers=5208 (3645600..3650807) steps=30 mode=0 sched=single-bucket delta_t=0 policy=0
rank=700 loaded data/1536/stackoverflow_a2q.sub700.txt (|V_local|=1647  t_range=[9147208,239654194])
rank=700 loaded routing data/1536/stackoverflow_a2q.rt700.txt (899 entries)
rank=700 added 2 boundary-only nodes from routing
rank=716/1536 dataset=stackoverflow_a2q walkers=5208 (3728928..3734135) steps=30 mode=0 sched=single-bucket delta_t=0 policy=0
rank=716 loaded data/1536/stackoverflow_a2q.sub716.txt (|V_local|=1585  t_range=[4037216,239460710])
rank=716 loaded routing data/1536/stackoverflow_a2q.rt716.txt (1021 entries)
rank=716 added 4 boundary-only nodes from routing
rank=694/1536 dataset=stackoverflow_a2q walkers=5208 (3614352..3619559) steps=30 mode=0 sched=single-bucket delta_t=0 policy=0
rank=694 loaded data/1536/stackoverflow_a2q.sub694.txt (|V_local|=1593  t_range=[12546589,239670526])
rank=694 loaded routing data/1536/stackoverflow_a2q.rt694.txt (829 entries)
rank=675/1536 dataset=stackoverflow_a2q walkers=5208 (3515400..3520607) steps=30 mode=0 sched=single-bucket delta_t=0 policy=0
rank=675 loaded data/1536/stackoverflow_a2q.sub675.txt (|V_local|=1574  t_range=[3388305,239676170])
rank=675 loaded routing data/1536/stackoverflow_a2q.rt675.txt (1061 entries)
rank=675 added 19 boundary-only nodes from routing
rank=703/1536 dataset=stackoverflow_a2q walkers=5208 (3661224..3666431) steps=30 mode=0 sched=single-bucket delta_t=0 policy=0
rank=703 loaded data/1536/stackoverflow_a2q.sub703.txt (|V_local|=1592  t_range=[2996462,239689891])
rank=703 loaded routing data/1536/stackoverflow_a2q.rt703.txt (1086 entries)
rank=703 added 1 boundary-only nodes from routing
rank=719/1536 dataset=stackoverflow_a2q walkers=5208 (3744552..3749759) steps=30 mode=0 sched=single-bucket delta_t=0 policy=0
rank=719 loaded data/1536/stackoverflow_a2q.sub719.txt (|V_local|=1592  t_range=[18779333,239658764])
rank=719 loaded routing data/1536/stackoverflow_a2q.rt719.txt (906 entries)
rank=714/1536 dataset=stackoverflow_a2q walkers=5208 (3718512..3723719) steps=30 mode=0 sched=single-bucket delta_t=0 policy=0
rank=714 loaded data/1536/stackoverflow_a2q.sub714.txt (|V_local|=1590  t_range=[4158799,239644077])
rank=714 loaded routing data/1536/stackoverflow_a2q.rt714.txt (1078 entries)
rank=714 added 2 boundary-only nodes from routing
rank=717/1536 dataset=stackoverflow_a2q walkers=5208 (3734136..3739343) steps=30 mode=0 sched=single-bucket delta_t=0 policy=0
rank=717 loaded data/1536/stackoverflow_a2q.sub717.txt (|V_local|=1582  t_range=[3960995,239677945])
rank=717 loaded routing data/1536/stackoverflow_a2q.rt717.txt (1049 entries)
rank=717 added 8 boundary-only nodes from routing
rank=687/1536 dataset=stackoverflow_a2q walkers=5208 (3577896..3583103) steps=30 mode=0 sched=single-bucket delta_t=0 policy=0
rank=687 loaded data/1536/stackoverflow_a2q.sub687.txt (|V_local|=1596  t_range=[6616052,239696958])
rank=687 loaded routing data/1536/stackoverflow_a2q.rt687.txt (910 entries)
rank=687 added 3 boundary-only nodes from routing
rank=713/1536 dataset=stackoverflow_a2q walkers=5208 (3713304..3718511) steps=30 mode=0 sched=single-bucket delta_t=0 policy=0
rank=586/1536 dataset=stackoverflow_a2q walkers=5208 (3051888..3057095) steps=30 mode=0 sched=single-bucket delta_t=0 policy=0
rank=586 loaded data/1536/stackoverflow_a2q.sub586.txt (|V_local|=1594  t_range=[4014742,239662789])
rank=586 loaded routing data/1536/stackoverflow_a2q.rt586.txt (886 entries)
rank=586 added 2 boundary-only nodes from routing
rank=597/1536 dataset=stackoverflow_a2q walkers=5208 (3109176..3114383) steps=30 mode=0 sched=single-bucket delta_t=0 policy=0
rank=597 loaded data/1536/stackoverflow_a2q.sub597.txt (|V_local|=1597  t_range=[6050743,239598231])
rank=597 loaded routing data/1536/stackoverflow_a2q.rt597.txt (1056 entries)
rank=620/1536 dataset=stackoverflow_a2q walkers=5208 (3228960..3234167) steps=30 mode=0 sched=single-bucket delta_t=0 policy=0
rank=620 loaded data/1536/stackoverflow_a2q.sub620.txt (|V_local|=1652  t_range=[4204049,239341194])
rank=620 loaded routing data/1536/stackoverflow_a2q.rt620.txt (535 entries)
rank=612/1536 dataset=stackoverflow_a2q walkers=5208 (3187296..3192503) steps=30 mode=0 sched=single-bucket delta_t=0 policy=0
rank=612 loaded data/1536/stackoverflow_a2q.sub612.txt (|V_local|=1595  t_range=[19407526,239594230])
rank=612 loaded routing data/1536/stackoverflow_a2q.rt612.txt (974 entries)
rank=612 added 2 boundary-only nodes from routing
rank=583/1536 dataset=stackoverflow_a2q walkers=5208 (3036264..3041471) steps=30 mode=0 sched=single-bucket delta_t=0 policy=0
rank=583 loaded data/1536/stackoverflow_a2q.sub583.txt (|V_local|=1581  t_range=[3581965,239633890])
rank=583 loaded routing data/1536/stackoverflow_a2q.rt583.txt (1023 entries)
rank=583 added 11 boundary-only nodes from routing
rank=617/1536 dataset=stackoverflow_a2q walkers=5208 (3213336..3218543) steps=30 mode=0 sched=single-bucket delta_t=0 policy=0
rank=617 loaded data/1536/stackoverflow_a2q.sub617.txt (|V_local|=1647  t_range=[6145493,239696664])
rank=617 loaded routing data/1536/stackoverflow_a2q.rt617.txt (784 entries)
rank=617 added 3 boundary-only nodes from routing
rank=585/1536 dataset=stackoverflow_a2q walkers=5208 (3046680..3051887) steps=30 mode=0 sched=single-bucket delta_t=0 policy=0
rank=585 loaded data/1536/stackoverflow_a2q.sub585.txt (|V_local|=1586  t_range=[5133045,239578885])
rank=585 loaded routing data/1536/stackoverflow_a2q.rt585.txt (1061 entries)
rank=585 added 7 boundary-only nodes from routing
rank=608/1536 dataset=stackoverflow_a2q walkers=5208 (3166464..3171671) steps=30 mode=0 sched=single-bucket delta_t=0 policy=0
rank=608 loaded data/1536/stackoverflow_a2q.sub608.txt (|V_local|=1646  t_range=[1523759,239469755])
rank=608 loaded routing data/1536/stackoverflow_a2q.rt608.txt (795 entries)
rank=608 added 1 boundary-only nodes from routing
rank=621/1536 dataset=stackoverflow_a2q walkers=5208 (3234168..3239375) steps=30 mode=0 sched=single-bucket delta_t=0 policy=0
rank=621 loaded data/1536/stackoverflow_a2q.sub621.txt (|V_local|=1591  t_range=[3511288,239662326])
rank=621 loaded routing data/1536/stackoverflow_a2q.rt621.txt (1025 entries)
rank=621 added 4 boundary-only nodes from routing
rank=599/1536 dataset=stackoverflow_a2q walkers=5208 (3119592..3124799) steps=30 mode=0 sched=single-bucket delta_t=0 policy=0
rank=599 loaded data/1536/stackoverflow_a2q.sub599.txt (|V_local|=1587  t_range=[997531,239580198])
rank=599 loaded routing data/1536/stackoverflow_a2q.rt599.txt (796 entries)
rank=599 added 7 boundary-only nodes from routing
rank=610/1536 dataset=stackoverflow_a2q walkers=5208 (3176880..3182087) steps=30 mode=0 sched=single-bucket delta_t=0 policy=0
rank=610 loaded data/1536/stackoverflow_a2q.sub610.txt (|V_local|=1595  t_range=[5893597,239331554])
rank=610 loaded routing data/1536/stackoverflow_a2q.rt610.txt (1027 entries)
rank=610 added 1 boundary-only nodes from routing
rank=598/1536 dataset=stackoverflow_a2q walkers=5208 (3114384..3119591) steps=30 mode=0 sched=single-bucket delta_t=0 policy=0
rank=598 loaded data/1536/stackoverflow_a2q.sub598.txt (|V_local|=1596  t_range=[4062574,239686153])
rank=598 loaded routing data/1536/stackoverflow_a2q.rt598.txt (861 entries)
rank=598 added 4 boundary-only nodes from routing
rank=587/1536 dataset=stackoverflow_a2q walkers=5208 (3057096..3062303) steps=30 mode=0 sched=single-bucket delta_t=0 policy=0
rank=587 loaded data/1536/stackoverflow_a2q.sub587.txt (|V_local|=1588  t_range=[5211384,239551583])
rank=587 loaded routing data/1536/stackoverflow_a2q.rt587.txt (1037 entries)
rank=587 added 4 boundary-only nodes from routing
rank=616/1536 dataset=stackoverflow_a2q walkers=5208 (3208128..3213335) steps=30 mode=0 sched=single-bucket delta_t=0 policy=0
rank=616 loaded data/1536/stackoverflow_a2q.sub616.txt (|V_local|=1593  t_range=[7946933,239686098])
rank=616 loaded routing data/1536/stackoverflow_a2q.rt616.txt (982 entries)
rank=616 added 2 boundary-only nodes from routing
rank=611/1536 dataset=stackoverflow_a2q walkers=5208 (3182088..3187295) steps=30 mode=0 sched=single-bucket delta_t=0 policy=0
rank=611 loaded data/1536/stackoverflow_a2q.sub611.txt (|V_local|=1589  t_range=[6013311,239630853])
rank=611 loaded routing data/1536/stackoverflow_a2q.rt611.txt (1078 entries)
rank=611 added 1 boundary-only nodes from routing
rank=590/1536 dataset=stackoverflow_a2q walkers=5208 (3072720..3077927) steps=30 mode=0 sched=single-bucket delta_t=0 policy=0
rank=590 loaded data/1536/stackoverflow_a2q.sub590.txt (|V_local|=1596  t_range=[4215805,239684606])
rank=590 loaded routing data/1536/stackoverflow_a2q.rt590.txt (967 entries)
rank=590 added 3 boundary-only nodes from routing
rank=622/1536 dataset=stackoverflow_a2q walkers=5208 (3239376..3244583) steps=30 mode=0 sched=single-bucket delta_t=0 policy=0
rank=622 loaded data/1536/stackoverflow_a2q.sub622.txt (|V_local|=1607  t_range=[13532237,239581283])
rank=622 loaded routing data/1536/stackoverflow_a2q.rt622.txt (899 entries)
rank=622 added 2 boundary-only nodes from routing
rank=591/1536 dataset=stackoverflow_a2q walkers=5208 (3077928..3083135) steps=30 mode=0 sched=single-bucket delta_t=0 policy=0
rank=591 loaded data/1536/stackoverflow_a2q.sub591.txt (|V_local|=1588  t_range=[16051148,239659339])
rank=591 loaded routing data/1536/stackoverflow_a2q.rt591.txt (1178 entries)
rank=591 added 5 boundary-only nodes from routing
rank=589/1536 dataset=stackoverflow_a2q walkers=5208 (3067512..3072719) steps=30 mode=0 sched=single-bucket delta_t=0 policy=0
rank=589 loaded data/1536/stackoverflow_a2q.sub589.txt (|V_local|=1646  t_range=[4204148,239330545])
rank=589 loaded routing data/1536/stackoverflow_a2q.rt589.txt (785 entries)
rank=589 added 1 boundary-only nodes from routing
rank=594/1536 dataset=stackoverflow_a2q walkers=5208 (3093552..3098759) steps=30 mode=0 sched=single-bucket delta_t=0 policy=0
rank=594 loaded data/1536/stackoverflow_a2q.sub594.txt (|V_local|=1590  t_range=[424428,239434075])
rank=594 loaded routing data/1536/stackoverflow_a2q.rt594.txt (923 entries)
rank=594 added 4 boundary-only nodes from routing
rank=614/1536 dataset=stackoverflow_a2q walkers=5208 (3197712..3202919) steps=30 mode=0 sched=single-bucket delta_t=0 policy=0
rank=614 loaded data/1536/stackoverflow_a2q.sub614.txt (|V_local|=1650  t_range=[10937899,239545104])
rank=614 loaded routing data/1536/stackoverflow_a2q.rt614.txt (595 entries)
rank=614 added 2 boundary-only nodes from routing
rank=603/1536 dataset=stackoverflow_a2q walkers=5208 (3140424..3145631) steps=30 mode=0 sched=single-bucket delta_t=0 policy=0
rank=603 loaded data/1536/stackoverflow_a2q.sub603.txt (|V_local|=1589  t_range=[2932217,239581573])
rank=603 loaded routing data/1536/stackoverflow_a2q.rt603.txt (1067 entries)
rank=603 added 6 boundary-only nodes from routing
rank=595/1536 dataset=stackoverflow_a2q walkers=5208 (3098760..3103967) steps=30 mode=0 sched=single-bucket delta_t=0 policy=0
rank=595 loaded data/1536/stackoverflow_a2q.sub595.txt (|V_local|=1652  t_range=[2893090,239554173])
rank=595 loaded routing data/1536/stackoverflow_a2q.rt595.txt (546 entries)
rank=615/1536 dataset=stackoverflow_a2q walkers=5208 (3202920..3208127) steps=30 mode=0 sched=single-bucket delta_t=0 policy=0
rank=1318 loaded data/1536/stackoverflow_a2q.sub1318.txt (|V_local|=1587  t_range=[16370727,239637443])
rank=1318 loaded routing data/1536/stackoverflow_a2q.rt1318.txt (1005 entries)
rank=1318 added 1 boundary-only nodes from routing
rank=743/1536 dataset=stackoverflow_a2q walkers=5208 (3869544..3874751) steps=30 mode=0 sched=single-bucket delta_t=0 policy=0
rank=743 loaded data/1536/stackoverflow_a2q.sub743.txt (|V_local|=1593  t_range=[2660219,239497107])
rank=743 loaded routing data/1536/stackoverflow_a2q.rt743.txt (1076 entries)
rank=743 added 4 boundary-only nodes from routing
rank=735/1536 dataset=stackoverflow_a2q walkers=5208 (3827880..3833087) steps=30 mode=0 sched=single-bucket delta_t=0 policy=0
rank=735 loaded data/1536/stackoverflow_a2q.sub735.txt (|V_local|=1595  t_range=[3201968,239627318])
rank=735 loaded routing data/1536/stackoverflow_a2q.rt735.txt (1057 entries)
rank=731/1536 dataset=stackoverflow_a2q walkers=5208 (3807048..3812255) steps=30 mode=0 sched=single-bucket delta_t=0 policy=0
rank=731 loaded data/1536/stackoverflow_a2q.sub731.txt (|V_local|=1651  t_range=[3976013,239570400])
rank=731 loaded routing data/1536/stackoverflow_a2q.rt731.txt (682 entries)
rank=739/1536 dataset=stackoverflow_a2q walkers=5208 (3848712..3853919) steps=30 mode=0 sched=single-bucket delta_t=0 policy=0
rank=739 loaded data/1536/stackoverflow_a2q.sub739.txt (|V_local|=1586  t_range=[4312859,239618487])
rank=739 loaded routing data/1536/stackoverflow_a2q.rt739.txt (1106 entries)
rank=739 added 9 boundary-only nodes from routing
rank=748/1536 dataset=stackoverflow_a2q walkers=5208 (3895584..3900791) steps=30 mode=0 sched=single-bucket delta_t=0 policy=0
rank=748 loaded data/1536/stackoverflow_a2q.sub748.txt (|V_local|=1585  t_range=[22446145,239644201])
rank=748 loaded routing data/1536/stackoverflow_a2q.rt748.txt (1021 entries)
rank=748 added 7 boundary-only nodes from routing
rank=763/1536 dataset=stackoverflow_a2q walkers=5208 (3973704..3978911) steps=30 mode=0 sched=single-bucket delta_t=0 policy=0
rank=763 loaded data/1536/stackoverflow_a2q.sub763.txt (|V_local|=1642  t_range=[18406274,239556537])
rank=763 loaded routing data/1536/stackoverflow_a2q.rt763.txt (946 entries)
rank=763 added 4 boundary-only nodes from routing
rank=755/1536 dataset=stackoverflow_a2q walkers=5208 (3932040..3937247) steps=30 mode=0 sched=single-bucket delta_t=0 policy=0
rank=755 loaded data/1536/stackoverflow_a2q.sub755.txt (|V_local|=1580  t_range=[4240541,239613270])
rank=755 loaded routing data/1536/stackoverflow_a2q.rt755.txt (1110 entries)
rank=755 added 13 boundary-only nodes from routing
rank=752/1536 dataset=stackoverflow_a2q walkers=5208 (3916416..3921623) steps=30 mode=0 sched=single-bucket delta_t=0 policy=0
rank=752 loaded data/1536/stackoverflow_a2q.sub752.txt (|V_local|=1631  t_range=[10997264,239695858])
rank=752 loaded routing data/1536/stackoverflow_a2q.rt752.txt (1011 entries)
rank=749/1536 dataset=stackoverflow_a2q walkers=5208 (3900792..3905999) steps=30 mode=0 sched=single-bucket delta_t=0 policy=0
rank=749 loaded data/1536/stackoverflow_a2q.sub749.txt (|V_local|=1593  t_range=[495252,239660445])
rank=749 loaded routing data/1536/stackoverflow_a2q.rt749.txt (1008 entries)
rank=749 added 2 boundary-only nodes from routing
rank=757/1536 dataset=stackoverflow_a2q walkers=5208 (3942456..3947663) steps=30 mode=0 sched=single-bucket delta_t=0 policy=0
rank=757 loaded data/1536/stackoverflow_a2q.sub757.txt (|V_local|=1588  t_range=[30812148,239694200])
rank=757 loaded routing data/1536/stackoverflow_a2q.rt757.txt (1090 entries)
rank=757 added 5 boundary-only nodes from routing
rank=730/1536 dataset=stackoverflow_a2q walkers=5208 (3801840..3807047) steps=30 mode=0 sched=single-bucket delta_t=0 policy=0
rank=730 loaded data/1536/stackoverflow_a2q.sub730.txt (|V_local|=1651  t_range=[21661086,239488666])
rank=730 loaded routing data/1536/stackoverflow_a2q.rt730.txt (749 entries)
rank=730 added 1 boundary-only nodes from routing
rank=745/1536 dataset=stackoverflow_a2q walkers=5208 (3879960..3885167) steps=30 mode=0 sched=single-bucket delta_t=0 policy=0
rank=745 loaded data/1536/stackoverflow_a2q.sub745.txt (|V_local|=1599  t_range=[5858597,239626750])
rank=745 loaded routing data/1536/stackoverflow_a2q.rt745.txt (1017 entries)
rank=738/1536 dataset=stackoverflow_a2q walkers=5208 (3843504..3848711) steps=30 mode=0 sched=single-bucket delta_t=0 policy=0
rank=738 loaded data/1536/stackoverflow_a2q.sub738.txt (|V_local|=1586  t_range=[7752163,239693003])
rank=738 loaded routing data/1536/stackoverflow_a2q.rt738.txt (1076 entries)
rank=738 added 5 boundary-only nodes from routing
rank=734/1536 dataset=stackoverflow_a2q walkers=5208 (3822672..3827879) steps=30 mode=0 sched=single-bucket delta_t=0 policy=0
rank=734 loaded data/1536/stackoverflow_a2q.sub734.txt (|V_local|=1648  t_range=[670011,239506430])
rank=734 loaded routing data/1536/stackoverflow_a2q.rt734.txt (890 entries)
rank=734 added 3 boundary-only nodes from routing
rank=766/1536 dataset=stackoverflow_a2q walkers=5208 (3989328..3994535) steps=30 mode=0 sched=single-bucket delta_t=0 policy=0
rank=766 loaded data/1536/stackoverflow_a2q.sub766.txt (|V_local|=1584  t_range=[8832601,239686393])
rank=766 loaded routing data/1536/stackoverflow_a2q.rt766.txt (1008 entries)
rank=766 added 7 boundary-only nodes from routing
rank=753/1536 dataset=stackoverflow_a2q walkers=5208 (3921624..3926831) steps=30 mode=0 sched=single-bucket delta_t=0 policy=0
rank=753 loaded data/1536/stackoverflow_a2q.sub753.txt (|V_local|=1591  t_range=[14493378,239680910])
rank=753 loaded routing data/1536/stackoverflow_a2q.rt753.txt (1041 entries)
rank=737/1536 dataset=stackoverflow_a2q walkers=5208 (3838296..3843503) steps=30 mode=0 sched=single-bucket delta_t=0 policy=0
rank=737 loaded data/1536/stackoverflow_a2q.sub737.txt (|V_local|=1647  t_range=[1235217,239522400])
rank=737 loaded routing data/1536/stackoverflow_a2q.rt737.txt (841 entries)
rank=737 added 3 boundary-only nodes from routing
rank=720/1536 dataset=stackoverflow_a2q walkers=5208 (3749760..3754967) steps=30 mode=0 sched=single-bucket delta_t=0 policy=0
rank=720 loaded data/1536/stackoverflow_a2q.sub720.txt (|V_local|=1592  t_range=[6564190,239697697])
rank=720 loaded routing data/1536/stackoverflow_a2q.rt720.txt (1127 entries)
rank=720 added 2 boundary-only nodes from routing
rank=729/1536 dataset=stackoverflow_a2q walkers=5208 (3796632..3801839) steps=30 mode=0 sched=single-bucket delta_t=0 policy=0
rank=729 loaded data/1536/stackoverflow_a2q.sub729.txt (|V_local|=1591  t_range=[2500011,239577364])
rank=729 loaded routing data/1536/stackoverflow_a2q.rt729.txt (1076 entries)
rank=729 added 4 boundary-only nodes from routing
rank=762/1536 dataset=stackoverflow_a2q walkers=5208 (3968496..3973703) steps=30 mode=0 sched=single-bucket delta_t=0 policy=0
rank=762 loaded data/1536/stackoverflow_a2q.sub762.txt (|V_local|=1590  t_range=[4379273,239671407])
rank=762 loaded routing data/1536/stackoverflow_a2q.rt762.txt (1118 entries)
rank=762 added 3 boundary-only nodes from routing
rank=723/1536 dataset=stackoverflow_a2q walkers=5208 (3765384..3770591) steps=30 mode=0 sched=single-bucket delta_t=0 policy=0
rank=723 loaded data/1536/stackoverflow_a2q.sub723.txt (|V_local|=1600  t_range=[19590218,239696652])
rank=723 loaded routing data/1536/stackoverflow_a2q.rt723.txt (1068 entries)
rank=723 added 4 boundary-only nodes from routing
rank=747/1536 dataset=stackoverflow_a2q walkers=5208 (3890376..3895583) steps=30 mode=0 sched=single-bucket delta_t=0 policy=0
rank=747 loaded data/1536/stackoverflow_a2q.sub747.txt (|V_local|=1583  t_range=[19032927,239691980])
rank=747 loaded routing data/1536/stackoverflow_a2q.rt747.txt (1122 entries)
rank=747 added 7 boundary-only nodes from routing
rank=764/1536 dataset=stackoverflow_a2q walkers=5208 (3978912..3984119) steps=30 mode=0 sched=single-bucket delta_t=0 policy=0
rank=764 loaded data/1536/stackoverflow_a2q.sub764.txt (|V_local|=1602  t_range=[38591300,239657829])
rank=764 loaded routing data/1536/stackoverflow_a2q.rt764.txt (949 entries)
rank=764 added 4 boundary-only nodes from routing
rank=750/1536 dataset=stackoverflow_a2q walkers=5208 (3906000..3911207) steps=30 mode=0 sched=single-bucket delta_t=0 policy=0
rank=750 loaded data/1536/stackoverflow_a2q.sub750.txt (|V_local|=1587  t_range=[5768633,239644470])
rank=941/1536 dataset=stackoverflow_a2q walkers=5208 (4900728..4905935) steps=30 mode=0 sched=single-bucket delta_t=0 policy=0
rank=941 loaded data/1536/stackoverflow_a2q.sub941.txt (|V_local|=1595  t_range=[9383034,239691434])
rank=941 loaded routing data/1536/stackoverflow_a2q.rt941.txt (1072 entries)
rank=1073/1536 dataset=stackoverflow_a2q walkers=5208 (5588184..5593391) steps=30 mode=0 sched=single-bucket delta_t=0 policy=0
rank=1073 loaded data/1536/stackoverflow_a2q.sub1073.txt (|V_local|=1596  t_range=[50161454,239673317])
rank=1073 loaded routing data/1536/stackoverflow_a2q.rt1073.txt (1056 entries)
rank=1059/1536 dataset=stackoverflow_a2q walkers=5208 (5515272..5520479) steps=30 mode=0 sched=single-bucket delta_t=0 policy=0
rank=1059 loaded data/1536/stackoverflow_a2q.sub1059.txt (|V_local|=1593  t_range=[12335852,239610108])
rank=1059 loaded routing data/1536/stackoverflow_a2q.rt1059.txt (1151 entries)
rank=1059 added 3 boundary-only nodes from routing
rank=1065/1536 dataset=stackoverflow_a2q walkers=5208 (5546520..5551727) steps=30 mode=0 sched=single-bucket delta_t=0 policy=0
rank=1065 loaded data/1536/stackoverflow_a2q.sub1065.txt (|V_local|=1591  t_range=[32277451,239665896])
rank=1065 loaded routing data/1536/stackoverflow_a2q.rt1065.txt (1018 entries)
rank=1065 added 2 boundary-only nodes from routing
rank=1068/1536 dataset=stackoverflow_a2q walkers=5208 (5562144..5567351) steps=30 mode=0 sched=single-bucket delta_t=0 policy=0
rank=1068 loaded data/1536/stackoverflow_a2q.sub1068.txt (|V_local|=1649  t_range=[14842367,239648613])
rank=1068 loaded routing data/1536/stackoverflow_a2q.rt1068.txt (784 entries)
rank=1069/1536 dataset=stackoverflow_a2q walkers=5208 (5567352..5572559) steps=30 mode=0 sched=single-bucket delta_t=0 policy=0
rank=1069 loaded data/1536/stackoverflow_a2q.sub1069.txt (|V_local|=1594  t_range=[4132461,239505703])
rank=1069 loaded routing data/1536/stackoverflow_a2q.rt1069.txt (1080 entries)
rank=1069 added 1 boundary-only nodes from routing
rank=1067/1536 dataset=stackoverflow_a2q walkers=5208 (5556936..5562143) steps=30 mode=0 sched=single-bucket delta_t=0 policy=0
rank=1067 loaded data/1536/stackoverflow_a2q.sub1067.txt (|V_local|=1596  t_range=[70803030,239693146])
rank=1067 loaded routing data/1536/stackoverflow_a2q.rt1067.txt (980 entries)
rank=1067 added 1 boundary-only nodes from routing
rank=1058/1536 dataset=stackoverflow_a2q walkers=5208 (5510064..5515271) steps=30 mode=0 sched=single-bucket delta_t=0 policy=0
rank=1058 loaded data/1536/stackoverflow_a2q.sub1058.txt (|V_local|=1651  t_range=[50088705,239687470])
rank=1058 loaded routing data/1536/stackoverflow_a2q.rt1058.txt (1046 entries)
rank=1089/1536 dataset=stackoverflow_a2q walkers=5208 (5671512..5676719) steps=30 mode=0 sched=single-bucket delta_t=0 policy=0
rank=1089 loaded data/1536/stackoverflow_a2q.sub1089.txt (|V_local|=1593  t_range=[27624909,239673830])
rank=1089 loaded routing data/1536/stackoverflow_a2q.rt1089.txt (1109 entries)
rank=1096/1536 dataset=stackoverflow_a2q walkers=5208 (5707968..5713175) steps=30 mode=0 sched=single-bucket delta_t=0 policy=0
rank=1096 loaded data/1536/stackoverflow_a2q.sub1096.txt (|V_local|=1589  t_range=[8639264,239659965])
rank=1096 loaded routing data/1536/stackoverflow_a2q.rt1096.txt (1064 entries)
rank=1056/1536 dataset=stackoverflow_a2q walkers=5208 (5499648..5504855) steps=30 mode=0 sched=single-bucket delta_t=0 policy=0
rank=1056 loaded data/1536/stackoverflow_a2q.sub1056.txt (|V_local|=1585  t_range=[43112263,239668681])
rank=1056 loaded routing data/1536/stackoverflow_a2q.rt1056.txt (1084 entries)
rank=1056 added 1 boundary-only nodes from routing
rank=1099/1536 dataset=stackoverflow_a2q walkers=5208 (5723592..5728799) steps=30 mode=0 sched=single-bucket delta_t=0 policy=0
rank=1099 loaded data/1536/stackoverflow_a2q.sub1099.txt (|V_local|=1593  t_range=[38112572,239679234])
rank=1099 loaded routing data/1536/stackoverflow_a2q.rt1099.txt (1004 entries)
rank=1094/1536 dataset=stackoverflow_a2q walkers=5208 (5697552..5702759) steps=30 mode=0 sched=single-bucket delta_t=0 policy=0
rank=1094 loaded data/1536/stackoverflow_a2q.sub1094.txt (|V_local|=1594  t_range=[41415459,239665210])
rank=1094 loaded routing data/1536/stackoverflow_a2q.rt1094.txt (1094 entries)
rank=1094 added 3 boundary-only nodes from routing
rank=1093/1536 dataset=stackoverflow_a2q walkers=5208 (5692344..5697551) steps=30 mode=0 sched=single-bucket delta_t=0 policy=0
rank=1093 loaded data/1536/stackoverflow_a2q.sub1093.txt (|V_local|=1593  t_range=[38747189,239696984])
rank=1093 loaded routing data/1536/stackoverflow_a2q.rt1093.txt (1082 entries)
rank=1064/1536 dataset=stackoverflow_a2q walkers=5208 (5541312..5546519) steps=30 mode=0 sched=single-bucket delta_t=0 policy=0
rank=1064 loaded data/1536/stackoverflow_a2q.sub1064.txt (|V_local|=1597  t_range=[59417057,239691319])
rank=1064 loaded routing data/1536/stackoverflow_a2q.rt1064.txt (1010 entries)
rank=1076/1536 dataset=stackoverflow_a2q walkers=5208 (5603808..5609015) steps=30 mode=0 sched=single-bucket delta_t=0 policy=0
rank=1076 loaded data/1536/stackoverflow_a2q.sub1076.txt (|V_local|=1594  t_range=[57635471,239686839])
rank=1076 loaded routing data/1536/stackoverflow_a2q.rt1076.txt (1020 entries)
rank=1076 added 1 boundary-only nodes from routing
rank=1090/1536 dataset=stackoverflow_a2q walkers=5208 (5676720..5681927) steps=30 mode=0 sched=single-bucket delta_t=0 policy=0
rank=1090 loaded data/1536/stackoverflow_a2q.sub1090.txt (|V_local|=1590  t_range=[55531797,239690817])
rank=1090 loaded routing data/1536/stackoverflow_a2q.rt1090.txt (1054 entries)
rank=1057/1536 dataset=stackoverflow_a2q walkers=5208 (5504856..5510063) steps=30 mode=0 sched=single-bucket delta_t=0 policy=0
rank=1057 loaded data/1536/stackoverflow_a2q.sub1057.txt (|V_local|=1592  t_range=[54228636,239690129])
rank=1057 loaded routing data/1536/stackoverflow_a2q.rt1057.txt (1103 entries)
rank=1057 added 1 boundary-only nodes from routing
rank=1102/1536 dataset=stackoverflow_a2q walkers=5208 (5739216..5744423) steps=30 mode=0 sched=single-bucket delta_t=0 policy=0
rank=1102 loaded data/1536/stackoverflow_a2q.sub1102.txt (|V_local|=1593  t_range=[42991110,239676406])
rank=1102 loaded routing data/1536/stackoverflow_a2q.rt1102.txt (1044 entries)
rank=1103/1536 dataset=stackoverflow_a2q walkers=5208 (5744424..5749631) steps=30 mode=0 sched=single-bucket delta_t=0 policy=0
rank=1103 loaded data/1536/stackoverflow_a2q.sub1103.txt (|V_local|=1595  t_range=[50709657,239671394])
rank=1103 loaded routing data/1536/stackoverflow_a2q.rt1103.txt (1077 entries)
rank=1103 added 3 boundary-only nodes from routing
rank=1075/1536 dataset=stackoverflow_a2q walkers=5208 (5598600..5603807) steps=30 mode=0 sched=single-bucket delta_t=0 policy=0
rank=1075 loaded data/1536/stackoverflow_a2q.sub1075.txt (|V_local|=1594  t_range=[26244442,239648164])
rank=1075 loaded routing data/1536/stackoverflow_a2q.rt1075.txt (1087 entries)
rank=1075 added 1 boundary-only nodes from routing
rank=1087/1536 dataset=stackoverflow_a2q walkers=5208 (5661096..5666303) steps=30 mode=0 sched=single-bucket delta_t=0 policy=0
rank=1087 loaded data/1536/stackoverflow_a2q.sub1087.txt (|V_local|=1593  t_range=[15638800,239676625])
rank=1087 loaded routing data/1536/stackoverflow_a2q.rt1087.txt (1028 entries)
rank=1087 added 3 boundary-only nodes from routing
rank=1097/1536 dataset=stackoverflow_a2q walkers=5208 (5713176..5718383) steps=30 mode=0 sched=single-bucket delta_t=0 policy=0
rank=1097 loaded data/1536/stackoverflow_a2q.sub1097.txt (|V_local|=1587  t_range=[50802926,239549608])
rank=1097 loaded routing data/1536/stackoverflow_a2q.rt1097.txt (1107 entries)
rank=1097 added 1 boundary-only nodes from routing
rank=1071/1536 dataset=stackoverflow_a2q walkers=5208 (5577768..5582975) steps=30 mode=0 sched=single-bucket delta_t=0 policy=0
rank=1071 loaded data/1536/stackoverflow_a2q.sub1071.txt (|V_local|=1598  t_range=[18490344,239665955])
rank=1071 loaded routing data/1536/stackoverflow_a2q.rt1071.txt (1013 entries)
rank=1071 added 2 boundary-only nodes from routing
rank=1083/1536 dataset=stackoverflow_a2q walkers=5208 (5640264..5645471) steps=30 mode=0 sched=single-bucket delta_t=0 policy=0
rank=1083 loaded data/1536/stackoverflow_a2q.sub1083.txt (|V_local|=1591  t_range=[30282410,239610658])
rank=1083 loaded routing data/1536/stackoverflow_a2q.rt1083.txt (986 entries)
rank=1412/1536 dataset=stackoverflow_a2q walkers=5208 (7353696..7358903) steps=30 mode=0 sched=single-bucket delta_t=0 policy=0
rank=1412 loaded data/1536/stackoverflow_a2q.sub1412.txt (|V_local|=1592  t_range=[52526538,239569358])
rank=1412 loaded routing data/1536/stackoverflow_a2q.rt1412.txt (1100 entries)
rank=1435/1536 dataset=stackoverflow_a2q walkers=5208 (7473480..7478687) steps=30 mode=0 sched=single-bucket delta_t=0 policy=0
rank=1435 loaded data/1536/stackoverflow_a2q.sub1435.txt (|V_local|=1589  t_range=[34129532,239693968])
rank=1435 loaded routing data/1536/stackoverflow_a2q.rt1435.txt (1058 entries)
rank=1400/1536 dataset=stackoverflow_a2q walkers=5208 (7291200..7296407) steps=30 mode=0 sched=single-bucket delta_t=0 policy=0
rank=1400 loaded data/1536/stackoverflow_a2q.sub1400.txt (|V_local|=1590  t_range=[358288,239681925])
rank=1400 loaded routing data/1536/stackoverflow_a2q.rt1400.txt (1057 entries)
rank=1417/1536 dataset=stackoverflow_a2q walkers=5208 (7379736..7384943) steps=30 mode=0 sched=single-bucket delta_t=0 policy=0
rank=1417 loaded data/1536/stackoverflow_a2q.sub1417.txt (|V_local|=1592  t_range=[21657015,239674041])
rank=1417 loaded routing data/1536/stackoverflow_a2q.rt1417.txt (1060 entries)
rank=1393/1536 dataset=stackoverflow_a2q walkers=5208 (7254744..7259951) steps=30 mode=0 sched=single-bucket delta_t=0 policy=0
rank=1393 loaded data/1536/stackoverflow_a2q.sub1393.txt (|V_local|=1597  t_range=[12751733,239682831])
rank=1393 loaded routing data/1536/stackoverflow_a2q.rt1393.txt (991 entries)
rank=1433/1536 dataset=stackoverflow_a2q walkers=5208 (7463064..7468271) steps=30 mode=0 sched=single-bucket delta_t=0 policy=0
rank=1433 loaded data/1536/stackoverflow_a2q.sub1433.txt (|V_local|=1584  t_range=[8564213,239688906])
rank=1433 loaded routing data/1536/stackoverflow_a2q.rt1433.txt (1074 entries)
rank=1433 added 6 boundary-only nodes from routing
rank=1419/1536 dataset=stackoverflow_a2q walkers=5208 (7390152..7395359) steps=30 mode=0 sched=single-bucket delta_t=0 policy=0
rank=1419 loaded data/1536/stackoverflow_a2q.sub1419.txt (|V_local|=1592  t_range=[12415600,239521806])
rank=1419 loaded routing data/1536/stackoverflow_a2q.rt1419.txt (1105 entries)
rank=1437/1536 dataset=stackoverflow_a2q walkers=5208 (7483896..7489103) steps=30 mode=0 sched=single-bucket delta_t=0 policy=0
rank=1437 loaded data/1536/stackoverflow_a2q.sub1437.txt (|V_local|=1589  t_range=[24738772,239623340])
rank=1437 loaded routing data/1536/stackoverflow_a2q.rt1437.txt (1122 entries)
rank=1437 added 11 boundary-only nodes from routing
rank=1427/1536 dataset=stackoverflow_a2q walkers=5208 (7431816..7437023) steps=30 mode=0 sched=single-bucket delta_t=0 policy=0
rank=1427 loaded data/1536/stackoverflow_a2q.sub1427.txt (|V_local|=1596  t_range=[59408671,239576089])
rank=1427 loaded routing data/1536/stackoverflow_a2q.rt1427.txt (1067 entries)
rank=1408/1536 dataset=stackoverflow_a2q walkers=5208 (7332864..7338071) steps=30 mode=0 sched=single-bucket delta_t=0 policy=0
rank=1408 loaded data/1536/stackoverflow_a2q.sub1408.txt (|V_local|=1596  t_range=[12516506,239514168])
rank=1408 loaded routing data/1536/stackoverflow_a2q.rt1408.txt (1116 entries)
rank=1408 added 1 boundary-only nodes from routing
rank=1413/1536 dataset=stackoverflow_a2q walkers=5208 (7358904..7364111) steps=30 mode=0 sched=single-bucket delta_t=0 policy=0
rank=1413 loaded data/1536/stackoverflow_a2q.sub1413.txt (|V_local|=1587  t_range=[24850634,239641623])
rank=1413 loaded routing data/1536/stackoverflow_a2q.rt1413.txt (1086 entries)
rank=1413 added 4 boundary-only nodes from routing
rank=1434/1536 dataset=stackoverflow_a2q walkers=5208 (7468272..7473479) steps=30 mode=0 sched=single-bucket delta_t=0 policy=0
rank=1434 loaded data/1536/stackoverflow_a2q.sub1434.txt (|V_local|=1593  t_range=[26672263,239660816])
rank=1434 loaded routing data/1536/stackoverflow_a2q.rt1434.txt (1161 entries)
rank=1425/1536 dataset=stackoverflow_a2q walkers=5208 (7421400..7426607) steps=30 mode=0 sched=single-bucket delta_t=0 policy=0
rank=1425 loaded data/1536/stackoverflow_a2q.sub1425.txt (|V_local|=1589  t_range=[4697415,239567309])
rank=1425 loaded routing data/1536/stackoverflow_a2q.rt1425.txt (1069 entries)
rank=1425 added 7 boundary-only nodes from routing
rank=1426/1536 dataset=stackoverflow_a2q walkers=5208 (7426608..7431815) steps=30 mode=0 sched=single-bucket delta_t=0 policy=0
rank=1426 loaded data/1536/stackoverflow_a2q.sub1426.txt (|V_local|=1597  t_range=[42421071,239670847])
rank=1426 loaded routing data/1536/stackoverflow_a2q.rt1426.txt (1025 entries)
rank=1432/1536 dataset=stackoverflow_a2q walkers=5208 (7457856..7463063) steps=30 mode=0 sched=single-bucket delta_t=0 policy=0
rank=1432 loaded data/1536/stackoverflow_a2q.sub1432.txt (|V_local|=1652  t_range=[38167389,239694889])
rank=1432 loaded routing data/1536/stackoverflow_a2q.rt1432.txt (1014 entries)
rank=1416/1536 dataset=stackoverflow_a2q walkers=5208 (7374528..7379735) steps=30 mode=0 sched=single-bucket delta_t=0 policy=0
rank=1416 loaded data/1536/stackoverflow_a2q.sub1416.txt (|V_local|=1597  t_range=[19083555,239694846])
rank=1416 loaded routing data/1536/stackoverflow_a2q.rt1416.txt (1119 entries)
rank=1416 added 1 boundary-only nodes from routing
rank=1428/1536 dataset=stackoverflow_a2q walkers=5208 (7437024..7442231) steps=30 mode=0 sched=single-bucket delta_t=0 policy=0
rank=1428 loaded data/1536/stackoverflow_a2q.sub1428.txt (|V_local|=1596  t_range=[4263034,239697440])
rank=1428 loaded routing data/1536/stackoverflow_a2q.rt1428.txt (1053 entries)
rank=1392/1536 dataset=stackoverflow_a2q walkers=5208 (7249536..7254743) steps=30 mode=0 sched=single-bucket delta_t=0 policy=0
rank=1392 loaded data/1536/stackoverflow_a2q.sub1392.txt (|V_local|=1583  t_range=[4707386,239677035])
rank=1392 loaded routing data/1536/stackoverflow_a2q.rt1392.txt (1091 entries)
rank=1392 added 5 boundary-only nodes from routing
rank=1436/1536 dataset=stackoverflow_a2q walkers=5208 (7478688..7483895) steps=30 mode=0 sched=single-bucket delta_t=0 policy=0
rank=1436 loaded data/1536/stackoverflow_a2q.sub1436.txt (|V_local|=1635  t_range=[64470930,239647233])
rank=1436 loaded routing data/1536/stackoverflow_a2q.rt1436.txt (1134 entries)
rank=1414/1536 dataset=stackoverflow_a2q walkers=5208 (7364112..7369319) steps=30 mode=0 sched=single-bucket delta_t=0 policy=0
rank=1414 loaded data/1536/stackoverflow_a2q.sub1414.txt (|V_local|=1592  t_range=[24586305,239634629])
rank=1414 loaded routing data/1536/stackoverflow_a2q.rt1414.txt (1101 entries)
rank=1423/1536 dataset=stackoverflow_a2q walkers=5208 (7410984..7416191) steps=30 mode=0 sched=single-bucket delta_t=0 policy=0
rank=1423 loaded data/1536/stackoverflow_a2q.sub1423.txt (|V_local|=1592  t_range=[15435839,239598667])
rank=1423 loaded routing data/1536/stackoverflow_a2q.rt1423.txt (1062 entries)
rank=1423 added 1 boundary-only nodes from routing
rank=1418/1536 dataset=stackoverflow_a2q walkers=5208 (7384944..7390151) steps=30 mode=0 sched=single-bucket delta_t=0 policy=0
rank=1418 loaded data/1536/stackoverflow_a2q.sub1418.txt (|V_local|=1599  t_range=[4494029,239673868])
rank=1418 loaded routing data/1536/stackoverflow_a2q.rt1418.txt (1003 entries)
rank=1415/1536 dataset=stackoverflow_a2q walkers=5208 (7369320..7374527) steps=30 mode=0 sched=single-bucket delta_t=0 policy=0
rank=1415 loaded data/1536/stackoverflow_a2q.sub1415.txt (|V_local|=1588  t_range=[31600744,239689805])
rank=1415 loaded routing data/1536/stackoverflow_a2q.rt1415.txt (1109 entries)
rank=1415 added 6 boundary-only nodes from routing
rank=1421/1536 dataset=stackoverflow_a2q walkers=5208 (7400568..7405775) steps=30 mode=0 sched=single-bucket delta_t=0 policy=0
rank=1421 loaded data/1536/stackoverflow_a2q.sub1421.txt (|V_local|=1592  t_range=[31115883,239657502])
rank=1421 loaded routing data/1536/stackoverflow_a2q.rt1421.txt (1079 entries)
rank=1421 added 3 boundary-only nodes from routing
rank=1409/1536 dataset=stackoverflow_a2q walkers=5208 (7338072..7343279) steps=30 mode=0 sched=single-bucket delta_t=0 policy=0
rank=1504 loaded data/1536/stackoverflow_a2q.sub1504.txt (|V_local|=1594  t_range=[39720356,239614741])
rank=1504 loaded routing data/1536/stackoverflow_a2q.rt1504.txt (131 entries)
rank=1229/1536 dataset=stackoverflow_a2q walkers=5208 (6400632..6405839) steps=30 mode=0 sched=single-bucket delta_t=0 policy=0
rank=1229 loaded data/1536/stackoverflow_a2q.sub1229.txt (|V_local|=1595  t_range=[37336236,239598428])
rank=1229 loaded routing data/1536/stackoverflow_a2q.rt1229.txt (1048 entries)
rank=1221/1536 dataset=stackoverflow_a2q walkers=5208 (6358968..6364175) steps=30 mode=0 sched=single-bucket delta_t=0 policy=0
rank=1221 loaded data/1536/stackoverflow_a2q.sub1221.txt (|V_local|=1593  t_range=[6264386,239652016])
rank=1221 loaded routing data/1536/stackoverflow_a2q.rt1221.txt (1143 entries)
rank=1221 added 1 boundary-only nodes from routing
rank=1220/1536 dataset=stackoverflow_a2q walkers=5208 (6353760..6358967) steps=30 mode=0 sched=single-bucket delta_t=0 policy=0
rank=1220 loaded data/1536/stackoverflow_a2q.sub1220.txt (|V_local|=1651  t_range=[27595275,239693836])
rank=1220 loaded routing data/1536/stackoverflow_a2q.rt1220.txt (1020 entries)
rank=1207/1536 dataset=stackoverflow_a2q walkers=5208 (6286056..6291263) steps=30 mode=0 sched=single-bucket delta_t=0 policy=0
rank=1207 loaded data/1536/stackoverflow_a2q.sub1207.txt (|V_local|=1594  t_range=[58122353,239608835])
rank=1207 loaded routing data/1536/stackoverflow_a2q.rt1207.txt (1018 entries)
rank=1208/1536 dataset=stackoverflow_a2q walkers=5208 (6291264..6296471) steps=30 mode=0 sched=single-bucket delta_t=0 policy=0
rank=1208 loaded data/1536/stackoverflow_a2q.sub1208.txt (|V_local|=1593  t_range=[20369381,239695032])
rank=1208 loaded routing data/1536/stackoverflow_a2q.rt1208.txt (1060 entries)
rank=1222/1536 dataset=stackoverflow_a2q walkers=5208 (6364176..6369383) steps=30 mode=0 sched=single-bucket delta_t=0 policy=0
rank=1222 loaded data/1536/stackoverflow_a2q.sub1222.txt (|V_local|=1586  t_range=[19414391,239510157])
rank=1222 loaded routing data/1536/stackoverflow_a2q.rt1222.txt (1103 entries)
rank=1222 added 2 boundary-only nodes from routing
rank=1234/1536 dataset=stackoverflow_a2q walkers=5208 (6426672..6431879) steps=30 mode=0 sched=single-bucket delta_t=0 policy=0
rank=1234 loaded data/1536/stackoverflow_a2q.sub1234.txt (|V_local|=1595  t_range=[34890585,239664187])
rank=1234 loaded routing data/1536/stackoverflow_a2q.rt1234.txt (1059 entries)
rank=1215/1536 dataset=stackoverflow_a2q walkers=5208 (6327720..6332927) steps=30 mode=0 sched=single-bucket delta_t=0 policy=0
rank=1215 loaded data/1536/stackoverflow_a2q.sub1215.txt (|V_local|=1587  t_range=[39611033,239663817])
rank=1215 loaded routing data/1536/stackoverflow_a2q.rt1215.txt (1097 entries)
rank=1215 added 1 boundary-only nodes from routing
rank=1212/1536 dataset=stackoverflow_a2q walkers=5208 (6312096..6317303) steps=30 mode=0 sched=single-bucket delta_t=0 policy=0
rank=1212 loaded data/1536/stackoverflow_a2q.sub1212.txt (|V_local|=1590  t_range=[53897009,239548675])
rank=1212 loaded routing data/1536/stackoverflow_a2q.rt1212.txt (1117 entries)
rank=1212 added 1 boundary-only nodes from routing
rank=1213/1536 dataset=stackoverflow_a2q walkers=5208 (6317304..6322511) steps=30 mode=0 sched=single-bucket delta_t=0 policy=0
rank=1213 loaded data/1536/stackoverflow_a2q.sub1213.txt (|V_local|=1593  t_range=[33082778,239679866])
rank=1213 loaded routing data/1536/stackoverflow_a2q.rt1213.txt (1072 entries)
rank=1213 added 2 boundary-only nodes from routing
rank=1246/1536 dataset=stackoverflow_a2q walkers=5208 (6489168..6494375) steps=30 mode=0 sched=single-bucket delta_t=0 policy=0
rank=1246 loaded data/1536/stackoverflow_a2q.sub1246.txt (|V_local|=1595  t_range=[4076826,239660969])
rank=1246 loaded routing data/1536/stackoverflow_a2q.rt1246.txt (1026 entries)
rank=1242/1536 dataset=stackoverflow_a2q walkers=5208 (6468336..6473543) steps=30 mode=0 sched=single-bucket delta_t=0 policy=0
rank=1242 loaded data/1536/stackoverflow_a2q.sub1242.txt (|V_local|=1594  t_range=[44564348,239675161])
rank=1242 loaded routing data/1536/stackoverflow_a2q.rt1242.txt (1095 entries)
rank=1242 added 1 boundary-only nodes from routing
rank=1226/1536 dataset=stackoverflow_a2q walkers=5208 (6385008..6390215) steps=30 mode=0 sched=single-bucket delta_t=0 policy=0
rank=1226 loaded data/1536/stackoverflow_a2q.sub1226.txt (|V_local|=1602  t_range=[24085573,239632777])
rank=1226 loaded routing data/1536/stackoverflow_a2q.rt1226.txt (1091 entries)
rank=1226 added 1 boundary-only nodes from routing
rank=1224/1536 dataset=stackoverflow_a2q walkers=5208 (6374592..6379799) steps=30 mode=0 sched=single-bucket delta_t=0 policy=0
rank=1224 loaded data/1536/stackoverflow_a2q.sub1224.txt (|V_local|=1589  t_range=[22256667,239634024])
rank=1224 loaded routing data/1536/stackoverflow_a2q.rt1224.txt (1097 entries)
rank=1224 added 1 boundary-only nodes from routing
rank=1236/1536 dataset=stackoverflow_a2q walkers=5208 (6437088..6442295) steps=30 mode=0 sched=single-bucket delta_t=0 policy=0
rank=1236 loaded data/1536/stackoverflow_a2q.sub1236.txt (|V_local|=1594  t_range=[25613032,239684073])
rank=1236 loaded routing data/1536/stackoverflow_a2q.rt1236.txt (1118 entries)
rank=1236 added 2 boundary-only nodes from routing
rank=1235/1536 dataset=stackoverflow_a2q walkers=5208 (6431880..6437087) steps=30 mode=0 sched=single-bucket delta_t=0 policy=0
rank=1235 loaded data/1536/stackoverflow_a2q.sub1235.txt (|V_local|=1594  t_range=[81986874,239583850])
rank=1235 loaded routing data/1536/stackoverflow_a2q.rt1235.txt (1033 entries)
rank=1235 added 1 boundary-only nodes from routing
rank=1237/1536 dataset=stackoverflow_a2q walkers=5208 (6442296..6447503) steps=30 mode=0 sched=single-bucket delta_t=0 policy=0
rank=1237 loaded data/1536/stackoverflow_a2q.sub1237.txt (|V_local|=1597  t_range=[65893477,239667380])
rank=1237 loaded routing data/1536/stackoverflow_a2q.rt1237.txt (1065 entries)
rank=1237 added 1 boundary-only nodes from routing
rank=1238/1536 dataset=stackoverflow_a2q walkers=5208 (6447504..6452711) steps=30 mode=0 sched=single-bucket delta_t=0 policy=0
rank=1238 loaded data/1536/stackoverflow_a2q.sub1238.txt (|V_local|=1610  t_range=[43870741,239651506])
rank=1238 loaded routing data/1536/stackoverflow_a2q.rt1238.txt (1032 entries)
rank=1210/1536 dataset=stackoverflow_a2q walkers=5208 (6301680..6306887) steps=30 mode=0 sched=single-bucket delta_t=0 policy=0
rank=1210 loaded data/1536/stackoverflow_a2q.sub1210.txt (|V_local|=1598  t_range=[59061637,239482211])
rank=1210 loaded routing data/1536/stackoverflow_a2q.rt1210.txt (1025 entries)
rank=1210 added 1 boundary-only nodes from routing
rank=1243/1536 dataset=stackoverflow_a2q walkers=5208 (6473544..6478751) steps=30 mode=0 sched=single-bucket delta_t=0 policy=0
rank=1243 loaded data/1536/stackoverflow_a2q.sub1243.txt (|V_local|=1591  t_range=[25153344,239696683])
rank=1243 loaded routing data/1536/stackoverflow_a2q.rt1243.txt (1044 entries)
rank=1223/1536 dataset=stackoverflow_a2q walkers=5208 (6369384..6374591) steps=30 mode=0 sched=single-bucket delta_t=0 policy=0
rank=1223 loaded data/1536/stackoverflow_a2q.sub1223.txt (|V_local|=1592  t_range=[18224416,239627788])
rank=1223 loaded routing data/1536/stackoverflow_a2q.rt1223.txt (1069 entries)
rank=1223 added 1 boundary-only nodes from routing
rank=1232/1536 dataset=stackoverflow_a2q walkers=5208 (6416256..6421463) steps=30 mode=0 sched=single-bucket delta_t=0 policy=0
rank=1232 loaded data/1536/stackoverflow_a2q.sub1232.txt (|V_local|=1597  t_range=[39304459,239598854])
rank=1232 loaded routing data/1536/stackoverflow_a2q.rt1232.txt (1020 entries)
rank=1219/1536 dataset=stackoverflow_a2q walkers=5208 (6348552..6353759) steps=30 mode=0 sched=single-bucket delta_t=0 policy=0
rank=1219 loaded data/1536/stackoverflow_a2q.sub1219.txt (|V_local|=1608  t_range=[57260343,239690037])
rank=1219 loaded routing data/1536/stackoverflow_a2q.rt1219.txt (1051 entries)
rank=1219 added 1 boundary-only nodes from routing
rank=1247/1536 dataset=stackoverflow_a2q walkers=5208 (6494376..6499583) steps=30 mode=0 sched=single-bucket delta_t=0 policy=0
rank=1247 loaded data/1536/stackoverflow_a2q.sub1247.txt (|V_local|=1589  t_range=[52156850,239695105])
rank=1247 loaded routing data/1536/stackoverflow_a2q.rt1247.txt (1052 entries)
rank=829/1536 dataset=stackoverflow_a2q walkers=5208 (4317432..4322639) steps=30 mode=0 sched=single-bucket delta_t=0 policy=0
rank=829 loaded data/1536/stackoverflow_a2q.sub829.txt (|V_local|=1652  t_range=[31348311,239615999])
rank=829 loaded routing data/1536/stackoverflow_a2q.rt829.txt (843 entries)
rank=856/1536 dataset=stackoverflow_a2q walkers=5208 (4458048..4463255) steps=30 mode=0 sched=single-bucket delta_t=0 policy=0
rank=856 loaded data/1536/stackoverflow_a2q.sub856.txt (|V_local|=1615  t_range=[30594738,239674524])
rank=856 loaded routing data/1536/stackoverflow_a2q.rt856.txt (1030 entries)
rank=856 added 5 boundary-only nodes from routing
rank=843/1536 dataset=stackoverflow_a2q walkers=5208 (4390344..4395551) steps=30 mode=0 sched=single-bucket delta_t=0 policy=0
rank=843 loaded data/1536/stackoverflow_a2q.sub843.txt (|V_local|=1594  t_range=[16158079,239552346])
rank=843 loaded routing data/1536/stackoverflow_a2q.rt843.txt (1095 entries)
rank=843 added 4 boundary-only nodes from routing
rank=831/1536 dataset=stackoverflow_a2q walkers=5208 (4327848..4333055) steps=30 mode=0 sched=single-bucket delta_t=0 policy=0
rank=831 loaded data/1536/stackoverflow_a2q.sub831.txt (|V_local|=1591  t_range=[42773743,239677145])
rank=831 loaded routing data/1536/stackoverflow_a2q.rt831.txt (983 entries)
rank=831 added 2 boundary-only nodes from routing
rank=839/1536 dataset=stackoverflow_a2q walkers=5208 (4369512..4374719) steps=30 mode=0 sched=single-bucket delta_t=0 policy=0
rank=839 loaded data/1536/stackoverflow_a2q.sub839.txt (|V_local|=1605  t_range=[31160069,239570208])
rank=839 loaded routing data/1536/stackoverflow_a2q.rt839.txt (927 entries)
rank=839 added 1 boundary-only nodes from routing
rank=859/1536 dataset=stackoverflow_a2q walkers=5208 (4473672..4478879) steps=30 mode=0 sched=single-bucket delta_t=0 policy=0
rank=859 loaded data/1536/stackoverflow_a2q.sub859.txt (|V_local|=1651  t_range=[4096629,239591984])
rank=859 loaded routing data/1536/stackoverflow_a2q.rt859.txt (741 entries)
rank=844/1536 dataset=stackoverflow_a2q walkers=5208 (4395552..4400759) steps=30 mode=0 sched=single-bucket delta_t=0 policy=0
rank=844 loaded data/1536/stackoverflow_a2q.sub844.txt (|V_local|=1649  t_range=[4564882,239587120])
rank=844 loaded routing data/1536/stackoverflow_a2q.rt844.txt (998 entries)
rank=840/1536 dataset=stackoverflow_a2q walkers=5208 (4374720..4379927) steps=30 mode=0 sched=single-bucket delta_t=0 policy=0
rank=840 loaded data/1536/stackoverflow_a2q.sub840.txt (|V_local|=1590  t_range=[7246496,239656521])
rank=840 loaded routing data/1536/stackoverflow_a2q.rt840.txt (1110 entries)
rank=840 added 4 boundary-only nodes from routing
rank=836/1536 dataset=stackoverflow_a2q walkers=5208 (4353888..4359095) steps=30 mode=0 sched=single-bucket delta_t=0 policy=0
rank=836 loaded data/1536/stackoverflow_a2q.sub836.txt (|V_local|=1590  t_range=[23972336,239670203])
rank=836 loaded routing data/1536/stackoverflow_a2q.rt836.txt (1008 entries)
rank=836 added 4 boundary-only nodes from routing
rank=133/1536 dataset=stackoverflow_a2q walkers=5208 (692664..697871) steps=30 mode=0 sched=single-bucket delta_t=0 policy=0
rank=133 loaded data/1536/stackoverflow_a2q.sub133.txt (|V_local|=1647  t_range=[9462131,239617562])
rank=133 loaded routing data/1536/stackoverflow_a2q.rt133.txt (594 entries)
rank=133 added 1 boundary-only nodes from routing
rank=125/1536 dataset=stackoverflow_a2q walkers=5208 (651000..656207) steps=30 mode=0 sched=single-bucket delta_t=0 policy=0
rank=125 loaded data/1536/stackoverflow_a2q.sub125.txt (|V_local|=1651  t_range=[2840335,239684167])
rank=125 loaded routing data/1536/stackoverflow_a2q.rt125.txt (737 entries)
rank=125 added 1 boundary-only nodes from routing
rank=136/1536 dataset=stackoverflow_a2q walkers=5208 (708288..713495) steps=30 mode=0 sched=single-bucket delta_t=0 policy=0
rank=136 loaded data/1536/stackoverflow_a2q.sub136.txt (|V_local|=1603  t_range=[4534707,239665751])
rank=136 loaded routing data/1536/stackoverflow_a2q.rt136.txt (838 entries)
rank=136 added 4 boundary-only nodes from routing
rank=140/1536 dataset=stackoverflow_a2q walkers=5208 (729120..734327) steps=30 mode=0 sched=single-bucket delta_t=0 policy=0
rank=140 loaded data/1536/stackoverflow_a2q.sub140.txt (|V_local|=1601  t_range=[4211419,239684370])
rank=140 loaded routing data/1536/stackoverflow_a2q.rt140.txt (1031 entries)
rank=141/1536 dataset=stackoverflow_a2q walkers=5208 (734328..739535) steps=30 mode=0 sched=single-bucket delta_t=0 policy=0
rank=141 loaded data/1536/stackoverflow_a2q.sub141.txt (|V_local|=1592  t_range=[3684060,239655993])
rank=141 loaded routing data/1536/stackoverflow_a2q.rt141.txt (990 entries)
rank=141 added 1 boundary-only nodes from routing
rank=132/1536 dataset=stackoverflow_a2q walkers=5208 (687456..692663) steps=30 mode=0 sched=single-bucket delta_t=0 policy=0
rank=132 loaded data/1536/stackoverflow_a2q.sub132.txt (|V_local|=1596  t_range=[832716,239468881])
rank=132 loaded routing data/1536/stackoverflow_a2q.rt132.txt (999 entries)
rank=127/1536 dataset=stackoverflow_a2q walkers=5208 (661416..666623) steps=30 mode=0 sched=single-bucket delta_t=0 policy=0
rank=127 loaded data/1536/stackoverflow_a2q.sub127.txt (|V_local|=1651  t_range=[4217997,239539696])
rank=127 loaded routing data/1536/stackoverflow_a2q.rt127.txt (845 entries)
rank=127 added 1 boundary-only nodes from routing
rank=111/1536 dataset=stackoverflow_a2q walkers=5208 (578088..583295) steps=30 mode=0 sched=single-bucket delta_t=0 policy=0
rank=111 loaded data/1536/stackoverflow_a2q.sub111.txt (|V_local|=1615  t_range=[4126458,239685132])
rank=111 loaded routing data/1536/stackoverflow_a2q.rt111.txt (927 entries)
rank=111 added 1 boundary-only nodes from routing
rank=112/1536 dataset=stackoverflow_a2q walkers=5208 (583296..588503) steps=30 mode=0 sched=single-bucket delta_t=0 policy=0
rank=112 loaded data/1536/stackoverflow_a2q.sub112.txt (|V_local|=1640  t_range=[2387755,239629738])
rank=112 loaded routing data/1536/stackoverflow_a2q.rt112.txt (926 entries)
rank=112 added 1 boundary-only nodes from routing
rank=124/1536 dataset=stackoverflow_a2q walkers=5208 (645792..650999) steps=30 mode=0 sched=single-bucket delta_t=0 policy=0
rank=124 loaded data/1536/stackoverflow_a2q.sub124.txt (|V_local|=1649  t_range=[1611209,239556661])
rank=124 loaded routing data/1536/stackoverflow_a2q.rt124.txt (740 entries)
rank=137/1536 dataset=stackoverflow_a2q walkers=5208 (713496..718703) steps=30 mode=0 sched=single-bucket delta_t=0 policy=0
rank=137 loaded data/1536/stackoverflow_a2q.sub137.txt (|V_local|=1596  t_range=[3514660,239666304])
rank=137 loaded routing data/1536/stackoverflow_a2q.rt137.txt (1005 entries)
rank=137 added 2 boundary-only nodes from routing
rank=116/1536 dataset=stackoverflow_a2q walkers=5208 (604128..609335) steps=30 mode=0 sched=single-bucket delta_t=0 policy=0
rank=116 loaded data/1536/stackoverflow_a2q.sub116.txt (|V_local|=1639  t_range=[1639488,239660031])
rank=116 loaded routing data/1536/stackoverflow_a2q.rt116.txt (881 entries)
rank=116 added 3 boundary-only nodes from routing
rank=120/1536 dataset=stackoverflow_a2q walkers=5208 (624960..630167) steps=30 mode=0 sched=single-bucket delta_t=0 policy=0
rank=120 loaded data/1536/stackoverflow_a2q.sub120.txt (|V_local|=1602  t_range=[1731646,238382456])
rank=120 loaded routing data/1536/stackoverflow_a2q.rt120.txt (771 entries)
rank=121/1536 dataset=stackoverflow_a2q walkers=5208 (630168..635375) steps=30 mode=0 sched=single-bucket delta_t=0 policy=0
rank=121 loaded data/1536/stackoverflow_a2q.sub121.txt (|V_local|=1591  t_range=[4934534,239649540])
rank=121 loaded routing data/1536/stackoverflow_a2q.rt121.txt (1015 entries)
rank=121 added 2 boundary-only nodes from routing
rank=135/1536 dataset=stackoverflow_a2q walkers=5208 (703080..708287) steps=30 mode=0 sched=single-bucket delta_t=0 policy=0
rank=135 loaded data/1536/stackoverflow_a2q.sub135.txt (|V_local|=1590  t_range=[18827094,239690485])
rank=135 loaded routing data/1536/stackoverflow_a2q.rt135.txt (1038 entries)
rank=135 added 1 boundary-only nodes from routing
rank=119/1536 dataset=stackoverflow_a2q walkers=5208 (619752..624959) steps=30 mode=0 sched=single-bucket delta_t=0 policy=0
rank=119 loaded data/1536/stackoverflow_a2q.sub119.txt (|V_local|=1589  t_range=[15283147,239657275])
rank=119 loaded routing data/1536/stackoverflow_a2q.rt119.txt (1030 entries)
rank=128/1536 dataset=stackoverflow_a2q walkers=5208 (666624..671831) steps=30 mode=0 sched=single-bucket delta_t=0 policy=0
rank=128 loaded data/1536/stackoverflow_a2q.sub128.txt (|V_local|=1648  t_range=[18494098,239683820])
rank=128 loaded routing data/1536/stackoverflow_a2q.rt128.txt (821 entries)
rank=114/1536 dataset=stackoverflow_a2q walkers=5208 (593712..598919) steps=30 mode=0 sched=single-bucket delta_t=0 policy=0
rank=114 loaded data/1536/stackoverflow_a2q.sub114.txt (|V_local|=1590  t_range=[3076078,239680999])
rank=114 loaded routing data/1536/stackoverflow_a2q.rt114.txt (1077 entries)
rank=114 added 1 boundary-only nodes from routing
rank=107/1536 dataset=stackoverflow_a2q walkers=5208 (557256..562463) steps=30 mode=0 sched=single-bucket delta_t=0 policy=0
rank=107 loaded data/1536/stackoverflow_a2q.sub107.txt (|V_local|=1593  t_range=[4734733,239496228])
rank=107 loaded routing data/1536/stackoverflow_a2q.rt107.txt (937 entries)
rank=107 added 9 boundary-only nodes from routing
rank=110/1536 dataset=stackoverflow_a2q walkers=5208 (572880..578087) steps=30 mode=0 sched=single-bucket delta_t=0 policy=0
rank=110 loaded data/1536/stackoverflow_a2q.sub110.txt (|V_local|=1596  t_range=[4199527,239454951])
rank=110 loaded routing data/1536/stackoverflow_a2q.rt110.txt (931 entries)
rank=110 added 3 boundary-only nodes from routing
rank=109/1536 dataset=stackoverflow_a2q walkers=5208 (567672..572879) steps=30 mode=0 sched=single-bucket delta_t=0 policy=0
rank=109 loaded data/1536/stackoverflow_a2q.sub109.txt (|V_local|=1590  t_range=[4069550,239579330])
rank=109 loaded routing data/1536/stackoverflow_a2q.rt109.txt (1033 entries)
rank=109 added 3 boundary-only nodes from routing
rank=130/1536 dataset=stackoverflow_a2q walkers=5208 (677040..682247) steps=30 mode=0 sched=single-bucket delta_t=0 policy=0
rank=130 loaded data/1536/stackoverflow_a2q.sub130.txt (|V_local|=1650  t_range=[2574218,239666536])
rank=130 loaded routing data/1536/stackoverflow_a2q.rt130.txt (809 entries)
rank=138/1536 dataset=stackoverflow_a2q walkers=5208 (718704..723911) steps=30 mode=0 sched=single-bucket delta_t=0 policy=0
rank=138 loaded data/1536/stackoverflow_a2q.sub138.txt (|V_local|=1594  t_range=[16390105,239681985])
rank=138 loaded routing data/1536/stackoverflow_a2q.rt138.txt (1044 entries)
rank=96/1536 dataset=stackoverflow_a2q walkers=5208 (499968..505175) steps=30 mode=0 sched=single-bucket delta_t=0 policy=0
rank=96 loaded data/1536/stackoverflow_a2q.sub96.txt (|V_local|=1589  t_range=[4491283,239654428])
rank=96 loaded routing data/1536/stackoverflow_a2q.rt96.txt (1021 entries)
rank=96 added 3 boundary-only nodes from routing
rank=131/1536 dataset=stackoverflow_a2q walkers=5208 (682248..687455) steps=30 mode=0 sched=single-bucket delta_t=0 policy=0
rank=638/1536 dataset=stackoverflow_a2q walkers=5208 (3322704..3327911) steps=30 mode=0 sched=single-bucket delta_t=0 policy=0
rank=638 loaded data/1536/stackoverflow_a2q.sub638.txt (|V_local|=1650  t_range=[19230985,239559283])
rank=638 loaded routing data/1536/stackoverflow_a2q.rt638.txt (1001 entries)
rank=638 added 1 boundary-only nodes from routing
rank=1042/1536 dataset=stackoverflow_a2q walkers=5208 (5426736..5431943) steps=30 mode=0 sched=single-bucket delta_t=0 policy=0
rank=1042 loaded data/1536/stackoverflow_a2q.sub1042.txt (|V_local|=1590  t_range=[32116453,239650796])
rank=1042 loaded routing data/1536/stackoverflow_a2q.rt1042.txt (967 entries)
rank=1042 added 1 boundary-only nodes from routing
rank=560/1536 dataset=stackoverflow_a2q walkers=5208 (2916480..2921687) steps=30 mode=0 sched=single-bucket delta_t=0 policy=0
rank=560 loaded data/1536/stackoverflow_a2q.sub560.txt (|V_local|=1642  t_range=[16677421,239545086])
rank=560 loaded routing data/1536/stackoverflow_a2q.rt560.txt (775 entries)
rank=560 added 9 boundary-only nodes from routing
rank=569/1536 dataset=stackoverflow_a2q walkers=5208 (2963352..2968559) steps=30 mode=0 sched=single-bucket delta_t=0 policy=0
rank=569 loaded data/1536/stackoverflow_a2q.sub569.txt (|V_local|=1627  t_range=[51033606,239673624])
rank=569 loaded routing data/1536/stackoverflow_a2q.rt569.txt (622 entries)
rank=569 added 25 boundary-only nodes from routing
rank=537/1536 dataset=stackoverflow_a2q walkers=5208 (2796696..2801903) steps=30 mode=0 sched=single-bucket delta_t=0 policy=0
rank=537 loaded data/1536/stackoverflow_a2q.sub537.txt (|V_local|=1583  t_range=[4317001,239574961])
rank=537 loaded routing data/1536/stackoverflow_a2q.rt537.txt (1128 entries)
rank=537 added 3 boundary-only nodes from routing
rank=565/1536 dataset=stackoverflow_a2q walkers=5208 (2942520..2947727) steps=30 mode=0 sched=single-bucket delta_t=0 policy=0
rank=565 loaded data/1536/stackoverflow_a2q.sub565.txt (|V_local|=1645  t_range=[43523895,239692716])
rank=565 loaded routing data/1536/stackoverflow_a2q.rt565.txt (937 entries)
rank=565 added 5 boundary-only nodes from routing
rank=540/1536 dataset=stackoverflow_a2q walkers=5208 (2812320..2817527) steps=30 mode=0 sched=single-bucket delta_t=0 policy=0
rank=540 loaded data/1536/stackoverflow_a2q.sub540.txt (|V_local|=1588  t_range=[6299165,239576420])
rank=540 loaded routing data/1536/stackoverflow_a2q.rt540.txt (1114 entries)
rank=540 added 8 boundary-only nodes from routing
rank=547/1536 dataset=stackoverflow_a2q walkers=5208 (2848776..2853983) steps=30 mode=0 sched=single-bucket delta_t=0 policy=0
rank=547 loaded data/1536/stackoverflow_a2q.sub547.txt (|V_local|=1574  t_range=[46356585,239695480])
rank=547 loaded routing data/1536/stackoverflow_a2q.rt547.txt (990 entries)
rank=547 added 78 boundary-only nodes from routing
rank=558/1536 dataset=stackoverflow_a2q walkers=5208 (2906064..2911271) steps=30 mode=0 sched=single-bucket delta_t=0 policy=0
rank=558 loaded data/1536/stackoverflow_a2q.sub558.txt (|V_local|=1585  t_range=[8459747,239670589])
rank=558 loaded routing data/1536/stackoverflow_a2q.rt558.txt (1096 entries)
rank=558 added 5 boundary-only nodes from routing
rank=546/1536 dataset=stackoverflow_a2q walkers=5208 (2843568..2848775) steps=30 mode=0 sched=single-bucket delta_t=0 policy=0
rank=546 loaded data/1536/stackoverflow_a2q.sub546.txt (|V_local|=1579  t_range=[3888964,239621519])
rank=546 loaded routing data/1536/stackoverflow_a2q.rt546.txt (1074 entries)
rank=546 added 11 boundary-only nodes from routing
rank=562/1536 dataset=stackoverflow_a2q walkers=5208 (2926896..2932103) steps=30 mode=0 sched=single-bucket delta_t=0 policy=0
rank=562 loaded data/1536/stackoverflow_a2q.sub562.txt (|V_local|=1593  t_range=[4102651,239529892])
rank=562 loaded routing data/1536/stackoverflow_a2q.rt562.txt (1054 entries)
rank=562 added 4 boundary-only nodes from routing
rank=574/1536 dataset=stackoverflow_a2q walkers=5208 (2989392..2994599) steps=30 mode=0 sched=single-bucket delta_t=0 policy=0
rank=574 loaded data/1536/stackoverflow_a2q.sub574.txt (|V_local|=1589  t_range=[4580969,239566758])
rank=574 loaded routing data/1536/stackoverflow_a2q.rt574.txt (1127 entries)
rank=574 added 8 boundary-only nodes from routing
rank=564/1536 dataset=stackoverflow_a2q walkers=5208 (2937312..2942519) steps=30 mode=0 sched=single-bucket delta_t=0 policy=0
rank=564 loaded data/1536/stackoverflow_a2q.sub564.txt (|V_local|=1613  t_range=[34277145,239675114])
rank=564 loaded routing data/1536/stackoverflow_a2q.rt564.txt (1107 entries)
rank=564 added 4 boundary-only nodes from routing
rank=566/1536 dataset=stackoverflow_a2q walkers=5208 (2947728..2952935) steps=30 mode=0 sched=single-bucket delta_t=0 policy=0
rank=566 loaded data/1536/stackoverflow_a2q.sub566.txt (|V_local|=1627  t_range=[34346649,239647811])
rank=566 loaded routing data/1536/stackoverflow_a2q.rt566.txt (916 entries)
rank=566 added 23 boundary-only nodes from routing
rank=573/1536 dataset=stackoverflow_a2q walkers=5208 (2984184..2989391) steps=30 mode=0 sched=single-bucket delta_t=0 policy=0
rank=573 loaded data/1536/stackoverflow_a2q.sub573.txt (|V_local|=1591  t_range=[12357477,239690603])
rank=573 loaded routing data/1536/stackoverflow_a2q.rt573.txt (1121 entries)
rank=573 added 1 boundary-only nodes from routing
rank=561/1536 dataset=stackoverflow_a2q walkers=5208 (2921688..2926895) steps=30 mode=0 sched=single-bucket delta_t=0 policy=0
rank=561 loaded data/1536/stackoverflow_a2q.sub561.txt (|V_local|=1595  t_range=[6606049,239693333])
rank=561 loaded routing data/1536/stackoverflow_a2q.rt561.txt (997 entries)
rank=561 added 2 boundary-only nodes from routing
rank=572/1536 dataset=stackoverflow_a2q walkers=5208 (2978976..2984183) steps=30 mode=0 sched=single-bucket delta_t=0 policy=0
rank=572 loaded data/1536/stackoverflow_a2q.sub572.txt (|V_local|=1579  t_range=[17513724,239665001])
rank=572 loaded routing data/1536/stackoverflow_a2q.rt572.txt (995 entries)
rank=572 added 14 boundary-only nodes from routing
rank=570/1536 dataset=stackoverflow_a2q walkers=5208 (2968560..2973767) steps=30 mode=0 sched=single-bucket delta_t=0 policy=0
rank=570 loaded data/1536/stackoverflow_a2q.sub570.txt (|V_local|=1588  t_range=[6050801,239547777])
rank=570 loaded routing data/1536/stackoverflow_a2q.rt570.txt (1163 entries)
rank=571/1536 dataset=stackoverflow_a2q walkers=5208 (2973768..2978975) steps=30 mode=0 sched=single-bucket delta_t=0 policy=0
rank=571 loaded data/1536/stackoverflow_a2q.sub571.txt (|V_local|=1590  t_range=[5987919,239589062])
rank=571 loaded routing data/1536/stackoverflow_a2q.rt571.txt (1067 entries)
rank=571 added 2 boundary-only nodes from routing
rank=541/1536 dataset=stackoverflow_a2q walkers=5208 (2817528..2822735) steps=30 mode=0 sched=single-bucket delta_t=0 policy=0
rank=541 loaded data/1536/stackoverflow_a2q.sub541.txt (|V_local|=1633  t_range=[2703441,239584361])
rank=541 loaded routing data/1536/stackoverflow_a2q.rt541.txt (709 entries)
rank=541 added 19 boundary-only nodes from routing
rank=548/1536 dataset=stackoverflow_a2q walkers=5208 (2853984..2859191) steps=30 mode=0 sched=single-bucket delta_t=0 policy=0
rank=548 loaded data/1536/stackoverflow_a2q.sub548.txt (|V_local|=1652  t_range=[4032013,239657106])
rank=548 loaded routing data/1536/stackoverflow_a2q.rt548.txt (348 entries)
rank=568/1536 dataset=stackoverflow_a2q walkers=5208 (2958144..2963351) steps=30 mode=0 sched=single-bucket delta_t=0 policy=0
rank=568 loaded data/1536/stackoverflow_a2q.sub568.txt (|V_local|=1644  t_range=[6566103,239650316])
rank=568 loaded routing data/1536/stackoverflow_a2q.rt568.txt (921 entries)
rank=568 added 8 boundary-only nodes from routing
rank=538/1536 dataset=stackoverflow_a2q walkers=5208 (2801904..2807111) steps=30 mode=0 sched=single-bucket delta_t=0 policy=0
rank=538 loaded data/1536/stackoverflow_a2q.sub538.txt (|V_local|=1591  t_range=[3979472,239625477])
rank=538 loaded routing data/1536/stackoverflow_a2q.rt538.txt (1052 entries)
rank=538 added 6 boundary-only nodes from routing
rank=554/1536 dataset=stackoverflow_a2q walkers=5208 (2885232..2890439) steps=30 mode=0 sched=single-bucket delta_t=0 policy=0
rank=554 loaded data/1536/stackoverflow_a2q.sub554.txt (|V_local|=1593  t_range=[5401327,239520226])
rank=554 loaded routing data/1536/stackoverflow_a2q.rt554.txt (1038 entries)
rank=268/1536 dataset=stackoverflow_a2q walkers=5208 (1395744..1400951) steps=30 mode=0 sched=single-bucket delta_t=0 policy=0
rank=268 loaded data/1536/stackoverflow_a2q.sub268.txt (|V_local|=1591  t_range=[21635697,239676644])
rank=268 loaded routing data/1536/stackoverflow_a2q.rt268.txt (1009 entries)
rank=268 added 1 boundary-only nodes from routing
rank=270/1536 dataset=stackoverflow_a2q walkers=5208 (1406160..1411367) steps=30 mode=0 sched=single-bucket delta_t=0 policy=0
rank=270 loaded data/1536/stackoverflow_a2q.sub270.txt (|V_local|=1587  t_range=[9499506,239691913])
rank=270 loaded routing data/1536/stackoverflow_a2q.rt270.txt (1058 entries)
rank=267/1536 dataset=stackoverflow_a2q walkers=5208 (1390536..1395743) steps=30 mode=0 sched=single-bucket delta_t=0 policy=0
rank=267 loaded data/1536/stackoverflow_a2q.sub267.txt (|V_local|=1583  t_range=[2069224,239562600])
rank=267 loaded routing data/1536/stackoverflow_a2q.rt267.txt (1058 entries)
rank=267 added 5 boundary-only nodes from routing
rank=277/1536 dataset=stackoverflow_a2q walkers=5208 (1442616..1447823) steps=30 mode=0 sched=single-bucket delta_t=0 policy=0
rank=277 loaded data/1536/stackoverflow_a2q.sub277.txt (|V_local|=1593  t_range=[2035992,239688769])
rank=277 loaded routing data/1536/stackoverflow_a2q.rt277.txt (990 entries)
rank=265/1536 dataset=stackoverflow_a2q walkers=5208 (1380120..1385327) steps=30 mode=0 sched=single-bucket delta_t=0 policy=0
rank=265 loaded data/1536/stackoverflow_a2q.sub265.txt (|V_local|=1596  t_range=[18429788,239697118])
rank=265 loaded routing data/1536/stackoverflow_a2q.rt265.txt (962 entries)
rank=265 added 2 boundary-only nodes from routing
rank=281/1536 dataset=stackoverflow_a2q walkers=5208 (1463448..1468655) steps=30 mode=0 sched=single-bucket delta_t=0 policy=0
rank=281 loaded data/1536/stackoverflow_a2q.sub281.txt (|V_local|=1583  t_range=[3550263,239674855])
rank=281 loaded routing data/1536/stackoverflow_a2q.rt281.txt (1050 entries)
rank=281 added 3 boundary-only nodes from routing
rank=269/1536 dataset=stackoverflow_a2q walkers=5208 (1400952..1406159) steps=30 mode=0 sched=single-bucket delta_t=0 policy=0
rank=269 loaded data/1536/stackoverflow_a2q.sub269.txt (|V_local|=1598  t_range=[16300853,239647709])
rank=269 loaded routing data/1536/stackoverflow_a2q.rt269.txt (1119 entries)
rank=273/1536 dataset=stackoverflow_a2q walkers=5208 (1421784..1426991) steps=30 mode=0 sched=single-bucket delta_t=0 policy=0
rank=273 loaded data/1536/stackoverflow_a2q.sub273.txt (|V_local|=1595  t_range=[4088279,239586380])
rank=273 loaded routing data/1536/stackoverflow_a2q.rt273.txt (1072 entries)
rank=252/1536 dataset=stackoverflow_a2q walkers=5208 (1312416..1317623) steps=30 mode=0 sched=single-bucket delta_t=0 policy=0
rank=252 loaded data/1536/stackoverflow_a2q.sub252.txt (|V_local|=1588  t_range=[25162036,239680272])
rank=252 loaded routing data/1536/stackoverflow_a2q.rt252.txt (1044 entries)
rank=252 added 3 boundary-only nodes from routing
rank=278/1536 dataset=stackoverflow_a2q walkers=5208 (1447824..1453031) steps=30 mode=0 sched=single-bucket delta_t=0 policy=0
rank=278 loaded data/1536/stackoverflow_a2q.sub278.txt (|V_local|=1594  t_range=[8959025,239667800])
rank=278 loaded routing data/1536/stackoverflow_a2q.rt278.txt (1054 entries)
rank=278 added 1 boundary-only nodes from routing
rank=283/1536 dataset=stackoverflow_a2q walkers=5208 (1473864..1479071) steps=30 mode=0 sched=single-bucket delta_t=0 policy=0
rank=283 loaded data/1536/stackoverflow_a2q.sub283.txt (|V_local|=1591  t_range=[5966759,239571442])
rank=283 loaded routing data/1536/stackoverflow_a2q.rt283.txt (1103 entries)
rank=283 added 3 boundary-only nodes from routing
rank=247/1536 dataset=stackoverflow_a2q walkers=5208 (1286376..1291583) steps=30 mode=0 sched=single-bucket delta_t=0 policy=0
rank=247 loaded data/1536/stackoverflow_a2q.sub247.txt (|V_local|=1586  t_range=[4634138,239593889])
rank=247 loaded routing data/1536/stackoverflow_a2q.rt247.txt (1092 entries)
rank=247 added 4 boundary-only nodes from routing
rank=287/1536 dataset=stackoverflow_a2q walkers=5208 (1494696..1499903) steps=30 mode=0 sched=single-bucket delta_t=0 policy=0
rank=287 loaded data/1536/stackoverflow_a2q.sub287.txt (|V_local|=1593  t_range=[35405178,239651615])
rank=287 loaded routing data/1536/stackoverflow_a2q.rt287.txt (1056 entries)
rank=248/1536 dataset=stackoverflow_a2q walkers=5208 (1291584..1296791) steps=30 mode=0 sched=single-bucket delta_t=0 policy=0
rank=248 loaded data/1536/stackoverflow_a2q.sub248.txt (|V_local|=1596  t_range=[4044709,239671802])
rank=248 loaded routing data/1536/stackoverflow_a2q.rt248.txt (957 entries)
rank=282/1536 dataset=stackoverflow_a2q walkers=5208 (1468656..1473863) steps=30 mode=0 sched=single-bucket delta_t=0 policy=0
rank=282 loaded data/1536/stackoverflow_a2q.sub282.txt (|V_local|=1590  t_range=[27976540,239384475])
rank=282 loaded routing data/1536/stackoverflow_a2q.rt282.txt (1104 entries)
rank=282 added 5 boundary-only nodes from routing
rank=279/1536 dataset=stackoverflow_a2q walkers=5208 (1453032..1458239) steps=30 mode=0 sched=single-bucket delta_t=0 policy=0
rank=279 loaded data/1536/stackoverflow_a2q.sub279.txt (|V_local|=1589  t_range=[14440103,239668773])
rank=279 loaded routing data/1536/stackoverflow_a2q.rt279.txt (1034 entries)
rank=279 added 3 boundary-only nodes from routing
rank=274/1536 dataset=stackoverflow_a2q walkers=5208 (1426992..1432199) steps=30 mode=0 sched=single-bucket delta_t=0 policy=0
rank=274 loaded data/1536/stackoverflow_a2q.sub274.txt (|V_local|=1594  t_range=[12005811,239392110])
rank=274 loaded routing data/1536/stackoverflow_a2q.rt274.txt (1060 entries)
rank=274 added 1 boundary-only nodes from routing
rank=256/1536 dataset=stackoverflow_a2q walkers=5208 (1333248..1338455) steps=30 mode=0 sched=single-bucket delta_t=0 policy=0
rank=256 loaded data/1536/stackoverflow_a2q.sub256.txt (|V_local|=1603  t_range=[4765165,239625865])
rank=256 loaded routing data/1536/stackoverflow_a2q.rt256.txt (832 entries)
rank=266/1536 dataset=stackoverflow_a2q walkers=5208 (1385328..1390535) steps=30 mode=0 sched=single-bucket delta_t=0 policy=0
rank=266 loaded data/1536/stackoverflow_a2q.sub266.txt (|V_local|=1595  t_range=[32725202,239571912])
rank=266 loaded routing data/1536/stackoverflow_a2q.rt266.txt (1002 entries)
rank=266 added 1 boundary-only nodes from routing
rank=257/1536 dataset=stackoverflow_a2q walkers=5208 (1338456..1343663) steps=30 mode=0 sched=single-bucket delta_t=0 policy=0
rank=257 loaded data/1536/stackoverflow_a2q.sub257.txt (|V_local|=1589  t_range=[3983733,239671338])
rank=257 loaded routing data/1536/stackoverflow_a2q.rt257.txt (1070 entries)
rank=257 added 2 boundary-only nodes from routing
rank=251/1536 dataset=stackoverflow_a2q walkers=5208 (1307208..1312415) steps=30 mode=0 sched=single-bucket delta_t=0 policy=0
rank=251 loaded data/1536/stackoverflow_a2q.sub251.txt (|V_local|=1583  t_range=[4063081,239632179])
rank=251 loaded routing data/1536/stackoverflow_a2q.rt251.txt (1079 entries)
rank=251 added 5 boundary-only nodes from routing
rank=271/1536 dataset=stackoverflow_a2q walkers=5208 (1411368..1416575) steps=30 mode=0 sched=single-bucket delta_t=0 policy=0
rank=271 loaded data/1536/stackoverflow_a2q.sub271.txt (|V_local|=1592  t_range=[13884423,239682350])
rank=271 loaded routing data/1536/stackoverflow_a2q.rt271.txt (1072 entries)
rank=271 added 2 boundary-only nodes from routing
rank=228/1536 dataset=stackoverflow_a2q walkers=5208 (1187424..1192631) steps=30 mode=0 sched=single-bucket delta_t=0 policy=0
rank=228 loaded data/1536/stackoverflow_a2q.sub228.txt (|V_local|=1591  t_range=[15577373,239680384])
rank=228 loaded routing data/1536/stackoverflow_a2q.rt228.txt (1053 entries)
rank=212/1536 dataset=stackoverflow_a2q walkers=5208 (1104096..1109303) steps=30 mode=0 sched=single-bucket delta_t=0 policy=0
rank=212 loaded data/1536/stackoverflow_a2q.sub212.txt (|V_local|=1589  t_range=[8693658,239548789])
rank=212 loaded routing data/1536/stackoverflow_a2q.rt212.txt (969 entries)
rank=212 added 8 boundary-only nodes from routing
rank=220/1536 dataset=stackoverflow_a2q walkers=5208 (1145760..1150967) steps=30 mode=0 sched=single-bucket delta_t=0 policy=0
rank=220 loaded data/1536/stackoverflow_a2q.sub220.txt (|V_local|=1644  t_range=[24788147,239294752])
rank=220 loaded routing data/1536/stackoverflow_a2q.rt220.txt (737 entries)
rank=220 added 1 boundary-only nodes from routing
rank=236/1536 dataset=stackoverflow_a2q walkers=5208 (1229088..1234295) steps=30 mode=0 sched=single-bucket delta_t=0 policy=0
rank=236 loaded data/1536/stackoverflow_a2q.sub236.txt (|V_local|=1592  t_range=[7309113,239676747])
rank=236 loaded routing data/1536/stackoverflow_a2q.rt236.txt (1063 entries)
rank=236 added 1 boundary-only nodes from routing
rank=219/1536 dataset=stackoverflow_a2q walkers=5208 (1140552..1145759) steps=30 mode=0 sched=single-bucket delta_t=0 policy=0
rank=219 loaded data/1536/stackoverflow_a2q.sub219.txt (|V_local|=1590  t_range=[7233197,239661859])
rank=219 loaded routing data/1536/stackoverflow_a2q.rt219.txt (996 entries)
rank=219 added 5 boundary-only nodes from routing
rank=207/1536 dataset=stackoverflow_a2q walkers=5208 (1078056..1083263) steps=30 mode=0 sched=single-bucket delta_t=0 policy=0
rank=207 loaded data/1536/stackoverflow_a2q.sub207.txt (|V_local|=1584  t_range=[6866990,239658883])
rank=207 loaded routing data/1536/stackoverflow_a2q.rt207.txt (1071 entries)
rank=207 added 3 boundary-only nodes from routing
rank=223/1536 dataset=stackoverflow_a2q walkers=5208 (1161384..1166591) steps=30 mode=0 sched=single-bucket delta_t=0 policy=0
rank=223 loaded data/1536/stackoverflow_a2q.sub223.txt (|V_local|=1651  t_range=[3989969,239568383])
rank=223 loaded routing data/1536/stackoverflow_a2q.rt223.txt (718 entries)
rank=230/1536 dataset=stackoverflow_a2q walkers=5208 (1197840..1203047) steps=30 mode=0 sched=single-bucket delta_t=0 policy=0
rank=230 loaded data/1536/stackoverflow_a2q.sub230.txt (|V_local|=1596  t_range=[5520942,239618498])
rank=230 loaded routing data/1536/stackoverflow_a2q.rt230.txt (1034 entries)
rank=230 added 1 boundary-only nodes from routing
rank=208/1536 dataset=stackoverflow_a2q walkers=5208 (1083264..1088471) steps=30 mode=0 sched=single-bucket delta_t=0 policy=0
rank=208 loaded data/1536/stackoverflow_a2q.sub208.txt (|V_local|=1587  t_range=[5533209,239602212])
rank=208 loaded routing data/1536/stackoverflow_a2q.rt208.txt (1058 entries)
rank=208 added 5 boundary-only nodes from routing
rank=232/1536 dataset=stackoverflow_a2q walkers=5208 (1208256..1213463) steps=30 mode=0 sched=single-bucket delta_t=0 policy=0
rank=232 loaded data/1536/stackoverflow_a2q.sub232.txt (|V_local|=1595  t_range=[11371845,239604002])
rank=232 loaded routing data/1536/stackoverflow_a2q.rt232.txt (1053 entries)
rank=231/1536 dataset=stackoverflow_a2q walkers=5208 (1203048..1208255) steps=30 mode=0 sched=single-bucket delta_t=0 policy=0
rank=231 loaded data/1536/stackoverflow_a2q.sub231.txt (|V_local|=1590  t_range=[4623426,239690336])
rank=231 loaded routing data/1536/stackoverflow_a2q.rt231.txt (1069 entries)
rank=231 added 1 boundary-only nodes from routing
rank=222/1536 dataset=stackoverflow_a2q walkers=5208 (1156176..1161383) steps=30 mode=0 sched=single-bucket delta_t=0 policy=0
rank=222 loaded data/1536/stackoverflow_a2q.sub222.txt (|V_local|=1597  t_range=[2129487,239668504])
rank=222 loaded routing data/1536/stackoverflow_a2q.rt222.txt (988 entries)
rank=227/1536 dataset=stackoverflow_a2q walkers=5208 (1182216..1187423) steps=30 mode=0 sched=single-bucket delta_t=0 policy=0
rank=227 loaded data/1536/stackoverflow_a2q.sub227.txt (|V_local|=1595  t_range=[6031124,239669654])
rank=227 loaded routing data/1536/stackoverflow_a2q.rt227.txt (979 entries)
rank=238/1536 dataset=stackoverflow_a2q walkers=5208 (1239504..1244711) steps=30 mode=0 sched=single-bucket delta_t=0 policy=0
rank=238 loaded data/1536/stackoverflow_a2q.sub238.txt (|V_local|=1593  t_range=[4632952,239627398])
rank=238 loaded routing data/1536/stackoverflow_a2q.rt238.txt (894 entries)
rank=225/1536 dataset=stackoverflow_a2q walkers=5208 (1171800..1177007) steps=30 mode=0 sched=single-bucket delta_t=0 policy=0
rank=225 loaded data/1536/stackoverflow_a2q.sub225.txt (|V_local|=1593  t_range=[4128213,239567857])
rank=225 loaded routing data/1536/stackoverflow_a2q.rt225.txt (1049 entries)
rank=234/1536 dataset=stackoverflow_a2q walkers=5208 (1218672..1223879) steps=30 mode=0 sched=single-bucket delta_t=0 policy=0
rank=234 loaded data/1536/stackoverflow_a2q.sub234.txt (|V_local|=1583  t_range=[8785507,239673001])
rank=234 loaded routing data/1536/stackoverflow_a2q.rt234.txt (1062 entries)
rank=234 added 7 boundary-only nodes from routing
rank=215/1536 dataset=stackoverflow_a2q walkers=5208 (1119720..1124927) steps=30 mode=0 sched=single-bucket delta_t=0 policy=0
rank=215 loaded data/1536/stackoverflow_a2q.sub215.txt (|V_local|=1592  t_range=[3171336,239641792])
rank=215 loaded routing data/1536/stackoverflow_a2q.rt215.txt (1048 entries)
rank=215 added 2 boundary-only nodes from routing
rank=224/1536 dataset=stackoverflow_a2q walkers=5208 (1166592..1171799) steps=30 mode=0 sched=single-bucket delta_t=0 policy=0
rank=224 loaded data/1536/stackoverflow_a2q.sub224.txt (|V_local|=1598  t_range=[13126953,239650408])
rank=224 loaded routing data/1536/stackoverflow_a2q.rt224.txt (1001 entries)
rank=224 added 1 boundary-only nodes from routing
rank=235/1536 dataset=stackoverflow_a2q walkers=5208 (1223880..1229087) steps=30 mode=0 sched=single-bucket delta_t=0 policy=0
rank=235 loaded data/1536/stackoverflow_a2q.sub235.txt (|V_local|=1614  t_range=[1611617,239651984])
rank=235 loaded routing data/1536/stackoverflow_a2q.rt235.txt (820 entries)
rank=237/1536 dataset=stackoverflow_a2q walkers=5208 (1234296..1239503) steps=30 mode=0 sched=single-bucket delta_t=0 policy=0
rank=237 loaded data/1536/stackoverflow_a2q.sub237.txt (|V_local|=1592  t_range=[16385013,239691520])
rank=237 loaded routing data/1536/stackoverflow_a2q.rt237.txt (1110 entries)
rank=237 added 3 boundary-only nodes from routing
rank=211/1536 dataset=stackoverflow_a2q walkers=5208 (1098888..1104095) steps=30 mode=0 sched=single-bucket delta_t=0 policy=0
rank=211 loaded data/1536/stackoverflow_a2q.sub211.txt (|V_local|=1591  t_range=[23965963,239697823])
rank=211 loaded routing data/1536/stackoverflow_a2q.rt211.txt (1039 entries)
rank=211 added 1 boundary-only nodes from routing
rank=520 loaded data/1536/stackoverflow_a2q.sub520.txt (|V_local|=1637  t_range=[382276,239481820])
rank=520 loaded routing data/1536/stackoverflow_a2q.rt520.txt (698 entries)
rank=520 added 14 boundary-only nodes from routing
rank=511/1536 dataset=stackoverflow_a2q walkers=5208 (2661288..2666495) steps=30 mode=0 sched=single-bucket delta_t=0 policy=0
rank=511 loaded data/1536/stackoverflow_a2q.sub511.txt (|V_local|=1645  t_range=[7036069,239624856])
rank=511 loaded routing data/1536/stackoverflow_a2q.rt511.txt (834 entries)
rank=511 added 5 boundary-only nodes from routing
rank=909 loaded routing data/1536/stackoverflow_a2q.rt909.txt (1109 entries)
rank=909 added 18 boundary-only nodes from routing
rank=879/1536 dataset=stackoverflow_a2q walkers=5208 (4577832..4583039) steps=30 mode=0 sched=single-bucket delta_t=0 policy=0
rank=879 loaded data/1536/stackoverflow_a2q.sub879.txt (|V_local|=1591  t_range=[4090149,239693779])
rank=879 loaded routing data/1536/stackoverflow_a2q.rt879.txt (914 entries)
rank=879 added 2 boundary-only nodes from routing
rank=1479/1536 dataset=stackoverflow_a2q walkers=5208 (7702632..7707839) steps=30 mode=0 sched=single-bucket delta_t=0 policy=0
rank=1479 loaded data/1536/stackoverflow_a2q.sub1479.txt (|V_local|=1591  t_range=[11990302,239652239])
rank=1479 loaded routing data/1536/stackoverflow_a2q.rt1479.txt (1027 entries)
rank=1467/1536 dataset=stackoverflow_a2q walkers=5208 (7640136..7645343) steps=30 mode=0 sched=single-bucket delta_t=0 policy=0
rank=1467 loaded data/1536/stackoverflow_a2q.sub1467.txt (|V_local|=1594  t_range=[22791818,239571220])
rank=1467 loaded routing data/1536/stackoverflow_a2q.rt1467.txt (1063 entries)
rank=1467 added 1 boundary-only nodes from routing
rank=1473/1536 dataset=stackoverflow_a2q walkers=5208 (7671384..7676591) steps=30 mode=0 sched=single-bucket delta_t=0 policy=0
rank=1473 loaded data/1536/stackoverflow_a2q.sub1473.txt (|V_local|=1602  t_range=[5071984,239642030])
rank=1473 loaded routing data/1536/stackoverflow_a2q.rt1473.txt (1088 entries)
rank=1473 added 1 boundary-only nodes from routing
rank=1476/1536 dataset=stackoverflow_a2q walkers=5208 (7687008..7692215) steps=30 mode=0 sched=single-bucket delta_t=0 policy=0
rank=1476 loaded data/1536/stackoverflow_a2q.sub1476.txt (|V_local|=1587  t_range=[10973750,239621624])
rank=1476 loaded routing data/1536/stackoverflow_a2q.rt1476.txt (1056 entries)
rank=1476 added 2 boundary-only nodes from routing
rank=1472/1536 dataset=stackoverflow_a2q walkers=5208 (7666176..7671383) steps=30 mode=0 sched=single-bucket delta_t=0 policy=0
rank=1472 loaded data/1536/stackoverflow_a2q.sub1472.txt (|V_local|=1588  t_range=[10711137,239675186])
rank=1472 loaded routing data/1536/stackoverflow_a2q.rt1472.txt (1102 entries)
rank=1472 added 2 boundary-only nodes from routing
rank=1484/1536 dataset=stackoverflow_a2q walkers=5208 (7728672..7733879) steps=30 mode=0 sched=single-bucket delta_t=0 policy=0
rank=1484 loaded data/1536/stackoverflow_a2q.sub1484.txt (|V_local|=1594  t_range=[34704871,239580927])
rank=1484 loaded routing data/1536/stackoverflow_a2q.rt1484.txt (980 entries)
rank=1484 added 1 boundary-only nodes from routing
rank=1460/1536 dataset=stackoverflow_a2q walkers=5208 (7603680..7608887) steps=30 mode=0 sched=single-bucket delta_t=0 policy=0
rank=1460 loaded data/1536/stackoverflow_a2q.sub1460.txt (|V_local|=1649  t_range=[14304453,239666112])
rank=1460 loaded routing data/1536/stackoverflow_a2q.rt1460.txt (708 entries)
rank=1464/1536 dataset=stackoverflow_a2q walkers=5208 (7624512..7629719) steps=30 mode=0 sched=single-bucket delta_t=0 policy=0
rank=1464 loaded data/1536/stackoverflow_a2q.sub1464.txt (|V_local|=1590  t_range=[8017389,239543624])
rank=1464 loaded routing data/1536/stackoverflow_a2q.rt1464.txt (952 entries)
rank=1464 added 4 boundary-only nodes from routing
rank=1480/1536 dataset=stackoverflow_a2q walkers=5208 (7707840..7713047) steps=30 mode=0 sched=single-bucket delta_t=0 policy=0
rank=1480 loaded data/1536/stackoverflow_a2q.sub1480.txt (|V_local|=1593  t_range=[26650487,239695848])
rank=1480 loaded routing data/1536/stackoverflow_a2q.rt1480.txt (1014 entries)
rank=1480 added 1 boundary-only nodes from routing
rank=1481/1536 dataset=stackoverflow_a2q walkers=5208 (7713048..7718255) steps=30 mode=0 sched=single-bucket delta_t=0 policy=0
rank=1481 loaded data/1536/stackoverflow_a2q.sub1481.txt (|V_local|=1635  t_range=[2900682,239694000])
rank=1481 loaded routing data/1536/stackoverflow_a2q.rt1481.txt (647 entries)
rank=1481 added 1 boundary-only nodes from routing
rank=22 loaded data/1536/stackoverflow_a2q.sub22.txt (|V_local|=1646  t_range=[1192456,239646047])
rank=22 loaded routing data/1536/stackoverflow_a2q.rt22.txt (701 entries)
rank=22 added 6 boundary-only nodes from routing
rank=166/1536 dataset=stackoverflow_a2q walkers=5208 (864528..869735) steps=30 mode=0 sched=single-bucket delta_t=0 policy=0
rank=166 loaded data/1536/stackoverflow_a2q.sub166.txt (|V_local|=1591  t_range=[4209953,239679905])
rank=166 loaded routing data/1536/stackoverflow_a2q.rt166.txt (1049 entries)
rank=166 added 1 boundary-only nodes from routing
rank=183/1536 dataset=stackoverflow_a2q walkers=5208 (953064..958271) steps=30 mode=0 sched=single-bucket delta_t=0 policy=0
rank=183 loaded data/1536/stackoverflow_a2q.sub183.txt (|V_local|=1588  t_range=[918869,239629392])
rank=183 loaded routing data/1536/stackoverflow_a2q.rt183.txt (953 entries)
rank=183 added 4 boundary-only nodes from routing
rank=190/1536 dataset=stackoverflow_a2q walkers=5208 (989520..994727) steps=30 mode=0 sched=single-bucket delta_t=0 policy=0
rank=190 loaded data/1536/stackoverflow_a2q.sub190.txt (|V_local|=1589  t_range=[10665949,239474676])
rank=190 loaded routing data/1536/stackoverflow_a2q.rt190.txt (1056 entries)
rank=190 added 1 boundary-only nodes from routing
rank=186/1536 dataset=stackoverflow_a2q walkers=5208 (968688..973895) steps=30 mode=0 sched=single-bucket delta_t=0 policy=0
rank=186 loaded data/1536/stackoverflow_a2q.sub186.txt (|V_local|=1593  t_range=[3624291,239625513])
rank=186 loaded routing data/1536/stackoverflow_a2q.rt186.txt (1074 entries)
rank=186 added 1 boundary-only nodes from routing
rank=177/1536 dataset=stackoverflow_a2q walkers=5208 (921816..927023) steps=30 mode=0 sched=single-bucket delta_t=0 policy=0
rank=177 loaded data/1536/stackoverflow_a2q.sub177.txt (|V_local|=1601  t_range=[4101668,239653914])
rank=177 loaded routing data/1536/stackoverflow_a2q.rt177.txt (1042 entries)
rank=169/1536 dataset=stackoverflow_a2q walkers=5208 (880152..885359) steps=30 mode=0 sched=single-bucket delta_t=0 policy=0
rank=169 loaded data/1536/stackoverflow_a2q.sub169.txt (|V_local|=1599  t_range=[1693108,239621571])
rank=169 loaded routing data/1536/stackoverflow_a2q.rt169.txt (944 entries)
rank=152/1536 dataset=stackoverflow_a2q walkers=5208 (791616..796823) steps=30 mode=0 sched=single-bucket delta_t=0 policy=0
rank=152 loaded data/1536/stackoverflow_a2q.sub152.txt (|V_local|=1650  t_range=[3942607,239660640])
rank=152 loaded routing data/1536/stackoverflow_a2q.rt152.txt (844 entries)
rank=152 added 2 boundary-only nodes from routing
rank=185/1536 dataset=stackoverflow_a2q walkers=5208 (963480..968687) steps=30 mode=0 sched=single-bucket delta_t=0 policy=0
rank=185 loaded data/1536/stackoverflow_a2q.sub185.txt (|V_local|=1588  t_range=[3169089,239655875])
rank=185 loaded routing data/1536/stackoverflow_a2q.rt185.txt (989 entries)
rank=1152 loaded routing data/1536/stackoverflow_a2q.rt1152.txt (1006 entries)
rank=1152 added 4 boundary-only nodes from routing
rank=89/1536 dataset=stackoverflow_a2q walkers=5208 (463512..468719) steps=30 mode=0 sched=single-bucket delta_t=0 policy=0
rank=89 loaded data/1536/stackoverflow_a2q.sub89.txt (|V_local|=1593  t_range=[3971273,239649996])
rank=89 loaded routing data/1536/stackoverflow_a2q.rt89.txt (1081 entries)
rank=406/1536 dataset=stackoverflow_a2q walkers=5208 (2114448..2119655) steps=30 mode=0 sched=single-bucket delta_t=0 policy=0
rank=406 loaded data/1536/stackoverflow_a2q.sub406.txt (|V_local|=1615  t_range=[2943697,239387221])
rank=406 loaded routing data/1536/stackoverflow_a2q.rt406.txt (854 entries)
rank=419/1536 dataset=stackoverflow_a2q walkers=5208 (2182152..2187359) steps=30 mode=0 sched=single-bucket delta_t=0 policy=0
rank=419 loaded data/1536/stackoverflow_a2q.sub419.txt (|V_local|=1651  t_range=[4334362,239636267])
rank=419 loaded routing data/1536/stackoverflow_a2q.rt419.txt (661 entries)
rank=419 added 1 boundary-only nodes from routing
rank=400/1536 dataset=stackoverflow_a2q walkers=5208 (2083200..2088407) steps=30 mode=0 sched=single-bucket delta_t=0 policy=0
rank=400 loaded data/1536/stackoverflow_a2q.sub400.txt (|V_local|=1650  t_range=[12091428,239681143])
rank=400 loaded routing data/1536/stackoverflow_a2q.rt400.txt (898 entries)
rank=400 added 1 boundary-only nodes from routing
rank=412/1536 dataset=stackoverflow_a2q walkers=5208 (2145696..2150903) steps=30 mode=0 sched=single-bucket delta_t=0 policy=0
rank=412 loaded data/1536/stackoverflow_a2q.sub412.txt (|V_local|=1582  t_range=[717473,239653745])
rank=412 loaded routing data/1536/stackoverflow_a2q.rt412.txt (826 entries)
rank=412 added 13 boundary-only nodes from routing
rank=408/1536 dataset=stackoverflow_a2q walkers=5208 (2124864..2130071) steps=30 mode=0 sched=single-bucket delta_t=0 policy=0
rank=408 loaded data/1536/stackoverflow_a2q.sub408.txt (|V_local|=1598  t_range=[334307,238994429])
rank=408 loaded routing data/1536/stackoverflow_a2q.rt408.txt (849 entries)
rank=408 added 1 boundary-only nodes from routing
rank=399/1536 dataset=stackoverflow_a2q walkers=5208 (2077992..2083199) steps=30 mode=0 sched=single-bucket delta_t=0 policy=0
rank=399 loaded data/1536/stackoverflow_a2q.sub399.txt (|V_local|=1594  t_range=[1535491,239548594])
rank=399 loaded routing data/1536/stackoverflow_a2q.rt399.txt (1058 entries)
rank=399 added 2 boundary-only nodes from routing
rank=415/1536 dataset=stackoverflow_a2q walkers=5208 (2161320..2166527) steps=30 mode=0 sched=single-bucket delta_t=0 policy=0
rank=415 loaded data/1536/stackoverflow_a2q.sub415.txt (|V_local|=1592  t_range=[3947882,239587815])
rank=415 loaded routing data/1536/stackoverflow_a2q.rt415.txt (1033 entries)
rank=415 added 1 boundary-only nodes from routing
rank=424/1536 dataset=stackoverflow_a2q walkers=5208 (2208192..2213399) steps=30 mode=0 sched=single-bucket delta_t=0 policy=0
rank=424 loaded data/1536/stackoverflow_a2q.sub424.txt (|V_local|=1592  t_range=[2848895,239650996])
rank=424 loaded routing data/1536/stackoverflow_a2q.rt424.txt (929 entries)
rank=424 added 2 boundary-only nodes from routing
rank=426/1536 dataset=stackoverflow_a2q walkers=5208 (2218608..2223815) steps=30 mode=0 sched=single-bucket delta_t=0 policy=0
rank=426 loaded data/1536/stackoverflow_a2q.sub426.txt (|V_local|=1588  t_range=[2175676,239640610])
rank=426 loaded routing data/1536/stackoverflow_a2q.rt426.txt (928 entries)
rank=426 added 3 boundary-only nodes from routing
rank=427/1536 dataset=stackoverflow_a2q walkers=5208 (2223816..2229023) steps=30 mode=0 sched=single-bucket delta_t=0 policy=0
rank=427 loaded data/1536/stackoverflow_a2q.sub427.txt (|V_local|=1650  t_range=[4137155,239554818])
rank=427 loaded routing data/1536/stackoverflow_a2q.rt427.txt (670 entries)
rank=427 added 1 boundary-only nodes from routing
rank=422/1536 dataset=stackoverflow_a2q walkers=5208 (2197776..2202983) steps=30 mode=0 sched=single-bucket delta_t=0 policy=0
rank=422 loaded data/1536/stackoverflow_a2q.sub422.txt (|V_local|=1596  t_range=[1738788,239629185])
rank=422 loaded routing data/1536/stackoverflow_a2q.rt422.txt (1070 entries)
rank=422 added 3 boundary-only nodes from routing
rank=423/1536 dataset=stackoverflow_a2q walkers=5208 (2202984..2208191) steps=30 mode=0 sched=single-bucket delta_t=0 policy=0
rank=423 loaded data/1536/stackoverflow_a2q.sub423.txt (|V_local|=1589  t_range=[664515,239691665])
rank=423 loaded routing data/1536/stackoverflow_a2q.rt423.txt (1077 entries)
rank=423 added 4 boundary-only nodes from routing
rank=396/1536 dataset=stackoverflow_a2q walkers=5208 (2062368..2067575) steps=30 mode=0 sched=single-bucket delta_t=0 policy=0
rank=396 loaded data/1536/stackoverflow_a2q.sub396.txt (|V_local|=1593  t_range=[40146149,239568180])
rank=396 loaded routing data/1536/stackoverflow_a2q.rt396.txt (1121 entries)
rank=396 added 4 boundary-only nodes from routing
rank=425/1536 dataset=stackoverflow_a2q walkers=5208 (2213400..2218607) steps=30 mode=0 sched=single-bucket delta_t=0 policy=0
rank=425 loaded data/1536/stackoverflow_a2q.sub425.txt (|V_local|=1587  t_range=[13273936,239324662])
rank=425 loaded routing data/1536/stackoverflow_a2q.rt425.txt (936 entries)
rank=425 added 4 boundary-only nodes from routing
rank=429/1536 dataset=stackoverflow_a2q walkers=5208 (2234232..2239439) steps=30 mode=0 sched=single-bucket delta_t=0 policy=0
rank=429 loaded data/1536/stackoverflow_a2q.sub429.txt (|V_local|=1586  t_range=[4219612,239640143])
rank=429 loaded routing data/1536/stackoverflow_a2q.rt429.txt (1092 entries)
rank=429 added 3 boundary-only nodes from routing
rank=384/1536 dataset=stackoverflow_a2q walkers=5208 (1999872..2005079) steps=30 mode=0 sched=single-bucket delta_t=0 policy=0
rank=384 loaded data/1536/stackoverflow_a2q.sub384.txt (|V_local|=1591  t_range=[13185249,239553316])
rank=384 loaded routing data/1536/stackoverflow_a2q.rt384.txt (1062 entries)
rank=384 added 3 boundary-only nodes from routing
rank=461/1536 dataset=stackoverflow_a2q walkers=5208 (2400888..2406095) steps=30 mode=0 sched=single-bucket delta_t=0 policy=0
rank=461 loaded data/1536/stackoverflow_a2q.sub461.txt (|V_local|=1652  t_range=[4177742,239659778])
rank=461 loaded routing data/1536/stackoverflow_a2q.rt461.txt (796 entries)
rank=457/1536 dataset=stackoverflow_a2q walkers=5208 (2380056..2385263) steps=30 mode=0 sched=single-bucket delta_t=0 policy=0
rank=457 loaded data/1536/stackoverflow_a2q.sub457.txt (|V_local|=1595  t_range=[993332,239611304])
rank=457 loaded routing data/1536/stackoverflow_a2q.rt457.txt (929 entries)
rank=457 added 2 boundary-only nodes from routing
rank=453/1536 dataset=stackoverflow_a2q walkers=5208 (2359224..2364431) steps=30 mode=0 sched=single-bucket delta_t=0 policy=0
rank=453 loaded data/1536/stackoverflow_a2q.sub453.txt (|V_local|=1647  t_range=[2235682,239668246])
rank=453 loaded routing data/1536/stackoverflow_a2q.rt453.txt (921 entries)
rank=453 added 3 boundary-only nodes from routing
rank=1135/1536 dataset=stackoverflow_a2q walkers=5208 (5911080..5916287) steps=30 mode=0 sched=single-bucket delta_t=0 policy=0
rank=1135 loaded data/1536/stackoverflow_a2q.sub1135.txt (|V_local|=1596  t_range=[52790807,239685984])
rank=1135 loaded routing data/1536/stackoverflow_a2q.rt1135.txt (985 entries)
rank=1115/1536 dataset=stackoverflow_a2q walkers=5208 (5806920..5812127) steps=30 mode=0 sched=single-bucket delta_t=0 policy=0
rank=1115 loaded data/1536/stackoverflow_a2q.sub1115.txt (|V_local|=1592  t_range=[4143228,239695733])
rank=1115 loaded routing data/1536/stackoverflow_a2q.rt1115.txt (1085 entries)
rank=1115 added 2 boundary-only nodes from routing
rank=1376 loaded routing data/1536/stackoverflow_a2q.rt1376.txt (1117 entries)
rank=1390/1536 dataset=stackoverflow_a2q walkers=5208 (7239120..7244327) steps=30 mode=0 sched=single-bucket delta_t=0 policy=0
rank=1390 loaded data/1536/stackoverflow_a2q.sub1390.txt (|V_local|=1649  t_range=[21108143,239623449])
rank=1390 loaded routing data/1536/stackoverflow_a2q.rt1390.txt (862 entries)
rank=1390 added 1 boundary-only nodes from routing
rank=359/1536 dataset=stackoverflow_a2q walkers=5208 (1869672..1874879) steps=30 mode=0 sched=single-bucket delta_t=0 policy=0
rank=359 loaded data/1536/stackoverflow_a2q.sub359.txt (|V_local|=1592  t_range=[11898079,239661500])
rank=359 loaded routing data/1536/stackoverflow_a2q.rt359.txt (1131 entries)
rank=359 added 2 boundary-only nodes from routing
rank=346/1536 dataset=stackoverflow_a2q walkers=5208 (1801968..1807175) steps=30 mode=0 sched=single-bucket delta_t=0 policy=0
rank=346 loaded data/1536/stackoverflow_a2q.sub346.txt (|V_local|=1597  t_range=[1836783,239685029])
rank=346 loaded routing data/1536/stackoverflow_a2q.rt346.txt (1017 entries)
rank=378/1536 dataset=stackoverflow_a2q walkers=5208 (1968624..1973831) steps=30 mode=0 sched=single-bucket delta_t=0 policy=0
rank=378 loaded data/1536/stackoverflow_a2q.sub378.txt (|V_local|=1591  t_range=[8953344,239664156])
rank=378 loaded routing data/1536/stackoverflow_a2q.rt378.txt (1144 entries)
rank=336/1536 dataset=stackoverflow_a2q walkers=5208 (1749888..1755095) steps=30 mode=0 sched=single-bucket delta_t=0 policy=0
rank=336 loaded data/1536/stackoverflow_a2q.sub336.txt (|V_local|=1591  t_range=[3990738,239656499])
rank=336 loaded routing data/1536/stackoverflow_a2q.rt336.txt (1113 entries)
rank=815/1536 dataset=stackoverflow_a2q walkers=5208 (4244520..4249727) steps=30 mode=0 sched=single-bucket delta_t=0 policy=0
rank=815 loaded data/1536/stackoverflow_a2q.sub815.txt (|V_local|=1593  t_range=[5213338,239696094])
rank=815 loaded routing data/1536/stackoverflow_a2q.rt815.txt (989 entries)
rank=815 added 3 boundary-only nodes from routing
rank=799/1536 dataset=stackoverflow_a2q walkers=5208 (4161192..4166399) steps=30 mode=0 sched=single-bucket delta_t=0 policy=0
rank=799 loaded data/1536/stackoverflow_a2q.sub799.txt (|V_local|=1647  t_range=[5803361,239678050])
rank=799 loaded routing data/1536/stackoverflow_a2q.rt799.txt (1004 entries)
rank=799 added 3 boundary-only nodes from routing
rank=779/1536 dataset=stackoverflow_a2q walkers=5208 (4057032..4062239) steps=30 mode=0 sched=single-bucket delta_t=0 policy=0
rank=779 loaded data/1536/stackoverflow_a2q.sub779.txt (|V_local|=1652  t_range=[27556778,239673304])
rank=779 loaded routing data/1536/stackoverflow_a2q.rt779.txt (929 entries)
rank=774/1536 dataset=stackoverflow_a2q walkers=5208 (4030992..4036199) steps=30 mode=0 sched=single-bucket delta_t=0 policy=0
rank=774 loaded data/1536/stackoverflow_a2q.sub774.txt (|V_local|=1579  t_range=[10429971,239565259])
rank=774 loaded routing data/1536/stackoverflow_a2q.rt774.txt (1072 entries)
rank=774 added 13 boundary-only nodes from routing
rank=795/1536 dataset=stackoverflow_a2q walkers=5208 (4140360..4145567) steps=30 mode=0 sched=single-bucket delta_t=0 policy=0
rank=795 loaded data/1536/stackoverflow_a2q.sub795.txt (|V_local|=1586  t_range=[6752681,239577204])
rank=795 loaded routing data/1536/stackoverflow_a2q.rt795.txt (995 entries)
rank=812/1536 dataset=stackoverflow_a2q walkers=5208 (4228896..4234103) steps=30 mode=0 sched=single-bucket delta_t=0 policy=0
rank=812 loaded data/1536/stackoverflow_a2q.sub812.txt (|V_local|=1651  t_range=[33762593,239688585])
rank=812 loaded routing data/1536/stackoverflow_a2q.rt812.txt (895 entries)
rank=777/1536 dataset=stackoverflow_a2q walkers=5208 (4046616..4051823) steps=30 mode=0 sched=single-bucket delta_t=0 policy=0
rank=777 loaded data/1536/stackoverflow_a2q.sub777.txt (|V_local|=1587  t_range=[9486409,239643184])
rank=777 loaded routing data/1536/stackoverflow_a2q.rt777.txt (1078 entries)
rank=777 added 1 boundary-only nodes from routing
rank=809/1536 dataset=stackoverflow_a2q walkers=5208 (4213272..4218479) steps=30 mode=0 sched=single-bucket delta_t=0 policy=0
rank=809 loaded data/1536/stackoverflow_a2q.sub809.txt (|V_local|=1650  t_range=[15007653,239586444])
rank=809 loaded routing data/1536/stackoverflow_a2q.rt809.txt (781 entries)
rank=809 added 2 boundary-only nodes from routing
rank=778/1536 dataset=stackoverflow_a2q walkers=5208 (4051824..4057031) steps=30 mode=0 sched=single-bucket delta_t=0 policy=0
rank=778 loaded data/1536/stackoverflow_a2q.sub778.txt (|V_local|=1596  t_range=[27633211,239654967])
rank=778 loaded routing data/1536/stackoverflow_a2q.rt778.txt (1099 entries)
rank=778 added 1 boundary-only nodes from routing
rank=787/1536 dataset=stackoverflow_a2q walkers=5208 (4098696..4103903) steps=30 mode=0 sched=single-bucket delta_t=0 policy=0
rank=787 loaded data/1536/stackoverflow_a2q.sub787.txt (|V_local|=1594  t_range=[39581527,239577631])
rank=787 loaded routing data/1536/stackoverflow_a2q.rt787.txt (1062 entries)
rank=784/1536 dataset=stackoverflow_a2q walkers=5208 (4083072..4088279) steps=30 mode=0 sched=single-bucket delta_t=0 policy=0
rank=784 loaded data/1536/stackoverflow_a2q.sub784.txt (|V_local|=1590  t_range=[3431961,239581189])
rank=784 loaded routing data/1536/stackoverflow_a2q.rt784.txt (943 entries)
rank=794/1536 dataset=stackoverflow_a2q walkers=5208 (4135152..4140359) steps=30 mode=0 sched=single-bucket delta_t=0 policy=0
rank=794 loaded data/1536/stackoverflow_a2q.sub794.txt (|V_local|=1595  t_range=[21332646,239637477])
rank=794 loaded routing data/1536/stackoverflow_a2q.rt794.txt (1089 entries)
rank=805/1536 dataset=stackoverflow_a2q walkers=5208 (4192440..4197647) steps=30 mode=0 sched=single-bucket delta_t=0 policy=0
rank=805 loaded data/1536/stackoverflow_a2q.sub805.txt (|V_local|=1592  t_range=[43322949,239682897])
rank=805 loaded routing data/1536/stackoverflow_a2q.rt805.txt (1067 entries)
rank=768/1536 dataset=stackoverflow_a2q walkers=5208 (3999744..4004951) steps=30 mode=0 sched=single-bucket delta_t=0 policy=0
rank=768 loaded data/1536/stackoverflow_a2q.sub768.txt (|V_local|=1590  t_range=[14912432,239683286])
rank=768 loaded routing data/1536/stackoverflow_a2q.rt768.txt (1090 entries)
rank=768 added 3 boundary-only nodes from routing
rank=792/1536 dataset=stackoverflow_a2q walkers=5208 (4124736..4129943) steps=30 mode=0 sched=single-bucket delta_t=0 policy=0
rank=792 loaded data/1536/stackoverflow_a2q.sub792.txt (|V_local|=1592  t_range=[7036807,239679420])
rank=792 loaded routing data/1536/stackoverflow_a2q.rt792.txt (1122 entries)
rank=792 added 1 boundary-only nodes from routing
rank=788/1536 dataset=stackoverflow_a2q walkers=5208 (4103904..4109111) steps=30 mode=0 sched=single-bucket delta_t=0 policy=0
rank=788 loaded data/1536/stackoverflow_a2q.sub788.txt (|V_local|=1596  t_range=[40743791,239427697])
rank=788 loaded routing data/1536/stackoverflow_a2q.rt788.txt (970 entries)
rank=811/1536 dataset=stackoverflow_a2q walkers=5208 (4223688..4228895) steps=30 mode=0 sched=single-bucket delta_t=0 policy=0
rank=811 loaded data/1536/stackoverflow_a2q.sub811.txt (|V_local|=1589  t_range=[38762666,239667197])
rank=811 loaded routing data/1536/stackoverflow_a2q.rt811.txt (1054 entries)
rank=811 added 3 boundary-only nodes from routing
rank=807/1536 dataset=stackoverflow_a2q walkers=5208 (4202856..4208063) steps=30 mode=0 sched=single-bucket delta_t=0 policy=0
rank=807 loaded data/1536/stackoverflow_a2q.sub807.txt (|V_local|=1598  t_range=[24188100,239690140])
rank=807 loaded routing data/1536/stackoverflow_a2q.rt807.txt (1067 entries)
rank=803/1536 dataset=stackoverflow_a2q walkers=5208 (4182024..4187231) steps=30 mode=0 sched=single-bucket delta_t=0 policy=0
rank=803 loaded data/1536/stackoverflow_a2q.sub803.txt (|V_local|=1650  t_range=[68757434,239674397])
rank=803 loaded routing data/1536/stackoverflow_a2q.rt803.txt (937 entries)
rank=780/1536 dataset=stackoverflow_a2q walkers=5208 (4062240..4067447) steps=30 mode=0 sched=single-bucket delta_t=0 policy=0
rank=780 loaded data/1536/stackoverflow_a2q.sub780.txt (|V_local|=1589  t_range=[24081524,239569802])
rank=780 loaded routing data/1536/stackoverflow_a2q.rt780.txt (1132 entries)
rank=780 added 1 boundary-only nodes from routing
rank=802/1536 dataset=stackoverflow_a2q walkers=5208 (4176816..4182023) steps=30 mode=0 sched=single-bucket delta_t=0 policy=0
rank=802 loaded data/1536/stackoverflow_a2q.sub802.txt (|V_local|=1652  t_range=[48706507,239698486])
rank=802 loaded routing data/1536/stackoverflow_a2q.rt802.txt (1070 entries)
rank=783/1536 dataset=stackoverflow_a2q walkers=5208 (4077864..4083071) steps=30 mode=0 sched=single-bucket delta_t=0 policy=0
rank=783 loaded data/1536/stackoverflow_a2q.sub783.txt (|V_local|=1586  t_range=[51117288,239566454])
rank=783 loaded routing data/1536/stackoverflow_a2q.rt783.txt (1063 entries)
rank=783 added 4 boundary-only nodes from routing
rank=793/1536 dataset=stackoverflow_a2q walkers=5208 (4129944..4135151) steps=30 mode=0 sched=single-bucket delta_t=0 policy=0
rank=793 loaded data/1536/stackoverflow_a2q.sub793.txt (|V_local|=1620  t_range=[4055423,239680748])
rank=793 loaded routing data/1536/stackoverflow_a2q.rt793.txt (836 entries)
rank=786/1536 dataset=stackoverflow_a2q walkers=5208 (4093488..4098695) steps=30 mode=0 sched=single-bucket delta_t=0 policy=0
rank=786 loaded data/1536/stackoverflow_a2q.sub786.txt (|V_local|=1594  t_range=[4065012,239576341])
rank=786 loaded routing data/1536/stackoverflow_a2q.rt786.txt (1055 entries)
rank=806/1536 dataset=stackoverflow_a2q walkers=5208 (4197648..4202855) steps=30 mode=0 sched=single-bucket delta_t=0 policy=0
rank=806 loaded data/1536/stackoverflow_a2q.sub806.txt (|V_local|=1648  t_range=[39872949,239672670])
rank=806 loaded routing data/1536/stackoverflow_a2q.rt806.txt (999 entries)
rank=713 loaded data/1536/stackoverflow_a2q.sub713.txt (|V_local|=1643  t_range=[3954343,239677821])
rank=713 loaded routing data/1536/stackoverflow_a2q.rt713.txt (953 entries)
rank=713 added 4 boundary-only nodes from routing
rank=690/1536 dataset=stackoverflow_a2q walkers=5208 (3593520..3598727) steps=30 mode=0 sched=single-bucket delta_t=0 policy=0
rank=690 loaded data/1536/stackoverflow_a2q.sub690.txt (|V_local|=1597  t_range=[3955610,239660628])
rank=690 loaded routing data/1536/stackoverflow_a2q.rt690.txt (1038 entries)
rank=690 added 1 boundary-only nodes from routing
rank=615 loaded data/1536/stackoverflow_a2q.sub615.txt (|V_local|=1600  t_range=[8555505,239514284])
rank=615 loaded routing data/1536/stackoverflow_a2q.rt615.txt (1023 entries)
rank=615 added 1 boundary-only nodes from routing
rank=619/1536 dataset=stackoverflow_a2q walkers=5208 (3223752..3228959) steps=30 mode=0 sched=single-bucket delta_t=0 policy=0
rank=619 loaded data/1536/stackoverflow_a2q.sub619.txt (|V_local|=1605  t_range=[14259146,239650291])
rank=619 loaded routing data/1536/stackoverflow_a2q.rt619.txt (863 entries)
rank=618/1536 dataset=stackoverflow_a2q walkers=5208 (3218544..3223751) steps=30 mode=0 sched=single-bucket delta_t=0 policy=0
rank=618 loaded data/1536/stackoverflow_a2q.sub618.txt (|V_local|=1588  t_range=[2440665,239587546])
rank=618 loaded routing data/1536/stackoverflow_a2q.rt618.txt (912 entries)
rank=618 added 1 boundary-only nodes from routing
rank=588/1536 dataset=stackoverflow_a2q walkers=5208 (3062304..3067511) steps=30 mode=0 sched=single-bucket delta_t=0 policy=0
rank=588 loaded data/1536/stackoverflow_a2q.sub588.txt (|V_local|=1580  t_range=[6578650,239665838])
rank=588 loaded routing data/1536/stackoverflow_a2q.rt588.txt (1074 entries)
rank=588 added 8 boundary-only nodes from routing
rank=605/1536 dataset=stackoverflow_a2q walkers=5208 (3150840..3156047) steps=30 mode=0 sched=single-bucket delta_t=0 policy=0
rank=605 loaded data/1536/stackoverflow_a2q.sub605.txt (|V_local|=1590  t_range=[6240983,239444330])
rank=605 loaded routing data/1536/stackoverflow_a2q.rt605.txt (892 entries)
rank=605 added 1 boundary-only nodes from routing
rank=606/1536 dataset=stackoverflow_a2q walkers=5208 (3156048..3161255) steps=30 mode=0 sched=single-bucket delta_t=0 policy=0
rank=606 loaded data/1536/stackoverflow_a2q.sub606.txt (|V_local|=1576  t_range=[17877496,239669586])
rank=606 loaded routing data/1536/stackoverflow_a2q.rt606.txt (1075 entries)
rank=602/1536 dataset=stackoverflow_a2q walkers=5208 (3135216..3140423) steps=30 mode=0 sched=single-bucket delta_t=0 policy=0
rank=602 loaded data/1536/stackoverflow_a2q.sub602.txt (|V_local|=1593  t_range=[5946680,239521390])
rank=602 loaded routing data/1536/stackoverflow_a2q.rt602.txt (1037 entries)
rank=602 added 7 boundary-only nodes from routing
rank=750 loaded routing data/1536/stackoverflow_a2q.rt750.txt (1099 entries)
rank=750 added 6 boundary-only nodes from routing
rank=761/1536 dataset=stackoverflow_a2q walkers=5208 (3963288..3968495) steps=30 mode=0 sched=single-bucket delta_t=0 policy=0
rank=761 loaded data/1536/stackoverflow_a2q.sub761.txt (|V_local|=1651  t_range=[8182429,239622657])
rank=761 loaded routing data/1536/stackoverflow_a2q.rt761.txt (791 entries)
rank=759/1536 dataset=stackoverflow_a2q walkers=5208 (3952872..3958079) steps=30 mode=0 sched=single-bucket delta_t=0 policy=0
rank=759 loaded data/1536/stackoverflow_a2q.sub759.txt (|V_local|=1584  t_range=[30465071,239473038])
rank=759 loaded routing data/1536/stackoverflow_a2q.rt759.txt (1058 entries)
rank=759 added 11 boundary-only nodes from routing
rank=767/1536 dataset=stackoverflow_a2q walkers=5208 (3994536..3999743) steps=30 mode=0 sched=single-bucket delta_t=0 policy=0
rank=767 loaded data/1536/stackoverflow_a2q.sub767.txt (|V_local|=1624  t_range=[37566411,239615709])
rank=767 loaded routing data/1536/stackoverflow_a2q.rt767.txt (980 entries)
rank=934/1536 dataset=stackoverflow_a2q walkers=5208 (4864272..4869479) steps=30 mode=0 sched=single-bucket delta_t=0 policy=0
rank=934 loaded data/1536/stackoverflow_a2q.sub934.txt (|V_local|=1609  t_range=[68717506,239671726])
rank=934 loaded routing data/1536/stackoverflow_a2q.rt934.txt (778 entries)
rank=930/1536 dataset=stackoverflow_a2q walkers=5208 (4843440..4848647) steps=30 mode=0 sched=single-bucket delta_t=0 policy=0
rank=930 loaded data/1536/stackoverflow_a2q.sub930.txt (|V_local|=1594  t_range=[44651843,239593363])
rank=930 loaded routing data/1536/stackoverflow_a2q.rt930.txt (910 entries)
rank=930 added 1 boundary-only nodes from routing
rank=946/1536 dataset=stackoverflow_a2q walkers=5208 (4926768..4931975) steps=30 mode=0 sched=single-bucket delta_t=0 policy=0
rank=946 loaded data/1536/stackoverflow_a2q.sub946.txt (|V_local|=1594  t_range=[7144854,239615492])
rank=946 loaded routing data/1536/stackoverflow_a2q.rt946.txt (1009 entries)
rank=946 added 1 boundary-only nodes from routing
rank=945/1536 dataset=stackoverflow_a2q walkers=5208 (4921560..4926767) steps=30 mode=0 sched=single-bucket delta_t=0 policy=0
rank=945 loaded data/1536/stackoverflow_a2q.sub945.txt (|V_local|=1596  t_range=[45599222,239619931])
rank=945 loaded routing data/1536/stackoverflow_a2q.rt945.txt (919 entries)
rank=954/1536 dataset=stackoverflow_a2q walkers=5208 (4968432..4973639) steps=30 mode=0 sched=single-bucket delta_t=0 policy=0
rank=954 loaded data/1536/stackoverflow_a2q.sub954.txt (|V_local|=1593  t_range=[25863213,239637770])
rank=954 loaded routing data/1536/stackoverflow_a2q.rt954.txt (1106 entries)
rank=939/1536 dataset=stackoverflow_a2q walkers=5208 (4890312..4895519) steps=30 mode=0 sched=single-bucket delta_t=0 policy=0
rank=939 loaded data/1536/stackoverflow_a2q.sub939.txt (|V_local|=1587  t_range=[24880027,239642746])
rank=939 loaded routing data/1536/stackoverflow_a2q.rt939.txt (1031 entries)
rank=939 added 4 boundary-only nodes from routing
rank=958/1536 dataset=stackoverflow_a2q walkers=5208 (4989264..4994471) steps=30 mode=0 sched=single-bucket delta_t=0 policy=0
rank=958 loaded data/1536/stackoverflow_a2q.sub958.txt (|V_local|=1590  t_range=[17192883,239694521])
rank=958 loaded routing data/1536/stackoverflow_a2q.rt958.txt (1105 entries)
rank=958 added 1 boundary-only nodes from routing
rank=947/1536 dataset=stackoverflow_a2q walkers=5208 (4931976..4937183) steps=30 mode=0 sched=single-bucket delta_t=0 policy=0
rank=947 loaded data/1536/stackoverflow_a2q.sub947.txt (|V_local|=1597  t_range=[6468451,239583354])
rank=947 loaded routing data/1536/stackoverflow_a2q.rt947.txt (1041 entries)
rank=951/1536 dataset=stackoverflow_a2q walkers=5208 (4952808..4958015) steps=30 mode=0 sched=single-bucket delta_t=0 policy=0
rank=951 loaded data/1536/stackoverflow_a2q.sub951.txt (|V_local|=1590  t_range=[32092255,239664370])
rank=951 loaded routing data/1536/stackoverflow_a2q.rt951.txt (1134 entries)
rank=951 added 2 boundary-only nodes from routing
rank=957/1536 dataset=stackoverflow_a2q walkers=5208 (4984056..4989263) steps=30 mode=0 sched=single-bucket delta_t=0 policy=0
rank=957 loaded data/1536/stackoverflow_a2q.sub957.txt (|V_local|=1593  t_range=[5759360,239635144])
rank=957 loaded routing data/1536/stackoverflow_a2q.rt957.txt (1056 entries)
rank=957 added 1 boundary-only nodes from routing
rank=932/1536 dataset=stackoverflow_a2q walkers=5208 (4853856..4859063) steps=30 mode=0 sched=single-bucket delta_t=0 policy=0
rank=932 loaded data/1536/stackoverflow_a2q.sub932.txt (|V_local|=1650  t_range=[47864101,239672539])
rank=932 loaded routing data/1536/stackoverflow_a2q.rt932.txt (541 entries)
rank=932 added 1 boundary-only nodes from routing
rank=956/1536 dataset=stackoverflow_a2q walkers=5208 (4978848..4984055) steps=30 mode=0 sched=single-bucket delta_t=0 policy=0
rank=956 loaded data/1536/stackoverflow_a2q.sub956.txt (|V_local|=1593  t_range=[40740213,239581371])
rank=956 loaded routing data/1536/stackoverflow_a2q.rt956.txt (1091 entries)
rank=956 added 1 boundary-only nodes from routing
rank=948/1536 dataset=stackoverflow_a2q walkers=5208 (4937184..4942391) steps=30 mode=0 sched=single-bucket delta_t=0 policy=0
rank=948 loaded data/1536/stackoverflow_a2q.sub948.txt (|V_local|=1595  t_range=[28194300,239688421])
rank=948 loaded routing data/1536/stackoverflow_a2q.rt948.txt (1060 entries)
rank=948 added 1 boundary-only nodes from routing
rank=938/1536 dataset=stackoverflow_a2q walkers=5208 (4885104..4890311) steps=30 mode=0 sched=single-bucket delta_t=0 policy=0
rank=938 loaded data/1536/stackoverflow_a2q.sub938.txt (|V_local|=1593  t_range=[26312726,239649815])
rank=938 loaded routing data/1536/stackoverflow_a2q.rt938.txt (1111 entries)
rank=938 added 2 boundary-only nodes from routing
rank=944/1536 dataset=stackoverflow_a2q walkers=5208 (4916352..4921559) steps=30 mode=0 sched=single-bucket delta_t=0 policy=0
rank=944 loaded data/1536/stackoverflow_a2q.sub944.txt (|V_local|=1652  t_range=[82230290,239674277])
rank=944 loaded routing data/1536/stackoverflow_a2q.rt944.txt (476 entries)
rank=942/1536 dataset=stackoverflow_a2q walkers=5208 (4905936..4911143) steps=30 mode=0 sched=single-bucket delta_t=0 policy=0
rank=942 loaded data/1536/stackoverflow_a2q.sub942.txt (|V_local|=1590  t_range=[15705019,239678969])
rank=942 loaded routing data/1536/stackoverflow_a2q.rt942.txt (981 entries)
rank=949/1536 dataset=stackoverflow_a2q walkers=5208 (4942392..4947599) steps=30 mode=0 sched=single-bucket delta_t=0 policy=0
rank=949 loaded data/1536/stackoverflow_a2q.sub949.txt (|V_local|=1606  t_range=[42947827,239657818])
rank=949 loaded routing data/1536/stackoverflow_a2q.rt949.txt (1037 entries)
rank=953/1536 dataset=stackoverflow_a2q walkers=5208 (4963224..4968431) steps=30 mode=0 sched=single-bucket delta_t=0 policy=0
rank=953 loaded data/1536/stackoverflow_a2q.sub953.txt (|V_local|=1649  t_range=[3296715,239695219])
rank=953 loaded routing data/1536/stackoverflow_a2q.rt953.txt (1012 entries)
rank=953 added 1 boundary-only nodes from routing
rank=936/1536 dataset=stackoverflow_a2q walkers=5208 (4874688..4879895) steps=30 mode=0 sched=single-bucket delta_t=0 policy=0
rank=936 loaded data/1536/stackoverflow_a2q.sub936.txt (|V_local|=1594  t_range=[8389949,239694084])
rank=936 loaded routing data/1536/stackoverflow_a2q.rt936.txt (970 entries)
rank=936 added 1 boundary-only nodes from routing
rank=937/1536 dataset=stackoverflow_a2q walkers=5208 (4879896..4885103) steps=30 mode=0 sched=single-bucket delta_t=0 policy=0
rank=937 loaded data/1536/stackoverflow_a2q.sub937.txt (|V_local|=1650  t_range=[29682171,239674310])
rank=937 loaded routing data/1536/stackoverflow_a2q.rt937.txt (890 entries)
rank=937 added 1 boundary-only nodes from routing
rank=950/1536 dataset=stackoverflow_a2q walkers=5208 (4947600..4952807) steps=30 mode=0 sched=single-bucket delta_t=0 policy=0
rank=950 loaded data/1536/stackoverflow_a2q.sub950.txt (|V_local|=1631  t_range=[45673336,239641173])
rank=950 loaded routing data/1536/stackoverflow_a2q.rt950.txt (1070 entries)
rank=950 added 3 boundary-only nodes from routing
rank=912/1536 dataset=stackoverflow_a2q walkers=5208 (4749696..4754903) steps=30 mode=0 sched=single-bucket delta_t=0 policy=0
rank=912 loaded data/1536/stackoverflow_a2q.sub912.txt (|V_local|=1595  t_range=[31079546,239687118])
rank=912 loaded routing data/1536/stackoverflow_a2q.rt912.txt (977 entries)
rank=912 added 1 boundary-only nodes from routing
rank=1095/1536 dataset=stackoverflow_a2q walkers=5208 (5702760..5707967) steps=30 mode=0 sched=single-bucket delta_t=0 policy=0
rank=1095 loaded data/1536/stackoverflow_a2q.sub1095.txt (|V_local|=1594  t_range=[18661257,239671145])
rank=1095 loaded routing data/1536/stackoverflow_a2q.rt1095.txt (1066 entries)
rank=1095 added 1 boundary-only nodes from routing
rank=1062/1536 dataset=stackoverflow_a2q walkers=5208 (5530896..5536103) steps=30 mode=0 sched=single-bucket delta_t=0 policy=0
rank=1062 loaded data/1536/stackoverflow_a2q.sub1062.txt (|V_local|=1599  t_range=[20591428,239667022])
rank=1062 loaded routing data/1536/stackoverflow_a2q.rt1062.txt (1075 entries)
rank=1062 added 1 boundary-only nodes from routing
rank=1086/1536 dataset=stackoverflow_a2q walkers=5208 (5655888..5661095) steps=30 mode=0 sched=single-bucket delta_t=0 policy=0
rank=1086 loaded data/1536/stackoverflow_a2q.sub1086.txt (|V_local|=1589  t_range=[34888554,239676628])
rank=1086 loaded routing data/1536/stackoverflow_a2q.rt1086.txt (1062 entries)
rank=1086 added 1 boundary-only nodes from routing
rank=1098/1536 dataset=stackoverflow_a2q walkers=5208 (5718384..5723591) steps=30 mode=0 sched=single-bucket delta_t=0 policy=0
rank=1098 loaded data/1536/stackoverflow_a2q.sub1098.txt (|V_local|=1591  t_range=[32260071,239624954])
rank=1098 loaded routing data/1536/stackoverflow_a2q.rt1098.txt (1064 entries)
rank=1079/1536 dataset=stackoverflow_a2q walkers=5208 (5619432..5624639) steps=30 mode=0 sched=single-bucket delta_t=0 policy=0
rank=1079 loaded data/1536/stackoverflow_a2q.sub1079.txt (|V_local|=1596  t_range=[45911386,239688148])
rank=1079 loaded routing data/1536/stackoverflow_a2q.rt1079.txt (1012 entries)
rank=1085/1536 dataset=stackoverflow_a2q walkers=5208 (5650680..5655887) steps=30 mode=0 sched=single-bucket delta_t=0 policy=0
rank=1085 loaded data/1536/stackoverflow_a2q.sub1085.txt (|V_local|=1590  t_range=[4031939,239691639])
rank=1085 loaded routing data/1536/stackoverflow_a2q.rt1085.txt (1073 entries)
rank=1085 added 1 boundary-only nodes from routing
rank=1060/1536 dataset=stackoverflow_a2q walkers=5208 (5520480..5525687) steps=30 mode=0 sched=single-bucket delta_t=0 policy=0
rank=1060 loaded data/1536/stackoverflow_a2q.sub1060.txt (|V_local|=1590  t_range=[62709796,239672137])
rank=1060 loaded routing data/1536/stackoverflow_a2q.rt1060.txt (1070 entries)
rank=1088/1536 dataset=stackoverflow_a2q walkers=5208 (5666304..5671511) steps=30 mode=0 sched=single-bucket delta_t=0 policy=0
rank=1088 loaded data/1536/stackoverflow_a2q.sub1088.txt (|V_local|=1595  t_range=[27820704,239684136])
rank=1088 loaded routing data/1536/stackoverflow_a2q.rt1088.txt (1065 entries)
rank=1101/1536 dataset=stackoverflow_a2q walkers=5208 (5734008..5739215) steps=30 mode=0 sched=single-bucket delta_t=0 policy=0
rank=1101 loaded data/1536/stackoverflow_a2q.sub1101.txt (|V_local|=1592  t_range=[48084758,239581540])
rank=1101 loaded routing data/1536/stackoverflow_a2q.rt1101.txt (1122 entries)
rank=1101 added 1 boundary-only nodes from routing
rank=1072/1536 dataset=stackoverflow_a2q walkers=5208 (5582976..5588183) steps=30 mode=0 sched=single-bucket delta_t=0 policy=0
rank=1072 loaded data/1536/stackoverflow_a2q.sub1072.txt (|V_local|=1592  t_range=[50895141,239671711])
rank=1072 loaded routing data/1536/stackoverflow_a2q.rt1072.txt (1035 entries)
rank=1063/1536 dataset=stackoverflow_a2q walkers=5208 (5536104..5541311) steps=30 mode=0 sched=single-bucket delta_t=0 policy=0
rank=1063 loaded data/1536/stackoverflow_a2q.sub1063.txt (|V_local|=1596  t_range=[36110211,239688781])
rank=1063 loaded routing data/1536/stackoverflow_a2q.rt1063.txt (1119 entries)
rank=1081/1536 dataset=stackoverflow_a2q walkers=5208 (5629848..5635055) steps=30 mode=0 sched=single-bucket delta_t=0 policy=0
rank=1081 loaded data/1536/stackoverflow_a2q.sub1081.txt (|V_local|=1597  t_range=[31745070,239681469])
rank=1081 loaded routing data/1536/stackoverflow_a2q.rt1081.txt (919 entries)
rank=1091/1536 dataset=stackoverflow_a2q walkers=5208 (5681928..5687135) steps=30 mode=0 sched=single-bucket delta_t=0 policy=0
rank=1091 loaded data/1536/stackoverflow_a2q.sub1091.txt (|V_local|=1598  t_range=[23734318,239645781])
rank=1091 loaded routing data/1536/stackoverflow_a2q.rt1091.txt (996 entries)
rank=1409 loaded data/1536/stackoverflow_a2q.sub1409.txt (|V_local|=1646  t_range=[42759076,239672132])
rank=1409 loaded routing data/1536/stackoverflow_a2q.rt1409.txt (1139 entries)
rank=1409 added 1 boundary-only nodes from routing
rank=1410/1536 dataset=stackoverflow_a2q walkers=5208 (7343280..7348487) steps=30 mode=0 sched=single-bucket delta_t=0 policy=0
rank=1410 loaded data/1536/stackoverflow_a2q.sub1410.txt (|V_local|=1590  t_range=[17881247,239585788])
rank=1410 loaded routing data/1536/stackoverflow_a2q.rt1410.txt (1148 entries)
rank=1410 added 5 boundary-only nodes from routing
rank=1422/1536 dataset=stackoverflow_a2q walkers=5208 (7405776..7410983) steps=30 mode=0 sched=single-bucket delta_t=0 policy=0
rank=1422 loaded data/1536/stackoverflow_a2q.sub1422.txt (|V_local|=1595  t_range=[31160192,239658467])
rank=1422 loaded routing data/1536/stackoverflow_a2q.rt1422.txt (1075 entries)
rank=1420/1536 dataset=stackoverflow_a2q walkers=5208 (7395360..7400567) steps=30 mode=0 sched=single-bucket delta_t=0 policy=0
rank=1420 loaded data/1536/stackoverflow_a2q.sub1420.txt (|V_local|=1589  t_range=[6359707,239651750])
rank=1420 loaded routing data/1536/stackoverflow_a2q.rt1420.txt (1116 entries)
rank=1420 added 1 boundary-only nodes from routing
rank=1502/1536 dataset=stackoverflow_a2q walkers=5208 (7822416..7827623) steps=30 mode=0 sched=single-bucket delta_t=0 policy=0
rank=1502 loaded data/1536/stackoverflow_a2q.sub1502.txt (|V_local|=1590  t_range=[12946107,239694854])
rank=1502 loaded routing data/1536/stackoverflow_a2q.rt1502.txt (97 entries)
rank=1502 added 3 boundary-only nodes from routing
rank=1495/1536 dataset=stackoverflow_a2q walkers=5208 (7785960..7791167) steps=30 mode=0 sched=single-bucket delta_t=0 policy=0
rank=1495 loaded data/1536/stackoverflow_a2q.sub1495.txt (|V_local|=1587  t_range=[5845576,239659411])
rank=1495 loaded routing data/1536/stackoverflow_a2q.rt1495.txt (1008 entries)
rank=1495 added 3 boundary-only nodes from routing
rank=1503/1536 dataset=stackoverflow_a2q walkers=5208 (7827624..7832831) steps=30 mode=0 sched=single-bucket delta_t=0 policy=0
rank=1503 loaded data/1536/stackoverflow_a2q.sub1503.txt (|V_local|=1595  t_range=[38351858,239666448])
rank=1503 loaded routing data/1536/stackoverflow_a2q.rt1503.txt (64 entries)
rank=1503 added 2 boundary-only nodes from routing
rank=1531/1536 dataset=stackoverflow_a2q walkers=5208 (7973448..7978655) steps=30 mode=0 sched=single-bucket delta_t=0 policy=0
rank=1531 loaded data/1536/stackoverflow_a2q.sub1531.txt (|V_local|=1588  t_range=[4731496,239661851])
rank=1531 loaded routing data/1536/stackoverflow_a2q.rt1531.txt (23 entries)
rank=1528/1536 dataset=stackoverflow_a2q walkers=5208 (7957824..7963031) steps=30 mode=0 sched=single-bucket delta_t=0 policy=0
rank=1528 loaded data/1536/stackoverflow_a2q.sub1528.txt (|V_local|=1571  t_range=[28321354,239622589])
rank=1528 loaded routing data/1536/stackoverflow_a2q.rt1528.txt (37 entries)
rank=1528 added 32 boundary-only nodes from routing
rank=1507/1536 dataset=stackoverflow_a2q walkers=5208 (7848456..7853663) steps=30 mode=0 sched=single-bucket delta_t=0 policy=0
rank=1507 loaded data/1536/stackoverflow_a2q.sub1507.txt (|V_local|=1535  t_range=[37906926,239667126])
rank=1507 loaded routing data/1536/stackoverflow_a2q.rt1507.txt (72 entries)
rank=1507 added 65 boundary-only nodes from routing
rank=1524/1536 dataset=stackoverflow_a2q walkers=5208 (7936992..7942199) steps=30 mode=0 sched=single-bucket delta_t=0 policy=0
rank=1524 loaded data/1536/stackoverflow_a2q.sub1524.txt (|V_local|=1603  t_range=[30169923,239584891])
rank=1524 loaded routing data/1536/stackoverflow_a2q.rt1524.txt (5 entries)
rank=1522/1536 dataset=stackoverflow_a2q walkers=5208 (7926576..7931783) steps=30 mode=0 sched=single-bucket delta_t=0 policy=0
rank=1522 loaded data/1536/stackoverflow_a2q.sub1522.txt (|V_local|=1592  t_range=[11327035,239631268])
rank=1522 loaded routing data/1536/stackoverflow_a2q.rt1522.txt (183 entries)
rank=1509/1536 dataset=stackoverflow_a2q walkers=5208 (7858872..7864079) steps=30 mode=0 sched=single-bucket delta_t=0 policy=0
rank=1509 loaded data/1536/stackoverflow_a2q.sub1509.txt (|V_local|=1542  t_range=[10977813,239676588])
rank=1509 loaded routing data/1536/stackoverflow_a2q.rt1509.txt (188 entries)
rank=1509 added 44 boundary-only nodes from routing
rank=1519/1536 dataset=stackoverflow_a2q walkers=5208 (7910952..7916159) steps=30 mode=0 sched=single-bucket delta_t=0 policy=0
rank=1519 loaded data/1536/stackoverflow_a2q.sub1519.txt (|V_local|=1600  t_range=[4621375,239574543])
rank=1519 loaded routing data/1536/stackoverflow_a2q.rt1519.txt (113 entries)
rank=1519 added 1 boundary-only nodes from routing
rank=1518/1536 dataset=stackoverflow_a2q walkers=5208 (7905744..7910951) steps=30 mode=0 sched=single-bucket delta_t=0 policy=0
rank=1518 loaded data/1536/stackoverflow_a2q.sub1518.txt (|V_local|=1592  t_range=[16123003,239602944])
rank=1518 loaded routing data/1536/stackoverflow_a2q.rt1518.txt (106 entries)
rank=1533/1536 dataset=stackoverflow_a2q walkers=5208 (7983864..7989071) steps=30 mode=0 sched=single-bucket delta_t=0 policy=0
rank=1533 loaded data/1536/stackoverflow_a2q.sub1533.txt (|V_local|=1569  t_range=[19772668,239631417])
rank=1533 loaded routing data/1536/stackoverflow_a2q.rt1533.txt (158 entries)
rank=1533 added 24 boundary-only nodes from routing
rank=1517/1536 dataset=stackoverflow_a2q walkers=5208 (7900536..7905743) steps=30 mode=0 sched=single-bucket delta_t=0 policy=0
rank=1517 loaded data/1536/stackoverflow_a2q.sub1517.txt (|V_local|=1565  t_range=[33764238,239646360])
rank=1517 loaded routing data/1536/stackoverflow_a2q.rt1517.txt (15 entries)
rank=1517 added 14 boundary-only nodes from routing
rank=1523/1536 dataset=stackoverflow_a2q walkers=5208 (7931784..7936991) steps=30 mode=0 sched=single-bucket delta_t=0 policy=0
rank=1523 loaded data/1536/stackoverflow_a2q.sub1523.txt (|V_local|=1566  t_range=[20363475,239652468])
rank=1523 loaded routing data/1536/stackoverflow_a2q.rt1523.txt (81 entries)
rank=1523 added 2 boundary-only nodes from routing
rank=1511/1536 dataset=stackoverflow_a2q walkers=5208 (7869288..7874495) steps=30 mode=0 sched=single-bucket delta_t=0 policy=0
rank=1511 loaded data/1536/stackoverflow_a2q.sub1511.txt (|V_local|=1608  t_range=[25114020,239682067])
rank=1511 loaded routing data/1536/stackoverflow_a2q.rt1511.txt (5 entries)
rank=1527/1536 dataset=stackoverflow_a2q walkers=5208 (7952616..7957823) steps=30 mode=0 sched=single-bucket delta_t=0 policy=0
rank=1527 loaded data/1536/stackoverflow_a2q.sub1527.txt (|V_local|=1564  t_range=[27881992,239689728])
rank=1527 loaded routing data/1536/stackoverflow_a2q.rt1527.txt (7 entries)
rank=1494/1536 dataset=stackoverflow_a2q walkers=5208 (7780752..7785959) steps=30 mode=0 sched=single-bucket delta_t=0 policy=0
rank=1494 loaded data/1536/stackoverflow_a2q.sub1494.txt (|V_local|=1540  t_range=[8446041,239667642])
rank=1494 loaded routing data/1536/stackoverflow_a2q.rt1494.txt (654 entries)
rank=1494 added 53 boundary-only nodes from routing
rank=1510/1536 dataset=stackoverflow_a2q walkers=5208 (7864080..7869287) steps=30 mode=0 sched=single-bucket delta_t=0 policy=0
rank=1510 loaded data/1536/stackoverflow_a2q.sub1510.txt (|V_local|=1593  t_range=[38331715,239670478])
rank=1510 loaded routing data/1536/stackoverflow_a2q.rt1510.txt (43 entries)
rank=1515/1536 dataset=stackoverflow_a2q walkers=5208 (7890120..7895327) steps=30 mode=0 sched=single-bucket delta_t=0 policy=0
rank=1515 loaded data/1536/stackoverflow_a2q.sub1515.txt (|V_local|=1570  t_range=[35142319,239659777])
rank=1515 loaded routing data/1536/stackoverflow_a2q.rt1515.txt (103 entries)
rank=1515 added 19 boundary-only nodes from routing
rank=1508/1536 dataset=stackoverflow_a2q walkers=5208 (7853664..7858871) steps=30 mode=0 sched=single-bucket delta_t=0 policy=0
rank=1508 loaded data/1536/stackoverflow_a2q.sub1508.txt (|V_local|=1596  t_range=[8376134,239600361])
rank=1508 loaded routing data/1536/stackoverflow_a2q.rt1508.txt (104 entries)
rank=1508 added 1 boundary-only nodes from routing
rank=1505/1536 dataset=stackoverflow_a2q walkers=5208 (7838040..7843247) steps=30 mode=0 sched=single-bucket delta_t=0 policy=0
rank=1505 loaded data/1536/stackoverflow_a2q.sub1505.txt (|V_local|=1610  t_range=[32121631,239665824])
rank=1505 loaded routing data/1536/stackoverflow_a2q.rt1505.txt (7 entries)
rank=1529/1536 dataset=stackoverflow_a2q walkers=5208 (7963032..7968239) steps=30 mode=0 sched=single-bucket delta_t=0 policy=0
rank=1529 loaded data/1536/stackoverflow_a2q.sub1529.txt (|V_local|=1569  t_range=[27216710,239660708])
rank=1529 loaded routing data/1536/stackoverflow_a2q.rt1529.txt (14 entries)
rank=1488/1536 dataset=stackoverflow_a2q walkers=5208 (7749504..7754711) steps=30 mode=0 sched=single-bucket delta_t=0 policy=0
rank=1488 loaded data/1536/stackoverflow_a2q.sub1488.txt (|V_local|=1589  t_range=[6485945,239687141])
rank=1488 loaded routing data/1536/stackoverflow_a2q.rt1488.txt (874 entries)
rank=1488 added 6 boundary-only nodes from routing
rank=1231/1536 dataset=stackoverflow_a2q walkers=5208 (6411048..6416255) steps=30 mode=0 sched=single-bucket delta_t=0 policy=0
rank=1231 loaded data/1536/stackoverflow_a2q.sub1231.txt (|V_local|=1593  t_range=[4123839,239602824])
rank=1231 loaded routing data/1536/stackoverflow_a2q.rt1231.txt (1032 entries)
rank=1239/1536 dataset=stackoverflow_a2q walkers=5208 (6452712..6457919) steps=30 mode=0 sched=single-bucket delta_t=0 policy=0
rank=1239 loaded data/1536/stackoverflow_a2q.sub1239.txt (|V_local|=1588  t_range=[19127477,239671517])
rank=1239 loaded routing data/1536/stackoverflow_a2q.rt1239.txt (1058 entries)
rank=1239 added 3 boundary-only nodes from routing
rank=1211/1536 dataset=stackoverflow_a2q walkers=5208 (6306888..6312095) steps=30 mode=0 sched=single-bucket delta_t=0 policy=0
rank=1211 loaded data/1536/stackoverflow_a2q.sub1211.txt (|V_local|=1593  t_range=[43401833,239675892])
rank=1211 loaded routing data/1536/stackoverflow_a2q.rt1211.txt (1077 entries)
rank=1211 added 1 boundary-only nodes from routing
rank=1233/1536 dataset=stackoverflow_a2q walkers=5208 (6421464..6426671) steps=30 mode=0 sched=single-bucket delta_t=0 policy=0
rank=1233 loaded data/1536/stackoverflow_a2q.sub1233.txt (|V_local|=1592  t_range=[10324542,239563075])
rank=1233 loaded routing data/1536/stackoverflow_a2q.rt1233.txt (1055 entries)
rank=1233 added 3 boundary-only nodes from routing
rank=1227/1536 dataset=stackoverflow_a2q walkers=5208 (6390216..6395423) steps=30 mode=0 sched=single-bucket delta_t=0 policy=0
rank=1227 loaded data/1536/stackoverflow_a2q.sub1227.txt (|V_local|=1596  t_range=[45819457,239684348])
rank=1227 loaded routing data/1536/stackoverflow_a2q.rt1227.txt (1057 entries)
rank=1245/1536 dataset=stackoverflow_a2q walkers=5208 (6483960..6489167) steps=30 mode=0 sched=single-bucket delta_t=0 policy=0
rank=1245 loaded data/1536/stackoverflow_a2q.sub1245.txt (|V_local|=1587  t_range=[59684260,239662011])
rank=1245 loaded routing data/1536/stackoverflow_a2q.rt1245.txt (1022 entries)
rank=1217/1536 dataset=stackoverflow_a2q walkers=5208 (6338136..6343343) steps=30 mode=0 sched=single-bucket delta_t=0 policy=0
rank=1217 loaded data/1536/stackoverflow_a2q.sub1217.txt (|V_local|=1599  t_range=[34469486,239640934])
rank=1217 loaded routing data/1536/stackoverflow_a2q.rt1217.txt (1073 entries)
rank=1241/1536 dataset=stackoverflow_a2q walkers=5208 (6463128..6468335) steps=30 mode=0 sched=single-bucket delta_t=0 policy=0
rank=1241 loaded data/1536/stackoverflow_a2q.sub1241.txt (|V_local|=1604  t_range=[77815603,239696973])
rank=1241 loaded routing data/1536/stackoverflow_a2q.rt1241.txt (1059 entries)
rank=1241 added 1 boundary-only nodes from routing
rank=847/1536 dataset=stackoverflow_a2q walkers=5208 (4411176..4416383) steps=30 mode=0 sched=single-bucket delta_t=0 policy=0
rank=847 loaded data/1536/stackoverflow_a2q.sub847.txt (|V_local|=1608  t_range=[42926352,239642461])
rank=847 loaded routing data/1536/stackoverflow_a2q.rt847.txt (968 entries)
rank=847 added 3 boundary-only nodes from routing
rank=852/1536 dataset=stackoverflow_a2q walkers=5208 (4437216..4442423) steps=30 mode=0 sched=single-bucket delta_t=0 policy=0
rank=852 loaded data/1536/stackoverflow_a2q.sub852.txt (|V_local|=1581  t_range=[44054654,239686822])
rank=852 loaded routing data/1536/stackoverflow_a2q.rt852.txt (1061 entries)
rank=852 added 23 boundary-only nodes from routing
rank=857/1536 dataset=stackoverflow_a2q walkers=5208 (4463256..4468463) steps=30 mode=0 sched=single-bucket delta_t=0 policy=0
rank=857 loaded data/1536/stackoverflow_a2q.sub857.txt (|V_local|=1588  t_range=[9738371,239688215])
rank=857 loaded routing data/1536/stackoverflow_a2q.rt857.txt (1127 entries)
rank=857 added 1 boundary-only nodes from routing
rank=861/1536 dataset=stackoverflow_a2q walkers=5208 (4484088..4489295) steps=30 mode=0 sched=single-bucket delta_t=0 policy=0
rank=861 loaded data/1536/stackoverflow_a2q.sub861.txt (|V_local|=1609  t_range=[26412011,239664282])
rank=861 loaded routing data/1536/stackoverflow_a2q.rt861.txt (945 entries)
rank=834/1536 dataset=stackoverflow_a2q walkers=5208 (4343472..4348679) steps=30 mode=0 sched=single-bucket delta_t=0 policy=0
rank=834 loaded data/1536/stackoverflow_a2q.sub834.txt (|V_local|=1590  t_range=[30578494,239682873])
rank=834 loaded routing data/1536/stackoverflow_a2q.rt834.txt (1067 entries)
rank=834 added 3 boundary-only nodes from routing
rank=848/1536 dataset=stackoverflow_a2q walkers=5208 (4416384..4421591) steps=30 mode=0 sched=single-bucket delta_t=0 policy=0
rank=848 loaded data/1536/stackoverflow_a2q.sub848.txt (|V_local|=1593  t_range=[19156188,239686054])
rank=848 loaded routing data/1536/stackoverflow_a2q.rt848.txt (1117 entries)
rank=849/1536 dataset=stackoverflow_a2q walkers=5208 (4421592..4426799) steps=30 mode=0 sched=single-bucket delta_t=0 policy=0
rank=849 loaded data/1536/stackoverflow_a2q.sub849.txt (|V_local|=1595  t_range=[35651420,239673602])
rank=849 loaded routing data/1536/stackoverflow_a2q.rt849.txt (1098 entries)
rank=853/1536 dataset=stackoverflow_a2q walkers=5208 (4442424..4447631) steps=30 mode=0 sched=single-bucket delta_t=0 policy=0
rank=853 loaded data/1536/stackoverflow_a2q.sub853.txt (|V_local|=1648  t_range=[39875185,239694102])
rank=853 loaded routing data/1536/stackoverflow_a2q.rt853.txt (953 entries)
rank=853 added 3 boundary-only nodes from routing
rank=821/1536 dataset=stackoverflow_a2q walkers=5208 (4275768..4280975) steps=30 mode=0 sched=single-bucket delta_t=0 policy=0
rank=821 loaded data/1536/stackoverflow_a2q.sub821.txt (|V_local|=1590  t_range=[57403298,239651113])
rank=821 loaded routing data/1536/stackoverflow_a2q.rt821.txt (1133 entries)
rank=821 added 4 boundary-only nodes from routing
rank=858/1536 dataset=stackoverflow_a2q walkers=5208 (4468464..4473671) steps=30 mode=0 sched=single-bucket delta_t=0 policy=0
rank=858 loaded data/1536/stackoverflow_a2q.sub858.txt (|V_local|=1599  t_range=[5136916,239662627])
rank=858 loaded routing data/1536/stackoverflow_a2q.rt858.txt (1090 entries)
rank=858 added 1 boundary-only nodes from routing
rank=830/1536 dataset=stackoverflow_a2q walkers=5208 (4322640..4327847) steps=30 mode=0 sched=single-bucket delta_t=0 policy=0
rank=830 loaded data/1536/stackoverflow_a2q.sub830.txt (|V_local|=1600  t_range=[26149207,239571156])
rank=830 loaded routing data/1536/stackoverflow_a2q.rt830.txt (968 entries)
rank=830 added 1 boundary-only nodes from routing
rank=862/1536 dataset=stackoverflow_a2q walkers=5208 (4489296..4494503) steps=30 mode=0 sched=single-bucket delta_t=0 policy=0
rank=862 loaded data/1536/stackoverflow_a2q.sub862.txt (|V_local|=1591  t_range=[28914904,239576874])
rank=862 loaded routing data/1536/stackoverflow_a2q.rt862.txt (1054 entries)
rank=862 added 1 boundary-only nodes from routing
rank=822/1536 dataset=stackoverflow_a2q walkers=5208 (4280976..4286183) steps=30 mode=0 sched=single-bucket delta_t=0 policy=0
rank=822 loaded data/1536/stackoverflow_a2q.sub822.txt (|V_local|=1591  t_range=[28294171,239574123])
rank=822 loaded routing data/1536/stackoverflow_a2q.rt822.txt (1049 entries)
rank=822 added 5 boundary-only nodes from routing
rank=835/1536 dataset=stackoverflow_a2q walkers=5208 (4348680..4353887) steps=30 mode=0 sched=single-bucket delta_t=0 policy=0
rank=835 loaded data/1536/stackoverflow_a2q.sub835.txt (|V_local|=1593  t_range=[4781453,239685287])
rank=835 loaded routing data/1536/stackoverflow_a2q.rt835.txt (1061 entries)
rank=835 added 3 boundary-only nodes from routing
rank=855/1536 dataset=stackoverflow_a2q walkers=5208 (4452840..4458047) steps=30 mode=0 sched=single-bucket delta_t=0 policy=0
rank=855 loaded data/1536/stackoverflow_a2q.sub855.txt (|V_local|=1593  t_range=[16994149,239690343])
rank=855 loaded routing data/1536/stackoverflow_a2q.rt855.txt (1164 entries)
rank=851/1536 dataset=stackoverflow_a2q walkers=5208 (4432008..4437215) steps=30 mode=0 sched=single-bucket delta_t=0 policy=0
rank=851 loaded data/1536/stackoverflow_a2q.sub851.txt (|V_local|=1650  t_range=[66412877,239695214])
rank=851 loaded routing data/1536/stackoverflow_a2q.rt851.txt (835 entries)
rank=851 added 1 boundary-only nodes from routing
rank=838/1536 dataset=stackoverflow_a2q walkers=5208 (4364304..4369511) steps=30 mode=0 sched=single-bucket delta_t=0 policy=0
rank=838 loaded data/1536/stackoverflow_a2q.sub838.txt (|V_local|=1648  t_range=[4049690,239666567])
rank=838 loaded routing data/1536/stackoverflow_a2q.rt838.txt (644 entries)
rank=838 added 3 boundary-only nodes from routing
rank=842/1536 dataset=stackoverflow_a2q walkers=5208 (4385136..4390343) steps=30 mode=0 sched=single-bucket delta_t=0 policy=0
rank=842 loaded data/1536/stackoverflow_a2q.sub842.txt (|V_local|=1584  t_range=[38514057,239619631])
rank=842 loaded routing data/1536/stackoverflow_a2q.rt842.txt (1120 entries)
rank=842 added 3 boundary-only nodes from routing
rank=846/1536 dataset=stackoverflow_a2q walkers=5208 (4405968..4411175) steps=30 mode=0 sched=single-bucket delta_t=0 policy=0
rank=846 loaded data/1536/stackoverflow_a2q.sub846.txt (|V_local|=1591  t_range=[13395044,239694633])
rank=846 loaded routing data/1536/stackoverflow_a2q.rt846.txt (1140 entries)
rank=846 added 4 boundary-only nodes from routing
rank=837/1536 dataset=stackoverflow_a2q walkers=5208 (4359096..4364303) steps=30 mode=0 sched=single-bucket delta_t=0 policy=0
rank=837 loaded data/1536/stackoverflow_a2q.sub837.txt (|V_local|=1591  t_range=[32622831,239692058])
rank=837 loaded routing data/1536/stackoverflow_a2q.rt837.txt (1072 entries)
rank=837 added 3 boundary-only nodes from routing
rank=832/1536 dataset=stackoverflow_a2q walkers=5208 (4333056..4338263) steps=30 mode=0 sched=single-bucket delta_t=0 policy=0
rank=832 loaded data/1536/stackoverflow_a2q.sub832.txt (|V_local|=1652  t_range=[34197263,239583253])
rank=832 loaded routing data/1536/stackoverflow_a2q.rt832.txt (558 entries)
rank=841/1536 dataset=stackoverflow_a2q walkers=5208 (4379928..4385135) steps=30 mode=0 sched=single-bucket delta_t=0 policy=0
rank=841 loaded data/1536/stackoverflow_a2q.sub841.txt (|V_local|=1592  t_range=[21712933,239654773])
rank=841 loaded routing data/1536/stackoverflow_a2q.rt841.txt (1041 entries)
rank=845/1536 dataset=stackoverflow_a2q walkers=5208 (4400760..4405967) steps=30 mode=0 sched=single-bucket delta_t=0 policy=0
rank=845 loaded data/1536/stackoverflow_a2q.sub845.txt (|V_local|=1651  t_range=[4061471,239584809])
rank=845 loaded routing data/1536/stackoverflow_a2q.rt845.txt (1131 entries)
rank=845 added 1 boundary-only nodes from routing
rank=816/1536 dataset=stackoverflow_a2q walkers=5208 (4249728..4254935) steps=30 mode=0 sched=single-bucket delta_t=0 policy=0
rank=816 loaded data/1536/stackoverflow_a2q.sub816.txt (|V_local|=1591  t_range=[11698034,239655661])
rank=816 loaded routing data/1536/stackoverflow_a2q.rt816.txt (1098 entries)
rank=131 loaded data/1536/stackoverflow_a2q.sub131.txt (|V_local|=1649  t_range=[10785535,239493514])
rank=131 loaded routing data/1536/stackoverflow_a2q.rt131.txt (783 entries)
rank=131 added 3 boundary-only nodes from routing
rank=143/1536 dataset=stackoverflow_a2q walkers=5208 (744744..749951) steps=30 mode=0 sched=single-bucket delta_t=0 policy=0
rank=143 loaded data/1536/stackoverflow_a2q.sub143.txt (|V_local|=1594  t_range=[1878006,239634053])
rank=143 loaded routing data/1536/stackoverflow_a2q.rt143.txt (1033 entries)
rank=143 added 2 boundary-only nodes from routing
rank=139/1536 dataset=stackoverflow_a2q walkers=5208 (723912..729119) steps=30 mode=0 sched=single-bucket delta_t=0 policy=0
rank=139 loaded data/1536/stackoverflow_a2q.sub139.txt (|V_local|=1600  t_range=[1801425,239656546])
rank=139 loaded routing data/1536/stackoverflow_a2q.rt139.txt (828 entries)
rank=630/1536 dataset=stackoverflow_a2q walkers=5208 (3281040..3286247) steps=30 mode=0 sched=single-bucket delta_t=0 policy=0
rank=630 loaded data/1536/stackoverflow_a2q.sub630.txt (|V_local|=1592  t_range=[19538568,239643974])
rank=630 loaded routing data/1536/stackoverflow_a2q.rt630.txt (1045 entries)
rank=630 added 3 boundary-only nodes from routing
rank=634/1536 dataset=stackoverflow_a2q walkers=5208 (3301872..3307079) steps=30 mode=0 sched=single-bucket delta_t=0 policy=0
rank=634 loaded data/1536/stackoverflow_a2q.sub634.txt (|V_local|=1621  t_range=[17509225,239654578])
rank=634 loaded routing data/1536/stackoverflow_a2q.rt634.txt (881 entries)
rank=643/1536 dataset=stackoverflow_a2q walkers=5208 (3348744..3353951) steps=30 mode=0 sched=single-bucket delta_t=0 policy=0
rank=643 loaded data/1536/stackoverflow_a2q.sub643.txt (|V_local|=1599  t_range=[17099290,239508574])
rank=643 loaded routing data/1536/stackoverflow_a2q.rt643.txt (846 entries)
rank=654/1536 dataset=stackoverflow_a2q walkers=5208 (3406032..3411239) steps=30 mode=0 sched=single-bucket delta_t=0 policy=0
rank=654 loaded data/1536/stackoverflow_a2q.sub654.txt (|V_local|=1594  t_range=[20334019,239659199])
rank=654 loaded routing data/1536/stackoverflow_a2q.rt654.txt (1067 entries)
rank=654 added 1 boundary-only nodes from routing
rank=649/1536 dataset=stackoverflow_a2q walkers=5208 (3379992..3385199) steps=30 mode=0 sched=single-bucket delta_t=0 policy=0
rank=649 loaded data/1536/stackoverflow_a2q.sub649.txt (|V_local|=1651  t_range=[20259369,239582251])
rank=649 loaded routing data/1536/stackoverflow_a2q.rt649.txt (817 entries)
rank=649 added 1 boundary-only nodes from routing
rank=650/1536 dataset=stackoverflow_a2q walkers=5208 (3385200..3390407) steps=30 mode=0 sched=single-bucket delta_t=0 policy=0
rank=650 loaded data/1536/stackoverflow_a2q.sub650.txt (|V_local|=1598  t_range=[42170071,239446704])
rank=650 loaded routing data/1536/stackoverflow_a2q.rt650.txt (902 entries)
rank=658/1536 dataset=stackoverflow_a2q walkers=5208 (3426864..3432071) steps=30 mode=0 sched=single-bucket delta_t=0 policy=0
rank=658 loaded data/1536/stackoverflow_a2q.sub658.txt (|V_local|=1580  t_range=[15680862,239654967])
rank=658 loaded routing data/1536/stackoverflow_a2q.rt658.txt (1036 entries)
rank=658 added 1 boundary-only nodes from routing
rank=661/1536 dataset=stackoverflow_a2q walkers=5208 (3442488..3447695) steps=30 mode=0 sched=single-bucket delta_t=0 policy=0
rank=661 loaded data/1536/stackoverflow_a2q.sub661.txt (|V_local|=1648  t_range=[4101208,239549065])
rank=661 loaded routing data/1536/stackoverflow_a2q.rt661.txt (895 entries)
rank=662/1536 dataset=stackoverflow_a2q walkers=5208 (3447696..3452903) steps=30 mode=0 sched=single-bucket delta_t=0 policy=0
rank=662 loaded data/1536/stackoverflow_a2q.sub662.txt (|V_local|=1591  t_range=[25458652,239592556])
rank=662 loaded routing data/1536/stackoverflow_a2q.rt662.txt (1024 entries)
rank=670/1536 dataset=stackoverflow_a2q walkers=5208 (3489360..3494567) steps=30 mode=0 sched=single-bucket delta_t=0 policy=0
rank=670 loaded data/1536/stackoverflow_a2q.sub670.txt (|V_local|=1616  t_range=[27603366,239675165])
rank=670 loaded routing data/1536/stackoverflow_a2q.rt670.txt (921 entries)
rank=664/1536 dataset=stackoverflow_a2q walkers=5208 (3458112..3463319) steps=30 mode=0 sched=single-bucket delta_t=0 policy=0
rank=664 loaded data/1536/stackoverflow_a2q.sub664.txt (|V_local|=1593  t_range=[40242396,239429926])
rank=664 loaded routing data/1536/stackoverflow_a2q.rt664.txt (1001 entries)
rank=631/1536 dataset=stackoverflow_a2q walkers=5208 (3286248..3291455) steps=30 mode=0 sched=single-bucket delta_t=0 policy=0
rank=631 loaded data/1536/stackoverflow_a2q.sub631.txt (|V_local|=1650  t_range=[40338011,239639998])
rank=631 loaded routing data/1536/stackoverflow_a2q.rt631.txt (760 entries)
rank=631 added 1 boundary-only nodes from routing
rank=669/1536 dataset=stackoverflow_a2q walkers=5208 (3484152..3489359) steps=30 mode=0 sched=single-bucket delta_t=0 policy=0
rank=669 loaded data/1536/stackoverflow_a2q.sub669.txt (|V_local|=1593  t_range=[7833869,239476318])
rank=669 loaded routing data/1536/stackoverflow_a2q.rt669.txt (1065 entries)
rank=669 added 6 boundary-only nodes from routing
rank=651/1536 dataset=stackoverflow_a2q walkers=5208 (3390408..3395615) steps=30 mode=0 sched=single-bucket delta_t=0 policy=0
rank=651 loaded data/1536/stackoverflow_a2q.sub651.txt (|V_local|=1601  t_range=[4340719,239474191])
rank=651 loaded routing data/1536/stackoverflow_a2q.rt651.txt (1045 entries)
rank=651 added 1 boundary-only nodes from routing
rank=642/1536 dataset=stackoverflow_a2q walkers=5208 (3343536..3348743) steps=30 mode=0 sched=single-bucket delta_t=0 policy=0
rank=642 loaded data/1536/stackoverflow_a2q.sub642.txt (|V_local|=1587  t_range=[15206937,239689731])
rank=642 loaded routing data/1536/stackoverflow_a2q.rt642.txt (1030 entries)
rank=642 added 4 boundary-only nodes from routing
rank=646/1536 dataset=stackoverflow_a2q walkers=5208 (3364368..3369575) steps=30 mode=0 sched=single-bucket delta_t=0 policy=0
rank=646 loaded data/1536/stackoverflow_a2q.sub646.txt (|V_local|=1651  t_range=[13879226,239688640])
rank=646 loaded routing data/1536/stackoverflow_a2q.rt646.txt (848 entries)
rank=659/1536 dataset=stackoverflow_a2q walkers=5208 (3432072..3437279) steps=30 mode=0 sched=single-bucket delta_t=0 policy=0
rank=659 loaded data/1536/stackoverflow_a2q.sub659.txt (|V_local|=1593  t_range=[2495228,239656711])
rank=659 loaded routing data/1536/stackoverflow_a2q.rt659.txt (1020 entries)
rank=659 added 2 boundary-only nodes from routing
rank=655/1536 dataset=stackoverflow_a2q walkers=5208 (3411240..3416447) steps=30 mode=0 sched=single-bucket delta_t=0 policy=0
rank=655 loaded data/1536/stackoverflow_a2q.sub655.txt (|V_local|=1642  t_range=[16990903,239572761])
rank=655 loaded routing data/1536/stackoverflow_a2q.rt655.txt (894 entries)
rank=666/1536 dataset=stackoverflow_a2q walkers=5208 (3468528..3473735) steps=30 mode=0 sched=single-bucket delta_t=0 policy=0
rank=666 loaded data/1536/stackoverflow_a2q.sub666.txt (|V_local|=1586  t_range=[4654957,239571636])
rank=666 loaded routing data/1536/stackoverflow_a2q.rt666.txt (1049 entries)
rank=666 added 4 boundary-only nodes from routing
rank=624/1536 dataset=stackoverflow_a2q walkers=5208 (3249792..3254999) steps=30 mode=0 sched=single-bucket delta_t=0 policy=0
rank=624 loaded data/1536/stackoverflow_a2q.sub624.txt (|V_local|=1589  t_range=[28577252,239605857])
rank=624 loaded routing data/1536/stackoverflow_a2q.rt624.txt (1029 entries)
rank=624 added 3 boundary-only nodes from routing
rank=657/1536 dataset=stackoverflow_a2q walkers=5208 (3421656..3426863) steps=30 mode=0 sched=single-bucket delta_t=0 policy=0
rank=657 loaded data/1536/stackoverflow_a2q.sub657.txt (|V_local|=1591  t_range=[4013656,239585708])
rank=657 loaded routing data/1536/stackoverflow_a2q.rt657.txt (1061 entries)
rank=648/1536 dataset=stackoverflow_a2q walkers=5208 (3374784..3379991) steps=30 mode=0 sched=single-bucket delta_t=0 policy=0
rank=648 loaded data/1536/stackoverflow_a2q.sub648.txt (|V_local|=1589  t_range=[17783130,239668082])
rank=648 loaded routing data/1536/stackoverflow_a2q.rt648.txt (1042 entries)
rank=665/1536 dataset=stackoverflow_a2q walkers=5208 (3463320..3468527) steps=30 mode=0 sched=single-bucket delta_t=0 policy=0
rank=665 loaded data/1536/stackoverflow_a2q.sub665.txt (|V_local|=1593  t_range=[13734954,239654248])
rank=665 loaded routing data/1536/stackoverflow_a2q.rt665.txt (758 entries)
rank=665 added 2 boundary-only nodes from routing
rank=653/1536 dataset=stackoverflow_a2q walkers=5208 (3400824..3406031) steps=30 mode=0 sched=single-bucket delta_t=0 policy=0
rank=653 loaded data/1536/stackoverflow_a2q.sub653.txt (|V_local|=1646  t_range=[30748236,239286774])
rank=653 loaded routing data/1536/stackoverflow_a2q.rt653.txt (879 entries)
rank=653 added 1 boundary-only nodes from routing
rank=628/1536 dataset=stackoverflow_a2q walkers=5208 (3270624..3275831) steps=30 mode=0 sched=single-bucket delta_t=0 policy=0
rank=1019/1536 dataset=stackoverflow_a2q walkers=5208 (5306952..5312159) steps=30 mode=0 sched=single-bucket delta_t=0 policy=0
rank=1019 loaded data/1536/stackoverflow_a2q.sub1019.txt (|V_local|=1593  t_range=[18465380,239586971])
rank=1019 loaded routing data/1536/stackoverflow_a2q.rt1019.txt (1040 entries)
rank=1021/1536 dataset=stackoverflow_a2q walkers=5208 (5317368..5322575) steps=30 mode=0 sched=single-bucket delta_t=0 policy=0
rank=1021 loaded data/1536/stackoverflow_a2q.sub1021.txt (|V_local|=1599  t_range=[33031677,239689794])
rank=1021 loaded routing data/1536/stackoverflow_a2q.rt1021.txt (1131 entries)
rank=1052/1536 dataset=stackoverflow_a2q walkers=5208 (5478816..5484023) steps=30 mode=0 sched=single-bucket delta_t=0 policy=0
rank=1052 loaded data/1536/stackoverflow_a2q.sub1052.txt (|V_local|=1651  t_range=[36171312,239661422])
rank=1052 loaded routing data/1536/stackoverflow_a2q.rt1052.txt (829 entries)
rank=1052 added 1 boundary-only nodes from routing
rank=1055/1536 dataset=stackoverflow_a2q walkers=5208 (5494440..5499647) steps=30 mode=0 sched=single-bucket delta_t=0 policy=0
rank=1055 loaded data/1536/stackoverflow_a2q.sub1055.txt (|V_local|=1591  t_range=[4004847,239691900])
rank=1055 loaded routing data/1536/stackoverflow_a2q.rt1055.txt (1112 entries)
rank=1055 added 1 boundary-only nodes from routing
rank=1041/1536 dataset=stackoverflow_a2q walkers=5208 (5421528..5426735) steps=30 mode=0 sched=single-bucket delta_t=0 policy=0
rank=1041 loaded data/1536/stackoverflow_a2q.sub1041.txt (|V_local|=1599  t_range=[23734541,239588325])
rank=1041 loaded routing data/1536/stackoverflow_a2q.rt1041.txt (859 entries)
rank=1041 added 1 boundary-only nodes from routing
rank=1024/1536 dataset=stackoverflow_a2q walkers=5208 (5332992..5338199) steps=30 mode=0 sched=single-bucket delta_t=0 policy=0
rank=1024 loaded data/1536/stackoverflow_a2q.sub1024.txt (|V_local|=1651  t_range=[13524018,239642178])
rank=1024 loaded routing data/1536/stackoverflow_a2q.rt1024.txt (1012 entries)
rank=1024 added 1 boundary-only nodes from routing
rank=1048/1536 dataset=stackoverflow_a2q walkers=5208 (5457984..5463191) steps=30 mode=0 sched=single-bucket delta_t=0 policy=0
rank=1048 loaded data/1536/stackoverflow_a2q.sub1048.txt (|V_local|=1641  t_range=[11982156,239539053])
rank=1048 loaded routing data/1536/stackoverflow_a2q.rt1048.txt (870 entries)
rank=1048 added 6 boundary-only nodes from routing
rank=1036/1536 dataset=stackoverflow_a2q walkers=5208 (5395488..5400695) steps=30 mode=0 sched=single-bucket delta_t=0 policy=0
rank=1036 loaded data/1536/stackoverflow_a2q.sub1036.txt (|V_local|=1589  t_range=[45226753,239643598])
rank=1036 loaded routing data/1536/stackoverflow_a2q.rt1036.txt (1038 entries)
rank=1036 added 1 boundary-only nodes from routing
rank=1040/1536 dataset=stackoverflow_a2q walkers=5208 (5416320..5421527) steps=30 mode=0 sched=single-bucket delta_t=0 policy=0
rank=1040 loaded data/1536/stackoverflow_a2q.sub1040.txt (|V_local|=1595  t_range=[19119420,239585700])
rank=1040 loaded routing data/1536/stackoverflow_a2q.rt1040.txt (1122 entries)
rank=1040 added 3 boundary-only nodes from routing
rank=1035/1536 dataset=stackoverflow_a2q walkers=5208 (5390280..5395487) steps=30 mode=0 sched=single-bucket delta_t=0 policy=0
rank=1035 loaded data/1536/stackoverflow_a2q.sub1035.txt (|V_local|=1594  t_range=[24126848,239616660])
rank=1035 loaded routing data/1536/stackoverflow_a2q.rt1035.txt (1044 entries)
rank=1025/1536 dataset=stackoverflow_a2q walkers=5208 (5338200..5343407) steps=30 mode=0 sched=single-bucket delta_t=0 policy=0
rank=1025 loaded data/1536/stackoverflow_a2q.sub1025.txt (|V_local|=1591  t_range=[39373846,239663528])
rank=1025 loaded routing data/1536/stackoverflow_a2q.rt1025.txt (1096 entries)
rank=1049/1536 dataset=stackoverflow_a2q walkers=5208 (5463192..5468399) steps=30 mode=0 sched=single-bucket delta_t=0 policy=0
rank=1049 loaded data/1536/stackoverflow_a2q.sub1049.txt (|V_local|=1652  t_range=[48193007,239464174])
rank=1049 loaded routing data/1536/stackoverflow_a2q.rt1049.txt (879 entries)
rank=1027/1536 dataset=stackoverflow_a2q walkers=5208 (5348616..5353823) steps=30 mode=0 sched=single-bucket delta_t=0 policy=0
rank=1027 loaded data/1536/stackoverflow_a2q.sub1027.txt (|V_local|=1592  t_range=[36159432,239664239])
rank=1027 loaded routing data/1536/stackoverflow_a2q.rt1027.txt (1081 entries)
rank=1031/1536 dataset=stackoverflow_a2q walkers=5208 (5369448..5374655) steps=30 mode=0 sched=single-bucket delta_t=0 policy=0
rank=1031 loaded data/1536/stackoverflow_a2q.sub1031.txt (|V_local|=1587  t_range=[41669957,239694025])
rank=1031 loaded routing data/1536/stackoverflow_a2q.rt1031.txt (1052 entries)
rank=1031 added 2 boundary-only nodes from routing
rank=1034/1536 dataset=stackoverflow_a2q walkers=5208 (5385072..5390279) steps=30 mode=0 sched=single-bucket delta_t=0 policy=0
rank=1034 loaded data/1536/stackoverflow_a2q.sub1034.txt (|V_local|=1592  t_range=[33657356,239656457])
rank=1034 loaded routing data/1536/stackoverflow_a2q.rt1034.txt (991 entries)
rank=1034 added 2 boundary-only nodes from routing
rank=1050/1536 dataset=stackoverflow_a2q walkers=5208 (5468400..5473607) steps=30 mode=0 sched=single-bucket delta_t=0 policy=0
rank=1050 loaded data/1536/stackoverflow_a2q.sub1050.txt (|V_local|=1590  t_range=[27504435,239675122])
rank=1050 loaded routing data/1536/stackoverflow_a2q.rt1050.txt (1094 entries)
rank=1050 added 4 boundary-only nodes from routing
rank=1039/1536 dataset=stackoverflow_a2q walkers=5208 (5411112..5416319) steps=30 mode=0 sched=single-bucket delta_t=0 policy=0
rank=1039 loaded data/1536/stackoverflow_a2q.sub1039.txt (|V_local|=1651  t_range=[11463600,239540252])
rank=1039 loaded routing data/1536/stackoverflow_a2q.rt1039.txt (905 entries)
rank=1033/1536 dataset=stackoverflow_a2q walkers=5208 (5379864..5385071) steps=30 mode=0 sched=single-bucket delta_t=0 policy=0
rank=1033 loaded data/1536/stackoverflow_a2q.sub1033.txt (|V_local|=1598  t_range=[37993857,239592007])
rank=1033 loaded routing data/1536/stackoverflow_a2q.rt1033.txt (996 entries)
rank=1051/1536 dataset=stackoverflow_a2q walkers=5208 (5473608..5478815) steps=30 mode=0 sched=single-bucket delta_t=0 policy=0
rank=1051 loaded data/1536/stackoverflow_a2q.sub1051.txt (|V_local|=1595  t_range=[36417680,239695626])
rank=1051 loaded routing data/1536/stackoverflow_a2q.rt1051.txt (941 entries)
rank=1051 added 1 boundary-only nodes from routing
rank=1026/1536 dataset=stackoverflow_a2q walkers=5208 (5343408..5348615) steps=30 mode=0 sched=single-bucket delta_t=0 policy=0
rank=1026 loaded data/1536/stackoverflow_a2q.sub1026.txt (|V_local|=1592  t_range=[46052557,239636643])
rank=1026 loaded routing data/1536/stackoverflow_a2q.rt1026.txt (1116 entries)
rank=1030/1536 dataset=stackoverflow_a2q walkers=5208 (5364240..5369447) steps=30 mode=0 sched=single-bucket delta_t=0 policy=0
rank=1030 loaded data/1536/stackoverflow_a2q.sub1030.txt (|V_local|=1593  t_range=[22501661,239634319])
rank=1030 loaded routing data/1536/stackoverflow_a2q.rt1030.txt (978 entries)
rank=1030 added 2 boundary-only nodes from routing
rank=1028/1536 dataset=stackoverflow_a2q walkers=5208 (5353824..5359031) steps=30 mode=0 sched=single-bucket delta_t=0 policy=0
rank=1028 loaded data/1536/stackoverflow_a2q.sub1028.txt (|V_local|=1602  t_range=[50920770,239530123])
rank=1028 loaded routing data/1536/stackoverflow_a2q.rt1028.txt (1087 entries)
rank=1044/1536 dataset=stackoverflow_a2q walkers=5208 (5437152..5442359) steps=30 mode=0 sched=single-bucket delta_t=0 policy=0
rank=1044 loaded data/1536/stackoverflow_a2q.sub1044.txt (|V_local|=1591  t_range=[17568492,239641471])
rank=1044 loaded routing data/1536/stackoverflow_a2q.rt1044.txt (1115 entries)
rank=1029/1536 dataset=stackoverflow_a2q walkers=5208 (5359032..5364239) steps=30 mode=0 sched=single-bucket delta_t=0 policy=0
rank=1029 loaded data/1536/stackoverflow_a2q.sub1029.txt (|V_local|=1592  t_range=[39988509,239690887])
rank=1029 loaded routing data/1536/stackoverflow_a2q.rt1029.txt (1137 entries)
rank=1149/1536 dataset=stackoverflow_a2q walkers=5208 (5983992..5989199) steps=30 mode=0 sched=single-bucket delta_t=0 policy=0
rank=1149 loaded data/1536/stackoverflow_a2q.sub1149.txt (|V_local|=1593  t_range=[16803571,239696401])
rank=1149 loaded routing data/1536/stackoverflow_a2q.rt1149.txt (1144 entries)
rank=1124/1536 dataset=stackoverflow_a2q walkers=5208 (5853792..5858999) steps=30 mode=0 sched=single-bucket delta_t=0 policy=0
rank=1124 loaded data/1536/stackoverflow_a2q.sub1124.txt (|V_local|=1599  t_range=[11375807,239674817])
rank=1124 loaded routing data/1536/stackoverflow_a2q.rt1124.txt (1050 entries)
rank=1127/1536 dataset=stackoverflow_a2q walkers=5208 (5869416..5874623) steps=30 mode=0 sched=single-bucket delta_t=0 policy=0
rank=1127 loaded data/1536/stackoverflow_a2q.sub1127.txt (|V_local|=1614  t_range=[17520062,239696778])
rank=1127 loaded routing data/1536/stackoverflow_a2q.rt1127.txt (952 entries)
rank=1127 added 1 boundary-only nodes from routing
rank=1142/1536 dataset=stackoverflow_a2q walkers=5208 (5947536..5952743) steps=30 mode=0 sched=single-bucket delta_t=0 policy=0
rank=1142 loaded data/1536/stackoverflow_a2q.sub1142.txt (|V_local|=1652  t_range=[56031931,239694245])
rank=1142 loaded routing data/1536/stackoverflow_a2q.rt1142.txt (591 entries)
rank=1150/1536 dataset=stackoverflow_a2q walkers=5208 (5989200..5994407) steps=30 mode=0 sched=single-bucket delta_t=0 policy=0
rank=1150 loaded data/1536/stackoverflow_a2q.sub1150.txt (|V_local|=1597  t_range=[23248756,239683355])
rank=1150 loaded routing data/1536/stackoverflow_a2q.rt1150.txt (1099 entries)
rank=1140/1536 dataset=stackoverflow_a2q walkers=5208 (5937120..5942327) steps=30 mode=0 sched=single-bucket delta_t=0 policy=0
rank=1140 loaded data/1536/stackoverflow_a2q.sub1140.txt (|V_local|=1588  t_range=[33232489,239651307])
rank=1140 loaded routing data/1536/stackoverflow_a2q.rt1140.txt (1066 entries)
rank=1140 added 5 boundary-only nodes from routing
rank=1131/1536 dataset=stackoverflow_a2q walkers=5208 (5890248..5895455) steps=30 mode=0 sched=single-bucket delta_t=0 policy=0
rank=1131 loaded data/1536/stackoverflow_a2q.sub1131.txt (|V_local|=1593  t_range=[22154158,239625703])
rank=1131 loaded routing data/1536/stackoverflow_a2q.rt1131.txt (1024 entries)
rank=1132/1536 dataset=stackoverflow_a2q walkers=5208 (5895456..5900663) steps=30 mode=0 sched=single-bucket delta_t=0 policy=0
rank=1132 loaded data/1536/stackoverflow_a2q.sub1132.txt (|V_local|=1597  t_range=[46670236,239633414])
rank=1132 loaded routing data/1536/stackoverflow_a2q.rt1132.txt (1108 entries)
rank=1132 added 2 boundary-only nodes from routing
rank=1120/1536 dataset=stackoverflow_a2q walkers=5208 (5832960..5838167) steps=30 mode=0 sched=single-bucket delta_t=0 policy=0
rank=1120 loaded data/1536/stackoverflow_a2q.sub1120.txt (|V_local|=1592  t_range=[38959538,239693009])
rank=1120 loaded routing data/1536/stackoverflow_a2q.rt1120.txt (1003 entries)
rank=1120 added 2 boundary-only nodes from routing
rank=1151/1536 dataset=stackoverflow_a2q walkers=5208 (5994408..5999615) steps=30 mode=0 sched=single-bucket delta_t=0 policy=0
rank=1151 loaded data/1536/stackoverflow_a2q.sub1151.txt (|V_local|=1593  t_range=[30720311,239680006])
rank=1151 loaded routing data/1536/stackoverflow_a2q.rt1151.txt (1097 entries)
rank=1151 added 2 boundary-only nodes from routing
rank=1116/1536 dataset=stackoverflow_a2q walkers=5208 (5812128..5817335) steps=30 mode=0 sched=single-bucket delta_t=0 policy=0
rank=1116 loaded data/1536/stackoverflow_a2q.sub1116.txt (|V_local|=1588  t_range=[25194457,239566554])
rank=1116 loaded routing data/1536/stackoverflow_a2q.rt1116.txt (992 entries)
rank=1116 added 1 boundary-only nodes from routing
rank=1138/1536 dataset=stackoverflow_a2q walkers=5208 (5926704..5931911) steps=30 mode=0 sched=single-bucket delta_t=0 policy=0
rank=1138 loaded data/1536/stackoverflow_a2q.sub1138.txt (|V_local|=1591  t_range=[44526795,239678897])
rank=1138 loaded routing data/1536/stackoverflow_a2q.rt1138.txt (1091 entries)
rank=1122/1536 dataset=stackoverflow_a2q walkers=5208 (5843376..5848583) steps=30 mode=0 sched=single-bucket delta_t=0 policy=0
rank=1122 loaded data/1536/stackoverflow_a2q.sub1122.txt (|V_local|=1591  t_range=[39974438,239579254])
rank=1122 loaded routing data/1536/stackoverflow_a2q.rt1122.txt (1092 entries)
rank=1146/1536 dataset=stackoverflow_a2q walkers=5208 (5968368..5973575) steps=30 mode=0 sched=single-bucket delta_t=0 policy=0
rank=1146 loaded data/1536/stackoverflow_a2q.sub1146.txt (|V_local|=1590  t_range=[39244420,239697543])
rank=1146 loaded routing data/1536/stackoverflow_a2q.rt1146.txt (876 entries)
rank=1143/1536 dataset=stackoverflow_a2q walkers=5208 (5952744..5957951) steps=30 mode=0 sched=single-bucket delta_t=0 policy=0
rank=1143 loaded data/1536/stackoverflow_a2q.sub1143.txt (|V_local|=1594  t_range=[5296453,239603359])
rank=1143 loaded routing data/1536/stackoverflow_a2q.rt1143.txt (988 entries)
rank=1128/1536 dataset=stackoverflow_a2q walkers=5208 (5874624..5879831) steps=30 mode=0 sched=single-bucket delta_t=0 policy=0
rank=1128 loaded data/1536/stackoverflow_a2q.sub1128.txt (|V_local|=1590  t_range=[32031956,239668709])
rank=1128 loaded routing data/1536/stackoverflow_a2q.rt1128.txt (1091 entries)
rank=1128 added 1 boundary-only nodes from routing
rank=1126/1536 dataset=stackoverflow_a2q walkers=5208 (5864208..5869415) steps=30 mode=0 sched=single-bucket delta_t=0 policy=0
rank=1126 loaded data/1536/stackoverflow_a2q.sub1126.txt (|V_local|=1607  t_range=[43016832,239639146])
rank=1126 loaded routing data/1536/stackoverflow_a2q.rt1126.txt (1057 entries)
rank=1134/1536 dataset=stackoverflow_a2q walkers=5208 (5905872..5911079) steps=30 mode=0 sched=single-bucket delta_t=0 policy=0
rank=1134 loaded data/1536/stackoverflow_a2q.sub1134.txt (|V_local|=1595  t_range=[42083004,239694514])
rank=1134 loaded routing data/1536/stackoverflow_a2q.rt1134.txt (1114 entries)
rank=1134 added 1 boundary-only nodes from routing
rank=785/1536 dataset=stackoverflow_a2q walkers=5208 (4088280..4093487) steps=30 mode=0 sched=single-bucket delta_t=0 policy=0
rank=785 loaded data/1536/stackoverflow_a2q.sub785.txt (|V_local|=1650  t_range=[20814572,239568677])
rank=785 loaded routing data/1536/stackoverflow_a2q.rt785.txt (670 entries)
rank=785 added 1 boundary-only nodes from routing
rank=797/1536 dataset=stackoverflow_a2q walkers=5208 (4150776..4155983) steps=30 mode=0 sched=single-bucket delta_t=0 policy=0
rank=797 loaded data/1536/stackoverflow_a2q.sub797.txt (|V_local|=1604  t_range=[51997181,239580432])
rank=797 loaded routing data/1536/stackoverflow_a2q.rt797.txt (1007 entries)
rank=797 added 1 boundary-only nodes from routing
rank=804/1536 dataset=stackoverflow_a2q walkers=5208 (4187232..4192439) steps=30 mode=0 sched=single-bucket delta_t=0 policy=0
rank=804 loaded data/1536/stackoverflow_a2q.sub804.txt (|V_local|=1589  t_range=[4633859,239673548])
rank=804 loaded routing data/1536/stackoverflow_a2q.rt804.txt (1122 entries)
rank=804 added 5 boundary-only nodes from routing
rank=816 added 2 boundary-only nodes from routing
rank=628 loaded data/1536/stackoverflow_a2q.sub628.txt (|V_local|=1593  t_range=[5831254,239507958])
rank=628 loaded routing data/1536/stackoverflow_a2q.rt628.txt (1000 entries)
rank=656/1536 dataset=stackoverflow_a2q walkers=5208 (3416448..3421655) steps=30 mode=0 sched=single-bucket delta_t=0 policy=0
rank=656 loaded data/1536/stackoverflow_a2q.sub656.txt (|V_local|=1589  t_range=[19158863,238966258])
rank=656 loaded routing data/1536/stackoverflow_a2q.rt656.txt (995 entries)
rank=656 added 1 boundary-only nodes from routing
rank=667/1536 dataset=stackoverflow_a2q walkers=5208 (3473736..3478943) steps=30 mode=0 sched=single-bucket delta_t=0 policy=0
rank=667 loaded data/1536/stackoverflow_a2q.sub667.txt (|V_local|=1612  t_range=[32966631,239542858])
rank=667 loaded routing data/1536/stackoverflow_a2q.rt667.txt (861 entries)
rank=667 added 1 boundary-only nodes from routing
rank=660/1536 dataset=stackoverflow_a2q walkers=5208 (3437280..3442487) steps=30 mode=0 sched=single-bucket delta_t=0 policy=0
rank=660 loaded data/1536/stackoverflow_a2q.sub660.txt (|V_local|=1588  t_range=[5764093,239632224])
rank=660 loaded routing data/1536/stackoverflow_a2q.rt660.txt (972 entries)
rank=652/1536 dataset=stackoverflow_a2q walkers=5208 (3395616..3400823) steps=30 mode=0 sched=single-bucket delta_t=0 policy=0
rank=652 loaded data/1536/stackoverflow_a2q.sub652.txt (|V_local|=1651  t_range=[10604788,239685462])
rank=652 loaded routing data/1536/stackoverflow_a2q.rt652.txt (835 entries)
rank=652 added 1 boundary-only nodes from routing
rank=1008/1536 dataset=stackoverflow_a2q walkers=5208 (5249664..5254871) steps=30 mode=0 sched=single-bucket delta_t=0 policy=0
rank=1008 loaded data/1536/stackoverflow_a2q.sub1008.txt (|V_local|=1594  t_range=[38176472,239692587])
rank=1008 loaded routing data/1536/stackoverflow_a2q.rt1008.txt (1129 entries)
rank=1008 added 1 boundary-only nodes from routing
rank=1038/1536 dataset=stackoverflow_a2q walkers=5208 (5405904..5411111) steps=30 mode=0 sched=single-bucket delta_t=0 policy=0
rank=1038 loaded data/1536/stackoverflow_a2q.sub1038.txt (|V_local|=1587  t_range=[2655650,239571094])
rank=1038 loaded routing data/1536/stackoverflow_a2q.rt1038.txt (1091 entries)
rank=1038 added 3 boundary-only nodes from routing
rank=1037/1536 dataset=stackoverflow_a2q walkers=5208 (5400696..5405903) steps=30 mode=0 sched=single-bucket delta_t=0 policy=0
rank=1037 loaded data/1536/stackoverflow_a2q.sub1037.txt (|V_local|=1601  t_range=[12524940,239655288])
rank=1037 loaded routing data/1536/stackoverflow_a2q.rt1037.txt (967 entries)
