=== scaling: nodes=16 proc=768 dataset=stackoverflow_a2q_tw weak(nwalk/rank=50000) nwalk/rank=50000 emb=0 mode=fused ===
rank=195/768 dataset=stackoverflow_a2q_tw walkers=50000 (9750000..9799999) steps=30 mode=0 sched=single-bucket delta_t=0 policy=0
rank=195 loaded data/768/stackoverflow_a2q_tw.sub195.txt (|V_local|=3136  t_range=[1551690,239669271])
rank=195 loaded routing data/768/stackoverflow_a2q_tw.rt195.txt (2080 entries)
rank=195 added 14 boundary-only nodes from routing
rank=211/768 dataset=stackoverflow_a2q_tw walkers=50000 (10550000..10599999) steps=30 mode=0 sched=single-bucket delta_t=0 policy=0
rank=211 loaded data/768/stackoverflow_a2q_tw.sub211.txt (|V_local|=3304  t_range=[2325895,239647231])
rank=211 loaded routing data/768/stackoverflow_a2q_tw.rt211.txt (1496 entries)
rank=211 added 1 boundary-only nodes from routing
rank=201/768 dataset=stackoverflow_a2q_tw walkers=50000 (10050000..10099999) steps=30 mode=0 sched=single-bucket delta_t=0 policy=0
rank=201 loaded data/768/stackoverflow_a2q_tw.sub201.txt (|V_local|=3152  t_range=[953731,239662578])
rank=201 loaded routing data/768/stackoverflow_a2q_tw.rt201.txt (2065 entries)
rank=201 added 4 boundary-only nodes from routing
rank=215/768 dataset=stackoverflow_a2q_tw walkers=50000 (10750000..10799999) steps=30 mode=0 sched=single-bucket delta_t=0 policy=0
rank=215 loaded data/768/stackoverflow_a2q_tw.sub215.txt (|V_local|=3304  t_range=[1091812,239663071])
rank=215 loaded routing data/768/stackoverflow_a2q_tw.rt215.txt (1460 entries)
rank=192/768 dataset=stackoverflow_a2q_tw walkers=50000 (9600000..9649999) steps=30 mode=0 sched=single-bucket delta_t=0 policy=0
rank=192 loaded data/768/stackoverflow_a2q_tw.sub192.txt (|V_local|=3132  t_range=[242014,239691796])
rank=192 loaded routing data/768/stackoverflow_a2q_tw.rt192.txt (1993 entries)
rank=192 added 14 boundary-only nodes from routing
rank=206/768 dataset=stackoverflow_a2q_tw walkers=50000 (10300000..10349999) steps=30 mode=0 sched=single-bucket delta_t=0 policy=0
rank=206 loaded data/768/stackoverflow_a2q_tw.sub206.txt (|V_local|=3150  t_range=[2301908,239680941])
rank=206 loaded routing data/768/stackoverflow_a2q_tw.rt206.txt (2138 entries)
rank=206 added 13 boundary-only nodes from routing
rank=205/768 dataset=stackoverflow_a2q_tw walkers=50000 (10250000..10299999) steps=30 mode=0 sched=single-bucket delta_t=0 policy=0
rank=205 loaded data/768/stackoverflow_a2q_tw.sub205.txt (|V_local|=3299  t_range=[1790096,239676655])
rank=205 loaded routing data/768/stackoverflow_a2q_tw.rt205.txt (1600 entries)
rank=205 added 4 boundary-only nodes from routing
rank=223/768 dataset=stackoverflow_a2q_tw walkers=50000 (11150000..11199999) steps=30 mode=0 sched=single-bucket delta_t=0 policy=0
rank=223 loaded data/768/stackoverflow_a2q_tw.sub223.txt (|V_local|=3288  t_range=[573744,239604397])
rank=223 loaded routing data/768/stackoverflow_a2q_tw.rt223.txt (1638 entries)
rank=223 added 16 boundary-only nodes from routing
rank=196/768 dataset=stackoverflow_a2q_tw walkers=50000 (9800000..9849999) steps=30 mode=0 sched=single-bucket delta_t=0 policy=0
rank=196 loaded data/768/stackoverflow_a2q_tw.sub196.txt (|V_local|=3170  t_range=[847477,239695898])
rank=196 loaded routing data/768/stackoverflow_a2q_tw.rt196.txt (1830 entries)
rank=217/768 dataset=stackoverflow_a2q_tw walkers=50000 (10850000..10899999) steps=30 mode=0 sched=single-bucket delta_t=0 policy=0
rank=217 loaded data/768/stackoverflow_a2q_tw.sub217.txt (|V_local|=3295  t_range=[1884840,239673242])
rank=217 loaded routing data/768/stackoverflow_a2q_tw.rt217.txt (1566 entries)
rank=217 added 9 boundary-only nodes from routing
rank=197/768 dataset=stackoverflow_a2q_tw walkers=50000 (9850000..9899999) steps=30 mode=0 sched=single-bucket delta_t=0 policy=0
rank=197 loaded data/768/stackoverflow_a2q_tw.sub197.txt (|V_local|=3144  t_range=[1105329,239652489])
rank=197 loaded routing data/768/stackoverflow_a2q_tw.rt197.txt (1888 entries)
rank=197 added 9 boundary-only nodes from routing
rank=221/768 dataset=stackoverflow_a2q_tw walkers=50000 (11050000..11099999) steps=30 mode=0 sched=single-bucket delta_t=0 policy=0
rank=221 loaded data/768/stackoverflow_a2q_tw.sub221.txt (|V_local|=3223  t_range=[256400,239678204])
rank=221 loaded routing data/768/stackoverflow_a2q_tw.rt221.txt (1820 entries)
rank=221 added 5 boundary-only nodes from routing
rank=200/768 dataset=stackoverflow_a2q_tw walkers=50000 (10000000..10049999) steps=30 mode=0 sched=single-bucket delta_t=0 policy=0
rank=200 loaded data/768/stackoverflow_a2q_tw.sub200.txt (|V_local|=3286  t_range=[715661,239554173])
rank=200 loaded routing data/768/stackoverflow_a2q_tw.rt200.txt (1144 entries)
rank=200 added 19 boundary-only nodes from routing
rank=236/768 dataset=stackoverflow_a2q_tw walkers=50000 (11800000..11849999) steps=30 mode=0 sched=single-bucket delta_t=0 policy=0
rank=236 loaded data/768/stackoverflow_a2q_tw.sub236.txt (|V_local|=3145  t_range=[4035442,239684167])
rank=236 loaded routing data/768/stackoverflow_a2q_tw.rt236.txt (2004 entries)
rank=236 added 13 boundary-only nodes from routing
rank=214/768 dataset=stackoverflow_a2q_tw walkers=50000 (10700000..10749999) steps=30 mode=0 sched=single-bucket delta_t=0 policy=0
rank=214 loaded data/768/stackoverflow_a2q_tw.sub214.txt (|V_local|=3150  t_range=[2305015,239639717])
rank=214 loaded routing data/768/stackoverflow_a2q_tw.rt214.txt (1935 entries)
rank=214 added 7 boundary-only nodes from routing
rank=207/768 dataset=stackoverflow_a2q_tw walkers=50000 (10350000..10399999) steps=30 mode=0 sched=single-bucket delta_t=0 policy=0
rank=207 loaded data/768/stackoverflow_a2q_tw.sub207.txt (|V_local|=3158  t_range=[851255,239654742])
rank=207 loaded routing data/768/stackoverflow_a2q_tw.rt207.txt (2072 entries)
rank=207 added 4 boundary-only nodes from routing
rank=222/768 dataset=stackoverflow_a2q_tw walkers=50000 (11100000..11149999) steps=30 mode=0 sched=single-bucket delta_t=0 policy=0
rank=222 loaded data/768/stackoverflow_a2q_tw.sub222.txt (|V_local|=3137  t_range=[1607731,239623920])
rank=222 loaded routing data/768/stackoverflow_a2q_tw.rt222.txt (2086 entries)
rank=222 added 20 boundary-only nodes from routing
rank=198/768 dataset=stackoverflow_a2q_tw walkers=50000 (9900000..9949999) steps=30 mode=0 sched=single-bucket delta_t=0 policy=0
rank=198 loaded data/768/stackoverflow_a2q_tw.sub198.txt (|V_local|=3147  t_range=[2143369,239631085])
rank=198 loaded routing data/768/stackoverflow_a2q_tw.rt198.txt (2085 entries)
rank=198 added 9 boundary-only nodes from routing
rank=212/768 dataset=stackoverflow_a2q_tw walkers=50000 (10600000..10649999) steps=30 mode=0 sched=single-bucket delta_t=0 policy=0
rank=212 loaded data/768/stackoverflow_a2q_tw.sub212.txt (|V_local|=3149  t_range=[918869,239659178])
rank=212 loaded routing data/768/stackoverflow_a2q_tw.rt212.txt (1961 entries)
rank=212 added 8 boundary-only nodes from routing
rank=224/768 dataset=stackoverflow_a2q_tw walkers=50000 (11200000..11249999) steps=30 mode=0 sched=single-bucket delta_t=0 policy=0
rank=224 loaded data/768/stackoverflow_a2q_tw.sub224.txt (|V_local|=3004  t_range=[1784342,239648488])
rank=224 loaded routing data/768/stackoverflow_a2q_tw.rt224.txt (1587 entries)
rank=224 added 301 boundary-only nodes from routing
rank=219/768 dataset=stackoverflow_a2q_tw walkers=50000 (10950000..10999999) steps=30 mode=0 sched=single-bucket delta_t=0 policy=0
rank=219 loaded data/768/stackoverflow_a2q_tw.sub219.txt (|V_local|=3143  t_range=[3294904,239605005])
rank=219 loaded routing data/768/stackoverflow_a2q_tw.rt219.txt (2039 entries)
rank=219 added 17 boundary-only nodes from routing
rank=203/768 dataset=stackoverflow_a2q_tw walkers=50000 (10150000..10199999) steps=30 mode=0 sched=single-bucket delta_t=0 policy=0
rank=203 loaded data/768/stackoverflow_a2q_tw.sub203.txt (|V_local|=3131  t_range=[256397,239653745])
rank=203 loaded routing data/768/stackoverflow_a2q_tw.rt203.txt (2034 entries)
rank=203 added 29 boundary-only nodes from routing
rank=204/768 dataset=stackoverflow_a2q_tw walkers=50000 (10200000..10249999) steps=30 mode=0 sched=single-bucket delta_t=0 policy=0
rank=204 loaded data/768/stackoverflow_a2q_tw.sub204.txt (|V_local|=3137  t_range=[3592047,239685758])
rank=204 loaded routing data/768/stackoverflow_a2q_tw.rt204.txt (2160 entries)
rank=204 added 17 boundary-only nodes from routing
rank=199/768 dataset=stackoverflow_a2q_tw walkers=50000 (9950000..9999999) steps=30 mode=0 sched=single-bucket delta_t=0 policy=0
rank=199 loaded data/768/stackoverflow_a2q_tw.sub199.txt (|V_local|=3141  t_range=[717473,239672865])
rank=199 loaded routing data/768/stackoverflow_a2q_tw.rt199.txt (1943 entries)
rank=199 added 19 boundary-only nodes from routing
rank=239/768 dataset=stackoverflow_a2q_tw walkers=50000 (11950000..11999999) steps=30 mode=0 sched=single-bucket delta_t=0 policy=0
rank=239 loaded data/768/stackoverflow_a2q_tw.sub239.txt (|V_local|=3142  t_range=[1878006,239674387])
rank=239 loaded routing data/768/stackoverflow_a2q_tw.rt239.txt (2013 entries)
rank=239 added 11 boundary-only nodes from routing
rank=194/768 dataset=stackoverflow_a2q_tw walkers=50000 (9700000..9749999) steps=30 mode=0 sched=single-bucket delta_t=0 policy=0
rank=194 loaded data/768/stackoverflow_a2q_tw.sub194.txt (|V_local|=3302  t_range=[0,239675952])
rank=194 loaded routing data/768/stackoverflow_a2q_tw.rt194.txt (1083 entries)
rank=194 added 3 boundary-only nodes from routing
rank=238/768 dataset=stackoverflow_a2q_tw walkers=50000 (11900000..11949999) steps=30 mode=0 sched=single-bucket delta_t=0 policy=0
rank=238 loaded data/768/stackoverflow_a2q_tw.sub238.txt (|V_local|=3150  t_range=[3376920,239680999])
rank=238 loaded routing data/768/stackoverflow_a2q_tw.rt238.txt (2102 entries)
rank=238 added 5 boundary-only nodes from routing
rank=209/768 dataset=stackoverflow_a2q_tw walkers=50000 (10450000..10499999) steps=30 mode=0 sched=single-bucket delta_t=0 policy=0
rank=209 loaded data/768/stackoverflow_a2q_tw.sub209.txt (|V_local|=3246  t_range=[433150,239610604])
rank=209 loaded routing data/768/stackoverflow_a2q_tw.rt209.txt (1704 entries)
rank=213/768 dataset=stackoverflow_a2q_tw walkers=50000 (10650000..10699999) steps=30 mode=0 sched=single-bucket delta_t=0 policy=0
rank=213 loaded data/768/stackoverflow_a2q_tw.sub213.txt (|V_local|=3146  t_range=[334307,239592744])
rank=213 loaded routing data/768/stackoverflow_a2q_tw.rt213.txt (2090 entries)
rank=213 added 10 boundary-only nodes from routing
rank=225/768 dataset=stackoverflow_a2q_tw walkers=50000 (11250000..11299999) steps=30 mode=0 sched=single-bucket delta_t=0 policy=0
rank=225 loaded data/768/stackoverflow_a2q_tw.sub225.txt (|V_local|=3201  t_range=[1703424,239611981])
rank=225 loaded routing data/768/stackoverflow_a2q_tw.rt225.txt (1865 entries)
rank=225 added 42 boundary-only nodes from routing
rank=208/768 dataset=stackoverflow_a2q_tw walkers=50000 (10400000..10449999) steps=30 mode=0 sched=single-bucket delta_t=0 policy=0
rank=208 loaded data/768/stackoverflow_a2q_tw.sub208.txt (|V_local|=3143  t_range=[1087785,239657722])
rank=208 loaded routing data/768/stackoverflow_a2q_tw.rt208.txt (1946 entries)
rank=208 added 11 boundary-only nodes from routing
rank=226/768 dataset=stackoverflow_a2q_tw walkers=50000 (11300000..11349999) steps=30 mode=0 sched=single-bucket delta_t=0 policy=0
rank=226 loaded data/768/stackoverflow_a2q_tw.sub226.txt (|V_local|=3257  t_range=[1586100,239662429])
rank=226 loaded routing data/768/stackoverflow_a2q_tw.rt226.txt (1187 entries)
rank=226 added 48 boundary-only nodes from routing
rank=227/768 dataset=stackoverflow_a2q_tw walkers=50000 (11350000..11399999) steps=30 mode=0 sched=single-bucket delta_t=0 policy=0
rank=227 loaded data/768/stackoverflow_a2q_tw.sub227.txt (|V_local|=3304  t_range=[54040,239600408])
rank=227 loaded routing data/768/stackoverflow_a2q_tw.rt227.txt (615 entries)
rank=227 added 1 boundary-only nodes from routing
rank=237/768 dataset=stackoverflow_a2q_tw walkers=50000 (11850000..11899999) steps=30 mode=0 sched=single-bucket delta_t=0 policy=0
rank=237 loaded data/768/stackoverflow_a2q_tw.sub237.txt (|V_local|=3300  t_range=[4461127,239690776])
rank=237 loaded routing data/768/stackoverflow_a2q_tw.rt237.txt (1909 entries)
rank=237 added 1 boundary-only nodes from routing
rank=229/768 dataset=stackoverflow_a2q_tw walkers=50000 (11450000..11499999) steps=30 mode=0 sched=single-bucket delta_t=0 policy=0
rank=229 loaded data/768/stackoverflow_a2q_tw.sub229.txt (|V_local|=3296  t_range=[3962372,239686109])
rank=229 loaded routing data/768/stackoverflow_a2q_tw.rt229.txt (1918 entries)
rank=229 added 4 boundary-only nodes from routing
rank=231/768 dataset=stackoverflow_a2q_tw walkers=50000 (11550000..11599999) steps=30 mode=0 sched=single-bucket delta_t=0 policy=0
rank=231 loaded data/768/stackoverflow_a2q_tw.sub231.txt (|V_local|=3153  t_range=[1091340,239571671])
rank=231 loaded routing data/768/stackoverflow_a2q_tw.rt231.txt (2063 entries)
rank=231 added 3 boundary-only nodes from routing
rank=228/768 dataset=stackoverflow_a2q_tw walkers=50000 (11400000..11449999) steps=30 mode=0 sched=single-bucket delta_t=0 policy=0
rank=228 loaded data/768/stackoverflow_a2q_tw.sub228.txt (|V_local|=3154  t_range=[1693108,239692667])
rank=228 loaded routing data/768/stackoverflow_a2q_tw.rt228.txt (1950 entries)
rank=228 added 5 boundary-only nodes from routing
rank=193/768 dataset=stackoverflow_a2q_tw walkers=50000 (9650000..9699999) steps=30 mode=0 sched=single-bucket delta_t=0 policy=0
rank=193 loaded data/768/stackoverflow_a2q_tw.sub193.txt (|V_local|=3280  t_range=[291300,239656546])
rank=193 loaded routing data/768/stackoverflow_a2q_tw.rt193.txt (1551 entries)
rank=193 added 24 boundary-only nodes from routing
rank=234/768 dataset=stackoverflow_a2q_tw walkers=50000 (11700000..11749999) steps=30 mode=0 sched=single-bucket delta_t=0 policy=0
rank=234 loaded data/768/stackoverflow_a2q_tw.sub234.txt (|V_local|=3154  t_range=[3629178,239679657])
rank=234 loaded routing data/768/stackoverflow_a2q_tw.rt234.txt (2045 entries)
rank=234 added 4 boundary-only nodes from routing
rank=220/768 dataset=stackoverflow_a2q_tw walkers=50000 (11000000..11049999) steps=30 mode=0 sched=single-bucket delta_t=0 policy=0
rank=220 loaded data/768/stackoverflow_a2q_tw.sub220.txt (|V_local|=3285  t_range=[916406,239695491])
rank=220 loaded routing data/768/stackoverflow_a2q_tw.rt220.txt (1472 entries)
rank=220 added 19 boundary-only nodes from routing
rank=230/768 dataset=stackoverflow_a2q_tw walkers=50000 (11500000..11549999) steps=30 mode=0 sched=single-bucket delta_t=0 policy=0
rank=230 loaded data/768/stackoverflow_a2q_tw.sub230.txt (|V_local|=3143  t_range=[3970071,239696517])
rank=230 loaded routing data/768/stackoverflow_a2q_tw.rt230.txt (2085 entries)
rank=230 added 15 boundary-only nodes from routing
rank=218/768 dataset=stackoverflow_a2q_tw walkers=50000 (10900000..10949999) steps=30 mode=0 sched=single-bucket delta_t=0 policy=0
rank=218 loaded data/768/stackoverflow_a2q_tw.sub218.txt (|V_local|=3297  t_range=[3097476,239683820])
rank=218 loaded routing data/768/stackoverflow_a2q_tw.rt218.txt (1194 entries)
rank=218 added 8 boundary-only nodes from routing
rank=202/768 dataset=stackoverflow_a2q_tw walkers=50000 (10100000..10149999) steps=30 mode=0 sched=single-bucket delta_t=0 policy=0
rank=202 loaded data/768/stackoverflow_a2q_tw.sub202.txt (|V_local|=3148  t_range=[1882719,239650291])
rank=202 loaded routing data/768/stackoverflow_a2q_tw.rt202.txt (2082 entries)
rank=202 added 10 boundary-only nodes from routing
rank=233/768 dataset=stackoverflow_a2q_tw walkers=50000 (11650000..11699999) steps=30 mode=0 sched=single-bucket delta_t=0 policy=0
rank=233 loaded data/768/stackoverflow_a2q_tw.sub233.txt (|V_local|=3296  t_range=[1094710,239674030])
rank=233 loaded routing data/768/stackoverflow_a2q_tw.rt233.txt (1604 entries)
rank=233 added 8 boundary-only nodes from routing
rank=210/768 dataset=stackoverflow_a2q_tw walkers=50000 (10500000..10549999) steps=30 mode=0 sched=single-bucket delta_t=0 policy=0
rank=210 loaded data/768/stackoverflow_a2q_tw.sub210.txt (|V_local|=3146  t_range=[3339397,239687400])
rank=210 loaded routing data/768/stackoverflow_a2q_tw.rt210.txt (2109 entries)
rank=210 added 9 boundary-only nodes from routing
rank=243/768 dataset=stackoverflow_a2q_tw walkers=50000 (12150000..12199999) steps=30 mode=0 sched=single-bucket delta_t=0 policy=0
rank=243 loaded data/768/stackoverflow_a2q_tw.sub243.txt (|V_local|=3119  t_range=[3456293,239658203])
rank=243 loaded routing data/768/stackoverflow_a2q_tw.rt243.txt (2118 entries)
rank=243 added 38 boundary-only nodes from routing
rank=247/768 dataset=stackoverflow_a2q_tw walkers=50000 (12350000..12399999) steps=30 mode=0 sched=single-bucket delta_t=0 policy=0
rank=247 loaded data/768/stackoverflow_a2q_tw.sub247.txt (|V_local|=3152  t_range=[1808212,239677448])
rank=247 loaded routing data/768/stackoverflow_a2q_tw.rt247.txt (2080 entries)
rank=247 added 7 boundary-only nodes from routing
rank=241/768 dataset=stackoverflow_a2q_tw walkers=50000 (12050000..12099999) steps=30 mode=0 sched=single-bucket delta_t=0 policy=0
rank=241 loaded data/768/stackoverflow_a2q_tw.sub241.txt (|V_local|=3152  t_range=[4000529,239616726])
rank=241 loaded routing data/768/stackoverflow_a2q_tw.rt241.txt (2060 entries)
rank=241 added 5 boundary-only nodes from routing
rank=245/768 dataset=stackoverflow_a2q_tw walkers=50000 (12250000..12299999) steps=30 mode=0 sched=single-bucket delta_t=0 policy=0
rank=245 loaded data/768/stackoverflow_a2q_tw.sub245.txt (|V_local|=3251  t_range=[4057171,239676923])
rank=245 loaded routing data/768/stackoverflow_a2q_tw.rt245.txt (1016 entries)
rank=245 added 54 boundary-only nodes from routing
rank=246/768 dataset=stackoverflow_a2q_tw walkers=50000 (12300000..12349999) steps=30 mode=0 sched=single-bucket delta_t=0 policy=0
rank=246 loaded data/768/stackoverflow_a2q_tw.sub246.txt (|V_local|=3152  t_range=[1177970,239673070])
rank=246 loaded routing data/768/stackoverflow_a2q_tw.rt246.txt (2086 entries)
rank=246 added 8 boundary-only nodes from routing
rank=269/768 dataset=stackoverflow_a2q_tw walkers=50000 (13450000..13499999) steps=30 mode=0 sched=single-bucket delta_t=0 policy=0
rank=269 loaded data/768/stackoverflow_a2q_tw.sub269.txt (|V_local|=3166  t_range=[2786155,239621571])
rank=269 loaded routing data/768/stackoverflow_a2q_tw.rt269.txt (1897 entries)
rank=269 added 2 boundary-only nodes from routing
rank=244/768 dataset=stackoverflow_a2q_tw walkers=50000 (12200000..12249999) steps=30 mode=0 sched=single-bucket delta_t=0 policy=0
rank=244 loaded data/768/stackoverflow_a2q_tw.sub244.txt (|V_local|=3299  t_range=[237332,239627673])
rank=244 loaded routing data/768/stackoverflow_a2q_tw.rt244.txt (1263 entries)
rank=244 added 6 boundary-only nodes from routing
rank=279/768 dataset=stackoverflow_a2q_tw walkers=50000 (13950000..13999999) steps=30 mode=0 sched=single-bucket delta_t=0 policy=0
rank=279 loaded data/768/stackoverflow_a2q_tw.sub279.txt (|V_local|=3156  t_range=[1076110,239647609])
rank=279 loaded routing data/768/stackoverflow_a2q_tw.rt279.txt (2076 entries)
rank=279 added 3 boundary-only nodes from routing
rank=287/768 dataset=stackoverflow_a2q_tw walkers=50000 (14350000..14399999) steps=30 mode=0 sched=single-bucket delta_t=0 policy=0
rank=287 loaded data/768/stackoverflow_a2q_tw.sub287.txt (|V_local|=3301  t_range=[7157217,239620555])
rank=287 loaded routing data/768/stackoverflow_a2q_tw.rt287.txt (1681 entries)
rank=287 added 4 boundary-only nodes from routing
rank=242/768 dataset=stackoverflow_a2q_tw walkers=50000 (12100000..12149999) steps=30 mode=0 sched=single-bucket delta_t=0 policy=0
rank=242 loaded data/768/stackoverflow_a2q_tw.sub242.txt (|V_local|=3148  t_range=[6690802,239696754])
rank=242 loaded routing data/768/stackoverflow_a2q_tw.rt242.txt (2143 entries)
rank=242 added 9 boundary-only nodes from routing
rank=263/768 dataset=stackoverflow_a2q_tw walkers=50000 (13150000..13199999) steps=30 mode=0 sched=single-bucket delta_t=0 policy=0
rank=263 loaded data/768/stackoverflow_a2q_tw.sub263.txt (|V_local|=3137  t_range=[2157597,239679959])
rank=263 loaded routing data/768/stackoverflow_a2q_tw.rt263.txt (2116 entries)
rank=263 added 20 boundary-only nodes from routing
rank=277/768 dataset=stackoverflow_a2q_tw walkers=50000 (13850000..13899999) steps=30 mode=0 sched=single-bucket delta_t=0 policy=0
rank=277 loaded data/768/stackoverflow_a2q_tw.sub277.txt (|V_local|=3304  t_range=[4100101,239661458])
rank=277 loaded routing data/768/stackoverflow_a2q_tw.rt277.txt (1072 entries)
rank=277 added 1 boundary-only nodes from routing
rank=253/768 dataset=stackoverflow_a2q_tw walkers=50000 (12650000..12699999) steps=30 mode=0 sched=single-bucket delta_t=0 policy=0
rank=253 loaded data/768/stackoverflow_a2q_tw.sub253.txt (|V_local|=3300  t_range=[1156610,239563607])
rank=253 loaded routing data/768/stackoverflow_a2q_tw.rt253.txt (1593 entries)
rank=253 added 3 boundary-only nodes from routing
rank=259/768 dataset=stackoverflow_a2q_tw walkers=50000 (12950000..12999999) steps=30 mode=0 sched=single-bucket delta_t=0 policy=0
rank=259 loaded data/768/stackoverflow_a2q_tw.sub259.txt (|V_local|=3155  t_range=[4820096,239688769])
rank=259 loaded routing data/768/stackoverflow_a2q_tw.rt259.txt (1982 entries)
rank=259 added 5 boundary-only nodes from routing
rank=249/768 dataset=stackoverflow_a2q_tw walkers=50000 (12450000..12499999) steps=30 mode=0 sched=single-bucket delta_t=0 policy=0
rank=249 loaded data/768/stackoverflow_a2q_tw.sub249.txt (|V_local|=3152  t_range=[7198222,239696338])
rank=249 loaded routing data/768/stackoverflow_a2q_tw.rt249.txt (2058 entries)
rank=249 added 4 boundary-only nodes from routing
rank=281/768 dataset=stackoverflow_a2q_tw walkers=50000 (14050000..14099999) steps=30 mode=0 sched=single-bucket delta_t=0 policy=0
rank=281 loaded data/768/stackoverflow_a2q_tw.sub281.txt (|V_local|=3291  t_range=[674263,239694952])
rank=281 loaded routing data/768/stackoverflow_a2q_tw.rt281.txt (1863 entries)
rank=281 added 6 boundary-only nodes from routing
rank=251/768 dataset=stackoverflow_a2q_tw walkers=50000 (12550000..12599999) steps=30 mode=0 sched=single-bucket delta_t=0 policy=0
rank=251 loaded data/768/stackoverflow_a2q_tw.sub251.txt (|V_local|=3157  t_range=[3026386,239682723])
rank=251 loaded routing data/768/stackoverflow_a2q_tw.rt251.txt (2100 entries)
rank=251 added 2 boundary-only nodes from routing
rank=255/768 dataset=stackoverflow_a2q_tw walkers=50000 (12750000..12799999) steps=30 mode=0 sched=single-bucket delta_t=0 policy=0
rank=255 loaded data/768/stackoverflow_a2q_tw.sub255.txt (|V_local|=3159  t_range=[1229766,239687663])
rank=255 loaded routing data/768/stackoverflow_a2q_tw.rt255.txt (2055 entries)
rank=255 added 2 boundary-only nodes from routing
rank=283/768 dataset=stackoverflow_a2q_tw walkers=50000 (14150000..14199999) steps=30 mode=0 sched=single-bucket delta_t=0 policy=0
rank=283 loaded data/768/stackoverflow_a2q_tw.sub283.txt (|V_local|=3300  t_range=[1731646,239659758])
rank=283 loaded routing data/768/stackoverflow_a2q_tw.rt283.txt (1747 entries)
rank=283 added 3 boundary-only nodes from routing
rank=250/768 dataset=stackoverflow_a2q_tw walkers=50000 (12500000..12549999) steps=30 mode=0 sched=single-bucket delta_t=0 policy=0
rank=250 loaded data/768/stackoverflow_a2q_tw.sub250.txt (|V_local|=3151  t_range=[3696380,239628891])
rank=250 loaded routing data/768/stackoverflow_a2q_tw.rt250.txt (2063 entries)
rank=250 added 6 boundary-only nodes from routing
rank=258/768 dataset=stackoverflow_a2q_tw walkers=50000 (12900000..12949999) steps=30 mode=0 sched=single-bucket delta_t=0 policy=0
rank=258 loaded data/768/stackoverflow_a2q_tw.sub258.txt (|V_local|=3156  t_range=[2174466,239656162])
rank=258 loaded routing data/768/stackoverflow_a2q_tw.rt258.txt (2015 entries)
rank=258 added 5 boundary-only nodes from routing
rank=257/768 dataset=stackoverflow_a2q_tw walkers=50000 (12850000..12899999) steps=30 mode=0 sched=single-bucket delta_t=0 policy=0
rank=257 loaded data/768/stackoverflow_a2q_tw.sub257.txt (|V_local|=3142  t_range=[4183043,239676654])
rank=257 loaded routing data/768/stackoverflow_a2q_tw.rt257.txt (1989 entries)
rank=257 added 12 boundary-only nodes from routing
rank=278/768 dataset=stackoverflow_a2q_tw walkers=50000 (13900000..13949999) steps=30 mode=0 sched=single-bucket delta_t=0 policy=0
rank=291/768 dataset=stackoverflow_a2q_tw walkers=50000 (14550000..14599999) steps=30 mode=0 sched=single-bucket delta_t=0 policy=0
rank=291 loaded data/768/stackoverflow_a2q_tw.sub291.txt (|V_local|=3147  t_range=[4658183,239614951])
rank=291 loaded routing data/768/stackoverflow_a2q_tw.rt291.txt (1919 entries)
rank=291 added 4 boundary-only nodes from routing
rank=319/768 dataset=stackoverflow_a2q_tw walkers=50000 (15950000..15999999) steps=30 mode=0 sched=single-bucket delta_t=0 policy=0
rank=319 loaded data/768/stackoverflow_a2q_tw.sub319.txt (|V_local|=3153  t_range=[3951453,239620277])
rank=319 loaded routing data/768/stackoverflow_a2q_tw.rt319.txt (2068 entries)
rank=319 added 4 boundary-only nodes from routing
rank=290/768 dataset=stackoverflow_a2q_tw walkers=50000 (14500000..14549999) steps=30 mode=0 sched=single-bucket delta_t=0 policy=0
rank=290 loaded data/768/stackoverflow_a2q_tw.sub290.txt (|V_local|=3303  t_range=[6297012,239696177])
rank=290 loaded routing data/768/stackoverflow_a2q_tw.rt290.txt (1270 entries)
rank=290 added 2 boundary-only nodes from routing
rank=289/768 dataset=stackoverflow_a2q_tw walkers=50000 (14450000..14499999) steps=30 mode=0 sched=single-bucket delta_t=0 policy=0
rank=289 loaded data/768/stackoverflow_a2q_tw.sub289.txt (|V_local|=3298  t_range=[5928289,239626460])
rank=289 loaded routing data/768/stackoverflow_a2q_tw.rt289.txt (1507 entries)
rank=289 added 5 boundary-only nodes from routing
rank=317/768 dataset=stackoverflow_a2q_tw walkers=50000 (15850000..15899999) steps=30 mode=0 sched=single-bucket delta_t=0 policy=0
rank=317 loaded data/768/stackoverflow_a2q_tw.sub317.txt (|V_local|=3159  t_range=[4295204,239673432])
rank=317 loaded routing data/768/stackoverflow_a2q_tw.rt317.txt (1906 entries)
rank=317 added 4 boundary-only nodes from routing
rank=307/768 dataset=stackoverflow_a2q_tw walkers=50000 (15350000..15399999) steps=30 mode=0 sched=single-bucket delta_t=0 policy=0
rank=307 loaded data/768/stackoverflow_a2q_tw.sub307.txt (|V_local|=3300  t_range=[20619705,239679624])
rank=307 loaded routing data/768/stackoverflow_a2q_tw.rt307.txt (1846 entries)
rank=305/768 dataset=stackoverflow_a2q_tw walkers=50000 (15250000..15299999) steps=30 mode=0 sched=single-bucket delta_t=0 policy=0
rank=305 loaded data/768/stackoverflow_a2q_tw.sub305.txt (|V_local|=3302  t_range=[9427498,239593125])
rank=305 loaded routing data/768/stackoverflow_a2q_tw.rt305.txt (1724 entries)
rank=305 added 3 boundary-only nodes from routing
rank=295/768 dataset=stackoverflow_a2q_tw walkers=50000 (14750000..14799999) steps=30 mode=0 sched=single-bucket delta_t=0 policy=0
rank=295 loaded data/768/stackoverflow_a2q_tw.sub295.txt (|V_local|=3154  t_range=[3373537,239684578])
rank=295 loaded routing data/768/stackoverflow_a2q_tw.rt295.txt (1907 entries)
rank=295 added 4 boundary-only nodes from routing
rank=292/768 dataset=stackoverflow_a2q_tw walkers=50000 (14600000..14649999) steps=30 mode=0 sched=single-bucket delta_t=0 policy=0
rank=292 loaded data/768/stackoverflow_a2q_tw.sub292.txt (|V_local|=3302  t_range=[3420289,239697243])
rank=292 loaded routing data/768/stackoverflow_a2q_tw.rt292.txt (1512 entries)
rank=106/768 dataset=stackoverflow_a2q_tw walkers=50000 (5300000..5349999) steps=30 mode=0 sched=single-bucket delta_t=0 policy=0
rank=106 loaded data/768/stackoverflow_a2q_tw.sub106.txt (|V_local|=3165  t_range=[2310213,239687693])
rank=106 loaded routing data/768/stackoverflow_a2q_tw.rt106.txt (1901 entries)
rank=106 added 6 boundary-only nodes from routing
rank=126/768 dataset=stackoverflow_a2q_tw walkers=50000 (6300000..6349999) steps=30 mode=0 sched=single-bucket delta_t=0 policy=0
rank=126 loaded data/768/stackoverflow_a2q_tw.sub126.txt (|V_local|=3162  t_range=[22175219,239660435])
rank=126 loaded routing data/768/stackoverflow_a2q_tw.rt126.txt (1979 entries)
rank=126 added 1 boundary-only nodes from routing
rank=111/768 dataset=stackoverflow_a2q_tw walkers=50000 (5550000..5599999) steps=30 mode=0 sched=single-bucket delta_t=0 policy=0
rank=111 loaded data/768/stackoverflow_a2q_tw.sub111.txt (|V_local|=3160  t_range=[40707199,239659117])
rank=111 loaded routing data/768/stackoverflow_a2q_tw.rt111.txt (2009 entries)
rank=111 added 3 boundary-only nodes from routing
rank=100/768 dataset=stackoverflow_a2q_tw walkers=50000 (5000000..5049999) steps=30 mode=0 sched=single-bucket delta_t=0 policy=0
rank=100 loaded data/768/stackoverflow_a2q_tw.sub100.txt (|V_local|=3304  t_range=[20460016,239689731])
rank=100 loaded routing data/768/stackoverflow_a2q_tw.rt100.txt (1967 entries)
rank=118/768 dataset=stackoverflow_a2q_tw walkers=50000 (5900000..5949999) steps=30 mode=0 sched=single-bucket delta_t=0 policy=0
rank=118 loaded data/768/stackoverflow_a2q_tw.sub118.txt (|V_local|=3161  t_range=[16432117,239692587])
rank=118 loaded routing data/768/stackoverflow_a2q_tw.rt118.txt (2240 entries)
rank=118 added 3 boundary-only nodes from routing
rank=120/768 dataset=stackoverflow_a2q_tw walkers=50000 (6000000..6049999) steps=30 mode=0 sched=single-bucket delta_t=0 policy=0
rank=120 loaded data/768/stackoverflow_a2q_tw.sub120.txt (|V_local|=3152  t_range=[9766034,239680384])
rank=120 loaded routing data/768/stackoverflow_a2q_tw.rt120.txt (2131 entries)
rank=120 added 9 boundary-only nodes from routing
rank=121/768 dataset=stackoverflow_a2q_tw walkers=50000 (6050000..6099999) steps=30 mode=0 sched=single-bucket delta_t=0 policy=0
rank=121 loaded data/768/stackoverflow_a2q_tw.sub121.txt (|V_local|=3156  t_range=[2900682,239694000])
rank=121 loaded routing data/768/stackoverflow_a2q_tw.rt121.txt (1646 entries)
rank=121 added 2 boundary-only nodes from routing
rank=96/768 dataset=stackoverflow_a2q_tw walkers=50000 (4800000..4849999) steps=30 mode=0 sched=single-bucket delta_t=0 policy=0
rank=96 loaded data/768/stackoverflow_a2q_tw.sub96.txt (|V_local|=3160  t_range=[4088682,239643974])
rank=96 loaded routing data/768/stackoverflow_a2q_tw.rt96.txt (2117 entries)
rank=96 added 3 boundary-only nodes from routing
rank=116/768 dataset=stackoverflow_a2q_tw walkers=50000 (5800000..5849999) steps=30 mode=0 sched=single-bucket delta_t=0 policy=0
rank=116 loaded data/768/stackoverflow_a2q_tw.sub116.txt (|V_local|=3302  t_range=[4029518,239693166])
rank=116 loaded routing data/768/stackoverflow_a2q_tw.rt116.txt (1683 entries)
rank=136/768 dataset=stackoverflow_a2q_tw walkers=50000 (6800000..6849999) steps=30 mode=0 sched=single-bucket delta_t=0 policy=0
rank=136 loaded data/768/stackoverflow_a2q_tw.sub136.txt (|V_local|=3159  t_range=[4301832,239644136])
rank=136 loaded routing data/768/stackoverflow_a2q_tw.rt136.txt (2063 entries)
rank=136 added 2 boundary-only nodes from routing
rank=108/768 dataset=stackoverflow_a2q_tw walkers=50000 (5400000..5449999) steps=30 mode=0 sched=single-bucket delta_t=0 policy=0
rank=108 loaded data/768/stackoverflow_a2q_tw.sub108.txt (|V_local|=3155  t_range=[4169436,239572077])
rank=108 loaded routing data/768/stackoverflow_a2q_tw.rt108.txt (2137 entries)
rank=108 added 4 boundary-only nodes from routing
rank=122/768 dataset=stackoverflow_a2q_tw walkers=50000 (6100000..6149999) steps=30 mode=0 sched=single-bucket delta_t=0 policy=0
rank=122 loaded data/768/stackoverflow_a2q_tw.sub122.txt (|V_local|=3159  t_range=[5327795,239677821])
rank=122 loaded routing data/768/stackoverflow_a2q_tw.rt122.txt (1900 entries)
rank=122 added 1 boundary-only nodes from routing
rank=97/768 dataset=stackoverflow_a2q_tw walkers=50000 (4850000..4899999) steps=30 mode=0 sched=single-bucket delta_t=0 policy=0
rank=97 loaded data/768/stackoverflow_a2q_tw.sub97.txt (|V_local|=3171  t_range=[20325124,239697892])
rank=97 loaded routing data/768/stackoverflow_a2q_tw.rt97.txt (2173 entries)
rank=97 added 3 boundary-only nodes from routing
rank=113/768 dataset=stackoverflow_a2q_tw walkers=50000 (5650000..5699999) steps=30 mode=0 sched=single-bucket delta_t=0 policy=0
rank=113 loaded data/768/stackoverflow_a2q_tw.sub113.txt (|V_local|=3300  t_range=[40077746,239693146])
rank=113 loaded routing data/768/stackoverflow_a2q_tw.rt113.txt (1830 entries)
rank=113 added 2 boundary-only nodes from routing
rank=105/768 dataset=stackoverflow_a2q_tw walkers=50000 (5250000..5299999) steps=30 mode=0 sched=single-bucket delta_t=0 policy=0
rank=105 loaded data/768/stackoverflow_a2q_tw.sub105.txt (|V_local|=3152  t_range=[19963526,239639371])
rank=105 loaded routing data/768/stackoverflow_a2q_tw.rt105.txt (2125 entries)
rank=105 added 3 boundary-only nodes from routing
rank=124/768 dataset=stackoverflow_a2q_tw walkers=50000 (6200000..6249999) steps=30 mode=0 sched=single-bucket delta_t=0 policy=0
rank=124 loaded data/768/stackoverflow_a2q_tw.sub124.txt (|V_local|=3301  t_range=[6946102,239694365])
rank=124 loaded routing data/768/stackoverflow_a2q_tw.rt124.txt (1842 entries)
rank=124 added 2 boundary-only nodes from routing
rank=125/768 dataset=stackoverflow_a2q_tw walkers=50000 (6250000..6299999) steps=30 mode=0 sched=single-bucket delta_t=0 policy=0
rank=125 loaded data/768/stackoverflow_a2q_tw.sub125.txt (|V_local|=3156  t_range=[3951754,239697444])
rank=125 loaded routing data/768/stackoverflow_a2q_tw.rt125.txt (1831 entries)
rank=125 added 2 boundary-only nodes from routing
rank=104/768 dataset=stackoverflow_a2q_tw walkers=50000 (5200000..5249999) steps=30 mode=0 sched=single-bucket delta_t=0 policy=0
rank=104 loaded data/768/stackoverflow_a2q_tw.sub104.txt (|V_local|=3304  t_range=[27487578,239698169])
rank=104 loaded routing data/768/stackoverflow_a2q_tw.rt104.txt (1956 entries)
rank=127/768 dataset=stackoverflow_a2q_tw walkers=50000 (6350000..6399999) steps=30 mode=0 sched=single-bucket delta_t=0 policy=0
rank=127 loaded data/768/stackoverflow_a2q_tw.sub127.txt (|V_local|=3154  t_range=[18805507,239672102])
rank=127 loaded routing data/768/stackoverflow_a2q_tw.rt127.txt (2201 entries)
rank=127 added 3 boundary-only nodes from routing
rank=107/768 dataset=stackoverflow_a2q_tw walkers=50000 (5350000..5399999) steps=30 mode=0 sched=single-bucket delta_t=0 policy=0
rank=107 loaded data/768/stackoverflow_a2q_tw.sub107.txt (|V_local|=3153  t_range=[3330944,239671265])
rank=107 loaded routing data/768/stackoverflow_a2q_tw.rt107.txt (1845 entries)
rank=107 added 1 boundary-only nodes from routing
rank=119/768 dataset=stackoverflow_a2q_tw walkers=50000 (5950000..5999999) steps=30 mode=0 sched=single-bucket delta_t=0 policy=0
rank=119 loaded data/768/stackoverflow_a2q_tw.sub119.txt (|V_local|=3303  t_range=[47600046,239664925])
rank=119 loaded routing data/768/stackoverflow_a2q_tw.rt119.txt (1933 entries)
rank=119 added 2 boundary-only nodes from routing
rank=129/768 dataset=stackoverflow_a2q_tw walkers=50000 (6450000..6499999) steps=30 mode=0 sched=single-bucket delta_t=0 policy=0
rank=129 loaded data/768/stackoverflow_a2q_tw.sub129.txt (|V_local|=3147  t_range=[5759522,239595244])
rank=129 loaded routing data/768/stackoverflow_a2q_tw.rt129.txt (2111 entries)
rank=129 added 5 boundary-only nodes from routing
rank=110/768 dataset=stackoverflow_a2q_tw walkers=50000 (5500000..5549999) steps=30 mode=0 sched=single-bucket delta_t=0 policy=0
rank=110 loaded data/768/stackoverflow_a2q_tw.sub110.txt (|V_local|=3304  t_range=[18465380,239645866])
rank=110 loaded routing data/768/stackoverflow_a2q_tw.rt110.txt (2095 entries)
rank=629/768 dataset=stackoverflow_a2q_tw walkers=50000 (31450000..31499999) steps=30 mode=0 sched=single-bucket delta_t=0 policy=0
rank=629 loaded data/768/stackoverflow_a2q_tw.sub629.txt (|V_local|=3160  t_range=[22898910,239595791])
rank=629 loaded routing data/768/stackoverflow_a2q_tw.rt629.txt (2003 entries)
rank=629 added 5 boundary-only nodes from routing
rank=628/768 dataset=stackoverflow_a2q_tw walkers=50000 (31400000..31449999) steps=30 mode=0 sched=single-bucket delta_t=0 policy=0
rank=628 loaded data/768/stackoverflow_a2q_tw.sub628.txt (|V_local|=3155  t_range=[13573706,239640076])
rank=628 loaded routing data/768/stackoverflow_a2q_tw.rt628.txt (2069 entries)
rank=628 added 3 boundary-only nodes from routing
rank=626/768 dataset=stackoverflow_a2q_tw walkers=50000 (31300000..31349999) steps=30 mode=0 sched=single-bucket delta_t=0 policy=0
rank=626 loaded data/768/stackoverflow_a2q_tw.sub626.txt (|V_local|=3165  t_range=[8454486,239648242])
rank=626 loaded routing data/768/stackoverflow_a2q_tw.rt626.txt (1955 entries)
rank=637/768 dataset=stackoverflow_a2q_tw walkers=50000 (31850000..31899999) steps=30 mode=0 sched=single-bucket delta_t=0 policy=0
rank=637 loaded data/768/stackoverflow_a2q_tw.sub637.txt (|V_local|=3301  t_range=[7696549,239639426])
rank=637 loaded routing data/768/stackoverflow_a2q_tw.rt637.txt (1566 entries)
rank=637 added 4 boundary-only nodes from routing
rank=665/768 dataset=stackoverflow_a2q_tw walkers=50000 (33250000..33299999) steps=30 mode=0 sched=single-bucket delta_t=0 policy=0
rank=665 loaded data/768/stackoverflow_a2q_tw.sub665.txt (|V_local|=3160  t_range=[4156364,239654430])
rank=665 loaded routing data/768/stackoverflow_a2q_tw.rt665.txt (2133 entries)
rank=665 added 2 boundary-only nodes from routing
rank=667/768 dataset=stackoverflow_a2q_tw walkers=50000 (33350000..33399999) steps=30 mode=0 sched=single-bucket delta_t=0 policy=0
rank=667 loaded data/768/stackoverflow_a2q_tw.sub667.txt (|V_local|=3303  t_range=[8832601,239625356])
rank=667 loaded routing data/768/stackoverflow_a2q_tw.rt667.txt (2118 entries)
rank=627/768 dataset=stackoverflow_a2q_tw walkers=50000 (31350000..31399999) steps=30 mode=0 sched=single-bucket delta_t=0 policy=0
rank=627 loaded data/768/stackoverflow_a2q_tw.sub627.txt (|V_local|=3153  t_range=[4322515,239683139])
rank=627 loaded routing data/768/stackoverflow_a2q_tw.rt627.txt (2174 entries)
rank=627 added 2 boundary-only nodes from routing
rank=581/768 dataset=stackoverflow_a2q_tw walkers=50000 (29050000..29099999) steps=30 mode=0 sched=single-bucket delta_t=0 policy=0
rank=581 loaded data/768/stackoverflow_a2q_tw.sub581.txt (|V_local|=3185  t_range=[19233154,239698131])
rank=581 loaded routing data/768/stackoverflow_a2q_tw.rt581.txt (2126 entries)
rank=581 added 2 boundary-only nodes from routing
rank=589/768 dataset=stackoverflow_a2q_tw walkers=50000 (29450000..29499999) steps=30 mode=0 sched=single-bucket delta_t=0 policy=0
rank=589 loaded data/768/stackoverflow_a2q_tw.sub589.txt (|V_local|=3159  t_range=[1728435,239697927])
rank=589 loaded routing data/768/stackoverflow_a2q_tw.rt589.txt (1985 entries)
rank=589 added 4 boundary-only nodes from routing
rank=622/768 dataset=stackoverflow_a2q_tw walkers=50000 (31100000..31149999) steps=30 mode=0 sched=single-bucket delta_t=0 policy=0
rank=622 loaded data/768/stackoverflow_a2q_tw.sub622.txt (|V_local|=3156  t_range=[4726866,239568114])
rank=622 loaded routing data/768/stackoverflow_a2q_tw.rt622.txt (2033 entries)
rank=622 added 1 boundary-only nodes from routing
rank=597/768 dataset=stackoverflow_a2q_tw walkers=50000 (29850000..29899999) steps=30 mode=0 sched=single-bucket delta_t=0 policy=0
rank=597 loaded data/768/stackoverflow_a2q_tw.sub597.txt (|V_local|=3150  t_range=[18740181,239693124])
rank=597 loaded routing data/768/stackoverflow_a2q_tw.rt597.txt (1999 entries)
rank=597 added 4 boundary-only nodes from routing
rank=588/768 dataset=stackoverflow_a2q_tw walkers=50000 (29400000..29449999) steps=30 mode=0 sched=single-bucket delta_t=0 policy=0
rank=588 loaded data/768/stackoverflow_a2q_tw.sub588.txt (|V_local|=3157  t_range=[1826550,239676717])
rank=588 loaded routing data/768/stackoverflow_a2q_tw.rt588.txt (2080 entries)
rank=588 added 4 boundary-only nodes from routing
rank=585/768 dataset=stackoverflow_a2q_tw walkers=50000 (29250000..29299999) steps=30 mode=0 sched=single-bucket delta_t=0 policy=0
rank=585 loaded data/768/stackoverflow_a2q_tw.sub585.txt (|V_local|=3155  t_range=[13957257,239674378])
rank=585 loaded routing data/768/stackoverflow_a2q_tw.rt585.txt (2072 entries)
rank=585 added 7 boundary-only nodes from routing
rank=591/768 dataset=stackoverflow_a2q_tw walkers=50000 (29550000..29599999) steps=30 mode=0 sched=single-bucket delta_t=0 policy=0
rank=591 loaded data/768/stackoverflow_a2q_tw.sub591.txt (|V_local|=3151  t_range=[3357807,239680610])
rank=591 loaded routing data/768/stackoverflow_a2q_tw.rt591.txt (2121 entries)
rank=591 added 3 boundary-only nodes from routing
rank=579/768 dataset=stackoverflow_a2q_tw walkers=50000 (28950000..28999999) steps=30 mode=0 sched=single-bucket delta_t=0 policy=0
rank=579 loaded data/768/stackoverflow_a2q_tw.sub579.txt (|V_local|=2911  t_range=[9061944,239658307])
rank=579 loaded routing data/768/stackoverflow_a2q_tw.rt579.txt (2066 entries)
rank=579 added 254 boundary-only nodes from routing
rank=580/768 dataset=stackoverflow_a2q_tw walkers=50000 (29000000..29049999) steps=30 mode=0 sched=single-bucket delta_t=0 policy=0
rank=580 loaded data/768/stackoverflow_a2q_tw.sub580.txt (|V_local|=3154  t_range=[27548153,239671148])
rank=580 loaded routing data/768/stackoverflow_a2q_tw.rt580.txt (2074 entries)
rank=580 added 3 boundary-only nodes from routing
rank=603/768 dataset=stackoverflow_a2q_tw walkers=50000 (30150000..30199999) steps=30 mode=0 sched=single-bucket delta_t=0 policy=0
rank=603 loaded data/768/stackoverflow_a2q_tw.sub603.txt (|V_local|=3156  t_range=[16244028,239692780])
rank=603 loaded routing data/768/stackoverflow_a2q_tw.rt603.txt (2093 entries)
rank=603 added 2 boundary-only nodes from routing
rank=623/768 dataset=stackoverflow_a2q_tw walkers=50000 (31150000..31199999) steps=30 mode=0 sched=single-bucket delta_t=0 policy=0
rank=623 loaded data/768/stackoverflow_a2q_tw.sub623.txt (|V_local|=3150  t_range=[3387974,239698412])
rank=623 loaded routing data/768/stackoverflow_a2q_tw.rt623.txt (2016 entries)
rank=623 added 8 boundary-only nodes from routing
rank=584/768 dataset=stackoverflow_a2q_tw walkers=50000 (29200000..29249999) steps=30 mode=0 sched=single-bucket delta_t=0 policy=0
rank=584 loaded data/768/stackoverflow_a2q_tw.sub584.txt (|V_local|=3305  t_range=[28945063,239694025])
rank=584 loaded routing data/768/stackoverflow_a2q_tw.rt584.txt (1487 entries)
rank=620/768 dataset=stackoverflow_a2q_tw walkers=50000 (31000000..31049999) steps=30 mode=0 sched=single-bucket delta_t=0 policy=0
rank=620 loaded data/768/stackoverflow_a2q_tw.sub620.txt (|V_local|=3161  t_range=[1201158,239666112])
rank=620 loaded routing data/768/stackoverflow_a2q_tw.rt620.txt (1675 entries)
rank=592/768 dataset=stackoverflow_a2q_tw walkers=50000 (29600000..29649999) steps=30 mode=0 sched=single-bucket delta_t=0 policy=0
rank=592 loaded data/768/stackoverflow_a2q_tw.sub592.txt (|V_local|=3303  t_range=[33300636,239690641])
rank=592 loaded routing data/768/stackoverflow_a2q_tw.rt592.txt (1779 entries)
rank=592 added 1 boundary-only nodes from routing
rank=578/768 dataset=stackoverflow_a2q_tw walkers=50000 (28900000..28949999) steps=30 mode=0 sched=single-bucket delta_t=0 policy=0
rank=578 loaded data/768/stackoverflow_a2q_tw.sub578.txt (|V_local|=3298  t_range=[41771800,239692382])
rank=578 loaded routing data/768/stackoverflow_a2q_tw.rt578.txt (2107 entries)
rank=578 added 2 boundary-only nodes from routing
rank=606/768 dataset=stackoverflow_a2q_tw walkers=50000 (30300000..30349999) steps=30 mode=0 sched=single-bucket delta_t=0 policy=0
rank=606 loaded data/768/stackoverflow_a2q_tw.sub606.txt (|V_local|=3151  t_range=[6922857,239623499])
rank=606 loaded routing data/768/stackoverflow_a2q_tw.rt606.txt (2059 entries)
rank=606 added 2 boundary-only nodes from routing
rank=604/768 dataset=stackoverflow_a2q_tw walkers=50000 (30200000..30249999) steps=30 mode=0 sched=single-bucket delta_t=0 policy=0
rank=604 loaded data/768/stackoverflow_a2q_tw.sub604.txt (|V_local|=3157  t_range=[6148369,239586418])
rank=604 loaded routing data/768/stackoverflow_a2q_tw.rt604.txt (2109 entries)
rank=604 added 3 boundary-only nodes from routing
rank=577/768 dataset=stackoverflow_a2q_tw walkers=50000 (28850000..28899999) steps=30 mode=0 sched=single-bucket delta_t=0 policy=0
rank=577 loaded data/768/stackoverflow_a2q_tw.sub577.txt (|V_local|=3158  t_range=[23563519,239677305])
rank=577 loaded routing data/768/stackoverflow_a2q_tw.rt577.txt (2107 entries)
rank=577 added 2 boundary-only nodes from routing
rank=595/768 dataset=stackoverflow_a2q_tw walkers=50000 (29750000..29799999) steps=30 mode=0 sched=single-bucket delta_t=0 policy=0
rank=595 loaded data/768/stackoverflow_a2q_tw.sub595.txt (|V_local|=3149  t_range=[5137824,239676458])
rank=595 loaded routing data/768/stackoverflow_a2q_tw.rt595.txt (2106 entries)
rank=595 added 1 boundary-only nodes from routing
rank=599/768 dataset=stackoverflow_a2q_tw walkers=50000 (29950000..29999999) steps=30 mode=0 sched=single-bucket delta_t=0 policy=0
rank=599 loaded data/768/stackoverflow_a2q_tw.sub599.txt (|V_local|=3167  t_range=[4361181,239614679])
rank=599 loaded routing data/768/stackoverflow_a2q_tw.rt599.txt (1939 entries)
rank=599 added 5 boundary-only nodes from routing
rank=605/768 dataset=stackoverflow_a2q_tw walkers=50000 (30250000..30299999) steps=30 mode=0 sched=single-bucket delta_t=0 policy=0
rank=605 loaded data/768/stackoverflow_a2q_tw.sub605.txt (|V_local|=3156  t_range=[14322903,239683085])
rank=605 loaded routing data/768/stackoverflow_a2q_tw.rt605.txt (2126 entries)
rank=605 added 2 boundary-only nodes from routing
rank=587/768 dataset=stackoverflow_a2q_tw walkers=50000 (29350000..29399999) steps=30 mode=0 sched=single-bucket delta_t=0 policy=0
rank=587 loaded data/768/stackoverflow_a2q_tw.sub587.txt (|V_local|=3151  t_range=[3941746,239666443])
rank=587 loaded routing data/768/stackoverflow_a2q_tw.rt587.txt (2068 entries)
rank=587 added 6 boundary-only nodes from routing
rank=583/768 dataset=stackoverflow_a2q_tw walkers=50000 (29150000..29199999) steps=30 mode=0 sched=single-bucket delta_t=0 policy=0
rank=583 loaded data/768/stackoverflow_a2q_tw.sub583.txt (|V_local|=3161  t_range=[1250799,239655646])
rank=717/768 dataset=stackoverflow_a2q_tw walkers=50000 (35850000..35899999) steps=30 mode=0 sched=single-bucket delta_t=0 policy=0
rank=717 loaded data/768/stackoverflow_a2q_tw.sub717.txt (|V_local|=3159  t_range=[5071984,239685998])
rank=717 loaded routing data/768/stackoverflow_a2q_tw.rt717.txt (2249 entries)
rank=717 added 5 boundary-only nodes from routing
rank=673/768 dataset=stackoverflow_a2q_tw walkers=50000 (33650000..33699999) steps=30 mode=0 sched=single-bucket delta_t=0 policy=0
rank=673 loaded data/768/stackoverflow_a2q_tw.sub673.txt (|V_local|=3300  t_range=[6614597,239685903])
rank=673 loaded routing data/768/stackoverflow_a2q_tw.rt673.txt (1255 entries)
rank=673 added 5 boundary-only nodes from routing
rank=680/768 dataset=stackoverflow_a2q_tw walkers=50000 (34000000..34049999) steps=30 mode=0 sched=single-bucket delta_t=0 policy=0
rank=680 loaded data/768/stackoverflow_a2q_tw.sub680.txt (|V_local|=3302  t_range=[310972,239609767])
rank=680 loaded routing data/768/stackoverflow_a2q_tw.rt680.txt (1463 entries)
rank=680 added 3 boundary-only nodes from routing
rank=678/768 dataset=stackoverflow_a2q_tw walkers=50000 (33900000..33949999) steps=30 mode=0 sched=single-bucket delta_t=0 policy=0
rank=678 loaded data/768/stackoverflow_a2q_tw.sub678.txt (|V_local|=3142  t_range=[481578,239691989])
rank=678 loaded routing data/768/stackoverflow_a2q_tw.rt678.txt (2103 entries)
rank=678 added 13 boundary-only nodes from routing
rank=683/768 dataset=stackoverflow_a2q_tw walkers=50000 (34150000..34199999) steps=30 mode=0 sched=single-bucket delta_t=0 policy=0
rank=683 loaded data/768/stackoverflow_a2q_tw.sub683.txt (|V_local|=3140  t_range=[1518802,239591266])
rank=683 loaded routing data/768/stackoverflow_a2q_tw.rt683.txt (2246 entries)
rank=683 added 6 boundary-only nodes from routing
rank=679/768 dataset=stackoverflow_a2q_tw walkers=50000 (33950000..33999999) steps=30 mode=0 sched=single-bucket delta_t=0 policy=0
rank=679 loaded data/768/stackoverflow_a2q_tw.sub679.txt (|V_local|=3301  t_range=[1235683,239579585])
rank=679 loaded routing data/768/stackoverflow_a2q_tw.rt679.txt (1581 entries)
rank=679 added 3 boundary-only nodes from routing
rank=684/768 dataset=stackoverflow_a2q_tw walkers=50000 (34200000..34249999) steps=30 mode=0 sched=single-bucket delta_t=0 policy=0
rank=684 loaded data/768/stackoverflow_a2q_tw.sub684.txt (|V_local|=3140  t_range=[4621242,239576990])
rank=684 loaded routing data/768/stackoverflow_a2q_tw.rt684.txt (2230 entries)
rank=684 added 12 boundary-only nodes from routing
rank=687/768 dataset=stackoverflow_a2q_tw walkers=50000 (34350000..34399999) steps=30 mode=0 sched=single-bucket delta_t=0 policy=0
rank=687 loaded data/768/stackoverflow_a2q_tw.sub687.txt (|V_local|=3152  t_range=[470731,239683108])
rank=687 loaded routing data/768/stackoverflow_a2q_tw.rt687.txt (2206 entries)
rank=687 added 15 boundary-only nodes from routing
rank=697/768 dataset=stackoverflow_a2q_tw walkers=50000 (34850000..34899999) steps=30 mode=0 sched=single-bucket delta_t=0 policy=0
rank=697 loaded data/768/stackoverflow_a2q_tw.sub697.txt (|V_local|=3163  t_range=[21927042,239698527])
rank=697 loaded routing data/768/stackoverflow_a2q_tw.rt697.txt (2148 entries)
rank=691/768 dataset=stackoverflow_a2q_tw walkers=50000 (34550000..34599999) steps=30 mode=0 sched=single-bucket delta_t=0 policy=0
rank=691 loaded data/768/stackoverflow_a2q_tw.sub691.txt (|V_local|=3138  t_range=[10407377,239570032])
rank=691 loaded routing data/768/stackoverflow_a2q_tw.rt691.txt (2271 entries)
rank=691 added 17 boundary-only nodes from routing
rank=676/768 dataset=stackoverflow_a2q_tw walkers=50000 (33800000..33849999) steps=30 mode=0 sched=single-bucket delta_t=0 policy=0
rank=676 loaded data/768/stackoverflow_a2q_tw.sub676.txt (|V_local|=3149  t_range=[5329566,239632418])
rank=676 loaded routing data/768/stackoverflow_a2q_tw.rt676.txt (2035 entries)
rank=676 added 6 boundary-only nodes from routing
rank=682/768 dataset=stackoverflow_a2q_tw walkers=50000 (34100000..34149999) steps=30 mode=0 sched=single-bucket delta_t=0 policy=0
rank=682 loaded data/768/stackoverflow_a2q_tw.sub682.txt (|V_local|=3155  t_range=[10187988,239689763])
rank=682 loaded routing data/768/stackoverflow_a2q_tw.rt682.txt (2145 entries)
rank=682 added 12 boundary-only nodes from routing
rank=686/768 dataset=stackoverflow_a2q_tw walkers=50000 (34300000..34349999) steps=30 mode=0 sched=single-bucket delta_t=0 policy=0
rank=686 loaded data/768/stackoverflow_a2q_tw.sub686.txt (|V_local|=3156  t_range=[7732576,239662960])
rank=686 loaded routing data/768/stackoverflow_a2q_tw.rt686.txt (2113 entries)
rank=686 added 4 boundary-only nodes from routing
rank=675/768 dataset=stackoverflow_a2q_tw walkers=50000 (33750000..33799999) steps=30 mode=0 sched=single-bucket delta_t=0 policy=0
rank=675 loaded data/768/stackoverflow_a2q_tw.sub675.txt (|V_local|=3153  t_range=[4835534,239643706])
rank=675 loaded routing data/768/stackoverflow_a2q_tw.rt675.txt (2192 entries)
rank=675 added 6 boundary-only nodes from routing
rank=677/768 dataset=stackoverflow_a2q_tw walkers=50000 (33850000..33899999) steps=30 mode=0 sched=single-bucket delta_t=0 policy=0
rank=677 loaded data/768/stackoverflow_a2q_tw.sub677.txt (|V_local|=3151  t_range=[4310508,239688608])
rank=677 loaded routing data/768/stackoverflow_a2q_tw.rt677.txt (2173 entries)
rank=677 added 5 boundary-only nodes from routing
rank=696/768 dataset=stackoverflow_a2q_tw walkers=50000 (34800000..34849999) steps=30 mode=0 sched=single-bucket delta_t=0 policy=0
rank=696 loaded data/768/stackoverflow_a2q_tw.sub696.txt (|V_local|=3158  t_range=[3828789,239686892])
rank=696 loaded routing data/768/stackoverflow_a2q_tw.rt696.txt (2156 entries)
rank=696 added 4 boundary-only nodes from routing
rank=672/768 dataset=stackoverflow_a2q_tw walkers=50000 (33600000..33649999) steps=30 mode=0 sched=single-bucket delta_t=0 policy=0
rank=672 loaded data/768/stackoverflow_a2q_tw.sub672.txt (|V_local|=3119  t_range=[778301,239591620])
rank=672 loaded routing data/768/stackoverflow_a2q_tw.rt672.txt (2129 entries)
rank=672 added 37 boundary-only nodes from routing
rank=674/768 dataset=stackoverflow_a2q_tw walkers=50000 (33700000..33749999) steps=30 mode=0 sched=single-bucket delta_t=0 policy=0
rank=674 loaded data/768/stackoverflow_a2q_tw.sub674.txt (|V_local|=3302  t_range=[3962855,239646122])
rank=674 loaded routing data/768/stackoverflow_a2q_tw.rt674.txt (1266 entries)
rank=674 added 3 boundary-only nodes from routing
rank=702/768 dataset=stackoverflow_a2q_tw walkers=50000 (35100000..35149999) steps=30 mode=0 sched=single-bucket delta_t=0 policy=0
rank=702 loaded data/768/stackoverflow_a2q_tw.sub702.txt (|V_local|=3155  t_range=[1880887,239698686])
rank=702 loaded routing data/768/stackoverflow_a2q_tw.rt702.txt (2231 entries)
rank=702 added 3 boundary-only nodes from routing
rank=706/768 dataset=stackoverflow_a2q_tw walkers=50000 (35300000..35349999) steps=30 mode=0 sched=single-bucket delta_t=0 policy=0
rank=706 loaded data/768/stackoverflow_a2q_tw.sub706.txt (|V_local|=3299  t_range=[26359581,239695352])
rank=706 loaded routing data/768/stackoverflow_a2q_tw.rt706.txt (2070 entries)
rank=706 added 1 boundary-only nodes from routing
rank=698/768 dataset=stackoverflow_a2q_tw walkers=50000 (34900000..34949999) steps=30 mode=0 sched=single-bucket delta_t=0 policy=0
rank=698 loaded data/768/stackoverflow_a2q_tw.sub698.txt (|V_local|=3229  t_range=[31309850,239695372])
rank=698 loaded routing data/768/stackoverflow_a2q_tw.rt698.txt (2116 entries)
rank=698 added 3 boundary-only nodes from routing
rank=695/768 dataset=stackoverflow_a2q_tw walkers=50000 (34750000..34799999) steps=30 mode=0 sched=single-bucket delta_t=0 policy=0
rank=695 loaded data/768/stackoverflow_a2q_tw.sub695.txt (|V_local|=3299  t_range=[3456002,239692212])
rank=695 loaded routing data/768/stackoverflow_a2q_tw.rt695.txt (1974 entries)
rank=695 added 6 boundary-only nodes from routing
rank=439/768 dataset=stackoverflow_a2q_tw walkers=50000 (21950000..21999999) steps=30 mode=0 sched=single-bucket delta_t=0 policy=0
rank=439 loaded data/768/stackoverflow_a2q_tw.sub439.txt (|V_local|=3280  t_range=[2157734,239676566])
rank=439 loaded routing data/768/stackoverflow_a2q_tw.rt439.txt (1929 entries)
rank=439 added 18 boundary-only nodes from routing
rank=442/768 dataset=stackoverflow_a2q_tw walkers=50000 (22100000..22149999) steps=30 mode=0 sched=single-bucket delta_t=0 policy=0
rank=442 loaded data/768/stackoverflow_a2q_tw.sub442.txt (|V_local|=3263  t_range=[1486782,239632798])
rank=442 loaded routing data/768/stackoverflow_a2q_tw.rt442.txt (1835 entries)
rank=442 added 9 boundary-only nodes from routing
rank=478/768 dataset=stackoverflow_a2q_tw walkers=50000 (23900000..23949999) steps=30 mode=0 sched=single-bucket delta_t=0 policy=0
rank=478 loaded data/768/stackoverflow_a2q_tw.sub478.txt (|V_local|=3152  t_range=[3621077,239580840])
rank=478 loaded routing data/768/stackoverflow_a2q_tw.rt478.txt (2151 entries)
rank=478 added 12 boundary-only nodes from routing
rank=433/768 dataset=stackoverflow_a2q_tw walkers=50000 (21650000..21699999) steps=30 mode=0 sched=single-bucket delta_t=0 policy=0
rank=433 loaded data/768/stackoverflow_a2q_tw.sub433.txt (|V_local|=3145  t_range=[14072572,239662510])
rank=433 loaded routing data/768/stackoverflow_a2q_tw.rt433.txt (2115 entries)
rank=433 added 7 boundary-only nodes from routing
rank=476/768 dataset=stackoverflow_a2q_tw walkers=50000 (23800000..23849999) steps=30 mode=0 sched=single-bucket delta_t=0 policy=0
rank=476 loaded data/768/stackoverflow_a2q_tw.sub476.txt (|V_local|=3295  t_range=[5339393,239680022])
rank=476 loaded routing data/768/stackoverflow_a2q_tw.rt476.txt (1964 entries)
rank=476 added 9 boundary-only nodes from routing
rank=464/768 dataset=stackoverflow_a2q_tw walkers=50000 (23200000..23249999) steps=30 mode=0 sched=single-bucket delta_t=0 policy=0
rank=464 loaded data/768/stackoverflow_a2q_tw.sub464.txt (|V_local|=3305  t_range=[2703441,239662518])
rank=464 loaded routing data/768/stackoverflow_a2q_tw.rt464.txt (848 entries)
rank=435/768 dataset=stackoverflow_a2q_tw walkers=50000 (21750000..21799999) steps=30 mode=0 sched=single-bucket delta_t=0 policy=0
rank=435 loaded data/768/stackoverflow_a2q_tw.sub435.txt (|V_local|=3138  t_range=[4084462,239690354])
rank=435 loaded routing data/768/stackoverflow_a2q_tw.rt435.txt (2170 entries)
rank=435 added 6 boundary-only nodes from routing
rank=434/768 dataset=stackoverflow_a2q_tw walkers=50000 (21700000..21749999) steps=30 mode=0 sched=single-bucket delta_t=0 policy=0
rank=434 loaded data/768/stackoverflow_a2q_tw.sub434.txt (|V_local|=3300  t_range=[11961564,239673596])
rank=434 loaded routing data/768/stackoverflow_a2q_tw.rt434.txt (1848 entries)
rank=434 added 3 boundary-only nodes from routing
rank=437/768 dataset=stackoverflow_a2q_tw walkers=50000 (21850000..21899999) steps=30 mode=0 sched=single-bucket delta_t=0 policy=0
rank=437 loaded data/768/stackoverflow_a2q_tw.sub437.txt (|V_local|=3303  t_range=[41665562,239680701])
rank=437 loaded routing data/768/stackoverflow_a2q_tw.rt437.txt (2183 entries)
rank=437 added 2 boundary-only nodes from routing
rank=473/768 dataset=stackoverflow_a2q_tw walkers=50000 (23650000..23699999) steps=30 mode=0 sched=single-bucket delta_t=0 policy=0
rank=473 loaded data/768/stackoverflow_a2q_tw.sub473.txt (|V_local|=3153  t_range=[4903471,239692556])
rank=473 loaded routing data/768/stackoverflow_a2q_tw.rt473.txt (2217 entries)
rank=473 added 12 boundary-only nodes from routing
rank=455/768 dataset=stackoverflow_a2q_tw walkers=50000 (22750000..22799999) steps=30 mode=0 sched=single-bucket delta_t=0 policy=0
rank=455 loaded data/768/stackoverflow_a2q_tw.sub455.txt (|V_local|=3297  t_range=[10449750,239691248])
rank=455 loaded routing data/768/stackoverflow_a2q_tw.rt455.txt (2095 entries)
rank=455 added 6 boundary-only nodes from routing
rank=436/768 dataset=stackoverflow_a2q_tw walkers=50000 (21800000..21849999) steps=30 mode=0 sched=single-bucket delta_t=0 policy=0
rank=436 loaded data/768/stackoverflow_a2q_tw.sub436.txt (|V_local|=3158  t_range=[247683,239668666])
rank=436 loaded routing data/768/stackoverflow_a2q_tw.rt436.txt (2025 entries)
rank=436 added 2 boundary-only nodes from routing
rank=472/768 dataset=stackoverflow_a2q_tw walkers=50000 (23600000..23649999) steps=30 mode=0 sched=single-bucket delta_t=0 policy=0
rank=472 loaded data/768/stackoverflow_a2q_tw.sub472.txt (|V_local|=3137  t_range=[3642873,239577576])
rank=472 loaded routing data/768/stackoverflow_a2q_tw.rt472.txt (2071 entries)
rank=472 added 8 boundary-only nodes from routing
rank=451/768 dataset=stackoverflow_a2q_tw walkers=50000 (22550000..22599999) steps=30 mode=0 sched=single-bucket delta_t=0 policy=0
rank=451 loaded data/768/stackoverflow_a2q_tw.sub451.txt (|V_local|=3229  t_range=[40843177,239686822])
rank=451 loaded routing data/768/stackoverflow_a2q_tw.rt451.txt (2100 entries)
rank=451 added 2 boundary-only nodes from routing
rank=453/768 dataset=stackoverflow_a2q_tw walkers=50000 (22650000..22699999) steps=30 mode=0 sched=single-bucket delta_t=0 policy=0
rank=453 loaded data/768/stackoverflow_a2q_tw.sub453.txt (|V_local|=3156  t_range=[4358742,239681066])
rank=453 loaded routing data/768/stackoverflow_a2q_tw.rt453.txt (2181 entries)
rank=453 added 8 boundary-only nodes from routing
rank=438/768 dataset=stackoverflow_a2q_tw walkers=50000 (21900000..21949999) steps=30 mode=0 sched=single-bucket delta_t=0 policy=0
rank=438 loaded data/768/stackoverflow_a2q_tw.sub438.txt (|V_local|=3160  t_range=[4742536,239622754])
rank=438 loaded routing data/768/stackoverflow_a2q_tw.rt438.txt (2140 entries)
rank=438 added 3 boundary-only nodes from routing
rank=444/768 dataset=stackoverflow_a2q_tw walkers=50000 (22200000..22249999) steps=30 mode=0 sched=single-bucket delta_t=0 policy=0
rank=444 loaded data/768/stackoverflow_a2q_tw.sub444.txt (|V_local|=3239  t_range=[7104248,239646610])
rank=444 loaded routing data/768/stackoverflow_a2q_tw.rt444.txt (2184 entries)
rank=444 added 15 boundary-only nodes from routing
rank=477/768 dataset=stackoverflow_a2q_tw walkers=50000 (23850000..23899999) steps=30 mode=0 sched=single-bucket delta_t=0 policy=0
rank=477 loaded data/768/stackoverflow_a2q_tw.sub477.txt (|V_local|=3155  t_range=[2085400,239689790])
rank=477 loaded routing data/768/stackoverflow_a2q_tw.rt477.txt (2103 entries)
rank=477 added 7 boundary-only nodes from routing
rank=458/768 dataset=stackoverflow_a2q_tw walkers=50000 (22900000..22949999) steps=30 mode=0 sched=single-bucket delta_t=0 policy=0
rank=458 loaded data/768/stackoverflow_a2q_tw.sub458.txt (|V_local|=3288  t_range=[1813360,239564059])
rank=458 loaded routing data/768/stackoverflow_a2q_tw.rt458.txt (1598 entries)
rank=458 added 17 boundary-only nodes from routing
rank=445/768 dataset=stackoverflow_a2q_tw walkers=50000 (22250000..22299999) steps=30 mode=0 sched=single-bucket delta_t=0 policy=0
rank=445 loaded data/768/stackoverflow_a2q_tw.sub445.txt (|V_local|=3293  t_range=[10153025,239661832])
rank=445 loaded routing data/768/stackoverflow_a2q_tw.rt445.txt (1832 entries)
rank=445 added 12 boundary-only nodes from routing
rank=463/768 dataset=stackoverflow_a2q_tw walkers=50000 (23150000..23199999) steps=30 mode=0 sched=single-bucket delta_t=0 policy=0
rank=463 loaded data/768/stackoverflow_a2q_tw.sub463.txt (|V_local|=2905  t_range=[3343556,239685141])
rank=463 loaded routing data/768/stackoverflow_a2q_tw.rt463.txt (2008 entries)
rank=463 added 400 boundary-only nodes from routing
rank=479/768 dataset=stackoverflow_a2q_tw walkers=50000 (23950000..23999999) steps=30 mode=0 sched=single-bucket delta_t=0 policy=0
rank=479 loaded data/768/stackoverflow_a2q_tw.sub479.txt (|V_local|=3153  t_range=[4070621,239679733])
rank=479 loaded routing data/768/stackoverflow_a2q_tw.rt479.txt (2140 entries)
rank=479 added 5 boundary-only nodes from routing
rank=441/768 dataset=stackoverflow_a2q_tw walkers=50000 (22050000..22099999) steps=30 mode=0 sched=single-bucket delta_t=0 policy=0
rank=360/768 dataset=stackoverflow_a2q_tw walkers=50000 (18000000..18049999) steps=30 mode=0 sched=single-bucket delta_t=0 policy=0
rank=360 loaded data/768/stackoverflow_a2q_tw.sub360.txt (|V_local|=3140  t_range=[3547251,239693824])
rank=360 loaded routing data/768/stackoverflow_a2q_tw.rt360.txt (2185 entries)
rank=360 added 2 boundary-only nodes from routing
rank=338/768 dataset=stackoverflow_a2q_tw walkers=50000 (16900000..16949999) steps=30 mode=0 sched=single-bucket delta_t=0 policy=0
rank=338 loaded data/768/stackoverflow_a2q_tw.sub338.txt (|V_local|=3154  t_range=[687041,239694534])
rank=338 loaded routing data/768/stackoverflow_a2q_tw.rt338.txt (2123 entries)
rank=338 added 3 boundary-only nodes from routing
rank=341/768 dataset=stackoverflow_a2q_tw walkers=50000 (17050000..17099999) steps=30 mode=0 sched=single-bucket delta_t=0 policy=0
rank=341 loaded data/768/stackoverflow_a2q_tw.sub341.txt (|V_local|=3210  t_range=[22453623,239669818])
rank=341 loaded routing data/768/stackoverflow_a2q_tw.rt341.txt (1921 entries)
rank=341 added 2 boundary-only nodes from routing
rank=340/768 dataset=stackoverflow_a2q_tw walkers=50000 (17000000..17049999) steps=30 mode=0 sched=single-bucket delta_t=0 policy=0
rank=340 loaded data/768/stackoverflow_a2q_tw.sub340.txt (|V_local|=3302  t_range=[24521456,239679817])
rank=340 loaded routing data/768/stackoverflow_a2q_tw.rt340.txt (1957 entries)
rank=340 added 1 boundary-only nodes from routing
rank=352/768 dataset=stackoverflow_a2q_tw walkers=50000 (17600000..17649999) steps=30 mode=0 sched=single-bucket delta_t=0 policy=0
rank=352 loaded data/768/stackoverflow_a2q_tw.sub352.txt (|V_local|=3157  t_range=[9199981,239663446])
rank=352 loaded routing data/768/stackoverflow_a2q_tw.rt352.txt (2121 entries)
rank=352 added 4 boundary-only nodes from routing
rank=337/768 dataset=stackoverflow_a2q_tw walkers=50000 (16850000..16899999) steps=30 mode=0 sched=single-bucket delta_t=0 policy=0
rank=337 loaded data/768/stackoverflow_a2q_tw.sub337.txt (|V_local|=3216  t_range=[51483,239696278])
rank=337 loaded routing data/768/stackoverflow_a2q_tw.rt337.txt (2026 entries)
rank=337 added 1 boundary-only nodes from routing
rank=374/768 dataset=stackoverflow_a2q_tw walkers=50000 (18700000..18749999) steps=30 mode=0 sched=single-bucket delta_t=0 policy=0
rank=374 loaded data/768/stackoverflow_a2q_tw.sub374.txt (|V_local|=3144  t_range=[6547341,239560428])
rank=374 loaded routing data/768/stackoverflow_a2q_tw.rt374.txt (2223 entries)
rank=374 added 10 boundary-only nodes from routing
rank=370/768 dataset=stackoverflow_a2q_tw walkers=50000 (18500000..18549999) steps=30 mode=0 sched=single-bucket delta_t=0 policy=0
rank=370 loaded data/768/stackoverflow_a2q_tw.sub370.txt (|V_local|=3159  t_range=[6097328,239697823])
rank=370 loaded routing data/768/stackoverflow_a2q_tw.rt370.txt (2125 entries)
rank=370 added 1 boundary-only nodes from routing
rank=345/768 dataset=stackoverflow_a2q_tw walkers=50000 (17250000..17299999) steps=30 mode=0 sched=single-bucket delta_t=0 policy=0
rank=345 loaded data/768/stackoverflow_a2q_tw.sub345.txt (|V_local|=3141  t_range=[5702417,239649544])
rank=345 loaded routing data/768/stackoverflow_a2q_tw.rt345.txt (2219 entries)
rank=345 added 15 boundary-only nodes from routing
rank=365/768 dataset=stackoverflow_a2q_tw walkers=50000 (18250000..18299999) steps=30 mode=0 sched=single-bucket delta_t=0 policy=0
rank=365 loaded data/768/stackoverflow_a2q_tw.sub365.txt (|V_local|=3158  t_range=[2896796,239688097])
rank=365 loaded routing data/768/stackoverflow_a2q_tw.rt365.txt (2091 entries)
rank=365 added 1 boundary-only nodes from routing
rank=380/768 dataset=stackoverflow_a2q_tw walkers=50000 (19000000..19049999) steps=30 mode=0 sched=single-bucket delta_t=0 policy=0
rank=380 loaded data/768/stackoverflow_a2q_tw.sub380.txt (|V_local|=3299  t_range=[5871843,239694860])
rank=380 loaded routing data/768/stackoverflow_a2q_tw.rt380.txt (1947 entries)
rank=380 added 2 boundary-only nodes from routing
rank=344/768 dataset=stackoverflow_a2q_tw walkers=50000 (17200000..17249999) steps=30 mode=0 sched=single-bucket delta_t=0 policy=0
rank=344 loaded data/768/stackoverflow_a2q_tw.sub344.txt (|V_local|=3164  t_range=[1628022,239662773])
rank=344 loaded routing data/768/stackoverflow_a2q_tw.rt344.txt (1672 entries)
rank=344 added 1 boundary-only nodes from routing
rank=358/768 dataset=stackoverflow_a2q_tw walkers=50000 (17900000..17949999) steps=30 mode=0 sched=single-bucket delta_t=0 policy=0
rank=358 loaded data/768/stackoverflow_a2q_tw.sub358.txt (|V_local|=3207  t_range=[4543406,239670978])
rank=358 loaded routing data/768/stackoverflow_a2q_tw.rt358.txt (2004 entries)
rank=358 added 3 boundary-only nodes from routing
rank=336/768 dataset=stackoverflow_a2q_tw walkers=50000 (16800000..16849999) steps=30 mode=0 sched=single-bucket delta_t=0 policy=0
rank=336 loaded data/768/stackoverflow_a2q_tw.sub336.txt (|V_local|=3155  t_range=[1288124,239629182])
rank=336 loaded routing data/768/stackoverflow_a2q_tw.rt336.txt (2112 entries)
rank=336 added 3 boundary-only nodes from routing
rank=359/768 dataset=stackoverflow_a2q_tw walkers=50000 (17950000..17999999) steps=30 mode=0 sched=single-bucket delta_t=0 policy=0
rank=359 loaded data/768/stackoverflow_a2q_tw.sub359.txt (|V_local|=3304  t_range=[11236059,239660075])
rank=359 loaded routing data/768/stackoverflow_a2q_tw.rt359.txt (1777 entries)
rank=346/768 dataset=stackoverflow_a2q_tw walkers=50000 (17300000..17349999) steps=30 mode=0 sched=single-bucket delta_t=0 policy=0
rank=346 loaded data/768/stackoverflow_a2q_tw.sub346.txt (|V_local|=3162  t_range=[4529350,239694982])
rank=346 loaded routing data/768/stackoverflow_a2q_tw.rt346.txt (1970 entries)
rank=346 added 1 boundary-only nodes from routing
rank=378/768 dataset=stackoverflow_a2q_tw walkers=50000 (18900000..18949999) steps=30 mode=0 sched=single-bucket delta_t=0 policy=0
rank=378 loaded data/768/stackoverflow_a2q_tw.sub378.txt (|V_local|=3156  t_range=[2664808,239662082])
rank=378 loaded routing data/768/stackoverflow_a2q_tw.rt378.txt (2205 entries)
rank=378 added 4 boundary-only nodes from routing
rank=339/768 dataset=stackoverflow_a2q_tw walkers=50000 (16950000..16999999) steps=30 mode=0 sched=single-bucket delta_t=0 policy=0
rank=339 loaded data/768/stackoverflow_a2q_tw.sub339.txt (|V_local|=3162  t_range=[5934556,239697186])
rank=339 loaded routing data/768/stackoverflow_a2q_tw.rt339.txt (2048 entries)
rank=339 added 2 boundary-only nodes from routing
rank=382/768 dataset=stackoverflow_a2q_tw walkers=50000 (19100000..19149999) steps=30 mode=0 sched=single-bucket delta_t=0 policy=0
rank=382 loaded data/768/stackoverflow_a2q_tw.sub382.txt (|V_local|=3158  t_range=[5355547,239614024])
rank=382 loaded routing data/768/stackoverflow_a2q_tw.rt382.txt (2059 entries)
rank=382 added 3 boundary-only nodes from routing
rank=383/768 dataset=stackoverflow_a2q_tw walkers=50000 (19150000..19199999) steps=30 mode=0 sched=single-bucket delta_t=0 policy=0
rank=383 loaded data/768/stackoverflow_a2q_tw.sub383.txt (|V_local|=3304  t_range=[6022219,239648840])
rank=383 loaded routing data/768/stackoverflow_a2q_tw.rt383.txt (1835 entries)
rank=383 added 1 boundary-only nodes from routing
rank=354/768 dataset=stackoverflow_a2q_tw walkers=50000 (17700000..17749999) steps=30 mode=0 sched=single-bucket delta_t=0 policy=0
rank=354 loaded data/768/stackoverflow_a2q_tw.sub354.txt (|V_local|=3153  t_range=[4122288,239654077])
rank=354 loaded routing data/768/stackoverflow_a2q_tw.rt354.txt (2150 entries)
rank=354 added 4 boundary-only nodes from routing
rank=372/768 dataset=stackoverflow_a2q_tw walkers=50000 (18600000..18649999) steps=30 mode=0 sched=single-bucket delta_t=0 policy=0
rank=372 loaded data/768/stackoverflow_a2q_tw.sub372.txt (|V_local|=3151  t_range=[4556582,239668797])
rank=372 loaded routing data/768/stackoverflow_a2q_tw.rt372.txt (2106 entries)
rank=372 added 4 boundary-only nodes from routing
rank=353/768 dataset=stackoverflow_a2q_tw walkers=50000 (17650000..17699999) steps=30 mode=0 sched=single-bucket delta_t=0 policy=0
rank=385/768 dataset=stackoverflow_a2q_tw walkers=50000 (19250000..19299999) steps=30 mode=0 sched=single-bucket delta_t=0 policy=0
rank=385 loaded data/768/stackoverflow_a2q_tw.sub385.txt (|V_local|=3159  t_range=[8209374,239687052])
rank=385 loaded routing data/768/stackoverflow_a2q_tw.rt385.txt (1937 entries)
rank=385 added 2 boundary-only nodes from routing
rank=384/768 dataset=stackoverflow_a2q_tw walkers=50000 (19200000..19249999) steps=30 mode=0 sched=single-bucket delta_t=0 policy=0
rank=384 loaded data/768/stackoverflow_a2q_tw.sub384.txt (|V_local|=3160  t_range=[3989781,239686393])
rank=384 loaded routing data/768/stackoverflow_a2q_tw.rt384.txt (2018 entries)
rank=384 added 3 boundary-only nodes from routing
rank=412/768 dataset=stackoverflow_a2q_tw walkers=50000 (20600000..20649999) steps=30 mode=0 sched=single-bucket delta_t=0 policy=0
rank=412 loaded data/768/stackoverflow_a2q_tw.sub412.txt (|V_local|=3302  t_range=[1510916,239564486])
rank=412 loaded routing data/768/stackoverflow_a2q_tw.rt412.txt (1019 entries)
rank=412 added 3 boundary-only nodes from routing
rank=402/768 dataset=stackoverflow_a2q_tw walkers=50000 (20100000..20149999) steps=30 mode=0 sched=single-bucket delta_t=0 policy=0
rank=402 loaded data/768/stackoverflow_a2q_tw.sub402.txt (|V_local|=3151  t_range=[3961057,239694756])
rank=402 loaded routing data/768/stackoverflow_a2q_tw.rt402.txt (2222 entries)
rank=402 added 5 boundary-only nodes from routing
rank=401/768 dataset=stackoverflow_a2q_tw walkers=50000 (20050000..20099999) steps=30 mode=0 sched=single-bucket delta_t=0 policy=0
rank=401 loaded data/768/stackoverflow_a2q_tw.sub401.txt (|V_local|=3245  t_range=[4202314,239692130])
rank=401 loaded routing data/768/stackoverflow_a2q_tw.rt401.txt (2129 entries)
rank=401 added 1 boundary-only nodes from routing
rank=431/768 dataset=stackoverflow_a2q_tw walkers=50000 (21550000..21599999) steps=30 mode=0 sched=single-bucket delta_t=0 policy=0
rank=431 loaded data/768/stackoverflow_a2q_tw.sub431.txt (|V_local|=3303  t_range=[4285235,239698254])
rank=431 loaded routing data/768/stackoverflow_a2q_tw.rt431.txt (1271 entries)
rank=431 added 2 boundary-only nodes from routing
rank=388/768 dataset=stackoverflow_a2q_tw walkers=50000 (19400000..19449999) steps=30 mode=0 sched=single-bucket delta_t=0 policy=0
rank=388 loaded data/768/stackoverflow_a2q_tw.sub388.txt (|V_local|=3301  t_range=[3426027,239679184])
rank=388 loaded routing data/768/stackoverflow_a2q_tw.rt388.txt (1924 entries)
rank=388 added 4 boundary-only nodes from routing
rank=391/768 dataset=stackoverflow_a2q_tw walkers=50000 (19550000..19599999) steps=30 mode=0 sched=single-bucket delta_t=0 policy=0
rank=391 loaded data/768/stackoverflow_a2q_tw.sub391.txt (|V_local|=3164  t_range=[4034953,239698070])
rank=391 loaded routing data/768/stackoverflow_a2q_tw.rt391.txt (2178 entries)
rank=391 added 1 boundary-only nodes from routing
rank=386/768 dataset=stackoverflow_a2q_tw walkers=50000 (19300000..19349999) steps=30 mode=0 sched=single-bucket delta_t=0 policy=0
rank=386 loaded data/768/stackoverflow_a2q_tw.sub386.txt (|V_local|=3154  t_range=[4125583,239697543])
rank=386 loaded routing data/768/stackoverflow_a2q_tw.rt386.txt (1901 entries)
rank=386 added 9 boundary-only nodes from routing
rank=407/768 dataset=stackoverflow_a2q_tw walkers=50000 (20350000..20399999) steps=30 mode=0 sched=single-bucket delta_t=0 policy=0
rank=407 loaded data/768/stackoverflow_a2q_tw.sub407.txt (|V_local|=3162  t_range=[2768631,239648308])
rank=407 loaded routing data/768/stackoverflow_a2q_tw.rt407.txt (2048 entries)
rank=407 added 6 boundary-only nodes from routing
rank=426/768 dataset=stackoverflow_a2q_tw walkers=50000 (21300000..21349999) steps=30 mode=0 sched=single-bucket delta_t=0 policy=0
rank=426 loaded data/768/stackoverflow_a2q_tw.sub426.txt (|V_local|=3231  t_range=[433019,239621681])
rank=426 loaded routing data/768/stackoverflow_a2q_tw.rt426.txt (1908 entries)
rank=426 added 2 boundary-only nodes from routing
rank=428/768 dataset=stackoverflow_a2q_tw walkers=50000 (21400000..21449999) steps=30 mode=0 sched=single-bucket delta_t=0 policy=0
rank=428 loaded data/768/stackoverflow_a2q_tw.sub428.txt (|V_local|=3300  t_range=[20823118,239624434])
rank=428 loaded routing data/768/stackoverflow_a2q_tw.rt428.txt (1611 entries)
rank=428 added 5 boundary-only nodes from routing
rank=390/768 dataset=stackoverflow_a2q_tw walkers=50000 (19500000..19549999) steps=30 mode=0 sched=single-bucket delta_t=0 policy=0
rank=390 loaded data/768/stackoverflow_a2q_tw.sub390.txt (|V_local|=3141  t_range=[664515,239598204])
rank=390 loaded routing data/768/stackoverflow_a2q_tw.rt390.txt (2111 entries)
rank=390 added 15 boundary-only nodes from routing
rank=410/768 dataset=stackoverflow_a2q_tw walkers=50000 (20500000..20549999) steps=30 mode=0 sched=single-bucket delta_t=0 policy=0
rank=410 loaded data/768/stackoverflow_a2q_tw.sub410.txt (|V_local|=3303  t_range=[570920,239678405])
rank=410 loaded routing data/768/stackoverflow_a2q_tw.rt410.txt (1214 entries)
rank=410 added 2 boundary-only nodes from routing
rank=427/768 dataset=stackoverflow_a2q_tw walkers=50000 (21350000..21399999) steps=30 mode=0 sched=single-bucket delta_t=0 policy=0
rank=427 loaded data/768/stackoverflow_a2q_tw.sub427.txt (|V_local|=3167  t_range=[20387052,239677078])
rank=427 loaded routing data/768/stackoverflow_a2q_tw.rt427.txt (1808 entries)
rank=427 added 2 boundary-only nodes from routing
rank=387/768 dataset=stackoverflow_a2q_tw walkers=50000 (19350000..19399999) steps=30 mode=0 sched=single-bucket delta_t=0 policy=0
rank=387 loaded data/768/stackoverflow_a2q_tw.sub387.txt (|V_local|=3300  t_range=[6421856,239669116])
rank=387 loaded routing data/768/stackoverflow_a2q_tw.rt387.txt (1872 entries)
rank=387 added 4 boundary-only nodes from routing
rank=411/768 dataset=stackoverflow_a2q_tw walkers=50000 (20550000..20599999) steps=30 mode=0 sched=single-bucket delta_t=0 policy=0
rank=411 loaded data/768/stackoverflow_a2q_tw.sub411.txt (|V_local|=3153  t_range=[1459184,239696300])
rank=411 loaded routing data/768/stackoverflow_a2q_tw.rt411.txt (1979 entries)
rank=411 added 2 boundary-only nodes from routing
rank=404/768 dataset=stackoverflow_a2q_tw walkers=50000 (20200000..20249999) steps=30 mode=0 sched=single-bucket delta_t=0 policy=0
rank=404 loaded data/768/stackoverflow_a2q_tw.sub404.txt (|V_local|=3305  t_range=[4157698,239696826])
rank=404 loaded routing data/768/stackoverflow_a2q_tw.rt404.txt (1932 entries)
rank=400/768 dataset=stackoverflow_a2q_tw walkers=50000 (20000000..20049999) steps=30 mode=0 sched=single-bucket delta_t=0 policy=0
rank=400 loaded data/768/stackoverflow_a2q_tw.sub400.txt (|V_local|=3301  t_range=[2454761,239684364])
rank=400 loaded routing data/768/stackoverflow_a2q_tw.rt400.txt (1524 entries)
rank=400 added 2 boundary-only nodes from routing
rank=396/768 dataset=stackoverflow_a2q_tw walkers=50000 (19800000..19849999) steps=30 mode=0 sched=single-bucket delta_t=0 policy=0
rank=396 loaded data/768/stackoverflow_a2q_tw.sub396.txt (|V_local|=3147  t_range=[4018986,239585174])
rank=396 loaded routing data/768/stackoverflow_a2q_tw.rt396.txt (2138 entries)
rank=396 added 10 boundary-only nodes from routing
rank=420/768 dataset=stackoverflow_a2q_tw walkers=50000 (21000000..21049999) steps=30 mode=0 sched=single-bucket delta_t=0 policy=0
rank=420 loaded data/768/stackoverflow_a2q_tw.sub420.txt (|V_local|=3265  t_range=[2814453,239668608])
rank=420 loaded routing data/768/stackoverflow_a2q_tw.rt420.txt (2182 entries)
rank=420 added 3 boundary-only nodes from routing
rank=399/768 dataset=stackoverflow_a2q_tw walkers=50000 (19950000..19999999) steps=30 mode=0 sched=single-bucket delta_t=0 policy=0
rank=399 loaded data/768/stackoverflow_a2q_tw.sub399.txt (|V_local|=3156  t_range=[5495580,239684348])
rank=399 loaded routing data/768/stackoverflow_a2q_tw.rt399.txt (2145 entries)
rank=399 added 4 boundary-only nodes from routing
rank=419/768 dataset=stackoverflow_a2q_tw walkers=50000 (20950000..20999999) steps=30 mode=0 sched=single-bucket delta_t=0 policy=0
rank=728/768 dataset=stackoverflow_a2q_tw walkers=50000 (36400000..36449999) steps=30 mode=0 sched=single-bucket delta_t=0 policy=0
rank=728 loaded data/768/stackoverflow_a2q_tw.sub728.txt (|V_local|=3141  t_range=[3967104,239662360])
rank=728 loaded routing data/768/stackoverflow_a2q_tw.rt728.txt (2134 entries)
rank=728 added 7 boundary-only nodes from routing
rank=764/768 dataset=stackoverflow_a2q_tw walkers=50000 (38200000..38249999) steps=30 mode=0 sched=single-bucket delta_t=0 policy=0
rank=764 loaded data/768/stackoverflow_a2q_tw.sub764.txt (|V_local|=3151  t_range=[7327428,239667970])
rank=764 loaded routing data/768/stackoverflow_a2q_tw.rt764.txt (117 entries)
rank=764 added 6 boundary-only nodes from routing
rank=725/768 dataset=stackoverflow_a2q_tw walkers=50000 (36250000..36299999) steps=30 mode=0 sched=single-bucket delta_t=0 policy=0
rank=725 loaded data/768/stackoverflow_a2q_tw.sub725.txt (|V_local|=3154  t_range=[2492916,239686889])
rank=725 loaded routing data/768/stackoverflow_a2q_tw.rt725.txt (2217 entries)
rank=725 added 1 boundary-only nodes from routing
rank=732/768 dataset=stackoverflow_a2q_tw walkers=50000 (36600000..36649999) steps=30 mode=0 sched=single-bucket delta_t=0 policy=0
rank=732 loaded data/768/stackoverflow_a2q_tw.sub732.txt (|V_local|=3156  t_range=[1983961,239672159])
rank=732 loaded routing data/768/stackoverflow_a2q_tw.rt732.txt (2052 entries)
rank=732 added 5 boundary-only nodes from routing
rank=767/768 dataset=stackoverflow_a2q_tw walkers=50000 (38350000..38399999) steps=30 mode=0 sched=single-bucket delta_t=0 policy=0
rank=767 loaded data/768/stackoverflow_a2q_tw.sub767.txt (|V_local|=3127  t_range=[13817039,239681069])
rank=767 loaded routing data/768/stackoverflow_a2q_tw.rt767.txt (40 entries)
rank=727/768 dataset=stackoverflow_a2q_tw walkers=50000 (36350000..36399999) steps=30 mode=0 sched=single-bucket delta_t=0 policy=0
rank=727 loaded data/768/stackoverflow_a2q_tw.sub727.txt (|V_local|=3156  t_range=[4531186,239660523])
rank=727 loaded routing data/768/stackoverflow_a2q_tw.rt727.txt (2153 entries)
rank=727 added 10 boundary-only nodes from routing
rank=723/768 dataset=stackoverflow_a2q_tw walkers=50000 (36150000..36199999) steps=30 mode=0 sched=single-bucket delta_t=0 policy=0
rank=723 loaded data/768/stackoverflow_a2q_tw.sub723.txt (|V_local|=3147  t_range=[3674580,239653683])
rank=723 loaded routing data/768/stackoverflow_a2q_tw.rt723.txt (2157 entries)
rank=723 added 13 boundary-only nodes from routing
rank=721/768 dataset=stackoverflow_a2q_tw walkers=50000 (36050000..36099999) steps=30 mode=0 sched=single-bucket delta_t=0 policy=0
rank=721 loaded data/768/stackoverflow_a2q_tw.sub721.txt (|V_local|=3153  t_range=[3957467,239674115])
rank=721 loaded routing data/768/stackoverflow_a2q_tw.rt721.txt (2115 entries)
rank=721 added 5 boundary-only nodes from routing
rank=763/768 dataset=stackoverflow_a2q_tw walkers=50000 (38150000..38199999) steps=30 mode=0 sched=single-bucket delta_t=0 policy=0
rank=763 loaded data/768/stackoverflow_a2q_tw.sub763.txt (|V_local|=3158  t_range=[29361613,239662716])
rank=763 loaded routing data/768/stackoverflow_a2q_tw.rt763.txt (56 entries)
rank=724/768 dataset=stackoverflow_a2q_tw walkers=50000 (36200000..36249999) steps=30 mode=0 sched=single-bucket delta_t=0 policy=0
rank=724 loaded data/768/stackoverflow_a2q_tw.sub724.txt (|V_local|=3141  t_range=[2207862,239669930])
rank=724 loaded routing data/768/stackoverflow_a2q_tw.rt724.txt (2099 entries)
rank=724 added 14 boundary-only nodes from routing
rank=731/768 dataset=stackoverflow_a2q_tw walkers=50000 (36550000..36599999) steps=30 mode=0 sched=single-bucket delta_t=0 policy=0
rank=731 loaded data/768/stackoverflow_a2q_tw.sub731.txt (|V_local|=3158  t_range=[3696049,239694563])
rank=731 loaded routing data/768/stackoverflow_a2q_tw.rt731.txt (2186 entries)
rank=731 added 2 boundary-only nodes from routing
rank=722/768 dataset=stackoverflow_a2q_tw walkers=50000 (36100000..36149999) steps=30 mode=0 sched=single-bucket delta_t=0 policy=0
rank=722 loaded data/768/stackoverflow_a2q_tw.sub722.txt (|V_local|=3150  t_range=[9960666,239594837])
rank=722 loaded routing data/768/stackoverflow_a2q_tw.rt722.txt (1707 entries)
rank=722 added 3 boundary-only nodes from routing
rank=730/768 dataset=stackoverflow_a2q_tw walkers=50000 (36500000..36549999) steps=30 mode=0 sched=single-bucket delta_t=0 policy=0
rank=730 loaded data/768/stackoverflow_a2q_tw.sub730.txt (|V_local|=3151  t_range=[4139634,239679783])
rank=730 loaded routing data/768/stackoverflow_a2q_tw.rt730.txt (2070 entries)
rank=730 added 3 boundary-only nodes from routing
rank=726/768 dataset=stackoverflow_a2q_tw walkers=50000 (36300000..36349999) steps=30 mode=0 sched=single-bucket delta_t=0 policy=0
rank=726 loaded data/768/stackoverflow_a2q_tw.sub726.txt (|V_local|=3151  t_range=[4180341,239698704])
rank=726 loaded routing data/768/stackoverflow_a2q_tw.rt726.txt (2190 entries)
rank=726 added 7 boundary-only nodes from routing
rank=734/768 dataset=stackoverflow_a2q_tw walkers=50000 (36700000..36749999) steps=30 mode=0 sched=single-bucket delta_t=0 policy=0
rank=734 loaded data/768/stackoverflow_a2q_tw.sub734.txt (|V_local|=3157  t_range=[4132461,239671504])
rank=734 loaded routing data/768/stackoverflow_a2q_tw.rt734.txt (2004 entries)
rank=734 added 4 boundary-only nodes from routing
rank=753/768 dataset=stackoverflow_a2q_tw walkers=50000 (37650000..37699999) steps=30 mode=0 sched=single-bucket delta_t=0 policy=0
rank=753 loaded data/768/stackoverflow_a2q_tw.sub753.txt (|V_local|=3184  t_range=[4731496,239643526])
rank=753 loaded routing data/768/stackoverflow_a2q_tw.rt753.txt (37 entries)
rank=2/768 dataset=stackoverflow_a2q_tw walkers=50000 (100000..149999) steps=30 mode=0 sched=single-bucket delta_t=0 policy=0
rank=2 loaded data/768/stackoverflow_a2q_tw.sub2.txt (|V_local|=3256  t_range=[4100120,239686305])
rank=2 loaded routing data/768/stackoverflow_a2q_tw.rt2.txt (2184 entries)
rank=2 added 4 boundary-only nodes from routing
rank=1/768 dataset=stackoverflow_a2q_tw walkers=50000 (50000..99999) steps=30 mode=0 sched=single-bucket delta_t=0 policy=0
rank=1 loaded data/768/stackoverflow_a2q_tw.sub1.txt (|V_local|=3301  t_range=[3962567,239691980])
rank=1 loaded routing data/768/stackoverflow_a2q_tw.rt1.txt (2021 entries)
rank=1 added 2 boundary-only nodes from routing
rank=4/768 dataset=stackoverflow_a2q_tw walkers=50000 (200000..249999) steps=30 mode=0 sched=single-bucket delta_t=0 policy=0
rank=4 loaded data/768/stackoverflow_a2q_tw.sub4.txt (|V_local|=3305  t_range=[24346391,239697697])
rank=4 loaded routing data/768/stackoverflow_a2q_tw.rt4.txt (1883 entries)
rank=33/768 dataset=stackoverflow_a2q_tw walkers=50000 (1650000..1699999) steps=30 mode=0 sched=single-bucket delta_t=0 policy=0
rank=33 loaded data/768/stackoverflow_a2q_tw.sub33.txt (|V_local|=3155  t_range=[6987392,239634193])
rank=33 loaded routing data/768/stackoverflow_a2q_tw.rt33.txt (1992 entries)
rank=33 added 4 boundary-only nodes from routing
rank=3/768 dataset=stackoverflow_a2q_tw walkers=50000 (150000..199999) steps=30 mode=0 sched=single-bucket delta_t=0 policy=0
rank=3 loaded data/768/stackoverflow_a2q_tw.sub3.txt (|V_local|=3152  t_range=[3711865,239688099])
rank=3 loaded routing data/768/stackoverflow_a2q_tw.rt3.txt (2250 entries)
rank=3 added 3 boundary-only nodes from routing
rank=5/768 dataset=stackoverflow_a2q_tw walkers=50000 (250000..299999) steps=30 mode=0 sched=single-bucket delta_t=0 policy=0
rank=5 loaded data/768/stackoverflow_a2q_tw.sub5.txt (|V_local|=3285  t_range=[4051487,239675237])
rank=5 loaded routing data/768/stackoverflow_a2q_tw.rt5.txt (2165 entries)
rank=5 added 4 boundary-only nodes from routing
rank=7/768 dataset=stackoverflow_a2q_tw walkers=50000 (350000..399999) steps=30 mode=0 sched=single-bucket delta_t=0 policy=0
rank=7 loaded data/768/stackoverflow_a2q_tw.sub7.txt (|V_local|=3150  t_range=[8012434,239692743])
rank=7 loaded routing data/768/stackoverflow_a2q_tw.rt7.txt (2006 entries)
rank=7 added 5 boundary-only nodes from routing
rank=20/768 dataset=stackoverflow_a2q_tw walkers=50000 (1000000..1049999) steps=30 mode=0 sched=single-bucket delta_t=0 policy=0
rank=20 loaded data/768/stackoverflow_a2q_tw.sub20.txt (|V_local|=3177  t_range=[18643724,239697801])
rank=20 loaded routing data/768/stackoverflow_a2q_tw.rt20.txt (2025 entries)
rank=20 added 3 boundary-only nodes from routing
rank=27/768 dataset=stackoverflow_a2q_tw walkers=50000 (1350000..1399999) steps=30 mode=0 sched=single-bucket delta_t=0 policy=0
rank=27 loaded data/768/stackoverflow_a2q_tw.sub27.txt (|V_local|=3151  t_range=[2224713,239649349])
rank=27 loaded routing data/768/stackoverflow_a2q_tw.rt27.txt (1875 entries)
rank=27 added 4 boundary-only nodes from routing
rank=10/768 dataset=stackoverflow_a2q_tw walkers=50000 (500000..549999) steps=30 mode=0 sched=single-bucket delta_t=0 policy=0
rank=10 loaded data/768/stackoverflow_a2q_tw.sub10.txt (|V_local|=3301  t_range=[6015078,239695219])
rank=10 loaded routing data/768/stackoverflow_a2q_tw.rt10.txt (2162 entries)
rank=10 added 3 boundary-only nodes from routing
rank=29/768 dataset=stackoverflow_a2q_tw walkers=50000 (1450000..1499999) steps=30 mode=0 sched=single-bucket delta_t=0 policy=0
rank=29 loaded data/768/stackoverflow_a2q_tw.sub29.txt (|V_local|=3152  t_range=[16143247,239697890])
rank=29 loaded routing data/768/stackoverflow_a2q_tw.rt29.txt (1960 entries)
rank=29 added 2 boundary-only nodes from routing
rank=6/768 dataset=stackoverflow_a2q_tw walkers=50000 (300000..349999) steps=30 mode=0 sched=single-bucket delta_t=0 policy=0
rank=6 loaded data/768/stackoverflow_a2q_tw.sub6.txt (|V_local|=3149  t_range=[8288909,239697438])
rank=6 loaded routing data/768/stackoverflow_a2q_tw.rt6.txt (2200 entries)
rank=6 added 7 boundary-only nodes from routing
rank=16/768 dataset=stackoverflow_a2q_tw walkers=50000 (800000..849999) steps=30 mode=0 sched=single-bucket delta_t=0 policy=0
rank=16 loaded data/768/stackoverflow_a2q_tw.sub16.txt (|V_local|=3290  t_range=[198263,239579123])
rank=16 loaded routing data/768/stackoverflow_a2q_tw.rt16.txt (1981 entries)
rank=16 added 10 boundary-only nodes from routing
rank=8/768 dataset=stackoverflow_a2q_tw walkers=50000 (400000..449999) steps=30 mode=0 sched=single-bucket delta_t=0 policy=0
rank=8 loaded data/768/stackoverflow_a2q_tw.sub8.txt (|V_local|=3304  t_range=[26607288,239693583])
rank=8 loaded routing data/768/stackoverflow_a2q_tw.rt8.txt (2162 entries)
rank=47/768 dataset=stackoverflow_a2q_tw walkers=50000 (2350000..2399999) steps=30 mode=0 sched=single-bucket delta_t=0 policy=0
rank=47 loaded data/768/stackoverflow_a2q_tw.sub47.txt (|V_local|=3305  t_range=[10997264,239695858])
rank=47 loaded routing data/768/stackoverflow_a2q_tw.rt47.txt (1850 entries)
rank=32/768 dataset=stackoverflow_a2q_tw walkers=50000 (1600000..1649999) steps=30 mode=0 sched=single-bucket delta_t=0 policy=0
rank=32 loaded data/768/stackoverflow_a2q_tw.sub32.txt (|V_local|=3299  t_range=[5534360,239692601])
rank=32 loaded routing data/768/stackoverflow_a2q_tw.rt32.txt (1857 entries)
rank=32 added 4 boundary-only nodes from routing
rank=34/768 dataset=stackoverflow_a2q_tw walkers=50000 (1700000..1749999) steps=30 mode=0 sched=single-bucket delta_t=0 policy=0
rank=34 loaded data/768/stackoverflow_a2q_tw.sub34.txt (|V_local|=3303  t_range=[16727317,239696816])
rank=34 loaded routing data/768/stackoverflow_a2q_tw.rt34.txt (1335 entries)
rank=34 added 1 boundary-only nodes from routing
rank=22/768 dataset=stackoverflow_a2q_tw walkers=50000 (1100000..1149999) steps=30 mode=0 sched=single-bucket delta_t=0 policy=0
rank=22 loaded data/768/stackoverflow_a2q_tw.sub22.txt (|V_local|=3155  t_range=[1890156,239661359])
rank=22 loaded routing data/768/stackoverflow_a2q_tw.rt22.txt (1956 entries)
rank=22 added 7 boundary-only nodes from routing
rank=31/768 dataset=stackoverflow_a2q_tw walkers=50000 (1550000..1599999) steps=30 mode=0 sched=single-bucket delta_t=0 policy=0
rank=31 loaded data/768/stackoverflow_a2q_tw.sub31.txt (|V_local|=3154  t_range=[4731609,239690129])
rank=31 loaded routing data/768/stackoverflow_a2q_tw.rt31.txt (2037 entries)
rank=31 added 2 boundary-only nodes from routing
rank=28/768 dataset=stackoverflow_a2q_tw walkers=50000 (1400000..1449999) steps=30 mode=0 sched=single-bucket delta_t=0 policy=0
rank=28 loaded data/768/stackoverflow_a2q_tw.sub28.txt (|V_local|=3163  t_range=[17452303,239659328])
rank=28 loaded routing data/768/stackoverflow_a2q_tw.rt28.txt (1913 entries)
rank=28 added 1 boundary-only nodes from routing
rank=44/768 dataset=stackoverflow_a2q_tw walkers=50000 (2200000..2249999) steps=30 mode=0 sched=single-bucket delta_t=0 policy=0
rank=44 loaded data/768/stackoverflow_a2q_tw.sub44.txt (|V_local|=3297  t_range=[7257954,239693326])
rank=44 loaded routing data/768/stackoverflow_a2q_tw.rt44.txt (1765 entries)
rank=44 added 1 boundary-only nodes from routing
rank=36/768 dataset=stackoverflow_a2q_tw walkers=50000 (1800000..1849999) steps=30 mode=0 sched=single-bucket delta_t=0 policy=0
rank=36 loaded data/768/stackoverflow_a2q_tw.sub36.txt (|V_local|=3157  t_range=[4084404,239675646])
rank=36 loaded routing data/768/stackoverflow_a2q_tw.rt36.txt (2009 entries)
rank=36 added 4 boundary-only nodes from routing
rank=30/768 dataset=stackoverflow_a2q_tw walkers=50000 (1500000..1549999) steps=30 mode=0 sched=single-bucket delta_t=0 policy=0
rank=30 loaded data/768/stackoverflow_a2q_tw.sub30.txt (|V_local|=3148  t_range=[3941500,239638956])
rank=30 loaded routing data/768/stackoverflow_a2q_tw.rt30.txt (2130 entries)
rank=30 added 9 boundary-only nodes from routing
rank=14/768 dataset=stackoverflow_a2q_tw walkers=50000 (700000..749999) steps=30 mode=0 sched=single-bucket delta_t=0 policy=0
rank=531/768 dataset=stackoverflow_a2q_tw walkers=50000 (26550000..26599999) steps=30 mode=0 sched=single-bucket delta_t=0 policy=0
rank=531 loaded data/768/stackoverflow_a2q_tw.sub531.txt (|V_local|=3143  t_range=[3604526,239647709])
rank=531 loaded routing data/768/stackoverflow_a2q_tw.rt531.txt (2204 entries)
rank=531 added 10 boundary-only nodes from routing
rank=536/768 dataset=stackoverflow_a2q_tw walkers=50000 (26800000..26849999) steps=30 mode=0 sched=single-bucket delta_t=0 policy=0
rank=536 loaded data/768/stackoverflow_a2q_tw.sub536.txt (|V_local|=3151  t_range=[16264258,239678177])
rank=536 loaded routing data/768/stackoverflow_a2q_tw.rt536.txt (2072 entries)
rank=536 added 6 boundary-only nodes from routing
rank=544/768 dataset=stackoverflow_a2q_tw walkers=50000 (27200000..27249999) steps=30 mode=0 sched=single-bucket delta_t=0 policy=0
rank=544 loaded data/768/stackoverflow_a2q_tw.sub544.txt (|V_local|=3147  t_range=[4317455,239630932])
rank=544 loaded routing data/768/stackoverflow_a2q_tw.rt544.txt (2113 entries)
rank=544 added 11 boundary-only nodes from routing
rank=552/768 dataset=stackoverflow_a2q_tw walkers=50000 (27600000..27649999) steps=30 mode=0 sched=single-bucket delta_t=0 policy=0
rank=552 loaded data/768/stackoverflow_a2q_tw.sub552.txt (|V_local|=3144  t_range=[3961596,239674587])
rank=552 loaded routing data/768/stackoverflow_a2q_tw.rt552.txt (1888 entries)
rank=552 added 10 boundary-only nodes from routing
rank=530/768 dataset=stackoverflow_a2q_tw walkers=50000 (26500000..26549999) steps=30 mode=0 sched=single-bucket delta_t=0 policy=0
rank=530 loaded data/768/stackoverflow_a2q_tw.sub530.txt (|V_local|=3149  t_range=[6715412,239662517])
rank=530 loaded routing data/768/stackoverflow_a2q_tw.rt530.txt (2101 entries)
rank=530 added 9 boundary-only nodes from routing
rank=529/768 dataset=stackoverflow_a2q_tw walkers=50000 (26450000..26499999) steps=30 mode=0 sched=single-bucket delta_t=0 policy=0
rank=529 loaded data/768/stackoverflow_a2q_tw.sub529.txt (|V_local|=3165  t_range=[2079063,239632213])
rank=529 loaded routing data/768/stackoverflow_a2q_tw.rt529.txt (1632 entries)
rank=529 added 3 boundary-only nodes from routing
rank=569/768 dataset=stackoverflow_a2q_tw walkers=50000 (28450000..28499999) steps=30 mode=0 sched=single-bucket delta_t=0 policy=0
rank=569 loaded data/768/stackoverflow_a2q_tw.sub569.txt (|V_local|=3227  t_range=[4448712,239673197])
rank=569 loaded routing data/768/stackoverflow_a2q_tw.rt569.txt (1624 entries)
rank=569 added 2 boundary-only nodes from routing
rank=556/768 dataset=stackoverflow_a2q_tw walkers=50000 (27800000..27849999) steps=30 mode=0 sched=single-bucket delta_t=0 policy=0
rank=556 loaded data/768/stackoverflow_a2q_tw.sub556.txt (|V_local|=3304  t_range=[41613750,239672889])
rank=556 loaded routing data/768/stackoverflow_a2q_tw.rt556.txt (1368 entries)
rank=556 added 1 boundary-only nodes from routing
rank=548/768 dataset=stackoverflow_a2q_tw walkers=50000 (27400000..27449999) steps=30 mode=0 sched=single-bucket delta_t=0 policy=0
rank=548 loaded data/768/stackoverflow_a2q_tw.sub548.txt (|V_local|=3289  t_range=[28486497,239680606])
rank=548 loaded routing data/768/stackoverflow_a2q_tw.rt548.txt (1974 entries)
rank=548 added 14 boundary-only nodes from routing
rank=543/768 dataset=stackoverflow_a2q_tw walkers=50000 (27150000..27199999) steps=30 mode=0 sched=single-bucket delta_t=0 policy=0
rank=543 loaded data/768/stackoverflow_a2q_tw.sub543.txt (|V_local|=3157  t_range=[4051486,239678374])
rank=543 loaded routing data/768/stackoverflow_a2q_tw.rt543.txt (2153 entries)
rank=543 added 4 boundary-only nodes from routing
rank=539/768 dataset=stackoverflow_a2q_tw walkers=50000 (26950000..26999999) steps=30 mode=0 sched=single-bucket delta_t=0 policy=0
rank=539 loaded data/768/stackoverflow_a2q_tw.sub539.txt (|V_local|=3188  t_range=[2150863,239698783])
rank=539 loaded routing data/768/stackoverflow_a2q_tw.rt539.txt (1927 entries)
rank=539 added 1 boundary-only nodes from routing
rank=554/768 dataset=stackoverflow_a2q_tw walkers=50000 (27700000..27749999) steps=30 mode=0 sched=single-bucket delta_t=0 policy=0
rank=554 loaded data/768/stackoverflow_a2q_tw.sub554.txt (|V_local|=3296  t_range=[7026166,239644402])
rank=554 loaded routing data/768/stackoverflow_a2q_tw.rt554.txt (1913 entries)
rank=554 added 4 boundary-only nodes from routing
rank=550/768 dataset=stackoverflow_a2q_tw walkers=50000 (27500000..27549999) steps=30 mode=0 sched=single-bucket delta_t=0 policy=0
rank=550 loaded data/768/stackoverflow_a2q_tw.sub550.txt (|V_local|=3294  t_range=[3345083,239678075])
rank=550 loaded routing data/768/stackoverflow_a2q_tw.rt550.txt (1557 entries)
rank=550 added 10 boundary-only nodes from routing
rank=551/768 dataset=stackoverflow_a2q_tw walkers=50000 (27550000..27599999) steps=30 mode=0 sched=single-bucket delta_t=0 policy=0
rank=551 loaded data/768/stackoverflow_a2q_tw.sub551.txt (|V_local|=3299  t_range=[12945746,239687617])
rank=551 loaded routing data/768/stackoverflow_a2q_tw.rt551.txt (1536 entries)
rank=551 added 6 boundary-only nodes from routing
rank=534/768 dataset=stackoverflow_a2q_tw walkers=50000 (26700000..26749999) steps=30 mode=0 sched=single-bucket delta_t=0 policy=0
rank=534 loaded data/768/stackoverflow_a2q_tw.sub534.txt (|V_local|=3150  t_range=[4093422,239664954])
rank=534 loaded routing data/768/stackoverflow_a2q_tw.rt534.txt (2146 entries)
rank=534 added 8 boundary-only nodes from routing
rank=535/768 dataset=stackoverflow_a2q_tw walkers=50000 (26750000..26799999) steps=30 mode=0 sched=single-bucket delta_t=0 policy=0
rank=535 loaded data/768/stackoverflow_a2q_tw.sub535.txt (|V_local|=3155  t_range=[3639712,239651725])
rank=535 loaded routing data/768/stackoverflow_a2q_tw.rt535.txt (2154 entries)
rank=535 added 7 boundary-only nodes from routing
rank=537/768 dataset=stackoverflow_a2q_tw walkers=50000 (26850000..26899999) steps=30 mode=0 sched=single-bucket delta_t=0 policy=0
rank=537 loaded data/768/stackoverflow_a2q_tw.sub537.txt (|V_local|=3301  t_range=[2281032,239693779])
rank=537 loaded routing data/768/stackoverflow_a2q_tw.rt537.txt (1786 entries)
rank=537 added 2 boundary-only nodes from routing
rank=545/768 dataset=stackoverflow_a2q_tw walkers=50000 (27250000..27299999) steps=30 mode=0 sched=single-bucket delta_t=0 policy=0
rank=545 loaded data/768/stackoverflow_a2q_tw.sub545.txt (|V_local|=3158  t_range=[7119472,239675820])
rank=545 loaded routing data/768/stackoverflow_a2q_tw.rt545.txt (2130 entries)
rank=545 added 15 boundary-only nodes from routing
rank=533/768 dataset=stackoverflow_a2q_tw walkers=50000 (26650000..26699999) steps=30 mode=0 sched=single-bucket delta_t=0 policy=0
rank=533 loaded data/768/stackoverflow_a2q_tw.sub533.txt (|V_local|=3303  t_range=[4024705,239689391])
rank=533 loaded routing data/768/stackoverflow_a2q_tw.rt533.txt (1758 entries)
rank=533 added 2 boundary-only nodes from routing
rank=572/768 dataset=stackoverflow_a2q_tw walkers=50000 (28600000..28649999) steps=30 mode=0 sched=single-bucket delta_t=0 policy=0
rank=572 loaded data/768/stackoverflow_a2q_tw.sub572.txt (|V_local|=3305  t_range=[7850469,239672445])
rank=572 loaded routing data/768/stackoverflow_a2q_tw.rt572.txt (1802 entries)
rank=532/768 dataset=stackoverflow_a2q_tw walkers=50000 (26600000..26649999) steps=30 mode=0 sched=single-bucket delta_t=0 policy=0
rank=532 loaded data/768/stackoverflow_a2q_tw.sub532.txt (|V_local|=3139  t_range=[6959465,239662387])
rank=532 loaded routing data/768/stackoverflow_a2q_tw.rt532.txt (2117 entries)
rank=532 added 11 boundary-only nodes from routing
rank=547/768 dataset=stackoverflow_a2q_tw walkers=50000 (27350000..27399999) steps=30 mode=0 sched=single-bucket delta_t=0 policy=0
rank=547 loaded data/768/stackoverflow_a2q_tw.sub547.txt (|V_local|=3297  t_range=[34515356,239668968])
rank=547 loaded routing data/768/stackoverflow_a2q_tw.rt547.txt (1976 entries)
rank=547 added 7 boundary-only nodes from routing
rank=566/768 dataset=stackoverflow_a2q_tw walkers=50000 (28300000..28349999) steps=30 mode=0 sched=single-bucket delta_t=0 policy=0
rank=278 loaded data/768/stackoverflow_a2q_tw.sub278.txt (|V_local|=3153  t_range=[13993766,239698519])
rank=278 loaded routing data/768/stackoverflow_a2q_tw.rt278.txt (2021 entries)
rank=278 added 2 boundary-only nodes from routing
rank=280/768 dataset=stackoverflow_a2q_tw walkers=50000 (14000000..14049999) steps=30 mode=0 sched=single-bucket delta_t=0 policy=0
rank=280 loaded data/768/stackoverflow_a2q_tw.sub280.txt (|V_local|=3158  t_range=[2921838,239683220])
rank=280 loaded routing data/768/stackoverflow_a2q_tw.rt280.txt (1957 entries)
rank=280 added 3 boundary-only nodes from routing
rank=252/768 dataset=stackoverflow_a2q_tw walkers=50000 (12600000..12649999) steps=30 mode=0 sched=single-bucket delta_t=0 policy=0
rank=252 loaded data/768/stackoverflow_a2q_tw.sub252.txt (|V_local|=3151  t_range=[4146022,239695105])
rank=252 loaded routing data/768/stackoverflow_a2q_tw.rt252.txt (2186 entries)
rank=252 added 9 boundary-only nodes from routing
rank=268/768 dataset=stackoverflow_a2q_tw walkers=50000 (13400000..13449999) steps=30 mode=0 sched=single-bucket delta_t=0 policy=0
rank=268 loaded data/768/stackoverflow_a2q_tw.sub268.txt (|V_local|=3162  t_range=[3185534,239617562])
rank=268 loaded routing data/768/stackoverflow_a2q_tw.rt268.txt (2083 entries)
rank=268 added 3 boundary-only nodes from routing
rank=284/768 dataset=stackoverflow_a2q_tw walkers=50000 (14200000..14249999) steps=30 mode=0 sched=single-bucket delta_t=0 policy=0
rank=284 loaded data/768/stackoverflow_a2q_tw.sub284.txt (|V_local|=3300  t_range=[2840335,239567578])
rank=284 loaded routing data/768/stackoverflow_a2q_tw.rt284.txt (1581 entries)
rank=284 added 3 boundary-only nodes from routing
rank=267/768 dataset=stackoverflow_a2q_tw walkers=50000 (13350000..13399999) steps=30 mode=0 sched=single-bucket delta_t=0 policy=0
rank=267 loaded data/768/stackoverflow_a2q_tw.sub267.txt (|V_local|=3151  t_range=[913626,239654636])
rank=267 loaded routing data/768/stackoverflow_a2q_tw.rt267.txt (2080 entries)
rank=267 added 9 boundary-only nodes from routing
rank=256/768 dataset=stackoverflow_a2q_tw walkers=50000 (12800000..12849999) steps=30 mode=0 sched=single-bucket delta_t=0 policy=0
rank=256 loaded data/768/stackoverflow_a2q_tw.sub256.txt (|V_local|=3151  t_range=[2237551,239613270])
rank=256 loaded routing data/768/stackoverflow_a2q_tw.rt256.txt (2128 entries)
rank=256 added 3 boundary-only nodes from routing
rank=275/768 dataset=stackoverflow_a2q_tw walkers=50000 (13750000..13799999) steps=30 mode=0 sched=single-bucket delta_t=0 policy=0
rank=275 loaded data/768/stackoverflow_a2q_tw.sub275.txt (|V_local|=3282  t_range=[4887264,239634775])
rank=275 loaded routing data/768/stackoverflow_a2q_tw.rt275.txt (1627 entries)
rank=275 added 23 boundary-only nodes from routing
rank=271/768 dataset=stackoverflow_a2q_tw walkers=50000 (13550000..13599999) steps=30 mode=0 sched=single-bucket delta_t=0 policy=0
rank=271 loaded data/768/stackoverflow_a2q_tw.sub271.txt (|V_local|=3282  t_range=[1785838,239693455])
rank=271 loaded routing data/768/stackoverflow_a2q_tw.rt271.txt (1918 entries)
rank=271 added 2 boundary-only nodes from routing
rank=272/768 dataset=stackoverflow_a2q_tw walkers=50000 (13600000..13649999) steps=30 mode=0 sched=single-bucket delta_t=0 policy=0
rank=272 loaded data/768/stackoverflow_a2q_tw.sub272.txt (|V_local|=3303  t_range=[1639488,239673405])
rank=272 loaded routing data/768/stackoverflow_a2q_tw.rt272.txt (1790 entries)
rank=272 added 2 boundary-only nodes from routing
rank=254/768 dataset=stackoverflow_a2q_tw walkers=50000 (12700000..12749999) steps=30 mode=0 sched=single-bucket delta_t=0 policy=0
rank=254 loaded data/768/stackoverflow_a2q_tw.sub254.txt (|V_local|=3257  t_range=[4773808,239685132])
rank=254 loaded routing data/768/stackoverflow_a2q_tw.rt254.txt (1945 entries)
rank=254 added 2 boundary-only nodes from routing
rank=266/768 dataset=stackoverflow_a2q_tw walkers=50000 (13300000..13349999) steps=30 mode=0 sched=single-bucket delta_t=0 policy=0
rank=266 loaded data/768/stackoverflow_a2q_tw.sub266.txt (|V_local|=3156  t_range=[5346473,239687336])
rank=266 loaded routing data/768/stackoverflow_a2q_tw.rt266.txt (2064 entries)
rank=266 added 2 boundary-only nodes from routing
rank=260/768 dataset=stackoverflow_a2q_tw walkers=50000 (13000000..13049999) steps=30 mode=0 sched=single-bucket delta_t=0 policy=0
rank=260 loaded data/768/stackoverflow_a2q_tw.sub260.txt (|V_local|=3302  t_range=[4036537,239675198])
rank=260 loaded routing data/768/stackoverflow_a2q_tw.rt260.txt (1880 entries)
rank=260 added 3 boundary-only nodes from routing
rank=285/768 dataset=stackoverflow_a2q_tw walkers=50000 (14250000..14299999) steps=30 mode=0 sched=single-bucket delta_t=0 policy=0
rank=285 loaded data/768/stackoverflow_a2q_tw.sub285.txt (|V_local|=3150  t_range=[6886056,239563531])
rank=285 loaded routing data/768/stackoverflow_a2q_tw.rt285.txt (2067 entries)
rank=285 added 5 boundary-only nodes from routing
rank=274/768 dataset=stackoverflow_a2q_tw walkers=50000 (13700000..13749999) steps=30 mode=0 sched=single-bucket delta_t=0 policy=0
rank=274 loaded data/768/stackoverflow_a2q_tw.sub274.txt (|V_local|=3300  t_range=[2496671,239675175])
rank=274 loaded routing data/768/stackoverflow_a2q_tw.rt274.txt (1925 entries)
rank=274 added 5 boundary-only nodes from routing
rank=282/768 dataset=stackoverflow_a2q_tw walkers=50000 (14100000..14149999) steps=30 mode=0 sched=single-bucket delta_t=0 policy=0
rank=282 loaded data/768/stackoverflow_a2q_tw.sub282.txt (|V_local|=3164  t_range=[4144354,239613317])
rank=282 loaded routing data/768/stackoverflow_a2q_tw.rt282.txt (2053 entries)
rank=282 added 5 boundary-only nodes from routing
rank=248/768 dataset=stackoverflow_a2q_tw walkers=50000 (12400000..12449999) steps=30 mode=0 sched=single-bucket delta_t=0 policy=0
rank=248 loaded data/768/stackoverflow_a2q_tw.sub248.txt (|V_local|=3171  t_range=[1192456,239564040])
rank=248 loaded routing data/768/stackoverflow_a2q_tw.rt248.txt (1885 entries)
rank=248 added 1 boundary-only nodes from routing
rank=261/768 dataset=stackoverflow_a2q_tw walkers=50000 (13050000..13099999) steps=30 mode=0 sched=single-bucket delta_t=0 policy=0
rank=261 loaded data/768/stackoverflow_a2q_tw.sub261.txt (|V_local|=3151  t_range=[4198566,239675555])
rank=261 loaded routing data/768/stackoverflow_a2q_tw.rt261.txt (2105 entries)
rank=261 added 4 boundary-only nodes from routing
rank=286/768 dataset=stackoverflow_a2q_tw walkers=50000 (14300000..14349999) steps=30 mode=0 sched=single-bucket delta_t=0 policy=0
rank=286 loaded data/768/stackoverflow_a2q_tw.sub286.txt (|V_local|=3304  t_range=[3514660,239664368])
rank=286 loaded routing data/768/stackoverflow_a2q_tw.rt286.txt (1597 entries)
rank=276/768 dataset=stackoverflow_a2q_tw walkers=50000 (13800000..13849999) steps=30 mode=0 sched=single-bucket delta_t=0 policy=0
rank=276 loaded data/768/stackoverflow_a2q_tw.sub276.txt (|V_local|=3153  t_range=[2140240,239676138])
rank=276 loaded routing data/768/stackoverflow_a2q_tw.rt276.txt (1991 entries)
rank=276 added 10 boundary-only nodes from routing
rank=262/768 dataset=stackoverflow_a2q_tw walkers=50000 (13100000..13149999) steps=30 mode=0 sched=single-bucket delta_t=0 policy=0
rank=262 loaded data/768/stackoverflow_a2q_tw.sub262.txt (|V_local|=3302  t_range=[2254818,239657829])
rank=262 loaded routing data/768/stackoverflow_a2q_tw.rt262.txt (1793 entries)
rank=262 added 3 boundary-only nodes from routing
rank=270/768 dataset=stackoverflow_a2q_tw walkers=50000 (13500000..13549999) steps=30 mode=0 sched=single-bucket delta_t=0 policy=0
rank=270 loaded data/768/stackoverflow_a2q_tw.sub270.txt (|V_local|=3155  t_range=[2479480,239667461])
rank=270 loaded routing data/768/stackoverflow_a2q_tw.rt270.txt (2028 entries)
rank=270 added 3 boundary-only nodes from routing
rank=265/768 dataset=stackoverflow_a2q_tw walkers=50000 (13250000..13299999) steps=30 mode=0 sched=single-bucket delta_t=0 policy=0
rank=265 loaded data/768/stackoverflow_a2q_tw.sub265.txt (|V_local|=3139  t_range=[5231587,239646549])
rank=265 loaded routing data/768/stackoverflow_a2q_tw.rt265.txt (2057 entries)
rank=481/768 dataset=stackoverflow_a2q_tw walkers=50000 (24050000..24099999) steps=30 mode=0 sched=single-bucket delta_t=0 policy=0
rank=481 loaded data/768/stackoverflow_a2q_tw.sub481.txt (|V_local|=3303  t_range=[707256,239685821])
rank=481 loaded routing data/768/stackoverflow_a2q_tw.rt481.txt (1496 entries)
rank=481 added 1 boundary-only nodes from routing
rank=483/768 dataset=stackoverflow_a2q_tw walkers=50000 (24150000..24199999) steps=30 mode=0 sched=single-bucket delta_t=0 policy=0
rank=483 loaded data/768/stackoverflow_a2q_tw.sub483.txt (|V_local|=3293  t_range=[3629470,239554818])
rank=483 loaded routing data/768/stackoverflow_a2q_tw.rt483.txt (1771 entries)
rank=483 added 7 boundary-only nodes from routing
rank=503/768 dataset=stackoverflow_a2q_tw walkers=50000 (25150000..25199999) steps=30 mode=0 sched=single-bucket delta_t=0 policy=0
rank=503 loaded data/768/stackoverflow_a2q_tw.sub503.txt (|V_local|=3217  t_range=[2573939,239698816])
rank=503 loaded routing data/768/stackoverflow_a2q_tw.rt503.txt (2078 entries)
rank=503 added 3 boundary-only nodes from routing
rank=491/768 dataset=stackoverflow_a2q_tw walkers=50000 (24550000..24599999) steps=30 mode=0 sched=single-bucket delta_t=0 policy=0
rank=491 loaded data/768/stackoverflow_a2q_tw.sub491.txt (|V_local|=3303  t_range=[3162732,239676259])
rank=491 loaded routing data/768/stackoverflow_a2q_tw.rt491.txt (1844 entries)
rank=491 added 1 boundary-only nodes from routing
rank=514/768 dataset=stackoverflow_a2q_tw walkers=50000 (25700000..25749999) steps=30 mode=0 sched=single-bucket delta_t=0 policy=0
rank=514 loaded data/768/stackoverflow_a2q_tw.sub514.txt (|V_local|=3293  t_range=[5737787,239690496])
rank=514 loaded routing data/768/stackoverflow_a2q_tw.rt514.txt (1937 entries)
rank=514 added 4 boundary-only nodes from routing
rank=524/768 dataset=stackoverflow_a2q_tw walkers=50000 (26200000..26249999) steps=30 mode=0 sched=single-bucket delta_t=0 policy=0
rank=524 loaded data/768/stackoverflow_a2q_tw.sub524.txt (|V_local|=3219  t_range=[22929180,239692135])
rank=524 loaded routing data/768/stackoverflow_a2q_tw.rt524.txt (2173 entries)
rank=524 added 4 boundary-only nodes from routing
rank=501/768 dataset=stackoverflow_a2q_tw walkers=50000 (25050000..25099999) steps=30 mode=0 sched=single-bucket delta_t=0 policy=0
rank=501 loaded data/768/stackoverflow_a2q_tw.sub501.txt (|V_local|=3157  t_range=[19678168,239616936])
rank=501 loaded routing data/768/stackoverflow_a2q_tw.rt501.txt (2141 entries)
rank=501 added 2 boundary-only nodes from routing
rank=482/768 dataset=stackoverflow_a2q_tw walkers=50000 (24100000..24149999) steps=30 mode=0 sched=single-bucket delta_t=0 policy=0
rank=482 loaded data/768/stackoverflow_a2q_tw.sub482.txt (|V_local|=3148  t_range=[2051440,239633817])
rank=482 loaded routing data/768/stackoverflow_a2q_tw.rt482.txt (2097 entries)
rank=482 added 1 boundary-only nodes from routing
rank=498/768 dataset=stackoverflow_a2q_tw walkers=50000 (24900000..24949999) steps=30 mode=0 sched=single-bucket delta_t=0 policy=0
rank=498 loaded data/768/stackoverflow_a2q_tw.sub498.txt (|V_local|=3156  t_range=[3674670,239682862])
rank=498 loaded routing data/768/stackoverflow_a2q_tw.rt498.txt (2202 entries)
rank=498 added 7 boundary-only nodes from routing
rank=509/768 dataset=stackoverflow_a2q_tw walkers=50000 (25450000..25499999) steps=30 mode=0 sched=single-bucket delta_t=0 policy=0
rank=509 loaded data/768/stackoverflow_a2q_tw.sub509.txt (|V_local|=3151  t_range=[4059455,239665590])
rank=509 loaded routing data/768/stackoverflow_a2q_tw.rt509.txt (2109 entries)
rank=509 added 2 boundary-only nodes from routing
rank=486/768 dataset=stackoverflow_a2q_tw walkers=50000 (24300000..24349999) steps=30 mode=0 sched=single-bucket delta_t=0 policy=0
rank=486 loaded data/768/stackoverflow_a2q_tw.sub486.txt (|V_local|=3140  t_range=[3965780,239698639])
rank=486 loaded routing data/768/stackoverflow_a2q_tw.rt486.txt (2205 entries)
rank=486 added 16 boundary-only nodes from routing
rank=496/768 dataset=stackoverflow_a2q_tw walkers=50000 (24800000..24849999) steps=30 mode=0 sched=single-bucket delta_t=0 policy=0
rank=496 loaded data/768/stackoverflow_a2q_tw.sub496.txt (|V_local|=3150  t_range=[4117606,239682783])
rank=496 loaded routing data/768/stackoverflow_a2q_tw.rt496.txt (2002 entries)
rank=496 added 6 boundary-only nodes from routing
rank=487/768 dataset=stackoverflow_a2q_tw walkers=50000 (24350000..24399999) steps=30 mode=0 sched=single-bucket delta_t=0 policy=0
rank=487 loaded data/768/stackoverflow_a2q_tw.sub487.txt (|V_local|=3166  t_range=[9437453,239690306])
rank=487 loaded routing data/768/stackoverflow_a2q_tw.rt487.txt (1948 entries)
rank=487 added 4 boundary-only nodes from routing
rank=485/768 dataset=stackoverflow_a2q_tw walkers=50000 (24250000..24299999) steps=30 mode=0 sched=single-bucket delta_t=0 policy=0
rank=485 loaded data/768/stackoverflow_a2q_tw.sub485.txt (|V_local|=3303  t_range=[601221,239693167])
rank=485 loaded routing data/768/stackoverflow_a2q_tw.rt485.txt (1433 entries)
rank=485 added 2 boundary-only nodes from routing
rank=480/768 dataset=stackoverflow_a2q_tw walkers=50000 (24000000..24049999) steps=30 mode=0 sched=single-bucket delta_t=0 policy=0
rank=480 loaded data/768/stackoverflow_a2q_tw.sub480.txt (|V_local|=3156  t_range=[7331443,239691541])
rank=480 loaded routing data/768/stackoverflow_a2q_tw.rt480.txt (2189 entries)
rank=480 added 4 boundary-only nodes from routing
rank=502/768 dataset=stackoverflow_a2q_tw walkers=50000 (25100000..25149999) steps=30 mode=0 sched=single-bucket delta_t=0 policy=0
rank=502 loaded data/768/stackoverflow_a2q_tw.sub502.txt (|V_local|=3299  t_range=[5239490,239689662])
rank=502 loaded routing data/768/stackoverflow_a2q_tw.rt502.txt (2046 entries)
rank=502 added 2 boundary-only nodes from routing
rank=521/768 dataset=stackoverflow_a2q_tw walkers=50000 (26050000..26099999) steps=30 mode=0 sched=single-bucket delta_t=0 policy=0
rank=521 loaded data/768/stackoverflow_a2q_tw.sub521.txt (|V_local|=3214  t_range=[4623426,239691052])
rank=521 loaded routing data/768/stackoverflow_a2q_tw.rt521.txt (2188 entries)
rank=484/768 dataset=stackoverflow_a2q_tw walkers=50000 (24200000..24249999) steps=30 mode=0 sched=single-bucket delta_t=0 policy=0
rank=484 loaded data/768/stackoverflow_a2q_tw.sub484.txt (|V_local|=3300  t_range=[2776286,239673997])
rank=484 loaded routing data/768/stackoverflow_a2q_tw.rt484.txt (1406 entries)
rank=484 added 5 boundary-only nodes from routing
rank=510/768 dataset=stackoverflow_a2q_tw walkers=50000 (25500000..25549999) steps=30 mode=0 sched=single-bucket delta_t=0 policy=0
rank=510 loaded data/768/stackoverflow_a2q_tw.sub510.txt (|V_local|=3155  t_range=[4251359,239659729])
rank=510 loaded routing data/768/stackoverflow_a2q_tw.rt510.txt (1979 entries)
rank=510 added 5 boundary-only nodes from routing
rank=508/768 dataset=stackoverflow_a2q_tw walkers=50000 (25400000..25449999) steps=30 mode=0 sched=single-bucket delta_t=0 policy=0
rank=508 loaded data/768/stackoverflow_a2q_tw.sub508.txt (|V_local|=3300  t_range=[3960995,239692686])
rank=508 loaded routing data/768/stackoverflow_a2q_tw.rt508.txt (2018 entries)
rank=508 added 4 boundary-only nodes from routing
rank=527/768 dataset=stackoverflow_a2q_tw walkers=50000 (26350000..26399999) steps=30 mode=0 sched=single-bucket delta_t=0 policy=0
rank=527 loaded data/768/stackoverflow_a2q_tw.sub527.txt (|V_local|=3156  t_range=[5122732,239666562])
rank=527 loaded routing data/768/stackoverflow_a2q_tw.rt527.txt (2171 entries)
rank=527 added 4 boundary-only nodes from routing
rank=522/768 dataset=stackoverflow_a2q_tw walkers=50000 (26100000..26149999) steps=30 mode=0 sched=single-bucket delta_t=0 policy=0
rank=522 loaded data/768/stackoverflow_a2q_tw.sub522.txt (|V_local|=3159  t_range=[32551023,239684246])
rank=522 loaded routing data/768/stackoverflow_a2q_tw.rt522.txt (2009 entries)
rank=522 added 2 boundary-only nodes from routing
rank=488/768 dataset=stackoverflow_a2q_tw walkers=50000 (24400000..24449999) steps=30 mode=0 sched=single-bucket delta_t=0 policy=0
rank=156/768 dataset=stackoverflow_a2q_tw walkers=50000 (7800000..7849999) steps=30 mode=0 sched=single-bucket delta_t=0 policy=0
rank=156 loaded data/768/stackoverflow_a2q_tw.sub156.txt (|V_local|=3151  t_range=[11170727,239674703])
rank=156 loaded routing data/768/stackoverflow_a2q_tw.rt156.txt (2088 entries)
rank=156 added 3 boundary-only nodes from routing
rank=152/768 dataset=stackoverflow_a2q_tw walkers=50000 (7600000..7649999) steps=30 mode=0 sched=single-bucket delta_t=0 policy=0
rank=152 loaded data/768/stackoverflow_a2q_tw.sub152.txt (|V_local|=3155  t_range=[7921575,239678502])
rank=152 loaded routing data/768/stackoverflow_a2q_tw.rt152.txt (2133 entries)
rank=152 added 1 boundary-only nodes from routing
rank=146/768 dataset=stackoverflow_a2q_tw walkers=50000 (7300000..7349999) steps=30 mode=0 sched=single-bucket delta_t=0 policy=0
rank=146 loaded data/768/stackoverflow_a2q_tw.sub146.txt (|V_local|=3154  t_range=[2762995,239691639])
rank=146 loaded routing data/768/stackoverflow_a2q_tw.rt146.txt (2051 entries)
rank=146 added 6 boundary-only nodes from routing
rank=145/768 dataset=stackoverflow_a2q_tw walkers=50000 (7250000..7299999) steps=30 mode=0 sched=single-bucket delta_t=0 policy=0
rank=145 loaded data/768/stackoverflow_a2q_tw.sub145.txt (|V_local|=3150  t_range=[4319335,239698136])
rank=145 loaded routing data/768/stackoverflow_a2q_tw.rt145.txt (2081 entries)
rank=145 added 4 boundary-only nodes from routing
rank=169/768 dataset=stackoverflow_a2q_tw walkers=50000 (8450000..8499999) steps=30 mode=0 sched=single-bucket delta_t=0 policy=0
rank=169 loaded data/768/stackoverflow_a2q_tw.sub169.txt (|V_local|=3167  t_range=[8960825,239683603])
rank=169 loaded routing data/768/stackoverflow_a2q_tw.rt169.txt (2190 entries)
rank=169 added 2 boundary-only nodes from routing
rank=150/768 dataset=stackoverflow_a2q_tw walkers=50000 (7500000..7549999) steps=30 mode=0 sched=single-bucket delta_t=0 policy=0
rank=150 loaded data/768/stackoverflow_a2q_tw.sub150.txt (|V_local|=3151  t_range=[6957261,239695351])
rank=150 loaded routing data/768/stackoverflow_a2q_tw.rt150.txt (2179 entries)
rank=150 added 8 boundary-only nodes from routing
rank=188/768 dataset=stackoverflow_a2q_tw walkers=50000 (9400000..9449999) steps=30 mode=0 sched=single-bucket delta_t=0 policy=0
rank=188 loaded data/768/stackoverflow_a2q_tw.sub188.txt (|V_local|=3155  t_range=[14426650,239685660])
rank=188 loaded routing data/768/stackoverflow_a2q_tw.rt188.txt (2087 entries)
rank=188 added 3 boundary-only nodes from routing
rank=148/768 dataset=stackoverflow_a2q_tw walkers=50000 (7400000..7449999) steps=30 mode=0 sched=single-bucket delta_t=0 policy=0
rank=148 loaded data/768/stackoverflow_a2q_tw.sub148.txt (|V_local|=3154  t_range=[28217803,239684060])
rank=148 loaded routing data/768/stackoverflow_a2q_tw.rt148.txt (2084 entries)
rank=148 added 2 boundary-only nodes from routing
rank=147/768 dataset=stackoverflow_a2q_tw walkers=50000 (7350000..7399999) steps=30 mode=0 sched=single-bucket delta_t=0 policy=0
rank=147 loaded data/768/stackoverflow_a2q_tw.sub147.txt (|V_local|=3157  t_range=[8552940,239695278])
rank=147 loaded routing data/768/stackoverflow_a2q_tw.rt147.txt (2128 entries)
rank=147 added 3 boundary-only nodes from routing
rank=189/768 dataset=stackoverflow_a2q_tw walkers=50000 (9450000..9499999) steps=30 mode=0 sched=single-bucket delta_t=0 policy=0
rank=189 loaded data/768/stackoverflow_a2q_tw.sub189.txt (|V_local|=3156  t_range=[26720050,239685061])
rank=189 loaded routing data/768/stackoverflow_a2q_tw.rt189.txt (2223 entries)
rank=189 added 5 boundary-only nodes from routing
rank=153/768 dataset=stackoverflow_a2q_tw walkers=50000 (7650000..7699999) steps=30 mode=0 sched=single-bucket delta_t=0 policy=0
rank=153 loaded data/768/stackoverflow_a2q_tw.sub153.txt (|V_local|=3147  t_range=[5825044,239695897])
rank=153 loaded routing data/768/stackoverflow_a2q_tw.rt153.txt (2090 entries)
rank=153 added 9 boundary-only nodes from routing
rank=149/768 dataset=stackoverflow_a2q_tw walkers=50000 (7450000..7499999) steps=30 mode=0 sched=single-bucket delta_t=0 policy=0
rank=149 loaded data/768/stackoverflow_a2q_tw.sub149.txt (|V_local|=3201  t_range=[15445256,239647151])
rank=149 loaded routing data/768/stackoverflow_a2q_tw.rt149.txt (1816 entries)
rank=149 added 1 boundary-only nodes from routing
rank=304/768 dataset=stackoverflow_a2q_tw walkers=50000 (15200000..15249999) steps=30 mode=0 sched=single-bucket delta_t=0 policy=0
rank=304 loaded data/768/stackoverflow_a2q_tw.sub304.txt (|V_local|=3145  t_range=[3548420,239638376])
rank=304 loaded routing data/768/stackoverflow_a2q_tw.rt304.txt (1987 entries)
rank=304 added 14 boundary-only nodes from routing
rank=311/768 dataset=stackoverflow_a2q_tw walkers=50000 (15550000..15599999) steps=30 mode=0 sched=single-bucket delta_t=0 policy=0
rank=311 loaded data/768/stackoverflow_a2q_tw.sub311.txt (|V_local|=3298  t_range=[11716960,239690979])
rank=311 loaded routing data/768/stackoverflow_a2q_tw.rt311.txt (1647 entries)
rank=311 added 6 boundary-only nodes from routing
rank=294/768 dataset=stackoverflow_a2q_tw walkers=50000 (14700000..14749999) steps=30 mode=0 sched=single-bucket delta_t=0 policy=0
rank=294 loaded data/768/stackoverflow_a2q_tw.sub294.txt (|V_local|=3151  t_range=[5962982,239660279])
rank=294 loaded routing data/768/stackoverflow_a2q_tw.rt294.txt (2174 entries)
rank=294 added 6 boundary-only nodes from routing
rank=310/768 dataset=stackoverflow_a2q_tw walkers=50000 (15500000..15549999) steps=30 mode=0 sched=single-bucket delta_t=0 policy=0
rank=310 loaded data/768/stackoverflow_a2q_tw.sub310.txt (|V_local|=3229  t_range=[4643314,239650992])
rank=310 loaded routing data/768/stackoverflow_a2q_tw.rt310.txt (1790 entries)
rank=310 added 1 boundary-only nodes from routing
rank=315/768 dataset=stackoverflow_a2q_tw walkers=50000 (15750000..15799999) steps=30 mode=0 sched=single-bucket delta_t=0 policy=0
rank=315 loaded data/768/stackoverflow_a2q_tw.sub315.txt (|V_local|=3152  t_range=[4152939,239581340])
rank=315 loaded routing data/768/stackoverflow_a2q_tw.rt315.txt (2093 entries)
rank=315 added 8 boundary-only nodes from routing
rank=330/768 dataset=stackoverflow_a2q_tw walkers=50000 (16500000..16549999) steps=30 mode=0 sched=single-bucket delta_t=0 policy=0
rank=330 loaded data/768/stackoverflow_a2q_tw.sub330.txt (|V_local|=3152  t_range=[4736605,239628422])
rank=330 loaded routing data/768/stackoverflow_a2q_tw.rt330.txt (2014 entries)
rank=330 added 5 boundary-only nodes from routing
rank=308/768 dataset=stackoverflow_a2q_tw walkers=50000 (15400000..15449999) steps=30 mode=0 sched=single-bucket delta_t=0 policy=0
rank=308 loaded data/768/stackoverflow_a2q_tw.sub308.txt (|V_local|=3144  t_range=[19404598,239532451])
rank=308 loaded routing data/768/stackoverflow_a2q_tw.rt308.txt (2024 entries)
rank=308 added 9 boundary-only nodes from routing
rank=298/768 dataset=stackoverflow_a2q_tw walkers=50000 (14900000..14949999) steps=30 mode=0 sched=single-bucket delta_t=0 policy=0
rank=298 loaded data/768/stackoverflow_a2q_tw.sub298.txt (|V_local|=3304  t_range=[2819319,239632752])
rank=298 loaded routing data/768/stackoverflow_a2q_tw.rt298.txt (1678 entries)
rank=293/768 dataset=stackoverflow_a2q_tw walkers=50000 (14650000..14699999) steps=30 mode=0 sched=single-bucket delta_t=0 policy=0
rank=293 loaded data/768/stackoverflow_a2q_tw.sub293.txt (|V_local|=3303  t_range=[50856111,239695371])
rank=293 loaded routing data/768/stackoverflow_a2q_tw.rt293.txt (1294 entries)
rank=293 added 2 boundary-only nodes from routing
rank=335/768 dataset=stackoverflow_a2q_tw walkers=50000 (16750000..16799999) steps=30 mode=0 sched=single-bucket delta_t=0 policy=0
rank=335 loaded data/768/stackoverflow_a2q_tw.sub335.txt (|V_local|=3144  t_range=[4838300,239663425])
rank=335 loaded routing data/768/stackoverflow_a2q_tw.rt335.txt (2167 entries)
rank=335 added 10 boundary-only nodes from routing
rank=89/768 dataset=stackoverflow_a2q_tw walkers=50000 (4450000..4499999) steps=30 mode=0 sched=single-bucket delta_t=0 policy=0
rank=89 loaded data/768/stackoverflow_a2q_tw.sub89.txt (|V_local|=3161  t_range=[3435434,239682664])
rank=89 loaded routing data/768/stackoverflow_a2q_tw.rt89.txt (1975 entries)
rank=89 added 4 boundary-only nodes from routing
rank=53/768 dataset=stackoverflow_a2q_tw walkers=50000 (2650000..2699999) steps=30 mode=0 sched=single-bucket delta_t=0 policy=0
rank=53 loaded data/768/stackoverflow_a2q_tw.sub53.txt (|V_local|=3166  t_range=[2491740,239679216])
rank=53 loaded routing data/768/stackoverflow_a2q_tw.rt53.txt (2071 entries)
rank=53 added 6 boundary-only nodes from routing
rank=67/768 dataset=stackoverflow_a2q_tw walkers=50000 (3350000..3399999) steps=30 mode=0 sched=single-bucket delta_t=0 policy=0
rank=67 loaded data/768/stackoverflow_a2q_tw.sub67.txt (|V_local|=3148  t_range=[2909066,239646337])
rank=67 loaded routing data/768/stackoverflow_a2q_tw.rt67.txt (2129 entries)
rank=67 added 8 boundary-only nodes from routing
rank=81/768 dataset=stackoverflow_a2q_tw walkers=50000 (4050000..4099999) steps=30 mode=0 sched=single-bucket delta_t=0 policy=0
rank=81 loaded data/768/stackoverflow_a2q_tw.sub81.txt (|V_local|=3149  t_range=[2655650,239689050])
rank=81 loaded routing data/768/stackoverflow_a2q_tw.rt81.txt (2117 entries)
rank=81 added 12 boundary-only nodes from routing
rank=54/768 dataset=stackoverflow_a2q_tw walkers=50000 (2700000..2749999) steps=30 mode=0 sched=single-bucket delta_t=0 policy=0
rank=54 loaded data/768/stackoverflow_a2q_tw.sub54.txt (|V_local|=3157  t_range=[4051260,239544789])
rank=54 loaded routing data/768/stackoverflow_a2q_tw.rt54.txt (2120 entries)
rank=54 added 1 boundary-only nodes from routing
rank=50/768 dataset=stackoverflow_a2q_tw walkers=50000 (2500000..2549999) steps=30 mode=0 sched=single-bucket delta_t=0 policy=0
rank=50 loaded data/768/stackoverflow_a2q_tw.sub50.txt (|V_local|=3298  t_range=[4259479,239685462])
rank=50 loaded routing data/768/stackoverflow_a2q_tw.rt50.txt (1740 entries)
rank=50 added 4 boundary-only nodes from routing
rank=74/768 dataset=stackoverflow_a2q_tw walkers=50000 (3700000..3749999) steps=30 mode=0 sched=single-bucket delta_t=0 policy=0
rank=74 loaded data/768/stackoverflow_a2q_tw.sub74.txt (|V_local|=3234  t_range=[8288609,239681775])
rank=74 loaded routing data/768/stackoverflow_a2q_tw.rt74.txt (2006 entries)
rank=74 added 7 boundary-only nodes from routing
rank=76/768 dataset=stackoverflow_a2q_tw walkers=50000 (3800000..3849999) steps=30 mode=0 sched=single-bucket delta_t=0 policy=0
rank=76 loaded data/768/stackoverflow_a2q_tw.sub76.txt (|V_local|=3301  t_range=[1524584,239659972])
rank=76 loaded routing data/768/stackoverflow_a2q_tw.rt76.txt (1283 entries)
rank=76 added 3 boundary-only nodes from routing
rank=60/768 dataset=stackoverflow_a2q_tw walkers=50000 (3000000..3049999) steps=30 mode=0 sched=single-bucket delta_t=0 policy=0
rank=60 loaded data/768/stackoverflow_a2q_tw.sub60.txt (|V_local|=3298  t_range=[3331236,239670892])
rank=60 loaded routing data/768/stackoverflow_a2q_tw.rt60.txt (1708 entries)
rank=60 added 3 boundary-only nodes from routing
rank=48/768 dataset=stackoverflow_a2q_tw walkers=50000 (2400000..2449999) steps=30 mode=0 sched=single-bucket delta_t=0 policy=0
rank=48 loaded data/768/stackoverflow_a2q_tw.sub48.txt (|V_local|=3151  t_range=[9419203,239621929])
rank=48 loaded routing data/768/stackoverflow_a2q_tw.rt48.txt (2061 entries)
rank=48 added 2 boundary-only nodes from routing
rank=49/768 dataset=stackoverflow_a2q_tw walkers=50000 (2450000..2499999) steps=30 mode=0 sched=single-bucket delta_t=0 policy=0
rank=49 loaded data/768/stackoverflow_a2q_tw.sub49.txt (|V_local|=3303  t_range=[22848030,239671827])
rank=49 loaded routing data/768/stackoverflow_a2q_tw.rt49.txt (1645 entries)
rank=49 added 2 boundary-only nodes from routing
rank=71/768 dataset=stackoverflow_a2q_tw walkers=50000 (3550000..3599999) steps=30 mode=0 sched=single-bucket delta_t=0 policy=0
rank=71 loaded data/768/stackoverflow_a2q_tw.sub71.txt (|V_local|=3302  t_range=[7836053,239554053])
rank=71 loaded routing data/768/stackoverflow_a2q_tw.rt71.txt (1901 entries)
rank=71 added 2 boundary-only nodes from routing
rank=84/768 dataset=stackoverflow_a2q_tw walkers=50000 (4200000..4249999) steps=30 mode=0 sched=single-bucket delta_t=0 policy=0
rank=84 loaded data/768/stackoverflow_a2q_tw.sub84.txt (|V_local|=3145  t_range=[4649714,239658348])
rank=84 loaded routing data/768/stackoverflow_a2q_tw.rt84.txt (2141 entries)
rank=84 added 8 boundary-only nodes from routing
rank=72/768 dataset=stackoverflow_a2q_tw walkers=50000 (3600000..3649999) steps=30 mode=0 sched=single-bucket delta_t=0 policy=0
rank=72 loaded data/768/stackoverflow_a2q_tw.sub72.txt (|V_local|=3181  t_range=[1048569,239667251])
rank=72 loaded routing data/768/stackoverflow_a2q_tw.rt72.txt (1818 entries)
rank=72 added 5 boundary-only nodes from routing
rank=51/768 dataset=stackoverflow_a2q_tw walkers=50000 (2550000..2599999) steps=30 mode=0 sched=single-bucket delta_t=0 policy=0
rank=51 loaded data/768/stackoverflow_a2q_tw.sub51.txt (|V_local|=3154  t_range=[14834808,239670367])
rank=51 loaded routing data/768/stackoverflow_a2q_tw.rt51.txt (2061 entries)
rank=51 added 4 boundary-only nodes from routing
rank=68/768 dataset=stackoverflow_a2q_tw walkers=50000 (3400000..3449999) steps=30 mode=0 sched=single-bucket delta_t=0 policy=0
rank=68 loaded data/768/stackoverflow_a2q_tw.sub68.txt (|V_local|=3303  t_range=[3205695,239663737])
rank=68 loaded routing data/768/stackoverflow_a2q_tw.rt68.txt (1573 entries)
rank=68 added 1 boundary-only nodes from routing
rank=87/768 dataset=stackoverflow_a2q_tw walkers=50000 (4350000..4399999) steps=30 mode=0 sched=single-bucket delta_t=0 policy=0
rank=87 loaded data/768/stackoverflow_a2q_tw.sub87.txt (|V_local|=3146  t_range=[2756618,239607216])
rank=87 loaded routing data/768/stackoverflow_a2q_tw.rt87.txt (2122 entries)
rank=87 added 7 boundary-only nodes from routing
rank=56/768 dataset=stackoverflow_a2q_tw walkers=50000 (2800000..2849999) steps=30 mode=0 sched=single-bucket delta_t=0 policy=0
rank=56 loaded data/768/stackoverflow_a2q_tw.sub56.txt (|V_local|=3291  t_range=[17003434,239663521])
rank=56 loaded routing data/768/stackoverflow_a2q_tw.rt56.txt (1965 entries)
rank=56 added 2 boundary-only nodes from routing
rank=57/768 dataset=stackoverflow_a2q_tw walkers=50000 (2850000..2899999) steps=30 mode=0 sched=single-bucket delta_t=0 policy=0
rank=57 loaded data/768/stackoverflow_a2q_tw.sub57.txt (|V_local|=3155  t_range=[4549377,239673312])
rank=57 loaded routing data/768/stackoverflow_a2q_tw.rt57.txt (2149 entries)
rank=57 added 1 boundary-only nodes from routing
rank=64/768 dataset=stackoverflow_a2q_tw walkers=50000 (3200000..3249999) steps=30 mode=0 sched=single-bucket delta_t=0 policy=0
rank=64 loaded data/768/stackoverflow_a2q_tw.sub64.txt (|V_local|=3161  t_range=[25308723,239656678])
rank=64 loaded routing data/768/stackoverflow_a2q_tw.rt64.txt (2146 entries)
rank=64 added 2 boundary-only nodes from routing
rank=52/768 dataset=stackoverflow_a2q_tw walkers=50000 (2600000..2649999) steps=30 mode=0 sched=single-bucket delta_t=0 policy=0
rank=52 loaded data/768/stackoverflow_a2q_tw.sub52.txt (|V_local|=3303  t_range=[4735496,239698329])
rank=52 loaded routing data/768/stackoverflow_a2q_tw.rt52.txt (1833 entries)
rank=52 added 2 boundary-only nodes from routing
rank=90/768 dataset=stackoverflow_a2q_tw walkers=50000 (4500000..4549999) steps=30 mode=0 sched=single-bucket delta_t=0 policy=0
rank=90 loaded data/768/stackoverflow_a2q_tw.sub90.txt (|V_local|=3156  t_range=[4027060,239454908])
rank=90 loaded routing data/768/stackoverflow_a2q_tw.rt90.txt (2082 entries)
rank=90 added 5 boundary-only nodes from routing
rank=59/768 dataset=stackoverflow_a2q_tw walkers=50000 (2950000..2999999) steps=30 mode=0 sched=single-bucket delta_t=0 policy=0
rank=59 loaded data/768/stackoverflow_a2q_tw.sub59.txt (|V_local|=3298  t_range=[26713082,239653943])
rank=59 loaded routing data/768/stackoverflow_a2q_tw.rt59.txt (1825 entries)
rank=232/768 dataset=stackoverflow_a2q_tw walkers=50000 (11600000..11649999) steps=30 mode=0 sched=single-bucket delta_t=0 policy=0
rank=232 loaded data/768/stackoverflow_a2q_tw.sub232.txt (|V_local|=3297  t_range=[1116191,239585899])
rank=232 loaded routing data/768/stackoverflow_a2q_tw.rt232.txt (1693 entries)
rank=232 added 6 boundary-only nodes from routing
rank=235/768 dataset=stackoverflow_a2q_tw walkers=50000 (11750000..11799999) steps=30 mode=0 sched=single-bucket delta_t=0 policy=0
rank=235 loaded data/768/stackoverflow_a2q_tw.sub235.txt (|V_local|=3303  t_range=[2303244,239674664])
rank=235 loaded routing data/768/stackoverflow_a2q_tw.rt235.txt (1690 entries)
rank=235 added 2 boundary-only nodes from routing
rank=216/768 dataset=stackoverflow_a2q_tw walkers=50000 (10800000..10849999) steps=30 mode=0 sched=single-bucket delta_t=0 policy=0
rank=216 loaded data/768/stackoverflow_a2q_tw.sub216.txt (|V_local|=3281  t_range=[4097269,239579567])
rank=216 loaded routing data/768/stackoverflow_a2q_tw.rt216.txt (1824 entries)
rank=216 added 23 boundary-only nodes from routing
rank=123/768 dataset=stackoverflow_a2q_tw walkers=50000 (6150000..6199999) steps=30 mode=0 sched=single-bucket delta_t=0 policy=0
rank=123 loaded data/768/stackoverflow_a2q_tw.sub123.txt (|V_local|=3153  t_range=[12417867,239672539])
rank=123 loaded routing data/768/stackoverflow_a2q_tw.rt123.txt (2179 entries)
rank=123 added 7 boundary-only nodes from routing
rank=98/768 dataset=stackoverflow_a2q_tw walkers=50000 (4900000..4949999) steps=30 mode=0 sched=single-bucket delta_t=0 policy=0
rank=98 loaded data/768/stackoverflow_a2q_tw.sub98.txt (|V_local|=3168  t_range=[11288840,239675165])
rank=98 loaded routing data/768/stackoverflow_a2q_tw.rt98.txt (2038 entries)
rank=98 added 2 boundary-only nodes from routing
rank=130/768 dataset=stackoverflow_a2q_tw walkers=50000 (6500000..6549999) steps=30 mode=0 sched=single-bucket delta_t=0 policy=0
rank=130 loaded data/768/stackoverflow_a2q_tw.sub130.txt (|V_local|=3156  t_range=[4755822,239667548])
rank=130 loaded routing data/768/stackoverflow_a2q_tw.rt130.txt (2204 entries)
rank=130 added 2 boundary-only nodes from routing
rank=114/768 dataset=stackoverflow_a2q_tw walkers=50000 (5700000..5749999) steps=30 mode=0 sched=single-bucket delta_t=0 policy=0
rank=114 loaded data/768/stackoverflow_a2q_tw.sub114.txt (|V_local|=3151  t_range=[4784491,239695848])
rank=114 loaded routing data/768/stackoverflow_a2q_tw.rt114.txt (2206 entries)
rank=114 added 4 boundary-only nodes from routing
rank=128/768 dataset=stackoverflow_a2q_tw walkers=50000 (6400000..6449999) steps=30 mode=0 sched=single-bucket delta_t=0 policy=0
rank=128 loaded data/768/stackoverflow_a2q_tw.sub128.txt (|V_local|=3305  t_range=[41649345,239620173])
rank=128 loaded routing data/768/stackoverflow_a2q_tw.rt128.txt (1645 entries)
rank=132/768 dataset=stackoverflow_a2q_tw walkers=50000 (6600000..6649999) steps=30 mode=0 sched=single-bucket delta_t=0 policy=0
rank=132 loaded data/768/stackoverflow_a2q_tw.sub132.txt (|V_local|=3156  t_range=[30521662,239647448])
rank=132 loaded routing data/768/stackoverflow_a2q_tw.rt132.txt (2279 entries)
rank=132 added 1 boundary-only nodes from routing
rank=131/768 dataset=stackoverflow_a2q_tw walkers=50000 (6550000..6599999) steps=30 mode=0 sched=single-bucket delta_t=0 policy=0
rank=131 loaded data/768/stackoverflow_a2q_tw.sub131.txt (|V_local|=3150  t_range=[3968204,239667842])
rank=131 loaded routing data/768/stackoverflow_a2q_tw.rt131.txt (2096 entries)
rank=131 added 8 boundary-only nodes from routing
rank=102/768 dataset=stackoverflow_a2q_tw walkers=50000 (5100000..5149999) steps=30 mode=0 sched=single-bucket delta_t=0 policy=0
rank=102 loaded data/768/stackoverflow_a2q_tw.sub102.txt (|V_local|=3157  t_range=[11472506,239681958])
rank=102 loaded routing data/768/stackoverflow_a2q_tw.rt102.txt (2248 entries)
rank=102 added 2 boundary-only nodes from routing
rank=142/768 dataset=stackoverflow_a2q_tw walkers=50000 (7100000..7149999) steps=30 mode=0 sched=single-bucket delta_t=0 policy=0
rank=142 loaded data/768/stackoverflow_a2q_tw.sub142.txt (|V_local|=3189  t_range=[17530674,239697292])
rank=142 loaded routing data/768/stackoverflow_a2q_tw.rt142.txt (2105 entries)
rank=99/768 dataset=stackoverflow_a2q_tw walkers=50000 (4950000..4999999) steps=30 mode=0 sched=single-bucket delta_t=0 policy=0
rank=99 loaded data/768/stackoverflow_a2q_tw.sub99.txt (|V_local|=3158  t_range=[10338426,239658872])
rank=99 loaded routing data/768/stackoverflow_a2q_tw.rt99.txt (2213 entries)
rank=99 added 2 boundary-only nodes from routing
rank=138/768 dataset=stackoverflow_a2q_tw walkers=50000 (6900000..6949999) steps=30 mode=0 sched=single-bucket delta_t=0 policy=0
rank=138 loaded data/768/stackoverflow_a2q_tw.sub138.txt (|V_local|=3162  t_range=[13816030,239624850])
rank=138 loaded routing data/768/stackoverflow_a2q_tw.rt138.txt (2185 entries)
rank=138 added 1 boundary-only nodes from routing
rank=134/768 dataset=stackoverflow_a2q_tw walkers=50000 (6700000..6749999) steps=30 mode=0 sched=single-bucket delta_t=0 policy=0
rank=134 loaded data/768/stackoverflow_a2q_tw.sub134.txt (|V_local|=3164  t_range=[37470094,239693020])
rank=134 loaded routing data/768/stackoverflow_a2q_tw.rt134.txt (2179 entries)
rank=134 added 2 boundary-only nodes from routing
rank=109/768 dataset=stackoverflow_a2q_tw walkers=50000 (5450000..5499999) steps=30 mode=0 sched=single-bucket delta_t=0 policy=0
rank=109 loaded data/768/stackoverflow_a2q_tw.sub109.txt (|V_local|=3302  t_range=[12077101,239680831])
rank=109 loaded routing data/768/stackoverflow_a2q_tw.rt109.txt (2055 entries)
rank=109 added 1 boundary-only nodes from routing
rank=141/768 dataset=stackoverflow_a2q_tw walkers=50000 (7050000..7099999) steps=30 mode=0 sched=single-bucket delta_t=0 policy=0
rank=141 loaded data/768/stackoverflow_a2q_tw.sub141.txt (|V_local|=3214  t_range=[15805624,239680160])
rank=141 loaded routing data/768/stackoverflow_a2q_tw.rt141.txt (1997 entries)
rank=141 added 3 boundary-only nodes from routing
rank=143/768 dataset=stackoverflow_a2q_tw walkers=50000 (7150000..7199999) steps=30 mode=0 sched=single-bucket delta_t=0 policy=0
rank=143 loaded data/768/stackoverflow_a2q_tw.sub143.txt (|V_local|=3151  t_range=[14807138,239686572])
rank=143 loaded routing data/768/stackoverflow_a2q_tw.rt143.txt (2110 entries)
rank=143 added 6 boundary-only nodes from routing
rank=103/768 dataset=stackoverflow_a2q_tw walkers=50000 (5150000..5199999) steps=30 mode=0 sched=single-bucket delta_t=0 policy=0
rank=103 loaded data/768/stackoverflow_a2q_tw.sub103.txt (|V_local|=3164  t_range=[3989090,239687446])
rank=103 loaded routing data/768/stackoverflow_a2q_tw.rt103.txt (2100 entries)
rank=103 added 2 boundary-only nodes from routing
rank=137/768 dataset=stackoverflow_a2q_tw walkers=50000 (6850000..6899999) steps=30 mode=0 sched=single-bucket delta_t=0 policy=0
rank=137 loaded data/768/stackoverflow_a2q_tw.sub137.txt (|V_local|=3292  t_range=[41882836,239644457])
rank=137 loaded routing data/768/stackoverflow_a2q_tw.rt137.txt (1932 entries)
rank=137 added 3 boundary-only nodes from routing
rank=133/768 dataset=stackoverflow_a2q_tw walkers=50000 (6650000..6699999) steps=30 mode=0 sched=single-bucket delta_t=0 policy=0
rank=133 loaded data/768/stackoverflow_a2q_tw.sub133.txt (|V_local|=3304  t_range=[16737795,239634158])
rank=133 loaded routing data/768/stackoverflow_a2q_tw.rt133.txt (1944 entries)
rank=140/768 dataset=stackoverflow_a2q_tw walkers=50000 (7000000..7049999) steps=30 mode=0 sched=single-bucket delta_t=0 policy=0
rank=140 loaded data/768/stackoverflow_a2q_tw.sub140.txt (|V_local|=3151  t_range=[3093727,239685844])
rank=140 loaded routing data/768/stackoverflow_a2q_tw.rt140.txt (2167 entries)
rank=140 added 4 boundary-only nodes from routing
rank=112/768 dataset=stackoverflow_a2q_tw walkers=50000 (5600000..5649999) steps=30 mode=0 sched=single-bucket delta_t=0 policy=0
rank=112 loaded data/768/stackoverflow_a2q_tw.sub112.txt (|V_local|=3285  t_range=[2265210,239695626])
rank=112 loaded routing data/768/stackoverflow_a2q_tw.rt112.txt (1978 entries)
rank=112 added 6 boundary-only nodes from routing
rank=115/768 dataset=stackoverflow_a2q_tw walkers=50000 (5750000..5799999) steps=30 mode=0 sched=single-bucket delta_t=0 policy=0
rank=115 loaded data/768/stackoverflow_a2q_tw.sub115.txt (|V_local|=3152  t_range=[6549856,239683692])
rank=115 loaded routing data/768/stackoverflow_a2q_tw.rt115.txt (1976 entries)
rank=115 added 1 boundary-only nodes from routing
rank=117/768 dataset=stackoverflow_a2q_tw walkers=50000 (5850000..5899999) steps=30 mode=0 sched=single-bucket delta_t=0 policy=0
rank=117 loaded data/768/stackoverflow_a2q_tw.sub117.txt (|V_local|=3153  t_range=[4115676,239631194])
rank=117 loaded routing data/768/stackoverflow_a2q_tw.rt117.txt (2039 entries)
rank=117 added 7 boundary-only nodes from routing
rank=135/768 dataset=stackoverflow_a2q_tw walkers=50000 (6750000..6799999) steps=30 mode=0 sched=single-bucket delta_t=0 policy=0
rank=135 loaded data/768/stackoverflow_a2q_tw.sub135.txt (|V_local|=3152  t_range=[3222861,239639405])
rank=135 loaded routing data/768/stackoverflow_a2q_tw.rt135.txt (2196 entries)
rank=135 added 4 boundary-only nodes from routing
rank=635/768 dataset=stackoverflow_a2q_tw walkers=50000 (31750000..31799999) steps=30 mode=0 sched=single-bucket delta_t=0 policy=0
rank=635 loaded data/768/stackoverflow_a2q_tw.sub635.txt (|V_local|=3301  t_range=[15716159,239587417])
rank=635 loaded routing data/768/stackoverflow_a2q_tw.rt635.txt (2025 entries)
rank=635 added 2 boundary-only nodes from routing
rank=660/768 dataset=stackoverflow_a2q_tw walkers=50000 (33000000..33049999) steps=30 mode=0 sched=single-bucket delta_t=0 policy=0
rank=660 loaded data/768/stackoverflow_a2q_tw.sub660.txt (|V_local|=3161  t_range=[2955858,239667667])
rank=660 loaded routing data/768/stackoverflow_a2q_tw.rt660.txt (2096 entries)
rank=660 added 3 boundary-only nodes from routing
rank=646/768 dataset=stackoverflow_a2q_tw walkers=50000 (32300000..32349999) steps=30 mode=0 sched=single-bucket delta_t=0 policy=0
rank=646 loaded data/768/stackoverflow_a2q_tw.sub646.txt (|V_local|=3232  t_range=[24400499,239639663])
rank=646 loaded routing data/768/stackoverflow_a2q_tw.rt646.txt (2054 entries)
rank=646 added 5 boundary-only nodes from routing
rank=641/768 dataset=stackoverflow_a2q_tw walkers=50000 (32050000..32099999) steps=30 mode=0 sched=single-bucket delta_t=0 policy=0
rank=641 loaded data/768/stackoverflow_a2q_tw.sub641.txt (|V_local|=3153  t_range=[3969001,239623538])
rank=641 loaded routing data/768/stackoverflow_a2q_tw.rt641.txt (2050 entries)
rank=641 added 6 boundary-only nodes from routing
rank=656/768 dataset=stackoverflow_a2q_tw walkers=50000 (32800000..32849999) steps=30 mode=0 sched=single-bucket delta_t=0 policy=0
rank=656 loaded data/768/stackoverflow_a2q_tw.sub656.txt (|V_local|=3193  t_range=[26470467,239688717])
rank=656 loaded routing data/768/stackoverflow_a2q_tw.rt656.txt (2006 entries)
rank=656 added 1 boundary-only nodes from routing
rank=659/768 dataset=stackoverflow_a2q_tw walkers=50000 (32950000..32999999) steps=30 mode=0 sched=single-bucket delta_t=0 policy=0
rank=659 loaded data/768/stackoverflow_a2q_tw.sub659.txt (|V_local|=3252  t_range=[11554451,239674631])
rank=659 loaded routing data/768/stackoverflow_a2q_tw.rt659.txt (2171 entries)
rank=583 loaded routing data/768/stackoverflow_a2q_tw.rt583.txt (1692 entries)
rank=583 added 2 boundary-only nodes from routing
rank=690/768 dataset=stackoverflow_a2q_tw walkers=50000 (34500000..34549999) steps=30 mode=0 sched=single-bucket delta_t=0 policy=0
rank=690 loaded data/768/stackoverflow_a2q_tw.sub690.txt (|V_local|=3151  t_range=[3674706,239660259])
rank=690 loaded routing data/768/stackoverflow_a2q_tw.rt690.txt (2168 entries)
rank=690 added 3 boundary-only nodes from routing
rank=718/768 dataset=stackoverflow_a2q_tw walkers=50000 (35900000..35949999) steps=30 mode=0 sched=single-bucket delta_t=0 policy=0
rank=718 loaded data/768/stackoverflow_a2q_tw.sub718.txt (|V_local|=3301  t_range=[3720353,239694900])
rank=718 loaded routing data/768/stackoverflow_a2q_tw.rt718.txt (1853 entries)
rank=718 added 3 boundary-only nodes from routing
rank=685/768 dataset=stackoverflow_a2q_tw walkers=50000 (34250000..34299999) steps=30 mode=0 sched=single-bucket delta_t=0 policy=0
rank=685 loaded data/768/stackoverflow_a2q_tw.sub685.txt (|V_local|=3271  t_range=[6741854,239679581])
rank=685 loaded routing data/768/stackoverflow_a2q_tw.rt685.txt (2142 entries)
rank=685 added 10 boundary-only nodes from routing
rank=716/768 dataset=stackoverflow_a2q_tw walkers=50000 (35800000..35849999) steps=30 mode=0 sched=single-bucket delta_t=0 policy=0
rank=716 loaded data/768/stackoverflow_a2q_tw.sub716.txt (|V_local|=3301  t_range=[14483414,239687288])
rank=716 loaded routing data/768/stackoverflow_a2q_tw.rt716.txt (2264 entries)
rank=716 added 2 boundary-only nodes from routing
rank=693/768 dataset=stackoverflow_a2q_tw walkers=50000 (34650000..34699999) steps=30 mode=0 sched=single-bucket delta_t=0 policy=0
rank=693 loaded data/768/stackoverflow_a2q_tw.sub693.txt (|V_local|=3149  t_range=[1270856,239652728])
rank=693 loaded routing data/768/stackoverflow_a2q_tw.rt693.txt (2167 entries)
rank=693 added 13 boundary-only nodes from routing
rank=688/768 dataset=stackoverflow_a2q_tw walkers=50000 (34400000..34449999) steps=30 mode=0 sched=single-bucket delta_t=0 policy=0
rank=688 loaded data/768/stackoverflow_a2q_tw.sub688.txt (|V_local|=3302  t_range=[3329795,239624983])
rank=688 loaded routing data/768/stackoverflow_a2q_tw.rt688.txt (1865 entries)
rank=688 added 2 boundary-only nodes from routing
rank=707/768 dataset=stackoverflow_a2q_tw walkers=50000 (35350000..35399999) steps=30 mode=0 sched=single-bucket delta_t=0 policy=0
rank=707 loaded data/768/stackoverflow_a2q_tw.sub707.txt (|V_local|=3253  t_range=[24418267,239693587])
rank=707 loaded routing data/768/stackoverflow_a2q_tw.rt707.txt (2156 entries)
rank=707 added 5 boundary-only nodes from routing
rank=699/768 dataset=stackoverflow_a2q_tw walkers=50000 (34950000..34999999) steps=30 mode=0 sched=single-bucket delta_t=0 policy=0
rank=699 loaded data/768/stackoverflow_a2q_tw.sub699.txt (|V_local|=3146  t_range=[15111894,239680961])
rank=699 loaded routing data/768/stackoverflow_a2q_tw.rt699.txt (2192 entries)
rank=699 added 3 boundary-only nodes from routing
rank=689/768 dataset=stackoverflow_a2q_tw walkers=50000 (34450000..34499999) steps=30 mode=0 sched=single-bucket delta_t=0 policy=0
rank=689 loaded data/768/stackoverflow_a2q_tw.sub689.txt (|V_local|=3301  t_range=[33448103,239669613])
rank=689 loaded routing data/768/stackoverflow_a2q_tw.rt689.txt (1874 entries)
rank=689 added 3 boundary-only nodes from routing
rank=700/768 dataset=stackoverflow_a2q_tw walkers=50000 (35000000..35049999) steps=30 mode=0 sched=single-bucket delta_t=0 policy=0
rank=700 loaded data/768/stackoverflow_a2q_tw.sub700.txt (|V_local|=3241  t_range=[5978787,239695873])
rank=700 loaded routing data/768/stackoverflow_a2q_tw.rt700.txt (2064 entries)
rank=704/768 dataset=stackoverflow_a2q_tw walkers=50000 (35200000..35249999) steps=30 mode=0 sched=single-bucket delta_t=0 policy=0
rank=704 loaded data/768/stackoverflow_a2q_tw.sub704.txt (|V_local|=3301  t_range=[12785882,239672132])
rank=704 loaded routing data/768/stackoverflow_a2q_tw.rt704.txt (2349 entries)
rank=704 added 1 boundary-only nodes from routing
rank=692/768 dataset=stackoverflow_a2q_tw walkers=50000 (34600000..34649999) steps=30 mode=0 sched=single-bucket delta_t=0 policy=0
rank=692 loaded data/768/stackoverflow_a2q_tw.sub692.txt (|V_local|=3298  t_range=[28810423,239585260])
rank=692 loaded routing data/768/stackoverflow_a2q_tw.rt692.txt (2271 entries)
rank=692 added 6 boundary-only nodes from routing
rank=712/768 dataset=stackoverflow_a2q_tw walkers=50000 (35600000..35649999) steps=30 mode=0 sched=single-bucket delta_t=0 policy=0
rank=712 loaded data/768/stackoverflow_a2q_tw.sub712.txt (|V_local|=3155  t_range=[4289513,239620223])
rank=712 loaded routing data/768/stackoverflow_a2q_tw.rt712.txt (2199 entries)
rank=712 added 3 boundary-only nodes from routing
rank=710/768 dataset=stackoverflow_a2q_tw walkers=50000 (35500000..35549999) steps=30 mode=0 sched=single-bucket delta_t=0 policy=0
rank=710 loaded data/768/stackoverflow_a2q_tw.sub710.txt (|V_local|=3161  t_range=[5050465,239581872])
rank=710 loaded routing data/768/stackoverflow_a2q_tw.rt710.txt (2180 entries)
rank=710 added 3 boundary-only nodes from routing
rank=703/768 dataset=stackoverflow_a2q_tw walkers=50000 (35150000..35199999) steps=30 mode=0 sched=single-bucket delta_t=0 policy=0
rank=703 loaded data/768/stackoverflow_a2q_tw.sub703.txt (|V_local|=3272  t_range=[21131741,239691872])
rank=703 loaded routing data/768/stackoverflow_a2q_tw.rt703.txt (2217 entries)
rank=703 added 2 boundary-only nodes from routing
rank=714/768 dataset=stackoverflow_a2q_tw walkers=50000 (35700000..35749999) steps=30 mode=0 sched=single-bucket delta_t=0 policy=0
rank=714 loaded data/768/stackoverflow_a2q_tw.sub714.txt (|V_local|=3145  t_range=[3535054,239682268])
rank=714 loaded routing data/768/stackoverflow_a2q_tw.rt714.txt (2217 entries)
rank=714 added 14 boundary-only nodes from routing
rank=715/768 dataset=stackoverflow_a2q_tw walkers=50000 (35750000..35799999) steps=30 mode=0 sched=single-bucket delta_t=0 policy=0
rank=715 loaded data/768/stackoverflow_a2q_tw.sub715.txt (|V_local|=3294  t_range=[30304541,239688226])
rank=715 loaded routing data/768/stackoverflow_a2q_tw.rt715.txt (2196 entries)
rank=711/768 dataset=stackoverflow_a2q_tw walkers=50000 (35550000..35599999) steps=30 mode=0 sched=single-bucket delta_t=0 policy=0
rank=711 loaded data/768/stackoverflow_a2q_tw.sub711.txt (|V_local|=3148  t_range=[1087920,239686942])
rank=711 loaded routing data/768/stackoverflow_a2q_tw.rt711.txt (2056 entries)
rank=711 added 4 boundary-only nodes from routing
rank=681/768 dataset=stackoverflow_a2q_tw walkers=50000 (34050000..34099999) steps=30 mode=0 sched=single-bucket delta_t=0 policy=0
rank=681 loaded data/768/stackoverflow_a2q_tw.sub681.txt (|V_local|=3145  t_range=[2746594,239688112])
rank=681 loaded routing data/768/stackoverflow_a2q_tw.rt681.txt (2171 entries)
rank=681 added 11 boundary-only nodes from routing
rank=705/768 dataset=stackoverflow_a2q_tw walkers=50000 (35250000..35299999) steps=30 mode=0 sched=single-bucket delta_t=0 policy=0
rank=705 loaded data/768/stackoverflow_a2q_tw.sub705.txt (|V_local|=3156  t_range=[1694524,239682789])
rank=705 loaded routing data/768/stackoverflow_a2q_tw.rt705.txt (2084 entries)
rank=705 added 6 boundary-only nodes from routing
rank=713/768 dataset=stackoverflow_a2q_tw walkers=50000 (35650000..35699999) steps=30 mode=0 sched=single-bucket delta_t=0 policy=0
rank=713 loaded data/768/stackoverflow_a2q_tw.sub713.txt (|V_local|=3144  t_range=[6359707,239676763])
rank=713 loaded routing data/768/stackoverflow_a2q_tw.rt713.txt (2226 entries)
rank=713 added 8 boundary-only nodes from routing
rank=701/768 dataset=stackoverflow_a2q_tw walkers=50000 (35050000..35099999) steps=30 mode=0 sched=single-bucket delta_t=0 policy=0
rank=701 loaded data/768/stackoverflow_a2q_tw.sub701.txt (|V_local|=3214  t_range=[5102963,239681905])
rank=701 loaded routing data/768/stackoverflow_a2q_tw.rt701.txt (2088 entries)
rank=701 added 4 boundary-only nodes from routing
rank=694/768 dataset=stackoverflow_a2q_tw walkers=50000 (34700000..34749999) steps=30 mode=0 sched=single-bucket delta_t=0 policy=0
rank=694 loaded data/768/stackoverflow_a2q_tw.sub694.txt (|V_local|=3297  t_range=[330246,239682831])
rank=441 loaded data/768/stackoverflow_a2q_tw.sub441.txt (|V_local|=3304  t_range=[9457306,239694962])
rank=441 loaded routing data/768/stackoverflow_a2q_tw.rt441.txt (1763 entries)
rank=441 added 1 boundary-only nodes from routing
rank=457/768 dataset=stackoverflow_a2q_tw walkers=50000 (22850000..22899999) steps=30 mode=0 sched=single-bucket delta_t=0 policy=0
rank=457 loaded data/768/stackoverflow_a2q_tw.sub457.txt (|V_local|=3302  t_range=[280015,239605714])
rank=457 loaded routing data/768/stackoverflow_a2q_tw.rt457.txt (1671 entries)
rank=457 added 2 boundary-only nodes from routing
rank=440/768 dataset=stackoverflow_a2q_tw walkers=50000 (22000000..22049999) steps=30 mode=0 sched=single-bucket delta_t=0 policy=0
rank=440 loaded data/768/stackoverflow_a2q_tw.sub440.txt (|V_local|=3304  t_range=[3686775,239696676])
rank=440 loaded routing data/768/stackoverflow_a2q_tw.rt440.txt (1753 entries)
rank=440 added 1 boundary-only nodes from routing
rank=449/768 dataset=stackoverflow_a2q_tw walkers=50000 (22450000..22499999) steps=30 mode=0 sched=single-bucket delta_t=0 policy=0
rank=449 loaded data/768/stackoverflow_a2q_tw.sub449.txt (|V_local|=3286  t_range=[5158383,239694417])
rank=449 loaded routing data/768/stackoverflow_a2q_tw.rt449.txt (2159 entries)
rank=449 added 14 boundary-only nodes from routing
rank=474/768 dataset=stackoverflow_a2q_tw walkers=50000 (23700000..23749999) steps=30 mode=0 sched=single-bucket delta_t=0 policy=0
rank=474 loaded data/768/stackoverflow_a2q_tw.sub474.txt (|V_local|=3156  t_range=[2312695,239674288])
rank=474 loaded routing data/768/stackoverflow_a2q_tw.rt474.txt (2110 entries)
rank=474 added 3 boundary-only nodes from routing
rank=471/768 dataset=stackoverflow_a2q_tw walkers=50000 (23550000..23599999) steps=30 mode=0 sched=single-bucket delta_t=0 policy=0
rank=471 loaded data/768/stackoverflow_a2q_tw.sub471.txt (|V_local|=3147  t_range=[1885935,239687011])
rank=471 loaded routing data/768/stackoverflow_a2q_tw.rt471.txt (2147 entries)
rank=471 added 9 boundary-only nodes from routing
rank=450/768 dataset=stackoverflow_a2q_tw walkers=50000 (22500000..22549999) steps=30 mode=0 sched=single-bucket delta_t=0 policy=0
rank=450 loaded data/768/stackoverflow_a2q_tw.sub450.txt (|V_local|=3157  t_range=[18671852,239674229])
rank=450 loaded routing data/768/stackoverflow_a2q_tw.rt450.txt (2188 entries)
rank=450 added 5 boundary-only nodes from routing
rank=446/768 dataset=stackoverflow_a2q_tw walkers=50000 (22300000..22349999) steps=30 mode=0 sched=single-bucket delta_t=0 policy=0
rank=446 loaded data/768/stackoverflow_a2q_tw.sub446.txt (|V_local|=3218  t_range=[3949955,239695365])
rank=446 loaded routing data/768/stackoverflow_a2q_tw.rt446.txt (1390 entries)
rank=446 added 87 boundary-only nodes from routing
rank=454/768 dataset=stackoverflow_a2q_tw walkers=50000 (22700000..22749999) steps=30 mode=0 sched=single-bucket delta_t=0 policy=0
rank=454 loaded data/768/stackoverflow_a2q_tw.sub454.txt (|V_local|=3291  t_range=[5949611,239697882])
rank=454 loaded routing data/768/stackoverflow_a2q_tw.rt454.txt (2062 entries)
rank=454 added 6 boundary-only nodes from routing
rank=447/768 dataset=stackoverflow_a2q_tw walkers=50000 (22350000..22399999) steps=30 mode=0 sched=single-bucket delta_t=0 policy=0
rank=447 loaded data/768/stackoverflow_a2q_tw.sub447.txt (|V_local|=3141  t_range=[3152683,239693346])
rank=447 loaded routing data/768/stackoverflow_a2q_tw.rt447.txt (2175 entries)
rank=447 added 11 boundary-only nodes from routing
rank=468/768 dataset=stackoverflow_a2q_tw walkers=50000 (23400000..23449999) steps=30 mode=0 sched=single-bucket delta_t=0 policy=0
rank=468 loaded data/768/stackoverflow_a2q_tw.sub468.txt (|V_local|=3136  t_range=[3999382,239692799])
rank=468 loaded routing data/768/stackoverflow_a2q_tw.rt468.txt (2146 entries)
rank=468 added 19 boundary-only nodes from routing
rank=460/768 dataset=stackoverflow_a2q_tw walkers=50000 (23000000..23049999) steps=30 mode=0 sched=single-bucket delta_t=0 policy=0
rank=460 loaded data/768/stackoverflow_a2q_tw.sub460.txt (|V_local|=3297  t_range=[1847731,239688609])
rank=460 loaded routing data/768/stackoverflow_a2q_tw.rt460.txt (1530 entries)
rank=460 added 8 boundary-only nodes from routing
rank=470/768 dataset=stackoverflow_a2q_tw walkers=50000 (23500000..23549999) steps=30 mode=0 sched=single-bucket delta_t=0 policy=0
rank=470 loaded data/768/stackoverflow_a2q_tw.sub470.txt (|V_local|=3154  t_range=[2133867,239654902])
rank=470 loaded routing data/768/stackoverflow_a2q_tw.rt470.txt (2017 entries)
rank=470 added 6 boundary-only nodes from routing
rank=456/768 dataset=stackoverflow_a2q_tw walkers=50000 (22800000..22849999) steps=30 mode=0 sched=single-bucket delta_t=0 policy=0
rank=456 loaded data/768/stackoverflow_a2q_tw.sub456.txt (|V_local|=3203  t_range=[2209342,239696699])
rank=456 loaded routing data/768/stackoverflow_a2q_tw.rt456.txt (1900 entries)
rank=456 added 15 boundary-only nodes from routing
rank=461/768 dataset=stackoverflow_a2q_tw walkers=50000 (23050000..23099999) steps=30 mode=0 sched=single-bucket delta_t=0 policy=0
rank=461 loaded data/768/stackoverflow_a2q_tw.sub461.txt (|V_local|=3290  t_range=[4711209,239661700])
rank=461 loaded routing data/768/stackoverflow_a2q_tw.rt461.txt (2013 entries)
rank=461 added 10 boundary-only nodes from routing
rank=467/768 dataset=stackoverflow_a2q_tw walkers=50000 (23350000..23399999) steps=30 mode=0 sched=single-bucket delta_t=0 policy=0
rank=467 loaded data/768/stackoverflow_a2q_tw.sub467.txt (|V_local|=3247  t_range=[9492263,239603897])
rank=467 loaded routing data/768/stackoverflow_a2q_tw.rt467.txt (2211 entries)
rank=467 added 54 boundary-only nodes from routing
rank=459/768 dataset=stackoverflow_a2q_tw walkers=50000 (22950000..22999999) steps=30 mode=0 sched=single-bucket delta_t=0 policy=0
rank=459 loaded data/768/stackoverflow_a2q_tw.sub459.txt (|V_local|=3140  t_range=[269346,239640641])
rank=459 loaded routing data/768/stackoverflow_a2q_tw.rt459.txt (2108 entries)
rank=459 added 18 boundary-only nodes from routing
rank=475/768 dataset=stackoverflow_a2q_tw walkers=50000 (23750000..23799999) steps=30 mode=0 sched=single-bucket delta_t=0 policy=0
rank=475 loaded data/768/stackoverflow_a2q_tw.sub475.txt (|V_local|=3152  t_range=[4206209,239694502])
rank=475 loaded routing data/768/stackoverflow_a2q_tw.rt475.txt (2073 entries)
rank=475 added 7 boundary-only nodes from routing
rank=465/768 dataset=stackoverflow_a2q_tw walkers=50000 (23250000..23299999) steps=30 mode=0 sched=single-bucket delta_t=0 policy=0
rank=465 loaded data/768/stackoverflow_a2q_tw.sub465.txt (|V_local|=3122  t_range=[1883547,239647760])
rank=465 loaded routing data/768/stackoverflow_a2q_tw.rt465.txt (2216 entries)
rank=465 added 40 boundary-only nodes from routing
rank=452/768 dataset=stackoverflow_a2q_tw walkers=50000 (22600000..22649999) steps=30 mode=0 sched=single-bucket delta_t=0 policy=0
rank=452 loaded data/768/stackoverflow_a2q_tw.sub452.txt (|V_local|=3291  t_range=[20514731,239698089])
rank=452 loaded routing data/768/stackoverflow_a2q_tw.rt452.txt (2244 entries)
rank=452 added 5 boundary-only nodes from routing
rank=432/768 dataset=stackoverflow_a2q_tw walkers=50000 (21600000..21649999) steps=30 mode=0 sched=single-bucket delta_t=0 policy=0
rank=432 loaded data/768/stackoverflow_a2q_tw.sub432.txt (|V_local|=3147  t_range=[18074626,239679346])
rank=432 loaded routing data/768/stackoverflow_a2q_tw.rt432.txt (2125 entries)
rank=432 added 7 boundary-only nodes from routing
rank=469/768 dataset=stackoverflow_a2q_tw walkers=50000 (23450000..23499999) steps=30 mode=0 sched=single-bucket delta_t=0 policy=0
rank=469 loaded data/768/stackoverflow_a2q_tw.sub469.txt (|V_local|=3155  t_range=[2893090,239681502])
rank=469 loaded routing data/768/stackoverflow_a2q_tw.rt469.txt (1982 entries)
rank=469 added 6 boundary-only nodes from routing
rank=462/768 dataset=stackoverflow_a2q_tw walkers=50000 (23100000..23149999) steps=30 mode=0 sched=single-bucket delta_t=0 policy=0
rank=462 loaded data/768/stackoverflow_a2q_tw.sub462.txt (|V_local|=3180  t_range=[2494551,239586475])
rank=353 loaded data/768/stackoverflow_a2q_tw.sub353.txt (|V_local|=3275  t_range=[1524676,239671781])
rank=353 loaded routing data/768/stackoverflow_a2q_tw.rt353.txt (2067 entries)
rank=353 added 3 boundary-only nodes from routing
rank=361/768 dataset=stackoverflow_a2q_tw walkers=50000 (18050000..18099999) steps=30 mode=0 sched=single-bucket delta_t=0 policy=0
rank=361 loaded data/768/stackoverflow_a2q_tw.sub361.txt (|V_local|=3153  t_range=[5482693,239665253])
rank=361 loaded routing data/768/stackoverflow_a2q_tw.rt361.txt (2113 entries)
rank=361 added 2 boundary-only nodes from routing
rank=342/768 dataset=stackoverflow_a2q_tw walkers=50000 (17100000..17149999) steps=30 mode=0 sched=single-bucket delta_t=0 policy=0
rank=342 loaded data/768/stackoverflow_a2q_tw.sub342.txt (|V_local|=3151  t_range=[4660023,239693890])
rank=342 loaded routing data/768/stackoverflow_a2q_tw.rt342.txt (2143 entries)
rank=342 added 8 boundary-only nodes from routing
rank=362/768 dataset=stackoverflow_a2q_tw walkers=50000 (18100000..18149999) steps=30 mode=0 sched=single-bucket delta_t=0 policy=0
rank=362 loaded data/768/stackoverflow_a2q_tw.sub362.txt (|V_local|=3163  t_range=[4916524,239690502])
rank=362 loaded routing data/768/stackoverflow_a2q_tw.rt362.txt (2054 entries)
rank=362 added 2 boundary-only nodes from routing
rank=373/768 dataset=stackoverflow_a2q_tw walkers=50000 (18650000..18699999) steps=30 mode=0 sched=single-bucket delta_t=0 policy=0
rank=373 loaded data/768/stackoverflow_a2q_tw.sub373.txt (|V_local|=3152  t_range=[6135225,239666913])
rank=373 loaded routing data/768/stackoverflow_a2q_tw.rt373.txt (1983 entries)
rank=373 added 3 boundary-only nodes from routing
rank=371/768 dataset=stackoverflow_a2q_tw walkers=50000 (18550000..18599999) steps=30 mode=0 sched=single-bucket delta_t=0 policy=0
rank=371 loaded data/768/stackoverflow_a2q_tw.sub371.txt (|V_local|=3168  t_range=[10609553,239665630])
rank=371 loaded routing data/768/stackoverflow_a2q_tw.rt371.txt (2122 entries)
rank=371 added 1 boundary-only nodes from routing
rank=351/768 dataset=stackoverflow_a2q_tw walkers=50000 (17550000..17599999) steps=30 mode=0 sched=single-bucket delta_t=0 policy=0
rank=351 loaded data/768/stackoverflow_a2q_tw.sub351.txt (|V_local|=3214  t_range=[7202069,239637574])
rank=351 loaded routing data/768/stackoverflow_a2q_tw.rt351.txt (2034 entries)
rank=351 added 4 boundary-only nodes from routing
rank=369/768 dataset=stackoverflow_a2q_tw walkers=50000 (18450000..18499999) steps=30 mode=0 sched=single-bucket delta_t=0 policy=0
rank=369 loaded data/768/stackoverflow_a2q_tw.sub369.txt (|V_local|=3144  t_range=[5165962,239698712])
rank=369 loaded routing data/768/stackoverflow_a2q_tw.rt369.txt (2204 entries)
rank=369 added 8 boundary-only nodes from routing
rank=355/768 dataset=stackoverflow_a2q_tw walkers=50000 (17750000..17799999) steps=30 mode=0 sched=single-bucket delta_t=0 policy=0
rank=355 loaded data/768/stackoverflow_a2q_tw.sub355.txt (|V_local|=3159  t_range=[8236046,239682350])
rank=355 loaded routing data/768/stackoverflow_a2q_tw.rt355.txt (2063 entries)
rank=355 added 3 boundary-only nodes from routing
rank=357/768 dataset=stackoverflow_a2q_tw walkers=50000 (17850000..17899999) steps=30 mode=0 sched=single-bucket delta_t=0 policy=0
rank=357 loaded data/768/stackoverflow_a2q_tw.sub357.txt (|V_local|=3149  t_range=[12139045,239688695])
rank=357 loaded routing data/768/stackoverflow_a2q_tw.rt357.txt (2104 entries)
rank=381/768 dataset=stackoverflow_a2q_tw walkers=50000 (19050000..19099999) steps=30 mode=0 sched=single-bucket delta_t=0 policy=0
rank=381 loaded data/768/stackoverflow_a2q_tw.sub381.txt (|V_local|=3145  t_range=[4129381,239655887])
rank=381 loaded routing data/768/stackoverflow_a2q_tw.rt381.txt (2221 entries)
rank=381 added 11 boundary-only nodes from routing
rank=366/768 dataset=stackoverflow_a2q_tw walkers=50000 (18300000..18349999) steps=30 mode=0 sched=single-bucket delta_t=0 policy=0
rank=366 loaded data/768/stackoverflow_a2q_tw.sub366.txt (|V_local|=3154  t_range=[8389949,239686098])
rank=366 loaded routing data/768/stackoverflow_a2q_tw.rt366.txt (2136 entries)
rank=366 added 1 boundary-only nodes from routing
rank=375/768 dataset=stackoverflow_a2q_tw walkers=50000 (18750000..18799999) steps=30 mode=0 sched=single-bucket delta_t=0 policy=0
rank=375 loaded data/768/stackoverflow_a2q_tw.sub375.txt (|V_local|=3163  t_range=[2252702,239691020])
rank=375 loaded routing data/768/stackoverflow_a2q_tw.rt375.txt (2039 entries)
rank=375 added 3 boundary-only nodes from routing
rank=343/768 dataset=stackoverflow_a2q_tw walkers=50000 (17150000..17199999) steps=30 mode=0 sched=single-bucket delta_t=0 policy=0
rank=343 loaded data/768/stackoverflow_a2q_tw.sub343.txt (|V_local|=3151  t_range=[4492431,239682840])
rank=343 loaded routing data/768/stackoverflow_a2q_tw.rt343.txt (2180 entries)
rank=343 added 5 boundary-only nodes from routing
rank=367/768 dataset=stackoverflow_a2q_tw walkers=50000 (18350000..18399999) steps=30 mode=0 sched=single-bucket delta_t=0 policy=0
rank=367 loaded data/768/stackoverflow_a2q_tw.sub367.txt (|V_local|=3151  t_range=[2460400,239698486])
rank=367 loaded routing data/768/stackoverflow_a2q_tw.rt367.txt (2083 entries)
rank=367 added 8 boundary-only nodes from routing
rank=363/768 dataset=stackoverflow_a2q_tw walkers=50000 (18150000..18199999) steps=30 mode=0 sched=single-bucket delta_t=0 policy=0
rank=363 loaded data/768/stackoverflow_a2q_tw.sub363.txt (|V_local|=3161  t_range=[5488503,239691665])
rank=363 loaded routing data/768/stackoverflow_a2q_tw.rt363.txt (2126 entries)
rank=350/768 dataset=stackoverflow_a2q_tw walkers=50000 (17500000..17549999) steps=30 mode=0 sched=single-bucket delta_t=0 policy=0
rank=350 loaded data/768/stackoverflow_a2q_tw.sub350.txt (|V_local|=3304  t_range=[29111116,239575712])
rank=350 loaded routing data/768/stackoverflow_a2q_tw.rt350.txt (2034 entries)
rank=377/768 dataset=stackoverflow_a2q_tw walkers=50000 (18850000..18899999) steps=30 mode=0 sched=single-bucket delta_t=0 policy=0
rank=377 loaded data/768/stackoverflow_a2q_tw.sub377.txt (|V_local|=3301  t_range=[9065150,239681252])
rank=377 loaded routing data/768/stackoverflow_a2q_tw.rt377.txt (1885 entries)
rank=377 added 3 boundary-only nodes from routing
rank=356/768 dataset=stackoverflow_a2q_tw walkers=50000 (17800000..17849999) steps=30 mode=0 sched=single-bucket delta_t=0 policy=0
rank=356 loaded data/768/stackoverflow_a2q_tw.sub356.txt (|V_local|=3155  t_range=[11396106,239672153])
rank=356 loaded routing data/768/stackoverflow_a2q_tw.rt356.txt (2048 entries)
rank=356 added 8 boundary-only nodes from routing
rank=348/768 dataset=stackoverflow_a2q_tw walkers=50000 (17400000..17449999) steps=30 mode=0 sched=single-bucket delta_t=0 policy=0
rank=348 loaded data/768/stackoverflow_a2q_tw.sub348.txt (|V_local|=3148  t_range=[4543542,239666793])
rank=348 loaded routing data/768/stackoverflow_a2q_tw.rt348.txt (2126 entries)
rank=348 added 5 boundary-only nodes from routing
rank=368/768 dataset=stackoverflow_a2q_tw walkers=50000 (18400000..18449999) steps=30 mode=0 sched=single-bucket delta_t=0 policy=0
rank=368 loaded data/768/stackoverflow_a2q_tw.sub368.txt (|V_local|=3299  t_range=[4918457,239694171])
rank=368 loaded routing data/768/stackoverflow_a2q_tw.rt368.txt (1787 entries)
rank=368 added 4 boundary-only nodes from routing
rank=376/768 dataset=stackoverflow_a2q_tw walkers=50000 (18800000..18849999) steps=30 mode=0 sched=single-bucket delta_t=0 policy=0
rank=376 loaded data/768/stackoverflow_a2q_tw.sub376.txt (|V_local|=3304  t_range=[477915,239648634])
rank=376 loaded routing data/768/stackoverflow_a2q_tw.rt376.txt (1748 entries)
rank=376 added 1 boundary-only nodes from routing
rank=349/768 dataset=stackoverflow_a2q_tw walkers=50000 (17450000..17499999) steps=30 mode=0 sched=single-bucket delta_t=0 policy=0
rank=349 loaded data/768/stackoverflow_a2q_tw.sub349.txt (|V_local|=3301  t_range=[8831619,239583354])
rank=349 loaded routing data/768/stackoverflow_a2q_tw.rt349.txt (2017 entries)
rank=349 added 2 boundary-only nodes from routing
rank=419 loaded data/768/stackoverflow_a2q_tw.sub419.txt (|V_local|=3293  t_range=[12599001,239679980])
rank=419 loaded routing data/768/stackoverflow_a2q_tw.rt419.txt (1790 entries)
rank=419 added 9 boundary-only nodes from routing
rank=389/768 dataset=stackoverflow_a2q_tw walkers=50000 (19450000..19499999) steps=30 mode=0 sched=single-bucket delta_t=0 policy=0
rank=389 loaded data/768/stackoverflow_a2q_tw.sub389.txt (|V_local|=3305  t_range=[2396378,239642250])
rank=389 loaded routing data/768/stackoverflow_a2q_tw.rt389.txt (1461 entries)
rank=394/768 dataset=stackoverflow_a2q_tw walkers=50000 (19700000..19749999) steps=30 mode=0 sched=single-bucket delta_t=0 policy=0
rank=394 loaded data/768/stackoverflow_a2q_tw.sub394.txt (|V_local|=3226  t_range=[4033919,239672777])
rank=394 loaded routing data/768/stackoverflow_a2q_tw.rt394.txt (1968 entries)
rank=394 added 1 boundary-only nodes from routing
rank=393/768 dataset=stackoverflow_a2q_tw walkers=50000 (19650000..19699999) steps=30 mode=0 sched=single-bucket delta_t=0 policy=0
rank=393 loaded data/768/stackoverflow_a2q_tw.sub393.txt (|V_local|=3156  t_range=[4499093,239651624])
rank=393 loaded routing data/768/stackoverflow_a2q_tw.rt393.txt (2094 entries)
rank=393 added 9 boundary-only nodes from routing
rank=409/768 dataset=stackoverflow_a2q_tw walkers=50000 (20450000..20499999) steps=30 mode=0 sched=single-bucket delta_t=0 policy=0
rank=409 loaded data/768/stackoverflow_a2q_tw.sub409.txt (|V_local|=3299  t_range=[1187939,239669377])
rank=409 loaded routing data/768/stackoverflow_a2q_tw.rt409.txt (1314 entries)
rank=409 added 6 boundary-only nodes from routing
rank=406/768 dataset=stackoverflow_a2q_tw walkers=50000 (20300000..20349999) steps=30 mode=0 sched=single-bucket delta_t=0 policy=0
rank=406 loaded data/768/stackoverflow_a2q_tw.sub406.txt (|V_local|=3297  t_range=[7669335,239627931])
rank=406 loaded routing data/768/stackoverflow_a2q_tw.rt406.txt (1673 entries)
rank=406 added 3 boundary-only nodes from routing
rank=421/768 dataset=stackoverflow_a2q_tw walkers=50000 (21050000..21099999) steps=30 mode=0 sched=single-bucket delta_t=0 policy=0
rank=421 loaded data/768/stackoverflow_a2q_tw.sub421.txt (|V_local|=3305  t_range=[13946639,239676281])
rank=421 loaded routing data/768/stackoverflow_a2q_tw.rt421.txt (981 entries)
rank=397/768 dataset=stackoverflow_a2q_tw walkers=50000 (19850000..19899999) steps=30 mode=0 sched=single-bucket delta_t=0 policy=0
rank=397 loaded data/768/stackoverflow_a2q_tw.sub397.txt (|V_local|=3149  t_range=[1867671,239579968])
rank=397 loaded routing data/768/stackoverflow_a2q_tw.rt397.txt (2056 entries)
rank=397 added 7 boundary-only nodes from routing
rank=414/768 dataset=stackoverflow_a2q_tw walkers=50000 (20700000..20749999) steps=30 mode=0 sched=single-bucket delta_t=0 policy=0
rank=414 loaded data/768/stackoverflow_a2q_tw.sub414.txt (|V_local|=3145  t_range=[4102223,239655177])
rank=414 loaded routing data/768/stackoverflow_a2q_tw.rt414.txt (2040 entries)
rank=414 added 14 boundary-only nodes from routing
rank=413/768 dataset=stackoverflow_a2q_tw walkers=50000 (20650000..20699999) steps=30 mode=0 sched=single-bucket delta_t=0 policy=0
rank=413 loaded data/768/stackoverflow_a2q_tw.sub413.txt (|V_local|=3298  t_range=[4041668,239683716])
rank=413 loaded routing data/768/stackoverflow_a2q_tw.rt413.txt (1793 entries)
rank=413 added 4 boundary-only nodes from routing
rank=395/768 dataset=stackoverflow_a2q_tw walkers=50000 (19750000..19799999) steps=30 mode=0 sched=single-bucket delta_t=0 policy=0
rank=395 loaded data/768/stackoverflow_a2q_tw.sub395.txt (|V_local|=3253  t_range=[2235682,239668246])
rank=395 loaded routing data/768/stackoverflow_a2q_tw.rt395.txt (1976 entries)
rank=395 added 4 boundary-only nodes from routing
rank=408/768 dataset=stackoverflow_a2q_tw walkers=50000 (20400000..20449999) steps=30 mode=0 sched=single-bucket delta_t=0 policy=0
rank=408 loaded data/768/stackoverflow_a2q_tw.sub408.txt (|V_local|=3149  t_range=[526375,239690603])
rank=408 loaded routing data/768/stackoverflow_a2q_tw.rt408.txt (2079 entries)
rank=408 added 11 boundary-only nodes from routing
rank=416/768 dataset=stackoverflow_a2q_tw walkers=50000 (20800000..20849999) steps=30 mode=0 sched=single-bucket delta_t=0 policy=0
rank=416 loaded data/768/stackoverflow_a2q_tw.sub416.txt (|V_local|=3301  t_range=[3955961,239691804])
rank=416 loaded routing data/768/stackoverflow_a2q_tw.rt416.txt (1748 entries)
rank=416 added 4 boundary-only nodes from routing
rank=418/768 dataset=stackoverflow_a2q_tw walkers=50000 (20900000..20949999) steps=30 mode=0 sched=single-bucket delta_t=0 policy=0
rank=418 loaded data/768/stackoverflow_a2q_tw.sub418.txt (|V_local|=3301  t_range=[13388765,239643173])
rank=418 loaded routing data/768/stackoverflow_a2q_tw.rt418.txt (1556 entries)
rank=418 added 3 boundary-only nodes from routing
rank=392/768 dataset=stackoverflow_a2q_tw walkers=50000 (19600000..19649999) steps=30 mode=0 sched=single-bucket delta_t=0 policy=0
rank=392 loaded data/768/stackoverflow_a2q_tw.sub392.txt (|V_local|=3298  t_range=[1027989,239671178])
rank=392 loaded routing data/768/stackoverflow_a2q_tw.rt392.txt (1990 entries)
rank=392 added 4 boundary-only nodes from routing
rank=422/768 dataset=stackoverflow_a2q_tw walkers=50000 (21100000..21149999) steps=30 mode=0 sched=single-bucket delta_t=0 policy=0
rank=422 loaded data/768/stackoverflow_a2q_tw.sub422.txt (|V_local|=3302  t_range=[7832888,239670195])
rank=422 loaded routing data/768/stackoverflow_a2q_tw.rt422.txt (1831 entries)
rank=422 added 2 boundary-only nodes from routing
rank=417/768 dataset=stackoverflow_a2q_tw walkers=50000 (20850000..20899999) steps=30 mode=0 sched=single-bucket delta_t=0 policy=0
rank=417 loaded data/768/stackoverflow_a2q_tw.sub417.txt (|V_local|=3152  t_range=[2909848,239649483])
rank=417 loaded routing data/768/stackoverflow_a2q_tw.rt417.txt (2068 entries)
rank=417 added 4 boundary-only nodes from routing
rank=405/768 dataset=stackoverflow_a2q_tw walkers=50000 (20250000..20299999) steps=30 mode=0 sched=single-bucket delta_t=0 policy=0
rank=405 loaded data/768/stackoverflow_a2q_tw.sub405.txt (|V_local|=3151  t_range=[3965388,239676725])
rank=405 loaded routing data/768/stackoverflow_a2q_tw.rt405.txt (2045 entries)
rank=405 added 7 boundary-only nodes from routing
rank=424/768 dataset=stackoverflow_a2q_tw walkers=50000 (21200000..21249999) steps=30 mode=0 sched=single-bucket delta_t=0 policy=0
rank=424 loaded data/768/stackoverflow_a2q_tw.sub424.txt (|V_local|=3299  t_range=[20567093,239676163])
rank=424 loaded routing data/768/stackoverflow_a2q_tw.rt424.txt (1933 entries)
rank=424 added 3 boundary-only nodes from routing
rank=425/768 dataset=stackoverflow_a2q_tw walkers=50000 (21250000..21299999) steps=30 mode=0 sched=single-bucket delta_t=0 policy=0
rank=425 loaded data/768/stackoverflow_a2q_tw.sub425.txt (|V_local|=3303  t_range=[9650839,239675236])
rank=425 loaded routing data/768/stackoverflow_a2q_tw.rt425.txt (1459 entries)
rank=425 added 2 boundary-only nodes from routing
rank=429/768 dataset=stackoverflow_a2q_tw walkers=50000 (21450000..21499999) steps=30 mode=0 sched=single-bucket delta_t=0 policy=0
rank=429 loaded data/768/stackoverflow_a2q_tw.sub429.txt (|V_local|=3160  t_range=[7346802,239697464])
rank=429 loaded routing data/768/stackoverflow_a2q_tw.rt429.txt (2059 entries)
rank=429 added 4 boundary-only nodes from routing
rank=398/768 dataset=stackoverflow_a2q_tw walkers=50000 (19900000..19949999) steps=30 mode=0 sched=single-bucket delta_t=0 policy=0
rank=398 loaded data/768/stackoverflow_a2q_tw.sub398.txt (|V_local|=3303  t_range=[1549139,239656288])
rank=398 loaded routing data/768/stackoverflow_a2q_tw.rt398.txt (1696 entries)
rank=398 added 2 boundary-only nodes from routing
rank=430/768 dataset=stackoverflow_a2q_tw walkers=50000 (21500000..21549999) steps=30 mode=0 sched=single-bucket delta_t=0 policy=0
rank=430 loaded data/768/stackoverflow_a2q_tw.sub430.txt (|V_local|=3300  t_range=[3973512,239691048])
rank=430 loaded routing data/768/stackoverflow_a2q_tw.rt430.txt (2067 entries)
rank=430 added 2 boundary-only nodes from routing
rank=733/768 dataset=stackoverflow_a2q_tw walkers=50000 (36650000..36699999) steps=30 mode=0 sched=single-bucket delta_t=0 policy=0
rank=733 loaded data/768/stackoverflow_a2q_tw.sub733.txt (|V_local|=3145  t_range=[5957827,239681586])
rank=733 loaded routing data/768/stackoverflow_a2q_tw.rt733.txt (2056 entries)
rank=733 added 7 boundary-only nodes from routing
rank=736/768 dataset=stackoverflow_a2q_tw walkers=50000 (36800000..36849999) steps=30 mode=0 sched=single-bucket delta_t=0 policy=0
rank=736 loaded data/768/stackoverflow_a2q_tw.sub736.txt (|V_local|=3149  t_range=[11228643,239662830])
rank=736 loaded routing data/768/stackoverflow_a2q_tw.rt736.txt (2173 entries)
rank=736 added 9 boundary-only nodes from routing
rank=741/768 dataset=stackoverflow_a2q_tw walkers=50000 (37050000..37099999) steps=30 mode=0 sched=single-bucket delta_t=0 policy=0
rank=741 loaded data/768/stackoverflow_a2q_tw.sub741.txt (|V_local|=3150  t_range=[4133563,239684442])
rank=741 loaded routing data/768/stackoverflow_a2q_tw.rt741.txt (2175 entries)
rank=741 added 9 boundary-only nodes from routing
rank=744/768 dataset=stackoverflow_a2q_tw walkers=50000 (37200000..37249999) steps=30 mode=0 sched=single-bucket delta_t=0 policy=0
rank=744 loaded data/768/stackoverflow_a2q_tw.sub744.txt (|V_local|=3147  t_range=[4034005,239673828])
rank=744 loaded routing data/768/stackoverflow_a2q_tw.rt744.txt (2078 entries)
rank=744 added 6 boundary-only nodes from routing
rank=750/768 dataset=stackoverflow_a2q_tw walkers=50000 (37500000..37549999) steps=30 mode=0 sched=single-bucket delta_t=0 policy=0
rank=750 loaded data/768/stackoverflow_a2q_tw.sub750.txt (|V_local|=3158  t_range=[9441321,239665824])
rank=750 loaded routing data/768/stackoverflow_a2q_tw.rt750.txt (206 entries)
rank=750 added 3 boundary-only nodes from routing
rank=766/768 dataset=stackoverflow_a2q_tw walkers=50000 (38300000..38349999) steps=30 mode=0 sched=single-bucket delta_t=0 policy=0
rank=766 loaded data/768/stackoverflow_a2q_tw.sub766.txt (|V_local|=3144  t_range=[9141541,239671223])
rank=766 loaded routing data/768/stackoverflow_a2q_tw.rt766.txt (163 entries)
rank=766 added 13 boundary-only nodes from routing
rank=748/768 dataset=stackoverflow_a2q_tw walkers=50000 (37400000..37449999) steps=30 mode=0 sched=single-bucket delta_t=0 policy=0
rank=748 loaded data/768/stackoverflow_a2q_tw.sub748.txt (|V_local|=3155  t_range=[6002678,239667126])
rank=748 loaded routing data/768/stackoverflow_a2q_tw.rt748.txt (622 entries)
rank=748 added 2 boundary-only nodes from routing
rank=760/768 dataset=stackoverflow_a2q_tw walkers=50000 (38000000..38049999) steps=30 mode=0 sched=single-bucket delta_t=0 policy=0
rank=760 loaded data/768/stackoverflow_a2q_tw.sub760.txt (|V_local|=3162  t_range=[16931605,239659014])
rank=760 loaded routing data/768/stackoverflow_a2q_tw.rt760.txt (143 entries)
rank=760 added 1 boundary-only nodes from routing
rank=752/768 dataset=stackoverflow_a2q_tw walkers=50000 (37600000..37649999) steps=30 mode=0 sched=single-bucket delta_t=0 policy=0
rank=752 loaded data/768/stackoverflow_a2q_tw.sub752.txt (|V_local|=3159  t_range=[24186836,239676588])
rank=752 loaded routing data/768/stackoverflow_a2q_tw.rt752.txt (142 entries)
rank=752 added 1 boundary-only nodes from routing
rank=742/768 dataset=stackoverflow_a2q_tw walkers=50000 (37100000..37149999) steps=30 mode=0 sched=single-bucket delta_t=0 policy=0
rank=742 loaded data/768/stackoverflow_a2q_tw.sub742.txt (|V_local|=3146  t_range=[1320674,239691434])
rank=742 loaded routing data/768/stackoverflow_a2q_tw.rt742.txt (2209 entries)
rank=742 added 12 boundary-only nodes from routing
rank=756/768 dataset=stackoverflow_a2q_tw walkers=50000 (37800000..37849999) steps=30 mode=0 sched=single-bucket delta_t=0 policy=0
rank=756 loaded data/768/stackoverflow_a2q_tw.sub756.txt (|V_local|=3140  t_range=[21534161,239694854])
rank=756 loaded routing data/768/stackoverflow_a2q_tw.rt756.txt (212 entries)
rank=756 added 19 boundary-only nodes from routing
rank=747/768 dataset=stackoverflow_a2q_tw walkers=50000 (37350000..37399999) steps=30 mode=0 sched=single-bucket delta_t=0 policy=0
rank=747 loaded data/768/stackoverflow_a2q_tw.sub747.txt (|V_local|=3158  t_range=[9701454,239654357])
rank=747 loaded routing data/768/stackoverflow_a2q_tw.rt747.txt (1684 entries)
rank=747 added 4 boundary-only nodes from routing
rank=762/768 dataset=stackoverflow_a2q_tw walkers=50000 (38100000..38149999) steps=30 mode=0 sched=single-bucket delta_t=0 policy=0
rank=762 loaded data/768/stackoverflow_a2q_tw.sub762.txt (|V_local|=3175  t_range=[18819239,239689728])
rank=762 loaded routing data/768/stackoverflow_a2q_tw.rt762.txt (36 entries)
rank=743/768 dataset=stackoverflow_a2q_tw walkers=50000 (37150000..37199999) steps=30 mode=0 sched=single-bucket delta_t=0 policy=0
rank=743 loaded data/768/stackoverflow_a2q_tw.sub743.txt (|V_local|=3150  t_range=[3088507,239629402])
rank=743 loaded routing data/768/stackoverflow_a2q_tw.rt743.txt (2133 entries)
rank=743 added 11 boundary-only nodes from routing
rank=751/768 dataset=stackoverflow_a2q_tw walkers=50000 (37550000..37599999) steps=30 mode=0 sched=single-bucket delta_t=0 policy=0
rank=751 loaded data/768/stackoverflow_a2q_tw.sub751.txt (|V_local|=3199  t_range=[9688298,239667642])
rank=751 loaded routing data/768/stackoverflow_a2q_tw.rt751.txt (42 entries)
rank=759/768 dataset=stackoverflow_a2q_tw walkers=50000 (37950000..37999999) steps=30 mode=0 sched=single-bucket delta_t=0 policy=0
rank=759 loaded data/768/stackoverflow_a2q_tw.sub759.txt (|V_local|=3179  t_range=[5775685,239696328])
rank=759 loaded routing data/768/stackoverflow_a2q_tw.rt759.txt (58 entries)
rank=761/768 dataset=stackoverflow_a2q_tw walkers=50000 (38050000..38099999) steps=30 mode=0 sched=single-bucket delta_t=0 policy=0
rank=761 loaded data/768/stackoverflow_a2q_tw.sub761.txt (|V_local|=3172  t_range=[8133192,239692240])
rank=761 loaded routing data/768/stackoverflow_a2q_tw.rt761.txt (95 entries)
rank=729/768 dataset=stackoverflow_a2q_tw walkers=50000 (36450000..36499999) steps=30 mode=0 sched=single-bucket delta_t=0 policy=0
rank=729 loaded data/768/stackoverflow_a2q_tw.sub729.txt (|V_local|=3146  t_range=[3855160,239689858])
rank=729 loaded routing data/768/stackoverflow_a2q_tw.rt729.txt (2158 entries)
rank=729 added 3 boundary-only nodes from routing
rank=749/768 dataset=stackoverflow_a2q_tw walkers=50000 (37450000..37499999) steps=30 mode=0 sched=single-bucket delta_t=0 policy=0
rank=749 loaded data/768/stackoverflow_a2q_tw.sub749.txt (|V_local|=3149  t_range=[20993894,239637323])
rank=749 loaded routing data/768/stackoverflow_a2q_tw.rt749.txt (336 entries)
rank=749 added 3 boundary-only nodes from routing
rank=755/768 dataset=stackoverflow_a2q_tw walkers=50000 (37750000..37799999) steps=30 mode=0 sched=single-bucket delta_t=0 policy=0
rank=755 loaded data/768/stackoverflow_a2q_tw.sub755.txt (|V_local|=3162  t_range=[37835363,239652468])
rank=755 loaded routing data/768/stackoverflow_a2q_tw.rt755.txt (72 entries)
rank=754/768 dataset=stackoverflow_a2q_tw walkers=50000 (37700000..37749999) steps=30 mode=0 sched=single-bucket delta_t=0 policy=0
rank=754 loaded data/768/stackoverflow_a2q_tw.sub754.txt (|V_local|=3155  t_range=[26607795,239668852])
rank=754 loaded routing data/768/stackoverflow_a2q_tw.rt754.txt (96 entries)
rank=754 added 8 boundary-only nodes from routing
rank=765/768 dataset=stackoverflow_a2q_tw walkers=50000 (38250000..38299999) steps=30 mode=0 sched=single-bucket delta_t=0 policy=0
rank=765 loaded data/768/stackoverflow_a2q_tw.sub765.txt (|V_local|=3091  t_range=[20865851,239599466])
rank=765 loaded routing data/768/stackoverflow_a2q_tw.rt765.txt (120 entries)
rank=765 added 39 boundary-only nodes from routing
rank=737/768 dataset=stackoverflow_a2q_tw walkers=50000 (36850000..36899999) steps=30 mode=0 sched=single-bucket delta_t=0 policy=0
rank=737 loaded data/768/stackoverflow_a2q_tw.sub737.txt (|V_local|=3191  t_range=[4223787,239679254])
rank=737 loaded routing data/768/stackoverflow_a2q_tw.rt737.txt (1862 entries)
rank=737 added 2 boundary-only nodes from routing
rank=14 loaded data/768/stackoverflow_a2q_tw.sub14.txt (|V_local|=3305  t_range=[2500011,239687459])
rank=14 loaded routing data/768/stackoverflow_a2q_tw.rt14.txt (1258 entries)
rank=0/768 dataset=stackoverflow_a2q_tw walkers=50000 (0..49999) steps=30 mode=0 sched=single-bucket delta_t=0 policy=0
rank=0 loaded data/768/stackoverflow_a2q_tw.sub0.txt (|V_local|=3154  t_range=[551225,239696704])
rank=0 loaded routing data/768/stackoverflow_a2q_tw.rt0.txt (2172 entries)
rank=0 added 3 boundary-only nodes from routing
PHASE compute=0.6428 exchange=3.1639 allreduce=0.4607 emb_xchg=0.0000 s  comm_frac=84.9% [p=768 mode=fused]
E1 cross-rank pairs: 124322482/206923278 (60.08%) [p=768]
rank=0 elapsed=3.612616s sched=single-bucket delta_t=0 total_walkers=38400000
rank=21/768 dataset=stackoverflow_a2q_tw walkers=50000 (1050000..1099999) steps=30 mode=0 sched=single-bucket delta_t=0 policy=0
rank=21 loaded data/768/stackoverflow_a2q_tw.sub21.txt (|V_local|=3154  t_range=[2416256,239698684])
rank=21 loaded routing data/768/stackoverflow_a2q_tw.rt21.txt (2119 entries)
rank=21 added 11 boundary-only nodes from routing
rank=39/768 dataset=stackoverflow_a2q_tw walkers=50000 (1950000..1999999) steps=30 mode=0 sched=single-bucket delta_t=0 policy=0
rank=39 loaded data/768/stackoverflow_a2q_tw.sub39.txt (|V_local|=3149  t_range=[4628800,239677946])
rank=39 loaded routing data/768/stackoverflow_a2q_tw.rt39.txt (2092 entries)
rank=39 added 4 boundary-only nodes from routing
rank=12/768 dataset=stackoverflow_a2q_tw walkers=50000 (600000..649999) steps=30 mode=0 sched=single-bucket delta_t=0 policy=0
rank=12 loaded data/768/stackoverflow_a2q_tw.sub12.txt (|V_local|=3212  t_range=[4301354,239675763])
rank=12 loaded routing data/768/stackoverflow_a2q_tw.rt12.txt (2088 entries)
rank=12 added 9 boundary-only nodes from routing
rank=23/768 dataset=stackoverflow_a2q_tw walkers=50000 (1150000..1199999) steps=30 mode=0 sched=single-bucket delta_t=0 policy=0
rank=23 loaded data/768/stackoverflow_a2q_tw.sub23.txt (|V_local|=3149  t_range=[5393133,239685084])
rank=23 loaded routing data/768/stackoverflow_a2q_tw.rt23.txt (2115 entries)
rank=23 added 6 boundary-only nodes from routing
rank=11/768 dataset=stackoverflow_a2q_tw walkers=50000 (550000..599999) steps=30 mode=0 sched=single-bucket delta_t=0 policy=0
rank=11 loaded data/768/stackoverflow_a2q_tw.sub11.txt (|V_local|=3301  t_range=[3296715,239698110])
rank=11 loaded routing data/768/stackoverflow_a2q_tw.rt11.txt (2189 entries)
rank=15/768 dataset=stackoverflow_a2q_tw walkers=50000 (750000..799999) steps=30 mode=0 sched=single-bucket delta_t=0 policy=0
rank=15 loaded data/768/stackoverflow_a2q_tw.sub15.txt (|V_local|=3156  t_range=[4123839,239677777])
rank=15 loaded routing data/768/stackoverflow_a2q_tw.rt15.txt (2168 entries)
rank=15 added 12 boundary-only nodes from routing
rank=24/768 dataset=stackoverflow_a2q_tw walkers=50000 (1200000..1249999) steps=30 mode=0 sched=single-bucket delta_t=0 policy=0
rank=24 loaded data/768/stackoverflow_a2q_tw.sub24.txt (|V_local|=3158  t_range=[9642768,239682843])
rank=24 loaded routing data/768/stackoverflow_a2q_tw.rt24.txt (2043 entries)
rank=24 added 2 boundary-only nodes from routing
rank=18/768 dataset=stackoverflow_a2q_tw walkers=50000 (900000..949999) steps=30 mode=0 sched=single-bucket delta_t=0 policy=0
rank=18 loaded data/768/stackoverflow_a2q_tw.sub18.txt (|V_local|=3137  t_range=[3967223,239696167])
rank=18 loaded routing data/768/stackoverflow_a2q_tw.rt18.txt (2165 entries)
rank=18 added 15 boundary-only nodes from routing
rank=43/768 dataset=stackoverflow_a2q_tw walkers=50000 (2150000..2199999) steps=30 mode=0 sched=single-bucket delta_t=0 policy=0
rank=43 loaded data/768/stackoverflow_a2q_tw.sub43.txt (|V_local|=3193  t_range=[8441764,239686339])
rank=43 loaded routing data/768/stackoverflow_a2q_tw.rt43.txt (2081 entries)
rank=43 added 2 boundary-only nodes from routing
rank=17/768 dataset=stackoverflow_a2q_tw walkers=50000 (850000..899999) steps=30 mode=0 sched=single-bucket delta_t=0 policy=0
rank=17 loaded data/768/stackoverflow_a2q_tw.sub17.txt (|V_local|=3301  t_range=[1137525,239678205])
rank=17 loaded routing data/768/stackoverflow_a2q_tw.rt17.txt (1432 entries)
rank=17 added 4 boundary-only nodes from routing
rank=40/768 dataset=stackoverflow_a2q_tw walkers=50000 (2000000..2049999) steps=30 mode=0 sched=single-bucket delta_t=0 policy=0
rank=40 loaded data/768/stackoverflow_a2q_tw.sub40.txt (|V_local|=3152  t_range=[4112123,239657817])
rank=40 loaded routing data/768/stackoverflow_a2q_tw.rt40.txt (2107 entries)
rank=40 added 4 boundary-only nodes from routing
rank=19/768 dataset=stackoverflow_a2q_tw walkers=50000 (950000..999999) steps=30 mode=0 sched=single-bucket delta_t=0 policy=0
rank=19 loaded data/768/stackoverflow_a2q_tw.sub19.txt (|V_local|=3295  t_range=[2830393,239638247])
rank=19 loaded routing data/768/stackoverflow_a2q_tw.rt19.txt (2129 entries)
rank=19 added 5 boundary-only nodes from routing
rank=45/768 dataset=stackoverflow_a2q_tw walkers=50000 (2250000..2299999) steps=30 mode=0 sched=single-bucket delta_t=0 policy=0
rank=45 loaded data/768/stackoverflow_a2q_tw.sub45.txt (|V_local|=3157  t_range=[7400611,239618498])
rank=45 loaded routing data/768/stackoverflow_a2q_tw.rt45.txt (2130 entries)
rank=45 added 3 boundary-only nodes from routing
rank=37/768 dataset=stackoverflow_a2q_tw walkers=50000 (1850000..1899999) steps=30 mode=0 sched=single-bucket delta_t=0 policy=0
rank=37 loaded data/768/stackoverflow_a2q_tw.sub37.txt (|V_local|=3147  t_range=[4523352,239659559])
rank=37 loaded routing data/768/stackoverflow_a2q_tw.rt37.txt (2108 entries)
rank=37 added 11 boundary-only nodes from routing
rank=566 loaded data/768/stackoverflow_a2q_tw.sub566.txt (|V_local|=3301  t_range=[25441800,239698479])
rank=566 loaded routing data/768/stackoverflow_a2q_tw.rt566.txt (1564 entries)
rank=566 added 4 boundary-only nodes from routing
rank=540/768 dataset=stackoverflow_a2q_tw walkers=50000 (27000000..27049999) steps=30 mode=0 sched=single-bucket delta_t=0 policy=0
rank=540 loaded data/768/stackoverflow_a2q_tw.sub540.txt (|V_local|=3140  t_range=[3984470,239681487])
rank=540 loaded routing data/768/stackoverflow_a2q_tw.rt540.txt (2128 entries)
rank=540 added 20 boundary-only nodes from routing
rank=574/768 dataset=stackoverflow_a2q_tw walkers=50000 (28700000..28749999) steps=30 mode=0 sched=single-bucket delta_t=0 policy=0
rank=574 loaded data/768/stackoverflow_a2q_tw.sub574.txt (|V_local|=3158  t_range=[7564101,239687516])
rank=574 loaded routing data/768/stackoverflow_a2q_tw.rt574.txt (2061 entries)
rank=574 added 2 boundary-only nodes from routing
rank=563/768 dataset=stackoverflow_a2q_tw walkers=50000 (28150000..28199999) steps=30 mode=0 sched=single-bucket delta_t=0 policy=0
rank=563 loaded data/768/stackoverflow_a2q_tw.sub563.txt (|V_local|=3166  t_range=[11642546,239677698])
rank=563 loaded routing data/768/stackoverflow_a2q_tw.rt563.txt (1824 entries)
rank=563 added 2 boundary-only nodes from routing
rank=555/768 dataset=stackoverflow_a2q_tw walkers=50000 (27750000..27799999) steps=30 mode=0 sched=single-bucket delta_t=0 policy=0
rank=555 loaded data/768/stackoverflow_a2q_tw.sub555.txt (|V_local|=3157  t_range=[2976791,239665943])
rank=555 loaded routing data/768/stackoverflow_a2q_tw.rt555.txt (2166 entries)
rank=555 added 5 boundary-only nodes from routing
rank=568/768 dataset=stackoverflow_a2q_tw walkers=50000 (28400000..28449999) steps=30 mode=0 sched=single-bucket delta_t=0 policy=0
rank=568 loaded data/768/stackoverflow_a2q_tw.sub568.txt (|V_local|=3195  t_range=[4146959,239694294])
rank=568 loaded routing data/768/stackoverflow_a2q_tw.rt568.txt (1831 entries)
rank=568 added 6 boundary-only nodes from routing
rank=564/768 dataset=stackoverflow_a2q_tw walkers=50000 (28200000..28249999) steps=30 mode=0 sched=single-bucket delta_t=0 policy=0
rank=564 loaded data/768/stackoverflow_a2q_tw.sub564.txt (|V_local|=3149  t_range=[1710941,239690238])
rank=564 loaded routing data/768/stackoverflow_a2q_tw.rt564.txt (2106 entries)
rank=564 added 9 boundary-only nodes from routing
rank=570/768 dataset=stackoverflow_a2q_tw walkers=50000 (28500000..28549999) steps=30 mode=0 sched=single-bucket delta_t=0 policy=0
rank=570 loaded data/768/stackoverflow_a2q_tw.sub570.txt (|V_local|=3164  t_range=[5261032,239688078])
rank=570 loaded routing data/768/stackoverflow_a2q_tw.rt570.txt (2152 entries)
rank=570 added 5 boundary-only nodes from routing
rank=542/768 dataset=stackoverflow_a2q_tw walkers=50000 (27100000..27149999) steps=30 mode=0 sched=single-bucket delta_t=0 policy=0
rank=542 loaded data/768/stackoverflow_a2q_tw.sub542.txt (|V_local|=3303  t_range=[60369536,239678898])
rank=542 loaded routing data/768/stackoverflow_a2q_tw.rt542.txt (1393 entries)
rank=542 added 2 boundary-only nodes from routing
rank=549/768 dataset=stackoverflow_a2q_tw walkers=50000 (27450000..27499999) steps=30 mode=0 sched=single-bucket delta_t=0 policy=0
rank=549 loaded data/768/stackoverflow_a2q_tw.sub549.txt (|V_local|=3150  t_range=[4045130,239697101])
rank=549 loaded routing data/768/stackoverflow_a2q_tw.rt549.txt (2208 entries)
rank=549 added 14 boundary-only nodes from routing
rank=573/768 dataset=stackoverflow_a2q_tw walkers=50000 (28650000..28699999) steps=30 mode=0 sched=single-bucket delta_t=0 policy=0
rank=573 loaded data/768/stackoverflow_a2q_tw.sub573.txt (|V_local|=3157  t_range=[4184319,239690359])
rank=573 loaded routing data/768/stackoverflow_a2q_tw.rt573.txt (2094 entries)
rank=573 added 2 boundary-only nodes from routing
rank=541/768 dataset=stackoverflow_a2q_tw walkers=50000 (27050000..27099999) steps=30 mode=0 sched=single-bucket delta_t=0 policy=0
rank=541 loaded data/768/stackoverflow_a2q_tw.sub541.txt (|V_local|=3297  t_range=[27906832,239682354])
rank=541 loaded routing data/768/stackoverflow_a2q_tw.rt541.txt (1764 entries)
rank=541 added 8 boundary-only nodes from routing
rank=528/768 dataset=stackoverflow_a2q_tw walkers=50000 (26400000..26449999) steps=30 mode=0 sched=single-bucket delta_t=0 policy=0
rank=528 loaded data/768/stackoverflow_a2q_tw.sub528.txt (|V_local|=3147  t_range=[3966243,239669199])
rank=528 loaded routing data/768/stackoverflow_a2q_tw.rt528.txt (2164 entries)
rank=528 added 8 boundary-only nodes from routing
rank=561/768 dataset=stackoverflow_a2q_tw walkers=50000 (28050000..28099999) steps=30 mode=0 sched=single-bucket delta_t=0 policy=0
rank=561 loaded data/768/stackoverflow_a2q_tw.sub561.txt (|V_local|=3152  t_range=[3956875,239672894])
rank=561 loaded routing data/768/stackoverflow_a2q_tw.rt561.txt (2089 entries)
rank=561 added 2 boundary-only nodes from routing
rank=562/768 dataset=stackoverflow_a2q_tw walkers=50000 (28100000..28149999) steps=30 mode=0 sched=single-bucket delta_t=0 policy=0
rank=562 loaded data/768/stackoverflow_a2q_tw.sub562.txt (|V_local|=3158  t_range=[12029989,239697375])
rank=562 loaded routing data/768/stackoverflow_a2q_tw.rt562.txt (2162 entries)
rank=562 added 5 boundary-only nodes from routing
rank=575/768 dataset=stackoverflow_a2q_tw walkers=50000 (28750000..28799999) steps=30 mode=0 sched=single-bucket delta_t=0 policy=0
rank=575 loaded data/768/stackoverflow_a2q_tw.sub575.txt (|V_local|=3303  t_range=[4626068,239663528])
rank=575 loaded routing data/768/stackoverflow_a2q_tw.rt575.txt (1851 entries)
rank=575 added 2 boundary-only nodes from routing
rank=553/768 dataset=stackoverflow_a2q_tw walkers=50000 (27650000..27699999) steps=30 mode=0 sched=single-bucket delta_t=0 policy=0
rank=553 loaded data/768/stackoverflow_a2q_tw.sub553.txt (|V_local|=3303  t_range=[2823503,239508165])
rank=553 loaded routing data/768/stackoverflow_a2q_tw.rt553.txt (1498 entries)
rank=553 added 2 boundary-only nodes from routing
rank=559/768 dataset=stackoverflow_a2q_tw walkers=50000 (27950000..27999999) steps=30 mode=0 sched=single-bucket delta_t=0 policy=0
rank=559 loaded data/768/stackoverflow_a2q_tw.sub559.txt (|V_local|=3281  t_range=[4089532,239666238])
rank=559 loaded routing data/768/stackoverflow_a2q_tw.rt559.txt (2071 entries)
rank=567/768 dataset=stackoverflow_a2q_tw walkers=50000 (28350000..28399999) steps=30 mode=0 sched=single-bucket delta_t=0 policy=0
rank=567 loaded data/768/stackoverflow_a2q_tw.sub567.txt (|V_local|=3142  t_range=[3876828,239687314])
rank=567 loaded routing data/768/stackoverflow_a2q_tw.rt567.txt (2100 entries)
rank=567 added 7 boundary-only nodes from routing
rank=560/768 dataset=stackoverflow_a2q_tw walkers=50000 (28000000..28049999) steps=30 mode=0 sched=single-bucket delta_t=0 policy=0
rank=560 loaded data/768/stackoverflow_a2q_tw.sub560.txt (|V_local|=3298  t_range=[50059094,239695214])
rank=560 loaded routing data/768/stackoverflow_a2q_tw.rt560.txt (2050 entries)
rank=560 added 1 boundary-only nodes from routing
rank=265 added 18 boundary-only nodes from routing
rank=273/768 dataset=stackoverflow_a2q_tw walkers=50000 (13650000..13699999) steps=30 mode=0 sched=single-bucket delta_t=0 policy=0
rank=273 loaded data/768/stackoverflow_a2q_tw.sub273.txt (|V_local|=3295  t_range=[6013041,239659249])
rank=273 loaded routing data/768/stackoverflow_a2q_tw.rt273.txt (1818 entries)
rank=273 added 7 boundary-only nodes from routing
rank=240/768 dataset=stackoverflow_a2q_tw walkers=50000 (12000000..12049999) steps=30 mode=0 sched=single-bucket delta_t=0 policy=0
rank=240 loaded data/768/stackoverflow_a2q_tw.sub240.txt (|V_local|=3114  t_range=[2351897,239662593])
rank=240 loaded routing data/768/stackoverflow_a2q_tw.rt240.txt (2204 entries)
rank=240 added 43 boundary-only nodes from routing
rank=264/768 dataset=stackoverflow_a2q_tw walkers=50000 (13200000..13249999) steps=30 mode=0 sched=single-bucket delta_t=0 policy=0
rank=264 loaded data/768/stackoverflow_a2q_tw.sub264.txt (|V_local|=3258  t_range=[1801425,239658631])
rank=264 loaded routing data/768/stackoverflow_a2q_tw.rt264.txt (1888 entries)
rank=264 added 2 boundary-only nodes from routing
rank=488 loaded data/768/stackoverflow_a2q_tw.sub488.txt (|V_local|=3304  t_range=[4642358,239644942])
rank=488 loaded routing data/768/stackoverflow_a2q_tw.rt488.txt (2105 entries)
rank=516/768 dataset=stackoverflow_a2q_tw walkers=50000 (25800000..25849999) steps=30 mode=0 sched=single-bucket delta_t=0 policy=0
rank=516 loaded data/768/stackoverflow_a2q_tw.sub516.txt (|V_local|=3162  t_range=[9344933,239684544])
rank=516 loaded routing data/768/stackoverflow_a2q_tw.rt516.txt (2169 entries)
rank=516 added 1 boundary-only nodes from routing
rank=168/768 dataset=stackoverflow_a2q_tw walkers=50000 (8400000..8449999) steps=30 mode=0 sched=single-bucket delta_t=0 policy=0
rank=168 loaded data/768/stackoverflow_a2q_tw.sub168.txt (|V_local|=3151  t_range=[7157946,239683824])
rank=168 loaded routing data/768/stackoverflow_a2q_tw.rt168.txt (2114 entries)
rank=168 added 2 boundary-only nodes from routing
rank=187/768 dataset=stackoverflow_a2q_tw walkers=50000 (9350000..9399999) steps=30 mode=0 sched=single-bucket delta_t=0 policy=0
rank=187 loaded data/768/stackoverflow_a2q_tw.sub187.txt (|V_local|=3160  t_range=[45804323,239697608])
rank=187 loaded routing data/768/stackoverflow_a2q_tw.rt187.txt (2089 entries)
rank=187 added 1 boundary-only nodes from routing
rank=176/768 dataset=stackoverflow_a2q_tw walkers=50000 (8800000..8849999) steps=30 mode=0 sched=single-bucket delta_t=0 policy=0
rank=176 loaded data/768/stackoverflow_a2q_tw.sub176.txt (|V_local|=3153  t_range=[4161743,239691319])
rank=176 loaded routing data/768/stackoverflow_a2q_tw.rt176.txt (2221 entries)
rank=176 added 1 boundary-only nodes from routing
rank=164/768 dataset=stackoverflow_a2q_tw walkers=50000 (8200000..8249999) steps=30 mode=0 sched=single-bucket delta_t=0 policy=0
rank=164 loaded data/768/stackoverflow_a2q_tw.sub164.txt (|V_local|=3157  t_range=[10711137,239691329])
rank=164 loaded routing data/768/stackoverflow_a2q_tw.rt164.txt (2082 entries)
rank=164 added 4 boundary-only nodes from routing
rank=181/768 dataset=stackoverflow_a2q_tw walkers=50000 (9050000..9099999) steps=30 mode=0 sched=single-bucket delta_t=0 policy=0
rank=181 loaded data/768/stackoverflow_a2q_tw.sub181.txt (|V_local|=3160  t_range=[13053038,239695603])
rank=181 loaded routing data/768/stackoverflow_a2q_tw.rt181.txt (2142 entries)
rank=165/768 dataset=stackoverflow_a2q_tw walkers=50000 (8250000..8299999) steps=30 mode=0 sched=single-bucket delta_t=0 policy=0
rank=165 loaded data/768/stackoverflow_a2q_tw.sub165.txt (|V_local|=3183  t_range=[2594481,239680429])
rank=165 loaded routing data/768/stackoverflow_a2q_tw.rt165.txt (2130 entries)
rank=165 added 2 boundary-only nodes from routing
rank=297/768 dataset=stackoverflow_a2q_tw walkers=50000 (14850000..14899999) steps=30 mode=0 sched=single-bucket delta_t=0 policy=0
rank=297 loaded data/768/stackoverflow_a2q_tw.sub297.txt (|V_local|=3151  t_range=[3929625,239684979])
rank=297 loaded routing data/768/stackoverflow_a2q_tw.rt297.txt (2086 entries)
rank=297 added 11 boundary-only nodes from routing
rank=313/768 dataset=stackoverflow_a2q_tw walkers=50000 (15650000..15699999) steps=30 mode=0 sched=single-bucket delta_t=0 policy=0
rank=313 loaded data/768/stackoverflow_a2q_tw.sub313.txt (|V_local|=3305  t_range=[9488330,239682022])
rank=313 loaded routing data/768/stackoverflow_a2q_tw.rt313.txt (1062 entries)
rank=299/768 dataset=stackoverflow_a2q_tw walkers=50000 (14950000..14999999) steps=30 mode=0 sched=single-bucket delta_t=0 policy=0
rank=299 loaded data/768/stackoverflow_a2q_tw.sub299.txt (|V_local|=3156  t_range=[7287565,239681408])
rank=299 loaded routing data/768/stackoverflow_a2q_tw.rt299.txt (2100 entries)
rank=299 added 5 boundary-only nodes from routing
rank=312/768 dataset=stackoverflow_a2q_tw walkers=50000 (15600000..15649999) steps=30 mode=0 sched=single-bucket delta_t=0 policy=0
rank=312 loaded data/768/stackoverflow_a2q_tw.sub312.txt (|V_local|=3153  t_range=[1357582,239641901])
rank=312 loaded routing data/768/stackoverflow_a2q_tw.rt312.txt (2053 entries)
rank=312 added 6 boundary-only nodes from routing
rank=303/768 dataset=stackoverflow_a2q_tw walkers=50000 (15150000..15199999) steps=30 mode=0 sched=single-bucket delta_t=0 policy=0
rank=303 loaded data/768/stackoverflow_a2q_tw.sub303.txt (|V_local|=3148  t_range=[3139523,239681919])
rank=303 loaded routing data/768/stackoverflow_a2q_tw.rt303.txt (2140 entries)
rank=303 added 10 boundary-only nodes from routing
rank=334/768 dataset=stackoverflow_a2q_tw walkers=50000 (16700000..16749999) steps=30 mode=0 sched=single-bucket delta_t=0 policy=0
rank=334 loaded data/768/stackoverflow_a2q_tw.sub334.txt (|V_local|=3150  t_range=[1611617,239696683])
rank=334 loaded routing data/768/stackoverflow_a2q_tw.rt334.txt (1943 entries)
rank=334 added 8 boundary-only nodes from routing
rank=296/768 dataset=stackoverflow_a2q_tw walkers=50000 (14800000..14849999) steps=30 mode=0 sched=single-bucket delta_t=0 policy=0
rank=296 loaded data/768/stackoverflow_a2q_tw.sub296.txt (|V_local|=3155  t_range=[6267827,239531059])
rank=296 loaded routing data/768/stackoverflow_a2q_tw.rt296.txt (2126 entries)
rank=296 added 2 boundary-only nodes from routing
rank=316/768 dataset=stackoverflow_a2q_tw walkers=50000 (15800000..15849999) steps=30 mode=0 sched=single-bucket delta_t=0 policy=0
rank=316 loaded data/768/stackoverflow_a2q_tw.sub316.txt (|V_local|=3305  t_range=[13907098,239692641])
rank=316 loaded routing data/768/stackoverflow_a2q_tw.rt316.txt (864 entries)
rank=314/768 dataset=stackoverflow_a2q_tw walkers=50000 (15700000..15749999) steps=30 mode=0 sched=single-bucket delta_t=0 policy=0
rank=314 loaded data/768/stackoverflow_a2q_tw.sub314.txt (|V_local|=3151  t_range=[3174476,239689662])
rank=314 loaded routing data/768/stackoverflow_a2q_tw.rt314.txt (1939 entries)
rank=314 added 6 boundary-only nodes from routing
rank=326/768 dataset=stackoverflow_a2q_tw walkers=50000 (16300000..16349999) steps=30 mode=0 sched=single-bucket delta_t=0 policy=0
rank=326 loaded data/768/stackoverflow_a2q_tw.sub326.txt (|V_local|=3148  t_range=[4321891,239691828])
rank=326 loaded routing data/768/stackoverflow_a2q_tw.rt326.txt (2164 entries)
rank=326 added 8 boundary-only nodes from routing
rank=300/768 dataset=stackoverflow_a2q_tw walkers=50000 (15000000..15049999) steps=30 mode=0 sched=single-bucket delta_t=0 policy=0
rank=300 loaded data/768/stackoverflow_a2q_tw.sub300.txt (|V_local|=3158  t_range=[22422825,239697973])
rank=300 loaded routing data/768/stackoverflow_a2q_tw.rt300.txt (2167 entries)
rank=300 added 2 boundary-only nodes from routing
rank=302/768 dataset=stackoverflow_a2q_tw walkers=50000 (15100000..15149999) steps=30 mode=0 sched=single-bucket delta_t=0 policy=0
rank=302 loaded data/768/stackoverflow_a2q_tw.sub302.txt (|V_local|=3163  t_range=[18661257,239696671])
rank=302 loaded routing data/768/stackoverflow_a2q_tw.rt302.txt (2005 entries)
rank=302 added 6 boundary-only nodes from routing
rank=318/768 dataset=stackoverflow_a2q_tw walkers=50000 (15900000..15949999) steps=30 mode=0 sched=single-bucket delta_t=0 policy=0
rank=318 loaded data/768/stackoverflow_a2q_tw.sub318.txt (|V_local|=3150  t_range=[952981,239665001])
rank=318 loaded routing data/768/stackoverflow_a2q_tw.rt318.txt (2122 entries)
rank=318 added 3 boundary-only nodes from routing
rank=322/768 dataset=stackoverflow_a2q_tw walkers=50000 (16100000..16149999) steps=30 mode=0 sched=single-bucket delta_t=0 policy=0
rank=322 loaded data/768/stackoverflow_a2q_tw.sub322.txt (|V_local|=3157  t_range=[3110057,239657868])
rank=322 loaded routing data/768/stackoverflow_a2q_tw.rt322.txt (2187 entries)
rank=322 added 5 boundary-only nodes from routing
rank=331/768 dataset=stackoverflow_a2q_tw walkers=50000 (16550000..16599999) steps=30 mode=0 sched=single-bucket delta_t=0 policy=0
rank=331 loaded data/768/stackoverflow_a2q_tw.sub331.txt (|V_local|=3160  t_range=[2125797,239684947])
rank=331 loaded routing data/768/stackoverflow_a2q_tw.rt331.txt (2111 entries)
rank=331 added 2 boundary-only nodes from routing
rank=309/768 dataset=stackoverflow_a2q_tw walkers=50000 (15450000..15499999) steps=30 mode=0 sched=single-bucket delta_t=0 policy=0
rank=309 loaded data/768/stackoverflow_a2q_tw.sub309.txt (|V_local|=3154  t_range=[2869227,239660887])
rank=309 loaded routing data/768/stackoverflow_a2q_tw.rt309.txt (2133 entries)
rank=309 added 6 boundary-only nodes from routing
rank=323/768 dataset=stackoverflow_a2q_tw walkers=50000 (16150000..16199999) steps=30 mode=0 sched=single-bucket delta_t=0 policy=0
rank=323 loaded data/768/stackoverflow_a2q_tw.sub323.txt (|V_local|=3152  t_range=[3946927,239614477])
rank=323 loaded routing data/768/stackoverflow_a2q_tw.rt323.txt (1777 entries)
rank=323 added 2 boundary-only nodes from routing
rank=327/768 dataset=stackoverflow_a2q_tw walkers=50000 (16350000..16399999) steps=30 mode=0 sched=single-bucket delta_t=0 policy=0
rank=327 loaded data/768/stackoverflow_a2q_tw.sub327.txt (|V_local|=3142  t_range=[3683635,239695947])
rank=327 loaded routing data/768/stackoverflow_a2q_tw.rt327.txt (2157 entries)
rank=327 added 13 boundary-only nodes from routing
rank=306/768 dataset=stackoverflow_a2q_tw walkers=50000 (15300000..15349999) steps=30 mode=0 sched=single-bucket delta_t=0 policy=0
rank=306 loaded data/768/stackoverflow_a2q_tw.sub306.txt (|V_local|=3152  t_range=[4221284,239669441])
rank=306 loaded routing data/768/stackoverflow_a2q_tw.rt306.txt (2176 entries)
rank=306 added 9 boundary-only nodes from routing
rank=332/768 dataset=stackoverflow_a2q_tw walkers=50000 (16600000..16649999) steps=30 mode=0 sched=single-bucket delta_t=0 policy=0
rank=332 loaded data/768/stackoverflow_a2q_tw.sub332.txt (|V_local|=3165  t_range=[4473857,239684693])
rank=332 loaded routing data/768/stackoverflow_a2q_tw.rt332.txt (2033 entries)
rank=332 added 3 boundary-only nodes from routing
rank=321/768 dataset=stackoverflow_a2q_tw walkers=50000 (16050000..16099999) steps=30 mode=0 sched=single-bucket delta_t=0 policy=0
rank=321 loaded data/768/stackoverflow_a2q_tw.sub321.txt (|V_local|=3165  t_range=[4093435,239675345])
rank=321 loaded routing data/768/stackoverflow_a2q_tw.rt321.txt (2012 entries)
rank=321 added 5 boundary-only nodes from routing
rank=333/768 dataset=stackoverflow_a2q_tw walkers=50000 (16650000..16699999) steps=30 mode=0 sched=single-bucket delta_t=0 policy=0
rank=333 loaded data/768/stackoverflow_a2q_tw.sub333.txt (|V_local|=3147  t_range=[4898626,239670502])
rank=333 loaded routing data/768/stackoverflow_a2q_tw.rt333.txt (2173 entries)
rank=333 added 7 boundary-only nodes from routing
rank=329/768 dataset=stackoverflow_a2q_tw walkers=50000 (16450000..16499999) steps=30 mode=0 sched=single-bucket delta_t=0 policy=0
rank=329 loaded data/768/stackoverflow_a2q_tw.sub329.txt (|V_local|=3152  t_range=[4256046,239674113])
rank=59 added 3 boundary-only nodes from routing
rank=75/768 dataset=stackoverflow_a2q_tw walkers=50000 (3750000..3799999) steps=30 mode=0 sched=single-bucket delta_t=0 policy=0
rank=75 loaded data/768/stackoverflow_a2q_tw.sub75.txt (|V_local|=3160  t_range=[5796668,239697876])
rank=75 loaded routing data/768/stackoverflow_a2q_tw.rt75.txt (1879 entries)
rank=75 added 12 boundary-only nodes from routing
rank=88/768 dataset=stackoverflow_a2q_tw walkers=50000 (4400000..4449999) steps=30 mode=0 sched=single-bucket delta_t=0 policy=0
rank=88 loaded data/768/stackoverflow_a2q_tw.sub88.txt (|V_local|=3153  t_range=[4034802,239616966])
rank=88 loaded routing data/768/stackoverflow_a2q_tw.rt88.txt (1986 entries)
rank=88 added 3 boundary-only nodes from routing
rank=66/768 dataset=stackoverflow_a2q_tw walkers=50000 (3300000..3349999) steps=30 mode=0 sched=single-bucket delta_t=0 policy=0
rank=66 loaded data/768/stackoverflow_a2q_tw.sub66.txt (|V_local|=3157  t_range=[5425432,239656394])
rank=66 loaded routing data/768/stackoverflow_a2q_tw.rt66.txt (2030 entries)
rank=66 added 2 boundary-only nodes from routing
rank=77/768 dataset=stackoverflow_a2q_tw walkers=50000 (3850000..3899999) steps=30 mode=0 sched=single-bucket delta_t=0 policy=0
rank=77 loaded data/768/stackoverflow_a2q_tw.sub77.txt (|V_local|=3304  t_range=[3511288,239690037])
rank=77 loaded routing data/768/stackoverflow_a2q_tw.rt77.txt (757 entries)
rank=77 added 1 boundary-only nodes from routing
rank=61/768 dataset=stackoverflow_a2q_tw walkers=50000 (3050000..3099999) steps=30 mode=0 sched=single-bucket delta_t=0 policy=0
rank=61 loaded data/768/stackoverflow_a2q_tw.sub61.txt (|V_local|=3149  t_range=[5539165,239643130])
rank=61 loaded routing data/768/stackoverflow_a2q_tw.rt61.txt (2147 entries)
rank=61 added 6 boundary-only nodes from routing
rank=91/768 dataset=stackoverflow_a2q_tw walkers=50000 (4550000..4599999) steps=30 mode=0 sched=single-bucket delta_t=0 policy=0
rank=91 loaded data/768/stackoverflow_a2q_tw.sub91.txt (|V_local|=3294  t_range=[4702318,239696664])
rank=91 loaded routing data/768/stackoverflow_a2q_tw.rt91.txt (1921 entries)
rank=91 added 2 boundary-only nodes from routing
rank=78/768 dataset=stackoverflow_a2q_tw walkers=50000 (3900000..3949999) steps=30 mode=0 sched=single-bucket delta_t=0 policy=0
rank=78 loaded data/768/stackoverflow_a2q_tw.sub78.txt (|V_local|=3162  t_range=[12438347,239669732])
rank=78 loaded routing data/768/stackoverflow_a2q_tw.rt78.txt (2074 entries)
rank=78 added 5 boundary-only nodes from routing
rank=82/768 dataset=stackoverflow_a2q_tw walkers=50000 (4100000..4149999) steps=30 mode=0 sched=single-bucket delta_t=0 policy=0
rank=82 loaded data/768/stackoverflow_a2q_tw.sub82.txt (|V_local|=3299  t_range=[3353395,239615312])
rank=82 loaded routing data/768/stackoverflow_a2q_tw.rt82.txt (1878 entries)
rank=82 added 4 boundary-only nodes from routing
rank=95/768 dataset=stackoverflow_a2q_tw walkers=50000 (4750000..4799999) steps=30 mode=0 sched=single-bucket delta_t=0 policy=0
rank=95 loaded data/768/stackoverflow_a2q_tw.sub95.txt (|V_local|=3304  t_range=[17460902,239620100])
rank=95 loaded routing data/768/stackoverflow_a2q_tw.rt95.txt (1446 entries)
rank=69/768 dataset=stackoverflow_a2q_tw walkers=50000 (3450000..3499999) steps=30 mode=0 sched=single-bucket delta_t=0 policy=0
rank=69 loaded data/768/stackoverflow_a2q_tw.sub69.txt (|V_local|=3159  t_range=[2915182,239671893])
rank=69 loaded routing data/768/stackoverflow_a2q_tw.rt69.txt (2069 entries)
rank=69 added 4 boundary-only nodes from routing
rank=83/768 dataset=stackoverflow_a2q_tw walkers=50000 (4150000..4199999) steps=30 mode=0 sched=single-bucket delta_t=0 policy=0
rank=83 loaded data/768/stackoverflow_a2q_tw.sub83.txt (|V_local|=3263  t_range=[7314953,239694147])
rank=83 loaded routing data/768/stackoverflow_a2q_tw.rt83.txt (2006 entries)
rank=83 added 5 boundary-only nodes from routing
rank=70/768 dataset=stackoverflow_a2q_tw walkers=50000 (3500000..3549999) steps=30 mode=0 sched=single-bucket delta_t=0 policy=0
rank=70 loaded data/768/stackoverflow_a2q_tw.sub70.txt (|V_local|=3301  t_range=[8252501,239547173])
rank=70 loaded routing data/768/stackoverflow_a2q_tw.rt70.txt (2015 entries)
rank=70 added 1 boundary-only nodes from routing
rank=55/768 dataset=stackoverflow_a2q_tw walkers=50000 (2750000..2799999) steps=30 mode=0 sched=single-bucket delta_t=0 policy=0
rank=55 loaded data/768/stackoverflow_a2q_tw.sub55.txt (|V_local|=3302  t_range=[5097706,239578031])
rank=55 loaded routing data/768/stackoverflow_a2q_tw.rt55.txt (1813 entries)
rank=55 added 3 boundary-only nodes from routing
rank=86/768 dataset=stackoverflow_a2q_tw walkers=50000 (4300000..4349999) steps=30 mode=0 sched=single-bucket delta_t=0 policy=0
rank=86 loaded data/768/stackoverflow_a2q_tw.sub86.txt (|V_local|=3173  t_range=[1523759,239682446])
rank=86 loaded routing data/768/stackoverflow_a2q_tw.rt86.txt (1872 entries)
rank=86 added 5 boundary-only nodes from routing
rank=79/768 dataset=stackoverflow_a2q_tw walkers=50000 (3950000..3999999) steps=30 mode=0 sched=single-bucket delta_t=0 policy=0
rank=79 loaded data/768/stackoverflow_a2q_tw.sub79.txt (|V_local|=3299  t_range=[20619100,239625769])
rank=79 loaded routing data/768/stackoverflow_a2q_tw.rt79.txt (1506 entries)
rank=79 added 4 boundary-only nodes from routing
rank=65/768 dataset=stackoverflow_a2q_tw walkers=50000 (3250000..3299999) steps=30 mode=0 sched=single-bucket delta_t=0 policy=0
rank=65 loaded data/768/stackoverflow_a2q_tw.sub65.txt (|V_local|=3302  t_range=[31906794,239662043])
rank=65 loaded routing data/768/stackoverflow_a2q_tw.rt65.txt (1989 entries)
rank=65 added 1 boundary-only nodes from routing
rank=73/768 dataset=stackoverflow_a2q_tw walkers=50000 (3650000..3699999) steps=30 mode=0 sched=single-bucket delta_t=0 policy=0
rank=73 loaded data/768/stackoverflow_a2q_tw.sub73.txt (|V_local|=3304  t_range=[2299504,239682601])
rank=73 loaded routing data/768/stackoverflow_a2q_tw.rt73.txt (977 entries)
rank=73 added 1 boundary-only nodes from routing
rank=58/768 dataset=stackoverflow_a2q_tw walkers=50000 (2900000..2949999) steps=30 mode=0 sched=single-bucket delta_t=0 policy=0
rank=58 loaded data/768/stackoverflow_a2q_tw.sub58.txt (|V_local|=3298  t_range=[22924978,239664286])
rank=58 loaded routing data/768/stackoverflow_a2q_tw.rt58.txt (2006 entries)
rank=58 added 3 boundary-only nodes from routing
rank=85/768 dataset=stackoverflow_a2q_tw walkers=50000 (4250000..4299999) steps=30 mode=0 sched=single-bucket delta_t=0 policy=0
rank=85 loaded data/768/stackoverflow_a2q_tw.sub85.txt (|V_local|=3299  t_range=[1169016,239674817])
rank=85 loaded routing data/768/stackoverflow_a2q_tw.rt85.txt (1581 entries)
rank=85 added 4 boundary-only nodes from routing
rank=93/768 dataset=stackoverflow_a2q_tw walkers=50000 (4650000..4699999) steps=30 mode=0 sched=single-bucket delta_t=0 policy=0
rank=93 loaded data/768/stackoverflow_a2q_tw.sub93.txt (|V_local|=3153  t_range=[4494029,239680173])
rank=93 loaded routing data/768/stackoverflow_a2q_tw.rt93.txt (2069 entries)
rank=93 added 4 boundary-only nodes from routing
rank=62/768 dataset=stackoverflow_a2q_tw walkers=50000 (3100000..3149999) steps=30 mode=0 sched=single-bucket delta_t=0 policy=0
rank=62 loaded data/768/stackoverflow_a2q_tw.sub62.txt (|V_local|=3302  t_range=[5764093,239632891])
rank=62 loaded routing data/768/stackoverflow_a2q_tw.rt62.txt (1776 entries)
rank=62 added 3 boundary-only nodes from routing
rank=80/768 dataset=stackoverflow_a2q_tw walkers=50000 (4000000..4049999) steps=30 mode=0 sched=single-bucket delta_t=0 policy=0
rank=80 loaded data/768/stackoverflow_a2q_tw.sub80.txt (|V_local|=3305  t_range=[546717,239690397])
rank=80 loaded routing data/768/stackoverflow_a2q_tw.rt80.txt (1278 entries)
rank=92/768 dataset=stackoverflow_a2q_tw walkers=50000 (4600000..4649999) steps=30 mode=0 sched=single-bucket delta_t=0 policy=0
rank=92 loaded data/768/stackoverflow_a2q_tw.sub92.txt (|V_local|=3243  t_range=[4014742,239662789])
rank=92 loaded routing data/768/stackoverflow_a2q_tw.rt92.txt (1892 entries)
rank=92 added 5 boundary-only nodes from routing
rank=139/768 dataset=stackoverflow_a2q_tw walkers=50000 (6950000..6999999) steps=30 mode=0 sched=single-bucket delta_t=0 policy=0
rank=139 loaded data/768/stackoverflow_a2q_tw.sub139.txt (|V_local|=3161  t_range=[18038238,239651043])
rank=139 loaded routing data/768/stackoverflow_a2q_tw.rt139.txt (2151 entries)
rank=139 added 1 boundary-only nodes from routing
rank=101/768 dataset=stackoverflow_a2q_tw walkers=50000 (5050000..5099999) steps=30 mode=0 sched=single-bucket delta_t=0 policy=0
rank=101 loaded data/768/stackoverflow_a2q_tw.sub101.txt (|V_local|=3293  t_range=[11489729,239678018])
rank=101 loaded routing data/768/stackoverflow_a2q_tw.rt101.txt (1965 entries)
rank=101 added 1 boundary-only nodes from routing
rank=644/768 dataset=stackoverflow_a2q_tw walkers=50000 (32200000..32249999) steps=30 mode=0 sched=single-bucket delta_t=0 policy=0
rank=644 loaded data/768/stackoverflow_a2q_tw.sub644.txt (|V_local|=3300  t_range=[18554525,239663817])
rank=644 loaded routing data/768/stackoverflow_a2q_tw.rt644.txt (1919 entries)
rank=644 added 4 boundary-only nodes from routing
rank=663/768 dataset=stackoverflow_a2q_tw walkers=50000 (33150000..33199999) steps=30 mode=0 sched=single-bucket delta_t=0 policy=0
rank=663 loaded data/768/stackoverflow_a2q_tw.sub663.txt (|V_local|=3166  t_range=[4014926,239648643])
rank=663 loaded routing data/768/stackoverflow_a2q_tw.rt663.txt (2155 entries)
rank=663 added 2 boundary-only nodes from routing
rank=631/768 dataset=stackoverflow_a2q_tw walkers=50000 (31550000..31599999) steps=30 mode=0 sched=single-bucket delta_t=0 policy=0
rank=631 loaded data/768/stackoverflow_a2q_tw.sub631.txt (|V_local|=3297  t_range=[18007484,239676079])
rank=631 loaded routing data/768/stackoverflow_a2q_tw.rt631.txt (2050 entries)
rank=631 added 5 boundary-only nodes from routing
rank=632/768 dataset=stackoverflow_a2q_tw walkers=50000 (31600000..31649999) steps=30 mode=0 sched=single-bucket delta_t=0 policy=0
rank=632 loaded data/768/stackoverflow_a2q_tw.sub632.txt (|V_local|=3302  t_range=[11364874,239568997])
rank=632 loaded routing data/768/stackoverflow_a2q_tw.rt632.txt (1981 entries)
rank=632 added 1 boundary-only nodes from routing
rank=652/768 dataset=stackoverflow_a2q_tw walkers=50000 (32600000..32649999) steps=30 mode=0 sched=single-bucket delta_t=0 policy=0
rank=652 loaded data/768/stackoverflow_a2q_tw.sub652.txt (|V_local|=3210  t_range=[6564190,239696973])
rank=652 loaded routing data/768/stackoverflow_a2q_tw.rt652.txt (2114 entries)
rank=652 added 2 boundary-only nodes from routing
rank=638/768 dataset=stackoverflow_a2q_tw walkers=50000 (31900000..31949999) steps=30 mode=0 sched=single-bucket delta_t=0 policy=0
rank=638 loaded data/768/stackoverflow_a2q_tw.sub638.txt (|V_local|=3300  t_range=[5533209,239674852])
rank=638 loaded routing data/768/stackoverflow_a2q_tw.rt638.txt (1758 entries)
rank=638 added 4 boundary-only nodes from routing
rank=630/768 dataset=stackoverflow_a2q_tw walkers=50000 (31500000..31549999) steps=30 mode=0 sched=single-bucket delta_t=0 policy=0
rank=630 loaded data/768/stackoverflow_a2q_tw.sub630.txt (|V_local|=3154  t_range=[6923483,239656521])
rank=630 loaded routing data/768/stackoverflow_a2q_tw.rt630.txt (2160 entries)
rank=630 added 8 boundary-only nodes from routing
rank=642/768 dataset=stackoverflow_a2q_tw walkers=50000 (32100000..32149999) steps=30 mode=0 sched=single-bucket delta_t=0 policy=0
rank=642 loaded data/768/stackoverflow_a2q_tw.sub642.txt (|V_local|=3147  t_range=[5304654,239640266])
rank=642 loaded routing data/768/stackoverflow_a2q_tw.rt642.txt (2209 entries)
rank=642 added 10 boundary-only nodes from routing
rank=668/768 dataset=stackoverflow_a2q_tw walkers=50000 (33400000..33449999) steps=30 mode=0 sched=single-bucket delta_t=0 policy=0
rank=668 loaded data/768/stackoverflow_a2q_tw.sub668.txt (|V_local|=3162  t_range=[14807515,239675161])
rank=668 loaded routing data/768/stackoverflow_a2q_tw.rt668.txt (2029 entries)
rank=668 added 2 boundary-only nodes from routing
rank=640/768 dataset=stackoverflow_a2q_tw walkers=50000 (32000000..32049999) steps=30 mode=0 sched=single-bucket delta_t=0 policy=0
rank=640 loaded data/768/stackoverflow_a2q_tw.sub640.txt (|V_local|=3304  t_range=[4341952,239688520])
rank=640 loaded routing data/768/stackoverflow_a2q_tw.rt640.txt (807 entries)
rank=640 added 1 boundary-only nodes from routing
rank=643/768 dataset=stackoverflow_a2q_tw walkers=50000 (32150000..32199999) steps=30 mode=0 sched=single-bucket delta_t=0 policy=0
rank=643 loaded data/768/stackoverflow_a2q_tw.sub643.txt (|V_local|=3288  t_range=[4633448,239564998])
rank=643 loaded routing data/768/stackoverflow_a2q_tw.rt643.txt (1983 entries)
rank=643 added 6 boundary-only nodes from routing
rank=633/768 dataset=stackoverflow_a2q_tw walkers=50000 (31650000..31699999) steps=30 mode=0 sched=single-bucket delta_t=0 policy=0
rank=633 loaded data/768/stackoverflow_a2q_tw.sub633.txt (|V_local|=3146  t_range=[11827397,239671409])
rank=633 loaded routing data/768/stackoverflow_a2q_tw.rt633.txt (2110 entries)
rank=633 added 9 boundary-only nodes from routing
rank=625/768 dataset=stackoverflow_a2q_tw walkers=50000 (31250000..31299999) steps=30 mode=0 sched=single-bucket delta_t=0 policy=0
rank=625 loaded data/768/stackoverflow_a2q_tw.sub625.txt (|V_local|=3150  t_range=[5994821,239651480])
rank=625 loaded routing data/768/stackoverflow_a2q_tw.rt625.txt (2134 entries)
rank=625 added 6 boundary-only nodes from routing
rank=669/768 dataset=stackoverflow_a2q_tw walkers=50000 (33450000..33499999) steps=30 mode=0 sched=single-bucket delta_t=0 policy=0
rank=669 loaded data/768/stackoverflow_a2q_tw.sub669.txt (|V_local|=3145  t_range=[5337728,239655146])
rank=669 loaded routing data/768/stackoverflow_a2q_tw.rt669.txt (2173 entries)
rank=669 added 7 boundary-only nodes from routing
rank=634/768 dataset=stackoverflow_a2q_tw walkers=50000 (31700000..31749999) steps=30 mode=0 sched=single-bucket delta_t=0 policy=0
rank=634 loaded data/768/stackoverflow_a2q_tw.sub634.txt (|V_local|=3303  t_range=[14467902,239677922])
rank=634 loaded routing data/768/stackoverflow_a2q_tw.rt634.txt (2134 entries)
rank=634 added 1 boundary-only nodes from routing
rank=648/768 dataset=stackoverflow_a2q_tw walkers=50000 (32400000..32449999) steps=30 mode=0 sched=single-bucket delta_t=0 policy=0
rank=648 loaded data/768/stackoverflow_a2q_tw.sub648.txt (|V_local|=3159  t_range=[14925860,239672532])
rank=648 loaded routing data/768/stackoverflow_a2q_tw.rt648.txt (2091 entries)
rank=648 added 3 boundary-only nodes from routing
rank=647/768 dataset=stackoverflow_a2q_tw walkers=50000 (32350000..32399999) steps=30 mode=0 sched=single-bucket delta_t=0 policy=0
rank=647 loaded data/768/stackoverflow_a2q_tw.sub647.txt (|V_local|=3304  t_range=[6329767,239545934])
rank=647 loaded routing data/768/stackoverflow_a2q_tw.rt647.txt (1525 entries)
rank=647 added 1 boundary-only nodes from routing
rank=649/768 dataset=stackoverflow_a2q_tw walkers=50000 (32450000..32499999) steps=30 mode=0 sched=single-bucket delta_t=0 policy=0
rank=649 loaded data/768/stackoverflow_a2q_tw.sub649.txt (|V_local|=3243  t_range=[12060500,239696498])
rank=649 loaded routing data/768/stackoverflow_a2q_tw.rt649.txt (2100 entries)
rank=649 added 1 boundary-only nodes from routing
rank=661/768 dataset=stackoverflow_a2q_tw walkers=50000 (33050000..33099999) steps=30 mode=0 sched=single-bucket delta_t=0 policy=0
rank=661 loaded data/768/stackoverflow_a2q_tw.sub661.txt (|V_local|=3158  t_range=[33174964,239668863])
rank=661 loaded routing data/768/stackoverflow_a2q_tw.rt661.txt (2073 entries)
rank=661 added 1 boundary-only nodes from routing
rank=671/768 dataset=stackoverflow_a2q_tw walkers=50000 (33550000..33599999) steps=30 mode=0 sched=single-bucket delta_t=0 policy=0
rank=671 loaded data/768/stackoverflow_a2q_tw.sub671.txt (|V_local|=3294  t_range=[11816805,239696492])
rank=671 loaded routing data/768/stackoverflow_a2q_tw.rt671.txt (2167 entries)
rank=671 added 4 boundary-only nodes from routing
rank=655/768 dataset=stackoverflow_a2q_tw walkers=50000 (32750000..32799999) steps=30 mode=0 sched=single-bucket delta_t=0 policy=0
rank=655 loaded data/768/stackoverflow_a2q_tw.sub655.txt (|V_local|=3158  t_range=[2464956,239695447])
rank=655 loaded routing data/768/stackoverflow_a2q_tw.rt655.txt (2185 entries)
rank=655 added 7 boundary-only nodes from routing
rank=645/768 dataset=stackoverflow_a2q_tw walkers=50000 (32250000..32299999) steps=30 mode=0 sched=single-bucket delta_t=0 policy=0
rank=645 loaded data/768/stackoverflow_a2q_tw.sub645.txt (|V_local|=3217  t_range=[6976793,239664542])
rank=645 loaded routing data/768/stackoverflow_a2q_tw.rt645.txt (2039 entries)
rank=645 added 7 boundary-only nodes from routing
rank=657/768 dataset=stackoverflow_a2q_tw walkers=50000 (32850000..32899999) steps=30 mode=0 sched=single-bucket delta_t=0 policy=0
rank=601/768 dataset=stackoverflow_a2q_tw walkers=50000 (30050000..30099999) steps=30 mode=0 sched=single-bucket delta_t=0 policy=0
rank=601 loaded data/768/stackoverflow_a2q_tw.sub601.txt (|V_local|=3153  t_range=[2965720,239694633])
rank=601 loaded routing data/768/stackoverflow_a2q_tw.rt601.txt (2188 entries)
rank=601 added 8 boundary-only nodes from routing
rank=613/768 dataset=stackoverflow_a2q_tw walkers=50000 (30650000..30699999) steps=30 mode=0 sched=single-bucket delta_t=0 policy=0
rank=613 loaded data/768/stackoverflow_a2q_tw.sub613.txt (|V_local|=3154  t_range=[3094453,239660271])
rank=613 loaded routing data/768/stackoverflow_a2q_tw.rt613.txt (2045 entries)
rank=613 added 2 boundary-only nodes from routing
rank=600/768 dataset=stackoverflow_a2q_tw walkers=50000 (30000000..30049999) steps=30 mode=0 sched=single-bucket delta_t=0 policy=0
rank=600 loaded data/768/stackoverflow_a2q_tw.sub600.txt (|V_local|=3143  t_range=[4111720,239663580])
rank=600 loaded routing data/768/stackoverflow_a2q_tw.rt600.txt (2134 entries)
rank=600 added 5 boundary-only nodes from routing
rank=619/768 dataset=stackoverflow_a2q_tw walkers=50000 (30950000..30999999) steps=30 mode=0 sched=single-bucket delta_t=0 policy=0
rank=619 loaded data/768/stackoverflow_a2q_tw.sub619.txt (|V_local|=3157  t_range=[4307919,239634319])
rank=619 loaded routing data/768/stackoverflow_a2q_tw.rt619.txt (1983 entries)
rank=619 added 5 boundary-only nodes from routing
rank=593/768 dataset=stackoverflow_a2q_tw walkers=50000 (29650000..29699999) steps=30 mode=0 sched=single-bucket delta_t=0 policy=0
rank=593 loaded data/768/stackoverflow_a2q_tw.sub593.txt (|V_local|=3296  t_range=[39194577,239698299])
rank=593 loaded routing data/768/stackoverflow_a2q_tw.rt593.txt (2188 entries)
rank=593 added 6 boundary-only nodes from routing
rank=594/768 dataset=stackoverflow_a2q_tw walkers=50000 (29700000..29749999) steps=30 mode=0 sched=single-bucket delta_t=0 policy=0
rank=594 loaded data/768/stackoverflow_a2q_tw.sub594.txt (|V_local|=3157  t_range=[2315562,239686938])
rank=594 loaded routing data/768/stackoverflow_a2q_tw.rt594.txt (2147 entries)
rank=594 added 2 boundary-only nodes from routing
rank=607/768 dataset=stackoverflow_a2q_tw walkers=50000 (30350000..30399999) steps=30 mode=0 sched=single-bucket delta_t=0 policy=0
rank=607 loaded data/768/stackoverflow_a2q_tw.sub607.txt (|V_local|=3159  t_range=[592921,239671951])
rank=607 loaded routing data/768/stackoverflow_a2q_tw.rt607.txt (1888 entries)
rank=607 added 6 boundary-only nodes from routing
rank=586/768 dataset=stackoverflow_a2q_tw walkers=50000 (29300000..29349999) steps=30 mode=0 sched=single-bucket delta_t=0 policy=0
rank=586 loaded data/768/stackoverflow_a2q_tw.sub586.txt (|V_local|=3304  t_range=[26847183,239687680])
rank=586 loaded routing data/768/stackoverflow_a2q_tw.rt586.txt (1787 entries)
rank=586 added 1 boundary-only nodes from routing
rank=590/768 dataset=stackoverflow_a2q_tw walkers=50000 (29500000..29549999) steps=30 mode=0 sched=single-bucket delta_t=0 policy=0
rank=590 loaded data/768/stackoverflow_a2q_tw.sub590.txt (|V_local|=3155  t_range=[14397970,239637100])
rank=590 loaded routing data/768/stackoverflow_a2q_tw.rt590.txt (2027 entries)
rank=590 added 1 boundary-only nodes from routing
rank=598/768 dataset=stackoverflow_a2q_tw walkers=50000 (29900000..29949999) steps=30 mode=0 sched=single-bucket delta_t=0 policy=0
rank=598 loaded data/768/stackoverflow_a2q_tw.sub598.txt (|V_local|=3284  t_range=[18136322,239693569])
rank=598 loaded routing data/768/stackoverflow_a2q_tw.rt598.txt (1961 entries)
rank=598 added 2 boundary-only nodes from routing
rank=596/768 dataset=stackoverflow_a2q_tw walkers=50000 (29800000..29849999) steps=30 mode=0 sched=single-bucket delta_t=0 policy=0
rank=596 loaded data/768/stackoverflow_a2q_tw.sub596.txt (|V_local|=3301  t_range=[64422778,239678943])
rank=596 loaded routing data/768/stackoverflow_a2q_tw.rt596.txt (2115 entries)
rank=596 added 2 boundary-only nodes from routing
rank=608/768 dataset=stackoverflow_a2q_tw walkers=50000 (30400000..30449999) steps=30 mode=0 sched=single-bucket delta_t=0 policy=0
rank=608 loaded data/768/stackoverflow_a2q_tw.sub608.txt (|V_local|=3158  t_range=[13661501,239677400])
rank=608 loaded routing data/768/stackoverflow_a2q_tw.rt608.txt (2171 entries)
rank=608 added 2 boundary-only nodes from routing
rank=621/768 dataset=stackoverflow_a2q_tw walkers=50000 (31050000..31099999) steps=30 mode=0 sched=single-bucket delta_t=0 policy=0
rank=621 loaded data/768/stackoverflow_a2q_tw.sub621.txt (|V_local|=3154  t_range=[5338757,239674799])
rank=621 loaded routing data/768/stackoverflow_a2q_tw.rt621.txt (1958 entries)
rank=621 added 4 boundary-only nodes from routing
rank=582/768 dataset=stackoverflow_a2q_tw walkers=50000 (29100000..29149999) steps=30 mode=0 sched=single-bucket delta_t=0 policy=0
rank=582 loaded data/768/stackoverflow_a2q_tw.sub582.txt (|V_local|=3150  t_range=[11489250,239693013])
rank=582 loaded routing data/768/stackoverflow_a2q_tw.rt582.txt (2136 entries)
rank=582 added 4 boundary-only nodes from routing
rank=616/768 dataset=stackoverflow_a2q_tw walkers=50000 (30800000..30849999) steps=30 mode=0 sched=single-bucket delta_t=0 policy=0
rank=616 loaded data/768/stackoverflow_a2q_tw.sub616.txt (|V_local|=3303  t_range=[6381964,239696094])
rank=616 loaded routing data/768/stackoverflow_a2q_tw.rt616.txt (1660 entries)
rank=616 added 1 boundary-only nodes from routing
rank=614/768 dataset=stackoverflow_a2q_tw walkers=50000 (30700000..30749999) steps=30 mode=0 sched=single-bucket delta_t=0 policy=0
rank=614 loaded data/768/stackoverflow_a2q_tw.sub614.txt (|V_local|=3162  t_range=[7858897,239682381])
rank=614 loaded routing data/768/stackoverflow_a2q_tw.rt614.txt (1899 entries)
rank=614 added 3 boundary-only nodes from routing
rank=617/768 dataset=stackoverflow_a2q_tw walkers=50000 (30850000..30899999) steps=30 mode=0 sched=single-bucket delta_t=0 policy=0
rank=617 loaded data/768/stackoverflow_a2q_tw.sub617.txt (|V_local|=3152  t_range=[28316168,239693353])
rank=617 loaded routing data/768/stackoverflow_a2q_tw.rt617.txt (2034 entries)
rank=617 added 3 boundary-only nodes from routing
rank=618/768 dataset=stackoverflow_a2q_tw walkers=50000 (30900000..30949999) steps=30 mode=0 sched=single-bucket delta_t=0 policy=0
rank=618 loaded data/768/stackoverflow_a2q_tw.sub618.txt (|V_local|=3153  t_range=[6345992,239664323])
rank=618 loaded routing data/768/stackoverflow_a2q_tw.rt618.txt (2075 entries)
rank=618 added 8 boundary-only nodes from routing
rank=602/768 dataset=stackoverflow_a2q_tw walkers=50000 (30100000..30149999) steps=30 mode=0 sched=single-bucket delta_t=0 policy=0
rank=602 loaded data/768/stackoverflow_a2q_tw.sub602.txt (|V_local|=3157  t_range=[4790111,239683792])
rank=602 loaded routing data/768/stackoverflow_a2q_tw.rt602.txt (2029 entries)
rank=602 added 3 boundary-only nodes from routing
rank=610/768 dataset=stackoverflow_a2q_tw walkers=50000 (30500000..30549999) steps=30 mode=0 sched=single-bucket delta_t=0 policy=0
rank=610 loaded data/768/stackoverflow_a2q_tw.sub610.txt (|V_local|=3174  t_range=[15693640,239694340])
rank=610 loaded routing data/768/stackoverflow_a2q_tw.rt610.txt (1933 entries)
rank=610 added 1 boundary-only nodes from routing
rank=611/768 dataset=stackoverflow_a2q_tw walkers=50000 (30550000..30599999) steps=30 mode=0 sched=single-bucket delta_t=0 policy=0
rank=611 loaded data/768/stackoverflow_a2q_tw.sub611.txt (|V_local|=3147  t_range=[14551467,239673998])
rank=611 loaded routing data/768/stackoverflow_a2q_tw.rt611.txt (2151 entries)
rank=611 added 7 boundary-only nodes from routing
rank=576/768 dataset=stackoverflow_a2q_tw walkers=50000 (28800000..28849999) steps=30 mode=0 sched=single-bucket delta_t=0 policy=0
rank=576 loaded data/768/stackoverflow_a2q_tw.sub576.txt (|V_local|=3150  t_range=[4121226,239677352])
rank=576 loaded routing data/768/stackoverflow_a2q_tw.rt576.txt (2165 entries)
rank=576 added 3 boundary-only nodes from routing
rank=615/768 dataset=stackoverflow_a2q_tw walkers=50000 (30750000..30799999) steps=30 mode=0 sched=single-bucket delta_t=0 policy=0
rank=694 loaded routing data/768/stackoverflow_a2q_tw.rt694.txt (2058 entries)
rank=694 added 4 boundary-only nodes from routing
rank=719/768 dataset=stackoverflow_a2q_tw walkers=50000 (35950000..35999999) steps=30 mode=0 sched=single-bucket delta_t=0 policy=0
rank=719 loaded data/768/stackoverflow_a2q_tw.sub719.txt (|V_local|=3268  t_range=[7345323,239661157])
rank=719 loaded routing data/768/stackoverflow_a2q_tw.rt719.txt (2138 entries)
rank=719 added 1 boundary-only nodes from routing
rank=708/768 dataset=stackoverflow_a2q_tw walkers=50000 (35400000..35449999) steps=30 mode=0 sched=single-bucket delta_t=0 policy=0
rank=708 loaded data/768/stackoverflow_a2q_tw.sub708.txt (|V_local|=3178  t_range=[9055464,239568335])
rank=708 loaded routing data/768/stackoverflow_a2q_tw.rt708.txt (2234 entries)
rank=708 added 7 boundary-only nodes from routing
rank=709/768 dataset=stackoverflow_a2q_tw walkers=50000 (35450000..35499999) steps=30 mode=0 sched=single-bucket delta_t=0 policy=0
rank=709 loaded data/768/stackoverflow_a2q_tw.sub709.txt (|V_local|=3303  t_range=[17354386,239675454])
rank=709 loaded routing data/768/stackoverflow_a2q_tw.rt709.txt (2046 entries)
rank=709 added 2 boundary-only nodes from routing
rank=462 loaded routing data/768/stackoverflow_a2q_tw.rt462.txt (2050 entries)
rank=462 added 25 boundary-only nodes from routing
rank=443/768 dataset=stackoverflow_a2q_tw walkers=50000 (22150000..22199999) steps=30 mode=0 sched=single-bucket delta_t=0 policy=0
rank=443 loaded data/768/stackoverflow_a2q_tw.sub443.txt (|V_local|=3165  t_range=[6920406,239684073])
rank=443 loaded routing data/768/stackoverflow_a2q_tw.rt443.txt (1942 entries)
rank=443 added 4 boundary-only nodes from routing
rank=448/768 dataset=stackoverflow_a2q_tw walkers=50000 (22400000..22449999) steps=30 mode=0 sched=single-bucket delta_t=0 policy=0
rank=448 loaded data/768/stackoverflow_a2q_tw.sub448.txt (|V_local|=3288  t_range=[19422851,239695480])
rank=448 loaded routing data/768/stackoverflow_a2q_tw.rt448.txt (1938 entries)
rank=448 added 11 boundary-only nodes from routing
rank=466/768 dataset=stackoverflow_a2q_tw walkers=50000 (23300000..23349999) steps=30 mode=0 sched=single-bucket delta_t=0 policy=0
rank=466 loaded data/768/stackoverflow_a2q_tw.sub466.txt (|V_local|=3282  t_range=[4580969,239696630])
rank=466 loaded routing data/768/stackoverflow_a2q_tw.rt466.txt (1702 entries)
rank=466 added 21 boundary-only nodes from routing
rank=364/768 dataset=stackoverflow_a2q_tw walkers=50000 (18200000..18249999) steps=30 mode=0 sched=single-bucket delta_t=0 policy=0
rank=364 loaded data/768/stackoverflow_a2q_tw.sub364.txt (|V_local|=3221  t_range=[5837741,239697546])
rank=364 loaded routing data/768/stackoverflow_a2q_tw.rt364.txt (2076 entries)
rank=379/768 dataset=stackoverflow_a2q_tw walkers=50000 (18950000..18999999) steps=30 mode=0 sched=single-bucket delta_t=0 policy=0
rank=379 loaded data/768/stackoverflow_a2q_tw.sub379.txt (|V_local|=3148  t_range=[4227325,239691520])
rank=379 loaded routing data/768/stackoverflow_a2q_tw.rt379.txt (2099 entries)
rank=379 added 5 boundary-only nodes from routing
rank=347/768 dataset=stackoverflow_a2q_tw walkers=50000 (17350000..17399999) steps=30 mode=0 sched=single-bucket delta_t=0 policy=0
rank=347 loaded data/768/stackoverflow_a2q_tw.sub347.txt (|V_local|=3299  t_range=[4298349,239678189])
rank=347 loaded routing data/768/stackoverflow_a2q_tw.rt347.txt (1689 entries)
rank=347 added 1 boundary-only nodes from routing
rank=403/768 dataset=stackoverflow_a2q_tw walkers=50000 (20150000..20199999) steps=30 mode=0 sched=single-bucket delta_t=0 policy=0
rank=403 loaded data/768/stackoverflow_a2q_tw.sub403.txt (|V_local|=3302  t_range=[4186092,239691447])
rank=403 loaded routing data/768/stackoverflow_a2q_tw.rt403.txt (2141 entries)
rank=403 added 1 boundary-only nodes from routing
rank=415/768 dataset=stackoverflow_a2q_tw walkers=50000 (20750000..20799999) steps=30 mode=0 sched=single-bucket delta_t=0 policy=0
rank=415 loaded data/768/stackoverflow_a2q_tw.sub415.txt (|V_local|=3297  t_range=[4120338,239688297])
rank=415 loaded routing data/768/stackoverflow_a2q_tw.rt415.txt (1794 entries)
rank=415 added 5 boundary-only nodes from routing
rank=423/768 dataset=stackoverflow_a2q_tw walkers=50000 (21150000..21199999) steps=30 mode=0 sched=single-bucket delta_t=0 policy=0
rank=423 loaded data/768/stackoverflow_a2q_tw.sub423.txt (|V_local|=3218  t_range=[17001405,239683135])
rank=423 loaded routing data/768/stackoverflow_a2q_tw.rt423.txt (1850 entries)
rank=423 added 1 boundary-only nodes from routing
rank=745/768 dataset=stackoverflow_a2q_tw walkers=50000 (37250000..37299999) steps=30 mode=0 sched=single-bucket delta_t=0 policy=0
rank=745 loaded data/768/stackoverflow_a2q_tw.sub745.txt (|V_local|=3304  t_range=[31473100,239573848])
rank=745 loaded routing data/768/stackoverflow_a2q_tw.rt745.txt (1195 entries)
rank=746/768 dataset=stackoverflow_a2q_tw walkers=50000 (37300000..37349999) steps=30 mode=0 sched=single-bucket delta_t=0 policy=0
rank=746 loaded data/768/stackoverflow_a2q_tw.sub746.txt (|V_local|=3149  t_range=[4200464,239660889])
rank=746 loaded routing data/768/stackoverflow_a2q_tw.rt746.txt (2097 entries)
rank=746 added 6 boundary-only nodes from routing
rank=740/768 dataset=stackoverflow_a2q_tw walkers=50000 (37000000..37049999) steps=30 mode=0 sched=single-bucket delta_t=0 policy=0
rank=740 loaded data/768/stackoverflow_a2q_tw.sub740.txt (|V_local|=3150  t_range=[4219612,239651738])
rank=740 loaded routing data/768/stackoverflow_a2q_tw.rt740.txt (2145 entries)
rank=740 added 6 boundary-only nodes from routing
rank=738/768 dataset=stackoverflow_a2q_tw walkers=50000 (36900000..36949999) steps=30 mode=0 sched=single-bucket delta_t=0 policy=0
rank=738 loaded data/768/stackoverflow_a2q_tw.sub738.txt (|V_local|=3158  t_range=[4622087,239652239])
rank=738 loaded routing data/768/stackoverflow_a2q_tw.rt738.txt (2125 entries)
rank=738 added 4 boundary-only nodes from routing
rank=758/768 dataset=stackoverflow_a2q_tw walkers=50000 (37900000..37949999) steps=30 mode=0 sched=single-bucket delta_t=0 policy=0
rank=758 loaded data/768/stackoverflow_a2q_tw.sub758.txt (|V_local|=3144  t_range=[24767798,239672366])
rank=758 loaded routing data/768/stackoverflow_a2q_tw.rt758.txt (75 entries)
rank=758 added 1 boundary-only nodes from routing
rank=735/768 dataset=stackoverflow_a2q_tw walkers=50000 (36750000..36799999) steps=30 mode=0 sched=single-bucket delta_t=0 policy=0
rank=735 loaded data/768/stackoverflow_a2q_tw.sub735.txt (|V_local|=3155  t_range=[2483745,239657761])
rank=735 loaded routing data/768/stackoverflow_a2q_tw.rt735.txt (2192 entries)
rank=735 added 6 boundary-only nodes from routing
rank=720/768 dataset=stackoverflow_a2q_tw walkers=50000 (36000000..36049999) steps=30 mode=0 sched=single-bucket delta_t=0 policy=0
rank=720 loaded data/768/stackoverflow_a2q_tw.sub720.txt (|V_local|=3155  t_range=[2922912,239691342])
rank=720 loaded routing data/768/stackoverflow_a2q_tw.rt720.txt (1937 entries)
rank=720 added 3 boundary-only nodes from routing
rank=757/768 dataset=stackoverflow_a2q_tw walkers=50000 (37850000..37899999) steps=30 mode=0 sched=single-bucket delta_t=0 policy=0
rank=757 loaded data/768/stackoverflow_a2q_tw.sub757.txt (|V_local|=3136  t_range=[13617205,239643301])
rank=757 loaded routing data/768/stackoverflow_a2q_tw.rt757.txt (106 entries)
rank=757 added 18 boundary-only nodes from routing
rank=739/768 dataset=stackoverflow_a2q_tw walkers=50000 (36950000..36999999) steps=30 mode=0 sched=single-bucket delta_t=0 policy=0
rank=739 loaded data/768/stackoverflow_a2q_tw.sub739.txt (|V_local|=3155  t_range=[2440665,239666136])
rank=739 loaded routing data/768/stackoverflow_a2q_tw.rt739.txt (2134 entries)
rank=739 added 4 boundary-only nodes from routing
rank=42/768 dataset=stackoverflow_a2q_tw walkers=50000 (2100000..2149999) steps=30 mode=0 sched=single-bucket delta_t=0 policy=0
rank=42 loaded data/768/stackoverflow_a2q_tw.sub42.txt (|V_local|=3297  t_range=[6279484,239696958])
rank=42 loaded routing data/768/stackoverflow_a2q_tw.rt42.txt (1976 entries)
rank=42 added 5 boundary-only nodes from routing
rank=46/768 dataset=stackoverflow_a2q_tw walkers=50000 (2300000..2349999) steps=30 mode=0 sched=single-bucket delta_t=0 policy=0
rank=46 loaded data/768/stackoverflow_a2q_tw.sub46.txt (|V_local|=3156  t_range=[2848296,239631118])
rank=46 loaded routing data/768/stackoverflow_a2q_tw.rt46.txt (2180 entries)
rank=46 added 2 boundary-only nodes from routing
rank=38/768 dataset=stackoverflow_a2q_tw walkers=50000 (1900000..1949999) steps=30 mode=0 sched=single-bucket delta_t=0 policy=0
rank=38 loaded data/768/stackoverflow_a2q_tw.sub38.txt (|V_local|=3300  t_range=[3510454,239678637])
rank=38 loaded routing data/768/stackoverflow_a2q_tw.rt38.txt (1891 entries)
rank=38 added 2 boundary-only nodes from routing
rank=26/768 dataset=stackoverflow_a2q_tw walkers=50000 (1300000..1349999) steps=30 mode=0 sched=single-bucket delta_t=0 policy=0
rank=26 loaded data/768/stackoverflow_a2q_tw.sub26.txt (|V_local|=3156  t_range=[2507690,239641471])
rank=26 loaded routing data/768/stackoverflow_a2q_tw.rt26.txt (2139 entries)
rank=26 added 3 boundary-only nodes from routing
rank=35/768 dataset=stackoverflow_a2q_tw walkers=50000 (1750000..1799999) steps=30 mode=0 sched=single-bucket delta_t=0 policy=0
rank=35 loaded data/768/stackoverflow_a2q_tw.sub35.txt (|V_local|=3301  t_range=[5812443,239663409])
rank=35 loaded routing data/768/stackoverflow_a2q_tw.rt35.txt (1560 entries)
rank=35 added 4 boundary-only nodes from routing
rank=13/768 dataset=stackoverflow_a2q_tw walkers=50000 (650000..699999) steps=30 mode=0 sched=single-bucket delta_t=0 policy=0
rank=13 loaded data/768/stackoverflow_a2q_tw.sub13.txt (|V_local|=3300  t_range=[4326612,239606359])
rank=13 loaded routing data/768/stackoverflow_a2q_tw.rt13.txt (1814 entries)
rank=13 added 4 boundary-only nodes from routing
rank=25/768 dataset=stackoverflow_a2q_tw walkers=50000 (1250000..1299999) steps=30 mode=0 sched=single-bucket delta_t=0 policy=0
rank=25 loaded data/768/stackoverflow_a2q_tw.sub25.txt (|V_local|=3147  t_range=[5609867,239680416])
rank=25 loaded routing data/768/stackoverflow_a2q_tw.rt25.txt (2021 entries)
rank=25 added 3 boundary-only nodes from routing
rank=41/768 dataset=stackoverflow_a2q_tw walkers=50000 (2050000..2099999) steps=30 mode=0 sched=single-bucket delta_t=0 policy=0
rank=41 loaded data/768/stackoverflow_a2q_tw.sub41.txt (|V_local|=3302  t_range=[2175541,239684250])
rank=41 loaded routing data/768/stackoverflow_a2q_tw.rt41.txt (1837 entries)
rank=41 added 3 boundary-only nodes from routing
rank=9/768 dataset=stackoverflow_a2q_tw walkers=50000 (450000..499999) steps=30 mode=0 sched=single-bucket delta_t=0 policy=0
rank=9 loaded data/768/stackoverflow_a2q_tw.sub9.txt (|V_local|=3155  t_range=[11503052,239696134])
rank=9 loaded routing data/768/stackoverflow_a2q_tw.rt9.txt (2196 entries)
rank=9 added 6 boundary-only nodes from routing
rank=546/768 dataset=stackoverflow_a2q_tw walkers=50000 (27300000..27349999) steps=30 mode=0 sched=single-bucket delta_t=0 policy=0
rank=546 loaded data/768/stackoverflow_a2q_tw.sub546.txt (|V_local|=3148  t_range=[11495186,239670963])
rank=546 loaded routing data/768/stackoverflow_a2q_tw.rt546.txt (2051 entries)
rank=546 added 8 boundary-only nodes from routing
rank=538/768 dataset=stackoverflow_a2q_tw walkers=50000 (26900000..26949999) steps=30 mode=0 sched=single-bucket delta_t=0 policy=0
rank=538 loaded data/768/stackoverflow_a2q_tw.sub538.txt (|V_local|=3159  t_range=[5753690,239614658])
rank=538 loaded routing data/768/stackoverflow_a2q_tw.rt538.txt (1898 entries)
rank=538 added 1 boundary-only nodes from routing
rank=571/768 dataset=stackoverflow_a2q_tw walkers=50000 (28550000..28599999) steps=30 mode=0 sched=single-bucket delta_t=0 policy=0
rank=571 loaded data/768/stackoverflow_a2q_tw.sub571.txt (|V_local|=3297  t_range=[3955293,239638743])
rank=571 loaded routing data/768/stackoverflow_a2q_tw.rt571.txt (1928 entries)
rank=571 added 7 boundary-only nodes from routing
rank=558/768 dataset=stackoverflow_a2q_tw walkers=50000 (27900000..27949999) steps=30 mode=0 sched=single-bucket delta_t=0 policy=0
rank=558 loaded data/768/stackoverflow_a2q_tw.sub558.txt (|V_local|=3153  t_range=[1099187,239690685])
rank=558 loaded routing data/768/stackoverflow_a2q_tw.rt558.txt (2114 entries)
rank=558 added 5 boundary-only nodes from routing
rank=557/768 dataset=stackoverflow_a2q_tw walkers=50000 (27850000..27899999) steps=30 mode=0 sched=single-bucket delta_t=0 policy=0
rank=557 loaded data/768/stackoverflow_a2q_tw.sub557.txt (|V_local|=3296  t_range=[7091315,239698235])
rank=557 loaded routing data/768/stackoverflow_a2q_tw.rt557.txt (1816 entries)
rank=557 added 1 boundary-only nodes from routing
rank=565/768 dataset=stackoverflow_a2q_tw walkers=50000 (28250000..28299999) steps=30 mode=0 sched=single-bucket delta_t=0 policy=0
rank=565 loaded data/768/stackoverflow_a2q_tw.sub565.txt (|V_local|=3302  t_range=[1920575,239679801])
rank=565 loaded routing data/768/stackoverflow_a2q_tw.rt565.txt (1479 entries)
rank=565 added 3 boundary-only nodes from routing
rank=500/768 dataset=stackoverflow_a2q_tw walkers=50000 (25000000..25049999) steps=30 mode=0 sched=single-bucket delta_t=0 policy=0
rank=500 loaded data/768/stackoverflow_a2q_tw.sub500.txt (|V_local|=3303  t_range=[4112921,239655299])
rank=500 loaded routing data/768/stackoverflow_a2q_tw.rt500.txt (1771 entries)
rank=500 added 2 boundary-only nodes from routing
rank=515/768 dataset=stackoverflow_a2q_tw walkers=50000 (25750000..25799999) steps=30 mode=0 sched=single-bucket delta_t=0 policy=0
rank=515 loaded data/768/stackoverflow_a2q_tw.sub515.txt (|V_local|=3158  t_range=[5856874,239687034])
rank=515 loaded routing data/768/stackoverflow_a2q_tw.rt515.txt (2166 entries)
rank=515 added 1 boundary-only nodes from routing
rank=161/768 dataset=stackoverflow_a2q_tw walkers=50000 (8050000..8099999) steps=30 mode=0 sched=single-bucket delta_t=0 policy=0
rank=161 loaded data/768/stackoverflow_a2q_tw.sub161.txt (|V_local|=3235  t_range=[33631244,239695733])
rank=161 loaded routing data/768/stackoverflow_a2q_tw.rt161.txt (2127 entries)
rank=161 added 1 boundary-only nodes from routing
rank=172/768 dataset=stackoverflow_a2q_tw walkers=50000 (8600000..8649999) steps=30 mode=0 sched=single-bucket delta_t=0 policy=0
rank=172 loaded data/768/stackoverflow_a2q_tw.sub172.txt (|V_local|=3304  t_range=[13884423,239689517])
rank=172 loaded routing data/768/stackoverflow_a2q_tw.rt172.txt (1989 entries)
rank=172 added 1 boundary-only nodes from routing
rank=186/768 dataset=stackoverflow_a2q_tw walkers=50000 (9300000..9349999) steps=30 mode=0 sched=single-bucket delta_t=0 policy=0
rank=186 loaded data/768/stackoverflow_a2q_tw.sub186.txt (|V_local|=3160  t_range=[4704461,239686692])
rank=186 loaded routing data/768/stackoverflow_a2q_tw.rt186.txt (2118 entries)
rank=186 added 1 boundary-only nodes from routing
rank=154/768 dataset=stackoverflow_a2q_tw walkers=50000 (7700000..7749999) steps=30 mode=0 sched=single-bucket delta_t=0 policy=0
rank=154 loaded data/768/stackoverflow_a2q_tw.sub154.txt (|V_local|=3158  t_range=[7200245,239689743])
rank=154 loaded routing data/768/stackoverflow_a2q_tw.rt154.txt (2167 entries)
rank=154 added 3 boundary-only nodes from routing
rank=182/768 dataset=stackoverflow_a2q_tw walkers=50000 (9100000..9149999) steps=30 mode=0 sched=single-bucket delta_t=0 policy=0
rank=182 loaded data/768/stackoverflow_a2q_tw.sub182.txt (|V_local|=3155  t_range=[22423418,239688138])
rank=182 loaded routing data/768/stackoverflow_a2q_tw.rt182.txt (2007 entries)
rank=157/768 dataset=stackoverflow_a2q_tw walkers=50000 (7850000..7899999) steps=30 mode=0 sched=single-bucket delta_t=0 policy=0
rank=157 loaded data/768/stackoverflow_a2q_tw.sub157.txt (|V_local|=3301  t_range=[4401097,239684374])
rank=157 loaded routing data/768/stackoverflow_a2q_tw.rt157.txt (2115 entries)
rank=157 added 1 boundary-only nodes from routing
rank=167/768 dataset=stackoverflow_a2q_tw walkers=50000 (8350000..8399999) steps=30 mode=0 sched=single-bucket delta_t=0 policy=0
rank=167 loaded data/768/stackoverflow_a2q_tw.sub167.txt (|V_local|=3302  t_range=[18987246,239685984])
rank=167 loaded routing data/768/stackoverflow_a2q_tw.rt167.txt (2087 entries)
rank=167 added 3 boundary-only nodes from routing
rank=191/768 dataset=stackoverflow_a2q_tw walkers=50000 (9550000..9599999) steps=30 mode=0 sched=single-bucket delta_t=0 policy=0
rank=191 loaded data/768/stackoverflow_a2q_tw.sub191.txt (|V_local|=3269  t_range=[40935388,239693063])
rank=191 loaded routing data/768/stackoverflow_a2q_tw.rt191.txt (2128 entries)
rank=179/768 dataset=stackoverflow_a2q_tw walkers=50000 (8950000..8999999) steps=30 mode=0 sched=single-bucket delta_t=0 policy=0
rank=179 loaded data/768/stackoverflow_a2q_tw.sub179.txt (|V_local|=3163  t_range=[20267140,239639581])
rank=179 loaded routing data/768/stackoverflow_a2q_tw.rt179.txt (2152 entries)
rank=179 added 1 boundary-only nodes from routing
rank=151/768 dataset=stackoverflow_a2q_tw walkers=50000 (7550000..7599999) steps=30 mode=0 sched=single-bucket delta_t=0 policy=0
rank=151 loaded data/768/stackoverflow_a2q_tw.sub151.txt (|V_local|=3244  t_range=[24067525,239694109])
rank=151 loaded routing data/768/stackoverflow_a2q_tw.rt151.txt (2120 entries)
rank=163/768 dataset=stackoverflow_a2q_tw walkers=50000 (8150000..8199999) steps=30 mode=0 sched=single-bucket delta_t=0 policy=0
rank=163 loaded data/768/stackoverflow_a2q_tw.sub163.txt (|V_local|=3163  t_range=[4066806,239697850])
rank=163 loaded routing data/768/stackoverflow_a2q_tw.rt163.txt (2185 entries)
rank=163 added 1 boundary-only nodes from routing
rank=155/768 dataset=stackoverflow_a2q_tw walkers=50000 (7750000..7799999) steps=30 mode=0 sched=single-bucket delta_t=0 policy=0
rank=155 loaded data/768/stackoverflow_a2q_tw.sub155.txt (|V_local|=3301  t_range=[9479911,239695728])
rank=155 loaded routing data/768/stackoverflow_a2q_tw.rt155.txt (2027 entries)
rank=162/768 dataset=stackoverflow_a2q_tw walkers=50000 (8100000..8149999) steps=30 mode=0 sched=single-bucket delta_t=0 policy=0
rank=162 loaded data/768/stackoverflow_a2q_tw.sub162.txt (|V_local|=3158  t_range=[13335428,239669642])
rank=162 loaded routing data/768/stackoverflow_a2q_tw.rt162.txt (2065 entries)
rank=162 added 1 boundary-only nodes from routing
rank=190/768 dataset=stackoverflow_a2q_tw walkers=50000 (9500000..9549999) steps=30 mode=0 sched=single-bucket delta_t=0 policy=0
rank=190 loaded data/768/stackoverflow_a2q_tw.sub190.txt (|V_local|=3160  t_range=[9325409,239676459])
rank=190 loaded routing data/768/stackoverflow_a2q_tw.rt190.txt (2168 entries)
rank=190 added 1 boundary-only nodes from routing
rank=166/768 dataset=stackoverflow_a2q_tw walkers=50000 (8300000..8349999) steps=30 mode=0 sched=single-bucket delta_t=0 policy=0
rank=166 loaded data/768/stackoverflow_a2q_tw.sub166.txt (|V_local|=3158  t_range=[7512945,239694514])
rank=166 loaded routing data/768/stackoverflow_a2q_tw.rt166.txt (2099 entries)
rank=166 added 1 boundary-only nodes from routing
rank=173/768 dataset=stackoverflow_a2q_tw walkers=50000 (8650000..8699999) steps=30 mode=0 sched=single-bucket delta_t=0 policy=0
rank=173 loaded data/768/stackoverflow_a2q_tw.sub173.txt (|V_local|=3166  t_range=[16110323,239693009])
rank=173 loaded routing data/768/stackoverflow_a2q_tw.rt173.txt (2084 entries)
rank=185/768 dataset=stackoverflow_a2q_tw walkers=50000 (9250000..9299999) steps=30 mode=0 sched=single-bucket delta_t=0 policy=0
rank=185 loaded data/768/stackoverflow_a2q_tw.sub185.txt (|V_local|=3161  t_range=[789705,239691900])
rank=185 loaded routing data/768/stackoverflow_a2q_tw.rt185.txt (2230 entries)
rank=185 added 1 boundary-only nodes from routing
rank=171/768 dataset=stackoverflow_a2q_tw walkers=50000 (8550000..8599999) steps=30 mode=0 sched=single-bucket delta_t=0 policy=0
rank=171 loaded data/768/stackoverflow_a2q_tw.sub171.txt (|V_local|=3146  t_range=[4302174,239690817])
rank=171 loaded routing data/768/stackoverflow_a2q_tw.rt171.txt (2236 entries)
rank=171 added 10 boundary-only nodes from routing
rank=170/768 dataset=stackoverflow_a2q_tw walkers=50000 (8500000..8549999) steps=30 mode=0 sched=single-bucket delta_t=0 policy=0
rank=170 loaded data/768/stackoverflow_a2q_tw.sub170.txt (|V_local|=3158  t_range=[7681058,239685974])
rank=170 loaded routing data/768/stackoverflow_a2q_tw.rt170.txt (2127 entries)
rank=170 added 2 boundary-only nodes from routing
rank=178/768 dataset=stackoverflow_a2q_tw walkers=50000 (8900000..8949999) steps=30 mode=0 sched=single-bucket delta_t=0 policy=0
rank=178 loaded data/768/stackoverflow_a2q_tw.sub178.txt (|V_local|=3155  t_range=[3355793,239698455])
rank=178 loaded routing data/768/stackoverflow_a2q_tw.rt178.txt (1932 entries)
rank=144/768 dataset=stackoverflow_a2q_tw walkers=50000 (7200000..7249999) steps=30 mode=0 sched=single-bucket delta_t=0 policy=0
rank=144 loaded data/768/stackoverflow_a2q_tw.sub144.txt (|V_local|=3152  t_range=[256708,239686839])
rank=144 loaded routing data/768/stackoverflow_a2q_tw.rt144.txt (2018 entries)
rank=144 added 8 boundary-only nodes from routing
rank=158/768 dataset=stackoverflow_a2q_tw walkers=50000 (7900000..7949999) steps=30 mode=0 sched=single-bucket delta_t=0 policy=0
rank=158 loaded data/768/stackoverflow_a2q_tw.sub158.txt (|V_local|=3165  t_range=[9420527,239698614])
rank=158 loaded routing data/768/stackoverflow_a2q_tw.rt158.txt (2183 entries)
rank=158 added 3 boundary-only nodes from routing
rank=174/768 dataset=stackoverflow_a2q_tw walkers=50000 (8700000..8749999) steps=30 mode=0 sched=single-bucket delta_t=0 policy=0
rank=174 loaded data/768/stackoverflow_a2q_tw.sub174.txt (|V_local|=3163  t_range=[5328169,239686713])
rank=174 loaded routing data/768/stackoverflow_a2q_tw.rt174.txt (2066 entries)
rank=174 added 6 boundary-only nodes from routing
rank=159/768 dataset=stackoverflow_a2q_tw walkers=50000 (7950000..7999999) steps=30 mode=0 sched=single-bucket delta_t=0 policy=0
rank=329 loaded routing data/768/stackoverflow_a2q_tw.rt329.txt (2143 entries)
rank=329 added 8 boundary-only nodes from routing
rank=325/768 dataset=stackoverflow_a2q_tw walkers=50000 (16250000..16299999) steps=30 mode=0 sched=single-bucket delta_t=0 policy=0
rank=325 loaded data/768/stackoverflow_a2q_tw.sub325.txt (|V_local|=3302  t_range=[3989969,239680761])
rank=325 loaded routing data/768/stackoverflow_a2q_tw.rt325.txt (1327 entries)
rank=325 added 3 boundary-only nodes from routing
rank=301/768 dataset=stackoverflow_a2q_tw walkers=50000 (15050000..15099999) steps=30 mode=0 sched=single-bucket delta_t=0 policy=0
rank=301 loaded data/768/stackoverflow_a2q_tw.sub301.txt (|V_local|=3300  t_range=[22866691,239681367])
rank=301 loaded routing data/768/stackoverflow_a2q_tw.rt301.txt (2007 entries)
rank=301 added 3 boundary-only nodes from routing
rank=324/768 dataset=stackoverflow_a2q_tw walkers=50000 (16200000..16249999) steps=30 mode=0 sched=single-bucket delta_t=0 policy=0
rank=324 loaded data/768/stackoverflow_a2q_tw.sub324.txt (|V_local|=3166  t_range=[2011072,239676170])
rank=324 loaded routing data/768/stackoverflow_a2q_tw.rt324.txt (2152 entries)
rank=324 added 1 boundary-only nodes from routing
rank=328/768 dataset=stackoverflow_a2q_tw walkers=50000 (16400000..16449999) steps=30 mode=0 sched=single-bucket delta_t=0 policy=0
rank=328 loaded data/768/stackoverflow_a2q_tw.sub328.txt (|V_local|=3153  t_range=[4346013,239664156])
rank=328 loaded routing data/768/stackoverflow_a2q_tw.rt328.txt (2138 entries)
rank=328 added 3 boundary-only nodes from routing
rank=320/768 dataset=stackoverflow_a2q_tw walkers=50000 (16000000..16049999) steps=30 mode=0 sched=single-bucket delta_t=0 policy=0
rank=320 loaded data/768/stackoverflow_a2q_tw.sub320.txt (|V_local|=3147  t_range=[3991248,239644671])
rank=320 loaded routing data/768/stackoverflow_a2q_tw.rt320.txt (2147 entries)
rank=320 added 7 boundary-only nodes from routing
rank=288/768 dataset=stackoverflow_a2q_tw walkers=50000 (14400000..14449999) steps=30 mode=0 sched=single-bucket delta_t=0 policy=0
rank=288 loaded data/768/stackoverflow_a2q_tw.sub288.txt (|V_local|=3149  t_range=[4222992,239625729])
rank=288 loaded routing data/768/stackoverflow_a2q_tw.rt288.txt (2098 entries)
rank=288 added 4 boundary-only nodes from routing
rank=94/768 dataset=stackoverflow_a2q_tw walkers=50000 (4700000..4749999) steps=30 mode=0 sched=single-bucket delta_t=0 policy=0
rank=94 loaded data/768/stackoverflow_a2q_tw.sub94.txt (|V_local|=3292  t_range=[5820326,239686153])
rank=94 loaded routing data/768/stackoverflow_a2q_tw.rt94.txt (1584 entries)
rank=94 added 9 boundary-only nodes from routing
rank=63/768 dataset=stackoverflow_a2q_tw walkers=50000 (3150000..3199999) steps=30 mode=0 sched=single-bucket delta_t=0 policy=0
rank=63 loaded data/768/stackoverflow_a2q_tw.sub63.txt (|V_local|=3149  t_range=[3869417,239696950])
rank=63 loaded routing data/768/stackoverflow_a2q_tw.rt63.txt (2207 entries)
rank=63 added 10 boundary-only nodes from routing
rank=657 loaded data/768/stackoverflow_a2q_tw.sub657.txt (|V_local|=3150  t_range=[4036055,239691085])
rank=657 loaded routing data/768/stackoverflow_a2q_tw.rt657.txt (2163 entries)
rank=657 added 9 boundary-only nodes from routing
rank=664/768 dataset=stackoverflow_a2q_tw walkers=50000 (33200000..33249999) steps=30 mode=0 sched=single-bucket delta_t=0 policy=0
rank=664 loaded data/768/stackoverflow_a2q_tw.sub664.txt (|V_local|=3160  t_range=[4209989,239681925])
rank=664 loaded routing data/768/stackoverflow_a2q_tw.rt664.txt (2150 entries)
rank=664 added 1 boundary-only nodes from routing
rank=670/768 dataset=stackoverflow_a2q_tw walkers=50000 (33500000..33549999) steps=30 mode=0 sched=single-bucket delta_t=0 policy=0
rank=670 loaded data/768/stackoverflow_a2q_tw.sub670.txt (|V_local|=3303  t_range=[68392408,239693836])
rank=670 loaded routing data/768/stackoverflow_a2q_tw.rt670.txt (2057 entries)
rank=670 added 1 boundary-only nodes from routing
rank=653/768 dataset=stackoverflow_a2q_tw walkers=50000 (32650000..32699999) steps=30 mode=0 sched=single-bucket delta_t=0 policy=0
rank=653 loaded data/768/stackoverflow_a2q_tw.sub653.txt (|V_local|=3288  t_range=[28328835,239671407])
rank=653 loaded routing data/768/stackoverflow_a2q_tw.rt653.txt (2203 entries)
rank=653 added 1 boundary-only nodes from routing
rank=651/768 dataset=stackoverflow_a2q_tw walkers=50000 (32550000..32599999) steps=30 mode=0 sched=single-bucket delta_t=0 policy=0
rank=651 loaded data/768/stackoverflow_a2q_tw.sub651.txt (|V_local|=3153  t_range=[4888347,239675218])
rank=651 loaded routing data/768/stackoverflow_a2q_tw.rt651.txt (2141 entries)
rank=651 added 6 boundary-only nodes from routing
rank=639/768 dataset=stackoverflow_a2q_tw walkers=50000 (31950000..31999999) steps=30 mode=0 sched=single-bucket delta_t=0 policy=0
rank=639 loaded data/768/stackoverflow_a2q_tw.sub639.txt (|V_local|=3146  t_range=[2195227,239694521])
rank=639 loaded routing data/768/stackoverflow_a2q_tw.rt639.txt (2099 entries)
rank=639 added 7 boundary-only nodes from routing
rank=636/768 dataset=stackoverflow_a2q_tw walkers=50000 (31800000..31849999) steps=30 mode=0 sched=single-bucket delta_t=0 policy=0
rank=636 loaded data/768/stackoverflow_a2q_tw.sub636.txt (|V_local|=3158  t_range=[4188184,239631547])
rank=636 loaded routing data/768/stackoverflow_a2q_tw.rt636.txt (2147 entries)
rank=636 added 4 boundary-only nodes from routing
rank=654/768 dataset=stackoverflow_a2q_tw walkers=50000 (32700000..32749999) steps=30 mode=0 sched=single-bucket delta_t=0 policy=0
rank=654 loaded data/768/stackoverflow_a2q_tw.sub654.txt (|V_local|=3155  t_range=[7256254,239695032])
rank=654 loaded routing data/768/stackoverflow_a2q_tw.rt654.txt (2126 entries)
rank=654 added 3 boundary-only nodes from routing
rank=624/768 dataset=stackoverflow_a2q_tw walkers=50000 (31200000..31249999) steps=30 mode=0 sched=single-bucket delta_t=0 policy=0
rank=624 loaded data/768/stackoverflow_a2q_tw.sub624.txt (|V_local|=3161  t_range=[4656507,239632073])
rank=624 loaded routing data/768/stackoverflow_a2q_tw.rt624.txt (2100 entries)
rank=650/768 dataset=stackoverflow_a2q_tw walkers=50000 (32500000..32549999) steps=30 mode=0 sched=single-bucket delta_t=0 policy=0
rank=650 loaded data/768/stackoverflow_a2q_tw.sub650.txt (|V_local|=3194  t_range=[4043619,239691783])
rank=650 loaded routing data/768/stackoverflow_a2q_tw.rt650.txt (2126 entries)
rank=666/768 dataset=stackoverflow_a2q_tw walkers=50000 (33300000..33349999) steps=30 mode=0 sched=single-bucket delta_t=0 policy=0
rank=666 loaded data/768/stackoverflow_a2q_tw.sub666.txt (|V_local|=3163  t_range=[35249238,239663640])
rank=666 loaded routing data/768/stackoverflow_a2q_tw.rt666.txt (2151 entries)
rank=666 added 1 boundary-only nodes from routing
rank=662/768 dataset=stackoverflow_a2q_tw walkers=50000 (33100000..33149999) steps=30 mode=0 sched=single-bucket delta_t=0 policy=0
rank=662 loaded data/768/stackoverflow_a2q_tw.sub662.txt (|V_local|=3150  t_range=[19166801,239676632])
rank=662 loaded routing data/768/stackoverflow_a2q_tw.rt662.txt (2123 entries)
rank=662 added 1 boundary-only nodes from routing
rank=658/768 dataset=stackoverflow_a2q_tw walkers=50000 (32900000..32949999) steps=30 mode=0 sched=single-bucket delta_t=0 policy=0
rank=658 loaded data/768/stackoverflow_a2q_tw.sub658.txt (|V_local|=3161  t_range=[18807532,239660483])
rank=658 loaded routing data/768/stackoverflow_a2q_tw.rt658.txt (2051 entries)
rank=658 added 1 boundary-only nodes from routing
rank=615 loaded data/768/stackoverflow_a2q_tw.sub615.txt (|V_local|=3151  t_range=[13185249,239579053])
rank=615 loaded routing data/768/stackoverflow_a2q_tw.rt615.txt (2143 entries)
rank=615 added 8 boundary-only nodes from routing
rank=609/768 dataset=stackoverflow_a2q_tw walkers=50000 (30450000..30499999) steps=30 mode=0 sched=single-bucket delta_t=0 policy=0
rank=609 loaded data/768/stackoverflow_a2q_tw.sub609.txt (|V_local|=3151  t_range=[10066160,239657262])
rank=609 loaded routing data/768/stackoverflow_a2q_tw.rt609.txt (2152 entries)
rank=609 added 5 boundary-only nodes from routing
rank=612/768 dataset=stackoverflow_a2q_tw walkers=50000 (30600000..30649999) steps=30 mode=0 sched=single-bucket delta_t=0 policy=0
rank=612 loaded data/768/stackoverflow_a2q_tw.sub612.txt (|V_local|=3150  t_range=[4201841,239683188])
rank=612 loaded routing data/768/stackoverflow_a2q_tw.rt612.txt (1914 entries)
rank=612 added 5 boundary-only nodes from routing
rank=493/768 dataset=stackoverflow_a2q_tw walkers=50000 (24650000..24699999) steps=30 mode=0 sched=single-bucket delta_t=0 policy=0
rank=493 loaded data/768/stackoverflow_a2q_tw.sub493.txt (|V_local|=3148  t_range=[4061647,239697762])
rank=493 loaded routing data/768/stackoverflow_a2q_tw.rt493.txt (2123 entries)
rank=493 added 6 boundary-only nodes from routing
rank=489/768 dataset=stackoverflow_a2q_tw walkers=50000 (24450000..24499999) steps=30 mode=0 sched=single-bucket delta_t=0 policy=0
rank=489 loaded data/768/stackoverflow_a2q_tw.sub489.txt (|V_local|=3153  t_range=[3953839,239680086])
rank=489 loaded routing data/768/stackoverflow_a2q_tw.rt489.txt (2082 entries)
rank=489 added 7 boundary-only nodes from routing
rank=512/768 dataset=stackoverflow_a2q_tw walkers=50000 (25600000..25649999) steps=30 mode=0 sched=single-bucket delta_t=0 policy=0
rank=512 loaded data/768/stackoverflow_a2q_tw.sub512.txt (|V_local|=3303  t_range=[11448273,239647741])
rank=512 loaded routing data/768/stackoverflow_a2q_tw.rt512.txt (1803 entries)
rank=512 added 1 boundary-only nodes from routing
rank=495/768 dataset=stackoverflow_a2q_tw walkers=50000 (24750000..24799999) steps=30 mode=0 sched=single-bucket delta_t=0 policy=0
rank=495 loaded data/768/stackoverflow_a2q_tw.sub495.txt (|V_local|=3147  t_range=[4147650,239683900])
rank=495 loaded routing data/768/stackoverflow_a2q_tw.rt495.txt (2187 entries)
rank=495 added 11 boundary-only nodes from routing
rank=506/768 dataset=stackoverflow_a2q_tw walkers=50000 (25300000..25349999) steps=30 mode=0 sched=single-bucket delta_t=0 policy=0
rank=506 loaded data/768/stackoverflow_a2q_tw.sub506.txt (|V_local|=3304  t_range=[34908942,239673603])
rank=506 loaded routing data/768/stackoverflow_a2q_tw.rt506.txt (1513 entries)
rank=492/768 dataset=stackoverflow_a2q_tw walkers=50000 (24600000..24649999) steps=30 mode=0 sched=single-bucket delta_t=0 policy=0
rank=492 loaded data/768/stackoverflow_a2q_tw.sub492.txt (|V_local|=3152  t_range=[8182429,239684020])
rank=492 loaded routing data/768/stackoverflow_a2q_tw.rt492.txt (2170 entries)
rank=492 added 12 boundary-only nodes from routing
rank=507/768 dataset=stackoverflow_a2q_tw walkers=50000 (25350000..25399999) steps=30 mode=0 sched=single-bucket delta_t=0 policy=0
rank=507 loaded data/768/stackoverflow_a2q_tw.sub507.txt (|V_local|=3150  t_range=[5516888,239692814])
rank=507 loaded routing data/768/stackoverflow_a2q_tw.rt507.txt (2152 entries)
rank=507 added 8 boundary-only nodes from routing
rank=525/768 dataset=stackoverflow_a2q_tw walkers=50000 (26250000..26299999) steps=30 mode=0 sched=single-bucket delta_t=0 policy=0
rank=525 loaded data/768/stackoverflow_a2q_tw.sub525.txt (|V_local|=3156  t_range=[13809235,239685965])
rank=525 loaded routing data/768/stackoverflow_a2q_tw.rt525.txt (2165 entries)
rank=525 added 3 boundary-only nodes from routing
rank=499/768 dataset=stackoverflow_a2q_tw walkers=50000 (24950000..24999999) steps=30 mode=0 sched=single-bucket delta_t=0 policy=0
rank=499 loaded data/768/stackoverflow_a2q_tw.sub499.txt (|V_local|=3300  t_range=[6113193,239661173])
rank=499 loaded routing data/768/stackoverflow_a2q_tw.rt499.txt (1853 entries)
rank=499 added 1 boundary-only nodes from routing
rank=505/768 dataset=stackoverflow_a2q_tw walkers=50000 (25250000..25299999) steps=30 mode=0 sched=single-bucket delta_t=0 policy=0
rank=505 loaded data/768/stackoverflow_a2q_tw.sub505.txt (|V_local|=3303  t_range=[36848273,239693563])
rank=505 loaded routing data/768/stackoverflow_a2q_tw.rt505.txt (1854 entries)
rank=505 added 2 boundary-only nodes from routing
rank=517/768 dataset=stackoverflow_a2q_tw walkers=50000 (25850000..25899999) steps=30 mode=0 sched=single-bucket delta_t=0 policy=0
rank=517 loaded data/768/stackoverflow_a2q_tw.sub517.txt (|V_local|=3163  t_range=[14875427,239686225])
rank=517 loaded routing data/768/stackoverflow_a2q_tw.rt517.txt (2084 entries)
rank=517 added 1 boundary-only nodes from routing
rank=518/768 dataset=stackoverflow_a2q_tw walkers=50000 (25900000..25949999) steps=30 mode=0 sched=single-bucket delta_t=0 policy=0
rank=518 loaded data/768/stackoverflow_a2q_tw.sub518.txt (|V_local|=3218  t_range=[24271520,239677145])
rank=518 loaded routing data/768/stackoverflow_a2q_tw.rt518.txt (2089 entries)
rank=518 added 2 boundary-only nodes from routing
rank=490/768 dataset=stackoverflow_a2q_tw walkers=50000 (24500000..24549999) steps=30 mode=0 sched=single-bucket delta_t=0 policy=0
rank=490 loaded data/768/stackoverflow_a2q_tw.sub490.txt (|V_local|=3301  t_range=[9867947,239619542])
rank=490 loaded routing data/768/stackoverflow_a2q_tw.rt490.txt (2042 entries)
rank=490 added 4 boundary-only nodes from routing
rank=523/768 dataset=stackoverflow_a2q_tw walkers=50000 (26150000..26199999) steps=30 mode=0 sched=single-bucket delta_t=0 policy=0
rank=523 loaded data/768/stackoverflow_a2q_tw.sub523.txt (|V_local|=3302  t_range=[2675138,239697454])
rank=523 loaded routing data/768/stackoverflow_a2q_tw.rt523.txt (1853 entries)
rank=523 added 1 boundary-only nodes from routing
rank=519/768 dataset=stackoverflow_a2q_tw walkers=50000 (25950000..25999999) steps=30 mode=0 sched=single-bucket delta_t=0 policy=0
rank=519 loaded data/768/stackoverflow_a2q_tw.sub519.txt (|V_local|=3294  t_range=[4055423,239692445])
rank=519 loaded routing data/768/stackoverflow_a2q_tw.rt519.txt (1889 entries)
rank=494/768 dataset=stackoverflow_a2q_tw walkers=50000 (24700000..24749999) steps=30 mode=0 sched=single-bucket delta_t=0 policy=0
rank=494 loaded data/768/stackoverflow_a2q_tw.sub494.txt (|V_local|=3299  t_range=[3540164,239665571])
rank=494 loaded routing data/768/stackoverflow_a2q_tw.rt494.txt (2002 entries)
rank=494 added 2 boundary-only nodes from routing
rank=513/768 dataset=stackoverflow_a2q_tw walkers=50000 (25650000..25699999) steps=30 mode=0 sched=single-bucket delta_t=0 policy=0
rank=513 loaded data/768/stackoverflow_a2q_tw.sub513.txt (|V_local|=3155  t_range=[2833686,239693333])
rank=513 loaded routing data/768/stackoverflow_a2q_tw.rt513.txt (2088 entries)
rank=513 added 6 boundary-only nodes from routing
rank=526/768 dataset=stackoverflow_a2q_tw walkers=50000 (26300000..26349999) steps=30 mode=0 sched=single-bucket delta_t=0 policy=0
rank=526 loaded data/768/stackoverflow_a2q_tw.sub526.txt (|V_local|=3304  t_range=[4652063,239679178])
rank=526 loaded routing data/768/stackoverflow_a2q_tw.rt526.txt (2037 entries)
rank=526 added 1 boundary-only nodes from routing
rank=497/768 dataset=stackoverflow_a2q_tw walkers=50000 (24850000..24899999) steps=30 mode=0 sched=single-bucket delta_t=0 policy=0
rank=497 loaded data/768/stackoverflow_a2q_tw.sub497.txt (|V_local|=3156  t_range=[4641068,239685633])
rank=497 loaded routing data/768/stackoverflow_a2q_tw.rt497.txt (2037 entries)
rank=497 added 4 boundary-only nodes from routing
rank=511/768 dataset=stackoverflow_a2q_tw walkers=50000 (25550000..25599999) steps=30 mode=0 sched=single-bucket delta_t=0 policy=0
rank=511 loaded data/768/stackoverflow_a2q_tw.sub511.txt (|V_local|=3133  t_range=[3958362,239689891])
rank=511 loaded routing data/768/stackoverflow_a2q_tw.rt511.txt (2138 entries)
rank=511 added 23 boundary-only nodes from routing
rank=504/768 dataset=stackoverflow_a2q_tw walkers=50000 (25200000..25249999) steps=30 mode=0 sched=single-bucket delta_t=0 policy=0
rank=504 loaded data/768/stackoverflow_a2q_tw.sub504.txt (|V_local|=3161  t_range=[31399602,239555551])
rank=504 loaded routing data/768/stackoverflow_a2q_tw.rt504.txt (2175 entries)
rank=504 added 1 boundary-only nodes from routing
rank=520/768 dataset=stackoverflow_a2q_tw walkers=50000 (26000000..26049999) steps=30 mode=0 sched=single-bucket delta_t=0 policy=0
rank=520 loaded data/768/stackoverflow_a2q_tw.sub520.txt (|V_local|=3161  t_range=[4171546,239693832])
rank=520 loaded routing data/768/stackoverflow_a2q_tw.rt520.txt (2209 entries)
rank=520 added 4 boundary-only nodes from routing
rank=159 loaded data/768/stackoverflow_a2q_tw.sub159.txt (|V_local|=3159  t_range=[16467849,239683700])
rank=159 loaded routing data/768/stackoverflow_a2q_tw.rt159.txt (2109 entries)
rank=159 added 1 boundary-only nodes from routing
rank=160/768 dataset=stackoverflow_a2q_tw walkers=50000 (8000000..8049999) steps=30 mode=0 sched=single-bucket delta_t=0 policy=0
rank=160 loaded data/768/stackoverflow_a2q_tw.sub160.txt (|V_local|=3160  t_range=[4808105,239666226])
rank=160 loaded routing data/768/stackoverflow_a2q_tw.rt160.txt (2147 entries)
rank=183/768 dataset=stackoverflow_a2q_tw walkers=50000 (9150000..9199999) steps=30 mode=0 sched=single-bucket delta_t=0 policy=0
rank=183 loaded data/768/stackoverflow_a2q_tw.sub183.txt (|V_local|=3155  t_range=[9970866,239694991])
rank=183 loaded routing data/768/stackoverflow_a2q_tw.rt183.txt (2135 entries)
rank=183 added 4 boundary-only nodes from routing
rank=177/768 dataset=stackoverflow_a2q_tw walkers=50000 (8850000..8899999) steps=30 mode=0 sched=single-bucket delta_t=0 policy=0
rank=177 loaded data/768/stackoverflow_a2q_tw.sub177.txt (|V_local|=3152  t_range=[5970056,239691913])
rank=177 loaded routing data/768/stackoverflow_a2q_tw.rt177.txt (1989 entries)
rank=177 added 5 boundary-only nodes from routing
rank=175/768 dataset=stackoverflow_a2q_tw walkers=50000 (8750000..8799999) steps=30 mode=0 sched=single-bucket delta_t=0 policy=0
rank=175 loaded data/768/stackoverflow_a2q_tw.sub175.txt (|V_local|=3157  t_range=[13769398,239678076])
rank=175 loaded routing data/768/stackoverflow_a2q_tw.rt175.txt (1940 entries)
rank=175 added 3 boundary-only nodes from routing
rank=184/768 dataset=stackoverflow_a2q_tw walkers=50000 (9200000..9249999) steps=30 mode=0 sched=single-bucket delta_t=0 policy=0
rank=184 loaded data/768/stackoverflow_a2q_tw.sub184.txt (|V_local|=3251  t_range=[7333710,239693098])
rank=184 loaded routing data/768/stackoverflow_a2q_tw.rt184.txt (2045 entries)
rank=180/768 dataset=stackoverflow_a2q_tw walkers=50000 (9000000..9049999) steps=30 mode=0 sched=single-bucket delta_t=0 policy=0
rank=180 loaded data/768/stackoverflow_a2q_tw.sub180.txt (|V_local|=3155  t_range=[31745070,239681469])
rank=180 loaded routing data/768/stackoverflow_a2q_tw.rt180.txt (2099 entries)
rank=180 added 1 boundary-only nodes from routing
