=== scaling: nodes=32 proc=1536 dataset=stackoverflow_a2q_tw weak(nwalk/rank=50000) nwalk/rank=50000 emb=0 mode=fused ===
rank=625/1536 dataset=stackoverflow_a2q_tw walkers=50000 (31250000..31299999) steps=30 mode=0 sched=single-bucket delta_t=0 policy=0
rank=625 loaded data/1536/stackoverflow_a2q_tw.sub625.txt (|V_local|=1595  t_range=[21131741,239665276])
rank=625 loaded routing data/1536/stackoverflow_a2q_tw.rt625.txt (1053 entries)
rank=641/1536 dataset=stackoverflow_a2q_tw walkers=50000 (32050000..32099999) steps=30 mode=0 sched=single-bucket delta_t=0 policy=0
rank=641 loaded data/1536/stackoverflow_a2q_tw.sub641.txt (|V_local|=1601  t_range=[4820096,239688769])
rank=641 loaded routing data/1536/stackoverflow_a2q_tw.rt641.txt (959 entries)
rank=624/1536 dataset=stackoverflow_a2q_tw walkers=50000 (31200000..31249999) steps=30 mode=0 sched=single-bucket delta_t=0 policy=0
rank=624 loaded data/1536/stackoverflow_a2q_tw.sub624.txt (|V_local|=1594  t_range=[7687914,239655037])
rank=624 loaded routing data/1536/stackoverflow_a2q_tw.rt624.txt (1089 entries)
rank=624 added 2 boundary-only nodes from routing
rank=665/1536 dataset=stackoverflow_a2q_tw walkers=50000 (33250000..33299999) steps=30 mode=0 sched=single-bucket delta_t=0 policy=0
rank=665 loaded data/1536/stackoverflow_a2q_tw.sub665.txt (|V_local|=1645  t_range=[10260719,239572711])
rank=665 loaded routing data/1536/stackoverflow_a2q_tw.rt665.txt (1121 entries)
rank=668/1536 dataset=stackoverflow_a2q_tw walkers=50000 (33400000..33449999) steps=30 mode=0 sched=single-bucket delta_t=0 policy=0
rank=668 loaded data/1536/stackoverflow_a2q_tw.sub668.txt (|V_local|=1588  t_range=[16228652,239685883])
rank=668 loaded routing data/1536/stackoverflow_a2q_tw.rt668.txt (1047 entries)
rank=626/1536 dataset=stackoverflow_a2q_tw walkers=50000 (31300000..31349999) steps=30 mode=0 sched=single-bucket delta_t=0 policy=0
rank=626 loaded data/1536/stackoverflow_a2q_tw.sub626.txt (|V_local|=1598  t_range=[13034818,239696278])
rank=626 loaded routing data/1536/stackoverflow_a2q_tw.rt626.txt (989 entries)
rank=645/1536 dataset=stackoverflow_a2q_tw walkers=50000 (32250000..32299999) steps=30 mode=0 sched=single-bucket delta_t=0 policy=0
rank=645 loaded data/1536/stackoverflow_a2q_tw.sub645.txt (|V_local|=1591  t_range=[4634754,239644264])
rank=645 loaded routing data/1536/stackoverflow_a2q_tw.rt645.txt (1071 entries)
rank=645 added 3 boundary-only nodes from routing
rank=629/1536 dataset=stackoverflow_a2q_tw walkers=50000 (31450000..31499999) steps=30 mode=0 sched=single-bucket delta_t=0 policy=0
rank=629 loaded data/1536/stackoverflow_a2q_tw.sub629.txt (|V_local|=1591  t_range=[36130075,239655032])
rank=629 loaded routing data/1536/stackoverflow_a2q_tw.rt629.txt (969 entries)
rank=629 added 3 boundary-only nodes from routing
rank=628/1536 dataset=stackoverflow_a2q_tw walkers=50000 (31400000..31449999) steps=30 mode=0 sched=single-bucket delta_t=0 policy=0
rank=628 loaded data/1536/stackoverflow_a2q_tw.sub628.txt (|V_local|=1588  t_range=[13898717,239613270])
rank=628 loaded routing data/1536/stackoverflow_a2q_tw.rt628.txt (1055 entries)
rank=628 added 2 boundary-only nodes from routing
rank=648/1536 dataset=stackoverflow_a2q_tw walkers=50000 (32400000..32449999) steps=30 mode=0 sched=single-bucket delta_t=0 policy=0
rank=648 loaded data/1536/stackoverflow_a2q_tw.sub648.txt (|V_local|=1586  t_range=[10831715,239418029])
rank=648 loaded routing data/1536/stackoverflow_a2q_tw.rt648.txt (1067 entries)
rank=648 added 3 boundary-only nodes from routing
rank=633/1536 dataset=stackoverflow_a2q_tw walkers=50000 (31650000..31699999) steps=30 mode=0 sched=single-bucket delta_t=0 policy=0
rank=633 loaded data/1536/stackoverflow_a2q_tw.sub633.txt (|V_local|=1590  t_range=[7844394,239687336])
rank=633 loaded routing data/1536/stackoverflow_a2q_tw.rt633.txt (1019 entries)
rank=633 added 2 boundary-only nodes from routing
rank=664/1536 dataset=stackoverflow_a2q_tw walkers=50000 (33200000..33249999) steps=30 mode=0 sched=single-bucket delta_t=0 policy=0
rank=664 loaded data/1536/stackoverflow_a2q_tw.sub664.txt (|V_local|=1647  t_range=[19933574,239575712])
rank=664 loaded routing data/1536/stackoverflow_a2q_tw.rt664.txt (919 entries)
rank=630/1536 dataset=stackoverflow_a2q_tw walkers=50000 (31500000..31549999) steps=30 mode=0 sched=single-bucket delta_t=0 policy=0
rank=630 loaded data/1536/stackoverflow_a2q_tw.sub630.txt (|V_local|=1589  t_range=[7713550,239564969])
rank=630 loaded routing data/1536/stackoverflow_a2q_tw.rt630.txt (1041 entries)
rank=630 added 1 boundary-only nodes from routing
rank=652/1536 dataset=stackoverflow_a2q_tw walkers=50000 (32600000..32649999) steps=30 mode=0 sched=single-bucket delta_t=0 policy=0
rank=652 loaded data/1536/stackoverflow_a2q_tw.sub652.txt (|V_local|=1589  t_range=[4144354,239660075])
rank=652 loaded routing data/1536/stackoverflow_a2q_tw.rt652.txt (982 entries)
rank=652 added 1 boundary-only nodes from routing
rank=632/1536 dataset=stackoverflow_a2q_tw walkers=50000 (31600000..31649999) steps=30 mode=0 sched=single-bucket delta_t=0 policy=0
rank=632 loaded data/1536/stackoverflow_a2q_tw.sub632.txt (|V_local|=1594  t_range=[16844494,239650840])
rank=632 loaded routing data/1536/stackoverflow_a2q_tw.rt632.txt (1009 entries)
rank=632 added 1 boundary-only nodes from routing
rank=644/1536 dataset=stackoverflow_a2q_tw walkers=50000 (32200000..32249999) steps=30 mode=0 sched=single-bucket delta_t=0 policy=0
rank=644 loaded data/1536/stackoverflow_a2q_tw.sub644.txt (|V_local|=1584  t_range=[7596147,239654363])
rank=644 loaded routing data/1536/stackoverflow_a2q_tw.rt644.txt (1006 entries)
rank=644 added 6 boundary-only nodes from routing
rank=631/1536 dataset=stackoverflow_a2q_tw walkers=50000 (31550000..31599999) steps=30 mode=0 sched=single-bucket delta_t=0 policy=0
rank=631 loaded data/1536/stackoverflow_a2q_tw.sub631.txt (|V_local|=1616  t_range=[4992699,239685758])
rank=631 loaded routing data/1536/stackoverflow_a2q_tw.rt631.txt (900 entries)
rank=634/1536 dataset=stackoverflow_a2q_tw walkers=50000 (31700000..31749999) steps=30 mode=0 sched=single-bucket delta_t=0 policy=0
rank=634 loaded data/1536/stackoverflow_a2q_tw.sub634.txt (|V_local|=1591  t_range=[4014742,239671781])
rank=634 loaded routing data/1536/stackoverflow_a2q_tw.rt634.txt (949 entries)
rank=627/1536 dataset=stackoverflow_a2q_tw walkers=50000 (31350000..31399999) steps=30 mode=0 sched=single-bucket delta_t=0 policy=0
rank=627 loaded data/1536/stackoverflow_a2q_tw.sub627.txt (|V_local|=1588  t_range=[12652827,239633945])
rank=627 loaded routing data/1536/stackoverflow_a2q_tw.rt627.txt (1068 entries)
rank=627 added 1 boundary-only nodes from routing
rank=653/1536 dataset=stackoverflow_a2q_tw walkers=50000 (32650000..32699999) steps=30 mode=0 sched=single-bucket delta_t=0 policy=0
rank=653 loaded data/1536/stackoverflow_a2q_tw.sub653.txt (|V_local|=1591  t_range=[5416641,239556675])
rank=653 loaded routing data/1536/stackoverflow_a2q_tw.rt653.txt (1027 entries)
rank=637/1536 dataset=stackoverflow_a2q_tw walkers=50000 (31850000..31899999) steps=30 mode=0 sched=single-bucket delta_t=0 policy=0
rank=637 loaded data/1536/stackoverflow_a2q_tw.sub637.txt (|V_local|=1588  t_range=[1693108,239692667])
rank=637 loaded routing data/1536/stackoverflow_a2q_tw.rt637.txt (957 entries)
rank=635/1536 dataset=stackoverflow_a2q_tw walkers=50000 (31750000..31799999) steps=30 mode=0 sched=single-bucket delta_t=0 policy=0
rank=635 loaded data/1536/stackoverflow_a2q_tw.sub635.txt (|V_local|=1590  t_range=[24695389,239670862])
rank=635 loaded routing data/1536/stackoverflow_a2q_tw.rt635.txt (1072 entries)
rank=657/1536 dataset=stackoverflow_a2q_tw walkers=50000 (32850000..32899999) steps=30 mode=0 sched=single-bucket delta_t=0 policy=0
rank=657 loaded data/1536/stackoverflow_a2q_tw.sub657.txt (|V_local|=1588  t_range=[4742536,239655132])
rank=657 loaded routing data/1536/stackoverflow_a2q_tw.rt657.txt (1071 entries)
rank=657 added 2 boundary-only nodes from routing
rank=669/1536 dataset=stackoverflow_a2q_tw walkers=50000 (33450000..33499999) steps=30 mode=0 sched=single-bucket delta_t=0 policy=0
rank=669 loaded data/1536/stackoverflow_a2q_tw.sub669.txt (|V_local|=1593  t_range=[4302103,239638403])
rank=97/1536 dataset=stackoverflow_a2q_tw walkers=50000 (4850000..4899999) steps=30 mode=0 sched=single-bucket delta_t=0 policy=0
rank=97 loaded data/1536/stackoverflow_a2q_tw.sub97.txt (|V_local|=1650  t_range=[14409798,239620100])
rank=97 loaded routing data/1536/stackoverflow_a2q_tw.rt97.txt (797 entries)
rank=97 added 2 boundary-only nodes from routing
rank=101/1536 dataset=stackoverflow_a2q_tw walkers=50000 (5050000..5099999) steps=30 mode=0 sched=single-bucket delta_t=0 policy=0
rank=101 loaded data/1536/stackoverflow_a2q_tw.sub101.txt (|V_local|=1593  t_range=[2440665,239622480])
rank=101 loaded routing data/1536/stackoverflow_a2q_tw.rt101.txt (1113 entries)
rank=102/1536 dataset=stackoverflow_a2q_tw walkers=50000 (5100000..5149999) steps=30 mode=0 sched=single-bucket delta_t=0 policy=0
rank=102 loaded data/1536/stackoverflow_a2q_tw.sub102.txt (|V_local|=1596  t_range=[4182180,239542399])
rank=102 loaded routing data/1536/stackoverflow_a2q_tw.rt102.txt (1072 entries)
rank=102 added 1 boundary-only nodes from routing
rank=104/1536 dataset=stackoverflow_a2q_tw walkers=50000 (5200000..5249999) steps=30 mode=0 sched=single-bucket delta_t=0 policy=0
rank=104 loaded data/1536/stackoverflow_a2q_tw.sub104.txt (|V_local|=1652  t_range=[5768633,239696664])
rank=104 loaded routing data/1536/stackoverflow_a2q_tw.rt104.txt (916 entries)
rank=98/1536 dataset=stackoverflow_a2q_tw walkers=50000 (4900000..4949999) steps=30 mode=0 sched=single-bucket delta_t=0 policy=0
rank=98 loaded data/1536/stackoverflow_a2q_tw.sub98.txt (|V_local|=1651  t_range=[3946478,239632224])
rank=98 loaded routing data/1536/stackoverflow_a2q_tw.rt98.txt (765 entries)
rank=98 added 1 boundary-only nodes from routing
rank=107/1536 dataset=stackoverflow_a2q_tw walkers=50000 (5350000..5399999) steps=30 mode=0 sched=single-bucket delta_t=0 policy=0
rank=107 loaded data/1536/stackoverflow_a2q_tw.sub107.txt (|V_local|=1592  t_range=[3320423,239677214])
rank=107 loaded routing data/1536/stackoverflow_a2q_tw.rt107.txt (937 entries)
rank=126/1536 dataset=stackoverflow_a2q_tw walkers=50000 (6300000..6349999) steps=30 mode=0 sched=single-bucket delta_t=0 policy=0
rank=126 loaded data/1536/stackoverflow_a2q_tw.sub126.txt (|V_local|=1592  t_range=[4141016,239642871])
rank=126 loaded routing data/1536/stackoverflow_a2q_tw.rt126.txt (984 entries)
rank=126 added 2 boundary-only nodes from routing
rank=99/1536 dataset=stackoverflow_a2q_tw walkers=50000 (4950000..4999999) steps=30 mode=0 sched=single-bucket delta_t=0 policy=0
rank=99 loaded data/1536/stackoverflow_a2q_tw.sub99.txt (|V_local|=1583  t_range=[7314953,239663194])
rank=99 loaded routing data/1536/stackoverflow_a2q_tw.rt99.txt (1053 entries)
rank=96/1536 dataset=stackoverflow_a2q_tw walkers=50000 (4800000..4849999) steps=30 mode=0 sched=single-bucket delta_t=0 policy=0
rank=96 loaded data/1536/stackoverflow_a2q_tw.sub96.txt (|V_local|=1583  t_range=[2491740,239673500])
rank=96 loaded routing data/1536/stackoverflow_a2q_tw.rt96.txt (1057 entries)
rank=96 added 1 boundary-only nodes from routing
rank=143/1536 dataset=stackoverflow_a2q_tw walkers=50000 (7150000..7199999) steps=30 mode=0 sched=single-bucket delta_t=0 policy=0
rank=143 loaded data/1536/stackoverflow_a2q_tw.sub143.txt (|V_local|=1651  t_range=[11969168,239691913])
rank=143 loaded routing data/1536/stackoverflow_a2q_tw.rt143.txt (510 entries)
rank=143 added 1 boundary-only nodes from routing
rank=138/1536 dataset=stackoverflow_a2q_tw walkers=50000 (6900000..6949999) steps=30 mode=0 sched=single-bucket delta_t=0 policy=0
rank=138 loaded data/1536/stackoverflow_a2q_tw.sub138.txt (|V_local|=1582  t_range=[21160215,239581169])
rank=138 loaded routing data/1536/stackoverflow_a2q_tw.rt138.txt (925 entries)
rank=138 added 2 boundary-only nodes from routing
rank=968/1536 dataset=stackoverflow_a2q_tw walkers=50000 (48400000..48449999) steps=30 mode=0 sched=single-bucket delta_t=0 policy=0
rank=968 loaded data/1536/stackoverflow_a2q_tw.sub968.txt (|V_local|=1652  t_range=[28170652,239654151])
rank=968 loaded routing data/1536/stackoverflow_a2q_tw.rt968.txt (639 entries)
rank=991/1536 dataset=stackoverflow_a2q_tw walkers=50000 (49550000..49599999) steps=30 mode=0 sched=single-bucket delta_t=0 policy=0
rank=991 loaded data/1536/stackoverflow_a2q_tw.sub991.txt (|V_local|=1594  t_range=[17963091,239690129])
rank=991 loaded routing data/1536/stackoverflow_a2q_tw.rt991.txt (910 entries)
rank=971/1536 dataset=stackoverflow_a2q_tw walkers=50000 (48550000..48599999) steps=30 mode=0 sched=single-bucket delta_t=0 policy=0
rank=971 loaded data/1536/stackoverflow_a2q_tw.sub971.txt (|V_local|=1652  t_range=[43745200,239687617])
rank=971 loaded routing data/1536/stackoverflow_a2q_tw.rt971.txt (619 entries)
rank=989/1536 dataset=stackoverflow_a2q_tw walkers=50000 (49450000..49499999) steps=30 mode=0 sched=single-bucket delta_t=0 policy=0
rank=989 loaded data/1536/stackoverflow_a2q_tw.sub989.txt (|V_local|=1652  t_range=[3455215,239632213])
rank=989 loaded routing data/1536/stackoverflow_a2q_tw.rt989.txt (617 entries)
rank=992/1536 dataset=stackoverflow_a2q_tw walkers=50000 (49600000..49649999) steps=30 mode=0 sched=single-bucket delta_t=0 policy=0
rank=992 loaded data/1536/stackoverflow_a2q_tw.sub992.txt (|V_local|=1591  t_range=[17342222,239686882])
rank=992 loaded routing data/1536/stackoverflow_a2q_tw.rt992.txt (979 entries)
rank=961/1536 dataset=stackoverflow_a2q_tw walkers=50000 (48050000..48099999) steps=30 mode=0 sched=single-bucket delta_t=0 policy=0
rank=961 loaded data/1536/stackoverflow_a2q_tw.sub961.txt (|V_local|=1581  t_range=[38418302,239645852])
rank=961 loaded routing data/1536/stackoverflow_a2q_tw.rt961.txt (1064 entries)
rank=961 added 6 boundary-only nodes from routing
rank=998/1536 dataset=stackoverflow_a2q_tw walkers=50000 (49900000..49949999) steps=30 mode=0 sched=single-bucket delta_t=0 policy=0
rank=998 loaded data/1536/stackoverflow_a2q_tw.sub998.txt (|V_local|=1629  t_range=[4122135,239577958])
rank=998 loaded routing data/1536/stackoverflow_a2q_tw.rt998.txt (929 entries)
rank=966/1536 dataset=stackoverflow_a2q_tw walkers=50000 (48300000..48349999) steps=30 mode=0 sched=single-bucket delta_t=0 policy=0
rank=966 loaded data/1536/stackoverflow_a2q_tw.sub966.txt (|V_local|=1594  t_range=[6796877,239570991])
rank=966 loaded routing data/1536/stackoverflow_a2q_tw.rt966.txt (1008 entries)
rank=966 added 1 boundary-only nodes from routing
rank=970/1536 dataset=stackoverflow_a2q_tw walkers=50000 (48500000..48549999) steps=30 mode=0 sched=single-bucket delta_t=0 policy=0
rank=970 loaded data/1536/stackoverflow_a2q_tw.sub970.txt (|V_local|=1587  t_range=[32595211,239676992])
rank=970 loaded routing data/1536/stackoverflow_a2q_tw.rt970.txt (981 entries)
rank=970 added 2 boundary-only nodes from routing
rank=978/1536 dataset=stackoverflow_a2q_tw walkers=50000 (48900000..48949999) steps=30 mode=0 sched=single-bucket delta_t=0 policy=0
rank=978 loaded data/1536/stackoverflow_a2q_tw.sub978.txt (|V_local|=1586  t_range=[37018365,239582595])
rank=978 loaded routing data/1536/stackoverflow_a2q_tw.rt978.txt (1100 entries)
rank=978 added 2 boundary-only nodes from routing
rank=960/1536 dataset=stackoverflow_a2q_tw walkers=50000 (48000000..48049999) steps=30 mode=0 sched=single-bucket delta_t=0 policy=0
rank=960 loaded data/1536/stackoverflow_a2q_tw.sub960.txt (|V_local|=1586  t_range=[7240292,239629697])
rank=960 loaded routing data/1536/stackoverflow_a2q_tw.rt960.txt (1003 entries)
rank=960 added 3 boundary-only nodes from routing
rank=962/1536 dataset=stackoverflow_a2q_tw walkers=50000 (48100000..48149999) steps=30 mode=0 sched=single-bucket delta_t=0 policy=0
rank=962 loaded data/1536/stackoverflow_a2q_tw.sub962.txt (|V_local|=1649  t_range=[58087527,239668968])
rank=962 loaded routing data/1536/stackoverflow_a2q_tw.rt962.txt (877 entries)
rank=962 added 3 boundary-only nodes from routing
rank=972/1536 dataset=stackoverflow_a2q_tw walkers=50000 (48600000..48649999) steps=30 mode=0 sched=single-bucket delta_t=0 policy=0
rank=972 loaded data/1536/stackoverflow_a2q_tw.sub972.txt (|V_local|=1586  t_range=[3604526,239686507])
rank=972 loaded routing data/1536/stackoverflow_a2q_tw.rt972.txt (1071 entries)
rank=972 added 6 boundary-only nodes from routing
rank=993/1536 dataset=stackoverflow_a2q_tw walkers=50000 (49650000..49699999) steps=30 mode=0 sched=single-bucket delta_t=0 policy=0
rank=993 loaded data/1536/stackoverflow_a2q_tw.sub993.txt (|V_local|=1590  t_range=[4293700,239662517])
rank=993 loaded routing data/1536/stackoverflow_a2q_tw.rt993.txt (899 entries)
rank=993 added 2 boundary-only nodes from routing
rank=1006/1536 dataset=stackoverflow_a2q_tw walkers=50000 (50300000..50349999) steps=30 mode=0 sched=single-bucket delta_t=0 policy=0
rank=1006 loaded data/1536/stackoverflow_a2q_tw.sub1006.txt (|V_local|=1621  t_range=[6608611,239598446])
rank=1006 loaded routing data/1536/stackoverflow_a2q_tw.rt1006.txt (1077 entries)
rank=1006 added 1 boundary-only nodes from routing
rank=977/1536 dataset=stackoverflow_a2q_tw walkers=50000 (48850000..48899999) steps=30 mode=0 sched=single-bucket delta_t=0 policy=0
rank=977 loaded data/1536/stackoverflow_a2q_tw.sub977.txt (|V_local|=1648  t_range=[2281032,239679179])
rank=977 loaded routing data/1536/stackoverflow_a2q_tw.rt977.txt (987 entries)
rank=977 added 4 boundary-only nodes from routing
rank=982/1536 dataset=stackoverflow_a2q_tw walkers=50000 (49100000..49149999) steps=30 mode=0 sched=single-bucket delta_t=0 policy=0
rank=982 loaded data/1536/stackoverflow_a2q_tw.sub982.txt (|V_local|=1587  t_range=[38045197,239611304])
rank=982 loaded routing data/1536/stackoverflow_a2q_tw.rt982.txt (1033 entries)
rank=982 added 2 boundary-only nodes from routing
rank=963/1536 dataset=stackoverflow_a2q_tw walkers=50000 (48150000..48199999) steps=30 mode=0 sched=single-bucket delta_t=0 policy=0
rank=963 loaded data/1536/stackoverflow_a2q_tw.sub963.txt (|V_local|=1587  t_range=[4135559,239577326])
rank=963 loaded routing data/1536/stackoverflow_a2q_tw.rt963.txt (1023 entries)
rank=963 added 2 boundary-only nodes from routing
rank=975/1536 dataset=stackoverflow_a2q_tw walkers=50000 (48750000..48799999) steps=30 mode=0 sched=single-bucket delta_t=0 policy=0
rank=975 loaded data/1536/stackoverflow_a2q_tw.sub975.txt (|V_local|=1587  t_range=[19173253,239659236])
rank=975 loaded routing data/1536/stackoverflow_a2q_tw.rt975.txt (1037 entries)
rank=975 added 2 boundary-only nodes from routing
rank=981/1536 dataset=stackoverflow_a2q_tw walkers=50000 (49050000..49099999) steps=30 mode=0 sched=single-bucket delta_t=0 policy=0
rank=981 loaded data/1536/stackoverflow_a2q_tw.sub981.txt (|V_local|=1586  t_range=[2848296,239697494])
rank=981 loaded routing data/1536/stackoverflow_a2q_tw.rt981.txt (1061 entries)
rank=981 added 2 boundary-only nodes from routing
rank=979/1536 dataset=stackoverflow_a2q_tw walkers=50000 (48950000..48999999) steps=30 mode=0 sched=single-bucket delta_t=0 policy=0
rank=979 loaded data/1536/stackoverflow_a2q_tw.sub979.txt (|V_local|=1587  t_range=[20650476,239681487])
rank=979 loaded routing data/1536/stackoverflow_a2q_tw.rt979.txt (1074 entries)
rank=979 added 4 boundary-only nodes from routing
rank=984/1536 dataset=stackoverflow_a2q_tw walkers=50000 (49200000..49249999) steps=30 mode=0 sched=single-bucket delta_t=0 policy=0
rank=984 loaded data/1536/stackoverflow_a2q_tw.sub984.txt (|V_local|=1589  t_range=[4915174,239564996])
rank=984 loaded routing data/1536/stackoverflow_a2q_tw.rt984.txt (1019 entries)
rank=984 added 2 boundary-only nodes from routing
rank=985/1536 dataset=stackoverflow_a2q_tw walkers=50000 (49250000..49299999) steps=30 mode=0 sched=single-bucket delta_t=0 policy=0
rank=985 loaded data/1536/stackoverflow_a2q_tw.sub985.txt (|V_local|=1589  t_range=[2681863,239644217])
rank=985 loaded routing data/1536/stackoverflow_a2q_tw.rt985.txt (920 entries)
rank=985 added 2 boundary-only nodes from routing
rank=291/1536 dataset=stackoverflow_a2q_tw walkers=50000 (14550000..14599999) steps=30 mode=0 sched=single-bucket delta_t=0 policy=0
rank=291 loaded data/1536/stackoverflow_a2q_tw.sub291.txt (|V_local|=1585  t_range=[3942206,239664484])
rank=291 loaded routing data/1536/stackoverflow_a2q_tw.rt291.txt (1042 entries)
rank=291 added 3 boundary-only nodes from routing
rank=299/1536 dataset=stackoverflow_a2q_tw walkers=50000 (14950000..14999999) steps=30 mode=0 sched=single-bucket delta_t=0 policy=0
rank=299 loaded data/1536/stackoverflow_a2q_tw.sub299.txt (|V_local|=1592  t_range=[27927256,239686450])
rank=299 loaded routing data/1536/stackoverflow_a2q_tw.rt299.txt (1007 entries)
rank=335/1536 dataset=stackoverflow_a2q_tw walkers=50000 (16750000..16799999) steps=30 mode=0 sched=single-bucket delta_t=0 policy=0
rank=335 loaded data/1536/stackoverflow_a2q_tw.sub335.txt (|V_local|=1592  t_range=[18579031,239679301])
rank=335 loaded routing data/1536/stackoverflow_a2q_tw.rt335.txt (934 entries)
rank=323/1536 dataset=stackoverflow_a2q_tw walkers=50000 (16150000..16199999) steps=30 mode=0 sched=single-bucket delta_t=0 policy=0
rank=323 loaded data/1536/stackoverflow_a2q_tw.sub323.txt (|V_local|=1596  t_range=[29539359,239695728])
rank=323 loaded routing data/1536/stackoverflow_a2q_tw.rt323.txt (1054 entries)
rank=309/1536 dataset=stackoverflow_a2q_tw walkers=50000 (15450000..15499999) steps=30 mode=0 sched=single-bucket delta_t=0 policy=0
rank=309 loaded data/1536/stackoverflow_a2q_tw.sub309.txt (|V_local|=1589  t_range=[4034005,239664954])
rank=309 loaded routing data/1536/stackoverflow_a2q_tw.rt309.txt (1073 entries)
rank=320/1536 dataset=stackoverflow_a2q_tw walkers=50000 (16000000..16049999) steps=30 mode=0 sched=single-bucket delta_t=0 policy=0
rank=320 loaded data/1536/stackoverflow_a2q_tw.sub320.txt (|V_local|=1599  t_range=[256708,239680510])
rank=320 loaded routing data/1536/stackoverflow_a2q_tw.rt320.txt (952 entries)
rank=320 added 3 boundary-only nodes from routing
rank=289/1536 dataset=stackoverflow_a2q_tw walkers=50000 (14450000..14499999) steps=30 mode=0 sched=single-bucket delta_t=0 policy=0
rank=289 loaded data/1536/stackoverflow_a2q_tw.sub289.txt (|V_local|=1592  t_range=[33263135,239691329])
rank=289 loaded routing data/1536/stackoverflow_a2q_tw.rt289.txt (1048 entries)
rank=289 added 2 boundary-only nodes from routing
rank=333/1536 dataset=stackoverflow_a2q_tw walkers=50000 (16650000..16699999) steps=30 mode=0 sched=single-bucket delta_t=0 policy=0
rank=333 loaded data/1536/stackoverflow_a2q_tw.sub333.txt (|V_local|=1589  t_range=[10780448,239680684])
rank=333 loaded routing data/1536/stackoverflow_a2q_tw.rt333.txt (1053 entries)
rank=333 added 3 boundary-only nodes from routing
rank=293/1536 dataset=stackoverflow_a2q_tw walkers=50000 (14650000..14699999) steps=30 mode=0 sched=single-bucket delta_t=0 policy=0
rank=293 loaded data/1536/stackoverflow_a2q_tw.sub293.txt (|V_local|=1595  t_range=[4136293,239685611])
rank=293 loaded routing data/1536/stackoverflow_a2q_tw.rt293.txt (1112 entries)
rank=311/1536 dataset=stackoverflow_a2q_tw walkers=50000 (15550000..15599999) steps=30 mode=0 sched=single-bucket delta_t=0 policy=0
rank=311 loaded data/1536/stackoverflow_a2q_tw.sub311.txt (|V_local|=1652  t_range=[9478277,239651926])
rank=311 loaded routing data/1536/stackoverflow_a2q_tw.rt311.txt (805 entries)
rank=296/1536 dataset=stackoverflow_a2q_tw walkers=50000 (14800000..14849999) steps=30 mode=0 sched=single-bucket delta_t=0 policy=0
rank=296 loaded data/1536/stackoverflow_a2q_tw.sub296.txt (|V_local|=1592  t_range=[22881555,239680095])
rank=296 loaded routing data/1536/stackoverflow_a2q_tw.rt296.txt (1076 entries)
rank=290/1536 dataset=stackoverflow_a2q_tw walkers=50000 (14500000..14549999) steps=30 mode=0 sched=single-bucket delta_t=0 policy=0
rank=290 loaded data/1536/stackoverflow_a2q_tw.sub290.txt (|V_local|=1590  t_range=[3531091,239634024])
rank=290 loaded routing data/1536/stackoverflow_a2q_tw.rt290.txt (1031 entries)
rank=290 added 1 boundary-only nodes from routing
rank=300/1536 dataset=stackoverflow_a2q_tw walkers=50000 (15000000..15049999) steps=30 mode=0 sched=single-bucket delta_t=0 policy=0
rank=300 loaded data/1536/stackoverflow_a2q_tw.sub300.txt (|V_local|=1588  t_range=[3384304,239683700])
rank=300 loaded routing data/1536/stackoverflow_a2q_tw.rt300.txt (1054 entries)
rank=305/1536 dataset=stackoverflow_a2q_tw walkers=50000 (15250000..15299999) steps=30 mode=0 sched=single-bucket delta_t=0 policy=0
rank=305 loaded data/1536/stackoverflow_a2q_tw.sub305.txt (|V_local|=1588  t_range=[9420527,239697973])
rank=305 loaded routing data/1536/stackoverflow_a2q_tw.rt305.txt (1087 entries)
rank=334/1536 dataset=stackoverflow_a2q_tw walkers=50000 (16700000..16749999) steps=30 mode=0 sched=single-bucket delta_t=0 policy=0
rank=334 loaded data/1536/stackoverflow_a2q_tw.sub334.txt (|V_local|=1587  t_range=[16128409,239696134])
rank=334 loaded routing data/1536/stackoverflow_a2q_tw.rt334.txt (992 entries)
rank=334 added 1 boundary-only nodes from routing
rank=297/1536 dataset=stackoverflow_a2q_tw walkers=50000 (14850000..14899999) steps=30 mode=0 sched=single-bucket delta_t=0 policy=0
rank=297 loaded data/1536/stackoverflow_a2q_tw.sub297.txt (|V_local|=1612  t_range=[35184763,239691878])
rank=297 loaded routing data/1536/stackoverflow_a2q_tw.rt297.txt (1041 entries)
rank=301/1536 dataset=stackoverflow_a2q_tw walkers=50000 (15050000..15099999) steps=30 mode=0 sched=single-bucket delta_t=0 policy=0
rank=301 loaded data/1536/stackoverflow_a2q_tw.sub301.txt (|V_local|=1595  t_range=[34943937,239676248])
rank=301 loaded routing data/1536/stackoverflow_a2q_tw.rt301.txt (1060 entries)
rank=332/1536 dataset=stackoverflow_a2q_tw walkers=50000 (16600000..16649999) steps=30 mode=0 sched=single-bucket delta_t=0 policy=0
rank=332 loaded data/1536/stackoverflow_a2q_tw.sub332.txt (|V_local|=1592  t_range=[2133867,239684462])
rank=332 loaded routing data/1536/stackoverflow_a2q_tw.rt332.txt (1062 entries)
rank=295/1536 dataset=stackoverflow_a2q_tw walkers=50000 (14750000..14799999) steps=30 mode=0 sched=single-bucket delta_t=0 policy=0
rank=295 loaded data/1536/stackoverflow_a2q_tw.sub295.txt (|V_local|=1591  t_range=[15624285,239694173])
rank=295 loaded routing data/1536/stackoverflow_a2q_tw.rt295.txt (1007 entries)
rank=295 added 1 boundary-only nodes from routing
rank=307/1536 dataset=stackoverflow_a2q_tw walkers=50000 (15350000..15399999) steps=30 mode=0 sched=single-bucket delta_t=0 policy=0
rank=307 loaded data/1536/stackoverflow_a2q_tw.sub307.txt (|V_local|=1590  t_range=[10010481,239696656])
rank=307 loaded routing data/1536/stackoverflow_a2q_tw.rt307.txt (1137 entries)
rank=331/1536 dataset=stackoverflow_a2q_tw walkers=50000 (16550000..16599999) steps=30 mode=0 sched=single-bucket delta_t=0 policy=0
rank=331 loaded data/1536/stackoverflow_a2q_tw.sub331.txt (|V_local|=1592  t_range=[16885910,239670384])
rank=331 loaded routing data/1536/stackoverflow_a2q_tw.rt331.txt (1050 entries)
rank=313/1536 dataset=stackoverflow_a2q_tw walkers=50000 (15650000..15699999) steps=30 mode=0 sched=single-bucket delta_t=0 policy=0
rank=313 loaded data/1536/stackoverflow_a2q_tw.sub313.txt (|V_local|=1585  t_range=[4985602,239656118])
rank=313 loaded routing data/1536/stackoverflow_a2q_tw.rt313.txt (983 entries)
rank=328/1536 dataset=stackoverflow_a2q_tw walkers=50000 (16400000..16449999) steps=30 mode=0 sched=single-bucket delta_t=0 policy=0
rank=328 loaded data/1536/stackoverflow_a2q_tw.sub328.txt (|V_local|=1581  t_range=[30369253,239569763])
rank=328 loaded routing data/1536/stackoverflow_a2q_tw.rt328.txt (1119 entries)
rank=328 added 1 boundary-only nodes from routing
rank=298/1536 dataset=stackoverflow_a2q_tw walkers=50000 (14900000..14949999) steps=30 mode=0 sched=single-bucket delta_t=0 policy=0
rank=298 loaded data/1536/stackoverflow_a2q_tw.sub298.txt (|V_local|=1588  t_range=[5482693,239671171])
rank=298 loaded routing data/1536/stackoverflow_a2q_tw.rt298.txt (939 entries)
rank=303/1536 dataset=stackoverflow_a2q_tw walkers=50000 (15150000..15199999) steps=30 mode=0 sched=single-bucket delta_t=0 policy=0
rank=1457/1536 dataset=stackoverflow_a2q_tw walkers=50000 (72850000..72899999) steps=30 mode=0 sched=single-bucket delta_t=0 policy=0
rank=1457 loaded data/1536/stackoverflow_a2q_tw.sub1457.txt (|V_local|=1593  t_range=[3560461,239589142])
rank=1457 loaded routing data/1536/stackoverflow_a2q_tw.rt1457.txt (1076 entries)
rank=1457 added 1 boundary-only nodes from routing
rank=1453/1536 dataset=stackoverflow_a2q_tw walkers=50000 (72650000..72699999) steps=30 mode=0 sched=single-bucket delta_t=0 policy=0
rank=1453 loaded data/1536/stackoverflow_a2q_tw.sub1453.txt (|V_local|=1584  t_range=[1518802,239628150])
rank=1453 loaded routing data/1536/stackoverflow_a2q_tw.rt1453.txt (1093 entries)
rank=1453 added 5 boundary-only nodes from routing
rank=1447/1536 dataset=stackoverflow_a2q_tw walkers=50000 (72350000..72399999) steps=30 mode=0 sched=single-bucket delta_t=0 policy=0
rank=1447 loaded data/1536/stackoverflow_a2q_tw.sub1447.txt (|V_local|=1593  t_range=[9154752,239627398])
rank=1447 loaded routing data/1536/stackoverflow_a2q_tw.rt1447.txt (929 entries)
rank=1447 added 1 boundary-only nodes from routing
rank=1445/1536 dataset=stackoverflow_a2q_tw walkers=50000 (72250000..72299999) steps=30 mode=0 sched=single-bucket delta_t=0 policy=0
rank=1445 loaded data/1536/stackoverflow_a2q_tw.sub1445.txt (|V_local|=1591  t_range=[4242609,239635129])
rank=1445 loaded routing data/1536/stackoverflow_a2q_tw.rt1445.txt (1011 entries)
rank=1444/1536 dataset=stackoverflow_a2q_tw walkers=50000 (72200000..72249999) steps=30 mode=0 sched=single-bucket delta_t=0 policy=0
rank=1444 loaded data/1536/stackoverflow_a2q_tw.sub1444.txt (|V_local|=1652  t_range=[19575876,239594837])
rank=1444 loaded routing data/1536/stackoverflow_a2q_tw.rt1444.txt (735 entries)
rank=1441/1536 dataset=stackoverflow_a2q_tw walkers=50000 (72050000..72099999) steps=30 mode=0 sched=single-bucket delta_t=0 policy=0
rank=1441 loaded data/1536/stackoverflow_a2q_tw.sub1441.txt (|V_local|=1590  t_range=[2915182,239634540])
rank=1441 loaded routing data/1536/stackoverflow_a2q_tw.rt1441.txt (1010 entries)
rank=1460/1536 dataset=stackoverflow_a2q_tw walkers=50000 (73000000..73049999) steps=30 mode=0 sched=single-bucket delta_t=0 policy=0
rank=1460 loaded data/1536/stackoverflow_a2q_tw.sub1460.txt (|V_local|=1590  t_range=[2664808,239618360])
rank=1460 loaded routing data/1536/stackoverflow_a2q_tw.rt1460.txt (1042 entries)
rank=1460 added 2 boundary-only nodes from routing
rank=1452/1536 dataset=stackoverflow_a2q_tw walkers=50000 (72600000..72649999) steps=30 mode=0 sched=single-bucket delta_t=0 policy=0
rank=1452 loaded data/1536/stackoverflow_a2q_tw.sub1452.txt (|V_local|=1592  t_range=[13693068,239678954])
rank=1452 loaded routing data/1536/stackoverflow_a2q_tw.rt1452.txt (1032 entries)
rank=1452 added 3 boundary-only nodes from routing
rank=1450/1536 dataset=stackoverflow_a2q_tw walkers=50000 (72500000..72549999) steps=30 mode=0 sched=single-bucket delta_t=0 policy=0
rank=1450 loaded data/1536/stackoverflow_a2q_tw.sub1450.txt (|V_local|=1588  t_range=[9430919,239675977])
rank=1450 loaded routing data/1536/stackoverflow_a2q_tw.rt1450.txt (981 entries)
rank=1450 added 1 boundary-only nodes from routing
rank=1440/1536 dataset=stackoverflow_a2q_tw walkers=50000 (72000000..72049999) steps=30 mode=0 sched=single-bucket delta_t=0 policy=0
rank=1440 loaded data/1536/stackoverflow_a2q_tw.sub1440.txt (|V_local|=1586  t_range=[4201841,239649312])
rank=1440 loaded routing data/1536/stackoverflow_a2q_tw.rt1440.txt (1048 entries)
rank=1485/1536 dataset=stackoverflow_a2q_tw walkers=50000 (74250000..74299999) steps=30 mode=0 sched=single-bucket delta_t=0 policy=0
rank=1485 loaded data/1536/stackoverflow_a2q_tw.sub1485.txt (|V_local|=1589  t_range=[15280513,239684060])
rank=1485 loaded routing data/1536/stackoverflow_a2q_tw.rt1485.txt (1064 entries)
rank=1485 added 3 boundary-only nodes from routing
rank=1454/1536 dataset=stackoverflow_a2q_tw walkers=50000 (72700000..72749999) steps=30 mode=0 sched=single-bucket delta_t=0 policy=0
rank=1454 loaded data/1536/stackoverflow_a2q_tw.sub1454.txt (|V_local|=1590  t_range=[15288301,239637100])
rank=1454 loaded routing data/1536/stackoverflow_a2q_tw.rt1454.txt (1002 entries)
rank=1454 added 1 boundary-only nodes from routing
rank=1462/1536 dataset=stackoverflow_a2q_tw walkers=50000 (73100000..73149999) steps=30 mode=0 sched=single-bucket delta_t=0 policy=0
rank=1462 loaded data/1536/stackoverflow_a2q_tw.sub1462.txt (|V_local|=1585  t_range=[27979758,239655387])
rank=1462 loaded routing data/1536/stackoverflow_a2q_tw.rt1462.txt (1061 entries)
rank=1446/1536 dataset=stackoverflow_a2q_tw walkers=50000 (72300000..72349999) steps=30 mode=0 sched=single-bucket delta_t=0 policy=0
rank=1446 loaded data/1536/stackoverflow_a2q_tw.sub1446.txt (|V_local|=1586  t_range=[21983025,239665571])
rank=1446 loaded routing data/1536/stackoverflow_a2q_tw.rt1446.txt (1093 entries)
rank=1446 added 4 boundary-only nodes from routing
rank=1442/1536 dataset=stackoverflow_a2q_tw walkers=50000 (72100000..72149999) steps=30 mode=0 sched=single-bucket delta_t=0 policy=0
rank=1442 loaded data/1536/stackoverflow_a2q_tw.sub1442.txt (|V_local|=1587  t_range=[14263842,239578591])
rank=1442 loaded routing data/1536/stackoverflow_a2q_tw.rt1442.txt (1048 entries)
rank=1442 added 5 boundary-only nodes from routing
rank=1482/1536 dataset=stackoverflow_a2q_tw walkers=50000 (74100000..74149999) steps=30 mode=0 sched=single-bucket delta_t=0 policy=0
rank=1482 loaded data/1536/stackoverflow_a2q_tw.sub1482.txt (|V_local|=1588  t_range=[20514731,239645859])
rank=1482 loaded routing data/1536/stackoverflow_a2q_tw.rt1482.txt (1087 entries)
rank=1458/1536 dataset=stackoverflow_a2q_tw walkers=50000 (72900000..72949999) steps=30 mode=0 sched=single-bucket delta_t=0 policy=0
rank=1458 loaded data/1536/stackoverflow_a2q_tw.sub1458.txt (|V_local|=1581  t_range=[4385617,239462620])
rank=1458 loaded routing data/1536/stackoverflow_a2q_tw.rt1458.txt (889 entries)
rank=1458 added 1 boundary-only nodes from routing
rank=1486/1536 dataset=stackoverflow_a2q_tw walkers=50000 (74300000..74349999) steps=30 mode=0 sched=single-bucket delta_t=0 policy=0
rank=1486 loaded data/1536/stackoverflow_a2q_tw.sub1486.txt (|V_local|=1584  t_range=[5181946,239583327])
rank=1486 loaded routing data/1536/stackoverflow_a2q_tw.rt1486.txt (864 entries)
rank=1486 added 2 boundary-only nodes from routing
rank=1480/1536 dataset=stackoverflow_a2q_tw walkers=50000 (74000000..74049999) steps=30 mode=0 sched=single-bucket delta_t=0 policy=0
rank=1480 loaded data/1536/stackoverflow_a2q_tw.sub1480.txt (|V_local|=1583  t_range=[5156148,239676722])
rank=1480 loaded routing data/1536/stackoverflow_a2q_tw.rt1480.txt (1076 entries)
rank=1480 added 5 boundary-only nodes from routing
rank=1484/1536 dataset=stackoverflow_a2q_tw walkers=50000 (74200000..74249999) steps=30 mode=0 sched=single-bucket delta_t=0 policy=0
rank=1484 loaded data/1536/stackoverflow_a2q_tw.sub1484.txt (|V_local|=1612  t_range=[17000053,239679254])
rank=1484 loaded routing data/1536/stackoverflow_a2q_tw.rt1484.txt (957 entries)
rank=1484 added 2 boundary-only nodes from routing
rank=1448/1536 dataset=stackoverflow_a2q_tw walkers=50000 (72400000..72449999) steps=30 mode=0 sched=single-bucket delta_t=0 policy=0
rank=1448 loaded data/1536/stackoverflow_a2q_tw.sub1448.txt (|V_local|=1594  t_range=[4166439,239655887])
rank=1448 loaded routing data/1536/stackoverflow_a2q_tw.rt1448.txt (1098 entries)
rank=1468/1536 dataset=stackoverflow_a2q_tw walkers=50000 (73400000..73449999) steps=30 mode=0 sched=single-bucket delta_t=0 policy=0
rank=1468 loaded data/1536/stackoverflow_a2q_tw.sub1468.txt (|V_local|=1589  t_range=[12062113,239643251])
rank=1468 loaded routing data/1536/stackoverflow_a2q_tw.rt1468.txt (1111 entries)
rank=1468 added 1 boundary-only nodes from routing
rank=1464/1536 dataset=stackoverflow_a2q_tw walkers=50000 (73200000..73249999) steps=30 mode=0 sched=single-bucket delta_t=0 policy=0
rank=1464 loaded data/1536/stackoverflow_a2q_tw.sub1464.txt (|V_local|=1591  t_range=[13104071,239648536])
rank=1464 loaded routing data/1536/stackoverflow_a2q_tw.rt1464.txt (1069 entries)
rank=1160/1536 dataset=stackoverflow_a2q_tw walkers=50000 (58000000..58049999) steps=30 mode=0 sched=single-bucket delta_t=0 policy=0
rank=1160 loaded data/1536/stackoverflow_a2q_tw.sub1160.txt (|V_local|=1578  t_range=[2504014,239562666])
rank=1160 loaded routing data/1536/stackoverflow_a2q_tw.rt1160.txt (1112 entries)
rank=1160 added 11 boundary-only nodes from routing
rank=1166/1536 dataset=stackoverflow_a2q_tw walkers=50000 (58300000..58349999) steps=30 mode=0 sched=single-bucket delta_t=0 policy=0
rank=1166 loaded data/1536/stackoverflow_a2q_tw.sub1166.txt (|V_local|=1592  t_range=[4133563,239677643])
rank=1166 loaded routing data/1536/stackoverflow_a2q_tw.rt1166.txt (1086 entries)
rank=1166 added 1 boundary-only nodes from routing
rank=1155/1536 dataset=stackoverflow_a2q_tw walkers=50000 (57750000..57799999) steps=30 mode=0 sched=single-bucket delta_t=0 policy=0
rank=1155 loaded data/1536/stackoverflow_a2q_tw.sub1155.txt (|V_local|=1585  t_range=[10111169,239624850])
rank=1155 loaded routing data/1536/stackoverflow_a2q_tw.rt1155.txt (1031 entries)
rank=1155 added 1 boundary-only nodes from routing
rank=1174/1536 dataset=stackoverflow_a2q_tw walkers=50000 (58700000..58749999) steps=30 mode=0 sched=single-bucket delta_t=0 policy=0
rank=1174 loaded data/1536/stackoverflow_a2q_tw.sub1174.txt (|V_local|=1597  t_range=[27595275,239575192])
rank=1174 loaded routing data/1536/stackoverflow_a2q_tw.rt1174.txt (994 entries)
rank=1159/1536 dataset=stackoverflow_a2q_tw walkers=50000 (57950000..57999999) steps=30 mode=0 sched=single-bucket delta_t=0 policy=0
rank=1159 loaded data/1536/stackoverflow_a2q_tw.sub1159.txt (|V_local|=1588  t_range=[5533209,239685029])
rank=1159 loaded routing data/1536/stackoverflow_a2q_tw.rt1159.txt (1102 entries)
rank=1159 added 1 boundary-only nodes from routing
rank=1164/1536 dataset=stackoverflow_a2q_tw walkers=50000 (58200000..58249999) steps=30 mode=0 sched=single-bucket delta_t=0 policy=0
rank=1164 loaded data/1536/stackoverflow_a2q_tw.sub1164.txt (|V_local|=1584  t_range=[9454083,239573646])
rank=1164 loaded routing data/1536/stackoverflow_a2q_tw.rt1164.txt (1096 entries)
rank=1164 added 1 boundary-only nodes from routing
rank=1172/1536 dataset=stackoverflow_a2q_tw walkers=50000 (58600000..58649999) steps=30 mode=0 sched=single-bucket delta_t=0 policy=0
rank=1172 loaded data/1536/stackoverflow_a2q_tw.sub1172.txt (|V_local|=1596  t_range=[24260797,239656496])
rank=1172 loaded routing data/1536/stackoverflow_a2q_tw.rt1172.txt (1062 entries)
rank=1172 added 1 boundary-only nodes from routing
rank=1199/1536 dataset=stackoverflow_a2q_tw walkers=50000 (59950000..59999999) steps=30 mode=0 sched=single-bucket delta_t=0 policy=0
rank=1199 loaded data/1536/stackoverflow_a2q_tw.sub1199.txt (|V_local|=1584  t_range=[4777164,239691085])
rank=1199 loaded routing data/1536/stackoverflow_a2q_tw.rt1199.txt (1104 entries)
rank=1199 added 1 boundary-only nodes from routing
rank=1187/1536 dataset=stackoverflow_a2q_tw walkers=50000 (59350000..59399999) steps=30 mode=0 sched=single-bucket delta_t=0 policy=0
rank=1187 loaded data/1536/stackoverflow_a2q_tw.sub1187.txt (|V_local|=1599  t_range=[21593828,239660483])
rank=1187 loaded routing data/1536/stackoverflow_a2q_tw.rt1187.txt (1079 entries)
rank=1163/1536 dataset=stackoverflow_a2q_tw walkers=50000 (58150000..58199999) steps=30 mode=0 sched=single-bucket delta_t=0 policy=0
rank=1163 loaded data/1536/stackoverflow_a2q_tw.sub1163.txt (|V_local|=1590  t_range=[14542851,239614375])
rank=1163 loaded routing data/1536/stackoverflow_a2q_tw.rt1163.txt (1067 entries)
rank=1153/1536 dataset=stackoverflow_a2q_tw walkers=50000 (57650000..57699999) steps=30 mode=0 sched=single-bucket delta_t=0 policy=0
rank=1153 loaded data/1536/stackoverflow_a2q_tw.sub1153.txt (|V_local|=1586  t_range=[9330495,239397518])
rank=1153 loaded routing data/1536/stackoverflow_a2q_tw.rt1153.txt (1113 entries)
rank=1153 added 3 boundary-only nodes from routing
rank=1154/1536 dataset=stackoverflow_a2q_tw walkers=50000 (57700000..57749999) steps=30 mode=0 sched=single-bucket delta_t=0 policy=0
rank=1154 loaded data/1536/stackoverflow_a2q_tw.sub1154.txt (|V_local|=1590  t_range=[13976779,239645716])
rank=1154 loaded routing data/1536/stackoverflow_a2q_tw.rt1154.txt (1013 entries)
rank=1156/1536 dataset=stackoverflow_a2q_tw walkers=50000 (57800000..57849999) steps=30 mode=0 sched=single-bucket delta_t=0 policy=0
rank=1156 loaded data/1536/stackoverflow_a2q_tw.sub1156.txt (|V_local|=1592  t_range=[48985522,239535087])
rank=1156 loaded routing data/1536/stackoverflow_a2q_tw.rt1156.txt (1105 entries)
rank=1156 added 2 boundary-only nodes from routing
rank=1186/1536 dataset=stackoverflow_a2q_tw walkers=50000 (59300000..59349999) steps=30 mode=0 sched=single-bucket delta_t=0 policy=0
rank=1186 loaded data/1536/stackoverflow_a2q_tw.sub1186.txt (|V_local|=1592  t_range=[35562536,239697973])
rank=1186 loaded routing data/1536/stackoverflow_a2q_tw.rt1186.txt (1077 entries)
rank=1186 added 1 boundary-only nodes from routing
rank=1171/1536 dataset=stackoverflow_a2q_tw walkers=50000 (58550000..58599999) steps=30 mode=0 sched=single-bucket delta_t=0 policy=0
rank=1171 loaded data/1536/stackoverflow_a2q_tw.sub1171.txt (|V_local|=1596  t_range=[9452169,239568972])
rank=1171 loaded routing data/1536/stackoverflow_a2q_tw.rt1171.txt (1067 entries)
rank=1162/1536 dataset=stackoverflow_a2q_tw walkers=50000 (58100000..58149999) steps=30 mode=0 sched=single-bucket delta_t=0 policy=0
rank=1162 loaded data/1536/stackoverflow_a2q_tw.sub1162.txt (|V_local|=1595  t_range=[30205583,239688717])
rank=1162 loaded routing data/1536/stackoverflow_a2q_tw.rt1162.txt (985 entries)
rank=1162 added 1 boundary-only nodes from routing
rank=1158/1536 dataset=stackoverflow_a2q_tw walkers=50000 (57900000..57949999) steps=30 mode=0 sched=single-bucket delta_t=0 policy=0
rank=1158 loaded data/1536/stackoverflow_a2q_tw.sub1158.txt (|V_local|=1584  t_range=[10790688,239574527])
rank=1158 loaded routing data/1536/stackoverflow_a2q_tw.rt1158.txt (1052 entries)
rank=1158 added 2 boundary-only nodes from routing
rank=1198/1536 dataset=stackoverflow_a2q_tw walkers=50000 (59900000..59949999) steps=30 mode=0 sched=single-bucket delta_t=0 policy=0
rank=1198 loaded data/1536/stackoverflow_a2q_tw.sub1198.txt (|V_local|=1591  t_range=[27624909,239674631])
rank=1198 loaded routing data/1536/stackoverflow_a2q_tw.rt1198.txt (1027 entries)
rank=1161/1536 dataset=stackoverflow_a2q_tw walkers=50000 (58050000..58099999) steps=30 mode=0 sched=single-bucket delta_t=0 policy=0
rank=1161 loaded data/1536/stackoverflow_a2q_tw.sub1161.txt (|V_local|=1591  t_range=[4051912,239678076])
rank=1161 loaded routing data/1536/stackoverflow_a2q_tw.rt1161.txt (1099 entries)
rank=1189/1536 dataset=stackoverflow_a2q_tw walkers=50000 (59450000..59499999) steps=30 mode=0 sched=single-bucket delta_t=0 policy=0
rank=1189 loaded data/1536/stackoverflow_a2q_tw.sub1189.txt (|V_local|=1592  t_range=[21239875,239696492])
rank=1189 loaded routing data/1536/stackoverflow_a2q_tw.rt1189.txt (1015 entries)
rank=1157/1536 dataset=stackoverflow_a2q_tw walkers=50000 (57850000..57899999) steps=30 mode=0 sched=single-bucket delta_t=0 policy=0
rank=1157 loaded data/1536/stackoverflow_a2q_tw.sub1157.txt (|V_local|=1609  t_range=[37306702,239681925])
rank=1157 loaded routing data/1536/stackoverflow_a2q_tw.rt1157.txt (1036 entries)
rank=1170/1536 dataset=stackoverflow_a2q_tw walkers=50000 (58500000..58549999) steps=30 mode=0 sched=single-bucket delta_t=0 policy=0
rank=1170 loaded data/1536/stackoverflow_a2q_tw.sub1170.txt (|V_local|=1589  t_range=[5337728,239654430])
rank=1170 loaded routing data/1536/stackoverflow_a2q_tw.rt1170.txt (1106 entries)
rank=1167/1536 dataset=stackoverflow_a2q_tw walkers=50000 (58350000..58399999) steps=30 mode=0 sched=single-bucket delta_t=0 policy=0
rank=1167 loaded data/1536/stackoverflow_a2q_tw.sub1167.txt (|V_local|=1584  t_range=[39292409,239538951])
rank=1167 loaded routing data/1536/stackoverflow_a2q_tw.rt1167.txt (1073 entries)
rank=1188/1536 dataset=stackoverflow_a2q_tw walkers=50000 (59400000..59449999) steps=30 mode=0 sched=single-bucket delta_t=0 policy=0
rank=550/1536 dataset=stackoverflow_a2q_tw walkers=50000 (27500000..27549999) steps=30 mode=0 sched=single-bucket delta_t=0 policy=0
rank=550 loaded data/1536/stackoverflow_a2q_tw.sub550.txt (|V_local|=1587  t_range=[417814,239646549])
rank=550 loaded routing data/1536/stackoverflow_a2q_tw.rt550.txt (1077 entries)
rank=550 added 1 boundary-only nodes from routing
rank=535/1536 dataset=stackoverflow_a2q_tw walkers=50000 (26750000..26799999) steps=30 mode=0 sched=single-bucket delta_t=0 policy=0
rank=535 loaded data/1536/stackoverflow_a2q_tw.sub535.txt (|V_local|=1585  t_range=[8207218,239558991])
rank=535 loaded routing data/1536/stackoverflow_a2q_tw.rt535.txt (1043 entries)
rank=535 added 2 boundary-only nodes from routing
rank=556/1536 dataset=stackoverflow_a2q_tw walkers=50000 (27800000..27849999) steps=30 mode=0 sched=single-bucket delta_t=0 policy=0
rank=556 loaded data/1536/stackoverflow_a2q_tw.sub556.txt (|V_local|=1588  t_range=[51483,239657868])
rank=556 loaded routing data/1536/stackoverflow_a2q_tw.rt556.txt (1018 entries)
rank=556 added 2 boundary-only nodes from routing
rank=530/1536 dataset=stackoverflow_a2q_tw walkers=50000 (26500000..26549999) steps=30 mode=0 sched=single-bucket delta_t=0 policy=0
rank=530 loaded data/1536/stackoverflow_a2q_tw.sub530.txt (|V_local|=1643  t_range=[4637610,239675433])
rank=530 loaded routing data/1536/stackoverflow_a2q_tw.rt530.txt (682 entries)
rank=530 added 9 boundary-only nodes from routing
rank=537/1536 dataset=stackoverflow_a2q_tw walkers=50000 (26850000..26899999) steps=30 mode=0 sched=single-bucket delta_t=0 policy=0
rank=537 loaded data/1536/stackoverflow_a2q_tw.sub537.txt (|V_local|=1574  t_range=[5788603,239592744])
rank=537 loaded routing data/1536/stackoverflow_a2q_tw.rt537.txt (1039 entries)
rank=537 added 11 boundary-only nodes from routing
rank=540/1536 dataset=stackoverflow_a2q_tw walkers=50000 (27000000..27049999) steps=30 mode=0 sched=single-bucket delta_t=0 policy=0
rank=540 loaded data/1536/stackoverflow_a2q_tw.sub540.txt (|V_local|=1585  t_range=[8510189,239589210])
rank=540 loaded routing data/1536/stackoverflow_a2q_tw.rt540.txt (1066 entries)
rank=540 added 4 boundary-only nodes from routing
rank=549/1536 dataset=stackoverflow_a2q_tw walkers=50000 (27450000..27499999) steps=30 mode=0 sched=single-bucket delta_t=0 policy=0
rank=549 loaded data/1536/stackoverflow_a2q_tw.sub549.txt (|V_local|=1588  t_range=[9496369,239569178])
rank=549 loaded routing data/1536/stackoverflow_a2q_tw.rt549.txt (1102 entries)
rank=549 added 4 boundary-only nodes from routing
rank=541/1536 dataset=stackoverflow_a2q_tw walkers=50000 (27050000..27099999) steps=30 mode=0 sched=single-bucket delta_t=0 policy=0
rank=541 loaded data/1536/stackoverflow_a2q_tw.sub541.txt (|V_local|=1587  t_range=[3466161,239531576])
rank=541 loaded routing data/1536/stackoverflow_a2q_tw.rt541.txt (918 entries)
rank=541 added 1 boundary-only nodes from routing
rank=539/1536 dataset=stackoverflow_a2q_tw walkers=50000 (26950000..26999999) steps=30 mode=0 sched=single-bucket delta_t=0 policy=0
rank=539 loaded data/1536/stackoverflow_a2q_tw.sub539.txt (|V_local|=1585  t_range=[2262582,239678784])
rank=539 loaded routing data/1536/stackoverflow_a2q_tw.rt539.txt (1017 entries)
rank=539 added 2 boundary-only nodes from routing
rank=571/1536 dataset=stackoverflow_a2q_tw walkers=50000 (28550000..28599999) steps=30 mode=0 sched=single-bucket delta_t=0 policy=0
rank=571 loaded data/1536/stackoverflow_a2q_tw.sub571.txt (|V_local|=1608  t_range=[1156610,239428914])
rank=571 loaded routing data/1536/stackoverflow_a2q_tw.rt571.txt (791 entries)
rank=565/1536 dataset=stackoverflow_a2q_tw walkers=50000 (28250000..28299999) steps=30 mode=0 sched=single-bucket delta_t=0 policy=0
rank=565 loaded data/1536/stackoverflow_a2q_tw.sub565.txt (|V_local|=1587  t_range=[6385121,239650309])
rank=565 loaded routing data/1536/stackoverflow_a2q_tw.rt565.txt (1032 entries)
rank=565 added 5 boundary-only nodes from routing
rank=564/1536 dataset=stackoverflow_a2q_tw walkers=50000 (28200000..28249999) steps=30 mode=0 sched=single-bucket delta_t=0 policy=0
rank=564 loaded data/1536/stackoverflow_a2q_tw.sub564.txt (|V_local|=1586  t_range=[4042531,239637570])
rank=564 loaded routing data/1536/stackoverflow_a2q_tw.rt564.txt (1065 entries)
rank=564 added 4 boundary-only nodes from routing
rank=555/1536 dataset=stackoverflow_a2q_tw walkers=50000 (27750000..27799999) steps=30 mode=0 sched=single-bucket delta_t=0 policy=0
rank=555 loaded data/1536/stackoverflow_a2q_tw.sub555.txt (|V_local|=1587  t_range=[2632622,239551894])
rank=555 loaded routing data/1536/stackoverflow_a2q_tw.rt555.txt (980 entries)
rank=555 added 2 boundary-only nodes from routing
rank=531/1536 dataset=stackoverflow_a2q_tw walkers=50000 (26550000..26599999) steps=30 mode=0 sched=single-bucket delta_t=0 policy=0
rank=531 loaded data/1536/stackoverflow_a2q_tw.sub531.txt (|V_local|=1583  t_range=[4009536,239596381])
rank=531 loaded routing data/1536/stackoverflow_a2q_tw.rt531.txt (1116 entries)
rank=531 added 6 boundary-only nodes from routing
rank=532/1536 dataset=stackoverflow_a2q_tw walkers=50000 (26600000..26649999) steps=30 mode=0 sched=single-bucket delta_t=0 policy=0
rank=532 loaded data/1536/stackoverflow_a2q_tw.sub532.txt (|V_local|=1640  t_range=[4057171,239696754])
rank=532 loaded routing data/1536/stackoverflow_a2q_tw.rt532.txt (754 entries)
rank=532 added 11 boundary-only nodes from routing
rank=560/1536 dataset=stackoverflow_a2q_tw walkers=50000 (28000000..28049999) steps=30 mode=0 sched=single-bucket delta_t=0 policy=0
rank=560 loaded data/1536/stackoverflow_a2q_tw.sub560.txt (|V_local|=1588  t_range=[3451740,239668797])
rank=560 loaded routing data/1536/stackoverflow_a2q_tw.rt560.txt (990 entries)
rank=560 added 1 boundary-only nodes from routing
rank=536/1536 dataset=stackoverflow_a2q_tw walkers=50000 (26800000..26849999) steps=30 mode=0 sched=single-bucket delta_t=0 policy=0
rank=536 loaded data/1536/stackoverflow_a2q_tw.sub536.txt (|V_local|=1592  t_range=[4262353,239669441])
rank=536 loaded routing data/1536/stackoverflow_a2q_tw.rt536.txt (1096 entries)
rank=557/1536 dataset=stackoverflow_a2q_tw walkers=50000 (27850000..27899999) steps=30 mode=0 sched=single-bucket delta_t=0 policy=0
rank=557 loaded data/1536/stackoverflow_a2q_tw.sub557.txt (|V_local|=1583  t_range=[2829502,239405482])
rank=557 loaded routing data/1536/stackoverflow_a2q_tw.rt557.txt (1076 entries)
rank=543/1536 dataset=stackoverflow_a2q_tw walkers=50000 (27150000..27199999) steps=30 mode=0 sched=single-bucket delta_t=0 policy=0
rank=543 loaded data/1536/stackoverflow_a2q_tw.sub543.txt (|V_local|=1592  t_range=[26251168,239628872])
rank=543 loaded routing data/1536/stackoverflow_a2q_tw.rt543.txt (1035 entries)
rank=543 added 1 boundary-only nodes from routing
rank=569/1536 dataset=stackoverflow_a2q_tw walkers=50000 (28450000..28499999) steps=30 mode=0 sched=single-bucket delta_t=0 policy=0
rank=569 loaded data/1536/stackoverflow_a2q_tw.sub569.txt (|V_local|=1592  t_range=[4698682,239660993])
rank=569 loaded routing data/1536/stackoverflow_a2q_tw.rt569.txt (1069 entries)
rank=569 added 1 boundary-only nodes from routing
rank=534/1536 dataset=stackoverflow_a2q_tw walkers=50000 (26700000..26749999) steps=30 mode=0 sched=single-bucket delta_t=0 policy=0
rank=534 loaded data/1536/stackoverflow_a2q_tw.sub534.txt (|V_local|=1594  t_range=[4642280,239679980])
rank=534 loaded routing data/1536/stackoverflow_a2q_tw.rt534.txt (1065 entries)
rank=534 added 2 boundary-only nodes from routing
rank=542/1536 dataset=stackoverflow_a2q_tw walkers=50000 (27100000..27149999) steps=30 mode=0 sched=single-bucket delta_t=0 policy=0
rank=542 loaded data/1536/stackoverflow_a2q_tw.sub542.txt (|V_local|=1588  t_range=[4066812,239483574])
rank=542 loaded routing data/1536/stackoverflow_a2q_tw.rt542.txt (1066 entries)
rank=551/1536 dataset=stackoverflow_a2q_tw walkers=50000 (27550000..27599999) steps=30 mode=0 sched=single-bucket delta_t=0 policy=0
rank=551 loaded data/1536/stackoverflow_a2q_tw.sub551.txt (|V_local|=1584  t_range=[1888065,239629480])
rank=551 loaded routing data/1536/stackoverflow_a2q_tw.rt551.txt (967 entries)
rank=924/1536 dataset=stackoverflow_a2q_tw walkers=50000 (46200000..46249999) steps=30 mode=0 sched=single-bucket delta_t=0 policy=0
rank=924 loaded data/1536/stackoverflow_a2q_tw.sub924.txt (|V_local|=1588  t_range=[10871527,239573650])
rank=924 loaded routing data/1536/stackoverflow_a2q_tw.rt924.txt (1072 entries)
rank=939/1536 dataset=stackoverflow_a2q_tw walkers=50000 (46950000..46999999) steps=30 mode=0 sched=single-bucket delta_t=0 policy=0
rank=939 loaded data/1536/stackoverflow_a2q_tw.sub939.txt (|V_local|=1593  t_range=[2922030,239691342])
rank=939 loaded routing data/1536/stackoverflow_a2q_tw.rt939.txt (1038 entries)
rank=915/1536 dataset=stackoverflow_a2q_tw walkers=50000 (45750000..45799999) steps=30 mode=0 sched=single-bucket delta_t=0 policy=0
rank=915 loaded data/1536/stackoverflow_a2q_tw.sub915.txt (|V_local|=1606  t_range=[2893090,239681502])
rank=915 loaded routing data/1536/stackoverflow_a2q_tw.rt915.txt (937 entries)
rank=915 added 2 boundary-only nodes from routing
rank=948/1536 dataset=stackoverflow_a2q_tw walkers=50000 (47400000..47449999) steps=30 mode=0 sched=single-bucket delta_t=0 policy=0
rank=948 loaded data/1536/stackoverflow_a2q_tw.sub948.txt (|V_local|=1590  t_range=[24376359,239657363])
rank=948 loaded routing data/1536/stackoverflow_a2q_tw.rt948.txt (1080 entries)
rank=948 added 3 boundary-only nodes from routing
rank=917/1536 dataset=stackoverflow_a2q_tw walkers=50000 (45850000..45899999) steps=30 mode=0 sched=single-bucket delta_t=0 policy=0
rank=917 loaded data/1536/stackoverflow_a2q_tw.sub917.txt (|V_local|=1589  t_range=[6456716,239590206])
rank=917 loaded routing data/1536/stackoverflow_a2q_tw.rt917.txt (1120 entries)
rank=917 added 1 boundary-only nodes from routing
rank=957/1536 dataset=stackoverflow_a2q_tw walkers=50000 (47850000..47899999) steps=30 mode=0 sched=single-bucket delta_t=0 policy=0
rank=957 loaded data/1536/stackoverflow_a2q_tw.sub957.txt (|V_local|=1593  t_range=[4621375,239691434])
rank=957 loaded routing data/1536/stackoverflow_a2q_tw.rt957.txt (1054 entries)
rank=957 added 2 boundary-only nodes from routing
rank=913/1536 dataset=stackoverflow_a2q_tw walkers=50000 (45650000..45699999) steps=30 mode=0 sched=single-bucket delta_t=0 policy=0
rank=913 loaded data/1536/stackoverflow_a2q_tw.sub913.txt (|V_local|=1651  t_range=[34447999,239695480])
rank=913 loaded routing data/1536/stackoverflow_a2q_tw.rt913.txt (800 entries)
rank=913 added 1 boundary-only nodes from routing
rank=945/1536 dataset=stackoverflow_a2q_tw walkers=50000 (47250000..47299999) steps=30 mode=0 sched=single-bucket delta_t=0 policy=0
rank=945 loaded data/1536/stackoverflow_a2q_tw.sub945.txt (|V_local|=1585  t_range=[8883657,239660075])
rank=945 loaded routing data/1536/stackoverflow_a2q_tw.rt945.txt (1012 entries)
rank=945 added 3 boundary-only nodes from routing
rank=919/1536 dataset=stackoverflow_a2q_tw walkers=50000 (45950000..45999999) steps=30 mode=0 sched=single-bucket delta_t=0 policy=0
rank=919 loaded data/1536/stackoverflow_a2q_tw.sub919.txt (|V_local|=1651  t_range=[40525542,239634709])
rank=919 loaded routing data/1536/stackoverflow_a2q_tw.rt919.txt (717 entries)
rank=919 added 1 boundary-only nodes from routing
rank=946/1536 dataset=stackoverflow_a2q_tw walkers=50000 (47300000..47349999) steps=30 mode=0 sched=single-bucket delta_t=0 policy=0
rank=946 loaded data/1536/stackoverflow_a2q_tw.sub946.txt (|V_local|=1651  t_range=[3949955,239694982])
rank=946 loaded routing data/1536/stackoverflow_a2q_tw.rt946.txt (864 entries)
rank=923/1536 dataset=stackoverflow_a2q_tw walkers=50000 (46150000..46199999) steps=30 mode=0 sched=single-bucket delta_t=0 policy=0
rank=923 loaded data/1536/stackoverflow_a2q_tw.sub923.txt (|V_local|=1586  t_range=[25292417,239595415])
rank=923 loaded routing data/1536/stackoverflow_a2q_tw.rt923.txt (1092 entries)
rank=923 added 1 boundary-only nodes from routing
rank=916/1536 dataset=stackoverflow_a2q_tw walkers=50000 (45800000..45849999) steps=30 mode=0 sched=single-bucket delta_t=0 policy=0
rank=916 loaded data/1536/stackoverflow_a2q_tw.sub916.txt (|V_local|=1620  t_range=[4000529,239668362])
rank=916 loaded routing data/1536/stackoverflow_a2q_tw.rt916.txt (971 entries)
rank=933/1536 dataset=stackoverflow_a2q_tw walkers=50000 (46650000..46699999) steps=30 mode=0 sched=single-bucket delta_t=0 policy=0
rank=933 loaded data/1536/stackoverflow_a2q_tw.sub933.txt (|V_local|=1591  t_range=[4198566,239653877])
rank=933 loaded routing data/1536/stackoverflow_a2q_tw.rt933.txt (1073 entries)
rank=933 added 2 boundary-only nodes from routing
rank=959/1536 dataset=stackoverflow_a2q_tw walkers=50000 (47950000..47999999) steps=30 mode=0 sched=single-bucket delta_t=0 policy=0
rank=959 loaded data/1536/stackoverflow_a2q_tw.sub959.txt (|V_local|=1596  t_range=[42246412,239691248])
rank=959 loaded routing data/1536/stackoverflow_a2q_tw.rt959.txt (1054 entries)
rank=959 added 4 boundary-only nodes from routing
rank=935/1536 dataset=stackoverflow_a2q_tw walkers=50000 (46750000..46799999) steps=30 mode=0 sched=single-bucket delta_t=0 policy=0
rank=935 loaded data/1536/stackoverflow_a2q_tw.sub935.txt (|V_local|=1599  t_range=[8459747,239500353])
rank=935 loaded routing data/1536/stackoverflow_a2q_tw.rt935.txt (1032 entries)
rank=921/1536 dataset=stackoverflow_a2q_tw walkers=50000 (46050000..46099999) steps=30 mode=0 sched=single-bucket delta_t=0 policy=0
rank=921 loaded data/1536/stackoverflow_a2q_tw.sub921.txt (|V_local|=1585  t_range=[9021146,239670252])
rank=921 loaded routing data/1536/stackoverflow_a2q_tw.rt921.txt (1049 entries)
rank=931/1536 dataset=stackoverflow_a2q_tw walkers=50000 (46550000..46599999) steps=30 mode=0 sched=single-bucket delta_t=0 policy=0
rank=931 loaded data/1536/stackoverflow_a2q_tw.sub931.txt (|V_local|=1645  t_range=[23436494,239671951])
rank=931 loaded routing data/1536/stackoverflow_a2q_tw.rt931.txt (981 entries)
rank=914/1536 dataset=stackoverflow_a2q_tw walkers=50000 (45700000..45749999) steps=30 mode=0 sched=single-bucket delta_t=0 policy=0
rank=914 loaded data/1536/stackoverflow_a2q_tw.sub914.txt (|V_local|=1651  t_range=[5434833,239684694])
rank=914 loaded routing data/1536/stackoverflow_a2q_tw.rt914.txt (864 entries)
rank=914 added 1 boundary-only nodes from routing
rank=920/1536 dataset=stackoverflow_a2q_tw walkers=50000 (46000000..46049999) steps=30 mode=0 sched=single-bucket delta_t=0 policy=0
rank=920 loaded data/1536/stackoverflow_a2q_tw.sub920.txt (|V_local|=1581  t_range=[9764648,239575762])
rank=920 loaded routing data/1536/stackoverflow_a2q_tw.rt920.txt (1045 entries)
rank=920 added 1 boundary-only nodes from routing
rank=922/1536 dataset=stackoverflow_a2q_tw walkers=50000 (46100000..46149999) steps=30 mode=0 sched=single-bucket delta_t=0 policy=0
rank=922 loaded data/1536/stackoverflow_a2q_tw.sub922.txt (|V_local|=1592  t_range=[10029237,239684073])
rank=922 loaded routing data/1536/stackoverflow_a2q_tw.rt922.txt (1024 entries)
rank=941/1536 dataset=stackoverflow_a2q_tw walkers=50000 (47050000..47099999) steps=30 mode=0 sched=single-bucket delta_t=0 policy=0
rank=941 loaded data/1536/stackoverflow_a2q_tw.sub941.txt (|V_local|=1588  t_range=[17418235,239645905])
rank=941 loaded routing data/1536/stackoverflow_a2q_tw.rt941.txt (1083 entries)
rank=941 added 1 boundary-only nodes from routing
rank=956/1536 dataset=stackoverflow_a2q_tw walkers=50000 (47800000..47849999) steps=30 mode=0 sched=single-bucket delta_t=0 policy=0
rank=956 loaded data/1536/stackoverflow_a2q_tw.sub956.txt (|V_local|=1650  t_range=[25715850,239694633])
rank=956 loaded routing data/1536/stackoverflow_a2q_tw.rt956.txt (1069 entries)
rank=956 added 1 boundary-only nodes from routing
rank=912/1536 dataset=stackoverflow_a2q_tw walkers=50000 (45600000..45649999) steps=30 mode=0 sched=single-bucket delta_t=0 policy=0
rank=912 loaded data/1536/stackoverflow_a2q_tw.sub912.txt (|V_local|=1590  t_range=[4055413,239695966])
rank=912 loaded routing data/1536/stackoverflow_a2q_tw.rt912.txt (1049 entries)
rank=925/1536 dataset=stackoverflow_a2q_tw walkers=50000 (46250000..46299999) steps=30 mode=0 sched=single-bucket delta_t=0 policy=0
rank=783/1536 dataset=stackoverflow_a2q_tw walkers=50000 (39150000..39199999) steps=30 mode=0 sched=single-bucket delta_t=0 policy=0
rank=783 loaded data/1536/stackoverflow_a2q_tw.sub783.txt (|V_local|=1597  t_range=[15693640,239506732])
rank=783 loaded routing data/1536/stackoverflow_a2q_tw.rt783.txt (946 entries)
rank=783 added 2 boundary-only nodes from routing
rank=785/1536 dataset=stackoverflow_a2q_tw walkers=50000 (39250000..39299999) steps=30 mode=0 sched=single-bucket delta_t=0 policy=0
rank=785 loaded data/1536/stackoverflow_a2q_tw.sub785.txt (|V_local|=1592  t_range=[601221,239663380])
rank=785 loaded routing data/1536/stackoverflow_a2q_tw.rt785.txt (1092 entries)
rank=785 added 2 boundary-only nodes from routing
rank=794/1536 dataset=stackoverflow_a2q_tw walkers=50000 (39700000..39749999) steps=30 mode=0 sched=single-bucket delta_t=0 policy=0
rank=794 loaded data/1536/stackoverflow_a2q_tw.sub794.txt (|V_local|=1595  t_range=[4547193,239642178])
rank=794 loaded routing data/1536/stackoverflow_a2q_tw.rt794.txt (951 entries)
rank=794 added 1 boundary-only nodes from routing
rank=788/1536 dataset=stackoverflow_a2q_tw walkers=50000 (39400000..39449999) steps=30 mode=0 sched=single-bucket delta_t=0 policy=0
rank=788 loaded data/1536/stackoverflow_a2q_tw.sub788.txt (|V_local|=1605  t_range=[580198,239649351])
rank=788 loaded routing data/1536/stackoverflow_a2q_tw.rt788.txt (937 entries)
rank=788 added 7 boundary-only nodes from routing
rank=769/1536 dataset=stackoverflow_a2q_tw walkers=50000 (38450000..38499999) steps=30 mode=0 sched=single-bucket delta_t=0 policy=0
rank=769 loaded data/1536/stackoverflow_a2q_tw.sub769.txt (|V_local|=1580  t_range=[8791192,239626750])
rank=769 loaded routing data/1536/stackoverflow_a2q_tw.rt769.txt (1078 entries)
rank=769 added 9 boundary-only nodes from routing
rank=797/1536 dataset=stackoverflow_a2q_tw walkers=50000 (39850000..39899999) steps=30 mode=0 sched=single-bucket delta_t=0 policy=0
rank=797 loaded data/1536/stackoverflow_a2q_tw.sub797.txt (|V_local|=1586  t_range=[21768168,239677078])
rank=797 loaded routing data/1536/stackoverflow_a2q_tw.rt797.txt (1066 entries)
rank=797 added 4 boundary-only nodes from routing
rank=770/1536 dataset=stackoverflow_a2q_tw walkers=50000 (38500000..38549999) steps=30 mode=0 sched=single-bucket delta_t=0 policy=0
rank=770 loaded data/1536/stackoverflow_a2q_tw.sub770.txt (|V_local|=1616  t_range=[247683,239668666])
rank=770 loaded routing data/1536/stackoverflow_a2q_tw.rt770.txt (1001 entries)
rank=770 added 1 boundary-only nodes from routing
rank=806/1536 dataset=stackoverflow_a2q_tw walkers=50000 (40300000..40349999) steps=30 mode=0 sched=single-bucket delta_t=0 policy=0
rank=806 loaded data/1536/stackoverflow_a2q_tw.sub806.txt (|V_local|=1591  t_range=[3335984,239694962])
rank=806 loaded routing data/1536/stackoverflow_a2q_tw.rt806.txt (1036 entries)
rank=786/1536 dataset=stackoverflow_a2q_tw walkers=50000 (39300000..39349999) steps=30 mode=0 sched=single-bucket delta_t=0 policy=0
rank=786 loaded data/1536/stackoverflow_a2q_tw.sub786.txt (|V_local|=1592  t_range=[2450821,239668082])
rank=786 loaded routing data/1536/stackoverflow_a2q_tw.rt786.txt (1040 entries)
rank=786 added 1 boundary-only nodes from routing
rank=814/1536 dataset=stackoverflow_a2q_tw walkers=50000 (40700000..40749999) steps=30 mode=0 sched=single-bucket delta_t=0 policy=0
rank=814 loaded data/1536/stackoverflow_a2q_tw.sub814.txt (|V_local|=1651  t_range=[3882345,239619592])
rank=814 loaded routing data/1536/stackoverflow_a2q_tw.rt814.txt (716 entries)
rank=814 added 1 boundary-only nodes from routing
rank=777/1536 dataset=stackoverflow_a2q_tw walkers=50000 (38850000..38899999) steps=30 mode=0 sched=single-bucket delta_t=0 policy=0
rank=777 loaded data/1536/stackoverflow_a2q_tw.sub777.txt (|V_local|=1592  t_range=[2573922,239659745])
rank=777 loaded routing data/1536/stackoverflow_a2q_tw.rt777.txt (1088 entries)
rank=777 added 1 boundary-only nodes from routing
rank=773/1536 dataset=stackoverflow_a2q_tw walkers=50000 (38650000..38699999) steps=30 mode=0 sched=single-bucket delta_t=0 policy=0
rank=773 loaded data/1536/stackoverflow_a2q_tw.sub773.txt (|V_local|=1588  t_range=[890858,239558404])
rank=773 loaded routing data/1536/stackoverflow_a2q_tw.rt773.txt (996 entries)
rank=773 added 2 boundary-only nodes from routing
rank=813/1536 dataset=stackoverflow_a2q_tw walkers=50000 (40650000..40699999) steps=30 mode=0 sched=single-bucket delta_t=0 policy=0
rank=813 loaded data/1536/stackoverflow_a2q_tw.sub813.txt (|V_local|=1587  t_range=[303787,239630183])
rank=813 loaded routing data/1536/stackoverflow_a2q_tw.rt813.txt (1007 entries)
rank=813 added 1 boundary-only nodes from routing
rank=801/1536 dataset=stackoverflow_a2q_tw walkers=50000 (40050000..40099999) steps=30 mode=0 sched=single-bucket delta_t=0 policy=0
rank=801 loaded data/1536/stackoverflow_a2q_tw.sub801.txt (|V_local|=1588  t_range=[19759808,239660424])
rank=801 loaded routing data/1536/stackoverflow_a2q_tw.rt801.txt (1067 entries)
rank=801 added 1 boundary-only nodes from routing
rank=779/1536 dataset=stackoverflow_a2q_tw walkers=50000 (38950000..38999999) steps=30 mode=0 sched=single-bucket delta_t=0 policy=0
rank=779 loaded data/1536/stackoverflow_a2q_tw.sub779.txt (|V_local|=1650  t_range=[4471321,239686287])
rank=779 loaded routing data/1536/stackoverflow_a2q_tw.rt779.txt (908 entries)
rank=779 added 2 boundary-only nodes from routing
rank=781/1536 dataset=stackoverflow_a2q_tw walkers=50000 (39050000..39099999) steps=30 mode=0 sched=single-bucket delta_t=0 policy=0
rank=781 loaded data/1536/stackoverflow_a2q_tw.sub781.txt (|V_local|=1602  t_range=[8521342,239698070])
rank=781 loaded routing data/1536/stackoverflow_a2q_tw.rt781.txt (1025 entries)
rank=776/1536 dataset=stackoverflow_a2q_tw walkers=50000 (38800000..38849999) steps=30 mode=0 sched=single-bucket delta_t=0 policy=0
rank=776 loaded data/1536/stackoverflow_a2q_tw.sub776.txt (|V_local|=1651  t_range=[4157698,239696826])
rank=776 loaded routing data/1536/stackoverflow_a2q_tw.rt776.txt (889 entries)
rank=776 added 1 boundary-only nodes from routing
rank=771/1536 dataset=stackoverflow_a2q_tw walkers=50000 (38550000..38599999) steps=30 mode=0 sched=single-bucket delta_t=0 policy=0
rank=771 loaded data/1536/stackoverflow_a2q_tw.sub771.txt (|V_local|=1594  t_range=[4017374,239606008])
rank=771 loaded routing data/1536/stackoverflow_a2q_tw.rt771.txt (1052 entries)
rank=799/1536 dataset=stackoverflow_a2q_tw walkers=50000 (39950000..39999999) steps=30 mode=0 sched=single-bucket delta_t=0 policy=0
rank=799 loaded data/1536/stackoverflow_a2q_tw.sub799.txt (|V_local|=1589  t_range=[4123839,239561192])
rank=799 loaded routing data/1536/stackoverflow_a2q_tw.rt799.txt (1070 entries)
rank=799 added 1 boundary-only nodes from routing
rank=775/1536 dataset=stackoverflow_a2q_tw walkers=50000 (38750000..38799999) steps=30 mode=0 sched=single-bucket delta_t=0 policy=0
rank=775 loaded data/1536/stackoverflow_a2q_tw.sub775.txt (|V_local|=1585  t_range=[12393563,239667752])
rank=775 loaded routing data/1536/stackoverflow_a2q_tw.rt775.txt (1156 entries)
rank=775 added 2 boundary-only nodes from routing
rank=774/1536 dataset=stackoverflow_a2q_tw walkers=50000 (38700000..38749999) steps=30 mode=0 sched=single-bucket delta_t=0 policy=0
rank=774 loaded data/1536/stackoverflow_a2q_tw.sub774.txt (|V_local|=1587  t_range=[2493468,239603443])
rank=774 loaded routing data/1536/stackoverflow_a2q_tw.rt774.txt (1165 entries)
rank=774 added 2 boundary-only nodes from routing
rank=782/1536 dataset=stackoverflow_a2q_tw walkers=50000 (39100000..39149999) steps=30 mode=0 sched=single-bucket delta_t=0 policy=0
rank=782 loaded data/1536/stackoverflow_a2q_tw.sub782.txt (|V_local|=1652  t_range=[1027989,239664433])
rank=782 loaded routing data/1536/stackoverflow_a2q_tw.rt782.txt (879 entries)
rank=790/1536 dataset=stackoverflow_a2q_tw walkers=50000 (39500000..39549999) steps=30 mode=0 sched=single-bucket delta_t=0 policy=0
rank=790 loaded data/1536/stackoverflow_a2q_tw.sub790.txt (|V_local|=1650  t_range=[3641178,239513518])
rank=790 loaded routing data/1536/stackoverflow_a2q_tw.rt790.txt (811 entries)
rank=1111/1536 dataset=stackoverflow_a2q_tw walkers=50000 (55550000..55599999) steps=30 mode=0 sched=single-bucket delta_t=0 policy=0
rank=1111 loaded data/1536/stackoverflow_a2q_tw.sub1111.txt (|V_local|=1651  t_range=[3954343,239659778])
rank=1111 loaded routing data/1536/stackoverflow_a2q_tw.rt1111.txt (900 entries)
rank=1107/1536 dataset=stackoverflow_a2q_tw walkers=50000 (55350000..55399999) steps=30 mode=0 sched=single-bucket delta_t=0 policy=0
rank=1107 loaded data/1536/stackoverflow_a2q_tw.sub1107.txt (|V_local|=1589  t_range=[1785838,239545120])
rank=1107 loaded routing data/1536/stackoverflow_a2q_tw.rt1107.txt (976 entries)
rank=1107 added 1 boundary-only nodes from routing
rank=1115/1536 dataset=stackoverflow_a2q_tw walkers=50000 (55750000..55799999) steps=30 mode=0 sched=single-bucket delta_t=0 policy=0
rank=1115 loaded data/1536/stackoverflow_a2q_tw.sub1115.txt (|V_local|=1590  t_range=[4664303,239669271])
rank=1115 loaded routing data/1536/stackoverflow_a2q_tw.rt1115.txt (1043 entries)
rank=1115 added 2 boundary-only nodes from routing
rank=1135/1536 dataset=stackoverflow_a2q_tw walkers=50000 (56750000..56799999) steps=30 mode=0 sched=single-bucket delta_t=0 policy=0
rank=1135 loaded data/1536/stackoverflow_a2q_tw.sub1135.txt (|V_local|=1589  t_range=[34517760,239651644])
rank=1135 loaded routing data/1536/stackoverflow_a2q_tw.rt1135.txt (1080 entries)
rank=1135 added 1 boundary-only nodes from routing
rank=1113/1536 dataset=stackoverflow_a2q_tw walkers=50000 (55650000..55699999) steps=30 mode=0 sched=single-bucket delta_t=0 policy=0
rank=1113 loaded data/1536/stackoverflow_a2q_tw.sub1113.txt (|V_local|=1585  t_range=[2180347,239650831])
rank=1113 loaded routing data/1536/stackoverflow_a2q_tw.rt1113.txt (1075 entries)
rank=1113 added 5 boundary-only nodes from routing
rank=1109/1536 dataset=stackoverflow_a2q_tw walkers=50000 (55450000..55499999) steps=30 mode=0 sched=single-bucket delta_t=0 policy=0
rank=1109 loaded data/1536/stackoverflow_a2q_tw.sub1109.txt (|V_local|=1651  t_range=[5944718,239677821])
rank=1109 loaded routing data/1536/stackoverflow_a2q_tw.rt1109.txt (704 entries)
rank=1109 added 1 boundary-only nodes from routing
rank=1117/1536 dataset=stackoverflow_a2q_tw walkers=50000 (55850000..55899999) steps=30 mode=0 sched=single-bucket delta_t=0 policy=0
rank=1117 loaded data/1536/stackoverflow_a2q_tw.sub1117.txt (|V_local|=1636  t_range=[18927955,239593788])
rank=1117 loaded routing data/1536/stackoverflow_a2q_tw.rt1117.txt (1036 entries)
rank=1108/1536 dataset=stackoverflow_a2q_tw walkers=50000 (55400000..55449999) steps=30 mode=0 sched=single-bucket delta_t=0 policy=0
rank=1108 loaded data/1536/stackoverflow_a2q_tw.sub1108.txt (|V_local|=1651  t_range=[2776286,239568257])
rank=1108 loaded routing data/1536/stackoverflow_a2q_tw.rt1108.txt (653 entries)
rank=1108 added 1 boundary-only nodes from routing
rank=1110/1536 dataset=stackoverflow_a2q_tw walkers=50000 (55500000..55549999) steps=30 mode=0 sched=single-bucket delta_t=0 policy=0
rank=1110 loaded data/1536/stackoverflow_a2q_tw.sub1110.txt (|V_local|=1592  t_range=[2445352,239651725])
rank=1110 loaded routing data/1536/stackoverflow_a2q_tw.rt1110.txt (1037 entries)
rank=1116/1536 dataset=stackoverflow_a2q_tw walkers=50000 (55800000..55849999) steps=30 mode=0 sched=single-bucket delta_t=0 policy=0
rank=1116 loaded data/1536/stackoverflow_a2q_tw.sub1116.txt (|V_local|=1582  t_range=[13086377,239672554])
rank=1116 loaded routing data/1536/stackoverflow_a2q_tw.rt1116.txt (1014 entries)
rank=1116 added 3 boundary-only nodes from routing
rank=1122/1536 dataset=stackoverflow_a2q_tw walkers=50000 (56100000..56149999) steps=30 mode=0 sched=single-bucket delta_t=0 policy=0
rank=1122 loaded data/1536/stackoverflow_a2q_tw.sub1122.txt (|V_local|=1592  t_range=[1177970,239670963])
rank=1122 loaded routing data/1536/stackoverflow_a2q_tw.rt1122.txt (1041 entries)
rank=1106/1536 dataset=stackoverflow_a2q_tw walkers=50000 (55300000..55349999) steps=30 mode=0 sched=single-bucket delta_t=0 policy=0
rank=1106 loaded data/1536/stackoverflow_a2q_tw.sub1106.txt (|V_local|=1651  t_range=[6921983,239460216])
rank=1106 loaded routing data/1536/stackoverflow_a2q_tw.rt1106.txt (865 entries)
rank=1124/1536 dataset=stackoverflow_a2q_tw walkers=50000 (56200000..56249999) steps=30 mode=0 sched=single-bucket delta_t=0 policy=0
rank=1124 loaded data/1536/stackoverflow_a2q_tw.sub1124.txt (|V_local|=1590  t_range=[4142749,239641571])
rank=1124 loaded routing data/1536/stackoverflow_a2q_tw.rt1124.txt (981 entries)
rank=1124 added 1 boundary-only nodes from routing
rank=1112/1536 dataset=stackoverflow_a2q_tw walkers=50000 (55600000..55649999) steps=30 mode=0 sched=single-bucket delta_t=0 policy=0
rank=1112 loaded data/1536/stackoverflow_a2q_tw.sub1112.txt (|V_local|=1652  t_range=[3725239,239567430])
rank=1112 loaded routing data/1536/stackoverflow_a2q_tw.rt1112.txt (802 entries)
rank=1121/1536 dataset=stackoverflow_a2q_tw walkers=50000 (56050000..56099999) steps=30 mode=0 sched=single-bucket delta_t=0 policy=0
rank=1121 loaded data/1536/stackoverflow_a2q_tw.sub1121.txt (|V_local|=1583  t_range=[11550467,239676259])
rank=1121 loaded routing data/1536/stackoverflow_a2q_tw.rt1121.txt (1057 entries)
rank=1121 added 2 boundary-only nodes from routing
rank=1120/1536 dataset=stackoverflow_a2q_tw walkers=50000 (56000000..56049999) steps=30 mode=0 sched=single-bucket delta_t=0 policy=0
rank=1120 loaded data/1536/stackoverflow_a2q_tw.sub1120.txt (|V_local|=1586  t_range=[19112124,239500534])
rank=1120 loaded routing data/1536/stackoverflow_a2q_tw.rt1120.txt (1033 entries)
rank=1120 added 3 boundary-only nodes from routing
rank=1105/1536 dataset=stackoverflow_a2q_tw walkers=50000 (55250000..55299999) steps=30 mode=0 sched=single-bucket delta_t=0 policy=0
rank=1105 loaded data/1536/stackoverflow_a2q_tw.sub1105.txt (|V_local|=1616  t_range=[3943838,239694147])
rank=1105 loaded routing data/1536/stackoverflow_a2q_tw.rt1105.txt (980 entries)
rank=1105 added 1 boundary-only nodes from routing
rank=1147/1536 dataset=stackoverflow_a2q_tw walkers=50000 (57350000..57399999) steps=30 mode=0 sched=single-bucket delta_t=0 policy=0
rank=1147 loaded data/1536/stackoverflow_a2q_tw.sub1147.txt (|V_local|=1652  t_range=[24708937,239689662])
rank=1147 loaded routing data/1536/stackoverflow_a2q_tw.rt1147.txt (864 entries)
rank=1149/1536 dataset=stackoverflow_a2q_tw walkers=50000 (57450000..57499999) steps=30 mode=0 sched=single-bucket delta_t=0 policy=0
rank=1149 loaded data/1536/stackoverflow_a2q_tw.sub1149.txt (|V_local|=1590  t_range=[2166031,239665815])
rank=1149 loaded routing data/1536/stackoverflow_a2q_tw.rt1149.txt (1085 entries)
rank=1126/1536 dataset=stackoverflow_a2q_tw walkers=50000 (56300000..56349999) steps=30 mode=0 sched=single-bucket delta_t=0 policy=0
rank=1126 loaded data/1536/stackoverflow_a2q_tw.sub1126.txt (|V_local|=1652  t_range=[7123943,239544199])
rank=1126 loaded routing data/1536/stackoverflow_a2q_tw.rt1126.txt (1044 entries)
rank=1118/1536 dataset=stackoverflow_a2q_tw walkers=50000 (55900000..55949999) steps=30 mode=0 sched=single-bucket delta_t=0 policy=0
rank=1118 loaded data/1536/stackoverflow_a2q_tw.sub1118.txt (|V_local|=1651  t_range=[288261,239694581])
rank=1118 loaded routing data/1536/stackoverflow_a2q_tw.rt1118.txt (980 entries)
rank=1125/1536 dataset=stackoverflow_a2q_tw walkers=50000 (56250000..56299999) steps=30 mode=0 sched=single-bucket delta_t=0 policy=0
rank=1125 loaded data/1536/stackoverflow_a2q_tw.sub1125.txt (|V_local|=1589  t_range=[2909066,239640641])
rank=1125 loaded routing data/1536/stackoverflow_a2q_tw.rt1125.txt (1026 entries)
rank=1132/1536 dataset=stackoverflow_a2q_tw walkers=50000 (56600000..56649999) steps=30 mode=0 sched=single-bucket delta_t=0 policy=0
rank=1132 loaded data/1536/stackoverflow_a2q_tw.sub1132.txt (|V_local|=1596  t_range=[9556998,239636558])
rank=1132 loaded routing data/1536/stackoverflow_a2q_tw.rt1132.txt (1101 entries)
rank=1123/1536 dataset=stackoverflow_a2q_tw walkers=50000 (56150000..56199999) steps=30 mode=0 sched=single-bucket delta_t=0 policy=0
rank=1355/1536 dataset=stackoverflow_a2q_tw walkers=50000 (67750000..67799999) steps=30 mode=0 sched=single-bucket delta_t=0 policy=0
rank=1355 loaded data/1536/stackoverflow_a2q_tw.sub1355.txt (|V_local|=1578  t_range=[5419261,239477771])
rank=1355 loaded routing data/1536/stackoverflow_a2q_tw.rt1355.txt (1083 entries)
rank=1355 added 16 boundary-only nodes from routing
rank=1348/1536 dataset=stackoverflow_a2q_tw walkers=50000 (67400000..67449999) steps=30 mode=0 sched=single-bucket delta_t=0 policy=0
rank=1348 loaded data/1536/stackoverflow_a2q_tw.sub1348.txt (|V_local|=1583  t_range=[6925092,239681905])
rank=1348 loaded routing data/1536/stackoverflow_a2q_tw.rt1348.txt (1101 entries)
rank=1348 added 10 boundary-only nodes from routing
rank=1370/1536 dataset=stackoverflow_a2q_tw walkers=50000 (68500000..68549999) steps=30 mode=0 sched=single-bucket delta_t=0 policy=0
rank=1370 loaded data/1536/stackoverflow_a2q_tw.sub1370.txt (|V_local|=1648  t_range=[11316052,239683108])
rank=1370 loaded routing data/1536/stackoverflow_a2q_tw.rt1370.txt (1012 entries)
rank=1370 added 1 boundary-only nodes from routing
rank=1388/1536 dataset=stackoverflow_a2q_tw walkers=50000 (69400000..69449999) steps=30 mode=0 sched=single-bucket delta_t=0 policy=0
rank=1388 loaded data/1536/stackoverflow_a2q_tw.sub1388.txt (|V_local|=1592  t_range=[1331762,239470119])
rank=1388 loaded routing data/1536/stackoverflow_a2q_tw.rt1388.txt (1109 entries)
rank=1368/1536 dataset=stackoverflow_a2q_tw walkers=50000 (68400000..68449999) steps=30 mode=0 sched=single-bucket delta_t=0 policy=0
rank=1368 loaded data/1536/stackoverflow_a2q_tw.sub1368.txt (|V_local|=1591  t_range=[3171336,239468012])
rank=1368 loaded routing data/1536/stackoverflow_a2q_tw.rt1368.txt (1114 entries)
rank=1345/1536 dataset=stackoverflow_a2q_tw walkers=50000 (67250000..67299999) steps=30 mode=0 sched=single-bucket delta_t=0 policy=0
rank=1345 loaded data/1536/stackoverflow_a2q_tw.sub1345.txt (|V_local|=1587  t_range=[3672626,239569973])
rank=1345 loaded routing data/1536/stackoverflow_a2q_tw.rt1345.txt (1040 entries)
rank=1345 added 1 boundary-only nodes from routing
rank=1357/1536 dataset=stackoverflow_a2q_tw walkers=50000 (67850000..67899999) steps=30 mode=0 sched=single-bucket delta_t=0 policy=0
rank=1357 loaded data/1536/stackoverflow_a2q_tw.sub1357.txt (|V_local|=1650  t_range=[3962855,239621413])
rank=1357 loaded routing data/1536/stackoverflow_a2q_tw.rt1357.txt (914 entries)
rank=1357 added 2 boundary-only nodes from routing
rank=1353/1536 dataset=stackoverflow_a2q_tw walkers=50000 (67650000..67699999) steps=30 mode=0 sched=single-bucket delta_t=0 policy=0
rank=1353 loaded data/1536/stackoverflow_a2q_tw.sub1353.txt (|V_local|=1583  t_range=[6603691,239688112])
rank=1353 loaded routing data/1536/stackoverflow_a2q_tw.rt1353.txt (1083 entries)
rank=1353 added 6 boundary-only nodes from routing
rank=1366/1536 dataset=stackoverflow_a2q_tw walkers=50000 (68300000..68349999) steps=30 mode=0 sched=single-bucket delta_t=0 policy=0
rank=1366 loaded data/1536/stackoverflow_a2q_tw.sub1366.txt (|V_local|=1652  t_range=[1184634,239646122])
rank=1366 loaded routing data/1536/stackoverflow_a2q_tw.rt1366.txt (536 entries)
rank=1358/1536 dataset=stackoverflow_a2q_tw walkers=50000 (67900000..67949999) steps=30 mode=0 sched=single-bucket delta_t=0 policy=0
rank=1358 loaded data/1536/stackoverflow_a2q_tw.sub1358.txt (|V_local|=1649  t_range=[8443400,239685903])
rank=1358 loaded routing data/1536/stackoverflow_a2q_tw.rt1358.txt (725 entries)
rank=1358 added 1 boundary-only nodes from routing
rank=1361/1536 dataset=stackoverflow_a2q_tw walkers=50000 (68050000..68099999) steps=30 mode=0 sched=single-bucket delta_t=0 policy=0
rank=1361 loaded data/1536/stackoverflow_a2q_tw.sub1361.txt (|V_local|=1650  t_range=[11027436,239601207])
rank=1361 loaded routing data/1536/stackoverflow_a2q_tw.rt1361.txt (739 entries)
rank=1361 added 2 boundary-only nodes from routing
rank=1390/1536 dataset=stackoverflow_a2q_tw walkers=50000 (69500000..69549999) steps=30 mode=0 sched=single-bucket delta_t=0 policy=0
rank=1390 loaded data/1536/stackoverflow_a2q_tw.sub1390.txt (|V_local|=1598  t_range=[4929667,239585260])
rank=1390 loaded routing data/1536/stackoverflow_a2q_tw.rt1390.txt (1114 entries)
rank=1380/1536 dataset=stackoverflow_a2q_tw walkers=50000 (69000000..69049999) steps=30 mode=0 sched=single-bucket delta_t=0 policy=0
rank=1380 loaded data/1536/stackoverflow_a2q_tw.sub1380.txt (|V_local|=1589  t_range=[3980465,239665785])
rank=1380 loaded routing data/1536/stackoverflow_a2q_tw.rt1380.txt (1080 entries)
rank=1380 added 2 boundary-only nodes from routing
rank=1350/1536 dataset=stackoverflow_a2q_tw walkers=50000 (67500000..67549999) steps=30 mode=0 sched=single-bucket delta_t=0 policy=0
rank=1350 loaded data/1536/stackoverflow_a2q_tw.sub1350.txt (|V_local|=1591  t_range=[481578,239617892])
rank=1350 loaded routing data/1536/stackoverflow_a2q_tw.rt1350.txt (1067 entries)
rank=1350 added 3 boundary-only nodes from routing
rank=1346/1536 dataset=stackoverflow_a2q_tw walkers=50000 (67300000..67349999) steps=30 mode=0 sched=single-bucket delta_t=0 policy=0
rank=1346 loaded data/1536/stackoverflow_a2q_tw.sub1346.txt (|V_local|=1579  t_range=[1920614,239597521])
rank=1346 loaded routing data/1536/stackoverflow_a2q_tw.rt1346.txt (1033 entries)
rank=1346 added 4 boundary-only nodes from routing
rank=1352/1536 dataset=stackoverflow_a2q_tw walkers=50000 (67600000..67649999) steps=30 mode=0 sched=single-bucket delta_t=0 policy=0
rank=1352 loaded data/1536/stackoverflow_a2q_tw.sub1352.txt (|V_local|=1587  t_range=[4712477,239659526])
rank=1352 loaded routing data/1536/stackoverflow_a2q_tw.rt1352.txt (1046 entries)
rank=1372/1536 dataset=stackoverflow_a2q_tw walkers=50000 (68600000..68649999) steps=30 mode=0 sched=single-bucket delta_t=0 policy=0
rank=1372 loaded data/1536/stackoverflow_a2q_tw.sub1372.txt (|V_local|=1592  t_range=[14246469,239677448])
rank=1372 loaded routing data/1536/stackoverflow_a2q_tw.rt1372.txt (1102 entries)
rank=1372 added 2 boundary-only nodes from routing
rank=1365/1536 dataset=stackoverflow_a2q_tw walkers=50000 (68250000..68299999) steps=30 mode=0 sched=single-bucket delta_t=0 policy=0
rank=1365 loaded data/1536/stackoverflow_a2q_tw.sub1365.txt (|V_local|=1586  t_range=[1694855,239305094])
rank=1365 loaded routing data/1536/stackoverflow_a2q_tw.rt1365.txt (1045 entries)
rank=1365 added 2 boundary-only nodes from routing
rank=1373/1536 dataset=stackoverflow_a2q_tw walkers=50000 (68650000..68699999) steps=30 mode=0 sched=single-bucket delta_t=0 policy=0
rank=1373 loaded data/1536/stackoverflow_a2q_tw.sub1373.txt (|V_local|=1587  t_range=[5235453,239648164])
rank=1373 loaded routing data/1536/stackoverflow_a2q_tw.rt1373.txt (1122 entries)
rank=1373 added 2 boundary-only nodes from routing
rank=1349/1536 dataset=stackoverflow_a2q_tw walkers=50000 (67450000..67499999) steps=30 mode=0 sched=single-bucket delta_t=0 policy=0
rank=1349 loaded data/1536/stackoverflow_a2q_tw.sub1349.txt (|V_local|=1590  t_range=[3529957,239623632])
rank=1349 loaded routing data/1536/stackoverflow_a2q_tw.rt1349.txt (1057 entries)
rank=1349 added 1 boundary-only nodes from routing
rank=584/1536 dataset=stackoverflow_a2q_tw walkers=50000 (29200000..29249999) steps=30 mode=0 sched=single-bucket delta_t=0 policy=0
rank=584 loaded data/1536/stackoverflow_a2q_tw.sub584.txt (|V_local|=1644  t_range=[477915,239568974])
rank=584 loaded routing data/1536/stackoverflow_a2q_tw.rt584.txt (1011 entries)
rank=578/1536 dataset=stackoverflow_a2q_tw walkers=50000 (28900000..28949999) steps=30 mode=0 sched=single-bucket delta_t=0 policy=0
rank=578 loaded data/1536/stackoverflow_a2q_tw.sub578.txt (|V_local|=1594  t_range=[5858558,239661500])
rank=578 loaded routing data/1536/stackoverflow_a2q_tw.rt578.txt (1004 entries)
rank=587/1536 dataset=stackoverflow_a2q_tw walkers=50000 (29350000..29399999) steps=30 mode=0 sched=single-bucket delta_t=0 policy=0
rank=587 loaded data/1536/stackoverflow_a2q_tw.sub587.txt (|V_local|=1644  t_range=[18826564,239629958])
rank=587 loaded routing data/1536/stackoverflow_a2q_tw.rt587.txt (940 entries)
rank=583/1536 dataset=stackoverflow_a2q_tw walkers=50000 (29150000..29199999) steps=30 mode=0 sched=single-bucket delta_t=0 policy=0
rank=583 loaded data/1536/stackoverflow_a2q_tw.sub583.txt (|V_local|=1601  t_range=[6117936,239681252])
rank=583 loaded routing data/1536/stackoverflow_a2q_tw.rt583.txt (989 entries)
rank=577/1536 dataset=stackoverflow_a2q_tw walkers=50000 (28850000..28899999) steps=30 mode=0 sched=single-bucket delta_t=0 policy=0
rank=577 loaded data/1536/stackoverflow_a2q_tw.sub577.txt (|V_local|=1589  t_range=[2498532,239677179])
rank=577 loaded routing data/1536/stackoverflow_a2q_tw.rt577.txt (1040 entries)
rank=577 added 1 boundary-only nodes from routing
rank=621/1536 dataset=stackoverflow_a2q_tw walkers=50000 (31050000..31099999) steps=30 mode=0 sched=single-bucket delta_t=0 policy=0
rank=621 loaded data/1536/stackoverflow_a2q_tw.sub621.txt (|V_local|=1586  t_range=[29053632,239640611])
rank=621 loaded routing data/1536/stackoverflow_a2q_tw.rt621.txt (1072 entries)
rank=621 added 1 boundary-only nodes from routing
rank=595/1536 dataset=stackoverflow_a2q_tw walkers=50000 (29750000..29799999) steps=30 mode=0 sched=single-bucket delta_t=0 policy=0
rank=595 loaded data/1536/stackoverflow_a2q_tw.sub595.txt (|V_local|=1597  t_range=[4789658,239576728])
rank=595 loaded routing data/1536/stackoverflow_a2q_tw.rt595.txt (996 entries)
rank=579/1536 dataset=stackoverflow_a2q_tw walkers=50000 (28950000..28999999) steps=30 mode=0 sched=single-bucket delta_t=0 policy=0
rank=579 loaded data/1536/stackoverflow_a2q_tw.sub579.txt (|V_local|=1591  t_range=[9417316,239644671])
rank=579 loaded routing data/1536/stackoverflow_a2q_tw.rt579.txt (1116 entries)
rank=591/1536 dataset=stackoverflow_a2q_tw walkers=50000 (29550000..29599999) steps=30 mode=0 sched=single-bucket delta_t=0 policy=0
rank=591 loaded data/1536/stackoverflow_a2q_tw.sub591.txt (|V_local|=1586  t_range=[8324770,239666059])
rank=591 loaded routing data/1536/stackoverflow_a2q_tw.rt591.txt (1104 entries)
rank=591 added 1 boundary-only nodes from routing
rank=593/1536 dataset=stackoverflow_a2q_tw walkers=50000 (29650000..29699999) steps=30 mode=0 sched=single-bucket delta_t=0 policy=0
rank=593 loaded data/1536/stackoverflow_a2q_tw.sub593.txt (|V_local|=1591  t_range=[995641,239594420])
rank=593 loaded routing data/1536/stackoverflow_a2q_tw.rt593.txt (1056 entries)
rank=589/1536 dataset=stackoverflow_a2q_tw walkers=50000 (29450000..29499999) steps=30 mode=0 sched=single-bucket delta_t=0 policy=0
rank=589 loaded data/1536/stackoverflow_a2q_tw.sub589.txt (|V_local|=1591  t_range=[42769117,239594344])
rank=589 loaded routing data/1536/stackoverflow_a2q_tw.rt589.txt (1040 entries)
rank=588/1536 dataset=stackoverflow_a2q_tw walkers=50000 (29400000..29449999) steps=30 mode=0 sched=single-bucket delta_t=0 policy=0
rank=588 loaded data/1536/stackoverflow_a2q_tw.sub588.txt (|V_local|=1585  t_range=[11206772,239656499])
rank=588 loaded routing data/1536/stackoverflow_a2q_tw.rt588.txt (1073 entries)
rank=609/1536 dataset=stackoverflow_a2q_tw walkers=50000 (30450000..30499999) steps=30 mode=0 sched=single-bucket delta_t=0 policy=0
rank=609 loaded data/1536/stackoverflow_a2q_tw.sub609.txt (|V_local|=1591  t_range=[4848751,239678261])
rank=609 loaded routing data/1536/stackoverflow_a2q_tw.rt609.txt (1101 entries)
rank=609 added 1 boundary-only nodes from routing
rank=600/1536 dataset=stackoverflow_a2q_tw walkers=50000 (30000000..30049999) steps=30 mode=0 sched=single-bucket delta_t=0 policy=0
rank=600 loaded data/1536/stackoverflow_a2q_tw.sub600.txt (|V_local|=1589  t_range=[8887115,239684167])
rank=600 loaded routing data/1536/stackoverflow_a2q_tw.rt600.txt (1099 entries)
rank=622/1536 dataset=stackoverflow_a2q_tw walkers=50000 (31100000..31149999) steps=30 mode=0 sched=single-bucket delta_t=0 policy=0
rank=622 loaded data/1536/stackoverflow_a2q_tw.sub622.txt (|V_local|=1595  t_range=[40117188,239679817])
rank=622 loaded routing data/1536/stackoverflow_a2q_tw.rt622.txt (997 entries)
rank=590/1536 dataset=stackoverflow_a2q_tw walkers=50000 (29500000..29549999) steps=30 mode=0 sched=single-bucket delta_t=0 policy=0
rank=590 loaded data/1536/stackoverflow_a2q_tw.sub590.txt (|V_local|=1651  t_range=[16636824,239570009])
rank=590 loaded routing data/1536/stackoverflow_a2q_tw.rt590.txt (908 entries)
rank=590 added 1 boundary-only nodes from routing
rank=592/1536 dataset=stackoverflow_a2q_tw walkers=50000 (29600000..29649999) steps=30 mode=0 sched=single-bucket delta_t=0 policy=0
rank=592 loaded data/1536/stackoverflow_a2q_tw.sub592.txt (|V_local|=1607  t_range=[6923107,239579501])
rank=592 loaded routing data/1536/stackoverflow_a2q_tw.rt592.txt (975 entries)
rank=582/1536 dataset=stackoverflow_a2q_tw walkers=50000 (29100000..29149999) steps=30 mode=0 sched=single-bucket delta_t=0 policy=0
rank=582 loaded data/1536/stackoverflow_a2q_tw.sub582.txt (|V_local|=1593  t_range=[4156364,239575414])
rank=582 loaded routing data/1536/stackoverflow_a2q_tw.rt582.txt (1100 entries)
rank=582 added 1 boundary-only nodes from routing
rank=586/1536 dataset=stackoverflow_a2q_tw walkers=50000 (29300000..29349999) steps=30 mode=0 sched=single-bucket delta_t=0 policy=0
rank=586 loaded data/1536/stackoverflow_a2q_tw.sub586.txt (|V_local|=1593  t_range=[27785327,239691020])
rank=586 loaded routing data/1536/stackoverflow_a2q_tw.rt586.txt (1008 entries)
rank=611/1536 dataset=stackoverflow_a2q_tw walkers=50000 (30550000..30599999) steps=30 mode=0 sched=single-bucket delta_t=0 policy=0
rank=611 loaded data/1536/stackoverflow_a2q_tw.sub611.txt (|V_local|=1602  t_range=[7659878,239571216])
rank=611 loaded routing data/1536/stackoverflow_a2q_tw.rt611.txt (1034 entries)
rank=601/1536 dataset=stackoverflow_a2q_tw walkers=50000 (30050000..30099999) steps=30 mode=0 sched=single-bucket delta_t=0 policy=0
rank=601 loaded data/1536/stackoverflow_a2q_tw.sub601.txt (|V_local|=1592  t_range=[2313723,239659864])
rank=601 loaded routing data/1536/stackoverflow_a2q_tw.rt601.txt (1005 entries)
rank=585/1536 dataset=stackoverflow_a2q_tw walkers=50000 (29250000..29299999) steps=30 mode=0 sched=single-bucket delta_t=0 policy=0
rank=585 loaded data/1536/stackoverflow_a2q_tw.sub585.txt (|V_local|=1626  t_range=[4028585,239648634])
rank=585 loaded routing data/1536/stackoverflow_a2q_tw.rt585.txt (932 entries)
rank=597/1536 dataset=stackoverflow_a2q_tw walkers=50000 (29850000..29899999) steps=30 mode=0 sched=single-bucket delta_t=0 policy=0
rank=597 loaded data/1536/stackoverflow_a2q_tw.sub597.txt (|V_local|=1586  t_range=[5361290,239564766])
rank=597 loaded routing data/1536/stackoverflow_a2q_tw.rt597.txt (1063 entries)
rank=597 added 1 boundary-only nodes from routing
rank=607/1536 dataset=stackoverflow_a2q_tw walkers=50000 (30350000..30399999) steps=30 mode=0 sched=single-bucket delta_t=0 policy=0
rank=607 loaded data/1536/stackoverflow_a2q_tw.sub607.txt (|V_local|=1652  t_range=[35140913,239690502])
rank=607 loaded routing data/1536/stackoverflow_a2q_tw.rt607.txt (926 entries)
rank=1251/1536 dataset=stackoverflow_a2q_tw walkers=50000 (62550000..62599999) steps=30 mode=0 sched=single-bucket delta_t=0 policy=0
rank=1251 loaded data/1536/stackoverflow_a2q_tw.sub1251.txt (|V_local|=1588  t_range=[27024059,239684544])
rank=1251 loaded routing data/1536/stackoverflow_a2q_tw.rt1251.txt (1049 entries)
rank=1250/1536 dataset=stackoverflow_a2q_tw walkers=50000 (62500000..62549999) steps=30 mode=0 sched=single-bucket delta_t=0 policy=0
rank=1250 loaded data/1536/stackoverflow_a2q_tw.sub1250.txt (|V_local|=1588  t_range=[3973512,239691596])
rank=1250 loaded routing data/1536/stackoverflow_a2q_tw.rt1250.txt (1083 entries)
rank=1250 added 1 boundary-only nodes from routing
rank=1253/1536 dataset=stackoverflow_a2q_tw walkers=50000 (62650000..62699999) steps=30 mode=0 sched=single-bucket delta_t=0 policy=0
rank=1253 loaded data/1536/stackoverflow_a2q_tw.sub1253.txt (|V_local|=1611  t_range=[42838636,239697292])
rank=1253 loaded routing data/1536/stackoverflow_a2q_tw.rt1253.txt (1057 entries)
rank=1267/1536 dataset=stackoverflow_a2q_tw walkers=50000 (63350000..63399999) steps=30 mode=0 sched=single-bucket delta_t=0 policy=0
rank=1267 loaded data/1536/stackoverflow_a2q_tw.sub1267.txt (|V_local|=1595  t_range=[35566102,239647783])
rank=1267 loaded routing data/1536/stackoverflow_a2q_tw.rt1267.txt (944 entries)
rank=1252/1536 dataset=stackoverflow_a2q_tw walkers=50000 (62600000..62649999) steps=30 mode=0 sched=single-bucket delta_t=0 policy=0
rank=1252 loaded data/1536/stackoverflow_a2q_tw.sub1252.txt (|V_local|=1603  t_range=[27548153,239698131])
rank=1252 loaded routing data/1536/stackoverflow_a2q_tw.rt1252.txt (1073 entries)
rank=1252 added 1 boundary-only nodes from routing
rank=1257/1536 dataset=stackoverflow_a2q_tw walkers=50000 (62850000..62899999) steps=30 mode=0 sched=single-bucket delta_t=0 policy=0
rank=1257 loaded data/1536/stackoverflow_a2q_tw.sub1257.txt (|V_local|=1586  t_range=[2805394,239683969])
rank=1257 loaded routing data/1536/stackoverflow_a2q_tw.rt1257.txt (1088 entries)
rank=1265/1536 dataset=stackoverflow_a2q_tw walkers=50000 (63250000..63299999) steps=30 mode=0 sched=single-bucket delta_t=0 policy=0
rank=1265 loaded data/1536/stackoverflow_a2q_tw.sub1265.txt (|V_local|=1588  t_range=[2492916,239691458])
rank=1265 loaded routing data/1536/stackoverflow_a2q_tw.rt1265.txt (1039 entries)
rank=1255/1536 dataset=stackoverflow_a2q_tw walkers=50000 (62750000..62799999) steps=30 mode=0 sched=single-bucket delta_t=0 policy=0
rank=1255 loaded data/1536/stackoverflow_a2q_tw.sub1255.txt (|V_local|=1589  t_range=[5965895,239678282])
rank=1255 loaded routing data/1536/stackoverflow_a2q_tw.rt1255.txt (1064 entries)
rank=1255 added 1 boundary-only nodes from routing
rank=1278/1536 dataset=stackoverflow_a2q_tw walkers=50000 (63900000..63949999) steps=30 mode=0 sched=single-bucket delta_t=0 policy=0
rank=1278 loaded data/1536/stackoverflow_a2q_tw.sub1278.txt (|V_local|=1591  t_range=[32337143,239676717])
rank=1278 loaded routing data/1536/stackoverflow_a2q_tw.rt1278.txt (929 entries)
rank=1254/1536 dataset=stackoverflow_a2q_tw walkers=50000 (62700000..62749999) steps=30 mode=0 sched=single-bucket delta_t=0 policy=0
rank=1254 loaded data/1536/stackoverflow_a2q_tw.sub1254.txt (|V_local|=1591  t_range=[20341534,239670916])
rank=1254 loaded routing data/1536/stackoverflow_a2q_tw.rt1254.txt (1039 entries)
rank=1249/1536 dataset=stackoverflow_a2q_tw walkers=50000 (62450000..62499999) steps=30 mode=0 sched=single-bucket delta_t=0 policy=0
rank=1249 loaded data/1536/stackoverflow_a2q_tw.sub1249.txt (|V_local|=1596  t_range=[26149485,239676725])
rank=1249 loaded routing data/1536/stackoverflow_a2q_tw.rt1249.txt (1064 entries)
rank=883/1536 dataset=stackoverflow_a2q_tw walkers=50000 (44150000..44199999) steps=30 mode=0 sched=single-bucket delta_t=0 policy=0
rank=883 loaded data/1536/stackoverflow_a2q_tw.sub883.txt (|V_local|=1647  t_range=[1980903,239477145])
rank=883 loaded routing data/1536/stackoverflow_a2q_tw.rt883.txt (880 entries)
rank=883 added 4 boundary-only nodes from routing
rank=876/1536 dataset=stackoverflow_a2q_tw walkers=50000 (43800000..43849999) steps=30 mode=0 sched=single-bucket delta_t=0 policy=0
rank=876 loaded data/1536/stackoverflow_a2q_tw.sub876.txt (|V_local|=1588  t_range=[2955858,239639392])
rank=876 loaded routing data/1536/stackoverflow_a2q_tw.rt876.txt (1068 entries)
rank=876 added 2 boundary-only nodes from routing
rank=904/1536 dataset=stackoverflow_a2q_tw walkers=50000 (45200000..45249999) steps=30 mode=0 sched=single-bucket delta_t=0 policy=0
rank=904 loaded data/1536/stackoverflow_a2q_tw.sub904.txt (|V_local|=1590  t_range=[12088079,239576468])
rank=904 loaded routing data/1536/stackoverflow_a2q_tw.rt904.txt (1041 entries)
rank=904 added 1 boundary-only nodes from routing
rank=884/1536 dataset=stackoverflow_a2q_tw walkers=50000 (44200000..44249999) steps=30 mode=0 sched=single-bucket delta_t=0 policy=0
rank=884 loaded data/1536/stackoverflow_a2q_tw.sub884.txt (|V_local|=1650  t_range=[1486782,239446744])
rank=884 loaded routing data/1536/stackoverflow_a2q_tw.rt884.txt (793 entries)
rank=884 added 2 boundary-only nodes from routing
rank=899/1536 dataset=stackoverflow_a2q_tw walkers=50000 (44950000..44999999) steps=30 mode=0 sched=single-bucket delta_t=0 policy=0
rank=899 loaded data/1536/stackoverflow_a2q_tw.sub899.txt (|V_local|=1581  t_range=[2869227,239641910])
rank=899 loaded routing data/1536/stackoverflow_a2q_tw.rt899.txt (1087 entries)
rank=899 added 3 boundary-only nodes from routing
rank=887/1536 dataset=stackoverflow_a2q_tw walkers=50000 (44350000..44399999) steps=30 mode=0 sched=single-bucket delta_t=0 policy=0
rank=887 loaded data/1536/stackoverflow_a2q_tw.sub887.txt (|V_local|=1652  t_range=[660872,239577054])
rank=887 loaded routing data/1536/stackoverflow_a2q_tw.rt887.txt (804 entries)
rank=871/1536 dataset=stackoverflow_a2q_tw walkers=50000 (43550000..43599999) steps=30 mode=0 sched=single-bucket delta_t=0 policy=0
rank=871 loaded data/1536/stackoverflow_a2q_tw.sub871.txt (|V_local|=1652  t_range=[707256,239560855])
rank=871 loaded routing data/1536/stackoverflow_a2q_tw.rt871.txt (697 entries)
rank=895/1536 dataset=stackoverflow_a2q_tw walkers=50000 (44750000..44799999) steps=30 mode=0 sched=single-bucket delta_t=0 policy=0
rank=895 loaded data/1536/stackoverflow_a2q_tw.sub895.txt (|V_local|=1652  t_range=[3611776,239509771])
rank=895 loaded routing data/1536/stackoverflow_a2q_tw.rt895.txt (279 entries)
rank=900/1536 dataset=stackoverflow_a2q_tw walkers=50000 (45000000..45049999) steps=30 mode=0 sched=single-bucket delta_t=0 policy=0
rank=900 loaded data/1536/stackoverflow_a2q_tw.sub900.txt (|V_local|=1589  t_range=[20227187,239553175])
rank=900 loaded routing data/1536/stackoverflow_a2q_tw.rt900.txt (1119 entries)
rank=900 added 2 boundary-only nodes from routing
rank=874/1536 dataset=stackoverflow_a2q_tw walkers=50000 (43700000..43749999) steps=30 mode=0 sched=single-bucket delta_t=0 policy=0
rank=874 loaded data/1536/stackoverflow_a2q_tw.sub874.txt (|V_local|=1583  t_range=[913626,239693167])
rank=874 loaded routing data/1536/stackoverflow_a2q_tw.rt874.txt (1020 entries)
rank=874 added 6 boundary-only nodes from routing
rank=865/1536 dataset=stackoverflow_a2q_tw walkers=50000 (43250000..43299999) steps=30 mode=0 sched=single-bucket delta_t=0 policy=0
rank=865 loaded data/1536/stackoverflow_a2q_tw.sub865.txt (|V_local|=1649  t_range=[4488217,239640496])
rank=865 loaded routing data/1536/stackoverflow_a2q_tw.rt865.txt (753 entries)
rank=865 added 1 boundary-only nodes from routing
rank=889/1536 dataset=stackoverflow_a2q_tw walkers=50000 (44450000..44499999) steps=30 mode=0 sched=single-bucket delta_t=0 policy=0
rank=889 loaded data/1536/stackoverflow_a2q_tw.sub889.txt (|V_local|=1588  t_range=[8360000,239665590])
rank=889 loaded routing data/1536/stackoverflow_a2q_tw.rt889.txt (1017 entries)
rank=889 added 5 boundary-only nodes from routing
rank=888/1536 dataset=stackoverflow_a2q_tw walkers=50000 (44400000..44449999) steps=30 mode=0 sched=single-bucket delta_t=0 policy=0
rank=888 loaded data/1536/stackoverflow_a2q_tw.sub888.txt (|V_local|=1597  t_range=[2811133,239572072])
rank=888 loaded routing data/1536/stackoverflow_a2q_tw.rt888.txt (1098 entries)
rank=888 added 6 boundary-only nodes from routing
rank=868/1536 dataset=stackoverflow_a2q_tw walkers=50000 (43400000..43449999) steps=30 mode=0 sched=single-bucket delta_t=0 policy=0
rank=868 loaded data/1536/stackoverflow_a2q_tw.sub868.txt (|V_local|=1591  t_range=[1649728,239675740])
rank=868 loaded routing data/1536/stackoverflow_a2q_tw.rt868.txt (952 entries)
rank=868 added 3 boundary-only nodes from routing
rank=911/1536 dataset=stackoverflow_a2q_tw walkers=50000 (45550000..45599999) steps=30 mode=0 sched=single-bucket delta_t=0 policy=0
rank=911 loaded data/1536/stackoverflow_a2q_tw.sub911.txt (|V_local|=1604  t_range=[5329577,239689790])
rank=911 loaded routing data/1536/stackoverflow_a2q_tw.rt911.txt (930 entries)
rank=869/1536 dataset=stackoverflow_a2q_tw walkers=50000 (43450000..43499999) steps=30 mode=0 sched=single-bucket delta_t=0 policy=0
rank=869 loaded data/1536/stackoverflow_a2q_tw.sub869.txt (|V_local|=1649  t_range=[4069650,239577576])
rank=869 loaded routing data/1536/stackoverflow_a2q_tw.rt869.txt (907 entries)
rank=869 added 3 boundary-only nodes from routing
rank=905/1536 dataset=stackoverflow_a2q_tw walkers=50000 (45250000..45299999) steps=30 mode=0 sched=single-bucket delta_t=0 policy=0
rank=905 loaded data/1536/stackoverflow_a2q_tw.sub905.txt (|V_local|=1578  t_range=[4566442,239678624])
rank=905 loaded routing data/1536/stackoverflow_a2q_tw.rt905.txt (1077 entries)
rank=905 added 3 boundary-only nodes from routing
rank=872/1536 dataset=stackoverflow_a2q_tw walkers=50000 (43600000..43649999) steps=30 mode=0 sched=single-bucket delta_t=0 policy=0
rank=872 loaded data/1536/stackoverflow_a2q_tw.sub872.txt (|V_local|=1588  t_range=[3995969,239694502])
rank=872 loaded routing data/1536/stackoverflow_a2q_tw.rt872.txt (961 entries)
rank=872 added 1 boundary-only nodes from routing
rank=880/1536 dataset=stackoverflow_a2q_tw walkers=50000 (44000000..44049999) steps=30 mode=0 sched=single-bucket delta_t=0 policy=0
rank=880 loaded data/1536/stackoverflow_a2q_tw.sub880.txt (|V_local|=1581  t_range=[2846924,239580565])
rank=880 loaded routing data/1536/stackoverflow_a2q_tw.rt880.txt (1052 entries)
rank=880 added 7 boundary-only nodes from routing
rank=870/1536 dataset=stackoverflow_a2q_tw walkers=50000 (43500000..43549999) steps=30 mode=0 sched=single-bucket delta_t=0 policy=0
rank=870 loaded data/1536/stackoverflow_a2q_tw.sub870.txt (|V_local|=1587  t_range=[5110197,239683355])
rank=870 loaded routing data/1536/stackoverflow_a2q_tw.rt870.txt (1050 entries)
rank=870 added 5 boundary-only nodes from routing
rank=866/1536 dataset=stackoverflow_a2q_tw walkers=50000 (43300000..43349999) steps=30 mode=0 sched=single-bucket delta_t=0 policy=0
rank=866 loaded data/1536/stackoverflow_a2q_tw.sub866.txt (|V_local|=1644  t_range=[2560425,239549927])
rank=866 loaded routing data/1536/stackoverflow_a2q_tw.rt866.txt (954 entries)
rank=866 added 7 boundary-only nodes from routing
rank=864/1536 dataset=stackoverflow_a2q_tw walkers=50000 (43200000..43249999) steps=30 mode=0 sched=single-bucket delta_t=0 policy=0
rank=864 loaded data/1536/stackoverflow_a2q_tw.sub864.txt (|V_local|=1589  t_range=[4206209,239681367])
rank=864 loaded routing data/1536/stackoverflow_a2q_tw.rt864.txt (1007 entries)
rank=864 added 1 boundary-only nodes from routing
rank=882/1536 dataset=stackoverflow_a2q_tw walkers=50000 (44100000..44149999) steps=30 mode=0 sched=single-bucket delta_t=0 policy=0
rank=882 loaded data/1536/stackoverflow_a2q_tw.sub882.txt (|V_local|=1587  t_range=[3691535,239688242])
rank=882 loaded routing data/1536/stackoverflow_a2q_tw.rt882.txt (1022 entries)
rank=1509/1536 dataset=stackoverflow_a2q_tw walkers=50000 (75450000..75499999) steps=30 mode=0 sched=single-bucket delta_t=0 policy=0
rank=1509 loaded data/1536/stackoverflow_a2q_tw.sub1509.txt (|V_local|=1572  t_range=[13617205,239639761])
rank=1509 loaded routing data/1536/stackoverflow_a2q_tw.rt1509.txt (20 entries)
rank=1508/1536 dataset=stackoverflow_a2q_tw walkers=50000 (75400000..75449999) steps=30 mode=0 sched=single-bucket delta_t=0 policy=0
rank=1508 loaded data/1536/stackoverflow_a2q_tw.sub1508.txt (|V_local|=1609  t_range=[38535335,239466268])
rank=1508 loaded routing data/1536/stackoverflow_a2q_tw.rt1508.txt (14 entries)
rank=1491/1536 dataset=stackoverflow_a2q_tw walkers=50000 (74550000..74599999) steps=30 mode=0 sched=single-bucket delta_t=0 policy=0
rank=1491 loaded data/1536/stackoverflow_a2q_tw.sub1491.txt (|V_local|=1584  t_range=[4332476,239682723])
rank=1491 loaded routing data/1536/stackoverflow_a2q_tw.rt1491.txt (985 entries)
rank=1491 added 1 boundary-only nodes from routing
rank=1511/1536 dataset=stackoverflow_a2q_tw walkers=50000 (75550000..75599999) steps=30 mode=0 sched=single-bucket delta_t=0 policy=0
rank=1511 loaded data/1536/stackoverflow_a2q_tw.sub1511.txt (|V_local|=1576  t_range=[30650858,239541597])
rank=1511 loaded routing data/1536/stackoverflow_a2q_tw.rt1511.txt (145 entries)
rank=1511 added 12 boundary-only nodes from routing
rank=1490/1536 dataset=stackoverflow_a2q_tw walkers=50000 (74500000..74549999) steps=30 mode=0 sched=single-bucket delta_t=0 policy=0
rank=1490 loaded data/1536/stackoverflow_a2q_tw.sub1490.txt (|V_local|=1599  t_range=[48107990,239685748])
rank=1490 loaded routing data/1536/stackoverflow_a2q_tw.rt1490.txt (721 entries)
rank=1494/1536 dataset=stackoverflow_a2q_tw walkers=50000 (74700000..74749999) steps=30 mode=0 sched=single-bucket delta_t=0 policy=0
rank=1494 loaded data/1536/stackoverflow_a2q_tw.sub1494.txt (|V_local|=1591  t_range=[37384288,239686393])
rank=1494 loaded routing data/1536/stackoverflow_a2q_tw.rt1494.txt (823 entries)
rank=1489/1536 dataset=stackoverflow_a2q_tw walkers=50000 (74450000..74499999) steps=30 mode=0 sched=single-bucket delta_t=0 policy=0
rank=1489 loaded data/1536/stackoverflow_a2q_tw.sub1489.txt (|V_local|=1584  t_range=[10828145,239673892])
rank=1489 loaded routing data/1536/stackoverflow_a2q_tw.rt1489.txt (908 entries)
rank=1489 added 4 boundary-only nodes from routing
rank=1492/1536 dataset=stackoverflow_a2q_tw walkers=50000 (74600000..74649999) steps=30 mode=0 sched=single-bucket delta_t=0 policy=0
rank=1492 loaded data/1536/stackoverflow_a2q_tw.sub1492.txt (|V_local|=1590  t_range=[21480165,239663009])
rank=1492 loaded routing data/1536/stackoverflow_a2q_tw.rt1492.txt (975 entries)
rank=1492 added 1 boundary-only nodes from routing
rank=1500/1536 dataset=stackoverflow_a2q_tw walkers=50000 (75000000..75049999) steps=30 mode=0 sched=single-bucket delta_t=0 policy=0
rank=1500 loaded data/1536/stackoverflow_a2q_tw.sub1500.txt (|V_local|=1600  t_range=[20993894,239643526])
rank=1500 loaded routing data/1536/stackoverflow_a2q_tw.rt1500.txt (20 entries)
rank=1514/1536 dataset=stackoverflow_a2q_tw walkers=50000 (75700000..75749999) steps=30 mode=0 sched=single-bucket delta_t=0 policy=0
rank=1514 loaded data/1536/stackoverflow_a2q_tw.sub1514.txt (|V_local|=1561  t_range=[27881992,239574379])
rank=1514 loaded routing data/1536/stackoverflow_a2q_tw.rt1514.txt (11 entries)
rank=1488/1536 dataset=stackoverflow_a2q_tw walkers=50000 (74400000..74449999) steps=30 mode=0 sched=single-bucket delta_t=0 policy=0
rank=1488 loaded data/1536/stackoverflow_a2q_tw.sub1488.txt (|V_local|=1588  t_range=[3624725,239639475])
rank=1488 loaded routing data/1536/stackoverflow_a2q_tw.rt1488.txt (1061 entries)
rank=1488 added 1 boundary-only nodes from routing
rank=1499/1536 dataset=stackoverflow_a2q_tw walkers=50000 (74950000..74999999) steps=30 mode=0 sched=single-bucket delta_t=0 policy=0
rank=1499 loaded data/1536/stackoverflow_a2q_tw.sub1499.txt (|V_local|=1593  t_range=[12579100,239612796])
rank=1499 loaded routing data/1536/stackoverflow_a2q_tw.rt1499.txt (105 entries)
rank=1499 added 1 boundary-only nodes from routing
rank=1532/1536 dataset=stackoverflow_a2q_tw walkers=50000 (76600000..76649999) steps=30 mode=0 sched=single-bucket delta_t=0 policy=0
rank=1532 loaded data/1536/stackoverflow_a2q_tw.sub1532.txt (|V_local|=1588  t_range=[9441321,239667126])
rank=1532 loaded routing data/1536/stackoverflow_a2q_tw.rt1532.txt (57 entries)
rank=1524/1536 dataset=stackoverflow_a2q_tw walkers=50000 (76200000..76249999) steps=30 mode=0 sched=single-bucket delta_t=0 policy=0
rank=1524 loaded data/1536/stackoverflow_a2q_tw.sub1524.txt (|V_local|=1585  t_range=[8346835,239588594])
rank=1524 loaded routing data/1536/stackoverflow_a2q_tw.rt1524.txt (97 entries)
rank=1535/1536 dataset=stackoverflow_a2q_tw walkers=50000 (76750000..76799999) steps=30 mode=0 sched=single-bucket delta_t=0 policy=0
rank=1535 loaded data/1536/stackoverflow_a2q_tw.sub1535.txt (|V_local|=1578  t_range=[29361613,239661851])
rank=1535 loaded routing data/1536/stackoverflow_a2q_tw.rt1535.txt (23 entries)
rank=1495/1536 dataset=stackoverflow_a2q_tw walkers=50000 (74750000..74799999) steps=30 mode=0 sched=single-bucket delta_t=0 policy=0
rank=1495 loaded data/1536/stackoverflow_a2q_tw.sub1495.txt (|V_local|=1588  t_range=[15802348,239679581])
rank=1495 loaded routing data/1536/stackoverflow_a2q_tw.rt1495.txt (834 entries)
rank=1495 added 1 boundary-only nodes from routing
rank=1496/1536 dataset=stackoverflow_a2q_tw walkers=50000 (74800000..74849999) steps=30 mode=0 sched=single-bucket delta_t=0 policy=0
rank=1496 loaded data/1536/stackoverflow_a2q_tw.sub1496.txt (|V_local|=1584  t_range=[31266446,239696328])
rank=1496 loaded routing data/1536/stackoverflow_a2q_tw.rt1496.txt (467 entries)
rank=1496 added 1 boundary-only nodes from routing
rank=1516/1536 dataset=stackoverflow_a2q_tw walkers=50000 (75800000..75849999) steps=30 mode=0 sched=single-bucket delta_t=0 policy=0
rank=1516 loaded data/1536/stackoverflow_a2q_tw.sub1516.txt (|V_local|=1590  t_range=[33059790,239676836])
rank=1516 loaded routing data/1536/stackoverflow_a2q_tw.rt1516.txt (115 entries)
rank=1526/1536 dataset=stackoverflow_a2q_tw walkers=50000 (76300000..76349999) steps=30 mode=0 sched=single-bucket delta_t=0 policy=0
rank=1526 loaded data/1536/stackoverflow_a2q_tw.sub1526.txt (|V_local|=1591  t_range=[20865851,239694854])
rank=1526 loaded routing data/1536/stackoverflow_a2q_tw.rt1526.txt (136 entries)
rank=1506/1536 dataset=stackoverflow_a2q_tw walkers=50000 (75300000..75349999) steps=30 mode=0 sched=single-bucket delta_t=0 policy=0
rank=1506 loaded data/1536/stackoverflow_a2q_tw.sub1506.txt (|V_local|=1579  t_range=[9543316,239652468])
rank=1506 loaded routing data/1536/stackoverflow_a2q_tw.rt1506.txt (51 entries)
rank=1533/1536 dataset=stackoverflow_a2q_tw walkers=50000 (76650000..76699999) steps=30 mode=0 sched=single-bucket delta_t=0 policy=0
rank=1533 loaded data/1536/stackoverflow_a2q_tw.sub1533.txt (|V_local|=1592  t_range=[39815157,239692240])
rank=1533 loaded routing data/1536/stackoverflow_a2q_tw.rt1533.txt (76 entries)
rank=1513/1536 dataset=stackoverflow_a2q_tw walkers=50000 (75650000..75699999) steps=30 mode=0 sched=single-bucket delta_t=0 policy=0
rank=1513 loaded data/1536/stackoverflow_a2q_tw.sub1513.txt (|V_local|=1587  t_range=[5775685,239667970])
rank=1513 loaded routing data/1536/stackoverflow_a2q_tw.rt1513.txt (115 entries)
rank=1534/1536 dataset=stackoverflow_a2q_tw walkers=50000 (76700000..76749999) steps=30 mode=0 sched=single-bucket delta_t=0 policy=0
rank=1534 loaded data/1536/stackoverflow_a2q_tw.sub1534.txt (|V_local|=1605  t_range=[15740295,239654428])
rank=1534 loaded routing data/1536/stackoverflow_a2q_tw.rt1534.txt (12 entries)
rank=1518/1536 dataset=stackoverflow_a2q_tw walkers=50000 (75900000..75949999) steps=30 mode=0 sched=single-bucket delta_t=0 policy=0
rank=1518 loaded data/1536/stackoverflow_a2q_tw.sub1518.txt (|V_local|=1588  t_range=[15473352,239676588])
rank=1518 loaded routing data/1536/stackoverflow_a2q_tw.rt1518.txt (117 entries)
rank=397/1536 dataset=stackoverflow_a2q_tw walkers=50000 (19850000..19899999) steps=30 mode=0 sched=single-bucket delta_t=0 policy=0
rank=397 loaded data/1536/stackoverflow_a2q_tw.sub397.txt (|V_local|=1596  t_range=[1872509,239554507])
rank=397 loaded routing data/1536/stackoverflow_a2q_tw.rt397.txt (854 entries)
rank=397 added 1 boundary-only nodes from routing
rank=396/1536 dataset=stackoverflow_a2q_tw walkers=50000 (19800000..19849999) steps=30 mode=0 sched=single-bucket delta_t=0 policy=0
rank=396 loaded data/1536/stackoverflow_a2q_tw.sub396.txt (|V_local|=1590  t_range=[526375,239666536])
rank=396 loaded routing data/1536/stackoverflow_a2q_tw.rt396.txt (1001 entries)
rank=396 added 3 boundary-only nodes from routing
rank=400/1536 dataset=stackoverflow_a2q_tw walkers=50000 (20000000..20049999) steps=30 mode=0 sched=single-bucket delta_t=0 policy=0
rank=400 loaded data/1536/stackoverflow_a2q_tw.sub400.txt (|V_local|=1650  t_range=[578692,239521915])
rank=400 loaded routing data/1536/stackoverflow_a2q_tw.rt400.txt (711 entries)
rank=393/1536 dataset=stackoverflow_a2q_tw walkers=50000 (19650000..19699999) steps=30 mode=0 sched=single-bucket delta_t=0 policy=0
rank=393 loaded data/1536/stackoverflow_a2q_tw.sub393.txt (|V_local|=1593  t_range=[2734350,239694952])
rank=393 loaded routing data/1536/stackoverflow_a2q_tw.rt393.txt (923 entries)
rank=393 added 1 boundary-only nodes from routing
rank=390/1536 dataset=stackoverflow_a2q_tw walkers=50000 (19500000..19549999) steps=30 mode=0 sched=single-bucket delta_t=0 policy=0
rank=390 loaded data/1536/stackoverflow_a2q_tw.sub390.txt (|V_local|=1584  t_range=[4126295,239653716])
rank=390 loaded routing data/1536/stackoverflow_a2q_tw.rt390.txt (1008 entries)
rank=390 added 6 boundary-only nodes from routing
rank=388/1536 dataset=stackoverflow_a2q_tw walkers=50000 (19400000..19449999) steps=30 mode=0 sched=single-bucket delta_t=0 policy=0
rank=388 loaded data/1536/stackoverflow_a2q_tw.sub388.txt (|V_local|=1639  t_range=[1008553,239656546])
rank=388 loaded routing data/1536/stackoverflow_a2q_tw.rt388.txt (741 entries)
rank=386/1536 dataset=stackoverflow_a2q_tw walkers=50000 (19300000..19349999) steps=30 mode=0 sched=single-bucket delta_t=0 policy=0
rank=386 loaded data/1536/stackoverflow_a2q_tw.sub386.txt (|V_local|=1649  t_range=[0,239600408])
rank=386 loaded routing data/1536/stackoverflow_a2q_tw.rt386.txt (669 entries)
rank=386 added 2 boundary-only nodes from routing
rank=398/1536 dataset=stackoverflow_a2q_tw walkers=50000 (19900000..19949999) steps=30 mode=0 sched=single-bucket delta_t=0 policy=0
rank=398 loaded data/1536/stackoverflow_a2q_tw.sub398.txt (|V_local|=1601  t_range=[54040,239636882])
rank=398 loaded routing data/1536/stackoverflow_a2q_tw.rt398.txt (875 entries)
rank=398 added 1 boundary-only nodes from routing
rank=395/1536 dataset=stackoverflow_a2q_tw walkers=50000 (19750000..19799999) steps=30 mode=0 sched=single-bucket delta_t=0 policy=0
rank=395 loaded data/1536/stackoverflow_a2q_tw.sub395.txt (|V_local|=1612  t_range=[1518383,239555627])
rank=395 loaded routing data/1536/stackoverflow_a2q_tw.rt395.txt (873 entries)
rank=395 added 1 boundary-only nodes from routing
rank=431/1536 dataset=stackoverflow_a2q_tw walkers=50000 (21550000..21599999) steps=30 mode=0 sched=single-bucket delta_t=0 policy=0
rank=431 loaded data/1536/stackoverflow_a2q_tw.sub431.txt (|V_local|=1652  t_range=[1586100,239576438])
rank=431 loaded routing data/1536/stackoverflow_a2q_tw.rt431.txt (515 entries)
rank=410/1536 dataset=stackoverflow_a2q_tw walkers=50000 (20500000..20549999) steps=30 mode=0 sched=single-bucket delta_t=0 policy=0
rank=410 loaded data/1536/stackoverflow_a2q_tw.sub410.txt (|V_local|=1652  t_range=[1884840,239673242])
rank=410 loaded routing data/1536/stackoverflow_a2q_tw.rt410.txt (603 entries)
rank=402/1536 dataset=stackoverflow_a2q_tw walkers=50000 (20100000..20149999) steps=30 mode=0 sched=single-bucket delta_t=0 policy=0
rank=402 loaded data/1536/stackoverflow_a2q_tw.sub402.txt (|V_local|=1590  t_range=[95141,239679420])
rank=402 loaded routing data/1536/stackoverflow_a2q_tw.rt402.txt (1027 entries)
rank=402 added 2 boundary-only nodes from routing
rank=394/1536 dataset=stackoverflow_a2q_tw walkers=50000 (19700000..19749999) steps=30 mode=0 sched=single-bucket delta_t=0 policy=0
rank=394 loaded data/1536/stackoverflow_a2q_tw.sub394.txt (|V_local|=1591  t_range=[334307,239678204])
rank=394 loaded routing data/1536/stackoverflow_a2q_tw.rt394.txt (871 entries)
rank=394 added 1 boundary-only nodes from routing
rank=385/1536 dataset=stackoverflow_a2q_tw walkers=50000 (19250000..19299999) steps=30 mode=0 sched=single-bucket delta_t=0 policy=0
rank=385 loaded data/1536/stackoverflow_a2q_tw.sub385.txt (|V_local|=1652  t_range=[53395,239675952])
rank=385 loaded routing data/1536/stackoverflow_a2q_tw.rt385.txt (573 entries)
rank=389/1536 dataset=stackoverflow_a2q_tw walkers=50000 (19450000..19499999) steps=30 mode=0 sched=single-bucket delta_t=0 policy=0
rank=389 loaded data/1536/stackoverflow_a2q_tw.sub389.txt (|V_local|=1635  t_range=[520697,239574823])
rank=389 loaded routing data/1536/stackoverflow_a2q_tw.rt389.txt (803 entries)
rank=389 added 1 boundary-only nodes from routing
rank=401/1536 dataset=stackoverflow_a2q_tw walkers=50000 (20050000..20099999) steps=30 mode=0 sched=single-bucket delta_t=0 policy=0
rank=401 loaded data/1536/stackoverflow_a2q_tw.sub401.txt (|V_local|=1628  t_range=[573744,239579567])
rank=401 loaded routing data/1536/stackoverflow_a2q_tw.rt401.txt (823 entries)
rank=401 added 1 boundary-only nodes from routing
rank=420/1536 dataset=stackoverflow_a2q_tw walkers=50000 (21000000..21049999) steps=30 mode=0 sched=single-bucket delta_t=0 policy=0
rank=420 loaded data/1536/stackoverflow_a2q_tw.sub420.txt (|V_local|=1589  t_range=[4814715,239566323])
rank=420 loaded routing data/1536/stackoverflow_a2q_tw.rt420.txt (952 entries)
rank=420 added 2 boundary-only nodes from routing
rank=405/1536 dataset=stackoverflow_a2q_tw walkers=50000 (20250000..20299999) steps=30 mode=0 sched=single-bucket delta_t=0 policy=0
rank=405 loaded data/1536/stackoverflow_a2q_tw.sub405.txt (|V_local|=1575  t_range=[2229532,239601072])
rank=405 loaded routing data/1536/stackoverflow_a2q_tw.rt405.txt (1016 entries)
rank=405 added 9 boundary-only nodes from routing
rank=404/1536 dataset=stackoverflow_a2q_tw walkers=50000 (20200000..20249999) steps=30 mode=0 sched=single-bucket delta_t=0 policy=0
rank=404 loaded data/1536/stackoverflow_a2q_tw.sub404.txt (|V_local|=1589  t_range=[4115281,239679657])
rank=404 loaded routing data/1536/stackoverflow_a2q_tw.rt404.txt (1026 entries)
rank=404 added 4 boundary-only nodes from routing
rank=416/1536 dataset=stackoverflow_a2q_tw walkers=50000 (20800000..20849999) steps=30 mode=0 sched=single-bucket delta_t=0 policy=0
rank=416 loaded data/1536/stackoverflow_a2q_tw.sub416.txt (|V_local|=1651  t_range=[4541064,239451272])
rank=416 loaded routing data/1536/stackoverflow_a2q_tw.rt416.txt (680 entries)
rank=399/1536 dataset=stackoverflow_a2q_tw walkers=50000 (19950000..19999999) steps=30 mode=0 sched=single-bucket delta_t=0 policy=0
rank=399 loaded data/1536/stackoverflow_a2q_tw.sub399.txt (|V_local|=1588  t_range=[2493180,239687400])
rank=399 loaded routing data/1536/stackoverflow_a2q_tw.rt399.txt (990 entries)
rank=399 added 2 boundary-only nodes from routing
rank=425/1536 dataset=stackoverflow_a2q_tw walkers=50000 (21250000..21299999) steps=30 mode=0 sched=single-bucket delta_t=0 policy=0
rank=425 loaded data/1536/stackoverflow_a2q_tw.sub425.txt (|V_local|=1592  t_range=[4209925,239663446])
rank=425 loaded routing data/1536/stackoverflow_a2q_tw.rt425.txt (1006 entries)
rank=425 added 2 boundary-only nodes from routing
rank=417/1536 dataset=stackoverflow_a2q_tw walkers=50000 (20850000..20899999) steps=30 mode=0 sched=single-bucket delta_t=0 policy=0
rank=417 loaded data/1536/stackoverflow_a2q_tw.sub417.txt (|V_local|=1590  t_range=[2786155,239676372])
rank=417 loaded routing data/1536/stackoverflow_a2q_tw.rt417.txt (971 entries)
rank=412/1536 dataset=stackoverflow_a2q_tw walkers=50000 (20600000..20649999) steps=30 mode=0 sched=single-bucket delta_t=0 policy=0
rank=669 loaded routing data/1536/stackoverflow_a2q_tw.rt669.txt (1061 entries)
rank=669 added 1 boundary-only nodes from routing
rank=659/1536 dataset=stackoverflow_a2q_tw walkers=50000 (32950000..32999999) steps=30 mode=0 sched=single-bucket delta_t=0 policy=0
rank=659 loaded data/1536/stackoverflow_a2q_tw.sub659.txt (|V_local|=1595  t_range=[43275208,239631683])
rank=659 loaded routing data/1536/stackoverflow_a2q_tw.rt659.txt (1066 entries)
rank=659 added 2 boundary-only nodes from routing
rank=640/1536 dataset=stackoverflow_a2q_tw walkers=50000 (32000000..32049999) steps=30 mode=0 sched=single-bucket delta_t=0 policy=0
rank=640 loaded data/1536/stackoverflow_a2q_tw.sub640.txt (|V_local|=1590  t_range=[3946742,239660279])
rank=640 loaded routing data/1536/stackoverflow_a2q_tw.rt640.txt (1019 entries)
rank=640 added 4 boundary-only nodes from routing
rank=647/1536 dataset=stackoverflow_a2q_tw walkers=50000 (32350000..32399999) steps=30 mode=0 sched=single-bucket delta_t=0 policy=0
rank=647 loaded data/1536/stackoverflow_a2q_tw.sub647.txt (|V_local|=1646  t_range=[12000132,239669818])
rank=647 loaded routing data/1536/stackoverflow_a2q_tw.rt647.txt (910 entries)
rank=655/1536 dataset=stackoverflow_a2q_tw walkers=50000 (32750000..32799999) steps=30 mode=0 sched=single-bucket delta_t=0 policy=0
rank=655 loaded data/1536/stackoverflow_a2q_tw.sub655.txt (|V_local|=1585  t_range=[4093422,239651048])
rank=655 loaded routing data/1536/stackoverflow_a2q_tw.rt655.txt (1045 entries)
rank=656/1536 dataset=stackoverflow_a2q_tw walkers=50000 (32800000..32849999) steps=30 mode=0 sched=single-bucket delta_t=0 policy=0
rank=656 loaded data/1536/stackoverflow_a2q_tw.sub656.txt (|V_local|=1586  t_range=[16399774,239638595])
rank=656 loaded routing data/1536/stackoverflow_a2q_tw.rt656.txt (1038 entries)
rank=656 added 1 boundary-only nodes from routing
rank=660/1536 dataset=stackoverflow_a2q_tw walkers=50000 (33000000..33049999) steps=30 mode=0 sched=single-bucket delta_t=0 policy=0
rank=660 loaded data/1536/stackoverflow_a2q_tw.sub660.txt (|V_local|=1591  t_range=[5837741,239620277])
rank=660 loaded routing data/1536/stackoverflow_a2q_tw.rt660.txt (1054 entries)
rank=649/1536 dataset=stackoverflow_a2q_tw walkers=50000 (32450000..32499999) steps=30 mode=0 sched=single-bucket delta_t=0 policy=0
rank=649 loaded data/1536/stackoverflow_a2q_tw.sub649.txt (|V_local|=1642  t_range=[5184122,239629896])
rank=649 loaded routing data/1536/stackoverflow_a2q_tw.rt649.txt (1034 entries)
rank=654/1536 dataset=stackoverflow_a2q_tw walkers=50000 (32700000..32749999) steps=30 mode=0 sched=single-bucket delta_t=0 policy=0
rank=654 loaded data/1536/stackoverflow_a2q_tw.sub654.txt (|V_local|=1591  t_range=[1187939,239562064])
rank=654 loaded routing data/1536/stackoverflow_a2q_tw.rt654.txt (1006 entries)
rank=643/1536 dataset=stackoverflow_a2q_tw walkers=50000 (32150000..32199999) steps=30 mode=0 sched=single-bucket delta_t=0 policy=0
rank=643 loaded data/1536/stackoverflow_a2q_tw.sub643.txt (|V_local|=1589  t_range=[15781407,239682350])
rank=643 loaded routing data/1536/stackoverflow_a2q_tw.rt643.txt (1052 entries)
rank=643 added 1 boundary-only nodes from routing
rank=662/1536 dataset=stackoverflow_a2q_tw walkers=50000 (33100000..33149999) steps=30 mode=0 sched=single-bucket delta_t=0 policy=0
rank=662 loaded data/1536/stackoverflow_a2q_tw.sub662.txt (|V_local|=1645  t_range=[4301354,239661323])
rank=662 loaded routing data/1536/stackoverflow_a2q_tw.rt662.txt (1104 entries)
rank=662 added 1 boundary-only nodes from routing
rank=671/1536 dataset=stackoverflow_a2q_tw walkers=50000 (33550000..33599999) steps=30 mode=0 sched=single-bucket delta_t=0 policy=0
rank=671 loaded data/1536/stackoverflow_a2q_tw.sub671.txt (|V_local|=1590  t_range=[6550348,239662593])
rank=671 loaded routing data/1536/stackoverflow_a2q_tw.rt671.txt (1059 entries)
rank=670/1536 dataset=stackoverflow_a2q_tw walkers=50000 (33500000..33549999) steps=30 mode=0 sched=single-bucket delta_t=0 policy=0
rank=670 loaded data/1536/stackoverflow_a2q_tw.sub670.txt (|V_local|=1648  t_range=[19602836,239590410])
rank=670 loaded routing data/1536/stackoverflow_a2q_tw.rt670.txt (1018 entries)
rank=646/1536 dataset=stackoverflow_a2q_tw walkers=50000 (32300000..32349999) steps=30 mode=0 sched=single-bucket delta_t=0 policy=0
rank=646 loaded data/1536/stackoverflow_a2q_tw.sub646.txt (|V_local|=1587  t_range=[6449114,239648296])
rank=646 loaded routing data/1536/stackoverflow_a2q_tw.rt646.txt (999 entries)
rank=658/1536 dataset=stackoverflow_a2q_tw walkers=50000 (32900000..32949999) steps=30 mode=0 sched=single-bucket delta_t=0 policy=0
rank=658 loaded data/1536/stackoverflow_a2q_tw.sub658.txt (|V_local|=1590  t_range=[4150423,239663246])
rank=658 loaded routing data/1536/stackoverflow_a2q_tw.rt658.txt (1035 entries)
rank=658 added 1 boundary-only nodes from routing
rank=642/1536 dataset=stackoverflow_a2q_tw walkers=50000 (32100000..32149999) steps=30 mode=0 sched=single-bucket delta_t=0 policy=0
rank=642 loaded data/1536/stackoverflow_a2q_tw.sub642.txt (|V_local|=1590  t_range=[3986906,239665704])
rank=642 loaded routing data/1536/stackoverflow_a2q_tw.rt642.txt (1034 entries)
rank=642 added 2 boundary-only nodes from routing
rank=661/1536 dataset=stackoverflow_a2q_tw walkers=50000 (33050000..33099999) steps=30 mode=0 sched=single-bucket delta_t=0 policy=0
rank=661 loaded data/1536/stackoverflow_a2q_tw.sub661.txt (|V_local|=1602  t_range=[22760579,239653161])
rank=661 loaded routing data/1536/stackoverflow_a2q_tw.rt661.txt (997 entries)
rank=666/1536 dataset=stackoverflow_a2q_tw walkers=50000 (33300000..33349999) steps=30 mode=0 sched=single-bucket delta_t=0 policy=0
rank=666 loaded data/1536/stackoverflow_a2q_tw.sub666.txt (|V_local|=1584  t_range=[14072572,239571293])
rank=666 loaded routing data/1536/stackoverflow_a2q_tw.rt666.txt (1100 entries)
rank=636/1536 dataset=stackoverflow_a2q_tw walkers=50000 (31800000..31849999) steps=30 mode=0 sched=single-bucket delta_t=0 policy=0
rank=636 loaded data/1536/stackoverflow_a2q_tw.sub636.txt (|V_local|=1589  t_range=[9061944,239593687])
rank=636 loaded routing data/1536/stackoverflow_a2q_tw.rt636.txt (1053 entries)
rank=638/1536 dataset=stackoverflow_a2q_tw walkers=50000 (31900000..31949999) steps=30 mode=0 sched=single-bucket delta_t=0 policy=0
rank=638 loaded data/1536/stackoverflow_a2q_tw.sub638.txt (|V_local|=1589  t_range=[2921838,239657032])
rank=638 loaded routing data/1536/stackoverflow_a2q_tw.rt638.txt (1076 entries)
rank=638 added 5 boundary-only nodes from routing
rank=667/1536 dataset=stackoverflow_a2q_tw walkers=50000 (33350000..33399999) steps=30 mode=0 sched=single-bucket delta_t=0 policy=0
rank=667 loaded data/1536/stackoverflow_a2q_tw.sub667.txt (|V_local|=1593  t_range=[15454643,239547918])
rank=667 loaded routing data/1536/stackoverflow_a2q_tw.rt667.txt (1041 entries)
rank=639/1536 dataset=stackoverflow_a2q_tw walkers=50000 (31950000..31999999) steps=30 mode=0 sched=single-bucket delta_t=0 policy=0
rank=639 loaded data/1536/stackoverflow_a2q_tw.sub639.txt (|V_local|=1584  t_range=[6690802,239589116])
rank=639 loaded routing data/1536/stackoverflow_a2q_tw.rt639.txt (954 entries)
rank=639 added 3 boundary-only nodes from routing
rank=650/1536 dataset=stackoverflow_a2q_tw walkers=50000 (32500000..32549999) steps=30 mode=0 sched=single-bucket delta_t=0 policy=0
rank=650 loaded data/1536/stackoverflow_a2q_tw.sub650.txt (|V_local|=1646  t_range=[7838662,239371646])
rank=650 loaded routing data/1536/stackoverflow_a2q_tw.rt650.txt (959 entries)
rank=663/1536 dataset=stackoverflow_a2q_tw walkers=50000 (33150000..33199999) steps=30 mode=0 sched=single-bucket delta_t=0 policy=0
rank=663 loaded data/1536/stackoverflow_a2q_tw.sub663.txt (|V_local|=1596  t_range=[34477502,239580997])
rank=663 loaded routing data/1536/stackoverflow_a2q_tw.rt663.txt (1058 entries)
rank=651/1536 dataset=stackoverflow_a2q_tw walkers=50000 (32550000..32599999) steps=30 mode=0 sched=single-bucket delta_t=0 policy=0
rank=651 loaded data/1536/stackoverflow_a2q_tw.sub651.txt (|V_local|=1583  t_range=[3969910,239568409])
rank=651 loaded routing data/1536/stackoverflow_a2q_tw.rt651.txt (1085 entries)
rank=816/1536 dataset=stackoverflow_a2q_tw walkers=50000 (40800000..40849999) steps=30 mode=0 sched=single-bucket delta_t=0 policy=0
rank=816 loaded data/1536/stackoverflow_a2q_tw.sub816.txt (|V_local|=1594  t_range=[3606179,239679733])
rank=816 loaded routing data/1536/stackoverflow_a2q_tw.rt816.txt (945 entries)
rank=838/1536 dataset=stackoverflow_a2q_tw walkers=50000 (41900000..41949999) steps=30 mode=0 sched=single-bucket delta_t=0 policy=0
rank=838 loaded data/1536/stackoverflow_a2q_tw.sub838.txt (|V_local|=1609  t_range=[3869417,239677614])
rank=838 loaded routing data/1536/stackoverflow_a2q_tw.rt838.txt (979 entries)
rank=838 added 2 boundary-only nodes from routing
rank=828/1536 dataset=stackoverflow_a2q_tw walkers=50000 (41400000..41449999) steps=30 mode=0 sched=single-bucket delta_t=0 policy=0
rank=828 loaded data/1536/stackoverflow_a2q_tw.sub828.txt (|V_local|=1647  t_range=[6345992,239658186])
rank=828 loaded routing data/1536/stackoverflow_a2q_tw.rt828.txt (1075 entries)
rank=828 added 1 boundary-only nodes from routing
rank=841/1536 dataset=stackoverflow_a2q_tw walkers=50000 (42050000..42099999) steps=30 mode=0 sched=single-bucket delta_t=0 policy=0
rank=841 loaded data/1536/stackoverflow_a2q_tw.sub841.txt (|V_local|=1652  t_range=[1865702,239643779])
rank=841 loaded routing data/1536/stackoverflow_a2q_tw.rt841.txt (538 entries)
rank=818/1536 dataset=stackoverflow_a2q_tw walkers=50000 (40900000..40949999) steps=30 mode=0 sched=single-bucket delta_t=0 policy=0
rank=818 loaded data/1536/stackoverflow_a2q_tw.sub818.txt (|V_local|=1591  t_range=[1627707,239621681])
rank=818 loaded routing data/1536/stackoverflow_a2q_tw.rt818.txt (1020 entries)
rank=849/1536 dataset=stackoverflow_a2q_tw walkers=50000 (42450000..42499999) steps=30 mode=0 sched=single-bucket delta_t=0 policy=0
rank=849 loaded data/1536/stackoverflow_a2q_tw.sub849.txt (|V_local|=1571  t_range=[9455718,239677922])
rank=849 loaded routing data/1536/stackoverflow_a2q_tw.rt849.txt (1061 entries)
rank=849 added 7 boundary-only nodes from routing
rank=824/1536 dataset=stackoverflow_a2q_tw walkers=50000 (41200000..41249999) steps=30 mode=0 sched=single-bucket delta_t=0 policy=0
rank=824 loaded data/1536/stackoverflow_a2q_tw.sub824.txt (|V_local|=1585  t_range=[18755113,239631683])
rank=824 loaded routing data/1536/stackoverflow_a2q_tw.rt824.txt (1015 entries)
rank=824 added 1 boundary-only nodes from routing
rank=822/1536 dataset=stackoverflow_a2q_tw walkers=50000 (41100000..41149999) steps=30 mode=0 sched=single-bucket delta_t=0 policy=0
rank=822 loaded data/1536/stackoverflow_a2q_tw.sub822.txt (|V_local|=1594  t_range=[11347021,239655646])
rank=822 loaded routing data/1536/stackoverflow_a2q_tw.rt822.txt (966 entries)
rank=822 added 1 boundary-only nodes from routing
rank=826/1536 dataset=stackoverflow_a2q_tw walkers=50000 (41300000..41349999) steps=30 mode=0 sched=single-bucket delta_t=0 policy=0
rank=826 loaded data/1536/stackoverflow_a2q_tw.sub826.txt (|V_local|=1609  t_range=[7132757,239503982])
rank=826 loaded routing data/1536/stackoverflow_a2q_tw.rt826.txt (866 entries)
rank=830/1536 dataset=stackoverflow_a2q_tw walkers=50000 (41500000..41549999) steps=30 mode=0 sched=single-bucket delta_t=0 policy=0
rank=830 loaded data/1536/stackoverflow_a2q_tw.sub830.txt (|V_local|=1652  t_range=[45171855,239681143])
rank=830 loaded routing data/1536/stackoverflow_a2q_tw.rt830.txt (547 entries)
rank=820/1536 dataset=stackoverflow_a2q_tw walkers=50000 (41000000..41049999) steps=30 mode=0 sched=single-bucket delta_t=0 policy=0
rank=820 loaded data/1536/stackoverflow_a2q_tw.sub820.txt (|V_local|=1652  t_range=[4303322,239669440])
rank=820 loaded routing data/1536/stackoverflow_a2q_tw.rt820.txt (742 entries)
rank=825/1536 dataset=stackoverflow_a2q_tw walkers=50000 (41250000..41299999) steps=30 mode=0 sched=single-bucket delta_t=0 policy=0
rank=825 loaded data/1536/stackoverflow_a2q_tw.sub825.txt (|V_local|=1611  t_range=[9927162,239678502])
rank=825 loaded routing data/1536/stackoverflow_a2q_tw.rt825.txt (927 entries)
rank=817/1536 dataset=stackoverflow_a2q_tw walkers=50000 (40850000..40899999) steps=30 mode=0 sched=single-bucket delta_t=0 policy=0
rank=817 loaded data/1536/stackoverflow_a2q_tw.sub817.txt (|V_local|=1587  t_range=[4328532,239686938])
rank=817 loaded routing data/1536/stackoverflow_a2q_tw.rt817.txt (998 entries)
rank=817 added 1 boundary-only nodes from routing
rank=819/1536 dataset=stackoverflow_a2q_tw walkers=50000 (40950000..40999999) steps=30 mode=0 sched=single-bucket delta_t=0 policy=0
rank=819 loaded data/1536/stackoverflow_a2q_tw.sub819.txt (|V_local|=1588  t_range=[6623671,239660773])
rank=819 loaded routing data/1536/stackoverflow_a2q_tw.rt819.txt (1010 entries)
rank=819 added 1 boundary-only nodes from routing
rank=855/1536 dataset=stackoverflow_a2q_tw walkers=50000 (42750000..42799999) steps=30 mode=0 sched=single-bucket delta_t=0 policy=0
rank=855 loaded data/1536/stackoverflow_a2q_tw.sub855.txt (|V_local|=1649  t_range=[4102223,239573848])
rank=855 loaded routing data/1536/stackoverflow_a2q_tw.rt855.txt (780 entries)
rank=846/1536 dataset=stackoverflow_a2q_tw walkers=50000 (42300000..42349999) steps=30 mode=0 sched=single-bucket delta_t=0 policy=0
rank=846 loaded data/1536/stackoverflow_a2q_tw.sub846.txt (|V_local|=1585  t_range=[4658183,239627456])
rank=846 loaded routing data/1536/stackoverflow_a2q_tw.rt846.txt (986 entries)
rank=823/1536 dataset=stackoverflow_a2q_tw walkers=50000 (41150000..41199999) steps=30 mode=0 sched=single-bucket delta_t=0 policy=0
rank=823 loaded data/1536/stackoverflow_a2q_tw.sub823.txt (|V_local|=1647  t_range=[16377090,239625814])
rank=823 loaded routing data/1536/stackoverflow_a2q_tw.rt823.txt (851 entries)
rank=481/1536 dataset=stackoverflow_a2q_tw walkers=50000 (24050000..24099999) steps=30 mode=0 sched=single-bucket delta_t=0 policy=0
rank=481 loaded data/1536/stackoverflow_a2q_tw.sub481.txt (|V_local|=1645  t_range=[674263,239560759])
rank=481 loaded routing data/1536/stackoverflow_a2q_tw.rt481.txt (768 entries)
rank=482/1536 dataset=stackoverflow_a2q_tw walkers=50000 (24100000..24149999) steps=30 mode=0 sched=single-bucket delta_t=0 policy=0
rank=482 loaded data/1536/stackoverflow_a2q_tw.sub482.txt (|V_local|=1652  t_range=[5312593,239621571])
rank=482 loaded routing data/1536/stackoverflow_a2q_tw.rt482.txt (869 entries)
rank=524/1536 dataset=stackoverflow_a2q_tw walkers=50000 (26200000..26249999) steps=30 mode=0 sched=single-bucket delta_t=0 policy=0
rank=524 loaded data/1536/stackoverflow_a2q_tw.sub524.txt (|V_local|=1588  t_range=[4146959,239648514])
rank=524 loaded routing data/1536/stackoverflow_a2q_tw.rt524.txt (1006 entries)
rank=492/1536 dataset=stackoverflow_a2q_tw walkers=50000 (24600000..24649999) steps=30 mode=0 sched=single-bucket delta_t=0 policy=0
rank=492 loaded data/1536/stackoverflow_a2q_tw.sub492.txt (|V_local|=1587  t_range=[4233372,239424273])
rank=492 loaded routing data/1536/stackoverflow_a2q_tw.rt492.txt (992 entries)
rank=485/1536 dataset=stackoverflow_a2q_tw walkers=50000 (24250000..24299999) steps=30 mode=0 sched=single-bucket delta_t=0 policy=0
rank=485 loaded data/1536/stackoverflow_a2q_tw.sub485.txt (|V_local|=1652  t_range=[1252149,239665751])
rank=485 loaded routing data/1536/stackoverflow_a2q_tw.rt485.txt (734 entries)
rank=487/1536 dataset=stackoverflow_a2q_tw walkers=50000 (24350000..24399999) steps=30 mode=0 sched=single-bucket delta_t=0 policy=0
rank=487 loaded data/1536/stackoverflow_a2q_tw.sub487.txt (|V_local|=1591  t_range=[7401980,239684826])
rank=487 loaded routing data/1536/stackoverflow_a2q_tw.rt487.txt (997 entries)
rank=487 added 1 boundary-only nodes from routing
rank=483/1536 dataset=stackoverflow_a2q_tw walkers=50000 (24150000..24199999) steps=30 mode=0 sched=single-bucket delta_t=0 policy=0
rank=483 loaded data/1536/stackoverflow_a2q_tw.sub483.txt (|V_local|=1587  t_range=[3975511,239648058])
rank=483 loaded routing data/1536/stackoverflow_a2q_tw.rt483.txt (1003 entries)
rank=483 added 3 boundary-only nodes from routing
rank=488/1536 dataset=stackoverflow_a2q_tw walkers=50000 (24400000..24449999) steps=30 mode=0 sched=single-bucket delta_t=0 policy=0
rank=488 loaded data/1536/stackoverflow_a2q_tw.sub488.txt (|V_local|=1581  t_range=[5304303,239637230])
rank=488 loaded routing data/1536/stackoverflow_a2q_tw.rt488.txt (994 entries)
rank=527/1536 dataset=stackoverflow_a2q_tw walkers=50000 (26350000..26399999) steps=30 mode=0 sched=single-bucket delta_t=0 policy=0
rank=527 loaded data/1536/stackoverflow_a2q_tw.sub527.txt (|V_local|=1593  t_range=[1628022,239674664])
rank=527 loaded routing data/1536/stackoverflow_a2q_tw.rt527.txt (990 entries)
rank=484/1536 dataset=stackoverflow_a2q_tw walkers=50000 (24200000..24249999) steps=30 mode=0 sched=single-bucket delta_t=0 policy=0
rank=484 loaded data/1536/stackoverflow_a2q_tw.sub484.txt (|V_local|=1652  t_range=[7201846,239641237])
rank=484 loaded routing data/1536/stackoverflow_a2q_tw.rt484.txt (420 entries)
rank=480/1536 dataset=stackoverflow_a2q_tw walkers=50000 (24000000..24049999) steps=30 mode=0 sched=single-bucket delta_t=0 policy=0
rank=480 loaded data/1536/stackoverflow_a2q_tw.sub480.txt (|V_local|=1597  t_range=[4036007,239601080])
rank=480 loaded routing data/1536/stackoverflow_a2q_tw.rt480.txt (847 entries)
rank=520/1536 dataset=stackoverflow_a2q_tw walkers=50000 (26000000..26049999) steps=30 mode=0 sched=single-bucket delta_t=0 policy=0
rank=520 loaded data/1536/stackoverflow_a2q_tw.sub520.txt (|V_local|=1650  t_range=[4066329,239693455])
rank=520 loaded routing data/1536/stackoverflow_a2q_tw.rt520.txt (933 entries)
rank=486/1536 dataset=stackoverflow_a2q_tw walkers=50000 (24300000..24349999) steps=30 mode=0 sched=single-bucket delta_t=0 policy=0
rank=486 loaded data/1536/stackoverflow_a2q_tw.sub486.txt (|V_local|=1587  t_range=[3940887,239388709])
rank=486 loaded routing data/1536/stackoverflow_a2q_tw.rt486.txt (1032 entries)
rank=486 added 2 boundary-only nodes from routing
rank=495/1536 dataset=stackoverflow_a2q_tw walkers=50000 (24750000..24799999) steps=30 mode=0 sched=single-bucket delta_t=0 policy=0
rank=495 loaded data/1536/stackoverflow_a2q_tw.sub495.txt (|V_local|=1586  t_range=[21854036,239354186])
rank=495 loaded routing data/1536/stackoverflow_a2q_tw.rt495.txt (1040 entries)
rank=495 added 4 boundary-only nodes from routing
rank=491/1536 dataset=stackoverflow_a2q_tw walkers=50000 (24550000..24599999) steps=30 mode=0 sched=single-bucket delta_t=0 policy=0
rank=491 loaded data/1536/stackoverflow_a2q_tw.sub491.txt (|V_local|=1594  t_range=[1076110,239687362])
rank=491 loaded routing data/1536/stackoverflow_a2q_tw.rt491.txt (980 entries)
rank=494/1536 dataset=stackoverflow_a2q_tw walkers=50000 (24700000..24749999) steps=30 mode=0 sched=single-bucket delta_t=0 policy=0
rank=494 loaded data/1536/stackoverflow_a2q_tw.sub494.txt (|V_local|=1650  t_range=[1611209,239659758])
rank=494 loaded routing data/1536/stackoverflow_a2q_tw.rt494.txt (658 entries)
rank=494 added 2 boundary-only nodes from routing
rank=515/1536 dataset=stackoverflow_a2q_tw walkers=50000 (25750000..25799999) steps=30 mode=0 sched=single-bucket delta_t=0 policy=0
rank=515 loaded data/1536/stackoverflow_a2q_tw.sub515.txt (|V_local|=1586  t_range=[4790348,239675175])
rank=515 loaded routing data/1536/stackoverflow_a2q_tw.rt515.txt (962 entries)
rank=493/1536 dataset=stackoverflow_a2q_tw walkers=50000 (24650000..24699999) steps=30 mode=0 sched=single-bucket delta_t=0 policy=0
rank=493 loaded data/1536/stackoverflow_a2q_tw.sub493.txt (|V_local|=1590  t_range=[4659893,239549578])
rank=493 loaded routing data/1536/stackoverflow_a2q_tw.rt493.txt (893 entries)
rank=493 added 1 boundary-only nodes from routing
rank=490/1536 dataset=stackoverflow_a2q_tw walkers=50000 (24500000..24549999) steps=30 mode=0 sched=single-bucket delta_t=0 policy=0
rank=490 loaded data/1536/stackoverflow_a2q_tw.sub490.txt (|V_local|=1649  t_range=[7154827,239676138])
rank=490 loaded routing data/1536/stackoverflow_a2q_tw.rt490.txt (922 entries)
rank=490 added 2 boundary-only nodes from routing
rank=504/1536 dataset=stackoverflow_a2q_tw walkers=50000 (25200000..25249999) steps=30 mode=0 sched=single-bucket delta_t=0 policy=0
rank=504 loaded data/1536/stackoverflow_a2q_tw.sub504.txt (|V_local|=1589  t_range=[4036537,239565927])
rank=504 loaded routing data/1536/stackoverflow_a2q_tw.rt504.txt (1068 entries)
rank=1397/1536 dataset=stackoverflow_a2q_tw walkers=50000 (69850000..69899999) steps=30 mode=0 sched=single-bucket delta_t=0 policy=0
rank=1397 loaded data/1536/stackoverflow_a2q_tw.sub1397.txt (|V_local|=1588  t_range=[28963739,239643841])
rank=1397 loaded routing data/1536/stackoverflow_a2q_tw.rt1397.txt (1056 entries)
rank=1406/1536 dataset=stackoverflow_a2q_tw walkers=50000 (70300000..70349999) steps=30 mode=0 sched=single-bucket delta_t=0 policy=0
rank=1406 loaded data/1536/stackoverflow_a2q_tw.sub1406.txt (|V_local|=1616  t_range=[14610764,239694900])
rank=1406 loaded routing data/1536/stackoverflow_a2q_tw.rt1406.txt (1003 entries)
rank=1406 added 1 boundary-only nodes from routing
rank=1396/1536 dataset=stackoverflow_a2q_tw walkers=50000 (69800000..69849999) steps=30 mode=0 sched=single-bucket delta_t=0 policy=0
rank=1396 loaded data/1536/stackoverflow_a2q_tw.sub1396.txt (|V_local|=1586  t_range=[2746594,239669239])
rank=1396 loaded routing data/1536/stackoverflow_a2q_tw.rt1396.txt (1139 entries)
rank=1396 added 2 boundary-only nodes from routing
rank=1393/1536 dataset=stackoverflow_a2q_tw walkers=50000 (69650000..69699999) steps=30 mode=0 sched=single-bucket delta_t=0 policy=0
rank=1393 loaded data/1536/stackoverflow_a2q_tw.sub1393.txt (|V_local|=1587  t_range=[8133192,239563130])
rank=1393 loaded routing data/1536/stackoverflow_a2q_tw.rt1393.txt (1153 entries)
rank=1393 added 3 boundary-only nodes from routing
rank=1401/1536 dataset=stackoverflow_a2q_tw walkers=50000 (70050000..70099999) steps=30 mode=0 sched=single-bucket delta_t=0 policy=0
rank=1401 loaded data/1536/stackoverflow_a2q_tw.sub1401.txt (|V_local|=1591  t_range=[18548798,239671440])
rank=1401 loaded routing data/1536/stackoverflow_a2q_tw.rt1401.txt (1042 entries)
rank=1415/1536 dataset=stackoverflow_a2q_tw walkers=50000 (70750000..70799999) steps=30 mode=0 sched=single-bucket delta_t=0 policy=0
rank=1415 loaded data/1536/stackoverflow_a2q_tw.sub1415.txt (|V_local|=1649  t_range=[35363874,239595858])
rank=1415 loaded routing data/1536/stackoverflow_a2q_tw.rt1415.txt (1135 entries)
rank=1415 added 1 boundary-only nodes from routing
rank=1424/1536 dataset=stackoverflow_a2q_tw walkers=50000 (71200000..71249999) steps=30 mode=0 sched=single-bucket delta_t=0 policy=0
rank=1424 loaded data/1536/stackoverflow_a2q_tw.sub1424.txt (|V_local|=1609  t_range=[3518882,239692212])
rank=1424 loaded routing data/1536/stackoverflow_a2q_tw.rt1424.txt (1035 entries)
rank=1424 added 1 boundary-only nodes from routing
rank=1404/1536 dataset=stackoverflow_a2q_tw walkers=50000 (70200000..70249999) steps=30 mode=0 sched=single-bucket delta_t=0 policy=0
rank=1404 loaded data/1536/stackoverflow_a2q_tw.sub1404.txt (|V_local|=1590  t_range=[16819182,239676763])
rank=1404 loaded routing data/1536/stackoverflow_a2q_tw.rt1404.txt (1094 entries)
rank=1419/1536 dataset=stackoverflow_a2q_tw walkers=50000 (70950000..70999999) steps=30 mode=0 sched=single-bucket delta_t=0 policy=0
rank=1419 loaded data/1536/stackoverflow_a2q_tw.sub1419.txt (|V_local|=1593  t_range=[14697033,239680006])
rank=1419 loaded routing data/1536/stackoverflow_a2q_tw.rt1419.txt (1072 entries)
rank=1436/1536 dataset=stackoverflow_a2q_tw walkers=50000 (71800000..71849999) steps=30 mode=0 sched=single-bucket delta_t=0 policy=0
rank=1436 loaded data/1536/stackoverflow_a2q_tw.sub1436.txt (|V_local|=1596  t_range=[22693289,239670013])
rank=1436 loaded routing data/1536/stackoverflow_a2q_tw.rt1436.txt (1088 entries)
rank=1394/1536 dataset=stackoverflow_a2q_tw walkers=50000 (69700000..69749999) steps=30 mode=0 sched=single-bucket delta_t=0 policy=0
rank=1394 loaded data/1536/stackoverflow_a2q_tw.sub1394.txt (|V_local|=1591  t_range=[12516506,239674041])
rank=1394 loaded routing data/1536/stackoverflow_a2q_tw.rt1394.txt (1108 entries)
rank=1437/1536 dataset=stackoverflow_a2q_tw walkers=50000 (71850000..71899999) steps=30 mode=0 sched=single-bucket delta_t=0 policy=0
rank=1437 loaded data/1536/stackoverflow_a2q_tw.sub1437.txt (|V_local|=1586  t_range=[4147159,239673998])
rank=1437 loaded routing data/1536/stackoverflow_a2q_tw.rt1437.txt (1141 entries)
rank=1399/1536 dataset=stackoverflow_a2q_tw walkers=50000 (69950000..69999999) steps=30 mode=0 sched=single-bucket delta_t=0 policy=0
rank=1399 loaded data/1536/stackoverflow_a2q_tw.sub1399.txt (|V_local|=1588  t_range=[3998982,239646106])
rank=1399 loaded routing data/1536/stackoverflow_a2q_tw.rt1399.txt (1107 entries)
rank=1399 added 2 boundary-only nodes from routing
rank=1410/1536 dataset=stackoverflow_a2q_tw walkers=50000 (70500000..70549999) steps=30 mode=0 sched=single-bucket delta_t=0 policy=0
rank=1410 loaded data/1536/stackoverflow_a2q_tw.sub1410.txt (|V_local|=1592  t_range=[4289980,239520927])
rank=1410 loaded routing data/1536/stackoverflow_a2q_tw.rt1410.txt (1135 entries)
rank=1410 added 1 boundary-only nodes from routing
rank=1411/1536 dataset=stackoverflow_a2q_tw walkers=50000 (70550000..70599999) steps=30 mode=0 sched=single-bucket delta_t=0 policy=0
rank=1411 loaded data/1536/stackoverflow_a2q_tw.sub1411.txt (|V_local|=1589  t_range=[31958286,239675454])
rank=1411 loaded routing data/1536/stackoverflow_a2q_tw.rt1411.txt (1083 entries)
rank=1411 added 1 boundary-only nodes from routing
rank=247/1536 dataset=stackoverflow_a2q_tw walkers=50000 (12350000..12399999) steps=30 mode=0 sched=single-bucket delta_t=0 policy=0
rank=247 loaded data/1536/stackoverflow_a2q_tw.sub247.txt (|V_local|=1651  t_range=[36417680,239695626])
rank=247 loaded routing data/1536/stackoverflow_a2q_tw.rt247.txt (937 entries)
rank=246/1536 dataset=stackoverflow_a2q_tw walkers=50000 (12300000..12349999) steps=30 mode=0 sched=single-bucket delta_t=0 policy=0
rank=246 loaded data/1536/stackoverflow_a2q_tw.sub246.txt (|V_local|=1590  t_range=[4412723,239695848])
rank=246 loaded routing data/1536/stackoverflow_a2q_tw.rt246.txt (1094 entries)
rank=246 added 1 boundary-only nodes from routing
rank=254/1536 dataset=stackoverflow_a2q_tw walkers=50000 (12700000..12749999) steps=30 mode=0 sched=single-bucket delta_t=0 policy=0
rank=254 loaded data/1536/stackoverflow_a2q_tw.sub254.txt (|V_local|=1622  t_range=[19010069,239639890])
rank=254 loaded routing data/1536/stackoverflow_a2q_tw.rt254.txt (995 entries)
rank=281/1536 dataset=stackoverflow_a2q_tw walkers=50000 (14050000..14099999) steps=30 mode=0 sched=single-bucket delta_t=0 policy=0
rank=281 loaded data/1536/stackoverflow_a2q_tw.sub281.txt (|V_local|=1599  t_range=[20686792,239621522])
rank=281 loaded routing data/1536/stackoverflow_a2q_tw.rt281.txt (921 entries)
rank=281 added 3 boundary-only nodes from routing
rank=268/1536 dataset=stackoverflow_a2q_tw walkers=50000 (13400000..13449999) steps=30 mode=0 sched=single-bucket delta_t=0 policy=0
rank=268 loaded data/1536/stackoverflow_a2q_tw.sub268.txt (|V_local|=1582  t_range=[4291107,239680134])
rank=268 loaded routing data/1536/stackoverflow_a2q_tw.rt268.txt (1078 entries)
rank=253/1536 dataset=stackoverflow_a2q_tw walkers=50000 (12650000..12699999) steps=30 mode=0 sched=single-bucket delta_t=0 policy=0
rank=253 loaded data/1536/stackoverflow_a2q_tw.sub253.txt (|V_local|=1638  t_range=[23653227,239617902])
rank=253 loaded routing data/1536/stackoverflow_a2q_tw.rt253.txt (1038 entries)
rank=242/1536 dataset=stackoverflow_a2q_tw walkers=50000 (12100000..12149999) steps=30 mode=0 sched=single-bucket delta_t=0 policy=0
rank=242 loaded data/1536/stackoverflow_a2q_tw.sub242.txt (|V_local|=1593  t_range=[3330944,239665776])
rank=242 loaded routing data/1536/stackoverflow_a2q_tw.rt242.txt (1130 entries)
rank=251/1536 dataset=stackoverflow_a2q_tw walkers=50000 (12550000..12599999) steps=30 mode=0 sched=single-bucket delta_t=0 policy=0
rank=251 loaded data/1536/stackoverflow_a2q_tw.sub251.txt (|V_local|=1586  t_range=[33082778,239673892])
rank=251 loaded routing data/1536/stackoverflow_a2q_tw.rt251.txt (1078 entries)
rank=251 added 1 boundary-only nodes from routing
rank=241/1536 dataset=stackoverflow_a2q_tw walkers=50000 (12050000..12099999) steps=30 mode=0 sched=single-bucket delta_t=0 policy=0
rank=241 loaded data/1536/stackoverflow_a2q_tw.sub241.txt (|V_local|=1651  t_range=[43755351,239659965])
rank=241 loaded routing data/1536/stackoverflow_a2q_tw.rt241.txt (909 entries)
rank=245/1536 dataset=stackoverflow_a2q_tw walkers=50000 (12250000..12299999) steps=30 mode=0 sched=single-bucket delta_t=0 policy=0
rank=245 loaded data/1536/stackoverflow_a2q_tw.sub245.txt (|V_local|=1590  t_range=[24230245,239645082])
rank=245 loaded routing data/1536/stackoverflow_a2q_tw.rt245.txt (1070 entries)
rank=249/1536 dataset=stackoverflow_a2q_tw walkers=50000 (12450000..12499999) steps=30 mode=0 sched=single-bucket delta_t=0 policy=0
rank=249 loaded data/1536/stackoverflow_a2q_tw.sub249.txt (|V_local|=1590  t_range=[9960381,239685844])
rank=249 loaded routing data/1536/stackoverflow_a2q_tw.rt249.txt (1114 entries)
rank=249 added 1 boundary-only nodes from routing
rank=248/1536 dataset=stackoverflow_a2q_tw walkers=50000 (12400000..12449999) steps=30 mode=0 sched=single-bucket delta_t=0 policy=0
rank=248 loaded data/1536/stackoverflow_a2q_tw.sub248.txt (|V_local|=1594  t_range=[9582795,239661821])
rank=248 loaded routing data/1536/stackoverflow_a2q_tw.rt248.txt (996 entries)
rank=248 added 1 boundary-only nodes from routing
rank=244/1536 dataset=stackoverflow_a2q_tw walkers=50000 (12200000..12249999) steps=30 mode=0 sched=single-bucket delta_t=0 policy=0
rank=244 loaded data/1536/stackoverflow_a2q_tw.sub244.txt (|V_local|=1651  t_range=[36777042,239675863])
rank=244 loaded routing data/1536/stackoverflow_a2q_tw.rt244.txt (462 entries)
rank=244 added 1 boundary-only nodes from routing
rank=252/1536 dataset=stackoverflow_a2q_tw walkers=50000 (12600000..12649999) steps=30 mode=0 sched=single-bucket delta_t=0 policy=0
rank=252 loaded data/1536/stackoverflow_a2q_tw.sub252.txt (|V_local|=1596  t_range=[37541267,239680831])
rank=252 loaded routing data/1536/stackoverflow_a2q_tw.rt252.txt (1107 entries)
rank=243/1536 dataset=stackoverflow_a2q_tw walkers=50000 (12150000..12199999) steps=30 mode=0 sched=single-bucket delta_t=0 policy=0
rank=243 loaded data/1536/stackoverflow_a2q_tw.sub243.txt (|V_local|=1589  t_range=[16163414,239651824])
rank=243 loaded routing data/1536/stackoverflow_a2q_tw.rt243.txt (1124 entries)
rank=250/1536 dataset=stackoverflow_a2q_tw walkers=50000 (12500000..12549999) steps=30 mode=0 sched=single-bucket delta_t=0 policy=0
rank=250 loaded data/1536/stackoverflow_a2q_tw.sub250.txt (|V_local|=1592  t_range=[10667227,239642419])
rank=250 loaded routing data/1536/stackoverflow_a2q_tw.rt250.txt (1079 entries)
rank=250 added 2 boundary-only nodes from routing
rank=282/1536 dataset=stackoverflow_a2q_tw walkers=50000 (14100000..14149999) steps=30 mode=0 sched=single-bucket delta_t=0 policy=0
rank=282 loaded data/1536/stackoverflow_a2q_tw.sub282.txt (|V_local|=1652  t_range=[42446725,239671265])
rank=282 loaded routing data/1536/stackoverflow_a2q_tw.rt282.txt (783 entries)
rank=278/1536 dataset=stackoverflow_a2q_tw walkers=50000 (13900000..13949999) steps=30 mode=0 sched=single-bucket delta_t=0 policy=0
rank=278 loaded data/1536/stackoverflow_a2q_tw.sub278.txt (|V_local|=1591  t_range=[2310213,239569758])
rank=278 loaded routing data/1536/stackoverflow_a2q_tw.rt278.txt (819 entries)
rank=264/1536 dataset=stackoverflow_a2q_tw walkers=50000 (13200000..13249999) steps=30 mode=0 sched=single-bucket delta_t=0 policy=0
rank=264 loaded data/1536/stackoverflow_a2q_tw.sub264.txt (|V_local|=1591  t_range=[6859262,239617988])
rank=264 loaded routing data/1536/stackoverflow_a2q_tw.rt264.txt (1059 entries)
rank=257/1536 dataset=stackoverflow_a2q_tw walkers=50000 (12850000..12899999) steps=30 mode=0 sched=single-bucket delta_t=0 policy=0
rank=257 loaded data/1536/stackoverflow_a2q_tw.sub257.txt (|V_local|=1594  t_range=[37203112,239647357])
rank=257 loaded routing data/1536/stackoverflow_a2q_tw.rt257.txt (1124 entries)
rank=257 added 1 boundary-only nodes from routing
rank=255/1536 dataset=stackoverflow_a2q_tw walkers=50000 (12750000..12799999) steps=30 mode=0 sched=single-bucket delta_t=0 policy=0
rank=255 loaded data/1536/stackoverflow_a2q_tw.sub255.txt (|V_local|=1591  t_range=[10057601,239695278])
rank=255 loaded routing data/1536/stackoverflow_a2q_tw.rt255.txt (1129 entries)
rank=280/1536 dataset=stackoverflow_a2q_tw walkers=50000 (14000000..14049999) steps=30 mode=0 sched=single-bucket delta_t=0 policy=0
rank=280 loaded data/1536/stackoverflow_a2q_tw.sub280.txt (|V_local|=1652  t_range=[50456864,239566342])
rank=280 loaded routing data/1536/stackoverflow_a2q_tw.rt280.txt (785 entries)
rank=263/1536 dataset=stackoverflow_a2q_tw walkers=50000 (13150000..13199999) steps=30 mode=0 sched=single-bucket delta_t=0 policy=0
rank=263 loaded data/1536/stackoverflow_a2q_tw.sub263.txt (|V_local|=1651  t_range=[44541739,239520263])
rank=263 loaded routing data/1536/stackoverflow_a2q_tw.rt263.txt (980 entries)
rank=286/1536 dataset=stackoverflow_a2q_tw walkers=50000 (14300000..14349999) steps=30 mode=0 sched=single-bucket delta_t=0 policy=0
rank=286 loaded data/1536/stackoverflow_a2q_tw.sub286.txt (|V_local|=1614  t_range=[45131079,239681958])
rank=286 loaded routing data/1536/stackoverflow_a2q_tw.rt286.txt (969 entries)
rank=1077/1536 dataset=stackoverflow_a2q_tw walkers=50000 (53850000..53899999) steps=30 mode=0 sched=single-bucket delta_t=0 policy=0
rank=1077 loaded data/1536/stackoverflow_a2q_tw.sub1077.txt (|V_local|=1587  t_range=[9297200,239650857])
rank=1077 loaded routing data/1536/stackoverflow_a2q_tw.rt1077.txt (1069 entries)
rank=1077 added 1 boundary-only nodes from routing
rank=1070/1536 dataset=stackoverflow_a2q_tw walkers=50000 (53500000..53549999) steps=30 mode=0 sched=single-bucket delta_t=0 policy=0
rank=1070 loaded data/1536/stackoverflow_a2q_tw.sub1070.txt (|V_local|=1613  t_range=[19339714,239597922])
rank=1070 loaded routing data/1536/stackoverflow_a2q_tw.rt1070.txt (989 entries)
rank=1070 added 1 boundary-only nodes from routing
rank=1066/1536 dataset=stackoverflow_a2q_tw walkers=50000 (53300000..53349999) steps=30 mode=0 sched=single-bucket delta_t=0 policy=0
rank=1066 loaded data/1536/stackoverflow_a2q_tw.sub1066.txt (|V_local|=1651  t_range=[31278576,239685159])
rank=1066 loaded routing data/1536/stackoverflow_a2q_tw.rt1066.txt (875 entries)
rank=1057/1536 dataset=stackoverflow_a2q_tw walkers=50000 (52850000..52899999) steps=30 mode=0 sched=single-bucket delta_t=0 policy=0
rank=1057 loaded data/1536/stackoverflow_a2q_tw.sub1057.txt (|V_local|=1651  t_range=[34908942,239693563])
rank=1057 loaded routing data/1536/stackoverflow_a2q_tw.rt1057.txt (657 entries)
rank=1057 added 1 boundary-only nodes from routing
rank=1064/1536 dataset=stackoverflow_a2q_tw walkers=50000 (53200000..53249999) steps=30 mode=0 sched=single-bucket delta_t=0 policy=0
rank=1064 loaded data/1536/stackoverflow_a2q_tw.sub1064.txt (|V_local|=1650  t_range=[9437453,239652941])
rank=1064 loaded routing data/1536/stackoverflow_a2q_tw.rt1064.txt (880 entries)
rank=1064 added 1 boundary-only nodes from routing
rank=1068/1536 dataset=stackoverflow_a2q_tw walkers=50000 (53400000..53449999) steps=30 mode=0 sched=single-bucket delta_t=0 policy=0
rank=1068 loaded data/1536/stackoverflow_a2q_tw.sub1068.txt (|V_local|=1590  t_range=[9674436,239677698])
rank=1068 loaded routing data/1536/stackoverflow_a2q_tw.rt1068.txt (1096 entries)
rank=1069/1536 dataset=stackoverflow_a2q_tw walkers=50000 (53450000..53499999) steps=30 mode=0 sched=single-bucket delta_t=0 policy=0
rank=1069 loaded data/1536/stackoverflow_a2q_tw.sub1069.txt (|V_local|=1652  t_range=[30259110,239690496])
rank=1069 loaded routing data/1536/stackoverflow_a2q_tw.rt1069.txt (926 entries)
rank=1089/1536 dataset=stackoverflow_a2q_tw walkers=50000 (54450000..54499999) steps=30 mode=0 sched=single-bucket delta_t=0 policy=0
rank=1089 loaded data/1536/stackoverflow_a2q_tw.sub1089.txt (|V_local|=1590  t_range=[10888273,239693832])
rank=1089 loaded routing data/1536/stackoverflow_a2q_tw.rt1089.txt (1052 entries)
rank=1089 added 1 boundary-only nodes from routing
rank=1074/1536 dataset=stackoverflow_a2q_tw walkers=50000 (53700000..53749999) steps=30 mode=0 sched=single-bucket delta_t=0 policy=0
rank=1074 loaded data/1536/stackoverflow_a2q_tw.sub1074.txt (|V_local|=1589  t_range=[3947889,239591681])
rank=1074 loaded routing data/1536/stackoverflow_a2q_tw.rt1074.txt (1041 entries)
rank=1072/1536 dataset=stackoverflow_a2q_tw walkers=50000 (53600000..53649999) steps=30 mode=0 sched=single-bucket delta_t=0 policy=0
rank=1072 loaded data/1536/stackoverflow_a2q_tw.sub1072.txt (|V_local|=1644  t_range=[15399852,239647741])
rank=1072 loaded routing data/1536/stackoverflow_a2q_tw.rt1072.txt (979 entries)
rank=1204/1536 dataset=stackoverflow_a2q_tw walkers=50000 (60200000..60249999) steps=30 mode=0 sched=single-bucket delta_t=0 policy=0
rank=1204 loaded data/1536/stackoverflow_a2q_tw.sub1204.txt (|V_local|=1585  t_range=[3969001,239574671])
rank=1204 loaded routing data/1536/stackoverflow_a2q_tw.rt1204.txt (1004 entries)
rank=1204 added 1 boundary-only nodes from routing
rank=1203/1536 dataset=stackoverflow_a2q_tw walkers=50000 (60150000..60199999) steps=30 mode=0 sched=single-bucket delta_t=0 policy=0
rank=1203 loaded data/1536/stackoverflow_a2q_tw.sub1203.txt (|V_local|=1592  t_range=[1699509,239672159])
rank=1203 loaded routing data/1536/stackoverflow_a2q_tw.rt1203.txt (1033 entries)
rank=1203 added 3 boundary-only nodes from routing
rank=1207/1536 dataset=stackoverflow_a2q_tw walkers=50000 (60350000..60399999) steps=30 mode=0 sched=single-bucket delta_t=0 policy=0
rank=1207 loaded data/1536/stackoverflow_a2q_tw.sub1207.txt (|V_local|=1651  t_range=[3102051,239688520])
rank=1207 loaded routing data/1536/stackoverflow_a2q_tw.rt1207.txt (413 entries)
rank=1207 added 1 boundary-only nodes from routing
rank=1201/1536 dataset=stackoverflow_a2q_tw walkers=50000 (60050000..60099999) steps=30 mode=0 sched=single-bucket delta_t=0 policy=0
rank=1201 loaded data/1536/stackoverflow_a2q_tw.sub1201.txt (|V_local|=1652  t_range=[14785069,239577244])
rank=1201 loaded routing data/1536/stackoverflow_a2q_tw.rt1201.txt (802 entries)
rank=1205/1536 dataset=stackoverflow_a2q_tw walkers=50000 (60250000..60299999) steps=30 mode=0 sched=single-bucket delta_t=0 policy=0
rank=1205 loaded data/1536/stackoverflow_a2q_tw.sub1205.txt (|V_local|=1590  t_range=[22898910,239634510])
rank=1205 loaded routing data/1536/stackoverflow_a2q_tw.rt1205.txt (1054 entries)
rank=1205 added 6 boundary-only nodes from routing
rank=1200/1536 dataset=stackoverflow_a2q_tw walkers=50000 (60000000..60049999) steps=30 mode=0 sched=single-bucket delta_t=0 policy=0
rank=1200 loaded data/1536/stackoverflow_a2q_tw.sub1200.txt (|V_local|=1581  t_range=[4615449,239619636])
rank=1200 loaded routing data/1536/stackoverflow_a2q_tw.rt1200.txt (946 entries)
rank=1200 added 2 boundary-only nodes from routing
rank=1206/1536 dataset=stackoverflow_a2q_tw walkers=50000 (60300000..60349999) steps=30 mode=0 sched=single-bucket delta_t=0 policy=0
rank=1206 loaded data/1536/stackoverflow_a2q_tw.sub1206.txt (|V_local|=1589  t_range=[3999382,239623538])
rank=1206 loaded routing data/1536/stackoverflow_a2q_tw.rt1206.txt (975 entries)
rank=1211/1536 dataset=stackoverflow_a2q_tw walkers=50000 (60550000..60599999) steps=30 mode=0 sched=single-bucket delta_t=0 policy=0
rank=1211 loaded data/1536/stackoverflow_a2q_tw.sub1211.txt (|V_local|=1588  t_range=[9671491,239652772])
rank=1211 loaded routing data/1536/stackoverflow_a2q_tw.rt1211.txt (933 entries)
rank=1211 added 2 boundary-only nodes from routing
rank=1208/1536 dataset=stackoverflow_a2q_tw walkers=50000 (60400000..60449999) steps=30 mode=0 sched=single-bucket delta_t=0 policy=0
rank=1208 loaded data/1536/stackoverflow_a2q_tw.sub1208.txt (|V_local|=1652  t_range=[4341952,239648400])
rank=1208 loaded routing data/1536/stackoverflow_a2q_tw.rt1208.txt (479 entries)
rank=1220/1536 dataset=stackoverflow_a2q_tw walkers=50000 (61000000..61049999) steps=30 mode=0 sched=single-bucket delta_t=0 policy=0
rank=1220 loaded data/1536/stackoverflow_a2q_tw.sub1220.txt (|V_local|=1591  t_range=[4176977,239569784])
rank=1220 loaded routing data/1536/stackoverflow_a2q_tw.rt1220.txt (1055 entries)
rank=1220 added 5 boundary-only nodes from routing
rank=1209/1536 dataset=stackoverflow_a2q_tw walkers=50000 (60450000..60499999) steps=30 mode=0 sched=single-bucket delta_t=0 policy=0
rank=1209 loaded data/1536/stackoverflow_a2q_tw.sub1209.txt (|V_local|=1593  t_range=[17116343,239665930])
rank=1209 loaded routing data/1536/stackoverflow_a2q_tw.rt1209.txt (1125 entries)
rank=1209 added 1 boundary-only nodes from routing
rank=1240/1536 dataset=stackoverflow_a2q_tw walkers=50000 (62000000..62049999) steps=30 mode=0 sched=single-bucket delta_t=0 policy=0
rank=1240 loaded data/1536/stackoverflow_a2q_tw.sub1240.txt (|V_local|=1602  t_range=[10057675,239630097])
rank=1240 loaded routing data/1536/stackoverflow_a2q_tw.rt1240.txt (981 entries)
rank=1202/1536 dataset=stackoverflow_a2q_tw walkers=50000 (60100000..60149999) steps=30 mode=0 sched=single-bucket delta_t=0 policy=0
rank=1202 loaded data/1536/stackoverflow_a2q_tw.sub1202.txt (|V_local|=1651  t_range=[14248853,239660080])
rank=1202 loaded routing data/1536/stackoverflow_a2q_tw.rt1202.txt (822 entries)
rank=1210/1536 dataset=stackoverflow_a2q_tw walkers=50000 (60500000..60549999) steps=30 mode=0 sched=single-bucket delta_t=0 policy=0
rank=1210 loaded data/1536/stackoverflow_a2q_tw.sub1210.txt (|V_local|=1592  t_range=[13990869,239658348])
rank=1210 loaded routing data/1536/stackoverflow_a2q_tw.rt1210.txt (1006 entries)
rank=1243/1536 dataset=stackoverflow_a2q_tw walkers=50000 (62150000..62199999) steps=30 mode=0 sched=single-bucket delta_t=0 policy=0
rank=1243 loaded data/1536/stackoverflow_a2q_tw.sub1243.txt (|V_local|=1594  t_range=[6570638,239580847])
rank=1243 loaded routing data/1536/stackoverflow_a2q_tw.rt1243.txt (1032 entries)
rank=1239/1536 dataset=stackoverflow_a2q_tw walkers=50000 (61950000..61999999) steps=30 mode=0 sched=single-bucket delta_t=0 policy=0
rank=1239 loaded data/1536/stackoverflow_a2q_tw.sub1239.txt (|V_local|=1590  t_range=[21790129,239604456])
rank=1239 loaded routing data/1536/stackoverflow_a2q_tw.rt1239.txt (1087 entries)
rank=1238/1536 dataset=stackoverflow_a2q_tw walkers=50000 (61900000..61949999) steps=30 mode=0 sched=single-bucket delta_t=0 policy=0
rank=1238 loaded data/1536/stackoverflow_a2q_tw.sub1238.txt (|V_local|=1609  t_range=[23835980,239638845])
rank=1238 loaded routing data/1536/stackoverflow_a2q_tw.rt1238.txt (1021 entries)
rank=1238 added 1 boundary-only nodes from routing
rank=1246/1536 dataset=stackoverflow_a2q_tw walkers=50000 (62300000..62349999) steps=30 mode=0 sched=single-bucket delta_t=0 policy=0
rank=1246 loaded data/1536/stackoverflow_a2q_tw.sub1246.txt (|V_local|=1579  t_range=[20087568,239466544])
rank=1246 loaded routing data/1536/stackoverflow_a2q_tw.rt1246.txt (980 entries)
rank=1246 added 4 boundary-only nodes from routing
rank=1228/1536 dataset=stackoverflow_a2q_tw walkers=50000 (61400000..61449999) steps=30 mode=0 sched=single-bucket delta_t=0 policy=0
rank=1228 loaded data/1536/stackoverflow_a2q_tw.sub1228.txt (|V_local|=1584  t_range=[15441504,239537461])
rank=1228 loaded routing data/1536/stackoverflow_a2q_tw.rt1228.txt (1000 entries)
rank=1230/1536 dataset=stackoverflow_a2q_tw walkers=50000 (61500000..61549999) steps=30 mode=0 sched=single-bucket delta_t=0 policy=0
rank=1230 loaded data/1536/stackoverflow_a2q_tw.sub1230.txt (|V_local|=1588  t_range=[6115310,239590733])
rank=1230 loaded routing data/1536/stackoverflow_a2q_tw.rt1230.txt (1080 entries)
rank=1230 added 1 boundary-only nodes from routing
rank=1224/1536 dataset=stackoverflow_a2q_tw walkers=50000 (61200000..61249999) steps=30 mode=0 sched=single-bucket delta_t=0 policy=0
rank=1224 loaded data/1536/stackoverflow_a2q_tw.sub1224.txt (|V_local|=1585  t_range=[3927020,239546800])
rank=1224 loaded routing data/1536/stackoverflow_a2q_tw.rt1224.txt (1047 entries)
rank=1224 added 1 boundary-only nodes from routing
rank=1241/1536 dataset=stackoverflow_a2q_tw walkers=50000 (62050000..62099999) steps=30 mode=0 sched=single-bucket delta_t=0 policy=0
rank=1241 loaded data/1536/stackoverflow_a2q_tw.sub1241.txt (|V_local|=1593  t_range=[16071565,239680173])
rank=1241 loaded routing data/1536/stackoverflow_a2q_tw.rt1241.txt (1009 entries)
rank=1241 added 2 boundary-only nodes from routing
rank=1247/1536 dataset=stackoverflow_a2q_tw walkers=50000 (62350000..62399999) steps=30 mode=0 sched=single-bucket delta_t=0 policy=0
rank=1247 loaded data/1536/stackoverflow_a2q_tw.sub1247.txt (|V_local|=1626  t_range=[7423311,239598567])
rank=1247 loaded routing data/1536/stackoverflow_a2q_tw.rt1247.txt (930 entries)
rank=1247 added 1 boundary-only nodes from routing
rank=686/1536 dataset=stackoverflow_a2q_tw walkers=50000 (34300000..34349999) steps=30 mode=0 sched=single-bucket delta_t=0 policy=0
rank=686 loaded data/1536/stackoverflow_a2q_tw.sub686.txt (|V_local|=1652  t_range=[57635471,239697243])
rank=686 loaded routing data/1536/stackoverflow_a2q_tw.rt686.txt (693 entries)
rank=683/1536 dataset=stackoverflow_a2q_tw walkers=50000 (34150000..34199999) steps=30 mode=0 sched=single-bucket delta_t=0 policy=0
rank=683 loaded data/1536/stackoverflow_a2q_tw.sub683.txt (|V_local|=1622  t_range=[8833196,239641519])
rank=683 loaded routing data/1536/stackoverflow_a2q_tw.rt683.txt (943 entries)
rank=715/1536 dataset=stackoverflow_a2q_tw walkers=50000 (35750000..35799999) steps=30 mode=0 sched=single-bucket delta_t=0 policy=0
rank=715 loaded data/1536/stackoverflow_a2q_tw.sub715.txt (|V_local|=1588  t_range=[3942504,239663425])
rank=715 loaded routing data/1536/stackoverflow_a2q_tw.rt715.txt (939 entries)
rank=676/1536 dataset=stackoverflow_a2q_tw walkers=50000 (33800000..33849999) steps=30 mode=0 sched=single-bucket delta_t=0 policy=0
rank=676 loaded data/1536/stackoverflow_a2q_tw.sub676.txt (|V_local|=1587  t_range=[8637560,239681408])
rank=676 loaded routing data/1536/stackoverflow_a2q_tw.rt676.txt (913 entries)
rank=677/1536 dataset=stackoverflow_a2q_tw walkers=50000 (33850000..33899999) steps=30 mode=0 sched=single-bucket delta_t=0 policy=0
rank=677 loaded data/1536/stackoverflow_a2q_tw.sub677.txt (|V_local|=1652  t_range=[23737691,239593161])
rank=677 loaded routing data/1536/stackoverflow_a2q_tw.rt677.txt (677 entries)
rank=701/1536 dataset=stackoverflow_a2q_tw walkers=50000 (35050000..35099999) steps=30 mode=0 sched=single-bucket delta_t=0 policy=0
rank=701 loaded data/1536/stackoverflow_a2q_tw.sub701.txt (|V_local|=1588  t_range=[4306167,239585883])
rank=701 loaded routing data/1536/stackoverflow_a2q_tw.rt701.txt (1110 entries)
rank=701 added 4 boundary-only nodes from routing
rank=680/1536 dataset=stackoverflow_a2q_tw walkers=50000 (34000000..34049999) steps=30 mode=0 sched=single-bucket delta_t=0 policy=0
rank=680 loaded data/1536/stackoverflow_a2q_tw.sub680.txt (|V_local|=1589  t_range=[13745040,239638956])
rank=680 loaded routing data/1536/stackoverflow_a2q_tw.rt680.txt (1032 entries)
rank=680 added 2 boundary-only nodes from routing
rank=692/1536 dataset=stackoverflow_a2q_tw walkers=50000 (34600000..34649999) steps=30 mode=0 sched=single-bucket delta_t=0 policy=0
rank=692 loaded data/1536/stackoverflow_a2q_tw.sub692.txt (|V_local|=1651  t_range=[39612139,239589527])
rank=692 loaded routing data/1536/stackoverflow_a2q_tw.rt692.txt (639 entries)
rank=692 added 1 boundary-only nodes from routing
rank=685/1536 dataset=stackoverflow_a2q_tw walkers=50000 (34250000..34299999) steps=30 mode=0 sched=single-bucket delta_t=0 policy=0
rank=685 loaded data/1536/stackoverflow_a2q_tw.sub685.txt (|V_local|=1650  t_range=[3420289,239637629])
rank=685 loaded routing data/1536/stackoverflow_a2q_tw.rt685.txt (859 entries)
rank=673/1536 dataset=stackoverflow_a2q_tw walkers=50000 (33650000..33699999) steps=30 mode=0 sched=single-bucket delta_t=0 policy=0
rank=673 loaded data/1536/stackoverflow_a2q_tw.sub673.txt (|V_local|=1585  t_range=[14163548,239683139])
rank=673 loaded routing data/1536/stackoverflow_a2q_tw.rt673.txt (1019 entries)
rank=673 added 3 boundary-only nodes from routing
rank=691/1536 dataset=stackoverflow_a2q_tw walkers=50000 (34550000..34599999) steps=30 mode=0 sched=single-bucket delta_t=0 policy=0
rank=691 loaded data/1536/stackoverflow_a2q_tw.sub691.txt (|V_local|=1651  t_range=[4543437,239655875])
rank=691 loaded routing data/1536/stackoverflow_a2q_tw.rt691.txt (731 entries)
rank=674/1536 dataset=stackoverflow_a2q_tw walkers=50000 (33700000..33749999) steps=30 mode=0 sched=single-bucket delta_t=0 policy=0
rank=674 loaded data/1536/stackoverflow_a2q_tw.sub674.txt (|V_local|=1586  t_range=[5268871,239685061])
rank=674 loaded routing data/1536/stackoverflow_a2q_tw.rt674.txt (1067 entries)
rank=674 added 1 boundary-only nodes from routing
rank=678/1536 dataset=stackoverflow_a2q_tw walkers=50000 (33900000..33949999) steps=30 mode=0 sched=single-bucket delta_t=0 policy=0
rank=678 loaded data/1536/stackoverflow_a2q_tw.sub678.txt (|V_local|=1594  t_range=[4117756,239662709])
rank=678 loaded routing data/1536/stackoverflow_a2q_tw.rt678.txt (1081 entries)
rank=678 added 1 boundary-only nodes from routing
rank=703/1536 dataset=stackoverflow_a2q_tw walkers=50000 (35150000..35199999) steps=30 mode=0 sched=single-bucket delta_t=0 policy=0
rank=703 loaded data/1536/stackoverflow_a2q_tw.sub703.txt (|V_local|=1652  t_range=[13907098,239604582])
rank=703 loaded routing data/1536/stackoverflow_a2q_tw.rt703.txt (486 entries)
rank=679/1536 dataset=stackoverflow_a2q_tw walkers=50000 (33950000..33999999) steps=30 mode=0 sched=single-bucket delta_t=0 policy=0
rank=679 loaded data/1536/stackoverflow_a2q_tw.sub679.txt (|V_local|=1588  t_range=[4857273,239472291])
rank=679 loaded routing data/1536/stackoverflow_a2q_tw.rt679.txt (1001 entries)
rank=681/1536 dataset=stackoverflow_a2q_tw walkers=50000 (34050000..34099999) steps=30 mode=0 sched=single-bucket delta_t=0 policy=0
rank=681 loaded data/1536/stackoverflow_a2q_tw.sub681.txt (|V_local|=1590  t_range=[5412848,239615764])
rank=681 loaded routing data/1536/stackoverflow_a2q_tw.rt681.txt (1067 entries)
rank=682/1536 dataset=stackoverflow_a2q_tw walkers=50000 (34100000..34149999) steps=30 mode=0 sched=single-bucket delta_t=0 policy=0
rank=682 loaded data/1536/stackoverflow_a2q_tw.sub682.txt (|V_local|=1652  t_range=[27707181,239629392])
rank=682 loaded routing data/1536/stackoverflow_a2q_tw.rt682.txt (839 entries)
rank=695/1536 dataset=stackoverflow_a2q_tw walkers=50000 (34750000..34799999) steps=30 mode=0 sched=single-bucket delta_t=0 policy=0
rank=695 loaded data/1536/stackoverflow_a2q_tw.sub695.txt (|V_local|=1651  t_range=[38788231,239696177])
rank=695 loaded routing data/1536/stackoverflow_a2q_tw.rt695.txt (772 entries)
rank=695 added 1 boundary-only nodes from routing
rank=718/1536 dataset=stackoverflow_a2q_tw walkers=50000 (35900000..35949999) steps=30 mode=0 sched=single-bucket delta_t=0 policy=0
rank=718 loaded data/1536/stackoverflow_a2q_tw.sub718.txt (|V_local|=1595  t_range=[3621277,239686166])
rank=718 loaded routing data/1536/stackoverflow_a2q_tw.rt718.txt (921 entries)
rank=688/1536 dataset=stackoverflow_a2q_tw walkers=50000 (34400000..34449999) steps=30 mode=0 sched=single-bucket delta_t=0 policy=0
rank=688 loaded data/1536/stackoverflow_a2q_tw.sub688.txt (|V_local|=1587  t_range=[34825348,239681985])
rank=688 loaded routing data/1536/stackoverflow_a2q_tw.rt688.txt (900 entries)
rank=706/1536 dataset=stackoverflow_a2q_tw walkers=50000 (35300000..35349999) steps=30 mode=0 sched=single-bucket delta_t=0 policy=0
rank=706 loaded data/1536/stackoverflow_a2q_tw.sub706.txt (|V_local|=1602  t_range=[11947991,239581340])
rank=706 loaded routing data/1536/stackoverflow_a2q_tw.rt706.txt (921 entries)
rank=706 added 1 boundary-only nodes from routing
rank=702/1536 dataset=stackoverflow_a2q_tw walkers=50000 (35100000..35149999) steps=30 mode=0 sched=single-bucket delta_t=0 policy=0
rank=702 loaded data/1536/stackoverflow_a2q_tw.sub702.txt (|V_local|=1587  t_range=[31256765,239663481])
rank=702 loaded routing data/1536/stackoverflow_a2q_tw.rt702.txt (996 entries)
rank=702 added 3 boundary-only nodes from routing
rank=476/1536 dataset=stackoverflow_a2q_tw walkers=50000 (23800000..23849999) steps=30 mode=0 sched=single-bucket delta_t=0 policy=0
rank=476 loaded data/1536/stackoverflow_a2q_tw.sub476.txt (|V_local|=1589  t_range=[158604,239660344])
rank=476 loaded routing data/1536/stackoverflow_a2q_tw.rt476.txt (982 entries)
rank=476 added 2 boundary-only nodes from routing
rank=445/1536 dataset=stackoverflow_a2q_tw walkers=50000 (22250000..22299999) steps=30 mode=0 sched=single-bucket delta_t=0 policy=0
rank=445 loaded data/1536/stackoverflow_a2q_tw.sub445.txt (|V_local|=1652  t_range=[3421530,239647231])
rank=445 loaded routing data/1536/stackoverflow_a2q_tw.rt445.txt (570 entries)
rank=472/1536 dataset=stackoverflow_a2q_tw walkers=50000 (23600000..23649999) steps=30 mode=0 sched=single-bucket delta_t=0 policy=0
rank=472 loaded data/1536/stackoverflow_a2q_tw.sub472.txt (|V_local|=1652  t_range=[1169016,239673825])
rank=472 loaded routing data/1536/stackoverflow_a2q_tw.rt472.txt (721 entries)
rank=479/1536 dataset=stackoverflow_a2q_tw walkers=50000 (23950000..23999999) steps=30 mode=0 sched=single-bucket delta_t=0 policy=0
rank=479 loaded data/1536/stackoverflow_a2q_tw.sub479.txt (|V_local|=1590  t_range=[1616151,239654962])
rank=479 loaded routing data/1536/stackoverflow_a2q_tw.rt479.txt (1074 entries)
rank=479 added 2 boundary-only nodes from routing
rank=437/1536 dataset=stackoverflow_a2q_tw walkers=50000 (21850000..21899999) steps=30 mode=0 sched=single-bucket delta_t=0 policy=0
rank=437 loaded data/1536/stackoverflow_a2q_tw.sub437.txt (|V_local|=1578  t_range=[2312695,239549937])
rank=437 loaded routing data/1536/stackoverflow_a2q_tw.rt437.txt (996 entries)
rank=437 added 3 boundary-only nodes from routing
rank=450/1536 dataset=stackoverflow_a2q_tw walkers=50000 (22500000..22549999) steps=30 mode=0 sched=single-bucket delta_t=0 policy=0
rank=450 loaded data/1536/stackoverflow_a2q_tw.sub450.txt (|V_local|=1591  t_range=[2415461,239680444])
rank=450 loaded routing data/1536/stackoverflow_a2q_tw.rt450.txt (1046 entries)
rank=450 added 3 boundary-only nodes from routing
rank=441/1536 dataset=stackoverflow_a2q_tw walkers=50000 (22050000..22099999) steps=30 mode=0 sched=single-bucket delta_t=0 policy=0
rank=441 loaded data/1536/stackoverflow_a2q_tw.sub441.txt (|V_local|=1589  t_range=[1888364,239495000])
rank=441 loaded routing data/1536/stackoverflow_a2q_tw.rt441.txt (1034 entries)
rank=441 added 5 boundary-only nodes from routing
rank=433/1536 dataset=stackoverflow_a2q_tw walkers=50000 (21650000..21699999) steps=30 mode=0 sched=single-bucket delta_t=0 policy=0
rank=433 loaded data/1536/stackoverflow_a2q_tw.sub433.txt (|V_local|=1599  t_range=[1731646,239563607])
rank=433 loaded routing data/1536/stackoverflow_a2q_tw.rt433.txt (800 entries)
rank=438/1536 dataset=stackoverflow_a2q_tw walkers=50000 (21900000..21949999) steps=30 mode=0 sched=single-bucket delta_t=0 policy=0
rank=438 loaded data/1536/stackoverflow_a2q_tw.sub438.txt (|V_local|=1586  t_range=[1194722,239586153])
rank=438 loaded routing data/1536/stackoverflow_a2q_tw.rt438.txt (1093 entries)
rank=438 added 3 boundary-only nodes from routing
rank=434/1536 dataset=stackoverflow_a2q_tw walkers=50000 (21700000..21749999) steps=30 mode=0 sched=single-bucket delta_t=0 policy=0
rank=434 loaded data/1536/stackoverflow_a2q_tw.sub434.txt (|V_local|=1652  t_range=[433150,239575633])
rank=434 loaded routing data/1536/stackoverflow_a2q_tw.rt434.txt (741 entries)
rank=473/1536 dataset=stackoverflow_a2q_tw walkers=50000 (23650000..23699999) steps=30 mode=0 sched=single-bucket delta_t=0 policy=0
rank=473 loaded data/1536/stackoverflow_a2q_tw.sub473.txt (|V_local|=1585  t_range=[1871356,239686109])
rank=473 loaded routing data/1536/stackoverflow_a2q_tw.rt473.txt (1013 entries)
rank=473 added 1 boundary-only nodes from routing
rank=435/1536 dataset=stackoverflow_a2q_tw walkers=50000 (21750000..21799999) steps=30 mode=0 sched=single-bucket delta_t=0 policy=0
rank=435 loaded data/1536/stackoverflow_a2q_tw.sub435.txt (|V_local|=1590  t_range=[3017785,239497951])
rank=435 loaded routing data/1536/stackoverflow_a2q_tw.rt435.txt (976 entries)
rank=436/1536 dataset=stackoverflow_a2q_tw walkers=50000 (21800000..21849999) steps=30 mode=0 sched=single-bucket delta_t=0 policy=0
rank=436 loaded data/1536/stackoverflow_a2q_tw.sub436.txt (|V_local|=1584  t_range=[1192947,239502322])
rank=436 loaded routing data/1536/stackoverflow_a2q_tw.rt436.txt (1102 entries)
rank=436 added 6 boundary-only nodes from routing
rank=449/1536 dataset=stackoverflow_a2q_tw walkers=50000 (22450000..22499999) steps=30 mode=0 sched=single-bucket delta_t=0 policy=0
rank=449 loaded data/1536/stackoverflow_a2q_tw.sub449.txt (|V_local|=1587  t_range=[308042,239576299])
rank=449 loaded routing data/1536/stackoverflow_a2q_tw.rt449.txt (1002 entries)
rank=449 added 4 boundary-only nodes from routing
rank=477/1536 dataset=stackoverflow_a2q_tw walkers=50000 (23850000..23899999) steps=30 mode=0 sched=single-bucket delta_t=0 policy=0
rank=477 loaded data/1536/stackoverflow_a2q_tw.sub477.txt (|V_local|=1578  t_range=[3700447,239645617])
rank=477 loaded routing data/1536/stackoverflow_a2q_tw.rt477.txt (1047 entries)
rank=477 added 4 boundary-only nodes from routing
rank=470/1536 dataset=stackoverflow_a2q_tw walkers=50000 (23500000..23549999) steps=30 mode=0 sched=single-bucket delta_t=0 policy=0
rank=470 loaded data/1536/stackoverflow_a2q_tw.sub470.txt (|V_local|=1648  t_range=[1091812,239463344])
rank=470 loaded routing data/1536/stackoverflow_a2q_tw.rt470.txt (757 entries)
rank=470 added 1 boundary-only nodes from routing
rank=440/1536 dataset=stackoverflow_a2q_tw walkers=50000 (22000000..22049999) steps=30 mode=0 sched=single-bucket delta_t=0 policy=0
rank=440 loaded data/1536/stackoverflow_a2q_tw.sub440.txt (|V_local|=1588  t_range=[2324265,239489970])
rank=440 loaded routing data/1536/stackoverflow_a2q_tw.rt440.txt (1031 entries)
rank=440 added 3 boundary-only nodes from routing
rank=439/1536 dataset=stackoverflow_a2q_tw walkers=50000 (21950000..21999999) steps=30 mode=0 sched=single-bucket delta_t=0 policy=0
rank=439 loaded data/1536/stackoverflow_a2q_tw.sub439.txt (|V_local|=1588  t_range=[3946743,239630594])
rank=439 loaded routing data/1536/stackoverflow_a2q_tw.rt439.txt (1011 entries)
rank=439 added 3 boundary-only nodes from routing
rank=442/1536 dataset=stackoverflow_a2q_tw walkers=50000 (22100000..22149999) steps=30 mode=0 sched=single-bucket delta_t=0 policy=0
rank=442 loaded data/1536/stackoverflow_a2q_tw.sub442.txt (|V_local|=1589  t_range=[396990,239511965])
rank=442 loaded routing data/1536/stackoverflow_a2q_tw.rt442.txt (1048 entries)
rank=442 added 1 boundary-only nodes from routing
rank=443/1536 dataset=stackoverflow_a2q_tw walkers=50000 (22150000..22199999) steps=30 mode=0 sched=single-bucket delta_t=0 policy=0
rank=443 loaded data/1536/stackoverflow_a2q_tw.sub443.txt (|V_local|=1586  t_range=[1527394,239626686])
rank=443 loaded routing data/1536/stackoverflow_a2q_tw.rt443.txt (1037 entries)
rank=443 added 5 boundary-only nodes from routing
rank=466/1536 dataset=stackoverflow_a2q_tw walkers=50000 (23300000..23349999) steps=30 mode=0 sched=single-bucket delta_t=0 policy=0
rank=466 loaded data/1536/stackoverflow_a2q_tw.sub466.txt (|V_local|=1589  t_range=[1022896,239416641])
rank=466 loaded routing data/1536/stackoverflow_a2q_tw.rt466.txt (997 entries)
rank=466 added 3 boundary-only nodes from routing
rank=446/1536 dataset=stackoverflow_a2q_tw walkers=50000 (22300000..22349999) steps=30 mode=0 sched=single-bucket delta_t=0 policy=0
rank=446 loaded data/1536/stackoverflow_a2q_tw.sub446.txt (|V_local|=1580  t_range=[2991856,239605268])
rank=446 loaded routing data/1536/stackoverflow_a2q_tw.rt446.txt (1031 entries)
rank=446 added 9 boundary-only nodes from routing
rank=68/1536 dataset=stackoverflow_a2q_tw walkers=50000 (3400000..3449999) steps=30 mode=0 sched=single-bucket delta_t=0 policy=0
rank=68 loaded data/1536/stackoverflow_a2q_tw.sub68.txt (|V_local|=1587  t_range=[4198293,239644303])
rank=68 loaded routing data/1536/stackoverflow_a2q_tw.rt68.txt (1062 entries)
rank=68 added 4 boundary-only nodes from routing
rank=65/1536 dataset=stackoverflow_a2q_tw walkers=50000 (3250000..3299999) steps=30 mode=0 sched=single-bucket delta_t=0 policy=0
rank=65 loaded data/1536/stackoverflow_a2q_tw.sub65.txt (|V_local|=1640  t_range=[6969605,239613219])
rank=65 loaded routing data/1536/stackoverflow_a2q_tw.rt65.txt (1011 entries)
rank=71/1536 dataset=stackoverflow_a2q_tw walkers=50000 (3550000..3599999) steps=30 mode=0 sched=single-bucket delta_t=0 policy=0
rank=71 loaded data/1536/stackoverflow_a2q_tw.sub71.txt (|V_local|=1586  t_range=[18643724,239687663])
rank=71 loaded routing data/1536/stackoverflow_a2q_tw.rt71.txt (1070 entries)
rank=71 added 1 boundary-only nodes from routing
rank=51/1536 dataset=stackoverflow_a2q_tw walkers=50000 (2550000..2599999) steps=30 mode=0 sched=single-bucket delta_t=0 policy=0
rank=51 loaded data/1536/stackoverflow_a2q_tw.sub51.txt (|V_local|=1583  t_range=[6606120,239594909])
rank=51 loaded routing data/1536/stackoverflow_a2q_tw.rt51.txt (1048 entries)
rank=51 added 4 boundary-only nodes from routing
rank=50/1536 dataset=stackoverflow_a2q_tw walkers=50000 (2500000..2549999) steps=30 mode=0 sched=single-bucket delta_t=0 policy=0
rank=50 loaded data/1536/stackoverflow_a2q_tw.sub50.txt (|V_local|=1651  t_range=[670011,239506430])
rank=50 loaded routing data/1536/stackoverflow_a2q_tw.rt50.txt (942 entries)
rank=52/1536 dataset=stackoverflow_a2q_tw walkers=50000 (2600000..2649999) steps=30 mode=0 sched=single-bucket delta_t=0 policy=0
rank=52 loaded data/1536/stackoverflow_a2q_tw.sub52.txt (|V_local|=1650  t_range=[1235217,239678205])
rank=52 loaded routing data/1536/stackoverflow_a2q_tw.rt52.txt (825 entries)
rank=52 added 2 boundary-only nodes from routing
rank=49/1536 dataset=stackoverflow_a2q_tw walkers=50000 (2450000..2499999) steps=30 mode=0 sched=single-bucket delta_t=0 policy=0
rank=49 loaded data/1536/stackoverflow_a2q_tw.sub49.txt (|V_local|=1602  t_range=[2903802,239579123])
rank=49 loaded routing data/1536/stackoverflow_a2q_tw.rt49.txt (915 entries)
rank=49 added 1 boundary-only nodes from routing
rank=60/1536 dataset=stackoverflow_a2q_tw walkers=50000 (3000000..3049999) steps=30 mode=0 sched=single-bucket delta_t=0 policy=0
rank=60 loaded data/1536/stackoverflow_a2q_tw.sub60.txt (|V_local|=1588  t_range=[4189620,239568322])
rank=60 loaded routing data/1536/stackoverflow_a2q_tw.rt60.txt (967 entries)
rank=82/1536 dataset=stackoverflow_a2q_tw walkers=50000 (4100000..4149999) steps=30 mode=0 sched=single-bucket delta_t=0 policy=0
rank=82 loaded data/1536/stackoverflow_a2q_tw.sub82.txt (|V_local|=1648  t_range=[4549377,239697697])
rank=82 loaded routing data/1536/stackoverflow_a2q_tw.rt82.txt (973 entries)
rank=85/1536 dataset=stackoverflow_a2q_tw walkers=50000 (4250000..4299999) steps=30 mode=0 sched=single-bucket delta_t=0 policy=0
rank=85 loaded data/1536/stackoverflow_a2q_tw.sub85.txt (|V_local|=1589  t_range=[33623236,239687645])
rank=85 loaded routing data/1536/stackoverflow_a2q_tw.rt85.txt (1064 entries)
rank=93/1536 dataset=stackoverflow_a2q_tw walkers=50000 (4650000..4699999) steps=30 mode=0 sched=single-bucket delta_t=0 policy=0
rank=93 loaded data/1536/stackoverflow_a2q_tw.sub93.txt (|V_local|=1591  t_range=[1880887,239659339])
rank=93 loaded routing data/1536/stackoverflow_a2q_tw.rt93.txt (1080 entries)
rank=55/1536 dataset=stackoverflow_a2q_tw walkers=50000 (2750000..2799999) steps=30 mode=0 sched=single-bucket delta_t=0 policy=0
rank=55 loaded data/1536/stackoverflow_a2q_tw.sub55.txt (|V_local|=1652  t_range=[4248567,239662789])
rank=55 loaded routing data/1536/stackoverflow_a2q_tw.rt55.txt (593 entries)
rank=56/1536 dataset=stackoverflow_a2q_tw walkers=50000 (2800000..2849999) steps=30 mode=0 sched=single-bucket delta_t=0 policy=0
rank=56 loaded data/1536/stackoverflow_a2q_tw.sub56.txt (|V_local|=1651  t_range=[5233339,239687459])
rank=56 loaded routing data/1536/stackoverflow_a2q_tw.rt56.txt (680 entries)
rank=56 added 1 boundary-only nodes from routing
rank=67/1536 dataset=stackoverflow_a2q_tw walkers=50000 (3350000..3399999) steps=30 mode=0 sched=single-bucket delta_t=0 policy=0
rank=67 loaded data/1536/stackoverflow_a2q_tw.sub67.txt (|V_local|=1650  t_range=[127983,239692601])
rank=67 loaded routing data/1536/stackoverflow_a2q_tw.rt67.txt (897 entries)
rank=89/1536 dataset=stackoverflow_a2q_tw walkers=50000 (4450000..4499999) steps=30 mode=0 sched=single-bucket delta_t=0 policy=0
rank=89 loaded data/1536/stackoverflow_a2q_tw.sub89.txt (|V_local|=1587  t_range=[3368402,239664796])
rank=89 loaded routing data/1536/stackoverflow_a2q_tw.rt89.txt (1054 entries)
rank=87/1536 dataset=stackoverflow_a2q_tw walkers=50000 (4350000..4399999) steps=30 mode=0 sched=single-bucket delta_t=0 policy=0
rank=87 loaded data/1536/stackoverflow_a2q_tw.sub87.txt (|V_local|=1585  t_range=[14476763,239585307])
rank=87 loaded routing data/1536/stackoverflow_a2q_tw.rt87.txt (1102 entries)
rank=87 added 1 boundary-only nodes from routing
rank=75/1536 dataset=stackoverflow_a2q_tw walkers=50000 (3750000..3799999) steps=30 mode=0 sched=single-bucket delta_t=0 policy=0
rank=75 loaded data/1536/stackoverflow_a2q_tw.sub75.txt (|V_local|=1582  t_range=[6369452,239676319])
rank=75 loaded routing data/1536/stackoverflow_a2q_tw.rt75.txt (1106 entries)
rank=75 added 4 boundary-only nodes from routing
rank=53/1536 dataset=stackoverflow_a2q_tw walkers=50000 (2650000..2699999) steps=30 mode=0 sched=single-bucket delta_t=0 policy=0
rank=53 loaded data/1536/stackoverflow_a2q_tw.sub53.txt (|V_local|=1651  t_range=[1281314,239197808])
rank=53 loaded routing data/1536/stackoverflow_a2q_tw.rt53.txt (779 entries)
rank=59/1536 dataset=stackoverflow_a2q_tw walkers=50000 (2950000..2999999) steps=30 mode=0 sched=single-bucket delta_t=0 policy=0
rank=59 loaded data/1536/stackoverflow_a2q_tw.sub59.txt (|V_local|=1591  t_range=[9556990,239362342])
rank=59 loaded routing data/1536/stackoverflow_a2q_tw.rt59.txt (1013 entries)
rank=59 added 9 boundary-only nodes from routing
rank=63/1536 dataset=stackoverflow_a2q_tw walkers=50000 (3150000..3199999) steps=30 mode=0 sched=single-bucket delta_t=0 policy=0
rank=63 loaded data/1536/stackoverflow_a2q_tw.sub63.txt (|V_local|=1588  t_range=[4198237,239601288])
rank=63 loaded routing data/1536/stackoverflow_a2q_tw.rt63.txt (1102 entries)
rank=63 added 1 boundary-only nodes from routing
rank=74/1536 dataset=stackoverflow_a2q_tw walkers=50000 (3700000..3749999) steps=30 mode=0 sched=single-bucket delta_t=0 policy=0
rank=74 loaded data/1536/stackoverflow_a2q_tw.sub74.txt (|V_local|=1590  t_range=[5702417,239680941])
rank=74 loaded routing data/1536/stackoverflow_a2q_tw.rt74.txt (1033 entries)
rank=74 added 2 boundary-only nodes from routing
rank=86/1536 dataset=stackoverflow_a2q_tw walkers=50000 (4300000..4349999) steps=30 mode=0 sched=single-bucket delta_t=0 policy=0
rank=86 loaded data/1536/stackoverflow_a2q_tw.sub86.txt (|V_local|=1592  t_range=[789705,239697438])
rank=86 loaded routing data/1536/stackoverflow_a2q_tw.rt86.txt (1146 entries)
rank=86 added 2 boundary-only nodes from routing
rank=92/1536 dataset=stackoverflow_a2q_tw walkers=50000 (4600000..4649999) steps=30 mode=0 sched=single-bucket delta_t=0 policy=0
rank=92 loaded data/1536/stackoverflow_a2q_tw.sub92.txt (|V_local|=1600  t_range=[20737271,239673974])
rank=92 loaded routing data/1536/stackoverflow_a2q_tw.rt92.txt (1077 entries)
rank=92 added 1 boundary-only nodes from routing
rank=88/1536 dataset=stackoverflow_a2q_tw walkers=50000 (4400000..4449999) steps=30 mode=0 sched=single-bucket delta_t=0 policy=0
rank=88 loaded data/1536/stackoverflow_a2q_tw.sub88.txt (|V_local|=1652  t_range=[39290375,239693583])
rank=88 loaded routing data/1536/stackoverflow_a2q_tw.rt88.txt (1101 entries)
rank=724/1536 dataset=stackoverflow_a2q_tw walkers=50000 (36200000..36249999) steps=30 mode=0 sched=single-bucket delta_t=0 policy=0
rank=724 loaded data/1536/stackoverflow_a2q_tw.sub724.txt (|V_local|=1589  t_range=[2460400,239682840])
rank=724 loaded routing data/1536/stackoverflow_a2q_tw.rt724.txt (925 entries)
rank=724 added 4 boundary-only nodes from routing
rank=725/1536 dataset=stackoverflow_a2q_tw walkers=50000 (36250000..36299999) steps=30 mode=0 sched=single-bucket delta_t=0 policy=0
rank=725 loaded data/1536/stackoverflow_a2q_tw.sub725.txt (|V_local|=1584  t_range=[14835898,239696338])
rank=725 loaded routing data/1536/stackoverflow_a2q_tw.rt725.txt (1023 entries)
rank=725 added 2 boundary-only nodes from routing
rank=744/1536 dataset=stackoverflow_a2q_tw walkers=50000 (37200000..37249999) steps=30 mode=0 sched=single-bucket delta_t=0 policy=0
rank=744 loaded data/1536/stackoverflow_a2q_tw.sub744.txt (|V_local|=1590  t_range=[6957261,239654077])
rank=744 loaded routing data/1536/stackoverflow_a2q_tw.rt744.txt (1061 entries)
rank=744 added 4 boundary-only nodes from routing
rank=737/1536 dataset=stackoverflow_a2q_tw walkers=50000 (36850000..36899999) steps=30 mode=0 sched=single-bucket delta_t=0 policy=0
rank=737 loaded data/1536/stackoverflow_a2q_tw.sub737.txt (|V_local|=1615  t_range=[31789329,239680761])
rank=737 loaded routing data/1536/stackoverflow_a2q_tw.rt737.txt (938 entries)
rank=728/1536 dataset=stackoverflow_a2q_tw walkers=50000 (36400000..36449999) steps=30 mode=0 sched=single-bucket delta_t=0 policy=0
rank=728 loaded data/1536/stackoverflow_a2q_tw.sub728.txt (|V_local|=1590  t_range=[1611617,239487220])
rank=728 loaded routing data/1536/stackoverflow_a2q_tw.rt728.txt (1036 entries)
rank=728 added 1 boundary-only nodes from routing
rank=726/1536 dataset=stackoverflow_a2q_tw walkers=50000 (36300000..36349999) steps=30 mode=0 sched=single-bucket delta_t=0 policy=0
rank=726 loaded data/1536/stackoverflow_a2q_tw.sub726.txt (|V_local|=1591  t_range=[4924294,239576341])
rank=726 loaded routing data/1536/stackoverflow_a2q_tw.rt726.txt (1057 entries)
rank=723/1536 dataset=stackoverflow_a2q_tw walkers=50000 (36150000..36199999) steps=30 mode=0 sched=single-bucket delta_t=0 policy=0
rank=723 loaded data/1536/stackoverflow_a2q_tw.sub723.txt (|V_local|=1594  t_range=[2157734,239687092])
rank=723 loaded routing data/1536/stackoverflow_a2q_tw.rt723.txt (1008 entries)
rank=723 added 3 boundary-only nodes from routing
rank=727/1536 dataset=stackoverflow_a2q_tw walkers=50000 (36350000..36399999) steps=30 mode=0 sched=single-bucket delta_t=0 policy=0
rank=727 loaded data/1536/stackoverflow_a2q_tw.sub727.txt (|V_local|=1601  t_range=[7154290,239676036])
rank=727 loaded routing data/1536/stackoverflow_a2q_tw.rt727.txt (908 entries)
rank=734/1536 dataset=stackoverflow_a2q_tw walkers=50000 (36700000..36749999) steps=30 mode=0 sched=single-bucket delta_t=0 policy=0
rank=734 loaded data/1536/stackoverflow_a2q_tw.sub734.txt (|V_local|=1597  t_range=[4104881,239625853])
rank=734 loaded routing data/1536/stackoverflow_a2q_tw.rt734.txt (1031 entries)
rank=734 added 1 boundary-only nodes from routing
rank=721/1536 dataset=stackoverflow_a2q_tw walkers=50000 (36050000..36099999) steps=30 mode=0 sched=single-bucket delta_t=0 policy=0
rank=721 loaded data/1536/stackoverflow_a2q_tw.sub721.txt (|V_local|=1643  t_range=[7832888,239675198])
rank=721 loaded routing data/1536/stackoverflow_a2q_tw.rt721.txt (929 entries)
rank=738/1536 dataset=stackoverflow_a2q_tw walkers=50000 (36900000..36949999) steps=30 mode=0 sched=single-bucket delta_t=0 policy=0
rank=738 loaded data/1536/stackoverflow_a2q_tw.sub738.txt (|V_local|=1594  t_range=[4327872,239565834])
rank=738 loaded routing data/1536/stackoverflow_a2q_tw.rt738.txt (1071 entries)
rank=722/1536 dataset=stackoverflow_a2q_tw walkers=50000 (36100000..36149999) steps=30 mode=0 sched=single-bucket delta_t=0 policy=0
rank=722 loaded data/1536/stackoverflow_a2q_tw.sub722.txt (|V_local|=1588  t_range=[19854502,239694860])
rank=722 loaded routing data/1536/stackoverflow_a2q_tw.rt722.txt (992 entries)
rank=730/1536 dataset=stackoverflow_a2q_tw walkers=50000 (36500000..36549999) steps=30 mode=0 sched=single-bucket delta_t=0 policy=0
rank=730 loaded data/1536/stackoverflow_a2q_tw.sub730.txt (|V_local|=1585  t_range=[5071984,239657829])
rank=730 loaded routing data/1536/stackoverflow_a2q_tw.rt730.txt (1123 entries)
rank=730 added 2 boundary-only nodes from routing
rank=731/1536 dataset=stackoverflow_a2q_tw walkers=50000 (36550000..36599999) steps=30 mode=0 sched=single-bucket delta_t=0 policy=0
rank=731 loaded data/1536/stackoverflow_a2q_tw.sub731.txt (|V_local|=1588  t_range=[4898626,239581774])
rank=731 loaded routing data/1536/stackoverflow_a2q_tw.rt731.txt (1074 entries)
rank=731 added 3 boundary-only nodes from routing
rank=732/1536 dataset=stackoverflow_a2q_tw walkers=50000 (36600000..36649999) steps=30 mode=0 sched=single-bucket delta_t=0 policy=0
rank=732 loaded data/1536/stackoverflow_a2q_tw.sub732.txt (|V_local|=1591  t_range=[4137589,239684947])
rank=732 loaded routing data/1536/stackoverflow_a2q_tw.rt732.txt (941 entries)
rank=732 added 1 boundary-only nodes from routing
rank=733/1536 dataset=stackoverflow_a2q_tw walkers=50000 (36650000..36699999) steps=30 mode=0 sched=single-bucket delta_t=0 policy=0
rank=733 loaded data/1536/stackoverflow_a2q_tw.sub733.txt (|V_local|=1591  t_range=[918869,239674113])
rank=733 loaded routing data/1536/stackoverflow_a2q_tw.rt733.txt (884 entries)
rank=736/1536 dataset=stackoverflow_a2q_tw walkers=50000 (36800000..36849999) steps=30 mode=0 sched=single-bucket delta_t=0 policy=0
rank=736 loaded data/1536/stackoverflow_a2q_tw.sub736.txt (|V_local|=1650  t_range=[3989969,239691828])
rank=736 loaded routing data/1536/stackoverflow_a2q_tw.rt736.txt (624 entries)
rank=736 added 2 boundary-only nodes from routing
rank=103/1536 dataset=stackoverflow_a2q_tw walkers=50000 (5150000..5199999) steps=30 mode=0 sched=single-bucket delta_t=0 policy=0
rank=103 loaded data/1536/stackoverflow_a2q_tw.sub103.txt (|V_local|=1605  t_range=[11234086,239636950])
rank=103 loaded routing data/1536/stackoverflow_a2q_tw.rt103.txt (868 entries)
rank=123/1536 dataset=stackoverflow_a2q_tw walkers=50000 (6150000..6199999) steps=30 mode=0 sched=single-bucket delta_t=0 policy=0
rank=123 loaded data/1536/stackoverflow_a2q_tw.sub123.txt (|V_local|=1586  t_range=[5996124,239580670])
rank=123 loaded routing data/1536/stackoverflow_a2q_tw.rt123.txt (952 entries)
rank=123 added 3 boundary-only nodes from routing
rank=119/1536 dataset=stackoverflow_a2q_tw walkers=50000 (5950000..5999999) steps=30 mode=0 sched=single-bucket delta_t=0 policy=0
rank=119 loaded data/1536/stackoverflow_a2q_tw.sub119.txt (|V_local|=1581  t_range=[10878560,239676458])
rank=119 loaded routing data/1536/stackoverflow_a2q_tw.rt119.txt (905 entries)
rank=119 added 3 boundary-only nodes from routing
rank=131/1536 dataset=stackoverflow_a2q_tw walkers=50000 (6550000..6599999) steps=30 mode=0 sched=single-bucket delta_t=0 policy=0
rank=131 loaded data/1536/stackoverflow_a2q_tw.sub131.txt (|V_local|=1589  t_range=[3275069,239586380])
rank=131 loaded routing data/1536/stackoverflow_a2q_tw.rt131.txt (969 entries)
rank=131 added 1 boundary-only nodes from routing
rank=105/1536 dataset=stackoverflow_a2q_tw walkers=50000 (5250000..5299999) steps=30 mode=0 sched=single-bucket delta_t=0 policy=0
rank=105 loaded data/1536/stackoverflow_a2q_tw.sub105.txt (|V_local|=1590  t_range=[6975843,239688099])
rank=105 loaded routing data/1536/stackoverflow_a2q_tw.rt105.txt (1005 entries)
rank=106/1536 dataset=stackoverflow_a2q_tw walkers=50000 (5300000..5349999) steps=30 mode=0 sched=single-bucket delta_t=0 policy=0
rank=106 loaded data/1536/stackoverflow_a2q_tw.sub106.txt (|V_local|=1594  t_range=[11288840,239643878])
rank=106 loaded routing data/1536/stackoverflow_a2q_tw.rt106.txt (966 entries)
rank=142/1536 dataset=stackoverflow_a2q_tw walkers=50000 (7100000..7149999) steps=30 mode=0 sched=single-bucket delta_t=0 policy=0
rank=142 loaded data/1536/stackoverflow_a2q_tw.sub142.txt (|V_local|=1650  t_range=[2504524,239658764])
rank=142 loaded routing data/1536/stackoverflow_a2q_tw.rt142.txt (837 entries)
rank=129/1536 dataset=stackoverflow_a2q_tw walkers=50000 (6450000..6499999) steps=30 mode=0 sched=single-bucket delta_t=0 policy=0
rank=129 loaded data/1536/stackoverflow_a2q_tw.sub129.txt (|V_local|=1592  t_range=[13141659,239457757])
rank=129 loaded routing data/1536/stackoverflow_a2q_tw.rt129.txt (1019 entries)
rank=129 added 1 boundary-only nodes from routing
rank=117/1536 dataset=stackoverflow_a2q_tw walkers=50000 (5850000..5899999) steps=30 mode=0 sched=single-bucket delta_t=0 policy=0
rank=117 loaded data/1536/stackoverflow_a2q_tw.sub117.txt (|V_local|=1588  t_range=[2996462,239645310])
rank=117 loaded routing data/1536/stackoverflow_a2q_tw.rt117.txt (1050 entries)
rank=125/1536 dataset=stackoverflow_a2q_tw walkers=50000 (6250000..6299999) steps=30 mode=0 sched=single-bucket delta_t=0 policy=0
rank=125 loaded data/1536/stackoverflow_a2q_tw.sub125.txt (|V_local|=1652  t_range=[5933599,239690037])
rank=125 loaded routing data/1536/stackoverflow_a2q_tw.rt125.txt (446 entries)
rank=109/1536 dataset=stackoverflow_a2q_tw walkers=50000 (5450000..5499999) steps=30 mode=0 sched=single-bucket delta_t=0 policy=0
rank=109 loaded data/1536/stackoverflow_a2q_tw.sub109.txt (|V_local|=1650  t_range=[20320264,239648095])
rank=109 loaded routing data/1536/stackoverflow_a2q_tw.rt109.txt (906 entries)
rank=111/1536 dataset=stackoverflow_a2q_tw walkers=50000 (5550000..5599999) steps=30 mode=0 sched=single-bucket delta_t=0 policy=0
rank=111 loaded data/1536/stackoverflow_a2q_tw.sub111.txt (|V_local|=1591  t_range=[4828565,239668607])
rank=111 loaded routing data/1536/stackoverflow_a2q_tw.rt111.txt (1089 entries)
rank=111 added 1 boundary-only nodes from routing
rank=140/1536 dataset=stackoverflow_a2q_tw walkers=50000 (7000000..7049999) steps=30 mode=0 sched=single-bucket delta_t=0 policy=0
rank=140 loaded data/1536/stackoverflow_a2q_tw.sub140.txt (|V_local|=1643  t_range=[3936460,239681181])
rank=140 loaded routing data/1536/stackoverflow_a2q_tw.rt140.txt (814 entries)
rank=113/1536 dataset=stackoverflow_a2q_tw walkers=50000 (5650000..5699999) steps=30 mode=0 sched=single-bucket delta_t=0 policy=0
rank=113 loaded data/1536/stackoverflow_a2q_tw.sub113.txt (|V_local|=1592  t_range=[6973473,239567550])
rank=113 loaded routing data/1536/stackoverflow_a2q_tw.rt113.txt (990 entries)
rank=128/1536 dataset=stackoverflow_a2q_tw walkers=50000 (6400000..6449999) steps=30 mode=0 sched=single-bucket delta_t=0 policy=0
rank=128 loaded data/1536/stackoverflow_a2q_tw.sub128.txt (|V_local|=1651  t_range=[3582885,239686153])
rank=128 loaded routing data/1536/stackoverflow_a2q_tw.rt128.txt (739 entries)
rank=128 added 1 boundary-only nodes from routing
rank=139/1536 dataset=stackoverflow_a2q_tw walkers=50000 (6950000..6999999) steps=30 mode=0 sched=single-bucket delta_t=0 policy=0
rank=139 loaded data/1536/stackoverflow_a2q_tw.sub139.txt (|V_local|=1586  t_range=[9138668,239695733])
rank=139 loaded routing data/1536/stackoverflow_a2q_tw.rt139.txt (949 entries)
rank=139 added 2 boundary-only nodes from routing
rank=116/1536 dataset=stackoverflow_a2q_tw walkers=50000 (5800000..5849999) steps=30 mode=0 sched=single-bucket delta_t=0 policy=0
rank=116 loaded data/1536/stackoverflow_a2q_tw.sub116.txt (|V_local|=1651  t_range=[5764093,239619581])
rank=116 loaded routing data/1536/stackoverflow_a2q_tw.rt116.txt (882 entries)
rank=122/1536 dataset=stackoverflow_a2q_tw walkers=50000 (6100000..6149999) steps=30 mode=0 sched=single-bucket delta_t=0 policy=0
rank=122 loaded data/1536/stackoverflow_a2q_tw.sub122.txt (|V_local|=1651  t_range=[2418204,239539529])
rank=122 loaded routing data/1536/stackoverflow_a2q_tw.rt122.txt (361 entries)
rank=122 added 1 boundary-only nodes from routing
rank=130/1536 dataset=stackoverflow_a2q_tw walkers=50000 (6500000..6549999) steps=30 mode=0 sched=single-bucket delta_t=0 policy=0
rank=130 loaded data/1536/stackoverflow_a2q_tw.sub130.txt (|V_local|=1584  t_range=[10757441,239557064])
rank=130 loaded routing data/1536/stackoverflow_a2q_tw.rt130.txt (957 entries)
rank=130 added 2 boundary-only nodes from routing
rank=121/1536 dataset=stackoverflow_a2q_tw walkers=50000 (6050000..6099999) steps=30 mode=0 sched=single-bucket delta_t=0 policy=0
rank=121 loaded data/1536/stackoverflow_a2q_tw.sub121.txt (|V_local|=1651  t_range=[4069480,239385345])
rank=121 loaded routing data/1536/stackoverflow_a2q_tw.rt121.txt (855 entries)
rank=124/1536 dataset=stackoverflow_a2q_tw walkers=50000 (6200000..6249999) steps=30 mode=0 sched=single-bucket delta_t=0 policy=0
rank=124 loaded data/1536/stackoverflow_a2q_tw.sub124.txt (|V_local|=1649  t_range=[4122739,239687059])
rank=124 loaded routing data/1536/stackoverflow_a2q_tw.rt124.txt (780 entries)
rank=124 added 3 boundary-only nodes from routing
rank=110/1536 dataset=stackoverflow_a2q_tw walkers=50000 (5500000..5549999) steps=30 mode=0 sched=single-bucket delta_t=0 policy=0
rank=110 loaded data/1536/stackoverflow_a2q_tw.sub110.txt (|V_local|=1648  t_range=[4145353,239685985])
rank=110 loaded routing data/1536/stackoverflow_a2q_tw.rt110.txt (1007 entries)
rank=110 added 2 boundary-only nodes from routing
rank=134/1536 dataset=stackoverflow_a2q_tw walkers=50000 (6700000..6749999) steps=30 mode=0 sched=single-bucket delta_t=0 policy=0
rank=134 loaded data/1536/stackoverflow_a2q_tw.sub134.txt (|V_local|=1649  t_range=[4716376,239192447])
rank=134 loaded routing data/1536/stackoverflow_a2q_tw.rt134.txt (879 entries)
rank=112/1536 dataset=stackoverflow_a2q_tw walkers=50000 (5600000..5649999) steps=30 mode=0 sched=single-bucket delta_t=0 policy=0
rank=112 loaded data/1536/stackoverflow_a2q_tw.sub112.txt (|V_local|=1651  t_range=[36648239,239553547])
rank=112 loaded routing data/1536/stackoverflow_a2q_tw.rt112.txt (744 entries)
rank=205/1536 dataset=stackoverflow_a2q_tw walkers=50000 (10250000..10299999) steps=30 mode=0 sched=single-bucket delta_t=0 policy=0
rank=205 loaded data/1536/stackoverflow_a2q_tw.sub205.txt (|V_local|=1588  t_range=[3559955,239656530])
rank=205 loaded routing data/1536/stackoverflow_a2q_tw.rt205.txt (1031 entries)
rank=196/1536 dataset=stackoverflow_a2q_tw walkers=50000 (9800000..9849999) steps=30 mode=0 sched=single-bucket delta_t=0 policy=0
rank=196 loaded data/1536/stackoverflow_a2q_tw.sub196.txt (|V_local|=1594  t_range=[3955293,239687446])
rank=196 loaded routing data/1536/stackoverflow_a2q_tw.rt196.txt (1080 entries)
rank=196 added 1 boundary-only nodes from routing
rank=197/1536 dataset=stackoverflow_a2q_tw walkers=50000 (9850000..9899999) steps=30 mode=0 sched=single-bucket delta_t=0 policy=0
rank=197 loaded data/1536/stackoverflow_a2q_tw.sub197.txt (|V_local|=1591  t_range=[47034837,239692780])
rank=197 loaded routing data/1536/stackoverflow_a2q_tw.rt197.txt (1056 entries)
rank=197 added 1 boundary-only nodes from routing
rank=207/1536 dataset=stackoverflow_a2q_tw walkers=50000 (10350000..10399999) steps=30 mode=0 sched=single-bucket delta_t=0 policy=0
rank=207 loaded data/1536/stackoverflow_a2q_tw.sub207.txt (|V_local|=1586  t_range=[7005793,239674206])
rank=207 loaded routing data/1536/stackoverflow_a2q_tw.rt207.txt (1096 entries)
rank=207 added 1 boundary-only nodes from routing
rank=228/1536 dataset=stackoverflow_a2q_tw walkers=50000 (11400000..11449999) steps=30 mode=0 sched=single-bucket delta_t=0 policy=0
rank=228 loaded data/1536/stackoverflow_a2q_tw.sub228.txt (|V_local|=1594  t_range=[13070047,239447647])
rank=228 loaded routing data/1536/stackoverflow_a2q_tw.rt228.txt (992 entries)
rank=228 added 1 boundary-only nodes from routing
rank=199/1536 dataset=stackoverflow_a2q_tw walkers=50000 (9950000..9999999) steps=30 mode=0 sched=single-bucket delta_t=0 policy=0
rank=199 loaded data/1536/stackoverflow_a2q_tw.sub199.txt (|V_local|=1650  t_range=[42245359,239670892])
rank=199 loaded routing data/1536/stackoverflow_a2q_tw.rt199.txt (761 entries)
rank=193/1536 dataset=stackoverflow_a2q_tw walkers=50000 (9650000..9699999) steps=30 mode=0 sched=single-bucket delta_t=0 policy=0
rank=193 loaded data/1536/stackoverflow_a2q_tw.sub193.txt (|V_local|=1650  t_range=[6639054,239661607])
rank=193 loaded routing data/1536/stackoverflow_a2q_tw.rt193.txt (697 entries)
rank=195/1536 dataset=stackoverflow_a2q_tw walkers=50000 (9750000..9799999) steps=30 mode=0 sched=single-bucket delta_t=0 policy=0
rank=195 loaded data/1536/stackoverflow_a2q_tw.sub195.txt (|V_local|=1589  t_range=[6570181,239697444])
rank=195 loaded routing data/1536/stackoverflow_a2q_tw.rt195.txt (911 entries)
rank=200/1536 dataset=stackoverflow_a2q_tw walkers=50000 (10000000..10049999) steps=30 mode=0 sched=single-bucket delta_t=0 policy=0
rank=200 loaded data/1536/stackoverflow_a2q_tw.sub200.txt (|V_local|=1585  t_range=[10092457,239688814])
rank=200 loaded routing data/1536/stackoverflow_a2q_tw.rt200.txt (1059 entries)
rank=200 added 1 boundary-only nodes from routing
rank=231/1536 dataset=stackoverflow_a2q_tw walkers=50000 (11550000..11599999) steps=30 mode=0 sched=single-bucket delta_t=0 policy=0
rank=231 loaded data/1536/stackoverflow_a2q_tw.sub231.txt (|V_local|=1594  t_range=[7707811,239654990])
rank=231 loaded routing data/1536/stackoverflow_a2q_tw.rt231.txt (1121 entries)
rank=198/1536 dataset=stackoverflow_a2q_tw walkers=50000 (9900000..9949999) steps=30 mode=0 sched=single-bucket delta_t=0 policy=0
rank=198 loaded data/1536/stackoverflow_a2q_tw.sub198.txt (|V_local|=1591  t_range=[7054367,239609257])
rank=198 loaded routing data/1536/stackoverflow_a2q_tw.rt198.txt (1101 entries)
rank=194/1536 dataset=stackoverflow_a2q_tw walkers=50000 (9700000..9749999) steps=30 mode=0 sched=single-bucket delta_t=0 policy=0
rank=194 loaded data/1536/stackoverflow_a2q_tw.sub194.txt (|V_local|=1590  t_range=[11535236,239693569])
rank=194 loaded routing data/1536/stackoverflow_a2q_tw.rt194.txt (1042 entries)
rank=194 added 1 boundary-only nodes from routing
rank=201/1536 dataset=stackoverflow_a2q_tw walkers=50000 (10050000..10099999) steps=30 mode=0 sched=single-bucket delta_t=0 policy=0
rank=201 loaded data/1536/stackoverflow_a2q_tw.sub201.txt (|V_local|=1593  t_range=[3638494,239632288])
rank=201 loaded routing data/1536/stackoverflow_a2q_tw.rt201.txt (1032 entries)
rank=213/1536 dataset=stackoverflow_a2q_tw walkers=50000 (10650000..10699999) steps=30 mode=0 sched=single-bucket delta_t=0 policy=0
rank=213 loaded data/1536/stackoverflow_a2q_tw.sub213.txt (|V_local|=1589  t_range=[17220294,239634158])
rank=213 loaded routing data/1536/stackoverflow_a2q_tw.rt213.txt (1103 entries)
rank=225/1536 dataset=stackoverflow_a2q_tw walkers=50000 (11250000..11299999) steps=30 mode=0 sched=single-bucket delta_t=0 policy=0
rank=225 loaded data/1536/stackoverflow_a2q_tw.sub225.txt (|V_local|=1587  t_range=[27556812,239663636])
rank=225 loaded routing data/1536/stackoverflow_a2q_tw.rt225.txt (1117 entries)
rank=225 added 1 boundary-only nodes from routing
rank=202/1536 dataset=stackoverflow_a2q_tw walkers=50000 (10100000..10149999) steps=30 mode=0 sched=single-bucket delta_t=0 policy=0
rank=202 loaded data/1536/stackoverflow_a2q_tw.sub202.txt (|V_local|=1588  t_range=[3435434,239671145])
rank=202 loaded routing data/1536/stackoverflow_a2q_tw.rt202.txt (1008 entries)
rank=203/1536 dataset=stackoverflow_a2q_tw walkers=50000 (10150000..10199999) steps=30 mode=0 sched=single-bucket delta_t=0 policy=0
rank=203 loaded data/1536/stackoverflow_a2q_tw.sub203.txt (|V_local|=1592  t_range=[6462210,239694521])
rank=203 loaded routing data/1536/stackoverflow_a2q_tw.rt203.txt (986 entries)
rank=203 added 2 boundary-only nodes from routing
rank=8/1536 dataset=stackoverflow_a2q_tw walkers=50000 (400000..449999) steps=30 mode=0 sched=single-bucket delta_t=0 policy=0
rank=8 loaded data/1536/stackoverflow_a2q_tw.sub8.txt (|V_local|=1598  t_range=[20538566,239659328])
rank=8 loaded routing data/1536/stackoverflow_a2q_tw.rt8.txt (866 entries)
rank=8 added 1 boundary-only nodes from routing
rank=22/1536 dataset=stackoverflow_a2q_tw walkers=50000 (1100000..1149999) steps=30 mode=0 sched=single-bucket delta_t=0 policy=0
rank=22 loaded data/1536/stackoverflow_a2q_tw.sub22.txt (|V_local|=1648  t_range=[30881738,239666588])
rank=22 loaded routing data/1536/stackoverflow_a2q_tw.rt22.txt (837 entries)
rank=22 added 3 boundary-only nodes from routing
rank=2/1536 dataset=stackoverflow_a2q_tw walkers=50000 (100000..149999) steps=30 mode=0 sched=single-bucket delta_t=0 policy=0
rank=2 loaded data/1536/stackoverflow_a2q_tw.sub2.txt (|V_local|=1581  t_range=[3941746,239573168])
rank=2 loaded routing data/1536/stackoverflow_a2q_tw.rt2.txt (1020 entries)
rank=2 added 1 boundary-only nodes from routing
rank=4/1536 dataset=stackoverflow_a2q_tw walkers=50000 (200000..249999) steps=30 mode=0 sched=single-bucket delta_t=0 policy=0
rank=4 loaded data/1536/stackoverflow_a2q_tw.sub4.txt (|V_local|=1588  t_range=[4804667,239644451])
rank=4 loaded routing data/1536/stackoverflow_a2q_tw.rt4.txt (920 entries)
rank=4 added 1 boundary-only nodes from routing
rank=5/1536 dataset=stackoverflow_a2q_tw walkers=50000 (250000..299999) steps=30 mode=0 sched=single-bucket delta_t=0 policy=0
rank=5 loaded data/1536/stackoverflow_a2q_tw.sub5.txt (|V_local|=1582  t_range=[2768631,239671342])
rank=5 loaded routing data/1536/stackoverflow_a2q_tw.rt5.txt (982 entries)
rank=5 added 1 boundary-only nodes from routing
rank=6/1536 dataset=stackoverflow_a2q_tw walkers=50000 (300000..349999) steps=30 mode=0 sched=single-bucket delta_t=0 policy=0
rank=6 loaded data/1536/stackoverflow_a2q_tw.sub6.txt (|V_local|=1583  t_range=[4008702,239387916])
rank=6 loaded routing data/1536/stackoverflow_a2q_tw.rt6.txt (928 entries)
rank=6 added 1 boundary-only nodes from routing
rank=7/1536 dataset=stackoverflow_a2q_tw walkers=50000 (350000..399999) steps=30 mode=0 sched=single-bucket delta_t=0 policy=0
rank=7 loaded data/1536/stackoverflow_a2q_tw.sub7.txt (|V_local|=1584  t_range=[7867841,239288162])
rank=7 loaded routing data/1536/stackoverflow_a2q_tw.rt7.txt (1081 entries)
rank=7 added 4 boundary-only nodes from routing
rank=1/1536 dataset=stackoverflow_a2q_tw walkers=50000 (50000..99999) steps=30 mode=0 sched=single-bucket delta_t=0 policy=0
rank=1 loaded data/1536/stackoverflow_a2q_tw.sub1.txt (|V_local|=1588  t_range=[25666271,239571671])
rank=1 loaded routing data/1536/stackoverflow_a2q_tw.rt1.txt (1050 entries)
rank=1 added 2 boundary-only nodes from routing
rank=24/1536 dataset=stackoverflow_a2q_tw walkers=50000 (1200000..1249999) steps=30 mode=0 sched=single-bucket delta_t=0 policy=0
rank=24 loaded data/1536/stackoverflow_a2q_tw.sub24.txt (|V_local|=1592  t_range=[21283876,239663071])
rank=24 loaded routing data/1536/stackoverflow_a2q_tw.rt24.txt (1042 entries)
rank=3/1536 dataset=stackoverflow_a2q_tw walkers=50000 (150000..199999) steps=30 mode=0 sched=single-bucket delta_t=0 policy=0
rank=3 loaded data/1536/stackoverflow_a2q_tw.sub3.txt (|V_local|=1583  t_range=[4098953,239566994])
rank=3 loaded routing data/1536/stackoverflow_a2q_tw.rt3.txt (1058 entries)
rank=25/1536 dataset=stackoverflow_a2q_tw walkers=50000 (1250000..1299999) steps=30 mode=0 sched=single-bucket delta_t=0 policy=0
rank=25 loaded data/1536/stackoverflow_a2q_tw.sub25.txt (|V_local|=1596  t_range=[4307919,239695858])
rank=25 loaded routing data/1536/stackoverflow_a2q_tw.rt25.txt (1006 entries)
rank=28/1536 dataset=stackoverflow_a2q_tw walkers=50000 (1400000..1449999) steps=30 mode=0 sched=single-bucket delta_t=0 policy=0
rank=28 loaded data/1536/stackoverflow_a2q_tw.sub28.txt (|V_local|=1585  t_range=[5583447,239684693])
rank=28 loaded routing data/1536/stackoverflow_a2q_tw.rt28.txt (950 entries)
rank=28 added 4 boundary-only nodes from routing
rank=9/1536 dataset=stackoverflow_a2q_tw walkers=50000 (450000..499999) steps=30 mode=0 sched=single-bucket delta_t=0 policy=0
rank=9 loaded data/1536/stackoverflow_a2q_tw.sub9.txt (|V_local|=1591  t_range=[13722903,239669732])
rank=9 loaded routing data/1536/stackoverflow_a2q_tw.rt9.txt (1084 entries)
rank=9 added 1 boundary-only nodes from routing
rank=344/1536 dataset=stackoverflow_a2q_tw walkers=50000 (17200000..17249999) steps=30 mode=0 sched=single-bucket delta_t=0 policy=0
rank=344 loaded data/1536/stackoverflow_a2q_tw.sub344.txt (|V_local|=1589  t_range=[5970497,239682775])
rank=344 loaded routing data/1536/stackoverflow_a2q_tw.rt344.txt (1103 entries)
rank=344 added 1 boundary-only nodes from routing
rank=338/1536 dataset=stackoverflow_a2q_tw walkers=50000 (16900000..16949999) steps=30 mode=0 sched=single-bucket delta_t=0 policy=0
rank=338 loaded data/1536/stackoverflow_a2q_tw.sub338.txt (|V_local|=1652  t_range=[39204859,239671711])
rank=338 loaded routing data/1536/stackoverflow_a2q_tw.rt338.txt (1004 entries)
rank=346/1536 dataset=stackoverflow_a2q_tw walkers=50000 (17300000..17349999) steps=30 mode=0 sched=single-bucket delta_t=0 policy=0
rank=346 loaded data/1536/stackoverflow_a2q_tw.sub346.txt (|V_local|=1588  t_range=[31691201,239694109])
rank=346 loaded routing data/1536/stackoverflow_a2q_tw.rt346.txt (1055 entries)
rank=346 added 1 boundary-only nodes from routing
rank=336/1536 dataset=stackoverflow_a2q_tw walkers=50000 (16800000..16849999) steps=30 mode=0 sched=single-bucket delta_t=0 policy=0
rank=336 loaded data/1536/stackoverflow_a2q_tw.sub336.txt (|V_local|=1596  t_range=[28748789,239662725])
rank=336 loaded routing data/1536/stackoverflow_a2q_tw.rt336.txt (1049 entries)
rank=336 added 1 boundary-only nodes from routing
rank=379/1536 dataset=stackoverflow_a2q_tw walkers=50000 (18950000..18999999) steps=30 mode=0 sched=single-bucket delta_t=0 policy=0
rank=379 loaded data/1536/stackoverflow_a2q_tw.sub379.txt (|V_local|=1596  t_range=[5539165,239682235])
rank=379 loaded routing data/1536/stackoverflow_a2q_tw.rt379.txt (1102 entries)
rank=381/1536 dataset=stackoverflow_a2q_tw walkers=50000 (19050000..19099999) steps=30 mode=0 sched=single-bucket delta_t=0 policy=0
rank=381 loaded data/1536/stackoverflow_a2q_tw.sub381.txt (|V_local|=1594  t_range=[9769746,239689164])
rank=381 loaded routing data/1536/stackoverflow_a2q_tw.rt381.txt (1073 entries)
rank=339/1536 dataset=stackoverflow_a2q_tw walkers=50000 (16950000..16999999) steps=30 mode=0 sched=single-bucket delta_t=0 policy=0
rank=339 loaded data/1536/stackoverflow_a2q_tw.sub339.txt (|V_local|=1594  t_range=[45727556,239657386])
rank=339 loaded routing data/1536/stackoverflow_a2q_tw.rt339.txt (1050 entries)
rank=340/1536 dataset=stackoverflow_a2q_tw walkers=50000 (17000000..17049999) steps=30 mode=0 sched=single-bucket delta_t=0 policy=0
rank=340 loaded data/1536/stackoverflow_a2q_tw.sub340.txt (|V_local|=1590  t_range=[13558935,239653683])
rank=340 loaded routing data/1536/stackoverflow_a2q_tw.rt340.txt (1095 entries)
rank=340 added 1 boundary-only nodes from routing
rank=343/1536 dataset=stackoverflow_a2q_tw walkers=50000 (17150000..17199999) steps=30 mode=0 sched=single-bucket delta_t=0 policy=0
rank=343 loaded data/1536/stackoverflow_a2q_tw.sub343.txt (|V_local|=1590  t_range=[6516877,239680429])
rank=343 loaded routing data/1536/stackoverflow_a2q_tw.rt343.txt (1094 entries)
rank=380/1536 dataset=stackoverflow_a2q_tw walkers=50000 (19000000..19049999) steps=30 mode=0 sched=single-bucket delta_t=0 policy=0
rank=380 loaded data/1536/stackoverflow_a2q_tw.sub380.txt (|V_local|=1589  t_range=[27090265,239690817])
rank=380 loaded routing data/1536/stackoverflow_a2q_tw.rt380.txt (1100 entries)
rank=380 added 2 boundary-only nodes from routing
rank=364/1536 dataset=stackoverflow_a2q_tw walkers=50000 (18200000..18249999) steps=30 mode=0 sched=single-bucket delta_t=0 policy=0
rank=364 loaded data/1536/stackoverflow_a2q_tw.sub364.txt (|V_local|=1583  t_range=[53259547,239668490])
rank=364 loaded routing data/1536/stackoverflow_a2q_tw.rt364.txt (1131 entries)
rank=364 added 2 boundary-only nodes from routing
rank=383/1536 dataset=stackoverflow_a2q_tw walkers=50000 (19150000..19199999) steps=30 mode=0 sched=single-bucket delta_t=0 policy=0
rank=383 loaded data/1536/stackoverflow_a2q_tw.sub383.txt (|V_local|=1608  t_range=[41693814,239673830])
rank=383 loaded routing data/1536/stackoverflow_a2q_tw.rt383.txt (1001 entries)
rank=367/1536 dataset=stackoverflow_a2q_tw walkers=50000 (18350000..18399999) steps=30 mode=0 sched=single-bucket delta_t=0 policy=0
rank=367 loaded data/1536/stackoverflow_a2q_tw.sub367.txt (|V_local|=1591  t_range=[19667297,239683293])
rank=367 loaded routing data/1536/stackoverflow_a2q_tw.rt367.txt (998 entries)
rank=361/1536 dataset=stackoverflow_a2q_tw walkers=50000 (18050000..18099999) steps=30 mode=0 sched=single-bucket delta_t=0 policy=0
rank=361 loaded data/1536/stackoverflow_a2q_tw.sub361.txt (|V_local|=1599  t_range=[68475350,239691948])
rank=361 loaded routing data/1536/stackoverflow_a2q_tw.rt361.txt (1082 entries)
rank=373/1536 dataset=stackoverflow_a2q_tw walkers=50000 (18650000..18699999) steps=30 mode=0 sched=single-bucket delta_t=0 policy=0
rank=373 loaded data/1536/stackoverflow_a2q_tw.sub373.txt (|V_local|=1592  t_range=[41033895,239646976])
rank=373 loaded routing data/1536/stackoverflow_a2q_tw.rt373.txt (933 entries)
rank=366/1536 dataset=stackoverflow_a2q_tw walkers=50000 (18300000..18349999) steps=30 mode=0 sched=single-bucket delta_t=0 policy=0
rank=366 loaded data/1536/stackoverflow_a2q_tw.sub366.txt (|V_local|=1591  t_range=[7246496,239662326])
rank=366 loaded routing data/1536/stackoverflow_a2q_tw.rt366.txt (1041 entries)
rank=345/1536 dataset=stackoverflow_a2q_tw walkers=50000 (17250000..17299999) steps=30 mode=0 sched=single-bucket delta_t=0 policy=0
rank=345 loaded data/1536/stackoverflow_a2q_tw.sub345.txt (|V_local|=1589  t_range=[12652520,239614551])
rank=345 loaded routing data/1536/stackoverflow_a2q_tw.rt345.txt (1125 entries)
rank=345 added 2 boundary-only nodes from routing
rank=348/1536 dataset=stackoverflow_a2q_tw walkers=50000 (17400000..17449999) steps=30 mode=0 sched=single-bucket delta_t=0 policy=0
rank=348 loaded data/1536/stackoverflow_a2q_tw.sub348.txt (|V_local|=1589  t_range=[8098747,239697890])
rank=348 loaded routing data/1536/stackoverflow_a2q_tw.rt348.txt (1133 entries)
rank=348 added 1 boundary-only nodes from routing
rank=360/1536 dataset=stackoverflow_a2q_tw walkers=50000 (18000000..18049999) steps=30 mode=0 sched=single-bucket delta_t=0 policy=0
rank=360 loaded data/1536/stackoverflow_a2q_tw.sub360.txt (|V_local|=1586  t_range=[3092203,239626148])
rank=360 loaded routing data/1536/stackoverflow_a2q_tw.rt360.txt (1056 entries)
rank=360 added 4 boundary-only nodes from routing
rank=188/1536 dataset=stackoverflow_a2q_tw walkers=50000 (9400000..9449999) steps=30 mode=0 sched=single-bucket delta_t=0 policy=0
rank=188 loaded data/1536/stackoverflow_a2q_tw.sub188.txt (|V_local|=1644  t_range=[46660689,239542858])
rank=188 loaded routing data/1536/stackoverflow_a2q_tw.rt188.txt (1005 entries)
rank=151/1536 dataset=stackoverflow_a2q_tw walkers=50000 (7550000..7599999) steps=30 mode=0 sched=single-bucket delta_t=0 policy=0
rank=151 loaded data/1536/stackoverflow_a2q_tw.sub151.txt (|V_local|=1584  t_range=[4053155,239482013])
rank=151 loaded routing data/1536/stackoverflow_a2q_tw.rt151.txt (1024 entries)
rank=151 added 1 boundary-only nodes from routing
rank=164/1536 dataset=stackoverflow_a2q_tw walkers=50000 (8200000..8249999) steps=30 mode=0 sched=single-bucket delta_t=0 policy=0
rank=164 loaded data/1536/stackoverflow_a2q_tw.sub164.txt (|V_local|=1590  t_range=[6451186,239659559])
rank=164 loaded routing data/1536/stackoverflow_a2q_tw.rt164.txt (1063 entries)
rank=164 added 4 boundary-only nodes from routing
rank=176/1536 dataset=stackoverflow_a2q_tw walkers=50000 (8800000..8849999) steps=30 mode=0 sched=single-bucket delta_t=0 policy=0
rank=176 loaded data/1536/stackoverflow_a2q_tw.sub176.txt (|V_local|=1590  t_range=[18145241,239644694])
rank=176 loaded routing data/1536/stackoverflow_a2q_tw.rt176.txt (1039 entries)
rank=157/1536 dataset=stackoverflow_a2q_tw walkers=50000 (7850000..7899999) steps=30 mode=0 sched=single-bucket delta_t=0 policy=0
rank=157 loaded data/1536/stackoverflow_a2q_tw.sub157.txt (|V_local|=1587  t_range=[14259146,239651480])
rank=157 loaded routing data/1536/stackoverflow_a2q_tw.rt157.txt (1021 entries)
rank=145/1536 dataset=stackoverflow_a2q_tw walkers=50000 (7250000..7299999) steps=30 mode=0 sched=single-bucket delta_t=0 policy=0
rank=145 loaded data/1536/stackoverflow_a2q_tw.sub145.txt (|V_local|=1590  t_range=[15905289,239647448])
rank=145 loaded routing data/1536/stackoverflow_a2q_tw.rt145.txt (1020 entries)
rank=145 added 1 boundary-only nodes from routing
rank=146/1536 dataset=stackoverflow_a2q_tw walkers=50000 (7300000..7349999) steps=30 mode=0 sched=single-bucket delta_t=0 policy=0
rank=146 loaded data/1536/stackoverflow_a2q_tw.sub146.txt (|V_local|=1595  t_range=[4086286,239608731])
rank=146 loaded routing data/1536/stackoverflow_a2q_tw.rt146.txt (1013 entries)
rank=158/1536 dataset=stackoverflow_a2q_tw walkers=50000 (7900000..7949999) steps=30 mode=0 sched=single-bucket delta_t=0 policy=0
rank=158 loaded data/1536/stackoverflow_a2q_tw.sub158.txt (|V_local|=1591  t_range=[6106009,239588361])
rank=158 loaded routing data/1536/stackoverflow_a2q_tw.rt158.txt (1030 entries)
rank=166/1536 dataset=stackoverflow_a2q_tw walkers=50000 (8300000..8349999) steps=30 mode=0 sched=single-bucket delta_t=0 policy=0
rank=166 loaded data/1536/stackoverflow_a2q_tw.sub166.txt (|V_local|=1651  t_range=[10604788,239675892])
rank=166 loaded routing data/1536/stackoverflow_a2q_tw.rt166.txt (936 entries)
rank=166 added 1 boundary-only nodes from routing
rank=189/1536 dataset=stackoverflow_a2q_tw walkers=50000 (9450000..9499999) steps=30 mode=0 sched=single-bucket delta_t=0 policy=0
rank=189 loaded data/1536/stackoverflow_a2q_tw.sub189.txt (|V_local|=1584  t_range=[4062309,239694025])
rank=189 loaded routing data/1536/stackoverflow_a2q_tw.rt189.txt (1066 entries)
rank=189 added 2 boundary-only nodes from routing
rank=148/1536 dataset=stackoverflow_a2q_tw walkers=50000 (7400000..7449999) steps=30 mode=0 sched=single-bucket delta_t=0 policy=0
rank=148 loaded data/1536/stackoverflow_a2q_tw.sub148.txt (|V_local|=1652  t_range=[24040499,239672343])
rank=148 loaded routing data/1536/stackoverflow_a2q_tw.rt148.txt (890 entries)
rank=149/1536 dataset=stackoverflow_a2q_tw walkers=50000 (7450000..7499999) steps=30 mode=0 sched=single-bucket delta_t=0 policy=0
rank=149 loaded data/1536/stackoverflow_a2q_tw.sub149.txt (|V_local|=1652  t_range=[14936121,239578224])
rank=149 loaded routing data/1536/stackoverflow_a2q_tw.rt149.txt (791 entries)
rank=179/1536 dataset=stackoverflow_a2q_tw walkers=50000 (8950000..8999999) steps=30 mode=0 sched=single-bucket delta_t=0 policy=0
rank=179 loaded data/1536/stackoverflow_a2q_tw.sub179.txt (|V_local|=1593  t_range=[3470658,239651179])
rank=179 loaded routing data/1536/stackoverflow_a2q_tw.rt179.txt (1091 entries)
rank=179 added 1 boundary-only nodes from routing
rank=153/1536 dataset=stackoverflow_a2q_tw walkers=50000 (7650000..7699999) steps=30 mode=0 sched=single-bucket delta_t=0 policy=0
rank=153 loaded data/1536/stackoverflow_a2q_tw.sub153.txt (|V_local|=1585  t_range=[4619637,239552708])
rank=153 loaded routing data/1536/stackoverflow_a2q_tw.rt153.txt (1090 entries)
rank=153 added 6 boundary-only nodes from routing
rank=156/1536 dataset=stackoverflow_a2q_tw walkers=50000 (7800000..7849999) steps=30 mode=0 sched=single-bucket delta_t=0 policy=0
rank=156 loaded data/1536/stackoverflow_a2q_tw.sub156.txt (|V_local|=1590  t_range=[14257532,239498282])
rank=156 loaded routing data/1536/stackoverflow_a2q_tw.rt156.txt (1064 entries)
rank=156 added 1 boundary-only nodes from routing
rank=175/1536 dataset=stackoverflow_a2q_tw walkers=50000 (8750000..8799999) steps=30 mode=0 sched=single-bucket delta_t=0 policy=0
rank=175 loaded data/1536/stackoverflow_a2q_tw.sub175.txt (|V_local|=1651  t_range=[4809370,239698105])
rank=175 loaded routing data/1536/stackoverflow_a2q_tw.rt175.txt (762 entries)
rank=175 added 1 boundary-only nodes from routing
rank=165/1536 dataset=stackoverflow_a2q_tw walkers=50000 (8250000..8299999) steps=30 mode=0 sched=single-bucket delta_t=0 policy=0
rank=165 loaded data/1536/stackoverflow_a2q_tw.sub165.txt (|V_local|=1588  t_range=[36264067,239635075])
rank=165 loaded routing data/1536/stackoverflow_a2q_tw.rt165.txt (1038 entries)
rank=165 added 1 boundary-only nodes from routing
rank=159/1536 dataset=stackoverflow_a2q_tw walkers=50000 (7950000..7999999) steps=30 mode=0 sched=single-bucket delta_t=0 policy=0
rank=159 loaded data/1536/stackoverflow_a2q_tw.sub159.txt (|V_local|=1588  t_range=[2431084,239688695])
rank=159 loaded routing data/1536/stackoverflow_a2q_tw.rt159.txt (1054 entries)
rank=159 added 2 boundary-only nodes from routing
rank=172/1536 dataset=stackoverflow_a2q_tw walkers=50000 (8600000..8649999) steps=30 mode=0 sched=single-bucket delta_t=0 policy=0
rank=172 loaded data/1536/stackoverflow_a2q_tw.sub172.txt (|V_local|=1630  t_range=[19977029,239698486])
rank=172 loaded routing data/1536/stackoverflow_a2q_tw.rt172.txt (871 entries)
rank=180/1536 dataset=stackoverflow_a2q_tw walkers=50000 (9000000..9049999) steps=30 mode=0 sched=single-bucket delta_t=0 policy=0
rank=180 loaded data/1536/stackoverflow_a2q_tw.sub180.txt (|V_local|=1588  t_range=[18766536,239643130])
rank=180 loaded routing data/1536/stackoverflow_a2q_tw.rt180.txt (1088 entries)
rank=177/1536 dataset=stackoverflow_a2q_tw walkers=50000 (8850000..8899999) steps=30 mode=0 sched=single-bucket delta_t=0 policy=0
rank=177 loaded data/1536/stackoverflow_a2q_tw.sub177.txt (|V_local|=1591  t_range=[4628953,239678470])
rank=177 loaded routing data/1536/stackoverflow_a2q_tw.rt177.txt (1065 entries)
rank=160/1536 dataset=stackoverflow_a2q_tw walkers=50000 (8000000..8049999) steps=30 mode=0 sched=single-bucket delta_t=0 policy=0
rank=160 loaded data/1536/stackoverflow_a2q_tw.sub160.txt (|V_local|=1646  t_range=[32800305,239586575])
rank=160 loaded routing data/1536/stackoverflow_a2q_tw.rt160.txt (935 entries)
rank=160 added 2 boundary-only nodes from routing
rank=150/1536 dataset=stackoverflow_a2q_tw walkers=50000 (7500000..7549999) steps=30 mode=0 sched=single-bucket delta_t=0 policy=0
rank=150 loaded data/1536/stackoverflow_a2q_tw.sub150.txt (|V_local|=1592  t_range=[5431543,239578252])
rank=150 loaded routing data/1536/stackoverflow_a2q_tw.rt150.txt (1079 entries)
rank=150 added 1 boundary-only nodes from routing
rank=163/1536 dataset=stackoverflow_a2q_tw walkers=50000 (8150000..8199999) steps=30 mode=0 sched=single-bucket delta_t=0 policy=0
rank=163 loaded data/1536/stackoverflow_a2q_tw.sub163.txt (|V_local|=1587  t_range=[13532237,239537038])
rank=1328/1536 dataset=stackoverflow_a2q_tw walkers=50000 (66400000..66449999) steps=30 mode=0 sched=single-bucket delta_t=0 policy=0
rank=1328 loaded data/1536/stackoverflow_a2q_tw.sub1328.txt (|V_local|=1593  t_range=[4379273,239551306])
rank=1328 loaded routing data/1536/stackoverflow_a2q_tw.rt1328.txt (1097 entries)
rank=1297/1536 dataset=stackoverflow_a2q_tw walkers=50000 (64850000..64899999) steps=30 mode=0 sched=single-bucket delta_t=0 policy=0
rank=1297 loaded data/1536/stackoverflow_a2q_tw.sub1297.txt (|V_local|=1591  t_range=[27388157,239670048])
rank=1297 loaded routing data/1536/stackoverflow_a2q_tw.rt1297.txt (1014 entries)
rank=1312/1536 dataset=stackoverflow_a2q_tw walkers=50000 (65600000..65649999) steps=30 mode=0 sched=single-bucket delta_t=0 policy=0
rank=1312 loaded data/1536/stackoverflow_a2q_tw.sub1312.txt (|V_local|=1615  t_range=[23633255,239670138])
rank=1312 loaded routing data/1536/stackoverflow_a2q_tw.rt1312.txt (847 entries)
rank=1319/1536 dataset=stackoverflow_a2q_tw walkers=50000 (65950000..65999999) steps=30 mode=0 sched=single-bucket delta_t=0 policy=0
rank=1319 loaded data/1536/stackoverflow_a2q_tw.sub1319.txt (|V_local|=1622  t_range=[24798560,239652009])
rank=1319 loaded routing data/1536/stackoverflow_a2q_tw.rt1319.txt (855 entries)
rank=1319 added 1 boundary-only nodes from routing
rank=1313/1536 dataset=stackoverflow_a2q_tw walkers=50000 (65650000..65699999) steps=30 mode=0 sched=single-bucket delta_t=0 policy=0
rank=1313 loaded data/1536/stackoverflow_a2q_tw.sub1313.txt (|V_local|=1641  t_range=[14479074,239684348])
rank=1313 loaded routing data/1536/stackoverflow_a2q_tw.rt1313.txt (910 entries)
rank=1309/1536 dataset=stackoverflow_a2q_tw walkers=50000 (65450000..65499999) steps=30 mode=0 sched=single-bucket delta_t=0 policy=0
rank=1309 loaded data/1536/stackoverflow_a2q_tw.sub1309.txt (|V_local|=1639  t_range=[20387052,239670195])
rank=1309 loaded routing data/1536/stackoverflow_a2q_tw.rt1309.txt (889 entries)
rank=1316/1536 dataset=stackoverflow_a2q_tw walkers=50000 (65800000..65849999) steps=30 mode=0 sched=single-bucket delta_t=0 policy=0
rank=1316 loaded data/1536/stackoverflow_a2q_tw.sub1316.txt (|V_local|=1643  t_range=[5335369,239696300])
rank=1316 loaded routing data/1536/stackoverflow_a2q_tw.rt1316.txt (909 entries)
rank=1316 added 1 boundary-only nodes from routing
rank=1299/1536 dataset=stackoverflow_a2q_tw walkers=50000 (64950000..64999999) steps=30 mode=0 sched=single-bucket delta_t=0 policy=0
rank=1299 loaded data/1536/stackoverflow_a2q_tw.sub1299.txt (|V_local|=1593  t_range=[4219612,239662203])
rank=1299 loaded routing data/1536/stackoverflow_a2q_tw.rt1299.txt (1035 entries)
rank=1300/1536 dataset=stackoverflow_a2q_tw walkers=50000 (65000000..65049999) steps=30 mode=0 sched=single-bucket delta_t=0 policy=0
rank=1300 loaded data/1536/stackoverflow_a2q_tw.sub1300.txt (|V_local|=1597  t_range=[15883375,239665458])
rank=1300 loaded routing data/1536/stackoverflow_a2q_tw.rt1300.txt (911 entries)
rank=1305/1536 dataset=stackoverflow_a2q_tw walkers=50000 (65250000..65299999) steps=30 mode=0 sched=single-bucket delta_t=0 policy=0
rank=1305 loaded data/1536/stackoverflow_a2q_tw.sub1305.txt (|V_local|=1597  t_range=[11304451,239638268])
rank=1305 loaded routing data/1536/stackoverflow_a2q_tw.rt1305.txt (1062 entries)
rank=1307/1536 dataset=stackoverflow_a2q_tw walkers=50000 (65350000..65399999) steps=30 mode=0 sched=single-bucket delta_t=0 policy=0
rank=1307 loaded data/1536/stackoverflow_a2q_tw.sub1307.txt (|V_local|=1593  t_range=[11447464,239482826])
rank=1307 loaded routing data/1536/stackoverflow_a2q_tw.rt1307.txt (990 entries)
rank=1303/1536 dataset=stackoverflow_a2q_tw walkers=50000 (65150000..65199999) steps=30 mode=0 sched=single-bucket delta_t=0 policy=0
rank=1303 loaded data/1536/stackoverflow_a2q_tw.sub1303.txt (|V_local|=1586  t_range=[4035136,239548947])
rank=1303 loaded routing data/1536/stackoverflow_a2q_tw.rt1303.txt (1046 entries)
rank=1308/1536 dataset=stackoverflow_a2q_tw walkers=50000 (65400000..65449999) steps=30 mode=0 sched=single-bucket delta_t=0 policy=0
rank=1308 loaded data/1536/stackoverflow_a2q_tw.sub1308.txt (|V_local|=1589  t_range=[4141030,239679783])
rank=1308 loaded routing data/1536/stackoverflow_a2q_tw.rt1308.txt (1006 entries)
rank=1315/1536 dataset=stackoverflow_a2q_tw walkers=50000 (65750000..65799999) steps=30 mode=0 sched=single-bucket delta_t=0 policy=0
rank=1315 loaded data/1536/stackoverflow_a2q_tw.sub1315.txt (|V_local|=1587  t_range=[2486112,239693124])
rank=1315 loaded routing data/1536/stackoverflow_a2q_tw.rt1315.txt (947 entries)
rank=1317/1536 dataset=stackoverflow_a2q_tw walkers=50000 (65850000..65899999) steps=30 mode=0 sched=single-bucket delta_t=0 policy=0
rank=1317 loaded data/1536/stackoverflow_a2q_tw.sub1317.txt (|V_local|=1587  t_range=[12091130,239668118])
rank=1317 loaded routing data/1536/stackoverflow_a2q_tw.rt1317.txt (1072 entries)
rank=1302/1536 dataset=stackoverflow_a2q_tw walkers=50000 (65100000..65149999) steps=30 mode=0 sched=single-bucket delta_t=0 policy=0
rank=1302 loaded data/1536/stackoverflow_a2q_tw.sub1302.txt (|V_local|=1590  t_range=[6923483,239674875])
rank=1302 loaded routing data/1536/stackoverflow_a2q_tw.rt1302.txt (994 entries)
rank=1302 added 1 boundary-only nodes from routing
rank=1310/1536 dataset=stackoverflow_a2q_tw walkers=50000 (65500000..65549999) steps=30 mode=0 sched=single-bucket delta_t=0 policy=0
rank=1310 loaded data/1536/stackoverflow_a2q_tw.sub1310.txt (|V_local|=1589  t_range=[4924851,239694996])
rank=1310 loaded routing data/1536/stackoverflow_a2q_tw.rt1310.txt (976 entries)
rank=1310 added 1 boundary-only nodes from routing
rank=1301/1536 dataset=stackoverflow_a2q_tw walkers=50000 (65050000..65099999) steps=30 mode=0 sched=single-bucket delta_t=0 policy=0
rank=1301 loaded data/1536/stackoverflow_a2q_tw.sub1301.txt (|V_local|=1649  t_range=[3426027,239679184])
rank=1301 loaded routing data/1536/stackoverflow_a2q_tw.rt1301.txt (884 entries)
rank=1301 added 1 boundary-only nodes from routing
rank=1321/1536 dataset=stackoverflow_a2q_tw walkers=50000 (66050000..66099999) steps=30 mode=0 sched=single-bucket delta_t=0 policy=0
rank=1321 loaded data/1536/stackoverflow_a2q_tw.sub1321.txt (|V_local|=1651  t_range=[4126458,239691804])
rank=1321 loaded routing data/1536/stackoverflow_a2q_tw.rt1321.txt (902 entries)
rank=1321 added 1 boundary-only nodes from routing
rank=1327/1536 dataset=stackoverflow_a2q_tw walkers=50000 (66350000..66399999) steps=30 mode=0 sched=single-bucket delta_t=0 policy=0
rank=1327 loaded data/1536/stackoverflow_a2q_tw.sub1327.txt (|V_local|=1598  t_range=[242014,239693061])
rank=1327 loaded routing data/1536/stackoverflow_a2q_tw.rt1327.txt (1040 entries)
rank=1304/1536 dataset=stackoverflow_a2q_tw walkers=50000 (65200000..65249999) steps=30 mode=0 sched=single-bucket delta_t=0 policy=0
rank=1304 loaded data/1536/stackoverflow_a2q_tw.sub1304.txt (|V_local|=1652  t_range=[22929802,239696094])
rank=1304 loaded routing data/1536/stackoverflow_a2q_tw.rt1304.txt (781 entries)
rank=1337/1536 dataset=stackoverflow_a2q_tw walkers=50000 (66850000..66899999) steps=30 mode=0 sched=single-bucket delta_t=0 policy=0
rank=1337 loaded data/1536/stackoverflow_a2q_tw.sub1337.txt (|V_local|=1594  t_range=[10253801,239596620])
rank=1337 loaded routing data/1536/stackoverflow_a2q_tw.rt1337.txt (1013 entries)
rank=1324/1536 dataset=stackoverflow_a2q_tw walkers=50000 (66200000..66249999) steps=30 mode=0 sched=single-bucket delta_t=0 policy=0
rank=1324 loaded data/1536/stackoverflow_a2q_tw.sub1324.txt (|V_local|=1590  t_range=[35531004,239673871])
rank=1324 loaded routing data/1536/stackoverflow_a2q_tw.rt1324.txt (1099 entries)
rank=1324 added 1 boundary-only nodes from routing
rank=1320/1536 dataset=stackoverflow_a2q_tw walkers=50000 (66000000..66049999) steps=30 mode=0 sched=single-bucket delta_t=0 policy=0
rank=1320 loaded data/1536/stackoverflow_a2q_tw.sub1320.txt (|V_local|=1588  t_range=[7734533,239661215])
rank=1320 loaded routing data/1536/stackoverflow_a2q_tw.rt1320.txt (1094 entries)
rank=967/1536 dataset=stackoverflow_a2q_tw walkers=50000 (48350000..48399999) steps=30 mode=0 sched=single-bucket delta_t=0 policy=0
rank=967 loaded data/1536/stackoverflow_a2q_tw.sub967.txt (|V_local|=1648  t_range=[3345083,239657759])
rank=967 loaded routing data/1536/stackoverflow_a2q_tw.rt967.txt (826 entries)
rank=967 added 2 boundary-only nodes from routing
rank=997/1536 dataset=stackoverflow_a2q_tw walkers=50000 (49850000..49899999) steps=30 mode=0 sched=single-bucket delta_t=0 policy=0
rank=997 loaded data/1536/stackoverflow_a2q_tw.sub997.txt (|V_local|=1618  t_range=[8607843,239613171])
rank=997 loaded routing data/1536/stackoverflow_a2q_tw.rt997.txt (922 entries)
rank=997 added 1 boundary-only nodes from routing
rank=994/1536 dataset=stackoverflow_a2q_tw walkers=50000 (49700000..49749999) steps=30 mode=0 sched=single-bucket delta_t=0 policy=0
rank=994 loaded data/1536/stackoverflow_a2q_tw.sub994.txt (|V_local|=1587  t_range=[33072719,239677983])
rank=994 loaded routing data/1536/stackoverflow_a2q_tw.rt994.txt (1088 entries)
rank=994 added 1 boundary-only nodes from routing
rank=976/1536 dataset=stackoverflow_a2q_tw walkers=50000 (48800000..48849999) steps=30 mode=0 sched=single-bucket delta_t=0 policy=0
rank=976 loaded data/1536/stackoverflow_a2q_tw.sub976.txt (|V_local|=1652  t_range=[51205343,239687314])
rank=976 loaded routing data/1536/stackoverflow_a2q_tw.rt976.txt (723 entries)
rank=973/1536 dataset=stackoverflow_a2q_tw walkers=50000 (48650000..48699999) steps=30 mode=0 sched=single-bucket delta_t=0 policy=0
rank=973 loaded data/1536/stackoverflow_a2q_tw.sub973.txt (|V_local|=1647  t_range=[48905566,239686889])
rank=973 loaded routing data/1536/stackoverflow_a2q_tw.rt973.txt (850 entries)
rank=973 added 5 boundary-only nodes from routing
rank=980/1536 dataset=stackoverflow_a2q_tw walkers=50000 (49000000..49049999) steps=30 mode=0 sched=single-bucket delta_t=0 policy=0
rank=980 loaded data/1536/stackoverflow_a2q_tw.sub980.txt (|V_local|=1587  t_range=[5502975,239665476])
rank=980 loaded routing data/1536/stackoverflow_a2q_tw.rt980.txt (1025 entries)
rank=980 added 4 boundary-only nodes from routing
rank=1005/1536 dataset=stackoverflow_a2q_tw walkers=50000 (50250000..50299999) steps=30 mode=0 sched=single-bucket delta_t=0 policy=0
rank=1005 loaded data/1536/stackoverflow_a2q_tw.sub1005.txt (|V_local|=1589  t_range=[22113973,239577503])
rank=1005 loaded routing data/1536/stackoverflow_a2q_tw.rt1005.txt (1046 entries)
rank=1005 added 1 boundary-only nodes from routing
rank=964/1536 dataset=stackoverflow_a2q_tw walkers=50000 (48200000..48249999) steps=30 mode=0 sched=single-bucket delta_t=0 policy=0
rank=964 loaded data/1536/stackoverflow_a2q_tw.sub964.txt (|V_local|=1643  t_range=[37994913,239576733])
rank=964 loaded routing data/1536/stackoverflow_a2q_tw.rt964.txt (1052 entries)
rank=964 added 8 boundary-only nodes from routing
rank=999/1536 dataset=stackoverflow_a2q_tw walkers=50000 (49950000..49999999) steps=30 mode=0 sched=single-bucket delta_t=0 policy=0
rank=999 loaded data/1536/stackoverflow_a2q_tw.sub999.txt (|V_local|=1588  t_range=[3323835,239693779])
rank=999 loaded routing data/1536/stackoverflow_a2q_tw.rt999.txt (999 entries)
rank=999 added 4 boundary-only nodes from routing
rank=965/1536 dataset=stackoverflow_a2q_tw walkers=50000 (48250000..48299999) steps=30 mode=0 sched=single-bucket delta_t=0 policy=0
rank=965 loaded data/1536/stackoverflow_a2q_tw.sub965.txt (|V_local|=1645  t_range=[36122633,239680606])
rank=965 loaded routing data/1536/stackoverflow_a2q_tw.rt965.txt (1004 entries)
rank=965 added 7 boundary-only nodes from routing
rank=969/1536 dataset=stackoverflow_a2q_tw walkers=50000 (48450000..48499999) steps=30 mode=0 sched=single-bucket delta_t=0 policy=0
rank=969 loaded data/1536/stackoverflow_a2q_tw.sub969.txt (|V_local|=1580  t_range=[9663829,239672437])
rank=969 loaded routing data/1536/stackoverflow_a2q_tw.rt969.txt (1065 entries)
rank=969 added 9 boundary-only nodes from routing
rank=1001/1536 dataset=stackoverflow_a2q_tw walkers=50000 (50050000..50099999) steps=30 mode=0 sched=single-bucket delta_t=0 policy=0
rank=1001 loaded data/1536/stackoverflow_a2q_tw.sub1001.txt (|V_local|=1651  t_range=[23491993,239690603])
rank=1001 loaded routing data/1536/stackoverflow_a2q_tw.rt1001.txt (803 entries)
rank=986/1536 dataset=stackoverflow_a2q_tw walkers=50000 (49300000..49349999) steps=30 mode=0 sched=single-bucket delta_t=0 policy=0
rank=986 loaded data/1536/stackoverflow_a2q_tw.sub986.txt (|V_local|=1588  t_range=[3973312,239633447])
rank=986 loaded routing data/1536/stackoverflow_a2q_tw.rt986.txt (936 entries)
rank=1002/1536 dataset=stackoverflow_a2q_tw walkers=50000 (50100000..50149999) steps=30 mode=0 sched=single-bucket delta_t=0 policy=0
rank=1002 loaded data/1536/stackoverflow_a2q_tw.sub1002.txt (|V_local|=1579  t_range=[9578194,239626883])
rank=1002 loaded routing data/1536/stackoverflow_a2q_tw.rt1002.txt (1033 entries)
rank=1002 added 5 boundary-only nodes from routing
rank=974/1536 dataset=stackoverflow_a2q_tw walkers=50000 (48700000..48749999) steps=30 mode=0 sched=single-bucket delta_t=0 policy=0
rank=974 loaded data/1536/stackoverflow_a2q_tw.sub974.txt (|V_local|=1650  t_range=[34515356,239678898])
rank=974 loaded routing data/1536/stackoverflow_a2q_tw.rt974.txt (865 entries)
rank=974 added 2 boundary-only nodes from routing
rank=996/1536 dataset=stackoverflow_a2q_tw walkers=50000 (49800000..49849999) steps=30 mode=0 sched=single-bucket delta_t=0 policy=0
rank=996 loaded data/1536/stackoverflow_a2q_tw.sub996.txt (|V_local|=1595  t_range=[10035515,239653934])
rank=996 loaded routing data/1536/stackoverflow_a2q_tw.rt996.txt (927 entries)
rank=990/1536 dataset=stackoverflow_a2q_tw walkers=50000 (49500000..49549999) steps=30 mode=0 sched=single-bucket delta_t=0 policy=0
rank=990 loaded data/1536/stackoverflow_a2q_tw.sub990.txt (|V_local|=1590  t_range=[4099206,239678855])
rank=990 loaded routing data/1536/stackoverflow_a2q_tw.rt990.txt (1067 entries)
rank=990 added 2 boundary-only nodes from routing
rank=1003/1536 dataset=stackoverflow_a2q_tw walkers=50000 (50150000..50199999) steps=30 mode=0 sched=single-bucket delta_t=0 policy=0
rank=1003 loaded data/1536/stackoverflow_a2q_tw.sub1003.txt (|V_local|=1597  t_range=[19240826,239691827])
rank=1003 loaded routing data/1536/stackoverflow_a2q_tw.rt1003.txt (938 entries)
rank=983/1536 dataset=stackoverflow_a2q_tw walkers=50000 (49150000..49199999) steps=30 mode=0 sched=single-bucket delta_t=0 policy=0
rank=983 loaded data/1536/stackoverflow_a2q_tw.sub983.txt (|V_local|=1590  t_range=[12005811,239674513])
rank=983 loaded routing data/1536/stackoverflow_a2q_tw.rt983.txt (1040 entries)
rank=983 added 2 boundary-only nodes from routing
rank=987/1536 dataset=stackoverflow_a2q_tw walkers=50000 (49350000..49399999) steps=30 mode=0 sched=single-bucket delta_t=0 policy=0
rank=987 loaded data/1536/stackoverflow_a2q_tw.sub987.txt (|V_local|=1590  t_range=[4067607,239690861])
rank=987 loaded routing data/1536/stackoverflow_a2q_tw.rt987.txt (1084 entries)
rank=987 added 3 boundary-only nodes from routing
rank=995/1536 dataset=stackoverflow_a2q_tw walkers=50000 (49750000..49799999) steps=30 mode=0 sched=single-bucket delta_t=0 policy=0
rank=995 loaded data/1536/stackoverflow_a2q_tw.sub995.txt (|V_local|=1585  t_range=[4651426,239694688])
rank=995 loaded routing data/1536/stackoverflow_a2q_tw.rt995.txt (1053 entries)
rank=995 added 2 boundary-only nodes from routing
rank=1000/1536 dataset=stackoverflow_a2q_tw walkers=50000 (50000000..50049999) steps=30 mode=0 sched=single-bucket delta_t=0 policy=0
rank=1000 loaded data/1536/stackoverflow_a2q_tw.sub1000.txt (|V_local|=1634  t_range=[26574210,239669249])
rank=1000 loaded routing data/1536/stackoverflow_a2q_tw.rt1000.txt (935 entries)
rank=1000 added 1 boundary-only nodes from routing
rank=988/1536 dataset=stackoverflow_a2q_tw walkers=50000 (49400000..49449999) steps=30 mode=0 sched=single-bucket delta_t=0 policy=0
rank=988 loaded data/1536/stackoverflow_a2q_tw.sub988.txt (|V_local|=1584  t_range=[2140240,239649483])
rank=988 loaded routing data/1536/stackoverflow_a2q_tw.rt988.txt (1089 entries)
rank=1028/1536 dataset=stackoverflow_a2q_tw walkers=50000 (51400000..51449999) steps=30 mode=0 sched=single-bucket delta_t=0 policy=0
rank=1028 loaded data/1536/stackoverflow_a2q_tw.sub1028.txt (|V_local|=1651  t_range=[11642546,239610577])
rank=1028 loaded routing data/1536/stackoverflow_a2q_tw.rt1028.txt (756 entries)
rank=1028 added 1 boundary-only nodes from routing
rank=1014/1536 dataset=stackoverflow_a2q_tw walkers=50000 (50700000..50749999) steps=30 mode=0 sched=single-bucket delta_t=0 policy=0
rank=1014 loaded data/1536/stackoverflow_a2q_tw.sub1014.txt (|V_local|=1592  t_range=[24255107,239690354])
rank=1014 loaded routing data/1536/stackoverflow_a2q_tw.rt1014.txt (1038 entries)
rank=1009/1536 dataset=stackoverflow_a2q_tw walkers=50000 (50450000..50499999) steps=30 mode=0 sched=single-bucket delta_t=0 policy=0
rank=1009 loaded data/1536/stackoverflow_a2q_tw.sub1009.txt (|V_local|=1651  t_range=[30627842,239672777])
rank=1009 loaded routing data/1536/stackoverflow_a2q_tw.rt1009.txt (898 entries)
rank=1010/1536 dataset=stackoverflow_a2q_tw walkers=50000 (50500000..50549999) steps=30 mode=0 sched=single-bucket delta_t=0 policy=0
rank=1010 loaded data/1536/stackoverflow_a2q_tw.sub1010.txt (|V_local|=1581  t_range=[29287871,239677683])
rank=1010 loaded routing data/1536/stackoverflow_a2q_tw.rt1010.txt (932 entries)
rank=1010 added 2 boundary-only nodes from routing
rank=1013/1536 dataset=stackoverflow_a2q_tw walkers=50000 (50650000..50699999) steps=30 mode=0 sched=single-bucket delta_t=0 policy=0
rank=1013 loaded data/1536/stackoverflow_a2q_tw.sub1013.txt (|V_local|=1598  t_range=[6329767,239673197])
rank=1013 loaded routing data/1536/stackoverflow_a2q_tw.rt1013.txt (831 entries)
rank=1020/1536 dataset=stackoverflow_a2q_tw walkers=50000 (51000000..51049999) steps=30 mode=0 sched=single-bucket delta_t=0 policy=0
rank=1020 loaded data/1536/stackoverflow_a2q_tw.sub1020.txt (|V_local|=1586  t_range=[5373805,239497412])
rank=1020 loaded routing data/1536/stackoverflow_a2q_tw.rt1020.txt (1056 entries)
rank=1020 added 5 boundary-only nodes from routing
rank=1017/1536 dataset=stackoverflow_a2q_tw walkers=50000 (50850000..50899999) steps=30 mode=0 sched=single-bucket delta_t=0 policy=0
rank=1017 loaded data/1536/stackoverflow_a2q_tw.sub1017.txt (|V_local|=1584  t_range=[7868773,239684558])
rank=1017 loaded routing data/1536/stackoverflow_a2q_tw.rt1017.txt (1148 entries)
rank=1017 added 2 boundary-only nodes from routing
rank=1021/1536 dataset=stackoverflow_a2q_tw walkers=50000 (51050000..51099999) steps=30 mode=0 sched=single-bucket delta_t=0 policy=0
rank=1021 loaded data/1536/stackoverflow_a2q_tw.sub1021.txt (|V_local|=1591  t_range=[32138064,239564071])
rank=1021 loaded routing data/1536/stackoverflow_a2q_tw.rt1021.txt (1057 entries)
rank=1021 added 3 boundary-only nodes from routing
rank=1015/1536 dataset=stackoverflow_a2q_tw walkers=50000 (50750000..50799999) steps=30 mode=0 sched=single-bucket delta_t=0 policy=0
rank=1015 loaded data/1536/stackoverflow_a2q_tw.sub1015.txt (|V_local|=1649  t_range=[39986875,239671457])
rank=1015 loaded routing data/1536/stackoverflow_a2q_tw.rt1015.txt (1114 entries)
rank=1023/1536 dataset=stackoverflow_a2q_tw walkers=50000 (51150000..51199999) steps=30 mode=0 sched=single-bucket delta_t=0 policy=0
rank=1023 loaded data/1536/stackoverflow_a2q_tw.sub1023.txt (|V_local|=1650  t_range=[9457306,239627927])
rank=1023 loaded routing data/1536/stackoverflow_a2q_tw.rt1023.txt (865 entries)
rank=1023 added 1 boundary-only nodes from routing
rank=1039/1536 dataset=stackoverflow_a2q_tw walkers=50000 (51950000..51999999) steps=30 mode=0 sched=single-bucket delta_t=0 policy=0
rank=1039 loaded data/1536/stackoverflow_a2q_tw.sub1039.txt (|V_local|=1650  t_range=[41728797,239698479])
rank=1039 loaded routing data/1536/stackoverflow_a2q_tw.rt1039.txt (980 entries)
rank=1039 added 2 boundary-only nodes from routing
rank=1029/1536 dataset=stackoverflow_a2q_tw walkers=50000 (51450000..51499999) steps=30 mode=0 sched=single-bucket delta_t=0 policy=0
rank=1029 loaded data/1536/stackoverflow_a2q_tw.sub1029.txt (|V_local|=1584  t_range=[4317297,239651747])
rank=1029 loaded routing data/1536/stackoverflow_a2q_tw.rt1029.txt (1066 entries)
rank=1055/1536 dataset=stackoverflow_a2q_tw walkers=50000 (52750000..52799999) steps=30 mode=0 sched=single-bucket delta_t=0 policy=0
rank=1055 loaded data/1536/stackoverflow_a2q_tw.sub1055.txt (|V_local|=1651  t_range=[4146959,239694294])
rank=1055 loaded routing data/1536/stackoverflow_a2q_tw.rt1055.txt (850 entries)
rank=1055 added 1 boundary-only nodes from routing
rank=1018/1536 dataset=stackoverflow_a2q_tw walkers=50000 (50900000..50949999) steps=30 mode=0 sched=single-bucket delta_t=0 policy=0
rank=1018 loaded data/1536/stackoverflow_a2q_tw.sub1018.txt (|V_local|=1594  t_range=[6595987,239671537])
rank=1018 loaded routing data/1536/stackoverflow_a2q_tw.rt1018.txt (1066 entries)
rank=1012/1536 dataset=stackoverflow_a2q_tw walkers=50000 (50600000..50649999) steps=30 mode=0 sched=single-bucket delta_t=0 policy=0
rank=1012 loaded data/1536/stackoverflow_a2q_tw.sub1012.txt (|V_local|=1601  t_range=[4448712,239618487])
rank=1012 loaded routing data/1536/stackoverflow_a2q_tw.rt1012.txt (838 entries)
rank=1043/1536 dataset=stackoverflow_a2q_tw walkers=50000 (52150000..52199999) steps=30 mode=0 sched=single-bucket delta_t=0 policy=0
rank=1043 loaded data/1536/stackoverflow_a2q_tw.sub1043.txt (|V_local|=1607  t_range=[13278260,239668891])
rank=1043 loaded routing data/1536/stackoverflow_a2q_tw.rt1043.txt (1108 entries)
rank=1043 added 2 boundary-only nodes from routing
rank=1011/1536 dataset=stackoverflow_a2q_tw walkers=50000 (50550000..50599999) steps=30 mode=0 sched=single-bucket delta_t=0 policy=0
rank=1011 loaded data/1536/stackoverflow_a2q_tw.sub1011.txt (|V_local|=1583  t_range=[24432353,239670526])
rank=1011 loaded routing data/1536/stackoverflow_a2q_tw.rt1011.txt (1002 entries)
rank=1022/1536 dataset=stackoverflow_a2q_tw walkers=50000 (51100000..51149999) steps=30 mode=0 sched=single-bucket delta_t=0 policy=0
rank=1022 loaded data/1536/stackoverflow_a2q_tw.sub1022.txt (|V_local|=1650  t_range=[4120677,239480334])
rank=1022 loaded routing data/1536/stackoverflow_a2q_tw.rt1022.txt (600 entries)
rank=1022 added 2 boundary-only nodes from routing
rank=1016/1536 dataset=stackoverflow_a2q_tw walkers=50000 (50800000..50849999) steps=30 mode=0 sched=single-bucket delta_t=0 policy=0
rank=1016 loaded data/1536/stackoverflow_a2q_tw.sub1016.txt (|V_local|=1650  t_range=[40275113,239674880])
rank=1016 loaded routing data/1536/stackoverflow_a2q_tw.rt1016.txt (910 entries)
rank=1016 added 1 boundary-only nodes from routing
rank=1024/1536 dataset=stackoverflow_a2q_tw walkers=50000 (51200000..51249999) steps=30 mode=0 sched=single-bucket delta_t=0 policy=0
rank=1024 loaded data/1536/stackoverflow_a2q_tw.sub1024.txt (|V_local|=1652  t_range=[21589784,239666567])
rank=1024 loaded routing data/1536/stackoverflow_a2q_tw.rt1024.txt (736 entries)
rank=1037/1536 dataset=stackoverflow_a2q_tw walkers=50000 (51850000..51899999) steps=30 mode=0 sched=single-bucket delta_t=0 policy=0
rank=1037 loaded data/1536/stackoverflow_a2q_tw.sub1037.txt (|V_local|=1582  t_range=[21253210,239667548])
rank=1037 loaded routing data/1536/stackoverflow_a2q_tw.rt1037.txt (1102 entries)
rank=1037 added 5 boundary-only nodes from routing
rank=1030/1536 dataset=stackoverflow_a2q_tw walkers=50000 (51500000..51549999) steps=30 mode=0 sched=single-bucket delta_t=0 policy=0
rank=1030 loaded data/1536/stackoverflow_a2q_tw.sub1030.txt (|V_local|=1649  t_range=[34197263,239615999])
rank=1030 loaded routing data/1536/stackoverflow_a2q_tw.rt1030.txt (715 entries)
rank=1030 added 3 boundary-only nodes from routing
rank=1027/1536 dataset=stackoverflow_a2q_tw walkers=50000 (51350000..51399999) steps=30 mode=0 sched=single-bucket delta_t=0 policy=0
rank=1027 loaded data/1536/stackoverflow_a2q_tw.sub1027.txt (|V_local|=1652  t_range=[53795225,239586382])
rank=1027 loaded routing data/1536/stackoverflow_a2q_tw.rt1027.txt (749 entries)
rank=303 loaded data/1536/stackoverflow_a2q_tw.sub303.txt (|V_local|=1587  t_range=[20267140,239635259])
rank=303 loaded routing data/1536/stackoverflow_a2q_tw.rt303.txt (1035 entries)
rank=310/1536 dataset=stackoverflow_a2q_tw walkers=50000 (15500000..15549999) steps=30 mode=0 sched=single-bucket delta_t=0 policy=0
rank=310 loaded data/1536/stackoverflow_a2q_tw.sub310.txt (|V_local|=1594  t_range=[32979630,239680160])
rank=310 loaded routing data/1536/stackoverflow_a2q_tw.rt310.txt (891 entries)
rank=315/1536 dataset=stackoverflow_a2q_tw walkers=50000 (15750000..15799999) steps=30 mode=0 sched=single-bucket delta_t=0 policy=0
rank=315 loaded data/1536/stackoverflow_a2q_tw.sub315.txt (|V_local|=1587  t_range=[6651082,239697194])
rank=315 loaded routing data/1536/stackoverflow_a2q_tw.rt315.txt (976 entries)
rank=315 added 1 boundary-only nodes from routing
rank=319/1536 dataset=stackoverflow_a2q_tw walkers=50000 (15950000..15999999) steps=30 mode=0 sched=single-bucket delta_t=0 policy=0
rank=319 loaded data/1536/stackoverflow_a2q_tw.sub319.txt (|V_local|=1652  t_range=[79294673,239578533])
rank=319 loaded routing data/1536/stackoverflow_a2q_tw.rt319.txt (343 entries)
rank=325/1536 dataset=stackoverflow_a2q_tw walkers=50000 (16250000..16299999) steps=30 mode=0 sched=single-bucket delta_t=0 policy=0
rank=325 loaded data/1536/stackoverflow_a2q_tw.sub325.txt (|V_local|=1587  t_range=[4122701,239678745])
rank=325 loaded routing data/1536/stackoverflow_a2q_tw.rt325.txt (1048 entries)
rank=325 added 1 boundary-only nodes from routing
rank=329/1536 dataset=stackoverflow_a2q_tw walkers=50000 (16450000..16499999) steps=30 mode=0 sched=single-bucket delta_t=0 policy=0
rank=329 loaded data/1536/stackoverflow_a2q_tw.sub329.txt (|V_local|=1584  t_range=[5526375,239669642])
rank=329 loaded routing data/1536/stackoverflow_a2q_tw.rt329.txt (943 entries)
rank=317/1536 dataset=stackoverflow_a2q_tw walkers=50000 (15850000..15899999) steps=30 mode=0 sched=single-bucket delta_t=0 policy=0
rank=317 loaded data/1536/stackoverflow_a2q_tw.sub317.txt (|V_local|=1596  t_range=[30870623,239651137])
rank=317 loaded routing data/1536/stackoverflow_a2q_tw.rt317.txt (989 entries)
rank=317 added 1 boundary-only nodes from routing
rank=304/1536 dataset=stackoverflow_a2q_tw walkers=50000 (15200000..15249999) steps=30 mode=0 sched=single-bucket delta_t=0 policy=0
rank=304 loaded data/1536/stackoverflow_a2q_tw.sub304.txt (|V_local|=1585  t_range=[28140764,239668447])
rank=304 loaded routing data/1536/stackoverflow_a2q_tw.rt304.txt (1072 entries)
rank=308/1536 dataset=stackoverflow_a2q_tw walkers=50000 (15400000..15449999) steps=30 mode=0 sched=single-bucket delta_t=0 policy=0
rank=308 loaded data/1536/stackoverflow_a2q_tw.sub308.txt (|V_local|=1594  t_range=[7648449,239687470])
rank=308 loaded routing data/1536/stackoverflow_a2q_tw.rt308.txt (1055 entries)
rank=314/1536 dataset=stackoverflow_a2q_tw walkers=50000 (15700000..15749999) steps=30 mode=0 sched=single-bucket delta_t=0 policy=0
rank=314 loaded data/1536/stackoverflow_a2q_tw.sub314.txt (|V_local|=1592  t_range=[4070621,239694323])
rank=314 loaded routing data/1536/stackoverflow_a2q_tw.rt314.txt (988 entries)
rank=314 added 1 boundary-only nodes from routing
rank=312/1536 dataset=stackoverflow_a2q_tw walkers=50000 (15600000..15649999) steps=30 mode=0 sched=single-bucket delta_t=0 policy=0
rank=312 loaded data/1536/stackoverflow_a2q_tw.sub312.txt (|V_local|=1586  t_range=[24880027,239698136])
rank=312 loaded routing data/1536/stackoverflow_a2q_tw.rt312.txt (1046 entries)
rank=321/1536 dataset=stackoverflow_a2q_tw walkers=50000 (16050000..16099999) steps=30 mode=0 sched=single-bucket delta_t=0 policy=0
rank=321 loaded data/1536/stackoverflow_a2q_tw.sub321.txt (|V_local|=1586  t_range=[4122375,239666562])
rank=321 loaded routing data/1536/stackoverflow_a2q_tw.rt321.txt (1034 entries)
rank=321 added 1 boundary-only nodes from routing
rank=292/1536 dataset=stackoverflow_a2q_tw walkers=50000 (14600000..14649999) steps=30 mode=0 sched=single-bucket delta_t=0 policy=0
rank=292 loaded data/1536/stackoverflow_a2q_tw.sub292.txt (|V_local|=1593  t_range=[10854115,239673370])
rank=292 loaded routing data/1536/stackoverflow_a2q_tw.rt292.txt (1104 entries)
rank=316/1536 dataset=stackoverflow_a2q_tw walkers=50000 (15800000..15849999) steps=30 mode=0 sched=single-bucket delta_t=0 policy=0
rank=316 loaded data/1536/stackoverflow_a2q_tw.sub316.txt (|V_local|=1589  t_range=[8568290,239697186])
rank=316 loaded routing data/1536/stackoverflow_a2q_tw.rt316.txt (1108 entries)
rank=316 added 2 boundary-only nodes from routing
rank=330/1536 dataset=stackoverflow_a2q_tw walkers=50000 (16500000..16549999) steps=30 mode=0 sched=single-bucket delta_t=0 policy=0
rank=330 loaded data/1536/stackoverflow_a2q_tw.sub330.txt (|V_local|=1585  t_range=[26489995,239494315])
rank=330 loaded routing data/1536/stackoverflow_a2q_tw.rt330.txt (1130 entries)
rank=330 added 2 boundary-only nodes from routing
rank=324/1536 dataset=stackoverflow_a2q_tw walkers=50000 (16200000..16249999) steps=30 mode=0 sched=single-bucket delta_t=0 policy=0
rank=324 loaded data/1536/stackoverflow_a2q_tw.sub324.txt (|V_local|=1585  t_range=[5349394,239583310])
rank=324 loaded routing data/1536/stackoverflow_a2q_tw.rt324.txt (1085 entries)
rank=322/1536 dataset=stackoverflow_a2q_tw walkers=50000 (16100000..16149999) steps=30 mode=0 sched=single-bucket delta_t=0 policy=0
rank=322 loaded data/1536/stackoverflow_a2q_tw.sub322.txt (|V_local|=1589  t_range=[5609867,239680416])
rank=322 loaded routing data/1536/stackoverflow_a2q_tw.rt322.txt (997 entries)
rank=322 added 1 boundary-only nodes from routing
rank=306/1536 dataset=stackoverflow_a2q_tw walkers=50000 (15300000..15349999) steps=30 mode=0 sched=single-bucket delta_t=0 policy=0
rank=306 loaded data/1536/stackoverflow_a2q_tw.sub306.txt (|V_local|=1593  t_range=[20526916,239581072])
rank=306 loaded routing data/1536/stackoverflow_a2q_tw.rt306.txt (1138 entries)
rank=294/1536 dataset=stackoverflow_a2q_tw walkers=50000 (14700000..14749999) steps=30 mode=0 sched=single-bucket delta_t=0 policy=0
rank=294 loaded data/1536/stackoverflow_a2q_tw.sub294.txt (|V_local|=1585  t_range=[6149260,239649356])
rank=294 loaded routing data/1536/stackoverflow_a2q_tw.rt294.txt (1055 entries)
rank=294 added 1 boundary-only nodes from routing
rank=302/1536 dataset=stackoverflow_a2q_tw walkers=50000 (15100000..15149999) steps=30 mode=0 sched=single-bucket delta_t=0 policy=0
rank=302 loaded data/1536/stackoverflow_a2q_tw.sub302.txt (|V_local|=1587  t_range=[11503052,239596836])
rank=302 loaded routing data/1536/stackoverflow_a2q_tw.rt302.txt (1076 entries)
rank=302 added 1 boundary-only nodes from routing
rank=326/1536 dataset=stackoverflow_a2q_tw walkers=50000 (16300000..16349999) steps=30 mode=0 sched=single-bucket delta_t=0 policy=0
rank=326 loaded data/1536/stackoverflow_a2q_tw.sub326.txt (|V_local|=1596  t_range=[7512945,239694514])
rank=326 loaded routing data/1536/stackoverflow_a2q_tw.rt326.txt (1040 entries)
rank=318/1536 dataset=stackoverflow_a2q_tw walkers=50000 (15900000..15949999) steps=30 mode=0 sched=single-bucket delta_t=0 policy=0
rank=318 loaded data/1536/stackoverflow_a2q_tw.sub318.txt (|V_local|=1586  t_range=[4860759,239681076])
rank=318 loaded routing data/1536/stackoverflow_a2q_tw.rt318.txt (1071 entries)
rank=327/1536 dataset=stackoverflow_a2q_tw walkers=50000 (16350000..16399999) steps=30 mode=0 sched=single-bucket delta_t=0 policy=0
rank=327 loaded data/1536/stackoverflow_a2q_tw.sub327.txt (|V_local|=1592  t_range=[4617212,239658510])
rank=327 loaded routing data/1536/stackoverflow_a2q_tw.rt327.txt (1047 entries)
rank=327 added 1 boundary-only nodes from routing
rank=288/1536 dataset=stackoverflow_a2q_tw walkers=50000 (14400000..14449999) steps=30 mode=0 sched=single-bucket delta_t=0 policy=0
rank=288 loaded data/1536/stackoverflow_a2q_tw.sub288.txt (|V_local|=1586  t_range=[9725400,239692135])
rank=288 loaded routing data/1536/stackoverflow_a2q_tw.rt288.txt (1082 entries)
rank=288 added 3 boundary-only nodes from routing
rank=1456/1536 dataset=stackoverflow_a2q_tw walkers=50000 (72800000..72849999) steps=30 mode=0 sched=single-bucket delta_t=0 policy=0
rank=1456 loaded data/1536/stackoverflow_a2q_tw.sub1456.txt (|V_local|=1589  t_range=[5939171,239609003])
rank=1456 loaded routing data/1536/stackoverflow_a2q_tw.rt1456.txt (1039 entries)
rank=1456 added 1 boundary-only nodes from routing
rank=1459/1536 dataset=stackoverflow_a2q_tw walkers=50000 (72950000..72999999) steps=30 mode=0 sched=single-bucket delta_t=0 policy=0
rank=1459 loaded data/1536/stackoverflow_a2q_tw.sub1459.txt (|V_local|=1592  t_range=[20908072,239687693])
rank=1459 loaded routing data/1536/stackoverflow_a2q_tw.rt1459.txt (1006 entries)
rank=1459 added 1 boundary-only nodes from routing
rank=1463/1536 dataset=stackoverflow_a2q_tw walkers=50000 (73150000..73199999) steps=30 mode=0 sched=single-bucket delta_t=0 policy=0
rank=1463 loaded data/1536/stackoverflow_a2q_tw.sub1463.txt (|V_local|=1575  t_range=[1357582,239664414])
rank=1463 loaded routing data/1536/stackoverflow_a2q_tw.rt1463.txt (1067 entries)
rank=1463 added 1 boundary-only nodes from routing
rank=1487/1536 dataset=stackoverflow_a2q_tw walkers=50000 (74350000..74399999) steps=30 mode=0 sched=single-bucket delta_t=0 policy=0
rank=1487 loaded data/1536/stackoverflow_a2q_tw.sub1487.txt (|V_local|=1590  t_range=[9223792,239652843])
rank=1487 loaded routing data/1536/stackoverflow_a2q_tw.rt1487.txt (1069 entries)
rank=1487 added 3 boundary-only nodes from routing
rank=1443/1536 dataset=stackoverflow_a2q_tw walkers=50000 (72150000..72199999) steps=30 mode=0 sched=single-bucket delta_t=0 policy=0
rank=1443 loaded data/1536/stackoverflow_a2q_tw.sub1443.txt (|V_local|=1584  t_range=[10303152,239665444])
rank=1443 loaded routing data/1536/stackoverflow_a2q_tw.rt1443.txt (1062 entries)
rank=1443 added 3 boundary-only nodes from routing
rank=1461/1536 dataset=stackoverflow_a2q_tw walkers=50000 (73050000..73099999) steps=30 mode=0 sched=single-bucket delta_t=0 policy=0
rank=1461 loaded data/1536/stackoverflow_a2q_tw.sub1461.txt (|V_local|=1592  t_range=[9318146,239682381])
rank=1461 loaded routing data/1536/stackoverflow_a2q_tw.rt1461.txt (1080 entries)
rank=1461 added 1 boundary-only nodes from routing
rank=1466/1536 dataset=stackoverflow_a2q_tw walkers=50000 (73300000..73349999) steps=30 mode=0 sched=single-bucket delta_t=0 policy=0
rank=1466 loaded data/1536/stackoverflow_a2q_tw.sub1466.txt (|V_local|=1594  t_range=[14409413,239695947])
rank=1466 loaded routing data/1536/stackoverflow_a2q_tw.rt1466.txt (1077 entries)
rank=1466 added 1 boundary-only nodes from routing
rank=1478/1536 dataset=stackoverflow_a2q_tw walkers=50000 (73900000..73949999) steps=30 mode=0 sched=single-bucket delta_t=0 policy=0
rank=1478 loaded data/1536/stackoverflow_a2q_tw.sub1478.txt (|V_local|=1591  t_range=[4034802,239678036])
rank=1478 loaded routing data/1536/stackoverflow_a2q_tw.rt1478.txt (963 entries)
rank=1478 added 1 boundary-only nodes from routing
rank=1470/1536 dataset=stackoverflow_a2q_tw walkers=50000 (73500000..73549999) steps=30 mode=0 sched=single-bucket delta_t=0 policy=0
rank=1470 loaded data/1536/stackoverflow_a2q_tw.sub1470.txt (|V_local|=1583  t_range=[18695787,239666136])
rank=1470 loaded routing data/1536/stackoverflow_a2q_tw.rt1470.txt (1062 entries)
rank=1470 added 3 boundary-only nodes from routing
rank=1449/1536 dataset=stackoverflow_a2q_tw walkers=50000 (72450000..72499999) steps=30 mode=0 sched=single-bucket delta_t=0 policy=0
rank=1449 loaded data/1536/stackoverflow_a2q_tw.sub1449.txt (|V_local|=1584  t_range=[1730925,239428194])
rank=1449 loaded routing data/1536/stackoverflow_a2q_tw.rt1449.txt (1068 entries)
rank=1449 added 2 boundary-only nodes from routing
rank=1474/1536 dataset=stackoverflow_a2q_tw walkers=50000 (73700000..73749999) steps=30 mode=0 sched=single-bucket delta_t=0 policy=0
rank=1474 loaded data/1536/stackoverflow_a2q_tw.sub1474.txt (|V_local|=1585  t_range=[3855160,239654652])
rank=1474 loaded routing data/1536/stackoverflow_a2q_tw.rt1474.txt (1092 entries)
rank=1474 added 1 boundary-only nodes from routing
rank=1469/1536 dataset=stackoverflow_a2q_tw walkers=50000 (73450000..73499999) steps=30 mode=0 sched=single-bucket delta_t=0 policy=0
rank=1469 loaded data/1536/stackoverflow_a2q_tw.sub1469.txt (|V_local|=1591  t_range=[10774603,239695352])
rank=1469 loaded routing data/1536/stackoverflow_a2q_tw.rt1469.txt (1020 entries)
rank=1469 added 1 boundary-only nodes from routing
rank=1471/1536 dataset=stackoverflow_a2q_tw walkers=50000 (73550000..73599999) steps=30 mode=0 sched=single-bucket delta_t=0 policy=0
rank=1471 loaded data/1536/stackoverflow_a2q_tw.sub1471.txt (|V_local|=1588  t_range=[10324542,239578275])
rank=1471 loaded routing data/1536/stackoverflow_a2q_tw.rt1471.txt (1083 entries)
rank=1471 added 2 boundary-only nodes from routing
rank=1465/1536 dataset=stackoverflow_a2q_tw walkers=50000 (73250000..73299999) steps=30 mode=0 sched=single-bucket delta_t=0 policy=0
rank=1465 loaded data/1536/stackoverflow_a2q_tw.sub1465.txt (|V_local|=1593  t_range=[4803977,239675345])
rank=1465 loaded routing data/1536/stackoverflow_a2q_tw.rt1465.txt (1107 entries)
rank=1465 added 1 boundary-only nodes from routing
rank=1476/1536 dataset=stackoverflow_a2q_tw walkers=50000 (73800000..73849999) steps=30 mode=0 sched=single-bucket delta_t=0 policy=0
rank=1476 loaded data/1536/stackoverflow_a2q_tw.sub1476.txt (|V_local|=1589  t_range=[3951674,239676406])
rank=1476 loaded routing data/1536/stackoverflow_a2q_tw.rt1476.txt (1060 entries)
rank=1476 added 1 boundary-only nodes from routing
rank=1472/1536 dataset=stackoverflow_a2q_tw walkers=50000 (73600000..73649999) steps=30 mode=0 sched=single-bucket delta_t=0 policy=0
rank=1472 loaded data/1536/stackoverflow_a2q_tw.sub1472.txt (|V_local|=1590  t_range=[930417,239692556])
rank=1472 loaded routing data/1536/stackoverflow_a2q_tw.rt1472.txt (1060 entries)
rank=1472 added 1 boundary-only nodes from routing
rank=1455/1536 dataset=stackoverflow_a2q_tw walkers=50000 (72750000..72799999) steps=30 mode=0 sched=single-bucket delta_t=0 policy=0
rank=1455 loaded data/1536/stackoverflow_a2q_tw.sub1455.txt (|V_local|=1589  t_range=[18740181,239642368])
rank=1455 loaded routing data/1536/stackoverflow_a2q_tw.rt1455.txt (1038 entries)
rank=1455 added 2 boundary-only nodes from routing
rank=1483/1536 dataset=stackoverflow_a2q_tw walkers=50000 (74150000..74199999) steps=30 mode=0 sched=single-bucket delta_t=0 policy=0
rank=1483 loaded data/1536/stackoverflow_a2q_tw.sub1483.txt (|V_local|=1589  t_range=[593072,239665955])
rank=1483 loaded routing data/1536/stackoverflow_a2q_tw.rt1483.txt (1029 entries)
rank=1483 added 1 boundary-only nodes from routing
rank=1481/1536 dataset=stackoverflow_a2q_tw walkers=50000 (74050000..74099999) steps=30 mode=0 sched=single-bucket delta_t=0 policy=0
rank=1481 loaded data/1536/stackoverflow_a2q_tw.sub1481.txt (|V_local|=1590  t_range=[3942362,239629012])
rank=1481 loaded routing data/1536/stackoverflow_a2q_tw.rt1481.txt (993 entries)
rank=1475/1536 dataset=stackoverflow_a2q_tw walkers=50000 (73750000..73799999) steps=30 mode=0 sched=single-bucket delta_t=0 policy=0
rank=1475 loaded data/1536/stackoverflow_a2q_tw.sub1475.txt (|V_local|=1593  t_range=[4905978,239592768])
rank=1475 loaded routing data/1536/stackoverflow_a2q_tw.rt1475.txt (1056 entries)
rank=1473/1536 dataset=stackoverflow_a2q_tw walkers=50000 (73650000..73699999) steps=30 mode=0 sched=single-bucket delta_t=0 policy=0
rank=1473 loaded data/1536/stackoverflow_a2q_tw.sub1473.txt (|V_local|=1586  t_range=[32570420,239664582])
rank=1473 loaded routing data/1536/stackoverflow_a2q_tw.rt1473.txt (1065 entries)
rank=1473 added 1 boundary-only nodes from routing
rank=1467/1536 dataset=stackoverflow_a2q_tw walkers=50000 (73350000..73399999) steps=30 mode=0 sched=single-bucket delta_t=0 policy=0
rank=1467 loaded data/1536/stackoverflow_a2q_tw.sub1467.txt (|V_local|=1589  t_range=[8110682,239656768])
rank=1467 loaded routing data/1536/stackoverflow_a2q_tw.rt1467.txt (1033 entries)
rank=1467 added 1 boundary-only nodes from routing
rank=1188 loaded data/1536/stackoverflow_a2q_tw.sub1188.txt (|V_local|=1594  t_range=[16934973,239682154])
rank=1188 loaded routing data/1536/stackoverflow_a2q_tw.rt1188.txt (992 entries)
rank=1168/1536 dataset=stackoverflow_a2q_tw walkers=50000 (58400000..58449999) steps=30 mode=0 sched=single-bucket delta_t=0 policy=0
rank=1168 loaded data/1536/stackoverflow_a2q_tw.sub1168.txt (|V_local|=1594  t_range=[27360475,239655146])
rank=1168 loaded routing data/1536/stackoverflow_a2q_tw.rt1168.txt (1064 entries)
rank=1176/1536 dataset=stackoverflow_a2q_tw walkers=50000 (58800000..58849999) steps=30 mode=0 sched=single-bucket delta_t=0 policy=0
rank=1176 loaded data/1536/stackoverflow_a2q_tw.sub1176.txt (|V_local|=1588  t_range=[10941737,239669009])
rank=1176 loaded routing data/1536/stackoverflow_a2q_tw.rt1176.txt (1032 entries)
rank=1184/1536 dataset=stackoverflow_a2q_tw walkers=50000 (59200000..59249999) steps=30 mode=0 sched=single-bucket delta_t=0 policy=0
rank=1184 loaded data/1536/stackoverflow_a2q_tw.sub1184.txt (|V_local|=1591  t_range=[12748108,239657022])
rank=1184 loaded routing data/1536/stackoverflow_a2q_tw.rt1184.txt (1089 entries)
rank=1194/1536 dataset=stackoverflow_a2q_tw walkers=50000 (59700000..59749999) steps=30 mode=0 sched=single-bucket delta_t=0 policy=0
rank=1194 loaded data/1536/stackoverflow_a2q_tw.sub1194.txt (|V_local|=1582  t_range=[40345437,239572190])
rank=1194 loaded routing data/1536/stackoverflow_a2q_tw.rt1194.txt (1045 entries)
rank=1194 added 7 boundary-only nodes from routing
rank=1169/1536 dataset=stackoverflow_a2q_tw walkers=50000 (58450000..58499999) steps=30 mode=0 sched=single-bucket delta_t=0 policy=0
rank=1169 loaded data/1536/stackoverflow_a2q_tw.sub1169.txt (|V_local|=1601  t_range=[43282138,239507059])
rank=1169 loaded routing data/1536/stackoverflow_a2q_tw.rt1169.txt (1083 entries)
rank=1169 added 1 boundary-only nodes from routing
rank=1180/1536 dataset=stackoverflow_a2q_tw walkers=50000 (59000000..59049999) steps=30 mode=0 sched=single-bucket delta_t=0 policy=0
rank=1180 loaded data/1536/stackoverflow_a2q_tw.sub1180.txt (|V_local|=1592  t_range=[14925860,239697101])
rank=1180 loaded routing data/1536/stackoverflow_a2q_tw.rt1180.txt (1020 entries)
rank=1180 added 1 boundary-only nodes from routing
rank=1175/1536 dataset=stackoverflow_a2q_tw walkers=50000 (58750000..58799999) steps=30 mode=0 sched=single-bucket delta_t=0 policy=0
rank=1175 loaded data/1536/stackoverflow_a2q_tw.sub1175.txt (|V_local|=1651  t_range=[8832601,239693836])
rank=1175 loaded routing data/1536/stackoverflow_a2q_tw.rt1175.txt (1011 entries)
rank=1195/1536 dataset=stackoverflow_a2q_tw walkers=50000 (59750000..59799999) steps=30 mode=0 sched=single-bucket delta_t=0 policy=0
rank=1195 loaded data/1536/stackoverflow_a2q_tw.sub1195.txt (|V_local|=1593  t_range=[66971440,239675161])
rank=1195 loaded routing data/1536/stackoverflow_a2q_tw.rt1195.txt (1099 entries)
rank=1183/1536 dataset=stackoverflow_a2q_tw walkers=50000 (59150000..59199999) steps=30 mode=0 sched=single-bucket delta_t=0 policy=0
rank=1183 loaded data/1536/stackoverflow_a2q_tw.sub1183.txt (|V_local|=1596  t_range=[15547797,239695105])
rank=1183 loaded routing data/1536/stackoverflow_a2q_tw.rt1183.txt (1020 entries)
rank=1190/1536 dataset=stackoverflow_a2q_tw walkers=50000 (59500000..59549999) steps=30 mode=0 sched=single-bucket delta_t=0 policy=0
rank=1190 loaded data/1536/stackoverflow_a2q_tw.sub1190.txt (|V_local|=1595  t_range=[30742132,239668863])
rank=1190 loaded routing data/1536/stackoverflow_a2q_tw.rt1190.txt (1091 entries)
rank=1177/1536 dataset=stackoverflow_a2q_tw walkers=50000 (58850000..58899999) steps=30 mode=0 sched=single-bucket delta_t=0 policy=0
rank=1177 loaded data/1536/stackoverflow_a2q_tw.sub1177.txt (|V_local|=1593  t_range=[40220810,239695447])
rank=1177 loaded routing data/1536/stackoverflow_a2q_tw.rt1177.txt (1058 entries)
rank=1196/1536 dataset=stackoverflow_a2q_tw walkers=50000 (59800000..59849999) steps=30 mode=0 sched=single-bucket delta_t=0 policy=0
rank=1196 loaded data/1536/stackoverflow_a2q_tw.sub1196.txt (|V_local|=1611  t_range=[51974964,239617766])
rank=1196 loaded routing data/1536/stackoverflow_a2q_tw.rt1196.txt (1066 entries)
rank=1181/1536 dataset=stackoverflow_a2q_tw walkers=50000 (59050000..59099999) steps=30 mode=0 sched=single-bucket delta_t=0 policy=0
rank=1181 loaded data/1536/stackoverflow_a2q_tw.sub1181.txt (|V_local|=1607  t_range=[53804696,239672532])
rank=1181 loaded routing data/1536/stackoverflow_a2q_tw.rt1181.txt (1078 entries)
rank=1165/1536 dataset=stackoverflow_a2q_tw walkers=50000 (58250000..58299999) steps=30 mode=0 sched=single-bucket delta_t=0 policy=0
rank=1165 loaded data/1536/stackoverflow_a2q_tw.sub1165.txt (|V_local|=1577  t_range=[24653496,239585533])
rank=1165 loaded routing data/1536/stackoverflow_a2q_tw.rt1165.txt (1095 entries)
rank=1165 added 4 boundary-only nodes from routing
rank=1192/1536 dataset=stackoverflow_a2q_tw walkers=50000 (59600000..59649999) steps=30 mode=0 sched=single-bucket delta_t=0 policy=0
rank=1192 loaded data/1536/stackoverflow_a2q_tw.sub1192.txt (|V_local|=1584  t_range=[6417981,239695032])
rank=1192 loaded routing data/1536/stackoverflow_a2q_tw.rt1192.txt (1029 entries)
rank=1192 added 1 boundary-only nodes from routing
rank=1178/1536 dataset=stackoverflow_a2q_tw walkers=50000 (58900000..58949999) steps=30 mode=0 sched=single-bucket delta_t=0 policy=0
rank=1178 loaded data/1536/stackoverflow_a2q_tw.sub1178.txt (|V_local|=1589  t_range=[47661622,239658307])
rank=1178 loaded routing data/1536/stackoverflow_a2q_tw.rt1178.txt (1081 entries)
rank=1178 added 1 boundary-only nodes from routing
rank=1179/1536 dataset=stackoverflow_a2q_tw walkers=50000 (58950000..58999999) steps=30 mode=0 sched=single-bucket delta_t=0 policy=0
rank=1179 loaded data/1536/stackoverflow_a2q_tw.sub1179.txt (|V_local|=1595  t_range=[7026549,239692605])
rank=1179 loaded routing data/1536/stackoverflow_a2q_tw.rt1179.txt (1115 entries)
rank=1182/1536 dataset=stackoverflow_a2q_tw walkers=50000 (59100000..59149999) steps=30 mode=0 sched=single-bucket delta_t=0 policy=0
rank=1182 loaded data/1536/stackoverflow_a2q_tw.sub1182.txt (|V_local|=1593  t_range=[42467364,239658394])
rank=1182 loaded routing data/1536/stackoverflow_a2q_tw.rt1182.txt (1060 entries)
rank=1173/1536 dataset=stackoverflow_a2q_tw walkers=50000 (58650000..58699999) steps=30 mode=0 sched=single-bucket delta_t=0 policy=0
rank=1173 loaded data/1536/stackoverflow_a2q_tw.sub1173.txt (|V_local|=1590  t_range=[40176675,239685084])
rank=1173 loaded routing data/1536/stackoverflow_a2q_tw.rt1173.txt (1121 entries)
rank=1191/1536 dataset=stackoverflow_a2q_tw walkers=50000 (59550000..59599999) steps=30 mode=0 sched=single-bucket delta_t=0 policy=0
rank=1191 loaded data/1536/stackoverflow_a2q_tw.sub1191.txt (|V_local|=1591  t_range=[6886056,239620673])
rank=1191 loaded routing data/1536/stackoverflow_a2q_tw.rt1191.txt (1047 entries)
rank=1197/1536 dataset=stackoverflow_a2q_tw walkers=50000 (59850000..59899999) steps=30 mode=0 sched=single-bucket delta_t=0 policy=0
rank=1197 loaded data/1536/stackoverflow_a2q_tw.sub1197.txt (|V_local|=1581  t_range=[3989090,239696683])
rank=1197 loaded routing data/1536/stackoverflow_a2q_tw.rt1197.txt (1037 entries)
rank=1197 added 1 boundary-only nodes from routing
rank=1193/1536 dataset=stackoverflow_a2q_tw walkers=50000 (59650000..59699999) steps=30 mode=0 sched=single-bucket delta_t=0 policy=0
rank=1193 loaded data/1536/stackoverflow_a2q_tw.sub1193.txt (|V_local|=1589  t_range=[28985335,239658926])
rank=1193 loaded routing data/1536/stackoverflow_a2q_tw.rt1193.txt (1015 entries)
rank=1185/1536 dataset=stackoverflow_a2q_tw walkers=50000 (59250000..59299999) steps=30 mode=0 sched=single-bucket delta_t=0 policy=0
rank=1185 loaded data/1536/stackoverflow_a2q_tw.sub1185.txt (|V_local|=1585  t_range=[31880688,239696973])
rank=1185 loaded routing data/1536/stackoverflow_a2q_tw.rt1185.txt (1065 entries)
rank=1152/1536 dataset=stackoverflow_a2q_tw walkers=50000 (57600000..57649999) steps=30 mode=0 sched=single-bucket delta_t=0 policy=0
rank=551 added 1 boundary-only nodes from routing
rank=533/1536 dataset=stackoverflow_a2q_tw walkers=50000 (26650000..26699999) steps=30 mode=0 sched=single-bucket delta_t=0 policy=0
rank=533 loaded data/1536/stackoverflow_a2q_tw.sub533.txt (|V_local|=1652  t_range=[20055870,239676923])
rank=533 loaded routing data/1536/stackoverflow_a2q_tw.rt533.txt (498 entries)
rank=529/1536 dataset=stackoverflow_a2q_tw walkers=50000 (26450000..26499999) steps=30 mode=0 sched=single-bucket delta_t=0 policy=0
rank=529 loaded data/1536/stackoverflow_a2q_tw.sub529.txt (|V_local|=1651  t_range=[358288,239627673])
rank=529 loaded routing data/1536/stackoverflow_a2q_tw.rt529.txt (644 entries)
rank=529 added 1 boundary-only nodes from routing
rank=568/1536 dataset=stackoverflow_a2q_tw walkers=50000 (28400000..28449999) steps=30 mode=0 sched=single-bucket delta_t=0 policy=0
rank=568 loaded data/1536/stackoverflow_a2q_tw.sub568.txt (|V_local|=1592  t_range=[5587077,239516853])
rank=568 loaded routing data/1536/stackoverflow_a2q_tw.rt568.txt (977 entries)
rank=925 loaded data/1536/stackoverflow_a2q_tw.sub925.txt (|V_local|=1650  t_range=[5801482,239687964])
rank=925 loaded routing data/1536/stackoverflow_a2q_tw.rt925.txt (1026 entries)
rank=926/1536 dataset=stackoverflow_a2q_tw walkers=50000 (46300000..46349999) steps=30 mode=0 sched=single-bucket delta_t=0 policy=0
rank=926 loaded data/1536/stackoverflow_a2q_tw.sub926.txt (|V_local|=1650  t_range=[32248307,239683943])
rank=926 loaded routing data/1536/stackoverflow_a2q_tw.rt926.txt (1028 entries)
rank=942/1536 dataset=stackoverflow_a2q_tw walkers=50000 (47100000..47149999) steps=30 mode=0 sched=single-bucket delta_t=0 policy=0
rank=942 loaded data/1536/stackoverflow_a2q_tw.sub942.txt (|V_local|=1588  t_range=[8288609,239669192])
rank=942 loaded routing data/1536/stackoverflow_a2q_tw.rt942.txt (1064 entries)
rank=790 added 2 boundary-only nodes from routing
rank=778/1536 dataset=stackoverflow_a2q_tw walkers=50000 (38900000..38949999) steps=30 mode=0 sched=single-bucket delta_t=0 policy=0
rank=778 loaded data/1536/stackoverflow_a2q_tw.sub778.txt (|V_local|=1581  t_range=[426786,239368398])
rank=778 loaded routing data/1536/stackoverflow_a2q_tw.rt778.txt (1138 entries)
rank=778 added 9 boundary-only nodes from routing
rank=772/1536 dataset=stackoverflow_a2q_tw walkers=50000 (38600000..38649999) steps=30 mode=0 sched=single-bucket delta_t=0 policy=0
rank=772 loaded data/1536/stackoverflow_a2q_tw.sub772.txt (|V_local|=1590  t_range=[5911904,239570836])
rank=772 loaded routing data/1536/stackoverflow_a2q_tw.rt772.txt (1098 entries)
rank=787/1536 dataset=stackoverflow_a2q_tw walkers=50000 (39350000..39399999) steps=30 mode=0 sched=single-bucket delta_t=0 policy=0
rank=787 loaded data/1536/stackoverflow_a2q_tw.sub787.txt (|V_local|=1650  t_range=[3998576,239679184])
rank=787 loaded routing data/1536/stackoverflow_a2q_tw.rt787.txt (626 entries)
rank=787 added 2 boundary-only nodes from routing
rank=802/1536 dataset=stackoverflow_a2q_tw walkers=50000 (40100000..40149999) steps=30 mode=0 sched=single-bucket delta_t=0 policy=0
rank=802 loaded data/1536/stackoverflow_a2q_tw.sub802.txt (|V_local|=1586  t_range=[10082252,239526514])
rank=802 loaded routing data/1536/stackoverflow_a2q_tw.rt802.txt (1060 entries)
rank=802 added 1 boundary-only nodes from routing
rank=795/1536 dataset=stackoverflow_a2q_tw walkers=50000 (39750000..39799999) steps=30 mode=0 sched=single-bucket delta_t=0 policy=0
rank=795 loaded data/1536/stackoverflow_a2q_tw.sub795.txt (|V_local|=1586  t_range=[6732464,239662627])
rank=795 loaded routing data/1536/stackoverflow_a2q_tw.rt795.txt (1013 entries)
rank=795 added 4 boundary-only nodes from routing
rank=808/1536 dataset=stackoverflow_a2q_tw walkers=50000 (40400000..40449999) steps=30 mode=0 sched=single-bucket delta_t=0 policy=0
rank=808 loaded data/1536/stackoverflow_a2q_tw.sub808.txt (|V_local|=1618  t_range=[2150863,239580718])
rank=808 loaded routing data/1536/stackoverflow_a2q_tw.rt808.txt (1044 entries)
rank=808 added 1 boundary-only nodes from routing
rank=804/1536 dataset=stackoverflow_a2q_tw walkers=50000 (40200000..40249999) steps=30 mode=0 sched=single-bucket delta_t=0 policy=0
rank=804 loaded data/1536/stackoverflow_a2q_tw.sub804.txt (|V_local|=1586  t_range=[2655650,239643974])
rank=804 loaded routing data/1536/stackoverflow_a2q_tw.rt804.txt (1092 entries)
rank=804 added 4 boundary-only nodes from routing
rank=793/1536 dataset=stackoverflow_a2q_tw walkers=50000 (39650000..39699999) steps=30 mode=0 sched=single-bucket delta_t=0 policy=0
rank=793 loaded data/1536/stackoverflow_a2q_tw.sub793.txt (|V_local|=1635  t_range=[433019,239635286])
rank=793 loaded routing data/1536/stackoverflow_a2q_tw.rt793.txt (902 entries)
rank=793 added 1 boundary-only nodes from routing
rank=810/1536 dataset=stackoverflow_a2q_tw walkers=50000 (40500000..40549999) steps=30 mode=0 sched=single-bucket delta_t=0 policy=0
rank=810 loaded data/1536/stackoverflow_a2q_tw.sub810.txt (|V_local|=1587  t_range=[8087177,239673077])
rank=810 loaded routing data/1536/stackoverflow_a2q_tw.rt810.txt (1017 entries)
rank=810 added 3 boundary-only nodes from routing
rank=784/1536 dataset=stackoverflow_a2q_tw walkers=50000 (39200000..39249999) steps=30 mode=0 sched=single-bucket delta_t=0 policy=0
rank=784 loaded data/1536/stackoverflow_a2q_tw.sub784.txt (|V_local|=1587  t_range=[2235682,239586821])
rank=784 loaded routing data/1536/stackoverflow_a2q_tw.rt784.txt (1014 entries)
rank=784 added 3 boundary-only nodes from routing
rank=807/1536 dataset=stackoverflow_a2q_tw walkers=50000 (40350000..40399999) steps=30 mode=0 sched=single-bucket delta_t=0 policy=0
rank=807 loaded data/1536/stackoverflow_a2q_tw.sub807.txt (|V_local|=1585  t_range=[952981,239692814])
rank=807 loaded routing data/1536/stackoverflow_a2q_tw.rt807.txt (1087 entries)
rank=807 added 5 boundary-only nodes from routing
rank=805/1536 dataset=stackoverflow_a2q_tw walkers=50000 (40250000..40299999) steps=30 mode=0 sched=single-bucket delta_t=0 policy=0
rank=805 loaded data/1536/stackoverflow_a2q_tw.sub805.txt (|V_local|=1601  t_range=[4548499,239579968])
rank=805 loaded routing data/1536/stackoverflow_a2q_tw.rt805.txt (958 entries)
rank=789/1536 dataset=stackoverflow_a2q_tw walkers=50000 (39450000..39499999) steps=30 mode=0 sched=single-bucket delta_t=0 policy=0
rank=789 loaded data/1536/stackoverflow_a2q_tw.sub789.txt (|V_local|=1593  t_range=[977827,239653740])
rank=789 loaded routing data/1536/stackoverflow_a2q_tw.rt789.txt (1089 entries)
rank=789 added 3 boundary-only nodes from routing
rank=1123 loaded data/1536/stackoverflow_a2q_tw.sub1123.txt (|V_local|=1586  t_range=[3162732,239672155])
rank=1123 loaded routing data/1536/stackoverflow_a2q_tw.rt1123.txt (1076 entries)
rank=1151/1536 dataset=stackoverflow_a2q_tw walkers=50000 (57550000..57599999) steps=30 mode=0 sched=single-bucket delta_t=0 policy=0
rank=1151 loaded data/1536/stackoverflow_a2q_tw.sub1151.txt (|V_local|=1593  t_range=[29709439,239697762])
rank=1151 loaded routing data/1536/stackoverflow_a2q_tw.rt1151.txt (1023 entries)
rank=1151 added 2 boundary-only nodes from routing
rank=1138/1536 dataset=stackoverflow_a2q_tw walkers=50000 (56900000..56949999) steps=30 mode=0 sched=single-bucket delta_t=0 policy=0
rank=1138 loaded data/1536/stackoverflow_a2q_tw.sub1138.txt (|V_local|=1590  t_range=[19254144,239654902])
rank=1138 loaded routing data/1536/stackoverflow_a2q_tw.rt1138.txt (1025 entries)
rank=1138 added 1 boundary-only nodes from routing
rank=1140/1536 dataset=stackoverflow_a2q_tw walkers=50000 (57000000..57049999) steps=30 mode=0 sched=single-bucket delta_t=0 policy=0
rank=1140 loaded data/1536/stackoverflow_a2q_tw.sub1140.txt (|V_local|=1594  t_range=[307056,239640446])
rank=1140 loaded routing data/1536/stackoverflow_a2q_tw.rt1140.txt (1104 entries)
rank=1140 added 2 boundary-only nodes from routing
rank=1129/1536 dataset=stackoverflow_a2q_tw walkers=50000 (56450000..56499999) steps=30 mode=0 sched=single-bucket delta_t=0 policy=0
rank=1129 loaded data/1536/stackoverflow_a2q_tw.sub1129.txt (|V_local|=1594  t_range=[5125988,239685633])
rank=1129 loaded routing data/1536/stackoverflow_a2q_tw.rt1129.txt (948 entries)
rank=1131/1536 dataset=stackoverflow_a2q_tw walkers=50000 (56550000..56599999) steps=30 mode=0 sched=single-bucket delta_t=0 policy=0
rank=1131 loaded data/1536/stackoverflow_a2q_tw.sub1131.txt (|V_local|=1587  t_range=[3726911,239686692])
rank=1131 loaded routing data/1536/stackoverflow_a2q_tw.rt1131.txt (1069 entries)
rank=1131 added 2 boundary-only nodes from routing
rank=1119/1536 dataset=stackoverflow_a2q_tw walkers=50000 (55950000..55999999) steps=30 mode=0 sched=single-bucket delta_t=0 policy=0
rank=1119 loaded data/1536/stackoverflow_a2q_tw.sub1119.txt (|V_local|=1590  t_range=[4171546,239557360])
rank=1119 loaded routing data/1536/stackoverflow_a2q_tw.rt1119.txt (1046 entries)
rank=1119 added 1 boundary-only nodes from routing
rank=1145/1536 dataset=stackoverflow_a2q_tw walkers=50000 (57250000..57299999) steps=30 mode=0 sched=single-bucket delta_t=0 policy=0
rank=1145 loaded data/1536/stackoverflow_a2q_tw.sub1145.txt (|V_local|=1646  t_range=[11437210,239689891])
rank=1145 loaded routing data/1536/stackoverflow_a2q_tw.rt1145.txt (926 entries)
rank=1145 added 2 boundary-only nodes from routing
rank=1127/1536 dataset=stackoverflow_a2q_tw walkers=50000 (56350000..56399999) steps=30 mode=0 sched=single-bucket delta_t=0 policy=0
rank=1127 loaded data/1536/stackoverflow_a2q_tw.sub1127.txt (|V_local|=1652  t_range=[10953461,239680082])
rank=1127 loaded routing data/1536/stackoverflow_a2q_tw.rt1127.txt (987 entries)
rank=1136/1536 dataset=stackoverflow_a2q_tw walkers=50000 (56800000..56849999) steps=30 mode=0 sched=single-bucket delta_t=0 policy=0
rank=1136 loaded data/1536/stackoverflow_a2q_tw.sub1136.txt (|V_local|=1589  t_range=[8875176,239677352])
rank=1136 loaded routing data/1536/stackoverflow_a2q_tw.rt1136.txt (978 entries)
rank=1136 added 2 boundary-only nodes from routing
rank=1144/1536 dataset=stackoverflow_a2q_tw walkers=50000 (57200000..57249999) steps=30 mode=0 sched=single-bucket delta_t=0 policy=0
rank=1144 loaded data/1536/stackoverflow_a2q_tw.sub1144.txt (|V_local|=1593  t_range=[8363252,239643411])
rank=1144 loaded routing data/1536/stackoverflow_a2q_tw.rt1144.txt (992 entries)
rank=1144 added 1 boundary-only nodes from routing
rank=1128/1536 dataset=stackoverflow_a2q_tw walkers=50000 (56400000..56449999) steps=30 mode=0 sched=single-bucket delta_t=0 policy=0
rank=1128 loaded data/1536/stackoverflow_a2q_tw.sub1128.txt (|V_local|=1590  t_range=[3960995,239692686])
rank=1128 loaded routing data/1536/stackoverflow_a2q_tw.rt1128.txt (1100 entries)
rank=1128 added 3 boundary-only nodes from routing
rank=1133/1536 dataset=stackoverflow_a2q_tw walkers=50000 (56650000..56699999) steps=30 mode=0 sched=single-bucket delta_t=0 policy=0
rank=1133 loaded data/1536/stackoverflow_a2q_tw.sub1133.txt (|V_local|=1650  t_range=[4133061,239674703])
rank=1133 loaded routing data/1536/stackoverflow_a2q_tw.rt1133.txt (814 entries)
rank=1133 added 1 boundary-only nodes from routing
rank=1114/1536 dataset=stackoverflow_a2q_tw walkers=50000 (55700000..55749999) steps=30 mode=0 sched=single-bucket delta_t=0 policy=0
rank=1114 loaded data/1536/stackoverflow_a2q_tw.sub1114.txt (|V_local|=1593  t_range=[2814453,239644942])
rank=1114 loaded routing data/1536/stackoverflow_a2q_tw.rt1114.txt (1008 entries)
rank=1114 added 1 boundary-only nodes from routing
rank=1142/1536 dataset=stackoverflow_a2q_tw walkers=50000 (57100000..57149999) steps=30 mode=0 sched=single-bucket delta_t=0 policy=0
rank=1142 loaded data/1536/stackoverflow_a2q_tw.sub1142.txt (|V_local|=1652  t_range=[30530490,239661173])
rank=1142 loaded routing data/1536/stackoverflow_a2q_tw.rt1142.txt (956 entries)
rank=1146/1536 dataset=stackoverflow_a2q_tw walkers=50000 (57300000..57349999) steps=30 mode=0 sched=single-bucket delta_t=0 policy=0
rank=1146 loaded data/1536/stackoverflow_a2q_tw.sub1146.txt (|V_local|=1586  t_range=[14612641,239675114])
rank=1146 loaded routing data/1536/stackoverflow_a2q_tw.rt1146.txt (1111 entries)
rank=1146 added 1 boundary-only nodes from routing
rank=1150/1536 dataset=stackoverflow_a2q_tw walkers=50000 (57500000..57549999) steps=30 mode=0 sched=single-bucket delta_t=0 policy=0
rank=1150 loaded data/1536/stackoverflow_a2q_tw.sub1150.txt (|V_local|=1595  t_range=[29124089,239698816])
rank=1150 loaded routing data/1536/stackoverflow_a2q_tw.rt1150.txt (1036 entries)
rank=1150 added 1 boundary-only nodes from routing
rank=1141/1536 dataset=stackoverflow_a2q_tw walkers=50000 (57050000..57099999) steps=30 mode=0 sched=single-bucket delta_t=0 policy=0
rank=1141 loaded data/1536/stackoverflow_a2q_tw.sub1141.txt (|V_local|=1613  t_range=[3431961,239588485])
rank=1141 loaded routing data/1536/stackoverflow_a2q_tw.rt1141.txt (1036 entries)
rank=1139/1536 dataset=stackoverflow_a2q_tw walkers=50000 (56950000..56999999) steps=30 mode=0 sched=single-bucket delta_t=0 policy=0
rank=1139 loaded data/1536/stackoverflow_a2q_tw.sub1139.txt (|V_local|=1581  t_range=[3674670,239691900])
rank=1139 loaded routing data/1536/stackoverflow_a2q_tw.rt1139.txt (1049 entries)
rank=1139 added 1 boundary-only nodes from routing
rank=1143/1536 dataset=stackoverflow_a2q_tw walkers=50000 (57150000..57199999) steps=30 mode=0 sched=single-bucket delta_t=0 policy=0
rank=1143 loaded data/1536/stackoverflow_a2q_tw.sub1143.txt (|V_local|=1584  t_range=[2302403,239690306])
rank=1143 loaded routing data/1536/stackoverflow_a2q_tw.rt1143.txt (1025 entries)
rank=1148/1536 dataset=stackoverflow_a2q_tw walkers=50000 (57400000..57449999) steps=30 mode=0 sched=single-bucket delta_t=0 policy=0
rank=1148 loaded data/1536/stackoverflow_a2q_tw.sub1148.txt (|V_local|=1604  t_range=[7689371,239666699])
rank=1148 loaded routing data/1536/stackoverflow_a2q_tw.rt1148.txt (1044 entries)
rank=1148 added 1 boundary-only nodes from routing
rank=1137/1536 dataset=stackoverflow_a2q_tw walkers=50000 (56850000..56899999) steps=30 mode=0 sched=single-bucket delta_t=0 policy=0
rank=1137 loaded data/1536/stackoverflow_a2q_tw.sub1137.txt (|V_local|=1592  t_range=[14933404,239642676])
rank=1137 loaded routing data/1536/stackoverflow_a2q_tw.rt1137.txt (1012 entries)
rank=1137 added 1 boundary-only nodes from routing
rank=1104/1536 dataset=stackoverflow_a2q_tw walkers=50000 (55200000..55249999) steps=30 mode=0 sched=single-bucket delta_t=0 policy=0
rank=1104 loaded data/1536/stackoverflow_a2q_tw.sub1104.txt (|V_local|=1590  t_range=[3292572,239650992])
rank=1104 loaded routing data/1536/stackoverflow_a2q_tw.rt1104.txt (1097 entries)
rank=1104 added 1 boundary-only nodes from routing
rank=1356/1536 dataset=stackoverflow_a2q_tw walkers=50000 (67800000..67849999) steps=30 mode=0 sched=single-bucket delta_t=0 policy=0
rank=1356 loaded data/1536/stackoverflow_a2q_tw.sub1356.txt (|V_local|=1592  t_range=[470731,239419579])
rank=1356 loaded routing data/1536/stackoverflow_a2q_tw.rt1356.txt (1061 entries)
rank=1356 added 2 boundary-only nodes from routing
rank=608/1536 dataset=stackoverflow_a2q_tw walkers=50000 (30400000..30449999) steps=30 mode=0 sched=single-bucket delta_t=0 policy=0
rank=608 loaded data/1536/stackoverflow_a2q_tw.sub608.txt (|V_local|=1606  t_range=[10604241,239665253])
rank=608 loaded routing data/1536/stackoverflow_a2q_tw.rt608.txt (1067 entries)
rank=603/1536 dataset=stackoverflow_a2q_tw walkers=50000 (30150000..30199999) steps=30 mode=0 sched=single-bucket delta_t=0 policy=0
rank=603 loaded data/1536/stackoverflow_a2q_tw.sub603.txt (|V_local|=1588  t_range=[4784491,239667733])
rank=603 loaded routing data/1536/stackoverflow_a2q_tw.rt603.txt (1074 entries)
rank=623/1536 dataset=stackoverflow_a2q_tw walkers=50000 (31150000..31199999) steps=30 mode=0 sched=single-bucket delta_t=0 policy=0
rank=623 loaded data/1536/stackoverflow_a2q_tw.sub623.txt (|V_local|=1634  t_range=[16213418,239672261])
rank=623 loaded routing data/1536/stackoverflow_a2q_tw.rt623.txt (981 entries)
rank=623 added 1 boundary-only nodes from routing
rank=604/1536 dataset=stackoverflow_a2q_tw walkers=50000 (30200000..30249999) steps=30 mode=0 sched=single-bucket delta_t=0 policy=0
rank=604 loaded data/1536/stackoverflow_a2q_tw.sub604.txt (|V_local|=1601  t_range=[7312161,239697823])
rank=604 loaded routing data/1536/stackoverflow_a2q_tw.rt604.txt (1038 entries)
rank=596/1536 dataset=stackoverflow_a2q_tw walkers=50000 (29800000..29849999) steps=30 mode=0 sched=single-bucket delta_t=0 policy=0
rank=596 loaded data/1536/stackoverflow_a2q_tw.sub596.txt (|V_local|=1594  t_range=[4920771,239644685])
rank=596 loaded routing data/1536/stackoverflow_a2q_tw.rt596.txt (1021 entries)
rank=599/1536 dataset=stackoverflow_a2q_tw walkers=50000 (29950000..29999999) steps=30 mode=0 sched=single-bucket delta_t=0 policy=0
rank=599 loaded data/1536/stackoverflow_a2q_tw.sub599.txt (|V_local|=1651  t_range=[19668907,239654685])
rank=599 loaded routing data/1536/stackoverflow_a2q_tw.rt599.txt (739 entries)
rank=619/1536 dataset=stackoverflow_a2q_tw walkers=50000 (30950000..30999999) steps=30 mode=0 sched=single-bucket delta_t=0 policy=0
rank=619 loaded data/1536/stackoverflow_a2q_tw.sub619.txt (|V_local|=1589  t_range=[8230826,239641735])
rank=619 loaded routing data/1536/stackoverflow_a2q_tw.rt619.txt (1043 entries)
rank=619 added 2 boundary-only nodes from routing
rank=616/1536 dataset=stackoverflow_a2q_tw walkers=50000 (30800000..30849999) steps=30 mode=0 sched=single-bucket delta_t=0 policy=0
rank=616 loaded data/1536/stackoverflow_a2q_tw.sub616.txt (|V_local|=1591  t_range=[38814405,239683736])
rank=616 loaded routing data/1536/stackoverflow_a2q_tw.rt616.txt (1040 entries)
rank=606/1536 dataset=stackoverflow_a2q_tw walkers=50000 (30300000..30349999) steps=30 mode=0 sched=single-bucket delta_t=0 policy=0
rank=606 loaded data/1536/stackoverflow_a2q_tw.sub606.txt (|V_local|=1591  t_range=[8035796,239689763])
rank=606 loaded routing data/1536/stackoverflow_a2q_tw.rt606.txt (1098 entries)
rank=606 added 2 boundary-only nodes from routing
rank=602/1536 dataset=stackoverflow_a2q_tw walkers=50000 (30100000..30149999) steps=30 mode=0 sched=single-bucket delta_t=0 policy=0
rank=602 loaded data/1536/stackoverflow_a2q_tw.sub602.txt (|V_local|=1588  t_range=[3639712,239698639])
rank=602 loaded routing data/1536/stackoverflow_a2q_tw.rt602.txt (1080 entries)
rank=602 added 2 boundary-only nodes from routing
rank=598/1536 dataset=stackoverflow_a2q_tw walkers=50000 (29900000..29949999) steps=30 mode=0 sched=single-bucket delta_t=0 policy=0
rank=598 loaded data/1536/stackoverflow_a2q_tw.sub598.txt (|V_local|=1588  t_range=[4746183,239567042])
rank=598 loaded routing data/1536/stackoverflow_a2q_tw.rt598.txt (1118 entries)
rank=598 added 1 boundary-only nodes from routing
rank=605/1536 dataset=stackoverflow_a2q_tw walkers=50000 (30250000..30299999) steps=30 mode=0 sched=single-bucket delta_t=0 policy=0
rank=605 loaded data/1536/stackoverflow_a2q_tw.sub605.txt (|V_local|=1596  t_range=[5464421,239691946])
rank=605 loaded routing data/1536/stackoverflow_a2q_tw.rt605.txt (1005 entries)
rank=581/1536 dataset=stackoverflow_a2q_tw walkers=50000 (29050000..29099999) steps=30 mode=0 sched=single-bucket delta_t=0 policy=0
rank=581 loaded data/1536/stackoverflow_a2q_tw.sub581.txt (|V_local|=1588  t_range=[16160099,239640765])
rank=581 loaded routing data/1536/stackoverflow_a2q_tw.rt581.txt (1069 entries)
rank=581 added 2 boundary-only nodes from routing
rank=617/1536 dataset=stackoverflow_a2q_tw walkers=50000 (30850000..30899999) steps=30 mode=0 sched=single-bucket delta_t=0 policy=0
rank=617 loaded data/1536/stackoverflow_a2q_tw.sub617.txt (|V_local|=1595  t_range=[10919135,239657675])
rank=617 loaded routing data/1536/stackoverflow_a2q_tw.rt617.txt (1071 entries)
rank=620/1536 dataset=stackoverflow_a2q_tw walkers=50000 (31000000..31049999) steps=30 mode=0 sched=single-bucket delta_t=0 policy=0
rank=620 loaded data/1536/stackoverflow_a2q_tw.sub620.txt (|V_local|=1596  t_range=[7339942,239673389])
rank=620 loaded routing data/1536/stackoverflow_a2q_tw.rt620.txt (1099 entries)
rank=612/1536 dataset=stackoverflow_a2q_tw walkers=50000 (30600000..30649999) steps=30 mode=0 sched=single-bucket delta_t=0 policy=0
rank=612 loaded data/1536/stackoverflow_a2q_tw.sub612.txt (|V_local|=1583  t_range=[20629702,239672074])
rank=612 loaded routing data/1536/stackoverflow_a2q_tw.rt612.txt (1028 entries)
rank=615/1536 dataset=stackoverflow_a2q_tw walkers=50000 (30750000..30799999) steps=30 mode=0 sched=single-bucket delta_t=0 policy=0
rank=615 loaded data/1536/stackoverflow_a2q_tw.sub615.txt (|V_local|=1587  t_range=[1712446,239691665])
rank=615 loaded routing data/1536/stackoverflow_a2q_tw.rt615.txt (1033 entries)
rank=615 added 1 boundary-only nodes from routing
rank=618/1536 dataset=stackoverflow_a2q_tw walkers=50000 (30900000..30949999) steps=30 mode=0 sched=single-bucket delta_t=0 policy=0
rank=618 loaded data/1536/stackoverflow_a2q_tw.sub618.txt (|V_local|=1595  t_range=[34273931,239693353])
rank=618 loaded routing data/1536/stackoverflow_a2q_tw.rt618.txt (1042 entries)
rank=618 added 1 boundary-only nodes from routing
rank=614/1536 dataset=stackoverflow_a2q_tw walkers=50000 (30700000..30749999) steps=30 mode=0 sched=single-bucket delta_t=0 policy=0
rank=614 loaded data/1536/stackoverflow_a2q_tw.sub614.txt (|V_local|=1590  t_range=[1783955,239697546])
rank=614 loaded routing data/1536/stackoverflow_a2q_tw.rt614.txt (1022 entries)
rank=613/1536 dataset=stackoverflow_a2q_tw walkers=50000 (30650000..30699999) steps=30 mode=0 sched=single-bucket delta_t=0 policy=0
rank=613 loaded data/1536/stackoverflow_a2q_tw.sub613.txt (|V_local|=1591  t_range=[4916524,239696352])
rank=613 loaded routing data/1536/stackoverflow_a2q_tw.rt613.txt (1029 entries)
rank=594/1536 dataset=stackoverflow_a2q_tw walkers=50000 (29700000..29749999) steps=30 mode=0 sched=single-bucket delta_t=0 policy=0
rank=594 loaded data/1536/stackoverflow_a2q_tw.sub594.txt (|V_local|=1591  t_range=[26438095,239600257])
rank=594 loaded routing data/1536/stackoverflow_a2q_tw.rt594.txt (1067 entries)
rank=594 added 1 boundary-only nodes from routing
rank=580/1536 dataset=stackoverflow_a2q_tw walkers=50000 (29000000..29049999) steps=30 mode=0 sched=single-bucket delta_t=0 policy=0
rank=580 loaded data/1536/stackoverflow_a2q_tw.sub580.txt (|V_local|=1580  t_range=[1728435,239692784])
rank=580 loaded routing data/1536/stackoverflow_a2q_tw.rt580.txt (1068 entries)
rank=580 added 1 boundary-only nodes from routing
rank=576/1536 dataset=stackoverflow_a2q_tw walkers=50000 (28800000..28849999) steps=30 mode=0 sched=single-bucket delta_t=0 policy=0
rank=576 loaded data/1536/stackoverflow_a2q_tw.sub576.txt (|V_local|=1591  t_range=[4061647,239576747])
rank=576 loaded routing data/1536/stackoverflow_a2q_tw.rt576.txt (1079 entries)
rank=576 added 3 boundary-only nodes from routing
rank=610/1536 dataset=stackoverflow_a2q_tw walkers=50000 (30500000..30549999) steps=30 mode=0 sched=single-bucket delta_t=0 policy=0
rank=610 loaded data/1536/stackoverflow_a2q_tw.sub610.txt (|V_local|=1593  t_range=[13571614,239686025])
rank=610 loaded routing data/1536/stackoverflow_a2q_tw.rt610.txt (950 entries)
rank=1270/1536 dataset=stackoverflow_a2q_tw walkers=50000 (63500000..63549999) steps=30 mode=0 sched=single-bucket delta_t=0 policy=0
rank=1270 loaded data/1536/stackoverflow_a2q_tw.sub1270.txt (|V_local|=1591  t_range=[34764802,239647674])
rank=1270 loaded routing data/1536/stackoverflow_a2q_tw.rt1270.txt (1036 entries)
rank=1285/1536 dataset=stackoverflow_a2q_tw walkers=50000 (64250000..64299999) steps=30 mode=0 sched=single-bucket delta_t=0 policy=0
rank=1285 loaded data/1536/stackoverflow_a2q_tw.sub1285.txt (|V_local|=1593  t_range=[6564190,239695360])
rank=1285 loaded routing data/1536/stackoverflow_a2q_tw.rt1285.txt (1101 entries)
rank=1285 added 1 boundary-only nodes from routing
rank=1269/1536 dataset=stackoverflow_a2q_tw walkers=50000 (63450000..63499999) steps=30 mode=0 sched=single-bucket delta_t=0 policy=0
rank=1269 loaded data/1536/stackoverflow_a2q_tw.sub1269.txt (|V_local|=1583  t_range=[11290687,239683188])
rank=1269 loaded routing data/1536/stackoverflow_a2q_tw.rt1269.txt (1103 entries)
rank=1269 added 4 boundary-only nodes from routing
rank=1295/1536 dataset=stackoverflow_a2q_tw walkers=50000 (64750000..64799999) steps=30 mode=0 sched=single-bucket delta_t=0 policy=0
rank=1295 loaded data/1536/stackoverflow_a2q_tw.sub1295.txt (|V_local|=1586  t_range=[4044709,239698412])
rank=1295 loaded routing data/1536/stackoverflow_a2q_tw.rt1295.txt (1068 entries)
rank=1295 added 1 boundary-only nodes from routing
rank=1259/1536 dataset=stackoverflow_a2q_tw walkers=50000 (62950000..62999999) steps=30 mode=0 sched=single-bucket delta_t=0 policy=0
rank=1259 loaded data/1536/stackoverflow_a2q_tw.sub1259.txt (|V_local|=1594  t_range=[31242089,239673170])
rank=1259 loaded routing data/1536/stackoverflow_a2q_tw.rt1259.txt (1114 entries)
rank=1271/1536 dataset=stackoverflow_a2q_tw walkers=50000 (63550000..63599999) steps=30 mode=0 sched=single-bucket delta_t=0 policy=0
rank=1271 loaded data/1536/stackoverflow_a2q_tw.sub1271.txt (|V_local|=1600  t_range=[19064120,239668420])
rank=1271 loaded routing data/1536/stackoverflow_a2q_tw.rt1271.txt (1051 entries)
rank=1291/1536 dataset=stackoverflow_a2q_tw walkers=50000 (64550000..64599999) steps=30 mode=0 sched=single-bucket delta_t=0 policy=0
rank=1291 loaded data/1536/stackoverflow_a2q_tw.sub1291.txt (|V_local|=1651  t_range=[42324995,239659221])
rank=1291 loaded routing data/1536/stackoverflow_a2q_tw.rt1291.txt (943 entries)
rank=1291 added 1 boundary-only nodes from routing
rank=1284/1536 dataset=stackoverflow_a2q_tw walkers=50000 (64200000..64249999) steps=30 mode=0 sched=single-bucket delta_t=0 policy=0
rank=1284 loaded data/1536/stackoverflow_a2q_tw.sub1284.txt (|V_local|=1587  t_range=[12598285,239661582])
rank=1284 loaded routing data/1536/stackoverflow_a2q_tw.rt1284.txt (1080 entries)
rank=1264/1536 dataset=stackoverflow_a2q_tw walkers=50000 (63200000..63249999) steps=30 mode=0 sched=single-bucket delta_t=0 policy=0
rank=1264 loaded data/1536/stackoverflow_a2q_tw.sub1264.txt (|V_local|=1588  t_range=[50077302,239680610])
rank=1264 loaded routing data/1536/stackoverflow_a2q_tw.rt1264.txt (1119 entries)
rank=1287/1536 dataset=stackoverflow_a2q_tw walkers=50000 (64350000..64399999) steps=30 mode=0 sched=single-bucket delta_t=0 policy=0
rank=1287 loaded data/1536/stackoverflow_a2q_tw.sub1287.txt (|V_local|=1589  t_range=[16388358,239541388])
rank=1287 loaded routing data/1536/stackoverflow_a2q_tw.rt1287.txt (1025 entries)
rank=1260/1536 dataset=stackoverflow_a2q_tw walkers=50000 (63000000..63049999) steps=30 mode=0 sched=single-bucket delta_t=0 policy=0
rank=1260 loaded data/1536/stackoverflow_a2q_tw.sub1260.txt (|V_local|=1591  t_range=[17969433,239573119])
rank=1260 loaded routing data/1536/stackoverflow_a2q_tw.rt1260.txt (1069 entries)
rank=1260 added 2 boundary-only nodes from routing
rank=1262/1536 dataset=stackoverflow_a2q_tw walkers=50000 (63100000..63149999) steps=30 mode=0 sched=single-bucket delta_t=0 policy=0
rank=1262 loaded data/1536/stackoverflow_a2q_tw.sub1262.txt (|V_local|=1594  t_range=[21808691,239652837])
rank=1262 loaded routing data/1536/stackoverflow_a2q_tw.rt1262.txt (884 entries)
rank=1286/1536 dataset=stackoverflow_a2q_tw walkers=50000 (64300000..64349999) steps=30 mode=0 sched=single-bucket delta_t=0 policy=0
rank=1286 loaded data/1536/stackoverflow_a2q_tw.sub1286.txt (|V_local|=1581  t_range=[1625652,239667239])
rank=1286 loaded routing data/1536/stackoverflow_a2q_tw.rt1286.txt (1058 entries)
rank=1286 added 3 boundary-only nodes from routing
rank=1272/1536 dataset=stackoverflow_a2q_tw walkers=50000 (63600000..63649999) steps=30 mode=0 sched=single-bucket delta_t=0 policy=0
rank=1272 loaded data/1536/stackoverflow_a2q_tw.sub1272.txt (|V_local|=1594  t_range=[6972656,239585899])
rank=1272 loaded routing data/1536/stackoverflow_a2q_tw.rt1272.txt (1006 entries)
rank=1276/1536 dataset=stackoverflow_a2q_tw walkers=50000 (63800000..63849999) steps=30 mode=0 sched=single-bucket delta_t=0 policy=0
rank=1276 loaded data/1536/stackoverflow_a2q_tw.sub1276.txt (|V_local|=1651  t_range=[10183978,239666112])
rank=1276 loaded routing data/1536/stackoverflow_a2q_tw.rt1276.txt (686 entries)
rank=1263/1536 dataset=stackoverflow_a2q_tw walkers=50000 (63150000..63199999) steps=30 mode=0 sched=single-bucket delta_t=0 policy=0
rank=1263 loaded data/1536/stackoverflow_a2q_tw.sub1263.txt (|V_local|=1591  t_range=[7162542,239677305])
rank=1263 loaded routing data/1536/stackoverflow_a2q_tw.rt1263.txt (1102 entries)
rank=1261/1536 dataset=stackoverflow_a2q_tw walkers=50000 (63050000..63099999) steps=30 mode=0 sched=single-bucket delta_t=0 policy=0
rank=1261 loaded data/1536/stackoverflow_a2q_tw.sub1261.txt (|V_local|=1590  t_range=[9607102,239637477])
rank=1261 loaded routing data/1536/stackoverflow_a2q_tw.rt1261.txt (1034 entries)
rank=1261 added 1 boundary-only nodes from routing
rank=1266/1536 dataset=stackoverflow_a2q_tw walkers=50000 (63300000..63349999) steps=30 mode=0 sched=single-bucket delta_t=0 policy=0
rank=1266 loaded data/1536/stackoverflow_a2q_tw.sub1266.txt (|V_local|=1592  t_range=[47574701,239674515])
rank=1266 loaded routing data/1536/stackoverflow_a2q_tw.rt1266.txt (1111 entries)
rank=1268/1536 dataset=stackoverflow_a2q_tw walkers=50000 (63400000..63449999) steps=30 mode=0 sched=single-bucket delta_t=0 policy=0
rank=1268 loaded data/1536/stackoverflow_a2q_tw.sub1268.txt (|V_local|=1626  t_range=[40018667,239698299])
rank=1268 loaded routing data/1536/stackoverflow_a2q_tw.rt1268.txt (1025 entries)
rank=1258/1536 dataset=stackoverflow_a2q_tw walkers=50000 (62900000..62949999) steps=30 mode=0 sched=single-bucket delta_t=0 policy=0
rank=1258 loaded data/1536/stackoverflow_a2q_tw.sub1258.txt (|V_local|=1590  t_range=[7680804,239689050])
rank=1258 loaded routing data/1536/stackoverflow_a2q_tw.rt1258.txt (1090 entries)
rank=1289/1536 dataset=stackoverflow_a2q_tw walkers=50000 (64450000..64499999) steps=30 mode=0 sched=single-bucket delta_t=0 policy=0
rank=1289 loaded data/1536/stackoverflow_a2q_tw.sub1289.txt (|V_local|=1588  t_range=[12641168,239568012])
rank=1289 loaded routing data/1536/stackoverflow_a2q_tw.rt1289.txt (1060 entries)
rank=1289 added 1 boundary-only nodes from routing
rank=1293/1536 dataset=stackoverflow_a2q_tw walkers=50000 (64650000..64699999) steps=30 mode=0 sched=single-bucket delta_t=0 policy=0
rank=1293 loaded data/1536/stackoverflow_a2q_tw.sub1293.txt (|V_local|=1590  t_range=[3408063,239588098])
rank=1293 loaded routing data/1536/stackoverflow_a2q_tw.rt1293.txt (1123 entries)
rank=1293 added 1 boundary-only nodes from routing
rank=1290/1536 dataset=stackoverflow_a2q_tw walkers=50000 (64500000..64549999) steps=30 mode=0 sched=single-bucket delta_t=0 policy=0
rank=1290 loaded data/1536/stackoverflow_a2q_tw.sub1290.txt (|V_local|=1583  t_range=[1602067,239673275])
rank=1290 loaded routing data/1536/stackoverflow_a2q_tw.rt1290.txt (1055 entries)
rank=1290 added 5 boundary-only nodes from routing
rank=1274/1536 dataset=stackoverflow_a2q_tw walkers=50000 (63700000..63749999) steps=30 mode=0 sched=single-bucket delta_t=0 policy=0
rank=1274 loaded data/1536/stackoverflow_a2q_tw.sub1274.txt (|V_local|=1590  t_range=[19667949,239664323])
rank=882 added 1 boundary-only nodes from routing
rank=886/1536 dataset=stackoverflow_a2q_tw walkers=50000 (44300000..44349999) steps=30 mode=0 sched=single-bucket delta_t=0 policy=0
rank=886 loaded data/1536/stackoverflow_a2q_tw.sub886.txt (|V_local|=1584  t_range=[1203440,239497918])
rank=886 loaded routing data/1536/stackoverflow_a2q_tw.rt886.txt (1000 entries)
rank=886 added 5 boundary-only nodes from routing
rank=893/1536 dataset=stackoverflow_a2q_tw walkers=50000 (44650000..44699999) steps=30 mode=0 sched=single-bucket delta_t=0 policy=0
rank=893 loaded data/1536/stackoverflow_a2q_tw.sub893.txt (|V_local|=1586  t_range=[2835459,239572793])
rank=893 loaded routing data/1536/stackoverflow_a2q_tw.rt893.txt (1102 entries)
rank=893 added 6 boundary-only nodes from routing
rank=1510/1536 dataset=stackoverflow_a2q_tw walkers=50000 (75500000..75549999) steps=30 mode=0 sched=single-bucket delta_t=0 policy=0
rank=1510 loaded data/1536/stackoverflow_a2q_tw.sub1510.txt (|V_local|=1587  t_range=[39720356,239576909])
rank=1510 loaded routing data/1536/stackoverflow_a2q_tw.rt1510.txt (72 entries)
rank=1510 added 4 boundary-only nodes from routing
rank=1530/1536 dataset=stackoverflow_a2q_tw walkers=50000 (76500000..76549999) steps=30 mode=0 sched=single-bucket delta_t=0 policy=0
rank=1530 loaded data/1536/stackoverflow_a2q_tw.sub1530.txt (|V_local|=1589  t_range=[16123003,239598750])
rank=1530 loaded routing data/1536/stackoverflow_a2q_tw.rt1530.txt (81 entries)
rank=1515/1536 dataset=stackoverflow_a2q_tw walkers=50000 (75750000..75799999) steps=30 mode=0 sched=single-bucket delta_t=0 policy=0
rank=1515 loaded data/1536/stackoverflow_a2q_tw.sub1515.txt (|V_local|=1585  t_range=[4726652,239689728])
rank=1515 loaded routing data/1536/stackoverflow_a2q_tw.rt1515.txt (76 entries)
rank=1515 added 2 boundary-only nodes from routing
rank=1520/1536 dataset=stackoverflow_a2q_tw walkers=50000 (76000000..76049999) steps=30 mode=0 sched=single-bucket delta_t=0 policy=0
rank=1520 loaded data/1536/stackoverflow_a2q_tw.sub1520.txt (|V_local|=1602  t_range=[20886980,239668852])
rank=1520 loaded routing data/1536/stackoverflow_a2q_tw.rt1520.txt (30 entries)
rank=1502/1536 dataset=stackoverflow_a2q_tw walkers=50000 (75100000..75149999) steps=30 mode=0 sched=single-bucket delta_t=0 policy=0
rank=1502 loaded data/1536/stackoverflow_a2q_tw.sub1502.txt (|V_local|=1600  t_range=[38727531,239612064])
rank=1502 loaded routing data/1536/stackoverflow_a2q_tw.rt1502.txt (86 entries)
rank=1522/1536 dataset=stackoverflow_a2q_tw walkers=50000 (76100000..76149999) steps=30 mode=0 sched=single-bucket delta_t=0 policy=0
rank=1522 loaded data/1536/stackoverflow_a2q_tw.sub1522.txt (|V_local|=1574  t_range=[4731496,239671319])
rank=1522 loaded routing data/1536/stackoverflow_a2q_tw.rt1522.txt (58 entries)
rank=1507/1536 dataset=stackoverflow_a2q_tw walkers=50000 (75350000..75399999) steps=30 mode=0 sched=single-bucket delta_t=0 policy=0
rank=1507 loaded data/1536/stackoverflow_a2q_tw.sub1507.txt (|V_local|=1585  t_range=[21732645,239681069])
rank=1507 loaded routing data/1536/stackoverflow_a2q_tw.rt1507.txt (99 entries)
rank=1523/1536 dataset=stackoverflow_a2q_tw walkers=50000 (76150000..76199999) steps=30 mode=0 sched=single-bucket delta_t=0 policy=0
rank=1523 loaded data/1536/stackoverflow_a2q_tw.sub1523.txt (|V_local|=1604  t_range=[9688298,239665824])
rank=1523 loaded routing data/1536/stackoverflow_a2q_tw.rt1523.txt (20 entries)
rank=1512/1536 dataset=stackoverflow_a2q_tw walkers=50000 (75600000..75649999) steps=30 mode=0 sched=single-bucket delta_t=0 policy=0
rank=1512 loaded data/1536/stackoverflow_a2q_tw.sub1512.txt (|V_local|=1591  t_range=[24186836,239658434])
rank=1512 loaded routing data/1536/stackoverflow_a2q_tw.rt1512.txt (148 entries)
rank=1512 added 1 boundary-only nodes from routing
rank=1517/1536 dataset=stackoverflow_a2q_tw walkers=50000 (75850000..75899999) steps=30 mode=0 sched=single-bucket delta_t=0 policy=0
rank=1517 loaded data/1536/stackoverflow_a2q_tw.sub1517.txt (|V_local|=1592  t_range=[17250973,239632454])
rank=1517 loaded routing data/1536/stackoverflow_a2q_tw.rt1517.txt (109 entries)
rank=1519/1536 dataset=stackoverflow_a2q_tw walkers=50000 (75950000..75999999) steps=30 mode=0 sched=single-bucket delta_t=0 policy=0
rank=1519 loaded data/1536/stackoverflow_a2q_tw.sub1519.txt (|V_local|=1583  t_range=[18325462,239643021])
rank=1519 loaded routing data/1536/stackoverflow_a2q_tw.rt1519.txt (64 entries)
rank=1519 added 1 boundary-only nodes from routing
rank=1501/1536 dataset=stackoverflow_a2q_tw walkers=50000 (75050000..75099999) steps=30 mode=0 sched=single-bucket delta_t=0 policy=0
rank=1501 loaded data/1536/stackoverflow_a2q_tw.sub1501.txt (|V_local|=1568  t_range=[17602570,239666448])
rank=1501 loaded routing data/1536/stackoverflow_a2q_tw.rt1501.txt (40 entries)
rank=1521/1536 dataset=stackoverflow_a2q_tw walkers=50000 (76050000..76099999) steps=30 mode=0 sched=single-bucket delta_t=0 policy=0
rank=1521 loaded data/1536/stackoverflow_a2q_tw.sub1521.txt (|V_local|=1572  t_range=[18819239,239590185])
rank=1521 loaded routing data/1536/stackoverflow_a2q_tw.rt1521.txt (139 entries)
rank=1521 added 20 boundary-only nodes from routing
rank=1528/1536 dataset=stackoverflow_a2q_tw walkers=50000 (76400000..76449999) steps=30 mode=0 sched=single-bucket delta_t=0 policy=0
rank=1528 loaded data/1536/stackoverflow_a2q_tw.sub1528.txt (|V_local|=1605  t_range=[31191358,239646360])
rank=1528 loaded routing data/1536/stackoverflow_a2q_tw.rt1528.txt (25 entries)
rank=1504/1536 dataset=stackoverflow_a2q_tw walkers=50000 (75200000..75249999) steps=30 mode=0 sched=single-bucket delta_t=0 policy=0
rank=1504 loaded data/1536/stackoverflow_a2q_tw.sub1504.txt (|V_local|=1585  t_range=[30169923,239659813])
rank=1504 loaded routing data/1536/stackoverflow_a2q_tw.rt1504.txt (129 entries)
rank=1503/1536 dataset=stackoverflow_a2q_tw walkers=50000 (75150000..75199999) steps=30 mode=0 sched=single-bucket delta_t=0 policy=0
rank=1503 loaded data/1536/stackoverflow_a2q_tw.sub1503.txt (|V_local|=1577  t_range=[13933906,239635872])
rank=1503 loaded routing data/1536/stackoverflow_a2q_tw.rt1503.txt (10 entries)
rank=1505/1536 dataset=stackoverflow_a2q_tw walkers=50000 (75250000..75299999) steps=30 mode=0 sched=single-bucket delta_t=0 policy=0
rank=1505 loaded data/1536/stackoverflow_a2q_tw.sub1505.txt (|V_local|=1593  t_range=[5419671,239624304])
rank=1505 loaded routing data/1536/stackoverflow_a2q_tw.rt1505.txt (93 entries)
rank=1505 added 1 boundary-only nodes from routing
rank=1498/1536 dataset=stackoverflow_a2q_tw walkers=50000 (74900000..74949999) steps=30 mode=0 sched=single-bucket delta_t=0 policy=0
rank=1498 loaded data/1536/stackoverflow_a2q_tw.sub1498.txt (|V_local|=1585  t_range=[35531618,239587496])
rank=1498 loaded routing data/1536/stackoverflow_a2q_tw.rt1498.txt (43 entries)
rank=1529/1536 dataset=stackoverflow_a2q_tw walkers=50000 (76450000..76499999) steps=30 mode=0 sched=single-bucket delta_t=0 policy=0
rank=1529 loaded data/1536/stackoverflow_a2q_tw.sub1529.txt (|V_local|=1587  t_range=[17441531,239632518])
rank=1529 loaded routing data/1536/stackoverflow_a2q_tw.rt1529.txt (119 entries)
rank=1497/1536 dataset=stackoverflow_a2q_tw walkers=50000 (74850000..74899999) steps=30 mode=0 sched=single-bucket delta_t=0 policy=0
rank=1497 loaded data/1536/stackoverflow_a2q_tw.sub1497.txt (|V_local|=1579  t_range=[3682785,239662716])
rank=1497 loaded routing data/1536/stackoverflow_a2q_tw.rt1497.txt (227 entries)
rank=1497 added 8 boundary-only nodes from routing
rank=1525/1536 dataset=stackoverflow_a2q_tw walkers=50000 (76250000..76299999) steps=30 mode=0 sched=single-bucket delta_t=0 policy=0
rank=1525 loaded data/1536/stackoverflow_a2q_tw.sub1525.txt (|V_local|=1565  t_range=[9141541,239672366])
rank=1525 loaded routing data/1536/stackoverflow_a2q_tw.rt1525.txt (19 entries)
rank=1527/1536 dataset=stackoverflow_a2q_tw walkers=50000 (76350000..76399999) steps=30 mode=0 sched=single-bucket delta_t=0 policy=0
rank=1527 loaded data/1536/stackoverflow_a2q_tw.sub1527.txt (|V_local|=1575  t_range=[39041077,239660708])
rank=1527 loaded routing data/1536/stackoverflow_a2q_tw.rt1527.txt (20 entries)
rank=1493/1536 dataset=stackoverflow_a2q_tw walkers=50000 (74650000..74699999) steps=30 mode=0 sched=single-bucket delta_t=0 policy=0
rank=1493 loaded data/1536/stackoverflow_a2q_tw.sub1493.txt (|V_local|=1591  t_range=[6148369,239664669])
rank=1493 loaded routing data/1536/stackoverflow_a2q_tw.rt1493.txt (867 entries)
rank=1493 added 2 boundary-only nodes from routing
rank=1531/1536 dataset=stackoverflow_a2q_tw walkers=50000 (76550000..76599999) steps=30 mode=0 sched=single-bucket delta_t=0 policy=0
rank=1531 loaded data/1536/stackoverflow_a2q_tw.sub1531.txt (|V_local|=1603  t_range=[12694926,239586329])
rank=1531 loaded routing data/1536/stackoverflow_a2q_tw.rt1531.txt (50 entries)
rank=412 loaded data/1536/stackoverflow_a2q_tw.sub412.txt (|V_local|=1652  t_range=[1938020,239486228])
rank=412 loaded routing data/1536/stackoverflow_a2q_tw.rt412.txt (498 entries)
rank=408/1536 dataset=stackoverflow_a2q_tw walkers=50000 (20400000..20449999) steps=30 mode=0 sched=single-bucket delta_t=0 policy=0
rank=408 loaded data/1536/stackoverflow_a2q_tw.sub408.txt (|V_local|=1594  t_range=[4770286,239658631])
rank=408 loaded routing data/1536/stackoverflow_a2q_tw.rt408.txt (965 entries)
rank=426/1536 dataset=stackoverflow_a2q_tw walkers=50000 (21300000..21349999) steps=30 mode=0 sched=single-bucket delta_t=0 policy=0
rank=426 loaded data/1536/stackoverflow_a2q_tw.sub426.txt (|V_local|=1586  t_range=[1571189,239539045])
rank=426 loaded routing data/1536/stackoverflow_a2q_tw.rt426.txt (930 entries)
rank=426 added 1 boundary-only nodes from routing
rank=430/1536 dataset=stackoverflow_a2q_tw walkers=50000 (21500000..21549999) steps=30 mode=0 sched=single-bucket delta_t=0 policy=0
rank=430 loaded data/1536/stackoverflow_a2q_tw.sub430.txt (|V_local|=1629  t_range=[657546,239491842])
rank=430 loaded routing data/1536/stackoverflow_a2q_tw.rt430.txt (308 entries)
rank=430 added 23 boundary-only nodes from routing
rank=409/1536 dataset=stackoverflow_a2q_tw walkers=50000 (20450000..20499999) steps=30 mode=0 sched=single-bucket delta_t=0 policy=0
rank=409 loaded data/1536/stackoverflow_a2q_tw.sub409.txt (|V_local|=1650  t_range=[916406,239636847])
rank=409 loaded routing data/1536/stackoverflow_a2q_tw.rt409.txt (647 entries)
rank=409 added 2 boundary-only nodes from routing
rank=421/1536 dataset=stackoverflow_a2q_tw walkers=50000 (21050000..21099999) steps=30 mode=0 sched=single-bucket delta_t=0 policy=0
rank=421 loaded data/1536/stackoverflow_a2q_tw.sub421.txt (|V_local|=1652  t_range=[918521,239662429])
rank=421 loaded routing data/1536/stackoverflow_a2q_tw.rt421.txt (649 entries)
rank=391/1536 dataset=stackoverflow_a2q_tw walkers=50000 (19550000..19599999) steps=30 mode=0 sched=single-bucket delta_t=0 policy=0
rank=391 loaded data/1536/stackoverflow_a2q_tw.sub391.txt (|V_local|=1583  t_range=[1525282,239548696])
rank=391 loaded routing data/1536/stackoverflow_a2q_tw.rt391.txt (1022 entries)
rank=391 added 3 boundary-only nodes from routing
rank=422/1536 dataset=stackoverflow_a2q_tw walkers=50000 (21100000..21149999) steps=30 mode=0 sched=single-bucket delta_t=0 policy=0
rank=422 loaded data/1536/stackoverflow_a2q_tw.sub422.txt (|V_local|=1652  t_range=[1777193,239617825])
rank=422 loaded routing data/1536/stackoverflow_a2q_tw.rt422.txt (626 entries)
rank=414/1536 dataset=stackoverflow_a2q_tw walkers=50000 (20700000..20749999) steps=30 mode=0 sched=single-bucket delta_t=0 policy=0
rank=414 loaded data/1536/stackoverflow_a2q_tw.sub414.txt (|V_local|=1590  t_range=[1792299,239646650])
rank=414 loaded routing data/1536/stackoverflow_a2q_tw.rt414.txt (991 entries)
rank=387/1536 dataset=stackoverflow_a2q_tw walkers=50000 (19350000..19399999) steps=30 mode=0 sched=single-bucket delta_t=0 policy=0
rank=387 loaded data/1536/stackoverflow_a2q_tw.sub387.txt (|V_local|=1586  t_range=[446918,239548365])
rank=387 loaded routing data/1536/stackoverflow_a2q_tw.rt387.txt (1016 entries)
rank=407/1536 dataset=stackoverflow_a2q_tw walkers=50000 (20350000..20399999) steps=30 mode=0 sched=single-bucket delta_t=0 policy=0
rank=407 loaded data/1536/stackoverflow_a2q_tw.sub407.txt (|V_local|=1582  t_range=[1229766,239662082])
rank=407 loaded routing data/1536/stackoverflow_a2q_tw.rt407.txt (1025 entries)
rank=407 added 1 boundary-only nodes from routing
rank=413/1536 dataset=stackoverflow_a2q_tw walkers=50000 (20650000..20699999) steps=30 mode=0 sched=single-bucket delta_t=0 policy=0
rank=413 loaded data/1536/stackoverflow_a2q_tw.sub413.txt (|V_local|=1592  t_range=[1979598,239592616])
rank=413 loaded routing data/1536/stackoverflow_a2q_tw.rt413.txt (857 entries)
rank=413 added 4 boundary-only nodes from routing
rank=415/1536 dataset=stackoverflow_a2q_tw walkers=50000 (20750000..20799999) steps=30 mode=0 sched=single-bucket delta_t=0 policy=0
rank=415 loaded data/1536/stackoverflow_a2q_tw.sub415.txt (|V_local|=1649  t_range=[2254818,239612356])
rank=415 loaded routing data/1536/stackoverflow_a2q_tw.rt415.txt (744 entries)
rank=415 added 2 boundary-only nodes from routing
rank=403/1536 dataset=stackoverflow_a2q_tw walkers=50000 (20150000..20199999) steps=30 mode=0 sched=single-bucket delta_t=0 policy=0
rank=403 loaded data/1536/stackoverflow_a2q_tw.sub403.txt (|V_local|=1652  t_range=[1790096,239597301])
rank=403 loaded routing data/1536/stackoverflow_a2q_tw.rt403.txt (726 entries)
rank=423/1536 dataset=stackoverflow_a2q_tw walkers=50000 (21150000..21199999) steps=30 mode=0 sched=single-bucket delta_t=0 policy=0
rank=423 loaded data/1536/stackoverflow_a2q_tw.sub423.txt (|V_local|=1583  t_range=[2459012,239660435])
rank=423 loaded routing data/1536/stackoverflow_a2q_tw.rt423.txt (958 entries)
rank=423 added 3 boundary-only nodes from routing
rank=392/1536 dataset=stackoverflow_a2q_tw walkers=50000 (19600000..19649999) steps=30 mode=0 sched=single-bucket delta_t=0 policy=0
rank=392 loaded data/1536/stackoverflow_a2q_tw.sub392.txt (|V_local|=1650  t_range=[1394961,239632015])
rank=392 loaded routing data/1536/stackoverflow_a2q_tw.rt392.txt (841 entries)
rank=392 added 1 boundary-only nodes from routing
rank=424/1536 dataset=stackoverflow_a2q_tw walkers=50000 (21200000..21249999) steps=30 mode=0 sched=single-bucket delta_t=0 policy=0
rank=424 loaded data/1536/stackoverflow_a2q_tw.sub424.txt (|V_local|=1589  t_range=[1703424,239496873])
rank=424 loaded routing data/1536/stackoverflow_a2q_tw.rt424.txt (1050 entries)
rank=424 added 3 boundary-only nodes from routing
rank=428/1536 dataset=stackoverflow_a2q_tw walkers=50000 (21400000..21449999) steps=30 mode=0 sched=single-bucket delta_t=0 policy=0
rank=428 loaded data/1536/stackoverflow_a2q_tw.sub428.txt (|V_local|=1649  t_range=[405386,239681681])
rank=428 loaded routing data/1536/stackoverflow_a2q_tw.rt428.txt (643 entries)
rank=428 added 3 boundary-only nodes from routing
rank=418/1536 dataset=stackoverflow_a2q_tw walkers=50000 (20900000..20949999) steps=30 mode=0 sched=single-bucket delta_t=0 policy=0
rank=418 loaded data/1536/stackoverflow_a2q_tw.sub418.txt (|V_local|=1651  t_range=[2693373,239575903])
rank=418 loaded routing data/1536/stackoverflow_a2q_tw.rt418.txt (654 entries)
rank=406/1536 dataset=stackoverflow_a2q_tw walkers=50000 (20300000..20349999) steps=30 mode=0 sched=single-bucket delta_t=0 policy=0
rank=406 loaded data/1536/stackoverflow_a2q_tw.sub406.txt (|V_local|=1593  t_range=[2136456,239680955])
rank=406 loaded routing data/1536/stackoverflow_a2q_tw.rt406.txt (840 entries)
rank=406 added 1 boundary-only nodes from routing
rank=384/1536 dataset=stackoverflow_a2q_tw walkers=50000 (19200000..19249999) steps=30 mode=0 sched=single-bucket delta_t=0 policy=0
rank=384 loaded data/1536/stackoverflow_a2q_tw.sub384.txt (|V_local|=1592  t_range=[256400,239655240])
rank=384 loaded routing data/1536/stackoverflow_a2q_tw.rt384.txt (950 entries)
rank=384 added 1 boundary-only nodes from routing
rank=429/1536 dataset=stackoverflow_a2q_tw walkers=50000 (21450000..21499999) steps=30 mode=0 sched=single-bucket delta_t=0 policy=0
rank=429 loaded data/1536/stackoverflow_a2q_tw.sub429.txt (|V_local|=1587  t_range=[4178512,239613317])
rank=429 loaded routing data/1536/stackoverflow_a2q_tw.rt429.txt (978 entries)
rank=429 added 2 boundary-only nodes from routing
rank=419/1536 dataset=stackoverflow_a2q_tw walkers=50000 (20950000..20999999) steps=30 mode=0 sched=single-bucket delta_t=0 policy=0
rank=419 loaded data/1536/stackoverflow_a2q_tw.sub419.txt (|V_local|=1648  t_range=[6940406,239683820])
rank=419 loaded routing data/1536/stackoverflow_a2q_tw.rt419.txt (768 entries)
rank=419 added 3 boundary-only nodes from routing
rank=411/1536 dataset=stackoverflow_a2q_tw walkers=50000 (20550000..20599999) steps=30 mode=0 sched=single-bucket delta_t=0 policy=0
rank=411 loaded data/1536/stackoverflow_a2q_tw.sub411.txt (|V_local|=1592  t_range=[2827201,239518853])
rank=651 added 2 boundary-only nodes from routing
rank=842/1536 dataset=stackoverflow_a2q_tw walkers=50000 (42100000..42149999) steps=30 mode=0 sched=single-bucket delta_t=0 policy=0
rank=842 loaded data/1536/stackoverflow_a2q_tw.sub842.txt (|V_local|=1652  t_range=[1875507,239637908])
rank=842 loaded routing data/1536/stackoverflow_a2q_tw.rt842.txt (698 entries)
rank=501/1536 dataset=stackoverflow_a2q_tw walkers=50000 (25050000..25099999) steps=30 mode=0 sched=single-bucket delta_t=0 policy=0
rank=501 loaded data/1536/stackoverflow_a2q_tw.sub501.txt (|V_local|=1586  t_range=[2237551,239654194])
rank=501 loaded routing data/1536/stackoverflow_a2q_tw.rt501.txt (993 entries)
rank=501 added 2 boundary-only nodes from routing
rank=497/1536 dataset=stackoverflow_a2q_tw walkers=50000 (24850000..24899999) steps=30 mode=0 sched=single-bucket delta_t=0 policy=0
rank=497 loaded data/1536/stackoverflow_a2q_tw.sub497.txt (|V_local|=1651  t_range=[24192876,239594576])
rank=497 loaded routing data/1536/stackoverflow_a2q_tw.rt497.txt (710 entries)
rank=496/1536 dataset=stackoverflow_a2q_tw walkers=50000 (24800000..24849999) steps=30 mode=0 sched=single-bucket delta_t=0 policy=0
rank=496 loaded data/1536/stackoverflow_a2q_tw.sub496.txt (|V_local|=1652  t_range=[12997799,239474983])
rank=496 loaded routing data/1536/stackoverflow_a2q_tw.rt496.txt (886 entries)
rank=503/1536 dataset=stackoverflow_a2q_tw walkers=50000 (25150000..25199999) steps=30 mode=0 sched=single-bucket delta_t=0 policy=0
rank=503 loaded data/1536/stackoverflow_a2q_tw.sub503.txt (|V_local|=1638  t_range=[3103962,239390579])
rank=503 loaded routing data/1536/stackoverflow_a2q_tw.rt503.txt (950 entries)
rank=511/1536 dataset=stackoverflow_a2q_tw walkers=50000 (25550000..25599999) steps=30 mode=0 sched=single-bucket delta_t=0 policy=0
rank=511 loaded data/1536/stackoverflow_a2q_tw.sub511.txt (|V_local|=1592  t_range=[16934590,239573620])
rank=511 loaded routing data/1536/stackoverflow_a2q_tw.rt511.txt (983 entries)
rank=511 added 2 boundary-only nodes from routing
rank=519/1536 dataset=stackoverflow_a2q_tw walkers=50000 (25950000..25999999) steps=30 mode=0 sched=single-bucket delta_t=0 policy=0
rank=519 loaded data/1536/stackoverflow_a2q_tw.sub519.txt (|V_local|=1591  t_range=[1091340,239585382])
rank=519 loaded routing data/1536/stackoverflow_a2q_tw.rt519.txt (993 entries)
rank=519 added 1 boundary-only nodes from routing
rank=517/1536 dataset=stackoverflow_a2q_tw walkers=50000 (25850000..25899999) steps=30 mode=0 sched=single-bucket delta_t=0 policy=0
rank=517 loaded data/1536/stackoverflow_a2q_tw.sub517.txt (|V_local|=1585  t_range=[3374178,239649540])
rank=517 loaded routing data/1536/stackoverflow_a2q_tw.rt517.txt (1019 entries)
rank=517 added 3 boundary-only nodes from routing
rank=508/1536 dataset=stackoverflow_a2q_tw walkers=50000 (25400000..25449999) steps=30 mode=0 sched=single-bucket delta_t=0 policy=0
rank=508 loaded data/1536/stackoverflow_a2q_tw.sub508.txt (|V_local|=1644  t_range=[2914741,239659249])
rank=508 loaded routing data/1536/stackoverflow_a2q_tw.rt508.txt (921 entries)
rank=508 added 2 boundary-only nodes from routing
rank=516/1536 dataset=stackoverflow_a2q_tw walkers=50000 (25800000..25849999) steps=30 mode=0 sched=single-bucket delta_t=0 policy=0
rank=516 loaded data/1536/stackoverflow_a2q_tw.sub516.txt (|V_local|=1588  t_range=[5761972,239642242])
rank=516 loaded routing data/1536/stackoverflow_a2q_tw.rt516.txt (1086 entries)
rank=516 added 1 boundary-only nodes from routing
rank=500/1536 dataset=stackoverflow_a2q_tw walkers=50000 (25000000..25049999) steps=30 mode=0 sched=single-bucket delta_t=0 policy=0
rank=500 loaded data/1536/stackoverflow_a2q_tw.sub500.txt (|V_local|=1640  t_range=[3514660,239664368])
rank=500 loaded routing data/1536/stackoverflow_a2q_tw.rt500.txt (900 entries)
rank=500 added 1 boundary-only nodes from routing
rank=505/1536 dataset=stackoverflow_a2q_tw walkers=50000 (25250000..25299999) steps=30 mode=0 sched=single-bucket delta_t=0 policy=0
rank=505 loaded data/1536/stackoverflow_a2q_tw.sub505.txt (|V_local|=1591  t_range=[4120494,239657275])
rank=505 loaded routing data/1536/stackoverflow_a2q_tw.rt505.txt (909 entries)
rank=505 added 3 boundary-only nodes from routing
rank=512/1536 dataset=stackoverflow_a2q_tw walkers=50000 (25600000..25649999) steps=30 mode=0 sched=single-bucket delta_t=0 policy=0
rank=512 loaded data/1536/stackoverflow_a2q_tw.sub512.txt (|V_local|=1604  t_range=[4621242,239569658])
rank=512 loaded routing data/1536/stackoverflow_a2q_tw.rt512.txt (971 entries)
rank=1395/1536 dataset=stackoverflow_a2q_tw walkers=50000 (69750000..69799999) steps=30 mode=0 sched=single-bucket delta_t=0 policy=0
rank=1395 loaded data/1536/stackoverflow_a2q_tw.sub1395.txt (|V_local|=1593  t_range=[6017806,239684442])
rank=1395 loaded routing data/1536/stackoverflow_a2q_tw.rt1395.txt (1128 entries)
rank=1439/1536 dataset=stackoverflow_a2q_tw walkers=50000 (71950000..71999999) steps=30 mode=0 sched=single-bucket delta_t=0 policy=0
rank=1439 loaded data/1536/stackoverflow_a2q_tw.sub1439.txt (|V_local|=1595  t_range=[28028705,239679702])
rank=1439 loaded routing data/1536/stackoverflow_a2q_tw.rt1439.txt (1087 entries)
rank=1439 added 1 boundary-only nodes from routing
rank=1423/1536 dataset=stackoverflow_a2q_tw walkers=50000 (71150000..71199999) steps=30 mode=0 sched=single-bucket delta_t=0 policy=0
rank=1423 loaded data/1536/stackoverflow_a2q_tw.sub1423.txt (|V_local|=1651  t_range=[7850242,239683831])
rank=1423 loaded routing data/1536/stackoverflow_a2q_tw.rt1423.txt (906 entries)
rank=1423 added 1 boundary-only nodes from routing
rank=1408/1536 dataset=stackoverflow_a2q_tw walkers=50000 (70400000..70449999) steps=30 mode=0 sched=single-bucket delta_t=0 policy=0
rank=1408 loaded data/1536/stackoverflow_a2q_tw.sub1408.txt (|V_local|=1601  t_range=[1028628,239688226])
rank=1408 loaded routing data/1536/stackoverflow_a2q_tw.rt1408.txt (1071 entries)
rank=1408 added 2 boundary-only nodes from routing
rank=1432/1536 dataset=stackoverflow_a2q_tw walkers=50000 (71600000..71649999) steps=30 mode=0 sched=single-bucket delta_t=0 policy=0
rank=1432 loaded data/1536/stackoverflow_a2q_tw.sub1432.txt (|V_local|=1600  t_range=[32476828,239693587])
rank=1432 loaded routing data/1536/stackoverflow_a2q_tw.rt1432.txt (1023 entries)
rank=1416/1536 dataset=stackoverflow_a2q_tw walkers=50000 (70800000..70849999) steps=30 mode=0 sched=single-bucket delta_t=0 policy=0
rank=1416 loaded data/1536/stackoverflow_a2q_tw.sub1416.txt (|V_local|=1587  t_range=[10075550,239674374])
rank=1416 loaded routing data/1536/stackoverflow_a2q_tw.rt1416.txt (1111 entries)
rank=1416 added 2 boundary-only nodes from routing
rank=1428/1536 dataset=stackoverflow_a2q_tw walkers=50000 (71400000..71449999) steps=30 mode=0 sched=single-bucket delta_t=0 policy=0
rank=1428 loaded data/1536/stackoverflow_a2q_tw.sub1428.txt (|V_local|=1591  t_range=[18466106,239698704])
rank=1428 loaded routing data/1536/stackoverflow_a2q_tw.rt1428.txt (1084 entries)
rank=1428 added 1 boundary-only nodes from routing
rank=1405/1536 dataset=stackoverflow_a2q_tw walkers=50000 (70250000..70299999) steps=30 mode=0 sched=single-bucket delta_t=0 policy=0
rank=1405 loaded data/1536/stackoverflow_a2q_tw.sub1405.txt (|V_local|=1649  t_range=[33228221,239676147])
rank=1405 loaded routing data/1536/stackoverflow_a2q_tw.rt1405.txt (927 entries)
rank=1405 added 1 boundary-only nodes from routing
rank=1421/1536 dataset=stackoverflow_a2q_tw walkers=50000 (71050000..71099999) steps=30 mode=0 sched=single-bucket delta_t=0 policy=0
rank=1421 loaded data/1536/stackoverflow_a2q_tw.sub1421.txt (|V_local|=1605  t_range=[39956832,239655750])
rank=1421 loaded routing data/1536/stackoverflow_a2q_tw.rt1421.txt (1074 entries)
rank=1421 added 1 boundary-only nodes from routing
rank=1403/1536 dataset=stackoverflow_a2q_tw walkers=50000 (70150000..70199999) steps=30 mode=0 sched=single-bucket delta_t=0 policy=0
rank=1403 loaded data/1536/stackoverflow_a2q_tw.sub1403.txt (|V_local|=1590  t_range=[10355607,239682831])
rank=1403 loaded routing data/1536/stackoverflow_a2q_tw.rt1403.txt (1079 entries)
rank=1403 added 1 boundary-only nodes from routing
rank=1417/1536 dataset=stackoverflow_a2q_tw walkers=50000 (70850000..70899999) steps=30 mode=0 sched=single-bucket delta_t=0 policy=0
rank=1417 loaded data/1536/stackoverflow_a2q_tw.sub1417.txt (|V_local|=1590  t_range=[23557466,239696499])
rank=1417 loaded routing data/1536/stackoverflow_a2q_tw.rt1417.txt (1073 entries)
rank=1413/1536 dataset=stackoverflow_a2q_tw walkers=50000 (70650000..70699999) steps=30 mode=0 sched=single-bucket delta_t=0 policy=0
rank=1413 loaded data/1536/stackoverflow_a2q_tw.sub1413.txt (|V_local|=1588  t_range=[3710711,239546694])
rank=1413 loaded routing data/1536/stackoverflow_a2q_tw.rt1413.txt (1118 entries)
rank=1413 added 1 boundary-only nodes from routing
rank=1434/1536 dataset=stackoverflow_a2q_tw walkers=50000 (71700000..71749999) steps=30 mode=0 sched=single-bucket delta_t=0 policy=0
rank=1434 loaded data/1536/stackoverflow_a2q_tw.sub1434.txt (|V_local|=1588  t_range=[4543406,239659185])
rank=1434 loaded routing data/1536/stackoverflow_a2q_tw.rt1434.txt (1033 entries)
rank=1430/1536 dataset=stackoverflow_a2q_tw walkers=50000 (71500000..71549999) steps=30 mode=0 sched=single-bucket delta_t=0 policy=0
rank=1430 loaded data/1536/stackoverflow_a2q_tw.sub1430.txt (|V_local|=1586  t_range=[25313124,239695372])
rank=1430 loaded routing data/1536/stackoverflow_a2q_tw.rt1430.txt (1082 entries)
rank=1429/1536 dataset=stackoverflow_a2q_tw walkers=50000 (71450000..71499999) steps=30 mode=0 sched=single-bucket delta_t=0 policy=0
rank=1429 loaded data/1536/stackoverflow_a2q_tw.sub1429.txt (|V_local|=1595  t_range=[4026445,239696929])
rank=1429 loaded routing data/1536/stackoverflow_a2q_tw.rt1429.txt (991 entries)
rank=1425/1536 dataset=stackoverflow_a2q_tw walkers=50000 (71250000..71299999) steps=30 mode=0 sched=single-bucket delta_t=0 policy=0
rank=1425 loaded data/1536/stackoverflow_a2q_tw.sub1425.txt (|V_local|=1591  t_range=[5230622,239550323])
rank=1425 loaded routing data/1536/stackoverflow_a2q_tw.rt1425.txt (1070 entries)
rank=1392/1536 dataset=stackoverflow_a2q_tw walkers=50000 (69600000..69649999) steps=30 mode=0 sched=single-bucket delta_t=0 policy=0
rank=1392 loaded data/1536/stackoverflow_a2q_tw.sub1392.txt (|V_local|=1591  t_range=[5957827,239680389])
rank=1392 loaded routing data/1536/stackoverflow_a2q_tw.rt1392.txt (1058 entries)
rank=1392 added 4 boundary-only nodes from routing
rank=1435/1536 dataset=stackoverflow_a2q_tw walkers=50000 (71750000..71799999) steps=30 mode=0 sched=single-bucket delta_t=0 policy=0
rank=1435 loaded data/1536/stackoverflow_a2q_tw.sub1435.txt (|V_local|=1594  t_range=[29581310,239693943])
rank=1435 loaded routing data/1536/stackoverflow_a2q_tw.rt1435.txt (1130 entries)
rank=1433/1536 dataset=stackoverflow_a2q_tw walkers=50000 (71650000..71699999) steps=30 mode=0 sched=single-bucket delta_t=0 policy=0
rank=1433 loaded data/1536/stackoverflow_a2q_tw.sub1433.txt (|V_local|=1651  t_range=[26359581,239694563])
rank=1433 loaded routing data/1536/stackoverflow_a2q_tw.rt1433.txt (959 entries)
rank=1412/1536 dataset=stackoverflow_a2q_tw walkers=50000 (70600000..70649999) steps=30 mode=0 sched=single-bucket delta_t=0 policy=0
rank=1412 loaded data/1536/stackoverflow_a2q_tw.sub1412.txt (|V_local|=1651  t_range=[61055150,239615964])
rank=1412 loaded routing data/1536/stackoverflow_a2q_tw.rt1412.txt (1059 entries)
rank=1398/1536 dataset=stackoverflow_a2q_tw walkers=50000 (69900000..69949999) steps=30 mode=0 sched=single-bucket delta_t=0 policy=0
rank=1398 loaded data/1536/stackoverflow_a2q_tw.sub1398.txt (|V_local|=1592  t_range=[30511637,239577147])
rank=1398 loaded routing data/1536/stackoverflow_a2q_tw.rt1398.txt (1103 entries)
rank=1438/1536 dataset=stackoverflow_a2q_tw walkers=50000 (71900000..71949999) steps=30 mode=0 sched=single-bucket delta_t=0 policy=0
rank=1438 loaded data/1536/stackoverflow_a2q_tw.sub1438.txt (|V_local|=1592  t_range=[37791516,239698527])
rank=1438 loaded routing data/1536/stackoverflow_a2q_tw.rt1438.txt (1104 entries)
rank=1438 added 2 boundary-only nodes from routing
rank=1427/1536 dataset=stackoverflow_a2q_tw walkers=50000 (71350000..71399999) steps=30 mode=0 sched=single-bucket delta_t=0 policy=0
rank=1427 loaded data/1536/stackoverflow_a2q_tw.sub1427.txt (|V_local|=1620  t_range=[9514883,239662517])
rank=1427 loaded routing data/1536/stackoverflow_a2q_tw.rt1427.txt (1012 entries)
rank=1427 added 1 boundary-only nodes from routing
rank=1407/1536 dataset=stackoverflow_a2q_tw walkers=50000 (70350000..70399999) steps=30 mode=0 sched=single-bucket delta_t=0 policy=0
rank=240/1536 dataset=stackoverflow_a2q_tw walkers=50000 (12000000..12049999) steps=30 mode=0 sched=single-bucket delta_t=0 policy=0
rank=240 loaded data/1536/stackoverflow_a2q_tw.sub240.txt (|V_local|=1594  t_range=[32466544,239656521])
rank=240 loaded routing data/1536/stackoverflow_a2q_tw.rt240.txt (1084 entries)
rank=272/1536 dataset=stackoverflow_a2q_tw walkers=50000 (13600000..13649999) steps=30 mode=0 sched=single-bucket delta_t=0 policy=0
rank=272 loaded data/1536/stackoverflow_a2q_tw.sub272.txt (|V_local|=1594  t_range=[5494694,239646344])
rank=272 loaded routing data/1536/stackoverflow_a2q_tw.rt272.txt (1112 entries)
rank=262/1536 dataset=stackoverflow_a2q_tw walkers=50000 (13100000..13149999) steps=30 mode=0 sched=single-bucket delta_t=0 policy=0
rank=262 loaded data/1536/stackoverflow_a2q_tw.sub262.txt (|V_local|=1592  t_range=[63041264,239623599])
rank=262 loaded routing data/1536/stackoverflow_a2q_tw.rt262.txt (1007 entries)
rank=262 added 1 boundary-only nodes from routing
rank=265/1536 dataset=stackoverflow_a2q_tw walkers=50000 (13250000..13299999) steps=30 mode=0 sched=single-bucket delta_t=0 policy=0
rank=265 loaded data/1536/stackoverflow_a2q_tw.sub265.txt (|V_local|=1594  t_range=[11708068,239662495])
rank=265 loaded routing data/1536/stackoverflow_a2q_tw.rt265.txt (1048 entries)
rank=258/1536 dataset=stackoverflow_a2q_tw walkers=50000 (12900000..12949999) steps=30 mode=0 sched=single-bucket delta_t=0 policy=0
rank=258 loaded data/1536/stackoverflow_a2q_tw.sub258.txt (|V_local|=1590  t_range=[16432117,239547107])
rank=258 loaded routing data/1536/stackoverflow_a2q_tw.rt258.txt (1143 entries)
rank=277/1536 dataset=stackoverflow_a2q_tw walkers=50000 (13850000..13899999) steps=30 mode=0 sched=single-bucket delta_t=0 policy=0
rank=277 loaded data/1536/stackoverflow_a2q_tw.sub277.txt (|V_local|=1590  t_range=[4115676,239624345])
rank=277 loaded routing data/1536/stackoverflow_a2q_tw.rt277.txt (951 entries)
rank=276/1536 dataset=stackoverflow_a2q_tw walkers=50000 (13800000..13849999) steps=30 mode=0 sched=single-bucket delta_t=0 policy=0
rank=276 loaded data/1536/stackoverflow_a2q_tw.sub276.txt (|V_local|=1588  t_range=[4202893,239676655])
rank=276 loaded routing data/1536/stackoverflow_a2q_tw.rt276.txt (1079 entries)
rank=276 added 1 boundary-only nodes from routing
rank=260/1536 dataset=stackoverflow_a2q_tw walkers=50000 (13000000..13049999) steps=30 mode=0 sched=single-bucket delta_t=0 policy=0
rank=260 loaded data/1536/stackoverflow_a2q_tw.sub260.txt (|V_local|=1593  t_range=[38764962,239662773])
rank=260 loaded routing data/1536/stackoverflow_a2q_tw.rt260.txt (1049 entries)
rank=259/1536 dataset=stackoverflow_a2q_tw walkers=50000 (12950000..12999999) steps=30 mode=0 sched=single-bucket delta_t=0 policy=0
rank=259 loaded data/1536/stackoverflow_a2q_tw.sub259.txt (|V_local|=1591  t_range=[32408658,239645203])
rank=259 loaded routing data/1536/stackoverflow_a2q_tw.rt259.txt (1046 entries)
rank=273/1536 dataset=stackoverflow_a2q_tw walkers=50000 (13650000..13699999) steps=30 mode=0 sched=single-bucket delta_t=0 policy=0
rank=273 loaded data/1536/stackoverflow_a2q_tw.sub273.txt (|V_local|=1590  t_range=[8984577,239684383])
rank=273 loaded routing data/1536/stackoverflow_a2q_tw.rt273.txt (1009 entries)
rank=273 added 1 boundary-only nodes from routing
rank=256/1536 dataset=stackoverflow_a2q_tw walkers=50000 (12800000..12849999) steps=30 mode=0 sched=single-bucket delta_t=0 policy=0
rank=256 loaded data/1536/stackoverflow_a2q_tw.sub256.txt (|V_local|=1645  t_range=[18465380,239545002])
rank=256 loaded routing data/1536/stackoverflow_a2q_tw.rt256.txt (1072 entries)
rank=267/1536 dataset=stackoverflow_a2q_tw walkers=50000 (13350000..13399999) steps=30 mode=0 sched=single-bucket delta_t=0 policy=0
rank=267 loaded data/1536/stackoverflow_a2q_tw.sub267.txt (|V_local|=1589  t_range=[21027051,239683443])
rank=267 loaded routing data/1536/stackoverflow_a2q_tw.rt267.txt (1086 entries)
rank=267 added 1 boundary-only nodes from routing
rank=270/1536 dataset=stackoverflow_a2q_tw walkers=50000 (13500000..13549999) steps=30 mode=0 sched=single-bucket delta_t=0 policy=0
rank=270 loaded data/1536/stackoverflow_a2q_tw.sub270.txt (|V_local|=1590  t_range=[7236647,239619377])
rank=270 loaded routing data/1536/stackoverflow_a2q_tw.rt270.txt (1082 entries)
rank=285/1536 dataset=stackoverflow_a2q_tw walkers=50000 (14250000..14299999) steps=30 mode=0 sched=single-bucket delta_t=0 policy=0
rank=285 loaded data/1536/stackoverflow_a2q_tw.sub285.txt (|V_local|=1592  t_range=[8960825,239638065])
rank=285 loaded routing data/1536/stackoverflow_a2q_tw.rt285.txt (1047 entries)
rank=284/1536 dataset=stackoverflow_a2q_tw walkers=50000 (14200000..14249999) steps=30 mode=0 sched=single-bucket delta_t=0 policy=0
rank=284 loaded data/1536/stackoverflow_a2q_tw.sub284.txt (|V_local|=1585  t_range=[7165418,239686107])
rank=284 loaded routing data/1536/stackoverflow_a2q_tw.rt284.txt (979 entries)
rank=284 added 2 boundary-only nodes from routing
rank=274/1536 dataset=stackoverflow_a2q_tw walkers=50000 (13700000..13749999) steps=30 mode=0 sched=single-bucket delta_t=0 policy=0
rank=274 loaded data/1536/stackoverflow_a2q_tw.sub274.txt (|V_local|=1592  t_range=[21103112,239645866])
rank=274 loaded routing data/1536/stackoverflow_a2q_tw.rt274.txt (1026 entries)
rank=279/1536 dataset=stackoverflow_a2q_tw walkers=50000 (13950000..13999999) steps=30 mode=0 sched=single-bucket delta_t=0 policy=0
rank=279 loaded data/1536/stackoverflow_a2q_tw.sub279.txt (|V_local|=1586  t_range=[3967104,239566198])
rank=279 loaded routing data/1536/stackoverflow_a2q_tw.rt279.txt (1086 entries)
rank=279 added 3 boundary-only nodes from routing
rank=275/1536 dataset=stackoverflow_a2q_tw walkers=50000 (13750000..13799999) steps=30 mode=0 sched=single-bucket delta_t=0 policy=0
rank=275 loaded data/1536/stackoverflow_a2q_tw.sub275.txt (|V_local|=1595  t_range=[45542266,239675233])
rank=275 loaded routing data/1536/stackoverflow_a2q_tw.rt275.txt (1003 entries)
rank=275 added 1 boundary-only nodes from routing
rank=287/1536 dataset=stackoverflow_a2q_tw walkers=50000 (14350000..14399999) steps=30 mode=0 sched=single-bucket delta_t=0 policy=0
rank=287 loaded data/1536/stackoverflow_a2q_tw.sub287.txt (|V_local|=1594  t_range=[52034577,239558006])
rank=287 loaded routing data/1536/stackoverflow_a2q_tw.rt287.txt (1078 entries)
rank=283/1536 dataset=stackoverflow_a2q_tw walkers=50000 (14150000..14199999) steps=30 mode=0 sched=single-bucket delta_t=0 policy=0
rank=283 loaded data/1536/stackoverflow_a2q_tw.sub283.txt (|V_local|=1588  t_range=[4084404,239674262])
rank=283 loaded routing data/1536/stackoverflow_a2q_tw.rt283.txt (1043 entries)
rank=261/1536 dataset=stackoverflow_a2q_tw walkers=50000 (13050000..13099999) steps=30 mode=0 sched=single-bucket delta_t=0 policy=0
rank=261 loaded data/1536/stackoverflow_a2q_tw.sub261.txt (|V_local|=1583  t_range=[19825871,239576407])
rank=261 loaded routing data/1536/stackoverflow_a2q_tw.rt261.txt (1086 entries)
rank=269/1536 dataset=stackoverflow_a2q_tw walkers=50000 (13450000..13499999) steps=30 mode=0 sched=single-bucket delta_t=0 policy=0
rank=269 loaded data/1536/stackoverflow_a2q_tw.sub269.txt (|V_local|=1651  t_range=[20460016,239660135])
rank=269 loaded routing data/1536/stackoverflow_a2q_tw.rt269.txt (952 entries)
rank=271/1536 dataset=stackoverflow_a2q_tw walkers=50000 (13550000..13599999) steps=30 mode=0 sched=single-bucket delta_t=0 policy=0
rank=271 loaded data/1536/stackoverflow_a2q_tw.sub271.txt (|V_local|=1590  t_range=[3222861,239693146])
rank=271 loaded routing data/1536/stackoverflow_a2q_tw.rt271.txt (1087 entries)
rank=271 added 1 boundary-only nodes from routing
rank=266/1536 dataset=stackoverflow_a2q_tw walkers=50000 (13300000..13349999) steps=30 mode=0 sched=single-bucket delta_t=0 policy=0
rank=266 loaded data/1536/stackoverflow_a2q_tw.sub266.txt (|V_local|=1616  t_range=[45184525,239663737])
rank=266 loaded routing data/1536/stackoverflow_a2q_tw.rt266.txt (978 entries)
rank=266 added 1 boundary-only nodes from routing
rank=1062/1536 dataset=stackoverflow_a2q_tw walkers=50000 (53100000..53149999) steps=30 mode=0 sched=single-bucket delta_t=0 policy=0
rank=1062 loaded data/1536/stackoverflow_a2q_tw.sub1062.txt (|V_local|=1590  t_range=[13811176,239673603])
rank=1062 loaded routing data/1536/stackoverflow_a2q_tw.rt1062.txt (998 entries)
rank=1062 added 1 boundary-only nodes from routing
rank=1083/1536 dataset=stackoverflow_a2q_tw walkers=50000 (54150000..54199999) steps=30 mode=0 sched=single-bucket delta_t=0 policy=0
rank=1083 loaded data/1536/stackoverflow_a2q_tw.sub1083.txt (|V_local|=1588  t_range=[6295735,239673503])
rank=1083 loaded routing data/1536/stackoverflow_a2q_tw.rt1083.txt (1055 entries)
rank=1065/1536 dataset=stackoverflow_a2q_tw walkers=50000 (53250000..53299999) steps=30 mode=0 sched=single-bucket delta_t=0 policy=0
rank=1065 loaded data/1536/stackoverflow_a2q_tw.sub1065.txt (|V_local|=1577  t_range=[11982156,239479420])
rank=1065 loaded routing data/1536/stackoverflow_a2q_tw.rt1065.txt (1091 entries)
rank=1065 added 4 boundary-only nodes from routing
rank=1073/1536 dataset=stackoverflow_a2q_tw walkers=50000 (53650000..53699999) steps=30 mode=0 sched=single-bucket delta_t=0 policy=0
rank=1073 loaded data/1536/stackoverflow_a2q_tw.sub1073.txt (|V_local|=1649  t_range=[15007653,239675008])
rank=1073 loaded routing data/1536/stackoverflow_a2q_tw.rt1073.txt (855 entries)
rank=1073 added 1 boundary-only nodes from routing
rank=1223/1536 dataset=stackoverflow_a2q_tw walkers=50000 (61150000..61199999) steps=30 mode=0 sched=single-bucket delta_t=0 policy=0
rank=1223 loaded data/1536/stackoverflow_a2q_tw.sub1223.txt (|V_local|=1612  t_range=[27543600,239580843])
rank=1223 loaded routing data/1536/stackoverflow_a2q_tw.rt1223.txt (947 entries)
rank=1223 added 1 boundary-only nodes from routing
rank=1219/1536 dataset=stackoverflow_a2q_tw walkers=50000 (60950000..60999999) steps=30 mode=0 sched=single-bucket delta_t=0 policy=0
rank=1219 loaded data/1536/stackoverflow_a2q_tw.sub1219.txt (|V_local|=1582  t_range=[8996392,239698773])
rank=1219 loaded routing data/1536/stackoverflow_a2q_tw.rt1219.txt (1078 entries)
rank=1219 added 1 boundary-only nodes from routing
rank=697/1536 dataset=stackoverflow_a2q_tw walkers=50000 (34850000..34899999) steps=30 mode=0 sched=single-bucket delta_t=0 policy=0
rank=697 loaded data/1536/stackoverflow_a2q_tw.sub697.txt (|V_local|=1647  t_range=[42870680,239682022])
rank=697 loaded routing data/1536/stackoverflow_a2q_tw.rt697.txt (748 entries)
rank=697 added 4 boundary-only nodes from routing
rank=705/1536 dataset=stackoverflow_a2q_tw walkers=50000 (35250000..35299999) steps=30 mode=0 sched=single-bucket delta_t=0 policy=0
rank=705 loaded data/1536/stackoverflow_a2q_tw.sub705.txt (|V_local|=1591  t_range=[1464073,239594223])
rank=705 loaded routing data/1536/stackoverflow_a2q_tw.rt705.txt (1049 entries)
rank=705 added 2 boundary-only nodes from routing
rank=717/1536 dataset=stackoverflow_a2q_tw walkers=50000 (35850000..35899999) steps=30 mode=0 sched=single-bucket delta_t=0 policy=0
rank=717 loaded data/1536/stackoverflow_a2q_tw.sub717.txt (|V_local|=1585  t_range=[30869054,239666960])
rank=717 loaded routing data/1536/stackoverflow_a2q_tw.rt717.txt (1024 entries)
rank=717 added 3 boundary-only nodes from routing
rank=714/1536 dataset=stackoverflow_a2q_tw walkers=50000 (35700000..35749999) steps=30 mode=0 sched=single-bucket delta_t=0 policy=0
rank=714 loaded data/1536/stackoverflow_a2q_tw.sub714.txt (|V_local|=1591  t_range=[14829769,239623344])
rank=714 loaded routing data/1536/stackoverflow_a2q_tw.rt714.txt (1054 entries)
rank=684/1536 dataset=stackoverflow_a2q_tw walkers=50000 (34200000..34249999) steps=30 mode=0 sched=single-bucket delta_t=0 policy=0
rank=684 loaded data/1536/stackoverflow_a2q_tw.sub684.txt (|V_local|=1650  t_range=[63186535,239681460])
rank=684 loaded routing data/1536/stackoverflow_a2q_tw.rt684.txt (814 entries)
rank=684 added 1 boundary-only nodes from routing
rank=672/1536 dataset=stackoverflow_a2q_tw walkers=50000 (33600000..33649999) steps=30 mode=0 sched=single-bucket delta_t=0 policy=0
rank=672 loaded data/1536/stackoverflow_a2q_tw.sub672.txt (|V_local|=1586  t_range=[19019616,239631253])
rank=672 loaded routing data/1536/stackoverflow_a2q_tw.rt672.txt (1063 entries)
rank=672 added 1 boundary-only nodes from routing
rank=710/1536 dataset=stackoverflow_a2q_tw walkers=50000 (35500000..35549999) steps=30 mode=0 sched=single-bucket delta_t=0 policy=0
rank=710 loaded data/1536/stackoverflow_a2q_tw.sub710.txt (|V_local|=1590  t_range=[4643314,239594143])
rank=710 loaded routing data/1536/stackoverflow_a2q_tw.rt710.txt (939 entries)
rank=700/1536 dataset=stackoverflow_a2q_tw walkers=50000 (35000000..35049999) steps=30 mode=0 sched=single-bucket delta_t=0 policy=0
rank=700 loaded data/1536/stackoverflow_a2q_tw.sub700.txt (|V_local|=1587  t_range=[2319438,239598649])
rank=700 loaded routing data/1536/stackoverflow_a2q_tw.rt700.txt (1123 entries)
rank=700 added 1 boundary-only nodes from routing
rank=698/1536 dataset=stackoverflow_a2q_tw walkers=50000 (34900000..34949999) steps=30 mode=0 sched=single-bucket delta_t=0 policy=0
rank=698 loaded data/1536/stackoverflow_a2q_tw.sub698.txt (|V_local|=1652  t_range=[10273223,239680659])
rank=698 loaded routing data/1536/stackoverflow_a2q_tw.rt698.txt (552 entries)
rank=690/1536 dataset=stackoverflow_a2q_tw walkers=50000 (34500000..34549999) steps=30 mode=0 sched=single-bucket delta_t=0 policy=0
rank=690 loaded data/1536/stackoverflow_a2q_tw.sub690.txt (|V_local|=1592  t_range=[3599486,239645921])
rank=690 loaded routing data/1536/stackoverflow_a2q_tw.rt690.txt (914 entries)
rank=713/1536 dataset=stackoverflow_a2q_tw walkers=50000 (35650000..35699999) steps=30 mode=0 sched=single-bucket delta_t=0 policy=0
rank=713 loaded data/1536/stackoverflow_a2q_tw.sub713.txt (|V_local|=1638  t_range=[2900682,239694000])
rank=713 loaded routing data/1536/stackoverflow_a2q_tw.rt713.txt (660 entries)
rank=699/1536 dataset=stackoverflow_a2q_tw walkers=50000 (34950000..34999999) steps=30 mode=0 sched=single-bucket delta_t=0 policy=0
rank=699 loaded data/1536/stackoverflow_a2q_tw.sub699.txt (|V_local|=1589  t_range=[2467096,239562163])
rank=699 loaded routing data/1536/stackoverflow_a2q_tw.rt699.txt (1047 entries)
rank=699 added 2 boundary-only nodes from routing
rank=711/1536 dataset=stackoverflow_a2q_tw walkers=50000 (35550000..35599999) steps=30 mode=0 sched=single-bucket delta_t=0 policy=0
rank=711 loaded data/1536/stackoverflow_a2q_tw.sub711.txt (|V_local|=1591  t_range=[1607731,239566423])
rank=711 loaded routing data/1536/stackoverflow_a2q_tw.rt711.txt (1092 entries)
rank=711 added 1 boundary-only nodes from routing
rank=707/1536 dataset=stackoverflow_a2q_tw walkers=50000 (35350000..35399999) steps=30 mode=0 sched=single-bucket delta_t=0 policy=0
rank=707 loaded data/1536/stackoverflow_a2q_tw.sub707.txt (|V_local|=1588  t_range=[19230985,239694534])
rank=707 loaded routing data/1536/stackoverflow_a2q_tw.rt707.txt (993 entries)
rank=707 added 1 boundary-only nodes from routing
rank=675/1536 dataset=stackoverflow_a2q_tw walkers=50000 (33750000..33799999) steps=30 mode=0 sched=single-bucket delta_t=0 policy=0
rank=675 loaded data/1536/stackoverflow_a2q_tw.sub675.txt (|V_local|=1587  t_range=[10938874,239686339])
rank=675 loaded routing data/1536/stackoverflow_a2q_tw.rt675.txt (1074 entries)
rank=687/1536 dataset=stackoverflow_a2q_tw walkers=50000 (34350000..34399999) steps=30 mode=0 sched=single-bucket delta_t=0 policy=0
rank=687 loaded data/1536/stackoverflow_a2q_tw.sub687.txt (|V_local|=1588  t_range=[18655377,239687162])
rank=687 loaded routing data/1536/stackoverflow_a2q_tw.rt687.txt (964 entries)
rank=687 added 2 boundary-only nodes from routing
rank=694/1536 dataset=stackoverflow_a2q_tw walkers=50000 (34700000..34749999) steps=30 mode=0 sched=single-bucket delta_t=0 policy=0
rank=694 loaded data/1536/stackoverflow_a2q_tw.sub694.txt (|V_local|=1652  t_range=[37107986,239626460])
rank=694 loaded routing data/1536/stackoverflow_a2q_tw.rt694.txt (648 entries)
rank=712/1536 dataset=stackoverflow_a2q_tw walkers=50000 (35600000..35649999) steps=30 mode=0 sched=single-bucket delta_t=0 policy=0
rank=712 loaded data/1536/stackoverflow_a2q_tw.sub712.txt (|V_local|=1593  t_range=[1116191,239570880])
rank=712 loaded routing data/1536/stackoverflow_a2q_tw.rt712.txt (1031 entries)
rank=712 added 1 boundary-only nodes from routing
rank=696/1536 dataset=stackoverflow_a2q_tw walkers=50000 (34800000..34849999) steps=30 mode=0 sched=single-bucket delta_t=0 policy=0
rank=696 loaded data/1536/stackoverflow_a2q_tw.sub696.txt (|V_local|=1586  t_range=[3515366,239659127])
rank=696 loaded routing data/1536/stackoverflow_a2q_tw.rt696.txt (976 entries)
rank=696 added 4 boundary-only nodes from routing
rank=704/1536 dataset=stackoverflow_a2q_tw walkers=50000 (35200000..35249999) steps=30 mode=0 sched=single-bucket delta_t=0 policy=0
rank=704 loaded data/1536/stackoverflow_a2q_tw.sub704.txt (|V_local|=1651  t_range=[43500677,239692641])
rank=704 loaded routing data/1536/stackoverflow_a2q_tw.rt704.txt (760 entries)
rank=704 added 1 boundary-only nodes from routing
rank=693/1536 dataset=stackoverflow_a2q_tw walkers=50000 (34650000..34699999) steps=30 mode=0 sched=single-bucket delta_t=0 policy=0
rank=693 loaded data/1536/stackoverflow_a2q_tw.sub693.txt (|V_local|=1594  t_range=[37976124,239684578])
rank=693 loaded routing data/1536/stackoverflow_a2q_tw.rt693.txt (781 entries)
rank=708/1536 dataset=stackoverflow_a2q_tw walkers=50000 (35400000..35449999) steps=30 mode=0 sched=single-bucket delta_t=0 policy=0
rank=708 loaded data/1536/stackoverflow_a2q_tw.sub708.txt (|V_local|=1591  t_range=[3653337,239572941])
rank=708 loaded routing data/1536/stackoverflow_a2q_tw.rt708.txt (1029 entries)
rank=708 added 1 boundary-only nodes from routing
rank=689/1536 dataset=stackoverflow_a2q_tw walkers=50000 (34450000..34499999) steps=30 mode=0 sched=single-bucket delta_t=0 policy=0
rank=689 loaded data/1536/stackoverflow_a2q_tw.sub689.txt (|V_local|=1651  t_range=[56712389,239672539])
rank=689 loaded routing data/1536/stackoverflow_a2q_tw.rt689.txt (819 entries)
rank=689 added 1 boundary-only nodes from routing
rank=709/1536 dataset=stackoverflow_a2q_tw walkers=50000 (35450000..35499999) steps=30 mode=0 sched=single-bucket delta_t=0 policy=0
rank=444/1536 dataset=stackoverflow_a2q_tw walkers=50000 (22200000..22249999) steps=30 mode=0 sched=single-bucket delta_t=0 policy=0
rank=444 loaded data/1536/stackoverflow_a2q_tw.sub444.txt (|V_local|=1588  t_range=[1288124,239580989])
rank=444 loaded routing data/1536/stackoverflow_a2q_tw.rt444.txt (1082 entries)
rank=444 added 6 boundary-only nodes from routing
rank=469/1536 dataset=stackoverflow_a2q_tw walkers=50000 (23450000..23499999) steps=30 mode=0 sched=single-bucket delta_t=0 policy=0
rank=469 loaded data/1536/stackoverflow_a2q_tw.sub469.txt (|V_local|=1650  t_range=[1287525,239575789])
rank=469 loaded routing data/1536/stackoverflow_a2q_tw.rt469.txt (662 entries)
rank=469 added 2 boundary-only nodes from routing
rank=457/1536 dataset=stackoverflow_a2q_tw walkers=50000 (22850000..22899999) steps=30 mode=0 sched=single-bucket delta_t=0 policy=0
rank=457 loaded data/1536/stackoverflow_a2q_tw.sub457.txt (|V_local|=1649  t_range=[2483012,239605005])
rank=457 loaded routing data/1536/stackoverflow_a2q_tw.rt457.txt (619 entries)
rank=457 added 2 boundary-only nodes from routing
rank=465/1536 dataset=stackoverflow_a2q_tw walkers=50000 (23250000..23299999) steps=30 mode=0 sched=single-bucket delta_t=0 policy=0
rank=465 loaded data/1536/stackoverflow_a2q_tw.sub465.txt (|V_local|=1585  t_range=[5700513,239676055])
rank=465 loaded routing data/1536/stackoverflow_a2q_tw.rt465.txt (1011 entries)
rank=465 added 5 boundary-only nodes from routing
rank=464/1536 dataset=stackoverflow_a2q_tw walkers=50000 (23200000..23249999) steps=30 mode=0 sched=single-bucket delta_t=0 policy=0
rank=464 loaded data/1536/stackoverflow_a2q_tw.sub464.txt (|V_local|=1590  t_range=[2479480,239527878])
rank=464 loaded routing data/1536/stackoverflow_a2q_tw.rt464.txt (1079 entries)
rank=464 added 1 boundary-only nodes from routing
rank=459/1536 dataset=stackoverflow_a2q_tw walkers=50000 (22950000..22999999) steps=30 mode=0 sched=single-bucket delta_t=0 policy=0
rank=459 loaded data/1536/stackoverflow_a2q_tw.sub459.txt (|V_local|=1587  t_range=[433363,239668243])
rank=459 loaded routing data/1536/stackoverflow_a2q_tw.rt459.txt (1030 entries)
rank=459 added 2 boundary-only nodes from routing
rank=447/1536 dataset=stackoverflow_a2q_tw walkers=50000 (22350000..22399999) steps=30 mode=0 sched=single-bucket delta_t=0 policy=0
rank=447 loaded data/1536/stackoverflow_a2q_tw.sub447.txt (|V_local|=1585  t_range=[4250719,239683220])
rank=447 loaded routing data/1536/stackoverflow_a2q_tw.rt447.txt (1020 entries)
rank=475/1536 dataset=stackoverflow_a2q_tw walkers=50000 (23750000..23799999) steps=30 mode=0 sched=single-bucket delta_t=0 policy=0
rank=475 loaded data/1536/stackoverflow_a2q_tw.sub475.txt (|V_local|=1587  t_range=[58105,239590109])
rank=475 loaded routing data/1536/stackoverflow_a2q_tw.rt475.txt (959 entries)
rank=475 added 4 boundary-only nodes from routing
rank=463/1536 dataset=stackoverflow_a2q_tw walkers=50000 (23150000..23199999) steps=30 mode=0 sched=single-bucket delta_t=0 policy=0
rank=463 loaded data/1536/stackoverflow_a2q_tw.sub463.txt (|V_local|=1595  t_range=[16003433,239453201])
rank=463 loaded routing data/1536/stackoverflow_a2q_tw.rt463.txt (966 entries)
rank=463 added 4 boundary-only nodes from routing
rank=451/1536 dataset=stackoverflow_a2q_tw walkers=50000 (22550000..22599999) steps=30 mode=0 sched=single-bucket delta_t=0 policy=0
rank=451 loaded data/1536/stackoverflow_a2q_tw.sub451.txt (|V_local|=1586  t_range=[3205695,239589372])
rank=451 loaded routing data/1536/stackoverflow_a2q_tw.rt451.txt (1068 entries)
rank=451 added 1 boundary-only nodes from routing
rank=453/1536 dataset=stackoverflow_a2q_tw walkers=50000 (22650000..22699999) steps=30 mode=0 sched=single-bucket delta_t=0 policy=0
rank=453 loaded data/1536/stackoverflow_a2q_tw.sub453.txt (|V_local|=1583  t_range=[2986750,239541230])
rank=453 loaded routing data/1536/stackoverflow_a2q_tw.rt453.txt (1028 entries)
rank=453 added 3 boundary-only nodes from routing
rank=461/1536 dataset=stackoverflow_a2q_tw walkers=50000 (23050000..23099999) steps=30 mode=0 sched=single-bucket delta_t=0 policy=0
rank=461 loaded data/1536/stackoverflow_a2q_tw.sub461.txt (|V_local|=1590  t_range=[717473,239604397])
rank=461 loaded routing data/1536/stackoverflow_a2q_tw.rt461.txt (1007 entries)
rank=461 added 1 boundary-only nodes from routing
rank=478/1536 dataset=stackoverflow_a2q_tw walkers=50000 (23900000..23949999) steps=30 mode=0 sched=single-bucket delta_t=0 policy=0
rank=478 loaded data/1536/stackoverflow_a2q_tw.sub478.txt (|V_local|=1587  t_range=[847477,239653943])
rank=478 loaded routing data/1536/stackoverflow_a2q_tw.rt478.txt (941 entries)
rank=478 added 1 boundary-only nodes from routing
rank=467/1536 dataset=stackoverflow_a2q_tw walkers=50000 (23350000..23399999) steps=30 mode=0 sched=single-bucket delta_t=0 policy=0
rank=467 loaded data/1536/stackoverflow_a2q_tw.sub467.txt (|V_local|=1588  t_range=[3376920,239662360])
rank=467 loaded routing data/1536/stackoverflow_a2q_tw.rt467.txt (1024 entries)
rank=467 added 1 boundary-only nodes from routing
rank=474/1536 dataset=stackoverflow_a2q_tw walkers=50000 (23700000..23749999) steps=30 mode=0 sched=single-bucket delta_t=0 policy=0
rank=474 loaded data/1536/stackoverflow_a2q_tw.sub474.txt (|V_local|=1585  t_range=[1890156,239680527])
rank=474 loaded routing data/1536/stackoverflow_a2q_tw.rt474.txt (1009 entries)
rank=474 added 6 boundary-only nodes from routing
rank=471/1536 dataset=stackoverflow_a2q_tw walkers=50000 (23550000..23599999) steps=30 mode=0 sched=single-bucket delta_t=0 policy=0
rank=471 loaded data/1536/stackoverflow_a2q_tw.sub471.txt (|V_local|=1581  t_range=[3973760,239677946])
rank=471 loaded routing data/1536/stackoverflow_a2q_tw.rt471.txt (1083 entries)
rank=471 added 9 boundary-only nodes from routing
rank=452/1536 dataset=stackoverflow_a2q_tw walkers=50000 (22600000..22649999) steps=30 mode=0 sched=single-bucket delta_t=0 policy=0
rank=452 loaded data/1536/stackoverflow_a2q_tw.sub452.txt (|V_local|=1589  t_range=[1553237,239667924])
rank=452 loaded routing data/1536/stackoverflow_a2q_tw.rt452.txt (1039 entries)
rank=452 added 3 boundary-only nodes from routing
rank=468/1536 dataset=stackoverflow_a2q_tw walkers=50000 (23400000..23449999) steps=30 mode=0 sched=single-bucket delta_t=0 policy=0
rank=468 loaded data/1536/stackoverflow_a2q_tw.sub468.txt (|V_local|=1649  t_range=[427220,239679230])
rank=468 loaded routing data/1536/stackoverflow_a2q_tw.rt468.txt (817 entries)
rank=468 added 1 boundary-only nodes from routing
rank=460/1536 dataset=stackoverflow_a2q_tw walkers=50000 (23000000..23049999) steps=30 mode=0 sched=single-bucket delta_t=0 policy=0
rank=460 loaded data/1536/stackoverflow_a2q_tw.sub460.txt (|V_local|=1646  t_range=[2497599,239494748])
rank=460 loaded routing data/1536/stackoverflow_a2q_tw.rt460.txt (818 entries)
rank=460 added 1 boundary-only nodes from routing
rank=448/1536 dataset=stackoverflow_a2q_tw walkers=50000 (22400000..22449999) steps=30 mode=0 sched=single-bucket delta_t=0 policy=0
rank=448 loaded data/1536/stackoverflow_a2q_tw.sub448.txt (|V_local|=1589  t_range=[4144519,239652887])
rank=448 loaded routing data/1536/stackoverflow_a2q_tw.rt448.txt (912 entries)
rank=448 added 1 boundary-only nodes from routing
rank=462/1536 dataset=stackoverflow_a2q_tw walkers=50000 (23100000..23149999) steps=30 mode=0 sched=single-bucket delta_t=0 policy=0
rank=462 loaded data/1536/stackoverflow_a2q_tw.sub462.txt (|V_local|=1590  t_range=[4101801,239636499])
rank=462 loaded routing data/1536/stackoverflow_a2q_tw.rt462.txt (1056 entries)
rank=458/1536 dataset=stackoverflow_a2q_tw walkers=50000 (22900000..22949999) steps=30 mode=0 sched=single-bucket delta_t=0 policy=0
rank=458 loaded data/1536/stackoverflow_a2q_tw.sub458.txt (|V_local|=1652  t_range=[348558,239659875])
rank=458 loaded routing data/1536/stackoverflow_a2q_tw.rt458.txt (695 entries)
rank=454/1536 dataset=stackoverflow_a2q_tw walkers=50000 (22700000..22749999) steps=30 mode=0 sched=single-bucket delta_t=0 policy=0
rank=454 loaded data/1536/stackoverflow_a2q_tw.sub454.txt (|V_local|=1584  t_range=[2109029,239691520])
rank=70/1536 dataset=stackoverflow_a2q_tw walkers=50000 (3500000..3549999) steps=30 mode=0 sched=single-bucket delta_t=0 policy=0
rank=70 loaded data/1536/stackoverflow_a2q_tw.sub70.txt (|V_local|=1590  t_range=[4260026,239594539])
rank=70 loaded routing data/1536/stackoverflow_a2q_tw.rt70.txt (1045 entries)
rank=70 added 2 boundary-only nodes from routing
rank=54/1536 dataset=stackoverflow_a2q_tw walkers=50000 (2700000..2749999) steps=30 mode=0 sched=single-bucket delta_t=0 policy=0
rank=54 loaded data/1536/stackoverflow_a2q_tw.sub54.txt (|V_local|=1590  t_range=[4317869,239693009])
rank=54 loaded routing data/1536/stackoverflow_a2q_tw.rt54.txt (998 entries)
rank=54 added 1 boundary-only nodes from routing
rank=62/1536 dataset=stackoverflow_a2q_tw walkers=50000 (3100000..3149999) steps=30 mode=0 sched=single-bucket delta_t=0 policy=0
rank=62 loaded data/1536/stackoverflow_a2q_tw.sub62.txt (|V_local|=1588  t_range=[3968485,239675763])
rank=62 loaded routing data/1536/stackoverflow_a2q_tw.rt62.txt (1082 entries)
rank=62 added 1 boundary-only nodes from routing
rank=91/1536 dataset=stackoverflow_a2q_tw walkers=50000 (4550000..4599999) steps=30 mode=0 sched=single-bucket delta_t=0 policy=0
rank=91 loaded data/1536/stackoverflow_a2q_tw.sub91.txt (|V_local|=1587  t_range=[5856338,239667876])
rank=91 loaded routing data/1536/stackoverflow_a2q_tw.rt91.txt (1027 entries)
rank=91 added 1 boundary-only nodes from routing
rank=73/1536 dataset=stackoverflow_a2q_tw walkers=50000 (3650000..3699999) steps=30 mode=0 sched=single-bucket delta_t=0 policy=0
rank=73 loaded data/1536/stackoverflow_a2q_tw.sub73.txt (|V_local|=1588  t_range=[495252,239686597])
rank=73 loaded routing data/1536/stackoverflow_a2q_tw.rt73.txt (1102 entries)
rank=76/1536 dataset=stackoverflow_a2q_tw walkers=50000 (3800000..3849999) steps=30 mode=0 sched=single-bucket delta_t=0 policy=0
rank=76 loaded data/1536/stackoverflow_a2q_tw.sub76.txt (|V_local|=1595  t_range=[12095847,239690311])
rank=76 loaded routing data/1536/stackoverflow_a2q_tw.rt76.txt (1079 entries)
rank=76 added 1 boundary-only nodes from routing
rank=61/1536 dataset=stackoverflow_a2q_tw walkers=50000 (3050000..3099999) steps=30 mode=0 sched=single-bucket delta_t=0 policy=0
rank=61 loaded data/1536/stackoverflow_a2q_tw.sub61.txt (|V_local|=1590  t_range=[4139574,239666891])
rank=61 loaded routing data/1536/stackoverflow_a2q_tw.rt61.txt (1048 entries)
rank=61 added 1 boundary-only nodes from routing
rank=64/1536 dataset=stackoverflow_a2q_tw walkers=50000 (3200000..3249999) steps=30 mode=0 sched=single-bucket delta_t=0 policy=0
rank=64 loaded data/1536/stackoverflow_a2q_tw.sub64.txt (|V_local|=1648  t_range=[4808105,239507918])
rank=64 loaded routing data/1536/stackoverflow_a2q_tw.rt64.txt (970 entries)
rank=64 added 2 boundary-only nodes from routing
rank=83/1536 dataset=stackoverflow_a2q_tw walkers=50000 (4150000..4199999) steps=30 mode=0 sched=single-bucket delta_t=0 policy=0
rank=83 loaded data/1536/stackoverflow_a2q_tw.sub83.txt (|V_local|=1650  t_range=[43442272,239555994])
rank=83 loaded routing data/1536/stackoverflow_a2q_tw.rt83.txt (1026 entries)
rank=72/1536 dataset=stackoverflow_a2q_tw walkers=50000 (3600000..3649999) steps=30 mode=0 sched=single-bucket delta_t=0 policy=0
rank=72 loaded data/1536/stackoverflow_a2q_tw.sub72.txt (|V_local|=1590  t_range=[7332683,239697801])
rank=72 loaded routing data/1536/stackoverflow_a2q_tw.rt72.txt (1012 entries)
rank=72 added 1 boundary-only nodes from routing
rank=66/1536 dataset=stackoverflow_a2q_tw walkers=50000 (3300000..3349999) steps=30 mode=0 sched=single-bucket delta_t=0 policy=0
rank=66 loaded data/1536/stackoverflow_a2q_tw.sub66.txt (|V_local|=1587  t_range=[15638838,239698329])
rank=66 loaded routing data/1536/stackoverflow_a2q_tw.rt66.txt (1083 entries)
rank=90/1536 dataset=stackoverflow_a2q_tw walkers=50000 (4500000..4549999) steps=30 mode=0 sched=single-bucket delta_t=0 policy=0
rank=90 loaded data/1536/stackoverflow_a2q_tw.sub90.txt (|V_local|=1589  t_range=[7846676,239400187])
rank=90 loaded routing data/1536/stackoverflow_a2q_tw.rt90.txt (1103 entries)
rank=58/1536 dataset=stackoverflow_a2q_tw walkers=50000 (2900000..2949999) steps=30 mode=0 sched=single-bucket delta_t=0 policy=0
rank=58 loaded data/1536/stackoverflow_a2q_tw.sub58.txt (|V_local|=1612  t_range=[718135,239650695])
rank=58 loaded routing data/1536/stackoverflow_a2q_tw.rt58.txt (990 entries)
rank=58 added 1 boundary-only nodes from routing
rank=78/1536 dataset=stackoverflow_a2q_tw walkers=50000 (3900000..3949999) steps=30 mode=0 sched=single-bucket delta_t=0 policy=0
rank=78 loaded data/1536/stackoverflow_a2q_tw.sub78.txt (|V_local|=1593  t_range=[3711865,239630452])
rank=78 loaded routing data/1536/stackoverflow_a2q_tw.rt78.txt (1131 entries)
rank=69/1536 dataset=stackoverflow_a2q_tw walkers=50000 (3450000..3499999) steps=30 mode=0 sched=single-bucket delta_t=0 policy=0
rank=69 loaded data/1536/stackoverflow_a2q_tw.sub69.txt (|V_local|=1590  t_range=[6922857,239509984])
rank=69 loaded routing data/1536/stackoverflow_a2q_tw.rt69.txt (1067 entries)
rank=69 added 1 boundary-only nodes from routing
rank=77/1536 dataset=stackoverflow_a2q_tw walkers=50000 (3850000..3899999) steps=30 mode=0 sched=single-bucket delta_t=0 policy=0
rank=77 loaded data/1536/stackoverflow_a2q_tw.sub77.txt (|V_local|=1596  t_range=[6560641,239644201])
rank=77 loaded routing data/1536/stackoverflow_a2q_tw.rt77.txt (1067 entries)
rank=81/1536 dataset=stackoverflow_a2q_tw walkers=50000 (4050000..4099999) steps=30 mode=0 sched=single-bucket delta_t=0 policy=0
rank=81 loaded data/1536/stackoverflow_a2q_tw.sub81.txt (|V_local|=1589  t_range=[4051487,239675237])
rank=81 loaded routing data/1536/stackoverflow_a2q_tw.rt81.txt (1077 entries)
rank=79/1536 dataset=stackoverflow_a2q_tw walkers=50000 (3950000..3999999) steps=30 mode=0 sched=single-bucket delta_t=0 policy=0
rank=79 loaded data/1536/stackoverflow_a2q_tw.sub79.txt (|V_local|=1651  t_range=[1784342,239548147])
rank=79 loaded routing data/1536/stackoverflow_a2q_tw.rt79.txt (1054 entries)
rank=95/1536 dataset=stackoverflow_a2q_tw walkers=50000 (4750000..4799999) steps=30 mode=0 sched=single-bucket delta_t=0 policy=0
rank=95 loaded data/1536/stackoverflow_a2q_tw.sub95.txt (|V_local|=1652  t_range=[3296715,239698110])
rank=95 loaded routing data/1536/stackoverflow_a2q_tw.rt95.txt (1016 entries)
rank=94/1536 dataset=stackoverflow_a2q_tw walkers=50000 (4700000..4749999) steps=30 mode=0 sched=single-bucket delta_t=0 policy=0
rank=94 loaded data/1536/stackoverflow_a2q_tw.sub94.txt (|V_local|=1585  t_range=[13809424,239691980])
rank=94 loaded routing data/1536/stackoverflow_a2q_tw.rt94.txt (1065 entries)
rank=94 added 2 boundary-only nodes from routing
rank=48/1536 dataset=stackoverflow_a2q_tw walkers=50000 (2400000..2449999) steps=30 mode=0 sched=single-bucket delta_t=0 policy=0
rank=48 loaded data/1536/stackoverflow_a2q_tw.sub48.txt (|V_local|=1590  t_range=[3232920,239528804])
rank=48 loaded routing data/1536/stackoverflow_a2q_tw.rt48.txt (1036 entries)
rank=80/1536 dataset=stackoverflow_a2q_tw walkers=50000 (4000000..4049999) steps=30 mode=0 sched=single-bucket delta_t=0 policy=0
rank=80 loaded data/1536/stackoverflow_a2q_tw.sub80.txt (|V_local|=1651  t_range=[17495116,239686305])
rank=80 loaded routing data/1536/stackoverflow_a2q_tw.rt80.txt (1006 entries)
rank=84/1536 dataset=stackoverflow_a2q_tw walkers=50000 (4200000..4249999) steps=30 mode=0 sched=single-bucket delta_t=0 policy=0
rank=84 loaded data/1536/stackoverflow_a2q_tw.sub84.txt (|V_local|=1592  t_range=[15928817,239683069])
rank=84 loaded routing data/1536/stackoverflow_a2q_tw.rt84.txt (1081 entries)
rank=57/1536 dataset=stackoverflow_a2q_tw walkers=50000 (2850000..2899999) steps=30 mode=0 sched=single-bucket delta_t=0 policy=0
rank=57 loaded data/1536/stackoverflow_a2q_tw.sub57.txt (|V_local|=1578  t_range=[2224713,239680128])
rank=57 loaded routing data/1536/stackoverflow_a2q_tw.rt57.txt (1106 entries)
rank=57 added 7 boundary-only nodes from routing
rank=735/1536 dataset=stackoverflow_a2q_tw walkers=50000 (36750000..36799999) steps=30 mode=0 sched=single-bucket delta_t=0 policy=0
rank=735 loaded data/1536/stackoverflow_a2q_tw.sub735.txt (|V_local|=1581  t_range=[6429668,239668504])
rank=735 loaded routing data/1536/stackoverflow_a2q_tw.rt735.txt (963 entries)
rank=735 added 3 boundary-only nodes from routing
rank=739/1536 dataset=stackoverflow_a2q_tw walkers=50000 (36950000..36999999) steps=30 mode=0 sched=single-bucket delta_t=0 policy=0
rank=739 loaded data/1536/stackoverflow_a2q_tw.sub739.txt (|V_local|=1588  t_range=[3547251,239669867])
rank=739 loaded routing data/1536/stackoverflow_a2q_tw.rt739.txt (1040 entries)
rank=761/1536 dataset=stackoverflow_a2q_tw walkers=50000 (38050000..38099999) steps=30 mode=0 sched=single-bucket delta_t=0 policy=0
rank=761 loaded data/1536/stackoverflow_a2q_tw.sub761.txt (|V_local|=1594  t_range=[4029518,239559238])
rank=761 loaded routing data/1536/stackoverflow_a2q_tw.rt761.txt (1074 entries)
rank=763/1536 dataset=stackoverflow_a2q_tw walkers=50000 (38150000..38199999) steps=30 mode=0 sched=single-bucket delta_t=0 policy=0
rank=763 loaded data/1536/stackoverflow_a2q_tw.sub763.txt (|V_local|=1595  t_range=[5860231,239690979])
rank=763 loaded routing data/1536/stackoverflow_a2q_tw.rt763.txt (783 entries)
rank=747/1536 dataset=stackoverflow_a2q_tw walkers=50000 (37350000..37399999) steps=30 mode=0 sched=single-bucket delta_t=0 policy=0
rank=747 loaded data/1536/stackoverflow_a2q_tw.sub747.txt (|V_local|=1591  t_range=[22706678,239671591])
rank=747 loaded routing data/1536/stackoverflow_a2q_tw.rt747.txt (1036 entries)
rank=747 added 1 boundary-only nodes from routing
rank=751/1536 dataset=stackoverflow_a2q_tw walkers=50000 (37550000..37599999) steps=30 mode=0 sched=single-bucket delta_t=0 policy=0
rank=751 loaded data/1536/stackoverflow_a2q_tw.sub751.txt (|V_local|=1621  t_range=[9344933,239677699])
rank=751 loaded routing data/1536/stackoverflow_a2q_tw.rt751.txt (1019 entries)
rank=760/1536 dataset=stackoverflow_a2q_tw walkers=50000 (38000000..38049999) steps=30 mode=0 sched=single-bucket delta_t=0 policy=0
rank=760 loaded data/1536/stackoverflow_a2q_tw.sub760.txt (|V_local|=1585  t_range=[9738668,239547910])
rank=760 loaded routing data/1536/stackoverflow_a2q_tw.rt760.txt (988 entries)
rank=760 added 1 boundary-only nodes from routing
rank=748/1536 dataset=stackoverflow_a2q_tw walkers=50000 (37400000..37449999) steps=30 mode=0 sched=single-bucket delta_t=0 policy=0
rank=748 loaded data/1536/stackoverflow_a2q_tw.sub748.txt (|V_local|=1586  t_range=[7769571,239685660])
rank=748 loaded routing data/1536/stackoverflow_a2q_tw.rt748.txt (1086 entries)
rank=748 added 1 boundary-only nodes from routing
rank=729/1536 dataset=stackoverflow_a2q_tw walkers=50000 (36450000..36499999) steps=30 mode=0 sched=single-bucket delta_t=0 policy=0
rank=729 loaded data/1536/stackoverflow_a2q_tw.sub729.txt (|V_local|=1588  t_range=[4037068,239574298])
rank=729 loaded routing data/1536/stackoverflow_a2q_tw.rt729.txt (1083 entries)
rank=729 added 1 boundary-only nodes from routing
rank=753/1536 dataset=stackoverflow_a2q_tw walkers=50000 (37650000..37699999) steps=30 mode=0 sched=single-bucket delta_t=0 policy=0
rank=753 loaded data/1536/stackoverflow_a2q_tw.sub753.txt (|V_local|=1584  t_range=[36707607,239641708])
rank=753 loaded routing data/1536/stackoverflow_a2q_tw.rt753.txt (1037 entries)
rank=753 added 2 boundary-only nodes from routing
rank=743/1536 dataset=stackoverflow_a2q_tw walkers=50000 (37150000..37199999) steps=30 mode=0 sched=single-bucket delta_t=0 policy=0
rank=743 loaded data/1536/stackoverflow_a2q_tw.sub743.txt (|V_local|=1595  t_range=[1631927,239572672])
rank=743 loaded routing data/1536/stackoverflow_a2q_tw.rt743.txt (1100 entries)
rank=743 added 1 boundary-only nodes from routing
rank=740/1536 dataset=stackoverflow_a2q_tw walkers=50000 (37000000..37049999) steps=30 mode=0 sched=single-bucket delta_t=0 policy=0
rank=740 loaded data/1536/stackoverflow_a2q_tw.sub740.txt (|V_local|=1584  t_range=[5571476,239671893])
rank=740 loaded routing data/1536/stackoverflow_a2q_tw.rt740.txt (1052 entries)
rank=740 added 3 boundary-only nodes from routing
rank=746/1536 dataset=stackoverflow_a2q_tw walkers=50000 (37300000..37349999) steps=30 mode=0 sched=single-bucket delta_t=0 policy=0
rank=746 loaded data/1536/stackoverflow_a2q_tw.sub746.txt (|V_local|=1608  t_range=[7748861,239640192])
rank=746 loaded routing data/1536/stackoverflow_a2q_tw.rt746.txt (974 entries)
rank=758/1536 dataset=stackoverflow_a2q_tw walkers=50000 (37900000..37949999) steps=30 mode=0 sched=single-bucket delta_t=0 policy=0
rank=758 loaded data/1536/stackoverflow_a2q_tw.sub758.txt (|V_local|=1586  t_range=[2035992,239647811])
rank=758 loaded routing data/1536/stackoverflow_a2q_tw.rt758.txt (1114 entries)
rank=758 added 5 boundary-only nodes from routing
rank=762/1536 dataset=stackoverflow_a2q_tw walkers=50000 (38100000..38149999) steps=30 mode=0 sched=single-bucket delta_t=0 policy=0
rank=762 loaded data/1536/stackoverflow_a2q_tw.sub762.txt (|V_local|=1590  t_range=[13650870,239679624])
rank=762 loaded routing data/1536/stackoverflow_a2q_tw.rt762.txt (1041 entries)
rank=762 added 2 boundary-only nodes from routing
rank=766/1536 dataset=stackoverflow_a2q_tw walkers=50000 (38300000..38349999) steps=30 mode=0 sched=single-bucket delta_t=0 policy=0
rank=766 loaded data/1536/stackoverflow_a2q_tw.sub766.txt (|V_local|=1614  t_range=[13840742,239480202])
rank=766 loaded routing data/1536/stackoverflow_a2q_tw.rt766.txt (863 entries)
rank=754/1536 dataset=stackoverflow_a2q_tw walkers=50000 (37700000..37749999) steps=30 mode=0 sched=single-bucket delta_t=0 policy=0
rank=754 loaded data/1536/stackoverflow_a2q_tw.sub754.txt (|V_local|=1594  t_range=[18490344,239677137])
rank=754 loaded routing data/1536/stackoverflow_a2q_tw.rt754.txt (1020 entries)
rank=755/1536 dataset=stackoverflow_a2q_tw walkers=50000 (37750000..37799999) steps=30 mode=0 sched=single-bucket delta_t=0 policy=0
rank=755 loaded data/1536/stackoverflow_a2q_tw.sub755.txt (|V_local|=1592  t_range=[14344611,239695898])
rank=755 loaded routing data/1536/stackoverflow_a2q_tw.rt755.txt (1013 entries)
rank=742/1536 dataset=stackoverflow_a2q_tw walkers=50000 (37100000..37149999) steps=30 mode=0 sched=single-bucket delta_t=0 policy=0
rank=742 loaded data/1536/stackoverflow_a2q_tw.sub742.txt (|V_local|=1651  t_range=[9427498,239600400])
rank=742 loaded routing data/1536/stackoverflow_a2q_tw.rt742.txt (833 entries)
rank=742 added 1 boundary-only nodes from routing
rank=750/1536 dataset=stackoverflow_a2q_tw walkers=50000 (37500000..37549999) steps=30 mode=0 sched=single-bucket delta_t=0 policy=0
rank=750 loaded data/1536/stackoverflow_a2q_tw.sub750.txt (|V_local|=1592  t_range=[2896796,239698519])
rank=750 loaded routing data/1536/stackoverflow_a2q_tw.rt750.txt (1022 entries)
rank=720/1536 dataset=stackoverflow_a2q_tw walkers=50000 (36000000..36049999) steps=30 mode=0 sched=single-bucket delta_t=0 policy=0
rank=720 loaded data/1536/stackoverflow_a2q_tw.sub720.txt (|V_local|=1594  t_range=[11412718,239608644])
rank=720 loaded routing data/1536/stackoverflow_a2q_tw.rt720.txt (1078 entries)
rank=752/1536 dataset=stackoverflow_a2q_tw walkers=50000 (37600000..37649999) steps=30 mode=0 sched=single-bucket delta_t=0 policy=0
rank=752 loaded data/1536/stackoverflow_a2q_tw.sub752.txt (|V_local|=1594  t_range=[14512805,239693890])
rank=752 loaded routing data/1536/stackoverflow_a2q_tw.rt752.txt (1044 entries)
rank=767/1536 dataset=stackoverflow_a2q_tw walkers=50000 (38350000..38399999) steps=30 mode=0 sched=single-bucket delta_t=0 policy=0
rank=767 loaded data/1536/stackoverflow_a2q_tw.sub767.txt (|V_local|=1638  t_range=[25798944,239696671])
rank=767 loaded routing data/1536/stackoverflow_a2q_tw.rt767.txt (974 entries)
rank=764/1536 dataset=stackoverflow_a2q_tw walkers=50000 (38200000..38249999) steps=30 mode=0 sched=single-bucket delta_t=0 policy=0
rank=764 loaded data/1536/stackoverflow_a2q_tw.sub764.txt (|V_local|=1648  t_range=[19355698,239654811])
rank=764 loaded routing data/1536/stackoverflow_a2q_tw.rt764.txt (858 entries)
rank=132/1536 dataset=stackoverflow_a2q_tw walkers=50000 (6600000..6649999) steps=30 mode=0 sched=single-bucket delta_t=0 policy=0
rank=132 loaded data/1536/stackoverflow_a2q_tw.sub132.txt (|V_local|=1588  t_range=[10156890,239697608])
rank=132 loaded routing data/1536/stackoverflow_a2q_tw.rt132.txt (1007 entries)
rank=132 added 1 boundary-only nodes from routing
rank=115/1536 dataset=stackoverflow_a2q_tw walkers=50000 (5750000..5799999) steps=30 mode=0 sched=single-bucket delta_t=0 policy=0
rank=115 loaded data/1536/stackoverflow_a2q_tw.sub115.txt (|V_local|=1646  t_range=[1523759,239463814])
rank=115 loaded routing data/1536/stackoverflow_a2q_tw.rt115.txt (850 entries)
rank=118/1536 dataset=stackoverflow_a2q_tw walkers=50000 (5900000..5949999) steps=30 mode=0 sched=single-bucket delta_t=0 policy=0
rank=118 loaded data/1536/stackoverflow_a2q_tw.sub118.txt (|V_local|=1585  t_range=[14695605,239643724])
rank=118 loaded routing data/1536/stackoverflow_a2q_tw.rt118.txt (889 entries)
rank=118 added 2 boundary-only nodes from routing
rank=120/1536 dataset=stackoverflow_a2q_tw walkers=50000 (6000000..6049999) steps=30 mode=0 sched=single-bucket delta_t=0 policy=0
rank=120 loaded data/1536/stackoverflow_a2q_tw.sub120.txt (|V_local|=1590  t_range=[4741756,239588564])
rank=120 loaded routing data/1536/stackoverflow_a2q_tw.rt120.txt (958 entries)
rank=120 added 1 boundary-only nodes from routing
rank=133/1536 dataset=stackoverflow_a2q_tw walkers=50000 (6650000..6699999) steps=30 mode=0 sched=single-bucket delta_t=0 policy=0
rank=133 loaded data/1536/stackoverflow_a2q_tw.sub133.txt (|V_local|=1595  t_range=[6093141,239681066])
rank=133 loaded routing data/1536/stackoverflow_a2q_tw.rt133.txt (968 entries)
rank=137/1536 dataset=stackoverflow_a2q_tw walkers=50000 (6850000..6899999) steps=30 mode=0 sched=single-bucket delta_t=0 policy=0
rank=137 loaded data/1536/stackoverflow_a2q_tw.sub137.txt (|V_local|=1651  t_range=[40477421,239697892])
rank=137 loaded routing data/1536/stackoverflow_a2q_tw.rt137.txt (573 entries)
rank=137 added 1 boundary-only nodes from routing
rank=127/1536 dataset=stackoverflow_a2q_tw walkers=50000 (6350000..6399999) steps=30 mode=0 sched=single-bucket delta_t=0 policy=0
rank=127 loaded data/1536/stackoverflow_a2q_tw.sub127.txt (|V_local|=1648  t_range=[1524584,239653773])
rank=127 loaded routing data/1536/stackoverflow_a2q_tw.rt127.txt (640 entries)
rank=127 added 4 boundary-only nodes from routing
rank=136/1536 dataset=stackoverflow_a2q_tw walkers=50000 (6800000..6849999) steps=30 mode=0 sched=single-bucket delta_t=0 policy=0
rank=136 loaded data/1536/stackoverflow_a2q_tw.sub136.txt (|V_local|=1651  t_range=[546717,239690397])
rank=136 loaded routing data/1536/stackoverflow_a2q_tw.rt136.txt (851 entries)
rank=136 added 1 boundary-only nodes from routing
rank=100/1536 dataset=stackoverflow_a2q_tw walkers=50000 (5000000..5049999) steps=30 mode=0 sched=single-bucket delta_t=0 policy=0
rank=100 loaded data/1536/stackoverflow_a2q_tw.sub100.txt (|V_local|=1595  t_range=[10101156,239657011])
rank=100 loaded routing data/1536/stackoverflow_a2q_tw.rt100.txt (1084 entries)
rank=100 added 2 boundary-only nodes from routing
rank=141/1536 dataset=stackoverflow_a2q_tw walkers=50000 (7050000..7099999) steps=30 mode=0 sched=single-bucket delta_t=0 policy=0
rank=141 loaded data/1536/stackoverflow_a2q_tw.sub141.txt (|V_local|=1652  t_range=[1048569,239586872])
rank=141 loaded routing data/1536/stackoverflow_a2q_tw.rt141.txt (900 entries)
rank=114/1536 dataset=stackoverflow_a2q_tw walkers=50000 (5700000..5749999) steps=30 mode=0 sched=single-bucket delta_t=0 policy=0
rank=114 loaded data/1536/stackoverflow_a2q_tw.sub114.txt (|V_local|=1590  t_range=[10962454,239641471])
rank=114 loaded routing data/1536/stackoverflow_a2q_tw.rt114.txt (1096 entries)
rank=114 added 3 boundary-only nodes from routing
rank=135/1536 dataset=stackoverflow_a2q_tw walkers=50000 (6750000..6799999) steps=30 mode=0 sched=single-bucket delta_t=0 policy=0
rank=135 loaded data/1536/stackoverflow_a2q_tw.sub135.txt (|V_local|=1588  t_range=[4047001,239559022])
rank=135 loaded routing data/1536/stackoverflow_a2q_tw.rt135.txt (1028 entries)
rank=206/1536 dataset=stackoverflow_a2q_tw walkers=50000 (10300000..10349999) steps=30 mode=0 sched=single-bucket delta_t=0 policy=0
rank=206 loaded data/1536/stackoverflow_a2q_tw.sub206.txt (|V_local|=1588  t_range=[15299350,239609148])
rank=206 loaded routing data/1536/stackoverflow_a2q_tw.rt206.txt (1077 entries)
rank=206 added 2 boundary-only nodes from routing
rank=238/1536 dataset=stackoverflow_a2q_tw walkers=50000 (11900000..11949999) steps=30 mode=0 sched=single-bucket delta_t=0 policy=0
rank=238 loaded data/1536/stackoverflow_a2q_tw.sub238.txt (|V_local|=1594  t_range=[4301832,239657818])
rank=238 loaded routing data/1536/stackoverflow_a2q_tw.rt238.txt (1050 entries)
rank=238 added 2 boundary-only nodes from routing
rank=214/1536 dataset=stackoverflow_a2q_tw walkers=50000 (10700000..10749999) steps=30 mode=0 sched=single-bucket delta_t=0 policy=0
rank=214 loaded data/1536/stackoverflow_a2q_tw.sub214.txt (|V_local|=1591  t_range=[5531938,239680772])
rank=214 loaded routing data/1536/stackoverflow_a2q_tw.rt214.txt (1095 entries)
rank=214 added 2 boundary-only nodes from routing
rank=229/1536 dataset=stackoverflow_a2q_tw walkers=50000 (11450000..11499999) steps=30 mode=0 sched=single-bucket delta_t=0 policy=0
rank=229 loaded data/1536/stackoverflow_a2q_tw.sub229.txt (|V_local|=1584  t_range=[14580772,239658490])
rank=229 loaded routing data/1536/stackoverflow_a2q_tw.rt229.txt (1036 entries)
rank=229 added 1 boundary-only nodes from routing
rank=224/1536 dataset=stackoverflow_a2q_tw walkers=50000 (11200000..11249999) steps=30 mode=0 sched=single-bucket delta_t=0 policy=0
rank=224 loaded data/1536/stackoverflow_a2q_tw.sub224.txt (|V_local|=1593  t_range=[41818159,239580093])
rank=224 loaded routing data/1536/stackoverflow_a2q_tw.rt224.txt (1103 entries)
rank=233/1536 dataset=stackoverflow_a2q_tw walkers=50000 (11650000..11699999) steps=30 mode=0 sched=single-bucket delta_t=0 policy=0
rank=233 loaded data/1536/stackoverflow_a2q_tw.sub233.txt (|V_local|=1586  t_range=[40355926,239682052])
rank=233 loaded routing data/1536/stackoverflow_a2q_tw.rt233.txt (992 entries)
rank=236/1536 dataset=stackoverflow_a2q_tw walkers=50000 (11800000..11849999) steps=30 mode=0 sched=single-bucket delta_t=0 policy=0
rank=236 loaded data/1536/stackoverflow_a2q_tw.sub236.txt (|V_local|=1588  t_range=[11468306,239677073])
rank=236 loaded routing data/1536/stackoverflow_a2q_tw.rt236.txt (1102 entries)
rank=216/1536 dataset=stackoverflow_a2q_tw walkers=50000 (10800000..10849999) steps=30 mode=0 sched=single-bucket delta_t=0 policy=0
rank=216 loaded data/1536/stackoverflow_a2q_tw.sub216.txt (|V_local|=1602  t_range=[72094526,239465060])
rank=216 loaded routing data/1536/stackoverflow_a2q_tw.rt216.txt (1062 entries)
rank=222/1536 dataset=stackoverflow_a2q_tw walkers=50000 (11100000..11149999) steps=30 mode=0 sched=single-bucket delta_t=0 policy=0
rank=222 loaded data/1536/stackoverflow_a2q_tw.sub222.txt (|V_local|=1583  t_range=[21908007,239693009])
rank=222 loaded routing data/1536/stackoverflow_a2q_tw.rt222.txt (1085 entries)
rank=222 added 1 boundary-only nodes from routing
rank=221/1536 dataset=stackoverflow_a2q_tw walkers=50000 (11050000..11099999) steps=30 mode=0 sched=single-bucket delta_t=0 policy=0
rank=221 loaded data/1536/stackoverflow_a2q_tw.sub221.txt (|V_local|=1651  t_range=[16737795,239582280])
rank=221 loaded routing data/1536/stackoverflow_a2q_tw.rt221.txt (915 entries)
rank=237/1536 dataset=stackoverflow_a2q_tw walkers=50000 (11850000..11899999) steps=30 mode=0 sched=single-bucket delta_t=0 policy=0
rank=237 loaded data/1536/stackoverflow_a2q_tw.sub237.txt (|V_local|=1588  t_range=[2337969,239688466])
rank=237 loaded routing data/1536/stackoverflow_a2q_tw.rt237.txt (1086 entries)
rank=211/1536 dataset=stackoverflow_a2q_tw walkers=50000 (10550000..10599999) steps=30 mode=0 sched=single-bucket delta_t=0 policy=0
rank=211 loaded data/1536/stackoverflow_a2q_tw.sub211.txt (|V_local|=1618  t_range=[11388347,239683692])
rank=211 loaded routing data/1536/stackoverflow_a2q_tw.rt211.txt (857 entries)
rank=218/1536 dataset=stackoverflow_a2q_tw walkers=50000 (10900000..10949999) steps=30 mode=0 sched=single-bucket delta_t=0 policy=0
rank=218 loaded data/1536/stackoverflow_a2q_tw.sub218.txt (|V_local|=1590  t_range=[8533502,239661138])
rank=218 loaded routing data/1536/stackoverflow_a2q_tw.rt218.txt (1156 entries)
rank=230/1536 dataset=stackoverflow_a2q_tw walkers=50000 (11500000..11549999) steps=30 mode=0 sched=single-bucket delta_t=0 policy=0
rank=230 loaded data/1536/stackoverflow_a2q_tw.sub230.txt (|V_local|=1594  t_range=[9120565,239361738])
rank=230 loaded routing data/1536/stackoverflow_a2q_tw.rt230.txt (1023 entries)
rank=234/1536 dataset=stackoverflow_a2q_tw walkers=50000 (11700000..11749999) steps=30 mode=0 sched=single-bucket delta_t=0 policy=0
rank=234 loaded data/1536/stackoverflow_a2q_tw.sub234.txt (|V_local|=1594  t_range=[14599571,239686572])
rank=234 loaded routing data/1536/stackoverflow_a2q_tw.rt234.txt (1112 entries)
rank=234 added 1 boundary-only nodes from routing
rank=215/1536 dataset=stackoverflow_a2q_tw walkers=50000 (10750000..10799999) steps=30 mode=0 sched=single-bucket delta_t=0 policy=0
rank=215 loaded data/1536/stackoverflow_a2q_tw.sub215.txt (|V_local|=1592  t_range=[16224877,239693326])
rank=215 loaded routing data/1536/stackoverflow_a2q_tw.rt215.txt (933 entries)
rank=220/1536 dataset=stackoverflow_a2q_tw walkers=50000 (11000000..11049999) steps=30 mode=0 sched=single-bucket delta_t=0 policy=0
rank=220 loaded data/1536/stackoverflow_a2q_tw.sub220.txt (|V_local|=1650  t_range=[27281617,239693020])
rank=220 loaded routing data/1536/stackoverflow_a2q_tw.rt220.txt (938 entries)
rank=220 added 1 boundary-only nodes from routing
rank=208/1536 dataset=stackoverflow_a2q_tw walkers=50000 (10400000..10449999) steps=30 mode=0 sched=single-bucket delta_t=0 policy=0
rank=208 loaded data/1536/stackoverflow_a2q_tw.sub208.txt (|V_local|=1600  t_range=[28998479,239618397])
rank=208 loaded routing data/1536/stackoverflow_a2q_tw.rt208.txt (1105 entries)
rank=232/1536 dataset=stackoverflow_a2q_tw walkers=50000 (11600000..11649999) steps=30 mode=0 sched=single-bucket delta_t=0 policy=0
rank=232 loaded data/1536/stackoverflow_a2q_tw.sub232.txt (|V_local|=1588  t_range=[14557071,239676729])
rank=232 loaded routing data/1536/stackoverflow_a2q_tw.rt232.txt (1050 entries)
rank=217/1536 dataset=stackoverflow_a2q_tw walkers=50000 (10850000..10899999) steps=30 mode=0 sched=single-bucket delta_t=0 policy=0
rank=217 loaded data/1536/stackoverflow_a2q_tw.sub217.txt (|V_local|=1591  t_range=[9953463,239666780])
rank=217 loaded routing data/1536/stackoverflow_a2q_tw.rt217.txt (1092 entries)
rank=217 added 1 boundary-only nodes from routing
rank=235/1536 dataset=stackoverflow_a2q_tw walkers=50000 (11750000..11799999) steps=30 mode=0 sched=single-bucket delta_t=0 policy=0
rank=235 loaded data/1536/stackoverflow_a2q_tw.sub235.txt (|V_local|=1588  t_range=[20591428,239655288])
rank=235 loaded routing data/1536/stackoverflow_a2q_tw.rt235.txt (1056 entries)
rank=212/1536 dataset=stackoverflow_a2q_tw walkers=50000 (10600000..10649999) steps=30 mode=0 sched=single-bucket delta_t=0 policy=0
rank=212 loaded data/1536/stackoverflow_a2q_tw.sub212.txt (|V_local|=1587  t_range=[32553514,239662824])
rank=212 loaded routing data/1536/stackoverflow_a2q_tw.rt212.txt (1074 entries)
rank=212 added 1 boundary-only nodes from routing
rank=239/1536 dataset=stackoverflow_a2q_tw walkers=50000 (11950000..11999999) steps=30 mode=0 sched=single-bucket delta_t=0 policy=0
rank=239 loaded data/1536/stackoverflow_a2q_tw.sub239.txt (|V_local|=1592  t_range=[24091116,239406894])
rank=239 loaded routing data/1536/stackoverflow_a2q_tw.rt239.txt (1048 entries)
rank=239 added 1 boundary-only nodes from routing
rank=219/1536 dataset=stackoverflow_a2q_tw walkers=50000 (10950000..10999999) steps=30 mode=0 sched=single-bucket delta_t=0 policy=0
rank=219 loaded data/1536/stackoverflow_a2q_tw.sub219.txt (|V_local|=1587  t_range=[39801051,239581910])
rank=219 loaded routing data/1536/stackoverflow_a2q_tw.rt219.txt (1088 entries)
rank=219 added 1 boundary-only nodes from routing
rank=20/1536 dataset=stackoverflow_a2q_tw walkers=50000 (1000000..1049999) steps=30 mode=0 sched=single-bucket delta_t=0 policy=0
rank=20 loaded data/1536/stackoverflow_a2q_tw.sub20.txt (|V_local|=1652  t_range=[10031922,239663409])
rank=20 loaded routing data/1536/stackoverflow_a2q_tw.rt20.txt (578 entries)
rank=40/1536 dataset=stackoverflow_a2q_tw walkers=50000 (2000000..2049999) steps=30 mode=0 sched=single-bucket delta_t=0 policy=0
rank=40 loaded data/1536/stackoverflow_a2q_tw.sub40.txt (|V_local|=1594  t_range=[2416256,239630887])
rank=40 loaded routing data/1536/stackoverflow_a2q_tw.rt40.txt (1079 entries)
rank=44/1536 dataset=stackoverflow_a2q_tw walkers=50000 (2200000..2249999) steps=30 mode=0 sched=single-bucket delta_t=0 policy=0
rank=44 loaded data/1536/stackoverflow_a2q_tw.sub44.txt (|V_local|=1651  t_range=[5713464,239696958])
rank=44 loaded routing data/1536/stackoverflow_a2q_tw.rt44.txt (949 entries)
rank=19/1536 dataset=stackoverflow_a2q_tw walkers=50000 (950000..999999) steps=30 mode=0 sched=single-bucket delta_t=0 policy=0
rank=19 loaded data/1536/stackoverflow_a2q_tw.sub19.txt (|V_local|=1590  t_range=[6026518,239634193])
rank=19 loaded routing data/1536/stackoverflow_a2q_tw.rt19.txt (923 entries)
rank=19 added 1 boundary-only nodes from routing
rank=10/1536 dataset=stackoverflow_a2q_tw walkers=50000 (500000..549999) steps=30 mode=0 sched=single-bucket delta_t=0 policy=0
rank=10 loaded data/1536/stackoverflow_a2q_tw.sub10.txt (|V_local|=1585  t_range=[24622568,239598321])
rank=10 loaded routing data/1536/stackoverflow_a2q_tw.rt10.txt (1059 entries)
rank=10 added 1 boundary-only nodes from routing
rank=18/1536 dataset=stackoverflow_a2q_tw walkers=50000 (900000..949999) steps=30 mode=0 sched=single-bucket delta_t=0 policy=0
rank=18 loaded data/1536/stackoverflow_a2q_tw.sub18.txt (|V_local|=1593  t_range=[14591251,239676644])
rank=18 loaded routing data/1536/stackoverflow_a2q_tw.rt18.txt (955 entries)
rank=18 added 1 boundary-only nodes from routing
rank=38/1536 dataset=stackoverflow_a2q_tw walkers=50000 (1900000..1949999) steps=30 mode=0 sched=single-bucket delta_t=0 policy=0
rank=38 loaded data/1536/stackoverflow_a2q_tw.sub38.txt (|V_local|=1592  t_range=[12990371,239690315])
rank=38 loaded routing data/1536/stackoverflow_a2q_tw.rt38.txt (1025 entries)
rank=38 added 3 boundary-only nodes from routing
rank=23/1536 dataset=stackoverflow_a2q_tw walkers=50000 (1150000..1199999) steps=30 mode=0 sched=single-bucket delta_t=0 policy=0
rank=23 loaded data/1536/stackoverflow_a2q_tw.sub23.txt (|V_local|=1652  t_range=[45653547,239696816])
rank=23 loaded routing data/1536/stackoverflow_a2q_tw.rt23.txt (608 entries)
rank=27/1536 dataset=stackoverflow_a2q_tw walkers=50000 (1350000..1399999) steps=30 mode=0 sched=single-bucket delta_t=0 policy=0
rank=27 loaded data/1536/stackoverflow_a2q_tw.sub27.txt (|V_local|=1589  t_range=[4046570,239690776])
rank=27 loaded routing data/1536/stackoverflow_a2q_tw.rt27.txt (1048 entries)
rank=27 added 1 boundary-only nodes from routing
rank=29/1536 dataset=stackoverflow_a2q_tw walkers=50000 (1450000..1499999) steps=30 mode=0 sched=single-bucket delta_t=0 policy=0
rank=29 loaded data/1536/stackoverflow_a2q_tw.sub29.txt (|V_local|=1595  t_range=[5962982,239665940])
rank=29 loaded routing data/1536/stackoverflow_a2q_tw.rt29.txt (1049 entries)
rank=29 added 2 boundary-only nodes from routing
rank=14/1536 dataset=stackoverflow_a2q_tw walkers=50000 (700000..749999) steps=30 mode=0 sched=single-bucket delta_t=0 policy=0
rank=14 loaded data/1536/stackoverflow_a2q_tw.sub14.txt (|V_local|=1591  t_range=[4128028,239658467])
rank=14 loaded routing data/1536/stackoverflow_a2q_tw.rt14.txt (1076 entries)
rank=14 added 3 boundary-only nodes from routing
rank=46/1536 dataset=stackoverflow_a2q_tw walkers=50000 (2300000..2349999) steps=30 mode=0 sched=single-bucket delta_t=0 policy=0
rank=46 loaded data/1536/stackoverflow_a2q_tw.sub46.txt (|V_local|=1591  t_range=[23566810,239678405])
rank=46 loaded routing data/1536/stackoverflow_a2q_tw.rt46.txt (846 entries)
rank=32/1536 dataset=stackoverflow_a2q_tw walkers=50000 (1600000..1649999) steps=30 mode=0 sched=single-bucket delta_t=0 policy=0
rank=32 loaded data/1536/stackoverflow_a2q_tw.sub32.txt (|V_local|=1589  t_range=[6238617,239488612])
rank=32 loaded routing data/1536/stackoverflow_a2q_tw.rt32.txt (1066 entries)
rank=32 added 2 boundary-only nodes from routing
rank=36/1536 dataset=stackoverflow_a2q_tw walkers=50000 (1800000..1849999) steps=30 mode=0 sched=single-bucket delta_t=0 policy=0
rank=36 loaded data/1536/stackoverflow_a2q_tw.sub36.txt (|V_local|=1590  t_range=[4808382,239659596])
rank=36 loaded routing data/1536/stackoverflow_a2q_tw.rt36.txt (993 entries)
rank=33/1536 dataset=stackoverflow_a2q_tw walkers=50000 (1650000..1699999) steps=30 mode=0 sched=single-bucket delta_t=0 policy=0
rank=33 loaded data/1536/stackoverflow_a2q_tw.sub33.txt (|V_local|=1591  t_range=[1114912,239693346])
rank=33 loaded routing data/1536/stackoverflow_a2q_tw.rt33.txt (1101 entries)
rank=33 added 1 boundary-only nodes from routing
rank=45/1536 dataset=stackoverflow_a2q_tw walkers=50000 (2250000..2299999) steps=30 mode=0 sched=single-bucket delta_t=0 policy=0
rank=45 loaded data/1536/stackoverflow_a2q_tw.sub45.txt (|V_local|=1589  t_range=[5416289,239691447])
rank=45 loaded routing data/1536/stackoverflow_a2q_tw.rt45.txt (1017 entries)
rank=45 added 1 boundary-only nodes from routing
rank=16/1536 dataset=stackoverflow_a2q_tw walkers=50000 (800000..849999) steps=30 mode=0 sched=single-bucket delta_t=0 policy=0
rank=16 loaded data/1536/stackoverflow_a2q_tw.sub16.txt (|V_local|=1588  t_range=[17500443,239574567])
rank=16 loaded routing data/1536/stackoverflow_a2q_tw.rt16.txt (1009 entries)
rank=16 added 4 boundary-only nodes from routing
rank=30/1536 dataset=stackoverflow_a2q_tw walkers=50000 (1500000..1549999) steps=30 mode=0 sched=single-bucket delta_t=0 policy=0
rank=30 loaded data/1536/stackoverflow_a2q_tw.sub30.txt (|V_local|=1590  t_range=[11228643,239684979])
rank=30 loaded routing data/1536/stackoverflow_a2q_tw.rt30.txt (1083 entries)
rank=47/1536 dataset=stackoverflow_a2q_tw walkers=50000 (2350000..2399999) steps=30 mode=0 sched=single-bucket delta_t=0 policy=0
rank=47 loaded data/1536/stackoverflow_a2q_tw.sub47.txt (|V_local|=1591  t_range=[4570472,239526328])
rank=47 loaded routing data/1536/stackoverflow_a2q_tw.rt47.txt (1061 entries)
rank=31/1536 dataset=stackoverflow_a2q_tw walkers=50000 (1550000..1599999) steps=30 mode=0 sched=single-bucket delta_t=0 policy=0
rank=31 loaded data/1536/stackoverflow_a2q_tw.sub31.txt (|V_local|=1652  t_range=[12546589,239675324])
rank=31 loaded routing data/1536/stackoverflow_a2q_tw.rt31.txt (876 entries)
rank=11/1536 dataset=stackoverflow_a2q_tw walkers=50000 (550000..599999) steps=30 mode=0 sched=single-bucket delta_t=0 policy=0
rank=11 loaded data/1536/stackoverflow_a2q_tw.sub11.txt (|V_local|=1582  t_range=[2265210,239642250])
rank=11 loaded routing data/1536/stackoverflow_a2q_tw.rt11.txt (1074 entries)
rank=13/1536 dataset=stackoverflow_a2q_tw walkers=50000 (650000..699999) steps=30 mode=0 sched=single-bucket delta_t=0 policy=0
rank=13 loaded data/1536/stackoverflow_a2q_tw.sub13.txt (|V_local|=1586  t_range=[19049777,239598841])
rank=13 loaded routing data/1536/stackoverflow_a2q_tw.rt13.txt (1088 entries)
rank=13 added 2 boundary-only nodes from routing
rank=41/1536 dataset=stackoverflow_a2q_tw walkers=50000 (2050000..2099999) steps=30 mode=0 sched=single-bucket delta_t=0 policy=0
rank=41 loaded data/1536/stackoverflow_a2q_tw.sub41.txt (|V_local|=1651  t_range=[2175541,239696499])
rank=41 loaded routing data/1536/stackoverflow_a2q_tw.rt41.txt (868 entries)
rank=41 added 1 boundary-only nodes from routing
rank=43/1536 dataset=stackoverflow_a2q_tw walkers=50000 (2150000..2199999) steps=30 mode=0 sched=single-bucket delta_t=0 policy=0
rank=43 loaded data/1536/stackoverflow_a2q_tw.sub43.txt (|V_local|=1596  t_range=[4029991,239643122])
rank=43 loaded routing data/1536/stackoverflow_a2q_tw.rt43.txt (918 entries)
rank=43 added 1 boundary-only nodes from routing
rank=374/1536 dataset=stackoverflow_a2q_tw walkers=50000 (18700000..18749999) steps=30 mode=0 sched=single-bucket delta_t=0 policy=0
rank=374 loaded data/1536/stackoverflow_a2q_tw.sub374.txt (|V_local|=1591  t_range=[29889554,239671843])
rank=374 loaded routing data/1536/stackoverflow_a2q_tw.rt374.txt (1042 entries)
rank=356/1536 dataset=stackoverflow_a2q_tw walkers=50000 (17800000..17849999) steps=30 mode=0 sched=single-bucket delta_t=0 policy=0
rank=356 loaded data/1536/stackoverflow_a2q_tw.sub356.txt (|V_local|=1580  t_range=[5339393,239679057])
rank=356 loaded routing data/1536/stackoverflow_a2q_tw.rt356.txt (1095 entries)
rank=357/1536 dataset=stackoverflow_a2q_tw walkers=50000 (17850000..17899999) steps=30 mode=0 sched=single-bucket delta_t=0 policy=0
rank=357 loaded data/1536/stackoverflow_a2q_tw.sub357.txt (|V_local|=1582  t_range=[36695562,239659742])
rank=357 loaded routing data/1536/stackoverflow_a2q_tw.rt357.txt (1104 entries)
rank=337/1536 dataset=stackoverflow_a2q_tw walkers=50000 (16850000..16899999) steps=30 mode=0 sched=single-bucket delta_t=0 policy=0
rank=337 loaded data/1536/stackoverflow_a2q_tw.sub337.txt (|V_local|=1595  t_range=[12335852,239689794])
rank=337 loaded routing data/1536/stackoverflow_a2q_tw.rt337.txt (1008 entries)
rank=355/1536 dataset=stackoverflow_a2q_tw walkers=50000 (17750000..17799999) steps=30 mode=0 sched=single-bucket delta_t=0 policy=0
rank=355 loaded data/1536/stackoverflow_a2q_tw.sub355.txt (|V_local|=1593  t_range=[4093435,239670759])
rank=355 loaded routing data/1536/stackoverflow_a2q_tw.rt355.txt (1011 entries)
rank=370/1536 dataset=stackoverflow_a2q_tw walkers=50000 (18500000..18549999) steps=30 mode=0 sched=single-bucket delta_t=0 policy=0
rank=370 loaded data/1536/stackoverflow_a2q_tw.sub370.txt (|V_local|=1634  t_range=[31745070,239681469])
rank=370 loaded routing data/1536/stackoverflow_a2q_tw.rt370.txt (1004 entries)
rank=375/1536 dataset=stackoverflow_a2q_tw walkers=50000 (18750000..18799999) steps=30 mode=0 sched=single-bucket delta_t=0 policy=0
rank=375 loaded data/1536/stackoverflow_a2q_tw.sub375.txt (|V_local|=1593  t_range=[6074318,239573203])
rank=375 loaded routing data/1536/stackoverflow_a2q_tw.rt375.txt (1104 entries)
rank=375 added 1 boundary-only nodes from routing
rank=347/1536 dataset=stackoverflow_a2q_tw walkers=50000 (17350000..17399999) steps=30 mode=0 sched=single-bucket delta_t=0 policy=0
rank=347 loaded data/1536/stackoverflow_a2q_tw.sub347.txt (|V_local|=1597  t_range=[12165683,239679032])
rank=347 loaded routing data/1536/stackoverflow_a2q_tw.rt347.txt (1073 entries)
rank=347 added 1 boundary-only nodes from routing
rank=376/1536 dataset=stackoverflow_a2q_tw walkers=50000 (18800000..18849999) steps=30 mode=0 sched=single-bucket delta_t=0 policy=0
rank=376 loaded data/1536/stackoverflow_a2q_tw.sub376.txt (|V_local|=1600  t_range=[35612134,239695603])
rank=376 loaded routing data/1536/stackoverflow_a2q_tw.rt376.txt (987 entries)
rank=358/1536 dataset=stackoverflow_a2q_tw walkers=50000 (17900000..17949999) steps=30 mode=0 sched=single-bucket delta_t=0 policy=0
rank=358 loaded data/1536/stackoverflow_a2q_tw.sub358.txt (|V_local|=1588  t_range=[22423418,239685974])
rank=358 loaded routing data/1536/stackoverflow_a2q_tw.rt358.txt (1073 entries)
rank=371/1536 dataset=stackoverflow_a2q_tw walkers=50000 (18550000..18599999) steps=30 mode=0 sched=single-bucket delta_t=0 policy=0
rank=371 loaded data/1536/stackoverflow_a2q_tw.sub371.txt (|V_local|=1591  t_range=[29409679,239679905])
rank=371 loaded routing data/1536/stackoverflow_a2q_tw.rt371.txt (1051 entries)
rank=372/1536 dataset=stackoverflow_a2q_tw walkers=50000 (18600000..18649999) steps=30 mode=0 sched=single-bucket delta_t=0 policy=0
rank=372 loaded data/1536/stackoverflow_a2q_tw.sub372.txt (|V_local|=1593  t_range=[6375487,239658000])
rank=372 loaded routing data/1536/stackoverflow_a2q_tw.rt372.txt (853 entries)
rank=368/1536 dataset=stackoverflow_a2q_tw walkers=50000 (18400000..18449999) steps=30 mode=0 sched=single-bucket delta_t=0 policy=0
rank=368 loaded data/1536/stackoverflow_a2q_tw.sub368.txt (|V_local|=1587  t_range=[6013311,239672117])
rank=368 loaded routing data/1536/stackoverflow_a2q_tw.rt368.txt (1119 entries)
rank=368 added 1 boundary-only nodes from routing
rank=351/1536 dataset=stackoverflow_a2q_tw walkers=50000 (17550000..17599999) steps=30 mode=0 sched=single-bucket delta_t=0 policy=0
rank=351 loaded data/1536/stackoverflow_a2q_tw.sub351.txt (|V_local|=1588  t_range=[45891508,239666923])
rank=351 loaded routing data/1536/stackoverflow_a2q_tw.rt351.txt (1087 entries)
rank=351 added 1 boundary-only nodes from routing
rank=342/1536 dataset=stackoverflow_a2q_tw walkers=50000 (17100000..17149999) steps=30 mode=0 sched=single-bucket delta_t=0 policy=0
rank=342 loaded data/1536/stackoverflow_a2q_tw.sub342.txt (|V_local|=1588  t_range=[4123226,239694991])
rank=342 loaded routing data/1536/stackoverflow_a2q_tw.rt342.txt (1061 entries)
rank=342 added 1 boundary-only nodes from routing
rank=362/1536 dataset=stackoverflow_a2q_tw walkers=50000 (18100000..18149999) steps=30 mode=0 sched=single-bucket delta_t=0 policy=0
rank=362 loaded data/1536/stackoverflow_a2q_tw.sub362.txt (|V_local|=1596  t_range=[16591727,239691639])
rank=362 loaded routing data/1536/stackoverflow_a2q_tw.rt362.txt (1102 entries)
rank=359/1536 dataset=stackoverflow_a2q_tw walkers=50000 (17950000..17999999) steps=30 mode=0 sched=single-bucket delta_t=0 policy=0
rank=359 loaded data/1536/stackoverflow_a2q_tw.sub359.txt (|V_local|=1589  t_range=[13863752,239686713])
rank=359 loaded routing data/1536/stackoverflow_a2q_tw.rt359.txt (1016 entries)
rank=359 added 1 boundary-only nodes from routing
rank=369/1536 dataset=stackoverflow_a2q_tw walkers=50000 (18450000..18499999) steps=30 mode=0 sched=single-bucket delta_t=0 policy=0
rank=369 loaded data/1536/stackoverflow_a2q_tw.sub369.txt (|V_local|=1587  t_range=[3604803,239688791])
rank=369 loaded routing data/1536/stackoverflow_a2q_tw.rt369.txt (1062 entries)
rank=341/1536 dataset=stackoverflow_a2q_tw walkers=50000 (17050000..17099999) steps=30 mode=0 sched=single-bucket delta_t=0 policy=0
rank=341 loaded data/1536/stackoverflow_a2q_tw.sub341.txt (|V_local|=1594  t_range=[14445600,239693063])
rank=341 loaded routing data/1536/stackoverflow_a2q_tw.rt341.txt (1017 entries)
rank=377/1536 dataset=stackoverflow_a2q_tw walkers=50000 (18850000..18899999) steps=30 mode=0 sched=single-bucket delta_t=0 policy=0
rank=377 loaded data/1536/stackoverflow_a2q_tw.sub377.txt (|V_local|=1596  t_range=[6788697,239698455])
rank=377 loaded routing data/1536/stackoverflow_a2q_tw.rt377.txt (1013 entries)
rank=378/1536 dataset=stackoverflow_a2q_tw walkers=50000 (18900000..18949999) steps=30 mode=0 sched=single-bucket delta_t=0 policy=0
rank=378 loaded data/1536/stackoverflow_a2q_tw.sub378.txt (|V_local|=1591  t_range=[37570444,239664210])
rank=378 loaded routing data/1536/stackoverflow_a2q_tw.rt378.txt (1087 entries)
rank=349/1536 dataset=stackoverflow_a2q_tw walkers=50000 (17450000..17499999) steps=30 mode=0 sched=single-bucket delta_t=0 policy=0
rank=349 loaded data/1536/stackoverflow_a2q_tw.sub349.txt (|V_local|=1593  t_range=[22785604,239681475])
rank=349 loaded routing data/1536/stackoverflow_a2q_tw.rt349.txt (1077 entries)
rank=350/1536 dataset=stackoverflow_a2q_tw walkers=50000 (17500000..17549999) steps=30 mode=0 sched=single-bucket delta_t=0 policy=0
rank=350 loaded data/1536/stackoverflow_a2q_tw.sub350.txt (|V_local|=1588  t_range=[4259479,239698614])
rank=350 loaded routing data/1536/stackoverflow_a2q_tw.rt350.txt (1076 entries)
rank=363/1536 dataset=stackoverflow_a2q_tw walkers=50000 (18150000..18199999) steps=30 mode=0 sched=single-bucket delta_t=0 policy=0
rank=363 loaded data/1536/stackoverflow_a2q_tw.sub363.txt (|V_local|=1588  t_range=[4350781,239680384])
rank=363 loaded routing data/1536/stackoverflow_a2q_tw.rt363.txt (1040 entries)
rank=363 added 1 boundary-only nodes from routing
rank=352/1536 dataset=stackoverflow_a2q_tw walkers=50000 (17600000..17649999) steps=30 mode=0 sched=single-bucket delta_t=0 policy=0
rank=163 loaded routing data/1536/stackoverflow_a2q_tw.rt163.txt (1090 entries)
rank=1340/1536 dataset=stackoverflow_a2q_tw walkers=50000 (67000000..67049999) steps=30 mode=0 sched=single-bucket delta_t=0 policy=0
rank=1340 loaded data/1536/stackoverflow_a2q_tw.sub1340.txt (|V_local|=1617  t_range=[30131922,239686848])
rank=1340 loaded routing data/1536/stackoverflow_a2q_tw.rt1340.txt (953 entries)
rank=1340 added 1 boundary-only nodes from routing
rank=988 added 5 boundary-only nodes from routing
rank=1004/1536 dataset=stackoverflow_a2q_tw walkers=50000 (50200000..50249999) steps=30 mode=0 sched=single-bucket delta_t=0 policy=0
rank=1004 loaded data/1536/stackoverflow_a2q_tw.sub1004.txt (|V_local|=1616  t_range=[23767685,239698783])
rank=1004 loaded routing data/1536/stackoverflow_a2q_tw.rt1004.txt (959 entries)
rank=1004 added 1 boundary-only nodes from routing
rank=1007/1536 dataset=stackoverflow_a2q_tw walkers=50000 (50350000..50399999) steps=30 mode=0 sched=single-bucket delta_t=0 policy=0
rank=1007 loaded data/1536/stackoverflow_a2q_tw.sub1007.txt (|V_local|=1595  t_range=[5610435,239579115])
rank=1007 loaded routing data/1536/stackoverflow_a2q_tw.rt1007.txt (1072 entries)
rank=1035/1536 dataset=stackoverflow_a2q_tw walkers=50000 (51750000..51799999) steps=30 mode=0 sched=single-bucket delta_t=0 policy=0
rank=1035 loaded data/1536/stackoverflow_a2q_tw.sub1035.txt (|V_local|=1650  t_range=[10665949,239669116])
rank=1035 loaded routing data/1536/stackoverflow_a2q_tw.rt1035.txt (861 entries)
rank=1035 added 1 boundary-only nodes from routing
rank=1047/1536 dataset=stackoverflow_a2q_tw walkers=50000 (52350000..52399999) steps=30 mode=0 sched=single-bucket delta_t=0 policy=0
rank=1047 loaded data/1536/stackoverflow_a2q_tw.sub1047.txt (|V_local|=1625  t_range=[6453875,239545086])
rank=1047 loaded routing data/1536/stackoverflow_a2q_tw.rt1047.txt (1057 entries)
rank=1479/1536 dataset=stackoverflow_a2q_tw walkers=50000 (73950000..73999999) steps=30 mode=0 sched=single-bucket delta_t=0 policy=0
rank=1479 loaded data/1536/stackoverflow_a2q_tw.sub1479.txt (|V_local|=1580  t_range=[8182429,239662031])
rank=1479 loaded routing data/1536/stackoverflow_a2q_tw.rt1479.txt (988 entries)
rank=1477/1536 dataset=stackoverflow_a2q_tw walkers=50000 (73850000..73899999) steps=30 mode=0 sched=single-bucket delta_t=0 policy=0
rank=1477 loaded data/1536/stackoverflow_a2q_tw.sub1477.txt (|V_local|=1593  t_range=[15095018,239667667])
rank=1477 loaded routing data/1536/stackoverflow_a2q_tw.rt1477.txt (966 entries)
rank=1451/1536 dataset=stackoverflow_a2q_tw walkers=50000 (72550000..72599999) steps=30 mode=0 sched=single-bucket delta_t=0 policy=0
rank=1451 loaded data/1536/stackoverflow_a2q_tw.sub1451.txt (|V_local|=1589  t_range=[16923811,239660129])
rank=1451 loaded routing data/1536/stackoverflow_a2q_tw.rt1451.txt (1021 entries)
rank=1451 added 2 boundary-only nodes from routing
rank=1152 loaded data/1536/stackoverflow_a2q_tw.sub1152.txt (|V_local|=1588  t_range=[21046305,239568764])
rank=1152 loaded routing data/1536/stackoverflow_a2q_tw.rt1152.txt (1050 entries)
rank=567/1536 dataset=stackoverflow_a2q_tw walkers=50000 (28350000..28399999) steps=30 mode=0 sched=single-bucket delta_t=0 policy=0
rank=567 loaded data/1536/stackoverflow_a2q_tw.sub567.txt (|V_local|=1587  t_range=[2046159,239675555])
rank=567 loaded routing data/1536/stackoverflow_a2q_tw.rt567.txt (1071 entries)
rank=559/1536 dataset=stackoverflow_a2q_tw walkers=50000 (27950000..27999999) steps=30 mode=0 sched=single-bucket delta_t=0 policy=0
rank=559 loaded data/1536/stackoverflow_a2q_tw.sub559.txt (|V_local|=1631  t_range=[2458134,239561300])
rank=559 loaded routing data/1536/stackoverflow_a2q_tw.rt559.txt (856 entries)
rank=563/1536 dataset=stackoverflow_a2q_tw walkers=50000 (28150000..28199999) steps=30 mode=0 sched=single-bucket delta_t=0 policy=0
rank=563 loaded data/1536/stackoverflow_a2q_tw.sub563.txt (|V_local|=1591  t_range=[2483745,239633908])
rank=563 loaded routing data/1536/stackoverflow_a2q_tw.rt563.txt (1056 entries)
rank=573/1536 dataset=stackoverflow_a2q_tw walkers=50000 (28650000..28699999) steps=30 mode=0 sched=single-bucket delta_t=0 policy=0
rank=573 loaded data/1536/stackoverflow_a2q_tw.sub573.txt (|V_local|=1586  t_range=[1524676,239652538])
rank=573 loaded routing data/1536/stackoverflow_a2q_tw.rt573.txt (1065 entries)
rank=573 added 1 boundary-only nodes from routing
rank=553/1536 dataset=stackoverflow_a2q_tw walkers=50000 (27650000..27699999) steps=30 mode=0 sched=single-bucket delta_t=0 policy=0
rank=553 loaded data/1536/stackoverflow_a2q_tw.sub553.txt (|V_local|=1589  t_range=[3929625,239686098])
rank=553 loaded routing data/1536/stackoverflow_a2q_tw.rt553.txt (1088 entries)
rank=553 added 1 boundary-only nodes from routing
rank=548/1536 dataset=stackoverflow_a2q_tw walkers=50000 (27400000..27449999) steps=30 mode=0 sched=single-bucket delta_t=0 policy=0
rank=548 loaded data/1536/stackoverflow_a2q_tw.sub548.txt (|V_local|=1585  t_range=[3107542,239568464])
rank=548 loaded routing data/1536/stackoverflow_a2q_tw.rt548.txt (1073 entries)
rank=548 added 6 boundary-only nodes from routing
rank=561/1536 dataset=stackoverflow_a2q_tw walkers=50000 (28050000..28099999) steps=30 mode=0 sched=single-bucket delta_t=0 policy=0
rank=561 loaded data/1536/stackoverflow_a2q_tw.sub561.txt (|V_local|=1581  t_range=[13340168,239695897])
rank=561 loaded routing data/1536/stackoverflow_a2q_tw.rt561.txt (941 entries)
rank=561 added 1 boundary-only nodes from routing
rank=538/1536 dataset=stackoverflow_a2q_tw walkers=50000 (26900000..26949999) steps=30 mode=0 sched=single-bucket delta_t=0 policy=0
rank=538 loaded data/1536/stackoverflow_a2q_tw.sub538.txt (|V_local|=1583  t_range=[4079624,239566638])
rank=538 loaded routing data/1536/stackoverflow_a2q_tw.rt538.txt (996 entries)
rank=538 added 3 boundary-only nodes from routing
rank=544/1536 dataset=stackoverflow_a2q_tw walkers=50000 (27200000..27249999) steps=30 mode=0 sched=single-bucket delta_t=0 policy=0
rank=544 loaded data/1536/stackoverflow_a2q_tw.sub544.txt (|V_local|=1580  t_range=[7787391,239556667])
rank=544 loaded routing data/1536/stackoverflow_a2q_tw.rt544.txt (1082 entries)
rank=544 added 8 boundary-only nodes from routing
rank=566/1536 dataset=stackoverflow_a2q_tw walkers=50000 (28300000..28349999) steps=30 mode=0 sched=single-bucket delta_t=0 policy=0
rank=566 loaded data/1536/stackoverflow_a2q_tw.sub566.txt (|V_local|=1589  t_range=[1270856,239464819])
rank=566 loaded routing data/1536/stackoverflow_a2q_tw.rt566.txt (1038 entries)
rank=566 added 1 boundary-only nodes from routing
rank=572/1536 dataset=stackoverflow_a2q_tw walkers=50000 (28600000..28649999) steps=30 mode=0 sched=single-bucket delta_t=0 policy=0
rank=572 loaded data/1536/stackoverflow_a2q_tw.sub572.txt (|V_local|=1577  t_range=[3535054,239568218])
rank=572 loaded routing data/1536/stackoverflow_a2q_tw.rt572.txt (1068 entries)
rank=572 added 2 boundary-only nodes from routing
rank=546/1536 dataset=stackoverflow_a2q_tw walkers=50000 (27300000..27349999) steps=30 mode=0 sched=single-bucket delta_t=0 policy=0
rank=546 loaded data/1536/stackoverflow_a2q_tw.sub546.txt (|V_local|=1588  t_range=[4640004,239614951])
rank=546 loaded routing data/1536/stackoverflow_a2q_tw.rt546.txt (1071 entries)
rank=546 added 3 boundary-only nodes from routing
rank=554/1536 dataset=stackoverflow_a2q_tw walkers=50000 (27700000..27749999) steps=30 mode=0 sched=single-bucket delta_t=0 policy=0
rank=554 loaded data/1536/stackoverflow_a2q_tw.sub554.txt (|V_local|=1648  t_range=[4027374,239684179])
rank=554 loaded routing data/1536/stackoverflow_a2q_tw.rt554.txt (884 entries)
rank=554 added 2 boundary-only nodes from routing
rank=570/1536 dataset=stackoverflow_a2q_tw walkers=50000 (28500000..28549999) steps=30 mode=0 sched=single-bucket delta_t=0 policy=0
rank=570 loaded data/1536/stackoverflow_a2q_tw.sub570.txt (|V_local|=1585  t_range=[3106495,239660120])
rank=570 loaded routing data/1536/stackoverflow_a2q_tw.rt570.txt (1044 entries)
rank=552/1536 dataset=stackoverflow_a2q_tw walkers=50000 (27600000..27649999) steps=30 mode=0 sched=single-bucket delta_t=0 policy=0
rank=552 loaded data/1536/stackoverflow_a2q_tw.sub552.txt (|V_local|=1592  t_range=[4030745,239562924])
rank=552 loaded routing data/1536/stackoverflow_a2q_tw.rt552.txt (1071 entries)
rank=552 added 2 boundary-only nodes from routing
rank=545/1536 dataset=stackoverflow_a2q_tw walkers=50000 (27250000..27299999) steps=30 mode=0 sched=single-bucket delta_t=0 policy=0
rank=545 loaded data/1536/stackoverflow_a2q_tw.sub545.txt (|V_local|=1591  t_range=[21082180,239585259])
rank=545 loaded routing data/1536/stackoverflow_a2q_tw.rt545.txt (1058 entries)
rank=545 added 2 boundary-only nodes from routing
rank=558/1536 dataset=stackoverflow_a2q_tw walkers=50000 (27900000..27949999) steps=30 mode=0 sched=single-bucket delta_t=0 policy=0
rank=558 loaded data/1536/stackoverflow_a2q_tw.sub558.txt (|V_local|=1587  t_range=[5231587,239578966])
rank=558 loaded routing data/1536/stackoverflow_a2q_tw.rt558.txt (993 entries)
rank=558 added 2 boundary-only nodes from routing
rank=547/1536 dataset=stackoverflow_a2q_tw walkers=50000 (27350000..27399999) steps=30 mode=0 sched=single-bucket delta_t=0 policy=0
rank=547 loaded data/1536/stackoverflow_a2q_tw.sub547.txt (|V_local|=1611  t_range=[6389980,239578494])
rank=547 loaded routing data/1536/stackoverflow_a2q_tw.rt547.txt (865 entries)
rank=547 added 1 boundary-only nodes from routing
rank=575/1536 dataset=stackoverflow_a2q_tw walkers=50000 (28750000..28799999) steps=30 mode=0 sched=single-bucket delta_t=0 policy=0
rank=575 loaded data/1536/stackoverflow_a2q_tw.sub575.txt (|V_local|=1586  t_range=[3322852,239678189])
rank=575 loaded routing data/1536/stackoverflow_a2q_tw.rt575.txt (1113 entries)
rank=575 added 1 boundary-only nodes from routing
rank=528/1536 dataset=stackoverflow_a2q_tw walkers=50000 (26400000..26449999) steps=30 mode=0 sched=single-bucket delta_t=0 policy=0
rank=528 loaded data/1536/stackoverflow_a2q_tw.sub528.txt (|V_local|=1573  t_range=[2479456,239599246])
rank=528 loaded routing data/1536/stackoverflow_a2q_tw.rt528.txt (1124 entries)
rank=528 added 20 boundary-only nodes from routing
rank=562/1536 dataset=stackoverflow_a2q_tw walkers=50000 (28100000..28149999) steps=30 mode=0 sched=single-bucket delta_t=0 policy=0
rank=562 loaded data/1536/stackoverflow_a2q_tw.sub562.txt (|V_local|=1651  t_range=[2300791,239654984])
rank=562 loaded routing data/1536/stackoverflow_a2q_tw.rt562.txt (863 entries)
rank=574/1536 dataset=stackoverflow_a2q_tw walkers=50000 (28700000..28749999) steps=30 mode=0 sched=single-bucket delta_t=0 policy=0
rank=574 loaded data/1536/stackoverflow_a2q_tw.sub574.txt (|V_local|=1650  t_range=[851255,239690685])
rank=574 loaded routing data/1536/stackoverflow_a2q_tw.rt574.txt (866 entries)
rank=574 added 1 boundary-only nodes from routing
rank=958/1536 dataset=stackoverflow_a2q_tw walkers=50000 (47900000..47949999) steps=30 mode=0 sched=single-bucket delta_t=0 policy=0
rank=958 loaded data/1536/stackoverflow_a2q_tw.sub958.txt (|V_local|=1648  t_range=[16143247,239697882])
rank=958 loaded routing data/1536/stackoverflow_a2q_tw.rt958.txt (1026 entries)
rank=958 added 2 boundary-only nodes from routing
rank=932/1536 dataset=stackoverflow_a2q_tw walkers=50000 (46600000..46649999) steps=30 mode=0 sched=single-bucket delta_t=0 policy=0
rank=932 loaded data/1536/stackoverflow_a2q_tw.sub932.txt (|V_local|=1591  t_range=[17272203,239670925])
rank=932 loaded routing data/1536/stackoverflow_a2q_tw.rt932.txt (1076 entries)
rank=932 added 3 boundary-only nodes from routing
rank=928/1536 dataset=stackoverflow_a2q_tw walkers=50000 (46400000..46449999) steps=30 mode=0 sched=single-bucket delta_t=0 policy=0
rank=928 loaded data/1536/stackoverflow_a2q_tw.sub928.txt (|V_local|=1650  t_range=[16300080,239662510])
rank=928 loaded routing data/1536/stackoverflow_a2q_tw.rt928.txt (1061 entries)
rank=928 added 2 boundary-only nodes from routing
rank=937/1536 dataset=stackoverflow_a2q_tw walkers=50000 (46850000..46899999) steps=30 mode=0 sched=single-bucket delta_t=0 policy=0
rank=937 loaded data/1536/stackoverflow_a2q_tw.sub937.txt (|V_local|=1638  t_range=[13553690,239565451])
rank=937 loaded routing data/1536/stackoverflow_a2q_tw.rt937.txt (1038 entries)
rank=937 added 13 boundary-only nodes from routing
rank=940/1536 dataset=stackoverflow_a2q_tw walkers=50000 (47000000..47049999) steps=30 mode=0 sched=single-bucket delta_t=0 policy=0
rank=940 loaded data/1536/stackoverflow_a2q_tw.sub940.txt (|V_local|=1650  t_range=[26362177,239692716])
rank=940 loaded routing data/1536/stackoverflow_a2q_tw.rt940.txt (987 entries)
rank=940 added 1 boundary-only nodes from routing
rank=943/1536 dataset=stackoverflow_a2q_tw walkers=50000 (47150000..47199999) steps=30 mode=0 sched=single-bucket delta_t=0 policy=0
rank=943 loaded data/1536/stackoverflow_a2q_tw.sub943.txt (|V_local|=1633  t_range=[25828394,239696676])
rank=943 loaded routing data/1536/stackoverflow_a2q_tw.rt943.txt (710 entries)
rank=943 added 19 boundary-only nodes from routing
rank=947/1536 dataset=stackoverflow_a2q_tw walkers=50000 (47350000..47399999) steps=30 mode=0 sched=single-bucket delta_t=0 policy=0
rank=947 loaded data/1536/stackoverflow_a2q_tw.sub947.txt (|V_local|=1652  t_range=[26075052,239695365])
rank=947 loaded routing data/1536/stackoverflow_a2q_tw.rt947.txt (1004 entries)
rank=918/1536 dataset=stackoverflow_a2q_tw walkers=50000 (45900000..45949999) steps=30 mode=0 sched=single-bucket delta_t=0 policy=0
rank=918 loaded data/1536/stackoverflow_a2q_tw.sub918.txt (|V_local|=1589  t_range=[7256254,239588591])
rank=918 loaded routing data/1536/stackoverflow_a2q_tw.rt918.txt (1118 entries)
rank=918 added 3 boundary-only nodes from routing
rank=930/1536 dataset=stackoverflow_a2q_tw walkers=50000 (46500000..46549999) steps=30 mode=0 sched=single-bucket delta_t=0 policy=0
rank=930 loaded data/1536/stackoverflow_a2q_tw.sub930.txt (|V_local|=1584  t_range=[1826550,239692536])
rank=930 loaded routing data/1536/stackoverflow_a2q_tw.rt930.txt (966 entries)
rank=955/1536 dataset=stackoverflow_a2q_tw walkers=50000 (47750000..47799999) steps=30 mode=0 sched=single-bucket delta_t=0 policy=0
rank=955 loaded data/1536/stackoverflow_a2q_tw.sub955.txt (|V_local|=1600  t_range=[36807080,239698089])
rank=955 loaded routing data/1536/stackoverflow_a2q_tw.rt955.txt (1063 entries)
rank=927/1536 dataset=stackoverflow_a2q_tw walkers=50000 (46350000..46399999) steps=30 mode=0 sched=single-bucket delta_t=0 policy=0
rank=927 loaded data/1536/stackoverflow_a2q_tw.sub927.txt (|V_local|=1586  t_range=[29344708,239688452])
rank=927 loaded routing data/1536/stackoverflow_a2q_tw.rt927.txt (998 entries)
rank=927 added 2 boundary-only nodes from routing
rank=938/1536 dataset=stackoverflow_a2q_tw walkers=50000 (46900000..46949999) steps=30 mode=0 sched=single-bucket delta_t=0 policy=0
rank=938 loaded data/1536/stackoverflow_a2q_tw.sub938.txt (|V_local|=1591  t_range=[6607805,239665001])
rank=938 loaded routing data/1536/stackoverflow_a2q_tw.rt938.txt (1049 entries)
rank=938 added 2 boundary-only nodes from routing
rank=929/1536 dataset=stackoverflow_a2q_tw walkers=50000 (46450000..46499999) steps=30 mode=0 sched=single-bucket delta_t=0 policy=0
rank=929 loaded data/1536/stackoverflow_a2q_tw.sub929.txt (|V_local|=1610  t_range=[40927894,239673671])
rank=929 loaded routing data/1536/stackoverflow_a2q_tw.rt929.txt (1065 entries)
rank=929 added 2 boundary-only nodes from routing
rank=951/1536 dataset=stackoverflow_a2q_tw walkers=50000 (47550000..47599999) steps=30 mode=0 sched=single-bucket delta_t=0 policy=0
rank=951 loaded data/1536/stackoverflow_a2q_tw.sub951.txt (|V_local|=1594  t_range=[4161743,239664602])
rank=951 loaded routing data/1536/stackoverflow_a2q_tw.rt951.txt (992 entries)
rank=951 added 1 boundary-only nodes from routing
rank=934/1536 dataset=stackoverflow_a2q_tw walkers=50000 (46700000..46749999) steps=30 mode=0 sched=single-bucket delta_t=0 policy=0
rank=934 loaded data/1536/stackoverflow_a2q_tw.sub934.txt (|V_local|=1617  t_range=[9404130,239675796])
rank=934 loaded routing data/1536/stackoverflow_a2q_tw.rt934.txt (1045 entries)
rank=934 added 4 boundary-only nodes from routing
rank=950/1536 dataset=stackoverflow_a2q_tw walkers=50000 (47500000..47549999) steps=30 mode=0 sched=single-bucket delta_t=0 policy=0
rank=950 loaded data/1536/stackoverflow_a2q_tw.sub950.txt (|V_local|=1589  t_range=[5156923,239682285])
rank=950 loaded routing data/1536/stackoverflow_a2q_tw.rt950.txt (1099 entries)
rank=950 added 2 boundary-only nodes from routing
rank=944/1536 dataset=stackoverflow_a2q_tw walkers=50000 (47200000..47249999) steps=30 mode=0 sched=single-bucket delta_t=0 policy=0
rank=944 loaded data/1536/stackoverflow_a2q_tw.sub944.txt (|V_local|=1643  t_range=[3888964,239661217])
rank=944 loaded routing data/1536/stackoverflow_a2q_tw.rt944.txt (1033 entries)
rank=944 added 9 boundary-only nodes from routing
rank=952/1536 dataset=stackoverflow_a2q_tw walkers=50000 (47600000..47649999) steps=30 mode=0 sched=single-bucket delta_t=0 policy=0
rank=952 loaded data/1536/stackoverflow_a2q_tw.sub952.txt (|V_local|=1597  t_range=[6426372,239680910])
rank=952 loaded routing data/1536/stackoverflow_a2q_tw.rt952.txt (1005 entries)
rank=952 added 3 boundary-only nodes from routing
rank=954/1536 dataset=stackoverflow_a2q_tw walkers=50000 (47700000..47749999) steps=30 mode=0 sched=single-bucket delta_t=0 policy=0
rank=954 loaded data/1536/stackoverflow_a2q_tw.sub954.txt (|V_local|=1587  t_range=[7229079,239679346])
rank=954 loaded routing data/1536/stackoverflow_a2q_tw.rt954.txt (1072 entries)
rank=954 added 2 boundary-only nodes from routing
rank=953/1536 dataset=stackoverflow_a2q_tw walkers=50000 (47650000..47699999) steps=30 mode=0 sched=single-bucket delta_t=0 policy=0
rank=953 loaded data/1536/stackoverflow_a2q_tw.sub953.txt (|V_local|=1651  t_range=[12170891,239591984])
rank=953 loaded routing data/1536/stackoverflow_a2q_tw.rt953.txt (775 entries)
rank=953 added 1 boundary-only nodes from routing
rank=949/1536 dataset=stackoverflow_a2q_tw walkers=50000 (47450000..47499999) steps=30 mode=0 sched=single-bucket delta_t=0 policy=0
rank=949 loaded data/1536/stackoverflow_a2q_tw.sub949.txt (|V_local|=1605  t_range=[5741332,239669559])
rank=949 loaded routing data/1536/stackoverflow_a2q_tw.rt949.txt (945 entries)
rank=949 added 3 boundary-only nodes from routing
rank=936/1536 dataset=stackoverflow_a2q_tw walkers=50000 (46800000..46849999) steps=30 mode=0 sched=single-bucket delta_t=0 policy=0
rank=936 loaded data/1536/stackoverflow_a2q_tw.sub936.txt (|V_local|=1586  t_range=[33477178,239678245])
rank=936 loaded routing data/1536/stackoverflow_a2q_tw.rt936.txt (1101 entries)
rank=936 added 2 boundary-only nodes from routing
rank=791/1536 dataset=stackoverflow_a2q_tw walkers=50000 (39550000..39599999) steps=30 mode=0 sched=single-bucket delta_t=0 policy=0
rank=791 loaded data/1536/stackoverflow_a2q_tw.sub791.txt (|V_local|=1590  t_range=[3962593,239674587])
rank=791 loaded routing data/1536/stackoverflow_a2q_tw.rt791.txt (846 entries)
rank=791 added 2 boundary-only nodes from routing
rank=798/1536 dataset=stackoverflow_a2q_tw walkers=50000 (39900000..39949999) steps=30 mode=0 sched=single-bucket delta_t=0 policy=0
rank=798 loaded data/1536/stackoverflow_a2q_tw.sub798.txt (|V_local|=1593  t_range=[7115323,239557823])
rank=798 loaded routing data/1536/stackoverflow_a2q_tw.rt798.txt (1017 entries)
rank=768/1536 dataset=stackoverflow_a2q_tw walkers=50000 (38400000..38449999) steps=30 mode=0 sched=single-bucket delta_t=0 policy=0
rank=768 loaded data/1536/stackoverflow_a2q_tw.sub768.txt (|V_local|=1580  t_range=[4310745,239534967])
rank=768 loaded routing data/1536/stackoverflow_a2q_tw.rt768.txt (1028 entries)
rank=768 added 9 boundary-only nodes from routing
rank=815/1536 dataset=stackoverflow_a2q_tw walkers=50000 (40750000..40799999) steps=30 mode=0 sched=single-bucket delta_t=0 policy=0
rank=815 loaded data/1536/stackoverflow_a2q_tw.sub815.txt (|V_local|=1588  t_range=[6714884,239663905])
rank=815 loaded routing data/1536/stackoverflow_a2q_tw.rt815.txt (1058 entries)
rank=815 added 2 boundary-only nodes from routing
rank=811/1536 dataset=stackoverflow_a2q_tw walkers=50000 (40550000..40599999) steps=30 mode=0 sched=single-bucket delta_t=0 policy=0
rank=811 loaded data/1536/stackoverflow_a2q_tw.sub811.txt (|V_local|=1650  t_range=[3558199,239692130])
rank=811 loaded routing data/1536/stackoverflow_a2q_tw.rt811.txt (989 entries)
rank=811 added 2 boundary-only nodes from routing
rank=803/1536 dataset=stackoverflow_a2q_tw walkers=50000 (40150000..40199999) steps=30 mode=0 sched=single-bucket delta_t=0 policy=0
rank=803 loaded data/1536/stackoverflow_a2q_tw.sub803.txt (|V_local|=1590  t_range=[13564361,239676163])
rank=803 loaded routing data/1536/stackoverflow_a2q_tw.rt803.txt (1053 entries)
rank=803 added 1 boundary-only nodes from routing
rank=796/1536 dataset=stackoverflow_a2q_tw walkers=50000 (39800000..39849999) steps=30 mode=0 sched=single-bucket delta_t=0 policy=0
rank=796 loaded data/1536/stackoverflow_a2q_tw.sub796.txt (|V_local|=1595  t_range=[9701454,239545374])
rank=796 loaded routing data/1536/stackoverflow_a2q_tw.rt796.txt (1057 entries)
rank=796 added 1 boundary-only nodes from routing
rank=800/1536 dataset=stackoverflow_a2q_tw walkers=50000 (40000000..40049999) steps=30 mode=0 sched=single-bucket delta_t=0 policy=0
rank=800 loaded data/1536/stackoverflow_a2q_tw.sub800.txt (|V_local|=1593  t_range=[19093199,239616936])
rank=800 loaded routing data/1536/stackoverflow_a2q_tw.rt800.txt (1015 entries)
rank=812/1536 dataset=stackoverflow_a2q_tw walkers=50000 (40600000..40649999) steps=30 mode=0 sched=single-bucket delta_t=0 policy=0
rank=812 loaded data/1536/stackoverflow_a2q_tw.sub812.txt (|V_local|=1650  t_range=[6548565,239684364])
rank=812 loaded routing data/1536/stackoverflow_a2q_tw.rt812.txt (884 entries)
rank=812 added 1 boundary-only nodes from routing
rank=809/1536 dataset=stackoverflow_a2q_tw walkers=50000 (40450000..40499999) steps=30 mode=0 sched=single-bucket delta_t=0 policy=0
rank=809 loaded data/1536/stackoverflow_a2q_tw.sub809.txt (|V_local|=1651  t_range=[3248211,239644348])
rank=809 loaded routing data/1536/stackoverflow_a2q_tw.rt809.txt (845 entries)
rank=780/1536 dataset=stackoverflow_a2q_tw walkers=50000 (39000000..39049999) steps=30 mode=0 sched=single-bucket delta_t=0 policy=0
rank=780 loaded data/1536/stackoverflow_a2q_tw.sub780.txt (|V_local|=1586  t_range=[4097650,239636960])
rank=780 loaded routing data/1536/stackoverflow_a2q_tw.rt780.txt (1017 entries)
rank=780 added 5 boundary-only nodes from routing
rank=792/1536 dataset=stackoverflow_a2q_tw walkers=50000 (39600000..39649999) steps=30 mode=0 sched=single-bucket delta_t=0 policy=0
rank=792 loaded data/1536/stackoverflow_a2q_tw.sub792.txt (|V_local|=1587  t_range=[3599468,239680086])
rank=792 loaded routing data/1536/stackoverflow_a2q_tw.rt792.txt (1021 entries)
rank=792 added 3 boundary-only nodes from routing
rank=1134/1536 dataset=stackoverflow_a2q_tw walkers=50000 (56700000..56749999) steps=30 mode=0 sched=single-bucket delta_t=0 policy=0
rank=1134 loaded data/1536/stackoverflow_a2q_tw.sub1134.txt (|V_local|=1594  t_range=[8381050,239606090])
rank=1134 loaded routing data/1536/stackoverflow_a2q_tw.rt1134.txt (1042 entries)
rank=1134 added 1 boundary-only nodes from routing
rank=1130/1536 dataset=stackoverflow_a2q_tw walkers=50000 (56500000..56549999) steps=30 mode=0 sched=single-bucket delta_t=0 policy=0
rank=1130 loaded data/1536/stackoverflow_a2q_tw.sub1130.txt (|V_local|=1590  t_range=[13524018,239694200])
rank=1130 loaded routing data/1536/stackoverflow_a2q_tw.rt1130.txt (1034 entries)
rank=1354/1536 dataset=stackoverflow_a2q_tw walkers=50000 (67700000..67749999) steps=30 mode=0 sched=single-bucket delta_t=0 policy=0
rank=1354 loaded data/1536/stackoverflow_a2q_tw.sub1354.txt (|V_local|=1586  t_range=[3076078,239559728])
rank=1354 loaded routing data/1536/stackoverflow_a2q_tw.rt1354.txt (1092 entries)
rank=1354 added 4 boundary-only nodes from routing
rank=1347/1536 dataset=stackoverflow_a2q_tw walkers=50000 (67350000..67399999) steps=30 mode=0 sched=single-bucket delta_t=0 policy=0
rank=1347 loaded data/1536/stackoverflow_a2q_tw.sub1347.txt (|V_local|=1578  t_range=[4032993,239663521])
rank=1347 loaded routing data/1536/stackoverflow_a2q_tw.rt1347.txt (1092 entries)
rank=1347 added 3 boundary-only nodes from routing
rank=1391/1536 dataset=stackoverflow_a2q_tw walkers=50000 (69550000..69599999) steps=30 mode=0 sched=single-bucket delta_t=0 policy=0
rank=1391 loaded data/1536/stackoverflow_a2q_tw.sub1391.txt (|V_local|=1618  t_range=[40374086,239498379])
rank=1391 loaded routing data/1536/stackoverflow_a2q_tw.rt1391.txt (1102 entries)
rank=1377/1536 dataset=stackoverflow_a2q_tw walkers=50000 (68850000..68899999) steps=30 mode=0 sched=single-bucket delta_t=0 policy=0
rank=1377 loaded data/1536/stackoverflow_a2q_tw.sub1377.txt (|V_local|=1580  t_range=[23516720,239576990])
rank=1377 loaded routing data/1536/stackoverflow_a2q_tw.rt1377.txt (1066 entries)
rank=1377 added 3 boundary-only nodes from routing
rank=1382/1536 dataset=stackoverflow_a2q_tw walkers=50000 (69100000..69149999) steps=30 mode=0 sched=single-bucket delta_t=0 policy=0
rank=1382 loaded data/1536/stackoverflow_a2q_tw.sub1382.txt (|V_local|=1604  t_range=[34017811,239665210])
rank=1382 loaded routing data/1536/stackoverflow_a2q_tw.rt1382.txt (980 entries)
rank=1367/1536 dataset=stackoverflow_a2q_tw walkers=50000 (68350000..68399999) steps=30 mode=0 sched=single-bucket delta_t=0 policy=0
rank=1367 loaded data/1536/stackoverflow_a2q_tw.sub1367.txt (|V_local|=1650  t_range=[310972,239305070])
rank=1367 loaded routing data/1536/stackoverflow_a2q_tw.rt1367.txt (820 entries)
rank=1367 added 1 boundary-only nodes from routing
rank=1362/1536 dataset=stackoverflow_a2q_tw walkers=50000 (68100000..68149999) steps=30 mode=0 sched=single-bucket delta_t=0 policy=0
rank=1362 loaded data/1536/stackoverflow_a2q_tw.sub1362.txt (|V_local|=1586  t_range=[2844605,239688608])
rank=1362 loaded routing data/1536/stackoverflow_a2q_tw.rt1362.txt (1059 entries)
rank=1362 added 4 boundary-only nodes from routing
rank=1359/1536 dataset=stackoverflow_a2q_tw walkers=50000 (67950000..67999999) steps=30 mode=0 sched=single-bucket delta_t=0 policy=0
rank=1359 loaded data/1536/stackoverflow_a2q_tw.sub1359.txt (|V_local|=1590  t_range=[2849975,239682446])
rank=1359 loaded routing data/1536/stackoverflow_a2q_tw.rt1359.txt (1014 entries)
rank=1359 added 3 boundary-only nodes from routing
rank=1351/1536 dataset=stackoverflow_a2q_tw walkers=50000 (67550000..67599999) steps=30 mode=0 sched=single-bucket delta_t=0 policy=0
rank=1351 loaded data/1536/stackoverflow_a2q_tw.sub1351.txt (|V_local|=1583  t_range=[3955968,239690455])
rank=1351 loaded routing data/1536/stackoverflow_a2q_tw.rt1351.txt (1066 entries)
rank=1351 added 2 boundary-only nodes from routing
rank=1371/1536 dataset=stackoverflow_a2q_tw walkers=50000 (68550000..68599999) steps=30 mode=0 sched=single-bucket delta_t=0 policy=0
rank=1371 loaded data/1536/stackoverflow_a2q_tw.sub1371.txt (|V_local|=1587  t_range=[4125583,239694332])
rank=1371 loaded routing data/1536/stackoverflow_a2q_tw.rt1371.txt (1069 entries)
rank=1371 added 1 boundary-only nodes from routing
rank=1374/1536 dataset=stackoverflow_a2q_tw walkers=50000 (68700000..68749999) steps=30 mode=0 sched=single-bucket delta_t=0 policy=0
rank=1374 loaded data/1536/stackoverflow_a2q_tw.sub1374.txt (|V_local|=1581  t_range=[9085720,239586854])
rank=1374 loaded routing data/1536/stackoverflow_a2q_tw.rt1374.txt (1122 entries)
rank=1374 added 6 boundary-only nodes from routing
rank=1386/1536 dataset=stackoverflow_a2q_tw walkers=50000 (69300000..69349999) steps=30 mode=0 sched=single-bucket delta_t=0 policy=0
rank=1386 loaded data/1536/stackoverflow_a2q_tw.sub1386.txt (|V_local|=1585  t_range=[4744778,239568484])
rank=1386 loaded routing data/1536/stackoverflow_a2q_tw.rt1386.txt (1082 entries)
rank=1386 added 1 boundary-only nodes from routing
rank=1369/1536 dataset=stackoverflow_a2q_tw walkers=50000 (68450000..68499999) steps=30 mode=0 sched=single-bucket delta_t=0 policy=0
rank=1369 loaded data/1536/stackoverflow_a2q_tw.sub1369.txt (|V_local|=1651  t_range=[24418267,239624983])
rank=1369 loaded routing data/1536/stackoverflow_a2q_tw.rt1369.txt (868 entries)
rank=1385/1536 dataset=stackoverflow_a2q_tw walkers=50000 (69250000..69299999) steps=30 mode=0 sched=single-bucket delta_t=0 policy=0
rank=1385 loaded data/1536/stackoverflow_a2q_tw.sub1385.txt (|V_local|=1652  t_range=[14440103,239624299])
rank=1385 loaded routing data/1536/stackoverflow_a2q_tw.rt1385.txt (891 entries)
rank=1389/1536 dataset=stackoverflow_a2q_tw walkers=50000 (69450000..69499999) steps=30 mode=0 sched=single-bucket delta_t=0 policy=0
rank=1389 loaded data/1536/stackoverflow_a2q_tw.sub1389.txt (|V_local|=1588  t_range=[9345288,239559506])
rank=1389 loaded routing data/1536/stackoverflow_a2q_tw.rt1389.txt (1096 entries)
rank=1389 added 2 boundary-only nodes from routing
rank=1344/1536 dataset=stackoverflow_a2q_tw walkers=50000 (67200000..67249999) steps=30 mode=0 sched=single-bucket delta_t=0 policy=0
rank=1344 loaded data/1536/stackoverflow_a2q_tw.sub1344.txt (|V_local|=1584  t_range=[778301,239641565])
rank=1344 loaded routing data/1536/stackoverflow_a2q_tw.rt1344.txt (1039 entries)
rank=1344 added 3 boundary-only nodes from routing
rank=1364/1536 dataset=stackoverflow_a2q_tw walkers=50000 (68200000..68249999) steps=30 mode=0 sched=single-bucket delta_t=0 policy=0
rank=1364 loaded data/1536/stackoverflow_a2q_tw.sub1364.txt (|V_local|=1652  t_range=[3072643,239579585])
rank=1364 loaded routing data/1536/stackoverflow_a2q_tw.rt1364.txt (738 entries)
rank=1378/1536 dataset=stackoverflow_a2q_tw walkers=50000 (68900000..68949999) steps=30 mode=0 sched=single-bucket delta_t=0 policy=0
rank=1378 loaded data/1536/stackoverflow_a2q_tw.sub1378.txt (|V_local|=1635  t_range=[33448103,239669613])
rank=1378 loaded routing data/1536/stackoverflow_a2q_tw.rt1378.txt (1059 entries)
rank=1375/1536 dataset=stackoverflow_a2q_tw walkers=50000 (68750000..68799999) steps=30 mode=0 sched=single-bucket delta_t=0 policy=0
rank=1375 loaded data/1536/stackoverflow_a2q_tw.sub1375.txt (|V_local|=1624  t_range=[2214416,239583027])
rank=1375 loaded routing data/1536/stackoverflow_a2q_tw.rt1375.txt (988 entries)
rank=1375 added 1 boundary-only nodes from routing
rank=1363/1536 dataset=stackoverflow_a2q_tw walkers=50000 (68150000..68199999) steps=30 mode=0 sched=single-bucket delta_t=0 policy=0
rank=1363 loaded data/1536/stackoverflow_a2q_tw.sub1363.txt (|V_local|=1648  t_range=[4626068,239665898])
rank=1363 loaded routing data/1536/stackoverflow_a2q_tw.rt1363.txt (936 entries)
rank=1379/1536 dataset=stackoverflow_a2q_tw walkers=50000 (68950000..68999999) steps=30 mode=0 sched=single-bucket delta_t=0 policy=0
rank=1379 loaded data/1536/stackoverflow_a2q_tw.sub1379.txt (|V_local|=1648  t_range=[16920668,239682789])
rank=1379 loaded routing data/1536/stackoverflow_a2q_tw.rt1379.txt (1090 entries)
rank=1383/1536 dataset=stackoverflow_a2q_tw walkers=50000 (69150000..69199999) steps=30 mode=0 sched=single-bucket delta_t=0 policy=0
rank=1383 loaded data/1536/stackoverflow_a2q_tw.sub1383.txt (|V_local|=1590  t_range=[330246,239636970])
rank=1383 loaded routing data/1536/stackoverflow_a2q_tw.rt1383.txt (1101 entries)
rank=1381/1536 dataset=stackoverflow_a2q_tw walkers=50000 (69050000..69099999) steps=30 mode=0 sched=single-bucket delta_t=0 policy=0
rank=1381 loaded data/1536/stackoverflow_a2q_tw.sub1381.txt (|V_local|=1649  t_range=[3152683,239665385])
rank=1381 loaded routing data/1536/stackoverflow_a2q_tw.rt1381.txt (956 entries)
rank=1274 loaded routing data/1536/stackoverflow_a2q_tw.rt1274.txt (995 entries)
rank=1248/1536 dataset=stackoverflow_a2q_tw walkers=50000 (62400000..62449999) steps=30 mode=0 sched=single-bucket delta_t=0 policy=0
rank=1248 loaded data/1536/stackoverflow_a2q_tw.sub1248.txt (|V_local|=1588  t_range=[6508709,239693013])
rank=1248 loaded routing data/1536/stackoverflow_a2q_tw.rt1248.txt (1098 entries)
rank=1248 added 2 boundary-only nodes from routing
rank=1292/1536 dataset=stackoverflow_a2q_tw walkers=50000 (64600000..64649999) steps=30 mode=0 sched=single-bucket delta_t=0 policy=0
rank=1292 loaded data/1536/stackoverflow_a2q_tw.sub1292.txt (|V_local|=1584  t_range=[8209374,239659347])
rank=1292 loaded routing data/1536/stackoverflow_a2q_tw.rt1292.txt (1078 entries)
rank=1294/1536 dataset=stackoverflow_a2q_tw walkers=50000 (64700000..64749999) steps=30 mode=0 sched=single-bucket delta_t=0 policy=0
rank=1294 loaded data/1536/stackoverflow_a2q_tw.sub1294.txt (|V_local|=1593  t_range=[6626881,239694340])
rank=1294 loaded routing data/1536/stackoverflow_a2q_tw.rt1294.txt (1065 entries)
rank=1282/1536 dataset=stackoverflow_a2q_tw walkers=50000 (64100000..64149999) steps=30 mode=0 sched=single-bucket delta_t=0 policy=0
rank=1282 loaded data/1536/stackoverflow_a2q_tw.sub1282.txt (|V_local|=1647  t_range=[1250799,239629874])
rank=1282 loaded routing data/1536/stackoverflow_a2q_tw.rt1282.txt (697 entries)
rank=1282 added 1 boundary-only nodes from routing
rank=1281/1536 dataset=stackoverflow_a2q_tw walkers=50000 (64050000..64099999) steps=30 mode=0 sched=single-bucket delta_t=0 policy=0
rank=1281 loaded data/1536/stackoverflow_a2q_tw.sub1281.txt (|V_local|=1584  t_range=[14612736,239697464])
rank=1281 loaded routing data/1536/stackoverflow_a2q_tw.rt1281.txt (1125 entries)
rank=1281 added 6 boundary-only nodes from routing
rank=1275/1536 dataset=stackoverflow_a2q_tw walkers=50000 (63750000..63799999) steps=30 mode=0 sched=single-bucket delta_t=0 policy=0
rank=1275 loaded data/1536/stackoverflow_a2q_tw.sub1275.txt (|V_local|=1595  t_range=[39244420,239660648])
rank=1275 loaded routing data/1536/stackoverflow_a2q_tw.rt1275.txt (847 entries)
rank=1283/1536 dataset=stackoverflow_a2q_tw walkers=50000 (64150000..64199999) steps=30 mode=0 sched=single-bucket delta_t=0 policy=0
rank=1283 loaded data/1536/stackoverflow_a2q_tw.sub1283.txt (|V_local|=1586  t_range=[4180341,239649021])
rank=1283 loaded routing data/1536/stackoverflow_a2q_tw.rt1283.txt (843 entries)
rank=1279/1536 dataset=stackoverflow_a2q_tw walkers=50000 (63950000..63999999) steps=30 mode=0 sched=single-bucket delta_t=0 policy=0
rank=1279 loaded data/1536/stackoverflow_a2q_tw.sub1279.txt (|V_local|=1652  t_range=[52901078,239684443])
rank=1279 loaded routing data/1536/stackoverflow_a2q_tw.rt1279.txt (879 entries)
rank=1273/1536 dataset=stackoverflow_a2q_tw walkers=50000 (63650000..63699999) steps=30 mode=0 sched=single-bucket delta_t=0 policy=0
rank=1273 loaded data/1536/stackoverflow_a2q_tw.sub1273.txt (|V_local|=1589  t_range=[25078541,239674378])
rank=1273 loaded routing data/1536/stackoverflow_a2q_tw.rt1273.txt (1047 entries)
rank=1277/1536 dataset=stackoverflow_a2q_tw walkers=50000 (63850000..63899999) steps=30 mode=0 sched=single-bucket delta_t=0 policy=0
rank=1277 loaded data/1536/stackoverflow_a2q_tw.sub1277.txt (|V_local|=1587  t_range=[17722092,239618345])
rank=1277 loaded routing data/1536/stackoverflow_a2q_tw.rt1277.txt (1051 entries)
rank=1277 added 3 boundary-only nodes from routing
rank=1256/1536 dataset=stackoverflow_a2q_tw walkers=50000 (62800000..62849999) steps=30 mode=0 sched=single-bucket delta_t=0 policy=0
rank=1256 loaded data/1536/stackoverflow_a2q_tw.sub1256.txt (|V_local|=1650  t_range=[46895749,239687680])
rank=1256 loaded routing data/1536/stackoverflow_a2q_tw.rt1256.txt (771 entries)
rank=1256 added 2 boundary-only nodes from routing
rank=1288/1536 dataset=stackoverflow_a2q_tw walkers=50000 (64400000..64449999) steps=30 mode=0 sched=single-bucket delta_t=0 policy=0
rank=1288 loaded data/1536/stackoverflow_a2q_tw.sub1288.txt (|V_local|=1647  t_range=[36027345,239670502])
rank=1288 loaded routing data/1536/stackoverflow_a2q_tw.rt1288.txt (954 entries)
rank=1288 added 2 boundary-only nodes from routing
rank=1280/1536 dataset=stackoverflow_a2q_tw walkers=50000 (64000000..64049999) steps=30 mode=0 sched=single-bucket delta_t=0 policy=0
rank=1280 loaded data/1536/stackoverflow_a2q_tw.sub1280.txt (|V_local|=1648  t_range=[26094722,239654927])
rank=1280 loaded routing data/1536/stackoverflow_a2q_tw.rt1280.txt (914 entries)
rank=881/1536 dataset=stackoverflow_a2q_tw walkers=50000 (44050000..44099999) steps=30 mode=0 sched=single-bucket delta_t=0 policy=0
rank=881 loaded data/1536/stackoverflow_a2q_tw.sub881.txt (|V_local|=1587  t_range=[4651560,239693333])
rank=881 loaded routing data/1536/stackoverflow_a2q_tw.rt881.txt (940 entries)
rank=908/1536 dataset=stackoverflow_a2q_tw walkers=50000 (45400000..45449999) steps=30 mode=0 sched=single-bucket delta_t=0 policy=0
rank=908 loaded data/1536/stackoverflow_a2q_tw.sub908.txt (|V_local|=1648  t_range=[13912429,239641541])
rank=908 loaded routing data/1536/stackoverflow_a2q_tw.rt908.txt (848 entries)
rank=891/1536 dataset=stackoverflow_a2q_tw walkers=50000 (44550000..44599999) steps=30 mode=0 sched=single-bucket delta_t=0 policy=0
rank=891 loaded data/1536/stackoverflow_a2q_tw.sub891.txt (|V_local|=1586  t_range=[4736605,239698712])
rank=891 loaded routing data/1536/stackoverflow_a2q_tw.rt891.txt (1059 entries)
rank=891 added 5 boundary-only nodes from routing
rank=902/1536 dataset=stackoverflow_a2q_tw walkers=50000 (45100000..45149999) steps=30 mode=0 sched=single-bucket delta_t=0 policy=0
rank=902 loaded data/1536/stackoverflow_a2q_tw.sub902.txt (|V_local|=1650  t_range=[5152254,239661700])
rank=902 loaded routing data/1536/stackoverflow_a2q_tw.rt902.txt (957 entries)
rank=902 added 1 boundary-only nodes from routing
rank=894/1536 dataset=stackoverflow_a2q_tw walkers=50000 (44700000..44749999) steps=30 mode=0 sched=single-bucket delta_t=0 policy=0
rank=894 loaded data/1536/stackoverflow_a2q_tw.sub894.txt (|V_local|=1624  t_range=[8973999,239604071])
rank=894 loaded routing data/1536/stackoverflow_a2q_tw.rt894.txt (1015 entries)
rank=894 added 26 boundary-only nodes from routing
rank=910/1536 dataset=stackoverflow_a2q_tw walkers=50000 (45500000..45549999) steps=30 mode=0 sched=single-bucket delta_t=0 policy=0
rank=910 loaded data/1536/stackoverflow_a2q_tw.sub910.txt (|V_local|=1587  t_range=[4796375,239673405])
rank=910 loaded routing data/1536/stackoverflow_a2q_tw.rt910.txt (960 entries)
rank=910 added 4 boundary-only nodes from routing
rank=875/1536 dataset=stackoverflow_a2q_tw walkers=50000 (43750000..43799999) steps=30 mode=0 sched=single-bucket delta_t=0 policy=0
rank=875 loaded data/1536/stackoverflow_a2q_tw.sub875.txt (|V_local|=1596  t_range=[1717779,239669480])
rank=875 loaded routing data/1536/stackoverflow_a2q_tw.rt875.txt (1001 entries)
rank=875 added 4 boundary-only nodes from routing
rank=877/1536 dataset=stackoverflow_a2q_tw walkers=50000 (43850000..43899999) steps=30 mode=0 sched=single-bucket delta_t=0 policy=0
rank=877 loaded data/1536/stackoverflow_a2q_tw.sub877.txt (|V_local|=1587  t_range=[2744281,239628044])
rank=877 loaded routing data/1536/stackoverflow_a2q_tw.rt877.txt (1059 entries)
rank=867/1536 dataset=stackoverflow_a2q_tw walkers=50000 (43350000..43399999) steps=30 mode=0 sched=single-bucket delta_t=0 policy=0
rank=867 loaded data/1536/stackoverflow_a2q_tw.sub867.txt (|V_local|=1592  t_range=[4110816,239696916])
rank=867 loaded routing data/1536/stackoverflow_a2q_tw.rt867.txt (1106 entries)
rank=867 added 5 boundary-only nodes from routing
rank=907/1536 dataset=stackoverflow_a2q_tw walkers=50000 (45350000..45399999) steps=30 mode=0 sched=single-bucket delta_t=0 policy=0
rank=907 loaded data/1536/stackoverflow_a2q_tw.sub907.txt (|V_local|=1587  t_range=[2209342,239650767])
rank=907 loaded routing data/1536/stackoverflow_a2q_tw.rt907.txt (1008 entries)
rank=907 added 2 boundary-only nodes from routing
rank=909/1536 dataset=stackoverflow_a2q_tw walkers=50000 (45450000..45499999) steps=30 mode=0 sched=single-bucket delta_t=0 policy=0
rank=909 loaded data/1536/stackoverflow_a2q_tw.sub909.txt (|V_local|=1588  t_range=[4643358,239647303])
rank=909 loaded routing data/1536/stackoverflow_a2q_tw.rt909.txt (1149 entries)
rank=909 added 4 boundary-only nodes from routing
rank=885/1536 dataset=stackoverflow_a2q_tw walkers=50000 (44250000..44299999) steps=30 mode=0 sched=single-bucket delta_t=0 policy=0
rank=885 loaded data/1536/stackoverflow_a2q_tw.sub885.txt (|V_local|=1580  t_range=[1541503,239609767])
rank=885 loaded routing data/1536/stackoverflow_a2q_tw.rt885.txt (1021 entries)
rank=885 added 10 boundary-only nodes from routing
rank=896/1536 dataset=stackoverflow_a2q_tw walkers=50000 (44800000..44849999) steps=30 mode=0 sched=single-bucket delta_t=0 policy=0
rank=896 loaded data/1536/stackoverflow_a2q_tw.sub896.txt (|V_local|=1649  t_range=[2080364,239662518])
rank=896 loaded routing data/1536/stackoverflow_a2q_tw.rt896.txt (393 entries)
rank=896 added 3 boundary-only nodes from routing
rank=897/1536 dataset=stackoverflow_a2q_tw walkers=50000 (44850000..44899999) steps=30 mode=0 sched=single-bucket delta_t=0 policy=0
rank=897 loaded data/1536/stackoverflow_a2q_tw.sub897.txt (|V_local|=1583  t_range=[4889216,239696699])
rank=897 loaded routing data/1536/stackoverflow_a2q_tw.rt897.txt (1038 entries)
rank=897 added 8 boundary-only nodes from routing
rank=901/1536 dataset=stackoverflow_a2q_tw walkers=50000 (45050000..45099999) steps=30 mode=0 sched=single-bucket delta_t=0 policy=0
rank=901 loaded data/1536/stackoverflow_a2q_tw.sub901.txt (|V_local|=1647  t_range=[6920406,239696630])
rank=901 loaded routing data/1536/stackoverflow_a2q_tw.rt901.txt (799 entries)
rank=901 added 4 boundary-only nodes from routing
rank=903/1536 dataset=stackoverflow_a2q_tw walkers=50000 (45150000..45199999) steps=30 mode=0 sched=single-bucket delta_t=0 policy=0
rank=903 loaded data/1536/stackoverflow_a2q_tw.sub903.txt (|V_local|=1584  t_range=[16047325,239567004])
rank=903 loaded routing data/1536/stackoverflow_a2q_tw.rt903.txt (1052 entries)
rank=903 added 3 boundary-only nodes from routing
rank=890/1536 dataset=stackoverflow_a2q_tw walkers=50000 (44500000..44549999) steps=30 mode=0 sched=single-bucket delta_t=0 policy=0
rank=890 loaded data/1536/stackoverflow_a2q_tw.sub890.txt (|V_local|=1586  t_range=[4240291,239580817])
rank=890 loaded routing data/1536/stackoverflow_a2q_tw.rt890.txt (1127 entries)
rank=890 added 3 boundary-only nodes from routing
rank=879/1536 dataset=stackoverflow_a2q_tw walkers=50000 (43950000..43999999) steps=30 mode=0 sched=single-bucket delta_t=0 policy=0
rank=879 loaded data/1536/stackoverflow_a2q_tw.sub879.txt (|V_local|=1583  t_range=[5164928,239660463])
rank=879 loaded routing data/1536/stackoverflow_a2q_tw.rt879.txt (1097 entries)
rank=879 added 1 boundary-only nodes from routing
rank=892/1536 dataset=stackoverflow_a2q_tw walkers=50000 (44600000..44649999) steps=30 mode=0 sched=single-bucket delta_t=0 policy=0
rank=892 loaded data/1536/stackoverflow_a2q_tw.sub892.txt (|V_local|=1587  t_range=[26006143,239685141])
rank=892 loaded routing data/1536/stackoverflow_a2q_tw.rt892.txt (991 entries)
rank=892 added 3 boundary-only nodes from routing
rank=878/1536 dataset=stackoverflow_a2q_tw walkers=50000 (43900000..43949999) steps=30 mode=0 sched=single-bucket delta_t=0 policy=0
rank=878 loaded data/1536/stackoverflow_a2q_tw.sub878.txt (|V_local|=1588  t_range=[3357807,239641484])
rank=878 loaded routing data/1536/stackoverflow_a2q_tw.rt878.txt (1060 entries)
rank=878 added 4 boundary-only nodes from routing
rank=898/1536 dataset=stackoverflow_a2q_tw walkers=50000 (44900000..44949999) steps=30 mode=0 sched=single-bucket delta_t=0 policy=0
rank=898 loaded data/1536/stackoverflow_a2q_tw.sub898.txt (|V_local|=1592  t_range=[5949611,239674976])
rank=898 loaded routing data/1536/stackoverflow_a2q_tw.rt898.txt (1055 entries)
rank=898 added 6 boundary-only nodes from routing
rank=873/1536 dataset=stackoverflow_a2q_tw walkers=50000 (43650000..43699999) steps=30 mode=0 sched=single-bucket delta_t=0 policy=0
rank=873 loaded data/1536/stackoverflow_a2q_tw.sub873.txt (|V_local|=1582  t_range=[4028798,239659729])
rank=873 loaded routing data/1536/stackoverflow_a2q_tw.rt873.txt (992 entries)
rank=906/1536 dataset=stackoverflow_a2q_tw walkers=50000 (45300000..45349999) steps=30 mode=0 sched=single-bucket delta_t=0 policy=0
rank=906 loaded data/1536/stackoverflow_a2q_tw.sub906.txt (|V_local|=1589  t_range=[6520743,239461221])
rank=906 loaded routing data/1536/stackoverflow_a2q_tw.rt906.txt (1083 entries)
rank=411 loaded routing data/1536/stackoverflow_a2q_tw.rt411.txt (933 entries)
rank=411 added 1 boundary-only nodes from routing
rank=427/1536 dataset=stackoverflow_a2q_tw walkers=50000 (21350000..21399999) steps=30 mode=0 sched=single-bucket delta_t=0 policy=0
rank=427 loaded data/1536/stackoverflow_a2q_tw.sub427.txt (|V_local|=1646  t_range=[8053006,239637552])
rank=427 loaded routing data/1536/stackoverflow_a2q_tw.rt427.txt (773 entries)
rank=427 added 3 boundary-only nodes from routing
rank=831/1536 dataset=stackoverflow_a2q_tw walkers=50000 (41550000..41599999) steps=30 mode=0 sched=single-bucket delta_t=0 policy=0
rank=831 loaded data/1536/stackoverflow_a2q_tw.sub831.txt (|V_local|=1587  t_range=[4040207,239643908])
rank=831 loaded routing data/1536/stackoverflow_a2q_tw.rt831.txt (1073 entries)
rank=831 added 1 boundary-only nodes from routing
rank=821/1536 dataset=stackoverflow_a2q_tw walkers=50000 (41050000..41099999) steps=30 mode=0 sched=single-bucket delta_t=0 policy=0
rank=821 loaded data/1536/stackoverflow_a2q_tw.sub821.txt (|V_local|=1650  t_range=[12973864,239629021])
rank=821 loaded routing data/1536/stackoverflow_a2q_tw.rt821.txt (908 entries)
rank=821 added 1 boundary-only nodes from routing
rank=835/1536 dataset=stackoverflow_a2q_tw walkers=50000 (41750000..41799999) steps=30 mode=0 sched=single-bucket delta_t=0 policy=0
rank=835 loaded data/1536/stackoverflow_a2q_tw.sub835.txt (|V_local|=1649  t_range=[18233903,239696704])
rank=835 loaded routing data/1536/stackoverflow_a2q_tw.rt835.txt (933 entries)
rank=835 added 1 boundary-only nodes from routing
rank=854/1536 dataset=stackoverflow_a2q_tw walkers=50000 (42700000..42749999) steps=30 mode=0 sched=single-bucket delta_t=0 policy=0
rank=854 loaded data/1536/stackoverflow_a2q_tw.sub854.txt (|V_local|=1593  t_range=[4273499,239697440])
rank=854 loaded routing data/1536/stackoverflow_a2q_tw.rt854.txt (937 entries)
rank=854 added 3 boundary-only nodes from routing
rank=859/1536 dataset=stackoverflow_a2q_tw walkers=50000 (42950000..42999999) steps=30 mode=0 sched=single-bucket delta_t=0 policy=0
rank=859 loaded data/1536/stackoverflow_a2q_tw.sub859.txt (|V_local|=1590  t_range=[4111464,239405186])
rank=859 loaded routing data/1536/stackoverflow_a2q_tw.rt859.txt (968 entries)
rank=859 added 1 boundary-only nodes from routing
rank=840/1536 dataset=stackoverflow_a2q_tw walkers=50000 (42000000..42049999) steps=30 mode=0 sched=single-bucket delta_t=0 policy=0
rank=840 loaded data/1536/stackoverflow_a2q_tw.sub840.txt (|V_local|=1590  t_range=[4015648,239674303])
rank=840 loaded routing data/1536/stackoverflow_a2q_tw.rt840.txt (1017 entries)
rank=840 added 1 boundary-only nodes from routing
rank=834/1536 dataset=stackoverflow_a2q_tw walkers=50000 (41700000..41749999) steps=30 mode=0 sched=single-bucket delta_t=0 policy=0
rank=834 loaded data/1536/stackoverflow_a2q_tw.sub834.txt (|V_local|=1592  t_range=[28684495,239627875])
rank=834 loaded routing data/1536/stackoverflow_a2q_tw.rt834.txt (1074 entries)
rank=851/1536 dataset=stackoverflow_a2q_tw walkers=50000 (42550000..42599999) steps=30 mode=0 sched=single-bucket delta_t=0 policy=0
rank=851 loaded data/1536/stackoverflow_a2q_tw.sub851.txt (|V_local|=1578  t_range=[4184319,239655177])
rank=851 loaded routing data/1536/stackoverflow_a2q_tw.rt851.txt (983 entries)
rank=851 added 2 boundary-only nodes from routing
rank=837/1536 dataset=stackoverflow_a2q_tw walkers=50000 (41850000..41899999) steps=30 mode=0 sched=single-bucket delta_t=0 policy=0
rank=837 loaded data/1536/stackoverflow_a2q_tw.sub837.txt (|V_local|=1582  t_range=[4214979,239647203])
rank=837 loaded routing data/1536/stackoverflow_a2q_tw.rt837.txt (1095 entries)
rank=837 added 5 boundary-only nodes from routing
rank=845/1536 dataset=stackoverflow_a2q_tw walkers=50000 (42250000..42299999) steps=30 mode=0 sched=single-bucket delta_t=0 policy=0
rank=845 loaded data/1536/stackoverflow_a2q_tw.sub845.txt (|V_local|=1650  t_range=[570920,239566823])
rank=845 loaded routing data/1536/stackoverflow_a2q_tw.rt845.txt (702 entries)
rank=845 added 2 boundary-only nodes from routing
rank=836/1536 dataset=stackoverflow_a2q_tw walkers=50000 (41800000..41849999) steps=30 mode=0 sched=single-bucket delta_t=0 policy=0
rank=836 loaded data/1536/stackoverflow_a2q_tw.sub836.txt (|V_local|=1652  t_range=[16119014,239644420])
rank=836 loaded routing data/1536/stackoverflow_a2q_tw.rt836.txt (776 entries)
rank=844/1536 dataset=stackoverflow_a2q_tw walkers=50000 (42200000..42249999) steps=30 mode=0 sched=single-bucket delta_t=0 policy=0
rank=844 loaded data/1536/stackoverflow_a2q_tw.sub844.txt (|V_local|=1635  t_range=[472985,239595744])
rank=844 loaded routing data/1536/stackoverflow_a2q_tw.rt844.txt (861 entries)
rank=844 added 1 boundary-only nodes from routing
rank=852/1536 dataset=stackoverflow_a2q_tw walkers=50000 (42600000..42649999) steps=30 mode=0 sched=single-bucket delta_t=0 policy=0
rank=852 loaded data/1536/stackoverflow_a2q_tw.sub852.txt (|V_local|=1646  t_range=[4316412,239672959])
rank=852 loaded routing data/1536/stackoverflow_a2q_tw.rt852.txt (893 entries)
rank=852 added 1 boundary-only nodes from routing
rank=843/1536 dataset=stackoverflow_a2q_tw walkers=50000 (42150000..42199999) steps=30 mode=0 sched=single-bucket delta_t=0 policy=0
rank=843 loaded data/1536/stackoverflow_a2q_tw.sub843.txt (|V_local|=1594  t_range=[269346,239577106])
rank=843 loaded routing data/1536/stackoverflow_a2q_tw.rt843.txt (915 entries)
rank=843 added 1 boundary-only nodes from routing
rank=847/1536 dataset=stackoverflow_a2q_tw walkers=50000 (42350000..42399999) steps=30 mode=0 sched=single-bucket delta_t=0 policy=0
rank=847 loaded data/1536/stackoverflow_a2q_tw.sub847.txt (|V_local|=1588  t_range=[5823309,239671406])
rank=847 loaded routing data/1536/stackoverflow_a2q_tw.rt847.txt (1035 entries)
rank=847 added 3 boundary-only nodes from routing
rank=832/1536 dataset=stackoverflow_a2q_tw walkers=50000 (41600000..41649999) steps=30 mode=0 sched=single-bucket delta_t=0 policy=0
rank=832 loaded data/1536/stackoverflow_a2q_tw.sub832.txt (|V_local|=1652  t_range=[34885452,239698254])
rank=832 loaded routing data/1536/stackoverflow_a2q_tw.rt832.txt (772 entries)
rank=827/1536 dataset=stackoverflow_a2q_tw walkers=50000 (41350000..41399999) steps=30 mode=0 sched=single-bucket delta_t=0 policy=0
rank=827 loaded data/1536/stackoverflow_a2q_tw.sub827.txt (|V_local|=1649  t_range=[21161882,239558285])
rank=827 loaded routing data/1536/stackoverflow_a2q_tw.rt827.txt (831 entries)
rank=827 added 1 boundary-only nodes from routing
rank=860/1536 dataset=stackoverflow_a2q_tw walkers=50000 (43000000..43049999) steps=30 mode=0 sched=single-bucket delta_t=0 policy=0
rank=860 loaded data/1536/stackoverflow_a2q_tw.sub860.txt (|V_local|=1596  t_range=[10085247,239558609])
rank=860 loaded routing data/1536/stackoverflow_a2q_tw.rt860.txt (1010 entries)
rank=860 added 1 boundary-only nodes from routing
rank=856/1536 dataset=stackoverflow_a2q_tw walkers=50000 (42800000..42849999) steps=30 mode=0 sched=single-bucket delta_t=0 policy=0
rank=856 loaded data/1536/stackoverflow_a2q_tw.sub856.txt (|V_local|=1650  t_range=[11213897,239674284])
rank=856 loaded routing data/1536/stackoverflow_a2q_tw.rt856.txt (649 entries)
rank=856 added 1 boundary-only nodes from routing
rank=833/1536 dataset=stackoverflow_a2q_tw walkers=50000 (41650000..41699999) steps=30 mode=0 sched=single-bucket delta_t=0 policy=0
rank=833 loaded data/1536/stackoverflow_a2q_tw.sub833.txt (|V_local|=1652  t_range=[55332915,239697543])
rank=833 loaded routing data/1536/stackoverflow_a2q_tw.rt833.txt (739 entries)
rank=862/1536 dataset=stackoverflow_a2q_tw walkers=50000 (43100000..43149999) steps=30 mode=0 sched=single-bucket delta_t=0 policy=0
rank=862 loaded data/1536/stackoverflow_a2q_tw.sub862.txt (|V_local|=1651  t_range=[8426978,239688297])
rank=862 loaded routing data/1536/stackoverflow_a2q_tw.rt862.txt (625 entries)
rank=862 added 1 boundary-only nodes from routing
rank=857/1536 dataset=stackoverflow_a2q_tw walkers=50000 (42850000..42899999) steps=30 mode=0 sched=single-bucket delta_t=0 policy=0
rank=857 loaded data/1536/stackoverflow_a2q_tw.sub857.txt (|V_local|=1652  t_range=[6436074,239643173])
rank=857 loaded routing data/1536/stackoverflow_a2q_tw.rt857.txt (649 entries)
rank=829/1536 dataset=stackoverflow_a2q_tw walkers=50000 (41450000..41499999) steps=30 mode=0 sched=single-bucket delta_t=0 policy=0
rank=829 loaded data/1536/stackoverflow_a2q_tw.sub829.txt (|V_local|=1652  t_range=[9650839,239663815])
rank=829 loaded routing data/1536/stackoverflow_a2q_tw.rt829.txt (794 entries)
rank=510/1536 dataset=stackoverflow_a2q_tw walkers=50000 (25500000..25549999) steps=30 mode=0 sched=single-bucket delta_t=0 policy=0
rank=510 loaded data/1536/stackoverflow_a2q_tw.sub510.txt (|V_local|=1585  t_range=[3938025,239495832])
rank=510 loaded routing data/1536/stackoverflow_a2q_tw.rt510.txt (1082 entries)
rank=510 added 8 boundary-only nodes from routing
rank=509/1536 dataset=stackoverflow_a2q_tw walkers=50000 (25450000..25499999) steps=30 mode=0 sched=single-bucket delta_t=0 policy=0
rank=509 loaded data/1536/stackoverflow_a2q_tw.sub509.txt (|V_local|=1650  t_range=[5315008,239598401])
rank=509 loaded routing data/1536/stackoverflow_a2q_tw.rt509.txt (924 entries)
rank=499/1536 dataset=stackoverflow_a2q_tw walkers=50000 (24950000..24999999) steps=30 mode=0 sched=single-bucket delta_t=0 policy=0
rank=499 loaded data/1536/stackoverflow_a2q_tw.sub499.txt (|V_local|=1594  t_range=[6271051,239553632])
rank=499 loaded routing data/1536/stackoverflow_a2q_tw.rt499.txt (1064 entries)
rank=499 added 1 boundary-only nodes from routing
rank=507/1536 dataset=stackoverflow_a2q_tw walkers=50000 (25350000..25399999) steps=30 mode=0 sched=single-bucket delta_t=0 policy=0
rank=507 loaded data/1536/stackoverflow_a2q_tw.sub507.txt (|V_local|=1592  t_range=[1273764,239584501])
rank=507 loaded routing data/1536/stackoverflow_a2q_tw.rt507.txt (947 entries)
rank=502/1536 dataset=stackoverflow_a2q_tw walkers=50000 (25100000..25149999) steps=30 mode=0 sched=single-bucket delta_t=0 policy=0
rank=502 loaded data/1536/stackoverflow_a2q_tw.sub502.txt (|V_local|=1652  t_range=[9119812,239570983])
rank=502 loaded routing data/1536/stackoverflow_a2q_tw.rt502.txt (825 entries)
rank=498/1536 dataset=stackoverflow_a2q_tw walkers=50000 (24900000..24949999) steps=30 mode=0 sched=single-bucket delta_t=0 policy=0
rank=498 loaded data/1536/stackoverflow_a2q_tw.sub498.txt (|V_local|=1592  t_range=[2328690,239561864])
rank=498 loaded routing data/1536/stackoverflow_a2q_tw.rt498.txt (1038 entries)
rank=498 added 1 boundary-only nodes from routing
rank=526/1536 dataset=stackoverflow_a2q_tw walkers=50000 (26300000..26349999) steps=30 mode=0 sched=single-bucket delta_t=0 policy=0
rank=526 loaded data/1536/stackoverflow_a2q_tw.sub526.txt (|V_local|=1595  t_range=[4772538,239673147])
rank=526 loaded routing data/1536/stackoverflow_a2q_tw.rt526.txt (844 entries)
rank=522/1536 dataset=stackoverflow_a2q_tw walkers=50000 (26100000..26149999) steps=30 mode=0 sched=single-bucket delta_t=0 policy=0
rank=522 loaded data/1536/stackoverflow_a2q_tw.sub522.txt (|V_local|=1588  t_range=[1983961,239626751])
rank=522 loaded routing data/1536/stackoverflow_a2q_tw.rt522.txt (1012 entries)
rank=522 added 2 boundary-only nodes from routing
rank=514/1536 dataset=stackoverflow_a2q_tw walkers=50000 (25700000..25749999) steps=30 mode=0 sched=single-bucket delta_t=0 policy=0
rank=514 loaded data/1536/stackoverflow_a2q_tw.sub514.txt (|V_local|=1648  t_range=[5226653,239491132])
rank=514 loaded routing data/1536/stackoverflow_a2q_tw.rt514.txt (911 entries)
rank=518/1536 dataset=stackoverflow_a2q_tw walkers=50000 (25900000..25949999) steps=30 mode=0 sched=single-bucket delta_t=0 policy=0
rank=518 loaded data/1536/stackoverflow_a2q_tw.sub518.txt (|V_local|=1593  t_range=[4299027,239631300])
rank=518 loaded routing data/1536/stackoverflow_a2q_tw.rt518.txt (1017 entries)
rank=506/1536 dataset=stackoverflow_a2q_tw walkers=50000 (25300000..25349999) steps=30 mode=0 sched=single-bucket delta_t=0 policy=0
rank=506 loaded data/1536/stackoverflow_a2q_tw.sub506.txt (|V_local|=1651  t_range=[4527372,239681000])
rank=506 loaded routing data/1536/stackoverflow_a2q_tw.rt506.txt (699 entries)
rank=506 added 1 boundary-only nodes from routing
rank=523/1536 dataset=stackoverflow_a2q_tw walkers=50000 (26150000..26199999) steps=30 mode=0 sched=single-bucket delta_t=0 policy=0
rank=523 loaded data/1536/stackoverflow_a2q_tw.sub523.txt (|V_local|=1593  t_range=[4306170,239536821])
rank=523 loaded routing data/1536/stackoverflow_a2q_tw.rt523.txt (1006 entries)
rank=489/1536 dataset=stackoverflow_a2q_tw walkers=50000 (24450000..24499999) steps=30 mode=0 sched=single-bucket delta_t=0 policy=0
rank=489 loaded data/1536/stackoverflow_a2q_tw.sub489.txt (|V_local|=1589  t_range=[7376106,239578332])
rank=489 loaded routing data/1536/stackoverflow_a2q_tw.rt489.txt (1059 entries)
rank=513/1536 dataset=stackoverflow_a2q_tw walkers=50000 (25650000..25699999) steps=30 mode=0 sched=single-bucket delta_t=0 policy=0
rank=513 loaded data/1536/stackoverflow_a2q_tw.sub513.txt (|V_local|=1592  t_range=[4578006,239677176])
rank=513 loaded routing data/1536/stackoverflow_a2q_tw.rt513.txt (1052 entries)
rank=525/1536 dataset=stackoverflow_a2q_tw walkers=50000 (26250000..26299999) steps=30 mode=0 sched=single-bucket delta_t=0 policy=0
rank=525 loaded data/1536/stackoverflow_a2q_tw.sub525.txt (|V_local|=1591  t_range=[3083643,239640259])
rank=525 loaded routing data/1536/stackoverflow_a2q_tw.rt525.txt (935 entries)
rank=525 added 1 boundary-only nodes from routing
rank=521/1536 dataset=stackoverflow_a2q_tw walkers=50000 (26050000..26099999) steps=30 mode=0 sched=single-bucket delta_t=0 policy=0
rank=521 loaded data/1536/stackoverflow_a2q_tw.sub521.txt (|V_local|=1652  t_range=[23784377,239652209])
rank=521 loaded routing data/1536/stackoverflow_a2q_tw.rt521.txt (815 entries)
rank=1407 loaded data/1536/stackoverflow_a2q_tw.sub1407.txt (|V_local|=1586  t_range=[21090550,239685821])
rank=1407 loaded routing data/1536/stackoverflow_a2q_tw.rt1407.txt (1079 entries)
rank=1400/1536 dataset=stackoverflow_a2q_tw walkers=50000 (70000000..70049999) steps=30 mode=0 sched=single-bucket delta_t=0 policy=0
rank=1400 loaded data/1536/stackoverflow_a2q_tw.sub1400.txt (|V_local|=1591  t_range=[23564184,239671509])
rank=1400 loaded routing data/1536/stackoverflow_a2q_tw.rt1400.txt (1118 entries)
rank=1400 added 1 boundary-only nodes from routing
rank=1409/1536 dataset=stackoverflow_a2q_tw walkers=50000 (70450000..70499999) steps=30 mode=0 sched=single-bucket delta_t=0 policy=0
rank=1409 loaded data/1536/stackoverflow_a2q_tw.sub1409.txt (|V_local|=1614  t_range=[51576958,239561788])
rank=1409 loaded routing data/1536/stackoverflow_a2q_tw.rt1409.txt (1144 entries)
rank=1431/1536 dataset=stackoverflow_a2q_tw walkers=50000 (71550000..71599999) steps=30 mode=0 sched=single-bucket delta_t=0 policy=0
rank=1431 loaded data/1536/stackoverflow_a2q_tw.sub1431.txt (|V_local|=1594  t_range=[11536640,239698686])
rank=1431 loaded routing data/1536/stackoverflow_a2q_tw.rt1431.txt (1073 entries)
rank=1431 added 1 boundary-only nodes from routing
rank=1402/1536 dataset=stackoverflow_a2q_tw walkers=50000 (70100000..70149999) steps=30 mode=0 sched=single-bucket delta_t=0 policy=0
rank=1402 loaded data/1536/stackoverflow_a2q_tw.sub1402.txt (|V_local|=1592  t_range=[10339473,239684750])
rank=1402 loaded routing data/1536/stackoverflow_a2q_tw.rt1402.txt (1091 entries)
rank=1402 added 1 boundary-only nodes from routing
rank=1420/1536 dataset=stackoverflow_a2q_tw walkers=50000 (71000000..71049999) steps=30 mode=0 sched=single-bucket delta_t=0 policy=0
rank=1420 loaded data/1536/stackoverflow_a2q_tw.sub1420.txt (|V_local|=1585  t_range=[23735321,239674115])
rank=1420 loaded routing data/1536/stackoverflow_a2q_tw.rt1420.txt (1079 entries)
rank=1426/1536 dataset=stackoverflow_a2q_tw walkers=50000 (71300000..71349999) steps=30 mode=0 sched=single-bucket delta_t=0 policy=0
rank=1426 loaded data/1536/stackoverflow_a2q_tw.sub1426.txt (|V_local|=1626  t_range=[26951663,239695873])
rank=1426 loaded routing data/1536/stackoverflow_a2q_tw.rt1426.txt (1042 entries)
rank=1422/1536 dataset=stackoverflow_a2q_tw walkers=50000 (71100000..71149999) steps=30 mode=0 sched=single-bucket delta_t=0 policy=0
rank=1422 loaded data/1536/stackoverflow_a2q_tw.sub1422.txt (|V_local|=1587  t_range=[2348409,239696010])
rank=1422 loaded routing data/1536/stackoverflow_a2q_tw.rt1422.txt (1049 entries)
rank=1418/1536 dataset=stackoverflow_a2q_tw walkers=50000 (70900000..70949999) steps=30 mode=0 sched=single-bucket delta_t=0 policy=0
rank=1418 loaded data/1536/stackoverflow_a2q_tw.sub1418.txt (|V_local|=1588  t_range=[27900783,239687288])
rank=1418 loaded routing data/1536/stackoverflow_a2q_tw.rt1418.txt (1048 entries)
rank=1414/1536 dataset=stackoverflow_a2q_tw walkers=50000 (70700000..70749999) steps=30 mode=0 sched=single-bucket delta_t=0 policy=0
rank=1414 loaded data/1536/stackoverflow_a2q_tw.sub1414.txt (|V_local|=1593  t_range=[18434800,239696517])
rank=1414 loaded routing data/1536/stackoverflow_a2q_tw.rt1414.txt (1121 entries)
rank=1056/1536 dataset=stackoverflow_a2q_tw walkers=50000 (52800000..52849999) steps=30 mode=0 sched=single-bucket delta_t=0 policy=0
rank=1056 loaded data/1536/stackoverflow_a2q_tw.sub1056.txt (|V_local|=1592  t_range=[3300217,239689731])
rank=1056 loaded routing data/1536/stackoverflow_a2q_tw.rt1056.txt (1038 entries)
rank=1098/1536 dataset=stackoverflow_a2q_tw walkers=50000 (54900000..54949999) steps=30 mode=0 sched=single-bucket delta_t=0 policy=0
rank=1098 loaded data/1536/stackoverflow_a2q_tw.sub1098.txt (|V_local|=1591  t_range=[4097948,239698235])
rank=1098 loaded routing data/1536/stackoverflow_a2q_tw.rt1098.txt (1035 entries)
rank=1098 added 1 boundary-only nodes from routing
rank=1101/1536 dataset=stackoverflow_a2q_tw walkers=50000 (55050000..55099999) steps=30 mode=0 sched=single-bucket delta_t=0 policy=0
rank=1101 loaded data/1536/stackoverflow_a2q_tw.sub1101.txt (|V_local|=1583  t_range=[14875427,239667534])
rank=1101 loaded routing data/1536/stackoverflow_a2q_tw.rt1101.txt (1059 entries)
rank=1101 added 2 boundary-only nodes from routing
rank=1096/1536 dataset=stackoverflow_a2q_tw walkers=50000 (54800000..54849999) steps=30 mode=0 sched=single-bucket delta_t=0 policy=0
rank=1096 loaded data/1536/stackoverflow_a2q_tw.sub1096.txt (|V_local|=1587  t_range=[15968911,239677145])
rank=1096 loaded routing data/1536/stackoverflow_a2q_tw.rt1096.txt (1053 entries)
rank=1096 added 1 boundary-only nodes from routing
rank=1094/1536 dataset=stackoverflow_a2q_tw walkers=50000 (54700000..54749999) steps=30 mode=0 sched=single-bucket delta_t=0 policy=0
rank=1094 loaded data/1536/stackoverflow_a2q_tw.sub1094.txt (|V_local|=1651  t_range=[45153619,239666582])
rank=1094 loaded routing data/1536/stackoverflow_a2q_tw.rt1094.txt (1042 entries)
rank=1094 added 1 boundary-only nodes from routing
rank=1099/1536 dataset=stackoverflow_a2q_tw walkers=50000 (54950000..54999999) steps=30 mode=0 sched=single-bucket delta_t=0 policy=0
rank=1099 loaded data/1536/stackoverflow_a2q_tw.sub1099.txt (|V_local|=1591  t_range=[4623426,239684890])
rank=1099 loaded routing data/1536/stackoverflow_a2q_tw.rt1099.txt (1100 entries)
rank=1067/1536 dataset=stackoverflow_a2q_tw walkers=50000 (53350000..53399999) steps=30 mode=0 sched=single-bucket delta_t=0 policy=0
rank=1067 loaded data/1536/stackoverflow_a2q_tw.sub1067.txt (|V_local|=1597  t_range=[6380075,239660259])
rank=1067 loaded routing data/1536/stackoverflow_a2q_tw.rt1067.txt (1004 entries)
rank=1067 added 1 boundary-only nodes from routing
rank=1075/1536 dataset=stackoverflow_a2q_tw walkers=50000 (53750000..53799999) steps=30 mode=0 sched=single-bucket delta_t=0 policy=0
rank=1075 loaded data/1536/stackoverflow_a2q_tw.sub1075.txt (|V_local|=1590  t_range=[11448273,239653685])
rank=1075 loaded routing data/1536/stackoverflow_a2q_tw.rt1075.txt (1014 entries)
rank=1079/1536 dataset=stackoverflow_a2q_tw walkers=50000 (53950000..53999999) steps=30 mode=0 sched=single-bucket delta_t=0 policy=0
rank=1079 loaded data/1536/stackoverflow_a2q_tw.sub1079.txt (|V_local|=1589  t_range=[4116261,239638920])
rank=1079 loaded routing data/1536/stackoverflow_a2q_tw.rt1079.txt (1008 entries)
rank=1097/1536 dataset=stackoverflow_a2q_tw walkers=50000 (54850000..54899999) steps=30 mode=0 sched=single-bucket delta_t=0 policy=0
rank=1097 loaded data/1536/stackoverflow_a2q_tw.sub1097.txt (|V_local|=1594  t_range=[12384993,239673794])
rank=1097 loaded routing data/1536/stackoverflow_a2q_tw.rt1097.txt (1095 entries)
rank=1097 added 1 boundary-only nodes from routing
rank=1060/1536 dataset=stackoverflow_a2q_tw walkers=50000 (53000000..53049999) steps=30 mode=0 sched=single-bucket delta_t=0 policy=0
rank=1060 loaded data/1536/stackoverflow_a2q_tw.sub1060.txt (|V_local|=1628  t_range=[34797066,239682843])
rank=1060 loaded routing data/1536/stackoverflow_a2q_tw.rt1060.txt (1084 entries)
rank=1060 added 1 boundary-only nodes from routing
rank=1085/1536 dataset=stackoverflow_a2q_tw walkers=50000 (54250000..54299999) steps=30 mode=0 sched=single-bucket delta_t=0 policy=0
rank=1085 loaded data/1536/stackoverflow_a2q_tw.sub1085.txt (|V_local|=1588  t_range=[6949104,239644333])
rank=1085 loaded routing data/1536/stackoverflow_a2q_tw.rt1085.txt (1100 entries)
rank=1085 added 1 boundary-only nodes from routing
rank=1081/1536 dataset=stackoverflow_a2q_tw walkers=50000 (54050000..54099999) steps=30 mode=0 sched=single-bucket delta_t=0 policy=0
rank=1081 loaded data/1536/stackoverflow_a2q_tw.sub1081.txt (|V_local|=1651  t_range=[4055423,239692445])
rank=1081 loaded routing data/1536/stackoverflow_a2q_tw.rt1081.txt (878 entries)
rank=1087/1536 dataset=stackoverflow_a2q_tw walkers=50000 (54350000..54399999) steps=30 mode=0 sched=single-bucket delta_t=0 policy=0
rank=1087 loaded data/1536/stackoverflow_a2q_tw.sub1087.txt (|V_local|=1589  t_range=[39129463,239682664])
rank=1087 loaded routing data/1536/stackoverflow_a2q_tw.rt1087.txt (1081 entries)
rank=1087 added 1 boundary-only nodes from routing
rank=1058/1536 dataset=stackoverflow_a2q_tw walkers=50000 (52900000..52949999) steps=30 mode=0 sched=single-bucket delta_t=0 policy=0
rank=1058 loaded data/1536/stackoverflow_a2q_tw.sub1058.txt (|V_local|=1652  t_range=[39406813,239676819])
rank=1058 loaded routing data/1536/stackoverflow_a2q_tw.rt1058.txt (964 entries)
rank=1071/1536 dataset=stackoverflow_a2q_tw walkers=50000 (53550000..53599999) steps=30 mode=0 sched=single-bucket delta_t=0 policy=0
rank=1071 loaded data/1536/stackoverflow_a2q_tw.sub1071.txt (|V_local|=1590  t_range=[3607267,239659387])
rank=1071 loaded routing data/1536/stackoverflow_a2q_tw.rt1071.txt (1005 entries)
rank=1071 added 2 boundary-only nodes from routing
rank=1090/1536 dataset=stackoverflow_a2q_tw walkers=50000 (54500000..54549999) steps=30 mode=0 sched=single-bucket delta_t=0 policy=0
rank=1090 loaded data/1536/stackoverflow_a2q_tw.sub1090.txt (|V_local|=1651  t_range=[4031579,239697454])
rank=1090 loaded routing data/1536/stackoverflow_a2q_tw.rt1090.txt (881 entries)
rank=1063/1536 dataset=stackoverflow_a2q_tw walkers=50000 (53150000..53199999) steps=30 mode=0 sched=single-bucket delta_t=0 policy=0
rank=1063 loaded data/1536/stackoverflow_a2q_tw.sub1063.txt (|V_local|=1587  t_range=[4906863,239534852])
rank=1063 loaded routing data/1536/stackoverflow_a2q_tw.rt1063.txt (1097 entries)
rank=1100/1536 dataset=stackoverflow_a2q_tw walkers=50000 (55000000..55049999) steps=30 mode=0 sched=single-bucket delta_t=0 policy=0
rank=1100 loaded data/1536/stackoverflow_a2q_tw.sub1100.txt (|V_local|=1587  t_range=[10530097,239654588])
rank=1100 loaded routing data/1536/stackoverflow_a2q_tw.rt1100.txt (1013 entries)
rank=1084/1536 dataset=stackoverflow_a2q_tw walkers=50000 (54200000..54249999) steps=30 mode=0 sched=single-bucket delta_t=0 policy=0
rank=1084 loaded data/1536/stackoverflow_a2q_tw.sub1084.txt (|V_local|=1594  t_range=[40339980,239691600])
rank=1084 loaded routing data/1536/stackoverflow_a2q_tw.rt1084.txt (953 entries)
rank=1088/1536 dataset=stackoverflow_a2q_tw walkers=50000 (54400000..54449999) steps=30 mode=0 sched=single-bucket delta_t=0 policy=0
rank=1088 loaded data/1536/stackoverflow_a2q_tw.sub1088.txt (|V_local|=1612  t_range=[26229220,239684851])
rank=1088 loaded routing data/1536/stackoverflow_a2q_tw.rt1088.txt (1063 entries)
rank=1088 added 1 boundary-only nodes from routing
rank=1086/1536 dataset=stackoverflow_a2q_tw walkers=50000 (54300000..54349999) steps=30 mode=0 sched=single-bucket delta_t=0 policy=0
rank=1086 loaded data/1536/stackoverflow_a2q_tw.sub1086.txt (|V_local|=1596  t_range=[36871684,239684974])
rank=1086 loaded routing data/1536/stackoverflow_a2q_tw.rt1086.txt (1006 entries)
rank=1082/1536 dataset=stackoverflow_a2q_tw walkers=50000 (54100000..54149999) steps=30 mode=0 sched=single-bucket delta_t=0 policy=0
rank=1082 loaded data/1536/stackoverflow_a2q_tw.sub1082.txt (|V_local|=1589  t_range=[14000230,239694397])
rank=1082 loaded routing data/1536/stackoverflow_a2q_tw.rt1082.txt (1015 entries)
rank=1103/1536 dataset=stackoverflow_a2q_tw walkers=50000 (55150000..55199999) steps=30 mode=0 sched=single-bucket delta_t=0 policy=0
rank=1215/1536 dataset=stackoverflow_a2q_tw walkers=50000 (60750000..60799999) steps=30 mode=0 sched=single-bucket delta_t=0 policy=0
rank=1215 loaded data/1536/stackoverflow_a2q_tw.sub1215.txt (|V_local|=1590  t_range=[3984562,239467519])
rank=1215 loaded routing data/1536/stackoverflow_a2q_tw.rt1215.txt (1092 entries)
rank=1215 added 1 boundary-only nodes from routing
rank=1231/1536 dataset=stackoverflow_a2q_tw walkers=50000 (61550000..61599999) steps=30 mode=0 sched=single-bucket delta_t=0 policy=0
rank=1231 loaded data/1536/stackoverflow_a2q_tw.sub1231.txt (|V_local|=1591  t_range=[46188690,239664009])
rank=1231 loaded routing data/1536/stackoverflow_a2q_tw.rt1231.txt (1034 entries)
rank=1221/1536 dataset=stackoverflow_a2q_tw walkers=50000 (61050000..61099999) steps=30 mode=0 sched=single-bucket delta_t=0 policy=0
rank=1221 loaded data/1536/stackoverflow_a2q_tw.sub1221.txt (|V_local|=1590  t_range=[38802915,239620311])
rank=1221 loaded routing data/1536/stackoverflow_a2q_tw.rt1221.txt (1080 entries)
rank=1221 added 2 boundary-only nodes from routing
rank=1232/1536 dataset=stackoverflow_a2q_tw walkers=50000 (61600000..61649999) steps=30 mode=0 sched=single-bucket delta_t=0 policy=0
rank=1232 loaded data/1536/stackoverflow_a2q_tw.sub1232.txt (|V_local|=1650  t_range=[9486914,239500468])
rank=1232 loaded routing data/1536/stackoverflow_a2q_tw.rt1232.txt (937 entries)
rank=1232 added 1 boundary-only nodes from routing
rank=1213/1536 dataset=stackoverflow_a2q_tw walkers=50000 (60650000..60699999) steps=30 mode=0 sched=single-bucket delta_t=0 policy=0
rank=1213 loaded data/1536/stackoverflow_a2q_tw.sub1213.txt (|V_local|=1647  t_range=[7633113,239532058])
rank=1213 loaded routing data/1536/stackoverflow_a2q_tw.rt1213.txt (835 entries)
rank=1213 added 1 boundary-only nodes from routing
rank=1222/1536 dataset=stackoverflow_a2q_tw walkers=50000 (61100000..61149999) steps=30 mode=0 sched=single-bucket delta_t=0 policy=0
rank=1222 loaded data/1536/stackoverflow_a2q_tw.sub1222.txt (|V_local|=1652  t_range=[26716330,239674852])
rank=1222 loaded routing data/1536/stackoverflow_a2q_tw.rt1222.txt (822 entries)
rank=1214/1536 dataset=stackoverflow_a2q_tw walkers=50000 (60700000..60749999) steps=30 mode=0 sched=single-bucket delta_t=0 policy=0
rank=1214 loaded data/1536/stackoverflow_a2q_tw.sub1214.txt (|V_local|=1652  t_range=[34412199,239664542])
rank=1214 loaded routing data/1536/stackoverflow_a2q_tw.rt1214.txt (798 entries)
rank=1212/1536 dataset=stackoverflow_a2q_tw walkers=50000 (60600000..60649999) steps=30 mode=0 sched=single-bucket delta_t=0 policy=0
rank=1212 loaded data/1536/stackoverflow_a2q_tw.sub1212.txt (|V_local|=1590  t_range=[11286551,239647609])
rank=1212 loaded routing data/1536/stackoverflow_a2q_tw.rt1212.txt (1052 entries)
rank=1212 added 2 boundary-only nodes from routing
rank=1244/1536 dataset=stackoverflow_a2q_tw walkers=50000 (62200000..62249999) steps=30 mode=0 sched=single-bucket delta_t=0 policy=0
rank=1244 loaded data/1536/stackoverflow_a2q_tw.sub1244.txt (|V_local|=1587  t_range=[26285003,239589228])
rank=1244 loaded routing data/1536/stackoverflow_a2q_tw.rt1244.txt (1069 entries)
rank=1244 added 2 boundary-only nodes from routing
rank=1216/1536 dataset=stackoverflow_a2q_tw walkers=50000 (60800000..60849999) steps=30 mode=0 sched=single-bucket delta_t=0 policy=0
rank=1216 loaded data/1536/stackoverflow_a2q_tw.sub1216.txt (|V_local|=1649  t_range=[34288540,239663817])
rank=1216 loaded routing data/1536/stackoverflow_a2q_tw.rt1216.txt (785 entries)
rank=1216 added 1 boundary-only nodes from routing
rank=1242/1536 dataset=stackoverflow_a2q_tw walkers=50000 (62100000..62149999) steps=30 mode=0 sched=single-bucket delta_t=0 policy=0
rank=1242 loaded data/1536/stackoverflow_a2q_tw.sub1242.txt (|V_local|=1593  t_range=[24485828,239567450])
rank=1242 loaded routing data/1536/stackoverflow_a2q_tw.rt1242.txt (1100 entries)
rank=1233/1536 dataset=stackoverflow_a2q_tw walkers=50000 (61650000..61699999) steps=30 mode=0 sched=single-bucket delta_t=0 policy=0
rank=1233 loaded data/1536/stackoverflow_a2q_tw.sub1233.txt (|V_local|=1591  t_range=[33573525,239521181])
rank=1233 loaded routing data/1536/stackoverflow_a2q_tw.rt1233.txt (1078 entries)
rank=1233 added 1 boundary-only nodes from routing
rank=1217/1536 dataset=stackoverflow_a2q_tw walkers=50000 (60850000..60899999) steps=30 mode=0 sched=single-bucket delta_t=0 policy=0
rank=1217 loaded data/1536/stackoverflow_a2q_tw.sub1217.txt (|V_local|=1586  t_range=[13952906,239589493])
rank=1217 loaded routing data/1536/stackoverflow_a2q_tw.rt1217.txt (1029 entries)
rank=1217 added 2 boundary-only nodes from routing
rank=1234/1536 dataset=stackoverflow_a2q_tw walkers=50000 (61700000..61749999) steps=30 mode=0 sched=single-bucket delta_t=0 policy=0
rank=1234 loaded data/1536/stackoverflow_a2q_tw.sub1234.txt (|V_local|=1598  t_range=[52314430,239661368])
rank=1234 loaded routing data/1536/stackoverflow_a2q_tw.rt1234.txt (951 entries)
rank=1235/1536 dataset=stackoverflow_a2q_tw walkers=50000 (61750000..61799999) steps=30 mode=0 sched=single-bucket delta_t=0 policy=0
rank=1235 loaded data/1536/stackoverflow_a2q_tw.sub1235.txt (|V_local|=1594  t_range=[18007484,239672505])
rank=1235 loaded routing data/1536/stackoverflow_a2q_tw.rt1235.txt (1027 entries)
rank=1235 added 1 boundary-only nodes from routing
rank=1226/1536 dataset=stackoverflow_a2q_tw walkers=50000 (61300000..61349999) steps=30 mode=0 sched=single-bucket delta_t=0 policy=0
rank=1226 loaded data/1536/stackoverflow_a2q_tw.sub1226.txt (|V_local|=1599  t_range=[7155269,239633017])
rank=1226 loaded routing data/1536/stackoverflow_a2q_tw.rt1226.txt (984 entries)
rank=1229/1536 dataset=stackoverflow_a2q_tw walkers=50000 (61450000..61499999) steps=30 mode=0 sched=single-bucket delta_t=0 policy=0
rank=1229 loaded data/1536/stackoverflow_a2q_tw.sub1229.txt (|V_local|=1651  t_range=[57223598,239561574])
rank=1229 loaded routing data/1536/stackoverflow_a2q_tw.rt1229.txt (1125 entries)
rank=1236/1536 dataset=stackoverflow_a2q_tw walkers=50000 (61800000..61849999) steps=30 mode=0 sched=single-bucket delta_t=0 policy=0
rank=1236 loaded data/1536/stackoverflow_a2q_tw.sub1236.txt (|V_local|=1592  t_range=[42505371,239337428])
rank=1236 loaded routing data/1536/stackoverflow_a2q_tw.rt1236.txt (1099 entries)
rank=1236 added 1 boundary-only nodes from routing
rank=1237/1536 dataset=stackoverflow_a2q_tw walkers=50000 (61850000..61899999) steps=30 mode=0 sched=single-bucket delta_t=0 policy=0
rank=1237 loaded data/1536/stackoverflow_a2q_tw.sub1237.txt (|V_local|=1599  t_range=[11817553,239544424])
rank=1237 loaded routing data/1536/stackoverflow_a2q_tw.rt1237.txt (1055 entries)
rank=1237 added 1 boundary-only nodes from routing
rank=1218/1536 dataset=stackoverflow_a2q_tw walkers=50000 (60900000..60949999) steps=30 mode=0 sched=single-bucket delta_t=0 policy=0
rank=1218 loaded data/1536/stackoverflow_a2q_tw.sub1218.txt (|V_local|=1585  t_range=[33245565,239638621])
rank=1218 loaded routing data/1536/stackoverflow_a2q_tw.rt1218.txt (1090 entries)
rank=1218 added 3 boundary-only nodes from routing
rank=1245/1536 dataset=stackoverflow_a2q_tw walkers=50000 (62250000..62299999) steps=30 mode=0 sched=single-bucket delta_t=0 policy=0
rank=1245 loaded data/1536/stackoverflow_a2q_tw.sub1245.txt (|V_local|=1584  t_range=[31965666,239641792])
rank=1245 loaded routing data/1536/stackoverflow_a2q_tw.rt1245.txt (965 entries)
rank=1245 added 2 boundary-only nodes from routing
rank=1225/1536 dataset=stackoverflow_a2q_tw walkers=50000 (61250000..61299999) steps=30 mode=0 sched=single-bucket delta_t=0 policy=0
rank=1225 loaded data/1536/stackoverflow_a2q_tw.sub1225.txt (|V_local|=1649  t_range=[11364874,239659175])
rank=1225 loaded routing data/1536/stackoverflow_a2q_tw.rt1225.txt (1067 entries)
rank=1227/1536 dataset=stackoverflow_a2q_tw walkers=50000 (61350000..61399999) steps=30 mode=0 sched=single-bucket delta_t=0 policy=0
rank=1227 loaded data/1536/stackoverflow_a2q_tw.sub1227.txt (|V_local|=1592  t_range=[20740497,239593361])
rank=1227 loaded routing data/1536/stackoverflow_a2q_tw.rt1227.txt (1045 entries)
rank=1227 added 1 boundary-only nodes from routing
rank=709 loaded data/1536/stackoverflow_a2q_tw.sub709.txt (|V_local|=1587  t_range=[5633559,239671803])
rank=709 loaded routing data/1536/stackoverflow_a2q_tw.rt709.txt (946 entries)
rank=716/1536 dataset=stackoverflow_a2q_tw walkers=50000 (35800000..35849999) steps=30 mode=0 sched=single-bucket delta_t=0 policy=0
rank=716 loaded data/1536/stackoverflow_a2q_tw.sub716.txt (|V_local|=1652  t_range=[6946102,239678637])
rank=716 loaded routing data/1536/stackoverflow_a2q_tw.rt716.txt (842 entries)
rank=719/1536 dataset=stackoverflow_a2q_tw walkers=50000 (35950000..35999999) steps=30 mode=0 sched=single-bucket delta_t=0 policy=0
rank=719 loaded data/1536/stackoverflow_a2q_tw.sub719.txt (|V_local|=1586  t_range=[5467661,239545484])
rank=719 loaded routing data/1536/stackoverflow_a2q_tw.rt719.txt (1038 entries)
rank=719 added 2 boundary-only nodes from routing
rank=454 loaded routing data/1536/stackoverflow_a2q_tw.rt454.txt (1095 entries)
rank=454 added 4 boundary-only nodes from routing
rank=455/1536 dataset=stackoverflow_a2q_tw walkers=50000 (22750000..22799999) steps=30 mode=0 sched=single-bucket delta_t=0 policy=0
rank=455 loaded data/1536/stackoverflow_a2q_tw.sub455.txt (|V_local|=1588  t_range=[3944223,239696167])
rank=455 loaded routing data/1536/stackoverflow_a2q_tw.rt455.txt (1039 entries)
rank=455 added 2 boundary-only nodes from routing
rank=456/1536 dataset=stackoverflow_a2q_tw walkers=50000 (22800000..22849999) steps=30 mode=0 sched=single-bucket delta_t=0 policy=0
rank=456 loaded data/1536/stackoverflow_a2q_tw.sub456.txt (|V_local|=1596  t_range=[1874203,239584150])
rank=456 loaded routing data/1536/stackoverflow_a2q_tw.rt456.txt (922 entries)
rank=456 added 1 boundary-only nodes from routing
rank=432/1536 dataset=stackoverflow_a2q_tw walkers=50000 (21600000..21649999) steps=30 mode=0 sched=single-bucket delta_t=0 policy=0
rank=432 loaded data/1536/stackoverflow_a2q_tw.sub432.txt (|V_local|=1576  t_range=[4574776,239640076])
rank=432 loaded routing data/1536/stackoverflow_a2q_tw.rt432.txt (1060 entries)
rank=432 added 7 boundary-only nodes from routing
rank=765/1536 dataset=stackoverflow_a2q_tw walkers=50000 (38250000..38299999) steps=30 mode=0 sched=single-bucket delta_t=0 policy=0
rank=765 loaded data/1536/stackoverflow_a2q_tw.sub765.txt (|V_local|=1588  t_range=[5697052,239642555])
rank=765 loaded routing data/1536/stackoverflow_a2q_tw.rt765.txt (1034 entries)
rank=765 added 2 boundary-only nodes from routing
rank=759/1536 dataset=stackoverflow_a2q_tw walkers=50000 (37950000..37999999) steps=30 mode=0 sched=single-bucket delta_t=0 policy=0
rank=759 loaded data/1536/stackoverflow_a2q_tw.sub759.txt (|V_local|=1587  t_range=[4114389,239691796])
rank=759 loaded routing data/1536/stackoverflow_a2q_tw.rt759.txt (1108 entries)
rank=759 added 3 boundary-only nodes from routing
rank=756/1536 dataset=stackoverflow_a2q_tw walkers=50000 (37800000..37849999) steps=30 mode=0 sched=single-bucket delta_t=0 policy=0
rank=756 loaded data/1536/stackoverflow_a2q_tw.sub756.txt (|V_local|=1587  t_range=[16175311,239632339])
rank=756 loaded routing data/1536/stackoverflow_a2q_tw.rt756.txt (1021 entries)
rank=756 added 1 boundary-only nodes from routing
rank=745/1536 dataset=stackoverflow_a2q_tw walkers=50000 (37250000..37299999) steps=30 mode=0 sched=single-bucket delta_t=0 policy=0
rank=745 loaded data/1536/stackoverflow_a2q_tw.sub745.txt (|V_local|=1590  t_range=[18661257,239676287])
rank=745 loaded routing data/1536/stackoverflow_a2q_tw.rt745.txt (1110 entries)
rank=749/1536 dataset=stackoverflow_a2q_tw walkers=50000 (37450000..37499999) steps=30 mode=0 sched=single-bucket delta_t=0 policy=0
rank=749 loaded data/1536/stackoverflow_a2q_tw.sub749.txt (|V_local|=1587  t_range=[4304381,239585653])
rank=749 loaded routing data/1536/stackoverflow_a2q_tw.rt749.txt (1076 entries)
rank=749 added 1 boundary-only nodes from routing
rank=741/1536 dataset=stackoverflow_a2q_tw walkers=50000 (37050000..37099999) steps=30 mode=0 sched=single-bucket delta_t=0 policy=0
rank=741 loaded data/1536/stackoverflow_a2q_tw.sub741.txt (|V_local|=1591  t_range=[391430,239653242])
rank=741 loaded routing data/1536/stackoverflow_a2q_tw.rt741.txt (1032 entries)
rank=757/1536 dataset=stackoverflow_a2q_tw walkers=50000 (37850000..37899999) steps=30 mode=0 sched=single-bucket delta_t=0 policy=0
rank=757 loaded data/1536/stackoverflow_a2q_tw.sub757.txt (|V_local|=1593  t_range=[11716960,239614477])
rank=757 loaded routing data/1536/stackoverflow_a2q_tw.rt757.txt (863 entries)
rank=108/1536 dataset=stackoverflow_a2q_tw walkers=50000 (5400000..5449999) steps=30 mode=0 sched=single-bucket delta_t=0 policy=0
rank=108 loaded data/1536/stackoverflow_a2q_tw.sub108.txt (|V_local|=1589  t_range=[8887723,239673669])
rank=108 loaded routing data/1536/stackoverflow_a2q_tw.rt108.txt (1041 entries)
rank=108 added 2 boundary-only nodes from routing
rank=227/1536 dataset=stackoverflow_a2q_tw walkers=50000 (11350000..11399999) steps=30 mode=0 sched=single-bucket delta_t=0 policy=0
rank=227 loaded data/1536/stackoverflow_a2q_tw.sub227.txt (|V_local|=1619  t_range=[24233808,239616721])
rank=227 loaded routing data/1536/stackoverflow_a2q_tw.rt227.txt (1030 entries)
rank=192/1536 dataset=stackoverflow_a2q_tw walkers=50000 (9600000..9649999) steps=30 mode=0 sched=single-bucket delta_t=0 policy=0
rank=192 loaded data/1536/stackoverflow_a2q_tw.sub192.txt (|V_local|=1590  t_range=[9064688,239582345])
rank=192 loaded routing data/1536/stackoverflow_a2q_tw.rt192.txt (1103 entries)
rank=192 added 4 boundary-only nodes from routing
rank=223/1536 dataset=stackoverflow_a2q_tw walkers=50000 (11150000..11199999) steps=30 mode=0 sched=single-bucket delta_t=0 policy=0
rank=223 loaded data/1536/stackoverflow_a2q_tw.sub223.txt (|V_local|=1586  t_range=[31509804,239693166])
rank=223 loaded routing data/1536/stackoverflow_a2q_tw.rt223.txt (1128 entries)
rank=223 added 2 boundary-only nodes from routing
rank=226/1536 dataset=stackoverflow_a2q_tw walkers=50000 (11300000..11349999) steps=30 mode=0 sched=single-bucket delta_t=0 policy=0
rank=226 loaded data/1536/stackoverflow_a2q_tw.sub226.txt (|V_local|=1586  t_range=[19679748,239655612])
rank=226 loaded routing data/1536/stackoverflow_a2q_tw.rt226.txt (1123 entries)
rank=226 added 2 boundary-only nodes from routing
rank=209/1536 dataset=stackoverflow_a2q_tw walkers=50000 (10450000..10499999) steps=30 mode=0 sched=single-bucket delta_t=0 policy=0
rank=209 loaded data/1536/stackoverflow_a2q_tw.sub209.txt (|V_local|=1597  t_range=[4208532,239584987])
rank=209 loaded routing data/1536/stackoverflow_a2q_tw.rt209.txt (1133 entries)
rank=209 added 1 boundary-only nodes from routing
rank=204/1536 dataset=stackoverflow_a2q_tw walkers=50000 (10200000..10249999) steps=30 mode=0 sched=single-bucket delta_t=0 policy=0
rank=204 loaded data/1536/stackoverflow_a2q_tw.sub204.txt (|V_local|=1584  t_range=[36194686,239563531])
rank=204 loaded routing data/1536/stackoverflow_a2q_tw.rt204.txt (1024 entries)
rank=210/1536 dataset=stackoverflow_a2q_tw walkers=50000 (10500000..10549999) steps=30 mode=0 sched=single-bucket delta_t=0 policy=0
rank=210 loaded data/1536/stackoverflow_a2q_tw.sub210.txt (|V_local|=1619  t_range=[7581502,239694365])
rank=210 loaded routing data/1536/stackoverflow_a2q_tw.rt210.txt (959 entries)
rank=15/1536 dataset=stackoverflow_a2q_tw walkers=50000 (750000..799999) steps=30 mode=0 sched=single-bucket delta_t=0 policy=0
rank=15 loaded data/1536/stackoverflow_a2q_tw.sub15.txt (|V_local|=1586  t_range=[21096155,239557940])
rank=15 loaded routing data/1536/stackoverflow_a2q_tw.rt15.txt (1089 entries)
rank=15 added 2 boundary-only nodes from routing
rank=17/1536 dataset=stackoverflow_a2q_tw walkers=50000 (850000..899999) steps=30 mode=0 sched=single-bucket delta_t=0 policy=0
rank=17 loaded data/1536/stackoverflow_a2q_tw.sub17.txt (|V_local|=1589  t_range=[1196136,239685998])
rank=17 loaded routing data/1536/stackoverflow_a2q_tw.rt17.txt (985 entries)
rank=17 added 3 boundary-only nodes from routing
rank=26/1536 dataset=stackoverflow_a2q_tw walkers=50000 (1300000..1349999) steps=30 mode=0 sched=single-bucket delta_t=0 policy=0
rank=26 loaded data/1536/stackoverflow_a2q_tw.sub26.txt (|V_local|=1649  t_range=[4257814,239688720])
rank=26 loaded routing data/1536/stackoverflow_a2q_tw.rt26.txt (838 entries)
rank=26 added 1 boundary-only nodes from routing
rank=39/1536 dataset=stackoverflow_a2q_tw walkers=50000 (1950000..1999999) steps=30 mode=0 sched=single-bucket delta_t=0 policy=0
rank=39 loaded data/1536/stackoverflow_a2q_tw.sub39.txt (|V_local|=1590  t_range=[19727854,239504457])
rank=39 loaded routing data/1536/stackoverflow_a2q_tw.rt39.txt (976 entries)
rank=39 added 1 boundary-only nodes from routing
rank=37/1536 dataset=stackoverflow_a2q_tw walkers=50000 (1850000..1899999) steps=30 mode=0 sched=single-bucket delta_t=0 policy=0
rank=37 loaded data/1536/stackoverflow_a2q_tw.sub37.txt (|V_local|=1589  t_range=[3624291,239583057])
rank=37 loaded routing data/1536/stackoverflow_a2q_tw.rt37.txt (1083 entries)
rank=34/1536 dataset=stackoverflow_a2q_tw walkers=50000 (1700000..1749999) steps=30 mode=0 sched=single-bucket delta_t=0 policy=0
rank=34 loaded data/1536/stackoverflow_a2q_tw.sub34.txt (|V_local|=1588  t_range=[11934350,239685846])
rank=34 loaded routing data/1536/stackoverflow_a2q_tw.rt34.txt (1034 entries)
rank=34 added 1 boundary-only nodes from routing
rank=12/1536 dataset=stackoverflow_a2q_tw walkers=50000 (600000..649999) steps=30 mode=0 sched=single-bucket delta_t=0 policy=0
rank=12 loaded data/1536/stackoverflow_a2q_tw.sub12.txt (|V_local|=1590  t_range=[26424614,239675730])
rank=12 loaded routing data/1536/stackoverflow_a2q_tw.rt12.txt (1064 entries)
rank=12 added 2 boundary-only nodes from routing
rank=0/1536 dataset=stackoverflow_a2q_tw walkers=50000 (0..49999) steps=30 mode=0 sched=single-bucket delta_t=0 policy=0
rank=0 loaded data/1536/stackoverflow_a2q_tw.sub0.txt (|V_local|=1589  t_range=[10317840,239666194])
rank=0 loaded routing data/1536/stackoverflow_a2q_tw.rt0.txt (928 entries)
PHASE compute=0.6313 exchange=2.4094 allreduce=0.5053 emb_xchg=0.0000 s  comm_frac=82.2% [p=1536 mode=fused]
E1 cross-rank pairs: 252206275/413986603 (60.92%) [p=1536]
rank=0 elapsed=2.923660s sched=single-bucket delta_t=0 total_walkers=76800000
rank=21/1536 dataset=stackoverflow_a2q_tw walkers=50000 (1050000..1099999) steps=30 mode=0 sched=single-bucket delta_t=0 policy=0
rank=21 loaded data/1536/stackoverflow_a2q_tw.sub21.txt (|V_local|=1590  t_range=[3663032,239633205])
rank=21 loaded routing data/1536/stackoverflow_a2q_tw.rt21.txt (1070 entries)
rank=35/1536 dataset=stackoverflow_a2q_tw walkers=50000 (1750000..1799999) steps=30 mode=0 sched=single-bucket delta_t=0 policy=0
rank=35 loaded data/1536/stackoverflow_a2q_tw.sub35.txt (|V_local|=1598  t_range=[1712114,239684250])
rank=35 loaded routing data/1536/stackoverflow_a2q_tw.rt35.txt (993 entries)
rank=42/1536 dataset=stackoverflow_a2q_tw walkers=50000 (2100000..2149999) steps=30 mode=0 sched=single-bucket delta_t=0 policy=0
rank=42 loaded data/1536/stackoverflow_a2q_tw.sub42.txt (|V_local|=1584  t_range=[14020053,239604002])
rank=42 loaded routing data/1536/stackoverflow_a2q_tw.rt42.txt (992 entries)
rank=352 loaded data/1536/stackoverflow_a2q_tw.sub352.txt (|V_local|=1592  t_range=[48123933,239695351])
rank=352 loaded routing data/1536/stackoverflow_a2q_tw.rt352.txt (1099 entries)
rank=352 added 1 boundary-only nodes from routing
rank=354/1536 dataset=stackoverflow_a2q_tw walkers=50000 (17700000..17749999) steps=30 mode=0 sched=single-bucket delta_t=0 policy=0
rank=354 loaded data/1536/stackoverflow_a2q_tw.sub354.txt (|V_local|=1587  t_range=[6236163,239652239])
rank=354 loaded routing data/1536/stackoverflow_a2q_tw.rt354.txt (1084 entries)
rank=354 added 2 boundary-only nodes from routing
rank=365/1536 dataset=stackoverflow_a2q_tw walkers=50000 (18250000..18299999) steps=30 mode=0 sched=single-bucket delta_t=0 policy=0
rank=365 loaded data/1536/stackoverflow_a2q_tw.sub365.txt (|V_local|=1592  t_range=[9325409,239657121])
rank=365 loaded routing data/1536/stackoverflow_a2q_tw.rt365.txt (1116 entries)
rank=353/1536 dataset=stackoverflow_a2q_tw walkers=50000 (17650000..17699999) steps=30 mode=0 sched=single-bucket delta_t=0 policy=0
rank=353 loaded data/1536/stackoverflow_a2q_tw.sub353.txt (|V_local|=1601  t_range=[47158697,239692558])
rank=353 loaded routing data/1536/stackoverflow_a2q_tw.rt353.txt (1065 entries)
rank=382/1536 dataset=stackoverflow_a2q_tw walkers=50000 (19100000..19149999) steps=30 mode=0 sched=single-bucket delta_t=0 policy=0
rank=382 loaded data/1536/stackoverflow_a2q_tw.sub382.txt (|V_local|=1597  t_range=[13553491,239689517])
rank=382 loaded routing data/1536/stackoverflow_a2q_tw.rt382.txt (1005 entries)
rank=382 added 1 boundary-only nodes from routing
rank=191/1536 dataset=stackoverflow_a2q_tw walkers=50000 (9550000..9599999) steps=30 mode=0 sched=single-bucket delta_t=0 policy=0
rank=191 loaded data/1536/stackoverflow_a2q_tw.sub191.txt (|V_local|=1625  t_range=[4720658,239662043])
rank=191 loaded routing data/1536/stackoverflow_a2q_tw.rt191.txt (966 entries)
rank=169/1536 dataset=stackoverflow_a2q_tw walkers=50000 (8450000..8499999) steps=30 mode=0 sched=single-bucket delta_t=0 policy=0
rank=169 loaded data/1536/stackoverflow_a2q_tw.sub169.txt (|V_local|=1595  t_range=[3984470,239659192])
rank=169 loaded routing data/1536/stackoverflow_a2q_tw.rt169.txt (1088 entries)
rank=181/1536 dataset=stackoverflow_a2q_tw walkers=50000 (9050000..9099999) steps=30 mode=0 sched=single-bucket delta_t=0 policy=0
rank=181 loaded data/1536/stackoverflow_a2q_tw.sub181.txt (|V_local|=1651  t_range=[37039408,239559028])
rank=181 loaded routing data/1536/stackoverflow_a2q_tw.rt181.txt (929 entries)
rank=181 added 1 boundary-only nodes from routing
rank=161/1536 dataset=stackoverflow_a2q_tw walkers=50000 (8050000..8099999) steps=30 mode=0 sched=single-bucket delta_t=0 policy=0
rank=161 loaded data/1536/stackoverflow_a2q_tw.sub161.txt (|V_local|=1610  t_range=[2496671,239664251])
rank=161 loaded routing data/1536/stackoverflow_a2q_tw.rt161.txt (948 entries)
rank=183/1536 dataset=stackoverflow_a2q_tw walkers=50000 (9150000..9199999) steps=30 mode=0 sched=single-bucket delta_t=0 policy=0
rank=183 loaded data/1536/stackoverflow_a2q_tw.sub183.txt (|V_local|=1588  t_range=[22638020,239646338])
rank=183 loaded routing data/1536/stackoverflow_a2q_tw.rt183.txt (1062 entries)
rank=178/1536 dataset=stackoverflow_a2q_tw walkers=50000 (8900000..8949999) steps=30 mode=0 sched=single-bucket delta_t=0 policy=0
rank=178 loaded data/1536/stackoverflow_a2q_tw.sub178.txt (|V_local|=1584  t_range=[4560919,239645088])
rank=178 loaded routing data/1536/stackoverflow_a2q_tw.rt178.txt (1073 entries)
rank=178 added 1 boundary-only nodes from routing
rank=185/1536 dataset=stackoverflow_a2q_tw walkers=50000 (9250000..9299999) steps=30 mode=0 sched=single-bucket delta_t=0 policy=0
rank=185 loaded data/1536/stackoverflow_a2q_tw.sub185.txt (|V_local|=1588  t_range=[38081073,239561150])
rank=185 loaded routing data/1536/stackoverflow_a2q_tw.rt185.txt (1061 entries)
rank=154/1536 dataset=stackoverflow_a2q_tw walkers=50000 (7700000..7749999) steps=30 mode=0 sched=single-bucket delta_t=0 policy=0
rank=154 loaded data/1536/stackoverflow_a2q_tw.sub154.txt (|V_local|=1585  t_range=[26411525,239656837])
rank=154 loaded routing data/1536/stackoverflow_a2q_tw.rt154.txt (1026 entries)
rank=186/1536 dataset=stackoverflow_a2q_tw walkers=50000 (9300000..9349999) steps=30 mode=0 sched=single-bucket delta_t=0 policy=0
rank=186 loaded data/1536/stackoverflow_a2q_tw.sub186.txt (|V_local|=1590  t_range=[3964897,239658737])
rank=186 loaded routing data/1536/stackoverflow_a2q_tw.rt186.txt (1128 entries)
rank=186 added 1 boundary-only nodes from routing
rank=184/1536 dataset=stackoverflow_a2q_tw walkers=50000 (9200000..9249999) steps=30 mode=0 sched=single-bucket delta_t=0 policy=0
rank=184 loaded data/1536/stackoverflow_a2q_tw.sub184.txt (|V_local|=1591  t_range=[9488284,239670727])
rank=184 loaded routing data/1536/stackoverflow_a2q_tw.rt184.txt (968 entries)
rank=147/1536 dataset=stackoverflow_a2q_tw walkers=50000 (7350000..7399999) steps=30 mode=0 sched=single-bucket delta_t=0 policy=0
rank=147 loaded data/1536/stackoverflow_a2q_tw.sub147.txt (|V_local|=1592  t_range=[27613239,239308607])
rank=147 loaded routing data/1536/stackoverflow_a2q_tw.rt147.txt (1088 entries)
rank=147 added 3 boundary-only nodes from routing
rank=171/1536 dataset=stackoverflow_a2q_tw walkers=50000 (8550000..8599999) steps=30 mode=0 sched=single-bucket delta_t=0 policy=0
rank=171 loaded data/1536/stackoverflow_a2q_tw.sub171.txt (|V_local|=1591  t_range=[20691120,239627903])
rank=171 loaded routing data/1536/stackoverflow_a2q_tw.rt171.txt (1096 entries)
rank=171 added 4 boundary-only nodes from routing
rank=167/1536 dataset=stackoverflow_a2q_tw walkers=50000 (8350000..8399999) steps=30 mode=0 sched=single-bucket delta_t=0 policy=0
rank=167 loaded data/1536/stackoverflow_a2q_tw.sub167.txt (|V_local|=1649  t_range=[12093995,239481494])
rank=167 loaded routing data/1536/stackoverflow_a2q_tw.rt167.txt (928 entries)
rank=162/1536 dataset=stackoverflow_a2q_tw walkers=50000 (8100000..8149999) steps=30 mode=0 sched=single-bucket delta_t=0 policy=0
rank=162 loaded data/1536/stackoverflow_a2q_tw.sub162.txt (|V_local|=1587  t_range=[4204875,239667842])
rank=162 loaded routing data/1536/stackoverflow_a2q_tw.rt162.txt (1058 entries)
rank=162 added 1 boundary-only nodes from routing
rank=152/1536 dataset=stackoverflow_a2q_tw walkers=50000 (7600000..7649999) steps=30 mode=0 sched=single-bucket delta_t=0 policy=0
rank=152 loaded data/1536/stackoverflow_a2q_tw.sub152.txt (|V_local|=1591  t_range=[13041527,239681775])
rank=152 loaded routing data/1536/stackoverflow_a2q_tw.rt152.txt (930 entries)
rank=173/1536 dataset=stackoverflow_a2q_tw walkers=50000 (8650000..8699999) steps=30 mode=0 sched=single-bucket delta_t=0 policy=0
rank=173 loaded data/1536/stackoverflow_a2q_tw.sub173.txt (|V_local|=1583  t_range=[26332476,239476377])
rank=173 loaded routing data/1536/stackoverflow_a2q_tw.rt173.txt (960 entries)
rank=173 added 1 boundary-only nodes from routing
rank=155/1536 dataset=stackoverflow_a2q_tw walkers=50000 (7750000..7799999) steps=30 mode=0 sched=single-bucket delta_t=0 policy=0
rank=155 loaded data/1536/stackoverflow_a2q_tw.sub155.txt (|V_local|=1586  t_range=[2307424,239691511])
rank=155 loaded routing data/1536/stackoverflow_a2q_tw.rt155.txt (1046 entries)
rank=155 added 1 boundary-only nodes from routing
rank=170/1536 dataset=stackoverflow_a2q_tw walkers=50000 (8500000..8549999) steps=30 mode=0 sched=single-bucket delta_t=0 policy=0
rank=170 loaded data/1536/stackoverflow_a2q_tw.sub170.txt (|V_local|=1589  t_range=[3139523,239643563])
rank=170 loaded routing data/1536/stackoverflow_a2q_tw.rt170.txt (1119 entries)
rank=190/1536 dataset=stackoverflow_a2q_tw walkers=50000 (9500000..9549999) steps=30 mode=0 sched=single-bucket delta_t=0 policy=0
rank=190 loaded data/1536/stackoverflow_a2q_tw.sub190.txt (|V_local|=1618  t_range=[27790361,239604829])
rank=190 loaded routing data/1536/stackoverflow_a2q_tw.rt190.txt (994 entries)
rank=190 added 1 boundary-only nodes from routing
rank=168/1536 dataset=stackoverflow_a2q_tw walkers=50000 (8400000..8449999) steps=30 mode=0 sched=single-bucket delta_t=0 policy=0
rank=168 loaded data/1536/stackoverflow_a2q_tw.sub168.txt (|V_local|=1587  t_range=[7202069,239651807])
rank=168 loaded routing data/1536/stackoverflow_a2q_tw.rt168.txt (1069 entries)
rank=174/1536 dataset=stackoverflow_a2q_tw walkers=50000 (8700000..8749999) steps=30 mode=0 sched=single-bucket delta_t=0 policy=0
rank=174 loaded data/1536/stackoverflow_a2q_tw.sub174.txt (|V_local|=1589  t_range=[4525434,239682601])
rank=174 loaded routing data/1536/stackoverflow_a2q_tw.rt174.txt (939 entries)
rank=174 added 2 boundary-only nodes from routing
rank=182/1536 dataset=stackoverflow_a2q_tw walkers=50000 (9100000..9149999) steps=30 mode=0 sched=single-bucket delta_t=0 policy=0
rank=182 loaded data/1536/stackoverflow_a2q_tw.sub182.txt (|V_local|=1651  t_range=[9594623,239329667])
rank=182 loaded routing data/1536/stackoverflow_a2q_tw.rt182.txt (1017 entries)
rank=187/1536 dataset=stackoverflow_a2q_tw walkers=50000 (9350000..9399999) steps=30 mode=0 sched=single-bucket delta_t=0 policy=0
rank=187 loaded data/1536/stackoverflow_a2q_tw.sub187.txt (|V_local|=1602  t_range=[38616009,239696950])
rank=187 loaded routing data/1536/stackoverflow_a2q_tw.rt187.txt (1082 entries)
rank=144/1536 dataset=stackoverflow_a2q_tw walkers=50000 (7200000..7249999) steps=30 mode=0 sched=single-bucket delta_t=0 policy=0
rank=144 loaded data/1536/stackoverflow_a2q_tw.sub144.txt (|V_local|=1586  t_range=[9583178,239566321])
rank=144 loaded routing data/1536/stackoverflow_a2q_tw.rt144.txt (1030 entries)
rank=1318/1536 dataset=stackoverflow_a2q_tw walkers=50000 (65900000..65949999) steps=30 mode=0 sched=single-bucket delta_t=0 policy=0
rank=1318 loaded data/1536/stackoverflow_a2q_tw.sub1318.txt (|V_local|=1590  t_range=[5840016,239675646])
rank=1318 loaded routing data/1536/stackoverflow_a2q_tw.rt1318.txt (1010 entries)
rank=1325/1536 dataset=stackoverflow_a2q_tw walkers=50000 (66250000..66299999) steps=30 mode=0 sched=single-bucket delta_t=0 policy=0
rank=1325 loaded data/1536/stackoverflow_a2q_tw.sub1325.txt (|V_local|=1592  t_range=[24402413,239614433])
rank=1325 loaded routing data/1536/stackoverflow_a2q_tw.rt1325.txt (1043 entries)
rank=1343/1536 dataset=stackoverflow_a2q_tw walkers=50000 (67150000..67199999) steps=30 mode=0 sched=single-bucket delta_t=0 policy=0
rank=1343 loaded data/1536/stackoverflow_a2q_tw.sub1343.txt (|V_local|=1620  t_range=[19411750,239683135])
rank=1343 loaded routing data/1536/stackoverflow_a2q_tw.rt1343.txt (946 entries)
rank=1343 added 1 boundary-only nodes from routing
rank=1331/1536 dataset=stackoverflow_a2q_tw walkers=50000 (66550000..66599999) steps=30 mode=0 sched=single-bucket delta_t=0 policy=0
rank=1331 loaded data/1536/stackoverflow_a2q_tw.sub1331.txt (|V_local|=1647  t_range=[56303474,239565056])
rank=1331 loaded routing data/1536/stackoverflow_a2q_tw.rt1331.txt (1114 entries)
rank=1335/1536 dataset=stackoverflow_a2q_tw walkers=50000 (66750000..66799999) steps=30 mode=0 sched=single-bucket delta_t=0 policy=0
rank=1335 loaded data/1536/stackoverflow_a2q_tw.sub1335.txt (|V_local|=1583  t_range=[28791285,239697927])
rank=1335 loaded routing data/1536/stackoverflow_a2q_tw.rt1335.txt (989 entries)
rank=1335 added 2 boundary-only nodes from routing
rank=1296/1536 dataset=stackoverflow_a2q_tw walkers=50000 (64800000..64849999) steps=30 mode=0 sched=single-bucket delta_t=0 policy=0
rank=1296 loaded data/1536/stackoverflow_a2q_tw.sub1296.txt (|V_local|=1589  t_range=[7250234,239626925])
rank=1296 loaded routing data/1536/stackoverflow_a2q_tw.rt1296.txt (1085 entries)
rank=1296 added 2 boundary-only nodes from routing
rank=1306/1536 dataset=stackoverflow_a2q_tw walkers=50000 (65300000..65349999) steps=30 mode=0 sched=single-bucket delta_t=0 policy=0
rank=1306 loaded data/1536/stackoverflow_a2q_tw.sub1306.txt (|V_local|=1633  t_range=[7242321,239666060])
rank=1306 loaded routing data/1536/stackoverflow_a2q_tw.rt1306.txt (918 entries)
rank=1306 added 1 boundary-only nodes from routing
rank=1342/1536 dataset=stackoverflow_a2q_tw walkers=50000 (67100000..67149999) steps=30 mode=0 sched=single-bucket delta_t=0 policy=0
rank=1342 loaded data/1536/stackoverflow_a2q_tw.sub1342.txt (|V_local|=1638  t_range=[37232439,239684020])
rank=1342 loaded routing data/1536/stackoverflow_a2q_tw.rt1342.txt (958 entries)
rank=1342 added 1 boundary-only nodes from routing
rank=1311/1536 dataset=stackoverflow_a2q_tw walkers=50000 (65550000..65599999) steps=30 mode=0 sched=single-bucket delta_t=0 policy=0
rank=1311 loaded data/1536/stackoverflow_a2q_tw.sub1311.txt (|V_local|=1585  t_range=[4285235,239657833])
rank=1311 loaded routing data/1536/stackoverflow_a2q_tw.rt1311.txt (1035 entries)
rank=1311 added 1 boundary-only nodes from routing
rank=1330/1536 dataset=stackoverflow_a2q_tw walkers=50000 (66500000..66549999) steps=30 mode=0 sched=single-bucket delta_t=0 policy=0
rank=1330 loaded data/1536/stackoverflow_a2q_tw.sub1330.txt (|V_local|=1646  t_range=[72677546,239638341])
rank=1330 loaded routing data/1536/stackoverflow_a2q_tw.rt1330.txt (1094 entries)
rank=1341/1536 dataset=stackoverflow_a2q_tw walkers=50000 (67050000..67099999) steps=30 mode=0 sched=single-bucket delta_t=0 policy=0
rank=1341 loaded data/1536/stackoverflow_a2q_tw.sub1341.txt (|V_local|=1587  t_range=[32913537,239660523])
rank=1341 loaded routing data/1536/stackoverflow_a2q_tw.rt1341.txt (1012 entries)
rank=1333/1536 dataset=stackoverflow_a2q_tw walkers=50000 (66650000..66699999) steps=30 mode=0 sched=single-bucket delta_t=0 policy=0
rank=1333 loaded data/1536/stackoverflow_a2q_tw.sub1333.txt (|V_local|=1624  t_range=[4726866,239582067])
rank=1333 loaded routing data/1536/stackoverflow_a2q_tw.rt1333.txt (921 entries)
rank=1314/1536 dataset=stackoverflow_a2q_tw walkers=50000 (65700000..65749999) steps=30 mode=0 sched=single-bucket delta_t=0 policy=0
rank=1314 loaded data/1536/stackoverflow_a2q_tw.sub1314.txt (|V_local|=1592  t_range=[16370727,239685965])
rank=1314 loaded routing data/1536/stackoverflow_a2q_tw.rt1314.txt (1033 entries)
rank=1334/1536 dataset=stackoverflow_a2q_tw walkers=50000 (66700000..66749999) steps=30 mode=0 sched=single-bucket delta_t=0 policy=0
rank=1334 loaded data/1536/stackoverflow_a2q_tw.sub1334.txt (|V_local|=1589  t_range=[5662112,239560288])
rank=1334 loaded routing data/1536/stackoverflow_a2q_tw.rt1334.txt (1015 entries)
rank=1334 added 1 boundary-only nodes from routing
rank=1323/1536 dataset=stackoverflow_a2q_tw walkers=50000 (66150000..66199999) steps=30 mode=0 sched=single-bucket delta_t=0 policy=0
rank=1323 loaded data/1536/stackoverflow_a2q_tw.sub1323.txt (|V_local|=1595  t_range=[4138236,239654553])
rank=1323 loaded routing data/1536/stackoverflow_a2q_tw.rt1323.txt (1096 entries)
rank=1322/1536 dataset=stackoverflow_a2q_tw walkers=50000 (66100000..66149999) steps=30 mode=0 sched=single-bucket delta_t=0 policy=0
rank=1322 loaded data/1536/stackoverflow_a2q_tw.sub1322.txt (|V_local|=1648  t_range=[41896315,239690641])
rank=1322 loaded routing data/1536/stackoverflow_a2q_tw.rt1322.txt (795 entries)
rank=1329/1536 dataset=stackoverflow_a2q_tw walkers=50000 (66450000..66499999) steps=30 mode=0 sched=single-bucket delta_t=0 policy=0
rank=1329 loaded data/1536/stackoverflow_a2q_tw.sub1329.txt (|V_local|=1594  t_range=[48383791,239560598])
rank=1329 loaded routing data/1536/stackoverflow_a2q_tw.rt1329.txt (1072 entries)
rank=1339/1536 dataset=stackoverflow_a2q_tw walkers=50000 (66950000..66999999) steps=30 mode=0 sched=single-bucket delta_t=0 policy=0
rank=1339 loaded data/1536/stackoverflow_a2q_tw.sub1339.txt (|V_local|=1586  t_range=[31878694,239605384])
rank=1339 loaded routing data/1536/stackoverflow_a2q_tw.rt1339.txt (1002 entries)
rank=1339 added 1 boundary-only nodes from routing
rank=1338/1536 dataset=stackoverflow_a2q_tw walkers=50000 (66900000..66949999) steps=30 mode=0 sched=single-bucket delta_t=0 policy=0
rank=1338 loaded data/1536/stackoverflow_a2q_tw.sub1338.txt (|V_local|=1580  t_range=[34783379,239573950])
rank=1338 loaded routing data/1536/stackoverflow_a2q_tw.rt1338.txt (1072 entries)
rank=1298/1536 dataset=stackoverflow_a2q_tw walkers=50000 (64900000..64949999) steps=30 mode=0 sched=single-bucket delta_t=0 policy=0
rank=1298 loaded data/1536/stackoverflow_a2q_tw.sub1298.txt (|V_local|=1588  t_range=[9493745,239644681])
rank=1298 loaded routing data/1536/stackoverflow_a2q_tw.rt1298.txt (1081 entries)
rank=1332/1536 dataset=stackoverflow_a2q_tw walkers=50000 (66600000..66649999) steps=30 mode=0 sched=single-bucket delta_t=0 policy=0
rank=1332 loaded data/1536/stackoverflow_a2q_tw.sub1332.txt (|V_local|=1583  t_range=[16234497,239664968])
rank=1332 loaded routing data/1536/stackoverflow_a2q_tw.rt1332.txt (1072 entries)
rank=1332 added 1 boundary-only nodes from routing
rank=1336/1536 dataset=stackoverflow_a2q_tw walkers=50000 (66800000..66849999) steps=30 mode=0 sched=single-bucket delta_t=0 policy=0
rank=1336 loaded data/1536/stackoverflow_a2q_tw.sub1336.txt (|V_local|=1589  t_range=[14966654,239596501])
rank=1336 loaded routing data/1536/stackoverflow_a2q_tw.rt1336.txt (1092 entries)
rank=1326/1536 dataset=stackoverflow_a2q_tw walkers=50000 (66300000..66349999) steps=30 mode=0 sched=single-bucket delta_t=0 policy=0
rank=1326 loaded data/1536/stackoverflow_a2q_tw.sub1326.txt (|V_local|=1588  t_range=[2906914,239601256])
rank=1326 loaded routing data/1536/stackoverflow_a2q_tw.rt1326.txt (1056 entries)
rank=1326 added 1 boundary-only nodes from routing
rank=1046/1536 dataset=stackoverflow_a2q_tw walkers=50000 (52300000..52349999) steps=30 mode=0 sched=single-bucket delta_t=0 policy=0
rank=1046 loaded data/1536/stackoverflow_a2q_tw.sub1046.txt (|V_local|=1651  t_range=[4582127,239688078])
rank=1046 loaded routing data/1536/stackoverflow_a2q_tw.rt1046.txt (1112 entries)
rank=1048/1536 dataset=stackoverflow_a2q_tw walkers=50000 (52400000..52449999) steps=30 mode=0 sched=single-bucket delta_t=0 policy=0
rank=1048 loaded data/1536/stackoverflow_a2q_tw.sub1048.txt (|V_local|=1648  t_range=[37203275,239638881])
rank=1048 loaded routing data/1536/stackoverflow_a2q_tw.rt1048.txt (1070 entries)
rank=1048 added 2 boundary-only nodes from routing
rank=1054/1536 dataset=stackoverflow_a2q_tw walkers=50000 (52700000..52749999) steps=30 mode=0 sched=single-bucket delta_t=0 policy=0
rank=1054 loaded data/1536/stackoverflow_a2q_tw.sub1054.txt (|V_local|=1589  t_range=[16363672,239672894])
rank=1054 loaded routing data/1536/stackoverflow_a2q_tw.rt1054.txt (1049 entries)
rank=1054 added 1 boundary-only nodes from routing
rank=1032/1536 dataset=stackoverflow_a2q_tw walkers=50000 (51600000..51649999) steps=30 mode=0 sched=single-bucket delta_t=0 policy=0
rank=1032 loaded data/1536/stackoverflow_a2q_tw.sub1032.txt (|V_local|=1588  t_range=[3965388,239607860])
rank=1032 loaded routing data/1536/stackoverflow_a2q_tw.rt1032.txt (981 entries)
rank=1032 added 1 boundary-only nodes from routing
rank=1051/1536 dataset=stackoverflow_a2q_tw walkers=50000 (52550000..52599999) steps=30 mode=0 sched=single-bucket delta_t=0 policy=0
rank=1051 loaded data/1536/stackoverflow_a2q_tw.sub1051.txt (|V_local|=1594  t_range=[3876828,239678124])
rank=1051 loaded routing data/1536/stackoverflow_a2q_tw.rt1051.txt (1084 entries)
rank=1051 added 1 boundary-only nodes from routing
rank=1044/1536 dataset=stackoverflow_a2q_tw walkers=50000 (52200000..52249999) steps=30 mode=0 sched=single-bucket delta_t=0 policy=0
rank=1044 loaded data/1536/stackoverflow_a2q_tw.sub1044.txt (|V_local|=1592  t_range=[22170729,239663058])
rank=1044 loaded routing data/1536/stackoverflow_a2q_tw.rt1044.txt (1097 entries)
rank=1034/1536 dataset=stackoverflow_a2q_tw walkers=50000 (51700000..51749999) steps=30 mode=0 sched=single-bucket delta_t=0 policy=0
rank=1034 loaded data/1536/stackoverflow_a2q_tw.sub1034.txt (|V_local|=1646  t_range=[4625149,239668246])
rank=1034 loaded routing data/1536/stackoverflow_a2q_tw.rt1034.txt (937 entries)
rank=1034 added 1 boundary-only nodes from routing
rank=1042/1536 dataset=stackoverflow_a2q_tw walkers=50000 (52100000..52149999) steps=30 mode=0 sched=single-bucket delta_t=0 policy=0
rank=1042 loaded data/1536/stackoverflow_a2q_tw.sub1042.txt (|V_local|=1649  t_range=[40329547,239639019])
rank=1042 loaded routing data/1536/stackoverflow_a2q_tw.rt1042.txt (908 entries)
rank=1042 added 3 boundary-only nodes from routing
rank=1053/1536 dataset=stackoverflow_a2q_tw walkers=50000 (52650000..52699999) steps=30 mode=0 sched=single-bucket delta_t=0 policy=0
rank=1053 loaded data/1536/stackoverflow_a2q_tw.sub1053.txt (|V_local|=1585  t_range=[8889716,239671529])
rank=1053 loaded routing data/1536/stackoverflow_a2q_tw.rt1053.txt (1001 entries)
rank=1049/1536 dataset=stackoverflow_a2q_tw walkers=50000 (52450000..52499999) steps=30 mode=0 sched=single-bucket delta_t=0 policy=0
rank=1049 loaded data/1536/stackoverflow_a2q_tw.sub1049.txt (|V_local|=1651  t_range=[21128396,239647857])
rank=1049 loaded routing data/1536/stackoverflow_a2q_tw.rt1049.txt (990 entries)
rank=1045/1536 dataset=stackoverflow_a2q_tw walkers=50000 (52250000..52299999) steps=30 mode=0 sched=single-bucket delta_t=0 policy=0
rank=1045 loaded data/1536/stackoverflow_a2q_tw.sub1045.txt (|V_local|=1649  t_range=[32375313,239628419])
rank=1045 loaded routing data/1536/stackoverflow_a2q_tw.rt1045.txt (982 entries)
rank=1041/1536 dataset=stackoverflow_a2q_tw walkers=50000 (52050000..52099999) steps=30 mode=0 sched=single-bucket delta_t=0 policy=0
rank=1041 loaded data/1536/stackoverflow_a2q_tw.sub1041.txt (|V_local|=1588  t_range=[3003984,239631536])
rank=1041 loaded routing data/1536/stackoverflow_a2q_tw.rt1041.txt (1066 entries)
rank=1041 added 1 boundary-only nodes from routing
rank=1019/1536 dataset=stackoverflow_a2q_tw walkers=50000 (50950000..50999999) steps=30 mode=0 sched=single-bucket delta_t=0 policy=0
rank=1019 loaded data/1536/stackoverflow_a2q_tw.sub1019.txt (|V_local|=1594  t_range=[5251326,239695214])
rank=1019 loaded routing data/1536/stackoverflow_a2q_tw.rt1019.txt (986 entries)
rank=1019 added 1 boundary-only nodes from routing
rank=1025/1536 dataset=stackoverflow_a2q_tw walkers=50000 (51250000..51299999) steps=30 mode=0 sched=single-bucket delta_t=0 policy=0
rank=1025 loaded data/1536/stackoverflow_a2q_tw.sub1025.txt (|V_local|=1595  t_range=[34264336,239672530])
rank=1025 loaded routing data/1536/stackoverflow_a2q_tw.rt1025.txt (952 entries)
rank=1025 added 4 boundary-only nodes from routing
rank=1033/1536 dataset=stackoverflow_a2q_tw walkers=50000 (51650000..51699999) steps=30 mode=0 sched=single-bucket delta_t=0 policy=0
rank=1033 loaded data/1536/stackoverflow_a2q_tw.sub1033.txt (|V_local|=1585  t_range=[5239490,239673545])
rank=1033 loaded routing data/1536/stackoverflow_a2q_tw.rt1033.txt (1056 entries)
rank=1033 added 4 boundary-only nodes from routing
rank=1036/1536 dataset=stackoverflow_a2q_tw walkers=50000 (51800000..51849999) steps=30 mode=0 sched=single-bucket delta_t=0 policy=0
rank=1036 loaded data/1536/stackoverflow_a2q_tw.sub1036.txt (|V_local|=1652  t_range=[4024705,239689391])
rank=1036 loaded routing data/1536/stackoverflow_a2q_tw.rt1036.txt (798 entries)
rank=1052/1536 dataset=stackoverflow_a2q_tw walkers=50000 (52600000..52649999) steps=30 mode=0 sched=single-bucket delta_t=0 policy=0
rank=1052 loaded data/1536/stackoverflow_a2q_tw.sub1052.txt (|V_local|=1645  t_range=[14502309,239601726])
rank=1052 loaded routing data/1536/stackoverflow_a2q_tw.rt1052.txt (835 entries)
rank=1052 added 4 boundary-only nodes from routing
rank=1026/1536 dataset=stackoverflow_a2q_tw walkers=50000 (51300000..51349999) steps=30 mode=0 sched=single-bucket delta_t=0 policy=0
rank=1026 loaded data/1536/stackoverflow_a2q_tw.sub1026.txt (|V_local|=1594  t_range=[40271982,239671535])
rank=1026 loaded routing data/1536/stackoverflow_a2q_tw.rt1026.txt (993 entries)
rank=1050/1536 dataset=stackoverflow_a2q_tw walkers=50000 (52500000..52549999) steps=30 mode=0 sched=single-bucket delta_t=0 policy=0
rank=1050 loaded data/1536/stackoverflow_a2q_tw.sub1050.txt (|V_local|=1589  t_range=[7442651,239673578])
rank=1050 loaded routing data/1536/stackoverflow_a2q_tw.rt1050.txt (1069 entries)
rank=1050 added 2 boundary-only nodes from routing
rank=1031/1536 dataset=stackoverflow_a2q_tw walkers=50000 (51550000..51599999) steps=30 mode=0 sched=single-bucket delta_t=0 policy=0
rank=1031 loaded data/1536/stackoverflow_a2q_tw.sub1031.txt (|V_local|=1649  t_range=[31348311,239672889])
rank=1031 loaded routing data/1536/stackoverflow_a2q_tw.rt1031.txt (887 entries)
rank=1031 added 1 boundary-only nodes from routing
rank=1038/1536 dataset=stackoverflow_a2q_tw walkers=50000 (51900000..51949999) steps=30 mode=0 sched=single-bucket delta_t=0 policy=0
rank=1038 loaded data/1536/stackoverflow_a2q_tw.sub1038.txt (|V_local|=1585  t_range=[10792559,239667661])
rank=1038 loaded routing data/1536/stackoverflow_a2q_tw.rt1038.txt (1053 entries)
rank=1038 added 3 boundary-only nodes from routing
rank=1040/1536 dataset=stackoverflow_a2q_tw walkers=50000 (52000000..52049999) steps=30 mode=0 sched=single-bucket delta_t=0 policy=0
rank=1040 loaded data/1536/stackoverflow_a2q_tw.sub1040.txt (|V_local|=1592  t_range=[37919514,239690238])
rank=1040 loaded routing data/1536/stackoverflow_a2q_tw.rt1040.txt (1038 entries)
rank=1008/1536 dataset=stackoverflow_a2q_tw walkers=50000 (50400000..50449999) steps=30 mode=0 sched=single-bucket delta_t=0 policy=0
rank=1008 loaded data/1536/stackoverflow_a2q_tw.sub1008.txt (|V_local|=1651  t_range=[4461127,239689492])
rank=1008 loaded routing data/1536/stackoverflow_a2q_tw.rt1008.txt (902 entries)
rank=1008 added 1 boundary-only nodes from routing
rank=1376/1536 dataset=stackoverflow_a2q_tw walkers=50000 (68800000..68849999) steps=30 mode=0 sched=single-bucket delta_t=0 policy=0
rank=1376 loaded data/1536/stackoverflow_a2q_tw.sub1376.txt (|V_local|=1651  t_range=[20469369,239495206])
rank=1376 loaded routing data/1536/stackoverflow_a2q_tw.rt1376.txt (930 entries)
rank=1376 added 1 boundary-only nodes from routing
rank=1360/1536 dataset=stackoverflow_a2q_tw walkers=50000 (68000000..68049999) steps=30 mode=0 sched=single-bucket delta_t=0 policy=0
rank=1360 loaded data/1536/stackoverflow_a2q_tw.sub1360.txt (|V_local|=1649  t_range=[4209017,239359429])
rank=1360 loaded routing data/1536/stackoverflow_a2q_tw.rt1360.txt (849 entries)
rank=1360 added 3 boundary-only nodes from routing
rank=1384/1536 dataset=stackoverflow_a2q_tw walkers=50000 (69200000..69249999) steps=30 mode=0 sched=single-bucket delta_t=0 policy=0
rank=1384 loaded data/1536/stackoverflow_a2q_tw.sub1384.txt (|V_local|=1652  t_range=[16181316,239561411])
rank=1384 loaded routing data/1536/stackoverflow_a2q_tw.rt1384.txt (996 entries)
rank=1387/1536 dataset=stackoverflow_a2q_tw walkers=50000 (69350000..69399999) steps=30 mode=0 sched=single-bucket delta_t=0 policy=0
rank=1387 loaded data/1536/stackoverflow_a2q_tw.sub1387.txt (|V_local|=1589  t_range=[10407377,239618876])
rank=1387 loaded routing data/1536/stackoverflow_a2q_tw.rt1387.txt (1098 entries)
rank=906 added 2 boundary-only nodes from routing
rank=861/1536 dataset=stackoverflow_a2q_tw walkers=50000 (43050000..43099999) steps=30 mode=0 sched=single-bucket delta_t=0 policy=0
rank=861 loaded data/1536/stackoverflow_a2q_tw.sub861.txt (|V_local|=1594  t_range=[3454249,239544938])
rank=861 loaded routing data/1536/stackoverflow_a2q_tw.rt861.txt (973 entries)
rank=861 added 1 boundary-only nodes from routing
rank=839/1536 dataset=stackoverflow_a2q_tw walkers=50000 (41950000..41999999) steps=30 mode=0 sched=single-bucket delta_t=0 policy=0
rank=839 loaded data/1536/stackoverflow_a2q_tw.sub839.txt (|V_local|=1596  t_range=[4369834,239681447])
rank=839 loaded routing data/1536/stackoverflow_a2q_tw.rt839.txt (972 entries)
rank=853/1536 dataset=stackoverflow_a2q_tw walkers=50000 (42650000..42699999) steps=30 mode=0 sched=single-bucket delta_t=0 policy=0
rank=853 loaded data/1536/stackoverflow_a2q_tw.sub853.txt (|V_local|=1652  t_range=[18539192,239667404])
rank=853 loaded routing data/1536/stackoverflow_a2q_tw.rt853.txt (293 entries)
rank=858/1536 dataset=stackoverflow_a2q_tw walkers=50000 (42900000..42949999) steps=30 mode=0 sched=single-bucket delta_t=0 policy=0
rank=858 loaded data/1536/stackoverflow_a2q_tw.sub858.txt (|V_local|=1581  t_range=[1883547,239671251])
rank=858 loaded routing data/1536/stackoverflow_a2q_tw.rt858.txt (976 entries)
rank=848/1536 dataset=stackoverflow_a2q_tw walkers=50000 (42400000..42449999) steps=30 mode=0 sched=single-bucket delta_t=0 policy=0
rank=848 loaded data/1536/stackoverflow_a2q_tw.sub848.txt (|V_local|=1603  t_range=[2371927,239501456])
rank=848 loaded routing data/1536/stackoverflow_a2q_tw.rt848.txt (912 entries)
rank=848 added 3 boundary-only nodes from routing
rank=850/1536 dataset=stackoverflow_a2q_tw walkers=50000 (42500000..42549999) steps=30 mode=0 sched=single-bucket delta_t=0 policy=0
rank=850 loaded data/1536/stackoverflow_a2q_tw.sub850.txt (|V_local|=1592  t_range=[1510916,239400628])
rank=850 loaded routing data/1536/stackoverflow_a2q_tw.rt850.txt (1067 entries)
rank=863/1536 dataset=stackoverflow_a2q_tw walkers=50000 (43150000..43199999) steps=30 mode=0 sched=single-bucket delta_t=0 policy=0
rank=863 loaded data/1536/stackoverflow_a2q_tw.sub863.txt (|V_local|=1651  t_range=[5604719,239657183])
rank=863 loaded routing data/1536/stackoverflow_a2q_tw.rt863.txt (774 entries)
rank=863 added 1 boundary-only nodes from routing
rank=1103 loaded data/1536/stackoverflow_a2q_tw.sub1103.txt (|V_local|=1632  t_range=[15218422,239697850])
rank=1103 loaded routing data/1536/stackoverflow_a2q_tw.rt1103.txt (1030 entries)
rank=1103 added 1 boundary-only nodes from routing
rank=1102/1536 dataset=stackoverflow_a2q_tw walkers=50000 (55100000..55149999) steps=30 mode=0 sched=single-bucket delta_t=0 policy=0
rank=1102 loaded data/1536/stackoverflow_a2q_tw.sub1102.txt (|V_local|=1604  t_range=[24767882,239692372])
rank=1102 loaded routing data/1536/stackoverflow_a2q_tw.rt1102.txt (1022 entries)
rank=1102 added 3 boundary-only nodes from routing
rank=1076/1536 dataset=stackoverflow_a2q_tw walkers=50000 (53800000..53849999) steps=30 mode=0 sched=single-bucket delta_t=0 policy=0
rank=1076 loaded data/1536/stackoverflow_a2q_tw.sub1076.txt (|V_local|=1591  t_range=[3620027,239625536])
rank=1076 loaded routing data/1536/stackoverflow_a2q_tw.rt1076.txt (1083 entries)
rank=1061/1536 dataset=stackoverflow_a2q_tw walkers=50000 (53050000..53099999) steps=30 mode=0 sched=single-bucket delta_t=0 policy=0
rank=1061 loaded data/1536/stackoverflow_a2q_tw.sub1061.txt (|V_local|=1650  t_range=[41689495,239691052])
rank=1061 loaded routing data/1536/stackoverflow_a2q_tw.rt1061.txt (1002 entries)
rank=1061 added 1 boundary-only nodes from routing
rank=1093/1536 dataset=stackoverflow_a2q_tw walkers=50000 (54650000..54699999) steps=30 mode=0 sched=single-bucket delta_t=0 policy=0
rank=1093 loaded data/1536/stackoverflow_a2q_tw.sub1093.txt (|V_local|=1589  t_range=[6035539,239686225])
rank=1093 loaded routing data/1536/stackoverflow_a2q_tw.rt1093.txt (1049 entries)
rank=1093 added 5 boundary-only nodes from routing
rank=1080/1536 dataset=stackoverflow_a2q_tw walkers=50000 (54000000..54049999) steps=30 mode=0 sched=single-bucket delta_t=0 policy=0
rank=1080 loaded data/1536/stackoverflow_a2q_tw.sub1080.txt (|V_local|=1578  t_range=[9655369,239688748])
rank=1080 loaded routing data/1536/stackoverflow_a2q_tw.rt1080.txt (1075 entries)
rank=1091/1536 dataset=stackoverflow_a2q_tw walkers=50000 (54550000..54599999) steps=30 mode=0 sched=single-bucket delta_t=0 policy=0
rank=1091 loaded data/1536/stackoverflow_a2q_tw.sub1091.txt (|V_local|=1644  t_range=[20172309,239693171])
rank=1091 loaded routing data/1536/stackoverflow_a2q_tw.rt1091.txt (1043 entries)
rank=1091 added 2 boundary-only nodes from routing
rank=1092/1536 dataset=stackoverflow_a2q_tw walkers=50000 (54600000..54649999) steps=30 mode=0 sched=single-bucket delta_t=0 policy=0
rank=1092 loaded data/1536/stackoverflow_a2q_tw.sub1092.txt (|V_local|=1591  t_range=[11403758,239683716])
rank=1092 loaded routing data/1536/stackoverflow_a2q_tw.rt1092.txt (1041 entries)
rank=1059/1536 dataset=stackoverflow_a2q_tw walkers=50000 (52950000..52999999) steps=30 mode=0 sched=single-bucket delta_t=0 policy=0
rank=1059 loaded data/1536/stackoverflow_a2q_tw.sub1059.txt (|V_local|=1587  t_range=[1612740,239676625])
rank=1059 loaded routing data/1536/stackoverflow_a2q_tw.rt1059.txt (1058 entries)
rank=1078/1536 dataset=stackoverflow_a2q_tw walkers=50000 (53900000..53949999) steps=30 mode=0 sched=single-bucket delta_t=0 policy=0
rank=1078 loaded data/1536/stackoverflow_a2q_tw.sub1078.txt (|V_local|=1593  t_range=[19572847,239679597])
rank=1078 loaded routing data/1536/stackoverflow_a2q_tw.rt1078.txt (1066 entries)
rank=1078 added 1 boundary-only nodes from routing
rank=1095/1536 dataset=stackoverflow_a2q_tw walkers=50000 (54750000..54799999) steps=30 mode=0 sched=single-bucket delta_t=0 policy=0
rank=1095 loaded data/1536/stackoverflow_a2q_tw.sub1095.txt (|V_local|=1591  t_range=[5856874,239687034])
rank=1095 loaded routing data/1536/stackoverflow_a2q_tw.rt1095.txt (1137 entries)
rank=1095 added 1 boundary-only nodes from routing
