419 1781950511 1781950511 0 2673361 5858 10060 -1 
572 1781950511 1781950511 0 2430947 7404 10981 -1 
818 1781950511 1781950511 0 2562197 10500 6790 -1 
1486 1781950511 1781950511 0 2584353 10942 7749 -1 
1520 1781950511 1781950511 0 2673276 10632 5506 -1 
2392 1781950511 1781950511 0 2554494 10878 7026 -1 
2842 1781950511 1781950511 0 2636231 6762 10800 -1 
2904 1781950511 1781950511 0 2668131 10263 7119 -1 
7 1781950511 1781950511 0 2643730 3084 10002 4504 -1 
16 1781950511 1781950511 0 2653156 8851 10002 8631 -1 
60 1781950511 1781950511 0 2569189 2130 10624 3727 -1 
83 1781950511 1781950511 0 2671248 7301 10002 153 -1 
116 1781950511 1781950511 0 2592803 2577 10097 5262 -1 
128 1781950511 1781950511 0 2599649 9238 10107 8506 -1 
152 1781950511 1781950511 0 2194846 6783 10002 6442 -1 
175 1781950511 1781950511 0 2504413 5388 10836 5388 -1 
177 1781950511 1781950511 0 2635002 607 10002 1715 -1 
184 1781950511 1781950511 0 2663107 7358 10002 1318 -1 
187 1781950511 1781950511 0 2670129 384 10002 3401 -1 
208 1781950511 1781950511 0 2307573 4106 10142 6331 -1 
214 1781950511 1781950511 0 2678271 1863 10002 1283 -1 
227 1781950511 1781950511 0 2505333 363 10070 3203 -1 
245 1781950511 1781950511 0 2482473 310 10070 908 -1 
326 1781950511 1781950511 0 2638433 6899 10002 4490 -1 
335 1781950511 1781950511 0 2667902 2953 10649 2953 -1 
363 1781950511 1781950511 0 2668335 1788 10002 2399 -1 
368 1781950511 1781950511 0 2653833 9904 10500 1711 -1 
370 1781950511 1781950511 0 2607994 8811 10002 1883 -1 
394 1781950511 1781950511 0 2382121 2300 10002 2987 -1 
407 1781950511 1781950511 0 2058053 4796 10076 4192 -1 
426 1781950511 1781950511 0 2663116 2648 10002 4115 -1 
432 1781950511 1781950511 0 2541872 1781 10002 8972 -1 
438 1781950511 1781950511 0 2666149 6365 10002 2089 -1 
452 1781950511 1781950511 0 2307811 10893 5269 10893 -1 
453 1781950511 1781950511 0 2663708 1900 10528 4065 -1 
465 1781950511 1781950511 0 2647779 7201 10002 1752 -1 
480 1781950511 1781950511 0 2673966 1343 10507 5933 -1 
487 1781950511 1781950511 0 2673627 3151 10091 696 -1 
532 1781950511 1781950511 0 2667203 3325 10002 3236 -1 
536 1781950511 1781950511 0 2648452 3618 10933 4015 -1 
542 1781950511 1781950511 0 2669909 6008 10182 3142 -1 
552 1781950511 1781950511 0 2671587 5858 10060 4841 -1 
561 1781950511 1781950511 0 2591519 9238 10107 828 -1 
614 1781950511 1781950511 0 2477272 8713 10002 8805 -1 
632 1781950511 1781950511 0 2489877 8830 10500 8830 -1 
656 1781950511 1781950511 0 2674811 2866 10002 3273 -1 
666 1781950511 1781950511 0 2549852 67 10549 2062 -1 
668 1781950511 1781950511 0 2622078 4356 10002 3869 -1 
680 1781950511 1781950511 0 2653293 6529 10070 7251 -1 
687 1781950511 1781950511 0 2663160 10804 7940 10850 -1 
698 1781950511 1781950511 0 2572387 4383 10766 6406 -1 
705 1781950511 1781950511 0 2617976 8044 10554 6984 -1 
747 1781950511 1781950511 0 2580209 2297 10002 3819 -1 
752 1781950511 1781950511 0 2670008 5107 10218 6520 -1 
765 1781950511 1781950511 0 2644079 2637 10002 5873 -1 
768 1781950511 1781950511 0 2670464 9755 10065 7369 -1 
810 1781950511 1781950511 0 2674525 9556 10002 8728 -1 
826 1781950511 1781950511 0 2678389 9623 10008 10 -1 
852 1781950511 1781950511 0 2653495 10942 6592 10217 -1 
868 1781950511 1781950511 0 2675496 3415 10002 1600 -1 
885 1781950511 1781950511 0 2632036 8183 10002 5397 -1 
915 1781950511 1781950511 0 2656892 2014 10325 2370 -1 
970 1781950511 1781950511 0 2643287 622 10086 1222 -1 
972 1781950511 1781950511 0 2659777 1128 10002 3815 -1 
985 1781950511 1781950511 0 2667374 9626 10002 2423 -1 
1008 1781950511 1781950511 0 2579123 3160 10486 1738 -1 
1011 1781950511 1781950511 0 2665714 2374 10002 8108 -1 
1038 1781950511 1781950511 0 2484356 9579 10002 265 -1 
1047 1781950511 1781950511 0 2640972 8946 10002 2012 -1 
1059 1781950511 1781950511 0 2671364 5966 10002 5883 -1 
1066 1781950511 1781950511 0 2671126 453 10002 3325 -1 
1072 1781950511 1781950511 0 2638619 2026 10002 2060 -1 
1077 1781950511 1781950511 0 2677438 2419 10083 2935 -1 
1111 1781950511 1781950511 0 2668905 7477 10218 5281 -1 
1113 1781950511 1781950511 0 2599250 875 10002 9007 -1 
1124 1781950511 1781950511 0 2589859 917 10070 3007 -1 
1127 1781950511 1781950511 0 2620797 10547 2093 10547 -1 
1138 1781950511 1781950511 0 2656067 1788 10002 2181 -1 
1158 1781950511 1781950511 0 2638414 4812 10065 6951 -1 
1177 1781950511 1781950511 0 2631536 8274 10002 1931 -1 
1187 1781950511 1781950511 0 2592746 8105 10091 162 -1 
1203 1781950511 1781950511 0 2664003 5693 10002 5500 -1 
1250 1781950511 1781950511 0 2653572 5080 10002 9713 -1 
1263 1781950511 1781950511 0 2676119 9415 10002 2896 -1 
1279 1781950511 1781950511 0 2581572 1859 10002 5136 -1 
1306 1781950511 1781950511 0 2618486 1642 10002 4750 -1 
1322 1781950511 1781950511 0 2647450 7876 10930 7876 -1 
1333 1781950511 1781950511 0 2677773 6851 10002 8284 -1 
1335 1781950511 1781950511 0 2665441 6008 10079 3950 -1 
1349 1781950511 1781950511 0 2671972 4081 10002 2137 -1 
1376 1781950511 1781950511 0 2667465 5790 10266 5790 -1 
1379 1781950511 1781950511 0 2672625 1772 10002 2253 -1 
1391 1781950511 1781950511 0 2665046 10325 5378 10325 -1 
1425 1781950511 1781950511 0 2677528 873 10002 3492 -1 
1438 1781950511 1781950511 0 2666886 3990 10002 2537 -1 
1446 1781950511 1781950511 0 2061452 6568 10002 2323 -1 
1449 1781950511 1781950511 0 2631892 92 10059 5817 -1 
1463 1781950511 1781950511 0 1385664 3151 10091 8448 -1 
1478 1781950511 1781950511 0 2656892 5378 10325 2370 -1 
1493 1781950511 1781950511 0 2672046 6520 10218 6481 -1 
1500 1781950511 1781950511 0 2501788 3541 10230 3541 -1 
1502 1781950511 1781950511 0 2675334 3273 10002 6763 -1 
1561 1781950511 1781950511 0 2627750 153 10002 8366 -1 
1597 1781950511 1781950511 0 2641906 2494 10002 1603 -1 
1619 1781950511 1781950511 0 2675057 2251 10002 4051 -1 
1684 1781950511 1781950511 0 2658599 2274 10002 289 -1 
1710 1781950511 1781950511 0 2661503 1070 10086 9207 -1 
1742 1781950511 1781950511 0 2642687 9123 10070 4662 -1 
1748 1781950511 1781950511 0 2098273 2471 10002 2541 -1 
1752 1781950511 1781950511 0 2670008 898 10218 6520 -1 
1762 1781950511 1781950511 0 2472702 3370 10002 6435 -1 
1785 1781950511 1781950511 0 2624306 10 10008 1723 -1 
1813 1781950511 1781950511 0 2541219 255 10002 2381 -1 
1815 1781950511 1781950511 0 2650123 2558 10549 2558 -1 
1854 1781950511 1781950511 0 2662041 3153 10065 3439 -1 
1871 1781950511 1781950511 0 2569251 3158 10002 7845 -1 
1884 1781950511 1781950511 0 2574755 3019 10076 8921 -1 
1914 1781950511 1781950511 0 2589531 8233 10349 8233 -1 
1920 1781950511 1781950511 0 2481998 4570 10002 8106 -1 
1953 1781950511 1781950511 0 2648749 3163 10070 4179 -1 
1964 1781950511 1781950511 0 2668226 2913 10002 3421 -1 
2005 1781950511 1781950511 0 2670651 1578 10086 4547 -1 
2011 1781950511 1781950511 0 2474247 1048 10086 4060 -1 
2032 1781950511 1781950511 0 2611025 5156 10002 2080 -1 
2070 1781950511 1781950511 0 2659313 539 10218 6478 -1 
2076 1781950511 1781950511 0 2660571 7446 10002 480 -1 
2087 1781950511 1781950511 0 2661821 768 10002 2517 -1 
2096 1781950511 1781950511 0 2480653 2195 10076 2320 -1 
2097 1781950511 1781950511 0 2630560 3463 10083 8067 -1 
2130 1781950511 1781950511 0 2484728 9590 10002 2360 -1 
2148 1781950511 1781950511 0 2658977 3282 10069 115 -1 
2159 1781950511 1781950511 0 2671908 8580 10002 8 -1 
2176 1781950511 1781950511 0 2668172 3902 10002 1431 -1 
2193 1781950511 1781950511 0 2669788 9004 10079 4687 -1 
2195 1781950511 1781950511 0 1896222 1504 10002 4563 -1 
2202 1781950511 1781950511 0 2673578 3215 10002 8423 -1 
2229 1781950511 1781950511 0 2667910 516 10002 2408 -1 
2246 1781950511 1781950511 0 2661714 6058 10002 2274 -1 
2253 1781950511 1781950511 0 2567717 2780 10002 2339 -1 
2300 1781950511 1781950511 0 2081005 32 10407 4983 -1 
2314 1781950511 1781950511 0 2674174 7465 10324 4288 -1 
2328 1781950511 1781950511 0 2599806 4174 10086 574 -1 
2364 1781950511 1781950511 0 2666806 6672 10321 6506 -1 
2400 1781950511 1781950511 0 2649848 5696 10070 8428 -1 
2403 1781950511 1781950511 0 2676719 5676 10076 3749 -1 
2408 1781950511 1781950511 0 2635793 898 10218 1425 -1 
2425 1781950511 1781950511 0 2654168 7424 10002 1913 -1 
2430 1781950511 1781950511 0 2671910 9313 10060 97 -1 
2441 1781950511 1781950511 0 2581620 1691 10392 2226 -1 
2471 1781950511 1781950511 0 2659478 3832 10002 7812 -1 
2502 1781950511 1781950511 0 2629593 6036 10002 1404 -1 
2510 1781950511 1781950511 0 2573816 1613 10002 2985 -1 
2520 1781950511 1781950511 0 2599806 1501 10086 574 -1 
2525 1781950511 1781950511 0 2677552 3135 10218 7484 -1 
2531 1781950511 1781950511 0 2664057 3702 10002 1971 -1 
2535 1781950511 1781950511 0 2658056 568 10002 2006 -1 
2540 1781950511 1781950511 0 2673343 9369 10500 4713 -1 
2577 1781950511 1781950511 0 2560724 1359 10418 1359 -1 
2603 1781950511 1781950511 0 2657359 8788 10189 8788 -1 
2607 1781950511 1781950511 0 2674406 6939 10076 9787 -1 
2639 1781950511 1781950511 0 2509557 2783 10002 726 -1 
2656 1781950511 1781950511 0 2663764 5686 10002 8961 -1 
2661 1781950511 1781950511 0 2314871 440 10266 4620 -1 
2663 1781950511 1781950511 0 2646398 4504 10002 5323 -1 
2690 1781950511 1781950511 0 2667220 4405 10329 9167 -1 
2734 1781950511 1781950511 0 2672202 8670 10002 3526 -1 
2755 1781950511 1781950511 0 2675448 4854 10107 4938 -1 
2762 1781950511 1781950511 0 2050753 8697 10002 4268 -1 
2771 1781950511 1781950511 0 2646667 4410 10002 2319 -1 
2772 1781950511 1781950511 0 2592283 3296 10002 3192 -1 
2796 1781950511 1781950511 0 2635002 9482 10002 1715 -1 
2806 1781950511 1781950511 0 2663107 7180 10002 1318 -1 
2822 1781950511 1781950511 0 2472702 7942 10002 6435 -1 
2845 1781950511 1781950511 0 2648501 1477 10002 8130 -1 
2847 1781950511 1781950511 0 2675136 6204 10002 320 -1 
2861 1781950511 1781950511 0 2677072 10115 990 10332 -1 
2889 1781950511 1781950511 0 2673459 4199 10002 2229 -1 
2900 1781950511 1781950511 0 2675281 5057 10069 210 -1 
2905 1781950511 1781950511 0 2588006 225 10065 4812 -1 
2911 1781950511 1781950511 0 2574808 7468 10002 6724 -1 
2917 1781950511 1781950511 0 2659249 565 10002 6025 -1 
2932 1781950511 1781950511 0 2532518 6008 10079 6687 -1 
2953 1781950511 1781950511 0 2639191 6153 10002 3506 -1 
2974 1781950511 1781950511 0 2558358 7361 10002 1840 -1 
2979 1781950511 1781950511 0 2667730 3585 10207 3543 -1 
2983 1781950511 1781950511 0 2353808 6232 10069 6915 -1 
78 1781950511 1781950511 0 2663797 2877 10436 8641 10436 -1 
230 1781950511 1781950511 0 2255014 10070 1253 10070 749 -1 
252 1781950511 1781950511 0 2675244 8137 10215 4462 10215 -1 
341 1781950511 1781950511 0 2675355 8237 10384 5239 10384 -1 
361 1781950511 1781950511 0 2666653 10079 8691 10142 7584 -1 
398 1781950511 1781950511 0 2675027 10730 1197 10730 1197 -1 
406 1781950511 1781950511 0 2676685 10060 3363 10193 7593 -1 
555 1781950511 1781950511 0 2678390 214 10119 3687 10119 -1 
608 1781950511 1781950511 0 2677769 8563 10279 751 10279 -1 
678 1781950511 1781950511 0 2670956 9167 10329 6521 10504 -1 
930 1781950511 1781950511 0 2489877 10500 5198 10500 8830 -1 
1065 1781950511 1781950511 0 2669788 10079 4762 10079 4687 -1 
1244 1781950511 1781950511 0 2473860 10826 5280 10816 7090 -1 
1274 1781950511 1781950511 0 2661537 10697 7765 10843 438 -1 
1307 1781950511 1781950511 0 2678310 3877 10338 2263 10338 -1 
1350 1781950511 1781950511 0 2667566 8378 10748 7807 10748 -1 
1424 1781950511 1781950511 0 2570456 10039 5455 10039 5455 -1 
1496 1781950511 1781950511 0 2577725 10263 4157 10263 5948 -1 
1711 1781950511 1781950511 0 2676206 2847 10277 8561 10277 -1 
1745 1781950511 1781950511 0 2665673 10676 7915 10107 8245 -1 
1819 1781950511 1781950511 0 2677769 751 10279 751 10279 -1 
1971 1781950511 1781950511 0 2670096 4360 10107 8379 10182 -1 
2001 1781950511 1781950511 0 2669458 5311 10743 6079 10743 -1 
2037 1781950511 1781950511 0 2669102 2817 10062 2817 10062 -1 
2100 1781950511 1781950511 0 2647450 10930 7876 10930 7876 -1 
2109 1781950511 1781950511 0 2635231 10982 2756 10628 2756 -1 
2150 1781950511 1781950511 0 2501788 10230 3541 10230 3541 -1 
2174 1781950511 1781950511 0 2675237 4206 10736 2305 10736 -1 
2224 1781950511 1781950511 0 2673966 10507 2315 10507 5933 -1 
2324 1781950511 1781950511 0 2675177 9455 10059 2443 10059 -1 
2415 1781950511 1781950511 0 2678390 10119 214 10119 3687 -1 
2421 1781950511 1781950511 0 2658485 10065 5419 10065 9755 -1 
2613 1781950511 1781950511 0 2678310 2263 10338 2263 10338 -1 
2666 1781950511 1781950511 0 2649903 10759 6367 10759 1571 -1 
2782 1781950511 1781950511 0 2667774 10009 9263 10009 9263 -1 
2935 1781950511 1781950511 0 2655882 10142 4388 10768 3043 -1 
2951 1781950511 1781950511 0 2678310 7894 10338 2263 10338 -1 
2 1781950511 1781950511 0 2669054 2394 10065 3439 10065 871 -1 
17 1781950511 1781950511 0 2286618 3893 10068 3893 10068 7806 -1 
26 1781950511 1781950511 0 2676620 9189 10002 3423 10002 306 -1 
29 1781950511 1781950511 0 2638466 1926 10002 1610 10002 637 -1 
40 1781950511 1781950511 0 2639105 10649 2953 10649 2953 10431 -1 
50 1781950511 1781950511 0 2671299 7665 10060 6623 10060 2163 -1 
54 1781950511 1781950511 0 2667374 2738 10002 402 10002 2423 -1 
59 1781950511 1781950511 0 2675002 4747 10076 8012 10076 5676 -1 
73 1781950511 1781950511 0 2564418 1298 10002 4006 10002 2270 -1 
76 1781950511 1781950511 0 2647579 8604 10002 3643 10002 3292 -1 
82 1781950511 1781950511 0 2676675 9830 10002 6899 10002 2931 -1 
84 1781950511 1781950511 0 2676251 267 10070 4611 10070 3968 -1 
102 1781950511 1781950511 0 2648076 9123 10070 310 10070 258 -1 
105 1781950511 1781950511 0 2677858 3006 10002 2471 10002 1350 -1 
107 1781950511 1781950511 0 2677812 918 10002 2253 10002 6410 -1 
108 1781950511 1781950511 0 2669247 320 10002 7361 10002 2965 -1 
119 1781950511 1781950511 0 2634114 9004 10079 9004 10079 7064 -1 
129 1781950511 1781950511 0 2674177 1815 10070 7488 10070 310 -1 
132 1781950511 1781950511 0 2627457 2959 10070 310 10070 3232 -1 
146 1781950511 1781950511 0 2530971 5134 10816 5280 10826 5280 -1 
147 1781950511 1781950511 0 2670940 2620 10002 2423 10002 8529 -1 
162 1781950511 1781950511 0 2647973 2137 10002 9202 10002 3296 -1 
166 1781950511 1781950511 0 2669548 2455 10002 2297 10002 7417 -1 
169 1781950511 1781950511 0 2667343 3843 10002 3076 10002 3006 -1 
171 1781950511 1781950511 0 2677761 8834 10002 2408 10002 8346 -1 
174 1781950511 1781950511 0 2671887 1635 10338 2263 10338 7905 -1 
176 1781950511 1781950511 0 2673361 1376 10097 9226 10060 5858 -1 
186 1781950511 1781950511 0 2674053 9218 10002 1985 10002 4088 -1 
190 1781950511 1781950511 0 2668226 8532 10002 8904 10002 3421 -1 
191 1781950511 1781950511 0 2640652 8939 10086 9207 10086 3214 -1 
192 1781950511 1781950511 0 2673753 1522 10460 5992 10460 3225 -1 
196 1781950511 1781950511 0 2522547 622 10086 4060 10086 851 -1 
202 1781950511 1781950511 0 2676868 7944 10735 7944 10425 533 -1 
205 1781950511 1781950511 0 2661549 426 10059 5383 10059 1412 -1 
215 1781950511 1781950511 0 2676757 2461 10002 5695 10002 9932 -1 
221 1781950511 1781950511 0 2671631 8208 10002 480 10002 8532 -1 
223 1781950511 1781950511 0 2673507 9115 10002 1804 10002 8646 -1 
229 1781950511 1781950511 0 2677070 2904 10107 5495 10107 3589 -1 
232 1781950511 1781950511 0 2589557 4601 10002 2783 10002 5938 -1 
238 1781950511 1781950511 0 2672625 1800 10002 2253 10002 2253 -1 
243 1781950511 1781950511 0 2670307 111 10002 2297 10002 4400 -1 
251 1781950511 1781950511 0 2673334 272 10070 3448 10070 5785 -1 
255 1781950511 1781950511 0 2678142 8130 10002 9932 10002 1234 -1 
258 1781950511 1781950511 0 2569461 190 10107 3936 10107 4416 -1 
266 1781950511 1781950511 0 2666093 6125 10002 117 10002 2022 -1 
267 1781950511 1781950511 0 2661513 3845 10002 8196 10002 3456 -1 
286 1781950511 1781950511 0 2667059 6540 10097 2577 10070 4488 -1 
287 1781950511 1781950511 0 2667912 5552 10329 9167 10329 4405 -1 
296 1781950511 1781950511 0 2627010 2381 10002 9600 10079 9004 -1 
298 1781950511 1781950511 0 2674712 8689 10002 9750 10002 2761 -1 
306 1781950511 1781950511 0 2624752 837 10086 4072 10086 2578 -1 
309 1781950511 1781950511 0 2630771 6478 10218 5107 10218 1879 -1 
311 1781950511 1781950511 0 2678310 2534 10338 7905 10338 2263 -1 
322 1781950511 1781950511 0 2667993 1381 10002 2221 10002 3321 -1 
333 1781950511 1781950511 0 2635784 4669 10070 310 10070 3191 -1 
334 1781950511 1781950511 0 2677812 8904 10002 299 10002 6410 -1 
337 1781950511 1781950511 0 2675670 865 10002 918 10002 1074 -1 
339 1781950511 1781950511 0 2643062 3625 10069 4961 10069 2487 -1 
340 1781950511 1781950511 0 2449384 2371 10002 9291 10002 7446 -1 
344 1781950511 1781950511 0 2673013 3394 10002 2082 10002 8373 -1 
347 1781950511 1781950511 0 2648176 4713 10500 9369 10500 9904 -1 
354 1781950511 1781950511 0 2677528 2454 10002 1961 10002 3492 -1 
362 1781950511 1781950511 0 2671478 2527 10002 8108 10002 2386 -1 
366 1781950511 1781950511 0 2664729 2147 10002 7845 10002 2811 -1 
373 1781950511 1781950511 0 2659195 7311 10002 9152 10002 8301 -1 
377 1781950511 1781950511 0 2662102 4090 10002 1913 10002 7301 -1 
379 1781950511 1781950511 0 2673192 8779 10002 2811 10002 5102 -1 
383 1781950511 1781950511 0 2674411 15 10002 4455 10002 9750 -1 
389 1781950511 1781950511 0 2654013 7369 10065 9582 10065 9048 -1 
391 1781950511 1781950511 0 2660647 2297 10002 2894 10002 3017 -1 
396 1781950511 1781950511 0 2659097 1718 10002 5774 10002 2521 -1 
400 1781950511 1781950511 0 2668536 63 10039 3272 10039 626 -1 
414 1781950511 1781950511 0 2580024 10517 1311 10517 1311 10517 -1 
417 1781950511 1781950511 0 2678271 2509 10002 8417 10002 1283 -1 
418 1781950511 1781950511 0 2671631 2960 10002 3017 10002 8532 -1 
423 1781950511 1781950511 0 2654619 1882 10002 2119 10002 373 -1 
424 1781950511 1781950511 0 2657934 475 10059 5817 10059 7572 -1 
429 1781950511 1781950511 0 2627010 4634 10079 9004 10079 9004 -1 
439 1781950511 1781950511 0 2663707 2455 10002 2410 10002 3415 -1 
458 1781950511 1781950511 0 2659751 2585 10002 57 10002 4183 -1 
462 1781950511 1781950511 0 2671972 9559 10002 9440 10002 2137 -1 
464 1781950511 1781950511 0 2671662 97 10486 1738 10486 3065 -1 
466 1781950511 1781950511 0 2549695 8239 10266 5790 10266 8677 -1 
469 1781950511 1781950511 0 2609510 8689 10002 3888 10002 6572 -1 
470 1781950511 1781950511 0 2671041 7251 10070 298 10070 4571 -1 
471 1781950511 1781950511 0 2638197 5959 10002 3421 10002 1851 -1 
484 1781950511 1781950511 0 2555458 5577 10059 92 10059 9054 -1 
488 1781950511 1781950511 0 2647579 5615 10002 8680 10002 3292 -1 
498 1781950511 1781950511 0 2495883 2461 10002 2691 10065 5419 -1 
506 1781950511 1781950511 0 2673290 6252 10002 2080 10002 9559 -1 
508 1781950511 1781950511 0 2600152 1381 10002 2099 10002 3888 -1 
519 1781950511 1781950511 0 2675489 9528 10002 255 10002 6857 -1 
529 1781950511 1781950511 0 2635539 8319 10002 1558 10002 9660 -1 
531 1781950511 1781950511 0 2638885 1842 10069 4141 10069 2422 -1 
535 1781950511 1781950511 0 2670245 2263 10338 2534 10338 2534 -1 
556 1781950511 1781950511 0 2594202 3017 10002 9115 10002 453 -1 
562 1781950511 1781950511 0 2676757 2319 10002 5522 10002 9932 -1 
563 1781950511 1781950511 0 2669681 1524 10086 4953 10086 4540 -1 
564 1781950511 1781950511 0 2673743 7300 10107 8675 10107 4854 -1 
580 1781950511 1781950511 0 2664617 879 10060 5060 10060 6623 -1 
581 1781950511 1781950511 0 2356139 8441 10002 7098 10002 6799 -1 
589 1781950511 1781950511 0 2584534 5738 10002 3394 10002 5707 -1 
590 1781950511 1781950511 0 2643062 221 10069 2422 10069 2487 -1 
615 1781950511 1781950511 0 2640494 1137 10373 1137 10373 2952 -1 
620 1781950511 1781950511 0 2635521 97 10060 5858 10060 5942 -1 
628 1781950511 1781950511 0 2644086 4272 10002 1336 10002 2297 -1 
629 1781950511 1781950511 0 2645753 6790 10500 9369 10500 2230 -1 
634 1781950511 1781950511 0 2674469 1432 10002 256 10002 8769 -1 
639 1781950511 1781950511 0 2344110 7276 10097 3461 10076 9642 -1 
648 1781950511 1781950511 0 2660643 6915 10069 2422 10069 4475 -1 
662 1781950511 1781950511 0 2658651 5428 10002 30 10002 2847 -1 
665 1781950511 1781950511 0 2670464 3815 10065 5277 10065 7369 -1 
672 1781950511 1781950511 0 2671454 5252 10002 1570 10002 3751 -1 
674 1781950511 1781950511 0 2666005 5302 10002 9218 10002 5694 -1 
688 1781950511 1781950511 0 2605518 1920 10002 2319 10002 607 -1 
690 1781950511 1781950511 0 2666446 9755 10065 9755 10065 6950 -1 
695 1781950511 1781950511 0 2611265 8002 10076 3335 10076 2480 -1 
703 1781950511 1781950511 0 2673748 4802 10884 4854 10107 1343 -1 
704 1781950511 1781950511 0 2677899 6645 10317 8729 10317 8729 -1 
707 1781950511 1781950511 0 2639339 6177 10002 2012 10002 57 -1 
708 1781950511 1781950511 0 2646037 280 10002 2985 10002 2058 -1 
719 1781950511 1781950511 0 2675230 1018 10070 7956 10070 7589 -1 
722 1781950511 1781950511 0 2607508 8451 10069 7220 10069 8745 -1 
726 1781950511 1781950511 0 2656886 2648 10002 9871 10002 8070 -1 
729 1781950511 1781950511 0 2665861 3324 10002 9073 10002 2667 -1 
731 1781950511 1781950511 0 2660720 5765 10086 4174 10086 2505 -1 
738 1781950511 1781950511 0 2653963 1841 10002 9083 10002 9523 -1 
753 1781950511 1781950511 0 2669461 8849 10069 115 10069 3070 -1 
759 1781950511 1781950511 0 2643062 3997 10069 4475 10069 2487 -1 
762 1781950511 1781950511 0 2661263 325 10002 2849 10002 2001 -1 
767 1781950511 1781950511 0 2676296 2152 10002 320 10002 3423 -1 
774 1781950511 1781950511 0 2653963 4481 10097 6540 10069 3166 -1 
779 1781950511 1781950511 0 2645119 8502 10002 1234 10002 5522 -1 
788 1781950511 1781950511 0 2652076 2080 10002 2280 10002 8458 -1 
805 1781950511 1781950511 0 2671186 2422 10069 115 10069 4136 -1 
812 1781950511 1781950511 0 2671885 2249 10002 8536 10002 9830 -1 
814 1781950511 1781950511 0 2671910 879 10060 1295 10060 97 -1 
842 1781950511 1781950511 0 2675559 5686 10002 3431 10002 2 -1 
855 1781950511 1781950511 0 2675281 221 10069 3070 10069 210 -1 
858 1781950511 1781950511 0 2667933 5156 10002 2408 10002 2300 -1 
877 1781950511 1781950511 0 2675489 7391 10002 3078 10002 6857 -1 
880 1781950511 1781950511 0 2659051 3753 10002 9048 10002 5603 -1 
889 1781950511 1781950511 0 2672338 2460 10002 1931 10002 8706 -1 
895 1781950511 1781950511 0 2675229 8821 10002 2682 10002 328 -1 
898 1781950511 1781950511 0 2661549 9455 10059 1064 10059 1412 -1 
903 1781950511 1781950511 0 2658960 3111 10091 9730 10091 2649 -1 
910 1781950511 1781950511 0 2654168 4090 10002 1832 10002 1913 -1 
911 1781950511 1781950511 0 2671497 6410 10002 3020 10002 1872 -1 
932 1781950511 1781950511 0 2669788 8691 10079 3950 10079 4687 -1 
934 1781950511 1781950511 0 2644079 1375 10002 1336 10002 5873 -1 
936 1781950511 1781950511 0 2649453 7915 10107 8067 10083 3463 -1 
940 1781950511 1781950511 0 2671478 1504 10002 1788 10002 3964 -1 
958 1781950511 1781950511 0 2671337 3519 10002 2059 10002 9287 -1 
959 1781950511 1781950511 0 2660039 3781 10002 7409 10002 8361 -1 
964 1781950511 1781950511 0 2656605 3194 10002 3491 10002 8347 -1 
969 1781950511 1781950511 0 2657934 7552 10059 9455 10059 7572 -1 
971 1781950511 1781950511 0 2664909 4287 10002 4811 10002 3740 -1 
989 1781950511 1781950511 0 2674056 8604 10002 1800 10002 7953 -1 
991 1781950511 1781950511 0 2634114 2332 10002 9559 10079 7064 -1 
993 1781950511 1781950511 0 2661849 3965 10002 6410 10002 6483 -1 
1009 1781950511 1781950511 0 2649453 3463 10083 7402 10083 3463 -1 
1010 1781950511 1781950511 0 2651346 8950 10002 2314 10002 9302 -1 
1020 1781950511 1781950511 0 2658611 9713 10002 1377 10002 5252 -1 
1026 1781950511 1781950511 0 2601878 8257 10097 1376 10060 7665 -1 
1032 1781950511 1781950511 0 2584495 8443 10623 9601 10623 7114 -1 
1033 1781950511 1781950511 0 2675187 2083 10002 2053 10002 5686 -1 
1045 1781950511 1781950511 0 2677452 2151 10002 8646 10002 701 -1 
1046 1781950511 1781950511 0 2656754 3542 10076 7826 10076 5561 -1 
1056 1781950511 1781950511 0 2674310 9039 10002 3020 10002 562 -1 
1062 1781950511 1781950511 0 2671041 1230 10070 6529 10070 4571 -1 
1067 1781950511 1781950511 0 2649653 7498 10460 1522 10460 3725 -1 
1075 1781950511 1781950511 0 2675355 5239 10384 5239 10384 5239 -1 
1086 1781950511 1781950511 0 2663286 2665 10002 1843 10002 1920 -1 
1089 1781950511 1781950511 0 2678297 1789 10065 8630 10065 6788 -1 
1091 1781950511 1781950511 0 2673748 7377 10002 3869 10002 2026 -1 
1096 1781950511 1781950511 0 2678271 5570 10002 2451 10002 1283 -1 
1099 1781950511 1781950511 0 2673992 2168 10002 1707 10002 2637 -1 
1100 1781950511 1781950511 0 2675503 652 10076 9994 10076 9221 -1 
1102 1781950511 1781950511 0 2664835 1350 10002 8366 10002 7358 -1 
1103 1781950511 1781950511 0 2672202 4154 10002 1924 10002 3526 -1 
1107 1781950511 1781950511 0 2673748 7539 10107 7915 10107 1343 -1 
1110 1781950511 1781950511 0 2669458 5270 10743 4113 10743 6079 -1 
1117 1781950511 1781950511 0 2672338 3511 10002 2965 10002 8706 -1 
1131 1781950511 1781950511 0 2636289 7402 10083 2935 10083 8149 -1 
1144 1781950511 1781950511 0 2665979 6799 10002 1531 10002 2314 -1 
1146 1781950511 1781950511 0 2677261 9753 10002 2319 10002 2471 -1 
1151 1781950511 1781950511 0 2570006 3691 10065 8630 10065 2394 -1 
1153 1781950511 1781950511 0 2655729 7901 10002 3391 10002 4224 -1 
1154 1781950511 1781950511 0 2656605 8821 10002 7409 10002 8347 -1 
1164 1781950511 1781950511 0 2656135 2505 10086 3878 10086 4519 -1 
1168 1781950511 1781950511 0 2677645 3274 10002 9162 10002 3031 -1 
1172 1781950511 1781950511 0 2673966 664 10002 2274 10002 2404 -1 
1175 1781950511 1781950511 0 2667950 2576 10002 8532 10002 7492 -1 
1181 1781950511 1781950511 0 2673013 2894 10002 7047 10002 8373 -1 
1182 1781950511 1781950511 0 2669247 7942 10002 3309 10002 2965 -1 
1184 1781950511 1781950511 0 2653816 5649 10002 7853 10002 1828 -1 
1191 1781950511 1781950511 0 2661394 9660 10002 3100 10002 2340 -1 
1193 1781950511 1781950511 0 2652792 7790 10113 9433 10113 5847 -1 
1207 1781950511 1781950511 0 2657934 5577 10059 1412 10059 7572 -1 
1211 1781950511 1781950511 0 2671186 6540 10069 4592 10069 4136 -1 
1227 1781950511 1781950511 0 2642612 2610 10002 36 10002 4386 -1 
1229 1781950511 1781950511 0 2659195 1854 10002 1752 10002 8301 -1 
1239 1781950511 1781950511 0 2644086 1614 10002 2386 10002 2297 -1 
1247 1781950511 1781950511 0 2675229 919 10002 3076 10002 328 -1 
1258 1781950511 1781950511 0 2626832 5765 10086 4541 10086 1048 -1 
1260 1781950511 1781950511 0 2671041 4671 10070 3191 10070 4571 -1 
1261 1781950511 1781950511 0 2660234 6019 10107 1064 10059 2490 -1 
1265 1781950511 1781950511 0 2645615 918 10002 3703 10002 1833 -1 
1269 1781950511 1781950511 0 2672500 2082 10002 2399 10002 3668 -1 
1271 1781950511 1781950511 0 2671587 4766 10060 6623 10060 4841 -1 
1283 1781950511 1781950511 0 2672077 9607 10002 9660 10002 2454 -1 
1288 1781950511 1781950511 0 2637804 1074 10002 5366 10002 2044 -1 
1297 1781950511 1781950511 0 2667566 8634 10128 8385 10748 7807 -1 
1298 1781950511 1781950511 0 2661618 2192 10002 4590 10002 2994 -1 
1302 1781950511 1781950511 0 2640002 635 10002 2022 10002 9586 -1 
1305 1781950511 1781950511 0 2660543 7378 10002 9236 10002 7345 -1 
1330 1781950511 1781950511 0 2658822 6483 10002 2079 10002 2726 -1 
1345 1781950511 1781950511 0 2676119 1828 10002 4811 10002 2896 -1 
1355 1781950511 1781950511 0 2655781 9047 10002 3843 10002 1943 -1 
1360 1781950511 1781950511 0 2537208 4113 10743 5664 10743 5316 -1 
1369 1781950511 1781950511 0 2643062 2487 10069 4961 10069 2487 -1 
1371 1781950511 1781950511 0 2677452 3 10002 2471 10002 701 -1 
1392 1781950511 1781950511 0 2637454 3866 10702 3866 10702 6239 -1 
1395 1781950511 1781950511 0 2670307 8772 10002 3061 10002 4400 -1 
1401 1781950511 1781950511 0 2670947 9586 10002 8904 10002 2079 -1 
1405 1781950511 1781950511 0 2666959 1726 10504 2558 10504 469 -1 
1408 1781950511 1781950511 0 2675114 650 10076 236 10834 4701 -1 
1410 1781950511 1781950511 0 2651462 662 10002 8588 10002 75 -1 
1414 1781950511 1781950511 0 2661394 7901 10002 6582 10002 2340 -1 
1415 1781950511 1781950511 0 2673453 2259 10002 3964 10002 2015 -1 
1416 1781950511 1781950511 0 2647973 2871 10002 2885 10002 3296 -1 
1421 1781950511 1781950511 0 2676448 2055 10002 328 10002 2451 -1 
1428 1781950511 1781950511 0 2678271 4797 10002 8529 10002 1283 -1 
1433 1781950511 1781950511 0 2632036 3120 10002 9048 10002 5397 -1 
1442 1781950511 1781950511 0 2664231 8125 10107 1064 10107 8477 -1 
1444 1781950511 1781950511 0 2665500 6950 10002 2066 10002 2202 -1 
1452 1781950511 1781950511 0 2668826 2576 10002 5407 10002 8811 -1 
1466 1781950511 1781950511 0 2523483 5036 10008 6295 10008 1785 -1 
1469 1781950511 1781950511 0 2678389 1331 10008 10 10008 10 -1 
1485 1781950511 1781950511 0 2658924 6314 10002 3492 10002 1804 -1 
1489 1781950511 1781950511 0 2620797 2093 10547 2093 10547 2093 -1 
1492 1781950511 1781950511 0 2667645 2754 10002 3367 10002 3764 -1 
1508 1781950511 1781950511 0 2675002 8012 10076 3461 10076 5676 -1 
1512 1781950511 1781950511 0 2677761 6455 10002 1985 10002 8346 -1 
1519 1781950511 1781950511 0 2651363 3457 10128 9050 10128 9050 -1 
1521 1781950511 1781950511 0 2677000 4081 10002 2931 10002 9279 -1 
1529 1781950511 1781950511 0 2671374 2738 10002 3017 10002 1800 -1 
1531 1781950511 1781950511 0 2620797 10547 2093 10547 2093 10547 -1 
1533 1781950511 1781950511 0 2609890 749 10070 3007 10070 7488 -1 
1534 1781950511 1781950511 0 2675177 304 10059 1412 10059 2443 -1 
1536 1781950511 1781950511 0 2646331 7391 10002 2918 10002 1317 -1 
1539 1781950511 1781950511 0 2675230 2630 10070 7003 10070 7589 -1 
1553 1781950511 1781950511 0 2635231 2756 10628 2756 10628 2756 -1 
1569 1781950511 1781950511 0 2647779 2302 10002 9530 10002 1752 -1 
1570 1781950511 1781950511 0 2571660 1851 10002 8750 10002 379 -1 
1575 1781950511 1781950511 0 2664472 7311 10002 2410 10002 3220 -1 
1577 1781950511 1781950511 0 2648037 851 10086 574 10086 4232 -1 
1582 1781950511 1781950511 0 2655431 7732 10182 6239 10702 3821 -1 
1588 1781950511 1781950511 0 2569882 3536 10076 2489 10076 6801 -1 
1591 1781950511 1781950511 0 2676251 5542 10070 310 10070 3968 -1 
1594 1781950511 1781950511 0 2646687 448 10002 2119 10002 7216 -1 
1602 1781950511 1781950511 0 2671041 1018 10070 5417 10070 4571 -1 
1607 1781950511 1781950511 0 2674194 289 10002 402 10002 2304 -1 
1611 1781950511 1781950511 0 2675057 2679 10002 8685 10002 4051 -1 
1615 1781950511 1781950511 0 2656886 333 10002 6568 10002 8070 -1 
1624 1781950511 1781950511 0 2677552 3489 10218 8991 10218 7484 -1 
1628 1781950511 1781950511 0 2658804 6899 10002 1851 10002 3702 -1 
1633 1781950511 1781950511 0 2508226 2353 10002 1381 10002 3092 -1 
1647 1781950511 1781950511 0 2667203 8835 10002 4359 10002 3236 -1 
1648 1781950511 1781950511 0 2673748 4490 10002 2247 10002 2026 -1 
1652 1781950511 1781950511 0 2640494 1137 10373 1137 10373 2952 -1 
1653 1781950511 1781950511 0 2661249 5433 10002 3104 10002 8445 -1 
1654 1781950511 1781950511 0 2674495 6249 10494 8968 10494 1698 -1 
1678 1781950511 1781950511 0 2677295 9871 10002 9307 10002 3545 -1 
1690 1781950511 1781950511 0 2676119 1779 10002 2992 10002 2896 -1 
1693 1781950511 1781950511 0 2657771 9689 10002 2331 10002 2008 -1 
1723 1781950511 1781950511 0 2668905 8984 10218 3135 10218 5281 -1 
1729 1781950511 1781950511 0 2678310 2629 10338 1605 10338 2263 -1 
1735 1781950511 1781950511 0 2666188 664 10002 2762 10002 1202 -1 
1736 1781950511 1781950511 0 2675089 1210 10002 1570 10002 7439 -1 
1738 1781950511 1781950511 0 2675293 1840 10002 2050 10002 3990 -1 
1740 1781950511 1781950511 0 2635521 4420 10407 1295 10060 5942 -1 
1747 1781950511 1781950511 0 2677812 7468 10002 3526 10002 6410 -1 
1753 1781950511 1781950511 0 2303011 3506 10002 3643 10002 6455 -1 
1754 1781950511 1781950511 0 2678192 6736 10018 3634 10018 6703 -1 
1767 1781950511 1781950511 0 2659555 7446 10002 5302 10002 1627 -1 
1773 1781950511 1781950511 0 2576068 4549 10002 2848 10002 9039 -1 
1777 1781950511 1781950511 0 2663286 7669 10002 3702 10002 1920 -1 
1781 1781950511 1781950511 0 2669681 1222 10086 9361 10086 4540 -1 
1791 1781950511 1781950511 0 2673966 259 10002 3370 10002 2404 -1 
1800 1781950511 1781950511 0 2673192 5252 10002 9440 10002 5102 -1 
1804 1781950511 1781950511 0 2579609 8373 10002 9114 10002 876 -1 
1806 1781950511 1781950511 0 2677000 3370 10002 2896 10002 9279 -1 
1809 1781950511 1781950511 0 2669636 9653 10002 1901 10002 2509 -1 
1822 1781950511 1781950511 0 2653963 383 10069 4475 10069 3166 -1 
1824 1781950511 1781950511 0 2549911 4106 10142 8085 10107 3675 -1 
1825 1781950511 1781950511 0 2573619 518 10070 310 10070 8060 -1 
1829 1781950511 1781950511 0 2666156 1504 10002 5774 10002 4570 -1 
1835 1781950511 1781950511 0 2635276 8717 10076 4280 10076 3124 -1 
1840 1781950511 1781950511 0 2661750 4697 10218 898 10218 5866 -1 
1848 1781950511 1781950511 0 2327485 2142 10002 9654 10002 3120 -1 
1853 1781950511 1781950511 0 2673748 3589 10107 8675 10107 1343 -1 
1857 1781950511 1781950511 0 2678114 8938 10002 4088 10002 2576 -1 
1859 1781950511 1781950511 0 2666987 4364 10002 3031 10002 3670 -1 
1861 1781950511 1781950511 0 2575506 2347 10322 2347 10322 7372 -1 
1877 1781950511 1781950511 0 2665978 5139 10002 2147 10002 9307 -1 
1878 1781950511 1781950511 0 2657456 9249 10076 8717 10076 4815 -1 
1880 1781950511 1781950511 0 2665239 6646 10113 426 10079 4762 -1 
1892 1781950511 1781950511 0 2670940 2082 10002 2412 10002 8529 -1 
1897 1781950511 1781950511 0 2631380 4481 10097 6332 10097 4512 -1 
1899 1781950511 1781950511 0 2654801 115 10069 4475 10069 4592 -1 
1909 1781950511 1781950511 0 2674310 153 10002 4459 10002 562 -1 
1918 1781950511 1781950511 0 2652339 3080 10521 3080 10521 3080 -1 
1921 1781950511 1781950511 0 2657771 9713 10002 1128 10002 2008 -1 
1923 1781950511 1781950511 0 2671337 9689 10002 8673 10002 9287 -1 
1928 1781950511 1781950511 0 2566983 7894 10338 1686 10338 1006 -1 
1939 1781950511 1781950511 0 2661549 4697 10059 3001 10059 1412 -1 
1943 1781950511 1781950511 0 2660822 4232 10086 1222 10086 4775 -1 
1948 1781950511 1781950511 0 2654988 8697 10002 7169 10002 1788 -1 
1959 1781950511 1781950511 0 2630560 2419 10083 8465 10083 8067 -1 
1970 1781950511 1781950511 0 2557125 4297 10002 8576 10002 2179 -1 
1977 1781950511 1781950511 0 2657332 6177 10002 3061 10002 4797 -1 
1979 1781950511 1781950511 0 2675634 2001 10002 9198 10002 1336 -1 
1981 1781950511 1781950511 0 2677645 2044 10002 1947 10002 3031 -1 
1985 1781950511 1781950511 0 2675865 3075 10329 9167 10329 4691 -1 
1989 1781950511 1781950511 0 2658166 7320 10070 9142 10070 6261 -1 
1991 1781950511 1781950511 0 2600120 2234 10002 6899 10002 4250 -1 
1993 1781950511 1781950511 0 2636744 6153 10002 6153 10002 329 -1 
1995 1781950511 1781950511 0 2648617 1343 10107 4854 10107 5495 -1 
1997 1781950511 1781950511 0 2678287 1222 10086 2830 10086 4174 -1 
1999 1781950511 1781950511 0 2657111 5102 10002 5686 10002 1772 -1 
2002 1781950511 1781950511 0 2652726 2300 10002 3845 10002 2605 -1 
2013 1781950511 1781950511 0 2678297 2985 10002 6950 10065 6788 -1 
2023 1781950511 1781950511 0 2649453 3938 10083 8149 10083 3463 -1 
2045 1781950511 1781950511 0 2645342 2248 10338 9666 10338 2342 -1 
2048 1781950511 1781950511 0 2663107 9689 10002 4674 10002 1318 -1 
2055 1781950511 1781950511 0 2651830 4404 10002 2985 10002 1377 -1 
2059 1781950511 1781950511 0 2584495 9256 10623 8443 10623 7114 -1 
2081 1781950511 1781950511 0 2673748 185 10107 9430 10107 1343 -1 
2083 1781950511 1781950511 0 2579609 3888 10002 1035 10002 876 -1 
2089 1781950511 1781950511 0 2671631 1781 10002 9307 10002 8532 -1 
2094 1781950511 1781950511 0 2624306 1871 10008 10 10008 1723 -1 
2103 1781950511 1781950511 0 2671496 3023 10002 9307 10002 3367 -1 
2107 1781950511 1781950511 0 2645742 3570 10002 4674 10002 7143 -1 
2113 1781950511 1781950511 0 2569408 36 10002 7844 10002 1854 -1 
2114 1781950511 1781950511 0 2675702 9211 10002 840 10002 3096 -1 
2116 1781950511 1781950511 0 2667993 1901 10002 3213 10002 3321 -1 
2125 1781950511 1781950511 0 2676206 7737 10277 4373 10277 8561 -1 
2129 1781950511 1781950511 0 2675334 1202 10002 6253 10002 6763 -1 
2131 1781950511 1781950511 0 2671926 7719 10934 7719 10934 7719 -1 
2140 1781950511 1781950511 0 2575356 2975 10086 1222 10086 641 -1 
2141 1781950511 1781950511 0 2677858 8361 10002 9320 10002 1350 -1 
2153 1781950511 1781950511 0 2670168 4541 10086 2830 10086 3878 -1 
2162 1781950511 1781950511 0 2656001 363 10070 4179 10070 8433 -1 
2173 1781950511 1781950511 0 2678142 4504 10002 3990 10002 1234 -1 
2190 1781950511 1781950511 0 2609184 10729 7087 10729 7087 10729 -1 
2196 1781950511 1781950511 0 2649256 8713 10002 591 10002 4364 -1 
2212 1781950511 1781950511 0 2635002 4896 10002 2353 10002 1715 -1 
2213 1781950511 1781950511 0 2667313 2473 10002 2291 10002 5477 -1 
2216 1781950511 1781950511 0 2569327 2370 10097 8425 10097 3103 -1 
2217 1781950511 1781950511 0 2677645 2322 10002 4306 10002 3031 -1 
2222 1781950511 1781950511 0 2672560 2629 10338 1942 10338 2248 -1 
2230 1781950511 1781950511 0 2635521 6232 10069 4399 10060 5942 -1 
2233 1781950511 1781950511 0 2616318 1956 10338 9666 10338 2449 -1 
2238 1781950511 1781950511 0 2675888 3753 10002 3023 10002 8779 -1 
2260 1781950511 1781950511 0 2673309 2490 10070 3232 10070 4477 -1 
2266 1781950511 1781950511 0 2675961 8373 10002 4306 10002 402 -1 
2271 1781950511 1781950511 0 2678297 1789 10065 871 10065 6788 -1 
2272 1781950511 1781950511 0 2638585 149 10086 2830 10086 2895 -1 
2279 1781950511 1781950511 0 2662685 224 10086 2830 10086 224 -1 
2284 1781950511 1781950511 0 2215512 4565 10062 7260 10062 7260 -1 
2287 1781950511 1781950511 0 2671497 2521 10002 8196 10002 1872 -1 
2289 1781950511 1781950511 0 2642457 1616 10086 4325 10086 5044 -1 
2290 1781950511 1781950511 0 2672202 57 10002 8770 10002 3526 -1 
2291 1781950511 1781950511 0 2669636 8779 10002 2986 10002 2509 -1 
2310 1781950511 1781950511 0 2671521 2181 10002 6025 10002 2046 -1 
2317 1781950511 1781950511 0 2541897 8492 10059 4697 10218 6021 -1 
2319 1781950511 1781950511 0 2638205 2856 10002 9189 10002 3061 -1 
2322 1781950511 1781950511 0 2678271 2762 10002 3492 10002 1283 -1 
2329 1781950511 1781950511 0 2672046 9238 10107 9851 10107 8675 -1 
2333 1781950511 1781950511 0 2284969 3111 10091 7474 10091 3151 -1 
2341 1781950511 1781950511 0 2656026 662 10002 8769 10002 1808 -1 
2351 1781950511 1781950511 0 2674712 1316 10002 2960 10002 2761 -1 
2367 1781950511 1781950511 0 2506202 636 10548 2095 10548 2095 -1 
2369 1781950511 1781950511 0 2546931 4477 10070 7320 10070 7883 -1 
2373 1781950511 1781950511 0 2588497 2585 10002 865 10002 5056 -1 
2375 1781950511 1781950511 0 2671631 1570 10002 6602 10002 8532 -1 
2376 1781950511 1781950511 0 2624752 1070 10086 3214 10086 2578 -1 
2378 1781950511 1781950511 0 2671662 5296 10486 3160 10486 3065 -1 
2380 1781950511 1781950511 0 2671885 9218 10002 3832 10002 9830 -1 
2382 1781950511 1781950511 0 2678389 1060 10008 10 10008 10 -1 
2389 1781950511 1781950511 0 2600152 4154 10002 8302 10002 3888 -1 
2398 1781950511 1781950511 0 2569882 533 10076 3185 10076 6801 -1 
2427 1781950511 1781950511 0 2648703 2894 10002 2304 10002 7181 -1 
2429 1781950511 1781950511 0 2658044 1245 10002 1916 10002 4356 -1 
2437 1781950511 1781950511 0 2672560 2263 10338 7894 10338 2248 -1 
2440 1781950511 1781950511 0 2677441 8 10002 2471 10002 9320 -1 
2454 1781950511 1781950511 0 2671496 6410 10002 2612 10002 3367 -1 
2474 1781950511 1781950511 0 2672560 1956 10338 7905 10338 2248 -1 
2475 1781950511 1781950511 0 2671885 7901 10002 7724 10002 9830 -1 
2485 1781950511 1781950511 0 2663424 3367 10002 3880 10002 1245 -1 
2490 1781950511 1781950511 0 2674495 1698 10494 8968 10494 1698 -1 
2491 1781950511 1781950511 0 2663024 2913 10002 8479 10002 142 -1 
2503 1781950511 1781950511 0 2677645 1504 10002 2537 10002 3031 -1 
2504 1781950511 1781950511 0 2675634 8588 10002 9750 10002 1336 -1 
2511 1781950511 1781950511 0 2580926 1396 10097 4181 10664 2482 -1 
2532 1781950511 1781950511 0 2662444 9528 10002 840 10002 2681 -1 
2541 1781950511 1781950511 0 2605967 1316 10002 9429 10002 4298 -1 
2558 1781950511 1781950511 0 2669788 9004 10079 4762 10079 4687 -1 
2561 1781950511 1781950511 0 2660734 430 10002 8460 10002 3076 -1 
2578 1781950511 1781950511 0 2278609 2460 10002 9379 10002 4013 -1 
2585 1781950511 1781950511 0 2670592 328 10002 4459 10002 2374 -1 
2588 1781950511 1781950511 0 2675281 4141 10069 2422 10069 210 -1 
2589 1781950511 1781950511 0 2614867 4540 10086 1616 10086 1578 -1 
2595 1781950511 1781950511 0 2677261 726 10002 3684 10002 2471 -1 
2604 1781950511 1781950511 0 2244725 8376 10266 3617 10266 8664 -1 
2617 1781950511 1781950511 0 2665359 1832 10002 8779 10002 90 -1 
2620 1781950511 1781950511 0 2677899 6305 10317 8729 10317 8729 -1 
2626 1781950511 1781950511 0 2508571 2935 10083 5858 10060 4766 -1 
2642 1781950511 1781950511 0 2650123 2062 10504 2062 10549 2558 -1 
2644 1781950511 1781950511 0 2668383 3391 10002 5660 10002 2506 -1 
2646 1781950511 1781950511 0 2675136 9538 10002 6025 10002 320 -1 
2649 1781950511 1781950511 0 2666793 8769 10002 9586 10002 2866 -1 
2652 1781950511 1781950511 0 2623061 1582 10065 6276 10399 6974 -1 
2654 1781950511 1781950511 0 2666740 3832 10002 9523 10002 1779 -1 
2667 1781950511 1781950511 0 2605037 4763 10500 9369 10500 4947 -1 
2672 1781950511 1781950511 0 2644019 3714 10002 4163 10002 1781 -1 
2673 1781950511 1781950511 0 2623034 6866 10018 6703 10018 1109 -1 
2686 1781950511 1781950511 0 2512574 267 10070 7751 10070 5893 -1 
2701 1781950511 1781950511 0 2660241 9189 10002 4224 10002 2398 -1 
2704 1781950511 1781950511 0 2673135 1924 10002 6602 10002 6899 -1 
2708 1781950511 1781950511 0 2610153 851 10086 149 10086 1501 -1 
2710 1781950511 1781950511 0 2667203 1558 10002 3526 10002 3236 -1 
2713 1781950511 1781950511 0 2653193 1474 10002 5694 10002 1419 -1 
2726 1781950511 1781950511 0 2673790 9256 10623 8443 10623 9601 -1 
2730 1781950511 1781950511 0 2649245 4008 10732 4008 10732 4008 -1 
2737 1781950511 1781950511 0 2669482 2522 10002 6970 10002 2742 -1 
2741 1781950511 1781950511 0 2667203 1685 10002 6036 10002 3236 -1 
2757 1781950511 1781950511 0 2646898 46 10002 1916 10002 8680 -1 
2758 1781950511 1781950511 0 2666315 2952 10373 2952 10373 1137 -1 
2759 1781950511 1781950511 0 2653126 2296 10002 7756 10002 1277 -1 
2792 1781950511 1781950511 0 2673743 4416 10107 8506 10107 4854 -1 
2807 1781950511 1781950511 0 2667343 1788 10002 3912 10002 3006 -1 
2825 1781950511 1781950511 0 2654168 1419 10002 2838 10002 1913 -1 
2826 1781950511 1781950511 0 2659016 5484 10002 6410 10002 9047 -1 
2829 1781950511 1781950511 0 2661811 15 10002 2181 10002 8168 -1 
2832 1781950511 1781950511 0 2644349 2847 10002 5500 10002 1517 -1 
2851 1781950511 1781950511 0 2635231 2756 10628 2756 10628 2756 -1 
2853 1781950511 1781950511 0 2675281 3070 10069 4136 10069 210 -1 
2857 1781950511 1781950511 0 2650745 2524 10008 3834 10008 5287 -1 
2858 1781950511 1781950511 0 2665300 8646 10002 3061 10002 3104 -1 
2866 1781950511 1781950511 0 2653572 1460 10002 8685 10002 9713 -1 
2876 1781950511 1781950511 0 2623805 9688 10107 9851 10107 7300 -1 
2878 1781950511 1781950511 0 2376988 7369 10065 6237 10065 2552 -1 
2886 1781950511 1781950511 0 2620797 10547 2093 10547 2093 10547 -1 
2890 1781950511 1781950511 0 2637768 210 10002 1832 10002 4455 -1 
2893 1781950511 1781950511 0 2668172 3892 10002 2681 10002 1431 -1 
2895 1781950511 1781950511 0 2648605 9538 10002 1250 10002 920 -1 
2897 1781950511 1781950511 0 2605471 2358 10002 5649 10002 1019 -1 
2906 1781950511 1781950511 0 2666156 4807 10002 7967 10002 4570 -1 
2910 1781950511 1781950511 0 2674626 5817 10059 5817 10059 3502 -1 
2915 1781950511 1781950511 0 2581442 2701 10002 1993 10002 3491 -1 
2937 1781950511 1781950511 0 2649131 4364 10002 8576 10002 464 -1 
2945 1781950511 1781950511 0 2650728 3165 10002 1614 10002 2849 -1 
2949 1781950511 1781950511 0 2523483 6295 10008 1060 10008 1785 -1 
2965 1781950511 1781950511 0 2644079 1876 10002 8460 10002 5873 -1 
2966 1781950511 1781950511 0 2676448 6997 10018 8087 10018 3565 -1 
2968 1781950511 1781950511 0 2675177 3001 10059 5817 10059 2443 -1 
2977 1781950511 1781950511 0 2677000 1932 10002 2965 10002 9279 -1 
2982 1781950511 1781950511 0 2608086 6886 10070 4661 10070 1815 -1 
2984 1781950511 1781950511 0 2563113 5156 10002 7242 10002 2460 -1 
2986 1781950511 1781950511 0 2634114 4634 10079 9004 10079 7064 -1 
2999 1781950511 1781950511 0 2668525 1665 10002 320 10002 3560 -1 
12 1781950511 1781950511 0 2675114 4701 10834 4701 10834 4701 10834 -1 
220 1781950511 1781950511 0 2675177 10062 8516 10062 8516 10059 2443 -1 
231 1781950511 1781950511 0 2678310 1686 10338 7894 10338 2263 10338 -1 
301 1781950511 1781950511 0 2657582 10113 5918 10069 3282 10069 8849 -1 
445 1781950511 1781950511 0 2635231 10982 2756 10628 2756 10628 2756 -1 
456 1781950511 1781950511 0 2670096 1437 10182 1437 10182 8379 10182 -1 
594 1781950511 1781950511 0 2674242 10070 7320 10070 8433 10070 4611 -1 
645 1781950511 1781950511 0 2662826 6790 10500 6489 10500 1618 10483 -1 
692 1781950511 1781950511 0 2669443 6506 10321 6506 10318 5711 10318 -1 
700 1781950511 1781950511 0 2677899 10317 8729 10317 8729 10317 8729 -1 
780 1781950511 1781950511 0 2676492 6061 10263 4157 10263 2193 10263 -1 
870 1781950511 1781950511 0 2675865 1702 10329 9167 10329 4691 10329 -1 
899 1781950511 1781950511 0 2678271 1874 10002 179 10002 1283 10002 -1 
1034 1781950511 1781950511 0 2671910 10205 685 10322 6017 10060 97 -1 
1061 1781950511 1781950511 0 2581620 10392 7229 10392 1945 10392 2226 -1 
1155 1781950511 1781950511 0 2677899 2440 10317 8729 10317 8729 10317 -1 
1171 1781950511 1781950511 0 2678244 10673 7150 10673 7150 10091 4987 -1 
1336 1781950511 1781950511 0 2678042 2577 10207 166 10097 9226 10097 -1 
1338 1781950511 1781950511 0 2620797 10547 2093 10547 2093 10547 2093 -1 
1657 1781950511 1781950511 0 2676492 776 10263 3459 10263 2193 10263 -1 
1795 1781950511 1781950511 0 2678244 8105 10091 162 10091 4987 10091 -1 
2185 1781950511 1781950511 0 2674406 10323 4360 10076 8235 10076 9787 -1 
2283 1781950511 1781950511 0 2673361 2872 10060 3871 10060 5858 10060 -1 
2331 1781950511 1781950511 0 2668492 10322 4653 10322 2347 10322 6599 -1 
2397 1781950511 1781950511 0 2617556 10580 3279 10186 4162 10730 9144 -1 
2689 1781950511 1781950511 0 2554295 7644 10059 2443 10062 7172 10863 -1 
2694 1781950511 1781950511 0 2669443 6230 10318 6417 10318 5711 10318 -1 
2934 1781950511 1781950511 0 2678244 10213 6616 10213 4428 10091 4987 -1 
3 1781950511 1781950511 0 2667645 2125 10002 161 10002 1833 10002 3764 -1 
4 1781950511 1781950511 0 2676296 1460 10002 1962 10002 7529 10002 3423 -1 
6 1781950511 1781950511 0 2668878 249 10086 4737 10086 2216 10086 9361 -1 
8 1781950511 1781950511 0 2677411 3665 10266 702 10266 5737 10266 225 -1 
22 1781950511 1781950511 0 2674525 3977 10002 1943 10002 3751 10002 8728 -1 
23 1781950511 1781950511 0 2650567 5327 10002 1991 10002 4590 10002 1327 -1 
25 1781950511 1781950511 0 2664256 1216 10002 3888 10002 3017 10002 2718 -1 
28 1781950511 1781950511 0 2646667 1386 10002 402 10002 1382 10002 2319 -1 
33 1781950511 1781950511 0 2669636 7105 10002 5102 10002 3912 10002 2509 -1 
35 1781950511 1781950511 0 2648749 5322 10070 4561 10070 4101 10070 4179 -1 
39 1781950511 1781950511 0 2650728 8769 10002 6851 10002 6899 10002 2849 -1 
47 1781950511 1781950511 0 2562918 2931 10002 8752 10002 3147 10002 3259 -1 
49 1781950511 1781950511 0 2676206 971 10277 6583 10277 7869 10277 8561 -1 
52 1781950511 1781950511 0 2627846 7901 10002 7311 10002 1424 10002 2331 -1 
53 1781950511 1781950511 0 2675089 2691 10002 5302 10002 4088 10002 7439 -1 
71 1781950511 1781950511 0 2670096 1129 10166 8731 10554 3142 10182 8379 -1 
74 1781950511 1781950511 0 2674144 8735 10002 6410 10002 3401 10002 8509 -1 
75 1781950511 1781950511 0 2677295 508 10002 2885 10002 8779 10002 3545 -1 
90 1781950511 1781950511 0 2631380 5033 10207 5262 10097 6432 10097 4512 -1 
99 1781950511 1781950511 0 2677070 9238 10107 7273 10107 4938 10107 3589 -1 
100 1781950511 1781950511 0 2677295 2192 10002 2297 10002 2451 10002 3545 -1 
101 1781950511 1781950511 0 2677761 8984 10002 1558 10002 8417 10002 8346 -1 
109 1781950511 1781950511 0 2655417 2449 10338 1942 10338 1605 10338 9652 -1 
120 1781950511 1781950511 0 2574814 6322 10218 898 10218 8991 10218 6835 -1 
121 1781950511 1781950511 0 2674242 5118 10070 3157 10070 3561 10070 4611 -1 
130 1781950511 1781950511 0 2676330 3441 10002 1424 10002 9871 10002 3692 -1 
134 1781950511 1781950511 0 2674194 2451 10002 3023 10002 5759 10002 2304 -1 
142 1781950511 1781950511 0 2665300 2838 10002 6351 10002 3194 10002 3104 -1 
145 1781950511 1781950511 0 2662241 2805 10002 8904 10002 77 10002 3703 -1 
149 1781950511 1781950511 0 2677466 9114 10002 2001 10002 3423 10002 7361 -1 
154 1781950511 1781950511 0 2676330 1931 10002 9756 10002 8346 10002 3692 -1 
155 1781950511 1781950511 0 2674913 2620 10002 2022 10002 2762 10002 7901 -1 
158 1781950511 1781950511 0 2677000 2780 10002 4051 10002 3684 10002 9279 -1 
160 1781950511 1781950511 0 2639574 2220 10002 2628 10002 9660 10002 8752 -1 
164 1781950511 1781950511 0 2659920 3703 10002 570 10002 3292 10002 3418 -1 
167 1781950511 1781950511 0 2675961 4811 10002 8689 10002 8759 10002 402 -1 
173 1781950511 1781950511 0 2653568 4157 10263 1297 10263 7040 10263 776 -1 
178 1781950511 1781950511 0 2638278 5664 10743 4113 10743 5520 10743 4113 -1 
179 1781950511 1781950511 0 2672500 9528 10002 8423 10002 7439 10002 3668 -1 
180 1781950511 1781950511 0 2678271 1029 10002 6266 10002 3545 10002 1283 -1 
194 1781950511 1781950511 0 2653945 590 10002 1876 10002 1277 10002 1765 -1 
213 1781950511 1781950511 0 2665500 4088 10002 8366 10002 8377 10002 2202 -1 
217 1781950511 1781950511 0 2670307 3845 10002 4259 10002 2847 10002 4400 -1 
219 1781950511 1781950511 0 2658170 8646 10002 6204 10002 6582 10002 4847 -1 
233 1781950511 1781950511 0 2676391 2780 10002 1236 10002 3746 10076 1509 -1 
237 1781950511 1781950511 0 2674712 1715 10002 5774 10002 8646 10002 2761 -1 
240 1781950511 1781950511 0 2674411 161 10002 4115 10002 3751 10002 9750 -1 
248 1781950511 1781950511 0 2663104 7657 10018 9154 10703 129 10826 4437 -1 
249 1781950511 1781950511 0 2626160 5328 10070 7751 10070 4474 10070 4661 -1 
253 1781950511 1781950511 0 2671587 5312 10060 7665 10060 5942 10060 4841 -1 
254 1781950511 1781950511 0 2678142 328 10002 2512 10065 1283 10002 1234 -1 
259 1781950511 1781950511 0 2670534 6272 10002 1971 10002 6204 10002 3832 -1 
261 1781950511 1781950511 0 2667203 2238 10002 4307 10002 2285 10002 3236 -1 
270 1781950511 1781950511 0 2665300 3835 10002 2247 10002 1044 10002 3104 -1 
271 1781950511 1781950511 0 2656605 4821 10002 289 10002 865 10002 8347 -1 
280 1781950511 1781950511 0 2675693 2388 10002 1998 10002 255 10002 4154 -1 
284 1781950511 1781950511 0 2674635 2008 10002 2388 10002 3526 10002 2610 -1 
293 1781950511 1781950511 0 2631380 4691 10207 5756 10207 166 10097 4512 -1 
304 1781950511 1781950511 0 2657035 6132 10322 4848 10322 7033 10322 4848 -1 
307 1781950511 1781950511 0 2674635 8689 10002 2285 10002 8769 10002 2610 -1 
328 1781950511 1781950511 0 2675489 2082 10002 8347 10002 2083 10002 6857 -1 
346 1781950511 1781950511 0 2677552 4251 10218 1288 10218 3135 10218 7484 -1 
371 1781950511 1781950511 0 2673518 3436 10002 875 10002 1707 10002 4896 -1 
372 1781950511 1781950511 0 2676675 7254 10002 1386 10002 3990 10002 2931 -1 
384 1781950511 1781950511 0 2658463 3191 10070 310 10070 4661 10070 2889 -1 
386 1781950511 1781950511 0 2677528 3266 10002 2413 10002 3684 10002 3492 -1 
395 1781950511 1781950511 0 2610809 4474 10070 4587 10070 4561 10070 5382 -1 
397 1781950511 1781950511 0 2659751 2138 10002 1336 10002 8503 10002 4183 -1 
410 1781950511 1781950511 0 2666480 5989 10002 3326 10002 480 10002 2410 -1 
412 1781950511 1781950511 0 2673350 1210 10002 1808 10002 8377 10002 1707 -1 
413 1781950511 1781950511 0 2669788 718 10079 9004 10079 3950 10079 4687 -1 
427 1781950511 1781950511 0 2675364 8954 10002 5500 10002 9559 10002 3194 -1 
430 1781950511 1781950511 0 2677744 6970 10002 4797 10002 2918 10002 8417 -1 
435 1781950511 1781950511 0 2672979 5477 10002 4086 10002 3220 10002 8367 -1 
436 1781950511 1781950511 0 2638466 384 10002 9379 10002 6857 10002 637 -1 
442 1781950511 1781950511 0 2658747 917 10070 8433 10070 6261 10070 7956 -1 
447 1781950511 1781950511 0 2665816 1029 10002 3888 10002 2681 10002 2168 -1 
454 1781950511 1781950511 0 2675517 7047 10002 875 10002 8417 10002 9415 -1 
457 1781950511 1781950511 0 2674056 3411 10002 8735 10002 2682 10002 7953 -1 
463 1781950511 1781950511 0 2670129 1788 10002 3394 10002 2229 10002 3401 -1 
489 1781950511 1781950511 0 2675693 6568 10002 2714 10002 2 10002 4154 -1 
497 1781950511 1781950511 0 2670577 3753 10002 1432 10002 3902 10002 2885 -1 
500 1781950511 1781950511 0 2671019 3990 10002 3017 10002 3526 10002 8302 -1 
511 1781950511 1781950511 0 2676206 7937 10113 7869 10113 7869 10277 8561 -1 
520 1781950511 1781950511 0 2477296 4575 10002 607 10002 7303 10002 2029 -1 
526 1781950511 1781950511 0 2667933 2485 10002 259 10002 7361 10002 2300 -1 
528 1781950511 1781950511 0 2669247 255 10002 9181 10002 8361 10002 2965 -1 
543 1781950511 1781950511 0 2675230 6529 10070 974 10070 310 10070 7589 -1 
546 1781950511 1781950511 0 2657276 2945 10002 1558 10002 2314 10002 571 -1 
548 1781950511 1781950511 0 2652842 1375 10002 439 10002 2322 10002 3264 -1 
550 1781950511 1781950511 0 2677524 6659 10070 4319 10070 3191 10070 613 -1 
579 1781950511 1781950511 0 2674056 8689 10002 2460 10002 2079 10002 7953 -1 
584 1781950511 1781950511 0 2675670 9236 10002 8755 10002 4088 10002 1074 -1 
593 1781950511 1781950511 0 2667343 3358 10002 5813 10002 2667 10002 3006 -1 
598 1781950511 1781950511 0 2669461 8287 10069 4967 10069 3282 10069 3070 -1 
599 1781950511 1781950511 0 2635495 5660 10002 3518 10002 8278 10407 6007 -1 
602 1781950511 1781950511 0 2641641 1785 10008 2027 10008 9623 10008 2623 -1 
606 1781950511 1781950511 0 2636600 6529 10070 3561 10070 310 10070 9142 -1 
607 1781950511 1781950511 0 2675634 9232 10002 1404 10002 373 10002 1336 -1 
612 1781950511 1781950511 0 2676448 3199 10002 2037 10002 3421 10002 2451 -1 
621 1781950511 1781950511 0 2666188 5011 10002 1715 10002 2205 10002 1202 -1 
624 1781950511 1781950511 0 2678271 1039 10002 8571 10002 1350 10002 1283 -1 
630 1781950511 1781950511 0 2678289 3766 10070 310 10070 3448 10070 5322 -1 
635 1781950511 1781950511 0 2664824 6540 10069 7064 10079 3950 10069 6540 -1 
637 1781950511 1781950511 0 2675855 5102 10002 9753 10002 1690 10002 565 -1 
638 1781950511 1781950511 0 2677761 3438 10002 1234 10002 30 10002 8346 -1 
641 1781950511 1781950511 0 2673256 3869 10002 8068 10002 1690 10002 161 -1 
653 1781950511 1781950511 0 2677000 3845 10002 1261 10002 3309 10002 9279 -1 
658 1781950511 1781950511 0 2668556 2153 10086 641 10086 1616 10086 1088 -1 
670 1781950511 1781950511 0 2674613 6461 10002 7967 10002 2451 10002 9538 -1 
673 1781950511 1781950511 0 2664003 3266 10002 153 10002 3219 10002 5500 -1 
677 1781950511 1781950511 0 2677645 7216 10002 9713 10002 9320 10002 3031 -1 
684 1781950511 1781950511 0 2635305 2960 10002 259 10002 280 10002 5675 -1 
689 1781950511 1781950511 0 2676757 8713 10002 1152 10002 8196 10002 9932 -1 
693 1781950511 1781950511 0 2666793 1375 10002 255 10002 2479 10002 2866 -1 
697 1781950511 1781950511 0 2675334 6186 10002 2525 10002 9689 10002 1979 -1 
706 1781950511 1781950511 0 2663424 2297 10002 3415 10002 2665 10002 1245 -1 
709 1781950511 1781950511 0 2637253 2771 10009 2771 10009 2771 10009 2771 -1 
712 1781950511 1781950511 0 2677295 5694 10002 5694 10002 3902 10002 3545 -1 
714 1781950511 1781950511 0 2653239 7098 10002 1979 10002 8274 10002 5139 -1 
732 1781950511 1781950511 0 2660153 4393 10002 2726 10002 4410 10002 7214 -1 
735 1781950511 1781950511 0 2676251 3793 10070 5461 10070 2188 10070 3968 -1 
740 1781950511 1781950511 0 2674862 3486 10070 4561 10070 310 10070 3448 -1 
745 1781950511 1781950511 0 2673640 259 10002 1732 10002 4896 10002 6671 -1 
751 1781950511 1781950511 0 2670288 3107 10002 3545 10002 8954 10002 255 -1 
758 1781950511 1781950511 0 2665615 3022 10002 9523 10002 4200 10002 2960 -1 
771 1781950511 1781950511 0 2621458 8137 10215 5380 10215 5380 10215 5380 -1 
775 1781950511 1781950511 0 2655352 1277 10002 3526 10002 2527 10002 2147 -1 
785 1781950511 1781950511 0 2650079 4960 10018 3634 10018 6997 10018 1553 -1 
795 1781950511 1781950511 0 2678289 8338 10070 4390 10070 3184 10070 5322 -1 
797 1781950511 1781950511 0 2674733 1936 10002 1517 10002 2885 10002 9689 -1 
800 1781950511 1781950511 0 2672919 3158 10002 1245 10002 77 10002 3370 -1 
801 1781950511 1781950511 0 2671041 1982 10070 623 10070 310 10070 4571 -1 
802 1781950511 1781950511 0 2673135 840 10002 1913 10002 1779 10002 6899 -1 
806 1781950511 1781950511 0 2665500 3273 10002 1627 10002 3415 10002 2202 -1 
808 1781950511 1781950511 0 2675670 2685 10002 2082 10002 8670 10002 1074 -1 
813 1781950511 1781950511 0 2669636 8265 10002 2987 10002 9047 10002 2509 -1 
815 1781950511 1781950511 0 2664929 591 10002 8454 10002 1924 10002 2247 -1 
819 1781950511 1781950511 0 2659478 868 10002 1614 10002 3702 10002 7812 -1 
823 1781950511 1781950511 0 2673640 1234 10002 3264 10002 179 10002 6671 -1 
825 1781950511 1781950511 0 2656135 365 10086 5044 10086 4727 10086 4519 -1 
827 1781950511 1781950511 0 2671885 6153 10002 4298 10002 2590 10002 9830 -1 
835 1781950511 1781950511 0 2648703 8620 10002 1044 10002 1377 10002 7181 -1 
836 1781950511 1781950511 0 2623724 3107 10002 508 10002 1832 10002 1386 -1 
841 1781950511 1781950511 0 2644566 6200 10002 2238 10002 1316 10002 8090 -1 
843 1781950511 1781950511 0 2669614 8325 10062 2817 10062 4565 10059 1498 -1 
845 1781950511 1781950511 0 2671631 2238 10002 1381 10002 111 10002 8532 -1 
846 1781950511 1781950511 0 2631099 5695 10002 2046 10002 3192 10002 2238 -1 
849 1781950511 1781950511 0 2652115 1738 10486 1654 10486 1738 10486 3160 -1 
850 1781950511 1781950511 0 2670712 8904 10002 1863 10002 1432 10002 2512 -1 
851 1781950511 1781950511 0 2676251 4587 10070 8433 10070 310 10070 3968 -1 
857 1781950511 1781950511 0 2677645 9032 10002 3165 10002 9548 10002 3031 -1 
861 1781950511 1781950511 0 2677773 8533 10002 1804 10002 1074 10002 8284 -1 
865 1781950511 1781950511 0 2657260 3325 10002 3031 10002 1128 10002 865 -1 
866 1781950511 1781950511 0 2666972 4967 10097 6432 10097 2141 10097 3427 -1 
871 1781950511 1781950511 0 2676374 8398 10070 2016 10070 3561 10070 3184 -1 
883 1781950511 1781950511 0 2660734 4563 10002 2252 10002 402 10002 3076 -1 
886 1781950511 1781950511 0 2671374 8571 10002 1261 10002 1603 10002 1800 -1 
891 1781950511 1781950511 0 2666172 6455 10002 2398 10002 8454 10002 4069 -1 
892 1781950511 1781950511 0 2667257 7273 10107 5370 10107 9238 10107 6197 -1 
897 1781950511 1781950511 0 2670009 1926 10002 76 10002 5615 10002 556 -1 
905 1781950511 1781950511 0 2671931 5542 10070 310 10070 6627 10070 2016 -1 
922 1781950511 1781950511 0 2666987 871 10002 8367 10002 2537 10002 3670 -1 
924 1781950511 1781950511 0 2673743 4938 10107 7023 10107 2355 10107 4854 -1 
938 1781950511 1781950511 0 2671497 5136 10002 3764 10002 8769 10002 1872 -1 
953 1781950511 1781950511 0 2669339 8034 10002 8454 10002 2479 10002 5265 -1 
956 1781950511 1781950511 0 2664057 2221 10002 111 10002 1317 10002 1971 -1 
960 1781950511 1781950511 0 2668284 2870 10002 360 10002 8274 10002 2083 -1 
961 1781950511 1781950511 0 2677438 4760 10083 3463 10083 8149 10083 2935 -1 
963 1781950511 1781950511 0 2573773 8239 10266 5953 10266 1113 10266 8617 -1 
974 1781950511 1781950511 0 2655431 3866 10702 3821 10702 3821 10702 3821 -1 
976 1781950511 1781950511 0 2649971 5603 10002 9048 10002 9750 10002 2913 -1 
981 1781950511 1781950511 0 2667892 2521 10002 3753 10002 9320 10002 2099 -1 
1000 1781950511 1781950511 0 2676374 623 10070 310 10070 310 10070 3184 -1 
1001 1781950511 1781950511 0 2642457 4646 10086 503 10086 4737 10086 5044 -1 
1004 1781950511 1781950511 0 2674473 1828 10002 2946 10002 3751 10002 6229 -1 
1007 1781950511 1781950511 0 2656738 2977 10002 8301 10002 5749 10002 2976 -1 
1015 1781950511 1781950511 0 2673135 5883 10002 2058 10002 2046 10002 6899 -1 
1027 1781950511 1781950511 0 2678142 2461 10002 2319 10002 2151 10002 1234 -1 
1036 1781950511 1781950511 0 2677858 3519 10002 1808 10002 4212 10002 1350 -1 
1037 1781950511 1781950511 0 2674525 3786 10002 865 10002 3526 10002 8728 -1 
1041 1781950511 1781950511 0 2675489 4811 10002 117 10002 9440 10002 6857 -1 
1051 1781950511 1781950511 0 2674613 8706 10002 2711 10002 4821 10002 9538 -1 
1053 1781950511 1781950511 0 2667203 5265 10002 9039 10002 2050 10002 3236 -1 
1054 1781950511 1781950511 0 2678271 8713 10002 1261 10002 7361 10002 1283 -1 
1055 1781950511 1781950511 0 2644662 2300 10002 2 10002 8620 10002 1993 -1 
1063 1781950511 1781950511 0 2674955 692 10070 298 10070 4661 10070 623 -1 
1090 1781950511 1781950511 0 2675670 1019 10002 1517 10002 8367 10002 1074 -1 
1092 1781950511 1781950511 0 2666172 1718 10002 8580 10002 1483 10002 4069 -1 
1095 1781950511 1781950511 0 2674056 9750 10002 7216 10002 8417 10002 7953 -1 
1101 1781950511 1781950511 0 2677528 6523 10002 8687 10002 1943 10002 3492 -1 
1108 1781950511 1781950511 0 2675244 6284 10215 5380 10215 5380 10215 4462 -1 
1109 1781950511 1781950511 0 2673192 3326 10002 8278 10407 1690 10002 5102 -1 
1114 1781950511 1781950511 0 2670577 3718 10002 5375 10002 7492 10002 2885 -1 
1115 1781950511 1781950511 0 2658167 5537 10070 2378 10070 8060 10070 298 -1 
1118 1781950511 1781950511 0 2650162 480 10002 1128 10002 2297 10002 2948 -1 
1120 1781950511 1781950511 0 2656738 2517 10002 1800 10002 3394 10002 2976 -1 
1125 1781950511 1781950511 0 2666149 1474 10002 2396 10002 8631 10002 2089 -1 
1128 1781950511 1781950511 0 2676976 8580 10002 7492 10002 3492 10002 4212 -1 
1139 1781950511 1781950511 0 2660643 8849 10069 7220 10069 2422 10069 4475 -1 
1142 1781950511 1781950511 0 2661503 1070 10086 1222 10086 1501 10086 9207 -1 
1147 1781950511 1781950511 0 2659082 1794 10002 8496 10002 2663 10002 2590 -1 
1148 1781950511 1781950511 0 2649971 2479 10002 8734 10002 3147 10002 2913 -1 
1149 1781950511 1781950511 0 2667990 7147 10277 6583 10277 7147 10277 827 -1 
1159 1781950511 1781950511 0 2465075 375 10107 8374 10107 375 10107 501 -1 
1163 1781950511 1781950511 0 2678114 8833 10002 2711 10002 4821 10002 2576 -1 
1169 1781950511 1781950511 0 2667351 2525 10002 8278 10002 8441 10002 9626 -1 
1173 1781950511 1781950511 0 2661700 8734 10002 6177 10002 8274 10002 3843 -1 
1195 1781950511 1781950511 0 2674699 2252 10002 1261 10002 3020 10002 4590 -1 
1196 1781950511 1781950511 0 2671478 3815 10002 1250 10002 142 10002 3964 -1 
1198 1781950511 1781950511 0 2671248 5375 10002 5959 10002 674 10002 153 -1 
1200 1781950511 1781950511 0 2676251 692 10070 4669 10070 4179 10070 3968 -1 
1209 1781950511 1781950511 0 2677295 5526 10002 7361 10002 865 10002 3545 -1 
1210 1781950511 1781950511 0 2669461 1774 10069 8745 10069 115 10069 3070 -1 
1214 1781950511 1781950511 0 2665979 4356 10002 3022 10002 9307 10002 2314 -1 
1215 1781950511 1781950511 0 2631658 4766 10060 1699 10113 7869 10277 2813 -1 
1217 1781950511 1781950511 0 2677552 5665 10218 5665 10218 5107 10218 7484 -1 
1221 1781950511 1781950511 0 2673812 1732 10002 4459 10002 1707 10002 2918 -1 
1235 1781950511 1781950511 0 2678114 1876 10002 1404 10002 8284 10002 2576 -1 
1236 1781950511 1781950511 0 2674177 4503 10070 3448 10070 310 10070 310 -1 
1246 1781950511 1781950511 0 2678310 4019 10338 1635 10338 7894 10338 2263 -1 
1249 1781950511 1781950511 0 2674913 2142 10002 265 10002 22 10002 7901 -1 
1254 1781950511 1781950511 0 2487185 3279 10186 4708 10186 438 10186 4550 -1 
1256 1781950511 1781950511 0 2650706 2836 10002 2060 10002 2517 10002 1316 -1 
1262 1781950511 1781950511 0 2675888 8536 10002 7686 10002 3194 10002 8779 -1 
1268 1781950511 1781950511 0 2661466 5461 10070 3561 10070 310 10070 7003 -1 
1282 1781950511 1781950511 0 2656299 6153 10002 2701 10002 4000 10002 1001 -1 
1285 1781950511 1781950511 0 2675670 5469 10002 1887 10002 8536 10002 1074 -1 
1291 1781950511 1781950511 0 2649993 4504 10002 2118 10002 7214 10002 5407 -1 
1295 1781950511 1781950511 0 2674242 3157 10070 310 10070 310 10070 4611 -1 
1296 1781950511 1781950511 0 2642461 3416 10454 3416 10454 3416 10454 3416 -1 
1303 1781950511 1781950511 0 2635781 4587 10070 5691 10070 6529 10070 7769 -1 
1313 1781950511 1781950511 0 2664558 5484 10002 8735 10002 3303 10002 674 -1 
1314 1781950511 1781950511 0 2676374 4662 10070 4179 10070 310 10070 3184 -1 
1315 1781950511 1781950511 0 2675230 5328 10070 4419 10070 5118 10070 7589 -1 
1316 1781950511 1781950511 0 2674194 591 10002 2089 10002 6375 10002 2304 -1 
1319 1781950511 1781950511 0 2673915 2398 10002 111 10002 3370 10002 8851 -1 
1326 1781950511 1781950511 0 2669482 7468 10002 2001 10002 8646 10002 2742 -1 
1332 1781950511 1781950511 0 2660647 1887 10002 373 10002 3370 10002 3017 -1 
1340 1781950511 1781950511 0 2554348 4960 10018 9154 10703 8287 10407 8019 -1 
1341 1781950511 1781950511 0 2675364 4013 10002 2918 10002 7492 10002 3194 -1 
1344 1781950511 1781950511 0 2670442 2179 10002 4088 10002 591 10002 3020 -1 
1347 1781950511 1781950511 0 2666156 2080 10002 3022 10002 3964 10002 4570 -1 
1351 1781950511 1781950511 0 2671019 3526 10002 3017 10002 6375 10002 8302 -1 
1352 1781950511 1781950511 0 2671041 272 10070 4179 10070 5542 10070 4571 -1 
1358 1781950511 1781950511 0 2670931 4088 10002 2181 10002 2356 10002 4821 -1 
1359 1781950511 1781950511 0 2519991 4629 10329 8222 10329 4691 10207 484 -1 
1361 1781950511 1781950511 0 2657975 4000 10002 33 10002 8346 10002 1614 -1 
1378 1781950511 1781950511 0 2667059 2959 10070 8060 10070 4503 10070 4488 -1 
1388 1781950511 1781950511 0 2668076 2987 10002 3835 10002 2291 10002 9236 -1 
1400 1781950511 1781950511 0 2671019 8361 10002 2099 10002 1878 10002 8302 -1 
1412 1781950511 1781950511 0 2579609 8366 10002 811 10002 4459 10002 876 -1 
1418 1781950511 1781950511 0 2631179 1404 10002 8580 10002 1621 10002 8365 -1 
1419 1781950511 1781950511 0 2673459 6025 10002 2151 10002 8600 10002 2229 -1 
1426 1781950511 1781950511 0 2657276 360 10002 9236 10002 2838 10002 571 -1 
1435 1781950511 1781950511 0 2674144 373 10002 1377 10002 2300 10002 8509 -1 
1440 1781950511 1781950511 0 2597825 7964 10142 3897 10142 129 10703 129 -1 
1441 1781950511 1781950511 0 2653945 2987 10002 2682 10002 9162 10002 1765 -1 
1450 1781950511 1781950511 0 2670979 3198 10002 1284 10002 3220 10002 3518 -1 
1454 1781950511 1781950511 0 2675496 2253 10002 2938 10002 3431 10002 1600 -1 
1455 1781950511 1781950511 0 2675051 5433 10002 1781 10002 3412 10002 3158 -1 
1459 1781950511 1781950511 0 2677744 1732 10002 1993 10002 5139 10002 8417 -1 
1464 1781950511 1781950511 0 2676448 3964 10002 2254 10002 2637 10002 2451 -1 
1465 1781950511 1781950511 0 2645727 7055 10218 8991 10218 1425 10218 5665 -1 
1473 1781950511 1781950511 0 2655602 518 10070 9142 10070 310 10070 4223 -1 
1479 1781950511 1781950511 0 2673812 1626 10002 4217 10002 1732 10002 2918 -1 
1484 1781950511 1781950511 0 2663508 7406 10002 7214 10002 5139 10002 2119 -1 
1487 1781950511 1781950511 0 2657456 8921 10076 9642 10076 1975 10076 4815 -1 
1488 1781950511 1781950511 0 2669461 4475 10069 2422 10069 8745 10069 3070 -1 
1490 1781950511 1781950511 0 2641203 1396 10097 6332 10207 520 10065 3153 -1 
1494 1781950511 1781950511 0 2669247 2204 10002 8999 10002 1570 10002 2965 -1 
1504 1781950511 1781950511 0 2676976 8485 10002 2417 10002 5686 10002 4212 -1 
1510 1781950511 1781950511 0 2656738 1962 10002 2259 10002 2590 10002 2976 -1 
1511 1781950511 1781950511 0 2677295 4988 10076 7715 10076 7391 10002 3545 -1 
1515 1781950511 1781950511 0 2475520 4601 10002 6229 10002 8769 10002 1378 -1 
1517 1781950511 1781950511 0 2671908 4847 10002 1828 10002 3296 10002 8 -1 
1522 1781950511 1781950511 0 2675051 357 10002 6899 10002 9218 10002 3158 -1 
1538 1781950511 1781950511 0 2620797 2093 10547 2093 10547 2093 10547 2093 -1 
1540 1781950511 1781950511 0 2654589 39 10002 3259 10002 2454 10002 3519 -1 
1546 1781950511 1781950511 0 2656892 3522 10193 3363 10325 2014 10325 2370 -1 
1548 1781950511 1781950511 0 2657835 7180 10002 2896 10002 6572 10002 5774 -1 
1556 1781950511 1781950511 0 2666793 3753 10002 2137 10002 2398 10002 2866 -1 
1558 1781950511 1781950511 0 2657816 1544 10002 5961 10002 5526 10002 2407 -1 
1571 1781950511 1781950511 0 2650103 822 10002 1971 10002 8196 10002 7311 -1 
1573 1781950511 1781950511 0 2649256 2413 10002 2388 10002 1284 10002 4364 -1 
1584 1781950511 1781950511 0 2677441 8946 10002 3977 10002 2931 10002 9320 -1 
1589 1781950511 1781950511 0 2640681 1504 10002 606 10002 2714 10002 918 -1 
1592 1781950511 1781950511 0 2676051 604 10002 30 10002 2918 10002 2992 -1 
1599 1781950511 1781950511 0 2678142 1863 10002 2681 10002 2992 10002 1234 -1 
1606 1781950511 1781950511 0 2610430 9089 10002 1424 10002 2304 10002 8588 -1 
1613 1781950511 1781950511 0 2673801 2805 10002 5428 10002 2006 10002 3718 -1 
1618 1781950511 1781950511 0 2662102 4768 10002 3022 10002 1404 10002 7301 -1 
1620 1781950511 1781950511 0 2657771 5818 10002 7686 10002 3692 10002 2008 -1 
1623 1781950511 1781950511 0 2671972 1261 10002 2360 10002 4069 10002 2137 -1 
1626 1781950511 1781950511 0 2654801 6225 10069 7220 10069 5057 10069 4592 -1 
1629 1781950511 1781950511 0 2671631 2192 10002 3672 10002 3670 10002 8532 -1 
1630 1781950511 1781950511 0 2676531 6483 10002 9302 10002 3990 10002 3684 -1 
1634 1781950511 1781950511 0 2677441 8950 10002 5407 10002 7752 10002 9320 -1 
1637 1781950511 1781950511 0 2675888 2300 10002 2290 10002 2761 10002 8779 -1 
1641 1781950511 1781950511 0 2465075 2425 10107 2425 10107 4822 10107 501 -1 
1656 1781950511 1781950511 0 2668168 3906 10002 1837 10002 5774 10002 7967 -1 
1666 1781950511 1781950511 0 2652438 3303 10002 1920 10002 9528 10002 664 -1 
1670 1781950511 1781950511 0 2660822 5224 10086 3440 10086 3973 10086 4775 -1 
1676 1781950511 1781950511 0 2650706 8326 10002 8070 10002 2290 10002 1316 -1 
1680 1781950511 1781950511 0 2675489 2522 10002 1377 10002 2761 10002 6857 -1 
1685 1781950511 1781950511 0 2677812 2340 10002 664 10002 30 10002 6410 -1 
1691 1781950511 1781950511 0 2664899 8588 10002 2181 10002 9660 10002 7724 -1 
1692 1781950511 1781950511 0 2478706 7315 10076 7715 10076 4988 10076 9819 -1 
1696 1781950511 1781950511 0 2648532 2830 10086 1070 10086 1048 10086 4072 -1 
1697 1781950511 1781950511 0 2628120 8759 10002 2356 10002 3753 10002 5156 -1 
1703 1781950511 1781950511 0 2665978 2885 10002 330 10002 8070 10002 9307 -1 
1718 1781950511 1781950511 0 2629183 8257 10070 3007 10070 5417 10070 4101 -1 
1730 1781950511 1781950511 0 2671497 7907 10002 2849 10002 3431 10002 1872 -1 
1734 1781950511 1781950511 0 2667645 2827 10002 378 10002 6351 10002 3764 -1 
1741 1781950511 1781950511 0 2649453 5858 10083 7402 10083 8149 10083 3463 -1 
1755 1781950511 1781950511 0 2377294 7220 10069 828 10107 5370 10107 5425 -1 
1756 1781950511 1781950511 0 2670464 9238 10107 9582 10065 8630 10065 7369 -1 
1757 1781950511 1781950511 0 2643100 2220 10002 3006 10002 2001 10002 7752 -1 
1758 1781950511 1781950511 0 2663983 2423 10002 75 10002 7361 10002 2986 -1 
1759 1781950511 1781950511 0 2676448 1611 10002 1424 10002 6125 10002 2451 -1 
1771 1781950511 1781950511 0 2649971 8984 10002 2024 10002 637 10002 2913 -1 
1787 1781950511 1781950511 0 2677761 2423 10002 9871 10002 5738 10002 8346 -1 
1789 1781950511 1781950511 0 2652842 30 10002 3076 10002 211 10002 3264 -1 
1790 1781950511 1781950511 0 2661466 2188 10070 3561 10070 9142 10070 7003 -1 
1793 1781950511 1781950511 0 2670288 6496 10002 4356 10002 6602 10002 255 -1 
1794 1781950511 1781950511 0 2643751 7990 10002 3092 10002 2965 10002 2285 -1 
1796 1781950511 1781950511 0 2656067 2645 10002 4549 10002 8834 10002 2181 -1 
1811 1781950511 1781950511 0 2667892 259 10002 8458 10002 8445 10002 2099 -1 
1828 1781950511 1781950511 0 2670577 2332 10002 2099 10002 8441 10002 2885 -1 
1832 1781950511 1781950511 0 2671478 179 10002 2460 10002 2667 10002 2386 -1 
1838 1781950511 1781950511 0 2647779 2276 10002 2291 10002 3832 10002 1752 -1 
1841 1781950511 1781950511 0 2664813 7394 10207 166 10097 5262 10097 8236 -1 
1845 1781950511 1781950511 0 2669071 3100 10002 3022 10002 1610 10065 8630 -1 
1846 1781950511 1781950511 0 2673790 4628 10623 4628 10623 7114 10623 9601 -1 
1855 1781950511 1781950511 0 2665985 6436 10070 7751 10070 310 10070 5537 -1 
1862 1781950511 1781950511 0 2663596 8301 10002 2477 10002 9559 10079 3531 -1 
1868 1781950511 1781950511 0 2657332 8999 10002 1636 10002 373 10002 4797 -1 
1869 1781950511 1781950511 0 2665615 635 10002 3031 10002 9932 10002 2960 -1 
1879 1781950511 1781950511 0 2668168 401 10002 3517 10002 3213 10002 7967 -1 
1889 1781950511 1781950511 0 2676675 2615 10002 591 10002 8196 10002 2931 -1 
1890 1781950511 1781950511 0 2655083 2537 10002 1832 10002 3518 10002 4604 -1 
1893 1781950511 1781950511 0 2677706 2585 10002 3740 10002 3492 10002 5738 -1 
1896 1781950511 1781950511 0 2661542 4387 10002 2120 10002 2849 10002 2682 -1 
1907 1781950511 1781950511 0 2678271 3273 10002 2434 10002 1707 10002 1283 -1 
1908 1781950511 1781950511 0 2645779 2859 10076 8235 10076 9910 10076 3335 -1 
1911 1781950511 1781950511 0 2667203 3506 10002 9538 10002 3394 10002 3236 -1 
1916 1781950511 1781950511 0 2675693 5961 10002 920 10002 3786 10002 4154 -1 
1922 1781950511 1781950511 0 2673151 571 10002 1558 10002 865 10002 1690 -1 
1924 1781950511 1781950511 0 2673578 3274 10002 2667 10002 1327 10002 8423 -1 
1933 1781950511 1781950511 0 2677552 6322 10218 7477 10218 5107 10218 7484 -1 
1934 1781950511 1781950511 0 2660720 2153 10086 4646 10086 3214 10086 2505 -1 
1935 1781950511 1781950511 0 2676531 8274 10002 865 10002 2896 10002 3684 -1 
1938 1781950511 1781950511 0 2669733 6523 10002 8750 10002 7406 10002 3441 -1 
1944 1781950511 1781950511 0 2621458 7187 10215 5380 10215 5187 10215 5380 -1 
1952 1781950511 1781950511 0 2664628 1381 10002 3843 10002 1128 10002 8536 -1 
1954 1781950511 1781950511 0 2675229 8254 10002 3020 10002 9083 10002 328 -1 
1955 1781950511 1781950511 0 2609184 7090 10729 7087 10729 6663 10729 7087 -1 
1956 1781950511 1781950511 0 2672625 4538 10002 1035 10002 3668 10002 2253 -1 
1958 1781950511 1781950511 0 2677261 4570 10002 7242 10002 2512 10002 2471 -1 
1968 1781950511 1781950511 0 2672077 1483 10002 8366 10002 4088 10002 2454 -1 
1973 1781950511 1781950511 0 2677368 2789 10317 8729 10317 8729 10317 6645 -1 
1983 1781950511 1781950511 0 2667181 2147 10002 3518 10002 2053 10002 9653 -1 
1998 1781950511 1781950511 0 2666156 7047 10002 4847 10002 9287 10002 4570 -1 
2000 1781950511 1781950511 0 2673721 5419 10065 9755 10065 5277 10065 8504 -1 
2006 1781950511 1781950511 0 2561956 1044 10002 2506 10002 6365 10002 7105 -1 
2007 1781950511 1781950511 0 2620068 3391 10002 1603 10002 8576 10002 3358 -1 
2009 1781950511 1781950511 0 2658960 6235 10091 9730 10091 162 10091 2649 -1 
2016 1781950511 1781950511 0 2653660 4847 10002 1883 10002 8441 10002 2231 -1 
2024 1781950511 1781950511 0 2672560 7905 10338 9666 10338 7905 10338 2248 -1 
2027 1781950511 1781950511 0 2630560 5057 10083 2419 10083 8149 10083 8067 -1 
2028 1781950511 1781950511 0 2660622 8396 10070 2180 10070 6261 10070 1479 -1 
2033 1781950511 1781950511 0 2633358 749 10070 3728 10070 4101 10070 4712 -1 
2053 1781950511 1781950511 0 2553532 4712 10070 116 10070 2553 10070 3616 -1 
2058 1781950511 1781950511 0 2673179 373 10002 289 10002 6375 10002 8670 -1 
2065 1781950511 1781950511 0 2675230 1253 10070 7479 10070 5785 10070 7589 -1 
2067 1781950511 1781950511 0 2676757 6043 10002 8244 10002 1878 10002 9932 -1 
2072 1781950511 1781950511 0 2673748 2738 10002 4570 10002 3326 10002 2026 -1 
2079 1781950511 1781950511 0 2674907 5242 10002 5938 10002 2168 10002 4306 -1 
2080 1781950511 1781950511 0 2676374 3933 10070 6147 10070 3561 10070 3184 -1 
2085 1781950511 1781950511 0 2671660 5019 10076 2097 10076 3699 10076 642 -1 
2098 1781950511 1781950511 0 2676620 8503 10002 2586 10002 2451 10002 306 -1 
2105 1781950511 1781950511 0 2663983 1665 10002 4404 10002 373 10002 2986 -1 
2111 1781950511 1781950511 0 2459521 3428 10107 2369 10107 4831 10107 8085 -1 
2117 1781950511 1781950511 0 2668284 2521 10002 2413 10002 5707 10002 2083 -1 
2123 1781950511 1781950511 0 2654018 1696 10460 1696 10460 5312 10460 1696 -1 
2126 1781950511 1781950511 0 2675634 8600 10002 8600 10002 4410 10002 1336 -1 
2132 1781950511 1781950511 0 2676374 749 10070 310 10070 3561 10070 3184 -1 
2134 1781950511 1781950511 0 2663797 4080 10436 8641 10436 1853 10436 8641 -1 
2135 1781950511 1781950511 0 2663819 7506 10002 1236 10002 2290 10002 1570 -1 
2136 1781950511 1781950511 0 2621839 2154 10002 1837 10002 9279 10002 1558 -1 
2137 1781950511 1781950511 0 2645924 591 10002 1837 10002 464 10002 1531 -1 
2138 1781950511 1781950511 0 2671126 4736 10002 2252 10002 3764 10002 3325 -1 
2164 1781950511 1781950511 0 2667351 2388 10002 5959 10002 2976 10002 9626 -1 
2175 1781950511 1781950511 0 2670931 1424 10002 1558 10002 6266 10002 4821 -1 
2177 1781950511 1781950511 0 2670288 2071 10002 7230 10002 2703 10002 255 -1 
2181 1781950511 1781950511 0 2650706 2494 10002 9202 10002 3370 10002 1316 -1 
2183 1781950511 1781950511 0 2655781 8837 10002 2703 10002 1382 10002 1943 -1 
2186 1781950511 1781950511 0 2677000 1804 10002 7526 10002 2527 10002 9279 -1 
2188 1781950511 1781950511 0 2644614 2099 10002 5738 10002 5433 10002 8835 -1 
2198 1781950511 1781950511 0 2657412 7492 10002 2987 10002 7169 10002 1375 -1 
2199 1781950511 1781950511 0 2645999 3423 10002 1979 10002 2082 10002 1899 -1 
2209 1781950511 1781950511 0 2665300 2522 10002 2946 10002 8680 10002 3104 -1 
2210 1781950511 1781950511 0 2677744 9530 10002 280 10002 8728 10002 8417 -1 
2214 1781950511 1781950511 0 2678147 10954 2558 10504 67 10042 156 10042 -1 
2219 1781950511 1781950511 0 2664240 8070 10002 1272 10002 1283 10002 9083 -1 
2239 1781950511 1781950511 0 2666685 3880 10002 1899 10002 2412 10002 3038 -1 
2244 1781950511 1781950511 0 2665709 5597 10338 2263 10338 2263 10338 9666 -1 
2249 1781950511 1781950511 0 2667257 2952 10107 926 10107 2355 10107 6197 -1 
2259 1781950511 1781950511 0 2571263 98 10002 3401 10002 8 10002 5961 -1 
2264 1781950511 1781950511 0 2675702 5755 10002 3219 10002 8536 10002 3096 -1 
2273 1781950511 1781950511 0 2676620 7424 10002 3017 10002 5695 10002 306 -1 
2292 1781950511 1781950511 0 2674913 2002 10002 2455 10002 2761 10002 7901 -1 
2295 1781950511 1781950511 0 2670940 2417 10002 6435 10002 1985 10002 8529 -1 
2297 1781950511 1781950511 0 2673917 7832 10002 8536 10002 4896 10002 570 -1 
2304 1781950511 1781950511 0 2656001 258 10070 298 10070 2959 10070 8433 -1 
2320 1781950511 1781950511 0 2676620 3028 10002 5407 10002 2137 10002 306 -1 
2345 1781950511 1781950511 0 2598752 4540 10086 2975 10086 1048 10086 1524 -1 
2346 1781950511 1781950511 0 2659227 9202 10002 2455 10002 2527 10002 6351 -1 
2348 1781950511 1781950511 0 2645138 4611 10070 8338 10070 8398 10070 5404 -1 
2349 1781950511 1781950511 0 2666793 822 10002 2522 10002 6496 10002 2866 -1 
2350 1781950511 1781950511 0 2593527 298 10070 4179 10070 623 10070 4671 -1 
2353 1781950511 1781950511 0 2667374 2441 10002 64 10002 3518 10002 2423 -1 
2354 1781950511 1781950511 0 2670712 7169 10002 8586 10002 8734 10002 2512 -1 
2356 1781950511 1781950511 0 2675089 5136 10002 3843 10002 2610 10002 7439 -1 
2366 1781950511 1781950511 0 2677070 8506 10107 5425 10107 4854 10107 3589 -1 
2377 1781950511 1781950511 0 2673350 328 10002 1843 10002 325 10002 1707 -1 
2381 1781950511 1781950511 0 2651830 3023 10002 75 10002 3412 10002 1377 -1 
2391 1781950511 1781950511 0 2669310 5328 10070 3007 10070 623 10070 6378 -1 
2393 1781950511 1781950511 0 2674913 9450 10002 1062 10002 3526 10002 7901 -1 
2394 1781950511 1781950511 0 2676675 7448 10002 8851 10002 402 10002 2931 -1 
2396 1781950511 1781950511 0 2677261 9579 10002 6036 10002 8904 10002 2471 -1 
2407 1781950511 1781950511 0 2638585 4519 10086 1668 10086 4541 10086 2895 -1 
2410 1781950511 1781950511 0 2663015 34 10002 2006 10002 2506 10002 8600 -1 
2414 1781950511 1781950511 0 2672031 636 10142 4651 10142 6244 10142 636 -1 
2416 1781950511 1781950511 0 2672625 9032 10002 1272 10002 3309 10002 2253 -1 
2417 1781950511 1781950511 0 2667808 2980 10002 1985 10002 9713 10002 2388 -1 
2418 1781950511 1781950511 0 2675702 2269 10002 3672 10002 3441 10002 3096 -1 
2419 1781950511 1781950511 0 2678271 7677 10002 9181 10002 8417 10002 1283 -1 
2424 1781950511 1781950511 0 2674626 865 10002 3204 10062 102 10059 3502 -1 
2432 1781950511 1781950511 0 2495563 2580 10338 1956 10338 2263 10338 1942 -1 
2433 1781950511 1781950511 0 2651583 4084 10008 10 10008 7509 10008 4739 -1 
2435 1781950511 1781950511 0 2677858 2715 10002 3117 10002 9320 10002 1350 -1 
2438 1781950511 1781950511 0 2675693 2434 10002 3022 10002 570 10002 4154 -1 
2443 1781950511 1781950511 0 2662685 2000 10086 2216 10086 2505 10086 224 -1 
2447 1781950511 1781950511 0 2675568 8423 10002 1130 10002 9653 10002 1152 -1 
2450 1781950511 1781950511 0 2669247 6375 10002 7805 10002 2247 10002 2965 -1 
2451 1781950511 1781950511 0 2671019 2479 10002 3104 10002 1284 10002 8302 -1 
2459 1781950511 1781950511 0 2660214 951 10266 9056 10266 5737 10266 3617 -1 
2460 1781950511 1781950511 0 2675057 8326 10002 2836 10002 2229 10002 4051 -1 
2467 1781950511 1781950511 0 2675888 9790 10002 1832 10002 1800 10002 8779 -1 
2477 1781950511 1781950511 0 2676448 8832 10018 9154 10018 4641 10018 3565 -1 
2479 1781950511 1781950511 0 2674053 8691 10079 3950 10079 9559 10002 4088 -1 
2483 1781950511 1781950511 0 2671311 2931 10002 5615 10002 2202 10002 3835 -1 
2487 1781950511 1781950511 0 2674613 1336 10002 3703 10002 2340 10002 9538 -1 
2488 1781950511 1781950511 0 2673992 3023 10002 2340 10002 3526 10002 2637 -1 
2493 1781950511 1781950511 0 2541872 3912 10002 1991 10002 8994 10002 8972 -1 
2494 1781950511 1781950511 0 2672548 3296 10002 3890 10002 3438 10002 2120 -1 
2496 1781950511 1781950511 0 2670940 2479 10002 9607 10002 2274 10002 8529 -1 
2498 1781950511 1781950511 0 2663385 2115 10002 5759 10002 3519 10002 7210 -1 
2499 1781950511 1781950511 0 2673994 1501 10086 9361 10086 4666 10086 4325 -1 
2506 1781950511 1781950511 0 2675634 8984 10002 7853 10002 7492 10002 1336 -1 
2508 1781950511 1781950511 0 2675244 4651 10142 5187 10215 5380 10215 4462 -1 
2509 1781950511 1781950511 0 2672203 1012 10002 5323 10002 2965 10002 325 -1 
2515 1781950511 1781950511 0 2677645 5883 10002 3977 10002 4088 10002 3031 -1 
2536 1781950511 1781950511 0 2665911 8340 10107 9570 10107 375 10107 7915 -1 
2547 1781950511 1781950511 0 2661466 2490 10070 6998 10070 4299 10070 7003 -1 
2550 1781950511 1781950511 0 2673748 5265 10002 4069 10002 2297 10002 2026 -1 
2552 1781950511 1781950511 0 2674862 8398 10070 116 10070 310 10070 3448 -1 
2557 1781950511 1781950511 0 2670741 2541 10002 1878 10002 3394 10002 2754 -1 
2562 1781950511 1781950511 0 2658804 1931 10002 2761 10002 2396 10002 3702 -1 
2563 1781950511 1781950511 0 2674056 1128 10002 2682 10002 22 10002 7953 -1 
2571 1781950511 1781950511 0 2675568 2179 10002 2931 10002 3781 10002 1152 -1 
2581 1781950511 1781950511 0 2675888 2948 10002 1901 10002 3977 10002 8779 -1 
2583 1781950511 1781950511 0 2599649 4416 10107 6019 10107 9430 10107 8506 -1 
2594 1781950511 1781950511 0 2648605 7303 10002 1621 10002 6568 10002 920 -1 
2598 1781950511 1781950511 0 2674811 1298 10002 1951 10002 4674 10002 3273 -1 
2599 1781950511 1781950511 0 2670245 6020 10338 1956 10338 2263 10338 2534 -1 
2602 1781950511 1781950511 0 2601908 3031 10002 2703 10002 3096 10002 5080 -1 
2608 1781950511 1781950511 0 2678142 6442 10002 3652 10002 6410 10002 1234 -1 
2609 1781950511 1781950511 0 2675177 4565 10062 2385 10062 2688 10059 2443 -1 
2610 1781950511 1781950511 0 2660892 2965 10002 1419 10002 3236 10002 2412 -1 
2619 1781950511 1781950511 0 2664057 262 10002 4797 10002 2838 10002 1971 -1 
2631 1781950511 1781950511 0 2397650 4421 10107 9238 10107 9238 10107 8374 -1 
2641 1781950511 1781950511 0 2676675 7506 10002 3903 10002 2896 10002 2931 -1 
2648 1781950511 1781950511 0 2665300 31 10002 2827 10002 4000 10002 3104 -1 
2650 1781950511 1781950511 0 2600753 2082 10002 2071 10002 986 10002 8319 -1 
2655 1781950511 1781950511 0 2633531 3212 10086 2830 10086 4524 10086 2975 -1 
2659 1781950511 1781950511 0 2677706 3845 10002 7174 10002 402 10002 5738 -1 
2669 1781950511 1781950511 0 2659614 8531 10076 9118 10076 5561 10076 652 -1 
2677 1781950511 1781950511 0 2671660 7309 10076 4280 10076 4815 10076 642 -1 
2679 1781950511 1781950511 0 2677899 250 10059 92 10059 2440 10317 8729 -1 
2680 1781950511 1781950511 0 2662860 4084 10008 6622 10008 1723 10008 1331 -1 
2684 1781950511 1781950511 0 2675961 3613 10002 8576 10002 1613 10002 402 -1 
2685 1781950511 1781950511 0 2677261 7311 10002 2399 10002 4400 10002 2471 -1 
2688 1781950511 1781950511 0 2671779 3098 10002 2494 10002 9689 10002 9871 -1 
2695 1781950511 1781950511 0 2677744 7563 10002 2948 10002 2931 10002 8417 -1 
2696 1781950511 1781950511 0 2667910 2001 10002 1840 10002 2718 10002 2408 -1 
2697 1781950511 1781950511 0 2640178 9198 10002 9287 10002 77 10002 5428 -1 
2699 1781950511 1781950511 0 2676382 1718 10002 9538 10002 402 10002 5695 -1 
2706 1781950511 1781950511 0 2677706 2729 10002 2259 10002 2896 10002 5738 -1 
2707 1781950511 1781950511 0 2667892 5463 10002 4743 10002 2678 10002 2099 -1 
2715 1781950511 1781950511 0 2668335 1234 10002 5056 10002 1001 10002 2399 -1 
2719 1781950511 1781950511 0 2663819 3219 10002 1781 10002 7506 10002 1570 -1 
2727 1781950511 1781950511 0 2670979 8509 10002 2417 10002 2667 10002 3518 -1 
2735 1781950511 1781950511 0 2636744 3672 10002 2521 10002 2058 10002 329 -1 
2738 1781950511 1781950511 0 2605697 2965 10002 2814 10002 3518 10002 8673 -1 
2742 1781950511 1781950511 0 2675187 820 10002 6043 10002 2512 10002 5686 -1 
2743 1781950511 1781950511 0 2646667 7406 10002 9790 10002 2431 10002 2319 -1 
2745 1781950511 1781950511 0 2675364 1029 10002 1800 10002 2918 10002 3194 -1 
2747 1781950511 1781950511 0 2678289 7956 10070 310 10070 310 10070 5322 -1 
2748 1781950511 1781950511 0 2677773 8068 10002 2894 10002 3492 10002 8284 -1 
2753 1781950511 1781950511 0 2662068 9114 10002 6043 10002 3702 10002 4217 -1 
2754 1781950511 1781950511 0 2677552 7477 10218 5107 10218 8991 10218 7484 -1 
2765 1781950511 1781950511 0 2654227 9073 10002 2404 10002 3702 10002 2434 -1 
2766 1781950511 1781950511 0 2675334 7214 10002 8735 10002 562 10002 6763 -1 
2767 1781950511 1781950511 0 2662102 2466 10002 9932 10002 2011 10002 7301 -1 
2774 1781950511 1781950511 0 2677686 377 10002 9415 10002 2471 10002 30 -1 
2780 1781950511 1781950511 0 2676330 4199 10002 360 10002 6763 10002 3692 -1 
2781 1781950511 1781950511 0 2678271 6259 10002 75 10002 8529 10002 1283 -1 
2788 1781950511 1781950511 0 2669548 5252 10002 7183 10002 2099 10002 7417 -1 
2798 1781950511 1781950511 0 2677552 9087 10218 539 10218 3135 10218 7484 -1 
2811 1781950511 1781950511 0 2664753 4563 10002 8090 10002 1627 10002 3438 -1 
2815 1781950511 1781950511 0 2670129 8755 10002 3092 10002 2056 10002 3401 -1 
2816 1781950511 1781950511 0 2624116 8673 10002 4006 10002 262 10002 8821 -1 
2824 1781950511 1781950511 0 2666149 7183 10002 1402 10002 3220 10002 2089 -1 
2837 1781950511 1781950511 0 2667313 7844 10002 31 10002 9279 10002 5477 -1 
2840 1781950511 1781950511 0 2674034 249 10086 5044 10086 4541 10086 4578 -1 
2850 1781950511 1781950511 0 2678271 8343 10002 2089 10002 2319 10002 1283 -1 
2854 1781950511 1781950511 0 2671885 2205 10002 2221 10002 3084 10002 9830 -1 
2860 1781950511 1781950511 0 2664628 3560 10002 7358 10002 8034 10002 8536 -1 
2864 1781950511 1781950511 0 2657412 2181 10002 2160 10002 2894 10002 1375 -1 
2865 1781950511 1781950511 0 2671455 7230 10002 9179 10002 2291 10002 179 -1 
2868 1781950511 1781950511 0 2660153 2151 10002 8834 10002 6375 10002 7214 -1 
2872 1781950511 1781950511 0 2670534 4580 10002 1504 10002 604 10002 3832 -1 
2875 1781950511 1781950511 0 2663104 5134 10816 5134 10816 5280 10826 4437 -1 
2888 1781950511 1781950511 0 2641203 2046 10002 2665 10002 7448 10065 3153 -1 
2894 1781950511 1781950511 0 2678287 4646 10086 4524 10086 2505 10086 4174 -1 
2898 1781950511 1781950511 0 2672820 107 10018 4960 10703 6997 10703 3634 -1 
2902 1781950511 1781950511 0 2675334 9291 10002 2269 10002 179 10002 6763 -1 
2903 1781950511 1781950511 0 2655729 1991 10002 8604 10002 3220 10002 4224 -1 
2908 1781950511 1781950511 0 2673992 6372 10002 9115 10002 8779 10002 2637 -1 
2909 1781950511 1781950511 0 2674525 2322 10002 2300 10002 3718 10002 8728 -1 
2916 1781950511 1781950511 0 2666284 6522 10526 1875 10526 1875 10526 6522 -1 
2921 1781950511 1781950511 0 2599649 3428 10107 4938 10107 7915 10107 8506 -1 
2922 1781950511 1781950511 0 2676119 1993 10002 1841 10002 8779 10002 2896 -1 
2924 1781950511 1781950511 0 2659186 2205 10002 8571 10002 4459 10002 3022 -1 
2929 1781950511 1781950511 0 2651830 46 10002 8560 10002 453 10002 1377 -1 
2931 1781950511 1781950511 0 2677000 2059 10002 2918 10002 9750 10002 9279 -1 
2940 1781950511 1781950511 0 2671478 3511 10002 9750 10002 8090 10002 3964 -1 
2950 1781950511 1781950511 0 2578146 9154 10018 5002 10018 1109 10018 5002 -1 
2960 1781950511 1781950511 0 2623805 3428 10107 8675 10107 9027 10107 7300 -1 
2972 1781950511 1781950511 0 2673812 8202 10002 3965 10002 8631 10002 2918 -1 
2975 1781950511 1781950511 0 2671908 8687 10002 3990 10002 3394 10002 8 -1 
2987 1781950511 1781950511 0 2658804 1589 10002 9538 10002 1283 10002 3702 -1 
2993 1781950511 1781950511 0 2678287 365 10086 2153 10086 4578 10086 4174 -1 
2998 1781950511 1781950511 0 2677899 7260 10317 8729 10317 8729 10317 8729 -1 
34 1781950511 1781950511 0 2678289 1230 10070 267 10070 7751 10070 5322 10070 -1 
195 1781950511 1781950511 0 2678192 6230 10018 3634 10018 3603 10018 6703 10018 -1 
235 1781950511 1781950511 0 2640102 10460 7498 10460 3725 10460 1522 10460 867 -1 
269 1781950511 1781950511 0 2673750 6299 10107 6629 10554 4242 10554 4242 10554 -1 
376 1781950511 1781950511 0 2675281 10069 2422 10069 4141 10069 4592 10069 210 -1 
405 1781950511 1781950511 0 2678192 107 10018 8179 10018 3500 10018 6703 10018 -1 
539 1781950511 1781950511 0 2675865 2308 10070 4299 10070 7589 10207 4691 10329 -1 
567 1781950511 1781950511 0 2666315 1137 10373 1137 10373 1137 10373 1137 10373 -1 
627 1781950511 1781950511 0 2667584 6763 10002 9556 10002 5813 10462 797 10462 -1 
947 1781950511 1781950511 0 2667257 10059 92 10059 2443 10059 3001 10107 6197 -1 
1728 1781950511 1781950511 0 2662826 4947 10500 9369 10500 9904 10500 1618 10483 -1 
1936 1781950511 1781950511 0 2677645 10002 9932 10002 1709 10002 3492 10002 3031 -1 
2104 1781950511 1781950511 0 2673721 10664 4812 10065 9755 10065 6694 10065 8504 -1 
2288 1781950511 1781950511 0 2675244 3884 10215 6284 10215 5380 10215 4462 10215 -1 
2311 1781950511 1781950511 0 2678042 3893 10068 806 10097 8236 10097 9226 10097 -1 
2478 1781950511 1781950511 0 2673750 1363 10442 4934 10230 1242 10554 4242 10554 -1 
2523 1781950511 1781950511 0 2667566 7807 10748 7807 10748 7807 10748 7807 10748 -1 
2605 1781950511 1781950511 0 2666959 10329 6521 10504 67 10549 1726 10504 469 -1 
2627 1781950511 1781950511 0 2620797 10547 2093 10547 2093 10547 2093 10547 2093 -1 
2956 1781950511 1781950511 0 2678271 1976 10002 8346 10002 9379 10002 1283 10002 -1 
14 1781950511 1781950511 0 2677466 306 10002 373 10002 2512 10002 2931 10002 7361 -1 
20 1781950511 1781950511 0 2673309 1253 10070 4369 10070 5404 10070 2889 10070 4477 -1 
27 1781950511 1781950511 0 2666825 2987 10002 4159 10002 2080 10002 9440 10002 2221 -1 
30 1781950511 1781950511 0 2674194 4224 10002 2651 10002 4051 10002 3880 10002 2304 -1 
32 1781950511 1781950511 0 2648767 9755 10065 3216 10065 9755 10065 3153 10065 1610 -1 
61 1781950511 1781950511 0 2671931 5696 10070 6378 10070 6261 10070 6627 10070 2016 -1 
67 1781950511 1781950511 0 2675242 8972 10002 8560 10002 1431 10002 6671 10002 3977 -1 
77 1781950511 1781950511 0 2676757 6568 10002 1600 10002 179 10002 6763 10002 9932 -1 
85 1781950511 1781950511 0 2652398 5136 10002 76 10002 4086 10002 3370 10002 1962 -1 
95 1781950511 1781950511 0 2665300 9307 10002 8254 10002 9198 10002 77 10002 3104 -1 
96 1781950511 1781950511 0 2676675 8926 10002 5615 10002 6252 10002 2870 10002 2931 -1 
115 1781950511 1781950511 0 2635808 3436 10002 2827 10002 1833 10002 2479 10002 1927 -1 
136 1781950511 1781950511 0 2678192 8832 10018 107 10018 7627 10018 4641 10018 6703 -1 
143 1781950511 1781950511 0 2650533 692 10070 3007 10070 310 10070 8338 10070 2188 -1 
144 1781950511 1781950511 0 2673640 5759 10002 8926 10002 7216 10002 3740 10002 6671 -1 
157 1781950511 1781950511 0 2663015 3670 10002 8846 10002 5259 10002 9114 10002 8600 -1 
159 1781950511 1781950511 0 2651984 4847 10002 6355 10002 1517 10002 9039 10002 8251 -1 
161 1781950511 1781950511 0 2677645 8365 10002 75 10002 7210 10002 8779 10002 3031 -1 
170 1781950511 1781950511 0 2676834 1960 10218 898 10218 6520 10218 5107 10218 3135 -1 
189 1781950511 1781950511 0 2670442 8202 10002 210 10002 2827 10002 8994 10002 3020 -1 
199 1781950511 1781950511 0 2675855 7964 10142 2688 10062 3204 10002 3431 10002 565 -1 
203 1781950511 1781950511 0 2675559 8926 10002 8070 10002 8689 10002 8770 10002 2 -1 
246 1781950511 1781950511 0 2659372 1916 10002 6200 10002 1665 10002 2059 10002 2703 -1 
273 1781950511 1781950511 0 2659313 1340 10218 7055 10218 8991 10218 4697 10218 6478 -1 
274 1781950511 1781950511 0 2673459 2329 10002 2931 10002 2762 10002 3415 10002 2229 -1 
279 1781950511 1781950511 0 2677645 1474 10002 8196 10002 7361 10002 7361 10002 3031 -1 
281 1781950511 1781950511 0 2676531 256 10002 2576 10002 1317 10002 9615 10002 3684 -1 
283 1781950511 1781950511 0 2665441 1672 10069 4961 10069 7220 10069 3950 10079 3950 -1 
285 1781950511 1781950511 0 2677645 8445 10002 8595 10002 2408 10002 3492 10002 3031 -1 
289 1781950511 1781950511 0 2665300 9236 10002 4504 10002 2251 10002 2386 10002 3104 -1 
291 1781950511 1781950511 0 2678142 6435 10002 8529 10002 2399 10002 8417 10002 1234 -1 
292 1781950511 1781950511 0 2670168 2676 10086 5246 10086 4541 10086 1668 10086 3878 -1 
299 1781950511 1781950511 0 2645119 5811 10002 8973 10002 5305 10002 3415 10002 5522 -1 
300 1781950511 1781950511 0 2668826 8685 10002 9189 10002 64 10002 3415 10002 8811 -1 
303 1781950511 1781950511 0 2668131 1299 10263 7119 10263 2193 10263 2193 10263 7119 -1 
310 1781950511 1781950511 0 2666742 5615 10002 7174 10002 2628 10002 3526 10002 3117 -1 
313 1781950511 1781950511 0 2677812 7207 10002 211 10002 75 10002 3198 10002 6410 -1 
323 1781950511 1781950511 0 2677466 6229 10002 7183 10002 5428 10002 2811 10002 7361 -1 
331 1781950511 1781950511 0 2648415 1197 10091 9856 10091 9195 10091 9730 10091 3075 -1 
343 1781950511 1781950511 0 2665714 2714 10002 9790 10002 3326 10002 8274 10002 8108 -1 
348 1781950511 1781950511 0 2672548 1404 10002 9556 10002 5707 10002 31 10002 2120 -1 
360 1781950511 1781950511 0 2677706 6455 10002 9756 10002 2374 10002 9932 10002 5738 -1 
378 1781950511 1781950511 0 2677686 9586 10002 9162 10002 34 10002 8994 10002 30 -1 
382 1781950511 1781950511 0 2664558 2946 10002 9544 10002 1017 10002 2681 10002 674 -1 
390 1781950511 1781950511 0 2676051 2276 10002 8529 10002 329 10002 3977 10002 2992 -1 
425 1781950511 1781950511 0 2670009 2142 10002 721 10002 918 10002 2509 10002 556 -1 
428 1781950511 1781950511 0 2648605 2269 10002 2894 10002 2247 10002 570 10002 920 -1 
448 1781950511 1781950511 0 2627347 2796 10002 3274 10002 2648 10002 1947 10065 2104 -1 
461 1781950511 1781950511 0 2677261 2396 10002 2517 10002 1008 10002 1979 10002 2471 -1 
468 1781950511 1781950511 0 2677438 2419 10083 8465 10083 2935 10083 8149 10083 2935 -1 
476 1781950511 1781950511 0 2677744 22 10002 1916 10002 1899 10002 8770 10002 8417 -1 
478 1781950511 1781950511 0 2659088 1883 10002 1614 10002 1642 10002 5469 10002 3198 -1 
481 1781950511 1781950511 0 2669247 8706 10002 1531 10002 2417 10002 9115 10002 2965 -1 
496 1781950511 1781950511 0 2677000 8620 10002 2530 10002 1685 10002 6763 10002 9279 -1 
499 1781950511 1781950511 0 2666685 2699 10002 464 10002 3438 10002 2586 10002 3038 -1 
503 1781950511 1781950511 0 2675242 1926 10002 8752 10002 2431 10002 3718 10002 3977 -1 
505 1781950511 1781950511 0 2676757 2276 10002 7143 10002 1804 10002 2918 10002 9932 -1 
512 1781950511 1781950511 0 2677645 7448 10002 3031 10002 8417 10002 7361 10002 3031 -1 
516 1781950511 1781950511 0 2677528 2894 10002 2254 10002 9379 10002 2120 10002 3492 -1 
525 1781950511 1781950511 0 2659097 5759 10002 4306 10002 577 10002 9218 10002 2521 -1 
540 1781950511 1781950511 0 2677706 556 10002 1491 10002 4601 10002 2896 10002 5738 -1 
547 1781950511 1781950511 0 2669636 2987 10002 7812 10002 5675 10002 9482 10002 2509 -1 
565 1781950511 1781950511 0 2651757 3456 10002 7439 10002 2314 10002 2297 10002 9756 -1 
568 1781950511 1781950511 0 2677744 3092 10002 8759 10002 4410 10002 7967 10002 8417 -1 
586 1781950511 1781950511 0 2664240 2948 10002 1386 10002 2471 10002 4674 10002 9083 -1 
588 1781950511 1781950511 0 2665121 7805 10002 1863 10002 1504 10002 8 10002 1483 -1 
631 1781950511 1781950511 0 2666156 320 10002 75 10002 1035 10002 4575 10002 4570 -1 
636 1781950511 1781950511 0 2662444 5649 10002 2980 10002 330 10002 1614 10002 2681 -1 
642 1781950511 1781950511 0 2675293 2168 10002 1152 10002 9556 10002 2667 10002 3990 -1 
646 1781950511 1781950511 0 2669742 8384 10002 2917 10002 3084 10002 2319 10002 3309 -1 
647 1781950511 1781950511 0 2674053 2910 10002 2071 10002 153 10002 3702 10002 4088 -1 
650 1781950511 1781950511 0 2672979 1261 10002 2506 10002 7784 10002 5883 10002 8367 -1 
654 1781950511 1781950511 0 2677441 4896 10002 1971 10002 2168 10002 2022 10002 9320 -1 
660 1781950511 1781950511 0 2672238 8687 10002 2291 10002 1336 10002 2423 10002 3786 -1 
661 1781950511 1781950511 0 2673350 5397 10002 5375 10002 7098 10002 9871 10002 1707 -1 
675 1781950511 1781950511 0 2675136 9291 10002 2703 10002 9544 10002 9750 10002 320 -1 
694 1781950511 1781950511 0 2640042 5942 10060 4399 10060 2163 10060 5858 10060 5060 -1 
716 1781950511 1781950511 0 2675293 4590 10002 6252 10002 1804 10002 2918 10002 3990 -1 
723 1781950511 1781950511 0 2659372 8697 10002 1926 10002 1927 10002 2762 10002 2703 -1 
728 1781950511 1781950511 0 2670288 1474 10002 1715 10002 3321 10002 3438 10002 255 -1 
749 1781950511 1781950511 0 2672202 2466 10002 5774 10002 2280 10002 3415 10002 3526 -1 
750 1781950511 1781950511 0 2675364 1764 10002 2827 10002 5428 10002 8346 10002 3194 -1 
756 1781950511 1781950511 0 2678114 2612 10002 2374 10002 1377 10002 3031 10002 2576 -1 
764 1781950511 1781950511 0 2675702 7563 10002 5428 10002 2046 10002 562 10002 3096 -1 
766 1781950511 1781950511 0 2657870 7424 10002 1779 10002 2460 10002 1375 10002 5959 -1 
778 1781950511 1781950511 0 2656856 974 10070 258 10070 908 10070 8127 10070 3486 -1 
783 1781950511 1781950511 0 2677261 2066 10002 8343 10002 2386 10002 5695 10002 2471 -1 
790 1781950511 1781950511 0 2675855 3391 10002 3441 10002 1665 10002 8532 10002 565 -1 
824 1781950511 1781950511 0 2678297 6293 10069 1791 10142 6244 10142 8504 10065 6788 -1 
832 1781950511 1781950511 0 2675355 3279 10384 5353 10384 5353 10384 5239 10384 5239 -1 
840 1781950511 1781950511 0 2673721 3216 10065 7369 10065 9755 10065 7369 10065 8504 -1 
863 1781950511 1781950511 0 2673748 4563 10002 1952 10002 7254 10002 8 10002 2026 -1 
872 1781950511 1781950511 0 2675517 2050 10002 8254 10002 2220 10002 2119 10002 9415 -1 
890 1781950511 1781950511 0 2678310 1942 10338 2629 10338 2449 10338 2248 10338 2263 -1 
902 1781950511 1781950511 0 2579064 2899 10002 3273 10002 865 10002 5433 10002 3066 -1 
914 1781950511 1781950511 0 2677761 1543 10002 8680 10002 2151 10002 3367 10002 8346 -1 
918 1781950511 1781950511 0 2678297 2648 10002 1570 10002 9048 10065 5277 10065 6788 -1 
933 1781950511 1781950511 0 2673256 1876 10002 7492 10002 7903 10002 918 10002 161 -1 
945 1781950511 1781950511 0 2675177 9180 10107 5370 10107 3589 10107 1064 10059 2443 -1 
946 1781950511 1781950511 0 2671478 2398 10002 4387 10002 6375 10002 7345 10002 2386 -1 
954 1781950511 1781950511 0 2674242 1890 10070 5597 10070 3561 10070 310 10070 4611 -1 
957 1781950511 1781950511 0 2665359 2946 10002 8168 10002 9530 10002 1261 10002 90 -1 
967 1781950511 1781950511 0 2676296 9320 10002 9556 10002 2522 10002 2314 10002 3423 -1 
988 1781950511 1781950511 0 2653688 2945 10002 6899 10002 1901 10002 2521 10002 1901 -1 
992 1781950511 1781950511 0 2609768 3903 10002 2590 10002 1558 10002 2762 10002 1544 -1 
998 1781950511 1781950511 0 2677411 5737 10266 8617 10266 225 10266 3617 10266 225 -1 
1021 1781950511 1781950511 0 2660720 2676 10086 4060 10086 2692 10086 5246 10086 2505 -1 
1023 1781950511 1781950511 0 2678142 5694 10002 2247 10002 2455 10002 2742 10002 1234 -1 
1035 1781950511 1781950511 0 2675334 865 10002 2667 10002 3394 10002 9689 10002 6763 -1 
1050 1781950511 1781950511 0 2673578 1404 10002 8750 10002 4163 10002 9440 10002 8423 -1 
1058 1781950511 1781950511 0 2676330 4455 10002 3645 10002 2055 10002 2229 10002 3692 -1 
1064 1781950511 1781950511 0 2641748 2913 10002 2291 10002 4006 10002 8458 10002 2396 -1 
1071 1781950511 1781950511 0 2665714 5615 10002 2381 10002 5526 10002 6266 10002 8108 -1 
1081 1781950511 1781950511 0 2668076 5695 10002 2918 10002 9607 10002 8479 10002 9236 -1 
1083 1781950511 1781950511 0 2675489 3325 10002 3296 10002 3526 10002 2404 10002 6857 -1 
1106 1781950511 1781950511 0 2666172 1874 10002 2396 10002 3110 10002 2151 10002 4069 -1 
1123 1781950511 1781950511 0 2656729 5053 10002 2296 10002 2120 10002 2948 10002 2059 -1 
1156 1781950511 1781950511 0 2667276 8999 10002 8302 10002 1931 10002 6602 10002 8770 -1 
1166 1781950511 1781950511 0 2674811 2431 10002 3912 10002 2479 10002 3526 10002 3273 -1 
1185 1781950511 1781950511 0 2660039 3326 10002 701 10002 571 10002 1044 10002 8361 -1 
1202 1781950511 1781950511 0 2666825 606 10002 2976 10002 2896 10002 3684 10002 2221 -1 
1206 1781950511 1781950511 0 2666685 8265 10002 4000 10002 1431 10002 8108 10002 3038 -1 
1212 1781950511 1781950511 0 2672979 1491 10002 111 10002 3692 10002 8417 10002 8367 -1 
1213 1781950511 1781950511 0 2677528 8904 10002 3517 10002 7201 10002 153 10002 3492 -1 
1216 1781950511 1781950511 0 2659097 7686 10002 2399 10002 330 10002 6177 10002 2521 -1 
1219 1781950511 1781950511 0 2669461 8451 10069 4475 10069 4475 10069 3950 10069 3070 -1 
1224 1781950511 1781950511 0 2646687 5463 10002 2471 10002 1931 10002 7439 10002 7216 -1 
1252 1781950511 1781950511 0 2665911 8374 10107 4421 10107 8477 10107 4938 10107 7915 -1 
1257 1781950511 1781950511 0 2647361 1788 10002 8938 10002 4142 10002 7752 10002 868 -1 
1272 1781950511 1781950511 0 2677858 7473 10002 1863 10002 8445 10002 2451 10002 1350 -1 
1277 1781950511 1781950511 0 2650745 7848 10008 6622 10008 2027 10008 6140 10008 5287 -1 
1286 1781950511 1781950511 0 2673915 5603 10002 2396 10002 9287 10002 3370 10002 8851 -1 
1300 1781950511 1781950511 0 2675961 6857 10002 259 10002 1234 10002 153 10002 402 -1 
1308 1781950511 1781950511 0 2675229 8479 10002 6930 10002 1276 10002 4410 10002 328 -1 
1320 1781950511 1781950511 0 2659327 9085 10059 2688 10062 4565 10062 102 10062 6141 -1 
1334 1781950511 1781950511 0 2659486 4768 10002 9179 10002 2060 10002 840 10002 3215 -1 
1346 1781950511 1781950511 0 2677466 2249 10002 3560 10002 7180 10002 8779 10002 7361 -1 
1353 1781950511 1781950511 0 2671337 2729 10002 1916 10002 6572 10002 2838 10002 9287 -1 
1362 1781950511 1781950511 0 2677552 2394 10065 5812 10065 4147 10218 3135 10218 7484 -1 
1381 1781950511 1781950511 0 2666987 8217 10002 9790 10002 3869 10002 1752 10002 3670 -1 
1383 1781950511 1781950511 0 2678114 2592 10002 3273 10002 8759 10002 1911 10002 2576 -1 
1384 1781950511 1781950511 0 2666825 2993 10002 1610 10002 2010 10002 8417 10002 2221 -1 
1385 1781950511 1781950511 0 2663554 77 10002 2896 10002 2340 10002 9713 10002 2183 -1 
1386 1781950511 1781950511 0 2660444 1752 10002 384 10002 430 10002 1913 10002 1685 -1 
1394 1781950511 1781950511 0 2677812 8588 10002 2231 10002 3076 10002 6266 10002 6410 -1 
1399 1781950511 1781950511 0 2673290 8571 10002 373 10002 2945 10002 1283 10002 9559 -1 
1409 1781950511 1781950511 0 2674194 1926 10002 2404 10002 2610 10002 2946 10002 2304 -1 
1439 1781950511 1781950511 0 2666685 597 10002 1732 10002 3264 10002 9379 10002 3038 -1 
1443 1781950511 1781950511 0 2674469 5305 10002 4359 10002 8752 10002 3751 10002 8769 -1 
1468 1781950511 1781950511 0 2675108 4051 10002 8090 10002 7812 10002 8532 10002 1381 -1 
1472 1781950511 1781950511 0 2672077 873 10002 7967 10002 6763 10002 8196 10002 2454 -1 
1475 1781950511 1781950511 0 2668172 5011 10002 1318 10002 4195 10002 9790 10002 1431 -1 
1477 1781950511 1781950511 0 2673917 2805 10002 1943 10002 1044 10002 3702 10002 570 -1 
1497 1781950511 1781950511 0 2677645 8502 10002 2522 10002 5469 10002 6763 10002 3031 -1 
1505 1781950511 1781950511 0 2674056 8961 10002 2238 10002 2965 10002 3526 10002 7953 -1 
1506 1781950511 1781950511 0 2667181 7844 10002 4452 10002 3391 10002 6351 10002 9653 -1 
1516 1781950511 1781950511 0 2677528 4768 10002 3370 10002 153 10002 2931 10002 3492 -1 
1518 1781950511 1781950511 0 2676296 8498 10002 7267 10002 1876 10002 2089 10002 3423 -1 
1524 1781950511 1781950511 0 2671337 2894 10002 8254 10002 9579 10002 1899 10002 9287 -1 
1543 1781950511 1781950511 0 2677441 5961 10002 9236 10002 33 10002 6204 10002 9320 -1 
1544 1781950511 1781950511 0 2675230 6998 10070 7980 10070 310 10070 5785 10070 7589 -1 
1545 1781950511 1781950511 0 2677773 3100 10002 1963 10002 9530 10002 4900 10002 8284 -1 
1554 1781950511 1781950511 0 2673290 3096 10002 7169 10002 2896 10002 3492 10002 9559 -1 
1557 1781950511 1781950511 0 2491966 2022 10002 1977 10002 8164 10002 4115 10002 2783 -1 
1563 1781950511 1781950511 0 2671364 4535 10002 2022 10002 2849 10002 3672 10002 5883 -1 
1568 1781950511 1781950511 0 2678114 76 10002 8851 10002 299 10002 8284 10002 2576 -1 
1572 1781950511 1781950511 0 2674913 2269 10002 1378 10002 3415 10002 4306 10002 7901 -1 
1585 1781950511 1781950511 0 2671908 8938 10002 8821 10002 6036 10002 4400 10002 8 -1 
1600 1781950511 1781950511 0 2653816 3764 10002 6568 10002 1261 10002 3702 10002 1828 -1 
1603 1781950511 1781950511 0 2677706 2965 10002 2297 10002 1971 10002 3423 10002 5738 -1 
1638 1781950511 1781950511 0 2671082 4881 10002 2576 10002 2936 10002 1627 10002 1709 -1 
1646 1781950511 1781950511 0 2674177 4503 10070 5696 10070 6998 10070 3193 10070 310 -1 
1661 1781950511 1781950511 0 2671972 8657 10002 8680 10002 2742 10002 9114 10002 2137 -1 
1671 1781950511 1781950511 0 2658611 2247 10002 1001 10002 9305 10002 1920 10002 5252 -1 
1705 1781950511 1781950511 0 2675568 9528 10002 3964 10002 8284 10002 3702 10002 1152 -1 
1706 1781950511 1781950511 0 2663983 4601 10002 7805 10002 8811 10002 8994 10002 2986 -1 
1719 1781950511 1781950511 0 2666886 4159 10002 8417 10002 1017 10002 402 10002 2537 -1 
1722 1781950511 1781950511 0 2677761 2648 10002 1833 10002 2386 10002 701 10002 8346 -1 
1725 1781950511 1781950511 0 2678289 5118 10070 4419 10070 4662 10070 310 10070 5322 -1 
1733 1781950511 1781950511 0 2677858 5011 10002 2423 10002 2059 10002 3325 10002 1350 -1 
1750 1781950511 1781950511 0 2656033 2848 10002 7716 10002 3198 10002 1128 10002 2838 -1 
1764 1781950511 1781950511 0 2669742 8441 10002 2527 10002 3456 10002 3325 10002 3309 -1 
1766 1781950511 1781950511 0 2677761 9548 10002 1570 10002 3236 10002 9932 10002 8346 -1 
1780 1781950511 1781950511 0 2677645 1250 10002 2285 10002 8417 10002 3492 10002 3031 -1 
1782 1781950511 1781950511 0 2675242 378 10002 1424 10002 8904 10002 2404 10002 3977 -1 
1783 1781950511 1781950511 0 2671660 9096 10266 1093 10076 4815 10076 468 10076 642 -1 
1810 1781950511 1781950511 0 2645902 1613 10002 2681 10002 3456 10002 2521 10002 8834 -1 
1817 1781950511 1781950511 0 2675244 2902 10215 5187 10215 5380 10215 5380 10215 4462 -1 
1843 1781950511 1781950511 0 2677070 3260 10107 6197 10107 8675 10107 4938 10107 3589 -1 
1864 1781950511 1781950511 0 2646687 3692 10002 2506 10002 3819 10002 2612 10002 7216 -1 
1867 1781950511 1781950511 0 2676382 9162 10002 379 10002 5961 10002 3964 10002 5695 -1 
1872 1781950511 1781950511 0 2677761 1019 10002 3545 10002 8417 10002 701 10002 8346 -1 
1882 1781950511 1781950511 0 2658368 7062 10002 1901 10002 7391 10076 468 10076 3699 -1 
1898 1781950511 1781950511 0 2648076 4488 10070 5597 10070 974 10070 4662 10070 258 -1 
1904 1781950511 1781950511 0 2677070 4766 10060 4802 10107 4618 10107 8675 10107 3589 -1 
1927 1781950511 1781950511 0 2678271 1475 10002 3892 10002 6410 10002 1234 10002 1283 -1 
1932 1781950511 1781950511 0 2671885 2231 10002 7953 10002 3192 10002 3843 10002 9830 -1 
1942 1781950511 1781950511 0 2616318 3877 10338 2342 10338 1635 10338 9652 10338 2449 -1 
1946 1781950511 1781950511 0 2640898 3410 10002 2398 10002 2229 10002 3668 10002 4924 -1 
1963 1781950511 1781950511 0 2659186 375 10107 4404 10002 5484 10002 5156 10002 3022 -1 
1975 1781950511 1781950511 0 2677899 9527 10317 8729 10317 8729 10317 8729 10317 8729 -1 
1984 1781950511 1781950511 0 2675334 2388 10002 9556 10002 3017 10002 9750 10002 6763 -1 
1986 1781950511 1781950511 0 2634862 8532 10002 3492 10002 9048 10002 1747 10002 8503 -1 
1987 1781950511 1781950511 0 2664369 958 10018 6230 10018 6997 10018 7627 10018 8442 -1 
1988 1781950511 1781950511 0 2675634 6455 10002 8526 10002 1600 10002 2386 10002 1336 -1 
1992 1781950511 1781950511 0 2678389 10008 4084 10008 7188 10008 2027 10008 10 10008 -1 
2008 1781950511 1781950511 0 2669416 8576 10002 2066 10002 8426 10002 46 10002 2251 -1 
2012 1781950511 1781950511 0 2673013 3100 10002 8 10002 1316 10002 9871 10002 8373 -1 
2014 1781950511 1781950511 0 2672979 1613 10002 1715 10002 2331 10002 9932 10002 8367 -1 
2025 1781950511 1781950511 0 2669540 2287 10002 9544 10002 4459 10002 4575 10002 3431 -1 
2034 1781950511 1781950511 0 2658227 2726 10002 1019 10002 2866 10002 8834 10002 9218 -1 
2036 1781950511 1781950511 0 2675057 822 10002 2264 10002 1128 10002 2934 10002 4051 -1 
2056 1781950511 1781950511 0 2675702 4896 10002 3104 10002 2006 10002 9615 10002 3096 -1 
2057 1781950511 1781950511 0 2670947 22 10002 1381 10002 3215 10002 2628 10002 2079 -1 
2064 1781950511 1781950511 0 2641635 4953 10086 1048 10086 1054 10086 1501 10086 4524 -1 
2090 1781950511 1781950511 0 2675089 7267 10002 77 10002 379 10002 3370 10002 7439 -1 
2102 1781950511 1781950511 0 2670288 8254 10002 1870 10002 1267 10002 1685 10002 255 -1 
2106 1781950511 1781950511 0 2672238 328 10002 3421 10002 1300 10002 3198 10002 3786 -1 
2110 1781950511 1781950511 0 2670307 8646 10002 1627 10002 3194 10002 2399 10002 4400 -1 
2115 1781950511 1781950511 0 2674144 8689 10002 2152 10002 5080 10002 2637 10002 8509 -1 
2133 1781950511 1781950511 0 2664783 5570 10002 9523 10002 2001 10002 8361 10002 6602 -1 
2157 1781950511 1781950511 0 2676330 8302 10002 2119 10002 6036 10002 7953 10002 3692 -1 
2163 1781950511 1781950511 0 2673309 2289 10070 3157 10070 5893 10070 310 10070 4477 -1 
2182 1781950511 1781950511 0 2677744 7800 10002 8994 10002 4504 10002 701 10002 8417 -1 
2194 1781950511 1781950511 0 2674613 117 10002 9482 10002 2866 10002 562 10002 9538 -1 
2206 1781950511 1781950511 0 2676620 8498 10002 9202 10002 2331 10002 3990 10002 8196 -1 
2211 1781950511 1781950511 0 2677773 1044 10002 2118 10002 8734 10002 30 10002 8284 -1 
2218 1781950511 1781950511 0 2675334 2285 10002 2682 10002 2986 10002 2965 10002 1979 -1 
2226 1781950511 1781950511 0 2677706 2663 10002 9039 10002 1715 10002 3545 10002 5738 -1 
2236 1781950511 1781950511 0 2661249 2238 10002 4601 10002 9115 10002 5428 10002 8445 -1 
2241 1781950511 1781950511 0 2649001 4224 10002 215 10002 8834 10002 9482 10002 5615 -1 
2267 1781950511 1781950511 0 2678142 9440 10002 9713 10002 9279 10002 3545 10002 1234 -1 
2269 1781950511 1781950511 0 2674495 1698 10494 6249 10494 8968 10494 8968 10494 1698 -1 
2286 1781950511 1781950511 0 2671162 2026 10002 2471 10002 1913 10002 4575 10002 3672 -1 
2294 1781950511 1781950511 0 2593527 3793 10070 310 10070 310 10070 2188 10070 4671 -1 
2298 1781950511 1781950511 0 2671887 2263 10338 1635 10338 1006 10338 2534 10338 7905 -1 
2306 1781950511 1781950511 0 2670288 986 10002 7361 10002 840 10002 2099 10002 255 -1 
2315 1781950511 1781950511 0 2661394 4088 10002 1402 10002 5484 10002 5252 10002 2340 -1 
2318 1781950511 1781950511 0 2654988 1854 10002 2946 10002 6227 10002 2665 10002 1788 -1 
2340 1781950511 1781950511 0 2674411 4199 10002 2181 10002 1431 10002 562 10002 9750 -1 
2368 1781950511 1781950511 0 2677812 9653 10002 8750 10002 1747 10002 5738 10002 6410 -1 
2370 1781950511 1781950511 0 2671885 3781 10002 6899 10002 1504 10002 2838 10002 9830 -1 
2402 1781950511 1781950511 0 2663015 5375 10002 3652 10002 1531 10002 2849 10002 8600 -1 
2405 1781950511 1781950511 0 2676051 5774 10002 1936 10002 8302 10002 3415 10002 2992 -1 
2411 1781950511 1781950511 0 2676119 3078 10002 3645 10002 3020 10002 9073 10002 2896 -1 
2422 1781950511 1781950511 0 2675027 9144 10186 9144 10186 4162 10186 4162 10730 1197 -1 
2442 1781950511 1781950511 0 2656738 9381 10002 2827 10002 676 10002 8631 10002 2976 -1 
2446 1781950511 1781950511 0 2669102 1199 10062 2385 10062 8325 10062 2688 10062 2817 -1 
2456 1781950511 1781950511 0 2658227 516 10002 4452 10002 9269 10002 9114 10002 9218 -1 
2462 1781950511 1781950511 0 2677070 4454 10107 9238 10107 375 10107 4938 10107 3589 -1 
2464 1781950511 1781950511 0 2627457 7980 10070 4179 10070 3240 10070 974 10070 3232 -1 
2470 1781950511 1781950511 0 2673192 1863 10002 2398 10002 4163 10002 6351 10002 5102 -1 
2489 1781950511 1781950511 0 2658611 6899 10002 8984 10002 9556 10002 3964 10002 5252 -1 
2495 1781950511 1781950511 0 2673013 1611 10002 2269 10002 6582 10002 2079 10002 8373 -1 
2513 1781950511 1781950511 0 2666825 4069 10002 9559 10002 256 10002 865 10002 2221 -1 
2516 1781950511 1781950511 0 2675244 8841 10009 2771 10009 8841 10009 4998 10215 4462 -1 
2524 1781950511 1781950511 0 2669941 9433 10277 1363 10113 6646 10277 7869 10113 3375 -1 
2543 1781950511 1781950511 0 2678271 2934 10002 9044 10002 2501 10002 1234 10002 1283 -1 
2549 1781950511 1781950511 0 2677441 8752 10002 33 10002 2118 10002 3977 10002 9320 -1 
2567 1781950511 1781950511 0 2677070 8340 10107 375 10107 8067 10107 8675 10107 3589 -1 
2575 1781950511 1781950511 0 2677411 8664 10266 5790 10266 951 10266 5790 10266 225 -1 
2580 1781950511 1781950511 0 2663747 8773 10002 2682 10002 5755 10002 9379 10002 1665 -1 
2586 1781950511 1781950511 0 2669742 8670 10002 2948 10002 8217 10002 64 10002 3309 -1 
2590 1781950511 1781950511 0 2676620 7391 10002 6572 10002 3560 10002 3370 10002 306 -1 
2615 1781950511 1781950511 0 2675230 5893 10070 3157 10070 7488 10070 3240 10070 7589 -1 
2622 1781950511 1781950511 0 2674626 305 10262 7531 10262 2467 10062 8516 10059 3502 -1 
2623 1781950511 1781950511 0 2662102 2576 10002 2980 10002 2001 10002 2471 10002 7301 -1 
2633 1781950511 1781950511 0 2671478 1859 10002 255 10002 3411 10002 2374 10002 2386 -1 
2638 1781950511 1781950511 0 2664884 289 10002 2703 10002 9302 10002 4359 10002 5366 -1 
2640 1781950511 1781950511 0 2667730 3461 10207 3867 10207 3543 10207 5756 10207 3543 -1 
2670 1781950511 1781950511 0 2645342 2629 10338 2534 10338 1942 10338 8684 10338 2342 -1 
2675 1781950511 1781950511 0 2636432 622 10086 2978 10086 1088 10086 1524 10086 5765 -1 
2678 1781950511 1781950511 0 2674525 4538 10002 2287 10002 9198 10002 5469 10002 8728 -1 
2716 1781950511 1781950511 0 2674733 7345 10002 2221 10002 142 10002 3843 10002 9689 -1 
2721 1781950511 1781950511 0 2671931 8338 10070 7320 10070 5143 10070 310 10070 2016 -1 
2729 1781950511 1781950511 0 2677706 238 10002 5694 10002 7492 10002 3492 10002 5738 -1 
2731 1781950511 1781950511 0 2663107 1558 10002 8735 10002 4217 10002 402 10002 1318 -1 
2736 1781950511 1781950511 0 2670534 6252 10002 9179 10002 4847 10002 3519 10002 3832 -1 
2750 1781950511 1781950511 0 2661618 3028 10002 9790 10002 2178 10002 1483 10002 2994 -1 
2773 1781950511 1781950511 0 2673748 3418 10002 920 10002 3751 10002 3370 10002 2026 -1 
2779 1781950511 1781950511 0 2657332 1062 10002 3815 10002 1913 10002 6204 10002 4797 -1 
2786 1781950511 1781950511 0 2673844 3987 10507 2315 10507 5933 10507 4803 10070 3561 -1 
2789 1781950511 1781950511 0 2655352 7406 10002 280 10002 280 10002 3303 10002 2147 -1 
2795 1781950511 1781950511 0 2676193 2948 10002 8347 10002 480 10002 2965 10002 1985 -1 
2799 1781950511 1781950511 0 2675944 6253 10002 3764 10002 3326 10002 7417 10002 4549 -1 
2833 1781950511 1781950511 0 2678287 249 10086 4547 10086 9361 10086 5246 10086 4174 -1 
2835 1781950511 1781950511 0 2646398 1377 10002 5570 10002 259 10002 57 10002 5323 -1 
2838 1781950511 1781950511 0 2626014 4019 10338 1605 10338 9666 10338 2263 10338 8684 -1 
2844 1781950511 1781950511 0 2631317 7406 10002 8326 10002 9660 10002 8685 10002 256 -1 
2849 1781950511 1781950511 0 2675334 1872 10002 5302 10002 1613 10002 5660 10002 6763 -1 
2863 1781950511 1781950511 0 2676675 3645 10002 2552 10002 7377 10002 2761 10002 2931 -1 
2884 1781950511 1781950511 0 2481998 325 10002 7844 10002 8302 10002 2931 10002 8106 -1 
2887 1781950511 1781950511 0 2666146 1641 10002 3273 10002 2637 10002 8454 10002 591 -1 
2918 1781950511 1781950511 0 2669054 1851 10002 2986 10065 3216 10065 5277 10065 871 -1 
2919 1781950511 1781950511 0 2666653 4691 10060 8260 10060 5083 10142 7545 10142 7584 -1 
2920 1781950511 1781950511 0 2666480 2001 10002 4750 10002 2249 10002 3292 10002 2410 -1 
2928 1781950511 1781950511 0 2677761 8973 10002 7169 10002 1943 10002 1570 10002 8346 -1 
2938 1781950511 1781950511 0 2661424 8353 10166 1722 10142 1379 10142 1379 10142 8691 -1 
2939 1781950511 1781950511 0 2665505 2262 10002 8445 10002 8600 10002 75 10002 8441 -1 
2941 1781950511 1781950511 0 2676531 2678 10002 2082 10002 3020 10002 2992 10002 3684 -1 
2959 1781950511 1781950511 0 2662507 7062 10002 7207 10002 7901 10002 8 10002 4000 -1 
2964 1781950511 1781950511 0 2677524 5417 10070 7488 10070 7956 10070 4611 10070 613 -1 
2967 1781950511 1781950511 0 2670342 2046 10002 1841 10002 4088 10002 2089 10002 5759 -1 
2971 1781950511 1781950511 0 2671041 6130 10070 3184 10070 5461 10070 8433 10070 4571 -1 
2978 1781950511 1781950511 0 2670464 1789 10065 3691 10065 2262 10065 9755 10065 7369 -1 
2989 1781950511 1781950511 0 2678142 2220 10002 6455 10002 2066 10002 5695 10002 1234 -1 
2990 1781950511 1781950511 0 2631823 674 10002 9115 10002 1250 10002 2586 10002 2413 -1 
2991 1781950511 1781950511 0 2677441 2834 10002 7563 10002 2870 10002 8532 10002 9320 -1 
204 1781950511 1781950511 0 2673039 2517 10002 3670 10002 6763 10002 2847 10277 7869 10113 -1 
982 1781950511 1781950511 0 2672560 10338 2342 10338 9652 10338 2263 10338 2534 10338 2248 -1 
1663 1781950511 1781950511 0 2677411 10377 5069 10266 9056 10266 225 10266 8617 10266 225 -1 
1669 1781950511 1781950511 0 2673361 10596 2467 10463 2467 10060 5942 10060 97 10060 5858 -1 
1720 1781950511 1781950511 0 2667902 10649 2953 10649 2953 10431 2953 10649 2953 10649 2953 -1 
2280 1781950511 1781950511 0 2678389 5544 10008 2623 10008 1723 10008 1331 10008 10 10008 -1 
2420 1781950511 1781950511 0 2668492 4683 10322 7033 10322 7033 10322 7033 10322 6599 10322 -1 
2712 1781950511 1781950511 0 2672820 107 10018 2941 10018 8179 10018 7627 10018 3634 10703 -1 
2821 1781950511 1781950511 0 2668676 10008 58 10008 7848 10008 1723 10008 3834 10008 4482 -1 
70 1781950511 1781950511 0 2675828 853 10002 7214 10002 2006 10002 4069 10002 2934 10002 1926 -1 
117 1781950511 1781950511 0 2673721 8504 10065 513 10065 8630 10065 5277 10065 7369 10065 8504 -1 
140 1781950511 1781950511 0 2658747 4179 10070 2186 10070 6659 10070 5696 10070 8433 10070 7956 -1 
141 1781950511 1781950511 0 2657412 4736 10002 5136 10002 6245 10002 8673 10002 1284 10002 1375 -1 
188 1781950511 1781950511 0 2677466 2291 10002 2479 10002 6252 10002 7439 10002 2931 10002 7361 -1 
216 1781950511 1781950511 0 2660987 3120 10002 8833 10002 1477 10002 2993 10002 480 10002 2264 -1 
222 1781950511 1781950511 0 2669071 2645 10002 2300 10002 1418 10065 3216 10065 5277 10065 8630 -1 
226 1781950511 1781950511 0 2666740 2050 10002 2229 10002 6125 10002 1261 10002 9218 10002 1779 -1 
247 1781950511 1781950511 0 2671162 5959 10002 6259 10002 3117 10002 77 10002 3412 10002 3672 -1 
268 1781950511 1781950511 0 2669247 7805 10002 6799 10002 7424 10002 2434 10002 2231 10002 2965 -1 
282 1781950511 1781950511 0 2675559 3202 10002 5463 10002 8752 10002 8108 10002 3990 10002 2 -1 
288 1781950511 1781950511 0 2675108 2381 10002 3403 10002 2331 10002 6410 10002 3423 10002 1381 -1 
380 1781950511 1781950511 0 2674811 1836 10002 1772 10002 1836 10002 6245 10002 9236 10002 3273 -1 
472 1781950511 1781950511 0 2673309 917 10070 267 10070 8396 10070 5461 10070 5118 10070 4477 -1 
495 1781950511 1781950511 0 2660214 4084 10442 3254 10266 3254 10266 8617 10266 5790 10266 3617 -1 
504 1781950511 1781950511 0 2677812 2247 10002 2718 10002 2280 10002 8274 10002 3325 10002 6410 -1 
527 1781950511 1781950511 0 2674913 2252 10002 2262 10002 5966 10002 4298 10002 1316 10002 7901 -1 
553 1781950511 1781950511 0 2674411 3645 10002 8851 10002 9083 10002 3401 10002 1709 10002 9750 -1 
554 1781950511 1781950511 0 2656026 4069 10002 2521 10002 4298 10002 6899 10002 4051 10002 1808 -1 
616 1781950511 1781950511 0 2671374 2339 10002 3753 10002 1424 10002 2431 10002 4386 10002 1800 -1 
651 1781950511 1781950511 0 2669461 2440 10097 6225 10069 4961 10069 4475 10069 6540 10069 3070 -1 
652 1781950511 1781950511 0 2677686 3110 10002 3192 10002 2046 10002 3751 10002 3492 10002 30 -1 
663 1781950511 1781950511 0 2670741 2615 10002 1012 10002 7219 10002 4797 10002 4674 10002 2754 -1 
669 1781950511 1781950511 0 2670592 8164 10002 2714 10002 1971 10002 1234 10002 2451 10002 2374 -1 
679 1781950511 1781950511 0 2674733 3764 10002 3491 10002 2291 10002 161 10002 1804 10002 9689 -1 
685 1781950511 1781950511 0 2675293 3061 10002 1916 10002 5103 10002 2501 10002 8670 10002 3990 -1 
734 1781950511 1781950511 0 2665816 6483 10002 2917 10002 2332 10002 986 10002 5883 10002 2168 -1 
760 1781950511 1781950511 0 2678271 4359 10002 7311 10002 3194 10002 1709 10002 8346 10002 1283 -1 
773 1781950511 1781950511 0 2668172 4272 10002 9232 10002 6568 10002 1863 10002 299 10002 1431 -1 
816 1781950511 1781950511 0 2666149 1382 10002 1267 10002 3912 10002 280 10002 1336 10002 2089 -1 
834 1781950511 1781950511 0 2672338 8366 10002 3023 10002 3296 10002 1808 10002 3367 10002 8706 -1 
862 1781950511 1781950511 0 2673151 6043 10002 986 10002 1985 10002 3091 10002 3526 10002 1690 -1 
882 1781950511 1781950511 0 2659478 6375 10002 1250 10002 4088 10002 9114 10002 7169 10002 7812 -1 
909 1781950511 1781950511 0 2660647 590 10002 4768 10002 3560 10002 3545 10002 3591 10002 3017 -1 
916 1781950511 1781950511 0 2658708 516 10002 1715 10002 210 10002 1404 10002 2612 10002 2455 -1 
937 1781950511 1781950511 0 2673721 4812 10065 5419 10065 3439 10065 5277 10065 7369 10065 8504 -1 
977 1781950511 1781950511 0 2669339 4896 10002 8631 10002 9607 10002 8070 10002 8680 10002 5265 -1 
980 1781950511 1781950511 0 2674913 8417 10002 2060 10002 8365 10002 8851 10002 9379 10002 7901 -1 
987 1781950511 1781950511 0 2677452 3436 10002 8950 10002 7174 10002 1993 10002 7901 10002 701 -1 
999 1781950511 1781950511 0 2654013 8630 10065 5812 10065 6694 10065 6694 10065 5812 10065 9048 -1 
1002 1781950511 1781950511 0 2657835 2945 10002 9438 10002 3112 10002 1570 10002 22 10002 5774 -1 
1013 1781950511 1781950511 0 2677645 316 10002 1883 10002 117 10002 1772 10002 3492 10002 3031 -1 
1043 1781950511 1781950511 0 2668264 5463 10002 1985 10002 8770 10002 2985 10002 3303 10002 5302 -1 
1073 1781950511 1781950511 0 2675944 329 10002 2931 10002 2703 10002 1570 10002 2399 10002 4549 -1 
1074 1781950511 1781950511 0 2678271 2297 10002 2742 10002 2178 10002 6372 10002 3219 10002 1283 -1 
1079 1781950511 1781950511 0 2677899 2789 10317 1355 10317 6645 10317 8729 10317 8729 10317 8729 -1 
1112 1781950511 1781950511 0 2664472 357 10002 3219 10002 1927 10002 3165 10002 4459 10002 3220 -1 
1126 1781950511 1781950511 0 2677773 8835 10002 1878 10002 8458 10002 6177 10002 8346 10002 8284 -1 
1129 1781950511 1781950511 0 2675089 2234 10002 5463 10002 5080 10002 111 10002 9750 10002 7439 -1 
1178 1781950511 1781950511 0 2667910 2461 10002 153 10002 6410 10002 865 10002 1570 10002 2408 -1 
1179 1781950511 1781950511 0 2672560 2660 10338 7905 10338 7894 10338 2629 10338 9666 10338 2248 -1 
1205 1781950511 1781950511 0 2666093 5686 10002 2931 10002 2417 10002 1836 10002 3370 10002 2022 -1 
1248 1781950511 1781950511 0 2676251 3203 10070 6529 10070 310 10070 4561 10070 3561 10070 3968 -1 
1278 1781950511 1781950511 0 2671126 429 10002 306 10002 3526 10002 2082 10002 2231 10002 3325 -1 
1321 1781950511 1781950511 0 2678289 3904 10070 3448 10070 8060 10070 8398 10070 623 10070 5322 -1 
1327 1781950511 1781950511 0 2663819 2980 10002 7526 10002 4807 10002 9305 10002 480 10002 1570 -1 
1363 1781950511 1781950511 0 2677744 378 10002 8284 10002 1424 10002 3843 10002 701 10002 8417 -1 
1380 1781950511 1781950511 0 2675334 2323 10002 3418 10002 2899 10002 3517 10002 8417 10002 6763 -1 
1406 1781950511 1781950511 0 2677706 2628 10002 1961 10002 2718 10002 2404 10002 701 10002 5738 -1 
1432 1781950511 1781950511 0 2660039 2986 10002 2037 10002 9320 10002 8835 10002 2431 10002 8361 -1 
1462 1781950511 1781950511 0 2671455 5570 10002 8454 10002 2231 10002 1947 10002 4069 10002 179 -1 
1470 1781950511 1781950511 0 2674712 1544 10002 7098 10002 33 10002 6266 10002 2931 10002 2761 -1 
1480 1781950511 1781950511 0 2667892 2178 10002 9089 10002 3158 10002 8070 10002 3526 10002 2099 -1 
1513 1781950511 1781950511 0 2675855 7143 10002 5310 10002 7492 10002 1788 10002 7901 10002 565 -1 
1547 1781950511 1781950511 0 2678142 3031 10002 3391 10002 1074 10002 4575 10002 2451 10002 1234 -1 
1564 1781950511 1781950511 0 2675670 1924 10002 2651 10002 448 10002 2001 10002 1431 10002 1074 -1 
1632 1781950511 1781950511 0 2669416 1951 10002 8773 10002 8670 10002 5139 10002 1779 10002 2251 -1 
1668 1781950511 1781950511 0 2666446 611 10069 4136 10107 9582 10065 9755 10065 5277 10065 6950 -1 
1679 1781950511 1781950511 0 2667276 3296 10002 5252 10002 6455 10002 3192 10002 8196 10002 8770 -1 
1743 1781950511 1781950511 0 2676976 4224 10002 5675 10002 1001 10002 57 10002 8779 10002 4212 -1 
1746 1781950511 1781950511 0 2675568 2031 10002 6783 10002 2340 10002 2238 10002 3194 10002 1152 -1 
1751 1781950511 1781950511 0 2675496 3274 10002 4090 10002 2965 10002 7098 10002 2838 10002 1600 -1 
1768 1781950511 1781950511 0 2677858 2135 10002 2576 10002 3714 10002 2811 10002 8196 10002 1350 -1 
1786 1781950511 1781950511 0 2658599 1267 10002 2977 10002 6496 10002 8529 10002 701 10002 289 -1 
1788 1781950511 1781950511 0 2676193 2870 10002 7424 10002 9198 10002 2431 10002 2726 10002 1985 -1 
1799 1781950511 1781950511 0 2588575 7251 10070 310 10070 5118 10070 4179 10070 3561 10070 4803 -1 
1807 1781950511 1781950511 0 2676051 3358 10002 3746 10002 6200 10002 2079 10002 4896 10002 2992 -1 
1814 1781950511 1781950511 0 2678142 8646 10002 1477 10002 3098 10002 4183 10002 8417 10002 1234 -1 
1820 1781950511 1781950511 0 2676119 2026 10002 4256 10002 9083 10002 3412 10002 3370 10002 2896 -1 
1876 1781950511 1781950511 0 2639574 3984 10002 1870 10002 7169 10002 986 10002 7311 10002 8752 -1 
1902 1781950511 1781950511 0 2667993 2681 10002 2234 10002 2836 10002 4570 10002 3038 10002 3321 -1 
1947 1781950511 1781950511 0 2663286 2537 10002 2471 10002 2252 10002 1424 10002 2151 10002 1920 -1 
2004 1781950511 1781950511 0 2659614 468 10076 7721 10076 9312 10076 4280 10076 9910 10076 652 -1 
2022 1781950511 1781950511 0 2664929 2322 10002 2001 10002 6763 10002 1250 10002 3296 10002 2247 -1 
2068 1781950511 1781950511 0 2652115 5296 10486 3160 10486 5296 10486 1738 10486 1654 10486 3160 -1 
2069 1781950511 1781950511 0 2676620 2714 10002 1318 10002 865 10002 3441 10002 5695 10002 306 -1 
2082 1781950511 1781950511 0 2677858 2628 10002 9232 10002 9047 10002 8938 10002 8346 10002 1350 -1 
2088 1781950511 1781950511 0 2671162 8851 10002 938 10002 3703 10002 6266 10002 4400 10002 3672 -1 
2091 1781950511 1781950511 0 2677858 2522 10002 2521 10002 3273 10002 8366 10002 4051 10002 1350 -1 
2108 1781950511 1781950511 0 2673135 4400 10002 1641 10002 2386 10002 5660 10002 8 10002 6899 -1 
2145 1781950511 1781950511 0 2668335 3545 10002 8454 10002 2304 10002 2612 10002 2249 10002 2399 -1 
2149 1781950511 1781950511 0 2674177 7956 10070 4477 10070 7488 10070 4661 10070 6261 10070 310 -1 
2201 1781950511 1781950511 0 2678271 6461 10002 329 10002 6375 10002 2681 10002 3492 10002 1283 -1 
2204 1781950511 1781950511 0 2654013 3066 10065 6943 10065 6951 10065 5419 10065 9582 10065 9048 -1 
2251 1781950511 1781950511 0 2677452 9932 10002 2001 10002 2948 10002 7492 10002 2026 10002 701 -1 
2265 1781950511 1781950511 0 2676834 5107 10218 9087 10218 6478 10218 1879 10218 5107 10218 3135 -1 
2275 1781950511 1781950511 0 2669461 8287 10069 8451 10079 4762 10079 9004 10079 3950 10069 3070 -1 
2282 1781950511 1781950511 0 2666172 2651 10002 2199 10002 3518 10002 5707 10002 591 10002 4069 -1 
2285 1781950511 1781950511 0 2671126 2473 10002 2135 10002 2220 10002 5323 10002 7358 10002 3325 -1 
2321 1781950511 1781950511 0 2665979 2938 10002 8326 10002 1318 10002 3023 10002 676 10002 2314 -1 
2327 1781950511 1781950511 0 2677452 8326 10002 357 10002 2205 10002 2264 10002 8779 10002 701 -1 
2352 1781950511 1781950511 0 2657582 1672 10069 3625 10069 4475 10069 3282 10069 4592 10069 8849 -1 
2361 1781950511 1781950511 0 2677744 4407 10002 4538 10002 2031 10002 8 10002 9932 10002 8417 -1 
2362 1781950511 1781950511 0 2666172 8972 10002 3560 10002 3753 10002 2119 10002 1283 10002 4069 -1 
2406 1781950511 1781950511 0 2617806 4006 10002 9181 10002 9538 10002 8090 10002 8770 10002 2322 -1 
2453 1781950511 1781950511 0 2672203 8426 10002 5139 10002 9615 10002 280 10002 8347 10002 325 -1 
2469 1781950511 1781950511 0 2673256 2479 10002 1642 10002 637 10002 3292 10002 2870 10002 161 -1 
2497 1781950511 1781950511 0 2675496 2455 10002 1832 10002 2936 10002 3431 10002 9750 10002 1600 -1 
2534 1781950511 1781950511 0 2676374 4712 10070 5696 10070 908 10070 3240 10070 3561 10070 3184 -1 
2592 1781950511 1781950511 0 2674955 5195 10070 4488 10070 7479 10070 974 10070 310 10070 623 -1 
2601 1781950511 1781950511 0 2678289 718 10070 310 10070 4179 10070 4477 10070 3240 10070 5322 -1 
2636 1781950511 1781950511 0 2674862 3766 10070 310 10070 310 10070 5785 10070 3561 10070 3448 -1 
2657 1781950511 1781950511 0 2678114 2679 10002 1887 10002 330 10002 8070 10002 2931 10002 2576 -1 
2698 1781950511 1781950511 0 2669482 2423 10002 9440 10002 2399 10002 1386 10002 2628 10002 2742 -1 
2722 1781950511 1781950511 0 2676976 8647 10002 2120 10002 7424 10002 2866 10002 9415 10002 4212 -1 
2728 1781950511 1781950511 0 2666102 2251 10002 1627 10002 7417 10002 4051 10002 1901 10002 5660 -1 
2739 1781950511 1781950511 0 2676296 2645 10002 3519 10002 1899 10002 77 10002 4896 10002 3423 -1 
2768 1781950511 1781950511 0 2669102 6141 10059 7552 10059 102 10062 1199 10062 8516 10062 2817 -1 
2770 1781950511 1781950511 0 2662402 3120 10002 384 10002 5433 10002 3401 10002 1250 10002 2762 -1 
2812 1781950511 1781950511 0 2677000 1381 10002 6252 10002 2252 10002 4504 10002 9689 10002 9279 -1 
2823 1781950511 1781950511 0 2675559 4364 10002 7345 10002 8580 10002 8904 10002 5686 10002 2 -1 
2859 1781950511 1781950511 0 2678271 3511 10002 2058 10002 464 10002 3560 10002 8779 10002 1283 -1 
2891 1781950511 1781950511 0 2675364 76 10002 1402 10002 3096 10002 5774 10002 1283 10002 3194 -1 
2907 1781950511 1781950511 0 2672560 6020 10338 2660 10338 9666 10338 2534 10338 7905 10338 2248 -1 
2927 1781950511 1781950511 0 2668168 2805 10002 2485 10002 3324 10002 8734 10002 3236 10002 7967 -1 
2936 1781950511 1781950511 0 2669247 3890 10002 1210 10002 8532 10002 3147 10002 2151 10002 2965 -1 
2946 1781950511 1781950511 0 2665979 2729 10002 5103 10002 179 10002 1833 10002 3843 10002 2314 -1 
2985 1781950511 1781950511 0 2677761 2147 10002 1277 10002 2738 10002 2050 10002 8417 10002 8346 -1 
2988 1781950511 1781950511 0 2676251 4390 10070 7003 10070 5537 10070 7956 10070 310 10070 3968 -1 
2992 1781950511 1781950511 0 2672046 3724 10107 1045 10107 9027 10107 4938 10107 7915 10107 8675 -1 
721 1781950511 1781950511 0 2669102 10317 7260 10062 2817 10062 2688 10059 9455 10062 8516 10062 2817 -1 
1581 1781950511 1781950511 0 2670956 1726 10549 2062 10549 2062 10504 2062 10549 2558 10549 6521 10504 -1 
2225 1781950511 1781950511 0 2667584 3120 10002 8536 10002 2530 10002 2846 10002 5813 10462 797 10462 -1 
2711 1781950511 1781950511 0 2677070 10903 6951 10065 513 10065 6694 10065 8245 10107 4938 10107 3589 -1 
2764 1781950511 1781950511 0 2678147 1067 10042 895 10042 895 10042 292 10042 1411 10042 156 10042 -1 
38 1781950511 1781950511 0 2675229 3066 10002 5428 10002 8689 10002 2537 10002 2319 10002 3526 10002 328 -1 
79 1781950511 1781950511 0 2674473 1979 10002 3 10002 4088 10002 4504 10002 2115 10002 179 10002 6229 -1 
241 1781950511 1781950511 0 2677773 7406 10002 8346 10002 2729 10002 8502 10002 1019 10002 306 10002 8284 -1 
278 1781950511 1781950511 0 2675242 8950 10002 8728 10002 3903 10002 721 10002 9189 10002 9530 10002 3977 -1 
560 1781950511 1781950511 0 2674712 1828 10002 8423 10002 8657 10002 299 10002 4400 10002 3370 10002 2761 -1 
570 1781950511 1781950511 0 2675051 2986 10002 6229 10002 2866 10002 5615 10002 1531 10002 2046 10002 3158 -1 
575 1781950511 1781950511 0 2671248 2388 10002 8485 10002 8326 10002 8367 10002 8458 10002 9218 10002 153 -1 
737 1781950511 1781950511 0 2677452 1012 10002 3117 10002 1603 10002 1558 10002 7311 10002 7417 10002 701 -1 
884 1781950511 1781950511 0 2669102 6970 10002 1772 10059 2769 10059 2443 10062 4565 10059 2688 10062 2817 -1 
920 1781950511 1781950511 0 2671908 1796 10002 2836 10002 6227 10002 464 10002 9530 10002 3441 10002 8 -1 
931 1781950511 1781950511 0 2678114 7446 10002 3888 10002 6763 10002 4400 10002 1074 10002 9932 10002 2576 -1 
944 1781950511 1781950511 0 2660797 8773 10002 8576 10002 4452 10002 1483 10002 373 10002 2290 10002 3880 -1 
965 1781950511 1781950511 0 2676382 1283 10002 1881 10002 3964 10002 3165 10002 2423 10002 2120 10002 5695 -1 
1242 1781950511 1781950511 0 2660787 9083 10002 3835 10002 8755 10002 8994 10002 2455 10002 46 10002 2066 -1 
1331 1781950511 1781950511 0 2675934 1202 10065 8630 10065 6694 10065 9755 10065 5277 10065 7369 10065 3535 -1 
1364 1781950511 1781950511 0 2675693 4163 10002 5103 10002 2665 10002 3751 10002 4069 10002 3325 10002 4154 -1 
1407 1781950511 1781950511 0 2677686 6200 10002 8973 10002 2396 10002 7448 10002 2965 10002 2451 10002 30 -1 
1526 1781950511 1781950511 0 2678289 2180 10070 4398 10070 5893 10070 310 10070 3561 10070 310 10070 5322 -1 
1681 1781950511 1781950511 0 2652047 4961 10069 3997 10069 4592 10069 489 10069 4961 10069 2422 10069 6929 -1 
1784 1781950511 1781950511 0 2677000 2936 10002 2280 10002 986 10002 7169 10002 2762 10002 5686 10002 9279 -1 
1852 1781950511 1781950511 0 2677858 1277 10002 2726 10002 2522 10002 2848 10002 1558 10002 4212 10002 1350 -1 
1873 1781950511 1781950511 0 2676251 3968 10070 5537 10070 7488 10070 4803 10070 7956 10070 310 10070 3968 -1 
1881 1781950511 1781950511 0 2674015 7883 10070 2180 10070 7751 10070 2959 10070 310 10070 3561 10070 5118 -1 
1888 1781950511 1781950511 0 2634862 2066 10002 2485 10002 1284 10002 9115 10002 3912 10002 9048 10002 8503 -1 
1919 1781950511 1781950511 0 2677744 2083 10002 480 10002 820 10002 9556 10002 6125 10002 3423 10002 8417 -1 
2021 1781950511 1781950511 0 2677858 8384 10002 920 10002 2269 10002 9523 10002 3325 10002 30 10002 1350 -1 
2042 1781950511 1781950511 0 2673256 3326 10002 2221 10002 2506 10002 2238 10002 5323 10002 3672 10002 161 -1 
2099 1781950511 1781950511 0 2662102 2386 10002 1881 10002 5139 10002 3213 10002 9048 10002 2319 10002 7301 -1 
2120 1781950511 1781950511 0 2675693 8759 10002 1611 10002 875 10002 2986 10002 2811 10002 2314 10002 4154 -1 
2205 1781950511 1781950511 0 2666480 4356 10002 1614 10002 7311 10002 2399 10002 5615 10002 5959 10002 2410 -1 
2254 1781950511 1781950511 0 2677773 8164 10002 1779 10002 2530 10002 2455 10002 2761 10002 9932 10002 8284 -1 
2278 1781950511 1781950511 0 2677261 5813 10002 1800 10002 840 10002 2269 10002 2253 10002 2934 10002 2471 -1 
2303 1781950511 1781950511 0 2676382 76 10002 6724 10002 5252 10002 674 10002 9790 10002 2046 10002 5695 -1 
2334 1781950511 1781950511 0 2666826 7409 10002 7942 10002 1979 10002 2918 10002 8994 10002 986 10002 2665 -1 
2355 1781950511 1781950511 0 2677858 2205 10002 5952 10002 259 10002 1685 10002 3441 10002 5695 10002 1350 -1 
2465 1781950511 1781950511 0 2678289 4803 10070 3561 10070 5910 10070 1982 10070 310 10070 3184 10070 5322 -1 
2606 1781950511 1781950511 0 2677812 4250 10002 1439 10002 9932 10002 2386 10002 3325 10002 2451 10002 6410 -1 
2834 1781950511 1781950511 0 2677295 1610 10002 1952 10002 920 10002 8734 10002 3703 10002 7417 10002 3545 -1 
2901 1781950511 1781950511 0 2673917 36 10002 429 10002 2251 10002 9429 10002 1685 10002 9830 10002 570 -1 
2961 1781950511 1781950511 0 2677686 571 10002 2330 10002 2948 10002 2521 10002 8687 10002 2386 10002 30 -1 
320 1781950511 1781950511 0 2678297 1229 10002 480 10002 2229 10002 7669 10218 8379 10218 7477 10218 6788 10065 -1 
935 1781950511 1781950511 0 2675934 10968 7730 10113 7281 10065 2394 10065 9582 10065 9755 10065 8630 10065 3535 -1 
1732 1781950511 1781950511 0 2678271 758 10002 8735 10002 2079 10002 4924 10002 2399 10002 3325 10002 1283 10002 -1 
549 1781950511 1781950511 0 2677706 2151 10002 9044 10002 31 10002 7214 10002 6365 10002 8734 10002 9932 10002 5738 -1 
950 1781950511 1781950511 0 2671972 464 10002 1474 10002 1402 10002 1863 10002 2120 10002 3084 10002 153 10002 2137 -1 
1299 1781950511 1781950511 0 2650123 67 10549 2558 10504 6521 10549 2062 10549 1726 10504 67 10504 2558 10549 2558 -1 
1390 1781950511 1781950511 0 2678114 6831 10002 1404 10002 7197 10002 3670 10002 9114 10002 8811 10002 3325 10002 2576 -1 
1831 1781950511 1781950511 0 2670956 10042 1067 10042 67 10504 1726 10549 67 10504 67 10504 2558 10549 6521 10504 -1 
1839 1781950511 1781950511 0 2677645 5938 10002 1277 10002 1881 10002 1035 10002 211 10002 30 10002 2931 10002 3031 -1 
2158 1781950511 1781950511 0 2678114 3370 10002 3890 10002 9114 10002 259 10002 2319 10002 8251 10002 3031 10002 2576 -1 
2831 1781950511 1781950511 0 2677761 3401 10002 8366 10002 48 10002 2612 10002 1709 10002 1202 10002 1931 10002 2410 10002 9932 10002 8346 -1 
3628 1781950511 1781950511 1 2649427 8662 10664 -1 
3748 1781950511 1781950511 1 2667051 8010 10864 -1 
3029 1781950511 1781950511 1 2580983 7862 10090 8793 -1 
3492 1781950511 1781950511 1 2669250 1545 10063 1129 -1 
3601 1781950511 1781950511 1 2672007 8357 10013 5224 -1 
3869 1781950511 1781950511 1 2675711 8882 10090 8495 -1 
4638 1781950511 1781950511 1 2432732 8312 10340 458 -1 
4835 1781950511 1781950511 1 2677504 6662 10244 991 -1 
4871 1781950511 1781950511 1 2572187 9076 10201 6263 -1 
5629 1781950511 1781950511 1 2669250 1115 10063 1129 -1 
3942 1781950511 1781950511 1 2594460 10918 4286 10364 8852 -1 
4926 1781950511 1781950511 1 2655337 135 10044 9716 10589 -1 
3296 1781950511 1781950511 1 2567565 8639 10074 8639 10074 8325 -1 
3584 1781950511 1781950511 1 2675711 7840 10090 9779 10090 8495 -1 
3759 1781950511 1781950511 1 2432732 5925 10340 5925 10340 458 -1 
4779 1781950511 1781950511 1 2672907 4624 10190 7758 10190 4181 -1 
4839 1781950511 1781950511 1 2586664 5282 10090 1143 10090 4903 -1 
4967 1781950511 1781950511 1 2603307 1466 10183 1909 10175 4382 -1 
5882 1781950511 1781950511 1 2654108 720 10122 2507 10175 5756 -1 
5980 1781950511 1781950511 1 2634014 5098 10096 3966 10096 7108 -1 
4417 1781950511 1781950511 1 2654108 10183 4429 10175 4864 10175 5756 -1 
3151 1781950511 1781950511 1 2654086 2169 10160 8309 10471 9860 10904 4727 -1 
3251 1781950511 1781950511 1 2668965 2069 10057 1206 10144 87 10144 1242 -1 
3350 1781950511 1781950511 1 2651419 3390 10010 6933 10020 1581 10020 8451 -1 
4089 1781950511 1781950511 1 2662203 3705 10090 646 10574 6677 10574 2195 -1 
4376 1781950511 1781950511 1 2586516 8022 10459 3595 10459 9358 10459 5875 -1 
4399 1781950511 1781950511 1 2599921 9358 10459 9358 10459 4039 10459 6879 -1 
4422 1781950511 1781950511 1 2664817 4771 10370 8959 10370 7902 10370 7352 -1 
4472 1781950511 1781950511 1 2641450 4558 10015 150 10047 80 10047 7213 -1 
4903 1781950511 1781950511 1 2669447 9940 10000 0 10072 119 10072 8832 -1 
4943 1781950511 1781950511 1 2672907 4825 10190 7286 10190 7758 10190 4181 -1 
5120 1781950511 1781950511 1 2678128 4024 10015 1090 10015 150 10047 7030 -1 
5260 1781950511 1781950511 1 2664654 104 10015 9981 10090 9092 10111 4790 -1 
5471 1781950511 1781950511 1 2669250 2085 10063 9542 10063 7259 10063 1129 -1 
5481 1781950511 1781950511 1 2674977 7265 10089 209 10089 3590 10089 7539 -1 
5583 1781950511 1781950511 1 2675711 7461 10340 5962 10090 9092 10090 8495 -1 
5753 1781950511 1781950511 1 2666283 9082 10046 9869 10647 9486 10647 4663 -1 
3289 1781950511 1781950511 1 2654108 10811 101 10175 815 10175 5402 10175 5756 -1 
3554 1781950511 1781950511 1 2678128 10047 150 10015 2128 10015 150 10047 7030 -1 
4005 1781950511 1781950511 1 2666075 274 10010 1016 10010 3886 10010 1201 10759 -1 
4929 1781950511 1781950511 1 2598779 10910 7487 10910 7487 10910 5015 10910 3536 -1 
4987 1781950511 1781950511 1 2677452 8765 10047 150 10047 150 10015 7676 10107 -1 
5444 1781950511 1781950511 1 2677347 5951 10240 9635 10240 2564 10121 9215 10392 -1 
3021 1781950511 1781950511 1 2669250 5926 10063 9702 10063 9636 10063 9983 10063 1129 -1 
3240 1781950511 1781950511 1 2667106 4418 10265 1442 10265 924 10265 4178 10072 9611 -1 
3500 1781950511 1781950511 1 2651554 3659 10010 8189 10010 274 10010 773 10090 3254 -1 
4851 1781950511 1781950511 1 2672907 451 10190 6396 10190 8798 10190 6396 10190 4181 -1 
5246 1781950511 1781950511 1 2672007 7164 10165 7846 10404 3257 10583 7383 10013 5224 -1 
3951 1781950511 1781950511 1 2677504 10285 5513 10244 6662 10244 9999 10244 6662 10244 991 -1 
5125 1781950511 1781950511 1 2677347 1499 10117 1278 10117 3451 10121 3572 10121 9215 10392 -1 
5423 1781950511 1781950511 1 2666075 3314 10004 2405 10004 2405 10004 2405 10004 1201 10759 -1 
3262 1781950511 1781950511 1 2677504 7416 10074 8639 10074 3881 10074 7416 10244 6662 10244 991 -1 
4564 1781950511 1781950511 1 2672007 6390 10013 8418 10046 1557 10046 9993 10046 8637 10013 5224 -1 
7525 1781950511 1781950511 1 243164 10176 1340 -1 
6034 1781950511 1781950511 1 2520102 3944 10032 4587 -1 
6754 1781950511 1781950511 1 2659601 7058 10032 4084 -1 
6795 1781950511 1781950511 1 2649888 8679 10032 3256 -1 
6920 1781950511 1781950511 1 2611564 9529 10053 2486 -1 
7699 1781950511 1781950511 1 2665126 9399 10032 1560 -1 
7716 1781950511 1781950511 1 2643927 1042 10237 6575 -1 
7729 1781950511 1781950511 1 2674502 6467 10032 2551 -1 
8157 1781950511 1781950511 1 2666736 5564 10032 3102 -1 
8299 1781950511 1781950511 1 2675309 4347 10006 5134 -1 
8792 1781950511 1781950511 1 2512970 2824 10237 5138 -1 
6055 1781950511 1781950511 1 2349855 2045 10534 1366 10980 -1 
6425 1781950511 1781950511 1 2677556 1884 10006 8029 10069 -1 
7726 1781950511 1781950511 1 2663230 10389 1366 10176 7509 -1 
7948 1781950511 1781950511 1 2574847 579 10029 4408 10954 -1 
6161 1781950511 1781950511 1 2664929 7904 10032 9041 10032 3938 -1 
6870 1781950511 1781950511 1 2677860 9996 10176 9921 10176 7391 -1 
7101 1781950511 1781950511 1 2677770 4397 10118 1574 10125 3471 -1 
7972 1781950511 1781950511 1 2656177 5288 10019 5826 10019 2875 -1 
8131 1781950511 1781950511 1 2606461 6797 10278 3709 10032 8237 -1 
8192 1781950511 1781950511 1 2676709 1156 10092 308 10092 4585 -1 
8278 1781950511 1781950511 1 2653012 1055 10032 4098 10032 4320 -1 
8387 1781950511 1781950511 1 2506919 9231 10064 3803 10054 5359 -1 
8512 1781950511 1781950511 1 2654942 1421 10019 9967 10019 7622 -1 
8790 1781950511 1781950511 1 2668496 748 10032 7426 10032 7209 -1 
8883 1781950511 1781950511 1 2661469 2567 10054 1252 10054 6434 -1 
7216 1781950511 1781950511 1 2648480 7957 10315 1893 10538 1893 10878 -1 
6445 1781950511 1781950511 1 2677860 1644 10032 9023 10032 487 10176 7391 -1 
6820 1781950511 1781950511 1 2677212 3795 10032 9697 10032 823 10032 4027 -1 
6942 1781950511 1781950511 1 2664929 7135 10032 2546 10032 8150 10032 3938 -1 
6975 1781950511 1781950511 1 2654325 4103 10118 961 10118 4103 10118 8087 -1 
6988 1781950511 1781950511 1 2676709 5247 10315 37 10202 163 10092 4585 -1 
7051 1781950511 1781950511 1 2595049 5621 10118 7568 10118 213 10118 1363 -1 
7425 1781950511 1781950511 1 2661469 7821 10054 595 10054 5824 10054 6434 -1 
7482 1781950511 1781950511 1 2674557 1807 10019 1164 10019 779 10019 2905 -1 
8360 1781950511 1781950511 1 2583207 8429 10054 4322 10032 9864 10032 7930 -1 
8726 1781950511 1781950511 1 2672789 2539 10118 657 10118 2539 10118 585 -1 
8737 1781950511 1781950511 1 2654660 6105 10032 687 10032 2206 10032 7336 -1 
6319 1781950511 1781950511 1 2653939 2090 10032 9944 10032 823 10032 5792 10560 -1 
6563 1781950511 1781950511 1 2678043 6128 10032 3364 10032 3378 10406 4557 10128 -1 
6992 1781950511 1781950511 1 2665126 7560 10032 9802 10032 9998 10032 362 10032 1560 -1 
7187 1781950511 1781950511 1 2676709 1948 10214 192 10154 37 10202 163 10092 4585 -1 
7599 1781950511 1781950511 1 2677860 8063 10717 4289 10717 4289 10092 1237 10176 7391 -1 
7801 1781950511 1781950511 1 2664929 6760 10032 336 10032 1809 10032 9796 10032 3938 -1 
8023 1781950511 1781950511 1 2604265 8121 10032 8025 10032 5596 10032 9950 10032 4414 -1 
8089 1781950511 1781950511 1 2662779 3386 10176 8678 10235 1948 10626 1948 10214 7937 -1 
8435 1781950511 1781950511 1 2672496 9161 10092 9675 10032 1529 10032 9925 10032 8520 -1 
7239 1781950511 1781950511 1 2677556 6774 10006 4246 10006 3362 10006 1385 10006 8029 10069 -1 
8030 1781950511 1781950511 1 2678043 2687 10032 8023 10032 2712 10032 9401 10406 4557 10128 -1 
6088 1781950511 1781950511 1 2678013 4645 10019 3366 10019 1421 10019 2380 10019 3633 10019 6757 -1 
6865 1781950511 1781950511 1 2591373 5719 10278 6797 10278 1366 10176 1237 10032 3723 10054 6240 -1 
6871 1781950511 1781950511 1 2654942 779 10019 8955 10019 5987 10019 3025 10019 921 10019 7622 -1 
6885 1781950511 1781950511 1 2662779 7616 10252 8124 10252 655 10252 252 10232 8518 10214 7937 -1 
7044 1781950511 1781950511 1 2672527 1638 10032 3152 10032 9950 10032 4980 10032 9862 10162 4686 -1 
7200 1781950511 1781950511 1 2674502 4716 10053 6846 10032 6901 10032 8134 10032 8931 10032 2551 -1 
7628 1781950511 1781950511 1 2665456 5758 10054 3170 10054 3743 10054 3127 10054 6594 10149 3054 -1 
7348 1781950511 1781950511 1 2677212 6648 10053 5768 10053 9852 10053 5157 10032 5347 10032 823 10032 4027 -1 
8544 1781950511 1781950511 1 2677212 7904 10032 1304 10032 336 10032 8931 10032 136 10032 823 10032 4027 -1 
9474 1781950511 1781950511 1 2660708 1771 10124 1139 -1 
10199 1781950511 1781950511 1 2657861 3510 10124 2165 -1 
10793 1781950511 1781950511 1 2613629 79 10153 6796 -1 
10542 1781950511 1781950511 1 2656976 10449 7139 10449 8305 -1 
11620 1781950511 1781950511 1 2627953 7221 10906 3404 10970 -1 
11640 1781950511 1781950511 1 2659241 9342 10280 1846 10744 -1 
10529 1781950511 1781950511 1 2658799 4632 10689 3395 10689 3071 -1 
10545 1781950511 1781950511 1 2648991 4539 10195 4311 10195 2697 -1 
10818 1781950511 1781950511 1 2437072 7551 10546 3941 10546 9493 -1 
11561 1781950511 1781950511 1 2660708 7988 10124 5672 10124 1139 -1 
9743 1781950511 1781950511 1 2540218 5814 10268 576 10348 7785 10905 -1 
10709 1781950511 1781950511 1 2659241 1497 10348 576 10280 1846 10744 -1 
10807 1781950511 1781950511 1 2670881 8815 10038 9649 10038 1069 10362 -1 
9064 1781950511 1781950511 1 2581614 6803 10031 2004 10195 9844 10195 5579 -1 
9465 1781950511 1781950511 1 2676561 8261 10888 6965 10087 8248 10087 6061 -1 
9796 1781950511 1781950511 1 2669844 9536 10195 4311 10195 2632 10195 4794 -1 
10621 1781950511 1781950511 1 2581614 2469 10195 3790 10195 1565 10195 5579 -1 
11025 1781950511 1781950511 1 2677406 6604 10348 576 10211 723 10211 4669 -1 
11063 1781950511 1781950511 1 2665710 4866 10446 6075 10446 3544 10446 6711 -1 
11531 1781950511 1781950511 1 2678144 6934 10147 6547 10147 4337 10147 7096 -1 
11656 1781950511 1781950511 1 2496133 2375 10033 9891 10033 6829 10093 3715 -1 
11966 1781950511 1781950511 1 2673516 3524 10147 8153 10147 3146 10147 3577 -1 
9258 1781950511 1781950511 1 2677406 10682 2674 10654 1059 10268 576 10211 4669 -1 
11366 1781950511 1781950511 1 2654423 5572 10038 3710 10148 554 10148 6084 10846 -1 
11548 1781950511 1781950511 1 2668913 5221 10437 9710 10437 3646 10437 3302 10750 -1 
11765 1781950511 1781950511 1 2647536 5240 10348 5184 10348 5184 10348 3952 10570 -1 
11578 1781950511 1781950511 1 2666990 750 10001 3470 10001 1923 10001 3808 10001 3726 -1 
11653 1781950511 1781950511 1 2676561 2744 10391 3540 10126 1065 10087 2971 10087 152 10087 6061 -1 
10131 1781950511 1781950511 1 2676561 7850 10391 8248 10087 152 10087 9355 10087 152 10087 152 10087 6061 -1 
11530 1781950511 1781950511 1 2666990 5726 10001 8607 10001 3470 10001 9464 10001 8607 10001 203 10001 3726 -1 
11220 1781950511 1781950511 1 2677406 10689 4632 10051 1453 10051 6096 10297 7097 10297 2145 10297 723 10211 4669 -1 
11236 1781950511 1781950511 1 2676561 2739 10087 152 10087 152 10087 152 10087 152 10087 237 10087 152 10087 6061 -1 
3023 1781950511 1781950511 1 2580195 640 10076 4360 -1 
4057 1781950511 1781950511 1 2676135 6591 10193 5069 -1 
4153 1781950511 1781950511 1 2296611 2888 10113 1400 -1 
4425 1781950511 1781950511 1 2647467 6581 10066 5121 -1 
4609 1781950511 1781950511 1 2675244 6172 10215 4462 -1 
4859 1781950511 1781950511 1 2655364 2166 10436 1853 -1 
5261 1781950511 1781950511 1 2645459 5402 10322 2347 -1 
5320 1781950511 1781950511 1 2674174 10533 101 10324 4288 -1 
5473 1781950511 1781950511 1 2675713 9714 10015 4802 10735 -1 
5496 1781950511 1781950511 1 2469652 10618 101 10068 3893 -1 
5613 1781950511 1781950511 1 2569189 10301 101 10624 3727 -1 
3973 1781950511 1781950511 1 2592748 3908 10111 4599 10377 4576 -1 
4741 1781950511 1781950511 1 2625592 3572 10121 9583 10076 9910 -1 
5086 1781950511 1781950511 1 2675027 5348 10090 6710 10730 1197 -1 
5705 1781950511 1781950511 1 2658747 8028 10281 101 10070 7956 -1 
5859 1781950511 1781950511 1 2650777 4461 10727 5466 10352 9388 -1 
3330 1781950511 1781950511 1 2630799 10910 227 10121 9583 10076 7464 -1 
3788 1781950511 1781950511 1 2651097 4266 10015 191 10015 1242 10921 -1 
4857 1781950511 1781950511 1 2669471 7538 10057 1206 10379 6521 10549 -1 
3593 1781950511 1781950511 1 2655882 2942 10301 2942 10301 101 10768 3043 -1 
4892 1781950511 1781950511 1 2642457 7550 10163 9245 10046 9390 10086 5044 -1 
3372 1781950511 1781950511 1 2664813 10305 1725 10555 2906 10555 5819 10097 8236 -1 
4531 1781950511 1781950511 1 2676868 9714 10668 219 10668 1078 10090 9076 10425 533 -1 
3996 1781950511 1781950511 1 2669909 8642 10015 9184 10015 9319 10015 135 10044 2598 10182 3142 -1 
5274 1781950511 1781950511 1 2651363 5602 10057 5602 10057 3357 10057 2618 10057 2171 10128 9050 -1 
6561 1781950511 1781950511 1 2649653 5278 10460 3725 -1 
7655 1781950511 1781950511 1 2624036 754 10008 8563 -1 
7785 1781950511 1781950511 1 2453062 10264 6349 10913 -1 
7877 1781950511 1781950511 1 2070446 4095 10462 3082 -1 
7936 1781950511 1781950511 1 2382845 5494 10009 4808 -1 
8395 1781950511 1781950511 1 2665911 1321 10107 7915 -1 
8823 1781950511 1781950511 1 2491379 4906 10070 6436 -1 
8937 1781950511 1781950511 1 2487185 9952 10186 4550 -1 
8839 1781950511 1781950511 1 2650311 38 10024 4206 10931 -1 
6081 1781950511 1781950511 1 2666284 1104 10024 2051 10526 6522 -1 
7129 1781950511 1781950511 1 2651156 10116 2242 10116 6592 10942 -1 
8554 1781950511 1781950511 1 2552946 1568 10050 3989 10009 5813 -1 
6260 1781950511 1781950511 1 2672820 1733 10032 5830 10032 3634 10703 -1 
8646 1781950511 1781950511 1 2599019 4322 10088 9859 10406 4710 10745 -1 
8752 1781950511 1781950511 1 2672820 5267 10032 3679 10032 3634 10703 -1 
6583 1781950511 1781950511 1 2599019 2265 10019 2045 10534 5610 10745 4710 -1 
7268 1781950511 1781950511 1 2651325 6542 10032 3650 10032 6353 10076 2097 -1 
8429 1781950511 1781950511 1 2669909 9704 10110 192 10050 6216 10392 2094 -1 
8711 1781950511 1781950511 1 2676719 6029 10050 3940 10050 3872 10076 3749 -1 
8959 1781950511 1781950511 1 2669443 8368 10032 4230 10032 9604 10237 663 10237 5711 10318 -1 
8656 1781950511 1781950511 1 2674406 1530 10054 3364 10032 8886 10032 336 10032 5289 10076 9787 -1 
8251 1781950511 1781950511 1 2678389 8025 10032 1987 10032 9760 10032 9697 10032 2557 10032 6557 10008 10 -1 
9139 1781950511 1781950511 1 2662826 9813 10483 1618 -1 
9922 1781950511 1781950511 1 2648452 10519 4015 10933 -1 
10070 1781950511 1781950511 1 2632433 3693 10107 3428 -1 
9745 1781950511 1781950511 1 2677597 899 10040 7520 10009 -1 
10034 1781950511 1781950511 1 2649732 760 10134 1401 10870 -1 
9709 1781950511 1781950511 1 2661537 2864 10038 3168 10843 438 -1 
10162 1781950511 1781950511 1 2654759 1938 10124 6081 10736 7737 -1 
10234 1781950511 1781950511 1 2663708 7443 10040 3413 10528 4065 -1 
11898 1781950511 1781950511 1 2635771 10837 1023 10033 3865 10444 4205 -1 
9488 1781950511 1781950511 1 2675237 2571 10195 3049 10195 8810 10736 2305 -1 
10376 1781950511 1781950511 1 2660878 744 10134 9791 10134 9988 10142 7545 -1 
10492 1781950511 1781950511 1 2675237 1885 10138 1148 10138 275 10138 2305 10736 -1 
10305 1781950511 1781950511 1 2678244 4506 10087 3305 10087 152 10087 809 10085 933 10091 4987 -1 
3048 1781950511 1781950511 1 2584139 10670 7579 10113 2548 -1 
3293 1781950511 1781950511 1 2581493 6926 10651 7483 10651 -1 
4296 1781950511 1781950511 1 2583569 10643 1966 10507 1966 -1 
5255 1781950511 1781950511 1 2669443 1988 10318 5711 10318 -1 
3435 1781950511 1781950511 1 2641635 9012 10046 2216 10086 4524 -1 
3657 1781950511 1781950511 1 2653495 6710 10090 685 10217 6592 -1 
3844 1781950511 1781950511 1 2674739 893 10020 2872 10603 4964 -1 
3912 1781950511 1781950511 1 2661610 486 10190 7372 10322 6132 -1 
4244 1781950511 1781950511 1 2667774 7965 10577 9263 10009 9263 -1 
4971 1781950511 1781950511 1 2676719 3735 10240 3124 10076 3749 -1 
5381 1781950511 1781950511 1 2629728 7827 10565 2096 10507 2315 -1 
5395 1781950511 1781950511 1 2678289 4521 10074 4390 10070 5322 -1 
3057 1781950511 1781950511 1 2676206 6813 10015 1933 10015 7108 10277 8561 -1 
3825 1781950511 1781950511 1 2676448 7569 10010 274 10010 8442 10018 3565 -1 
4809 1781950511 1781950511 1 2664813 7949 10090 1310 10026 4512 10097 8236 -1 
3349 1781950511 1781950511 1 2676492 8004 10027 6027 10043 8081 10263 2193 10263 -1 
5108 1781950511 1781950511 1 2611416 877 10063 6957 10063 1405 10063 6158 10076 3435 -1 
5239 1781950511 1781950511 1 2669045 6995 10305 9887 10015 150 10015 6046 10215 5747 -1 
5354 1781950511 1781950511 1 2614867 4185 10824 4776 10824 4776 10824 4776 10824 574 10086 1578 -1 
6877 1781950511 1781950511 1 2638454 5220 10323 4952 10323 -1 
8169 1781950511 1781950511 1 2607802 10219 4162 10186 5843 -1 
6310 1781950511 1781950511 1 2658960 8894 10032 8017 10091 2649 -1 
6775 1781950511 1781950511 1 2678192 3795 10032 3634 10018 6703 -1 
7751 1781950511 1781950511 1 2657456 257 10016 841 10076 4815 -1 
8209 1781950511 1781950511 1 2667774 4840 10049 538 10009 9263 -1 
7460 1781950511 1781950511 1 2598305 10054 8539 10054 5875 10076 1113 -1 
6482 1781950511 1781950511 1 2526862 4912 10054 6160 10054 5582 10293 5582 -1 
8871 1781950511 1781950511 1 2661409 6745 10019 678 10019 8788 10189 2636 -1 
6365 1781950511 1781950511 1 2673334 7032 10645 7032 10645 7032 10645 5328 10070 5785 -1 
6922 1781950511 1781950511 1 2656754 9760 10032 9663 10032 4788 10032 1093 10076 5561 -1 
8085 1781950511 1781950511 1 2658468 2555 10032 823 10032 362 10032 9014 10392 7738 -1 
8538 1781950511 1781950511 1 2653919 1455 10054 3918 10054 3170 10054 1553 10018 8179 -1 
8161 1781950511 1781950511 1 2675114 1892 10054 9836 10054 8162 10032 6022 10032 823 10032 9401 10054 1108 10834 4701 -1 
9395 1781950511 1781950511 1 2669389 8380 10152 9904 10500 4763 -1 
10259 1781950511 1781950511 1 2666284 7070 10179 2905 10526 6522 -1 
11116 1781950511 1781950511 1 2552946 5978 10530 494 10009 5813 -1 
11851 1781950511 1781950511 1 2647000 6196 10152 2230 10500 6489 -1 
9612 1781950511 1781950511 1 2672657 6505 10424 5697 10664 4181 10262 -1 
9653 1781950511 1781950511 1 2671587 6210 10146 1459 10146 6017 10060 4841 -1 
9695 1781950511 1781950511 1 2671299 7340 10146 825 10146 6017 10060 2163 -1 
11735 1781950511 1781950511 1 2663226 8663 10356 6595 10530 7150 10673 7940 -1 
9130 1781950511 1781950511 1 2670956 4994 10127 772 10358 3732 10549 6521 10504 -1 
9844 1781950511 1781950511 1 2675237 1195 10138 9340 10138 1921 10138 5160 10138 2305 10736 2305 -1 
3377 1781950511 1781950511 1 2675002 9583 10076 642 10076 5676 -1 
3614 1781950511 1781950511 1 2627657 4202 10318 5711 10318 3827 -1 
3823 1781950511 1781950511 1 2577130 4429 10069 221 10069 4967 -1 
4065 1781950511 1781950511 1 2580024 2416 10517 1311 10517 1311 -1 
4738 1781950511 1781950511 1 2638199 4363 10266 9096 10266 6218 -1 
5902 1781950511 1781950511 1 2603906 6318 10076 7027 10076 8541 -1 
4705 1781950511 1781950511 1 2663797 10555 2888 10436 2877 10436 8641 -1 
4053 1781950511 1781950511 1 2650631 4473 10598 482 10070 4662 10070 4419 -1 
4353 1781950511 1781950511 1 2674862 3983 10010 3720 10070 4611 10070 3448 -1 
5468 1781950511 1781950511 1 2661654 1532 10046 9234 10086 4541 10086 4666 -1 
3639 1781950511 1781950511 1 2672820 6302 10072 119 10072 1553 10018 3634 10703 -1 
5366 1781950511 1781950511 1 2659327 10122 3734 10910 8051 10059 2688 10062 6141 -1 
3012 1781950511 1781950511 1 2595809 8136 10190 984 10190 2389 10425 7944 10425 7944 -1 
4711 1781950511 1781950511 1 2666972 122 10072 119 10072 9532 10097 2141 10097 3427 -1 
4856 1781950511 1781950511 1 2667902 9498 10057 2618 10057 5940 10302 8839 10649 2953 10649 2953 -1 
5840 1781950511 1781950511 1 2670168 9686 10046 1731 10123 9000 10726 6838 10734 9678 10086 9361 10086 3878 -1 
6024 1781950511 1781950511 1 2587341 4270 10069 5918 10230 4934 -1 
6303 1781950511 1781950511 1 2643065 7932 10528 1900 10528 7204 -1 
6753 1781950511 1781950511 1 2672408 4906 10070 4597 10213 4597 -1 
6834 1781950511 1781950511 1 2676391 5261 10076 5676 10076 1509 -1 
7833 1781950511 1781950511 1 2676175 944 10632 5506 10128 1120 -1 
8374 1781950511 1781950511 1 2579123 4376 10486 5296 10486 1738 -1 
8430 1781950511 1781950511 1 2678389 6625 10008 58 10008 10 -1 
8489 1781950511 1781950511 1 2603906 9122 10076 9787 10076 8541 -1 
8503 1781950511 1781950511 1 2638885 4270 10069 6540 10069 2422 -1 
6608 1781950511 1781950511 1 2651363 10054 8332 10128 8059 10128 9050 -1 
6940 1781950511 1781950511 1 2669941 10345 1787 10113 4460 10113 3375 -1 
8163 1781950511 1781950511 1 2662826 4738 10019 9110 10500 1618 10483 -1 
6035 1781950511 1781950511 1 2661750 6003 10032 6542 10218 7484 10218 5866 -1 
6061 1781950511 1781950511 1 2677769 1574 10125 7994 10279 4125 10279 751 -1 
7339 1781950511 1781950511 1 2676391 5261 10825 5261 10076 7826 10076 1509 -1 
8448 1781950511 1781950511 1 2673276 9806 10032 542 10032 9989 10316 523 10128 5506 10632 -1 
6743 1781950511 1781950511 1 2659313 5713 10032 8231 10032 395 10032 184 10218 7477 10218 6478 -1 
9301 1781950511 1781950511 1 2624907 5062 10065 6694 10065 1947 -1 
9749 1781950511 1781950511 1 2663226 6495 10186 7150 10673 7940 -1 
10020 1781950511 1781950511 1 2612132 6689 10263 2193 10263 56 -1 
10068 1781950511 1781950511 1 2674456 943 10263 2193 10263 688 -1 
11690 1781950511 1781950511 1 2537208 7346 10743 6079 10743 5316 -1 
10147 1781950511 1781950511 1 2649245 5867 10358 4008 10732 4008 10732 -1 
11117 1781950511 1781950511 1 2675237 5672 10124 2338 10736 2305 10736 2305 -1 
9581 1781950511 1781950511 1 2673276 7987 10152 8114 10152 5396 10128 5506 10632 -1 
9778 1781950511 1781950511 1 2673039 6869 10688 1059 10591 4731 10113 7869 10113 -1 
10814 1781950511 1781950511 1 2676492 6296 10051 7381 10051 5948 10263 2193 10263 -1 
11004 1781950511 1781950511 1 2659481 8139 10146 947 10078 3489 10399 5918 10399 -1 
10270 1781950511 1781950511 1 2639425 7611 10031 931 10031 3551 10673 3239 10673 3239 -1 
11740 1781950511 1781950511 1 2678147 9706 10704 9706 10105 5671 10105 156 10496 156 10042 -1 
3534 1781950511 1781950511 1 2668492 5465 10322 6132 10322 6599 10322 -1 
3842 1781950511 1781950511 1 2678297 4133 10142 5281 10218 6788 10065 -1 
5846 1781950511 1781950511 1 2677552 10677 7764 10218 1288 10218 7484 -1 
3038 1781950511 1781950511 1 2670464 3288 10281 3153 10065 5277 10065 7369 -1 
3589 1781950511 1781950511 1 2674739 1395 10701 4964 10603 4964 10603 4964 -1 
3740 1781950511 1781950511 1 2647624 452 10096 1774 10218 3135 10218 9087 -1 
4239 1781950511 1781950511 1 2666959 7779 10379 6521 10549 67 10504 469 -1 
4746 1781950511 1781950511 1 2676374 6209 10190 1223 10070 4611 10070 3184 -1 
4761 1781950511 1781950511 1 2676391 1313 10026 4512 10097 3461 10076 1509 -1 
5177 1781950511 1781950511 1 2673721 2927 10220 225 10065 7369 10065 8504 -1 
5184 1781950511 1781950511 1 2580209 9209 10190 451 10190 1789 10065 6582 10002 3819 -1 
5961 1781950511 1781950511 1 2636600 7193 10072 5629 10599 4589 10070 310 10070 9142 -1 
4672 1781950511 1781950511 1 2677552 4801 10096 5098 10096 7017 10096 1774 10218 5107 10218 7484 -1 
6568 1781950511 1781950511 1 2673627 6369 10032 6791 10634 162 10091 696 -1 
7638 1781950511 1781950511 1 2675334 2857 10053 4847 10002 3158 10002 1979 -1 
8236 1781950511 1781950511 1 2678310 2599 10032 9666 10338 7905 10338 2263 -1 
8425 1781950511 1781950511 1 2654013 3858 10054 1865 10065 8630 10065 9048 -1 
8641 1781950511 1781950511 1 2650311 6323 10196 6796 10008 3834 10931 4206 -1 
8816 1781950511 1781950511 1 2675281 6072 10032 5921 10392 4136 10069 210 -1 
8837 1781950511 1781950511 1 2667835 4832 10118 8087 10018 8179 10018 4641 -1 
6744 1781950511 1781950511 1 2665239 9620 10032 3661 10032 9014 10392 3531 10079 4762 -1 
6928 1781950511 1781950511 1 2628282 38 10024 419 10024 2695 10580 3279 10580 2695 -1 
8336 1781950511 1781950511 1 2677070 6146 10032 8036 10032 2355 10107 8675 10107 3589 -1 
9798 1781950511 1781950511 1 2675027 3619 10730 1197 10730 1197 10730 -1 
10646 1781950511 1781950511 1 2670008 10449 225 10324 6788 10218 6520 -1 
9476 1781950511 1781950511 1 2677899 7658 10153 2577 10097 2440 10317 8729 -1 
9997 1781950511 1781950511 1 2666972 7576 10561 3427 10097 2141 10097 3427 -1 
10782 1781950511 1781950511 1 2676834 9533 10030 6984 10218 5107 10218 3135 -1 
11462 1781950511 1781950511 1 2673361 3533 10449 1699 10060 97 10060 5858 -1 
11512 1781950511 1781950511 1 2671910 2700 10146 6017 10060 6623 10060 97 -1 
11824 1781950511 1781950511 1 2671910 2997 10055 785 10146 6017 10060 6623 10060 97 -1 
3230 1781950511 1781950511 1 2669482 6258 10002 2026 10002 3526 10002 2742 -1 
3892 1781950511 1781950511 1 2661610 8828 10322 7033 10322 7372 10322 6132 -1 
4093 1781950511 1781950511 1 2671299 5974 10060 3871 10060 6623 10060 2163 -1 
5232 1781950511 1781950511 1 2676391 6073 10076 7027 10076 3699 10076 1509 -1 
5836 1781950511 1781950511 1 2673750 6719 10548 4296 10548 3142 10554 4242 -1 
4863 1781950511 1781950511 1 2635231 4977 10807 2756 10628 2756 10628 2756 10628 -1 
4601 1781950511 1781950511 1 2666515 1834 10090 6258 10002 8581 10002 3084 10002 4259 -1 
5027 1781950511 1781950511 1 2676719 9338 10121 9583 10076 9910 10076 4815 10076 3749 -1 
5279 1781950511 1781950511 1 2677899 3550 10098 482 10142 8504 10317 8729 10317 8729 -1 
5906 1781950511 1781950511 1 2676391 803 10046 9784 10076 642 10076 5676 10076 1509 -1 
8175 1781950511 1781950511 1 2663226 7463 10823 8890 10673 3239 10673 7940 -1 
8455 1781950511 1781950511 1 2670096 7794 10325 3363 10554 3142 10182 8379 -1 
8776 1781950511 1781950511 1 2676620 8540 10442 4962 10002 7724 10002 306 -1 
6211 1781950511 1781950511 1 2638199 5792 10032 3769 10193 8879 10266 5737 10266 6218 -1 
6434 1781950511 1781950511 1 2672031 779 10019 9618 10019 2390 10142 7545 10142 6244 10142 636 -1 
10714 1781950511 1781950511 1 2664909 6427 10186 4811 10002 3718 10002 3740 -1 
10967 1781950511 1781950511 1 2605037 9339 10500 9369 10500 9369 10500 4947 -1 
11973 1781950511 1781950511 1 2672031 2124 10142 8504 10142 1379 10142 636 -1 
9713 1781950511 1781950511 1 2673453 3446 10195 8810 10407 6007 10407 1690 10002 2015 -1 
11103 1781950511 1781950511 1 2671374 3049 10195 6978 10195 3049 10195 8810 10407 6007 10407 1690 10002 1800 -1 
3050 1781950511 1781950511 1 2678297 10531 2482 10065 6694 10065 9755 10065 6788 -1 
3594 1781950511 1781950511 1 2667902 4559 10431 2953 10649 2953 10649 2953 10649 -1 
3859 1781950511 1781950511 1 2638548 10150 2337 10059 1412 10059 6974 10399 7853 -1 
4225 1781950511 1781950511 1 2678147 8864 10042 895 10042 1411 10042 156 10042 -1 
4787 1781950511 1781950511 1 2677899 1030 10323 4080 10399 6974 10317 8729 10317 -1 
3223 1781950511 1781950511 1 2668878 9297 10046 8884 10086 1668 10086 4727 10086 9361 -1 
4645 1781950511 1781950511 1 2671587 1154 10044 3142 10322 7499 10322 6017 10060 4841 -1 
4954 1781950511 1781950511 1 2674626 7117 10015 9085 10062 5577 10062 8516 10059 3502 -1 
5130 1781950511 1781950511 1 2671186 6714 10879 3558 10392 3531 10079 3950 10069 4136 -1 
5379 1781950511 1781950511 1 2675230 6507 10190 4181 10262 7531 10262 623 10070 7589 -1 
3238 1781950511 1781950511 1 2677411 4133 10095 6719 10548 2095 10548 9735 10324 225 10266 -1 
6153 1781950511 1781950511 1 2678389 8212 10008 4084 10008 2027 10008 10 10008 -1 
8320 1781950511 1781950511 1 2663464 5799 10108 9623 10008 10 10008 7509 10008 9623 -1 
9547 1781950511 1781950511 1 2573295 10865 9652 10338 1006 10338 1006 10338 2580 -1 
10724 1781950511 1781950511 1 2673361 4392 10146 6017 10060 7665 10060 4841 10060 5858 -1 
10228 1781950511 1781950511 1 2677411 7221 10356 5091 10266 5737 10266 1447 10324 225 10266 -1 
3928 1781950511 1781950511 1 2676448 8324 10018 7657 10018 7657 10018 4641 10018 3565 -1 
4996 1781950511 1781950511 1 2669788 4133 10008 1691 10069 7220 10069 3950 10079 4687 -1 
5870 1781950511 1781950511 1 2669071 2166 10436 4080 10664 4812 10065 5277 10065 8630 -1 
5992 1781950511 1781950511 1 2677597 1145 10076 9263 10009 8841 10009 9263 10009 7520 -1 
4040 1781950511 1781950511 1 2672408 5 10647 6558 10213 6616 10213 6616 10213 4597 10213 -1 
5569 1781950511 1781950511 1 2669471 4532 10075 4629 10329 5552 10329 9167 10329 6521 10549 -1 
7340 1781950511 1781950511 1 2675355 1689 10214 7765 10384 5239 10384 5239 10384 5239 10384 -1 
9037 1781950511 1781950511 1 2678192 527 10018 107 10018 6997 10018 681 10018 6703 -1 
9259 1781950511 1781950511 1 2670956 6196 10152 1726 10549 1726 10504 2558 10549 6521 10504 -1 
3407 1781950511 1781950511 1 2676719 10599 8531 10076 9787 10076 5676 10076 1509 10076 3749 -1 
3989 1781950511 1781950511 1 2673750 8969 10554 5430 10554 5430 10554 7352 10554 4242 10554 -1 
8543 1781950511 1781950511 1 2675355 8194 10385 8845 10384 5353 10384 5239 10384 5239 10384 5239 -1 
8861 1781950511 1781950511 1 2629557 2798 10032 6968 10338 1006 10338 2263 10338 8684 10338 5597 -1 
5237 1781950511 1781950511 1 2676391 7384 10076 642 10076 642 10076 9994 10076 8012 10076 1509 -1 
3521 1781950511 1781950511 1 2678147 4333 10221 4333 10544 2049 10544 3875 10496 156 10496 156 10042 156 -1 
8100 1781950511 1781950511 1 2675177 10558 2982 10068 5383 10059 6141 10062 8516 10062 8516 10059 2443 -1 
6141 1781950511 1781950511 1 2674626 2401 10062 2385 10062 102 10062 1199 10062 102 10059 8516 10059 3502 -1 
8622 1781950511 1781950511 1 2678289 6638 10629 382 10070 2289 10070 3191 10070 310 10070 4611 10070 5322 -1 
2151 1781950511 1781950511 2 2594460 4710 10364 8852 -1 
265 1781950511 1781950511 2 2675575 626 10039 5455 10039 2421 10039 -1 
1833 1781950511 1781950511 2 2675575 1801 10039 5455 10039 2421 10039 -1 
2235 1781950511 1781950511 2 2595250 4325 10086 1054 10086 8146 10200 1168 -1 
2455 1781950511 1781950511 2 2648950 5370 10107 3589 10107 9430 10220 426 -1 
198 1781950511 1781950511 2 2677452 4416 10107 3432 10107 1343 10107 7676 10107 -1 
7979 1781950511 1781950511 2 2490782 8894 10000 3874 -1 
8609 1781950511 1781950511 2 2668055 7546 10693 6252 -1 
7896 1781950511 1781950511 2 2672220 8514 10006 956 10331 8649 -1 
8900 1781950511 1781950511 2 2675711 4318 10109 3485 10090 8495 -1 
6457 1781950511 1781950511 2 2633430 9334 10032 9620 10032 7770 10463 -1 
10357 1781950511 1781950511 2 2664071 5376 10536 5926 10166 -1 
955 1781950511 1781950511 2 2668788 10245 101 10555 8480 -1 
8405 1781950511 1781950511 2 2660383 163 10461 976 10289 -1 
6258 1781950511 1781950511 2 2678128 474 10032 720 10047 7030 -1 
6635 1781950511 1781950511 2 2673039 8780 10032 6741 10253 8119 -1 
8904 1781950511 1781950511 2 2670268 1322 10219 1792 10063 8107 -1 
6114 1781950511 1781950511 2 2634005 3505 10032 8909 10032 9980 10700 5123 -1 
821 1781950511 1781950511 2 2677504 650 10244 6662 10244 991 -1 
864 1781950511 1781950511 2 2611156 3800 10234 101 10413 2822 -1 
1097 1781950511 1781950511 2 2654108 3552 10175 5402 10175 5756 -1 
2814 1781950511 1781950511 2 2670268 790 10215 4998 10063 1795 10063 8107 -1 
1574 1781950511 1781950511 2 2677504 63 10039 991 10039 991 10244 3140 10244 991 -1 
6984 1781950511 1781950511 2 2677504 5525 10114 20 10244 3140 10244 991 -1 
11393 1781950511 1781950511 2 2638955 762 10301 101 10797 6168 -1 
11534 1781950511 1781950511 2 2639961 6360 10120 2752 10120 6791 -1 
11528 1781950511 1781950511 2 2677504 10085 5405 10244 6662 10244 991 -1 
10981 1781950511 1781950511 2 2661453 9597 10344 9597 10015 1090 10015 834 -1 
10273 1781950511 1781950511 2 2654243 4172 10445 4172 10445 4172 10015 150 10015 7283 -1 
1453 1781950511 1781950511 2 2675711 10189 3237 10910 8569 10090 8495 -1 
2565 1781950511 1781950511 2 2659693 9256 10623 8443 10623 7114 10623 5631 10244 4633 10244 6230 -1 
6005 1781950511 1781950511 2 2667106 6827 10032 4647 10032 9976 10072 307 10072 9611 -1 
6801 1781950511 1781950511 2 2670891 4788 10032 8150 10032 5656 10244 4633 10244 4553 -1 
6522 1781950511 1781950511 2 2677347 4949 10050 8518 10050 2694 10121 838 10121 9215 10392 -1 
485 1781950511 1781950511 2 2672907 6599 10190 8136 10190 6507 10190 4181 -1 
1366 1781950511 1781950511 2 2595250 6014 10046 1659 10200 9390 10200 1168 -1 
2200 1781950511 1781950511 2 2675711 6848 10037 5581 10090 9488 10090 8495 -1 
2439 1781950511 1781950511 2 2669250 2902 10215 4998 10063 4011 10063 7259 10063 1129 -1 
6157 1781950511 1781950511 2 2639961 10237 6849 10120 8061 10120 2752 10120 6791 -1 
6100 1781950511 1781950511 2 2669250 6370 10006 6887 10574 171 10063 7198 10063 1129 -1 
9412 1781950511 1781950511 2 2677347 7006 10121 9330 10121 792 10121 9215 10392 -1 
6902 1781950511 1781950511 2 2677347 3176 10833 9215 10121 2564 10121 9785 10121 9215 10392 -1 
8801 1781950511 1781950511 2 2670268 761 10032 9802 10063 1468 10063 7198 10063 5979 10063 8107 -1 
8772 1781950511 1781950511 2 2677452 5003 10032 2206 10015 9863 10015 135 10015 191 10015 7676 10107 -1 
1967 1781950511 1781950511 2 2672007 2578 10086 2505 10086 1659 10046 8819 10046 9003 10046 9962 10046 8637 10013 5224 -1 
1222 1781950511 1781950511 2 2629009 757 10032 8491 -1 
2542 1781950511 1781950511 2 2677770 4190 10125 3471 -1 
2925 1781950511 1781950511 2 2626932 4996 10791 3503 -1 
1966 1781950511 1781950511 2 2652605 9096 10266 4562 10539 1324 10450 -1 
36 1781950511 1781950511 2 2612261 6523 10002 2031 10002 6783 10410 9482 -1 
5071 1781950511 1781950511 2 2665130 8875 10049 1389 -1 
3924 1781950511 1781950511 2 2653939 9542 10063 5792 10560 -1 
3446 1781950511 1781950511 2 2677860 8997 10296 8331 10176 7391 -1 
4048 1781950511 1781950511 2 2593329 4742 10737 8468 10032 3712 -1 
5823 1781950511 1781950511 2 2678013 6670 10072 119 10072 8760 10019 6757 -1 
3176 1781950511 1781950511 2 2678013 7449 10072 307 10072 307 10072 8760 10019 6757 -1 
3552 1781950511 1781950511 2 2678013 2601 10072 119 10072 4220 10072 8760 10019 6757 -1 
4421 1781950511 1781950511 2 2678013 9009 10238 4178 10072 364 10072 8760 10019 6757 -1 
4183 1781950511 1781950511 2 2678013 5492 10037 8170 10000 0 10072 119 10072 8760 10019 6757 -1 
10745 1781950511 1781950511 2 2438575 245 10084 4278 -1 
10832 1781950511 1781950511 2 2576492 2543 10005 1602 -1 
10883 1781950511 1781950511 2 2663230 9425 10176 7509 -1 
11428 1781950511 1781950511 2 2677013 1347 10071 5800 10019 8956 -1 
11992 1781950511 1781950511 2 2669999 3053 10660 5828 10024 7400 -1 
9483 1781950511 1781950511 2 2649665 3298 10412 1464 10412 1463 10412 1463 10237 5905 -1 
91 1781950511 1781950511 2 2659610 2724 10091 3075 10329 3940 10092 6448 -1 
1301 1781950511 1781950511 2 2678043 2935 10083 8149 10083 3682 10088 4557 10128 -1 
1549 1781950511 1781950511 2 2678043 2419 10083 7402 10083 3463 10083 8149 10083 3682 10088 4557 10128 -1 
5533 1781950511 1781950511 2 2677013 10853 9376 10019 8956 -1 
3802 1781950511 1781950511 2 2677353 9999 10244 20 10114 3778 -1 
4355 1781950511 1781950511 2 2663230 406 10156 3632 10176 7509 -1 
5465 1781950511 1781950511 2 2674055 288 10057 4056 10645 7150 -1 
4032 1781950511 1781950511 2 2677166 4161 10305 4161 10305 6995 10305 6692 10024 1648 -1 
11702 1781950511 1781950511 2 2576492 9403 10085 2921 10005 1602 -1 
1017 1781950511 1781950511 2 2677166 10951 7341 10024 7650 10024 1648 -1 
1717 1781950511 1781950511 2 2665126 7719 10934 7719 10934 9987 10032 7868 10032 1560 -1 
3127 1781950511 1781950511 2 2672496 9532 10032 8025 10032 8520 -1 
3134 1781950511 1781950511 2 2580192 2686 10049 8539 10054 287 -1 
3180 1781950511 1781950511 2 2643927 7236 10054 950 10237 6575 -1 
3229 1781950511 1781950511 2 2575293 3322 10428 5764 10054 704 10054 3739 -1 
5486 1781950511 1781950511 2 2664929 3901 10722 83 10032 9925 10032 3938 -1 
5549 1781950511 1781950511 2 2654942 2710 10015 9747 10019 1559 10019 7622 -1 
11036 1781950511 1781950511 2 2677212 9969 10032 4108 10032 4027 -1 
9469 1781950511 1781950511 2 2674557 2542 10159 4120 10019 2023 10019 2905 -1 
11229 1781950511 1781950511 2 2672527 2464 10134 9791 10134 856 10019 9862 10162 4686 -1 
11532 1781950511 1781950511 2 2672527 910 10033 1136 10033 9352 10019 9862 10162 4686 -1 
4128 1781950511 1781950511 2 2665456 4046 10072 4933 10053 6594 10149 3054 -1 
5689 1781950511 1781950511 2 2675309 5976 10240 9477 10006 7795 10006 5134 -1 
9439 1781950511 1781950511 2 2678013 8415 10151 312 10151 157 10019 9441 10019 6757 -1 
10791 1781950511 1781950511 2 2666014 5231 10078 3664 10078 6718 10108 8824 10088 3682 -1 
297 1781950511 1781950511 2 2665738 8789 10278 7748 10278 4694 10538 7811 -1 
3705 1781950511 1781950511 2 2677212 9448 10006 477 10006 1527 10032 4027 -1 
4337 1781950511 1781950511 2 2674557 5689 10019 9614 10019 1559 10019 2905 -1 
4572 1781950511 1781950511 2 2665456 6056 10032 4643 10032 9862 10149 3054 -1 
4831 1781950511 1781950511 2 2676709 10181 2171 10427 3939 10427 9316 10092 4585 -1 
11771 1781950511 1781950511 2 2654660 9554 10032 6388 10032 1809 10032 7336 -1 
3039 1781950511 1781950511 2 2665720 6390 10420 1071 10278 8461 10278 8461 10836 -1 
3645 1781950511 1781950511 2 2659748 9887 10538 1893 10137 1689 10214 2709 10115 -1 
10820 1781950511 1781950511 2 2653939 1063 10032 2557 10032 4096 10032 5792 10560 -1 
1230 1781950511 1781950511 2 2649888 8491 10032 4756 10032 9697 10032 9023 10032 3256 -1 
9408 1781950511 1781950511 2 2677860 5132 10176 2594 10176 9921 10176 9767 10176 7391 -1 
9816 1781950511 1781950511 2 2677212 1441 10032 784 10032 8702 10032 8931 10032 4027 -1 
10679 1781950511 1781950511 2 2672789 6822 10118 341 10118 4103 10118 1873 10118 585 -1 
11874 1781950511 1781950511 2 2673131 343 10558 8298 10558 4110 10558 6238 10558 5544 -1 
4939 1781950511 1781950511 2 2640297 8875 10032 8528 10032 193 10278 7748 10278 2593 10683 -1 
831 1781950511 1781950511 2 2659601 4611 10070 2645 10032 9847 10032 1995 10032 7109 10315 6385 10032 4084 -1 
4286 1781950511 1781950511 2 2677860 8565 10054 5106 10032 5792 10032 4625 10278 8461 10278 548 10176 7391 -1 
5 1781950511 1781950511 2 2641030 3282 10069 6310 10376 8137 -1 
1645 1781950511 1781950511 2 2602400 1295 10407 4420 10056 4420 -1 
1674 1781950511 1781950511 2 2672854 10329 1702 10329 9167 10329 8222 10030 8222 -1 
3605 1781950511 1781950511 2 2613629 4523 10153 6796 -1 
5474 1781950511 1781950511 2 2660237 4202 10449 7281 -1 
5467 1781950511 1781950511 2 2671694 6027 10027 387 10816 -1 
3620 1781950511 1781950511 2 2671236 9173 10090 9972 10056 4930 -1 
4963 1781950511 1781950511 2 2660237 6396 10247 282 10449 7281 -1 
5059 1781950511 1781950511 2 2671694 1314 10043 8004 10027 8004 10027 387 10816 -1 
8306 1781950511 1781950511 2 2645707 6833 10251 8892 10944 -1 
6985 1781950511 1781950511 2 2605331 5085 10162 1237 10084 163 10536 3680 -1 
4861 1781950511 1781950511 2 2677406 8908 10044 359 10044 4353 10671 576 10211 4669 -1 
8231 1781950511 1781950511 2 2677406 921 10019 780 10211 4669 -1 
6625 1781950511 1781950511 2 2672839 9699 10016 738 10016 6587 10016 6463 10211 1288 -1 
8348 1781950511 1781950511 2 2488771 5137 10032 1188 10032 4098 10032 8053 10779 4330 -1 
1688 1781950511 1781950511 2 2658799 3142 10689 7639 10689 3071 -1 
2237 1781950511 1781950511 2 2658799 3071 10689 3395 10689 3071 -1 
2784 1781950511 1781950511 2 2670881 10836 3168 10440 1069 10362 -1 
2335 1781950511 1781950511 2 2651053 468 10076 1441 10033 183 10828 -1 
4336 1781950511 1781950511 2 2678144 10553 7766 10147 7160 10147 7096 -1 
6821 1781950511 1781950511 2 2677406 9138 10239 8854 10239 618 10038 3450 10211 4669 -1 
7229 1781950511 1781950511 2 2677406 8827 10019 9889 10019 6000 10268 576 10211 4669 -1 
5389 1781950511 1781950511 2 2651410 6710 10694 2439 10267 3685 10798 -1 
5421 1781950511 1781950511 2 2677406 5677 10026 7312 10211 723 10211 4669 -1 
6499 1781950511 1781950511 2 2672358 1076 10288 3055 10040 8054 10152 2337 -1 
1713 1781950511 1781950511 2 2677406 3640 10654 1059 10268 576 10211 4669 -1 
7244 1781950511 1781950511 2 2672358 4944 10032 7680 10152 8114 10152 8054 10152 2337 -1 
5492 1781950511 1781950511 2 2678144 1499 10342 8628 10147 5888 10147 795 10147 3146 10147 7096 -1 
5123 1781950511 1781950511 2 2659241 9213 10280 576 10280 9342 10280 9342 10280 1846 10744 -1 
5553 1781950511 1781950511 2 2672358 5041 10152 2107 10152 8380 10152 2107 10152 8114 10152 8114 10152 2337 -1 
374 1781950511 1781950511 2 2674174 5552 10329 101 10324 4288 -1 
1709 1781950511 1781950511 2 2584139 1437 10182 5715 10113 2548 -1 
1875 1781950511 1781950511 2 2638027 3023 10002 6258 10002 3023 -1 
1885 1781950511 1781950511 2 2651894 2094 10539 2428 10113 4460 -1 
1994 1781950511 1781950511 2 2669909 7499 10554 2598 10182 3142 -1 
2221 1781950511 1781950511 2 2664277 7732 10182 4034 10182 1437 -1 
2299 1781950511 1781950511 2 2674406 4278 10076 9583 10076 9787 -1 
2973 1781950511 1781950511 2 2601382 1768 10142 9863 10142 1791 -1 
1583 1781950511 1781950511 2 2674174 8060 10070 7751 10070 101 10324 4288 -1 
2401 1781950511 1781950511 2 2659139 5910 10070 310 10070 3720 10070 2630 -1 
2643 1781950511 1781950511 2 2655882 10060 3363 10507 3987 10507 101 10768 3043 -1 
901 1781950511 1781950511 2 2668492 2347 10322 4653 10322 5462 10554 2598 10322 6599 -1 
2358 1781950511 1781950511 2 2658444 4299 10070 4477 10070 1815 10070 3720 10070 2553 -1 
2529 1781950511 1781950511 2 2677524 4803 10070 6529 10070 310 10070 3720 10070 613 -1 
6683 1781950511 1781950511 2 2672031 995 10015 636 10142 -1 
6353 1781950511 1781950511 2 2673750 9400 10176 9940 10554 4242 -1 
6531 1781950511 1781950511 2 2662826 7824 10024 5722 10483 1618 -1 
6903 1781950511 1781950511 2 2616563 8856 10288 8882 10193 8579 -1 
6470 1781950511 1781950511 2 2662826 6549 10032 2243 10032 5722 10483 1618 -1 
7236 1781950511 1781950511 2 2675027 2736 10032 8768 10054 6710 10730 1197 -1 
7565 1781950511 1781950511 2 2673627 8985 10251 6696 10251 1194 10091 696 -1 
7063 1781950511 1781950511 2 2673627 7941 10032 823 10032 8768 10251 1194 10091 696 -1 
8844 1781950511 1781950511 2 2669941 9795 10255 9795 10255 894 10255 6144 10255 805 10255 5052 10113 3375 -1 
8184 1781950511 1781950511 2 2678244 4788 10032 823 10032 3955 10032 9796 10032 7504 10032 8768 10251 1194 10091 4987 -1 
10474 1781950511 1781950511 2 2655882 10294 4869 10294 101 10768 3043 -1 
9184 1781950511 1781950511 2 2655882 5470 10052 3033 10094 101 10768 3043 -1 
10609 1781950511 1781950511 2 2661093 4426 10001 203 10001 101 10554 5462 -1 
1850 1781950511 1781950511 2 2636289 8638 10091 3075 10512 101 10083 8149 -1 
6422 1781950511 1781950511 2 2677597 3136 10156 3248 10009 7520 -1 
8032 1781950511 1781950511 2 2639425 8887 10032 812 10724 101 10673 3239 -1 
8880 1781950511 1781950511 2 2673077 8742 10137 5085 10385 3969 10111 9963 10076 8235 -1 
2484 1781950511 1781950511 2 2664813 7458 10624 101 10555 5819 10097 8236 -1 
11750 1781950511 1781950511 2 2674174 4955 10211 576 10015 150 10015 4288 10324 -1 
686 1781950511 1781950511 2 2671736 1091 10724 101 10568 101 10329 4629 -1 
6721 1781950511 1781950511 2 2676868 5330 10150 5556 10090 9076 10425 533 -1 
6898 1781950511 1781950511 2 2670096 3109 10162 3969 10015 135 10044 2598 10182 8379 -1 
9652 1781950511 1781950511 2 2673844 5557 10246 2999 10815 101 10672 101 10070 3561 -1 
1016 1781950511 1781950511 2 2675865 2130 10091 162 10077 101 10622 101 10308 101 10329 4691 -1 
6348 1781950511 1781950511 2 2610940 639 10032 3642 10015 135 10015 135 10015 9735 10783 -1 
8383 1781950511 1781950511 2 2676868 5028 10240 9822 10240 2232 10121 9076 10425 533 -1 
9658 1781950511 1781950511 2 2673750 6966 10015 150 10015 150 10015 8401 10554 4242 -1 
10491 1781950511 1781950511 2 2669471 2116 10087 226 10126 101 10532 101 10379 3027 10379 6521 10549 -1 
502 1781950511 1781950511 2 2664369 4737 10086 7852 10086 4541 -1 
1698 1781950511 1781950511 2 2588324 7315 10076 2765 10076 1722 -1 
1851 1781950511 1781950511 2 2670008 6788 10218 184 10218 6520 -1 
2384 1781950511 1781950511 2 2678310 2629 10338 7353 10338 2263 -1 
2720 1781950511 1781950511 2 2677597 3699 10076 7811 10538 7520 10009 -1 
1460 1781950511 1781950511 2 2672592 8921 10076 3335 10076 5289 10076 4796 -1 
2338 1781950511 1781950511 2 2660419 8146 10086 4072 10086 7852 10086 8939 -1 
63 1781950511 1781950511 2 2672031 7220 10069 1791 10142 6244 10142 8951 10142 636 -1 
2810 1781950511 1781950511 2 2672031 4388 10142 6575 10142 6244 10142 8951 10142 636 -1 
209 1781950511 1781950511 2 2677597 7715 10076 1093 10076 4815 10076 7811 10538 7520 10009 -1 
4511 1781950511 1781950511 2 2430947 1776 10092 7404 10981 -1 
5885 1781950511 1781950511 2 2586225 1348 10032 5309 10206 -1 
11717 1781950511 1781950511 2 2671736 9639 10033 8622 10031 554 10148 554 10148 8369 10329 4629 -1 
9180 1781950511 1781950511 2 2667912 2924 10148 554 10148 2406 10148 2424 10148 1213 10148 8101 10148 2520 10148 3763 10148 8369 10329 4405 -1 
4858 1781950511 1781950511 2 2669443 7132 10396 419 10024 5711 10318 -1 
3450 1781950511 1781950511 2 2635771 1348 10015 135 10015 9589 10092 163 10444 4205 -1 
11648 1781950511 1781950511 2 2661537 1209 10032 5157 10843 438 -1 
2426 1781950511 1781950511 2 2677597 10444 8086 10444 956 10538 4694 10538 7520 10009 -1 
787 1781950511 1781950511 2 2649732 4708 10277 6583 10407 8886 10032 6564 10032 1401 10870 -1 
3600 1781950511 1781950511 2 2668656 5708 10037 3527 10090 9972 10176 5485 10176 3632 10235 816 10880 -1 
739 1781950511 1781950511 2 2633835 4479 10283 5611 10189 7112 -1 
1596 1781950511 1781950511 2 2678244 696 10091 9195 10091 933 10091 4987 -1 
1105 1781950511 1781950511 2 2668905 10059 1498 10059 5383 10059 5062 10218 5281 -1 
2412 1781950511 1781950511 2 2673753 1522 10460 1696 10460 1522 10460 1522 10460 7410 10460 3225 -1 
6022 1781950511 1781950511 2 2678244 155 10088 933 10091 4987 -1 
6945 1781950511 1781950511 2 2678244 2766 10088 933 10091 4987 -1 
7011 1781950511 1781950511 2 2639798 5363 10162 4612 10065 6276 -1 
7203 1781950511 1781950511 2 2668131 4056 10053 7824 10053 1972 10263 7119 -1 
8105 1781950511 1781950511 2 2630771 9511 10427 9316 10092 5062 10218 1879 -1 
7523 1781950511 1781950511 2 2604023 1767 10573 8148 10442 1736 -1 
8915 1781950511 1781950511 2 2663708 3566 10038 9848 10038 4065 10528 -1 
477 1781950511 1781950511 2 2659136 2802 10331 3217 10018 7627 -1 
2372 1781950511 1781950511 2 2674739 4405 10329 101 10603 4964 10603 -1 
7777 1781950511 1781950511 2 2678042 3721 10054 5819 10097 9226 10097 -1 
7942 1781950511 1781950511 2 2638548 3442 10176 1783 10122 3489 10399 7853 -1 
2308 1781950511 1781950511 2 2676206 9085 10015 191 10015 7108 10277 8561 -1 
6690 1781950511 1781950511 2 2674739 10478 101 10602 101 10603 4964 10603 -1 
6866 1781950511 1781950511 2 2664289 7332 10026 818 10026 4512 10097 2141 -1 
10055 1781950511 1781950511 2 2670096 3678 10036 3844 10183 2598 10182 8379 10182 -1 
9162 1781950511 1781950511 2 2676734 6992 10234 101 10043 101 10766 4383 10766 -1 
317 1781950511 1781950511 2 2670956 1437 10044 359 10044 2598 10183 469 10504 6521 -1 
6500 1781950511 1781950511 2 2675934 9080 10072 9766 10072 7770 10259 3439 10065 3535 -1 
92 1781950511 1781950511 2 2659590 4766 10345 5121 10066 2236 -1 
1471 1781950511 1781950511 2 2452884 6240 10024 4320 10107 375 -1 
2052 1781950511 1781950511 2 2645543 3301 10079 3950 10069 2487 10024 8579 10008 7188 -1 
3864 1781950511 1781950511 2 2673077 2444 10049 4815 10076 8235 -1 
4596 1781950511 1781950511 2 2654013 9520 10016 8245 10065 9048 -1 
4682 1781950511 1781950511 2 2676685 4469 10013 9980 10700 9980 10700 3989 10193 7593 10193 -1 
1137 1781950511 1781950511 2 2678297 5992 10460 678 10019 3439 10065 6788 -1 
11953 1781950511 1781950511 2 2640116 10312 7120 10312 548 10019 382 10070 8398 -1 
351 1781950511 1781950511 2 2656754 588 10032 9023 10049 4815 10076 5561 -1 
4961 1781950511 1781950511 2 2676374 4741 10176 1237 10032 4611 10070 3184 -1 
9985 1781950511 1781950511 2 2667465 3033 10094 3952 10005 1083 10114 6046 10266 5790 -1 
4137 1781950511 1781950511 2 2669045 10956 3829 10398 6385 10114 6046 10215 5747 -1 
3677 1781950511 1781950511 2 2587870 5007 10417 225 10266 9683 -1 
4350 1781950511 1781950511 2 2661537 5418 10152 7836 10843 438 -1 
4370 1781950511 1781950511 2 2644276 8935 10021 4651 10142 1379 -1 
3111 1781950511 1781950511 2 2671299 10641 101 10578 6717 10060 2163 -1 
2981 1781950511 1781950511 2 2662826 9214 10283 5178 10152 6335 10500 1618 10483 -1 
4029 1781950511 1781950511 2 2658463 7132 10301 9288 10309 3616 10070 2889 -1 
6415 1781950511 1781950511 2 2584495 6000 10772 6734 10134 4551 10623 7114 -1 
7960 1781950511 1781950511 2 2677899 3772 10016 145 10016 9317 10146 1459 10317 8729 10317 -1 
1098 1781950511 1781950511 2 2670956 3877 10338 9652 10865 8726 10465 3732 10549 6521 10504 -1 
2514 1781950511 1781950511 2 2674739 10245 101 10603 4964 10603 4964 -1 
197 1781950511 1781950511 2 2519991 4964 10603 101 10207 3543 10207 484 -1 
1243 1781950511 1781950511 2 2671299 7906 10060 9348 10060 4841 10060 2163 -1 
1702 1781950511 1781950511 2 2674242 2583 10070 3720 10070 310 10070 4611 -1 
1974 1781950511 1781950511 2 2674811 6272 10002 6258 10002 570 10002 3273 -1 
597 1781950511 1781950511 2 2675355 10843 2163 10392 737 10384 5239 10384 5239 -1 
725 1781950511 1781950511 2 2664558 4224 10002 2541 10002 6258 10002 2605 10002 674 -1 
6191 1781950511 1781950511 2 2644778 551 10024 1826 10062 102 10062 1199 -1 
8509 1781950511 1781950511 2 2678192 4131 10032 748 10032 1834 10205 8442 10018 6703 -1 
8667 1781950511 1781950511 2 2671931 1574 10118 213 10118 101 10070 310 10070 2016 -1 
11698 1781950511 1781950511 2 2678192 10376 4138 10018 3565 10018 6703 -1 
11774 1781950511 1781950511 2 2653495 6737 10052 4038 10015 7749 10942 6592 10217 -1 
1636 1781950511 1781950511 2 2678271 1686 10090 6258 10002 4088 10002 1283 -1 
2017 1781950511 1781950511 2 2611416 4585 10090 7840 10076 3335 10076 3435 -1 
1860 1781950511 1781950511 2 2665714 7483 10651 4676 10512 101 10407 8278 10002 8108 -1 
10202 1781950511 1781950511 2 2676719 4824 10180 4826 10180 5898 10270 1452 10076 1509 10076 3749 -1 
10950 1781950511 1781950511 2 2678389 8355 10764 2587 10247 5634 10247 5634 10008 2027 10008 10 -1 
422 1781950511 1781950511 2 2672408 10213 1918 10213 4597 10213 4597 -1 
4683 1781950511 1781950511 2 2645779 10461 546 10461 2765 10076 3335 10076 3335 -1 
3159 1781950511 1781950511 2 2671736 1080 10016 7497 10329 8222 10329 4629 -1 
876 1781950511 1781950511 2 2672408 10947 8133 10088 9898 10088 6616 10213 4597 10213 -1 
929 1781950511 1781950511 2 2677597 1168 10032 3918 10054 3681 10009 9263 10009 7520 -1 
10302 1781950511 1781950511 2 2663464 5141 10064 1949 10064 1592 10054 2510 10008 9623 10008 9623 -1 
4795 1781950511 1781950511 2 2676391 4981 10053 3364 10032 6338 10032 9796 10032 5289 10076 5676 10076 1509 -1 
1233 1781950511 1781950511 2 2658713 7023 10107 9688 10107 2355 10107 9988 10142 4938 10107 9238 -1 
6527 1781950511 1781950511 2 2663464 1712 10006 84 10008 10 10008 9623 -1 
3861 1781950511 1781950511 2 2672264 10844 1897 10148 554 10031 7443 10042 895 10042 1411 -1 
367 1781950511 1781950511 2 2674635 6939 10253 6939 10324 2512 10002 2610 -1 
118 1781950511 1781950511 2 2673750 8520 10182 2598 10554 4242 10554 4242 10554 -1 
1135 1781950511 1781950511 2 2668492 5357 10142 101 10322 7372 10322 6599 10322 -1 
7169 1781950511 1781950511 2 2663708 8934 10032 8864 10198 7509 10887 8649 10528 4065 -1 
11068 1781950511 1781950511 2 2620068 1919 10150 1946 10721 2482 10065 2986 10002 3358 -1 
11581 1781950511 1781950511 2 2664813 301 10147 1673 10047 150 10015 9493 10097 8236 10097 8236 -1 
521 1781950511 1781950511 2 2664949 236 10114 236 10076 810 10076 3461 -1 
68 1781950511 1781950511 2 2662102 8070 10002 3441 10002 4847 10053 4847 10002 591 10002 7301 -1 
4406 1781950511 1781950511 2 2673748 940 10032 8067 10107 7915 10107 1343 -1 
4539 1781950511 1781950511 2 2676448 454 10049 7657 10018 4641 10018 3565 -1 
5770 1781950511 1781950511 2 2678147 2048 10064 7509 10640 156 10042 156 -1 
11600 1781950511 1781950511 2 2667912 5415 10050 4629 10329 9167 10329 4405 -1 
9093 1781950511 1781950511 2 2663604 10752 6604 10154 3439 10065 9755 10065 5277 -1 
530 1781950511 1781950511 2 2657035 10022 8643 10595 3867 10322 2347 10322 4848 -1 
10003 1781950511 1781950511 2 2677858 5659 10093 3648 10032 8036 10032 2120 10002 2451 10002 1350 -1 
4252 1781950511 1781950511 2 2678042 8304 10316 7452 10125 4846 10125 2638 10097 8236 10097 9226 -1 
5458 1781950511 1781950511 2 2665441 6110 10016 2641 10016 1052 10016 6008 10079 4762 10079 3950 -1 
256 1781950511 1781950511 2 2674907 8841 10009 2163 10393 5302 10002 674 10002 4306 -1 
1863 1781950511 1781950511 2 2675237 10407 8278 10407 8810 10736 2305 10736 2305 10736 -1 
2818 1781950511 1781950511 2 2670245 2629 10338 9652 10865 9652 10338 9666 10338 2534 -1 
6355 1781950511 1781950511 2 2675230 10661 8178 10394 4179 10070 1479 10070 7589 -1 
8993 1781950511 1781950511 2 2669389 459 10032 663 10032 9212 10152 1760 10152 4947 10500 1618 10500 4763 -1 
1895 1781950511 1781950511 2 2676391 7385 10076 7840 10076 9540 10076 8012 10076 1509 -1 
2880 1781950511 1781950511 2 2659016 1801 10039 2421 10166 8353 10166 6801 10076 9540 -1 
1931 1781950511 1781950511 2 2677645 3309 10002 3757 10002 6258 10002 1424 10002 4115 10002 3031 -1 
8276 1781950511 1781950511 2 2630189 903 10006 3056 10743 9905 10743 5664 10743 5664 -1 
10824 1781950511 1781950511 2 2676976 5169 10557 101 10407 1690 10002 5695 10002 4212 -1 
10735 1781950511 1781950511 2 2669941 1599 10082 1333 10082 101 10277 7579 10113 4460 10113 3375 -1 
8766 1781950511 1781950511 2 2660261 9161 10032 9828 10121 9935 10090 1184 10289 9965 10289 9965 10289 9965 -1 
3640 1781950511 1781950511 2 2653833 4635 10715 3025 10500 9369 10500 9904 10500 1711 -1 
4872 1781950511 1781950511 2 2675934 6329 10072 9972 10538 5767 10142 6244 10142 8504 10065 3535 -1 
4307 1781950511 1781950511 2 2638548 8828 10146 7436 10317 8729 10317 6974 10399 7853 -1 
10921 1781950511 1781950511 2 2675355 7365 10105 737 10384 5239 10384 5239 10384 5239 10384 -1 
2047 1781950511 1781950511 2 2678297 10831 4755 10291 6681 10761 7515 10761 7584 10142 6244 10142 8504 10065 6788 -1 
4480 1781950511 1781950511 2 2659268 6408 10049 4808 10009 2771 10009 8841 10009 246 -1 
925 1781950511 1781950511 2 2648933 5569 10024 7824 10024 871 10002 721 10002 2331 10002 2280 -1 
10508 1781950511 1781950511 2 2677368 6462 10054 6625 10054 475 10059 6974 10317 8729 10317 6645 -1 
524 1781950511 1781950511 2 2678147 10640 3655 10640 156 10496 156 10496 156 10042 -1 
8968 1781950511 1781950511 2 2675177 601 10441 6639 10878 7026 10059 2688 10062 8516 10059 2443 -1 
9693 1781950511 1781950511 2 2672560 5983 10825 5261 10338 1942 10338 9666 10338 2534 10338 2248 -1 
1447 1781950511 1781950511 2 2675244 3739 10242 8137 10215 6284 10215 5380 10215 5380 10215 4462 10215 -1 
3417 1781950511 1781950511 3 2606500 10390 3445 10007 7479 -1 
5365 1781950511 1781950511 3 2574256 10020 636 10175 3793 -1 
5384 1781950511 1781950511 3 2677504 5313 10244 4553 10244 991 -1 
5285 1781950511 1781950511 3 2628788 8639 10074 8639 10083 101 10580 -1 
3198 1781950511 1781950511 3 2677639 1090 10015 1520 10015 8480 10555 2565 -1 
3437 1781950511 1781950511 3 2603307 7842 10098 2237 10175 4382 10175 4382 -1 
3540 1781950511 1781950511 3 2595250 528 10046 1659 10200 8146 10200 1168 -1 
6463 1781950511 1781950511 3 2656065 10897 1164 10401 2765 10319 9203 10848 -1 
8199 1781950511 1781950511 3 2664071 1740 10114 8731 10166 5926 10166 -1 
11102 1781950511 1781950511 3 2668788 1549 10058 4760 10083 4147 10555 8480 -1 
5538 1781950511 1781950511 3 2664071 10529 1922 10529 1129 10166 8731 10166 5926 10166 -1 
1498 1781950511 1781950511 3 2654122 10893 6000 10259 4029 -1 
4536 1781950511 1781950511 3 2634005 8262 10700 9980 10700 3989 10700 5123 -1 
10410 1781950511 1781950511 3 2591739 4451 10100 5851 10961 3217 -1 
11739 1781950511 1781950511 3 2645655 9068 10178 1458 10210 4251 -1 
3269 1781950511 1781950511 3 2660383 5722 10196 7797 10196 7797 10196 976 10289 -1 
8295 1781950511 1781950511 3 2669317 7257 10030 615 10044 3552 -1 
4430 1781950511 1781950511 3 2672220 5427 10390 2361 10331 4954 10076 7770 10331 8649 -1 
5004 1781950511 1781950511 3 2497604 10457 4080 10399 5868 10555 5013 -1 
7998 1781950511 1781950511 3 2627723 3925 10398 633 10455 4515 10074 8072 -1 
4913 1781950511 1781950511 3 2677504 10457 1512 10457 101 10244 4553 10244 6662 10244 991 -1 
7336 1781950511 1781950511 3 2678128 3243 10162 5745 10009 3374 10922 6328 10015 150 10047 7030 -1 
45 1781950511 1781950511 3 2666283 10847 7778 10237 9859 10647 9486 10647 4663 -1 
97 1781950511 1781950511 3 2675575 4428 10237 4588 10032 4127 10175 2421 10039 -1 
11896 1781950511 1781950511 3 2678128 7815 10251 6696 10251 9319 10015 150 10047 7030 -1 
7306 1781950511 1781950511 3 2651419 10005 1187 10056 927 10143 893 10020 8451 -1 
1901 1781950511 1781950511 3 2677504 10905 4056 10247 9215 10244 6662 10244 991 -1 
5798 1781950511 1781950511 3 2677452 7085 10689 7085 10044 135 10015 7676 10107 -1 
7875 1781950511 1781950511 3 2667106 1455 10149 6818 10072 119 10072 364 10072 9611 -1 
4327 1781950511 1781950511 3 2675711 5117 10076 650 10076 9948 10111 9963 10111 9092 10090 8495 -1 
6529 1781950511 1781950511 3 2649665 9604 10345 4952 10237 5905 -1 
6298 1781950511 1781950511 3 2657729 8035 10690 4153 10690 7341 10024 3275 -1 
6944 1781950511 1781950511 3 2309417 6105 10032 5499 10032 538 10032 5753 -1 
7439 1781950511 1781950511 3 2653012 9345 10032 336 10032 9014 10032 4320 -1 
8807 1781950511 1781950511 3 2643927 2643 10032 1965 10237 3680 10237 6575 -1 
7856 1781950511 1781950511 3 2659601 3127 10054 5857 10054 447 10054 5772 10032 4084 -1 
7470 1781950511 1781950511 3 2672496 2687 10032 1486 10032 5915 10032 4788 10032 3102 10032 8520 -1 
3242 1781950511 1781950511 3 2612261 646 10864 6511 10410 9482 -1 
3990 1781950511 1781950511 3 2677166 537 10399 4080 10767 7400 10024 1648 -1 
8620 1781950511 1781950511 3 2622354 1965 10209 406 10054 382 -1 
6505 1781950511 1781950511 3 2674677 9102 10019 6456 10072 4104 10539 -1 
6599 1781950511 1781950511 3 2677013 2158 10176 7051 10214 2379 10050 3940 10064 2969 10064 6615 10064 1228 10019 8956 -1 
9354 1781950511 1781950511 3 2677212 7818 10033 915 10033 1235 10231 1235 10038 529 10031 3731 10032 4027 -1 
551 1781950511 1781950511 3 2677860 5287 10023 1945 10529 8331 10176 7391 -1 
7073 1781950511 1781950511 3 2678299 2075 10092 3872 10121 9215 10833 9987 -1 
11109 1781950511 1781950511 3 2678013 1494 10036 527 10072 8760 10019 6757 -1 
1161 1781950511 1781950511 3 2674677 5048 10072 119 10072 4220 10072 4104 10539 -1 
2180 1781950511 1781950511 3 2678013 3499 10091 8731 10072 364 10072 119 10072 8760 10019 6757 -1 
8189 1781950511 1781950511 3 2678013 914 10092 6012 10256 6012 10072 1669 10072 9448 10072 8760 10019 6757 -1 
4517 1781950511 1781950511 3 2638023 9842 10153 9376 10421 -1 
3969 1781950511 1781950511 3 2677353 6035 10250 3389 10250 3417 10114 3778 -1 
6046 1781950511 1781950511 3 2669216 7182 10573 8035 10629 -1 
8120 1781950511 1781950511 3 2678299 7042 10365 7726 10365 9933 10833 9987 -1 
8307 1781950511 1781950511 3 2672527 9252 10053 1568 10401 4612 10162 4686 -1 
8386 1781950511 1781950511 3 2676709 5368 10016 9885 10031 4849 10092 4585 -1 
8758 1781950511 1781950511 3 2678043 7797 10196 7797 10196 7797 10196 3682 10088 4557 10128 -1 
7854 1781950511 1781950511 3 2678043 3651 10032 8370 10032 8025 10032 1263 10088 3682 10088 4557 10128 -1 
8268 1781950511 1781950511 3 2664387 4341 10007 37 10064 2661 -1 
7054 1781950511 1781950511 3 2677166 5532 10032 4567 10149 3800 10024 1341 10024 1648 -1 
8082 1781950511 1781950511 3 2672789 9457 10232 8678 10118 6438 10118 2539 10118 585 -1 
6459 1781950511 1781950511 3 2659601 9065 10050 120 10050 4243 10032 8925 10032 4084 -1 
8970 1781950511 1781950511 3 2672527 1026 10029 3208 10852 8660 10162 5363 10162 4686 -1 
2018 1781950511 1781950511 3 2677013 650 10076 9642 10076 3451 10117 4984 10019 7376 10019 8956 -1 
8521 1781950511 1781950511 3 2677013 3241 10019 9580 10019 8955 10019 9371 10019 6364 10019 8956 -1 
11738 1781950511 1781950511 3 2662249 6782 10107 4416 10107 2161 10032 4108 10032 6755 -1 
8566 1781950511 1781950511 3 2649665 595 10053 5722 10459 9930 10092 950 10237 5905 -1 
210 1781950511 1781950511 3 2672527 9755 10015 191 10015 1893 10590 1893 10162 4686 -1 
11867 1781950511 1781950511 3 2672789 8206 10072 119 10072 2535 10118 2539 10118 585 -1 
8467 1781950511 1781950511 3 2677166 3270 10024 578 10024 7650 10024 7650 10024 1648 -1 
7797 1781950511 1781950511 3 2665368 1349 10057 5667 10092 3364 10032 8517 10032 6426 -1 
8935 1781950511 1781950511 3 2677860 4681 10019 6423 10033 9796 10032 3795 10032 487 10176 7391 -1 
2258 1781950511 1781950511 3 2677212 10753 220 10024 9362 10032 3626 10032 9796 10032 4027 -1 
8017 1781950511 1781950511 3 2666014 4222 10054 1995 10032 3626 10032 3125 10032 8225 10032 9104 10032 2712 10032 9827 10088 3682 -1 
5895 1781950511 1781950511 3 2654423 6446 10436 4911 10436 1853 10436 6084 10846 -1 
1167 1781950511 1781950511 3 2678144 8921 10076 4815 10076 170 10147 7096 -1 
2913 1781950511 1781950511 3 2650327 4670 10142 6331 10142 2390 10036 2877 -1 
9668 1781950511 1781950511 3 2645707 3934 10154 8892 10944 -1 
4990 1781950511 1781950511 3 2659241 3479 10305 3479 10305 6995 10305 838 10121 1237 10084 1846 10744 -1 
11616 1781950511 1781950511 3 2641093 6782 10088 9898 10561 8782 -1 
6427 1781950511 1781950511 3 2663437 4913 10108 5414 10392 7009 10309 4707 -1 
135 1781950511 1781950511 3 2672854 10554 2598 10044 9370 10044 615 10030 8222 -1 
9944 1781950511 1781950511 3 2602442 9339 10092 576 10152 304 -1 
9840 1781950511 1781950511 3 2678144 7525 10452 8223 10452 1182 10147 7096 -1 
10008 1781950511 1781950511 3 2677406 7009 10031 766 10016 5368 10016 576 10211 4669 -1 
10350 1781950511 1781950511 3 2677406 9533 10661 1893 10447 766 10016 9720 10016 6463 10211 4669 -1 
828 1781950511 1781950511 3 2676561 7769 10070 101 10557 6109 10087 6061 -1 
2084 1781950511 1781950511 3 2650327 8443 10623 5631 10036 3647 10036 2877 -1 
1094 1781950511 1781950511 3 2677406 10548 7675 10768 101 10030 4100 10211 4669 -1 
10310 1781950511 1781950511 3 2676561 9780 10085 6987 10085 7052 10087 152 10087 6061 -1 
11314 1781950511 1781950511 3 2677406 1730 10280 576 10280 576 10268 6000 10268 576 10211 4669 -1 
11903 1781950511 1781950511 3 2673516 6337 10147 6337 10147 6334 10147 7160 10147 6308 10147 3577 -1 
8466 1781950511 1781950511 3 2662886 6002 10116 8678 10176 9981 10183 1473 10015 3928 10356 9982 10356 9923 10506 -1 
11643 1781950511 1781950511 3 2670881 1450 10148 3062 10005 7684 10387 1004 10033 1587 10348 1069 10362 -1 
873 1781950511 1781950511 3 2670881 9353 10398 5243 10033 3952 10578 3952 10348 1069 10362 -1 
3037 1781950511 1781950511 3 2660878 7760 10142 3611 10142 7545 -1 
4889 1781950511 1781950511 3 2669909 7211 10322 2598 10182 3142 -1 
3385 1781950511 1781950511 3 2630466 10724 6073 10076 9919 10076 7715 -1 
8453 1781950511 1781950511 3 2635495 5605 10406 6076 10632 101 10407 6007 -1 
8671 1781950511 1781950511 3 2674174 9967 10019 8369 10329 101 10324 4288 -1 
9788 1781950511 1781950511 3 2674174 7070 10179 3958 10245 101 10324 4288 -1 
3656 1781950511 1781950511 3 2651894 3134 10117 2476 10321 6506 10318 101 10113 4460 -1 
3109 1781950511 1781950511 3 2674406 6135 10156 675 10259 9910 10076 2097 10076 9784 10076 9787 -1 
4229 1781950511 1781950511 3 2619196 4583 10154 6318 10076 7793 -1 
5729 1781950511 1781950511 3 2666972 7236 10054 5819 10097 3427 -1 
9140 1781950511 1781950511 3 2647467 9467 10134 3063 10791 999 10049 6460 10066 5121 -1 
1152 1781950511 1781950511 3 2668536 10673 807 10675 101 10039 626 -1 
2386 1781950511 1781950511 3 2676391 9056 10266 9683 10266 2013 10111 9963 10076 1509 -1 
3532 1781950511 1781950511 3 2659349 1185 10000 8487 10000 9940 10554 8731 -1 
643 1781950511 1781950511 3 2663596 10933 965 10006 1677 10006 956 10331 5465 10079 3531 -1 
7834 1781950511 1781950511 3 2676135 9248 10049 7067 10789 9779 10193 5069 -1 
9499 1781950511 1781950511 3 2673750 3985 10554 4374 10044 2598 10554 4242 -1 
11046 1781950511 1781950511 3 2670956 3059 10019 5451 10353 7637 10379 6521 10504 -1 
5674 1781950511 1781950511 3 2677597 2595 10238 6821 10238 2411 10072 2017 10072 9991 10072 307 10072 3286 10009 7520 -1 
3361 1781950511 1781950511 3 2672031 1631 10010 274 10010 7118 10142 8951 10142 636 -1 
7070 1781950511 1781950511 3 2675503 2765 10076 5289 10076 9221 -1 
6372 1781950511 1781950511 3 2650897 9572 10176 1093 10032 6753 10948 -1 
5627 1781950511 1781950511 3 2672031 5651 10037 7289 10142 6244 10142 8951 10142 636 -1 
10435 1781950511 1781950511 3 2673567 7613 10465 6307 10465 3882 10697 5772 10697 7297 10697 747 -1 
6886 1781950511 1781950511 3 2677597 3230 10032 3102 10076 3699 10076 7811 10538 7520 10009 -1 
6327 1781950511 1781950511 3 2673276 7049 10121 2206 10632 5506 -1 
3422 1781950511 1781950511 3 2677597 10972 8116 10254 7520 10009 -1 
6676 1781950511 1781950511 3 2661537 4102 10024 4526 10024 438 10843 -1 
2683 1781950511 1781950511 3 2665709 5676 10076 9652 10865 8726 10865 2709 10338 9666 -1 
6588 1781950511 1781950511 3 2610940 4833 10261 9156 10214 8266 10783 9735 -1 
7803 1781950511 1781950511 3 2645543 10209 4640 10032 1656 10032 1769 10054 2510 10008 7188 -1 
9892 1781950511 1781950511 3 2599019 6134 10546 7236 10534 5610 10745 4710 -1 
8136 1781950511 1781950511 3 2673361 9740 10122 8686 10019 6715 10060 5858 -1 
10115 1781950511 1781950511 3 2668656 2995 10015 0 10000 1948 10235 816 10880 -1 
1226 1781950511 1781950511 3 2669443 7715 10076 1579 10024 7932 10237 5711 10318 -1 
7559 1781950511 1781950511 3 2669443 7820 10490 8280 10032 4627 10237 5711 10318 -1 
6855 1781950511 1781950511 3 2504413 10825 3640 10809 3168 10836 5388 -1 
10433 1781950511 1781950511 3 2589531 7667 10015 6649 10724 4779 10349 8233 -1 
5524 1781950511 1781950511 3 2669909 1080 10019 5913 10392 2094 -1 
2576 1781950511 1781950511 3 2673343 4405 10329 8369 10019 9961 10500 4713 -1 
3436 1781950511 1781950511 3 2650123 5684 10037 8518 10050 1612 10358 3732 10549 2558 -1 
11593 1781950511 1781950511 3 2673343 7070 10000 5751 10152 9961 10500 4713 -1 
4352 1781950511 1781950511 3 2671660 6099 10009 2771 10009 8841 10009 7937 10331 652 10076 642 -1 
3522 1781950511 1781950511 3 2658485 1013 10315 2492 10648 3153 10065 9755 -1 
0 1781950511 1781950511 3 2673721 4611 10070 9836 10176 9727 10176 1237 10259 3439 10065 8504 -1 
3983 1781950511 1781950511 3 2678147 3323 10379 7106 10413 156 10042 156 -1 
6879 1781950511 1781950511 3 2675237 5043 10211 4918 10211 5451 10736 2305 10736 -1 
5941 1781950511 1781950511 3 2623805 2223 10026 5677 10182 5996 10182 2927 10220 9430 10107 7300 -1 
5691 1781950511 1781950511 3 2674739 2581 10199 661 10289 9965 10289 1471 10122 101 10603 4964 10603 -1 
11134 1781950511 1781950511 3 2667257 1858 10412 6721 10381 934 10381 8245 10107 6197 -1 
3286 1781950511 1781950511 3 2676685 9938 10193 3989 10193 7593 10193 -1 
5282 1781950511 1781950511 3 2678389 4954 10111 5133 10037 8446 10037 3083 10864 1104 10008 10 10008 -1 
7546 1781950511 1781950511 3 2657456 6615 10064 2294 10049 4815 10076 4815 -1 
8764 1781950511 1781950511 3 2675114 7317 10176 476 10176 9574 10114 236 10834 4701 -1 
655 1781950511 1781950511 3 2671299 4501 10222 311 10092 1294 10060 2163 -1 
6813 1781950511 1781950511 3 2668676 125 10005 3794 10064 7509 10008 4482 -1 
1605 1781950511 1781950511 3 2675177 10496 3510 10246 1827 10246 8892 10538 1412 10059 2443 -1 
6227 1781950511 1781950511 3 2673039 10395 781 10591 6183 10591 4731 10113 7869 -1 
4969 1781950511 1781950511 3 2676391 170 10076 9963 10076 5676 10076 1509 -1 
5893 1781950511 1781950511 3 2676719 9330 10090 9325 10076 9963 10076 3461 10076 3749 -1 
2142 1781950511 1781950511 3 2637253 3823 10447 3932 10009 2771 10009 2771 -1 
811 1781950511 1781950511 3 2667584 4470 10690 7332 10690 2923 10076 7937 10462 797 -1 
7631 1781950511 1781950511 3 2676251 836 10006 4721 10276 5004 10262 623 10070 3968 -1 
6936 1781950511 1781950511 3 2677524 3626 10032 625 10032 3736 10216 101 10070 310 10070 613 -1 
4010 1781950511 1781950511 3 2664949 2617 10461 8678 10072 8875 10076 8921 10076 3461 -1 
11402 1781950511 1781950511 3 2673077 1302 10031 1458 10178 2564 10121 9583 10076 2097 10076 8235 -1 
6941 1781950511 1781950511 3 2672408 5517 10006 6545 10032 5180 10088 9898 10088 4920 10088 6616 10213 4597 10213 -1 
11430 1781950511 1781950511 3 2628282 8039 10204 3655 10186 3279 10580 2695 -1 
10590 1781950511 1781950511 3 2663226 3941 10546 9801 10019 9793 10673 3239 10673 7940 -1 
11383 1781950511 1781950511 3 2675027 4091 10007 2462 10007 3913 10394 3655 10730 9144 10730 1197 -1 
8680 1781950511 1781950511 3 2665046 5841 10019 3347 10019 9225 10019 6421 10325 2014 10325 5378 -1 
11615 1781950511 1781950511 3 2667774 6392 10056 471 10178 9981 10009 2771 10009 8841 10009 9263 -1 
6364 1781950511 1781950511 3 2675244 2478 10452 9268 10072 2902 10215 5380 10215 4462 10215 -1 
1913 1781950511 1781950511 3 2666972 4550 10045 9292 10045 9292 10045 101 10207 166 10097 9226 10097 3427 -1 
4657 1781950511 1781950511 3 2677597 7580 10072 538 10032 6567 10009 9263 10009 9263 10009 7520 -1 
6969 1781950511 1781950511 3 2667584 8517 10092 6679 10152 3926 10032 9558 10009 2771 10009 7937 10462 797 -1 
11238 1781950511 1781950511 3 2673721 3287 10224 1806 10162 4612 10065 3153 10065 9755 10065 8504 -1 
10174 1781950511 1781950511 3 2678297 7747 10019 4317 10247 7543 10259 3439 10065 5277 10065 7369 10065 6788 -1 
11623 1781950511 1781950511 3 2676719 9300 10358 308 10358 3124 10076 3461 10076 1509 10076 3749 -1 
2302 1781950511 1781950511 3 2665441 8125 10107 7006 10054 4270 10069 939 10069 5918 10079 9004 10079 3950 -1 
7955 1781950511 1781950511 3 2656318 7297 10640 3655 10186 3956 10186 4162 10730 1197 10091 3111 -1 
4895 1781950511 1781950511 3 2677899 5245 10450 4542 10085 6305 10317 8729 10317 8729 10317 8729 10317 -1 
7350 1781950511 1781950511 3 2669788 2212 10032 5722 10024 2487 10069 4592 10069 6540 10069 3950 10079 4687 -1 
6292 1781950511 1781950511 3 2677899 6146 10756 4116 10092 9845 10113 5521 10113 6520 10317 8729 10317 8729 10317 -1 
1264 1781950511 1781950511 3 2675934 2822 10779 1228 10210 9493 10142 7675 10142 6244 10142 6244 10142 8504 10065 3535 -1 
2997 1781950511 1781950511 4 2646376 5900 10824 622 10824 622 -1 
9212 1781950511 1781950511 4 2598779 4612 10342 3124 10910 3536 -1 
2776 1781950511 1781950511 4 2677504 236 10244 6662 10244 4553 10244 991 -1 
493 1781950511 1781950511 4 2677639 7147 10277 7283 10015 135 10015 8480 10555 2565 -1 
3461 1781950511 1781950511 4 2677639 10955 5041 10111 4599 10019 8480 10555 2565 -1 
5408 1781950511 1781950511 4 2654122 8814 10345 7932 10024 3275 10259 4029 -1 
9001 1781950511 1781950511 4 2678128 7280 10047 150 10047 80 10047 80 10047 2161 10047 7030 -1 
10977 1781950511 1781950511 4 2641215 10376 5203 10050 1612 10090 8836 -1 
8366 1781950511 1781950511 4 2678128 8370 10032 2211 10647 9976 10032 2161 10047 7030 -1 
10638 1781950511 1781950511 4 2664654 7954 10033 3582 10119 2937 10137 1366 10447 1893 10162 3969 10111 4790 -1 
5668 1781950511 1781950511 4 2588266 5402 10182 5829 10156 494 -1 
10582 1781950511 1781950511 4 2677347 6734 10787 5203 10050 3872 10121 9215 10392 -1 
11469 1781950511 1781950511 4 2670083 2111 10551 8290 10551 1471 10551 3294 10253 6939 -1 
6029 1781950511 1781950511 4 2664654 7491 10264 9619 10331 956 10111 8157 10111 4790 -1 
7242 1781950511 1781950511 4 2661523 7442 10830 9360 10830 8203 10063 6024 10063 6669 -1 
8071 1781950511 1781950511 4 2677770 6979 10011 2800 10011 2800 10011 2638 10125 3471 -1 
1542 1781950511 1781950511 4 2677212 8793 10032 6594 10032 942 10032 1809 10032 9023 10032 7209 10032 4027 -1 
5007 1781950511 1781950511 4 2674557 8028 10281 3288 10281 4243 10281 1146 10019 4599 10019 2905 -1 
11009 1781950511 1781950511 4 2664387 6764 10019 4728 10064 2661 -1 
11035 1781950511 1781950511 4 2677860 3287 10176 9589 10176 7391 -1 
4173 1781950511 1781950511 4 2677013 5335 10050 2969 10064 1228 10019 8956 -1 
3357 1781950511 1781950511 4 2677013 10710 2662 10031 7193 10019 8956 -1 
5957 1781950511 1781950511 4 2678299 6015 10092 3872 10121 9215 10833 9987 -1 
1130 1781950511 1781950511 4 2678299 2886 10196 7797 10196 9257 10121 9215 10833 9987 -1 
8102 1781950511 1781950511 4 2674677 1755 10032 748 10036 6317 10072 119 10072 4104 10539 -1 
10063 1781950511 1781950511 4 2678299 160 10056 9257 10121 844 10121 9215 10833 9987 -1 
3641 1781950511 1781950511 4 2678013 10909 5004 10024 7824 10053 8001 10072 1669 10072 119 10072 8760 10019 6757 -1 
9588 1781950511 1781950511 4 2598163 6233 10178 471 10016 1697 -1 
1972 1781950511 1781950511 4 2664387 7483 10651 4676 10651 4676 10234 7547 10234 1705 10104 9901 10064 2661 -1 
7159 1781950511 1781950511 4 2666917 1720 10019 7999 10449 5990 10449 1877 10356 2459 10229 7321 -1 
919 1781950511 1781950511 4 2668273 2802 10032 1744 10032 5129 10585 -1 
3279 1781950511 1781950511 4 2678013 7580 10072 6012 10000 586 10019 6757 -1 
3571 1781950511 1781950511 4 2674502 10670 6056 10007 9 10007 459 10032 2551 -1 
11720 1781950511 1781950511 4 2677013 10620 681 10072 119 10072 7392 10019 8956 -1 
11516 1781950511 1781950511 4 2658948 2102 10092 478 10056 2491 10315 992 -1 
9345 1781950511 1781950511 4 2665720 7244 10050 4694 10278 4135 10278 8461 10836 -1 
1417 1781950511 1781950511 4 2677212 2863 10262 661 10289 9965 10289 9965 10289 4751 10237 1955 10032 4027 -1 
1616 1781950511 1781950511 4 2672496 4755 10130 5590 10032 8886 10032 8520 -1 
10696 1781950511 1781950511 4 2678043 8799 10051 6554 10637 9898 10088 4557 10128 -1 
6836 1781950511 1781950511 4 2665720 37 10393 9051 10176 2491 10610 1612 10278 8461 10836 -1 
11233 1781950511 1781950511 4 2677013 5034 10085 2197 10007 1075 10019 3940 10050 1612 10050 6364 10019 8956 -1 
10845 1781950511 1781950511 4 2660413 6898 10604 101 10283 933 10283 -1 
8706 1781950511 1781950511 4 2665005 6593 10032 7847 10201 101 10559 7281 10449 1699 -1 
122 1781950511 1781950511 4 2665005 1210 10002 2913 10002 4821 10309 7281 10449 1699 -1 
1220 1781950511 1781950511 4 2641093 6616 10838 7705 10472 5678 10472 5678 10472 3457 10561 8782 -1 
11305 1781950511 1781950511 4 2672839 2587 10019 4030 10019 2380 10019 3633 10019 8291 10211 1288 -1 
10215 1781950511 1781950511 4 2672358 2879 10019 6443 10015 9838 10152 2337 -1 
9378 1781950511 1781950511 4 2671236 8049 10040 2944 10040 9300 10551 6226 10567 6606 10000 1612 10056 4930 -1 
6036 1781950511 1781950511 4 2669844 10447 2593 10278 193 10278 3000 10278 4625 10195 4794 -1 
8702 1781950511 1781950511 4 2658117 9674 10032 8478 10032 8824 10088 7106 10189 2851 10030 4831 -1 
8785 1781950511 1781950511 4 2641093 4920 10561 7472 10561 4972 10561 7576 10561 8782 -1 
3592 1781950511 1781950511 4 2660237 1395 10701 4964 10701 8003 10449 5990 10449 7281 -1 
3311 1781950511 1781950511 4 2651053 10434 7385 10239 9571 10033 5358 10033 183 10828 -1 
277 1781950511 1781950511 4 2658799 426 10015 9624 10689 7639 10689 3395 10689 3071 -1 
1818 1781950511 1781950511 4 2672358 739 10032 1238 10092 9917 10152 1760 10152 9160 10152 3991 10152 2337 -1 
11219 1781950511 1781950511 4 2668492 2159 10557 3768 10557 101 10322 2598 10322 6599 -1 
1084 1781950511 1781950511 4 2669941 10800 3551 10673 101 10113 3375 -1 
1467 1781950511 1781950511 4 2676719 8237 10032 3795 10032 1093 10076 9963 10076 3749 -1 
5824 1781950511 1781950511 4 2654759 6060 10631 6060 10631 101 10815 5128 10815 6498 10019 5451 10736 7737 -1 
2628 1781950511 1781950511 4 2664147 10469 8175 10015 9434 10084 655 10229 5976 10060 6017 -1 
6145 1781950511 1781950511 4 2675503 2491 10174 3873 10084 9449 10563 8660 10286 3969 10111 9963 10076 9221 -1 
1294 1781950511 1781950511 4 2674862 250 10059 101 10251 6696 10251 9319 10122 101 10070 3448 -1 
236 1781950511 1781950511 4 2669471 7400 10206 2988 10088 7106 10379 3027 10379 6521 10549 -1 
11207 1781950511 1781950511 4 2670956 1102 10092 3168 10379 3027 10379 6521 10504 -1 
356 1781950511 1781950511 4 2573295 1942 10338 7353 10338 7353 10338 2580 -1 
9932 1781950511 1781950511 4 2671660 5243 10120 4915 10656 9561 10009 8841 10009 2765 10076 642 -1 
4758 1781950511 1781950511 4 2675002 7159 10072 119 10072 2765 10121 3872 10076 5676 -1 
11210 1781950511 1781950511 4 2610940 8096 10031 3360 10176 3572 10121 4694 10783 9735 -1 
7731 1781950511 1781950511 4 2610940 3530 10032 2804 10009 5581 10037 8823 10037 7289 10345 9735 10783 -1 
2147 1781950511 1781950511 4 2609206 9787 10076 2765 10461 2717 10032 6476 10544 -1 
6536 1781950511 1781950511 4 2677597 6316 10417 5891 10411 3319 10050 4694 10538 7520 10009 -1 
8000 1781950511 1781950511 4 2669389 3612 10054 6160 10054 2236 10204 9961 10500 4763 -1 
6572 1781950511 1781950511 4 2669389 10178 4032 10811 9638 10204 9961 10500 4763 -1 
4330 1781950511 1781950511 4 2678297 1166 10096 6188 10024 3275 10259 3439 10065 6788 -1 
1925 1781950511 1781950511 4 2675002 7540 10072 9966 10072 8666 10072 4815 10076 5676 -1 
6405 1781950511 1781950511 4 2667584 3681 10054 5573 10054 860 10749 797 10462 797 -1 
2436 1781950511 1781950511 4 2586225 4330 10008 2798 10008 2227 10008 5309 10206 -1 
3440 1781950511 1781950511 4 2669443 6670 10129 839 10129 9310 10909 1030 10149 5711 10318 5711 -1 
3819 1781950511 1781950511 4 2538105 2256 10176 7288 10176 3989 10193 5119 10114 8899 10848 5381 -1 
10915 1781950511 1781950511 4 2664285 1023 10606 7841 10669 9379 10002 9073 -1 
4622 1781950511 1781950511 4 2653568 10835 5132 10263 56 10263 8081 10263 7040 10263 776 -1 
8683 1781950511 1781950511 4 2677597 5251 10132 3661 10032 3859 10009 8841 10009 7520 -1 
644 1781950511 1781950511 4 2676719 839 10076 976 10735 2467 10903 5898 10270 1452 10076 1509 10076 3749 -1 
2395 1781950511 1781950511 4 2675002 3727 10446 7044 10084 4758 10015 7168 10090 9887 10121 3554 10111 9963 10076 5676 10076 5676 -1 
9362 1781950511 1781950511 4 2678389 3146 10147 3249 10147 7567 10204 6460 10054 6557 10008 10 10008 10 -1 
5224 1781950511 1781950511 4 2672820 10961 2956 10648 3168 10356 7471 10092 1834 10205 8442 10018 3634 10703 -1 
5318 1781950511 1781950511 4 2676391 4333 10221 9263 10229 9883 10072 4815 10076 5676 10076 1509 -1 
4528 1781950511 1781950511 4 2673039 10646 5838 10744 628 10242 8449 10113 7869 10277 7869 10113 -1 
9356 1781950511 1781950511 4 2676391 10429 6923 10087 8870 10521 2704 10770 4686 10076 5676 10076 1509 -1 
6822 1781950511 1781950511 4 2676719 3910 10054 1384 10461 2765 10111 9963 10076 5676 10076 1509 10076 3749 -1 
2030 1781950511 1781950511 5 2677639 1635 10338 2248 10338 1942 10338 2709 10000 0 10072 8480 10555 2565 -1 
7399 1781950511 1781950511 5 2670891 3553 10029 5505 10054 4553 10244 4553 -1 
9498 1781950511 1781950511 5 2659493 3487 10035 6577 10439 8271 10053 1235 10105 2165 10044 3958 -1 
7445 1781950511 1781950511 5 2672220 9398 10054 4954 10072 364 10072 119 10072 4815 10076 2765 10331 8649 -1 
5079 1781950511 1781950511 5 2668788 2670 10024 7342 10408 8842 10397 7171 10555 8480 -1 
1377 1781950511 1781950511 5 2670268 8072 10111 3558 10323 551 10032 7931 10204 6013 10063 8107 -1 
10658 1781950511 1781950511 5 2677212 7342 10253 661 10217 661 10032 4027 -1 
6645 1781950511 1781950511 5 2677860 8100 10049 9227 10072 8313 10092 9829 10176 7391 -1 
7758 1781950511 1781950511 5 2665130 5207 10024 5098 10096 4025 10406 9938 10049 1389 -1 
8617 1781950511 1781950511 5 2672789 8829 10005 4870 10118 4194 10118 585 -1 
6085 1781950511 1781950511 5 2677212 2293 10032 8679 10054 9991 10054 1252 10032 9976 10032 4027 -1 
4923 1781950511 1781950511 5 2677860 493 10111 3445 10185 8331 10176 7391 -1 
6593 1781950511 1781950511 5 2674677 4536 10264 2432 10000 958 10072 9766 10072 4104 10539 -1 
5083 1781950511 1781950511 5 2677860 2392 10019 4627 10765 220 10247 9215 10529 8331 10176 7391 -1 
8957 1781950511 1781950511 5 2677013 904 10032 1103 10611 5703 10392 2368 10019 8956 -1 
4994 1781950511 1781950511 5 2676709 10671 5345 10671 7661 10671 7661 10671 576 10072 2912 10092 4585 -1 
8523 1781950511 1781950511 5 2677013 3553 10029 6711 10217 1242 10019 9794 10019 8956 -1 
7248 1781950511 1781950511 5 2677770 8802 10185 5101 10162 2535 10125 4846 10125 3889 10125 3471 -1 
2399 1781950511 1781950511 5 2666842 7761 10076 7309 10076 6581 10176 8047 10056 4485 10024 6629 -1 
7771 1781950511 1781950511 5 2677353 8929 10000 1237 10090 4363 10090 415 10006 735 10114 3778 -1 
7981 1781950511 1781950511 5 2665005 1238 10032 7112 10015 135 10044 2165 10449 1699 -1 
9918 1781950511 1781950511 5 2609270 1370 10791 2065 10669 4911 10669 5096 -1 
5368 1781950511 1781950511 5 2677406 10788 3970 10195 7619 10195 8155 10211 3400 10211 4669 -1 
1014 1781950511 1781950511 5 2665005 3142 10322 5566 10516 4202 10449 1699 -1 
11206 1781950511 1781950511 5 2672358 1038 10275 4353 10671 3099 10671 576 10152 2337 -1 
10708 1781950511 1781950511 5 2665710 4391 10030 101 10330 101 10584 101 10907 2391 10446 6711 -1 
4138 1781950511 1781950511 5 2672518 7132 10024 242 10024 2255 10024 3985 10124 7465 -1 
10110 1781950511 1781950511 5 2677406 6604 10154 94 10287 308 10358 772 10358 1753 10016 6463 10211 4669 -1 
11936 1781950511 1781950511 5 2672839 6954 10016 723 10016 9720 10016 6463 10211 1288 -1 
7444 1781950511 1781950511 5 2669909 6610 10554 2598 10554 2598 10182 3142 -1 
3745 1781950511 1781950511 5 2669471 159 10072 1669 10072 8606 10016 7106 10379 6521 10549 -1 
7164 1781950511 1781950511 5 2673750 9697 10032 3769 10193 9938 10032 9532 10015 8401 10554 4242 -1 
7694 1781950511 1781950511 5 2668656 9802 10032 7685 10193 8882 10090 763 10137 1806 10235 816 10880 -1 
2746 1781950511 1781950511 5 2670096 10352 3919 10024 38 10024 5974 10024 2507 10352 6008 10182 8379 -1 
770 1781950511 1781950511 5 2673039 3854 10049 8998 10049 7389 10803 101 10113 4460 10113 7869 -1 
10620 1781950511 1781950511 5 2676719 3447 10076 8541 10111 2013 10111 9963 10111 9963 10076 5676 10076 3749 -1 
3978 1781950511 1781950511 5 2677899 5850 10147 2607 10352 598 10412 1463 10412 8260 10317 8729 10317 8729 -1 
11 1781950511 1781950511 5 2674955 1168 10675 101 10553 101 10308 6534 10308 101 10070 7956 10070 6627 10070 623 -1 
3013 1781950511 1781950511 5 2678297 4872 10120 4001 10669 2065 10083 101 10603 5866 10218 1288 10218 6788 10065 -1 
799 1781950511 1781950511 6 2677639 3080 10016 7067 10019 8480 10555 2565 -1 
5128 1781950511 1781950511 6 2647998 5534 10072 3081 10084 8778 10596 192 10909 3618 -1 
2227 1781950511 1781950511 6 2677347 4553 10539 8475 10024 3143 10589 9716 10833 9215 10392 -1 
875 1781950511 1781950511 6 2677504 8789 10244 20 10244 20 10244 991 -1 
3179 1781950511 1781950511 6 2649214 5703 10118 9553 10111 9963 10111 2013 10111 2940 -1 
9921 1781950511 1781950511 6 2669118 3137 10016 4952 10323 5772 10244 9999 10244 4553 10244 4633 10244 5125 -1 
8689 1781950511 1781950511 6 2590544 9293 10019 5338 10705 9603 10705 2173 10705 -1 
3243 1781950511 1781950511 6 2678013 6298 10010 500 10016 8648 10019 8760 10019 6757 -1 
11028 1781950511 1781950511 6 2677013 9794 10019 7422 10019 1228 10019 8956 -1 
4343 1781950511 1781950511 6 2677013 7389 10019 973 10019 335 10019 5826 10019 4599 10019 1228 10019 8956 -1 
10176 1781950511 1781950511 6 2663230 10001 3099 10092 6909 10092 2912 10415 7770 10176 7509 -1 
2062 1781950511 1781950511 6 2676709 4335 10425 533 10111 9963 10076 9784 10076 3872 10092 4585 -1 
5671 1781950511 1781950511 6 2653012 2956 10032 8519 10032 2886 10032 2557 10032 4320 -1 
3581 1781950511 1781950511 6 2677013 6767 10392 112 10392 2368 10019 8672 10019 8956 -1 
3880 1781950511 1781950511 6 2662779 6903 10019 7864 10019 4284 10037 3527 10037 8316 10050 9563 10214 7937 -1 
11470 1781950511 1781950511 6 2677406 10551 2335 10216 966 10216 9456 10176 495 10072 576 10211 4669 -1 
3508 1781950511 1781950511 6 2677597 8809 10237 4521 10074 2669 10050 3286 10009 7520 -1 
224 1781950511 1781950511 6 2676391 7721 10076 2765 10076 9963 10076 3435 10076 5289 10076 1509 -1 
11360 1781950511 1781950511 7 2677452 2944 10040 4107 10174 655 10092 9930 10269 1612 10053 9988 10107 7676 10107 -1 
11912 1781950511 1781950511 7 2664654 6702 10084 9563 10111 2013 10111 2013 10111 4790 -1 
583 1781950511 1781950511 7 2678013 5287 10072 5447 10152 5232 10152 6335 10179 2905 10019 8672 10019 1228 10019 6757 -1 
8335 1781950511 1781950511 7 2638023 2052 10032 1523 10305 9887 10072 3658 10546 4523 10153 9376 10421 -1 
11563 1781950511 1781950511 7 2669844 6972 10458 7442 10279 751 10279 101 10195 2504 10195 5488 10195 4311 10195 1954 10195 4794 -1 
10335 1781950511 1781950511 7 2676391 8350 10072 9568 10072 8683 10903 5898 10270 1452 10076 1509 -1 
4891 1781950511 1781950511 7 2678147 1914 10128 6076 10150 6076 10294 101 10496 156 10496 156 10042 156 -1 
9357 1781950511 1781950511 8 2660383 3200 10210 8123 10205 7710 10205 2973 10289 20 10289 976 10289 -1 
2846 1781950511 1781950511 8 2678013 3854 10175 7326 10050 7080 10611 5703 10392 1228 10019 6757 -1 
3143 1781950511 1781950511 8 2648901 3479 10189 3237 10219 8633 10137 2709 10022 332 10272 7376 10019 4335 -1 
8347 1781950511 1781950511 9 2677013 9257 10019 4819 10392 4409 10392 1043 10392 1228 10019 8956 -1 
3005 1781950511 1781950511 0 2004471 10191 1507 -1 
3723 1781950511 1781950511 0 2386024 10518 9744 -1 
4103 1781950511 1781950511 0 2661479 10095 6248 -1 
4407 1781950511 1781950511 0 2575086 10379 3323 -1 
5114 1781950511 1781950511 0 2658027 3226 10599 -1 
5154 1781950511 1781950511 0 2644022 10617 6650 -1 
5174 1781950511 1781950511 0 2202192 10184 2898 -1 
5178 1781950511 1781950511 0 2546226 10335 2591 -1 
5272 1781950511 1781950511 0 2671918 9826 10341 -1 
5491 1781950511 1781950511 0 2626491 10326 9574 -1 
5633 1781950511 1781950511 0 2560293 10026 2625 -1 
5686 1781950511 1781950511 0 2658792 10057 1895 -1 
5927 1781950511 1781950511 0 2678359 8291 10168 -1 
5969 1781950511 1781950511 0 2648391 9746 10830 -1 
3062 1781950511 1781950511 0 1092290 3735 10067 6309 -1 
3071 1781950511 1781950511 0 2658956 4537 10103 3840 -1 
3100 1781950511 1781950511 0 2677100 5831 10072 1669 -1 
3133 1781950511 1781950511 0 2675990 1481 10143 28 -1 
3141 1781950511 1781950511 0 2671682 2346 10010 909 -1 
3145 1781950511 1781950511 0 2670042 1335 10010 9825 -1 
3194 1781950511 1781950511 0 2646202 9983 10063 1792 -1 
3200 1781950511 1781950511 0 2652915 5340 10026 1081 -1 
3236 1781950511 1781950511 0 2670656 2582 10471 5685 -1 
3239 1781950511 1781950511 0 2662805 5947 10057 2671 -1 
3294 1781950511 1781950511 0 2672654 5951 10037 2852 -1 
3302 1781950511 1781950511 0 2598590 7010 10172 624 -1 
3315 1781950511 1781950511 0 2633204 5245 10247 87 -1 
3335 1781950511 1781950511 0 2676556 3443 10234 7547 -1 
3347 1781950511 1781950511 0 2673393 6107 10378 6107 -1 
3434 1781950511 1781950511 0 2664359 2852 10121 9325 -1 
3504 1781950511 1781950511 0 2593508 9929 10164 4886 -1 
3559 1781950511 1781950511 0 2593698 7082 10025 5740 -1 
3564 1781950511 1781950511 0 2678330 5336 10402 5554 -1 
3590 1781950511 1781950511 0 2674916 3068 10184 8213 -1 
3597 1781950511 1781950511 0 2600440 2224 10046 9332 -1 
3643 1781950511 1781950511 0 2641926 9868 10203 3123 -1 
3661 1781950511 1781950511 0 2666700 10916 5581 10916 -1 
3692 1781950511 1781950511 0 2674573 7307 10089 3590 -1 
3697 1781950511 1781950511 0 2662111 5754 10700 5775 -1 
3724 1781950511 1781950511 0 2459216 5176 10090 2786 -1 
3774 1781950511 1781950511 0 2610892 1041 10120 8061 -1 
3781 1781950511 1781950511 0 2658796 7237 10103 4537 -1 
3817 1781950511 1781950511 0 2668316 6318 10340 4702 -1 
3836 1781950511 1781950511 0 2664565 9981 10020 9711 -1 
3870 1781950511 1781950511 0 2604436 9966 10015 9348 -1 
3904 1781950511 1781950511 0 2599677 5720 10046 4546 -1 
3905 1781950511 1781950511 0 2519557 9878 10046 8241 -1 
3909 1781950511 1781950511 0 2650917 6171 10337 5654 -1 
3917 1781950511 1781950511 0 2643922 714 10010 2468 -1 
3931 1781950511 1781950511 0 2592360 9043 10025 8207 -1 
3935 1781950511 1781950511 0 2306850 227 10340 8312 -1 
4038 1781950511 1781950511 0 2636954 4859 10025 7866 -1 
4049 1781950511 1781950511 0 2243208 3014 10456 1500 -1 
4054 1781950511 1781950511 0 2642493 1296 10388 2829 -1 
4063 1781950511 1781950511 0 2676590 8881 10010 563 -1 
4068 1781950511 1781950511 0 2674522 9912 10613 4684 -1 
4094 1781950511 1781950511 0 2665549 7010 10172 4310 -1 
4108 1781950511 1781950511 0 2650673 6677 10574 6318 -1 
4131 1781950511 1781950511 0 2669219 1819 10368 3581 -1 
4134 1781950511 1781950511 0 2540007 5546 10238 1645 -1 
4212 1781950511 1781950511 0 2589642 9703 10090 450 -1 
4235 1781950511 1781950511 0 2672905 9929 10025 1428 -1 
4268 1781950511 1781950511 0 2631247 6725 10046 8027 -1 
4317 1781950511 1781950511 0 2532364 5076 10619 9708 -1 
4329 1781950511 1781950511 0 2560700 2755 10046 9709 -1 
4341 1781950511 1781950511 0 2668130 2939 10582 8232 -1 
4351 1781950511 1781950511 0 2619202 150 10015 1917 -1 
4363 1781950511 1781950511 0 2649331 1625 10612 3833 -1 
4413 1781950511 1781950511 0 2630565 9983 10063 4011 -1 
4446 1781950511 1781950511 0 2512275 9125 10046 8853 -1 
4460 1781950511 1781950511 0 2666591 28 10143 3825 -1 
4474 1781950511 1781950511 0 2386425 9731 10379 6350 -1 
4485 1781950511 1781950511 0 2644612 10807 4977 10807 -1 
4489 1781950511 1781950511 0 2652842 10163 361 10173 -1 
4494 1781950511 1781950511 0 2650592 5580 10571 2286 -1 
4520 1781950511 1781950511 0 2673208 7710 10090 9779 -1 
4525 1781950511 1781950511 0 2667399 5024 10122 1783 -1 
4623 1781950511 1781950511 0 2446961 7668 10046 2755 -1 
4644 1781950511 1781950511 0 2656578 1310 10026 42 -1 
4652 1781950511 1781950511 0 2670048 4605 10367 6552 -1 
4655 1781950511 1781950511 0 2617413 5165 10025 6556 -1 
4658 1781950511 1781950511 0 2646777 232 10129 6532 -1 
4728 1781950511 1781950511 0 2666511 4021 10090 646 -1 
4737 1781950511 1781950511 0 2580953 9703 10090 7813 -1 
4751 1781950511 1781950511 0 2459216 7965 10090 2786 -1 
4770 1781950511 1781950511 0 2634050 7758 10190 6396 -1 
4794 1781950511 1781950511 0 2579341 9282 10075 4928 -1 
4866 1781950511 1781950511 0 2639611 8798 10190 5657 -1 
4878 1781950511 1781950511 0 2588160 4429 10183 5291 -1 
4881 1781950511 1781950511 0 2665595 2232 10121 792 -1 
4906 1781950511 1781950511 0 2413748 8806 10156 5041 -1 
4912 1781950511 1781950511 0 2670027 6532 10129 4357 -1 
4970 1781950511 1781950511 0 2632619 7416 10074 6501 -1 
4973 1781950511 1781950511 0 2649374 2295 10241 2979 -1 
5011 1781950511 1781950511 0 2674916 9311 10184 8213 -1 
5018 1781950511 1781950511 0 2397455 6591 10562 3557 -1 
5026 1781950511 1781950511 0 2568216 9970 10046 8977 -1 
5040 1781950511 1781950511 0 2573370 2073 10015 7511 -1 
5050 1781950511 1781950511 0 2609745 9869 10061 95 -1 
5074 1781950511 1781950511 0 2643684 9868 10582 2939 -1 
5103 1781950511 1781950511 0 2663915 17 10013 8637 -1 
5137 1781950511 1781950511 0 2661482 10502 9617 10501 -1 
5138 1781950511 1781950511 0 2626480 8653 10095 8521 -1 
5140 1781950511 1781950511 0 2160949 1282 10046 6775 -1 
5141 1781950511 1781950511 0 2577323 9974 10072 5708 -1 
5145 1781950511 1781950511 0 2641136 4652 10164 7577 -1 
5215 1781950511 1781950511 0 2674916 10184 8213 10184 -1 
5250 1781950511 1781950511 0 2659073 4146 10046 9592 -1 
5292 1781950511 1781950511 0 2123041 7194 10168 7194 -1 
5306 1781950511 1781950511 0 2605680 9983 10063 8330 -1 
5382 1781950511 1781950511 0 2627443 1933 10015 1456 -1 
5418 1781950511 1781950511 0 2655520 7885 10010 1119 -1 
5431 1781950511 1781950511 0 2499127 1640 10046 4876 -1 
5432 1781950511 1781950511 0 2396006 10971 9203 10983 -1 
5439 1781950511 1781950511 0 1824109 7862 10090 9205 -1 
5469 1781950511 1781950511 0 2677990 6209 10129 2788 -1 
5476 1781950511 1781950511 0 2664705 8981 10010 7933 -1 
5489 1781950511 1781950511 0 2667571 8449 10010 8324 -1 
5503 1781950511 1781950511 0 2652577 4702 10340 7129 -1 
5514 1781950511 1781950511 0 2675627 9551 10615 2650 -1 
5545 1781950511 1781950511 0 2209015 443 10057 9498 -1 
5546 1781950511 1781950511 0 2615933 9549 10046 7615 -1 
5622 1781950511 1781950511 0 2673851 1468 10063 1468 -1 
5654 1781950511 1781950511 0 2677514 493 10331 598 -1 
5688 1781950511 1781950511 0 2676989 10881 7092 10881 -1 
5692 1781950511 1781950511 0 2670048 6104 10367 6552 -1 
5699 1781950511 1781950511 0 2615933 9886 10046 7615 -1 
5723 1781950511 1781950511 0 2656777 285 10046 4085 -1 
5791 1781950511 1781950511 0 2657805 42 10026 1313 -1 
5816 1781950511 1781950511 0 2323269 9775 10171 7247 -1 
5831 1781950511 1781950511 0 2652577 4702 10340 7129 -1 
5896 1781950511 1781950511 0 2669219 7951 10368 3581 -1 
5979 1781950511 1781950511 0 2503767 9358 10459 1666 -1 
5989 1781950511 1781950511 0 2523966 4999 10175 1999 -1 
5994 1781950511 1781950511 0 2640523 9411 10510 4867 -1 
5995 1781950511 1781950511 0 2428727 9525 10282 9525 -1 
3034 1781950511 1781950511 0 2675922 7222 10046 9947 10583 -1 
3043 1781950511 1781950511 0 2634402 3966 10096 1051 10978 -1 
3146 1781950511 1781950511 0 2674573 10790 5741 10089 3590 -1 
3326 1781950511 1781950511 0 2607371 7914 10910 8569 10342 -1 
3331 1781950511 1781950511 0 2533686 10597 4368 10491 2105 -1 
3368 1781950511 1781950511 0 2671116 4352 10191 7886 10339 -1 
3370 1781950511 1781950511 0 2670979 10861 5802 10861 3262 -1 
3388 1781950511 1781950511 0 2666083 9598 10817 7411 10537 -1 
3546 1781950511 1781950511 0 2651308 10241 5586 10191 6492 -1 
3623 1781950511 1781950511 0 2652982 5427 10390 5427 10739 -1 
3768 1781950511 1781950511 0 2669474 1194 10433 4748 10433 -1 
3841 1781950511 1781950511 0 2658956 10103 7237 10103 3840 -1 
3887 1781950511 1781950511 0 2677945 6613 10072 119 10072 -1 
3922 1781950511 1781950511 0 2675872 924 10265 9009 10238 -1 
4052 1781950511 1781950511 0 2615151 3328 10510 1904 10569 -1 
4069 1781950511 1781950511 0 2672433 7486 10647 9486 10004 -1 
4073 1781950511 1781950511 0 2663844 6313 10569 9761 10474 -1 
4147 1781950511 1781950511 0 2555351 8104 10945 8104 10945 -1 
4152 1781950511 1781950511 0 2621971 10740 2646 10740 2646 -1 
4170 1781950511 1781950511 0 2461960 10273 1185 10273 1185 -1 
4288 1781950511 1781950511 0 2583184 10014 19 10471 4799 -1 
4294 1781950511 1781950511 0 2673807 1281 10456 4048 10456 -1 
4333 1781950511 1781950511 0 2663650 10811 101 10074 7274 -1 
4429 1781950511 1781950511 0 2674184 8281 10404 7496 10607 -1 
4459 1781950511 1781950511 0 2609522 10164 4119 10473 1658 -1 
4470 1781950511 1781950511 0 2598269 10353 9731 10026 1310 -1 
4471 1781950511 1781950511 0 2496015 6726 10173 372 10726 -1 
4621 1781950511 1781950511 0 2661482 10501 2778 10501 9617 -1 
4675 1781950511 1781950511 0 2649340 2020 10541 2020 10541 -1 
4684 1781950511 1781950511 0 2610404 9946 10161 1904 10542 -1 
4718 1781950511 1781950511 0 2659306 10020 2852 10121 844 -1 
4818 1781950511 1781950511 0 2668130 10582 2939 10582 8232 -1 
4900 1781950511 1781950511 0 2666789 4161 10305 6995 10305 -1 
4933 1781950511 1781950511 0 2674297 10361 7078 10203 7496 -1 
4946 1781950511 1781950511 0 2659529 10063 9389 10063 7259 -1 
4968 1781950511 1781950511 0 2647882 10378 8910 10845 1279 -1 
5057 1781950511 1781950511 0 2553162 6460 10739 4016 10390 -1 
5084 1781950511 1781950511 0 2675990 9815 10020 28 10143 -1 
5085 1781950511 1781950511 0 2649436 10015 5335 10007 5584 -1 
5105 1781950511 1781950511 0 2673408 6174 10015 207 10117 -1 
5168 1781950511 1781950511 0 2673291 10014 7081 10515 1535 -1 
5213 1781950511 1781950511 0 2678293 3923 10282 4834 10046 -1 
5235 1781950511 1781950511 0 2656782 4155 10505 7638 10470 -1 
5348 1781950511 1781950511 0 2672117 7659 10046 7222 10233 -1 
5490 1781950511 1781950511 0 2653822 10568 101 10614 2256 -1 
5532 1781950511 1781950511 0 2631600 2579 10598 2579 10598 -1 
5590 1781950511 1781950511 0 2673003 10244 4043 10015 6395 -1 
5593 1781950511 1781950511 0 2579755 10700 83 10722 3475 -1 
5661 1781950511 1781950511 0 2672846 9186 10164 3737 10368 -1 
5698 1781950511 1781950511 0 2653708 4652 10600 9761 10492 -1 
5752 1781950511 1781950511 0 2670146 10404 2273 10233 71 -1 
5778 1781950511 1781950511 0 2667399 10495 1783 10122 1783 -1 
5828 1781950511 1781950511 0 2669474 10433 1194 10433 4748 -1 
5863 1781950511 1781950511 0 2676968 5666 10220 5727 10220 -1 
5894 1781950511 1781950511 0 2665863 6135 10867 3891 10867 -1 
3000 1781950511 1781950511 0 2665549 4566 10172 8405 10172 4310 -1 
3001 1781950511 1781950511 0 2676854 8981 10010 3886 10010 9101 -1 
3011 1781950511 1781950511 0 2667707 1757 10188 1757 10188 1757 -1 
3015 1781950511 1781950511 0 2674916 3068 10184 9311 10184 8213 -1 
3016 1781950511 1781950511 0 2670391 9670 10541 9670 10310 8283 -1 
3035 1781950511 1781950511 0 2656777 1640 10046 9993 10046 4085 -1 
3046 1781950511 1781950511 0 2667571 9127 10010 274 10010 8324 -1 
3064 1781950511 1781950511 0 2675887 6013 10063 4226 10129 7351 -1 
3066 1781950511 1781950511 0 2519557 4776 10824 6068 10046 8241 -1 
3077 1781950511 1781950511 0 2641368 3288 10265 2860 10238 3210 -1 
3079 1781950511 1781950511 0 2523610 4979 10046 6152 10046 7057 -1 
3106 1781950511 1781950511 0 2674019 9078 10072 1080 10122 1080 -1 
3118 1781950511 1781950511 0 2604298 6493 10238 7203 10238 4709 -1 
3125 1781950511 1781950511 0 2642339 6810 10072 9733 10072 9966 -1 
3131 1781950511 1781950511 0 2666511 2444 10090 9779 10090 646 -1 
3149 1781950511 1781950511 0 2676501 4946 10413 8653 10095 8653 -1 
3163 1781950511 1781950511 0 2676501 8653 10095 8521 10095 8653 -1 
3192 1781950511 1781950511 0 2668158 9878 10046 1190 10382 1532 -1 
3193 1781950511 1781950511 0 2652842 10163 9841 10163 361 10173 -1 
3199 1781950511 1781950511 0 2676458 1090 10015 135 10015 1090 -1 
3205 1781950511 1781950511 0 2676659 6174 10015 150 10015 191 -1 
3237 1781950511 1781950511 0 2598451 3257 10404 8209 10025 3967 -1 
3241 1781950511 1781950511 0 2635517 9557 10382 1190 10046 8462 -1 
3248 1781950511 1781950511 0 2673304 9668 10583 9754 10502 9569 -1 
3260 1781950511 1781950511 0 2661418 8411 10063 7198 10063 4860 -1 
3261 1781950511 1781950511 0 2658238 9306 10190 9111 10072 2325 -1 
3264 1781950511 1781950511 0 2669183 3998 10336 8989 10203 8661 -1 
3284 1781950511 1781950511 0 2669219 2819 10636 9738 10368 3581 -1 
3291 1781950511 1781950511 0 2674297 8992 10233 8989 10203 7496 -1 
3300 1781950511 1781950511 0 2670146 3315 10063 1468 10063 854 -1 
3321 1781950511 1781950511 0 2672631 9470 10188 1112 10057 3357 -1 
3325 1781950511 1781950511 0 2657724 9667 10028 9667 10028 9685 -1 
3338 1781950511 1781950511 0 2637394 7926 10233 8831 10613 5709 -1 
3341 1781950511 1781950511 0 2678362 1239 10010 274 10010 2916 -1 
3343 1781950511 1781950511 0 2671990 10386 5077 10386 1225 10386 -1 
3358 1781950511 1781950511 0 2671800 8383 10480 9732 10480 6779 -1 
3359 1781950511 1781950511 0 2655231 1282 10046 361 10046 3354 -1 
3384 1781950511 1781950511 0 2671800 1282 10170 9732 10480 6779 -1 
3389 1781950511 1781950511 0 2654199 4626 10631 101 10614 6376 -1 
3395 1781950511 1781950511 0 2173284 9163 10046 6725 10046 9686 -1 
3397 1781950511 1781950511 0 2675208 10020 1040 10020 1581 10020 -1 
3406 1781950511 1781950511 0 2674337 7053 10007 2462 10007 1737 -1 
3462 1781950511 1781950511 0 2656297 7547 10234 7547 10428 3322 -1 
3469 1781950511 1781950511 0 2430900 4427 10044 135 10015 6408 -1 
3495 1781950511 1781950511 0 2674539 4675 10188 1757 10188 4675 -1 
3558 1781950511 1781950511 0 2671990 1225 10386 1225 10386 1225 -1 
3583 1781950511 1781950511 0 2670146 8992 10233 9721 10233 71 -1 
3587 1781950511 1781950511 0 2660434 732 10010 9503 10010 3779 -1 
3616 1781950511 1781950511 0 2677245 552 10010 303 10010 3886 -1 
3629 1781950511 1781950511 0 2666746 6832 10175 101 10803 500 -1 
3647 1781950511 1781950511 0 2662099 7018 10044 6949 10044 69 -1 
3652 1781950511 1781950511 0 2676466 6800 10010 3886 10010 9446 -1 
3670 1781950511 1781950511 0 2673705 4595 10046 9962 10046 9800 -1 
3694 1781950511 1781950511 0 2667813 4825 10190 7555 10190 7758 -1 
3699 1781950511 1781950511 0 2636396 9126 10025 7866 10025 9043 -1 
3704 1781950511 1781950511 0 2492879 3771 10221 6425 10599 7947 -1 
3707 1781950511 1781950511 0 2635385 4348 10194 2556 10160 7037 -1 
3729 1781950511 1781950511 0 2647592 4523 10063 4011 10063 9389 -1 
3756 1781950511 1781950511 0 2665549 463 10172 4310 10172 4310 -1 
3761 1781950511 1781950511 0 2554860 3833 10336 9155 10615 2777 -1 
3767 1781950511 1781950511 0 2669083 8656 10090 5708 10340 5962 -1 
3770 1781950511 1781950511 0 2665257 7866 10025 3807 10025 3807 -1 
3777 1781950511 1781950511 0 2667842 4864 10175 694 10183 8828 -1 
3792 1781950511 1781950511 0 2646656 9086 10191 5586 10191 6154 -1 
3794 1781950511 1781950511 0 2674282 941 10010 1554 10010 121 -1 
3805 1781950511 1781950511 0 2580992 8798 10190 984 10190 2384 -1 
3810 1781950511 1781950511 0 2675872 5899 10238 1511 10238 9009 -1 
3858 1781950511 1781950511 0 2657826 8716 10046 7659 10046 9698 -1 
3881 1781950511 1781950511 0 2673291 9677 10541 6519 10515 1535 -1 
3883 1781950511 1781950511 0 2677199 7383 10164 9929 10000 0 -1 
3921 1781950511 1781950511 0 2589929 465 10270 4569 10909 9310 -1 
3929 1781950511 1781950511 0 2667189 5418 10074 2631 10074 8639 -1 
3932 1781950511 1781950511 0 2666295 1033 10010 4151 10010 2365 -1 
3936 1781950511 1781950511 0 2672732 5720 10046 8512 10046 9962 -1 
3944 1781950511 1781950511 0 2506003 5878 10796 8637 10524 8791 -1 
3949 1781950511 1781950511 0 2676501 8521 10095 386 10095 8653 -1 
3958 1781950511 1781950511 0 2673705 9970 10046 9163 10046 9800 -1 
3962 1781950511 1781950511 0 2673910 6154 10181 3129 10194 3606 -1 
3974 1781950511 1781950511 0 2673118 2909 10194 6781 10181 9402 -1 
3975 1781950511 1781950511 0 2656777 6769 10046 5126 10046 4085 -1 
3988 1781950511 1781950511 0 2678318 1313 10026 8268 10026 4658 -1 
4001 1781950511 1781950511 0 2675922 3515 10473 7648 10583 9947 -1 
4070 1781950511 1781950511 0 2582207 1172 10010 369 10010 9338 -1 
4092 1781950511 1781950511 0 2638614 7874 10527 9759 10747 7263 -1 
4101 1781950511 1781950511 0 2594309 9503 10010 1033 10010 560 -1 
4115 1781950511 1781950511 0 2678139 10681 1112 10597 9929 10164 -1 
4123 1781950511 1781950511 0 2626480 1751 10095 8653 10095 8521 -1 
4149 1781950511 1781950511 0 2536032 5508 10388 4368 10583 4771 -1 
4174 1781950511 1781950511 0 2677945 1248 10072 4220 10072 119 -1 
4198 1781950511 1781950511 0 2674539 1757 10188 1757 10188 4675 -1 
4203 1781950511 1781950511 0 2626973 5135 10419 1364 10419 9810 -1 
4241 1781950511 1781950511 0 2675621 3248 10156 9714 10156 9714 -1 
4255 1781950511 1781950511 0 2673393 4144 10505 6738 10378 6107 -1 
4290 1781950511 1781950511 0 2645396 10553 7766 10553 7766 10553 -1 
4295 1781950511 1781950511 0 2482642 8145 10046 4146 10046 9878 -1 
4332 1781950511 1781950511 0 2670727 4859 10057 8026 10057 9387 -1 
4366 1781950511 1781950511 0 2664201 7132 10265 924 10265 9594 -1 
4375 1781950511 1781950511 0 2643484 9678 10527 5454 10527 3328 -1 
4378 1781950511 1781950511 0 2516967 449 10188 4675 10188 1542 -1 
4394 1781950511 1781950511 0 2675494 5554 10491 3945 10383 3945 -1 
4397 1781950511 1781950511 0 2671045 4418 10238 7123 10238 614 -1 
4402 1781950511 1781950511 0 2671045 5546 10265 924 10238 614 -1 
4410 1781950511 1781950511 0 2649964 8839 10310 8026 10057 2779 -1 
4416 1781950511 1781950511 0 2673910 9781 10368 1819 10194 3606 -1 
4435 1781950511 1781950511 0 2534173 6617 10527 2807 10314 1342 -1 
4436 1781950511 1781950511 0 2658956 5097 10103 7237 10103 3840 -1 
4437 1781950511 1781950511 0 2662703 5023 10046 4595 10046 354 -1 
4447 1781950511 1781950511 0 2668689 9754 10046 803 10046 9880 -1 
4456 1781950511 1781950511 0 2650061 4453 10020 1478 10020 1040 -1 
4466 1781950511 1781950511 0 2673393 6107 10378 6107 10378 6107 -1 
4479 1781950511 1781950511 0 2673208 7710 10090 972 10090 9779 -1 
4490 1781950511 1781950511 0 2669783 3759 10238 2411 10072 1910 -1 
4529 1781950511 1781950511 0 2673118 9954 10367 9617 10170 9881 -1 
4545 1781950511 1781950511 0 2664705 9854 10010 802 10010 7933 -1 
4547 1781950511 1781950511 0 2665623 6804 10010 7569 10010 158 -1 
4594 1781950511 1781950511 0 2677245 884 10010 274 10010 3886 -1 
4607 1781950511 1781950511 0 2610624 7668 10046 9549 10046 1655 -1 
4618 1781950511 1781950511 0 2592492 1232 10474 4276 10233 8725 -1 
4629 1781950511 1781950511 0 2664583 9502 10010 7569 10010 5946 -1 
4641 1781950511 1781950511 0 2678139 2556 10164 3737 10164 9929 -1 
4669 1781950511 1781950511 0 2592484 9822 10240 2564 10121 3397 -1 
4697 1781950511 1781950511 0 2676624 10919 7744 10535 9625 10405 -1 
4709 1781950511 1781950511 0 2676501 8653 10095 6248 10095 8653 -1 
4710 1781950511 1781950511 0 2647882 9217 10233 2273 10845 1279 -1 
4715 1781950511 1781950511 0 2649577 6982 10028 2351 10028 9667 -1 
4723 1781950511 1781950511 0 2612244 5722 10007 1737 10007 4733 -1 
4727 1781950511 1781950511 0 2669448 9149 10238 6329 10614 6590 -1 
4736 1781950511 1781950511 0 2674297 7638 10388 2372 10203 7496 -1 
4742 1781950511 1781950511 0 2506003 3798 10013 6726 10524 8791 -1 
4750 1781950511 1781950511 0 2555432 7266 10382 1190 10382 2823 -1 
4763 1781950511 1781950511 0 2628495 9810 10419 9810 10419 5154 -1 
4772 1781950511 1781950511 0 2668503 406 10789 6416 10063 7544 -1 
4791 1781950511 1781950511 0 2662252 3097 10010 8881 10010 6292 -1 
4800 1781950511 1781950511 0 2657932 5925 10340 227 10340 8144 -1 
4804 1781950511 1781950511 0 2677440 9127 10010 5954 10010 1554 -1 
4814 1781950511 1781950511 0 2674916 7902 10123 2616 10184 8213 -1 
4832 1781950511 1781950511 0 2669659 2365 10010 5292 10010 941 -1 
4833 1781950511 1781950511 0 2675010 9282 10075 186 10075 9770 -1 
4847 1781950511 1781950511 0 2669083 6804 10010 8858 10340 5962 -1 
4849 1781950511 1781950511 0 2600749 9686 10046 9881 10046 9003 -1 
4884 1781950511 1781950511 0 2666299 6292 10010 1663 10010 3659 -1 
4894 1781950511 1781950511 0 2660039 4872 10120 2752 10120 4291 -1 
4896 1781950511 1781950511 0 2669068 9857 10241 2295 10241 2295 -1 
4916 1781950511 1781950511 0 2665257 1480 10025 40 10025 3807 -1 
4925 1781950511 1781950511 0 2662006 9712 10013 7829 10583 7383 -1 
4936 1781950511 1781950511 0 2677815 8654 10047 150 10047 80 -1 
4941 1781950511 1781950511 0 2654385 2786 10121 8147 10121 4742 -1 
4944 1781950511 1781950511 0 2671183 10709 3737 10164 2556 10300 -1 
4948 1781950511 1781950511 0 2605260 416 10027 8004 10027 8004 -1 
4979 1781950511 1781950511 0 2641926 6361 10388 1296 10203 3123 -1 
5017 1781950511 1781950511 0 2657658 2686 10047 80 10047 4334 -1 
5025 1781950511 1781950511 0 2672374 3269 10129 6532 10129 7555 -1 
5035 1781950511 1781950511 0 2656720 5387 10090 7129 10340 5925 -1 
5044 1781950511 1781950511 0 2490582 9870 10046 1246 10046 9178 -1 
5046 1781950511 1781950511 0 2532900 4180 10668 219 10668 6795 -1 
5049 1781950511 1781950511 0 2579755 3557 10700 83 10722 3475 -1 
5051 1781950511 1781950511 0 2642990 7164 10165 6171 10950 9738 -1 
5052 1781950511 1781950511 0 2642005 8945 10471 6257 10527 7725 -1 
5056 1781950511 1781950511 0 2675872 6821 10238 4709 10238 9009 -1 
5064 1781950511 1781950511 0 2651236 7249 10188 449 10188 3775 -1 
5072 1781950511 1781950511 0 2668668 479 10170 4836 10524 8986 -1 
5073 1781950511 1781950511 0 2657031 9739 10013 9469 10013 7548 -1 
5099 1781950511 1781950511 0 2666575 6171 10814 7638 10814 7638 -1 
5111 1781950511 1781950511 0 2650235 4180 10072 7262 10072 4178 -1 
5121 1781950511 1781950511 0 2559137 6566 10619 6566 10466 5508 -1 
5126 1781950511 1781950511 0 2565396 486 10190 6396 10190 9209 -1 
5132 1781950511 1781950511 0 2664019 3323 10379 4209 10168 8982 -1 
5162 1781950511 1781950511 0 2600749 3798 10046 6363 10046 9003 -1 
5163 1781950511 1781950511 0 2666154 7637 10379 7637 10379 3027 -1 
5182 1781950511 1781950511 0 2664028 1364 10419 9810 10419 9344 -1 
5185 1781950511 1781950511 0 2655592 6357 10025 3357 10025 40 -1 
5186 1781950511 1781950511 0 2614077 2949 10413 4450 10413 1325 -1 
5191 1781950511 1781950511 0 2675922 9738 10339 3129 10583 9947 -1 
5193 1781950511 1781950511 0 2672276 7222 10524 1655 10046 7222 -1 
5197 1781950511 1781950511 0 2611558 4545 10010 369 10010 9897 -1 
5200 1781950511 1781950511 0 2677870 7017 10096 1907 10096 5634 -1 
5202 1781950511 1781950511 0 2676622 9825 10010 274 10010 3252 -1 
5205 1781950511 1781950511 0 2659851 9178 10046 8383 10713 6404 -1 
5264 1781950511 1781950511 0 2620464 9223 10361 6313 10361 2807 -1 
5275 1781950511 1781950511 0 2655289 5212 10459 3595 10459 4016 -1 
5311 1781950511 1781950511 0 2596665 9594 10265 8803 10238 9149 -1 
5321 1781950511 1781950511 0 2669083 646 10540 7129 10340 5962 -1 
5322 1781950511 1781950511 0 2645310 5418 10074 7416 10074 3005 -1 
5329 1781950511 1781950511 0 2636555 1820 10046 6683 10583 3662 -1 
5331 1781950511 1781950511 0 2676501 9724 10095 6248 10095 8653 -1 
5337 1781950511 1781950511 0 2654713 1731 10046 9245 10170 479 -1 
5338 1781950511 1781950511 0 2553171 3339 10336 4461 10727 4461 -1 
5353 1781950511 1781950511 0 2587300 4194 10129 8839 10247 9227 -1 
5362 1781950511 1781950511 0 2672276 9800 10046 1246 10046 7222 -1 
5375 1781950511 1781950511 0 2678293 7374 10046 8512 10046 4834 -1 
5388 1781950511 1781950511 0 2677446 5850 10010 3886 10010 552 -1 
5396 1781950511 1781950511 0 2668689 2224 10046 803 10046 9880 -1 
5428 1781950511 1781950511 0 2676719 3998 10046 8512 10046 391 -1 
5437 1781950511 1781950511 0 2676304 5086 10010 941 10010 8010 -1 
5456 1781950511 1781950511 0 2656777 8977 10046 9003 10046 4085 -1 
5516 1781950511 1781950511 0 2647198 466 10046 9560 10013 9560 -1 
5518 1781950511 1781950511 0 2637394 9294 10707 5709 10613 5709 -1 
5525 1781950511 1781950511 0 2648535 7141 10613 5709 10613 7367 -1 
5531 1781950511 1781950511 0 2657049 7571 10046 6725 10046 9993 -1 
5550 1781950511 1781950511 0 2657049 9119 10200 5654 10046 9993 -1 
5562 1781950511 1781950511 0 2575086 7637 10379 3323 10379 3323 -1 
5581 1781950511 1781950511 0 2678318 1081 10026 5340 10026 4658 -1 
5609 1781950511 1781950511 0 2673108 7569 10010 274 10010 7569 -1 
5625 1781950511 1781950511 0 2657031 3798 10013 7263 10013 7548 -1 
5626 1781950511 1781950511 0 2662495 1953 10713 3257 10367 8839 -1 
5640 1781950511 1781950511 0 1796131 1449 10046 1640 10203 4261 -1 
5649 1781950511 1781950511 0 2677756 9993 10046 9962 10046 4014 -1 
5656 1781950511 1781950511 0 2608711 1007 10010 303 10010 1033 -1 
5687 1781950511 1781950511 0 2676458 9227 10015 150 10015 1090 -1 
5700 1781950511 1781950511 0 2605594 7978 10527 9732 10170 5126 -1 
5713 1781950511 1781950511 0 2663589 9330 10090 3035 10090 8569 -1 
5727 1781950511 1781950511 0 2556353 10371 101 10226 101 10670 -1 
5739 1781950511 1781950511 0 2642043 8875 10072 7262 10072 4118 -1 
5741 1781950511 1781950511 0 2676607 4151 10010 3886 10010 3399 -1 
5748 1781950511 1781950511 0 2666511 2842 10090 9779 10090 646 -1 
5779 1781950511 1781950511 0 2670727 5602 10057 2092 10057 9387 -1 
5782 1781950511 1781950511 0 2666480 6459 10168 2815 10026 8268 -1 
5785 1781950511 1781950511 0 2667467 8546 10046 2829 10388 9868 -1 
5786 1781950511 1781950511 0 2677990 5739 10190 7555 10129 2788 -1 
5790 1781950511 1781950511 0 2675683 8004 10027 43 10027 9895 -1 
5811 1781950511 1781950511 0 2669258 4073 10498 3257 10583 3942 -1 
5813 1781950511 1781950511 0 2646056 6195 10144 3894 10238 3894 -1 
5817 1781950511 1781950511 0 2605350 7190 10046 7269 10046 3798 -1 
5822 1781950511 1781950511 0 2635892 669 10046 6114 10282 4965 -1 
5833 1781950511 1781950511 0 2672374 9310 10129 9251 10129 7555 -1 
5834 1781950511 1781950511 0 2587549 4226 10063 4860 10063 2377 -1 
5844 1781950511 1781950511 0 2626822 5431 10300 5431 10300 3929 -1 
5855 1781950511 1781950511 0 2633628 4438 10007 2333 10007 2333 -1 
5856 1781950511 1781950511 0 2676165 8279 10074 6082 10074 7416 -1 
5860 1781950511 1781950511 0 2670175 9506 10046 6363 10046 8512 -1 
5864 1781950511 1781950511 0 2677301 2795 10181 4352 10181 3008 -1 
5886 1781950511 1781950511 0 2667707 1542 10188 449 10188 1757 -1 
5891 1781950511 1781950511 0 2672187 4046 10010 3886 10010 274 -1 
5905 1781950511 1781950511 0 2542306 5837 10046 1361 10046 9234 -1 
5910 1781950511 1781950511 0 2676771 10740 6516 10513 2556 10403 -1 
5911 1781950511 1781950511 0 2567725 7739 10471 9103 10471 19 -1 
5925 1781950511 1781950511 0 2663085 10773 5752 10773 5752 10773 -1 
5926 1781950511 1781950511 0 2677870 10247 8844 10430 5634 10096 -1 
5929 1781950511 1781950511 0 2677464 5435 10007 1737 10007 1037 -1 
5953 1781950511 1781950511 0 2640844 1016 10010 303 10010 3605 -1 
5986 1781950511 1781950511 0 2674815 3277 10353 8082 10044 2598 -1 
3031 1781950511 1781950511 0 2661890 4160 10370 7902 10102 7648 10314 -1 
3041 1781950511 1781950511 0 2667407 10726 6838 10314 7648 10713 8555 -1 
3069 1781950511 1781950511 0 2676556 8708 10234 599 10234 7547 10234 -1 
3084 1781950511 1781950511 0 2675497 4155 10161 7886 10191 4352 10191 -1 
3089 1781950511 1781950511 0 2646674 1034 10081 101 10428 101 10308 -1 
3091 1781950511 1781950511 0 2667561 10614 7184 10614 7184 10614 6329 -1 
3092 1781950511 1781950511 0 2662735 1607 10014 19 10471 5079 10699 -1 
3147 1781950511 1781950511 0 2644612 4977 10807 5474 10807 4977 10807 -1 
3160 1781950511 1781950511 0 2676321 1246 10046 3328 10471 6541 10302 -1 
3161 1781950511 1781950511 0 2673287 753 10161 1535 10515 1535 10388 -1 
3164 1781950511 1781950511 0 2674297 9029 10466 8555 10170 7496 10203 -1 
3182 1781950511 1781950511 0 2678362 8189 10010 4332 10010 2916 10010 -1 
3186 1781950511 1781950511 0 2675872 10168 4440 10379 3894 10238 9009 -1 
3195 1781950511 1781950511 0 2665816 10341 1328 10341 4886 10505 7648 -1 
3332 1781950511 1781950511 0 2673287 4463 10296 1535 10464 1535 10388 -1 
3393 1781950511 1781950511 0 2671155 4909 10459 9358 10459 9625 10459 -1 
3400 1781950511 1781950511 0 2676771 7430 10169 2556 10513 2556 10403 -1 
3432 1781950511 1781950511 0 2670391 4315 10310 8283 10952 8283 10310 -1 
3460 1781950511 1781950511 0 2677301 9551 10535 5593 10161 3008 10181 -1 
3499 1781950511 1781950511 0 2671183 3498 10169 2556 10014 2556 10300 -1 
3506 1781950511 1781950511 0 2675145 3722 10508 7854 10583 9947 10404 -1 
3510 1781950511 1781950511 0 2607371 972 10090 3451 10090 8569 10342 -1 
3570 1781950511 1781950511 0 2674184 9551 10163 361 10170 7496 10607 -1 
3602 1781950511 1781950511 0 2676771 4508 10194 6171 10337 2556 10403 -1 
3673 1781950511 1781950511 0 2677444 8569 10910 8569 10090 7710 10090 -1 
3685 1781950511 1781950511 0 2676989 10881 7092 10881 7092 10881 7092 -1 
3738 1781950511 1781950511 0 2675922 9506 10046 6430 10046 9947 10583 -1 
3744 1781950511 1781950511 0 2640885 10307 338 10175 389 10175 5402 -1 
3763 1781950511 1781950511 0 2673807 4935 10273 9551 10456 4048 10456 -1 
3787 1781950511 1781950511 0 2673291 9188 10518 5539 10388 1535 10515 -1 
3796 1781950511 1781950511 0 2671794 3167 10607 1112 10160 2556 10642 -1 
3815 1781950511 1781950511 0 2676321 9738 10734 6838 10471 6541 10302 -1 
3840 1781950511 1781950511 0 2673402 1492 10583 3129 10357 9826 10636 -1 
3874 1781950511 1781950511 0 2674539 848 10188 7057 10188 4675 10188 -1 
3914 1781950511 1781950511 0 2670946 3549 10194 1819 10612 6361 10336 -1 
3919 1781950511 1781950511 0 2677284 5651 10037 3573 10161 3008 10161 -1 
3954 1781950511 1781950511 0 2676022 6903 10025 9596 10025 9625 10535 -1 
3992 1781950511 1781950511 0 2673291 2282 10470 5593 10515 1535 10515 -1 
3997 1781950511 1781950511 0 2669979 8648 10144 87 10247 6513 10247 -1 
4031 1781950511 1781950511 0 2657913 7461 10340 7578 10129 4226 10965 -1 
4064 1781950511 1781950511 0 2672117 7846 10402 7638 10160 7222 10233 -1 
4095 1781950511 1781950511 0 2633919 6781 10181 6101 10194 6101 10781 -1 
4099 1781950511 1781950511 0 2668988 3549 10194 3549 10194 9551 10273 -1 
4100 1781950511 1781950511 0 2669815 7496 10170 9881 10170 6430 10167 -1 
4106 1781950511 1781950511 0 2664673 1232 10368 1819 10368 1819 10644 -1 
4119 1781950511 1781950511 0 2655592 10919 2795 10919 40 10025 40 -1 
4130 1781950511 1781950511 0 2674539 10188 1757 10188 449 10188 4675 -1 
4169 1781950511 1781950511 0 2677301 9946 10695 4048 10161 3008 10181 -1 
4190 1781950511 1781950511 0 2661911 4155 10505 9759 10171 6026 10466 -1 
4199 1781950511 1781950511 0 2673291 9841 10163 7116 10515 1535 10515 -1 
4211 1781950511 1781950511 0 2661908 7263 10013 7383 10013 6026 10112 -1 
4246 1781950511 1781950511 0 2672989 10167 9469 10203 1577 10203 2372 -1 
4278 1781950511 1781950511 0 2676022 1632 10025 9043 10025 9625 10535 -1 
4282 1781950511 1781950511 0 2668279 2514 10081 2514 10081 1034 10081 -1 
4324 1781950511 1781950511 0 2674797 9684 10223 9684 10223 9684 10223 -1 
4364 1781950511 1781950511 0 2666083 1395 10183 101 10430 7411 10537 -1 
4434 1781950511 1781950511 0 2672754 8977 10471 7829 10014 2556 10171 -1 
4463 1781950511 1781950511 0 2671385 10527 9732 10480 9732 10480 9732 -1 
4493 1781950511 1781950511 0 2658160 10814 9866 10819 7295 10378 6738 -1 
4513 1781950511 1781950511 0 2667521 9769 10747 9188 10474 9761 10508 -1 
4537 1781950511 1781950511 0 2678365 9126 10025 9043 10025 123 10025 -1 
4588 1781950511 1781950511 0 2677945 8390 10072 2017 10072 119 10072 -1 
4591 1781950511 1781950511 0 2676771 9668 10473 2556 10160 2556 10403 -1 
4608 1781950511 1781950511 0 2664552 5689 10746 7949 10090 7949 10746 -1 
4611 1781950511 1781950511 0 2664988 8046 10169 2556 10612 9929 10597 -1 
4646 1781950511 1781950511 0 2611854 10636 5802 10025 40 10025 6357 -1 
4653 1781950511 1781950511 0 2678362 9509 10010 41 10010 2916 10010 -1 
4720 1781950511 1781950511 0 2675922 10102 7638 10160 9947 10583 9947 -1 
4752 1781950511 1781950511 0 2654951 10367 5593 10233 8989 10203 8989 -1 
4774 1781950511 1781950511 0 2676603 1146 10281 3288 10281 8028 10281 -1 
4810 1781950511 1781950511 0 2661911 1754 10013 9739 10013 6026 10466 -1 
4862 1781950511 1781950511 0 2672117 9709 10170 9947 10160 7222 10233 -1 
4876 1781950511 1781950511 0 2677444 9488 10090 7710 10090 7710 10090 -1 
4880 1781950511 1781950511 0 2631669 9744 10192 356 10337 6101 10711 -1 
4928 1781950511 1781950511 0 2673402 6313 10171 9473 10341 9826 10636 -1 
4953 1781950511 1781950511 0 2671794 9946 10619 1112 10160 2556 10642 -1 
5013 1781950511 1781950511 0 2672802 1246 10046 8249 10171 2556 10160 -1 
5122 1781950511 1781950511 0 2658384 10026 1081 10026 1081 10026 4290 -1 
5194 1781950511 1781950511 0 2677990 10063 4226 10129 7351 10129 2788 -1 
5325 1781950511 1781950511 0 2674797 549 10223 549 10223 9684 10223 -1 
5416 1781950511 1781950511 0 2668668 5681 10170 361 10524 8986 10524 -1 
5499 1781950511 1781950511 0 2671405 9383 10491 9383 10491 4804 10681 -1 
5522 1781950511 1781950511 0 2649340 9668 10681 9470 10541 2020 10541 -1 
5568 1781950511 1781950511 0 2674797 9684 10223 9684 10223 9684 10223 -1 
5572 1781950511 1781950511 0 2666050 8198 10201 8198 10201 8198 10201 -1 
5579 1781950511 1781950511 0 2660161 10367 3929 10181 6101 10194 2909 -1 
5602 1781950511 1781950511 0 2668158 10734 1580 10061 4282 10382 1532 -1 
5628 1781950511 1781950511 0 2672732 10336 9235 10167 361 10046 9962 -1 
5702 1781950511 1781950511 0 2671800 10480 6779 10480 6779 10480 6779 -1 
5732 1781950511 1781950511 0 2669985 10568 101 10183 1909 10175 4999 -1 
5780 1781950511 1781950511 0 2670391 10952 9227 10952 8283 10310 8283 -1 
5789 1781950511 1781950511 0 2669423 5715 10015 7024 10015 8456 10183 -1 
5825 1781950511 1781950511 0 2675161 6613 10072 924 10238 9009 10265 -1 
5826 1781950511 1781950511 0 2676771 361 10112 9164 10337 2556 10403 -1 
5857 1781950511 1781950511 0 2677301 9119 10896 2582 10161 3008 10181 -1 
5921 1781950511 1781950511 0 2670656 10542 1819 10542 5079 10471 5685 -1 
5933 1781950511 1781950511 0 2677202 10222 6275 10222 4521 10074 3465 -1 
3006 1781950511 1781950511 0 2675922 5441 10802 7141 10416 7854 10583 9947 -1 
3049 1781950511 1781950511 0 2672276 9297 10046 5018 10167 6430 10046 7222 -1 
3051 1781950511 1781950511 0 2634487 3586 10265 1358 10265 8803 10238 4418 -1 
3053 1781950511 1781950511 0 2678362 5086 10010 552 10010 3886 10010 2916 -1 
3055 1781950511 1781950511 0 2673497 9186 10164 1895 10072 1575 10072 4220 -1 
3060 1781950511 1781950511 0 2644838 3891 10183 389 10183 1996 10007 7966 -1 
3065 1781950511 1781950511 0 2671116 6357 10310 2556 10612 1819 10339 7886 -1 
3080 1781950511 1781950511 0 2678362 8497 10433 4465 10010 274 10010 2916 -1 
3083 1781950511 1781950511 0 2671682 1335 10010 1231 10010 8843 10010 909 -1 
3105 1781950511 1781950511 0 2653796 1914 10063 1468 10063 1468 10063 5979 -1 
3122 1781950511 1781950511 0 2635391 69 10044 359 10044 2038 10044 9906 -1 
3150 1781950511 1781950511 0 2659851 4144 10758 4144 10713 3809 10713 6404 -1 
3156 1781950511 1781950511 0 2592585 4884 10010 41 10010 8189 10010 4545 -1 
3165 1781950511 1781950511 0 2677333 5602 10025 3807 10011 1211 10011 1834 -1 
3187 1781950511 1781950511 0 2609966 9557 10123 8724 10747 9769 10747 9759 -1 
3208 1781950511 1781950511 0 2613617 6528 10046 3998 10112 9164 10163 9250 -1 
3218 1781950511 1781950511 0 2674174 3310 10161 9487 10164 4048 10181 1232 -1 
3228 1781950511 1781950511 0 2664565 2568 10370 7902 10370 927 10020 9711 -1 
3231 1781950511 1781950511 0 2649832 9641 10046 3654 10046 6068 10046 212 -1 
3267 1781950511 1781950511 0 2637758 1820 10046 3654 10046 7986 10046 5720 -1 
3273 1781950511 1781950511 0 2663948 9141 10233 1640 10203 1577 10046 151 -1 
3275 1781950511 1781950511 0 2675010 186 10075 4928 10075 186 10075 9770 -1 
3290 1781950511 1781950511 0 2671168 10758 4144 10102 1953 10713 9732 10713 -1 
3306 1781950511 1781950511 0 2669938 2591 10233 2273 10145 3188 10170 6430 -1 
3329 1781950511 1781950511 0 2673291 5014 10404 8281 10404 1535 10515 1535 -1 
3339 1781950511 1781950511 0 2676304 4554 10010 4140 10010 4494 10010 8010 -1 
3340 1781950511 1781950511 0 2671246 7324 10025 5945 10057 8026 10057 4897 -1 
3342 1781950511 1781950511 0 2669938 361 10524 361 10163 6290 10170 6430 -1 
3352 1781950511 1781950511 0 2678139 8341 10583 7648 10505 4804 10164 9929 -1 
3354 1781950511 1781950511 0 2649632 5282 10090 3451 10117 4792 10122 5024 -1 
3360 1781950511 1781950511 0 2668668 4305 10145 7642 10170 8986 10524 8986 -1 
3374 1781950511 1781950511 0 2603302 3628 10281 7418 10281 8195 10281 8195 -1 
3402 1781950511 1781950511 0 2672732 7668 10046 9163 10046 9962 10046 9962 -1 
3411 1781950511 1781950511 0 2614002 8292 10233 6430 10600 6257 10527 7874 -1 
3421 1781950511 1781950511 0 2674815 7085 10015 1456 10015 135 10044 2598 -1 
3423 1781950511 1781950511 0 2674750 9781 10368 9656 10368 9738 10792 4534 -1 
3428 1781950511 1781950511 0 2601736 4276 10403 3945 10583 3662 10583 3345 -1 
3447 1781950511 1781950511 0 2673052 10575 5802 10471 7829 10014 2556 10337 -1 
3453 1781950511 1781950511 0 2563235 4858 10336 9155 10466 1542 10466 8898 -1 
3454 1781950511 1781950511 0 2677301 8953 10025 40 10191 4352 10181 3008 -1 
3458 1781950511 1781950511 0 2674844 4014 10046 9082 10046 8512 10046 1361 -1 
3513 1781950511 1781950511 0 2631510 4595 10046 9686 10046 8721 10046 5681 -1 
3514 1781950511 1781950511 0 2676659 6257 10527 7874 10368 207 10015 191 -1 
3538 1781950511 1781950511 0 2622205 6396 10190 8136 10190 6209 10190 6507 -1 
3573 1781950511 1781950511 0 2646056 143 10072 364 10072 2860 10238 3894 -1 
3580 1781950511 1781950511 0 2676590 509 10010 9825 10010 1797 10010 563 -1 
3586 1781950511 1781950511 0 2672058 2162 10015 0 10072 1669 10072 9448 -1 
3615 1781950511 1781950511 0 2678365 9387 10057 3357 10025 3357 10025 123 -1 
3636 1781950511 1781950511 0 2660679 4025 10096 367 10089 5741 10089 5741 -1 
3642 1781950511 1781950511 0 2652842 3101 10014 2616 10173 361 10173 361 -1 
3663 1781950511 1781950511 0 2673408 10047 150 10015 2128 10015 207 10117 -1 
3666 1781950511 1781950511 0 2598756 767 10282 2616 10361 9954 10575 7535 -1 
3669 1781950511 1781950511 0 2637199 6880 10072 1575 10072 364 10072 1632 -1 
3682 1781950511 1781950511 0 2677756 7659 10046 669 10046 4546 10046 4014 -1 
3711 1781950511 1781950511 0 2673208 4909 10459 2232 10121 9092 10090 9779 -1 
3721 1781950511 1781950511 0 2675820 8432 10461 2797 10461 2797 10461 5164 -1 
3727 1781950511 1781950511 0 2640844 3252 10010 485 10010 274 10010 3605 -1 
3742 1781950511 1781950511 0 2676466 473 10010 369 10010 303 10010 9446 -1 
3743 1781950511 1781950511 0 2665595 7224 10414 3481 10414 3481 10414 1328 -1 
3747 1781950511 1781950511 0 2660679 1703 10497 3849 10497 3879 10089 5741 -1 
3749 1781950511 1781950511 0 2553592 6104 10367 5796 10802 8020 10416 1177 -1 
3772 1781950511 1781950511 0 2670095 1797 10010 1554 10010 274 10010 41 -1 
3783 1781950511 1781950511 0 2637959 7662 10015 150 10015 150 10015 2073 -1 
3784 1781950511 1781950511 0 2668689 9036 10046 7057 10046 7571 10046 9880 -1 
3799 1781950511 1781950511 0 2677756 1122 10388 4867 10046 9962 10046 4014 -1 
3826 1781950511 1781950511 0 2661911 2650 10241 9857 10241 372 10466 6026 -1 
3831 1781950511 1781950511 0 2677129 3779 10010 41 10010 274 10010 9936 -1 
3834 1781950511 1781950511 0 2674539 9086 10164 6171 10188 449 10188 4675 -1 
3843 1781950511 1781950511 0 2677110 3498 10919 40 10025 3357 10057 6480 -1 
3852 1781950511 1781950511 0 2655993 8022 10459 3595 10459 9358 10459 4039 -1 
3853 1781950511 1781950511 0 2669448 924 10265 924 10265 6329 10614 6590 -1 
3860 1781950511 1781950511 0 2631510 1557 10046 3654 10046 6748 10046 5681 -1 
3866 1781950511 1781950511 0 2670095 9061 10307 1770 10010 1554 10010 41 -1 
3873 1781950511 1781950511 0 2614943 4261 10314 9866 10537 8839 10367 8549 -1 
3885 1781950511 1781950511 0 2671045 3759 10238 7175 10238 1511 10238 614 -1 
3886 1781950511 1781950511 0 2677947 9159 10072 9589 10015 135 10015 150 -1 
3889 1781950511 1781950511 0 2633924 4144 10169 6101 10194 6101 10169 6101 -1 
3893 1781950511 1781950511 0 2653635 4048 10164 4986 10456 7846 10456 1281 -1 
3896 1781950511 1781950511 0 2670175 9962 10046 4823 10046 9962 10046 8512 -1 
3898 1781950511 1781950511 0 2670146 9336 10063 7587 10063 8330 10063 854 -1 
3899 1781950511 1781950511 0 2637345 6552 10314 2807 10194 6101 10181 8046 -1 
3915 1781950511 1781950511 0 2673781 2799 10028 2351 10028 2351 10028 6652 -1 
3925 1781950511 1781950511 0 2666341 6710 10090 3539 10540 7129 10340 8858 -1 
3943 1781950511 1781950511 0 2649400 8221 10473 4160 10341 4886 10164 6516 -1 
3960 1781950511 1781950511 0 2666707 8609 10612 6101 10359 6101 10194 3496 -1 
3966 1781950511 1781950511 0 2670946 6152 10046 9332 10046 8989 10336 6361 -1 
3976 1781950511 1781950511 0 2652740 5055 10010 8981 10010 485 10010 9127 -1 
3987 1781950511 1781950511 0 2673807 5588 10164 4886 10583 4986 10456 4048 -1 
4000 1781950511 1781950511 0 2662093 9416 10046 8721 10046 9970 10170 6290 -1 
4018 1781950511 1781950511 0 2660409 1532 10046 5018 10510 1655 10046 9163 -1 
4019 1781950511 1781950511 0 2665863 2579 10598 2579 10598 3891 10867 3891 -1 
4026 1781950511 1781950511 0 2668316 9703 10090 7129 10340 7129 10340 4702 -1 
4036 1781950511 1781950511 0 2675683 168 10027 8004 10027 43 10027 9895 -1 
4046 1781950511 1781950511 0 2667300 2613 10240 2564 10121 838 10121 9785 -1 
4055 1781950511 1781950511 0 2678098 10103 7237 10103 3840 10007 2462 10007 -1 
4056 1781950511 1781950511 0 2668303 2171 10014 1607 10014 3329 10636 294 -1 
4118 1781950511 1781950511 0 2650592 5580 10571 2286 10571 5580 10571 2286 -1 
4127 1781950511 1781950511 0 2523767 5023 10046 3654 10046 2362 10167 5878 -1 
4139 1781950511 1781950511 0 2637758 277 10046 8589 10046 8027 10046 5720 -1 
4141 1781950511 1781950511 0 2673223 7881 10473 3515 10165 4048 10370 9551 -1 
4166 1781950511 1781950511 0 2668134 7831 10010 217 10010 5292 10010 2668 -1 
4168 1781950511 1781950511 0 2673781 6652 10028 9685 10028 9667 10028 6652 -1 
4180 1781950511 1781950511 0 2677446 8189 10010 909 10010 563 10010 552 -1 
4186 1781950511 1781950511 0 2666164 6451 10383 3945 10416 7854 10583 3188 -1 
4193 1781950511 1781950511 0 2661818 8170 10037 3339 10341 1328 10414 3481 -1 
4197 1781950511 1781950511 0 2677224 6428 10353 5451 10072 1575 10072 364 -1 
4200 1781950511 1781950511 0 2677440 714 10010 41 10010 8981 10010 1554 -1 
4204 1781950511 1781950511 0 2678098 2028 10007 2167 10007 2462 10007 2462 -1 
4248 1781950511 1781950511 0 2676607 6570 10010 3605 10010 158 10010 3399 -1 
4249 1781950511 1781950511 0 2669402 3128 10046 2357 10046 9970 10515 9761 -1 
4253 1781950511 1781950511 0 2678361 7885 10010 6804 10010 274 10010 303 -1 
4293 1781950511 1781950511 0 2545048 6559 10172 3095 10172 9368 10172 7010 -1 
4314 1781950511 1781950511 0 2672905 5165 10057 9599 10057 3357 10025 1428 -1 
4318 1781950511 1781950511 0 2673118 4014 10046 8853 10046 9881 10170 9881 -1 
4321 1781950511 1781950511 0 2666295 7519 10010 274 10010 7828 10010 2365 -1 
4338 1781950511 1781950511 0 2643434 9326 10061 457 10163 361 10046 9622 -1 
4347 1781950511 1781950511 0 2646056 1305 10265 2411 10238 2860 10238 3894 -1 
4368 1781950511 1781950511 0 2669985 2237 10098 2237 10175 4999 10175 4999 -1 
4369 1781950511 1781950511 0 2674519 4196 10190 2389 10190 451 10190 8136 -1 
4377 1781950511 1781950511 0 2600448 9100 10046 9622 10046 6363 10046 6363 -1 
4379 1781950511 1781950511 0 2675922 7571 10046 9881 10170 9947 10583 9947 -1 
4384 1781950511 1781950511 0 2614002 1777 10339 5079 10339 6257 10527 7874 -1 
4432 1781950511 1781950511 0 2660326 1580 10163 6068 10046 9962 10046 9516 -1 
4455 1781950511 1781950511 0 2675683 7620 10027 43 10027 43 10027 9895 -1 
4477 1781950511 1781950511 0 2677947 3186 10015 1456 10015 1090 10015 150 -1 
4495 1781950511 1781950511 0 2664237 5580 10571 583 10090 9325 10240 2564 -1 
4504 1781950511 1781950511 0 2555297 6964 10473 2117 10473 4368 10491 9223 -1 
4523 1781950511 1781950511 0 2474249 7714 10302 6541 10302 6541 10302 9143 -1 
4524 1781950511 1781950511 0 2666341 929 10340 5925 10340 8144 10340 8858 -1 
4533 1781950511 1781950511 0 2674297 1279 10203 8989 10203 5215 10203 7496 -1 
4542 1781950511 1781950511 0 2661444 1328 10414 4315 10025 5945 10057 3592 -1 
4546 1781950511 1781950511 0 2671682 6804 10010 369 10010 274 10010 909 -1 
4549 1781950511 1781950511 0 1599646 7107 10046 6454 10046 9297 10046 9541 -1 
4561 1781950511 1781950511 0 2676590 1310 10010 217 10010 9825 10010 563 -1 
4563 1781950511 1781950511 0 2670656 8545 10473 5593 10518 2582 10471 5685 -1 
4579 1781950511 1781950511 0 2677896 80 10047 80 10047 150 10015 135 -1 
4586 1781950511 1781950511 0 2641741 4017 10043 3289 10043 4017 10043 7233 -1 
4590 1781950511 1781950511 0 2637935 1499 10117 1278 10117 1278 10117 1278 -1 
4602 1781950511 1781950511 0 2672732 9077 10013 1640 10203 8989 10046 9962 -1 
4612 1781950511 1781950511 0 2612244 1737 10007 6056 10007 2462 10007 4733 -1 
4619 1781950511 1781950511 0 2673118 6363 10046 8163 10046 3188 10170 9881 -1 
4634 1781950511 1781950511 0 2675010 4510 10075 7893 10075 9770 10075 9770 -1 
4643 1781950511 1781950511 0 2674297 1246 10046 4809 10203 5215 10203 7496 -1 
4651 1781950511 1781950511 0 2660740 3590 10089 7265 10089 5741 10089 7215 -1 
4659 1781950511 1781950511 0 2650034 2591 10515 3257 10404 3257 10102 8992 -1 
4661 1781950511 1781950511 0 2668134 1310 10010 5324 10010 369 10010 2668 -1 
4703 1781950511 1781950511 0 2498798 9036 10046 1741 10046 9734 10046 3041 -1 
4729 1781950511 1781950511 0 2671116 6738 10802 9668 10370 7648 10339 7886 -1 
4767 1781950511 1781950511 0 2673223 7037 10170 1577 10607 5593 10370 9551 -1 
4775 1781950511 1781950511 0 2671415 9509 10010 560 10010 9832 10010 1016 -1 
4780 1781950511 1781950511 0 2642493 8416 10013 9560 10013 4867 10388 2829 -1 
4781 1781950511 1781950511 0 2676854 634 10010 714 10010 941 10010 9101 -1 
4801 1781950511 1781950511 0 2677301 89 10057 2069 10057 4048 10181 3008 -1 
4821 1781950511 1781950511 0 2673705 1655 10046 9800 10046 8512 10046 9800 -1 
4830 1781950511 1781950511 0 2677224 3859 10072 0 10072 1669 10072 364 -1 
4837 1781950511 1781950511 0 2671116 10896 6257 10181 7164 10165 7886 10339 -1 
4846 1781950511 1781950511 0 2676624 1428 10025 3967 10025 4378 10405 9625 -1 
4853 1781950511 1781950511 0 2634487 3016 10072 8875 10072 4178 10238 4418 -1 
4874 1781950511 1781950511 0 2676719 8977 10046 1741 10046 9993 10046 391 -1 
4909 1781950511 1781950511 0 2649278 5878 10167 4085 10233 8281 10233 3009 -1 
4915 1781950511 1781950511 0 2671752 4140 10010 41 10010 303 10010 8273 -1 
4931 1781950511 1781950511 0 2635656 9255 10015 191 10015 8082 10353 5451 -1 
4935 1781950511 1781950511 0 2671800 7081 10480 9732 10480 9732 10480 6779 -1 
4937 1781950511 1781950511 0 2673408 1278 10117 6841 10117 2129 10117 207 -1 
4945 1781950511 1781950511 0 2665202 885 10010 7685 10063 4860 10063 9636 -1 
5014 1781950511 1781950511 0 2678330 9569 10480 1606 10402 5554 10402 5554 -1 
5036 1781950511 1781950511 0 2676624 244 10025 40 10025 2671 10405 9625 -1 
5037 1781950511 1781950511 0 2678361 8671 10010 2468 10010 1554 10010 303 -1 
5043 1781950511 1781950511 0 2646780 6510 10090 2852 10121 9092 10090 8809 -1 
5054 1781950511 1781950511 0 2658860 3653 10046 9993 10046 9993 10046 8249 -1 
5060 1781950511 1781950511 0 2675990 290 10143 2324 10143 2324 10143 28 -1 
5067 1781950511 1781950511 0 2669938 1820 10046 9880 10046 3653 10170 6430 -1 
5087 1781950511 1781950511 0 2632891 6639 10611 5042 10611 8489 10611 7080 -1 
5089 1781950511 1781950511 0 2660947 885 10010 563 10010 563 10010 4045 -1 
5094 1781950511 1781950511 0 2593925 9380 10368 9103 10194 5641 10194 4508 -1 
5101 1781950511 1781950511 0 2665863 6135 10867 6135 10656 6135 10867 3891 -1 
5107 1781950511 1781950511 0 2550007 4229 10010 563 10010 563 10010 3390 -1 
5129 1781950511 1781950511 0 2672187 3720 10010 563 10010 7530 10010 274 -1 
5133 1781950511 1781950511 0 2678293 4385 10203 9868 10013 9343 10046 4834 -1 
5147 1781950511 1781950511 0 2676458 8288 10015 0 10015 135 10015 1090 -1 
5155 1781950511 1781950511 0 2678233 7862 10226 566 10226 566 10226 9964 -1 
5179 1781950511 1781950511 0 2673402 10814 6171 10535 3129 10357 9826 10636 -1 
5220 1781950511 1781950511 0 2675358 6352 10007 1737 10007 1737 10007 4216 -1 
5229 1781950511 1781950511 0 2609690 3704 10707 7156 10707 9826 10582 421 -1 
5240 1781950511 1781950511 0 2531512 9954 10802 5796 10802 5796 10802 5796 -1 
5242 1781950511 1781950511 0 2671319 10819 2616 10361 6313 10123 8552 10123 -1 
5253 1781950511 1781950511 0 2670175 7116 10163 361 10167 6430 10046 8512 -1 
5271 1781950511 1781950511 0 2613427 3052 10010 369 10010 7933 10010 4699 -1 
5278 1781950511 1781950511 0 2674844 9934 10046 8512 10046 9962 10046 1361 -1 
5290 1781950511 1781950511 0 2675820 3093 10461 2797 10461 8286 10461 5164 -1 
5303 1781950511 1781950511 0 2677947 2283 10044 359 10044 135 10015 150 -1 
5315 1781950511 1781950511 0 2677947 6892 10015 191 10015 7701 10015 150 -1 
5326 1781950511 1781950511 0 2646780 9635 10240 9822 10240 9325 10090 8809 -1 
5328 1781950511 1781950511 0 2674522 9866 10613 5709 10707 9294 10613 4684 -1 
5330 1781950511 1781950511 0 2673781 2799 10028 2351 10028 9667 10028 6652 -1 
5359 1781950511 1781950511 0 2674797 9684 10223 9684 10223 9684 10223 9684 -1 
5374 1781950511 1781950511 0 2641958 2755 10046 1557 10046 4798 10046 5699 -1 
5385 1781950511 1781950511 0 2531308 4860 10063 9389 10063 9389 10063 9542 -1 
5393 1781950511 1781950511 0 2658384 2346 10010 7258 10010 1310 10026 4290 -1 
5398 1781950511 1781950511 0 2604755 9502 10010 755 10010 41 10010 1231 -1 
5401 1781950511 1781950511 0 2666325 6313 10123 9860 10505 9188 10607 372 -1 
5422 1781950511 1781950511 0 2677756 9492 10796 5878 10167 9800 10046 4014 -1 
5442 1781950511 1781950511 0 2677870 3848 10096 3846 10096 1907 10096 5634 -1 
5445 1781950511 1781950511 0 2677301 10814 5216 10300 9929 10181 3008 10181 -1 
5452 1781950511 1781950511 0 2662415 10123 9557 10282 5762 10361 2656 10361 -1 
5460 1781950511 1781950511 0 2676854 1503 10010 18 10010 909 10010 9101 -1 
5464 1781950511 1781950511 0 2641958 2795 10164 5588 10046 5681 10046 5699 -1 
5485 1781950511 1781950511 0 2615151 9049 10341 2556 10164 1904 10569 1904 -1 
5513 1781950511 1781950511 0 2659102 7195 10096 1166 10096 7195 10096 3846 -1 
5521 1781950511 1781950511 0 2674282 8408 10010 369 10010 1016 10010 121 -1 
5555 1781950511 1781950511 0 2677945 9863 10072 119 10072 119 10072 119 -1 
5556 1781950511 1781950511 0 2667467 9759 10404 8992 10233 2372 10388 9868 -1 
5565 1781950511 1781950511 0 2673807 7324 10405 9470 10456 7846 10456 4048 -1 
5571 1781950511 1781950511 0 2677245 7530 10010 274 10010 9101 10010 3886 -1 
5575 1781950511 1781950511 0 2600749 6811 10046 7374 10046 8292 10046 9003 -1 
5586 1781950511 1781950511 0 2659897 7107 10046 9471 10233 9721 10102 7902 -1 
5587 1781950511 1781950511 0 2671542 563 10010 1033 10010 8996 10010 1239 -1 
5588 1781950511 1781950511 0 2666591 1594 10143 2324 10143 2324 10143 3825 -1 
5594 1781950511 1781950511 0 2675208 290 10143 1481 10143 2324 10020 1581 -1 
5597 1781950511 1781950511 0 2674522 6026 10013 6684 10510 7367 10613 4684 -1 
5610 1781950511 1781950511 0 2677301 8992 10102 9721 10233 9402 10181 3008 -1 
5621 1781950511 1781950511 0 2650917 4076 10583 2171 10171 2556 10337 5654 -1 
5634 1781950511 1781950511 0 2677870 6708 10096 3966 10096 3846 10096 5634 -1 
5636 1781950511 1781950511 0 2665549 463 10172 8575 10172 9368 10172 4310 -1 
5647 1781950511 1781950511 0 2677947 9940 10015 135 10044 135 10015 150 -1 
5655 1781950511 1781950511 0 2673291 1777 10515 2591 10515 1535 10515 1535 -1 
5663 1781950511 1781950511 0 2674174 9924 10569 1904 10161 4352 10181 1232 -1 
5669 1781950511 1781950511 0 2673645 9505 10188 449 10188 449 10188 449 -1 
5678 1781950511 1781950511 0 2676590 4210 10010 485 10010 303 10010 563 -1 
5703 1781950511 1781950511 0 2676622 4907 10010 9936 10010 274 10010 3252 -1 
5709 1781950511 1781950511 0 2677446 274 10010 941 10010 9936 10010 552 -1 
5714 1781950511 1781950511 0 2674797 10223 549 10223 9684 10223 9684 10223 -1 
5715 1781950511 1781950511 0 2667407 6600 10619 9946 10695 3809 10713 8555 -1 
5720 1781950511 1781950511 0 2676622 6933 10010 369 10010 3886 10010 3252 -1 
5740 1781950511 1781950511 0 2659449 1372 10090 2842 10090 450 10090 9092 -1 
5743 1781950511 1781950511 0 2657924 2928 10184 3068 10184 1158 10046 9343 -1 
5754 1781950511 1781950511 0 2674634 8953 10025 2625 10666 7683 10129 346 -1 
5756 1781950511 1781950511 0 2667561 6590 10614 6590 10614 2256 10614 6329 -1 
5757 1781950511 1781950511 0 2672631 9043 10025 4897 10025 4897 10057 3357 -1 
5772 1781950511 1781950511 0 2676624 997 10161 4076 10405 2092 10405 9625 -1 
5773 1781950511 1781950511 0 2672280 9599 10456 4986 10405 9470 10405 9470 -1 
5787 1781950511 1781950511 0 2662252 1693 10072 6298 10010 5423 10010 6292 -1 
5812 1781950511 1781950511 0 2649964 1050 10025 2625 10025 123 10057 2779 -1 
5821 1781950511 1781950511 0 2675010 7893 10075 4121 10075 9770 10075 9770 -1 
5839 1781950511 1781950511 0 2646056 5546 10265 9594 10265 4418 10238 3894 -1 
5845 1781950511 1781950511 0 2595456 7874 10527 9860 10013 4082 10013 9632 -1 
5853 1781950511 1781950511 0 2673807 9837 10456 4378 10456 7725 10456 4048 -1 
5861 1781950511 1781950511 0 2653834 4678 10046 234 10046 7986 10046 803 -1 
5867 1781950511 1781950511 0 2617413 1428 10025 2671 10405 2671 10025 6556 -1 
5871 1781950511 1781950511 0 2669448 1358 10238 7123 10265 6329 10614 6590 -1 
5875 1781950511 1781950511 0 2673910 2819 10492 9222 10492 6101 10194 3606 -1 
5888 1781950511 1781950511 0 2673910 4249 10164 1112 10160 2556 10194 3606 -1 
5889 1781950511 1781950511 0 2665545 1532 10046 8249 10046 7571 10046 7642 -1 
5899 1781950511 1781950511 0 2677041 8945 10471 1577 10046 9881 10046 1409 -1 
5900 1781950511 1781950511 0 2676783 7530 10010 9897 10010 3886 10010 18 -1 
5907 1781950511 1781950511 0 2668689 9000 10046 9881 10170 9881 10046 9880 -1 
5923 1781950511 1781950511 0 2665148 7662 10015 1090 10015 135 10044 2038 -1 
5936 1781950511 1781950511 0 2677110 4715 10706 9919 10025 3357 10057 6480 -1 
5937 1781950511 1781950511 0 2676304 563 10010 274 10010 303 10010 8010 -1 
5945 1781950511 1781950511 0 2658956 5545 10103 5097 10103 5097 10103 3840 -1 
5952 1781950511 1781950511 0 2668158 433 10184 2928 10382 4282 10382 1532 -1 
5967 1781950511 1781950511 0 2621164 9506 10046 7269 10046 361 10163 9841 -1 
5976 1781950511 1781950511 0 2676603 3021 10281 7075 10281 7068 10281 8028 -1 
5984 1781950511 1781950511 0 2677110 7082 10057 3592 10025 2671 10057 6480 -1 
5998 1781950511 1781950511 0 2663203 7829 10473 1480 10505 9188 10474 5079 -1 
3027 1781950511 1781950511 0 2672732 10123 7601 10123 7395 10502 8249 10046 9962 -1 
3063 1781950511 1781950511 0 2673304 7881 10575 5940 10583 3328 10527 9569 10502 -1 
3090 1781950511 1781950511 0 2673052 2909 10194 6781 10161 9222 10505 2556 10337 -1 
3107 1781950511 1781950511 0 2653584 10470 6621 10470 5593 10388 241 10339 9677 -1 
3124 1781950511 1781950511 0 2660009 6928 10359 4529 10359 5586 10359 8578 10192 -1 
3130 1781950511 1781950511 0 2671116 10781 6101 10194 9037 10161 7886 10339 7886 -1 
3140 1781950511 1781950511 0 2673807 4783 10025 40 10191 7886 10161 4048 10456 -1 
3157 1781950511 1781950511 0 2678362 824 10010 41 10010 1554 10010 2916 10010 -1 
3172 1781950511 1781950511 0 2672802 9003 10046 8853 10046 6683 10510 2556 10160 -1 
3173 1781950511 1781950511 0 2673169 4144 10464 1535 10339 7648 10505 2556 10513 -1 
3183 1781950511 1781950511 0 2673854 9738 10167 361 10046 9881 10170 9947 10145 -1 
3270 1781950511 1781950511 0 2673304 6726 10582 8898 10466 372 10241 9569 10502 -1 
3280 1781950511 1781950511 0 2675922 9055 10046 5720 10046 9962 10046 9947 10583 -1 
3283 1781950511 1781950511 0 2678145 4334 10047 150 10015 150 10015 7676 10044 -1 
3310 1781950511 1781950511 0 2673807 6986 10707 8383 10713 9732 10527 4048 10456 -1 
3380 1781950511 1781950511 0 2677301 1112 10575 9738 10165 4048 10161 3008 10181 -1 
3425 1781950511 1781950511 0 2673169 6171 10474 9229 10161 3498 10169 2556 10513 -1 
3456 1781950511 1781950511 0 2672754 3942 10161 3008 10181 6101 10194 2556 10171 -1 
3457 1781950511 1781950511 0 2678330 6624 10339 3129 10357 9383 10402 5554 10402 -1 
3470 1781950511 1781950511 0 2678127 4516 10090 1330 10090 5556 10240 9908 10540 -1 
3478 1781950511 1781950511 0 2619268 10014 7059 10583 4144 10102 7902 10498 9418 -1 
3526 1781950511 1781950511 0 2671168 6779 10480 6600 10510 9569 10713 9732 10713 -1 
3536 1781950511 1781950511 0 2677257 1430 10305 838 10121 844 10121 9215 10121 -1 
3537 1781950511 1781950511 0 2673118 10145 9947 10160 479 10170 9732 10170 9881 -1 
3543 1781950511 1781950511 0 2677945 6035 10250 3389 10250 9448 10072 119 10072 -1 
3544 1781950511 1781950511 0 2666575 10470 2795 10470 8700 10470 7638 10814 7638 -1 
3548 1781950511 1781950511 0 2672617 6154 10192 5468 10192 9946 10619 2556 10510 -1 
3556 1781950511 1781950511 0 2665549 10172 7010 10172 8575 10172 9368 10172 4310 -1 
3660 1781950511 1781950511 0 2672433 1051 10004 9486 10647 9486 10004 9486 10004 -1 
3668 1781950511 1781950511 0 2673807 10525 6390 10403 1232 10161 4048 10456 4048 -1 
3703 1781950511 1781950511 0 2638614 8898 10466 8341 10502 7191 10510 7263 10747 -1 
3779 1781950511 1781950511 0 2672191 6171 10388 7249 10300 5216 10171 2556 10014 -1 
3845 1781950511 1781950511 0 2675922 4252 10473 9223 10361 9754 10583 9947 10583 -1 
3895 1781950511 1781950511 0 2673807 7427 10492 9744 10699 9222 10161 4048 10456 -1 
3908 1781950511 1781950511 0 2673304 1542 10466 372 10241 2295 10241 9569 10502 -1 
3926 1781950511 1781950511 0 2666907 8800 10046 7823 10518 9188 10474 9761 10734 -1 
3947 1781950511 1781950511 0 2672117 19 10357 3515 10303 1112 10160 7222 10233 -1 
3959 1781950511 1781950511 0 2670946 10518 1535 10161 9235 10336 3998 10336 6361 -1 
4017 1781950511 1781950511 0 2677301 5454 10527 5454 10527 7059 10161 3008 10181 -1 
4022 1781950511 1781950511 0 2664028 9810 10419 1364 10419 5154 10419 9344 10419 -1 
4047 1781950511 1781950511 0 2649340 8965 10636 4734 10310 7232 10541 2020 10541 -1 
4059 1781950511 1781950511 0 2675497 4529 10359 6781 10194 3129 10181 4352 10191 -1 
4066 1781950511 1781950511 0 2675208 4316 10020 9606 10020 9318 10020 1581 10020 -1 
4090 1781950511 1781950511 0 2678139 7393 10160 3118 10160 3118 10597 9929 10164 -1 
4112 1781950511 1781950511 0 2678139 3329 10403 3329 10473 9383 10535 9929 10164 -1 
4120 1781950511 1781950511 0 2667337 6034 10518 9775 10164 1241 10619 9946 10695 -1 
4176 1781950511 1781950511 0 2671675 3237 10910 7129 10090 5651 10037 9402 10367 -1 
4217 1781950511 1781950511 0 2673402 1864 10505 5371 10164 4886 10341 9826 10636 -1 
4270 1781950511 1781950511 0 2677301 3393 10502 9759 10181 4352 10161 3008 10181 -1 
4280 1781950511 1781950511 0 2672191 8986 10145 9327 10367 8839 10642 2556 10014 -1 
4304 1781950511 1781950511 0 2671581 7561 10046 9698 10726 9000 10123 8552 10819 -1 
4312 1781950511 1781950511 0 2673304 6519 10515 3257 10713 9732 10527 9569 10502 -1 
4339 1781950511 1781950511 0 2677041 10203 3123 10203 9709 10046 9962 10046 1409 -1 
4388 1781950511 1781950511 0 2661482 1655 10367 3929 10181 2795 10367 9617 10501 -1 
4540 1781950511 1781950511 0 2670048 10505 7535 10508 1981 10642 8839 10367 6552 -1 
4541 1781950511 1781950511 0 2673169 3662 10612 2556 10160 2556 10337 2556 10513 -1 
4674 1781950511 1781950511 0 2673169 7247 10233 4036 10233 8992 10194 2556 10513 -1 
4704 1781950511 1781950511 0 2674156 9273 10367 3257 10233 9721 10404 7496 10170 -1 
4706 1781950511 1781950511 0 2673052 5588 10046 9878 10046 9970 10169 2556 10337 -1 
4726 1781950511 1781950511 0 2666907 3129 10359 9769 10747 6964 10727 9761 10734 -1 
4733 1781950511 1781950511 0 2672938 4926 10046 9924 10203 4867 10510 2556 10169 -1 
4764 1781950511 1781950511 0 2648999 10642 288 10025 2671 10025 4378 10025 5945 -1 
4771 1781950511 1781950511 0 2673291 4082 10013 9712 10013 9868 10388 1535 10515 -1 
4793 1781950511 1781950511 0 2653014 10192 8371 10161 3129 10337 6101 10359 9383 -1 
4836 1781950511 1781950511 0 2657724 10028 9667 10028 2351 10028 2351 10028 9685 -1 
4879 1781950511 1781950511 0 2666083 6173 10537 5667 10537 7411 10537 7411 10537 -1 
5058 1781950511 1781950511 0 2674797 10223 9684 10223 9684 10223 9684 10223 9684 -1 
5068 1781950511 1781950511 0 2668668 6404 10505 3328 10167 361 10524 8986 10524 -1 
5093 1781950511 1781950511 0 2675922 8555 10046 9892 10046 6068 10163 9947 10583 -1 
5097 1781950511 1781950511 0 2676771 1342 10370 7648 10161 3498 10169 2556 10403 -1 
5159 1781950511 1781950511 0 2676556 10428 7547 10234 599 10234 7547 10234 7547 -1 
5173 1781950511 1781950511 0 2677947 8584 10015 0 10015 191 10015 150 10015 -1 
5175 1781950511 1781950511 0 2654922 4119 10473 7247 10527 9929 10681 4804 10491 -1 
5188 1781950511 1781950511 0 2671675 7527 10102 3257 10583 8281 10233 9402 10367 -1 
5210 1781950511 1781950511 0 2675922 7057 10061 9869 10046 9962 10046 9947 10583 -1 
5243 1781950511 1781950511 0 2672846 9800 10046 9186 10164 4249 10164 3737 10368 -1 
5251 1781950511 1781950511 0 2671675 1158 10046 6114 10046 71 10233 9402 10367 -1 
5308 1781950511 1781950511 0 2669219 10165 1819 10368 9728 10368 1819 10368 3581 -1 
5339 1781950511 1781950511 0 2674297 4085 10046 8512 10046 9881 10170 7496 10203 -1 
5387 1781950511 1781950511 0 2666164 10203 1279 10203 9868 10013 7383 10583 3188 -1 
5390 1781950511 1781950511 0 2651622 7881 10491 2616 10361 9223 10491 9383 10473 -1 
5404 1781950511 1781950511 0 2675145 7642 10046 8986 10170 3188 10145 9947 10404 -1 
5426 1781950511 1781950511 0 2671918 5554 10402 9383 10535 3129 10357 9826 10341 -1 
5434 1781950511 1781950511 0 2659660 10796 9042 10734 8716 10046 5023 10046 7571 -1 
5509 1781950511 1781950511 0 2675922 2357 10046 8716 10046 8512 10046 9947 10583 -1 
5561 1781950511 1781950511 0 2671116 10302 6541 10849 5586 10161 7648 10339 7886 -1 
5566 1781950511 1781950511 0 2669938 10163 9841 10163 361 10173 361 10170 6430 -1 
5573 1781950511 1781950511 0 2666907 7088 10388 5539 10518 9188 10474 9761 10734 -1 
5578 1781950511 1781950511 0 2676321 2034 10470 5593 10636 4789 10302 6541 10302 -1 
5589 1781950511 1781950511 0 2660740 10497 3849 10497 3879 10089 7265 10089 7215 -1 
5673 1781950511 1781950511 0 2673291 8545 10014 7035 10171 2372 10388 1535 10515 -1 
5707 1781950511 1781950511 0 2674519 8288 10015 6532 10247 5657 10190 8136 10190 -1 
5738 1781950511 1781950511 0 2675497 9870 10513 2556 10403 1232 10181 4352 10191 -1 
5804 1781950511 1781950511 0 2615151 3085 10405 9816 10339 5079 10542 1904 10569 -1 
5814 1781950511 1781950511 0 2677945 7199 10265 3383 10265 2411 10072 119 10072 -1 
5903 1781950511 1781950511 0 2675922 7078 10282 7561 10046 6290 10163 9947 10583 -1 
5908 1781950511 1781950511 0 2678362 1770 10010 274 10010 552 10010 2916 10010 -1 
5938 1781950511 1781950511 0 2678127 6309 10240 2564 10240 2564 10240 9908 10540 -1 
5940 1781950511 1781950511 0 2673304 8898 10466 372 10241 2295 10241 9569 10502 -1 
5971 1781950511 1781950511 0 2677202 10095 386 10095 4816 10074 7416 10074 3465 -1 
5987 1781950511 1781950511 0 2657826 10171 9709 10203 4809 10046 9962 10046 9698 -1 
5996 1781950511 1781950511 0 2673287 9946 10681 5940 10575 9761 10515 1535 10388 -1 
3024 1781950511 1781950511 0 2673291 7081 10160 241 10164 7535 10575 9761 10515 1535 -1 
3056 1781950511 1781950511 0 2662535 3515 10164 8455 10161 1072 10181 3129 10583 7854 -1 
3058 1781950511 1781950511 0 2675092 9101 10010 563 10010 303 10010 6876 10096 1907 -1 
3074 1781950511 1781950511 0 2658409 6652 10028 2351 10028 2351 10028 2351 10028 2351 -1 
3075 1781950511 1781950511 0 2673645 7577 10501 1422 10525 4886 10188 1757 10188 449 -1 
3099 1781950511 1781950511 0 2674297 4057 10388 7088 10013 9804 10203 5215 10203 7496 -1 
3103 1781950511 1781950511 0 2676719 9698 10046 7615 10046 1207 10046 9993 10046 391 -1 
3113 1781950511 1781950511 0 2673118 4975 10471 5593 10341 4315 10025 4048 10181 9402 -1 
3132 1781950511 1781950511 0 2662984 3704 10707 9294 10699 7339 10014 3329 10636 8474 -1 
3153 1781950511 1781950511 0 2678233 566 10226 566 10226 566 10226 566 10226 9964 -1 
3162 1781950511 1781950511 0 2673910 9734 10046 9003 10046 8249 10171 2556 10194 3606 -1 
3170 1781950511 1781950511 0 2655815 524 10405 2092 10405 9470 10541 9470 10161 2582 -1 
3188 1781950511 1781950511 0 2617413 8505 10161 40 10025 5165 10025 6279 10025 6556 -1 
3209 1781950511 1781950511 0 2678361 5937 10010 7569 10010 9825 10010 1554 10010 303 -1 
3221 1781950511 1781950511 0 2669987 1058 10046 1111 10046 9869 10061 457 10061 457 -1 
3224 1781950511 1781950511 0 2677100 9171 10072 9733 10072 119 10072 9448 10072 1669 -1 
3225 1781950511 1781950511 0 2677756 6357 10310 5886 10370 479 10170 9881 10046 4014 -1 
3244 1781950511 1781950511 0 2666164 6073 10090 6492 10014 1607 10014 7829 10583 3188 -1 
3268 1781950511 1781950511 0 2667429 7620 10027 9491 10015 4094 10121 9785 10121 3572 -1 
3304 1781950511 1781950511 0 2637936 9108 10161 1904 10569 1904 10181 6101 10194 5641 -1 
3314 1781950511 1781950511 0 2672631 7031 10025 7031 10025 880 10057 3592 10057 3357 -1 
3318 1781950511 1781950511 0 2677756 198 10046 9042 10796 5878 10167 9800 10046 4014 -1 
3319 1781950511 1781950511 0 2676783 7885 10010 802 10010 563 10010 9446 10010 18 -1 
3345 1781950511 1781950511 0 2665230 41 10010 1554 10010 274 10010 8981 10010 578 -1 
3353 1781950511 1781950511 0 2677446 2686 10010 6804 10010 563 10010 1554 10010 552 -1 
3378 1781950511 1781950511 0 2648456 8575 10172 4310 10172 9368 10172 8405 10172 6559 -1 
3382 1781950511 1781950511 0 2661818 5588 10164 4886 10491 2105 10414 3481 10414 3481 -1 
3465 1781950511 1781950511 0 2675969 5878 10167 8546 10203 1577 10525 2556 10164 4804 -1 
3467 1781950511 1781950511 0 2621164 6454 10046 5588 10046 391 10163 9841 10163 9841 -1 
3476 1781950511 1781950511 0 2675152 4150 10010 8052 10010 802 10010 1554 10010 369 -1 
3480 1781950511 1781950511 0 2677945 10774 8654 10072 364 10072 119 10072 119 10072 -1 
3481 1781950511 1781950511 0 2655231 7854 10233 4036 10233 9250 10046 8462 10046 3354 -1 
3483 1781950511 1781950511 0 2653039 9549 10046 9934 10046 9993 10046 4546 10145 1640 -1 
3486 1781950511 1781950511 0 2677301 9886 10160 1658 10464 1535 10161 4352 10181 3008 -1 
3487 1781950511 1781950511 0 2677756 8601 10310 4036 10233 2224 10046 8249 10046 4014 -1 
3489 1781950511 1781950511 0 2672905 4076 10025 5165 10025 3357 10025 3357 10025 1428 -1 
3490 1781950511 1781950511 0 2467636 7837 10471 8221 10164 9402 10282 9525 10282 6991 -1 
3503 1781950511 1781950511 0 2676590 1383 10010 509 10010 1564 10010 369 10010 563 -1 
3505 1781950511 1781950511 0 2665595 4886 10525 1422 10367 4315 10414 3481 10414 1328 -1 
3518 1781950511 1781950511 0 2674522 6527 10014 3101 10014 7739 10707 9294 10613 4684 -1 
3549 1781950511 1781950511 0 2604298 7695 10265 7199 10265 924 10265 698 10238 4709 -1 
3550 1781950511 1781950511 0 2676771 8383 10713 7059 10491 6566 10619 2556 10403 2556 -1 
3560 1781950511 1781950511 0 2669062 7117 10072 119 10072 1575 10072 0 10072 5793 -1 
3579 1781950511 1781950511 0 2659897 4083 10046 8853 10046 6683 10233 9721 10102 7902 -1 
3591 1781950511 1781950511 0 2658548 1741 10046 9789 10203 1640 10046 9962 10046 4823 -1 
3604 1781950511 1781950511 0 2670175 2882 10473 9119 10167 5878 10167 6430 10046 8512 -1 
3627 1781950511 1781950511 0 2678361 3097 10010 755 10010 274 10010 563 10010 303 -1 
3649 1781950511 1781950511 0 2670656 5539 10802 9668 10583 7383 10013 7383 10471 5685 -1 
3654 1781950511 1781950511 0 2675922 10341 7902 10498 3188 10145 4305 10145 9947 10583 -1 
3658 1781950511 1781950511 0 2657031 6068 10163 8800 10013 9739 10013 1590 10013 7548 -1 
3664 1781950511 1781950511 0 2677947 9676 10015 150 10015 191 10015 191 10015 150 -1 
3665 1781950511 1781950511 0 2657724 3021 10028 9685 10028 2351 10028 9667 10028 9685 -1 
3679 1781950511 1781950511 0 2675092 7195 10096 6708 10096 7911 10096 3846 10096 1907 -1 
3710 1781950511 1781950511 0 2678293 4105 10046 9881 10046 3354 10046 9962 10046 4834 -1 
3713 1781950511 1781950511 0 2665525 7739 10471 2664 10535 6101 10194 7951 10368 1819 -1 
3715 1781950511 1781950511 0 2677990 2389 10190 8136 10190 8798 10190 7555 10129 2788 -1 
3746 1781950511 1781950511 0 2677041 9759 10502 8986 10145 4305 10145 9947 10046 1409 -1 
3750 1781950511 1781950511 0 2677896 4500 10015 135 10015 150 10015 135 10015 135 -1 
3754 1781950511 1781950511 0 2669659 4417 10010 369 10010 8843 10010 485 10010 941 -1 
3760 1781950511 1781950511 0 2672721 5055 10010 4650 10010 369 10010 9825 10010 8189 -1 
3785 1781950511 1781950511 0 2675092 452 10096 1907 10096 1907 10096 3966 10096 1907 -1 
3803 1781950511 1781950511 0 2676501 8521 10095 386 10095 3342 10095 6248 10095 8653 -1 
3818 1781950511 1781950511 0 2678362 9825 10010 369 10010 560 10010 9101 10010 2916 -1 
3837 1781950511 1781950511 0 2674844 7319 10046 9234 10046 8027 10046 8249 10046 1361 -1 
3847 1781950511 1781950511 0 2674282 2668 10010 3390 10010 369 10010 274 10010 121 -1 
3862 1781950511 1781950511 0 2664319 4155 10339 4469 10510 7222 10046 8989 10203 5215 -1 
3920 1781950511 1781950511 0 2672732 4809 10203 2657 10203 3123 10203 1577 10046 9962 -1 
3941 1781950511 1781950511 0 2678365 8207 10025 9043 10025 9596 10025 3357 10025 123 -1 
3953 1781950511 1781950511 0 2677245 8473 10129 3172 10129 7828 10010 563 10010 3886 -1 
3963 1781950511 1781950511 0 2677440 2468 10010 8858 10010 369 10010 3886 10010 1554 -1 
3981 1781950511 1781950511 0 2671682 7534 10010 303 10010 6804 10010 9825 10010 909 -1 
3995 1781950511 1781950511 0 2658409 9667 10028 9667 10028 2351 10028 2351 10028 2351 -1 
4011 1781950511 1781950511 0 2677756 9993 10046 1207 10046 6290 10163 391 10046 4014 -1 
4016 1781950511 1781950511 0 2677440 7329 10010 274 10010 274 10010 274 10010 1554 -1 
4024 1781950511 1781950511 0 2669584 10336 5762 10123 9754 10170 3711 10524 5685 10817 -1 
4043 1781950511 1781950511 0 2677870 7911 10096 3848 10096 3846 10096 3966 10096 5634 -1 
4061 1781950511 1781950511 0 2668503 6472 10221 3771 10063 9636 10063 7259 10063 7544 -1 
4075 1781950511 1781950511 0 2672732 6451 10046 9476 10046 4696 10046 6068 10046 9962 -1 
4109 1781950511 1781950511 0 2672732 9712 10013 9632 10013 2372 10046 8512 10046 9962 -1 
4156 1781950511 1781950511 0 2669219 3496 10194 6527 10471 2556 10194 1819 10368 3581 -1 
4161 1781950511 1781950511 0 2650196 10188 7577 10164 7247 10188 9470 10367 241 10782 -1 
4162 1781950511 1781950511 0 2672115 935 10242 628 10242 1534 10010 8981 10010 8881 -1 
4167 1781950511 1781950511 0 2673781 3021 10028 2799 10028 2351 10028 2351 10028 6652 -1 
4202 1781950511 1781950511 0 2675922 8730 10524 8986 10145 4305 10145 9947 10583 9947 -1 
4208 1781950511 1781950511 0 2677896 8193 10015 191 10015 8401 10015 150 10015 135 -1 
4219 1781950511 1781950511 0 2673003 2869 10026 4845 10015 135 10015 150 10015 6395 -1 
4242 1781950511 1781950511 0 2602860 6748 10046 1246 10046 354 10046 9800 10167 4058 -1 
4276 1781950511 1781950511 0 2675010 7247 10164 5127 10075 4928 10075 7893 10075 9770 -1 
4277 1781950511 1781950511 0 2660740 3590 10089 209 10089 7265 10089 5741 10089 7215 -1 
4310 1781950511 1781950511 0 2667040 10773 5752 10773 5752 10773 101 10301 9203 10672 -1 
4311 1781950511 1781950511 0 2677301 10515 1535 10515 5593 10181 4352 10161 3008 10181 -1 
4325 1781950511 1781950511 0 2673402 40 10191 5079 10471 9418 10498 294 10636 9826 -1 
4326 1781950511 1781950511 0 2669183 9541 10013 4050 10013 9469 10203 5215 10203 8661 -1 
4342 1781950511 1781950511 0 2675092 1907 10096 1907 10096 1907 10096 3966 10096 1907 -1 
4372 1781950511 1781950511 0 2677446 4210 10010 2468 10010 303 10010 9936 10010 552 -1 
4386 1781950511 1781950511 0 2669402 1607 10014 5554 10402 9929 10537 7116 10515 9761 -1 
4393 1781950511 1781950511 0 2659493 391 10163 5266 10046 9993 10046 7269 10046 9100 -1 
4409 1781950511 1781950511 0 2677301 4087 10188 9929 10164 6552 10367 9402 10181 3008 -1 
4467 1781950511 1781950511 0 2678361 1119 10010 3252 10010 9832 10010 8981 10010 303 -1 
4473 1781950511 1781950511 0 2677301 9569 10502 2556 10473 4368 10473 4119 10181 3008 -1 
4478 1781950511 1781950511 0 2675872 9009 10265 698 10238 2595 10238 1511 10238 9009 -1 
4487 1781950511 1781950511 0 2663948 9886 10046 7615 10046 5023 10046 9163 10046 151 -1 
4501 1781950511 1781950511 0 2674916 7395 10170 9947 10046 1158 10184 9311 10184 8213 -1 
4518 1781950511 1781950511 0 2671614 7638 10233 4036 10233 2224 10046 3188 10145 4305 -1 
4526 1781950511 1781950511 0 2676304 1016 10010 5086 10010 8324 10010 274 10010 8010 -1 
4559 1781950511 1781950511 0 2671385 1580 10163 6068 10163 6290 10170 9732 10480 9732 -1 
4565 1781950511 1781950511 0 2675494 5673 10046 7222 10170 9732 10713 7648 10383 3945 -1 
4568 1781950511 1781950511 0 2673291 4305 10502 9761 10699 5079 10474 9761 10515 1535 -1 
4584 1781950511 1781950511 0 2668668 2176 10013 2176 10013 1590 10013 8637 10524 8986 -1 
4593 1781950511 1781950511 0 2677129 755 10010 4785 10010 4140 10010 369 10010 9936 -1 
4595 1781950511 1781950511 0 2670146 3067 10471 3067 10233 8281 10233 9721 10233 71 -1 
4603 1781950511 1781950511 0 2673560 6804 10010 9419 10010 7828 10010 274 10010 773 -1 
4687 1781950511 1781950511 0 2610624 1659 10046 9237 10046 1640 10013 6617 10046 1655 -1 
4702 1781950511 1781950511 0 2667407 9754 10046 4105 10233 8455 10713 8383 10713 8555 -1 
4730 1781950511 1781950511 0 2673118 8462 10046 9970 10170 9617 10695 9946 10181 9402 -1 
4734 1781950511 1781950511 0 2669264 2282 10233 575 10727 6738 10378 6107 10378 6519 -1 
4735 1781950511 1781950511 0 2663675 3509 10802 7881 10491 1320 10282 1158 10046 6114 -1 
4748 1781950511 1781950511 0 2674184 10575 3711 10170 9881 10170 9881 10170 7496 10607 -1 
4749 1781950511 1781950511 0 2631247 9947 10046 9878 10046 9993 10046 4546 10046 8027 -1 
4762 1781950511 1781950511 0 2676719 9861 10164 5650 10339 8512 10046 9947 10046 391 -1 
4778 1781950511 1781950511 0 2659818 9431 10044 359 10044 135 10015 1348 10015 7085 -1 
4782 1781950511 1781950511 0 2677947 7018 10044 135 10015 150 10047 150 10015 150 -1 
4786 1781950511 1781950511 0 2674539 2273 10145 7116 10537 8839 10188 1757 10188 4675 -1 
4806 1781950511 1781950511 0 2673705 3188 10046 7653 10046 354 10046 9962 10046 9800 -1 
4822 1781950511 1781950511 0 2673291 9738 10600 356 10699 9222 10161 1535 10515 1535 -1 
4823 1781950511 1781950511 0 2589410 1502 10046 277 10046 5588 10046 9804 10046 4276 -1 
4838 1781950511 1781950511 0 2646202 9542 10063 7587 10063 9636 10063 7259 10063 1792 -1 
4840 1781950511 1781950511 0 2670048 19 10357 4729 10473 9954 10361 9954 10367 6552 -1 
4842 1781950511 1781950511 0 2678293 8241 10046 1659 10046 7571 10046 9962 10046 4834 -1 
4852 1781950511 1781950511 0 2677446 8858 10010 8981 10010 369 10010 9101 10010 552 -1 
4864 1781950511 1781950511 0 2671800 997 10335 6779 10480 6779 10480 9732 10480 6779 -1 
4905 1781950511 1781950511 0 2634554 5050 10010 8189 10010 732 10010 3659 10010 509 -1 
4921 1781950511 1781950511 0 2677440 8671 10010 3886 10010 274 10010 9936 10010 1554 -1 
4951 1781950511 1781950511 0 2670802 3390 10010 4699 10010 3659 10010 9825 10010 9503 -1 
4955 1781950511 1781950511 0 2676607 41 10010 7885 10010 9101 10010 563 10010 3399 -1 
4966 1781950511 1781950511 0 2658384 5340 10026 1081 10026 42 10026 1313 10026 4290 -1 
4983 1781950511 1781950511 0 2614943 7430 10339 7059 10367 5796 10367 6104 10367 8549 -1 
4986 1781950511 1781950511 0 2676783 9101 10010 8843 10010 5324 10010 303 10010 18 -1 
4997 1781950511 1781950511 0 2666083 7088 10388 5593 10367 8839 10537 7411 10537 7411 -1 
5008 1781950511 1781950511 0 2667300 7236 10072 9338 10121 792 10121 792 10121 9785 -1 
5022 1781950511 1781950511 0 2667873 8416 10046 7653 10046 6725 10046 7571 10046 7653 -1 
5034 1781950511 1781950511 0 2669366 2273 10164 4119 10367 8839 10015 9972 10072 4324 -1 
5080 1781950511 1781950511 0 2666123 8393 10015 8822 10015 135 10015 150 10015 1520 -1 
5091 1781950511 1781950511 0 2653635 8831 10819 4511 10541 9470 10456 4378 10456 1281 -1 
5109 1781950511 1781950511 0 2677446 3291 10010 560 10010 303 10010 1554 10010 552 -1 
5119 1781950511 1781950511 0 2669938 4823 10046 8027 10046 9163 10046 6430 10170 6430 -1 
5144 1781950511 1781950511 0 2676321 7218 10911 5589 10583 8839 10636 8839 10302 6541 -1 
5146 1781950511 1781950511 0 2635778 5018 10046 8977 10046 7615 10046 7615 10046 6068 -1 
5153 1781950511 1781950511 0 2668668 1167 10167 361 10167 8791 10167 361 10524 8986 -1 
5169 1781950511 1781950511 0 2655231 1513 10046 4595 10046 7124 10046 8977 10046 3354 -1 
5171 1781950511 1781950511 0 2678365 8953 10025 2671 10025 2671 10057 3357 10025 123 -1 
5181 1781950511 1781950511 0 2674522 1492 10014 1607 10014 7739 10707 9294 10613 4684 -1 
5216 1781950511 1781950511 0 2677041 9769 10747 3711 10163 6068 10046 9800 10046 1409 -1 
5225 1781950511 1781950511 0 2676697 9092 10010 563 10010 303 10010 9825 10010 8981 -1 
5228 1781950511 1781950511 0 2673781 9685 10028 9667 10028 9685 10028 2351 10028 6652 -1 
5230 1781950511 1781950511 0 2638750 376 10172 3095 10172 9368 10172 9368 10172 8405 -1 
5283 1781950511 1781950511 0 2670656 1513 10013 4057 10013 1590 10013 7829 10471 5685 -1 
5289 1781950511 1781950511 0 2675922 10310 241 10161 8959 10600 7496 10404 9947 10583 -1 
5291 1781950511 1781950511 0 2669068 9739 10013 6026 10241 2295 10241 2295 10241 2295 -1 
5351 1781950511 1781950511 0 2675922 9870 10170 361 10112 9164 10163 9947 10583 9947 -1 
5369 1781950511 1781950511 0 2674284 4010 10121 2232 10090 7743 10090 773 10010 1503 -1 
5372 1781950511 1781950511 0 2657724 2799 10028 6982 10028 2351 10028 2351 10028 9685 -1 
5373 1781950511 1781950511 0 2659073 2591 10370 5886 10370 241 10339 8512 10046 9592 -1 
5378 1781950511 1781950511 0 2672938 10612 4048 10681 3079 10681 9946 10681 2556 10169 -1 
5405 1781950511 1781950511 0 2672905 3594 10170 1058 10498 4073 10367 5802 10025 1428 -1 
5430 1781950511 1781950511 0 2677041 9800 10167 3328 10046 7642 10046 9962 10046 1409 -1 
5505 1781950511 1781950511 0 2677245 755 10010 4785 10010 909 10010 8189 10010 3886 -1 
5535 1781950511 1781950511 0 2671990 5297 10386 1225 10386 1225 10386 1225 10386 1225 -1 
5559 1781950511 1781950511 0 2666575 9721 10713 5244 10491 7247 10388 7638 10814 7638 -1 
5580 1781950511 1781950511 0 2665724 10900 9402 10378 4940 10339 241 10597 1112 10303 -1 
5606 1781950511 1781950511 0 2656777 4105 10046 7615 10046 9881 10170 9881 10046 4085 -1 
5607 1781950511 1781950511 0 2658860 4057 10046 2755 10046 8027 10046 8989 10046 8249 -1 
5614 1781950511 1781950511 0 2658409 2799 10028 45 10028 9685 10028 2351 10028 2351 -1 
5643 1781950511 1781950511 0 2676783 274 10010 9419 10010 369 10010 3886 10010 18 -1 
5648 1781950511 1781950511 0 2677245 936 10010 41 10010 9825 10010 8324 10010 3886 -1 
5658 1781950511 1781950511 0 2678362 3659 10010 855 10010 9509 10010 9825 10010 2916 -1 
5666 1781950511 1781950511 0 2671542 3983 10010 9832 10010 732 10010 563 10010 1239 -1 
5717 1781950511 1781950511 0 2647882 6527 10466 9119 10013 8791 10524 2273 10845 1279 -1 
5721 1781950511 1781950511 0 2672631 2618 10057 3357 10025 443 10057 9387 10057 3357 -1 
5734 1781950511 1781950511 0 2634612 4652 10171 8613 10339 9929 10164 7577 10164 5650 -1 
5745 1781950511 1781950511 0 2677199 6624 10164 5650 10681 1112 10597 9929 10000 0 -1 
5792 1781950511 1781950511 0 2649278 6811 10046 3798 10046 6683 10233 4036 10233 3009 -1 
5799 1781950511 1781950511 0 2670175 9769 10359 6781 10161 8725 10046 354 10046 8512 -1 
5808 1781950511 1781950511 0 2672631 7855 10379 1206 10025 7031 10025 4897 10057 3357 -1 
5827 1781950511 1781950511 0 2663927 4150 10010 274 10010 9936 10010 2325 10072 9766 -1 
5838 1781950511 1781950511 0 2670175 4057 10388 7088 10203 5215 10203 9804 10046 8512 -1 
5843 1781950511 1781950511 0 2657835 694 10175 1909 10175 2237 10175 7211 10413 4946 -1 
5851 1781950511 1781950511 0 2664028 1364 10419 9810 10419 9810 10419 9810 10419 9344 -1 
5858 1781950511 1781950511 0 2677896 7740 10015 1456 10015 150 10015 150 10015 135 -1 
5869 1781950511 1781950511 0 2567725 9402 10781 6101 10492 9103 10471 6256 10471 19 -1 
5917 1781950511 1781950511 0 2676719 9297 10046 1557 10046 9993 10046 9800 10046 391 -1 
5956 1781950511 1781950511 0 2673291 9589 10537 9598 10171 6519 10515 1535 10515 1535 -1 
5968 1781950511 1781950511 0 2641926 3354 10046 9800 10046 7561 10203 5215 10203 3123 -1 
3010 1781950511 1781950511 0 2672654 1481 10143 893 10020 9606 10020 2324 10143 2852 10037 -1 
3042 1781950511 1781950511 0 2672117 455 10161 7648 10161 8578 10303 1112 10160 7222 10233 -1 
3070 1781950511 1781950511 0 2664028 5154 10419 9810 10419 9810 10419 5154 10419 9344 10419 -1 
3073 1781950511 1781950511 0 2670542 6357 10057 3960 10492 6101 10181 3129 10357 9826 10635 -1 
3135 1781950511 1781950511 0 2674539 10727 460 10644 9402 10188 1757 10188 449 10188 4675 -1 
3137 1781950511 1781950511 0 2677301 5441 10515 2591 10161 7886 10191 4352 10161 3008 10181 -1 
3207 1781950511 1781950511 0 2669402 10383 7535 10341 9049 10537 6173 10537 7116 10515 9761 -1 
3212 1781950511 1781950511 0 2676771 9329 10383 7976 10814 7638 10300 2556 10513 2556 10403 -1 
3250 1781950511 1781950511 0 2668668 1506 10161 7886 10339 1480 10583 7145 10524 8986 10524 -1 
3265 1781950511 1781950511 0 2663192 10471 4252 10471 9800 10046 9962 10046 9962 10046 6769 -1 
3288 1781950511 1781950511 0 2675497 1821 10194 1507 10191 455 10191 7886 10161 4352 10191 -1 
3307 1781950511 1781950511 0 2666575 5667 10537 6492 10471 5593 10370 7902 10102 7638 10814 -1 
3317 1781950511 1781950511 0 2673287 8512 10233 9245 10163 361 10524 9551 10464 1535 10388 -1 
3320 1781950511 1781950511 0 2677756 10569 5654 10046 354 10046 9402 10233 7222 10046 4014 -1 
3328 1781950511 1781950511 0 2674297 19 10471 2807 10361 2656 10505 2556 10600 7496 10203 -1 
3398 1781950511 1781950511 0 2675145 95 10061 9326 10170 8986 10145 4305 10145 9947 10404 -1 
3443 1781950511 1781950511 0 2671116 7466 10046 8725 10527 3833 10612 241 10339 7886 10339 -1 
3448 1781950511 1781950511 0 2673854 9505 10046 7374 10046 4546 10046 9881 10170 9947 10145 -1 
3472 1781950511 1781950511 0 2670130 6290 10046 7124 10046 9886 10600 2556 10169 3498 10919 -1 
3517 1781950511 1781950511 0 2673223 1537 10713 7059 10161 9837 10456 4378 10456 9551 10370 -1 
3533 1781950511 1781950511 0 2671116 10336 4858 10336 3833 10527 3833 10612 1819 10339 7886 -1 
3545 1781950511 1781950511 0 2672754 17 10300 3711 10102 6156 10102 241 10164 2556 10171 -1 
3563 1781950511 1781950511 0 2678098 569 10227 569 10007 1737 10007 4438 10007 2462 10007 -1 
3568 1781950511 1781950511 0 2673402 1537 10515 2273 10515 1535 10635 3224 10635 9826 10636 -1 
3585 1781950511 1781950511 0 2672802 3350 10160 7638 10388 5539 10518 9761 10513 2556 10160 -1 
3695 1781950511 1781950511 0 2677301 10575 1241 10619 8414 10414 3481 10367 9402 10181 3008 -1 
3700 1781950511 1781950511 0 2673223 2799 10028 9685 10028 9667 10028 7337 10273 9551 10370 -1 
3737 1781950511 1781950511 0 2674539 1864 10582 9253 10615 2650 10241 1542 10188 4675 10188 -1 
3739 1781950511 1781950511 0 2675497 10619 5076 10164 3573 10161 4144 10181 6154 10191 4352 -1 
3765 1781950511 1781950511 0 2674297 9498 10057 9599 10456 9470 10160 2556 10600 7496 10203 -1 
3769 1781950511 1781950511 0 2671581 4940 10370 2171 10171 6313 10123 8552 10123 8552 10819 -1 
3771 1781950511 1781950511 0 2664673 5018 10046 9163 10167 3328 10527 3833 10612 1819 10644 -1 
3773 1781950511 1781950511 0 2677301 10025 1428 10025 3807 10025 40 10025 4048 10181 3008 -1 
3776 1781950511 1781950511 0 2671675 5539 10388 7247 10367 2591 10233 9721 10233 9402 10367 -1 
3782 1781950511 1781950511 0 2661482 8552 10171 4511 10819 2214 10123 9754 10170 9617 10501 -1 
3806 1781950511 1781950511 0 2667707 10171 5216 10527 8046 10164 5940 10188 449 10188 1757 -1 
3814 1781950511 1781950511 0 2673052 9505 10233 5740 10164 4886 10383 7648 10505 2556 10337 -1 
3882 1781950511 1781950511 0 2601736 10501 2778 10612 7247 10619 5371 10164 4886 10583 3345 -1 
3888 1781950511 1781950511 0 2677947 9479 10015 7662 10015 150 10047 150 10047 150 10015 -1 
3913 1781950511 1781950511 0 2666164 10480 8613 10575 3711 10163 1177 10416 7854 10583 3188 -1 
3980 1781950511 1781950511 0 2615151 1731 10046 2755 10046 71 10233 6683 10510 1904 10569 -1 
4077 1781950511 1781950511 0 2677041 10160 5441 10802 9954 10695 8989 10233 7222 10046 1409 -1 
4102 1781950511 1781950511 0 2676624 8474 10802 6171 10367 4119 10473 9383 10535 9625 10405 -1 
4113 1781950511 1781950511 0 2673169 9471 10233 9250 10163 6068 10046 5654 10337 2556 10513 -1 
4154 1781950511 1781950511 0 2669815 9738 10747 9103 10194 2909 10241 6026 10013 6430 10167 -1 
4171 1781950511 1781950511 0 2676771 6624 10368 1819 10339 356 10896 9761 10513 2556 10403 -1 
4191 1781950511 1781950511 0 2672938 8819 10102 1480 10505 6600 10473 2556 10171 2556 10169 -1 
4259 1781950511 1781950511 0 2675922 9141 10583 6683 10046 803 10046 8512 10046 9947 10583 -1 
4331 1781950511 1781950511 0 2672802 9294 10161 8992 10102 8992 10102 7638 10300 2556 10160 -1 
4345 1781950511 1781950511 0 2673169 1158 10046 8819 10046 7615 10046 5654 10337 2556 10513 -1 
4408 1781950511 1781950511 0 2676556 1534 10234 7547 10234 599 10234 599 10234 7547 10234 -1 
4448 1781950511 1781950511 0 2675145 7078 10203 1640 10046 6068 10046 9962 10046 9947 10404 -1 
4450 1781950511 1781950511 0 2675010 9186 10164 5127 10075 4928 10075 9770 10075 9770 10075 -1 
4486 1781950511 1781950511 0 2675145 4087 10163 9245 10170 3188 10145 4305 10145 9947 10404 -1 
4492 1781950511 1781950511 0 2672802 1606 10480 8613 10713 5076 10619 2556 10510 2556 10160 -1 
4506 1781950511 1781950511 0 2676279 43 10027 8004 10027 8004 10027 416 10027 43 10027 -1 
4582 1781950511 1781950511 0 2662984 10619 7081 10403 6377 10403 1658 10473 3329 10636 8474 -1 
4635 1781950511 1781950511 0 2668668 9800 10046 9416 10046 1207 10046 361 10524 8986 10524 -1 
4662 1781950511 1781950511 0 2672846 10713 8613 10508 7692 10181 7951 10368 3581 10368 3737 -1 
4665 1781950511 1781950511 0 2662006 10849 5586 10161 6256 10014 7739 10014 7829 10583 7383 -1 
4688 1781950511 1781950511 0 2678139 4823 10046 7571 10046 6683 10510 241 10597 9929 10164 -1 
4713 1781950511 1781950511 0 2678362 8324 10010 7569 10010 3886 10010 552 10010 2916 10010 -1 
4724 1781950511 1781950511 0 2662735 5796 10802 5145 10161 356 10337 9678 10542 5079 10699 -1 
4756 1781950511 1781950511 0 2678145 10952 537 10015 2073 10015 1090 10015 135 10044 7676 -1 
4760 1781950511 1781950511 0 2676771 8464 10161 4529 10781 6101 10359 6101 10194 2556 10403 -1 
4788 1781950511 1781950511 0 2678139 10302 7641 10188 4675 10188 9383 10491 4804 10164 9929 -1 
4827 1781950511 1781950511 0 2672846 5681 10583 6870 10314 4348 10713 4144 10164 3737 10368 -1 
4875 1781950511 1781950511 0 2678098 1138 10007 5435 10007 2462 10007 2462 10007 2462 10007 -1 
4908 1781950511 1781950511 0 2673291 9030 10367 9912 10613 5940 10575 9761 10515 1535 10515 -1 
5000 1781950511 1781950511 0 2673064 10357 7714 10188 1757 10188 5796 10802 2556 10613 9294 -1 
5151 1781950511 1781950511 0 2675145 8512 10046 3654 10046 9878 10046 3188 10583 9947 10404 -1 
5161 1781950511 1781950511 0 2674223 4965 10282 6114 10046 8512 10046 9881 10170 7496 10600 -1 
5207 1781950511 1781950511 0 2677947 4500 10015 150 10015 1520 10015 191 10015 150 10015 -1 
5218 1781950511 1781950511 0 2672846 10619 3573 10642 7249 10600 1819 10368 3581 10368 3737 -1 
5222 1781950511 1781950511 0 2675145 7494 10013 9469 10203 9868 10013 7383 10583 9947 10404 -1 
5287 1781950511 1781950511 0 2673304 9351 10404 8863 10695 372 10241 2295 10241 9569 10502 -1 
5305 1781950511 1781950511 0 2666707 10508 7035 10164 1232 10368 3581 10368 1819 10194 3496 -1 
5309 1781950511 1781950511 0 2674297 7339 10727 9761 10607 1112 10160 2556 10600 7496 10203 -1 
5345 1781950511 1781950511 0 2671116 1293 10163 5266 10163 9841 10163 7116 10817 7886 10339 -1 
5352 1781950511 1781950511 0 2673393 8032 10046 95 10046 3328 10505 6738 10378 6107 10378 -1 
5376 1781950511 1781950511 0 2666575 4893 10802 7141 10471 2998 10583 5593 10160 7638 10814 -1 
5415 1781950511 1781950511 0 2651236 10758 4413 10233 3942 10188 4675 10188 449 10188 3775 -1 
5447 1781950511 1781950511 0 2642990 2962 10102 8613 10473 9103 10368 3581 10368 9738 10950 -1 
5567 1781950511 1781950511 0 2675922 7664 10102 3257 10404 1640 10046 9962 10046 9947 10583 -1 
5585 1781950511 1781950511 0 2674174 10782 9103 10171 8831 10404 6390 10367 9402 10181 1232 -1 
5657 1781950511 1781950511 0 2678362 9897 10010 485 10010 274 10010 563 10010 2916 10010 -1 
5694 1781950511 1781950511 0 2678362 4699 10010 3659 10010 8052 10010 552 10010 2916 10010 -1 
5747 1781950511 1781950511 0 2676771 669 10046 5266 10163 9164 10337 2556 10513 2556 10403 -1 
5750 1781950511 1781950511 0 2671794 9273 10161 5940 10233 8512 10339 7648 10505 2556 10642 -1 
5806 1781950511 1781950511 0 2673223 10727 4461 10727 6738 10802 5593 10181 4048 10370 9551 -1 
5841 1781950511 1781950511 0 2673291 1279 10203 9868 10013 7548 10013 2372 10388 1535 10515 -1 
5849 1781950511 1781950511 0 2660039 2962 10102 8613 10642 6171 10308 101 10876 4291 10120 -1 
5883 1781950511 1781950511 0 2673052 3382 10163 9784 10163 9250 10233 6683 10510 2556 10337 -1 
5892 1781950511 1781950511 0 2674297 5509 10233 3257 10233 8989 10046 3188 10170 7496 10203 -1 
5901 1781950511 1781950511 0 2678318 10026 2223 10026 4658 10026 1081 10026 1081 10026 4658 -1 
5962 1781950511 1781950511 0 2666325 10169 6101 10612 7249 10747 6964 10727 9761 10607 372 -1 
5964 1781950511 1781950511 0 2676321 2214 10524 3356 10404 1640 10145 5685 10471 6541 10302 -1 
5977 1781950511 1781950511 0 2676771 3833 10527 2807 10471 2556 10510 2556 10171 2556 10403 -1 
5985 1781950511 1781950511 0 2672846 85 10636 4886 10164 4886 10164 5650 10164 3737 10368 -1 
3114 1781950511 1781950511 0 2664935 6621 10470 4144 10367 5802 10367 8549 10367 6104 10367 9273 -1 
3121 1781950511 1781950511 0 2663192 9869 10061 9841 10163 6068 10046 8989 10046 7571 10046 6769 -1 
3138 1781950511 1781950511 0 2659897 8292 10046 9880 10282 9557 10282 8989 10233 9721 10102 7902 -1 
3249 1781950511 1781950511 0 2676854 855 10010 7569 10010 303 10010 7569 10010 509 10010 9101 -1 
3282 1781950511 1781950511 0 2677756 9036 10046 7124 10046 6617 10046 803 10046 9962 10046 4014 -1 
3346 1781950511 1781950511 0 2678362 4332 10010 1172 10010 9419 10010 7569 10010 303 10010 2916 -1 
3363 1781950511 1781950511 0 2675990 28 10020 1040 10020 2324 10143 893 10143 2324 10143 28 -1 
3376 1781950511 1781950511 0 2677041 4146 10046 1207 10046 361 10163 361 10163 391 10046 1409 -1 
3403 1781950511 1781950511 0 2678362 509 10010 909 10010 941 10010 9101 10010 1554 10010 2916 -1 
3416 1781950511 1781950511 0 2675922 4798 10046 9993 10046 8512 10046 9881 10170 9947 10583 9947 -1 
3464 1781950511 1781950511 0 2651421 7057 10013 4082 10013 9469 10203 8661 10046 212 10046 1577 -1 
3477 1781950511 1781950511 0 2667873 7744 10919 8505 10192 356 10612 479 10170 3188 10046 7653 -1 
3488 1781950511 1781950511 0 2674174 3000 10057 1281 10456 9470 10161 6516 10164 4048 10181 1232 -1 
3496 1781950511 1781950511 0 2676279 498 10027 43 10027 416 10027 43 10027 9895 10027 43 -1 
3507 1781950511 1781950511 0 2674184 10615 3009 10046 7466 10046 5186 10170 9881 10170 7496 10607 -1 
3515 1781950511 1781950511 0 2638840 1820 10046 198 10145 1279 10145 9947 10170 4836 10524 7145 -1 
3524 1781950511 1781950511 0 2671800 7395 10123 9471 10046 354 10046 6430 10170 9732 10480 6779 -1 
3535 1781950511 1781950511 0 2673291 9119 10896 6101 10359 6101 10370 2795 10161 1535 10515 1535 -1 
3562 1781950511 1781950511 0 2676279 7620 10027 8004 10027 43 10027 43 10027 9895 10027 43 -1 
3596 1781950511 1781950511 0 2678365 5681 10046 9831 10734 3573 10405 2092 10025 1428 10025 123 -1 
3609 1781950511 1781950511 0 2677041 7269 10046 9003 10046 9962 10046 9947 10163 391 10046 1409 -1 
3611 1781950511 1781950511 0 2677947 1910 10015 4201 10015 150 10015 1090 10015 135 10015 150 -1 
3619 1781950511 1781950511 0 2675145 10726 9698 10046 9800 10046 6290 10233 3942 10583 9947 10404 -1 
3624 1781950511 1781950511 0 2677896 7193 10015 191 10015 150 10015 150 10015 1090 10015 135 -1 
3675 1781950511 1781950511 0 2661818 8207 10057 9498 10057 4315 10414 1328 10414 1328 10414 3481 -1 
3681 1781950511 1781950511 0 2675922 4378 10456 7725 10527 9732 10480 9732 10170 9947 10583 9947 -1 
3691 1781950511 1781950511 0 2677110 3357 10025 2047 10025 9596 10025 3357 10025 3357 10057 6480 -1 
3719 1781950511 1781950511 0 2678362 6298 10010 9101 10010 9825 10010 303 10010 274 10010 2916 -1 
3720 1781950511 1781950511 0 2673807 10359 4529 10359 6781 10194 6781 10181 4352 10161 4048 10456 -1 
3764 1781950511 1781950511 0 2662006 7668 10046 8145 10046 1640 10145 294 10502 9754 10583 7383 -1 
3789 1781950511 1781950511 0 2673304 3998 10382 1323 10382 1532 10583 1480 10102 1480 10502 9569 -1 
3790 1781950511 1781950511 0 2678362 7685 10010 1554 10010 369 10010 3886 10010 1554 10010 2916 -1 
3791 1781950511 1781950511 0 2676607 563 10010 5937 10010 9897 10010 3886 10010 369 10010 3399 -1 
3857 1781950511 1781950511 0 2575620 2778 10612 4868 10612 8609 10339 9866 10613 5709 10707 7156 -1 
3894 1781950511 1781950511 0 2673705 7266 10382 2823 10046 354 10046 71 10233 7222 10046 9800 -1 
3911 1781950511 1781950511 0 2675494 1480 10505 2556 10473 9668 10404 8992 10233 3942 10383 3945 -1 
3986 1781950511 1781950511 0 2676556 10777 101 10428 7547 10234 599 10234 599 10234 7547 10234 -1 
3999 1781950511 1781950511 0 2676719 9712 10046 361 10046 9343 10046 9962 10046 9962 10046 391 -1 
4058 1781950511 1781950511 0 2674297 460 10161 8613 10491 2117 10473 2556 10171 2372 10203 7496 -1 
4067 1781950511 1781950511 0 2659660 6152 10046 1659 10046 4548 10046 8027 10046 3354 10046 7571 -1 
4143 1781950511 1781950511 0 2677301 5699 10046 9878 10046 9962 10046 71 10233 9402 10181 3008 -1 
4175 1781950511 1781950511 0 2674174 1640 10404 7057 10046 9962 10046 71 10233 9402 10181 1232 -1 
4196 1781950511 1781950511 0 2677756 9622 10046 9564 10046 9880 10046 6114 10046 8512 10046 4014 -1 
4298 1781950511 1781950511 0 2671614 8791 10167 9800 10046 8462 10046 9881 10170 8986 10145 4305 -1 
4398 1781950511 1781950511 0 2671385 2829 10203 1577 10203 7496 10170 7902 10102 3257 10480 9732 -1 
4412 1781950511 1781950511 0 2677100 4792 10117 7440 10910 5015 10011 3286 10072 119 10072 1669 -1 
4445 1781950511 1781950511 0 2678293 9235 10167 9800 10046 7615 10046 9881 10170 9947 10046 4834 -1 
4496 1781950511 1781950511 0 2678293 3188 10046 9934 10046 803 10046 9962 10046 1409 10046 4834 -1 
4521 1781950511 1781950511 0 2677947 6174 10015 8822 10015 9838 10015 150 10015 135 10015 150 -1 
4550 1781950511 1781950511 0 2677440 5292 10010 732 10010 4494 10010 9825 10010 274 10010 1554 -1 
4585 1781950511 1781950511 0 2521677 4965 10282 767 10282 9924 10473 9954 10361 6991 10282 767 -1 
4663 1781950511 1781950511 0 2659073 9174 10310 4734 10310 7191 10510 1655 10046 9993 10046 9592 -1 
4766 1781950511 1781950511 0 2673705 5186 10145 7374 10046 7269 10046 9163 10046 9962 10046 9800 -1 
4785 1781950511 1781950511 0 2648535 5336 10194 455 10192 8046 10527 6101 10612 2556 10613 7367 -1 
4816 1781950511 1781950511 0 2664935 3929 10367 7247 10527 8455 10181 1904 10161 2795 10367 9273 -1 
4902 1781950511 1781950511 0 2673402 9108 10404 8831 10524 294 10502 1480 10473 3329 10636 9826 -1 
4924 1781950511 1781950511 0 2678362 1116 10366 8843 10010 1239 10010 303 10010 941 10010 2916 -1 
4927 1781950511 1781950511 0 2662535 4734 10636 4886 10383 4886 10525 2556 10502 9754 10583 7854 -1 
4956 1781950511 1781950511 0 2672989 71 10046 9416 10046 9934 10046 5023 10046 8661 10203 2372 -1 
4999 1781950511 1781950511 0 2673497 112 10067 6793 10710 3369 10072 364 10072 119 10072 4220 -1 
5001 1781950511 1781950511 0 2671385 4876 10046 7571 10046 361 10170 9732 10480 9732 10480 9732 -1 
5024 1781950511 1781950511 0 2677041 9592 10167 4058 10167 8791 10524 8637 10046 9962 10046 1409 -1 
5029 1781950511 1781950511 0 2657049 8977 10046 71 10046 7269 10046 5720 10046 8145 10046 9993 -1 
5039 1781950511 1781950511 0 2672276 4368 10583 9668 10802 3573 10583 7383 10013 6430 10046 7222 -1 
5048 1781950511 1781950511 0 2663948 6156 10505 4511 10819 2214 10123 9754 10502 8249 10046 151 -1 
5069 1781950511 1781950511 0 2678098 5647 10007 1563 10007 1138 10007 4438 10007 2462 10007 2462 -1 
5095 1781950511 1781950511 0 2675922 4083 10046 5837 10167 4798 10046 2829 10013 7383 10583 9947 -1 
5110 1781950511 1781950511 0 2675010 6820 10075 4928 10075 4121 10075 186 10075 9770 10075 9770 -1 
5142 1781950511 1781950511 0 2670146 6870 10583 1777 10583 4368 10583 8281 10233 9721 10233 71 -1 
5150 1781950511 1781950511 0 2663915 6617 10336 4858 10336 7363 10013 8418 10013 9560 10013 8637 -1 
5284 1781950511 1781950511 0 2673705 9826 10796 5878 10167 2362 10167 9800 10046 9962 10046 9800 -1 
5327 1781950511 1781950511 0 2669183 9100 10046 9012 10170 294 10502 9954 10695 8989 10203 8661 -1 
5364 1781950511 1781950511 0 2662535 5673 10046 6114 10046 9000 10123 2214 10123 9754 10583 7854 -1 
5371 1781950511 1781950511 0 2672732 1282 10046 6852 10145 9612 10046 151 10046 9962 10046 9962 -1 
5409 1781950511 1781950511 0 2584082 6362 10170 9346 10046 9297 10046 151 10046 8853 10046 4979 -1 
5498 1781950511 1781950511 0 2673807 10740 2646 10505 9470 10456 4378 10456 7846 10456 4048 10456 -1 
5501 1781950511 1781950511 0 2674844 8221 10473 3101 10145 8637 10167 9163 10046 8249 10046 1361 -1 
5527 1781950511 1781950511 0 2669219 8959 10471 9781 10368 9728 10368 9728 10368 1819 10368 3581 -1 
5582 1781950511 1781950511 0 2650586 4511 10171 7263 10747 5673 10046 1409 10046 9886 10046 5023 -1 
5592 1781950511 1781950511 0 2653014 1655 10181 3030 10181 3129 10357 3129 10181 6101 10359 9383 -1 
5605 1781950511 1781950511 0 2669264 2829 10203 1577 10474 6171 10802 5796 10802 6738 10378 6519 -1 
5616 1781950511 1781950511 0 2659897 9734 10046 1557 10046 8027 10046 3009 10233 9721 10102 7902 -1 
5637 1781950511 1781950511 0 2674297 10474 7035 10471 8725 10112 9164 10163 361 10170 7496 10203 -1 
5659 1781950511 1781950511 0 2676624 10706 5539 10388 4867 10510 241 10597 9929 10535 9625 10405 -1 
5665 1781950511 1781950511 0 2676763 119 10072 8668 10072 6443 10015 1090 10015 135 10015 5007 -1 
5701 1781950511 1781950511 0 2677224 7757 10072 119 10072 1575 10072 119 10072 119 10072 364 -1 
5710 1781950511 1781950511 0 2673402 7395 10233 9860 10170 7116 10515 3257 10498 294 10636 9826 -1 
5737 1781950511 1781950511 0 2648456 6820 10172 7010 10172 3095 10172 9368 10172 8575 10172 6559 -1 
5764 1781950511 1781950511 0 2677041 9816 10600 2362 10046 6430 10046 9947 10163 391 10046 1409 -1 
5865 1781950511 1781950511 0 2664614 6527 10402 9866 10819 2214 10378 6107 10378 6738 10367 6104 -1 
5876 1781950511 1781950511 0 2633919 10575 1492 10471 2664 10471 4119 10181 6928 10359 6101 10781 -1 
5890 1781950511 1781950511 0 2673807 4508 10368 1819 10612 3498 10161 1232 10161 4048 10456 4048 -1 
5913 1781950511 1781950511 0 2642159 3002 10656 3660 10656 4045 10010 2916 10010 509 10010 2507 -1 
5942 1781950511 1781950511 0 2670175 6811 10046 3654 10046 2224 10046 9962 10046 9962 10046 8512 -1 
5983 1781950511 1781950511 0 2668689 6152 10046 4146 10046 9250 10046 9962 10046 8989 10046 9880 -1 
3197 1781950511 1781950511 0 2676624 10169 6171 10814 3339 10569 9761 10161 8863 10181 9470 10405 9625 -1 
3257 1781950511 1781950511 0 2677199 7449 10072 9766 10072 8760 10072 0 10000 0 10000 0 10000 -1 
3424 1781950511 1781950511 0 2673052 8474 10583 5593 10505 4940 10339 7886 10161 3498 10169 2556 10337 -1 
3998 1781950511 1781950511 0 2677945 10275 737 10072 119 10072 9798 10072 307 10072 119 10072 119 -1 
4004 1781950511 1781950511 0 2675922 7642 10046 8819 10046 5266 10163 3711 10163 6068 10163 9947 10583 -1 
4025 1781950511 1781950511 0 2670727 10102 3711 10537 5667 10537 5667 10057 9599 10057 9387 10057 9387 -1 
4107 1781950511 1781950511 0 2675922 8163 10046 9886 10046 6068 10046 354 10046 9962 10046 9947 10583 -1 
4184 1781950511 1781950511 0 2668316 10015 424 10015 9935 10121 9092 10090 7129 10340 8144 10340 4702 -1 
4247 1781950511 1781950511 0 2676771 9037 10161 356 10164 4119 10367 6738 10164 2556 10194 2556 10403 -1 
4251 1781950511 1781950511 0 2674297 7247 10233 8281 10233 8281 10233 7222 10046 9881 10170 7496 10203 -1 
4289 1781950511 1781950511 0 2671405 3481 10414 4315 10414 1328 10341 1112 10160 2556 10164 4804 10681 -1 
4308 1781950511 1781950511 0 2674522 10102 9598 10370 9668 10014 1607 10014 7739 10707 9294 10613 4684 -1 
4323 1781950511 1781950511 0 2675922 6156 10164 5145 10164 2556 10341 6142 10502 9754 10583 9947 10583 -1 
4433 1781950511 1781950511 0 2677301 10194 2909 10241 2295 10241 372 10607 1232 10161 4352 10181 3008 -1 
4443 1781950511 1781950511 0 2664145 10896 6101 10542 356 10527 9759 10181 1904 10161 3129 10357 3129 -1 
4519 1781950511 1781950511 0 2658409 10028 45 10028 2351 10028 2351 10028 9667 10028 9685 10028 2351 -1 
4555 1781950511 1781950511 0 2678098 182 10007 1737 10007 1737 10007 1737 10007 2462 10007 2462 10007 -1 
4647 1781950511 1781950511 0 2676624 8309 10471 241 10383 9551 10169 8959 10337 6101 10535 9625 10405 -1 
4757 1781950511 1781950511 0 2678362 3779 10010 8981 10010 7569 10010 7933 10010 3886 10010 2916 10010 -1 
4845 1781950511 1781950511 0 2666575 4868 10473 8545 10473 5593 10706 3929 10300 5431 10300 7638 10814 -1 
5047 1781950511 1781950511 0 2676771 4249 10747 9759 10527 8959 10194 6101 10492 9761 10513 2556 10403 -1 
5211 1781950511 1781950511 0 2676624 2357 10046 1731 10046 6430 10160 3118 10597 9929 10535 9625 10405 -1 
5301 1781950511 1781950511 0 2674174 10357 3515 10357 3329 10491 4804 10164 6552 10367 9402 10181 1232 -1 
5347 1781950511 1781950511 0 2677199 7252 10910 7914 10117 207 10015 0 10000 0 10000 0 10000 -1 
5367 1781950511 1781950511 0 2670327 9841 10163 9250 10233 8992 10404 7059 10713 9732 10713 9569 10527 -1 
5433 1781950511 1781950511 0 2675145 4836 10524 2273 10145 9327 10145 7642 10046 7222 10046 9947 10404 -1 
5438 1781950511 1781950511 0 2661482 8297 10046 9622 10046 9970 10575 9954 10695 9329 10695 9617 10501 -1 
5457 1781950511 1781950511 0 2673291 7035 10181 3008 10161 4352 10181 1904 10404 5593 10515 1535 10515 -1 
5493 1781950511 1781950511 0 2677301 10501 2778 10612 9775 10164 4249 10164 7714 10367 9402 10181 3008 -1 
5497 1781950511 1781950511 0 2671385 10802 5509 10802 7592 10802 7577 10171 3188 10170 9732 10480 9732 -1 
5544 1781950511 1781950511 0 2671116 3123 10203 1640 10145 1640 10233 9222 10161 40 10161 7886 10339 -1 
5599 1781950511 1781950511 0 2674361 10597 3118 10160 9470 10456 4986 10456 2092 10025 1428 10025 3014 -1 
5677 1781950511 1781950511 0 2673807 5165 10025 4897 10025 6279 10025 4378 10456 7846 10456 4048 10456 -1 
5693 1781950511 1781950511 0 2669815 2891 10164 5588 10046 9892 10046 9934 10046 8637 10013 6430 10167 -1 
5758 1781950511 1781950511 0 2672754 2556 10164 4119 10473 8545 10014 2556 10619 2556 10510 2556 10171 -1 
5803 1781950511 1781950511 0 2676771 9082 10046 9686 10046 803 10046 9947 10160 2556 10513 2556 10403 -1 
5868 1781950511 1781950511 0 2660009 524 10161 9775 10359 9103 10368 9656 10368 7951 10181 8578 10192 -1 
5915 1781950511 1781950511 0 2677947 6457 10072 8073 10072 0 10015 135 10015 191 10015 150 10015 -1 
5932 1781950511 1781950511 0 2677444 9431 10044 359 10044 359 10044 135 10015 6510 10090 7710 10090 -1 
3028 1781950511 1781950511 0 2642493 4073 10046 5588 10164 2556 10164 4986 10491 4368 10491 7638 10388 2829 -1 
3087 1781950511 1781950511 0 2677947 7999 10210 5629 10015 150 10015 135 10044 359 10044 135 10015 150 -1 
3217 1781950511 1781950511 0 2670048 8800 10046 1158 10046 7374 10145 1640 10404 1640 10642 8839 10367 6552 -1 
3227 1781950511 1781950511 0 2673910 2184 10456 4986 10699 9924 10508 9677 10339 7648 10505 2556 10194 3606 -1 
3274 1781950511 1781950511 0 2665595 10896 7035 10181 7427 10492 3960 10492 9222 10161 6516 10164 1328 10414 -1 
3324 1781950511 1781950511 0 2677301 8831 10525 4886 10505 7648 10583 1777 10515 1535 10161 4352 10181 3008 -1 
3390 1781950511 1781950511 0 2678361 1663 10010 41 10010 1770 10010 369 10010 563 10010 1554 10010 303 -1 
3433 1781950511 1781950511 0 2678293 9237 10046 7642 10046 2224 10046 9962 10046 9947 10163 391 10046 4834 -1 
3468 1781950511 1781950511 0 2673291 1864 10013 4469 10160 2169 10819 9678 10569 1904 10404 1535 10515 1535 -1 
3509 1781950511 1781950511 0 2678293 803 10046 3810 10046 5699 10046 9881 10046 2433 10046 9962 10046 4834 -1 
3686 1781950511 1781950511 0 2669938 798 10184 1158 10046 7057 10046 6363 10046 5023 10046 3188 10170 6430 -1 
3722 1781950511 1781950511 0 2674539 449 10188 449 10188 7057 10583 8839 10636 5940 10188 449 10188 4675 -1 
3752 1781950511 1781950511 0 2678139 7384 10090 9887 10020 4149 10020 28 10143 1112 10681 4804 10164 9929 -1 
3797 1781950511 1781950511 0 2670391 8371 10192 455 10161 6781 10181 3129 10357 9383 10491 4804 10310 8283 -1 
3801 1781950511 1781950511 0 2675497 10758 1904 10161 7059 10161 9222 10161 9037 10161 9402 10181 4352 10191 -1 
3856 1781950511 1781950511 0 2675922 10734 8371 10501 7249 10513 6516 10161 7648 10383 3942 10583 9947 10583 -1 
4041 1781950511 1781950511 0 2677756 9245 10046 8989 10046 9962 10046 9881 10170 9947 10163 391 10046 4014 -1 
4083 1781950511 1781950511 0 2640523 4940 10339 7363 10167 9186 10164 3573 10802 8474 10802 2556 10510 4867 -1 
4096 1781950511 1781950511 0 2677440 3779 10010 12 10010 1335 10010 1797 10010 369 10010 8981 10010 1554 -1 
4111 1781950511 1781950511 0 2673169 10169 6101 10194 3498 10161 4048 10681 2819 10383 7648 10505 2556 10513 -1 
4215 1781950511 1781950511 0 2677041 5014 10046 1659 10046 8721 10046 8637 10013 6430 10170 9947 10046 1409 -1 
4254 1781950511 1781950511 0 2674522 9892 10046 1731 10123 2616 10014 1607 10014 7739 10707 9294 10613 4684 -1 
4285 1781950511 1781950511 0 2676458 8969 10044 69 10044 359 10044 359 10044 359 10044 135 10015 1090 -1 
4356 1781950511 1781950511 0 2669938 8163 10046 9641 10046 5588 10046 9993 10046 2433 10046 3188 10170 6430 -1 
4367 1781950511 1781950511 0 2672938 10699 4508 10194 5641 10194 1819 10339 7648 10505 2556 10510 2556 10169 -1 
4371 1781950511 1781950511 0 2678139 9656 10368 9781 10368 1821 10368 8046 10161 6516 10164 4804 10164 9929 -1 
4483 1781950511 1781950511 0 2670802 7828 10010 3720 10010 473 10010 7569 10010 3659 10010 41 10010 9503 -1 
4548 1781950511 1781950511 0 2674361 7356 10025 880 10057 880 10057 123 10025 4897 10057 3357 10025 3014 -1 
4554 1781950511 1781950511 0 2675497 7601 10046 6114 10282 6114 10046 9402 10161 4352 10181 4352 10191 4352 -1 
4636 1781950511 1781950511 0 2673705 9036 10046 9630 10046 7190 10046 9934 10046 9962 10046 9962 10046 9800 -1 
4753 1781950511 1781950511 0 2671800 4281 10046 9164 10163 9841 10163 6290 10170 9732 10480 9732 10480 6779 -1 
4783 1781950511 1781950511 0 2676607 3252 10010 4545 10010 18 10010 3605 10010 274 10010 9446 10010 3399 -1 
4784 1781950511 1781950511 0 2677301 2829 10013 2176 10814 3339 10300 6257 10896 2582 10161 1232 10181 3008 -1 
4790 1781950511 1781950511 0 2675922 2020 10541 1480 10583 7247 10491 2616 10491 1492 10583 9804 10583 9947 -1 
4826 1781950511 1781950511 0 2678362 3983 10010 303 10010 41 10010 6933 10010 8981 10010 303 10010 2916 -1 
5010 1781950511 1781950511 0 2674844 457 10170 9861 10583 8831 10013 9560 10013 5126 10170 9881 10046 1361 -1 
5030 1781950511 1781950511 0 2677947 7018 10044 359 10044 135 10044 359 10044 359 10044 135 10015 150 -1 
5041 1781950511 1781950511 0 2676719 8819 10046 8241 10046 8853 10046 9000 10046 6725 10046 9962 10046 391 -1 
5170 1781950511 1781950511 0 2672905 8910 10508 1480 10502 9470 10405 2671 10057 3357 10025 3357 10025 1428 -1 
5198 1781950511 1781950511 0 2669938 7222 10046 3041 10046 7571 10046 4979 10046 8989 10046 3188 10170 6430 -1 
5217 1781950511 1781950511 0 2672905 4146 10046 9934 10046 7037 10160 3118 10597 1112 10025 3357 10025 1428 -1 
5281 1781950511 1781950511 0 2672732 3810 10046 7319 10046 9970 10046 9234 10046 2224 10046 8512 10046 9962 -1 
5356 1781950511 1781950511 0 2677440 2365 10010 773 10010 4699 10010 9825 10010 1554 10010 9446 10010 1554 -1 
5397 1781950511 1781950511 0 2675990 9606 10020 28 10143 2324 10143 2324 10143 2852 10143 3825 10143 28 -1 
5411 1781950511 1781950511 0 2674361 1895 10025 9043 10025 4897 10025 4897 10057 3357 10025 3357 10025 3014 -1 
5463 1781950511 1781950511 0 2676771 10583 2819 10164 2556 10473 9761 10607 1112 10160 2556 10160 2556 10403 -1 
5479 1781950511 1781950511 0 2674174 6114 10282 9860 10817 3515 10357 1122 10357 3129 10357 3129 10181 1232 -1 
5749 1781950511 1781950511 0 2673910 1266 10621 241 10161 6781 10181 3129 10181 9946 10681 2556 10194 3606 -1 
5793 1781950511 1781950511 0 2675922 6362 10170 9754 10046 9869 10046 6617 10046 354 10046 9947 10583 9947 -1 
5829 1781950511 1781950511 0 2665148 4882 10072 9520 10015 135 10044 359 10044 359 10044 359 10044 2038 -1 
5842 1781950511 1781950511 0 2677041 9012 10046 9622 10046 9800 10046 8661 10046 8512 10046 9962 10046 1409 -1 
5920 1781950511 1781950511 0 2677947 864 10015 150 10015 150 10015 2128 10015 191 10015 135 10015 150 -1 
3094 1781950511 1781950511 0 2677947 9822 10240 5976 10015 135 10015 150 10015 150 10015 1090 10015 150 10015 -1 
3101 1781950511 1781950511 0 2675145 1820 10046 1409 10046 9564 10046 4595 10046 354 10046 9962 10046 9947 10404 -1 
3622 1781950511 1781950511 0 2675497 8038 10388 7638 10388 5554 10491 3329 10473 9383 10359 3129 10181 4352 10191 -1 
3625 1781950511 1781950511 0 2672754 6541 10302 7641 10302 6541 10583 8549 10367 5802 10471 7829 10014 2556 10171 -1 
3733 1781950511 1781950511 0 2676771 7837 10102 3548 10102 9030 10370 8414 10191 4352 10194 6101 10169 2556 10403 -1 
3934 1781950511 1781950511 0 2675497 9235 10335 7692 10181 4048 10164 1112 10607 1232 10161 4048 10181 4352 10191 -1 
4172 1781950511 1781950511 0 2668316 10121 1143 10090 646 10090 9173 10090 8144 10340 7129 10340 7129 10340 4702 -1 
4373 1781950511 1781950511 0 2670391 10367 6104 10367 7247 10367 9086 10802 2795 10636 5940 10681 4804 10310 8283 -1 
4390 1781950511 1781950511 0 2672117 3960 10339 1819 10194 1819 10194 6781 10359 8578 10303 1112 10160 7222 10233 -1 
4457 1781950511 1781950511 0 2672754 7224 10414 4315 10171 9759 10367 9617 10170 479 10170 2656 10505 2556 10171 -1 
4686 1781950511 1781950511 0 2673402 3067 10471 8545 10473 8545 10014 3329 10473 9383 10535 3129 10357 9826 10636 -1 
4825 1781950511 1781950511 0 2670542 8589 10046 9178 10046 9332 10046 9878 10046 9804 10583 3129 10357 9826 10635 -1 
4890 1781950511 1781950511 0 2677301 3654 10046 5588 10164 1112 10681 4048 10181 6781 10181 4048 10161 3008 10181 -1 
4949 1781950511 1781950511 0 2677110 10466 8613 10597 3118 10160 6552 10706 3573 10025 3357 10025 3357 10057 6480 -1 
5088 1781950511 1781950511 0 2675922 7059 10161 7648 10161 5940 10470 8700 10470 7638 10102 9721 10404 9947 10583 -1 
5139 1781950511 1781950511 0 2672136 6173 10537 6173 10537 5940 10470 8700 10470 8700 10470 7638 10300 2556 10505 -1 
5512 1781950511 1781950511 0 2676771 7668 10046 3654 10046 3654 10046 9962 10046 5654 10337 2556 10337 2556 10403 -1 
5598 1781950511 1781950511 0 2672117 4508 10699 9470 10169 6101 10359 8578 10161 7648 10505 2556 10160 7222 10233 -1 
5690 1781950511 1781950511 0 2675497 4087 10163 3711 10171 2556 10181 6154 10191 7886 10161 1232 10181 4352 10191 -1 
5774 1781950511 1781950511 0 2674297 1754 10203 9804 10013 5126 10170 2656 10505 2556 10510 2556 10600 7496 10203 -1 
5777 1781950511 1781950511 0 2668668 7561 10046 5126 10046 7571 10046 9800 10046 9163 10167 361 10524 8986 10524 -1 
3093 1781950511 1781950511 0 2677446 8324 10010 909 10010 3720 10010 6292 10010 6800 10010 2061 10010 8981 10010 552 -1 
3222 1781950511 1781950511 0 2659851 7837 10471 3393 10502 9759 10367 6171 10339 9329 10695 9418 10498 3257 10713 6404 -1 
3717 1781950511 1781950511 0 2677245 3659 10010 7530 10010 41 10010 941 10010 369 10010 274 10010 9936 10010 3886 -1 
3736 1781950511 1781950511 0 2677947 1495 10000 0 10000 0 10015 150 10015 9863 10015 150 10047 150 10015 150 -1 
3849 1781950511 1781950511 0 2673304 10734 1542 10241 9857 10241 9857 10241 9857 10241 372 10726 372 10241 9569 10502 -1 
4237 1781950511 1781950511 0 2668668 7141 10707 9294 10707 9860 10282 1323 10282 4965 10282 6114 10046 7222 10524 8986 -1 
4340 1781950511 1781950511 0 2677041 6528 10046 9332 10046 9880 10046 8512 10046 9962 10046 9947 10163 391 10046 1409 -1 
4449 1781950511 1781950511 0 2675922 8297 10046 9541 10046 6852 10046 1246 10046 8512 10046 9881 10170 9947 10583 9947 -1 
4975 1781950511 1781950511 0 2675922 294 10173 3345 10466 8555 10170 6430 10167 9592 10046 9962 10046 9947 10583 9947 -1 
5005 1781950511 1781950511 0 2673402 460 10518 2273 10583 7648 10161 7035 10014 1607 10014 7739 10014 3329 10636 9826 -1 
5061 1781950511 1781950511 0 2676719 3548 10102 3711 10145 294 10524 3328 10167 9592 10046 9881 10170 9947 10046 391 -1 
5620 1781950511 1781950511 0 2674174 4315 10025 880 10025 3807 10025 443 10057 4804 10164 6552 10367 9402 10181 1232 -1 
5646 1781950511 1781950511 0 2678293 1731 10046 391 10046 7615 10046 4595 10046 9962 10046 9947 10163 391 10046 4834 -1 
5680 1781950511 1781950511 0 2674297 10945 7449 10594 3587 10594 241 10102 9721 10233 7222 10046 9881 10170 7496 10203 -1 
5706 1781950511 1781950511 0 2677446 8671 10010 1335 10010 1797 10010 9825 10010 4494 10010 303 10010 9936 10010 552 -1 
3181 1781950511 1781950511 0 2678362 7245 10010 560 10010 274 10010 1554 10010 509 10010 1554 10010 1554 10010 2916 10010 -1 
3734 1781950511 1781950511 0 2660009 6430 10498 9816 10337 6171 10491 4368 10492 6101 10194 6101 10782 6101 10359 8578 10192 -1 
4082 1781950511 1781950511 0 2675497 9086 10527 8959 10370 7902 10102 8959 10782 241 10597 1112 10607 1232 10181 4352 10191 -1 
5148 1781950511 1781950511 0 2674297 5709 10707 4986 10164 4886 10525 4886 10492 6101 10169 2556 10505 2556 10600 7496 10203 -1 
3484 1781950511 1781950511 0 2672191 10341 2556 10612 356 10359 9103 10368 9728 10368 3581 10368 1819 10339 7648 10505 2556 10014 -1 
3956 1781950511 1781950511 0 2647198 6811 10046 1731 10046 9630 10046 9789 10203 7561 10203 4867 10013 7548 10013 2176 10013 9560 -1 
4039 1781950511 1781950511 0 2678139 2737 10164 7081 10706 6552 10367 8959 10505 8601 10025 4048 10164 1328 10164 4804 10164 9929 -1 
3371 1781950511 1781950511 0 2678139 10583 1819 10368 9728 10368 9728 10368 7874 10527 7059 10367 9617 10695 9946 10681 4804 10164 9929 -1 
4914 1781950511 1781950511 0 2675497 3606 10194 3496 10194 3129 10357 3129 10194 6781 10161 7059 10491 9383 10535 3129 10181 4352 10191 -1 
31 1781950511 1781950511 1 2567820 10705 3291 -1 
137 1781950511 1781950511 1 2647149 10060 5976 -1 
1649 1781950511 1781950511 1 2615336 8899 10818 -1 
1903 1781950511 1781950511 1 2677504 991 10244 -1 
2156 1781950511 1781950511 1 2028095 10922 8344 -1 
2466 1781950511 1781950511 1 2558392 10193 7685 -1 
2618 1781950511 1781950511 1 2315734 10878 6639 -1 
789 1781950511 1781950511 1 2650836 1618 10483 5722 -1 
1499 1781950511 1781950511 1 2467724 5806 10586 5464 -1 
2528 1781950511 1781950511 1 2677507 4739 10008 7501 -1 
182 1781950511 1781950511 1 2509042 10516 6240 10516 5566 -1 
314 1781950511 1781950511 1 2676494 10008 292 10008 5556 -1 
717 1781950511 1781950511 1 2664047 6130 10070 3163 10712 -1 
1287 1781950511 1781950511 1 2523985 4383 10142 1768 10098 -1 
1837 1781950511 1781950511 1 2650836 10483 1618 10483 5722 -1 
165 1781950511 1781950511 1 2570532 1424 10002 5813 10009 4839 -1 
1060 1781950511 1781950511 1 2677347 2933 10392 9014 10392 9215 -1 
1289 1781950511 1781950511 1 2671063 8222 10329 3075 10091 8656 -1 
1694 1781950511 1781950511 1 2666684 4808 10009 8841 10009 3286 -1 
2404 1781950511 1781950511 1 2660383 7826 10076 7811 10289 976 -1 
2519 1781950511 1781950511 1 2667420 6235 10091 6235 10091 1194 -1 
2582 1781950511 1781950511 1 2672477 790 10215 5380 10215 6172 -1 
2808 1781950511 1781950511 1 2671063 6900 10813 523 10091 8656 -1 
2828 1781950511 1781950511 1 2664426 7980 10070 2226 10392 5703 -1 
1194 1781950511 1781950511 1 2646376 622 10086 224 10086 622 10824 -1 
1978 1781950511 1781950511 1 2668965 3904 10554 4242 10554 1242 10144 -1 
150 1781950511 1781950511 1 2660383 4751 10289 9965 10289 9965 10289 976 -1 
1238 1781950511 1781950511 1 2672823 9856 10091 696 10091 1197 10730 6710 -1 
1437 1781950511 1781950511 1 2661090 10735 7944 10425 8107 10425 5921 10701 -1 
1507 1781950511 1781950511 1 2675575 1801 10039 991 10039 63 10039 2421 -1 
1610 1781950511 1781950511 1 2675575 408 10039 3272 10039 991 10039 2421 -1 
2363 1781950511 1781950511 1 2677507 1785 10008 2623 10008 10 10008 7501 -1 
2819 1781950511 1781950511 1 2671063 8105 10091 8638 10091 3111 10091 8656 -1 
879 1781950511 1781950511 1 2664047 7251 10070 310 10070 5195 10070 3163 10712 -1 
1192 1781950511 1781950511 1 2668965 2443 10059 102 10230 3541 10230 1242 10144 -1 
1672 1781950511 1781950511 1 2668965 7394 10182 7499 10554 4242 10554 1242 10144 -1 
1816 1781950511 1781950511 1 2651538 1253 10070 2773 10070 8398 10070 4712 10070 3720 -1 
2958 1781950511 1781950511 1 2646777 106 10065 3216 10065 6951 10065 4147 10349 9213 -1 
1141 1781950511 1781950511 1 2677507 3251 10023 1602 10023 5287 10023 5287 10008 10 10008 7501 -1 
1201 1781950511 1781950511 1 2668965 5238 10321 2638 10097 4967 10097 3103 10554 4242 10554 1242 10144 -1 
2343 1781950511 1781950511 1 2660383 8631 10002 9269 10002 5813 10462 5820 10289 9965 10289 9965 10289 976 -1 
6225 1781950511 1781950511 1 2675896 3791 10024 2670 -1 
6584 1781950511 1781950511 1 2640572 4308 10053 9838 -1 
6647 1781950511 1781950511 1 2576823 5553 10053 5399 -1 
7009 1781950511 1781950511 1 2654957 6359 10032 3722 -1 
7238 1781950511 1781950511 1 2217192 3962 10019 9643 -1 
7426 1781950511 1781950511 1 1971792 6745 10264 7196 -1 
7720 1781950511 1781950511 1 2671231 208 10054 4249 -1 
7868 1781950511 1781950511 1 2638716 5202 10032 4954 -1 
7884 1781950511 1781950511 1 2284493 10088 7852 10900 -1 
8117 1781950511 1781950511 1 2535312 9950 10032 5324 -1 
8222 1781950511 1781950511 1 2640141 5728 10019 2741 -1 
8513 1781950511 1781950511 1 2594428 10224 3911 10242 -1 
8859 1781950511 1781950511 1 2673949 5337 10032 9976 -1 
7285 1781950511 1781950511 1 2678378 2804 10278 1071 10129 -1 
8256 1781950511 1781950511 1 2615336 10659 1366 10050 3319 -1 
6020 1781950511 1781950511 1 2650046 4905 10016 6042 10016 6850 -1 
6279 1781950511 1781950511 1 2678088 175 10032 3364 10365 7945 -1 
6288 1781950511 1781950511 1 2655501 9927 10032 9915 10032 4047 -1 
6344 1781950511 1781950511 1 2674910 980 10032 6003 10032 661 -1 
6464 1781950511 1781950511 1 2678060 2235 10024 7650 10024 131 -1 
6905 1781950511 1781950511 1 2665983 3858 10064 276 10064 7743 -1 
6933 1781950511 1781950511 1 2667707 540 10019 9889 10019 2392 -1 
7039 1781950511 1781950511 1 2671231 950 10054 8162 10054 4249 -1 
7158 1781950511 1781950511 1 2667464 3512 10032 9 10032 5413 -1 
7202 1781950511 1781950511 1 2667478 9224 10232 8392 10243 170 -1 
7232 1781950511 1781950511 1 2586247 8234 10032 629 10196 6073 -1 
7265 1781950511 1781950511 1 2620281 9349 10054 4131 10261 9156 -1 
7415 1781950511 1781950511 1 2676977 2903 10092 3872 10092 6445 -1 
7646 1781950511 1781950511 1 2676977 7963 10092 3133 10092 6445 -1 
7718 1781950511 1781950511 1 2676630 6129 10019 3756 10019 1228 -1 
7740 1781950511 1781950511 1 2547037 5075 10032 2235 10053 5859 -1 
7841 1781950511 1781950511 1 2653619 544 10251 6696 10251 9725 -1 
7982 1781950511 1781950511 1 2606200 9558 10032 9105 10108 7231 -1 
8099 1781950511 1781950511 1 2652557 8911 10032 336 10032 6060 -1 
8204 1781950511 1781950511 1 2673949 9792 10032 5535 10032 9976 -1 
8225 1781950511 1781950511 1 2677629 9500 10176 5497 10176 8331 -1 
8242 1781950511 1781950511 1 2579492 8957 10108 7762 10204 4719 -1 
8319 1781950511 1781950511 1 2647800 7426 10032 9285 10032 510 -1 
8458 1781950511 1781950511 1 2678175 4109 10345 579 10345 8814 -1 
8712 1781950511 1781950511 1 2662538 942 10054 6160 10054 4384 -1 
8782 1781950511 1781950511 1 2657171 5109 10032 3661 10032 8711 -1 
8802 1781950511 1781950511 1 2673065 9889 10019 9862 10162 8463 -1 
6158 1781950511 1781950511 1 2677882 5612 10084 1237 10084 8518 10949 -1 
6226 1781950511 1781950511 1 2673561 10661 7134 10019 8672 10019 4599 -1 
7115 1781950511 1781950511 1 2677882 5779 10288 5070 10054 8518 10949 -1 
7707 1781950511 1781950511 1 2641648 10946 1893 10235 8678 10137 763 -1 
8040 1781950511 1781950511 1 2591957 5757 10032 4301 10032 8702 10838 -1 
8949 1781950511 1781950511 1 2673676 3414 10032 6447 10032 505 10227 -1 
6109 1781950511 1781950511 1 2674688 3285 10032 8840 10032 6686 10032 3731 -1 
6233 1781950511 1781950511 1 2667707 700 10019 921 10019 9889 10019 2392 -1 
6343 1781950511 1781950511 1 2667478 5576 10243 1734 10243 5576 10243 170 -1 
6385 1781950511 1781950511 1 2517050 8877 10032 748 10032 6405 10032 8655 -1 
6467 1781950511 1781950511 1 2674720 9745 10523 2086 10523 2086 10523 4225 -1 
6960 1781950511 1781950511 1 2676516 242 10024 1099 10024 5207 10024 8304 -1 
7228 1781950511 1781950511 1 2649171 1114 10174 1366 10224 9449 10084 4845 -1 
7281 1781950511 1781950511 1 2667464 8987 10032 1094 10032 7900 10032 5413 -1 
7473 1781950511 1781950511 1 2654206 5532 10032 2212 10032 9697 10032 7862 -1 
7497 1781950511 1781950511 1 2668353 1873 10118 4832 10118 1309 10118 4194 -1 
7509 1781950511 1781950511 1 2667464 1304 10032 3651 10032 3364 10032 5413 -1 
7680 1781950511 1781950511 1 2654957 3398 10032 8272 10032 8528 10032 3722 -1 
7692 1781950511 1781950511 1 2669007 5276 10019 2023 10019 1559 10019 4034 -1 
7864 1781950511 1781950511 1 2674749 2088 10006 9408 10006 1445 10006 5387 -1 
7971 1781950511 1781950511 1 2665252 7941 10032 7227 10032 7382 10406 5764 -1 
7992 1781950511 1781950511 1 2640572 8624 10016 738 10016 8177 10053 9838 -1 
8033 1781950511 1781950511 1 2671768 8825 10064 2013 10024 7083 10024 1826 -1 
8055 1781950511 1781950511 1 2654206 7875 10032 6553 10032 9796 10032 7862 -1 
8240 1781950511 1781950511 1 2676630 6439 10019 8955 10019 9441 10019 1228 -1 
8255 1781950511 1781950511 1 2669846 9067 10176 6578 10050 1612 10176 9829 -1 
8266 1781950511 1781950511 1 2633531 2380 10019 779 10019 3637 10019 1405 -1 
8290 1781950511 1781950511 1 2676516 1391 10024 38 10024 7650 10024 8304 -1 
8564 1781950511 1781950511 1 2674280 9547 10092 3872 10092 9927 10032 7683 -1 
8765 1781950511 1781950511 1 2676872 7931 10032 1541 10032 6003 10032 433 -1 
8867 1781950511 1781950511 1 2674720 3963 10523 3755 10523 2086 10523 4225 -1 
8898 1781950511 1781950511 1 2671231 6789 10032 3626 10032 138 10054 4249 -1 
6237 1781950511 1781950511 1 2677882 8534 10032 1541 10032 3364 10054 8518 10949 -1 
6391 1781950511 1781950511 1 2673676 9041 10032 3858 10032 7524 10032 505 10227 -1 
6825 1781950511 1781950511 1 2677882 7941 10032 9452 10176 5622 10054 8518 10949 -1 
6869 1781950511 1781950511 1 2677882 1159 10054 3170 10054 6216 10054 8518 10949 -1 
7320 1781950511 1781950511 1 2677882 6160 10054 1252 10054 5824 10054 8518 10949 -1 
8611 1781950511 1781950511 1 2658212 5100 10229 8154 10229 1612 10224 3911 10257 -1 
8821 1781950511 1781950511 1 2668218 10633 8518 10232 1366 10447 9563 10214 5230 -1 
6014 1781950511 1781950511 1 2678088 5191 10032 8000 10032 7524 10032 3364 10365 7945 -1 
6285 1781950511 1781950511 1 2668141 9148 10016 766 10016 1052 10016 6973 10016 6110 -1 
6410 1781950511 1781950511 1 2677663 7674 10100 3241 10019 5973 10019 3931 10019 8760 -1 
6704 1781950511 1781950511 1 2677663 8682 10019 2835 10019 5987 10019 4403 10019 8760 -1 
6838 1781950511 1781950511 1 2674749 4973 10006 9062 10006 3796 10006 6632 10006 5387 -1 
6952 1781950511 1781950511 1 2638714 639 10032 204 10032 1061 10032 4097 10264 7770 -1 
7102 1781950511 1781950511 1 2659368 2730 10016 2292 10016 9990 10016 9720 10016 9731 -1 
7521 1781950511 1781950511 1 2673065 8702 10032 9944 10032 7895 10092 6679 10162 8463 -1 
7825 1781950511 1781950511 1 2674280 8915 10032 4905 10032 8931 10032 412 10032 7683 -1 
8191 1781950511 1781950511 1 2667797 9128 10032 9259 10032 2735 10054 4471 10054 2797 -1 
8220 1781950511 1781950511 1 2618823 4496 10032 3364 10032 9847 10032 4248 10032 8701 -1 
8250 1781950511 1781950511 1 2647592 4932 10365 2713 10176 7051 10050 120 10050 5667 -1 
8332 1781950511 1781950511 1 2674910 4607 10032 7227 10032 9944 10032 7426 10032 661 -1 
8485 1781950511 1781950511 1 2674361 9494 10006 8285 10006 1083 10006 3180 10114 1561 -1 
8586 1781950511 1781950511 1 2670892 9104 10032 4338 10032 9925 10032 6381 10237 4764 -1 
8866 1781950511 1781950511 1 2669846 9727 10176 9767 10176 2463 10447 6466 10176 9829 -1 
7860 1781950511 1781950511 1 2677882 8513 10032 9182 10032 2206 10032 1252 10054 8518 10949 -1 
7256 1781950511 1781950511 1 2673676 10552 8467 10032 4338 10032 7975 10032 9950 10032 505 10227 -1 
7300 1781950511 1781950511 1 2678088 7726 10365 7042 10365 3986 10365 4932 10365 3986 10365 7945 -1 
7604 1781950511 1781950511 1 2677629 6364 10050 2045 10395 1366 10137 8678 10447 548 10176 8331 -1 
7643 1781950511 1781950511 1 2678060 6076 10032 7524 10032 4496 10032 8931 10032 4056 10024 131 -1 
8741 1781950511 1781950511 1 2674280 9410 10032 6553 10032 3626 10032 2350 10032 412 10032 7683 -1 
8084 1781950511 1781950511 1 2677882 5535 10032 7115 10032 904 10032 1252 10054 8162 10054 8518 10949 -1 
7301 1781950511 1781950511 1 2676307 381 10006 9335 10006 4156 10006 1175 10006 735 10114 20 10114 640 -1 
7371 1781950511 1781950511 1 2672513 2213 10032 8500 10032 4449 10032 2177 10032 7504 10032 4230 10032 2400 -1 
8379 1781950511 1781950511 1 2678060 456 10054 3530 10032 1505 10032 9796 10032 5853 10032 8931 10032 4056 10024 131 -1 
9865 1781950511 1781950511 1 2561036 10284 353 -1 
10518 1781950511 1781950511 1 2668835 5480 10724 -1 
9242 1781950511 1781950511 1 2670544 4078 10030 2949 -1 
9670 1781950511 1781950511 1 2565677 10376 8116 10972 -1 
9711 1781950511 1781950511 1 2676058 6778 10147 5594 -1 
9983 1781950511 1781950511 1 2616920 5420 10001 5331 -1 
10864 1781950511 1781950511 1 2657547 394 10151 3932 -1 
11443 1781950511 1781950511 1 2530512 1714 10082 4880 -1 
11504 1781950511 1781950511 1 2641815 6934 10052 9843 -1 
10923 1781950511 1781950511 1 2665331 2373 10126 9979 10851 -1 
11015 1781950511 1781950511 1 2671031 5255 10312 576 10671 -1 
11290 1781950511 1781950511 1 2670642 5800 10031 2391 10907 -1 
11770 1781950511 1781950511 1 2669612 10132 2597 10132 6288 -1 
9019 1781950511 1781950511 1 2643466 8726 10865 8726 10865 1051 -1 
9065 1781950511 1781950511 1 2674830 7250 10033 3283 10048 8671 -1 
9141 1781950511 1781950511 1 2666920 9679 10153 9679 10153 6613 -1 
9283 1781950511 1781950511 1 2677965 4780 10055 6471 10055 3288 -1 
9674 1781950511 1781950511 1 2572066 2961 10445 4100 10030 6195 -1 
9742 1781950511 1781950511 1 2356308 9807 10146 6411 10146 1608 -1 
9814 1781950511 1781950511 1 2600931 1329 10216 7612 10216 1124 -1 
9818 1781950511 1781950511 1 2634512 6065 10509 8388 10126 7508 -1 
10066 1781950511 1781950511 1 2663481 6485 10276 6175 10276 5004 -1 
10434 1781950511 1781950511 1 2677611 9701 10033 897 10195 2504 -1 
10467 1781950511 1781950511 1 2669548 6392 10455 8871 10455 5831 -1 
10547 1781950511 1781950511 1 2665397 2540 10148 8091 10033 498 -1 
10890 1781950511 1781950511 1 2677965 3250 10055 324 10055 3288 -1 
11179 1781950511 1781950511 1 2666920 6843 10052 278 10153 6613 -1 
11252 1781950511 1781950511 1 2367879 9480 10147 9404 10147 2416 -1 
11356 1781950511 1781950511 1 2639939 6475 10216 220 10056 7168 -1 
11575 1781950511 1781950511 1 2650274 3647 10036 5986 10036 7873 -1 
11601 1781950511 1781950511 1 2569014 2659 10394 1950 10394 5787 -1 
11847 1781950511 1781950511 1 2657547 3278 10151 8896 10151 3932 -1 
11872 1781950511 1781950511 1 2668551 8219 10637 2391 10408 4286 -1 
10657 1781950511 1781950511 1 2671031 5777 10134 3836 10056 576 10671 -1 
9389 1781950511 1781950511 1 2677965 5916 10055 2722 10055 2722 10055 3288 -1 
9473 1781950511 1781950511 1 2669585 5021 10151 312 10151 3278 10387 6428 -1 
9618 1781950511 1781950511 1 2630954 2784 10031 9150 10031 6071 10038 6810 -1 
9757 1781950511 1781950511 1 2677611 5529 10195 3598 10195 2465 10195 2504 -1 
9938 1781950511 1781950511 1 2661259 7588 10146 4458 10146 9809 10601 7938 -1 
9982 1781950511 1781950511 1 2572002 5237 10052 6881 10052 278 10153 4523 -1 
10336 1781950511 1781950511 1 2674830 7585 10048 1301 10048 6728 10048 8671 -1 
10756 1781950511 1781950511 1 2660600 787 10031 1762 10040 3099 10284 168 -1 
10916 1781950511 1781950511 1 2677965 5845 10055 2722 10055 2722 10055 3288 -1 
10531 1781950511 1781950511 1 2665331 9979 10126 9979 10126 9979 10126 9979 10851 -1 
9024 1781950511 1781950511 1 2593954 5090 10003 4 10003 4 10003 432 10003 7559 -1 
9623 1781950511 1781950511 1 2660600 3099 10001 9464 10001 203 10001 3099 10284 168 -1 
9651 1781950511 1781950511 1 2657631 770 10085 6923 10087 1157 10087 5723 10085 8138 -1 
10819 1781950511 1781950511 1 2676874 5529 10195 462 10195 462 10195 1161 10195 2036 -1 
10849 1781950511 1781950511 1 2677965 9537 10055 324 10055 2722 10055 2722 10055 3288 -1 
11204 1781950511 1781950511 1 2677965 2843 10055 2722 10055 785 10055 2722 10055 3288 -1 
11345 1781950511 1781950511 1 2677965 8874 10055 2722 10055 8862 10055 2722 10055 3288 -1 
11665 1781950511 1781950511 1 2676874 711 10195 3049 10195 2495 10195 462 10195 2036 -1 
11905 1781950511 1781950511 1 2663481 6485 10276 4721 10276 6485 10276 6175 10276 5004 -1 
9203 1781950511 1781950511 1 2677965 7562 10146 5869 10055 594 10055 2722 10055 2722 10055 3288 -1 
9992 1781950511 1781950511 1 2677611 3446 10195 7746 10195 3598 10195 462 10195 462 10195 2504 -1 
10945 1781950511 1781950511 1 2660022 2793 10151 312 10151 3582 10051 281 10051 2218 10051 4204 -1 
11269 1781950511 1781950511 1 2669612 3155 10132 5916 10132 5950 10132 2597 10132 2597 10132 6288 -1 
11697 1781950511 1781950511 1 2674142 10268 8626 10268 420 10036 1200 10036 1200 10036 1182 10710 -1 
9418 1781950511 1781950511 1 2677611 6742 10195 7619 10195 4311 10195 7746 10195 3598 10195 462 10195 2504 -1 
87 1781950511 1781950511 1 2598624 7811 10175 815 -1 
308 1781950511 1781950511 1 2625640 9623 10106 4010 -1 
1374 1781950511 1781950511 1 2677896 1980 10015 135 -1 
1397 1781950511 1781950511 1 2638276 6751 10063 7631 -1 
2293 1781950511 1781950511 1 2554388 1108 10374 3248 -1 
2374 1781950511 1781950511 1 2335553 1141 10222 4741 -1 
65 1781950511 1781950511 1 2649280 10317 3577 10250 6035 -1 
2262 1781950511 1781950511 1 2614076 5462 10554 101 10514 -1 
2700 1781950511 1781950511 1 2650711 3212 10086 9390 10200 -1 
2843 1781950511 1781950511 1 2664754 1141 10848 9203 10197 -1 
388 1781950511 1781950511 1 2670799 7338 10018 8832 10117 4792 -1 
557 1781950511 1781950511 1 2672654 3644 10289 2565 10037 2852 -1 
659 1781950511 1781950511 1 2673589 6801 10864 8119 10253 3294 -1 
1019 1781950511 1781950511 1 2674844 8939 10086 6014 10046 1361 -1 
1157 1781950511 1781950511 1 2667783 7627 10018 7948 10244 4577 -1 
1165 1781950511 1781950511 1 2674634 5296 10486 3065 10129 346 -1 
1658 1781950511 1781950511 1 2629313 5383 10059 304 10117 2129 -1 
1982 1781950511 1781950511 1 2677870 10279 8563 10008 5634 10096 -1 
2385 1781950511 1781950511 1 2657826 2216 10086 6014 10046 9698 -1 
409 1781950511 1781950511 1 2677333 4125 10539 6349 10205 1834 10011 -1 
1608 1781950511 1781950511 1 2670128 10207 5756 10207 5756 10175 8456 -1 
1724 1781950511 1781950511 1 2678145 2425 10107 4938 10107 7676 10044 -1 
2691 1781950511 1781950511 1 2622937 1842 10069 2487 10548 101 10566 -1 
2775 1781950511 1781950511 1 2635573 749 10070 6529 10070 101 10771 -1 
1188 1781950511 1781950511 1 2674519 1515 10262 7531 10262 4181 10190 8136 -1 
2337 1781950511 1781950511 1 2573091 8428 10070 310 10070 4390 10074 3881 -1 
1275 1781950511 1781950511 1 2678145 501 10107 8477 10107 3589 10107 7676 10044 -1 
1551 1781950511 1781950511 1 2610598 8125 10107 9238 10107 9180 10603 101 10479 -1 
1579 1781950511 1781950511 1 2678145 8125 10107 3589 10107 4938 10107 7676 10044 -1 
2668 1781950511 1781950511 1 2678145 9582 10107 4938 10107 3589 10107 7676 10044 -1 
2664 1781950511 1781950511 1 2667642 10166 4296 10166 6669 10166 8353 10166 482 10250 -1 
2154 1781950511 1781950511 1 2678145 8675 10107 3589 10107 8675 10107 4938 10107 7676 10044 -1 
2545 1781950511 1781950511 1 2678145 8340 10107 4854 10107 9238 10107 3589 10107 7676 10044 -1 
2573 1781950511 1781950511 1 2678145 10676 7915 10107 4618 10107 3589 10107 926 10107 6197 10107 7676 10044 -1 
6324 1781950511 1781950511 1 2658016 6300 10790 4909 -1 
6387 1781950511 1781950511 1 2651100 9434 10531 7731 -1 
7130 1781950511 1781950511 1 2571430 6300 10790 3233 -1 
7582 1781950511 1781950511 1 2397455 3876 10562 3557 -1 
7614 1781950511 1781950511 1 2670030 1689 10244 6202 -1 
8028 1781950511 1781950511 1 2666895 6216 10037 5951 -1 
8624 1781950511 1781950511 1 2574676 1896 10374 3344 -1 
6760 1781950511 1781950511 1 2560886 10657 192 10296 7176 -1 
7540 1781950511 1781950511 1 2625640 133 10053 4010 10106 -1 
7958 1781950511 1781950511 1 2627691 6618 10019 9964 10638 -1 
8417 1781950511 1781950511 1 2670979 8392 10590 3262 10861 -1 
6779 1781950511 1781950511 1 2640286 6618 10019 1164 10594 3587 -1 
7097 1781950511 1781950511 1 2666031 9952 10032 3407 10026 5340 -1 
7993 1781950511 1781950511 1 2643635 5109 10088 7982 10533 2888 -1 
8197 1781950511 1781950511 1 2675737 5607 10315 37 10007 1138 -1 
8890 1781950511 1781950511 1 2553208 5968 10204 1824 10233 8281 -1 
6025 1781950511 1781950511 1 2670614 7928 10137 8678 10116 9772 10411 -1 
6817 1781950511 1781950511 1 2677444 9797 10032 1798 10032 7710 10090 -1 
7026 1781950511 1781950511 1 2677333 9760 10032 823 10032 1834 10011 -1 
8568 1781950511 1781950511 1 2677333 9858 10032 823 10032 1834 10011 -1 
6060 1781950511 1781950511 1 2217236 3154 10032 1304 10032 230 10746 4825 -1 
6120 1781950511 1781950511 1 2678359 9102 10019 3593 10264 483 10168 8291 -1 
7608 1781950511 1781950511 1 2675230 7801 10006 9408 10006 3485 10090 143 -1 
8021 1781950511 1781950511 1 2667735 10092 478 10092 157 10114 3898 10343 -1 
8550 1781950511 1781950511 1 2677444 3828 10006 9510 10006 3485 10090 7710 -1 
8747 1781950511 1781950511 1 2677464 3109 10054 3170 10053 542 10007 1037 -1 
8971 1781950511 1781950511 1 2678098 9500 10053 5070 10054 542 10007 2462 -1 
8976 1781950511 1781950511 1 2678098 1798 10054 7049 10054 542 10007 2462 -1 
6309 1781950511 1781950511 1 2664662 5129 10032 3530 10032 8000 10032 5743 10221 -1 
6653 1781950511 1781950511 1 2582275 8422 10054 3364 10032 157 10064 4291 10876 -1 
8166 1781950511 1781950511 1 2251143 10579 4007 10579 35 10365 2937 10000 8170 -1 
8301 1781950511 1781950511 1 2674019 2835 10019 765 10019 6300 10019 1080 10122 -1 
8744 1781950511 1781950511 1 2677333 9823 10032 8395 10032 5915 10032 1834 10011 -1 
7674 1781950511 1781950511 1 2675230 9124 10006 2897 10006 608 10006 3485 10090 143 -1 
7592 1781950511 1781950511 1 2677444 9640 10005 8112 10005 6121 10006 5392 10006 3485 10090 7710 -1 
8025 1781950511 1781950511 1 2663650 4950 10032 9907 10032 3512 10032 5830 10032 9773 10074 7274 -1 
8977 1781950511 1781950511 1 2674019 6675 10006 1445 10006 3181 10109 9705 10114 3208 10019 1080 10122 -1 
9460 1781950511 1781950511 1 2621708 1408 10072 7580 -1 
10207 1781950511 1781950511 1 2668815 10639 6500 10757 -1 
10738 1781950511 1781950511 1 2678359 6706 10168 8291 -1 
11865 1781950511 1781950511 1 2582004 9923 10011 1653 -1 
9179 1781950511 1781950511 1 2675887 3175 10036 5062 10129 7351 -1 
9190 1781950511 1781950511 1 2666555 10272 4412 10770 170 10562 -1 
9464 1781950511 1781950511 1 2599718 4883 10356 576 10671 4353 -1 
10083 1781950511 1781950511 1 2668613 7952 10041 7106 10413 8488 -1 
10320 1781950511 1781950511 1 2677945 8318 10036 6317 10072 119 -1 
10347 1781950511 1781950511 1 2672132 7825 10246 3636 10413 3277 -1 
10905 1781950511 1781950511 1 2269672 4375 10036 8206 10784 9775 -1 
10987 1781950511 1781950511 1 2636196 7299 10051 1925 10025 880 -1 
11502 1781950511 1781950511 1 2677945 4609 10036 6317 10072 119 -1 
9147 1781950511 1781950511 1 2678359 3168 10211 5190 10211 8291 10168 -1 
9518 1781950511 1781950511 1 2610598 3808 10001 203 10001 101 10479 -1 
9630 1781950511 1781950511 1 2651143 9710 10437 3302 10437 5052 10784 -1 
10027 1781950511 1781950511 1 2667642 3387 10591 6183 10591 482 10250 -1 
11083 1781950511 1781950511 1 2667642 6183 10591 6183 10591 482 10250 -1 
11351 1781950511 1781950511 1 2676659 10465 772 10152 576 10015 191 -1 
9279 1781950511 1781950511 1 2673855 52 10033 9894 10134 3293 10281 8535 -1 
9712 1781950511 1781950511 1 2677945 5172 10036 467 10036 6317 10072 119 -1 
10074 1781950511 1781950511 1 2670552 9382 10211 1220 10031 74 10072 307 -1 
11426 1781950511 1781950511 1 2663927 9366 10038 9629 10031 74 10072 9766 -1 
11775 1781950511 1781950511 1 2647365 6680 10033 5908 10297 7045 10044 6949 -1 
9379 1781950511 1781950511 1 2678359 1620 10055 324 10055 74 10211 8291 10168 -1 
11799 1781950511 1781950511 1 2667642 6183 10591 6183 10591 6183 10591 482 10250 -1 
9761 1781950511 1781950511 1 2675820 2740 10686 1021 10211 7125 10211 471 10461 5164 -1 
11352 1781950511 1781950511 1 2677947 6315 10033 7074 10033 60 10071 5800 10015 150 -1 
9803 1781950511 1781950511 1 2675820 8577 10031 9707 10031 529 10040 826 10033 471 10461 5164 -1 
657 1781950511 1781950511 1 2651230 10193 4516 10090 838 -1 
1969 1781950511 1781950511 1 2538551 10463 4635 10285 5513 -1 
2616 1781950511 1781950511 1 2662314 3617 10631 4626 10631 -1 
1420 1781950511 1781950511 1 2665230 3335 10076 170 10010 578 -1 
1715 1781950511 1781950511 1 2666700 1020 10009 5581 10916 5581 -1 
2360 1781950511 1781950511 1 2667735 10980 8899 10774 3898 10343 -1 
2596 1781950511 1781950511 1 2675621 10377 1906 10156 9714 10156 -1 
86 1781950511 1781950511 1 2662314 10846 2548 10113 101 10631 4626 -1 
239 1781950511 1781950511 1 2620468 4916 10066 218 10789 9608 10976 -1 
2051 1781950511 1781950511 1 2677947 6331 10352 1470 10015 150 10015 -1 
183 1781950511 1781950511 1 2671726 1801 10039 5455 10039 101 10815 5128 -1 
242 1781950511 1781950511 1 2667730 236 10076 414 10076 9963 10111 3162 -1 
817 1781950511 1781950511 1 2660039 10850 6900 10634 6791 10120 4291 10120 -1 
926 1781950511 1781950511 1 2670946 3973 10086 9207 10086 9678 10336 6361 -1 
2166 1781950511 1781950511 1 2667730 9437 10076 1975 10076 9963 10111 3162 -1 
2621 1781950511 1781950511 1 2617834 2904 10107 375 10107 2942 10301 9899 -1 
2933 1781950511 1781950511 1 2670946 4646 10086 3878 10086 9678 10336 6361 -1 
1048 1781950511 1781950511 1 2674284 10277 4929 10128 8059 10128 9446 10010 1503 -1 
2518 1781950511 1781950511 1 2654199 6646 10113 5521 10113 7579 10113 101 10614 6376 -1 
2756 1781950511 1781950511 1 2677947 7944 10735 7944 10425 8107 10425 5921 10015 150 10015 -1 
2061 1781950511 1781950511 1 2674519 10262 2863 10262 7531 10262 7531 10262 4181 10190 8136 10190 -1 
2870 1781950511 1781950511 1 2677896 5088 10107 185 10107 8477 10107 4938 10107 7676 10015 135 -1 
1937 1781950511 1781950511 1 2678293 4775 10086 2153 10086 1616 10086 4232 10086 5224 10282 4834 10046 -1 
6092 1781950511 1781950511 1 2672654 9243 10090 2852 10037 -1 
6023 1781950511 1781950511 1 2662111 5226 10032 9980 10700 5775 -1 
6407 1781950511 1781950511 1 2335553 2492 10315 1518 10222 4741 -1 
6641 1781950511 1781950511 1 2677440 81 10092 121 10010 1554 -1 
7028 1781950511 1781950511 1 2675621 2839 10054 9714 10156 9714 -1 
7283 1781950511 1781950511 1 2675683 4509 10006 9895 10027 9895 -1 
7848 1781950511 1781950511 1 2675092 3308 10032 6876 10096 1907 -1 
8438 1781950511 1781950511 1 2662495 9008 10053 4119 10367 8839 -1 
8571 1781950511 1781950511 1 2676279 4246 10006 9895 10027 43 -1 
8786 1781950511 1781950511 1 2678098 1720 10019 1037 10007 2462 -1 
6694 1781950511 1781950511 1 2678098 9792 10032 542 10007 2462 10007 -1 
6910 1781950511 1781950511 1 2672433 5758 10054 3830 10004 9486 10004 -1 
7293 1781950511 1781950511 1 2678098 1773 10032 542 10007 2462 10007 -1 
7664 1781950511 1781950511 1 2613995 3762 10019 5106 10434 101 10512 -1 
8606 1781950511 1781950511 1 2676556 4184 10024 6664 10428 7547 10234 -1 
8669 1781950511 1781950511 1 2644076 10523 2086 10523 5487 10310 9670 -1 
8788 1781950511 1781950511 1 2643166 3004 10006 7918 10533 101 10618 -1 
8987 1781950511 1781950511 1 2673579 9799 10032 229 10386 9409 10647 -1 
6300 1781950511 1781950511 1 2667730 6214 10264 5835 10235 8157 10111 3162 -1 
6546 1781950511 1781950511 1 2669474 8434 10019 9930 10092 1194 10433 4748 -1 
7276 1781950511 1781950511 1 2490582 445 10032 1352 10049 151 10046 9178 -1 
7356 1781950511 1781950511 1 2661718 10762 1252 10032 8329 10043 1314 10043 -1 
7441 1781950511 1781950511 1 2672654 2624 10595 8643 10595 6099 10037 2852 -1 
7636 1781950511 1781950511 1 2668247 7977 10006 431 10006 646 10010 4332 -1 
7977 1781950511 1781950511 1 2652483 9504 10064 2603 10084 4935 10273 4935 -1 
8014 1781950511 1781950511 1 2677333 2139 10032 8894 10032 165 10011 1834 -1 
8262 1781950511 1781950511 1 2673071 2067 10016 1839 10016 3206 10413 3546 -1 
8330 1781950511 1781950511 1 2651223 6909 10092 3873 10174 878 10273 878 -1 
8403 1781950511 1781950511 1 2658449 7467 10032 3378 10032 7351 10129 3269 -1 
8647 1781950511 1781950511 1 2632049 8931 10224 655 10084 4986 10456 4378 -1 
7946 1781950511 1781950511 1 2673851 9792 10032 8258 10032 6534 10063 1468 10063 -1 
6103 1781950511 1781950511 1 2674284 8703 10252 9449 10050 655 10084 5946 10010 1503 -1 
6217 1781950511 1781950511 1 2670825 3109 10162 1701 10149 7606 10032 7949 10090 583 -1 
6701 1781950511 1781950511 1 2677446 4097 10054 3918 10032 336 10032 18 10010 552 -1 
7326 1781950511 1781950511 1 2626786 2013 10114 5119 10114 8321 10114 9574 10326 9959 -1 
7711 1781950511 1781950511 1 2676279 8200 10006 314 10006 6579 10006 9895 10027 43 -1 
8013 1781950511 1781950511 1 2673589 553 10032 9952 10032 823 10032 661 10253 3294 -1 
8450 1781950511 1781950511 1 2662703 7039 10054 9836 10176 5485 10176 9343 10046 354 -1 
6367 1781950511 1781950511 1 2677199 4037 10889 2709 10214 2379 10224 8678 10000 0 10000 -1 
7553 1781950511 1781950511 1 2678098 8421 10032 2401 10032 748 10032 542 10007 2462 10007 -1 
8054 1781950511 1781950511 1 2678098 4717 10032 5939 10032 9989 10032 542 10007 2462 10007 -1 
7752 1781950511 1781950511 1 2676279 5932 10006 796 10006 3638 10006 3332 10006 3776 10006 9895 10027 43 -1 
8340 1781950511 1781950511 1 2677202 6469 10006 5836 10006 1083 10006 4005 10006 9956 10006 7416 10074 3465 -1 
9206 1781950511 1781950511 1 2646780 10393 5708 10090 8809 -1 
11904 1781950511 1781950511 1 2646674 8658 10875 101 10308 -1 
9189 1781950511 1781950511 1 2676279 8415 10272 9895 10027 43 -1 
10277 1781950511 1781950511 1 2669985 1708 10085 4864 10175 4999 -1 
10327 1781950511 1781950511 1 2664237 3760 10601 2564 10240 2564 -1 
11033 1781950511 1781950511 1 2643635 9017 10787 6849 10533 2888 -1 
9901 1781950511 1781950511 1 2663085 4621 10030 4622 10030 101 10773 5752 -1 
10881 1781950511 1781950511 1 2663085 1651 10625 9020 10625 6077 10625 9496 10773 5752 10773 -1 
10287 1781950511 1781950511 1 2676968 2968 10147 3820 10030 4890 10105 5671 10105 5727 10220 5727 -1 
9309 1781950511 1781950511 1 2670128 10180 2812 10180 4826 10180 8166 10126 5652 10085 4864 10175 8456 -1 
11484 1781950511 1781950511 1 2678139 8523 10031 9496 10038 1538 10040 9923 10358 6606 10000 9929 10164 -1 
163 1781950511 1781950511 1 2650061 2872 10020 9318 10020 1040 -1 
569 1781950511 1781950511 1 2674357 6168 10111 9963 10111 9963 -1 
649 1781950511 1781950511 1 2661494 2684 10656 3002 10656 3002 -1 
741 1781950511 1781950511 1 2669985 3070 10175 4864 10175 4999 -1 
796 1781950511 1781950511 1 2675597 6522 10234 599 10234 599 -1 
979 1781950511 1781950511 1 2677947 2853 10015 135 10015 150 -1 
1121 1781950511 1781950511 1 2665595 6866 10121 2564 10121 792 -1 
1317 1781950511 1781950511 1 2655740 7730 10015 9972 10015 5159 -1 
1660 1781950511 1781950511 1 2645036 4029 10381 934 10381 934 -1 
1906 1781950511 1781950511 1 2634740 5569 10250 101 10594 2545 -1 
2101 1781950511 1781950511 1 2657658 4592 10047 80 10047 4334 -1 
2184 1781950511 1781950511 1 2677945 9611 10072 119 10072 119 -1 
2457 1781950511 1781950511 1 2645310 8325 10074 4515 10074 3005 -1 
15 1781950511 1781950511 1 2580992 10262 4181 10190 2389 10190 2384 -1 
479 1781950511 1781950511 1 2651143 7732 10182 9348 10015 5052 10784 -1 
904 1781950511 1781950511 1 2676659 10921 9118 10015 135 10015 191 -1 
1776 1781950511 1781950511 1 2471115 10915 6569 10838 9486 10004 9322 -1 
139 1781950511 1781950511 1 2678361 5790 10266 440 10010 9101 10010 303 -1 
533 1781950511 1781950511 1 2666186 4402 10070 7479 10007 4438 10007 4438 -1 
591 1781950511 1781950511 1 2662111 10616 533 10735 2670 10571 5775 10700 -1 
2146 1781950511 1781950511 1 2676854 8287 10608 681 10010 8981 10010 9101 -1 
2852 1781950511 1781950511 1 2667642 8868 10002 339 10250 666 10250 482 -1 
1006 1781950511 1781950511 1 2677202 10062 7260 10062 8325 10074 6719 10074 3465 -1 
1659 1781950511 1781950511 1 2674019 8771 10107 8379 10581 101 10122 1080 10122 -1 
2587 1781950511 1781950511 1 2678127 7473 10060 9221 10060 5976 10240 9908 10540 -1 
874 1781950511 1781950511 1 2671007 2558 10549 2558 10549 67 10096 3846 10096 6876 -1 
1805 1781950511 1781950511 1 2677245 6131 10266 951 10266 440 10010 909 10010 3886 -1 
1798 1781950511 1781950511 1 2678145 10069 1672 10069 7220 10182 6239 10044 2598 10044 7676 -1 
2031 1781950511 1781950511 1 2671726 2875 10113 2813 10113 5521 10113 101 10815 5128 10815 -1 
6729 1781950511 1781950511 1 2668815 5912 10602 101 10757 6500 -1 
6776 1781950511 1781950511 1 2505121 6877 10190 451 10190 3349 -1 
6956 1781950511 1781950511 1 2487768 6343 10074 3385 10074 6786 -1 
7214 1781950511 1781950511 1 2568656 8970 10247 282 10190 6209 -1 
7287 1781950511 1781950511 1 2633019 2725 10476 7670 10476 7670 -1 
7409 1781950511 1781950511 1 2677202 6095 10222 4521 10074 3465 -1 
7778 1781950511 1781950511 1 2657805 7050 10026 1313 10026 1313 -1 
7794 1781950511 1781950511 1 2642380 2555 10015 150 10015 2128 -1 
7858 1781950511 1781950511 1 2672433 7762 10647 9486 10004 9486 -1 
7952 1781950511 1781950511 1 2647114 7970 10015 6174 10015 4758 -1 
7362 1781950511 1781950511 1 2678318 10690 7050 10026 4290 10026 4658 -1 
8050 1781950511 1781950511 1 2673807 9547 10092 5667 10057 4048 10456 -1 
8847 1781950511 1781950511 1 2658562 3442 10176 890 10374 5230 10434 -1 
6356 1781950511 1781950511 1 2678098 10698 1822 10763 1015 10007 2462 10007 -1 
6438 1781950511 1781950511 1 2632928 4476 10005 9624 10015 1520 10015 9319 -1 
8604 1781950511 1781950511 1 2661444 1880 10024 4056 10057 8026 10057 3592 -1 
8722 1781950511 1781950511 1 2674794 8228 10032 784 10015 135 10044 359 -1 
8815 1781950511 1781950511 1 2677464 2021 10019 645 10007 1737 10007 1037 -1 
6134 1781950511 1781950511 1 2670030 3812 10006 477 10006 4970 10244 4633 10244 6202 -1 
7519 1781950511 1781950511 1 2677945 7008 10592 7008 10592 7445 10072 119 10072 119 -1 
7996 1781950511 1781950511 1 2677464 9283 10032 3398 10032 542 10007 2462 10007 1037 -1 
8281 1781950511 1781950511 1 2667300 1367 10006 6264 10006 9546 10090 9325 10121 9785 -1 
8460 1781950511 1781950511 1 2666789 1053 10005 6311 10005 6658 10121 838 10305 6995 -1 
8818 1781950511 1781950511 1 2666480 3122 10016 9720 10016 7182 10026 42 10026 8268 -1 
7189 1781950511 1781950511 1 2661194 1446 10006 7795 10006 5776 10006 9033 10090 9092 10111 8157 -1 
8563 1781950511 1781950511 1 2677444 5901 10053 3176 10833 3364 10032 1159 10253 3294 10090 7710 -1 
8035 1781950511 1781950511 1 2675872 5857 10054 3127 10054 1592 10064 1934 10029 1511 10265 9009 10238 -1 
9120 1781950511 1781950511 1 2665257 6187 10072 1895 10025 3807 -1 
9649 1781950511 1781950511 1 2676496 8746 10072 119 10072 1013 -1 
10257 1781950511 1781950511 1 2668316 160 10090 8144 10340 4702 -1 
10384 1781950511 1781950511 1 2664314 2662 10037 3527 10090 9488 -1 
10648 1781950511 1781950511 1 2594155 7410 10488 1671 10488 6514 -1 
10663 1781950511 1781950511 1 2641185 5557 10618 101 10432 4718 -1 
10904 1781950511 1781950511 1 2664237 527 10090 2232 10240 2564 -1 
11434 1781950511 1781950511 1 2677224 2364 10072 119 10072 364 -1 
11870 1781950511 1781950511 1 2570157 9288 10026 2625 10026 2223 -1 
10186 1781950511 1781950511 1 2569484 2222 10148 1778 10057 4315 10341 6142 -1 
10561 1781950511 1781950511 1 2644679 6488 10147 4337 10103 7237 10103 7237 -1 
10612 1781950511 1781950511 1 2675683 6161 10033 337 10027 43 10027 9895 -1 
11235 1781950511 1781950511 1 2676763 6869 10158 576 10015 150 10015 5007 -1 
11538 1781950511 1781950511 1 2677947 9200 10593 6956 10015 2710 10015 150 -1 
9218 1781950511 1781950511 1 2677945 5401 10530 5401 10159 6581 10072 119 10072 -1 
10422 1781950511 1781950511 1 2675358 5562 10031 8865 10031 9496 10007 4438 10007 4216 -1 
9617 1781950511 1781950511 1 2673393 10038 2600 10211 404 10078 8859 10802 6738 10378 6107 -1 
9925 1781950511 1781950511 1 2676279 2554 10038 4829 10038 8088 10038 9894 10027 9895 10027 43 -1 
10263 1781950511 1781950511 1 2676659 1235 10231 3183 10158 576 10280 576 10015 135 10015 191 -1 
11075 1781950511 1781950511 1 2676763 6907 10052 8030 10052 7103 10052 576 10015 191 10015 5007 -1 
10957 1781950511 1781950511 1 2672957 6905 10152 5232 10152 9160 10152 9160 10152 576 10015 191 10015 2710 -1 
262 1781950511 1781950511 1 2650254 10068 101 10074 2631 10074 6719 -1 
295 1781950511 1781950511 1 2676603 4653 10281 3288 10281 8028 10281 -1 
450 1781950511 1781950511 1 2675990 4589 10599 2852 10020 28 10143 -1 
513 1781950511 1781950511 1 2668279 10708 3140 10011 7449 10081 1034 -1 
600 1781950511 1781950511 1 2673851 2123 10063 1468 10063 1468 10063 -1 
776 1781950511 1781950511 1 2647105 7394 10371 101 10805 4958 10805 -1 
1085 1781950511 1781950511 1 2660679 10860 101 10089 7215 10089 5741 -1 
2050 1781950511 1781950511 1 2678365 7352 10025 3807 10025 123 10025 -1 
2560 1781950511 1781950511 1 2677199 1462 10000 0 10000 0 10000 -1 
338 1781950511 1781950511 1 2677947 8878 10076 9972 10015 150 10015 150 -1 
441 1781950511 1781950511 1 2678362 1120 10128 885 10010 303 10010 2916 -1 
587 1781950511 1781950511 1 2676458 2425 10107 7676 10044 135 10015 1090 -1 
941 1781950511 1781950511 1 2676763 6646 10113 9479 10015 7701 10015 5007 -1 
1057 1781950511 1781950511 1 2631853 7027 10076 9583 10121 9583 10121 2613 -1 
1312 1781950511 1781950511 1 2661479 4856 10008 8521 10095 8653 10095 6248 -1 
1612 1781950511 1781950511 1 2664237 1269 10076 5934 10090 2232 10240 2564 -1 
1739 1781950511 1781950511 1 2612600 7869 10277 217 10010 509 10010 3474 -1 
2020 1781950511 1781950511 1 2656297 5434 10077 101 10428 7547 10428 3322 -1 
2281 1781950511 1781950511 1 2662495 6521 10697 7411 10367 8549 10367 8839 -1 
2428 1781950511 1781950511 1 2659660 1668 10086 2755 10046 7269 10046 7571 -1 
2957 1781950511 1781950511 1 2667561 5434 10077 101 10672 101 10614 6329 -1 
263 1781950511 1781950511 1 2677444 5187 10215 5187 10215 5110 10090 7743 10090 7710 -1 
1323 1781950511 1781950511 1 2678362 3542 10076 6145 10076 7603 10010 9101 10010 2916 -1 
1687 1781950511 1781950511 1 2676165 4808 10009 8841 10009 7274 10074 8639 10074 7416 -1 
2274 1781950511 1781950511 1 2678098 6417 10318 6672 10318 1988 10007 1037 10007 2462 -1 
2564 1781950511 1781950511 1 2656720 8260 10060 2467 10463 7770 10540 7129 10340 5925 -1 
2930 1781950511 1781950511 1 2671407 8782 10076 9819 10076 3722 10938 9715 10413 3206 -1 
907 1781950511 1781950511 1 2677947 8617 10266 9096 10266 9096 10266 3254 10015 150 10047 150 10015 -1 
1234 1781950511 1781950511 1 2678145 10921 9493 10322 7033 10322 6132 10322 2598 10044 2598 10044 7676 -1 
667 1781950511 1781950511 1 2676968 3815 10070 2773 10070 718 10079 6687 10079 426 10220 2927 10220 5727 10220 -1 
7100 1781950511 1781950511 1 2673497 10315 1013 10072 119 10072 4220 -1 
7134 1781950511 1781950511 1 2659363 5578 10188 8839 10537 7411 10430 -1 
7647 1781950511 1781950511 1 2677199 1159 10000 0 10000 0 10000 -1 
7901 1781950511 1781950511 1 2677945 2881 10072 119 10072 119 10072 -1 
8901 1781950511 1781950511 1 2675820 3139 10150 165 10150 5164 10461 -1 
6849 1781950511 1781950511 1 2673497 4184 10049 7384 10072 119 10072 4220 -1 
6878 1781950511 1781950511 1 2677896 2974 10019 7422 10015 135 10015 135 -1 
7155 1781950511 1781950511 1 2675316 7528 10032 1769 10089 5741 10089 7265 -1 
7627 1781950511 1781950511 1 2677756 3642 10032 2568 10524 361 10046 4014 -1 
8026 1781950511 1781950511 1 2666288 5830 10032 1545 10096 3846 10096 6708 -1 
8063 1781950511 1781950511 1 2670802 1164 10401 2068 10010 274 10010 9503 -1 
8562 1781950511 1781950511 1 2677129 3769 10054 5052 10010 274 10010 9936 -1 
8850 1781950511 1781950511 1 2673266 7482 10049 5739 10724 5739 10129 6589 -1 
6059 1781950511 1781950511 1 2672654 2574 10032 9821 10121 9785 10121 2852 10037 -1 
6501 1781950511 1781950511 1 2674361 167 10032 734 10032 5802 10025 3357 10025 3014 -1 
6607 1781950511 1781950511 1 2658956 975 10019 3954 10019 3484 10103 4537 10103 3840 -1 
6611 1781950511 1781950511 1 2630437 5761 10243 8308 10243 9972 10240 9972 10121 9076 -1 
6678 1781950511 1781950511 1 2674357 2013 10114 9521 10114 963 10111 8157 10111 9963 -1 
7090 1781950511 1781950511 1 2675092 3910 10054 3918 10054 6876 10096 3966 10096 1907 -1 
7366 1781950511 1781950511 1 2646202 2201 10032 6593 10054 1078 10063 1795 10063 1792 -1 
8441 1781950511 1781950511 1 2650646 6534 10032 3156 10032 7434 10789 3841 10374 4732 -1 
7400 1781950511 1781950511 1 2672433 5109 10088 5109 10088 4972 10108 9486 10647 9486 10004 9486 -1 
8477 1781950511 1781950511 1 2677945 4681 10019 2380 10019 3366 10019 8463 10072 119 10072 119 -1 
7747 1781950511 1781950511 1 2669979 6095 10032 2438 10032 9925 10032 4573 10032 7683 10247 1003 10247 6513 -1 
9213 1781950511 1781950511 1 2671116 2170 10165 7164 10165 7886 10339 -1 
9741 1781950511 1781950511 1 2678098 5338 10007 1737 10007 2462 10007 -1 
10584 1781950511 1781950511 1 2658956 8758 10007 1737 10007 3840 10103 -1 
10603 1781950511 1781950511 1 2669448 2190 10614 6376 10614 6590 10614 -1 
10851 1781950511 1781950511 1 2653822 10837 5411 10122 101 10614 2256 -1 
9444 1781950511 1781950511 1 2675010 1476 10036 7873 10075 3267 10075 9770 -1 
10145 1781950511 1781950511 1 2674797 10449 1688 10223 9684 10223 9684 10223 -1 
10588 1781950511 1781950511 1 2676854 7728 10021 3291 10010 7603 10010 9101 -1 
10789 1781950511 1781950511 1 2650592 4711 10360 2670 10571 5580 10571 2286 -1 
10607 1781950511 1781950511 1 2675010 8153 10147 3623 10075 9770 10075 9770 10075 -1 
10852 1781950511 1781950511 1 2638614 3284 10682 3284 10014 2616 10473 7263 10747 -1 
10760 1781950511 1781950511 1 2675152 4830 10551 6030 10551 2335 10551 4045 10010 274 10010 369 -1 
11574 1781950511 1781950511 1 2628495 1857 10187 441 10187 441 10187 6926 10419 9810 10419 5154 -1 
421 1781950511 1781950511 1 2642043 2845 10072 119 10072 1669 10072 4118 -1 
509 1781950511 1781950511 1 2677896 1768 10015 7024 10015 135 10015 135 -1 
942 1781950511 1781950511 1 2674361 4727 10057 443 10025 3357 10025 3014 -1 
973 1781950511 1781950511 1 2677896 9493 10015 191 10015 150 10015 135 -1 
1339 1781950511 1781950511 1 2674463 56 10096 3846 10096 3966 10096 3966 -1 
1403 1781950511 1781950511 1 2676697 747 10010 9502 10010 9446 10010 8981 -1 
1560 1781950511 1781950511 1 2639175 718 10120 3932 10120 8061 10120 2752 -1 
2046 1781950511 1781950511 1 2595698 6521 10379 3323 10379 3894 10379 3268 -1 
2836 1781950511 1781950511 1 2661243 1789 10190 2389 10247 3807 10025 7031 -1 
793 1781950511 1781950511 1 2636580 10506 8337 10672 101 10081 1034 10081 2514 -1 
798 1781950511 1781950511 1 2663650 10813 4996 10074 1751 10074 4515 10074 7274 -1 
1772 1781950511 1781950511 1 2667735 1311 10517 482 10774 3898 10774 3898 10343 -1 
2172 1781950511 1781950511 1 2664552 124 10076 6656 10090 2867 10090 7949 10746 -1 
13 1781950511 1781950511 1 2676659 9057 10277 5357 10015 135 10015 1090 10015 191 -1 
830 1781950511 1781950511 1 2669910 6915 10262 685 10063 9636 10063 7198 10063 6013 -1 
1052 1781950511 1781950511 1 2667040 10373 1137 10373 101 10432 4718 10301 9203 10672 -1 
2240 1781950511 1781950511 1 2645440 4454 10060 2872 10020 893 10143 2324 10143 2955 -1 
2703 1781950511 1781950511 1 2676556 3043 10768 3043 10768 101 10234 599 10234 7547 10234 -1 
6015 1781950511 1781950511 1 2643199 487 10121 9583 10121 9785 10121 3451 -1 
6250 1781950511 1781950511 1 2499787 1995 10331 3105 10090 8882 10090 4021 -1 
6282 1781950511 1781950511 1 2677945 3876 10072 364 10072 119 10072 119 -1 
6532 1781950511 1781950511 1 2674284 7922 10004 6804 10010 303 10010 1503 -1 
6727 1781950511 1781950511 1 2638250 8762 10121 9338 10121 9076 10121 3554 -1 
7410 1781950511 1781950511 1 2646805 9675 10381 397 10635 397 10635 4213 -1 
7723 1781950511 1781950511 1 2669783 9568 10072 119 10072 119 10072 1910 -1 
7806 1781950511 1781950511 1 2675092 7297 10096 5098 10096 3966 10096 1907 -1 
7813 1781950511 1781950511 1 2674815 6385 10015 7701 10015 135 10044 2598 -1 
8461 1781950511 1781950511 1 2672433 7104 10838 9486 10647 9486 10004 9486 -1 
8827 1781950511 1781950511 1 2676466 9010 10210 170 10010 1797 10010 9446 -1 
8982 1781950511 1781950511 1 2677444 2051 10210 4899 10090 646 10090 7710 -1 
6999 1781950511 1781950511 1 2677945 6557 10176 3873 10072 119 10072 364 10072 119 -1 
7008 1781950511 1781950511 1 2677945 3915 10054 542 10007 8463 10072 119 10072 119 -1 
7252 1781950511 1781950511 1 2666636 1233 10054 2887 10057 5593 10161 9037 10161 9037 -1 
6189 1781950511 1781950511 1 2677945 5268 10053 1237 10214 4225 10072 119 10072 119 10072 -1 
7486 1781950511 1781950511 1 2673851 6270 10024 242 10024 1826 10063 6024 10063 1468 10063 -1 
8852 1781950511 1781950511 1 2670130 511 10032 9133 10032 2568 10160 2556 10169 3498 10919 -1 
8936 1781950511 1781950511 1 2676603 5497 10176 476 10050 1146 10281 7068 10281 8028 10281 -1 
6471 1781950511 1781950511 1 2676854 8394 10406 8394 10406 1701 10668 121 10010 3886 10010 9101 -1 
7867 1781950511 1781950511 1 2678362 1650 10154 9696 10092 9930 10269 8010 10010 303 10010 2916 -1 
7821 1781950511 1781950511 1 2675922 1467 10092 1237 10176 2491 10176 9343 10046 9163 10046 9947 10583 -1 
6711 1781950511 1781950511 1 2676466 1675 10006 2114 10006 1169 10006 2445 10006 9033 10090 2867 10090 773 10010 9446 -1 
9491 1781950511 1781950511 1 2673118 7816 10165 8578 10359 3129 10181 9402 -1 
9503 1781950511 1781950511 1 2657805 6403 10026 42 10026 1313 10026 1313 -1 
9878 1781950511 1781950511 1 2676590 7525 10010 909 10010 9509 10010 563 -1 
10122 1781950511 1781950511 1 2637803 3293 10281 7418 10281 8535 10281 7075 -1 
10406 1781950511 1781950511 1 2677100 2260 10072 307 10072 119 10072 1669 -1 
10432 1781950511 1781950511 1 2677947 5272 10044 2038 10044 135 10015 150 -1 
10641 1781950511 1781950511 1 2561875 420 10201 9370 10201 9076 10121 4094 -1 
11564 1781950511 1781950511 1 2661718 1472 10043 1314 10043 7233 10043 1314 -1 
11621 1781950511 1781950511 1 2655592 612 10405 2671 10025 123 10025 40 -1 
9263 1781950511 1781950511 1 2659529 228 10127 6533 10063 3771 10063 7259 10063 7259 -1 
10154 1781950511 1781950511 1 2676659 5099 10158 576 10015 8401 10015 135 10015 191 -1 
10722 1781950511 1781950511 1 2678098 2659 10394 6503 10007 1737 10007 1737 10007 2462 -1 
10855 1781950511 1781950511 1 2677870 9992 10033 4784 10096 3846 10096 3966 10096 5634 -1 
11475 1781950511 1781950511 1 2677947 6032 10770 126 10056 9972 10015 191 10015 150 10015 -1 
10165 1781950511 1781950511 1 2665549 7625 10104 6921 10104 3920 10172 9368 10172 9368 10172 4310 -1 
10558 1781950511 1781950511 1 2659529 4939 10124 1771 10124 2349 10015 150 10015 5979 10063 7259 -1 
10754 1781950511 1781950511 1 2677896 1615 10052 5782 10052 3928 10015 135 10015 150 10015 135 -1 
10203 1781950511 1781950511 1 2658956 301 10147 301 10147 8153 10147 9943 10007 2167 10007 3840 10103 -1 
46 1781950511 1781950511 1 2654713 10319 8283 10310 4804 10160 479 10170 479 -1 
62 1781950511 1781950511 1 2668336 7836 10565 4719 10497 1703 10497 3849 10497 -1 
131 1781950511 1781950511 1 2673497 10193 1248 10072 119 10072 307 10072 4220 -1 
545 1781950511 1781950511 1 2677947 2588 10015 150 10015 150 10015 150 10015 -1 
923 1781950511 1781950511 1 2673807 10903 241 10594 241 10164 4048 10456 4048 -1 
1957 1781950511 1781950511 1 2675208 8451 10020 9711 10020 9972 10020 1581 10020 -1 
2963 1781950511 1781950511 1 2672672 4531 10063 4226 10063 9284 10090 6656 10340 -1 
365 1781950511 1781950511 1 2676556 2110 10068 101 10672 101 10428 7547 10234 7547 -1 
601 1781950511 1781950511 1 2647105 6676 10332 101 10568 3601 10568 101 10805 4958 -1 
1525 1781950511 1781950511 1 2677947 1815 10113 2888 10015 135 10015 191 10015 150 -1 
833 1781950511 1781950511 1 2665731 10128 3317 10425 2389 10190 8798 10190 984 10190 2996 -1 
1689 1781950511 1781950511 1 2678127 107 10018 4239 10795 4814 10090 763 10090 9908 10540 -1 
1387 1781950511 1781950511 1 2674019 1618 10483 1618 10483 2416 10197 101 10122 1783 10122 1080 -1 
6477 1781950511 1781950511 1 2677945 10141 9798 10072 119 10072 119 10072 119 -1 
6491 1781950511 1781950511 1 2675010 7654 10075 186 10075 9770 10075 9770 10075 -1 
6977 1781950511 1781950511 1 2677947 8487 10000 0 10015 191 10015 150 10015 -1 
7325 1781950511 1781950511 1 2647882 610 10013 8357 10203 7496 10203 1279 10845 -1 
7392 1781950511 1781950511 1 2673579 5109 10838 3694 10838 9486 10647 9409 10647 -1 
7589 1781950511 1781950511 1 2677945 9572 10072 119 10072 119 10072 119 10072 -1 
7738 1781950511 1781950511 1 2677199 9462 10072 1669 10072 0 10000 0 10000 -1 
8540 1781950511 1781950511 1 2675316 4401 10175 2237 10497 3879 10089 7265 10089 -1 
6338 1781950511 1781950511 1 2673851 3642 10032 4226 10063 4523 10063 7259 10063 1468 -1 
6504 1781950511 1781950511 1 2673291 7820 10125 7411 10537 7116 10515 1535 10515 1535 -1 
6954 1781950511 1781950511 1 2674815 1151 10176 7645 10015 1090 10015 135 10044 2598 -1 
7153 1781950511 1781950511 1 2673291 10898 8178 10760 7449 10594 241 10388 1535 10515 -1 
7900 1781950511 1781950511 1 2665595 8152 10174 4759 10121 2232 10240 9325 10121 792 -1 
7944 1781950511 1781950511 1 2677945 8682 10019 6443 10072 119 10072 119 10072 119 -1 
8526 1781950511 1781950511 1 2675872 3612 10054 1305 10265 7123 10265 924 10238 9009 -1 
8763 1781950511 1781950511 1 2674297 8636 10176 9617 10170 3382 10046 8661 10203 7496 -1 
8836 1781950511 1781950511 1 2673408 350 10032 2401 10015 1090 10015 135 10015 207 10117 -1 
6432 1781950511 1781950511 1 2666341 286 10006 8943 10006 972 10340 7129 10340 8144 10340 8858 -1 
7066 1781950511 1781950511 1 2666591 9518 10050 8320 10050 9948 10143 2324 10143 2324 10143 3825 -1 
8640 1781950511 1781950511 1 2673003 1955 10032 1809 10032 1348 10015 150 10047 150 10015 6395 -1 
7041 1781950511 1781950511 1 2666575 2213 10019 9441 10019 1824 10233 9721 10102 8992 10102 7638 10814 -1 
6868 1781950511 1781950511 1 2677041 3743 10032 1055 10032 9783 10032 5192 10233 6290 10163 391 10046 1409 -1 
8280 1781950511 1781950511 1 2674284 5907 10032 9177 10118 2030 10049 3482 10010 485 10010 909 10010 1503 -1 
9313 1781950511 1781950511 1 2677947 9597 10047 150 10015 6174 10015 150 10015 -1 
10672 1781950511 1781950511 1 2674750 10035 4534 10273 878 10273 9738 10792 4534 -1 
10694 1781950511 1781950511 1 2631962 7815 10000 0 10000 4249 10164 2556 10740 -1 
10218 1781950511 1781950511 1 2678098 6828 10147 9943 10007 2167 10007 2462 10007 2462 -1 
10416 1781950511 1781950511 1 2659529 5250 10901 4473 10063 8330 10063 1468 10063 7259 -1 
10457 1781950511 1781950511 1 2667040 3298 10412 1243 10226 4187 10226 101 10672 9203 -1 
21 1781950511 1781950511 1 2673291 7484 10046 9754 10170 9970 10515 1535 10515 1535 -1 
559 1781950511 1781950511 1 2677947 1437 10044 69 10044 2598 10044 135 10015 150 -1 
908 1781950511 1781950511 1 2666913 6225 10190 6507 10190 7555 10190 7555 10129 5739 -1 
2312 1781950511 1781950511 1 2672115 588 10343 7933 10010 9897 10010 2365 10010 8881 -1 
2339 1781950511 1781950511 1 2640438 3408 10007 6517 10007 6693 10007 3029 10007 6693 -1 
2705 1781950511 1781950511 1 2677947 309 10098 7290 10015 4264 10015 135 10015 150 -1 
829 1781950511 1781950511 1 2673169 2973 10022 241 10378 6107 10378 2556 10510 2556 10513 -1 
1866 1781950511 1781950511 1 2662099 10624 8873 10047 150 10047 150 10015 4034 10044 69 -1 
483 1781950511 1781950511 1 2676556 1993 10002 1947 10234 7547 10428 3322 10428 7547 10234 7547 -1 
1025 1781950511 1781950511 1 2674463 7929 10263 56 10096 1907 10096 7195 10096 3846 10096 3966 -1 
89 1781950511 1781950511 1 2677947 6915 10069 939 10581 7108 10015 150 10015 135 10015 150 10015 150 -1 
6086 1781950511 1781950511 1 2673402 10523 5487 10310 4804 10502 6142 10341 9826 10636 -1 
6943 1781950511 1781950511 1 2678145 1451 10047 4334 10047 150 10015 135 10044 7676 -1 
7346 1781950511 1781950511 1 2677100 4991 10936 6741 10072 9766 10072 119 10072 1669 -1 
8182 1781950511 1781950511 1 2674815 9345 10015 135 10044 135 10044 359 10044 2598 -1 
8515 1781950511 1781950511 1 2599645 6353 10737 9834 10737 9621 10737 9834 10737 4033 -1 
6274 1781950511 1781950511 1 2674337 1592 10032 542 10007 1737 10007 2462 10007 1737 10007 1737 -1 
7488 1781950511 1781950511 1 2676321 5825 10032 4367 10032 7060 10032 2568 10695 9329 10583 7383 10471 6541 10302 -1 
10480 1781950511 1781950511 1 2676763 8966 10047 80 10047 150 10015 1090 10015 5007 -1 
10715 1781950511 1781950511 1 2675621 8102 10072 119 10072 3859 10156 9714 10156 9714 -1 
11341 1781950511 1781950511 1 2651550 506 10010 5937 10010 4229 10010 5086 10010 1383 -1 
11346 1781950511 1781950511 1 2677947 7988 10459 4637 10015 135 10015 135 10015 150 -1 
11367 1781950511 1781950511 1 2676763 6959 10030 615 10044 135 10015 191 10015 150 10015 5007 -1 
538 1781950511 1781950511 1 2653822 10077 5434 10077 101 10371 101 10568 101 10602 101 10614 2256 -1 
1284 1781950511 1781950511 1 2677945 4382 10325 4382 10175 4429 10183 4118 10072 119 10072 119 10072 -1 
571 1781950511 1781950511 1 2678145 4562 10059 2467 10463 7261 10307 7261 10015 135 10015 135 10044 7676 -1 
2544 1781950511 1781950511 1 2677947 1199 10062 8325 10062 7260 10015 1456 10015 135 10015 191 10015 150 10015 -1 
7096 1781950511 1781950511 1 2677945 724 10072 119 10072 8011 10072 119 10072 119 10072 -1 
6492 1781950511 1781950511 1 2668316 8739 10032 3397 10121 9330 10540 7129 10340 8144 10340 4702 -1 
7660 1781950511 1781950511 1 2677945 10131 8332 10072 119 10072 119 10072 119 10072 119 10072 -1 
8052 1781950511 1781950511 1 2678233 5330 10024 783 10790 101 10553 7766 10226 566 10226 9964 -1 
8170 1781950511 1781950511 1 2677446 1893 10538 1999 10010 802 10010 8052 10010 3886 10010 552 -1 
8981 1781950511 1781950511 1 2678098 9441 10019 3688 10019 9566 10072 6428 10007 1737 10007 1037 10007 2462 -1 
9917 1781950511 1781950511 1 2678233 3623 10147 6861 10226 566 10226 566 10226 566 10226 9964 -1 
11694 1781950511 1781950511 1 2676624 263 10031 5947 10057 2092 10405 2092 10405 9470 10405 9625 -1 
9076 1781950511 1781950511 1 2675922 10136 2543 10417 7408 10046 361 10163 6290 10170 3188 10583 9947 10583 -1 
1714 1781950511 1781950511 1 2675922 8451 10020 927 10403 6390 10404 9721 10233 3942 10583 9947 -1 
1842 1781950511 1781950511 1 2662063 4335 10047 150 10015 9972 10020 9318 10020 1040 10020 1478 -1 
2527 1781950511 1781950511 1 2674815 6328 10015 135 10015 1348 10015 135 10044 359 10044 2598 -1 
181 1781950511 1781950511 1 2676556 5312 10581 101 10371 5670 10371 101 10428 7547 10234 7547 10234 -1 
1199 1781950511 1781950511 1 2672654 6751 10462 7710 10156 6397 10374 9396 10121 844 10121 2852 10037 -1 
1621 1781950511 1781950511 1 2676556 7303 10002 3 10432 101 10234 7547 10234 599 10234 599 10234 7547 -1 
6771 1781950511 1781950511 1 2672846 1191 10524 4836 10510 9682 10510 9826 10368 3581 10368 3737 -1 
7185 1781950511 1781950511 1 2676783 7560 10010 563 10010 8052 10010 3779 10010 6292 10010 18 -1 
8391 1781950511 1781950511 1 2678139 7288 10072 4705 10707 5709 10613 2556 10164 4804 10164 9929 -1 
8650 1781950511 1781950511 1 2677945 8742 10072 119 10072 119 10072 119 10072 364 10072 119 -1 
8787 1781950511 1781950511 1 2678098 8133 10032 390 10007 6352 10007 2462 10007 1737 10007 1737 10007 2462 -1 
9626 1781950511 1781950511 1 2675010 7763 10126 101 10371 101 10075 9770 10075 186 10075 9770 10075 -1 
11876 1781950511 1781950511 1 2649340 7768 10297 7833 10014 5554 10402 9223 10491 9470 10541 2020 10541 2020 -1 
7305 1781950511 1781950511 1 2678362 10290 818 10026 1313 10026 732 10010 8273 10010 303 10010 2916 -1 
7378 1781950511 1781950511 1 2674174 10084 241 10370 5886 10370 7116 10817 7886 10161 4048 10181 1232 -1 
7943 1781950511 1781950511 1 2678362 8625 10063 4130 10063 1564 10010 8273 10010 552 10010 2916 10010 -1 
7757 1781950511 1781950511 1 2673169 2379 10084 2603 10084 8154 10229 7051 10174 9451 10527 3833 10612 1819 10339 7648 10505 2556 10337 2556 10513 
11208 1781950511 1781950511 1 2673408 7205 10000 0 10015 9818 10015 1520 10015 7701 10015 207 10117 -1 
275 1781950511 1781950511 1 2677947 7499 10015 2073 10015 135 10015 135 10015 1090 10015 135 10015 150 -1 
8486 1781950511 1781950511 1 2677257 1873 10118 2232 10121 2852 10143 2324 10143 2955 10143 2852 10121 9215 10121 -1 
9067 1781950511 1781950511 1 2658956 2655 10247 4732 10103 4537 10103 5097 10103 4537 10103 7237 10103 3840 -1 
11914 1781950511 1781950511 1 2678145 3086 10242 7813 10000 0 10015 150 10015 150 10015 135 10044 7676 -1 
10940 1781950511 1781950511 1 2677947 6484 10072 4705 10000 0 10015 191 10015 150 10047 150 10015 150 10015 -1 
8659 1781950511 1781950511 1 2673807 9384 10181 8730 10524 6726 10582 6726 10161 7886 10161 4352 10181 4048 10456 4048 -1 
4060 1781950511 1781950511 2 2666473 9863 10142 7289 -1 
3082 1781950511 1781950511 2 2677639 3706 10555 2565 10555 -1 
5615 1781950511 1781950511 2 2674204 7828 10010 855 10022 720 -1 
5564 1781950511 1781950511 2 2672007 1279 10203 7561 10282 5224 10013 -1 
4451 1781950511 1781950511 2 2672007 5554 10402 9557 10282 6114 10282 5224 10013 -1 
4597 1781950511 1781950511 2 2668382 1604 10007 2333 10007 5620 10007 9145 10586 2723 -1 
4699 1781950511 1781950511 2 2666773 3479 10305 9479 10015 9948 10015 9863 10142 7118 -1 
3303 1781950511 1781950511 2 2664781 5266 10163 9505 10013 4867 10388 7249 10681 7352 10102 -1 
5963 1781950511 1781950511 2 2670518 4981 10072 119 10072 5447 10072 1575 10072 3467 10311 -1 
3838 1781950511 1781950511 2 2677639 3231 10117 4021 10090 5348 10090 7743 10090 9325 10240 5951 10037 2565 10555 -1 
7405 1781950511 1781950511 2 2647998 2427 10019 3618 10909 -1 
8171 1781950511 1781950511 2 2674204 2593 10176 2491 10084 517 10022 720 -1 
8851 1781950511 1781950511 2 2670518 9893 10032 9907 10032 4640 10032 3467 10311 -1 
3811 1781950511 1781950511 2 2628519 5025 10063 6751 10076 9583 -1 
4567 1781950511 1781950511 2 2638622 6957 10063 7849 10864 3083 -1 
4712 1781950511 1781950511 2 2042875 4010 10111 6168 10193 896 -1 
4305 1781950511 1781950511 2 2659555 10891 4600 10343 5831 10072 4815 10076 9784 -1 
7167 1781950511 1781950511 2 2667435 6203 10406 5769 10101 4635 -1 
8986 1781950511 1781950511 2 2658564 9356 10032 2557 10032 9129 10032 9023 10049 4815 10076 8449 -1 
3891 1781950511 1781950511 2 2664732 8920 10044 5462 10554 7352 10802 -1 
5319 1781950511 1781950511 2 2678128 2785 10320 8649 10528 7030 10047 -1 
7634 1781950511 1781950511 2 2660383 3036 10289 9965 10289 976 -1 
8459 1781950511 1781950511 2 2646777 1097 10349 8233 10349 9213 -1 
10995 1781950511 1781950511 2 2666684 1390 10009 2771 10009 3286 -1 
11196 1781950511 1781950511 2 2677128 8007 10356 2033 10033 3865 10444 4205 10444 4765 -1 
5346 1781950511 1781950511 2 2654086 10057 7356 10086 3878 10086 4727 10904 -1 
5584 1781950511 1781950511 2 2660383 10366 976 10289 9965 10289 9965 10289 976 -1 
7204 1781950511 1781950511 2 2660383 20 10289 9965 10289 9965 10289 976 -1 
7851 1781950511 1781950511 2 2658564 1304 10032 4815 10076 9994 10076 9994 10076 8449 -1 
193 1781950511 1781950511 2 2668353 8087 10118 4194 -1 
2624 1781950511 1781950511 2 2660528 2629 10338 2709 10366 -1 
359 1781950511 1781950511 2 2657459 4628 10623 9601 10623 8443 10623 1945 10439 4861 -1 
1024 1781950511 1781950511 2 2653138 7665 10060 8260 10060 6623 10060 5569 10032 9358 -1 
2010 1781950511 1781950511 2 2670892 6506 10321 6506 10318 6417 10318 5711 10237 4764 -1 
2071 1781950511 1781950511 2 2672749 10059 3216 10065 8630 10065 106 10065 3439 10229 656 -1 
859 1781950511 1781950511 2 2660528 2629 10338 2660 10338 6968 10338 2534 10338 8684 10338 2709 10366 -1 
3216 1781950511 1781950511 2 2637145 5447 10174 5447 -1 
3730 1781950511 1781950511 2 2669835 9322 10237 4130 -1 
4497 1781950511 1781950511 2 2671730 1146 10054 3908 -1 
5269 1781950511 1781950511 2 2293415 9798 10141 9948 -1 
3167 1781950511 1781950511 2 2674934 2232 10121 844 10121 2765 10259 -1 
4150 1781950511 1781950511 2 2636988 10099 9872 10099 9872 10019 3336 -1 
5077 1781950511 1781950511 2 2674910 10430 5634 10247 7683 10032 661 -1 
4981 1781950511 1781950511 2 2676307 6174 10015 0 10072 9566 10114 640 -1 
5342 1781950511 1781950511 2 2665983 6258 10090 4173 10090 7743 10064 7743 -1 
4745 1781950511 1781950511 2 2673284 7683 10144 1206 10379 4209 10495 9080 10374 -1 
4995 1781950511 1781950511 2 2678378 385 10648 2028 10221 2028 10648 1071 10129 -1 
5761 1781950511 1781950511 2 2674934 4861 10910 7440 10121 2232 10121 2765 10259 -1 
4306 1781950511 1781950511 2 2587866 8297 10046 9476 10046 9869 10647 450 10054 7235 -1 
5835 1781950511 1781950511 2 2673284 2815 10168 7194 10168 3268 10379 4209 10495 9080 10374 -1 
3667 1781950511 1781950511 2 2676630 4073 10170 8555 10160 4804 10681 3573 10025 4599 10019 1228 -1 
9171 1781950511 1781950511 2 2587866 9982 10054 7235 -1 
10885 1781950511 1781950511 2 2466257 4012 10306 6247 -1 
11647 1781950511 1781950511 2 2665252 9995 10406 5764 -1 
11845 1781950511 1781950511 2 2570683 1182 10114 493 -1 
9406 1781950511 1781950511 2 2659972 10871 7783 10029 9715 -1 
9432 1781950511 1781950511 2 2662945 1937 10530 9371 10019 7422 -1 
9484 1781950511 1781950511 2 2678060 6604 10348 576 10211 4526 10024 131 -1 
9549 1781950511 1781950511 2 2674749 8382 10033 3179 10033 1346 10006 5387 -1 
10089 1781950511 1781950511 2 2665983 5317 10124 3510 10040 9363 10064 7743 -1 
10731 1781950511 1781950511 2 2677663 10035 9153 10035 9777 10038 2368 10019 8760 -1 
11624 1781950511 1781950511 2 2660060 5356 10148 554 10031 9150 10031 9933 10833 9716 -1 
1900 1781950511 1781950511 2 2668218 10683 2709 10214 5230 -1 
3807 1781950511 1781950511 2 2677648 10749 3925 10114 6873 -1 
4773 1781950511 1781950511 2 2642655 10874 1692 10092 3813 -1 
4808 1781950511 1781950511 2 2605159 1184 10092 655 10829 -1 
3830 1781950511 1781950511 2 2642263 49 10037 3485 10006 6015 -1 
5487 1781950511 1781950511 2 2671831 8296 10111 2013 10114 9566 -1 
5991 1781950511 1781950511 2 2676307 9999 10244 20 10114 640 -1 
3441 1781950511 1781950511 2 2669425 2842 10090 7862 10032 4097 10803 -1 
5096 1781950511 1781950511 2 2658212 8578 10192 9837 10456 4986 10464 524 10084 3911 10257 -1 
11067 1781950511 1781950511 2 2462474 10908 37 10064 7831 -1 
11806 1781950511 1781950511 2 2674749 10056 3657 10006 5387 -1 
10340 1781950511 1781950511 2 2573281 4936 10153 9257 10176 7623 -1 
10932 1781950511 1781950511 2 2640535 2957 10031 8271 10196 3744 -1 
11372 1781950511 1781950511 2 2659972 5169 10391 4439 10029 9715 -1 
11677 1781950511 1781950511 2 2647592 4936 10211 9996 10050 5667 -1 
9639 1781950511 1781950511 2 2662945 4451 10151 312 10151 2793 10151 8896 10151 8896 10151 9931 10019 7422 -1 
3098 1781950511 1781950511 2 2673967 4969 10032 336 10149 6425 -1 
3824 1781950511 1781950511 2 2618823 4816 10032 9697 10032 8701 -1 
3901 1781950511 1781950511 2 2657171 598 10032 8150 10032 8711 -1 
4266 1781950511 1781950511 2 2654206 2255 10032 1304 10032 7862 -1 
4543 1781950511 1781950511 2 2658497 9919 10053 5157 10209 2085 -1 
4870 1781950511 1781950511 2 2678060 2166 10439 4056 10024 131 -1 
3429 1781950511 1781950511 2 2669177 4149 10020 5667 10092 6679 10092 1776 -1 
5076 1781950511 1781950511 2 2669427 5715 10044 5743 10032 8931 10032 7543 -1 
5206 1781950511 1781950511 2 2676307 707 10072 9566 10114 813 10114 640 -1 
3497 1781950511 1781950511 2 2664963 10273 4935 10273 1185 10273 4935 10050 2969 10064 2294 -1 
9304 1781950511 1781950511 2 2594352 6771 10092 1612 10538 9330 -1 
9346 1781950511 1781950511 2 2608281 2912 10176 1237 10084 5443 -1 
10163 1781950511 1781950511 2 2606410 530 10032 9760 10092 4138 -1 
10321 1781950511 1781950511 2 2640572 4372 10024 7824 10053 9838 -1 
10527 1781950511 1781950511 2 2665983 2338 10064 276 10064 7743 -1 
11342 1781950511 1781950511 2 2676091 7138 10174 163 10092 4705 -1 
9335 1781950511 1781950511 2 2676516 3568 10031 7443 10024 4056 10024 8304 -1 
10515 1781950511 1781950511 2 2653138 2794 10038 7304 10038 7803 10032 327 10032 9358 -1 
11975 1781950511 1781950511 2 2676630 5988 10001 5420 10001 6595 10019 9441 10019 1228 -1 
1774 1781950511 1781950511 2 2673676 5882 10032 6105 10032 505 10227 -1 
1423 1781950511 1781950511 2 2671768 757 10323 754 10024 1880 10024 1826 -1 
3309 1781950511 1781950511 2 2668672 8543 10700 5754 10270 6385 10032 4367 10032 406 -1 
3972 1781950511 1781950511 2 2677882 10461 8286 10461 2797 10054 3170 10054 8518 10949 -1 
4883 1781950511 1781950511 2 2671831 1330 10210 9555 10210 6385 10114 5524 10114 9566 -1 
3753 1781950511 1781950511 2 2677882 8668 10072 119 10072 9111 10054 5824 10054 8518 10949 -1 
5541 1781950511 1781950511 2 2658212 8592 10910 5000 10910 5117 10910 5000 10221 9262 10072 9974 10050 655 10252 3911 10257 -1 
10802 1781950511 1781950511 2 2648646 6057 10024 7824 10024 167 10493 -1 
11618 1781950511 1781950511 2 2515060 8559 10153 9571 10239 8854 10176 6267 -1 
364 1781950511 1781950511 2 2583680 816 10019 8737 10016 9720 10016 8165 -1 
1422 1781950511 1781950511 2 2678060 9015 10091 4663 10024 3830 10024 7650 10024 131 -1 
1580 1781950511 1781950511 2 2673676 5002 10730 9144 10730 9862 10032 9827 10032 505 10227 -1 
3930 1781950511 1781950511 2 2663798 3140 10054 5511 10406 6003 10108 5122 -1 
4136 1781950511 1781950511 2 2678060 4249 10024 6664 10024 38 10024 131 -1 
5746 1781950511 1781950511 2 2676307 640 10114 9521 10114 20 10114 640 -1 
4626 1781950511 1781950511 2 2676630 5584 10007 7314 10007 1075 10019 5841 10019 9441 10019 1228 -1 
9911 1781950511 1781950511 2 2674280 6537 10032 9796 10032 5220 10032 7683 -1 
9945 1781950511 1781950511 2 2676872 8483 10032 447 10032 1661 10032 433 -1 
9996 1781950511 1781950511 2 2560739 5724 10032 9552 10032 553 10054 3237 -1 
10371 1781950511 1781950511 2 2676516 5555 10032 3842 10024 7650 10024 8304 -1 
10391 1781950511 1781950511 2 2677663 5840 10092 8936 10019 8672 10019 8760 -1 
10632 1781950511 1781950511 2 2659972 8567 10029 4887 10029 6083 10029 9715 -1 
11951 1781950511 1781950511 2 2676630 2134 10019 921 10019 3366 10019 1228 -1 
9261 1781950511 1781950511 2 2669856 10840 195 10038 4933 10264 9005 10264 9080 10495 -1 
10275 1781950511 1781950511 2 2677663 6855 10216 2622 10154 7376 10019 9441 10019 8760 -1 
110 1781950511 1781950511 2 2486639 8059 10128 579 10032 5020 10032 9989 10032 3850 -1 
11064 1781950511 1781950511 2 2635459 10787 8214 10032 9539 10032 9915 10032 8997 -1 
10415 1781950511 1781950511 2 2678088 7021 10055 324 10055 8824 10032 459 10032 3364 10365 7945 -1 
10382 1781950511 1781950511 2 2678060 7489 10158 6962 10688 6962 10446 6871 10032 8931 10032 4056 10024 131 -1 
302 1781950511 1781950511 2 2670892 6629 10149 6655 10032 9104 10032 6381 10237 4764 -1 
900 1781950511 1781950511 2 2677882 5069 10266 9096 10266 3565 10018 184 10054 5824 10054 3170 10054 8518 10949 -1 
3152 1781950511 1781950511 2 2676307 9716 10306 9449 10214 9449 10084 6777 10114 640 -1 
3232 1781950511 1781950511 2 2677629 1935 10032 4326 10032 9259 10092 487 10176 8331 -1 
4805 1781950511 1781950511 2 2642263 454 10049 1181 10006 1203 10006 4630 10006 6015 -1 
5335 1781950511 1781950511 2 2674688 5819 10032 5939 10032 9796 10032 6512 10032 3731 -1 
9832 1781950511 1781950511 2 2673949 467 10036 1855 10032 5750 10032 2268 10032 823 10032 9976 -1 
5336 1781950511 1781950511 2 2674280 5408 10386 6388 10032 5596 10032 1131 10032 459 10032 7683 -1 
10560 1781950511 1781950511 2 2677882 9260 10016 1002 10016 738 10016 5824 10054 8518 10949 -1 
11023 1781950511 1781950511 2 2676872 10886 483 10264 8076 10032 8931 10032 823 10032 433 -1 
10660 1781950511 1781950511 2 2674749 6961 10085 6979 10053 7177 10006 4974 10006 3174 10006 5387 -1 
5257 1781950511 1781950511 2 2674910 3789 10032 6564 10032 3642 10032 5792 10032 6512 10032 661 -1 
2468 1781950511 1781950511 2 2662752 718 10360 7462 -1 
1253 1781950511 1781950511 2 2665331 5520 10743 5664 10743 5664 10743 9979 10851 -1 
3511 1781950511 1781950511 2 2517760 10949 3168 10899 -1 
5204 1781950511 1781950511 2 2657547 9899 10151 3932 -1 
3399 1781950511 1781950511 2 2609710 6649 10899 3168 10646 -1 
3878 1781950511 1781950511 2 2628478 10902 3262 10620 6926 -1 
4707 1781950511 1781950511 2 2600785 2286 10571 2670 10056 4173 -1 
3884 1781950511 1781950511 2 2609710 8982 10379 4440 10379 3168 10646 -1 
3551 1781950511 1781950511 2 2672333 3660 10656 8525 10656 3002 10656 6030 10693 -1 
7222 1781950511 1781950511 2 2641865 7376 10272 675 -1 
7809 1781950511 1781950511 2 2668240 8329 10032 5690 10546 4453 -1 
7903 1781950511 1781950511 2 2676874 8272 10032 4625 10195 2036 -1 
8933 1781950511 1781950511 2 2514209 734 10032 9117 10032 1995 10458 5022 -1 
7789 1781950511 1781950511 2 2674830 4991 10176 9563 10050 3352 10050 1612 10048 8671 -1 
6798 1781950511 1781950511 2 2674830 7890 10552 9921 10176 8118 10278 8461 10278 548 10050 1612 10048 8671 -1 
6741 1781950511 1781950511 2 2628478 9768 10131 7703 10620 6926 -1 
7799 1781950511 1781950511 2 2605475 5870 10016 3510 10033 7082 -1 
7882 1781950511 1781950511 2 2639939 9151 10178 471 10056 7168 -1 
8323 1781950511 1781950511 2 2670222 10719 4431 10162 9961 10394 6352 -1 
8673 1781950511 1781950511 2 2665331 2608 10019 9763 10155 9979 10851 -1 
7094 1781950511 1781950511 2 2677611 5767 10315 9228 10315 2491 10092 897 10195 2504 -1 
2197 1781950511 1781950511 2 2654835 2467 10689 7639 10689 1745 -1 
2612 1781950511 1781950511 2 2676058 4242 10554 4691 10060 3577 10147 7160 10147 5594 -1 
4649 1781950511 1781950511 2 2587883 10281 6702 10051 7469 10627 -1 
7853 1781950511 1781950511 2 2661259 9246 10601 3760 10601 7938 -1 
6590 1781950511 1781950511 2 2670642 2225 10288 8450 10408 2391 10907 -1 
6271 1781950511 1781950511 2 2677611 9206 10137 8683 10195 2862 10195 2504 -1 
7003 1781950511 1781950511 2 2677965 7925 10032 9925 10032 8824 10055 2722 10055 3288 -1 
6307 1781950511 1781950511 2 2674830 5927 10228 8184 10228 595 10050 1612 10048 1301 10048 8671 -1 
4566 1781950511 1781950511 2 2669612 10249 5062 10132 2597 10132 6288 -1 
6614 1781950511 1781950511 2 2653509 5476 10054 1163 10036 9341 10036 2900 -1 
8715 1781950511 1781950511 2 2639084 3136 10358 3732 10358 772 10551 3660 -1 
125 1781950511 1781950511 2 2657631 2769 10059 8796 10557 5038 10509 5598 10085 6961 10085 8138 -1 
5417 1781950511 1781950511 2 2665331 4178 10072 1408 10087 8388 10509 9979 10126 9979 10851 -1 
7180 1781950511 1781950511 2 2677965 9405 10019 6462 10055 324 10055 2722 10055 2722 10055 3288 -1 
3148 1781950511 1781950511 2 2676058 10037 60 10146 9562 10146 5480 10147 3146 10147 7160 10147 5594 -1 
3211 1781950511 1781950511 2 2677965 3322 10428 101 10614 3330 10055 2843 10055 2722 10055 324 10055 8862 10055 3288 -1 
4888 1781950511 1781950511 2 2632240 9895 10083 101 10396 -1 
5520 1781950511 1781950511 2 2660445 6292 10010 440 10010 1534 -1 
5526 1781950511 1781950511 2 2675621 4062 10346 494 10156 9714 -1 
5765 1781950511 1781950511 2 2664754 10073 9203 10421 9203 10197 -1 
3910 1781950511 1781950511 2 2667783 1826 10063 6024 10063 4553 10244 4577 -1 
4206 1781950511 1781950511 2 2666511 7760 10175 3811 10175 4903 10090 646 -1 
4207 1781950511 1781950511 2 2673589 6493 10648 9241 10253 8119 10253 3294 -1 
4500 1781950511 1781950511 2 2675316 7215 10089 7215 10089 7539 10089 7265 -1 
5993 1781950511 1781950511 2 2647400 2389 10190 9209 10015 7108 10096 7195 -1 
4028 1781950511 1781950511 2 2673223 10378 9402 10233 9721 10102 7352 10370 9551 -1 
3618 1781950511 1781950511 2 2665302 4033 10737 9621 10737 9834 10737 5013 10555 7171 -1 
4258 1781950511 1781950511 2 2635158 9012 10845 1741 10838 3694 10493 3621 10244 4071 -1 
4322 1781950511 1781950511 2 2673223 9759 10583 9668 10473 6738 10802 7352 10370 9551 -1 
5167 1781950511 1781950511 2 2673223 3807 10310 241 10370 7902 10102 7352 10370 9551 -1 
4656 1781950511 1781950511 2 2675316 3550 10098 2237 10497 3879 10089 3311 10089 7539 10089 7265 -1 
7790 1781950511 1781950511 2 2635573 5264 10207 101 10771 -1 
7679 1781950511 1781950511 2 2600735 9572 10050 3131 10007 6221 -1 
7443 1781950511 1781950511 2 2676458 5288 10019 9441 10019 2905 10015 1090 -1 
6163 1781950511 1781950511 2 2674423 447 10032 8332 10176 3742 10049 3372 10299 9263 10577 4389 -1 
4287 1781950511 1781950511 2 2673589 1194 10864 8119 10253 3294 -1 
3501 1781950511 1781950511 2 2598624 10479 101 10113 5503 10175 815 -1 
5934 1781950511 1781950511 2 2667040 6035 10250 3389 10250 2518 10319 9203 10672 -1 
6132 1781950511 1781950511 2 2595907 6605 10878 7026 10818 7132 -1 
8783 1781950511 1781950511 2 2672019 5207 10128 8836 10090 6510 -1 
10286 1781950511 1781950511 2 2658016 7525 10685 4265 10790 4909 -1 
11184 1781950511 1781950511 2 2678113 5160 10138 1835 10664 8662 10222 -1 
9223 1781950511 1781950511 2 2678113 1868 10449 3985 10664 1835 10664 8662 10222 -1 
5414 1781950511 1781950511 2 2668503 244 10009 2771 10009 4553 10063 7544 -1 
6715 1781950511 1781950511 2 2678145 502 10054 8374 10107 4938 10107 7676 10044 -1 
11418 1781950511 1781950511 2 2674343 264 10008 7848 10008 58 10008 8010 10269 -1 
11949 1781950511 1781950511 2 2674519 10871 3250 10754 6261 10070 623 10262 4181 10190 8136 -1 
1887 1781950511 1781950511 2 2673589 1945 10439 3294 10253 -1 
385 1781950511 1781950511 2 2674357 4641 10018 3565 10266 2013 10111 9963 -1 
1116 1781950511 1781950511 2 2677514 7811 10076 839 10076 2765 10331 598 -1 
3220 1781950511 1781950511 2 2674019 6302 10019 1080 10122 -1 
3876 1781950511 1781950511 2 2628484 9574 10019 4599 10354 -1 
3599 1781950511 1781950511 2 2667300 9284 10063 8569 10090 8150 10121 9785 -1 
4284 1781950511 1781950511 2 2677284 8653 10095 7416 10244 20 10244 6662 -1 
4381 1781950511 1781950511 2 2636318 4438 10007 5584 10611 3925 10270 5754 -1 
4919 1781950511 1781950511 2 2667428 4043 10244 6662 10244 20 10244 4633 -1 
4453 1781950511 1781950511 2 2668279 10011 2800 10011 406 10789 9376 10081 1034 -1 
3278 1781950511 1781950511 2 2673589 9908 10090 9173 10090 9779 10090 9092 10090 3294 10439 3294 10253 -1 
4899 1781950511 1781950511 2 2678359 112 10240 2564 10240 2232 10240 9972 10015 191 10015 483 10168 8291 -1 
9004 1781950511 1781950511 2 2678359 8699 10344 4342 10344 483 10168 8291 -1 
11365 1781950511 1781950511 2 2676022 7707 10104 6942 10104 6956 10593 6936 10019 9625 10535 -1 
2039 1781950511 1781950511 2 2676624 10890 7359 10019 9625 10405 -1 
2539 1781950511 1781950511 2 2676496 8338 10070 2226 10174 8703 10072 1013 -1 
5624 1781950511 1781950511 2 2670030 1561 10114 20 10244 6202 -1 
9857 1781950511 1781950511 2 2661735 1219 10084 1237 10495 4191 -1 
9272 1781950511 1781950511 2 2670552 5706 10133 3060 10592 7445 10072 307 -1 
10695 1781950511 1781950511 2 2672132 7208 10055 9515 10211 3450 10016 1262 10413 3277 -1 
4458 1781950511 1781950511 2 2670552 8143 10072 9243 10110 9603 10072 307 -1 
5762 1781950511 1781950511 2 2672433 1999 10618 6419 10032 348 10004 9486 -1 
9361 1781950511 1781950511 2 2676022 3351 10019 765 10019 9625 10535 -1 
9638 1781950511 1781950511 2 2677257 3387 10833 2559 10833 9215 10121 -1 
2119 1781950511 1781950511 2 2677464 6984 10554 3103 10097 1376 10032 3364 10032 542 10007 1037 -1 
3120 1781950511 1781950511 2 2677199 2085 10174 655 10229 8678 10000 0 -1 
3977 1781950511 1781950511 2 2668503 10792 4534 10237 3857 10032 2217 10063 7544 -1 
3081 1781950511 1781950511 2 2677947 5468 10161 241 10162 5363 10162 1893 10015 150 -1 
11008 1781950511 1781950511 2 2636900 284 10019 2491 10092 268 10072 2860 -1 
11598 1781950511 1781950511 2 2676556 2453 10040 84 10032 9001 10032 7524 10234 7547 -1 
893 1781950511 1781950511 2 2652184 2771 10009 6681 10084 1366 10278 9449 10084 5946 10793 -1 
5763 1781950511 1781950511 2 2677257 8612 10064 8110 10064 8403 10316 9215 10121 -1 
5603 1781950511 1781950511 2 2675737 8798 10190 5739 10247 1612 10053 3170 10053 542 10007 1138 -1 
10141 1781950511 1781950511 2 2666555 6241 10006 5106 10019 3637 10019 170 10562 -1 
10579 1781950511 1781950511 2 2677333 5113 10019 8271 10032 823 10032 1834 10011 -1 
9808 1781950511 1781950511 2 2640213 4114 10053 9008 10053 5157 10261 5157 10011 2800 -1 
11590 1781950511 1781950511 2 2664055 8880 10251 6696 10154 1467 10872 8678 10320 6258 -1 
11453 1781950511 1781950511 2 2676496 7139 10449 1984 10092 3872 10092 9930 10019 586 10072 1013 -1 
4714 1781950511 1781950511 2 2674019 9488 10090 7168 10056 1080 10122 -1 
4676 1781950511 1781950511 2 2672957 6935 10015 1348 10015 9371 10015 2710 -1 
5106 1781950511 1781950511 2 2583335 4732 10531 1939 10531 5367 10296 7978 -1 
6781 1781950511 1781950511 2 2671990 9512 10064 2439 10386 1225 -1 
6967 1781950511 1781950511 2 2673071 5284 10016 3636 10413 3546 -1 
7769 1781950511 1781950511 2 2644076 7963 10092 7838 10310 9670 -1 
7086 1781950511 1781950511 2 2664055 5400 10005 886 10005 4040 10320 6258 -1 
854 1781950511 1781950511 2 2667642 10895 3387 10591 482 10250 -1 
2492 1781950511 1781950511 2 2670391 10708 1294 10153 7838 10310 8283 -1 
4639 1781950511 1781950511 2 2677945 10495 2036 10495 3226 10036 6317 10072 119 -1 
8482 1781950511 1781950511 2 2678113 3180 10056 403 10222 8662 -1 
8286 1781950511 1781950511 2 2675737 7932 10225 551 10394 6503 10007 1138 -1 
3872 1781950511 1781950511 2 2671752 4210 10010 8324 10010 1775 10124 1775 10010 8273 -1 
6058 1781950511 1781950511 2 2651143 2045 10437 9710 10437 5052 10784 -1 
7532 1781950511 1781950511 2 2666288 3962 10033 525 10033 4784 10096 6708 -1 
8397 1781950511 1781950511 2 2660039 9172 10032 584 10033 3608 10871 2111 10120 4291 -1 
8638 1781950511 1781950511 2 2677464 4522 10228 29 10036 1356 10449 1688 10449 2368 10007 1037 -1 
4679 1781950511 1781950511 2 2661194 5046 10076 9963 10111 8157 -1 
5484 1781950511 1781950511 2 2675621 9714 10022 9714 10156 9714 -1 
4654 1781950511 1781950511 2 2665863 5230 10320 6127 10867 3891 10867 -1 
5015 1781950511 1781950511 2 2666746 10641 101 10603 101 10803 500 -1 
5667 1781950511 1781950511 2 2662099 69 10044 4427 10554 2598 10044 69 -1 
4271 1781950511 1781950511 2 2677444 8548 10190 451 10190 2389 10425 7840 10090 7710 -1 
4126 1781950511 1781950511 2 2677945 2129 10117 6841 10117 4984 10117 8832 10072 119 10072 -1 
5519 1781950511 1781950511 2 2678145 3277 10413 6554 10044 8109 10044 2598 10322 2598 10044 7676 -1 
6231 1781950511 1781950511 2 2641141 6597 10205 783 10090 3539 -1 
6066 1781950511 1781950511 2 2669062 9008 10053 157 10009 7999 10072 5793 -1 
7294 1781950511 1781950511 2 2674815 7491 10032 8889 10554 2598 10044 2598 -1 
5483 1781950511 1781950511 2 2673851 5015 10910 170 10009 685 10063 1468 10063 -1 
5781 1781950511 1781950511 2 2565396 7238 10142 5999 10079 6396 10190 9209 -1 
6007 1781950511 1781950511 2 2677870 2510 10008 7188 10008 6876 10096 5634 -1 
9959 1781950511 1781950511 2 2677945 5804 10752 8378 10744 7540 10072 119 10072 -1 
11170 1781950511 1781950511 2 2674794 5120 10033 4135 10033 6595 10052 5829 10182 7732 10182 4034 10044 359 -1 
3985 1781950511 1781950511 2 2678145 6626 10182 6239 10182 7732 10182 2598 10044 7676 -1 
501 1781950511 1781950511 2 2669979 5806 10586 4431 10247 6513 10247 -1 
781 1781950511 1781950511 2 2643271 4802 10245 3778 10237 8671 10010 8408 -1 
847 1781950511 1781950511 2 2655153 7003 10070 8398 10070 4587 10032 7770 10331 8468 -1 
3168 1781950511 1781950511 2 2648391 7578 10053 9746 10830 9746 -1 
4614 1781950511 1781950511 2 2676989 9643 10176 7092 10881 7092 -1 
3786 1781950511 1781950511 2 2674423 9565 10063 3141 10264 93 10577 4389 -1 
11580 1781950511 1781950511 2 2644003 10033 9146 10176 9972 10020 9318 -1 
11704 1781950511 1781950511 2 2611722 5911 10033 8166 10755 2867 10090 7840 -1 
9342 1781950511 1781950511 2 2674019 5394 10104 6550 10104 5744 10104 3455 10019 1783 10122 1080 -1 
5462 1781950511 1781950511 2 2651622 6876 10054 2735 10402 9383 10473 -1 
5012 1781950511 1781950511 2 2672276 7481 10072 8678 10176 9343 10046 7222 -1 
11606 1781950511 1781950511 2 2669910 5141 10426 700 10019 5556 10063 6013 -1 
11286 1781950511 1781950511 2 2677257 4685 10033 8813 10033 1539 10032 3364 10121 9215 10121 -1 
3155 1781950511 1781950511 2 2674019 8584 10019 4269 10019 1783 10122 1080 -1 
11240 1781950511 1781950511 2 2675621 6509 10033 7708 10050 9692 10176 9714 10156 9714 -1 
1604 1781950511 1781950511 2 2666700 3919 10116 2837 10116 5158 10839 5581 10916 -1 
1031 1781950511 1781950511 2 2673705 6929 10069 4270 10715 1612 10176 9343 10046 9800 -1 
4159 1781950511 1781950511 2 2626786 3908 10108 3285 10032 784 10072 9959 10326 -1 
3576 1781950511 1781950511 2 2632049 8982 10379 4845 10072 1218 10050 1366 10084 4986 10456 4378 -1 
10716 1781950511 1781950511 2 2668689 8009 10032 9349 10563 9957 10176 9343 10046 9880 -1 
9608 1781950511 1781950511 2 2678139 9427 10033 6667 10231 9957 10176 9921 10176 1612 10000 9929 10164 -1 
4824 1781950511 1781950511 2 2673851 1495 10032 4108 10032 5750 10032 2217 10063 1468 10063 -1 
5032 1781950511 1781950511 2 2677199 9456 10214 1893 10174 3911 10224 8678 10000 0 10000 -1 
11070 1781950511 1781950511 2 2670027 6380 10449 86 10032 1661 10032 9827 10032 9023 10049 5739 10129 4357 -1 
2871 1781950511 1781950511 2 2677947 3600 10702 3821 10702 794 10015 150 10015 -1 
5021 1781950511 1781950511 2 2562280 8082 10376 4138 10063 1914 -1 
3356 1781950511 1781950511 2 2675872 3881 10074 5418 10074 6501 10074 2669 10265 9009 10238 -1 
7911 1781950511 1781950511 2 2673579 3454 10006 9909 10386 9409 10647 -1 
6252 1781950511 1781950511 2 2671990 4852 10012 1928 10446 9409 10386 1225 -1 
8992 1781950511 1781950511 2 2677947 10271 9463 10271 8666 10015 150 10015 -1 
7878 1781950511 1781950511 2 2664552 1260 10398 1260 10398 60 10090 7949 10746 -1 
8652 1781950511 1781950511 2 2663961 3946 10019 2727 10019 1818 10529 8331 10529 -1 
3900 1781950511 1781950511 2 2546099 10493 6289 10786 1266 10621 2475 -1 
8605 1781950511 1781950511 2 2677947 3700 10029 3953 10052 4038 10015 150 10015 -1 
5632 1781950511 1781950511 2 2678098 6794 10147 7776 10147 1037 10007 2462 -1 
5323 1781950511 1781950511 2 2658384 10803 8456 10211 8876 10211 5677 10026 4290 -1 
6494 1781950511 1781950511 2 2676697 4865 10056 1059 10551 4045 10010 8981 -1 
3854 1781950511 1781950511 2 2676603 783 10039 101 10281 8028 10281 -1 
4178 1781950511 1781950511 2 2672433 7264 10247 1357 10004 9486 10004 9486 -1 
5158 1781950511 1781950511 2 2677896 6649 10015 2128 10015 834 10015 150 10015 135 -1 
5848 1781950511 1781950511 2 2678139 8383 10707 8383 10713 5076 10619 2556 10508 6738 10802 7352 10681 4804 10164 9929 -1 
5999 1781950511 1781950511 2 2672721 7828 10010 4494 10010 12 10010 274 10010 1335 10010 440 10010 41 10010 8189 -1 
8626 1781950511 1781950511 2 2677947 2496 10019 4284 10019 319 10019 1559 10019 8480 10015 135 10015 150 -1 
9952 1781950511 1781950511 2 2677947 5672 10124 5672 10124 1771 10124 2165 10044 135 10015 150 -1 
5982 1781950511 1781950511 2 2676556 4202 10629 8175 10234 7547 10234 7547 -1 
8049 1781950511 1781950511 2 2677990 3398 10703 4960 10129 6589 10129 2788 -1 
4616 1781950511 1781950511 2 2676854 10666 3221 10864 841 10269 8010 10010 9101 -1 
5830 1781950511 1781950511 2 2676763 5051 10463 6440 10463 2467 10015 135 10015 5007 -1 
8091 1781950511 1781950511 2 2653064 8311 10697 4251 10022 7026 10878 7026 10461 976 10461 6386 -1 
676 1781950511 1781950511 2 2677947 7937 10019 6443 10015 150 10015 -1 
2307 1781950511 1781950511 2 2676989 4479 10176 7092 10881 7092 10881 -1 
2955 1781950511 1781950511 2 2672187 10263 8243 10010 563 10010 274 -1 
4689 1781950511 1781950511 2 2669423 860 10228 4264 10015 8456 10183 -1 
3017 1781950511 1781950511 2 2672280 8432 10461 3069 10025 9470 10405 9470 -1 
3026 1781950511 1781950511 2 2650235 8558 10222 3148 10072 1669 10072 4178 -1 
3595 1781950511 1781950511 2 2664935 9838 10015 9624 10015 8839 10367 9273 -1 
4033 1781950511 1781950511 2 2667429 838 10121 7049 10121 792 10121 3572 -1 
5672 1781950511 1781950511 2 2672019 9173 10090 1237 10090 773 10090 6510 -1 
3285 1781950511 1781950511 2 2678098 3967 10007 5995 10007 542 10007 2462 10007 2462 -1 
5407 1781950511 1781950511 2 2634687 3929 10706 3573 10025 3176 10025 3807 10025 3573 -1 
9592 1781950511 1781950511 2 2677990 1014 10078 497 10677 7351 10129 2788 -1 
355 1781950511 1781950511 2 2594075 3800 10024 242 10910 7487 10910 5015 -1 
460 1781950511 1781950511 2 2662099 5569 10032 799 10015 135 10044 69 -1 
1586 1781950511 1781950511 2 2667730 3778 10114 2013 10111 9963 10111 3162 -1 
4964 1781950511 1781950511 2 2678127 1511 10029 3978 10090 7543 10540 9908 -1 
4122 1781950511 1781950511 2 2677224 182 10007 5355 10592 7445 10072 119 10072 364 -1 
4947 1781950511 1781950511 2 2663085 6202 10247 8964 10054 2436 10375 101 10773 5752 -1 
10626 1781950511 1781950511 2 2606888 8900 10530 3145 10019 1934 10296 9360 10296 9360 -1 
3952 1781950511 1781950511 2 2678098 2860 10072 5070 10053 542 10007 1037 10007 2462 -1 
1699 1781950511 1781950511 2 2677440 6643 10219 1322 10219 1322 10269 8010 10010 1554 -1 
5340 1781950511 1781950511 2 2648046 10712 6670 10898 9563 10176 2172 10025 1178 10025 9596 -1 
3313 1781950511 1781950511 2 2677199 7740 10015 4759 10084 3911 10224 8678 10000 0 10000 0 -1 
9480 1781950511 1781950511 2 2677199 915 10033 6199 10033 5697 10084 2087 10224 8678 10000 0 10000 0 -1 
9524 1781950511 1781950511 2 2677199 7294 10036 6317 10036 5172 10036 7125 10019 9580 10019 2709 10000 0 10000 0 -1 
5383 1781950511 1781950511 2 2674815 10512 2937 10214 1893 10595 1893 10015 135 10044 2598 -1 
9664 1781950511 1781950511 2 2677199 8850 10085 5196 10019 5841 10019 2087 10224 8678 10000 0 10000 0 -1 
4462 1781950511 1781950511 2 2667040 10793 3278 10815 101 10672 9203 -1 
4854 1781950511 1781950511 2 2673851 9636 10063 6727 10063 1468 10063 1468 -1 
4151 1781950511 1781950511 2 2653819 10867 6135 10656 7443 10522 3534 10522 3534 -1 
6013 1781950511 1781950511 2 2662111 10196 9357 10270 5754 10700 5775 -1 
6273 1781950511 1781950511 2 2675010 2835 10019 5855 10075 4121 10075 9770 -1 
8024 1781950511 1781950511 2 2675048 4949 10176 9767 10176 1775 10010 369 10010 1797 -1 
8687 1781950511 1781950511 2 2676603 1576 10006 1677 10006 3293 10281 7068 10281 8028 -1 
8954 1781950511 1781950511 2 2677945 9257 10054 2717 10032 9988 10072 364 10072 119 -1 
1905 1781950511 1781950511 2 2673071 7778 10246 3636 10413 3206 10413 3546 -1 
5660 1781950511 1781950511 2 2677199 7085 10689 7639 10015 0 10000 0 -1 
4985 1781950511 1781950511 2 2677100 9368 10172 7071 10297 2912 10072 119 10072 1669 -1 
482 1781950511 1781950511 2 2677945 5753 10142 6331 10142 4262 10038 9366 10038 2367 10072 119 10072 119 -1 
3418 1781950511 1781950511 2 2660569 6639 10066 5192 10562 5581 10073 8181 -1 
3598 1781950511 1781950511 2 2626786 10156 3445 10259 8262 10531 9959 10326 -1 
7629 1781950511 1781950511 2 2599645 1530 10925 4180 10737 4180 10737 4033 -1 
7669 1781950511 1781950511 2 2634665 7297 10054 5582 10631 101 10514 101 10622 -1 
9687 1781950511 1781950511 2 2628300 4434 10895 6852 10046 9886 10046 7704 -1 
11970 1781950511 1781950511 2 2669402 1688 10449 4766 10060 4094 10015 150 10015 7701 -1 
4273 1781950511 1781950511 2 2678361 6710 10128 8059 10128 9446 10010 303 10010 303 -1 
9164 1781950511 1781950511 2 2678145 5964 10554 4242 10554 2598 10044 135 10044 7676 -1 
3362 1781950511 1781950511 2 2643684 844 10176 9343 10582 2939 10582 2939 -1 
4850 1781950511 1781950511 2 2671407 7695 10054 7695 10011 9715 10413 3206 -1 
5363 1781950511 1781950511 2 2673118 9884 10050 9884 10405 4048 10181 9402 -1 
3907 1781950511 1781950511 2 2676624 4119 10367 2735 10402 9383 10535 9625 10405 -1 
5324 1781950511 1781950511 2 2666083 180 10737 6353 10090 8866 10537 7411 10537 -1 
9319 1781950511 1781950511 2 2661993 1889 10178 6767 10253 8823 10253 6741 -1 
10198 1781950511 1781950511 2 2663571 283 10049 2294 10015 9972 10143 1481 -1 
11920 1781950511 1781950511 2 2678127 8295 10049 4786 10090 9330 10540 9908 -1 
2092 1781950511 1781950511 2 2659306 10651 4676 10651 86 10032 7236 10374 3554 10121 844 -1 
5143 1781950511 1781950511 2 2669910 4899 10910 8140 10910 8628 10598 1656 10032 7259 10063 9983 10063 6013 -1 
11334 1781950511 1781950511 2 2675627 10082 2091 10174 878 10273 9551 10615 2650 -1 
9517 1781950511 1781950511 2 2677440 10675 4396 10477 4396 10477 7118 10010 3886 10010 1554 -1 
2178 1781950511 1781950511 2 2674019 4947 10655 3911 10174 3911 10084 5946 10122 1783 10122 1080 -1 
9663 1781950511 1781950511 2 2677202 10694 5897 10694 7879 10084 7475 10084 3911 10084 5946 10222 4521 10074 3465 -1 
5412 1781950511 1781950511 2 2669219 4969 10716 3737 10368 7951 10368 3581 -1 
5062 1781950511 1781950511 2 2672191 7648 10464 4771 10583 8859 10802 4144 10505 2556 10014 -1 
5344 1781950511 1781950511 2 2671116 8312 10009 241 10164 4048 10165 7886 10339 -1 
3569 1781950511 1781950511 2 2642865 2444 10090 8568 10121 6510 10121 2852 10090 6099 -1 
3572 1781950511 1781950511 2 2678362 5115 10010 369 10010 440 10010 303 10010 303 10010 2916 -1 
8932 1781950511 1781950511 2 2677945 7405 10076 8875 10072 119 10072 119 10072 -1 
8731 1781950511 1781950511 2 2673560 5761 10243 8308 10243 8442 10010 1503 10010 909 10010 773 -1 
4469 1781950511 1781950511 2 2653086 9714 10425 6254 10089 5741 10089 7215 10089 3879 -1 
5098 1781950511 1781950511 2 2674282 7775 10009 7277 10793 5946 10010 1663 10010 121 -1 
6222 1781950511 1781950511 2 2677815 3332 10113 5521 10015 150 10015 150 10047 80 -1 
8098 1781950511 1781950511 2 2670030 2054 10032 1892 10032 4230 10032 1571 10472 3621 10244 6662 10244 6662 10244 6202 -1 
9094 1781950511 1781950511 2 2676763 3794 10009 2771 10009 1420 10000 0 10015 150 10015 5007 -1 
11243 1781950511 1781950511 2 2676763 6992 10142 4388 10142 636 10015 135 10015 1090 10015 5007 -1 
5226 1781950511 1781950511 2 2673291 159 10092 8387 10233 2372 10388 1535 10515 -1 
4218 1781950511 1781950511 2 2677896 9076 10121 1689 10015 135 10015 150 10015 135 -1 
4670 1781950511 1781950511 2 2678098 6693 10007 9 10007 1737 10007 1037 10007 2462 -1 
5618 1781950511 1781950511 2 2673497 3319 10411 5205 10668 121 10072 307 10072 4220 -1 
5441 1781950511 1781950511 2 2670727 4789 10057 8404 10057 2887 10057 9599 10057 9387 10057 9387 -1 
9972 1781950511 1781950511 2 2673393 4182 10032 5192 10233 7295 10378 6107 10378 -1 
10024 1781950511 1781950511 2 2677100 7551 10546 3941 10546 8045 10072 119 10072 119 10072 1669 -1 
9266 1781950511 1781950511 2 2675621 4342 10344 7610 10928 1775 10534 121 10156 9714 10156 9714 10156 -1 
3927 1781950511 1781950511 2 2643199 2647 10118 1309 10774 8654 10121 792 10121 3451 -1 
9305 1781950511 1781950511 2 2648046 3086 10116 5612 10000 4705 10025 7866 10025 9596 -1 
10976 1781950511 1781950511 2 2658956 4182 10032 6526 10103 5097 10103 4537 10103 3840 -1 
10137 1781950511 1781950511 2 2672058 2131 10031 7272 10032 1692 10072 8969 10015 0 10072 9448 -1 
11223 1781950511 1781950511 2 2650425 7912 10276 915 10033 8102 10176 3681 10072 7262 10265 9594 10265 3383 -1 
5063 1781950511 1781950511 2 2678365 6352 10007 9696 10154 2887 10057 4897 10025 3357 10025 123 -1 
5208 1781950511 1781950511 2 2666083 7966 10007 4237 10264 812 10724 101 10430 7411 10537 7411 -1 
10487 1781950511 1781950511 2 2675922 10408 2310 10032 1131 10032 8387 10233 9721 10404 9947 10583 -1 
3405 1781950511 1781950511 2 2677947 434 10176 1237 10084 1237 10015 135 10044 135 10015 150 -1 
9946 1781950511 1781950511 2 2677815 605 10019 975 10019 5935 10019 7019 10047 80 10047 150 10047 80 -1 
1190 1781950511 1781950511 2 2677947 4420 10056 9972 10015 7701 10015 150 10015 -1 
4628 1781950511 1781950511 2 2678233 0 10000 9961 10226 566 10226 566 10226 9964 -1 
5276 1781950511 1781950511 2 2678145 1003 10015 1651 10015 6174 10015 135 10044 7676 -1 
7838 1781950511 1781950511 2 2587338 1798 10032 6088 10121 4094 10015 9184 10015 6302 -1 
8811 1781950511 1781950511 2 2677945 1552 10153 9404 10072 119 10072 119 10072 119 -1 
4922 1781950511 1781950511 2 2678145 4374 10554 4374 10044 9906 10044 135 10044 7676 -1 
3364 1781950511 1781950511 2 2677199 7760 10168 8982 10168 9735 10015 0 10000 0 10000 0 10000 -1 
4910 1781950511 1781950511 2 2677896 8109 10044 359 10044 4374 10554 2598 10044 135 10015 135 10015 135 -1 
9138 1781950511 1781950511 2 2678145 1688 10449 9493 10015 135 10015 135 10015 7676 10044 -1 
7676 1781950511 1781950511 2 2676771 7390 10142 7730 10015 8839 10642 2556 10513 2556 10403 -1 
11749 1781950511 1781950511 2 2678145 5913 10554 6980 10554 5430 10554 2598 10044 135 10044 2598 10044 7676 -1 
88 1781950511 1781950511 2 2677212 9249 10076 134 10305 3554 10121 9908 10240 9908 10240 -1 
2086 1781950511 1781950511 2 2677947 4964 10142 9824 10047 80 10047 150 10015 150 10015 -1 
4051 1781950511 1781950511 2 2660740 5465 10690 1003 10089 7265 10089 7265 10089 7215 -1 
3201 1781950511 1781950511 2 2677947 3462 10015 5035 10015 135 10015 135 10015 150 10015 -1 
5978 1781950511 1781950511 2 2672117 10416 1492 10583 2672 10337 997 10388 7638 10160 7222 10233 -1 
9091 1781950511 1781950511 2 2678362 7137 10049 8875 10072 2507 10010 303 10010 2916 -1 
9802 1781950511 1781950511 2 2676624 6484 10114 241 10370 3929 10181 9470 10405 9625 -1 
185 1781950511 1781950511 2 2677947 6984 10030 762 10445 2598 10044 359 10044 135 10015 150 -1 
3525 1781950511 1781950511 2 2671578 2132 10007 6503 10394 6756 10394 3773 10226 5620 10007 4438 10007 4583 -1 
4698 1781950511 1781950511 2 2673304 8662 10736 5589 10583 2372 10726 372 10241 9569 10502 -1 
4275 1781950511 1781950511 2 2667100 8488 10015 2853 10015 1090 10015 1456 10015 135 10015 4500 -1 
5124 1781950511 1781950511 2 2676590 3734 10342 246 10342 4818 10342 4818 10090 773 10010 563 -1 
5645 1781950511 1781950511 2 2676697 2405 10128 3457 10010 1033 10010 4151 10010 1503 10010 8981 -1 
2830 1781950511 1781950511 2 2678362 4460 10229 7258 10010 3605 10010 1554 10010 2916 10010 -1 
2839 1781950511 1781950511 2 2650309 10935 7288 10121 2564 10121 9076 10121 838 10121 8147 -1 
3020 1781950511 1781950511 2 2663436 10962 8540 10234 599 10234 7547 10234 7547 10234 3443 -1 
4844 1781950511 1781950511 2 2677100 3388 10090 2880 10072 119 10072 119 10072 119 10072 1669 -1 
5028 1781950511 1781950511 2 2678098 5647 10007 9696 10007 2462 10007 1737 10007 2462 10007 2462 -1 
11214 1781950511 1781950511 2 2675145 8444 10176 241 10164 241 10583 7383 10583 9947 10404 -1 
319 1781950511 1781950511 2 2677444 10924 293 10024 5926 10090 4818 10090 583 10090 7710 10090 -1 
11689 1781950511 1781950511 2 2678127 4423 10054 9824 10229 2232 10240 2232 10121 2564 10240 9908 10540 -1 
4164 1781950511 1781950511 2 2674815 10844 2995 10015 9184 10015 135 10044 359 10044 2598 -1 
3438 1781950511 1781950511 2 2649491 7384 10076 219 10010 8052 10010 3886 10010 4150 10010 4140 -1 
10057 1781950511 1781950511 2 2677199 9136 10019 8463 10072 119 10072 1575 10072 0 10000 0 -1 
11411 1781950511 1781950511 2 2677202 8218 10690 3385 10074 5418 10074 6501 10074 7416 10074 3465 -1 
11813 1781950511 1781950511 2 2677301 4530 10176 241 10161 7886 10191 7886 10161 1232 10181 3008 -1 
2431 1781950511 1781950511 2 2677947 1945 10032 784 10015 8582 10015 150 10015 1090 10015 150 10015 -1 
10876 1781950511 1781950511 2 2674156 2397 10032 9334 10308 6171 10535 5593 10464 1535 10404 7496 10170 -1 
11388 1781950511 1781950511 2 2677945 9303 10251 5849 10072 364 10072 119 10072 119 10072 119 10072 -1 
9322 1781950511 1781950511 2 2677756 4530 10176 2491 10260 212 10046 9962 10046 7571 10046 9962 10046 4014 -1 
5134 1781950511 1781950511 2 2672905 4861 10253 2085 10032 9283 10032 5202 10032 9998 10032 1206 10057 2618 10057 9596 10025 3357 10025 1428 -1 
3206 1781950511 1781950511 2 2677947 10121 7671 10121 9887 10015 8320 10015 135 10015 135 10015 135 10015 150 10015 150 -1 
754 1781950511 1781950511 2 2678362 10702 4442 10162 9563 10000 5898 10010 369 10010 274 10010 9101 10010 2916 -1 
5981 1781950511 1781950511 2 2671420 2981 10209 9349 10010 732 10010 1119 10010 3474 10010 274 10010 2346 -1 
5296 1781950511 1781950511 2 2659030 656 10137 5052 10643 1315 10111 9963 10111 7804 10111 9963 10111 4907 -1 
5733 1781950511 1781950511 2 2676279 656 10048 1472 10043 3289 10043 6027 10027 8004 10027 43 10027 9895 10027 43 -1 
3528 1781950511 1781950511 2 2677947 5115 10550 4911 10436 2888 10015 150 10015 135 10015 9676 10015 135 10044 135 10015 150 10015 -1 
431 1781950511 1781950511 3 2646376 2578 10086 622 10824 622 10824 -1 
7270 1781950511 1781950511 3 2548131 9658 10053 8083 10023 8083 -1 
7691 1781950511 1781950511 3 2604078 7528 10176 4010 10539 690 -1 
7802 1781950511 1781950511 3 2548131 5553 10053 9252 10053 8083 10023 8083 -1 
11628 1781950511 1781950511 3 2666075 10094 9479 10364 666 10759 1201 -1 
699 1781950511 1781950511 3 2604307 7096 10090 5651 10037 9360 10115 9002 -1 
9445 1781950511 1781950511 3 2664426 1714 10082 101 10432 6035 10250 666 10392 5703 -1 
10114 1781950511 1781950511 3 2666075 5557 10618 101 10301 4718 10432 666 10759 1201 -1 
10437 1781950511 1781950511 3 2664781 2456 10038 241 10102 4144 10758 4144 10802 7352 10102 -1 
9553 1781950511 1781950511 3 2668382 1443 10052 2368 10007 5435 10007 2333 10007 9145 10586 2723 -1 
2682 1781950511 1781950511 3 2615336 4871 10334 8899 10818 -1 
1162 1781950511 1781950511 3 2677639 107 10018 6230 10018 3054 10149 2565 10555 -1 
10073 1781950511 1781950511 3 2664047 6151 10138 1063 10092 3163 10712 -1 
744 1781950511 1781950511 3 2597101 971 10399 387 10685 890 -1 
2874 1781950511 1781950511 3 2668522 1400 10113 6598 10113 1736 10442 5960 10442 5052 -1 
3277 1781950511 1781950511 3 2677347 4577 10211 8794 10392 9215 -1 
6657 1781950511 1781950511 3 2677347 2039 10054 3286 10011 2094 10392 9215 -1 
8051 1781950511 1781950511 3 2668965 7568 10118 1153 10618 101 10554 1242 10144 -1 
1593 1781950511 1781950511 3 2661840 304 10245 657 10118 2226 10392 666 -1 
5402 1781950511 1781950511 3 2610681 5926 10063 8403 10316 523 10128 5115 -1 
1445 1781950511 1781950511 3 2659312 6490 10024 242 10024 4998 10009 3105 -1 
2038 1781950511 1781950511 3 2674378 1524 10086 9390 10086 1222 10086 7356 -1 
1267 1781950511 1781950511 3 2660383 10289 7187 10289 2175 10289 9965 10289 976 -1 
10146 1781950511 1781950511 3 2651538 10765 101 10070 310 10070 3720 -1 
784 1781950511 1781950511 3 2604307 10115 201 10115 2940 10115 9002 -1 
2885 1781950511 1781950511 3 2672823 10850 3956 10186 3655 10730 1197 10730 6710 -1 
7081 1781950511 1781950511 3 2675575 5972 10006 8494 10039 1801 10039 2421 -1 
369 1781950511 1781950511 3 2676494 4205 10076 4470 10092 300 10887 7509 10008 10 10008 5556 -1 
733 1781950511 1781950511 3 2660383 6668 10054 3170 10053 2833 10289 9965 10289 9965 10289 976 -1 
2947 1781950511 1781950511 3 2676494 2355 10032 3263 10032 5532 10032 5035 10032 2583 10008 7509 10008 10 10008 5556 -1 
4534 1781950511 1781950511 3 2650046 10670 7579 10016 6850 -1 
3184 1781950511 1781950511 3 2678060 7501 10063 1648 10024 131 -1 
3706 1781950511 1781950511 3 2666336 8864 10198 7509 10176 7389 -1 
3701 1781950511 1781950511 3 2678060 9636 10063 171 10063 1648 10024 131 -1 
6751 1781950511 1781950511 3 2659562 5288 10019 6548 10019 7193 -1 
7077 1781950511 1781950511 3 2560739 7821 10054 1470 10054 3237 -1 
7667 1781950511 1781950511 3 2668672 8074 10032 8395 10032 7209 10032 406 -1 
8442 1781950511 1781950511 3 2674688 268 10032 5003 10032 8491 10032 3731 -1 
6069 1781950511 1781950511 3 2673949 3661 10032 687 10032 8840 10032 3102 10032 9976 -1 
11886 1781950511 1781950511 3 2660528 201 10115 2709 10366 -1 
7793 1781950511 1781950511 3 2669425 6721 10204 2236 10066 4097 10803 -1 
6084 1781950511 1781950511 3 2669425 7256 10054 3170 10054 2236 10066 4097 10803 -1 
212 1781950511 1781950511 3 2676307 3559 10352 1561 10114 640 -1 
1528 1781950511 1781950511 3 2669835 1672 10069 4475 10069 4130 10237 4130 -1 
6072 1781950511 1781950511 3 2678175 5049 10345 8814 10345 8814 -1 
6986 1781950511 1781950511 3 2671231 3406 10243 929 10054 4249 -1 
8924 1781950511 1781950511 3 2674688 4945 10032 9976 10032 3731 -1 
7368 1781950511 1781950511 3 2674280 9776 10032 2474 10032 9976 10032 7683 -1 
8892 1781950511 1781950511 3 2678060 5442 10054 1588 10237 9101 10024 131 -1 
6670 1781950511 1781950511 3 2676630 8955 10019 3341 10019 8369 10019 4599 10019 1228 -1 
7118 1781950511 1781950511 3 2674934 8407 10032 823 10032 4912 10032 3364 10121 2765 10259 -1 
11111 1781950511 1781950511 3 2672227 3787 10210 1458 10210 -1 
7278 1781950511 1781950511 3 2671231 5612 10092 163 10461 2797 10054 4249 -1 
8263 1781950511 1781950511 3 2673284 3176 10053 8780 10032 7895 10032 5226 10032 4191 10495 9080 10374 -1 
9478 1781950511 1781950511 3 2536817 5285 10072 6386 10177 5509 -1 
7696 1781950511 1781950511 3 2678296 540 10007 5620 10007 1071 10648 -1 
6934 1781950511 1781950511 3 2672749 3914 10229 3319 10411 2745 10229 656 -1 
9479 1781950511 1781950511 3 2672949 10689 4632 10689 7171 10555 7171 10397 6759 -1 
1797 1781950511 1781950511 3 2594181 8448 10010 4884 10010 2068 10401 173 -1 
7514 1781950511 1781950511 3 2591957 4557 10004 2405 10004 9486 10838 8702 10838 -1 
6318 1781950511 1781950511 3 2676630 10108 3566 10064 2824 10470 1569 10470 8700 10470 8700 10019 1228 -1 
2769 1781950511 1781950511 3 2666336 10283 5062 10176 7389 -1 
4691 1781950511 1781950511 3 2673967 1138 10007 8352 10149 6425 -1 
5199 1781950511 1781950511 3 2677629 5793 10072 7384 10072 8758 10176 8331 -1 
5528 1781950511 1781950511 3 2677663 8575 10172 7010 10172 624 10172 9368 10172 8405 10172 6771 10019 8760 -1 
6111 1781950511 1781950511 3 2669835 10016 6358 10237 4130 -1 
6240 1781950511 1781950511 3 2678060 5229 10427 7570 10024 131 -1 
8832 1781950511 1781950511 3 2668218 6551 10005 5891 10214 5230 -1 
6953 1781950511 1781950511 3 2677663 10661 8178 10016 9990 10016 6463 10211 897 10019 8760 -1 
3412 1781950511 1781950511 3 2647157 10244 576 10348 2674 10684 1893 10902 -1 
8288 1781950511 1781950511 3 2669177 2536 10038 1280 10211 74 10092 1776 -1 
7344 1781950511 1781950511 3 2673676 9212 10032 9984 10032 7209 10032 505 10227 -1 
10692 1781950511 1781950511 3 2678060 6092 10195 2538 10076 6692 10024 131 -1 
2323 1781950511 1781950511 3 2596057 3874 10156 595 10050 9974 -1 
6770 1781950511 1781950511 3 2659827 3424 10011 3045 10032 2048 -1 
8654 1781950511 1781950511 3 2606200 5414 10144 5414 10108 7231 -1 
2579 1781950511 1781950511 3 2676091 10425 4335 10425 9076 10121 1237 10092 4705 -1 
8440 1781950511 1781950511 3 2673065 8403 10316 9714 10721 5745 10162 8463 -1 
7412 1781950511 1781950511 3 2678060 791 10883 791 10154 5581 10090 4056 10024 131 -1 
9248 1781950511 1781950511 3 2670517 1275 10146 6288 10210 6385 10315 1983 -1 
1070 1781950511 1781950511 3 2670664 2813 10113 3489 10122 4921 10320 8678 10116 9772 -1 
1555 1781950511 1781950511 3 2652148 4479 10578 4917 10333 1307 10049 5639 -1 
6515 1781950511 1781950511 3 2677629 10264 6745 10064 4533 10033 9839 10105 964 10105 9957 10176 8331 -1 
4439 1781950511 1781950511 3 2668218 7118 10090 2852 10121 4930 10050 8518 10214 5230 -1 
7423 1781950511 1781950511 3 2674688 6000 10235 332 10595 6755 10032 8931 10032 3731 -1 
6202 1781950511 1781950511 3 2678060 6564 10032 4496 10032 2557 10032 8520 10032 4056 10024 131 -1 
7010 1781950511 1781950511 3 2673065 1822 10110 1579 10763 3969 10162 8463 -1 
7640 1781950511 1781950511 3 2677629 4906 10054 1315 10214 1237 10176 8331 -1 
7190 1781950511 1781950511 3 2674688 8934 10032 3476 10032 8018 10032 6993 10032 8036 10032 3731 -1 
7331 1781950511 1781950511 3 2673949 9823 10032 9950 10032 5035 10032 7236 10032 823 10032 9976 -1 
11608 1781950511 1781950511 3 2677629 6075 10434 5230 10214 1237 10176 8331 -1 
11546 1781950511 1781950511 3 2677629 589 10093 8415 10434 5230 10214 1237 10176 8331 -1 
9989 1781950511 1781950511 3 2673676 8053 10120 4872 10120 8990 10032 505 10227 -1 
9173 1781950511 1781950511 3 2664963 10435 7825 10272 3475 10270 6917 10092 3940 10064 2294 -1 
1532 1781950511 1781950511 3 2677882 7478 10412 6721 10019 8518 10949 -1 
7550 1781950511 1781950511 3 2653762 1257 10019 2932 10019 3609 10019 8700 -1 
3112 1781950511 1781950511 3 2674910 8655 10153 8606 10016 2054 10032 661 -1 
8903 1781950511 1781950511 3 2674720 3962 10033 2972 10523 3963 10523 4225 -1 
7920 1781950511 1781950511 3 2673676 7454 10032 7475 10761 8701 10032 3857 10032 505 10227 -1 
1844 1781950511 1781950511 3 2636398 7385 10347 3284 10443 2067 10239 8906 10239 3231 -1 
3871 1781950511 1781950511 3 2660426 3388 10090 6840 10406 5661 10054 1252 10054 713 -1 
6139 1781950511 1781950511 3 2659229 7225 10088 5769 10406 3830 10406 8948 10032 9532 -1 
7337 1781950511 1781950511 3 2670892 10592 6534 10461 4384 10032 9401 10032 4627 10237 4764 -1 
6996 1781950511 1781950511 3 2669846 1822 10563 7469 10050 1366 10176 1082 10176 9829 -1 
7776 1781950511 1781950511 3 2669835 3180 10006 293 10024 7342 10196 7797 10196 950 10237 4130 -1 
4600 1781950511 1781950511 3 2669846 1929 10015 1248 10193 163 10084 5745 10084 548 10176 9829 -1 
7665 1781950511 1781950511 3 2674280 10762 9224 10053 6004 10032 3995 10032 1541 10032 412 10032 7683 -1 
6524 1781950511 1781950511 3 2677882 752 10007 9025 10064 1592 10054 5824 10054 8518 10949 -1 
7885 1781950511 1781950511 3 2677648 724 10252 8633 10334 9323 10137 9224 10137 2680 10232 8392 10084 5745 10084 6777 10114 6873 -1 
5560 1781950511 1781950511 3 2676058 10432 3577 10147 5594 -1 
10078 1781950511 1781950511 3 2672906 3851 10040 4685 10031 4922 10031 4483 10031 9987 10093 3666 -1 
11582 1781950511 1781950511 3 2672527 7789 10033 337 10186 6713 10179 7923 -1 
2848 1781950511 1781950511 3 2669870 4751 10488 7410 10721 -1 
225 1781950511 1781950511 3 2677454 4822 10329 1702 10329 101 10276 6504 -1 
6010 1781950511 1781950511 3 2644353 8461 10278 6247 10276 9241 -1 
9156 1781950511 1781950511 3 2677454 1855 10776 6086 10776 101 10276 6504 -1 
11984 1781950511 1781950511 3 2677965 1014 10078 3664 10078 4236 10078 3288 10281 3288 10055 3288 -1 
2026 1781950511 1781950511 3 2677454 6299 10476 7670 10476 101 10276 6504 -1 
10960 1781950511 1781950511 3 2669548 181 10031 7221 10434 101 10428 101 10455 5831 -1 
573 1781950511 1781950511 3 2677965 5277 10059 101 10281 7068 10281 3288 10055 3288 -1 
3178 1781950511 1781950511 3 2673636 5754 10700 9980 10700 3989 10376 8732 -1 
11338 1781950511 1781950511 3 2643524 5061 10387 5061 10387 7684 10387 2815 -1 
11051 1781950511 1781950511 3 2674830 7069 10356 8756 10050 1612 10048 8671 -1 
3867 1781950511 1781950511 3 2674830 6445 10260 6002 10050 1612 10048 8671 -1 
4633 1781950511 1781950511 3 2674830 2545 10050 4778 10050 120 10050 1612 10048 8671 -1 
711 1781950511 1781950511 3 2655979 10101 8331 10185 807 10835 -1 
10811 1781950511 1781950511 3 2660022 5518 10152 9160 10152 5152 10434 2775 10051 4204 -1 
1980 1781950511 1781950511 3 2654835 3375 10000 0 10015 7639 10689 1745 -1 
5783 1781950511 1781950511 3 2672906 3134 10019 9933 10093 3666 -1 
5023 1781950511 1781950511 3 2666920 3186 10015 9497 10143 927 10129 6650 10258 4707 10153 9679 10153 6613 -1 
10171 1781950511 1781950511 3 2613603 1549 10058 3887 10443 9034 10481 9690 -1 
5472 1781950511 1781950511 3 2656497 282 10800 3956 10135 2391 10546 2570 -1 
2522 1781950511 1781950511 3 2671573 116 10070 7956 10070 3193 10070 101 10298 842 10298 101 -1 
9766 1781950511 1781950511 3 2639084 5181 10134 6721 10658 772 10551 3660 -1 
10808 1781950511 1781950511 3 2670642 6224 10519 4015 10625 3952 10446 2391 10907 -1 
11143 1781950511 1781950511 3 2671573 1255 10064 2338 10298 3805 10298 101 -1 
7420 1781950511 1781950511 3 2668240 3148 10222 9849 10546 2077 10546 6134 10546 4453 -1 
9505 1781950511 1781950511 3 2669870 5483 10146 5116 10146 101 10095 8521 10095 4070 10105 7786 10105 7410 10721 -1 
2093 1781950511 1781950511 3 2677611 5887 10142 5753 10053 1235 10038 1235 10038 9515 10211 897 10195 2504 -1 
2309 1781950511 1781950511 3 2396006 10421 9203 10421 9203 10983 -1 
1716 1781950511 1781950511 3 2667040 10800 2518 10319 9203 10848 9203 10672 -1 
2645 1781950511 1781950511 3 2673589 7464 10076 8878 10076 9540 10076 6939 10253 8119 10253 3294 -1 
7827 1781950511 1781950511 3 2673589 7824 10024 242 10024 4230 10032 3045 10011 661 10253 8119 10253 3294 -1 
2118 1781950511 1781950511 3 2649114 7930 10024 4998 10063 6024 -1 
7386 1781950511 1781950511 3 2674423 2336 10054 6344 10054 3286 10011 3286 10009 9263 10577 4389 -1 
1039 1781950511 1781950511 3 2674423 8495 10090 9325 10839 3248 10009 9263 10577 4389 -1 
1915 1781950511 1781950511 3 2668613 1299 10075 101 10386 1225 10386 101 10496 156 10413 8488 -1 
5020 1781950511 1781950511 3 2614551 4759 10072 4536 10196 2804 10009 4853 10874 1030 -1 
10086 1781950511 1781950511 3 2668613 10451 9479 10364 8486 10128 9050 10413 8488 -1 
2500 1781950511 1781950511 3 2673589 4278 10049 4815 10076 6939 10253 3294 -1 
437 1781950511 1781950511 3 2678145 5882 10024 4320 10107 3589 10107 7676 10044 -1 
492 1781950511 1781950511 3 2677514 10877 1096 10528 7649 10528 8649 10331 598 -1 
352 1781950511 1781950511 3 2661813 5013 10564 6385 10270 5898 -1 
2569 1781950511 1781950511 3 2677333 7876 10930 9849 10032 1834 10011 -1 
8843 1781950511 1781950511 3 2657658 8434 10047 2161 10047 4334 -1 
8027 1781950511 1781950511 3 2672654 6359 10032 6692 10156 251 10037 2852 -1 
6958 1781950511 1781950511 3 2673589 3863 10032 9364 10032 1005 10032 2874 10054 4861 10439 3294 10253 -1 
6495 1781950511 1781950511 3 2678233 8440 10047 4334 10047 150 10047 9964 10420 9964 10226 -1 
2651 1781950511 1781950511 3 2664359 5843 10072 119 10072 1669 10072 119 10072 9257 10121 9325 -1 
5241 1781950511 1781950511 3 2676022 6559 10172 6771 10019 9625 10535 -1 
8232 1781950511 1781950511 3 2652184 2437 10084 612 10084 5946 10793 -1 
8686 1781950511 1781950511 3 2673589 7083 10024 3351 10439 3294 10253 -1 
1865 1781950511 1781950511 3 2657835 3333 10153 2792 10153 6497 10413 4946 -1 
8436 1781950511 1781950511 3 2669366 1734 10243 633 10038 831 10038 9927 10072 4324 -1 
8178 1781950511 1781950511 3 2675621 3853 10092 5579 10092 8118 10156 9714 -1 
7477 1781950511 1781950511 3 2678113 8911 10032 8911 10032 9041 10032 3750 10032 8520 10032 9927 10222 8662 -1 
5293 1781950511 1781950511 3 2669910 640 10210 482 10018 8179 10018 6230 10018 1553 10032 5792 10063 6013 -1 
9336 1781950511 1781950511 3 2670454 4564 10132 8862 10055 7961 10114 20 10244 3140 -1 
8612 1781950511 1781950511 3 2672654 7497 10053 8875 10090 6510 10540 9330 10538 956 10037 2852 -1 
4685 1781950511 1781950511 3 2673071 4353 10671 5345 10671 576 10016 1262 10413 3546 -1 
6574 1781950511 1781950511 3 2668279 8487 10019 3633 10019 4849 10092 8434 10081 1034 -1 
1990 1781950511 1781950511 3 2664662 9917 10152 3227 10152 2107 10152 9160 10152 8869 10092 5743 10221 -1 
7303 1781950511 1781950511 3 2673589 6766 10032 2923 10032 4056 10439 3294 10253 -1 
1402 1781950511 1781950511 3 2676659 9642 10111 5194 10111 3925 10398 3925 10015 191 -1 
305 1781950511 1781950511 3 2663976 7119 10263 56 10096 4784 10096 3848 -1 
11785 1781950511 1781950511 3 2667399 7403 10342 387 10122 1783 -1 
10481 1781950511 1781950511 3 2678113 7071 10038 2098 10033 6595 10033 7009 10033 471 10461 403 10222 8662 -1 
69 1781950511 1781950511 3 2616993 4731 10797 6325 10183 6818 10072 8489 -1 
8371 1781950511 1781950511 3 2646674 7104 10088 5115 10550 101 10604 101 10308 -1 
11757 1781950511 1781950511 3 2678359 2972 10033 8275 10105 7786 10105 3208 10545 8291 10168 -1 
9372 1781950511 1781950511 3 2614551 6220 10176 9449 10691 1030 10874 -1 
4074 1781950511 1781950511 3 2595698 6221 10032 3230 10016 6706 10379 3268 -1 
804 1781950511 1781950511 3 2677945 10462 5033 10599 3226 10036 6317 10072 119 -1 
4677 1781950511 1781950511 3 2646641 8022 10459 8022 10459 9696 10154 1333 10082 101 10821 -1 
990 1781950511 1781950511 3 2672550 10603 4964 10603 101 10440 3168 10040 3294 10774 -1 
9697 1781950511 1781950511 3 2678359 8402 10031 6914 10031 9577 10297 1259 10211 8291 10168 -1 
2717 1781950511 1781950511 3 2674815 5569 10322 6225 10322 5402 10182 2598 10044 2598 -1 
24 1781950511 1781950511 3 2672058 4481 10485 3248 10009 3286 10072 9448 -1 
11715 1781950511 1781950511 3 2672756 4012 10253 661 10217 661 10253 2991 -1 
151 1781950511 1781950511 3 2663085 5839 10182 4034 10044 2598 10554 101 10773 5752 -1 
4148 1781950511 1781950511 3 2666813 5571 10372 4579 10156 5387 10531 -1 
4346 1781950511 1781950511 3 2583007 10963 1324 10076 7603 10090 1078 -1 
4358 1781950511 1781950511 3 2675820 6267 10032 3102 10150 5164 10461 -1 
5009 1781950511 1781950511 3 2672550 3451 10090 2175 10264 747 10090 3294 10774 -1 
11087 1781950511 1781950511 3 2667735 6407 10092 7974 10749 3898 10343 -1 
11114 1781950511 1781950511 3 2675820 403 10049 7404 10150 5164 10461 -1 
9200 1781950511 1781950511 3 2677945 3297 10148 8369 10019 9611 10072 119 10072 -1 
577 1781950511 1781950511 3 2607371 414 10076 720 10022 3536 10910 8569 10342 -1 
7526 1781950511 1781950511 3 2635573 9023 10149 7173 10399 2420 10555 101 10771 -1 
11394 1781950511 1781950511 3 2678145 4262 10159 101 10175 5402 10182 1437 10182 2598 10044 7676 -1 
9216 1781950511 1781950511 3 2674519 6433 10017 23 10017 482 10070 623 10262 4181 10190 8136 10190 -1 
4885 1781950511 1781950511 3 2676590 6313 10200 8739 10032 8768 10186 4162 10186 1212 10864 8010 10010 563 -1 
8003 1781950511 1781950511 3 2672756 9465 10032 4831 10032 661 10253 2991 -1 
6357 1781950511 1781950511 3 2673423 5363 10162 1193 10278 3522 10595 9715 10011 1211 -1 
11195 1781950511 1781950511 3 2677990 6555 10147 8495 10076 9819 10076 4815 10049 5739 10129 2788 -1 
8875 1781950511 1781950511 3 2678113 2336 10774 4882 10178 9972 10222 8662 -1 
7087 1781950511 1781950511 3 2677199 5728 10072 119 10072 3658 10072 0 10000 -1 
1122 1781950511 1781950511 3 2666789 10959 6349 10210 2564 10121 838 10305 838 10755 838 10305 6995 -1 
3512 1781950511 1781950511 3 2669736 6486 10072 9555 10072 9651 10019 4034 10015 6174 -1 
6175 1781950511 1781950511 3 2678098 3444 10019 9371 10019 1037 10007 2462 -1 
8588 1781950511 1781950511 3 2665080 2550 10125 2535 10067 3735 10242 3911 10084 4935 10273 7337 -1 
3613 1781950511 1781950511 3 2454279 4845 10148 9740 10174 6163 10531 2414 -1 
8092 1781950511 1781950511 3 2650897 4478 10789 1776 10229 8518 10050 1146 10281 774 -1 
6790 1781950511 1781950511 3 2653796 7882 10050 7051 10257 37 10202 655 10214 7198 10063 5979 -1 
6110 1781950511 1781950511 3 2677199 86 10237 7932 10120 1041 10032 5792 10032 7282 10000 0 10000 -1 
10503 1781950511 1781950511 3 2667873 10536 1746 10259 1237 10176 9957 10176 9343 10046 7653 -1 
8672 1781950511 1781950511 3 2678098 350 10032 1163 10053 9852 10053 542 10007 2462 10007 -1 
11335 1781950511 1781950511 3 2677947 3551 10800 6553 10032 8528 10032 2161 10047 150 10015 -1 
1145 1781950511 1781950511 3 2368062 7778 10106 500 10087 165 10011 7695 -1 
1595 1781950511 1781950511 3 2672654 3503 10024 8224 10121 2852 10037 -1 
3367 1781950511 1781950511 3 2677199 9625 10287 6606 10000 0 10000 -1 
11576 1781950511 1781950511 3 2664565 9068 10178 3631 10056 9972 10020 9711 -1 
3235 1781950511 1781950511 3 2670128 1468 10063 6957 10063 2217 10032 2712 10032 9355 10085 2884 10085 4864 10175 8456 -1 
218 1781950511 1781950511 3 2673579 6616 10493 9388 10004 9486 10647 9409 -1 
8354 1781950511 1781950511 3 2500948 1644 10072 6755 10072 4845 10379 7779 -1 
8501 1781950511 1781950511 3 2675621 1526 10381 494 10156 3248 10156 9714 -1 
7618 1781950511 1781950511 3 2677947 5119 10210 5342 10210 9061 10044 359 10044 3958 10044 135 10015 150 -1 
11826 1781950511 1781950511 3 2669910 5367 10032 2123 10063 7544 10063 6013 -1 
3762 1781950511 1781950511 3 2646307 1666 10016 1839 10016 5368 10016 6643 10413 1325 10413 7211 -1 
617 1781950511 1781950511 3 2677947 4707 10309 1470 10015 135 10015 150 -1 
4236 1781950511 1781950511 3 2677945 10677 4952 10345 8814 10072 119 10072 -1 
8751 1781950511 1781950511 3 2677100 7497 10072 9074 10072 364 10072 1669 -1 
6518 1781950511 1781950511 3 2664359 9563 10092 9930 10269 1612 10121 2232 10121 9325 -1 
7455 1781950511 1781950511 3 2666789 1292 10032 1000 10461 37 10121 838 10305 6995 -1 
7672 1781950511 1781950511 3 2669402 459 10032 8074 10072 2005 10015 7701 10015 7701 -1 
7957 1781950511 1781950511 3 2674815 4099 10006 8246 10406 761 10032 6628 10647 7762 10015 135 10044 2598 -1 
2449 1781950511 1781950511 3 2678362 5552 10329 7999 10269 9930 10269 8010 10010 2916 -1 
1328 1781950511 1781950511 3 2662063 6703 10018 5002 10018 7627 10018 852 10331 956 10121 2852 10020 1478 -1 
7241 1781950511 1781950511 3 2667300 10588 1184 10090 8150 10121 792 10121 9785 -1 
1609 1781950511 1781950511 3 2670128 469 10183 1909 10175 6294 10175 4864 10175 8456 -1 
2255 1781950511 1781950511 3 2678098 4179 10007 4438 10007 542 10007 1037 10007 2462 -1 
6481 1781950511 1781950511 3 2669366 9495 10032 799 10015 1456 10015 5821 10015 0 10072 4324 -1 
7309 1781950511 1781950511 3 2677945 9751 10000 0 10015 4034 10019 8463 10072 119 10072 -1 
6726 1781950511 1781950511 3 2677947 5300 10006 4358 10090 9974 10461 163 10015 135 10015 150 -1 
4627 1781950511 1781950511 3 2673579 10677 4927 10146 4557 10004 9486 10647 9409 -1 
10447 1781950511 1781950511 3 2675597 6321 10150 165 10032 7524 10234 599 10234 599 -1 
6317 1781950511 1781950511 3 2677815 1114 10019 3145 10019 2043 10047 80 10047 80 -1 
7804 1781950511 1781950511 3 2677199 4659 10739 4204 10176 923 10050 6002 10000 0 10000 0 -1 
11100 1781950511 1781950511 3 2659363 7271 10152 9838 10446 9520 10537 7411 10430 -1 
7049 1781950511 1781950511 3 2676501 5074 10032 8304 10253 4070 10095 8521 10095 8653 -1 
2546 1781950511 1781950511 3 2676458 501 10107 9688 10015 150 10015 576 10015 191 10015 1090 -1 
2718 1781950511 1781950511 3 2677100 6668 10064 5751 10072 119 10072 1669 -1 
4135 1781950511 1781950511 3 2678098 7339 10054 5058 10007 1737 10007 2462 -1 
5608 1781950511 1781950511 3 2678145 4329 10725 576 10015 135 10044 7676 -1 
7255 1781950511 1781950511 3 2667642 9257 10019 5303 10147 3146 10432 6035 10250 482 -1 
9291 1781950511 1781950511 3 2676771 8299 10078 3664 10078 8859 10802 7352 10681 2556 10171 2556 10403 -1 
10605 1781950511 1781950511 3 2661659 7917 10837 1104 10008 5634 10247 1003 10247 282 -1 
43 1781950511 1781950511 3 2677947 1295 10182 3142 10554 2598 10182 7732 10182 2598 10044 135 10015 150 -1 
7966 1781950511 1781950511 3 2677990 9773 10032 5304 10032 7683 10129 7351 10129 2788 -1 
7830 1781950511 1781950511 3 2678127 8243 10072 6658 10121 2564 10240 9908 10540 -1 
7743 1781950511 1781950511 3 2667429 1322 10219 7158 10219 7158 10121 9785 10121 3572 -1 
7262 1781950511 1781950511 3 2677945 4449 10032 4027 10032 8329 10032 8225 10176 9927 10072 119 10072 119 10072 -1 
475 1781950511 1781950511 3 2677896 4377 10221 5312 10015 135 10015 150 10015 135 -1 
9401 1781950511 1781950511 3 2677947 3234 10047 4251 10015 191 10015 135 10015 150 -1 
3865 1781950511 1781950511 3 2667707 7206 10092 4501 10164 5593 10188 449 10188 1757 -1 
605 1781950511 1781950511 3 2677947 10516 8889 10032 7730 10015 191 10015 150 10015 150 -1 
1458 1781950511 1781950511 3 2677947 10069 1791 10069 4967 10922 2294 10049 2294 10015 1090 10015 150 10015 -1 
7082 1781950511 1781950511 3 2651664 4110 10269 9930 10004 5974 10364 9999 10244 9999 -1 
7109 1781950511 1781950511 3 2672654 3320 10007 5995 10269 861 10156 9981 10240 781 10037 2852 -1 
7358 1781950511 1781950511 3 2677224 9224 10072 119 10072 8011 10072 9828 10072 3681 10072 307 10072 119 10072 364 -1 
8462 1781950511 1781950511 3 2678145 8742 10691 1893 10015 7701 10015 135 10044 7676 -1 
8464 1781950511 1781950511 3 2667300 261 10019 3368 10134 134 10305 5541 10305 838 10121 9785 -1 
507 1781950511 1781950511 3 2658934 10115 6576 10092 5191 10063 1468 10063 6024 10063 6416 -1 
6006 1781950511 1781950511 3 2673223 9065 10050 3319 10050 9449 10084 4935 10273 7337 10273 9551 10370 -1 
11145 1781950511 1781950511 3 2677110 8049 10040 2335 10084 612 10164 4048 10025 3357 10057 6480 -1 
11052 1781950511 1781950511 3 2678145 10669 4878 10054 3351 10056 9972 10015 1520 10015 7676 10044 -1 
10909 1781950511 1781950511 3 2676659 10426 1324 10216 1338 10216 7663 10216 5636 10216 3736 10015 150 10015 191 10015 191 -1 
10429 1781950511 1781950511 3 2672058 5445 10655 192 10596 3081 10072 364 10072 307 10072 9448 -1 
7528 1781950511 1781950511 3 2678145 7308 10032 823 10032 6294 10098 2237 10098 533 10425 5451 10044 8109 10044 359 10044 7676 -1 
1411 1781950511 1781950511 3 2677947 7309 10076 3547 10331 8806 10331 956 10538 9972 10015 150 10015 1090 10015 150 -1 
11928 1781950511 1781950511 3 2661418 8299 10253 2070 10032 9776 10032 2377 10063 6024 10063 9983 10063 4860 -1 
10388 1781950511 1781950511 3 2677110 6503 10394 6569 10455 860 10057 2779 10057 3357 10057 6480 -1 
6544 1781950511 1781950511 3 2678098 8857 10364 9520 10364 3293 10007 1737 10007 2462 10007 2462 10007 -1 
10840 1781950511 1781950511 3 2678098 8471 10297 471 10461 3913 10007 2368 10007 4583 10007 1737 10007 2462 10007 -1 
48 1781950511 1781950511 3 2675010 5887 10084 1160 10019 6364 10019 779 10019 5855 10075 3267 10075 9770 10075 9770 10075 -1 
4027 1781950511 1781950511 3 2674815 6248 10095 6248 10407 8278 10407 1787 10072 0 10015 1520 10015 135 10044 2598 -1 
7308 1781950511 1781950511 3 2677947 8045 10032 7500 10106 7159 10056 9972 10015 1090 10015 135 10015 150 10015 -1 
5511 1781950511 1781950511 3 2677947 10584 101 10283 9811 10030 615 10044 359 10044 359 10044 135 10015 150 -1 
691 1781950511 1781950511 3 2674844 1091 10724 812 10176 9343 10046 7571 10046 9962 10046 9962 10046 1361 -1 
66 1781950511 1781950511 3 2669402 4751 10229 3312 10856 3744 10537 6173 10537 5170 10537 7116 10515 9761 -1 
8974 1781950511 1781950511 3 2673851 86 10237 6849 10237 3731 10063 8330 10063 1468 10063 9983 10063 1468 10063 -1 
2653 1781950511 1781950511 3 2669979 4760 10360 2824 10057 5602 10057 1206 10247 1003 10247 1003 10247 6513 -1 
7085 1781950511 1781950511 3 2677945 2874 10032 4170 10032 9938 10015 150 10015 0 10072 119 10072 119 10072 -1 
5639 1781950511 1781950511 3 2666341 8363 10092 347 10539 4010 10175 6795 10668 1078 10090 972 10340 8144 10340 8858 -1 
11626 1781950511 1781950511 3 2677947 6414 10019 2265 10051 6812 10051 2218 10051 6554 10044 359 10044 135 10044 2598 10044 135 10015 150 -1 
6068 1781950511 1781950511 3 2676466 10595 7407 10128 1120 10128 4650 10010 274 10010 303 10010 6933 10010 274 10010 1797 10010 9446 -1 
5192 1781950511 1781950511 4 2554469 180 10076 4796 10076 4138 10076 9635 -1 
4630 1781950511 1781950511 4 2661090 6841 10117 304 10049 5921 10701 -1 
8399 1781950511 1781950511 4 2667345 8484 10032 6594 10008 10 10008 7509 10008 2027 10008 497 10392 2363 -1 
8603 1781950511 1781950511 4 2664047 5101 10185 3087 10185 5840 10177 3163 10712 -1 
7290 1781950511 1781950511 4 2670518 4158 10032 8891 10032 1892 10032 3102 10032 5220 10032 1541 10032 3467 10311 -1 
5696 1781950511 1781950511 4 2670518 7766 10147 4980 10088 4913 10088 5220 10032 9760 10032 3467 10311 -1 
5238 1781950511 1781950511 4 2664071 3286 10009 3256 10737 1129 10166 5926 -1 
5227 1781950511 1781950511 4 2659555 9747 10015 9927 10072 4815 10076 9784 -1 
4309 1781950511 1781950511 4 2664071 1575 10072 7384 10121 2694 10000 9940 10554 8731 10166 5926 -1 
7687 1781950511 1781950511 4 2570532 5801 10000 8683 10009 7277 10009 4839 -1 
9494 1781950511 1781950511 4 2667345 7612 10667 4135 10033 3974 10392 9014 10392 2363 -1 
5523 1781950511 1781950511 4 2660383 4010 10539 1134 10289 9965 10289 9965 10289 976 -1 
2896 1781950511 1781950511 4 2660383 4019 10446 9554 10032 1433 10289 9965 10289 9965 10289 976 -1 
8497 1781950511 1781950511 4 2668218 944 10088 6369 10032 7770 10331 7937 10214 5230 -1 
474 1781950511 1781950511 4 2671231 539 10618 101 10432 6035 10250 8331 10529 1945 10054 4249 -1 
11592 1781950511 1781950511 4 2676630 5993 10033 1280 10019 2905 10019 1228 -1 
9811 1781950511 1781950511 4 2673967 5540 10031 157 10149 4952 10149 6425 -1 
7197 1781950511 1781950511 4 2675757 759 10092 9451 10122 935 10721 6669 10076 2765 10111 -1 
4604 1781950511 1781950511 4 2598056 8497 10114 3778 10023 3778 10114 8882 -1 
3726 1781950511 1781950511 4 2667797 5133 10076 2018 10054 2797 -1 
6979 1781950511 1781950511 4 2669427 8045 10009 2232 10032 7543 -1 
11776 1781950511 1781950511 4 2675757 9597 10444 9540 10076 8012 10076 652 10331 2765 10111 -1 
1541 1781950511 1781950511 4 2671231 570 10002 8670 10002 9115 10054 4384 10054 4249 -1 
11281 1781950511 1781950511 4 2677663 6743 10003 6462 10019 1228 10019 8760 -1 
9 1781950511 1781950511 4 2659631 4239 10018 4960 10018 4193 10092 9725 10251 1728 -1 
11217 1781950511 1781950511 4 2674934 10268 6000 10019 4056 10121 2765 10259 -1 
2877 1781950511 1781950511 4 2659631 10948 3136 10315 37 10092 3380 10251 1728 -1 
5850 1781950511 1781950511 4 2640572 7695 10054 3170 10053 9852 10053 4126 10053 9838 -1 
10012 1781950511 1781950511 4 2674934 1937 10530 8827 10176 1612 10121 838 10121 2765 10259 -1 
4117 1781950511 1781950511 4 2673284 4532 10075 4692 10495 4191 10495 9080 10374 -1 
8502 1781950511 1781950511 4 2671768 1159 10320 4040 10024 1826 -1 
8969 1781950511 1781950511 4 2669846 2753 10374 2064 10176 9829 -1 
9023 1781950511 1781950511 4 2674910 8220 10146 5480 10408 2391 10264 3934 10032 661 -1 
5307 1781950511 1781950511 4 2653762 9078 10032 889 10032 9352 10019 8700 -1 
11447 1781950511 1781950511 4 2626888 7597 10032 412 10032 6979 10032 9853 10032 7877 -1 
6335 1781950511 1781950511 4 2662945 6979 10032 8486 10545 8606 10019 7422 -1 
2912 1781950511 1781950511 4 2665983 3618 10933 101 10195 3059 10064 7743 -1 
5685 1781950511 1781950511 4 2661523 8997 10072 9192 10019 5067 10297 6956 10593 6936 10019 9676 -1 
42 1781950511 1781950511 4 2655224 7730 10032 1573 10032 7109 10801 -1 
3174 1781950511 1781950511 4 2676307 935 10114 20 10244 20 10114 640 -1 
4959 1781950511 1781950511 4 2677629 10270 7748 10278 8118 10121 1237 10176 8331 -1 
4907 1781950511 1781950511 4 2677648 4528 10134 6030 10244 20 10114 6873 -1 
2019 1781950511 1781950511 4 2678175 747 10352 3919 10352 579 10360 579 10345 8814 -1 
2077 1781950511 1781950511 4 2597817 1509 10540 1129 10054 3170 10054 5063 -1 
2296 1781950511 1781950511 4 2677648 5430 10554 3552 10044 9906 10044 135 10015 6046 10114 813 10114 6873 -1 
11478 1781950511 1781950511 4 2659631 5064 10031 1458 10178 2236 10251 6696 10251 1728 -1 
2554 1781950511 1781950511 4 2675896 6131 10024 1099 10024 3275 10024 7650 10024 2670 -1 
9625 1781950511 1781950511 4 2677629 7667 10015 1509 10076 7937 10214 1237 10176 8331 -1 
11655 1781950511 1781950511 4 2678060 10545 2622 10843 578 10024 7650 10024 131 -1 
7119 1781950511 1781950511 4 2673676 38 10024 3956 10198 8864 10198 6747 10032 505 10227 -1 
10583 1781950511 1781950511 4 2659746 4012 10253 2981 10033 9796 10032 5157 10054 5819 -1 
9449 1781950511 1781950511 4 2677882 5179 10445 5613 10256 4040 10024 7049 10054 8518 10949 -1 
9629 1781950511 1781950511 4 2678060 7041 10054 2524 10054 3918 10032 4056 10024 131 -1 
4958 1781950511 1781950511 4 2676872 3881 10074 4133 10032 9129 10032 3102 10032 6405 10032 1541 10032 433 -1 
5172 1781950511 1781950511 4 2660426 7578 10053 9919 10053 9529 10053 595 10054 713 -1 
5500 1781950511 1781950511 4 2676977 121 10286 4340 10260 7051 10072 119 10072 5719 10050 1612 10050 3872 10092 6445 -1 
5664 1781950511 1781950511 4 2668218 8123 10176 2491 10019 6224 10176 2463 10633 9449 10534 1806 10214 5230 -1 
7786 1781950511 1781950511 4 2669425 5112 10669 5180 10032 8419 10032 6747 10032 8528 10032 9998 10032 4097 10803 -1 
8908 1781950511 1781950511 4 2668240 3088 10185 2570 10546 4453 -1 
4573 1781950511 1781950511 4 2677965 4633 10090 7743 10090 60 10078 3288 10055 3288 -1 
6018 1781950511 1781950511 4 2677454 709 10006 4721 10276 5004 10276 6504 -1 
4989 1781950511 1781950511 4 2677965 10801 6350 10211 343 10078 3288 10055 3288 -1 
7925 1781950511 1781950511 4 2677965 10889 8124 10252 1568 10078 60 10078 3288 10055 3288 -1 
8537 1781950511 1781950511 4 2676576 6878 10032 2177 10147 9625 10858 9625 10147 6345 -1 
4796 1781950511 1781950511 4 2670293 10200 9013 10759 8486 10364 9999 10244 9999 10244 6030 10656 -1 
10698 1781950511 1781950511 4 2669870 7298 10789 9608 10019 9889 10019 7410 10721 -1 
4841 1781950511 1781950511 4 2674830 6693 10007 5891 10260 1366 10050 1612 10048 8671 -1 
5045 1781950511 1781950511 4 2674830 10308 3522 10595 8678 10224 1612 10050 1612 10048 8671 -1 
8990 1781950511 1781950511 4 2676874 10306 163 10229 8967 10050 5612 10092 4219 10092 897 10195 2036 -1 
8784 1781950511 1781950511 4 2641815 8440 10019 3113 10019 5276 10019 6246 10019 5196 10019 6843 10052 9843 -1 
3202 1781950511 1781950511 4 2661259 10390 2674 10050 655 10254 8116 10601 7938 -1 
4380 1781950511 1781950511 4 2600182 7261 10463 3958 10245 101 10030 2851 10030 4122 -1 
5924 1781950511 1781950511 4 2676058 10790 101 10147 6555 10147 4957 10147 7160 10147 5594 -1 
4898 1781950511 1781950511 4 2677611 7766 10147 2504 10195 9200 10195 8907 10195 3130 10195 2504 -1 
3312 1781950511 1781950511 4 2669572 1154 10019 8530 10121 9725 10072 1059 10688 6869 10148 554 10031 2706 10031 4483 10033 8547 -1 
7555 1781950511 1781950511 4 2673589 5920 10053 9252 10053 7793 10076 9994 10076 1509 10076 6939 10253 8119 10253 3294 -1 
9341 1781950511 1781950511 4 2676496 1392 10841 6777 10374 3467 10072 1013 -1 
3653 1781950511 1781950511 4 2677333 578 10024 1880 10024 8720 10205 1834 10011 -1 
514 1781950511 1781950511 4 2673589 5843 10186 438 10024 2991 10253 8119 10253 3294 -1 
10265 1781950511 1781950511 4 2668503 5659 10653 3461 10207 1468 10063 6024 10063 1648 10063 7544 -1 
640 1781950511 1781950511 4 2667428 1648 10024 5974 10364 9999 10244 4553 10244 4633 -1 
9075 1781950511 1781950511 4 2587549 8952 10072 4409 10054 2716 10063 2377 -1 
2473 1781950511 1781950511 4 2674343 6840 10090 7196 10264 6557 10008 8010 10269 -1 
10319 1781950511 1781950511 4 2674423 393 10000 9449 10084 1237 10397 5745 10009 9263 10577 4389 -1 
1700 1781950511 1781950511 4 2673851 5890 10019 6581 10098 533 10425 8107 10063 1468 -1 
2347 1781950511 1781950511 4 2667300 10920 7540 10744 7540 10072 119 10072 4815 10076 2765 10121 9785 -1 
11675 1781950511 1781950511 4 2658016 3508 10048 4265 10790 6300 10790 4909 -1 
3030 1781950511 1781950511 4 2677945 406 10156 1612 10374 8427 10072 119 -1 
5766 1781950511 1781950511 4 2677444 5055 10010 578 10032 8041 10032 4367 10032 7426 10032 7543 10032 7710 10090 -1 
1523 1781950511 1781950511 4 2663660 6974 10059 1412 10059 1560 10137 9899 10156 251 10037 781 -1 
4666 1781950511 1781950511 4 2675737 4016 10412 5620 10007 542 10007 1138 -1 
5113 1781950511 1781950511 4 2667300 122 10092 2880 10755 2880 10199 8806 10331 2765 10121 9785 -1 
5536 1781950511 1781950511 4 2673589 1999 10235 9574 10072 0 10072 332 10253 3294 -1 
10675 1781950511 1781950511 4 2677212 8783 10509 2884 10178 4433 10178 9908 10240 -1 
1482 1781950511 1781950511 4 2677224 7260 10015 150 10015 150 10015 2073 10015 135 10015 2905 10019 586 10072 364 -1 
7531 1781950511 1781950511 4 2676496 3497 10224 9449 10278 2593 10176 9434 10426 2875 10019 586 10072 1013 -1 
11488 1781950511 1781950511 4 2668279 4582 10019 6302 10019 9376 10081 1034 -1 
3014 1781950511 1781950511 4 2677224 482 10459 8378 10744 7540 10072 3039 10019 1903 10072 364 -1 
10521 1781950511 1781950511 4 2677945 7403 10204 7567 10204 2666 10072 119 -1 
9990 1781950511 1781950511 4 2676603 9627 10146 2758 10281 3293 10281 8028 -1 
807 1781950511 1781950511 4 2673497 609 10236 8133 10176 1095 10176 1082 10176 9452 10072 6317 10072 4220 -1 
4013 1781950511 1781950511 4 2672132 4748 10213 6616 10213 6616 10088 9898 10088 7106 10413 3277 -1 
7549 1781950511 1781950511 4 2670095 5519 10176 3327 10243 2747 10243 1734 10243 9972 10538 4694 10538 1775 10010 41 -1 
8167 1781950511 1781950511 4 2669402 4949 10306 4705 10050 1218 10050 3872 10050 2260 10015 7701 -1 
2060 1781950511 1781950511 4 2675887 10810 3970 10788 2824 10360 220 10129 7351 -1 
7770 1781950511 1781950511 4 2678233 10633 517 10538 9618 10786 8499 10152 9160 10152 9964 10226 -1 
11420 1781950511 1781950511 4 2678359 1915 10085 2884 10032 8427 10374 3467 10072 8291 10168 -1 
3045 1781950511 1781950511 4 2671990 9322 10345 9409 10345 9409 10386 1225 -1 
5166 1781950511 1781950511 4 2678365 4025 10032 9172 10032 7528 10222 2172 10025 123 10025 -1 
2794 1781950511 1781950511 4 2677945 9917 10665 8056 10567 6606 10000 586 10072 119 10072 -1 
11452 1781950511 1781950511 4 2301688 8450 10564 8966 10100 4180 10668 9665 -1 
2445 1781950511 1781950511 4 2678113 1162 10032 2161 10032 1995 10032 9976 10032 9927 10222 8662 10222 -1 
9462 1781950511 1781950511 4 2678098 7822 10287 8754 10287 308 10007 2462 10007 -1 
8279 1781950511 1781950511 4 2676556 8266 10006 5651 10090 6498 10185 1530 10032 7524 10234 7547 10234 -1 
5065 1781950511 1781950511 4 2678098 10602 101 10512 101 10374 890 10685 934 10381 6721 10019 8672 10019 1037 10007 2462 -1 
906 1781950511 1781950511 4 2666050 603 10216 966 10216 7790 10216 101 10201 8198 -1 
10144 1781950511 1781950511 4 2677199 8444 10044 8173 10019 9813 10567 6606 10000 0 10000 -1 
6769 1781950511 1781950511 4 2677199 2712 10032 2175 10331 956 10009 1420 10000 0 10000 0 -1 
8608 1781950511 1781950511 4 2673851 134 10462 6140 10150 497 10063 1468 10063 1468 -1 
2276 1781950511 1781950511 4 2654316 3956 10024 6767 10406 7339 10502 9761 10727 -1 
9521 1781950511 1781950511 4 2661735 9758 10032 3530 10210 9521 10210 4209 10495 4191 -1 
5611 1781950511 1781950511 4 2673223 1805 10050 1846 10084 4986 10456 9551 10370 -1 
2247 1781950511 1781950511 4 2678098 10750 1162 10053 9008 10053 5768 10053 4847 10053 542 10007 1037 10007 2462 -1 
5081 1781950511 1781950511 4 2675621 6119 10412 7172 10214 163 10156 9714 10156 9714 -1 
5127 1781950511 1781950511 4 2673497 122 10050 3319 10050 3372 10072 119 10072 4220 -1 
6466 1781950511 1781950511 4 2675358 3686 10032 6247 10038 1235 10053 8812 10053 1159 10072 6428 10007 4216 -1 
3413 1781950511 1781950511 4 2677947 598 10718 6863 10417 5007 10015 150 10015 -1 
4230 1781950511 1781950511 4 2677896 8470 10032 4047 10093 2531 10015 150 10015 135 -1 
1682 1781950511 1781950511 4 2674634 10720 4600 10340 6318 10063 9389 10063 9636 10063 1389 10049 5739 10129 6589 10129 346 -1 
2075 1781950511 1781950511 4 2676603 10808 1824 10019 1075 10019 4243 10281 7068 10281 8028 -1 
10025 1781950511 1781950511 4 2676279 4941 10186 337 10204 43 10027 9895 10027 43 -1 
3588 1781950511 1781950511 4 2657913 1201 10360 220 10632 220 10129 3172 10129 4226 10965 -1 
3226 1781950511 1781950511 4 2673208 666 10250 6035 10250 2719 10250 3389 10250 834 10015 1090 10015 6510 10090 9779 -1 
4389 1781950511 1781950511 4 2671794 846 10092 517 10092 7244 10176 9343 10046 8249 10171 2556 10642 -1 
5453 1781950511 1781950511 4 2677129 5105 10090 2868 10774 9493 10546 3658 10072 307 10072 2507 10010 9101 10010 9936 -1 
7557 1781950511 1781950511 4 2677110 551 10024 2695 10730 843 10299 3284 10057 8026 10057 9387 10057 3357 10057 6480 -1 
2801 1781950511 1781950511 4 2678098 10935 8899 10285 6721 10412 6854 10226 566 10226 5594 10007 2462 10007 2462 10007 -1 
10878 1781950511 1781950511 5 2659565 3667 10449 101 10776 7503 10776 5536 10776 5536 10776 101 10329 3018 -1 
2647 1781950511 1781950511 5 2666075 6672 10318 6417 10318 101 10672 101 10432 3577 10432 666 10759 1201 -1 
7245 1781950511 1781950511 5 2670518 1735 10019 335 10019 4024 10015 7742 10015 9972 10072 119 10072 3467 10311 -1 
8919 1781950511 1781950511 5 2677639 1894 10072 1237 10064 2013 10111 9092 10090 9325 10240 5951 10037 2565 10555 -1 
5547 1781950511 1781950511 5 2631106 1996 10007 9696 10007 5012 10032 1043 10392 112 -1 
353 1781950511 1781950511 5 2668522 1297 10127 8804 10127 5960 10442 5960 10442 5052 -1 
7973 1781950511 1781950511 5 2656158 1488 10072 2883 10092 6403 10449 5990 10449 7281 10559 -1 
11630 1781950511 1781950511 5 2666684 1793 10122 170 10843 7765 10577 9263 10009 3286 -1 
9936 1781950511 1781950511 5 2661090 10620 6926 10651 7483 10142 9532 10097 5262 10097 6432 10097 5921 10701 -1 
5990 1781950511 1781950511 5 2673967 10400 218 10149 4952 10149 6425 -1 
8499 1781950511 1781950511 5 2673967 4698 10395 8806 10199 3168 10323 4952 10149 6425 -1 
1961 1781950511 1781950511 5 2655501 1691 10008 9715 10661 8899 10544 6476 10032 4047 -1 
8143 1781950511 1781950511 5 2674934 1191 10869 4237 10156 8118 10121 2765 10259 -1 
6115 1781950511 1781950511 5 2677663 425 10032 6381 10290 9413 10855 9413 10064 1228 10019 8760 -1 
1950 1781950511 1781950511 5 2673949 2638 10190 6396 10190 6877 10032 9358 10032 9976 -1 
7403 1781950511 1781950511 5 2670664 960 10019 1218 10072 5745 10084 5622 10224 5934 10116 9772 -1 
8724 1781950511 1781950511 5 2677663 6447 10312 5319 10064 6615 10064 1228 10019 8760 -1 
7775 1781950511 1781950511 5 2676630 1042 10076 3082 10076 7826 10536 170 10019 1228 -1 
6305 1781950511 1781950511 5 2673284 3580 10006 4470 10032 9129 10032 4191 10495 9080 10374 -1 
5448 1781950511 1781950511 5 2676307 5868 10189 8666 10072 9566 10114 640 -1 
6664 1781950511 1781950511 5 2678060 9691 10032 4640 10032 7524 10032 9796 10032 6381 10237 4130 10237 4526 10024 131 -1 
5539 1781950511 1781950511 5 2594181 10822 9788 10534 9553 10401 173 -1 
7359 1781950511 1781950511 5 2678060 9443 10237 4071 10237 535 10237 4526 10024 131 -1 
11568 1781950511 1781950511 5 2649171 2499 10708 9434 10176 9449 10084 5692 10084 4845 -1 
6973 1781950511 1781950511 5 2677882 5612 10415 358 10054 9772 10214 8518 10949 -1 
5960 1781950511 1781950511 5 2673676 277 10332 3621 10406 9976 10032 505 10227 -1 
5731 1781950511 1781950511 5 2637564 6926 10620 5701 10620 5494 10154 8686 -1 
9254 1781950511 1781950511 5 2669427 7860 10003 305 10053 6004 10053 5157 10032 7543 -1 
126 1781950511 1781950511 5 2676091 1020 10009 8211 10299 9262 10299 3372 10092 4705 -1 
7253 1781950511 1781950511 5 2676516 3152 10032 9552 10032 6901 10032 9995 10406 4025 10054 5789 10024 8304 -1 
11399 1781950511 1781950511 5 2673065 6918 10499 9573 10499 5213 10092 6679 10162 8463 -1 
4708 1781950511 1781950511 5 2664963 8721 10212 519 10154 3233 10630 393 10064 6615 10064 2294 -1 
6351 1781950511 1781950511 5 2411575 2087 10072 1324 10056 1414 10162 4431 10936 -1 
7135 1781950511 1781950511 5 2676977 9840 10092 5928 10050 2260 10050 163 10092 6445 -1 
7881 1781950511 1781950511 5 2599178 3954 10019 7376 10072 9603 10374 4914 10032 7941 10032 1946 -1 
7000 1781950511 1781950511 5 2677882 4536 10210 3482 10210 9899 10092 3872 10053 9838 10053 3170 10054 8518 10949 -1 
4498 1781950511 1781950511 5 2677629 10611 5703 10611 3168 10290 9413 10855 1238 10092 1237 10176 8331 -1 
168 1781950511 1781950511 5 2676307 6997 10018 1109 10018 527 10244 236 10114 730 10114 813 10114 640 -1 
9963 1781950511 1781950511 5 2660426 8507 10008 2510 10054 454 10054 4303 10054 5824 10054 713 -1 
5349 1781950511 1781950511 5 2672527 8410 10015 135 10044 6039 10019 335 10019 8291 10179 7923 -1 
11416 1781950511 1781950511 5 2677454 10499 101 10566 5218 10147 9480 10147 101 10276 6504 -1 
10013 1781950511 1781950511 5 2657867 427 10109 3181 10006 4667 10006 632 10006 9988 10064 9901 10564 -1 
7260 1781950511 1781950511 5 2641865 4588 10032 412 10053 2207 10593 5514 10593 6578 10272 675 -1 
5935 1781950511 1781950511 5 2674830 10646 170 10243 4853 10050 1612 10050 1612 10048 8671 -1 
8796 1781950511 1781950511 5 2674830 9393 10005 9134 10005 8499 10637 337 10204 1612 10050 1612 10048 8671 -1 
2250 1781950511 1781950511 5 2668551 585 10245 101 10581 1729 10581 101 10907 2391 10408 4286 -1 
5708 1781950511 1781950511 5 2676874 5331 10001 750 10001 1 10001 101 10479 101 10130 233 10092 897 10195 2036 -1 
9838 1781950511 1781950511 5 2654414 8971 10177 4602 10092 1059 10654 5427 -1 
7312 1781950511 1781950511 5 2654414 8848 10032 9364 10032 6567 10237 6938 10551 3660 10551 1059 10654 5427 -1 
5488 1781950511 1781950511 5 2665331 219 10032 8625 10082 1333 10082 101 10557 8388 10126 5001 10126 9979 10851 -1 
8415 1781950511 1781950511 5 2673589 2401 10054 362 10032 9532 10032 661 10253 8119 10253 3294 -1 
5728 1781950511 1781950511 5 2674423 6639 10050 1366 10650 8660 10286 3969 10009 9263 10577 4389 -1 
416 1781950511 1781950511 5 2677224 407 10311 2709 10072 9883 10072 364 -1 
10123 1781950511 1781950511 5 2677224 527 10090 595 10374 8427 10072 364 -1 
7396 1781950511 1781950511 5 2677257 5444 10395 8518 10232 3969 10111 2765 10121 9215 10833 9215 10121 -1 
6275 1781950511 1781950511 5 2678098 435 10032 3551 10064 3853 10032 9041 10032 2767 10032 7524 10032 3045 10011 406 10032 542 10007 2462 10007 
5725 1781950511 1781950511 5 2678113 10760 8178 10016 9720 10016 766 10211 471 10461 403 10222 8662 -1 
1587 1781950511 1781950511 5 2677945 3467 10374 9603 10072 1575 10072 6317 10072 119 -1 
11543 1781950511 1781950511 5 2678359 7495 10177 8606 10019 3208 10545 8291 10168 -1 
1389 1781950511 1781950511 5 2673108 6281 10253 7259 10539 2428 10076 7603 10010 7569 -1 
11821 1781950511 1781950511 5 2677100 5200 10358 3136 10346 3969 10009 3286 10072 1669 -1 
7541 1781950511 1781950511 5 2677199 4677 10016 6973 10016 3813 10092 6581 10717 8678 10000 0 10000 -1 
2791 1781950511 1781950511 5 2666186 5078 10019 506 10019 9371 10185 5335 10007 4438 -1 
7697 1781950511 1781950511 5 2678145 1046 10266 6218 10064 1597 10064 1780 10072 576 10015 135 10044 7676 -1 
5332 1781950511 1781950511 5 2673003 8847 10291 628 10242 7813 10000 9216 10725 576 10015 1090 10015 6395 -1 
2170 1781950511 1781950511 5 2669402 10895 4434 10019 4599 10182 1745 10307 7261 10015 7701 -1 
9815 1781950511 1781950511 5 2677446 3086 10072 8723 10072 8488 10554 1980 10735 2670 10024 578 10010 1554 10010 552 -1 
1912 1781950511 1781950511 5 2677945 5019 10331 956 10540 7770 10176 9957 10176 9883 10072 119 10072 119 10072 -1 
7742 1781950511 1781950511 5 2677896 9672 10032 3435 10076 5801 10210 2833 10015 1090 10015 150 10015 135 -1 
6891 1781950511 1781950511 6 2676494 1973 10005 144 10005 2603 10049 1321 10008 4482 10008 2942 10008 6876 10008 10 10008 5556 -1 
8748 1781950511 1781950511 6 2652148 3136 10072 119 10072 8001 10015 5921 10049 5639 -1 
5164 1781950511 1781950511 6 2669425 7630 10344 1853 10436 2472 10204 5770 10204 2236 10066 4097 10803 -1 
2481 1781950511 1781950511 6 2670892 10893 5269 10893 5269 10237 5905 10237 4130 10237 4764 -1 
2892 1781950511 1781950511 6 2670892 407 10076 7603 10010 5566 10289 4751 10237 663 10237 4130 10237 4764 -1 
3123 1781950511 1781950511 6 2677629 6298 10092 9067 10092 9988 10032 8528 10032 1530 10177 9829 10176 8331 -1 
9207 1781950511 1781950511 6 2659562 8666 10072 6032 10564 9901 10019 7193 -1 
5006 1781950511 1781950511 6 2651527 6267 10019 643 10019 8892 10154 3380 -1 
3955 1781950511 1781950511 6 2672949 2942 10301 101 10251 6952 10251 2912 10397 6759 -1 
626 1781950511 1781950511 6 2668672 1471 10242 8449 10113 6433 10007 542 10032 406 -1 
7171 1781950511 1781950511 6 2678060 10680 861 10050 1612 10176 1773 10076 4954 10032 9 10032 7543 10032 4056 10024 131 -1 
2168 1781950511 1781950511 6 2672527 10663 300 10073 6460 10204 6713 10179 7923 -1 
3780 1781950511 1781950511 6 2672906 10891 5831 10563 4584 10032 9001 10032 412 10032 9987 10093 3666 -1 
3804 1781950511 1781950511 6 2677454 7211 10554 2598 10554 101 10276 6504 -1 
6961 1781950511 1781950511 6 2671031 6160 10054 1553 10054 4553 10244 576 10671 -1 
7561 1781950511 1781950511 6 2673423 9091 10092 233 10210 2859 10708 3012 10198 2824 10011 1211 -1 
4538 1781950511 1781950511 6 2673589 8262 10022 5048 10072 1461 10714 4861 10439 3294 10253 -1 
5751 1781950511 1781950511 6 2677514 8157 10111 9963 10111 9963 10076 9963 10111 2013 10111 9963 10111 2765 10331 598 -1 
10469 1781950511 1781950511 6 2670454 6544 10031 9839 10038 3036 10253 8823 10289 976 10461 5164 10244 20 10244 3140 -1 
3671 1781950511 1781950511 6 2676496 3546 10016 6883 10016 723 10084 1366 10050 9996 10072 3039 10019 1903 10072 1013 -1 
2783 1781950511 1781950511 6 2677416 6434 10049 8262 10009 4850 10712 1744 10381 6873 10057 -1 
9312 1781950511 1781950511 6 2667842 7789 10033 2857 10130 7792 10489 1266 10558 2598 10183 8828 -1 
1769 1781950511 1781950511 6 2678098 2094 10346 3722 10076 4686 10770 170 10147 1037 10007 2462 -1 
2855 1781950511 1781950511 6 2675621 2548 10032 9295 10053 5157 10156 3632 10156 4579 10156 9714 10156 9714 -1 
1827 1781950511 1781950511 6 2677947 7187 10289 3275 10209 538 10049 9676 10015 135 10044 2598 10182 2598 10044 135 10015 150 -1 
4917 1781950511 1781950511 6 2677224 6099 10009 2674 10092 4291 10064 9883 10072 119 10072 9448 10072 364 -1 
5070 1781950511 1781950511 7 2670518 8628 10910 877 10063 9565 10032 5596 10032 3626 10032 572 10032 336 10032 7209 10032 3467 10311 -1 
5796 1781950511 1781950511 7 2647800 10777 490 10092 656 10137 4414 10032 510 -1 
11719 1781950511 1781950511 7 2673284 6836 10007 8354 10333 229 10032 823 10032 4191 10495 9080 10374 -1 
4015 1781950511 1781950511 7 2678060 9170 10072 119 10072 4097 10032 7282 10000 6755 10032 6381 10237 4526 10024 131 -1 
1290 1781950511 1781950511 7 2677454 7826 10111 1153 10374 3399 10266 1447 10324 101 10276 6504 -1 
6569 1781950511 1781950511 7 2674830 3409 10914 4081 10019 9813 10567 6606 10000 1612 10048 8671 -1 
401 1781950511 1781950511 7 2673579 8852 10332 7231 10237 9322 10345 4952 10345 9409 10647 -1 
10643 1781950511 1781950511 8 2672227 4433 10178 25 10137 1252 10839 2833 10210 1458 10210 -1 
1382 1781950511 1781950511 8 2678060 5269 10893 5269 10237 5905 10237 4130 10237 4526 10024 131 -1 
860 1781950511 1781950511 8 2678060 2354 10009 3713 10023 9852 10053 6381 10237 4130 10237 4526 10024 131 -1 
2121 1781950511 1781950511 8 2677648 4983 10176 8903 10072 1575 10072 119 10072 9991 10072 576 10244 20 10114 6873 -1 
10602 1781950511 1781950511 8 2672527 5144 10177 4602 10092 9972 10015 9676 10019 8291 10179 7923 -1 
10875 1781950511 1781950511 8 2677945 8553 10865 5629 10250 7567 10204 4959 10076 7603 10076 5801 10072 119 10072 -1 
7128 1781950511 1781950511 8 2678098 6553 10813 9489 10139 281 10019 8480 10019 4599 10019 1037 10007 2462 -1 
2763 1781950511 1781950511 10 2671063 10980 192 10084 4292 10032 9984 10213 1918 10092 4064 10092 1194 10251 1194 10091 8656 -1 
8097 1781950511 1781950511 0 2669211 10763 8178 -1 
6040 1781950511 1781950511 0 2666454 8517 10032 14 -1 
6082 1781950511 1781950511 0 2434315 4445 10016 9472 -1 
6119 1781950511 1781950511 0 2658760 2401 10032 459 -1 
6182 1781950511 1781950511 0 2659199 3762 10019 5352 -1 
6214 1781950511 1781950511 0 2675056 2042 10006 8980 -1 
6215 1781950511 1781950511 0 2678076 7957 10315 7957 -1 
6272 1781950511 1781950511 0 2568287 4089 10012 5896 -1 
6340 1781950511 1781950511 0 2664337 8931 10032 2268 -1 
6411 1781950511 1781950511 0 2663738 5668 10006 6341 -1 
6436 1781950511 1781950511 0 2615035 9803 10006 7989 -1 
6440 1781950511 1781950511 0 2577514 7189 10006 6730 -1 
6456 1781950511 1781950511 0 2672747 8931 10032 5830 -1 
6472 1781950511 1781950511 0 2658285 7126 10019 9021 -1 
6493 1781950511 1781950511 0 2448018 2974 10019 9225 -1 
6497 1781950511 1781950511 0 2583827 9105 10032 6573 -1 
6617 1781950511 1781950511 0 2455394 548 10176 7386 -1 
6649 1781950511 1781950511 0 2410234 3244 10032 6320 -1 
6658 1781950511 1781950511 0 2665986 5017 10006 4726 -1 
6662 1781950511 1781950511 0 2614218 8403 10316 9697 -1 
6663 1781950511 1781950511 0 2670311 9362 10032 3861 -1 
6700 1781950511 1781950511 0 2678261 390 10016 7939 -1 
6712 1781950511 1781950511 0 2673295 608 10006 3814 -1 
6717 1781950511 1781950511 0 2671076 6137 10006 9477 -1 
6718 1781950511 1781950511 0 2673246 163 10064 276 -1 
6745 1781950511 1781950511 0 2674443 8029 10006 836 -1 
6750 1781950511 1781950511 0 2655526 9529 10053 9252 -1 
6777 1781950511 1781950511 0 2611227 741 10006 5068 -1 
6782 1781950511 1781950511 0 2676842 8243 10176 1237 -1 
6816 1781950511 1781950511 0 2494712 1227 10118 1153 -1 
6829 1781950511 1781950511 0 2675262 2233 10006 1385 -1 
6854 1781950511 1781950511 0 2602601 7275 10006 3493 -1 
6889 1781950511 1781950511 0 2652081 9803 10006 431 -1 
6950 1781950511 1781950511 0 2609024 8619 10791 8475 -1 
6968 1781950511 1781950511 0 1911200 900 10032 2090 -1 
7046 1781950511 1781950511 0 2630965 9890 10032 8887 -1 
7061 1781950511 1781950511 0 2634528 759 10064 3036 -1 
7067 1781950511 1781950511 0 2568928 1135 10006 5746 -1 
7092 1781950511 1781950511 0 2589451 4770 10054 2436 -1 
7116 1781950511 1781950511 0 1714929 4522 10006 7275 -1 
7120 1781950511 1781950511 0 2668374 1548 10006 5604 -1 
7160 1781950511 1781950511 0 2654325 5880 10006 1388 -1 
7191 1781950511 1781950511 0 2667802 5729 10006 5836 -1 
7193 1781950511 1781950511 0 2667170 4644 10006 7981 -1 
7211 1781950511 1781950511 0 2609024 7834 10791 8475 -1 
7213 1781950511 1781950511 0 2676322 1661 10032 204 -1 
7254 1781950511 1781950511 0 2678261 7939 10016 7939 -1 
7261 1781950511 1781950511 0 2147307 1894 10032 6126 -1 
7264 1781950511 1781950511 0 2672191 7635 10006 7 -1 
7284 1781950511 1781950511 0 2677015 5068 10006 1812 -1 
7361 1781950511 1781950511 0 2666441 6083 10029 4408 -1 
7372 1781950511 1781950511 0 2589311 6909 10092 2854 -1 
7430 1781950511 1781950511 0 2646743 2734 10005 417 -1 
7458 1781950511 1781950511 0 1527549 3398 10053 9572 -1 
7466 1781950511 1781950511 0 2573991 5131 10032 3651 -1 
7529 1781950511 1781950511 0 2650977 7115 10032 8234 -1 
7539 1781950511 1781950511 0 2490657 8619 10024 1087 -1 
7543 1781950511 1781950511 0 2669047 3814 10006 6231 -1 
7575 1781950511 1781950511 0 2652388 8467 10239 618 -1 
7615 1781950511 1781950511 0 2591625 174 10032 6282 -1 
7700 1781950511 1781950511 0 2644283 4367 10064 5807 -1 
7719 1781950511 1781950511 0 2616984 9773 10032 8339 -1 
7728 1781950511 1781950511 0 2652799 8923 10885 8923 -1 
7737 1781950511 1781950511 0 2672715 6167 10032 889 -1 
7749 1781950511 1781950511 0 2669845 2023 10019 7490 -1 
7779 1781950511 1781950511 0 2661904 2293 10032 2211 -1 
7828 1781950511 1781950511 0 2513584 6723 10006 3458 -1 
7839 1781950511 1781950511 0 2561722 2907 10032 6657 -1 
7857 1781950511 1781950511 0 2670877 3863 10032 4782 -1 
7865 1781950511 1781950511 0 2668902 8514 10006 4520 -1 
7897 1781950511 1781950511 0 2677433 2233 10006 4049 -1 
7917 1781950511 1781950511 0 2676017 7133 10005 7144 -1 
7919 1781950511 1781950511 0 2652724 657 10118 341 -1 
7954 1781950511 1781950511 0 2645061 5284 10016 6042 -1 
7959 1781950511 1781950511 0 2674785 7455 10005 5026 -1 
7963 1781950511 1781950511 0 2577360 1367 10006 3207 -1 
8018 1781950511 1781950511 0 2664727 9053 10029 4439 -1 
8036 1781950511 1781950511 0 2676862 3089 10005 5783 -1 
8129 1781950511 1781950511 0 2672260 2642 10006 6374 -1 
8144 1781950511 1781950511 0 2664642 2970 10006 9803 -1 
8160 1781950511 1781950511 0 2497286 4833 10006 708 -1 
8195 1781950511 1781950511 0 2515580 3398 10054 6648 -1 
8218 1781950511 1781950511 0 2582975 5519 10176 4908 -1 
8253 1781950511 1781950511 0 2660342 1385 10006 8255 -1 
8264 1781950511 1781950511 0 2663554 9846 10050 6002 -1 
8329 1781950511 1781950511 0 2676084 10439 6577 10592 -1 
8361 1781950511 1781950511 0 2652085 8023 10154 94 -1 
8428 1781950511 1781950511 0 2677091 7366 10288 2225 -1 
8472 1781950511 1781950511 0 2678089 9637 10032 9927 -1 
8510 1781950511 1781950511 0 2674816 8111 10054 6160 -1 
8524 1781950511 1781950511 0 2678267 7762 10032 175 -1 
8525 1781950511 1781950511 0 2594313 5070 10053 2749 -1 
8549 1781950511 1781950511 0 2604686 683 10032 8271 -1 
8569 1781950511 1781950511 0 2495124 4283 10006 1628 -1 
8610 1781950511 1781950511 0 2600083 9066 10032 9539 -1 
8690 1781950511 1781950511 0 2596344 2546 10032 4738 -1 
8713 1781950511 1781950511 0 2262891 8424 10032 9847 -1 
8754 1781950511 1781950511 0 2615110 6718 10088 9827 -1 
8813 1781950511 1781950511 0 2668784 3870 10032 9356 -1 
8849 1781950511 1781950511 0 2315222 8392 10626 1164 -1 
8854 1781950511 1781950511 0 2559462 832 10006 3346 -1 
8879 1781950511 1781950511 0 2556262 4828 10006 1852 -1 
8884 1781950511 1781950511 0 2677003 8517 10032 412 -1 
8891 1781950511 1781950511 0 2643110 4963 10255 894 -1 
8907 1781950511 1781950511 0 2676211 7049 10053 3723 -1 
8920 1781950511 1781950511 0 2552727 4875 10019 7050 -1 
8926 1781950511 1781950511 0 2607121 5768 10053 133 -1 
6065 1781950511 1781950511 0 2677091 1622 10288 2225 10288 -1 
6070 1781950511 1781950511 0 2677513 35 10224 3911 10174 -1 
6306 1781950511 1781950511 0 2677523 10299 3372 10092 3034 -1 
6374 1781950511 1781950511 0 2568287 10012 5896 10012 5896 -1 
7192 1781950511 1781950511 0 2669912 9805 10137 8678 10224 -1 
7418 1781950511 1781950511 0 2658697 10579 35 10579 35 -1 
7527 1781950511 1781950511 0 2647780 10898 5801 10032 5220 -1 
7595 1781950511 1781950511 0 2647698 595 10219 1322 10219 -1 
7635 1781950511 1781950511 0 2671443 9206 10137 3969 10447 -1 
7795 1781950511 1781950511 0 2669481 3709 10032 4074 10256 -1 
7811 1781950511 1781950511 0 2678337 4096 10032 1955 10032 -1 
7831 1781950511 1781950511 0 2672025 2825 10406 4401 10791 -1 
8228 1781950511 1781950511 0 2668420 276 10064 8712 10178 -1 
8304 1781950511 1781950511 0 2572667 476 10278 1893 10869 -1 
8734 1781950511 1781950511 0 2652799 10885 8923 10885 8923 -1 
8925 1781950511 1781950511 0 2658697 10579 35 10579 35 -1 
6000 1781950511 1781950511 0 2648553 1061 10032 9129 10032 8702 -1 
6002 1781950511 1781950511 0 2656904 7636 10064 1516 10019 2003 -1 
6012 1781950511 1781950511 0 2607656 2642 10006 8727 10006 5210 -1 
6016 1781950511 1781950511 0 2677038 6069 10006 8160 10006 5030 -1 
6017 1781950511 1781950511 0 2650977 9531 10032 6128 10032 8234 -1 
6043 1781950511 1781950511 0 2656665 8840 10032 9998 10032 4108 -1 
6047 1781950511 1781950511 0 2668558 3719 10054 542 10053 3650 -1 
6064 1781950511 1781950511 0 2677039 6269 10006 370 10006 6269 -1 
6079 1781950511 1781950511 0 2675405 6518 10006 6137 10006 2561 -1 
6093 1781950511 1781950511 0 2675843 2947 10251 8768 10196 7797 -1 
6113 1781950511 1781950511 0 2593964 9624 10006 9956 10050 120 -1 
6124 1781950511 1781950511 0 2666876 9276 10176 548 10050 548 -1 
6130 1781950511 1781950511 0 2634947 7955 10174 5745 10162 5363 -1 
6135 1781950511 1781950511 0 2674429 3642 10054 3170 10053 5626 -1 
6160 1781950511 1781950511 0 2677376 9675 10032 3951 10032 9354 -1 
6164 1781950511 1781950511 0 2591626 892 10006 3343 10006 6348 -1 
6168 1781950511 1781950511 0 2644397 7043 10032 3512 10032 2523 -1 
6169 1781950511 1781950511 0 2555685 9444 10006 9244 10006 2603 -1 
6173 1781950511 1781950511 0 2671768 5931 10006 3828 10006 8315 -1 
6187 1781950511 1781950511 0 2664967 9552 10032 3364 10032 7900 -1 
6200 1781950511 1781950511 0 2666760 3663 10006 6268 10006 3047 -1 
6219 1781950511 1781950511 0 2677882 677 10006 3469 10006 7140 -1 
6230 1781950511 1781950511 0 2677846 7453 10006 6579 10006 3802 -1 
6255 1781950511 1781950511 0 2677703 2970 10006 13 10006 4973 -1 
6277 1781950511 1781950511 0 2672509 6091 10019 9441 10019 3633 -1 
6293 1781950511 1781950511 0 2637851 3750 10032 7524 10032 7060 -1 
6295 1781950511 1781950511 0 2667269 229 10032 3530 10032 9760 -1 
6297 1781950511 1781950511 0 2677882 836 10006 1385 10006 7140 -1 
6313 1781950511 1781950511 0 2665774 7897 10006 3174 10006 7918 -1 
6325 1781950511 1781950511 0 2668558 1694 10032 3364 10053 3650 -1 
6334 1781950511 1781950511 0 2674443 3343 10006 8937 10006 836 -1 
6336 1781950511 1781950511 0 2674093 7897 10006 1203 10006 4005 -1 
6339 1781950511 1781950511 0 2655826 10260 1366 10534 1806 10534 -1 
6342 1781950511 1781950511 0 2524982 9452 10239 618 10239 8906 -1 
6368 1781950511 1781950511 0 2676970 8816 10006 4009 10006 370 -1 
6369 1781950511 1781950511 0 2676788 2760 10019 8672 10019 268 -1 
6371 1781950511 1781950511 0 2658760 4972 10088 9827 10032 459 -1 
6388 1781950511 1781950511 0 2665152 5293 10006 730 10034 526 -1 
6406 1781950511 1781950511 0 2676443 3034 10006 6777 10005 6182 -1 
6413 1781950511 1781950511 0 2618226 5329 10032 1661 10032 2857 -1 
6419 1781950511 1781950511 0 2674122 9510 10006 6579 10006 6518 -1 
6430 1781950511 1781950511 0 2677430 4726 10006 1679 10006 8937 -1 
6444 1781950511 1781950511 0 2677003 8076 10032 6770 10032 412 -1 
6450 1781950511 1781950511 0 2677898 9364 10032 8008 10032 9104 -1 
6453 1781950511 1781950511 0 2656950 1457 10427 3939 10427 6729 -1 
6462 1781950511 1781950511 0 2662800 3133 10092 2491 10092 2209 -1 
6473 1781950511 1781950511 0 2646168 3460 10006 7072 10006 4574 -1 
6484 1781950511 1781950511 0 2655002 4667 10006 7313 10006 6370 -1 
6489 1781950511 1781950511 0 2676409 4099 10006 2561 10006 4827 -1 
6519 1781950511 1781950511 0 2675884 2150 10032 7115 10032 993 -1 
6528 1781950511 1781950511 0 2488759 8534 10032 4456 10032 3424 -1 
6539 1781950511 1781950511 0 2676445 7536 10032 8931 10032 823 -1 
6540 1781950511 1781950511 0 2648755 7635 10006 9331 10006 4518 -1 
6543 1781950511 1781950511 0 2622546 8534 10032 823 10032 5035 -1 
6558 1781950511 1781950511 0 2675232 2596 10019 3025 10019 8672 -1 
6564 1781950511 1781950511 0 2670504 5585 10006 1445 10006 3343 -1 
6566 1781950511 1781950511 0 2677523 6022 10032 9927 10092 3034 -1 
6570 1781950511 1781950511 0 2669336 1514 10006 44 10006 5965 -1 
6571 1781950511 1781950511 0 2673928 8255 10006 619 10006 4207 -1 
6586 1781950511 1781950511 0 2676725 2644 10006 6374 10006 8160 -1 
6592 1781950511 1781950511 0 2667045 8736 10006 6341 10006 4828 -1 
6610 1781950511 1781950511 0 2677430 5616 10006 2821 10006 8937 -1 
6618 1781950511 1781950511 0 2487458 138 10053 5895 10053 502 -1 
6650 1781950511 1781950511 0 2675470 314 10006 9610 10006 4862 -1 
6652 1781950511 1781950511 0 2654873 6597 10032 9796 10032 6437 -1 
6655 1781950511 1781950511 0 2658597 6348 10006 431 10006 741 -1 
6668 1781950511 1781950511 0 2660371 2075 10092 2491 10084 5745 -1 
6674 1781950511 1781950511 0 2521808 8100 10053 5768 10053 8177 -1 
6681 1781950511 1781950511 0 2676725 9774 10006 355 10006 8160 -1 
6688 1781950511 1781950511 0 2574544 1260 10398 1268 10398 3829 -1 
6691 1781950511 1781950511 0 2662079 7028 10204 957 10204 4023 -1 
6736 1781950511 1781950511 0 2675470 7960 10006 13 10006 4862 -1 
6738 1781950511 1781950511 0 2675470 6847 10006 3776 10006 4862 -1 
6740 1781950511 1781950511 0 2674103 413 10006 3174 10006 5197 -1 
6757 1781950511 1781950511 0 2677866 3119 10006 6268 10006 9546 -1 
6762 1781950511 1781950511 0 2655915 6888 10006 6412 10006 205 -1 
6763 1781950511 1781950511 0 2666203 8524 10006 8315 10006 1415 -1 
6764 1781950511 1781950511 0 2668481 1541 10032 9998 10032 6846 -1 
6786 1781950511 1781950511 0 2594942 6868 10032 823 10032 6654 -1 
6788 1781950511 1781950511 0 2658045 9737 10006 796 10006 8514 -1 
6791 1781950511 1781950511 0 2677880 8508 10006 1416 10006 9304 -1 
6797 1781950511 1781950511 0 2667482 6198 10005 1727 10005 6198 -1 
6799 1781950511 1781950511 0 2678341 9512 10064 6615 10064 1787 -1 
6802 1781950511 1781950511 0 2677038 4810 10006 6530 10006 5030 -1 
6806 1781950511 1781950511 0 2672146 1337 10005 5400 10005 1973 -1 
6810 1781950511 1781950511 0 2670860 4408 10029 2831 10029 6083 -1 
6814 1781950511 1781950511 0 2677270 561 10006 1203 10006 286 -1 
6856 1781950511 1781950511 0 2648023 8394 10406 5049 10406 3378 -1 
6858 1781950511 1781950511 0 2642756 8392 10626 1366 10232 252 -1 
6873 1781950511 1781950511 0 2677261 6698 10006 608 10006 1679 -1 
6881 1781950511 1781950511 0 2630580 4340 10286 866 10328 1043 -1 
6893 1781950511 1781950511 0 2617788 9458 10032 5220 10088 4134 -1 
6919 1781950511 1781950511 0 2571161 4308 10053 9852 10053 8957 -1 
6935 1781950511 1781950511 0 2618226 9858 10032 9697 10032 2857 -1 
6949 1781950511 1781950511 0 2662064 6041 10005 1098 10005 6016 -1 
6970 1781950511 1781950511 0 2448018 9889 10019 5841 10019 9225 -1 
7021 1781950511 1781950511 0 2653318 7650 10024 3830 10406 5049 -1 
7024 1781950511 1781950511 0 2677003 8307 10032 8162 10032 412 -1 
7029 1781950511 1781950511 0 2666862 9151 10178 9151 10178 4933 -1 
7093 1781950511 1781950511 0 2661977 5640 10006 5585 10006 7177 -1 
7105 1781950511 1781950511 0 2642949 9571 10032 3765 10118 5846 -1 
7114 1781950511 1781950511 0 2672664 9067 10108 4972 10088 5860 -1 
7121 1781950511 1781950511 0 2641246 2212 10032 362 10054 3173 -1 
7125 1781950511 1781950511 0 2635637 4109 10237 8925 10032 350 -1 
7144 1781950511 1781950511 0 2668240 6618 10019 1421 10019 1257 -1 
7146 1781950511 1781950511 0 2578521 6644 10006 6231 10006 4124 -1 
7163 1781950511 1781950511 0 2593745 6941 10558 2982 10558 4110 -1 
7173 1781950511 1781950511 0 2673787 9233 10005 5460 10006 3174 -1 
7176 1781950511 1781950511 0 2673787 5640 10006 4253 10006 3174 -1 
7207 1781950511 1781950511 0 2663427 648 10006 61 10006 7401 -1 
7250 1781950511 1781950511 0 2524525 5807 10064 276 10064 7636 -1 
7257 1781950511 1781950511 0 2677846 3337 10006 3174 10006 3802 -1 
7288 1781950511 1781950511 0 2601660 9952 10032 2825 10032 2712 -1 
7289 1781950511 1781950511 0 2677091 1622 10288 4489 10288 2225 -1 
7295 1781950511 1781950511 0 2675800 3918 10054 4471 10054 5824 -1 
7296 1781950511 1781950511 0 2676226 5012 10032 8931 10032 8889 -1 
7302 1781950511 1781950511 0 2667928 9023 10032 9925 10032 1773 -1 
7322 1781950511 1781950511 0 2671619 1100 10032 9827 10032 1541 -1 
7341 1781950511 1781950511 0 2616984 7900 10032 5294 10032 8339 -1 
7345 1781950511 1781950511 0 2572944 2051 10024 167 10024 3719 -1 
7357 1781950511 1781950511 0 2676138 1066 10006 8160 10006 6115 -1 
7376 1781950511 1781950511 0 2668429 9890 10032 2206 10032 4832 -1 
7382 1781950511 1781950511 0 2677261 9331 10006 5392 10006 1679 -1 
7383 1781950511 1781950511 0 2678337 184 10032 8000 10032 1955 -1 
7388 1781950511 1781950511 0 2667897 6146 10064 759 10092 8266 -1 
7394 1781950511 1781950511 0 2663810 3814 10006 6698 10006 9499 -1 
7398 1781950511 1781950511 0 2676842 5644 10092 548 10176 1237 -1 
7401 1781950511 1781950511 0 2660754 567 10032 9952 10032 7843 -1 
7417 1781950511 1781950511 0 2619022 4833 10006 600 10006 5112 -1 
7431 1781950511 1781950511 0 2676983 2474 10032 8931 10032 8979 -1 
7436 1781950511 1781950511 0 2665594 6398 10012 4514 10012 7897 -1 
7449 1781950511 1781950511 0 2614218 167 10024 4104 10316 9697 -1 
7450 1781950511 1781950511 0 2301278 6825 10064 4148 10064 5848 -1 
7454 1781950511 1781950511 0 2665167 4827 10006 5965 10006 5788 -1 
7456 1781950511 1781950511 0 2598195 9066 10032 1292 10032 5003 -1 
7457 1781950511 1781950511 0 2665426 561 10006 2303 10006 4275 -1 
7472 1781950511 1781950511 0 2653513 5288 10019 6402 10523 3755 -1 
7476 1781950511 1781950511 0 2589451 6901 10032 1252 10054 2436 -1 
7496 1781950511 1781950511 0 2678188 5608 10006 8160 10006 7943 -1 
7499 1781950511 1781950511 0 2675905 3921 10006 2536 10005 955 -1 
7500 1781950511 1781950511 0 2672104 4810 10228 4810 10228 4810 -1 
7537 1781950511 1781950511 0 2668374 5683 10006 9814 10006 5604 -1 
7547 1781950511 1781950511 0 2655013 5247 10315 5209 10315 5247 -1 
7572 1781950511 1781950511 0 2658070 10626 3969 10328 3969 10372 -1 
7577 1781950511 1781950511 0 2670321 8256 10012 730 10006 6398 -1 
7578 1781950511 1781950511 0 2662285 5587 10109 3485 10006 7200 -1 
7584 1781950511 1781950511 0 2672146 100 10005 1187 10005 1973 -1 
7598 1781950511 1781950511 0 2609297 4336 10006 4485 10088 8824 -1 
7606 1781950511 1781950511 0 2678371 4347 10006 9011 10006 4556 -1 
7620 1781950511 1781950511 0 2675199 1107 10006 3828 10006 141 -1 
7641 1781950511 1781950511 0 2671594 9771 10006 4904 10006 44 -1 
7656 1781950511 1781950511 0 2672191 5688 10006 1203 10006 7 -1 
7666 1781950511 1781950511 0 2657762 912 10006 405 10006 5017 -1 
7671 1781950511 1781950511 0 2433644 6539 10032 8395 10032 7941 -1 
7704 1781950511 1781950511 0 2650668 4956 10005 9278 10006 3656 -1 
7708 1781950511 1781950511 0 2658866 155 10088 7982 10088 9898 -1 
7734 1781950511 1781950511 0 2676493 9928 10032 8931 10032 5032 -1 
7744 1781950511 1781950511 0 2668820 3485 10109 5373 10109 260 -1 
7764 1781950511 1781950511 0 2676226 8368 10032 9952 10032 8889 -1 
7781 1781950511 1781950511 0 2671281 3337 10006 5776 10006 3392 -1 
7782 1781950511 1781950511 0 2621959 9558 10032 9902 10032 3951 -1 
7788 1781950511 1781950511 0 2676512 3708 10006 5197 10006 6340 -1 
7810 1781950511 1781950511 0 2570467 904 10032 748 10032 6564 -1 
7820 1781950511 1781950511 0 2678188 5965 10006 1551 10006 7943 -1 
7859 1781950511 1781950511 0 2671342 7401 10006 1445 10006 6774 -1 
7863 1781950511 1781950511 0 2407715 2265 10019 6402 10019 7405 -1 
7869 1781950511 1781950511 0 2678267 5226 10032 3364 10032 175 -1 
7876 1781950511 1781950511 0 2603607 5825 10032 9458 10032 5294 -1 
7883 1781950511 1781950511 0 2663279 5035 10032 2523 10032 8619 -1 
7887 1781950511 1781950511 0 2674980 5166 10006 6632 10006 8328 -1 
7892 1781950511 1781950511 0 2677169 1677 10006 6121 10006 647 -1 
7905 1781950511 1781950511 0 2671619 9129 10032 3951 10032 1541 -1 
7913 1781950511 1781950511 0 2677846 7297 10006 9408 10006 3802 -1 
7918 1781950511 1781950511 0 2675430 6037 10006 1027 10006 7605 -1 
7933 1781950511 1781950511 0 2670504 491 10006 730 10006 3343 -1 
7937 1781950511 1781950511 0 2346135 699 10032 3750 10032 2526 -1 
7938 1781950511 1781950511 0 2670272 5621 10118 3765 10118 7568 -1 
7950 1781950511 1781950511 0 2649272 8185 10005 3864 10005 8159 -1 
7965 1781950511 1781950511 0 2648400 4328 10032 8528 10032 5757 -1 
7983 1781950511 1781950511 0 2660611 4108 10019 319 10019 5841 -1 
7985 1781950511 1781950511 0 2667928 2350 10032 9796 10032 1773 -1 
8006 1781950511 1781950511 0 2671426 5519 10176 2379 10202 37 -1 
8011 1781950511 1781950511 0 2677365 8381 10006 6311 10005 1203 -1 
8015 1781950511 1781950511 0 2652799 7596 10885 8923 10885 8923 -1 
8020 1781950511 1781950511 0 2672253 5731 10006 4309 10006 5392 -1 
8045 1781950511 1781950511 0 2644334 6003 10032 3364 10032 3327 -1 
8060 1781950511 1781950511 0 2492503 3504 10032 9177 10032 3253 -1 
8067 1781950511 1781950511 0 2667742 9124 10006 1445 10006 5528 -1 
8078 1781950511 1781950511 0 2523497 6664 10024 4478 10054 6539 -1 
8087 1781950511 1781950511 0 2664642 9803 10006 5633 10006 9803 -1 
8108 1781950511 1781950511 0 2622814 9740 10019 2513 10019 2426 -1 
8110 1781950511 1781950511 0 2670519 4314 10006 3828 10006 5290 -1 
8116 1781950511 1781950511 0 2671497 6370 10006 6374 10006 2081 -1 
8146 1781950511 1781950511 0 2668481 4074 10032 5220 10032 6846 -1 
8180 1781950511 1781950511 0 2673013 4406 10006 13 10006 5614 -1 
8208 1781950511 1781950511 0 2675893 1233 10054 1526 10154 1650 -1 
8224 1781950511 1781950511 0 2677270 741 10006 2970 10006 286 -1 
8229 1781950511 1781950511 0 2669847 4887 10029 6121 10006 3119 -1 
8246 1781950511 1781950511 0 2659333 3407 10032 6564 10032 6022 -1 
8257 1781950511 1781950511 0 2658285 5319 10064 1516 10019 9021 -1 
8258 1781950511 1781950511 0 2678267 950 10032 2268 10032 175 -1 
8291 1781950511 1781950511 0 2673107 4672 10006 13 10006 2299 -1 
8293 1781950511 1781950511 0 2676532 342 10032 3156 10032 1661 -1 
8298 1781950511 1781950511 0 2674196 9997 10006 2821 10006 7226 -1 
8325 1781950511 1781950511 0 2677512 3679 10032 362 10032 6203 -1 
8331 1781950511 1781950511 0 2667170 1319 10006 7397 10006 7981 -1 
8353 1781950511 1781950511 0 2660371 9010 10092 9563 10084 5745 -1 
8364 1781950511 1781950511 0 2677477 5065 10006 5457 10006 956 -1 
8370 1781950511 1781950511 0 2650784 2821 10006 6632 10006 1446 -1 
8372 1781950511 1781950511 0 2603593 2624 10174 5719 10032 8888 -1 
8375 1781950511 1781950511 0 2662607 7327 10006 1677 10006 3868 -1 
8390 1781950511 1781950511 0 2669129 5825 10064 9925 10032 5535 -1 
8394 1781950511 1781950511 0 2600518 205 10006 630 10006 7453 -1 
8408 1781950511 1781950511 0 2562299 5306 10006 6545 10006 8285 -1 
8410 1781950511 1781950511 0 2571061 6388 10196 7797 10196 7820 -1 
8426 1781950511 1781950511 0 2657683 5065 10006 4720 10006 6847 -1 
8433 1781950511 1781950511 0 2667928 8231 10032 6657 10032 1773 -1 
8446 1781950511 1781950511 0 2671443 2713 10176 548 10447 3969 -1 
8469 1781950511 1781950511 0 2676322 5564 10032 5289 10032 204 -1 
8493 1781950511 1781950511 0 2661495 9531 10032 823 10032 1304 -1 
8494 1781950511 1781950511 0 2678232 3094 10006 3975 10006 9335 -1 
8496 1781950511 1781950511 0 2657422 1514 10006 8943 10006 1675 -1 
8498 1781950511 1781950511 0 2670860 8029 10006 371 10029 6083 -1 
8507 1781950511 1781950511 0 2657077 9648 10032 9950 10032 8740 -1 
8516 1781950511 1781950511 0 2631376 6750 10032 3795 10032 1995 -1 
8519 1781950511 1781950511 0 2657587 945 10006 4630 10006 5045 -1 
8522 1781950511 1781950511 0 2666203 1583 10006 6339 10006 1415 -1 
8530 1781950511 1781950511 0 2651640 9531 10032 3661 10088 2768 -1 
8535 1781950511 1781950511 0 2668813 7934 10006 4667 10006 5174 -1 
8536 1781950511 1781950511 0 2667875 3156 10032 8528 10032 6405 -1 
8552 1781950511 1781950511 0 2646028 3285 10032 8848 10032 1546 -1 
8556 1781950511 1781950511 0 2676443 9393 10005 7144 10005 6182 -1 
8581 1781950511 1781950511 0 2677478 1548 10006 5392 10006 9422 -1 
8582 1781950511 1781950511 0 2677825 8517 10032 8931 10032 1486 -1 
8583 1781950511 1781950511 0 2630580 4457 10304 866 10328 1043 -1 
8592 1781950511 1781950511 0 2676457 4647 10032 4367 10032 4588 -1 
8594 1781950511 1781950511 0 2658209 4782 10032 8886 10032 6385 -1 
8607 1781950511 1781950511 0 2668647 286 10006 331 10006 4679 -1 
8613 1781950511 1781950511 0 2677703 3828 10006 4336 10006 4973 -1 
8615 1781950511 1781950511 0 2655909 5713 10032 5499 10032 942 -1 
8623 1781950511 1781950511 0 2658760 843 10032 7060 10032 459 -1 
8675 1781950511 1781950511 0 2617788 4134 10088 9898 10088 4134 -1 
8681 1781950511 1781950511 0 2675262 1196 10006 6136 10006 1385 -1 
8708 1781950511 1781950511 0 2675035 4415 10006 2303 10006 903 -1 
8710 1781950511 1781950511 0 2507897 9025 10032 3209 10032 3733 -1 
8720 1781950511 1781950511 0 2660611 6816 10032 3593 10019 5841 -1 
8759 1781950511 1781950511 0 2673632 7453 10006 1912 10006 6339 -1 
8797 1781950511 1781950511 0 2587799 2470 10228 4810 10228 8704 -1 
8803 1781950511 1781950511 0 2641163 959 10032 1755 10032 2206 -1 
8810 1781950511 1781950511 0 2669919 8395 10032 8931 10032 3795 -1 
8819 1781950511 1781950511 0 2676295 5932 10006 8160 10006 3307 -1 
8860 1781950511 1781950511 0 2663554 6002 10050 6029 10050 6002 -1 
8863 1781950511 1781950511 0 2663446 2967 10006 1445 10006 4188 -1 
8865 1781950511 1781950511 0 2668374 1448 10006 788 10006 5604 -1 
8876 1781950511 1781950511 0 2677868 8980 10006 5392 10006 6636 -1 
8885 1781950511 1781950511 0 2669597 4435 10006 240 10006 1332 -1 
8906 1781950511 1781950511 0 2505112 4102 10032 5432 10032 9399 -1 
8950 1781950511 1781950511 0 2678232 1489 10006 370 10006 9335 -1 
8961 1781950511 1781950511 0 2660874 6538 10255 6144 10255 7291 -1 
8967 1781950511 1781950511 0 2471796 3495 10019 7433 10054 1719 -1 
6048 1781950511 1781950511 0 2674199 5927 10228 6749 10228 3478 10228 -1 
6140 1781950511 1781950511 0 2659554 4659 10177 4659 10477 4396 10477 -1 
6261 1781950511 1781950511 0 2675843 5289 10196 7797 10196 7797 10196 -1 
6290 1781950511 1781950511 0 2671443 3359 10306 2437 10372 3969 10447 -1 
6380 1781950511 1781950511 0 2674940 6278 10006 3181 10109 3181 10109 -1 
6550 1781950511 1781950511 0 2678371 4188 10006 8381 10006 4556 10006 -1 
6748 1781950511 1781950511 0 2677898 10791 1341 10024 4056 10032 9104 -1 
6863 1781950511 1781950511 0 2658122 9299 10110 9449 10084 3969 10799 -1 
6896 1781950511 1781950511 0 2676726 6398 10012 1147 10012 6121 10012 -1 
7113 1781950511 1781950511 0 2672532 9873 10162 8392 10243 3872 10131 -1 
7234 1781950511 1781950511 0 2660408 10212 519 10212 519 10154 4255 -1 
7272 1781950511 1781950511 0 2660874 10255 894 10255 6144 10255 7291 -1 
7552 1781950511 1781950511 0 2658697 10579 35 10579 35 10579 35 -1 
7564 1781950511 1781950511 0 2674199 6749 10228 3478 10228 3478 10228 -1 
7756 1781950511 1781950511 0 2671443 2713 10447 9449 10254 3969 10447 -1 
7800 1781950511 1781950511 0 2677858 3761 10125 2535 10125 4846 10125 -1 
7964 1781950511 1781950511 0 2674940 4518 10006 1175 10006 3181 10109 -1 
8115 1781950511 1781950511 0 2676211 10149 3371 10054 3170 10053 3723 -1 
8693 1781950511 1781950511 0 2671443 3453 10092 9563 10162 3969 10447 -1 
8740 1781950511 1781950511 0 2672532 4619 10092 1238 10092 3872 10131 -1 
8822 1781950511 1781950511 0 2670896 10552 4610 10552 9386 10552 483 -1 
8917 1781950511 1781950511 0 2659554 6878 10477 1591 10477 4396 10477 -1 
8989 1781950511 1781950511 0 2678371 3814 10006 8816 10006 4556 10006 -1 
6004 1781950511 1781950511 0 2658866 784 10032 5750 10032 4980 10088 9898 -1 
6030 1781950511 1781950511 0 2673545 7178 10016 6883 10016 2312 10016 2672 -1 
6037 1781950511 1781950511 0 2669155 7189 10006 240 10006 1445 10006 9264 -1 
6052 1781950511 1781950511 0 2678232 6374 10006 9624 10006 1203 10006 9335 -1 
6062 1781950511 1781950511 0 2661629 1131 10016 5284 10016 9720 10016 4445 -1 
6067 1781950511 1781950511 0 2661798 381 10006 5416 10006 240 10006 8508 -1 
6078 1781950511 1781950511 0 2659542 2526 10032 2557 10032 8948 10032 6770 -1 
6083 1781950511 1781950511 0 2592200 3530 10032 823 10032 459 10032 8500 -1 
6091 1781950511 1781950511 0 2677848 5661 10054 8162 10054 8162 10054 1156 -1 
6097 1781950511 1781950511 0 2676779 3332 10006 8310 10006 1332 10006 5972 -1 
6098 1781950511 1781950511 0 2674659 6515 10006 3174 10006 9408 10006 3159 -1 
6108 1781950511 1781950511 0 2671594 6193 10006 5881 10006 6069 10006 44 -1 
6112 1781950511 1781950511 0 2677880 8200 10006 1445 10006 9408 10006 9304 -1 
6136 1781950511 1781950511 0 2660874 6144 10255 894 10255 6144 10255 7291 -1 
6146 1781950511 1781950511 0 2677898 610 10032 2268 10032 1661 10032 9104 -1 
6147 1781950511 1781950511 0 2673107 1107 10006 9737 10006 6339 10006 2299 -1 
6152 1781950511 1781950511 0 2672608 4444 10118 5444 10118 213 10118 2539 -1 
6154 1781950511 1781950511 0 2641106 7025 10016 1002 10016 9720 10016 2818 -1 
6170 1781950511 1781950511 0 2663009 9299 10698 1366 10176 1366 10328 9786 -1 
6172 1781950511 1781950511 0 2667928 9356 10032 8995 10032 7904 10032 1773 -1 
6192 1781950511 1781950511 0 2667170 1812 10006 8727 10006 1677 10006 7981 -1 
6195 1781950511 1781950511 0 2637807 6632 10006 1680 10006 1489 10006 1649 -1 
6197 1781950511 1781950511 0 2651579 2770 10006 5416 10006 4509 10006 9705 -1 
6201 1781950511 1781950511 0 2670709 270 10006 6858 10006 5130 10006 1489 -1 
6203 1781950511 1781950511 0 2672260 2734 10005 9278 10006 1319 10006 6374 -1 
6205 1781950511 1781950511 0 2674785 6311 10005 3569 10005 1098 10005 5026 -1 
6218 1781950511 1781950511 0 2651072 4945 10032 1681 10054 7049 10032 7505 -1 
6229 1781950511 1781950511 0 2669139 8258 10032 9373 10032 7115 10032 9113 -1 
6238 1781950511 1781950511 0 2671485 3295 10006 4680 10006 2821 10006 2032 -1 
6244 1781950511 1781950511 0 2678194 700 10032 2217 10032 412 10032 51 -1 
6253 1781950511 1781950511 0 2631596 2173 10032 8947 10032 8528 10032 3995 -1 
6265 1781950511 1781950511 0 2636959 1140 10006 3034 10006 3307 10006 4525 -1 
6281 1781950511 1781950511 0 2677319 3488 10006 4169 10006 3814 10006 8524 -1 
6287 1781950511 1781950511 0 2678234 902 10005 937 10005 4835 10005 891 -1 
6320 1781950511 1781950511 0 2675581 5295 10006 1649 10006 5633 10006 6632 -1 
6346 1781950511 1781950511 0 2671342 8013 10006 1203 10006 632 10006 6774 -1 
6352 1781950511 1781950511 0 2655043 4832 10118 5621 10118 1873 10118 3765 -1 
6370 1781950511 1781950511 0 2657711 845 10032 8036 10032 3870 10032 7491 -1 
6373 1781950511 1781950511 0 2675059 6695 10006 9033 10006 6136 10006 2233 -1 
6377 1781950511 1781950511 0 2660874 805 10255 894 10255 6144 10255 7291 -1 
6381 1781950511 1781950511 0 2647936 7998 10006 1214 10006 293 10006 4380 -1 
6383 1781950511 1781950511 0 2660611 2106 10019 765 10019 8369 10019 5841 -1 
6389 1781950511 1781950511 0 2677825 7435 10032 6871 10032 9129 10032 1486 -1 
6416 1781950511 1781950511 0 2647505 6567 10032 8234 10032 9104 10032 1850 -1 
6426 1781950511 1781950511 0 2678371 8943 10006 3307 10006 9335 10006 4556 -1 
6429 1781950511 1781950511 0 2660408 7598 10019 9614 10019 5930 10154 4255 -1 
6431 1781950511 1781950511 0 2676237 2644 10006 1649 10006 7971 10006 7863 -1 
6437 1781950511 1781950511 0 2658285 200 10019 9614 10019 1421 10019 9021 -1 
6439 1781950511 1781950511 0 2678188 630 10006 1551 10006 9011 10006 7943 -1 
6442 1781950511 1781950511 0 2656892 1526 10032 4573 10032 8702 10032 9796 -1 
6446 1781950511 1781950511 0 2677825 7052 10176 1082 10176 342 10032 1486 -1 
6454 1781950511 1781950511 0 2667004 1397 10032 2161 10032 3364 10032 8517 -1 
6455 1781950511 1781950511 0 2678034 4518 10006 912 10006 1169 10006 9033 -1 
6465 1781950511 1781950511 0 2676106 1332 10006 9956 10006 4246 10006 9693 -1 
6479 1781950511 1781950511 0 2666195 9422 10006 8943 10006 1445 10006 4644 -1 
6483 1781950511 1781950511 0 2673846 4380 10006 9835 10006 3174 10006 172 -1 
6498 1781950511 1781950511 0 2677365 7678 10006 6121 10006 7977 10005 1203 -1 
6503 1781950511 1781950511 0 2675761 388 10006 9408 10006 2233 10006 8226 -1 
6506 1781950511 1781950511 0 2673295 431 10006 1388 10006 8958 10006 3814 -1 
6513 1781950511 1781950511 0 2678163 3228 10006 4023 10064 6038 10006 912 -1 
6514 1781950511 1781950511 0 2658760 9373 10032 7115 10032 9998 10032 459 -1 
6520 1781950511 1781950511 0 2676788 9890 10092 5832 10092 9930 10019 268 -1 
6547 1781950511 1781950511 0 2677430 8937 10006 5082 10006 4862 10006 8937 -1 
6553 1781950511 1781950511 0 2677015 4522 10006 5082 10006 3776 10006 1812 -1 
6580 1781950511 1781950511 0 2667482 8515 10005 6182 10005 5400 10005 6198 -1 
6585 1781950511 1781950511 0 2675867 3599 10006 1126 10006 13 10006 6038 -1 
6612 1781950511 1781950511 0 2674439 1617 10006 6137 10006 6268 10006 13 -1 
6621 1781950511 1781950511 0 2667269 4920 10088 7166 10032 8886 10032 9760 -1 
6632 1781950511 1781950511 0 2677478 2770 10006 4156 10006 7396 10006 9422 -1 
6634 1781950511 1781950511 0 2673244 7575 10006 7512 10006 1912 10006 3796 -1 
6639 1781950511 1781950511 0 2669396 10447 8678 10252 655 10224 8678 10717 -1 
6640 1781950511 1781950511 0 2676660 6139 10006 1445 10006 1203 10006 4522 -1 
6661 1781950511 1781950511 0 2637714 9773 10032 2557 10032 7524 10032 2177 -1 
6669 1781950511 1781950511 0 2677816 2675 10369 2393 10369 9694 10369 2393 -1 
6672 1781950511 1781950511 0 2675832 4345 10006 3796 10006 3814 10006 6189 -1 
6675 1781950511 1781950511 0 2660798 625 10032 9373 10032 8702 10032 8886 -1 
6677 1781950511 1781950511 0 2669753 270 10006 4931 10006 6069 10006 3337 -1 
6684 1781950511 1781950511 0 2673511 5414 10108 9105 10108 4972 10088 4920 -1 
6698 1781950511 1781950511 0 2671443 9720 10016 766 10447 548 10447 3969 -1 
6699 1781950511 1781950511 0 2670709 531 10006 1132 10006 4679 10006 1489 -1 
6707 1781950511 1781950511 0 2676905 1551 10006 6858 10006 3034 10006 4355 -1 
6720 1781950511 1781950511 0 2402841 362 10053 2474 10053 7824 10053 208 -1 
6749 1781950511 1781950511 0 2677816 9694 10369 9694 10369 2393 10369 2393 -1 
6766 1781950511 1781950511 0 2426448 7977 10006 2897 10006 3119 10006 8644 -1 
6772 1781950511 1781950511 0 2652799 7596 10885 8923 10885 8923 10885 8923 -1 
6774 1781950511 1781950511 0 2671443 10447 2713 10176 1366 10304 3969 10447 -1 
6783 1781950511 1781950511 0 2678068 6016 10006 1240 10006 4355 10006 1022 -1 
6803 1781950511 1781950511 0 2658299 9386 10552 9386 10552 4610 10552 9386 -1 
6805 1781950511 1781950511 0 2677365 4835 10005 6182 10005 5400 10005 1203 -1 
6833 1781950511 1781950511 0 2676457 3064 10406 1588 10406 7382 10032 4588 -1 
6835 1781950511 1781950511 0 2675690 1286 10016 8930 10016 9720 10016 766 -1 
6843 1781950511 1781950511 0 2676017 5783 10005 9613 10005 144 10005 7144 -1 
6867 1781950511 1781950511 0 2677477 6373 10006 608 10006 4355 10006 956 -1 
6892 1781950511 1781950511 0 2665998 9315 10005 5384 10005 5400 10005 1727 -1 
6899 1781950511 1781950511 0 2671373 6294 10032 3750 10032 8395 10032 447 -1 
6909 1781950511 1781950511 0 2673365 2982 10558 8298 10558 6238 10558 6238 -1 
6911 1781950511 1781950511 0 2675832 903 10006 7989 10006 9331 10006 6189 -1 
6926 1781950511 1781950511 0 2673592 5293 10006 7795 10006 9331 10006 6268 -1 
6930 1781950511 1781950511 0 2661799 3780 10053 6181 10053 5768 10053 9228 -1 
6937 1781950511 1781950511 0 2672747 7421 10032 5792 10032 8931 10032 5830 -1 
6948 1781950511 1781950511 0 2672608 657 10118 1873 10118 657 10118 2539 -1 
6965 1781950511 1781950511 0 2678234 3507 10006 5392 10006 7977 10005 891 -1 
6972 1781950511 1781950511 0 2597863 4974 10006 9774 10006 7575 10006 3384 -1 
6991 1781950511 1781950511 0 2676970 4970 10006 9956 10006 1203 10006 370 -1 
6995 1781950511 1781950511 0 2678188 5227 10006 8608 10006 8029 10006 7943 -1 
7001 1781950511 1781950511 0 2672293 5830 10032 4788 10032 1541 10032 6003 -1 
7030 1781950511 1781950511 0 2678033 413 10006 4657 10006 1169 10006 9835 -1 
7068 1781950511 1781950511 0 2675761 5334 10006 3814 10006 331 10006 8226 -1 
7075 1781950511 1781950511 0 2666521 8887 10032 4573 10032 459 10032 8280 -1 
7080 1781950511 1781950511 0 2678337 8018 10032 5226 10032 9104 10032 1955 -1 
7103 1781950511 1781950511 0 2678234 9393 10005 7133 10005 144 10005 891 -1 
7110 1781950511 1781950511 0 2667802 9693 10006 3044 10006 4726 10006 5836 -1 
7112 1781950511 1781950511 0 2678089 8768 10054 9401 10406 6203 10032 9927 -1 
7122 1781950511 1781950511 0 2675884 761 10032 9864 10032 823 10032 993 -1 
7131 1781950511 1781950511 0 2674093 4680 10006 8943 10006 2299 10006 4005 -1 
7143 1781950511 1781950511 0 2673632 405 10006 4667 10006 796 10006 6339 -1 
7145 1781950511 1781950511 0 2671985 6904 10006 3638 10006 1445 10006 1866 -1 
7170 1781950511 1781950511 0 2676226 9903 10032 5035 10032 9998 10032 8889 -1 
7183 1781950511 1781950511 0 2674659 5788 10006 699 10006 9408 10006 3159 -1 
7195 1781950511 1781950511 0 2678341 3661 10032 6216 10050 3940 10064 1787 -1 
7196 1781950511 1781950511 0 2675671 1181 10006 1203 10006 709 10006 9737 -1 
7208 1781950511 1781950511 0 2672277 8172 10012 1150 10012 6398 10006 716 -1 
7210 1781950511 1781950511 0 2675056 5082 10006 1601 10006 5668 10006 8980 -1 
7219 1781950511 1781950511 0 2673316 3504 10032 3944 10032 9113 10032 8931 -1 
7263 1781950511 1781950511 0 2676237 6291 10005 891 10005 9510 10006 7863 -1 
7269 1781950511 1781950511 0 2673757 9134 10005 6922 10005 7981 10006 9510 -1 
7271 1781950511 1781950511 0 2678298 8200 10006 1551 10006 1169 10006 9408 -1 
7277 1781950511 1781950511 0 2658299 4610 10552 4610 10552 5578 10552 9386 -1 
7292 1781950511 1781950511 0 2444226 8742 10385 8678 10116 37 10064 930 -1 
7297 1781950511 1781950511 0 2667965 4246 10006 5633 10006 1203 10006 4345 -1 
7298 1781950511 1781950511 0 2652754 2555 10019 1421 10019 8955 10019 3756 -1 
7304 1781950511 1781950511 0 2671619 7135 10032 5155 10032 7426 10032 1541 -1 
7319 1781950511 1781950511 0 2660874 805 10255 805 10255 6144 10255 7291 -1 
7333 1781950511 1781950511 0 2677409 2039 10054 5824 10054 8162 10054 3170 -1 
7352 1781950511 1781950511 0 2678371 141 10006 4828 10006 9408 10006 4556 -1 
7363 1781950511 1781950511 0 2677376 9944 10032 2206 10032 1661 10032 9354 -1 
7367 1781950511 1781950511 0 2670272 5846 10118 213 10118 3765 10118 7568 -1 
7370 1781950511 1781950511 0 2677319 8608 10006 1548 10006 7396 10006 8524 -1 
7427 1781950511 1781950511 0 2660937 7985 10032 7524 10032 8925 10032 5202 -1 
7434 1781950511 1781950511 0 2675884 9797 10032 9401 10032 1541 10032 993 -1 
7447 1781950511 1781950511 0 2674712 8802 10092 9449 10447 6466 10092 8869 -1 
7468 1781950511 1781950511 0 2677476 2208 10006 7401 10006 9737 10006 945 -1 
7479 1781950511 1781950511 0 2678112 3364 10032 9129 10032 1661 10032 8000 -1 
7484 1781950511 1781950511 0 2677240 8118 10092 487 10092 1237 10053 6447 -1 
7494 1781950511 1781950511 0 2657762 7892 10006 3802 10006 4415 10006 5017 -1 
7505 1781950511 1781950511 0 2674669 2243 10032 9736 10032 1042 10054 5330 -1 
7507 1781950511 1781950511 0 2669919 130 10154 3364 10032 8395 10032 3795 -1 
7510 1781950511 1781950511 0 2677896 3856 10005 1940 10005 5400 10005 4835 -1 
7530 1781950511 1781950511 0 2677021 3610 10016 9720 10016 9916 10016 9720 -1 
7534 1781950511 1781950511 0 2677880 3922 10006 6069 10006 1679 10006 9304 -1 
7545 1781950511 1781950511 0 2675832 5130 10006 8949 10006 912 10006 2821 -1 
7554 1781950511 1781950511 0 2614736 1260 10398 3925 10398 1268 10398 7043 -1 
7574 1781950511 1781950511 0 2673924 4525 10006 3384 10006 2042 10006 188 -1 
7586 1781950511 1781950511 0 2675610 3174 10006 355 10006 1385 10006 7297 -1 
7593 1781950511 1781950511 0 2673787 6271 10006 5068 10006 2561 10006 3174 -1 
7600 1781950511 1781950511 0 2669100 9478 10006 1958 10006 1010 10006 9331 -1 
7603 1781950511 1781950511 0 2671045 27 10006 5633 10006 1203 10006 1135 -1 
7611 1781950511 1781950511 0 2677270 132 10006 7079 10006 3174 10006 286 -1 
7613 1781950511 1781950511 0 2678034 677 10006 3962 10006 8315 10006 9033 -1 
7630 1781950511 1781950511 0 2677703 8942 10006 1203 10006 3034 10006 4973 -1 
7633 1781950511 1781950511 0 2675719 9960 10032 5106 10054 7153 10054 4533 -1 
7650 1781950511 1781950511 0 2678052 6205 10006 7863 10006 6636 10006 7851 -1 
7652 1781950511 1781950511 0 2676983 8891 10032 3750 10032 1661 10032 8979 -1 
7653 1781950511 1781950511 0 2677846 4309 10006 9693 10006 9408 10006 3802 -1 
7659 1781950511 1781950511 0 2671373 261 10019 3756 10019 9915 10032 447 -1 
7673 1781950511 1781950511 0 2674772 9997 10006 8818 10012 1147 10012 4852 -1 
7688 1781950511 1781950511 0 2657488 9572 10053 9252 10053 9529 10053 3069 -1 
7693 1781950511 1781950511 0 2664309 5792 10032 8150 10032 9796 10032 2213 -1 
7695 1781950511 1781950511 0 2674785 9567 10005 4507 10005 1727 10005 5026 -1 
7702 1781950511 1781950511 0 2673904 9663 10032 3364 10032 7524 10032 6901 -1 
7706 1781950511 1781950511 0 2642662 6878 10477 4396 10088 4972 10108 6718 -1 
7712 1781950511 1781950511 0 2524376 6415 10032 8909 10032 2510 10054 1066 -1 
7715 1781950511 1781950511 0 2676237 4380 10006 608 10006 9737 10006 7863 -1 
7722 1781950511 1781950511 0 2668481 2787 10019 4875 10064 1252 10032 6846 -1 
7727 1781950511 1781950511 0 2678163 9494 10006 1416 10006 9408 10006 912 -1 
7735 1781950511 1781950511 0 2677038 5251 10006 4339 10006 1203 10006 5030 -1 
7766 1781950511 1781950511 0 2673107 1647 10005 6311 10006 13 10006 2299 -1 
7796 1781950511 1781950511 0 2678297 1416 10006 1010 10006 9335 10006 7512 -1 
7815 1781950511 1781950511 0 2656822 540 10019 2352 10019 2380 10019 3688 -1 
7822 1781950511 1781950511 0 2675905 686 10252 9315 10005 144 10005 955 -1 
7846 1781950511 1781950511 0 2662311 3253 10053 595 10050 923 10162 9862 -1 
7866 1781950511 1781950511 0 2672650 4246 10006 4827 10006 1203 10006 1448 -1 
7886 1781950511 1781950511 0 2672029 9773 10032 959 10032 1541 10032 6610 -1 
7891 1781950511 1781950511 0 2674442 862 10006 9062 10006 6121 10012 1147 -1 
7893 1781950511 1781950511 0 2556004 2243 10032 348 10032 1541 10032 2574 -1 
7915 1781950511 1781950511 0 2677376 1438 10032 1987 10032 3364 10032 9354 -1 
7930 1781950511 1781950511 0 2677319 1262 10006 8816 10006 647 10006 8524 -1 
7953 1781950511 1781950511 0 2667708 6773 10006 8550 10006 630 10006 2303 -1 
7956 1781950511 1781950511 0 2618226 9185 10032 229 10032 9960 10032 2857 -1 
7967 1781950511 1781950511 0 2671594 371 10006 8226 10006 1675 10006 44 -1 
7980 1781950511 1781950511 0 2674659 2640 10006 1649 10006 4556 10006 3159 -1 
7994 1781950511 1781950511 0 2672807 293 10005 6055 10005 3864 10034 5662 -1 
7995 1781950511 1781950511 0 2678033 96 10006 3828 10006 413 10006 9835 -1 
8007 1781950511 1781950511 0 2659554 4396 10477 1591 10477 4396 10477 4396 -1 
8039 1781950511 1781950511 0 2670321 1622 10288 796 10006 5668 10006 6398 -1 
8047 1781950511 1781950511 0 2655773 1955 10024 38 10024 340 10024 5789 -1 
8069 1781950511 1781950511 0 2644570 7431 10006 6231 10006 1445 10006 7998 -1 
8080 1781950511 1781950511 0 2677703 8514 10006 4904 10006 9835 10006 4973 -1 
8094 1781950511 1781950511 0 2669234 8605 10005 417 10005 3864 10005 6419 -1 
8109 1781950511 1781950511 0 2675262 1022 10006 1617 10006 3174 10006 1385 -1 
8118 1781950511 1781950511 0 2678267 3424 10032 3209 10032 9796 10032 175 -1 
8133 1781950511 1781950511 0 2678089 8403 10032 9041 10032 5830 10032 9927 -1 
8145 1781950511 1781950511 0 2595788 5748 10054 8500 10032 823 10032 4756 -1 
8149 1781950511 1781950511 0 2676620 388 10006 5836 10006 2640 10006 6069 -1 
8151 1781950511 1781950511 0 2669129 3476 10032 6381 10032 8931 10032 5535 -1 
8152 1781950511 1781950511 0 2667464 3180 10006 5082 10006 7401 10006 351 -1 
8159 1781950511 1781950511 0 2678267 8925 10032 9858 10032 204 10032 175 -1 
8164 1781950511 1781950511 0 2643279 10785 4619 10785 4619 10785 4619 10785 -1 
8173 1781950511 1781950511 0 2662364 9257 10032 823 10032 3870 10032 9998 -1 
8176 1781950511 1781950511 0 2677409 8990 10032 5157 10054 3170 10054 3170 -1 
8185 1781950511 1781950511 0 2676283 2158 10176 5497 10176 9921 10176 487 -1 
8190 1781950511 1781950511 0 2674443 3458 10006 3638 10006 9408 10006 836 -1 
8235 1781950511 1781950511 0 2675581 8174 10006 836 10006 836 10006 6632 -1 
8243 1781950511 1781950511 0 2677896 4309 10006 4005 10006 7977 10005 4835 -1 
8247 1781950511 1781950511 0 2668157 6797 10278 7748 10278 9449 10100 2709 -1 
8265 1781950511 1781950511 0 2675252 419 10024 3992 10024 7867 10005 144 -1 
8270 1781950511 1781950511 0 2673924 9169 10016 1684 10019 9441 10019 9441 -1 
8273 1781950511 1781950511 0 2667119 8111 10118 4103 10118 5846 10118 1309 -1 
8283 1781950511 1781950511 0 2675628 6750 10032 9950 10032 8025 10032 4018 -1 
8303 1781950511 1781950511 0 2672293 2054 10032 8891 10032 889 10032 6003 -1 
8308 1781950511 1781950511 0 2677866 5614 10006 6774 10006 3034 10006 9546 -1 
8312 1781950511 1781950511 0 2677038 7285 10006 3656 10006 8160 10006 5030 -1 
8328 1781950511 1781950511 0 2678350 916 10006 1670 10006 836 10006 9011 -1 
8344 1781950511 1781950511 0 2678168 13 10006 331 10006 3034 10092 478 -1 
8349 1781950511 1781950511 0 2603502 3037 10032 7884 10032 9944 10032 9458 -1 
8358 1781950511 1781950511 0 2672966 7847 10032 6567 10032 5849 10032 9129 -1 
8362 1781950511 1781950511 0 2646005 1661 10032 8995 10032 8234 10032 7504 -1 
8380 1781950511 1781950511 0 2677038 6777 10006 9408 10006 9737 10006 5030 -1 
8381 1781950511 1781950511 0 2672608 7568 10118 1873 10118 213 10118 2539 -1 
8396 1781950511 1781950511 0 2664603 6316 10005 8185 10005 5779 10288 1097 -1 
8398 1781950511 1781950511 0 2672650 4910 10006 677 10006 1319 10006 1448 -1 
8400 1781950511 1781950511 0 2673013 6189 10006 1958 10006 6341 10006 5614 -1 
8406 1781950511 1781950511 0 2674940 9975 10178 8712 10178 6588 10109 3181 -1 
8412 1781950511 1781950511 0 2677478 8727 10006 7200 10006 172 10006 9422 -1 
8421 1781950511 1781950511 0 2670560 3947 10006 6937 10006 1385 10006 6579 -1 
8432 1781950511 1781950511 0 2643110 6144 10255 894 10255 894 10255 894 -1 
8439 1781950511 1781950511 0 2675884 4756 10032 3719 10032 833 10032 993 -1 
8444 1781950511 1781950511 0 2678337 9407 10032 5137 10032 993 10032 1955 -1 
8454 1781950511 1781950511 0 2649272 9278 10005 2515 10005 955 10005 8159 -1 
8465 1781950511 1781950511 0 2645273 3507 10006 630 10006 4156 10006 6695 -1 
8475 1781950511 1781950511 0 2677430 6904 10006 1445 10006 647 10006 8937 -1 
8484 1781950511 1781950511 0 2674317 6374 10006 355 10006 608 10006 7960 -1 
8490 1781950511 1781950511 0 2676725 7072 10006 3708 10006 240 10006 8160 -1 
8491 1781950511 1781950511 0 2671373 9484 10032 8008 10032 1541 10032 447 -1 
8504 1781950511 1781950511 0 2676842 4681 10019 9257 10092 487 10176 1237 -1 
8520 1781950511 1781950511 0 2676512 491 10006 1332 10006 477 10006 6340 -1 
8555 1781950511 1781950511 0 2676237 8226 10006 4309 10006 240 10006 7863 -1 
8560 1781950511 1781950511 0 2608340 4471 10054 3371 10032 9697 10032 4905 -1 
8585 1781950511 1781950511 0 2676130 4726 10006 4476 10006 172 10006 477 -1 
8602 1781950511 1781950511 0 2678232 4023 10006 8943 10006 4827 10006 9335 -1 
8619 1781950511 1781950511 0 2660517 6002 10626 192 10176 6466 10092 9657 -1 
8629 1781950511 1781950511 0 2669847 6608 10006 240 10006 314 10006 3119 -1 
8649 1781950511 1781950511 0 2658637 1928 10012 5567 10012 4408 10012 2990 -1 
8658 1781950511 1781950511 0 2672338 3507 10006 5227 10006 240 10006 1416 -1 
8662 1781950511 1781950511 0 2592653 9394 10032 6846 10032 8528 10032 8397 -1 
8665 1781950511 1781950511 0 2676970 4556 10006 7814 10006 1649 10006 370 -1 
8670 1781950511 1781950511 0 2647505 4738 10032 6567 10032 3661 10032 1850 -1 
8679 1781950511 1781950511 0 2668972 9244 10006 7453 10114 730 10006 1204 -1 
8684 1781950511 1781950511 0 2678298 9628 10032 6419 10006 9408 10006 9408 -1 
8691 1781950511 1781950511 0 2669845 3113 10019 5627 10019 9069 10019 7490 -1 
8695 1781950511 1781950511 0 2671494 7932 10024 7650 10024 7650 10024 38 -1 
8697 1781950511 1781950511 0 2676512 7687 10006 8092 10006 8942 10006 6340 -1 
8700 1781950511 1781950511 0 2471970 5853 10032 1930 10118 4444 10118 5444 -1 
8714 1781950511 1781950511 0 2672315 7985 10032 3364 10032 8931 10032 4945 -1 
8757 1781950511 1781950511 0 2556004 6167 10032 3795 10032 8018 10032 2574 -1 
8767 1781950511 1781950511 0 2677929 6467 10032 9827 10032 1850 10032 9591 -1 
8769 1781950511 1781950511 0 2672615 9925 10032 8931 10032 412 10032 5012 -1 
8770 1781950511 1781950511 0 2673181 1133 10006 4910 10006 4246 10006 1126 -1 
8820 1781950511 1781950511 0 2656525 3650 10032 9925 10032 1661 10032 4095 -1 
8841 1781950511 1781950511 0 2676017 1973 10005 6311 10005 6543 10005 7144 -1 
8856 1781950511 1781950511 0 2673748 7140 10006 912 10006 5392 10006 6136 -1 
8868 1781950511 1781950511 0 2677232 1151 10016 9720 10016 9720 10016 7729 -1 
8872 1781950511 1781950511 0 2668820 9521 10114 5524 10114 9705 10109 260 -1 
8888 1781950511 1781950511 0 2677478 6698 10006 8252 10006 647 10006 9422 -1 
8893 1781950511 1781950511 0 2661479 8970 10032 1656 10032 542 10032 7868 -1 
8897 1781950511 1781950511 0 2595401 2025 10288 6553 10032 6597 10032 8036 -1 
8909 1781950511 1781950511 0 2672313 100 10005 144 10005 9613 10005 113 -1 
8910 1781950511 1781950511 0 2674199 141 10006 4049 10228 8184 10228 3478 -1 
8912 1781950511 1781950511 0 2671898 3004 10006 314 10006 3828 10006 9610 -1 
8922 1781950511 1781950511 0 2668429 4905 10032 9823 10032 4096 10032 4832 -1 
8930 1781950511 1781950511 0 2670519 1514 10006 7971 10006 6632 10006 5290 -1 
8945 1781950511 1781950511 0 2678261 738 10016 9990 10016 7939 10016 7939 -1 
8947 1781950511 1781950511 0 2650470 8906 10239 8854 10239 8906 10239 3132 -1 
8952 1781950511 1781950511 0 2678371 7431 10006 7647 10006 9737 10006 4556 -1 
8964 1781950511 1781950511 0 2678297 6374 10006 1445 10006 1169 10006 7512 -1 
8985 1781950511 1781950511 0 2661147 4064 10092 645 10053 5768 10053 2039 -1 
8998 1781950511 1781950511 0 2678337 1541 10032 4640 10032 8931 10032 1955 -1 
6074 1781950511 1781950511 0 2676445 10755 6353 10032 9663 10032 1541 10032 823 -1 
6234 1781950511 1781950511 0 2672104 10228 5927 10228 3478 10228 4810 10228 4810 -1 
6299 1781950511 1781950511 0 2678341 1574 10125 8306 10176 476 10176 1787 10064 -1 
6366 1781950511 1781950511 0 2665986 10012 5567 10012 6398 10006 3174 10006 4726 -1 
6386 1781950511 1781950511 0 2670896 4610 10552 3132 10552 5578 10552 483 10552 -1 
6656 1781950511 1781950511 0 2678371 6343 10006 2561 10006 5392 10006 4556 10006 -1 
6695 1781950511 1781950511 0 2678337 555 10032 187 10032 1304 10032 1955 10032 -1 
7095 1781950511 1781950511 0 2678188 10228 8704 10228 3478 10228 4049 10006 7943 -1 
7605 1781950511 1781950511 0 2658697 7042 10365 3986 10365 35 10579 35 10579 -1 
7619 1781950511 1781950511 0 2652799 7596 10885 8923 10885 8923 10885 8923 10885 -1 
7767 1781950511 1781950511 0 2677218 3308 10212 3449 10212 3308 10212 519 10212 -1 
7807 1781950511 1781950511 0 2677143 8342 10032 859 10032 9401 10032 6203 10406 -1 
7909 1781950511 1781950511 0 2675843 9023 10032 3679 10196 7797 10196 7797 10196 -1 
8070 1781950511 1781950511 0 2664337 10110 4340 10286 9957 10176 9507 10032 2268 -1 
8155 1781950511 1781950511 0 2666876 10655 2491 10176 2463 10235 5719 10050 548 -1 
8212 1781950511 1781950511 0 2678297 10012 4408 10029 6121 10006 9335 10006 7512 -1 
8572 1781950511 1781950511 0 2676726 3917 10006 2081 10006 6632 10006 6121 10012 -1 
8589 1781950511 1781950511 0 2676726 9019 10006 1203 10006 1169 10006 6121 10012 -1 
8632 1781950511 1781950511 0 2667927 10350 7879 10092 1948 10235 1903 10452 7867 -1 
8688 1781950511 1781950511 0 2676726 4156 10006 3180 10006 5776 10006 6121 10012 -1 
8878 1781950511 1781950511 0 2663716 10109 2515 10005 3229 10005 417 10005 9567 -1 
8896 1781950511 1781950511 0 2678234 4990 10005 891 10005 6922 10005 891 10005 -1 
8999 1781950511 1781950511 0 2678371 3816 10006 5227 10006 5718 10006 4556 10006 -1 
6009 1781950511 1781950511 0 2672113 6439 10019 3011 10019 9614 10019 8434 10092 5798 -1 
6031 1781950511 1781950511 0 2678337 942 10032 6323 10032 3530 10032 9998 10032 1955 -1 
6053 1781950511 1781950511 0 2678297 4862 10006 6937 10006 431 10006 9335 10006 7512 -1 
6075 1781950511 1781950511 0 2678188 4354 10006 13 10006 9835 10006 9335 10006 7943 -1 
6087 1781950511 1781950511 0 2677091 1076 10288 1097 10288 5779 10288 1076 10288 2225 -1 
6096 1781950511 1781950511 0 2593784 5491 10019 1824 10019 8955 10019 9614 10019 700 -1 
6107 1781950511 1781950511 0 2609529 5261 10825 6441 10825 6441 10825 6635 10825 6635 -1 
6116 1781950511 1781950511 0 2678371 5702 10006 6069 10006 5392 10006 9011 10006 4556 -1 
6117 1781950511 1781950511 0 2674669 9008 10053 4980 10054 1252 10054 5824 10054 5330 -1 
6137 1781950511 1781950511 0 2668910 4308 10053 2749 10053 6979 10032 9356 10032 2557 -1 
6156 1781950511 1781950511 0 2677896 240 10006 3657 10006 7226 10006 7977 10005 4835 -1 
6171 1781950511 1781950511 0 2678232 5563 10006 5600 10006 630 10006 9335 10006 9335 -1 
6174 1781950511 1781950511 0 2675800 4322 10054 6160 10054 5824 10054 8162 10054 5824 -1 
6177 1781950511 1781950511 0 2667802 8190 10006 436 10006 1649 10006 7327 10006 5836 -1 
6178 1781950511 1781950511 0 2675581 1812 10006 8180 10006 8949 10006 8420 10006 6632 -1 
6209 1781950511 1781950511 0 2672608 1309 10118 213 10118 4103 10118 3765 10118 2539 -1 
6236 1781950511 1781950511 0 2676017 2208 10006 1083 10005 144 10005 144 10005 7144 -1 
6239 1781950511 1781950511 0 2676678 6988 10016 766 10286 1806 10385 586 10019 5155 -1 
6246 1781950511 1781950511 0 2676017 5972 10006 5068 10006 3362 10006 8013 10005 7144 -1 
6257 1781950511 1781950511 0 2676457 5799 10032 9041 10032 136 10032 1661 10032 4588 -1 
6264 1781950511 1781950511 0 2661816 3870 10032 3364 10032 4625 10176 9957 10176 6466 -1 
6280 1781950511 1781950511 0 2677896 5146 10005 7455 10005 9705 10005 955 10005 4835 -1 
6308 1781950511 1781950511 0 2678194 3723 10032 1644 10032 2217 10032 412 10032 51 -1 
6331 1781950511 1781950511 0 2664452 5874 10032 8264 10032 6385 10019 1559 10019 4269 -1 
6354 1781950511 1781950511 0 2678163 1617 10006 3828 10006 3708 10006 3917 10006 912 -1 
6361 1781950511 1781950511 0 2678350 6632 10006 5346 10006 8315 10006 9408 10006 9011 -1 
6375 1781950511 1781950511 0 2672966 5496 10032 1005 10032 8162 10032 2177 10032 9129 -1 
6376 1781950511 1781950511 0 2671342 3663 10006 6723 10006 3119 10006 5392 10006 6774 -1 
6390 1781950511 1781950511 0 2678194 7834 10032 3944 10032 6546 10032 412 10032 51 -1 
6392 1781950511 1781950511 0 2673592 8944 10005 1398 10005 6311 10006 7397 10006 6268 -1 
6400 1781950511 1781950511 0 2677433 8550 10006 9835 10006 8029 10006 4520 10006 4049 -1 
6409 1781950511 1781950511 0 2662121 1530 10177 9212 10092 655 10174 3632 10176 9921 -1 
6433 1781950511 1781950511 0 2677433 6205 10006 3174 10006 3638 10006 5633 10006 4049 -1 
6447 1781950511 1781950511 0 2674940 1010 10006 4630 10006 3119 10006 3181 10109 3181 -1 
6461 1781950511 1781950511 0 2678371 5124 10006 3826 10006 4679 10006 1169 10006 4556 -1 
6468 1781950511 1781950511 0 2674443 4406 10006 1680 10006 7327 10006 9331 10006 836 -1 
6517 1781950511 1781950511 0 2678371 2890 10006 7313 10006 6069 10006 3034 10006 4556 -1 
6549 1781950511 1781950511 0 2677270 5944 10006 5045 10006 8980 10006 647 10006 286 -1 
6567 1781950511 1781950511 0 2675035 4309 10006 9244 10006 2081 10006 9331 10006 903 -1 
6576 1781950511 1781950511 0 2676130 8727 10006 4380 10006 1169 10006 9693 10006 477 -1 
6589 1781950511 1781950511 0 2674772 1150 10012 7334 10012 6121 10012 6121 10012 4852 -1 
6628 1781950511 1781950511 0 2672780 5017 10006 4791 10006 317 10006 9835 10006 8180 -1 
6629 1781950511 1781950511 0 2673375 2515 10109 1706 10109 3181 10006 3816 10006 4865 -1 
6630 1781950511 1781950511 0 2677882 7228 10006 3295 10006 2208 10006 3337 10006 7140 -1 
6631 1781950511 1781950511 0 2649272 2727 10229 1806 10290 1806 10137 1366 10260 7134 -1 
6633 1781950511 1781950511 0 2677868 7575 10006 4169 10006 6530 10006 9737 10006 6636 -1 
6666 1781950511 1781950511 0 2677477 6193 10006 3493 10006 1445 10006 5392 10006 956 -1 
6679 1781950511 1781950511 0 2677015 293 10006 5416 10006 1628 10006 6632 10006 1812 -1 
6689 1781950511 1781950511 0 2678194 2712 10032 9001 10032 5202 10032 8025 10032 51 -1 
6692 1781950511 1781950511 0 2673846 3228 10006 13 10006 3174 10006 6121 10006 172 -1 
6702 1781950511 1781950511 0 2676493 7115 10032 9960 10032 8931 10032 823 10032 5032 -1 
6705 1781950511 1781950511 0 2673422 3362 10006 5068 10006 1448 10006 6632 10006 1445 -1 
6714 1781950511 1781950511 0 2676705 1208 10005 937 10005 7654 10005 955 10005 2855 -1 
6724 1781950511 1781950511 0 2670895 8006 10005 955 10005 1187 10005 3864 10034 730 -1 
6730 1781950511 1781950511 0 2677430 4203 10006 1852 10006 887 10006 1912 10006 8937 -1 
6747 1781950511 1781950511 0 2669597 4497 10053 6422 10006 6412 10006 3119 10006 1332 -1 
6756 1781950511 1781950511 0 2678261 9472 10016 9131 10016 766 10016 766 10016 7939 -1 
6768 1781950511 1781950511 0 2678350 5306 10006 351 10006 9124 10006 7163 10006 9011 -1 
6785 1781950511 1781950511 0 2678371 73 10006 1214 10006 3493 10006 9011 10006 4556 -1 
6796 1781950511 1781950511 0 2677896 7275 10006 2233 10006 9408 10006 7977 10005 4835 -1 
6824 1781950511 1781950511 0 2678337 6072 10032 3795 10032 9796 10032 3364 10032 1955 -1 
6827 1781950511 1781950511 0 2613269 4596 10032 9799 10032 9928 10032 9458 10032 4496 -1 
6839 1781950511 1781950511 0 2678297 400 10006 3337 10006 1169 10006 9335 10006 7512 -1 
6844 1781950511 1781950511 0 2672966 6466 10176 5832 10032 9915 10032 6405 10032 9129 -1 
6857 1781950511 1781950511 0 2677929 4813 10032 8077 10032 9960 10032 6846 10032 9591 -1 
6859 1781950511 1781950511 0 2673013 9309 10006 431 10006 3507 10006 2299 10006 5614 -1 
6904 1781950511 1781950511 0 2678034 2493 10054 2445 10006 4630 10006 5600 10006 9033 -1 
6907 1781950511 1781950511 0 2676534 7678 10006 9408 10006 647 10006 6530 10006 3205 -1 
6908 1781950511 1781950511 0 2678234 5877 10006 1214 10006 4509 10006 1203 10005 891 -1 
6912 1781950511 1781950511 0 2677319 3563 10006 7687 10006 5392 10006 8226 10006 8524 -1 
6915 1781950511 1781950511 0 2640940 519 10212 519 10212 519 10212 519 10212 3308 -1 
6931 1781950511 1781950511 0 2678168 395 10032 7426 10032 4756 10032 9927 10092 478 -1 
6966 1781950511 1781950511 0 2676929 5965 10006 8160 10006 431 10006 1445 10006 7396 -1 
6989 1781950511 1781950511 0 2678112 8886 10032 3857 10032 9796 10032 5535 10032 8000 -1 
7005 1781950511 1781950511 0 2673787 7934 10006 7512 10006 5633 10006 6632 10006 3174 -1 
7014 1781950511 1781950511 0 2674785 968 10006 796 10006 6268 10006 869 10005 5026 -1 
7017 1781950511 1781950511 0 2678234 7549 10006 9304 10006 1203 10006 1203 10005 891 -1 
7025 1781950511 1781950511 0 2676788 1647 10005 6182 10005 6 10019 6364 10019 268 -1 
7032 1781950511 1781950511 0 2675132 7797 10196 7797 10196 7797 10196 7797 10196 8768 -1 
7034 1781950511 1781950511 0 2642196 4645 10019 319 10019 6246 10019 3911 10252 2126 -1 
7043 1781950511 1781950511 0 2666454 8077 10032 6549 10032 4502 10054 2717 10032 14 -1 
7071 1781950511 1781950511 0 2673375 5902 10006 4099 10006 9264 10006 8315 10006 4865 -1 
7138 1781950511 1781950511 0 2677015 9494 10006 796 10006 9331 10006 5392 10006 1812 -1 
7141 1781950511 1781950511 0 2677015 4706 10006 3826 10006 836 10006 7189 10006 1812 -1 
7154 1781950511 1781950511 0 2677512 1000 10032 51 10032 7115 10032 412 10032 6203 -1 
7177 1781950511 1781950511 0 2676495 7390 10006 1674 10006 5702 10006 9835 10006 6937 -1 
7182 1781950511 1781950511 0 2677880 1677 10006 370 10006 4679 10006 3174 10006 9304 -1 
7251 1781950511 1781950511 0 2675056 1196 10006 3174 10006 6121 10006 6632 10006 8980 -1 
7266 1781950511 1781950511 0 2672005 3159 10006 4522 10006 796 10006 1445 10006 4246 -1 
7280 1781950511 1781950511 0 2674980 9408 10006 3159 10006 240 10006 5392 10006 8328 -1 
7282 1781950511 1781950511 0 2672715 2052 10032 3795 10032 8395 10032 9998 10032 889 -1 
7313 1781950511 1781950511 0 2678052 1107 10006 331 10006 172 10006 1203 10006 7851 -1 
7314 1781950511 1781950511 0 2677896 561 10006 5416 10006 3814 10006 1203 10005 4835 -1 
7321 1781950511 1781950511 0 2677512 748 10032 9907 10032 1661 10032 823 10032 6203 -1 
7324 1781950511 1781950511 0 2677848 734 10032 9182 10032 3364 10054 3170 10054 1156 -1 
7332 1781950511 1781950511 0 2678188 1132 10006 6752 10006 4124 10006 3181 10006 7943 -1 
7342 1781950511 1781950511 0 2647364 5733 10019 2717 10054 1252 10534 1366 10534 9449 -1 
7353 1781950511 1781950511 0 2678033 4852 10012 4852 10012 4852 10012 6121 10006 9835 -1 
7373 1781950511 1781950511 0 2678188 1489 10006 4720 10006 13 10006 9408 10006 7943 -1 
7374 1781950511 1781950511 0 2677365 3656 10006 5017 10006 1385 10006 7977 10005 1203 -1 
7387 1781950511 1781950511 0 2676138 4339 10006 608 10006 2561 10006 9737 10006 6115 -1 
7391 1781950511 1781950511 0 2677003 4102 10032 6437 10032 823 10032 1661 10032 412 -1 
7428 1781950511 1781950511 0 2674122 8942 10006 3047 10006 6264 10006 5392 10006 6518 -1 
7433 1781950511 1781950511 0 2678194 6729 10427 6729 10427 9316 10092 9927 10032 51 -1 
7451 1781950511 1781950511 0 2675719 9364 10032 8909 10032 4639 10032 1252 10054 4533 -1 
7453 1781950511 1781950511 0 2673299 293 10006 6695 10006 916 10006 9610 10006 5140 -1 
7461 1781950511 1781950511 0 2663903 9484 10032 9364 10032 5535 10032 5853 10032 6871 -1 
7464 1781950511 1781950511 0 2676226 7452 10032 8339 10032 7524 10032 1527 10032 8889 -1 
7465 1781950511 1781950511 0 2669118 229 10032 9628 10032 2177 10032 7256 10054 4966 -1 
7489 1781950511 1781950511 0 2676929 5788 10006 6189 10006 6264 10006 2233 10006 7396 -1 
7495 1781950511 1781950511 0 2678371 9494 10006 5585 10006 5392 10006 9408 10006 4556 -1 
7498 1781950511 1781950511 0 2677866 4982 10006 431 10006 3119 10006 1169 10006 9546 -1 
7512 1781950511 1781950511 0 2673748 6370 10006 3044 10006 9814 10006 7863 10006 6136 -1 
7517 1781950511 1781950511 0 2675690 145 10016 9720 10016 145 10016 766 10016 766 -1 
7548 1781950511 1781950511 0 2677476 351 10006 1679 10006 4336 10006 7396 10006 945 -1 
7566 1781950511 1781950511 0 2650668 7754 10006 1628 10006 7228 10006 7962 10006 3656 -1 
7570 1781950511 1781950511 0 2676295 3004 10006 7163 10006 8508 10006 3776 10006 3307 -1 
7571 1781950511 1781950511 0 2678297 5746 10006 796 10006 1175 10006 9335 10006 7512 -1 
7585 1781950511 1781950511 0 2671245 3211 10005 902 10006 8937 10006 7163 10006 608 -1 
7587 1781950511 1781950511 0 2677476 5460 10006 9501 10006 1958 10006 1169 10006 945 -1 
7588 1781950511 1781950511 0 2674442 9472 10016 2642 10006 8029 10006 8818 10012 1147 -1 
7591 1781950511 1781950511 0 2678297 7228 10006 9546 10006 6268 10006 6632 10006 7512 -1 
7639 1781950511 1781950511 0 2676660 6470 10006 2774 10006 8937 10006 4169 10006 4522 -1 
7642 1781950511 1781950511 0 2675262 6419 10005 144 10005 3569 10005 9510 10006 1385 -1 
7648 1781950511 1781950511 0 2676512 9949 10006 477 10006 4355 10006 4827 10006 6340 -1 
7684 1781950511 1781950511 0 2669719 1193 10032 5757 10032 5432 10032 4274 10032 1433 -1 
7717 1781950511 1781950511 0 2677365 9275 10034 7684 10005 955 10005 3864 10005 1203 -1 
7721 1781950511 1781950511 0 2670833 8256 10006 351 10006 4720 10006 4828 10006 5619 -1 
7732 1781950511 1781950511 0 2675470 8200 10006 1445 10006 6644 10006 13 10006 4862 -1 
7748 1781950511 1781950511 0 2676564 4973 10006 9331 10006 6137 10006 630 10006 1551 -1 
7759 1781950511 1781950511 0 2672650 1332 10006 1132 10006 3174 10006 8958 10006 1448 -1 
7768 1781950511 1781950511 0 2674103 4680 10006 630 10006 9477 10006 6269 10006 5197 -1 
7818 1781950511 1781950511 0 2650668 9239 10006 1010 10006 13 10006 293 10006 3656 -1 
7824 1781950511 1781950511 0 2677882 7880 10006 5166 10006 13 10006 2042 10006 7140 -1 
7826 1781950511 1781950511 0 2652724 1873 10118 657 10118 4103 10118 3765 10118 341 -1 
7836 1781950511 1781950511 0 2677255 4976 10006 7897 10006 3563 10006 8816 10019 291 -1 
7840 1781950511 1781950511 0 2678034 7397 10006 1204 10006 4667 10006 9408 10006 9033 -1 
7843 1781950511 1781950511 0 2675884 1352 10032 3371 10032 5220 10088 1661 10032 993 -1 
7870 1781950511 1781950511 0 2676512 3814 10006 1027 10006 6609 10006 9693 10006 6340 -1 
7889 1781950511 1781950511 0 2675059 1324 10315 5844 10006 6695 10006 1445 10006 2233 -1 
7895 1781950511 1781950511 0 2672966 4096 10032 8702 10032 9796 10032 6003 10032 9129 -1 
7904 1781950511 1781950511 0 2667775 6388 10032 2546 10032 9796 10032 3364 10032 446 -1 
7912 1781950511 1781950511 0 2677319 1181 10006 355 10006 5392 10006 331 10006 8524 -1 
7931 1781950511 1781950511 0 2670504 5197 10006 7512 10006 1010 10006 5932 10006 3343 -1 
7934 1781950511 1781950511 0 2678297 5065 10006 4672 10006 6005 10006 9335 10006 7512 -1 
7945 1781950511 1781950511 0 2637295 1486 10032 4056 10053 5768 10053 5768 10053 5549 -1 
7974 1781950511 1781950511 0 2677733 1533 10228 5008 10006 3599 10006 3205 10006 1169 -1 
7984 1781950511 1781950511 0 2677866 4974 10012 7897 10012 4852 10012 6121 10006 9546 -1 
7989 1781950511 1781950511 0 2678168 7635 10006 1677 10006 331 10006 3034 10092 478 -1 
7990 1781950511 1781950511 0 2672313 9124 10006 1866 10006 836 10006 869 10005 113 -1 
8005 1781950511 1781950511 0 2676970 796 10006 4904 10006 4973 10006 1203 10006 370 -1 
8010 1781950511 1781950511 0 2668972 8169 10006 4970 10006 4476 10006 5776 10006 1204 -1 
8016 1781950511 1781950511 0 2678112 5363 10176 2491 10176 1773 10032 8931 10032 8000 -1 
8042 1781950511 1781950511 0 2671076 6037 10006 2970 10006 8029 10006 4679 10006 9477 -1 
8077 1781950511 1781950511 0 2678350 5017 10006 1203 10006 4354 10006 9408 10006 9011 -1 
8086 1781950511 1781950511 0 2678033 648 10006 3563 10006 6268 10006 9737 10006 9835 -1 
8103 1781950511 1781950511 0 2669100 3564 10006 3119 10006 1132 10006 3047 10006 9331 -1 
8111 1781950511 1781950511 0 2678341 10328 8742 10176 5485 10176 5861 10176 1787 10064 -1 
8113 1781950511 1781950511 0 2677433 6545 10006 6888 10006 4005 10006 1385 10006 4049 -1 
8119 1781950511 1781950511 0 2674816 5853 10032 3012 10032 3626 10032 3364 10054 6160 -1 
8124 1781950511 1781950511 0 2676905 4706 10006 355 10006 7989 10006 1203 10006 4355 -1 
8141 1781950511 1781950511 0 2678267 5337 10032 9674 10032 8702 10032 8000 10032 175 -1 
8156 1781950511 1781950511 0 2642503 2693 10019 7794 10032 8008 10032 9998 10032 2717 -1 
8172 1781950511 1781950511 0 2678298 6162 10006 8937 10006 4309 10006 7140 10006 9408 -1 
8179 1781950511 1781950511 0 2678168 8678 10447 9957 10447 6466 10092 9927 10092 478 -1 
8193 1781950511 1781950511 0 2675132 4241 10032 3729 10032 8768 10196 7797 10196 8768 -1 
8211 1781950511 1781950511 0 2655468 1097 10288 1622 10288 1076 10288 2025 10288 5779 -1 
8226 1781950511 1781950511 0 2672187 7678 10006 7 10006 9408 10006 5633 10006 5283 -1 
8227 1781950511 1781950511 0 2676620 9422 10006 5880 10006 7795 10006 9693 10006 6069 -1 
8233 1781950511 1781950511 0 2678371 3332 10006 1332 10006 13 10006 9011 10006 4556 -1 
8275 1781950511 1781950511 0 2673013 1203 10006 4309 10006 4509 10006 2303 10006 5614 -1 
8294 1781950511 1781950511 0 2677858 1292 10032 9873 10049 5444 10125 1574 10125 4846 -1 
8305 1781950511 1781950511 0 2672650 2088 10006 1941 10006 5668 10006 1204 10006 1448 -1 
8310 1781950511 1781950511 0 2676779 5957 10006 1445 10006 13 10006 4985 10006 5972 -1 
8327 1781950511 1781950511 0 2603480 7413 10032 9847 10032 8150 10032 942 10032 3661 -1 
8339 1781950511 1781950511 0 2675430 4910 10006 1133 10006 4509 10006 6268 10006 7605 -1 
8363 1781950511 1781950511 0 2675199 7102 10006 355 10006 6730 10006 6278 10006 141 -1 
8365 1781950511 1781950511 0 2665087 3295 10006 351 10006 9408 10006 1385 10006 6303 -1 
8376 1781950511 1781950511 0 2678251 7935 10006 1285 10006 2233 10006 4381 10114 5119 -1 
8382 1781950511 1781950511 0 2677015 7897 10012 1147 10012 1337 10006 9610 10006 1812 -1 
8385 1781950511 1781950511 0 2677365 4518 10006 9408 10006 7795 10006 6016 10005 1203 -1 
8388 1781950511 1781950511 0 2678033 9019 10006 240 10006 5619 10006 9737 10006 9835 -1 
8389 1781950511 1781950511 0 2678337 6721 10558 2982 10558 2197 10032 9104 10032 1955 -1 
8393 1781950511 1781950511 0 2678371 3208 10006 5095 10006 2299 10006 9335 10006 4556 -1 
8418 1781950511 1781950511 0 2675628 4005 10006 2445 10006 7140 10006 1527 10032 4018 -1 
8431 1781950511 1781950511 0 2677409 9864 10032 7524 10032 3364 10054 8162 10054 3170 -1 
8468 1781950511 1781950511 0 2638111 4351 10006 9335 10006 240 10006 1214 10006 2967 -1 
8508 1781950511 1781950511 0 2670583 2624 10050 4312 10306 9603 10050 1612 10235 6000 -1 
8531 1781950511 1781950511 0 2673928 619 10006 477 10006 2035 10006 293 10006 4207 -1 
8542 1781950511 1781950511 0 2676493 6549 10032 459 10032 3364 10032 6003 10032 5032 -1 
8546 1781950511 1781950511 0 2678188 4124 10006 1027 10006 796 10006 1169 10006 7943 -1 
8557 1781950511 1781950511 0 2672113 8063 10717 8063 10717 4289 10717 4289 10092 5798 -1 
8579 1781950511 1781950511 0 2673295 8400 10005 2041 10034 730 10034 730 10006 3814 -1 
8591 1781950511 1781950511 0 2674122 9304 10006 5082 10006 1169 10006 5392 10006 6518 -1 
8595 1781950511 1781950511 0 2677240 5768 10053 4767 10053 7167 10053 5768 10053 6447 -1 
8597 1781950511 1781950511 0 2670354 4314 10006 1169 10006 3047 10006 8943 10006 1617 -1 
8616 1781950511 1781950511 0 2677003 9177 10032 1087 10032 6553 10032 9129 10032 412 -1 
8628 1781950511 1781950511 0 2678298 2790 10034 526 10034 730 10006 9408 10006 9408 -1 
8631 1781950511 1781950511 0 2678261 2043 10019 2491 10084 766 10016 9720 10016 7939 -1 
8634 1781950511 1781950511 0 2670476 187 10032 823 10032 9697 10032 4367 10032 8025 -1 
8661 1781950511 1781950511 0 2675470 4139 10006 4833 10006 608 10006 2233 10006 4862 -1 
8663 1781950511 1781950511 0 2676534 1446 10006 6264 10006 796 10006 5392 10006 3205 -1 
8692 1781950511 1781950511 0 2671355 6593 10032 8614 10032 833 10032 8925 10032 1592 -1 
8717 1781950511 1781950511 0 2678232 4574 10006 9062 10006 9546 10006 647 10006 9335 -1 
8727 1781950511 1781950511 0 2665268 4381 10006 647 10006 13 10006 2303 10006 3338 -1 
8728 1781950511 1781950511 0 2678297 5702 10006 647 10006 2303 10006 9335 10006 7512 -1 
8742 1781950511 1781950511 0 2678371 3802 10006 1107 10006 6311 10006 6632 10006 4556 -1 
8745 1781950511 1781950511 0 2678232 6193 10006 3174 10006 1203 10006 912 10006 9335 -1 
8791 1781950511 1781950511 0 2678089 300 10032 7904 10032 8931 10032 1661 10032 9927 -1 
8799 1781950511 1781950511 0 2674529 5293 10006 477 10006 4970 10006 9335 10006 240 -1 
8809 1781950511 1781950511 0 2675832 370 10006 3657 10006 4435 10006 6121 10006 6189 -1 
8857 1781950511 1781950511 0 2676409 4908 10080 5746 10006 7918 10006 4638 10006 4827 -1 
8864 1781950511 1781950511 0 2673167 6193 10006 4063 10006 1169 10006 331 10006 5166 -1 
8941 1781950511 1781950511 0 2666093 9510 10006 8508 10006 4509 10006 240 10006 1958 -1 
8955 1781950511 1781950511 0 2675719 348 10032 6561 10032 2293 10054 8162 10054 4533 -1 
8973 1781950511 1781950511 0 2677896 144 10005 9613 10005 886 10005 5400 10005 4835 -1 
8978 1781950511 1781950511 0 2677866 4351 10006 355 10006 5776 10006 4827 10006 9546 -1 
8984 1781950511 1781950511 0 2677433 9124 10006 3816 10006 4679 10006 5392 10006 4049 -1 
8996 1781950511 1781950511 0 2678232 8121 10005 6697 10006 5619 10006 912 10006 9335 -1 
6248 1781950511 1781950511 0 2677816 7110 10369 2393 10369 1123 10369 2393 10369 2393 10369 -1 
6269 1781950511 1781950511 0 2669481 3569 10005 1053 10005 891 10005 8112 10005 4074 10256 -1 
6560 1781950511 1781950511 0 2678261 704 10092 2491 10084 766 10016 9720 10016 7939 10016 -1 
6882 1781950511 1781950511 0 2674940 4203 10006 4638 10006 1445 10006 3814 10006 3181 10109 -1 
7108 1781950511 1781950511 0 2672070 10092 1516 10092 9890 10092 2854 10092 1238 10092 6479 -1 
7194 1781950511 1781950511 0 2674199 6749 10228 6749 10228 3478 10228 3478 10228 3478 10228 -1 
7209 1781950511 1781950511 0 2678196 1680 10006 8315 10006 6050 10005 144 10005 2437 10763 -1 
7369 1781950511 1781950511 0 2678234 8515 10005 4507 10005 1727 10005 6336 10005 891 10005 -1 
7432 1781950511 1781950511 0 2661799 10785 4619 10785 1164 10053 2749 10053 3170 10053 9228 -1 
7616 1781950511 1781950511 0 2664539 10725 7666 10725 1181 10006 3047 10006 9033 10006 9949 -1 
7705 1781950511 1781950511 0 2652388 9138 10239 618 10239 8906 10239 8854 10239 618 10239 -1 
7773 1781950511 1781950511 0 2669129 10054 86 10032 6437 10032 9796 10032 7426 10032 5535 -1 
7922 1781950511 1781950511 0 2654748 10255 9795 10255 9795 10255 6144 10255 894 10255 6144 -1 
7969 1781950511 1781950511 0 2677143 8891 10032 625 10032 3729 10032 6686 10032 6203 10406 -1 
8090 1781950511 1781950511 0 2674940 4852 10012 1150 10012 1912 10006 13 10006 3181 10109 -1 
8272 1781950511 1781950511 0 2676726 7102 10012 4852 10012 1150 10012 1147 10012 6121 10012 -1 
8274 1781950511 1781950511 0 2676726 4300 10109 1928 10012 5567 10012 6121 10012 6121 10012 -1 
8736 1781950511 1781950511 0 2675676 10110 4340 10286 866 10328 1366 10232 8518 10019 8816 -1 
6003 1781950511 1781950511 0 2677169 6685 10006 796 10006 5293 10006 5392 10006 7189 10006 647 -1 
6038 1781950511 1781950511 0 2678337 7975 10032 1987 10032 9998 10032 4756 10032 9354 10032 1955 -1 
6039 1781950511 1781950511 0 2677846 9835 10006 630 10006 2299 10006 3776 10006 3205 10006 3802 -1 
6042 1781950511 1781950511 0 2677868 6805 10006 3174 10006 44 10006 1445 10006 8160 10006 6636 -1 
6045 1781950511 1781950511 0 2667513 2736 10032 204 10032 9796 10032 7491 10032 8931 10032 1798 -1 
6077 1781950511 1781950511 0 2673511 3466 10032 3530 10032 8889 10032 4980 10088 5860 10088 4920 -1 
6094 1781950511 1781950511 0 2676962 6536 10006 477 10006 9447 10005 2921 10005 6336 10005 7977 -1 
6105 1781950511 1781950511 0 2678251 5970 10006 1649 10006 172 10006 632 10006 735 10114 5119 -1 
6123 1781950511 1781950511 0 2678350 2640 10006 2445 10006 3488 10006 3485 10006 9408 10006 9011 -1 
6149 1781950511 1781950511 0 2672315 1061 10032 4186 10032 3285 10032 336 10032 9760 10032 4945 -1 
6268 1781950511 1781950511 0 2676283 4889 10084 9805 10762 3969 10176 9921 10176 9767 10176 487 -1 
6291 1781950511 1781950511 0 2677169 6374 10006 8542 10006 6470 10006 6121 10012 6121 10006 647 -1 
6301 1781950511 1781950511 0 2677433 8132 10006 314 10006 6037 10006 1204 10006 3205 10006 4049 -1 
6315 1781950511 1781950511 0 2677478 6518 10006 6115 10006 3047 10006 240 10006 1203 10006 9422 -1 
6322 1781950511 1781950511 0 2677703 9335 10006 4630 10006 2640 10006 4679 10006 240 10006 4973 -1 
6328 1781950511 1781950511 0 2675232 5761 10064 7636 10154 8712 10050 3872 10050 6364 10019 8672 -1 
6332 1781950511 1781950511 0 2678371 1712 10006 3657 10006 4246 10006 6136 10006 9408 10006 4556 -1 
6345 1781950511 1781950511 0 2677091 8856 10288 2225 10288 1097 10288 5779 10288 1076 10288 2225 -1 
6396 1781950511 1781950511 0 2678188 3138 10029 4408 10006 6494 10006 912 10006 3205 10006 7943 -1 
6398 1781950511 1781950511 0 2661230 2734 10005 189 10005 9278 10005 955 10005 8570 10005 7455 -1 
6403 1781950511 1781950511 0 2672253 7285 10006 3580 10006 3174 10006 1912 10006 4679 10006 5392 -1 
6435 1781950511 1781950511 0 2607656 5605 10006 869 10006 6231 10006 3343 10006 172 10006 5210 -1 
6551 1781950511 1781950511 0 2676983 3012 10032 6320 10032 4639 10032 9796 10032 823 10032 8979 -1 
6559 1781950511 1781950511 0 2676660 5587 10109 1706 10109 8652 10109 2970 10006 2233 10006 4522 -1 
6575 1781950511 1781950511 0 2678068 4638 10006 3638 10006 431 10006 5932 10006 7189 10006 1022 -1 
6594 1781950511 1781950511 0 2677261 6139 10006 8514 10006 1027 10006 44 10006 1385 10006 1679 -1 
6597 1781950511 1781950511 0 2678034 3696 10006 4556 10006 561 10006 431 10006 9835 10006 9033 -1 
6646 1781950511 1781950511 0 2677261 1125 10006 331 10006 9264 10006 1203 10006 240 10006 1679 -1 
6648 1781950511 1781950511 0 2678371 608 10006 4556 10006 1445 10006 6269 10006 9011 10006 4556 -1 
6680 1781950511 1781950511 0 2675290 1265 10032 8370 10032 1188 10032 9104 10032 7043 10398 1260 -1 
6686 1781950511 1781950511 0 2673511 4134 10088 4913 10088 9898 10088 9898 10088 5860 10088 4920 -1 
6687 1781950511 1781950511 0 2678033 3004 10006 5788 10006 240 10006 1677 10006 6579 10006 9835 -1 
6706 1781950511 1781950511 0 2674442 1150 10012 3556 10012 1147 10012 8818 10012 1147 10012 1147 -1 
6709 1781950511 1781950511 0 2676970 6412 10006 3119 10006 8420 10006 3563 10006 4862 10006 370 -1 
6728 1781950511 1781950511 0 2675677 8605 10005 1727 10005 5746 10006 13 10006 5392 10006 3454 -1 
6735 1781950511 1781950511 0 2678232 4380 10006 3947 10006 3047 10006 6268 10006 5392 10006 9335 -1 
6767 1781950511 1781950511 0 2676237 9613 10005 7977 10006 8029 10006 7971 10006 630 10006 7863 -1 
6773 1781950511 1781950511 0 2676237 7313 10006 8608 10006 6005 10006 1385 10006 13 10006 7863 -1 
6787 1781950511 1781950511 0 2666657 2677 10032 9345 10005 902 10006 5965 10006 796 10006 6162 -1 
6792 1781950511 1781950511 0 2673323 5030 10006 1527 10006 9499 10006 4630 10006 796 10006 5633 -1 
6794 1781950511 1781950511 0 2674816 6447 10032 9736 10032 6437 10032 459 10032 3364 10054 6160 -1 
6807 1781950511 1781950511 0 2675677 1912 10006 7397 10006 9835 10006 6121 10006 1332 10006 3454 -1 
6848 1781950511 1781950511 0 2677898 4328 10032 9410 10032 9960 10032 4108 10032 412 10032 9104 -1 
6880 1781950511 1781950511 0 2678297 1022 10006 6268 10006 4156 10006 9335 10006 9408 10006 7512 -1 
6888 1781950511 1781950511 0 2676983 9266 10032 5003 10032 6338 10032 8041 10032 7900 10032 8979 -1 
7004 1781950511 1781950511 0 2678163 428 10006 1385 10006 3174 10006 5633 10006 1203 10006 912 -1 
7016 1781950511 1781950511 0 2659333 505 10032 1656 10032 9950 10032 8979 10032 8702 10032 6022 -1 
7020 1781950511 1781950511 0 2675212 6005 10109 1717 10109 1706 10109 8652 10109 3181 10006 6530 -1 
7033 1781950511 1781950511 0 2677039 445 10032 8280 10032 3795 10032 1527 10006 8160 10006 6269 -1 
7037 1781950511 1781950511 0 2678194 8000 10032 5499 10032 9960 10032 8995 10032 8931 10032 51 -1 
7060 1781950511 1781950511 0 2678371 7306 10006 709 10006 7200 10006 1135 10006 2299 10006 4556 -1 
7089 1781950511 1781950511 0 2678261 145 10016 5870 10016 9720 10016 9720 10016 766 10016 7939 -1 
7091 1781950511 1781950511 0 2678261 3610 10016 9720 10016 9720 10016 9990 10016 7939 10016 7939 -1 
7098 1781950511 1781950511 0 2677816 7110 10369 2393 10369 2393 10369 9694 10369 2393 10369 2393 -1 
7117 1781950511 1781950511 0 2678261 7178 10016 2292 10016 5368 10016 766 10016 7939 10016 7939 -1 
7142 1781950511 1781950511 0 2678371 3458 10006 699 10006 2970 10006 9304 10006 9335 10006 4556 -1 
7152 1781950511 1781950511 0 2677477 3181 10006 251 10006 2821 10006 5392 10006 6069 10006 956 -1 
7172 1781950511 1781950511 0 2677929 2574 10032 1987 10032 9796 10032 3364 10032 1661 10032 9591 -1 
7258 1781950511 1781950511 0 2676130 7512 10006 1204 10006 5457 10006 9494 10006 8980 10006 477 -1 
7267 1781950511 1781950511 0 2677846 3638 10006 6937 10006 632 10006 9835 10006 9693 10006 3802 -1 
7413 1781950511 1781950511 0 2660874 894 10255 9795 10255 805 10255 894 10255 6144 10255 7291 -1 
7475 1781950511 1781950511 0 2673188 752 10006 3828 10006 2561 10006 6137 10006 7401 10006 6070 -1 
7492 1781950511 1781950511 0 2676905 6937 10006 477 10006 1132 10006 1445 10006 5392 10006 4355 -1 
7520 1781950511 1781950511 0 2652388 2672 10239 618 10239 8854 10239 8854 10239 618 10239 618 -1 
7524 1781950511 1781950511 0 2670321 8942 10006 3174 10006 5600 10006 5718 10006 5392 10006 6398 -1 
7563 1781950511 1781950511 0 2653184 8556 10034 2790 10006 355 10006 6370 10006 9956 10006 7814 -1 
7579 1781950511 1781950511 0 2677169 608 10006 5295 10006 240 10006 9814 10006 8160 10006 647 -1 
7581 1781950511 1781950511 0 2674103 6660 10006 1445 10006 3174 10006 632 10006 3814 10006 5197 -1 
7602 1781950511 1781950511 0 2677825 2235 10053 5901 10032 4338 10032 8025 10032 6203 10032 1486 -1 
7621 1781950511 1781950511 0 2678371 4354 10006 431 10006 3174 10006 647 10006 9011 10006 4556 -1 
7624 1781950511 1781950511 0 2676409 6644 10006 796 10006 2970 10109 4318 10006 2233 10006 4827 -1 
7625 1781950511 1781950511 0 2677015 6469 10006 1174 10006 6341 10006 5197 10006 7189 10006 1812 -1 
7645 1781950511 1781950511 0 2674439 6005 10006 6698 10006 7891 10006 1203 10006 3814 10006 13 -1 
7661 1781950511 1781950511 0 2660371 6129 10019 4284 10019 3113 10019 335 10019 3946 10084 5745 -1 
7724 1781950511 1781950511 0 2674031 5333 10032 845 10032 2717 10032 2211 10032 6003 10032 2293 -1 
7765 1781950511 1781950511 0 2678297 5600 10006 3174 10006 1027 10006 1319 10006 912 10006 7512 -1 
7817 1781950511 1781950511 0 2678371 4309 10006 5633 10006 4904 10006 8980 10006 9408 10006 4556 -1 
7852 1781950511 1781950511 0 2677376 9591 10032 2161 10032 7524 10032 1541 10032 412 10032 9354 -1 
7862 1781950511 1781950511 0 2676443 125 10005 8185 10005 891 10005 955 10005 5783 10005 6182 -1 
7888 1781950511 1781950511 0 2604686 7504 10032 6076 10032 784 10032 9984 10032 3476 10032 8271 -1 
7940 1781950511 1781950511 0 2672277 3972 10006 5460 10006 4509 10006 8818 10006 5392 10006 716 -1 
7976 1781950511 1781950511 0 2675905 3796 10006 8970 10006 2640 10006 912 10006 6336 10005 955 -1 
8029 1781950511 1781950511 0 2677816 3178 10369 2675 10369 2393 10369 9694 10369 2393 10369 2393 -1 
8037 1781950511 1781950511 0 2677733 3359 10006 5957 10006 6112 10006 1445 10006 370 10006 1169 -1 
8059 1781950511 1781950511 0 2678298 4099 10006 5881 10006 9546 10006 9610 10006 1203 10006 9408 -1 
8088 1781950511 1781950511 0 2676862 4990 10005 5400 10005 955 10005 8055 10005 8159 10005 5783 -1 
8096 1781950511 1781950511 0 2676660 3717 10006 5688 10006 9771 10006 6137 10006 13 10006 4522 -1 
8134 1781950511 1781950511 0 2642588 5045 10006 582 10006 1445 10006 1174 10006 5608 10006 6037 -1 
8153 1781950511 1781950511 0 2676962 1601 10006 172 10006 8937 10006 5392 10006 6336 10005 7977 -1 
8162 1781950511 1781950511 0 2675832 1319 10006 9124 10006 3159 10006 1169 10006 5392 10006 2821 -1 
8201 1781950511 1781950511 0 2675677 775 10006 6139 10006 1107 10006 677 10006 9737 10006 3454 -1 
8206 1781950511 1781950511 0 2676725 9278 10006 3174 10006 1203 10006 1416 10006 9693 10006 8160 -1 
8248 1781950511 1781950511 0 2639723 1100 10032 5333 10032 340 10032 4338 10032 8528 10032 2825 -1 
8249 1781950511 1781950511 0 2678232 3064 10006 4309 10006 8980 10006 331 10006 9693 10006 9335 -1 
8261 1781950511 1781950511 0 2677039 381 10006 648 10006 6398 10012 1147 10012 6121 10006 6269 -1 
8285 1781950511 1781950511 0 2676564 912 10006 4068 10006 3776 10006 630 10006 9737 10006 1551 -1 
8302 1781950511 1781950511 0 2673167 6996 10006 4520 10006 3814 10006 6698 10006 3563 10006 5166 -1 
8334 1781950511 1781950511 0 2674049 2114 10006 1385 10006 632 10006 2013 10114 5524 10114 813 -1 
8529 1781950511 1781950511 0 2677868 5174 10006 5346 10006 9494 10006 3460 10006 9408 10006 6636 -1 
8551 1781950511 1781950511 0 2664704 3064 10032 8517 10032 4756 10032 5750 10032 4627 10237 6381 -1 
8593 1781950511 1781950511 0 2670713 5384 10005 2855 10005 1727 10005 1727 10005 4240 10005 2515 -1 
8644 1781950511 1781950511 0 2678194 8461 10278 548 10447 548 10050 163 10092 9927 10032 51 -1 
8666 1781950511 1781950511 0 2675761 3243 10204 4023 10006 4068 10006 5932 10006 331 10006 8226 -1 
8733 1781950511 1781950511 0 2677038 3458 10006 172 10006 5517 10006 7397 10006 5633 10006 5030 -1 
8738 1781950511 1781950511 0 2674122 5295 10006 7297 10006 7079 10006 3181 10006 1440 10006 6518 -1 
8739 1781950511 1781950511 0 2675867 9546 10006 6608 10006 9331 10006 5392 10006 13 10006 6038 -1 
8806 1781950511 1781950511 0 2667409 2893 10019 901 10019 2146 10019 921 10019 9069 10019 2266 -1 
8826 1781950511 1781950511 0 2677896 8180 10006 331 10006 3174 10006 9693 10006 7977 10005 4835 -1 
8833 1781950511 1781950511 0 2678234 3469 10006 9011 10006 3580 10006 4063 10006 1203 10005 891 -1 
8858 1781950511 1781950511 0 2678163 1226 10006 5346 10006 1677 10006 9408 10006 4355 10006 912 -1 
8874 1781950511 1781950511 0 2672191 96 10006 1514 10006 8252 10006 4630 10006 5392 10006 7 -1 
8877 1781950511 1781950511 0 2678163 4679 10006 5683 10006 9408 10006 3429 10006 8937 10006 912 -1 
8911 1781950511 1781950511 0 2674196 4679 10006 9335 10006 6269 10006 3181 10006 5197 10006 7226 -1 
8948 1781950511 1781950511 0 2670311 6542 10032 9454 10032 9847 10032 4625 10032 8528 10032 3861 -1 
8953 1781950511 1781950511 0 2678297 2858 10006 5416 10006 331 10006 9408 10006 7140 10006 7512 -1 
8975 1781950511 1781950511 0 2676409 3922 10006 5776 10006 3839 10006 5392 10006 3796 10006 4827 -1 
6118 1781950511 1781950511 0 2678196 4631 10005 4631 10005 955 10005 955 10005 144 10005 2437 10763 -1 
7511 1781950511 1781950511 0 2676347 2266 10162 1893 10235 1893 10590 2491 10092 1238 10092 1237 10214 -1 
8660 1781950511 1781950511 0 2677311 5294 10032 8264 10174 9603 10110 9603 10050 6002 10110 192 10872 -1 
6041 1781950511 1781950511 0 2677898 9345 10032 8000 10032 9998 10032 2206 10032 4108 10032 7426 10032 9104 -1 
6159 1781950511 1781950511 0 2678297 4990 10005 7099 10005 1053 10005 902 10005 6050 10006 7943 10006 7512 -1 
6316 1781950511 1781950511 0 2677880 16 10012 4514 10012 8187 10006 630 10006 3174 10006 6069 10006 9304 -1 
6421 1781950511 1781950511 0 2678337 7821 10032 2211 10032 412 10032 505 10032 8931 10032 9104 10032 1955 -1 
6525 1781950511 1781950511 0 2670994 6805 10006 9122 10006 5776 10006 7795 10006 3047 10006 3119 10006 5082 -1 
6601 1781950511 1781950511 0 2678350 9122 10006 6069 10006 1446 10006 3174 10006 8160 10006 9408 10006 9011 -1 
6619 1781950511 1781950511 0 2673751 6185 10006 4156 10006 1204 10006 3174 10006 5633 10006 4679 10006 1527 -1 
6620 1781950511 1781950511 0 2678089 859 10053 6160 10054 595 10345 7932 10237 3857 10032 4945 10032 9927 -1 
6642 1781950511 1781950511 0 2677433 4485 10006 6201 10006 6091 10006 7431 10006 9956 10006 5392 10006 4049 -1 
6697 1781950511 1781950511 0 2678163 8400 10005 4835 10005 5932 10006 5334 10006 7977 10006 9408 10006 912 -1 
6708 1781950511 1781950511 0 2677825 4536 10032 8528 10032 761 10032 8008 10032 1541 10032 1661 10032 1486 -1 
6722 1781950511 1781950511 0 2678232 29 10228 1083 10006 9835 10006 13 10006 7977 10006 7140 10006 9335 -1 
6737 1781950511 1781950511 0 2676622 6228 10053 6722 10053 5768 10053 5768 10053 3170 10054 3170 10054 8162 -1 
6812 1781950511 1781950511 0 2677430 4314 10006 9526 10006 355 10006 5718 10006 2970 10006 2299 10006 8937 -1 
6815 1781950511 1781950511 0 2675671 3975 10006 3094 10006 3816 10006 6311 10006 1445 10006 13 10006 9737 -1 
6851 1781950511 1781950511 0 2678371 5746 10006 5902 10006 2970 10006 477 10006 9335 10006 9408 10006 4556 -1 
7050 1781950511 1781950511 0 2674616 8644 10006 632 10006 630 10006 7327 10006 317 10006 5082 10006 3776 -1 
7057 1781950511 1781950511 0 2677898 7921 10032 9802 10032 6066 10032 3733 10032 8886 10032 7546 10032 9104 -1 
7059 1781950511 1781950511 0 2672715 6610 10032 9216 10032 7135 10032 2211 10032 8931 10032 9760 10032 889 -1 
7078 1781950511 1781950511 0 2677055 331 10006 240 10006 1677 10006 8029 10006 836 10006 13 10006 413 -1 
7212 1781950511 1781950511 0 2677261 4976 10006 5599 10006 4679 10006 9304 10006 912 10006 1416 10006 1679 -1 
7246 1781950511 1781950511 0 2678350 8542 10006 317 10006 1912 10012 4852 10012 6121 10006 7140 10006 9011 -1 
7395 1781950511 1781950511 0 2678261 7025 10016 2641 10016 1839 10016 9916 10016 9720 10016 7939 10016 7939 -1 
7480 1781950511 1781950511 0 2678234 4720 10006 1628 10006 4156 10006 4156 10006 5166 10006 1203 10005 891 -1 
7487 1781950511 1781950511 0 2678350 7200 10006 582 10006 4408 10006 1445 10006 9610 10006 9408 10006 9011 -1 
7686 1781950511 1781950511 0 2669100 2265 10019 9099 10019 6005 10006 331 10006 796 10006 796 10006 9331 -1 
7713 1781950511 1781950511 0 2677896 6758 10006 9510 10006 7795 10006 1445 10006 9693 10006 1203 10005 4835 -1 
7805 1781950511 1781950511 0 2675428 559 10032 6827 10032 5294 10032 833 10032 8134 10032 1527 10006 4638 -1 
7923 1781950511 1781950511 0 2676534 1132 10006 13 10006 1203 10006 5718 10006 5718 10006 2299 10006 3205 -1 
7924 1781950511 1781950511 0 2678261 1824 10019 975 10019 2380 10019 9069 10019 9927 10016 7939 10016 7939 -1 
8034 1781950511 1781950511 0 2678234 7144 10005 955 10005 1940 10005 955 10005 1727 10005 144 10005 891 -1 
8561 1781950511 1781950511 0 2676445 8339 10032 6770 10032 8702 10032 3795 10032 7904 10032 1661 10032 823 -1 
8725 1781950511 1781950511 0 2676534 1675 10006 3265 10006 4679 10006 1204 10006 13 10006 9693 10006 3205 -1 
8730 1781950511 1781950511 0 2676929 903 10006 630 10006 5776 10006 7795 10006 7795 10006 2299 10006 7396 -1 
8894 1781950511 1781950511 0 2678034 677 10006 630 10006 7943 10006 1448 10006 6341 10006 240 10006 9033 -1 
8963 1781950511 1781950511 0 2676495 4906 10005 8818 10006 1445 10006 240 10006 788 10006 5392 10006 6937 -1 
8994 1781950511 1781950511 0 2677866 980 10032 717 10032 1892 10032 157 10114 3180 10006 9408 10006 9546 -1 
7364 1781950511 1781950511 0 2678337 10032 6766 10032 9902 10032 2574 10032 8702 10032 6512 10032 6203 10032 1955 -1 
8424 1781950511 1781950511 0 2674940 6243 10005 4631 10005 1053 10005 955 10005 7144 10005 9510 10006 3181 10109 -1 
8956 1781950511 1781950511 0 2678261 7182 10016 9258 10016 1002 10016 9720 10016 9916 10016 9720 10016 7939 10016 -1 
6011 1781950511 1781950511 0 2676512 3181 10006 240 10006 4063 10006 4828 10006 3119 10006 9331 10006 13 10006 6340 -1 
6102 1781950511 1781950511 0 2678068 1884 10006 2774 10006 5836 10006 431 10006 13 10006 3776 10006 9408 10006 1022 -1 
6131 1781950511 1781950511 0 2678018 6996 10029 1934 10016 5547 10016 766 10016 5368 10016 1839 10016 9720 10016 4677 -1 
6223 1781950511 1781950511 0 2678076 3765 10118 4832 10118 2539 10118 1574 10118 5846 10118 213 10315 7957 10315 7957 -1 
6241 1781950511 1781950511 0 2678034 8514 10006 5914 10006 1169 10006 4345 10006 6069 10006 3119 10006 3174 10006 9033 -1 
6302 1781950511 1781950511 0 2678371 703 10006 836 10006 1385 10006 9304 10006 5392 10006 3174 10006 9408 10006 4556 -1 
6347 1781950511 1781950511 0 2677703 4300 10109 3181 10006 8187 10012 16 10012 8818 10006 4904 10006 9408 10006 4973 -1 
6502 1781950511 1781950511 0 2677512 8342 10032 9773 10032 6320 10032 9925 10032 823 10032 8008 10032 7426 10032 6203 -1 
6542 1781950511 1781950511 0 2678068 355 10006 3826 10006 8437 10006 6264 10006 5082 10006 5392 10006 1385 10006 1022 -1 
6654 1781950511 1781950511 0 2676445 8045 10032 555 10032 823 10032 3364 10154 5701 10064 1527 10032 8931 10032 823 -1 
6917 1781950511 1781950511 0 2672807 2850 10006 2970 10006 1445 10006 5174 10006 836 10006 3174 10006 730 10034 5662 -1 
7023 1781950511 1781950511 0 2678018 6105 10032 3858 10032 4608 10032 823 10032 9927 10016 766 10016 9720 10016 4677 -1 
7227 1781950511 1781950511 0 2677848 3729 10032 6067 10032 5035 10032 4639 10032 2557 10032 1252 10054 3170 10054 1156 -1 
7355 1781950511 1781950511 0 2677319 8013 10006 4574 10006 1183 10006 7795 10006 9033 10006 3814 10006 370 10006 8524 -1 
7407 1781950511 1781950511 0 2677477 6382 10029 5635 10029 9949 10006 355 10006 735 10006 3174 10006 1203 10006 956 -1 
7516 1781950511 1781950511 0 2677478 1445 10006 9278 10006 4406 10006 4833 10006 5563 10006 3174 10006 8160 10006 9422 -1 
7962 1781950511 1781950511 0 2678297 916 10006 1601 10006 6136 10006 4827 10006 4985 10006 735 10006 9335 10006 7512 -1 
8128 1781950511 1781950511 0 2678188 2544 10006 1332 10006 8315 10006 4679 10006 44 10006 9693 10006 647 10006 7943 -1 
8183 1781950511 1781950511 0 2678350 1203 10006 4309 10006 5836 10006 1332 10006 6632 10006 7396 10006 9408 10006 9011 -1 
8337 1781950511 1781950511 0 2678188 3064 10006 1226 10006 4720 10006 796 10006 5392 10006 647 10006 912 10006 7943 -1 
8392 1781950511 1781950511 0 2677848 6700 10032 336 10032 1188 10054 6160 10054 5824 10054 3612 10054 3170 10054 1156 -1 
8721 1781950511 1781950511 0 2678068 3812 10006 5082 10006 1649 10006 2970 10006 1385 10006 9408 10006 1169 10006 1022 -1 
6360 1781950511 1781950511 0 2676726 745 10006 4063 10006 6773 10006 7971 10006 2081 10006 4314 10006 6632 10006 6121 10012 -1 
8061 1781950511 1781950511 0 2677816 2393 10369 1123 10369 1123 10369 2393 10369 1123 10369 2393 10369 2393 10369 2393 10369 -1 
6221 1781950511 1781950511 0 2660874 7291 10255 7291 10255 9795 10255 9795 10255 7291 10255 894 10255 894 10255 6144 10255 7291 -1 
6251 1781950511 1781950511 0 2678163 4371 10006 6069 10006 351 10006 582 10006 796 10006 5644 10006 4246 10006 9408 10006 912 -1 
6964 1781950511 1781950511 0 2677882 5894 10006 436 10006 3346 10006 5017 10006 4063 10006 6341 10006 1027 10006 240 10006 7140 -1 
7381 1781950511 1781950511 0 2677866 5174 10006 7072 10006 355 10006 4556 10006 4314 10006 6339 10006 608 10006 5392 10006 240 10006 9546 -1 
603 1781950511 1781950511 1 2567620 10279 7994 -1 
399 1781950511 1781950511 1 1995513 990 10115 6863 -1 
1427 1781950511 1781950511 1 2242286 1690 10407 8987 -1 
2995 1781950511 1781950511 1 2677556 3950 10069 8029 -1 
2191 1781950511 1781950511 1 2677860 3117 10002 7391 10176 -1 
491 1781950511 1781950511 1 2637157 1471 10289 5820 10289 3900 -1 
730 1781950511 1781950511 1 2500171 2378 10070 4390 10325 7794 -1 
2723 1781950511 1781950511 1 2677556 4136 10069 3950 10069 8029 -1 
2693 1781950511 1781950511 1 2674055 9730 10091 7150 10673 7150 10645 -1 
1514 1781950511 1781950511 1 2677556 383 10069 2487 10069 4475 10069 8029 -1 
1559 1781950511 1781950511 1 2661712 692 10070 974 10070 2490 10059 8040 -1 
2687 1781950511 1781950511 1 2661307 6299 10107 8506 10107 5495 10107 1321 -1 
264 1781950511 1781950511 1 2677556 10069 8745 10069 3950 10069 6540 10069 8029 -1 
809 1781950511 1781950511 1 2677556 8477 10107 5370 10107 4136 10069 5057 10069 8029 -1 
2869 1781950511 1781950511 1 2671045 6331 10142 1379 10142 6244 10142 6244 10142 8951 -1 
1910 1781950511 1781950511 1 2677860 8326 10002 3888 10002 2118 10002 46 10002 2398 10002 7391 10176 -1 
3175 1781950511 1781950511 1 2674706 5387 10090 3485 -1 
3984 1781950511 1781950511 1 2675862 5976 10072 586 -1 
4476 1781950511 1781950511 1 2550080 8170 10000 8487 -1 
4532 1781950511 1781950511 1 2121594 2392 10210 9521 -1 
4664 1781950511 1781950511 1 1789643 4016 10390 9543 -1 
4692 1781950511 1781950511 1 2459515 2372 10233 1824 -1 
5196 1781950511 1781950511 1 2665748 1468 10063 2217 -1 
5270 1781950511 1781950511 1 2570936 7775 10668 1701 -1 
5350 1781950511 1781950511 1 2327956 7840 10121 9821 -1 
5424 1781950511 1781950511 1 2670068 1996 10007 542 -1 
5530 1781950511 1781950511 1 2649859 4842 10026 2054 -1 
4744 1781950511 1781950511 1 2673967 2581 10599 6425 10149 -1 
3018 1781950511 1781950511 1 2552578 7736 10072 9959 10072 5476 -1 
3139 1781950511 1781950511 1 2604515 7914 10910 7129 10540 5373 -1 
3475 1781950511 1781950511 1 2677886 2133 10072 119 10072 2666 -1 
3603 1781950511 1781950511 1 2662760 8969 10015 135 10015 3925 -1 
4300 1781950511 1781950511 1 2675757 1700 10111 9963 10111 2765 -1 
4426 1781950511 1781950511 1 2604515 3246 10910 7129 10540 5373 -1 
4610 1781950511 1781950511 1 2672227 5203 10130 233 10210 1458 -1 
4980 1781950511 1781950511 1 2648646 5868 10555 101 10493 167 -1 
5090 1781950511 1781950511 1 2668607 8286 10461 5203 10183 4158 -1 
5160 1781950511 1781950511 1 2604941 1573 10737 9621 10737 957 -1 
5209 1781950511 1781950511 1 2669425 7411 10430 101 10803 4097 -1 
5277 1781950511 1781950511 1 2651894 9184 10015 150 10015 2833 -1 
5759 1781950511 1781950511 1 2678378 9251 10129 6589 10129 1071 -1 
5878 1781950511 1781950511 1 2655224 3813 10413 4885 10801 7109 -1 
3452 1781950511 1781950511 1 2658434 10004 2405 10004 2405 10004 348 -1 
4226 1781950511 1781950511 1 2673147 8565 10774 3898 10774 3294 10439 -1 
5248 1781950511 1781950511 1 2652810 5025 10063 9983 10063 7198 10898 -1 
3386 1781950511 1781950511 1 2603364 4334 10047 150 10015 0 10000 8194 -1 
3409 1781950511 1781950511 1 2562654 4201 10015 135 10015 150 10047 2403 -1 
3575 1781950511 1781950511 1 2678378 5739 10129 3172 10129 2788 10129 1071 -1 
4158 1781950511 1781950511 1 2551454 5467 10072 119 10072 4220 10072 6653 -1 
4201 1781950511 1781950511 1 2663279 8708 10234 2136 10234 599 10234 7524 -1 
5112 1781950511 1781950511 1 2675229 9766 10072 119 10072 119 10072 1903 -1 
5317 1781950511 1781950511 1 2675862 7866 10025 1895 10072 364 10072 586 -1 
3253 1781950511 1781950511 1 2677886 344 10072 119 10072 307 10072 119 10072 2666 -1 
3498 1781950511 1781950511 1 2674673 5670 10371 101 10428 3322 10428 7547 10428 9952 -1 
4187 1781950511 1781950511 1 2668607 5402 10175 6325 10183 4429 10175 7211 10183 4158 -1 
4209 1781950511 1781950511 1 2659261 1393 10599 3948 10599 2852 10121 3572 10121 9257 -1 
4615 1781950511 1781950511 1 2675757 1935 10253 493 10111 9963 10111 9963 10111 2765 -1 
5288 1781950511 1781950511 1 2652871 7193 10015 1090 10015 150 10047 150 10047 2161 -1 
5392 1781950511 1781950511 1 2652871 9488 10090 4021 10090 9972 10015 150 10047 2161 -1 
5943 1781950511 1781950511 1 2675229 8964 10072 119 10072 7580 10072 119 10072 1903 -1 
3052 1781950511 1781950511 1 2674673 10270 4569 10722 3901 10301 101 10428 7547 10428 9952 -1 
4279 1781950511 1781950511 1 2664177 4473 10063 6957 10063 9389 10063 9983 10063 5979 10063 6660 -1 
4354 1781950511 1781950511 1 2673676 855 10010 1383 10010 5324 10010 7569 10010 6933 10227 505 -1 
4569 1781950511 1781950511 1 2665786 2625 10026 8268 10026 344 10072 6897 10072 119 10072 3926 -1 
4807 1781950511 1781950511 1 2677886 4599 10270 7196 10072 119 10072 119 10072 119 10072 2666 -1 
10103 1781950511 1781950511 1 2676737 6057 10690 -1 
11122 1781950511 1781950511 1 2426288 10294 6076 -1 
11390 1781950511 1781950511 1 2634744 10812 7972 -1 
9150 1781950511 1781950511 1 2669185 1472 10033 3332 -1 
9497 1781950511 1781950511 1 2645521 7076 10031 157 -1 
10152 1781950511 1781950511 1 2485455 7029 10033 9484 -1 
10665 1781950511 1781950511 1 2660057 5091 10146 3962 -1 
11678 1781950511 1781950511 1 2655081 7697 10104 7598 -1 
11942 1781950511 1781950511 1 2674618 8622 10718 3371 -1 
9977 1781950511 1781950511 1 2662570 9679 10153 8681 10715 -1 
10274 1781950511 1781950511 1 2678317 8598 10031 4412 10092 -1 
9386 1781950511 1781950511 1 2660514 5543 10052 5829 10052 8693 -1 
9538 1781950511 1781950511 1 2347789 5090 10078 127 10078 8429 -1 
9655 1781950511 1781950511 1 2663195 7706 10104 3316 10033 9062 -1 
9762 1781950511 1781950511 1 2667711 9659 10031 954 10031 1597 -1 
9874 1781950511 1781950511 1 2617938 4480 10637 2170 10637 1681 -1 
10087 1781950511 1781950511 1 2615196 6965 10085 8388 10085 4406 -1 
10127 1781950511 1781950511 1 2646726 4621 10030 4391 10030 2043 -1 
10438 1781950511 1781950511 1 2661388 9150 10031 9942 10031 6300 -1 
10659 1781950511 1781950511 1 2674946 8203 10038 6273 10038 9931 -1 
10804 1781950511 1781950511 1 2615196 5982 10085 3596 10085 4406 -1 
10847 1781950511 1781950511 1 2563000 5073 10051 6931 10051 9873 -1 
10924 1781950511 1781950511 1 2665125 9432 10148 554 10031 7039 -1 
11257 1781950511 1781950511 1 2643643 7365 10052 964 10052 2445 -1 
11699 1781950511 1781950511 1 2643643 2542 10052 5543 10052 2445 -1 
11753 1781950511 1781950511 1 2650720 770 10087 237 10087 3953 -1 
11982 1781950511 1781950511 1 2663195 3299 10031 8075 10033 9062 -1 
9672 1781950511 1781950511 1 2637661 10417 7161 10031 2127 10031 7617 -1 
10166 1781950511 1781950511 1 2677088 5766 10033 8091 10033 5243 10398 -1 
10454 1781950511 1781950511 1 2657873 10546 8430 10865 8430 10865 5701 -1 
10511 1781950511 1781950511 1 2677387 1705 10158 2488 10158 442 10029 -1 
9255 1781950511 1781950511 1 2674946 1761 10417 7161 10231 1290 10038 9931 -1 
9792 1781950511 1781950511 1 2650720 2732 10087 152 10087 152 10087 3953 -1 
9885 1781950511 1781950511 1 2658540 152 10087 6630 10087 152 10087 5225 -1 
9933 1781950511 1781950511 1 2663022 5365 10001 2879 10180 5171 10180 8200 -1 
10002 1781950511 1781950511 1 2655081 5253 10104 7091 10104 7625 10104 7598 -1 
10307 1781950511 1781950511 1 2670459 6817 10152 1760 10152 9160 10152 1233 -1 
10537 1781950511 1781950511 1 2636950 3787 10051 1886 10051 6296 10051 8016 -1 
10717 1781950511 1781950511 1 2633537 6891 10148 771 10038 8610 10038 7884 -1 
10764 1781950511 1781950511 1 2664748 2566 10153 9679 10153 9679 10153 3529 -1 
10779 1781950511 1781950511 1 2482590 2301 10031 8259 10031 7859 10031 9512 -1 
11174 1781950511 1781950511 1 2663022 4826 10180 5171 10180 6424 10180 8200 -1 
9188 1781950511 1781950511 1 2658540 10126 3540 10087 8248 10087 237 10087 5225 -1 
10210 1781950511 1781950511 1 2677461 6223 10151 8896 10151 8896 10151 6413 10154 -1 
11787 1781950511 1781950511 1 2677913 7514 10031 1615 10031 6914 10031 9991 10264 -1 
11816 1781950511 1781950511 1 2675134 4581 10625 2748 10625 4581 10625 2912 10084 -1 
9756 1781950511 1781950511 1 2672931 9271 10356 5403 10356 964 10105 2912 10038 8652 -1 
10440 1781950511 1781950511 1 2650720 422 10126 7202 10126 1536 10391 4468 10087 3953 -1 
10525 1781950511 1781950511 1 2662048 8091 10148 554 10031 5189 10031 4922 10031 3133 -1 
11093 1781950511 1781950511 1 2677088 4612 10438 2543 10038 6509 10033 1490 10033 5243 10398 -1 
11216 1781950511 1781950511 1 2675134 278 10052 576 10052 9020 10625 4581 10625 2912 10084 -1 
10874 1781950511 1781950511 1 2671893 1215 10031 9204 10031 5256 10031 1964 10031 6064 10031 998 10031 3857 -1 
11457 1781950511 1781950511 1 2673888 3483 10127 772 10620 4829 10040 2543 10038 8088 10038 6358 10211 1286 -1 
9589 1781950511 1781950511 1 2671893 5314 10031 2174 10031 6914 10031 99 10031 9922 10031 4922 10031 554 10031 3857 -1 
403 1781950511 1781950511 1 2652994 5676 10049 9023 -1 
494 1781950511 1781950511 1 2584599 9214 10032 4693 -1 
1255 1781950511 1781950511 1 2672724 7520 10254 8683 -1 
1356 1781950511 1781950511 1 2666730 10953 1391 10204 -1 
1370 1781950511 1781950511 1 2665997 3585 10064 6588 -1 
1537 1781950511 1781950511 1 2677365 6603 10005 1203 -1 
2044 1781950511 1781950511 1 2665838 5241 10032 3285 -1 
2883 1781950511 1781950511 1 2611608 3800 10024 6188 -1 
1941 1781950511 1781950511 1 2665772 10942 8899 10114 5524 -1 
434 1781950511 1781950511 1 2643242 5430 10554 4027 10032 2197 -1 
984 1781950511 1781950511 1 2671373 8675 10107 4320 10032 447 -1 
1368 1781950511 1781950511 1 2655526 3691 10065 2486 10053 9252 -1 
1617 1781950511 1781950511 1 2675011 8085 10107 2355 10032 3156 -1 
623 1781950511 1781950511 1 2677858 1738 10486 1654 10486 3471 10125 4846 -1 
1080 1781950511 1781950511 1 2673904 8378 10748 8385 10632 8520 10032 6901 -1 
1324 1781950511 1781950511 1 2637295 7894 10338 9666 10338 2486 10053 5549 -1 
1343 1781950511 1781950511 1 2609898 6676 10332 6676 10332 3621 10406 3830 -1 
1398 1781950511 1781950511 1 2670583 3938 10544 2049 10544 8899 10235 6000 -1 
1763 1781950511 1781950511 1 2677858 1738 10486 1654 10486 3471 10125 4846 -1 
1040 1781950511 1781950511 1 2672724 1199 10062 2467 10596 2467 10903 8683 10254 -1 
2555 1781950511 1781950511 1 2677858 3160 10486 1654 10486 1654 10486 3471 10125 4846 -1 
345 1781950511 1781950511 1 2677858 1654 10486 5296 10486 3160 10486 3065 10486 3471 10125 4846 -1 
3255 1781950511 1781950511 1 1990145 9828 10032 6167 -1 
3295 1781950511 1781950511 1 2636391 6013 10204 1254 -1 
3297 1781950511 1781950511 1 2674308 3731 10261 3785 -1 
3327 1781950511 1781950511 1 2635637 9322 10032 350 -1 
3373 1781950511 1781950511 1 2665113 5819 10054 3230 -1 
3420 1781950511 1781950511 1 2660732 1080 10019 2496 -1 
3553 1781950511 1781950511 1 2672608 4194 10118 2539 -1 
4606 1781950511 1781950511 1 2674561 4324 10114 735 -1 
4700 1781950511 1781950511 1 2674308 121 10261 3785 -1 
4765 1781950511 1781950511 1 2565529 311 10487 2753 -1 
5300 1781950511 1781950511 1 2667707 1666 10016 1002 -1 
5914 1781950511 1781950511 1 2677376 7543 10032 9354 -1 
4431 1781950511 1781950511 1 2676678 10067 1037 10019 5155 -1 
4631 1781950511 1781950511 1 2678312 10411 9772 10116 192 -1 
5341 1781950511 1781950511 1 2671619 10647 7486 10032 1541 -1 
5419 1781950511 1781950511 1 2598371 10489 1266 10558 8753 -1 
3396 1781950511 1781950511 1 2659360 3315 10258 173 10401 7155 -1 
3547 1781950511 1781950511 1 2677003 3068 10184 433 10032 412 -1 
4008 1781950511 1781950511 1 2603383 9744 10370 2568 10032 769 -1 
4799 1781950511 1781950511 1 2656525 8213 10184 433 10032 4095 -1 
5436 1781950511 1781950511 1 2546999 2745 10621 2475 10050 2450 -1 
5470 1781950511 1781950511 1 2661718 4723 10143 6492 10029 9053 -1 
5595 1781950511 1781950511 1 2654382 8143 10090 7862 10032 845 -1 
5682 1781950511 1781950511 1 2674942 1278 10117 1561 10114 20 -1 
5776 1781950511 1781950511 1 2676445 1303 10666 7683 10032 823 -1 
5916 1781950511 1781950511 1 2656021 5754 10700 9980 10032 2874 -1 
3431 1781950511 1781950511 1 2678312 2745 10411 2475 10411 9772 10116 192 -1 
4562 1781950511 1781950511 1 2678194 5684 10090 7862 10090 7710 10032 51 -1 
4869 1781950511 1781950511 1 2587409 7440 10910 7487 10910 877 10380 6597 -1 
5176 1781950511 1781950511 1 2675199 5449 10531 1939 10531 5387 10006 141 -1 
5930 1781950511 1781950511 1 2651570 9330 10015 1090 10015 9972 10176 9957 -1 
3019 1781950511 1781950511 1 2678051 10456 2184 10025 3357 10057 6873 10114 4381 -1 
4960 1781950511 1781950511 1 2676165 10156 5051 10090 5708 10072 4705 10092 9316 -1 
3401 1781950511 1781950511 1 2675059 1939 10531 9842 10531 9842 10531 5387 10006 2233 -1 
3683 1781950511 1781950511 1 2678312 8170 10072 119 10072 9741 10411 9772 10116 192 -1 
4732 1781950511 1781950511 1 2678051 3967 10025 3357 10057 6480 10057 6873 10114 4381 -1 
4811 1781950511 1781950511 1 2666332 452 10096 1769 10096 4025 10150 4047 10032 4099 -1 
5031 1781950511 1781950511 1 2668873 9815 10015 150 10015 150 10015 5743 10092 213 -1 
5450 1781950511 1781950511 1 2671080 3567 10015 135 10044 2598 10044 4034 10019 6721 -1 
5461 1781950511 1781950511 1 2678051 5947 10057 8026 10057 3357 10057 6873 10114 4381 -1 
4792 1781950511 1781950511 1 2678051 10057 2779 10057 2779 10057 8026 10057 6873 10114 4381 -1 
4901 1781950511 1781950511 1 2675225 7265 10089 209 10089 5741 10089 1003 10247 163 10050 -1 
3036 1781950511 1781950511 1 2678251 5947 10057 443 10057 8026 10057 3357 10057 6873 10114 5119 -1 
3185 1781950511 1781950511 1 2678051 9708 10414 1328 10414 4315 10025 3357 10057 6873 10114 4381 -1 
4442 1781950511 1781950511 1 2678051 8965 10613 4213 10025 2671 10025 3357 10057 6873 10114 4381 -1 
5245 1781950511 1781950511 1 2678251 9912 10025 1428 10025 3357 10025 3357 10057 6873 10114 5119 -1 
5449 1781950511 1781950511 1 2678251 3169 10803 6903 10025 7031 10025 3357 10057 6873 10114 5119 -1 
5475 1781950511 1781950511 1 2678051 3164 10057 9599 10057 9387 10057 6480 10057 6873 10114 4381 -1 
5712 1781950511 1781950511 1 2663610 524 10161 3129 10357 8839 10642 8839 10537 5667 10050 9116 -1 
3940 1781950511 1781950511 1 2678051 1981 10057 4315 10057 3357 10025 3357 10025 3357 10057 6873 10114 4381 -1 
5975 1781950511 1781950511 1 2678051 3262 10861 4734 10310 5487 10310 9387 10057 6480 10057 6873 10114 4381 -1 
3204 1781950511 1781950511 1 2678251 5588 10164 9229 10161 9470 10405 2671 10057 3357 10057 6480 10057 6873 10114 5119 -1 
5862 1781950511 1781950511 1 2678251 9037 10161 7059 10161 40 10025 5945 10025 3357 10025 3357 10057 6873 10114 5119 -1 
4694 1781950511 1781950511 1 2678251 2092 10057 1895 10057 443 10025 1895 10057 880 10025 4897 10057 3357 10057 6480 10057 6873 10114 5119 -1 
9463 1781950511 1781950511 1 1862196 7485 10032 4077 -1 
9859 1781950511 1781950511 1 2673632 3293 10006 6339 -1 
9877 1781950511 1781950511 1 2677138 3149 10019 4403 -1 
9908 1781950511 1781950511 1 2620181 3824 10202 4007 -1 
10098 1781950511 1781950511 1 2340670 3767 10019 8447 -1 
10598 1781950511 1781950511 1 2613269 9758 10032 4496 -1 
10806 1781950511 1781950511 1 2445666 6771 10019 9808 -1 
10964 1781950511 1781950511 1 2664539 5991 10006 9949 -1 
11226 1781950511 1781950511 1 2598195 1163 10032 5003 -1 
11619 1781950511 1781950511 1 2671443 3168 10447 3969 -1 
11804 1781950511 1781950511 1 2642687 6771 10019 2023 -1 
11952 1781950511 1781950511 1 2093633 4890 10054 6274 -1 
11668 1781950511 1781950511 1 2645392 1370 10443 5701 10883 -1 
9028 1781950511 1781950511 1 2664704 2720 10449 7608 10237 6381 -1 
9051 1781950511 1781950511 1 2676085 1555 10153 9550 10005 5400 -1 
10026 1781950511 1781950511 1 2675893 5700 10036 2997 10154 1650 -1 
10142 1781950511 1781950511 1 2618622 2279 10660 5828 10024 5207 -1 
10773 1781950511 1781950511 1 2677376 4774 10038 1235 10032 9354 -1 
10828 1781950511 1781950511 1 2609529 9813 10665 4898 10825 6635 -1 
11138 1781950511 1781950511 1 2662800 5988 10056 7690 10092 2209 -1 
11429 1781950511 1781950511 1 2643218 2722 10055 9749 10019 6129 -1 
11645 1781950511 1781950511 1 2660732 8900 10530 9371 10019 2496 -1 
11747 1781950511 1781950511 1 2666888 6932 10052 3952 10016 9990 -1 
9014 1781950511 1781950511 1 2678297 10772 6734 10134 3293 10006 7512 -1 
9966 1781950511 1781950511 1 2677259 10030 4100 10211 3582 10016 7583 -1 
10778 1781950511 1781950511 1 2677434 10231 964 10052 6169 10154 519 -1 
9119 1781950511 1781950511 1 2630971 8952 10038 1762 10038 7420 10005 7497 -1 
9135 1781950511 1781950511 1 2671805 3422 10033 5993 10033 4294 10006 3469 -1 
9295 1781950511 1781950511 1 2677138 5978 10530 8900 10530 9371 10019 4403 -1 
9343 1781950511 1781950511 1 2503488 5892 10158 5099 10158 9445 10032 2767 -1 
9897 1781950511 1781950511 1 2676788 9876 10040 1538 10033 6771 10019 268 -1 
9928 1781950511 1781950511 1 2672113 9020 10625 2748 10625 2912 10092 5798 -1 
10060 1781950511 1781950511 1 2675690 2402 10211 5190 10211 3582 10016 766 -1 
10589 1781950511 1781950511 1 2666826 665 10003 6743 10003 9937 10006 5563 -1 
10833 1781950511 1781950511 1 2668820 4395 10426 2469 10195 6241 10109 260 -1 
10856 1781950511 1781950511 1 2674772 2131 10031 5800 10031 6829 10012 4852 -1 
11644 1781950511 1781950511 1 2638408 6226 10272 1171 10231 490 10005 1398 -1 
11742 1781950511 1781950511 1 2678371 6071 10038 831 10038 9210 10006 4556 -1 
10206 1781950511 1781950511 1 2677848 1406 10033 6346 10033 60 10078 1156 10054 -1 
10504 1781950511 1781950511 1 2677848 6192 10036 8859 10078 6487 10078 1156 10054 -1 
10541 1781950511 1781950511 1 2677311 8932 10545 8932 10545 8483 10545 192 10872 -1 
10762 1781950511 1781950511 1 2677848 3619 10231 1587 10033 9701 10033 1156 10054 -1 
11423 1781950511 1781950511 1 2670400 10105 964 10052 4560 10052 6169 10154 1414 -1 
9080 1781950511 1781950511 1 2673545 6304 10052 1915 10038 9848 10038 7708 10016 2672 -1 
9800 1781950511 1781950511 1 2671715 5928 10051 5892 10158 4505 10158 4843 10034 6524 -1 
9829 1781950511 1781950511 1 2672509 9743 10033 231 10033 8431 10033 9813 10019 3633 -1 
9903 1781950511 1781950511 1 2674712 3604 10356 5721 10268 5814 10268 1059 10092 8869 -1 
10494 1781950511 1781950511 1 2672146 6934 10031 554 10148 1643 10148 5638 10005 1973 -1 
10795 1781950511 1781950511 1 2678018 9157 10652 9879 10652 7270 10652 723 10016 4677 -1 
11258 1781950511 1781950511 1 2678297 2520 10148 554 10031 9942 10031 74 10006 7512 -1 
11347 1781950511 1781950511 1 2678261 9879 10652 2409 10652 9879 10652 723 10016 7939 -1 
11854 1781950511 1781950511 1 2678089 5172 10036 1200 10036 3057 10036 253 10032 9927 -1 
11933 1781950511 1781950511 1 2670731 3487 10625 6077 10625 5663 10625 2912 10397 8842 -1 
9846 1781950511 1781950511 1 2670020 10665 4898 10665 8056 10567 7694 10567 7680 10154 6696 -1 
11525 1781950511 1781950511 1 2670896 8699 10344 1028 10344 4342 10344 4342 10344 483 10552 -1 
11553 1781950511 1781950511 1 2678159 8043 10561 7576 10561 7576 10561 7576 10561 4972 10108 -1 
11728 1781950511 1781950511 1 2672807 10764 9644 10764 9644 10158 922 10158 4843 10034 5662 -1 
9327 1781950511 1781950511 1 2676749 2368 10052 5592 10052 9986 10052 1118 10052 5777 10029 6121 -1 
9512 1781950511 1781950511 1 2678089 1356 10036 4218 10036 4609 10036 2876 10036 253 10032 9927 -1 
10636 1781950511 1781950511 1 2650129 275 10138 5160 10138 9340 10138 654 10138 1063 10016 7182 -1 
10903 1781950511 1781950511 1 2678261 6108 10652 6108 10652 7270 10652 9879 10652 723 10016 7939 -1 
11262 1781950511 1781950511 1 2678297 5222 10031 529 10038 128 10038 5625 10038 74 10006 7512 -1 
11468 1781950511 1781950511 1 2678350 3063 10134 5479 10134 5181 10134 3293 10134 3293 10006 9011 -1 
9723 1781950511 1781950511 1 2678018 9879 10652 7270 10652 7270 10652 7270 10652 9879 10652 723 10016 4677 -1 
10095 1781950511 1781950511 1 2675741 7859 10031 998 10031 554 10148 5161 10148 554 10148 5638 10005 6243 -1 
11256 1781950511 1781950511 1 2676548 7271 10152 5232 10152 9160 10152 5232 10152 8114 10152 4132 10092 163 -1 
11940 1781950511 1781950511 1 2678261 7270 10652 7270 10652 9879 10652 9879 10652 9879 10652 723 10016 7939 -1 
11438 1781950511 1781950511 1 2670583 1406 10033 1678 10033 3777 10033 3306 10033 4425 10136 7908 10268 6000 10235 -1 
9365 1781950511 1781950511 1 2678371 5865 10033 9914 10033 1490 10033 8431 10033 9270 10031 74 10038 74 10006 4556 -1 
11566 1781950511 1781950511 1 2674257 4925 10031 9071 10031 2174 10031 1721 10031 5188 10031 529 10031 9995 10406 3910 -1 
11513 1781950511 1781950511 1 2676548 8155 10134 6120 10134 9791 10134 2464 10231 964 10052 5543 10052 8808 10052 2912 10092 163 -1 
98 1781950511 1781950511 1 2669118 10783 2350 10054 4966 -1 
994 1781950511 1781950511 1 2677302 10653 7366 10345 579 -1 
1404 1781950511 1781950511 1 2678337 4206 10024 1955 10032 -1 
1749 1781950511 1781950511 1 2647698 6643 10219 1322 10219 -1 
1940 1781950511 1781950511 1 2676548 10973 5028 10092 163 -1 
1240 1781950511 1781950511 1 2569926 6672 10318 4102 10024 3013 -1 
2570 1781950511 1781950511 1 2672025 879 10060 6715 10791 4401 -1 
2452 1781950511 1781950511 1 2672025 9313 10060 7906 10060 6715 10791 4401 -1 
3002 1781950511 1781950511 1 2655029 10829 655 10084 2491 -1 
3214 1781950511 1781950511 1 2678261 1595 10016 7939 10016 -1 
3561 1781950511 1781950511 1 2658052 5898 10162 3969 10232 -1 
4576 1781950511 1781950511 1 2643279 10630 4619 10785 4619 -1 
4759 1781950511 1781950511 1 2594209 10490 7225 10054 5106 -1 
5879 1781950511 1781950511 1 2672509 10413 8369 10019 3633 -1 
3287 1781950511 1781950511 1 2600667 6219 10072 1237 10053 4308 -1 
3502 1781950511 1781950511 1 2382675 423 10089 4317 10690 4317 -1 
3659 1781950511 1781950511 1 2666017 4510 10075 670 10256 3856 -1 
3688 1781950511 1781950511 1 2676075 1669 10072 9883 10092 3372 -1 
4867 1781950511 1781950511 1 2668157 9360 10562 3989 10100 2709 -1 
5016 1781950511 1781950511 1 2663716 8718 10320 9345 10005 9567 -1 
5534 1781950511 1781950511 1 2471970 9159 10072 2535 10118 5444 -1 
5769 1781950511 1781950511 1 2656528 7171 10555 9824 10054 4471 -1 
5955 1781950511 1781950511 1 2676075 1669 10072 9883 10092 3372 -1 
5997 1781950511 1781950511 1 2676283 9766 10072 1787 10176 487 -1 
3651 1781950511 1781950511 1 2672532 8170 10562 170 10243 3872 10131 -1 
4009 1781950511 1781950511 1 2675800 10807 5474 10157 4695 10054 5824 -1 
4418 1781950511 1781950511 1 2659001 3314 10647 5764 10176 3969 10286 -1 
4768 1781950511 1781950511 1 2678051 10566 101 10244 20 10114 4381 -1 
3612 1781950511 1781950511 1 2675035 646 10090 3527 10037 251 10006 903 -1 
3863 1781950511 1781950511 1 2636156 1134 10000 0 10000 8678 10235 1312 -1 
4050 1781950511 1781950511 1 2672608 6457 10072 364 10072 2535 10118 2539 -1 
4396 1781950511 1781950511 1 2566109 344 10072 8668 10072 8678 10252 1568 -1 
4482 1781950511 1781950511 1 2674382 7159 10072 1575 10072 37 10315 6830 -1 
4962 1781950511 1781950511 1 2675719 6119 10007 5995 10007 542 10054 4533 -1 
5446 1781950511 1781950511 1 2678267 3490 10724 547 10007 2197 10032 175 -1 
4062 1781950511 1781950511 1 2678168 10265 7203 10238 5899 10072 9883 10092 478 -1 
5219 1781950511 1781950511 1 2670896 10168 4440 10379 4209 10168 483 10552 483 -1 
3215 1781950511 1781950511 1 2670311 5974 10004 2405 10004 2405 10004 6003 10032 3861 -1 
4820 1781950511 1781950511 1 2677409 1201 10004 2405 10004 9486 10647 9797 10054 3170 -1 
9576 1781950511 1781950511 1 2650470 10927 8854 10239 3132 -1 
11324 1781950511 1781950511 1 2652388 9281 10239 618 10239 -1 
11969 1781950511 1781950511 1 2676077 5913 10019 7376 10538 -1 
11987 1781950511 1781950511 1 2624175 10837 1104 10024 419 -1 
9062 1781950511 1781950511 1 2651640 6317 10036 8824 10088 2768 -1 
10247 1781950511 1781950511 1 2668420 10356 3865 10054 8712 10178 -1 
11097 1781950511 1781950511 1 2671539 2281 10412 542 10054 9797 -1 
11129 1781950511 1781950511 1 2667897 8439 10033 1237 10092 8266 -1 
9187 1781950511 1781950511 1 2676347 6242 10152 9339 10092 1237 10214 -1 
9243 1781950511 1781950511 1 2678261 7344 10652 723 10016 7939 10016 -1 
9457 1781950511 1781950511 1 2678315 2439 10694 5897 10264 914 10315 -1 
9551 1781950511 1781950511 1 2637323 10284 772 10284 7817 10092 2903 -1 
10117 1781950511 1781950511 1 2677523 10868 6667 10033 9927 10092 3034 -1 
9230 1781950511 1781950511 1 2645652 8714 10185 3087 10185 3133 10350 4064 -1 
9285 1781950511 1781950511 1 2622238 6113 10030 4391 10030 8369 10016 2292 -1 
9613 1781950511 1781950511 1 2618791 1429 10031 8865 10031 8271 10064 9025 -1 
9622 1781950511 1781950511 1 2666700 4215 10033 3284 10358 308 10092 2075 -1 
9876 1781950511 1781950511 1 2674053 9896 10033 9022 10038 8652 10034 53 -1 
10071 1781950511 1781950511 1 2677782 3678 10036 4472 10036 9228 10053 6715 -1 
10181 1781950511 1781950511 1 2677478 4682 10272 9933 10272 956 10006 9422 -1 
10256 1781950511 1781950511 1 2606400 4598 10035 54 10035 4810 10109 1717 -1 
10400 1781950511 1781950511 1 2674199 4843 10417 2452 10438 4810 10228 3478 -1 
11812 1781950511 1781950511 1 2677021 7103 10159 9961 10211 766 10016 9720 -1 
9750 1781950511 1781950511 1 2660874 5991 10031 3607 10031 194 10255 7291 10255 -1 
10812 1781950511 1781950511 1 2678371 3677 10093 8349 10031 9991 10006 4556 10006 -1 
11135 1781950511 1781950511 1 2674199 10035 54 10035 1144 10035 4810 10228 3478 -1 
10242 1781950511 1781950511 1 2677929 5805 10146 70 10045 4623 10637 6203 10032 9591 -1 
10312 1781950511 1781950511 1 2664779 1967 10038 128 10038 1290 10038 9915 10054 6394 -1 
10330 1781950511 1781950511 1 2677523 5228 10033 9265 10033 4891 10033 9927 10092 3034 -1 
10618 1781950511 1781950511 1 2677898 4012 10033 7565 10033 4164 10033 9927 10032 9104 -1 
10684 1781950511 1781950511 1 2677929 949 10031 6945 10031 2652 10033 9927 10032 9591 -1 
11602 1781950511 1781950511 1 2675059 8924 10297 2200 10297 5067 10297 4865 10006 2233 -1 
10687 1781950511 1781950511 1 2678261 5181 10134 760 10134 9791 10134 3582 10016 7939 10016 -1 
11141 1781950511 1781950511 1 2668420 5456 10093 6829 10033 9833 10033 471 10178 8712 10178 -1 
11894 1781950511 1781950511 1 2678261 9157 10652 7270 10652 9879 10652 723 10016 7939 10016 -1 
9047 1781950511 1781950511 1 2678163 3836 10035 1144 10035 2191 10093 9933 10272 956 10006 912 -1 
11474 1781950511 1781950511 1 2678112 6433 10052 8808 10052 8808 10052 3024 10033 9927 10032 8000 -1 
11989 1781950511 1781950511 1 2678267 2705 10038 7362 10033 8091 10033 5358 10033 9927 10032 175 -1 
11536 1781950511 1781950511 1 2676725 1799 10148 1643 10148 554 10148 8091 10033 9969 10033 6121 10006 8160 -1 
11938 1781950511 1781950511 1 2677880 2148 10031 8089 10031 1220 10031 5908 10158 8867 10272 956 10006 9304 -1 
10982 1781950511 1781950511 1 2678163 84 10031 2604 10031 6914 10031 529 10040 1538 10093 9933 10272 956 10006 912 -1 
19 1781950511 1781950511 1 2658866 5381 10088 4980 10088 9898 -1 
55 1781950511 1781950511 1 2676226 8793 10032 3795 10032 8889 -1 
244 1781950511 1781950511 1 2673511 4540 10108 5860 10088 4920 -1 
387 1781950511 1781950511 1 2666332 3712 10032 9925 10032 4099 -1 
420 1781950511 1781950511 1 1786460 5121 10345 1032 10054 9128 -1 
1677 1781950511 1781950511 1 2661147 7849 10224 1612 10053 2039 -1 
1731 1781950511 1781950511 1 2660611 8385 10032 9862 10019 5841 -1 
1962 1781950511 1781950511 1 2669118 2195 10264 4933 10054 4966 -1 
2152 1781950511 1781950511 1 2676678 4755 10019 5352 10019 5155 -1 
2160 1781950511 1781950511 1 2678261 9607 10016 2292 10016 7939 -1 
2277 1781950511 1781950511 1 2667897 3893 10092 9930 10092 8266 -1 
2434 1781950511 1781950511 1 2511398 6218 10054 9768 10439 9768 -1 
2787 1781950511 1781950511 1 2678315 3102 10315 6830 10315 914 -1 
2805 1781950511 1781950511 1 2478762 7778 10237 14 10054 230 -1 
2879 1781950511 1781950511 1 2670877 3687 10032 336 10032 4782 -1 
2952 1781950511 1781950511 1 2669100 2207 10006 4525 10006 9331 -1 
2313 1781950511 1781950511 1 2672532 7730 10166 5494 10092 3872 10131 -1 
56 1781950511 1781950511 1 2676622 5118 10070 382 10054 5824 10054 8162 -1 
622 1781950511 1781950511 1 2675800 4808 10009 538 10054 5824 10054 5824 -1 
746 1781950511 1781950511 1 2677003 398 10002 328 10032 2217 10032 412 -1 
1644 1781950511 1781950511 1 2676493 1900 10528 7030 10032 8948 10032 5032 -1 
1856 1781950511 1781950511 1 2678315 2207 10076 992 10315 7957 10315 914 -1 
1945 1781950511 1781950511 1 2657077 9420 10091 8017 10032 336 10032 8740 -1 
2208 1781950511 1781950511 1 2677376 4960 10018 2941 10032 1809 10032 9354 -1 
2761 1781950511 1781950511 1 2675800 3665 10008 1871 10054 6160 10054 5824 -1 
2790 1781950511 1781950511 1 2677848 6240 10516 6240 10054 8162 10054 1156 -1 
2813 1781950511 1781950511 1 2664668 9623 10008 6295 10032 7426 10032 7426 -1 
2537 1781950511 1781950511 1 2673365 3600 10702 3821 10702 5544 10558 6238 10558 6238 -1 
1451 1781950511 1781950511 1 2665113 8994 10002 6375 10002 9073 10002 6970 10002 2120 10032 9915 10054 3230 -1 
3126 1781950511 1781950511 1 2678251 9566 10114 20 10114 5119 -1 
3263 1781950511 1781950511 1 2677513 10257 8857 10174 3911 10174 -1 
3272 1781950511 1781950511 1 2613882 4728 10019 2969 10019 5568 -1 
3381 1781950511 1781950511 1 2673095 4126 10054 5264 10054 3364 -1 
3414 1781950511 1781950511 1 2678371 5387 10006 9408 10006 4556 -1 
3430 1781950511 1781950511 1 2666529 2502 10054 5824 10054 7153 -1 
3541 1781950511 1781950511 1 2657077 9322 10237 8990 10032 8740 -1 
3542 1781950511 1781950511 1 2678194 8711 10032 3504 10032 51 -1 
3617 1781950511 1781950511 1 2670910 9938 10032 3364 10032 3729 -1 
3827 1781950511 1781950511 1 2650722 8543 10054 3918 10054 3270 -1 
3903 1781950511 1781950511 1 2672664 5411 10088 5860 10088 5860 -1 
3970 1781950511 1781950511 1 2676622 2256 10534 1252 10054 8162 -1 
4097 1781950511 1781950511 1 2677523 5447 10174 3372 10092 3034 -1 
4129 1781950511 1781950511 1 2677896 498 10005 6336 10005 4835 -1 
4228 1781950511 1781950511 1 2678267 1427 10032 9104 10032 175 -1 
4240 1781950511 1781950511 1 2668910 3855 10791 8619 10032 2557 -1 
4260 1781950511 1781950511 1 2308869 9171 10176 1888 10032 8891 -1 
4302 1781950511 1781950511 1 2590971 569 10406 8909 10406 8394 -1 
4428 1781950511 1781950511 1 2678261 8648 10016 9720 10016 7939 -1 
4578 1781950511 1781950511 1 2623565 5573 10032 9465 10032 9500 -1 
4637 1781950511 1781950511 1 2623638 8170 10178 522 10178 8316 -1 
4815 1781950511 1781950511 1 2344888 5505 10029 3842 10024 553 -1 
5117 1781950511 1781950511 1 2633996 8543 10054 4695 10288 2025 -1 
5451 1781950511 1781950511 1 2674713 8291 10019 6364 10019 5043 -1 
5591 1781950511 1781950511 1 2668693 151 10049 1341 10024 1341 -1 
5670 1781950511 1781950511 1 2659177 4044 10176 5849 10032 8925 -1 
5675 1781950511 1781950511 1 2651570 9051 10176 9727 10176 9957 -1 
5681 1781950511 1781950511 1 2646315 9284 10114 1083 10006 1031 -1 
5652 1781950511 1781950511 1 2672608 10618 101 10118 657 10118 2539 -1 
3712 1781950511 1781950511 1 2659386 5634 10247 7683 10032 1592 10064 5920 -1 
3961 1781950511 1781950511 1 2677848 6677 10574 4600 10054 8162 10054 1156 -1 
4194 1781950511 1781950511 1 2674713 1348 10015 2392 10019 6364 10019 5043 -1 
4231 1781950511 1781950511 1 2665229 675 10072 6302 10019 3954 10019 3208 -1 
4673 1781950511 1781950511 1 2678251 5534 10072 9566 10114 20 10114 5119 -1 
4716 1781950511 1781950511 1 2676295 8291 10574 7770 10032 1527 10006 3307 -1 
4819 1781950511 1781950511 1 2662800 2175 10331 5465 10050 3940 10092 2209 -1 
4932 1781950511 1781950511 1 2673971 7855 10379 1206 10032 7524 10032 7546 -1 
5406 1781950511 1781950511 1 2667004 2745 10411 3319 10032 8025 10032 8517 -1 
5554 1781950511 1781950511 1 2676678 9714 10746 5689 10019 8672 10019 5155 -1 
5948 1781950511 1781950511 1 2677138 4859 10057 7538 10019 3633 10019 4403 -1 
4575 1781950511 1781950511 1 2666862 10630 3233 10461 6386 10178 9151 10178 4933 -1 
3957 1781950511 1781950511 1 2666876 3224 10518 8910 10817 5667 10050 1612 10050 548 -1 
4145 1781950511 1781950511 1 2641652 6035 10197 392 10259 6247 10092 163 10633 2463 -1 
4930 1781950511 1781950511 1 2677232 2779 10057 3575 10057 7538 10016 766 10016 7729 -1 
5939 1781950511 1781950511 1 2670272 6589 10129 232 10129 4194 10118 2539 10118 7568 -1 
3445 1781950511 1781950511 1 2670860 180 10259 1442 10265 924 10238 1511 10029 9053 10029 6083 -1 
9197 1781950511 1781950511 1 2665619 9762 10032 9998 10032 8840 -1 
9278 1781950511 1781950511 1 2675800 5778 10054 3170 10054 5824 -1 
9404 1781950511 1781950511 1 2674103 8142 10029 1528 10006 5197 -1 
9458 1781950511 1781950511 1 2648598 10545 1893 10538 1893 10334 -1 
9471 1781950511 1781950511 1 2652388 5611 10552 3132 10239 618 -1 
9536 1781950511 1781950511 1 2654160 8276 10024 6542 10032 8528 -1 
9805 1781950511 1781950511 1 2670485 2187 10064 1597 10064 7366 -1 
9920 1781950511 1781950511 1 2677523 5200 10092 3872 10092 3034 -1 
10001 1781950511 1781950511 1 2565529 2382 10229 9563 10487 2753 -1 
10039 1781950511 1781950511 1 2668941 6423 10019 6364 10019 6 -1 
10368 1781950511 1781950511 1 2675843 6952 10251 8768 10196 7797 -1 
10733 1781950511 1781950511 1 2677270 6403 10006 13 10006 286 -1 
10842 1781950511 1781950511 1 2643242 7988 10032 5535 10032 2197 -1 
10936 1781950511 1781950511 1 2557170 4793 10032 6567 10032 7167 -1 
10937 1781950511 1781950511 1 2670860 5777 10029 5635 10029 6083 -1 
10968 1781950511 1781950511 1 2673924 3685 10019 9069 10019 9441 -1 
11090 1781950511 1781950511 1 2631256 850 10176 9563 10278 7748 -1 
11161 1781950511 1781950511 1 2676862 7860 10064 4074 10005 5783 -1 
11166 1781950511 1781950511 1 2594209 6075 10016 5824 10054 5106 -1 
11230 1781950511 1781950511 1 2581207 2310 10032 8280 10032 8317 -1 
11599 1781950511 1781950511 1 2650897 3149 10019 9889 10019 1807 -1 
11711 1781950511 1781950511 1 2667218 5777 10034 3026 10034 3864 -1 
11737 1781950511 1781950511 1 2677255 6054 10019 9441 10019 291 -1 
11916 1781950511 1781950511 1 2645040 7708 10092 1156 10092 1516 -1 
9902 1781950511 1781950511 1 2612263 10882 5988 10019 9412 10019 5491 -1 
10910 1781950511 1781950511 1 2674365 7154 10146 327 10261 4131 10229 -1 
11095 1781950511 1781950511 1 2652388 5250 10267 8906 10239 618 10239 -1 
11632 1781950511 1781950511 1 2652388 5795 10038 618 10239 618 10239 -1 
11646 1781950511 1781950511 1 2675132 10360 4711 10196 7797 10196 8768 -1 
9269 1781950511 1781950511 1 2657071 275 10138 5815 10019 1559 10019 3402 -1 
9397 1781950511 1781950511 1 2671619 6839 10158 9445 10032 3364 10032 1541 -1 
9461 1781950511 1781950511 1 2644308 693 10211 723 10016 9720 10016 6587 -1 
9826 1781950511 1781950511 1 2664057 8510 10159 807 10032 5757 10032 8041 -1 
10796 1781950511 1781950511 1 2677880 118 10071 6824 10109 3181 10006 9304 -1 
10822 1781950511 1781950511 1 2660000 9867 10031 529 10034 3864 10005 8570 -1 
10869 1781950511 1781950511 1 2651378 5514 10593 1984 10019 335 10019 3630 -1 
10911 1781950511 1781950511 1 2652388 6199 10033 9079 10239 8854 10239 618 -1 
11239 1781950511 1781950511 1 2674713 4654 10195 3693 10019 9441 10019 5043 -1 
11508 1781950511 1781950511 1 2664452 9371 10530 3145 10019 9412 10019 4269 -1 
11685 1781950511 1781950511 1 2666730 6206 10031 3024 10204 5770 10204 1391 -1 
11730 1781950511 1781950511 1 2676130 695 10033 587 10006 9693 10006 477 -1 
11995 1781950511 1781950511 1 2669980 6010 10134 4602 10523 2086 10523 2086 -1 
10893 1781950511 1781950511 1 2677848 10246 9602 10211 471 10016 5824 10054 1156 -1 
11038 1781950511 1781950511 1 2672807 10048 1615 10424 5777 10034 730 10034 5662 -1 
11691 1781950511 1781950511 1 2665113 10738 6453 10738 6453 10032 2350 10054 3230 -1 
9035 1781950511 1781950511 1 2678234 3974 10841 6958 10356 9923 10005 5783 10005 891 -1 
9677 1781950511 1781950511 1 2674571 2810 10033 8975 10033 3619 10005 144 10005 4631 -1 
10168 1781950511 1781950511 1 2677896 7718 10031 8466 10031 3197 10064 6243 10005 4835 -1 
10290 1781950511 1781950511 1 2674740 5726 10001 5343 10545 5679 10064 2969 10064 6615 -1 
11132 1781950511 1781950511 1 2678194 6932 10052 6768 10031 9995 10406 6203 10032 51 -1 
11318 1781950511 1781950511 1 2676862 9201 10158 2826 10158 4843 10034 5026 10005 5783 -1 
11354 1781950511 1781950511 1 2678341 6286 10195 2862 10195 3059 10064 6615 10064 1787 -1 
11759 1781950511 1781950511 1 2675905 8523 10031 74 10158 4843 10034 5026 10005 955 -1 
11777 1781950511 1781950511 1 2675690 7020 10124 2503 10038 874 10016 766 10016 766 -1 
9057 1781950511 1781950511 1 2678261 6932 10052 8871 10211 576 10211 7373 10016 7939 10016 7939 -1 
9125 1781950511 1781950511 1 2670895 5351 10038 529 10031 1721 10031 529 10034 730 10034 730 -1 
9607 1781950511 1781950511 1 2670860 5828 10660 7002 10660 2279 10211 1739 10029 9053 10029 6083 -1 
9931 1781950511 1781950511 1 2660000 6124 10031 4483 10038 5800 10417 2543 10005 9567 10005 8570 -1 
11175 1781950511 1781950511 1 2670485 4805 10056 1186 10056 6368 10033 183 10050 3940 10064 7366 -1 
9284 1781950511 1781950511 1 2674199 1793 10035 54 10035 1144 10035 1144 10035 4810 10228 3478 10228 -1 
9646 1781950511 1781950511 1 2677929 3949 10036 7357 10036 5172 10036 5700 10036 253 10032 1661 10032 9591 -1 
10085 1781950511 1781950511 1 2662676 2619 10033 1105 10033 6199 10033 5218 10033 1986 10034 9392 10034 2041 -1 
11048 1781950511 1781950511 1 2676788 6902 10104 9024 10104 6975 10104 5842 10104 2368 10019 8672 10019 268 -1 
9870 1781950511 1781950511 1 2658792 312 10151 312 10151 8896 10151 8896 10151 8896 10151 8415 10100 4075 10100 4485 -1 
10666 1781950511 1781950511 1 2675298 5643 10104 6927 10104 9584 10104 9913 10104 2958 10104 3455 10019 8672 10019 9412 -1 
10699 1781950511 1781950511 1 2674940 8250 10038 1399 10033 8590 10033 7565 10033 7444 10417 9191 10038 8652 10109 3181 10109 -1 
1281 1781950511 1781950511 1 2646520 10128 229 10032 4042 10427 3939 -1 
1778 1781950511 1781950511 1 2672532 4206 10024 9855 10092 3872 10131 -1 
2049 1781950511 1781950511 1 2677091 10864 7962 10288 5779 10288 2225 -1 
2207 1781950511 1781950511 1 2676130 10009 7892 10006 3174 10006 477 -1 
2270 1781950511 1781950511 1 2676077 992 10315 5247 10315 7376 10538 -1 
2778 1781950511 1781950511 1 2657077 10580 3686 10032 9960 10032 8740 -1 
2856 1781950511 1781950511 1 2671619 10926 9675 10032 7843 10032 1541 -1 
2867 1781950511 1781950511 1 2672025 3665 10032 542 10032 4401 10791 -1 
2994 1781950511 1781950511 1 2666789 10744 6364 10019 7134 10260 4457 -1 
41 1781950511 1781950511 1 2672509 3428 10107 540 10019 8955 10019 3633 -1 
1429 1781950511 1781950511 1 2678068 7483 10651 1285 10006 4518 10006 1022 -1 
1566 1781950511 1781950511 1 2677003 1047 10008 9106 10032 993 10032 412 -1 
2660 1781950511 1781950511 1 2614725 609 10236 1366 10260 1366 10176 3386 -1 
928 1781950511 1781950511 1 2669912 6490 10009 323 10872 8678 10717 8678 10224 -1 
112 1781950511 1781950511 1 2672211 8890 10494 8890 10823 2350 10024 7650 10024 7650 -1 
3775 1781950511 1781950511 1 2671494 10396 419 10024 7650 10024 38 -1 
4420 1781950511 1781950511 1 2671443 121 10286 2437 10372 3969 10447 -1 
5092 1781950511 1781950511 1 2620470 10559 5797 10092 2067 10239 8854 -1 
5619 1781950511 1781950511 1 2677091 10977 4237 10019 765 10019 5627 -1 
3299 1781950511 1781950511 1 2676905 4430 10638 9501 10006 4063 10006 4355 -1 
3410 1781950511 1781950511 1 2677848 6613 10072 5070 10054 3170 10054 1156 -1 
3471 1781950511 1781950511 1 2640940 8760 10222 3161 10212 3449 10212 3308 -1 
3473 1781950511 1781950511 1 2678251 4839 10270 5119 10114 20 10114 5119 -1 
3698 1781950511 1781950511 1 2672724 7176 10346 3136 10229 655 10254 8683 -1 
3923 1781950511 1781950511 1 2588874 8363 10072 1151 10019 5841 10019 5987 -1 
3946 1781950511 1781950511 1 2670764 4969 10618 551 10345 7049 10054 544 -1 
5252 1781950511 1781950511 1 2667464 5979 10668 6278 10006 431 10006 351 -1 
4045 1781950511 1781950511 1 2656021 10778 101 10606 717 10032 942 10032 2874 -1 
4403 1781950511 1781950511 1 2658070 8844 10459 3369 10050 1366 10328 3969 10372 -1 
4415 1781950511 1781950511 1 2668420 3035 10331 9972 10178 9151 10178 8712 10178 -1 
5466 1781950511 1781950511 1 2678159 5115 10550 5115 10088 1661 10088 4972 10108 -1 
4185 1781950511 1781950511 1 2663903 5 10004 2405 10004 5535 10032 4788 10032 6871 -1 
4777 1781950511 1781950511 1 2660171 7511 10015 1910 10072 682 10032 8528 10032 8329 -1 
5818 1781950511 1781950511 1 2669912 10529 5584 10621 2361 10235 8678 10717 8678 10224 -1 
5965 1781950511 1781950511 1 2667004 5730 10072 0 10000 332 10092 6381 10032 8517 -1 
3009 1781950511 1781950511 1 2613269 7461 10340 5925 10340 4046 10577 8997 10343 1005 10032 4640 10032 4496 -1 
3991 1781950511 1781950511 1 2678168 7481 10072 0 10000 7262 10072 364 10072 37 10202 163 10092 478 -1 
4581 1781950511 1781950511 1 2677733 5657 10190 8136 10190 4196 10090 2842 10090 709 10006 9408 10006 1169 -1 
5360 1781950511 1781950511 1 2678112 3323 10168 7194 10168 8982 10168 8982 10168 4209 10495 1237 10092 9927 10032 8000 -1 
11084 1781950511 1781950511 1 2637682 10908 1191 10534 1366 10534 1366 -1 
11840 1781950511 1781950511 1 2674940 3063 10005 8013 10006 3181 10109 -1 
9455 1781950511 1781950511 1 2674439 2706 10031 1203 10006 9408 10006 13 -1 
9689 1781950511 1781950511 1 2661006 10038 409 10315 1893 10595 1893 10655 -1 
9716 1781950511 1781950511 1 2675298 6289 10786 9618 10019 2021 10019 9412 -1 
10041 1781950511 1781950511 1 2637688 10465 5655 10235 1366 10626 1948 10626 -1 
10337 1781950511 1781950511 1 2634528 2958 10036 7936 10372 9434 10064 3036 -1 
10493 1781950511 1781950511 1 2645077 2239 10040 4625 10006 9499 10006 1285 -1 
10571 1781950511 1781950511 1 2678298 3235 10272 956 10006 9408 10006 9408 -1 
10927 1781950511 1781950511 1 2659885 126 10056 6121 10006 355 10006 6264 -1 
11309 1781950511 1781950511 1 2678234 10451 4870 10005 1727 10005 891 10005 -1 
11879 1781950511 1781950511 1 2673095 6565 10146 2947 10054 7153 10054 3364 -1 
10385 1781950511 1781950511 1 2676130 10033 471 10211 4345 10006 630 10006 477 -1 
10633 1781950511 1781950511 1 2678261 9791 10134 3582 10016 766 10016 7939 10016 -1 
9063 1781950511 1781950511 1 2674616 8544 10033 3235 10033 1679 10006 6695 10006 3776 -1 
9347 1781950511 1781950511 1 2678315 9281 10185 3087 10185 2087 10092 2491 10315 914 -1 
10668 1781950511 1781950511 1 2678234 7959 10031 2925 10031 2693 10005 6182 10005 891 -1 
11873 1781950511 1781950511 1 2678018 3290 10211 801 10211 766 10016 9720 10016 4677 -1 
11012 1781950511 1781950511 1 2678337 2112 10038 9848 10038 2007 10033 1380 10038 9927 10092 9927 10032 1955 -1 
11670 1781950511 1781950511 1 2678234 1643 10148 2520 10148 1485 10148 554 10031 1889 10031 5662 10034 4835 10005 891 -1 
104 1781950511 1781950511 1 2677512 3275 10032 8025 10032 8979 10032 6203 -1 
375 1781950511 1781950511 1 2675252 236 10114 20 10114 9705 10005 144 -1 
451 1781950511 1781950511 1 2652722 9611 10019 319 10019 9614 10019 8955 -1 
1140 1781950511 1781950511 1 2674980 323 10032 2052 10032 3955 10006 8328 -1 
1304 1781950511 1781950511 1 2642196 9917 10092 1237 10084 3911 10252 2126 -1 
1578 1781950511 1781950511 1 2672715 5921 10032 6437 10032 4367 10032 889 -1 
1886 1781950511 1781950511 1 2649606 2195 10092 1218 10050 9449 10050 6029 -1 
1929 1781950511 1781950511 1 2667404 4856 10032 823 10032 1541 10032 136 -1 
2066 1781950511 1781950511 1 2433153 5344 10032 8987 10032 3719 10024 4102 -1 
2074 1781950511 1781950511 1 2674816 4796 10054 3170 10053 3170 10054 6160 -1 
2252 1781950511 1781950511 1 2671373 6717 10032 5035 10032 3729 10032 447 -1 
2804 1781950511 1781950511 1 2656528 6007 10024 3830 10054 3127 10054 4471 -1 
207 1781950511 1781950511 1 2668527 10009 1020 10006 172 10006 6609 10006 270 -1 
1012 1781950511 1781950511 1 2667688 2049 10544 2049 10032 9960 10032 3364 10365 3986 -1 
1812 1781950511 1781950511 1 2678234 2419 10083 1547 10005 955 10005 5400 10005 891 -1 
2095 1781950511 1781950511 1 2672615 5353 10384 8237 10032 9950 10032 5830 10032 5012 -1 
2486 1781950511 1781950511 1 2671355 692 10070 718 10054 14 10032 459 10032 1592 -1 
2512 1781950511 1781950511 1 2676322 8002 10076 2195 10032 3364 10032 4056 10032 204 -1 
2637 1781950511 1781950511 1 2671997 7937 10462 681 10278 4694 10032 7843 10032 9216 -1 
3219 1781950511 1781950511 1 2636223 8574 10032 3530 10032 5750 10032 1997 -1 
3829 1781950511 1781950511 1 2667004 2326 10053 6594 10054 3504 10032 8517 -1 
3937 1781950511 1781950511 1 2675396 9849 10006 477 10006 9693 10006 2644 -1 
3982 1781950511 1781950511 1 2675690 173 10448 2437 10174 766 10016 766 -1 
4257 1781950511 1781950511 1 2678163 7264 10006 3868 10006 9408 10006 912 -1 
4978 1781950511 1781950511 1 2677138 7864 10019 9580 10019 9441 10019 4403 -1 
4998 1781950511 1781950511 1 2678076 1030 10176 5519 10176 2491 10315 7957 -1 
5019 1781950511 1781950511 1 2671997 8732 10032 505 10032 5535 10032 9216 -1 
5302 1781950511 1781950511 1 2675428 9566 10114 9705 10006 1204 10006 4638 -1 
5420 1781950511 1781950511 1 2666789 5560 10019 921 10019 7134 10260 4457 -1 
5515 1781950511 1781950511 1 2671995 928 10118 1873 10118 213 10118 657 -1 
5574 1781950511 1781950511 1 2677091 8648 10019 9889 10019 8672 10019 5627 -1 
5726 1781950511 1781950511 1 2673904 8393 10032 904 10032 9915 10032 6901 -1 
5819 1781950511 1781950511 1 2678196 9900 10049 9434 10372 8178 10763 2437 -1 
5946 1781950511 1781950511 1 2676842 4264 10019 3011 10019 548 10176 1237 -1 
4002 1781950511 1781950511 1 2676211 5868 10555 5819 10054 3612 10054 542 10053 3723 -1 
5612 1781950511 1781950511 1 2678168 5024 10122 1783 10019 9316 10427 9316 10092 478 -1 
5630 1781950511 1781950511 1 2660611 1575 10072 9255 10019 1572 10019 5826 10019 5841 -1 
5443 1781950511 1781950511 1 2663610 10160 9470 10597 4986 10084 6029 10050 1612 10050 9116 -1 
3408 1781950511 1781950511 1 2658710 2868 10072 8751 10072 9255 10032 8528 10032 8886 10032 3709 -1 
5704 1781950511 1781950511 1 2678089 8751 10072 8011 10072 311 10032 9925 10032 8931 10032 9927 -1 
5807 1781950511 1781950511 1 2669980 532 10010 5954 10010 7118 10523 3755 10523 2086 10523 2086 -1 
9070 1781950511 1781950511 1 2673780 490 10034 730 10006 1489 10006 9244 -1 
9078 1781950511 1781950511 1 2676622 7360 10016 7178 10016 5824 10054 8162 -1 
9249 1781950511 1781950511 1 2676295 9988 10006 1169 10006 836 10006 3307 -1 
9468 1781950511 1781950511 1 2676660 6169 10019 9441 10019 1825 10006 4522 -1 
9527 1781950511 1781950511 1 2676443 8348 10005 7518 10005 5400 10005 6182 -1 
9557 1781950511 1781950511 1 2674031 8971 10177 7109 10032 9925 10032 2293 -1 
9584 1781950511 1781950511 1 2674571 4040 10005 937 10005 1973 10005 4631 -1 
9594 1781950511 1781950511 1 2651640 6782 10088 4972 10088 5220 10088 2768 -1 
9604 1781950511 1781950511 1 2674712 8116 10084 9449 10084 163 10092 8869 -1 
9667 1781950511 1781950511 1 2627068 9260 10016 9720 10016 5368 10016 9258 -1 
9860 1781950511 1781950511 1 2664779 9961 10016 9720 10016 5824 10054 6394 -1 
9861 1781950511 1781950511 1 2675298 3685 10019 2003 10019 3633 10019 9412 -1 
10088 1781950511 1781950511 1 2677478 2327 10006 5604 10006 4862 10006 9422 -1 
10158 1781950511 1781950511 1 2675298 3447 10019 9441 10019 1257 10019 9412 -1 
10296 1781950511 1781950511 1 2589311 5983 10825 6441 10177 7817 10092 2854 -1 
10669 1781950511 1781950511 1 2654523 3934 10054 6690 10054 2437 10306 2680 -1 
10753 1781950511 1781950511 1 2670970 653 10251 6246 10019 6439 10019 3954 -1 
10810 1781950511 1781950511 1 2653513 6498 10523 2086 10523 3963 10523 3755 -1 
10815 1781950511 1781950511 1 2675690 5459 10016 5368 10016 9720 10016 766 -1 
10821 1781950511 1781950511 1 2672293 1496 10032 8909 10032 4639 10032 6003 -1 
10922 1781950511 1781950511 1 2649969 84 10032 823 10032 9827 10032 9928 -1 
10965 1781950511 1781950511 1 2674772 7917 10034 730 10012 1147 10012 4852 -1 
11080 1781950511 1781950511 1 2676106 9328 10006 6530 10006 4985 10006 9693 -1 
11189 1781950511 1781950511 1 2642687 6792 10019 6246 10019 3637 10019 2023 -1 
11248 1781950511 1781950511 1 2645722 2571 10032 833 10032 5294 10032 5915 -1 
11336 1781950511 1781950511 1 2675843 5161 10064 3127 10054 8768 10196 7797 -1 
11557 1781950511 1781950511 1 2676138 9210 10006 956 10006 5563 10006 6115 -1 
11571 1781950511 1781950511 1 2676053 1149 10024 7867 10452 1487 10452 1487 -1 
11627 1781950511 1781950511 1 2669584 195 10006 436 10006 9331 10006 7795 -1 
11729 1781950511 1781950511 1 2678298 6169 10109 6373 10006 9335 10006 9408 -1 
11734 1781950511 1781950511 1 2676705 6477 10005 4835 10005 5400 10005 2855 -1 
11967 1781950511 1781950511 1 2678089 5590 10032 8025 10032 8931 10032 9927 -1 
10293 1781950511 1781950511 1 2668910 10001 750 10032 9041 10032 6320 10032 2557 -1 
10370 1781950511 1781950511 1 2668831 8815 10272 332 10441 1948 10092 3872 10243 -1 
9182 1781950511 1781950511 1 2676493 5672 10124 5317 10084 7051 10176 447 10032 5032 -1 
9532 1781950511 1781950511 1 2669503 5232 10152 4753 10092 1366 10176 9921 10176 476 -1 
9554 1781950511 1781950511 1 2676085 7002 10660 5099 10005 891 10005 6243 10005 5400 -1 
11108 1781950511 1781950511 1 2674713 6509 10033 9945 10019 4269 10019 6364 10019 5043 -1 
11427 1781950511 1781950511 1 2676962 7747 10052 8629 10005 9315 10005 6543 10005 7977 -1 
11501 1781950511 1781950511 1 2660371 1748 10692 8794 10084 7475 10224 3911 10084 5745 -1 
11629 1781950511 1781950511 1 2660732 744 10134 507 10019 3402 10019 3637 10019 2496 -1 
9086 1781950511 1781950511 1 2671443 564 10033 3284 10033 723 10084 9449 10447 548 10447 3969 -1 
9724 1781950511 1781950511 1 2678033 3588 10146 1688 10449 9991 10006 9408 10006 9408 10006 9835 -1 
11769 1781950511 1781950511 1 2674317 3425 10031 931 10031 572 10006 912 10006 331 10006 7960 -1 
9136 1781950511 1781950511 1 2678052 6814 10148 554 10148 6925 10148 9988 10006 5788 10006 9408 10006 7851 -1 
10532 1781950511 1781950511 1 2678068 2531 10093 1144 10093 9575 10467 442 10012 6121 10006 1169 10006 1022 -1 
10476 1781950511 1781950511 1 2677896 3447 10033 2655 10033 9958 10033 6217 10033 8988 10006 9264 10006 1203 10005 4835 -1 
358 1781950511 1781950511 1 2674816 10023 3170 10053 3170 10054 3170 10054 6160 -1 
2658 1781950511 1781950511 1 2678350 10468 6609 10006 370 10006 9408 10006 9011 -1 
2827 1781950511 1781950511 1 2675430 10431 1083 10006 6609 10006 3776 10006 7605 -1 
3690 1781950511 1781950511 1 2676493 10572 1391 10032 5596 10032 4788 10032 5032 -1 
4465 1781950511 1781950511 1 2678337 3898 10032 1529 10032 8931 10032 1955 10032 -1 
4515 1781950511 1781950511 1 2677218 9424 10212 3449 10212 519 10212 519 10212 -1 
4982 1781950511 1781950511 1 2678261 4543 10019 3113 10019 7729 10016 7939 10016 -1 
5273 1781950511 1781950511 1 2678312 353 10278 2593 10278 1893 10872 192 10116 -1 
3166 1781950511 1781950511 1 2677636 4969 10838 8702 10032 5789 10024 7650 10024 4056 -1 
3574 1781950511 1781950511 1 2657587 4024 10015 6005 10006 3802 10006 8252 10006 5045 -1 
4391 1781950511 1781950511 1 2678297 8809 10374 5798 10006 3796 10006 8937 10006 7512 -1 
4717 1781950511 1781950511 1 2676445 8653 10095 3209 10032 3955 10032 1433 10032 823 -1 
4843 1781950511 1781950511 1 2678112 4226 10063 2429 10032 7524 10032 9927 10032 8000 -1 
5135 1781950511 1781950511 1 2651640 6892 10015 3642 10032 3750 10032 1263 10088 2768 -1 
5410 1781950511 1781950511 1 2673904 3323 10168 9650 10032 412 10032 9925 10032 6901 -1 
5601 1781950511 1781950511 1 2670713 7592 10025 5957 10006 5746 10005 144 10005 2515 -1 
3110 1781950511 1781950511 1 2678112 5787 10007 2462 10007 9 10032 1541 10032 823 10032 8000 -1 
3365 1781950511 1781950511 1 2672277 4465 10010 7828 10540 3826 10006 4068 10006 6632 10006 716 -1 
3906 1781950511 1781950511 1 2678033 9838 10015 9972 10090 709 10006 3174 10006 9335 10006 9835 -1 
3085 1781950511 1781950511 1 2675225 1981 10537 6173 10537 5667 10050 6029 10050 3872 10092 163 10050 -1 
9434 1781950511 1781950511 1 2664814 10455 9821 10032 5915 10032 4108 10032 9925 -1 
9477 1781950511 1781950511 1 2668240 10134 921 10019 9808 10019 678 10019 1257 -1 
11716 1781950511 1781950511 1 2674940 9363 10006 3947 10006 431 10006 3181 10109 -1 
9400 1781950511 1781950511 1 2676017 6881 10052 9392 10034 3864 10034 5026 10005 7144 -1 
9520 1781950511 1781950511 1 2671619 6473 10330 8280 10032 3152 10032 9998 10032 1541 -1 
9767 1781950511 1781950511 1 2678234 8238 10085 2921 10005 8112 10005 5400 10005 891 -1 
9786 1781950511 1781950511 1 2666470 2540 10148 9740 10019 5043 10019 335 10019 6439 -1 
10249 1781950511 1781950511 1 2669234 4254 10038 8944 10005 4631 10005 9567 10005 6419 -1 
10899 1781950511 1781950511 1 2673511 8606 10153 1193 10447 4134 10088 4920 10088 4920 -1 
11162 1781950511 1781950511 1 2674571 6595 10417 2536 10005 955 10005 6336 10005 4631 -1 
11555 1781950511 1781950511 1 2659885 5530 10138 956 10006 677 10006 6609 10006 6264 -1 
11878 1781950511 1781950511 1 2665749 2313 10031 5131 10092 1237 10084 8392 10243 3406 -1 
11424 1781950511 1781950511 1 2676726 6054 10040 6829 10012 1147 10012 1147 10012 6121 10012 -1 
9097 1781950511 1781950511 1 2676725 5116 10146 5453 10146 1031 10006 355 10006 13 10006 8160 -1 
9441 1781950511 1781950511 1 2675867 84 10040 1538 10038 5614 10006 431 10006 796 10006 6038 -1 
10535 1781950511 1781950511 1 2673422 337 10637 4602 10038 1147 10012 1337 10006 1416 10006 1445 -1 
11234 1781950511 1781950511 1 2677866 9366 10038 9848 10038 5644 10006 2561 10006 647 10006 9546 -1 
9241 1781950511 1781950511 1 2678261 2218 10051 6812 10051 278 10016 5368 10016 7939 10016 7939 10016 -1 
10364 1781950511 1781950511 1 2678261 6096 10051 278 10246 3952 10017 5766 10016 766 10016 766 10016 7939 10016 -1 
1 1781950511 1781950511 1 2673971 7112 10032 9023 10032 9915 10032 8931 10032 7546 -1 
44 1781950511 1781950511 1 2669481 10933 965 10006 5746 10005 9567 10005 4074 10256 -1 
582 1781950511 1781950511 1 2667875 7506 10032 8234 10032 8886 10032 136 10032 6405 -1 
613 1781950511 1781950511 1 2660163 3715 10032 823 10032 350 10032 823 10032 2429 -1 
743 1781950511 1781950511 1 2665945 9015 10523 2086 10523 3963 10523 2086 10523 3963 -1 
838 1781950511 1781950511 1 2678168 841 10064 276 10064 37 10202 163 10092 478 -1 
856 1781950511 1781950511 1 2677218 10917 7640 10176 1467 10154 519 10212 519 10212 -1 
1044 1781950511 1781950511 1 2677898 6580 10415 9449 10050 9846 10176 5849 10032 9104 -1 
1069 1781950511 1781950511 1 2677259 3724 10016 9258 10016 9699 10016 9720 10016 7583 -1 
1133 1781950511 1781950511 1 2675212 3221 10024 141 10006 6888 10006 1203 10006 6530 -1 
1311 1781950511 1781950511 1 2673095 6053 10439 9768 10439 9768 10054 4471 10054 3364 -1 
1483 1781950511 1781950511 1 2676085 7593 10237 5112 10006 9835 10006 6419 10005 5400 -1 
2054 1781950511 1781950511 1 2676532 2661 10032 3944 10032 5035 10032 3285 10032 1661 -1 
2572 1781950511 1781950511 1 2667141 1744 10032 8888 10032 1987 10032 4756 10032 1104 -1 
2482 1781950511 1781950511 1 2675011 10205 7399 10032 8925 10032 336 10032 4108 10032 3156 -1 
2517 1781950511 1781950511 1 2636106 10732 4008 10092 2854 10092 7895 10032 1809 10032 1809 -1 
290 1781950511 1781950511 1 2671443 10486 1654 10486 1738 10092 3872 10050 5719 10050 548 10447 3969 -1 
325 1781950511 1781950511 1 2676443 1956 10338 2263 10338 3877 10214 789 10005 6543 10005 5400 10005 6182 -1 
3067 1781950511 1781950511 1 2678018 9282 10016 5368 10016 9720 10016 766 10016 4677 -1 
3203 1781950511 1781950511 1 2678267 7877 10032 4496 10032 8395 10032 4945 10032 175 -1 
3351 1781950511 1781950511 1 2675298 7582 10019 1572 10019 9102 10019 3366 10019 9412 -1 
3578 1781950511 1781950511 1 2671715 4346 10005 1053 10005 9705 10114 730 10034 6524 -1 
3635 1781950511 1781950511 1 2675225 10222 3495 10019 1559 10019 1559 10019 163 10050 -1 
3798 1781950511 1781950511 1 2676075 1983 10315 7957 10315 1366 10441 1948 10092 3372 -1 
3877 1781950511 1781950511 1 2676842 4094 10084 9449 10050 9449 10447 9957 10176 1237 -1 
4238 1781950511 1781950511 1 2677232 473 10016 9916 10016 1286 10016 9720 10016 7729 -1 
4570 1781950511 1781950511 1 2677240 4969 10032 184 10032 9998 10032 1237 10053 6447 -1 
5187 1781950511 1781950511 1 2667860 3527 10114 9278 10006 3493 10006 7163 10006 8550 -1 
5263 1781950511 1781950511 1 2643013 6298 10092 2491 10447 154 10202 4007 10202 5295 -1 
5313 1781950511 1781950511 1 2676532 8565 10054 9859 10024 7650 10024 4056 10032 1661 -1 
5380 1781950511 1781950511 1 2677929 2162 10176 5849 10032 6381 10032 505 10032 9591 -1 
3945 1781950511 1781950511 1 2673924 10335 241 10006 3816 10006 7851 10006 5877 10006 188 -1 
4695 1781950511 1781950511 1 2562439 2954 10015 1657 10214 1689 10214 1893 10946 1893 10698 -1 
3128 1781950511 1781950511 1 2667928 8213 10184 433 10032 4326 10032 9796 10032 4596 10032 1773 -1 
4012 1781950511 1781950511 1 2678112 254 10010 5324 10032 9862 10032 8025 10032 1541 10032 8000 -1 
5102 1781950511 1781950511 1 2654639 5508 10466 2568 10032 7900 10032 9827 10032 2825 10032 5792 -1 
4088 1781950511 1781950511 1 2673316 10577 8558 10222 2568 10032 7426 10032 6118 10237 8990 10032 8931 -1 
4789 1781950511 1781950511 1 2678261 1693 10342 7252 10342 170 10016 9916 10016 9720 10016 7939 10016 7939 -1 
9052 1781950511 1781950511 1 2676085 8215 10005 7099 10005 2734 10005 891 10005 5400 -1 
9159 1781950511 1781950511 1 2667269 5983 10177 9760 10032 5750 10032 5792 10032 9760 -1 
9178 1781950511 1781950511 1 2671594 9937 10006 13 10006 5227 10006 8226 10006 44 -1 
9310 1781950511 1781950511 1 2675741 4175 10005 1940 10005 891 10005 3864 10005 6243 -1 
9685 1781950511 1781950511 1 2677512 2194 10032 9697 10032 823 10032 9216 10032 6203 -1 
9686 1781950511 1781950511 1 2664719 1846 10050 120 10050 2680 10050 3940 10064 2969 -1 
9793 1781950511 1781950511 1 2668558 3179 10315 2491 10176 9727 10176 1237 10053 3650 -1 
9926 1781950511 1781950511 1 2673757 5058 10005 2536 10006 965 10006 869 10006 9510 -1 
10191 1781950511 1781950511 1 2675056 427 10109 5373 10109 8652 10109 3181 10006 8980 -1 
10260 1781950511 1781950511 1 2642012 771 10032 5155 10032 8825 10032 1892 10054 138 -1 
11022 1781950511 1781950511 1 2677255 1858 10019 335 10019 9102 10019 3633 10019 291 -1 
11271 1781950511 1781950511 1 2677259 6764 10016 9720 10016 9720 10016 766 10016 7583 -1 
11922 1781950511 1781950511 1 2677882 3579 10006 6348 10006 708 10006 5633 10006 7140 -1 
11993 1781950511 1781950511 1 2677896 7690 10034 2041 10005 955 10005 2855 10005 4835 -1 
9185 1781950511 1781950511 1 2678261 842 10246 3636 10016 9990 10016 766 10016 7939 10016 7939 -1 
9228 1781950511 1781950511 1 2667742 9347 10033 1346 10006 4005 10006 9499 10006 4509 10006 5528 -1 
9420 1781950511 1781950511 1 2676226 6776 10148 2540 10032 8528 10032 9998 10032 6405 10032 8889 -1 
9887 1781950511 1781950511 1 2677848 756 10056 8009 10032 5750 10032 2293 10054 5824 10054 1156 -1 
10427 1781950511 1781950511 1 2676017 7489 10158 6824 10109 8652 10109 8652 10034 5026 10005 7144 -1 
11165 1781950511 1781950511 1 2674053 139 10031 442 10012 730 10034 730 10114 730 10034 53 -1 
9235 1781950511 1781950511 1 2678298 5805 10146 5885 10146 9937 10006 6632 10006 647 10006 9335 10006 9408 -1 
2305 1781950511 1781950511 1 2678196 10674 3872 10050 9434 10372 9434 10372 8178 10763 2437 -1 
2584 1781950511 1781950511 1 2678267 10880 5225 10032 3795 10032 8888 10032 336 10032 175 -1 
315 1781950511 1781950511 1 2677825 6622 10008 7167 10032 1997 10032 1541 10032 412 10032 1486 -1 
1849 1781950511 1781950511 1 2678297 3374 10685 4485 10006 240 10006 9693 10006 1169 10006 7512 -1 
3716 1781950511 1781950511 1 2678337 9336 10032 942 10032 823 10032 1661 10032 1955 10032 -1 
4911 1781950511 1781950511 1 2676138 10638 9501 10006 1445 10006 4828 10006 1445 10006 6115 -1 
5810 1781950511 1781950511 1 2675011 10638 5824 10054 4716 10032 4326 10032 5535 10032 3156 -1 
5866 1781950511 1781950511 1 2678159 5868 10024 9859 10088 4920 10088 8824 10088 4972 10108 -1 
4624 1781950511 1781950511 1 2672187 10854 4473 10761 5963 10114 709 10006 796 10006 1175 10006 5283 -1 
11458 1781950511 1781950511 1 2678261 8259 10019 6402 10016 738 10016 766 10016 7939 10016 -1 
9027 1781950511 1781950511 1 2676283 2418 10578 8118 10278 1366 10448 3632 10176 9921 10176 487 -1 
9935 1781950511 1781950511 1 2677846 7419 10387 5061 10387 7684 10005 8570 10006 1203 10006 6069 10006 3802 -1 
9881 1781950511 1781950511 1 2677376 5090 10055 3330 10055 488 10055 2390 10064 1527 10032 9925 10032 823 10032 9354 -1 
200 1781950511 1781950511 1 2678297 6046 10114 5963 10006 3429 10006 1135 10006 912 10006 7512 -1 
455 1781950511 1781950511 1 2660163 518 10032 5496 10032 474 10032 9697 10032 3870 10032 2429 -1 
1266 1781950511 1781950511 1 2677259 3778 10032 9041 10032 823 10032 7454 10016 5368 10016 7583 -1 
2634 1781950511 1781950511 1 2674419 681 10006 5197 10006 7397 10006 7795 10006 2233 10006 4985 -1 
604 1781950511 1781950511 1 2675212 10324 8899 10657 4381 10006 3047 10006 6311 10006 5392 10006 6530 -1 
748 1781950511 1781950511 1 2674669 1295 10407 4983 10176 476 10176 2594 10176 3364 10032 3364 10054 5330 -1 
3333 1781950511 1781950511 1 2678168 948 10032 8702 10032 5792 10032 1661 10032 9927 10092 478 -1 
3967 1781950511 1781950511 1 2674443 972 10006 3174 10006 4904 10006 6695 10006 5392 10006 836 -1 
4081 1781950511 1781950511 1 2675232 746 10019 3954 10019 5987 10019 1559 10019 6364 10019 8672 -1 
4475 1781950511 1781950511 1 2677782 10851 1256 10032 2206 10053 9529 10053 9252 10053 6715 10053 -1 
4510 1781950511 1781950511 1 2673316 7813 10032 833 10032 5792 10032 1005 10032 8517 10032 8931 -1 
4571 1781950511 1781950511 1 2665774 5447 10005 1493 10006 7512 10006 3488 10006 8315 10006 7918 -1 
4632 1781950511 1781950511 1 2677409 3048 10054 959 10032 4301 10032 3230 10054 8162 10054 3170 -1 
4731 1781950511 1781950511 1 2675800 9964 10032 3626 10032 9104 10032 1644 10032 3364 10054 5824 -1 
4974 1781950511 1781950511 1 2678337 4291 10064 276 10064 1592 10032 1661 10032 9927 10032 1955 -1 
5055 1781950511 1781950511 1 2677848 9242 10176 9768 10054 2350 10054 5824 10054 3170 10054 1156 -1 
5684 1781950511 1781950511 1 2678261 3840 10016 9720 10016 738 10016 9720 10016 7939 10016 7939 -1 
9812 1781950511 1781950511 1 2676983 9277 10032 3642 10032 7524 10032 3795 10032 1661 10032 8979 -1 
9853 1781950511 1781950511 1 2678194 6149 10563 4270 10032 8271 10032 6770 10032 8931 10032 51 -1 
10005 1781950511 1781950511 1 2676962 5682 10005 8334 10005 9567 10005 144 10005 5400 10005 7977 -1 
9202 1781950511 1781950511 1 2678267 2439 10694 5897 10176 2491 10092 3872 10092 1238 10092 9927 10032 175 -1 
9673 1781950511 1781950511 1 2676620 6818 10272 74 10006 5334 10006 5633 10006 608 10006 3796 10006 6069 -1 
10011 1781950511 1781950511 1 2677703 3649 10509 6607 10006 832 10006 4679 10006 240 10006 6069 10006 4973 -1 
10988 1781950511 1781950511 1 2678076 7185 10134 6576 10092 9967 10092 2491 10315 6830 10315 7957 10315 7957 -1 
408 1781950511 1781950511 1 2676226 10894 6614 10254 866 10304 1366 10389 1612 10176 342 10032 8889 -1 
1292 1781950511 1781950511 1 2677476 10206 7633 10006 240 10006 9408 10006 4862 10006 370 10006 945 -1 
2777 1781950511 1781950511 1 2674031 6021 10218 9824 10032 7348 10032 412 10032 7524 10032 823 10032 2293 -1 
5400 1781950511 1781950511 1 2654437 10918 4097 10032 175 10032 4449 10032 8702 10032 9796 10032 7606 -1 
5744 1781950511 1781950511 1 2677636 10811 4810 10228 7493 10398 3829 10024 7083 10024 7650 10024 4056 -1 
5542 1781950511 1781950511 1 2678337 10647 7151 10032 7412 10883 5701 10064 1527 10032 1661 10032 1955 10032 -1 
9739 1781950511 1781950511 1 2678234 780 10005 1940 10005 1928 10005 955 10005 113 10005 891 10005 -1 
9280 1781950511 1781950511 1 2678034 8247 10052 6303 10006 5776 10006 862 10006 9408 10006 4355 10006 9033 -1 
10857 1781950511 1781950511 1 2666460 7581 10246 7830 10054 544 10053 5768 10053 8812 10054 5030 10092 5205 -1 
11657 1781950511 1781950511 1 2677478 6120 10134 251 10006 8570 10006 4309 10006 3332 10006 6269 10006 9422 -1 
11901 1781950511 1781950511 1 2678112 10443 3284 10530 1516 10092 9563 10050 923 10050 3372 10092 9927 10032 8000 -1 
2744 1781950511 1781950511 1 2676283 5806 10264 2593 10278 2593 10176 1612 10050 7051 10176 548 10176 487 -1 
2732 1781950511 1781950511 1 2678337 4280 10076 839 10076 4686 10008 3665 10032 7060 10032 4230 10032 8931 10032 1541 10032 1661 10032 1955 10032 
3258 1781950511 1781950511 1 2658828 8720 10032 4077 10032 3512 10032 1809 10032 9950 10032 1188 10054 2350 -1 
3778 1781950511 1781950511 1 2678112 1573 10032 734 10032 9925 10032 8702 10032 459 10032 1661 10032 8000 -1 
4660 1781950511 1781950511 1 2677513 7434 10232 1366 10224 9449 10084 1237 10092 2491 10084 3911 10174 3911 -1 
9605 1781950511 1781950511 1 2678089 2111 10032 2057 10032 9697 10032 9796 10032 6770 10032 823 10032 9927 -1 
10972 1781950511 1781950511 1 2672293 2635 10032 2438 10032 8877 10032 9216 10032 1987 10032 8234 10032 6003 -1 
11913 1781950511 1781950511 1 2672029 160 10032 4756 10032 412 10032 7256 10032 2268 10032 8931 10032 6610 -1 
9758 1781950511 1781950511 1 2677512 1540 10153 9445 10032 8395 10032 459 10032 8925 10032 9925 10032 8025 10032 6203 -1 
123 1781950511 1781950511 1 2678261 10521 3080 10016 6988 10016 9720 10016 2312 10016 9720 10016 9720 10016 7939 10016 -1 
10774 1781950511 1781950511 1 2678350 8141 10104 3026 10034 5662 10005 891 10005 6121 10006 4862 10006 9408 10006 9011 -1 
11650 1781950511 1781950511 1 2666553 764 10211 3152 10032 784 10032 4782 10032 1238 10032 3750 10032 2293 10054 7390 -1 
10642 1781950511 1781950511 1 2677477 3472 10006 9997 10006 9499 10006 1169 10006 44 10006 3174 10006 4862 10006 956 -1 
11780 1781950511 1781950511 1 2677476 7558 10006 775 10006 1445 10006 2303 10006 44 10006 4827 10006 7977 10006 945 -1 
10919 1781950511 1781950511 1 2678168 7470 10637 9898 10088 4134 10088 4980 10088 1263 10032 8948 10032 4788 10032 9927 10092 478 -1 
541 1781950511 1781950511 1 2675470 4683 10006 1125 10006 6888 10006 2970 10006 6339 10006 5174 10006 5392 10006 331 10006 4862 -1 
11906 1781950511 1781950511 1 2677476 4294 10006 632 10006 3816 10006 1240 10006 9526 10006 2970 10006 5633 10006 3174 10006 945 -1 
5314 1781950511 1781950511 2 2619225 1838 10751 812 -1 
3190 1781950511 1781950511 2 2653514 8721 10046 9390 10086 7852 -1 
3007 1781950511 1781950511 2 2672108 8408 10010 7569 10010 8449 10076 5289 -1 
3259 1781950511 1781950511 2 2642233 8969 10015 135 10044 135 10015 9863 10142 5767 -1 
8062 1781950511 1781950511 2 2671045 8951 10142 8951 -1 
6555 1781950511 1781950511 2 2637157 5851 10114 20 10289 3900 -1 
6819 1781950511 1781950511 2 2670498 7491 10064 497 10008 6557 -1 
9013 1781950511 1781950511 2 2678299 3144 10035 1144 10093 9911 10093 9987 10833 -1 
11795 1781950511 1781950511 2 2678299 8049 10040 6829 10093 1144 10093 8895 10093 9987 10833 -1 
3076 1781950511 1781950511 2 2671045 934 10761 7584 10142 8951 -1 
10311 1781950511 1781950511 2 2674055 4711 10673 7150 10645 -1 
9459 1781950511 1781950511 2 2666620 9208 10033 5766 10392 1945 10392 497 -1 
4972 1781950511 1781950511 2 2654341 49 10329 4405 10329 9167 10329 8369 -1 
3097 1781950511 1781950511 2 2677860 4872 10120 101 10234 1947 10002 1477 10002 7391 10176 -1 
318 1781950511 1781950511 2 2648646 1571 10472 5678 10493 167 -1 
1237 1781950511 1781950511 2 2658434 1944 10128 8385 10004 348 -1 
1329 1781950511 1781950511 2 2618803 8991 10218 5665 10072 4875 -1 
2041 1781950511 1781950511 2 2638995 2627 10554 3552 10175 7518 -1 
2681 1781950511 1781950511 2 2519342 1875 10526 4061 10526 8425 10331 390 -1 
2228 1781950511 1781950511 2 2659008 4460 10113 1736 10113 7465 10113 7213 10047 3396 -1 
7452 1781950511 1781950511 2 2663386 6871 10459 6745 -1 
7542 1781950511 1781950511 2 2673284 3208 10114 6777 10374 9080 -1 
7031 1781950511 1781950511 2 2674720 3723 10032 8922 10032 4225 10523 -1 
7932 1781950511 1781950511 2 2678175 340 10024 7932 10345 8814 10345 -1 
8409 1781950511 1781950511 2 2609155 10937 1597 10064 2390 10015 1689 -1 
7226 1781950511 1781950511 2 2660117 4933 10092 1366 10534 3632 10156 754 -1 
7683 1781950511 1781950511 2 2675757 3209 10032 7475 10084 3969 10111 2765 -1 
7850 1781950511 1781950511 2 2649007 7375 10176 3989 10050 1692 10490 3708 -1 
8514 1781950511 1781950511 2 2675862 9620 10032 6405 10032 7843 10032 4104 10072 586 -1 
7299 1781950511 1781950511 2 2678088 8370 10032 505 10032 1252 10032 8528 10032 3709 10365 7945 10365 -1 
9725 1781950511 1781950511 2 2148840 9435 10007 6825 -1 
9888 1781950511 1781950511 2 2639080 3525 10021 4343 10637 387 10072 9452 -1 
9891 1781950511 1781950511 2 2660617 2122 10765 4233 10765 2368 10007 1825 -1 
10996 1781950511 1781950511 2 2654087 8350 10048 8350 10048 3283 10043 6400 -1 
10594 1781950511 1781950511 2 2667044 9791 10134 5479 10134 8282 10134 5831 10563 -1 
1183 1781950511 1781950511 2 2669643 10834 6581 10072 6456 -1 
153 1781950511 1781950511 2 2675757 9312 10076 2097 10076 9963 10111 2765 -1 
534 1781950511 1781950511 2 2668607 7276 10322 7732 10182 2598 10183 4158 -1 
1552 1781950511 1781950511 2 2675757 839 10076 4988 10076 9963 10111 2765 -1 
1245 1781950511 1781950511 2 2675757 4796 10076 3335 10076 4280 10076 9963 10111 2765 -1 
6841 1781950511 1781950511 2 2660117 9066 10032 9133 10032 2400 10156 754 -1 
7898 1781950511 1781950511 2 2596123 2492 10315 37 10538 844 10121 8150 -1 
6188 1781950511 1781950511 2 2658434 4396 10088 5860 10088 6718 10108 9486 10004 348 -1 
8793 1781950511 1781950511 2 2668607 2526 10032 6320 10032 9960 10032 1348 10183 4158 -1 
9413 1781950511 1781950511 2 2652023 1069 10873 101 10724 6542 -1 
11435 1781950511 1781950511 2 2654469 9028 10134 7075 10281 8540 -1 
9220 1781950511 1781950511 2 2654469 8295 10348 1587 10134 3355 10134 7075 10281 8540 -1 
1530 1781950511 1781950511 2 2673676 1722 10156 3932 10227 505 -1 
1949 1781950511 1781950511 2 2552578 5756 10015 0 10072 5476 -1 
2035 1781950511 1781950511 2 2596613 6558 10647 9486 10647 1307 -1 
2676 1781950511 1781950511 2 2615907 5905 10015 9812 10015 9806 -1 
1022 1781950511 1781950511 2 2675229 10862 414 10072 1669 10072 1903 -1 
7750 1781950511 1781950511 2 2645162 9882 10072 119 10072 1159 -1 
8359 1781950511 1781950511 2 2595972 8434 10047 150 10015 9624 -1 
7626 1781950511 1781950511 2 2654087 3795 10032 8329 10043 8081 10043 6400 -1 
8416 1781950511 1781950511 2 2669643 4991 10406 3012 10072 1575 10072 6456 -1 
8474 1781950511 1781950511 2 2654469 120 10050 2937 10479 101 10281 8540 -1 
6947 1781950511 1781950511 2 2651894 8395 10032 8177 10053 9852 10053 8001 10015 150 10015 2833 -1 
10647 1781950511 1781950511 2 2654087 3450 10043 7233 10043 6400 -1 
9708 1781950511 1781950511 2 2643188 5169 10391 9923 10011 165 10011 2736 -1 
11272 1781950511 1781950511 2 2677886 59 10036 1200 10036 6317 10072 364 10072 2666 -1 
1803 1781950511 1781950511 2 2638488 10836 1746 10749 860 10057 2887 -1 
1894 1781950511 1781950511 2 2642597 156 10496 101 10074 4515 10074 9773 -1 
2926 1781950511 1781950511 2 2674673 4964 10603 101 10428 7547 10428 9952 -1 
206 1781950511 1781950511 2 2675757 9540 10076 7027 10076 839 10076 9963 10111 9963 10111 2765 -1 
8533 1781950511 1781950511 2 2665786 6470 10006 241 10072 1669 10072 3926 -1 
9104 1781950511 1781950511 2 2673065 5338 10072 6265 10072 8463 10162 -1 
1018 1781950511 1781950511 2 2632311 8113 10353 7241 10168 8982 10168 3407 -1 
1174 1781950511 1781950511 2 2664177 4996 10074 1792 10063 9983 10063 6660 -1 
2740 1781950511 1781950511 2 2638995 4084 10098 7842 10175 389 10175 7518 -1 
321 1781950511 1781950511 2 2677886 2110 10068 7806 10072 1575 10072 119 10072 2666 -1 
2342 1781950511 1781950511 2 2677886 7948 10018 8832 10072 119 10072 364 10072 2666 -1 
610 1781950511 1781950511 2 2659261 10186 3457 10472 3621 10244 9215 10121 9785 10121 9257 -1 
6486 1781950511 1781950511 2 2676528 8333 10072 364 10072 119 10072 8427 -1 
6693 1781950511 1781950511 2 2677886 1719 10072 119 10072 1669 10072 2666 -1 
7188 1781950511 1781950511 2 2665786 8683 10072 119 10072 1575 10072 3926 -1 
7701 1781950511 1781950511 2 2640261 1657 10072 119 10072 119 10072 9996 -1 
8237 1781950511 1781950511 2 2677886 10080 4908 10176 7051 10072 1669 10072 364 10072 2666 -1 
6557 1781950511 1781950511 2 2658540 2438 10032 8329 10032 5719 10072 5203 10572 5203 10072 8703 -1 
9151 1781950511 1781950511 2 2650470 6149 10072 119 10072 119 10072 9248 -1 
11398 1781950511 1781950511 2 2669643 9896 10072 307 10072 1575 10072 6456 -1 
10495 1781950511 1781950511 2 2674673 10738 6453 10234 7547 10234 7547 10428 9952 -1 
10816 1781950511 1781950511 2 2642597 1748 10692 6250 10074 2631 10074 7416 10074 9773 -1 
7217 1781950511 1781950511 2 2663386 10024 5722 10459 9358 10459 9625 10459 6745 -1 
8798 1781950511 1781950511 2 2667044 5801 10072 119 10072 119 10072 5831 10563 -1 
887 1781950511 1781950511 2 2677886 7622 10072 119 10072 0 10072 119 10072 2666 -1 
11410 1781950511 1781950511 2 2674673 5804 10440 101 10234 7547 10428 7547 10234 599 10234 7547 10428 9952 -1 
11789 1781950511 1781950511 2 2677886 4555 10412 7389 10015 135 10015 0 10072 119 10072 119 10072 2666 -1 
1965 1781950511 1781950511 2 2664748 4707 10153 3529 -1 
1870 1781950511 1781950511 2 2677622 162 10091 933 10427 -1 
1737 1781950511 1781950511 2 2673888 6018 10218 1288 10211 1286 -1 
2143 1781950511 1781950511 2 2677622 8638 10091 696 10091 933 10427 -1 
2760 1781950511 1781950511 2 2677622 5312 10066 162 10091 933 10427 -1 
1325 1781950511 1781950511 2 2677622 8237 10384 3499 10091 696 10091 933 10427 -1 
3718 1781950511 1781950511 2 2663022 6486 10180 8200 -1 
4640 1781950511 1781950511 2 2673022 6514 10488 7410 10415 -1 
7617 1781950511 1781950511 2 2634744 7882 10812 7972 -1 
8511 1781950511 1781950511 2 2662301 8842 10408 4001 -1 
6511 1781950511 1781950511 2 2674618 8076 10264 4694 10718 3371 -1 
6401 1781950511 1781950511 2 2628367 6635 10825 6441 10825 6441 10185 7093 -1 
7814 1781950511 1781950511 2 2674618 9697 10032 4756 10032 4694 10718 3371 -1 
8831 1781950511 1781950511 2 2675134 10006 1628 10006 9304 10092 2912 10084 -1 
8401 1781950511 1781950511 2 2677913 3034 10092 2903 10092 163 10229 9991 10264 -1 
6980 1781950511 1781950511 2 2674618 2113 10243 2113 10243 9378 10243 956 10538 4694 10718 3371 -1 
1744 1781950511 1781950511 2 2660798 10970 8766 10195 4625 -1 
2593 1781950511 1781950511 2 2654140 8465 10083 2065 10669 456 -1 
2725 1781950511 1781950511 2 2645918 10083 4760 10083 7402 10083 2065 10669 6611 -1 
7668 1781950511 1781950511 2 2656749 3364 10092 2067 10443 3284 10350 -1 
6054 1781950511 1781950511 2 2637391 8556 10034 3026 10231 7293 10038 833 -1 
8322 1781950511 1781950511 2 2678067 8712 10178 1995 10032 1892 10032 9862 10147 9545 10147 4714 -1 
3298 1781950511 1781950511 2 2664506 6938 10551 772 10358 6606 10287 -1 
4613 1781950511 1781950511 2 2660514 7522 10015 3952 10052 3604 10052 8693 -1 
5970 1781950511 1781950511 2 2671893 10497 3849 10497 8205 10031 9942 10031 3857 -1 
6051 1781950511 1781950511 2 2663022 9005 10174 9425 10180 6424 10180 8200 -1 
6685 1781950511 1781950511 2 2668259 9449 10050 4107 10040 6054 10718 4694 -1 
2015 1781950511 1781950511 2 2674946 6252 10289 4751 10056 8047 10038 128 10038 9931 -1 
5297 1781950511 1781950511 2 2678067 8147 10147 9545 10147 8153 10147 4714 -1 
6412 1781950511 1781950511 2 2672931 9392 10034 529 10038 3304 10440 1069 10038 8652 -1 
777 1781950511 1781950511 2 2572705 9717 10412 1464 10412 6503 10394 1950 10394 551 -1 
6840 1781950511 1781950511 2 2660057 8124 10327 9605 10003 558 10146 9722 10146 8220 10146 3962 -1 
3426 1781950511 1781950511 2 2664704 5117 10210 5138 10237 6381 -1 
5642 1781950511 1781950511 2 2666529 8828 10430 101 10342 4818 10342 358 10054 7153 -1 
4292 1781950511 1781950511 2 2674004 8432 10072 119 10072 5534 10072 1575 10072 8480 10019 1262 -1 
3210 1781950511 1781950511 2 2677091 5128 10015 1929 10015 1520 10015 150 10015 135 10015 2905 10019 5627 -1 
6554 1781950511 1781950511 2 2678251 5119 10957 5119 10114 -1 
6144 1781950511 1781950511 2 2673365 8753 10558 5544 10558 6238 -1 
7644 1781950511 1781950511 2 2668693 5071 10024 481 10024 1341 -1 
8651 1781950511 1781950511 2 2677512 9475 10032 7209 10032 6203 -1 
6606 1781950511 1781950511 2 2638633 5857 10054 3830 10500 1550 10141 -1 
6478 1781950511 1781950511 2 2677523 9490 10032 8041 10032 4585 10092 3034 -1 
6565 1781950511 1781950511 2 2671895 5030 10054 2717 10032 3102 10032 6686 -1 
8567 1781950511 1781950511 2 2678337 8041 10032 3918 10032 3938 10032 1955 -1 
8635 1781950511 1781950511 2 2673365 2982 10558 4110 10558 5544 10558 6238 -1 
8775 1781950511 1781950511 2 2673365 2982 10558 8753 10558 5544 10558 6238 -1 
8779 1781950511 1781950511 2 2636391 4308 10053 9852 10053 6762 10204 1254 -1 
8677 1781950511 1781950511 2 2674031 8915 10032 8889 10032 412 10032 7209 10032 2293 -1 
6475 1781950511 1781950511 2 2676077 10626 1366 10650 1366 10328 3969 10254 7520 10538 7376 -1 
7047 1781950511 1781950511 2 2678112 9185 10032 6567 10032 9796 10032 8517 10032 7209 10032 8000 -1 
5236 1781950511 1781950511 2 2676283 9726 10887 7509 10176 487 -1 
5724 1781950511 1781950511 2 2550776 6457 10076 5875 10054 1552 -1 
3032 1781950511 1781950511 2 2676493 3443 10301 101 10553 101 10512 101 10554 4027 10032 5032 -1 
8449 1781950511 1781950511 2 2662177 6657 10664 5905 10032 3504 -1 
7448 1781950511 1781950511 2 2662079 5499 10032 6625 10008 3834 10204 4023 -1 
8479 1781950511 1781950511 2 2664016 6118 10008 7188 10008 6295 10008 7509 10176 9767 -1 
114 1781950511 1781950511 2 2661147 2489 10076 650 10076 4126 10053 2039 -1 
2591 1781950511 1781950511 2 2662512 1560 10113 806 10097 9532 10032 7382 -1 
2215 1781950511 1781950511 2 2678341 438 10193 8879 10076 246 10009 2094 10392 1228 10064 1787 -1 
7490 1781950511 1781950511 2 2631376 10869 1103 10032 1995 -1 
8565 1781950511 1781950511 2 2675225 81 10247 163 10050 -1 
6050 1781950511 1781950511 2 2673924 9967 10019 1146 10019 9441 -1 
6552 1781950511 1781950511 2 2669139 9428 10032 2377 10032 9113 -1 
8207 1781950511 1781950511 2 2639750 4456 10032 450 10032 1644 -1 
8771 1781950511 1781950511 2 2673359 9697 10032 9976 10032 8780 -1 
8774 1781950511 1781950511 2 2622546 5553 10053 4127 10032 5035 -1 
8848 1781950511 1781950511 2 2649137 3320 10049 397 10019 1572 -1 
8902 1781950511 1781950511 2 2673904 7058 10032 9976 10032 6901 -1 
8210 1781950511 1781950511 2 2671443 735 10114 2013 10111 3969 10447 -1 
8918 1781950511 1781950511 2 2619518 10064 6615 10064 1427 10019 2352 -1 
6758 1781950511 1781950511 2 2660732 6722 10053 5768 10053 2363 10019 2496 -1 
6804 1781950511 1781950511 2 2674257 7799 10054 3170 10054 5764 10406 3910 -1 
6978 1781950511 1781950511 2 2676226 9106 10032 1541 10032 661 10032 8889 -1 
7421 1781950511 1781950511 2 2676842 3442 10176 5473 10176 9589 10176 1237 -1 
8483 1781950511 1781950511 2 2678312 9106 10084 3911 10224 5934 10116 192 -1 
8842 1781950511 1781950511 2 2676678 6610 10032 700 10019 4599 10019 5155 -1 
8914 1781950511 1781950511 2 2635096 8742 10176 5801 10176 9343 10176 5861 -1 
6998 1781950511 1781950511 2 2671443 9680 10032 9534 10053 2013 10111 3969 10447 -1 
6138 1781950511 1781950511 2 2671619 8922 10032 1892 10032 4096 10032 9976 10032 1541 -1 
6259 1781950511 1781950511 2 2674561 2736 10053 5768 10053 5768 10053 8882 10114 735 -1 
6323 1781950511 1781950511 2 2677825 445 10032 7308 10032 3870 10032 9976 10032 1486 -1 
6378 1781950511 1781950511 2 2678112 2546 10032 1541 10032 6686 10032 433 10032 8000 -1 
7714 1781950511 1781950511 2 2678194 1694 10032 6770 10032 1541 10032 433 10032 51 -1 
8532 1781950511 1781950511 2 2674865 3839 10006 8469 10006 240 10006 5387 10006 4041 -1 
8804 1781950511 1781950511 2 2666730 3073 10452 8223 10204 957 10204 9899 10204 1391 -1 
6897 1781950511 1781950511 2 2676678 10595 9449 10447 548 10050 6364 10019 1228 10019 5155 -1 
8284 1781950511 1781950511 2 2677513 4948 10204 3243 10162 3969 10447 1366 10257 3911 10174 -1 
7414 1781950511 1781950511 2 2678112 2500 10032 6320 10032 8036 10032 6901 10032 433 10032 8000 -1 
8368 1781950511 1781950511 2 2676467 4077 10032 3285 10108 5956 10032 9539 10032 8528 10032 7543 10032 9001 -1 
8445 1781950511 1781950511 2 2677733 4424 10006 7306 10006 1183 10006 3493 10006 836 10006 5387 10006 1169 -1 
8645 1781950511 1781950511 2 2653264 679 10118 4444 10118 4397 10118 2539 10118 4103 10118 4194 10118 1873 -1 
11212 1781950511 1781950511 2 2678159 1827 10246 5122 10108 4972 -1 
9006 1781950511 1781950511 2 2667690 6555 10147 5058 10147 2085 10209 8749 -1 
9831 1781950511 1781950511 2 2678337 5436 10031 9991 10031 3731 10032 1955 -1 
10035 1781950511 1781950511 2 2677138 5780 10124 4337 10147 1037 10019 4403 -1 
11194 1781950511 1781950511 2 2591369 1629 10152 6196 10152 9966 10032 6567 -1 
9020 1781950511 1781950511 2 2674574 6874 10031 554 10031 2174 10031 7193 10019 6364 -1 
10325 1781950511 1781950511 2 2677512 3806 10031 9578 10031 6508 10031 3731 10032 6203 -1 
9373 1781950511 1781950511 2 2675298 5795 10033 52 10033 6199 10033 3218 10056 5228 10056 1080 10019 9412 -1 
782 1781950511 1781950511 2 2652994 4962 10090 3035 10049 9023 -1 
2521 1781950511 1781950511 2 2677302 8899 10938 8711 10345 579 -1 
228 1781950511 1781950511 2 2676970 2315 10507 6212 10090 5387 10006 370 -1 
6166 1781950511 1781950511 2 2664016 1159 10253 7770 10176 9767 -1 
6609 1781950511 1781950511 2 2674031 3407 10106 5413 10032 2293 -1 
6624 1781950511 1781950511 2 2576077 548 10000 2686 10084 1160 -1 
6921 1781950511 1781950511 2 2677848 6721 10073 6460 10054 1156 -1 
7632 1781950511 1781950511 2 2658456 3161 10222 4118 10100 4075 -1 
8703 1781950511 1781950511 2 2678159 6718 10838 9486 10108 4972 -1 
6448 1781950511 1781950511 2 2677302 9129 10032 9792 10198 8711 10345 579 -1 
8928 1781950511 1781950511 2 2669719 4693 10032 3661 10032 3045 10011 406 10032 1433 -1 
9010 1781950511 1781950511 2 2672286 2995 10858 9625 10019 765 -1 
11583 1781950511 1781950511 2 2642949 9489 10550 101 10118 5846 -1 
9053 1781950511 1781950511 2 2677138 264 10147 4555 10007 9625 10019 4403 -1 
94 1781950511 1781950511 2 2672715 8204 10076 810 10076 7603 10540 7543 10032 889 -1 
6490 1781950511 1781950511 2 2678312 1559 10019 1893 10315 1893 10229 9772 10411 9772 10116 192 -1 
611 1781950511 1781950511 2 2668157 895 10042 8525 10656 4733 10366 2709 10100 -1 
6895 1781950511 1781950511 2 2657316 9172 10047 80 10047 9964 10019 2106 -1 
10543 1781950511 1781950511 2 2652994 9268 10072 119 10072 5639 10049 9023 -1 
2944 1781950511 1781950511 2 2661006 426 10015 191 10015 150 10015 1893 10655 -1 
625 1781950511 1781950511 2 2678251 10769 9919 10405 2092 10025 3357 10025 3357 10057 6873 10114 5119 -1 
1180 1781950511 1781950511 2 2592733 10953 5338 10019 3113 -1 
3254 1781950511 1781950511 2 2650668 10311 5724 10006 3656 -1 
5221 1781950511 1781950511 2 2628576 9828 10072 1059 10050 861 -1 
3709 1781950511 1781950511 2 2667897 10037 3527 10037 60 10092 8266 -1 
4977 1781950511 1781950511 2 2678112 10724 5739 10129 220 10032 8000 -1 
3879 1781950511 1781950511 2 2674713 9368 10172 6559 10172 6771 10019 5043 -1 
3918 1781950511 1781950511 2 2675690 7661 10671 7661 10671 576 10016 766 -1 
4769 1781950511 1781950511 2 2660732 7779 10168 5465 10746 6595 10019 2496 -1 
3316 1781950511 1781950511 2 2678089 5212 10656 3002 10656 3002 10656 220 10032 9927 -1 
3631 1781950511 1781950511 2 2678267 486 10190 5739 10129 3172 10129 6589 10129 220 10032 175 -1 
5459 1781950511 1781950511 2 2678267 9561 10656 3002 10656 8525 10656 3002 10656 220 10032 175 -1 
3086 1781950511 1781950511 2 2672509 8575 10172 3095 10172 9368 10172 9368 10172 9368 10172 8405 10172 6771 10019 3633 -1 
6605 1781950511 1781950511 2 2671318 47 10029 1986 10005 6707 -1 
6615 1781950511 1781950511 2 2675628 7861 10264 3934 10032 4018 -1 
6752 1781950511 1781950511 2 2666460 1238 10092 9339 10092 5205 -1 
6916 1781950511 1781950511 2 2674257 7350 10406 9995 10406 3910 -1 
6939 1781950511 1781950511 2 2652994 9116 10049 7244 10049 9023 -1 
7201 1781950511 1781950511 2 2665997 6456 10049 4936 10064 6588 -1 
7279 1781950511 1781950511 2 2659360 1414 10401 4612 10401 7155 -1 
7568 1781950511 1781950511 2 2678337 1661 10032 842 10032 1955 -1 
8505 1781950511 1781950511 2 2677512 1508 10032 9645 10032 6203 -1 
6404 1781950511 1781950511 2 2674740 6825 10064 276 10064 3059 10064 6615 -1 
7040 1781950511 1781950511 2 2678267 9984 10032 4782 10032 842 10032 175 -1 
7124 1781950511 1781950511 2 2666460 8739 10032 1755 10032 4849 10092 5205 -1 
7837 1781950511 1781950511 2 2651210 6041 10005 9567 10005 4040 10256 7451 -1 
8196 1781950511 1781950511 2 2642756 5074 10032 5337 10019 5338 10232 252 -1 
8812 1781950511 1781950511 2 2669160 1147 10012 6133 10012 9459 10012 4435 -1 
6938 1781950511 1781950511 2 2676165 10717 8063 10717 4289 10717 1038 10092 9316 -1 
7754 1781950511 1781950511 2 2661230 10005 6291 10005 4507 10005 4883 10005 7455 -1 
6923 1781950511 1781950511 2 2678337 663 10032 9873 10032 4056 10032 842 10032 1955 -1 
8576 1781950511 1781950511 2 2666841 1150 10012 16 10012 4852 10012 9459 10012 8818 -1 
8577 1781950511 1781950511 2 2678267 6766 10032 2557 10032 4096 10032 9645 10032 175 -1 
8709 1781950511 1781950511 2 2678194 3861 10032 553 10054 3364 10032 842 10032 51 -1 
6142 1781950511 1781950511 2 2678261 6883 10016 9720 10016 145 10016 6402 10786 7939 10016 -1 
7968 1781950511 1781950511 2 2678194 5874 10032 8395 10032 1541 10032 6203 10032 842 10032 51 -1 
8685 1781950511 1781950511 2 2667404 5226 10092 8636 10176 3442 10176 2491 10084 1059 10032 136 -1 
8755 1781950511 1781950511 2 2675690 4677 10016 9720 10016 5368 10016 9720 10016 9720 10016 9990 10016 8450 10016 766 -1 
1293 1781950511 1781950511 2 2672724 10506 8337 10684 3655 10254 8683 -1 
3455 1781950511 1781950511 2 2650470 5024 10033 9079 10239 3132 -1 
5510 1781950511 1781950511 2 2678089 2852 10599 3226 10036 253 10032 9927 -1 
7205 1781950511 1781950511 2 2678298 9915 10038 74 10006 9408 -1 
8001 1781950511 1781950511 2 2669160 1175 10006 6121 10056 126 10012 4435 -1 
8073 1781950511 1781950511 2 2632202 1928 10012 1147 10038 905 10034 512 -1 
8991 1781950511 1781950511 2 2667409 9405 10019 2091 10019 7598 10104 3455 10019 2266 -1 
6800 1781950511 1781950511 2 2668157 9657 10092 3872 10176 2611 10019 9931 10151 8415 10100 2709 -1 
2326 1781950511 1781950511 2 2678261 10743 5311 10743 5664 10743 4113 10743 5682 10652 723 10016 7939 -1 
4812 1781950511 1781950511 2 2678350 1146 10281 4528 10281 5904 10038 9848 10038 74 10006 9011 -1 
7515 1781950511 1781950511 2 2670877 396 10056 2246 10056 8224 10032 4782 -1 
7978 1781950511 1781950511 2 2662800 8016 10152 8114 10152 4132 10092 2209 -1 
2332 1781950511 1781950511 2 2678298 6911 10743 6944 10038 9848 10038 74 10006 9408 -1 
4222 1781950511 1781950511 2 2667707 10249 6873 10057 2074 10211 471 10211 3450 10016 1002 -1 
6063 1781950511 1781950511 2 2678297 7061 10053 133 10053 1235 10038 8610 10038 74 10006 7512 -1 
7780 1781950511 1781950511 2 2647198 1125 10033 6346 10033 3777 10033 9813 10019 3433 -1 
6716 1781950511 1781950511 2 2678052 8894 10033 7833 10297 9985 10297 6342 10134 3293 10006 7851 -1 
8072 1781950511 1781950511 2 2678234 9386 10033 4849 10021 4215 10356 4215 10356 2634 10005 891 -1 
7393 1781950511 1781950511 2 2678232 7891 10006 1347 10297 4484 10297 6994 10297 2145 10297 6342 10134 3293 10134 3293 10006 9335 -1 
5679 1781950511 1781950511 2 2668157 9938 10193 3989 10100 2709 -1 
3040 1781950511 1781950511 2 2672615 10656 6514 10076 1773 10032 5012 -1 
4189 1781950511 1781950511 2 2676211 10253 1935 10066 6715 10053 3723 -1 
5730 1781950511 1781950511 2 2668420 8806 10072 6457 10749 7974 10178 8712 10178 -1 
8043 1781950511 1781950511 2 2604789 4904 10006 108 10066 108 10006 968 -1 
8443 1781950511 1781950511 2 2642196 4991 10176 6797 10022 3969 10252 2126 -1 
8254 1781950511 1781950511 2 2678337 8931 10032 2206 10032 3102 10032 1955 10032 -1 
5214 1781950511 1781950511 2 2678312 10090 1330 10090 6460 10076 4278 10084 192 10116 -1 
10094 1781950511 1781950511 2 2678159 4395 10083 2419 10083 3682 10088 4972 10108 -1 
1280 1781950511 1781950511 2 2512068 10472 7705 10838 7502 10032 2243 -1 
2268 1781950511 1781950511 2 2678188 5676 10076 3854 10331 956 10006 7943 -1 
7791 1781950511 1781950511 2 2674980 1414 10461 1285 10006 8328 -1 
8419 1781950511 1781950511 2 2641163 10251 8985 10400 7475 10032 2206 -1 
7038 1781950511 1781950511 2 2678337 1233 10032 625 10032 7524 10032 9976 10032 1955 10032 -1 
7199 1781950511 1781950511 2 2678341 4716 10053 133 10053 1237 10092 9829 10176 1787 10064 -1 
6180 1781950511 1781950511 2 2678337 5074 10032 8915 10032 2177 10032 6770 10032 9976 10032 1955 10032 -1 
11027 1781950511 1781950511 2 2676445 10458 4711 10120 8990 10032 823 -1 
11779 1781950511 1781950511 2 2645652 2131 10031 9286 10031 8205 10643 3133 10350 4064 -1 
10790 1781950511 1781950511 2 2671045 6916 10052 964 10356 2033 10105 964 10052 576 10072 3723 10006 1135 -1 
8559 1781950511 1781950511 2 2675843 4502 10493 4185 10196 7797 10196 -1 
8259 1781950511 1781950511 2 2678315 2854 10092 9718 10938 37 10315 914 -1 
8701 1781950511 1781950511 2 2648765 1292 10032 3315 10011 9025 10032 748 -1 
6637 1781950511 1781950511 2 2649606 6830 10315 9658 10032 6428 10296 192 10050 6029 -1 
10120 1781950511 1781950511 2 2678163 2246 10056 5505 10090 9546 10006 912 -1 
6823 1781950511 1781950511 2 2671443 7413 10032 7560 10032 2923 10611 5864 10328 3969 10447 -1 
11375 1781950511 1781950511 2 2678159 6057 10428 9638 10004 6003 10108 4972 -1 
6021 1781950511 1781950511 2 2672113 1312 10176 5473 10176 2613 10121 9785 10121 3872 10092 5798 -1 
1259 1781950511 1781950511 2 2668157 3884 10215 6284 10215 8137 10376 3989 10100 2709 -1 
4261 1781950511 1781950511 2 2565529 7515 10756 4321 10487 2753 -1 
8367 1781950511 1781950511 2 2678232 4828 10006 2445 10417 956 10006 9335 -1 
7567 1781950511 1781950511 2 2677039 10016 738 10016 7182 10297 1866 10006 6269 -1 
8835 1781950511 1781950511 2 2678261 7617 10016 5368 10016 6973 10016 5368 10016 5550 10016 1002 10016 8450 10016 7939 10016 -1 
3266 1781950511 1781950511 2 2676165 10043 7591 10855 1238 10092 9316 -1 
8355 1781950511 1781950511 2 2666441 7375 10019 6224 10519 4439 10029 4408 -1 
6533 1781950511 1781950511 2 2619073 7583 10016 9720 10016 9374 10779 2009 10054 610 -1 
7442 1781950511 1781950511 2 2647936 1454 10005 1053 10005 780 10033 1285 10006 4380 -1 
7835 1781950511 1781950511 2 2678194 9399 10032 833 10038 128 10038 9927 10032 51 -1 
6789 1781950511 1781950511 2 2677478 8459 10019 9580 10019 6936 10272 9933 10272 956 10006 9422 -1 
7474 1781950511 1781950511 2 2676165 2067 10443 3284 10687 3284 10355 3372 10092 9316 -1 
103 1781950511 1781950511 2 2678267 3452 10148 554 10148 1938 10148 8091 10033 9927 10032 175 -1 
4499 1781950511 1781950511 2 2674940 4202 10440 1213 10148 2503 10038 62 10038 8652 10109 3181 -1 
8590 1781950511 1781950511 2 2678168 2719 10050 9139 10031 2301 10031 2174 10031 9270 10033 9927 10092 478 -1 
3054 1781950511 1781950511 2 2633723 8822 10015 3254 10176 9975 10176 5473 -1 
5802 1781950511 1781950511 2 2656021 9184 10015 7730 10032 823 10032 2874 -1 
3523 1781950511 1781950511 2 2598472 5326 10098 7842 10175 5180 10088 4913 10088 4913 -1 
8829 1781950511 1781950511 2 2642196 10661 8899 10174 3911 10252 2126 -1 
7762 1781950511 1781950511 2 2677848 3963 10523 2486 10053 3170 10054 1156 -1 
8083 1781950511 1781950511 2 2677240 4095 10032 5180 10032 8271 10053 6447 -1 
8934 1781950511 1781950511 2 2678112 4030 10019 4312 10032 7209 10032 412 10032 8000 -1 
6363 1781950511 1781950511 2 2678315 2609 10032 3244 10032 7109 10315 992 10315 7957 10315 914 -1 
7127 1781950511 1781950511 2 2678267 9618 10019 3364 10032 9998 10032 7209 10032 823 10032 175 -1 
3848 1781950511 1781950511 2 2603593 10476 7670 10476 101 10213 4428 10032 9697 10032 8888 -1 
5570 1781950511 1781950511 2 2676505 10568 101 10729 7709 10708 8869 10092 163 10202 -1 
3459 1781950511 1781950511 2 2660371 3841 10060 7906 10060 2163 10162 5745 10084 5745 -1 
978 1781950511 1781950511 2 2672025 1113 10193 4126 10053 6715 10791 4401 -1 
1176 1781950511 1781950511 2 2677409 8664 10266 713 10054 8162 10054 3170 -1 
1337 1781950511 1781950511 2 2647698 7187 10289 7158 10219 1322 10219 1322 -1 
2409 1781950511 1781950511 2 2669129 4660 10554 5122 10108 6003 10032 5535 -1 
2980 1781950511 1781950511 2 2674429 1113 10193 4126 10053 3170 10053 5626 -1 
7518 1781950511 1781950511 2 2630580 10487 7511 10441 4321 10328 1043 -1 
6418 1781950511 1781950511 2 2668558 133 10053 4126 10053 3170 10053 3650 -1 
6755 1781950511 1781950511 2 2673632 3364 10092 6015 10006 3119 10006 6339 -1 
6883 1781950511 1781950511 2 2572754 3992 10024 5974 10024 6642 10024 6664 -1 
7062 1781950511 1781950511 2 2666460 9514 10261 3369 10050 1612 10092 5205 -1 
7147 1781950511 1781950511 2 2678112 3529 10050 4705 10092 9927 10032 8000 -1 
8079 1781950511 1781950511 2 2658878 4607 10032 83 10032 663 10237 4627 -1 
8267 1781950511 1781950511 2 2677376 2268 10032 7351 10032 412 10032 9354 -1 
7594 1781950511 1781950511 2 2678312 9820 10229 7392 10072 9603 10110 192 10116 -1 
8470 1781950511 1781950511 2 2676322 4643 10032 8162 10032 7770 10176 342 10032 204 -1 
6155 1781950511 1781950511 2 2677929 6359 10032 8702 10032 6405 10032 433 10032 6203 10032 9591 -1 
7419 1781950511 1781950511 2 2678168 6136 10006 8942 10006 7795 10006 5633 10006 5387 10006 3034 10092 478 -1 
8473 1781950511 1781950511 2 2670877 5267 10032 4772 10032 9364 10032 3709 10365 7945 10365 3364 10032 4782 -1 
9906 1781950511 1781950511 2 2662311 10756 1519 10084 9563 10162 9862 -1 
11386 1781950511 1781950511 2 2666789 9132 10038 9899 10137 2624 10260 4457 -1 
10998 1781950511 1781950511 2 2672509 10686 7161 10417 5007 10019 3366 10019 3633 -1 
11395 1781950511 1781950511 2 2660842 203 10001 5420 10001 5110 10019 921 10019 779 -1 
473 1781950511 1781950511 2 2678194 4501 10011 165 10032 9827 10032 51 -1 
1650 1781950511 1781950511 2 2674942 6798 10749 3898 10114 813 10114 20 -1 
912 1781950511 1781950511 2 2657077 3725 10460 867 10122 720 10032 9697 10032 8740 -1 
1622 1781950511 1781950511 2 2670860 9050 10128 9050 10413 9715 10029 9053 10029 6083 -1 
8633 1781950511 1781950511 2 2678341 6578 10202 5041 10156 1612 10176 1787 10064 -1 
10884 1781950511 1781950511 2 2666657 7470 10637 9690 10838 976 10006 9478 10006 6162 -1 
6379 1781950511 1781950511 2 2677929 4093 10063 1914 10063 171 10032 4945 10032 9591 -1 
2556 1781950511 1781950511 2 2677513 6331 10142 6254 10089 1003 10247 1003 10247 163 10174 3911 10174 -1 
6267 1781950511 1781950511 2 2674816 930 10049 7537 10374 7685 10010 18 10032 3364 10054 6160 -1 
1651 1781950511 1781950511 2 2677409 2123 10063 1914 10063 9983 10063 5556 10054 3170 10054 3170 -1 
3096 1781950511 1781950511 2 2666876 364 10072 5724 10299 3372 10050 548 -1 
3808 1781950511 1781950511 2 2660875 6861 10564 8450 10288 2225 10288 2804 -1 
4957 1781950511 1781950511 2 2670877 3246 10090 9876 10032 9539 10032 4782 -1 
3451 1781950511 1781950511 2 2642196 6195 10168 1206 10026 5066 10084 655 10252 2126 -1 
3916 1781950511 1781950511 2 2675011 421 10046 4085 10222 3648 10032 8931 10032 3156 -1 
4359 1781950511 1781950511 2 2672509 2955 10143 9972 10015 9371 10019 7490 10019 3633 -1 
7015 1781950511 1781950511 2 2678188 5616 10006 9230 10006 1445 10006 7943 -1 
8244 1781950511 1781950511 2 2653458 9462 10019 1354 10019 3025 10019 1830 -1 
8321 1781950511 1781950511 2 2678251 1934 10029 126 10114 20 10114 5119 -1 
8777 1781950511 1781950511 2 2667269 4270 10032 8519 10032 6381 10032 9760 -1 
8780 1781950511 1781950511 2 2667775 2173 10032 8519 10032 3364 10032 446 -1 
8870 1781950511 1781950511 2 2677898 9 10032 5555 10032 412 10032 9104 -1 
6535 1781950511 1781950511 2 2675405 10410 3064 10006 9230 10006 6136 10006 2561 -1 
6121 1781950511 1781950511 2 2678163 4672 10006 4355 10006 9937 10006 9693 10006 912 -1 
6243 1781950511 1781950511 2 2676983 459 10108 9855 10032 3648 10032 9 10032 8979 -1 
6644 1781950511 1781950511 2 2674616 1046 10149 8693 10264 3934 10032 1527 10006 3776 -1 
7975 1781950511 1781950511 2 2668429 2574 10032 7425 10032 5590 10032 9796 10032 4832 -1 
8834 1781950511 1781950511 2 2666332 3955 10032 6567 10032 5555 10032 2211 10032 4099 -1 
6341 1781950511 1781950511 2 2675905 8334 10005 3569 10005 955 10005 9923 10005 9567 10005 955 -1 
6399 1781950511 1781950511 2 2660756 1455 10054 3681 10092 2854 10092 2134 10092 8678 10214 9563 -1 
6423 1781950511 1781950511 2 2676495 8817 10005 955 10005 902 10006 4294 10006 3174 10006 6937 -1 
7612 1781950511 1781950511 2 2675298 9308 10019 2106 10019 2446 10019 5800 10019 8672 10019 9412 -1 
8297 1781950511 1781950511 2 2676237 5965 10006 4862 10006 331 10006 4294 10006 1203 10006 7863 -1 
6242 1781950511 1781950511 2 2678089 8016 10176 1366 10050 9996 10050 9563 10092 4132 10092 9927 10032 9927 -1 
7088 1781950511 1781950511 2 2678089 639 10032 8025 10032 459 10032 8886 10032 823 10032 9645 10032 6203 10032 9927 -1 
3404 1781950511 1781950511 2 2666017 4209 10445 5613 10256 7451 10256 3856 -1 
3828 1781950511 1781950511 2 2676929 994 10056 126 10114 730 10006 7396 -1 
7597 1781950511 1781950511 2 2678341 3504 10033 5489 10064 6615 10064 1787 -1 
7623 1781950511 1781950511 2 2650112 7983 10284 5983 10825 6635 10825 5261 -1 
8599 1781950511 1781950511 2 2677782 9023 10637 4602 10177 5626 10053 6715 -1 
7079 1781950511 1781950511 2 2676749 2149 10033 7774 10033 1986 10029 6083 10029 6121 -1 
7483 1781950511 1781950511 2 2672449 4522 10006 9515 10038 9848 10038 9210 10006 5392 10006 9494 -1 
4886 1781950511 1781950511 2 2675800 6670 10925 5661 10054 6160 10054 5824 -1 
5949 1781950511 1781950511 2 2665997 737 10418 8271 10064 3036 10064 6588 -1 
4522 1781950511 1781950511 2 2675212 4825 10247 6202 10009 956 10006 3469 10006 6530 -1 
6487 1781950511 1781950511 2 2678188 769 10066 108 10006 647 10006 7943 -1 
3632 1781950511 1781950511 2 2678068 5050 10076 8012 10076 6336 10006 8937 10006 1022 -1 
6104 1781950511 1781950511 2 2664016 5264 10008 10 10008 833 10032 4230 10032 2052 -1 
8411 1781950511 1781950511 2 2654238 1787 10113 9433 10059 833 10032 9023 10049 1811 -1 
1232 1781950511 1781950511 2 2670877 8731 10004 3830 10024 3861 10032 4782 -1 
1775 1781950511 1781950511 2 2675628 5847 10210 2139 10032 9862 10032 4018 -1 
2507 1781950511 1781950511 2 2677848 5037 10745 6324 10745 4710 10778 542 10054 5824 10054 1156 -1 
6032 1781950511 1781950511 2 2676548 9116 10621 9116 10050 3872 10092 163 -1 
8066 1781950511 1781950511 2 2673246 6816 10150 3331 10032 6381 10064 276 -1 
8657 1781950511 1781950511 2 2670896 10552 1728 10552 5578 10552 483 10552 -1 
8916 1781950511 1781950511 2 2667019 4933 10788 37 10154 3364 10032 6512 -1 
7042 1781950511 1781950511 2 2670020 1735 10019 542 10007 9930 10092 1989 10154 6696 -1 
10986 1781950511 1781950511 2 2665486 6389 10459 799 10032 9998 10032 4367 -1 
11636 1781950511 1781950511 2 2668003 488 10168 7051 10260 1612 10224 2087 -1 
10538 1781950511 1781950511 2 2677523 2876 10036 5700 10036 202 10036 9939 10036 2876 10036 6317 10072 37 10202 163 10092 3034 -1 
8845 1781950511 1781950511 2 2672146 1257 10019 9405 10019 6443 10072 1727 10005 3784 10005 1973 -1 
10759 1781950511 1781950511 2 2674561 6444 10147 8147 10121 7282 10100 157 10114 735 -1 
11185 1781950511 1781950511 2 2676749 2457 10180 182 10459 1787 10345 579 10029 6121 -1 
769 1781950511 1781950511 2 2671080 4947 10015 135 10015 163 10019 7490 10019 6721 -1 
1695 1781950511 1781950511 2 2677848 1571 10759 5096 10759 6558 10647 9486 10647 9797 10054 5824 10054 1156 -1 
8958 1781950511 1781950511 2 2677409 8911 10032 9041 10032 5956 10007 1737 10007 542 10054 3170 10054 3170 -1 
349 1781950511 1781950511 2 2659554 4323 10449 4659 10477 4396 10477 4396 -1 
2336 1781950511 1781950511 2 2678337 1711 10500 8389 10152 6679 10092 9927 10032 1955 -1 
3577 1781950511 1781950511 2 2499060 8642 10195 9674 10032 3505 10032 4607 -1 
8944 1781950511 1781950511 2 2645259 9106 10071 130 10092 2903 10092 2005 -1 
7317 1781950511 1781950511 2 2678196 9949 10005 490 10005 7133 10005 2437 10763 -1 
6853 1781950511 1781950511 2 2678261 8912 10016 738 10016 7379 10016 9720 10016 7939 10016 -1 
6028 1781950511 1781950511 2 2675905 1458 10178 3631 10056 1187 10005 8112 10005 955 -1 
8614 1781950511 1781950511 2 2678232 7879 10092 8738 10033 8255 10006 9408 10006 9335 -1 
8553 1781950511 1781950511 2 2663843 3064 10406 2825 10032 9397 10297 7182 10016 5824 10054 7049 -1 
8699 1781950511 1781950511 2 2678168 9224 10534 8518 10084 1366 10176 612 10297 7182 10016 9927 10092 478 -1 
2538 1781950511 1781950511 2 2671443 776 10263 6061 10263 3459 10263 943 10055 8415 10100 4075 10100 3969 10447 -1 
558 1781950511 1781950511 2 2678196 3618 10180 5171 10180 4883 10005 5400 10005 2437 10763 -1 
4021 1781950511 1781950511 2 2613689 7159 10151 312 10151 8896 10151 9146 10176 4303 10054 1612 10662 -1 
392 1781950511 1781950511 2 2667775 5303 10147 3249 10147 3146 10147 3695 10147 4980 10088 5220 10032 446 -1 
7784 1781950511 1781950511 2 2678033 2212 10093 2257 10093 2543 10272 2279 10417 956 10006 9408 10006 9835 -1 
2797 1781950511 1781950511 2 2676085 7878 10031 5188 10031 1271 10031 529 10031 529 10031 5662 10034 5026 10005 5400 -1 
4798 1781950511 1781950511 2 2678194 6325 10183 7326 10050 3940 10092 9927 10032 51 -1 
4938 1781950511 1781950511 2 2677848 5559 10227 6668 10054 8768 10054 5824 10054 1156 -1 
6951 1781950511 1781950511 2 2671373 9736 10032 9018 10032 2206 10032 823 10032 447 -1 
8840 1781950511 1781950511 2 2661594 8110 10064 6668 10019 2380 10019 8949 10006 61 -1 
6235 1781950511 1781950511 2 2678315 2608 10019 9840 10019 9110 10019 7376 10315 7957 10315 914 -1 
7328 1781950511 1781950511 2 2631376 4241 10054 5003 10032 8491 10032 1719 10054 7256 10032 1995 -1 
6974 1781950511 1781950511 2 2671443 10511 2747 10243 2747 10243 5576 10243 4853 10050 1612 10050 548 10447 3969 -1 
10414 1781950511 1781950511 2 2670910 6317 10036 6192 10036 7243 10032 8500 10032 7426 10032 3729 -1 
4098 1781950511 1781950511 2 2677409 1073 10357 3129 10583 4893 10009 5875 10054 5264 10054 8162 10054 3170 -1 
6162 1781950511 1781950511 2 2677409 3992 10024 419 10066 5121 10345 7049 10054 3170 10054 3170 -1 
10581 1781950511 1781950511 2 2678163 5659 10653 6263 10006 3004 10006 9335 10006 912 -1 
7275 1781950511 1781950511 2 2661844 6344 10008 10 10008 3665 10032 4756 10032 7904 10032 6760 -1 
4003 1781950511 1781950511 2 2672532 10311 407 10076 2489 10076 9312 10076 9994 10076 6353 10084 8392 10243 3872 10131 -1 
1823 1781950511 1781950511 2 2673545 5037 10186 482 10016 2818 10016 9990 10016 2672 -1 
211 1781950511 1781950511 2 2678112 5388 10836 5388 10836 5388 10076 4954 10032 8931 10032 1541 10032 8000 -1 
6071 1781950511 1781950511 2 2669139 8008 10032 4191 10064 8825 10032 3364 10032 9113 -1 
8830 1781950511 1781950511 2 2642756 7322 10154 5581 10264 812 10588 1366 10232 252 -1 
8881 1781950511 1781950511 2 2676749 7887 10029 1511 10029 6083 10029 6083 10029 6121 -1 
8580 1781950511 1781950511 2 2648023 3127 10054 1237 10054 5722 10054 4303 10054 9401 10406 3378 -1 
6337 1781950511 1781950511 2 2676788 5733 10019 3341 10019 2835 10019 4599 10019 9441 10019 6364 10019 268 -1 
8065 1781950511 1781950511 2 2678194 8407 10032 8311 10032 9950 10032 9980 10032 8931 10032 412 10032 51 -1 
1461 1781950511 1781950511 2 2677055 10377 1975 10150 4047 10032 1527 10006 5392 10006 413 -1 
7318 1781950511 1781950511 2 2676409 2611 10643 2869 10032 3955 10006 5197 10006 4827 -1 
6562 1781950511 1781950511 2 2678341 9672 10015 6166 10000 9957 10176 9921 10176 1787 10064 -1 
9331 1781950511 1781950511 2 2674940 3578 10305 1725 10305 838 10121 956 10006 912 10006 3181 10109 -1 
792 1781950511 1781950511 2 2672415 10653 9328 10006 4314 10006 3174 10006 8958 -1 
1160 1781950511 1781950511 2 2677882 9180 10107 8067 10107 7498 10107 9988 10006 431 10006 1169 10006 7140 -1 
4599 1781950511 1781950511 2 2678261 10490 8348 10447 8678 10224 766 10016 7939 -1 
6830 1781950511 1781950511 2 2676443 6041 10005 7212 10005 1727 10005 8112 10005 6182 -1 
7174 1781950511 1781950511 2 2677255 2446 10019 3015 10019 3633 10019 8672 10019 291 -1 
7926 1781950511 1781950511 2 2662800 5733 10592 4443 10084 163 10092 2491 10092 2209 -1 
6176 1781950511 1781950511 2 2678234 100 10005 6182 10005 3961 10005 9567 10005 144 10005 891 -1 
7847 1781950511 1781950511 2 2678188 8943 10006 3119 10006 1567 10006 7401 10006 9693 10006 7943 -1 
8995 1781950511 1781950511 2 2678033 4309 10006 4476 10006 9230 10006 4345 10006 9335 10006 9835 -1 
6842 1781950511 1781950511 2 2667004 2510 10054 4966 10032 340 10032 137 10032 336 10032 8948 10032 8517 -1 
2344 1781950511 1781950511 2 2642783 7627 10185 7822 10592 7008 10592 4810 10006 2970 -1 
5149 1781950511 1781950511 2 2678261 1511 10297 9426 10016 9720 10016 766 10016 7939 -1 
6270 1781950511 1781950511 2 2676862 3566 10031 529 10034 730 10034 5026 10005 5783 -1 
276 1781950511 1781950511 2 2676862 2321 10449 8247 10052 326 10005 7133 10005 955 10005 5783 -1 
8719 1781950511 1781950511 2 2661594 5101 10347 7786 10033 9992 10006 7918 10006 6695 10006 61 -1 
8753 1781950511 1781950511 2 2675867 6546 10032 8118 10031 7122 10031 8199 10012 6121 10006 8980 10006 6038 -1 
5249 1781950511 1781950511 2 2678234 3081 10072 8011 10072 8102 10033 9639 10033 3381 10033 7690 10034 5026 10034 4835 10005 891 -1 
4078 1781950511 1781950511 2 2678297 7290 10352 141 10006 1169 10006 8937 10006 7512 -1 
5165 1781950511 1781950511 2 2678068 4842 10026 4842 10168 5465 10697 7297 10006 6636 10006 9335 10006 1022 -1 
6480 1781950511 1781950511 2 2660798 5289 10828 5289 10032 8948 10032 4108 10032 8886 -1 
6289 1781950511 1781950511 2 2678267 1486 10032 4258 10213 9984 10032 2177 10032 9998 10032 175 -1 
80 1781950511 1781950511 2 2668488 2141 10065 1789 10065 1774 10096 2013 10114 1811 10114 735 10006 4615 -1 
8216 1781950511 1781950511 2 2675843 5330 10054 5185 10196 7797 10196 7797 10196 7797 10196 -1 
8142 1781950511 1781950511 2 2637136 7497 10072 295 10072 8678 10252 3969 10162 5363 10162 923 -1 
6312 1781950511 1781950511 2 2678350 8513 10063 4389 10063 6416 10789 9349 10538 956 10006 9408 10006 9011 -1 
2533 1781950511 1781950511 2 2678188 6711 10446 1928 10012 6121 10006 44 10006 7943 -1 
8869 1781950511 1781950511 2 2678196 3860 10005 144 10005 490 10034 5026 10005 5400 10005 2437 10763 -1 
3875 1781950511 1781950511 2 2651245 10899 3250 10871 6468 10006 8187 10012 1150 10012 5997 -1 
3527 1781950511 1781950511 2 2678034 1034 10081 9201 10031 6311 10006 4638 10006 7140 10006 9033 -1 
7330 1781950511 1781950511 2 2676505 9225 10019 9515 10211 2391 10204 1612 10235 548 10050 163 10202 -1 
5912 1781950511 1781950511 2 2672029 9542 10063 1389 10032 6567 10032 993 10032 6512 10032 6610 -1 
9415 1781950511 1781950511 2 2678194 9026 10180 550 10019 3630 10019 9889 10019 799 10032 51 -1 
350 1781950511 1781950511 2 2677523 8012 10076 3451 10315 5247 10315 37 10202 163 10092 3034 -1 
1436 1781950511 1781950511 2 2678261 408 10039 783 10016 9720 10016 766 10016 7939 10016 7939 -1 
7562 1781950511 1781950511 2 2676075 10131 3262 10131 3911 10050 1612 10050 3872 10092 3372 -1 
6262 1781950511 1781950511 2 2666876 3442 10176 2361 10176 9921 10176 9767 10176 1612 10050 548 -1 
6512 1781950511 1781950511 2 2675884 318 10032 7351 10032 9950 10032 204 10032 823 10032 993 -1 
7230 1781950511 1781950511 2 2664016 7182 10016 8648 10016 2887 10176 5473 10176 9921 10176 9767 -1 
8093 1781950511 1781950511 2 2677512 2493 10054 3918 10054 7289 10032 8931 10032 8931 10032 412 10032 6203 -1 
9016 1781950511 1781950511 2 2677240 5804 10440 1069 10348 5324 10032 8025 10032 9104 10032 542 10053 6447 -1 
6510 1781950511 1781950511 2 2678267 686 10072 5976 10072 311 10032 9998 10032 1541 10032 823 10032 175 -1 
11264 1781950511 1781950511 2 2675581 6728 10222 4173 10090 972 10006 1677 10006 3563 10006 3174 10006 6632 -1 
921 1781950511 1781950511 2 2664704 10753 220 10024 1880 10024 1096 10237 7454 10237 6381 -1 
2261 1781950511 1781950511 2 2678261 3887 10443 2067 10016 6497 10016 9720 10016 7939 10016 -1 
3728 1781950511 1781950511 2 2676493 5315 10305 2260 10032 1809 10032 9827 10032 3364 10032 5032 -1 
4223 1781950511 1781950511 2 2676053 3490 10724 8494 10005 7099 10005 7867 10452 1487 10452 1487 -1 
6441 1781950511 1781950511 2 2677039 4518 10006 3579 10006 314 10006 3657 10006 4355 10006 6269 -1 
6982 1781950511 1781950511 2 2651993 779 10019 9347 10053 9252 10053 9252 10053 133 10053 9534 -1 
7478 1781950511 1781950511 2 2677003 8925 10032 4749 10088 9898 10088 1661 10032 1661 10032 412 -1 
7513 1781950511 1781950511 2 2677636 9408 10006 7996 10006 3472 10032 3013 10024 419 10024 8619 10024 4056 -1 
7607 1781950511 1781950511 2 2677476 2990 10012 1150 10012 9459 10012 1147 10012 4852 10012 6121 10006 945 -1 
8075 1781950511 1781950511 2 2674772 5997 10012 16 10012 9459 10012 4852 10012 8818 10012 1147 10012 4852 -1 
4301 1781950511 1781950511 2 2678371 4160 10272 7858 10006 6264 10006 9408 10006 9408 10006 4556 -1 
5189 1781950511 1781950511 2 2668784 6849 10323 4104 10032 4788 10032 1541 10032 3364 10032 9356 -1 
9299 1781950511 1781950511 2 2677882 1221 10323 4080 10664 6657 10006 5608 10006 5334 10006 2032 10006 7140 -1 
8104 1781950511 1781950511 2 2676077 10110 5854 10076 8235 10651 86 10032 833 10032 6003 10032 4694 10538 7376 -1 
1476 1781950511 1781950511 2 2678261 10917 2428 10016 9699 10016 1839 10016 9720 10016 7939 10016 -1 
6089 1781950511 1781950511 2 2676505 7433 10019 7456 10019 2835 10019 9889 10019 6364 10050 163 10202 -1 
11149 1781950511 1781950511 2 2658626 3782 10210 9010 10032 2717 10032 7895 10032 9697 10032 7904 -1 
6887 1781950511 1781950511 2 2677143 8929 10072 9156 10032 1809 10032 1592 10032 1661 10032 6203 10406 -1 
8862 1781950511 1781950511 2 2672615 6111 10090 1330 10121 3364 10032 823 10032 8702 10032 3364 10032 5012 -1 
6627 1781950511 1781950511 2 2677409 7711 10152 6679 10092 1948 10626 1948 10214 8518 10054 3170 -1 
6616 1781950511 1781950511 2 2678267 10154 6604 10348 163 10064 37 10202 163 10092 9927 10032 175 -1 
7165 1781950511 1781950511 2 2677512 7135 10032 7136 10032 6567 10032 5915 10032 7904 10032 823 10032 6203 -1 
8245 1781950511 1781950511 2 2672532 8633 10313 9543 10447 9449 10176 1612 10050 1612 10050 3872 10131 -1 
1186 1781950511 1781950511 2 2678232 2480 10599 2581 10090 61 10006 13 10006 6632 10006 4827 10006 1169 10006 9335 -1 
5683 1781950511 1781950511 2 2677259 6288 10051 766 10016 9720 10016 9990 10016 766 10016 766 10016 7583 -1 
10345 1781950511 1781950511 2 2643982 10882 5211 10032 2206 10032 1005 10032 1892 10032 9902 10032 7454 10016 5870 -1 
10389 1781950511 1781950511 2 2678232 3685 10810 3970 10256 7079 10006 5644 10006 1174 10006 1445 10006 6269 10006 9335 -1 
1241 1781950511 1781950511 2 2678194 5890 10008 5556 10019 5278 10019 7376 10315 37 10202 163 10092 9927 10032 51 -1 
6913 1781950511 1781950511 2 2677138 2242 10116 4759 10084 3911 10214 9449 10050 1612 10050 6364 10019 8672 10019 4403 -1 
4893 1781950511 1781950511 2 2676620 6034 10339 4155 10165 7816 10024 6642 10024 5525 10006 5068 10006 9835 10006 4679 10006 331 10006 6069 -1 
1373 1781950511 1781950511 3 2665720 4470 10836 5388 10836 8461 10836 8461 -1 
2245 1781950511 1781950511 3 2665720 468 10076 3185 10076 5676 10076 8461 10836 8461 -1 
3485 1781950511 1781950511 3 2578023 418 10447 8678 10022 517 -1 
9869 1781950511 1781950511 3 2668273 8359 10038 4793 10032 9950 10032 4096 10585 5129 -1 
3059 1781950511 1781950511 3 2668273 3722 10032 2557 10032 1438 10032 4096 10585 5129 -1 
2749 1781950511 1781950511 3 2578640 10483 4137 10775 2881 -1 
2232 1781950511 1781950511 3 2583262 2263 10338 3710 10338 2606 -1 
8600 1781950511 1781950511 3 2678299 2025 10288 3055 10093 2257 10093 9987 10833 -1 
64 1781950511 1781950511 3 2604258 6646 10113 9735 10024 3143 10922 4991 -1 
342 1781950511 1781950511 3 2647895 4405 10329 935 10442 7764 10218 4186 -1 
10711 1781950511 1781950511 3 2666620 5480 10841 5106 10032 1265 10864 3644 10392 497 -1 
2970 1781950511 1781950511 3 2672108 3082 10076 9583 10076 4280 10076 642 10076 5289 -1 
9074 1781950511 1781950511 3 2670498 821 10032 6597 10008 10 10008 9623 10008 6557 -1 
4592 1781950511 1781950511 3 2604941 180 10737 9621 10737 4668 10737 957 -1 
10918 1781950511 1781950511 3 2673676 7889 10003 7889 10708 1326 10227 505 -1 
415 1781950511 1781950511 3 2675862 10968 4104 10072 586 -1 
9426 1781950511 1781950511 3 2673065 4995 10031 9877 10019 8463 10162 -1 
9111 1781950511 1781950511 3 2654719 9951 10328 9996 10072 7962 -1 
4535 1781950511 1781950511 3 2678175 5212 10029 579 10345 8814 10345 -1 
5494 1781950511 1781950511 3 2667387 6325 10183 1395 10154 6696 10251 1194 10251 -1 
2802 1781950511 1781950511 3 2658540 9323 10334 861 10050 9996 10072 8703 -1 
10565 1781950511 1781950511 3 2667387 5598 10085 7433 10251 6696 10251 1194 10251 -1 
11392 1781950511 1781950511 3 2673065 589 10019 9412 10019 3366 10019 8463 10162 -1 
3567 1781950511 1781950511 3 2640261 6570 10010 1775 10072 9996 -1 
7126 1781950511 1781950511 3 2660727 8842 10397 163 10348 4052 10348 576 10072 1949 -1 
7056 1781950511 1781950511 3 2675229 3341 10084 7708 10033 9992 10033 5601 10038 2367 10072 1903 -1 
7986 1781950511 1781950511 3 2669425 3241 10860 101 10803 4097 -1 
4313 1781950511 1781950511 3 2648646 3615 10020 2872 10603 101 10493 167 -1 
3606 1781950511 1781950511 3 2675757 9935 10240 9635 10076 9540 10076 9963 10111 2765 -1 
5053 1781950511 1781950511 3 2675757 3841 10331 994 10331 4954 10076 3335 10076 3335 10076 9963 10111 2765 -1 
2611 1781950511 1781950511 3 2663827 5769 10054 7236 10374 6777 -1 
9764 1781950511 1781950511 3 2565738 5006 10146 6048 10146 1153 10611 8489 10072 4376 -1 
11461 1781950511 1781950511 3 2675229 7590 10033 3283 10051 9927 10072 307 10072 1903 -1 
1495 1781950511 1781950511 3 2675862 3618 10064 9883 10072 6265 10072 586 -1 
5100 1781950511 1781950511 3 2658093 6767 10024 1767 10144 818 10007 686 -1 
3868 1781950511 1781950511 3 2670068 3125 10121 5607 10315 37 10007 2462 10007 542 -1 
8729 1781950511 1781950511 3 2675229 5494 10154 5250 10072 364 10072 1903 -1 
9728 1781950511 1781950511 3 2618803 6051 10050 8883 10072 364 10072 4875 -1 
522 1781950511 1781950511 3 2640261 10115 2747 10243 844 10072 119 10072 9996 -1 
3850 1781950511 1781950511 3 2664177 2223 10026 4317 10019 720 10122 5979 10063 6660 -1 
9328 1781950511 1781950511 3 2675757 7070 10084 163 10050 3989 10176 2594 10176 3632 10235 8157 10111 9963 10111 2765 -1 
2948 1781950511 1781950511 3 2675757 3254 10266 2013 10111 9963 10111 9963 10111 2765 -1 
4722 1781950511 1781950511 3 2514072 10198 6353 10737 9834 10737 9834 10737 1829 -1 
1228 1781950511 1781950511 3 2677886 6943 10521 6992 10072 1669 10072 119 10072 2666 -1 
5653 1781950511 1781950511 3 2642597 7132 10190 8136 10190 6877 10032 4133 10074 6501 10074 4515 10074 9773 -1 
11278 1781950511 1781950511 3 2677886 850 10033 313 10033 6358 10211 9996 10072 119 10072 364 10072 119 10072 2666 -1 
9801 1781950511 1781950511 3 2667662 2415 10696 2415 10696 9717 10786 7412 -1 
11010 1781950511 1781950511 3 2669828 3831 10148 9020 10696 2415 10696 9717 10786 7925 -1 
11591 1781950511 1781950511 3 2673888 5343 10545 8291 10211 1286 -1 
1808 1781950511 1781950511 3 2668047 7387 10176 7244 10049 -1 
9421 1781950511 1781950511 3 2577549 8091 10033 9945 10031 2693 10056 2693 -1 
9409 1781950511 1781950511 3 2674946 9982 10356 7708 10033 1004 10033 9927 10038 9931 -1 
10734 1781950511 1781950511 3 2677913 7746 10309 1756 10309 1756 10449 9991 10264 9991 10264 -1 
9690 1781950511 1781950511 3 2672931 7103 10052 964 10158 5406 10038 9132 10038 618 10038 8652 -1 
5118 1781950511 1781950511 3 2675134 8751 10072 9883 10092 2912 10084 -1 
10133 1781950511 1781950511 3 2659013 6792 10019 5352 10019 9961 10448 -1 
10204 1781950511 1781950511 3 2677913 6498 10019 7376 10264 9991 10264 -1 
3136 1781950511 1781950511 3 2674618 2377 10264 8076 10264 4694 10718 3371 -1 
9025 1781950511 1781950511 3 2673970 7299 10051 8593 10019 9376 10883 5701 10865 2045 -1 
6604 1781950511 1781950511 3 2678067 9776 10608 8131 10147 4714 -1 
1197 1781950511 1781950511 3 2678067 4930 10710 1182 10147 4714 -1 
3662 1781950511 1781950511 3 2588028 7511 10032 9991 10449 3915 -1 
10763 1781950511 1781950511 3 2656749 9017 10806 1458 10064 5655 10465 3284 10350 -1 
10077 1781950511 1781950511 3 2628133 2984 10297 2145 10297 2710 10297 9426 10297 5067 10297 9727 -1 
3948 1781950511 1781950511 3 2671893 1946 10054 387 10031 1407 10031 9942 10031 3857 -1 
9450 1781950511 1781950511 3 2661629 160 10056 1187 10056 602 10056 3836 10056 576 10725 -1 
9590 1781950511 1781950511 3 2674946 7718 10031 9367 10038 1373 10038 6234 10038 1813 10038 9931 -1 
2526 1781950511 1781950511 3 2663022 4996 10074 9425 10180 5171 10180 5171 10180 5171 10180 8200 -1 
9601 1781950511 1781950511 3 2675676 1163 10072 307 10072 8786 10019 8816 -1 
6725 1781950511 1781950511 3 2595584 5956 10032 7544 10253 3841 10789 218 10032 625 -1 
443 1781950511 1781950511 3 2669296 3275 10032 757 10032 9864 -1 
1930 1781950511 1781950511 3 2647198 475 10016 9611 10019 3433 -1 
3281 1781950511 1781950511 3 2561162 10910 4861 10439 3680 10237 8696 -1 
5286 1781950511 1781950511 3 2666553 2061 10010 5022 10054 5561 10054 7390 -1 
4320 1781950511 1781950511 3 2673365 10122 4110 10558 5544 10558 6238 -1 
3292 1781950511 1781950511 3 2672315 1466 10175 1341 10024 3275 10032 4945 -1 
10452 1781950511 1781950511 3 2672664 5398 10637 9898 10088 3682 10088 5860 -1 
10892 1781950511 1781950511 3 2665113 6959 10030 2043 10019 382 10054 3230 -1 
4245 1781950511 1781950511 3 2655739 8778 10019 921 10019 6757 10019 154 -1 
10046 1781950511 1781950511 3 2674031 9973 10032 9998 10032 8520 10032 2293 -1 
11693 1781950511 1781950511 3 2676445 5823 10159 5557 10159 9675 10032 6405 10032 8520 10032 823 -1 
4349 1781950511 1781950511 3 2677825 9247 10032 5596 10032 7985 10032 8520 10032 1486 -1 
5435 1781950511 1781950511 3 2667404 6938 10174 812 10176 6359 10032 3102 10032 136 -1 
10488 1781950511 1781950511 3 2676445 4432 10032 1987 10032 2712 10032 8520 10032 823 -1 
3344 1781950511 1781950511 3 2674574 8761 10072 119 10072 119 10072 1575 10072 8291 10179 2905 10019 6364 -1 
5361 1781950511 1781950511 3 2664779 10609 101 10251 8678 10009 4553 10054 6394 -1 
4454 1781950511 1781950511 3 2614218 10803 7127 10032 4258 10213 523 10316 9697 -1 
6665 1781950511 1781950511 3 2648598 7453 10461 6639 10878 7026 10878 1893 10334 -1 
2914 1781950511 1781950511 3 2672664 1509 10540 3477 10113 3682 10277 3682 10088 5860 -1 
3766 1781950511 1781950511 3 2649652 2363 10392 783 10016 1839 -1 
4934 1781950511 1781950511 3 2661581 2166 10589 9716 10833 5347 -1 
11359 1781950511 1781950511 3 2676678 8263 10033 7408 10417 8794 10392 1228 10019 5155 -1 
11147 1781950511 1781950511 3 2678341 9183 10104 6940 10104 6975 10104 2368 10392 1228 10064 1787 -1 
5377 1781950511 1781950511 3 2665113 42 10026 4512 10097 5819 10054 3230 -1 
8578 1781950511 1781950511 3 2672975 7060 10032 5921 10097 5819 10054 1252 -1 
4411 1781950511 1781950511 3 2507041 8711 10064 6056 10032 8311 -1 
5259 1781950511 1781950511 3 2669211 6163 10214 1015 10763 8178 -1 
5268 1781950511 1781950511 3 2678312 10627 2745 10621 2745 10229 9772 10116 192 -1 
4213 1781950511 1781950511 3 2670896 3627 10144 818 10026 1313 10026 3407 10168 483 10552 -1 
10526 1781950511 1781950511 3 2645083 8562 10552 1728 10552 4610 -1 
10978 1781950511 1781950511 3 2678312 2997 10116 9772 10116 192 -1 
11948 1781950511 1781950511 3 2660371 7095 10033 5218 10019 5443 10084 5745 -1 
9215 1781950511 1781950511 3 2674004 10124 7020 10124 2338 10064 3016 10019 1262 -1 
11249 1781950511 1781950511 3 2677255 6179 10195 3790 10195 3059 10064 1228 10019 291 -1 
3938 1781950511 1781950511 3 2678089 9360 10296 6385 10032 433 10032 9927 -1 
9807 1781950511 1781950511 3 2678312 4466 10087 7052 10214 9772 10116 192 -1 
51 1781950511 1781950511 3 2576370 3080 10032 5596 10032 3315 10054 8539 -1 
3855 1781950511 1781950511 3 2643218 7683 10032 2893 10019 4599 10019 6129 -1 
5482 1781950511 1781950511 3 2674004 9900 10019 2446 10019 4599 10019 1262 -1 
5529 1781950511 1781950511 3 2662121 9171 10447 9957 10176 9589 10176 9921 -1 
9191 1781950511 1781950511 3 2615258 5515 10033 313 10033 9301 10032 6846 10053 5399 10053 645 -1 
9307 1781950511 1781950511 3 2676788 6148 10033 1004 10387 6588 10064 6615 10064 1228 10019 268 -1 
718 1781950511 1781950511 3 2676678 1890 10070 382 10054 1252 10064 6615 10064 1228 10019 5155 -1 
9042 1781950511 1781950511 3 2677512 3588 10032 6111 10149 7606 10032 9976 10032 6203 -1 
515 1781950511 1781950511 3 2670485 7974 10176 5519 10176 3911 10174 812 10064 7743 10064 7366 -1 
5157 1781950511 1781950511 3 2678194 406 10092 3364 10032 9796 10032 1661 10032 433 10032 51 -1 
9779 1781950511 1781950511 3 2677091 6678 10092 8678 10116 37 10064 6615 10064 1228 10019 5627 -1 
2714 1781950511 1781950511 3 2675298 7761 10076 7793 10076 4280 10076 3335 10076 7826 10536 170 10019 9412 -1 
7007 1781950511 1781950511 3 2672286 6164 10032 6019 10122 1783 10019 765 -1 
4044 1781950511 1781950511 3 2651072 10965 8643 10761 8701 10032 7505 -1 
2112 1781950511 1781950511 3 2598154 2524 10008 5939 10032 7904 10004 9638 10204 4948 -1 
3144 1781950511 1781950511 3 2675676 10943 1830 10064 6745 10459 9625 10019 8816 -1 
4598 1781950511 1781950511 3 2674713 8296 10076 5743 10044 4034 10019 5043 -1 
5294 1781950511 1781950511 3 2666470 5722 10478 101 10122 3336 10019 6439 -1 
11211 1781950511 1781950511 3 2678350 2260 10032 6690 10054 1237 10090 450 10090 5387 10006 9011 -1 
2171 1781950511 1781950511 3 2675884 7315 10053 755 10010 1534 10242 2400 10032 993 -1 
4250 1781950511 1781950511 3 2678312 6404 10233 9721 10233 524 10084 3911 10084 4935 10273 9772 10411 9772 10116 192 -1 
896 1781950511 1781950511 3 2676347 6331 10142 1768 10032 1015 10007 1737 10007 5922 10007 1237 10214 -1 
3755 1781950511 1781950511 3 2671443 9064 10176 9972 10121 9583 10121 9092 10111 3969 10447 -1 
5719 1781950511 1781950511 3 2678251 929 10032 134 10072 1895 10057 8026 10057 6480 10057 6873 10114 5119 -1 
11415 1781950511 1781950511 3 2677929 5625 10038 633 10455 8541 10090 8866 10090 9981 10015 135 10015 6513 10247 7683 10032 9591 -1 
10920 1781950511 1781950511 3 2678251 6387 10033 2172 10025 7866 10025 5945 10025 3592 10057 9387 10057 3357 10057 6873 10114 5119 -1 
9205 1781950511 1781950511 3 2678261 10696 2415 10696 9717 10786 7939 10016 -1 
10109 1781950511 1781950511 3 2644444 4342 10344 9020 10444 3614 10019 9192 -1 
6329 1781950511 1781950511 3 2650493 10054 3918 10054 5561 10236 3168 10050 5719 -1 
81 1781950511 1781950511 3 2576077 2165 10015 9605 10084 1160 -1 
1448 1781950511 1781950511 3 2677929 1738 10486 3065 10129 220 10032 9591 -1 
8106 1781950511 1781950511 3 2663105 4148 10064 9883 10072 9961 10019 4030 -1 
8471 1781950511 1781950511 3 2676283 5229 10427 9316 10054 4502 10032 8957 10032 9129 10032 7888 10490 9413 10176 487 -1 
9579 1781950511 1781950511 3 2678052 8155 10134 3063 10281 3293 10006 7851 -1 
8642 1781950511 1781950511 3 2666017 2427 10019 9888 10531 5367 10256 3856 -1 
8921 1781950511 1781950511 3 2677898 5119 10114 8321 10114 2013 10111 6589 10129 220 10032 9104 -1 
3678 1781950511 1781950511 3 2674712 9049 10537 7411 10537 5170 10092 4132 10092 8869 -1 
9849 1781950511 1781950511 3 2678159 8413 10237 8436 10108 4972 -1 
10674 1781950511 1781950511 3 2663991 6952 10251 4219 10064 3940 -1 
9771 1781950511 1781950511 3 2677138 10465 5655 10064 9901 10019 4403 -1 
9492 1781950511 1781950511 3 2647198 10601 4313 10601 1857 10019 6843 10019 3433 -1 
5847 1781950511 1781950511 3 2676077 1393 10269 3018 10259 9213 10000 9563 10278 1775 10538 7376 -1 
10342 1781950511 1781950511 3 2648755 5721 10019 3364 10032 5724 10006 4518 -1 
1003 1781950511 1781950511 3 2678337 10877 535 10032 362 10032 842 10032 1955 -1 
11964 1781950511 1781950511 3 2647465 2984 10592 7328 10034 730 10034 723 10034 3026 -1 
11585 1781950511 1781950511 3 2677232 7036 10159 9098 10159 2542 10159 6962 10688 4286 10408 8450 10016 7729 -1 
8596 1781950511 1781950511 3 2601385 5943 10072 2601 10294 7186 10054 1265 -1 
11586 1781950511 1781950511 3 2677365 5369 10040 1538 10093 1538 10093 9911 10093 9933 10272 956 10417 490 10005 1203 -1 
11997 1781950511 1781950511 3 2676962 9576 10035 54 10035 8151 10035 1538 10093 9933 10272 956 10417 490 10005 7977 -1 
4739 1781950511 1781950511 3 2678371 7862 10712 6013 10204 3024 10031 74 10006 4556 -1 
1119 1781950511 1781950511 3 2678194 4903 10805 101 10298 3805 10298 842 10032 51 -1 
11603 1781950511 1781950511 3 2678163 5029 10105 1678 10033 3189 10438 157 10031 1915 10297 6342 10134 3293 10006 912 -1 
10032 1781950511 1781950511 3 2674571 60 10037 3710 10148 9038 10148 1450 10148 5638 10005 4631 -1 
2476 1781950511 1781950511 3 2664016 5676 10076 9249 10090 5923 10076 9434 10176 9767 -1 
3820 1781950511 1781950511 3 2675843 10672 101 10030 631 10196 7797 10196 -1 
5399 1781950511 1781950511 3 2675610 3141 10264 1526 10032 5772 10697 7297 10006 7297 -1 
8346 1781950511 1781950511 3 2670311 2574 10032 6610 10053 121 10113 426 10113 7127 10032 3861 -1 
4405 1781950511 1781950511 3 2677782 10824 4776 10824 622 10824 5626 10053 6715 -1 
4897 1781950511 1781950511 3 2678341 9959 10176 9589 10176 1787 10064 -1 
5280 1781950511 1781950511 3 2672113 7736 10269 9930 10269 9930 10092 5798 -1 
11637 1781950511 1781950511 3 2678350 3748 10051 5928 10051 1237 10090 9033 10006 9011 -1 
9772 1781950511 1781950511 3 2678168 6273 10038 8610 10038 9848 10038 9927 10222 9927 10092 478 -1 
11168 1781950511 1781950511 3 2675298 7244 10229 1612 10269 9930 10019 9412 -1 
1434 1781950511 1781950511 3 2678337 4929 10128 8520 10032 7491 10032 433 10032 1955 10032 -1 
4855 1781950511 1781950511 3 2674382 450 10032 9823 10032 6686 10054 7043 10054 5934 10121 37 10315 6830 -1 
11745 1781950511 1781950511 3 2671862 6165 10394 4179 10007 2333 10007 308 10092 1588 -1 
4195 1781950511 1781950511 3 2584123 6613 10076 7384 10072 119 10072 8243 10176 6797 -1 
11981 1781950511 1781950511 3 2668558 4331 10412 542 10007 1737 10007 1737 10007 542 10053 3650 -1 
10239 1781950511 1781950511 3 2610671 5646 10180 2812 10180 5898 10272 3696 10006 5065 -1 
9988 1781950511 1781950511 3 2678194 7809 10051 5206 10051 1121 10051 6554 10637 6203 10032 51 -1 
574 1781950511 1781950511 3 2676053 8873 10047 9577 10047 4379 10452 1487 10452 -1 
1721 1781950511 1781950511 3 2673511 4405 10329 6840 10791 7472 10088 4920 10088 -1 
4551 1781950511 1781950511 3 2657125 1981 10364 861 10455 4596 10149 8419 -1 
10004 1781950511 1781950511 3 2672532 10620 5494 10620 5701 10131 3872 -1 
9271 1781950511 1781950511 3 2658052 10052 5697 10084 9605 10084 3969 10232 -1 
10835 1781950511 1781950511 3 2678168 9955 10038 5833 10038 1813 10038 8652 10038 9927 10092 478 -1 
5201 1781950511 1781950511 3 2669479 10529 8331 10224 5701 10358 308 10092 1238 -1 
10938 1781950511 1781950511 3 2672532 4379 10162 1237 10092 4219 10092 3872 10131 -1 
592 1781950511 1781950511 3 2672532 4125 10521 3169 10033 4730 10050 3872 10131 -1 
2625 1781950511 1781950511 3 2659105 10741 4648 10942 4648 10131 7551 10546 9975 10196 7450 -1 
8135 1781950511 1781950511 3 2647291 2268 10032 4344 10222 6820 10347 3284 10443 5701 10064 6545 -1 
633 1781950511 1781950511 3 2678261 4668 10289 7582 10015 135 10015 576 10211 6463 10016 7939 10016 -1 
9665 1781950511 1781950511 3 2652348 8155 10281 3576 10146 1180 10146 8824 10108 300 -1 
2665 1781950511 1781950511 3 2658565 218 10400 1401 10019 7134 10019 4645 -1 
7914 1781950511 1781950511 3 2673904 8963 10032 8995 10032 4126 10789 218 10032 1541 10032 6901 -1 
10902 1781950511 1781950511 3 2672975 8352 10135 3340 10529 1922 10529 1945 10054 5758 10054 1252 -1 
10217 1781950511 1781950511 3 2676788 4692 10072 1575 10072 119 10072 8011 10072 0 10072 8480 10019 7490 10019 268 -1 
2943 1781950511 1781950511 3 2677523 3970 10661 6548 10019 2491 10092 3034 -1 
4035 1781950511 1781950511 3 2671494 2377 10032 6240 10024 7650 10024 38 -1 
4192 1781950511 1781950511 3 2671443 8807 10090 2842 10259 1237 10176 5485 10176 7509 10176 548 10447 3969 -1 
4747 1781950511 1781950511 3 2675011 6732 10176 2491 10092 1526 10032 1553 10054 2293 10032 3156 -1 
2969 1781950511 1781950511 3 2667119 10922 7727 10922 7727 10449 757 10118 5846 10118 1309 -1 
715 1781950511 1781950511 3 2677636 6974 10766 101 10318 5711 10024 7650 10024 4056 -1 
7879 1781950511 1781950511 3 2677143 3073 10372 2379 10000 8731 10554 8889 10032 6203 10406 -1 
7787 1781950511 1781950511 3 2672532 6078 10016 9720 10016 841 10269 9930 10092 3872 10131 -1 
9813 1781950511 1781950511 3 2650904 5705 10442 4599 10019 1807 10019 5826 -1 
9950 1781950511 1781950511 3 2675132 8352 10135 3168 10720 3744 10196 7797 10196 8768 -1 
4512 1781950511 1781950511 3 2678298 9389 10063 4138 10076 7715 10076 5743 10092 5030 10006 9408 -1 
1104 1781950511 1781950511 3 2678312 10808 1824 10411 8678 10872 192 10116 -1 
3305 1781950511 1781950511 3 2677409 7339 10054 4384 10054 5824 10054 3170 -1 
4374 1781950511 1781950511 3 2668941 1575 10072 119 10072 9574 10019 7117 10019 9069 10019 6 -1 
5429 1781950511 1781950511 3 2671355 5808 10004 2405 10004 9486 10647 9409 10345 8711 10032 9760 10032 1592 -1 
9587 1781950511 1781950511 3 2643012 420 10036 2997 10019 9964 10032 7308 10032 8076 -1 
9481 1781950511 1781950511 3 2677523 3805 10298 4586 10509 5692 10084 5447 10174 3372 10092 3034 -1 
4828 1781950511 1781950511 3 2675676 7543 10259 1193 10447 7914 10019 5278 10019 8816 -1 
5254 1781950511 1781950511 3 2677848 5736 10671 5345 10671 812 10174 5447 10174 6216 10054 1156 -1 
11899 1781950511 1781950511 3 2677513 5706 10231 964 10105 964 10052 2279 10545 192 10235 9170 10084 3911 10174 3911 -1 
2040 1781950511 1781950511 3 2672293 1376 10032 1892 10032 2568 10032 7904 10032 6003 -1 
4918 1781950511 1781950511 3 2670400 10227 7852 10032 8825 10032 93 10251 6696 10154 1414 -1 
3621 1781950511 1781950511 3 2677409 5859 10053 5768 10053 3139 10054 2018 10054 8162 10054 3170 -1 
997 1781950511 1781950511 3 2677848 2551 10064 37 10154 542 10032 7308 10032 6003 10032 7543 10032 3364 10054 1156 -1 
8219 1781950511 1781950511 3 2675225 3630 10019 7815 10072 8434 10050 163 10050 -1 
7136 1781950511 1781950511 3 2672315 6105 10032 7115 10032 2988 10011 9938 10406 8948 10032 4945 -1 
3680 1781950511 1781950511 3 2669129 2723 10076 7761 10072 9966 10032 1304 10032 5535 -1 
5909 1781950511 1781950511 3 2678267 2943 10032 4573 10156 406 10032 9927 10032 175 -1 
6395 1781950511 1781950511 3 2676165 4933 10149 8305 10156 9981 10090 9981 10092 3872 10092 9316 -1 
7739 1781950511 1781950511 3 2677255 4717 10032 3253 10032 8528 10032 8009 10459 9625 10459 9625 10019 8672 10019 291 -1 
4544 1781950511 1781950511 3 2678033 4902 10253 685 10193 8507 10006 9335 10006 9835 -1 
6190 1781950511 1781950511 3 2678337 4139 10006 834 10277 7869 10277 6576 10092 9927 10032 1955 -1 
724 1781950511 1781950511 3 2678267 4768 10002 3832 10002 918 10002 6252 10693 6030 10092 9927 10032 175 -1 
6485 1781950511 1781950511 3 2673863 9 10007 3293 10006 4309 10006 630 -1 
8002 1781950511 1781950511 3 2678267 3152 10032 7546 10693 6030 10092 9927 10032 175 -1 
10266 1781950511 1781950511 3 2676929 4917 10446 6075 10434 2775 10006 6069 10006 7396 -1 
1643 1781950511 1781950511 3 2667875 5304 10032 7803 10032 5853 10032 6405 -1 
1667 1781950511 1781950511 3 2678168 4871 10092 4107 10092 9927 10092 478 -1 
4882 1781950511 1781950511 3 2659449 7241 10125 7608 10118 1873 10118 2535 -1 
4680 1781950511 1781950511 3 2677091 9772 10273 5581 10214 5891 10019 9441 10019 5627 -1 
10691 1781950511 1781950511 3 2660371 5964 10040 5395 10592 4443 10084 163 10084 5745 -1 
11722 1781950511 1781950511 3 2678234 9194 10104 9575 10034 247 10005 6182 10005 891 -1 
5003 1781950511 1781950511 3 2676678 2797 10461 8678 10214 5891 10019 9441 10019 5155 -1 
5370 1781950511 1781950511 3 2677376 7577 10727 4461 10727 5466 10032 8076 10264 3934 10032 1661 10032 9354 -1 
9026 1781950511 1781950511 3 2674429 778 10019 4317 10019 5196 10019 1612 10053 5626 -1 
2463 1781950511 1781950511 3 2676788 6879 10209 7875 10092 1218 10050 6002 10050 4730 10050 6364 10019 268 -1 
11641 1781950511 1781950511 3 2677240 9097 10185 3087 10185 6441 10185 8971 10177 5626 10053 6447 -1 
10401 1781950511 1781950511 3 2678159 6418 10147 691 10147 7516 10147 3146 10147 4980 10088 4972 10108 -1 
4452 1781950511 1781950511 3 2678168 6767 10415 4555 10038 4730 10050 3872 10092 478 -1 
4605 1781950511 1781950511 3 2676749 9156 10178 471 10211 826 10029 4408 10029 6121 -1 
9349 1781950511 1781950511 3 2674199 6498 10185 5144 10177 7952 10041 7586 10228 4810 10228 3478 -1 
11409 1781950511 1781950511 3 2678234 5406 10151 1147 10038 9848 10038 4879 10034 4835 10005 891 -1 
9692 1781950511 1781950511 3 2668420 3060 10592 5395 10040 529 10031 4849 10092 8712 10178 8712 -1 
11471 1781950511 1781950511 3 2675252 3896 10234 7547 10234 5994 10312 576 10158 922 10158 4843 10034 5026 10005 144 -1 
5837 1781950511 1781950511 3 2677896 9884 10092 8867 10158 281 10139 281 10158 4843 10034 5026 10005 4835 -1 
4940 1781950511 1781950511 3 2672747 359 10044 359 10044 7810 10332 6203 10032 7524 10032 5830 -1 
4404 1781950511 1781950511 3 2673179 4839 10009 4903 10090 709 10006 4009 10006 4336 -1 
3902 1781950511 1781950511 3 2677409 4977 10157 8272 10157 4695 10054 3170 10054 3170 -1 
11319 1781950511 1781950511 3 2676347 6733 10093 8957 10053 4126 10053 3170 10053 1237 10214 -1 
11882 1781950511 1781950511 3 2666783 4177 10109 189 10114 121 10534 1366 10050 192 10110 -1 
2709 1781950511 1781950511 3 2678341 10767 4929 10128 6118 10237 2039 10053 170 10176 9921 10176 1787 10064 -1 
3708 1781950511 1781950511 3 2677409 3490 10724 101 10406 6003 10316 3012 10198 9792 10032 2293 10054 3170 -1 
9591 1781950511 1781950511 3 2678261 10152 576 10016 9720 10016 738 10016 7379 10016 9720 10016 7939 10016 -1 
9034 1781950511 1781950511 3 2678261 403 10529 1922 10529 8331 10185 807 10052 576 10016 766 10016 7939 10016 -1 
6927 1781950511 1781950511 3 2678267 3133 10737 1573 10737 9834 10737 992 10315 213 10092 9927 10032 175 -1 
3044 1781950511 1781950511 3 2672608 928 10118 6438 10118 1574 10118 3765 10118 2539 -1 
3731 1781950511 1781950511 3 2677021 5342 10019 3724 10016 9720 10016 766 10016 9720 -1 
7560 1781950511 1781950511 3 2677825 425 10032 174 10032 9953 10756 7940 10019 2023 10019 9927 10032 1486 -1 
1029 1781950511 1781950511 3 2676532 6575 10064 7896 10054 2018 10054 3504 10032 9925 10032 1661 -1 
2444 1781950511 1781950511 3 2678112 10624 1486 10032 9041 10032 6561 10032 9976 10032 823 10032 1661 10032 8000 -1 
8012 1781950511 1781950511 3 2661816 2709 10084 5935 10772 6861 10162 9449 10176 9921 10176 6466 -1 
4797 1781950511 1781950511 3 2671355 4605 10537 8356 10364 8486 10364 5974 10024 8619 10032 8931 10032 1592 -1 
5872 1781950511 1781950511 3 2671443 3383 10265 2390 10015 9972 10176 9921 10176 548 10447 3969 -1 
5295 1781950511 1781950511 3 2678315 9262 10092 482 10602 101 10118 213 10315 7957 10315 914 -1 
1760 1781950511 1781950511 3 2676347 1224 10331 6301 10021 544 10092 1238 10092 1237 10214 -1 
4505 1781950511 1781950511 3 2676445 9520 10019 9874 10032 6770 10032 412 10032 823 -1 
2800 1781950511 1781950511 3 2671997 550 10009 37 10064 6146 10032 84 10032 6512 10032 6686 10032 9216 -1 
106 1781950511 1781950511 3 2676077 9388 10106 7694 10567 9813 10019 1893 10538 4694 10538 7376 -1 
5676 1781950511 1781950511 3 2671715 392 10092 60 10297 723 10034 3864 10034 730 10034 6524 -1 
3994 1781950511 1781950511 3 2677848 10621 5622 10000 6029 10050 6216 10054 8162 10054 1156 -1 
9380 1781950511 1781950511 3 2678112 10152 6817 10152 576 10092 1238 10855 1238 10092 163 10092 9927 10032 8000 -1 
4557 1781950511 1781950511 3 2677245 10647 7778 10246 2499 10005 9567 10005 6543 10005 4835 10034 -1 
11355 1781950511 1781950511 3 2678234 10868 717 10330 1392 10841 6777 10114 730 10034 4835 10005 891 -1 
4299 1781950511 1781950511 3 2675132 5922 10007 6517 10019 3113 10019 4585 10032 6567 10032 3679 10196 7797 10196 8768 -1 
5873 1781950511 1781950511 3 2662462 753 10196 8845 10632 5121 10032 9925 10032 350 10032 5915 10032 9507 -1 
10732 1781950511 1781950511 3 2675690 4484 10297 7373 10640 9731 10016 9720 10016 1002 10016 9720 10016 766 -1 
11112 1781950511 1781950511 3 2659542 7480 10032 948 10032 8702 10032 2865 10032 4096 10032 6770 -1 
11846 1781950511 1781950511 3 2678261 3525 10231 1790 10520 6875 10348 9704 10564 9704 10698 2624 10260 766 10016 7939 10016 -1 
9175 1781950511 1781950511 3 2671619 5735 10031 4694 10032 1805 10237 559 10237 3857 10032 1592 10032 1541 -1 
4950 1781950511 1781950511 3 2675884 2361 10393 8903 10032 9925 10032 350 10032 823 10032 993 -1 
9250 1781950511 1781950511 3 2677703 6180 10051 1886 10051 82 10051 9357 10072 74 10006 9331 10006 331 10006 7297 10006 4973 -1 
10966 1781950511 1781950511 3 2673863 5891 10005 247 10034 5662 10005 902 10006 4354 10006 630 -1 
8960 1781950511 1781950511 3 2676862 6797 10022 6490 10155 5099 10005 4240 10005 9567 10005 6336 10005 5783 -1 
5558 1781950511 1781950511 3 2678112 9456 10214 1185 10273 4596 10032 6686 10032 823 10032 9927 10032 8000 -1 
585 1781950511 1781950511 3 2675843 7672 10305 2260 10054 2510 10054 5157 10054 9401 10196 7797 10196 -1 
3757 1781950511 1781950511 3 2676493 9197 10084 4245 10058 8118 10032 823 10032 1541 10032 1661 10032 5032 -1 
411 1781950511 1781950511 3 2675884 6434 10229 8778 10662 2893 10032 859 10032 5792 10032 1661 10032 993 -1 
10119 1781950511 1781950511 3 2676705 3287 10019 2222 10038 8176 10038 9968 10034 3026 10034 53 10034 5026 10005 144 10005 2855 -1 
4357 1781950511 1781950511 4 2672108 8324 10010 7603 10076 7715 10076 9963 10111 9963 10076 5289 -1 
6443 1781950511 1781950511 4 2656230 10563 7051 10116 2837 10116 6207 10116 6207 10588 -1 
6890 1781950511 1781950511 4 2664646 752 10090 3477 10072 7445 -1 
8558 1781950511 1781950511 4 2663778 8795 10247 1357 10247 4431 -1 
6095 1781950511 1781950511 4 2675862 7100 10084 7100 10084 6777 10374 3467 10072 586 -1 
1413 1781950511 1781950511 4 2638995 7732 10175 815 10175 4382 10175 7518 -1 
1675 1781950511 1781950511 4 2643999 5138 10128 1391 10059 2688 10122 3988 -1 
5644 1781950511 1781950511 4 2675757 3660 10656 3002 10656 6746 10076 2765 10111 2765 -1 
8528 1781950511 1781950511 4 2677567 10050 3016 10019 9964 10420 -1 
8601 1781950511 1781950511 4 2652023 1584 10452 93 10264 812 10724 6542 -1 
3630 1781950511 1781950511 4 2667387 5063 10072 9168 10251 6696 10251 1194 10251 -1 
4360 1781950511 1781950511 4 2673284 6581 10009 9923 10374 9080 -1 
327 1781950511 1781950511 4 2622253 10941 1994 10076 9963 10111 2013 -1 
2597 1781950511 1781950511 4 2675757 3185 10076 9437 10076 4954 10331 652 10076 9963 10111 2765 -1 
6526 1781950511 1781950511 4 2653361 3253 10032 1809 10032 9960 10032 4401 10406 5309 10032 165 10011 3045 -1 
4740 1781950511 1781950511 4 2676528 2668 10010 824 10270 8262 10009 3681 10072 119 10072 8427 -1 
1068 1781950511 1781950511 4 2677886 5304 10586 2476 10072 3012 10072 364 10072 2666 -1 
2505 1781950511 1781950511 4 2632311 6521 10379 4440 10168 8795 10168 8982 10168 3407 -1 
544 1781950511 1781950511 4 2677622 8105 10091 2724 10091 9195 10091 8656 10091 933 10427 -1 
6638 1781950511 1781950511 4 2677622 6696 10251 6696 10251 1194 10091 933 10427 -1 
6073 1781950511 1781950511 4 2654965 9996 10176 1366 10793 7972 10812 7882 -1 
2383 1781950511 1781950511 4 2674618 1726 10586 5806 10207 101 10122 4694 10718 3371 -1 
7036 1781950511 1781950511 4 2674618 9465 10253 8191 10122 4694 10718 3371 -1 
6636 1781950511 1781950511 4 2625348 5956 10032 2054 10211 7079 10211 1735 -1 
5413 1781950511 1781950511 4 2674618 10265 5167 10050 4694 10718 3371 -1 
7440 1781950511 1781950511 4 2675134 7936 10372 9434 10076 810 10076 4815 10076 3872 10092 2912 10084 -1 
9109 1781950511 1781950511 4 2668047 10082 8993 10637 311 10487 3632 10176 7244 10049 -1 
3115 1781950511 1781950511 4 2675134 3186 10015 150 10015 8582 10622 101 10476 7670 10476 7670 10476 1704 10092 3872 10092 2912 10084 -1 
5156 1781950511 1781950511 4 2673970 8565 10072 1059 10358 8754 10287 791 10883 5701 10865 2045 -1 
7906 1781950511 1781950511 4 2677913 4001 10032 6221 10032 8693 10449 9991 10264 -1 
10934 1781950511 1781950511 4 2674946 2622 10633 2491 10315 9987 10040 6054 10038 9931 -1 
6449 1781950511 1781950511 4 2673365 4110 10558 5544 10558 5544 10558 6238 -1 
6809 1781950511 1781950511 4 2598371 6238 10558 5544 10558 5544 10558 8753 -1 
962 1781950511 1781950511 4 2672025 10708 3908 10791 4996 10791 4401 -1 
881 1781950511 1781950511 4 2677376 5013 10737 6288 10032 7209 10032 9354 -1 
2448 1781950511 1781950511 4 2676457 5772 10697 5772 10531 3327 10032 8520 10032 4588 -1 
6474 1781950511 1781950511 4 2674257 6871 10019 8530 10121 5444 10049 5241 10406 3910 -1 
8338 1781950511 1781950511 4 2675628 9401 10049 3792 10054 9862 10032 7209 10032 4018 -1 
8031 1781950511 1781950511 4 2676077 6696 10251 8660 10485 9563 10084 3969 10254 7520 10538 7376 -1 
7894 1781950511 1781950511 4 2676077 1237 10090 4558 10015 135 10015 9972 10072 5745 10084 5622 10254 7520 10538 7376 -1 
3387 1781950511 1781950511 4 2652984 8123 10374 9923 10254 2709 10338 9666 10032 9182 -1 
1565 1781950511 1781950511 4 2676788 10392 2363 10392 1228 10019 268 -1 
6987 1781950511 1781950511 4 2678341 1268 10398 8794 10392 1228 10064 1787 -1 
6199 1781950511 1781950511 4 2678341 9521 10114 3925 10398 8794 10392 1228 10064 1787 -1 
6793 1781950511 1781950511 4 2678089 9672 10032 8491 10032 433 10032 9927 -1 
7235 1781950511 1781950511 4 2674365 1584 10452 1584 10452 4464 10452 9772 10137 9772 10229 4131 -1 
517 1781950511 1781950511 4 2675676 8504 10065 7369 10065 6951 10065 6951 10044 4034 10019 4599 10019 8816 -1 
7861 1781950511 1781950511 4 2672608 10118 6438 10118 3765 10118 4194 10118 2539 -1 
1598 1781950511 1781950511 4 2652668 10101 7235 10032 1546 10478 2069 10032 1263 -1 
3463 1781950511 1781950511 4 2676283 872 10756 4321 10441 332 10092 9829 10176 487 -1 
8492 1781950511 1781950511 4 2676983 7796 10032 1546 10478 2069 10032 2211 10032 8925 10032 8517 10032 8931 10032 433 10032 8979 -1 
7469 1781950511 1781950511 4 2677512 10385 8154 10116 9772 10229 4431 10247 7683 10032 6203 -1 
7987 1781950511 1781950511 4 2677513 8440 10072 8804 10272 5898 10257 3911 10174 -1 
7316 1781950511 1781950511 4 2678312 3721 10054 4502 10054 9772 10229 9772 10411 9772 10116 192 -1 
7501 1781950511 1781950511 4 2678312 9763 10072 8678 10389 3911 10229 9772 10411 9772 10116 192 -1 
7522 1781950511 1781950511 4 2678051 8911 10032 3789 10076 4815 10072 364 10072 9566 10114 4381 -1 
7755 1781950511 1781950511 4 2677138 8264 10289 2565 10555 6936 10019 4403 -1 
5974 1781950511 1781950511 4 2675011 5556 10150 6032 10564 9901 10032 3156 -1 
9096 1781950511 1781950511 4 2671862 3934 10053 4767 10053 8001 10072 119 10072 9991 10092 1588 -1 
3119 1781950511 1781950511 4 2678298 10281 3293 10281 7068 10281 3293 10006 9408 -1 
9806 1781950511 1781950511 4 2678267 7838 10443 1370 10392 5921 10032 842 10032 175 -1 
9531 1781950511 1781950511 4 2666730 10424 6505 10424 3956 10128 9717 10448 9961 10204 1391 -1 
6719 1781950511 1781950511 4 2665741 10447 4705 10092 1984 10092 308 -1 
8292 1781950511 1781950511 4 2661395 9704 10395 2624 10395 1366 10229 9872 10099 9872 10019 9371 10019 9069 -1 
11681 1781950511 1781950511 4 2678194 906 10015 150 10015 9532 10032 842 10032 51 -1 
7140 1781950511 1781950511 4 2677302 3064 10410 4568 10345 7152 10345 579 -1 
7311 1781950511 1781950511 4 2674574 9705 10109 1717 10109 6824 10071 5800 10019 9371 10019 6364 -1 
7013 1781950511 1781950511 4 2674257 5884 10154 3241 10860 5920 10406 9995 10406 3910 -1 
6516 1781950511 1781950511 4 2678018 6588 10037 6588 10016 2043 10019 8450 10016 4677 -1 
7162 1781950511 1781950511 4 2678337 5553 10053 5722 10054 6160 10054 542 10032 842 10032 1955 -1 
6276 1781950511 1781950511 4 2668219 8033 10121 7965 10090 450 10032 9362 10032 9401 10032 1567 10006 251 -1 
7580 1781950511 1781950511 4 2674493 3762 10019 8642 10015 0 10015 191 10015 9589 10032 6877 10032 9950 10032 3364 10032 9645 10032 1661 10032 
8081 1781950511 1781950511 4 2678267 8134 10032 1573 10032 3209 10032 6846 10032 2206 10032 412 10032 842 10032 175 -1 
1683 1781950511 1781950511 4 2677302 7622 10032 7112 10520 7152 10345 579 -1 
2899 1781950511 1781950511 4 2674053 10827 4908 10222 6459 10021 4843 10034 53 -1 
11971 1781950511 1781950511 4 2678018 6360 10120 2752 10120 4770 10408 8450 10016 4677 -1 
7558 1781950511 1781950511 4 2677848 2436 10054 5330 10024 6119 10019 7294 10078 3664 10078 1156 10054 -1 
10450 1781950511 1781950511 4 2677848 4295 10682 5732 10247 9377 10650 332 10078 127 10078 4235 10078 343 10078 1156 10054 -1 
7753 1781950511 1781950511 4 2677868 1995 10901 9703 10090 2581 10599 3554 10697 5772 10697 7297 10006 6636 -1 
8817 1781950511 1781950511 4 2678312 5525 10178 9972 10176 9434 10320 8678 10116 192 -1 
3676 1781950511 1781950511 4 2662228 10972 8116 10084 655 10829 1366 10050 1218 -1 
2257 1781950511 1781950511 4 2669396 2320 10076 5132 10050 9918 10050 3872 10243 3872 10092 6581 10717 8678 10717 -1 
332 1781950511 1781950511 4 2668873 2480 10053 1235 10038 2367 10072 9883 10092 213 -1 
1030 1781950511 1781950511 4 2594772 8501 10066 2085 10049 6386 10461 6534 10032 8225 -1 
6545 1781950511 1781950511 4 2643140 5612 10229 1394 10156 3467 10072 0 10072 9883 10229 496 -1 
7327 1781950511 1781950511 4 2678168 1830 10019 7335 10019 9696 10092 9967 10222 8662 10222 9927 10092 478 -1 
8213 1781950511 1781950511 4 2678194 3270 10718 6172 10038 9927 10032 51 -1 
7166 1781950511 1781950511 4 2678261 4913 10108 7106 10016 7373 10016 7939 10016 -1 
4165 1781950511 1781950511 4 2677409 6258 10462 134 10032 542 10412 542 10054 3170 -1 
6538 1781950511 1781950511 4 2669348 6979 10011 5661 10406 6203 10637 3308 10212 3161 -1 
9998 1781950511 1781950511 4 2660371 1756 10309 2195 10092 6668 10092 2491 10084 5745 -1 
6207 1781950511 1781950511 4 2678337 1000 10467 5706 10052 6169 10154 4585 10092 9927 10032 1955 -1 
3068 1781950511 1781950511 4 2670476 1090 10015 2940 10115 9619 10032 9984 10032 2546 10032 1768 10032 8931 10032 8025 -1 
2752 1781950511 1781950511 4 2676457 8171 10259 5286 10032 412 10053 7167 10032 8134 10032 3102 10032 823 10032 4588 -1 
8972 1781950511 1781950511 4 2676678 10092 2491 10224 6713 10179 2905 10019 8672 10019 5155 -1 
8704 1781950511 1781950511 4 2671539 3132 10523 2086 10523 9745 10294 2888 10113 4796 10054 7256 10054 9797 -1 
8041 1781950511 1781950511 4 2678312 2854 10092 6099 10009 1420 10000 6002 10110 192 10116 -1 
3732 1781950511 1781950511 4 2635732 1988 10318 5711 10149 1834 10032 9401 10032 4497 -1 
7663 1781950511 1781950511 4 2656528 5719 10050 9746 10053 4126 10053 5070 10054 4471 -1 
7935 1781950511 1781950511 4 2676165 4063 10006 5517 10006 3947 10006 5447 10174 5447 10174 3372 10092 9316 -1 
6765 1781950511 1781950511 4 2676512 8640 10032 9350 10032 4849 10092 6015 10006 5392 10006 6340 -1 
7844 1781950511 1781950511 4 2675843 138 10054 8332 10072 2067 10552 1728 10251 8768 10196 7797 -1 
10466 1781950511 1781950511 4 2652388 5486 10041 2361 10162 2067 10552 1728 10552 3132 10239 618 -1 
9264 1781950511 1781950511 4 2677848 2775 10957 2709 10789 860 10054 3170 10054 1156 -1 
9753 1781950511 1781950511 4 2677376 8756 10461 8490 10938 3722 10032 1661 10032 9354 -1 
11988 1781950511 1781950511 4 2651640 1855 10032 1102 10737 9621 10737 4742 10737 8468 10032 5220 10088 2768 -1 
6183 1781950511 1781950511 4 2675843 683 10032 5415 10251 6952 10251 8768 10196 7797 -1 
2189 1781950511 1781950511 4 2678267 10863 3767 10051 1164 10019 4849 10092 9927 10032 175 -1 
7544 1781950511 1781950511 4 2676788 9225 10019 9225 10019 4849 10019 9069 10019 4664 10019 2106 10019 268 -1 
8855 1781950511 1781950511 4 2673971 5610 10534 4395 10082 101 10294 2311 10365 3364 10032 7546 -1 
1665 1781950511 1781950511 4 2671045 10653 218 10253 7770 10415 4555 10038 8988 10006 4615 10006 1135 -1 
8457 1781950511 1781950511 4 2678337 3915 10032 6845 10064 4936 10211 897 10092 9927 10032 1955 -1 
8223 1781950511 1781950511 4 2672029 9275 10034 4941 10564 3291 10705 2173 10032 823 10032 6610 -1 
7198 1781950511 1781950511 4 2678337 9591 10032 6447 10032 8258 10032 5555 10032 7543 10032 1661 10032 1955 10032 -1 
8282 1781950511 1781950511 4 2678261 5870 10016 1434 10016 1978 10016 5368 10016 6850 10016 9720 10016 7939 10016 -1 
6696 1781950511 1781950511 4 2678267 4645 10019 6103 10019 8686 10072 3873 10092 9927 10032 175 -1 
4348 1781950511 1781950511 4 2678371 9899 10204 9899 10272 956 10006 9011 10006 4556 -1 
7849 1781950511 1781950511 4 2678267 1681 10054 5309 10064 276 10064 411 10033 9927 10092 9927 10032 175 -1 
1348 1781950511 1781950511 4 2671862 3335 10076 3451 10315 7811 10315 5247 10315 2491 10092 1588 -1 
8451 1781950511 1781950511 4 2676165 5826 10019 7656 10019 9930 10092 816 10235 548 10050 3872 10092 9316 -1 
2325 1781950511 1781950511 4 2667775 10767 5465 10142 3611 10064 1252 10032 4367 10032 446 -1 
6710 1781950511 1781950511 4 2677255 6191 10032 9367 10032 9336 10032 8387 10092 3872 10050 6364 10019 291 -1 
6090 1781950511 1781950511 4 2677848 9151 10178 393 10092 5743 10032 3364 10054 3170 10054 1156 -1 
1926 1781950511 1781950511 4 2672798 8378 10752 9034 10176 2736 10072 9319 10251 6696 10251 6696 10154 9231 -1 
1770 1781950511 1781950511 4 2677825 9353 10455 1612 10053 5157 10054 929 10063 171 10032 8840 10032 1661 10032 1486 -1 
11639 1781950511 1781950511 4 2678371 1908 10072 119 10072 9863 10142 9988 10006 8937 10006 9011 10006 4556 -1 
3491 1781950511 1781950511 4 2659554 8470 10032 1997 10032 9823 10072 1059 10092 9760 10177 4659 10477 4396 -1 
3566 1781950511 1781950511 4 2678371 6395 10447 3497 10235 6780 10252 655 10229 9883 10072 9991 10006 5392 10006 7977 10006 4556 -1 
3933 1781950511 1781950511 4 2664016 10331 7761 10487 1059 10032 9373 10032 9182 10032 2052 -1 
10016 1781950511 1781950511 4 2676532 4175 10185 9442 10019 5891 10032 1661 10032 1661 10032 1661 -1 
1474 1781950511 1781950511 4 2669447 3542 10175 7842 10175 7760 10183 4401 10032 9873 10066 108 10006 632 10006 5608 10006 796 -1 
1708 1781950511 1781950511 4 2661844 8119 10253 6158 10253 661 10253 9465 10032 8528 10032 9113 10032 6760 -1 
11893 1781950511 1781950511 4 2678261 7513 10054 7821 10054 7321 10189 7106 10016 9720 10016 766 10016 7939 10016 -1 
4577 1781950511 1781950511 4 2672532 10411 7937 10162 9901 10064 4694 10050 1612 10050 3872 10131 -1 
7941 1781950511 1781950511 4 2670583 10141 3396 10019 4599 10019 2995 10176 9507 10176 5485 10176 3632 10235 6000 -1 
2179 1781950511 1781950511 4 2678267 10580 101 10149 5569 10149 9862 10032 7426 10032 8931 10032 1661 10032 175 -1 
9633 1781950511 1781950511 4 2676705 6702 10210 753 10109 5373 10109 6824 10109 5662 10005 7099 10005 417 10005 6243 10005 2855 -1 
9929 1781950511 1781950511 5 2674677 7437 10915 4673 10072 690 10539 4104 -1 
4361 1781950511 1781950511 5 2668273 2991 10716 2237 10175 5803 10183 4158 10585 5129 -1 
9358 1781950511 1781950511 5 2672108 10355 2704 10306 5946 10346 9170 10235 5719 10050 3872 10076 5289 -1 
2692 1781950511 1781950511 5 2676528 5665 10054 2401 10374 3467 10072 8427 -1 
683 1781950511 1781950511 5 2670767 3618 10152 6196 10152 576 10072 9883 10000 8678 -1 
11491 1781950511 1781950511 5 2674720 7346 10694 1829 10737 8468 10032 4225 10523 -1 
6125 1781950511 1781950511 5 2648285 7052 10084 6681 10291 1700 10927 5052 10659 -1 
5577 1781950511 1781950511 5 2675757 7864 10019 3952 10113 4796 10076 9963 10111 2765 -1 
9611 1781950511 1781950511 5 2661372 1761 10417 7161 10686 1706 10109 60 10092 8156 10000 7282 -1 
4491 1781950511 1781950511 5 2669425 10396 419 10323 754 10024 500 10803 4097 -1 
7065 1781950511 1781950511 5 2675134 5261 10249 1324 10072 307 10072 2912 10084 -1 
1712 1781950511 1781950511 5 2669828 8059 10128 9638 10135 7412 10786 7925 -1 
5662 1781950511 1781950511 5 2677913 8776 10049 157 10032 9991 10264 9991 10264 -1 
10009 1781950511 1781950511 5 2675134 3447 10033 5865 10033 1567 10036 6317 10072 9265 10033 913 10092 2912 10084 -1 
9643 1781950511 1781950511 5 2652665 3196 10467 442 10016 2383 10016 766 10211 6078 -1 
4502 1781950511 1781950511 5 2672931 10972 8880 10216 5560 10019 1720 10019 9927 10038 8652 -1 
2559 1781950511 1781950511 5 2675134 8793 10177 9760 10092 2491 10176 9343 10176 548 10050 3872 10092 2912 10084 -1 
6216 1781950511 1781950511 5 2664748 2727 10019 4202 10309 4707 10153 9679 10153 3529 -1 
9759 1781950511 1781950511 5 2673888 5990 10449 1438 10032 8739 10032 1218 10050 1146 10019 2879 10038 8167 10297 6342 10134 3582 10211 1286 -1 
8655 1781950511 1781950511 5 2669719 10595 332 10650 1366 10447 9957 10000 6755 10032 7209 10032 1433 -1 
11054 1781950511 1781950511 5 2673365 2932 10019 6721 10558 5544 10558 5544 10558 6238 -1 
11094 1781950511 1781950511 5 2676077 10856 9568 10009 9263 10761 9263 10076 4815 10076 7811 10538 7376 -1 
11339 1781950511 1781950511 5 2677138 3582 10134 8282 10134 8282 10392 9014 10392 2363 10392 1228 10019 4403 -1 
4344 1781950511 1781950511 5 2675628 5872 10261 5022 10010 8720 10205 1834 10032 4018 -1 
1834 1781950511 1781950511 5 2659105 1966 10691 4237 10444 6073 10196 7450 -1 
3520 1781950511 1781950511 5 2676678 4872 10120 1162 10750 956 10009 2094 10392 1228 10019 5155 -1 
682 1781950511 1781950511 5 2674049 5048 10114 236 10114 9566 10114 813 -1 
3800 1781950511 1781950511 5 2677091 9203 10594 241 10019 5491 10019 8480 10019 4599 10019 5627 -1 
124 1781950511 1781950511 5 2594209 10863 7317 10863 7172 10084 1461 10054 5106 -1 
1590 1781950511 1781950511 5 2674365 10924 5158 10116 9772 10116 9772 10229 4131 -1 
9036 1781950511 1781950511 5 2676983 5409 10092 9041 10032 5020 10032 165 10011 661 10032 7543 10032 8979 -1 
11152 1781950511 1781950511 5 2670485 5058 10019 3059 10064 7743 10064 7366 -1 
9306 1781950511 1781950511 5 2673246 4665 10297 4484 10297 723 10019 1421 10019 3059 10064 7743 10064 276 -1 
10551 1781950511 1781950511 5 2676788 10855 8820 10855 8820 10855 1238 10855 9413 10064 1228 10019 268 -1 
6507 1781950511 1781950511 5 2675298 2380 10019 3693 10269 9930 10019 7422 10019 9412 -1 
11163 1781950511 1781950511 5 2675232 3360 10019 8288 10019 5352 10019 4599 10019 8672 -1 
11026 1781950511 1781950511 5 2676678 6776 10019 6364 10019 4599 10019 8672 10019 1228 10019 5155 -1 
5815 1781950511 1781950511 5 2673924 6119 10007 3484 10053 1235 10038 1615 10019 1257 10019 4599 10019 9441 -1 
3939 1781950511 1781950511 5 2678089 1383 10009 157 10031 4483 10031 529 10031 3731 10032 9927 -1 
3565 1781950511 1781950511 5 2678371 8701 10108 5381 10153 9842 10531 5387 10006 4556 -1 
8980 1781950511 1781950511 5 2676165 5564 10032 4248 10786 5167 10064 4219 10092 9316 -1 
9470 1781950511 1781950511 5 2666730 1651 10397 8583 10397 4694 10019 4664 10019 9961 10204 1391 -1 
10677 1781950511 1781950511 5 2678168 10058 3443 10865 8553 10351 8971 10185 1237 10397 2912 10092 478 -1 
11731 1781950511 1781950511 5 2665152 6224 10019 678 10019 5790 10266 6531 10571 2670 10056 6983 10034 526 -1 
8962 1781950511 1781950511 5 2677365 7921 10572 8867 10272 956 10417 490 10005 1203 -1 
11594 1781950511 1781950511 5 2668123 5144 10177 5840 10092 1366 10447 2463 10633 9449 10534 1806 10211 3450 10016 145 -1 
11605 1781950511 1781950511 5 2678297 7984 10461 7321 10189 1623 10281 3293 10134 3293 10006 7512 -1 
4188 1781950511 1781950511 5 2678051 1914 10063 6727 10063 1468 10063 4553 10244 20 10114 4381 -1 
5898 1781950511 1781950511 5 2668558 4094 10015 157 10031 1237 10185 1237 10053 3650 -1 
8618 1781950511 1781950511 5 2674712 8243 10176 414 10076 9980 10700 9980 10700 3989 10562 170 10243 3872 10092 8869 -1 
4574 1781950511 1781950511 5 2677636 2048 10011 6504 10276 3168 10756 4930 10427 7570 10024 7650 10024 4056 -1 
4142 1781950511 1781950511 5 2672647 3713 10090 7158 10289 2565 10289 4599 10019 2380 10019 2775 10005 1973 10005 7133 -1 
5203 1781950511 1781950511 5 2678052 877 10206 2988 10088 4948 10204 9899 10272 74 10006 9693 10006 7851 -1 
6602 1781950511 1781950511 5 2678261 10137 7298 10685 4265 10089 6110 10211 5190 10211 766 10016 7939 10016 -1 
8357 1781950511 1781950511 5 2678261 10315 1518 10315 7957 10315 37 10007 2368 10033 8988 10038 3450 10016 7939 10016 7939 -1 
5537 1781950511 1781950511 5 2675011 5922 10007 1266 10621 2745 10229 8305 10149 1729 10059 833 10032 9864 10032 3156 -1 
1365 1781950511 1781950511 5 2677929 3715 10865 2709 10000 6755 10032 1661 10032 6203 10032 9591 -1 
10667 1781950511 1781950511 5 2675628 1209 10032 6567 10237 4751 10237 4952 10024 7650 10024 4056 10032 4018 -1 
9251 1781950511 1781950511 5 2678112 3896 10032 1744 10032 83 10032 7115 10032 1527 10032 8000 -1 
3383 1781950511 1781950511 5 2648553 3262 10286 8732 10406 1579 10763 9704 10032 5750 10032 8702 -1 
8139 1781950511 1781950511 5 2677848 6497 10016 3233 10154 3808 10122 5556 10054 6160 10054 3170 10054 1156 -1 
8500 1781950511 1781950511 5 2678267 2336 10196 1237 10032 9964 10564 6032 10564 9901 10032 6686 10032 1661 10032 175 -1 
2724 1781950511 1781950511 5 2678261 7622 10064 2439 10196 7342 10408 8450 10016 766 10016 7939 10016 7939 -1 
11113 1781950511 1781950511 5 2678267 7787 10639 6500 10599 5629 10153 9679 10153 2559 10237 4952 10149 2983 10032 7843 10032 1661 10032 175 -1 
4274 1781950511 1781950511 5 2678371 7511 10050 9417 10113 287 10054 1795 10054 1252 10032 1527 10006 9408 10006 4556 -1 
8913 1781950511 1781950511 5 2678018 559 10007 195 10033 7095 10033 6701 10211 7379 10016 8450 10016 766 10016 766 10016 7939 10016 4677 -1 
7798 1781950511 1781950511 5 2678051 5119 10114 6046 10015 8621 10019 6224 10519 6224 10019 8949 10006 6268 10006 735 10114 4381 -1 
9008 1781950511 1781950511 6 2678299 10738 6453 10032 5555 10032 3571 10031 9987 10833 -1 
8814 1781950511 1781950511 6 2554646 7922 10548 9479 10451 2765 10076 2480 10836 1191 -1 
983 1781950511 1781950511 6 2638995 6331 10142 4899 10210 4429 10175 6294 10175 4382 10175 7518 -1 
4580 1781950511 1781950511 6 2673147 4742 10668 3522 10264 1129 10392 1945 10439 3294 10439 -1 
2167 1781950511 1781950511 6 2673065 6008 10072 3658 10546 8045 10072 307 10072 8463 10162 -1 
6847 1781950511 1781950511 6 2677622 9122 10090 8656 10091 8105 10091 8656 10091 933 10427 -1 
7471 1781950511 1781950511 6 2677622 4607 10032 1252 10534 1252 10054 1194 10251 1194 10091 933 10427 -1 
6530 1781950511 1781950511 6 2673888 9462 10019 9602 10211 5677 10211 766 10211 1286 -1 
757 1781950511 1781950511 6 2673970 7372 10015 135 10015 3969 10084 5494 10620 5701 10865 2045 -1 
10390 1781950511 1781950511 6 2625348 8681 10478 819 10214 9527 10455 3256 10272 74 10211 1735 -1 
1143 1781950511 1781950511 6 2673365 10877 7264 10144 8669 10786 1266 10558 5544 10558 6238 -1 
10912 1781950511 1781950511 6 2678341 882 10048 6728 10048 9894 10027 498 10398 8794 10392 1228 10064 1787 -1 
2733 1781950511 1781950511 6 2660408 3852 10507 6580 10308 101 10251 6696 10251 9644 10251 3380 10154 4255 -1 
10889 1781950511 1781950511 6 2677929 9277 10053 6727 10063 9983 10063 171 10032 8931 10032 9976 10032 9591 -1 
6924 1781950511 1781950511 6 2678312 1734 10022 7051 10116 6207 10116 9772 10411 9772 10116 192 -1 
761 1781950511 1781950511 6 2678312 10948 192 10596 3081 10137 9772 10411 9772 10116 192 -1 
681 1781950511 1781950511 6 2676548 8796 10557 101 10476 7670 10476 1704 10092 2912 10092 163 -1 
10394 1781950511 1781950511 6 2674257 2984 10386 229 10333 229 10032 9995 10406 3910 -1 
8625 1781950511 1781950511 6 2665741 1955 10847 1955 10120 6588 10072 3873 10092 308 -1 
8326 1781950511 1781950511 6 2664814 10898 4329 10214 1893 10137 9899 10156 8118 10121 1237 10032 9925 -1 
5180 1781950511 1781950511 6 2677091 7335 10019 6402 10019 9352 10016 7106 10413 1262 10019 5627 -1 
10797 1781950511 1781950511 6 2674816 795 10019 9405 10019 5855 10019 3341 10019 3693 10269 595 10054 6160 -1 
5617 1781950511 1781950511 6 2676505 10485 1652 10718 3961 10050 1366 10836 7748 10278 548 10447 548 10050 4730 10050 163 10202 -1 
8808 1781950511 1781950511 6 2677896 4878 10108 8317 10108 4322 10088 821 10669 9899 10272 74 10006 5387 10006 1203 10005 4835 -1 
10047 1781950511 1781950511 6 2678337 5405 10330 101 10584 4238 10602 7132 10477 4659 10177 1530 10177 9829 10092 9927 10032 1955 -1 
4233 1781950511 1781950511 6 2674196 10367 5127 10019 4434 10512 1689 10121 956 10006 796 10006 5392 10006 7226 -1 
11511 1781950511 1781950511 7 2676528 9038 10038 5201 10178 6588 10072 4815 10049 4815 10072 8427 -1 
10894 1781950511 1781950511 7 2669643 8494 10264 7849 10076 9787 10076 9994 10076 9784 10076 2765 10072 6456 -1 
3247 1781950511 1781950511 7 2675757 8558 10178 6233 10178 8449 10242 9262 10235 8157 10111 9963 10111 2765 -1 
853 1781950511 1781950511 7 2677913 7479 10078 1389 10078 8554 10078 3417 10090 2232 10315 7376 10264 9991 10264 -1 
4243 1781950511 1781950511 7 2674574 6626 10190 3349 10190 101 10276 4721 10276 5004 10019 7422 10019 4599 10019 6364 -1 
57 1781950511 1781950511 7 2678341 8235 10054 3918 10054 411 10064 9025 10064 411 10064 7743 10064 1787 -1 
878 1781950511 1781950511 7 2676788 4106 10015 4349 10015 1456 10015 2833 10015 150 10015 8480 10019 9441 10019 4599 10019 268 -1 
975 1781950511 1781950511 7 2678297 1547 10122 6692 10076 9963 10111 2013 10111 956 10006 7512 -1 
5563 1781950511 1781950511 7 2663427 6155 10863 7317 10863 7317 10863 2589 10006 6112 10006 108 10006 531 10006 240 10006 1912 10006 7401 10006 
7286 1781950511 1781950511 8 2671355 8267 10176 4705 10050 1366 10650 8660 10286 3969 10009 3286 10072 3467 10032 1592 -1 
1858 1781950511 1781950511 8 2678194 5304 10032 7336 10838 7841 10669 342 10032 8339 10032 7115 10032 842 10032 51 -1 
9666 1781950511 1781950511 0 2409962 10351 8065 -1 
9007 1781950511 1781950511 0 2665308 3524 10147 5888 -1 
9049 1781950511 1781950511 0 2641996 9865 10038 5625 -1 
9066 1781950511 1781950511 0 2549023 4035 10038 8596 -1 
9099 1781950511 1781950511 0 2599199 7001 10453 8522 -1 
9101 1781950511 1781950511 0 2606321 8056 10567 8056 -1 
9199 1781950511 1781950511 0 2656317 5271 10211 7125 -1 
9209 1781950511 1781950511 0 2636973 7054 10148 7000 -1 
9214 1781950511 1781950511 0 2572938 8975 10033 8476 -1 
9257 1781950511 1781950511 0 2661991 2218 10051 9303 -1 
9293 1781950511 1781950511 0 2648253 2101 10055 5279 -1 
9296 1781950511 1781950511 0 2645945 54 10035 4495 -1 
9318 1781950511 1781950511 0 2662969 9922 10031 2806 -1 
9348 1781950511 1781950511 0 2629412 9629 10031 7076 -1 
9351 1781950511 1781950511 0 2564597 3523 10033 9094 -1 
9363 1781950511 1781950511 0 2672486 6989 10033 1426 -1 
9364 1781950511 1781950511 0 2659032 9722 10146 6563 -1 
9419 1781950511 1781950511 0 2675481 9480 10147 7160 -1 
9500 1781950511 1781950511 0 2664144 1688 10449 6380 -1 
9548 1781950511 1781950511 0 2488320 3799 10038 284 -1 
9555 1781950511 1781950511 0 2633908 7330 10033 9885 -1 
9572 1781950511 1781950511 0 2674585 5800 10031 554 -1 
9599 1781950511 1781950511 0 2560442 1598 10138 7574 -1 
9616 1781950511 1781950511 0 2609914 7012 10148 6814 -1 
9628 1781950511 1781950511 0 2676598 337 10033 5358 -1 
9634 1781950511 1781950511 0 2662023 4468 10422 3150 -1 
9681 1781950511 1781950511 0 2642931 4656 10036 3647 -1 
9730 1781950511 1781950511 0 2667642 6120 10134 9791 -1 
9905 1781950511 1781950511 0 2659869 6475 10216 530 -1 
9913 1781950511 1781950511 0 2643263 6881 10052 9166 -1 
9976 1781950511 1781950511 0 2653261 7154 10146 5869 -1 
10092 1781950511 1781950511 0 2642931 649 10036 3647 -1 
10102 1781950511 1781950511 0 2655026 8114 10152 6196 -1 
10104 1781950511 1781950511 0 2545901 6180 10051 6296 -1 
10136 1781950511 1781950511 0 2659411 1682 10038 5714 -1 
10138 1781950511 1781950511 0 2393632 5591 10104 2653 -1 
10213 1781950511 1781950511 0 2669066 6475 10216 5162 -1 
10235 1781950511 1781950511 0 2178280 2840 10052 1749 -1 
10241 1781950511 1781950511 0 2660833 5782 10052 8808 -1 
10251 1781950511 1781950511 0 2666153 8431 10033 5822 -1 
10278 1781950511 1781950511 0 2672486 9896 10033 1426 -1 
10281 1781950511 1781950511 0 2640711 5369 10040 5369 -1 
10354 1781950511 1781950511 0 2669258 4331 10412 1464 -1 
10355 1781950511 1781950511 0 2510910 5172 10036 4656 -1 
10396 1781950511 1781950511 0 2625107 8091 10148 2844 -1 
10421 1781950511 1781950511 0 2670208 5781 10467 5498 -1 
10455 1781950511 1781950511 0 2579523 4539 10195 2318 -1 
10462 1781950511 1781950511 0 2604900 9939 10036 4472 -1 
10472 1781950511 1781950511 0 2669820 8993 10082 1599 -1 
10483 1781950511 1781950511 0 2655012 7889 10003 7318 -1 
10530 1781950511 1781950511 0 2664167 8299 10078 60 -1 
10536 1781950511 1781950511 0 2637148 5429 10195 2632 -1 
10546 1781950511 1781950511 0 2576426 9707 10031 2633 -1 
10559 1781950511 1781950511 0 2677151 1347 10051 6824 -1 
10562 1781950511 1781950511 0 2653375 3851 10040 8623 -1 
10580 1781950511 1781950511 0 2563025 9791 10134 6150 -1 
10601 1781950511 1781950511 0 2474229 9722 10146 3195 -1 
10630 1781950511 1781950511 0 2644880 6151 10138 1101 -1 
10634 1781950511 1781950511 0 2487578 3049 10195 3049 -1 
10670 1781950511 1781950511 0 2633696 3003 10035 3003 -1 
10681 1781950511 1781950511 0 2665194 1567 10036 7357 -1 
10686 1781950511 1781950511 0 2644923 9985 10297 2200 -1 
10775 1781950511 1781950511 0 2650832 9986 10052 5548 -1 
10859 1781950511 1781950511 0 2174607 4135 10031 5223 -1 
10887 1781950511 1781950511 0 1492338 1290 10052 7713 -1 
10901 1781950511 1781950511 0 2465668 8907 10195 2538 -1 
10906 1781950511 1781950511 0 2676659 7330 10033 780 -1 
10928 1781950511 1781950511 0 2658434 4100 10445 2929 -1 
10933 1781950511 1781950511 0 2669920 6368 10033 9958 -1 
10963 1781950511 1781950511 0 2543919 1555 10158 8048 -1 
10994 1781950511 1781950511 0 2550557 202 10036 3501 -1 
11002 1781950511 1781950511 0 2625811 6673 10195 2966 -1 
11020 1781950511 1781950511 0 2671465 8688 10682 8688 -1 
11062 1781950511 1781950511 0 2271195 2245 10148 7646 -1 
11085 1781950511 1781950511 0 2659411 6071 10038 5714 -1 
11203 1781950511 1781950511 0 2652557 8141 10031 3355 -1 
11209 1781950511 1781950511 0 2647729 10578 3952 10578 -1 
11279 1781950511 1781950511 0 2605480 6712 10146 5453 -1 
11328 1781950511 1781950511 0 2550103 5478 10033 8197 -1 
11343 1781950511 1781950511 0 2669104 1105 10033 273 -1 
11376 1781950511 1781950511 0 2561263 9219 10038 9896 -1 
11387 1781950511 1781950511 0 2658872 4484 10297 9985 -1 
11407 1781950511 1781950511 0 2581344 7798 10033 263 -1 
11412 1781950511 1781950511 0 2646355 2929 10445 3528 -1 
11449 1781950511 1781950511 0 2620067 5394 10104 7101 -1 
11489 1781950511 1781950511 0 2344193 9807 10146 684 -1 
11498 1781950511 1781950511 0 2672403 2597 10132 243 -1 
11509 1781950511 1781950511 0 2666891 9911 10093 2191 -1 
11651 1781950511 1781950511 0 2278174 5221 10437 4055 -1 
11680 1781950511 1781950511 0 2665831 6975 10104 5842 -1 
11687 1781950511 1781950511 0 2652874 1793 10056 804 -1 
11732 1781950511 1781950511 0 2674174 3698 10033 915 -1 
11762 1781950511 1781950511 0 2394864 4171 10146 573 -1 
11763 1781950511 1781950511 0 2649189 5781 10467 5781 -1 
11807 1781950511 1781950511 0 2655072 3732 10358 772 -1 
11860 1781950511 1781950511 0 2677975 8084 10030 4100 -1 
11908 1781950511 1781950511 0 2661299 3695 10147 7776 -1 
11935 1781950511 1781950511 0 2425127 5828 10660 5828 -1 
11939 1781950511 1781950511 0 2675072 4234 10417 7410 -1 
9041 1781950511 1781950511 0 2669407 557 10033 2279 10660 -1 
9128 1781950511 1781950511 0 2633796 10438 4035 10038 1235 -1 
9172 1781950511 1781950511 0 2673001 9644 10764 9468 10764 -1 
9443 1781950511 1781950511 0 2580063 10041 4942 10041 4942 -1 
9447 1781950511 1781950511 0 2616547 10274 5260 10274 5471 -1 
9546 1781950511 1781950511 0 2632046 10786 723 10033 5717 -1 
9566 1781950511 1781950511 0 2672662 10187 441 10187 441 -1 
9571 1781950511 1781950511 0 2671465 8688 10682 8688 10682 -1 
9701 1781950511 1781950511 0 2678348 6894 10031 1220 10031 -1 
9737 1781950511 1781950511 0 2675842 10003 5981 10003 4 -1 
9790 1781950511 1781950511 0 2613710 10901 7680 10901 7680 -1 
9791 1781950511 1781950511 0 2676525 10348 2808 10038 6273 -1 
9916 1781950511 1781950511 0 2660432 10660 7002 10660 3290 -1 
9939 1781950511 1781950511 0 2613739 10151 1759 10151 1759 -1 
9947 1781950511 1781950511 0 2677486 4 10003 7889 10003 -1 
10105 1781950511 1781950511 0 2677633 7292 10040 826 10021 -1 
10292 1781950511 1781950511 0 2666843 10035 6829 10445 6829 -1 
10341 1781950511 1781950511 0 2675072 3278 10417 7410 10417 -1 
10505 1781950511 1781950511 0 2677975 6450 10030 4100 10030 -1 
10625 1781950511 1781950511 0 2674740 7472 10561 7576 10561 -1 
10627 1781950511 1781950511 0 2666980 10195 462 10195 2563 -1 
10689 1781950511 1781950511 0 2634623 10138 847 10138 1148 -1 
10702 1781950511 1781950511 0 2672211 8218 10356 5721 10409 -1 
10721 1781950511 1781950511 0 2599910 10041 8062 10041 8062 -1 
10951 1781950511 1781950511 0 2646237 10752 1984 10545 8483 -1 
11055 1781950511 1781950511 0 2613710 4495 10035 7680 10901 -1 
11437 1781950511 1781950511 0 2673001 9468 10764 9468 10764 -1 
11500 1781950511 1781950511 0 2668105 10752 4273 10752 4273 -1 
11507 1781950511 1781950511 0 2661029 10055 5869 10146 6048 -1 
11673 1781950511 1781950511 0 2668504 7656 10211 2912 10625 -1 
11727 1781950511 1781950511 0 2662844 10637 4586 10155 9909 -1 
11752 1781950511 1781950511 0 2654202 7293 10231 2033 10133 -1 
11958 1781950511 1781950511 0 2671651 10543 3404 10051 7299 -1 
9011 1781950511 1781950511 0 2632877 1346 10033 6701 10031 6884 -1 
9012 1781950511 1781950511 0 2637463 9288 10052 5237 10052 6836 -1 
9015 1781950511 1781950511 0 2656334 2341 10035 54 10035 5438 -1 
9071 1781950511 1781950511 0 2654174 2632 10195 1161 10195 2469 -1 
9072 1781950511 1781950511 0 2666709 4895 10031 6106 10031 1891 -1 
9077 1781950511 1781950511 0 2678348 8746 10031 1959 10031 1220 -1 
9079 1781950511 1781950511 0 2657755 2639 10033 2972 10033 5489 -1 
9085 1781950511 1781950511 0 2625861 4215 10231 1984 10593 5514 -1 
9088 1781950511 1781950511 0 2678145 530 10216 1329 10216 7612 -1 
9105 1781950511 1781950511 0 2644540 1525 10038 4012 10038 9877 -1 
9114 1781950511 1781950511 0 2665831 5558 10104 6975 10104 5842 -1 
9116 1781950511 1781950511 0 2674641 7253 10033 1289 10033 695 -1 
9132 1781950511 1781950511 0 2665884 9135 10104 5842 10104 6550 -1 
9143 1781950511 1781950511 0 2675817 1472 10048 68 10033 2810 -1 
9144 1781950511 1781950511 0 2669217 9706 10105 964 10052 4560 -1 
9145 1781950511 1781950511 0 2672763 9865 10038 1290 10038 9191 -1 
9146 1781950511 1781950511 0 2646355 5613 10445 2961 10445 3528 -1 
9160 1781950511 1781950511 0 2635146 5809 10104 9024 10104 7310 -1 
9161 1781950511 1781950511 0 2653022 5822 10033 4483 10038 6071 -1 
9166 1781950511 1781950511 0 2608196 10248 5104 10248 5104 10248 -1 
9168 1781950511 1781950511 0 2600532 1620 10055 2722 10055 6502 -1 
9186 1781950511 1781950511 0 2677293 5527 10038 3450 10038 2705 -1 
9192 1781950511 1781950511 0 2676413 1235 10038 2873 10038 4774 -1 
9193 1781950511 1781950511 0 2677926 4656 10036 9341 10036 9341 -1 
9236 1781950511 1781950511 0 2196740 5529 10195 2495 10195 2309 -1 
9244 1781950511 1781950511 0 2652951 5816 10033 1678 10033 9914 -1 
9253 1781950511 1781950511 0 2652806 427 10031 5889 10031 183 -1 
9303 1781950511 1781950511 0 2673152 7566 10146 4458 10146 3576 -1 
9314 1781950511 1781950511 0 2676525 1784 10033 9581 10038 6273 -1 
9323 1781950511 1781950511 0 2649974 5679 10033 8166 10180 6424 -1 
9326 1781950511 1781950511 0 2633801 2614 10052 5548 10052 3730 -1 
9333 1781950511 1781950511 0 2676104 6074 10453 8024 10453 5001 -1 
9334 1781950511 1781950511 0 2638824 847 10138 1921 10138 1921 -1 
9382 1781950511 1781950511 0 2672362 534 10041 2328 10041 1902 -1 
9385 1781950511 1781950511 0 2673368 1362 10146 3576 10146 962 -1 
9387 1781950511 1781950511 0 2643380 2573 10138 6151 10138 7753 -1 
9388 1781950511 1781950511 0 2656556 1799 10148 554 10148 1667 -1 
9392 1781950511 1781950511 0 2656272 8918 10031 931 10031 3197 -1 
9393 1781950511 1781950511 0 2646237 9034 10545 8483 10545 8483 -1 
9414 1781950511 1781950511 0 2678145 966 10216 530 10216 7612 -1 
9440 1781950511 1781950511 0 2659015 1390 10033 3676 10132 5950 -1 
9496 1781950511 1781950511 0 2674639 8476 10038 9649 10038 1646 -1 
9506 1781950511 1781950511 0 2638198 5773 10104 6975 10104 4555 -1 
9529 1781950511 1781950511 0 2562510 5981 10003 7889 10003 7860 -1 
9541 1781950511 1781950511 0 2578186 9366 10038 1646 10038 2808 -1 
9552 1781950511 1781950511 0 2638097 5279 10078 947 10078 6487 -1 
9556 1781950511 1781950511 0 2668469 7007 10052 964 10033 2459 -1 
9570 1781950511 1781950511 0 2643583 6151 10138 7753 10138 1908 -1 
9574 1781950511 1781950511 0 2660539 263 10033 7250 10033 2743 -1 
9582 1781950511 1781950511 0 2652621 9045 10391 5504 10509 2930 -1 
9596 1781950511 1781950511 0 2665685 9414 10451 9414 10451 9414 -1 
9598 1781950511 1781950511 0 2652040 5652 10085 2884 10085 2277 -1 
9644 1781950511 1781950511 0 2668281 3218 10038 3355 10031 2652 -1 
9648 1781950511 1781950511 0 2676807 6862 10104 5253 10104 6414 -1 
9654 1781950511 1781950511 0 2671822 2260 10030 4279 10030 4621 -1 
9656 1781950511 1781950511 0 2629767 5590 10159 8510 10159 5557 -1 
9669 1781950511 1781950511 0 2654388 462 10146 5254 10146 8220 -1 
9688 1781950511 1781950511 0 2673274 6098 10055 324 10132 4111 -1 
9706 1781950511 1781950511 0 2669091 7562 10146 2700 10146 4513 -1 
9720 1781950511 1781950511 0 2664668 4375 10036 8859 10036 467 -1 
9721 1781950511 1781950511 0 2626892 2415 10696 2415 10696 2415 -1 
9731 1781950511 1781950511 0 2594870 6086 10776 5536 10776 506 -1 
9732 1781950511 1781950511 0 2624044 1710 10031 8598 10031 1302 -1 
9733 1781950511 1781950511 0 2674357 6896 10652 9157 10652 9879 -1 
9734 1781950511 1781950511 0 2661592 7250 10033 826 10040 5906 -1 
9751 1781950511 1781950511 0 2658860 6859 10104 8627 10104 7346 -1 
9773 1781950511 1781950511 0 2643495 7120 10312 5255 10312 5255 -1 
9781 1781950511 1781950511 0 2672909 5027 10031 9022 10038 9752 -1 
9785 1781950511 1781950511 0 2628052 1565 10195 8907 10195 6499 -1 
9794 1781950511 1781950511 0 2666544 1065 10126 4951 10087 3305 -1 
9804 1781950511 1781950511 0 2663312 6306 10033 6277 10033 6464 -1 
9823 1781950511 1781950511 0 2653279 6778 10031 9942 10031 9578 -1 
9835 1781950511 1781950511 0 2652830 6867 10309 1756 10309 3602 -1 
9847 1781950511 1781950511 0 2670583 9150 10031 5318 10031 3574 -1 
9862 1781950511 1781950511 0 2677926 5172 10036 9341 10036 9341 -1 
9867 1781950511 1781950511 0 2665509 9942 10031 6945 10031 4925 -1 
9879 1781950511 1781950511 0 2672851 4422 10033 3865 10031 3024 -1 
9890 1781950511 1781950511 0 2552733 7020 10124 5780 10124 5780 -1 
9895 1781950511 1781950511 0 2661506 6607 10509 4773 10509 4773 -1 
9899 1781950511 1781950511 0 2665363 5993 10033 6330 10033 1105 -1 
9904 1781950511 1781950511 0 2676807 3430 10104 6550 10104 6414 -1 
9912 1781950511 1781950511 0 2675661 4123 10124 5183 10124 5183 -1 
9934 1781950511 1781950511 0 2650341 4994 10127 7015 10127 4761 -1 
9943 1781950511 1781950511 0 2640692 5991 10031 5540 10031 6913 -1 
9948 1781950511 1781950511 0 2628658 2957 10031 1084 10031 7046 -1 
9968 1781950511 1781950511 0 2634786 593 10435 3905 10435 2999 -1 
9971 1781950511 1781950511 0 2536244 762 10445 4172 10445 5072 -1 
9973 1781950511 1781950511 0 2531357 5446 10093 2257 10093 2689 -1 
9980 1781950511 1781950511 0 2666307 2543 10438 1970 10438 2483 -1 
10000 1781950511 1781950511 0 2661485 3155 10132 2597 10132 8781 -1 
10015 1781950511 1781950511 0 2587727 794 10033 1915 10033 5168 -1 
10019 1781950511 1781950511 0 2675411 2033 10155 7557 10155 7557 -1 
10028 1781950511 1781950511 0 2641609 9748 10297 2200 10297 7097 -1 
10036 1781950511 1781950511 0 2678064 1721 10031 9942 10031 8413 -1 
10043 1781950511 1781950511 0 2677926 6782 10036 1200 10036 9341 -1 
10062 1781950511 1781950511 0 2677523 5099 10231 9093 10231 9093 -1 
10101 1781950511 1781950511 0 2678345 6033 10033 5358 10033 3865 -1 
10121 1781950511 1781950511 0 2670157 8166 10031 9707 10031 9894 -1 
10129 1781950511 1781950511 0 2659015 3797 10132 2597 10132 5950 -1 
10160 1781950511 1781950511 0 2677155 3623 10147 301 10147 1182 -1 
10169 1781950511 1781950511 0 2661912 5815 10138 7753 10138 3899 -1 
10170 1781950511 1781950511 0 2678310 3806 10031 931 10031 931 -1 
10184 1781950511 1781950511 0 2661778 6735 10033 52 10033 6474 -1 
10192 1781950511 1781950511 0 2669733 3501 10195 462 10195 5073 -1 
10193 1781950511 1781950511 0 2671632 9193 10297 2007 10033 411 -1 
10194 1781950511 1781950511 0 2668258 4685 10031 1220 10031 296 -1 
10200 1781950511 1781950511 0 2640771 9517 10593 3885 10593 6956 -1 
10205 1781950511 1781950511 0 2639223 6206 10031 9922 10031 5256 -1 
10216 1781950511 1781950511 0 2659347 9973 10033 169 10038 8610 -1 
10224 1781950511 1781950511 0 2650166 1407 10031 9778 10031 7086 -1 
10225 1781950511 1781950511 0 2655560 954 10031 9270 10031 3425 -1 
10233 1781950511 1781950511 0 2677975 6113 10030 8084 10030 4100 -1 
10252 1781950511 1781950511 0 2637463 9986 10052 5349 10052 6836 -1 
10253 1781950511 1781950511 0 2643693 4744 10127 4994 10127 6533 -1 
10269 1781950511 1781950511 0 2677690 5482 10035 2084 10035 2341 -1 
10276 1781950511 1781950511 0 2671651 7469 10051 2218 10051 7299 -1 
10295 1781950511 1781950511 0 2663208 1306 10453 7997 10453 3635 -1 
10323 1781950511 1781950511 0 2678079 6096 10051 858 10051 1925 -1 
10343 1781950511 1781950511 0 2669848 6814 10148 554 10031 9874 -1 
10348 1781950511 1781950511 0 2581844 422 10391 6965 10453 7001 -1 
10349 1781950511 1781950511 0 2667582 68 10033 4483 10031 7959 -1 
10351 1781950511 1781950511 0 2625793 1215 10038 8756 10356 5403 -1 
10352 1781950511 1781950511 0 2661992 9166 10052 9288 10573 8148 -1 
10358 1781950511 1781950511 0 2643174 8386 10052 8810 10195 4779 -1 
10363 1781950511 1781950511 0 2631604 66 10041 8062 10041 534 -1 
10366 1781950511 1781950511 0 2644880 1101 10138 5160 10138 1101 -1 
10380 1781950511 1781950511 0 2663363 7700 10159 6819 10159 4170 -1 
10403 1781950511 1781950511 0 2628001 2884 10085 8238 10578 2418 -1 
10417 1781950511 1781950511 0 2674563 5909 10356 1877 10033 1562 -1 
10419 1781950511 1781950511 0 2669892 6709 10195 8064 10195 3074 -1 
10420 1781950511 1781950511 0 2668156 9481 10146 9722 10146 6210 -1 
10436 1781950511 1781950511 0 2661912 7574 10138 5160 10138 3899 -1 
10464 1781950511 1781950511 0 2659015 2124 10132 2597 10132 5950 -1 
10465 1781950511 1781950511 0 2636454 7179 10031 7046 10031 2174 -1 
10479 1781950511 1781950511 0 2662937 9535 10148 554 10148 1450 -1 
10485 1781950511 1781950511 0 2639483 3057 10036 1476 10036 3057 -1 
10496 1781950511 1781950511 0 2674722 4467 10055 4111 10132 324 -1 
10498 1781950511 1781950511 0 2629602 6062 10195 6179 10195 2571 -1 
10502 1781950511 1781950511 0 2677473 2919 10127 4499 10127 6678 -1 
10507 1781950511 1781950511 0 2673065 1793 10035 1144 10035 1793 -1 
10509 1781950511 1781950511 0 2664000 6661 10033 4304 10033 3952 -1 
10514 1781950511 1781950511 0 2650516 9865 10038 7708 10625 5663 -1 
10523 1781950511 1781950511 0 2592644 7029 10033 9969 10033 297 -1 
10533 1781950511 1781950511 0 2675801 4855 10216 1329 10216 5173 -1 
10556 1781950511 1781950511 0 2661029 6048 10146 5087 10146 6048 -1 
10566 1781950511 1781950511 0 2579610 9848 10038 5642 10038 6006 -1 
10573 1781950511 1781950511 0 2665839 2260 10030 4391 10030 615 -1 
10575 1781950511 1781950511 0 2676323 5595 10148 529 10038 4879 -1 
10578 1781950511 1781950511 0 2662200 4391 10030 4391 10030 4279 -1 
10586 1781950511 1781950511 0 2489459 9146 10033 9877 10033 3255 -1 
10587 1781950511 1781950511 0 2674946 7590 10033 4164 10033 3523 -1 
10611 1781950511 1781950511 0 2673867 231 10033 6387 10033 6667 -1 
10613 1781950511 1781950511 0 2661261 2343 10085 6965 10453 5652 -1 
10631 1781950511 1781950511 0 2638141 3790 10195 3049 10195 8064 -1 
10649 1781950511 1781950511 0 2665844 8167 10038 6234 10038 62 -1 
10654 1781950511 1781950511 0 2673540 5726 10001 5365 10001 1 -1 
10662 1781950511 1781950511 0 2659894 9923 10052 3952 10052 9070 -1 
10690 1781950511 1781950511 0 2639469 6596 10040 529 10040 7917 -1 
10693 1781950511 1781950511 0 2677186 9292 10045 723 10297 7768 -1 
10725 1781950511 1781950511 0 2174607 269 10031 9267 10031 5223 -1 
10741 1781950511 1781950511 0 2599208 2683 10033 9651 10033 2655 -1 
10758 1781950511 1781950511 0 2643555 9979 10509 2930 10509 6023 -1 
10780 1781950511 1781950511 0 2670208 1173 10031 4483 10467 5498 -1 
10786 1781950511 1781950511 0 2655112 2879 10038 8610 10038 1967 -1 
10792 1781950511 1781950511 0 2657541 9748 10297 8695 10297 7908 -1 
10829 1781950511 1781950511 0 2675095 6673 10146 462 10195 2963 -1 
10873 1781950511 1781950511 0 2667542 7698 10104 8627 10104 5773 -1 
10877 1781950511 1781950511 0 2666843 4172 10445 2929 10445 6829 -1 
10897 1781950511 1781950511 0 2672261 4165 10146 3576 10146 7566 -1 
10926 1781950511 1781950511 0 2678064 8651 10031 9839 10031 8413 -1 
10929 1781950511 1781950511 0 2677833 6052 10031 9942 10031 949 -1 
10942 1781950511 1781950511 0 2655247 5834 10391 8522 10422 8166 -1 
10943 1781950511 1781950511 0 2676659 4483 10033 5358 10033 780 -1 
10955 1781950511 1781950511 0 2666651 1710 10031 7604 10417 283 -1 
10958 1781950511 1781950511 0 2660408 2343 10087 3305 10087 7370 -1 
10961 1781950511 1781950511 0 2676262 2572 10085 5975 10085 3747 -1 
10975 1781950511 1781950511 0 2646375 6180 10051 8799 10031 3437 -1 
11005 1781950511 1781950511 0 2674128 545 10035 1676 10035 2084 -1 
11006 1781950511 1781950511 0 2653901 6630 10888 9453 10087 2732 -1 
11016 1781950511 1781950511 0 2674985 4506 10126 1536 10126 4466 -1 
11017 1781950511 1781950511 0 2616547 733 10274 2448 10274 5471 -1 
11024 1781950511 1781950511 0 2666271 2806 10031 9942 10031 6327 -1 
11032 1781950511 1781950511 0 2666347 5551 10031 529 10038 3189 -1 
11037 1781950511 1781950511 0 2677180 8681 10031 529 10412 2562 -1 
11041 1781950511 1781950511 0 2647568 237 10087 3305 10087 1157 -1 
11056 1781950511 1781950511 0 2677160 5314 10031 1721 10031 1959 -1 
11065 1781950511 1781950511 0 2670222 5058 10412 1463 10412 1463 -1 
11066 1781950511 1781950511 0 2653123 7221 10031 9942 10031 6429 -1 
11069 1781950511 1781950511 0 2657212 7780 10033 9973 10033 3116 -1 
11072 1781950511 1781950511 0 2677988 5911 10033 239 10033 239 -1 
11078 1781950511 1781950511 0 2654179 8453 10087 152 10087 2924 -1 
11104 1781950511 1781950511 0 2672379 9687 10509 8248 10087 8453 -1 
11107 1781950511 1781950511 0 2669144 8064 10195 8907 10195 2862 -1 
11119 1781950511 1781950511 0 2676354 1423 10033 4425 10033 1490 -1 
11120 1781950511 1781950511 0 2676504 2155 10412 1464 10412 529 -1 
11130 1781950511 1781950511 0 2619094 8554 10146 1637 10146 5116 -1 
11131 1781950511 1781950511 0 2630921 6983 10038 8610 10038 2879 -1 
11139 1781950511 1781950511 0 2673867 8519 10033 4304 10033 6667 -1 
11142 1781950511 1781950511 0 2663998 6869 10297 9426 10297 9748 -1 
11144 1781950511 1781950511 0 2656556 8775 10031 554 10148 1667 -1 
11172 1781950511 1781950511 0 2661485 2597 10132 2597 10132 8781 -1 
11183 1781950511 1781950511 0 2674641 1615 10038 1426 10033 695 -1 
11190 1781950511 1781950511 0 2585420 777 10031 7302 10031 3299 -1 
11191 1781950511 1781950511 0 2654202 245 10133 245 10133 2033 -1 
11201 1781950511 1781950511 0 2667542 6859 10104 6975 10104 5773 -1 
11205 1781950511 1781950511 0 2674379 183 10033 411 10033 7786 -1 
11228 1781950511 1781950511 0 2673280 7959 10031 2007 10033 7590 -1 
11232 1781950511 1781950511 0 2585715 7588 10146 969 10146 6712 -1 
11244 1781950511 1781950511 0 2642527 2573 10138 1334 10138 275 -1 
11245 1781950511 1781950511 0 2667933 5897 10124 7077 10449 7415 -1 
11246 1781950511 1781950511 0 2670222 6503 10412 6503 10412 1463 -1 
11254 1781950511 1781950511 0 2659565 5714 10151 8896 10151 9363 -1 
11268 1781950511 1781950511 0 2534255 1195 10138 9337 10138 9340 -1 
11280 1781950511 1781950511 0 2678345 6701 10033 1678 10033 3865 -1 
11284 1781950511 1781950511 0 2608196 10248 5104 10248 5104 10248 -1 
11285 1781950511 1781950511 0 2652040 9403 10085 6961 10085 2277 -1 
11293 1781950511 1781950511 0 2674682 4472 10036 9341 10036 1356 -1 
11297 1781950511 1781950511 0 2676525 9280 10038 9752 10038 6273 -1 
11301 1781950511 1781950511 0 2630082 8905 10152 5219 10152 6817 -1 
11302 1781950511 1781950511 0 2665831 7621 10104 6550 10104 5842 -1 
11308 1781950511 1781950511 0 2666522 4164 10031 7302 10031 139 -1 
11353 1781950511 1781950511 0 2674956 4458 10146 9537 10146 1637 -1 
11363 1781950511 1781950511 0 2637044 3979 10356 5403 10356 3928 -1 
11400 1781950511 1781950511 0 2634015 1845 10509 2182 10509 5031 -1 
11404 1781950511 1781950511 0 2670687 4391 10030 615 10030 4622 -1 
11408 1781950511 1781950511 0 2665511 8522 10429 5652 10391 4951 -1 
11413 1781950511 1781950511 0 2673656 2705 10038 1069 10348 3510 -1 
11419 1781950511 1781950511 0 2678145 5636 10216 966 10216 7612 -1 
11431 1781950511 1781950511 0 2665844 9649 10038 8294 10038 62 -1 
11441 1781950511 1781950511 0 2678348 8199 10031 931 10031 1220 -1 
11451 1781950511 1781950511 0 2669733 4779 10195 3049 10195 5073 -1 
11463 1781950511 1781950511 0 2614965 6048 10146 573 10146 1180 -1 
11479 1781950511 1781950511 0 2636140 2653 10104 6942 10104 1705 -1 
11481 1781950511 1781950511 0 2675750 6411 10146 1637 10146 9537 -1 
11490 1781950511 1781950511 0 2540317 7489 10158 922 10158 6839 -1 
11518 1781950511 1781950511 0 2667199 2764 10033 5712 10231 2728 -1 
11521 1781950511 1781950511 0 2660274 2453 10040 1538 10040 2194 -1 
11522 1781950511 1781950511 0 2677486 7889 10003 558 10003 7889 -1 
11533 1781950511 1781950511 0 2661078 5529 10195 3049 10195 4654 -1 
11540 1781950511 1781950511 0 2677903 5698 10045 6030 10134 4233 -1 
11544 1781950511 1781950511 0 2667172 1521 10031 2174 10031 8681 -1 
11560 1781950511 1781950511 0 2665249 3425 10031 1889 10031 954 -1 
11562 1781950511 1781950511 0 2311321 4769 10104 6975 10104 8382 -1 
11565 1781950511 1781950511 0 2607966 5087 10146 9722 10146 1014 -1 
11567 1781950511 1781950511 0 2674946 7991 10348 3952 10033 3523 -1 
11569 1781950511 1781950511 0 2676508 8744 10033 7786 10033 6389 -1 
11587 1781950511 1781950511 0 2672486 9885 10033 6989 10033 1426 -1 
11588 1781950511 1781950511 0 2677277 2705 10038 9865 10038 5527 -1 
11631 1781950511 1781950511 0 2646227 5255 10312 5255 10312 4888 -1 
11633 1781950511 1781950511 0 2673437 9839 10033 6667 10033 1004 -1 
11649 1781950511 1781950511 0 2676523 1161 10195 462 10146 5006 -1 
11660 1781950511 1781950511 0 2671964 404 10078 343 10078 343 -1 
11666 1781950511 1781950511 0 2667316 4171 10146 3576 10146 7436 -1 
11706 1781950511 1781950511 0 2586201 2210 10567 5250 10901 9550 -1 
11714 1781950511 1781950511 0 2640423 1566 10138 1921 10138 5160 -1 
11767 1781950511 1781950511 0 2584549 9865 10038 8476 10033 6306 -1 
11809 1781950511 1781950511 0 2674796 4942 10041 2328 10041 7111 -1 
11815 1781950511 1781950511 0 2677046 1291 10031 5436 10031 222 -1 
11819 1781950511 1781950511 0 2672236 9937 10146 4458 10146 7609 -1 
11822 1781950511 1781950511 0 2669820 1599 10082 1714 10082 1599 -1 
11830 1781950511 1781950511 0 2666767 5480 10146 6411 10146 5805 -1 
11836 1781950511 1781950511 0 2667987 1426 10038 1069 10348 1587 -1 
11852 1781950511 1781950511 0 2674310 7121 10453 7655 10087 6109 -1 
11857 1781950511 1781950511 0 2666018 4412 10033 3865 10033 6737 -1 
11866 1781950511 1781950511 0 2658383 9813 10665 3114 10127 4327 -1 
11888 1781950511 1781950511 0 2600759 3146 10147 9545 10147 6565 -1 
11926 1781950511 1781950511 0 2677160 5988 10033 9839 10031 1959 -1 
11929 1781950511 1781950511 0 2678079 1453 10051 2218 10051 1925 -1 
11955 1781950511 1781950511 0 2655945 9553 10035 8151 10035 3532 -1 
11962 1781950511 1781950511 0 2628738 5551 10031 6808 10678 6808 -1 
11965 1781950511 1781950511 0 2636140 5558 10104 9913 10104 1705 -1 
11968 1781950511 1781950511 0 2675672 8167 10038 128 10038 9120 -1 
11998 1781950511 1781950511 0 2670583 6544 10031 9072 10031 3574 -1 
11999 1781950511 1781950511 0 2645185 2575 10148 8091 10040 7304 -1 
9055 1781950511 1781950511 0 2677178 7041 10085 3747 10085 7720 10509 -1 
9087 1781950511 1781950511 0 2671565 2448 10274 733 10274 733 10274 -1 
9176 1781950511 1781950511 0 2352297 10437 5338 10437 9710 10437 8350 -1 
9338 1781950511 1781950511 0 2657439 10132 2597 10132 2597 10132 3676 -1 
9402 1781950511 1781950511 0 2674838 2157 10040 1538 10038 1069 10356 -1 
9411 1781950511 1781950511 0 2677391 5642 10038 1235 10038 128 10038 -1 
9446 1781950511 1781950511 0 2677523 1235 10393 1235 10231 9093 10231 -1 
9448 1781950511 1781950511 0 2676104 5652 10391 7763 10126 5001 10453 -1 
9516 1781950511 1781950511 0 2676439 5595 10158 4843 10435 593 10435 -1 
9597 1781950511 1781950511 0 2674203 10812 4129 10812 4132 10152 778 -1 
9606 1781950511 1781950511 0 2674985 6992 10888 7192 10087 4466 10126 -1 
9726 1781950511 1781950511 0 2678348 5515 10031 1721 10031 1220 10031 -1 
9736 1781950511 1781950511 0 2677391 8896 10151 5714 10038 128 10038 -1 
9810 1781950511 1781950511 0 2666138 2452 10417 7444 10033 7316 10787 -1 
9894 1781950511 1781950511 0 2658383 10358 772 10127 4761 10127 4327 -1 
10007 1781950511 1781950511 0 2676104 10888 7850 10391 5652 10453 5001 -1 
10048 1781950511 1781950511 0 2677391 6234 10038 7420 10038 128 10038 -1 
10061 1781950511 1781950511 0 2673543 2884 10085 2884 10085 933 10330 -1 
10151 1781950511 1781950511 0 2670407 3752 10033 8230 10031 4843 10158 -1 
10229 1781950511 1781950511 0 2670566 10085 6987 10085 6987 10509 1845 -1 
10245 1781950511 1781950511 0 2671565 7004 10274 7004 10274 733 10274 -1 
10264 1781950511 1781950511 0 2675661 5780 10124 5183 10124 5183 10124 -1 
10375 1781950511 1781950511 0 2673001 8355 10764 9468 10764 9468 10764 -1 
10446 1781950511 1781950511 0 2678345 10056 1390 10033 3952 10033 3865 -1 
10484 1781950511 1781950511 0 2678079 10408 6366 10435 1347 10051 1925 -1 
10519 1781950511 1781950511 0 2676354 10105 964 10105 1678 10033 1490 -1 
10544 1781950511 1781950511 0 2670171 7001 10126 4951 10087 1536 10391 -1 
10554 1781950511 1781950511 0 2674557 441 10187 2439 10267 4874 10267 -1 
10728 1781950511 1781950511 0 2664805 1023 10033 9813 10567 6606 10567 -1 
10729 1781950511 1781950511 0 2677722 8167 10038 2705 10038 7420 10127 -1 
10817 1781950511 1781950511 0 2675740 2961 10445 4172 10445 4172 10445 -1 
10854 1781950511 1781950511 0 2657012 5162 10040 2456 10040 5777 10928 -1 
10898 1781950511 1781950511 0 2676439 10856 7728 10435 593 10435 593 -1 
10944 1781950511 1781950511 0 2675661 7988 10124 2338 10124 5183 10124 -1 
10948 1781950511 1781950511 0 2677722 6856 10038 2873 10038 7420 10127 -1 
10985 1781950511 1781950511 0 2676964 10148 2924 10087 152 10087 8248 -1 
11123 1781950511 1781950511 0 2677391 4361 10038 5642 10038 128 10038 -1 
11176 1781950511 1781950511 0 2677926 3175 10036 3647 10036 9341 10036 -1 
11177 1781950511 1781950511 0 2640147 10152 1760 10152 9160 10152 8114 -1 
11348 1781950511 1781950511 0 2655516 10637 4215 10356 7365 10051 3935 -1 
11377 1781950511 1781950511 0 2677690 3532 10035 1144 10035 2341 10035 -1 
11433 1781950511 1781950511 0 2674608 1759 10151 8896 10151 3278 10151 -1 
11467 1781950511 1781950511 0 2674769 2901 10033 6661 10033 1678 10105 -1 
11472 1781950511 1781950511 0 2670594 10467 4233 10134 2464 10272 8867 -1 
11519 1781950511 1781950511 0 2671565 7694 10274 733 10274 733 10274 -1 
11642 1781950511 1781950511 0 2670208 3196 10467 5781 10467 5498 10467 -1 
11829 1781950511 1781950511 0 2677391 1802 10038 9955 10038 128 10038 -1 
11853 1781950511 1781950511 0 2630661 10127 3483 10127 6678 10127 6641 -1 
11937 1781950511 1781950511 0 2677926 4375 10036 3678 10036 9341 10036 -1 
11960 1781950511 1781950511 0 2676977 10134 2464 10134 8155 10211 576 -1 
9005 1781950511 1781950511 0 2669217 5005 10052 3862 10052 1118 10052 4560 -1 
9033 1781950511 1781950511 0 2664305 9035 10031 554 10148 3090 10148 302 -1 
9038 1781950511 1781950511 0 2623129 6304 10052 8808 10052 8871 10455 8871 -1 
9040 1781950511 1781950511 0 2677690 9153 10035 54 10035 1144 10035 2341 -1 
9045 1781950511 1781950511 0 2678310 4922 10031 1084 10031 9942 10031 931 -1 
9068 1781950511 1781950511 0 2656402 9992 10033 7250 10033 9588 10033 6088 -1 
9069 1781950511 1781950511 0 2677926 9341 10036 202 10036 3175 10036 9341 -1 
9113 1781950511 1781950511 0 2672506 983 10146 5116 10146 488 10055 6471 -1 
9117 1781950511 1781950511 0 2677046 4167 10031 9942 10031 9942 10031 222 -1 
9122 1781950511 1781950511 0 2676323 6151 10138 5530 10038 9120 10038 4879 -1 
9123 1781950511 1781950511 0 2670364 7514 10031 9072 10031 529 10033 1289 -1 
9124 1781950511 1781950511 0 2676262 8746 10033 9270 10033 2810 10033 7330 -1 
9129 1781950511 1781950511 0 2636140 8048 10104 5591 10104 3430 10104 1705 -1 
9131 1781950511 1781950511 0 2676523 5254 10146 4235 10146 6785 10146 5006 -1 
9133 1781950511 1781950511 0 2677833 3114 10567 9813 10033 9270 10031 949 -1 
9142 1781950511 1781950511 0 2660274 697 10035 6829 10040 4443 10040 2194 -1 
9148 1781950511 1781950511 0 2674985 3649 10391 8733 10126 782 10126 4466 -1 
9149 1781950511 1781950511 0 2472624 8350 10048 1301 10048 621 10021 3010 -1 
9167 1781950511 1781950511 0 2672047 2843 10055 9729 10195 462 10195 1844 -1 
9177 1781950511 1781950511 0 2672261 1637 10146 6785 10146 7436 10146 7566 -1 
9196 1781950511 1781950511 0 2652951 8210 10033 6989 10033 9701 10033 9914 -1 
9198 1781950511 1781950511 0 2652806 6945 10031 1716 10031 7626 10031 183 -1 
9233 1781950511 1781950511 0 2624353 4838 10031 529 10031 9669 10031 8785 -1 
9245 1781950511 1781950511 0 2673540 9464 10001 203 10001 1 10001 1 -1 
9256 1781950511 1781950511 0 2674327 3607 10031 2127 10031 8960 10031 3562 -1 
9273 1781950511 1781950511 0 2674405 4375 10036 8318 10195 462 10195 6286 -1 
9276 1781950511 1781950511 0 2636140 23 10017 5766 10104 9289 10104 1705 -1 
9281 1781950511 1781950511 0 2678064 3235 10033 9681 10033 7239 10031 8413 -1 
9282 1781950511 1781950511 0 2664281 7772 10031 9270 10033 8091 10033 6217 -1 
9287 1781950511 1781950511 0 2675711 3196 10085 6987 10085 9453 10453 8024 -1 
9288 1781950511 1781950511 0 2607192 1014 10146 6427 10146 9807 10146 8242 -1 
9302 1781950511 1781950511 0 2658860 9584 10104 6975 10104 5773 10104 7346 -1 
9316 1781950511 1781950511 0 2670777 2284 10031 6829 10040 5777 10040 9979 -1 
9320 1781950511 1781950511 0 2673006 6661 10031 5318 10031 529 10031 7239 -1 
9329 1781950511 1781950511 0 2677160 4895 10031 7959 10031 1407 10031 1959 -1 
9330 1781950511 1781950511 0 2676218 8623 10040 8218 10038 6358 10038 2873 -1 
9339 1781950511 1781950511 0 2672506 2772 10055 2843 10055 2722 10055 6471 -1 
9350 1781950511 1781950511 0 2610509 4609 10036 202 10036 1200 10036 1200 -1 
9367 1781950511 1781950511 0 2633427 1118 10052 3730 10052 6860 10052 3831 -1 
9376 1781950511 1781950511 0 2643380 7753 10138 9337 10138 5160 10138 7753 -1 
9381 1781950511 1781950511 0 2674879 231 10033 1849 10033 7278 10033 1678 -1 
9391 1781950511 1781950511 0 2671565 7004 10274 5260 10274 733 10274 733 -1 
9396 1781950511 1781950511 0 2639971 273 10031 931 10031 6913 10031 2148 -1 
9405 1781950511 1781950511 0 2670777 2191 10093 2194 10040 4443 10040 9979 -1 
9417 1781950511 1781950511 0 2661912 6151 10138 1566 10138 9337 10138 3899 -1 
9425 1781950511 1781950511 0 2671451 3258 10051 2218 10051 82 10051 1347 -1 
9428 1781950511 1781950511 0 2670263 2327 10038 9865 10038 4361 10038 9865 -1 
9431 1781950511 1781950511 0 2674984 7343 10031 4922 10031 529 10031 2007 -1 
9435 1781950511 1781950511 0 2675095 7746 10195 9200 10195 462 10195 2963 -1 
9437 1781950511 1781950511 0 2672492 9341 10036 4375 10036 2876 10036 2997 -1 
9452 1781950511 1781950511 0 2672362 5856 10041 1862 10041 1902 10041 1902 -1 
9456 1781950511 1781950511 0 2658634 7046 10031 2127 10031 1407 10031 786 -1 
9466 1781950511 1781950511 0 2673839 4685 10040 7292 10040 7292 10040 6932 -1 
9487 1781950511 1781950511 0 2677160 5436 10031 2706 10031 296 10031 1959 -1 
9493 1781950511 1781950511 0 2674310 9687 10509 4773 10509 8248 10087 6109 -1 
9509 1781950511 1781950511 0 2670583 1213 10148 2406 10148 554 10031 3574 -1 
9510 1781950511 1781950511 0 2622965 9321 10052 1118 10052 9986 10052 7007 -1 
9515 1781950511 1781950511 0 2653044 9432 10148 554 10148 554 10031 6661 -1 
9565 1781950511 1781950511 0 2654705 691 10147 6337 10147 3695 10147 8153 -1 
9573 1781950511 1781950511 0 2671632 7095 10033 8091 10033 6989 10033 411 -1 
9578 1781950511 1781950511 0 2659015 2597 10132 8781 10132 5950 10132 5950 -1 
9585 1781950511 1781950511 0 2667038 7673 10031 5551 10031 6052 10031 6508 -1 
9595 1781950511 1781950511 0 2677883 7437 10056 602 10056 602 10056 602 -1 
9600 1781950511 1781950511 0 2635583 2301 10031 7611 10031 5189 10104 6885 -1 
9610 1781950511 1781950511 0 2676977 2794 10038 1813 10038 3582 10211 576 -1 
9627 1781950511 1781950511 0 2676523 825 10146 1014 10146 7234 10146 5006 -1 
9657 1781950511 1781950511 0 2672894 8049 10765 6049 10038 4012 10038 5632 -1 
9660 1781950511 1781950511 0 2549007 795 10051 2218 10051 858 10051 6812 -1 
9675 1781950511 1781950511 0 2651094 8785 10031 8622 10031 9193 10031 3683 -1 
9696 1781950511 1781950511 0 2642048 275 10138 1334 10138 5160 10138 6845 -1 
9700 1781950511 1781950511 0 2677926 2876 10036 3175 10036 253 10036 9341 -1 
9707 1781950511 1781950511 0 2646975 3935 10051 6296 10051 5385 10051 3258 -1 
9717 1781950511 1781950511 0 2666443 922 10158 7632 10158 4117 10158 281 -1 
9718 1781950511 1781950511 0 2677473 1786 10127 7015 10127 4499 10127 6678 -1 
9735 1781950511 1781950511 0 2665363 8544 10033 4028 10033 6217 10033 1105 -1 
9746 1781950511 1781950511 0 2665544 9022 10038 529 10031 9885 10033 3777 -1 
9768 1781950511 1781950511 0 2677575 8295 10052 964 10052 4560 10052 1615 -1 
9769 1781950511 1781950511 0 2661485 8862 10132 3155 10132 2597 10132 8781 -1 
9776 1781950511 1781950511 0 2678345 787 10033 6199 10033 7444 10033 3865 -1 
9777 1781950511 1781950511 0 2434931 9317 10146 573 10146 3576 10146 6709 -1 
9784 1781950511 1781950511 0 2659565 394 10151 8896 10151 8901 10151 9363 -1 
9797 1781950511 1781950511 0 2652040 8850 10085 6987 10085 6987 10085 2277 -1 
9822 1781950511 1781950511 0 2644067 7470 10216 1270 10148 7000 10148 2520 -1 
9830 1781950511 1781950511 0 2675740 7388 10033 9977 10033 6829 10445 4172 -1 
9833 1781950511 1781950511 0 2610136 5188 10031 1721 10031 2174 10031 9071 -1 
9834 1781950511 1781950511 0 2677180 6217 10033 7916 10033 529 10412 2562 -1 
9842 1781950511 1781950511 0 2677991 1921 10138 654 10138 5160 10138 2573 -1 
9843 1781950511 1781950511 0 2667401 2459 10348 3952 10052 5697 10033 7565 -1 
9845 1781950511 1781950511 0 2641483 1705 10104 6550 10104 6853 10104 1968 -1 
9851 1781950511 1781950511 0 2667491 5659 10093 2257 10093 1538 10093 2257 -1 
9855 1781950511 1781950511 0 2673839 3693 10040 1974 10040 6912 10040 6932 -1 
9875 1781950511 1781950511 0 2663317 1938 10148 5450 10148 554 10148 5638 -1 
9882 1781950511 1781950511 0 2678079 6180 10051 858 10051 1925 10051 1925 -1 
9884 1781950511 1781950511 0 2640423 275 10138 6151 10138 847 10138 5160 -1 
9889 1781950511 1781950511 0 2667845 2007 10033 9958 10033 826 10040 409 -1 
9896 1781950511 1781950511 0 2650014 6987 10509 1845 10509 5504 10509 5692 -1 
9900 1781950511 1781950511 0 2656353 554 10148 4012 10038 5625 10038 7693 -1 
9927 1781950511 1781950511 0 2665021 6001 10033 6689 10038 8610 10038 771 -1 
9937 1781950511 1781950511 0 2677391 9669 10031 5889 10031 529 10038 128 -1 
9941 1781950511 1781950511 0 2650281 3365 10417 3801 10033 7786 10348 2307 -1 
9942 1781950511 1781950511 0 2628053 8510 10159 8510 10159 6896 10159 7700 -1 
9953 1781950511 1781950511 0 2661485 5710 10297 8695 10297 9496 10132 8781 -1 
9954 1781950511 1781950511 0 2533236 2658 10148 849 10148 554 10148 849 -1 
9956 1781950511 1781950511 0 2664305 4498 10148 1643 10148 1450 10148 302 -1 
9957 1781950511 1781950511 0 2675740 2961 10445 6401 10445 4172 10445 4172 -1 
9961 1781950511 1781950511 0 2672121 4744 10127 2908 10127 4744 10127 5066 -1 
9967 1781950511 1781950511 0 2666544 8783 10087 152 10087 152 10087 3305 -1 
9991 1781950511 1781950511 0 2669194 8071 10148 2520 10148 7428 10021 3961 -1 
9993 1781950511 1781950511 0 2663039 3422 10033 1877 10033 68 10033 1877 -1 
9999 1781950511 1781950511 0 2655683 140 10126 782 10126 782 10126 4506 -1 
10010 1781950511 1781950511 0 2666767 983 10146 9317 10146 4171 10146 5805 -1 
10014 1781950511 1781950511 0 2678345 2794 10033 8197 10033 239 10033 3865 -1 
10017 1781950511 1781950511 0 2662034 8466 10031 554 10148 7734 10148 2424 -1 
10018 1781950511 1781950511 0 2676327 4171 10146 6048 10146 4458 10146 6785 -1 
10021 1781950511 1781950511 0 2622965 164 10094 3033 10052 9986 10052 7007 -1 
10029 1781950511 1781950511 0 2674796 4942 10041 2328 10041 66 10041 7111 -1 
10031 1781950511 1781950511 0 2671451 5206 10051 2218 10051 6180 10051 1347 -1 
10037 1781950511 1781950511 0 2672236 6411 10146 9937 10146 6210 10146 7609 -1 
10040 1781950511 1781950511 0 2674405 4779 10195 3049 10195 3130 10195 6286 -1 
10044 1781950511 1781950511 0 2677392 2457 10376 4412 10770 4805 10056 4971 -1 
10045 1781950511 1781950511 0 2675072 9992 10033 7444 10417 490 10417 7410 -1 
10056 1781950511 1781950511 0 2673311 4623 10045 9292 10045 4623 10045 1155 -1 
10072 1781950511 1781950511 0 2615977 9267 10031 9922 10031 9875 10031 7718 -1 
10075 1781950511 1781950511 0 2663662 6634 10294 6084 10148 554 10031 8960 -1 
10080 1781950511 1781950511 0 2678348 1984 10153 6596 10040 529 10031 1220 -1 
10106 1781950511 1781950511 0 2677575 6916 10052 6304 10052 4560 10052 1615 -1 
10148 1781950511 1781950511 0 2676262 7103 10052 964 10105 1678 10033 7330 -1 
10156 1781950511 1781950511 0 2655138 4395 10031 554 10148 2520 10148 4498 -1 
10161 1781950511 1781950511 0 2675817 6689 10033 2972 10033 3777 10033 2810 -1 
10177 1781950511 1781950511 0 2674946 2808 10038 8941 10231 1235 10033 3523 -1 
10178 1781950511 1781950511 0 2613802 1249 10087 1408 10087 8248 10391 3629 -1 
10179 1781950511 1781950511 0 2646531 3935 10051 7680 10040 1538 10040 6944 -1 
10182 1781950511 1781950511 0 2653928 5093 10031 65 10033 4849 10033 7095 -1 
10185 1781950511 1781950511 0 2673839 7292 10040 5906 10040 6912 10040 6932 -1 
10188 1781950511 1781950511 0 2673459 6431 10031 9204 10031 7302 10031 4781 -1 
10196 1781950511 1781950511 0 2673039 4621 10030 4078 10030 4100 10030 8084 -1 
10211 1781950511 1781950511 0 2653020 3395 10689 3395 10689 3395 10689 7639 -1 
10219 1781950511 1781950511 0 2656309 1793 10035 3420 10035 461 10035 8895 -1 
10220 1781950511 1781950511 0 2664307 6308 10147 6418 10147 5888 10147 6778 -1 
10222 1781950511 1781950511 0 2640064 3806 10031 5617 10031 2174 10031 7626 -1 
10223 1781950511 1781950511 0 2673656 2705 10038 1762 10348 1069 10348 3510 -1 
10240 1781950511 1781950511 0 2673006 8775 10038 2007 10033 3574 10031 7239 -1 
10248 1781950511 1781950511 0 2678348 5630 10031 931 10031 931 10031 1220 -1 
10250 1781950511 1781950511 0 2663998 2200 10297 9985 10297 2145 10297 9748 -1 
10271 1781950511 1781950511 0 2669352 8294 10038 529 10038 128 10038 6358 -1 
10280 1781950511 1781950511 0 2672423 4654 10195 3049 10195 2632 10195 1161 -1 
10285 1781950511 1781950511 0 2669911 6884 10031 6169 10052 964 10105 964 -1 
10303 1781950511 1781950511 0 2677046 9695 10148 2406 10148 554 10031 222 -1 
10316 1781950511 1781950511 0 2673656 1118 10052 5829 10348 5240 10348 3510 -1 
10324 1781950511 1781950511 0 2667491 2364 10038 8562 10038 4682 10093 2257 -1 
10332 1781950511 1781950511 0 2677293 8218 10038 3799 10038 7420 10038 2705 -1 
10333 1781950511 1781950511 0 2670570 2465 10195 7746 10195 462 10195 649 -1 
10334 1781950511 1781950511 0 2669054 725 10036 5700 10036 8318 10195 3598 -1 
10346 1781950511 1781950511 0 2678345 5081 10031 3571 10033 239 10033 3865 -1 
10365 1781950511 1781950511 0 2673884 3049 10195 462 10195 7619 10195 897 -1 
10369 1781950511 1781950511 0 2673867 4168 10031 1721 10031 3024 10033 6667 -1 
10373 1781950511 1781950511 0 2671394 5834 10126 9979 10509 9979 10453 6965 -1 
10374 1781950511 1781950511 0 2677833 7212 10033 5879 10031 1220 10031 949 -1 
10377 1781950511 1781950511 0 2674639 1069 10038 1682 10038 128 10038 1646 -1 
10379 1781950511 1781950511 0 2676977 9426 10297 6994 10297 723 10211 576 -1 
10387 1781950511 1781950511 0 2666521 3528 10445 6829 10033 2007 10033 5697 -1 
10392 1781950511 1781950511 0 2673817 1974 10040 1538 10040 7443 10040 6912 -1 
10408 1781950511 1781950511 0 2658245 5365 10001 1 10001 5726 10001 203 -1 
10412 1781950511 1781950511 0 2654563 9710 10437 9710 10437 1289 10033 9265 -1 
10423 1781950511 1781950511 0 2677186 4484 10297 9985 10297 7908 10297 7768 -1 
10424 1781950511 1781950511 0 2672492 467 10036 1476 10036 8318 10036 2997 -1 
10426 1781950511 1781950511 0 2677575 9633 10052 6907 10052 964 10052 1615 -1 
10442 1781950511 1781950511 0 2661912 9337 10138 654 10138 1566 10138 3899 -1 
10444 1781950511 1781950511 0 2620194 5823 10159 5823 10159 6194 10159 6896 -1 
10451 1781950511 1781950511 0 2667542 2653 10104 5744 10104 6550 10104 5773 -1 
10458 1781950511 1781950511 0 2675848 3777 10033 8738 10033 8091 10033 5618 -1 
10459 1781950511 1781950511 0 2671435 7856 10449 6380 10449 1756 10309 6818 -1 
10486 1781950511 1781950511 0 2654705 1673 10147 6337 10147 7160 10147 8153 -1 
10490 1781950511 1781950511 0 2673006 8166 10038 9649 10038 529 10031 7239 -1 
10513 1781950511 1781950511 0 2635153 6074 10126 1065 10126 2373 10126 770 -1 
10524 1781950511 1781950511 0 2677678 9193 10031 6913 10031 529 10031 9875 -1 
10528 1781950511 1781950511 0 2641483 7706 10104 5643 10104 6975 10104 1968 -1 
10539 1781950511 1781950511 0 2673656 5829 10052 5543 10052 4052 10348 3510 -1 
10549 1781950511 1781950511 0 2673568 9355 10038 4012 10038 2074 10035 4655 -1 
10553 1781950511 1781950511 0 2651568 7688 10104 5406 10158 7489 10158 7489 -1 
10557 1781950511 1781950511 0 2657212 2284 10031 9072 10031 65 10033 3116 -1 
10564 1781950511 1781950511 0 2674866 1620 10146 8276 10146 91 10146 4171 -1 
10569 1781950511 1781950511 0 2674946 1705 10031 529 10031 529 10033 3523 -1 
10574 1781950511 1781950511 0 2674563 8182 10033 7250 10033 3952 10033 1562 -1 
10592 1781950511 1781950511 0 2631604 5486 10041 2328 10041 8062 10041 534 -1 
10593 1781950511 1781950511 0 2658634 899 10272 616 10031 7157 10031 786 -1 
10595 1781950511 1781950511 0 2677178 809 10087 4951 10391 8248 10509 7720 -1 
10596 1781950511 1781950511 0 2666544 8870 10087 152 10087 8248 10087 3305 -1 
10604 1781950511 1781950511 0 2669848 3437 10031 9875 10031 1721 10031 9874 -1 
10608 1781950511 1781950511 0 2665363 1891 10356 5671 10105 7786 10033 1105 -1 
10622 1781950511 1781950511 0 2667596 4849 10033 8182 10033 4483 10052 1118 -1 
10624 1781950511 1781950511 0 2671964 4236 10078 6699 10078 3664 10078 343 -1 
10635 1781950511 1781950511 0 2676413 5833 10038 9848 10038 9865 10038 4774 -1 
10637 1781950511 1781950511 0 2666002 5222 10031 9578 10031 4843 10045 4623 -1 
10656 1781950511 1781950511 0 2674941 3353 10052 964 10052 1118 10052 9664 -1 
10664 1781950511 1781950511 0 2673884 8810 10195 462 10195 649 10195 897 -1 
10678 1781950511 1781950511 0 2640064 3377 10031 9875 10031 5307 10031 7626 -1 
10680 1781950511 1781950511 0 2662034 2503 10148 554 10148 554 10148 2424 -1 
10703 1781950511 1781950511 0 2674946 7857 10033 5712 10231 6667 10033 3523 -1 
10704 1781950511 1781950511 0 2677293 9375 10417 4829 10038 9848 10038 2705 -1 
10719 1781950511 1781950511 0 2676523 9627 10146 3576 10146 6785 10146 5006 -1 
10740 1781950511 1781950511 0 2642527 9337 10138 6151 10138 7753 10138 275 -1 
10742 1781950511 1781950511 0 2638281 9647 10031 9016 10031 6945 10031 4749 -1 
10743 1781950511 1781950511 0 2671394 3999 10085 6987 10085 9979 10453 6965 -1 
10767 1781950511 1781950511 0 2649441 8918 10031 5084 10031 8466 10031 1084 -1 
10769 1781950511 1781950511 0 2658860 7101 10104 8627 10104 8933 10104 7346 -1 
10776 1781950511 1781950511 0 2673437 5325 10031 954 10031 3024 10033 1004 -1 
10787 1781950511 1781950511 0 2584549 808 10033 7268 10033 1490 10033 6306 -1 
10805 1781950511 1781950511 0 2675740 4655 10035 2341 10035 6829 10445 4172 -1 
10838 1781950511 1781950511 0 2661912 1921 10138 5160 10138 5160 10138 3899 -1 
10853 1781950511 1781950511 0 2676005 2140 10146 5885 10146 6210 10146 4458 -1 
10860 1781950511 1781950511 0 2677391 7802 10038 128 10038 2705 10038 128 -1 
10863 1781950511 1781950511 0 2636610 5646 10180 5171 10180 5171 10180 5171 -1 
10866 1781950511 1781950511 0 2668462 4228 10031 222 10031 9187 10031 3368 -1 
10867 1781950511 1781950511 0 2638981 2387 10280 9342 10280 9342 10280 7681 -1 
10871 1781950511 1781950511 0 2675817 3179 10033 2914 10033 9992 10033 2810 -1 
10882 1781950511 1781950511 0 2666324 572 10031 2957 10031 9942 10031 6206 -1 
10891 1781950511 1781950511 0 2670777 6431 10031 529 10040 2033 10040 9979 -1 
10896 1781950511 1781950511 0 2676439 3318 10033 6464 10033 60 10435 593 -1 
10900 1781950511 1781950511 0 2667316 9109 10146 7562 10146 5254 10146 7436 -1 
10907 1781950511 1781950511 0 2665669 9920 10031 554 10148 554 10031 5318 -1 
10908 1781950511 1781950511 0 2675817 3695 10147 6444 10147 8481 10033 2810 -1 
10913 1781950511 1781950511 0 2673232 5991 10031 9669 10031 9578 10031 6039 -1 
10917 1781950511 1781950511 0 2641426 1189 10146 825 10146 5116 10146 2700 -1 
10941 1781950511 1781950511 0 2481234 3003 10035 54 10035 6829 10093 5456 -1 
10956 1781950511 1781950511 0 2678064 6206 10031 8199 10031 931 10031 8413 -1 
10959 1781950511 1781950511 0 2671451 1886 10051 3748 10051 2218 10051 1347 -1 
10970 1781950511 1781950511 0 2658860 6975 10104 6975 10104 5253 10104 7346 -1 
10974 1781950511 1781950511 0 2673280 5325 10031 931 10031 4483 10033 7590 -1 
10990 1781950511 1781950511 0 2675817 2873 10038 3283 10033 6387 10033 2810 -1 
10992 1781950511 1781950511 0 2662969 9719 10038 4749 10031 5307 10031 2806 -1 
10997 1781950511 1781950511 0 2654759 5090 10078 5090 10078 1014 10146 9722 -1 
11007 1781950511 1781950511 0 2675068 1338 10216 6475 10216 1338 10216 1338 -1 
11018 1781950511 1781950511 0 2629053 506 10776 1855 10036 1476 10036 5700 -1 
11029 1781950511 1781950511 0 2672423 6709 10195 3598 10195 5073 10195 1161 -1 
11034 1781950511 1781950511 0 2669848 6884 10031 529 10031 529 10031 9874 -1 
11040 1781950511 1781950511 0 2664033 3365 10417 2452 10417 5679 10587 7643 -1 
11047 1781950511 1781950511 0 2669217 9707 10031 9193 10052 5349 10052 4560 -1 
11057 1781950511 1781950511 0 2556157 5985 10344 5583 10344 4342 10344 5985 -1 
11059 1781950511 1781950511 0 2670491 3074 10195 462 10195 462 10195 462 -1 
11060 1781950511 1781950511 0 2674800 5440 10078 6487 10078 343 10078 3664 -1 
11071 1781950511 1781950511 0 2498652 8777 10031 7005 10031 9439 10031 3245 -1 
11073 1781950511 1781950511 0 2665831 7346 10104 6882 10104 9584 10104 5842 -1 
11076 1781950511 1781950511 0 2670566 2182 10509 6065 10509 9687 10509 1845 -1 
11089 1781950511 1781950511 0 2668058 5704 10126 6965 10453 5169 10557 6465 -1 
11091 1781950511 1781950511 0 2672423 3693 10195 5073 10195 462 10195 1161 -1 
11098 1781950511 1781950511 0 2678064 5721 10031 1721 10031 5424 10031 8413 -1 
11110 1781950511 1781950511 0 2662844 7763 10391 7763 10126 9979 10155 9909 -1 
11115 1781950511 1781950511 0 2634623 2528 10138 1148 10138 1921 10138 1148 -1 
11136 1781950511 1781950511 0 2676005 4432 10146 4458 10146 962 10146 4458 -1 
11140 1781950511 1781950511 0 2665884 7697 10104 8627 10104 5842 10104 6550 -1 
11146 1781950511 1781950511 0 2634996 4586 10776 5536 10776 5536 10776 5536 -1 
11164 1781950511 1781950511 0 2662034 6925 10148 2520 10148 554 10148 2424 -1 
11167 1781950511 1781950511 0 2642712 1587 10356 6819 10159 9968 10031 5725 -1 
11171 1781950511 1781950511 0 2659015 7485 10055 785 10055 324 10132 5950 -1 
11178 1781950511 1781950511 0 2672851 5725 10031 554 10031 9578 10031 3024 -1 
11180 1781950511 1781950511 0 2646987 4925 10031 659 10031 998 10031 2784 -1 
11186 1781950511 1781950511 0 2656597 6150 10134 5479 10134 9791 10134 760 -1 
11188 1781950511 1781950511 0 2670586 6122 10446 3952 10446 3544 10446 1469 -1 
11192 1781950511 1781950511 0 2673459 5243 10031 6914 10031 4483 10031 4781 -1 
11218 1781950511 1781950511 0 2677178 7370 10087 152 10087 8248 10509 7720 -1 
11225 1781950511 1781950511 0 2597474 5010 10158 6815 10158 9655 10158 2488 -1 
11237 1781950511 1781950511 0 2678345 7924 10033 9891 10033 695 10033 3865 -1 
11241 1781950511 1781950511 0 2675701 5891 10140 281 10139 281 10139 9489 -1 
11250 1781950511 1781950511 0 2646227 4116 10280 9342 10280 576 10312 4888 -1 
11263 1781950511 1781950511 0 2675837 8102 10033 8476 10033 2652 10031 8523 -1 
11265 1781950511 1781950511 0 2637570 5551 10031 6874 10031 1407 10031 269 -1 
11277 1781950511 1781950511 0 2674984 239 10033 4483 10031 3562 10031 2007 -1 
11291 1781950511 1781950511 0 2674585 9187 10031 6064 10031 554 10031 554 -1 
11292 1781950511 1781950511 0 2672047 8276 10146 9627 10146 462 10195 1844 -1 
11295 1781950511 1781950511 0 2677391 5744 10038 128 10038 9848 10038 128 -1 
11304 1781950511 1781950511 0 2636140 7346 10104 5565 10104 6975 10104 1705 -1 
11313 1781950511 1781950511 0 2675740 4594 10445 4172 10445 2929 10445 4172 -1 
11321 1781950511 1781950511 0 2638531 1105 10033 1280 10033 3179 10033 9992 -1 
11323 1781950511 1781950511 0 2633336 5214 10104 6550 10104 7022 10104 9024 -1 
11327 1781950511 1781950511 0 2676439 6039 10033 1235 10231 593 10435 593 -1 
11340 1781950511 1781950511 0 2665884 5354 10104 6975 10104 5744 10104 6550 -1 
11349 1781950511 1781950511 0 2663770 74 10031 554 10031 2174 10031 4168 -1 
11362 1781950511 1781950511 0 2674941 1555 10158 964 10052 964 10052 9664 -1 
11371 1781950511 1781950511 0 2676397 8047 10138 6151 10138 5160 10138 9337 -1 
11373 1781950511 1781950511 0 2581043 3667 10449 1688 10146 7609 10146 9109 -1 
11379 1781950511 1781950511 0 2665844 1802 10038 9848 10038 128 10038 62 -1 
11380 1781950511 1781950511 0 2653714 3430 10104 6889 10104 6975 10104 8627 -1 
11381 1781950511 1781950511 0 2675714 711 10195 649 10195 1161 10195 3130 -1 
11403 1781950511 1781950511 0 2675817 4685 10033 3422 10033 3952 10033 2810 -1 
11405 1781950511 1781950511 0 2644880 1598 10138 5160 10138 7753 10138 1101 -1 
11436 1781950511 1781950511 0 2674984 2174 10031 4838 10031 529 10031 2007 -1 
11442 1781950511 1781950511 0 2677975 8666 10030 722 10030 4279 10030 4100 -1 
11446 1781950511 1781950511 0 2677678 7343 10031 2174 10031 2652 10031 9875 -1 
11459 1781950511 1781950511 0 2676354 7660 10038 1813 10038 1426 10033 1490 -1 
11466 1781950511 1781950511 0 2676413 9752 10038 1813 10038 128 10038 4774 -1 
11480 1781950511 1781950511 0 2674171 7344 10652 9879 10652 9879 10652 1417 -1 
11483 1781950511 1781950511 0 2628453 8101 10148 2222 10148 1450 10148 8748 -1 
11486 1781950511 1781950511 0 2673368 9109 10146 9109 10146 4513 10146 962 -1 
11492 1781950511 1781950511 0 2677722 8804 10127 4327 10127 4994 10127 7420 -1 
11493 1781950511 1781950511 0 2672763 2655 10211 4918 10211 3952 10038 9191 -1 
11506 1781950511 1781950511 0 2677099 772 10284 1056 10347 4879 10038 1682 -1 
11529 1781950511 1781950511 0 2658313 5478 10148 5356 10148 554 10031 1407 -1 
11535 1781950511 1781950511 0 2664668 6317 10036 7357 10036 3647 10036 467 -1 
11539 1781950511 1781950511 0 2678121 6179 10195 7619 10195 2571 10195 2495 -1 
11541 1781950511 1781950511 0 2677391 9022 10038 9752 10038 9120 10038 128 -1 
11552 1781950511 1781950511 0 2676430 7741 10031 5332 10031 9150 10031 9150 -1 
11556 1781950511 1781950511 0 2623129 5490 10052 8871 10455 8871 10455 8871 -1 
11558 1781950511 1781950511 0 2675848 910 10033 4208 10033 8091 10033 5618 -1 
11570 1781950511 1781950511 0 2656556 2503 10148 8101 10148 302 10148 1667 -1 
11572 1781950511 1781950511 0 2673311 2127 10031 529 10031 1155 10045 1155 -1 
11577 1781950511 1781950511 0 2678310 4221 10033 6085 10033 9839 10031 931 -1 
11610 1781950511 1781950511 0 2627444 5321 10148 8049 10765 2984 10765 4035 -1 
11654 1781950511 1781950511 0 2672742 152 10087 1065 10509 4773 10509 6607 -1 
11658 1781950511 1781950511 0 2678345 557 10033 1380 10033 239 10033 3865 -1 
11662 1781950511 1781950511 0 2672662 441 10187 441 10187 441 10187 441 -1 
11667 1781950511 1781950511 0 2674327 7005 10031 6429 10031 9942 10031 3562 -1 
11674 1781950511 1781950511 0 2677282 8075 10031 8785 10031 6914 10031 1721 -1 
11679 1781950511 1781950511 0 2669733 2469 10195 7619 10195 2495 10195 5073 -1 
11686 1781950511 1781950511 0 2663039 8066 10033 6989 10033 8091 10033 1877 -1 
11696 1781950511 1781950511 0 2661789 2368 10231 2278 10038 9848 10038 1813 -1 
11723 1781950511 1781950511 0 2668735 4995 10031 5863 10031 529 10038 6054 -1 
11733 1781950511 1781950511 0 2535370 5255 10312 7120 10312 5255 10312 7120 -1 
11736 1781950511 1781950511 0 2661506 1708 10085 8388 10126 9979 10509 4773 -1 
11743 1781950511 1781950511 0 2668767 4544 10297 4843 10158 4505 10158 922 -1 
11748 1781950511 1781950511 0 2597501 6427 10146 969 10146 6712 10146 9627 -1 
11755 1781950511 1781950511 0 2665502 7179 10031 1721 10031 554 10031 4922 -1 
11761 1781950511 1781950511 0 2642712 9270 10031 529 10031 2652 10031 5725 -1 
11764 1781950511 1781950511 0 2629682 8808 10052 5349 10052 964 10356 2122 -1 
11768 1781950511 1781950511 0 2661261 5998 10085 6965 10453 6965 10453 5652 -1 
11784 1781950511 1781950511 0 2669892 3446 10195 2495 10195 3790 10195 3074 -1 
11792 1781950511 1781950511 0 2676218 5659 10038 9978 10038 3450 10038 2873 -1 
11801 1781950511 1781950511 0 2677883 8224 10056 4971 10056 602 10056 602 -1 
11805 1781950511 1781950511 0 2674585 6634 10276 4721 10031 3024 10031 554 -1 
11808 1781950511 1781950511 0 2669848 7161 10031 1964 10031 5318 10031 9874 -1 
11811 1781950511 1781950511 0 2671929 1967 10038 6199 10033 9914 10033 6387 -1 
11828 1781950511 1781950511 0 2676964 7533 10085 1249 10087 152 10087 8248 -1 
11837 1781950511 1781950511 0 2664305 1213 10148 554 10148 5478 10148 302 -1 
11843 1781950511 1781950511 0 2677282 1667 10148 1643 10148 554 10031 1721 -1 
11864 1781950511 1781950511 0 2678121 2862 10195 462 10195 3130 10195 2495 -1 
11868 1781950511 1781950511 0 2677160 3763 10148 554 10148 554 10031 1959 -1 
11875 1781950511 1781950511 0 2647023 7365 10105 964 10052 9986 10052 326 -1 
11890 1781950511 1781950511 0 2678171 5231 10078 5090 10078 3664 10078 5231 -1 
11897 1781950511 1781950511 0 2587727 4176 10033 5993 10033 239 10033 5168 -1 
11902 1781950511 1781950511 0 2658872 9748 10297 5067 10297 2145 10297 9985 -1 
11910 1781950511 1781950511 0 2655831 4632 10689 7639 10689 3395 10689 3395 -1 
11915 1781950511 1781950511 0 2676754 8049 10031 7048 10031 6071 10031 4145 -1 
11918 1781950511 1781950511 0 2673884 6742 10195 5488 10195 1954 10195 897 -1 
11927 1781950511 1781950511 0 2677099 1539 10031 9839 10033 6358 10038 1682 -1 
11941 1781950511 1781950511 0 2648139 5365 10001 5726 10001 5726 10001 8607 -1 
11943 1781950511 1781950511 0 2651777 6812 10051 82 10051 4441 10051 1221 -1 
11974 1781950511 1781950511 0 2677160 5314 10031 6429 10031 9942 10031 1959 -1 
11976 1781950511 1781950511 0 2666018 9896 10033 7444 10033 4891 10033 6737 -1 
11977 1781950511 1781950511 0 2642276 1117 10033 9183 10104 6975 10104 7625 -1 
11979 1781950511 1781950511 0 2677633 10806 4971 10056 6315 10033 826 10021 -1 
11980 1781950511 1781950511 0 2652664 2911 10017 23 10017 23 10017 8097 -1 
11983 1781950511 1781950511 0 2654211 5369 10040 5906 10040 2944 10038 2554 -1 
11990 1781950511 1781950511 0 2652950 6196 10152 5219 10152 9160 10152 3991 -1 
11991 1781950511 1781950511 0 2678348 5725 10031 529 10031 9942 10031 1220 -1 
9092 1781950511 1781950511 0 2652664 10017 23 10017 23 10017 23 10017 8097 -1 
9158 1781950511 1781950511 0 2677633 5470 10052 3283 10033 9270 10033 826 10021 -1 
9169 1781950511 1781950511 0 2677575 7323 10105 964 10105 1678 10033 1615 10052 -1 
9170 1781950511 1781950511 0 2608196 5104 10248 5104 10248 5104 10248 5104 10248 -1 
9234 1781950511 1781950511 0 2676659 10704 9706 10105 964 10105 1678 10033 780 -1 
9268 1781950511 1781950511 0 2657315 10035 9576 10035 1144 10035 5438 10035 461 -1 
9528 1781950511 1781950511 0 2673001 9468 10764 9468 10764 8355 10764 9468 10764 -1 
9561 1781950511 1781950511 0 2647727 4673 10033 3571 10033 2972 10033 3284 10687 -1 
9619 1781950511 1781950511 0 2678156 462 10195 462 10195 3130 10195 711 10195 -1 
9640 1781950511 1781950511 0 2671565 9782 10038 1251 10274 5260 10274 733 10274 -1 
9727 1781950511 1781950511 0 2672662 441 10187 441 10187 441 10187 441 10187 -1 
9850 1781950511 1781950511 0 2677633 3865 10033 8021 10033 5993 10033 826 10021 -1 
9863 1781950511 1781950511 0 2677633 1171 10038 4035 10765 2368 10033 826 10021 -1 
9880 1781950511 1781950511 0 2674722 1620 10055 2722 10055 785 10055 324 10132 -1 
9975 1781950511 1781950511 0 2676659 10424 5804 10348 1136 10033 5358 10033 780 -1 
10111 1781950511 1781950511 0 2668767 10158 2488 10158 7489 10158 4505 10158 922 -1 
10113 1781950511 1781950511 0 2666002 10045 7045 10045 4623 10045 4623 10045 4623 -1 
10124 1781950511 1781950511 0 2677690 5446 10035 5438 10035 1144 10035 2341 10035 -1 
10157 1781950511 1781950511 0 2677178 5598 10509 2182 10509 8248 10087 7720 10509 -1 
10258 1781950511 1781950511 0 2666843 10445 3528 10445 2929 10445 2929 10445 6829 -1 
10304 1781950511 1781950511 0 2675072 10438 1970 10438 2543 10417 490 10417 7410 -1 
10576 1781950511 1781950511 0 2677391 6474 10033 6829 10033 1646 10038 128 10038 -1 
10652 1781950511 1781950511 0 2678345 1490 10033 3801 10033 3235 10033 3865 10033 -1 
10676 1781950511 1781950511 0 2677391 9292 10045 5481 10033 7590 10038 128 10038 -1 
10700 1781950511 1781950511 0 2677178 4506 10087 237 10087 8248 10087 7720 10509 -1 
10850 1781950511 1781950511 0 2677119 7121 10087 9453 10085 3747 10085 7720 10087 -1 
11133 1781950511 1781950511 0 2672211 5909 10356 4215 10356 5403 10356 5721 10409 -1 
11193 1781950511 1781950511 0 2624399 1149 10723 5426 10723 5426 10723 5426 10723 -1 
11287 1781950511 1781950511 0 2677178 2930 10509 4468 10422 4468 10087 7720 10509 -1 
11310 1781950511 1781950511 0 2677575 2901 10033 1380 10033 9969 10033 1615 10052 -1 
11357 1781950511 1781950511 0 2638824 10437 3302 10437 2528 10138 5160 10138 1921 -1 
11396 1781950511 1781950511 0 2677160 10031 9875 10031 7364 10031 9150 10031 1959 -1 
11422 1781950511 1781950511 0 2677391 65 10033 9977 10033 169 10038 128 10038 -1 
11497 1781950511 1781950511 0 2667542 10104 5624 10104 6940 10104 5744 10104 5773 -1 
11524 1781950511 1781950511 0 2678156 6092 10195 2318 10195 462 10195 711 10195 -1 
11559 1781950511 1781950511 0 2674591 3523 10038 1538 10040 1762 10348 576 10268 -1 
11684 1781950511 1781950511 0 2676104 10126 8733 10391 8522 10453 6965 10453 5001 -1 
11721 1781950511 1781950511 0 2678348 10031 5256 10031 8587 10031 931 10031 1220 -1 
11725 1781950511 1781950511 0 2672824 10140 529 10031 9132 10031 6431 10031 4936 -1 
11772 1781950511 1781950511 0 2678345 1289 10031 2652 10031 529 10031 3865 10033 -1 
11794 1781950511 1781950511 0 2676526 2111 10551 4830 10551 8290 10551 8290 10551 -1 
11800 1781950511 1781950511 0 2677178 4806 10087 8248 10087 8248 10087 7720 10509 -1 
11869 1781950511 1781950511 0 2672130 5200 10358 3732 10465 8726 10465 5655 10465 -1 
11907 1781950511 1781950511 0 2677523 68 10033 6728 10231 1069 10231 9093 10231 -1 
11932 1781950511 1781950511 0 2670171 4824 10180 5171 10180 8166 10126 1536 10391 -1 
11978 1781950511 1781950511 0 2677391 6098 10031 5021 10038 2705 10038 128 10038 -1 
9017 1781950511 1781950511 0 2663317 5502 10148 554 10148 1643 10148 2424 10148 5638 -1 
9021 1781950511 1781950511 0 2632174 6921 10104 5214 10104 6853 10104 9584 10104 6882 -1 
9029 1781950511 1781950511 0 2677523 1967 10038 2912 10052 1171 10231 9093 10231 9093 -1 
9030 1781950511 1781950511 0 2678345 8270 10104 6122 10038 2007 10033 1490 10033 3865 -1 
9032 1781950511 1781950511 0 2677160 5424 10031 296 10031 6945 10031 931 10031 1959 -1 
9048 1781950511 1781950511 0 2674171 6907 10652 7344 10652 7270 10652 7270 10652 1417 -1 
9073 1781950511 1781950511 0 2672662 263 10417 5679 10187 441 10187 441 10187 441 -1 
9095 1781950511 1781950511 0 2678310 8250 10038 529 10031 998 10031 8523 10031 931 -1 
9098 1781950511 1781950511 0 2672033 7588 10146 324 10055 8862 10055 2722 10055 5845 -1 
9106 1781950511 1781950511 0 2651765 5782 10052 964 10105 964 10105 5671 10105 7323 -1 
9108 1781950511 1781950511 0 2666271 1353 10031 529 10031 470 10031 6052 10031 6327 -1 
9134 1781950511 1781950511 0 2659526 7268 10033 5865 10033 1059 10654 1059 10052 4703 -1 
9152 1781950511 1781950511 0 2642048 1885 10138 3899 10138 9340 10138 5160 10138 6845 -1 
9153 1781950511 1781950511 0 2676523 5805 10146 7993 10146 9722 10146 6210 10146 5006 -1 
9154 1781950511 1781950511 0 2659153 4436 10272 1919 10033 9839 10356 3952 10052 5005 -1 
9157 1781950511 1781950511 0 2677293 4692 10031 2174 10031 529 10038 5527 10038 2705 -1 
9165 1781950511 1781950511 0 2677833 8591 10031 9920 10031 2174 10031 4925 10031 949 -1 
9208 1781950511 1781950511 0 2670509 7723 10652 6108 10652 9879 10652 7270 10652 7270 -1 
9210 1781950511 1781950511 0 2677486 665 10003 3276 10003 6743 10003 4 10003 7889 -1 
9231 1781950511 1781950511 0 2665092 3999 10085 2971 10087 8453 10087 7997 10453 7655 -1 
9237 1781950511 1781950511 0 2674128 6054 10040 1538 10035 54 10035 2084 10035 2084 -1 
9246 1781950511 1781950511 0 2666544 4214 10085 9403 10087 8248 10509 8248 10087 3305 -1 
9265 1781950511 1781950511 0 2676523 7503 10776 5536 10776 2700 10146 4458 10146 5006 -1 
9274 1781950511 1781950511 0 2677920 1721 10031 6874 10031 1721 10031 9942 10031 470 -1 
9275 1781950511 1781950511 0 2671394 7460 10087 152 10087 7370 10087 7655 10453 6965 -1 
9297 1781950511 1781950511 0 2673839 8444 10040 5395 10040 7443 10040 6912 10040 6932 -1 
9298 1781950511 1781950511 0 2675714 8064 10195 462 10195 3049 10195 8907 10195 3130 -1 
9308 1781950511 1781950511 0 2629565 7682 10104 8270 10104 5253 10104 5624 10104 8933 -1 
9317 1781950511 1781950511 0 2666891 2841 10093 2191 10093 2257 10093 9911 10093 2191 -1 
9340 1781950511 1781950511 0 2677833 2844 10033 7131 10033 5481 10033 7708 10031 949 -1 
9344 1781950511 1781950511 0 2676327 4458 10146 1339 10146 1637 10146 1180 10146 6785 -1 
9352 1781950511 1781950511 0 2674039 4170 10356 2122 10038 9848 10038 9191 10417 490 -1 
9355 1781950511 1781950511 0 2677282 6914 10031 5064 10031 9150 10031 6914 10031 1721 -1 
9369 1781950511 1781950511 0 2677988 1289 10033 8263 10033 2007 10033 1678 10033 239 -1 
9374 1781950511 1781950511 0 2675740 3974 10033 3361 10033 1289 10033 6829 10445 4172 -1 
9394 1781950511 1781950511 0 2674946 5099 10105 964 10105 5671 10105 7786 10033 3523 -1 
9398 1781950511 1781950511 0 2677920 8785 10031 554 10148 554 10148 554 10031 470 -1 
9407 1781950511 1781950511 0 2662743 3508 10048 3508 10048 1301 10048 7750 10048 6728 -1 
9416 1781950511 1781950511 0 2678348 8893 10148 1213 10148 554 10031 931 10031 1220 -1 
9429 1781950511 1781950511 0 2674722 2782 10132 2597 10132 2124 10132 4111 10132 324 -1 
9442 1781950511 1781950511 0 2671451 1763 10051 1453 10051 3258 10051 5928 10051 1347 -1 
9475 1781950511 1781950511 0 2678345 8538 10033 2375 10033 2901 10033 910 10033 3865 -1 
9482 1781950511 1781950511 0 2678345 525 10033 4135 10033 9977 10033 1490 10033 3865 -1 
9489 1781950511 1781950511 0 2670777 9136 10567 5867 10567 5518 10040 409 10040 9979 -1 
9490 1781950511 1781950511 0 2675672 5479 10038 9848 10038 128 10038 9848 10038 9120 -1 
9513 1781950511 1781950511 0 2669960 6955 10031 2174 10031 7771 10033 5358 10033 4425 -1 
9514 1781950511 1781950511 0 2669733 5606 10195 7746 10195 8907 10195 8810 10195 5073 -1 
9533 1781950511 1781950511 0 2666271 5263 10085 7041 10031 9707 10031 8466 10031 6327 -1 
9534 1781950511 1781950511 0 2678348 6913 10031 194 10031 8917 10031 931 10031 1220 -1 
9535 1781950511 1781950511 0 2676807 9901 10104 5773 10104 9584 10104 5842 10104 6414 -1 
9537 1781950511 1781950511 0 2677277 7074 10033 7250 10033 6217 10033 7590 10038 5527 -1 
9540 1781950511 1781950511 0 2674563 953 10033 915 10033 4304 10033 1004 10033 1562 -1 
9543 1781950511 1781950511 0 2676807 6862 10104 5643 10104 6885 10104 5842 10104 6414 -1 
9550 1781950511 1781950511 0 2678064 507 10033 65 10031 9942 10031 9942 10031 8413 -1 
9563 1781950511 1781950511 0 2614221 5081 10031 6914 10031 8785 10031 8785 10031 5064 -1 
9569 1781950511 1781950511 0 2677920 3571 10031 6429 10031 1721 10031 931 10031 470 -1 
9580 1781950511 1781950511 0 2678348 6641 10127 5066 10211 4936 10031 9942 10031 1220 -1 
9603 1781950511 1781950511 0 2644259 2157 10035 3532 10035 54 10035 1144 10035 8151 -1 
9609 1781950511 1781950511 0 2649601 2156 10126 5169 10126 2373 10087 1249 10085 3596 -1 
9614 1781950511 1781950511 0 2677486 5254 10146 6048 10146 9937 10003 4 10003 7889 -1 
9615 1781950511 1781950511 0 2676354 9778 10031 9022 10033 3952 10033 9969 10033 1490 -1 
9632 1781950511 1781950511 0 2674879 9958 10033 4198 10033 2743 10231 6667 10033 1678 -1 
9636 1781950511 1781950511 0 2644556 4781 10031 9867 10031 554 10031 5725 10031 2301 -1 
9641 1781950511 1781950511 0 2676354 7444 10033 3952 10033 2007 10033 7239 10033 1490 -1 
9645 1781950511 1781950511 0 2674946 8606 10520 3824 10440 1587 10231 6667 10033 3523 -1 
9680 1781950511 1781950511 0 2676508 84 10052 7365 10105 964 10105 1678 10033 6389 -1 
9682 1781950511 1781950511 0 2672909 3426 10033 1615 10031 554 10031 7403 10038 9752 -1 
9684 1781950511 1781950511 0 2673232 998 10031 1271 10031 5725 10031 529 10031 6039 -1 
9691 1781950511 1781950511 0 2674563 4730 10033 3283 10033 2972 10033 5993 10033 1562 -1 
9710 1781950511 1781950511 0 2671632 3930 10033 1490 10033 183 10297 5766 10033 411 -1 
9714 1781950511 1781950511 0 2678079 6366 10435 593 10435 3905 10435 1347 10051 1925 -1 
9722 1781950511 1781950511 0 2675817 9669 10031 181 10031 7590 10033 1678 10033 2810 -1 
9738 1781950511 1781950511 0 2674174 5721 10356 5721 10356 1877 10033 1289 10033 915 -1 
9740 1781950511 1781950511 0 2676977 8665 10033 7095 10033 1289 10033 723 10211 576 -1 
9744 1781950511 1781950511 0 2652466 9723 10246 3636 10246 7825 10246 5988 10056 6321 -1 
9780 1781950511 1781950511 0 2641678 4773 10509 2116 10126 782 10126 9513 10126 3916 -1 
9787 1781950511 1781950511 0 2670263 5515 10031 6914 10031 1721 10031 4483 10038 9865 -1 
9799 1781950511 1781950511 0 2657110 1651 10625 6077 10625 9020 10625 9951 10625 9020 -1 
9817 1781950511 1781950511 0 2669742 66 10041 7111 10041 2328 10041 1902 10041 66 -1 
9820 1781950511 1781950511 0 2672379 9780 10509 8388 10509 8248 10087 237 10087 8453 -1 
9841 1781950511 1781950511 0 2672486 4254 10033 1562 10033 5822 10033 1490 10033 1426 -1 
9951 1781950511 1781950511 0 2678064 2733 10031 6856 10031 8075 10031 931 10031 8413 -1 
9962 1781950511 1781950511 0 2677920 529 10031 5829 10031 4781 10031 222 10031 470 -1 
9969 1781950511 1781950511 0 2665363 7293 10038 2912 10038 128 10038 3952 10033 1105 -1 
9979 1781950511 1781950511 0 2678064 9839 10031 9942 10031 554 10031 9942 10031 8413 -1 
9986 1781950511 1781950511 0 2662789 8523 10031 8230 10031 6914 10031 1407 10031 6453 -1 
9994 1781950511 1781950511 0 2677588 2532 10031 139 10031 4483 10031 222 10031 9942 -1 
10022 1781950511 1781950511 0 2677588 9270 10031 1721 10031 9072 10031 554 10031 9942 -1 
10038 1781950511 1781950511 0 2654145 2148 10031 2203 10031 659 10031 1521 10031 8466 -1 
10052 1781950511 1781950511 0 2666867 4038 10052 9986 10052 9166 10052 9605 10052 5349 -1 
10053 1781950511 1781950511 0 2673459 1450 10148 554 10148 554 10148 554 10031 4781 -1 
10059 1781950511 1781950511 0 2673368 7609 10146 6048 10146 9722 10146 6210 10146 962 -1 
10064 1781950511 1781950511 0 2672066 5822 10033 4891 10033 5601 10033 9664 10033 5601 -1 
10076 1781950511 1781950511 0 2677293 2279 10417 1290 10038 9848 10038 9978 10038 2705 -1 
10084 1781950511 1781950511 0 2677920 9778 10031 9204 10031 9016 10031 931 10031 470 -1 
10091 1781950511 1781950511 0 2664305 7428 10031 529 10038 7000 10148 554 10148 302 -1 
10093 1781950511 1781950511 0 2650639 6085 10033 3676 10033 3952 10033 1683 10482 4542 -1 
10096 1781950511 1781950511 0 2657141 216 10033 6116 10078 5231 10078 343 10211 9515 -1 
10134 1781950511 1781950511 0 2677473 8804 10127 8804 10127 2919 10127 7015 10127 6678 -1 
10143 1781950511 1781950511 0 2667938 5643 10104 5406 10158 2488 10158 7489 10158 4505 -1 
10150 1781950511 1781950511 0 2677833 8777 10031 1220 10031 3245 10031 931 10031 949 -1 
10164 1781950511 1781950511 0 2665021 8227 10031 8527 10033 9270 10033 2007 10038 771 -1 
10180 1781950511 1781950511 0 2671205 6071 10031 269 10031 2040 10031 5822 10033 3974 -1 
10183 1781950511 1781950511 0 2677588 6945 10031 2063 10031 6914 10031 9942 10031 9942 -1 
10214 1781950511 1781950511 0 2678348 7772 10031 6914 10031 8466 10031 1959 10031 1220 -1 
10227 1781950511 1781950511 0 2632396 5314 10031 1521 10031 529 10031 554 10148 1643 -1 
10236 1781950511 1781950511 0 2672403 7808 10132 2597 10132 4564 10132 8781 10132 243 -1 
10261 1781950511 1781950511 0 2674579 5409 10031 9183 10052 6122 10211 897 10211 4955 -1 
10272 1781950511 1781950511 0 2618724 697 10035 248 10035 54 10035 9153 10035 5482 -1 
10284 1781950511 1781950511 0 2678145 8544 10033 3426 10216 1338 10216 966 10216 7612 -1 
10288 1781950511 1781950511 0 2665884 5800 10031 3571 10038 5744 10104 5842 10104 6550 -1 
10291 1781950511 1781950511 0 2676598 3313 10033 6001 10033 6122 10033 695 10033 5358 -1 
10294 1781950511 1781950511 0 2676327 4851 10146 1362 10146 7436 10146 91 10146 6785 -1 
10297 1781950511 1781950511 0 2677180 780 10038 4091 10031 9016 10031 529 10412 2562 -1 
10299 1781950511 1781950511 0 2675740 7388 10033 8091 10033 3422 10033 6829 10445 4172 -1 
10322 1781950511 1781950511 0 2678345 3639 10031 1721 10031 3865 10033 5358 10033 3865 -1 
10326 1781950511 1781950511 0 2667596 8913 10052 5349 10052 5349 10052 5349 10052 1118 -1 
10328 1781950511 1781950511 0 2676202 8978 10146 9562 10055 2722 10055 8862 10055 2722 -1 
10331 1781950511 1781950511 0 2666770 9219 10038 9865 10038 9848 10038 1682 10038 2801 -1 
10338 1781950511 1781950511 0 2646227 7094 10312 4888 10312 7094 10312 5255 10312 4888 -1 
10359 1781950511 1781950511 0 2670570 4432 10146 969 10146 962 10195 462 10195 649 -1 
10398 1781950511 1781950511 0 2616641 7628 10104 6882 10104 7688 10104 7652 10104 3430 -1 
10402 1781950511 1781950511 0 2669217 3033 10052 9986 10052 964 10052 964 10052 4560 -1 
10407 1781950511 1781950511 0 2675572 6346 10033 7287 10033 6001 10033 695 10033 337 -1 
10409 1781950511 1781950511 0 2674446 6458 10033 1059 10038 9848 10038 5632 10038 1373 -1 
10411 1781950511 1781950511 0 2664305 470 10031 5188 10031 554 10148 1450 10148 302 -1 
10441 1781950511 1781950511 0 2676977 2367 10038 128 10038 9848 10038 3450 10211 576 -1 
10463 1781950511 1781950511 0 2668735 6812 10051 3935 10051 9955 10038 128 10038 6054 -1 
10468 1781950511 1781950511 0 2677988 9301 10033 9352 10033 6387 10033 1490 10033 239 -1 
10473 1781950511 1781950511 0 2652664 3183 10158 6815 10158 964 10105 3952 10017 8097 -1 
10477 1781950511 1781950511 0 2676430 9578 10031 5889 10031 529 10031 529 10031 9150 -1 
10489 1781950511 1781950511 0 2677575 10136 1235 10033 5358 10033 1490 10033 1615 10052 -1 
10501 1781950511 1781950511 0 2676430 8259 10031 9150 10031 554 10031 9839 10031 9150 -1 
10520 1781950511 1781950511 0 2677690 1676 10035 8895 10093 8895 10035 1144 10035 2341 -1 
10540 1781950511 1781950511 0 2670063 5173 10038 9865 10038 529 10031 529 10031 3168 -1 
10568 1781950511 1781950511 0 2677920 6894 10031 6914 10031 931 10031 9150 10031 470 -1 
10572 1781950511 1781950511 0 2676354 5777 10424 5777 10033 1490 10033 6667 10033 1490 -1 
10585 1781950511 1781950511 0 2676508 9146 10033 492 10033 5358 10033 3523 10033 6389 -1 
10610 1781950511 1781950511 0 2670586 2418 10578 3952 10052 4560 10052 1683 10446 1469 -1 
10615 1781950511 1781950511 0 2673884 742 10276 7912 10195 1161 10195 3130 10195 897 -1 
10616 1781950511 1781950511 0 2665092 2189 10509 9780 10509 8248 10391 9453 10453 7655 -1 
10617 1781950511 1781950511 0 2674838 10654 1059 10038 128 10038 128 10038 1069 10356 -1 
10619 1781950511 1781950511 0 2670570 711 10195 7541 10195 1954 10195 3598 10195 649 -1 
10623 1781950511 1781950511 0 2674639 9459 10031 8227 10031 4483 10033 7590 10038 1646 -1 
10629 1781950511 1781950511 0 2661789 8896 10151 6895 10151 2793 10151 5714 10038 1813 -1 
10644 1781950511 1781950511 0 2676323 9581 10038 9848 10038 9865 10038 128 10038 4879 -1 
10645 1781950511 1781950511 0 2672842 659 10031 9286 10031 9942 10031 5822 10033 4164 -1 
10650 1781950511 1781950511 0 2670364 564 10033 4092 10033 3361 10033 2007 10033 1289 -1 
10653 1781950511 1781950511 0 2675817 5911 10033 3283 10033 3676 10033 6989 10033 2810 -1 
10661 1781950511 1781950511 0 2673186 7859 10031 9885 10033 9977 10033 3316 10033 4805 -1 
10671 1781950511 1781950511 0 2662799 4730 10033 9885 10031 2516 10031 9072 10031 6052 -1 
10673 1781950511 1781950511 0 2673006 5424 10031 998 10031 6052 10031 296 10031 7239 -1 
10683 1781950511 1781950511 0 2663317 8591 10031 2925 10031 554 10148 1450 10148 5638 -1 
10701 1781950511 1781950511 0 2677131 4898 10665 7987 10152 5501 10152 9160 10152 7987 -1 
10706 1781950511 1781950511 0 2674941 4526 10446 643 10446 1683 10052 964 10052 9664 -1 
10707 1781950511 1781950511 0 2674985 2156 10087 237 10087 237 10087 4951 10126 4466 -1 
10730 1781950511 1781950511 0 2675714 2966 10195 2244 10195 7746 10195 462 10195 3130 -1 
10736 1781950511 1781950511 0 2675837 4170 10148 8893 10148 3763 10148 554 10031 8523 -1 
10739 1781950511 1781950511 0 2676262 1117 10033 2397 10033 8091 10033 5822 10033 7330 -1 
10744 1781950511 1781950511 0 2674171 9646 10001 8607 10001 7344 10652 7270 10652 1417 -1 
10746 1781950511 1781950511 0 2656508 2812 10180 5171 10180 8166 10180 8166 10126 422 -1 
10752 1781950511 1781950511 0 2674128 9777 10035 4495 10035 2084 10035 1144 10035 2084 -1 
10761 1781950511 1781950511 0 2673839 422 10087 152 10087 5169 10453 9979 10040 6932 -1 
10770 1781950511 1781950511 0 2671929 3419 10055 3676 10033 5822 10033 6989 10033 6387 -1 
10771 1781950511 1781950511 0 2670364 2784 10031 470 10031 5725 10031 8263 10033 1289 -1 
10777 1781950511 1781950511 0 2660093 9576 10035 1676 10035 54 10035 8895 10093 4682 -1 
10783 1781950511 1781950511 0 2653267 6286 10195 8318 10036 1200 10036 2876 10036 1494 -1 
10799 1781950511 1781950511 0 2677678 5450 10148 554 10031 5318 10031 9942 10031 9875 -1 
10803 1781950511 1781950511 0 2669081 6001 10033 1346 10033 9992 10033 7250 10033 3426 -1 
10837 1781950511 1781950511 0 2677690 525 10033 6085 10033 9352 10035 1144 10035 2341 -1 
10844 1781950511 1781950511 0 2676202 5845 10055 324 10055 8862 10055 2722 10055 2722 -1 
10846 1781950511 1781950511 0 2672851 4221 10031 7302 10031 9922 10031 1407 10031 3024 -1 
10848 1781950511 1781950511 0 2633436 5557 10159 9098 10159 6896 10159 6194 10159 6194 -1 
10861 1781950511 1781950511 0 2666767 1459 10146 5254 10146 4724 10146 1637 10146 5805 -1 
10865 1781950511 1781950511 0 2676754 9578 10031 5725 10031 998 10031 529 10031 4145 -1 
10935 1781950511 1781950511 0 2676964 4704 10509 2930 10509 8248 10087 152 10087 8248 -1 
10939 1781950511 1781950511 0 2677588 7773 10031 1220 10031 2652 10031 9150 10031 9942 -1 
10946 1781950511 1781950511 0 2673280 6010 10033 9958 10033 3865 10033 1289 10033 7590 -1 
10947 1781950511 1781950511 0 2672216 5437 10031 529 10033 6989 10033 1289 10033 6051 -1 
10949 1781950511 1781950511 0 2672379 5405 10085 8522 10087 7370 10087 152 10087 8453 -1 
10953 1781950511 1781950511 0 2674075 7388 10033 1235 10038 128 10038 7590 10033 4978 -1 
10954 1781950511 1781950511 0 2676430 6159 10033 529 10038 529 10031 554 10031 9150 -1 
10980 1781950511 1781950511 0 2643144 2076 10417 2279 10104 5189 10104 9913 10104 5253 -1 
10983 1781950511 1781950511 0 2669865 2072 10033 8452 10033 6199 10033 7565 10033 4208 -1 
10991 1781950511 1781950511 0 2650587 5260 10274 733 10274 5260 10274 7755 10274 2448 -1 
11013 1781950511 1781950511 0 2648819 8097 10017 3952 10094 3033 10094 3952 10348 5760 -1 
11030 1781950511 1781950511 0 2676526 8056 10040 9300 10551 8290 10551 2335 10551 8290 -1 
11039 1781950511 1781950511 0 2636976 6391 10033 9877 10031 1721 10031 5084 10031 8587 -1 
11043 1781950511 1781950511 0 2675740 6450 10030 2669 10445 2961 10445 6829 10445 4172 -1 
11049 1781950511 1781950511 0 2647023 3360 10348 5184 10348 5240 10348 3952 10052 326 -1 
11053 1781950511 1781950511 0 2669733 3049 10195 3049 10195 2632 10195 2495 10195 5073 -1 
11081 1781950511 1781950511 0 2662869 6505 10424 6505 10424 5777 10052 9605 10052 6304 -1 
11082 1781950511 1781950511 0 2674379 8893 10148 554 10031 7403 10038 1426 10033 7786 -1 
11099 1781950511 1781950511 0 2675259 137 10082 1333 10082 8993 10082 1714 10082 7495 -1 
11101 1781950511 1781950511 0 2677833 269 10031 9072 10031 529 10031 9942 10031 949 -1 
11105 1781950511 1781950511 0 2673437 5630 10033 5168 10033 6661 10031 4483 10033 1004 -1 
11118 1781950511 1781950511 0 2637933 9535 10148 1799 10148 8893 10148 8101 10148 6925 -1 
11121 1781950511 1781950511 0 2673838 6948 10148 1938 10148 8101 10148 554 10031 6064 -1 
11125 1781950511 1781950511 0 2634621 7723 10652 6896 10652 9879 10652 9879 10652 6108 -1 
11127 1781950511 1781950511 0 2664507 7698 10031 3571 10031 9707 10031 9150 10031 863 -1 
11128 1781950511 1781950511 0 2611076 7340 10078 3664 10078 8554 10078 1014 10078 4235 -1 
11137 1781950511 1781950511 0 2666544 4506 10126 4263 10087 152 10087 152 10087 3305 -1 
11150 1781950511 1781950511 0 2671331 5648 10031 7302 10031 9270 10033 1289 10033 9969 -1 
11157 1781950511 1781950511 0 2676397 1566 10138 275 10138 275 10138 1334 10138 9337 -1 
11158 1781950511 1781950511 0 2671437 5177 10030 722 10030 3447 10211 5248 10211 6463 -1 
11160 1781950511 1781950511 0 2666145 6808 10031 554 10031 5256 10031 9922 10031 6211 -1 
11215 1781950511 1781950511 0 2678310 6010 10134 5479 10134 3368 10031 931 10031 931 -1 
11224 1781950511 1781950511 0 2678348 777 10031 5318 10031 998 10031 9942 10031 1220 -1 
11259 1781950511 1781950511 0 2641678 6065 10509 8388 10126 782 10126 7763 10126 3916 -1 
11275 1781950511 1781950511 0 2629412 5206 10051 1831 10051 9743 10031 7046 10031 7076 -1 
11288 1781950511 1781950511 0 2672047 5838 10195 3049 10195 9200 10195 462 10195 1844 -1 
11294 1781950511 1781950511 0 2669269 7343 10031 536 10031 2127 10031 9945 10031 998 -1 
11298 1781950511 1781950511 0 2669194 52 10033 7693 10033 5879 10033 4843 10021 3961 -1 
11306 1781950511 1781950511 0 2675740 2929 10445 4172 10445 4172 10445 2929 10445 4172 -1 
11311 1781950511 1781950511 0 2668058 2316 10087 5038 10557 6342 10557 6465 10557 6465 -1 
11361 1781950511 1781950511 0 2677833 9669 10031 554 10031 998 10031 9942 10031 949 -1 
11374 1781950511 1781950511 0 2668258 5852 10033 1784 10033 3676 10211 2806 10031 296 -1 
11378 1781950511 1781950511 0 2676659 3862 10052 9706 10105 964 10105 1678 10033 780 -1 
11389 1781950511 1781950511 0 2665844 5445 10691 5445 10691 6944 10038 9120 10038 62 -1 
11391 1781950511 1781950511 0 2642282 3086 10038 6914 10031 1710 10031 1173 10031 7733 -1 
11406 1781950511 1781950511 0 2662789 9909 10052 6098 10031 5094 10031 1084 10031 6453 -1 
11417 1781950511 1781950511 0 2673280 5548 10052 6890 10052 1615 10033 9969 10033 7590 -1 
11425 1781950511 1781950511 0 2678064 3883 10031 931 10031 1521 10031 1407 10031 8413 -1 
11444 1781950511 1781950511 0 2671651 2004 10031 2040 10031 931 10031 8767 10051 7299 -1 
11456 1781950511 1781950511 0 2651765 8093 10087 6992 10216 5636 10216 964 10105 7323 -1 
11460 1781950511 1781950511 0 2665884 8483 10104 6550 10104 6550 10104 5842 10104 6550 -1 
11477 1781950511 1781950511 0 2673065 3648 10035 4495 10035 2084 10035 1144 10035 1793 -1 
11485 1781950511 1781950511 0 2669920 8645 10033 4028 10033 5816 10033 2655 10033 9958 -1 
11495 1781950511 1781950511 0 2675750 7071 10038 1633 10146 4458 10146 9937 10146 9537 -1 
11496 1781950511 1781950511 0 2677391 8203 10031 296 10031 7403 10038 9120 10038 128 -1 
11517 1781950511 1781950511 0 2677926 2260 10030 615 10036 3175 10036 2876 10036 9341 -1 
11523 1781950511 1781950511 0 2665038 9809 10051 6812 10051 9515 10055 324 10132 4564 -1 
11542 1781950511 1781950511 0 2673311 4623 10045 4623 10045 4623 10045 1155 10045 1155 -1 
11549 1781950511 1781950511 0 2674357 9157 10652 9879 10652 9879 10652 9879 10652 9879 -1 
11554 1781950511 1781950511 0 2670208 3480 10409 7148 10409 5706 10467 5781 10467 5498 -1 
11573 1781950511 1781950511 0 2666307 10718 387 10573 1683 10052 9605 10052 2483 10438 -1 
11579 1781950511 1781950511 0 2676202 7021 10055 9537 10055 2722 10055 2722 10055 2722 -1 
11595 1781950511 1781950511 0 2678310 5911 10033 3024 10031 9578 10031 931 10031 931 -1 
11597 1781950511 1781950511 0 2666709 139 10031 6985 10031 1721 10031 4168 10031 1891 -1 
11617 1781950511 1781950511 0 2610509 2776 10036 467 10036 9939 10036 1200 10036 1200 -1 
11635 1781950511 1781950511 0 2675095 462 10195 3049 10195 5488 10195 1954 10195 2963 -1 
11638 1781950511 1781950511 0 2678064 1521 10031 2174 10031 9150 10031 1721 10031 8413 -1 
11652 1781950511 1781950511 0 2674985 9403 10087 4506 10126 4951 10391 1536 10126 4466 -1 
11663 1781950511 1781950511 0 2674585 5510 10031 5648 10031 4922 10031 529 10031 554 -1 
11676 1781950511 1781950511 0 2672851 2101 10132 3676 10033 7708 10031 529 10031 3024 -1 
11683 1781950511 1781950511 0 2675404 4035 10158 9026 10356 2033 10052 1683 10446 4745 -1 
11692 1781950511 1781950511 0 2677833 6890 10052 4170 10031 1710 10031 931 10031 949 -1 
11695 1781950511 1781950511 0 2673838 9132 10038 3905 10031 9187 10031 529 10031 6064 -1 
11710 1781950511 1781950511 0 2678348 7011 10040 3168 10440 3168 10031 1721 10031 1220 -1 
11724 1781950511 1781950511 0 2676202 7566 10146 488 10055 2843 10055 8314 10055 2722 -1 
11741 1781950511 1781950511 0 2677575 1521 10031 9659 10031 9922 10031 3024 10052 1615 -1 
11744 1781950511 1781950511 0 2660887 324 10055 2772 10055 785 10055 1683 10446 7912 -1 
11754 1781950511 1781950511 0 2677391 4079 10038 128 10038 9191 10038 6273 10038 128 -1 
11758 1781950511 1781950511 0 2669960 2190 10035 5518 10033 6989 10033 1877 10033 4425 -1 
11760 1781950511 1781950511 0 2677391 2424 10148 3710 10038 9865 10038 6273 10038 128 -1 
11766 1781950511 1781950511 0 2677588 9920 10031 6914 10031 222 10031 1721 10031 9942 -1 
11788 1781950511 1781950511 0 2668058 8838 10085 4530 10391 7763 10126 5169 10557 6465 -1 
11798 1781950511 1781950511 0 2669651 7101 10104 6853 10104 6550 10104 5773 10104 6122 -1 
11817 1781950511 1781950511 0 2673280 9748 10297 9426 10297 2145 10297 723 10033 7590 -1 
11831 1781950511 1781950511 0 2659894 3306 10033 689 10033 5706 10052 9605 10052 9070 -1 
11834 1781950511 1781950511 0 2669091 3524 10147 983 10146 7436 10146 9722 10146 4513 -1 
11841 1781950511 1781950511 0 2660274 9286 10031 8587 10031 931 10031 529 10040 2194 -1 
11842 1781950511 1781950511 0 2670364 7632 10158 8057 10158 7489 10158 6667 10033 1289 -1 
11844 1781950511 1781950511 0 2671888 6312 10605 9575 10093 1538 10040 7292 10040 7443 -1 
11848 1781950511 1781950511 0 2676202 2843 10055 324 10055 324 10055 8862 10055 2722 -1 
11877 1781950511 1781950511 0 2676218 2076 10038 2007 10038 1682 10038 9120 10038 2873 -1 
11887 1781950511 1781950511 0 2660274 8676 10691 5445 10691 6944 10040 8623 10040 2194 -1 
11891 1781950511 1781950511 0 2674941 6916 10052 8871 10052 9166 10052 6304 10052 9664 -1 
11895 1781950511 1781950511 0 2673838 1540 10153 6908 10031 6327 10031 529 10031 6064 -1 
11921 1781950511 1781950511 0 2674800 6423 10033 6122 10078 343 10078 343 10078 3664 -1 
11925 1781950511 1781950511 0 2654563 2453 10040 4843 10033 2901 10033 9059 10033 9265 -1 
11930 1781950511 1781950511 0 2665831 8049 10040 2310 10104 6975 10104 6550 10104 5842 -1 
11931 1781950511 1781950511 0 2646227 1846 10312 5255 10312 7094 10312 5255 10312 4888 -1 
11944 1781950511 1781950511 0 2677920 2063 10031 954 10031 5094 10031 9942 10031 470 -1 
11945 1781950511 1781950511 0 2674327 3024 10031 1721 10031 6508 10031 9942 10031 3562 -1 
11947 1781950511 1781950511 0 2677391 964 10052 7365 10105 2912 10038 5527 10038 128 -1 
11950 1781950511 1781950511 0 2677277 8748 10148 554 10031 529 10038 6273 10038 5527 -1 
11954 1781950511 1781950511 0 2675801 6855 10216 6727 10216 6475 10216 5636 10216 5173 -1 
11959 1781950511 1781950511 0 2637350 3179 10033 9958 10033 52 10033 1235 10231 8603 -1 
11996 1781950511 1781950511 0 2673839 4304 10033 7655 10453 9979 10040 6912 10040 6932 -1 
9044 1781950511 1781950511 0 2676598 10455 8871 10052 3862 10052 7365 10105 1678 10033 5358 -1 
9321 1781950511 1781950511 0 2671565 5260 10274 2448 10274 5260 10274 5260 10274 733 10274 -1 
9486 1781950511 1781950511 0 2677178 7310 10085 5998 10087 3305 10087 152 10087 7720 10509 -1 
9593 1781950511 1781950511 0 2675072 2602 10297 2145 10297 6869 10625 2748 10625 7410 10417 -1 
9755 1781950511 1781950511 0 2677575 6306 10033 1877 10033 8431 10033 5358 10033 1615 10052 -1 
9909 1781950511 1781950511 0 2670749 5994 10356 5721 10356 5403 10356 1587 10348 1069 10440 -1 
10069 1781950511 1781950511 0 2664305 2540 10148 2424 10148 554 10148 554 10148 302 10148 -1 
10187 1781950511 1781950511 0 2677690 2261 10035 1676 10035 1676 10035 4655 10035 2341 10035 -1 
10268 1781950511 1781950511 0 2677920 10180 8096 10031 8345 10031 9035 10031 949 10031 470 -1 
10381 1781950511 1781950511 0 2664305 8101 10148 1643 10148 554 10148 554 10148 302 10148 -1 
10405 1781950511 1781950511 0 2677575 5816 10033 183 10033 529 10031 529 10033 1615 10052 -1 
10456 1781950511 1781950511 0 2674174 10159 3685 10312 576 10052 3952 10033 1490 10033 915 -1 
10512 1781950511 1781950511 0 2677575 7069 10356 1171 10231 1235 10033 7565 10033 1615 10052 -1 
10550 1781950511 1781950511 0 2677690 10035 2689 10035 1144 10035 1144 10035 1144 10035 2341 -1 
10710 1781950511 1781950511 0 2673170 6064 10031 9286 10031 1721 10031 9063 10031 9991 10449 -1 
10813 1781950511 1781950511 0 2678345 3368 10134 3355 10134 6612 10134 9894 10033 3865 10033 -1 
10834 1781950511 1781950511 0 2661060 10530 653 10124 5183 10124 5183 10124 3985 10309 7009 -1 
10872 1781950511 1781950511 0 2678345 9395 10031 7005 10031 9922 10031 2706 10031 3865 10033 -1 
11169 1781950511 1781950511 0 2675259 3701 10038 3183 10158 9496 10625 4581 10625 7495 10082 -1 
11173 1781950511 1781950511 0 2674608 5061 10387 5061 10387 5061 10387 5061 10387 3278 10151 -1 
11197 1781950511 1781950511 0 2677119 4568 10429 8522 10429 5652 10085 3747 10085 7720 10087 -1 
11251 1781950511 1781950511 0 2678156 4234 10151 8896 10151 9844 10195 3049 10195 711 10195 -1 
11455 1781950511 1781950511 0 2660432 10637 6326 10033 9958 10033 9435 10033 2279 10660 3290 -1 
11584 1781950511 1781950511 0 2678145 1329 10216 966 10216 6475 10216 5162 10216 7612 10216 -1 
11820 1781950511 1781950511 0 2677523 4586 10158 964 10105 9324 10105 1235 10231 9093 10231 -1 
11892 1781950511 1781950511 0 2659015 10132 2597 10132 2124 10132 2597 10132 5916 10132 5950 -1 
11934 1781950511 1781950511 0 2678156 6499 10195 3049 10195 2862 10195 2465 10195 711 10195 -1 
9002 1781950511 1781950511 0 2677282 2892 10051 6812 10051 9439 10031 6071 10031 554 10031 1721 -1 
9009 1781950511 1781950511 0 2677988 6842 10297 5766 10017 23 10017 5766 10033 1490 10033 239 -1 
9039 1781950511 1781950511 0 2667987 6637 10052 3604 10356 7069 10356 964 10105 3952 10348 1587 -1 
9050 1781950511 1781950511 0 2674128 826 10035 8895 10035 1144 10035 2164 10035 1144 10035 2084 -1 
9054 1781950511 1781950511 0 2677391 5540 10031 3355 10038 5906 10038 1069 10038 5527 10038 128 -1 
9083 1781950511 1781950511 0 2674984 3437 10031 2040 10031 7626 10031 9578 10031 6064 10031 2007 -1 
9090 1781950511 1781950511 0 2665038 2597 10132 2597 10132 2597 10132 4111 10132 2597 10132 4564 -1 
9102 1781950511 1781950511 0 2677099 4198 10033 6735 10033 7009 10038 9191 10038 9120 10038 1682 -1 
9112 1781950511 1781950511 0 2676598 8688 10682 8688 10682 8688 10625 9020 10052 1615 10033 5358 -1 
9118 1781950511 1781950511 0 2673459 5648 10031 529 10031 8785 10031 7626 10031 9942 10031 4781 -1 
9126 1781950511 1781950511 0 2664305 1270 10148 554 10148 1643 10148 8893 10148 554 10148 302 -1 
9183 1781950511 1781950511 0 2677833 9193 10031 529 10031 7157 10031 605 10031 529 10031 949 -1 
9204 1781950511 1781950511 0 2664305 4145 10031 1192 10031 5256 10031 554 10148 1450 10148 302 -1 
9224 1781950511 1781950511 0 2673540 1923 10001 3470 10001 4152 10001 3470 10001 1 10001 1 -1 
9225 1781950511 1781950511 0 2673232 1724 10148 554 10031 2652 10031 4922 10031 529 10031 6039 -1 
9240 1781950511 1781950511 0 2673568 3003 10035 54 10035 5438 10035 1144 10035 1144 10035 4655 -1 
9260 1781950511 1781950511 0 2677588 7673 10031 7771 10031 9942 10031 6064 10031 1721 10031 9942 -1 
9277 1781950511 1781950511 0 2666324 7833 10038 529 10031 9578 10031 9942 10031 554 10031 6206 -1 
9289 1781950511 1781950511 0 2677099 5969 10033 6829 10033 1380 10038 9848 10038 9120 10038 1682 -1 
9311 1781950511 1781950511 0 2677391 8047 10038 128 10038 128 10038 128 10038 9120 10038 128 -1 
9337 1781950511 1781950511 0 2677833 8049 10765 580 10031 8075 10031 1721 10031 8523 10031 949 -1 
9371 1781950511 1781950511 0 2664000 3752 10033 1615 10038 529 10038 1290 10033 5822 10033 3952 -1 
9377 1781950511 1781950511 0 2675572 2654 10158 9201 10031 4922 10031 529 10033 1490 10033 337 -1 
9399 1781950511 1781950511 0 2678348 6077 10625 3952 10033 529 10031 1721 10031 931 10031 1220 -1 
9427 1781950511 1781950511 0 2678345 525 10033 169 10033 3361 10033 5822 10033 5618 10033 3865 -1 
9436 1781950511 1781950511 0 2677588 659 10031 8075 10031 470 10031 529 10031 9150 10031 9942 -1 
9453 1781950511 1781950511 0 2676523 9522 10146 6048 10146 4458 10146 5254 10146 1637 10146 5006 -1 
9519 1781950511 1781950511 0 2666018 8777 10031 949 10031 3024 10033 9839 10033 7565 10033 6737 -1 
9526 1781950511 1781950511 0 2676754 3280 10031 9942 10031 529 10031 529 10031 9839 10031 4145 -1 
9542 1781950511 1781950511 0 2676659 5786 10038 2873 10038 9848 10038 128 10038 2007 10033 780 -1 
9545 1781950511 1781950511 0 2678064 2040 10031 3425 10031 554 10148 554 10148 554 10031 8413 -1 
9567 1781950511 1781950511 0 2666307 3351 10033 899 10033 4028 10033 9977 10033 4617 10438 2483 -1 
9577 1781950511 1781950511 0 2670135 3574 10035 2190 10035 8218 10035 2164 10035 2084 10035 1144 -1 
9620 1781950511 1781950511 0 2678310 946 10038 1682 10038 9752 10038 529 10031 9942 10031 931 -1 
9676 1781950511 1781950511 0 2678064 9187 10031 7771 10031 5725 10031 4922 10031 9942 10031 8413 -1 
9694 1781950511 1781950511 0 2667596 6433 10052 1118 10052 5548 10052 8808 10052 964 10052 1118 -1 
9704 1781950511 1781950511 0 2678064 7798 10033 6661 10033 529 10031 6064 10031 9942 10031 8413 -1 
9752 1781950511 1781950511 0 2664305 2101 10132 8323 10033 9517 10148 554 10148 1450 10148 302 -1 
9765 1781950511 1781950511 0 2663707 6958 10158 1287 10033 3235 10033 2007 10038 9120 10038 114 -1 
9775 1781950511 1781950511 0 2677293 6116 10033 2972 10033 3752 10033 4012 10038 5527 10038 2705 -1 
9837 1781950511 1781950511 0 2676354 9986 10052 4560 10052 5349 10052 964 10105 1678 10033 1490 -1 
9852 1781950511 1781950511 0 2673837 5862 10330 5405 10085 2277 10127 3483 10127 5066 10127 4499 -1 
9868 1781950511 1781950511 0 2678345 4215 10231 5712 10231 1235 10033 6217 10033 1490 10033 3865 -1 
9883 1781950511 1781950511 0 2673240 2424 10148 2406 10148 554 10148 554 10031 8867 10272 9933 -1 
9898 1781950511 1781950511 0 2676262 6826 10031 529 10031 5540 10031 9270 10033 1004 10033 7330 -1 
9919 1781950511 1781950511 0 2675817 1964 10031 949 10031 2806 10031 529 10031 529 10033 2810 -1 
9923 1781950511 1781950511 0 2658634 7034 10031 1716 10031 554 10031 5188 10031 5863 10031 786 -1 
9924 1781950511 1781950511 0 2676262 6028 10033 2728 10231 964 10052 964 10105 1678 10033 7330 -1 
9930 1781950511 1781950511 0 2672909 5698 10045 84 10038 5642 10038 4012 10038 6273 10038 9752 -1 
9940 1781950511 1781950511 0 2667542 5809 10104 5253 10104 6927 10104 5773 10104 5744 10104 5773 -1 
9987 1781950511 1781950511 0 2677678 985 10031 554 10031 139 10031 2706 10031 554 10031 9875 -1 
10023 1781950511 1781950511 0 2669066 6828 10147 962 10146 5885 10146 9809 10216 530 10216 5162 -1 
10079 1781950511 1781950511 0 2674036 6342 10557 5263 10087 237 10087 8248 10087 152 10087 6123 -1 
10100 1781950511 1781950511 0 2667596 3300 10297 3300 10297 8188 10052 2840 10052 8808 10052 1118 -1 
10112 1781950511 1781950511 0 2655310 1118 10052 3353 10052 9183 10104 6550 10104 5744 10104 5744 -1 
10118 1781950511 1781950511 0 2676525 922 10158 2004 10031 4925 10031 4483 10033 7590 10038 6273 -1 
10126 1781950511 1781950511 0 2677678 3086 10052 1171 10038 8651 10031 6429 10031 1721 10031 9875 -1 
10130 1781950511 1781950511 0 2677988 6972 10246 3636 10246 3952 10578 3952 10105 1678 10033 239 -1 
10132 1781950511 1781950511 0 2676508 6039 10033 2743 10052 1877 10033 6306 10033 6989 10033 6389 -1 
10135 1781950511 1781950511 0 2670364 5420 10001 5148 10148 1450 10148 554 10148 8091 10033 1289 -1 
10167 1781950511 1781950511 0 2677588 5618 10021 8715 10040 4685 10031 1721 10031 529 10031 9942 -1 
10173 1781950511 1781950511 0 2674946 2246 10056 471 10033 492 10033 1380 10033 4483 10033 3523 -1 
10189 1781950511 1781950511 0 2668615 1215 10031 5325 10031 554 10031 6508 10031 296 10031 1972 -1 
10197 1781950511 1781950511 0 2669911 6990 10158 5099 10356 964 10105 964 10052 964 10105 964 -1 
10231 1781950511 1781950511 0 2676262 7428 10148 554 10031 7179 10031 954 10031 529 10033 7330 -1 
10232 1781950511 1781950511 0 2675740 5971 10356 3952 10052 9605 10052 8808 10052 964 10216 966 -1 
10243 1781950511 1781950511 0 2678348 9911 10093 3487 10033 7239 10031 1721 10031 931 10031 1220 -1 
10244 1781950511 1781950511 0 2677575 6161 10467 6161 10033 2914 10033 169 10033 9664 10052 1615 -1 
10246 1781950511 1781950511 0 2677833 6071 10031 554 10148 554 10031 529 10031 9150 10031 949 -1 
10267 1781950511 1781950511 0 2672423 1189 10146 5453 10146 5254 10146 9317 10146 462 10195 1161 -1 
10283 1781950511 1781950511 0 2676354 4989 10148 9357 10052 5543 10052 964 10105 1678 10033 1490 -1 
10309 1781950511 1781950511 0 2675848 7859 10031 529 10031 9150 10031 529 10031 529 10033 5618 -1 
10339 1781950511 1781950511 0 2669651 7022 10104 9584 10104 7625 10104 6550 10104 5842 10104 6122 -1 
10378 1781950511 1781950511 0 2635583 6975 10104 5233 10104 6885 10104 6921 10104 6975 10104 6885 -1 
10395 1781950511 1781950511 0 2662937 1643 10148 3297 10148 8101 10148 554 10148 554 10148 1450 -1 
10399 1781950511 1781950511 0 2676397 9340 10138 1195 10138 654 10138 7753 10138 1334 10138 9337 -1 
10413 1781950511 1781950511 0 2662034 9038 10148 1450 10148 554 10031 554 10148 554 10148 2424 -1 
10428 1781950511 1781950511 0 2678079 6103 10297 9426 10297 9748 10297 6824 10071 6824 10051 1925 -1 
10449 1781950511 1781950511 0 2676262 6304 10052 4052 10348 4052 10105 964 10105 1678 10033 7330 -1 
10478 1781950511 1781950511 0 2665831 7089 10104 6882 10104 7628 10104 6550 10104 5842 10104 5842 -1 
10499 1781950511 1781950511 0 2673437 8117 10051 6812 10051 6458 10033 1289 10033 5358 10033 1004 -1 
10506 1781950511 1781950511 0 2675095 6709 10195 3049 10195 6179 10195 462 10195 649 10195 2963 -1 
10516 1781950511 1781950511 0 2678348 7005 10031 1721 10031 3024 10033 7239 10031 1959 10031 1220 -1 
10522 1781950511 1781950511 0 2678310 5540 10031 5256 10031 5307 10031 1407 10031 4483 10031 931 -1 
10591 1781950511 1781950511 0 2677678 9286 10031 529 10040 8623 10040 529 10031 9942 10031 9875 -1 
10628 1781950511 1781950511 0 2675701 7071 10052 6807 10052 278 10051 3935 10051 281 10139 9489 -1 
10651 1781950511 1781950511 0 2677588 4539 10195 6709 10195 3049 10195 9844 10031 1721 10031 9942 -1 
10685 1781950511 1781950511 0 2666271 3669 10686 7161 10686 8205 10031 5863 10031 6508 10031 6327 -1 
10723 1781950511 1781950511 0 2672047 3074 10195 462 10195 9729 10195 462 10195 462 10195 1844 -1 
10726 1781950511 1781950511 0 2667057 580 10031 9072 10031 9016 10031 9629 10297 5766 10033 3316 -1 
10748 1781950511 1781950511 0 2671205 7771 10033 6085 10033 3361 10033 8091 10033 6989 10033 3974 -1 
10749 1781950511 1781950511 0 2646375 3255 10033 6098 10033 6989 10033 9839 10031 2040 10031 3437 -1 
10757 1781950511 1781950511 0 2670586 4263 10126 5504 10509 4177 10052 3730 10052 1683 10446 1469 -1 
10784 1781950511 1781950511 0 2676202 2124 10132 8862 10132 324 10055 8862 10055 8862 10055 2722 -1 
10800 1781950511 1781950511 0 2676754 6049 10031 6211 10031 931 10031 7302 10031 931 10031 4145 -1 
10841 1781950511 1781950511 0 2677282 8676 10094 3952 10038 2600 10038 529 10033 7239 10031 1721 -1 
10868 1781950511 1781950511 0 2675022 9481 10146 2809 10126 1536 10391 8522 10087 152 10087 152 -1 
10914 1781950511 1781950511 0 2669911 7029 10038 8294 10038 1235 10105 5029 10105 964 10105 964 -1 
10931 1781950511 1781950511 0 2674985 140 10085 7720 10087 8039 10126 9979 10126 1536 10126 4466 -1 
10984 1781950511 1781950511 0 2669217 4215 10021 1259 10052 5543 10052 9986 10052 8808 10052 4560 -1 
11000 1781950511 1781950511 0 2671651 1651 10051 3935 10051 82 10051 2218 10051 2218 10051 7299 -1 
11003 1781950511 1781950511 0 2666271 9094 10033 1136 10033 9022 10033 3952 10033 529 10031 6327 -1 
11019 1781950511 1781950511 0 2673754 2457 10035 1144 10035 461 10035 2084 10035 1144 10035 1676 -1 
11050 1781950511 1781950511 0 2645284 787 10031 1964 10031 2215 10031 5551 10031 9945 10031 6544 -1 
11058 1781950511 1781950511 0 2677523 5671 10105 1235 10231 2033 10231 9093 10231 9093 10231 9093 -1 
11079 1781950511 1781950511 0 2668767 7272 10031 9578 10031 74 10158 4117 10158 4505 10158 922 -1 
11086 1781950511 1781950511 0 2676354 2313 10031 1721 10031 9778 10031 5021 10038 1426 10033 1490 -1 
11148 1781950511 1781950511 0 2674800 5885 10146 3040 10146 9317 10146 4235 10078 343 10078 3664 -1 
11153 1781950511 1781950511 0 2677833 4372 10031 4922 10031 3697 10031 9942 10031 529 10031 949 -1 
11154 1781950511 1781950511 0 2677099 9681 10765 9120 10038 5199 10038 771 10038 9120 10038 1682 -1 
11159 1781950511 1781950511 0 2678348 7673 10031 931 10031 2806 10031 222 10031 931 10031 1220 -1 
11182 1781950511 1781950511 0 2667491 461 10035 1793 10035 1676 10035 8895 10093 9911 10093 2257 -1 
11202 1781950511 1781950511 0 2676523 3896 10146 5885 10146 9317 10146 9809 10146 1637 10146 5006 -1 
11213 1781950511 1781950511 0 2664305 62 10038 8230 10031 7046 10031 9942 10031 554 10148 302 -1 
11227 1781950511 1781950511 0 2677046 2840 10052 3831 10148 7734 10148 554 10148 554 10031 222 -1 
11242 1781950511 1781950511 0 2674985 5982 10085 6630 10087 152 10087 8248 10391 1536 10126 4466 -1 
11253 1781950511 1781950511 0 2677678 59 10036 8318 10195 9844 10031 529 10031 9150 10031 9875 -1 
11255 1781950511 1781950511 0 2675672 7293 10038 9955 10038 831 10038 9848 10038 128 10038 9120 -1 
11260 1781950511 1781950511 0 2667933 7774 10033 7212 10132 2597 10132 2597 10132 8781 10449 7415 -1 
11273 1781950511 1781950511 0 2677575 5021 10151 4843 10031 1721 10031 8091 10033 9664 10052 1615 -1 
11307 1781950511 1781950511 0 2636235 8472 10031 529 10031 5256 10031 3674 10031 7122 10031 1521 -1 
11317 1781950511 1781950511 0 2651765 7802 10038 7708 10105 5671 10105 5671 10105 5671 10105 7323 -1 
11329 1781950511 1781950511 0 2671435 8783 10087 8248 10087 152 10087 2343 10124 7020 10309 6818 -1 
11331 1781950511 1781950511 0 2674985 2739 10087 8838 10085 770 10087 237 10087 4951 10126 4466 -1 
11350 1781950511 1781950511 0 2678348 7718 10031 5436 10031 8523 10031 1721 10031 931 10031 1220 -1 
11370 1781950511 1781950511 0 2677046 2892 10051 4441 10031 3437 10031 470 10031 529 10031 222 -1 
11385 1781950511 1781950511 0 2674985 2728 10033 216 10557 6465 10557 5704 10087 4951 10126 4466 -1 
11414 1781950511 1781950511 0 2669848 5222 10031 7718 10031 3425 10031 529 10031 296 10031 9874 -1 
11482 1781950511 1781950511 0 2678310 1302 10031 99 10031 1959 10031 554 10031 9839 10031 931 -1 
11505 1781950511 1781950511 0 2676508 9848 10038 8651 10038 9848 10038 2007 10033 1004 10033 6389 -1 
11515 1781950511 1781950511 0 2677833 9357 10031 529 10031 529 10031 5256 10031 529 10031 949 -1 
11527 1781950511 1781950511 0 2673065 8151 10035 2190 10035 697 10035 5438 10035 1144 10035 1793 -1 
11551 1781950511 1781950511 0 2673459 6952 10031 554 10148 3763 10148 554 10031 9942 10031 4781 -1 
11589 1781950511 1781950511 0 2676430 2810 10033 6407 10033 6358 10033 6989 10033 3024 10031 9150 -1 
11604 1781950511 1781950511 0 2667938 5349 10052 576 10408 6096 10051 2218 10051 281 10158 4505 -1 
11609 1781950511 1781950511 0 2676977 7782 10038 9955 10038 831 10038 9848 10038 3450 10211 576 -1 
11613 1781950511 1781950511 0 2673437 296 10031 2806 10033 5358 10033 6989 10033 6989 10033 1004 -1 
11688 1781950511 1781950511 0 2662937 949 10031 5009 10031 554 10148 554 10148 554 10148 1450 -1 
11703 1781950511 1781950511 0 2672423 1287 10133 245 10133 7660 10038 5929 10195 462 10195 1161 -1 
11709 1781950511 1781950511 0 2678348 1762 10038 5642 10038 9120 10038 1380 10031 1721 10031 1220 -1 
11712 1781950511 1781950511 0 2678064 8227 10031 6826 10031 536 10031 6947 10031 9922 10031 8413 -1 
11713 1781950511 1781950511 0 2650832 4038 10052 5237 10052 1171 10052 9986 10052 5782 10052 5548 -1 
11746 1781950511 1781950511 0 2654512 5969 10033 5712 10033 529 10031 6829 10035 1144 10035 7011 -1 
11781 1781950511 1781950511 0 2677282 9219 10038 9865 10038 4012 10038 529 10031 9150 10031 1721 -1 
11782 1781950511 1781950511 0 2666443 5595 10158 4505 10158 5406 10158 1905 10158 4117 10158 281 -1 
11783 1781950511 1781950511 0 2677833 2784 10038 5199 10038 9848 10038 529 10031 9942 10031 949 -1 
11797 1781950511 1781950511 0 2668767 5237 10052 5892 10158 7489 10158 4117 10158 4505 10158 922 -1 
11803 1781950511 1781950511 0 2671632 2873 10038 1813 10038 5642 10038 9120 10038 8988 10033 411 -1 
11818 1781950511 1781950511 0 2672909 7667 10148 5059 10038 128 10038 128 10038 9848 10038 9752 -1 
11839 1781950511 1781950511 0 2675817 54 10035 8151 10035 1144 10035 529 10031 4483 10033 2810 -1 
11862 1781950511 1781950511 0 2677282 1938 10148 5450 10148 554 10148 554 10031 1721 10031 1721 -1 
11917 1781950511 1781950511 0 2677046 7809 10051 9701 10033 3283 10031 6945 10031 9942 10031 222 -1 
11924 1781950511 1781950511 0 2675848 5978 10530 589 10438 1970 10438 5618 10033 5358 10033 5618 -1 
11956 1781950511 1781950511 0 2671465 297 10033 9079 10033 3930 10033 4092 10033 3284 10682 8688 -1 
11963 1781950511 1781950511 0 2676659 9891 10033 1562 10033 9701 10033 1289 10033 1490 10033 780 -1 
9438 1781950511 1781950511 0 2677178 1065 10509 8248 10087 237 10087 8248 10087 8248 10087 7720 10509 -1 
9602 1781950511 1781950511 0 2677178 2182 10509 5038 10509 5504 10509 2930 10509 8248 10087 7720 10509 -1 
9825 1781950511 1781950511 0 2677722 312 10151 651 10151 8896 10151 8896 10151 5714 10038 7420 10127 -1 
10201 1781950511 1781950511 0 2664305 1485 10148 554 10148 8101 10148 7012 10148 554 10148 302 10148 -1 
10208 1781950511 1781950511 0 2677575 10297 8695 10297 6869 10297 2145 10297 2912 10105 964 10052 1615 -1 
10705 1781950511 1781950511 0 2670263 10866 3278 10151 6051 10033 1235 10033 8091 10033 4483 10038 9865 -1 
10826 1781950511 1781950511 0 2677178 8870 10509 6023 10509 9687 10509 8248 10509 8248 10087 7720 10509 -1 
10989 1781950511 1781950511 0 2664305 1643 10148 554 10148 835 10148 1643 10148 554 10148 302 10148 -1 
11701 1781950511 1781950511 0 2677178 3250 10055 6009 10085 8388 10085 1708 10085 5975 10085 7720 10509 -1 
11859 1781950511 1781950511 0 2677690 247 10035 54 10035 1144 10035 1144 10035 1144 10035 2341 10035 -1 
11861 1781950511 1781950511 0 2666307 6894 10031 9072 10031 2706 10031 9193 10052 3831 10052 2483 10438 -1 
11923 1781950511 1781950511 0 2677178 6482 10126 5704 10087 152 10087 152 10087 3305 10087 7720 10509 -1 
9059 1781950511 1781950511 0 2674985 1065 10509 9687 10509 1845 10509 9979 10126 4951 10391 1536 10126 4466 -1 
9060 1781950511 1781950511 0 2677180 2307 10348 1877 10356 3952 10033 8091 10033 2279 10033 529 10412 2562 -1 
9107 1781950511 1781950511 0 2670570 2465 10195 3049 10195 7619 10195 9729 10195 462 10195 462 10195 649 -1 
9110 1781950511 1781950511 0 2669352 4941 10179 7825 10179 5120 10031 5084 10031 554 10031 529 10038 6358 -1 
9155 1781950511 1781950511 0 2677920 1121 10051 1121 10051 8799 10031 296 10031 529 10031 222 10031 470 -1 
9194 1781950511 1781950511 0 2664516 4176 10033 1562 10033 1739 10033 9701 10033 3283 10033 3952 10033 4135 -1 
9195 1781950511 1781950511 0 2677523 5721 10105 1290 10409 964 10158 74 10158 6667 10231 9093 10231 9093 -1 
9252 1781950511 1781950511 0 2677046 9432 10148 1450 10148 3373 10148 3763 10148 554 10031 529 10031 222 -1 
9290 1781950511 1781950511 0 2677833 3752 10033 8091 10033 1289 10033 6989 10033 2007 10031 931 10031 949 -1 
9324 1781950511 1781950511 0 2677575 1084 10246 7581 10246 2698 10246 4703 10052 5349 10052 964 10052 1615 -1 
9325 1781950511 1781950511 0 2669911 966 10216 6855 10216 964 10105 5671 10105 5671 10105 964 10105 964 -1 
9366 1781950511 1781950511 0 2675095 691 10147 962 10195 4311 10195 1954 10195 7746 10195 462 10195 2963 -1 
9375 1781950511 1781950511 0 2672896 9922 10031 1302 10031 8917 10031 9875 10031 6737 10033 3974 10033 8481 -1 
9433 1781950511 1781950511 0 2678064 9286 10031 3280 10031 9578 10031 9922 10031 4922 10031 9942 10031 8413 -1 
9454 1781950511 1781950511 0 2666443 5555 10031 7364 10031 9270 10031 931 10031 2915 10031 74 10158 281 -1 
9502 1781950511 1781950511 0 2673232 8167 10031 7733 10031 554 10148 1450 10148 554 10031 529 10031 6039 -1 
9539 1781950511 1781950511 0 2678345 6321 10033 1004 10033 6989 10033 6502 10033 1380 10033 5358 10033 3865 -1 
9621 1781950511 1781950511 0 2675848 9426 10297 471 10211 576 10052 4560 10052 964 10105 1678 10033 5618 -1 
9635 1781950511 1781950511 0 2675837 3763 10148 1643 10148 1450 10148 554 10148 554 10148 554 10031 8523 -1 
9698 1781950511 1781950511 0 2664305 1235 10038 771 10038 52 10033 7250 10033 9885 10033 8091 10148 302 -1 
9715 1781950511 1781950511 0 2673280 9079 10033 3361 10033 5993 10033 9701 10033 5712 10231 3952 10033 7590 -1 
9754 1781950511 1781950511 0 2678064 50 10031 1721 10031 5256 10031 4483 10033 2007 10031 931 10031 8413 -1 
9774 1781950511 1781950511 0 2677991 1148 10138 654 10138 275 10138 654 10138 9337 10138 1334 10138 2573 -1 
9782 1781950511 1781950511 0 2677391 1271 10031 9922 10031 529 10038 1538 10040 1538 10038 9120 10038 128 -1 
9824 1781950511 1781950511 0 2677678 9647 10031 5064 10031 5256 10031 554 10148 554 10031 222 10031 9875 -1 
9839 1781950511 1781950511 0 2674985 5031 10509 8248 10087 152 10087 4951 10391 1536 10391 1536 10126 4466 -1 
9848 1781950511 1781950511 0 2678156 2968 10146 4752 10146 462 10195 462 10195 462 10195 462 10195 711 -1 
9893 1781950511 1781950511 0 2673459 7054 10148 2245 10148 7722 10148 6869 10625 3952 10033 3024 10031 4781 -1 
10030 1781950511 1781950511 0 2678079 3748 10051 1121 10051 6096 10051 1763 10051 858 10051 7299 10051 1925 -1 
10042 1781950511 1781950511 0 2678348 9920 10031 139 10031 7626 10031 554 10031 554 10031 931 10031 1220 -1 
10081 1781950511 1781950511 0 2633436 7815 10159 5823 10159 9098 10159 9098 10159 6896 10159 5557 10159 6194 -1 
10082 1781950511 1781950511 0 2677180 337 10031 8048 10031 529 10031 5551 10031 529 10031 529 10412 2562 -1 
10155 1781950511 1781950511 0 2667542 2359 10104 6942 10104 5301 10104 8933 10104 7625 10104 5842 10104 5773 -1 
10226 1781950511 1781950511 0 2663317 9289 10104 6975 10104 6889 10104 5189 10031 6945 10031 554 10148 5638 -1 
10254 1781950511 1781950511 0 2678345 7278 10033 3283 10033 6199 10033 4483 10033 6989 10033 239 10033 3865 -1 
10255 1781950511 1781950511 0 2643380 5815 10138 1148 10138 1195 10138 4582 10138 9340 10138 2573 10138 7753 -1 
10289 1781950511 1781950511 0 2677833 1291 10031 1407 10031 8466 10031 222 10031 9942 10031 1721 10031 949 -1 
10329 1781950511 1781950511 0 2675572 795 10051 4441 10031 9132 10038 1813 10038 529 10038 7590 10033 337 -1 
10383 1781950511 1781950511 0 2677523 8382 10038 1290 10038 5642 10038 5712 10231 2033 10231 9093 10231 9093 -1 
10418 1781950511 1781950511 0 2676964 7365 10087 152 10087 152 10087 152 10087 1249 10085 6123 10087 8248 -1 
10461 1781950511 1781950511 0 2676598 2424 10148 2222 10148 835 10148 7012 10052 964 10105 1678 10033 5358 -1 
10497 1781950511 1781950511 0 2677391 1753 10637 7773 10031 6856 10038 9120 10038 9848 10038 5527 10038 128 -1 
10534 1781950511 1781950511 0 2660339 4175 10356 5403 10356 4215 10356 2033 10033 1136 10052 9986 10052 9605 -1 
10555 1781950511 1781950511 0 2670583 6089 10055 9537 10055 2843 10055 6462 10031 554 10148 554 10031 3574 -1 
10570 1781950511 1781950511 0 2674174 5409 10031 554 10031 529 10031 5829 10031 5094 10031 3024 10033 915 -1 
10577 1781950511 1781950511 0 2678348 6768 10031 65 10031 3607 10031 529 10031 1721 10031 931 10031 1220 -1 
10600 1781950511 1781950511 0 2678348 1192 10031 6914 10031 1721 10031 5256 10031 2007 10031 931 10031 1220 -1 
10682 1781950511 1781950511 0 2677690 461 10035 2341 10035 3420 10035 2164 10035 1144 10035 1144 10035 2341 -1 
10747 1781950511 1781950511 0 2674946 760 10134 5479 10134 5479 10134 3355 10031 139 10031 529 10033 3523 -1 
10772 1781950511 1781950511 0 2675848 6431 10031 7733 10031 6913 10031 7590 10033 6088 10033 4164 10033 5618 -1 
10785 1781950511 1781950511 0 2678064 7379 10003 4 10003 3624 10033 3952 10033 6989 10033 2007 10031 8413 -1 
10827 1781950511 1781950511 0 2675848 9920 10031 8199 10031 9742 10031 99 10031 1721 10031 529 10033 5618 -1 
10930 1781950511 1781950511 0 2677099 711 10195 6983 10104 7681 10104 7698 10031 5800 10038 128 10038 1682 -1 
10993 1781950511 1781950511 0 2677588 8472 10031 5325 10031 1192 10031 3674 10031 9150 10031 222 10031 9942 -1 
11014 1781950511 1781950511 0 2675672 399 10179 8450 10211 1220 10031 1407 10031 4922 10031 529 10038 9120 -1 
11151 1781950511 1781950511 0 2676323 564 10033 2098 10038 114 10038 7293 10038 9120 10038 9120 10038 4879 -1 
11221 1781950511 1781950511 0 2670157 5040 10031 1721 10031 1721 10031 5314 10031 6945 10031 998 10031 9894 -1 
11231 1781950511 1781950511 0 2678348 1136 10031 931 10031 9707 10031 9187 10031 9942 10031 1959 10031 1220 -1 
11270 1781950511 1781950511 0 2676202 6709 10195 3049 10195 9729 10055 785 10055 3330 10055 324 10055 2722 -1 
11289 1781950511 1781950511 0 2677588 2925 10031 1721 10031 6914 10031 6052 10031 529 10031 1959 10031 9942 -1 
11315 1781950511 1781950511 0 2674985 152 10087 152 10087 152 10087 7001 10126 782 10126 9979 10126 4466 -1 
11397 1781950511 1781950511 0 2674036 4704 10509 5001 10126 422 10391 7763 10391 1536 10087 152 10087 6123 -1 
11432 1781950511 1781950511 0 2672066 4665 10038 4879 10038 128 10038 831 10038 4483 10033 3974 10033 5601 -1 
11439 1781950511 1781950511 0 2678310 7364 10031 9922 10031 1084 10031 4922 10031 139 10031 9150 10031 931 -1 
11607 1781950511 1781950511 0 2643507 4584 10038 2098 10038 128 10038 2944 10040 6596 10040 5369 10040 1974 -1 
11726 1781950511 1781950511 0 2675740 9719 10038 128 10038 6234 10038 8091 10033 8091 10033 6829 10445 4172 -1 
11756 1781950511 1781950511 0 2678064 5562 10031 2957 10031 194 10031 1721 10031 9578 10031 9942 10031 8413 -1 
11790 1781950511 1781950511 0 2677920 8345 10031 1521 10031 9629 10031 9150 10031 139 10031 222 10031 470 -1 
11825 1781950511 1781950511 0 2674796 5016 10041 5486 10041 5856 10041 5486 10041 1862 10041 2328 10041 7111 -1 
11871 1781950511 1781950511 0 2677160 4234 10151 394 10151 334 10031 9578 10031 5318 10031 554 10031 1959 -1 
11885 1781950511 1781950511 0 2678064 3763 10148 1450 10148 4498 10148 5478 10148 554 10031 9942 10031 8413 -1 
11900 1781950511 1781950511 0 2664305 3297 10148 1450 10148 1450 10148 1450 10148 3090 10148 1450 10148 302 -1 
11909 1781950511 1781950511 0 2678345 907 10152 6335 10033 8091 10038 9848 10038 964 10105 1678 10033 3865 -1 
11961 1781950511 1781950511 0 2677926 3501 10036 8318 10036 9939 10036 3175 10036 4472 10036 2876 10036 9341 -1 
9423 1781950511 1781950511 0 2661674 5394 10104 5565 10104 5214 10104 5204 10104 9584 10104 3920 10104 9901 10294 -1 
9511 1781950511 1781950511 0 2675572 10151 3447 10033 3952 10052 964 10158 6823 10158 964 10105 1678 10033 337 -1 
9974 1781950511 1781950511 0 2673867 10578 2418 10578 3952 10231 964 10105 5671 10105 964 10052 3024 10033 6667 -1 
10599 1781950511 1781950511 0 2676353 651 10151 8896 10151 8896 10151 4035 10038 5800 10071 6824 10071 6824 10071 -1 
10836 1781950511 1781950511 0 2677575 472 10031 7429 10133 807 10052 6304 10052 964 10105 1678 10033 1615 10052 -1 
11957 1781950511 1781950511 0 2677178 9513 10453 7202 10126 7763 10391 2343 10087 152 10087 152 10087 7720 10509 -1 
9127 1781950511 1781950511 0 2667719 1959 10031 6947 10031 8048 10031 9150 10031 554 10031 7157 10031 6914 10031 7802 -1 
9262 1781950511 1781950511 0 2673754 2157 10035 3532 10035 1144 10035 1144 10035 3420 10035 1144 10035 1144 10035 1676 -1 
9360 1781950511 1781950511 0 2677131 5219 10152 5232 10152 9160 10152 9160 10152 3991 10152 4753 10152 9339 10152 7987 -1 
9858 1781950511 1781950511 0 2673280 7722 10148 554 10148 554 10031 786 10031 9071 10031 2652 10033 6989 10033 7590 -1 
9907 1781950511 1781950511 0 2676262 3768 10557 3768 10557 6965 10453 9453 10391 7001 10453 7310 10453 5169 10085 3747 -1 
9958 1781950511 1781950511 0 2677391 621 10033 239 10033 9208 10033 2007 10038 3090 10038 9848 10038 2705 10038 128 -1 
10172 1781950511 1781950511 0 2644067 8748 10148 4247 10148 554 10148 8893 10148 8893 10148 1213 10148 7000 10148 2520 -1 
10212 1781950511 1781950511 0 2677180 771 10038 7480 10038 7420 10038 8622 10031 554 10031 529 10031 529 10412 2562 -1 
10712 1781950511 1781950511 0 2676964 5723 10085 3999 10391 7763 10126 9979 10085 9453 10087 152 10087 237 10087 8248 -1 
10870 1781950511 1781950511 0 2660408 4586 10085 7310 10085 8522 10391 5504 10087 5038 10429 8522 10453 9453 10087 7370 -1 
11261 1781950511 1781950511 0 2678064 5040 10031 4922 10031 9270 10031 1407 10031 529 10031 529 10031 9942 10031 8413 -1 
11276 1781950511 1781950511 0 2678121 2318 10195 9391 10195 462 10195 2571 10195 1954 10195 3598 10195 3130 10195 2495 -1 
11326 1781950511 1781950511 0 2677046 5592 10052 6916 10052 5964 10031 6914 10031 5725 10031 529 10031 8523 10031 222 -1 
11440 1781950511 1781950511 0 2670570 2626 10195 4311 10195 6092 10195 2966 10195 2862 10195 9729 10195 462 10195 649 -1 
11499 1781950511 1781950511 0 2675848 7161 10417 874 10134 5479 10134 6169 10052 964 10105 964 10105 1678 10033 5618 -1 
11773 1781950511 1781950511 0 2676430 2215 10031 2652 10031 139 10031 6914 10031 9629 10031 4483 10031 5436 10031 9150 -1 
11791 1781950511 1781950511 0 2663317 5274 10148 1643 10148 8101 10148 2520 10148 554 10148 5478 10148 1450 10148 5638 -1 
11796 1781950511 1781950511 0 2676598 2111 10151 651 10151 8896 10151 334 10438 3189 10038 1426 10033 7239 10033 5358 -1 
11835 1781950511 1781950511 0 2676430 427 10031 2706 10031 9072 10031 931 10031 529 10031 8523 10031 9839 10031 9150 -1 
11883 1781950511 1781950511 0 2678348 931 10031 9204 10031 8466 10031 529 10031 5436 10031 9150 10031 931 10031 1220 -1 
11972 1781950511 1781950511 0 2670200 6065 10509 1845 10509 4773 10509 9979 10085 8838 10085 5652 10391 1536 10126 1536 -1 
11986 1781950511 1781950511 0 2678310 2519 10031 6914 10031 7046 10031 6945 10031 529 10031 9942 10031 931 10031 931 -1 
9368 1781950511 1781950511 0 2677178 6607 10509 809 10087 7370 10087 7655 10391 8269 10087 237 10087 8248 10087 7720 10509 -1 
9575 1781950511 1781950511 0 2678079 8871 10455 633 10038 8815 10038 9581 10033 9629 10051 1121 10051 6180 10051 1925 10051 -1 
10051 1781950511 1781950511 0 2674941 10779 7708 10105 26 10467 5498 10467 5706 10052 8808 10052 964 10105 964 10052 9664 -1 
10755 1781950511 1781950511 0 2677178 7720 10087 6074 10126 4506 10391 5169 10557 5704 10087 237 10087 8248 10087 7720 10509 -1 
11124 1781950511 1781950511 0 2677722 8247 10052 7713 10052 3604 10356 9982 10052 1171 10038 9978 10038 128 10038 7420 10127 -1 
11494 1781950511 1781950511 0 2677391 9496 10158 1905 10158 964 10231 1290 10038 9848 10038 5351 10038 9191 10038 128 10038 -1 
9472 1781950511 1781950511 0 2677588 8941 10031 9922 10031 786 10031 8466 10031 1972 10031 4483 10031 529 10031 529 10031 9942 -1 
10153 1781950511 1781950511 0 2677180 2806 10031 5094 10031 593 10435 593 10031 6429 10031 139 10031 3024 10033 529 10412 2562 -1 
10925 1781950511 1781950511 0 2676005 1014 10146 962 10146 6048 10146 5254 10146 9722 10146 7588 10146 9537 10146 9537 10146 4458 -1 
11671 1781950511 1781950511 0 2677180 7815 10148 554 10148 849 10148 554 10031 6052 10031 554 10031 296 10031 529 10412 2562 -1 
9501 1781950511 1781950511 0 2674946 3355 10038 2698 10038 1802 10038 9743 10038 4091 10031 1407 10031 9150 10031 3562 10031 529 10033 3523 -1 
9559 1781950511 1781950511 0 2677131 9160 10152 8114 10152 5232 10152 1760 10152 8114 10152 9160 10152 9160 10152 4753 10152 3741 10152 7987 -1 
10720 1781950511 1781950511 0 2673232 3710 10148 2520 10148 9432 10148 9038 10148 7000 10148 554 10148 554 10148 554 10031 9942 10031 6039 -1 
1134 1781950511 1781950511 1 2166556 10903 9758 -1 
1891 1781950511 1781950511 1 2620179 10939 7658 -1 
867 1781950511 1781950511 1 2671694 5134 10816 387 -1 
848 1781950511 1781950511 1 2671694 5280 10826 5280 10816 387 -1 
1527 1781950511 1781950511 1 2671694 5280 10816 5280 10816 387 -1 
2248 1781950511 1781950511 1 2639173 6676 10332 990 10115 201 -1 
1802 1781950511 1781950511 1 2677406 3007 10070 6378 10070 4669 10211 -1 
786 1781950511 1781950511 1 2603801 4934 10065 6788 10065 1582 10065 3066 10065 6694 10065 9582 10065 4612 -1 
4965 1781950511 1781950511 1 2638982 3169 10426 -1 
3189 1781950511 1781950511 1 2672644 9092 10090 1889 -1 
3466 1781950511 1781950511 1 2662734 3813 10413 7106 -1 
4091 1781950511 1781950511 1 2557214 8277 10075 5855 -1 
4419 1781950511 1781950511 1 2652057 168 10027 247 -1 
3213 1781950511 1781950511 1 2666094 5898 10000 0 10000 6606 -1 
3474 1781950511 1781950511 1 2610768 8363 10072 119 10072 7909 -1 
3809 1781950511 1781950511 1 2569782 4510 10075 1609 10075 3623 -1 
4690 1781950511 1781950511 1 2659773 5995 10007 5435 10007 2698 -1 
4993 1781950511 1781950511 1 2677927 9818 10072 9966 10072 6317 -1 
5333 1781950511 1781950511 1 2662339 8363 10072 364 10072 527 -1 
3004 1781950511 1781950511 1 2677965 1596 10281 1146 10281 3288 10055 -1 
4116 1781950511 1781950511 1 2652048 9589 10044 135 10015 5052 10393 -1 
4179 1781950511 1781950511 1 2668240 146 10010 6933 10020 4453 10546 -1 
4860 1781950511 1781950511 1 2579182 10170 9506 10046 9878 10046 7408 -1 
5576 1781950511 1781950511 1 2671573 2942 10301 2942 10301 101 10298 -1 
4438 1781950511 1781950511 1 2650157 10201 101 10532 101 10618 101 10776 -1 
5711 1781950511 1781950511 1 2668054 7010 10172 7735 10172 8405 10172 7084 -1 
5852 1781950511 1781950511 1 2652057 3666 10027 43 10027 43 10027 247 -1 
4668 1781950511 1781950511 1 2674830 1503 10010 8843 10010 41 10010 8671 10048 -1 
3047 1781950511 1781950511 1 2658155 9966 10072 307 10072 119 10072 0 10072 2367 -1 
3391 1781950511 1781950511 1 2641595 1658 10161 7164 10025 6556 10025 3807 10025 2074 -1 
3644 1781950511 1781950511 1 2659773 6850 10007 6517 10007 9145 10007 2167 10007 2698 -1 
4114 1781950511 1781950511 1 2596756 3093 10353 7637 10379 3323 10168 8982 10168 4918 -1 
4232 1781950511 1781950511 1 2677927 9159 10072 119 10072 119 10072 119 10072 6317 -1 
4468 1781950511 1781950511 1 2668054 463 10172 8575 10172 8405 10172 6559 10172 7084 -1 
5038 1781950511 1781950511 1 2668054 7010 10172 3095 10172 9368 10172 9368 10172 7084 -1 
5480 1781950511 1781950511 1 2673727 1554 10010 710 10175 694 10183 8456 10175 3752 -1 
5788 1781950511 1781950511 1 2668054 9368 10172 7010 10172 9368 10172 6559 10172 7084 -1 
5082 1781950511 1781950511 1 2650634 8209 10025 3357 10025 7082 10025 40 10191 40 10025 1778 -1 
5425 1781950511 1781950511 1 2661037 5098 10096 1907 10096 5098 10096 7017 10096 7017 10096 4784 -1 
4221 1781950511 1781950511 1 2677927 8964 10072 0 10015 1090 10015 0 10072 1575 10072 364 10072 119 10072 6317 -1 
8271 1781950511 1781950511 1 2654140 456 10669 -1 
6256 1781950511 1781950511 1 2391538 2533 10592 7822 -1 
6723 1781950511 1781950511 1 2668997 5392 10006 3302 -1 
6955 1781950511 1781950511 1 2677698 4109 10024 4526 -1 
7019 1781950511 1781950511 1 2586137 6144 10255 194 -1 
7156 1781950511 1781950511 1 2516924 2463 10447 8348 -1 
7206 1781950511 1781950511 1 2516924 2463 10447 8348 -1 
7576 1781950511 1781950511 1 2578008 1055 10032 7510 -1 
7949 1781950511 1781950511 1 2042161 5017 10006 6149 -1 
8004 1781950511 1781950511 1 2673085 6042 10016 7373 -1 
8121 1781950511 1781950511 1 2661356 5352 10019 2159 -1 
8296 1781950511 1781950511 1 2096620 5276 10019 9788 -1 
8373 1781950511 1781950511 1 2581678 914 10100 5218 -1 
8377 1781950511 1781950511 1 2678191 2798 10032 842 -1 
8456 1781950511 1781950511 1 2650113 5884 10825 5983 -1 
8678 1781950511 1781950511 1 2665513 7452 10125 3889 -1 
8682 1781950511 1781950511 1 2650113 6635 10825 5983 -1 
8828 1781950511 1781950511 1 2493006 6524 10034 6971 -1 
6228 1781950511 1781950511 1 2501268 10452 4464 10452 7525 -1 
8158 1781950511 1781950511 1 2650113 10825 6635 10825 5983 -1 
6001 1781950511 1781950511 1 2672928 5294 10032 9001 10092 6030 -1 
6212 1781950511 1781950511 1 2678237 9033 10006 9335 10006 74 -1 
6573 1781950511 1781950511 1 2659151 4810 10228 2470 10228 7586 -1 
6600 1781950511 1781950511 1 2676675 9539 10032 412 10032 9645 -1 
6623 1781950511 1781950511 1 2667331 6937 10006 3857 10064 6509 -1 
6874 1781950511 1781950511 1 2669260 5043 10019 540 10016 3582 -1 
6901 1781950511 1781950511 1 2677596 2293 10032 412 10032 220 -1 
6981 1781950511 1781950511 1 2607629 5987 10019 765 10019 5196 -1 
7083 1781950511 1781950511 1 2672928 1238 10092 9967 10092 6030 -1 
7379 1781950511 1781950511 1 2678237 8958 10006 3174 10006 74 -1 
7385 1781950511 1781950511 1 2678043 6695 10006 1416 10006 3293 -1 
7467 1781950511 1781950511 1 2661410 2021 10019 9021 10019 9807 -1 
7491 1781950511 1781950511 1 2665590 6919 10016 8050 10016 3450 -1 
7573 1781950511 1781950511 1 2678191 6809 10032 6901 10032 842 -1 
7725 1781950511 1781950511 1 2669945 7133 10005 417 10005 7858 -1 
7819 1781950511 1781950511 1 2654559 1719 10032 4788 10032 5555 -1 
7872 1781950511 1781950511 1 2639019 2268 10032 9792 10287 8754 -1 
8202 1781950511 1781950511 1 2659003 8381 10006 8551 10005 3619 -1 
8277 1781950511 1781950511 1 2645741 9354 10032 3364 10092 1704 -1 
8318 1781950511 1781950511 1 2678170 5229 10427 9316 10092 2368 -1 
8420 1781950511 1781950511 1 2651347 8955 10019 5987 10019 4379 -1 
8478 1781950511 1781950511 1 2650113 5261 10825 6635 10825 5983 -1 
8584 1781950511 1781950511 1 2674044 4098 10032 3045 10092 1059 -1 
8778 1781950511 1781950511 1 2662922 4514 10012 5997 10012 9459 -1 
8899 1781950511 1781950511 1 2675883 3978 10029 9053 10029 3578 -1 
8946 1781950511 1781950511 1 2670118 2039 10019 8672 10019 5891 -1 
6861 1781950511 1781950511 1 2668723 2317 10032 1588 10032 1238 10855 -1 
6875 1781950511 1781950511 1 2676691 9399 10032 9075 10032 7421 10716 -1 
7651 1781950511 1781950511 1 2677973 10016 5550 10016 9720 10016 723 -1 
6167 1781950511 1781950511 1 2675621 4023 10006 1617 10006 5718 10006 7002 -1 
6179 1781950511 1781950511 1 2670372 8827 10019 8955 10019 9069 10019 1413 -1 
6213 1781950511 1781950511 1 2672928 6181 10053 6381 10092 1238 10092 6030 -1 
6266 1781950511 1781950511 1 2604092 2497 10019 319 10019 3025 10019 856 -1 
6333 1781950511 1781950511 1 2532468 105 10288 2225 10288 3803 10288 3055 -1 
6402 1781950511 1781950511 1 2677387 1941 10006 7795 10006 6121 10029 442 -1 
6577 1781950511 1781950511 1 2651347 3946 10019 678 10019 3637 10019 4379 -1 
6733 1781950511 1781950511 1 2604523 7560 10032 1252 10054 8539 10054 6537 -1 
7027 1781950511 1781950511 1 2665590 9169 10016 5368 10016 9720 10016 7708 -1 
7076 1781950511 1781950511 1 2665693 9529 10053 9852 10053 7824 10053 3387 -1 
7106 1781950511 1781950511 1 2677596 8693 10049 683 10032 2557 10032 220 -1 
7107 1781950511 1781950511 1 2678043 672 10006 8608 10006 413 10006 3293 -1 
7178 1781950511 1781950511 1 2658584 7594 10032 9084 10019 8369 10019 6936 -1 
7291 1781950511 1781950511 1 2671797 9882 10032 2557 10032 8909 10406 9995 -1 
7657 1781950511 1781950511 1 2670372 540 10019 335 10019 921 10019 1413 -1 
7808 1781950511 1781950511 1 2675435 555 10032 3364 10032 9216 10032 253 -1 
7823 1781950511 1781950511 1 2500261 395 10032 823 10032 1292 10032 6360 -1 
7970 1781950511 1781950511 1 2675621 5295 10006 8524 10006 270 10006 7002 -1 
8130 1781950511 1781950511 1 2678170 2854 10092 2854 10092 7817 10092 2368 -1 
8147 1781950511 1781950511 1 2664788 2113 10398 5763 10006 8400 10005 2634 -1 
8187 1781950511 1781950511 1 2676675 6770 10032 4230 10032 6405 10032 9645 -1 
8188 1781950511 1781950511 1 2676675 6847 10006 9304 10092 8889 10032 9645 -1 
8300 1781950511 1781950511 1 2654559 6688 10032 3951 10032 9401 10032 5555 -1 
8342 1781950511 1781950511 1 2672033 9637 10032 7426 10032 136 10032 3934 -1 
8350 1781950511 1781950511 1 2678170 3914 10084 548 10050 163 10092 2368 -1 
8351 1781950511 1781950511 1 2669260 257 10016 9258 10016 9720 10016 3582 -1 
8413 1781950511 1781950511 1 2668787 1806 10290 8124 10174 819 10174 756 -1 
8427 1781950511 1781950511 1 2678237 3828 10006 8727 10006 7943 10006 74 -1 
8481 1781950511 1781950511 1 2662095 1164 10235 2478 10538 2491 10092 1038 -1 
8674 1781950511 1781950511 1 2578541 8307 10032 5532 10032 9927 10032 9853 -1 
8696 1781950511 1781950511 1 2678191 8316 10050 1612 10092 9927 10032 842 -1 
8716 1781950511 1781950511 1 2670514 9705 10109 260 10109 8652 10034 7690 -1 
8735 1781950511 1781950511 1 2677387 4630 10006 4638 10006 6121 10029 442 -1 
8749 1781950511 1781950511 1 2658672 1208 10005 2114 10006 6400 10256 5367 -1 
8750 1781950511 1781950511 1 2678237 7892 10006 8469 10006 9737 10006 74 -1 
8773 1781950511 1781950511 1 2671070 4677 10016 2312 10016 9916 10016 874 -1 
6148 1781950511 1781950511 1 2667270 10174 9005 10202 4007 10202 154 10050 2260 -1 
7225 1781950511 1781950511 1 2677622 10427 9316 10427 6729 10427 9316 10427 933 -1 
7334 1781950511 1781950511 1 2678159 5783 10005 891 10005 891 10005 2437 10892 -1 
8154 1781950511 1781950511 1 2663022 1712 10006 5836 10006 8551 10005 8200 10180 -1 
6321 1781950511 1781950511 1 2677698 9693 10006 5346 10006 1527 10032 4056 10024 4526 -1 
6452 1781950511 1781950511 1 2669065 3122 10016 6973 10016 5368 10016 9720 10016 5766 -1 
6587 1781950511 1781950511 1 2622853 5045 10006 381 10006 648 10006 2897 10006 5091 -1 
6643 1781950511 1781950511 1 2677387 4347 10006 3119 10006 1203 10006 6121 10029 442 -1 
6963 1781950511 1781950511 1 2675621 3657 10006 6773 10006 8315 10006 3776 10006 7002 -1 
6993 1781950511 1781950511 1 2677387 7897 10012 7130 10012 1147 10012 6121 10029 442 -1 
7123 1781950511 1781950511 1 2675621 4207 10006 1214 10006 6231 10006 6632 10006 7002 -1 
7151 1781950511 1781950511 1 2665590 4980 10088 7762 10016 766 10016 9720 10016 3450 -1 
7223 1781950511 1781950511 1 2678043 2081 10006 4862 10006 8437 10006 3159 10006 3293 -1 
7422 1781950511 1781950511 1 2678237 5718 10006 6339 10006 1203 10006 9408 10006 74 -1 
7842 1781950511 1781950511 1 2659559 4026 10365 7042 10365 3986 10365 7726 10365 2311 -1 
7928 1781950511 1781950511 1 2678170 8957 10243 2747 10243 3900 10243 3872 10092 2368 -1 
7999 1781950511 1781950511 1 2675134 3265 10006 8200 10005 955 10005 6777 10084 2912 -1 
8038 1781950511 1781950511 1 2678237 9737 10006 903 10006 7189 10006 9335 10006 74 -1 
8068 1781950511 1781950511 1 2678170 8856 10288 3657 10006 1445 10006 3034 10092 2368 -1 
8114 1781950511 1781950511 1 2677461 340 10032 3378 10032 5930 10154 1650 10154 6413 -1 
8174 1781950511 1781950511 1 2678237 1583 10006 5124 10006 8252 10006 647 10006 74 -1 
8260 1781950511 1781950511 1 2672033 8963 10032 4096 10032 5874 10032 1541 10032 3934 -1 
8369 1781950511 1781950511 1 2677387 8524 10006 8180 10012 4852 10012 6121 10029 442 -1 
8447 1781950511 1781950511 1 2579741 3320 10032 1237 10214 192 10176 1095 10176 8014 -1 
8573 1781950511 1781950511 1 2674664 5841 10019 5627 10019 9441 10019 6364 10019 8650 -1 
8639 1781950511 1781950511 1 2674044 2903 10092 7817 10092 2491 10092 1238 10092 1059 -1 
7429 1781950511 1781950511 1 2678317 10016 9131 10016 6871 10032 9356 10032 9927 10092 4412 -1 
7463 1781950511 1781950511 1 2678159 8570 10005 4517 10005 100 10005 144 10005 2437 10892 -1 
6151 1781950511 1781950511 1 2678170 6037 10006 630 10006 788 10006 2561 10006 3034 10092 2368 -1 
6186 1781950511 1781950511 1 2677387 3673 10006 3119 10006 9949 10012 1147 10012 6121 10029 442 -1 
6622 1781950511 1781950511 1 2678237 477 10006 5619 10006 9408 10006 8226 10006 3034 10006 74 -1 
7132 1781950511 1781950511 1 2678237 9494 10006 3119 10006 3119 10006 9331 10006 9335 10006 74 -1 
7133 1781950511 1781950511 1 2677387 608 10006 9033 10006 7897 10012 6121 10012 6121 10029 442 -1 
7221 1781950511 1781950511 1 2678043 6139 10006 2970 10006 4246 10006 5668 10006 8937 10006 3293 -1 
7233 1781950511 1781950511 1 2678043 3564 10006 388 10006 388 10006 6340 10006 6636 10006 3293 -1 
7335 1781950511 1781950511 1 2678043 5295 10006 1203 10006 7892 10006 9774 10006 9335 10006 3293 -1 
7481 1781950511 1781950511 1 2678237 6162 10006 13 10006 862 10006 6632 10006 9335 10006 74 -1 
7485 1781950511 1781950511 1 2677387 1445 10006 4355 10006 6121 10012 4852 10012 6121 10029 442 -1 
7503 1781950511 1781950511 1 2670476 7684 10034 7684 10034 526 10034 3211 10034 3026 10034 4843 -1 
7682 1781950511 1781950511 1 2678237 1010 10006 477 10006 1649 10006 5668 10006 6937 10006 74 -1 
7730 1781950511 1781950511 1 2677387 5306 10006 415 10006 431 10006 4435 10012 6121 10029 442 -1 
7772 1781950511 1781950511 1 2677387 4714 10029 5635 10029 4887 10029 6121 10012 6121 10029 442 -1 
7774 1781950511 1781950511 1 2677387 5894 10006 1445 10006 9949 10012 4852 10012 6121 10029 442 -1 
8732 1781950511 1781950511 1 2678191 2574 10032 2177 10032 6405 10032 412 10032 9927 10032 842 -1 
8940 1781950511 1781950511 1 2677461 1717 10109 6373 10398 3308 10212 519 10212 519 10154 6413 -1 
6126 1781950511 1781950511 1 2662922 7493 10012 1150 10012 4852 10012 1150 10012 1150 10012 6398 10012 9459 -1 
6846 1781950511 1781950511 1 2678043 5068 10006 1125 10006 355 10006 5197 10006 4862 10006 7140 10006 3293 -1 
7220 1781950511 1781950511 1 2670476 3181 10109 6382 10012 1147 10012 5373 10109 1706 10109 8652 10034 4843 -1 
7871 1781950511 1781950511 1 2678043 3119 10006 5334 10006 5668 10006 9693 10006 3034 10006 6636 10006 3293 -1 
7951 1781950511 1781950511 1 2678237 3493 10006 4679 10006 8980 10006 4827 10006 7977 10006 9335 10006 74 -1 
8165 1781950511 1781950511 1 2678237 5197 10006 5082 10006 7072 10006 1169 10006 6632 10006 7140 10006 74 -1 
8356 1781950511 1781950511 1 2667917 883 10019 3495 10019 9808 10162 5363 10162 5745 10084 548 10050 4730 -1 
8407 1781950511 1781950511 1 2678170 4063 10006 314 10006 9408 10006 2233 10006 7977 10006 3034 10092 2368 -1 
8676 1781950511 1781950511 1 2677387 4904 10006 3507 10006 4680 10006 1941 10006 7977 10006 6121 10029 442 -1 
6476 1781950511 1781950511 1 2677387 1214 10006 730 10034 4487 10034 8652 10109 4318 10006 4827 10006 6121 10029 442 -1 
6596 1781950511 1781950511 1 2677387 6412 10006 331 10006 2233 10006 7226 10006 8818 10012 6121 10012 6121 10029 442 -1 
6651 1781950511 1781950511 1 2677387 5836 10006 620 10006 7306 10006 3174 10006 735 10006 331 10006 6121 10012 6121 10029 442 -1 
7179 1781950511 1781950511 1 2678237 1083 10006 1203 10006 3047 10006 903 10006 5392 10006 9693 10006 7140 10006 9335 10006 74 -1 
133 1781950511 1781950511 1 2565862 9917 10152 7542 -1 
949 1781950511 1781950511 1 2576004 6017 10146 983 -1 
1088 1781950511 1781950511 1 2674740 10895 7576 10561 -1 
1309 1781950511 1781950511 1 2664144 757 10449 6380 -1 
1701 1781950511 1781950511 1 2675701 10813 9489 10139 -1 
1801 1781950511 1781950511 1 2650403 1697 10031 3377 -1 
1204 1781950511 1781950511 1 2661029 4428 10091 9527 10146 6048 -1 
2165 1781950511 1781950511 1 2662200 1264 10189 8956 10030 4279 -1 
822 1781950511 1781950511 1 2661992 5054 10277 827 10277 8148 10573 -1 
2873 1781950511 1781950511 1 2665839 10042 895 10042 4831 10030 615 -1 
2365 1781950511 1781950511 1 2677392 7839 10407 1295 10407 4420 10056 4971 -1 
2942 1781950511 1781950511 1 2677131 1363 10059 7552 10059 2337 10152 7987 -1 
440 1781950511 1781950511 1 2674771 8516 10062 9054 10059 1412 10059 2337 10152 3741 -1 
951 1781950511 1781950511 1 2677160 7719 10934 7719 10934 9987 10934 9987 10031 1959 -1 
1042 1781950511 1781950511 1 2674203 8325 10059 2385 10062 102 10059 2337 10152 778 -1 
2128 1781950511 1781950511 1 2674557 7003 10070 6147 10070 4474 10070 7622 10267 4874 -1 
2923 1781950511 1781950511 1 2674579 7552 10059 2688 10059 4697 10218 1288 10211 4955 -1 
4023 1781950511 1781950511 1 2434989 5411 10052 7614 -1 
4269 1781950511 1781950511 1 2642555 2416 10147 8714 -1 
4589 1781950511 1781950511 1 2653748 9002 10718 6262 -1 
3702 1781950511 1781950511 1 2677180 8489 10072 2562 10412 -1 
4509 1781950511 1781950511 1 2637951 10531 9842 10153 1540 -1 
5508 1781950511 1781950511 1 2675740 10512 101 10216 966 -1 
5797 1781950511 1781950511 1 2675259 10553 101 10082 7495 -1 
3169 1781950511 1781950511 1 2595411 8268 10026 5677 10211 1919 -1 
3191 1781950511 1781950511 1 2673556 9574 10072 6613 10153 2566 -1 
5247 1781950511 1781950511 1 2669820 3322 10428 101 10082 1599 -1 
5304 1781950511 1781950511 1 2669820 3601 10568 101 10082 1599 -1 
4877 1781950511 1781950511 1 2637091 10479 101 10584 101 10094 3033 -1 
3271 1781950511 1781950511 1 2674800 2258 10281 774 10281 3288 10078 3664 -1 
4620 1781950511 1781950511 1 2677155 7766 10226 7766 10553 7766 10147 1182 -1 
5334 1781950511 1781950511 1 2678171 7175 10238 924 10265 3288 10078 5231 -1 
5506 1781950511 1781950511 1 2661778 8387 10366 1116 10366 8547 10033 6474 -1 
5244 1781950511 1781950511 1 2677083 9184 10015 5335 10007 2167 10007 5335 10007 5594 10147 301 -1 
5775 1781950511 1781950511 1 2673556 2589 10072 119 10072 119 10072 5534 10072 119 10072 6613 10153 2566 -1 
6359 1781950511 1781950511 1 2568764 3842 10040 2453 -1 
7435 1781950511 1781950511 1 2572086 9484 10033 2072 -1 
7698 1781950511 1781950511 1 2401947 134 10038 8635 -1 
8217 1781950511 1781950511 1 2619568 7817 10284 6242 -1 
8574 1781950511 1781950511 1 2649974 2045 10180 6424 -1 
8762 1781950511 1781950511 1 2619568 7817 10284 6242 -1 
6582 1781950511 1781950511 1 2672747 4694 10019 8450 10408 -1 
6469 1781950511 1781950511 1 2675072 5779 10288 2445 10417 7410 -1 
7002 1781950511 1781950511 1 2610455 9805 10137 8683 10195 2244 -1 
7149 1781950511 1781950511 1 2641439 9169 10016 766 10211 8155 -1 
7259 1781950511 1781950511 1 2639432 1681 10032 1005 10691 5512 -1 
7583 1781950511 1781950511 1 2278174 3346 10006 2672 10437 4055 -1 
7929 1781950511 1781950511 1 2619844 436 10006 7079 10211 5190 -1 
8506 1781950511 1781950511 1 2663994 7674 10196 6700 10030 6450 -1 
8545 1781950511 1781950511 1 2522263 4889 10288 1622 10038 9280 -1 
8698 1781950511 1781950511 1 2677186 5574 10005 1866 10297 7768 -1 
6362 1781950511 1781950511 1 2673754 6749 10228 6749 10228 4810 10035 1676 -1 
6521 1781950511 1781950511 1 2647242 3802 10006 240 10006 5030 10051 3748 -1 
6946 1781950511 1781950511 1 2650539 2983 10032 993 10032 833 10038 3799 -1 
7224 1781950511 1781950511 1 2655112 9008 10053 6722 10053 8424 10038 1967 -1 
7988 1781950511 1781950511 1 2429624 5352 10019 1237 10176 2491 10056 8663 -1 
8203 1781950511 1781950511 1 2646070 9764 10032 9927 10032 6203 10637 2662 -1 
8668 1781950511 1781950511 1 2669194 2041 10005 113 10005 9613 10021 3961 -1 
8009 1781950511 1781950511 1 2673170 551 10225 579 10032 9760 10092 9991 10449 -1 
8048 1781950511 1781950511 1 2673170 1852 10006 2544 10006 8252 10006 9991 10449 -1 
8637 1781950511 1781950511 1 2676354 10626 1366 10448 1948 10092 9927 10033 1490 -1 
6127 1781950511 1781950511 1 2669352 5627 10019 6901 10032 2206 10032 9927 10038 6358 -1 
7556 1781950511 1781950511 1 2667719 1098 10005 9567 10005 2855 10005 6311 10031 7802 -1 
7240 1781950511 1781950511 1 2677293 6447 10032 1541 10032 1987 10032 9796 10032 823 10032 9927 10038 2705 -1 
8587 1781950511 1781950511 1 2676218 6524 10034 3026 10034 9275 10034 3864 10034 9275 10034 8652 10038 2873 -1 
172 1781950511 1781950511 1 2669104 10832 6822 10033 273 -1 
2635 1781950511 1781950511 1 2658383 10323 6533 10127 4327 -1 
1976 1781950511 1781950511 1 2652017 7737 10929 6875 10446 1683 -1 
2231 1781950511 1781950511 1 2644132 10744 7540 10280 1846 10280 -1 
2996 1781950511 1781950511 1 2662844 6079 10743 4113 10743 9979 10155 9909 -1 
3751 1781950511 1781950511 1 2668504 6926 10684 2912 10625 -1 
3812 1781950511 1781950511 1 2670570 10821 6742 10195 649 -1 
3008 1781950511 1781950511 1 2633130 3967 10025 1925 10051 8767 -1 
3650 1781950511 1781950511 1 2645776 9542 10063 6533 10127 228 -1 
3672 1781950511 1781950511 1 2671964 6510 10090 60 10078 343 -1 
3758 1781950511 1781950511 1 2634771 5258 10413 3318 10033 8715 -1 
4072 1781950511 1781950511 1 2676382 10641 101 10692 1748 10692 -1 
4080 1781950511 1781950511 1 2434959 498 10027 6829 10040 6223 -1 
4160 1781950511 1781950511 1 2639297 8864 10198 7987 10812 4129 -1 
4177 1781950511 1781950511 1 2669742 6267 10564 7111 10041 66 -1 
4400 1781950511 1781950511 1 2627368 2618 10057 1778 10148 2245 -1 
5358 1781950511 1781950511 1 2669217 4059 10007 2368 10052 4560 -1 
5950 1781950511 1781950511 1 2676807 7966 10007 2368 10104 6414 -1 
5623 1781950511 1781950511 1 2677903 10879 6714 10656 6030 10134 4233 -1 
3108 1781950511 1781950511 1 2675661 8996 10010 7569 10010 1775 10124 5183 -1 
3336 1781950511 1781950511 1 2666830 9887 10015 150 10047 5766 10033 6330 -1 
4319 1781950511 1781950511 1 2674039 3002 10656 6514 10488 7410 10417 490 -1 
4552 1781950511 1781950511 1 2664229 6486 10172 3095 10172 3920 10309 1756 -1 
4988 1781950511 1781950511 1 2646237 7679 10015 150 10015 8483 10545 8483 -1 
3392 1781950511 1781950511 1 2675661 7290 10198 1826 10175 694 10183 3985 10124 5183 -1 
4291 1781950511 1781950511 1 2677926 4440 10379 3323 10379 7855 10144 4559 10244 5631 10036 9341 10036 -1 
8074 1781950511 1781950511 1 2657195 10177 8971 10351 6498 -1 
6311 1781950511 1781950511 1 2644194 7666 10725 576 10268 5814 -1 
6382 1781950511 1781950511 1 2677633 3402 10019 3961 10021 826 -1 
6397 1781950511 1781950511 1 2551377 6111 10204 4843 10031 5617 -1 
6496 1781950511 1781950511 1 2662990 7126 10019 558 10003 558 -1 
6523 1781950511 1781950511 1 2672066 16 10012 6829 10033 5601 -1 
6595 1781950511 1781950511 1 2637044 730 10034 2122 10356 3928 -1 
6703 1781950511 1781950511 1 2645648 7482 10049 9793 10412 1858 -1 
6971 1781950511 1781950511 1 2649191 2081 10006 74 10031 9922 -1 
7064 1781950511 1781950511 1 2644915 1839 10016 278 10246 7029 -1 
7551 1781950511 1781950511 1 2594870 5860 10088 8436 10776 506 -1 
7637 1781950511 1781950511 1 2664018 2491 10092 9988 10055 488 -1 
7736 1781950511 1781950511 1 2671451 6976 10019 8593 10051 1347 -1 
7746 1781950511 1781950511 1 2656272 2225 10288 4895 10031 3197 -1 
8022 1781950511 1781950511 1 2627359 2603 10005 1775 10124 2343 -1 
8198 1781950511 1781950511 1 2643713 5987 10019 5721 10356 5909 -1 
8434 1781950511 1781950511 1 2648225 5026 10034 9968 10040 4443 -1 
8630 1781950511 1781950511 1 2676312 4639 10032 2007 10031 9839 -1 
8664 1781950511 1781950511 1 2496283 2243 10032 7803 10038 9365 -1 
8723 1781950511 1781950511 1 2668175 7042 10365 2984 10765 4586 -1 
8927 1781950511 1781950511 1 2675842 5275 10177 7860 10003 4 -1 
6828 1781950511 1781950511 1 2671888 4904 10006 2299 10006 6054 10040 7443 -1 
6932 1781950511 1781950511 1 2674608 5524 10114 1811 10049 9363 10151 3278 -1 
7035 1781950511 1781950511 1 2652662 7144 10005 6 10005 6944 10038 5642 -1 
7416 1781950511 1781950511 1 2676413 8652 10034 5026 10034 4879 10038 4774 -1 
7709 1781950511 1781950511 1 2651340 4557 10032 3364 10365 8003 10356 9982 -1 
7816 1781950511 1781950511 1 2676413 7455 10005 5026 10034 4879 10038 4774 -1 
7845 1781950511 1781950511 1 2670566 2680 10232 1366 10084 5692 10509 1845 -1 
8541 1781950511 1781950511 1 2675095 8306 10092 9212 10092 897 10195 2963 -1 
8643 1781950511 1781950511 1 2654174 6050 10006 3564 10006 9988 10195 2469 -1 
8760 1781950511 1781950511 1 2674405 1366 10534 1366 10092 897 10195 6286 -1 
8768 1781950511 1781950511 1 2659212 319 10019 3762 10019 8738 10033 5879 -1 
6742 1781950511 1781950511 1 2676353 6941 10558 8298 10558 130 10071 6824 10071 -1 
8983 1781950511 1781950511 1 2661325 10108 3442 10176 3911 10174 3284 10465 8726 -1 
6556 1781950511 1781950511 1 2653548 8271 10032 7426 10032 9925 10032 9945 10031 8658 -1 
6876 1781950511 1781950511 1 2664807 9953 10427 9953 10032 7115 10032 1059 10056 5228 -1 
7104 1781950511 1781950511 1 2677099 371 10006 2897 10006 730 10034 4879 10038 1682 -1 
7446 1781950511 1781950511 1 2674203 5719 10050 1516 10092 1238 10092 9339 10152 778 -1 
8127 1781950511 1781950511 1 2667984 7560 10032 9185 10032 960 10019 5795 10038 9848 -1 
8221 1781950511 1781950511 1 2676413 1940 10005 417 10005 3864 10034 4879 10038 4774 -1 
8333 1781950511 1781950511 1 2652017 3633 10019 8216 10019 1807 10019 643 10446 1683 -1 
6245 1781950511 1781950511 1 2677391 512 10034 526 10034 5662 10034 8652 10038 128 10038 -1 
6667 1781950511 1781950511 1 2677277 6524 10034 3026 10034 9275 10034 5026 10034 4879 10038 5527 -1 
7783 1781950511 1781950511 1 2665350 8280 10032 7925 10049 3139 10350 4064 10092 4849 10021 3235 -1 
8570 1781950511 1781950511 1 2663998 8540 10032 9364 10032 7227 10032 7058 10032 9874 10297 9748 -1 
7045 1781950511 1781950511 1 2674800 4322 10108 2766 10032 336 10032 9944 10032 7043 10398 60 10078 3664 -1 
7402 1781950511 1781950511 1 2676525 6665 10006 1169 10006 5776 10006 8381 10006 5668 10006 74 10038 6273 -1 
490 1781950511 1781950511 1 2677883 4420 10056 4971 10056 602 -1 
696 1781950511 1781950511 1 2673656 9904 10152 176 10348 3510 -1 
820 1781950511 1781950511 1 2649397 2321 10625 5663 10625 2757 -1 
952 1781950511 1781950511 1 2661592 9987 10040 1974 10040 5906 -1 
1491 1781950511 1781950511 1 2647729 10436 164 10094 3952 10578 -1 
1874 1781950511 1781950511 1 2672909 7090 10038 128 10038 9752 -1 
2122 1781950511 1781950511 1 2633694 9917 10152 6817 10152 5350 -1 
2423 1781950511 1781950511 1 2643476 469 10152 8114 10152 2763 -1 
2458 1781950511 1781950511 1 2674203 5396 10152 7271 10152 778 -1 
2480 1781950511 1781950511 1 2308992 3333 10153 9679 10153 8253 -1 
2551 1781950511 1781950511 1 2644880 1835 10138 1334 10138 1101 -1 
2413 1781950511 1781950511 1 2662969 10436 4227 10031 529 10031 2806 -1 
1430 1781950511 1781950511 1 2624399 6915 10069 6915 10723 5426 10723 5426 -1 
2144 1781950511 1781950511 1 2659465 3770 10076 7520 10348 3952 10446 5705 -1 
2662 1781950511 1781950511 1 2606295 6669 10076 9437 10333 9748 10297 9426 -1 
1396 1781950511 1781950511 1 2675740 10262 7709 10262 1944 10216 6475 10216 966 -1 
486 1781950511 1781950511 1 2645648 7296 10070 4419 10070 3163 10412 1463 10412 1858 -1 
3088 1781950511 1781950511 1 2652466 9888 10185 2397 10056 6321 -1 
3322 1781950511 1781950511 1 2611076 6880 10297 60 10078 4235 -1 
3355 1781950511 1781950511 1 2668469 6500 10033 6346 10033 2459 -1 
3366 1781950511 1781950511 1 2316120 8803 10605 6312 10605 6312 -1 
3482 1781950511 1781950511 1 2676754 9319 10031 9150 10031 4145 -1 
3531 1781950511 1781950511 1 2673556 1909 10153 9679 10153 2566 -1 
3638 1781950511 1781950511 1 2614173 5007 10417 2278 10021 2076 -1 
3795 1781950511 1781950511 1 2673152 9608 10146 4458 10146 3576 -1 
3846 1781950511 1781950511 1 2677099 5859 10038 2705 10038 1682 -1 
3979 1781950511 1781950511 1 2674557 7449 10267 2439 10267 4874 -1 
4105 1781950511 1781950511 1 2675259 4880 10082 1599 10082 7495 -1 
4696 1781950511 1781950511 1 2638981 3881 10280 9342 10280 7681 -1 
4992 1781950511 1781950511 1 2399481 1816 10038 3355 10033 4092 -1 
5312 1781950511 1781950511 1 2676327 5150 10146 6210 10146 6785 -1 
5427 1781950511 1781950511 1 2675740 1466 10445 2929 10445 4172 -1 
4020 1781950511 1781950511 1 2654179 10430 101 10126 7001 10087 2924 -1 
3427 1781950511 1781950511 1 2642957 4508 10699 3056 10104 7091 10104 2958 -1 
3674 1781950511 1781950511 1 2672130 9566 10067 5898 10363 8726 10465 5655 -1 
4256 1781950511 1781950511 1 2677151 6397 10346 4204 10051 7299 10051 6824 -1 
4387 1781950511 1781950511 1 2675837 2258 10281 5904 10031 5318 10031 8523 -1 
5357 1781950511 1781950511 1 2675799 988 10281 7068 10146 943 10055 8862 -1 
5502 1781950511 1781950511 1 2672763 7290 10044 6554 10033 9517 10038 9191 -1 
5551 1781950511 1781950511 1 2651106 7132 10746 101 10422 9979 10085 6961 -1 
3246 1781950511 1781950511 1 2677678 5741 10089 423 10089 6110 10211 4936 10031 9875 -1 
3375 1781950511 1781950511 1 2654563 10489 392 10259 9330 10090 7168 10056 3218 10033 9265 -1 
4444 1781950511 1781950511 1 2677926 5922 10007 1737 10007 5620 10007 2997 10036 9341 10036 -1 
5972 1781950511 1781950511 1 2620395 10172 6559 10172 3095 10172 9573 10499 6918 10499 6918 -1 
4558 1781950511 1781950511 1 2675740 4121 10075 186 10075 101 10514 101 10216 1338 10216 966 -1 
6350 1781950511 1781950511 1 2677678 2213 10031 1721 10031 9875 -1 
6541 1781950511 1781950511 1 2635694 5494 10284 772 10127 2908 -1 
6682 1781950511 1781950511 1 2634214 8369 10148 1450 10148 5163 -1 
6845 1781950511 1781950511 1 2647888 2857 10033 8091 10033 3422 -1 
7006 1781950511 1781950511 1 2674563 9957 10033 6667 10033 1562 -1 
7215 1781950511 1781950511 1 2652734 5783 10031 4922 10031 6914 -1 
7323 1781950511 1781950511 1 2642405 7109 10376 8794 10764 4362 -1 
7360 1781950511 1781950511 1 2669865 7605 10033 3426 10033 4208 -1 
7377 1781950511 1781950511 1 2673867 9484 10033 3422 10033 6667 -1 
7678 1781950511 1781950511 1 2637554 4023 10151 3928 10052 7012 -1 
7761 1781950511 1781950511 1 2589919 2432 10033 3024 10031 5964 -1 
8057 1781950511 1781950511 1 2623129 7405 10455 8871 10455 8871 -1 
8148 1781950511 1781950511 1 2582569 620 10033 5766 10211 6966 -1 
8177 1781950511 1781950511 1 2404402 1187 10033 9833 10033 5955 -1 
8194 1781950511 1781950511 1 2677178 4439 10085 6987 10509 7720 -1 
8404 1781950511 1781950511 1 2675801 4097 10216 1338 10216 5173 -1 
8527 1781950511 1781950511 1 2674608 700 10031 8901 10151 3278 -1 
6296 1781950511 1781950511 1 2668855 10286 7936 10036 3057 10036 2876 -1 
6057 1781950511 1781950511 1 2674446 3917 10006 2445 10417 9191 10038 1373 -1 
6286 1781950511 1781950511 1 2599127 5333 10032 1000 10033 1406 10033 584 -1 
6900 1781950511 1781950511 1 2678310 5924 10006 8970 10031 9922 10031 931 -1 
7018 1781950511 1781950511 1 2616547 3263 10032 5901 10274 7755 10274 5471 -1 
7161 1781950511 1781950511 1 2657541 5734 10137 7288 10211 7833 10297 7908 -1 
7351 1781950511 1781950511 1 2674800 9394 10032 7799 10078 127 10078 3664 -1 
7389 1781950511 1781950511 1 2665313 242 10024 6664 10446 6075 10446 3544 -1 
7502 1781950511 1781950511 1 2677920 350 10032 9648 10031 8466 10031 470 -1 
7832 1781950511 1781950511 1 2640771 7777 10315 4840 10593 6956 10593 6956 -1 
8488 1781950511 1781950511 1 2673152 9454 10032 327 10146 3576 10146 3576 -1 
8598 1781950511 1781950511 1 2674446 9102 10019 9021 10038 831 10038 1373 -1 
8966 1781950511 1781950511 1 2630780 9705 10005 6311 10033 52 10033 3677 -1 
6581 1781950511 1781950511 1 2677293 10109 1706 10109 8652 10038 6273 10038 2705 -1 
6784 1781950511 1781950511 1 2677883 3940 10084 548 10050 1612 10056 4971 10056 602 -1 
6962 1781950511 1781950511 1 2669217 5210 10006 240 10006 2445 10052 8808 10052 4560 -1 
6983 1781950511 1781950511 1 2675837 7016 10012 4514 10012 2536 10031 9942 10031 8523 -1 
7315 1781950511 1781950511 1 2674075 7177 10006 477 10006 6303 10033 1490 10033 4978 -1 
7424 1781950511 1781950511 1 2640178 2197 10558 8753 10558 6721 10056 6321 10056 1186 -1 
8781 1781950511 1781950511 1 2626193 1489 10006 3663 10006 9956 10031 1407 10031 6874 -1 
8905 1781950511 1781950511 1 2674585 901 10019 2513 10019 6300 10031 998 10031 554 -1 
6759 1781950511 1781950511 1 2666018 4489 10288 2025 10288 2225 10288 1622 10033 1380 10033 6737 -1 
8316 1781950511 1781950511 1 2677722 7934 10006 892 10006 2970 10109 8652 10034 4879 10038 7420 10127 -1 
742 1781950511 1781950511 1 2672130 10751 3168 10363 8726 10465 5655 -1 
1960 1781950511 1781950511 1 2675837 10362 1069 10440 3168 10031 8523 -1 
2530 1781950511 1781950511 1 2677633 8579 10136 4425 10033 826 10021 -1 
2976 1781950511 1781950511 1 2653922 10674 3952 10309 1756 10449 5990 -1 
2124 1781950511 1781950511 1 2611019 4983 10407 6044 10033 3361 10033 52 -1 
2316 1781950511 1781950511 1 2671435 10142 5858 10060 7856 10309 1756 10309 6818 -1 
1136 1781950511 1781950511 1 2659894 7464 10076 8763 10076 6934 10052 9986 10052 9070 -1 
2256 1781950511 1781950511 1 2659212 1359 10418 1359 10186 5843 10186 7148 10033 5358 10033 5879 -1 
3061 1781950511 1781950511 1 2678079 10955 3168 10051 7299 10051 1925 -1 
4461 1781950511 1781950511 1 2671465 168 10620 7703 10682 8688 10682 -1 
4803 1781950511 1781950511 1 2674866 10281 6563 10146 962 10146 4171 -1 
4887 1781950511 1781950511 1 2677575 498 10033 3283 10033 1615 10052 -1 
3379 1781950511 1781950511 1 2660539 1652 10881 1059 10033 7798 10033 2743 -1 
4813 1781950511 1781950511 1 2677160 844 10090 3168 10031 1353 10031 1959 -1 
5897 1781950511 1781950511 1 2643263 4658 10026 6403 10052 9986 10052 9166 -1 
4802 1781950511 1781950511 1 2678156 3886 10010 2504 10195 3130 10195 711 10195 -1 
5131 1781950511 1781950511 1 2675740 1909 10175 1466 10445 2929 10445 4172 10445 -1 
4303 1781950511 1781950511 1 2663998 10172 3095 10172 3095 10172 9368 10172 7071 10297 2145 10297 9748 -1 
5928 1781950511 1781950511 1 2677575 1138 10007 1737 10007 1737 10007 6428 10387 1004 10033 1615 10052 -1 
3117 1781950511 1781950511 1 2668504 5050 10010 41 10010 1033 10010 4210 10010 5052 10927 4703 10052 2912 10625 -1 
3196 1781950511 1781950511 1 2674585 8575 10172 376 10172 4310 10172 8575 10172 9368 10172 7071 10297 9874 10031 554 -1 
6420 1781950511 1781950511 1 2647727 1530 10682 8688 10682 3284 10687 -1 
7590 1781950511 1781950511 1 2677180 4980 10147 6337 10147 2562 10412 -1 
8705 1781950511 1781950511 1 2664305 10427 1778 10148 554 10148 302 -1 
6247 1781950511 1781950511 1 2621337 7742 10092 9961 10211 4955 10211 5248 -1 
6746 1781950511 1781950511 1 2669911 1740 10114 7323 10105 964 10105 964 -1 
7150 1781950511 1781950511 1 2670135 3755 10523 2084 10035 5438 10035 1144 -1 
7343 1781950511 1781950511 1 2676598 4716 10053 1235 10033 5618 10033 5358 -1 
7354 1781950511 1781950511 1 2633474 138 10054 4070 10105 9706 10105 5029 -1 
7437 1781950511 1781950511 1 2670208 1208 10005 2122 10467 5498 10467 5498 -1 
7569 1781950511 1781950511 1 2677293 6146 10178 5201 10038 5527 10038 2705 -1 
7675 1781950511 1781950511 1 2657541 9151 10178 471 10297 9985 10297 7908 -1 
8125 1781950511 1781950511 1 2677633 9745 10523 2972 10033 3283 10021 826 -1 
8269 1781950511 1781950511 1 2676659 2003 10019 3189 10033 7786 10033 780 -1 
8289 1781950511 1781950511 1 2676397 5849 10251 1908 10138 1334 10138 9337 -1 
8378 1781950511 1781950511 1 2674405 1254 10204 3283 10033 897 10195 6286 -1 
8943 1781950511 1781950511 1 2660339 105 10032 2194 10040 5777 10052 9605 -1 
6143 1781950511 1781950511 1 2647888 3182 10049 478 10092 7131 10033 1105 10033 3422 -1 
6208 1781950511 1781950511 1 2664980 955 10005 6055 10005 9605 10052 3619 10409 3982 -1 
6579 1781950511 1781950511 1 2662607 5384 10005 8185 10005 2543 10093 9911 10093 9911 -1 
6603 1781950511 1781950511 1 2674800 1260 10398 1268 10398 60 10078 343 10078 3664 -1 
6818 1781950511 1781950511 1 2678079 6382 10109 260 10109 6824 10071 6824 10051 1925 -1 
6914 1781950511 1781950511 1 2657489 7900 10032 7413 10032 5975 10085 2884 10085 2884 -1 
7053 1781950511 1781950511 1 2666367 8421 10032 1100 10088 6287 10036 3647 10036 4609 -1 
7111 1781950511 1781950511 1 2676218 2818 10016 7178 10016 723 10033 7590 10038 2873 -1 
8095 1781950511 1781950511 1 2641906 1391 10204 957 10204 6761 10449 1171 10038 5406 -1 
8314 1781950511 1781950511 1 2676262 8459 10032 340 10032 530 10033 5993 10033 7330 -1 
6080 1781950511 1781950511 1 2677178 1366 10176 9855 10024 5207 10765 3747 10085 7720 10509 -1 
7404 1781950511 1781950511 1 2678310 5210 10006 4099 10006 9737 10006 1891 10031 9942 10031 931 -1 
7829 1781950511 1781950511 1 2678064 4738 10032 769 10032 9915 10032 9995 10031 1959 10031 8413 -1 
6349 1781950511 1781950511 1 2677690 4371 10228 3478 10228 3478 10228 4810 10035 1144 10035 2341 10035 -1 
7273 1781950511 1781950511 1 2673280 9134 10005 6182 10005 3569 10005 2041 10034 5601 10033 4164 10033 7590 -1 
111 1781950511 1781950511 1 2671888 6943 10691 5445 10691 6944 10040 7443 -1 
312 1781950511 1781950511 1 2671565 10846 6084 10274 2448 10274 733 10274 -1 
1273 1781950511 1781950511 1 2669066 5033 10085 2884 10105 964 10216 5162 -1 
1761 1781950511 1781950511 1 2676659 4651 10021 1615 10033 5358 10033 780 -1 
2139 1781950511 1781950511 1 2651744 1547 10134 5479 10134 1688 10449 7020 -1 
2390 1781950511 1781950511 1 2612250 6305 10587 6433 10424 1615 10052 5237 -1 
1150 1781950511 1781950511 1 2674800 2577 10070 6886 10078 8859 10078 8859 10078 3664 -1 
1457 1781950511 1781950511 1 2677473 6061 10263 1297 10127 7015 10127 4994 10127 6678 -1 
1342 1781950511 1781950511 1 2672211 5311 10743 5664 10743 8122 10052 1059 10268 5721 10409 -1 
1704 1781950511 1781950511 1 2672047 7488 10070 310 10070 2697 10195 1954 10195 462 10195 1844 -1 
3415 1781950511 1781950511 1 2653267 8497 10036 202 10036 3175 10036 1494 -1 
3494 1781950511 1781950511 1 2672851 6810 10153 6908 10031 9150 10031 3024 -1 
3516 1781950511 1781950511 1 2660417 3288 10033 5358 10033 8431 10033 8091 -1 
3582 1781950511 1781950511 1 2656353 8165 10545 8483 10134 3582 10038 7693 -1 
3608 1781950511 1781950511 1 2674866 416 10146 4851 10146 9937 10146 4171 -1 
3637 1781950511 1781950511 1 2670586 3666 10446 4917 10446 5705 10446 1469 -1 
3816 1781950511 1781950511 1 2664305 5831 10148 2520 10148 554 10148 302 -1 
4227 1781950511 1781950511 1 2651777 6288 10051 2218 10051 7909 10051 1221 -1 
4263 1781950511 1781950511 1 2415592 8387 10038 9575 10040 2453 10040 7380 -1 
4297 1781950511 1781950511 1 2674796 5764 10041 4942 10041 66 10041 7111 -1 
4952 1781950511 1781950511 1 2674641 9519 10147 3974 10033 915 10033 695 -1 
5231 1781950511 1781950511 1 2676526 6040 10124 2349 10551 2335 10551 8290 -1 
5265 1781950511 1781950511 1 2667719 72 10031 638 10031 2806 10031 7802 -1 
5596 1781950511 1781950511 1 2619094 87 10055 2722 10146 8220 10146 5116 -1 
5988 1781950511 1781950511 1 2673240 7075 10134 760 10134 2464 10272 9933 -1 
4121 1781950511 1781950511 1 2669892 10533 101 10195 2495 10195 1954 10195 3074 -1 
5800 1781950511 1781950511 1 2675259 10771 101 10082 1599 10082 1599 10082 7495 -1 
3154 1781950511 1781950511 1 2677046 3016 10072 9520 10031 6914 10031 9150 10031 222 -1 
3323 1781950511 1781950511 1 2666544 8198 10201 101 10087 9175 10087 4951 10087 3305 -1 
3684 1781950511 1781950511 1 2673280 7620 10027 498 10033 584 10033 6829 10033 7590 -1 
5258 1781950511 1781950511 1 2671632 4825 10190 2384 10031 4922 10031 5822 10033 411 -1 
5262 1781950511 1781950511 1 2663039 1206 10057 7082 10033 9977 10033 8091 10033 1877 -1 
4034 1781950511 1781950511 1 2630123 10918 2416 10489 392 10148 554 10031 3568 10031 9286 -1 
4182 1781950511 1781950511 1 2666709 1917 10015 150 10015 6459 10031 2957 10031 9942 10031 1891 -1 
4508 1781950511 1781950511 1 2654202 4305 10583 9174 10471 460 10779 6596 10133 245 10133 2033 -1 
4678 1781950511 1781950511 1 2674203 3881 10074 4133 10074 9724 10152 1760 10152 9160 10152 778 -1 
5256 1781950511 1781950511 1 2677083 10555 2906 10555 3706 10555 101 10301 101 10147 3146 10147 7160 10147 301 -1 
4721 1781950511 1781950511 1 2678121 8505 10359 8722 10359 4529 10359 6928 10181 3030 10195 5429 10195 3598 10195 2495 -1 
6056 1781950511 1781950511 1 2678064 7518 10426 283 10153 8681 10031 8413 -1 
6330 1781950511 1781950511 1 2667057 9161 10031 9072 10031 2652 10033 3316 -1 
6537 1781950511 1781950511 1 2654179 3953 10087 4806 10087 237 10087 2924 -1 
6994 1781950511 1781950511 1 2677391 257 10038 128 10038 5632 10038 128 -1 
7012 1781950511 1781950511 1 2667172 7633 10031 529 10031 7626 10031 8681 -1 
7338 1781950511 1781950511 1 2655146 157 10038 9120 10038 128 10038 9782 -1 
7533 1781950511 1781950511 1 2663410 257 10038 7803 10038 7420 10038 9581 -1 
7609 1781950511 1781950511 1 2677046 134 10031 4922 10031 9150 10031 222 -1 
8107 1781950511 1781950511 1 2647276 7691 10033 8476 10033 1406 10033 6199 -1 
8132 1781950511 1781950511 1 2657030 1187 10033 3624 10033 777 10033 1406 -1 
8205 1781950511 1781950511 1 2665884 5493 10031 5189 10104 5744 10104 6550 -1 
8636 1781950511 1781950511 1 2670491 155 10036 4218 10036 649 10195 462 -1 
8886 1781950511 1781950511 1 2676312 8243 10038 128 10038 529 10031 9839 -1 
6283 1781950511 1781950511 1 2678348 8915 10032 7491 10272 3928 10031 1959 10031 1220 -1 
6761 1781950511 1781950511 1 2673310 4308 10053 2235 10446 6075 10446 2391 10159 3334 -1 
7148 1781950511 1781950511 1 2669960 2725 10032 3853 10040 6829 10033 5358 10033 4425 -1 
7186 1781950511 1781950511 1 2673006 7490 10016 6078 10211 4483 10031 529 10031 7239 -1 
7508 1781950511 1781950511 1 2644880 7155 10401 7442 10138 1101 10138 7753 10138 1101 -1 
7622 1781950511 1781950511 1 2672261 8739 10032 7421 10146 5805 10146 5087 10146 7566 -1 
8241 1781950511 1781950511 1 2661912 912 10006 1031 10138 1101 10138 1334 10138 3899 -1 
8648 1781950511 1781950511 1 2676202 9128 10032 7421 10055 2722 10055 8862 10055 2722 -1 
6204 1781950511 1781950511 1 2677391 2865 10406 4607 10032 833 10038 9865 10038 2705 10038 128 -1 
6358 1781950511 1781950511 1 2672423 6090 10032 9697 10032 1681 10637 6742 10195 9729 10195 1161 -1 
6959 1781950511 1781950511 1 2677046 4945 10032 4328 10032 7834 10033 6474 10033 2007 10031 222 -1 
7069 1781950511 1781950511 1 2677151 5533 10176 1467 10154 8016 10051 3935 10051 7299 10051 6824 -1 
6284 1781950511 1781950511 1 2675799 29 10228 8704 10228 3478 10228 6545 10055 324 10055 8862 10055 8862 -1 
7055 1781950511 1781950511 1 2678079 6379 10154 487 10092 9957 10092 759 10064 2775 10051 7299 10051 1925 10051 -1 
7390 1781950511 1781950511 1 2677575 7016 10012 4852 10012 730 10034 3864 10034 490 10231 6667 10033 1615 10052 -1 
1501 1781950511 1781950511 1 2674446 10939 8707 10038 128 10038 114 10038 1373 -1 
2243 1781950511 1781950511 1 2673232 10966 8658 10031 529 10031 9942 10031 6039 -1 
2029 1781950511 1781950511 1 2656981 3970 10362 1069 10038 2801 10038 9865 10038 1287 -1 
2553 1781950511 1781950511 1 2674641 1510 10076 2246 10056 3745 10056 7690 10033 695 -1 
404 1781950511 1781950511 1 2659212 4618 10107 4618 10107 1346 10033 1346 10033 4891 10033 5879 -1 
1826 1781950511 1781950511 1 2677588 8921 10076 4470 10076 3710 10148 554 10031 529 10031 9942 -1 
5507 1781950511 1781950511 1 2672211 3336 10449 1688 10449 1877 10356 5721 10409 -1 
3479 1781950511 1781950511 1 2678345 694 10175 3952 10038 529 10031 4483 10033 3865 -1 
4085 1781950511 1781950511 1 2678348 7961 10269 1539 10031 9150 10031 931 10031 1220 -1 
4383 1781950511 1781950511 1 2675095 2625 10025 1925 10195 462 10195 649 10195 2963 -1 
5931 1781950511 1781950511 1 2678348 1314 10043 3283 10033 7239 10031 931 10031 1220 -1 
5966 1781950511 1781950511 1 2673274 10183 5122 10175 2782 10132 8781 10132 8781 10132 4111 -1 
6076 1781950511 1781950511 1 2668075 4887 10029 4586 10467 5498 10467 4233 10134 6342 -1 
6884 1781950511 1781950511 1 2677046 5229 10427 1778 10148 554 10148 554 10031 222 -1 
7610 1781950511 1781950511 1 2677903 7834 10791 3063 10134 5479 10134 3293 10134 4233 -1 
7908 1781950511 1781950511 1 2634705 4788 10237 5148 10148 8893 10148 9357 10052 6916 -1 
8058 1781950511 1781950511 1 2677588 3338 10006 9365 10038 6106 10031 7959 10031 9942 -1 
8452 1781950511 1781950511 1 2652037 208 10053 5679 10435 593 10031 9942 10031 7179 -1 
8476 1781950511 1781950511 1 2677392 6382 10012 126 10056 3745 10056 5228 10056 4971 -1 
8575 1781950511 1781950511 1 2646405 4415 10006 9328 10148 2520 10148 554 10148 5478 -1 
8988 1781950511 1781950511 1 2673368 1384 10427 983 10146 4458 10146 9537 10146 962 -1 
7175 1781950511 1781950511 1 2678156 4102 10032 7093 10195 6978 10195 8810 10195 711 10195 -1 
7506 1781950511 1781950511 1 2674722 9862 10032 1237 10272 1163 10055 2722 10055 324 10132 -1 
7247 1781950511 1781950511 1 2673817 8214 10032 9902 10032 3648 10093 1538 10040 8623 10040 6912 -1 
7812 1781950511 1781950511 1 2677920 9065 10050 9563 10050 3168 10031 529 10031 931 10031 470 -1 
8230 1781950511 1781950511 1 2670263 670 10256 7451 10256 9793 10151 2793 10151 5714 10038 9865 -1 
8882 1781950511 1781950511 1 2669920 6300 10005 1053 10005 5638 10033 8091 10033 6989 10033 9958 -1 
6184 1781950511 1781950511 1 2654730 3154 10032 9944 10032 3476 10032 2809 10692 8248 10087 152 10087 2971 -1 
6918 1781950511 1781950511 1 2677391 2403 10053 3364 10032 4588 10237 1463 10412 4555 10038 5527 10038 128 -1 
6929 1781950511 1781950511 1 2674946 2767 10032 823 10032 7931 10204 3024 10052 964 10105 1678 10033 3523 -1 
316 1781950511 1781950511 1 2666443 2230 10152 576 10158 4505 10158 4117 10158 281 -1 
609 1781950511 1781950511 1 2678345 1697 10787 6176 10045 9292 10045 5481 10033 3865 -1 
791 1781950511 1781950511 1 2675714 8793 10195 7619 10195 2966 10195 7746 10195 3130 -1 
844 1781950511 1781950511 1 2676439 5579 10033 2972 10033 7565 10033 1347 10435 593 -1 
2501 1781950511 1781950511 1 2671565 8486 10274 733 10274 5260 10274 733 10274 733 -1 
2862 1781950511 1781950511 1 2646763 10083 4395 10140 9585 10140 9585 10140 5679 10499 -1 
2881 1781950511 1781950511 1 2676327 5287 10146 7562 10146 4458 10146 7436 10146 6785 -1 
1642 1781950511 1781950511 1 2676005 5858 10060 6017 10146 3576 10146 3576 10146 1637 10146 4458 -1 
2073 1781950511 1781950511 1 2674563 970 10070 6886 10038 128 10038 5481 10045 5481 10033 1562 -1 
2702 1781950511 1781950511 1 2664305 4257 10880 4206 10736 7737 10736 1938 10148 6814 10148 554 10148 302 10148 -1 
3116 1781950511 1781950511 1 2674075 3231 10033 6989 10033 9969 10033 4164 10033 4978 -1 
3233 1781950511 1781950511 1 2676439 7235 10356 8622 10033 9701 10033 1347 10435 593 -1 
3348 1781950511 1781950511 1 2676354 9051 10393 1235 10231 1235 10033 9701 10033 1490 -1 
3529 1781950511 1781950511 1 2666980 8883 10449 7415 10449 6761 10195 9729 10195 2563 -1 
3557 1781950511 1781950511 1 2654957 1495 10085 2572 10105 1235 10105 7786 10033 68 -1 
4014 1781950511 1781950511 1 2677099 5122 10056 8707 10272 4682 10038 6273 10038 1682 -1 
4030 1781950511 1781950511 1 2668137 8147 10146 9522 10146 7436 10146 9722 10146 7588 -1 
4265 1781950511 1781950511 1 2677186 9107 10051 1831 10051 6096 10297 2145 10297 7768 -1 
4316 1781950511 1781950511 1 2667843 3490 10148 1450 10148 554 10031 954 10031 1539 -1 
4414 1781950511 1781950511 1 2678345 8547 10033 231 10033 8091 10033 1289 10033 3865 -1 
5078 1781950511 1781950511 1 2677690 4357 10035 1144 10035 4495 10035 1676 10035 2341 -1 
5266 1781950511 1781950511 1 2664144 4185 10309 5871 10309 1756 10309 7020 10449 6380 -1 
5391 1781950511 1781950511 1 2673065 3169 10426 183 10033 5518 10035 1144 10035 1793 -1 
5760 1781950511 1781950511 1 2677131 1206 10152 9160 10152 8114 10152 8054 10152 7987 -1 
5904 1781950511 1781950511 1 2638824 8599 10138 1101 10138 5160 10138 1334 10138 1921 -1 
6019 1781950511 1781950511 1 2665509 8940 10038 5642 10038 8088 10038 2007 10031 4925 -1 
6314 1781950511 1781950511 1 2673274 8429 10078 3664 10078 5062 10132 243 10132 4111 -1 
6394 1781950511 1781950511 1 2674941 9104 10216 1329 10216 6475 10216 964 10052 9664 -1 
6731 1781950511 1781950511 1 2677099 7788 10038 128 10038 128 10038 6273 10038 1682 -1 
6778 1781950511 1781950511 1 2667987 257 10038 128 10038 6358 10038 1069 10348 1587 -1 
6976 1781950511 1781950511 1 2670859 2735 10031 1407 10031 1721 10031 6052 10031 4992 -1 
7745 1781950511 1781950511 1 2645968 4846 10625 6869 10158 7632 10158 281 10158 8057 -1 
8019 1781950511 1781950511 1 2652806 7896 10048 593 10031 5094 10031 9922 10031 183 -1 
8138 1781950511 1781950511 1 2671403 8316 10031 7733 10031 6071 10038 9865 10038 831 -1 
8341 1781950511 1781950511 1 2674682 155 10036 6317 10036 3678 10036 467 10036 1356 -1 
8414 1781950511 1781950511 1 2677391 2447 10033 2655 10038 128 10038 2705 10038 128 -1 
8463 1781950511 1781950511 1 2659003 396 10033 1739 10246 5988 10056 1059 10038 5795 -1 
8824 1781950511 1781950511 1 2674641 5728 10216 897 10033 3283 10033 5358 10033 695 -1 
8931 1781950511 1781950511 1 2678345 4023 10348 4052 10348 4052 10105 1678 10033 3865 -1 
6101 1781950511 1781950511 1 2677178 3826 10006 6607 10509 4773 10509 8248 10087 7720 10509 -1 
6613 1781950511 1781950511 1 2677722 1949 10064 5984 10637 4343 10246 3513 10246 7420 10127 -1 
6049 1781950511 1781950511 1 2673838 3610 10016 8001 10056 471 10033 529 10031 1959 10031 6064 -1 
8621 1781950511 1781950511 1 2673656 544 10251 8944 10105 9324 10105 964 10231 1587 10348 3510 -1 
7874 1781950511 1781950511 1 2677180 8906 10239 618 10239 618 10038 1290 10038 1426 10033 529 10412 2562 -1 
8939 1781950511 1781950511 1 2677293 7019 10239 1387 10239 618 10038 9865 10038 2912 10038 6273 10038 2705 -1 
736 1781950511 1781950511 1 2638198 10775 7697 10104 6550 10104 6885 10104 6885 10104 4555 -1 
772 1781950511 1781950511 1 2664033 8086 10482 4542 10587 5583 10587 7643 10587 7643 10587 -1 
1509 1781950511 1781950511 1 2669848 10850 3042 10148 554 10148 8893 10148 554 10031 9874 -1 
1601 1781950511 1781950511 1 2678079 414 10051 5928 10051 6180 10051 7299 10051 1925 10051 -1 
3078 1781950511 1781950511 1 2674591 344 10312 5255 10312 5255 10312 5255 10312 576 10268 -1 
5440 1781950511 1781950511 1 2656047 10777 1287 10038 7012 10148 6925 10148 8091 10033 2864 -1 
4163 1781950511 1781950511 1 2677903 1623 10281 3293 10134 760 10134 5479 10134 3293 10134 4233 -1 
4392 1781950511 1781950511 1 2674946 6301 10693 6030 10045 4623 10045 5481 10033 6989 10033 3523 -1 
4755 1781950511 1781950511 1 2674879 6849 10533 1683 10031 5027 10031 8960 10031 7590 10033 1678 -1 
6254 1781950511 1781950511 1 2673310 2881 10052 9575 10038 7293 10038 1682 10038 3334 10159 -1 
6826 1781950511 1781950511 1 2677690 94 10134 6150 10035 9777 10035 54 10035 2341 10035 -1 
8064 1781950511 1781950511 1 2674722 5491 10038 7420 10038 2912 10105 1683 10055 324 10132 -1 
6033 1781950511 1781950511 1 2674946 4894 10176 2459 10033 7250 10033 2743 10033 9969 10033 3523 -1 
6044 1781950511 1781950511 1 2672842 2596 10019 7268 10033 9260 10033 2810 10033 9977 10033 4164 -1 
6263 1781950511 1781950511 1 2673459 7392 10064 4892 10031 2127 10031 998 10031 529 10031 4781 -1 
6591 1781950511 1781950511 1 2666002 7425 10032 84 10045 9292 10045 4623 10045 5481 10045 4623 -1 
6850 1781950511 1781950511 1 2662789 3320 10092 1539 10031 3562 10031 5256 10031 7157 10031 6453 -1 
6990 1781950511 1781950511 1 2658544 8518 10214 9553 10134 9328 10134 9791 10134 3836 10056 3836 -1 
7662 1781950511 1781950511 1 2676525 5026 10034 9191 10038 1682 10038 5527 10038 2873 10038 6273 -1 
8101 1781950511 1781950511 1 2674446 6922 10005 780 10033 8988 10033 8091 10033 7590 10038 1373 -1 
8309 1781950511 1781950511 1 2666018 9373 10032 216 10033 2733 10033 2901 10033 5489 10033 6737 -1 
8518 1781950511 1781950511 1 2675817 9046 10032 9765 10033 4617 10033 9969 10033 915 10033 2810 -1 
7329 1781950511 1781950511 1 2676202 8753 10558 6238 10558 343 10055 2722 10055 324 10055 8862 10055 2722 -1 
7907 1781950511 1781950511 1 2677180 2641 10016 9720 10016 723 10033 4891 10033 7690 10033 529 10412 2562 -1 
1836 1781950511 1781950511 1 2678145 5344 10158 922 10158 7632 10158 922 10158 964 10216 7612 -1 
2472 1781950511 1781950511 1 2635558 3726 10001 5628 10001 8439 10001 8607 10001 1 10001 6220 -1 
3245 1781950511 1781950511 1 2647960 8468 10056 8224 10151 312 10151 8896 10151 2793 10151 8901 -1 
3493 1781950511 1781950511 1 2677160 8908 10297 8799 10031 296 10031 529 10031 9942 10031 1959 -1 
4042 1781950511 1781950511 1 2668615 7871 10038 6856 10031 7302 10031 6544 10031 5436 10031 1972 -1 
4133 1781950511 1781950511 1 2677920 6880 10297 2145 10297 8799 10031 139 10031 529 10031 470 -1 
4335 1781950511 1781950511 1 2676312 1348 10015 9843 10017 3952 10033 529 10031 529 10031 529 10031 9839 -1 
4140 1781950511 1781950511 1 2678348 8456 10265 924 10072 6880 10297 3300 10158 5406 10038 529 10031 931 10031 1220 -1 
6925 1781950511 1781950511 1 2642408 7109 10051 1925 10031 554 10031 9817 10031 9742 10031 3639 -1 
7052 1781950511 1781950511 1 2669911 4625 10040 1538 10040 1538 10040 5777 10052 964 10105 964 -1 
7084 1781950511 1781950511 1 2669848 134 10031 2174 10031 931 10031 9922 10031 9071 10031 9874 -1 
7406 1781950511 1781950511 1 2674379 741 10033 6199 10033 9839 10033 5358 10033 915 10033 7786 -1 
8343 1781950511 1781950511 1 2677988 2144 10148 1450 10148 2520 10148 554 10031 3024 10033 239 -1 
8487 1781950511 1781950511 1 2607466 3372 10355 3284 10358 8754 10358 5867 10567 8056 10567 7694 -1 
8495 1781950511 1781950511 1 2676262 5106 10330 4688 10033 1406 10033 4891 10033 3523 10033 7330 -1 
8150 1781950511 1781950511 1 2678079 901 10019 8593 10051 2218 10051 6180 10051 7299 10051 1925 10051 -1 
6193 1781950511 1781950511 1 2677833 1265 10053 8951 10031 9395 10031 554 10148 554 10031 9942 10031 949 -1 
8718 1781950511 1781950511 1 2664305 8513 10005 9640 10031 9187 10031 554 10148 554 10148 554 10148 302 -1 
8873 1781950511 1781950511 1 2678345 9333 10032 6967 10032 1005 10691 6944 10038 5642 10038 9752 10038 7590 10033 3865 -1 
4216 1781950511 1781950511 1 2674075 10575 5618 10387 5061 10387 5061 10387 5061 10387 5618 10033 4978 -1 
5944 1781950511 1781950511 1 2674984 10210 2806 10031 4004 10031 9875 10031 6429 10031 529 10031 2007 -1 
4556 1781950511 1781950511 1 2676104 1737 10007 2602 10085 1249 10087 237 10087 3305 10087 7655 10453 5001 -1 
7890 1781950511 1781950511 1 2676413 3927 10154 2622 10216 4879 10038 128 10038 5632 10038 9120 10038 4774 -1 
6417 1781950511 1781950511 1 2674379 9410 10032 9799 10032 8077 10032 3571 10038 9366 10038 9848 10038 1426 10033 7590 10033 7786 -1 
8423 1781950511 1781950511 1 2677920 4835 10005 3864 10034 526 10034 7690 10033 3777 10033 529 10031 931 10031 931 10031 470 -1 
2357 1781950511 1781950511 1 2676312 8797 10297 8695 10297 9748 10297 6869 10297 8799 10031 296 10031 9839 -1 
6872 1781950511 1781950511 1 2664305 9392 10155 8699 10344 5985 10344 6084 10148 554 10148 1450 10148 302 -1 
7685 1781950511 1781950511 1 2675095 1226 10276 7912 10195 2465 10195 462 10195 462 10195 649 10195 2963 -1 
7880 1781950511 1781950511 1 2678345 136 10136 3062 10136 9894 10033 9969 10033 915 10033 239 10033 3865 -1 
3072 1781950511 1781950511 1 2677178 10566 101 10087 237 10087 237 10087 5196 10509 8248 10087 152 10087 7720 10509 -1 
4267 1781950511 1781950511 1 2677833 1996 10007 2187 10031 529 10031 1721 10031 529 10031 4922 10031 222 10031 949 -1 
3655 1781950511 1781950511 1 2662869 2815 10052 4052 10052 9166 10052 7614 10052 278 10052 5777 10052 9605 10052 6304 -1 
8437 1781950511 1781950511 1 2678310 6402 10135 4895 10031 4838 10031 1721 10031 5094 10031 9942 10031 9942 10031 931 -1 
8838 1781950511 1781950511 1 2676754 8369 10148 2424 10148 554 10148 5502 10148 554 10031 6052 10031 1721 10031 4145 -1 
4334 1781950511 1781950511 1 2677575 10978 1051 10446 1469 10446 3952 10052 9605 10052 8808 10052 964 10105 1678 10033 1615 10052 -1 
5880 1781950511 1781950511 1 2666443 6195 10052 9321 10052 8386 10052 964 10158 922 10158 922 10158 7489 10158 4505 10158 281 -1 
4481 1781950511 1781950511 2 2595133 7965 10581 7741 -1 
9219 1781950511 1781950511 2 2673783 5565 10104 8627 10104 5687 10104 8627 10104 5773 10104 2368 10392 8794 -1 
11044 1781950511 1781950511 2 2673783 5558 10104 8627 10104 5624 10104 6885 10104 3920 10104 8627 10104 2368 10392 8794 -1 
4650 1781950511 1781950511 2 2673783 952 10072 7384 10599 3948 10599 2581 10599 2094 10392 8794 -1 
9056 1781950511 1781950511 2 2667339 4753 10152 9904 10500 9961 -1 
9115 1781950511 1781950511 2 2673783 4012 10392 9014 10392 8794 -1 
10880 1781950511 1781950511 2 2558678 7280 10332 6676 10332 7810 -1 
1951 1781950511 1781950511 2 2675234 414 10490 2529 -1 
2359 1781950511 1781950511 2 2677927 10018 4960 10703 8287 10072 6317 -1 
8168 1781950511 1781950511 2 2675234 7177 10490 2529 -1 
8694 1781950511 1781950511 2 2639532 6567 10000 6983 -1 
6008 1781950511 1781950511 2 2668691 3564 10006 3708 10490 8299 -1 
6224 1781950511 1781950511 2 2645060 2292 10016 766 10016 482 10591 -1 
7792 1781950511 1781950511 2 2673571 2233 10006 5640 10006 7687 10053 8271 10032 2825 10032 542 10007 1171 -1 
8825 1781950511 1781950511 2 2673571 1174 10006 7795 10006 2774 10006 1440 10006 431 10006 1825 10007 1171 -1 
10315 1781950511 1781950511 2 2650157 8290 10551 101 10776 -1 
9564 1781950511 1781950511 2 2619232 5955 10033 4673 10072 5250 -1 
10099 1781950511 1781950511 2 2195086 3255 10033 68 10043 7591 -1 
9061 1781950511 1781950511 2 2677965 8862 10055 2722 10055 3288 10055 -1 
9451 1781950511 1781950511 2 2677965 3330 10055 2722 10055 3288 10055 -1 
9508 1781950511 1781950511 2 2670222 2311 10294 6084 10148 6352 10394 -1 
9530 1781950511 1781950511 2 2671573 6565 10146 9109 10146 101 10298 -1 
10888 1781950511 1781950511 2 2677965 8314 10055 2722 10055 2722 10055 3288 10055 -1 
11838 1781950511 1781950511 2 2677965 6384 10055 2722 10055 2722 10055 3288 10055 -1 
11092 1781950511 1781950511 2 2677965 10055 2772 10055 324 10055 2722 10055 3288 10055 -1 
9809 1781950511 1781950511 2 2677965 8874 10055 488 10055 8862 10055 8862 10055 3288 10055 -1 
9984 1781950511 1781950511 2 2677965 1766 10055 2722 10055 488 10055 2722 10055 3288 10055 -1 
9383 1781950511 1781950511 2 2677965 9537 10055 324 10055 324 10055 488 10055 2722 10055 3288 10055 -1 
9770 1781950511 1781950511 2 2677965 5601 10038 9435 10033 9992 10033 7786 10105 3419 10055 2722 10055 3288 10055 -1 
11358 1781950511 1781950511 2 2677965 1742 10195 4236 10078 7294 10055 324 10055 8862 10055 2722 10055 3288 10055 -1 
9217 1781950511 1781950511 2 2677965 1275 10146 5845 10055 324 10055 324 10055 2722 10055 8862 10055 2722 10055 3288 10055 -1 
9430 1781950511 1781950511 2 2677965 9317 10146 1637 10146 9109 10146 9749 10055 2722 10055 324 10055 8862 10055 3288 10055 -1 
449 1781950511 1781950511 2 2658891 806 10068 101 10609 2140 -1 
837 1781950511 1781950511 2 2632054 4676 10651 4676 10512 101 10604 -1 
7601 1781950511 1781950511 2 2436301 6664 10024 6739 10106 653 -1 
7961 1781950511 1781950511 2 2669548 1384 10345 1787 10072 5831 10455 -1 
8805 1781950511 1781950511 2 2652048 10755 2880 10755 2880 10199 5052 10393 -1 
9003 1781950511 1781950511 2 2677965 3293 10281 3288 10055 -1 
10517 1781950511 1781950511 2 2673727 9281 10185 7703 10682 8688 10625 5402 10175 3752 -1 
664 1781950511 1781950511 2 2658155 6240 10072 119 10072 2367 -1 
2388 1781950511 1781950511 2 2658155 8374 10072 8011 10072 2367 -1 
1393 1781950511 1781950511 2 2672644 10101 1906 10090 773 10090 1889 -1 
2371 1781950511 1781950511 2 2673727 1217 10207 5756 10175 4864 10175 3752 -1 
6122 1781950511 1781950511 2 2658525 8861 10774 7264 10244 8205 -1 
7535 1781950511 1781950511 2 2658167 4533 10015 135 10015 794 -1 
8315 1781950511 1781950511 2 2650634 1349 10057 8601 10025 1778 -1 
10108 1781950511 1781950511 2 2671573 10786 9213 10555 101 10298 -1 
10843 1781950511 1781950511 2 2672169 5320 10211 576 10015 191 10015 5800 -1 
11344 1781950511 1781950511 2 2639532 5512 10038 1289 10033 915 10033 4849 10000 0 10000 6983 -1 
2043 1781950511 1781950511 2 2644124 2607 10097 2577 10097 166 10207 101 10584 101 10602 5111 -1 
8895 1781950511 1781950511 2 2677927 4982 10006 406 10072 119 10072 6317 -1 
1550 1781950511 1781950511 2 2672169 10751 6592 10015 6174 10015 1090 10015 5800 -1 
8800 1781950511 1781950511 2 2677927 7925 10072 6613 10072 119 10072 6317 -1 
1567 1781950511 1781950511 2 2650956 8709 10452 4941 -1 
329 1781950511 1781950511 2 2666228 8086 10436 7400 10024 8215 -1 
3158 1781950511 1781950511 2 2557892 935 10427 5538 -1 
3177 1781950511 1781950511 2 2640321 9829 10176 8758 -1 
4315 1781950511 1781950511 2 2672928 9829 10092 6030 -1 
4362 1781950511 1781950511 2 2611565 5443 10019 4692 -1 
5548 1781950511 1781950511 2 2678170 9156 10092 2368 -1 
5651 1781950511 1781950511 2 2670024 9241 10092 4219 -1 
3033 1781950511 1781950511 2 2575899 4902 10712 6670 10100 7173 -1 
4272 1781950511 1781950511 2 2675435 10881 1652 10938 3722 10032 253 -1 
4817 1781950511 1781950511 2 2676737 7132 10190 5657 10247 1003 10690 6057 -1 
5116 1781950511 1781950511 2 2661564 7556 10190 4722 10015 9532 10032 3648 -1 
5355 1781950511 1781950511 2 2676737 6202 10247 6513 10247 1003 10690 6057 -1 
5795 1781950511 1781950511 2 2616849 6104 10367 7059 10161 241 10288 6992 -1 
5881 1781950511 1781950511 2 2674664 8953 10025 8207 10025 4599 10019 8650 -1 
5223 1781950511 1781950511 2 2678191 10081 2514 10081 7449 10011 1834 10032 842 -1 
3555 1781950511 1781950511 2 2670118 848 10302 6541 10302 5940 10470 8700 10019 5891 -1 
11198 1781950511 1781950511 2 2654559 8359 10032 5555 -1 
11283 1781950511 1781950511 2 2670024 2619 10092 4219 -1 
11337 1781950511 1781950511 2 2331562 7908 10235 7898 -1 
9699 1781950511 1781950511 2 2672399 6477 10051 795 10019 6771 -1 
10301 1781950511 1781950511 2 2677973 1846 10312 576 10016 723 -1 
10750 1781950511 1781950511 2 2648469 6966 10211 2912 10224 3086 -1 
11325 1781950511 1781950511 2 2671797 6071 10031 9995 10406 9995 -1 
9121 1781950511 1781950511 2 2667270 8785 10031 954 10031 4730 10050 2260 -1 
9583 1781950511 1781950511 2 2645187 6503 10394 1950 10394 3347 10019 6462 -1 
9821 1781950511 1781950511 2 2643265 5153 10038 6856 10038 2775 10005 7333 -1 
9949 1781950511 1781950511 2 2678317 9289 10104 9289 10104 2368 10092 4412 -1 
10353 1781950511 1781950511 2 2658777 5108 10140 2698 10246 3636 10016 9352 -1 
10448 1781950511 1781950511 2 2671367 5543 10052 3304 10211 3582 10016 1753 -1 
10563 1781950511 1781950511 2 2677596 8976 10031 536 10031 4170 10032 220 -1 
10781 1781950511 1781950511 2 2670024 99 10031 9150 10031 74 10092 4219 -1 
10510 1781950511 1781950511 2 2661509 8813 10033 6277 10033 1004 10033 8988 10006 2775 -1 
10766 1781950511 1781950511 2 2677973 529 10031 9439 10031 8091 10033 5766 10016 723 -1 
11708 1781950511 1781950511 2 2663401 5558 10104 6942 10104 9584 10104 6550 10104 3455 10019 9146 -1 
1664 1781950511 1781950511 2 2672512 9910 10076 3872 10092 913 -1 
3610 1781950511 1781950511 2 2648414 9900 10214 1893 10908 -1 
4224 1781950511 1781950511 2 2677446 948 10032 6203 10637 -1 
5234 1781950511 1781950511 2 2222844 10343 3829 10398 633 -1 
3833 1781950511 1781950511 2 2666282 713 10269 9930 10092 6934 -1 
4427 1781950511 1781950511 2 2656749 482 10643 3133 10350 3284 -1 
3832 1781950511 1781950511 2 2665693 9242 10007 4209 10495 1237 10053 3387 -1 
4976 1781950511 1781950511 2 2672512 9935 10015 150 10015 9657 10092 913 -1 
3095 1781950511 1781950511 2 2667331 8760 10072 1575 10072 8011 10072 6588 10064 6509 -1 
11856 1781950511 1781950511 2 2648414 8295 10229 1893 10908 -1 
10825 1781950511 1781950511 2 2665513 2748 10625 4846 10125 3889 -1 
11077 1781950511 1781950511 2 2678170 1633 10038 9927 10092 2368 -1 
9671 1781950511 1781950511 2 2678317 10358 3284 10687 4289 10092 4412 -1 
9525 1781950511 1781950511 2 2678317 9058 10148 8091 10033 9927 10092 4412 -1 
9647 1781950511 1781950511 2 2678317 5470 10052 3952 10038 9927 10092 4412 -1 
11061 1781950511 1781950511 2 2678191 9992 10033 9992 10033 9927 10032 842 -1 
11322 1781950511 1781950511 2 2666939 3284 10687 3284 10358 308 10092 7485 -1 
9955 1781950511 1781950511 2 2678170 8629 10038 128 10038 1426 10033 9927 10092 2368 -1 
11126 1781950511 1781950511 2 2678317 7733 10031 529 10038 9848 10038 9927 10092 4412 -1 
10195 1781950511 1781950511 2 2510995 5179 10445 2929 10445 2961 10445 4594 10334 655 10327 -1 
10475 1781950511 1781950511 2 2669133 4498 10148 7722 10148 554 10031 8466 10031 332 10092 8527 -1 
10718 1781950511 1781950511 2 2678317 6465 10557 6342 10033 3179 10033 8431 10033 9927 10092 4412 -1 
9081 1781950511 1781950511 2 2678170 8230 10033 4208 10033 584 10033 8091 10033 6989 10033 6387 10033 1004 10033 9927 10092 2368 -1 
1310 1781950511 1781950511 2 2632834 8566 10196 7797 10196 8053 -1 
2629 1781950511 1781950511 2 2676675 6426 10032 823 10032 9645 -1 
2632 1781950511 1781950511 2 2603591 4683 10006 8092 10114 126 -1 
1049 1781950511 1781950511 2 2658146 2163 10060 7906 10059 475 10016 9720 10016 658 -1 
3369 1781950511 1781950511 2 2666939 9948 10092 1238 10092 7485 -1 
5517 1781950511 1781950511 2 2669945 6350 10005 100 10005 7858 -1 
5316 1781950511 1781950511 2 2670514 10346 7176 10114 730 10034 7690 -1 
3821 1781950511 1781950511 2 2638953 6794 10281 1146 10050 923 10162 7703 -1 
4132 1781950511 1781950511 2 2677446 9002 10381 9002 10381 9002 10381 4312 10406 6203 10637 -1 
9267 1781950511 1781950511 2 2662927 6969 10019 2835 10019 3455 -1 
10140 1781950511 1781950511 2 2671070 3636 10016 8930 10016 874 -1 
10306 1781950511 1781950511 2 2669945 2499 10005 1727 10005 7858 -1 
10713 1781950511 1781950511 2 2617715 9425 10019 3113 10019 643 -1 
11401 1781950511 1781950511 2 2670372 2634 10019 8955 10019 1413 -1 
11487 1781950511 1781950511 2 2667331 587 10006 6545 10064 6509 -1 
11664 1781950511 1781950511 2 2650113 5983 10825 6635 10825 5983 -1 
10597 1781950511 1781950511 2 2661356 10688 4137 10019 1830 10019 2159 -1 
9211 1781950511 1781950511 2 2670024 9752 10038 5201 10178 8712 10092 4219 -1 
9662 1781950511 1781950511 2 2671797 9483 10146 6537 10032 4401 10406 9995 -1 
9703 1781950511 1781950511 2 2677387 6533 10056 2246 10056 126 10029 9053 10029 442 -1 
9871 1781950511 1781950511 2 2670476 3641 10035 2164 10035 2074 10034 526 10034 4843 -1 
9359 1781950511 1781950511 2 2670476 10806 3179 10033 7095 10033 3422 10033 6829 10012 730 10034 4843 -1 
9467 1781950511 1781950511 2 2678317 269 10031 3024 10031 2063 10031 9942 10031 4730 10050 163 10092 4412 -1 
5233 1781950511 1781950511 2 2662927 10413 960 10019 9102 10019 3455 -1 
3950 1781950511 1781950511 2 2669133 2601 10072 9243 10315 2491 10092 8527 -1 
5455 1781950511 1781950511 2 2645187 5667 10057 9930 10019 1559 10019 6462 -1 
4920 1781950511 1781950511 2 2675883 6143 10025 1895 10072 3978 10029 4408 10029 3578 -1 
5641 1781950511 1781950511 2 2678191 6957 10063 9636 10063 6534 10032 823 10032 842 -1 
3025 1781950511 1781950511 2 2664885 4842 10026 8138 10353 1228 10264 511 10264 483 10344 -1 
9046 1781950511 1781950511 2 2675134 7437 10056 2491 10174 3911 10084 2912 -1 
9915 1781950511 1781950511 2 2662095 2077 10546 3658 10050 3872 10092 1038 -1 
10404 1781950511 1781950511 2 2677698 9436 10051 6577 10439 4056 10024 4526 -1 
9827 1781950511 1781950511 2 2677387 10658 772 10363 1150 10012 6121 10029 442 -1 
11222 1781950511 1781950511 2 2677387 6169 10052 3487 10033 6121 10012 6121 10029 442 -1 
9082 1781950511 1781950511 2 2677387 987 10151 312 10151 1759 10151 1147 10012 6121 10029 442 -1 
10050 1781950511 1781950511 2 2678159 10731 3982 10409 964 10158 5099 10005 1727 10005 2437 10892 -1 
10313 1781950511 1781950511 2 2678170 4170 10031 8916 10031 6913 10031 332 10092 3872 10092 2368 -1 
11919 1781950511 1781950511 2 2677387 7565 10033 4215 10356 9271 10038 1147 10012 6121 10029 442 -1 
113 1781950511 1781950511 2 2666228 7204 10237 1099 10024 7650 10024 8215 -1 
1367 1781950511 1781950511 2 2675883 4648 10131 1892 10032 2831 10029 3578 -1 
2155 1781950511 1781950511 2 2678170 4008 10092 2880 10092 478 10092 2368 -1 
336 1781950511 1781950511 2 2677596 6281 10217 1212 10032 9952 10032 4018 10032 220 -1 
968 1781950511 1781950511 2 2678191 129 10703 7765 10202 163 10092 9927 10032 842 -1 
3022 1781950511 1781950511 2 2665644 1033 10260 7051 10176 9957 10092 79 -1 
3419 1781950511 1781950511 2 2655998 8669 10019 2446 10019 2380 10019 9371 -1 
3964 1781950511 1781950511 2 2678170 9718 10447 1366 10092 478 10092 2368 -1 
4440 1781950511 1781950511 2 2447008 5708 10032 2150 10032 105 10049 5405 -1 
5820 1781950511 1781950511 2 2678317 5348 10090 2502 10237 1955 10032 9927 10092 4412 -1 
5877 1781950511 1781950511 2 2678237 83 10700 9980 10032 487 10092 9304 10006 74 -1 
3607 1781950511 1781950511 2 2677596 7259 10540 7129 10540 7543 10032 1541 10032 1661 10032 220 -1 
9495 1781950511 1781950511 2 2616849 3042 10288 2225 10288 1097 10288 6992 -1 
11303 1781950511 1781950511 2 2661410 8880 10019 9580 10019 2003 10019 9807 -1 
9181 1781950511 1781950511 2 2677387 10660 7002 10006 293 10006 6121 10029 442 -1 
9836 1781950511 1781950511 2 2677387 84 10031 9459 10012 1147 10012 6121 10029 442 -1 
9403 1781950511 1781950511 2 2677387 3669 10159 2984 10765 9459 10012 4852 10012 6121 10029 442 -1 
10614 1781950511 1781950511 2 2675883 6482 10391 9780 10391 7655 10029 9053 10029 9053 10029 3578 -1 
5104 1781950511 1781950511 2 2677461 10858 5884 10287 94 10154 1650 10154 6413 -1 
3714 1781950511 1781950511 2 2675134 8446 10273 8194 10252 3969 10162 5745 10084 2912 -1 
5386 1781950511 1781950511 2 2678317 6247 10037 2206 10032 9927 10032 9927 10092 4412 -1 
3965 1781950511 1781950511 2 2667917 7314 10007 1737 10007 645 10092 9563 10447 548 10050 4730 -1 
11316 1781950511 1781950511 2 2678170 10393 37 10315 2491 10176 1082 10092 2368 -1 
10969 1781950511 1781950511 2 2678191 5445 10691 5445 10691 1005 10032 4782 10032 823 10032 842 -1 
1635 1781950511 1781950511 2 2676675 7730 10032 9776 10032 5202 10032 4640 10032 9645 -1 
2954 1781950511 1781950511 2 2672033 518 10032 340 10032 6770 10032 8931 10032 3934 -1 
330 1781950511 1781950511 2 2670024 10942 4648 10131 9768 10054 3791 10054 8266 10092 4219 -1 
5190 1781950511 1781950511 2 2675134 4211 10032 2161 10032 7475 10224 3911 10084 2912 -1 
5697 1781950511 1781950511 2 2670372 7073 10050 5826 10019 9889 10019 3633 10019 1413 -1 
4625 1781950511 1781950511 2 2677446 1563 10007 542 10032 6747 10032 3285 10032 6203 10637 -1 
9914 1781950511 1781950511 2 2667331 7066 10019 3341 10019 6402 10019 1516 10064 6509 -1 
10238 1781950511 1781950511 2 2677461 6604 10154 519 10212 519 10212 519 10154 6413 -1 
10655 1781950511 1781950511 2 2678237 9425 10174 3911 10006 6937 10006 8252 10006 74 -1 
10858 1781950511 1781950511 2 2678191 1413 10032 8517 10032 412 10032 6770 10032 842 -1 
5002 1781950511 1781950511 2 2667270 7695 10011 8076 10264 4694 10278 8461 10278 548 10050 2260 -1 
5212 1781950511 1781950511 2 2676675 4523 10063 5792 10032 9285 10032 904 10032 2206 10032 9645 -1 
9018 1781950511 1781950511 2 2675621 5885 10146 1031 10006 3384 10006 869 10006 13 10006 7002 -1 
260 1781950511 1781950511 2 2672033 7030 10024 5071 10024 4230 10032 7491 10032 4367 10032 3934 -1 
10697 1781950511 1781950511 2 2677461 5415 10032 8225 10092 478 10154 519 10154 1650 10154 6413 -1 
11266 1781950511 1781950511 2 2672033 5038 10032 412 10032 5202 10032 9760 10032 6686 10032 3934 -1 
10367 1781950511 1781950511 2 2675883 7437 10052 409 10005 417 10005 6121 10029 9053 10029 9053 10029 3578 -1 
5805 1781950511 1781950511 2 2678191 5559 10227 505 10032 1644 10032 9864 10032 9129 10032 9927 10032 842 -1 
11833 1781950511 1781950511 2 2677461 9581 10032 340 10032 3512 10032 4912 10032 9827 10032 5930 10154 6413 -1 
3129 1781950511 1781950511 2 2628088 6949 10044 2165 10031 7005 -1 
5299 1781950511 1781950511 2 2651765 8908 10044 2165 10105 7323 -1 
5716 1781950511 1781950511 2 2552384 5898 10343 7937 10153 4114 -1 
7654 1781950511 1781950511 2 2676504 4109 10237 4952 10412 529 -1 
7763 1781950511 1781950511 2 2674557 335 10019 2003 10019 7622 10267 4874 -1 
9084 1781950511 1781950511 2 2674838 1069 10362 1069 10356 -1 
10470 1781950511 1781950511 2 2603538 4744 10127 1297 10127 2919 -1 
9232 1781950511 1781950511 2 2674203 5219 10152 8054 10152 2337 10152 778 -1 
9729 1781950511 1781950511 2 2674203 9160 10152 6196 10152 2337 10152 778 -1 
9410 1781950511 1781950511 2 2677131 907 10152 1760 10152 9160 10152 2337 10152 7987 -1 
11718 1781950511 1781950511 2 2675386 6450 10030 4391 10030 4391 10030 8222 10030 6113 -1 
10794 1781950511 1781950511 2 2677131 7271 10152 8380 10152 8114 10152 8054 10152 2337 10152 7987 -1 
11320 1781950511 1781950511 2 2667933 6778 10031 964 10356 964 10105 5671 10105 2165 10449 7415 -1 
10727 1781950511 1781950511 2 2673259 1182 10444 2165 10124 1775 -1 
9856 1781950511 1781950511 2 2675072 5177 10030 615 10030 4391 10030 867 10460 7410 10417 -1 
8352 1781950511 1781950511 2 2674740 10024 4663 10091 6235 10091 8782 10561 7576 -1 
156 1781950511 1781950511 2 2669820 10496 101 10082 1599 -1 
1673 1781950511 1781950511 2 2643476 6787 10507 7118 10152 2763 -1 
595 1781950511 1781950511 2 2635198 1906 10377 1091 10206 9241 10033 7074 -1 
1170 1781950511 1781950511 2 2675259 6406 10766 4383 10766 101 10082 7495 -1 
1357 1781950511 1781950511 2 2650444 7150 10673 3239 10673 7150 10673 101 10082 1714 -1 
6894 1781950511 1781950511 2 2668615 861 10229 7262 10031 1972 -1 
7168 1781950511 1781950511 2 2580063 1123 10369 2393 10369 101 10041 4942 -1 
6304 1781950511 1781950511 2 2609589 7414 10054 3918 10054 8214 10149 1030 10691 5445 -1 
6780 1781950511 1781950511 2 2661711 3464 10032 1252 10633 9449 10278 9049 10158 4117 -1 
7855 1781950511 1781950511 2 2674059 3424 10032 6029 10032 6203 10406 7462 10360 1079 -1 
6428 1781950511 1781950511 2 2672403 8636 10176 2491 10092 9873 10032 9907 10032 8008 10032 6288 10132 243 -1 
11369 1781950511 1781950511 2 2678079 9885 10025 1925 10051 -1 
10430 1781950511 1781950511 2 2608072 3426 10216 1124 10216 5636 -1 
11550 1781950511 1781950511 2 2660172 8253 10153 9842 10153 9679 -1 
10839 1781950511 1781950511 2 2670208 7278 10033 8102 10837 6301 10467 5498 -1 
11021 1781950511 1781950511 2 2662421 3695 10147 6337 10147 6861 10605 9901 -1 
11454 1781950511 1781950511 2 2669070 8099 10140 281 10139 281 10158 6962 10688 4286 10408 196 -1 
357 1781950511 1781950511 2 2624083 6711 10774 3898 10770 5062 -1 
11634 1781950511 1781950511 2 2675259 7316 10033 6096 10408 5480 10724 101 10082 7495 -1 
619 1781950511 1781950511 2 2669194 6145 10076 170 10072 5447 10021 3961 -1 
8627 1781950511 1781950511 2 2664668 6625 10563 6960 10599 3226 10036 467 -1 
9137 1781950511 1781950511 2 2672492 6601 10146 101 10075 8277 10036 2997 -1 
10393 1781950511 1781950511 2 2641519 4560 10052 4052 10348 101 10602 101 10216 1329 -1 
11514 1781950511 1781950511 2 2606995 137 10082 1599 10082 101 10234 101 10124 8690 -1 
6734 1781950511 1781950511 2 2677988 3917 10006 9278 10253 4733 10366 1116 10366 8547 10033 239 -1 
1686 1781950511 1781950511 2 2666434 9904 10500 1550 10665 4898 -1 
2223 1781950511 1781950511 2 2611439 3279 10580 3279 10384 7896 10465 3671 -1 
4382 1781950511 1781950511 2 2672747 9731 10016 8450 10408 -1 
4583 1781950511 1781950511 2 2666138 3286 10461 976 10154 7316 10787 -1 
10688 1781950511 1781950511 2 2655012 4656 10036 8824 10003 7318 -1 
11187 1781950511 1781950511 2 2667144 5672 10124 8693 10052 3604 -1 
11384 1781950511 1781950511 2 2675742 4779 10408 9613 10021 3283 -1 
9292 1781950511 1781950511 2 2641996 4542 10158 922 10158 9927 10038 5625 -1 
10209 1781950511 1781950511 2 2678171 6407 10033 2007 10033 1156 10078 5231 -1 
10262 1781950511 1781950511 2 2666522 2808 10038 128 10038 9957 10031 139 -1 
11200 1781950511 1781950511 2 2675672 2914 10033 5531 10038 257 10038 9120 -1 
11778 1781950511 1781950511 2 2674075 278 10051 6812 10051 3332 10033 4978 -1 
9586 1781950511 1781950511 2 2675072 7480 10038 1749 10417 7444 10417 2445 10417 7410 -1 
11503 1781950511 1781950511 2 2638185 7750 10048 4690 10048 1301 10048 1612 10347 3099 -1 
9678 1781950511 1781950511 2 2674310 8733 10557 5038 10692 2809 10126 9979 10085 7052 10087 6109 -1 
10886 1781950511 1781950511 2 2676218 4254 10038 128 10038 2864 10033 6387 10033 9927 10038 2873 -1 
1655 1781950511 1781950511 2 2675572 1723 10008 8353 10008 6295 10032 9927 10033 337 -1 
3104 1781950511 1781950511 2 2664805 6767 10198 9792 10287 6606 10567 -1 
3968 1781950511 1781950511 2 2674740 10900 7852 10088 9898 10561 7576 -1 
9910 1781950511 1781950511 2 2677186 6691 10016 5547 10016 7182 10297 7768 -1 
10809 1781950511 1781950511 2 2666307 7470 10228 2470 10228 4810 10438 2483 -1 
4503 1781950511 1781950511 2 2662421 5292 10019 9580 10019 3025 10019 9901 10605 -1 
9795 1781950511 1781950511 2 2671062 1540 10153 6625 10032 8528 10032 9927 10038 2794 -1 
4648 1781950511 1781950511 2 2674327 10666 8186 10019 2021 10019 1516 10064 1597 10031 3562 -1 
11611 1781950511 1781950511 2 2646755 10312 4888 10312 5319 10064 9512 10064 9883 10064 5679 10140 -1 
9819 1781950511 1781950511 2 2666138 1972 10054 7583 10016 1597 10937 1597 10064 7316 10787 -1 
10049 1781950511 1781950511 2 2626238 3655 10640 8794 10417 1761 -1 
10439 1781950511 1781950511 2 2656508 5389 10920 6222 10126 422 -1 
10952 1781950511 1781950511 2 2675661 2919 10664 3985 10124 5183 -1 
9270 1781950511 1781950511 2 2671435 68 10033 5630 10033 9894 10031 2806 10392 7009 10309 6818 -1 
11985 1781950511 1781950511 2 2675661 2469 10195 1565 10195 7619 10195 8810 10736 6081 10124 5183 -1 
8384 1781950511 1781950511 2 2672121 2593 10278 8899 10392 5066 10127 5066 -1 
8653 1781950511 1781950511 2 2667707 1046 10032 7227 10032 2933 10392 2806 10031 9016 -1 
459 1781950511 1781950511 2 2675701 2577 10207 101 10139 9489 10139 -1 
996 1781950511 1781950511 2 2669066 10810 4015 10753 4080 10247 4879 10216 5162 -1 
393 1781950511 1781950511 2 2671888 4373 10277 7147 10277 3726 10851 9979 10040 7443 -1 
8044 1781950511 1781950511 2 2673656 6181 10053 9852 10053 752 10007 5760 10348 3510 -1 
10116 1781950511 1781950511 2 2667144 5679 10459 2368 10052 3604 -1 
9679 1781950511 1781950511 2 2678156 8155 10195 2504 10195 711 10195 -1 
9828 1781950511 1781950511 2 2676526 7310 10085 8850 10072 1059 10551 8290 -1 
10962 1781950511 1781950511 2 2676659 10158 964 10105 26 10027 1678 10033 780 -1 
11332 1781950511 1781950511 2 2674682 7173 10033 9208 10033 8538 10007 2997 10036 1356 -1 
11850 1781950511 1781950511 2 2672747 8892 10159 9098 10159 6962 10688 4286 10408 8450 10408 -1 
6198 1781950511 1781950511 2 2671565 7475 10032 542 10778 101 10274 733 10274 -1 
8324 1781950511 1781950511 2 2668469 9657 10092 7354 10176 3632 10395 4935 10273 4891 10033 2459 -1 
10067 1781950511 1781950511 2 2674579 7294 10211 6350 10413 7360 10211 4955 -1 
6578 1781950511 1781950511 2 2678345 8316 10037 8446 10037 780 10033 3865 -1 
7157 1781950511 1781950511 2 2674751 8482 10749 860 10320 4040 10017 23 -1 
11156 1781950511 1781950511 2 2675817 10048 68 10043 3289 10043 3283 10033 2810 -1 
10639 1781950511 1781950511 2 2673942 6401 10445 4172 10015 0 10072 576 10152 9339 -1 
6129 1781950511 1781950511 2 2671435 4820 10072 364 10072 119 10072 7009 10309 6818 -1 
11333 1781950511 1781950511 2 2677903 8554 10281 1596 10281 7068 10281 3293 10134 4233 -1 
257 1781950511 1781950511 2 2676504 5905 10237 1463 10412 529 -1 
1779 1781950511 1781950511 2 2665544 2236 10178 471 10033 3777 -1 
138 1781950511 1781950511 2 2665350 8998 10751 6753 10251 6952 10031 7429 -1 
5543 1781950511 1781950511 2 2674641 1427 10064 411 10033 695 -1 
9873 1781950511 1781950511 2 2658269 8799 10176 8804 10127 3114 -1 
10006 1781950511 1781950511 2 2615139 1280 10251 2439 10694 7825 -1 
10831 1781950511 1781950511 2 2675072 9909 10005 9191 10417 7410 -1 
11682 1781950511 1781950511 2 2623129 5243 10032 4927 10455 8871 -1 
9659 1781950511 1781950511 2 2677722 2655 10033 5481 10038 9931 10038 7420 10127 -1 
9981 1781950511 1781950511 2 2677690 9933 10035 54 10035 4810 10035 2341 10035 -1 
10862 1781950511 1781950511 2 2676354 8933 10104 5744 10104 3455 10019 897 10033 1490 -1 
11088 1781950511 1781950511 2 2659411 6089 10055 529 10031 529 10034 6049 10038 5714 -1 
10356 1781950511 1781950511 2 2677391 4254 10038 8698 10033 6661 10033 9927 10038 128 10038 -1 
9965 1781950511 1781950511 2 2675072 6116 10033 6161 10467 5781 10467 6161 10231 2464 10272 956 10417 7410 10417 -1 
3693 1781950511 1781950511 2 2644915 10829 655 10084 8892 10246 7029 -1 
5343 1781950511 1781950511 2 2666434 9726 10141 1550 10665 4898 10665 -1 
4395 1781950511 1781950511 2 2677722 7743 10540 9354 10054 5778 10127 7420 -1 
4365 1781950511 1781950511 2 2677722 1511 10029 5635 10029 5066 10127 7420 -1 
5722 1781950511 1781950511 2 2675701 9009 10019 1451 10019 281 10139 9489 -1 
10361 1781950511 1781950511 2 2672066 6392 10202 1516 10064 411 10033 5601 -1 
10445 1781950511 1781950511 2 2667845 3604 10052 490 10034 3026 10034 7917 10040 409 -1 
1372 1781950511 1781950511 2 2668790 8204 10005 1727 10005 7133 10033 7590 10752 -1 
3530 1781950511 1781950511 2 2659526 10875 6553 10032 336 10032 9355 10052 4703 -1 
11849 1781950511 1781950511 2 2677277 6161 10231 6707 10005 3864 10034 4879 10038 5527 -1 
10097 1781950511 1781950511 2 2669911 801 10029 3700 10029 5635 10029 5777 10105 964 -1 
11622 1781950511 1781950511 2 2677131 10333 8354 10019 7376 10315 213 10092 9339 10152 7987 -1 
2003 1781950511 1781950511 2 2676413 6127 10064 276 10064 1527 10006 730 10034 4879 10038 4774 -1 
4146 1781950511 1781950511 2 2673942 9159 10050 9518 10050 3911 10092 1238 10092 9339 10152 9339 -1 
5042 1781950511 1781950511 2 2678121 8686 10019 9102 10019 335 10019 8955 10019 897 10195 2495 -1 
10999 1781950511 1781950511 2 2675072 2108 10038 1525 10006 9408 10006 6340 10005 1727 10005 490 10417 7410 -1 
5600 1781950511 1781950511 2 2661471 5042 10611 7080 10611 7080 10611 5033 10132 4111 10055 8874 -1 
8889 1781950511 1781950511 2 2673065 10825 3502 10093 1144 10035 1793 -1 
6957 1781950511 1781950511 2 2673817 2235 10053 2207 10593 3168 10040 6912 -1 
8200 1781950511 1781950511 2 2619094 679 10118 2226 10146 9809 10146 5116 -1 
7181 1781950511 1781950511 2 2677160 9767 10176 517 10315 2492 10315 4585 10031 6064 10031 1959 -1 
7397 1781950511 1781950511 2 2674722 7328 10109 260 10109 1706 10109 1706 10109 5033 10132 243 10132 324 -1 
9886 1781950511 1781950511 2 2673324 9317 10146 267 10146 9317 10146 91 -1 
10344 1781950511 1781950511 2 2676523 8139 10146 9627 10146 513 10146 6785 10146 5006 -1 
11793 1781950511 1781950511 2 2676523 9109 10146 9937 10146 513 10146 6785 10146 5006 -1 
10765 1781950511 1781950511 2 2677883 5814 10268 1782 10268 1782 10268 4930 10056 4971 10056 602 -1 
9642 1781950511 1781950511 2 2673240 2503 10148 2424 10148 9695 10148 554 10148 554 10031 9987 10093 9933 10272 9933 -1 
4007 1781950511 1781950511 2 2673001 4907 10526 6522 10764 9468 10764 9468 -1 
4488 1781950511 1781950511 2 2674796 5872 10462 5013 10289 4942 10041 7111 10041 -1 
9300 1781950511 1781950511 2 2660833 2311 10294 6312 10605 8086 10444 2165 10105 1683 10052 8808 -1 
701 1781950511 1781950511 2 2670208 8541 10259 60 10467 5498 10467 -1 
2234 1781950511 1781950511 2 2582748 10516 101 10087 152 10087 4568 -1 
566 1781950511 1781950511 2 2676598 6580 10377 6459 10033 6667 10033 5358 -1 
1093 1781950511 1781950511 2 2597403 978 10208 101 10449 1688 10449 3533 -1 
1375 1781950511 1781950511 2 2675481 106 10065 4957 10147 3146 10147 7160 -1 
7658 1781950511 1781950511 2 2674174 8258 10032 944 10054 6428 10387 1004 10033 915 -1 
10372 1781950511 1781950511 2 2678079 10573 3758 10363 2589 10071 6824 10051 1925 -1 
10362 1781950511 1781950511 2 2671468 7270 10652 7270 10652 3033 10094 101 10440 3168 10040 7292 -1 
1318 1781950511 1781950511 2 2675714 9263 10221 3030 10195 462 10195 3130 -1 
1503 1781950511 1781950511 2 2670213 10651 4676 10512 101 10087 152 10087 237 -1 
6598 1781950511 1781950511 2 2646763 2557 10032 670 10778 5213 10499 6631 10499 5679 -1 
8480 1781950511 1781950511 2 2674174 8190 10006 9122 10090 7168 10056 3218 10033 915 -1 
11547 1781950511 1781950511 2 2665844 6210 10281 7075 10134 3582 10038 62 -1 
9650 1781950511 1781950511 2 2677131 10445 5613 10445 4172 10445 615 10044 7923 10179 778 10152 7987 -1 
58 1781950511 1781950511 2 2677883 3271 10528 2867 10090 7168 10056 5228 10056 602 -1 
7384 1781950511 1781950511 2 2674946 6405 10032 6056 10007 6428 10387 1004 10033 3523 -1 
6862 1781950511 1781950511 2 2674946 7847 10201 101 10281 5904 10033 6989 10033 3523 -1 
1481 1781950511 1781950511 2 2659526 685 10262 101 10568 3601 10568 101 10094 3952 10052 4703 -1 
3813 1781950511 1781950511 2 2675817 7215 10413 6588 10387 1004 10033 2810 -1 
4991 1781950511 1781950511 2 2678064 4024 10015 157 10031 1959 10031 8413 -1 
5604 1781950511 1781950511 2 2624102 4534 10296 3187 10031 9150 10031 5189 -1 
5742 1781950511 1781950511 2 2668105 10648 7683 10129 7683 10247 4970 10033 1587 10752 4273 -1 
9872 1781950511 1781950511 2 2648971 8220 10146 2390 10055 324 10055 4165 -1 
11001 1781950511 1781950511 2 2674946 1380 10033 9927 10033 1678 10033 3523 -1 
10230 1781950511 1781950511 2 2675572 6502 10033 5993 10033 3332 10033 3523 10033 337 -1 
10567 1781950511 1781950511 2 2678145 7287 10033 3952 10033 7605 10216 6475 10216 7612 -1 
10737 1781950511 1781950511 2 2652509 5039 10033 4254 10033 9484 10033 2007 10417 7604 -1 
11659 1781950511 1781950511 2 2666896 7460 10087 152 10087 717 10087 152 10087 4468 -1 
11814 1781950511 1781950511 2 2678345 8415 10272 689 10033 1156 10033 5358 10033 3865 -1 
11858 1781950511 1781950511 2 2672216 5412 10085 9780 10085 2921 10297 5766 10033 6051 -1 
11880 1781950511 1781950511 2 2676504 5415 10412 1464 10412 6721 10412 1464 10412 529 -1 
9661 1781950511 1781950511 2 2670875 5116 10146 9627 10146 1459 10146 1031 10146 6210 10146 7234 -1 
9864 1781950511 1781950511 2 2672211 1790 10520 2074 10211 4955 10211 576 10725 576 10356 5721 10409 -1 
9058 1781950511 1781950511 2 2674446 2554 10038 5642 10038 5338 10038 9848 10038 257 10038 128 10038 1373 -1 
9562 1781950511 1781950511 2 2676262 4035 10417 7161 10417 7444 10033 1406 10033 3332 10033 2007 10033 7330 -1 
10640 1781950511 1781950511 2 2675072 7858 10093 5458 10093 9911 10093 9933 10272 956 10417 490 10417 7410 -1 
9221 1781950511 1781950511 2 2674036 2159 10085 8692 10085 8238 10085 9403 10085 6961 10085 7052 10087 152 10087 6123 -1 
11299 1781950511 1781950511 2 2676964 9780 10085 6987 10085 5034 10085 6961 10085 8692 10085 7052 10087 152 10087 8248 -1 
1218 1781950511 1781950511 2 2676659 7483 10291 4755 10092 1156 10033 5618 10033 780 -1 
10751 1781950511 1781950511 2 2672506 750 10032 7421 10055 324 10055 6471 -1 
9504 1781950511 1781950511 2 2662367 10348 6604 10154 8016 10051 7365 10625 2748 -1 
10279 1781950511 1781950511 2 2676525 10387 2278 10038 1290 10038 3189 10034 8652 10038 9120 10038 6273 -1 
10823 1781950511 1781950511 2 2670570 10772 6000 10019 3610 10211 2563 10195 649 -1 
1223 1781950511 1781950511 2 2675259 10864 1366 10214 1191 10050 7708 10625 7495 10082 -1 
10425 1781950511 1781950511 2 2674379 7833 10006 240 10006 3332 10033 1004 10033 7786 -1 
4865 1781950511 1781950511 2 2677883 673 10174 861 10050 2694 10050 3940 10050 1612 10056 4971 10056 602 -1 
7184 1781950511 1781950511 2 2634430 5901 10935 4443 10040 1762 10348 5184 -1 
986 1781950511 1781950511 2 2639111 4620 10244 576 10280 9342 10280 1730 -1 
2127 1781950511 1781950511 2 2650404 6168 10111 2318 10195 9844 10031 3571 -1 
913 1781950511 1781950511 2 2669070 10732 4008 10907 2391 10546 2391 10408 196 -1 
6408 1781950511 1781950511 2 2677523 5912 10503 5398 10231 9093 10231 9093 -1 
8942 1781950511 1781950511 2 2677903 10260 5831 10134 9791 10134 4233 10134 -1 
9631 1781950511 1781950511 2 2673540 7012 10844 7344 10001 5726 10001 1 -1 
9854 1781950511 1781950511 2 2569675 4055 10489 2984 10297 9748 10297 8695 -1 
9390 1781950511 1781950511 2 2597480 602 10056 7316 10413 2999 10211 3447 10052 9629 -1 
9222 1781950511 1781950511 2 2677833 6199 10033 492 10033 247 10027 9894 10031 8523 10031 949 -1 
6194 1781950511 1781950511 2 2677180 9462 10072 0 10072 9991 10031 529 10412 2562 -1 
8008 1781950511 1781950511 2 2664305 10290 5041 10643 8449 10148 8893 10148 302 10148 -1 
11827 1781950511 1781950511 2 2653167 9909 10043 8081 10043 6983 10056 3218 10033 3200 -1 
10386 1781950511 1781950511 2 2669104 10132 3676 10033 3361 10033 4849 10000 0 10072 9969 10033 5358 10033 273 -1 
3003 1781950511 1781950511 2 2673232 1523 10049 653 10124 5421 10031 6039 -1 
3687 1781950511 1781950511 2 2677722 5899 10072 9927 10038 9865 10038 7420 10127 -1 
4484 1781950511 1781950511 2 2667938 9103 10471 4119 10053 1235 10231 4117 10158 4505 -1 
5504 1781950511 1781950511 2 2662869 1480 10025 1228 10538 1775 10052 9605 10052 6304 -1 
3102 1781950511 1781950511 2 2677883 4804 10090 7862 10090 9546 10056 804 10056 602 10056 -1 
9103 1781950511 1781950511 2 2677391 4526 10064 2801 10038 8610 10038 128 -1 
10090 1781950511 1781950511 2 2646237 4602 10477 8606 10545 2279 10545 8483 -1 
10308 1781950511 1781950511 2 2677883 7325 10177 982 10056 602 10056 602 -1 
10971 1781950511 1781950511 2 2662937 6983 10064 3297 10148 554 10148 1450 -1 
11448 1781950511 1781950511 2 2660408 4692 10019 2602 10087 152 10087 7370 -1 
10471 1781950511 1781950511 2 2678348 4375 10036 3976 10032 8413 10031 931 10031 1220 -1 
10973 1781950511 1781950511 2 2675801 2984 10093 6215 10448 530 10216 1338 10216 5173 -1 
3439 1781950511 1781950511 2 2677277 1575 10072 364 10072 0 10072 9462 10397 74 10038 1682 10038 5527 -1 
9174 1781950511 1781950511 2 2674585 6134 10153 3364 10019 605 10031 296 10031 554 -1 
9043 1781950511 1781950511 2 2672130 5804 10348 6604 10154 7322 10465 8726 10465 5655 10465 -1 
917 1781950511 1781950511 2 2665831 6866 10032 8909 10032 9901 10104 5842 10104 5842 -1 
943 1781950511 1781950511 2 2676598 1435 10054 3918 10054 9982 10356 1877 10033 5358 -1 
11155 1781950511 1781950511 2 2671825 780 10005 144 10005 9923 10356 1877 10033 2279 -1 
4385 1781950511 1781950511 2 2677391 7481 10397 163 10016 526 10034 3189 10038 6273 10038 128 -1 
11614 1781950511 1781950511 2 2675572 4542 10052 576 10211 195 10016 8050 10016 9916 10016 6474 10033 2007 10033 337 -1 
1576 1781950511 1781950511 2 2676659 1269 10076 4366 10076 6353 10084 9957 10176 1612 10050 548 10050 3872 10092 897 10033 1490 10033 780 -1 
3301 1781950511 1781950511 2 2669258 10677 7764 10394 3347 10412 1463 10412 1464 -1 
8795 1781950511 1781950511 2 2671468 2450 10092 1516 10092 5579 10056 8707 10056 3168 10040 7292 -1 
9522 1781950511 1781950511 2 2678345 10158 5344 10158 777 10033 1490 10033 3865 -1 
10314 1781950511 1781950511 2 2657030 10696 1465 10696 2415 10696 297 10033 1406 -1 
4262 1781950511 1781950511 2 2669911 8582 10218 475 10052 6865 10052 964 10105 964 -1 
5631 1781950511 1781950511 2 2616547 3694 10472 1571 10274 733 10274 733 10274 5471 -1 
1727 1781950511 1781950511 2 2676397 10517 482 10138 654 10138 1334 10138 9337 -1 
9201 1781950511 1781950511 2 2673280 5969 10033 910 10033 8547 10033 9977 10033 4425 10033 7590 -1 
9332 1781950511 1781950511 2 2675740 6161 10467 442 10158 9843 10348 3952 10033 6829 10445 4172 -1 
127 1781950511 1781950511 2 2677575 4841 10190 7286 10309 3487 10052 964 10052 1615 -1 
510 1781950511 1781950511 2 2670063 8175 10413 8669 10031 9942 10031 529 10031 3168 -1 
10360 1781950511 1781950511 2 2677588 7741 10033 2639 10033 9894 10027 498 10033 3024 10031 9942 10031 9942 -1 
11199 1781950511 1781950511 2 2678079 10928 101 10672 101 10071 6824 10071 6824 10051 1925 -1 
8214 1781950511 1781950511 2 2678345 1488 10072 119 10072 119 10072 6428 10387 1004 10033 239 10033 3865 -1 
1354 1781950511 1781950511 2 2674838 4377 10084 2912 10038 128 10038 1069 10356 -1 
713 1781950511 1781950511 2 2673065 1722 10076 4625 10035 5482 10035 1144 10035 1793 -1 
5695 1781950511 1781950511 2 2676523 6716 10015 135 10015 2128 10015 5496 10146 7588 10146 1637 10146 5006 -1 
9747 1781950511 1781950511 2 2665685 5638 10005 4870 10451 9414 10451 9414 10451 -1 
9089 1781950511 1781950511 2 2668156 3195 10146 1031 10146 9807 10146 7992 10146 6210 -1 
11106 1781950511 1781950511 2 2628668 7271 10152 6679 10134 3062 10001 3808 10001 3808 -1 
11282 1781950511 1781950511 2 2667843 5114 10038 128 10038 9957 10031 529 10033 3024 10031 1539 -1 
9960 1781950511 1781950511 2 2661912 10146 4752 10146 6601 10146 1031 10138 2528 10138 7753 10138 3899 -1 
11612 1781950511 1781950511 2 2676964 10658 772 10127 2919 10127 2277 10085 7052 10087 237 10087 152 10087 8248 -1 
9370 1781950511 1781950511 2 2677678 907 10152 6817 10152 3741 10152 576 10211 766 10211 74 10031 9942 10031 9875 -1 
402 1781950511 1781950511 2 2660249 1264 10032 134 10134 5479 10134 5479 10134 8282 -1 
4507 1781950511 1781950511 2 2665839 6288 10032 8970 10030 6113 10030 4391 10030 615 -1 
11096 1781950511 1781950511 2 2674796 5072 10662 7616 10041 66 10041 4942 10041 7111 -1 
794 1781950511 1781950511 2 2675837 7458 10032 823 10032 1005 10691 6944 10040 529 10031 8523 -1 
1535 1781950511 1781950511 2 2666307 6753 10720 6353 10084 8392 10084 1059 10052 8808 10052 2483 10438 -1 
11520 1781950511 1781950511 2 2670749 4955 10211 766 10016 6402 10084 5829 10052 4052 10348 1069 10440 -1 
9100 1781950511 1781950511 2 2674563 10675 4443 10019 2380 10019 9434 10064 2947 10038 9848 10038 7590 10033 1562 -1 
3822 1781950511 1781950511 2 2624049 4173 10544 6595 10031 8466 10031 8917 10031 5188 -1 
4693 1781950511 1781950511 2 2672896 5402 10322 3544 10446 3952 10033 2279 10033 8481 -1 
11661 1781950511 1781950511 2 2678064 10593 3168 10708 3200 10033 529 10031 9942 10031 8413 -1 
7504 1781950511 1781950511 2 2673240 5799 10114 7811 10076 3648 10093 2074 10093 9933 10272 9933 -1 
10054 1781950511 1781950511 2 2662034 10344 8086 10436 1938 10148 8101 10148 2520 10148 2424 -1 
9760 1781950511 1781950511 2 2660093 8744 10072 576 10348 2543 10093 8895 10093 4682 -1 
9315 1781950511 1781950511 2 2676430 10682 2674 10000 1270 10148 1450 10148 554 10031 9150 -1 
9560 1781950511 1781950511 2 2666891 2338 10124 653 10106 7694 10567 5518 10040 1538 10093 2191 -1 
11700 1781950511 1781950511 2 2669217 6680 10033 794 10044 5777 10105 964 10052 9605 10052 4560 -1 
6906 1781950511 1781950511 2 2678310 7687 10269 8313 10830 8203 10031 4925 10031 554 10031 931 -1 
11421 1781950511 1781950511 2 2677046 10886 7966 10007 2333 10007 1084 10031 529 10031 1721 10031 222 -1 
1189 1781950511 1781950511 2 2677486 2820 10128 5138 10032 7513 10003 4 10003 4 10003 7889 -1 
1821 1781950511 1781950511 2 2661789 4802 10884 4421 10237 1463 10412 1463 10412 4555 10038 1813 -1 
4848 1781950511 1781950511 2 2672763 9159 10552 8562 10038 8610 10038 9865 10038 9191 -1 
5298 1781950511 1781950511 2 2643476 2868 10154 9136 10901 7680 10152 8114 10152 2763 -1 
5718 1781950511 1781950511 2 2677575 4635 10092 1984 10052 964 10105 964 10052 1615 -1 
4087 1781950511 1781950511 2 2675701 2721 10611 2923 10032 9489 10139 9489 10139 281 10139 9489 -1 
9239 1781950511 1781950511 2 2677180 1063 10064 3197 10031 529 10031 529 10412 2562 -1 
10033 1781950511 1781950511 2 2674036 6584 10019 5415 10126 4263 10087 152 10087 6123 -1 
10139 1781950511 1781950511 2 2678310 2338 10064 6326 10033 5358 10033 2007 10031 931 -1 
10175 1781950511 1781950511 2 2677588 7822 10592 7331 10148 554 10031 9942 10031 9942 -1 
11074 1781950511 1781950511 2 2649586 9874 10032 9992 10033 8988 10038 7304 10040 1538 -1 
11786 1781950511 1781950511 2 2675404 7991 10348 576 10725 576 10446 6075 10446 1469 10446 4745 -1 
148 1781950511 1781950511 2 2674879 2230 10500 3025 10715 8681 10031 529 10031 529 10033 1678 -1 
1627 1781950511 1781950511 2 2676262 6687 10079 9018 10032 9796 10032 1567 10033 4891 10033 3523 10033 7330 -1 
9637 1781950511 1781950511 2 2659347 3671 10154 8827 10154 1059 10654 1059 10033 9435 10038 8610 -1 
11473 1781950511 1781950511 2 2676508 6233 10178 6100 10178 471 10033 5358 10033 1004 10033 6389 -1 
11247 1781950511 1781950511 2 2663317 8699 10408 576 10725 6833 10251 4053 10148 3373 10148 554 10148 5638 -1 
727 1781950511 1781950511 2 2678156 1648 10032 4401 10032 4625 10195 7746 10195 1161 10195 711 10195 -1 
7689 1781950511 1781950511 2 2677180 6178 10032 4567 10149 6131 10038 9848 10038 913 10033 529 10412 2562 -1 
11537 1781950511 1781950511 2 2676005 6306 10033 658 10003 2758 10146 6210 10146 9537 10146 1637 10146 4458 -1 
7249 1781950511 1781950511 2 2676754 1226 10006 8499 10033 2972 10033 2007 10031 8523 10031 4145 -1 
10801 1781950511 1781950511 2 2677523 23 10017 4185 10593 5514 10593 593 10231 9093 10231 9093 -1 
7710 1781950511 1781950511 2 2675740 6419 10618 353 10284 3099 10347 7786 10105 964 10216 966 -1 
1087 1781950511 1781950511 2 2678145 4571 10592 4443 10040 5777 10052 964 10216 7612 10216 -1 
4527 1781950511 1781950511 2 2674405 10627 3312 10593 9200 10195 462 10195 3598 10195 6286 -1 
4423 1781950511 1781950511 2 2673568 7623 10075 6577 10035 2164 10035 5438 10035 1144 10035 4655 -1 
9229 1781950511 1781950511 2 2666002 6006 10038 257 10038 6944 10038 5642 10038 5481 10045 4623 -1 
10058 1781950511 1781950511 2 2677833 985 10031 2158 10031 9942 10031 529 10031 9839 10031 949 -1 
10065 1781950511 1781950511 2 2676104 8783 10509 6023 10509 579 10085 8838 10085 9453 10453 8024 10453 5001 -1 
3449 1781950511 1781950511 2 2678348 4225 10072 7770 10176 4694 10031 554 10031 9839 10031 931 10031 1220 -1 
446 1781950511 1781950511 2 2678345 7506 10317 9805 10084 2445 10052 964 10052 3024 10033 239 10033 3865 -1 
763 1781950511 1781950511 2 2672909 4460 10229 4889 10288 1622 10033 826 10033 8988 10038 2705 10038 9752 -1 
6150 1781950511 1781950511 2 2678145 7493 10667 7612 10216 7663 10216 1338 10216 966 10216 7612 -1 
7536 1781950511 1781950511 2 2667057 2500 10528 4012 10038 2007 10033 3952 10033 3777 10033 3316 -1 
11889 1781950511 1781950511 2 2676104 3985 10554 7041 10085 2277 10085 9453 10453 8024 10453 5001 -1 
8887 1781950511 1781950511 2 2674075 10306 4960 10018 5809 10038 9848 10038 128 10038 4483 10033 4978 -1 
7231 1781950511 1781950511 2 2660671 9158 10072 1059 10551 9300 10040 9968 10276 3168 10211 3304 -1 
7411 1781950511 1781950511 2 2678156 9257 10072 6317 10036 1200 10036 8318 10195 5073 10195 711 -1 
6997 1781950511 1781950511 2 2678121 8967 10050 3681 10072 7746 10195 1954 10195 462 10195 3130 10195 2495 -1 
8707 1781950511 1781950511 2 2677575 10261 8212 10261 9257 10072 0 10015 1289 10033 6051 10033 7278 10033 9664 10052 1615 -1 
1082 1781950511 1781950511 2 2674941 6004 10053 5161 10148 7012 10052 9605 10052 4560 10052 9664 -1 
1276 1781950511 1781950511 2 2670412 10733 8118 10094 3033 10094 3033 10094 3952 10348 1069 10873 -1 
4220 1781950511 1781950511 2 2674563 9078 10176 7780 10033 7780 10033 5618 10033 1004 10033 1562 -1 
9748 1781950511 1781950511 2 2677883 5840 10092 4849 10033 8975 10033 2246 10056 5228 10056 602 -1 
11045 1781950511 1781950511 2 2678310 3510 10016 6358 10031 529 10031 1972 10031 529 10031 931 -1 
11707 1781950511 1781950511 2 2675837 572 10016 5777 10134 6120 10134 9791 10134 3355 10031 8523 -1 
9523 1781950511 1781950511 2 2677046 8250 10038 529 10034 529 10031 2806 10031 139 10031 9150 10031 222 -1 
11330 1781950511 1781950511 2 2678348 9644 10764 9644 10764 9644 10251 6952 10031 9016 10031 9839 10031 931 10031 1220 -1 
37 1781950511 1781950511 2 2677920 7400 10019 5337 10032 2072 10033 9969 10033 3024 10031 9150 10031 470 -1 
948 1781950511 1781950511 2 2674985 4964 10032 7606 10154 8804 10127 2277 10085 5169 10391 1536 10126 4466 -1 
8794 1781950511 1781950511 2 2677575 686 10252 6780 10037 60 10033 52 10033 2007 10033 915 10033 1615 10052 -1 
8965 1781950511 1781950511 2 2669651 6825 10311 3462 10104 5773 10104 6550 10104 5204 10104 5842 10104 6122 -1 
10237 1781950511 1781950511 2 2674446 5572 10038 7890 10038 128 10038 4012 10038 9848 10038 9865 10038 1373 -1 
467 1781950511 1781950511 2 2674641 3970 10661 586 10031 9922 10031 1407 10031 554 10031 529 10033 695 -1 
3171 1781950511 1781950511 2 2675711 4819 10088 717 10453 6965 10453 9453 10087 237 10087 3635 10453 8024 -1 
18 1781950511 1781950511 2 2674941 5147 10100 9168 10051 366 10051 7909 10051 278 10052 2912 10052 9664 -1 
4086 1781950511 1781950511 2 2670583 3380 10154 273 10031 4483 10031 1521 10031 8902 10031 7179 10031 3574 -1 
9286 1781950511 1781950511 2 2674357 9489 10108 8436 10776 1923 10001 7344 10652 7270 10652 7270 10652 9879 -1 
1631 1781950511 1781950511 2 2666002 124 10076 3133 10092 8787 10449 1688 10449 3304 10033 9839 10033 723 10045 4623 -1 
3735 1781950511 1781950511 2 2677988 3380 10015 5128 10015 135 10015 1689 10254 6509 10038 128 10038 128 10038 7590 10033 1678 10033 239 -1 
11267 1781950511 1781950511 2 2674946 727 10114 189 10114 6484 10038 1105 10033 1023 10033 7131 10033 1678 10033 3523 -1 
11312 1781950511 1781950511 2 2678345 5601 10034 3211 10034 3864 10034 5777 10052 964 10105 964 10105 1678 10033 239 10033 3865 -1 
8548 1781950511 1781950511 2 2677903 3762 10019 9441 10019 9319 10151 8896 10151 2543 10038 8167 10297 9748 10297 6342 10134 4233 -1 
8853 1781950511 1781950511 2 2677833 7454 10275 26 10105 1136 10033 1289 10033 529 10031 8523 10031 1721 10031 949 -1 
9558 1781950511 1781950511 2 2677178 2739 10087 7052 10085 8838 10087 152 10087 152 10087 7370 10087 152 10087 7720 10509 -1 
2461 1781950511 1781950511 3 2639173 3163 10381 9002 10115 201 -1 
10149 1781950511 1781950511 3 2654423 8099 10140 281 10139 9489 10139 101 10512 101 10846 6084 -1 
1640 1781950511 1781950511 3 2673783 4382 10175 5503 10392 8794 -1 
7733 1781950511 1781950511 3 2669609 5627 10047 6520 10317 1459 -1 
4667 1781950511 1781950511 3 2663270 295 10072 119 10072 9974 10072 119 10072 4954 10076 4815 10076 170 10770 -1 
5478 1781950511 1781950511 3 2645060 9935 10092 482 10591 -1 
4530 1781950511 1781950511 3 2677590 9912 10025 2172 10222 403 -1 
3835 1781950511 1781950511 3 2677590 122 10072 7384 10072 9927 10222 403 -1 
444 1781950511 1781950511 3 2662866 4930 10560 4930 10050 192 10461 471 -1 
9763 1781950511 1781950511 3 2673571 9874 10032 9 10007 1171 -1 
10282 1781950511 1781950511 3 2669220 10333 8354 10019 8291 10545 -1 
5540 1781950511 1781950511 3 2677927 6420 10176 5861 10176 2666 10072 6317 -1 
11855 1781950511 1781950511 3 2677927 10866 3137 10415 843 10204 2666 10072 6317 -1 
4834 1781950511 1781950511 3 2673571 8574 10032 3148 10032 6512 10032 542 10007 1171 -1 
3890 1781950511 1781950511 3 2670642 10565 2391 10907 2391 -1 
4144 1781950511 1781950511 3 2663955 3451 10090 3294 10774 3898 10770 170 10536 -1 
6133 1781950511 1781950511 3 1865215 10439 5367 10789 7298 -1 
6832 1781950511 1781950511 3 2672169 7459 10032 5032 10032 1156 10032 4338 10032 2260 10015 5800 -1 
6548 1781950511 1781950511 3 2655979 3769 10033 6829 10040 807 10835 807 -1 
6196 1781950511 1781950511 3 2666094 2450 10050 6578 10056 602 10056 6983 10000 6606 -1 
6837 1781950511 1781950511 3 2671573 8633 10276 4721 10276 6175 10276 101 10298 -1 
6671 1781950511 1781950511 3 2677965 4456 10032 6393 10078 3664 10078 4111 10132 8862 10055 3288 10055 -1 
3634 1781950511 1781950511 3 2677965 7307 10055 2843 10055 324 10055 8862 10055 2722 10055 3288 10055 -1 
4110 1781950511 1781950511 3 2673727 4700 10217 7961 10175 3752 -1 
4181 1781950511 1781950511 3 2654414 10275 1829 10275 5427 10654 -1 
3633 1781950511 1781950511 3 2645060 5951 10121 1893 10461 482 10591 -1 
1726 1781950511 1781950511 3 2677927 7761 10009 5745 10072 364 10072 6317 -1 
3689 1781950511 1781950511 3 2605114 10817 8178 10950 6171 10802 8859 -1 
5832 1781950511 1781950511 3 2677927 9974 10050 9996 10072 119 10072 6317 -1 
869 1781950511 1781950511 3 2666094 10828 86 10032 9216 10000 0 10000 6606 -1 
5874 1781950511 1781950511 3 2654414 598 10412 4016 10739 5427 10654 -1 
4743 1781950511 1781950511 3 2668054 3855 10301 9288 10172 9368 10172 7084 -1 
888 1781950511 1781950511 3 2673727 6669 10309 3985 10183 8456 10175 3752 -1 
2809 1781950511 1781950511 3 2668054 4019 10446 4866 10172 7010 10172 7084 -1 
5884 1781950511 1781950511 3 2658167 596 10121 3254 10047 150 10015 8401 10015 794 -1 
8422 1781950511 1781950511 3 2668054 5275 10177 8553 10865 9288 10172 8405 10172 8575 10172 7084 -1 
10453 1781950511 1781950511 3 2673727 638 10031 157 10015 150 10015 1456 10015 8456 10175 3752 -1 
9022 1781950511 1781950511 3 2669220 5479 10134 134 10032 184 10054 8866 10537 8839 10015 0 10072 8291 10545 -1 
5136 1781950511 1781950511 3 2677698 10693 1648 10024 4526 -1 
4754 1781950511 1781950511 3 2673970 6613 10072 9583 10839 3248 10009 2045 10865 -1 
10300 1781950511 1781950511 3 2617715 7066 10031 3555 10019 643 -1 
10317 1781950511 1781950511 3 2678170 7048 10031 1271 10031 529 10031 2516 10031 5307 10031 954 10031 4585 10092 2368 -1 
5033 1781950511 1781950511 3 2665644 6719 10074 4390 10070 3163 10092 79 -1 
7048 1781950511 1781950511 3 2666025 2609 10032 6476 10544 6476 10032 8224 -1 
6739 1781950511 1781950511 3 2656174 6216 10054 690 10149 6495 -1 
7538 1781950511 1781950511 3 2663916 9648 10176 9638 10204 7294 -1 
11751 1781950511 1781950511 3 2667331 2972 10033 6033 10056 3611 10064 6509 -1 
803 1781950511 1781950511 3 2658672 5121 10072 3083 10256 5367 -1 
8789 1781950511 1781950511 3 2667917 3969 10411 2745 10050 4730 -1 
2203 1781950511 1781950511 3 2677144 718 10360 579 10360 -1 
4516 1781950511 1781950511 3 2673085 3981 10007 5766 10016 7373 -1 
5951 1781950511 1781950511 3 2671367 720 10638 3293 10016 1753 -1 
4264 1781950511 1781950511 3 2666939 10301 101 10476 7670 10476 1704 10092 7485 -1 
6206 1781950511 1781950511 3 2664592 5807 10064 3197 10064 3059 -1 
8186 1781950511 1781950511 3 2639019 5884 10287 3284 10287 8754 -1 
6626 1781950511 1781950511 3 2678317 6618 10019 2106 10019 2368 10092 4412 -1 
8181 1781950511 1781950511 3 2672512 6692 10032 9862 10019 897 10092 913 -1 
8238 1781950511 1781950511 3 2665644 9283 10032 8889 10092 4219 10092 79 -1 
8534 1781950511 1781950511 3 2673085 5870 10016 766 10016 9720 10016 6973 10016 766 10016 8450 10016 7373 -1 
324 1781950511 1781950511 3 2678317 2802 10139 281 10092 4412 -1 
2962 1781950511 1781950511 3 2677913 32 10407 8019 10407 8278 10407 7415 10449 9991 10264 9991 -1 
7462 1781950511 1781950511 3 2669983 4464 10452 8350 10437 3302 10006 4294 -1 
8076 1781950511 1781950511 3 2671367 4923 10154 2529 10211 3582 10016 1753 -1 
6458 1781950511 1781950511 3 2677973 7348 10032 5155 10178 471 10211 3450 10016 723 -1 
72 1781950511 1781950511 3 2676675 10966 4648 10036 4609 10036 253 10032 9645 -1 
5195 1781950511 1781950511 3 2668047 4857 10151 8896 10151 9363 10049 7244 -1 
8746 1781950511 1781950511 3 2662922 4603 10040 9300 10040 6829 10012 9459 -1 
4587 1781950511 1781950511 3 2668723 7241 10855 8820 10855 9413 10855 1238 10855 -1 
7991 1781950511 1781950511 3 2678317 9384 10104 9584 10104 6550 10104 2368 10092 4412 -1 
3793 1781950511 1781950511 3 2670514 1146 10140 8099 10140 281 10158 4117 10158 4505 10158 4843 10034 7690 -1 
5650 1781950511 1781950511 3 2672512 5743 10076 9994 10076 3872 10092 913 -1 
8126 1781950511 1781950511 3 2678170 4772 10032 9333 10397 5205 10608 1326 10608 1326 10708 8869 10092 2368 -1 
578 1781950511 1781950511 3 2677913 4414 10199 6146 10264 9991 -1 
1830 1781950511 1781950511 3 2678191 1141 10222 9927 10032 842 -1 
6326 1781950511 1781950511 3 2648469 9918 10072 2379 10224 3086 -1 
6027 1781950511 1781950511 3 2674618 4237 10264 5819 10054 3371 10718 -1 
6864 1781950511 1781950511 3 2663916 10511 37 10374 1612 10204 7294 -1 
7596 1781950511 1781950511 3 2661273 8118 10176 6011 10049 3372 10355 -1 
7703 1781950511 1781950511 3 2678191 2599 10032 9113 10032 9927 10222 9927 10032 842 -1 
1078 1781950511 1781950511 3 2672512 3374 10072 9959 10072 6479 10092 913 -1 
2548 1781950511 1781950511 3 2670024 1906 10072 307 10072 9930 10092 4219 -1 
3444 1781950511 1781950511 3 2666025 2383 10412 542 10032 8224 -1 
5959 1781950511 1781950511 3 2668723 7286 10190 2389 10247 9339 10092 1238 10855 -1 
7099 1781950511 1781950511 3 2656174 419 10024 8872 10360 579 10149 6495 -1 
5075 1781950511 1781950511 3 2678170 940 10090 9876 10040 2543 10038 9927 10092 2368 -1 
272 1781950511 1781950511 3 2678317 9601 10031 4483 10038 9848 10038 9752 10038 9927 10092 4412 -1 
7137 1781950511 1781950511 3 2677698 7932 10024 7400 10024 7650 10024 4526 -1 
7947 1781950511 1781950511 3 2656749 3209 10032 4108 10092 2195 10092 4064 10350 3284 -1 
7690 1781950511 1781950511 3 2667917 8264 10008 3834 10008 7509 10176 548 10050 4730 -1 
6210 1781950511 1781950511 3 2670024 9334 10032 9041 10032 8387 10092 2005 10092 4219 -1 
6278 1781950511 1781950511 3 2667331 813 10114 5105 10374 8387 10092 5690 10064 6509 -1 
8122 1781950511 1781950511 3 2659793 4103 10118 2232 10459 3032 10092 9510 10006 9230 -1 
7916 1781950511 1781950511 3 2659793 8970 10006 9230 10006 1445 10006 9230 -1 
7058 1781950511 1781950511 3 2677973 7788 10016 9720 10016 9720 10016 5368 10016 8450 10016 766 10016 723 -1 
7307 1781950511 1781950511 3 2675883 6388 10923 8437 10006 7887 10029 3578 -1 
8112 1781950511 1781950511 3 2648414 1612 10229 8287 10229 8678 10595 1893 10908 -1 
7670 1781950511 1781950511 3 2672399 2594 10176 9463 10072 7317 10019 9316 10019 6771 -1 
10895 1781950511 1781950511 3 2678191 495 10056 1186 10056 3351 10269 9930 10092 9001 10032 842 -1 
8761 1781950511 1781950511 3 2667917 5229 10427 9953 10756 4321 10447 548 10050 4730 -1 
5809 1781950511 1781950511 3 2650113 10760 9097 10185 6441 10825 5261 10825 5983 -1 
5794 1781950511 1781950511 3 2677387 3479 10305 3996 10031 9839 10033 3974 10033 6121 10012 6121 10029 442 -1 
3993 1781950511 1781950511 3 2667270 10646 8899 10252 8678 10447 548 10050 2260 -1 
5066 1781950511 1781950511 3 2662927 10737 3547 10009 323 10372 9434 10019 5987 10019 3455 -1 
6488 1781950511 1781950511 3 2677461 9792 10032 6221 10032 3364 10154 1650 10154 6413 -1 
11465 1781950511 1781950511 3 2673085 8876 10211 3277 10016 7178 10016 5368 10016 7373 -1 
9294 1781950511 1781950511 3 2677698 742 10276 6175 10276 5004 10032 6760 10032 4056 10024 4526 -1 
7243 1781950511 1781950511 3 2677387 1822 10122 713 10012 4852 10012 6121 10029 442 -1 
8123 1781950511 1781950511 3 2663916 8812 10054 8053 10032 7895 10032 7931 10204 7294 -1 
6659 1781950511 1781950511 3 2678043 187 10032 5329 10032 7426 10032 6405 10032 1567 10006 4862 10006 8160 10006 3293 -1 
7274 1781950511 1781950511 3 2677387 8300 10006 1077 10006 9956 10006 7297 10697 7297 10006 9737 10006 6121 10029 442 -1 
710 1781950511 1781950511 3 2677698 10332 4267 10838 8702 10032 823 10032 4056 10024 4526 -1 
8951 1781950511 1781950511 3 2678191 3876 10072 307 10072 5203 10072 37 10202 163 10092 9927 10032 842 -1 
2600 1781950511 1781950511 3 2676675 3887 10443 3284 10687 4289 10092 6381 10032 1661 10032 9645 -1 
6165 1781950511 1781950511 3 2678170 447 10054 8304 10316 8403 10032 9001 10092 3872 10092 2368 -1 
8313 1781950511 1781950511 3 2678237 10420 1071 10007 4341 10006 9408 10006 3493 10006 630 10006 8160 10006 9335 10006 74 -1 
11464 1781950511 1781950511 3 2677155 6236 10147 3249 10147 8131 10147 9605 10147 3146 10432 3577 10147 1182 -1 
4283 1781950511 1781950511 3 2674771 6302 10019 9110 10152 3741 -1 
1847 1781950511 1781950511 3 2642221 7730 10032 7348 10032 304 10056 5988 -1 
5552 1781950511 1781950511 3 2661060 72 10237 6567 10032 1470 10309 7009 -1 
6220 1781950511 1781950511 3 2676413 200 10019 6246 10770 4805 10056 6448 10038 4774 -1 
6808 1781950511 1781950511 3 2677975 1612 10053 9252 10053 7497 10030 4391 10030 8222 10030 4100 -1 
3741 1781950511 1781950511 3 2677975 10044 4100 10030 4391 10030 8222 10030 4100 -1 
4071 1781950511 1781950511 3 2673259 6949 10044 2598 10183 3985 10124 5672 10124 7465 10124 1775 -1 
2330 1781950511 1781950511 3 2673259 8085 10107 7077 10124 4123 10124 5183 10124 7465 10124 1775 -1 
1076 1781950511 1781950511 3 2661992 793 10190 4962 10442 8148 10573 -1 
2574 1781950511 1781950511 3 2656317 5178 10176 4479 10283 5178 10152 4753 -1 
5454 1781950511 1781950511 3 2659869 5022 10521 6754 10216 530 -1 
5801 1781950511 1781950511 3 2673556 2416 10857 5743 10153 2566 -1 
8743 1781950511 1781950511 3 2674059 9873 10066 7462 10360 1079 -1 
4671 1781950511 1781950511 3 2670687 1623 10189 7014 10189 2636 10189 2949 10030 4622 -1 
966 1781950511 1781950511 3 2542257 304 10828 4908 10080 101 10246 9723 -1 
10128 1781950511 1781950511 3 2672747 8559 10153 9257 10092 4286 10408 8450 -1 
5958 1781950511 1781950511 3 2674059 7462 10406 5049 10406 7462 10360 1079 -1 
839 1781950511 1781950511 3 2677392 10913 813 10114 9521 10114 1740 10114 3611 10056 4971 -1 
2793 1781950511 1781950511 3 2642221 10878 6605 10176 5205 10176 3632 10176 9972 10056 5988 -1 
11364 1781950511 1781950511 3 2634709 764 10229 655 10084 8154 10229 7051 10176 4185 10330 2746 -1 
4006 1781950511 1781950511 3 2643931 3735 10408 3537 10356 9690 10481 7248 -1 
5267 1781950511 1781950511 3 2674682 3226 10036 467 10036 5631 10036 1356 -1 
4084 1781950511 1781950511 3 2671559 1910 10072 7326 10175 4864 10085 5975 -1 
4104 1781950511 1781950511 3 2675701 8432 10461 6534 10308 101 10139 9489 -1 
5115 1781950511 1781950511 3 2676526 5000 10910 5876 10076 3901 10010 4045 10551 8290 -1 
1028 1781950511 1781950511 3 2650444 4257 10204 3243 10204 9638 10428 101 10082 1714 -1 
5638 1781950511 1781950511 3 2673556 1461 10887 3529 10153 2566 -1 
4441 1781950511 1781950511 3 2677131 4201 10015 9917 10397 7987 10152 -1 
618 1781950511 1781950511 3 2650639 8158 10918 4873 10482 4542 -1 
7408 1781950511 1781950511 3 2664860 230 10788 6613 10072 119 10072 6588 10031 2683 -1 
5735 1781950511 1781950511 3 2664805 2815 10168 7194 10168 1228 10358 8754 10287 6606 10567 -1 
5918 1781950511 1781950511 3 2591058 7274 10412 6503 10412 6721 10412 2155 -1 
1225 1781950511 1781950511 3 2673568 10539 7443 10040 6829 10035 4810 10035 4655 -1 
5310 1781950511 1781950511 3 2672261 2421 10015 1189 10146 5805 10146 1061 10146 7566 -1 
8239 1781950511 1781950511 3 2672486 4615 10006 4970 10033 1235 10038 8988 10033 3332 10033 1426 -1 
8517 1781950511 1781950511 3 2678171 975 10019 6267 10092 1156 10078 5231 -1 
1270 1781950511 1781950511 3 2655146 6558 10647 4819 10092 9957 10038 9782 -1 
1431 1781950511 1781950511 3 2671451 10496 1221 10092 3088 10051 1347 -1 
5183 1781950511 1781950511 3 2665338 10503 5398 10228 4810 10438 1970 -1 
7939 1781950511 1781950511 3 2676323 4300 10109 5662 10034 9210 10034 8652 10038 4879 -1 
7074 1781950511 1781950511 3 2674563 9134 10005 4631 10005 2921 10297 5766 10016 9927 10033 1562 -1 
8345 1781950511 1781950511 3 2677690 7497 10072 4049 10228 4810 10035 2341 -1 
6106 1781950511 1781950511 3 2668504 10034 490 10092 9563 10229 2912 10625 -1 
7072 1781950511 1781950511 3 2677392 7100 10084 2686 10084 8518 10050 1612 10056 4971 -1 
7910 1781950511 1781950511 3 2666544 6066 10032 6221 10032 1755 10032 5225 10087 3305 -1 
3725 1781950511 1781950511 3 2676508 3898 10749 616 10031 1084 10031 3940 10084 1237 10092 1156 10033 6389 -1 
2063 1781950511 1781950511 3 2674639 10362 1069 10038 9865 10038 1069 10362 1069 10038 1646 -1 
10443 1781950511 1781950511 3 2671435 7355 10054 7821 10196 3364 10032 542 10032 9014 10392 7009 10309 6818 -1 
3696 1781950511 1781950511 3 2652531 10835 5132 10076 7937 10153 278 10246 -1 
3337 1781950511 1781950511 3 2676413 9197 10084 3126 10949 2912 10038 4774 -1 
3394 1781950511 1781950511 3 2634126 4202 10183 7415 10183 6818 10449 7139 -1 
2192 1781950511 1781950511 3 2674557 10893 3168 10440 4202 10555 9213 10267 4874 10267 -1 
1883 1781950511 1781950511 3 2671964 1945 10032 5689 10746 7949 10090 60 10078 343 -1 
11863 1781950511 1781950511 3 2657037 10687 3439 10019 6936 10031 7302 -1 
6713 1781950511 1781950511 3 2677277 3386 10176 482 10487 1059 10038 5527 -1 
2078 1781950511 1781950511 3 2671451 4952 10790 783 10019 9303 10051 1347 -1 
4776 1781950511 1781950511 3 2677391 3932 10151 1147 10038 128 10038 -1 
6181 1781950511 1781950511 3 2676262 8271 10019 8738 10019 6051 10033 7330 -1 
7310 1781950511 1781950511 3 2671468 413 10005 6963 10005 409 10040 7292 -1 
7438 1781950511 1781950511 3 2670583 1940 10005 113 10005 1986 10034 529 10031 3574 -1 
5767 1781950511 1781950511 3 2674579 8165 10211 8876 10211 4918 10211 5248 10211 7379 10016 6463 10211 4955 -1 
4642 1781950511 1781950511 3 2651865 737 10418 553 10054 1163 10036 3678 -1 
2882 1781950511 1781950511 3 2674608 4512 10343 1811 10049 9363 10151 3278 -1 
4234 1781950511 1781950511 3 2677046 9829 10185 1568 10401 9839 10031 222 -1 
6508 1781950511 1781950511 3 2674075 937 10005 7684 10034 512 10034 7690 10092 3872 10092 897 10033 4978 -1 
11450 1781950511 1781950511 3 2677883 10435 7728 10882 673 10092 1612 10050 1612 10056 602 10056 -1 
2161 1781950511 1781950511 3 2675701 4731 10015 1237 10092 2450 10092 6909 10092 281 10139 9489 -1 
3234 1781950511 1781950511 3 2664018 1393 10146 513 10146 324 10055 488 -1 
6460 1781950511 1781950511 3 2674405 8317 10108 3566 10038 382 10195 2495 10195 6286 -1 
8140 1781950511 1781950511 3 2673310 3464 10064 6615 10064 4770 10408 1223 10408 2391 10159 3334 -1 
10482 1781950511 1781950511 3 2670332 9121 10033 529 10034 1495 10033 8431 10033 6989 -1 
9422 1781950511 1781950511 3 2676202 9281 10185 5144 10185 6441 10177 6386 10055 8862 10055 2722 -1 
5477 1781950511 1781950511 3 2673839 3841 10331 2361 10447 9449 10214 5898 10136 3168 10040 6932 -1 
5771 1781950511 1781950511 3 2674985 5335 10246 101 10126 422 10126 4466 -1 
3971 1781950511 1781950511 3 2662743 4010 10539 7765 10242 2400 10048 4690 10048 6728 -1 
3276 1781950511 1781950511 3 2642221 3901 10193 3955 10056 602 10056 5988 -1 
9384 1781950511 1781950511 3 2677575 6304 10052 475 10016 9885 10033 1615 10052 -1 
2751 1781950511 1781950511 3 2660671 3644 10090 4613 10593 4483 10211 3304 -1 
927 1781950511 1781950511 3 2646763 9910 10076 9488 10090 3035 10049 1365 10140 5679 10499 -1 
8402 1781950511 1781950511 3 2673540 3378 10032 6573 10032 9554 10092 3099 10001 1 10001 -1 
7873 1781950511 1781950511 3 2678345 6316 10005 1727 10005 6121 10033 3332 10033 239 10033 3865 -1 
7349 1781950511 1781950511 3 2652667 9276 10176 9794 10031 9484 10033 5879 10033 3782 -1 
8234 1781950511 1781950511 3 2660413 1097 10288 4895 10031 7617 10031 1721 10031 6431 -1 
7365 1781950511 1781950511 3 2669194 6246 10251 93 10264 914 10272 3235 10021 3961 -1 
9702 1781950511 1781950511 3 2676218 9204 10031 5436 10031 1721 10031 9150 10031 7193 10019 9927 10038 128 10038 2873 -1 
6673 1781950511 1781950511 3 2677920 9105 10108 8009 10032 3857 10031 9942 10031 470 -1 
3256 1781950511 1781950511 3 2677883 6670 10925 3187 10725 6833 10725 576 10056 602 10056 -1 
1456 1781950511 1781950511 3 2669114 10697 7113 10009 8804 10127 4761 10127 3483 -1 
4214 1781950511 1781950511 3 2669911 10498 7462 10406 2865 10800 7012 10052 964 10105 964 -1 
2568 1781950511 1781950511 3 2671205 10425 4335 10723 5426 10723 6305 10967 492 10033 3777 10033 3974 -1 
6128 1781950511 1781950511 3 2666891 670 10113 7213 10047 2391 10038 4682 10093 2191 -1 
2803 1781950511 1781950511 3 2677575 4501 10032 4131 10320 530 10216 964 10052 1615 -1 
8046 1781950511 1781950511 3 2677883 3187 10725 576 10348 5829 10073 1059 10056 602 10056 602 -1 
9705 1781950511 1781950511 3 2676964 8606 10520 7112 10032 9355 10087 8248 10087 8248 -1 
8056 1781950511 1781950511 3 2676262 7674 10032 7414 10032 1326 10608 1326 10715 8681 10031 529 10033 7330 -1 
9683 1781950511 1781950511 3 2672033 8372 10865 8726 10865 4861 10053 1235 10105 3419 10055 5845 -1 
8979 1781950511 1781950511 3 2677392 9192 10053 1235 10053 1059 10056 3836 10056 4971 -1 
5922 1781950511 1781950511 3 2677178 10566 101 10126 8388 10085 3747 10085 7052 10087 8248 10087 7720 10509 -1 
8053 1781950511 1781950511 3 2669848 5915 10032 7877 10032 2070 10032 4170 10031 139 10031 9874 -1 
4281 1781950511 1781950511 3 2644365 10943 6771 10092 2491 10084 6631 10499 6918 10499 6631 -1 
4873 1781950511 1781950511 3 2674771 2954 10019 469 10152 8114 10152 8114 10152 3741 -1 
93 1781950511 1781950511 3 2677920 10469 8175 10032 717 10032 6019 10031 9072 10031 9942 10031 470 -1 
8547 1781950511 1781950511 3 2670263 10304 6614 10894 9319 10051 9817 10297 2912 10038 9865 -1 
3839 1781950511 1781950511 3 2672211 6532 10054 5052 10927 4703 10409 3982 10409 5721 -1 
3539 1781950511 1781950511 3 2675572 10259 5052 10659 5052 10437 9969 10033 3523 10033 337 -1 
11884 1781950511 1781950511 3 2666307 750 10001 3808 10122 8331 10224 5829 10052 9605 10052 2483 10438 -1 
10159 1781950511 1781950511 3 2677282 2792 10153 8681 10153 5024 10122 4694 10031 529 10031 1959 10031 1721 -1 
8846 1781950511 1781950511 3 2677180 4497 10124 1285 10033 7565 10033 529 10412 2562 -1 
4205 1781950511 1781950511 3 2674879 10646 5838 10195 7469 10092 8255 10033 9701 10033 695 10033 1678 -1 
4328 1781950511 1781950511 3 2677833 10386 6120 10033 9230 10064 1597 10064 1597 10031 9150 10031 931 10031 949 -1 
10125 1781950511 1781950511 3 2677920 7514 10031 2174 10031 8865 10031 9296 10072 7051 10698 1366 10050 6300 10031 1721 10031 1721 10031 470 -1 
7380 1781950511 1781950511 3 2678345 4756 10032 3530 10032 8739 10032 8204 10090 60 10033 3777 10033 1490 10033 3865 -1 
6249 1781950511 1781950511 3 2676504 7594 10032 8231 10032 5110 10237 1463 10412 1463 10412 1463 10412 529 -1 
7493 1781950511 1781950511 3 2677575 193 10683 4189 10154 7322 10051 6199 10033 780 10033 1615 10052 -1 
9544 1781950511 1781950511 3 2676218 1472 10043 7896 10365 8658 10038 5632 10038 9120 10038 2873 -1 
4904 1781950511 1781950511 3 2669651 4758 10461 6575 10196 7797 10196 9874 10104 6889 10104 5842 10104 6122 -1 
7459 1781950511 1781950511 3 2673065 3398 10049 8566 10788 673 10882 545 10035 2164 10035 1144 10035 1793 -1 
4401 1781950511 1781950511 3 2675259 6031 10009 5647 10105 5671 10105 7365 10625 4581 10625 7495 10082 -1 
6509 1781950511 1781950511 3 2675837 5452 10032 3800 10237 5148 10148 554 10148 554 10031 9942 10031 8523 -1 
9970 1781950511 1781950511 3 2676430 404 10506 9377 10395 9563 10084 9605 10052 964 10052 3024 10031 222 10031 9150 -1 
9485 1781950511 1781950511 3 2675572 6273 10038 4793 10032 1632 10246 278 10052 4560 10052 3952 10033 9969 10033 337 -1 
8252 1781950511 1781950511 3 2665831 7051 10072 8970 10033 5766 10104 8627 10104 5744 10104 5842 10104 5842 -1 
3897 1781950511 1781950511 4 2663380 7695 10054 3170 10053 1972 10263 943 -1 
11274 1781950511 1781950511 4 2579839 60 10076 867 10015 2165 10113 6213 -1 
4719 1781950511 1781950511 4 2673783 3248 10539 2428 10539 1139 10009 2094 10392 8794 -1 
9866 1781950511 1781950511 4 2657649 3340 10495 1237 10007 5058 -1 
4681 1781950511 1781950511 4 2662339 2162 10015 191 10015 576 10211 9996 10072 527 -1 
1562 1781950511 1781950511 4 2669548 3603 10018 1109 10018 7627 10185 9097 10185 252 10563 5831 10455 -1 
6232 1781950511 1781950511 4 2669220 4457 10084 163 10092 9930 10019 6843 10019 8955 10019 8291 10545 -1 
7139 1781950511 1781950511 4 2677927 8229 10029 5066 10176 9921 10176 2666 10072 6317 -1 
6384 1781950511 1781950511 4 2671573 9283 10032 5004 10276 101 10298 -1 
7927 1781950511 1781950511 4 2671573 1684 10019 3609 10019 9441 10019 5491 10019 5004 10276 101 10298 -1 
9238 1781950511 1781950511 4 2671573 6418 10147 8714 10147 7766 10147 101 10298 -1 
234 1781950511 1781950511 4 2671573 1363 10559 4957 10147 101 10298 -1 
11823 1781950511 1781950511 4 2671573 4711 10011 6504 10276 101 10298 -1 
9964 1781950511 1781950511 4 2677965 6477 10434 5230 10434 8415 10055 6471 10055 3288 10055 -1 
11672 1781950511 1781950511 4 2677965 8240 10614 6334 10614 3330 10055 2722 10055 3288 10055 -1 
1707 1781950511 1781950511 4 2677965 10329 49 10055 2722 10055 2772 10055 785 10055 2722 10055 324 10055 8862 10055 8862 10055 3288 10055 -1 
1614 1781950511 1781950511 4 2673727 3536 10076 7132 10301 933 10085 5975 10085 4864 10175 3752 -1 
4560 1781950511 1781950511 4 2670642 10656 6714 10879 3785 10005 3952 10094 3033 10094 101 10907 2391 -1 
10879 1781950511 1781950511 4 2677927 5889 10031 4892 10072 9243 10072 119 10072 6317 -1 
8923 1781950511 1781950511 4 2677927 901 10019 9747 10019 5831 10072 364 10072 6317 -1 
7022 1781950511 1781950511 4 2673727 1360 10100 5376 10100 4118 10183 8456 10175 3752 -1 
9227 1781950511 1781950511 4 2677927 10481 9034 10084 655 10084 2562 10072 4220 10072 119 10072 6317 -1 
6294 1781950511 1781950511 4 2673571 3308 10212 9424 10412 1858 10007 1737 10007 1737 10007 1171 -1 
2220 1781950511 1781950511 4 2669262 10828 3153 10090 8348 10090 8882 10090 9972 10015 1090 10015 4038 -1 
4725 1781950511 1781950511 4 2678191 1780 10053 9776 10032 2551 10032 842 -1 
1639 1781950511 1781950511 4 2678317 8852 10092 5182 10092 1989 10154 4585 10092 4412 -1 
1625 1781950511 1781950511 4 2667331 8782 10561 7576 10455 7738 10064 6509 -1 
894 1781950511 1781950511 4 2658777 221 10069 3282 10392 1370 10392 9014 10016 9352 -1 
11368 1781950511 1781950511 4 2669133 1408 10092 5667 10092 8527 -1 
518 1781950511 1781950511 4 2629559 7765 10401 192 10050 5203 10019 8606 -1 
720 1781950511 1781950511 4 2658777 1168 10128 4190 10128 8385 10032 459 10032 104 10016 9352 -1 
11296 1781950511 1781950511 4 2585948 5751 10064 1592 10054 7289 10032 3976 -1 
6424 1781950511 1781950511 4 2676737 2535 10118 9414 10451 6513 10247 1003 10690 6057 -1 
2630 1781950511 1781950511 4 2670024 7315 10076 9642 10076 5801 10072 1575 10072 6581 10092 4219 -1 
10431 1781950511 1781950511 4 2678317 1476 10036 2997 10007 2368 10092 4412 -1 
4514 1781950511 1781950511 4 2663401 9423 10019 9371 10019 9146 -1 
11545 1781950511 1781950511 4 2677913 3387 10264 9991 10264 9991 -1 
9424 1781950511 1781950511 4 2677973 128 10038 1171 10016 576 10016 723 -1 
11031 1781950511 1781950511 4 2677913 222 10031 998 10031 998 10031 998 10031 3934 10264 9991 10264 9991 -1 
2785 1781950511 1781950511 4 2677913 1560 10176 9767 10176 9996 10050 4694 10264 9991 10264 9991 -1 
9568 1781950511 1781950511 4 2677973 6944 10038 6049 10034 9931 10038 3582 10016 723 -1 
4942 1781950511 1781950511 4 2667917 8032 10176 2260 10030 4391 10030 2260 10050 4730 -1 
5495 1781950511 1781950511 4 2673970 6155 10691 6445 10395 2045 10865 -1 
6414 1781950511 1781950511 4 2501268 456 10150 1436 10412 1903 10452 7525 -1 
6831 1781950511 1781950511 4 2675134 1159 10253 4070 10105 9957 10084 2912 -1 
5152 1781950511 1781950511 4 2678317 10789 105 10032 9571 10033 1289 10033 9927 10092 4412 -1 
2242 1781950511 1781950511 4 2663916 9757 10204 481 10204 5770 10204 7294 -1 
9000 1781950511 1781950511 4 2678191 9098 10159 8510 10159 2542 10052 9986 10052 6169 10154 4585 10092 9927 10032 842 -1 
5394 1781950511 1781950511 4 2672033 1935 10253 661 10217 661 10032 8931 10032 3934 -1 
11445 1781950511 1781950511 4 2557892 3189 10092 935 10427 9953 10427 5538 -1 
5947 1781950511 1781950511 4 2678191 5674 10791 579 10345 8711 10032 412 10032 842 -1 
5755 1781950511 1781950511 4 2663916 10910 4748 10032 9799 10032 1769 10054 2139 10204 7294 -1 
11994 1781950511 1781950511 4 2677461 1365 10135 7412 10057 1281 10154 519 10154 6413 -1 
6811 1781950511 1781950511 4 2661564 9315 10005 955 10005 144 10297 9496 10007 9928 10032 7524 10032 3648 -1 
11881 1781950511 1781950511 4 2678317 1549 10019 2106 10019 921 10019 8156 10000 1612 10050 3872 10092 4412 -1 
8215 1781950511 1781950511 4 2672399 4308 10053 756 10211 5190 10211 5451 10790 6300 10050 8518 10019 6771 -1 
5919 1781950511 1781950511 4 2678170 8656 10910 2940 10072 8011 10072 37 10202 163 10092 2368 -1 
3142 1781950511 1781950511 4 2678191 10963 7995 10122 4865 10072 119 10072 9927 10092 9927 10032 842 -1 
3252 1781950511 1781950511 4 2668997 7760 10379 8138 10392 4728 10092 9967 10092 1237 10092 9304 10006 3302 -1 
5736 1781950511 1781950511 4 2659436 10432 101 10777 7702 10027 9895 10016 9720 10016 9720 10016 8050 10016 7379 -1 
5854 1781950511 1781950511 4 2676675 119 10072 8678 10022 4694 10032 3729 10032 3364 10032 823 10032 9645 -1 
201 1781950511 1781950511 4 2677446 1294 10406 7350 10054 1817 10032 2293 10032 5792 10032 823 10032 6203 10637 -1 
2387 1781950511 1781950511 4 2678170 2248 10338 3387 10073 3162 10032 4950 10032 8517 10032 1541 10032 9927 10092 2368 -1 
9624 1781950511 1781950511 4 2671435 10770 8327 10258 4707 10309 6818 -1 
1251 1781950511 1781950511 4 2675386 7273 10107 8788 10189 2636 10189 2949 10030 8222 10030 6113 -1 
755 1781950511 1781950511 4 2675404 2820 10724 101 10446 6711 10446 4745 -1 
2820 1781950511 1781950511 4 2670586 4288 10559 1363 10207 101 10446 1469 -1 
6852 1781950511 1781950511 4 2665642 8747 10015 6195 10015 7762 10204 9899 10272 2464 -1 
7649 1781950511 1781950511 4 2669820 7146 10118 101 10082 101 10082 1599 -1 
2379 1781950511 1781950511 4 2669081 3727 10108 9898 10637 5904 10033 3426 -1 
5887 1781950511 1781950511 4 2665642 6591 10054 264 10272 9899 10272 2464 -1 
11705 1781950511 1781950511 4 2673274 6936 10244 1351 10146 4111 10132 6288 10132 4111 -1 
10500 1781950511 1781950511 4 2661778 6064 10031 9765 10032 9952 10032 9933 10093 4526 10211 5904 10033 6474 -1 
7921 1781950511 1781950511 4 2673884 7963 10092 2491 10253 6281 10130 101 10195 897 -1 
6393 1781950511 1781950511 4 2677083 2158 10031 559 10007 5594 10147 301 -1 
1005 1781950511 1781950511 4 2662657 3279 10186 9144 10186 4708 10186 4550 10031 3197 10064 1458 10210 9241 10276 6175 -1 
9226 1781950511 1781950511 4 2670364 7818 10033 8547 10033 6667 10048 247 10048 1301 10048 9894 10027 498 10033 1289 -1 
7375 1781950511 1781950511 4 2664000 5770 10204 9492 10204 43 10027 416 10033 3952 -1 
11810 1781950511 1781950511 4 2675259 10499 9573 10499 9573 10821 101 10082 7495 -1 
9163 1781950511 1781950511 4 2654506 7707 10499 6631 10499 9573 10499 9573 10821 101 10146 5087 -1 
2841 1781950511 1781950511 4 2674800 107 10018 958 10490 8540 10281 7068 10281 3288 10078 3664 -1 
4210 1781950511 1781950511 4 2677293 9725 10072 9927 10222 9927 10038 2705 -1 
4155 1781950511 1781950511 4 2664033 1344 10015 150 10015 135 10044 4374 10044 794 10015 483 10587 7643 -1 
11042 1781950511 1781950511 4 2658872 5111 10297 9577 10297 7182 10297 9985 -1 
9247 1781950511 1781950511 4 2674039 10696 297 10033 899 10272 9899 10272 9933 10272 956 10417 490 -1 
4125 1781950511 1781950511 4 2678171 7053 10007 7490 10016 9720 10016 766 10031 9016 10031 8263 10033 1156 10078 5231 -1 
596 1781950511 1781950511 4 2677099 10895 1595 10038 5527 10038 9848 10038 9120 10038 9931 10038 1682 -1 
7899 1781950511 1781950511 4 2676659 7412 10879 8113 10032 9927 10033 780 -1 
433 1781950511 1781950511 4 2627444 199 10201 8198 10201 7432 10324 8649 10024 5207 10765 4035 -1 
10798 1781950511 1781950511 4 2677277 8978 10211 3610 10211 4936 10064 2947 10038 5527 -1 
10 1781950511 1781950511 4 2661674 4853 10064 771 10064 3036 10064 9901 10294 -1 
4868 1781950511 1781950511 4 2675072 4044 10019 7410 10460 7410 10417 7410 -1 
11596 1781950511 1781950511 4 2675711 4895 10288 1097 10288 4288 10851 9979 10453 8024 -1 
11181 1781950511 1781950511 4 2611411 3524 10147 6640 10315 6706 10379 3168 10136 6049 -1 
3334 1781950511 1781950511 4 2607731 5934 10053 305 10053 9813 10665 9136 -1 
8929 1781950511 1781950511 4 2670859 204 10032 3248 10708 1326 10715 8681 10031 4992 -1 
11625 1781950511 1781950511 4 2671632 5891 10214 9772 10229 2459 10033 411 -1 
11802 1781950511 1781950511 4 2671331 3197 10064 2048 10064 6822 10033 9969 -1 
9507 1781950511 1781950511 4 2676354 8472 10031 195 10053 3611 10064 411 10033 1490 -1 
10318 1781950511 1781950511 4 2677722 2279 10052 2222 10038 831 10038 9515 10032 5830 10032 9927 10222 9927 10038 7420 10127 -1 
9783 1781950511 1781950511 4 2674075 6596 10898 3859 10072 307 10072 119 10072 8760 10019 6051 10033 4978 -1 
7237 1781950511 1781950511 4 2677883 8987 10076 3019 10076 4278 10076 4029 10048 2246 10048 247 10048 1301 10048 1612 10056 602 10056 -1 
2301 1781950511 1781950511 4 2677131 6145 10076 3451 10090 60 10092 7882 10812 7987 10152 -1 
702 1781950511 1781950511 4 2677883 7806 10245 8566 10054 7888 10490 1806 10235 1612 10056 602 10056 -1 
5557 1781950511 1781950511 4 2677883 9306 10032 823 10032 9998 10032 959 10048 1612 10056 4971 10056 602 -1 
523 1781950511 1781950511 4 2678079 7478 10264 47 10029 1934 10016 723 10211 766 10051 6180 10051 1925 -1 
10552 1781950511 1781950511 4 2675072 6096 10297 2145 10297 9577 10031 9933 10272 956 10417 490 10417 7410 -1 
1792 1781950511 1781950511 4 2676262 3102 10076 2765 10076 939 10024 5207 10765 3747 10085 3747 -1 
1662 1781950511 1781950511 4 2670263 3621 10406 5920 10064 2969 10064 7743 10064 1597 10031 74 10038 9865 -1 
10107 1781950511 1781950511 4 2678348 9597 10064 7636 10064 3197 10064 1597 10031 554 10031 1220 -1 
6860 1781950511 1781950511 4 2674174 9512 10064 157 10015 191 10015 9941 10033 8988 10006 9062 10033 6387 10033 915 -1 
3851 1781950511 1781950511 4 2665038 4357 10833 159 10342 7584 10113 4841 10113 5062 10132 2597 10132 4564 -1 
7902 1781950511 1781950511 4 2646008 5140 10190 9111 10090 646 10090 1159 10253 4070 10105 5671 10105 4052 -1 
1231 1781950511 1781950511 4 2673540 10634 717 10422 101 10001 5726 10001 1 10001 -1 
11669 1781950511 1781950511 4 2676262 6220 10001 5420 10001 3808 10176 8789 10278 4135 10033 695 10033 7330 -1 
1996 1781950511 1781950511 4 2677046 8171 10259 2809 10791 3063 10134 3368 10031 222 -1 
11526 1781950511 1781950511 4 2676754 4129 10016 6358 10016 3304 10031 931 10031 4145 -1 
11382 1781950511 1781950511 4 2677293 4480 10587 5679 10105 8316 10038 9968 10034 529 10038 5527 10038 2705 -1 
1765 1781950511 1781950511 4 2678348 5123 10700 3168 10031 3487 10033 9022 10034 529 10031 931 10031 1220 -1 
3646 1781950511 1781950511 4 2678064 3810 10838 6569 10394 6503 10394 6352 10148 554 10031 9942 10031 8413 -1 
7741 1781950511 1781950511 4 2675701 1684 10019 6757 10007 2989 10158 576 10158 281 10139 9489 -1 
11476 1781950511 1781950511 4 2677588 4120 10007 5995 10007 5922 10007 2743 10031 2213 10031 3425 10031 529 10031 9942 -1 
8317 1781950511 1781950511 4 2656353 3681 10072 9882 10072 3934 10038 4012 10038 128 10038 7693 -1 
4464 1781950511 1781950511 4 2677883 10381 5791 10398 633 10455 3925 10398 7493 10056 2246 10056 602 10056 602 10056 -1 
6099 1781950511 1781950511 4 2669960 10595 7407 10038 8152 10038 9978 10038 9865 10038 9515 10033 4425 -1 
7760 1781950511 1781950511 4 2677833 2350 10032 9354 10072 6866 10072 5742 10038 2705 10038 1426 10033 7239 10031 949 -1 
8997 1781950511 1781950511 5 2673783 14 10054 7801 10054 6876 10008 497 10392 8794 -1 
11832 1781950511 1781950511 5 2672169 4581 10625 7747 10267 7622 10019 8480 10015 5800 -1 
4984 1781950511 1781950511 5 2658336 6590 10614 101 10068 101 10634 6791 10120 2111 -1 
4157 1781950511 1781950511 5 2650157 10175 3552 10182 101 10580 2695 10580 2695 10580 101 10776 -1 
6732 1781950511 1781950511 5 2653361 7895 10092 130 10412 3773 10007 308 10007 5459 -1 
4079 1781950511 1781950511 5 2671573 1910 10092 3655 10204 101 10298 -1 
671 1781950511 1781950511 5 2673636 1547 10186 7083 10024 4526 10024 8732 10376 -1 
8938 1781950511 1781950511 5 2670222 7517 10054 4521 10074 6754 10618 551 10394 6352 10394 -1 
9353 1781950511 1781950511 5 2677590 7609 10146 101 10124 1835 10664 8662 10222 403 -1 
250 1781950511 1781950511 5 2677927 10973 9716 10556 7134 10072 364 10072 6317 -1 
1132 1781950511 1781950511 5 2676737 10921 5753 10142 482 10690 4470 10690 6057 -1 
2169 1781950511 1781950511 5 2678317 7064 10069 489 10007 1650 10154 4585 10092 4412 -1 
9789 1781950511 1781950511 5 2668997 118 10071 673 10092 6015 10006 3302 -1 
2674 1781950511 1781950511 5 2674618 8927 10743 5520 10743 5316 10743 717 10077 101 10428 3371 10718 -1 
10830 1781950511 1781950511 5 2676737 9199 10019 6595 10746 5465 10247 1003 10690 6057 -1 
11911 1781950511 1781950511 5 2678317 387 10032 8909 10032 9014 10392 2368 10092 4412 -1 
381 1781950511 1781950511 5 2664592 10832 6822 10064 7316 10064 3059 -1 
8311 1781950511 1781950511 5 2678317 3803 10288 5779 10288 8450 10019 2368 10092 4412 -1 
2614 1781950511 1781950511 5 2677913 9312 10076 2489 10076 4138 10092 1238 10092 9991 10264 9991 -1 
10979 1781950511 1781950511 5 2677596 10856 9276 10053 9452 10053 4119 10007 1737 10007 2997 10036 253 10032 220 -1 
8137 1781950511 1781950511 5 2672928 5902 10076 4796 10076 8012 10076 2765 10331 3872 10092 6030 -1 
6660 1781950511 1781950511 5 2678317 4411 10040 1538 10038 9927 10222 9927 10092 4412 -1 
3308 1781950511 1781950511 5 2670024 2384 10190 4722 10190 2389 10425 6254 10290 9413 10855 1238 10092 4219 -1 
576 1781950511 1781950511 5 2645399 7027 10076 2723 10176 9940 10176 5473 10176 2064 -1 
7218 1781950511 1781950511 5 2677596 2672 10072 1575 10072 406 10032 9976 10032 1661 10032 220 -1 
3648 1781950511 1781950511 5 2677698 2922 10038 9216 10054 1579 10024 4056 10024 4526 -1 
10221 1781950511 1781950511 5 2677698 2415 10696 3614 10444 7321 10054 1252 10032 7543 10032 4056 10024 4526 -1 
10397 1781950511 1781950511 5 2677973 6223 10176 8936 10072 119 10072 576 10016 766 10016 723 -1 
7347 1781950511 1781950511 5 2677973 8255 10211 5677 10211 3450 10016 7939 10016 723 -1 
7997 1781950511 1781950511 5 2676675 8438 10032 9139 10032 9783 10032 1768 10032 2293 10032 1661 10032 9645 -1 
6185 1781950511 1781950511 5 2676675 499 10215 3900 10289 4751 10032 8948 10032 9129 10032 9645 -1 
8539 1781950511 1781950511 5 2666025 2767 10032 8915 10032 9391 10032 1247 10032 6770 10032 3504 10032 8224 -1 
5635 1781950511 1781950511 5 2678237 5374 10220 7264 10244 236 10318 236 10114 730 10006 4294 10006 4985 10006 9693 10006 74 -1 
4617 1781950511 1781950511 5 2674557 7264 10176 241 10490 4885 10801 7538 10019 5278 10019 7622 10267 4874 -1 
1208 1781950511 1781950511 5 2673039 3427 10097 3754 10019 3059 10189 2949 10030 8084 -1 
11946 1781950511 1781950511 5 2580227 6176 10468 2439 10409 8094 10831 101 10146 6673 -1 
9978 1781950511 1781950511 5 2668767 5706 10231 490 10092 5066 10176 9049 10158 922 -1 
5784 1781950511 1781950511 5 2669269 1248 10278 6247 10276 5674 10031 998 -1 
6026 1781950511 1781950511 5 2674591 9619 10072 3039 10019 9352 10016 576 10268 -1 
4829 1781950511 1781950511 5 2675072 5925 10090 1330 10090 598 10412 6854 10412 4555 10415 7410 10417 -1 
2671 1781950511 1781950511 5 2639297 2661 10237 1264 10198 812 10174 7972 10812 4129 -1 
5403 1781950511 1781950511 5 2677131 4999 10175 7326 10050 595 10269 9930 10092 9339 10152 7987 -1 
4701 1781950511 1781950511 5 2667984 7712 10019 4337 10007 542 10154 913 10038 9848 -1 
4124 1781950511 1781950511 5 2677131 10381 1186 10064 393 10092 7882 10812 7987 10152 -1 
3442 1781950511 1781950511 5 2674039 4363 10272 8415 10272 9899 10272 7376 10019 8672 10019 7410 10417 490 -1 
4037 1781950511 1781950511 5 2656353 844 10076 4732 10103 1259 10021 2207 10033 5625 10038 7693 -1 
8756 1781950511 1781950511 5 2674879 3688 10019 4120 10019 7708 10038 5904 10031 3024 10033 1678 -1 
7677 1781950511 1781950511 5 2677277 8354 10051 2218 10051 9927 10038 8652 10038 9120 10038 5527 -1 
9031 1781950511 1781950511 5 2675837 8867 10072 7384 10092 4849 10092 332 10031 529 10031 8523 -1 
10606 1781950511 1781950511 5 2678064 633 10243 1734 10243 956 10121 9076 10121 37 10007 1084 10031 9942 10031 8413 -1 
11011 1781950511 1781950511 5 2674946 6502 10100 7159 10124 5672 10124 5672 10124 8693 10052 964 10105 1678 10033 3523 -1 
939 1781950511 1781950511 5 2653948 7387 10176 8331 10684 8457 10284 1056 10347 3099 10001 5365 10001 5726 -1 
294 1781950511 1781950511 6 2676171 10217 6711 10774 4209 10774 7065 10316 3012 10198 2824 10011 6727 -1 
6534 1781950511 1781950511 6 2663270 10410 6015 10328 1043 10243 929 10243 170 10770 -1 
10298 1781950511 1781950511 6 2666094 283 10748 8378 10744 9462 10327 655 10252 3911 10084 9957 10000 6606 -1 
10548 1781950511 1781950511 6 2644124 2194 10032 3642 10032 9350 10032 9976 10032 2809 10692 101 10602 5111 -1 
8287 1781950511 1781950511 6 2671573 5306 10602 101 10068 101 10603 101 10301 101 10298 -1 
4076 1781950511 1781950511 6 2653719 3388 10090 134 10177 9740 10177 8971 10351 8971 10185 1612 10224 1893 10015 4637 10019 4664 -1 
10788 1781950511 1781950511 6 2677387 10151 6588 10413 1325 10413 3636 10413 9715 10029 442 -1 
7681 1781950511 1781950511 6 2678317 3842 10008 3834 10008 497 10392 2368 10092 4412 -1 
6451 1781950511 1781950511 6 2677913 7633 10032 3407 10874 5566 10516 4202 10449 9991 10264 9991 -1 
4424 1781950511 1781950511 6 2673085 4915 10120 2567 10120 3932 10120 4872 10120 4001 10408 8450 10016 7373 -1 
5973 1781950511 1781950511 6 2677698 1394 10232 8866 10076 9583 10121 4056 10024 4526 -1 
3626 1781950511 1781950511 6 2678170 5674 10120 1041 10032 9998 10032 3364 10032 3364 10032 7597 10032 433 10032 9927 10092 2368 -1 
537 1781950511 1781950511 6 2678317 7483 10291 8758 10072 307 10072 9619 10072 37 10202 163 10092 4412 -1 
9995 1781950511 1781950511 6 2678191 7323 10330 6473 10330 101 10068 101 10043 6983 10637 4623 10637 6203 10032 9927 10032 842 -1 
10190 1781950511 1781950511 6 2677392 387 10214 6000 10268 6000 10268 4930 10056 4971 -1 
9719 1781950511 1781950511 6 2677392 3794 10599 6500 10381 3925 10114 631 10030 4391 10030 2260 10050 1612 10056 4971 -1 
5954 1781950511 1781950511 6 2673006 7813 10009 5745 10072 9883 10072 74 10031 7239 -1 
2566 1781950511 1781950511 6 2675848 3689 10177 4724 10674 3952 10204 337 10033 5618 -1 
11510 1781950511 1781950511 6 2674838 3631 10178 6233 10178 471 10056 471 10211 766 10211 6358 10038 1069 10356 -1 
11300 1781950511 1781950511 6 2674585 8892 10786 8499 10332 6203 10637 337 10031 5904 10033 529 10031 529 10031 554 -1 
5768 1781950511 1781950511 7 2678170 1996 10007 5303 10007 7513 10053 8036 10032 6846 10032 9645 10032 9927 10092 2368 -1 
1917 1781950511 1781950511 7 2677698 8086 10294 9745 10294 3855 10838 7336 10032 1541 10032 4056 10024 4526 -1 
995 1781950511 1781950511 7 2675661 806 10107 7077 10124 9884 10449 1688 10449 2165 10124 7465 10124 5183 -1 
2817 1781950511 1781950511 7 2674946 7336 10493 8014 10176 7244 10222 9927 10033 3523 -1 
4553 1781950511 1781950511 7 2677722 5925 10340 7813 10009 6578 10593 4840 10092 60 10109 1706 10109 8652 10034 8652 10038 7420 10127 -1 
3519 1781950511 1781950511 7 2677186 10156 3312 10679 3312 10229 655 10829 1366 10137 1728 10297 9748 10297 7768 -1 
10768 1781950511 1781950511 8 2677698 5482 10210 5119 10114 1182 10032 7921 10406 1795 10063 7259 10063 1648 10024 4526 -1 
2187 1781950511 1781950511 8 2677913 1900 10528 2820 10669 12 10010 5292 10019 5855 10107 7077 10449 1688 10449 9991 10264 9991 -1 
2263 1781950511 1781950511 8 2674664 7539 10147 101 10632 872 10289 2175 10331 3872 10050 6364 10019 8650 -1 
10460 1781950511 1781950511 9 2645104 7551 10546 2077 10546 3083 10363 1509 10259 2491 10066 9608 10019 6224 -1 
