3537 0.00393152 0.00773581 -0.0055614 -0.00509373 0.00773463 -0.00129689 0.00310541 -0.00756021 -0.00123783 0.000678301 -0.00421342 -0.0022538 -0.00639468 0.00352431 -0.0066887 -0.00716929 -0.00724626 0.00625111 0.00537458 -0.00734118 -0.00607303 0.00181339 -0.00511869 0.00209104 0.000285995 -0.00426958 0.00644883 0.00135135 -0.00646421 -0.000407054 0.00396631 0.00693028 0.00624713 -0.00507611 0.000372953 -0.00392143 -0.0022274 -0.00399826 -0.0071424 0.00709885 -0.00311605 0.00394066 0.00601247 0.000805327 -0.00417707 -0.00393652 0.00575072 -0.00162662 -0.00320229 -0.00668694 0.00217687 0.00279957 -0.00717366 0.00564184 -0.00507509 0.000306541 0.00207916 0.00741797 0.00107732 0.00258155 0.000639631 -0.00674987 0.00649707 0.00375981
1111 -0.0024229 0.000249949 0.00264871 0.000183485 0.00347699 0.00639785 -0.00312431 -0.00498327 -0.00422896 -0.00229989 0.00146784 -0.00592802 0.0072811 0.00430831 -0.000834993 -0.00688363 0.00318181 0.00740572 -0.000207138 -0.0053236 0.00147158 0.00156988 -0.00180397 0.00745872 -0.00728263 0.00518992 -0.0050969 0.00408738 0.00441024 0.00649643 -0.000879574 -0.00681076 0.00687873 -0.002613 0.00374973 -0.00588386 0.00555693 0.00442488 -0.0075679 -0.0076828 0.0012762 0.00330666 -0.000308555 0.00728307 0.0071435 0.00169478 0.00297605 0.00719888 0.00640647 0.00431501 -0.0043646 0.00582404 -0.00644925 0.00496894 0.00418493 -0.00299568 -0.00168822 0.000419825 -0.0075024 0.000170592 0.000404514 -0.00119352 -0.00552511 -0.0026654
5732 -0.00584889 0.0024414 -0.00405493 0.00335122 0.00191976 -0.000725946 0.00137291 0.00353923 -0.00275709 0.0065294 -0.00779762 -0.000578347 0.00729265 -0.00376604 -0.00270106 -0.00791324 -0.00551629 -0.00207942 -0.0076639 0.00282561 0.00670692 0.0032952 -0.00566713 0.00435778 0.00740679 0.000104485 0.00384224 -0.00746253 0.00120155 -0.00429841 0.00268804 0.00665406 0.00704033 -0.00415159 -0.00746341 -0.00177822 0.00750467 0.00373096 -0.0040949 0.0010637 -0.00761536 0.00423396 0.00773318 -0.000940495 0.00550622 -0.000340006 0.00673745 -0.00712052 -0.00365026 -0.00216016 -0.00167531 0.00671553 0.00187755 0.00307452 -0.00547098 0.00196555 0.00216466 0.00675013 -0.0026296 0.00574685 0.00530582 -0.00532238 0.000270851 -0.00473515
5733 -0.00732211 0.000562955 -0.00343995 0.00326423 0.0073165 0.00229897 -0.00701405 0.00435539 0.00507226 0.00459095 0.00115841 -0.00428233 0.000790361 -0.00443023 0.00635084 0.00686124 0.00292065 -0.00652471 -0.00433889 -0.00163579 0.00406472 -0.00138988 -0.0028761 -0.00695747 0.00513154 0.00276201 -0.00622256 -0.0063006 -0.00305533 -0.00307175 -0.00769544 -0.000476818 0.00158975 0.00388453 0.000648027 0.00335989 0.00374298 -0.00093176 0.0071185 0.000517268 -0.00026903 -0.00416313 -0.00372779 0.00139965 -0.00602284 0.00229688 0.000339047 -0.000276232 -0.00113091 0.0011932 0.00317862 -0.00203903 -0.00726251 0.00326831 0.00729164 -0.00412245 0.00157753 -0.00223338 0.00358277 -0.00439508 -0.00680004 0.00677333 -0.00261237 -0.00719675
10203 -0.000312805 0.00436401 0.00299692 0.00639486 0.00045681 0.00121021 0.00332594 0.00767326 -0.00248575 -0.00706625 0.00610733 0.0043931 0.00279284 -0.0052166 0.00590038 -0.000750542 -0.00611401 0.00175047 -0.00171709 0.00142193 -0.00416231 0.0026207 -0.00318813 -0.00290251 0.00140619 -0.00331926 -0.00437212 -0.00436258 -0.00311184 0.000872612 0.00026989 -0.0053339 -0.00659466 -0.00387383 0.00706482 -0.00360632 0.00261784 0.00378847 0.00678205 -0.00343037 -0.00260878 0.00650692 0.00229168 0.000256062 -0.000487328 -0.00177288 0.00654221 0.00144053 0.00684881 0.00267172 -0.00502682 -0.00368929 -0.00420666 0.00121069 -0.0025754 -0.00155163 -0.0073452 0.00010252 0.00679016 0.000772953 -0.00330448 0.00615597 -0.00115967 -0.00688219
10204 -0.00151482 0.000161912 0.00611244 -0.00411048 0.00123068 0.00527662 -0.0066788 -6.77294e-05 0.00765126 -0.00411317 -0.00691817 0.0075296 0.00482681 -0.00563207 -0.00101579 0.00180513 0.0034559 0.00713751 -0.00302216 -0.00677333 0.0077924 0.00703981 0.00719186 0.00117336 0.00385491 0.00424882 0.00111364 -0.00584603 -0.00158735 0.00608134 0.00423882 0.006849 -0.00697533 0.00182357 -0.00129695 0.00350221 0.00439313 0.0075365 -0.00114542 0.00317703 -0.00101742 -0.00580287 0.00771583 0.00513783 -0.00599687 -0.000337297 -0.00686944 -0.00462526 0.00550994 -0.00170203 -0.00221388 -0.00552314 0.00159313 0.000247219 0.00610152 0.00601445 -0.00527143 0.000933964 -0.00509134 -0.0025173 -0.00635828 0.00311413 -0.00611743 0.00719402
18902 -0.00424964 -0.00231671 0.00451564 -0.00605904 0.00607866 0.000291721 -0.00567605 0.00678349 -0.00175732 -0.0011872 0.00270987 -0.00495827 0.00625434 0.0026289 -0.00357909 -0.00772416 -0.00272729 0.0017967 -0.00375438 -0.00597359 -0.00468512 -0.00430588 0.00297511 -0.00235495 -0.00326562 -0.00679369 -0.00574713 -0.00712534 0.0067332 0.00320495 0.00525811 -0.00374848 0.00324348 -0.00444006 0.00154972 -0.00391758 0.00162503 -0.00776079 -0.0048654 -0.00485476 -0.00537644 0.00281265 0.0023974 0.00211502 0.00417623 -0.00467979 -0.00171337 0.00222258 0.00349618 0.00760102 -0.00341334 -0.00682612 -0.00711382 -0.00402219 0.00413056 0.00706465 0.00373522 -0.00468338 -0.00510569 0.00107743 0.000966982 2.65726e-05 -0.00470942 0.0068985
16151 0.00595064 -0.00116208 0.00463577 -0.000723871 0.00356417 -0.00447585 -0.00138423 -0.000911902 0.00230396 -0.00519433 0.00528429 -0.00399328 -0.00135829 0.00437117 0.0012653 0.00310881 -0.00428713 0.00128423 -0.00724789 0.000560036 -0.000236991 0.00713675 -0.00211375 0.00234761 0.00329389 0.0015861 -0.00193396 0.00326852 0.00362934 0.00636777 -0.00340564 -0.00663069 0.00340668 0.00658223 0.00253606 0.00021747 -0.00540033 -0.00554286 -0.000378602 0.00201201 -0.00218348 0.00595662 -0.000401408 0.000646251 0.00201884 -0.00260884 0.00549074 0.00365514 0.00162143 -0.00464779 -0.00026634 0.000918761 0.00715526 0.00736331 0.00134004 -0.00209145 -0.00779687 0.00182598 -0.00536922 0.00350865 -0.00343532 0.00713606 -0.00754713 0.00320335
26845 0.00455483 -0.00225287 0.00512494 0.00287208 0.00579667 -0.0076179 0.00627514 0.00247848 -0.0017625 0.000475388 -0.0054383 0.000371383 -0.00303832 -0.00773973 -0.00696529 -0.00357459 -0.00431099 -0.0021816 0.00659687 0.00188577 0.00779262 -0.00604829 -0.00207717 0.00769128 0.00778778 -0.00281626 -0.0034818 -0.00230253 -0.00565814 0.00632066 -0.00506892 0.00523721 -0.00370756 -0.00612739 -0.00364661 0.0029287 0.00715371 -0.00387614 -0.00711197 -0.00142401 -0.00140149 0.000677145 0.0048087 0.00245117 -0.00135336 -0.00538891 0.0060646 0.00478097 -0.00709437 -0.00324955 -0.00778307 0.00280853 -0.00413566 -0.00120188 -0.000176303 -0.00171149 0.00291945 -8.55164e-05 0.00541008 0.00448379 -0.00260891 -0.0044049 -0.00185918 -0.000745575
26028 0.0060416 -0.00363724 -0.00320043 0.00343865 0.00135629 0.000161848 -0.00605201 0.00351094 0.00342734 -0.00673683 0.00335919 0.00587407 -0.00729462 -0.00202224 0.00609126 0.00466164 0.00194223 0.00694501 0.00325058 -0.00528543 -0.00172345 -0.00528402 0.00119443 -0.00173535 0.00221188 0.00234515 -0.00293004 0.00319594 0.00750848 0.0014779 -0.00644539 -9.52338e-05 -0.00755899 0.00230051 0.00116724 -0.000908806 -0.00734199 0.00253493 -0.00544831 -0.00125913 -0.00500841 0.00742427 -8.35883e-06 0.00135291 -0.00268264 -0.000808193 -0.000881502 0.00284561 -0.00617882 0.00774724 -0.00195979 0.00729224 -0.00350764 0.00486151 -0.00624095 0.00449587 -0.0072526 -0.00757689 -0.000476875 -0.00406653 -0.00313473 0.00689136 0.00165722 0.00596
12014 0.00148145 0.0043621 -0.00610458 0.00756277 0.00231497 0.00462386 -0.00699358 -0.00348853 -0.00373018 0.00542587 -0.00585083 0.00251971 0.000936549 -0.0014328 0.00432681 0.0055753 -0.00424311 0.00521325 0.00277192 -0.000659319 0.00472788 -0.00673308 -0.00196013 -0.00228187 0.0020683 0.000514182 -0.000710321 -0.00779954 0.0014813 -0.00176644 -0.0065026 -3.19394e-05 -0.0053129 0.00646662 -0.00393021 0.00695136 0.0062115 -0.00437478 0.000794729 -0.00707227 -0.00742075 0.0076578 0.0062952 -0.000928239 -0.0065259 -0.000174275 0.0071956 0.00299446 -0.00265538 0.00106257 0.00215126 -0.000484302 0.00740178 0.00552903 0.000843825 0.00504793 0.00453963 0.00575279 0.00390033 -0.00682642 -0.00361951 -0.0034541 0.000227377 -0.00473407
34936 0.00534158 -0.00753181 0.00287264 -0.00164395 -0.00268972 -0.000597879 -0.00430407 -0.000713365 -0.00582594 -0.00116267 -0.000245381 0.00368129 -0.00244544 -0.00551044 0.00639078 0.000351164 -0.00252601 -0.00741983 0.00185089 -0.00308508 0.00601367 -0.00308448 0.00221848 0.00625942 -0.000600271 -0.00153929 -0.00503354 0.00737379 0.00492266 -0.00494206 0.00365534 0.0046933 -0.00204596 0.00436632 -0.000787097 0.00575585 0.00123356 -0.00362352 -1.50904e-05 -0.00493868 0.0049168 0.0062102 0.00571198 0.00505991 0.0059868 -0.00690122 -0.00184571 0.00250067 0.00430535 0.00400791 -0.0026592 0.00360338 0.00354462 0.00418188 -0.000284105 -0.00374642 -0.0048507 -0.0040862 0.00642051 0.00376532 0.00502853 0.00603709 -0.00117488 -0.00625919
42676 -0.0068918 0.00160079 0.00670399 -0.00202163 -0.00166632 0.00157966 0.00215668 0.00618404 0.00676279 0.00566252 -0.00173553 -0.000685163 -0.00249909 -0.00603001 0.00752882 -0.00197754 0.00404013 -0.00751355 0.00498755 0.00767243 0.00441602 0.00510128 0.00403691 0.00067134 -0.00598384 -0.00478545 -0.000620033 0.00551571 0.0073878 -0.00171776 -0.00615146 0.00552082 0.00508078 0.00182713 0.00535624 -0.00187973 0.00155455 0.0022747 0.00392009 -0.00445445 0.00647796 8.25908e-05 0.00373852 0.0054073 -0.000882088 -0.00105409 -0.00543405 0.00641221 0.0077408 0.00474814 -0.000238662 0.00463299 -0.00107293 -0.00358999 -0.00765542 -0.00215037 0.00744188 0.00482806 0.00280165 -0.00381633 -0.00713029 0.00651566 -0.00544806 0.00453194
42684 -0.00514866 0.00248222 -0.00378042 0.00526316 -0.00588983 0.00473798 0.00462205 0.00374311 0.00458376 0.00347524 0.00691332 0.00282522 -0.00759215 -0.00250278 -0.00491018 -0.000270026 0.00452253 0.00488238 -0.00681145 -0.00282272 -0.00559741 -0.00610761 0.00170739 -0.00321966 -0.00639502 -0.00247903 0.00425344 -0.00197048 0.00634046 0.00641807 0.00418851 0.00167847 -0.0046812 -0.0031069 0.00134916 -0.00545612 0.00743628 0.00307401 0.00105357 -0.00733681 -0.00488671 -0.00579838 -0.00201769 -0.00601201 0.00735323 -0.00163276 -0.00445563 -0.00353776 -0.00716048 -0.000547527 0.00222473 -0.00456243 -0.000288067 0.00119305 0.0042676 0.00615913 -0.00180504 0.00419264 -0.00343997 -0.0064099 0.000305783 -0.00741478 -0.00754311 0.00735762
43766 0.00167865 0.00488768 0.00130845 -0.0045673 -0.00346276 -0.00528034 0.00318225 0.00195787 -0.00276878 -0.00687369 0.00377031 0.00419379 -0.00282807 -0.0022146 -0.00443333 -0.00111605 -0.00411518 0.00626812 0.0022595 0.00125377 -0.00607567 -0.00592751 0.00108485 0.00264071 -0.0019789 0.00444216 -0.00641292 0.00414996 0.00695176 -0.00552982 0.00453564 0.000195119 0.00278432 -0.00466514 -0.00241567 -0.00231711 -0.00417463 -0.00374872 0.00304 -0.00748471 -0.00775568 0.00117386 -0.00606102 0.00366394 -0.00515685 -0.00435873 -0.00761972 -0.00668462 -0.000556288 0.00755626 0.00531803 -0.00754995 0.00435648 -0.00145997 0.00627125 -0.00602197 -0.00528899 0.00470906 -0.00103622 -0.00429667 -0.00261923 -0.00208427 0.0052658 0.00528249
24278 -0.00322582 -0.00496632 -0.00286346 -0.00147633 -0.00563525 -0.00361664 0.00578012 0.00299217 0.00214868 -0.00092218 0.00603643 0.00116616 0.00336758 -0.00481589 -0.00365543 -0.00334595 -0.00155061 -0.00333805 -0.00243598 0.00107467 -0.00256601 -0.00276113 0.000357006 0.00280497 -0.000737401 0.00709799 0.00605607 0.00410875 0.00666983 -0.00769622 0.00371899 0.000304367 0.00673938 -0.00473451 -0.00343107 0.00236695 -0.00170506 0.00283608 -0.00159223 -0.00669918 -0.00432797 -0.00538853 0.00488799 -0.00288579 -0.00383196 0.00304751 -0.000191141 -0.00571337 -0.00280357 -0.00611023 0.00178338 0.00410307 0.0033745 0.00740888 -0.00743563 0.00458516 0.000703618 -0.00634329 -0.00205532 -0.0055543 -0.00678521 0.00150621 0.00672939 -0.00627711
19807 0.00250638 -0.00177646 -0.00212241 0.00555438 -0.000377095 -0.0045692 -0.00312066 0.00134724 -0.00239969 0.00667386 0.007484 -0.000603766 -0.0052948 -0.00197222 -0.00741165 0.00207165 -0.00655254 -0.000600872 -0.00092721 0.00124433 0.0071686 0.00297313 0.00555722 0.00536308 -0.00286359 0.00460835 -0.00562488 0.0017006 -0.00504998 0.00623482 0.00282234 -0.0066867 -0.00564714 0.00254226 -0.00704648 -0.00439647 0.00747664 0.00469971 -0.00117453 0.00104784 -0.00463368 0.0029475 0.00509854 0.00734861 0.00689719 -0.00654011 -0.0065225 0.00455588 -0.00541411 -0.00648922 -0.00784969 4.18738e-05 -0.0048923 0.00779741 -0.0036408 -0.00480608 -0.00342216 -0.00253864 0.004883 0.00517002 0.00476437 0.00573744 -0.00592896 0.00724029
36309 0.00207806 0.00106382 -0.00541258 -0.000627995 0.000858784 0.00143099 -0.000100136 -0.00130033 0.00133848 -0.0067234 -0.00602484 -0.00357437 -0.0058527 0.00671768 0.00309277 0.000696182 0.00146246 -0.00102949 0.00398397 -0.00135088 0.00206137 0.00267982 -0.00110197 -0.005198 -0.000464916 0.00346661 -0.00275326 -0.00771856 0.000746727 0.00323296 -0.00484753 -0.00546932 0.00756884 -0.000788689 0.00513077 0.00356817 0.0077343 0.0071702 -0.00715256 -0.00131607 0.00532627 -0.000614166 0.0075736 -0.00335026 -0.001369 -0.00482988 0.00388956 0.0054512 -0.00725365 0.00268745 0.000645638 0.00387096 0.00154018 0.00297737 -0.00340271 -0.00669479 0.00136042 0.00303698 0.00747776 0.00413942 -0.00578499 0.00513363 0.00330448 -0.00630379
51533 0.00218916 -0.0026722 0.00129509 0.00245237 -0.00542259 -0.000126362 -0.000547886 0.00553989 0.00699902 0.0068512 0.00618553 -0.00190067 0.000839233 -0.00167418 0.00728416 0.00150537 0.00354576 0.00301456 0.000603676 -0.00221777 -1.09673e-05 -0.00387287 0.0022831 -0.00515175 0.00604916 0.002985 -0.00139141 -0.00446177 -0.00224209 0.00559139 -0.00266409 -0.00508404 0.00215483 0.00712776 -0.00366306 -0.00242281 0.00757265 0.00779629 0.00776196 0.00757504 -0.000498772 -0.00300789 0.00245714 -0.00170183 -0.00150537 -0.00353336 0.0065732 0.00243521 2.76566e-05 -0.00615597 -0.00363731 0.00122261 0.00526333 0.00428057 -0.00502968 0.00311995 -0.00424051 0.00587082 0.0015955 0.00672674 -0.00579548 0.00222301 0.000573635 0.00371075
51534 0.00172034 0.00468812 -0.0067323 -0.00220089 0.000606931 8.7852e-05 0.00339636 -0.00738747 0.000873108 -0.00640807 -0.00122963 0.00213209 0.00639736 0.00453451 -0.00739594 0.00570859 0.00453961 -0.00406942 0.0014025 -0.00453289 -0.00457492 0.00616069 -0.0018608 0.00567556 -0.00686151 -0.00575876 0.0058998 0.00716539 -0.000904451 -0.00392323 0.00266545 -0.00613046 0.00436058 -0.00708662 0.000465699 0.00375758 0.00722591 -0.00372352 0.000753602 -0.00516238 0.00720583 0.000517929 0.00290796 0.00602191 -0.0060391 -0.00595259 0.00069733 -0.00734983 0.00172093 -0.00566169 0.00340542 0.000430277 -0.00307444 -0.000556031 0.00145974 0.00531023 -0.00097787 -0.00686114 0.0063425 0.00482493 -0.00180579 0.00721521 0.00642491 0.00117209
52510 0.00732266 0.0016099 0.000351251 0.00765767 -0.000213063 0.00357815 -0.00383296 0.00114355 -0.0074088 0.00137086 -0.0032478 -0.00162301 -0.00541484 0.00238946 0.00116694 0.00667064 0.00127814 0.00110954 -0.00470032 -0.00364916 0.00630582 0.000931727 -0.00767672 0.00411751 0.00764095 0.00745794 0.00307193 -0.000494169 -0.00563251 -0.00341453 -0.00345395 -0.00158271 0.00137968 -0.00634381 -0.00348661 -0.00649693 -0.000840501 0.00142213 -0.000791844 -0.00217018 0.00291248 0.00689551 -0.00120623 0.00592317 -0.00382278 -0.00773048 -0.00682085 -0.00315198 0.00645903 -0.00751906 0.00672842 0.00217066 0.00609597 -0.00040012 0.00247044 0.00393087 0.00707753 0.00667591 0.00171622 -0.00180066 0.0075315 0.00680992 0.00230246 0.00481969
56705 0.00227461 0.00564714 -0.00224897 -0.000536743 -0.0036853 0.00389048 0.00135332 0.00206769 -0.000459647 0.00764085 0.00164691 0.00034845 0.00377895 -0.00766997 0.00470972 0.00561135 -0.00143887 0.00290025 -0.00551168 -0.00282666 -0.0041542 0.00345957 -0.0012708 0.00595575 -0.00542891 0.00259952 -0.00243667 -0.000310374 -0.00342097 0.00566726 0.00349542 -0.00781694 0.00376681 0.00737516 0.00275824 -0.00710135 -0.000616357 -0.00272683 0.00716719 -0.000874449 8.93908e-05 0.00548517 0.00336632 0.00744914 -0.0072879 0.00332812 -0.00123209 -0.00332736 -0.000581814 -9.34069e-05 -0.000899715 -0.000631724 0.00779025 -0.00745427 -0.00776664 -0.004643 -0.00753394 0.00264008 0.00690879 -0.00567872 4.77892e-05 -0.00431122 -0.00669413 -0.00560296
58546 -0.00675492 -0.00467888 -0.000234403 -0.00455873 0.00229862 0.00250763 0.00332258 0.00530687 0.000166002 -0.00224271 0.00724106 -0.00206568 0.00215796 -0.00176386 -0.00155205 -0.00414882 -0.00668378 -0.00651644 0.00361747 0.00261996 -0.00244732 -0.00249983 0.00755191 0.00361898 0.000789625 -0.00576223 0.00459605 -0.00435434 -0.00463232 -0.00161717 -0.00660316 -0.00214233 -0.00133084 -0.00701588 -0.00180139 0.00467088 0.000436843 -0.00296233 0.00517303 0.00489479 0.00455629 -0.00679293 0.00644626 -0.00333522 -0.00532152 0.000316496 -0.00685733 -0.0028057 0.00495063 0.00487793 -0.00327692 -0.00732439 0.000342149 0.00518566 0.00408605 -0.000700528 -0.00209162 0.00729647 0.00201251 -0.00698259 -0.00729095 0.00747403 0.00771035 0.00425102
44405 -0.00528977 0.00375914 -0.00288827 -0.00567963 0.00627373 -0.00699671 -0.0055451 -0.00254344 -0.00382375 -0.00393661 -0.000579496 0.00461833 -0.00317566 0.00495448 0.00102823 -0.00574683 0.00584699 0.00401672 0.00358716 -0.00621807 0.00594474 0.00604772 0.00143307 -0.00268542 0.00258505 0.00484219 0.000335302 -0.00111781 0.00372529 0.00448099 0.00630159 -0.000957041 -0.00330596 -0.00455111 0.00107258 -0.00767815 0.0026131 0.00602079 -0.00273527 -0.0023321 -0.00154598 0.00625103 0.00574232 -0.00130602 0.00533422 -0.00459159 0.00665662 -0.00427937 -0.00745288 0.00347654 -0.00761765 0.00629854 0.00559975 -0.00607317 0.000949955 -0.00351602 -0.0039701 -0.00767292 0.00613353 0.00173197 -0.00536805 0.00557213 0.00372962 -0.0014996
59539 -0.0022028 -0.0061496 0.00415631 0.00265867 0.00477461 -0.00748771 0.00602592 0.00412892 -0.00277053 0.0035688 0.00324162 -0.00542331 0.00278184 0.00516252 0.00769798 -0.00580412 0.00189178 -0.00448426 -0.00104167 0.00655282 0.00767307 -0.00267795 0.00181941 -0.00495047 -0.00012317 0.0021308 1.74165e-05 -0.00261015 -0.0043783 -0.00098609 -0.00356913 0.0027808 0.000605795 0.00487577 0.00602873 0.00542051 -0.00155989 0.00612617 -0.00483605 -0.000771828 0.0032048 -0.00524471 0.00662488 -0.0004472 0.00449693 -0.00699882 -0.000622385 -0.00263633 0.00207698 -0.000473553 0.00222421 -0.00602557 0.00632196 0.00125883 0.000543746 0.00656586 -0.0016923 -0.000319771 -0.000676051 0.00459928 0.00712386 -0.00772027 -0.00590596 -0.00408595
52997 0.00130999 -0.00127445 -0.00399742 0.00360474 0.00196399 -0.00542909 -0.000893112 -0.00378214 0.005138 -0.00227051 0.00458231 -0.00303574 -0.00401783 -0.000721628 0.00579914 -0.00316807 0.00173311 -0.000910748 0.00198294 0.00648433 -0.00279765 -0.00577014 0.00694585 -0.00294094 0.000286619 -0.00708918 -0.00456096 0.00260942 -0.000260559 -0.00386926 0.00392075 -0.00731264 0.00537234 0.00374961 4.12659e-05 0.00754016 0.00391995 0.00271456 0.00295182 0.00777244 0.00102763 -0.00517906 0.00682818 -0.00685291 -0.00455735 0.0052394 0.00165701 -0.000633428 0.00316795 0.00476048 0.00345937 -0.00444056 -0.00692724 -0.000685571 -0.00293117 -0.0053282 -0.00708934 0.00102623 0.000755263 -0.00646661 -0.00756073 -0.00644967 -0.000579384 0.00742805
61374 -0.00366974 -0.00306606 0.00255013 0.00368547 -0.00569677 0.000668049 0.00500917 -0.000697136 -0.00177956 -0.00485468 -0.00281191 0.0017333 0.00698948 -0.00442696 0.00618029 -0.00440741 0.00232649 0.00697088 0.00156784 -0.00183201 -0.00753593 -0.00376749 0.00710297 -0.00424385 0.00370312 0.00746298 0.00179434 0.00252914 0.00565195 0.00214243 -0.00143051 0.00706577 -0.00182581 -0.00215864 -0.00660658 0.00137329 -0.00410604 -0.00671816 0.00114822 -0.00184345 -0.00234842 0.00347853 -0.00385714 -0.00321007 0.00488234 0.00524521 0.00481844 0.00687504 0.00444031 0.00743198 -0.00336266 -0.00391531 -0.00454187 -0.00069952 -0.00740623 -0.00382328 0.00702572 0.00702524 0.00609112 -0.000488758 -0.00123405 -0.00388527 0.00124788 0.00494242
51215 -0.00268246 0.00589704 -0.00101293 0.00169392 0.00161988 0.00440464 0.000540615 4.55977e-05 -0.0061132 0.00461311 -0.00180382 0.00669857 -0.00389504 -0.00548906 -0.00374494 0.00718859 -0.00731843 0.00347603 -0.00577458 -0.00601698 0.00354631 -0.00499512 0.00051438 0.00702834 0.00208223 0.00583067 -0.00475854 -0.00701572 -0.00483732 -3.90791e-05 0.00493868 -0.00176436 0.0052724 0.000953074 0.00425986 -0.00268702 0.00596042 -0.00118273 -0.00627419 -0.000195421 0.00648432 -0.0056475 0.00361814 0.00434567 0.00485838 0.00514672 -0.00773053 0.00156635 0.00671508 0.00362088 0.00577403 0.00427559 0.00406471 0.00464134 -0.00307092 0.00743917 -0.00238405 0.00516663 0.00316961 -0.00122352 0.00395648 -0.00549315 0.0047063 -0.000531203
30287 -0.00457382 0.00434351 -0.000414848 0.00412989 0.0048008 0.00722647 0.00101042 -0.00744915 0.00188875 -0.00433922 0.00153971 0.00158024 -0.00599957 0.00438023 0.00246143 -0.00605059 0.00122404 -0.00365114 0.000467777 -0.00130939 0.00150013 0.00571585 -0.00710583 0.00743771 -0.00458574 0.00218201 0.00673532 -0.00674868 0.00468016 -0.00419331 -0.00726604 0.00461292 -0.00204706 0.00287485 -0.00381565 -0.00184441 -0.00454664 0.00123167 -0.00738907 0.00339556 0.0022893 -0.00430632 0.003088 0.00179052 0.00632668 -0.00616646 0.00237131 0.00400543 0.00300646 -0.00288773 0.000217438 0.0045948 0.00169659 -0.00484705 -0.00342512 0.00110435 0.00723648 0.00564384 0.0035162 0.00679255 -0.00624323 0.0070281 0.00647211 -0.00600815
63089 0.00506937 -0.00604721 -0.00488056 -0.00583783 -0.00759418 0.00273707 -0.000901717 -0.00515665 -0.0073739 -0.0071475 -0.0070549 2.82402e-05 0.00779001 -0.00563985 -0.00341755 0.00375401 0.00117059 0.00122226 0.000933207 -0.00670197 -0.00359298 0.00434124 -0.00175772 -0.00258374 0.00685726 0.00378583 -0.0032846 -0.000865201 0.000422837 0.00390792 0.00218431 -0.00593858 0.00268818 0.00203042 0.00286022 -0.00139136 -0.00412182 0.00585325 0.00168721 0.00696646 -0.00171901 -0.00322279 -0.00742167 -0.0013017 -0.0029605 -0.00103531 0.00282148 -0.00397663 -0.00585113 -0.0002974 0.00396231 0.00618742 -0.0055114 0.00561685 0.00131937 0.00496956 -0.00696747 -0.00376218 -0.00518654 -0.000265851 -0.00715522 -0.0032457 -0.00359631 -0.000381836
63431 0.00168088 0.000211362 -9.25785e-05 -0.00601358 0.00770988 -0.00759384 -0.00523672 0.00120419 0.00702955 -0.00293189 -0.00251125 0.00754596 0.00557247 0.00399421 0.00507696 -0.00121603 0.00517208 -0.00535009 0.000287951 -0.0018882 0.00620695 0.00598971 0.00681163 0.000563621 0.00504466 -0.00613841 -0.00395535 -0.00139445 0.00321205 -0.000701615 0.00309029 0.00494787 0.00654428 0.00411239 0.00341992 0.00138305 -0.000186527 -0.00544178 0.0015285 0.00102307 0.000263279 -0.00541073 -0.00697746 -0.00325836 0.00370476 -0.00632022 0.000592442 -0.00171754 0.0043753 -0.000427811 0.00197893 -0.00612291 -0.00352839 0.000293692 -0.00240719 0.00743395 -0.0022845 0.00311189 0.00405211 -0.00699948 0.00259781 -0.00257476 0.0026929 0.00383244
64581 -0.000215054 -0.00627041 0.00468683 0.00231981 -0.00749254 0.00106621 -0.00410128 -0.00183392 -6.67572e-06 0.00144053 0.00110102 0.00627661 -0.00544882 0.00248098 -0.000282288 -0.00413847 0.00231409 -0.0078001 -0.00482798 -0.00571442 -0.00588703 0.0023613 0.0010829 0.00143051 -0.00236368 -0.0051837 -0.00345135 0.00315428 -0.00516605 -0.003901 0.0043211 0.0052228 0.00447369 0.00713825 0.000375271 0.00129652 0.00756216 0.00400209 -0.00382805 -0.000521183 0.00615835 -0.0059638 0.00212193 0.00537443 -0.00170803 0.00580311 -0.00520182 -0.00757217 0.0032711 -0.00718641 0.00265121 0.00747967 -0.00179195 -0.00178528 -0.0047183 0.00481033 -0.0061965 -0.00209045 0.00351763 -0.00588179 0.000842094 0.00366068 -0.0008955 0.00194407
67244 0.00605004 -0.000107145 -0.00751168 -0.00552399 0.00571704 -0.001107 0.00261208 -0.00428573 -0.00321972 0.00693607 -0.00249952 0.00183332 0.00533365 -0.00192405 0.00694907 0.00397898 0.00510892 0.00165202 0.00569249 0.00204493 -0.00633356 -0.00707911 0.00267839 -0.00756471 0.00010612 0.00568142 -0.00218701 0.000790847 -0.00386978 0.000651253 0.00695085 0.00197215 -0.000741057 0.00132097 0.00410813 0.00103375 -0.00395304 0.000423269 -0.00258623 -0.00724112 0.00600199 0.00774507 -0.00594311 -0.00495426 0.00751494 -0.00717512 -0.00763018 -0.000804345 -0.000519499 -0.00106517 0.00658348 0.00081623 -0.00191079 -0.00505546 -0.00359131 0.00123509 -0.00712454 0.0070084 0.00451529 0.00280916 0.00453606 0.00224593 -0.00154966 -0.00289247
34283 0.00374197 0.00501701 0.00103571 0.000488362 0.00469277 -0.00478167 0.00717257 -0.0039807 -0.000821807 0.00664931 0.0039069 0.00753684 -0.00180659 0.00689377 -0.00143253 -0.00689075 0.00276293 0.00735211 -0.00272102 0.00259032 -0.000674855 0.000582848 -0.00592768 0.00506437 0.00450403 0.00196574 0.00725058 0.00289853 0.00449576 -0.00420529 0.0042143 -0.00561866 0.00151938 0.000272163 0.00147427 -0.00459204 -0.00318436 0.00476129 -0.00640257 -0.00523733 -0.00225949 -0.00628176 -0.00227626 0.00650566 0.00339915 -0.00185317 -0.00755365 0.000256003 -0.00616129 -0.00165077 0.00647775 -0.00201464 0.00230326 -0.00611697 -0.00479857 -0.00700659 -0.00136052 0.00196996 -0.00504174 -0.00462186 0.0071682 0.00336325 0.00563558 0.000270998
5722 -0.000505362 0.0031445 -0.00235152 -0.00435429 0.00151838 0.00698897 -0.00596082 -0.0065606 0.00115613 0.00154963 -0.00161734 -0.00219068 0.00376647 0.0059063 0.00101145 0.00347588 0.0076948 0.00145083 0.00565394 0.000492061 -0.00222742 -0.00642813 -0.00313985 0.000412851 -0.00499592 -0.00164778 -0.00675253 -0.00245457 -0.00609329 0.003546 -0.00276855 0.00520156 -0.0016238 -0.00572836 0.0028649 0.00271616 0.00242548 -0.00100253 -0.0034198 -0.00407765 0.00264652 -0.00415946 0.00298039 -0.00549127 -0.00296324 -0.00507673 0.00191043 0.000672465 -0.00501982 -0.00506157 0.00296942 -0.000236185 -0.00638398 0.00621734 -0.00628161 -0.000126768 0.00711066 -0.00637362 0.0017335 0.0027496 -0.00557522 -0.0061689 0.00227316 -0.00104076
74176 -0.00769326 -0.00375604 0.00446874 -0.00573604 0.000433432 -0.0033356 0.00240378 0.00576497 0.004603 0.000436168 -0.00182228 0.00156952 -0.00206712 -0.00435118 0.001705 0.00500779 -0.00646075 -0.000412787 -0.00375494 -0.00741246 -0.000905879 -0.00514435 -0.0064259 -0.00561769 -0.00502228 0.00161291 -0.00560415 -0.0038142 -0.00699446 0.00672654 -0.0052319 0.00222967 0.000406142 -0.00317899 -0.00482628 0.00221827 -0.00241267 0.00398844 -0.00539132 -0.00552737 0.00297835 0.00339868 0.00748928 -9.06741e-05 0.00729242 -0.00474008 0.00430694 -0.0022119 0.00365876 0.000483792 0.00447929 -0.00104907 -0.00618343 0.0040706 0.00182047 0.00247785 0.00636214 0.000389812 -0.00285874 0.00130394 0.00674953 -0.000480673 -0.0066932 0.00417483
69779 0.00430214 -0.00581502 0.00438843 0.00303539 -0.00224716 -0.00312248 0.00106305 -0.00395614 0.0033924 0.0041682 -0.00299157 -0.00669109 -0.00424257 -4.07476e-05 -0.0042142 0.00673988 0.00386638 -0.00615485 0.00486632 -0.000936344 0.00562929 0.00384037 0.00574405 -0.00500369 0.00419678 -0.00499663 -0.00526428 0.00236614 0.00707209 -0.00406503 -0.00196302 -0.00712645 -0.00520182 -0.00176122 0.00436371 -0.00355286 0.00604995 0.00171577 -0.000224087 -0.00337881 0.00461956 -0.00227812 0.000999924 -0.0069854 -0.00168285 0.00362013 0.00652114 -0.00337806 -0.00262953 0.00301526 -0.00413396 -0.00371732 0.00134926 -0.0013093 0.00589703 0.004985 -0.007711 0.0017408 -0.00741297 0.00634195 -0.00154681 0.00717934 0.00707167 0.00330284
74952 0.00323004 -0.00131693 0.0039369 0.004976 -0.00213345 0.00128071 -0.00206704 -0.00223243 -0.000613866 0.00593648 -0.00358411 0.00191271 0.00433051 0.00366432 0.00197604 -0.00578775 -0.00327324 -0.000134283 -0.00317249 0.00112881 -0.00382957 -0.00337433 0.00030624 0.00242301 -0.000893271 0.00113427 0.00167093 -0.00363432 0.00219933 0.00109436 0.000213172 0.00729313 0.00773924 -0.00349089 0.00172456 -0.00401393 -0.00307965 -0.002505 0.000186103 0.000477129 0.00525388 -0.00064208 -0.00311372 -0.00101559 0.00471197 0.000865407 0.00767458 -0.00548751 -0.0074939 -0.00120697 0.00122699 0.000290893 0.0067339 -0.00657535 0.000216109 0.00369859 -9.83991e-06 0.000636243 0.00705913 -0.00587104 -0.0056447 -0.00420338 0.00177968 0.00742104
77378 -0.00425592 0.00390156 0.00171665 0.00663756 -0.00283806 -0.0043564 -0.00684294 0.00526505 0.00215588 0.00666761 0.00575195 0.00179366 0.00742211 -0.000593779 -0.000164104 0.0076774 0.000178469 -0.00583827 -0.00773926 0.00335093 0.0042606 0.00394071 -0.00117602 -0.00656805 -0.00484527 0.00333367 -0.00083711 -0.00258549 -0.000746154 -0.00275594 0.00239762 0.00578927 -0.00484511 -0.00252118 -0.00241067 0.00344167 -0.00606487 0.00451582 0.00777334 -0.0034913 -0.00497806 0.00533017 0.000607179 0.00389874 0.00630802 0.00701494 -0.000922226 -0.00344486 -0.00228572 0.007258 0.00548915 -0.00392164 -0.00728959 -0.000509078 0.00244371 0.0027516 -0.0058594 0.0077823 0.00504992 -0.00434677 -0.0042306 -0.000961274 0.0058419 0.00402021
77409 -0.00368643 -0.00380039 0.00414038 0.00689745 -0.000145912 0.00489235 -0.00548744 0.00508499 -0.00203419 -0.000473499 -0.00460148 0.00626659 -0.00342703 0.00333977 -0.00762796 0.00148773 0.00342083 -0.00763273 0.00355053 0.00259352 -0.00682926 0.00177526 -0.000613689 -0.000435829 2.71797e-05 -0.0073328 -0.00533295 0.00131321 -0.00439119 -0.00160217 -0.002213 0.00321531 -0.00114822 -0.000871658 -0.00546837 -0.00193882 -0.00247717 -0.00320816 -0.00481224 -0.00130081 0.00312519 0.00482035 -0.00590229 0.0015645 0.00628901 0.00293446 -0.00453138 -1.66893e-05 -0.00183153 -0.00678682 0.00143003 0.00769997 -0.00318289 0.00462818 0.00677443 -0.00161123 -0.00594044 -0.0052433 0.00575399 0.00285101 -0.00379133 -0.00414658 -0.00713491 0.00403309
49745 -0.00396757 0.000871742 -0.00575018 -0.00344156 0.00240856 -0.000851428 0.00223667 0.00721437 -0.00367672 0.00105261 0.00588142 0.00537579 0.00239904 -0.00761386 0.00606829 0.000214817 0.00329013 0.00222043 0.00381892 0.00338889 -0.00360211 0.00529306 -0.00761113 -0.00249139 -0.00207859 -0.000480667 0.00337054 -0.00389795 -0.00348314 -0.00462108 0.00314068 0.00663485 0.00601844 0.00732723 0.00285475 -0.00190306 9.70398e-05 0.00318529 0.00560148 -0.00262404 0.00394109 -0.00508059 -0.00145853 -0.00628435 0.000184035 -0.00695612 0.00379212 -0.00567406 0.00253716 0.0074222 0.0052489 0.00470987 0.00171515 0.00442682 -0.000325192 -0.00519676 -0.0042345 0.00360584 0.00480737 -0.000220869 -0.00305239 0.00430634 0.0070236 -0.00499911
42381 -0.00625213 0.00426651 -0.00592154 0.00568861 -0.00658479 0.00336388 -0.00711802 -0.00184465 -0.000904092 0.0044011 0.00760903 -0.00316954 0.000784904 -0.00165956 -0.00295954 0.00513376 0.00456183 -0.00753369 0.0054645 0.00259192 -0.00718996 0.00615928 0.0071529 0.00318769 -0.00349318 -0.000641378 0.00143602 -0.00681931 -0.000603584 0.00223108 -0.00394999 -0.000383536 -0.00402667 0.0044088 -0.00615152 -0.00161964 0.0020814 -0.00229189 -0.00395833 0.00652295 -0.00456433 -0.00390553 -0.00407824 0.00544569 0.0068445 0.0051758 0.00748831 -0.00752518 -0.0039808 -0.000942317 -0.00594614 -0.00448254 -0.00197399 0.0022912 0.0065962 0.00388601 0.00294055 0.00592119 0.005723 -0.00596737 0.00716953 0.0033279 0.00632156 0.00350879
42707 -0.0038293 0.00043415 0.00225615 -0.00607984 0.000533732 0.003273 -0.0021801 0.00354022 0.000255689 -0.00515945 -0.00579002 0.00189892 0.0067706 -0.00183523 0.0074138 -0.00612534 0.00410138 0.00209481 -0.00273916 0.00476637 0.00031182 0.00381399 0.00284335 -0.00670801 -0.00435104 0.00680971 0.00415467 -0.00377607 -0.00621865 -0.00592539 -0.00677136 0.00484337 0.00274395 -0.00372711 -0.00649097 0.00160099 -0.00409447 -0.00642603 -0.00597773 0.000888087 -0.00111526 0.00539709 0.00733871 0.00718877 0.00613543 -0.00326979 -0.00208766 -0.000485195 0.00282737 0.00327161 -0.000257261 -0.00347406 -0.000279441 -0.00621467 -0.00166316 -0.00150238 -0.00407317 -0.00318749 0.00422965 0.000924474 -0.00314025 -0.00459087 0.00360055 0.00142942
78468 0.00212383 0.00700665 -0.00600433 0.00692511 -0.00319338 -0.00747204 -0.00627136 -0.00572491 0.00159931 -0.00318098 -0.00142431 0.00268841 -0.00373554 -0.00766993 -0.00672197 -0.00102758 0.00669861 -0.000113487 0.00720692 0.00674486 -0.00224066 0.00557613 -0.00686264 -0.000684738 0.00300074 -0.00252819 0.00323343 0.00103045 -0.00721502 0.000619888 0.00355434 0.00597763 0.00566244 -0.0034833 0.00432158 0.00260544 -0.00237656 -0.00387907 0.0035162 -0.00558424 -0.00338745 -0.00362206 -0.000834465 -0.0072093 0.00127792 -0.00444603 0.00538778 -0.00290966 -0.00739527 0.000482559 -0.00056839 0.000605106 -0.00260305 -0.00210905 0.000405788 0.00623751 -0.0058651 -0.00521278 0.00380611 -0.00325298 0.00642824 0.00632858 0.00378466 -0.000311852
71418 0.00270885 0.00240246 -0.000839174 0.00437015 -0.00574011 0.00381419 -0.00368836 -0.00401875 -0.0028944 -0.0043687 -0.00121154 0.00479774 -0.000145278 0.00473255 -0.00323798 -0.00185132 -0.00638747 -0.00641819 -0.00714089 -0.00251582 0.00307221 -0.00469684 -0.000343909 -0.00193657 0.00277001 0.00156827 -0.00167821 -0.00438769 0.00157015 -0.00303195 -0.00316252 -0.0056018 0.00752556 -0.00464655 0.00542273 0.00401748 -0.00029429 0.00284919 0.00506529 -0.0068621 -0.00572411 -0.0026299 -0.00747564 -0.00478702 0.00337477 0.00602183 0.00562122 0.00596008 0.00520199 -0.00542704 -0.00631933 -0.00717569 0.00505532 -0.00540041 -0.000804271 -4.83204e-05 -0.0065305 -0.00504314 0.000172286 -0.00315173 0.00595329 0.00726499 0.00408187 0.00149221
75395 -0.00321583 0.004185 -0.0070739 0.000634906 -0.00285613 -0.000501986 -0.00217154 -0.00480937 0.00421054 3.09495e-05 -0.00358014 0.005989 -0.0065378 0.00459378 0.00524902 -0.00739974 0.00084017 -0.00121115 -0.00220362 0.00503409 -0.0049038 -0.0040695 0.00489827 0.00534013 0.00261137 -0.00536834 -0.0031652 0.00703053 0.00192149 -0.00275758 -0.00241316 0.000611767 0.00329406 0.00642511 -0.000667223 0.000681623 0.00249636 0.00347823 0.00268411 -0.00467139 0.00541456 -0.00239129 0.000671712 -0.00733218 5.99969e-05 -0.00657152 -0.0022686 0.00776666 -0.00543553 -0.00278341 0.00651202 -0.0026673 -0.00235957 0.00290109 0.00456915 0.00719283 -0.00229719 0.000209637 -0.00318527 -0.0068497 0.00454146 -0.00717324 -0.00616819 0.00214684
53617 0.00665569 0.00646687 0.0051856 0.0022788 0.00188065 -0.00335407 -0.00160408 0.0018816 0.00127649 -0.00464916 0.000833511 -0.00377131 0.0077095 0.000170708 -0.00167418 0.00694656 -0.00596237 0.00766563 -0.00476456 0.00276184 0.0073657 0.00690699 -0.000804901 -0.00205278 0.00239325 0.00692844 -0.00163937 0.00767422 -0.000926018 0.00774574 0.00687265 0.000404358 -0.00426102 0.00430775 -0.00360346 -0.00473404 -0.0014801 -0.00445652 -0.00745106 0.00706244 0.00448036 -0.00589037 -0.00217056 0.00247622 0.0024128 -0.00661659 0.00424767 0.00761175 0.000587463 -0.0033164 0.00725937 -0.000803471 0.00478268 0.00275469 0.00294828 0.000834465 0.00275898 0.00562954 0.00507784 0.00100088 0.00351 -0.00334311 0.00143862 0.00479889
85985 -5.38034e-05 -0.00447276 -0.00449634 -0.00758508 -0.00290613 0.00449688 0.00594282 0.0025889 0.00572174 0.00596064 -0.00205266 0.00453531 0.00289753 0.00753357 -0.00536669 -0.00449492 -0.00643608 0.0045522 -0.00251638 0.00308277 0.00311725 0.00429365 -0.00368074 0.00733712 -0.00586831 -0.00159848 -0.0053005 -0.00664094 0.00604812 -0.00423225 0.00231486 -0.00696466 -0.00456224 0.0026682 -0.000856182 -0.00177112 0.00375206 1.67178e-05 -0.00572762 -0.0046604 0.00497256 0.00736528 -0.00273022 0.00290023 -0.00192237 0.00242312 -0.00693799 0.00277856 -0.00715619 0.00466018 0.0043148 0.00694771 0.00143104 -0.00245373 0.00419303 -0.00719479 -0.00320677 -0.00151372 -0.00278913 -0.00332019 -0.00363754 -0.00225811 0.000646771 0.00477912
72846 -0.000931422 -0.00347529 -0.00609551 -0.00687468 -0.00525344 -0.0069466 0.00539498 0.00760427 -0.00425046 0.00166611 -0.00309358 0.00545369 -0.00608696 0.00377477 0.00515072 -0.00155472 -0.00372499 -0.0030078 -0.00708066 -0.00512699 0.000130692 0.00322977 0.00240927 -0.00530853 -0.00671847 -0.000437104 0.000941077 -0.000736166 -0.00322865 -0.00103673 0.000478495 0.000907849 0.00535327 0.0076253 0.00222858 -0.00369815 -0.00496741 -0.0014068 0.00405242 -0.00289061 -0.0034834 0.00339139 0.00462108 -0.00434126 -0.00176973 -0.00658527 0.00248411 -0.00149239 -0.00458833 -0.00602357 -0.00185396 0.00613081 0.00155691 -0.00169937 -0.00543894 0.00303444 0.00745543 0.00562148 0.000210155 -0.0046212 -0.000108948 -0.00148706 0.00460221 0.00550629
72884 0.00274206 -0.00377324 0.00644515 0.00359001 -0.00074027 0.00328532 0.00345025 0.00292724 0.00475174 0.0067446 -0.000226616 -0.00365325 0.00376124 0.00478545 0.00129984 0.00157911 0.00700328 0.00114963 -0.0051382 0.00637336 -0.0068587 -0.00470114 -0.000467245 0.00705617 0.00747321 0.000964246 -0.00642564 0.0048864 -3.15656e-05 -6.10575e-06 -0.00503025 -0.0074572 0.00451836 0.000847418 -0.00722889 0.000722333 0.00399828 -0.00285424 -0.00532796 -0.00410086 -0.00627976 0.00216728 0.00161209 0.00576344 0.00585009 -0.00516266 -8.91152e-05 0.0073742 -0.00613563 0.00712771 -0.00252323 0.00424568 -0.00419061 -0.00687441 -2.83379e-05 -0.00382755 0.00616703 -0.00257397 0.00176535 0.0049481 -0.00777743 -0.00660313 0.00175419 0.00172449
88012 0.00183798 0.00437047 0.000719947 -0.00143865 0.0070474 0.00508183 0.000694988 -0.00161439 -0.00454706 0.00626059 0.000230852 -0.00157299 0.000430728 0.00351523 -0.00590004 -0.00192701 0.0071148 -0.00673218 0.00763617 -0.00462124 5.16963e-05 -0.00435248 -0.00625441 0.00551479 0.00559181 0.00169282 0.00329962 -0.00144857 0.00529605 0.0050586 0.00228956 0.00611487 -0.00434475 0.00400275 -0.00345587 -0.00193786 0.00762874 -0.00723411 -0.00648003 -0.00255883 0.00200225 0.000815752 -0.00642336 0.00344608 0.000993637 -0.00496884 -0.00726757 0.00331305 -0.00319098 0.00115104 0.00260412 0.0021165 -0.00183466 -0.00678453 0.00646381 0.00777654 0.00483386 0.00104717 -0.00213647 -0.0060714 0.00598725 0.000807368 0.00524298 -0.00336974
88013 -0.00438568 0.006757 -0.0011342 -0.00731668 0.00657581 0.00757761 0.00566811 -0.00314888 0.000580142 -0.00626039 -0.000585239 -0.0057583 0.00668109 0.000166374 0.00229084 0.00476367 0.00112353 0.00439361 -0.00414881 0.00528194 -0.000526017 -0.00402653 -0.000868391 0.00603873 -0.00510718 -0.00657714 0.00619101 0.00762275 -0.00561989 -0.00255637 -4.88025e-05 -0.00636235 0.00532292 -5.3267e-05 0.000486838 -0.00137693 0.00613411 0.00651076 0.00463035 -0.000461235 0.00288556 0.00456182 -0.00574304 -0.00138448 0.00253118 0.00602073 -0.00443841 -0.000539388 0.00477126 0.00376629 0.00635269 -0.00650847 -0.000858446 0.00164333 -0.00727413 0.00304187 -0.00777287 0.00394941 0.00744634 0.000695233 0.00312152 -0.000587256 0.00489349 0.00170512
74120 0.00626373 -0.0022769 -0.000507832 -0.00748158 -0.00566387 -0.00324488 0.00237989 -0.00762558 -0.00134325 0.00130939 0.00688267 0.00480223 0.00628757 0.00310516 0.00539303 -0.000555038 0.00168753 -0.00442219 -0.00428295 -0.00606251 -0.00618172 -0.00425816 0.00584555 0.000985146 0.00671864 0.0062108 0.00187397 0.00422382 0.00376701 -0.00108814 0.00475264 -0.00638342 0.00490379 -0.00576448 -0.000635624 0.00521946 0.00765991 0.00464821 -0.00713301 -0.0070591 0.00251007 -0.00536156 -0.00671291 -0.0072422 0.00589991 0.00102949 -0.000311852 0.000763893 -0.00478077 0.00301933 -0.00635624 -0.00574446 -0.00281429 -0.001513 0.00771046 0.001616 -0.00483131 0.00092411 -0.00498343 -0.00605536 0.000668049 0.00728226 -0.00247431 0.00419664
88888 0.00134844 -0.00515795 -0.00664992 -0.00322318 0.00584528 -0.00259449 -0.00120833 0.00273587 0.0071048 0.00638843 -0.00703004 -0.00337364 0.00641521 -0.0028436 0.00641616 -0.00108647 -0.00210245 -0.001988 0.00384145 0.00502593 -0.0068175 0.00224018 -0.00360979 0.00617673 0.00175053 -9.90839e-05 -0.00218124 -0.000131497 -0.000401684 -0.00766469 -0.00569212 0.00527475 0.00497789 0.000525554 -0.00431894 -0.00293487 -0.00302157 -0.00745508 -0.00645554 0.00713678 -0.00124512 0.00714387 0.00393328 -0.00462468 -0.00126698 -0.00772957 0.00422448 0.0045419 0.000307508 -0.00503561 0.00417765 -0.00270115 -0.00154405 0.00278258 -0.00124879 -0.000190983 0.00178029 -0.00504625 -0.00467934 -0.00319678 0.00779269 0.00344812 0.00379909 -0.000562935
89216 0.00319624 -0.00777864 -0.00528955 -0.00359488 0.00626421 -0.00463104 -0.00503016 0.00666571 0.00429678 -0.00567007 -0.00170565 0.00655031 0.00643206 0.0062108 0.000567436 -0.00344801 0.00229788 0.0038743 -0.00649738 -0.00371504 -0.000140667 -0.000674248 -0.00765419 -0.00159883 -0.00451136 0.0047574 -0.00639963 -0.00184059 0.00271463 -0.000338078 0.000953674 0.00440979 -0.00730705 -0.00662279 -0.000210285 -0.00755644 -0.0021534 -0.00102282 0.00283003 0.00134039 -0.00266027 -0.00776243 0.000414848 -0.00748158 0.00772142 -0.000275612 0.000467777 0.000245094 -0.00261021 -0.00089407 0.00727892 0.00330925 0.0013442 -0.00551748 -0.000843525 0.00173807 -0.0076232 -0.00328255 0.00406837 -0.00660753 -0.00545931 0.00593281 0.00521421 0.00618696
89217 -0.00494448 0.00740097 -0.00561211 0.00577514 -0.000155354 -0.000113184 -0.00117222 0.00632801 0.00765088 0.00513488 -0.00684423 0.00109754 -0.00212076 -0.000518925 0.00649743 -0.00644794 0.00399491 -0.00249968 -0.00739234 -0.00425043 -0.00730258 -0.00570647 0.00747475 -0.00650922 -0.00440004 -0.00365895 -0.00335102 -0.0050766 -0.0050934 0.00376552 0.00230465 0.00589277 -0.00573161 0.00206664 -0.00139971 0.00182149 -0.00503017 -0.00196487 -0.00652762 0.00505381 -0.00384794 0.0016465 -0.00399924 -0.00632106 0.00489416 0.00431483 0.00316491 0.000790002 0.00292495 -0.00411647 -0.00430084 0.00518743 -0.00357776 -0.00740903 0.00315526 0.00371159 0.00196449 -0.00650418 -0.00648949 0.00686652 0.0012941 -0.0062938 0.00676146 0.00416024
92320 -0.000767062 0.00323607 0.00662192 0.000203122 -0.00136068 -0.00323055 -0.00516388 -0.00391324 -0.00447142 -0.00712127 0.00255189 0.00149341 -0.00427123 0.000859554 0.00379562 -0.00107428 -0.000104185 0.002295 0.00564042 -0.00759931 0.00523529 0.00224738 0.000865234 -0.000531001 0.00192119 0.00489822 0.00655415 -0.00620037 -0.00298961 -0.00466591 -0.000566715 0.00114062 -0.00315363 0.00118719 0.0024526 -0.00339472 -0.00349891 0.00286495 -0.00709672 -0.00690873 0.000891432 0.00116764 -0.00383622 0.000525487 0.00132686 -0.00522493 0.00361943 -0.00435424 -0.00570579 0.00480151 0.00127619 0.00363547 -0.0023144 -0.00731718 -0.00282721 -0.00577281 -0.00475981 -0.00399419 0.00621265 0.00569344 -0.00187938 0.00044445 0.00560018 -0.00349688
92321 -0.00091129 -0.00317078 0.0071322 -0.00616873 0.00712658 -0.00528037 0.00739722 -0.00606937 0.000828359 -0.00236137 -0.00373078 0.00587249 0.00746869 -0.0053067 -0.00469911 -0.00205244 -0.00543316 0.00227572 -0.00269204 -0.00150829 0.000613053 -0.000640907 0.00236883 0.000996754 0.00659066 0.00673254 -0.000599152 0.00690177 0.00678916 0.00471089 0.00119795 0.00504551 -0.00461346 0.00477108 -0.00185089 0.00284943 0.00289148 0.00320815 0.00525475 -0.00571195 -0.00727807 -0.00409831 -0.0012056 0.00751443 0.000224781 -0.00136313 0.00108637 -0.00202773 0.003506 0.00678964 0.00100897 0.00803666 -0.00446965 -0.00204824 0.00693122 0.00114294 0.00788996 0.00789901 -0.00128817 -0.00297722 -0.0064036 0.00530959 0.00736145 -0.00577492
92804 0.000956535 -0.00069046 -0.00697088 -0.00610733 0.00539732 -0.00318956 0.00268745 -0.00643301 0.00239754 0.00452089 0.000855923 0.00301027 0.000324249 0.00633669 -0.00764894 0.000430584 0.00109577 0.00624037 0.00553083 0.00354195 -0.002985 0.000361919 0.000854969 0.00590372 -0.00642967 -0.00143528 0.00634241 0.00453758 -0.00282669 0.00523758 -0.00688744 -0.00666714 -0.00726509 0.00175619 -0.00362492 0.00769186 0.00629234 -0.00345182 -0.00493717 0.00117731 -0.00365877 -0.00226974 -0.00703478 -0.00101948 -0.00278425 0.00549364 0.00205755 -0.00351715 -0.00746584 0.00421286 -0.00410891 0.000845909 0.00456238 0.00457239 0.00247955 -0.00359583 0.00251389 0.00631952 -0.00169945 -0.00257158 0.0062542 -0.00556803 0.00722504 0.000270844
78540 0.00407279 -0.00447793 0.00349185 -0.00153016 -0.00161463 -0.00502565 0.00694093 -0.00215606 0.00152941 0.00688435 0.000678543 0.00754682 -0.00203336 0.00355453 -0.00251733 0.00678962 -0.00759961 -0.0024885 -0.00649774 0.00379707 0.00423915 -0.00270023 -0.00404043 -0.00103073 0.0019948 0.0051401 0.0032062 0.000240929 -0.00214992 -0.00285537 -0.000387921 -0.00346075 -0.000605908 0.00709544 -0.000710539 0.00585357 0.00741483 0.00389663 -0.00199619 -0.00573038 0.00621257 -0.00333355 -0.00726155 0.00175052 -0.00459649 -0.00462237 0.00609184 0.00485361 -0.00678516 -0.00534722 -0.0061152 -0.00676608 -0.000916993 -0.000298701 -0.00557365 -0.00713306 0.000630582 -0.00348198 -0.00749381 -0.00243911 -0.00326247 -0.0056834 -0.00345206 -0.00544084
28527 -0.000657558 -0.00421381 0.00540686 -0.00127602 -0.00202608 0.0069623 0.00365496 0.000845432 -0.00758314 0.00557756 0.00565767 -0.00667191 -0.000556946 -0.00494432 0.00605011 -0.00500441 -0.00315762 -0.00017786 -0.00219917 0.00405693 -0.00649929 0.00513792 -0.00692225 0.0037837 0.000441551 -0.00666237 0.00538588 -0.00303888 -0.00194407 0.00176287 0.00615978 0.0061307 0.00254679 -0.00511932 0.00181341 7.20024e-05 -0.00132751 0.00711489 -0.00557804 -0.00396729 -0.00192785 0.00513554 0.00329018 0.00128794 0.00588512 0.00426722 0.00433302 -0.00334311 -0.00130844 -0.0028801 -0.00422907 0.00055933 -0.00663233 -0.00525904 0.000196934 -0.00563431 -0.00262308 0.00401497 -0.0072422 -0.00237799 -0.00178385 0.0072298 0.00301218 -0.00421715
95268 0.00130582 0.00191037 0.00521735 -0.00660117 -0.00729059 -0.00498914 0.000823348 0.00478842 -0.00756088 -0.00624367 0.00169448 0.00507894 -0.00366766 -0.00303013 0.00546575 -0.00246846 0.0035209 -0.00247431 -0.000638768 0.00110869 0.00607671 -5.71407e-05 0.00603386 0.00493562 -0.00349113 0.00132111 0.00461588 0.00613024 -0.00479111 0.00202282 0.0060085 0.00564675 -0.00283686 -0.00556601 0.00640219 0.000758979 -0.00399998 -0.00405217 0.00401171 0.00464796 0.000900866 -0.00328093 0.00667712 0.00711912 0.000721845 -0.0026113 -0.00408954 0.000463591 -0.00590157 0.00765758 -0.00575173 0.000178921 -0.00645152 -0.00692744 -0.001611 -0.00281152 -0.00339363 0.000490073 0.00258724 0.00508796 0.00411799 -0.00356583 0.000424257 -0.000709017
68326 0.000980377 -0.00756598 0.0015316 0.00468397 -0.00532055 0.00745058 -0.00153685 0.00399542 -0.0043788 0.00361633 -0.00184155 0.00148296 0.00359106 0.00192833 0.00655556 0.00775576 -0.00626469 -0.00157261 0.00271797 -0.000433922 -0.00261927 -0.00319719 -0.0061183 -0.00518084 0.0056963 -0.0032196 0.000520229 0.000111103 -0.00546265 0.00420427 0.000245571 0.00218201 0.00163269 -0.00407219 0.00778294 -0.00501537 0.0075717 -0.000832081 0.00733614 -0.00500011 0.00487041 -0.000303745 -0.00729179 0.00525761 0.00658274 -0.00523376 0.00336313 0.00568867 0.0037365 -0.00110388 0.00555134 -0.00723457 -0.00194883 0.00591707 0.00667858 0.00544214 -0.00577545 -0.00335217 0.00204468 0.00408697 0.00012064 -0.00439072 0.00150537 -0.00744724
51008 -0.00286971 0.000342755 0.000794199 0.000139095 -0.00771364 0.0069201 0.00476595 0.000797778 0.00386412 -0.00293435 -0.00376566 -0.0041517 -0.00283732 -0.00555442 -0.00346349 -0.004562 0.00352738 0.00236593 0.0044293 -0.00375726 -0.00716738 0.00326682 0.00168792 0.00502693 0.0044606 0.00253982 0.000484803 0.00633464 -0.00682057 0.00718661 -0.00225928 -0.00526664 -0.00470596 -0.00262098 -0.00738588 -0.00701781 0.00247768 0.00655786 -0.00747476 -0.00374215 -0.00813899 0.00359749 0.00610198 0.00554071 -0.00454143 -0.00748261 -0.00574107 -0.00604757 -0.00314001 -0.00195586 0.00695437 0.00272312 -0.00275905 0.00546198 0.00389412 -0.000134133 -0.0059939 -0.00467208 -0.00562697 0.00220196 -0.00500385 -0.000601786 -0.00444176 0.00241946
96646 -0.00316334 0.0046339 0.00166655 0.00176287 -0.00180101 -0.00587416 0.00346947 0.00472689 -0.00483513 0.00620604 0.00643492 -0.00597239 0.00764084 -0.000632763 0.00241184 0.00135851 -0.0016346 0.00181198 -0.00632906 -0.00431442 -0.00428391 0.00245571 0.00399828 -0.00365496 -0.00751066 0.000836849 0.0041976 -0.0038352 -0.00288391 0.000599384 -0.000460148 0.00663233 -0.00341463 0.00465298 0.00329781 -0.00195551 0.004426 -0.000192165 0.00328779 -0.000211716 -0.000109673 0.00460577 0.00492048 -0.00693178 -0.00581741 -0.00372219 0.00769377 0.0018487 -0.00136423 -0.00632858 -0.00137949 -0.00129652 0.00567293 0.00269938 0.00703096 9.15527e-05 0.00746155 0.00741148 0.00736141 -0.000999928 0.00684071 -0.00551748 -0.00437546 0.00010252
98819 -0.00143598 0.00670297 -0.00505535 -0.0071439 0.000415341 -0.00536944 0.00321921 0.0027681 0.0029488 -0.0069893 -0.00208117 -0.00645203 -0.00467703 0.000557531 -0.0045882 -0.00507271 -0.00120114 -0.00357421 -0.00195294 -0.00524681 -0.00050476 0.00239998 -0.000880703 0.000611243 -0.00677281 -0.000376992 0.00336825 -0.00228882 0.00302203 -0.000371243 -0.0010636 0.00522478 0.000438385 9.70481e-05 -0.00533128 0.00440566 -0.00178418 9.64665e-05 -0.00388785 0.002936 -0.00548313 -0.00718806 0.00297857 -0.00609139 0.00590272 0.0013219 -0.00500408 -0.00484554 -0.00664105 -0.00281387 0.00499948 0.0056672 -0.002262 0.0012211 -0.00457639 0.00255339 0.00716773 0.0043745 -0.00320341 0.00215421 -0.00328034 0.00681965 0.00642063 -0.00280323
98820 -0.00649691 0.000891685 -0.00517368 -0.0044241 -0.00440598 -0.00591278 0.0037818 0.00474834 0.00545216 0.00528908 -0.00393772 1.4782e-05 0.00646639 0.00665855 0.00216484 0.000949383 0.00169992 -0.00589323 0.00654793 -0.00196981 0.00681639 0.00232124 -0.00708914 -0.00555563 0.00647545 -0.00254965 -0.00238132 -0.00144911 0.000665188 -0.00539064 -0.00303745 -0.0022459 -0.00600386 0.00518799 -0.00700283 -0.000757217 0.00754499 0.00488329 -0.00136566 -0.00351906 -0.00246429 -0.00381756 0.00550318 -0.00622797 -0.00519323 -0.00316095 -0.00538111 -0.00534105 0.00560617 -0.0031724 -0.00475693 -0.00726032 0.00329447 -0.00343657 0.00198698 -0.00435162 0.00461721 -0.00300074 0.00553465 -0.00421 -0.0023756 0.00751162 -0.0060854 -0.00329638
99937 -0.00384712 0.00468445 -0.00780725 -0.00698757 0.00357628 0.00165939 -0.00247669 -0.00278568 0.00447798 0.00490427 0.00242233 -0.00435591 0.00134134 0.00244808 -0.00554609 0.00498962 -0.0038476 -0.0051918 0.000197411 0.00231504 -0.00349188 -0.00609636 -0.000824451 -0.00627995 -0.00698948 0.00119066 -0.0056262 -0.005404 0.00315475 -0.000322819 0.00252533 -0.0008955 0.00349522 0.00230742 0.000786781 -0.00691414 0.00155115 0.00388145 -0.000761032 -0.00572109 0.0067277 0.00398493 -0.00541782 0.00217819 -0.00452852 -0.00502157 0.00570965 -0.00233364 0.00493574 0.00440168 -0.00659323 -0.000255585 -0.00275898 0.00770521 0.00548315 0.00699663 0.00361919 0.00379515 0.00583363 0.00299072 0.003016 0.00680733 -0.00563574 -0.00612593
8168 -0.00243008 -0.00341211 0.00127291 0.00736374 0.0051725 0.00318314 0.000129364 0.00576943 -0.00598773 -0.00718843 -0.00488291 0.00162731 -0.00505595 -0.0037901 -0.00126554 0.000421353 -0.00529335 0.00630809 -0.000888588 -0.00341757 0.0021217 -0.00774786 -0.00739822 0.00645351 -0.000440583 -0.00580924 -0.00676426 0.00506952 5.69701e-05 0.00552872 0.00105874 0.000694379 0.000456149 -0.00270803 -0.00285818 0.00419164 0.00398873 -0.00538728 -0.00589709 0.00241424 -0.00342083 -0.00237777 0.00690255 0.00518029 0.00332453 0.000110985 0.00393227 -0.00635446 -6.9124e-06 -0.00750843 5.83241e-05 -0.00388829 -0.00639642 -0.00101668 -0.00772252 -0.00616956 8.86602e-05 0.00423192 -0.00660907 -0.00774182 -0.00140878 0.00711071 0.00492088 0.00750396
13373 -0.00336353 -0.00587061 -0.00273727 0.00611658 0.00464382 -0.00772853 0.00390022 0.00136079 0.00709591 -0.00658075 0.00693929 9.90963e-05 -0.00555703 0.00404186 0.00240911 0.00406981 0.00206557 -0.00264565 -6.37147e-05 -0.00673669 0.0024998 0.00467068 0.00260325 0.00161458 0.00251365 -0.0010962 0.00160675 -0.00545762 0.00439204 -0.0049739 0.00144434 0.00174992 -0.00452431 0.00378875 0.000238267 -0.00385627 -0.000434527 -0.00193725 0.00287014 0.00349241 -0.00377527 -0.00241437 -0.00673697 -0.00336747 0.00601824 -0.00683301 0.00404075 -0.00449871 0.00720756 0.00406783 -0.00766162 0.00601594 -0.0014272 0.00502859 0.00346682 -0.00068501 -0.00218654 0.00122252 0.00297038 0.00236691 -0.00652603 0.0030007 -0.000682564 0.00167543
98072 5.03864e-07 0.00710109 -0.00560105 -0.00413137 -0.00162573 0.00163409 -0.00674007 -0.0061236 0.0064799 0.00760802 0.000435181 -0.00333247 -0.000809845 0.00295933 0.00066343 -0.00630284 -0.000412504 0.00695155 0.00724451 -0.00302095 -7.14132e-05 -0.000659564 0.00382131 0.0028234 0.0017594 -0.00137874 0.00348401 -0.0020958 0.0057825 0.00574891 0.00474786 -0.00628228 0.00693732 -0.00366632 0.00475545 0.0028934 -0.00355627 -0.00388394 0.00606555 0.00366403 -0.0041856 0.000855788 0.00597149 -0.00618221 -0.00100324 -0.00587231 -0.00269796 -0.00731506 0.00399669 -0.0039499 0.00206058 -0.00118172 -0.00509593 0.00581109 -0.00574799 -0.00368307 -0.00732716 0.00542311 -0.000992691 0.00182155 0.00464453 -0.0030728 0.00593605 -0.00485307
104763 0.00656924 0.00614432 -0.000842329 0.00656517 0.00628341 -0.00637984 0.0073877 0.00119214 -0.00601574 -0.00269959 -0.00727676 0.00469458 0.00073255 -0.00661145 -0.0034379 0.00167215 0.00758933 0.00382488 0.00201591 0.00450646 0.00453334 -0.000784862 -0.00556453 -0.00528549 0.00494847 0.00023972 0.00630494 -0.00465383 0.00163088 0.00495968 0.00423497 0.00706404 -0.00144021 0.00424413 -0.00235542 0.00360857 -0.0050699 -0.00588341 0.00771436 0.00109959 -0.00683292 -0.00326617 -0.00420653 0.00627384 0.00113921 -0.000439407 -0.0014966 -0.00182667 0.00678626 -0.00414997 0.0064143 -0.00126279 0.00442186 0.00467587 0.00573325 -0.00318113 0.00410516 0.00416282 0.000652849 -0.00184902 -0.00575056 -0.000900268 -0.0014561 -0.00109209
105471 0.00740703 0.000934416 -0.00554011 -0.00205182 -0.00649157 0.000922672 -0.000508818 0.00201371 -0.00518383 -0.00531653 -0.00681696 -0.00147269 -0.00154354 -0.000729966 0.000877774 0.00587056 0.00734903 -0.00423315 0.00434697 0.00481925 0.00293311 0.00382222 -0.00399861 0.000902778 -0.00374021 0.00270217 -0.00600955 0.00610558 -0.00288586 -0.00104377 0.000931718 0.00198893 0.00439946 0.00208942 0.00483466 0.000937464 0.0032297 0.00522315 0.00399243 0.0019514 -0.00598551 -0.00215336 -0.000514873 0.00439268 -0.00768359 -0.00181108 -0.00107772 0.00132901 -0.00700772 0.00727294 0.00593753 0.00647026 -0.00575132 -0.00272879 -0.00694101 0.00486726 -0.00323354 -0.00747876 0.00358074 0.00669654 -0.00504 -0.00370836 0.00551327 0.000404346
99869 0.00135279 -0.0065093 0.00245333 -2.43187e-05 -0.00443077 0.00154924 -0.00687265 -0.00148582 -0.00484133 -0.00708294 0.00340652 0.00721598 -0.000504494 0.00541544 0.00105333 0.00738764 0.00361109 -0.0016489 -0.00465298 -0.00527287 0.00528002 0.00475168 0.00667763 0.00599384 -0.000986099 -0.00280952 0.00522757 -0.0052309 0.00530243 0.00187778 0.00379753 -0.00667953 0.00375652 0.00348711 -0.0023551 0.00538969 0.00598717 0.00352049 -0.00110149 0.00442314 -0.00374222 -0.00656605 -0.000956059 -0.00231361 0.00698805 0.00219917 -0.00233936 -0.000472069 -0.0053544 -0.00485086 -0.00658941 -0.000756264 0.00186157 0.00253201 -0.00266647 0.00117493 0.0056715 0.00462723 -0.0043025 0.00373983 0.00022316 -0.00128746 0.000588417 -0.00496197
82971 -0.00489426 -0.00650644 0.00610638 0.00359917 -0.00674009 -0.00308895 0.00398302 0.000662804 0.00462389 -0.00707293 0.00148439 0.00506783 0.00323248 0.00447035 -0.00771236 -0.000370026 -0.00670624 0.00375462 -0.00492382 -0.00553608 -0.00179243 0.00152636 0.00116396 0.00238657 -0.00256968 -0.00165749 -0.00723743 -0.00378132 0.000151634 0.00442028 -0.00178862 0.00375462 -0.00056982 -0.00133705 0.0020318 0.00396967 -0.00424051 0.00216389 0.0042429 -0.00102043 0.00558901 -0.00384665 -6.34193e-05 0.00344801 -0.00623608 0.000323296 0.00166893 -0.00216722 0.00478506 -0.00537729 0.000660419 -0.00658512 -0.00564051 0.000448704 0.0049963 0.00550508 -0.00448704 0.00433397 0.00394201 0.00464201 -0.00426865 -0.00682116 -0.00344276 0.00155163
64384 0.00316772 0.00286914 -0.00376712 0.00756422 0.00644171 -0.00374214 -0.00689235 -0.0049872 -0.00623979 0.00347445 0.0046029 0.00549722 0.00120026 -0.00310263 -0.00677108 -0.000599561 -0.00325004 -0.00368887 0.00021977 0.000826794 0.00745163 0.00144037 -0.00677972 0.00591695 -0.000843678 -0.00267647 -0.00474891 0.00627616 -0.00531005 0.00509248 -0.00692994 0.00127149 0.00201083 0.00126273 0.00490358 0.00714451 0.00411988 0.00649051 -0.00722497 -0.000493581 0.00428259 -0.00476262 -0.000182432 -7.71698e-05 0.00277491 0.00472602 -0.00557123 -0.00646136 -0.00702961 0.00173728 0.00482746 -0.00250642 -0.00642616 -0.00560034 -0.00536443 -0.00146946 0.00129822 -0.00546018 0.000581984 0.00130593 0.00624521 0.00552184 -0.00160736 -0.000332654
104082 0.00100522 4.81307e-05 0.00270471 0.00282349 0.000324698 0.000991401 0.00758141 0.00727099 0.00343037 -0.00577548 0.0065563 -0.00154129 -0.00728885 0.00670113 -0.000878014 0.000126792 -0.00474051 -0.000611212 -0.000405806 0.00276614 0.00403727 0.00401534 0.00451878 -0.00665462 0.00408754 -0.00685181 -0.00342139 -0.0026894 -0.00589898 -0.00541798 0.00511229 -0.00722877 -0.00138323 0.00160633 0.000900573 0.00206529 -0.00773555 -0.00167383 0.00761556 -0.00364312 -0.00204051 0.00341039 0.00420264 0.00448403 -0.00176948 0.00420836 -0.001509 0.00751705 -0.000952008 0.00480436 0.0064487 -0.00343214 -0.00213395 -0.00447966 -0.000455544 -7.33984e-05 0.00346872 0.0017178 -0.00309592 -0.00657982 0.00182151 0.00693943 0.00334072 -0.00753556
107106 0.00297022 0.00279331 0.000742435 0.00371027 -0.00527763 0.00487757 -0.00760031 -0.00762749 0.0042119 0.00527716 -0.00686407 -0.00269604 0.000746727 0.00274324 -0.00277567 0.00291824 -0.00639868 -0.0025301 0.00566673 -0.00284672 -0.00190878 0.000746727 0.00164461 -0.0038085 0.0041728 -0.00741291 0.00443602 -0.0036068 -0.00407934 0.00261116 -0.00377607 -0.00642061 -9.58443e-05 -0.00270367 -0.00720358 -0.0011301 0.00767756 -0.00111103 0.0056963 0.00370932 0.000413418 -0.00592279 -0.00506353 -0.004848 -0.000980377 -0.00477791 -0.00264883 0.005301 -0.00723791 -0.000245094 -0.00155783 -0.000909328 -0.00213337 0.00739813 -0.00159311 0.00618505 0.00536823 -0.0029192 -0.00352383 0.00430298 0.00718021 0.00757694 0.000485897 0.00662279
107215 0.000274359 0.00497712 0.00455542 0.00120781 0.00172756 -0.00643763 -0.00502878 0.00756592 0.00568584 0.00623145 0.00508401 0.00769592 -0.00677994 -0.00634435 -0.00147083 0.00120487 0.00426529 -0.0018081 0.00710251 0.00415995 0.00750454 0.00693451 0.00647587 0.00678961 -0.000675032 -0.00534321 0.00252637 0.00717199 0.00522138 0.00429053 -0.00116446 -0.00535126 -0.00702953 -0.0053929 0.00630879 0.000519349 -0.00428243 0.00543893 -0.000992146 -0.00392371 0.00143263 -0.00426551 -0.00669105 0.00508432 0.000588305 -0.00217813 -0.00205963 -0.00748587 -0.00183043 0.00621229 -0.0031477 0.00584869 0.00752675 -0.00585212 -0.00683002 0.00562703 0.00337901 0.00742537 -0.00504562 0.00224738 -0.00757737 -0.00571984 0.00290017 -0.00165266
108008 0.00738187 -0.0070106 0.00498554 -0.00598396 -0.00569027 0.00761161 0.00740521 -0.00766018 -0.00597815 0.00589822 -0.00292765 -0.00387894 -0.00703205 -0.0046247 0.00598772 -0.00382975 0.000754829 0.0015604 0.000675731 0.00494781 -0.00448731 -0.00144573 0.00144784 -0.00586916 -0.00281987 0.00615755 -0.00163219 -0.00580464 0.00384802 -0.00187583 0.00616091 -0.00461512 0.0040529 0.00700508 -0.00278535 0.00178983 0.00369386 0.00779138 0.0071496 0.00310438 -0.000956705 -0.00245339 -0.00313887 -0.00319461 0.00620664 -0.00707293 -0.000645563 -0.00251659 0.000586447 0.00455649 -0.00549596 -0.00596769 0.00181588 0.00612004 -0.00629136 -0.00539389 0.00106138 0.00421363 -0.00413968 -0.00512011 -0.00208396 -0.00709644 -0.000197398 -0.00577759
44521 -0.000312328 0.00780916 0.000648499 0.00437784 0.000195026 0.00156975 -0.00145626 0.00357151 -0.00550413 0.00519037 -0.00593328 -0.000630379 -0.000586033 0.000571728 -0.00082159 -0.00317669 -0.00439787 -0.000227928 0.00647449 0.00417471 -0.00433922 0.00632477 -0.00752974 -0.00248384 -0.00239515 -0.00516462 0.00716209 -0.00764894 -0.00298405 0.00602627 0.0036664 0.00282145 0.00465775 -0.00653887 0.00706625 0.00529718 -0.00711012 0.00348949 -0.00498486 -0.000406742 -0.00108147 -0.00348282 -0.0045228 0.00326157 -0.00429106 0.000525951 -0.00709534 -0.00590706 -0.00702381 -0.00131178 0.00760508 -0.00434399 -0.00528908 0.00762796 0.00210524 -0.00711536 -0.00560904 -0.00181818 -0.00512075 -0.00246477 -0.00627232 0.00582123 0.00400352 -0.00259542
108931 0.00733995 0.00448036 -0.00201607 -0.000247478 -0.00767565 0.000315189 0.00756216 -0.00342607 -0.00674868 -0.00273561 -0.00237417 -0.000341415 0.00404787 -0.00592709 -0.00322676 0.00433683 -0.00645351 -0.00724363 0.00553989 -0.00139952 0.00241327 0.0063076 -0.00666332 0.00149345 -0.00738668 -0.00126028 0.0050993 -0.00253439 -0.00225592 -0.00472927 0.00020647 0.000580788 0.00539589 -0.00112963 0.00716496 0.005898 -0.00512218 -0.00215864 -0.00213385 -0.000576973 -0.00103998 -0.00245905 0.00241613 0.0026865 0.00359964 0.00153399 -0.00665998 -0.00476694 0.00742483 0.000284672 -0.00233459 0.00357485 -0.00755739 0.00205421 -0.00306273 -0.00324202 0.00275135 -0.00776672 -0.00446415 0.00211763 0.00459099 -0.00359535 0.0048604 0.00322104
73735 0.00580665 -0.00726438 -0.00436816 0.00235884 -0.00155886 0.00526361 0.00338623 -0.00302922 -9.00596e-05 -0.00125806 0.00141646 0.00258344 0.00631452 -0.000289263 -0.00604536 -0.00355734 0.00710466 0.00393548 0.0022678 -0.00720279 0.00239663 -0.00201991 -0.00563128 -0.00147299 -0.00235791 0.00128889 0.00743743 -0.00240352 -0.00435496 0.00350896 -0.00319152 -0.00425527 -0.00655368 -0.00210755 -0.00777683 0.00625394 0.00220732 0.00401613 -0.00373778 -0.00700026 0.00473255 -0.00230697 0.00757832 -0.00319771 -0.00592018 0.000330449 0.00763867 0.00605321 0.00570846 -0.00234169 -0.00351822 0.00303796 -0.0066515 0.000564191 -0.00415135 -0.00522892 0.0065022 -0.00282631 -0.00647013 -0.00738569 0.000565949 -0.00173175 -0.000340338 -0.000756986
15556 -0.00616693 0.00576401 -3.8147e-06 -0.00474453 0.00702333 -0.0055356 -0.00636339 0.00682592 0.000651836 0.00258636 0.00723743 0.00580215 -0.00244331 0.00250292 -0.00621414 0.00566721 -0.00580025 0.00202465 -0.00637579 -0.000676155 0.00583935 0.00425196 -0.00630808 0.00431538 0.00485659 -0.00647974 0.00585461 0.00402117 0.00371265 -0.00227165 0.0025034 0.00306988 -0.00507784 0.00391245 -0.00395727 0.00118732 -0.00047636 -0.00390196 -0.00579643 -0.00564718 -0.00106287 0.00167322 -0.00719929 -0.0050292 0.00168419 -0.00656271 0.00349569 -0.00756216 0.00423765 0.00231695 -0.00306988 0.00206232 0.00372171 0.00666189 -0.00682592 -0.00128412 -0.00638247 -2.3365e-05 -0.00765371 -0.00745201 0.00643015 0.00613165 -0.00702047 -0.00373316
103620 -0.00616236 0.00641803 -0.00589222 0.00069598 -0.000988403 0.00055433 -0.00569908 0.0049824 0.00509363 -0.00572116 -0.00705317 -0.000612094 -0.00704687 -0.00509579 0.00707268 -0.00596248 -0.00144268 -0.00519657 -0.000576679 0.00703761 -0.00072688 -0.00664453 -0.0027345 -0.00422789 -0.00165425 0.0058349 6.51279e-05 0.00492554 -0.00405435 0.000134174 0.00258289 -0.00153944 -0.00292859 0.00740264 -0.00230816 -0.00663715 -0.00496507 0.00286973 0.00349992 -0.00622535 0.00247142 0.00668663 -0.00502068 -0.00100053 0.00623372 0.000868572 0.00363371 0.00652204 -0.00395457 0.00269387 -0.000518431 0.00185766 0.0062344 0.000170888 0.00648998 -0.00278144 0.0070865 -0.00397543 0.00333622 0.00128695 -0.00779542 0.00667245 -0.0019896 -0.00240799
112571 0.00469589 -0.00340176 3.76701e-05 0.00177431 -0.00576496 0.00153399 -0.0024004 -0.00645924 -0.000613689 -0.00182343 0.00711155 -0.00329876 -0.000365734 -0.00692415 0.00555897 -0.00593472 -0.00632 -0.00211668 0.000825882 -0.00288343 -0.00714445 0.00385523 0.0032382 0.00432158 0.00144577 -0.00193071 -0.00254774 -0.00396585 0.00100803 -0.00647116 0.00598049 -0.00325346 -0.0051589 0.00625658 -0.000265598 -0.00672865 0.00469685 -0.00157547 -0.00310659 0.00523567 -0.002244 0.00187254 -0.00390768 0.00271177 -0.00466251 0.00355577 0.0071106 -0.00137806 -0.0023818 -0.00521469 -0.00305986 -0.00488281 0.00707483 0.000172138 -0.00121498 0.00219154 0.00368023 0.00375652 -0.00126314 -0.00476933 -0.00168514 -0.00550795 0.00394583 -0.00149441
113049 0.00179482 0.00169277 0.000768661 0.0050602 0.00473976 -0.00114918 0.0035882 -0.001863 -0.00683022 -0.000430107 -0.00345421 0.00332594 0.00130796 0.00527096 0.000120163 -0.000914097 0.00773525 0.00340319 0.00230265 0.00545788 0.00448704 0.0039587 0.00192118 0.00673294 -0.0016284 0.000513077 -0.00238562 -0.00335693 -0.00715208 -0.000157356 -0.00186348 0.00497437 0.00661707 0.0063405 -0.00313377 0.00353813 0.0053916 -0.00408888 0.00182629 0.00352144 0.00611544 -6.77109e-05 0.00158596 0.0077858 -0.0042634 0.00584745 0.005229 0.00512695 0.00191736 -0.00190115 0.00551033 -0.00180197 0.00466537 0.00221109 0.00338125 0.00210285 -0.00497866 0.00261831 0.00550938 0.00536299 -0.00521898 0.00328875 -0.00765276 0.00214148
94106 -0.000365575 -0.00762641 0.0027552 -0.00633305 0.00352445 0.00174686 0.00455927 0.0053193 0.00385523 0.00724342 -0.00592276 0.0014173 0.00516019 0.000710902 -0.00623462 -0.00532523 -0.00143102 -0.00428745 0.000517821 -0.0024068 -0.00259255 0.000971587 0.00707845 0.00323467 -0.00321049 0.00432784 -0.00766887 0.00255295 0.00013123 0.00196157 0.00356072 0.00674938 -0.00388027 0.00567019 0.00724499 0.00338562 -0.00253666 0.000665225 0.00667029 0.00252094 -0.00581242 0.00571862 -0.00651234 -0.00752537 -0.00493996 0.00429182 -0.00289438 0.00769529 -0.0058516 -0.00691755 0.00233319 0.00398636 0.00518332 -0.00594542 -0.00111417 -0.00672697 0.000476007 -0.00447849 -0.00407557 -0.00765291 0.0063664 -0.00360614 -0.000557497 0.00382997
115101 0.00493145 -0.00602579 0.00459862 0.00542927 0.00263119 -0.00396633 0.000600815 -0.00623369 -0.00580454 0.00647211 -0.00655937 -0.00346375 -0.00509214 0.00326824 -0.00267839 0.00546932 -0.00562286 -0.00177813 1.90735e-06 -0.00624084 0.00512791 -0.00563765 -0.00657558 0.00181341 -0.00346565 -0.00710869 -0.00313187 0.00178576 -0.00318289 0.00619555 0.00768661 -0.00648069 -0.00262451 -0.00558472 -0.00563335 -0.00451565 0.00467348 -0.00539303 0.00760651 -0.00729036 -0.00104475 0.000609398 -0.0071044 0.00529528 0.00437975 0.00327921 0.00528908 -0.00424242 -0.00139618 -0.000798702 0.00361729 -0.00246143 0.00702524 0.00254297 0.00294209 -0.00456572 0.000341415 -0.00684166 -0.00311804 0.00277328 0.00313568 0.00748158 0.00673199 0.00672531
91270 0.000899335 -0.00721506 -0.00286974 -0.00786205 0.00635331 0.00662348 -0.000376687 -0.00304796 -0.00281218 0.0061011 -0.00382549 0.00211571 -0.00669355 -0.00225301 -0.00180766 0.00141427 -8.58733e-05 -0.00481881 -0.00267304 0.00641962 0.0065433 0.00712159 0.00601356 0.00276424 0.00534894 0.00432942 0.00295589 0.00584037 -0.00408422 -0.00454066 0.00376583 -0.00431491 0.00540436 0.00187669 0.00765425 0.00597294 -0.0038997 -0.00133814 -0.00704837 0.00356139 0.00263959 0.00517742 -0.00259919 -0.00674952 -0.00429084 -0.000700738 -0.00238035 -0.00210638 0.000464931 -0.00308528 0.00215122 0.00305085 0.000752776 -0.000225414 -0.00585551 0.00495017 -0.00161421 -0.00154966 -0.00368874 -0.00272844 -0.00588047 -0.000110956 0.00363529 0.00619547
118289 -0.00577021 -0.00136614 -0.00538301 0.00741529 -0.00462627 0.00357294 0.00170851 -0.00643158 0.00694132 0.00693798 -0.0038991 -0.0075531 -0.000115395 -0.0074358 0.00720787 0.00709963 -0.00367498 -0.00535393 -0.00283527 -0.00683165 0.00388575 0.00729895 0.00376177 -0.0016489 0.00724173 0.00614643 -0.00534487 0.0025177 0.00273323 0.0072341 -0.00709581 0.00486851 0.00719357 0.00261974 -0.00515985 0.00607586 -0.00442791 -0.00519037 0.00594568 -0.0056901 -0.00460243 0.000649452 -0.00301027 0.00495529 -0.00422525 -0.00316906 -0.00326681 0.00354671 -0.00728703 0.00575399 -0.00155878 0.00548506 0.000360966 -0.00297308 0.00589609 -0.00544357 0.00618124 0.00646782 0.00552464 0.00694227 -0.00346947 0.00727558 0.00282669 0.0052433
82102 -0.00057888 -0.00228357 0.00347424 0.00295687 0.00530243 -0.00374269 -0.0008564 0.00142765 -0.00610971 0.0022397 -0.00530481 -0.00341272 0.00601339 0.0036478 -0.00385904 -0.00749397 0.00412226 -0.00368643 -0.00398207 -0.00218344 0.00730419 0.00236511 0.000597477 0.00453615 -0.00554323 0.00539017 -0.00506353 0.00347328 -0.00103998 -0.0067668 -0.000433445 0.00449133 -0.00212812 -0.00533724 0.00545406 0.00644684 0.00336552 0.0039444 0.00353003 -0.0055604 0.00630665 0.00767803 0.00479221 0.00295258 -0.00780916 -0.00768042 0.00165987 -0.00560999 0.0074625 0.00611544 0.000954151 -0.0021615 -0.00356293 -0.00238562 0.00106144 0.00756454 -0.00378084 0.00449514 -0.0032239 -0.00767994 0.00359392 -0.00700426 -0.00624418 -0.000656128
98543 0.0077091 -0.000346865 0.00698016 0.00102649 0.00136699 0.00169376 0.00799594 -0.00056923 -0.00112123 -0.00715142 0.00120922 0.00472184 -0.00453521 -0.00772998 0.0071426 -0.00214606 0.00465647 -0.00774309 -0.00196937 -0.00645382 0.00347807 0.00758653 0.00252228 -0.00188236 -0.00199105 0.00123847 0.00343042 -0.00331874 0.00562991 0.00687978 -0.00663767 0.00167348 -0.00427005 -0.000539207 0.00286489 -0.00612922 -0.00363418 -0.00792924 -0.00255285 -0.00596303 -0.0062194 0.00792023 -0.0048873 0.00490029 -0.00393742 0.00588919 0.00383295 0.00713681 0.00654553 0.00209424 -0.00558893 -0.0034256 0.00300125 -0.00297068 -0.00269783 0.0013765 -0.00411173 0.00360448 -0.00306097 -6.33695e-05 0.000940166 0.00641572 0.00522338 0.00745687
118709 0.00178203 0.00683934 -0.0048472 0.000332869 0.00323874 -0.00214666 0.00389837 0.00483288 -0.00742103 0.00336714 0.00198197 -0.00168785 0.00672427 0.0062615 -0.00383734 -0.006887 0.00227081 -0.00141141 0.00105775 -0.00685326 0.00239053 -0.00163148 0.00736753 -0.00526125 -0.00562895 -0.000279628 -0.00370578 -0.00651157 0.00406781 -0.000965894 -0.000539363 -0.00434285 -0.00407744 -0.000592099 0.00540777 -0.0050322 0.00622166 -0.00334376 0.00769046 -0.00754995 0.0038832 0.00534049 -0.00327492 0.00367645 -0.00504705 0.00252707 0.00207553 0.00670153 0.00617147 0.0047701 0.00348232 -0.00591526 -0.00502502 -0.00103409 0.00462616 0.0029664 -0.00728592 0.00562487 -0.00589267 0.00639188 -0.00186258 -0.00494353 -0.00591647 -0.00707407
120365 0.00455473 -0.00275271 -0.00134794 0.0074596 0.00740823 0.00186852 0.00352645 -0.00309801 0.000213194 0.00321294 0.00603217 -0.000791614 -0.0077813 0.00656763 0.00547337 0.00294663 -0.00561044 0.00693583 -0.00720799 0.000903687 0.00649634 0.00603854 0.00578012 0.00263685 -0.00110917 0.000569847 0.00437762 -0.00241296 -0.000113464 -0.00761495 0.00266027 -0.00657014 0.00101555 0.000316247 0.00764354 -0.00373708 -0.00578328 -0.00126968 -0.00115961 -0.00528797 -0.00579933 -0.00216067 -0.000407763 0.00194491 5.98625e-05 0.00257744 0.00358042 -0.000683324 -0.000432506 0.00301024 -0.00320868 0.00717065 0.00195242 -0.00126472 -0.00635255 0.00137727 -0.00109887 0.00667299 -0.000552225 -0.00449569 -0.00394792 -0.00732218 0.00559973 0.0065531
100035 -0.00100337 0.0042335 -0.00767479 0.00553218 0.00261016 0.00728269 -0.00116242 -0.00681435 -0.0078313 0.00127686 -0.000707158 0.00500539 0.00598672 -0.00630715 0.00678583 -0.00279199 0.00104543 0.00189063 0.00153169 -0.00195988 -0.00545469 0.00656681 -0.00426175 0.00632598 0.00367363 -0.00524948 0.00389652 0.00486799 0.00596906 0.000841803 -0.00358385 -0.00576984 0.00606994 0.000259584 -0.0035298 -0.00721688 0.00753535 0.00404903 0.00636277 -0.00062922 -0.00581719 0.00568143 0.00135147 -0.00682256 -0.00105301 0.00238025 0.00735255 -0.00253353 0.00307114 -0.00740721 -0.00132992 -0.00262773 -0.000994754 -0.000254139 0.00559422 -0.007236 0.00243946 -0.0063204 0.00087731 0.00615458 0.00400493 -0.00607662 -0.00256027 -0.00355396
120525 0.00751086 0.0063155 0.00631237 0.00110222 0.000816002 -5.19996e-05 0.00567657 0.00385228 -0.00608671 -0.00147412 0.00693735 0.00565651 0.000548014 0.00736365 -0.00469794 0.00056147 0.00366945 0.00673682 0.000568653 0.00481807 9.68272e-05 -0.000821735 -0.00114213 -0.00183471 -0.00695505 -0.00314148 -0.00565143 0.00315331 -0.00348301 -0.000542822 -0.00260932 0.0053281 -0.00182631 0.00494663 -0.00201242 0.00275068 0.00732028 -0.00579818 -0.00510713 -0.00307607 -0.00586984 -0.00549722 0.0073666 -0.00512836 0.00269709 0.00645042 0.00481957 0.00632401 -0.00575579 -0.0068227 -0.00602439 -0.00351285 -4.44037e-05 -0.00236515 -0.00443589 -0.00311943 -0.0010047 -0.0069248 -0.00603391 0.00677759 0.00756557 0.00126071 -0.0019261 -0.00288561
121382 -0.00233487 0.00536822 -9.6786e-05 -0.00706401 0.00628537 0.00470936 0.000579399 -0.000363316 0.00708454 0.00368571 -0.000865121 -0.0010614 -0.00132051 0.000963987 0.00533237 -0.00145197 0.00692529 0.00589087 0.00212369 0.00242317 0.00199496 0.00703205 -0.00234333 -0.00595371 0.00575941 -0.00191281 -0.00111578 0.00406657 -9.46494e-05 0.00236154 -0.00111665 -0.00556474 0.00362874 -0.00310769 -0.00102547 0.00541898 -0.0059129 0.00606929 -5.07318e-05 0.00123425 0.00734977 0.000553562 -0.000214391 0.000709763 -0.00102558 -0.00442294 -0.00505021 0.00749103 0.00495546 0.000696343 0.00679478 -0.00242254 -0.00446588 -0.00424286 0.00467368 -0.00562638 -0.0073994 0.00765842 -0.0019654 0.00493958 0.000358263 -0.00646481 -0.0031933 0.00383505
122335 0.00737572 -0.00445366 0.00309706 0.00320864 -0.00017786 0.007411 -0.000768185 0.00618362 -0.00553751 0.00206041 0.000920296 0.00602198 -0.000229359 -0.00152922 0.000756264 0.000263691 0.00776291 0.00713968 -0.00489998 -0.00456142 0.00254774 -0.00175858 -0.00189352 0.00199795 -0.0051527 -0.00256681 0.00140381 -0.00447607 0.00582838 0.000237465 0.00197315 -1.81198e-05 -0.00610256 -0.00252438 -0.00576067 0.00345564 0.00717068 0.00579977 0.00204039 0.00276709 -0.00722265 0.00517464 -0.00039053 -0.00321341 -0.00117159 0.00547981 0.00037241 0.00608683 -0.00291252 0.00346518 0.0064292 0.00125456 -0.00032711 0.00534487 0.00378609 0.00500059 -0.00529623 0.00126743 -0.00692463 0.00039053 -0.000777245 0.00445557 0.00645351 0.00408697
122370 0.00430012 -0.0056386 0.00667 -0.000579357 0.0012846 0.00164318 -0.00600815 -0.00556564 0.00472975 0.00243521 -0.00177193 -0.00653124 -0.00467157 0.000329494 0.00028944 0.00680256 -0.00473118 -0.00519371 0.00740671 -0.00369835 -0.00378132 -0.00422907 -0.00169039 0.00657988 -0.000783443 0.001688 -0.00625467 0.00462675 -0.00393867 0.00722361 -0.000112534 0.00553942 -0.00477028 0.00475407 0.0018878 0.00730467 2.86102e-05 -0.00121784 0.00512838 -0.00023222 -0.00485563 -0.00237751 0.00453854 -0.0073843 0.00554705 0.0013876 0.00454664 -0.000614166 0.00265408 -0.00248384 0.00127792 0.000442982 0.00296926 -0.00149202 0.00268507 -0.00617695 -0.00652695 -0.0075345 -0.00176239 0.000629425 -0.00227118 -0.00263119 0.000719547 -0.006742
87521 -0.00487159 -0.00409744 -0.00633692 0.00375087 0.00712939 0.00444727 0.000557347 0.00559635 0.000612678 0.00577755 0.000380144 -0.0018558 0.000343211 -0.000814244 -0.000887127 -0.0040904 -0.00241857 -0.00772139 -0.0033548 -0.00601502 0.000906126 -0.000918107 0.00424484 0.000175575 0.00309877 -0.00571028 0.00674721 0.00376853 0.00707464 -0.00157177 -0.00627494 0.00257758 -0.00523836 -0.00668632 0.0010202 0.00402108 -0.00354884 -0.00184124 0.00542124 -0.00171249 0.00451802 0.00618837 0.00442539 0.00551869 -0.00103381 0.00329269 -0.00122756 -0.00754726 -0.000977712 0.00236369 0.00755618 -0.00411994 0.00380325 0.00207092 0.003427 -0.00378809 0.000505884 0.00761037 -0.00641958 0.00535878 -0.00283071 0.0059238 -0.00759856 0.00572241
96653 -0.00569963 0.00219011 0.00168753 -0.000655651 0.00590324 -0.00609207 -0.0044446 -0.00499916 -0.000430584 0.0051322 -0.00655556 0.00206423 0.00638962 -0.00449324 0.000263691 0.000140667 0.00391579 -0.000397205 0.00641012 0.000926971 -0.00448513 -0.000143528 -0.00162363 -0.00129128 -0.00149775 -0.00252485 0.000948906 0.00432634 0.00502586 0.00347805 -0.00770187 0.0058651 0.00309467 -0.00764561 -0.00579214 0.00402355 -0.00327015 -0.00637197 0.0068841 -0.00333023 0.00325251 0.00444031 -0.00317526 -0.001966 -0.00206995 0.00780916 -0.00217199 -0.00169706 0.00276041 -0.00156593 0.0023675 -0.00406456 -0.00727701 0.00382471 0.000281334 -0.00716114 0.00379181 0.00261927 -0.00173855 0.00660467 0.00665379 -0.00649214 0.00208426 0.00556326
123657 -0.00718847 0.0073347 -0.00183699 -0.00726701 -0.00590403 0.00261235 -0.00531994 0.00391891 -0.00454308 0.00160983 0.00223898 -0.0047595 -0.00276152 -0.00248614 -0.00111869 -0.00291464 -0.00460919 -0.00688941 -0.0059009 0.00611653 -0.0021916 -0.00250113 0.00244001 -0.00554926 0.000937116 -0.00520742 0.00721175 -0.00566191 -0.00490751 -0.00242786 -0.00326646 0.00698918 0.00747182 0.00799578 0.0073998 -0.00574169 -0.00657159 -0.00160815 0.00583225 0.000839535 -0.0031352 0.00518351 0.00299139 0.00309552 -0.00204385 0.0036077 -0.00714583 0.00641104 0.00675047 0.00532334 0.00196831 0.00158885 -0.000591874 -0.000661834 -0.00476284 0.00358157 -0.000497173 0.00402668 -0.00773865 0.00404625 -0.00375136 -0.00633623 -0.00435616 -0.00409787
116074 0.00550288 -0.0026339 0.00523524 -0.00169657 0.00720034 -0.00701277 0.00599446 0.00302274 0.00600513 0.00369897 -0.00277203 0.00690366 -0.0045036 0.0057814 -0.0018463 0.00374345 -0.00741739 0.00442188 0.00377782 0.00627176 0.00257489 -0.000487722 -0.00139305 0.00340142 0.00240061 -0.00698834 0.00168367 0.000967653 0.00606487 -0.00521701 0.000285034 0.00495784 0.00255133 0.00631185 -0.00377271 0.00120854 0.0025045 0.00207294 0.00594961 -0.00635157 -0.000794503 -0.00269567 0.00470734 -0.000871181 0.00222588 0.0029163 -0.00102404 -0.00186468 -0.0037278 0.00321548 -0.0009177 0.00528821 -0.00128402 0.00756843 -0.00178873 -0.00687044 0.00670102 -0.00118536 -0.0050941 0.00504316 0.00637424 0.00124068 -0.00614893 0.00339624
123840 0.00742824 -0.00204478 0.00579953 0.00701988 -0.00524644 -0.00232539 -0.00184496 0.0025747 -0.00633422 -0.00299455 0.00328231 -0.00450884 0.000744987 -0.00276853 -0.00687727 -0.00228473 -0.00775821 -0.00594921 -0.00744939 0.00609871 -0.00382383 0.00513212 -0.0068535 0.00219884 0.00278039 0.00674135 -0.000390785 -0.00353691 -0.00386 0.0014462 0.00402564 0.0070079 0.00705178 -0.00618144 0.00228208 -0.00414413 0.000843768 0.00228876 0.00374989 -0.00337683 6.35079e-05 -0.00618216 0.00764328 0.00322583 0.00628661 -0.00558758 0.00712215 -0.00546531 -0.00447422 -0.00374483 -0.00569987 -0.00749179 0.00475039 -0.00710186 -0.00442581 -0.00276932 0.00599216 -0.00206236 0.00174366 -0.00605936 0.00700539 0.00277698 -0.0063408 -0.000178065
39991 -0.00240345 -0.00470763 0.0063164 0.00197237 -0.00775686 -0.00527258 -0.00527408 0.00462473 0.00719366 0.00576354 0.00642011 0.00576188 0.00441037 0.00359511 0.00250361 -0.00413591 -0.000864731 -0.00662694 0.00414339 0.00236439 0.00444155 0.00616513 -0.000286505 0.00674259 -0.00594651 -0.00410486 -0.00723449 -0.00767948 -0.00599618 0.000431727 0.00116681 -0.00332012 0.000194406 -0.000496325 -0.00307435 0.00444318 0.00440299 0.0043177 0.00308527 -0.00756726 -0.00256708 -0.000554864 -0.00625396 -0.00629889 -0.00227515 0.00596751 0.000902772 -0.00719654 0.00537068 -0.00400082 -0.00396566 0.00286022 -0.00760156 0.00557409 -0.00277013 -0.0035961 0.00095647 0.0041933 0.000687567 -0.00621828 0.0073289 -0.00703637 0.000123752 -0.00377171
125338 -0.00167179 -0.0008955 0.00543547 0.00534201 -0.00388527 0.00117111 -0.00413704 0.00353289 -0.0062747 -0.000321865 0.000330448 -0.00360346 0.00590563 0.00186729 0.00586271 0.00721455 -0.00543451 -0.00545979 -0.00382948 -0.00034523 -0.00157452 0.00205469 -0.0069766 -0.00620365 0.00737858 0.00635147 -0.00360489 0.00780964 0.0049181 -0.00194502 -0.00718451 -0.00332594 0.00039959 -0.00199938 0.00605106 -0.00161362 0.00573063 0.0057354 0.000171661 0.00279379 -0.00298405 -0.00440693 -0.00025034 0.00350285 0.00324821 -0.00498247 0.00287485 -0.00200033 0.00319386 0.00635672 0.00485802 0.00580597 0.00694227 -0.00569296 0.00517797 -0.00519276 0.0032692 -0.00290298 0.00304842 0.0043292 -0.00697327 0.00547314 -0.00521708 -0.00427914
65431 -0.0071559 -0.00430202 -0.00604105 0.00027132 -0.0050292 -0.00500202 -0.00619268 0.001472 0.00192022 0.00317192 0.00221109 -0.00355434 -0.00324917 -0.00745153 0.00623035 0.00168276 -0.00111055 -0.0024972 -0.00345993 -0.00522041 0.00383282 9.44138e-05 0.00245333 -0.00517797 0.00351048 -0.00196028 0.00228214 0.00748158 -0.00498343 -0.00717449 0.00346613 0.00621367 0.00261974 0.00293541 0.00096941 0.00376034 0.00513744 -0.00376272 -0.00100183 -0.00528765 -0.00329971 0.00275707 0.00766468 -0.00478888 -0.00512123 0.00501537 -0.00346851 0.00742579 0.0054369 0.00776911 -0.00209856 -0.00574875 0.00769329 -0.00628233 -0.00195503 0.00436544 0.00100374 -0.00486231 -0.00326824 0.00185156 0.00445986 0.00362682 -0.00175428 -0.00636578
98492 0.0034702 -0.00519193 0.00176848 -0.00669108 0.000878386 -0.00671437 0.00427624 -0.00719844 -0.00548453 0.00156532 0.0058079 -0.00414749 0.00755814 -0.000492379 -0.00118677 0.00389522 -0.00660233 -0.00555265 -0.00588674 -0.00765717 0.00731602 -0.000224399 0.00268508 0.00224941 -0.00206428 0.00121151 -0.00558227 -0.0050121 0.000763916 0.00669764 0.00295558 0.00109598 -0.00598638 0.0045114 0.00763567 0.00759814 -0.00483385 0.00461362 -0.00424287 0.00551132 0.00219243 0.00233988 0.0073195 0.00176293 -0.000677698 -0.00654921 0.0044207 -0.00509089 0.0050915 0.00410189 0.00699514 0.000150761 -0.00695943 -0.000610835 -0.00647457 -0.00205911 0.00573229 -0.00659568 -0.0069556 0.00168958 -0.00392953 0.00546147 0.00766655 -0.00687559
127811 -0.00219631 -0.00164747 0.00404263 -0.00114965 0.00243282 0.00525045 0.00393677 -0.00470829 0.00457859 0.00356293 -0.00294828 -0.00759459 -0.00136805 0.00760555 0.00225878 -0.000555992 -0.0015521 0.000908852 0.00121069 0.00477362 0.00340939 -0.00725079 0.00754595 0.000590324 -0.00171423 0.00702381 -0.00419569 -0.0026474 0.00395632 0.00688505 0.000108719 -0.00380802 0.000785828 0.000742435 -0.00263071 0.00474977 0.00736809 0.00492096 -0.00557327 0.00220156 -0.00421906 -0.000787735 -0.00359869 0.0014205 0.00420475 0.00372934 -0.00558901 0.00466251 0.00304604 0.00705242 -0.00632858 0.00072813 0.000413418 -0.000921726 0.00139952 0.00310516 0.00559044 -0.00519323 -0.00447464 -0.0041995 -0.00739193 0.00560808 -0.00323725 0.0051136
103038 -0.00182833 0.000445296 -0.000590087 0.00781149 -0.00391511 0.00110455 -0.00713365 0.003329 -0.00517301 -0.00546069 0.000933267 0.00730221 0.000567771 -0.00616995 -0.00384988 -0.00269116 -0.00467017 -0.00652593 0.00666599 0.00541122 -0.00564902 -0.00585998 0.00730364 -0.00204592 0.00443121 -0.00113233 0.00608933 0.00261357 -0.00583642 -0.000249576 -0.00394914 -0.00145135 -0.00551562 -0.00253093 -0.00389287 -0.00214039 0.00305557 -0.00527393 0.00684618 0.00647752 -0.00121709 0.00602504 -0.00402838 -0.00416518 0.00500262 -0.00663974 0.00466783 -0.0051458 -0.0077489 0.00485453 0.00536814 -0.00327269 -0.00303948 0.00400031 -0.00747228 -0.0072744 -0.00348292 -0.00557324 -0.000167395 -0.000507634 -0.00461053 0.0064421 -0.00603972 0.00153567
90018 0.0034576 0.00300776 -0.0056621 0.00331988 0.00170166 0.00572418 -0.00539611 0.00340805 -0.00167493 -0.00113261 0.00339011 0.00704237 0.00493639 0.0055413 -0.000863147 -0.00131589 0.00440121 0.00335932 0.0071663 0.0067177 0.005865 -0.00439809 9.59438e-05 -0.00548072 -0.00721106 -0.000832146 0.00140811 0.00661823 6.89731e-05 -0.000601502 -0.000353799 0.00738273 0.00129565 -0.00731991 0.0063851 -0.0025924 -0.00183211 -0.00502783 0.0057225 0.000988958 -0.00654701 -0.00363112 0.00366228 -0.00547907 0.00495763 0.00577454 0.00308256 -0.00596621 0.00478813 -0.00639595 0.00360792 -0.00335294 0.0045011 0.00188166 -0.00760613 -0.00567444 -0.00212622 -0.00484683 -0.00611382 0.0046917 -0.00209726 0.00257614 0.00421622 -0.00668086
129723 0.00468731 0.000152588 0.00303698 0.00756264 6.67572e-05 0.0048914 -0.00639534 0.00556421 -0.00656843 0.00184774 -0.00183058 -0.00273323 -0.00455809 0.00411034 0.00641394 -0.00306177 0.00695276 0.00707531 0.00721025 -0.00237656 -0.00661612 -0.00336266 0.00753117 -0.00169754 -0.00556231 0.00691032 -0.00299168 -0.0026722 -0.0043745 -0.00347471 -0.00367498 -0.0014739 -0.00724363 -0.0077734 0.00730896 0.00603867 0.000854492 0.0031929 0.00291491 0.00741291 0.00115585 -0.001441 -0.00628901 -0.000857353 -0.000475407 -0.00156784 -0.00344038 0.00729847 0.00244045 -0.00723982 0.00460815 0.0011878 0.00577593 0.00396585 0.00302696 -0.00355387 0.00563383 0.00770664 0.0046134 -0.00450897 0.0014677 -0.00357485 -0.00655222 -0.000758648
130740 0.000773618 -0.00624661 0.000755681 0.00371444 -0.00458969 -0.00779207 -0.00213486 -0.00366266 -0.00245862 -0.00336611 0.00237098 0.00701541 -0.00509976 0.00563791 0.00538852 -0.0067794 0.00774899 0.00455995 0.00337361 0.00621837 -0.0017805 0.00453947 -0.00348635 -0.00606841 0.00142746 -0.00228893 0.000252338 0.00191818 -0.00611514 0.0053222 -0.00503332 0.00236377 -0.00497265 -0.00587888 0.00139296 0.00298416 -0.0041314 -0.00653618 0.00241271 -0.00729319 0.00406311 0.00184147 -0.00496958 0.00361299 0.00762981 -0.000823587 -0.000199592 0.000740482 0.00166547 -0.00158437 0.00109168 0.00329373 0.00698507 -0.00202028 0.00311597 -0.00462553 -0.00767079 0.00378921 0.0042796 -0.00495126 -0.000483377 -0.00183776 -0.00209816 -0.00101454
131290 -0.00169557 -0.00655295 0.00168509 -0.00186863 -0.000229357 0.000535422 0.00744091 0.0013774 0.00475326 -0.000157045 -0.00588563 -0.00513291 0.00263849 0.00275513 0.00712304 -0.00336919 0.0034829 0.0037146 0.000173604 0.00584512 0.00711737 0.00324745 0.0042749 0.00518248 -0.00207951 0.00187599 -0.00479634 -0.00755812 -1.33813e-05 0.000793696 -0.00344891 -0.00510215 -0.00455724 0.00448756 -0.00115109 0.00654567 0.00695448 -0.00539618 0.000305223 -0.00577969 -0.00784494 0.00324262 -0.00256912 -0.0062004 -0.00667644 -0.0034028 0.00431937 -0.00502043 -0.00483226 -0.0011132 -0.00640185 0.00370441 0.00654192 -0.00497134 -0.00548841 -0.00480389 0.000839922 -0.00601689 0.00419598 0.0030416 -0.00653839 -0.00533632 -0.000764603 -0.00422657
53540 -0.00369644 0.0017271 -0.00340986 0.0055089 0.00198555 0.00757074 -0.00141048 0.00691509 0.00108671 0.0044508 0.00664425 0.00551891 -0.00534344 -0.00407124 -0.00166035 -0.00722933 -0.000640869 0.00440311 -0.00533104 -0.00675058 -0.0011034 -0.00028944 -0.00259638 0.0005126 0.00733948 -0.00555515 0.00492096 -0.00358725 -0.00417423 -0.00308657 -0.00532246 0.00651407 0.0044179 0.00483274 0.00269794 -0.00418615 0.00306654 -0.0036912 0.000763893 -0.00510216 -0.00465059 0.00745726 -0.00145435 -0.00488663 0.00706005 0.00320339 -0.00676155 0.00288534 0.000185966 0.00562429 0.00644922 -0.00511265 -0.00501537 -0.00113153 0.00276613 -0.0076828 0.00318575 -0.00311327 -0.0077424 -0.00401449 -0.00746298 -0.00385571 0.00195932 0.000472546
22489 0.00134039 -0.00358295 -0.000155926 0.00093317 -0.00180054 -0.000660419 0.00321388 0.00768185 -0.00374603 -0.00406408 0.00187397 -0.00224161 0.00148678 -0.00657177 0.00616121 0.00611496 0.00751209 -0.00119829 0.00643539 0.00436449 0.00705624 -0.00620747 -0.00214958 0.00411415 -0.00184298 0.00628281 -0.00235081 0.00157261 0.00217581 0.000265121 0.00566387 -0.00267553 -0.00647783 0.00186729 0.00714397 0.00484133 -0.00744724 -0.00391006 -0.000153542 0.000370979 0.00280428 -0.00387239 0.00388432 -0.00659895 -0.00285673 0.00743151 0.0050149 -0.00154257 -0.00663519 0.00712442 -0.00700903 -0.00630808 0.00195074 0.00468206 -0.00121927 0.00638914 -0.00410414 0.00761461 -0.0045886 0.00459576 -0.00219297 0.00493908 0.00372791 0.000637054
133104 -0.0033083 -0.00469971 0.00220871 -0.00116348 -0.00723982 0.000655651 -0.00224686 0.00570726 0.00765705 -0.00137091 -0.00279713 0.00056076 -0.000923634 -0.00428963 0.00214005 0.00667381 0.00154734 0.00251293 0.00110006 0.00470638 -0.0051527 -0.00734663 0.00361633 0.000389099 -0.00630236 -0.00290537 -0.00351954 0.00379896 0.000834465 -0.00637817 0.00727129 -0.00213623 0.00460386 -0.00668573 -0.000728607 -0.00283241 0.00692034 -0.000700951 0.00158501 -0.00655603 -0.00287867 0.0052681 -0.00454855 -0.00179195 -0.00182724 0.00592899 0.00743532 -0.00546455 0.00701714 -0.00063324 -0.00700665 -0.0071826 0.00238895 0.000366688 -0.00765228 0.0024991 -0.00186491 -0.00221014 0.00153971 0.00525236 0.00287724 6.10352e-05 -0.00627756 0.00721979
134051 0.00466633 -0.00751305 0.00231075 0.00578117 -0.00227785 -0.0026722 -0.0020752 -0.00465393 -0.00196648 -0.00214767 0.0019989 0.00388575 0.00240946 -0.00458002 -0.00289106 0.00345039 -0.00599241 0.00769329 -0.00122643 -0.0011158 -0.00419092 -0.00422573 0.00502682 -0.00263596 -0.00619173 -0.00287628 0.00101805 0.0067234 -0.00298071 -0.00107527 0.000567913 -0.000442982 -0.00643587 0.000627518 0.00505114 0.00669813 0.00744295 0.00346518 0.00216532 -0.00418472 -0.000367641 0.000669479 -0.00566578 -0.00441265 0.00560188 0.00305939 0.00742722 -0.00378513 0.00290537 0.00185299 0.00703764 -0.00703526 -0.00531912 -0.00287771 0.00113678 0.000392437 0.00584507 -0.00625086 0.00634003 -0.00231981 -0.00656557 -0.000453949 0.000353813 0.00773907
51592 -0.00711217 0.00550951 0.00659557 0.00488577 0.00169492 -0.0014101 -0.0039794 -0.00560299 0.000435488 0.00236039 0.00219078 0.00549694 0.00302841 -0.00698738 -0.00590241 -0.00236154 0.00525043 -0.0013261 -0.00387709 -0.00067159 0.00442409 -0.0051581 0.000228205 -0.00473741 0.00615475 -0.00243931 0.00304691 0.00616376 0.00375478 -0.000949852 -0.0055727 0.00163009 0.0022428 0.00619496 -0.00424765 -0.00297665 -0.00554226 -0.00171687 0.00558218 0.00573805 -0.00741078 0.00282192 -0.0018304 -0.0049613 0.00706448 -0.00462788 0.00411368 0.000792115 -0.00251475 -0.00497763 -0.00336703 0.00265782 0.000649805 -0.00167787 0.003752 -0.0036195 0.00715741 -0.0015957 -0.00228532 0.0050442 -0.00577916 -0.00201736 -0.00264672 -0.00247366
131432 -0.000705293 -0.00274586 -0.00197693 0.00272614 0.00112364 0.00590438 0.00773762 -0.00277988 -0.00680031 -0.00251846 0.00715226 -0.00460199 0.000282284 -0.00324048 0.00392118 -0.0017638 0.000933016 -0.00113771 -0.0023773 -0.00502761 0.0073403 0.00490292 -0.00480758 0.00207373 -0.000682468 -0.00261951 0.00215222 0.00576383 -0.00499594 0.000333534 0.00556664 -0.00449716 0.00217178 0.000246947 -0.00260718 0.00203567 0.00735554 -0.00305565 -0.00758647 -0.00198042 -0.00267238 -0.00685758 -0.00314549 -0.00177148 -0.0019583 0.0028308 0.00441956 -0.00227526 -0.000616076 -0.00162852 -0.00638553 0.00694788 0.00306142 -0.000429761 0.00223436 -0.00540132 -0.00193484 0.00684278 0.00256284 -0.00421071 0.0065648 -0.00217954 -0.00246879 -0.00461501
116702 0.00709963 0.000905037 -0.00125551 -0.00196648 0.000246048 -0.00273609 -0.00591707 0.00592232 -0.00617599 0.00759602 0.00281811 0.0025301 0.00139761 0.00713158 -0.00164127 0.00642538 0.00142765 -0.00731611 2.3365e-05 -0.00167751 -0.000956535 0.0020709 0.00357485 0.00243711 -0.00340033 0.0033803 0.00583792 0.00131273 -0.000519753 0.00124645 -0.00403881 -0.00388193 0.00392723 -0.00363541 -0.00317955 0.00100279 -0.000390053 0.00479412 -0.0021286 0.00226116 -0.00378704 0.00764513 0.00356817 -0.000990391 -0.00262213 0.00645351 0.00741816 -0.000109673 -0.006217 -0.00766039 0.00640392 -0.00125313 -0.00755501 0.00425053 0.00646925 0.00690794 -0.00222731 0.00625944 -0.00681973 -0.00683975 -0.00728416 -0.00640011 0.00575304 -0.00346375
137437 0.00740051 -0.00509405 0.00731277 -0.00262117 -0.00451803 0.00533056 0.00207186 -0.000692844 -0.00377417 0.00239754 -0.00145197 0.00129223 0.00567007 0.00113058 0.00387669 -2.57492e-05 0.0036397 0.00343704 0.00771952 -0.00170231 -0.00254917 0.00141859 0.000199318 0.0043478 -0.00215864 -0.00104284 -0.0020175 -0.0035305 0.00670624 -0.00749302 -0.00205469 -0.00520277 -0.00532579 0.000431061 0.00441408 -0.00347424 -0.00501585 0.0036912 0.00254583 -0.00681973 -0.00518036 -0.00338984 -0.00740862 -0.000910282 0.00055933 -0.00511789 0.00446987 -0.00318384 0.00497723 -0.00356865 0.00428677 -0.00562286 -0.00152111 -0.00771093 0.00284243 0.00625801 0.00240183 0.00747108 -0.00348663 -0.00319719 0.000844955 0.00339556 0.00367689 0.00423431
115115 -0.00094675 -0.00317553 -0.00106307 -0.000483327 0.00669326 -0.0075126 -0.00729095 -0.00485625 0.00222747 0.00627757 -0.00410126 0.00506732 0.00467611 -0.00515458 -0.00776469 -0.0043044 -0.00332662 -0.00011699 0.00179171 0.00734171 -0.00296979 -0.00537774 -0.00121022 -0.00759734 -0.00492061 0.00652916 0.00165304 0.00267421 -0.00151341 0.00385567 0.00478512 0.00643593 0.000626038 -0.00518394 0.0070757 -0.000904803 -0.00618898 -0.00099611 -0.00520216 0.000328463 0.0067198 -0.00390627 -0.00719201 -0.00767532 -0.00477929 -0.00404785 -0.00533912 0.00138952 0.0025251 0.00670592 -0.00432883 0.0023531 -0.0039114 -0.00165828 0.00121757 0.00456225 1.83075e-05 -0.00229505 0.000445831 -0.00133816 -0.00679932 0.00617155 -0.00377184 -0.0018499
138324 0.00436783 0.000766754 0.00350046 -0.00464106 -0.000909328 0.00704384 -0.00265217 0.00339603 0.00582218 0.00453758 0.00425005 0.00380182 -0.00224543 -0.00345182 0.00553656 0.00258064 -0.00691557 0.00542641 0.00235462 -0.00120258 8.58307e-05 -0.00322008 0.00528526 0.00587463 0.00378132 -0.0061636 0.000855923 -0.00770426 -0.00432873 -0.00524569 0.00188303 0.00684786 -0.00669861 0.000986576 -0.000478268 -0.00427389 0.00425625 0.00386667 0.00207281 -0.00148153 0.00636196 0.00314569 -0.00594902 -0.0039897 -0.0075717 -0.00159883 0.000565529 0.00307894 -0.00493288 -0.00420713 -0.00323439 0.00774765 -0.00070715 0.00233984 0.00365782 0.00591373 0.00219297 0.00332022 0.000659943 -0.00155354 0.00237417 0.00433731 -0.00378609 -0.00295496
41229 0.00658259 -0.00696749 -0.00380598 -0.000687704 -0.00748446 -0.00425185 -0.00737283 -0.00500188 -0.00681068 0.00596008 -0.00610078 -0.00471457 0.00773597 0.00668354 -9.62156e-05 0.00620379 -0.00241001 0.00441156 0.00607872 0.000737546 0.0010677 -0.000431543 0.00221221 -0.00188404 0.00036825 -0.00105041 0.00297259 -0.00757846 -0.00433577 -0.00505426 -0.00184283 -0.0047367 -0.00108182 0.00131889 -9.14935e-05 -0.00309289 -0.00460344 -0.00761249 -0.00289538 0.00164827 0.00726356 0.00698303 -0.00602386 0.00402896 -0.00453091 -0.00121434 0.00564467 -0.00082027 -0.000951109 0.00664394 0.000333725 0.0034573 -0.00135589 0.00768504 0.00437983 0.00663952 -0.00295498 -0.00405943 0.000682152 0.00371357 0.00620184 -0.00750498 -0.00703236 -0.00374429
95335 -0.00322539 -0.00101057 0.00688214 0.00227949 -0.000976206 0.00691926 -0.00570211 -0.00444206 0.00515807 -0.00415712 0.00544889 0.000708981 0.00268998 0.00230489 0.00181726 -6.32588e-05 0.00710925 0.00461479 0.00181091 0.00209758 0.00228906 0.00246188 -0.00448437 -0.0072615 0.000296241 0.00519862 0.00763208 0.00667308 0.00367721 -0.00488177 -0.00532657 -0.00565625 0.00464657 0.00166257 0.00297265 0.00527614 0.00660566 -0.00666365 0.0073408 0.000154724 -0.00047816 0.00465928 -0.00195229 0.00240778 -0.00023034 0.00145171 0.00123852 -0.00523047 0.00748852 -0.00377995 0.00695821 0.00581506 -0.00745673 -0.0056619 0.00543016 -0.00475786 -0.00383995 0.00193197 -0.00379052 -0.00145566 0.00602384 0.00429691 -0.000722676 -0.00108229
134333 0.00504541 0.00491953 -0.00487518 0.00303602 0.00722504 0.0028944 -0.00543261 0.00720692 -0.00329447 -0.00140476 -0.00637007 0.0022378 0.00542784 -0.000533104 -0.00134611 0.000613689 -0.00486803 0.00603437 0.00189209 -0.000270844 -0.00176573 -0.0028553 -0.00104094 0.00563145 -0.00439167 0.00380087 0.00661087 -0.000398636 0.00149202 -0.00623894 0.000298023 0.00333405 0.00541782 -3.33786e-06 -0.00439358 5.38826e-05 0.0070076 -0.00355959 0.00552368 -0.00769091 -0.00333786 0.000996113 0.00389957 0.000658512 -0.00701904 0.00298119 0.00203705 0.0027585 0.0055666 0.00748205 -0.00622129 0.00766802 0.0028038 -0.00308609 0.00103331 -0.000729561 0.00326729 -0.00710392 0.00634956 0.00612354 -0.00465918 0.0031023 0.00448227 0.000385284
98482 0.00683254 0.00494073 0.00645481 -0.007486 -0.0020325 0.000786889 -0.00638107 -0.00690833 -0.00696849 -0.000471426 -0.00100307 0.00546023 -0.000290803 0.00639355 0.00123839 0.00157593 0.00545109 0.000791648 -0.00485626 -0.00182936 0.00678271 -0.00128642 0.00288257 -0.00209787 0.00175636 -0.00621628 -0.000488262 0.00615654 -0.00565307 -0.00274583 0.000484013 -0.00196595 0.00398408 0.00217456 0.00376704 -0.000457981 0.0047284 -0.000800963 0.00346853 -0.000214272 0.00431669 -0.00692821 0.00137831 0.000469747 0.00182131 0.00771227 -0.000610001 -0.00298105 0.00194024 -0.00254424 -0.00740477 -0.00585337 -0.00347135 -0.00461618 -0.00671779 0.00720552 -0.00130048 -0.00476037 -0.0044343 -0.0051221 0.00667965 0.00696397 0.00578297 0.00377885
15319 0.00101709 0.000985146 0.000393391 0.000694275 0.00665998 -0.00584698 -0.000744343 0.00222731 -0.00403976 0.00738096 0.00755072 -0.007514 -0.00734043 -0.00755262 -0.00297689 0.0040617 -0.00410509 0.00449944 -0.0061264 -0.00566244 0.0068121 -0.0011797 0.00538588 0.00106478 -0.00478029 -0.00256252 -0.00623846 0.00640488 -0.00476694 0.00399351 0.00410414 -0.00667715 -0.00454998 0.00622892 -0.00121212 -0.00146389 0.000112534 0.00700378 0.00515509 0.00527191 0.0049119 0.0013299 0.0037818 -0.00433683 -0.00172234 -0.0034132 -0.00762987 0.0060482 -0.00257778 -0.00659847 -0.0037303 0.00498486 -0.00438547 -0.00689316 0.0075531 -0.000239849 0.00182629 -0.00386095 -0.0013504 0.0036993 0.00234795 -0.00521374 -0.00753736 0.00442934
127279 -0.00572872 0.00277472 0.0068512 0.0029068 -0.00144291 0.000104904 -0.00397491 -0.00226831 -0.000536442 0.00749922 -0.00264454 0.000188351 -0.00069952 -0.00300312 -0.00321627 0.00140905 -0.00533867 -0.00631666 0.00257254 -0.0072751 0.000598907 -0.00303078 -0.00316715 0.00747633 0.00702333 -0.00172997 0.00457859 0.00409412 -0.00622034 0.00476694 -0.00339222 -0.00377226 -0.00192881 0.00233698 0.00658989 -0.000266075 0.0013032 0.00171137 0.00678873 -0.000834465 0.00400972 0.00720835 0.000917912 0.00358534 -0.00654936 0.00520945 0.00356245 0.00372076 0.000653744 -0.000761032 0.00528622 -0.00597715 -0.00162935 0.00130892 -0.00088501 -0.0033474 -0.00703049 0.00639057 -0.00436974 0.000962734 -0.0007658 0.000300884 -0.00700903 0.00548887
141490 0.00109307 -0.00340407 0.00100732 -0.00209298 -0.00652864 -0.00339099 0.0074417 -0.00260327 0.00534516 -0.00701061 0.00124247 -0.00492547 -0.00445879 0.00490694 0.00356379 -0.00519074 0.00647807 -0.000440964 0.00227439 0.00580284 -0.00176115 0.000453011 0.00661082 0.00174793 -0.00204625 0.00306532 -0.00750695 -0.00498617 0.00299848 -0.00193604 0.0024788 0.00602465 0.00686959 0.00416276 -0.00154191 -0.00205544 -0.00699915 0.00432689 -0.00326429 -0.00464824 -0.000489793 -7.40874e-05 0.00610099 0.00247039 0.00624004 -0.00111286 0.000830457 0.00294044 -0.00318036 -0.00461191 -0.0031878 0.00101833 -0.00463204 0.00776438 -0.0066058 -0.00579477 0.00716396 -0.00239626 0.00567319 -0.00579282 0.00651509 0.00247672 -0.00330595 0.00228851
48485 -0.0030793 -0.00782172 -0.00292281 -0.00778978 0.00354559 0.000765411 0.00232002 -0.00443359 0.00758607 -0.00387017 -0.00270285 -0.00164629 -0.00365582 -0.00676059 -0.00310081 -0.00671089 -0.00301193 -0.00129298 -0.00253746 0.00690254 0.00206054 -0.00688606 -0.00625691 0.00751367 -0.000836784 -0.00484888 0.00403435 -0.00160286 -0.00312316 0.00580345 0.00725041 -0.00159926 -0.00664422 0.0018969 0.000395841 -0.00410414 -0.000979076 -0.00333199 0.00245296 -5.25278e-05 -0.00280021 0.00776815 -0.00649743 -0.0060225 0.000813156 -0.00243488 0.0067062 -0.00686139 -0.00544751 0.00134082 0.00269007 -0.00453143 0.000676141 -0.00761917 -0.00753545 -0.00347285 -0.00662117 -0.0038299 -0.00686161 -0.00117285 -0.00585587 0.00366842 0.000770703 -0.00205153
80942 -0.00375905 0.00717726 0.00160137 0.000250534 0.0016853 0.00615632 0.00419814 -0.00558618 -0.00760436 -0.00570177 0.00275722 -0.0078068 -0.00668812 -0.00631024 -0.00443628 -0.00196263 0.00219443 0.00661459 0.000506426 -0.00716524 0.00647963 -0.00212956 0.00333204 -0.00626383 0.00265784 -0.00307135 -0.000335756 -0.00554837 0.00404333 -0.00478005 0.00402278 0.00398775 -0.000627036 -0.00648734 -0.000702958 0.00395279 0.00401877 -0.000186098 -0.00337643 -0.00444055 -0.00501624 0.00435871 0.0075989 0.0032368 -0.0039406 -0.00209106 0.00469132 0.00294435 -0.00523708 -0.00242093 6.51241e-05 0.00139099 0.00481205 0.00542534 0.00622559 -7.37737e-05 0.00233829 0.00489932 -0.00705098 0.006801 0.00261841 -0.00148296 -0.00550876 0.00348066
141868 0.00577558 0.00428469 -0.00247261 -0.00266214 -8.32186e-06 -0.00148107 -0.00237486 0.00396892 0.000618211 0.00419088 -0.00436921 -0.00226281 0.00140315 -0.00109989 -0.00538763 0.00241591 0.0034133 -8.23806e-05 0.000105994 -0.000598059 -0.00178699 -0.00144874 -0.00553452 -0.00027565 -0.00741678 0.00754861 -0.00534268 0.00244545 -0.00148465 0.003979 -0.00598811 -0.00151085 -0.00356984 0.000631615 0.00545026 -0.00642225 0.000583266 -0.00442644 0.00677926 0.00386151 -0.00160768 0.00236867 0.00714623 0.000690734 0.0031103 0.00418425 0.00167303 0.00616578 0.00599315 0.00360575 0.00510406 0.00404906 0.00616227 -0.00437252 0.00538031 -0.00711971 -0.00122364 0.00341193 0.00070215 0.00208251 0.00202106 0.00497691 0.00642745 0.00638555
142117 -0.00694036 0.00119448 0.00681591 -0.002244 0.00263929 0.00296688 0.00590658 -0.00500822 0.00276518 0.00318098 -0.00667095 -0.00274611 -0.00350666 -0.00635767 -0.0028019 0.00761271 0.00530243 -0.0058527 -0.00678825 -0.00767946 0.00293779 0.00257063 -0.00368357 -0.00560331 -0.00758553 0.00229263 -0.00354099 0.00255156 -0.0067358 -0.00085783 0.00160694 -0.00315952 -0.00481224 0.00532341 0.00590658 0.00649261 0.00456715 0.00500774 0.00554657 0.00755119 0.00562239 0.00656223 0.00518322 -0.00421906 -0.00607204 -0.00266409 -0.00312138 -3.14713e-05 -0.00219107 -0.000266552 -0.00497055 -0.00392151 -0.00465965 -0.00237942 -0.000139236 0.00301123 0.00184488 -0.00570965 0.00422144 -0.00769615 0.00123644 0.00228357 -0.0056324 0.00189447
142312 -0.00389576 0.00754356 -0.00301838 -0.00746298 0.00613117 0.00507498 -0.001894 -0.0067544 -0.00712633 -0.00766706 0.0049963 -0.00377989 -0.00638103 0.00189304 -0.00156069 0.00701571 0.00484133 -0.00287724 -0.000329018 0.00727844 0.00735807 -0.00634432 -0.000555992 0.00143623 0.00182438 -0.00398016 0.00461769 -0.00158358 -0.00645876 0.00283861 -0.00329542 0.0060277 -0.001647 -0.00191307 -0.00475025 -0.00154161 -0.00703096 -0.00568533 0.00483799 -0.00297689 0.00649214 -0.00154638 0.00736666 0.00586128 -0.00475883 -0.00263834 -0.00286961 0.00522041 -0.00548029 0.00559855 0.00159359 -0.00597382 0.00192451 0.00696802 0.00728464 0.00312614 0.00771475 0.00418091 -0.000693321 -0.00722122 0.00183678 -0.00743628 0.00264788 -0.00672483
95532 -0.0018692 -0.00596142 0.00566673 -0.00397682 -0.000941277 -0.00145864 -0.00232315 0.000844002 0.00397873 -0.00401068 0.00101471 -0.00755644 -6.38962e-05 -0.00716829 0.00138712 0.00181198 0.00674248 -0.00682497 0.00062561 -0.00574875 0.0059371 -0.00523138 0.00190973 0.00542259 -0.0027194 -0.00454569 -0.00468063 0.00147963 -0.00325394 -0.00211716 0.00378609 -0.00593996 0.000911713 -0.00753498 0.00730848 -0.00442648 -0.00265789 0.000112057 -0.00700808 0.00180483 -0.00101471 -0.00151396 -0.00434351 -0.00646973 -0.00531673 0.000811577 0.00157595 0.00353098 -0.00306606 0.00159645 0.001966 0.00633287 0.000882149 -0.00418949 0.00627947 0.0051775 0.00443745 0.00462675 0.00505686 -0.0045681 -0.00276756 0.00176334 0.00489092 0.00706577
135982 0.00582871 0.00167409 0.000242079 -0.000866704 -0.00649927 0.000414992 0.00474484 -0.00346939 -0.00119077 -0.000501311 0.00635801 0.00717758 -0.000800736 0.00596584 0.00125913 0.000997249 -0.0077245 0.00570584 0.000541837 0.00470505 0.000963347 0.00540239 -0.00595056 -0.00122361 -0.00574274 -0.00038186 -0.000567807 -0.000215439 -0.00753159 0.00622408 -0.00731356 -0.000745125 0.00566851 -0.00569443 0.00555055 0.000480519 -0.00542038 0.00431616 -0.0025507 -0.00327882 0.0044298 0.00369425 0.00676783 0.00736828 0.00333618 -0.00358607 0.00151837 -1.35349e-05 -0.00195734 0.00723097 -0.00326344 0.00247868 0.00621126 0.00660742 -0.00112482 -0.00230646 0.00358959 0.00635883 0.00155625 -2.5713e-05 0.00436526 0.00103499 -0.00172544 -0.000454315
145610 0.00242583 0.00109088 0.00278985 0.000671687 -0.00636726 0.00434695 -0.00412618 -0.00193154 -0.00519324 -0.00409475 0.00702836 0.00681718 -0.0014921 -0.00508708 0.00105629 0.00579091 -0.00250908 0.00344976 -0.00385637 0.00422948 0.0025478 0.00156986 0.00522052 -0.00272487 0.00038926 -0.000400372 -0.00692686 0.00467118 -0.00624949 -0.00490294 0.00349706 0.00517991 0.00750435 0.00157223 -0.00748332 -0.00757639 0.000656776 -0.00339781 0.00655867 -0.00436538 0.00510719 0.00331645 0.00709627 -0.00571716 -0.00678873 -0.00361095 -0.00393393 0.00754021 -0.00126186 0.00292719 -0.00573886 0.00651754 -0.00710803 -0.00415441 -0.00502242 -0.0074792 -0.00670711 -0.00337671 -0.00771933 -0.0016443 0.00110943 0.000623264 0.00335187 -0.00273872
146238 -0.00537729 0.00205755 -0.00370502 0.00713634 -0.00406361 -0.00387621 0.00247002 -0.000192642 0.00158978 0.00188208 -0.00331926 -0.0029335 -0.00268269 -0.000835419 -0.00400639 -0.00609732 0.00360441 -0.00582218 0.00750589 -0.00259352 -0.00267744 -0.0016017 -0.00547171 -0.0066185 -3.71933e-05 -0.00550461 0.00715446 0.0042367 0.00580215 0.00208139 0.00604773 0.00328875 -0.00634003 0.00451183 -0.00582743 0.00530577 -0.0075469 0.00578594 0.000918865 0.0046792 0.00671005 -0.00560665 0.0021019 0.00291538 0.00662708 0.00503731 0.00778723 -3.05176e-05 0.00757313 -0.00742292 -0.00483179 0.0036087 0.00612974 0.00599432 -0.00342703 -0.00616837 0.000696182 0.00172758 0.00420761 0.00590038 0.00437498 0.00292778 0.00170135 0.00338793
146360 -0.0030899 0.00648451 0.00282621 0.00168037 0.00465059 0.000618458 0.00119114 0.00394869 0.00531101 -0.00510931 -0.00745535 0.00691557 0.00274324 0.00355673 0.00472927 -0.00219965 -0.000246048 -0.00651598 5.05447e-05 -0.00335312 -0.00457811 0.00318432 0.00697803 0.00291395 0.00057745 0.00668955 0.00218725 -0.00571632 -0.00521994 -0.00556469 -0.00638199 -0.0071764 0.00594044 0.0011363 -0.00257492 0.00269508 0.00156498 0.00594807 0.000125408 0.00643158 0.00713921 -0.00261021 0.0050683 -0.00415182 -9.53674e-06 0.00332546 0.00453234 0.00585556 -0.00583458 0.00348616 -0.00780344 0.00224304 0.00527954 -0.00643396 -0.0020771 -0.0020504 -0.00163317 -0.0066123 -0.0060358 -0.00110579 0.00769854 0.00254059 -0.00171137 -0.00237656
146898 0.000346184 -0.00714254 0.0053854 0.00648546 0.000572681 0.00364304 0.00774193 0.00483036 -3.14713e-05 0.00713444 0.00397921 -0.00492954 -0.00146818 0.000738621 0.00684071 -0.00476933 -0.00152111 -0.00647306 -0.00610495 0.00656843 -0.000876427 -0.000220776 0.00164509 0.00264788 0.00210094 0.00393105 -0.00659513 -0.00593805 -0.00284672 -0.00590277 -0.00148773 -0.00354815 0.000249863 -0.00273037 -0.00300455 0.00288486 0.00488901 -0.00538445 0.000370979 0.00698423 -0.0035243 -0.00627375 0.00582886 0.00601196 -2.86102e-06 -0.00439119 -0.0067668 -0.000967026 -0.00160694 -0.00734425 0.00155735 0.00311995 0.00433969 0.00100756 0.00106668 -0.00664711 -0.00215435 -0.00208807 0.0041213 -0.00730753 -0.00324583 0.00187731 0.00589752 -0.00126505
146899 0.00379676 -0.00564446 -0.00520722 0.00467824 0.00360451 -0.00120623 -0.00118184 0.00467249 0.00298137 0.000508746 0.00125589 0.00621892 0.00748851 0.00678349 0.00534919 0.00300114 0.00449724 -0.00574984 0.00131617 -0.00728471 0.00291435 -0.00452664 -0.00771561 -0.0071956 -0.00340945 -0.00696465 0.00385697 -0.000621499 -0.00531412 -0.000427049 -0.00163316 -0.00221439 0.00280667 0.0065597 -0.0046005 0.000692698 0.002759 -0.00726489 0.00564629 0.00458486 0.00384244 0.00390142 0.00206445 -0.00395306 -0.00569782 -0.00595786 0.0042705 -0.00759025 0.0054526 0.00306229 0.000392649 -0.000834651 -0.00610682 0.000475216 0.000240334 0.00760162 0.00291315 0.00261517 0.00695514 -0.0051761 -0.00371135 -0.00448253 -0.00173571 0.00204679
147283 -0.00166745 0.0050701 0.000911636 0.00281508 -0.00555699 0.00321264 0.00564245 -0.00232141 -0.00727566 0.00716915 -0.00615484 -0.00104315 -0.00230693 -0.00126395 -0.00453478 -0.00111898 -0.000863648 0.00351082 -0.00439465 0.00657797 -0.00657929 0.00538827 0.000505076 -0.00298902 -0.000557518 0.0042218 0.00186707 -0.00172211 -0.00735525 0.00155425 -0.00577851 0.0038738 0.000757703 0.00357561 0.00303655 -0.00116549 0.0033282 -0.00211971 -0.00346769 0.00533231 0.00374563 -0.00634747 -0.000852647 -0.00118874 -0.00605856 0.00304886 -0.00234846 0.00671593 -0.0072659 0.00722637 0.00490642 0.00660903 0.00353568 0.00310514 -0.0025303 -0.00206984 -0.0061824 0.00247366 -0.00188849 0.00504345 0.00761433 0.00155458 0.00377793 -0.0048998
148309 -0.00155557 -0.00430771 -0.00104974 -0.000359627 -0.00692178 -0.00520736 0.00497634 0.00178234 0.00225478 0.00466671 -0.00116783 0.0024124 0.00761135 -0.0073445 -0.00417893 -0.000324895 0.00271762 0.00558252 0.0046468 -0.00193341 -0.00359345 0.00554336 -0.00685011 -0.000123943 0.00278002 -0.0025674 -0.00511154 0.00217489 0.00402575 -0.0014575 -0.00499145 -0.0016616 0.00468682 0.00195336 0.0067502 0.00774845 0.00692374 -0.000260466 -0.00735546 0.0074841 -0.00595453 -0.00088685 -0.00518314 -0.00739533 0.00222129 0.00349229 0.0037878 -0.00765869 -0.00769458 0.00130623 -0.00776335 0.00278837 -0.00738358 -0.00327318 0.00265165 0.00752518 0.00561668 0.000477342 -0.0032296 -0.000394996 -0.00702234 -0.00108062 -0.00382239 0.00444625
148310 -0.00484237 0.00719015 0.00315454 0.00175057 -0.00416343 0.00630037 -0.00310835 -0.00431047 -0.00571417 -0.00604784 -0.00564386 0.00654013 0.00527405 -0.00316832 0.00165627 -0.00124886 -0.00345821 -0.00735123 0.0016572 0.00304759 -0.00144674 -0.0045632 0.00745092 -0.00615912 0.00644161 0.00293203 -0.00190028 -0.00096226 0.00281708 -0.0031262 0.00172092 0.00385611 0.00176523 0.00754057 0.00125649 -0.00117824 0.00610442 -0.00418356 0.00577425 0.00141655 -0.0039568 0.0016871 -0.00548881 -0.00525888 -0.00103339 -0.000214631 -0.00167582 0.00134365 -0.00281942 0.00478099 -0.00574749 0.00406364 0.00637101 -0.00751285 0.00216936 -0.00629793 0.00297953 0.00736134 -0.00139778 -0.00614379 0.000588629 0.0056487 0.00388939 0.00203818
128461 0.00305223 -0.00536212 0.00429556 -0.00778537 0.00706256 4.86189e-05 0.00487938 -0.00287104 0.00189516 -0.00064572 -0.00237483 -0.00660866 -0.0020201 -0.00394259 0.000321211 -0.00266047 0.00100227 -0.00408943 -0.000977605 0.00267526 -0.00572983 -0.00201956 -0.00534681 -0.00536489 0.00236023 -0.00377984 0.00337996 0.00042339 0.00197961 -0.0050104 0.00772163 0.00397748 0.0025682 0.00269484 0.00483508 -0.00186531 0.0011277 0.00714256 -0.0069717 0.00117384 0.00774668 0.00629563 -0.00413691 -0.0009515 0.00304103 0.00405625 -0.00395938 -0.000455803 -0.00742487 -0.00193246 0.0036481 0.00320646 0.00420191 -0.00612577 0.00589243 -0.000526756 0.00532748 -0.00536362 0.00719013 -0.0046063 -0.00732971 0.000692241 0.000546694 -0.00129791
134803 -0.00250088 -0.000999892 0.00105876 -0.00675518 0.00751042 -0.00688572 -0.00216513 0.000536089 0.00341271 0.00625443 0.00233801 -7.38038e-05 0.000607335 -0.00133439 0.00271807 0.00438434 -0.00269104 0.00754522 0.00108655 0.00158414 0.00151456 -0.00298425 0.00757681 -0.00524786 0.00615585 0.00762074 -0.00539127 -0.00579859 0.00680261 -0.000710749 -0.00163012 0.00581956 -0.00575426 -0.00669757 -0.00356078 -0.00725429 0.000226788 -7.6589e-05 -0.00246385 -0.00294873 0.00349532 -0.00574838 0.00437812 0.00723401 -0.00569294 0.00507438 0.00382555 -0.00775481 0.00274582 0.000696268 0.00542298 0.00104568 -2.66374e-07 -0.0036267 0.000241132 -0.00215174 -0.00708586 0.00444687 0.00253532 0.00386474 0.00180121 0.00209546 -0.000918289 -0.00228347
151458 -0.0070405 0.00657606 -0.000136852 0.00358963 0.00141716 -0.00522804 -0.000750065 -0.00763893 0.000668526 0.00774908 -0.00550365 -0.00742054 0.00474405 0.00505877 -0.00384235 0.0054884 0.00587511 -0.00372219 0.00467014 -0.00345087 -0.000841618 -0.000115871 -0.00247574 -0.00561857 -0.00587225 -0.00302601 -0.00510168 0.00753546 -0.000926018 -0.00738382 -0.00181341 -0.00699997 0.00301361 -0.00705433 -0.00570822 -0.00687075 0.00365067 -0.00483131 0.0076189 0.00301456 -0.0031476 0.00170612 0.00201273 -0.00251198 0.00723362 -0.000608921 0.00519705 -0.00772047 -0.00274849 -0.00691557 -0.00765705 0.00602055 2.24113e-05 0.00336885 -0.00493383 0.000731468 0.000768185 -0.00732183 0.0037322 -0.00437975 0.00585222 0.00453138 0.00437307 -0.00567198
81724 -0.00381304 -0.00414645 -0.00066798 -0.00143191 0.000849111 0.00641223 -0.00638784 -0.00170129 0.0032614 0.00480891 -0.000965232 -0.00739411 -0.00589698 -0.00770248 0.00717281 -0.00597917 -0.00763577 0.00111912 -0.00148258 -0.00780387 0.00508939 0.00603503 0.00166534 0.00155982 -0.00258965 -0.0053968 0.00381578 -0.00285746 -0.000402281 -0.00309458 -0.00737422 0.00377066 0.000414315 0.00747058 -0.00689151 0.00190563 0.00399153 0.00602357 0.00384542 -0.00615101 -0.00649761 -0.00555553 -0.00571392 0.00280128 0.00607566 0.00699561 0.00705462 0.00475397 0.000363389 -0.00524383 -0.00376802 0.00324294 0.00264952 -0.00516918 -0.00759688 -0.00338464 -0.00640051 0.00136173 0.00656933 0.00158125 0.0061312 -0.0053066 -0.00200027 0.00737889
152507 0.00601455 1.3978e-05 0.00591624 -0.00745258 -0.00561369 0.00609281 0.00443277 0.00485015 -0.00263382 0.00617299 0.00189114 -0.0022329 0.00711304 0.00765445 0.00749269 0.00244345 -0.00723907 0.00643295 -0.00498722 0.000902059 -0.00187516 0.0071274 0.00250297 0.000849121 -0.00755435 0.00725379 -0.00248982 0.00572743 0.00579566 -0.00494408 0.00618674 0.00616365 -0.00296804 0.00368806 -0.00462267 -0.00165418 0.00157636 0.00655723 0.00583526 -0.000932675 0.0070051 -0.00703686 -0.00553762 0.00137948 -0.00594302 -0.00683251 -0.00707661 -0.00427934 -0.00273672 0.00173601 -0.00576403 0.00120407 -0.0015686 0.00542711 0.00216378 -0.00258849 0.00640372 0.00211844 -0.00112468 -0.00192483 -0.0038732 -0.00153729 0.000511554 0.000881003
119246 -0.00209882 -0.0024765 0.00260474 0.00770956 -0.0058556 -0.00482712 0.000603548 0.00635026 -0.00738241 -0.0028334 -0.00321272 -0.00195973 -0.00369396 -0.00304674 -0.00768938 -0.0071972 0.00393281 0.00433067 -0.00142127 -0.00392762 -0.00375356 0.00263674 0.00604328 0.000287126 -0.00534525 0.00274811 0.00688746 0.00571732 0.00730527 -0.00659858 -0.00691969 0.00720628 -0.00439123 0.00300812 -0.00410988 0.000701331 0.00457068 -0.00568714 -0.00586577 -0.00649798 -0.00386342 -0.00574724 -0.00764565 -0.00503082 -0.00208382 -0.00646315 0.00093701 0.0014928 -0.00337834 0.00230485 0.0025443 0.000624816 0.00139072 -0.000574634 -0.00492572 0.00728119 0.00383701 0.00569129 0.00763637 0.000444301 -0.00720993 0.00266918 -0.00649408 -0.00638316
132436 0.00194783 0.00593907 -0.00416898 -0.00406541 0.004305 -0.00143495 0.00551242 0.00501742 0.00641468 0.00217553 0.00101072 0.00674814 3.3712e-05 0.00755272 -0.0040398 -0.00234893 -0.000550172 -0.00514558 0.00595383 0.00577294 -0.00612226 -0.000113436 -0.00527271 7.35911e-05 -0.00390415 0.00336812 -0.00753901 -0.00717312 0.00142312 0.00596563 -0.00661223 0.00613311 0.00677823 0.00343231 -0.00286818 0.00377995 -0.00239502 0.00589886 0.00407437 0.00668327 0.00575402 0.00321636 0.00127131 -0.00709622 0.00526244 0.00465688 -0.000998068 0.00372701 -0.000803103 -0.007482 -0.00165035 -0.00563209 0.00208657 -0.00411568 -0.0033402 0.00683239 0.00533967 -0.000696906 0.00506135 0.000596646 0.00525735 0.00183808 -0.00246654 -0.00343001
46325 -0.0064078 0.00372581 -9.14919e-05 -0.00499938 0.00573146 0.00208038 0.00380696 -0.0048538 0.00151912 0.00651634 -0.0074651 -0.00170407 0.00205974 0.000756652 -0.00203115 -0.00534877 0.00742762 0.00133901 0.00593154 0.00329785 -0.00667325 -0.00167665 0.00578396 -0.00737206 -0.00338077 -0.00734995 0.000705407 0.00203797 -0.00650863 -0.00766747 -0.00739006 -0.0056319 0.0020442 -0.00480388 -0.00616157 -0.00532956 0.00453707 0.00753773 0.000507423 -0.0022389 -0.00542234 0.00125073 -0.00461069 -0.00299429 -0.00409114 -0.000350635 -0.00598094 0.00754897 -0.00193047 0.00752186 -0.0021967 -0.00122497 -0.00111327 0.00595482 -0.00665446 0.000281563 0.00680195 -0.00629268 0.00248497 -0.00177061 0.00355269 -0.00156923 -0.00583276 -0.00273853
156047 0.00296009 -0.00712626 0.0055191 0.00375915 0.00260706 -0.000662028 0.0032691 -0.00541467 -0.00468714 0.00335156 0.00431371 0.00169647 -0.00607756 -0.00724259 0.00141305 0.000695301 0.00131942 -0.00742055 -0.004772 0.00110559 0.00471886 0.00532352 0.00614501 -0.00617937 0.00386886 -0.00710073 0.00777858 -0.00216268 -0.00355546 -0.00222547 -0.00039128 0.00240159 0.00763391 0.00755108 0.00417619 -0.000575964 -0.00560573 0.00466776 0.00302983 -0.00368526 0.0074811 -0.00681709 0.00364293 0.00111689 0.00446691 0.00630593 0.000737962 -0.00540313 -0.00594468 -0.0035558 -0.00632213 0.00674682 -0.00193026 0.00185911 -0.00509066 -0.000528543 -0.00361279 0.00741101 0.00349263 0.000946231 -0.00313941 0.00261383 0.00395973 0.00659703
73565 0.00547647 -0.00132084 -0.00422764 -0.00260067 0.0070343 0.00739002 0.00402117 -0.00234747 -0.00255108 -0.00641966 -0.00127506 0.00690222 0.00624895 0.00736523 0.00143433 -0.00650501 -0.00629234 0.00755739 -0.00604963 0.00379705 -0.000955105 0.00462484 0.00168467 -0.00400496 0.00209475 0.0031805 -0.00232458 -0.000454426 -8.86917e-05 -0.00258541 -0.000194073 0.00604677 -0.00491285 -0.000538349 0.00722599 0.00508928 0.00662088 -0.00526524 -0.00771236 -0.00725746 0.00324345 0.007339 0.000234604 0.00686026 -0.00496149 -0.00227356 -0.00516367 0.00122404 -0.0042429 -0.0055418 0.0022068 0.00334597 -0.00207853 -0.0052743 0.00349569 -0.00705051 0.00124454 0.00425434 0.00369596 -0.00718403 0.00207281 0.00124311 -0.00712395 -0.0034833
110226 3.52622e-05 0.00745356 -0.00731654 0.00608772 0.00765823 0.00421688 -0.00152558 0.00665003 -0.00598492 0.00169269 -0.00716854 -0.00395621 -0.000724947 -0.00190067 0.00105068 0.00549849 0.0049806 -0.000656012 -0.00137973 -0.0075932 0.00203051 0.00365521 0.00636824 -0.000651515 -0.00109301 -0.000810165 -0.00669889 0.00301081 0.00139483 0.00556438 0.00210356 0.00458684 0.00626626 0.000216289 0.00553086 0.0065816 -0.00537495 -0.00128735 0.00349811 0.000805423 -0.00486442 0.00176625 -0.00148249 -0.00744133 0.00218928 0.0016984 0.00679789 -0.00651113 0.0040074 -0.00234751 0.000464399 -0.00280347 0.00465071 0.0036021 -0.00230998 -0.00738353 -0.0061162 0.00285957 0.00663821 -0.00309267 -0.00306618 0.00461191 -0.00279544 -0.00647348
15466 -0.00671638 -0.00231353 -0.00502603 0.00482879 0.000749543 0.00693089 0.0020433 -5.31434e-05 -0.00514419 -0.00285343 -0.00352432 0.00600988 0.00374551 0.00475173 -0.00438339 -0.00123109 0.000670483 0.00704837 -0.00150733 0.00316997 0.000441227 0.00170838 -0.00555666 -0.00361153 -0.00578118 -0.00492367 -0.00536683 -0.00394446 0.00586228 -0.00325976 0.00756538 0.00489919 -0.00308196 -4.45842e-05 -0.00620861 0.00629138 -0.00211454 -0.00146715 0.001556 -0.00430226 0.00518548 0.0045007 0.00371563 0.00667164 0.00569911 0.00707451 -0.00366125 0.00769322 -0.00378078 -0.00579128 0.00476554 0.00433797 0.00109054 -0.00723151 -0.00491996 0.0026697 0.0015931 -0.00193941 -0.00766129 -0.00245202 -0.00117871 -0.000821357 -0.00176943 0.000956012
157586 -0.000282347 0.00254437 -0.00666848 -0.0073726 0.0063414 -0.00652075 0.0072648 -0.00432195 0.00154657 0.00456961 -0.00487519 0.00325702 -0.00454668 -0.00375131 0.00359259 0.0058385 0.00128875 -0.000671188 0.00551034 0.00129742 0.00425135 0.0062313 -0.00429045 0.00288231 -0.00432968 -0.00189883 -0.00688092 0.00598771 -0.00467001 0.00120649 -0.00616252 0.00636084 -0.00656426 -0.0032722 0.00579947 -0.000613294 0.00104407 -0.000461722 0.00611195 0.00658797 -0.000567698 0.00503978 -0.00191619 -0.00376275 -0.00675803 -0.00538815 -0.00589046 -0.00574316 0.00444231 -0.00415085 -0.00778615 0.0022913 -0.00664948 -0.00311819 0.00563727 0.00368928 -0.00326806 -0.00706335 -0.00433183 0.00205272 0.000746076 -0.00448261 0.00112965 -0.00166932
109438 -0.00519202 0.000521631 0.00205851 0.00722789 0.00519821 -0.0034218 -0.00152038 0.00368775 -0.00747532 -0.0064467 -0.0017055 -0.00660805 0.00506125 -0.00338335 0.00465173 0.00445054 0.00367026 -0.000391551 -0.00699258 0.00710049 0.000174867 0.00104106 0.000415102 -0.00440975 0.00307117 0.00709735 0.00407265 0.00505522 0.00618892 -0.00611558 -0.00680257 0.000395989 -0.00145725 -0.00362669 0.00506477 0.00398915 -0.00335872 -0.000778586 -0.00224962 -0.00721102 -0.000663276 0.000295874 0.00261018 -0.00580342 0.00715616 6.44811e-05 0.00700452 0.00515032 0.0060935 0.00647003 -0.00542918 0.00730691 -0.00452852 -0.00407581 9.23387e-05 -0.000149593 0.00658652 -0.00179555 -0.00341326 -0.00536223 0.00424172 -0.00410567 0.00308248 0.00445319
152921 -0.00696682 -0.0064634 -0.00364956 0.000522241 0.00154231 -0.00578804 -0.00069563 -0.00505935 0.0008268 0.00411942 0.00753328 0.00545612 -0.00715054 0.00626657 0.0018125 -0.00425059 -0.00305136 -0.00776563 0.00453692 0.00175542 -0.00168131 -0.00656164 0.00663267 0.00598854 -0.00714686 -0.00236962 0.00366753 0.00472422 0.00460348 0.0045249 -0.0010651 0.00184576 0.00718294 -0.00309439 -0.00592697 -0.000663961 0.000633841 0.00294681 -0.00393513 -0.000579562 0.00282567 -0.00483783 -0.000629984 -0.00560112 0.00380995 0.00429335 0.00285041 0.00643285 0.00195572 0.00648627 0.00466375 -0.0033436 -0.00197342 -0.00675036 0.003936 0.00307807 0.00361792 0.00110786 -0.00134544 -0.00158596 0.00277756 -0.00506174 -0.0066318 -0.000936655
109422 0.00106382 0.00695086 0.00608873 -0.00532913 0.00742388 0.00341892 -0.00583935 -0.00498295 0.00483084 0.00597954 0.000992775 -0.00186062 0.0050559 0.00223684 0.0058732 0.00438547 -0.00635576 0.000613213 -0.00228405 0.00551462 0.00096941 -0.00149536 0.00471401 -0.00474596 -0.00387239 -3.8147e-05 0.00714302 -0.00698948 -0.00423098 -0.00742722 -0.00350904 0.00211763 0.00651789 0.0041461 -0.00120115 0.00370312 0.00556755 -0.00738192 -0.00274467 0.00130081 -1.66893e-05 0.00228453 -0.0061965 -0.00145674 -0.00570154 -0.00397205 0.00418854 0.00318575 0.000680447 -0.000226974 0.00743914 0.00229359 -0.000612259 8.05855e-05 0.00359964 0.00185394 -0.00058651 -0.00325727 -0.00242519 -0.0024929 -0.00234127 -0.00495243 0.000402927 0.000908852
55658 0.00216103 -0.00419044 0.0064497 0.00405884 -0.0041523 0.00222111 0.00658321 0.0060873 0.0063324 -0.00775242 -0.004179 0.000470638 0.00197887 0.000608921 0.0042696 0.000296593 -0.00149298 -0.00653982 0.000463009 -0.00046587 0.00259781 -0.00769663 -0.00720596 -0.00517654 0.00491381 0.00524664 0.00628233 -0.00302172 -0.00726128 0.00339651 -0.00526667 0.00046587 0.00714064 0.000491619 0.0061655 -0.00368595 -0.00387096 0.00481892 0.00531006 -0.00329304 0.00432682 -0.00472593 -0.000817299 0.000468731 -0.00250006 0.00309753 -0.00546885 -0.00730753 0.0030961 -0.0019722 -0.00434208 0.00147438 0.00575876 0.00416136 -0.00669479 -0.00750017 -0.00228262 0.00361919 -0.00316 -0.000552654 -0.00198126 0.00644684 -0.00207329 0.00533104
103015 0.00300674 0.00107308 -0.00393115 0.00401379 -0.00552684 0.00766845 0.00545381 0.00690973 -0.000691763 -0.00485415 0.00138082 0.0024183 -0.00139597 -0.00596819 -0.007789 -0.0075065 -0.00716593 -0.00581484 0.00160509 0.00404446 0.00549414 0.00555517 -0.00754281 -0.00288782 0.00343815 -0.00311997 0.00068061 0.00464244 0.000725396 -0.00355779 -0.00527814 0.00392485 -0.00378558 0.00741999 -0.00473921 -0.00457449 -0.00390453 0.00582806 0.000789993 0.0073073 0.00592078 0.00242879 0.00536847 0.00187892 -0.00674967 -0.00141169 -0.00357729 -0.00430059 0.00218939 0.00514578 0.00114743 -0.00506441 -0.000118974 0.00104991 0.00634869 -0.00524962 -0.00550286 0.00121256 0.00777429 0.00396642 0.00516 0.000290336 -0.00126232 -0.000136479
33845 0.00245084 -0.00651612 -0.00300618 -0.006774 0.00758494 -0.00223792 -0.00145037 -0.000426438 0.00121939 0.00775367 0.00365455 0.00173852 0.00210062 -0.00142421 0.0039363 -0.00222663 -0.0030429 0.00276202 -0.00207675 0.000255181 0.00411497 -0.00132388 0.00181961 0.00231993 -0.000637667 -0.00275737 -0.0022224 -0.00380959 0.00149059 0.00146188 0.00538742 -0.00386875 -8.17349e-05 0.00723653 -0.000132589 -0.00405189 0.0058135 0.00100084 0.00332181 0.000185736 0.00271489 -0.00269173 -0.00565399 -0.0034013 0.00044139 -0.00528431 -0.00664572 -0.00622176 -0.00114985 0.00151763 0.00107492 0.00673973 0.00360646 -0.00580108 0.0057316 0.00493033 -0.00656386 -0.00761392 0.00264913 0.00295539 -0.00302835 0.00244118 0.00776734 -0.00461283
70120 0.00722124 -0.00165295 -0.00775004 -0.00605857 0.00032823 0.00518515 0.00171769 -0.00589836 0.00601269 -0.00019984 -0.00366109 0.00401952 -0.00379509 0.00689782 0.00341535 -0.0061046 0.00779422 -0.0042966 -0.00620333 -0.00730215 0.000814081 0.00243567 -0.0043925 0.00284864 -0.00747237 0.00535778 -0.00282761 0.00648295 0.000301727 -0.00646212 -0.00352511 -0.000249406 0.00542937 0.00586395 -0.000902593 0.000464967 0.00216383 0.00346043 -0.00653221 -0.00304126 0.000359239 -0.00736053 0.00281719 0.00195894 -0.00113454 -0.00415506 -0.00774801 0.00776773 0.00166281 0.00664696 -0.00402513 0.0063711 -0.000313013 -0.00524414 -0.00655906 -0.00411061 0.00616202 0.00353251 -0.007234 -0.00382254 0.00601292 -0.000306475 0.00658466 -0.00484339
134396 0.000522594 0.00195733 0.00388178 0.00486919 -0.0074085 -0.00769037 0.00719975 -0.00730147 -0.000115926 -0.0043107 -0.00337821 0.00704546 0.00370824 0.00382708 -0.00631377 -0.00232791 -0.00115508 0.00424069 0.00155424 -0.00614871 0.00562309 -0.00716507 0.00319966 -0.00106985 0.00622678 -0.00320428 0.00625642 0.000119758 -0.00547594 0.00240503 -0.00745873 -0.00162036 0.00771148 0.0013051 -0.00454393 0.00383124 0.00113078 0.00294162 0.00648052 -0.00407804 -0.0032436 -0.00675616 -0.00275677 -0.00378657 0.00745982 -0.0015293 -0.00776768 0.00363074 -0.00417889 0.00100351 -0.00573662 0.00238482 -0.00572534 0.00610081 -0.00497024 -0.00479858 0.00518148 0.00627179 -0.00270879 0.00676152 -0.00546842 0.00223358 0.000177068 -0.00556517
162454 0.0046657 -0.00154879 -0.000728937 0.0013694 -0.00360632 0.0074481 -0.000574409 0.00529806 -0.00754428 -0.0036618 -0.0017432 0.000748404 -0.007281 -0.00235351 0.00119921 0.00251523 -0.0017307 0.00492504 -0.00555487 -0.00730387 0.00524438 0.000610089 -0.000719563 -0.0014128 -0.00657786 0.00178123 -0.00659699 -0.00365731 0.00499093 0.00314171 -0.00536874 -0.00091601 -0.00606554 -0.000673246 -0.000690751 -0.00687909 -0.00477434 -0.00302256 0.00727846 0.00315201 -0.00235484 -0.00386207 -0.00132731 -0.00335531 0.00604882 0.00703226 0.000211878 0.00210735 0.00559561 0.00409488 -0.00344928 -0.00455961 0.00142717 -0.00741733 -0.00312437 0.00696591 0.00202843 -0.00431686 -0.00374986 0.00320541 -0.00491662 -0.0031284 0.0012916 -0.00362126
19700 0.00292826 0.00535965 0.000498295 -0.00223017 0.000376225 -0.00265741 0.001966 0.0028019 0.00112534 -0.0050993 0.00280952 -0.00145388 0.0016818 0.00442314 -0.00229168 -0.00604153 -0.00481462 -0.00227165 0.000396252 0.00164318 -0.00588083 0.00180101 -0.00236654 0.0020237 -0.00694323 -0.00413227 -0.002738 0.00660467 -0.00209999 -0.00576305 -0.00397158 0.0010829 0.00589848 -0.0019989 -0.00244713 -0.00561142 0.000404358 0.00652552 -0.000134468 0.00128937 0.000898838 0.00620031 0.00476599 -0.00287151 -0.00213051 0.00237608 -0.000311375 0.000466824 0.000580311 -0.00366402 -0.00443697 -0.0059309 -0.00394106 0.00447369 -0.00676441 -0.00374699 0.000463963 0.00590801 -0.00680399 -0.00695229 0.00116873 -0.0061717 -0.000709534 -0.0037055
164001 0.00196457 0.00117064 0.00616884 0.000648975 0.00096941 -0.00532341 -0.000724316 -0.00476503 0.00427723 -0.00769424 0.004004 0.00603056 -0.00132179 0.00117779 -0.00592709 -0.00337362 0.0021143 0.00601912 -0.00737762 -0.0059557 0.00581884 -0.00409079 0.00420904 0.00164032 0.00493574 -0.00631809 0.00182915 0.00328207 -0.00593472 -0.00234699 -0.00222969 -0.00418043 -0.000468731 0.00314522 0.00053978 -0.00533342 -0.00643158 -0.00213623 -0.00394201 -0.00361633 -0.003407 0.00484896 0.00535727 -0.000660896 -0.00598192 0.0045476 -0.00240278 0.00382614 0.0050168 -0.00276756 0.00751591 -0.00102901 -0.00780821 0.00607157 0.00175667 -0.0015645 -0.00355673 0.000812054 -0.00056982 0.00724411 -0.00151825 -0.00448418 0.00698233 -0.00263548
122202 0.000654221 0.00343275 0.00710535 -0.00687027 0.00241232 -0.00692654 -0.000742912 0.000368595 0.00370598 -0.00268221 0.00340509 0.0053401 0.00651455 0.00399685 -0.00669622 -0.00390816 -0.00745487 -0.00146294 -0.000942707 -0.00204945 0.00355911 0.00584316 0.00151587 -0.00234699 0.00548506 0.0020256 -0.00111103 -0.00218105 0.00652552 -0.0037384 -0.00687599 -0.00185061 0.00104189 -0.00285292 -0.00482416 0.00442696 0.00630331 0.0075841 -0.000148773 0.00233269 -0.00174665 -0.00307035 -0.00190258 -0.00285673 -0.00224352 -0.00554276 -0.00695372 -0.00616407 0.00410891 0.00284863 -0.00607061 0.00303364 -0.00398254 0.00077486 0.00105572 -0.00580788 -0.00628805 -0.00109386 0.002841 0.00646734 -0.00385618 -0.00346947 -0.00192261 -0.00509596
36277 0.00567763 0.00625464 0.00194295 -0.00260252 0.00114153 -0.00602372 0.00201832 -0.00306478 -0.0065968 -0.00474975 -0.0052422 0.00205672 -0.00669671 0.00551149 0.00623322 0.00136068 -0.00534789 -0.00131005 -0.00706979 0.00234574 0.00525281 -0.000162236 -0.00449736 -0.00191345 -0.00544214 0.00427667 0.00366191 -0.00614459 -0.00637139 -0.00361234 -0.00122539 -0.000504123 -0.00241808 0.00146384 0.00742713 -0.00492962 -0.00011642 0.00196142 0.00742146 -0.00604999 -0.00404777 -0.00489045 0.00407026 -0.00777046 0.00453877 0.00771764 -0.00703305 0.00685233 0.00650407 0.00144715 0.00225729 0.00696825 0.00592436 -0.000218955 -0.00681679 0.0032641 0.00383031 -0.00472118 -0.00088178 0.00606778 -0.00452757 -0.000714626 0.000998302 0.00768494
115349 0.000295138 -0.00406177 -0.00289935 -0.00342226 0.00136418 0.00660704 -0.000212447 0.00271895 0.00640935 -0.00510977 -0.00476234 -0.00603876 -0.00254975 0.00622038 0.0046389 -0.00201157 -0.00247583 0.00643983 0.00218789 0.00401396 0.00537781 0.000806389 -5.12815e-05 0.00315778 -0.00457215 0.00722157 -0.00766758 0.00280887 -0.000348318 -0.00349011 -0.00762577 -0.000898344 -0.0002636 -0.00152211 -0.00703172 -0.00729099 0.00588 0.00196377 0.00716088 0.000773002 0.00322676 0.00423607 0.0053151 -0.00593768 0.00200125 -0.00599034 -0.00353575 -0.00673863 -0.00263667 0.00467749 -0.00598852 0.0036383 -0.00315641 0.0064835 0.00359754 0.00635148 -0.00067526 -0.00718038 0.00740917 -0.00204052 0.00557536 -0.00162541 0.00506049 -0.000222944
165084 0.00678778 -0.00215721 0.00683546 -0.00277328 -0.000432968 0.00117397 -0.00729084 -0.00354528 0.00547361 -0.00285387 -0.00140142 0.00225258 0.00271559 -0.00126934 -0.000656605 -0.00501299 -0.00191259 -0.00166416 4.00543e-05 0.00759363 0.00622272 -0.00739813 0.00514746 0.00527287 -0.00768089 -0.00577545 -0.00425959 -0.00290728 -0.00145292 0.00297546 0.00622368 0.00400496 -0.00532675 -0.00597191 -0.00662994 -2.81334e-05 0.00123358 0.00512981 -0.00475311 -0.0024004 -0.00546026 0.00572395 0.00727463 0.00434208 0.00122643 0.00457001 -0.00514841 0.00504398 0.000998497 0.000834465 0.00103998 -0.00623322 -0.00158596 0.000832081 0.00312519 0.00754213 0.00735664 0.00225639 0.00779009 -0.00250816 -0.00346327 -0.00378799 0.00746536 0.00558424
165130 -0.00719929 -0.00174172 0.00635826 -0.0019063 -4.153e-05 0.00253854 0.00430691 -0.00407334 -0.00761661 -0.00482517 0.00638167 -0.00653423 0.000635108 -0.000879418 -0.00662783 -0.00645671 0.00107378 0.00558108 -0.00120605 -0.00578732 0.00226628 -0.0018508 -0.00635937 0.0046251 -0.00709672 0.00337042 0.0056787 0.0037702 0.00336863 -0.0013529 0.00233165 -0.00216699 -0.00703709 0.00175099 -0.00444499 -0.00391786 0.00187093 0.00116068 0.00692511 -0.00169285 -0.00100131 0.00443524 0.00761154 0.00131325 0.00547657 0.004702 0.00285489 -0.00737451 0.00258142 0.00159447 0.000470233 0.0015028 0.00121841 0.00183066 0.00159068 0.00317614 0.000454983 -0.00476098 0.00374913 -0.0034334 -0.00689212 0.00302815 -0.00244754 0.00480888
167490 -0.00374556 0.00693369 -0.00573587 0.00575352 -0.00104475 -0.00347996 0.00338078 -0.00448847 -0.00759792 0.00553799 -0.00326872 0.00441408 0.00617456 7.9155e-05 -0.00243092 0.00266218 0.00340796 0.00471449 0.00294447 -0.000220299 -0.00421238 0.00131035 0.00261831 -0.00635099 -0.002985 0.00237417 0.00611973 -0.00480461 0.00370884 0.00547743 -0.00261116 0.00324059 -0.00260353 -0.00377321 -0.00575542 -0.000656605 0.000304222 0.00321007 0.00711727 -0.00661135 0.0067296 -0.00260735 -0.00383997 0.00225782 -0.00541782 -0.00123882 -0.00382042 -0.00767279 -0.00487709 -0.00481319 -0.00712299 -0.00373936 0.00361347 0.00506449 0.00108576 -0.00265694 0.00578117 -0.00192976 0.00662565 -0.00505829 -0.003438 0.0055871 0.00370932 0.000595093
118188 0.000398153 -0.00546194 -0.00735475 0.00331858 0.000823647 -0.0076419 -0.00212917 -0.00264832 0.00730264 0.00574653 0.00242762 0.0016419 -0.0047207 0.00202497 -0.000689963 -0.0077178 -0.00580715 -0.00429863 -0.00647428 0.00542692 -0.00310703 -0.00625419 -0.00102675 0.00378298 -0.00329795 -0.0019446 0.00448079 -0.00153306 -0.00304105 0.00634251 0.000279159 0.00386527 0.00293246 0.00672152 0.0075967 0.00457417 -0.00309674 0.000998671 -0.000158196 -0.00331193 -2.38476e-05 0.00509407 0.00182005 0.00106434 0.00306251 -0.00106913 0.00516129 0.00145229 -0.0049189 -0.00666826 0.00229808 0.00221716 -0.00381328 -0.00171001 -0.00420014 0.00200406 -0.00412957 -0.00193722 0.0042948 0.000123268 0.000436953 -0.00149337 -0.000315565 0.00389713
141782 -0.00370312 0.00203514 0.000107765 -0.00265741 0.0019846 0.00710535 0.00349808 -0.00418901 -0.000160217 -0.00324869 0.00160599 0.00634623 -0.00145054 -0.00239134 -0.00616837 0.0026536 0.00157404 0.00195694 0.00628901 0.000144482 -0.00774097 0.00618458 0.0042758 -0.00382233 0.00741863 0.00503397 0.000383854 0.0015831 0.00398111 0.00754786 -0.00355196 0.00672579 -0.00328207 -0.0078125 -0.000931263 -0.00119448 -0.000219822 0.00767899 -0.00310183 -0.00133896 6.10352e-05 -0.00669289 -0.00119352 -0.000605106 -0.00489616 -0.00604486 0.00549364 -0.00616121 -0.00454044 -0.000127792 -0.00196695 0.00442982 -0.0070467 -0.00729322 0.00341558 0.00563002 -0.00211 0.00591135 -0.00754118 -0.00377846 0.00604153 -0.000178814 -0.00173521 0.00223541
168889 -0.0015626 0.000123501 0.00747824 0.00221205 0.00668049 0.00314379 -0.00310183 -0.00694513 0.00305557 0.00292969 -0.00418568 0.00067997 0.0075326 0.00292206 -0.000243664 0.00372028 -0.000943184 -0.00780725 0.00664616 -0.00364065 0.00759506 -0.000949383 0.0010438 0.00230646 0.00559044 -0.00114202 0.00122261 0.000360966 0.00654125 0.00761271 -0.00522757 -0.00454092 0.0049758 -0.00248146 0.00245857 -0.00748682 -0.0063262 -0.00265932 0.00228882 -0.00242519 0.00489807 -0.00184917 0.00039196 0.00675011 0.00523853 -0.0039978 -0.00371599 -0.00197697 -0.00291204 -0.00472832 0.00412512 -0.0042038 9.29832e-05 0.00732946 0.00254202 0.00454378 -1.62125e-05 -0.00673008 0.00587463 0.00639963 0.00686502 0.00412369 0.00441551 0.00656414
145338 -0.00213409 -0.00148946 -0.00223717 -0.00678228 -0.00427186 -0.00245519 -0.00618835 -0.000920898 -0.00471154 -0.00601325 -0.00561291 0.00587117 0.00596935 -0.00503018 -0.00333515 0.00448057 -0.000842998 0.00545915 -0.000964589 -0.00132057 -0.00170477 0.00308392 -0.00478292 -0.00103463 0.00672235 -0.00585554 0.00662116 -0.00154323 -0.00574278 -0.00277968 -0.00369115 -0.00730536 -0.000751766 -0.0027052 -0.00315993 0.00398988 0.00234247 -0.00122016 -0.00343424 -0.000520814 0.00453653 0.0010288 -0.00358086 -0.00643891 -0.00231884 -0.00620084 7.66489e-05 0.00349356 -0.00703811 -0.000936004 0.00552899 -0.00732803 0.000365931 0.00648082 -0.00478137 0.00286605 -0.00189648 0.00213256 -0.00665026 -0.000878102 0.00418972 -0.00181081 -0.000289064 0.00441187
126000 -0.00651243 -0.0008215 -0.00700089 0.000411142 0.00458258 -0.000487659 0.00210227 0.00036678 -0.00596011 -0.00571558 -0.00101568 0.00402362 0.00102067 0.00548157 0.00321596 0.00613044 0.00665878 -0.00520459 -0.00409482 0.00390195 0.00579596 -0.00569962 0.000594538 0.00192776 0.00273563 -0.00227907 -0.00729842 0.00725036 -0.004262 0.00614234 -0.0056463 -0.0022007 0.00569284 0.00516384 0.00041934 -0.00321112 -0.00511606 0.00165923 -0.00062702 0.00269666 -0.00307717 0.00680827 0.00014757 0.000555423 0.00690081 -0.000433943 0.000396047 0.00747464 -0.000425193 0.00719779 -0.0050126 0.00348673 -3.9814e-05 -0.00644286 0.00694171 -0.00310424 -0.00404149 0.00405285 0.00531518 -0.00241872 0.00724011 -0.00771061 0.00465057 0.00669572
172220 0.00760078 -0.00382948 0.00746918 -0.000956535 -0.00154305 -0.00510788 0.00625086 0.00697613 -0.00676489 0.00479269 0.00326157 0.000732899 0.00766373 -0.00414038 -0.00097847 0.00204849 0.00280762 -0.000694752 0.00160313 0.000994682 0.00103617 0.00345325 0.00745344 0.00365162 -0.00640678 -0.007092 0.00599432 -0.000825882 0.000600815 -0.00620699 0.00555372 0.00202894 -0.00410032 -0.0043292 -0.00775385 0.0048399 -0.00493288 0.00355864 0.00687122 -0.00238514 0.00339031 -0.00310564 0.00143719 -0.00183153 -0.00286484 0.00199986 0.00413275 -0.000491619 -0.00573969 -0.00760698 0.00435495 -0.00224304 -0.0027051 -0.00463247 -0.00713682 0.00637054 0.0051527 -0.0058012 0.00617075 0.0014801 0.00160551 0.00438976 0.000864983 0.000990868
158211 0.00780535 0.00706434 0.000722885 0.00351572 -0.00278902 -0.00707483 -0.00144243 0.00540209 -0.00531769 0.00300932 -0.00683546 -0.00619984 0.00184011 -0.0022192 0.00267839 -0.00658226 -0.00765753 0.00329256 -0.00278759 0.00239706 -0.00583553 0.00658417 -0.00166321 0.00434017 0.00253916 0.00217676 0.00701427 0.00129366 0.00626755 0.00557184 0.00756025 0.00471592 -0.00394344 -0.00187922 0.00611639 0.00736666 0.00322151 -0.00582266 0.00744486 -0.00186253 0.00615406 0.00738716 -0.00207567 -0.00410509 0.00289965 -0.00233555 -0.00520849 -0.00753069 -0.00650597 -0.00242376 -0.00485945 -0.000379086 -0.00147676 -0.000313759 -0.00589991 -0.00363445 -0.0018158 0.00670719 -0.000557899 0.00273132 -0.00355864 -0.00211525 -0.0066967 -0.00178385
77487 0.000792401 -0.00528354 0.00264069 0.00476016 -0.00272671 -0.00495635 -0.0052745 0.00563562 -0.00762152 0.00550619 -0.00630898 0.00442155 -0.00147268 0.00390283 -0.0062099 0.0048663 0.00343239 -0.0010768 0.00284734 -0.00291013 0.00308697 0.00316983 -0.00518506 -0.00361037 -0.00182847 -0.00673693 -0.00463184 0.00160909 0.00232104 0.000917199 0.00144101 -0.0027357 -0.00668119 0.00270497 0.00549955 0.00701841 -0.0037501 0.00228994 -0.00272334 -0.00528773 -0.00467747 0.00408075 -0.00492454 -0.00458633 0.00402015 0.00655053 -0.00507747 0.00708662 0.00590602 -0.00463166 -0.000825604 -0.00585242 0.00204102 0.00208264 -0.00292864 0.00224179 0.00224043 0.00540634 -0.00354717 0.00106679 -0.00694556 0.00642267 -0.00524761 0.00152116
178005 0.00107002 -0.00770235 0.00403261 0.00152731 0.00288105 -0.00513363 0.00266075 -0.00578594 0.00374222 0.00541925 0.00640774 -0.000889778 0.00488949 -0.000935555 0.00662661 0.00634336 -0.00606108 0.00179005 -0.000435352 -0.00251961 0.00665855 0.000510693 -0.00497723 -0.00435972 0.0037775 0.00420761 -0.00590181 -0.00406218 0.00178814 -0.00604439 -0.00392866 -0.00546122 -0.0017252 0.00743723 -0.0070653 -0.00136662 0.0057354 0.00199604 -0.00400686 0.00122976 3.95775e-05 0.0074482 0.00616217 0.00620604 0.00375032 -0.00604248 0.00364304 -0.00623798 0.00107622 -0.00255585 -0.00640297 0.00546932 -0.0015769 0.00595188 -0.00399399 0.00468493 0.00545025 -0.00680256 0.00070858 0.00401688 0.000588894 -0.0066452 -0.00544739 0.00624418
144517 -0.000331759 -0.00608966 0.00354388 0.000362316 -0.00514929 -0.00618877 0.00685291 -0.00324478 0.00713874 0.00369896 -0.00621667 -0.000907417 0.00466503 0.00716152 0.00513308 0.00684294 0.00766214 0.00403733 0.00744382 -0.00745053 0.00714772 -0.00193005 0.00491019 -0.00550762 0.00357761 0.00279147 0.00281843 0.00353477 -0.0057421 0.00665155 -0.00746836 0.00360055 -0.00192237 0.00253357 -0.00561919 0.000490091 -0.00702924 0.00643344 -0.00021642 -0.0075092 -0.00526092 -0.00111094 0.00540206 -0.00127926 -0.00245088 -0.00451405 -0.00338542 0.00448916 0.00325785 0.00771393 -0.00538755 0.00307018 0.00167101 0.00687444 -0.00704266 0.00783418 0.00379458 -0.00356048 -0.00771944 -0.0043254 0.00471029 -0.00767329 0.00551255 -0.000102078
85756 -0.00448895 0.00150633 0.00756884 5.67436e-05 -0.00697327 0.00118303 -0.000494003 -0.000227928 0.00438118 -0.00654125 0.00429869 0.0021162 0.00503397 -0.00261641 -0.00762367 0.00755739 0.00241804 0.00567722 0.00760555 -0.00523901 -0.000919342 0.00317574 0.00700331 -0.00684214 0.0052309 -0.00425625 -0.00234079 0.00460434 -0.00721407 0.00619984 -0.000321388 -0.00760508 0.00331783 0.00160551 -0.00323582 0.00744724 0.00511503 0.00533962 -0.00300264 -0.00194216 -0.006989 -0.00106335 0.0060668 -0.00196123 0.00432014 0.00773239 0.0042448 0.00525475 -0.00234222 0.00654697 -0.00500393 -0.00461245 0.00236034 -0.00742483 -0.00223541 -0.00769472 0.000906944 0.00233507 0.00593996 -0.000755787 -0.00106764 -0.0020237 0.00131607 -0.00656366
147281 -0.00476694 -0.00645971 -0.00084734 0.00713015 -0.00614071 0.00273132 -0.00358772 -0.00235367 0.00506735 0.00691557 0.000401497 -0.00183821 0.00534391 -0.00635386 -0.0052309 0.00186491 0.00641632 -0.00117636 0.00446701 -0.00695038 0.000323296 -0.000347614 0.00723886 -0.000335217 -0.00703859 -0.00224638 -0.00611544 0.00276756 0.00256443 -0.00102377 0.00297737 -0.000736237 0.00114536 -0.00511456 -0.00521135 0.00651741 0.00349188 -0.00377655 -0.000529766 -0.00729609 0.000491142 0.00457382 -0.00200462 0.00586987 0.0038743 0.00376558 0.00216913 0.00119972 -0.00709295 -0.0021162 -0.00468111 -0.00117779 -0.0011301 0.00554419 -0.00313568 -0.00646448 -0.00715065 0.00604343 0.00612116 -0.00121784 0.000184536 -0.00294971 -0.00521326 0.00563145
181115 -0.00227928 0.00319529 0.00034523 0.00472021 0.00158358 0.00772381 0.00545025 -0.00746489 -0.00462246 0.00594616 -0.000711918 0.000619888 -0.00285435 -0.00359964 -0.000277042 0.00658131 -0.00687742 -0.000914574 -0.00527525 -0.000146866 0.00536728 -0.00519562 0.00376081 -0.00139809 0.00567865 -2.14577e-05 -0.00110149 -0.00615358 0.00538349 -0.000908852 -0.00432348 0.00780582 0.00215149 -0.00399446 0.00661802 -0.00745153 0.00404596 5.76973e-05 -0.00443411 0.0059557 -0.000527382 0.00504684 -0.00553656 0.000444889 -0.000517845 -0.00422287 0.00514174 0.00521898 0.00545645 -0.00660944 0.00397635 0.00623989 -0.00260401 0.00228071 0.000108242 0.00781012 -0.00104046 -0.00518608 -0.00366259 0.00184107 0.00196886 -0.000214577 0.00651264 0.000563622
142659 -0.00596714 -0.00666857 -0.00585175 -0.000612259 -0.00299597 0.00196886 -0.00453758 -0.00558186 0.000550747 0.00712109 -0.00529718 -0.000549793 -0.00457668 -0.00170898 0.00244617 -0.000541687 0.00633001 -0.00138092 -0.00151062 0.00415373 0.000876904 0.00373793 0.00251913 -0.00200558 -0.00364542 0.00141048 -0.00332069 -0.00290251 0.00646162 -0.00276327 -0.00553083 -0.00618029 -0.00651264 -0.00483084 -0.00427723 -0.000553608 -0.000700474 -0.00125551 -0.00290537 -0.00298834 -0.00433779 -0.00260496 0.000932693 -0.00093317 0.00222254 0.00375557 0.0044651 0.00678301 -0.00293303 -0.00305605 0.00592327 0.00271654 -0.00367928 -0.0060153 -0.00608444 -0.00762606 -0.000445843 -0.00501633 0.00353622 -0.00747871 0.00559855 -0.00703239 0.00240469 -0.00299978
92681 -0.00132713 -0.00287552 0.00263319 0.00551973 -8.7419e-06 -0.00529371 0.00560489 0.00546349 0.00677259 0.00357798 0.00382455 -0.00758158 0.00734724 -0.000242046 0.00596005 -0.00269257 0.00389231 -0.00261025 -0.00318729 0.00274345 -0.0030459 0.00250773 0.00165242 -0.00194846 0.00389736 -0.00675991 -0.00536104 -0.00728214 0.00321245 0.00754935 -0.00737993 0.0034173 0.00137151 0.00602618 -0.00412064 0.00643073 0.00521291 -0.00236866 -0.0075673 -0.00461444 0.00257385 0.00210021 -0.000578618 -0.00439292 -0.00027319 -0.00699742 -0.000742937 0.00317921 -0.000188773 0.00460909 -0.00607006 -0.0032212 0.00184494 -0.000333766 0.00377529 0.00604605 -0.00160776 -0.00616996 -2.29855e-05 -0.00601912 0.00457638 0.00242156 0.00306644 0.00589367
190047 0.00269 -0.00696618 -0.00683148 -0.00160623 0.00694722 0.00303172 0.00469125 0.00438941 -0.00761143 -0.00374468 0.00478347 0.000747046 0.00103687 -0.00649439 0.00547185 -0.00647916 -0.00162096 0.00319975 -0.00581829 0.000245024 -0.00411903 0.00619978 0.00712215 0.00680891 -0.00309972 0.00567081 -0.0075983 -3.30201e-05 0.000836022 0.00506936 0.00676395 -0.00321827 -0.00267646 0.00313781 0.00181214 0.000505782 -0.00132197 -0.00578704 -0.00662563 0.00713057 -0.00533092 0.000588 -0.00457672 0.00735497 0.00309436 -0.000846961 -0.00354918 -0.000507456 0.00668779 0.00466902 -0.000159076 0.00472114 -0.00329166 -0.000715199 0.000471263 0.00603389 0.00703341 0.00205041 -0.00302943 0.00595508 0.00020827 -0.000643383 0.00563906 -0.000856797
192228 0.00490701 -0.00136571 0.00345342 -0.00760125 0.00656954 0.00489612 0.000710832 -0.00663626 0.00602434 -0.00611231 -0.000919662 0.00659726 -0.000729365 -0.00448163 0.00402576 0.00491926 -0.00554808 0.000339616 0.00286605 -0.0065661 0.00778353 0.00649234 0.001404 -0.00677192 -0.00132993 -0.00127894 -0.00265364 -0.000950137 -0.00325866 0.00395444 -0.000965401 0.00437041 0.00755862 0.000143652 0.000451941 -0.00778235 -0.00431488 -0.00609816 0.00395202 -0.000720922 0.00109729 -0.00234657 0.00213975 -0.0030459 -4.53311e-05 0.00305466 -0.00488109 -0.00696393 0.00296512 -0.00690741 0.000727798 0.00383678 0.00275168 -0.00380942 -0.00614211 0.00431836 -0.00199427 0.00695861 -0.00196603 0.00469474 0.00161623 -0.00598095 -0.000468988 0.0033297
145909 -0.0034824 -0.00755148 0.000813764 -0.00587416 -0.00482831 0.00171695 -0.00634746 -0.00195493 -0.00507406 -0.00249748 -0.00379279 -0.00011527 0.00140776 -0.00142626 -0.00322091 -0.00642269 0.00470293 -0.00333784 -0.00386287 0.00255399 0.00365909 0.00285472 0.00613589 -0.00340487 -0.00658548 0.0025234 -0.00653957 -0.00647321 -0.00384193 -0.00508606 0.00161553 0.00201278 0.00362281 0.00290719 0.00210966 -0.000279486 0.00433226 -0.00587098 0.0046904 -0.00646421 -0.00369001 0.00605114 -0.00610854 -0.00270498 0.0013858 -0.00643854 0.00225333 0.00449486 -0.00283746 0.00506843 -0.00274717 -0.00517873 0.00272158 0.00164593 0.00159521 0.00498925 -0.00156383 0.00359002 -0.00107492 0.0056465 -0.00550435 0.00431825 -0.00255553 0.00596625
193228 0.00750065 0.00758076 0.00737762 0.00228834 -0.00729799 0.00281525 0.00708008 0.00489473 0.0076828 0.000154018 -0.00239182 -0.00597715 -0.000982285 0.00300694 0.0024147 0.00760221 0.00262833 0.0077405 0.00193501 -0.00684547 -0.00635862 0.00259352 0.0037694 0.00145769 0.00440598 -0.00731707 0.0038228 -0.00507593 -0.00349045 0.00764751 -0.00778246 0.00458193 -0.00393295 -0.00621748 -0.00628328 0.00235415 -0.006248 0.000329971 -0.000397205 0.00378275 -0.00615788 -0.000712395 -0.000504017 0.00225878 -0.00499773 -0.00160217 0.00130272 -9.48906e-05 0.00581932 0.00542498 -0.00220823 0.00180674 0.00282001 0.00338697 0.00234842 0.00435066 -0.00351763 -0.00514746 0.00303793 0.000626087 0.00359583 -0.0062871 0.00440359 0.00239563
186065 -0.00223676 0.00692541 0.00612426 -0.00779135 -0.00442297 -0.00607429 -0.00577972 -0.00727907 0.00696635 0.00280323 -0.00294545 -0.0053545 0.00704385 0.00153134 0.000526525 -0.00647929 0.000724299 -0.00559406 -0.00663442 0.00103704 -0.00435813 0.00516391 0.000340728 0.000254276 0.00026794 -0.000517269 -0.00325748 0.00682815 0.00297024 0.00166082 0.00310225 0.00345909 0.00334636 -0.00574991 0.00124626 0.00275761 0.00332819 -0.00564174 0.000518422 0.00479858 -0.000655539 0.00572078 -0.00677638 -0.00214494 0.00753443 0.00629434 -0.000783956 4.75042e-05 0.00627974 -0.00191972 0.00286859 -0.00570554 0.00145102 -0.00303762 -0.00194855 0.00656163 0.00383185 0.00713862 0.00616872 0.00496653 -0.00102737 -0.00418071 0.00200434 -0.00425874
129368 -0.00266839 -0.00762851 0.00352345 -0.00610884 -0.00760558 -9.95325e-06 -0.00572566 -0.00518376 -0.00521965 -0.00137945 -0.00386979 -0.00057369 0.00148821 -0.00545599 -0.00591059 -0.000668354 0.0037666 0.00366179 -0.00138736 0.00752022 0.00411822 0.00233607 -0.0061558 -0.00678456 0.00424761 -0.0015971 -0.00471185 -0.00613984 -0.00262742 0.00663001 -0.00365782 -0.00207066 0.00473753 0.00229277 -0.00407921 -0.00437298 0.00212237 -0.00283698 -0.00424918 -0.00508303 -0.00483673 -0.00104708 0.00387347 -0.00624371 -0.00462887 -0.00172277 -0.00490923 0.00208848 -0.000597851 -0.00544305 0.00536272 -0.00369134 0.00472461 0.00141769 -0.0012697 -0.00776036 -0.00727924 -0.00361503 -0.00390105 -0.00489251 0.00537746 0.00526642 -0.00495478 -0.00302523
195560 -0.00266695 0.00494957 -0.00187683 -0.00174046 -0.00479221 0.00678015 0.00721836 0.00565672 -0.00382948 0.00413227 0.00417233 -0.00159597 -0.0027566 0.00602531 -0.00600863 0.00284243 -0.00697041 -0.00372267 0.00632381 0.00144625 0.00574541 -0.00654411 0.00596952 0.00392628 0.000604153 0.00410652 -0.000955582 0.00648832 0.000504494 -0.00231743 0.00422096 -0.00499773 0.00306034 -0.00747585 0.00380039 -0.000584126 -0.0016942 0.00631332 -0.00283194 -0.00420904 0.00260544 0.00722647 0.00576115 0.00703812 0.000862598 -0.00578785 -0.0041523 -0.00438309 -0.00620699 -0.00113726 0.00574446 -0.00698042 -0.0045085 -0.0033164 0.00628233 -0.00319719 0.00618553 0.00461102 -0.000112534 0.00186539 -0.00710917 -0.00680447 -0.00353956 -0.00638771
195762 -0.00336965 -0.000321532 -0.00358939 0.00406801 -0.00735532 -0.00772632 -0.00581422 -0.00388983 -0.00263935 -0.0031214 0.0071386 0.00496402 0.00151611 0.00512113 0.00321921 0.00523568 0.00448554 0.00350379 -0.00242828 -0.00474501 -0.00500261 0.00152567 0.00359758 0.00141399 -0.00302117 0.00780845 -0.000187464 -0.00635472 -0.00582179 0.00457676 0.0043674 -0.00608224 -0.00674262 -0.00579565 -0.003892 -0.00674368 -0.0077914 -0.00413484 -0.00688177 0.00568349 0.0039016 0.00418744 -0.00349143 0.000449341 -0.00401827 0.00634685 0.000620895 -0.00650733 0.00589906 0.00705869 -0.00318346 -0.00707484 -0.0044611 0.00176813 -0.000644064 0.000932013 0.00105106 0.00348433 0.00537005 0.00159382 0.00186229 0.00109902 -0.00441726 -0.00339476
52829 0.00189257 0.00193453 -0.00294113 0.00226402 -0.0032196 0.0048213 0.00208378 0.00742388 -0.00760651 -0.00660133 -0.00126362 -0.00658178 -0.00193548 0.000120163 0.00137424 -0.000139236 0.00379944 0.00190306 -0.00746298 -0.00637341 0.00542879 -0.00527239 -0.00736046 -0.00632954 -0.00676823 -0.00723457 -0.00281143 0.00586653 -0.000755787 0.0023303 -0.00217009 0.00177002 -0.0062232 -0.00249052 -0.00115204 -0.00451422 0.00761652 -0.00536299 -0.00457048 -0.000582695 0.0048027 0.00247574 -0.00281858 0.00684023 0.0074501 0.007761 0.000718117 0.000808239 -0.00248241 0.00735378 -0.00519323 -0.00327158 0.00324154 -0.00334692 -0.00436068 -0.00690174 0.00450516 0.00363874 -0.0074091 -0.00600052 0.0023632 7.77245e-05 0.00515747 -0.00653028
197923 -0.00362741 -0.00199631 0.00644024 0.00721049 -0.0038067 0.00675436 0.00760168 -0.00512573 -0.00135526 0.00248148 -0.00381942 -0.00718969 -0.00596616 0.00710491 0.00709009 0.00355884 -0.00428808 0.00704544 0.00346233 -0.00671862 0.000241109 -0.00399219 0.00250796 -0.00345681 -0.0029952 -0.00287113 -0.00140853 0.00769624 -0.00252787 0.00511889 -0.00648172 0.00213255 -0.0004688 0.000487371 -0.00110073 0.000887194 -0.00202214 -0.00768734 -0.00753649 0.00650301 0.00317213 0.00694944 0.00545984 0.0045182 0.00728672 -0.00496931 -0.004758 -0.000764234 0.000680838 -0.00415901 -0.00754963 -0.00268832 -0.00644657 0.000320765 0.0049767 0.000877187 0.00467428 -0.00757832 -0.00365109 0.002261 0.00352267 0.000417463 -0.00106074 -0.00483517
125831 0.00237942 -0.00237417 0.00757313 -0.00578642 0.00296974 -0.000452995 -0.00481606 -0.000308514 -0.00552273 -0.00619268 -0.0067935 -0.00691366 0.00440311 0.00309134 -4.19617e-05 -0.00592089 -0.0072341 -0.00453758 0.00360441 -0.00113153 -0.00263023 0.00485992 -0.0077157 0.00244904 -0.00745535 0.00425434 0.00363064 0.00278807 -0.00592899 0.00361681 -0.00750351 0.00204515 -0.00230694 -0.00667286 0.00663424 -0.00347042 0.00268459 0.00204563 -0.00398445 0.0017848 0.0047431 -0.000959873 -0.00447321 -0.004879 0.00655413 0.00375843 0.00673771 -0.0061388 -0.00719452 0.00762415 0.0059762 -0.00462961 -0.00389194 -0.00727224 -0.00184584 -0.00286293 -0.00251436 -0.00386095 -0.00329447 -0.00515366 0.00664139 0.00451422 0.00533009 0.00483942
199355 0.00315523 0.00272274 0.00690365 -0.00671816 0.00570583 -0.00758362 0.00399637 -0.00720263 -0.00266457 0.00739145 0.00699282 0.00765085 0.00510979 0.00416708 -0.00137949 0.00385571 -0.000312328 -0.00161695 0.00525951 0.00716543 0.00690126 -0.00269604 0.00696707 -0.00404406 0.00311518 0.00530052 0.00408936 0.00257063 0.00208712 -0.00366831 0.00363874 0.000769615 -0.00115108 0.00530052 -0.00668335 -0.00714111 0.00645924 -0.00206232 -0.00552034 -0.00087595 0.00739145 -0.000795841 -0.00369501 0.00378609 -0.00709105 -0.000751019 0.00308371 -0.00239992 0.00594711 0.00752974 -0.00311279 -0.000570774 0.00147104 -0.00711012 0.000668526 -0.00619459 0.00233459 0.00207186 -0.00283241 -0.00507975 0.00523043 0.00695944 -0.00194597 0.00219202
199316 0.00538492 0.00740433 0.00305557 -0.00465155 0.000837326 0.00243139 0.00287676 -0.000205517 0.00120115 -0.00269794 3.43323e-05 -0.00478935 -0.00449276 0.00297594 -0.00171232 -0.00498199 -0.00222921 -0.0076642 -0.00271034 0.00716162 -0.000121117 0.00407839 0.00563717 0.000721931 -0.00267887 -0.000732899 -0.000427246 -0.0049448 -0.0045166 0.00520468 -0.00323391 0.00534821 0.00577688 -0.00464106 0.000548363 -0.00746298 0.00182104 -0.00686216 -0.000341415 0.00460148 0.00120592 0.00448847 -0.00237656 0.000934124 -0.00695133 0.00149059 0.00682735 -7.86781e-05 0.00187349 -0.000571251 -0.00298262 -0.00543833 -0.0075984 -0.00361872 -0.00106525 -0.00499678 -0.000468731 0.00530529 -0.006567 0.00220776 0.000598431 -0.00545835 0.0055232 0.00599289
192117 -0.00768463 -0.0020365 0.00246699 -0.000839073 -0.00739695 0.00759395 -0.000281697 0.00722369 -0.0077551 0.00354855 0.00514262 0.000414462 -0.00161124 -1.1021e-05 0.00197604 1.03811e-05 0.00737458 -0.00707725 0.00761944 -0.00433567 0.00202531 0.00122511 0.00206665 0.00134178 -0.00155241 -0.00704026 -0.00250804 0.00731072 0.00291815 -0.00251234 -0.00361478 -0.000614731 -0.00218568 -0.00722134 -0.000399764 0.00603762 0.0047288 -0.00702048 -6.81085e-05 0.000853082 -0.000294798 0.00411863 -0.00285726 -0.00393943 -0.00538373 0.0070299 0.00145259 -0.00188254 -0.00296041 -0.00498639 -0.000860141 0.00490678 0.00635605 0.00658718 0.00281113 -0.00296987 -0.00717029 -0.00688474 0.00464271 -0.00700574 0.00185956 -0.00689509 0.00146282 -0.00406201
200684 0.0018828 -0.000236328 0.00374564 -0.00433445 -0.00691214 -0.00631105 -0.00535343 -0.00617602 -0.00431236 -0.00417021 0.000424927 -0.00238265 -0.00253935 0.00343755 0.00491468 -0.00343137 -0.00584444 -0.0077411 -0.00615419 -0.00714761 6.44801e-05 0.00386852 0.00218527 0.00583051 0.00635177 0.00100162 -0.0025398 -0.00389769 -0.00165675 -0.00484742 0.00355773 0.0055778 -0.00662867 0.00336794 0.000864239 0.00473816 0.00769274 -0.00498104 0.00710235 -0.00605891 -0.00703015 -0.0048538 0.000306769 0.0064457 -0.00696032 0.00462428 -0.00609826 -0.00274369 6.4652e-05 -0.00184485 0.00379233 -6.17779e-05 -0.00518115 0.00345998 -0.00128988 0.00404688 -0.00617761 0.00746713 -0.00476922 -0.00175662 -0.00525838 0.00506311 -0.0013341 0.00645615
104718 0.00170646 -0.000892232 -0.0022105 -0.000775391 0.00647119 0.0012648 -0.00445826 -0.00700026 -0.00223155 -0.00149023 0.00306381 0.000162633 -3.93633e-06 -0.0018227 -0.00552102 0.00156183 -0.00590283 0.00603018 -0.000464726 -0.00439231 0.0039338 0.00365239 0.00415333 -0.00121296 -0.00259356 -0.001054 0.00689433 0.00411357 -0.00518451 -0.00335258 -0.00408607 0.00749622 0.00302868 -0.00610265 0.00680963 -0.000855543 -0.00452541 0.0045604 -0.00612041 -0.00224253 -0.00550981 -0.00196194 0.00478004 -0.0052172 0.00726216 0.00644011 -0.00109372 -0.00532487 -0.00383669 0.0049397 0.0038367 0.00375397 -0.00476417 0.00600935 -0.003509 -0.0033341 0.00619566 0.00436642 -3.03488e-05 -0.00571688 0.00394842 -0.00620897 0.00213085 0.00159061
192351 -0.00155354 0.00574636 -0.0012722 0.000760078 -0.00202751 0.000452042 0.00247002 -0.000909328 -0.00756359 -0.00305414 0.00681543 -0.00196123 0.00525427 -0.00749063 -0.00288582 -0.00735426 0.00413847 -0.00494957 -0.00205708 -0.0071373 0.000468731 4.57764e-05 -0.00172997 0.00383472 0.00275898 0.00138807 -0.0058651 0.0037117 -0.00244236 -0.00731945 0.00579405 -0.0033741 -0.00168753 0.00146151 -0.00343752 0.00753117 0.00741434 0.00352383 0.00342035 0.00279522 -0.00555944 -0.00581455 0.000375271 -0.00613356 0.00144958 0.00118399 0.00776958 -0.00459909 -0.00603294 0.00354099 -0.00023222 0.00142622 0.00601149 -0.00579977 -0.0017767 -0.00532103 -0.00531483 -0.00546646 -0.00109625 -0.00356293 -0.000458717 -0.00710487 -0.00672436 0.000112534
201086 0.00663903 0.00595061 -0.00255532 -0.000949572 0.00309124 0.000526925 0.00780394 -0.00130324 -0.00292597 -0.000127763 -0.00244197 0.00467864 0.00482019 0.00248866 0.00025869 0.00232489 -0.0022704 0.0062086 0.00127809 -0.00298101 -0.000316329 0.000392992 -0.00166675 0.00560393 -0.00121566 -0.000456371 -0.00216252 0.0064128 0.00395741 -0.00258621 -0.00485419 0.0034154 0.00546184 -0.00714808 0.00389419 -0.00655165 -0.00301341 -0.00277814 -0.00725472 0.00725248 0.00620067 0.00413838 0.000417667 -0.00233359 -0.00550985 0.00105061 0.00399303 -0.00321212 -0.00574586 0.00578876 3.68298e-05 0.00153593 0.0021158 0.00266339 -0.00194216 -0.00561546 -0.00566196 -0.00344867 -0.00441936 -0.00342424 0.0063439 -0.00302118 -0.00713439 -0.00262657
157956 0.001687 -0.00617529 -0.00744362 0.000623231 0.00260669 0.00290684 -0.00416156 0.00169219 0.00574712 -0.0073957 0.000413311 -0.00564061 -0.00198848 0.00512158 -0.000921293 -0.00723191 0.00306017 0.00040127 -0.00145865 -0.00287844 0.00391161 0.00413363 -0.0053569 -0.0035263 0.000967833 -0.00761726 0.00203818 8.59566e-05 0.00357788 0.00150723 -0.00359909 0.00363562 -0.00404161 0.00506617 -0.00771425 0.00649852 0.00361074 -0.00110759 0.00500452 0.00157426 0.00440395 -0.00642289 -0.00530429 -0.00777263 -0.0025383 -0.00515823 -0.00553861 0.00386532 0.00580086 -0.000269162 0.00514899 0.00472819 -0.00254687 -0.00430872 -0.00182235 -8.94224e-05 0.00100815 0.00536665 0.00130039 -0.00547294 -0.00571939 -0.00709553 -0.00207369 -0.0035119
201735 -0.00189972 0.00255632 0.00614738 0.00428724 0.000787735 0.00123549 0.0058794 -0.00526905 0.00458908 -0.000454903 0.00120258 -0.00387573 0.00768423 0.000864506 -0.00338078 -0.00368309 -0.00640392 -0.00677109 0.0019536 0.00554419 0.0076108 0.00293207 0.000971317 -0.00772238 0.00135946 0.00234652 -0.00154209 -0.00370693 -0.00610685 0.00350189 0.00269318 -0.00341606 -0.00396109 0.00490856 -0.00443602 -0.00541353 -0.00363731 -0.00183821 -0.00274754 -0.000293732 0.00240898 -0.00131464 -0.00350618 0.00261974 -0.00195885 -0.0053401 -0.00603819 -0.0016613 -0.00195885 -0.00276327 -0.00771761 0.00388002 -0.0016861 -0.00766611 -0.0072751 0.00754452 0.00283813 -0.00725698 0.00395489 -0.00224829 0.00383615 0.00646544 -0.0021081 -0.00717449
201642 0.00256109 -0.00499249 0.00555992 0.000920296 -0.00595427 -0.00307035 0.00672293 0.00335979 0.00320864 0.0060029 -0.00630999 -5.05447e-05 0.0019145 -0.00198317 0.00371265 0.00641489 -0.00248909 -0.00753212 0.000357151 -0.00434875 -0.00256729 -0.0036993 0.00764751 0.00105572 -0.000220299 -0.00282574 0.00235987 -0.00136614 -0.00429964 -0.00594473 -0.00047636 0.00489998 -0.00713205 -0.00176048 -0.00724936 0.00726414 -0.000994205 -0.0074091 -0.0030508 0.0076704 0.00599194 0.000863552 -0.00432873 -0.000690937 0.00726223 0.00488853 -0.00622082 0.000918865 -0.00471735 0.00211239 -0.00670719 -0.000256062 0.00305653 0.0037818 -0.000636578 0.00579691 -0.00417328 0.000621319 -0.000761509 0.00598431 0.00505114 -0.00681543 0.00552416 0.00512457
201930 -0.00167411 0.00433184 -0.0027534 0.00492427 0.00224916 -0.000747766 0.00631194 -0.00149006 0.00340993 0.00512441 -0.00495169 0.00359929 0.00349477 -0.00298188 0.00778411 -0.00702253 0.00391558 -0.00190485 0.00605906 -0.00452401 -0.000868082 0.0071577 -0.00281875 0.0074211 0.00389462 -0.000682083 0.00554303 0.00291463 0.00642741 0.00293803 -0.00423611 -0.00342576 -0.00297936 -0.00130117 0.0020338 -0.00752433 -0.00375243 0.00313793 -0.00753944 -0.00752907 -0.00262202 0.00496287 0.00550655 0.00743099 -0.00284752 0.00647044 -0.00696848 -0.00673453 -0.00166687 -0.00519715 0.000916074 0.000815683 0.002263 0.00215608 -0.00331558 0.00661224 -0.000675095 0.000660304 0.00629475 -0.0044865 0.0070359 -0.00546542 -0.00544068 -0.00252927
194260 0.00766468 -0.00656509 -0.00453901 0.00721025 0.00620985 -0.00602055 0.00461578 0.00577164 -0.000802517 -0.00217438 -0.000928879 -0.00297928 -0.00380802 0.00615025 0.00394535 -0.00371885 -0.00591516 0.0022521 -0.00766325 -0.00594568 -0.000684261 0.00369167 0.00677443 0.00368214 -0.00205898 0.00770664 0.00756693 -0.00283003 1.14441e-05 0.0052042 -0.00751781 -0.00570726 -0.00433588 -0.00357294 0.00250626 -0.000178814 -0.00373554 -0.00390196 -0.0043869 0.00712013 -0.00199413 -0.00761795 0.000166893 -0.00267744 -0.00557232 0.00372839 -0.00135946 -0.00391054 0.000253201 -0.00519609 0.000144958 0.00778294 -0.00573158 -0.0012989 0.00245953 -0.00156546 -0.00636244 0.00351763 0.00517035 -0.00266266 -0.00450182 -0.00264883 -0.00663137 0.00426912
87830 -0.00176334 -0.00455618 0.00663996 0.00655174 -0.00546169 0.00601625 -0.00596523 -0.00392389 -0.00764465 -0.0071044 0.00726557 -0.00637627 0.00276995 -0.00539064 -0.0046854 0.00186777 0.00401688 0.00492334 0.00269747 0.00375366 -0.00748301 -0.00676155 0.00331497 0.00577068 0.0051899 -0.00204039 0.000267029 -0.00718451 0.0051403 -0.000629425 -0.00144053 -0.0027194 -0.000627518 0.00512981 -0.0032959 -0.00717735 -0.000635624 -0.00758076 -0.00523567 0.0029397 0.00566387 -0.000760555 -0.00702715 -0.00580931 0.00233984 -0.00674486 -0.00589848 0.00668573 0.0018177 -0.00181675 -0.000665665 -0.00207567 0.000940323 -0.00323963 -0.00480652 -0.00675249 -0.00184536 -0.00347853 -0.000600815 0.00334549 -0.00483274 -0.00381708 0.00696707 0.00521374
197604 -0.0076623 0.00448465 -0.00183868 -0.00612307 -0.00508451 0.00553608 0.00587034 -0.00497723 -0.00749779 0.00689459 -0.00223351 -0.00101042 0.00697327 0.00191975 -0.00730658 0.00312281 -0.000626564 -0.00173903 -0.00523376 -0.00204992 -0.00336933 0.00651598 -0.00724602 0.00605679 -0.00575733 0.000298023 -0.00114393 -0.0065074 -0.00422859 0.00737619 -0.000561714 -0.00303268 -0.00469732 -0.000636101 -0.00502872 0.00540876 -0.0019207 0.00526142 0.00172901 0.0016489 -0.00515652 0.00694466 0.00499582 -0.000315666 0.000721455 -0.00497389 0.00196552 -0.0011034 -0.00394535 -0.00680971 -0.00092411 0.0031867 0.00502062 0.00754786 -0.00740957 -0.00484657 -0.00681067 0.00599003 0.000296116 -0.00235367 0.00736237 -0.00654316 0.00125313 0.00345182
188954 0.00447154 0.00686228 0.00777754 -0.000833169 -0.0040259 0.00175257 0.00125729 0.0048376 0.0013953 0.00170543 0.00332208 -0.00469841 0.000343214 -0.00275518 -0.000875276 0.00122948 0.000501036 -0.00215107 -0.00364514 0.00462287 0.00613095 0.00399963 0.00454239 0.00479168 0.00400603 0.00599411 -0.00486963 -0.00497897 0.000579571 -0.00347909 0.00398064 -0.00739187 -0.0059364 -0.00719557 -0.000173275 0.00113208 -0.00727826 -0.0069366 0.00490337 0.00141395 -0.0054293 0.00478271 0.00262575 0.00770166 -0.00719629 0.00559626 0.005776 0.0012861 -0.000597437 0.00721754 0.00772886 0.000866983 -0.00294697 0.00322024 0.00451035 0.000499126 -0.00183493 0.00370515 -0.00425737 0.00332969 -0.00568726 -0.000578296 -0.00311264 -0.00568831
35243 -0.00557709 -0.00333738 0.00267553 -0.00221443 -0.00590229 -0.00380135 -0.0044055 0.00407171 -0.00247288 -0.00609779 0.00222731 0.00365829 -0.00211859 0.00461292 -0.0058732 0.00521088 0.00434256 -0.00412464 -0.00334072 -0.00267124 0.00768709 0.000622749 -0.00243187 -0.00573683 0.003088 -0.00185776 0.00430298 0.00103045 -0.00652122 0.00423384 -0.00231266 0.00682068 -0.00162363 0.00680542 0.00603485 -0.00160837 0.00713634 0.000306606 0.000403881 -0.00703526 -0.0047164 0.00524473 0.00698423 0.00419664 0.00539112 -0.00193119 -0.00332499 0.00323725 0.00490379 -0.00297308 -0.0052762 0.00719643 0.0067482 -0.00507927 0.00173903 -0.00233698 -0.00673866 -1.81198e-05 -0.00293255 0.00471497 0.00426626 0.000788689 0.00647259 -0.0034318
205620 -0.00767294 0.0070913 0.00510893 0.00404617 -0.00642681 -0.00198015 -0.00288575 -0.00491909 -0.00180834 -0.00775705 -0.00413817 0.00632984 0.0067347 -0.00692005 -0.00359491 0.00061748 -2.90043e-05 -0.00772739 0.00764314 0.00392112 -0.00423168 0.00386537 0.00141092 0.00604971 -0.000870317 -0.000552841 0.00255206 0.00735544 0.00316896 -0.00209249 0.00500373 0.00766076 0.00326622 -0.00737897 0.000458978 0.00754354 -0.00528724 0.00100435 -0.00771426 0.00553819 -0.0054948 -0.00226999 6.61308e-05 -0.00124236 -0.0052378 0.000249662 0.00519136 0.00212433 -0.00226406 0.00580295 -0.000400651 -0.000449545 -0.00665659 0.00172304 -0.0058656 -0.00130299 -0.00200608 -0.00187913 0.00776717 -0.00651053 -0.000585592 -0.00777414 0.00392627 0.00555349
179103 0.00489062 0.000965283 -0.00198993 -0.00669912 0.00643217 -0.00693514 0.00577928 0.00339075 -0.00256674 -0.00233679 -0.00634361 -0.0067934 -0.00496721 0.00226465 0.00117281 -0.00355749 -2.93563e-05 -0.00514315 0.00264934 -0.00218209 0.00391021 -0.00249964 0.00633269 0.00126662 0.00762406 -0.00680908 0.00510738 0.00196455 0.0036359 -0.000566532 -0.00423484 0.0021246 -0.0041415 0.00288374 -0.0065544 8.33509e-06 -0.00513198 -0.00729504 -0.00763188 -0.00160941 -0.00188634 -0.00514364 0.00297065 -0.00695896 0.00330709 0.000890002 0.00694678 0.00303139 0.00213689 0.00607115 0.00734391 -0.0058245 0.00212272 0.00352945 -0.000603934 0.00766394 -0.00736316 -0.00693426 -0.00769352 0.000726621 -0.00330184 0.00738915 0.0019589 -0.00684251
129019 -0.000299434 -0.00411636 0.00347339 -0.00449203 0.00571237 0.00621925 -0.00173488 -7.90236e-05 -0.0029683 0.00332602 -0.0028587 -0.00666858 0.00120985 0.00132101 -0.00420829 -0.00611138 -0.00660365 0.00356305 -0.00603584 0.0070557 -0.00463724 0.00444834 -0.00517593 -0.0042702 0.00499564 0.00180382 0.00375188 -0.00367841 -0.00775956 0.00735119 -0.00550124 0.00510813 0.00236496 0.00441006 0.00318785 0.00190348 -0.00766977 -0.00362953 0.00463863 0.00108044 0.00394254 0.00145995 -0.0022879 -0.00346102 0.00300685 -0.00346522 0.00106408 0.00319923 0.00335915 -0.00608411 -0.00489082 -0.000352035 -0.00757857 0.0037811 -0.00392941 0.00529286 -0.00345394 0.00336002 0.00105963 0.00267341 0.00528989 -0.0060353 0.00555685 0.00156644
208575 -0.000929356 0.00155115 0.00444841 0.00166464 0.00338364 0.00761747 0.00588131 -0.00535154 0.00660467 -0.00549126 0.000125408 -0.0033164 -0.00667953 -0.00145864 0.00672865 0.00196171 -0.00718403 -0.00505638 0.00176573 0.00499535 0.00364304 -0.0070405 0.00412941 -0.00249338 0.00665379 -0.00701475 -0.00190067 -0.00591373 0.00547552 -0.00334549 0.00224161 -0.00759983 -0.00568056 0.00297546 -0.00686502 0.000256538 -0.00478268 -0.00606108 -0.00601482 0.00404549 0.00208855 -0.0010438 0.00536919 -0.00473881 0.00497723 0.00716257 -0.0055747 0.00772762 -0.00563765 0.00445127 -0.00527525 0.000992775 -0.00612593 -0.00197983 0.00189447 -0.00436211 0.00570822 -0.00720263 -0.00152302 -0.000909805 -0.00481224 0.00127935 -0.00377893 0.00268936
210198 0.00187473 0.00426262 0.00739851 -0.00519162 0.00379339 0.00652639 0.00535199 0.00540927 -0.00330893 -0.00436301 0.00411881 0.00101723 -0.0057878 -0.00562721 0.00578731 0.00624545 0.00293735 0.000224463 0.00701213 0.00410018 0.00760368 0.00155521 0.00114587 0.00679482 0.00471114 0.00486646 -0.00447568 0.00672421 -0.0061678 -0.00284036 -0.00333431 -0.00555163 -0.00206476 -0.00334364 -0.002932 0.00558209 0.00390771 0.00635038 -0.00428377 0.00554113 0.00611664 -0.00779508 -0.00764782 -0.00126237 -0.00318799 -0.00194684 0.00180577 -0.00168485 0.00724344 0.00248669 -0.0010508 0.00678808 -0.00299708 0.00528022 -0.00458244 0.00629447 -0.00739967 -0.00440758 0.00371641 -0.00252571 0.0067905 -0.00734801 -0.00539482 0.00753129
159532 -0.000777375 -0.00189043 -0.00463745 -0.00277769 0.00325372 0.0044397 -0.00327931 -0.00474977 -0.00747193 0.0077092 0.00277533 -0.00370412 0.00324612 -0.00291106 0.00373275 4.43326e-05 0.00515302 -0.00410012 -0.00139987 -0.00678245 -0.00606617 -0.00143468 0.00733652 0.000370316 -0.00105163 0.00517539 -0.00431451 0.00650721 -0.00615346 -0.00042329 -0.00567384 0.0027731 0.000377198 0.00685412 -0.00596274 0.00474378 -0.00475441 -0.000186399 0.00597615 -0.00404 0.00590944 -0.00607965 -0.00456183 -0.0069539 0.00521697 0.00485069 -0.00106382 -0.00429717 0.00372523 0.00759534 -0.0072894 0.00203499 0.000265671 0.00541927 -0.00566131 -0.00547545 0.000104041 0.006763 -0.00324478 -0.00238971 -0.00542183 0.00175272 -0.00215809 0.00356245
142962 0.00549173 0.000738621 0.0059762 0.00761318 0.00606537 -0.00507927 0.00342512 -0.00242662 -0.00396299 -0.00763321 -0.00211 -0.00412941 -0.00371933 0.00717163 0.00365734 0.000245571 0.00404024 -0.00237942 0.00450802 0.000612736 0.00392199 0.00670338 0.00534487 -0.00598717 -0.00295544 0.000601292 0.00602865 0.00490379 0.00293684 0.00230408 0.00436068 0.000932693 -0.00341511 0.000346184 0.00232744 -0.00724602 0.000846863 -0.00454807 -0.00245333 0.00491524 -0.000243187 -0.00680876 -0.00346613 0.00325394 0.00231218 -0.00705099 0.000471115 -0.00293112 0.000396729 5.10216e-05 0.000100136 -0.0047369 -0.00582457 0.00197601 -0.0070734 0.00347471 0.00049448 -0.00200033 -0.00314999 0.00701427 -0.00113153 0.0075717 -0.00471497 0.00162697
208989 -0.00378339 0.00615105 0.00664247 0.00125526 -0.00693817 -0.00497248 -0.00552352 0.00679564 0.00101886 -0.00231904 -0.00138764 0.00541399 0.0039774 0.00160111 0.000738101 0.000212147 -0.00338216 -0.00250469 -0.00213136 -0.000512843 -0.00697186 -0.00563179 0.00107793 -0.00415441 -0.00114513 0.00592785 -0.00519465 0.00565007 -0.00502159 -0.00384795 -0.00362785 -0.00406429 0.00498388 -0.00137683 0.000906879 0.00347963 -0.00238453 0.00628656 -0.00216447 0.00714378 -0.00699477 0.00284539 0.00118007 -0.000177283 -0.00095678 -0.00218723 -0.00225102 0.00762529 0.00573057 -0.000491696 0.00601562 0.00286531 -0.00726917 0.00602407 -0.00685356 0.00603452 0.00560875 -0.00435878 -0.000372089 -0.00588688 0.00537447 -0.00313666 -0.000265493 0.00506747
189990 0.00148246 0.000675373 0.00378715 -0.00742067 -0.0003113 -0.001607 -0.0066931 -0.00617904 -0.00623427 0.00109567 0.00659531 0.0069851 0.00227218 -0.00350742 -0.00200615 0.00110615 0.0032044 -0.00446964 0.00670359 0.0022703 0.00263095 7.17777e-05 -0.00733512 0.00601 -0.00355497 -0.00339855 0.000750256 0.00445744 -0.00130693 -0.00482005 -0.00504173 0.00272427 0.00489345 -0.000343504 -0.00762302 0.000460553 0.00148832 0.00646821 -0.00475833 0.000968547 -0.000658452 -0.00365067 0.00702394 -0.00780003 -0.00127079 0.000402048 0.0055113 -0.00668062 0.00500319 0.0019532 0.00322588 0.00202163 0.0022034 0.00541922 0.00491471 -0.00148771 0.00342572 0.00257437 -0.00700201 -0.002236 0.00759002 -0.00450006 0.000511787 -0.00652382
110038 -0.00325482 -0.00594365 -0.00393166 0.00374279 0.00678184 0.00647832 2.53136e-05 -0.000168143 -0.000527619 0.00354581 -6.64952e-05 0.0062326 0.00614462 9.16625e-05 0.00625961 -0.00364777 0.00512194 -0.000507546 0.00417145 -0.00200867 0.00372717 0.00763991 0.00166603 0.00135287 0.00526326 0.00291757 -0.00780158 0.00504003 0.00365385 0.00573694 0.00113709 -0.00297551 -0.000899266 -0.00635536 0.00268424 0.00202886 0.00504401 -0.00651129 0.00153626 -0.0075766 -0.00683597 0.00206667 0.00386112 -0.00224564 -0.0031762 0.00514591 -0.000574313 0.00618843 0.00683163 -0.00431037 -0.00768379 -0.00652847 0.00525666 -0.00433055 -0.000999388 0.000631178 0.00557134 -0.00175114 0.00390357 0.00204916 0.0068325 0.00588449 -0.00520416 0.00128684
210859 -0.00353813 0.0038352 0.00548935 0.00224209 0.00293303 -0.00276995 0.00691271 -0.0041852 0.00433111 -0.00184631 -0.00419807 0.000901222 0.00708723 -0.0027442 -0.00267029 0.00272274 0.0070653 -0.00629377 0.00262403 -0.000940323 0.00641108 -0.00686502 -0.00499439 -0.00237322 0.00168848 0.00041151 0.00780439 0.00315952 0.0072608 -0.00493908 -0.00742054 -0.00626612 -0.00180101 -0.00570297 0.00309849 0.00300741 -0.00707197 0.00396204 0.00514174 -0.00459909 0.00364208 -0.00639057 0.00500345 -0.00533438 -0.00342417 -0.00711203 -0.00575495 -0.00339508 -0.00358868 -0.00765324 -0.00267744 0.00138521 -0.00746584 -0.00418615 0.000900269 -0.00690794 0.000164509 0.0012145 0.00459051 -0.00116205 -0.00341749 0.00699472 0.00318241 -0.00743008
70219 0.0073452 -0.00712442 -0.000518322 -0.00535345 0.0002141 0.00336504 -0.00155783 0.00732136 0.002316 0.0014987 0.00358295 -0.00341654 0.00450945 -0.00376511 -0.00236654 -0.00200939 0.00597429 0.00160456 0.00651789 -0.00555515 -0.00262737 0.00291061 -0.00575638 0.00291967 0.00122881 0.00370789 0.000311852 0.00246954 -0.000878334 0.000731945 0.00158691 -0.000100136 0.00496054 0.00738001 0.0039897 0.00605536 0.00456858 0.00416279 0.0022068 0.000352859 0.00521708 -0.00076437 0.000279903 0.000271797 -0.00654459 -0.000702381 -0.00311375 0.000926018 -0.0019846 -0.0041585 0.00318241 -0.00482845 -0.00637531 0.00142097 -0.00298119 -0.00435877 -0.00124073 0.00654459 0.00639439 0.00352097 -0.00619793 0.00123262 0.00721407 0.00171232
160945 -0.00299215 -0.005651 9.25064e-05 -0.0046711 0.00286055 0.00287247 -0.00186396 0.00528383 -0.00476456 0.00671339 -0.00642061 0.00667334 0.00556946 -0.0025053 -0.00542212 -0.00103283 0.00657368 0.00752401 -0.00308943 -0.00342607 0.00232887 -0.00261593 -0.00248098 0.00180197 -0.00408983 0.00398397 -0.00724173 -0.00121546 -0.00773716 0.00562382 0.00579309 -0.000867367 -0.00127411 -0.000322819 -0.0077424 0.00601292 -0.00657749 -0.000570774 -0.00326014 0.00553942 -0.00420952 -0.00744343 0.00296354 -0.007195 0.00634766 0.00528717 0.00646734 0.000808716 -0.00316095 0.00222492 0.00266743 -0.00101709 -0.000887871 0.000256538 -0.00277996 0.00458193 0.0051136 0.00151491 -0.00280428 -0.00762367 0.00760698 -0.00117397 -0.00376368 -0.00720215
25927 0.00340774 0.00235658 0.00598789 -0.00477061 0.00731158 -0.00284065 0.00610446 -0.000293131 -0.00731611 -0.000877696 0.00639832 0.00553531 -0.00600086 -0.00636416 -0.00104912 -0.000973101 0.00577976 0.00359941 -0.00613228 -0.00557249 -0.00767185 0.00733615 -0.00483047 0.00232864 0.00123296 0.000252322 0.000350084 -0.00421645 0.00751754 0.000471601 0.00625869 -0.00155448 -0.00211325 -0.00735801 -0.00614212 0.0055264 -0.0010691 0.00291743 0.000525672 0.00135394 -0.00337556 0.00187975 0.00289369 0.00524657 -0.00055629 -0.000392081 -0.00133627 0.00137835 0.00151557 -0.000209728 -0.00362753 -0.0020693 0.00735853 0.00351837 0.00357479 -0.00722059 -0.00044843 -0.00313617 0.00395539 -0.00364007 -0.00760067 0.00221062 -0.0012887 0.00024734
89003 -0.00590897 0.00322199 -0.00776339 -0.00691509 0.00215626 -0.0044446 -0.00105286 -0.00731945 -0.00348234 0.00309992 -0.0032444 0.00647926 -0.00739908 0.000872612 -0.00171423 -0.000630856 -0.00729847 0.00549173 -0.00579977 0.000434875 -0.00693274 -0.00696135 0.00092268 0.00462627 -0.00647926 -0.000741482 -0.000683784 0.0047698 -0.00455284 -0.000724792 -0.00373936 -0.0028162 -0.00256157 -8.15392e-05 -0.00425816 -0.000534534 0.00567532 0.00433779 0.00201559 0.00184488 0.00582361 0.000754356 -0.00228357 5.29289e-05 0.0072937 -0.00560331 0.00384808 -0.0001688 -0.00274658 9.77516e-05 -0.00735617 0.000425339 -0.00662994 -0.00102711 -0.00538683 0.00342941 0.00142717 -0.00459051 -0.00110674 0.00744438 0.00428152 0.0059123 0.00383759 0.00368357
69153 0.00706611 0.00665564 0.00445825 -0.00453228 -0.000525594 -0.000590278 -0.00756508 -0.00574066 0.000661777 0.00398003 0.00523542 -0.000444149 0.000727168 -0.00390407 0.00327912 -0.0066349 -0.00450172 0.00529312 0.0022527 0.00357161 0.00686714 0.000997143 0.00514244 0.00118172 0.0039523 6.04821e-05 0.00482021 -0.00173093 -0.00751299 -0.00714428 -0.00752291 0.00228479 0.00012652 -0.00391466 -0.00740971 0.00607956 0.00630968 0.00121776 -0.00268942 -0.00270178 -0.00236506 0.00190005 -0.00709652 -0.00531308 -0.00594062 -0.005945 -0.0023124 0.0013529 -0.00732576 0.00714367 0.00773476 0.0072799 0.00234176 -0.00218341 0.00370146 -0.00623374 0.00670461 -0.00768245 -0.00662728 -0.00595688 -0.00240917 -0.00320759 -0.00669556 0.0063378
144394 -0.00569109 -0.00107003 0.00217167 0.00112038 0.00351022 0.00235605 -0.00551521 0.00660756 0.0069543 -0.00510312 0.00214649 -0.00191147 -0.00572902 -0.00455721 0.00136544 -0.00219034 0.00328847 0.00299021 -0.000900753 0.000620398 -0.00306455 0.00720966 0.00595687 0.00780488 -0.00672616 -0.00617782 -0.00698131 0.00330227 -0.00396188 -0.00467119 0.0037628 -0.00263032 0.000943387 -0.00519944 0.00257532 0.00462242 0.00112684 -0.00109324 0.00606237 0.00162731 0.00123738 -0.00546356 0.00172146 -0.00140023 -0.00570559 -0.00490777 -0.0050716 0.00322743 0.00421123 0.00135124 0.00316681 -0.00426368 -0.00638663 0.00343562 -0.00620483 0.00700807 0.00354369 0.00612 0.00651109 -0.00503834 -0.0028662 0.000675304 0.00330874 0.00354809
214216 -0.0062623 0.00550032 -0.000339031 0.000989914 -0.00495195 0.00589037 0.00509405 -0.00723076 -0.00625658 -0.00761271 -0.00311089 0.00777149 0.00394058 0.00714016 0.00340176 0.00613499 -0.00264311 0.00636864 0.00493765 -0.00376892 -0.00317621 -0.00449514 -0.00632572 0.00127888 -0.00735617 -0.00487757 -0.00513363 -0.00776577 -0.00424385 -0.00269413 -9.53674e-07 0.00521851 0.00261879 0.00182962 0.00477362 -0.00231123 -0.00173473 -0.0050683 -0.00677013 0.00535631 0.00681543 0.00691128 -0.00162458 -0.00219297 0.00341034 0.00197554 0.00250196 -0.00516844 -0.00628662 0.00218344 -0.00492668 -0.00233269 -0.00317097 -0.00421381 -0.00177622 0.000288963 0.00340414 0.000563145 0.00275517 -0.00568056 0.00414181 0.00432587 -0.000317097 -0.00167656
213461 0.00424752 -0.00305726 0.00333913 -0.00619118 -0.00602853 0.00356175 0.00103661 0.00186932 -0.00593133 0.00524016 0.00661926 -0.00496556 0.00554166 0.000442492 -0.00322074 0.00386121 -0.00195198 -0.000244516 0.000701188 0.00277416 0.00099937 0.00447664 -0.00229719 -0.00257636 -0.00598638 -0.00481428 0.00204306 0.00779436 0.00460051 -0.00263392 0.00563014 -0.0063148 0.00016291 -0.000355214 0.00174485 -0.00421109 -0.00194556 -0.00538135 -0.00599599 0.00666153 -0.00348469 -0.00294036 -0.00384634 0.00184773 -0.00656696 -0.00449715 0.0038984 0.00481065 -0.0068588 0.00573088 0.00755159 0.00606231 0.0025563 -0.00614339 -0.00446069 0.001269 -0.00547759 -0.00575345 0.00124997 -0.000380184 -0.00342843 0.00236714 0.0031289 0.00178304
217362 0.00124495 -0.00134918 -0.00380592 0.00178563 -0.00330049 -0.00315548 -0.00207398 -0.00307518 0.00195597 0.00317181 -0.00618579 -0.00327234 -0.0014945 -0.000776617 -0.00770868 -5.39779e-06 0.0023121 0.00660397 0.00657932 -0.00635701 -0.00386651 0.0022979 -0.00725005 0.00429261 -0.00271972 -0.00699384 -0.00142713 0.00669133 -0.00342449 0.00181542 0.00613892 0.00116793 -0.00365858 -0.00598267 0.0038198 0.00158369 -0.00693124 -0.00448399 0.00465085 -0.0039604 0.00737831 -0.00677442 0.000526826 -0.00326506 0.00673272 -0.00423686 0.00602463 0.00693689 -0.00441294 0.000226366 -0.00573217 0.00595304 -0.00647215 -0.00672243 0.00345208 -0.00154721 0.00404934 -0.00210904 -0.00233297 -0.00500384 0.00696356 -0.00279051 -0.00489364 0.0013467
182901 -0.000764847 -0.00306702 0.000301361 -0.00760841 0.00748348 -0.00502825 0.00373077 -0.00422335 0.00354576 -0.00509596 0.00694275 -0.00500154 0.0055995 0.00396109 -0.0070076 -0.00426435 -0.000780582 -0.00440073 0.00360346 -0.00312138 -0.00768471 -0.00369787 -0.00745058 0.00645876 -0.00552177 -0.00464249 0.00750113 0.000414848 0.000323772 -0.00648975 -0.00523472 -0.00440836 0.0017333 -0.00138187 -0.00208855 -0.00571442 -0.000785828 0.00295353 -0.00214624 0.00298214 0.00602484 0.000281811 -0.00650263 0.00760317 -0.000342369 -0.000762939 -0.00760984 -0.00147009 0.00183058 -0.00263214 -0.00512314 0.00584888 0.00720453 -0.00261497 0.000556469 0.00370693 0.00447655 -0.00127935 -0.00445127 0.00360394 -0.00243521 -0.00093174 -0.00375414 -0.0076232
219141 0.00489243 0.00151708 -0.00133782 0.00343799 0.00713742 -0.000612061 0.00293355 -0.00723344 -0.00721906 -0.00301156 -0.00721247 -0.00451492 -0.00506988 0.00728505 -0.005912 7.36191e-05 0.00131935 0.00577938 -0.00381096 0.0014039 0.00751431 0.00161018 0.00312016 -0.0036862 0.0010595 0.00129205 -0.00285438 -0.00743512 0.00544786 -0.00555223 0.00381696 -0.000333446 0.00350809 0.00366417 -0.00562412 0.00777602 -0.00662728 -0.00116126 0.00108527 0.00231709 -0.00188759 -0.00035319 -0.0038305 0.00488206 -0.0011041 -0.00530168 0.00118791 0.000289437 0.00491077 0.00108923 -0.00567529 0.00651422 -0.00492092 0.00177112 0.00451144 0.0056289 0.0074193 0.00752535 0.00619293 -0.00614719 0.000926862 -0.0052717 0.0037357 -0.00636221
73130 0.00149369 -0.00132369 -0.00224574 0.00246332 -0.000140273 0.00366737 0.00335223 0.00572383 0.0028772 0.00265264 -3.12226e-05 -0.00415129 0.0049304 -0.00598624 -0.00138698 -0.0013978 -0.00226896 0.00583554 -0.00322109 0.00415138 0.00482176 -0.00580056 0.00685478 0.00534123 -0.0065661 0.00188733 0.00622726 -0.00536886 -0.00628749 0.00301798 -0.00467865 -0.00302435 -0.00338493 0.0071281 -0.00428394 0.00568306 0.00722585 0.00412075 0.0026673 -0.00770779 -0.0027531 -0.00384753 0.00618701 -0.00193999 0.00777472 -0.00570641 0.000223514 -0.00607931 0.00561344 0.00729017 0.00101278 0.00071406 -0.00533541 -0.00581223 -0.00605711 0.000329129 0.000943704 -0.00419235 0.00186965 0.0046804 -0.00504804 -0.00557874 0.00686345 0.000482364
154580 -0.00427818 -0.00181913 -0.00385857 -0.00399303 -0.00225449 -0.00628614 0.00514078 -0.00229406 -0.00358582 -0.00286961 0.00643969 0.00175905 0.00371218 0.00369406 0.00175619 0.000305653 0.0010047 0.00360918 -0.00586557 -0.00601482 0.0022769 0.0048604 -0.0058403 -0.00531721 0.00271749 -0.0037899 0.00307131 -0.00544739 0.00161219 -0.00560999 0.00158596 -0.00542068 -0.000549316 -0.000775814 -0.00332928 0.00625515 0.00196123 0.000722885 -0.00117302 -0.00536871 -0.00652695 0.00250196 -0.00223827 0.00444746 0.00607681 0.00244761 -0.00350761 9.29832e-05 -0.00302267 0.00435877 -0.00010252 0.00485849 0.00426483 0.0014801 0.00213099 0.00773239 -0.00338173 0.0056591 -0.0060935 0.00444603 -0.00345755 0.000545025 0.00283432 0.000400543
221180 0.00203409 0.00193143 0.00032253 -0.00164395 0.0051004 -0.00564672 0.000588814 0.00217327 0.00645761 0.00488567 -0.00183529 -0.00465457 -0.00156707 0.0054451 0.00657244 0.00635622 0.000215712 -0.000944973 0.000518338 -0.00105886 -0.00572506 -0.00599279 -0.00560075 -0.00415346 0.00529244 0.00674582 -0.00490519 0.00385606 -0.00473214 -0.00163883 0.000267852 0.00738628 0.00702568 -0.00636714 -0.000194738 0.00430837 -0.00644807 -0.00599549 -0.0064468 0.00754029 0.000250028 -0.00771794 -0.000226213 0.00220654 -0.00291449 7.87756e-05 0.00470035 0.000497578 -0.00455708 0.00395794 -0.000683899 -0.00378175 -0.00114735 -0.00423038 0.00774271 -0.00712024 -0.00172233 -0.00691796 0.00139088 0.00068474 -0.000768827 0.00768372 -0.00335316 0.00441512
143570 -0.00409861 0.00404524 -0.00676763 0.000667527 0.0024851 0.00694768 0.00538474 -0.00222497 -0.00414831 -0.0045487 0.000161164 -0.00217653 0.00408639 0.00777163 -0.00743023 -0.00546348 -0.00770308 -0.00012882 0.00491511 -0.0074844 -0.00114033 -0.00766336 -0.00202173 0.00109795 0.00106301 0.00105648 -0.00251229 -0.00516923 -0.00441985 0.00541539 -0.00764989 -0.00454387 0.00642647 -0.00384479 -0.000231327 0.00262806 0.00580041 -0.0029471 -0.00133231 0.00594655 0.00777499 -0.00626374 0.0021466 -0.00678276 0.00745741 0.0070401 0.000537278 0.000193301 -0.00597459 -0.00566881 -2.60321e-05 0.00673931 -0.00755088 0.00387081 -0.00296847 0.00667563 0.00175875 -1.12295e-05 0.00450064 -0.00681052 0.00429006 0.00268364 0.000983125 -0.000132832
91729 0.00739248 0.00647055 -0.00302536 0.00149203 -0.00557598 -0.00603756 -0.00382168 0.00238112 -0.00246679 -0.00663924 -0.00166069 0.00697599 -0.00339275 -0.00473758 -0.00591816 -0.00270482 -0.00238564 0.00613957 0.00391235 0.00258615 -0.00524641 0.00717082 0.00292861 -0.0048455 -0.00239084 0.00173475 0.00211423 -0.00541903 -0.000104011 -0.0013613 0.00241761 0.00502648 -0.00737879 0.00478208 -0.000873961 -0.0041027 0.00776401 -0.000374285 0.00253611 0.0036433 -0.00176301 -0.00386136 0.00241635 0.00241577 -0.00635233 0.00443371 -0.00127076 -0.00350392 -0.00641339 0.0028022 -0.00545786 -0.00197892 0.00683673 -0.00202623 -0.00434367 -0.00140173 -0.00475019 -0.00189908 0.00664429 0.00505723 0.00526237 -0.00426789 0.00531788 -0.0021174
144625 -0.00362192 0.00325991 -0.00544071 0.00744173 -0.007153 0.00368217 0.00434374 -0.00531334 0.00552057 -0.00047161 0.00207471 -0.00290524 0.0065584 0.00753137 0.00630839 -0.0076508 -0.00256127 -0.00566652 0.00198606 0.00261238 -7.69239e-05 0.00673711 -0.00036301 0.00163789 -0.00515646 0.00773435 -0.00710802 0.00676851 -0.0021613 -0.000110532 0.000283512 -0.00380365 -0.000293205 -0.0058577 -0.00737363 0.00249102 0.0075898 -0.000739108 0.0013282 0.00672657 -0.0070187 -0.00346557 0.00610205 0.000265528 -0.00204772 -0.00345848 0.00621102 -0.00548858 0.00269645 0.00198181 -0.000770542 0.00206689 -0.00644705 0.00483199 0.00558118 0.00405715 0.00594044 -0.00192894 0.00355986 0.00478725 0.00342461 0.00483901 0.00675284 0.00157491
170032 -0.00705957 -0.00360298 -0.00758457 0.00165367 0.00199747 -0.00152254 0.00647926 -0.00751209 0.00601959 0.0070734 -0.00268126 -0.00276852 -0.00569963 -0.00184822 0.0010128 -0.00347567 -0.00347376 -0.00430965 -0.00414658 0.00498819 -0.00681114 -0.00167465 0.0018239 0.00512648 0.000393867 -0.00540352 -0.00709057 -0.00406599 0.00242615 0.00769567 -0.00519276 -0.000510693 0.00696039 -0.00653839 -0.00159979 0.00159407 0.00563908 0.00128174 -0.000948429 -0.00214577 0.00553989 -0.000240803 -0.00477648 -0.00372887 -0.00761938 -0.00444031 0.00647354 0.00710773 0.00660086 0.00355053 0.00682402 -0.00389481 0.00567675 -0.00335789 0.00544167 0.0036788 0.00630426 0.00281525 -0.0012536 -6.81877e-05 -0.00769424 -0.00661755 -0.00536966 0.00623035
207527 0.00377703 -0.00442362 0.00479174 0.00630903 0.00269127 -0.00460052 0.0027318 0.00577402 -0.00700569 0.0013237 -0.00658417 -0.00265551 0.00602245 0.00664854 0.00465918 0.00320768 0.00739717 0.00235987 0.00560331 -0.00130749 -0.00750828 -0.00295782 -0.000150204 -0.00197649 -0.00150871 -0.00743246 0.0017333 -0.00302601 0.00326157 -0.00288773 0.0026865 0.00631332 0.00155973 -0.00702858 -0.00444984 -0.00413418 -0.00558329 0.00322533 0.00752306 -0.00130415 -0.00526857 0.00285244 0.00649548 0.00774193 0.00365162 0.00584126 0.00644493 -0.00745964 -0.00171423 -0.00422335 0.00227404 -0.00351858 -0.00530767 0.000193119 -0.00273466 0.00161409 -0.00768328 0.00742817 0.00353003 0.00582552 0.00445127 -0.00498343 -0.00261879 -0.000601768
224592 -0.00350161 0.00273727 0.00687163 0.00454034 -0.000835749 0.00370007 0.000988937 0.00547115 -0.000498021 0.00666941 0.00756001 -0.00480809 0.00201994 0.00223753 0.0046555 -0.00204021 0.00354808 -0.00131068 -0.00333882 -0.00383695 -0.00769391 -0.00544347 0.0074773 -0.00382326 -0.00321123 -0.0071776 -0.00445855 0.00569354 -0.00226569 -0.00211172 0.00155654 0.000275922 -0.0059026 0.0063069 0.00223098 -0.00422602 0.00551425 -0.0052045 -0.000527358 0.00751285 0.00533315 -0.00495549 0.00632638 -0.00271578 0.00378297 -0.00731035 0.00523737 -0.00503478 -0.00579322 0.00595984 -0.00603944 -0.00392383 -0.00193103 0.00326314 0.00652503 -0.00584144 -0.00102198 -0.000818717 0.00580283 -0.00123291 0.00211863 0.00432809 0.00435342 0.00765965
206435 -0.00657356 -0.00365023 -0.00269699 0.00288292 0.00348983 -0.0064592 0.00133067 0.00151164 0.00390302 -0.00723814 0.00221875 -0.00360698 -0.00268384 -0.00686289 -0.00384286 0.00539235 -0.0025082 -0.00754442 0.00476561 0.00195399 -0.00509337 0.00599237 -0.000619461 0.00757572 -0.00485924 -0.00562472 0.00520726 -0.00550616 0.00674407 0.000760243 -0.00752632 0.00409262 0.00294213 -0.00759054 -0.0024615 0.00398512 0.000204276 0.0048114 0.00239092 -0.000846727 -0.00385145 0.00462473 0.00014025 -0.00215613 0.00383182 0.00735948 -0.0058372 0.00382217 0.00301232 0.00674402 -0.00187692 -0.00439687 -0.00149116 0.0014282 0.00405774 0.00106217 0.00659415 0.00442386 0.00123511 -0.00592012 0.00223323 -0.00747374 -0.00292505 0.00286815
224880 -0.00656232 -0.00600623 -0.00187104 0.000111921 0.0042555 0.00548348 -0.00395717 -0.00389732 -0.00763147 -0.00031562 -0.00536986 -0.00132241 -0.000949482 -0.00447765 -0.00211577 -0.00449919 -0.00599926 -0.000726938 -0.00465088 -0.00268284 -0.00522491 0.00734481 0.00495922 0.00123177 0.00123914 0.00400713 0.006839 0.00604369 -0.00363761 0.00413934 -3.95844e-05 0.00131009 0.00747969 -0.00381771 -0.000365476 -0.000305834 -0.00556293 0.0072917 0.00457581 0.00311341 -0.00360801 0.00519949 0.00125307 0.00326769 0.00707195 -0.000500689 0.00358244 0.000809647 -0.00573355 -0.00581978 0.00751097 0.00356147 0.0022886 -0.00195229 -0.000324973 0.00300886 0.00326119 -0.00523817 -0.00663267 -0.000662019 -0.00169902 0.00101917 -0.00386383 -0.00396136
40733 0.00318766 0.00535679 -0.00763607 0.00278807 -0.00209427 -0.00597572 0.00084734 -0.000779629 0.00577688 -0.00291348 -0.00588894 0.00765896 0.0065856 0.00197458 0.00499773 -0.00715113 0.00558758 -0.00436115 0.00413799 0.00243902 -0.00578737 -0.00186968 -0.00106096 0.000779629 -0.000768661 0.00508881 9.67979e-05 -0.00287437 0.00310993 -0.00119638 -0.00618219 -0.000995636 -0.00517035 -0.00779772 0.00323915 0.00119495 -0.00361967 -0.000188828 0.00223827 -0.0057869 -0.00391436 -0.00620508 -0.000501156 -0.000384331 -0.00665236 0.00473547 -0.00648117 0.0066452 -0.0077877 0.0033927 0.00705624 0.00503397 0.00772476 0.004354 -0.00455809 0.004107 0.00059557 -0.00344038 -0.00648451 -0.00136995 0.00727177 0.000993729 -0.00126886 0.00591755
145931 0.00594306 0.00114183 0.00206841 -0.00599318 0.00432036 -0.000322821 -0.007603 -0.00259581 -0.000952892 -0.00627995 0.0022274 0.00545681 -0.00415553 -0.00266101 0.0049147 -0.00134339 0.00573813 -0.00283577 -0.00344758 -0.00149951 0.00331021 0.00127475 -0.00495514 0.00641306 -0.00316139 0.00443221 -0.00761742 -0.0052049 -0.006869 -0.00115861 -0.00143778 -0.0035635 0.00684343 -0.00589635 -0.0047375 0.00333976 0.00634204 0.0033359 -0.000605286 0.00196111 -0.00687712 0.00652244 -0.00748471 -0.0036172 -0.00284701 0.00400293 -0.00561364 0.00296579 -0.00229937 -0.000802677 0.00518531 -0.00708909 0.00541358 -0.00754726 0.00121004 0.000678534 0.00234551 -0.00290068 0.0051713 -0.00051613 0.00700276 0.00268327 -0.00581613 -0.00343261
185116 -0.0072408 0.00671362 -0.00539708 -0.00398979 0.00427068 -0.00736965 0.00201783 0.000622725 -0.00259823 0.00619827 -0.00287756 -0.00229827 -0.00255952 0.00550566 -0.00717479 0.00629931 0.00700867 -0.0039774 -0.00729228 0.00571353 -0.00689394 0.00061634 -0.000730203 -0.00505879 -0.00611858 0.00104177 -0.00108886 0.00267072 0.00290105 -0.00502311 -0.000363096 0.000622397 -0.000570729 0.00773402 0.00165541 -0.00686886 0.00127187 -0.000243407 -0.00778313 0.00118864 -0.00674712 -0.00643693 0.00138728 -0.00476244 -0.00165808 0.00165051 -0.0025521 -0.00512072 0.0037324 0.00108763 0.00244151 -0.000845489 -0.00625451 0.00486467 0.00340086 -0.00317325 0.00441897 0.00709295 -0.00719297 0.00163521 -0.00118988 -0.0071314 -0.00471138 0.0024023
548 -0.00625086 -0.00725985 0.00768518 0.00748968 0.00202703 -0.00223637 0.00638247 -0.00458288 0.00265741 -0.00365305 -0.00404263 -0.00225163 0.0029211 -0.00430822 0.00301313 0.00133371 -0.0015049 0.00779772 0.00491142 0.00527811 0.00494957 0.00345373 -0.00590754 -0.00219488 -0.00196886 0.00170183 -0.00414276 0.000967026 -0.00143003 0.00130463 0.00591993 -0.00479937 -0.00121737 -0.000166416 -0.00627613 -0.00331211 -0.00292826 -0.00558519 0.000332832 0.00578022 -0.00566435 0.00661421 -0.00748301 0.00568295 0.000140667 -0.00574493 0.00184155 -0.00470734 -0.00447512 0.00514793 0.00725842 0.00100231 -0.00547218 -0.0019722 -0.00374889 0.004498 -0.0050292 -0.00182533 0.00678825 -0.003016 0.00745583 -0.00260687 0.00701475 0.0031085
82691 -1.54567e-05 0.0001955 -0.00696641 0.00377675 -0.00599903 0.000869167 0.00558559 0.00742113 -0.00682788 -0.00358412 -0.00753384 -0.00441668 -0.00398681 0.00743194 -0.000562252 -0.00722855 -0.0072738 -0.00661045 0.0063859 0.00179287 -0.00573927 -0.00635283 0.00111448 0.00739904 -0.00648877 0.00541822 -0.00155059 -0.00669482 0.000981456 -0.00709329 0.00285807 0.00283686 0.00770309 0.00750974 -0.00255932 0.00103328 0.00191007 0.000482838 0.00431773 0.00617569 0.00208151 -0.00414249 0.00263408 -0.00185894 -0.00195838 0.00176479 -0.00113813 -0.0063324 -0.00269419 -0.000391381 0.00456316 -0.000815284 0.00613737 -0.001213 -0.00257117 -0.00343784 0.00121211 -0.00329874 -0.00404634 0.000893938 0.00299464 0.00304085 -0.00472681 0.00184939
22935 -0.00531462 -0.000241011 0.00400602 -0.000729517 9.15122e-05 -0.0044191 0.00750984 0.00751081 0.00200037 -0.000505418 0.00384833 0.0045704 -0.000479448 -0.00573999 0.000755306 -0.00257003 -0.00553755 -0.000352066 -0.006208 0.0076655 0.00238995 -0.00589613 0.00281853 -0.00728187 0.00358855 0.00336654 -0.00153076 0.00677496 0.00753619 -0.000455079 -0.00068225 0.00713154 0.00551955 -0.00249343 -0.00031906 0.000998462 0.00052334 0.00763425 -0.00751755 0.000633182 -0.00124413 -0.00260045 -0.0018879 -0.00227155 -0.00472083 0.00515786 0.00325406 0.00296539 -0.00568089 -0.00384373 0.00275628 0.00219868 0.00355409 -0.00507927 0.0011311 0.000565721 -0.00442304 0.00554386 -0.00496224 0.0052752 -0.00546951 0.00441868 -0.00367692 -0.00605253
183905 0.000201702 0.00116968 -0.00767326 0.000479221 0.00106478 -0.00104332 -0.00337505 0.0056715 0.00750542 0.0065484 -0.00738192 -0.000928879 -0.00282478 -0.00426006 0.00213528 -0.00694942 0.000603199 0.00309134 0.00292158 -0.00372505 0.000371933 0.00433111 0.0051651 -0.00698805 -0.00311184 -0.00546169 -0.0044508 -0.00191021 -0.00778437 -0.00372648 -0.00361443 -0.000476837 -0.00500822 0.00688887 -0.00479889 -0.000748158 0.00102615 -0.00219107 -0.0076642 -0.0047431 0.00572681 -0.00736094 4.86374e-05 0.00612259 0.00294542 -0.00685835 0.00631189 -0.00305843 -0.00485563 -0.00130939 0.00242376 -0.00487661 0.000729561 -0.00238419 -0.00614023 0.00500774 0.00531816 0.00417709 -0.000253677 -0.00578117 -0.000964642 0.00394583 0.00725746 -0.00184345
227502 -0.000253677 0.00634336 -0.00431728 0.00619364 0.00118113 0.00461388 -0.0035224 0.00409603 -0.00414228 -0.00490665 0.007164 -0.00751972 -0.00385284 -0.00330544 0.006639 -0.00354242 0.000251293 0.00370884 -0.000858307 -0.00434589 -0.00168896 0.000346661 0.00631046 -0.0071249 -0.00332451 0.00136852 -0.00292683 -0.00564384 -0.000710011 -0.00277138 0.00293255 -0.00513077 0.00236273 0.00245953 0.00214434 0.00625563 0.00376797 0.00758743 -0.00778389 0.00389576 0.00522184 0.00206614 0.00610304 0.00156689 -0.0069418 -0.00648403 0.0071559 0.00419855 0.000646114 0.00325108 -0.00367785 0.00210524 0.00390005 -0.00536394 0.0010252 0.00620127 0.00292397 -0.00449181 -0.00202227 0.00652409 -0.00563622 -0.00380087 0.00185537 -0.005795
136224 1.28746e-05 -0.00623131 -0.0029192 0.00733805 -0.0031333 -0.00163555 0.00715017 -0.00287533 -0.00770283 -0.00268126 -0.0056262 0.00600386 -0.0042038 0.00539207 -0.00616312 0.00102568 0.00595331 -0.00635004 0.00258255 -0.00521088 -0.00150394 -0.00273514 -0.00342989 0.000335217 0.00280333 0.00722265 0.00265503 -0.000806332 0.0027318 -0.00689793 0.00440311 0.000219345 -0.000852108 0.00565672 -0.000392437 -0.00658464 0.00127077 0.00324678 0.0039382 0.00138664 0.00296211 0.007092 0.00610685 0.00136328 -0.00768232 -0.00497389 -0.00291204 -0.00143671 0.00382519 -0.00190401 0.000660896 -0.00740767 -0.00418806 -0.00281763 -0.00655556 -0.00736237 -4.24385e-05 0.00586843 0.00104523 -0.0049634 -0.0025425 -0.000775337 -0.00711203 0.000853062
228992 -0.000128746 -0.00338268 0.00296068 0.00266123 -0.00763607 0.00507975 0.00529671 0.00254869 -0.00137568 0.00635815 0.00267792 0.00616455 0.00329447 0.00666523 -0.00200033 -0.00767899 0.00681496 0.00413418 -0.00570726 0.00610065 -0.00459766 0.00237989 0.00533199 -1.95503e-05 0.00730658 0.00328159 0.00408602 -0.0072031 -5.38826e-05 -0.00197744 -0.00594664 -0.000814915 -0.00406218 -0.0011282 0.00574827 0.00244856 -0.00613022 0.00575209 0.00025034 0.00161409 -0.00315762 -0.00305605 -0.00229025 -0.000621796 0.00398874 -0.00577641 0.00647163 -0.00705481 0.00550508 -0.00508547 -0.00741768 0.00634861 -0.00171471 -0.00698233 -0.00340033 0.00749874 0.000173092 0.00690603 -0.00316572 -0.00145531 0.00181627 0.00761986 0.000954151 -0.0021944
88139 0.00600529 -0.00662565 -0.00367641 -0.00127602 -0.000272751 -0.00505495 0.00663376 -0.000902176 -0.00679684 0.0075326 -0.00542927 -0.00145292 0.00237608 -0.00684118 -0.00128841 -0.00502968 -0.000246048 -0.003932 -0.00561714 0.00294638 0.00694418 -0.000452042 0.00729752 -0.000162125 -0.00559235 0.00416327 0.000968933 -0.00557756 -0.00384808 0.00268269 0.00420141 -0.00118351 -0.00449133 0.00355864 -0.000337601 0.00475979 0.00533867 -0.00299263 -0.00703716 -0.00497341 -0.00743055 -8.86917e-05 0.00200033 -0.00271034 -0.00772619 -0.00452805 -0.00463915 -0.0075593 -0.00130177 -0.00241852 0.00391626 -0.00279808 -0.00592279 -0.00665855 -0.0030899 -0.00759506 -0.000488281 -0.00629187 -0.00333405 0.00114822 -0.00687313 -0.00745392 0.00759172 0.00383139
38764 0.0016593 0.00158431 -0.000781209 -0.00573861 0.00758371 -0.00718137 0.00344883 0.00456988 -0.00654166 -0.00601117 0.0028452 -0.00343244 0.000223606 -0.00342968 -0.00099289 -0.00547505 0.00510384 0.000655453 -0.0004761 -0.00224166 -0.00365375 -0.00393528 0.000599905 0.000119129 0.00300488 0.00104712 0.000731094 -0.000107973 0.00439931 0.00560616 -0.00313816 -0.00164576 -0.00717679 0.00212021 -0.000486781 -0.00482503 0.00475971 -0.00201787 0.0017089 -0.00449305 0.0036576 0.00522331 0.00102247 0.00458245 0.00731775 -0.00468865 -0.00588359 -0.00566821 -0.000141432 0.00215595 -0.00383014 0.004923 0.00500435 0.00154672 0.00424581 0.00616423 0.00173175 0.000428489 0.00405182 -0.00524862 -0.00386441 -0.00452278 0.00214996 -0.00136396
44581 -0.00647974 -0.000256538 -0.00530529 -0.00412273 -0.00329351 0.000173092 -0.00419283 -0.0023241 -0.00662184 -0.00211763 0.00566006 0.00575352 -0.00383711 -0.00604725 -0.00594473 3.05176e-05 0.00422239 -0.00552368 -0.00141382 -0.00488806 -0.00284815 0.00703001 0.00683069 -0.00677156 0.00172949 -0.00707102 0.00294304 -0.00279617 -0.00140095 -0.00257254 0.00432587 0.00483704 0.00628996 0.000349998 4.76837e-06 0.0076499 0.000291348 0.00618982 0.00701714 -0.0064888 0.00457811 -0.00570917 0.000180244 0.00733042 -0.00231409 -0.00185871 -0.00594854 0.00372076 0.0019803 -0.00309801 0.00120306 -0.0010581 -0.00178909 -0.00243139 0.00498962 0.00601912 0.00275993 0.00651455 -0.000941277 -0.00526762 -0.0034585 0.00319719 -0.00258684 0.000988007
135071 -0.00391865 0.00538778 0.00476837 0.00227785 0.00261927 -0.00503302 0.00726414 -0.00377417 -0.0052371 -0.00323725 0.00453234 -0.00731564 -0.00260115 0.00135565 0.00254202 -0.0029912 0.00177431 -0.0069232 0.00385857 0.00746012 0.00383282 -0.0071311 -0.00713778 -0.00499773 -0.00179195 0.00223589 -0.000572205 -0.00218964 0.00746489 -0.00766611 0.00425053 0.00188732 -0.000382423 -0.00370026 0.00368643 0.00572681 -0.00774145 -0.0042634 -0.00270796 0.00291634 -0.00678921 0.00321913 -0.00281763 -0.000621319 -0.00209332 0.000477791 -0.00572968 0.00226021 0.00590467 -0.00650501 -0.00387192 0.00342083 -0.00449514 0.000433922 -0.00659037 0.00390482 0.00636482 -0.000745296 0.000826359 -0.00702429 0.00345755 -0.00531864 -0.0016408 0.00621843
137216 0.000397605 -0.0029924 -0.00316436 0.00441048 0.00611518 -0.00572807 0.0066543 -0.00543406 0.00722743 0.00718686 -0.00678464 -0.00582542 0.0032838 -0.00419191 0.00403516 -0.00552219 -0.00530217 0.00425526 0.00420399 -0.00747346 0.00305473 -6.80129e-05 -0.00409961 -0.00216015 -0.00770354 -0.00328733 0.0054054 0.00534111 0.00494758 -0.00337557 -0.00230493 -0.0034442 0.00683415 -0.00421259 0.00527205 0.00770022 0.00444149 -0.00460537 -4.10423e-05 -0.00145317 0.00651733 -0.00220114 -0.00252708 -0.00196114 0.00342764 0.00669832 0.00170659 -0.00495168 0.00463847 -0.00418204 -0.00284211 0.00343144 -0.00472682 0.0057136 0.00279093 0.00394006 -0.007146 0.00498049 0.00505451 0.00483901 0.00257593 0.00358948 0.00215058 0.00184366
189314 0.00535703 0.00778244 -0.00705829 0.00103669 -0.00418523 0.00735174 0.00188901 -0.00512488 0.00133787 0.00666706 0.0045267 -0.00762529 0.00534643 -0.00660264 0.00156742 -0.00638064 0.0033524 -0.00327178 -0.00371586 -0.00602167 0.00492068 0.00427016 -0.00153107 0.00196135 0.00727228 -0.00121039 -0.00296103 -1.33447e-05 0.00405975 -0.00681591 -0.00646172 0.00368501 0.00729437 -0.00316082 0.00729396 -0.00720938 0.00593464 -0.00511739 0.00338921 -0.00571019 -0.00449882 -0.00149014 -0.00127514 -0.0028342 0.00189973 -0.00227145 -0.000152483 -0.00500543 -0.00100637 -6.96355e-05 -0.00293492 0.00749358 0.00371041 0.00117834 -0.00390206 0.00244144 -0.00275665 -0.00464449 -0.000387942 0.0066102 0.00301747 -0.00673499 -0.00185981 -0.00117402
189341 0.00197688 0.000550415 0.00738009 -0.00129663 -0.000598093 0.0043453 -0.0069673 0.00710393 0.00227733 -0.00385737 0.000948112 -0.00712722 0.00297614 0.002386 0.00596107 0.00345208 -0.00660379 -0.00609397 0.000245364 0.00080813 -0.00390304 0.00536254 0.00649971 -0.000243837 -0.00385062 0.00745422 0.00517872 0.00101514 -0.00554481 0.00394192 -0.00713999 -0.000893477 0.00374332 0.0052601 0.00447787 -0.00509308 0.00484658 0.00734877 0.00378385 -0.00378306 -0.00284706 0.0023815 0.006342 -0.00153412 0.00437924 -0.00645192 -0.00437973 0.00719055 -0.0023533 -0.00592673 -0.0035727 0.000664643 0.00357775 -0.00200445 0.00667035 0.00349469 -0.000163444 -0.0033093 -0.00415356 -0.00196718 0.00609065 -0.00261906 -0.000901023 0.000287126
234153 0.00485438 -0.0071981 -0.000290411 -0.00387676 0.00549196 -0.0054763 0.00369757 0.0022298 -0.00373602 -2.95853e-05 -0.00038025 -0.00661794 0.0033649 0.00765745 0.00463645 -0.00614109 0.000845007 -0.00426759 -0.00293087 -0.00587885 0.0022893 -0.00516146 0.0025416 0.00711828 -0.00221796 -0.00172778 0.00599493 0.00427809 0.00476583 -0.00384489 0.0045055 -0.00235603 0.00680898 0.00345252 -0.000648244 -0.00677472 0.00153993 0.00689809 0.00513887 0.00258363 -0.00635599 -0.00133136 0.00240418 -0.00421601 -0.00150198 0.0064092 0.00380351 -0.00229661 0.0013738 0.00562409 0.00362824 0.00712883 0.00105664 -0.000450486 -0.00255631 0.00348603 0.00441559 -0.00377314 -0.00279044 0.00223047 0.00533006 -0.00511106 -0.00562636 0.00163288
234303 0.00488548 -0.00558646 -0.00023307 -3.08281e-05 -0.00514217 -0.00502195 0.00258985 0.00577671 -0.00709756 0.0035921 -0.00562818 -0.000368353 0.00575323 0.00171841 -0.00730266 0.0052775 0.00693758 -0.00554928 0.00697787 -0.00568773 -0.00547444 0.00355905 -0.00752939 0.000709843 -0.0035889 0.00154454 -0.000933623 -0.00234672 -0.00680585 0.00744296 -0.00166707 0.00639769 0.00357408 -0.0027263 0.00223082 0.00612571 0.00418793 0.0066281 0.00357246 0.00384057 0.00645258 -3.16904e-06 -0.00768295 0.00645339 -0.00459162 -0.00643362 -1.81127e-05 0.00282579 0.00321801 0.0071008 0.00362845 -0.00373527 -0.00545982 0.00148624 0.00170566 0.00642048 0.00689671 0.00486018 -0.000538194 0.00336223 0.00197528 0.00388138 -0.00318332 0.00586763
111003 0.00105 0.00731611 -0.00168562 -0.00673914 0.00301027 -0.000695705 -0.0023489 0.00430393 -0.00595236 -4.29153e-05 0.00239754 -0.00636816 0.00179911 0.00082016 0.0045805 0.00739002 0.000792503 0.00556135 -0.00467491 -0.0019784 -0.00136709 0.00740099 0.00573683 -0.00355434 -0.000277042 -0.00736475 0.00749826 -0.0072999 0.00423193 0.00491762 -0.00114393 -0.00668573 0.00471306 0.000286102 0.000126362 -0.00289345 -0.00253725 -0.00365639 0.00314808 -0.0017066 0.00226974 -0.00441742 0.0050559 -0.00700998 -0.00172615 -0.00123549 -0.00106668 0.00423193 0.00395918 -0.00541258 0.00483847 -0.00778055 0.00586796 0.00718498 -0.00185966 -0.00694895 -0.0046773 -0.00606346 0.00615644 -0.00673723 0.00523186 0.00325632 -0.0043416 -0.00718641
234927 3.06735e-05 -0.0057862 -0.0058757 -0.00176472 -0.00485626 -0.00671167 0.00470639 -0.00778277 -0.00640706 0.00575226 0.00170801 -0.00333902 0.00647063 -0.0024828 0.00415083 -0.0062743 -0.0050335 0.00560047 -0.00218241 -0.0057295 0.001169 0.0059555 0.00141965 0.00235277 0.00754504 0.00198093 -0.000402347 -0.0069773 -0.00387477 -0.00494587 0.00710405 -0.00329257 -0.00265933 0.00278785 0.00327473 9.24698e-05 0.0051538 0.00476029 5.24304e-05 0.00755868 0.00219079 -0.00184307 -0.00085831 0.00406668 0.00259867 -0.00509047 0.0076271 0.00704509 -0.00333989 0.00327426 -0.00782757 -0.00421792 0.0021655 -0.00346952 0.00432613 -0.00124728 -0.00297559 0.00566136 -0.00273982 0.00295932 0.000743004 -0.00453342 0.00377958 -0.00316827
235189 0.000804398 0.00364278 -0.00694178 -0.0020557 0.00680211 0.00202109 0.000577734 0.00299309 -0.00723176 -0.00144604 -0.00612324 0.00715091 -0.00466917 -0.00819677 -0.00539238 -0.00321767 -0.00632267 -0.00566587 -0.00441955 -0.00418604 -0.00361643 0.006726 -0.0069413 0.003591 -0.0041488 0.00534749 -0.00126449 -0.00565411 -0.00299602 0.00776592 0.000587632 0.00045039 0.00803101 0.00279616 -0.0016532 -0.0057295 -0.00347198 0.00617086 -0.00183997 -0.00138128 0.00436352 -0.00282084 0.00414862 0.0025659 -0.00374595 -0.00638253 -0.00609738 -0.00743477 -0.00223054 -0.00176009 0.0056384 8.19092e-05 0.00492656 0.00472459 -0.000592974 0.0049455 0.000382834 -0.00423317 0.0075362 -0.00694812 -0.00296772 0.00663165 -0.00538071 -0.00271875
235190 -0.00596905 -0.000511169 -0.00480413 -0.000937939 0.00301123 -0.00486422 0.000164032 -0.000553608 0.00306368 -0.00530434 0.00403452 -0.00267076 7.15256e-06 -0.00662994 0.00187349 -0.00593424 -0.00458956 -0.00404835 -0.00699854 0.00634718 0.00295258 -0.00721502 0.0028348 0.00644779 -0.00299025 0.000892639 0.00349951 0.000620365 -0.00195312 0.00178814 -0.00359631 -0.00484085 0.00722551 0.00597763 -0.00349092 -0.00192213 -0.00518799 -0.00244999 -0.00600672 -0.00658989 -0.00145864 0.00447464 -0.00758266 0.00483751 0.0052762 0.00113964 -0.00404072 -0.00184584 0.000238419 -0.0018816 -0.00203896 0.00488949 -0.0022254 -0.00554657 -0.000403881 -0.00214148 0.000437737 0.00681448 0.00152731 -0.00529671 -0.00277472 0.0070715 -0.00263262 -0.00167704
211265 -0.00537656 -0.0017579 0.00559423 0.000274386 0.00377882 -0.001988 -0.0033584 -0.000304786 -0.00689321 0.00316713 0.00235453 -0.00163591 -0.00457995 0.00126618 -0.00171 0.00262189 0.00332533 -0.00606343 0.00243894 -0.00771446 -0.00102507 0.00350299 -0.00296274 -0.00277917 0.00182943 -0.00372085 0.00673296 0.00733347 -0.00489918 0.00763899 0.00303218 -0.00350441 0.00660925 -0.00509964 -0.000529839 0.00618557 0.000893264 0.000411495 0.0068381 0.00556652 -0.00150793 -0.0054796 -0.00531523 0.00573872 0.00232513 -0.00352963 -0.00275491 0.00448134 0.00497431 -0.000185804 -0.00591553 0.00408107 0.00170537 0.00204013 0.000560166 0.00734553 0.00183087 -0.00574116 -0.00171392 -0.000386337 -0.00699861 -0.00779171 0.000590509 -0.00573373
145741 -0.00652002 -0.00556959 0.00763412 -0.00749699 0.0054888 -0.00365468 0.00535589 -0.0020887 0.00446576 -0.00644913 -0.00180164 -0.000503477 -0.00311662 -0.00703023 -0.00553966 0.000144274 -0.000815494 -0.0035747 -0.00284342 0.00486757 0.00260265 0.00679125 -0.00253865 -0.000937508 -0.0051147 0.00579348 0.00765445 0.00257733 -0.006134 5.52904e-05 0.00605597 -0.00433046 -0.00704167 0.00659832 0.00223661 0.00566263 0.00710007 -0.00352157 0.00171999 -0.00565408 -0.00568704 -0.0047211 0.000160496 0.00656601 -0.00172778 0.000306103 0.0047137 0.0013082 0.00489771 0.00696645 -0.00564765 -0.00203823 -0.000232255 0.00680299 0.00385636 0.00544942 0.00022173 0.00023183 -0.00647316 0.00760514 0.00194427 -0.004528 0.00172213 0.00425068
231050 0.00514007 0.00553376 -0.00779885 0.00574217 -0.00326413 -0.000693084 0.00304493 -0.00364913 0.00763289 0.00588614 -0.00680731 -0.001511 -0.00408849 0.000202757 -0.00653819 0.00342835 0.00341482 0.00332225 0.00503447 -0.00605501 -0.00727464 -0.0056158 0.00220775 -0.00354155 -0.000503785 0.00504509 -0.0019064 -0.00217781 0.00741491 -0.00675478 -0.0012897 0.00747537 -0.00750268 -0.00779364 0.00733239 0.00700898 -0.00185886 0.00672222 -0.00169 0.00490416 -0.000579834 -0.00398458 0.00653263 0.00120912 -0.00363906 -0.00649347 0.001862 0.00157393 0.000914672 -5.61229e-05 0.00708923 -0.00487838 -0.00188043 -0.00342372 0.003737 0.00416802 -0.000657474 -0.0035861 0.00638426 -0.00506781 0.00189288 -0.00418591 0.00571883 -0.00767768
149515 0.0049839 -0.00556707 0.0047698 -0.000259399 0.00523615 -0.00723553 0.00537348 0.00495052 -0.00340366 -0.00573206 -0.00332832 0.000947952 0.00755024 -1.90735e-06 0.00610209 0.00586557 -0.00273037 0.00680351 -0.000683308 -0.00456715 0.00283384 -0.00303364 0.00163317 -0.00248146 -7.67708e-05 -0.00700712 -0.00674391 -0.00329924 -0.00592804 -0.00651979 -0.00228834 0.00775051 -0.00761557 0.00440979 -0.00614834 -0.00276995 -0.00219536 -0.00258827 -0.00724888 -0.00353146 0.00396109 -0.00626612 0.00360823 0.00698328 0.00768948 -0.00392294 -0.00440979 -0.0052557 0.00161791 -0.00171661 0.00161314 -0.00378227 -0.00482702 -0.00183296 0.00224257 0.00758648 -0.00485754 -0.00653076 0.00133848 -0.00740814 -0.0058527 -0.00439692 -0.00587654 -0.00711775
231775 0.00754648 -0.00569345 0.00493954 0.00444523 0.00396163 0.00154925 0.00463959 -0.00534084 0.00441621 -0.00130763 -0.00542102 0.0046363 0.00766049 -0.00720246 0.00416827 -0.00698561 0.00113197 0.00684484 -0.00770859 0.00610178 -0.00383802 0.00622871 -0.00613672 0.00241274 0.00378231 0.00772371 0.00055995 -0.0049649 -0.00188658 -0.000692361 -0.00369428 -0.00429056 0.0031992 -0.00562421 -0.00443943 0.00242448 0.00642939 0.00512823 0.00466948 -0.00148588 0.0057747 -0.00666685 0.00466488 0.00212207 0.00425621 0.00458128 0.000652829 -0.00625194 -0.00778049 -0.00192228 0.00196837 -0.00582443 -0.00288975 -0.000686062 -0.00640635 -0.00360021 0.00701242 -0.00566188 -0.00249498 -0.00751938 0.00347013 0.00508841 0.00317586 0.0012783
13039 0.00391858 -0.000832572 0.00700807 -0.00487797 0.00505735 -0.00421525 0.00107516 0.00673466 -0.00624974 0.00448868 -0.00378948 -0.000472603 -0.0044094 0.00242324 -0.00159815 0.00517126 -0.00382511 -0.00453781 0.0040356 -0.000795066 0.00635122 0.00609622 0.000534264 0.00358701 -0.0047237 0.00139812 0.0040622 -0.00357685 -0.00652827 0.00148278 -0.00450608 -0.00604706 -0.00355168 -0.000789123 0.00729496 -0.00609391 0.00086971 -0.00382225 -0.000998087 0.00140466 -0.00523085 0.00755942 -0.000423523 0.00406476 -0.0028402 0.0077884 -0.00736286 0.00370654 -0.00309269 0.00319486 -0.00696382 0.00543474 0.00236763 -0.00439414 -0.00459702 0.00612176 -0.000294691 -0.00587201 0.0061503 -0.00576563 -1.6475e-05 -0.00457732 -0.00116324 0.00508
237567 -0.00718394 -0.0044357 0.00152584 0.00194335 -0.0031119 0.000604465 0.00216127 -0.00375652 -0.0020755 0.00465601 0.00330856 -0.00107268 -0.00568219 -0.00174506 0.00761484 -0.00348546 0.00302708 0.00428213 0.000154903 0.00311287 -0.00358702 0.00360433 0.00398121 0.0011277 -0.00223943 -0.00376537 -0.00464988 -0.00327523 -0.00665419 -0.00178359 0.00435731 0.00199772 -0.00159657 0.00116386 0.000108244 -0.00193489 -0.0028394 0.00713817 -0.00456535 0.0036474 0.000714906 -0.0059696 0.00156784 0.00631813 0.00531155 0.00212697 0.00219022 0.00611069 0.00109295 -0.00606964 -0.000890968 0.00682842 0.00134804 0.00612175 0.00210211 0.00140986 -0.00763013 -0.00435838 -0.000386017 0.00571501 -0.00731507 -0.00743644 0.00150081 -0.000617465
119110 -0.00325501 -0.00702235 0.00302173 6.41365e-05 0.00735499 0.0015453 -0.00715827 0.00471993 -0.00498979 0.000339161 -0.00621094 -0.00709819 0.00292476 0.00409221 -0.0043374 0.00742858 0.00273064 -0.00624738 0.000501317 0.00650255 0.000102265 -0.00148143 -0.00525414 0.00318001 -0.00467427 0.00710594 0.00547041 -0.000476794 0.00274357 -0.00383201 -0.00750497 -0.00467595 -0.0038415 0.00625773 0.000167224 0.00161022 0.00338727 0.00426169 0.00568612 -0.00455182 -0.00259911 -0.00292576 0.000503622 -0.00471765 -0.00713939 0.0077405 0.00472161 0.00627677 -0.0024438 0.00558789 0.00479142 -0.000456453 -0.00738298 -0.00493952 -0.000125186 0.00242077 -0.00317023 -0.0059288 0.0047992 -0.00496101 -0.00136375 -0.00127806 -0.00707201 0.00323503
122371 -0.00121173 -0.00655629 0.0022735 0.00387131 -0.00617985 -0.00771125 -0.0036633 0.00289392 0.00255691 0.000188869 0.000576866 -0.00515044 -0.00241087 0.00466169 -0.00319729 -0.00778628 8.67132e-05 -0.00461867 0.00195903 0.00623689 -0.00392184 -0.00198978 0.00206327 -0.00564079 -0.00411973 -0.00618937 -0.00513077 0.000754651 0.00359429 -0.00634806 0.000159342 0.00458305 0.000332044 -0.00328044 -0.00571682 -0.000465439 0.00430266 -0.00705673 0.00254108 0.00641601 -0.0013782 0.00570483 -0.00595923 -0.00405245 -0.00565931 0.00543957 -0.00062797 0.00134136 0.00285721 0.0029624 0.00307973 0.00748852 -0.00209703 -0.00282553 -0.0012495 0.00523137 0.00111229 -0.0077592 -0.00601134 0.0011401 -0.00440734 -0.0069477 -0.00637714 -0.00381174
237808 0.00576213 0.00668637 -0.00218211 0.00434211 -0.000497298 0.00560119 -0.0027339 0.000801201 -0.00112954 0.00517219 0.00177025 -0.00535663 -0.00689311 -0.00722946 0.00626757 0.00671234 0.00767668 0.00118779 -0.00670715 0.00695199 0.00244842 0.00158251 0.000709298 -0.00177697 -0.000992037 0.00222615 -0.00552408 0.00388856 0.0010033 -0.00293118 -0.00289013 0.00552963 -0.00192101 -0.00590702 -0.0071243 -0.00555614 -0.00760626 0.00191153 -0.00217714 -0.00423956 -0.00557146 0.00140759 0.00324155 -0.00565011 0.00523611 -0.000334852 -0.00683874 -0.0035121 -0.00563571 0.00547698 -0.005569 0.00014489 5.35599e-06 -0.00765492 0.000652446 -0.00153607 0.00111324 0.000912503 -0.00589111 -0.00748981 0.000621794 -0.00649723 0.000762727 -0.00291227
238395 0.000860745 0.0033505 -0.00385227 0.000199422 -0.00257709 0.00376706 0.00353672 0.000623589 0.00140615 -0.00720238 -0.00111658 0.00579975 -0.00329547 4.36673e-05 -0.00416779 0.00525887 -0.00108165 -0.00447543 0.00238504 0.00543667 -0.00205167 0.000921421 0.00444885 -0.000619173 -0.00313456 -0.00766769 -0.00400713 0.00485517 -0.00755704 0.00491547 -0.00775087 -0.00260488 -4.61707e-05 -0.00359127 -0.00157533 -0.00318872 -0.000710029 0.00527377 -0.00448708 -0.00708257 -0.00170016 0.00464399 -0.00548152 5.32006e-05 -0.00249946 0.00255931 0.000784447 0.00459331 0.0041434 -0.00636878 0.00292222 0.00172555 0.00511048 -0.000406758 -0.000128086 -0.00600856 0.000687093 0.00737539 -0.00696224 -0.00776802 0.00712602 -0.00530019 0.00373488 0.00122184
39976 0.00634037 -0.00678358 -0.00412868 -0.00194525 -0.000344407 0.00389683 -0.000506514 -0.00329734 0.00419324 -0.00471448 0.00132461 0.0025017 0.00779516 0.00356965 0.00760155 -0.00316497 0.00204072 0.00188286 0.00258874 0.00631222 0.000504748 -0.00455597 0.0035611 0.00593061 0.00490956 -0.00568131 -0.000900299 0.00722187 -0.00125837 -0.00780291 0.00227729 0.00287588 -0.00683051 -0.00619431 0.00564677 -0.00631298 0.0018324 0.000559683 0.00742673 0.00406957 0.000413356 -0.00317245 0.00460872 -0.000989718 -0.00207353 0.00286945 -0.00209587 -0.000514791 -0.00605519 0.00250264 -0.00216416 -0.00282244 -0.00406702 -0.00111111 -0.00154649 -0.00406648 -0.00431311 0.00661774 0.00215445 0.000150131 0.000861727 -0.00102 -0.00040838 -0.00388215
239144 0.00551224 -0.0062151 0.0034399 -0.00342035 -0.00519276 -0.000406265 -0.00683784 0.00681257 -0.00665808 0.00573397 -0.00498676 -0.00172615 0.00223351 0.00372028 -0.00230551 -0.00172091 0.00611115 0.00451517 0.0060935 0.00636005 0.00461435 -0.0074811 -0.00376701 0.00237942 -0.000447273 -0.000592709 -0.0044508 0.00686312 0.00168467 0.00435019 0.00482321 0.00555754 0.0038991 -2.43187e-05 0.00149298 -0.0044589 0.000386238 -0.00688505 0.00629854 -0.00385284 -0.00142384 -0.00156355 -0.000135899 0.000774384 -0.00594282 -0.00286055 -0.000709534 -0.00590229 -0.00411701 -0.00306463 0.00324297 -0.00487566 -0.00564909 -0.00639343 0.00622463 0.00061655 0.00553131 0.00163078 -0.0063467 -0.0075593 0.00651741 0.00103188 -0.00657368 -0.00725794
102408 0.00504372 -0.000807189 0.00184815 0.00238348 -0.00508011 -0.00771908 0.000215025 -0.00592509 -0.00588119 -0.00614504 0.00494022 -0.00133805 -0.00497138 -0.00681407 -0.0074316 0.00296146 -0.0075836 -0.00437394 0.00180122 -0.00544157 -0.00306977 0.00721992 0.00402076 -0.00322028 -0.0037394 0.00657915 0.000558177 0.00738358 0.00649074 0.000807881 0.000951056 -0.00310665 0.00366964 0.00511214 -0.00372875 0.00500918 0.00311271 -0.00391897 0.00396114 0.00648935 -0.00148013 0.00650456 0.00141118 0.0070342 -0.00297493 0.00536145 -0.00377255 -0.00648432 0.00293301 -0.00357697 0.00407199 -0.00376686 -0.00128308 -0.0050557 -0.0059918 -0.00348199 -0.00508179 0.00311 -0.00548938 0.00012598 -0.00581633 0.00324099 -0.00202258 -0.00577684
240061 0.00379062 -0.00427333 -0.00246746 -0.00140164 0.00425021 0.00686609 -0.00271238 0.00754124 -0.00729406 -0.000344321 0.00141511 0.00141686 -0.00663418 0.00367768 -0.00474235 -0.00355824 -0.00301756 0.00641128 0.00203826 -0.0010251 0.003172 -4.24171e-05 -0.00620376 0.00497922 0.00269696 0.0069815 0.00595368 0.00459889 -0.00508067 -0.00431359 -0.00047057 0.00735613 0.00308885 0.00720316 -0.00747401 0.00130936 -0.00529302 -0.000812662 0.00439642 0.00211492 -0.00185802 -0.00535878 0.00687992 -0.00401373 -0.00552733 -0.00716813 0.00347624 -0.00497511 0.000296367 -0.00295816 -0.00690608 -0.00661581 -0.000385157 0.00630003 0.00289793 -0.00441656 -0.00116685 -0.00170083 -0.0074104 -0.000490649 0.00423812 0.000180022 0.00257857 -0.00410395
97550 -0.00717377 -0.00685583 0.00474773 0.00738854 0.00358032 -0.00210932 0.000127712 -0.00534535 -0.00127394 -0.00717748 -0.00618866 -0.00345481 -0.00343217 -0.00341578 0.000965663 0.00336369 0.00105555 -0.00218087 -0.00438093 -0.00703404 -0.00560913 0.00147219 0.00278481 0.00373858 0.00308508 -0.000356142 -0.00433466 0.0021388 0.00346636 -0.00468616 0.0016294 -0.00288721 0.00491591 -0.00351142 0.000589823 0.00273763 -0.0010498 -5.61347e-05 0.00378309 0.00471168 0.00317712 0.00674603 0.00612594 0.000598983 -0.00255178 -0.00482789 -0.00332114 0.003738 -0.00336644 0.00263727 0.00212903 0.00290473 -0.00460635 0.00761982 0.00371243 0.00189819 -0.00238864 -0.00205615 -0.000748486 0.0058886 0.00672864 -0.00570716 0.00442697 0.000895266
115634 0.00230014 -0.00669777 -0.00126552 -0.00378086 -0.00283387 0.00581044 0.00105689 0.00452917 -0.00172758 -0.00222603 -0.000699806 -0.00260097 -0.00379764 0.0035681 -0.0029018 -0.00638647 -0.00629061 0.00100077 -0.00519946 0.00449246 -0.0037406 0.00346805 -0.00210595 -0.00672872 0.00506104 0.00703958 -0.00721739 -0.00408057 -0.00168839 -0.00178562 0.000543025 -0.00332046 0.00410716 0.00225077 0.00740082 0.00412098 0.000534172 0.00370533 0.00615409 -0.00307521 -0.00421195 0.000868613 -0.0032521 -0.000917402 -0.00641216 -0.00666492 0.00624959 0.00132633 -0.00722761 -0.00629534 -0.00730283 0.00211091 -0.00770272 0.00228135 0.00632904 -0.00378258 -0.00496708 0.0049891 0.0023247 -0.00443051 -0.00484274 -0.00420773 -0.00710795 0.00463385
191344 0.00755305 0.00603676 -0.00640759 0.00301053 -0.00290817 0.000874757 4.41418e-05 0.000164202 0.00108682 -0.000182802 -0.00401247 -0.00602935 0.00735847 0.00175127 -0.00553837 0.00751489 0.00326024 -0.00744932 0.00423637 0.00709795 -0.00443064 0.00531316 0.000628824 -0.0027225 -0.00710166 -0.00321467 -0.00312439 0.00497829 0.000230904 -0.0049897 -0.0027389 -0.00256747 0.00345556 -0.00101243 0.00763921 -0.00751206 0.00766575 -0.00762947 0.00765265 0.000425556 -0.00251868 0.00516889 -5.42107e-05 -0.00686117 -0.00595232 0.00723792 0.00780492 -0.00721838 -0.00272742 0.0053029 -0.00334403 0.00723638 0.00431007 0.00148748 -0.00293734 -0.00180629 0.00252084 -0.00128759 -0.00242609 -0.0003873 0.00208009 0.00708133 -0.00373752 -0.00557051
225455 0.00755262 0.0019722 -0.00408459 -0.0048542 0.00755167 -0.00770044 0.00502348 -0.00060463 -0.00671625 0.00760412 0.00113106 -0.000412941 0.00572729 0.00716352 -0.00389338 -0.000624657 0.00302505 0.0036974 0.00488186 -0.00260592 0.00233793 -0.00119257 -0.00643587 0.000259399 0.00547886 0.00700665 -0.00024271 -0.00596905 0.00666952 -0.000114441 0.000776768 -0.00134516 -0.00205135 0.000395298 0.00388145 -0.00604534 0.00494337 0.00253725 -0.00329781 -0.00205994 0.00603437 -0.00667953 -0.0023818 -0.00775051 0.00200176 0.00227308 0.000510216 0.006742 -0.00456572 0.00224257 0.00676346 -0.00443459 0.00635576 -0.00697088 0.00145435 0.00420523 -0.00726414 -0.00217342 0.00409269 -0.00577736 0.00546312 0.00714636 0.00397539 -0.00294018
145531 -0.00668536 0.00645077 0.00428121 -0.00513172 -0.00625103 -0.00286883 0.000555251 -0.00338892 7.84116e-05 0.00660236 -0.00724548 0.00431018 0.00647781 -0.00321094 -0.00276925 -0.00623242 0.00562163 -0.00472327 0.00116944 -0.00430524 0.00321474 -0.00100082 -0.00174355 -0.00532655 -0.00423546 0.00547952 0.00102624 -0.00202347 0.00723223 0.00354502 -0.00355883 0.00738135 0.00595017 -0.00330535 0.00644604 -0.00447737 0.000611326 0.000471251 0.000679961 -0.00457813 -0.00409316 -0.00637085 -0.00470593 -0.00190564 -0.00269512 -0.00163807 0.00690513 0.00140913 -0.00415871 0.00408143 -0.00768893 -0.00089089 -0.003149 0.00368752 0.00595778 0.00271875 -0.00718101 -0.00264697 0.00195557 -0.00526637 0.00649551 -0.00161045 -0.0023957 -3.44225e-05
242382 -0.00503922 0.00577593 -0.00613976 0.000913143 0.00679255 -0.00658989 -0.00553894 -0.00604343 0.00767183 0.00552845 0.00371504 0.00583267 0.00108099 0.00238228 0.000846863 0.00756741 0.000137806 -0.00142097 0.00543928 -0.00120115 -0.00731421 -0.0024519 -0.00277805 -0.00363731 0.00267553 -0.00103283 -0.00755262 -0.00303459 -0.000714302 0.00445175 -0.00683784 0.00721216 0.00682211 0.00148773 0.00224161 0.00768661 -0.00501442 0.00714445 -0.00762558 0.00684261 -0.00372458 -0.00469542 0.00624418 0.00453329 -0.00111961 0.00769854 -0.00516605 0.0053153 -0.000674248 0.00685644 -0.00701141 -0.00489902 -0.00240135 0.00563526 0.00477743 0.00567007 0.00651932 0.00018692 -0.00533104 -0.00688314 -0.00128937 0.00665283 -0.00231457 -0.00150681
203816 0.00354947 -0.00593272 -0.00545604 0.00421908 -0.00375236 -0.00186122 0.0025005 0.00142115 -0.00558572 0.00533427 -0.00351586 -0.00584011 0.00454398 0.000953663 0.00218586 0.00286082 -0.000897108 0.00570545 0.00652737 -0.00433948 0.00430406 -0.00605045 -0.00360354 -0.00230124 -0.00521294 0.00210214 0.00489296 -0.0053835 0.00370815 -0.00668059 0.00766053 0.00520771 0.00335184 0.00501544 0.00163241 0.00182524 -0.00380082 0.00444782 -0.000789993 0.00697591 -0.00281563 -0.00461062 0.00468495 -0.00238947 0.00215314 0.00341381 0.0025022 -0.00769336 -0.00111204 -0.00119604 -0.00628829 -0.00012043 0.00699813 -0.00558339 -4.94603e-05 0.001559 -0.00147328 0.00142362 -0.00644586 0.00469508 -0.000940803 0.00309578 0.00143413 -0.00421187
136904 0.00235058 0.00449279 -0.00284339 0.0035359 -0.00241013 0.00499312 0.00129411 0.00550286 -0.00663629 -0.000911576 0.00387249 -0.001699 -0.00719763 -0.00707311 0.00424707 -0.00353198 0.00731097 0.00106529 0.00118179 -0.00125862 0.00127916 -0.00449409 -0.00603611 -0.00107092 -0.00455913 0.00608652 -0.00106029 0.00243485 0.00227012 -6.80211e-05 0.0018667 0.00059853 0.00606915 0.00526417 0.00712227 0.004063 0.00459882 -0.00223239 -0.00609332 -0.00590421 -0.00341785 -0.001268 0.00385792 0.00248826 -0.00525526 -0.00235064 -0.00224908 0.00652878 -0.00461255 0.00730415 0.00291692 0.00629847 -4.59125e-05 0.00471553 0.00134652 0.00231626 0.00386819 0.0039494 0.00216187 0.00572626 0.0010662 -0.00202535 -0.0018577 0.00277561
105533 -0.00200556 -7.54353e-05 0.000309706 0.00542433 0.00727606 -0.000272966 0.00662405 0.000626252 -0.00147919 0.00343824 0.00400272 -0.00741255 -0.00356849 0.00224565 0.00221947 -0.00261024 0.00597454 -0.00765421 -0.00620285 -0.00303678 0.00156483 0.00166674 -0.0041841 -0.00761213 0.0044408 -0.00578651 0.00537202 -0.00722479 0.000198744 -0.000697489 -0.00746952 0.000471822 0.00219298 -0.00755687 -0.00220024 0.00138263 -0.00292023 0.00018484 0.00397527 0.00554652 0.000114145 0.00235045 -0.00637115 0.00519424 0.00339516 -0.00522179 0.00316887 0.00621398 -0.00255818 0.00486838 0.00550253 -0.000520964 0.00614894 0.000802624 -0.00460022 -0.00357307 0.00284795 0.00290958 0.000490927 -0.00403976 0.00597875 -0.0063514 0.000638087 0.00700735
195214 0.00504351 -0.00209379 -0.00517607 -0.00699425 -0.00174809 0.00729036 -0.00497961 0.0045085 -0.00395346 -0.00413656 -0.00153112 0.00603867 0.00699854 -0.00191402 -0.000810623 0.00688314 -0.000124454 -0.00476551 -0.00323343 0.00282812 -0.000406742 0.00415707 0.000128269 -0.00596189 -0.00179672 0.00462627 0.000403404 -0.00734568 -0.00512505 0.00557518 0.00417805 0.00399303 0.00228024 -0.00417566 0.00751448 0.00429583 0.00521803 0.00146914 0.00204563 -0.00732851 0.00575352 -0.0044713 0.00288916 -0.00045681 9.48906e-05 0.00703239 0.00218916 0.00425339 0.00584698 0.00326157 -0.00571394 0.00350904 0.000497341 0.00170565 0.00756454 -0.00418139 -0.000851154 0.00107193 0.00773525 -0.00139046 0.00734329 0.000404358 -0.00177097 0.00379181
143154 -0.00110713 -0.00746261 -0.00504023 0.00407838 -0.00175887 -0.00221557 -0.00205273 -0.00408173 -0.00445087 -0.00707205 -0.00341709 -0.00263001 -0.00738372 0.00435096 0.00593506 0.00261526 0.00153246 0.00184161 -0.00112711 0.00524916 -0.00232585 0.0024085 -0.00278101 -0.00383073 -0.00780255 0.00502369 -0.000752207 0.00576516 0.00717472 -0.00616009 0.00659812 0.002637 -0.00649968 0.00561781 -0.000318605 -0.000187824 0.00592153 -0.000874516 2.25807e-05 -0.00718443 0.00350743 0.00650366 0.00584949 0.00292002 -0.00407567 0.00746249 0.00179059 0.0057717 -0.00196828 0.00635939 0.00107618 0.0035255 -0.00297598 0.00301282 -0.00698368 0.00464904 0.00444612 -0.00635469 0.0039462 -0.00229989 0.00646765 0.00497898 0.00375722 -0.00371105
135787 -0.0059767 0.00137258 0.00712292 0.00618714 -0.00415573 -0.00386764 0.00760535 -0.0073349 -0.00115488 0.00340762 -8.03572e-05 -0.00439448 0.00730889 0.00589525 -0.00574756 0.00142007 5.9317e-05 -0.00347766 -0.00318827 0.00106088 0.00589855 0.00372448 0.000846833 -0.000972414 -0.00590804 0.00221088 -0.00630262 -0.00335224 0.00321988 -0.00617279 -0.00697753 -0.00437018 0.00204948 0.00420328 -0.00755047 -0.00159702 -0.000471594 -0.00148364 0.00188935 0.00426636 0.00691964 -0.00671994 0.000185001 -0.006502 -0.00582532 -0.00736235 0.00105715 -0.00758983 0.00603644 -0.00543865 0.00301387 -0.00764042 0.0018999 -0.00750595 -0.00713232 0.00354591 0.00680646 -0.000891132 -0.00737281 0.0008091 -0.00314998 0.00197967 0.00653223 -0.00455114
61854 -0.00284576 0.00289011 -0.00127983 0.0058465 0.00311232 0.00374889 -0.00711775 0.00469971 -9.53674e-05 -0.00301123 0.00222254 0.00632334 0.00358105 -0.00466251 0.00622034 -0.00330067 -0.00762796 0.00267744 -0.00492048 -0.0051527 -0.0046854 0.00759363 0.00133371 -0.00498009 0.00372982 -0.00480747 -0.00102091 0.000183105 0.00388002 -0.00374794 -0.0041914 0.00565243 -0.000533104 -0.00257969 -0.00379753 0.00272465 -0.00581789 -0.00286198 0.00380468 0.00180864 0.00608349 -0.000239372 0.00695467 0.00425482 0.00589895 -0.00182152 0.00693941 0.00052309 0.00726843 0.00303268 0.000679493 0.00200891 -0.0020957 -0.00304413 -0.006464 -0.00332832 0.00218821 -0.00306988 0.000736713 0.00765467 -0.00457764 -0.00618553 0.00372601 0.00441647
123932 0.00713682 -0.000977993 0.0074358 0.00182056 -0.0069561 -0.00136805 -0.00708532 0.00294352 0.000540257 -0.0019474 0.00505447 -0.0039506 0.0042243 0.0043931 -0.00201988 0.00525093 -0.00117445 0.00465918 0.00596762 -0.000957012 0.00726938 0.00568247 -0.00317001 -1.81198e-05 -0.00247908 0.00639248 0.00688505 -0.00341845 0.00655317 -0.000398636 -0.00742865 0.000680447 -0.00365973 -0.0010972 -0.00217533 0.00761747 0.00584316 0.000353813 -0.0058403 -0.000658035 -0.00111961 -0.000449657 -0.00743341 -0.00221348 0.00311565 0.00500584 0.002913 -0.00386047 0.00254726 -0.00343275 0.00247097 -0.00590706 0.00685072 0.00416756 0.004879 -0.00405502 -0.0056529 0.0056324 0.000528812 -0.0054822 -0.00431252 0.00634575 0.000319481 0.00289345
247342 -0.000592232 -0.000500679 0.000644207 0.00067091 -0.00668478 -0.00215626 0.00779533 -0.00262213 -0.00526285 0.00754738 0.00215578 0.00161839 -0.00702858 -0.0055418 -0.00400734 0.00483227 0.000713825 -0.00537825 0.00271416 0.00262785 -0.00282192 -0.00252724 -0.00671864 0.00631523 0.00656366 0.00355577 0.0013938 0.00509119 0.000832081 -0.00542688 4.76837e-06 0.0033927 -0.00455427 -0.00114393 0.00766706 0.000112057 -0.00421476 0.00568581 0.000385284 0.00293827 0.00664616 0.00531483 -0.00626564 0.00702286 -0.00309467 0.00186062 -0.00409174 -1.71661e-05 0.000508308 -0.00533104 -0.00665903 0.000566006 -0.00412846 -0.00592184 -0.00230837 0.00548506 -0.00515509 0.00467634 0.00332642 -0.00762129 -0.00104284 -0.00489759 -0.00653028 -0.00597429
247343 0.00409733 0.00623535 0.000403079 0.00116659 -0.00745833 -0.00498071 -0.00144985 0.0058147 -7.94352e-05 0.0029976 -0.00490759 0.00516518 -0.00738111 -0.00275018 0.00329052 -0.00337068 0.0027927 0.0037864 -0.00238175 0.0024164 0.00638765 0.00588083 0.00445392 -0.00137152 0.00728869 -0.0065104 0.00552665 0.00591248 -0.000249251 -0.00470138 -0.00426617 -0.00262002 0.0073811 -0.00471634 -0.00299718 0.00630263 -0.00440003 0.00283675 -0.00477846 -0.0047768 -0.00396461 0.00628926 -0.00751617 -0.00540629 0.00617418 0.000927807 0.000659686 -0.00628637 0.00195117 -0.00660099 -0.00269785 -0.00131088 0.00242863 0.00130765 -0.0025466 0.00596867 0.00743591 -0.00305017 -0.00298541 -0.00683455 -0.00128211 0.00154256 0.00376149 0.00438671
247406 -0.00338793 -0.00225544 0.0053587 -0.00581741 0.0027833 0.00717783 -0.00347042 0.00692463 -0.00554609 0.000927448 -0.0067935 -0.00331593 0.00252771 0.00538492 -0.000573158 0.00528145 0.00190067 -0.00694561 -0.00483608 0.00296211 0.00594759 -0.00085783 0.00503969 0.0005126 -0.000519276 0.0064292 0.00331736 0.00265932 -0.00710487 -0.00753736 -0.00353003 0.00538254 0.00364828 -0.00594616 0.00745583 -0.00240898 -0.00220537 0.00499725 0.00612688 -0.00207376 0.00397539 -0.000510693 -0.00572491 -0.00661325 -0.00492334 0.00654554 -0.00713778 -0.00195408 -4.00543e-05 -0.0033617 -0.000679493 0.00479841 -0.00639629 0.00585938 0.006217 0.00153446 -0.00318861 -0.00680017 -0.00708723 -0.00344229 -0.0036788 -0.00312567 -0.00285006 0.00588942
117879 0.00710837 0.00715509 0.00634092 -0.00585782 -0.00297006 -0.00325444 -0.00597629 0.00293887 -0.00424469 -0.00547786 -0.00193813 0.00516329 -0.00137602 0.00372228 0.00308357 0.000695359 0.0028506 -0.00636232 0.00762904 0.0010945 0.00595237 0.000167839 -0.00680781 -0.00338982 0.00647981 0.00234001 0.00212192 0.00679672 -0.00670028 0.000211365 -0.00456566 -0.00466782 -0.00514123 -0.00684113 -0.0053303 5.92346e-05 0.00271293 0.00181931 0.00581339 -0.00636385 -0.00288078 0.00544434 -0.00322597 -0.00266755 -0.00184265 -0.000334157 0.00286966 -0.00533455 -0.00470484 0.000462863 0.00777029 -0.00385131 0.0068794 -0.0045736 0.00256827 0.00411687 -0.00201225 -0.00369291 -0.00547318 -0.00549093 0.000862087 0.00688916 -0.00580622 -0.00613627
19755 -0.00464106 -0.00261831 0.00187683 0.00762177 0.00295305 -0.00364923 0.00669241 0.00379848 -0.00216579 0.000322819 0.00344992 0.00494766 -0.00412703 0.000530243 -0.00618219 0.00756931 0.00252438 -0.00226879 -0.00730753 0.00146484 -0.00694132 -0.00717258 0.00609207 -0.00505447 -0.00311422 -0.00424385 0.0015769 0.00631523 0.00619268 -0.00641727 -0.00625038 0.00551748 -0.000584126 -0.00160456 0.000207901 0.000776291 0.00289488 0.00654793 0.00613642 0.00410557 -0.00314951 0.00547791 0.00540304 -0.00759983 -0.00471306 0.000270367 0.00634718 0.00423431 -0.00340986 -0.00692749 0.00763273 0.00469732 -0.00621414 -0.00309992 0.00421858 0.00215292 0.00686598 0.00131893 -0.0024271 0.00236845 -0.00198746 0.00279236 0.00768661 0.00265408
248419 0.00714772 0.00152977 -0.00146676 0.00209229 -0.00646947 -0.000351873 -0.00436397 -0.00392293 0.00248934 -0.00414353 -0.00477422 -0.00618144 0.00144756 -0.00375528 0.00590284 -0.00421961 0.00565773 0.00525653 -0.00622331 0.000837181 -0.00700335 1.82167e-05 -0.00497614 -0.00427033 -0.00604474 -0.00640333 -0.00657832 -0.00295877 -0.00228558 0.0023647 0.000238091 0.00392079 -0.00336988 -0.00777785 -0.00461881 -0.00545643 -0.00131306 -0.00682327 -0.00459277 -0.00373139 0.000939599 0.0045426 0.0022388 0.00381474 0.00530583 0.00490582 0.0024407 -0.00713689 0.00466367 0.00186499 0.00726926 0.00772293 0.00733839 -0.0020164 0.00536376 0.00764424 -0.00398531 -0.00441799 0.00554046 -0.0035695 -0.00309515 -0.00523888 -0.00425437 -0.00358968
243465 0.00224018 -0.00183344 -0.00516319 -0.00027132 -0.00349045 -0.00753784 0.00776625 0.00533342 0.00365734 -0.00232267 -0.00153732 -0.00703716 -0.000869751 -0.000819683 0.00333548 0.00559187 -0.00644827 -0.00721693 -6.1512e-05 0.00375128 -0.0075531 0.00562763 -0.00283003 0.00694895 -0.00244284 -0.00526953 -0.00700188 -0.00176382 0.00434685 0.0015955 0.000387669 -0.00230503 0.00496626 -0.00398874 0.00618696 -0.000341892 -0.00185299 0.00618649 0.00114632 0.00756121 -0.000324249 -0.000401974 -0.00730562 0.00186539 -0.00759125 0.0023222 -0.00196743 -0.00318146 -0.00300932 -0.000648499 0.00729084 0.00587702 -0.0008955 -0.00570107 -0.00757074 -0.00657511 -0.00746155 0.00535202 -0.00149298 0.00761461 -0.00109577 0.000893593 0.00237465 -0.00615835
165496 -0.00485232 0.0047647 -0.00269125 -0.000703462 0.000469739 -0.000353045 0.00422067 0.00258725 0.00319108 -0.00105312 -0.00103077 0.000181271 -0.00408731 -0.00594065 0.00470203 0.00699167 0.00222447 0.00712193 0.00765437 0.00708938 0.00151068 0.00131139 -0.00495882 -0.00241637 -0.000282533 0.00611085 0.00764344 0.00577467 -0.00779984 0.00547013 0.00301838 0.00164819 0.00376373 -0.00780271 0.00388035 -0.00468854 0.00176212 0.00398452 -0.00403532 0.004835 0.00632237 -0.00440466 0.00570767 -0.00382387 0.00679382 0.00467418 -0.00772056 -0.00216894 0.00548702 -0.00266197 0.000432296 0.00782698 0.00655126 0.00479627 0.00655847 0.00274929 0.000344083 0.00235265 -0.0043884 -0.0033987 -0.00265295 0.00012695 0.00138192 0.00602085
240598 -0.0074029 -0.000144958 0.00450325 0.00736856 0.00176334 0.00698662 0.00048399 -0.00238705 -0.00492239 0.000558376 0.00632095 0.00540686 0.00717258 0.00499773 0.00527477 -0.00675488 -0.00279999 -0.00640965 0.00591564 -0.000188351 0.00679779 0.00214243 -0.00536823 0.0069809 0.000275135 -0.00470543 0.00565672 0.00747585 -0.00214386 0.00453854 -0.00632048 0.00706053 -0.00435972 0.00228167 -0.00121784 -0.000148773 0.00186205 -0.000236511 0.007514 -0.00562382 -0.00439501 0.00504351 -0.000149727 0.00395966 -0.00306034 0.000738144 0.00771284 0.000945568 0.00775337 -0.000392914 0.00293303 -0.00167131 -0.0033803 -0.0060935 0.00283194 -0.00731564 -0.000516891 -0.00275755 -0.00745821 -0.00552702 -0.0061307 -0.00515985 0.00538397 0.00459766
248912 -0.00659466 0.000961781 0.00728512 0.00704956 0.00473261 -0.0074873 0.00467968 -0.00723028 -0.00327587 -0.00430536 0.00626326 0.0064311 -0.00716877 0.00099659 -0.00759935 -0.00309849 -0.00101948 -0.000993729 0.00694799 -0.00566816 0.00284529 -0.000168324 -0.00596809 0.00401878 0.00690222 0.000491142 -0.00545549 -0.00065136 0.00298548 -0.00255966 -0.00322008 -0.00227261 0.00699043 -0.00703859 -0.00653696 -0.00757074 -0.00105715 -0.00115871 -0.0072751 0.0055151 -0.00353813 0.00168276 0.00402594 0.00350952 -0.00254774 0.00265694 -0.00341892 0.00347757 0.00443172 0.00228214 0.00753403 0.00182486 0.0069623 -0.003829 0.00681782 0.00658607 -0.00605059 -0.00704765 -0.00718355 -0.00698423 -0.002707 -0.00469398 0.00389004 0.000758171
249628 0.00426797 0.00221654 0.00427505 0.00490413 0.00577846 0.00452151 0.00119885 -0.00202038 0.00212906 0.00092368 -0.007397 -0.00679744 -0.000757325 0.00601248 -0.0074343 -0.00431835 0.0044396 -7.67666e-05 -0.000356767 -0.00474162 0.00753048 -0.00614168 -0.000800222 -0.00324695 0.00382941 0.00502672 0.00512834 0.000601953 -0.00278777 0.00607408 -0.00218592 -0.00373728 -0.00633935 0.00133066 -0.00173987 0.00696359 0.00108971 -0.00124471 -0.00528445 -0.00248596 -0.000957267 -0.00187199 -0.00756148 -0.00351889 0.0037473 -0.000804158 -0.00293032 -0.00510341 0.00421703 -0.00640143 -0.000801388 0.00329493 0.00465695 0.00719609 0.0049138 0.00164706 -0.00475078 0.000179855 0.00775704 0.00760523 -0.00658807 0.00390938 -0.00599351 -0.00241666
249953 -0.00719745 0.0054781 0.00187346 -0.000293978 -0.00649132 0.00540543 -0.00200555 -0.000238722 -0.00248469 -0.00629232 -0.00189195 -0.00525694 0.00236566 0.00486345 -0.00689706 0.00635493 0.00266209 -0.00371923 -0.00373268 -0.000614455 -0.000280523 0.00711407 -0.00732663 0.00101822 -0.00132988 8.39933e-05 -0.00204902 0.00705229 -0.00642609 -0.00225258 0.00559132 0.00189076 -0.0025281 -0.00581835 1.68865e-05 0.00703611 -0.00691403 0.00485614 0.00185941 -0.000170812 0.00119283 -0.000720311 -0.00591758 -0.00755321 0.00349561 0.0024628 -0.00741762 0.00369922 -0.0077127 0.000854479 0.00201452 -0.00432424 -0.00418034 -0.000847988 0.00698063 0.00542001 0.00709402 0.00622834 -0.00605431 -0.00103654 0.00692626 -0.000346978 -0.00365405 0.00600972
249954 -0.00301743 0.00496626 -0.00124168 -0.00204182 -0.00439548 -0.0034523 -0.0049715 -0.00750589 -0.00767326 0.00630045 0.00100422 0.00104237 0.00147915 0.00590849 0.00497246 0.00678158 0.00622416 -0.00412798 0.00136757 -0.00428534 -0.00262022 -0.00778627 -0.00399017 -0.00640678 0.00696564 0.000216961 0.00386763 0.00662088 -0.0026927 -0.00576353 0.00565481 0.00606871 0.00560379 -0.00706291 -0.00637674 -0.00461531 -0.00145388 -0.000995636 -0.00524759 0.00304699 -0.00685501 0.00205898 -0.00143957 -0.00712633 0.00772285 0.00131083 0.00586462 0.00378942 -0.00701761 -0.00330544 0.0007267 -0.00486803 -0.00539303 -0.00123072 -0.000609398 0.00637722 -0.00581884 0.00611877 -0.00590658 -0.00201082 -0.00761318 0.000542641 -0.00757885 -0.00209761
193611 1.28487e-05 0.00250853 0.00133749 -0.00154128 0.000679479 0.00286741 0.000333683 -0.00603429 0.00416505 0.000545577 0.00274177 -0.00577606 0.00382331 -0.00611929 -0.000147079 -0.00196471 0.00420865 -0.00132942 -0.00408015 -0.00337066 -0.00510245 0.00336082 0.00735855 0.00593242 0.00509438 -0.00329871 -0.00097004 -0.0047593 0.00578135 -0.00578015 0.00682891 -0.00762627 -0.00262068 -0.0043646 -0.00292218 -0.00199981 0.00231592 0.0021988 -0.00701719 0.00527484 0.00387693 -0.00418044 0.00375515 0.00745223 0.00411344 -0.00778588 0.00462084 -0.00758716 0.00702965 -0.00720931 0.00394581 -0.00526703 0.00708829 -0.00611253 0.00768114 0.000860167 0.00717849 0.00281944 -0.00406569 -0.00337231 0.00568905 0.00119555 0.00286478 -9.49773e-05
158117 -0.00705098 -0.00775017 -0.00740914 0.00773542 0.00518492 -0.00548579 -0.00166351 -0.00144786 -0.0043086 -0.0069394 -0.00290389 -0.00448879 -0.00688779 -0.00732671 0.00420072 0.00479843 -0.00651553 -0.00313163 7.87596e-05 0.00681092 -0.0053991 -0.00685901 0.00141536 -0.000772204 -0.00715551 0.00410343 -0.00132493 0.00778232 -0.00700339 0.0039462 -0.00544419 -0.000865528 0.0068339 -0.00750527 0.00513925 0.00193463 -0.00310444 -0.00365411 -0.00727059 -0.00295804 -0.00773577 -0.00684308 -0.000575059 0.00656635 0.00372955 -0.00486101 -0.00419804 0.00592565 -0.0037968 -0.00696785 -0.00345486 -0.00487303 0.000461186 -0.00430739 0.00263824 -0.00702357 -0.00485631 0.00701533 -0.00475679 -0.0054187 0.00131465 0.00401358 -0.00644114 -0.000505079
250611 0.00593087 0.00739393 -0.00531922 -0.00663926 -0.00226714 -0.00358924 -0.00308739 -0.00730939 4.64e-06 -0.00746405 0.00127503 0.00258186 0.00776517 0.00284418 0.00543589 -0.00293383 -0.00543355 0.00599879 -0.00506049 0.00731706 0.00659915 3.42908e-05 0.00753459 0.00488565 -0.00637856 -0.0020263 -0.00536855 -0.00689605 0.00321977 0.0062965 -0.00664772 -0.00568816 -0.00232605 -0.00293902 0.00474922 0.0020825 -0.00179388 0.00241731 -0.00203514 -0.00775828 0.00317492 -0.00106024 -0.0012098 -0.000342662 -0.00580063 0.00673769 -0.0058257 -0.00525679 -0.00729572 -0.00652006 0.00251301 0.00476559 -0.00350909 0.00760881 -0.00591 -0.00533795 -0.00697134 0.00594751 -0.00445692 -0.000505072 0.00398933 0.0035633 0.000724269 0.0076445
53382 -0.00125074 -0.00486279 0.0061264 -0.0069375 0.00596142 -0.00566816 -0.00381422 0.00211287 -0.00455904 -2.95639e-05 -0.00664186 0.00552607 0.000277996 0.00130844 -0.00122881 -0.000648975 0.00420713 0.00262213 0.000533581 0.00284672 0.00191402 -0.00766087 0.000460625 -0.000295639 0.00719261 -0.00705385 0.00206947 0.00179625 -0.00521898 0.00759888 0.00428391 0.000588894 0.00391483 -0.000342369 0.00621653 0.00104761 -0.00119352 0.00231791 0.00496101 -0.00308514 -0.0046711 -0.00542879 0.00739288 0.00406313 0.00224638 3.52859e-05 0.00666237 -0.00481272 0.00501156 -0.00199318 0.00687218 -0.00684595 -0.00639343 -0.00608969 -0.000245094 -0.00559711 -0.00318003 -0.00525522 -0.00753832 -0.00466108 -0.000575542 0.00232172 0.00590754 -0.00375891
251510 0.00154352 0.00427675 0.00215912 0.00562048 0.0029068 -0.00248051 0.00405455 -0.00231981 -0.000590324 -0.00714493 0.00617409 0.00206327 -0.00656843 0.00419569 0.00284529 -0.00271606 -0.00404978 0.00233793 -0.00206995 0.0057888 0.00628042 -0.00702 -0.00604916 -0.000466347 -0.00564718 -0.00416994 -0.00282192 -0.0016017 -0.00364208 0.00635195 0.0049839 0.00158453 0.00492191 -0.0017519 -0.00353241 -0.00631428 -0.000981808 0.00135612 0.00202322 -0.00630569 -0.00210238 0.000555992 0.00723028 -0.00197268 -0.000122547 0.00286102 0.00112534 0.00456905 0.00276089 0.0026722 0.00234365 6.77109e-05 -0.00201416 0.00486374 -0.00180244 0.00413752 -0.00535393 0.00755119 0.00518227 0.00532484 -0.00326777 -0.00515556 -0.00152683 0.00749159
232646 0.00536442 -0.00231838 -0.00297213 0.00634575 0.000609875 0.00741577 0.00498152 0.00500298 0.00591135 0.00338745 0.00221205 -0.00221968 0.00221634 0.00414467 -0.00275755 -0.000142574 -0.00204086 -0.00270271 0.00724649 0.00513029 0.00636148 0.0014205 -0.00604963 -0.00323343 0.00183058 0.0056119 -0.0048151 0.00216818 -0.00246334 -0.00675249 -0.00348139 0.00434494 0.00346136 -0.00133324 0.00146961 -0.00172138 0.00699139 -0.00292158 0.000978947 0.00428867 0.000970364 -0.00170612 0.00376415 -0.00115347 -0.00182915 0.00395346 0.000118256 -0.00327444 -0.00541353 -0.00426912 0.00514269 -0.00505829 -0.00761223 0.0048027 0.00710106 -0.00326538 -0.00193501 -0.00742769 -0.00185776 -0.00207281 -0.00277281 -0.000823498 0.00682211 -0.00233603
251681 -0.00654268 -0.00710106 -0.0028286 -0.00601387 0.00331211 0.00201797 0.0068717 -0.00500345 0.001122 -0.00654936 -0.00134611 0.00607395 0.00255394 0.00161266 0.000609398 -0.00736332 -0.000661373 0.00309515 -0.00609303 -0.00233412 -0.00336647 -0.00629473 -0.00140238 0.0072422 0.00603533 -0.00215292 0.00350666 -0.00670052 -0.00427675 -0.0019598 0.00339365 -0.00751925 -0.00550222 -0.0010705 -0.00749445 -0.0059557 0.00743675 -0.00517464 0.00582552 -0.00429153 0.00244141 -0.00736237 -0.00535631 0.000386238 0.00039196 -0.000135422 0.00275564 0.000190735 -0.00306225 0.00449467 -0.00758886 0.00191593 -0.00136709 -0.00288439 0.00507307 -0.000248432 -0.00479507 -0.000418186 0.00610113 -0.00369167 -0.00559044 -0.00570917 0.00467777 -0.00666094
108993 0.0037643 -0.000331776 0.00120954 0.00635484 0.00747321 -0.00161614 -0.00580262 -0.00673042 -0.00534819 -0.00475091 0.00486361 0.00129101 -0.00618053 0.00487575 -0.00746159 0.000248314 -0.00299119 -0.00374931 -0.00636757 0.00362071 -0.00498167 0.000577432 -0.00177883 0.00774797 0.00682434 0.00278057 0.00612348 0.00669343 -0.00384221 -0.00417971 -0.00458649 0.00431052 -0.00354596 0.00486182 -0.00444077 -0.000745867 -0.0071307 0.00772729 -0.00287864 0.00528932 -0.00762018 -0.00375336 0.000939745 0.00435503 0.00199101 -0.00504722 0.000358261 0.00445154 0.00284165 0.00160079 -0.00402159 0.00607812 -0.00051083 -0.00702126 -0.00585334 0.0016768 -0.00237065 -0.0075841 -0.00649158 0.000201608 0.0052149 -0.00176406 0.00484437 -0.00234024
239942 0.00388712 0.00427048 -3.23969e-05 -0.00467706 0.00161749 0.00575624 0.00609678 0.00198356 0.00392223 0.00188765 0.00679332 -0.00319283 -0.00124465 -0.0012569 0.00726031 -0.00735854 -0.00430601 -0.00760795 0.00313515 0.00419204 -0.0040324 -0.00195511 0.00657164 -0.00153575 -0.00380349 -0.00402368 -0.00519142 0.00685539 -0.00383042 0.000656645 -0.00287603 0.0077661 0.00422874 -0.0011137 -0.00249913 -0.00685744 -0.00509342 -0.00566905 -0.00550156 -3.45688e-07 -4.30041e-05 -0.00163468 0.00473335 0.00453318 0.00624082 0.00141185 0.0076034 0.00673979 -0.00255259 -0.00129835 -0.00701892 0.00028945 0.0011095 -0.00414437 -0.000164818 -0.00115581 -0.00651963 0.00524098 -0.00488836 0.00149935 0.0075459 0.0055744 -0.00337662 0.00595959
163418 0.000516891 0.000842094 0.00770807 -0.00129938 -0.00210142 -0.00565958 -0.00420523 -0.000136375 0.00732517 -0.00127459 -0.00184727 -0.00179815 0.0011611 0.00714827 -0.00682163 -0.00557756 -0.00768137 -0.000723362 -0.0043745 0.00395823 0.00179482 0.0012455 -0.00162792 0.00307322 0.00530052 0.00763798 0.000452518 -0.00250673 0.0010767 0.00328827 -0.00607157 -0.00566959 0.00504637 0.00238609 -0.006917 -0.00601006 0.00602436 -0.00106859 -0.0058713 0.00158691 -0.000376701 -0.00398588 -0.00420237 0.00267839 -0.00703812 -0.00766277 0.000245094 -0.00341082 0.00506783 -0.000281811 -0.000353336 0.0008955 0.00194025 0.00123024 -0.00709057 -0.00466871 -0.00569677 0.00184822 0.00662804 -5.67436e-05 0.00264072 0.0031271 -0.00715637 0.00575018
247923 -0.00745967 0.00690604 -0.000405863 -0.000373836 0.000527651 0.00461312 0.00245876 0.00472155 0.0066308 -0.00549417 -0.00385739 0.00328029 -0.00744318 -0.000727212 0.000133755 0.006799 0.00723285 0.00123708 -0.000987299 -0.000269148 0.0069572 0.00183996 0.00298727 0.006165 -0.00510838 -0.00226266 -0.000810884 0.00564264 -0.00739191 0.00222554 -0.00530417 -0.00554409 -0.00614532 -0.00218593 0.000450881 -0.00338481 -0.00464961 -0.00431837 -3.38262e-06 -0.00734155 0.00486217 -0.00593614 0.00306311 -0.00735615 -0.00331531 -0.00447341 -0.00700556 0.00251556 -0.00475152 0.000694755 -0.00690861 0.000795926 -0.00750074 -0.00309198 -0.00115353 0.0031015 0.00387577 0.000807002 0.000306429 0.00306436 -0.000312265 0.00109629 -0.00151054 -0.00761972
120396 0.00223827 0.000970364 0.00551414 0.0046277 0.0059104 0.00675535 -0.00509834 -0.00474739 -0.0041728 0.00578403 -0.0054822 0.00197506 0.00353861 -0.000984192 0.00773287 0.00752401 0.00610971 0.00609255 0.00219393 -0.00389147 -0.00184822 -0.000687122 -0.00485706 0.000111103 -0.00393295 -0.00348949 0.0062561 0.00367737 0.00723171 0.00375509 0.000567913 -0.000397205 0.00464344 0.00660849 -0.00127983 0.00370121 0.00224304 -0.0022769 -0.00727415 -0.00507116 0.00581789 0.00514841 0.00073719 0.00733232 -0.00280046 -0.000247955 -0.00724411 -0.00166798 -0.00771761 0.00549316 0.00515795 0.000667572 0.00245714 -0.0059104 0.00408602 -0.00498533 0.00248003 -0.00281715 0.00308514 -0.00502348 -2.38419e-06 0.00192165 -0.00495958 0.000205994
254868 -0.00273405 0.000550819 0.000679588 -0.00313891 0.0026968 -0.00558628 -0.00330756 0.00491651 -0.00766238 -0.00555074 -0.00518099 0.00770894 -0.00557735 0.00682381 0.00337494 -0.00222102 -0.00632909 -0.00184804 0.00179753 0.00553752 0.00106928 0.000962075 0.00420108 0.000798733 0.000873848 -0.00486109 -0.00219005 0.00305872 -0.00450458 0.00641147 0.00474012 -0.00666195 0.001167 -0.00445949 0.00602832 -0.00556199 -0.00419008 -0.00523512 0.00749975 0.00664346 0.000320327 0.00290881 0.00209177 -0.00622534 -0.00218609 0.00152916 -0.00133316 -0.00299527 -0.00303773 -0.00541385 -0.00263283 -0.00657399 0.00673105 -0.00386192 0.0028284 -0.00138238 -0.00609692 -0.00611978 0.002875 -0.0011762 -0.00297169 0.000184008 0.00317243 -0.00664882
255585 -0.000109824 -0.000188963 -0.000694062 -0.00147782 0.0029287 0.000169524 -0.00769324 -0.00323941 0.00587228 -0.00728098 0.00642422 -0.00521669 -0.00420347 -0.000247391 -0.00212337 0.00221036 -0.00192089 0.000847469 0.00229743 0.00134022 0.00240199 0.00632652 0.00493103 0.000577075 -0.00653228 -0.00743285 0.00472039 0.00743456 -0.00619008 0.000925628 -0.0074191 -0.00163243 0.00182072 0.00171632 0.00144314 0.00272977 -0.000112425 -6.71315e-05 -0.00641408 0.0025771 -0.00597468 2.14804e-05 -0.00299976 0.000554528 -0.00605838 0.00524011 0.00206258 0.0036166 0.00225062 0.00310545 0.00147948 -0.00457243 0.00371106 -0.00134078 -0.00287755 0.00247942 0.005407 0.00169344 -0.00468517 -0.00127871 0.0078037 -0.00178895 0.0044542 0.00623071
241174 -0.00661516 0.000614166 0.00780582 -0.00732994 -0.00480223 0.00223875 0.00513029 0.00426197 0.00676584 -0.00627041 -0.000384331 -0.00776386 -0.00075388 -0.00613832 -0.00574827 0.00634623 -0.00714207 -0.00150204 0.000527382 -0.00407028 -0.00341225 0.00684834 -0.00467443 -0.00033474 -0.00270128 -0.00430584 0.00316238 -0.00308275 -0.000286102 0.00125074 0.00443935 -0.00168753 0.00155258 0.00739574 0.00321388 -0.00776052 -0.000973701 0.00305319 0.00204515 -0.00321293 0.000731945 0.00122118 -0.00134516 0.00569773 0.00452471 0.0074296 0.00197268 -0.000283718 -0.00647497 -0.00426435 -0.00519753 -0.000583649 -0.000396729 0.00505114 -0.00307655 0.00275612 -0.00638914 0.00765562 -0.000379086 0.00219917 -0.00554276 0.00643873 0.00357723 0.00277901
173014 5.67268e-05 -0.00290675 -0.00637388 0.00155379 0.00721703 0.00186081 0.00418763 0.00611822 0.00482835 -0.00160539 -0.000595796 0.00567038 0.00409299 -0.00258564 0.00336531 0.00358769 0.00611564 -0.00110832 0.000768498 -0.00603889 0.00156786 0.00224498 -0.0029079 0.00611853 -0.0035689 0.00343577 -0.0072859 0.00647783 0.00267855 -0.00173062 -0.00569235 0.000188322 0.00316539 0.00294262 0.00597653 -0.00322233 0.00150962 0.0015212 -0.0023744 -0.00484379 -0.00541469 0.0036948 -0.00301586 -0.00448921 -0.00627786 -0.00316946 0.00539896 0.00618262 -0.00514288 0.00777202 -0.00661292 0.00625506 -0.00723637 -0.00479648 0.00414178 0.00370436 0.00160541 0.00710232 -0.00420055 -0.00664046 0.00524594 -0.00416445 -0.0019485 0.00193004
197533 0.00314331 0.00681591 -0.00557089 -0.00733995 -0.00364971 -0.00727606 -0.00270748 0.004498 0.00177193 -0.000134468 0.00737238 0.00156975 0.00189781 -0.00474501 -0.00302887 -0.00485706 -0.00424957 0.00203419 -0.00019598 -0.00780153 -0.00379753 -0.000245094 -0.00729465 0.00452566 -0.00141859 0.00700474 -0.00358248 0.00065136 0.000146866 0.00604057 0.00240231 0.00325203 0.00158787 0.00191402 -0.00333881 -0.00438309 0.00764275 0.000758171 1.43051e-05 -0.00395584 0.00485516 -0.00341511 0.00519037 -0.00499201 -0.00393343 0.00126839 -0.00419903 0.00459003 0.007164 0.00393772 0.00568628 -0.00685549 0.00505686 0.00382757 -0.00255251 0.0015645 0.00177622 0.0028162 0.00302982 -0.00463772 0.00241899 -0.00768614 -0.00732803 -0.00105381
256137 -0.00629139 -0.00738335 -0.00678778 0.0037899 0.00589085 0.00750542 0.000188351 -0.00623941 0.0072403 -0.000914097 0.00160265 0.00117636 0.00764275 -0.00435114 0.00153112 0.00561142 0.00553036 4.00543e-05 0.00207901 -0.00473833 -0.00161409 -0.00117064 0.00373745 0.00289392 0.00359154 0.00538301 -0.00173712 -0.00130272 -0.00266027 -0.000362873 -0.00148487 -0.00107718 -0.000371933 -0.00545454 0.00124407 0.0070138 -0.00568867 -0.00174713 0.00539446 0.00548553 0.00597906 -0.00740623 -0.00246382 0.00588083 0.00700617 -0.00616598 -0.00425959 6.38962e-05 0.00779819 0.00376558 0.00101662 0.0076704 0.00357533 -0.00480652 -0.00550413 0.000484943 0.00571823 0.00554705 0.00135374 -0.00768805 0.00289536 -0.001719 0.000288963 -0.00301695
58368 0.00187111 0.00330162 -0.00358438 0.00244617 -0.00679111 -0.00704527 0.00514603 0.0073204 0.00739908 0.00481462 -0.000711441 0.00225163 -0.00274992 -0.000945091 0.00444078 0.00494289 -0.00668097 -0.00710678 0.00428104 -5.81741e-05 0.00260067 0.00677156 -0.00292158 0.00144339 0.0034976 0.00537968 0.00566196 -0.00356531 0.00728703 -0.00681353 0.00716019 0.0020647 -0.00775957 -0.00553274 0.00663137 -0.00543118 -0.00689507 -0.000640869 0.00213957 0.00612736 -0.00414276 -0.00343943 0.00290442 0.00636673 -0.00144196 0.00233603 0.00432873 0.00550365 -0.00240469 0.0033083 0.00339985 -0.00415564 -0.00547218 0.00395775 0.00514841 -0.00323677 0.0015502 0.00255728 -0.00570917 0.00736952 0.000181198 -0.00728846 -0.00539494 0.00699234
12451 0.00306463 0.00173044 0.00266647 -0.00481129 0.0016098 -0.00261879 -0.00336885 -0.00734329 -0.00376368 0.00237322 -0.005826 -0.00524521 0.00132847 -0.00188112 0.000908852 0.00213957 0.00290871 0.00400066 -0.00472879 -0.00477743 -0.00448847 0.00743866 -0.0056963 -0.00742483 -0.00185251 0.00598717 0.00259256 -0.00250578 0.00395823 -0.00699329 -0.00184345 0.00410223 -0.00217342 0.00750875 0.00754356 0.00781202 -0.0034523 0.00160503 0.00205946 0.00404406 -0.00417757 0.00552559 -0.00449181 -0.0018568 -0.00257492 -0.000111103 -0.00275612 -0.00524426 0.000816822 0.00644112 -0.00220966 0.0052433 0.0075469 -0.00555563 0.000200272 -0.00547981 0.000839233 0.00455761 -0.00683689 -0.00661421 -0.00441122 -0.0063591 0.00403261 0.000867367
52752 -0.00383949 0.0054512 0.00277901 -0.00360727 0.00408459 -0.00121832 -0.00182724 -0.0011878 0.00680256 0.000520229 0.0034399 0.00770855 -0.00419998 -0.00670147 -0.00604391 -0.00160742 0.00778008 0.00208139 0.0029726 -0.00647593 0.00284386 -0.0075016 -0.00644732 0.00775242 -0.00479889 -0.00161314 -0.00352907 -0.00230455 0.000383377 -0.00239849 -0.00399113 0.00427198 -0.00427294 0.000436306 0.00651312 -0.00528955 0.00497437 -0.00529432 -0.00647259 -0.00250483 0.00376797 -0.00690889 0.00424719 0.00632668 0.00687218 -0.00133133 0.00485086 -0.00364637 0.00266171 -0.00639677 -0.00741911 -0.00249386 0.00195217 0.00129128 0.00513363 0.00568724 0.00733805 -0.00117731 0.00147963 0.00477362 -0.00175714 -0.00433207 0.00229549 0.00518847
256213 0.00346609 -0.00706529 -0.00462486 -0.00300096 -0.00294144 -0.00141049 -0.00574505 0.00453097 0.00183292 0.000207147 0.00520115 -0.000156922 -0.00434914 -0.00712403 -0.00557842 0.00269719 0.00484874 -0.00508331 0.000601103 -0.000552014 -0.00436889 -0.00731251 0.000783794 -0.00750178 -0.00549785 -0.00280206 0.00251179 0.000676585 0.00178263 -0.00233025 0.00178443 -0.00600444 0.00434381 -0.00529156 -0.00174566 0.00480139 -0.00471778 0.00744535 0.00398366 -0.00745084 -0.00585889 0.00317063 0.00334266 0.00135214 0.00673609 0.00303051 0.00281121 -0.000229523 -0.00387567 -8.15516e-05 0.00397488 0.00460604 0.00737064 0.00443588 0.00636366 0.00313571 0.00138592 -0.00392896 -0.00068003 -0.005626 -0.00617887 0.00120608 0.00218909 0.00747957
121695 -0.00739144 -0.00260432 0.0025445 -0.00426572 0.000414055 0.00605486 -0.00725072 -0.00368732 -0.00124082 -0.00544991 0.00101579 0.000136667 -0.00757997 -0.00274205 0.00531456 0.000632087 -0.00114307 -0.00190808 0.000503599 -0.00582649 -0.000381746 -0.00033695 -0.00150685 -0.00608599 0.00372296 -0.0063841 -0.00308369 0.00224365 0.00557032 0.00733626 -0.00687934 0.0037664 0.00300661 0.003962 0.000957706 0.00164925 -0.00094301 -0.00173395 0.00616821 0.00309231 -0.00389194 -0.00624583 0.00604521 -0.00730656 0.000261776 -0.00606496 0.00591439 0.00229891 -0.00228064 0.00584362 -0.00651355 0.00376567 -0.00124294 0.00730129 -0.00186497 -0.00119672 0.00230263 -0.000815623 0.00580135 0.000993722 0.00708898 0.00485157 -0.00693487 0.00305955
257480 0.00151524 -0.00273247 0.00723336 -0.00082454 -0.00504879 0.00698639 -0.00624209 -0.000191466 0.0071895 0.00013212 0.000269298 -0.00141935 0.00110839 -0.000824446 0.0062292 0.00119258 0.00231425 0.00378374 0.00714161 -0.00207112 0.00143747 -0.00271618 -0.00735239 0.00437851 0.00707442 0.00219261 -0.00511838 0.00602936 0.00130013 0.00165392 0.00233402 -0.00624863 -0.00547324 0.00279722 -0.00633204 0.00357401 -0.00681274 -0.00401376 -0.00373262 0.00396259 -0.000286471 -0.00688289 0.00221778 -0.0023421 -0.00146452 0.00695565 0.00542552 -0.00662102 0.000375276 -0.000426984 -0.00704589 -0.00428428 0.00574293 0.00544561 -0.00188608 -0.00319868 0.00609311 0.00328738 0.000989155 -0.00691786 -0.00751833 -0.00664218 0.00330004 -0.004908
249684 -0.00221533 -0.00552531 0.000340534 0.00612051 0.000511044 -0.00503966 0.00522958 0.00152824 -0.00234055 -0.00555702 0.0044718 -0.00711195 -0.00241482 -0.00102347 0.000207129 0.00559492 0.00435396 -0.00371402 0.00147482 0.00754379 -0.00438562 -0.00714447 -0.00298403 -0.00715787 -0.00343075 -0.00139852 0.00384823 -0.0077653 0.0020524 -0.00524886 0.00703048 -0.0055584 0.00507929 0.00482455 -0.00543303 0.00539458 -0.00635612 0.00588814 -0.00614107 -0.00663535 0.00286411 0.00614471 0.00514393 -0.00547343 0.00485872 0.00746172 0.000455569 0.00158013 0.00497374 -0.00714467 -0.00485356 0.00460499 0.0033298 0.00220605 0.000476773 -0.00658318 0.000844915 -0.00438992 0.00406148 -0.00618882 0.0060359 -0.00735448 0.00670397 -0.00552047
42841 0.00376844 -0.00115108 -0.00398779 0.00740719 -0.00208521 0.00277996 -0.00412273 -0.00417185 -0.00454044 -0.00587177 0.00745583 0.00438738 -0.00306416 0.00507641 -0.00199509 0.00714874 0.00191927 -0.000852108 0.00385571 -0.00367737 4.29153e-06 0.00147152 0.00186253 -0.00132132 0.00337029 -0.00267792 0.00775433 -0.00425673 -0.00259018 -0.00701284 -0.00731277 -0.00271749 0.00619507 0.00018549 -0.00161886 -0.00584888 -0.00700331 -0.00566864 -0.00474024 -0.0068593 -0.00424385 -0.00149632 0.00460768 0.000531197 -0.00102186 -0.0003438 -0.00208902 0.000723839 0.00444794 0.00518084 0.000639439 -0.000210285 0.00535536 -0.00676155 0.0073967 -0.00718689 -0.00188732 0.00246382 -0.00493479 0.00298357 0.00207424 0.00508547 0.000249386 0.00444412
228730 0.00268745 -0.00342989 0.000767708 0.00185061 0.0070405 -0.00729322 0.00499535 0.00052166 0.00233555 -0.00776577 -0.00493383 -0.000489712 0.00624466 0.00218725 0.00272608 0.00710487 -0.000309944 -0.00344515 -0.00490284 -0.00766516 -0.00650501 -0.000818253 0.00540686 0.00636721 0.00382853 0.00525999 -0.00157547 -0.00325489 0.000386715 -0.00517082 -0.000579357 0.00147629 -0.00714064 0.0026474 0.00763893 -0.00407362 0.00712872 -0.00216007 0.00434399 0.00139618 0.0073657 0.00644445 -0.00168657 -0.0060339 -0.000144005 -0.00411844 -0.00304174 0.0037365 -0.00028944 0.00134277 0.00219345 0.00554037 0.00255156 -0.00249195 -0.00263119 0.00689793 0.00169945 -0.00442553 -0.00687551 -0.00323057 0.0054512 -0.00598574 0.00473881 0.00464106
259955 0.00122881 -0.0025835 -0.00241613 -0.00400352 -0.00694084 -0.00254011 0.00137377 -0.00567389 -0.00333166 0.00536394 -0.00767279 -0.000510693 -0.00635147 -0.00138187 -0.00607538 -0.00117683 -0.00539637 -0.00365305 -0.00460958 0.000187874 -0.00600767 0.00109148 -0.00205708 -0.00727797 -0.00219011 0.00575209 0.0067029 -0.0011282 0.000585556 0.00660372 -0.00295019 -0.0015378 -0.000910282 0.00235939 0.00143576 -0.00224495 -0.00265503 -0.00166225 0.00171137 -0.00698996 -0.00340843 -0.00429821 0.00733089 0.00774527 0.00292206 0.000444889 0.00450182 8.24928e-05 -0.000635624 0.000850677 0.000394344 0.00688171 -0.00675011 -0.00502539 0.00372267 -0.00708055 0.00752163 0.00124359 -0.00605536 0.00619173 0.00182295 -0.00689602 0.00163364 -0.00177479
170860 -0.00173616 0.00331116 -0.00709963 0.00421858 0.00708771 -0.00496292 -0.00708342 -0.00496721 -0.0041151 -0.00460052 0.000794888 0.00209713 -0.00243187 -0.00517321 0.0058732 -0.000881672 0.00701571 -0.00150681 0.00140858 0.0010519 -0.00402832 -0.00113153 -0.00676489 0.00483131 -0.00702572 0.00560474 -0.00686979 -0.00205708 -0.0045886 -0.00443506 -0.00554514 0.00310183 0.00422525 -0.00266171 -0.00207138 -0.00552082 -0.00476933 0.00116491 0.00698376 -0.00250769 -0.00742292 0.00237799 -0.00194025 0.00448322 -0.00418377 -0.00572729 0.00403214 0.00267124 0.00423336 -0.000231266 0.0036335 -0.00329733 -0.000730038 0.00465107 0.00506544 -0.00593948 0.00370884 0.00674582 0.00103617 0.00753832 0.000313759 -0.00304651 -0.00409031 -0.00384808
111192 0.00047728 -0.00726254 0.000965261 0.00182977 -0.00132106 0.00249814 -0.00466088 -0.00300237 -0.00602551 -0.00546157 -0.00141112 -0.00270897 0.00173701 -0.000916756 0.00253152 0.00136842 0.00259517 -0.00484946 0.00201427 -0.000462993 0.00172173 0.0076173 -0.00276437 0.00384648 0.00479163 0.00380857 0.00418345 -0.00240938 0.0057061 -0.000721507 -0.0072941 0.00682087 -0.00458191 -0.00658836 0.00746507 0.00437712 -0.00669141 0.00384863 0.000721559 0.00529297 0.00102953 -0.00773726 0.00721324 0.00148272 0.0052428 -0.00264519 0.00247701 0.000974159 0.00732816 0.00196991 -0.00313656 0.00695465 0.00337045 0.00648631 0.00344019 -0.00118309 0.00182428 0.0071675 -0.005531 0.000536055 0.00223854 -0.00765215 0.000351588 0.00156488
92699 0.00673221 -0.00112327 -0.00301994 0.00320505 0.0033435 -0.00216708 0.000927472 0.00238742 -0.0072674 -0.00407995 0.00287755 -0.00152071 -0.00228838 -0.00379632 0.00254116 0.00675539 0.0016873 0.00191478 -0.00612757 -0.00757997 0.00571798 0.00337794 -0.00754156 0.00560701 -0.00593997 0.00718675 0.000405684 -0.0063649 -0.00237809 0.000628696 0.000690459 -0.00675751 -0.00111441 0.00423059 0.00133407 0.00668383 0.00754098 -0.0038856 0.00255508 -0.000957695 0.00421531 0.0014514 0.00119465 -0.00739136 0.00321887 0.00623707 -0.00105823 -0.00773422 -0.00614272 0.00352121 0.00410988 -0.000717568 -0.0038796 0.00387813 -0.00692346 0.00350114 0.00563725 0.00542165 -0.00661381 -0.0072936 0.00109379 0.00513415 0.00431948 -0.00583443
156320 -0.00752429 0.000199542 -0.00481806 -0.000732876 0.00184191 -0.00188395 -0.0058639 0.00555098 0.00177238 0.000468907 0.00744308 -0.00439859 0.000442458 -0.00549667 0.00111775 -0.0069365 0.00122811 -0.0046792 -0.00289083 -2.29366e-05 -0.00536803 0.00128081 0.000462655 0.002516 0.00747844 -0.000933785 -0.00297492 0.0053194 0.00764864 0.00593078 0.00381912 0.000625656 0.00177652 0.00435525 0.00548097 0.00401096 -0.000794994 0.00671797 -0.00697799 0.000439998 -0.00777146 -0.00424838 0.00108048 -0.00481853 0.000812687 -0.00595001 0.000376207 -0.00270119 0.00368986 -0.00732497 -0.00530378 0.00562506 0.00716142 -0.00762147 0.00728424 -0.00340754 -0.00457229 -0.00344508 -0.00653506 -0.000560301 -0.00180475 0.00648114 0.00495409 -0.00726482
210738 0.00345166 -0.00137003 0.0020092 0.00439228 -0.00154946 -0.00305161 -0.0014994 -0.00696184 0.00728328 0.00134386 -0.0018311 0.00208277 0.00154143 -0.00559289 0.00126178 -0.00731582 0.00592307 0.00658148 -0.00724009 0.00334831 -0.00581284 -0.00702584 0.00379225 -0.00522426 0.00583744 0.00191258 0.00145391 -0.00275019 0.00191833 -0.00194146 -0.00461985 -0.00298657 -0.000943882 0.00743794 0.00684165 0.00686446 -0.000125351 -0.00585436 0.0074032 0.00776082 -0.00581098 -0.00436822 0.00454304 0.00305327 0.00128419 0.00417933 0.00587802 -0.00230507 0.0063953 -0.0032514 -0.00735152 0.00326413 -0.00421947 0.00663831 -0.00659035 0.00565271 0.00625057 -0.000857861 -0.00175956 -0.00301967 0.00263866 0.00661342 0.00724535 -0.00740263
137551 -0.00056134 0.00391278 0.00049735 -0.00607066 0.00521415 -0.00420936 -0.00151798 0.00608712 0.00323035 -0.000529862 8.23522e-05 -0.00777637 0.000276722 0.00418179 -0.0017687 -0.000960558 -0.00290103 -0.00340305 0.000936142 0.00713714 0.00664993 -0.00645236 -0.00724503 0.00607576 0.00464423 -0.000918553 -0.00233812 0.00425226 0.00127341 -0.00103791 0.00769399 0.00500566 -0.00648663 0.00370193 0.000119639 0.00227246 0.00208244 0.00278899 -0.00503356 -0.00421371 0.000184566 -0.00185491 0.0013921 0.00224975 0.000126486 -0.00583988 0.00675021 -0.00139733 -0.00498474 0.0039666 -0.00148456 -0.00711807 0.00728525 -0.00464458 0.000334076 0.00357385 0.0027562 -0.00739853 0.00339753 0.000701186 0.000174549 -0.00772721 -0.00724272 -0.00311504
261088 -0.00502966 0.00233929 -0.00293264 -0.00221645 -0.00485074 0.00386953 0.00204365 -5.3115e-05 0.00703278 0.0036095 -0.000917818 -0.00493639 0.00390612 -0.00698162 -0.00501958 -0.00233812 -0.00488694 -0.00339533 0.00268784 -0.00750454 -0.00473544 -0.00528888 -0.00327444 0.00530952 -0.00413241 -0.00260611 -0.00689916 0.00659033 0.00316652 0.0071562 0.0027772 -0.0072742 -0.00429485 0.00673594 0.00349634 0.000695311 0.00618959 0.00674056 0.00665466 -0.0059418 -0.00750747 -0.00753526 0.0048905 0.00231373 0.000557983 0.00744115 0.0021629 -0.00279745 0.00160781 -0.00516748 0.00511597 -0.00133393 0.000959643 -0.00682004 0.00677019 0.0022942 0.00435607 -0.00446831 -0.00321775 0.00248074 -0.000136192 0.00500001 -0.00234602 0.000930263
214496 -0.00327015 0.00365448 0.00589037 0.00705051 -0.00411558 0.00699186 -0.00649452 0.000260353 -0.00287676 -0.000869751 0.00460243 0.000554562 -0.00387716 0.000513554 0.00240564 -0.00242615 -0.0031805 -0.00124359 0.00255108 -0.00462008 -0.00640535 -0.00410366 0.00606108 0.000551701 -0.00494623 -0.00419521 0.00296307 0.00781012 -0.0028863 -0.00232935 -0.0027523 -0.0016923 -0.00719309 0.00678444 -0.00397778 0.00477982 0.00463438 0.00354719 0.0073061 -0.00692368 -0.00749922 0.00692797 0.00495529 0.00488806 -0.00193405 0.0014205 -0.00109625 -0.00131178 0.00355005 0.00434685 -0.00265551 0.00558281 0.00644159 -0.00431967 -0.000971794 0.00583744 0.00690317 0.00286579 0.0054307 0.00214434 0.00307512 0.000310898 0.00346947 -0.00772047
206959 0.00356388 -0.00585604 0.00227022 0.00471258 -0.00392389 -0.00120735 -0.00346661 -0.00643444 0.00647449 -0.00527287 0.00250626 0.00648737 -0.000275135 -0.00420189 -0.007761 -4.1008e-05 0.00700665 0.00301504 -0.00287914 -0.00314617 -0.0039196 0.00443745 0.00325537 0.00763988 -0.00581217 0.00115681 0.00342369 0.00379801 -0.00380039 0.000295639 6.48499e-05 0.00546408 -0.00458765 0.00186157 -0.00410223 -0.006248 -0.00216103 -0.00147724 0.000992298 0.0066371 -0.00198936 -0.000488758 -0.000841141 0.00385332 -0.00410795 0.00396776 -0.00378323 0.000314713 0.00167704 -0.00255728 -0.000733376 0.00663328 -0.00131369 0.00623322 0.00263977 -0.00500011 -0.0013628 0.00202703 0.00153065 0.00712156 0.00326252 0.00402975 -0.000382423 -0.00251627
112824 0.00654173 -0.000827789 0.000415802 -0.00262308 0.00776768 -0.00367451 -0.0044508 0.00546169 -0.00214863 0.00699472 0.00218725 0.00281096 -0.00154972 0.00279284 0.00657606 -0.00180483 0.00695181 0.00154161 0.0065403 0.00156212 0.005023 0.00417662 -0.00573635 0.00334358 -0.00686789 -0.00319481 -0.00591278 -0.00183535 0.00562954 0.00571156 -0.0033536 0.00559568 0.00629282 -0.00220966 -0.00217104 0.00151491 -0.00607824 0.00483084 -0.000498295 -0.00602674 -0.000858784 -0.00150299 -0.00701237 0.000884533 0.00512218 0.00380516 0.00098896 0.00717688 0.00462294 -0.00642061 -0.004179 0.00248003 0.00732088 0.00479507 0.00401735 0.00511026 0.00670624 0.00367641 -0.00357533 0.00155115 0.00175524 0.00295639 -0.00114727 0.00407076
95036 0.00453424 0.00503683 0.00676584 -0.000582218 0.0039506 -0.0067873 -0.00154257 0.0068655 0.00430393 -0.00218248 0.00520182 0.00292206 -0.000529766 0.00633001 0.00156212 -0.00652695 0.00138521 -0.00569534 -0.00376654 0.00630093 -0.000726223 0.0024085 -0.00715065 0.00350046 -0.000454426 0.00518036 -0.00200462 0.00235415 0.00718451 -0.00320196 -0.00412703 -0.00206041 0.00478697 -0.00741291 0.00434875 0.00728655 -0.0067811 -0.003438 0.00683212 0.000220776 -0.00621223 -0.00688839 -0.000282764 0.00547218 -0.00222778 -0.00251532 -0.00329018 0.000933647 -0.00241423 0.00444555 -0.00460052 0.00163794 0.00729084 -0.00524569 -0.00260735 0.00122595 0.00361395 -0.0049119 -0.0063777 -0.00702953 0.00767708 0.00731373 0.00614977 0.00737095
194344 0.00422183 0.0058552 0.00434562 0.00175888 -0.003331 0.00650317 0.00538257 0.0077763 0.00420341 -0.00062054 0.00528573 -0.00320194 0.00213137 -0.000971616 0.00365218 -0.00521532 0.0028457 0.00471237 0.00192863 3.25643e-05 -0.00325907 -0.0013923 0.0049514 0.000503446 -0.0023542 -0.00595148 -0.00088522 0.00436805 0.00610351 -0.00449474 -0.00117142 0.00518124 -0.00633727 0.00771058 -0.00543196 -0.00189732 0.00386532 0.00249221 0.00356 0.000187722 0.00325736 -0.00398493 -0.00644005 0.00367348 0.000531822 0.00500279 0.00594639 0.002293 0.00482441 0.00267431 -0.0014118 0.00481954 -0.00302338 0.00294622 0.000461413 0.00310904 0.000936034 0.00261818 0.00442099 -0.00328151 0.00671118 0.00388403 0.00306741 -0.00508628
76093 0.00448322 0.00352716 -0.00047493 0.00318623 0.00582218 -0.00140047 -0.00712013 -0.00532484 -0.000673294 0.00484753 0.00401878 -0.00221491 -0.0019803 -0.00294828 0.000254631 0.00335169 0.000449181 0.00148153 0.0046978 -0.00476027 0.00754166 8.53539e-05 -0.00250626 -0.00540829 -0.0048914 0.00139475 0.00489378 3.95775e-05 -0.000269413 0.000315666 -0.00127983 -0.00472546 -0.000836849 -0.00571346 0.00222301 3.8147e-05 -0.00501394 -0.00328207 -0.00636625 0.00780392 -0.00573397 -0.00355005 0.00341702 0.0049696 0.00108051 0.00726366 -0.00347853 -0.00704622 -0.00407839 -6.86646e-05 -0.00186253 0.00488186 -0.00179577 0.00147486 0.00737906 0.00701714 0.00239658 -0.00214338 0.00115347 0.00474358 -0.00762939 0.00290346 -0.00548553 -0.00675154
262677 -0.00364931 0.00782052 0.0066141 -0.00542418 -0.00345363 0.00215125 -0.00759984 -0.00677217 -0.00068892 -0.000496876 -0.00489131 -0.00409431 0.00206213 -0.007042 0.00220351 -0.00311164 0.00672246 -0.0076205 -0.00663234 -0.00353705 0.00270109 0.00631337 0.00765763 -0.00624149 0.0073807 -0.0049773 -0.000731659 -0.00702537 -0.00667767 0.0019582 -0.00335846 0.00658207 -0.00720662 0.00503951 0.00647341 0.000139721 0.00594209 -0.00763729 0.00452955 -0.00216095 0.00368148 0.00708413 0.00350198 -0.00459237 -0.00516645 -0.00699901 0.00665569 -0.00639499 -0.00488867 9.64554e-05 -0.00536528 0.00256186 -0.00627578 0.00156796 0.00463636 0.00149521 0.00396592 0.00721021 -0.00490891 0.00110833 -0.0027988 0.00674999 -0.00664673 0.00558214
95000 -0.00559734 0.00494458 0.000879644 0.00608562 0.00449598 -0.00491579 -0.00377682 0.00563066 0.00593845 0.00783998 -0.00432153 0.00458812 0.00589638 0.0028063 -0.00314343 -0.007755 -0.00487822 -0.00703646 -0.00431325 0.000495069 -0.00773172 -0.0066696 0.00240365 -0.00174273 -0.00476473 -0.00249221 0.00532046 -0.00528195 4.11764e-06 -0.000961001 0.00154519 0.00696939 0.000770973 0.00683536 -0.00590954 -0.00681509 0.00585053 -0.00522692 -0.00666528 -0.00027779 -0.00201489 0.00159644 0.00719325 0.000284346 0.000703237 0.0058203 0.00421538 0.00162288 0.00327833 -0.000613841 -0.00360619 0.00657147 0.00542018 0.00665321 0.00208788 -0.00152848 -0.00611208 0.00242163 0.0054097 -0.00674994 -0.00100112 -0.00559317 0.00470593 -0.00410735
264405 0.00519323 0.00481892 -0.00366354 -0.00289917 -0.00553989 -0.00527382 0.00427532 -0.00516605 -0.00239849 -0.000702381 -0.00025034 -0.00204992 -0.00687313 0.00380564 -0.00489902 -0.00160742 -0.00606871 -0.00439596 0.00112915 -0.00357628 -0.00568151 0.00747824 0.00303221 0.000439167 0.00550365 0.00739527 0.00699711 -0.00694084 -0.00645733 -0.00254154 -0.00125027 0.00363874 -0.00539637 0.00515985 0.00692797 -0.00236273 0.00279188 0.00160742 0.0032196 0.00424385 -0.000824928 -0.00767183 0.00400639 0.00519753 -0.00151777 0.00281572 -0.00392437 0.00619698 -0.00225115 0.0013051 0.00426674 0.00134706 0.000247002 -0.00343847 0.00174236 0.00202417 -0.00101709 -0.00620079 -0.00362968 -0.00313139 -0.000654697 -0.000363827 -0.0060854 -0.00134516
264665 -0.00356867 -0.00643007 -0.000357109 -0.00212701 0.00229291 -0.00558185 -0.00659434 -0.00557346 0.0073189 -0.0014957 -0.00706027 0.00526719 0.00226669 -0.00378826 -7.48252e-05 0.000905349 0.00775522 1.19367e-05 0.00572981 -0.00344309 0.00316551 -0.00641771 -0.00763774 0.000543578 -0.00117844 0.000655903 -0.0038948 -0.000365799 0.00274366 -0.00383716 -0.00277801 -0.00426187 0.000540256 -0.00160772 0.000427985 -0.00747397 -0.0028313 0.00240179 0.00681479 -0.00631834 0.00444162 0.000124212 0.00755445 0.0044338 0.0070879 -0.0034983 -0.00296231 0.00490152 -0.00501669 0.00225772 -0.0048898 -0.00394953 0.000187645 0.00604089 -0.00215056 -0.00711808 0.00775238 0.000305082 0.00296583 0.00352412 0.00708871 0.00126601 -0.00220658 -0.0064279
265329 0.00604343 -0.00336552 -0.00628297 -0.000747229 -0.00692491 -0.00429126 -0.0051364 -0.0013343 -0.00217343 0.00631221 0.000376902 0.000763357 0.0013995 0.00399857 0.00654906 -0.00681243 0.00231382 -0.00154536 -0.00143077 0.00553054 0.00553922 -0.0020198 0.00750529 0.00661907 0.00637786 0.00743974 0.00348232 0.00239414 0.00155729 0.00133906 -0.00200198 0.00595877 0.00571366 -0.00778796 0.000612504 -0.00381448 -0.00287529 -0.00524478 0.000328617 0.00545852 0.0041085 0.00625971 0.00754221 -0.000467823 0.00636207 0.00677103 -0.00163137 0.00275591 0.00365785 0.00599068 0.00083451 0.00680083 0.00361537 -0.00061241 -0.00752023 0.00638712 0.000384802 0.00123103 0.00517819 -0.00257325 -0.00760848 0.00178666 -0.00230491 -0.000633432
68626 0.0016313 0.000263968 0.000659563 2.37871e-05 0.00226499 0.00780291 0.000999786 -0.00585815 0.00222173 0.000259266 -0.00767063 -0.00215143 -0.00228318 -0.00366231 0.00238533 0.00762654 -0.00205859 0.00652388 0.00756702 0.00453969 -0.0041006 -0.00327914 -0.000301193 0.00321171 0.00456278 0.00324915 0.0053082 -0.00282798 0.00298318 -0.00415481 -0.00568752 0.00228355 0.00510211 0.000309854 -0.00561452 0.00349517 0.00295842 -0.000364754 0.00339072 0.00662714 -0.00394058 -4.97095e-05 0.0016143 1.58031e-05 -0.000437783 -0.00110099 -0.000794757 -0.00297826 -0.00670972 -0.0070153 -0.00139185 -0.00478652 0.00103393 -0.00443641 -0.00457515 0.00761291 -0.00372605 -0.000509828 0.0065199 0.00174666 -0.00439553 -0.00423454 -0.00143734 -0.00421625
202844 0.00549183 -0.0014193 0.003475 0.00671776 -0.00496662 0.000959565 -0.0038195 0.00649951 -0.00121149 -0.00308822 -0.00627524 0.00219476 0.00622511 -0.00289682 -0.00174834 0.00641561 0.00719384 0.000686842 0.00593858 -0.00188136 0.00782993 0.00495052 0.00616172 -0.00164923 -0.00687783 0.00279239 0.00119265 0.0032042 -0.00341912 0.00160871 0.00294555 0.00745748 0.00146031 -0.00275246 0.00780489 0.00141441 0.00727802 -0.00107481 -0.00342958 0.00318189 0.00159682 -0.0061166 -0.00471194 0.007595 -0.00226984 -0.00707422 0.00648283 -0.00728034 0.00380779 -0.00161068 0.00462469 -0.00670613 0.00655633 0.00585068 -0.00687799 0.000743906 0.00703095 0.00587594 0.00269454 0.000567365 0.00243902 0.00121641 -0.00240305 0.00162904
266471 0.000906467 -0.00641394 -0.00715351 0.00244808 0.00699091 -6.7234e-05 0.00394678 0.00644112 0.00506783 0.00498772 0.00640535 -0.00430584 0.0027132 0.00695324 -0.00287771 0.00631666 0.00352621 -0.00331593 0.00609016 -0.00115728 0.00445032 -0.00140667 -0.00627613 -0.00767708 -0.00437546 -0.0029726 -0.001472 0.000634193 -0.00451326 0.0015254 0.00140429 0.00488853 0.00539923 -0.00342941 -0.00364923 0.000520229 -0.00536251 -0.0019989 -0.0005126 -0.00643969 0.00315189 -0.00706863 0.00177288 0.000299931 0.00418139 0.000986576 0.00360298 0.00297546 0.00475264 0.00244617 -0.00396729 -0.00619507 -0.00509214 0.00234365 -0.00444221 -0.00249243 0.00492811 0.0073781 -0.0028038 0.00150776 0.00640106 -0.00281906 -0.00030899 -0.00353909
244649 -0.00546503 -0.00508404 -0.00118732 -0.00620079 0.00317621 0.00625706 -0.0067873 0.00418329 -0.000682354 -0.00577545 -0.00744009 -0.000186443 0.00230503 0.0026741 -0.00572157 0.000729561 -0.00047636 0.00216293 -0.0032506 -0.00444603 0.00377607 -0.00712729 -0.000329018 -0.00693226 -0.00399303 0.000803471 -0.00306368 -0.00681639 0.00483704 0.00192356 0.0064702 0.00183725 0.00406122 0.00424337 0.00176907 0.00336838 0.00457191 -0.00563717 -0.00729752 -0.000725746 0.00624037 -0.00590658 -0.00468016 -0.0043335 -0.00128603 -0.00379658 -0.00239754 0.00143623 0.0047884 -0.00636625 0.00464964 -0.00241518 -0.00405931 -0.00376129 0.00461054 0.00222254 0.00180149 -0.00060606 0.00136089 0.00419092 -0.00684357 0.0016489 0.00210047 -0.000806332
266692 0.000878334 0.004529 -0.00349617 -0.00486326 0.00350618 -0.00210238 0.00309467 0.00180912 -0.0010004 0.00461912 0.000724792 -0.00338745 -0.00349855 0.000430584 -0.00728655 0.00646544 -0.000102997 0.00151253 0.00589037 0.000718594 0.000251293 -0.00495672 0.00648165 0.000829697 0.00202847 0.00522089 0.00382805 -0.0077405 0.00643444 0.00129795 -0.00425148 -0.00253201 -0.00758743 0.00260496 -0.00470352 0.00483561 0.00612402 -0.00664043 -0.00416327 0.00302553 -0.00679922 0.00223732 0.00481939 0.00310612 0.000226021 0.00638008 0.00318146 0.00107384 0.00472879 -0.000815392 0.00762415 -0.00252628 0.00014925 0.00655556 -0.0010519 -0.00449324 0.00130749 0.000336647 0.00306749 0.000567913 0.003088 -0.00639629 -0.00586081 0.00510979
105444 -0.00463057 0.000909328 0.000172615 -0.00260258 0.00441074 0.0075388 0.00243425 -0.00632715 -0.00189781 0.00586653 -0.0066061 0.00730038 0.000286102 -0.00713158 0.00326157 0.0012784 0.00156403 0.00251484 0.00674915 0.00331974 -0.00383568 0.00458717 0.00448179 -0.00761557 -0.0020895 -0.00635147 0.00318098 0.00149393 0.00549746 0.00596666 0.00155687 -0.00116968 0.00448036 -0.00251484 0.00290346 0.00757694 0.007442 -0.00748062 0.00507641 -0.00473785 0.000989437 -0.00122213 0.00448418 -0.00695229 0.00416994 0.00463104 -0.0039835 0.00698423 -0.00241423 0.00734949 0.0055356 -0.00582647 0.0059166 -0.0023818 -0.00376081 -0.00289488 -0.000613213 0.00529385 -0.00198555 0.00598955 0.00625849 0.00670576 0.00421906 0.0017271
266737 -0.00748192 0.00161577 0.000635101 -0.000664605 -0.00549916 -0.00244137 -0.000864268 -0.00242525 -0.00157023 0.00672878 0.003371 -0.00160206 0.00520966 -0.00392493 -0.0022933 0.00197822 -0.00635899 0.00513331 -0.00401437 0.000148247 0.00161787 -0.00245605 0.00743668 -0.000793583 0.00694436 0.00414512 0.00239767 0.00106587 -0.00057011 -0.00119394 0.00152342 0.00514136 0.00398479 0.0025264 -0.00412843 0.00643081 -0.00676104 -0.00282598 -0.00683902 0.00548403 -0.00376753 0.00420355 0.00759006 0.0062176 -0.00182594 0.00312637 0.00647018 0.000836561 -0.000202474 -0.0014194 0.00677033 -0.0037981 0.00381868 0.00406644 0.00633118 0.00332997 -0.000192558 0.00153465 0.00533591 -0.00326745 -0.00383265 0.0042882 0.00606444 -5.48787e-07
67263 -0.00103155 0.000707276 -0.00347391 0.00750756 0.00145822 0.000596 -0.0067017 -0.00777195 -0.00603224 -0.00749228 -0.00683619 0.00674002 -0.00501033 0.00268761 0.00247521 0.00196375 0.00426712 0.00154529 -0.00625089 -0.0041718 0.00325174 0.00464295 0.00566664 -0.00197561 -0.00229256 0.00443928 0.00111994 -0.00535043 -0.00653246 0.0017596 -0.00327478 -0.00774044 -0.00632917 -0.00768912 0.00014608 0.00406729 0.00290129 0.00488098 0.0031789 -0.00710777 0.000293387 -0.000104255 0.00399337 -0.00253461 -0.00663644 0.00625945 -0.00538115 0.00334047 0.00440185 -0.00766253 -0.00371672 0.0042533 -0.00778605 0.00584049 5.44442e-05 0.00263987 -0.00152531 -0.000221195 0.00510402 0.00379684 0.00538196 0.0044274 -0.00315161 0.00307566
269203 -0.00199747 0.000195503 -0.00575542 0.00501776 -0.00169611 -0.00525427 -0.00719881 -0.00457954 0.00212574 0.0032506 -0.00444841 -0.00114059 -0.00754929 -0.00246525 0.00498295 0.00239038 0.00693989 0.00731945 -0.00332022 0.00276041 -0.00439596 0.0019536 -0.00268555 0.0047574 -0.00649166 0.00135517 0.0067296 -0.00634813 0.000601292 -0.00228167 -0.00396633 0.00623846 -0.00018549 -0.00391626 0.00271749 -0.00469255 0.00553417 0.00531912 -0.00778627 0.00267506 -0.00454235 0.00636435 0.00690794 0.0074811 -0.00706244 -0.00509357 0.00639772 -0.00386763 -0.00341749 0.000346661 -0.00187016 -0.00440598 -0.00704193 0.00634527 0.00284481 0.00704479 -0.000833511 0.00292683 0.000825882 0.00346279 -0.00386238 0.00169468 -0.00286436 0.00628471
269204 -0.00370655 -0.00587786 -0.00753768 -0.00154086 -0.00294912 -0.00301682 -0.00223891 0.0015273 0.00129 -0.00700423 0.00430004 -0.00404789 -0.00306786 0.00452593 0.000444679 -0.00333948 -0.00141658 -0.000996917 -0.00635504 -0.00568626 -0.00346892 0.00455025 0.00395545 -0.00387916 -0.00581736 -0.00612575 0.00321066 0.00171028 -0.00516323 -0.00701765 0.000521412 0.00727301 -0.00610686 0.00407409 -0.00177957 -0.00155445 -0.00635323 -0.0039637 0.0033505 -0.00604315 0.00300441 0.00501417 0.00623522 0.00671586 -0.00760943 0.00472036 0.00190773 -2.40738e-05 0.000594027 -0.00477643 -0.00278541 0.00218125 0.00441091 0.00114089 0.00114746 0.00497287 -0.0021727 0.006056 0.0038259 -0.00455942 0.00101071 -0.00150407 0.00412293 -0.00285801
263633 -0.00728414 5.28792e-05 -0.00239684 0.002191 0.00195378 0.000952311 0.00045058 -0.00291514 -0.00674949 0.00176277 0.00533536 -0.00420806 -1.89477e-05 -0.00713771 0.00750408 0.00158402 -0.000453063 0.00780878 -0.00305409 -0.0014673 0.00052601 0.00411319 -0.00752269 0.00359737 0.00739345 0.00443356 -0.00201775 -0.000976296 0.00481486 0.00168603 0.00343941 -0.00540267 0.00214049 -0.00133464 0.0048439 -0.00730666 -0.0011713 -0.00200571 -0.00629111 -0.0037224 0.00522479 0.000697274 -0.000398816 0.00465453 -0.00502568 0.000984662 -0.0041257 -0.00349149 0.00164296 0.0042826 0.00194988 0.00127812 0.00152315 -0.00638002 0.00481512 -0.00724824 -0.00179106 -0.00355494 0.00198924 0.00290414 -0.00212916 0.00506285 0.00714864 0.00223056
220262 -0.00605583 -0.00352097 -0.00732899 0.00715113 -0.00617313 -0.00753212 0.000956059 0.00768566 0.00325346 -0.000753403 -0.00759888 0.00397062 0.000967026 0.00206137 0.00573635 -0.00508785 0.00674629 -0.00535107 -0.00455618 0.00439692 -0.00574398 0.000123024 8.4877e-05 0.0039587 0.00173664 0.000768661 0.00627518 0.00484753 0.0045104 -0.00109482 0.00586128 0.00651407 -0.00392818 0.00130844 0.00168324 -0.00366545 -0.00202179 -0.00690365 0.0063405 8.29697e-05 -0.00779724 0.00607681 -0.00752687 0.00298119 -0.00385141 0.00370407 -0.00477362 0.00645971 -0.00725985 0.000145435 -0.00271606 -0.00642014 -0.00169945 -0.00501442 0.000269413 0.00575113 -0.00375891 0.000430584 0.00663805 -0.00567579 0.00365734 -0.00744629 0.00337362 -0.00655937
148392 -0.00114393 0.000941277 -0.000273228 -0.00353575 -0.00747299 -0.00360155 0.00718641 0.00425768 0.00183964 -0.00579453 -0.00169706 0.00262976 0.00705242 0.00133514 -0.0018301 -0.00653934 -0.00633574 0.00636482 0.00143671 -0.00691891 0.00344419 -0.000125885 -0.0063386 -0.00257778 0.000497341 0.00531483 0.00425053 -0.000624657 0.0069499 -0.00124025 0.00103998 -0.00461578 0.00191212 -0.00560284 0.00689363 0.00420952 0.00705576 0.00230789 -0.00162268 0.00363493 -0.00691795 -0.00524282 -0.00187731 -0.00444174 -0.000825882 -0.00620842 -0.00092411 -0.00414228 0.00595903 -0.00549698 0.00724173 0.00323343 0.000940323 -0.00700474 -0.00263643 -0.00659657 -0.00431156 0.00528622 0.00565481 -0.00713301 -0.00375748 0.00244427 -0.00222731 -0.00264311
28461 -0.00148961 0.00755013 0.00178665 -0.00768317 -0.00550689 -0.00144333 0.00362071 -0.00321768 -0.00136934 0.00321781 0.00116496 -0.00264944 0.00197644 -0.00105516 -0.00436788 0.0062321 0.00410785 0.00386701 0.00378809 0.000439766 -0.000873598 0.00285824 -0.00520695 0.00764404 0.00353287 0.00143539 0.00713157 0.00187792 0.00173511 0.00757305 0.00566049 -0.000497705 0.00680861 -0.000619957 -0.000425705 0.00334391 0.00296088 0.00753004 -0.00275307 -0.00261916 -0.00207053 -0.00497223 0.00638144 -0.000304404 -0.000502147 0.006858 -0.00127432 0.00105398 0.00305895 0.00687582 0.00114914 -0.000314727 -0.00781155 -0.00115248 -0.00185585 0.00670496 -0.00750845 0.00610719 -0.00526685 -0.00173178 -0.00745117 0.00588688 0.0031335 0.00150597
136120 0.00740271 0.00259685 0.00524583 -0.00654734 0.00394957 -0.00744896 -0.00187162 0.00303998 -0.00459524 0.00377973 0.0025382 0.00154985 -0.00710093 -0.00462572 0.00114887 0.0031633 -0.00412295 0.00273479 -0.000840575 0.0076623 0.00702331 0.000716836 0.00159117 0.00356915 0.00286093 -0.00404601 0.00671197 -0.00748986 0.00187742 -0.00741868 -0.00261668 0.00248474 0.00573097 -0.00133015 -0.00212691 0.00421218 0.00165082 -0.00152114 0.00696683 -0.00480271 0.00466618 -0.00387803 -0.000704831 -0.00637637 0.000404551 -0.00740459 -0.0066984 0.00370289 0.000476343 0.00201173 0.00301262 0.00709126 -0.00611704 0.000311469 -0.00314339 -0.0049255 0.00601503 0.00577689 -0.00697165 0.00240806 0.00173649 -0.0024906 -0.00682818 0.001191
65248 0.000955198 -0.00415693 -0.00684739 0.00642765 0.00171763 -0.00454347 0.00645986 0.00175756 0.0017923 -0.00320495 -0.0038552 0.00517286 -0.00519026 -0.00114282 -0.00568479 -0.00673254 -0.00279703 -0.00485266 0.00767682 0.00369464 -0.00178753 -0.00705045 0.00443404 -0.00676471 -0.00165927 0.00347493 0.00264112 0.00620177 -0.00300273 0.0070356 -0.00714949 -0.00423206 0.0014598 -0.0019356 -0.00348028 -0.00615403 -0.00437217 0.00394737 -0.00756685 0.00318472 0.00337503 -0.00492629 -0.00207114 -0.00535137 -0.00267257 0.00224553 0.0053416 -0.00672464 0.00690435 -0.000506502 -0.00216551 -0.00513182 0.00443401 -0.00704005 -0.00450534 -0.00606697 0.00097546 -0.000605673 -0.00379503 0.00504912 -0.00614656 -0.00468134 -0.00366618 -0.000420955
85114 -0.00633954 0.00482285 0.00317496 -0.00122842 0.00766458 0.000903855 0.00523165 -0.0048763 0.00399969 0.00679199 -0.000789083 0.00596972 -0.000702404 -0.00574758 -0.00624926 -0.00664444 -0.00282846 -0.00331368 -0.00523799 0.000978331 -0.00163251 0.00246896 0.00136886 -0.00750082 -0.00239123 -0.000479163 0.00224888 0.00749313 8.40881e-05 0.00246836 0.0010115 -0.00579277 0.00456765 -0.00440521 -0.00194735 -0.00166089 0.000932979 -0.00199547 0.00456288 0.00395173 0.00755258 -0.00329428 -5.21763e-05 -0.00337522 -0.00645114 0.00107822 0.00270251 -0.00171443 0.00746016 -0.00467325 -0.006065 0.00282328 -0.00129644 -0.00420786 0.00399614 -0.000494838 -0.0032635 0.00546876 0.00778971 -0.00192567 -0.0063652 -0.00609957 0.00191042 0.00762055
237151 -0.00775766 -0.0076313 0.0027113 -0.00736046 0.00258064 -0.00532341 -0.00541925 -0.00690842 -0.00403357 0.00330734 0.00545597 -0.00606251 0.00565052 0.00544786 -0.00530624 -0.00321102 -0.00729942 -0.000476837 -0.00384378 0.0041275 -0.00580072 -0.0024724 -0.00154829 -0.0062685 0.000540257 -0.00123692 0.00519753 2.38419e-06 0.00078249 0.000899792 0.00723743 0.00483274 0.00221729 -0.00291014 -0.00280857 0.00471067 -0.00563622 -0.00619698 -0.00736237 0.00357962 0.00729418 -0.00188398 -0.00481939 0.00126791 0.000125885 -0.00650835 -0.00766802 -0.00736666 -0.00478315 -0.0065856 0.00758076 0.000367165 0.00639105 0.00441504 -0.00691462 0.000346661 0.00485706 0.0034709 -0.00777006 -0.0031395 0.00240421 -0.00430298 0.00710726 -0.00278807
152226 -0.00446892 0.00731087 -0.00182581 0.00241375 0.00634527 0.00166035 -0.00198841 -0.00215483 -0.00486565 -0.00482655 0.000810146 -0.00191784 0.00545549 0.00164843 0.000143051 0.00477791 0.0041337 0.0036068 -0.00710917 -0.00569391 -0.00422812 0.00101852 -0.00623989 -0.00283813 -0.000833988 -0.00764132 0.00326109 -0.00479126 -0.00353193 0.000808716 0.00482702 -0.00434875 0.00500107 0.000567436 -0.00354481 0.00780916 0.00755978 -0.00330114 0.00753975 0.000329494 0.000484943 0.00412035 -0.00309467 0.00241184 0.00471354 0.00726986 0.00458908 0.00480795 0.00221968 0.0054388 0.000254631 -0.00395727 0.00242233 0.0065608 0.0039053 -0.00725174 -0.00214767 -0.00369215 -8.96454e-05 -0.00669575 -0.00196838 -0.00470352 0.00126266 -0.00507164
142656 -0.00540257 -0.00312519 0.00382566 0.00340605 -0.00024128 0.0076623 -6.19888e-06 0.00373411 -0.00450659 -0.00104952 -0.0053544 -0.00726128 -0.00193548 0.00675106 0.0053153 -0.00493145 -0.00285387 0.00110388 0.00508642 0.00737333 0.00538826 -0.00319338 -0.00674105 -0.00481129 -0.00667095 -0.00507259 -0.00395584 -0.00327158 -0.00763416 -0.00711107 -0.00516176 0.00495768 6.77109e-05 -0.00377083 0.00619745 -0.00533581 0.00178337 0.00421286 -0.00142145 0.000273705 -0.00716352 -0.00385952 -0.00504065 0.00174379 0.00276184 -9.44138e-05 -0.000474453 -0.00695658 0.00586176 0.00402498 0.0037961 0.00616837 0.000805378 -0.00218582 0.0072422 -0.00354576 0.00291014 -0.0053153 -0.00472403 0.00276041 -0.0025425 -0.0048914 -0.00283766 0.00391531
228390 0.00392982 -0.00575865 -0.00511793 -0.00565422 0.00269699 0.00629609 -0.00718174 -0.00269659 -0.00116648 0.00778417 0.0041428 0.00692279 0.00626488 0.00556651 -0.00238304 0.000102385 0.00772151 0.00763201 -0.00183141 -0.00675386 0.00188395 0.00780625 -0.00493505 0.00365353 0.00630676 -0.0023382 0.00660044 0.000405256 0.00150775 0.00690266 0.00179328 0.000745005 -0.0019878 -0.00228628 -0.00229278 0.00699412 -0.0070005 0.00606175 0.00100156 0.00166965 -0.00213807 -0.00535172 0.00259306 -0.0068896 -0.00247659 -0.000790154 0.00751489 0.00149609 0.00697695 0.000869297 -0.00465633 -0.00761021 0.00773976 -0.0028063 -0.00264624 0.00778406 -0.00745519 0.00151425 -0.00256064 0.00149427 -0.00582427 0.00534715 -0.000202587 0.00389434
240820 -0.00100954 -0.00651363 0.00113688 -0.00251724 -0.00405812 -0.000979471 0.00779424 0.00415142 -0.000831069 0.00696066 0.0074189 -0.000627634 -0.00181123 0.00644355 0.00348591 -0.00237526 0.00152035 -0.000346152 -0.00777569 0.00342501 0.0032206 0.00226275 0.00519339 -0.00068063 0.00672538 -0.000475261 0.00324486 -0.00583387 -0.0021416 0.00226437 -0.00454698 0.00566849 0.00160356 -0.00476332 -0.0030688 0.000574582 0.00497193 -0.000237862 -0.00463315 -0.00503171 0.00566602 -0.00328766 -0.00590528 -0.00612817 0.000116936 -0.00611326 0.004206 0.00402582 -0.00146156 -0.000180334 0.00673335 0.00226834 0.00597188 0.000256862 0.00745459 -0.000425716 -0.00607919 -0.00377817 0.00216512 0.00492227 0.00513428 -0.002804 0.00628109 -0.00203767
142031 -0.00576782 -0.00341511 -0.00213528 -0.00413036 -0.000622749 -0.00493908 0.00597954 -0.00481176 -0.00171947 0.00526571 0.00604057 -0.000929356 -0.00338125 -0.0058856 -0.00530529 0.00446463 -0.00110197 -0.00717163 -0.000392437 0.00342131 0.00382471 0.00307751 0.00608969 -0.0019536 0.00220203 0.00733852 -0.00656605 0.00516987 -0.00554562 -0.0068593 0.000394344 0.00336218 0.00580072 0.00242376 0.00643682 0.00150871 0.00679159 0.00630951 0.00130463 -0.00593328 -0.00151062 0.00713396 -0.00171089 -0.0021615 -0.00186777 -0.00383663 0.00436974 -0.00210857 -0.00294638 -0.00302649 -0.000514507 -0.00254822 0.00170565 -0.00521469 0.000612736 -0.000588417 -0.00481796 -0.00264215 -0.00273132 0.00488997 -0.00741863 -0.00350857 0.00601101 -0.00288105
188832 -0.0036335 -0.00238895 -0.000712872 -0.00390148 -0.00619268 -0.00414467 0.00308466 -0.00396681 0.00578213 0.00364447 -0.0062604 -0.00399923 0.000909805 -0.00747013 -0.00227928 -0.00163603 -0.00322056 -0.00507879 -0.006495 -0.00212812 0.00600386 -0.00588465 0.0037322 -0.00778008 -0.00738764 0.00447845 -0.00762081 0.00575781 -0.00348949 0.00145149 0.00202274 0.000865459 -0.00222874 -0.00613737 0.00529718 -0.00318336 0.00660896 0.00757837 -0.000632286 0.00501966 -0.00232124 0.00736666 0.00503826 0.00670671 0.0026741 -0.00525427 -0.000704288 0.00383425 -0.00450611 -0.00381136 0.00542021 -0.00572872 -0.00667667 0.00759506 -0.00553656 -0.00421476 -0.00772381 1.04904e-05 -0.00590324 0.00114679 0.00469637 0.00563765 -0.00386715 0.00449562
252509 0.00426205 -0.00150367 -0.00378283 -0.003082 -0.000902961 -0.00497057 0.00701491 -0.00677416 -0.00777418 -0.0047755 0.00332625 0.00355447 0.00261002 0.00213441 -4.83868e-05 -0.00385696 -0.000109168 0.00589675 0.00185243 -0.000812786 0.00423561 -0.00170234 -0.00373948 -0.00231664 0.00123549 -0.00225285 0.0074971 0.0073801 0.00143179 -0.00554262 -0.00640025 -0.00258298 0.00372394 -0.0011836 -0.00394752 -0.00303273 0.00475554 -0.00670804 -0.00644454 -0.00515608 0.00112218 0.00225519 -0.00362912 -0.00127692 0.00138189 0.00181758 0.00372601 0.00350798 -0.00530331 -0.00646835 0.00168228 0.00123906 0.00264277 -0.00479848 -0.00113563 0.000627179 0.00457553 0.00707594 -0.0038397 0.00122825 0.00373314 0.00361461 -0.00275158 -0.000201584
183676 -0.0066521 -0.00663527 0.00291462 0.00488705 -0.00395886 -0.00598501 0.00223122 -0.00325718 -0.00153467 -0.00341233 -0.00270519 -0.00392135 0.00109105 -4.75443e-05 -0.00340372 0.00679302 0.00515576 0.00228923 -0.00211154 -0.00365431 0.000811253 -0.000526162 0.00525135 0.00685028 -0.00333059 0.00175253 0.00714401 -0.00195582 -0.0011821 -0.00590069 0.00744415 6.88231e-05 -0.00481816 0.0074908 0.00467043 0.00460736 -0.00622422 -0.00777404 -0.00431435 0.000863361 -0.00109236 0.00446126 -0.00663431 0.00679617 0.00531411 0.00612187 -0.00666446 0.00200375 0.00329338 -0.00712121 0.00447075 0.00342106 -0.00319906 5.54983e-05 0.000233035 0.00241894 -0.00322791 -0.00198351 -0.000828233 0.00485612 0.00661845 -0.00717086 0.00651553 0.00179123
273232 -0.00625763 -0.000303267 -0.0054528 0.00311006 0.00454594 0.00202469 -0.00334726 -0.00686435 -0.0049232 0.000873379 -0.00718415 0.00258148 0.00350867 0.00205802 0.00631422 0.000273626 0.00167909 -0.000302568 -0.00611694 0.00178485 0.00579949 0.00495787 -0.0024312 0.00428225 0.00218345 0.00770864 -0.00126678 0.0048348 0.00168689 -0.00112761 0.00557048 -0.00757827 -0.0016354 0.0023118 0.00239967 -0.00104117 0.00521603 -0.00592969 -0.00586537 0.0057027 0.00451337 0.00321751 -0.00629112 -0.00641891 0.00215184 0.00418575 -0.00149758 -0.00336341 0.00648081 0.005939 0.00655237 -0.00624645 -0.00241548 -0.00574395 -0.00717003 -0.00249299 0.0039051 0.00702437 0.00661748 0.00394932 0.00686446 -0.000873238 -0.00232048 0.00581667
267353 -0.00350757 -0.00389062 0.0010272 -0.0018164 0.00534077 0.00496284 0.00596035 -0.00766824 0.0072903 -0.00666978 -0.000703523 -0.00263244 -0.00640587 0.00111582 -0.00698432 0.0012022 0.00195666 0.00590896 -0.00557778 0.00448477 0.00593133 -0.00144734 -0.00518996 -0.00199157 0.00202934 -0.00110138 -0.00249442 7.32157e-05 -0.000349588 -0.000503811 0.00464861 -0.00282744 0.000412207 0.00463755 -0.000312823 -0.00165021 0.000359148 -0.00353068 0.000674755 -0.000158403 -0.00747165 -0.00446827 0.00277627 0.00758137 0.00292364 0.000438341 -0.00511721 -0.00757923 -0.00272265 0.0052681 -0.00705773 0.00410836 0.00345153 0.00472061 -0.00571397 0.00559295 0.00618738 -0.00221116 -0.00147357 -0.00175624 0.00581127 -0.00631244 -0.000900469 -0.000632022
273448 0.000495911 2.90871e-05 -0.00248766 0.00446701 0.00274134 -0.00363255 0.00683212 -0.00344181 0.00563526 -0.00155878 0.00262213 -0.00611019 -0.0058341 -0.00243235 0.00664949 -0.00486231 -0.00481653 0.00524235 -0.00392342 0.00122118 -0.00438309 0.00322628 -0.00487137 0.00389004 0.00385189 -0.00214958 -0.00478411 -0.00472641 0.00573015 -0.00554609 -0.00204134 -0.00209236 -0.00367785 -0.00305986 -0.00103188 -0.00243664 -0.00480652 0.00461817 0.00370979 -0.00286007 0.00756168 0.00192881 0.00268126 -0.00417995 -0.0046916 0.0069828 -0.00277948 0.00237083 0.00775528 0.00263405 0.00318956 -0.00382566 0.00491047 0.00351048 -0.00115919 0.00736284 0.0074687 0.00460339 -0.00588703 -0.00473547 -0.00309753 0.00234079 0.000164509 -0.00657511
269637 -0.00320387 0.00561523 -0.00173283 -0.00273561 -0.00685835 -0.0066824 -0.000632763 0.000153065 -0.000258446 0.00147867 -0.00344133 -0.0022912 0.00456619 -0.000315666 -0.00446892 0.00671673 -0.00616264 0.00550175 0.00336027 -0.00338268 -0.00719547 0.00282621 0.00445127 -0.00130749 0.00749445 0.00351 0.00712776 -0.00596189 -0.00610828 0.00568819 0.00218105 0.00169277 0.00446177 0.000659943 -0.00500536 -0.000736237 -0.00215244 0.000486851 -0.000568867 0.00367117 -0.00710201 0.00379944 -0.00114727 0.00684643 0.00599051 -0.00303173 -0.00316858 0.000267982 -0.000325203 0.00187731 0.00667143 0.00190449 0.000356197 0.00184107 -0.0070715 0.00695896 0.00366497 0.00689459 0.00467062 -0.00526714 -0.00289392 -0.00374794 -0.00196171 0.00674772
273813 -0.000109196 -0.000840664 -0.00589561 0.0065794 -0.00358534 0.00506449 0.00708628 0.00527906 0.00703192 -0.00441694 -0.00171614 0.00659704 0.000720978 -0.00769901 -0.00606871 0.00587749 0.00266552 0.00665045 -0.00267363 0.00309086 0.00758791 0.00464106 0.00529957 -0.00174665 0.00499487 0.00706434 -0.0062294 -0.00781202 -0.00720644 0.000457287 -0.00505066 0.00776148 0.00418234 -0.00181913 0.00592422 -0.00169802 -0.00696564 0.00503254 0.00745201 0.00207472 -0.00670481 0.00599909 0.0045681 0.00327396 0.006989 -0.00180912 -0.0071764 -0.000963688 0.00511026 -0.000935078 -0.00385094 -0.00144482 -0.00401258 0.00310421 0.00202465 0.000678539 -0.0014739 0.00755453 0.00245571 0.00419092 -8.29697e-05 0.00127125 -0.00231314 0.00341749
274460 0.00083828 0.0060215 -0.000724316 0.00772285 -0.00663519 0.00179148 -0.00116968 0.00629139 0.00586891 -0.00267506 0.00154209 -0.00511026 -0.00238562 -0.000686169 -0.00294018 0.00162172 0.00296068 0.000845909 -0.0019145 -0.00599909 -0.00461912 -0.00747299 0.00362349 -0.00502539 -0.00379801 0.00750685 0.00162268 -0.0066452 0.00765467 0.000703335 -0.00704336 0.00753736 -0.00173855 -0.00466681 -0.00477219 -0.0026679 0.00452757 0.000159264 -0.00729179 -0.00157595 -0.00116491 0.00556707 -0.00596046 0.00240564 -0.00624275 -0.000610828 0.00774956 0.00377274 0.00144768 -0.00192642 0.0034523 0.00245428 0.00581121 0.00287437 -0.00307655 -0.00735807 0.00361872 0.00166845 -0.00120926 0.0077405 0.00664854 0.00418282 -0.00372696 0.00220251
168650 -0.00150091 -0.00312945 0.00459327 -0.00055496 0.00386044 -0.00725873 -0.00186445 0.00536607 -0.00195148 -0.00015482 -0.00774457 0.00722711 0.0024186 0.00555502 -0.00767806 -0.0048632 -0.000546051 0.00368226 0.00229369 -0.00261619 -0.00246219 0.00502844 -0.00243438 0.00468907 0.00439887 -0.00398556 0.00684593 -0.00664266 0.00462973 0.00492894 0.00509106 0.000264865 -0.00271013 0.0057611 -0.00331473 0.00681758 0.00140566 0.00683138 0.0060714 0.00659738 0.00740257 0.00736294 -0.00382229 -0.00189406 0.000810434 -0.00288972 -0.00614814 -0.00386498 0.00513277 -0.00504007 0.00571469 0.00649691 0.00477456 0.00453881 0.00310427 -0.00521673 0.0070779 0.00776877 -0.00281695 -0.00270548 -0.00483199 -0.00041624 -0.0012275 -0.00156125
129369 -0.000416653 -0.00293572 -0.0069305 0.00392106 -0.00692952 -0.00501891 0.00507903 -0.00317841 -0.00680552 0.0040587 -0.0045568 0.00234295 -0.00113875 0.00366691 0.00614899 -0.00456901 0.00467547 0.00731167 -0.00113855 0.00223289 0.000713166 -0.00523548 -0.00693321 0.004193 -0.00180882 0.00284636 -0.00656971 -0.00416886 0.00456245 0.00382975 0.00115344 -0.00703082 0.00404228 0.00403697 0.00502915 -0.00181372 0.00744405 0.00694615 -0.00315404 0.00142849 -0.00652654 -0.00721742 0.000783072 0.00767216 -0.00765283 -0.00428693 0.00492657 -0.00315074 -0.00643871 -0.00638669 0.00352765 -0.00425923 0.00687859 0.00368703 0.00698715 -0.00439977 0.00483333 0.00530882 -0.0066717 0.00381815 -0.00194788 0.00551636 0.00234129 -0.00474617
272129 0.00294256 -0.00707102 0.00237226 0.00430202 -0.00348663 0.00213671 -0.00368166 -0.00150347 -0.00689459 0.00315142 -0.00298452 -0.00639677 -0.00587082 -0.00588465 -0.00528955 0.00369692 0.00776243 -0.00390482 4.72069e-05 0.00536442 -0.000607967 0.000239372 0.00389814 -0.00633049 0.000845909 0.00352907 2.86102e-05 -0.00341129 0.00486517 -0.0040884 0.00565577 0.000543594 -0.00214195 0.00380087 0.00714874 -0.00251102 0.00738955 0.00586414 0.000302792 -0.00318623 0.00181532 -0.00205564 0.00555706 -0.00624895 0.00289631 0.00741863 -0.00678396 0.00319195 -0.00119829 0.00571585 0.00530052 -0.00565624 0.00270367 0.00366735 0.00282288 0.00700092 0.000633717 -0.00283051 0.0063777 0.00362539 -0.00682831 0.000949383 -0.0036664 0.00361919
100001 -0.00036186 -0.00584633 -9.86054e-05 0.00712059 -0.00503586 -1.12519e-06 0.00321778 0.00472131 0.00737097 -0.00197091 0.00635079 0.00224873 0.00317727 0.000782849 8.47713e-05 -0.00232288 0.00559891 -0.00658199 -0.00529757 -0.0042846 -0.00413915 0.00536162 0.00477249 -0.00320426 -0.00339544 -0.00291669 -0.00499798 -0.000732676 -0.00487047 0.00311372 0.00405469 -0.00124437 -0.00284642 -0.00472978 -0.00222782 0.00741814 -0.00629108 0.00109173 -0.00302174 -0.00120425 0.00686029 0.004268 0.000312747 0.00486226 -0.0033485 0.00528386 -0.00310346 0.00464668 -0.0017687 0.00388097 -0.00405888 0.00301899 0.00625637 9.16003e-05 -0.00736373 0.0018818 0.00606508 -0.00590527 0.000756671 -0.00358316 -0.00255248 0.00391881 -0.0064478 -0.00456312
274187 0.00414508 0.00265232 0.00780651 -0.00449031 -0.00739417 -0.00222069 0.00247096 0.00212248 0.0065655 -0.00256977 -0.00630271 -0.00528081 0.00198219 -0.00719084 -0.00600525 -0.00594319 0.00298081 -0.000737384 -0.00492615 0.00132296 0.000193381 0.00174153 -0.00618285 -0.00178922 -0.00701966 0.00600238 0.00138333 -0.000316702 0.0040348 -0.00737712 0.00515646 0.00247121 -0.00318024 0.00779807 -0.00504846 0.00713698 -0.00200364 -0.00206976 0.00653544 0.00567267 0.00650416 0.000989192 -0.00163085 0.00364175 -0.00757256 0.00145254 -0.000531359 -0.00149294 -0.00735936 -0.000107536 -0.000484956 -0.00098055 -0.00752672 -0.00370069 0.00188332 0.00786153 -0.00641834 -0.00103378 -0.0044024 0.00531805 0.00445439 -0.00672377 -0.00105827 -0.00274599
39044 0.00758022 -0.00297864 -0.00683705 0.00726555 0.00171926 -0.0029539 -0.00598546 0.000460841 0.000331897 0.00239963 -0.000208831 -0.00762589 0.00548127 -0.00568786 0.00305757 0.00226242 -0.00332759 0.00576746 0.00586748 -0.00435935 -0.000896136 0.00455461 -0.00742808 0.00573135 0.0058569 -0.00218435 0.003152 0.00148664 0.00544469 0.00222408 -0.00542251 0.00319143 -0.000205801 5.5493e-05 -0.00626969 -0.000601867 -0.00278998 -0.00597026 -0.00617591 -0.00782536 0.00649651 0.000736214 0.00505582 0.00737368 0.00149899 0.000464391 -0.00776578 0.0054621 0.00641345 -0.00257442 0.000930039 -0.00135452 0.00658542 0.00358948 0.00141181 -0.00237967 0.00614029 0.00689352 0.00226476 -0.00106567 -0.0003053 0.0030552 -0.0059571 -0.00339435
243036 -0.00686147 -0.0052919 -0.00600362 -0.00570185 -0.00492513 0.00693615 0.00148598 0.00208035 0.00603327 0.00598276 -0.00513672 -0.00714959 0.00517036 0.00557201 -0.00112976 0.00741833 0.00717777 -0.00270506 -0.00771215 0.0066565 0.00270541 0.00541039 -0.000774453 0.00418827 -0.00441126 -0.00488523 0.00771113 0.000487916 -0.00312783 -0.00107443 -0.00336856 7.82969e-05 0.000916069 0.0015922 -0.00365991 -0.00542879 0.00728076 -0.00532511 -0.00582211 0.00356365 0.0046662 -0.00726564 0.00250791 -0.00573131 -0.00425909 -0.00132503 0.00554061 0.00716333 -0.00663089 -0.00731496 -0.00702537 -0.00518621 -0.00763204 -0.0060006 0.00109109 -0.00108628 0.000485113 0.00513192 -0.00705176 0.000300314 -0.00748483 -0.00379339 -0.000515809 0.00452298
162916 -0.00123441 0.00548308 -0.00689232 -0.00557817 0.000381461 -0.00234986 -0.00632314 0.00128286 0.00203053 -0.00649548 0.00393746 0.00185163 0.000548745 0.00360294 -0.00766471 0.00306231 0.000137625 -0.00268462 0.00579264 0.00767163 -0.00239761 0.00384092 0.00411384 0.00151983 -0.00652732 -0.00308436 -0.000894861 0.00021306 -0.000840355 0.00477743 -0.00309742 0.000182047 0.00292718 0.00249547 -0.00243122 -0.00460269 0.00504604 -0.00268749 0.00371366 -0.000991814 0.00682436 0.0052791 -0.00382386 -0.00264272 0.00183772 0.000540385 -0.000571385 -0.00692048 -0.00649923 0.00515158 0.00754639 0.00380894 -0.00500509 -0.00556348 0.00288829 0.000114059 0.00376959 0.00437852 -0.0053325 -0.00645331 -0.000261539 0.00656661 -0.00323651 -0.00730956
191810 0.00767565 -5.72205e-05 -0.00293589 0.00636005 0.00632715 -0.00594187 -0.00578642 0.00026989 0.00585651 0.00499296 -0.00272226 0.00138378 -0.00129414 0.00450993 0.00209045 0.00597286 -0.00413609 0.00566959 -0.00386238 -0.00441265 -0.00608921 0.00705576 0.00529909 -0.00209713 0.00709963 -0.00565481 0.000302792 -0.00333643 -0.00594282 0.00264072 0.00419903 0.00272512 0.000887394 0.000788212 -2.67029e-05 -0.00335217 0.00651407 0.00736094 -0.00476551 -0.00764418 -0.0048337 -0.00359917 -0.00065279 -0.00519419 0.0074687 0.00259733 0.00431967 0.00743389 0.00754547 -0.00037384 0.00606203 0.00294542 0.00509501 -0.0074296 0.0010848 -0.00240612 0.0042181 0.00752735 -0.00475597 0.00189543 -0.000787735 -0.00255537 0.00648165 0.00353241
277106 -0.004641 0.00353978 0.00441979 0.0054133 -0.00632844 -0.00239621 0.00312279 -0.00662627 -0.00424443 -0.00547971 -9.62333e-05 -0.00287014 -0.00101417 0.000968027 0.00772788 -0.00604674 0.00692776 -0.00103356 -0.000935653 0.00617882 -0.00606796 -0.00100286 -0.00681673 0.00140826 0.00509993 0.00202901 -0.00469946 -0.00663404 0.00240342 -0.0011515 0.00396625 -0.000822688 -0.0024581 0.00233639 -0.00173363 0.00100121 0.00422045 0.00671181 -0.00384047 0.00530185 0.00662889 -0.00565633 0.00182879 0.0039239 -0.007534 -0.00642222 -0.00415635 -0.00722003 -0.00271171 -0.00437191 0.00476089 -0.00707319 0.00538969 -0.000337433 -0.00227876 -0.0045435 -0.00223692 -0.00591861 0.00603894 -0.00625162 -0.00768184 0.00251171 -0.0054101 -0.00677377
41972 0.00758493 0.00253111 0.00605302 0.00602144 -0.00208054 0.00189588 -0.00288573 -0.001613 0.00483576 0.00211248 -0.00223586 0.00247068 -0.00709245 -0.00659214 -0.00336075 -0.000611321 0.00684347 -0.00725084 -0.00441609 0.00503658 0.00778967 0.00257597 -0.00282224 -0.00337889 -0.00494111 -0.00447701 0.00716437 0.00180523 0.00598249 0.00758072 0.00514212 0.00441278 0.0035081 0.00519538 -0.00502234 0.0032708 -0.00146872 0.000697002 -0.00518794 0.00481024 -0.00780497 0.00400137 0.00133704 0.00298924 0.00699743 0.00131801 0.00440844 -0.00673488 -0.00522658 0.00489983 -0.00361648 -0.00207607 0.00207848 0.00350003 0.00264367 0.0056538 0.00379695 -0.00183057 -0.000693185 -0.00778406 0.00379072 0.000726765 -0.00268204 0.00402267
246566 0.00402114 0.00670577 0.000467793 -0.00102583 -0.000104154 -0.00726125 0.00736957 -0.00596096 -0.00424403 -0.0025951 0.000186553 0.00735331 -0.00440591 0.00574048 -0.00477233 0.000146888 -0.00758806 -0.00512223 0.00597598 -0.00328599 0.00645998 0.00158911 0.0074874 0.00714436 -0.00738452 0.0050788 0.00416661 -0.00566579 -0.00556694 0.00373416 -0.00692641 -0.00585283 0.00587654 -0.000623547 0.000492614 0.00620272 -0.00255874 0.0024764 0.00316982 -0.00286513 0.00462229 0.00669539 0.00318721 -0.00641038 -0.0004439 -0.00116067 0.00559817 -0.00160747 -0.0068772 -0.000141317 -0.00276964 0.00286322 -0.006427 -0.00043063 0.0023058 0.0010436 0.00254992 -0.000716595 0.00194073 -0.00276179 0.00365301 -0.00543185 -0.0038917 0.0077109
77968 -0.000701093 0.00225857 -0.00582932 -0.00123367 0.00376857 -0.0049178 -0.0049009 -0.00189149 0.001708 0.00484292 -0.00687954 -0.00608763 -0.00154158 0.00720052 0.00667877 -0.00272838 -0.000274627 0.00530531 -0.00455759 -0.0062934 8.72229e-05 0.00337148 0.00669694 0.00202681 0.00534582 0.00622432 -0.00616212 -0.00202495 -0.00369416 0.00159193 -0.00771398 -0.00106822 -0.000385593 -0.00127611 0.00163011 0.00455611 0.00148669 0.00177321 -0.00624813 -0.00401961 -0.00521371 0.00736586 0.00513576 0.000936634 0.00472062 -0.00158635 -0.00136931 0.00543795 -0.00696133 -0.00757584 -4.01989e-05 0.000805339 0.00165145 0.00690862 0.00650821 -0.00654098 -0.00213903 0.000225967 0.00195138 0.000557882 0.00106944 -0.00585031 -0.00394162 -0.000281968
170274 5.91278e-05 -0.000990391 0.00144529 -0.00367594 0.00604725 -0.00535727 0.00718212 0.00496387 0.000948906 -0.00589991 0.00157022 -0.000992775 0.000901699 0.00600052 -0.00521517 -0.000153065 -0.00558376 0.000516891 -0.000147343 0.000574112 0.00658941 0.00741243 0.000782013 0.00485325 0.001791 -0.00201893 0.00696421 0.00082922 0.00128365 0.00743818 0.00391197 -0.00542927 0.00318003 -0.00664091 -0.00680685 0.00100803 0.00308084 -0.00390339 -0.00586605 0.0074892 -0.000337601 0.00301981 -0.00297642 -0.00458193 0.00231361 0.00437498 0.00601387 0.00384951 0.00321674 0.00199556 0.00520372 -0.00762796 -0.00653172 0.0055337 0.00172043 0.00278902 0.00126028 -0.00381517 -0.00508022 0.00191975 -0.00265551 0.00196075 -0.00574398 -0.0012145
94230 0.00518671 -0.00116133 -0.00254594 0.0060004 -0.0046988 0.000671129 0.00470324 0.00118431 -0.00468564 0.00516681 -0.00418071 0.00481041 -0.00548698 0.00263793 -0.0061141 -0.0066269 -0.00315374 -0.00391179 0.000199243 -0.00149106 0.00480976 0.00536962 0.00353656 0.000228349 0.00526386 0.00279575 0.0040649 -0.00133366 0.0067756 0.00416768 0.00555314 -0.00409605 -0.00410159 -0.00302388 -0.00668056 0.00602338 0.00256122 0.0064123 -0.00732281 -0.00140214 0.00146485 -0.0014609 0.00777396 0.00218104 -0.00443231 -0.00239891 -0.00437712 0.00656402 -0.00681131 -0.0065679 0.00571035 0.00174042 0.00646083 -0.00124174 -0.00225188 -0.00594782 0.000911337 0.00568334 2.59848e-05 -0.00676356 0.00157071 -0.00302791 -0.00428336 0.000233114
280045 0.00569916 -0.00409746 -0.00354671 0.00311661 -0.000736713 -0.000946045 0.00326967 -0.00336695 -0.0056076 0.00779581 0.000919342 0.00118923 -0.00585556 0.00535154 -0.000837326 0.00262165 0.00391722 -8.34465e-05 0.00102854 0.00771952 -0.00296879 -0.00328732 0.00512266 -0.00381231 3.14713e-05 0.00395775 0.000463486 -0.00486279 0.00230169 -0.00197554 -0.00173044 -0.00563097 -0.00386286 -0.000344276 -0.00329685 0.00664091 -0.00750017 -0.00096941 0.00112486 0.00681639 0.00609922 0.00652313 -0.00414658 0.0072093 -0.004354 -0.00178337 0.00562143 0.00301695 0.00292587 0.00175858 0.00208712 -0.00171137 0.00778437 -0.00213432 -0.00327539 0.00256681 -0.00731945 -0.00754976 -0.00267839 0.00552416 -0.000486851 -0.00283813 -0.00246239 0.00723696
280584 0.000515717 0.00770892 0.0048653 0.00202424 0.00649228 -0.00102859 -0.00472146 -0.00639801 -1.22658e-05 -0.00494216 0.00274238 0.00164993 0.00709614 -0.00101346 -0.00194202 -0.00261744 0.0047639 -0.00379172 -0.00105202 -0.00621623 -0.00664181 0.0043551 0.00385978 -0.007065 -0.00631569 -0.00725756 0.00347911 0.00166057 0.000974145 0.00322784 0.00658431 0.00484035 -0.00110422 -0.000445258 0.00591282 -0.00232032 0.00443532 -0.00512134 -0.00767991 -0.0010349 -0.00435904 0.000658253 0.00590592 0.00443856 0.00573499 0.00264171 0.00390608 0.00616301 0.00194095 0.00751897 0.00268183 0.00622792 0.00361699 0.00616994 -0.00721316 -0.00654677 -0.0039712 0.00641971 0.00597254 -0.00059801 0.000254499 -0.00279808 0.00477336 -0.000536337
281053 -0.00372549 -0.00289191 0.00572709 -0.00629975 -0.00215983 0.00184868 -0.00360292 0.00199931 0.00613843 -0.000817888 -0.00494065 -0.00393293 0.00145158 0.0074689 0.00133081 0.00236113 -0.00375033 -0.00713733 -0.00151376 -0.00747391 -0.00392013 -0.00342256 0.00559407 -0.001502 0.00176277 -0.000659496 -0.00287134 0.00628123 -0.00768162 -0.00522954 0.000286408 0.00307186 0.00692821 0.00243012 1.32826e-05 -0.00255282 -0.000334636 0.00712847 -0.0063937 -0.00320017 0.00710068 -0.00648587 -0.00352102 -0.00447971 0.00567435 -0.000345811 -0.00264704 0.00543559 -0.00116726 -0.00106487 -0.00749704 -0.00499029 -0.00768544 0.00365068 0.00366921 0.00203288 0.00685708 -0.00435212 0.0060127 0.00585586 0.00504807 -0.00054859 -0.00109218 -0.00430287
281107 0.00751447 -0.00269476 0.00544033 -0.00752373 -0.00687325 0.00135866 -0.00111166 -0.00723479 -0.00102748 -0.00233102 -0.00499773 -0.0021063 -4.70462e-06 -2.31956e-05 -0.00355579 0.00307499 -0.00123263 0.00540881 -0.00370699 0.000761167 -0.000317643 -0.00374481 -0.00711716 -0.00252376 0.000668914 -0.000688179 0.00445253 0.00477599 0.00505766 0.0024551 0.00388905 0.00394174 -0.000396331 0.00627862 -0.00282581 0.000814861 -0.00587364 -0.0057574 -0.00659215 -0.00137474 0.00714796 0.00565904 -0.00351032 0.00556772 -0.00127216 0.00143219 0.000736002 -0.00187019 -0.00551608 0.00327444 -0.00444954 0.0043522 -0.00425023 -0.00633891 -0.0076969 -0.00660915 -0.00234344 -0.00565268 0.000977602 0.00121616 0.00743101 -0.00148211 0.000548562 0.00690007
281314 -0.00595145 0.00240334 0.00265305 0.00492025 0.00444538 -0.00110215 0.00290898 0.00714173 0.00368365 0.00706037 -0.00363309 -0.00287241 0.00207456 0.00040833 -0.005787 -0.00707982 -0.00636702 -0.00529168 -0.00313405 0.00743331 0.00646551 0.00293254 0.00293827 -0.00214045 0.00580028 0.00728906 -0.0061735 0.000785837 -0.00250173 0.00137688 0.00286835 -0.00106754 -0.0047295 0.00136775 0.0077926 -0.0052883 -0.00402667 0.000623325 0.00353019 -0.00517301 0.00143813 0.00284926 -0.00429319 0.00503356 -0.00404512 -0.00330068 0.00538576 0.00497825 -0.00243715 -0.0067731 -0.0032738 0.00373745 -0.00333448 0.00307605 0.00764281 0.00291226 -0.00436404 -0.00233073 0.00219443 0.000741241 -0.00685713 -0.00312623 0.0068911 0.00497369
269018 0.00154058 -0.00130171 0.00379339 -0.00140729 0.00474755 0.0037402 0.000585189 0.000394882 0.00661692 0.00495062 0.000758959 0.00697114 -0.000761131 -0.00640594 -0.00233998 0.00437162 0.00117394 0.00774327 -0.00309504 -0.00616203 -0.00478246 -0.00751828 0.00260028 -7.28911e-05 -0.00632776 -0.00122582 0.0038361 0.00578674 -0.00172435 0.00554662 0.00605246 0.00279289 0.00458729 0.00127772 0.0030309 0.00535633 0.00559064 0.00036526 -0.00328484 -0.000638522 0.00357327 0.00551962 0.0075242 0.00336195 0.000725499 -0.00230707 -0.00530086 0.00762895 -0.0068304 -0.0039297 0.00451707 0.00164178 0.00121222 0.00399641 -0.00295279 -0.00440833 0.00455788 -0.00724667 -0.00248869 -0.00351691 0.00251792 0.00460106 0.00718945 0.000834341
82694 0.0055089 -0.00409079 0.0074935 -0.00440216 0.00612593 0.00167227 0.00779772 -0.00185823 0.00158691 -0.00779963 0.00182152 0.00196409 0.00648928 0.00344038 0.00198364 -0.000486374 0.00267458 0.00530672 0.000849247 -0.0042944 -0.000461102 -0.0041914 -0.00214767 -0.00397921 -0.00468874 0.00408602 0.0029192 0.00775337 -0.00298214 0.0057683 -0.00107813 0.00705051 -0.000966072 -0.00374174 -0.00666618 0.00406599 -0.000188351 0.00661564 0.000400543 0.00261211 0.00356722 -0.00485802 0.00606155 0.00226593 -0.0072422 -0.00691748 0.00694656 -0.00444221 0.0056324 5.96046e-05 0.0038023 -0.0011754 -0.00780535 0.00764322 -0.00620842 0.00685692 0.00473118 0.00604677 -0.00171232 0.00367069 0.00561571 -0.00700665 -0.00128365 -0.00233841
241097 0.00479746 -0.00402641 0.00456762 -0.00528288 -0.00281477 0.00194883 0.00114393 0.00254774 0.00607824 -0.00677824 0.00115204 -0.00456142 -0.000261784 -0.000855446 -0.00541353 -0.00482321 0.00287485 0.00302696 0.00539017 -0.00575829 -0.00173664 0.00452518 0.00245476 0.00200272 0.00276947 -0.00125074 -0.00154114 0.00251293 0.00674725 0.000511646 0.00597334 -0.00472116 0.00483608 -6.62804e-05 -0.0031662 0.00133085 -0.00537443 -0.00653362 0.00295973 0.00285912 -0.000665665 0.00779819 0.00462151 -0.00439215 0.006598 -0.00492716 -0.00566626 -0.00270128 0.00451469 0.00126553 0.00300026 0.00377321 0.00704479 0.00177002 0.0077405 0.00174856 -9.39369e-05 -0.00645733 -0.00760365 -0.00136948 -0.0040617 0.00347948 0.00202799 0.0063982
281889 0.00608921 -0.0070014 -0.00635815 0.00251055 0.00560331 0.00600529 -0.00366259 -0.007658 -0.00154591 -0.00666428 -0.00750589 -0.00702524 -0.00603008 0.00460577 0.00192738 0.00036335 -0.00130749 -0.00693798 -0.000608921 -0.00594044 -0.00632095 0.00248671 0.00673056 -0.00535345 0.000271797 -0.00261927 0.00568628 -0.00630188 0.00142956 -0.00390673 -0.00297642 0.00577879 -0.00647783 0.00250769 -0.00737667 -0.000191212 -0.00182199 0.00532103 0.000576019 0.00617886 -0.00341797 -0.00634623 -0.00695896 0.000688076 0.00645161 -0.00759983 -0.00496054 0.0023222 -0.00154972 0.00355911 0.00269032 0.00156546 -0.00272989 -0.00242233 -0.00593472 1.04904e-05 0.00165033 -0.00280142 0.00678349 -0.00328588 0.00605059 0.00722027 -0.00133801 -0.00106049
135367 -0.00735935 0.00452601 -0.00321363 0.00211081 0.00437788 0.00746465 0.00128229 0.000962907 -0.00387489 0.00130607 -0.00696827 -0.00765575 -0.00365594 0.00465978 -0.00421774 0.000657841 -0.00512927 0.00662945 -0.00486923 0.00756978 -0.00411844 -0.00300869 -0.00679501 0.00543797 -0.00454758 0.00679303 0.00075666 -0.00725197 -0.00591726 0.00665186 -0.00341615 0.00654688 0.00693548 0.00199619 -0.00112942 -0.00567649 -0.00482056 0.000624736 -0.00276908 -0.00479897 -0.00680865 0.00444653 0.000234999 -0.00425184 -0.00440508 -0.00275576 -0.00744712 -0.00770402 0.00388298 0.00300412 -0.00438282 0.000737147 0.000320282 -0.00154015 -0.00613558 -0.00204238 -0.00189376 0.00431926 -0.00189867 0.00546478 -0.00179036 -0.00119701 -0.00640058 0.00187645
282208 0.00235271 -0.006567 -0.003016 5.38826e-05 0.005548 0.00775528 0.00044632 0.00707197 -0.00687456 0.00243998 -0.00349951 -0.000863075 0.00625467 0.00756693 0.00259352 0.00500488 0.00391293 0.00463915 -0.00284815 -0.00746441 0.0071764 0.00313377 -0.000956535 -0.00453806 0.00386 -0.00529242 -0.00107098 0.0033083 0.00559044 0.00722742 0.00570488 0.00460529 0.000967026 0.00422859 -0.0053587 0.0032115 -0.00622416 -0.00740671 0.00478554 0.00726604 -0.00509167 0.00593233 0.000373363 -0.00191212 0.000699043 -0.00166416 -0.0061965 0.00354004 -0.00178814 0.00347567 -0.00194836 0.00192595 -0.00106382 -2.52724e-05 -0.0064187 -0.000313282 0.000798702 -0.00572586 -0.00675631 -0.00665665 0.00495338 -0.00370359 -0.000395298 0.00269651
161594 0.00287867 -0.0071249 0.000693321 -0.00488615 -0.00225449 0.000504971 0.00173235 -0.00272036 0.00683451 0.0055089 0.00446558 -0.00450563 -0.000411034 -0.00182962 -0.00585127 -0.000972748 -0.000661373 0.00268364 0.00207233 -0.00740242 0.0063982 -0.00303125 0.00679445 -0.00375223 0.00182867 -0.000799179 0.00758886 0.00555944 0.00206852 -0.00364876 0.00203466 -0.000781059 0.00184202 0.00722075 -0.00187683 0.00563383 -0.00569439 0.00212908 -0.00406361 -0.00625849 -0.000411987 0.0029974 0.00677395 0.0015769 -0.00618839 -0.00776529 -0.00209618 0.0021143 -0.00212574 0.00103807 0.00269508 -0.00191498 -0.000669479 0.00552607 0.00304985 0.00152874 -0.00210238 0.00130463 -0.00422716 -0.000848293 0.00418091 -0.00573397 0.00604963 -0.0032382
270996 0.000890732 -0.00303173 0.00653458 -0.00615692 -0.00697994 0.00277185 0.00523233 -0.00283337 5.24521e-06 -0.00416946 -0.00495768 0.00262833 0.00696754 0.000361443 -0.00309849 0.00733423 -0.00632238 -0.00708008 -0.00122881 -0.00325155 -0.0041585 -0.00640106 0.00677252 0.000174999 0.00485563 0.00363398 -0.00490046 0.00313759 0.00437403 -0.0040431 0.00226068 -0.00257254 -0.00329018 0.00117636 0.00402689 0.00426388 0.00491619 -0.00446844 -0.00186396 0.00758171 -0.00267458 -0.00732899 -0.0063653 -0.00773287 0.00162411 -0.00107336 -0.00384188 -0.00689316 -0.0041151 -0.000433922 -0.00547552 0.00552082 -0.00012064 -0.00494194 -0.00692797 0.00759506 0.000955582 0.0048418 0.00136852 0.00698519 -0.00280333 -0.0048666 -0.00553608 0.00282955
89606 -0.00473928 0.00763464 0.0053215 -0.00500917 -0.0043869 -0.0074482 0.00322485 -0.00672483 0.00568867 -0.00221252 0.00103712 0.00268602 0.00431204 -0.00102615 -0.00175142 -0.000135422 0.00728512 0.00656796 -0.000452518 0.00178432 0.00123262 0.000317574 -0.00288391 0.00745726 0.00497675 -0.000813007 0.000126362 0.00748682 -0.00571203 0.00454903 -0.000361443 -0.0015316 -0.0038414 -0.00026226 -0.000739574 -0.00605536 -0.00530672 -0.00623369 -0.00024271 0.000172138 0.00163937 -0.00457048 0.00548124 -0.0047245 -0.0038476 -0.000661373 0.00330591 0.00505161 -0.0069313 -0.00487661 -0.00244331 0.00149679 0.00677824 0.00320911 0.00475597 -0.00143194 -0.00189877 0.00778484 -0.00208473 -0.00686741 -0.00687408 -0.00650215 0.00107241 0.000605583
28847 -0.00731718 0.00337193 -0.00431855 0.0051071 0.00194465 0.00251269 -0.00421122 -0.0044012 0.00223171 -0.00329301 0.000569687 0.00125882 0.0065919 0.00229247 -0.00658859 0.00123725 0.00582659 0.00451852 -0.00675656 -0.00332129 -0.00638331 0.00100216 -0.000585381 -0.00513413 0.00203673 0.000475376 0.00664452 0.0066108 -0.00735095 -0.00279791 -0.00475412 -0.00622989 0.00297374 -0.00688758 -0.00581589 -0.00704 0.00302146 -0.00563054 -0.00301228 -0.00678988 0.00260639 -0.00729753 0.000909259 -0.00335083 0.00408781 -0.00216561 -0.00497025 -0.00383524 -0.00194103 0.0072198 -0.00324454 0.00234453 0.00278785 -0.00569963 -0.00673035 -0.00580482 0.00089791 0.00524288 -0.00326249 0.00419134 -0.00672273 0.00740559 0.00740921 -0.0067515
283627 0.00763638 0.0016911 -0.000330939 0.00737248 0.000668069 -0.00494363 0.00651687 0.00628494 0.00713317 0.00133346 -0.00482711 -0.00390608 0.0054129 -0.00489813 0.00100313 -0.0029658 -0.00598234 0.00241315 -0.00782014 -0.00613144 -0.00130261 0.00288788 -0.00385948 -0.00613289 0.00369018 -0.00131467 0.00646127 -0.00366502 -0.00313186 0.0036585 -0.00207906 -0.00181888 -0.00352177 -0.0050605 0.00691674 -0.00388695 -0.000967701 0.00266444 -0.00619604 0.000575343 -0.00187769 0.00493829 -0.00684041 0.00591065 -0.00251268 0.00659642 0.001689 -0.00500624 -0.00394921 0.000642447 0.000487482 0.000952584 -0.00591951 0.00297522 -0.000288781 0.00642997 -0.00250053 5.35159e-05 0.00134857 0.000820513 0.00679549 0.000166768 0.00284937 0.00731987
283628 -8.82523e-05 -0.00326148 0.000316649 -0.00738164 0.00378757 0.00287576 0.00414063 0.00403409 -0.00137086 -0.00300426 -0.0057139 -0.00719001 4.13728e-05 0.00135155 0.000627354 -0.00373429 8.24638e-05 -0.00763628 0.000884875 -0.00203265 0.00317071 0.00550653 -0.00671358 -0.0031198 -0.00581611 -0.00719123 -0.000846497 -0.00408521 -0.0034466 -0.00102482 -0.00682536 0.00314293 -0.00491751 -0.00459519 0.000956781 0.0061497 0.00644256 0.00055758 0.0020665 -0.00289028 -0.0060772 -0.00207179 0.00337611 -0.00657218 0.00299683 -0.00127456 -0.00105274 0.00662481 -0.00429503 -0.00508352 -0.0062682 -0.00199829 -0.00528534 -0.00644363 -0.00509517 -0.00755585 -0.000587796 0.00297578 0.00741709 -0.00160708 0.00370216 0.00549358 0.000116857 -0.000940164
120802 -0.000374971 0.00604132 0.0040562 0.00657042 -5.17908e-05 0.00387198 -0.00331829 0.00674231 -0.00572974 -0.00758936 -0.000627609 0.00488301 -0.00228576 0.00585338 -0.00470601 6.86315e-05 -0.00258019 0.00565378 0.000283596 0.00573431 0.00148781 0.000541751 0.00464267 0.00408658 -0.00322208 0.00526653 0.00777451 0.00114344 0.00469204 -0.00266268 0.00545453 -0.00776633 -0.00628074 -0.00744791 -0.00558152 0.00224534 -0.00563821 -0.00665367 -0.0055191 -0.00340637 0.00343451 0.00787039 -0.00207086 1.39829e-05 -0.00739812 0.00204265 0.00164236 -0.00293813 -0.00220291 0.00174638 0.000562519 0.00207926 -0.00482316 0.000673406 0.00430157 -0.00452145 -0.0051817 0.00131966 0.00288819 0.00440198 -0.00690232 0.00234809 0.00433093 -0.00490622
284039 -0.00205206 -0.00750821 -0.00618183 -0.00678183 0.00120379 -0.000332499 -0.000273559 -0.00702203 0.00356343 0.00428384 0.00426289 0.00635598 -0.00222271 0.00123887 -0.00411915 0.00191508 -0.00134467 0.00303985 -0.00495992 0.00621393 -0.00405008 0.0030169 0.00478417 -0.00770546 -0.00429255 0.0038235 0.000681886 8.89949e-05 -0.00468275 0.00496335 0.00462962 0.00382065 -0.00472999 -0.0078079 -0.0022246 0.00259102 0.00219745 -0.00565478 -0.00151729 0.00536729 0.0012948 0.00032976 -0.00212242 -0.00399299 -0.00680637 0.00525325 0.000846733 0.00274275 -0.00458767 -0.00631298 0.00574774 -0.00189031 -0.00602413 0.00430452 -0.00128346 0.00405083 -0.0047409 0.00567257 -0.00100129 0.00301818 0.00770435 -0.00691788 -0.00326144 -0.00142822
173921 -0.00637436 0.00484562 0.00738192 -0.00177908 -0.00383234 -0.000664234 0.00565815 -0.00371122 -0.00286627 -0.00564241 -0.00517178 -0.004704 0.00739574 0.00361633 0.00536013 0.00290823 -0.00716686 0.000266552 -0.00269985 -0.00386095 -0.00334644 0.00469303 0.00760221 -0.00705862 -0.00137901 -0.00473928 0.000918388 0.0041399 -0.00296831 0.00482416 -0.000469208 0.00584221 -0.00541019 -0.00764608 -0.0021944 0.00214815 -0.000976562 -0.00690269 0.00246143 0.00580454 0.000844479 -0.00400019 0.000918388 0.00661135 -0.0077877 0.00493956 -0.00410891 0.00523901 0.00493526 -0.00187922 0.00223875 -0.00523996 -0.00280619 0.00779867 0.00361872 -0.00120592 0.00451851 0.00344086 -0.000676632 0.00171423 -0.00601959 0.00361919 -0.00177431 0.00479603
284634 -0.00664125 0.0059826 -0.00353863 -0.00310444 -0.00310898 0.00436829 -0.00107258 -0.00463486 0.000192857 -0.00509369 -0.00390554 -0.00717613 -0.00532664 0.0056236 0.00332917 -0.00354491 -0.0074931 0.00506273 -0.00402451 -0.0042262 0.00586937 0.00499898 0.00338544 -0.00156174 0.00536894 -0.00579227 -0.00755611 0.00132122 -0.000543192 0.00319623 0.00687308 0.00533199 -0.0054918 -0.0011332 0.00487754 0.00352403 -0.00701743 0.00282902 0.00259227 0.00406434 -0.00777262 0.00746614 -0.00312341 0.00220715 0.000811835 0.00546481 -0.00636026 -0.00593168 0.00376324 0.00328556 0.00617531 -0.0073197 0.00325654 0.00674942 0.00543008 -0.00052876 0.00287411 0.00527483 -0.000455537 0.000226907 0.000168531 0.00507169 0.00585639 0.00129732
284968 -0.00391579 -0.00217104 -0.00124407 0.00358915 0.00762129 -0.00723124 0.00302076 -0.00762558 -0.0010767 -0.00102139 -0.0060463 -0.00331306 -0.00194454 0.00769854 -0.00718212 -0.000620365 0.0024333 0.00178385 0.00337172 0.00190592 0.00251055 -0.00436544 0.0058794 -0.00662374 -0.00762463 0.00746727 -0.00167084 0.00307465 -3.14713e-05 -0.00139999 0.00429678 0.00157976 0.0055747 -0.00589943 0.00595188 0.00156593 5.76973e-05 -0.00240421 0.00288534 -0.00159121 0.00461054 -0.00728273 -0.000994205 -0.00768757 0.00661325 0.00335979 -0.00680399 -0.00229311 -0.00725031 0.00521994 -0.00528955 0.000366688 0.00272465 0.00454903 -0.00161219 0.00239325 -0.00589275 -0.00154066 0.00316525 0.00613022 0.00414085 0.00771713 -0.00667 -0.000975132
258075 -0.00718882 0.00574053 -0.00274729 -0.00636195 -0.00646561 -0.00278772 0.0024405 -0.00270411 0.00291739 0.00761045 -0.00218401 -0.00313276 0.00125751 0.00251272 0.000276458 0.00504736 0.00387829 -0.00180663 -0.00728551 0.00352168 0.0044217 0.00730356 0.00543949 0.00140011 0.006324 0.00279286 0.00252251 -0.00258696 0.00381395 -0.00265658 -0.00714426 0.00159414 -0.000653566 -0.000457395 -0.00428626 -0.00108634 -0.00286701 0.00620509 -0.000478484 -0.00510127 -0.00320223 -0.00433686 -0.00283647 -0.00579608 0.00509634 0.00301532 0.00148959 0.00569324 -0.00387922 -0.00779846 -0.000341013 0.00292832 -0.0060191 -0.00323008 0.000168268 -0.00393588 0.00540879 -0.00627689 0.00588654 0.00349403 0.00722204 -0.00170101 0.00471082 0.0011288
13571 -0.00199407 0.000382934 -0.00158535 -0.00298786 0.00575401 -0.00430655 0.00508512 -0.00333245 -0.00161661 -0.00173569 -0.00640601 0.00676642 -0.00418804 0.00614516 -0.00251785 -0.000965661 0.00158306 -0.00570489 0.00756083 -0.00257808 0.00612307 0.000455069 0.000176522 0.0071059 -0.00755153 0.00259692 -0.00316351 -0.00423388 -0.00723037 -0.00206452 -0.00294074 0.00462175 0.00204763 -0.00245788 -0.00770121 0.00606733 0.000141833 0.00274923 -0.00352009 0.0074406 -0.00206273 0.00552308 0.00463439 0.00177425 -0.00050759 0.000950437 0.00201848 -0.000359176 -0.000905521 0.00714497 -0.00181215 -0.00678198 -0.00112186 0.00240156 0.00497216 -0.00762598 -0.00637351 -0.00608739 -0.00440784 -0.000151935 0.0028832 0.00265835 -0.00188956 0.00293747
275578 0.00276961 0.0071079 0.000853642 0.00468093 -0.00615995 0.00527505 -0.00457803 0.000462838 -0.00507547 0.00317494 0.00628575 0.00068299 -0.00326077 -0.00442875 -0.00472697 0.00596327 -0.00755333 -0.00215994 0.0055 0.0038177 -0.00577291 0.00577891 -0.00398643 0.00290959 -0.00258879 0.00588325 -0.00351705 0.00180296 0.00329657 0.00668099 0.00237058 0.00207279 0.000821749 -0.00601988 0.00606916 -0.00558294 0.00167423 0.000370689 0.00559243 -0.00477102 -0.00188687 0.00370274 -0.00440018 0.0010514 0.000909838 0.00155567 0.0017327 0.000304797 -0.005311 0.00709165 0.00646439 0.00323956 0.000121091 0.00141722 -0.00072187 -0.00449896 0.00161475 -0.00584027 -0.000777368 -0.00506753 -0.00755674 0.00758915 0.00190778 0.00759283
278650 0.00600097 -0.00335832 -0.00463052 -0.000230555 -0.00676469 0.00400456 -0.00302789 -0.00477304 -0.00567347 -0.000210046 0.00620896 0.00769621 -0.00444058 0.00256851 -0.00336285 -0.00423412 -0.00312311 -0.00684106 -0.00112094 0.003929 -0.00547194 -0.000670266 0.00682019 0.00460957 -0.00236547 0.00382902 -0.00674609 -0.00434278 0.00155033 0.00647262 0.00198209 -0.00677452 0.00623932 0.00244424 -0.00728992 0.00568301 0.00200521 0.00440241 -0.00041811 0.0034008 -0.00476354 -0.00490067 -0.0010037 0.00154602 -0.00302336 0.0013691 -0.000327125 0.00495239 -0.000667922 0.00367386 0.00167018 -0.00545494 0.00392521 -0.00278375 -0.00715086 0.00169084 0.00182129 -0.00264964 0.00467102 -0.00370365 0.000692477 0.00771931 0.00545476 -0.0052011
286040 -0.00130463 -0.00571871 -0.00376701 0.00443125 0.000425816 -0.0067811 -0.00579929 0.00658083 0.00621176 0.00471258 0.00270987 0.00209093 0.007267 0.00412512 -0.00318098 -0.0069232 -0.0038929 0.00369072 0.00778151 0.00229883 -0.0063448 -0.00374699 0.00719166 0.00462103 -0.00705433 -0.00458813 0.00240469 -0.00338173 -0.00724316 0.00361347 -0.00296307 0.000725746 0.00546122 -0.00245428 -0.00620604 -0.00437498 -0.00632381 -0.0032444 0.00593567 0.00675821 -0.00500298 -0.00765753 0.00462484 0.00491667 -0.00123072 0.00477362 0.00284052 0.00303984 0.00606441 0.000794411 -2.14577e-05 -0.000823975 -0.00693703 0.000989437 0.00344896 -0.000508308 0.00587845 -0.00141335 0.00763988 0.00365067 -0.00233889 0.00543022 0.0059309 -0.00104666
80595 -0.00460063 0.00197591 -0.00572557 0.00179968 0.00405124 -0.00215226 -0.00495578 0.00542223 0.00113273 -0.00453706 -0.00264068 -0.00270219 0.00778897 0.000670653 -0.00115966 -0.000916166 -0.0051016 -0.00186363 -0.00240458 -0.00424092 0.00170688 0.00380556 -0.0046747 0.00318858 0.00666794 0.00310122 5.75511e-05 0.000529113 0.00557078 -0.00336284 -0.00361756 -0.00744994 -0.00653783 -0.00706883 -0.00375778 0.00597694 -0.00733617 -0.00161388 -0.00264593 0.00354074 -0.00476165 0.000298489 -0.00546191 0.0050682 -0.00605534 -0.00730735 -0.00532352 0.00752658 6.1517e-05 -0.00543984 -0.00583133 -0.00563332 0.00494756 0.000473566 -0.00596782 0.000834936 0.00190644 0.000782559 -0.00402153 -0.00671871 -0.0075437 -0.00466917 -0.0072953 -0.00023174
233039 0.00274598 -0.0017836 0.00370823 -0.00155214 0.000428563 0.00371701 -0.000461558 0.00174539 0.00430365 0.00423524 -0.000469336 -0.00114273 -0.00355267 0.000539127 -0.00210976 0.00719495 0.00579892 -5.25304e-05 0.00409775 0.0045356 0.00532746 0.00586831 -0.00723008 -0.00731646 0.00736515 -0.00539438 0.00148569 -0.00462053 -0.00167507 0.00745668 0.00107995 0.00703047 0.00426357 -0.00557735 -0.00526619 -0.00750068 0.00709994 0.00684961 0.00126848 -9.03745e-05 0.00176962 0.000376611 0.00544316 0.00361312 -0.00646372 0.000712363 -0.00219725 0.00782552 0.00558956 0.00437026 0.000450832 -0.00355291 0.0067921 0.00689582 -0.0021293 -0.00584611 0.00144835 -0.00105165 -0.00328665 -0.00385652 0.0020551 -0.0045622 -0.00584122 0.000393548
270846 0.00399932 0.000538434 -0.000277749 -0.0068605 -0.00609935 0.00440429 -3.76411e-05 -0.00230153 0.00194919 -0.00708836 -0.00486929 0.00461051 -0.0039035 0.00413901 -0.00301253 0.00291634 0.00223341 -0.00659638 -0.00725553 -0.00576932 -0.000953659 -0.00593357 -0.00236148 0.00454494 0.00275862 -0.0076236 -0.00156765 -0.00745195 -0.000321115 0.00333388 0.00440004 -0.00349352 0.00157564 -7.51896e-06 0.00747655 -0.00302406 0.00605451 -0.00377971 0.00611135 -0.00593822 -0.00314359 -0.00261067 0.00372049 -0.00551144 0.000867989 -0.00588239 -0.00437439 0.00121523 -0.00778758 -0.00489409 -0.00402682 -0.00174355 0.00466685 -0.0076033 -0.00642416 0.00705355 -0.00742176 -0.00395617 -0.00236019 0.00421473 0.00430483 0.000392042 -0.000396296 -0.00391629
161505 0.00589635 0.0030342 -0.00339381 -0.00760467 -0.00351081 0.00134741 -0.0035126 0.00327077 0.0036448 -0.00634959 -0.00644698 0.0044355 0.00605333 0.00413788 0.00699387 -0.0047021 -0.00316742 0.00193263 -0.00078822 0.000582482 0.000739597 -0.000836517 0.000309668 -8.97711e-06 -0.00737804 -0.00461784 0.00617962 -0.00422736 -0.000748648 0.00620864 0.00739122 -0.000718068 0.00382914 -9.60444e-05 -0.00207603 0.00635719 -0.00228249 -0.00471497 -0.00765436 0.00770213 0.00174523 0.00405369 -0.00513959 -0.00506299 -0.00428096 -0.00703161 -0.00487818 -0.00714251 -0.000174226 0.00191164 -0.00307377 0.000565539 -0.00293763 -0.000604878 -0.00117183 -0.00319896 0.0025895 0.00274619 -0.00549888 0.00155893 0.000531858 -0.00307356 0.00625537 0.00572022
19365 0.00722675 0.00767167 0.000769131 -0.00502117 -0.00318266 0.00383547 -0.0030593 0.00500288 -0.00441991 -0.000362036 -0.00365548 -0.00382541 0.00223904 0.000968909 -0.000327175 0.00112423 -0.00572781 -0.00572342 0.0045585 0.00484953 0.00488837 -0.00280508 -0.00109758 -0.00518966 0.000255111 -0.00517317 0.000855266 0.000809498 -0.00558023 -0.00102016 0.00334769 -0.00104996 0.00594121 0.00778979 -0.000139189 -9.6827e-05 -0.00198361 -0.0062684 -0.00469404 -0.00779335 -0.00126509 -0.00603274 0.00775516 -0.00113497 -0.00299474 -0.00622286 -0.00461135 -0.00438059 -0.00197566 0.00517824 -0.00390393 -0.00376816 0.00573939 5.78268e-05 -0.00775953 0.0065419 0.00394649 0.0063914 0.00640531 -0.00431587 -0.000143813 -0.00470404 0.00347895 -0.0066756
283234 -0.000883955 -0.00710839 -0.00477998 0.00748666 0.00694576 -0.00237858 0.00145154 -0.00273766 0.00295874 -0.00382807 -0.00276666 0.00100611 -0.000311168 0.00293131 0.00144893 -0.00181695 0.00708727 -0.00618632 -0.0023486 -0.00400074 -0.00183882 0.00329109 -0.000647317 -0.00295142 -0.00570583 0.00533241 -0.00232866 -0.00431577 0.00602876 0.00356656 -0.00670456 0.00261527 -0.00490508 -0.00178279 -0.00764914 -0.00412739 -0.000524449 0.00473934 -0.00448519 0.000547647 -0.00644597 -0.00457844 0.000982398 -0.00766906 0.000181118 0.000889594 0.0033586 -0.00104187 -0.00460226 -0.00683603 -0.00598212 0.00160487 -0.0021567 0.00557273 0.00708903 -0.00647993 -0.00740867 0.00201514 -0.00216535 0.00196912 0.00360235 -0.00208366 0.00401132 -0.00672438
218770 -0.0039878 0.00752808 0.00211247 -0.00266536 -0.000114853 0.00765113 0.00229104 -0.00217427 -0.00370203 0.00771917 -0.00212835 0.00104668 0.00546951 -0.00523128 -0.000238671 0.00328346 -0.00685114 0.00064479 0.00639862 0.00205652 0.00622331 -0.00655364 -0.000197527 0.00695244 -0.00204746 0.00250915 0.00413463 0.00758083 0.000234618 0.00293901 0.00183372 -0.00615294 -0.002517 0.000449549 -0.00642094 0.00467957 0.00249917 0.00242521 -0.00302225 -0.000290236 -0.000295042 -0.00241976 0.00342299 0.00036819 -0.00707843 -0.00470352 0.00251038 0.000273138 -0.00716589 -0.00676873 -0.000896126 -0.00604327 -0.00478618 0.00375118 0.00648821 0.000950582 0.00357678 -0.00739829 0.00346425 -0.00333461 0.00525421 -0.000656427 -0.00269834 0.00105405
144195 0.00459194 -0.00118589 0.00422287 0.0024581 0.00320864 0.00403595 -0.000495911 0.00101328 0.0010705 0.0037322 0.00746632 0.00196981 0.00347424 0.000592709 0.00541067 -0.00587988 -0.00373363 0.00659227 0.00412798 -0.00357342 0.000296116 -0.00155306 0.00626469 0.00119352 -0.00442028 0.000727177 0.00408554 -0.0071044 -0.00208998 0.00316858 -0.00143385 -0.00470448 0.000296116 0.00466061 -0.00168228 -0.00207615 -0.000540733 -0.000167847 -0.00410604 -0.00418806 0.00728273 -0.00240898 0.00498438 -0.00645113 0.00180626 -0.00309706 -0.00020504 0.004426 -0.00108337 -0.00644779 -0.00363159 0.0051136 -0.00379705 0.00566626 0.00777674 0.0016408 0.00137281 0.00424099 0.00355005 -0.00475693 0.00607347 0.00208187 -0.00408554 0.00384521
231868 -0.00747728 -0.000106335 -0.00743246 0.00587654 0.00565338 -0.00394154 0.00106573 -0.00656939 0.00319147 -0.00678968 -0.00356483 0.0014677 0.000738621 0.00502491 0.00581694 0.00320053 0.00552559 -0.00367498 0.00302172 0.00710583 0.00591993 -0.00569916 0.0011692 -0.0042944 -0.00528336 0.0070715 0.00504065 -0.00531387 -0.00357389 0.00300884 -0.00742245 0.006248 -0.00153637 -0.00670147 -0.00660706 0.00150251 0.00645208 0.00241518 -0.00376844 0.00268555 -0.00145674 0.000230312 0.00325298 -0.00311756 -0.00102949 0.00231171 -0.00568581 -0.00672245 -0.00113773 0.00587416 -0.00586891 -0.00312471 0.00702763 -0.000801563 0.0054965 0.0075841 0.00562143 -0.0067749 0.0014267 0.0051074 -0.000350952 0.000636101 0.00504637 -0.00271845
227267 -0.00229082 0.00489613 -0.00304593 -0.00142386 0.00362345 0.000760169 0.00705648 0.000644331 -0.00327467 -0.00734533 0.00535109 0.00516456 -0.0033201 0.000785133 -0.00383788 -0.00735713 0.00221663 -0.00684375 0.0075911 0.00749202 -0.00580936 -0.00389811 0.0061235 -0.00148838 -0.00475548 0.00483816 0.00656914 0.000834914 0.00102045 -0.00692415 0.000516625 0.00248545 -0.00522794 0.00343494 0.00479134 0.00251279 0.000341959 0.00766517 -0.00580942 -0.00483999 -0.00517513 0.00254976 0.00372337 -0.00354149 -0.00453139 0.000241988 -0.00701749 0.00309921 0.00130415 0.002808 -0.00701095 0.00115214 -0.00518586 -0.00449228 0.00159884 0.00724423 -0.00344574 0.00143297 -0.00714879 -0.00521599 0.00288747 -0.0025517 0.00617543 2.04768e-05
112611 0.00341558 0.000105858 -0.00741053 -0.00511599 0.00131035 -0.003829 -0.00592375 -0.00639868 -0.000866413 -0.0048275 0.00457478 -0.00483561 -0.00157118 0.00394583 -0.00485182 -0.00515366 0.00671387 -0.002985 -0.00105715 -0.00568581 0.00647783 -0.00441599 0.00363874 -0.00587749 0.0048399 0.000750542 0.000479221 0.00716686 -0.00654602 0.00309849 -5.10216e-05 -0.00113058 -0.000183582 0.00178623 0.00383997 -0.00421095 -0.00293922 0.00529242 -0.00623226 0.00279331 -0.00598001 -0.00619888 0.00400686 0.00174522 -0.00547695 0.0028944 -0.00504303 -3.71933e-05 0.00707388 -0.00396776 0.00135422 -0.0048461 -0.00299406 -0.00201035 0.00592279 -0.00304174 -0.00648737 0.000477314 -0.00305128 0.00304985 -0.00635386 0.00274611 0.00422096 0.00743723
177487 0.000677118 -0.00472406 -0.00629991 0.00139729 -0.00480123 -0.000700256 -0.00646799 -0.00211277 0.00435982 0.00173548 0.00341159 -0.00725829 0.00536923 0.00717607 -0.00207927 0.00322047 0.000277486 9.87044e-05 -0.00288999 0.00349684 -0.00183655 0.00777201 -0.000325726 0.00626119 0.00770525 -0.00610556 0.00197005 0.0016888 -0.0054141 -0.00744753 0.0076499 0.00243467 0.000745188 -0.00573713 0.000831758 -0.000384601 0.00479011 -0.00715738 0.00678271 0.000346201 0.00183412 0.00225753 -0.00601049 -0.00118015 0.00725815 -0.00102242 0.00710708 0.00455651 -0.00645449 0.00504915 0.00417025 -0.00472281 -0.0036357 0.00221777 0.00490383 -0.00356083 -0.00751653 0.0011232 -0.00619114 -0.00161057 0.00450401 0.00331805 -0.00358719 0.0070071
174125 0.0040175 -0.00767653 0.00674496 0.00126352 0.0051434 0.00382138 -0.00234222 1.79502e-05 -0.00140707 0.00548277 0.00347319 -0.00440264 -0.00650888 -0.00478176 0.0075239 0.0033539 0.00330448 0.00238558 -0.0011948 0.000560599 -0.00499895 -0.00683443 -0.0076541 0.00391492 -0.00410318 0.00669475 0.00286055 -0.0041566 0.00182644 0.00679733 0.0012058 -0.00314442 -0.00748592 -0.00557592 -0.00169728 -0.0067928 -0.00737439 0.00685967 0.00593493 0.00174584 0.000530726 0.00152144 0.0025313 -0.00282579 0.00565983 0.000701687 -0.00264707 -0.00145034 -0.00718826 -0.00529906 -0.0058083 -0.00561615 -0.000923976 -0.00405528 -0.00721227 0.00203669 -0.00278074 0.00624043 0.00254872 0.00395154 -0.00229199 -0.00626532 0.00332397 -0.00592085
258039 0.00446667 0.000950247 -0.000886306 0.000982689 -0.00372581 -0.00446776 0.00656188 -0.00559812 0.00709053 0.00734712 -0.00153224 -0.00628099 -0.00676207 0.00776157 0.00357536 0.00419895 -0.00293412 -0.00402667 -0.00706585 0.00573928 -0.000726578 -0.00196813 0.00325387 -0.00500213 0.000457574 0.00678411 0.00277369 -0.00673429 0.00475714 0.00530157 -0.00271071 0.00472462 -0.00646532 -0.00751571 0.00668785 -0.00516183 -0.000109198 -0.00192656 0.00310744 -0.00255559 -0.00416668 0.00423497 0.00385055 -0.0015651 0.000843529 -0.00322355 0.00383443 0.00265063 -0.00211978 6.87306e-05 0.00322162 -0.00686957 0.00354951 0.00601085 0.00285187 0.00217885 0.00358979 -0.00473083 0.00320914 0.00387401 0.00584901 0.00769945 0.00645573 0.00307646
288772 0.000887142 0.0075154 -0.00717233 -0.000631533 0.00418109 -0.000733285 -0.00308906 -0.00123376 0.000418116 0.00043347 0.00555087 0.000559272 -0.00367982 -0.00173945 0.00467317 0.00698113 0.00191042 -0.00350302 0.0073483 0.000210302 0.00548188 -0.00150559 -0.000718283 -0.00454255 -0.00210239 0.00107088 -0.00657773 0.0053542 0.000798688 0.00209836 0.00479886 -0.00594375 -0.00120343 0.00213585 -0.00284744 -0.000602791 -0.00426692 0.0029754 0.00227191 0.00129667 0.00125919 -0.000330841 -0.00434852 -0.00342816 -0.00398069 -0.000615398 -0.00555973 -0.00145126 -0.00607676 0.00162249 -0.00711107 9.13349e-05 0.000321667 0.00450054 -0.00197045 -0.00678645 -0.000199572 0.0023797 -0.000611223 0.00566045 0.00669751 -0.00710234 -0.00478721 -0.00204652
279582 1.36959e-05 0.00608738 0.00216203 0.00291967 -0.00607326 0.000871361 8.11762e-06 0.00752593 0.00376512 0.00133979 0.00290874 0.00599024 0.002021 0.00627108 0.00602951 0.00504372 -0.000862829 -0.00388086 -0.000295698 0.00421998 0.000244668 -0.00601818 0.00200209 -0.00236428 0.00360526 0.00414122 0.00572887 0.00454483 -0.00485132 0.00363044 -0.0064134 0.00316189 -0.00460066 -0.00208958 -0.00427518 -0.00613308 0.00392275 0.00357077 -0.000394125 0.00377952 0.00689848 0.000453513 -0.00104117 -0.00684297 0.0023025 -0.00273565 0.00732965 0.00690384 0.00521881 0.00320596 -0.00508264 0.000299904 0.00339595 0.00270754 -0.00392656 -0.00513024 -0.00262364 0.00701581 0.00235379 -0.00657961 0.0016928 -0.00133641 -0.00205753 -0.00237685
62699 0.00067234 -0.00140381 0.00231504 -0.00519943 0.00109243 -0.00604963 -0.00745201 0.00718784 0.00332499 0.00321531 0.00767946 -0.00778675 0.00189972 0.000988007 -0.0049367 -0.000388145 -0.00652647 -0.00519943 -0.00210905 -0.00109434 -0.00631952 0.00743437 -0.00607204 0.00177574 -0.00598097 0.00719786 0.000208378 0.0022769 0.000857353 -0.00727892 0.00375319 3.09944e-05 -0.00603437 -0.00651503 0.00492334 0.00434208 -0.00646162 0.00513983 -0.000897884 0.00312901 -0.00501442 -0.00416565 -0.00418186 -0.00225592 0.00732803 0.00260353 -0.00524998 -0.00618362 0.00135279 0.000919819 0.00210524 0.00231647 0.00337267 0.0039506 0.00680542 0.00348377 0.000103474 -0.00350189 -2.0504e-05 0.00593805 -0.000106812 0.00392437 0.00406599 -0.00264168
288995 -0.00606441 -0.00521851 0.00752687 -0.00281143 0.00644922 -0.00442743 0.00585508 0.0077424 -0.00691032 0.00699091 -0.00200701 -0.00395298 -0.00468731 0.00631857 -0.00177574 -0.000325203 -0.00253248 0.000322819 0.00641155 0.00451756 0.00370407 0.00708199 -0.00336647 0.000267029 0.000231743 -0.00640869 0.00771952 0.00217056 0.0075078 0.00694084 0.0051198 0.00732994 -0.00273275 -0.00533009 0.00384998 0.00223589 0.0039773 0.00522184 -0.0030508 0.00542974 0.00250006 -0.00152636 0.00731802 -0.00363445 0.00654602 0.00413418 -0.00512266 -0.00439167 0.00657749 -0.00137997 -0.000591278 0.00681829 -0.00137711 0.00382423 0.00102043 0.00753212 0.0039053 -0.00286818 0.00360298 -0.003932 0.00262499 -0.00451994 -0.00491428 0.000309467
126077 -0.00570202 -0.00343609 -0.00701094 -0.00679445 -0.0013833 -0.00064373 0.000959873 -0.00427055 0.00610876 0.0058012 0.00665426 -0.000359058 0.00505877 0.00709391 0.00290871 0.006423 0.000221729 -0.00297022 0.00631475 0.0022254 -0.00645781 0.000216484 -0.0073657 -0.00667572 -0.00134516 0.00137854 0.00442648 4.62532e-05 -0.00311613 -0.00207949 0.00656796 -0.00695276 0.000267982 -0.000516891 -0.00496387 -0.00198364 0.00432491 -0.00646544 -0.00285292 -0.00668335 -0.00391626 -0.00240326 -0.000141621 -0.00148487 0.00322199 -0.00159168 0.00682735 -0.00606155 0.00609159 -0.00762701 -0.00478029 0.0066967 -0.00465965 0.00571537 0.00420094 0.00332355 -0.003088 -0.00380468 0.00110722 0.00259686 0.00338697 -0.000818729 0.00722885 0.00180531
289130 -0.00717856 -0.00194683 0.00420816 0.00503832 0.00527623 0.0067365 -0.00641709 -0.00324695 0.00512042 0.000589475 -0.00384184 -0.00704467 -0.000754515 -0.00404568 0.00432547 -0.00239011 -0.00134462 -0.00729664 0.00208233 -0.00336396 -0.00326486 0.001946 0.00350763 0.00460067 0.00476226 -0.00169572 0.00555654 -0.000466142 0.00545525 0.00323 -0.0064623 -0.00451845 0.00574485 -0.00187159 0.00445354 -0.00566393 0.00273074 -0.00114595 -0.00411916 0.00410951 -0.00293373 0.00586914 -0.00547294 0.00587547 -0.00719184 0.00541727 0.00627887 -0.00609373 -0.00709006 0.00168351 0.00574327 0.00265535 0.00753193 0.0051973 0.00276747 -0.00502049 0.00631425 0.00440061 0.00381445 -0.00600042 0.00348932 0.00181336 0.00641189 0.00499181
278837 0.00399451 0.00116762 0.000757241 0.000175561 -0.000588415 -0.00430022 0.00725693 -0.0026473 0.00755022 0.000103468 -0.000690617 0.0050105 0.000655671 0.00460664 0.00549279 0.00567018 -0.0024889 0.00293546 0.00601932 0.000175569 0.00775208 0.0039501 -0.00387301 0.00305821 -0.00502622 0.00679455 0.0029151 -0.00353549 -0.000620923 0.00573956 0.00617136 -0.00174895 -0.0069625 0.0042436 0.00336908 0.0016697 -0.000468572 -0.00472508 -0.00285822 0.0048205 0.00333026 -0.00309739 0.00459607 -0.00330516 -0.00580581 0.00608789 -0.00764837 -0.00720556 -0.000889432 0.0069821 -0.00750332 0.00320547 -0.00546136 0.00566017 0.00659073 -0.00556627 0.00464176 -0.00660545 -0.000392285 -0.00657035 -0.00356441 -0.00202511 -0.00239575 0.00521334
251014 0.00325394 3.09944e-05 -0.00316477 0.000832558 -0.00690699 -0.00104094 -0.00483704 0.00751448 0.00738764 0.00533342 -0.00577068 -0.00548601 -0.00692701 -0.00552607 0.00162745 -0.00725746 -0.00633621 0.00426817 0.00698805 0.00181818 -0.00235224 0.00566864 0.00772858 -0.00328541 0.000350952 -0.00540638 -0.00392962 -0.00555754 -0.0005126 -0.00384855 -0.00135612 -0.00723362 -0.00382757 -0.00757885 0.0021677 0.00703955 0.00286341 -0.00405025 -0.00286055 0.00153589 0.00500393 -0.00104618 0.00428581 0.00385761 0.00283813 0.00476885 0.00320387 -0.00431681 0.00204992 -0.00348234 0.00293636 -0.00657797 0.00155878 0.00267601 0.00204754 0.00579166 0.00338459 0.00513935 -0.000188828 0.000645638 -0.000836372 0.00570011 -0.00642061 0.00555563
290180 0.00510059 -0.00344782 -0.00105643 0.00573561 0.0061755 -0.00551851 -0.00349397 -0.00185146 0.00642917 -0.00625688 -0.00190095 0.00611976 -0.00076073 -0.00277959 -0.0042628 0.00688446 0.00750527 -0.00334433 0.00165783 -0.00163811 0.0077631 -0.00118635 0.00517322 0.00142051 -0.00266192 -0.000235591 -0.00752835 0.00493859 0.00319828 0.00421921 -0.00452231 -0.00609563 -0.00550925 0.00753722 0.00334895 0.00528869 -0.00254715 0.00621185 -0.000157247 -0.00750609 -6.96113e-05 0.00128182 0.00686133 0.00566196 0.00637538 -0.00196423 0.0067244 -0.000119909 0.00259449 -0.0023882 -0.00142936 -0.00254491 0.00359946 -0.000358957 -0.000963098 -0.00586525 0.00636825 -0.00433398 -0.00769244 0.00752813 0.00517179 0.00396809 -0.000666629 0.00140915
290295 0.000587988 0.000462722 0.00569289 0.00581074 0.00383424 -0.00067174 -0.00427892 -0.00512971 -0.00132298 -0.00245395 0.00465742 -0.00146331 0.00291777 0.00552843 -0.0013163 -0.00542314 0.00470839 0.00350646 -0.00550269 -0.00557514 -0.00650819 -0.0015237 -0.00559336 -0.00606088 0.0014035 0.00566649 0.00734636 0.000308664 0.000107016 0.00500687 -0.00228702 -0.00692383 0.00639367 -0.0070681 0.00163279 -0.000936684 0.00706246 -0.00766481 0.00144542 -0.000600421 -0.00617215 0.000935231 0.0021678 0.0037557 0.000252868 0.00585944 -0.0057872 -0.00515239 -0.00628293 -0.00149045 -0.00438496 0.000367309 -0.000989837 0.00773424 -0.000416613 -0.00518965 -0.00610648 0.00692777 0.00404692 -0.00182685 0.000146019 -0.00482875 -0.00359623 -0.00409041
290296 0.00419614 -0.00193097 -0.00774284 -0.000188263 0.00595624 0.00715148 0.000723367 -0.000189005 0.00151573 -0.0057691 -0.000164661 0.00078803 -0.00435843 0.00421636 -0.00216441 0.00394711 0.00561623 -0.00642905 -0.00215 0.00242197 -0.00376349 -0.00368312 0.00483162 0.00576866 0.00457534 0.0034865 0.00119545 0.00766669 0.00324182 -0.00299034 -0.00133674 0.00516696 -0.00439668 -0.00651688 -0.00042991 -0.0011202 0.000786781 0.00657749 0.00597224 0.0049011 0.000242912 0.00270685 0.0034916 0.0076232 0.00338653 -0.00644972 -0.00400375 -0.00650313 0.00753413 -0.00471444 0.00246467 -0.00492777 -0.00598625 -0.00089644 -0.00205057 0.00413676 0.000966303 -0.00505639 0.00727825 -0.00422914 -0.00680478 0.00518737 0.00537793 -1.36378e-05
47415 0.00701668 -0.000900181 0.0041347 -0.00564998 -0.00668573 0.00371216 -0.00398895 0.00740141 -0.00662572 0.000401919 -0.00700649 0.00283565 -0.00763799 0.00155324 0.00402062 -0.00296615 0.00713411 0.00584587 0.000491258 -0.00432555 0.00260782 0.00748051 -0.00445306 -0.00198123 0.00670414 -0.00779463 0.00491552 -0.00064738 0.00219735 0.00219999 -0.000688849 0.00594432 -0.0038742 -0.000595949 0.00746296 0.00731606 0.00238338 -0.000498933 -0.00606001 -0.000594933 -0.00642234 0.00375857 0.000671552 0.0033756 -0.00443185 -0.00330951 0.0034483 0.00090375 0.00572178 0.00744342 0.00407824 -0.00212146 0.0025684 0.000590659 -0.00385255 -0.00499594 -0.00772265 0.00167852 -0.00228461 1.68111e-06 0.00125541 0.00515325 0.00779336 0.00118096
150477 -0.00773379 0.00550047 0.000918925 0.00372747 0.00141612 -0.00166964 0.00502476 0.00409698 0.00724012 -0.00647357 0.00134928 0.00241712 0.000356694 -0.00204186 0.00465417 0.00638041 -0.00160183 -0.00659135 -0.000783013 0.00232744 0.00714058 -0.00765069 -0.0041162 0.00215579 -0.00017351 -0.00573552 -0.00535235 0.00244019 -0.00564503 0.00342171 -0.00700202 -0.00532061 0.00293229 -0.00688846 -0.00332475 0.00364978 -0.00340923 -0.00779629 0.000632198 -0.00313238 0.00301587 -0.00684601 0.00691162 0.000403266 -0.00429975 -0.00371355 9.28218e-06 -0.00120919 0.00487875 -0.000229187 -0.00681372 0.00165494 -0.000330575 -7.71161e-05 0.00402862 -0.00506821 0.00279827 -0.00118115 -0.00550932 0.00288155 0.0022602 0.00532263 -0.0069919 -0.00516718
145730 -0.0020782 -0.0042413 -0.00316052 0.0032833 -0.00452585 -0.00764385 -0.00333974 -9.6946e-05 0.00588519 0.00584767 0.0030129 0.00514789 0.00325259 0.00177818 -0.00505696 -0.00594932 0.00753963 -0.0046305 -0.00154968 -0.00437599 -0.00358604 -0.00274703 -0.00380177 -0.0050197 -0.000606905 -0.00698816 0.00128656 0.00494581 0.000593659 0.00700405 -0.00362584 -0.00600529 0.0032061 -0.00401662 -0.00686861 0.0061405 0.00716364 -0.00226925 0.00655883 0.00333227 0.00306258 -0.000707272 -0.00350013 0.000463176 -0.000741365 -0.0033655 -0.00741756 0.00778237 -0.00210035 0.00738304 0.00166864 0.00711047 -0.000681759 -0.00726649 -0.00759533 -0.00758667 -0.00276732 -0.0029938 -0.00672053 0.00399872 -0.00250607 -0.00757087 0.00502763 -0.000325271
93710 0.00716336 0.00301253 -0.00165351 0.00741013 -0.00467897 -0.00491 -0.00553498 -0.00299147 0.00673885 -0.000774234 -0.000476965 -0.00682238 -0.0073404 -0.00222181 -0.00649857 -0.0075086 -0.00758062 -0.00400426 -0.00514769 0.00367405 -0.00377385 -0.00171851 -0.00535285 -0.0076709 -0.00253149 -0.00471105 0.000938449 0.00270702 0.00268324 -0.00416408 0.00270627 0.00319356 0.00747861 0.00611766 -0.000647379 -0.00600401 0.00319381 0.00583905 0.000151526 0.0014089 0.00713878 -0.00425736 -0.00167334 -0.00258463 -0.00612668 -0.00569388 -0.00405424 -0.00600895 0.00125737 -0.00483678 0.00663699 0.00716579 0.00768315 -0.00200124 0.00241664 -0.000579611 -0.00499767 -0.000790038 -0.00237995 -0.00464345 -0.00394445 -0.00762133 0.00200286 -0.00457373
259932 -0.00451923 0.00575194 0.0040571 0.00700257 -0.00261418 -0.00769779 -0.00149106 0.00536712 0.00378095 0.00583359 0.000223204 0.00334023 -0.000858906 -0.0056997 -0.00438404 -0.00492055 -0.0031396 0.00311228 -0.00709723 -0.000156557 -0.00678713 -0.00508185 -0.00284788 0.00221298 -0.00608591 6.53723e-05 -0.00674668 -0.000679051 0.00582705 0.00746972 -0.0025818 -0.00198282 0.00296771 -0.001961 -0.00555852 0.00113689 -0.00717545 -0.00158653 -0.00682108 -0.00281226 0.0053856 -0.00481459 0.00222002 -0.00709696 0.00621031 -0.00634375 0.00141727 -0.00627252 -0.00765729 -0.00184001 -0.00693661 0.00252819 0.00752413 -0.00436682 0.00478177 0.00441494 0.0076172 0.000452798 0.0031866 -0.00772919 -0.000757386 0.00752536 -0.00331438 0.000878712
291479 -0.00703576 0.00590347 0.00478298 0.000866493 0.00589439 -0.00670518 0.00107906 -0.00406798 -0.00120951 0.00322858 0.00671183 0.00216397 -0.00135506 0.00735578 0.00424151 0.00300647 -0.00565892 0.00102944 0.0049426 -0.00350137 -0.00252331 -0.0055721 0.00185891 -0.00640819 -0.00368418 -0.00148223 0.00124549 0.00623038 0.00746283 -0.00643334 0.005022 -0.00662034 0.000230628 0.0010478 -0.00344391 0.00677583 0.00762598 -0.00357086 0.00530716 0.00455574 -0.00432152 0.00247264 0.00583171 -0.00356545 -0.0072995 0.0068731 -0.00752961 0.00428382 0.0032258 -0.00315061 0.000568447 0.00166206 0.0050774 0.0046892 -0.00622178 0.00372186 0.00761475 0.00367069 -0.00212828 0.00229747 0.000599926 0.00127331 -0.00595357 -0.00429144
174057 0.00630695 -0.00245103 -0.000817683 -0.00452691 0.0016949 -0.000558137 0.00234603 -0.00570664 0.00144767 -0.00764834 -0.00304587 -0.00476917 0.0061567 -0.00162585 -0.0010408 -0.00607756 -0.00258675 -0.00250809 0.0041238 -0.001721 -0.00439546 -0.00369794 -0.000865815 0.00579398 0.00462889 0.00539161 -0.00679869 -0.00414801 -0.00283917 0.00739823 -0.0047113 -0.00373461 0.00201163 0.00543088 0.000387067 -0.00205198 -0.00680169 -0.00260647 0.00144655 -0.00174026 -0.000745154 -0.000961158 -0.000947433 -0.00592017 -0.00437287 0.007037 0.00735107 -0.000518945 -0.00440565 -0.00486325 -0.00151537 0.00541008 -0.00135028 0.00511056 0.00275957 0.00151243 0.00666599 0.00401453 -0.00706563 -0.00615915 0.00138141 0.00723084 0.00699057 -0.00134503
221334 0.00312471 -0.00164032 -0.00638008 0.00534058 0.00461197 0.00442123 -0.00568151 0.00257444 -0.0021987 -0.00249386 0.00417471 -0.00410223 -0.00242281 -0.000945091 -0.00153446 0.000590801 -0.00492764 -0.00735521 0.00289583 0.00201416 -0.00204325 -0.00776434 0.00264645 0.00766754 -0.00486565 -0.00410795 -0.007617 -0.00478077 0.00356293 0.000259399 -0.00709105 0.00600672 0.00334787 -0.00671482 -0.00704193 0.000720501 -0.00304556 0.0067215 0.00118828 -0.00760412 -0.00131893 0.00526857 -0.00500584 -0.00470638 0.00274897 0.00639915 -0.00192881 -0.00769281 0.00176477 0.00459957 -0.00476599 0.00633907 -0.00545549 0.000309467 -0.00546122 -0.00608206 -0.00744486 0.00418043 0.00771332 0.00586748 -0.00479889 0.00443506 -0.0066762 0.00517941
283812 0.00573158 0.00230932 0.00242329 0.005651 -0.00452137 -0.00599813 -0.00700188 -0.000443459 -0.00241852 0.00410271 0.00607538 -0.00582457 0.00353861 0.00204945 -0.00207567 0.000438213 -1.23978e-05 -0.00590944 0.00560856 -0.00336218 0.00655174 -0.00270176 0.00280952 0.00734711 -0.000966549 0.000609398 -0.00182438 -0.00763607 0.000667095 -0.00555754 -0.00124788 -0.00168037 0.00696087 0.0019908 0.000114918 0.00215292 -0.00441122 0.00623703 0.000765324 -0.00716686 -0.00063467 0.0026722 -0.00071764 0.00178671 -0.00623655 -0.00636911 0.00304127 0.00340509 -0.00112295 -0.00202036 0.00699282 0.00546789 0.00667667 0.00144768 0.00256824 0.000863552 -0.00717735 -0.000543118 0.00644445 0.00667667 -0.00111532 -0.00475836 -0.002635 0.002666
292249 -0.00262785 -0.00425673 0.000754356 -0.00480366 -0.00584745 -0.00693083 0.00619078 0.00301409 0.00254965 0.00524521 0.00435114 0.00344372 -4.57764e-05 0.00781202 0.000371456 -0.00523615 0.00122213 0.00185823 -0.00664425 -0.0054121 0.000332832 0.00317192 -0.00226736 0.0050106 -0.00729847 -0.00501776 0.00244141 -0.0012784 0.00149298 0.00395966 0.00614166 0.00371885 -0.00779438 -0.00178862 -0.00681639 -0.00292301 0.00512791 0.00130749 0.0041585 -0.00210047 -0.000697613 -0.00392866 -0.00611162 0.00741339 0.003232 -0.00344515 0.00567389 -0.00116634 0.00346327 0.00254917 -0.00471258 -0.00442123 -0.00560284 -0.0036974 0.005404 0.00296974 -0.00452185 -0.00732565 -0.00729132 0.00386524 0.00596952 0.00551748 -0.00725555 0.00211525
196104 0.000361782 0.00401748 0.00290515 -0.00388306 -0.00295246 0.00299227 0.00281286 0.0073648 0.00669965 0.0019583 -0.00731088 -0.00190922 0.00182172 -0.00671157 0.000957447 -0.00741477 -0.00434923 -0.0075798 0.0017462 0.000498027 -0.00284242 -0.00633419 -0.00665309 -0.00695253 0.00722923 -0.00632974 0.00480393 0.00241868 -0.0043671 0.00392862 0.000506061 -0.00201781 -0.00690339 0.00353641 -0.0018915 0.00375481 0.00251792 0.00516135 0.00762689 -0.00202326 0.00412867 -0.00182422 -5.49867e-05 -0.00170766 -0.00466578 0.00393233 -0.00270088 -0.000668655 -0.0071152 0.00666959 0.00762363 -0.00693305 0.00300633 -0.0039642 0.00512529 0.00439327 -0.00345981 -0.00540626 -0.0065772 -0.00290126 0.00215125 0.00646594 -0.0076567 0.00671563
292302 -0.00207913 -0.00218857 -0.000428119 0.00727443 -0.00716461 0.00195322 0.00617131 -0.00102787 -0.00382149 0.00277634 0.00404571 0.00699281 0.000647631 0.00603882 0.00286779 -0.00494634 0.00374617 -0.00284057 -0.00344405 -0.00455906 0.00730728 0.00747446 0.00348563 0.00296442 0.00343006 0.00334855 -0.00301768 -0.00108457 -0.00388751 -0.00729338 0.00639789 -0.00399051 0.00462689 -4.48219e-05 0.0018687 0.00147668 0.00357996 0.00727908 -0.000673657 0.00712831 -0.00369565 -0.00190923 -0.000659966 -0.000647286 0.0046445 -0.00339409 -0.00743143 0.00214032 -0.000728494 0.00608427 0.00535904 0.0062502 0.00730984 0.00413645 -0.00415195 0.00133708 -0.000453309 -0.00764411 -0.00341671 -0.00591035 -0.00349832 -0.00745251 0.000872821 -0.00396355
35497 -0.00325863 0.00246662 0.00512751 0.00391921 -0.00649361 0.00685465 0.000965308 0.00360882 -0.00373292 -0.00676774 0.000784885 0.00462354 -0.00420511 0.00721713 0.00116343 -0.00442004 0.00670468 -0.00755192 -0.00240555 -0.000212518 0.00164791 -0.00295203 0.00279417 -0.00414762 -0.00325171 0.00752549 -0.00570473 -0.0077919 -0.0074549 -0.00762743 -0.00643351 0.00484659 -0.00166619 -0.00629747 -0.000881551 -0.00718932 0.00095317 0.00544956 0.00690581 1.76739e-05 -0.00301717 -0.00702811 -0.00230325 -0.0031772 -0.00466737 -0.00534215 -0.00147963 -0.00324622 -1.92725e-05 0.00499236 0.00488533 0.00478423 0.00584862 0.000461594 -0.00463568 -0.00196003 0.000644963 -0.00321358 -0.00225845 -0.00561678 0.00603458 -0.00240513 0.000106871 0.00459894
179316 -0.00425 0.00433674 -0.0052898 0.000399786 0.00332016 -0.00428306 -0.00503362 0.00774635 -0.00686952 -0.00237283 0.000144645 0.00430229 -0.00546757 -0.00261339 -0.00109587 -0.00465582 -0.00634084 -0.00602118 0.00158267 -0.00537612 0.00591491 0.000978719 0.0049787 0.00322147 -0.00516932 -0.00267552 0.00411476 -0.00640876 -0.00206428 0.00141005 0.00220961 -0.00751413 0.000362109 -0.00174627 -0.00758376 0.00385254 -0.00502109 0.00489558 0.00302569 0.00621542 0.0041433 0.0032346 -0.00743737 0.000149983 0.00190013 -0.00534189 -0.0014247 -0.00388875 -0.00416536 -0.000695155 -0.00115163 -0.00292931 0.00474216 0.00407392 -0.00211275 0.00634945 0.0034967 -0.00489236 0.000467222 0.00560871 -0.00699524 0.000466325 -0.00505663 -0.00352886
195240 0.00160254 -0.0026188 -0.00181711 0.0032545 0.00303651 0.00121846 0.00409807 0.00590429 -0.00369561 0.00141502 -0.00423753 -0.00391979 -0.00394408 0.000382139 0.00697501 0.00334836 -0.00737083 -0.00624218 -0.00276567 0.000128274 0.00681515 0.00315946 0.000473653 0.00180711 -0.00246626 0.00308688 -0.00523254 0.00680773 0.00191456 -0.00509716 0.00208298 -0.00286912 -0.00205249 0.00397742 0.0077449 0.00600728 -0.00618544 0.00316562 -0.000418995 0.000455797 -0.00800889 -0.00526502 0.00510001 -0.00463428 0.00416117 0.000820572 -0.000325487 0.00530478 -0.00461285 -0.00700868 0.00354197 -0.000454459 0.0024379 -0.00516854 0.00544564 -0.000750825 0.00415994 -0.00183112 0.000479134 -0.00387438 0.00556594 0.0035882 -0.00173929 0.00608409
216124 -0.00257301 -0.000580311 0.00642681 -0.00429344 -0.00293207 0.0013752 0.0046072 -0.000170708 0.00776911 -0.00258303 0.00505066 -0.00678825 0.00771856 0.00115919 -0.0030036 0.00515795 -0.00690126 0.00763798 -0.00259399 -0.00230265 -0.00115204 -0.00484657 0.00298119 0.0074892 -0.00305271 8.4877e-05 0.0050149 -0.00380468 0.00183725 0.00246096 0.00213909 0.00257444 0.00160408 -0.00710058 0.000711918 -0.00574017 -0.00234127 0.00557852 0.000404358 -0.00315523 0.00593472 0.00347376 0.00160503 0.00760698 0.00543737 -0.00572157 0.000956059 0.00588417 -0.000314236 -0.00239182 -0.00398684 0.00492144 0.0049963 0.00754118 -0.00341225 0.00407696 0.00614882 -0.00703478 0.00126934 0.00496626 0.00588989 0.00165796 -0.000813484 -0.00270128
188312 0.00568302 0.00432036 0.00237369 -0.000146047 -0.00271131 -0.0023757 -0.0030462 -8.97288e-05 0.00572543 0.00249404 0.00590811 0.00141445 -0.00250861 -0.0077519 -0.00442949 -0.00583847 0.00725355 -0.00369842 0.00600315 0.00734027 -0.000105856 0.00780749 0.00285235 -0.00298208 -0.00715366 0.00322124 0.00311075 -0.0031506 0.00295031 -0.000680682 0.00338762 9.19277e-05 -0.00146186 0.00244428 -0.00266632 0.00234493 -0.000819167 -0.00593054 0.00182812 0.00122576 0.00418089 -0.00466984 0.00325861 0.00729221 0.00113643 -0.00514224 -0.00629752 0.00307438 0.00152485 0.00152224 -0.00746234 -0.00155861 -0.00470715 0.00638475 0.00468634 -0.00608968 0.00563073 0.00607748 -0.00146977 0.00036937 -0.00460006 -0.0030265 -0.00490664 0.00474209
115512 -0.00606155 -0.00153494 -0.00750542 -0.00113392 -0.00761843 -0.000778198 0.00453711 -0.00745392 0.00764036 -0.00593853 -3.14713e-05 0.00277042 0.00384474 0.00538254 0.0056982 0.00277758 -0.00691032 0.00667191 0.00427532 -0.00533628 0.00443363 0.00149488 -0.00178957 0.00187016 -0.00706673 0.00358295 -0.00349092 0.00451756 0.0026722 -0.00044775 -0.000904083 0.00458765 -0.000682354 -0.000757217 0.000134468 -0.00609016 -0.00133371 0.00521326 0.00778961 -0.00366545 0.000457764 0.00637531 0.00769186 0.00391674 -0.00545692 -0.000813007 -0.00735044 -0.00587082 0.00181675 0.000759125 0.00148916 0.00416899 -0.00487995 -0.00521088 -0.00729656 -0.00374889 0.00627041 -0.00656462 -0.00422335 0.00558662 -0.00118876 -0.000206947 0.00650215 -0.00756788
287331 0.000150088 0.00722771 0.0066519 -0.000717653 -0.00559189 0.00758812 -0.00378689 0.00335282 0.00750131 0.00431744 -0.00340857 0.00289016 -0.00512476 0.00196673 0.00693161 -0.00684227 -0.0056152 -0.000349449 -0.00330533 -0.00445951 -0.000876834 0.00695051 -0.00497158 -0.00118269 -0.00298009 0.000172224 0.000430611 0.0072118 0.00620575 -0.00614617 0.00596808 0.00750755 0.00673451 0.00477042 0.00383503 0.00285627 0.00426635 0.00527804 -0.00112429 0.00384727 0.000469651 0.0024054 0.00472854 -0.000859961 -0.00327847 -0.00400313 0.00473678 -0.000239644 -0.00644434 -0.000804213 -0.00780255 0.00720162 0.00285255 -0.000414504 -0.00606272 -0.000419314 0.00402505 -0.00295472 0.00433507 0.00470272 0.00180916 -0.00310115 -0.000649104 -0.00526263
287867 0.00749588 0.00122118 0.00442362 -0.000141621 0.00757122 0.000710964 -0.00449944 0.00322962 0.00714684 -0.00486565 -0.00264359 -0.000473976 -0.00659657 -0.00190353 0.00230551 -0.00228071 0.000207424 0.00645685 -0.00440693 0.0067668 -0.00590134 0.000217915 0.00702524 0.00368929 -0.00280905 -0.000240326 0.00667763 0.000739098 -0.00467825 -0.0036664 0.00162792 -0.00758266 9.9659e-05 0.00142384 -0.00467205 -0.0072031 0.000689983 -0.000359535 -0.00532722 0.00640583 0.00212336 0.00387812 0.00764275 0.00249958 -0.00466919 -0.00259161 -0.00217819 0.00160742 -0.0068078 -0.0071187 0.00429296 0.000425339 -0.00656891 -0.00708771 0.0025878 0.000196457 0.00263929 0.00410128 -0.00355387 0.00527573 -0.00210857 -0.00146532 -0.00581551 0.00701237
277636 0.00710106 0.00586796 5.14984e-05 0.00715637 -0.00290823 -0.00433445 0.00249672 0.00217104 0.000522137 -0.00128031 -0.00401545 -0.00172424 -0.00123358 0.00202417 0.00264978 -0.00576878 0.00752258 0.00362539 0.00542498 0.0016942 0.00723743 -0.00359774 -0.00668144 -0.00672579 -0.00674915 0.00137424 -0.000781536 0.00436783 0.00650644 -0.00229406 0.00277185 -0.00233936 -0.00215816 -0.00498199 0.000600815 -0.00238514 -0.00391388 0.00141668 0.0070219 -0.00554085 -0.00451231 -0.00777149 0.00627804 3.8147e-06 0.0014329 -0.00777435 -0.00553894 0.00479221 -0.00625801 0.00133181 0.00711823 0.000163078 -0.0035038 0.00159073 0.00510931 0.00223494 -0.0019412 -0.00586128 -0.000923634 0.00701427 0.0039978 0.00708961 0.00384188 0.00113297
79341 -0.00218487 0.00744438 -2.24113e-05 0.00429916 -0.0015521 0.00169277 -0.00614548 0.00233889 0.00506735 -0.00742149 -0.00595999 -0.00309324 0.00251818 -0.00141191 -0.00463772 -0.000496387 0.00541973 0.00674915 0.00724888 -0.00725412 0.00177765 0.0027976 -0.00109196 -0.00096941 -0.00712538 -0.00381565 0.00109673 -0.00171232 0.00590992 -0.00353193 0.00265455 0.00683498 -0.00508308 -0.000801563 0.00655603 -0.0034647 0.00641537 0.00033474 -0.00696468 -0.00248289 -0.00591421 0.00355148 -0.00171709 0.00115824 0.00267363 -0.00739622 -0.00623178 0.00659037 -0.00397205 0.00498056 -0.00656271 -0.000694275 0.00261545 -0.0022397 -0.00427723 0.00199795 -0.00596428 0.00128222 0.000103474 0.0018363 -0.00199747 0.001544 0.00202942 0.00368547
294369 0.0019455 6.1512e-05 0.00282955 -0.00215149 -0.00755644 0.00460243 0.000914574 -0.00191259 -0.000854492 -0.00671816 0.000891209 0.0010047 0.00401735 -0.00394106 0.00690174 0.00691366 0.00644159 -0.00763988 0.00555134 0.000154972 -0.00436592 0.00325966 -0.00150537 -0.00226402 -0.00409126 -0.00119257 -0.00370884 0.00175619 -0.00124931 -0.00106287 0.00234365 -0.00426006 -0.005898 0.00416994 -0.00771141 -0.00778675 -0.00704908 -0.00607729 -0.00422573 0.00602865 0.00362539 0.00363731 0.00474501 0.00764179 -0.00549412 0.0029068 0.00267029 -0.00352716 -0.00693846 0.00770283 -0.00492096 -0.00144529 -0.00545359 -0.00738001 0.00772285 0.00360537 0.00213623 0.00499296 -0.00477457 0.00509262 -0.00315714 -6.58035e-05 0.00153446 0.00218916
200704 0.00273397 0.00126548 -0.000574447 0.00217282 -0.00105542 -0.00198712 0.00033303 0.00720278 0.000180452 -0.00603495 0.00247068 -0.00729039 -0.00519289 -0.00510713 -0.00659067 0.00202434 -0.000308329 0.00730382 -0.00299988 0.00509644 -0.00109616 0.0050859 0.00584198 0.0052342 -0.00560464 0.000425907 -0.00778263 -0.00502879 -0.00193595 0.00361771 -0.0049061 -0.005142 0.00598636 -0.00767848 0.00720545 -0.00488343 0.00290218 0.00314812 0.00360549 0.00262613 0.00637214 -0.00266097 0.00768768 -0.00230471 -0.00417905 0.00406251 0.00465332 0.00297935 0.00128934 0.00556579 0.00481111 0.0064295 -0.0058956 0.00517973 0.00409082 0.00336087 -0.00513793 -0.00745754 0.00356856 -0.00692839 -0.00598362 -0.00313866 0.00733713 0.00760155
139308 0.00687697 0.00516942 0.00400261 -0.00739971 -0.00123973 -0.00100814 -0.00780447 -0.007193 0.0021658 -0.00443098 -0.00747946 -0.00675006 0.00550853 0.00336421 -0.00301799 -0.006154 -0.0022839 -0.00313896 0.00172218 -0.00345905 -0.0017404 0.0077474 -0.00434939 -0.00171559 0.00378447 2.82654e-05 0.00410375 -0.0028264 -0.00657065 0.00120154 -0.00239759 -0.00437326 0.00209818 0.000736086 -0.000843311 -0.00772849 -0.00245339 -0.00571807 -0.00289583 -0.00661001 -0.00758338 -0.00268144 -0.0030442 0.00424733 0.00206797 0.000432112 0.00665898 -5.89023e-05 -0.00189471 0.00243596 0.00758907 -0.00762931 -0.000314318 -0.00022513 0.00250007 0.00539474 -0.000592578 0.005901 0.00522848 -0.0032551 0.00646531 -0.00527327 0.000958385 0.00743396
240040 -0.00239174 -0.00193183 0.00739126 -0.000888381 -0.00387162 0.00115713 3.83647e-05 0.00392374 0.00689554 0.00685884 0.00384778 0.000380185 -0.00359365 0.00630125 0.0050083 -0.000811091 0.00524329 -0.00774873 0.000750513 0.00254612 0.00379637 0.00292142 -0.00268886 -0.00725853 0.000514691 0.004427 -0.00751093 0.00420197 -0.00210795 0.00581793 0.00312054 -0.00273174 -0.00697894 -0.00382385 0.00191979 -0.00584634 -0.00716404 0.00392187 -0.00412075 -0.00780195 0.00651585 -0.00719394 0.00143944 0.00554041 0.000894139 0.00419168 0.00778855 0.000280901 -5.30489e-05 -0.00561533 -0.00381947 -0.00385052 0.00184535 -0.00459776 -0.00282224 0.00600147 0.00390122 0.00108512 0.0036888 -0.00759004 -0.00356417 0.00376696 0.00301021 -0.00297502
255734 -0.00277339 0.00533078 -0.00749613 -0.00300261 0.00304972 0.00590612 -0.00728294 0.0037333 -0.0073185 -0.0025051 -0.00110708 0.00408217 -0.00192116 -0.00365451 -0.0029252 -0.00426825 0.00355749 0.00121777 -0.00150388 -0.00361068 0.00220094 0.00579138 0.00111937 -0.0034081 2.05003e-05 -0.0030149 0.00389624 0.00410732 0.000988382 -0.00751609 -0.0029651 0.0068597 -0.00283212 0.000160911 -0.00545946 0.00343648 -0.00307828 -0.00167557 -0.00392583 0.00510036 0.00752112 -0.00350176 -0.00465227 0.00325979 0.00340718 0.00409595 -0.000641808 -0.00652896 -0.000217392 0.000916671 0.00240767 0.0029408 -0.00106834 0.00331511 0.00581164 -0.00635823 0.00436743 0.00450984 -0.00538385 -0.00464183 -0.00348076 -0.00489335 -0.00496771 -0.00485023
295201 0.00465223 -0.00240039 -0.00271416 0.000704048 -0.00731886 0.00696818 -0.0062861 -0.00579935 -0.00727344 0.0075729 -0.00499448 0.00208302 0.00216811 0.0052268 0.00744582 0.000503351 -0.00258969 -0.00739401 0.0075041 0.00634889 0.00350655 0.00779056 0.00528452 -0.00548229 -0.00561199 0.000127965 -0.00124749 -0.00746012 0.000277133 0.00672984 0.00401718 -0.00767124 -0.0061237 -0.00510135 -0.00465656 -0.000739736 -0.00548578 -0.00148668 0.00182811 -0.000819088 -0.00671132 -0.00247263 0.00760872 0.00686005 -0.00286896 -0.00334409 -0.00392443 -0.00759031 -0.00140236 0.00245835 0.00342826 0.00533839 -0.00272972 -0.00448039 0.00696648 -0.00399529 0.00430288 0.00322197 -0.00273556 -0.00237077 0.000131275 -0.00532098 -0.00238723 -0.00288808
262726 -0.00475407 0.000270367 0.0044651 0.00111103 -0.00747013 0.00566053 0.00315619 0.00110722 0.000883579 0.00671291 0.00137615 2.38419e-06 -0.00767183 -0.00568771 6.58035e-05 0.00667477 -0.000669956 0.00530815 0.000758171 0.00554371 -0.00555229 -0.00698662 7.67708e-05 -0.00552797 -0.00093174 -0.00276899 -0.00762129 0.00456858 0.000835419 -0.00777245 -0.00626373 0.00765896 0.00153637 0.00201273 -0.00113726 -8.10623e-06 -0.00620842 0.00196266 -0.0064435 -0.00392771 0.000824928 -0.00697708 -0.00322533 0.00244713 -0.00672054 0.00190449 0.00489855 0.00219774 0.00485325 0.00288057 -0.000190258 0.0043478 -0.00490141 -0.00102425 0.00271702 0.00144148 -8.96454e-05 -0.00746822 0.00721836 -0.00113201 -0.00695896 0.00481081 -0.00770617 0.00607252
295971 -0.000823498 -0.00037384 0.00496674 -0.00302887 0.00690413 -0.00434256 -0.00230217 -0.00466156 0.00335646 0.00369167 0.00400448 -0.00438833 0.00699234 -0.00467682 -0.00638723 -0.000123501 -0.00157976 -0.00752211 0.00627041 0.00648212 0.000724792 -8.10623e-05 -0.000732422 -0.00332737 0.00607967 -0.00490046 0.00780249 0.00468302 0.000104427 -0.00560093 0.00635529 0.0051899 -0.000500679 0.00384998 0.00771236 0.00043726 -0.00495529 -0.00160027 0.00655842 -0.0059514 -0.00325966 0.00343704 0.0073905 -0.000518799 -0.00494289 0.000748158 -0.00631285 0.00449848 0.00381565 -0.00173426 -5.14984e-05 -0.00725269 -0.00132704 0.00139284 0.00292349 0.00631475 -0.00514746 0.00651741 -0.00323343 0.006598 -2.71797e-05 0.00450611 -0.000322342 0.00174236
296037 0.00749864 0.00539983 -0.00259352 -0.00515267 0.000984063 -0.00599169 -0.00694242 0.00249298 -0.00586201 -0.000534529 -0.00336426 -0.00549555 -0.00136024 0.000901595 -0.00108458 0.00473949 0.00722368 -0.00684932 -0.00274124 -0.00185782 -0.00663465 -0.00323311 -0.00682136 -0.00647972 -0.000351597 -0.00727148 -0.00226272 -0.00346114 0.00330279 0.00394423 -0.0039141 0.00760748 0.00617362 0.00624449 0.000978874 0.00323281 0.00643896 0.000963654 0.00576777 -0.000819489 0.00236466 -0.00542785 -0.00195734 -0.000352518 -0.00208777 -0.002453 0.000627539 0.00442203 0.00410489 -0.00752364 0.00442261 0.00250782 0.00638677 -0.00167162 -0.006011 -0.000887138 0.000702621 -0.00661013 -0.00712344 0.00492878 0.00660087 -0.00382823 0.0012988 0.00290161
273642 0.00343466 0.00389767 0.00385046 -0.006495 -0.00537872 -0.00565577 -0.00288439 -0.00653887 0.00628948 0.00277042 -0.00356579 -0.00559092 0.00573063 -0.0041151 0.00334358 0.00682354 -0.000770092 0.007267 0.00169373 -0.00705242 -0.00186539 0.0063982 -0.00439835 0.000884533 0.00308275 -0.003088 0.00086689 0.0071578 -0.00777102 0.00372839 0.00302887 -0.00150537 0.000869751 0.00718021 -0.00318146 0.00328827 -0.00293827 -0.000576019 -0.00481844 -0.00587749 1.90735e-06 0.00248623 -0.00237751 -0.00319004 0.00514603 0.004498 -0.0064497 -0.000797749 0.00658274 -0.00278664 0.0060029 -0.00477362 -0.00686789 -0.00676584 0.00142574 0.00740433 0.00557327 0.00292158 -0.000991344 0.00143194 0.0064621 0.00566292 0.00213146 0.00482988
296824 -0.00631046 0.00481418 0.00737309 -0.000553323 -9.95512e-05 -0.00195895 -0.00562119 -0.00612535 0.0024747 -0.00109037 -0.00289607 0.00103498 -0.00365926 0.00412702 0.00210351 -0.000513813 0.0025232 -0.00434125 -0.00734313 -0.00463208 0.0017233 -0.00287041 -0.00314215 -0.00454198 0.000535504 0.00669208 0.00118253 -0.00664254 0.00335368 0.000170202 -0.00295774 0.000558576 0.00198987 -0.00300465 0.00568728 0.00315843 0.0063628 0.00686473 0.00224612 0.000471547 -0.00482507 -0.00692744 -0.00407896 -0.00732814 -0.00346217 -0.00534382 -0.00495388 -0.00601014 0.00424589 0.000739136 0.00525634 0.00297455 0.00429369 -0.00273623 -0.00413892 0.00414633 0.00549079 -0.000930921 -0.00475896 -0.00433398 0.0008969 0.00415613 -0.000593329 -0.00489616
138452 -0.007248 -0.00544299 -0.00142408 -0.00407786 0.00538961 -0.00113556 -0.0072933 0.00590009 0.0003118 -0.00324356 0.000369157 -0.00372622 -0.0067403 -0.00504475 -0.00170547 -0.000389873 0.006435 0.00547147 -0.00159375 0.00261642 -0.00158075 0.00744482 -0.00497444 -0.00675021 -0.000186455 -0.0024911 0.00600344 -0.00222106 0.00278507 0.00712496 0.00258869 -0.00262268 0.00458379 0.00464521 -0.00147389 -0.00219064 0.00326871 -0.00257291 -0.00031711 0.00110648 0.00184454 0.0022433 0.00637252 -0.00335296 0.00664714 -0.00405891 0.00421722 0.0016785 -0.00213564 -0.00095373 -0.00502226 0.00277729 -0.00104502 -0.00185799 0.00320274 0.00098142 0.00400178 1.42214e-06 0.000830442 -0.00442857 -0.00115845 0.00179596 -0.00209394 0.000262898
233530 0.00731182 -0.00164175 0.00752926 0.00500965 0.00755978 -0.00187969 -0.00779915 -0.00739002 -0.00639868 -0.00286674 -0.00020504 0.00157499 -0.00412798 0.00775528 0.00266171 0.000518799 0.00765848 -0.00269508 0.00749493 0.0032382 0.00634336 0.00563192 -0.00387907 0.00212097 0.000623226 -0.000287056 -0.000568867 -0.00716496 -0.00421524 -5.48363e-05 0.00514984 -0.00394726 -0.00430632 0.00499725 0.00167704 0.00541639 -0.00391293 -0.000122547 -0.000679016 0.00188208 -0.00592995 -0.00404215 0.00303459 -0.00511694 -0.000342846 -0.00301218 -0.00327873 -0.00391483 -0.00386524 -0.00391054 0.00697565 -0.0044508 0.00696325 0.00713968 -0.00617838 0.00231743 -0.00276041 0.00115776 -0.0043087 0.000496864 0.0018177 0.00110388 -0.00504351 -0.00777197
239051 0.00498104 0.00257874 -0.00624752 -0.0057683 -0.0049839 0.00508595 0.000788212 0.00307941 -0.000169754 -0.00678349 -0.0029974 -0.000993252 -0.00428915 -0.00382853 0.00263262 0.00340509 -0.00462484 0.00247765 0.00106335 -0.00580359 0.00427246 -0.00105715 -0.00173473 0.00672054 -0.00495148 0.00445271 0.0044446 0.00559044 -0.00462008 -0.00735044 -0.00203705 -0.00422382 0.00158596 -0.00401735 0.001894 0.0052352 0.000726223 0.00391531 0.0051589 0.00111246 0.00109625 -0.00535679 -0.000772476 -0.00317812 -0.005548 -0.00562429 0.00295115 0.00578213 -0.000132084 0.00352621 0.00276947 0.00537109 0.00319576 -0.00364113 -0.00665045 0.00437117 0.00452852 0.00532198 -0.000969887 0.0024662 0.00324726 -0.0033884 -0.00449562 -0.00243235
153138 -0.00755358 0.00131845 0.00273752 0.00140524 -0.00456285 0.00557756 0.00292301 0.000401497 -0.00263834 0.00157642 0.00135851 -0.0058465 0.00776291 -0.000284672 -0.00658417 0.0016551 -0.00224781 -0.00247717 -0.000772476 -0.00428629 -0.00550175 0.00249529 0.00740671 -0.000553608 -0.00143909 -0.0049057 0.00503254 -0.00720119 0.00678396 0.00718832 -0.00227594 0.00361156 -0.00622034 -0.000949383 -0.0060873 -8.01086e-05 -0.0059166 0.00707817 -0.00224638 0.00488043 -0.00260401 -0.00466442 0.000416756 0.00415087 0.0021162 -0.00752783 -0.00142622 0.004601 0.00207138 -0.0060153 -0.00143337 0.00168943 0.00165892 -0.00737 0.00382662 -0.00436497 0.00617933 0.0075798 0.00653362 0.00121212 0.00444603 0.00637007 -0.00330114 0.00380182
273268 -0.000171415 -0.00349422 -0.00595124 -0.00596844 -0.00256175 -0.00678105 0.00650632 0.00237151 0.00361988 -0.000276199 -0.00120139 0.000411127 -0.00768061 0.00322251 -0.00634398 -0.00353852 0.00389377 -0.00196651 -0.00134049 0.00458523 0.00274515 -0.00766365 0.00606129 -0.00386136 0.00319258 -0.00593014 -0.00701642 -0.00284749 -0.0038503 -0.00480914 -0.00231322 0.00316635 -0.00150579 -0.00340237 -0.00411443 -6.28523e-05 0.00774559 -0.000917524 -0.00327567 -0.00418029 -0.00351591 0.00288793 0.00425349 -0.00488932 -0.0053369 0.00345268 -0.00167123 0.0054576 0.0035712 -0.00522322 0.00275718 -0.00698295 -0.00707273 -0.000656109 0.00386028 0.00367 0.00595382 -0.00479635 0.00609083 0.00427118 -0.00108338 -0.00627404 0.00351651 0.00626505
252326 0.00256109 -0.00214195 -0.00243855 -0.00570917 -0.00254726 0.000686169 -0.00398874 0.00333309 -0.00302696 0.00422192 -0.00132179 0.00774288 -0.00436974 -0.000669003 -0.00143576 -0.00318336 -0.00490475 -0.00382757 0.00385141 -0.00582933 5.72205e-05 -0.000813484 0.000173092 0.00481987 -0.00682688 0.000366688 -0.000843525 0.00666285 -4.48227e-05 -0.00577545 -0.00107527 0.00150394 0.00286818 -0.00556469 0.00254965 -0.00768328 0.00298309 -0.00691986 -0.0017333 -0.00436687 0.0040803 -0.00128555 0.000573635 0.00262976 -0.00119829 0.000433445 -0.00648069 -0.00219631 -0.00262594 -0.00584269 0.000302315 -0.00431728 0.00661707 -0.00355768 -0.00450373 0.00133467 -0.000230312 -0.00546503 -0.00661373 -0.00425339 0.00358915 -0.00765514 -0.00251532 -0.00753546
298145 -0.000485534 0.0073168 0.00410114 0.000921567 -0.000272819 0.00600008 -0.00502444 0.0054671 -0.00517341 -0.00741067 0.00256459 -0.00170807 -0.00638943 0.00414102 -0.00447597 0.00392687 0.00734648 0.00753844 -0.00418237 -0.00748844 -0.00348216 -0.000900789 0.00350399 -0.00554143 0.00739423 0.00517403 -0.000301417 0.00152209 -4.209e-05 0.00279456 -0.00531929 -0.00214376 0.00190241 0.00624526 0.000778305 0.00313061 -0.00422083 -0.00559314 0.00636903 0.00255179 0.0024251 0.00331367 0.00266897 0.004935 0.002169 -0.00439871 -0.00110612 -0.00542208 -7.22788e-05 0.0038157 -0.000406843 0.00260111 0.00206915 0.00294424 0.00421404 0.000589488 0.0070584 -0.0071172 0.00318081 -0.00120534 -0.00364304 -0.00320194 -0.000766634 0.00461802
270626 -0.00260629 0.00335492 -0.00335704 0.00489277 0.000670269 -0.005069 0.00345229 0.00311111 0.00682115 -0.0029935 0.00420963 -0.00673486 0.00121971 -0.00536699 -0.00460419 -0.00447099 0.00627783 -0.006989 -0.00524657 0.0042282 -0.00553889 0.00718976 0.00641085 0.00432591 -0.00114332 0.00748121 -0.00575002 0.000998278 0.00141849 -0.0040211 0.00167693 -0.00075205 -0.00170991 0.0065291 0.000991903 0.00384602 -0.00577147 0.000619652 0.00160222 0.00709679 -0.00272404 -0.00195689 0.000331076 0.00374557 0.000206474 -0.00671101 0.00572191 0.000841055 0.00425335 -0.00363941 0.00120013 -0.00123351 -0.00672944 -0.00119782 0.000826486 0.00550763 -0.00757527 0.000848312 -4.60164e-05 -0.00246738 -0.00586464 -0.00603506 0.00585816 -0.00100588
265393 -0.00497507 0.00354192 -0.00271353 0.00495135 0.0045372 -0.00762851 -0.00187631 -0.00153399 0.00349793 -0.00497239 0.00515439 0.00609105 -0.00559457 0.00256103 0.00120022 0.00409331 -0.00333793 -0.000536552 -0.00277177 -0.0051687 0.00391871 -0.000528516 0.00699568 0.00339468 0.00646083 -0.00153394 0.00582304 0.00088185 0.00167683 0.00351504 -0.00249288 0.00494118 0.00274562 -0.0066119 0.00563695 0.00485688 -0.0012923 0.00135911 0.00354302 0.00744647 0.00209195 0.00346366 0.00686627 -0.00710538 -0.00380671 0.00568857 -0.00246726 -0.00170008 -0.00444824 -0.000860999 -0.00212538 -0.00720091 0.00207484 0.00302764 -0.00486589 -0.00318388 0.00655919 0.00581686 0.00281947 -0.000533277 0.0060474 -0.00607931 0.00677871 0.00218734
279595 -0.000902176 0.00194883 0.00461292 0.00761795 0.00776815 -0.000244617 -0.00528431 0.00145054 -0.0055089 0.00314522 -0.000861645 -0.00458479 0.00378656 0.00492811 -0.00752687 0.00730324 0.00664711 0.00341463 -0.00779724 0.000238419 -0.00399542 0.00670052 -0.00442076 -0.00032568 -0.00120974 -0.00726652 0.00277901 0.00480223 0.00605345 0.000449657 -0.00111437 0.00637293 0.00229692 0.00384521 -0.00617027 -0.00674629 0.00173664 -0.00573921 -0.00716114 -0.00588703 0.00701571 0.000874519 -0.00348377 0.0053091 0.00121737 0.00593662 -0.00313139 0.00760746 -0.00193024 0.000356197 0.00588703 0.000941277 -0.00443459 -0.00444555 0.00488186 -0.00578356 -0.00147915 0.00281811 0.00742912 0.00436115 0.00216198 -0.000806332 -0.000881195 0.00164032
196127 -0.00710094 0.00052806 -0.00615127 -0.00394767 -0.00103492 -0.0049171 0.00111999 -0.00133147 -0.00282225 -0.00106358 0.00336285 0.00593706 0.00526039 0.00218791 0.00353418 0.00642385 -0.00590499 0.00483606 0.00752751 0.00157022 -0.00360806 0.00491969 0.00158052 -0.00660148 -0.000860234 -0.00288774 -0.00747316 -0.00701135 -0.00376707 0.000957012 -0.000938784 0.00275097 0.00761198 0.00469594 -0.000617991 -0.00491863 0.00364755 0.000213335 0.00466497 -0.00343941 -0.00573245 -0.00476694 -0.00186406 0.00361871 0.00289804 0.00617822 0.00283292 -0.00513651 -0.00298411 -0.00388758 0.00231605 0.0005069 -0.00439788 -0.00458051 -0.00699501 -0.00593987 0.00331541 -0.00521471 0.00173512 0.00410331 0.00724205 0.00433493 0.0034902 -0.00722414
135678 -0.001297 -0.00661325 -0.0051322 -0.00758505 0.00581312 -0.00458431 0.00179672 5.48363e-05 0.00558138 -0.00106573 -0.00406837 -0.00364685 -0.0018034 0.0026083 -0.00167608 -0.00520372 0.00278902 -0.00410557 0.000832558 0.00345469 0.00738907 -0.00640202 -0.000316143 -0.00742769 0.00735331 -0.00503588 0.00592899 0.000308514 -0.00689793 -0.00428677 -0.000889778 0.00114346 0.00582075 0.00175762 0.00137615 -0.00260162 -0.00303888 0.00113916 0.00398779 0.00525808 0.000825882 -0.000833035 0.00157928 0.00511408 -0.00330591 -0.00482225 0.00673723 -0.00362396 0.00102139 0.00589418 0.00338888 0.00781202 0.000551224 -0.00182152 -0.00718689 0.000441074 0.00124025 -0.0075922 -0.0029788 -0.00157833 0.00696278 -0.00385809 0.00143147 -0.00567818
93051 -0.000228882 -0.00193453 -0.00152779 -0.00452471 0.0013032 -0.0056324 0.00466061 0.00780344 0.00586271 -0.00370741 -0.00596619 -0.00431633 0.00538969 0.00665426 -0.00450706 0.00487232 0.00621843 0.00779676 4.81606e-05 0.00268221 -0.00778151 -0.0043354 0.00365686 -0.00257397 -0.000155926 -0.00690985 0.00352097 0.00695181 -0.00594473 -0.00115633 -0.00771999 0.000778198 0.00751257 -0.00695086 0.00234222 -0.00496578 -0.00235987 0.00238085 -0.00520658 0.00283575 -0.00667048 0.00190401 0.00449514 0.00367212 0.0014987 0.000718117 0.00769329 -0.00617743 -0.0047102 -0.0054822 0.00186968 0.000115871 0.00098753 0.00723124 -0.0014658 -0.00594807 -0.00393391 -0.00140572 -0.00318623 -0.00514174 -0.00517321 0.000458241 -0.00208855 0.00161743
151379 0.00278183 -0.00694499 0.00330279 -0.0038353 -0.00250524 -0.00662508 -0.00583083 0.000627885 0.0076388 0.00757477 0.00703471 -0.00611863 -0.00504803 0.00696637 0.00587291 -0.00122282 0.00129829 0.00146412 -0.00596544 0.00387112 4.44162e-05 -0.00502987 0.00380789 0.000358879 0.00772245 0.0061178 0.000530028 0.000927162 0.00431392 0.00104019 -0.00472757 -0.00691662 -0.000164342 2.01834e-05 -0.00299907 0.00627292 -0.00178533 0.00146327 0.00451548 -0.00462919 -0.00688274 0.000475185 -0.00328657 0.000969069 -0.0028626 -0.00407588 -0.00299847 -0.0077082 0.00408254 -0.00288515 -0.0016524 -0.00625602 -0.00471022 0.00252133 -0.0034045 -0.00536308 -0.000656045 -0.00720326 -0.00319929 -0.0068554 0.00339177 0.00406912 0.00571981 0.00217097
246439 0.00660326 -0.00410879 0.000140662 -0.0067748 -0.00138599 0.00168008 -0.00613409 -0.00365729 -0.00291158 -0.00532989 0.00523993 0.00436903 0.00530077 0.0040097 0.00123919 -0.00667942 -0.00724735 -0.00753737 -0.00491758 0.00379067 -0.00590896 -0.00118754 -0.00167532 0.00157306 0.00735781 -0.00604848 0.00438056 -0.00632042 0.00566146 0.00081216 0.00132435 -0.00707866 -0.00660197 0.00508157 0.00351097 -0.00529574 -0.00100299 0.00373578 0.00591918 -0.00326016 -0.00193287 -0.000240771 0.0071634 0.00649059 0.00250706 -0.00704518 0.00503453 0.00469577 -0.00303081 -0.00589992 0.00118936 -0.00277537 0.00528712 0.00306578 -0.00316637 -0.00150308 -0.000764313 -0.00643723 0.000501265 0.000791888 -0.0050802 0.0015807 -0.00141996 0.00696059
299848 0.0022981 0.000698188 0.00329288 -0.0067734 0.00111694 0.00509522 0.00382973 0.00489982 -0.000554378 0.0053895 -0.00198089 0.00145319 0.0045599 0.00604322 -0.00758958 -0.00249275 -0.00686746 0.00422129 0.00769135 0.00708176 -0.0077249 0.00667087 -0.00689449 -0.00651558 -0.00136365 0.0024895 -0.000957094 0.00445556 0.0033224 0.00448265 -0.00409447 0.00734642 0.00656768 -0.0015992 0.000970101 -0.00575842 -0.00745274 0.00671416 -0.0048278 -0.00260236 -0.00174561 -0.00322786 -0.00559938 0.00630661 -0.00257467 -0.00380574 0.00746225 0.00487412 -0.00178747 0.00500677 -0.00461585 -0.00437744 -0.00190104 0.00443412 0.00133121 -0.00586519 0.00727676 -0.00404931 0.00360318 0.00193194 0.00195328 -0.00459922 0.00490223 0.00346477
270371 0.00436928 -0.00623086 0.00350689 -0.00508356 -0.00642117 -0.00274927 0.000746225 -0.00276956 0.00086844 0.00160924 0.00256995 -0.00144307 -0.00014128 -0.0021009 -0.00195368 -0.00308653 0.00716656 0.0054648 -0.00273976 -0.00513016 0.00472358 -0.00542059 0.00195062 0.00755491 0.00483169 0.00728122 0.00754391 -0.00215918 -0.00533889 -0.00508158 0.00350175 0.00432455 0.00308236 -0.00632793 0.00754203 -0.000304424 -0.00520376 0.00010478 0.00755368 -0.0044145 0.00724375 -0.00363295 0.00296945 -0.00573126 0.000787746 0.00219244 0.00339869 0.0057609 -0.00699517 -0.00537951 0.00491049 -0.00254676 -0.00444615 -0.00559687 0.00425967 -0.00654374 -0.00402574 0.00292013 -0.00600295 0.00409915 0.00238527 -0.00425144 -0.00157728 0.0027001
71136 0.00384569 0.000465393 -0.000538349 0.00484753 0.00372648 -0.00478125 0.000244617 -0.00106859 -0.00459623 -6.7234e-05 -0.00302124 0.00121021 0.00623035 0.00349712 -0.00225019 0.00053072 0.000531673 0.00396252 -0.000422478 0.00309038 0.00241232 -0.00670385 -0.00048399 0.00490999 -0.00546169 0.00729179 -0.00172424 -0.00691986 0.000597954 -0.00594997 -0.00607395 0.00655413 0.00135517 -0.00335646 0.00230217 -0.00182724 -0.00174618 -0.0028801 -0.00770044 -0.00255489 -0.000523567 -0.00440979 0.00704956 0.00327587 -0.00757504 -0.000320435 -0.000215054 -0.00321722 0.00564289 -0.00191545 -0.000854969 0.00339651 -0.00396872 -0.000230312 0.00772524 0.000634193 -0.00749922 -0.0062108 -0.00137949 0.00699711 -0.00247574 0.00502729 0.00751591 0.00774908
148287 -0.000380021 0.00708406 -0.00242694 0.00615237 0.00452309 -0.00741383 -0.00529837 -0.0034453 0.000403138 -0.00652891 -0.00155669 0.00726145 -0.000427524 0.00764949 -0.00549193 -0.0060809 -0.00643788 -0.000305344 -0.00437669 -0.00278094 -0.00450853 -0.00554367 -0.000394671 0.00142373 0.00667228 -0.00626407 -0.00575345 0.00162285 0.00285697 0.000405869 0.00732965 -0.0023634 -0.00366492 0.00541302 0.00342234 6.99757e-05 0.00329631 0.00303462 0.000356211 0.00115506 0.00406924 -0.000710656 0.0043342 -0.00400298 0.00684585 0.000831816 -0.00428735 0.00650496 0.0056664 -0.00416809 0.00207354 0.00639011 0.00572829 -0.0073058 0.00592607 -0.00368964 0.000650894 0.00285606 0.00537657 0.00254824 -0.00351512 0.00221947 0.00595821 -0.00166119
1109 -0.0016111 0.00772692 -0.00352374 0.00538396 -0.00759466 0.00642591 -0.000222245 6.59623e-05 -0.00571243 -0.00120308 0.000718891 0.00660713 -0.00510667 0.00297316 -0.000829137 0.00172227 -0.00117985 0.000408892 0.00556916 -0.00249333 0.0018678 -0.00241364 -0.00747092 0.00511323 -0.00581402 -0.00315782 -0.00492691 -0.00415536 0.00666367 0.00468235 -0.00212015 0.000262086 0.00641745 -0.00548389 0.00562147 -0.00757337 0.00242649 -0.000240211 -0.00337162 -0.00280825 -0.00452174 0.00452953 0.000263394 0.00533511 -0.00735696 -0.00562023 -0.00186001 -0.00684363 0.0016901 0.00735839 -0.00135756 0.00709677 0.00739777 -4.07271e-06 0.000929922 0.000240878 0.000730296 -0.00608514 -0.00568857 0.00612427 0.000613359 0.00537728 0.00650322 -0.00673147
261744 -0.00098688 0.00432312 0.00261896 0.00131422 0.00286676 -0.000889194 0.00778353 -0.00397952 -0.00553971 -0.00659912 0.00534895 -0.00295403 -0.000688218 0.00561693 -0.000871264 -0.0061331 0.00539582 0.00613837 -0.00520565 0.000771334 0.000390578 -0.00570594 0.00768615 0.000533376 -0.00397605 0.00779038 -0.00747174 0.00282541 -0.00619124 0.00536348 0.00575092 -0.0019881 -0.00468712 -0.00678127 -0.00418831 0.00134579 -0.00402015 -0.00733549 0.000752075 -0.00054363 0.00287986 0.000493959 -0.00750614 -0.00607058 -6.18754e-05 -0.00745456 0.00615906 0.000866019 -0.00540124 -0.00251508 -0.00271921 -0.00157614 0.00725025 -0.00618656 0.00257405 -0.00690079 -0.0035376 0.00106065 0.00020417 -0.00602157 0.00333411 -0.0065503 -0.00149984 0.0034405
152909 -0.00748535 0.00657772 -0.000992439 0.000452792 0.00109813 0.00333445 0.00323761 -0.00559565 -0.0050988 -0.00611405 0.00607686 -0.000170075 -0.00337737 -0.00749083 0.00524043 -0.00506805 -0.00541927 -0.00665262 -0.00097858 -0.00402966 -0.00667376 -0.000251266 0.00414546 -0.00425635 -0.00360836 -0.00569746 0.00190692 -0.00504595 0.000783548 -0.00687431 0.000727446 -0.00205282 -0.00294453 0.00744615 -6.97875e-05 -0.00176391 0.0077953 -0.00512934 -0.00676063 -0.00166036 0.000662221 -0.000155356 0.002116 -0.00533317 -0.00705056 -0.000383177 -0.00455372 0.00351201 -0.00706789 0.00139533 -0.001479 -0.00328717 0.00361456 0.000970435 -0.0027353 -0.00533658 -0.000501437 0.0038576 0.00311312 -0.00292804 0.00600914 7.37152e-05 -0.00520529 0.000791048
260936 -0.00654745 0.000883579 0.00763416 0.00162077 0.00693178 -0.00292349 -0.00616789 -0.00265932 -0.00259495 -0.00662136 0.00446367 -0.0029974 -0.00605202 -0.00448513 0.00482655 0.00627422 0.00237226 -0.00668287 -0.000584126 -0.00446939 0.00645304 0.00553846 -0.00433969 0.00660563 0.00293636 -0.00549412 -0.000758648 -0.000747681 -0.00632572 -0.00221014 0.00731182 -0.00066328 0.00665426 0.00373363 0.00497437 -0.00642014 0.00677443 -0.00385332 -0.0061636 -0.00775957 0.00250483 0.00750875 -0.00448704 0.00143099 0.00616217 -0.00339222 -0.00362349 -0.00166178 -0.0023098 -0.000658989 -0.00481176 -0.00521278 0.0027895 -0.00640249 -0.00509167 0.0011692 -0.00219822 0.00507259 0.00656176 0.00742579 0.00218201 0.00432014 0.000220299 -0.00376701
137839 -0.00715828 -0.00312185 -0.00403833 -0.00430012 0.00120258 -0.00259113 -0.00449562 -0.000769615 -0.00401878 -0.00718689 -0.00574923 -0.00576258 0.00630474 0.00712442 -0.00682116 0.00547504 -0.00557375 -0.00183964 0.000330448 0.00406504 -0.00486326 -0.00440407 0.0038209 -0.00577497 -0.000105858 0.00731993 -0.000121593 0.00377703 -0.00661039 -0.00563717 -0.00466537 -0.00643349 -0.00442505 0.00375128 0.00557184 0.00562668 0.00124502 -0.00603724 -0.00139666 0.00271225 -0.00167656 0.00483036 -0.0062089 0.000288963 0.00381613 0.00344086 0.000249863 0.00610399 0.00171661 -0.00461435 0.0034399 -0.00657797 0.00306797 -0.00147057 -0.00249243 0.0011816 0.00309134 -9.91821e-05 0.00624132 -0.00660229 -0.00690413 -0.00712252 -0.0035491 -0.00704908
300663 0.00519037 -0.0034833 0.00164986 -0.00291967 0.0037694 -0.00204945 0.000459194 0.00222445 -0.00757837 0.000954151 -0.00737953 0.00490332 -0.0060215 -0.00339985 0.00453901 -0.006217 0.00672531 -0.00776482 -0.00151396 0.00274181 0.000745296 -0.00718784 -0.00448895 0.00570726 -0.00507736 -0.00730038 -0.00442886 0.00433016 -0.00268555 -0.00300789 0.00492334 -0.00448847 0.00567818 0.00544405 0.00428772 -0.00201893 0.00710869 -0.00631857 -0.00404406 -0.00318289 0.00169516 -0.00331736 -0.0054059 0.000722408 0.00478745 0.0010643 0.00618029 -0.0071702 0.00589275 0.0011549 0.000433445 0.00110531 -0.00495243 0.00352573 -0.000692844 0.00660896 0.00344515 0.00683022 0.00566006 -0.00618458 0.0035243 0.00725222 0.00403929 0.00188541
163725 0.00593175 -0.00609575 0.00770571 -0.00330701 -0.00455253 0.000128606 -0.00682335 0.0006775 -0.00365308 0.00311569 -0.00668943 0.00333554 0.00320826 0.00345043 0.00286043 -0.0041748 0.00493563 -0.00105347 -0.00164338 -0.00382356 -0.00568767 -0.00333086 -0.00769045 0.00220182 0.00349629 -0.00348964 0.00154807 0.00455669 -0.00495735 -0.00362901 0.00590274 -0.00340987 -0.00713979 -0.000983558 -0.00416026 0.0045444 0.00126875 -0.00717316 -0.00229708 -0.00376005 0.00269445 -0.00425968 0.00339288 0.00442829 0.00454186 -0.00615909 0.00546715 -0.0051322 0.00323135 0.00490994 0.00238831 0.00293716 -0.00726663 0.00416223 0.00235485 0.00594754 -0.00518064 0.00533501 0.000515814 -0.00722254 0.00351572 0.00297622 0.00453795 -0.00507322
37678 -0.00607346 0.00659967 0.00492129 -0.00670446 -0.00392405 -0.00241681 -0.0028473 -0.00323801 -0.00608765 -0.0075486 -0.00210684 0.00293312 -0.00573494 -0.00308208 0.00680427 -0.00282239 -0.00622399 0.00264255 -0.00336573 -0.00322947 0.00157522 -0.00115375 -0.00764473 -0.000443001 0.00201055 -0.00568103 -0.00603893 0.00024614 -0.000393049 0.00663647 0.00713673 -0.00395064 -0.00102786 -0.00188394 -0.00161021 0.00455959 -0.000331468 -0.0032422 -0.00777585 -0.00072371 -0.000781 0.00682666 0.0021852 0.0052225 0.006314 -0.00605486 -0.00277376 -0.00613773 -0.00545679 0.00268078 0.00202351 0.00736915 0.00232695 0.00381728 0.000882005 -0.0045096 -0.00345594 -0.00172043 -0.00568031 -0.00218309 0.00223186 0.0059081 0.00287411 -0.00132762
106356 0.0071362 -0.00254329 0.0075767 -0.00654638 0.00209841 0.00735614 -0.00313266 0.000435468 -0.00525229 0.00113779 9.95182e-05 -0.00635092 -0.00219088 0.000865361 -0.00406168 0.00681523 0.00145924 -0.00451744 -0.0021732 -0.0064791 -0.00643389 -0.00121127 0.00157855 0.00577841 0.00596247 0.000723294 0.00370306 -0.00495944 0.000598842 0.00282852 -0.00592009 0.000944122 -0.0044507 -0.00707161 0.00666532 0.000633503 -0.00514897 0.00297196 0.00694049 -0.0036524 -0.00298962 -0.00424246 -0.00353481 0.004821 0.00557284 0.00575645 0.00402783 -0.00508332 0.00411669 -0.00162147 -2.04845e-05 -0.000474483 0.00658527 -0.00191564 -0.00308069 -0.0049838 0.00461242 -0.00359668 -0.00161238 -0.00693552 0.000955448 0.00282298 -0.00374441 0.000606876
145117 -0.00246434 -0.000358 0.00646311 -0.00410722 0.00214464 0.00743775 0.00025604 -0.00172212 0.000640253 0.00668913 0.00147791 0.00452454 0.0053439 0.000116115 0.00453894 -0.00529167 0.00141137 -0.00695304 -0.00144402 -0.00116469 -0.00398366 0.00384224 0.00253161 0.00546636 0.00736434 0.00693 0.00689964 0.000414613 -0.00457476 -0.000884325 0.00687466 -0.00512737 -0.00682532 -0.00286804 0.00756783 0.0032736 0.00276949 0.00120165 -0.00101763 0.0013278 -0.00608705 -0.00135991 -0.000502792 -0.00289747 0.00558313 -0.0054561 -0.00628664 -0.00467491 0.00149286 0.0036765 0.00460798 0.00355946 -0.00392346 0.00595918 0.000332791 0.00080768 0.00714328 0.00262011 0.000627178 0.00162831 -0.00680583 0.0039525 0.00526993 -0.0039083
294666 0.00306237 0.00728069 0.000270892 0.0072262 -0.00738347 -0.000703702 0.00740085 0.000268798 0.00560921 -0.00559829 -0.00422503 -0.00576688 0.000632436 0.00298152 -0.00344185 0.0010421 0.00623689 0.00313254 0.0033072 0.00177976 -0.00448072 -0.00218451 0.00112861 0.00666111 0.00612022 -0.00372338 0.0031901 0.00435739 0.00496421 0.00179022 -0.000287638 0.000487433 -0.00542573 0.000886009 -0.00424266 -0.000468979 0.000363819 0.0046392 -0.00417571 0.00465234 -0.00442903 -0.00318124 0.00112594 -0.000661691 0.00180765 -0.00404416 0.00449809 0.000176095 -0.00466231 0.00687723 0.000921766 0.00461006 0.000433902 0.00741401 -0.00244043 0.00138648 9.26532e-05 -0.00363874 -0.00334751 0.00766864 -0.00416497 -0.00393305 -0.00412272 0.00388769
272018 0.00692731 0.00661499 -0.00470246 -0.00514206 -0.00658758 0.00776886 -0.00509344 -0.00710837 -0.00427241 0.00436925 0.000213675 0.00749097 0.00640456 -0.00572724 0.00630401 -0.00411365 0.0049094 -0.00555118 -0.00680984 -0.00102281 0.00234122 0.00367183 -0.00446462 -0.00604345 -0.00588962 0.00686176 -6.41558e-05 0.00262878 -0.00475791 -0.00626448 -0.00297295 0.00148836 -0.00520025 0.00223707 0.00514748 -0.000248507 0.00345502 0.0028755 0.0013904 0.00467074 0.000113373 -0.00467117 -0.000988129 0.00542261 -0.00247 0.00646656 0.00417382 0.00673164 0.00209582 0.00395119 -0.0027736 -0.0046794 -0.00543278 0.0057866 -0.00155543 -0.0069808 0.00279063 -0.00385094 0.00571966 0.00305187 0.00251068 0.00501653 0.00416284 0.00366648
251326 0.000259248 0.00750314 0.00594238 -0.00330652 0.000968486 0.00307782 -0.00589541 0.0017412 -0.00354885 0.00617559 -0.00713991 0.00289803 0.0064918 -0.00212394 -0.00231221 0.00377937 -0.00547475 0.0060555 0.00390193 -0.00483092 0.00301182 0.00521734 0.00729856 0.00655234 0.00265075 0.00635501 -0.00322833 -0.00106103 0.00290141 -0.00311979 -2.64206e-05 0.00480871 -0.00340674 0.00697285 -0.000853928 0.00676084 0.00472419 -0.00642839 -0.00373824 0.00740027 -0.00259204 0.00661222 -0.00148128 0.00135699 0.00376068 -0.000617605 -0.000295691 0.0045189 -0.000863233 -0.00124013 -0.00586841 -0.00779015 -0.00744357 -0.00329622 0.0050058 -0.00457279 -0.00445293 -0.00290928 -0.0077646 0.00315302 -0.00123629 0.00199434 -0.00385198 -0.00133319
301926 -0.00252116 -0.00387011 0.00734988 -0.00418335 0.00384431 -0.00558727 -0.00261617 -0.002182 -0.00628869 -0.00696706 0.00656018 -0.00604592 -0.00763485 -0.001389 0.00503705 -0.00533741 -0.00469784 0.0066174 0.000834273 0.00275893 0.00769609 -0.00585093 0.00335777 -0.00211642 -0.00767836 0.00164215 0.00111606 0.00472247 -0.00603209 -0.00587839 0.00179221 -0.00586976 -0.00510743 -0.00244053 -0.00413206 -0.000356791 0.00442774 -0.00235325 9.32783e-05 -0.00458079 0.000995822 0.00441749 -0.00255505 -0.00332805 -0.00744382 0.00228022 0.00588367 0.00643723 0.00292091 0.00313202 5.58212e-05 0.00379909 0.00056088 -0.000861396 -0.00412492 0.00500511 -0.00218226 0.00211481 0.00654922 -0.000141972 -0.00615805 -0.00279002 -0.00755297 -0.00022885
206179 0.00535393 -0.00209618 -0.00192308 -0.00120449 -0.00147963 -0.00112152 0.00471783 0.00668764 -0.00270224 -0.00291348 0.0037756 0.00179148 -0.00529242 0.00482416 -0.00780344 -0.0068121 0.00423813 0.00399828 0.00420237 -0.00489998 0.00296783 0.00119352 0.00520039 0.00717974 -0.00559568 0.00727129 -0.00303221 -0.00768137 0.00501442 0.00741196 0.00354528 0.00774813 -0.0075407 -0.00466061 0.00570393 -0.00324154 -0.00485945 -0.00298262 -0.0065732 0.00616121 0.00106859 0.00129557 0.00114632 -0.00691652 0.00628042 0.0040493 -0.00169849 0.00184441 0.00645304 0.00517607 -4.95911e-05 -0.000505924 0.00130463 -0.0068984 0.0043869 -0.00547409 0.00543118 0.00616598 -0.00250912 -0.0070405 0.00455284 -0.00694942 0.00576305 -0.00556898
302088 0.00706291 -0.000900745 0.000272274 0.00437069 0.004848 -0.00554276 -0.00716019 -0.000730038 -0.00671577 -0.00411797 0.00169659 -0.00700617 0.00499487 0.00126266 -0.00644732 0.000525951 -0.00522614 -0.00191116 -0.0050559 0.000214577 -0.000983715 0.00240469 -0.00457668 0.0034132 0.000803947 -0.00114584 0.00733328 0.00445986 0.00211859 0.00398827 -0.00152397 -0.00199223 -5.00679e-05 -0.00156307 -7.96318e-05 -0.00708818 -0.00722837 -0.00300741 -0.00411129 0.00654793 -0.00458908 0.00220442 0.00732994 2.3365e-05 0.00126982 0.00115871 0.00738096 0.00378561 -0.00506115 0.00104284 0.00219488 0.00345325 0.00102758 -0.00245476 -0.00654173 0.00725746 0.00662756 -0.00331497 -0.000165939 0.00554466 -0.0067625 -0.000245571 -0.00573158 -0.00627565
262270 -0.0063506 -0.00622191 -0.00315693 0.00350605 0.00369861 -0.00183782 -0.00693484 0.00117823 0.00700807 0.00597236 -0.00602952 0.00447614 0.00694349 -0.00387633 0.00430439 -0.00563917 -0.00496275 -0.00341469 -0.00689497 0.00706078 -0.00190718 -0.00268991 -0.0043341 -0.00542933 -0.00418906 0.00674545 0.000602909 -0.00209183 0.00612684 0.00590926 0.00327822 0.00317329 0.00452424 -0.00293961 0.00450798 0.00639632 0.0054134 -0.00495852 0.00364042 0.0025477 0.00534069 0.0043117 0.00592001 0.00367635 0.00421047 -0.00206337 -0.00689192 0.00164521 -0.00737974 -0.00546647 0.00743567 0.000876657 -0.00192574 -0.00758989 -0.00365979 0.000474051 -0.00272925 7.69886e-05 -0.00641064 0.00607695 -0.00764576 0.00416218 0.00201465 0.000807788
33267 -0.00468677 -0.000332707 -0.00557826 -0.00511278 -0.000873052 0.00373077 -0.00230386 -0.00104529 -0.00682881 0.00490997 -0.00193771 0.00247334 -0.00778924 0.00577756 -0.0038769 0.00736681 -0.00572712 -0.000238808 -0.00437972 -0.00313558 -0.00527625 -0.00694464 0.00382788 -0.00339416 0.00261404 0.00614121 -0.000267783 -0.000308929 -0.0011049 -0.00428587 -0.00435433 0.00697285 0.00103201 0.00472667 0.00635235 0.000751515 0.00234893 -0.00328407 0.00510342 -0.00722754 -0.00238246 -0.00362384 -0.00572104 -0.00241424 0.00287056 0.00679562 0.00161813 -0.00720024 0.000371245 -0.00251993 -0.00738526 -7.71903e-05 -0.00129715 -0.00320236 0.00748518 0.00155791 -0.00315716 0.00325789 -0.00194296 0.00219768 -0.00438077 0.000709377 0.0026351 -0.00475332
302904 0.00308831 -0.00491593 0.00708112 0.000751656 0.00335599 -0.0030571 0.00676224 0.00252315 -0.00713652 -0.00645415 0.00745784 -0.00716751 0.0069646 0.00699152 -0.00440115 0.00144069 0.00492715 -0.000465105 0.00680664 0.00553346 0.00674212 0.00485956 -0.0052328 0.00179524 0.00553284 -0.00366936 0.00442066 -0.00216186 0.00116299 -0.00430074 0.00772763 0.000736071 -0.0076354 -0.00387681 0.000168955 -0.00561057 0.00720078 -0.000649889 -0.00357448 -0.00131822 -0.00647698 0.00709429 -0.00627236 -0.000658104 -0.00746013 0.000515547 -0.00716665 -0.00205907 -0.00448413 -0.00200648 0.00540559 0.0015643 0.00125022 0.00618683 -0.00257622 -0.000874548 0.0011637 0.00163254 -0.00684123 -0.00645318 0.00418265 0.00758501 -0.00666739 -0.00411007
46506 0.000176907 -0.00240469 -0.00557804 0.00422573 0.00495815 0.0025425 -0.00305462 -0.00153542 -0.00775242 -0.00366402 -0.00746393 0.0044713 -0.00414896 0.000295639 0.0056653 -0.00654125 0.000431538 -0.00407791 0.00771666 -0.00148296 -0.00257635 -0.00685263 -0.00209093 -0.00520229 -0.0033946 -0.000320435 0.00643063 0.00379086 -0.00520706 0.00422955 0.00171661 -0.000669003 0.00468445 0.000482082 0.00411701 -0.00235081 0.00469685 -0.00727654 -0.00273418 0.00286961 0.00656652 -0.00564051 0.00189114 0.00276518 0.00780869 0.00711727 -0.00286579 -0.00133991 -0.00543785 0.00778151 0.00723791 -0.00131178 -0.00371885 -0.007236 0.00742149 0.0051527 -0.00156832 -0.00201511 -0.00193977 0.00332689 -0.00409698 0.0037322 -0.00527287 -0.00192738
200538 -0.00671335 0.00135928 0.00196606 -0.00377287 0.000367005 0.00645811 -0.000359417 -0.00320995 0.000826703 -0.00137482 -0.00610383 -0.00383152 0.00514632 -0.0060685 0.00592979 -0.00757454 -0.00660089 -0.00332275 0.00278166 -0.00397474 0.000300841 0.00425466 0.0035033 -0.000758963 0.00687891 -0.000419778 0.00535741 0.00556406 0.000600247 -0.00358435 -0.00578745 -0.00581922 -0.0060975 -0.00759503 -0.0026782 -0.00238132 0.00301097 0.00558454 0.00378384 -0.00414461 -0.00443287 0.00207181 -0.00703313 -0.00613035 -0.00275912 -0.000340429 0.00585532 8.86233e-05 0.00609974 -0.000500764 -0.0013214 0.00760959 -0.00218166 -0.00104662 -0.00743337 -0.00755282 0.000215673 0.00309186 -0.00712866 -5.04457e-05 0.00338378 0.00716298 0.0040037 0.00494603
216731 -0.00306107 -0.0073889 0.00491559 0.00677877 -0.00621653 0.00224571 0.0071269 -0.000374606 0.00483489 -0.00652649 -0.00253326 -0.00311484 -0.00490148 0.0040155 -0.000566076 -0.000442198 0.00421328 0.00183781 0.00436808 -0.00506881 -0.0057513 -0.00141351 -0.00584638 -0.000353104 -0.00285922 0.00284241 -0.00703685 -0.000978664 0.000375527 0.00198743 -0.00592913 0.00015472 0.00186221 0.00115564 -0.00208293 0.00472803 0.00241502 -0.00361545 0.00431415 0.00709426 0.00519491 0.0038618 -0.00416627 -0.00221433 -0.0046332 0.00593652 0.0024757 -0.000446274 -0.000322189 0.000459498 0.00376047 0.00555301 -0.00355858 -0.0031172 -0.00601482 0.00415168 -0.00539594 0.00426721 -0.00338443 0.00666131 0.00453902 -0.00315579 -0.00518242 -0.00376781
268056 0.00210806 -0.00317668 0.00185349 -0.00449517 -0.0026281 0.00707689 0.00365583 0.00133533 -0.00172858 -0.00253582 -0.00289335 -0.00342976 -0.00364373 0.00757514 -0.00300327 -0.00738244 -0.00156423 0.00350886 0.00143916 -0.000124833 -0.00289498 0.00687739 0.00693614 0.00421596 -0.00147141 -0.00728616 0.000171411 0.0032905 -0.000736673 -0.00405988 0.0025119 -0.00685832 0.000124721 0.00124034 0.000628581 0.00605537 -0.00449068 -0.00593146 -0.00490593 -0.00407277 -0.00544108 -0.00333889 0.000317413 0.000527429 -0.00232109 -0.000942605 -0.00609211 0.00210871 -0.000312328 -0.00109059 0.00748284 -0.00685846 0.00611029 -0.00214888 -0.00176663 -0.00237667 -0.0068579 -0.00367065 0.00516667 0.00751245 0.000590152 0.00649353 -0.00438047 0.00626709
209699 0.00775734 0.000179581 -0.000759053 -0.00751313 -0.000392065 -0.00117898 -0.00260027 0.00409606 -0.00146877 0.00376165 -0.00576514 -0.00693381 0.000482502 0.00503615 0.00161189 0.00398199 -0.00350296 0.00162847 0.00613147 0.00756644 0.0034183 0.00516817 -0.00677414 -0.00260696 0.00303225 0.00737197 0.00308301 -0.00132452 -0.00524439 -0.00749289 -0.00302049 0.00348635 -0.00075679 0.00638681 -0.00763782 -0.00359221 -0.00175211 0.00375045 -0.00426579 0.0073388 -0.00743309 0.00107127 0.00414553 -0.00393535 0.00737593 0.00681132 -0.0050922 0.00503047 0.00683044 0.00654908 0.00256599 -0.00533345 0.00179858 0.00512026 -0.000666766 0.000346683 -0.000360036 -0.00192963 0.00629454 -0.00555641 0.000725301 -0.000600984 -0.00425339 -0.000860985
228045 0.00492241 -0.00314572 -0.00427407 0.0042286 -0.00298003 -0.00539206 0.0039963 0.00226133 -0.000380817 -0.00231398 -0.00173597 0.0075255 0.00676842 0.00470282 -0.0070682 -0.00414914 -0.0046755 0.00407365 0.00736106 0.00701115 -0.000149048 -0.00702476 0.00576979 0.00285344 -0.00511241 -0.00112037 0.0013336 0.00439281 0.00768256 -0.00205017 -0.00573938 0.00706439 0.0019742 0.00676091 -0.000911751 -0.00592571 0.00309834 0.00746469 0.00241186 0.00058533 0.0050105 -0.00156023 -0.00292786 0.00158264 0.00428614 0.00237054 -0.00323337 -0.00218748 -0.00147386 -0.00402359 0.00521861 -0.00486538 -0.00244519 -0.00129098 -0.000585447 0.000809428 -0.00558785 0.00451194 -0.00429556 -0.00159889 0.0062568 -0.00639804 -0.00759231 -0.00633467
288123 -0.00755453 0.0043745 -0.0022788 -0.00174761 -0.00620651 0.00365925 6.10352e-05 -0.0020256 0.00333786 0.00361919 -0.00488091 0.00647831 0.00685358 0.0070076 0.00514317 0.000612259 -0.000371933 -0.00486994 0.00179482 -0.00500965 -0.00352383 -0.00683212 -0.00413656 0.00518942 -0.00258636 0.00533676 0.00231266 0.000655651 0.00420427 -0.00480938 0.00322199 0.00309372 0.00330544 0.000409126 0.0077467 -0.00609684 -0.00519466 -0.00512934 0.00352097 0.00518084 -0.00149965 -0.00638103 -0.00761223 -0.00463915 0.00733232 -0.00211954 -0.00137377 -0.0066247 0.0068326 -0.00550079 -0.00744057 0.00304222 -0.000455856 -0.00242376 -0.00728512 -0.00468683 -0.00318527 0.00292015 -0.00745583 -0.00429869 -0.0049367 -0.000648499 0.00612783 0.000787735
295245 -0.00734097 0.00121882 0.00386201 -0.00325736 0.00203082 -0.00384269 0.0013417 0.00123268 0.00365376 0.00687054 -0.00582676 -0.00446679 3.59486e-05 0.00461003 0.00225427 -0.00396747 0.00630802 -0.00178741 -0.00608785 0.00740205 -0.00442471 0.00525734 0.000719625 -0.00317657 -0.00519665 -0.00553719 0.00565555 0.00673059 0.00515061 0.00615258 -0.00632747 -0.00136305 0.00602915 -0.0068623 -0.00263006 -0.0014524 -0.00284975 -0.00522601 -0.0047783 -0.00405682 -0.00563139 -0.000689843 -0.00441164 -0.00526571 -0.0036733 -0.0023194 0.00738519 -0.00322312 -0.00646941 0.00603092 -0.00355041 0.00352179 0.00612227 -0.00264101 -0.0030659 0.00364138 0.0028036 0.00401595 -0.00747878 0.001656 -0.000331976 0.00340215 0.00288742 -0.00764542
263791 0.00443769 0.00493325 0.00496522 -0.00157883 -0.00533753 -0.0030158 0.000116108 -0.00140347 0.00240739 0.000580019 -0.00298398 0.0036817 -0.00654096 -0.00204222 0.00292675 -0.00105414 0.0044903 -0.00233368 -0.00395277 -0.00586478 0.00728467 0.00527966 0.00281664 -0.00642542 -0.00530154 0.00431129 0.00313117 0.0027479 -0.00772662 -0.0019165 0.00575633 -0.00709692 0.00508386 -0.00142572 0.00180218 0.00283848 -0.00516299 -0.00310717 -0.00285077 0.00237114 0.00618559 0.00472458 0.00429672 -0.00647424 0.00579866 -0.00165358 0.00655423 0.00533553 0.0063399 -0.00463863 -0.00595507 0.00504596 -0.00772519 0.00138959 0.00623908 0.00647122 0.000506464 -0.00498798 -0.000882698 -0.0074183 -0.00201571 0.000414885 0.00322167 -0.00497852
125162 0.00317814 -0.00596924 -0.000330312 -0.00572757 -0.000562742 0.00756824 -0.0035778 9.16908e-06 -0.00647068 0.0013354 -0.0026456 0.00526047 0.0021682 -0.00470039 0.00229937 0.00272028 0.00671747 0.00128205 -0.0029775 0.00670387 0.00260367 -0.00727578 -0.00745353 0.00351034 -0.00305225 0.00263057 -0.00563829 -0.00753594 0.00208211 -0.00706198 -0.00632726 -0.00702218 0.00324372 0.00695669 8.03639e-05 -0.00619391 -0.0039657 -0.00124946 0.00548975 -0.00072785 -0.00732241 0.00688717 -0.00727274 -0.0065265 -2.65838e-05 0.00426817 0.00302667 -0.00707598 0.00696783 -0.00236515 0.00148832 -0.00731676 0.00324433 0.00530183 0.00712357 -0.00771702 0.00151658 0.00233141 -0.00755255 -0.000521415 0.00693438 -0.00726908 0.00435856 -0.00373766
185863 0.00342703 0.00165272 -0.00562 -0.0013485 0.00491953 0.00593376 -0.00176239 0.00764704 -0.00549698 0.00221491 -0.00326204 -0.00191593 0.00210333 -0.00285244 0.0034833 -0.00711584 0.00209522 -0.00660658 -0.00642204 -0.00500298 0.00730324 0.00611448 -0.000804901 -0.00448418 -0.00634336 -0.00381422 0.00236273 0.00275898 0.000722408 0.00478888 -0.00248718 -0.00192022 -0.00448847 0.000626087 -0.00520134 -0.00240183 0.00102282 0.0056653 -0.00701237 0.000628471 -0.00119352 -0.00497627 0.00541878 0.00398731 -0.00236511 -0.00371122 -0.00402975 0.00357962 -0.00369215 -0.00675535 -0.00397778 0.00620699 -0.0016942 -0.00318909 -0.00626993 0.00423574 -0.00617838 -0.00246048 0.00722647 -0.00142431 0.0043807 0.00621605 -0.00443888 0.00697708
77624 -0.00378898 0.00630196 0.00338401 0.00247476 0.00756581 -0.00652533 0.00563601 0.000259418 -0.000732192 0.00421593 0.00456845 0.00332624 -0.00744877 -0.00390717 0.00162553 -0.00588642 0.00315065 -0.00258907 0.0057336 -0.0051133 -0.00761018 -0.0019279 -0.0024448 -0.00668944 0.000210293 -0.000340142 -0.00449236 0.00617063 -0.00659729 -0.00683989 0.00276524 -0.000352683 0.00025461 0.00108949 -0.00372898 0.00117511 0.00237068 -0.000432125 0.0027097 -0.00323036 -0.00117427 -0.00253994 0.000959504 -0.00443663 -0.00564461 -0.00551989 -0.00773101 -0.00434733 -0.00143638 0.00174911 -0.00623001 -0.000518885 0.0071551 0.00276528 -0.000568472 -0.000364349 0.00480696 0.00706066 -0.00769511 0.00523645 0.00728535 -0.00357849 0.00533221 -0.000842565
48017 -0.00396633 -0.00573826 0.00183868 0.00451183 -0.00401497 -0.00492144 -0.00477171 -0.00438976 -0.00594521 0.000464439 0.00674438 0.00312519 -0.00365353 -0.00734615 -0.000229836 0.00758553 -0.000994682 -0.00232029 -0.00101995 0.00317812 -0.000789165 0.00714159 0.00134182 -0.00292444 -0.0069232 0.00418806 -0.00317001 -0.00152254 -0.00682592 0.00338602 0.0026536 -0.00311995 -0.00317192 0.00633192 0.00700569 -0.000600815 0.000406742 0.00142002 0.00738192 0.00165129 0.00637722 0.00337601 -0.00740242 -0.00672245 -0.00665855 -0.00465059 0.00668144 -0.00238514 -0.00104046 0.00354004 0.00314379 -0.00341129 0.00471973 -0.00471497 0.00280571 0.00596905 0.00683784 0.00245285 -0.00194597 -0.00419188 -0.00650311 0.00482035 0.00733757 -0.000674725
118421 -0.00605165 0.00652671 0.00402554 -0.00432306 -0.00212317 -0.00343302 -0.0015993 0.00369832 0.00405985 0.0075448 -0.00295877 0.0030787 -0.00280015 -0.00495535 -0.00687674 -0.0045681 0.00220226 0.00199034 -0.00661015 -0.00678696 -0.00118161 0.00155644 0.00089101 -0.000765245 0.00333324 -0.00682627 0.005933 -0.00106093 0.00522617 -0.00506729 -0.00172282 -0.0031394 0.00363414 0.00656469 0.00613397 -0.00506599 0.00327241 -0.00687861 0.00319735 0.00569773 -0.0041438 -0.00578295 0.00143641 -0.00118171 0.00568612 0.00328515 -0.000738334 -0.0010282 0.00611669 0.00251303 -0.00652873 -0.00172725 0.00500964 0.00121205 0.00591422 -0.00384275 -0.00405751 -0.00551593 0.00455706 0.00118727 -0.00440975 0.00255393 -0.00123088 -0.0049573
206369 0.00446442 -0.00187664 0.000728785 0.00600294 0.00179543 0.00718814 0.00745103 -0.0045811 -0.000175482 0.00291734 -0.00742127 0.00100219 0.00234067 0.00373129 0.000325372 0.00572363 0.00181619 -0.00534475 0.00125033 -0.00697538 0.00130774 0.0042399 -0.00563737 -2.63895e-05 0.00736805 0.00467802 -0.00103126 0.00334434 -0.00427154 -0.00245344 -0.00154334 -0.00117746 -1.93376e-05 -0.000150576 -0.00380691 -0.00175953 -0.0043283 -0.00441134 -0.00579573 0.00715712 -0.00358128 0.00611448 -0.00612623 0.00611203 0.00342745 -0.000830958 0.000357206 -0.00300965 0.00530467 -0.00523591 0.00443095 -0.00258254 -0.00146491 -0.00733637 0.0029391 -0.0022597 0.00710807 0.0017473 -0.00031782 -0.00230405 0.0070796 -0.000117932 0.000245509 -0.00276968
219761 0.0030036 -0.00551701 0.00623322 -0.00484562 0.00424099 -0.00294495 0.00675344 -0.00357342 0.00663042 0.00316715 0.002841 0.00238371 -0.00456762 -0.00421858 0.000956059 0.000522137 -0.00519037 -0.00087595 -0.00411606 0.00728559 -0.00663137 -0.00100899 0.00331688 0.00733423 0.00504684 0.00632572 0.00683737 -0.000284672 0.0011878 0.00187731 0.004354 -0.00580168 0.00432634 0.00752926 0.00311947 -0.00364876 0.00140285 0.0064826 0.00775862 -0.00350952 -0.00181818 0.00476027 0.00667524 0.0010829 -0.00240993 0.00308323 0.00128317 -0.00326967 0.00500107 -0.000277042 0.00529003 -0.00530434 -0.000566006 -0.00350428 -0.00401449 -0.000777245 0.00493813 0.00350475 -0.00523424 0.000729084 -0.00198984 -0.000822067 -0.00678968 -0.00661945
82 0.00406361 -0.00255013 -0.00429392 -0.00687122 -0.00620127 0.00675726 0.00430059 -0.00678921 -0.00500584 0.00146055 -0.001966 0.00507355 -0.000689507 0.0028491 -0.00194931 -0.00327349 0.00151205 -0.000283241 0.00512218 0.00147295 0.000692844 -0.00682306 -0.00536537 0.00590801 0.00403786 0.00506687 0.00565529 -0.000490189 0.00332737 0.0064888 -0.00647259 -0.00217056 -0.00402975 -0.00353241 -0.00177526 -0.000265121 0.0051527 -0.00023222 0.00103045 0.00321484 -0.000998974 -0.00490379 0.0061636 -0.00667381 0.00710535 -0.00413179 0.00115728 -0.00446653 0.00617361 -0.00211954 0.00448608 -0.00134802 -0.00183535 0.000444889 -0.00512028 -0.00310135 -0.00670624 0.00282955 -0.00668716 0.00212765 -0.00686693 -0.00494289 -0.00164175 -0.00548935
75135 -0.00129738 0.00115803 -0.000977027 0.00649125 -0.00185348 0.00644318 0.000160026 -0.00422508 0.00578616 -0.0012765 0.0031852 -0.000986984 -0.00231008 0.00197468 0.00244566 0.00331219 0.00322149 0.00421527 0.00222675 -0.0041618 -0.00567005 0.00188349 0.00552367 0.00371573 0.00417404 -0.000154988 -0.00496011 0.00634706 0.00738219 0.00205205 -0.00168881 0.00114653 -0.00667195 0.00370939 0.0074738 -0.00458276 -0.000557781 0.00425983 0.00144488 0.00214908 0.0045919 0.00539491 -0.00216515 0.000110319 -0.00383517 -0.00245925 0.00690599 -0.00152286 0.00178426 -0.00691005 0.00257874 -0.00564891 -0.00685494 8.44149e-05 0.00166785 -0.00509742 -0.000666368 -0.00523752 0.00664975 0.00164759 -0.00623298 0.0055553 -0.00280012 0.00374415
292291 0.00143244 0.00753573 0.00702249 0.00267863 0.00592442 0.00536116 0.00222171 0.00631748 -0.00610713 0.0037346 0.0042307 -0.0024312 -0.00222053 -0.00641204 0.00149887 0.00585115 0.00467795 -0.0029741 -0.000513215 0.00279223 -3.57187e-05 0.00110499 0.0028598 0.000994784 -0.00252893 -0.00248727 -0.00199308 0.00049656 -0.00487807 0.00271215 -0.00362773 0.00339561 0.00699036 -0.00395084 0.00213468 -0.00615687 0.000273297 -0.00593376 -0.00260066 0.00716122 -0.00280071 -0.00637435 -0.00504101 -0.000358873 -0.000722634 0.00465674 0.00202717 0.00287459 -0.00734515 -0.00291512 -0.00765366 0.00598696 0.00616354 -0.00116696 -0.00498217 0.00514925 -0.00442997 -0.00214008 0.00700002 0.00677923 -0.00661708 -0.00599844 -0.00527312 0.000810973
42763 0.00326716 -0.00492504 0.00266474 0.00405143 -0.00211727 0.00495893 -0.00503316 0.00343055 0.00029572 0.00175338 -0.00511061 0.00638484 -0.00112613 0.00166938 0.00609681 -0.00231759 0.00276517 0.00139142 0.00144631 -0.00425836 0.00439292 0.00606163 -0.00737548 0.0057086 -0.000482214 -0.00309255 -0.00138329 0.0010051 0.00307594 -0.000884844 0.0043261 -0.00403136 -0.00715904 -0.0051114 -0.00742143 -0.002227 0.000106247 -0.00206529 0.0006335 -0.0068848 -0.0017519 0.00366895 0.00299169 -0.00628595 -0.00371462 0.00591922 -0.00659737 -0.00190602 0.00306461 -0.00198428 0.00561277 0.0028643 0.00444503 -0.00777388 -0.00757011 0.000515963 -0.00646268 0.00707742 0.0057741 0.00175644 -0.00664915 -0.00589435 0.00365532 0.00436543
127489 0.00311576 -0.00308204 -0.00756325 -0.0064162 -0.00601717 -0.00115315 0.00192174 0.00506702 -0.00454342 0.0015875 -0.00765495 0.00758935 -0.00737885 -0.00471855 0.00358379 -0.00434875 0.00224243 0.00181018 0.00469674 0.00268908 0.00199173 -0.00729594 0.00418565 0.00252984 0.00219746 0.00502942 0.00422527 0.00389875 -0.00262685 0.00545041 -0.000126916 -0.00617765 -0.00727814 -0.00172281 -0.00309346 0.00190721 -0.000662417 0.00562811 -0.000421177 0.00511072 0.00553265 -0.00645431 0.00398782 0.00739873 0.00607652 -0.00203198 -0.00415878 -0.0028491 0.00262813 0.00769142 0.00390264 -0.00635089 -0.00594749 -0.000705225 0.00396733 -0.00707076 -0.00305113 -0.00580188 0.00636831 -0.00603564 0.00274468 0.000437286 -0.00223264 -0.00577456
283339 0.0076692 0.00721918 0.00617526 -0.00651277 0.00617558 0.00405181 0.00754573 0.00550371 0.00459731 0.00422615 0.00602235 0.0067083 -0.00611073 -0.00149538 0.00487587 -0.00684108 4.28087e-05 0.00604481 -0.00181669 -0.00299626 -0.00499489 0.00737498 -0.00338766 -0.00061284 0.00541644 0.00507058 -0.00121292 -0.00289026 -0.00122725 -0.00329175 -0.000331581 0.00387364 -0.00616399 -0.00358337 -0.0056728 -0.00665385 0.00604336 -0.00102903 0.00603956 0.00235701 -0.00643088 0.00716273 0.00335901 -0.00464404 -0.00715935 0.000693863 0.000596682 0.00509686 -0.000157258 -0.00135932 0.0034467 -0.00541345 0.00476278 -3.94165e-06 0.000270566 0.00214418 0.00187617 0.00112873 0.00457419 -0.00114873 0.00728221 -0.000267613 0.0054714 0.00478776
149562 0.000179065 -0.00338043 0.00347886 0.00251126 0.00751885 -0.00138303 0.00412769 0.00693131 -0.00169487 0.00270941 0.00616654 0.00159305 -0.0057183 -0.00397974 -0.00272265 0.00698101 0.000858481 -0.00161428 -0.00587061 0.00669393 -0.00638431 -0.00506227 -0.000682338 -0.00341712 0.00123743 0.00396596 0.00539422 0.00771093 0.00479225 0.00274511 -0.00302669 -0.00581039 0.00669651 0.00295737 0.00289648 -0.00182991 0.00500511 -0.00100662 -0.00723016 -0.00127537 0.00703866 0.00251475 -0.00119364 -0.00151097 0.00671121 -0.00494465 0.00679402 0.00360825 -0.0043463 -0.0017571 -0.00305337 -0.00138537 -0.00421823 -0.00230331 0.00691874 -0.00677396 -0.00363866 -0.000439998 0.00384541 -0.00735631 0.00043164 0.00230281 0.000517809 8.12065e-05
293750 0.00287247 0.00611067 -0.00144768 -0.0039959 -0.00559473 -0.000413418 0.00737238 0.00369215 0.0018096 -0.00194836 0.00218058 -0.00223875 -0.00681973 -0.00382996 0.00730419 -0.000738621 0.00163746 0.002285 -0.00293255 0.00521278 8.53539e-05 0.00168848 0.00258827 0.00209141 0.00507164 0.000669956 -0.00764132 -0.00753212 0.00495243 -0.00148249 -0.00710201 0.00306559 0.00290012 -0.00755787 0.00173855 0.00342607 0.00433254 0.00322676 0.00279808 0.000329971 0.00492859 -0.00779867 -0.00424147 0.00279188 -0.00369167 0.00108719 0.00575972 -0.00223446 -0.00133801 -0.00530672 0.000657558 0.0063858 -0.00320911 0.00362921 -0.00534773 0.00150919 0.00758886 0.000141144 -9.20296e-05 0.00637484 -0.000825405 -0.00513172 -0.00440073 -0.00110197
52858 -0.000916958 0.00636816 -0.0021224 0.00392628 0.00235271 0.000583172 -0.00605583 -0.00204277 0.0012846 -0.00102377 -0.00440121 -0.00696564 -0.00228262 -0.000616074 0.00669813 0.00243855 0.00709105 0.00206041 0.0036459 0.00489235 -0.00673199 0.00370884 0.00459766 0.000526428 -0.00661564 0.00198126 -0.00162601 -0.00593805 -0.00329638 -0.00176239 -0.00372744 -0.00152874 -0.00700998 -0.00582552 -0.00660992 0.00393963 0.00437689 0.00135612 -0.00672722 0.00539017 0.000623703 -0.00323439 0.00751019 0.00214481 -0.0038929 -0.000338078 -0.0034194 0.000489235 -0.00593042 -0.000276089 0.00732565 -0.00479507 -0.00165272 0.00552511 0.00460386 0.00771427 -0.00753164 0.00582027 -0.00374746 0.00066185 -0.00302935 0.00331211 -0.00421667 -0.00343704
277768 -0.00453424 0.00712633 6.7234e-05 0.0016017 -0.00346851 0.00303936 -0.00481892 -0.000294685 0.00634527 0.00643969 -0.00420094 -0.00701952 0.00726557 -0.00168371 0.00630283 -0.0057354 -0.00148153 0.00550222 0.00273609 -0.00525522 0.00670099 0.000467777 -0.00434017 -9.44138e-05 -0.00274658 0.00689411 0.00741005 0.000504494 0.000873566 -0.0074296 -0.00744295 0.00308752 -0.00461721 -0.00165462 0.0038209 0.00237083 -0.00234318 0.00654507 0.00724745 0.00436735 -0.000125408 -0.0024004 -0.00735807 -0.00177908 0.00157261 -0.00483942 0.00181866 0.00124645 0.00613689 0.00156975 0.00191212 -0.0029912 -0.00116158 -0.00102997 0.00756121 0.000321388 -0.00619507 -0.00395679 0.00420856 0.00649548 -0.00485277 -0.00121498 -0.00179911 -0.00377893
306763 0.0065274 -0.00533175 -0.00406137 0.00340931 -0.00320044 0.000569084 0.0033789 -0.00452752 0.00316189 -0.00206333 0.00433653 -0.00462433 -0.00226273 -0.00659095 -0.00648967 0.0071833 -0.00373522 -0.00305193 0.00663038 0.0028172 0.0036094 -0.000738447 0.00517607 0.000438411 -0.00691924 0.00660862 -0.00438605 0.0076122 -0.0007503 -0.00435106 0.00625862 0.000528944 0.00504482 0.00298301 0.00432121 -0.00644529 0.000135667 -0.00712963 0.00184726 -0.0044867 0.000563049 -0.000445218 -0.00432326 0.000527324 0.000340651 -0.000242279 0.00497306 -0.00267735 0.00444918 -0.00371082 -0.00720453 0.00469738 0.00446333 0.00298883 -0.00225424 0.00690058 -0.000262983 0.00496866 -0.00396593 0.000158252 0.00283467 0.00714838 -0.00780861 -0.00679618
306778 0.00766802 -0.00560284 -0.000267029 0.00027132 -0.000387192 -0.00536823 0.00295305 -0.00474787 0.00136089 0.00570631 -0.000666618 0.00579214 -0.000231266 -0.00701809 -0.00520658 0.00331259 -0.00272179 -0.000173092 0.0042057 0.00246477 0.00191164 -0.00043726 0.00780964 -0.00546169 -0.00363541 5.96046e-05 -0.0061059 0.00339842 -0.00296783 -0.00184488 0.00719023 -0.00216246 -0.00650215 -0.00174522 0.00521421 -0.00420904 0.00432587 0.00477743 0.00449991 0.000553131 -0.00719213 -0.000325203 0.00646019 -0.00493145 0.0035038 0.00219965 -0.00268173 -0.0061903 -0.00239325 0.0033989 -0.00377893 0.00331688 -0.00203466 -0.00250387 -0.00714302 0.000284672 0.00617599 -0.00359583 -0.00131941 -0.00298166 0.00570107 -0.00047636 0.00619411 0.00627756
103200 -0.00222384 -0.00743972 0.00231249 0.00656773 -0.00643627 -0.00554375 0.00186506 0.00124399 0.00269339 0.00727582 -0.00202557 0.00639724 0.00485114 -0.00254472 -0.00243984 -0.000562391 0.00622653 -0.00149042 0.00766736 0.006082 -0.00398191 -0.00694532 0.0017388 -0.00193651 -0.000894157 -0.00582508 -0.00603232 -0.000670562 0.00729135 -0.0013565 0.00427668 -0.0057335 0.00258165 -0.00213868 -0.00659084 0.00387543 -0.0050608 0.000703629 0.00358443 0.00211022 0.00564799 0.00279874 0.00697209 0.00693906 -0.00130606 -0.000968665 -0.00636171 0.00365109 0.00209253 0.00332699 0.00489814 0.00145763 0.00115258 0.0015657 0.00274876 -0.00752207 0.00134076 0.00458799 -8.86492e-06 0.00454624 -0.00273779 0.00177887 -0.0017011 -0.00040776
306786 -0.000803947 -0.00107098 0.00218916 -0.00237179 0.0063343 0.00146341 0.000171185 0.00766754 0.00126076 0.00342035 -0.0060153 0.00274992 -0.00318718 -0.000546932 -0.00305414 0.00467777 0.00450754 0.000639915 0.00611591 0.002738 0.00402832 -0.00517607 -0.00710392 0.0033226 0.00118351 0.00336027 -0.00448704 -0.00104809 0.00392675 0.00330782 -0.00153255 -0.00316381 0.00383615 0.00755215 -0.00506735 0.00492764 -0.0042243 -0.00622559 -0.0047121 0.00622177 -0.00186729 0.00599527 0.0027895 0.00676203 -0.0030241 -0.00538349 0.000802994 0.000600815 -0.00471163 -6.38962e-05 0.00384903 -0.000323772 -0.00314331 -0.00494385 -0.00185251 0.0031085 -0.00339365 -0.0068326 -0.00422573 0.0069952 -0.00554085 0.00074625 -0.00312614 0.00733805
306997 -0.00489884 -0.000232093 0.00593843 0.00344577 -0.00470556 -0.00635615 0.00581882 0.00121074 -0.00125131 0.00308125 0.00457554 -0.007369 -0.00164682 -0.000531218 -0.00396217 0.00448582 -0.00325327 0.00635579 -0.00402916 0.00477702 0.00462571 -0.00344985 -0.00495607 -0.0050201 -0.00541582 0.00337718 0.00591351 -0.00181935 4.49984e-05 -0.00486471 -0.00123253 0.00483513 -0.00781829 -0.00585482 -0.0033741 -0.00629905 0.00716944 0.0050215 -0.000771866 -0.00446648 -0.000809283 -0.00153524 0.00710028 0.00383494 0.00163593 0.001135 0.00236707 -0.00234195 -0.00637865 0.00494116 0.00140942 0.00665416 0.00683231 -0.00294072 0.00462007 -0.00266666 -0.00411415 -0.00353511 0.00507394 -0.00389043 0.00643052 0.00661993 0.00698482 -0.00622139
307037 -0.00773335 0.00485277 -0.00355148 -0.000712395 0.00375748 0.00375891 0.0031929 0.00741005 0.00482416 0.00714922 -0.00779533 -0.00271893 -0.00672913 0.00576735 0.00568008 -0.00774384 -0.00445127 0.00769711 -0.00252008 0.0011797 0.00011158 -0.00227451 -0.00147438 -0.00328159 -0.00513458 -0.00688553 -0.00653267 0.000593662 0.000805378 -0.00393391 0.00618362 -0.00601912 0.00174046 -0.00525713 -0.00676107 0.00414562 0.00594234 0.000635147 -0.00403118 0.00745773 -0.000997066 -0.00712061 -0.00591898 -0.000144958 -0.00751352 0.00732374 0.00519371 -0.000108242 0.00577354 0.00656319 -0.0018158 0.0073266 -0.00180101 0.00312567 -0.0070858 -0.00512266 -0.00487471 -0.00609875 -0.00768375 0.00297976 0.00316954 0.00611496 -0.00558996 -0.00670052
274630 0.00511217 0.00044775 -0.00413942 -0.000421047 0.004704 -0.0059042 0.000273228 -0.00279665 0.0056448 -0.00687313 0.00533247 -0.00119066 0.00432634 0.0031743 -0.00239277 0.000452042 0.00561333 0.00470161 0.00725842 0.00439787 0.000636101 0.00562716 0.00146103 -0.00693798 -0.00601625 -0.00495768 -0.00308561 0.00203419 0.00365257 0.00456667 -0.00163078 -0.00516701 -0.00386381 0.00731564 0.00292158 -0.000163555 -0.00748396 0.00165462 0.00513077 -0.00672483 -0.00456619 -0.00590658 -0.00729465 0.00436449 0.00405216 -0.00589037 -0.00717926 0.00458336 0.00127554 0.000888348 0.00255871 -0.00532055 -0.00718403 0.00101519 0.0041585 0.00765753 -0.0019865 0.00398159 -0.00768137 0.0038271 -0.00612688 -0.00607967 -0.0045104 0.00117159
296956 -0.00653415 -0.00368713 0.00280564 -0.00478455 -0.00540442 -0.00262465 -0.00283251 -0.00377457 -0.0048329 -0.00673858 0.00643576 0.00282172 -0.000364518 -8.06295e-05 -0.00169583 0.00681466 -0.00741035 0.00517865 -0.00150935 0.00336669 -0.00718752 0.0041209 -0.00582656 0.00767939 0.0074296 -0.00741602 0.000197655 0.00615732 -0.00184912 -0.00423758 0.00765667 -0.00119704 -0.00619166 0.00647577 0.00477114 -0.000986929 0.00626092 0.00556967 0.00726578 0.00595417 -0.00582408 -0.000824874 -0.0072409 0.00339081 0.000513198 -0.0028702 0.0034038 0.00122561 0.00441629 0.00741317 -0.000522735 0.000670069 0.00469672 0.00193478 -0.00646388 -0.00702609 0.000533983 0.00624704 0.000762653 -0.00164529 -0.00455884 0.00364712 0.00737627 0.00498458
278515 0.00309308 -0.00566226 -0.00761323 0.000624759 -0.00677855 0.00719021 0.00166465 0.00655193 0.00655341 0.000535413 -0.00291646 0.00707542 0.00200829 -0.00340142 -0.0048883 -0.00308919 -0.00747798 -0.00668382 -0.000693959 -0.00500394 0.00247971 0.000489811 0.00608279 -0.00608345 -0.00398956 -0.0076476 -0.00485652 -0.00694559 -0.00263222 -0.000711926 -0.00401828 0.00509387 0.0053145 0.00582143 0.00133109 -0.00333727 0.000642398 0.00215462 0.00640992 -0.0030675 -0.00682391 -0.00274476 0.00760563 0.00647259 0.000817414 -0.00277493 0.00481181 0.00264871 0.000357727 0.00656683 -0.00261147 0.00245565 -0.00690164 -0.00635549 0.00209717 -0.00613948 0.00636399 0.00338935 0.00551771 -0.00576507 0.00142847 -0.00128312 0.00370671 -8.86046e-05
34416 -0.00622068 0.00424498 -0.00541902 0.00669304 -0.00290538 -0.00627107 -0.00165867 0.00697122 0.00241777 0.000448827 0.00223716 0.00158146 -0.00485098 0.00134778 -0.00103097 -0.00464792 0.0023177 -0.00731351 -0.00166886 -0.000607557 0.000542567 -0.00576622 -0.00377803 0.00670157 0.00647069 -0.00647585 -0.00308508 -0.00225825 0.00652775 0.00595206 -0.0042909 0.00517686 0.00224849 -0.00440911 0.00289371 -0.00468926 -0.000578035 0.00447657 -0.00130741 0.00345829 -0.00192557 0.00112161 -0.00425678 -0.000393755 0.000363942 -0.0011414 0.00400254 -0.00157892 -0.00223128 0.00229544 -0.00321201 0.000874436 0.00332398 0.00292527 0.000681947 -0.00102898 -0.00403838 0.00634734 0.00229836 0.00665452 -0.0025864 -0.00296233 -0.00260425 0.00490634
45153 -0.00435231 -0.00320841 0.000119209 -0.00339861 -0.00522721 -0.0024302 -0.00493223 -0.000343751 0.000254813 0.00163127 -0.00771569 -0.000393042 0.00192068 -0.00100075 -0.00282119 0.00340413 -0.00460444 0.00320167 -0.00759236 -0.00220821 -0.00283088 -0.0073883 -0.00599439 -0.000708698 -0.000521518 0.00284352 -0.00260681 0.000313472 0.00733513 -0.00145634 0.000155469 -0.00175477 -0.0048647 0.00503047 -0.00352656 0.00541515 0.00293059 0.00227447 0.00377772 -0.00741698 0.00687458 -7.15211e-05 0.00172169 -0.00773952 0.00244804 -0.00143546 4.84921e-05 0.00142368 -0.00252483 0.00610676 0.00611351 0.00432564 -0.00526168 0.00198879 -0.000847485 0.00455249 0.00415941 0.00223138 -0.00539883 -0.00360731 -0.00736183 -0.00664871 -0.00672151 -0.000468718
223856 -0.000228908 -0.00271593 0.00767488 -0.00750692 -0.00166127 0.00442948 0.00752736 -0.00543134 -0.0059575 0.00512209 0.00778387 0.0068637 0.00598668 -0.00211328 0.000571831 -0.00127734 -2.54276e-05 0.00138651 0.00156798 -0.00521025 -0.00537541 -0.00485967 0.00537604 -0.0045942 0.0062381 0.00364633 -0.00389596 0.00443418 0.0050819 -0.000896421 -0.00534479 0.00701088 0.00240234 -0.00689473 -0.00768188 -0.00156028 0.00371684 -0.00685727 0.00218392 0.00166446 -0.00606537 0.00634831 -0.000255585 0.0018081 0.00247644 0.000680591 -0.000111267 0.00109655 -0.0075183 0.00641954 -0.00530772 -0.00207014 -0.00308336 0.00201075 -0.000482754 -0.000936665 -0.00425165 0.00186027 -0.00622489 -0.00561527 0.00399504 0.00558327 0.00423533 0.00268117
308126 0.00501341 0.00762699 -0.00753768 -0.00691904 -0.00357584 -0.00768286 -0.00319596 -0.00610963 0.00118354 0.00398236 0.0033941 0.00542514 -0.00108362 -0.00155153 -0.00338746 -0.00182321 0.00512107 0.00285045 0.00682438 0.0027945 0.0030556 -0.00651769 -0.00277609 -0.00476154 0.00315706 0.00281493 0.000492893 0.00594909 -0.00287182 0.00606604 0.00379044 -0.000571271 0.00336922 0.00471307 -0.00697958 0.000455101 0.00209941 -0.00201969 -0.0020377 -0.00237206 0.00403628 -0.00599376 0.00311053 0.0064661 0.00376528 0.00175234 0.00262267 -0.00525153 -0.000781773 -0.000751066 0.00218276 0.00585238 0.000415074 0.00635475 -0.00393956 -0.00548352 0.00574185 -0.00751139 0.00328647 -0.00748735 -0.00627903 -0.00285375 0.00397404 -0.0060164
285630 0.00244586 0.00632053 -6.2521e-05 0.00499921 0.00105761 -0.00605314 -0.00576412 0.00758857 4.96413e-05 -0.000785131 0.00416042 0.00094892 -0.00429133 -0.00668587 -0.00391632 -0.00487071 0.00780441 -0.000272049 -0.00290259 -0.00481049 -0.00655609 0.00273367 0.0067571 0.00684988 0.00568117 -0.000721236 -0.00546481 -0.00715757 0.00437918 -0.00547875 -0.00268518 -0.00181835 0.000860009 -0.00118666 -0.00676079 -0.00148932 0.00624157 -0.00130407 0.00290098 0.00223058 -0.00399819 0.00680902 0.00164593 -0.00772713 0.00175069 0.0061519 -0.000402398 0.00312537 -0.00490443 0.00410567 -0.00214242 -0.00246406 0.00365148 -0.00501967 0.00640249 -0.00505213 -0.00118169 0.000416184 0.00324089 0.00616746 -0.00564461 0.00165994 0.00529914 -0.00779341
308581 0.00653365 -0.00468852 0.0052876 -0.00428001 0.000855562 0.00291874 0.00767274 0.00657655 -0.00754245 -0.000467759 -0.00401603 0.00677409 0.00351502 -0.00140567 0.00202243 0.00638974 -0.00291925 0.00763285 0.000331102 -1.29149e-05 0.00716797 -0.00107191 0.000850397 -0.000863158 0.0058464 -0.000113393 0.00127854 0.00780559 -0.0070668 -0.00576943 -0.000191245 0.00253696 0.00539378 0.00464748 -0.00443433 0.00304557 0.000818997 0.000672351 0.00535173 -0.00188497 -0.000952574 0.00270156 -0.00699792 -1.66368e-05 -0.00031403 -0.00515979 0.00550256 -0.00779749 -0.0034539 0.00138939 0.00580428 -0.00291657 -0.00280583 0.00254248 -0.00644972 -0.00327194 -0.00569692 -0.00268431 -0.00286827 -0.00400691 -0.000531906 -0.00186861 -0.002516 -0.00728134
151117 -0.0072826 -6.90869e-05 0.00716039 0.00302869 -0.00773645 0.00505759 0.00599696 0.000837097 0.0036195 0.00591546 0.00386796 -0.00273743 0.00607484 0.00690271 -0.00597709 -0.00590506 0.001146 0.00310371 0.00533245 0.00620348 -0.000355006 -0.00280168 0.00109528 -0.00419253 0.00349194 0.00358657 0.004683 0.00759504 -0.0007294 -0.00413193 -0.00332926 0.00388806 0.00420158 -0.00319934 -0.00530617 0.00111349 -0.00598276 0.00138052 0.00152245 0.00694885 0.00319309 -0.00560702 -0.00173705 3.02222e-05 -0.00695295 0.00337798 -0.00395169 -0.00164793 -0.00340666 -0.00500109 -0.00467699 0.00522651 -0.00496998 -0.00665459 0.00640722 0.0039491 0.0038284 -0.00610487 -0.00369983 -0.00702311 -0.00531542 0.00457165 -0.00661761 -0.00137816
79904 0.00676727 0.00648117 -0.00363922 -0.00554466 -0.00486374 -0.00603008 -0.00289774 -0.00744629 0.00410843 -0.00414562 -0.00188684 0.00141716 -0.005054 0.00310087 0.00634336 0.00630903 -0.00652409 0.00170755 -0.00682688 -0.00501966 -0.00340796 0.00482321 0.00560808 -0.00296211 0.00628614 0.00158119 -0.00343847 0.00365019 0.00517988 -0.00205326 -0.00321817 0.0014782 -0.00779486 0.00455236 -0.00683165 0.00316525 0.00177383 0.0061965 -0.00458717 -0.00424337 0.00634241 0.0023489 -0.00053978 0.00188637 0.000706673 -0.00290203 0.0015974 0.00323915 -0.0039444 -0.00337172 0.00604486 -0.000769615 0.00337791 0.00203323 -0.00764894 -0.00269699 -0.000134945 -0.00693941 0.00422335 0.0046525 0.00478506 -3.29018e-05 -0.00203562 0.00527763
199833 -0.00715065 -0.00654745 0.00277376 0.00779963 0.00591135 0.00235033 -0.00328541 0.00731134 0.00352955 0.00154781 0.00371933 -0.00641298 0.000727654 -0.00456238 0.00294304 0.00515556 0.00223589 -0.00437975 -0.000415802 0.00219536 0.000299931 0.00565958 0.00473547 -0.00474834 -0.00154161 -0.00713253 0.00775337 -0.000384808 0.000258446 0.00678635 0.00121546 0.00235796 0.00343132 0.00247478 0.00132275 -0.00376177 0.000998974 -0.002985 -0.00117826 0.00185347 -0.00141954 -0.00765085 0.00205278 0.00724554 0.0024972 -0.00401974 -0.00218201 -0.00366163 0.00357437 -0.00547028 0.00731134 -0.00458288 0.0049777 -0.00706625 0.000291348 -0.00347376 -0.00600958 0.0055151 0.000999451 -0.000509739 -0.000179291 0.00234842 -0.00724697 0.000192165
309638 -0.00328827 -0.00598335 0.00158358 -0.00506353 -0.00242281 -0.00743246 -0.00289345 0.000406742 0.00368357 0.000505447 0.00661707 0.00278902 -0.000656128 3.33786e-06 0.00246954 0.00745296 0.000906467 0.000432491 0.00561714 -0.00661182 0.00524616 0.00700235 -0.00339174 0.0062809 0.00328827 -0.000128269 -0.00119686 0.00692892 -0.00246763 0.00526428 0.00322771 0.00576448 0.00160074 0.00420856 0.00606966 0.00642347 0.00765038 -0.00519753 0.000125885 -0.00774479 -0.00657177 0.000500679 0.00369072 -0.00565672 0.00168514 -0.00342178 -0.000546932 0.0061779 0.00434542 0.000385284 0.00751305 0.00229979 0.00603056 0.000682831 -0.00679016 -0.00206995 0.00558043 0.00291014 0.00575495 0.000656605 0.00454378 0.00631523 -0.00165033 -0.0056777
238163 -0.00621038 0.00228726 0.00704759 -0.006316 -0.00218197 -0.00268944 -0.00163659 -0.00255899 -0.00144204 -0.00633189 0.000553976 0.00335831 0.0057811 -0.00618632 0.000129999 0.00658101 0.00203431 -0.007325 0.000137357 0.00441826 -0.00190274 -0.00729395 0.00280454 0.00690587 0.00500361 0.00596265 0.000566625 -0.0020293 0.00222433 -0.000300649 0.00388387 0.00312223 0.0051077 -4.93223e-05 0.00212668 0.00512637 -0.00137102 -0.00291409 -0.0044965 0.00428135 -0.00340505 -0.00740865 -0.00579438 -0.00388805 -0.00627345 0.00325879 -0.00219424 0.00660689 0.0070119 0.0024532 0.00722709 0.00495063 0.0049186 0.00523241 0.00440458 0.00563079 -0.000686027 -0.00404431 -0.00143477 -0.00774497 0.00464281 -0.00134414 -0.00370983 0.00643696
309818 -0.00142574 0.00455093 -0.00566244 0.00277233 -0.00476408 -0.00543594 -0.00721788 0.000591755 0.00557899 0.00543451 0.00269747 -0.00693321 -0.00404644 -0.00703526 -0.00104761 0.00372124 -0.00528717 0.00357008 -0.00457048 0.00082922 0.00457144 0.00131941 0.00583267 -0.00267315 -0.00437737 0.00231552 0.00482655 -0.000184059 -0.00389576 0.00421619 -0.00355053 -0.00633001 -0.00668716 0.00336409 0.00766182 0.00281525 0.00550985 -0.00641823 0.00459957 0.00495052 0.00596714 0.00472832 0.0025177 0.00640678 -0.00250006 -0.00306129 0.00761366 -0.00509739 -0.00324821 -0.00322437 -0.000771523 -0.00372553 -0.0077877 -0.00566149 -0.00314903 0.000318527 -0.00539637 0.00318098 -0.00144386 -0.00256157 -0.00638437 0.00521231 0.00717878 0.00061655
274476 0.0021286 -0.00507164 -0.00665236 -0.00246954 0.0019002 0.00139904 -0.0039382 0.00420237 0.00310946 0.00548553 0.00680637 -0.00687551 0.000478268 0.00571346 -0.00586176 -0.00773954 0.00712156 -0.00597763 -0.00400591 0.0028553 -0.00428486 0.00106812 -0.00397635 0.00120831 0.00625944 0.00355434 -0.00443029 0.000464916 2.6226e-05 -0.00611353 -0.00239277 8.05855e-05 0.000222683 0.00463104 0.00176001 0.00214338 0.00520182 -0.00255728 -0.00767279 0.000327587 -0.00399017 0.00269699 0.00281906 -0.00433302 -0.00715446 -0.00238276 0.00455713 0.00741768 -0.00215197 0.00287437 -0.000285625 -0.0074172 -0.00245571 -0.00516748 0.00384998 0.0017314 0.00298262 0.00404215 0.0014329 0.000317097 0.00402594 -0.00284815 -0.00307846 -0.00437069
310125 0.00331206 0.00655994 -0.00511871 -0.00766943 0.0064376 -0.00419724 0.000517304 -0.00516313 -0.00707861 0.00258893 -0.00118215 0.00131311 -0.00475303 0.00126584 0.00436204 0.00462172 -0.00288562 -0.00476851 -0.00153923 0.0072875 -0.00278398 -0.000739427 0.00277756 0.00310945 -0.00233587 0.000867018 -0.00415823 -0.00424964 -0.00422139 -0.00151234 0.000604939 0.00598796 0.00518019 0.00179004 0.00259335 -0.00205694 -0.00198656 -0.00161228 -0.0060333 0.00428726 -0.00416655 0.00697752 -0.00725268 0.00461185 -0.00133437 0.00183169 0.0033702 -0.00541941 -0.00449942 0.00116456 0.0014514 0.00238927 -0.00413149 -0.0055451 0.00398958 0.00619908 -0.00304769 0.00146927 -0.00493707 -0.00721985 -0.00187255 0.000311653 0.00176499 0.002466
287108 -0.00678682 0.00239277 -0.00241995 -0.00627708 0.00523376 -0.00514889 0.00614977 -0.00195694 0.000338078 -0.00232172 0.00369215 0.00756407 -0.00467634 0.00353575 -0.00649548 0.00297403 -0.0071497 -0.000584126 0.00743246 0.00312376 -0.00415277 -0.00465965 0.000754356 -0.00449228 0.00102186 -0.00678349 0.00522089 0.00489473 0.00417328 -0.00698471 0.00654554 0.00275183 -0.00465298 0.00062561 0.00485182 -0.00709629 0.00779009 -0.00606585 0.00562859 0.00731945 -0.00438881 -0.00101995 -0.00655174 0.00372458 -0.00526094 -0.001647 -0.00463152 -0.00732565 -0.00167894 -0.00443077 0.00502968 -0.00483704 0.00116491 0.0044651 -0.000634193 0.00215483 0.00374222 0.00608778 0.00643778 0.00586414 -0.0071559 0.00150537 0.00318718 -0.00708389
311129 0.00191314 -0.000112486 -0.00773608 0.000471045 0.00257575 0.00777117 0.00534769 0.000420668 -0.00419865 -0.00046162 0.00737415 -0.0059304 0.00780223 -0.00267749 -0.00408597 0.0040947 -0.000945801 0.00648643 0.00378605 0.00276132 0.00159338 -0.00335959 0.00378442 -0.00580923 -0.00736544 0.00312727 -0.000113285 -0.00750935 0.00703775 0.0072971 -0.00694836 0.00530013 -0.003056 -0.000775696 -0.00451854 -0.00252033 0.00355611 0.00507844 0.000153911 0.00762684 -0.00690844 -0.000825916 0.00253395 0.00244014 3.16836e-05 -0.000676418 -0.0047414 -0.000963959 0.00714095 -0.00224586 0.00318896 -0.00493806 0.00403429 -0.00306754 -0.000187785 0.00161417 -0.00416317 0.00527179 0.00779141 0.000142731 -0.00269731 -0.00470357 0.0062412 -0.00634869
265337 0.00488452 -0.00681768 -0.00686078 0.00349775 -0.00511861 0.00475425 -0.00188605 -0.00369831 0.00465128 -0.00655271 0.00364728 -0.00239786 0.000823266 0.00658271 0.00677138 0.00136691 -0.00295058 -0.0070216 -0.00780953 -0.00477694 0.00118391 0.00262176 0.0020964 0.00715015 0.0036926 -0.0018627 -0.00489508 -0.00654697 -0.00609177 0.000744822 -0.00761726 0.00503431 -0.00293701 0.00332623 0.000420235 -0.00135333 -0.00654152 -0.0019612 0.0048945 -0.00429632 -0.00582681 0.00464275 -0.00580625 0.00246667 -0.0057187 -0.00651355 -0.00559508 0.00313287 -0.000619711 -0.00408204 -0.00343815 0.00269556 0.002843 -0.00126923 0.00731672 -0.00701187 0.00039127 -0.00594688 -0.00521952 0.00669699 -0.00278281 -0.000256188 -0.00761394 -0.0078173
256366 0.000966944 -0.000184181 0.00667523 0.00154955 0.00199566 -0.00492543 -0.0076051 0.00348101 -0.00265268 0.00383693 -0.00596527 0.000384309 -0.00284029 0.000443963 -0.00214671 -0.00401833 0.00719466 0.00576576 0.000461185 -0.00713586 0.00466858 0.00495776 -0.00604678 0.00338392 -0.00511924 0.000888332 -0.00177526 0.00352784 -0.00651937 0.00312285 -0.00214965 0.00120187 0.00638193 -0.00461434 0.0066094 0.00692518 -0.00652139 -0.0061857 -0.00732686 0.00105225 -0.00341383 0.00457379 -0.00265277 -0.00236039 -0.00355187 -0.00693418 0.00750625 0.00225783 0.00707878 0.00181277 -0.00649125 -0.00459554 0.00380012 -0.00239076 0.000537554 0.00391553 0.00557842 0.00660452 0.00220519 0.00172996 0.00170318 -0.0061883 -0.00208046 -0.000518822
133117 -0.00314426 -0.00169611 0.000255585 0.0012126 0.00475597 -0.00426435 0.00394201 0.000683784 -0.000805855 0.00035429 0.00353003 -0.00770187 -0.00380325 0.00286055 -0.00437403 -0.0030427 -0.00491095 0.0057416 0.00184441 0.00036335 -0.00123692 0.00314331 0.00080204 0.00654268 -0.00258207 -0.00535393 -0.00673294 -0.00484753 -0.00464058 0.00511408 -0.00511789 0.000822544 -0.00361156 -0.00314903 -0.00690174 -0.00625992 -0.00388336 0.00559664 0.00649023 -0.00151873 0.00611067 -0.00401878 0.00182962 0.00529623 0.00195646 0.00234461 -0.00539923 0.00147724 0.00764847 0.00365925 -0.00541973 0.00514317 0.00526047 0.00472069 -0.00284195 0.00718927 0.00731039 0.00671005 -0.00547218 0.00061512 -0.00359821 -0.00444889 0.00430536 0.00298405
265524 0.00706142 0.00615451 -0.00405998 0.00122199 0.00737735 0.000413487 -0.00629392 0.00571878 -0.00368943 0.00741622 0.00243885 0.00242709 0.00510411 -0.00136375 0.00308948 0.00547236 -0.00322746 -0.00714866 -0.00701363 -0.00117946 -0.00646967 0.00444371 0.00525035 0.00125919 0.00325025 0.00186942 0.00324435 -0.00462704 -0.00307457 0.00523598 -0.0076407 0.00313766 -0.00670786 0.00573737 -0.0062921 0.000778599 0.00174884 0.00741213 0.00349523 0.00186877 0.00494048 -0.000596211 0.00530271 0.00365393 -0.00154253 0.00228547 0.00170449 -0.00188741 0.00188173 -0.00245042 -0.00742048 -0.00646153 -0.00217289 -0.0077445 0.00698904 -0.000830833 -0.00624851 -0.00265437 0.006469 -0.00473047 0.00612087 -0.000470237 0.000960565 -0.00189773
276134 0.00697231 0.00188732 -0.0076499 -0.00750971 0.00631618 -0.00513315 -0.00688934 -0.00272274 -0.00161982 -0.0052762 0.000133991 0.00507307 0.00759506 -0.0039382 -0.000154495 -0.000730038 -0.00646687 0.00618601 -0.00590467 -0.00706005 0.00691795 -0.00725126 -0.00241613 -0.00455379 -0.00339031 0.0059247 -0.00343657 -0.00778961 0.00339413 -0.00584126 0.00699472 -0.000360012 -0.000135899 -0.00340605 0.00315619 -0.000577927 0.00285196 -0.00315809 -0.00448465 0.00169516 -0.0010581 -0.00378895 -0.00239086 -0.00558424 -0.00297356 -0.00270033 0.00448656 -0.00280762 -0.00156355 0.00294113 0.00371838 -0.00747633 -0.00451899 0.0026679 0.000898838 -0.000407219 0.00767756 0.00479841 0.00251627 0.00104952 0.000887394 -0.00743246 0.000622749 0.00355768
259723 -0.00448205 0.00301856 -0.00406165 0.00503225 0.00578302 0.00400084 -0.00561692 -0.00680341 0.0071257 0.00226656 -0.00182457 -0.001978 -0.00475268 -0.00442587 0.00450378 -0.00482836 0.00572114 -0.00121568 0.00173617 -0.00492422 0.00210241 0.0065756 0.00721186 0.00504536 0.000795535 -0.00200858 -0.00379605 -0.00287168 -0.00343085 0.00166596 0.000766248 0.00510962 -0.00454322 -0.00126809 -0.00729508 0.000171243 -0.000199056 -0.00517929 0.00214535 -0.00381939 0.00146514 0.00692498 0.00761887 0.00268237 0.000921189 -0.000499578 0.00205284 -0.0039092 -0.00188597 0.000312278 0.00512615 -0.0049842 0.00444652 -0.00755442 0.00432076 0.00476291 0.00602492 0.000757732 0.00177203 -0.00577574 0.00546331 0.000483618 -0.00731253 -0.000913818
311928 -0.00505181 0.00368763 0.0053035 -0.00143374 0.00223832 -0.00199396 -0.00239397 0.00341945 0.000984944 -0.000257166 0.0059181 0.00248205 -0.00137034 0.00546387 -0.00327004 0.00219569 -0.0010169 -0.00592284 0.00484903 -0.00581722 -0.00292543 -0.00145839 -0.00681585 0.00680337 4.2699e-05 -0.00733155 0.00181094 -0.00195466 -0.0027352 0.00278811 0.00600246 -0.00461993 -0.00152344 0.00230714 0.00397768 0.00568503 0.000717236 -0.00113028 0.00395862 0.0070661 0.00269506 -0.00272892 -0.00603373 -0.00113101 0.00560728 -0.0023512 0.00136525 -0.000189194 -0.0060339 -0.00648509 -0.00263089 0.00169895 0.00743718 0.00404259 0.00363805 0.00315818 0.000267718 -0.00412792 -5.7607e-05 0.00579674 0.00554514 -0.005538 0.00550897 0.00343929
79695 0.0041802 0.00577802 -0.00433496 0.00304308 -9.23878e-05 0.00173894 -0.00489329 -0.00111152 -0.00266995 -0.00407492 -0.00631491 0.00060803 -0.00630567 -0.00509002 -0.00490134 0.00589196 -0.00630958 0.00764257 4.82948e-05 0.00273098 0.00186638 0.00717847 0.000535984 0.000930235 0.00200692 -0.00319726 0.00514995 0.0064989 0.00290575 -0.00392503 0.000343987 0.000927973 0.00387538 0.00538382 -0.00738376 -0.0048397 0.00594792 -0.00126095 0.00495132 0.00132421 0.000467829 0.00340379 0.00115347 -0.00750456 -0.00127236 0.00391846 0.0015031 0.00570403 0.00242494 -0.00573562 0.00448102 0.00548857 -0.00495551 -0.00602655 -0.00683854 0.0067459 -0.00575985 -0.00690347 0.000536548 -0.0035905 -0.00539476 0.00034017 -0.00274629 -0.00368307
100967 -0.00137043 0.00346422 -0.00312757 -0.00618744 -0.0047884 0.00100517 0.00253057 0.00517941 0.00578976 0.00736856 0.00209332 -0.00204754 -0.00456953 0.00347853 -0.00517321 -0.000356197 0.00240278 0.000416279 0.00750542 -0.00591755 0.0031743 0.000739574 0.00394964 -0.00455379 0.00650311 -0.00629807 0.00583506 -0.00517511 0.003088 0.00342464 0.000459194 -0.00242949 -0.00119162 -0.00188112 0.000207901 0.00251389 -0.00760698 0.0075326 0.00129128 0.000682354 0.000538349 0.0067215 0.00335169 0.000837326 0.00695324 0.00706387 -0.00622892 0.00323057 0.000844955 0.00638199 -0.0042119 0.00701809 -0.0030551 0.00469828 0.00610781 0.00396824 -0.000525475 0.00312138 -0.000740528 -0.00295115 0.00526237 0.00489807 -0.00375128 -0.00348282
23988 -0.00720357 -0.00140563 -0.00025586 0.00088134 -0.00759913 0.00508684 -0.00337292 -0.00676301 -0.00311528 -0.00406493 0.00142808 -0.00766879 -0.00465181 0.000318631 -0.00104144 0.000257943 -0.00140963 0.00360125 -0.00747817 -0.00376382 -0.00456872 0.00213079 0.00161843 0.00623561 0.00562018 0.0059098 -0.00437132 0.00576123 -0.00479545 0.00778631 -0.000395848 0.000153113 -0.00613294 -0.00581636 -0.00196963 0.00695906 0.00727624 -0.000622664 -0.00302493 0.00337632 0.000695199 -0.00354708 -0.00172317 0.00217913 0.00235441 0.00363364 -0.00708896 0.00531562 0.00574664 -0.00528024 -0.0047134 -0.000693657 0.00365486 -0.00729477 0.00551653 0.0068273 0.00413615 -0.00235825 -0.000394553 -0.000409231 -0.000314224 0.00274372 0.0076139 -0.000643348
232998 -0.00664568 0.00096941 0.00295258 -0.000537395 0.00354338 -0.000288486 -0.00700331 0.00428152 -0.00405312 -0.00609493 0.00110149 0.00491238 -0.00713634 -0.00623226 0.00267839 0.00112343 -0.00523758 -0.00628567 0.00669193 -0.0017457 -0.00335312 -0.00480032 -0.000626564 -0.00566435 -0.000861645 0.000962257 0.00546265 -0.00401354 0.000117779 -0.00028038 -0.00109959 0.000101566 0.00746107 -0.000586987 -0.00352001 -0.00447035 -0.00380516 0.00305271 0.00388193 -0.000126362 0.00686264 0.000888348 0.00696707 -0.00188112 -0.00406837 -0.00205278 0.00588512 0.00134754 -0.00560093 -0.00557184 0.00362158 -0.00151348 -0.00206518 0.000480652 -0.00658464 0.00373268 0.0040884 0.0028677 -0.00270844 0.00384426 -0.00510216 -0.00371361 -0.00297785 -0.00767851
263646 -0.000814837 -0.00316644 -0.00273352 0.00405136 0.00160639 -0.00579124 -0.000362204 -0.00639262 0.00469021 -0.00563622 0.00264025 0.00223911 -0.00490675 -0.000165091 -0.00659666 0.00342777 -0.00430392 0.002026 -0.000424192 -0.00314315 0.0011864 0.00289229 -0.00454621 0.00696304 -0.00524526 0.00151034 -0.0042031 -0.00735428 -0.000395847 -0.00650602 0.00718975 -0.00331751 0.00327706 -0.00380224 -0.0019715 -0.00570872 0.00640973 -0.00738608 -0.00532177 0.00402161 0.00106856 -0.00632978 -0.00415415 -0.00177966 0.00664647 0.00225488 0.000529622 0.00434325 -0.00101352 0.00153394 -0.00213838 -0.00236959 0.00162725 0.000136071 -0.00469527 0.00667622 0.00318268 0.00620778 -0.00420885 0.00162072 -3.4855e-05 -0.00424539 0.0009298 0.0020679
313059 0.00136056 -0.00405802 -0.00308923 0.00549404 -0.00131477 0.00560416 0.00102651 0.00244683 0.00145687 -0.00182669 -0.000240345 0.00559008 0.00143265 -0.00437635 -0.00242438 0.000524107 -0.00173888 0.00497277 0.00703064 -0.00330506 -0.00419547 -0.00662562 -0.00417653 0.00517615 -0.00764533 0.00639425 -0.0024867 -0.000657215 -0.00115909 -0.00465675 -0.00577873 -0.00313485 -0.000208138 0.00593802 -0.00258239 0.00597302 -0.000826361 -0.00310708 -0.00317058 0.00632811 0.00479645 0.00298749 0.00165889 0.00417125 -0.00134124 0.00520613 -0.000617812 0.0036863 -0.00315997 0.00428328 -0.00573824 -0.00265956 -0.00252811 0.00286815 -0.00247677 0.00416002 -0.0027129 0.00270358 0.00650752 -0.00727708 0.000572642 0.00355705 0.000805563 0.000359665
299983 -0.00130558 0.000248909 -0.00721741 0.00262308 -0.00104332 -0.00373077 0.00494337 0.00167942 0.0037837 -0.00141573 -0.00591898 -0.00306797 0.00340223 -0.00285816 0.00261116 -0.00634861 0.00725555 0.00261736 -0.00552893 -0.00546837 0.00616789 0.00528955 -0.00145721 0.00487661 -0.000458717 0.00688505 0.00241232 -0.0037508 -0.00470018 0.00380516 0.000270367 -2.09808e-05 0.00748587 -0.00452805 -0.00279045 -0.00591087 0.00609207 0.0055809 -0.00128603 0.00504303 0.000291824 0.00249386 0.0063467 -0.00587702 0.00652122 0.00344086 0.00156832 -0.00328779 0.00444889 -0.00124407 0.0011754 0.00617361 0.00729513 -0.00355148 -0.0055747 -0.00753784 0.00577354 -0.00479269 0.00159121 0.0002985 0.00588179 -0.00136518 0.00150156 -0.00171041
311796 -0.00207081 0.00381965 -0.000932835 0.00194074 -0.00110125 -0.00110203 -0.00401347 0.00133512 0.0055622 -0.00349737 -0.00508646 -0.00235848 0.000372347 -0.00291436 0.00369929 0.00740038 0.0039182 0.00268859 -0.00241947 -0.0050063 0.00332993 0.00678506 -0.00599925 -0.00154909 0.000574849 0.00193477 -0.00554814 0.00266732 -0.00584949 -0.00606023 -0.00495451 -0.00261254 -0.00202615 0.0018519 0.00770617 -0.00741354 0.00406041 0.000572866 -0.00350049 0.00618 -0.00680262 0.00488552 -0.000181247 0.00107627 -0.00559151 0.00124394 -0.0016012 0.00413908 -0.000840813 0.00446608 0.00356747 -0.00641662 -0.00177509 0.00770064 0.00359366 0.00696075 -0.00658698 -0.00549115 -0.00755835 -0.00720742 0.00155629 -0.00094718 0.000346179 -0.0010567
313429 -0.0020931 -0.00705016 0.00661604 0.00220112 0.00274535 0.0070889 -0.00233558 0.00358186 -0.00698874 0.000654882 0.00390392 0.00541415 -0.000504706 -0.00412199 0.00388627 -0.00390853 -0.00702288 0.00524228 -0.00255119 -0.0051212 -0.00261418 0.00520661 -0.00409312 0.00168147 0.00305437 -0.00162491 -0.00334651 -0.00124435 -0.00719098 -0.00450199 0.00308153 0.00399896 -0.00258223 0.00747247 0.000189153 -0.00373706 -0.00663735 0.00281879 -0.00576402 -0.00757291 -0.00294383 -0.0006266 -0.0046637 0.0032744 -0.0031486 -0.00471813 0.00464154 0.00763644 -0.00256033 0.00182714 -0.00577086 -0.000685861 0.00772057 -0.00687526 0.00369158 -0.00290319 -0.0048305 0.0034598 -0.00186036 -0.00663162 -0.0032807 -0.000580407 0.00225282 -0.00235613
313693 0.00533867 -0.00695324 -0.00161839 -0.00562382 0.00692511 0.00669909 -0.00566578 0.00269842 0.00695419 -0.00355721 -0.000974178 -0.00536966 0.000201225 0.00178051 -0.00165939 -1.04904e-05 0.00264263 0.00228453 -0.00140905 -0.00119591 0.00629425 7.62939e-06 -0.00535059 0.00706816 0.00689793 -0.00482416 -0.00689983 0.00377083 -0.0034585 -0.000801086 -0.00577497 -0.00440741 -0.00700903 0.002491 0.000692368 -0.00778723 -0.00217152 -0.00574398 0.00362825 0.00112247 0.00203991 -0.00139332 -0.00167131 0.00238228 -0.00634813 0.00542307 -0.00409842 -0.00340509 -0.00768757 -0.00531197 0.00498343 -0.00721264 0.00291204 -0.00478125 -0.00330925 -0.00178289 0.00688982 0.00151634 -0.0011797 0.00179815 -0.00730228 0.00216389 0.00434828 -0.00246286
314517 0.00344181 0.00599051 -0.00352526 -0.00719786 4.91142e-05 0.0069313 -0.00597477 0.00093317 0.00235605 -0.0074482 -0.00242424 -0.00572252 -0.00604153 -0.000332355 0.00574207 0.00464869 0.00635719 -0.00609779 -0.00237894 0.00354385 -0.00677156 -0.00151348 0.00394917 -0.000872612 0.004107 -0.000852108 0.00671864 -0.00207138 0.00268936 0.00351095 -0.00705719 0.00264311 -0.00471115 0.000613213 -0.00394392 0.00648499 0.00215387 -0.00416803 -0.00248194 -0.000772953 0.00592947 0.00744963 0.00648308 -0.00774574 0.00372744 -0.00297737 0.00260353 -0.000358582 0.000202179 -0.00520372 -0.0026722 -0.00179768 0.0056057 0.00169039 -0.00749016 0.00665188 0.00121498 0.00723219 -0.00205374 -0.00567484 -0.0013957 0.00183249 -0.00396967 -0.00603104
314569 -0.00108397 -0.00533591 -0.000493222 0.00406113 -0.00582737 -0.00638343 -0.00321109 -0.00737534 0.00444143 0.00558239 -0.00675372 -0.00565979 -0.00421782 -0.00221796 0.00565392 0.00345557 0.00105245 0.0034443 -0.000954899 -0.00189069 0.00737486 0.000135102 -0.00147553 0.00153838 -0.00546534 -0.00634013 0.00591021 0.000491218 0.000878652 -0.000856559 0.000295519 0.000967323 0.00708309 0.00764234 -0.00334193 -0.00513123 -0.00112499 0.00507182 0.00330729 -0.00716433 -0.00116409 0.00732252 -0.00599475 0.00583327 0.00689725 0.00568632 0.000408841 0.0062317 -0.00149551 0.00600184 0.00309758 0.000613325 -0.00144465 -0.0074867 -0.00682321 -0.00472975 0.00528505 6.91941e-05 0.00684045 0.00194019 0.000123731 0.000862536 0.005699 0.00570622
185576 0.00622788 -0.00780015 -0.00172535 -0.00436592 -0.00645893 0.00722894 -0.00508666 -0.0044702 -0.00062921 -0.0026142 0.00327229 -0.00744614 -0.00279488 -0.00340296 0.00113415 -0.00242527 0.00708247 -0.000325946 -0.000467253 -0.00513457 -0.00367827 -0.00340732 0.00775164 -0.00114094 0.00145959 0.00116702 -0.00192518 0.00724668 0.00412141 0.000220426 -0.00601985 0.00538261 0.00770619 0.00598978 0.00499206 -0.000917432 0.00389585 -0.0039062 -0.00624561 -0.0041649 -0.00568946 0.00307124 0.00540419 0.00571783 0.0064203 -0.00328457 0.00405107 -0.00203435 0.00366245 -0.00689868 -0.00056808 -0.00707836 0.00358198 0.0023074 -0.00707526 0.00721978 0.00721207 -0.00146996 -0.00221339 0.000910141 0.00640856 -0.00615909 0.00707248 -0.00315852
36172 0.000874474 -0.00723395 0.00709362 0.00533411 -0.00541304 0.00234492 0.00408318 0.0040523 -0.00319332 0.000190383 0.0057051 -0.00546865 -0.00240803 0.0043934 0.00295742 -0.00396488 0.00573009 0.00599901 0.00358658 -0.00152579 -0.00638155 0.00300809 0.00632998 -0.000844394 -0.00650225 0.00495803 -0.00156392 0.00620601 0.00201682 -0.00256945 0.00624617 0.00737822 -2.82463e-05 0.00144388 0.000218748 0.00616357 -0.00580599 -0.00236479 -0.00371884 -0.00135566 -0.00199222 0.00734802 -0.000694006 -0.00640404 -0.00224384 0.00575413 0.00484801 -0.00435689 -0.00691236 0.00690539 0.0025914 0.00706516 0.00351996 -0.00458894 -0.00623472 -0.000166021 0.00300535 -0.00229735 -0.00227693 0.00662339 0.00309713 -0.00118552 -0.00267016 0.00169752
221229 -0.00274123 -0.00174175 0.00106756 0.000658092 0.00154297 0.00382514 0.000981004 0.0046888 -0.00153458 0.00717641 0.00215926 -0.00194994 0.00411445 0.005971 -0.00143808 5.92429e-05 0.00173984 0.00674543 -0.00774648 0.00569627 -0.00624678 -0.00460674 -0.00756802 0.00261555 -0.00609885 -0.00366439 -0.00121273 -0.00681025 0.00760821 0.00489439 -0.00085341 0.0062114 -0.00559745 0.00770818 0.000451927 -0.00468049 0.00128762 -0.000570487 -0.000714564 -0.000421967 -0.00773738 -0.00625449 0.0045368 -0.00541589 -0.000182813 -0.0019755 0.0019037 -0.00351022 -0.00116578 -0.00347195 0.00523712 0.00467071 0.00442564 0.00648928 0.00563855 0.000566242 -0.0036765 0.000491545 -0.0054505 -0.00467396 -0.000649314 -0.00524465 -0.00299183 4.37524e-05
315162 0.00214481 0.00276359 -0.00548095 0.00384768 -0.00478235 -0.0024855 0.00127667 0.00743511 -0.00155816 0.00356674 0.00197293 -0.00698176 0.00054802 -0.00601848 -0.00120921 0.00295059 0.00764835 -0.0059409 0.00126746 0.00558353 -0.00101542 0.00448951 0.00318912 0.00166713 0.00256303 0.00541048 -0.00123182 0.00312446 -0.00514417 -0.00227383 0.00493084 -0.00682224 -0.00618552 -0.000758244 0.000389396 0.000461585 0.0021622 -0.000984251 -0.0010922 0.00470082 -0.00163071 0.00622073 -0.00461086 -0.00522742 -0.00760934 -0.0064132 0.00211898 0.00565488 -0.00173552 -0.00285878 -0.00757182 0.00205397 0.00479304 -0.000187836 -0.000755892 -0.00205732 -0.00122938 0.00197873 -0.000465911 -0.00191282 -0.00352382 -0.000297625 0.00331781 -0.00495821
213185 -0.00124454 -0.00736666 -0.00617552 -0.00205088 -0.00451517 -0.00737381 -0.00269032 -0.00117731 -0.00154495 -0.00183868 0.0066905 -0.00709057 -0.00598621 0.000143051 0.00663996 0.00593948 -0.00305891 -0.000842094 -0.00393581 -0.00515842 0.00382471 0.00633955 0.00555134 -0.00351477 -0.00415564 -0.0077939 0.00577497 0.0005126 -0.00757456 0.00563097 0.00130033 -0.00110435 -0.00682926 0.00542736 0.00264645 0.000797749 -0.00296831 0.00172281 -0.000818729 -0.00337791 -0.00138044 0.00271559 0.000703812 0.00357008 -0.00562143 0.00462103 0.00466156 0.00472975 -0.00773621 0.00477314 0.0037384 0.00775719 -0.00485563 -0.00556231 0.000127792 0.00392008 -0.0015378 0.00506115 0.000609875 0.00670099 0.0036025 -0.00738049 0.00561619 -0.00240326
288647 -0.00629743 -0.00695518 -0.00233571 0.0052494 -0.00129705 0.00620092 0.00493068 0.00458845 -0.00772347 0.00771666 -0.005608 0.00332274 -0.000526034 0.00150755 0.00172691 0.00240739 -0.00232633 -0.00150786 -0.00353737 -0.00631428 -0.00517888 0.000410254 0.00552408 -0.0048258 0.00497631 0.00274104 0.00373328 0.00470301 0.005551 0.00371144 0.0049559 -0.000906378 -0.00469909 0.000929281 0.00187623 -0.00107205 -0.00591883 0.00513049 -0.00375377 -0.00308837 -0.00145084 -0.0041086 -0.00519919 0.00720312 0.00134098 0.00415443 0.000766589 -0.00107658 0.00508436 0.0078375 -0.00723199 0.00710821 0.00518161 0.00154562 -0.00539596 0.00706686 0.00717552 0.00499317 -0.00656171 0.00532176 0.00642793 0.00718247 0.00122322 -0.00477305
99706 0.0016587 0.00634539 -0.00319246 -0.00696335 -0.00634101 0.000663905 0.000333704 -0.004682 -0.00195642 -0.00641453 -0.00193713 0.00626696 -0.0070539 -0.00155661 0.00260357 -0.00647091 -0.000733945 -0.00769657 -7.29606e-05 -0.000894502 -0.0020299 -0.00595568 0.00105065 -0.00221287 0.00606431 -0.00358793 0.000162982 -0.00426623 0.000300036 0.00604556 -0.00657201 -0.00696198 -0.00498241 -0.000950995 0.000604029 0.0055162 -0.0062312 -0.00119591 -0.00578323 0.00420842 -0.00354837 0.00629899 0.00637119 -0.000801792 0.00061625 0.00451039 0.00529203 0.000958225 0.00619886 0.00198973 -0.000447245 -0.00772768 -0.0059657 -0.00673943 -0.00723948 0.00345006 -0.00310765 0.00422853 -0.00278123 0.00146929 -0.00162231 0.00671332 -0.00537996 -0.00103917
303640 -0.00210476 -0.00501442 0.00554657 -0.0006423 -0.00772476 -0.00694752 -0.000320911 -0.00307274 -0.00657272 0.00411654 -0.00435829 0.00741243 0.00494242 -0.00069809 0.00458288 0.00393915 -0.00167179 0.00375557 -0.00545645 -0.000126839 -0.000314236 0.00229979 -0.00176668 -0.00312376 -0.000770569 0.00399017 -0.00541639 -0.00700712 -0.0023818 0.00337267 -0.000867844 0.00339746 -0.00474977 0.00591755 -0.00639343 0.00738668 0.00411034 -0.0039506 0.004776 -0.00700808 -0.00230694 -0.000368595 -0.0058217 -0.00283051 0.00360346 -0.00568199 -0.00620747 0.000454426 0.00434589 0.0071311 -0.0069747 -0.004107 0.00715637 -0.00356674 -0.00356436 -0.00259304 -0.00472879 -0.0017271 0.00758696 -0.00510073 -0.00352478 -0.00635576 -0.000935078 -0.00375795
309239 -0.00304966 -0.00773535 -0.000943936 0.00721582 -0.00118766 -0.0074286 -0.0048746 -0.00413945 -0.00394309 0.0010029 0.00435128 0.00460022 -0.0041945 0.00451485 -0.00498065 0.00358089 -0.000334415 0.00158145 -0.00715083 -0.00715042 -0.00547903 0.0012618 -0.00477226 -0.00738089 0.0076883 0.000865582 -0.00555589 -0.00773186 -0.00510939 -0.0058104 -0.000330847 -0.00184452 0.00654581 0.00388314 -0.00099595 -0.000549174 -0.00577548 0.00213099 0.000720451 -0.00716027 0.000208562 -0.00358332 0.00271744 -0.00509499 -0.0021936 0.00137314 -0.00330275 -0.00532143 0.00033159 0.00355817 -0.00268304 -0.00495377 0.00380094 -0.00119339 -0.000110683 0.000816408 0.00596012 0.00554115 -0.00318077 -0.00688684 -0.00581514 -0.00618126 0.00379768 -0.00195506
298843 0.0055254 -0.00768669 0.00718366 0.00758197 -0.00594015 0.000724207 0.00234267 0.00210958 -5.43568e-05 0.000857072 0.00234543 0.00328809 -0.00388366 0.00674457 0.000395558 0.00144076 0.000263247 -0.00632038 -0.000630596 -0.00170985 0.000363494 0.00596333 -0.00211859 -0.00699875 1.84494e-05 0.00163131 -0.000679523 -0.00281958 -0.00272282 0.000422006 -0.00390676 -2.41701e-05 0.000391906 -0.00130985 -0.00412793 -1.94876e-05 0.00349751 -0.000990011 -0.00612963 -0.00574382 -0.00581541 -0.00628805 0.00618341 -0.00597159 -0.00566923 -0.00113534 0.00527286 0.00433187 0.00276286 -0.00483641 -0.0025796 0.00599701 -0.00202862 -0.00403613 0.00524628 0.00216329 -0.00641524 0.00543965 0.00748191 -0.00413787 -0.00717597 -0.0059773 0.00590297 0.00753053
118892 0.00684701 -0.00294735 0.00517844 -0.000788175 -0.00205762 -0.0045182 -0.00198377 0.00215946 0.00690227 -0.00324417 0.00677343 0.00131692 -0.00254875 0.00640493 -0.00757409 -0.00125811 0.00478094 -0.00445201 -0.00483241 -0.00262677 -0.00385896 -0.00750904 0.00441983 -0.00171974 -0.000469151 -0.00249609 0.00103166 0.00356524 0.00224939 0.00497419 -0.00267345 -0.00749174 0.00304346 0.00404401 0.00242248 0.00387365 0.00106439 0.00762741 0.00381735 -0.0045036 -0.00692256 -0.00373571 0.00218969 0.00409902 -0.0035735 -0.00108565 0.00302545 -0.00457472 -0.00309606 -0.00638987 0.00171021 0.0060153 -0.00412333 0.00695037 0.00665081 -0.0022282 -0.00681502 0.000908576 -0.00377648 -0.00493778 0.00153822 0.00448116 -0.00523957 0.00437365
169903 0.00762604 0.000583576 0.0072573 0.00425759 0.00681615 -0.00614038 -0.00213562 0.00605909 -0.00475774 0.00529541 -0.00423195 0.00427911 -0.000843601 -0.00380857 -0.00236031 0.00445901 -0.00544989 -0.000658778 0.000277855 -0.00536415 -0.000306455 0.00724055 0.0051677 0.000849483 0.00603276 0.00308573 -0.000835634 -0.000543647 -0.000601824 -0.00148517 0.00442142 -0.00162096 0.00165172 -0.0055082 -0.00225596 -0.00189901 -0.00500529 -0.00575449 -0.00444863 0.00259926 0.00258294 0.00125865 -0.00371482 -0.00453014 -0.000451056 0.00589654 -0.00312036 0.00432345 0.00694532 0.00281764 -0.00484609 -0.00412051 -0.004115 -0.00398088 0.0062234 0.00735975 0.000726133 0.00266134 0.00561064 0.00602665 0.00594911 -0.00361029 -0.00117607 0.00736977
311091 0.00669461 0.00481752 0.00421365 0.00588308 -0.00627132 0.00518531 -0.00584565 0.00031736 -0.00192216 0.0040039 0.00214376 -0.00568904 -0.00721124 0.00777234 0.00337735 0.00419302 0.00555115 0.00513124 -0.00417969 0.00260837 0.00551131 -0.00504873 -0.00182369 0.000907422 -0.00401521 -0.00609622 0.00113695 -0.00383244 0.00167616 -0.0048281 -0.00506106 0.00121884 0.00677696 -0.000684356 -8.88684e-05 -0.0068937 0.00133842 -0.0045833 0.00421807 -0.00180033 0.00503413 -0.00217307 0.00165355 -0.00664121 0.00696205 0.000705546 0.00161427 -0.00290413 0.00247361 0.00316586 0.00172845 -0.000378462 0.00419663 -0.00214638 -0.00186903 -0.00402946 0.00427854 -0.00204107 -0.00771594 0.00511283 -0.000365586 -0.00450139 0.0073928 -0.00378965
316702 -0.00485351 0.00386859 -0.00530045 -0.00501469 0.00198029 -0.000428619 0.00261859 -0.00508761 -0.00628527 -0.00620762 0.00401136 -0.00740185 -0.00667556 0.00258062 0.00488271 0.00688472 0.00344161 0.00496487 0.00187544 -0.00545435 0.000269156 0.00200694 0.00510864 0.00648312 0.000428434 0.000234175 0.00656511 -0.00252609 -0.00123599 0.00128331 0.00128534 -0.00754232 0.00559366 -0.00690428 0.00372683 0.00722566 -0.00307421 -0.00686215 -0.0051196 0.00405097 0.0060709 -0.0013399 -0.00744773 -0.0006437 -0.00151984 0.0034028 -0.00715223 -0.00558094 0.00778519 -0.00143015 0.00640798 0.00240375 0.00355553 -0.00758977 8.48107e-05 -0.00097303 -0.00017033 -0.00250812 -0.00118867 0.00760189 -0.000504385 0.00429518 0.00200601 0.00529587
68359 0.00307846 -0.000326633 0.000772476 0.00159454 0.00453758 0.00192213 -0.000122547 0.00763416 -0.000367641 -0.000927448 0.00291348 -0.00305271 -0.00768614 -0.0033412 0.00516891 -0.0018568 -0.00706577 -0.00115108 -0.000494957 -0.00144243 -0.00592089 0.00442886 -0.0071764 0.00217342 -0.00418472 -0.0023694 0.00724745 -0.00086689 0.00367832 -0.00028038 0.00107241 0.00259924 -0.00693274 0.00507498 -0.00389338 0.00404596 -0.00225067 -0.00732422 0.00270939 0.002738 0.00363636 -0.00701952 -0.00209999 0.00734377 -0.00696278 -0.00513983 0.000973225 -0.00642252 -0.00757217 0.000695705 0.0019846 -0.0029397 0.000188351 -0.0013175 0.00629711 -0.00283003 0.00672007 0.00419569 -0.00256729 0.00544691 -0.000968456 0.00175571 0.00328588 -0.00130033
237712 0.0059371 0.00196123 0.00544405 0.00100231 -0.00215483 -0.00195742 0.00168085 0.00160074 -0.00584507 0.00515175 -0.00738955 -0.00270176 0.00472927 -0.00169563 -0.000564098 0.00258875 0.00222063 -0.00542545 -0.00682688 0.0036006 0.00484037 0.00171852 -0.00147867 -0.00400066 -0.00239992 0.000701427 0.00275898 0.00479031 0.00598526 -0.00320435 -0.00465488 0.00741434 0.0032177 -0.00576496 0.00297689 0.00182915 -0.00367785 0.00721502 -0.00734615 0.000342369 0.00339651 -0.00653172 0.00750208 0.00339746 0.00167513 -0.00491428 0.00166655 -0.00030899 -0.00370836 -0.00218439 0.00463772 -4.43459e-05 -0.0075469 -0.0033741 0.0031991 -0.00546169 0.005301 -0.00247955 -0.000505924 -0.00165033 -0.000443459 0.00589228 -0.0072341 -0.00480032
199206 0.00257696 -0.00296732 -0.000488108 0.00760132 0.00178245 -0.00281662 0.000349016 -0.00543918 -0.00530691 0.00517365 0.00588351 0.00705714 0.00654845 -0.00765484 0.006312 0.00578829 0.00475323 0.00772041 -0.00485152 0.00649458 -0.00422745 0.00116469 0.00474319 0.00381612 -0.00216248 0.000639421 0.000509532 -0.00534353 0.00313432 0.00665621 -0.00699262 0.00613423 -0.000245869 0.00548696 -0.00439281 -0.00458165 -0.0070233 -0.00479422 -4.68953e-05 -0.00487261 0.0032346 0.00496099 0.00338742 -0.00297459 -0.00360463 0.000634661 -0.00596728 -0.00558471 0.00457957 0.00160117 0.00712751 0.00401033 0.00217049 0.00524188 0.000667137 0.00307214 -0.000647063 -0.00394961 -0.00714933 -0.00619023 -0.00541324 -0.00435922 0.00668809 0.00572435
296481 -0.000280857 -0.00538826 -0.00274372 -0.00333309 -0.00289106 0.000767231 -0.00418329 -0.0034008 -0.00468302 6.34193e-05 0.00528955 0.000544071 -0.00301456 0.00266743 0.00544834 0.0011096 -0.00248671 -0.000777721 -0.0055809 -0.00383043 0.000444889 0.00224161 0.00173426 0.00235128 -0.00367308 -0.00359154 0.000157833 0.00355005 0.000248909 0.00432634 -0.00490904 0.00585747 0.00110054 -0.00230646 5.72205e-05 0.0031085 -0.00412178 0.00107718 0.00520039 -0.00682735 -0.00667906 -0.00673676 0.00666142 0.0054493 0.00397015 0.000226021 0.000649452 -0.0015502 -0.00532913 0.000324249 -0.00554991 -0.00583506 -0.00350952 0.00451422 0.000676155 -0.00439882 0.000320435 -0.00531435 0.00451422 0.00732088 0.00101328 0.00479317 -0.00472927 0.00223589
184040 -0.00380325 -0.00336838 0.00508833 -0.0017662 0.0037365 0.00242758 -0.00385618 -0.00584698 -0.00225496 -0.00140047 -0.00767803 0.00679588 -0.00101805 -0.00151157 -0.000201225 0.00537729 0.000792503 0.000271797 0.00315666 0.000723839 -0.00232172 -0.00337505 0.00333929 0.00749302 0.000775814 -0.00515699 -0.00656033 -0.00389671 -0.00516987 0.00397778 -0.00511265 0.00577259 0.00220013 0.000211716 0.00314522 0.00410318 0.00534487 -0.00110674 -0.00326443 -0.00726843 0.00271082 -0.00553703 -0.000668526 0.00699186 -0.00365496 0.00605631 0.00498199 -0.00652409 -0.00135326 0.00565243 0.00620699 -0.00530529 -0.00278473 -0.00220394 -0.00247145 -0.000277042 -0.00354671 -0.00348806 0.00668001 -0.000597 -0.00324297 -0.00343323 -0.00519323 -0.00437927
316922 -0.0012943 -0.00280326 0.00602077 0.0032273 0.00245357 0.00359219 0.00137291 -0.00276438 -0.00400965 0.00172292 0.00762082 0.000143205 -0.00377805 0.00369738 0.000222409 -0.00365765 -0.00409599 0.00303404 -0.00536151 -0.00650433 0.00539778 -0.000580315 -0.000141457 -0.00400227 -0.00461252 -0.00507317 -0.00439731 0.00717416 0.00769094 -0.00371112 -0.00654876 -0.00268002 0.00583658 0.00321551 -0.00037889 0.00105774 -0.00172069 0.00181689 0.00200659 -0.000120958 0.00588879 0.00560494 0.0024925 0.00330531 0.000245428 0.00685878 -0.00165771 0.000207651 -0.0061096 0.00584335 -0.00388435 0.00625827 0.00273386 -0.00370159 -0.0067563 0.0039199 -0.000723792 -0.00344366 -0.00493473 0.00107774 -0.0012578 0.00466852 0.00243863 0.00467181
75550 0.00611594 -0.00176666 0.00648023 -0.00523685 -0.00247963 -0.00212599 0.00378421 -0.0075795 0.00748124 0.00257089 0.00587187 -0.00601131 -0.00413047 0.00313119 -0.00588488 0.00643027 0.00320324 0.0074721 -0.00322623 0.00253576 0.00243306 0.00228414 0.00505247 -0.000678519 0.00342918 0.00346835 -0.00154417 0.00133152 0.00496657 -0.00458277 -0.00032606 -0.00462793 0.0069882 0.00474065 0.00765679 0.00443333 0.00629081 -0.000444599 -0.00624781 -0.00278518 0.00072082 0.000314002 -0.00181832 0.00390167 0.00332205 -0.000817262 -0.00453205 0.000313457 -0.00314929 -0.00302539 0.00383733 0.00613581 0.00363661 0.00342904 -0.0023267 0.00450196 -0.00306108 -0.00226705 0.00443185 0.00424704 0.000488306 -0.00755748 0.00752519 -0.00652441
224215 -0.00613568 -0.00615948 0.00510443 -0.00495053 0.000954373 0.00238579 0.00346264 0.00521841 -0.00503361 0.00208942 -0.00357545 -0.00609703 -0.00268052 0.00507037 -0.00769707 -0.0021816 0.00398275 0.00576709 -0.0015203 0.00120356 0.00675863 0.00471949 -0.00637622 -0.00571514 -0.00640093 0.00384313 0.00152798 -0.00212714 0.00755984 0.00760239 -0.00102745 0.00694651 -0.00724156 -0.00508238 0.00630928 0.0012953 0.00620731 0.00527675 -0.000580806 0.00653865 -0.00700946 0.0068102 0.00744216 -0.00522851 0.00102781 0.00302475 0.00329723 -0.00113498 0.000547756 -0.00149275 -0.00135441 -0.00502293 -0.00176092 -0.000925419 -0.00272966 0.0055747 0.000965013 -0.00493107 -0.000768731 -0.00694864 0.00322136 -0.00642667 0.00717612 -0.00359254
213021 0.00768741 0.00158864 -0.00725887 0.00279544 0.0013932 -0.00497565 -0.00731778 0.00664686 0.00708449 -0.00661614 -0.00351982 -0.00233261 0.0077012 -0.0056795 -0.00219736 0.00287162 0.00297253 -0.00213606 -0.00364568 0.00192294 -0.00284962 -0.0016124 -0.00504625 -0.00332959 0.00465253 0.00282321 -0.00328283 -0.00746456 -0.00282108 0.000165546 0.000258055 6.7374e-05 0.00506053 0.00313423 -0.0018519 0.00208559 -0.00154914 -0.00692768 0.00737954 -0.00522651 -0.00384018 -0.00122952 -0.00326874 0.00107911 -0.00342061 -0.000739412 0.00528999 -0.00684167 0.00577521 0.00655237 0.00462321 -0.00300172 -0.00720501 0.00231845 0.00185219 0.00347432 -0.000483658 0.00717048 -0.00141838 0.00623399 0.000545758 0.00258698 0.00645255 -0.00681887
233997 0.00742797 -3.63282e-05 -0.000799277 -0.0066228 -0.00475064 -0.00704816 0.00290231 0.0066412 0.00661213 -0.00693001 -0.00023464 -0.00474898 -0.00489388 -0.00519889 0.00586612 -0.000562456 -0.00288081 0.00717672 -0.00509242 -0.00637059 0.00723757 -0.00157799 -0.000620015 -0.00107736 0.00528223 -0.000569524 -0.000842767 0.0046437 -0.00526791 -0.0049629 0.00458129 -0.00259809 -0.000241895 0.00388386 -0.00654401 -0.00620963 0.00676232 0.00734761 -0.00184317 -0.000787463 0.000281993 0.00445297 0.00275339 -0.00671974 0.00114335 -0.00764821 -0.00718585 0.00394881 0.00561047 -0.0062997 0.00670382 -0.00278319 0.00133328 -0.00691875 -0.00214423 0.00229676 0.0042103 -0.00219881 -0.00179211 -0.00334355 -0.00621107 0.00634864 0.00248205 0.00258392
317201 0.00753718 0.00644673 -0.000312599 -0.00329946 0.00241797 0.00531624 -0.00516221 0.00738459 -0.00466761 -0.00576901 -0.00775152 4.42688e-05 -0.00194268 0.00693828 0.00383179 0.00418515 0.00669432 0.0023605 0.00640316 0.0043958 0.000131877 -0.00359474 0.00508511 0.00116582 0.0031145 0.000487356 0.000715147 -0.00130719 -0.00240532 0.00636944 0.00518882 -0.00183565 0.00302758 -0.00482236 -0.00506544 0.00260586 0.000198199 0.0064987 0.00711386 0.0025988 0.00329762 -0.0024688 0.00748614 -0.00360239 0.00226017 -0.00562762 -0.00385091 -0.00276618 0.000772565 0.00290503 -0.00240834 0.00414885 -0.00128407 0.00599832 -0.00492036 -0.00163937 0.0029988 0.00124328 0.00157795 0.00312578 0.00753836 -0.000556611 0.000197218 0.0042797
10986 -0.000938416 -0.000359535 -0.00710583 0.00379562 0.00371456 0.00243664 0.00012064 0.00318575 -0.00148535 -0.00213051 -0.00108528 0.00195646 0.000188351 0.00780916 0.00254202 -0.00498056 -0.00253296 0.00701427 0.00429249 0.00769997 -0.00618219 0.00749493 0.00224972 -0.00405931 -0.00197792 0.00490522 0.000961304 -0.00596333 -0.0046916 -0.00648689 0.00318909 -0.00621796 0.00207758 -0.0015316 -0.0028882 -0.000139236 0.00255346 0.00379562 -0.000957966 -0.00464392 -0.00460911 0.0060873 0.000772476 -0.00340843 -0.00455189 -0.00580597 0.00661421 -0.00632048 1.23978e-05 0.00676203 -0.00637531 0.00285673 -0.000941753 0.00541449 -0.00429678 -0.00425625 0.00757122 -0.00331497 0.00442982 -0.00590086 -0.00359821 -0.000134468 -0.00329399 0.00145912
142855 -0.00344527 -0.00300846 0.000850912 -0.00227769 0.00334275 -0.00655092 -0.00462474 -0.00370398 0.00228508 -0.00288505 0.00564365 -0.00117887 -0.00695085 -0.00221438 0.00506875 0.00429262 0.00538603 0.00529429 0.000565043 0.000145865 -0.00161496 0.0077861 0.00477991 -0.00100462 -0.002335 0.00398843 0.00732254 0.00208268 0.00100516 0.00195316 0.00741312 -0.000836479 0.00748167 -0.00377196 0.00259429 -0.00398513 -0.0014537 0.00448993 -0.00636691 0.00686643 0.00545516 0.00396542 -0.00407828 0.00327523 -0.000395541 0.00387612 0.00776123 0.00631001 0.00410456 0.00141593 0.00306444 0.00194342 -0.00713511 -0.00529723 -0.00613586 0.00646041 0.00613029 0.00292399 -0.00538191 -0.00727723 0.00067319 0.00225659 -0.00282337 0.00509597
30233 0.00666148 -0.00734119 0.00646983 0.000705238 -0.0022578 -0.00458032 -0.00382473 -0.00340875 0.000657306 -0.00717286 0.006239 -0.00375271 0.00733581 0.00089036 0.00655341 -0.00581343 -0.00395494 0.00504099 -7.47095e-05 0.00209745 0.000516551 -0.00333868 0.00295773 0.0027383 0.00184877 -0.00339428 0.0037177 -0.00484312 0.00418419 0.00669583 0.00334254 0.00565691 0.00639404 -0.00582324 0.00612838 -0.00621681 -0.00367538 0.00616402 0.0027059 -0.00346505 -0.00741597 0.00367394 -0.00157499 0.00256268 -0.00549436 -0.00346614 0.00646349 -0.00673408 0.00601106 0.00624883 -0.00465719 0.00201127 -0.00588938 0.000660489 0.00721427 0.00329833 -0.00555094 -0.000699288 -0.00087861 -0.00122392 0.00606874 -0.00662765 -0.00141925 0.00258089
317692 -0.002985 0.00416994 0.000676632 -0.00414944 0.00678968 0.00200558 -0.00507164 0.00631285 -0.00456762 -0.00613976 0.00222492 0.00756693 0.00326014 0.0018425 -0.00556231 -0.00290108 0.00551796 0.00622892 -0.00106907 -0.00534248 -0.00534153 -0.00288773 -0.00508499 0.00740433 0.00265789 0.00526714 -0.00236368 0.000398636 0.00232601 0.00627851 -0.000166893 -0.00306034 -0.00623083 0.0060339 -0.00541592 0.00358105 -0.00378227 -0.00149918 -0.00101757 -0.00628805 0.00136852 -0.00548172 0.00587463 0.00389767 -0.000910282 2.09808e-05 0.00185919 -0.0012517 0.00662756 0.00179863 -0.00559425 -0.00399494 -0.00657892 -0.00453329 -0.00121498 -0.00175667 0.00766039 0.00436878 0.00580025 0.00412893 0.00606871 -0.000916958 0.00601101 0.00500059
317818 0.00555091 -0.00561017 -0.00231962 0.0053415 -0.0043422 -0.00100094 0.00731551 0.00417752 -0.00378944 0.00112773 0.00296968 0.00714987 -0.00417237 -0.00667958 -0.00482479 0.00641982 -0.000566697 0.00101405 0.0020964 -0.00192577 -0.0012573 -0.00702402 0.0022319 0.00537916 -8.24738e-05 -0.00229949 0.00427926 0.0057885 0.000613528 0.0070071 -0.00204218 -0.00433785 0.00364295 0.00635759 -0.00605126 -0.0031704 0.00637136 -0.00534173 -0.00571297 0.00450895 0.00631745 0.00477477 -0.00749502 -0.00664207 -0.00683221 0.00304797 0.000870359 -0.0034094 -0.00106464 0.00752807 0.000861057 0.000245181 0.00479149 0.00593018 0.00185073 -0.00459936 -0.00520512 -0.00240812 -0.0052686 -0.00711698 0.00199137 0.00616896 0.000970779 -0.000164733
318065 -0.000122304 -0.00349892 0.0039608 -0.00330113 -0.000156189 -0.00434857 -0.00562983 -0.00764582 0.00478804 0.00775372 -0.00555785 -0.00725381 -0.00779811 0.00702705 -0.00385171 0.00772822 -0.00181702 0.00497438 0.00610283 -0.00646496 0.00723016 0.00717956 0.00744903 -0.00309288 0.00127596 -0.00366111 -0.000203818 0.00714372 -0.00353555 0.0073837 0.00659262 0.00106736 -0.000263025 -0.0068252 0.00673451 -0.000388977 -0.00411555 -1.71707e-05 -0.0074152 -0.00405918 0.00528018 -0.00759124 0.002832 -0.00396655 -0.00439111 0.00220922 0.00260441 -0.000276476 -0.000594297 0.00390243 0.00744407 0.00761923 0.00319245 0.00418131 -0.0049802 0.00670483 0.00649758 -0.00252173 0.000668629 0.00384026 0.0029683 -0.00642511 0.00406168 -0.00196014
230445 0.00231457 0.00459909 0.00243807 0.00768757 0.000142574 -0.00658703 0.00300741 -0.00360203 -0.000414371 -0.000917912 0.00157022 0.00121737 0.00742388 0.00440311 -0.00743294 -0.00562763 -0.00140095 -0.00531769 -0.000161171 0.00126743 0.00679588 -0.00770664 0.000813961 0.00557423 0.00661755 0.000143528 -0.000536442 -0.0075264 -0.00492191 -0.00191641 -0.00440788 0.00456095 0.000421524 0.00350189 -0.0035429 -0.00100851 0.00413084 -0.00361824 0.00577021 0.00537777 0.00412989 0.00132132 -0.00453901 -0.00199223 0.00191593 0.00178671 -0.00162125 -0.00246859 0.0010047 -0.0052743 -0.000816822 0.00317574 0.00254393 0.00144386 -0.00401926 0.00501251 0.0073638 -0.000895023 0.00370121 0.00547171 -0.00532103 -0.00497389 -0.00322294 0.00273657
176596 -0.00389438 0.0049831 -0.000371837 0.00584552 0.000818897 0.00151282 -0.00566995 0.00292034 -0.00205457 -0.000532718 -0.00527837 -0.000931852 0.00171077 0.00146816 0.00307094 -0.00117433 0.00547801 0.00131362 -0.00448026 0.0024309 0.00754838 0.00253918 -0.00381225 0.000420202 -0.00769923 0.000356088 -0.00497459 0.00448674 -0.00612648 -0.00672535 0.00504829 0.00538766 0.000679468 0.00418896 -0.00313326 0.00539611 0.000221581 0.00480257 0.00651735 -0.000265788 0.000553698 0.00518546 -0.000713865 -0.00686977 -0.000306842 -0.00158652 0.00292314 0.00305607 0.00458654 0.00738958 2.44168e-05 -0.00451279 -0.00650092 0.00108884 -0.0010453 0.00228472 0.00129045 0.00542537 0.00731976 0.00529748 0.00187379 0.00505255 -0.000194633 -0.00632291
202124 0.00358032 0.00739982 -0.00588173 -0.00227509 -0.00173082 0.00575198 -0.000350048 0.00623212 -0.00610101 -0.00573799 -0.00114743 0.00752516 0.00572148 0.00654862 0.00732126 -0.00118664 0.00015643 0.00143384 -0.0022363 0.00162415 -0.00386969 0.00612845 -0.000554029 0.00503621 0.00511875 -0.00411548 0.00171891 -0.000103598 -0.00192518 -0.000761152 0.00477115 -0.00498998 0.00331632 0.00101827 0.00267388 0.00585305 -0.00773045 0.00716078 0.00661875 0.000800435 0.000375043 0.000920027 0.00411373 -0.00128233 2.10398e-06 -0.00360702 0.00754949 0.00562866 0.003198 -0.00112579 -0.00505881 0.000797295 0.00568795 -0.00132254 0.00593885 0.00260036 -0.000256981 -0.0041705 0.00724709 0.00305493 -0.00536567 -0.00513849 -0.00542061 0.0052041
312702 -0.00771509 -0.00184797 -0.0076517 -0.00229189 -0.00325728 -0.000240235 -0.00441851 -0.00712214 0.00489952 -0.0077963 -8.92703e-05 -0.00692413 -0.00463176 0.00440995 -0.00742823 -0.00446017 0.00286592 -0.00502382 0.00314099 -0.00430741 -0.00171277 -0.00534246 -0.00688063 0.00402886 0.00577458 -0.00640943 -0.0042612 0.00581194 0.00509236 -0.00112486 0.00368064 0.00386124 0.00326137 0.00762783 0.000807653 -0.00472664 -0.00370964 -0.0068007 -0.00546812 0.0068224 0.00151136 -0.00654887 0.00764468 -0.00701763 0.00615162 -0.00767431 -0.00428266 0.00263612 -0.00241951 -0.00356961 -0.00764833 -0.00355792 -0.00161553 -0.0023807 -0.00437844 0.00228707 0.00646391 0.00448882 0.00695321 0.0063274 -0.0023299 0.00591797 0.00175402 0.00142035
318480 0.000248209 0.0025721 -0.00703436 -0.00328321 -0.00730293 0.000611029 -0.00208632 0.00413118 -0.00636022 -0.00574951 0.00726183 -0.00741359 0.0012646 0.00337515 0.00100565 -0.00198963 -0.00500568 0.00538675 0.000504981 0.00480158 0.000651886 -0.00104536 -0.00118059 0.00544476 -0.00582002 -0.00752141 -0.00773837 -0.00539923 0.00448999 -0.00150611 0.00280466 0.00775255 0.0033103 -0.00135994 0.00158414 0.0074791 0.00477243 0.00727235 -0.00236656 -0.00744835 -0.00607924 -0.00453782 -0.000303644 -0.00672683 -0.0020488 0.00615493 0.00563966 -0.000850755 -0.00357363 0.00404303 -0.00719531 -0.00125266 0.00124741 -0.00652857 0.00124467 0.00547816 0.00187844 -0.00473568 0.00217197 -0.000847959 -0.00331245 -0.00627739 0.00288151 0.00108756
316170 -0.00498487 0.00697309 0.00241045 -0.0064929 0.0059597 0.00189564 -0.0011223 -0.00478889 -0.0068291 -0.00649679 0.00684011 0.00381317 -0.000702982 0.00388199 0.00437306 0.0073952 -0.00313764 0.00135854 0.00223432 -0.00542712 -0.00224834 -0.00495617 -0.000975674 -0.00614406 -0.00641893 -0.000687154 -0.001241 -0.00665682 -0.00629076 -0.00339542 -0.00457231 0.00595942 -0.00158736 0.00325093 0.00761602 0.00612318 0.00241889 -0.00775451 0.00428184 0.00320488 0.00688108 -0.00387082 -0.00646412 -0.00658796 -0.00572793 0.0032432 0.00516188 -0.00756367 0.000554327 0.00206223 0.00472383 0.000548211 0.00486 0.00526777 0.00143566 -0.00715442 0.00524607 0.00229741 -0.00362536 0.00471136 0.000833139 -0.000204184 0.00290365 -0.000429196
261630 -0.00105762 0.00548267 0.00364447 -0.00536203 0.00174856 0.00508738 -0.00144434 0.00739002 -0.00250483 0.00658083 -0.00760651 0.00110006 0.0045023 -0.00139141 -0.00211763 0.0014801 0.00540543 0.00632095 -0.00285053 0.000811577 0.00746489 -0.00199652 -0.000299454 -0.00708199 0.00384331 -0.00251341 -0.000834942 0.00566149 -0.0064292 -0.000496864 -0.00174904 0.00548553 0.00697279 -0.003901 -0.00209808 -0.00618505 -0.00260305 -0.00748444 -0.00491047 -0.00203848 -0.000850677 -0.00747395 -0.00538588 -0.00489855 0.00622225 0.00351143 0.00122213 0.0032177 0.00297117 -0.00560713 -0.00258875 0.00257444 0.00757647 -0.00267172 -0.00177193 -0.000257015 -0.00305462 0.00503397 0.000936508 0.00711966 -0.00423098 -0.00472546 -0.00101423 -4.1008e-05
138755 -0.00475452 -1.11067e-05 0.00316979 -0.00115976 -7.82131e-05 0.00379848 0.00489117 -0.00401586 -0.00723833 -0.00465217 -0.0032672 -0.00217454 -0.00727177 0.00358699 0.000184493 -0.00291296 -0.00590128 0.00461897 -0.00248089 0.00469439 -0.00698961 -0.000444785 -0.00104441 0.00284383 0.00136621 -0.0061658 0.000912776 -0.00385036 0.00146471 0.0057364 0.00453684 0.00558458 -0.00728409 0.00641956 0.00626931 -0.00334059 0.00565802 -0.00218308 0.00526911 0.00628516 -0.000137135 0.00513868 0.000583396 -0.00781682 0.00579613 0.00354842 -0.00707425 -0.00244273 0.00449987 -0.00727498 -0.00513234 -0.00224032 1.76088e-05 0.00427436 0.00152654 0.0069011 -0.00359765 0.00641699 0.00369752 -0.00173687 0.00625844 0.00598953 -0.00384339 -0.00232156
251384 0.0062747 0.000260353 -0.000464916 -0.00289726 -0.00313044 -0.000581741 0.00233126 0.0021472 0.0042882 0.00760174 -0.00206375 -0.000374317 -0.00529385 -0.00412512 0.0064702 0.00313091 0.00671053 0.00397158 -0.00774956 -0.00479364 0.00359631 -0.000925541 0.00281858 0.000401497 0.00163937 0.00287437 0.00361776 -0.00039053 0.00705385 0.00594902 -0.000374317 -0.00230932 0.00528383 -0.0067997 -0.0038085 0.00171185 0.00410175 0.00563288 -0.000240803 0.00306177 -0.00083971 -0.000287533 0.00134611 0.00201559 0.00408506 0.00771952 0.00284195 -0.00386524 -0.00185347 0.00095129 -0.0022583 0.00233269 -0.00391197 0.00606918 -0.0023756 0.00273085 -0.000604153 0.00144243 0.000376225 -0.00648165 0.00234556 0.00316143 0.00708723 -0.00430965
241135 -0.000388079 -0.00743461 -0.000745883 0.00373977 -0.00312389 0.00123557 -0.00120621 -0.00313128 0.00253534 0.00525594 -0.00238662 0.00422991 0.00187264 0.00715034 0.00414465 0.0052721 0.00111858 0.0044185 -0.00640063 0.000384824 0.00241188 0.00397001 -0.00626386 0.00144914 -0.0033189 0.000265023 -0.000952626 -0.00368581 0.00768158 -0.00131189 -0.0074836 -0.00333726 -0.0072419 0.00129618 0.0014439 0.00378991 -0.00693488 0.00572525 -0.00180167 0.00213159 -0.0051416 -0.00324241 -0.00550999 0.00279005 0.00434382 -0.00305743 -0.00117743 -0.00373949 0.000374903 -0.000513409 -0.00126299 -0.0063457 0.00207114 0.00608593 -0.00349107 -0.000750532 -0.00578442 -0.00688723 -0.00552453 0.00040038 -0.00682649 -0.00304327 0.00562212 0.00511983
42270 -0.00242853 0.0022893 0.000901699 -0.00589561 -0.00363588 -0.00492811 -0.00566721 0.00571537 -0.00283337 0.0048728 0.00509357 0.00158405 -0.00200367 -0.00115585 0.0040617 -0.00314522 0.00549936 -0.00189924 0.00610209 -0.00637102 0.00736618 -0.00197983 -0.00672245 -0.00164413 0.00196981 0.000574589 0.00245333 0.00550461 -0.00705767 0.00585985 -0.00013876 -0.0060997 0.00483179 0.00530481 0.00111675 0.00554943 -0.00367975 -0.00440168 -0.00325632 -0.00603628 -0.00723648 -0.0066781 0.00108719 -0.00381231 0.00203276 0.00682688 0.00341415 0.0030365 0.00417233 -0.00779104 -0.00154877 0.00361633 0.000722408 -7.10487e-05 0.000169277 0.000522614 -0.00764322 0.00768089 -0.00268841 0.00303316 -0.00432873 0.00542879 0.00446701 -0.00219297
317580 -0.000965021 8.3965e-05 -0.00467946 -0.00183205 -0.000431667 0.00576642 -0.00311108 -0.000383189 0.00558201 -0.000418323 0.00633758 0.00511483 0.0058773 0.00263564 -0.00640672 -0.00529941 -0.00667929 0.000606226 -0.00486241 0.00294211 -0.00267121 0.00419307 -0.000387828 0.00698879 -0.00608933 -0.00499944 0.0056077 0.00735805 0.00714046 -0.00525995 -0.000708848 0.00429122 0.00517817 0.00323441 -0.00225113 0.00183388 -0.00142181 -0.00377288 -0.000585406 -0.00756599 0.00631069 -0.00575799 0.00320697 0.00734211 0.000414138 0.00268123 0.00012168 -0.001897 -0.00524811 0.00644007 0.00528355 -0.00610725 -0.00179295 0.00658571 0.00285233 0.00288269 -0.0024094 0.00122344 -0.00322379 -0.00668844 0.00334352 0.00755344 -0.00698835 0.000333436
302808 -0.00494989 -0.00429693 -0.00324398 0.00689044 0.00291561 0.0035236 0.00654367 0.00418091 0.0061603 0.00596007 -0.00493322 0.00477649 -0.00637382 -0.00444682 -0.000801776 0.0078017 -0.00726221 0.00409932 -0.00352517 0.00168899 0.00583621 0.00630824 0.0030582 0.00411424 0.00361081 -0.00184848 -0.00750927 0.0055208 -0.00700994 0.00289857 0.00750595 0.00364209 -0.00341771 0.000915524 0.00168733 -0.00468181 -0.00763377 0.00514031 0.00240732 0.00362227 -0.00563115 -0.00345651 0.00629337 0.00667431 -0.00505389 0.00449827 -0.00414054 0.00219523 -0.00361029 -0.000825994 0.00418114 -0.00358809 -0.00708434 0.00600524 0.00659739 -0.0051741 0.00585941 6.55124e-05 0.00419091 0.00222333 0.00187532 0.00574022 -0.000331487 0.00019872
319127 0.000125626 0.00666757 -0.00397631 0.00336604 -0.00497327 -0.00241316 -4.26284e-05 0.00593336 0.000656881 0.00151759 0.00409539 -0.00166992 -0.000376751 -0.00634643 -0.00734307 0.00610455 -0.00712388 -0.00708814 0.00672372 0.00229639 -0.00389803 -0.00391698 0.00175315 0.00559469 0.00742747 0.00126065 0.00179547 -0.00417778 -0.00525768 -0.00240799 0.00212092 0.00679239 0.00526492 -0.00361863 -0.0001466 -0.00357022 -0.00632504 -0.00359904 -0.00593716 -0.00547697 0.00167022 0.00512116 -0.00763601 0.00366066 0.00450038 -0.00678519 0.00535358 -0.00301131 -0.00573855 -0.00227754 0.00352673 0.0041036 0.00666264 0.00159437 0.00562947 0.00394295 0.00531616 0.00714562 0.00744242 0.0060126 0.000410543 -0.00542257 -0.00184628 -0.00721622
319235 0.00530052 -0.0041256 0.0073657 -0.00582075 0.00358915 0.00499821 -0.00718403 -0.000751972 -0.00120306 0.00281143 -0.00406694 0.00700998 0.0077014 0.00528765 0.000434875 -0.00139427 0.00627089 0.00606775 -0.000762939 -0.00623178 0.00168848 0.00418377 0.00164604 0.00376129 0.00535154 0.00318718 0.00182581 -0.00252819 0.00205421 0.000725269 -0.000154972 0.00517082 0.00275803 -0.00458002 0.00255156 -0.00774288 -0.00508642 -0.00115347 0.0018363 0.00250626 0.00274134 0.00133324 -0.0018487 1.90735e-05 -0.00669813 0.00438786 0.00434494 0.00312757 -0.00298262 0.00596857 0.00393677 0.00197029 0.00660038 0.00452662 0.00200987 0.00297928 0.00742769 0.00179625 0.00222158 0.00449896 0.000187397 0.00775337 0.00124121 -0.00321722
302819 -0.00615157 -0.00353736 0.00598068 -0.00628732 0.00159921 0.00376871 -0.00692402 0.00190969 0.00226624 0.00299296 0.00336729 -0.00267847 -0.00631641 -0.000425284 -0.00571292 0.0021347 0.00639602 -0.00332411 0.00182538 0.00412281 0.00142383 0.00670847 0.000888761 -0.00109671 0.00487777 -0.00476542 3.80001e-05 0.00636504 -0.00335021 -0.00477062 -0.00607966 -0.00198722 -0.00035645 -0.00391711 -0.00327736 -0.0067869 -0.00345295 0.00213963 -0.00151665 -0.00547691 -0.00459656 0.00571954 0.00567151 0.00521805 -0.00415268 0.0033897 0.00750424 0.00236569 0.00548291 0.00436848 -0.00184646 -0.00140231 -0.00109627 0.0025777 0.00558195 0.00399039 0.000423518 0.00267598 0.00767262 0.00512999 -0.00520746 -0.00703914 -0.00168994 0.00759842
278696 0.00366592 0.00256729 0.00611591 -0.00714207 0.00106621 -0.00465536 0.000762939 -0.00737047 0.0051074 0.00299168 0.00451803 0.00608253 0.00386238 0.000462055 0.000681877 -0.00557375 0.00581169 0.00379276 0.00342274 0.00671577 -0.002388 0.00310135 0.00539589 -0.000994682 0.00596142 0.00761127 -0.00398445 -0.00522518 -0.000600815 0.0030036 0.00105762 -0.00760031 -0.00130606 0.00419283 -0.00728559 0.00198317 0.00665951 0.00382853 -0.00421524 -0.00768423 0.00104904 -0.000378132 0.00475168 0.00528288 0.00761938 -0.00545931 0.00616837 -0.000264168 -0.00297976 -0.00326777 0.00236559 -0.00535393 -0.00240993 0.00696373 0.00276995 -0.00456333 -0.00415421 0.00480986 0.00384951 0.00768042 0.00112391 -0.000490189 0.00210047 -0.00294065
220431 0.00240878 0.000452372 -0.00135695 0.00599811 0.00629118 0.00454627 -0.00741996 0.004861 -0.0064906 -0.00406913 0.000947978 -0.000184736 -0.00149524 -0.00719423 0.00704498 -0.00771528 -0.00636034 -0.0038916 0.000621421 -0.00166578 0.000395535 0.000690485 -0.00225985 0.00424214 0.000573351 0.000211054 -0.00281127 0.00549839 0.00774264 0.00695423 -0.00115607 0.00313472 -0.00512635 0.00216113 -0.00692595 -0.00221595 -0.00564125 -0.00642789 -0.00221993 -0.00586795 0.00189083 0.00357927 -0.00698754 -0.00592011 0.000563307 0.00570477 -0.000539989 -0.00740908 0.00373672 -0.00519503 -0.0063056 -0.00137133 -0.00675797 0.00536882 0.00337808 0.00483328 -0.00254029 -0.00446407 -0.00572556 0.00400362 -0.00288532 0.00633904 0.00207727 0.00747699
161101 -0.00326157 -9.01222e-05 -0.00235415 -0.00709057 -0.00196648 0.00166273 -0.000134945 0.00165892 -0.00737953 -0.00155544 0.00202227 -0.000200748 -0.00739861 0.000361919 -0.00713778 0.00477982 -0.00204659 -0.00298023 -0.00196123 -0.000722885 -0.00370884 -0.0010829 -0.000584602 0.00718117 0.00422239 0.00337219 0.00314188 -0.00476408 -0.00448322 -0.00222969 0.00406075 0.00609398 0.00660992 -0.00425816 -0.00755835 -0.00113964 -0.000963688 0.00030756 0.000602722 0.00601196 0.0036912 -0.00101805 0.00729084 0.00464153 0.00151443 -0.00575876 -0.00575066 0.00153875 0.00299072 0.00246859 0.00410271 -0.00431633 -0.000180721 -0.00645685 -0.00601673 0.00515938 0.00114155 0.0010519 0.00590181 -0.00606108 -0.000448227 0.000295162 -0.00483227 -0.00506783
319966 0.00115989 0.00281516 -0.00587193 -0.000882744 -0.0038011 -0.00416168 -0.000732742 0.000843309 0.00433994 0.00360402 -0.00632626 0.00372271 -0.00668643 -0.00754142 -0.00750048 0.00176629 -0.00765878 0.00651862 -0.00776576 0.00626535 -0.00445911 0.00511179 -0.00701352 -0.00776154 -0.00672027 -0.00742549 0.00568511 0.00674828 0.00713788 0.00521509 -0.00575948 0.000453564 -0.00242402 -0.00135287 -0.00658343 7.69726e-05 0.00541948 -0.00204003 -0.00734231 -0.0049951 0.00428239 0.0063211 -0.00178514 -0.000543427 -0.00202921 0.00370016 0.00533546 -0.00725071 -0.00438166 0.000161211 -0.00504829 -0.00574873 -0.00767963 0.00597062 -6.2121e-05 -0.00739232 -0.004911 -0.00684314 -0.00466577 0.000528513 0.00208588 0.00715801 0.00219013 0.00183079
88518 0.00675457 0.00325803 0.0022344 -4.78823e-05 -0.00280303 0.00417912 0.006481 -0.0031831 0.00698861 -0.00326062 0.000889979 0.00159824 5.64733e-05 -0.00699343 0.00116725 -0.00769657 0.00492195 0.00110857 0.00333341 -0.00730878 0.000418104 0.00311438 7.25023e-05 -0.00124471 -0.00108541 -0.0019685 0.00440537 -0.00333292 0.000916793 0.0043281 0.00175098 -0.00672255 0.00186219 0.00107635 0.00637303 0.00412071 0.00599548 -0.000255007 0.00139637 -0.00159434 -0.00622002 0.00700425 0.00260417 -0.00410055 0.00112861 0.00714661 -0.00722377 0.00246141 0.00590334 0.00734183 -0.00184284 -0.00491503 0.000345008 0.00699374 0.00762628 0.00260784 0.00647674 -0.00189615 0.00519464 -0.00766425 0.00596108 -0.0018596 0.00463065 -7.9268e-05
281121 -0.00329104 0.00324413 -0.00281861 -0.00583668 0.00523483 0.00466341 -0.00181084 0.00726222 0.0023865 0.00226326 -0.00600721 0.00678937 0.00428205 0.00243575 0.00618934 -0.00682135 -0.00646047 -0.0035564 -0.00319474 0.00219628 0.00535996 0.000225992 0.00310972 -0.00432263 -0.00253186 -0.00462063 0.00673521 0.00778397 0.00547315 -0.00637575 0.00422771 -0.000569151 -0.00128959 0.00102625 0.00253403 0.00578768 0.0011024 -0.00462989 -0.000460214 -0.00108409 0.00138134 0.00584631 0.00240346 0.00344301 -0.00149484 0.00113761 0.00250535 -0.00325706 0.00336088 0.00443878 0.00643636 0.00664909 -0.00114072 1.39347e-05 -0.00426188 0.000206216 0.00778853 0.00319056 0.00770869 -0.00753964 0.00470541 -0.000937354 0.00740567 0.000264295
267301 -0.00662391 -0.00318361 -0.00677189 0.00400282 0.00118253 -0.00125796 0.00574602 -0.0045722 8.03542e-05 0.00549349 -0.00202546 -0.00635889 0.00541171 -0.00223759 0.00284428 -0.00218224 0.00199852 0.00028176 -0.00731005 -0.00744153 -0.00299765 -0.00410252 -0.00755817 0.00667575 0.00443916 -0.000849516 -0.00338624 -0.00311574 -0.00520854 -0.00494173 0.00274205 -0.00529634 0.00664544 0.00434687 -0.00775592 0.00776374 -0.0010603 -0.00194982 -0.0011072 0.00250788 0.00143146 -4.3564e-05 0.00311621 -0.00751314 0.00129715 0.00567992 -0.0054056 -0.00366269 -0.00331571 -0.0045923 0.0048187 -0.00149952 0.00191888 -0.00372029 -0.00241654 0.00511324 -0.0049631 0.00353182 -0.00140862 0.00061283 -0.000383268 -0.00332359 0.00775566 0.00593295
237806 -0.00439962 0.00149601 -0.00317441 -0.0032122 0.00487708 -0.00439285 0.0057753 -0.00547098 0.00199906 -0.000558539 -0.00129089 0.00685123 -0.00497617 -0.00500653 -0.00589317 0.00730883 0.0038127 -0.00311713 0.00342092 0.00744526 0.00119391 -0.00252995 -0.00248642 0.000701804 -0.00375762 0.000666815 -0.00282811 0.00654601 -0.00243608 0.00710053 0.00612072 -0.00597616 0.00487239 -0.00663649 -0.00627778 0.00492972 -0.000209107 -0.00264028 0.00347933 0.00752031 0.00756091 -0.00587665 0.00242452 0.00385524 -0.00295003 0.00163921 -0.000543042 -0.00153063 0.0023284 0.00750105 0.00163498 -0.00540194 -0.000114181 -0.000901231 0.00733887 -0.00191721 0.00310844 0.00195538 -0.00305528 -0.00683848 -0.00020024 0.00135041 -0.00502929 -0.0033957
80422 -0.00551128 -0.00410604 0.0065546 -0.00504684 -0.00289297 -0.00318193 -0.00169802 -0.000904083 0.00204325 0.00087595 0.00569057 0.00496387 0.00364161 0.00253868 0.00645256 -0.000492573 -0.00409746 -0.00585413 0.00210571 0.00454617 0.00446796 0.00437403 -0.00708008 0.00138569 0.00395823 -0.00126982 -0.00771904 -0.00640535 0.00336409 0.00487232 -0.000112057 0.00431299 -0.00372267 0.005229 0.00164986 -0.00019455 -0.00382137 0.00659466 -0.00615215 0.00438929 -0.00582838 0.00105 0.0056777 0.00781059 -0.00310516 -0.00649977 -0.00726652 -0.00729132 -0.00237417 -0.00230646 -0.00257063 -0.00425863 0.00704908 0.0041275 -0.00420761 -0.00124502 -0.00328732 -0.00641775 -0.0015049 0.0010829 0.006639 -0.000304222 -0.00255871 0.00684357
26031 0.00449014 -0.00255474 -0.0023603 -0.00291137 -0.00224315 -0.00411895 0.00700415 -0.00438425 0.00201976 0.0028289 0.00474547 0.00156336 0.00724696 0.00513376 -0.0039611 0.00678313 -0.00144612 0.00759999 0.00106295 -0.00368587 0.00133833 -0.00730953 -0.00746981 -0.00663908 0.00400134 0.000281991 0.00503302 0.000774405 -0.00604157 0.00245943 -0.00713408 -0.0063179 0.00701468 0.00672087 0.00291335 0.00296617 0.00411165 -0.0002176 0.00524089 0.00695392 0.00598725 -0.00566709 -0.00497519 -0.00161965 0.00410233 -0.00666523 0.00478074 0.00751621 -0.000938353 -0.00662031 0.000672158 -0.00513055 -0.00181388 -0.000933066 0.00411533 0.00352042 -0.00466915 -0.00303625 0.00674539 0.000575448 -0.00207213 0.00201967 0.00460918 0.000522202
281082 0.00107116 0.000258139 -3.34335e-05 -0.00584553 0.0032427 -0.00572876 0.000632783 -0.00591778 -0.00409068 0.00625242 0.00524764 0.00216448 0.00514913 -0.00452818 0.00495504 0.00695839 -0.00686289 -0.00182805 0.00481271 0.00294553 -0.00587245 -0.00683624 0.00223779 0.000254047 -0.00375641 0.00428971 0.00379031 0.000347991 0.00580801 0.00620268 0.00172913 0.000338052 -0.00694736 0.00358465 -0.00775063 0.00143928 0.000422421 0.0056564 0.00256968 0.00571821 0.00190641 0.0022712 0.00712497 -0.00716402 -0.00154774 0.00549249 -0.00432151 0.00114927 -0.000382064 -0.00161681 -0.00370609 -0.00734006 0.00296935 -0.00487921 0.00300735 0.000892573 -0.00515273 0.007175 0.00177069 0.00703411 0.00624654 -0.00491613 -0.00206956 -0.00342225
83237 -0.00136286 0.00629692 0.00432745 0.000529193 0.00217215 0.00116196 0.00280383 -0.00331721 0.00112916 0.00424736 -0.00688246 0.00456721 0.00457315 0.00524041 0.00496783 0.00117253 -0.000123804 -0.00301245 -0.00568107 0.00569337 -0.00711304 -0.00253574 0.00461945 0.00668536 0.00390875 0.00196454 -0.00408893 0.00390834 0.00508444 -0.000959417 0.00424269 -0.00770718 -0.00385157 -0.00607108 0.0034962 0.00567269 0.00112199 -0.00154244 0.00548054 -0.00114738 -0.00461957 -0.00156645 -0.00725332 0.000666651 -0.00112129 -0.00476967 -0.00431543 0.00215624 0.000164413 -0.00686296 -0.00741522 -0.00234306 -0.003675 -0.00429368 0.00241485 0.00274806 -0.00100221 -0.00410035 0.00270943 -0.00333232 -0.00615174 0.00474189 -0.00190275 0.00596707
205401 0.00403786 -0.00592709 -0.00627136 0.00716686 0.00671721 0.00256395 -0.00228691 -0.00241947 -0.00387478 -0.00217581 -0.00649405 -0.00136614 0.00489807 -0.00419998 0.00683594 -0.00157118 0.000264168 -0.00348568 0.00555277 -0.00655174 1.57356e-05 0.00495434 0.0054512 0.00496912 -0.00429773 0.00773764 -0.00325251 -0.000741959 -0.00299168 0.00272894 0.00125694 -0.00769281 0.00347042 -0.000916481 3.00407e-05 0.00268078 -0.00125599 0.00676155 -0.00538015 -0.0073843 -0.00767183 -0.00450277 0.00423431 -0.00780487 0.000833511 -0.00149155 -0.00366831 -0.000141621 -0.00630474 -0.00281239 0.00602531 -0.005301 -0.00769806 -0.00357246 0.00435925 -0.00244188 0.00368595 0.00495625 0.00520325 0.000741482 -0.00663185 0.00220442 0.0020709 0.000243187
319922 0.000392402 -0.00330085 0.00586917 -0.00282067 0.00533945 0.00752758 -0.0064125 -0.000817696 -0.00176356 -0.0042982 0.00779346 -0.00213658 -0.00241836 -0.00109187 -0.00193549 -6.59496e-05 -0.00111295 -0.00362494 0.0036855 -0.0056965 -0.00576159 0.00743744 0.00306646 -0.0045922 -0.00520093 -0.00260874 -0.0020305 -0.00198196 -0.00538659 0.00032972 0.00180893 -0.00048157 -0.0056044 0.00157115 7.70058e-05 0.00294874 -0.00641998 0.00478368 0.00510666 0.000702207 0.00599962 -0.00166486 -0.00762085 -0.00732257 0.00756091 -0.00413661 -0.00346063 0.00735291 -0.00334733 0.00655869 -0.00213696 -0.00739972 -0.00293831 0.000597551 0.00305307 -0.00267106 -0.0028698 0.00615194 -0.00279377 -0.00477946 -0.00179415 -0.0023697 -0.000581714 0.00638744
321569 -0.00560219 -0.00729972 -0.00753048 -0.00726309 -0.0054487 0.00190841 0.0060048 -0.00425004 0.00146765 -0.00115061 -0.00149108 -0.00779234 -0.00230608 0.00721179 0.00503099 -0.000946832 -0.00730212 0.004488 -0.00671709 -0.00275823 -0.00651006 0.00437173 0.00334794 0.00162193 0.00112263 0.00107895 -0.000769284 0.00380861 0.0031106 -0.00191664 0.0069531 0.00536305 0.00294591 0.00716925 -0.00169347 -0.0065048 -0.00620836 0.00569547 0.00190832 -0.00197929 -0.00466154 0.00397408 -0.00610841 0.0037425 -0.00109067 0.00738604 0.0032633 -0.0015832 0.00202026 -0.00611735 3.60053e-05 0.0075717 -0.00663725 0.00383853 0.000560846 0.00613833 0.00650013 -0.00547666 0.00566262 -0.00444229 -0.00591352 -0.00656202 0.00282461 -0.00385927
246657 0.000561004 -0.000498212 0.0069438 -0.00747573 -0.00588256 -0.00505487 -0.00394415 0.00521877 0.00764165 0.000487135 -0.00166518 -0.00496454 -0.00333457 0.00550058 -0.000388158 -0.00300036 0.0019529 0.00526049 0.00224493 -0.00099633 -0.00783064 0.00305231 0.00450046 -0.00744252 0.00664966 -0.00559665 -0.00779136 -0.00322555 0.00428784 -0.00546804 -0.00578939 -0.00663009 -0.00723855 -0.00166856 -0.00268042 0.000486574 -0.000238718 -0.000851126 0.00470307 -0.00166351 0.00510337 0.00163923 0.00645863 0.00362931 -0.00632521 -0.00162535 3.02185e-05 0.00157563 -0.00503575 0.00221394 0.00534916 0.00142387 0.00298127 -0.00619145 0.00682526 0.00474507 0.0043699 0.00426794 0.00278707 -0.00641544 0.00568308 -9.13888e-05 0.0017773 -0.00393423
263971 -0.00563411 -0.00413266 0.000856268 0.00338504 0.000613848 0.00383287 -0.00504971 0.00592263 -0.004908 0.00124747 0.00145304 -0.00372348 -0.00595685 0.0021026 -0.00746268 0.0027514 -0.00739336 0.00627964 0.0039232 0.00431933 -0.00707879 0.00289543 -0.00335217 0.00754062 -0.00437606 0.00748693 -0.00758141 -0.00392893 0.00332488 -0.0040741 -0.00388033 0.00218507 -0.00196754 -0.00368536 0.00737889 -0.00482278 0.00391148 -0.00169354 -0.00605177 -0.00759964 -0.00585011 0.00399364 0.00412559 -0.00603077 0.00315261 0.00459579 -0.00620883 0.00630304 -3.86196e-05 0.00383584 -0.00143942 0.0056146 -0.00678414 -0.00244111 -0.00768752 -0.00293692 0.00199785 -0.000986275 -6.28346e-05 0.00497105 0.00327222 0.00372621 -0.00689055 -0.0062089
321621 0.00590868 -0.000874151 -0.00348847 -0.00761004 0.00271968 0.00645311 -0.00485546 0.000475117 -0.00320163 -0.00541874 -0.00668926 -0.00619554 -0.00319637 -0.00265887 0.00247966 0.00188946 0.000369906 0.00771241 -0.005251 -0.00584982 0.00545499 -0.00438486 -0.00625589 -5.38033e-05 0.00706003 0.000445254 0.00705575 -0.00226427 -0.00233048 0.000983846 0.00576746 -0.000590706 -0.00210583 -0.000642963 -0.000212478 0.00378979 0.00676594 -0.00713666 0.00500086 -0.00630366 0.0071487 0.000353337 0.00043007 1.401e-05 -0.000792479 0.00687084 -0.00080353 -0.0057135 0.00200037 -0.0048143 0.00386692 -0.00203576 0.00132415 0.00270053 -0.00144234 -0.00481816 0.00351761 -0.00236632 0.000595331 0.00562299 -0.00421647 -0.000419237 -0.00220913 0.000233978
295671 -0.00509786 0.00335839 -0.00774365 -0.00218353 -0.00355817 0.00413872 -0.0034543 -0.00147921 0.00701629 -0.00302273 -0.000817611 -0.00695959 0.00445801 -0.000228054 -0.00658977 0.00339652 0.00661539 0.00160127 -0.00478413 0.00469162 0.000946708 -0.00363494 0.00168216 -0.00681133 -0.00638388 0.00327952 0.00441249 0.00519647 -0.00743706 -4.04926e-05 -0.00705672 -0.00775853 -0.00466863 -0.00247476 0.000611707 -0.00234733 0.000525198 -0.00390556 0.00271285 -0.00690985 0.00314423 0.00314448 0.000549815 0.00762376 -0.00712983 -0.00622959 0.00766109 0.00184202 -0.00588925 -0.00442745 0.0062409 -0.00554249 -0.00546133 0.00473933 -0.00396565 0.00330582 0.00464193 -0.00518176 0.000505569 -0.00448891 0.000194883 0.00544081 -0.00289696 0.00271808
82844 0.00720024 -0.00500965 -0.00526571 0.0024333 0.00207329 0.00629759 0.00717783 0.0024538 -0.00394821 0.00153732 0.00486374 0.00751925 -0.00716496 -0.00604391 -0.000385761 -0.00714302 0.00044775 0.0036149 0.00167608 0.00118351 0.00512171 -0.0032711 0.00299072 0.00336409 -0.00541496 0.00735807 0.00766802 -0.00122166 0.00097847 0.00735235 -0.00213861 -0.00445318 0.00079155 0.0045414 -0.0033474 0.00292873 0.00141668 -0.00241947 0.00676346 0.00415754 -0.00452805 0.00181484 0.00233746 -0.00483036 0.0031004 -0.00668049 0.00260115 -0.00502491 -0.00721312 0.00111151 -0.00160503 0.00375748 -0.00535822 0.00718212 -0.00523043 0.00195408 -0.00643301 -0.00627327 0.00313282 -0.00234985 -0.00561571 0.000342846 -0.0038662 -0.00320959
309383 0.00259613 -0.000681252 0.00253722 -0.00271183 0.000298837 -0.00131197 -0.00412482 0.00654566 0.00481197 -0.00639237 0.00413865 -0.00408697 -0.00743389 0.00386641 0.000636119 -0.00510537 -0.00557547 0.00587209 0.00307357 0.00396617 0.00465345 -0.00375889 0.00360254 0.00715735 -0.00601808 -0.0039908 0.000776208 -0.00229986 -0.00307652 -0.00184929 0.00594364 0.000734231 0.00145811 -0.00505024 -0.00171257 0.00659445 0.00191372 -0.00509987 -0.00231096 0.00180645 0.00549389 -0.0066616 -0.00441238 -0.00442413 -0.00588494 -0.00580881 0.00658906 -0.00553485 0.00666201 6.66567e-05 -0.0034864 -0.00469095 2.16886e-05 0.0055872 -0.0032236 -0.00469248 -0.00249073 0.00504338 0.00417969 -0.0037965 -0.0046879 0.00227793 0.00768166 0.0011629
201149 -0.00444163 0.00263349 0.0064589 -0.00323663 -0.00468779 0.0061754 0.00178298 -0.00267075 0.00385456 -0.00249094 -0.00144142 0.00289806 -0.00480707 -0.00126651 -0.000463482 -0.00492236 -0.00674071 -0.00731368 -0.00391321 -0.00581662 -0.00600055 0.00217778 0.00166089 0.00479824 -0.000503732 0.007279 0.00673442 -0.00223629 -0.00658514 0.00208138 -0.00517046 0.00702757 -0.00769565 -0.00194946 -0.00755132 0.00350575 0.00231617 -0.00664215 -0.00488717 -9.47657e-05 -0.000127226 -0.00176506 -0.00645553 0.00266608 0.000389594 -0.00707083 0.00310858 -0.00241346 0.00530352 0.00410878 -0.00664175 -0.00678508 0.00125436 0.00328107 -0.00374004 -0.00469413 0.00459181 0.00039236 0.00718126 -0.00129795 -0.00353093 0.00587653 0.00544845 -0.00445423
322948 -0.00722694 -0.000892162 0.00511742 0.00740528 -0.000760078 -0.00105143 -0.00632191 0.000410557 0.00283957 -0.00133944 -0.00246572 0.00272036 0.00010252 0.00245237 0.00713205 0.00238848 -0.0061326 0.00318766 0.00087595 0.00774908 0.00671387 -0.00161314 0.00310326 0.00426292 -0.0046339 -0.00673437 -0.00604486 0.00264215 -0.00434065 -0.00578642 -0.00317001 0.00588989 0.00733995 0.00395823 0.0050416 -0.00367308 -0.00483131 0.00619602 -0.00476265 0.00462151 -1.71661e-05 -0.00219774 0.00169802 0.00251818 0.00179815 -0.00608969 -0.000920773 -0.00622082 -0.00264072 0.00146532 0.00521755 -0.00184202 -0.00327015 -0.00407553 -0.00469589 0.00605106 -0.00493431 0.00607538 0.00780201 0.00489235 -0.000824451 -0.00209761 0.00216293 -0.00131702
267017 -0.00687278 0.00620142 0.00498069 -0.00327115 0.000647264 0.00186989 -0.00481209 0.00236588 0.00352284 0.00576966 0.00255522 -0.00677011 -0.00118158 -0.000161077 -0.00481333 0.00241056 0.000984207 0.00600517 -0.00159289 -0.00547838 0.0060106 0.00779527 0.00608972 0.00581412 0.00487251 0.0076741 0.0010454 -0.00750199 0.00107986 0.00431206 0.00519189 -0.00348535 -0.00531427 -0.00482654 0.00740136 -0.00448989 -0.00357602 0.00742742 0.00205015 -0.00152621 0.00363197 -0.00299931 0.00207395 0.0046194 0.00157465 -0.00632323 -0.00636264 -0.00400727 -0.000758464 0.00388425 -0.00649125 0.00310099 -0.00739289 0.00245459 0.00373461 -0.00738574 0.00400725 -0.00620716 -0.00605984 0.00664441 -0.00308378 0.00419492 0.00288473 0.00593737
157743 0.00330162 0.00248384 0.00463247 0.0025382 -0.00402927 0.000779152 0.00632668 -0.00252104 -0.000110149 0.00412941 0.00743294 -0.00437689 0.00632095 -0.00083828 0.00579405 0.00415421 -0.00407219 -0.00667715 -0.00674677 0.00604248 -0.00579882 -0.00134325 0.000934601 0.00185156 -0.00339699 0.00261259 -0.00358343 0.00219774 -0.000722885 0.00742674 0.00536871 0.00162697 0.00396442 -0.00694323 -0.00574017 0.00372744 -0.00139952 -0.00541353 -0.00391531 0.0032444 0.000993252 -0.00716496 9.10759e-05 -0.00497961 -0.00483322 -0.00341511 -0.00629711 -0.00635338 0.00403214 -0.0004673 0.00575399 -0.0069747 0.0029645 0.00288773 -0.00765657 0.00597954 -0.0039258 0.00546694 -0.00744486 0.00373411 0.00662947 -0.00404501 0.00473309 0.00478268
323222 0.00653649 0.00545453 -0.00505551 -0.00768577 0.00509149 0.004885 0.00381174 0.00360554 -0.00626046 0.00256187 -0.00195698 0.00766262 -0.00145327 0.000876526 -0.0049114 -0.00680214 -0.000974565 -0.00365174 -0.00236512 -0.00782716 -0.00303355 -0.00616577 0.00139514 -0.00740529 -0.00619647 0.000529363 0.00304956 -0.00361154 0.00326554 0.00211631 0.00624863 0.00479406 -0.00108846 -0.0042831 -0.00064354 0.00016572 0.00206528 0.00429295 -0.00302176 0.0015114 0.00551319 0.00579775 -0.00653713 -0.00117678 0.00146215 -0.000805433 -0.00161739 -0.000262458 -0.00313673 0.000188414 0.00341331 0.00779068 0.00271231 0.000580792 0.0022958 -0.00441216 0.00632381 -0.00281774 0.00713252 0.00365632 0.00623542 -0.00100997 -0.00290595 0.00623227
287163 -0.00611115 -0.00642014 0.00571632 0.00392675 -0.00683117 2.6226e-05 0.00329447 -0.000546932 -0.0052557 0.00194168 -0.000584602 0.00367737 0.00609398 -0.00233221 0.00517797 -0.00591373 0.00719118 0.00728083 0.00047493 0.00445747 0.0010457 -0.00710487 -0.00217485 0.00162888 -0.00353146 0.000366211 0.00497961 -0.00583076 0.00264502 -0.00542641 -0.00676298 -0.00253677 -0.00207949 -0.00674868 0.00183249 0.00316286 -0.000735283 0.00279331 0.000965595 -0.000612736 0.00731516 0.0016346 0.00321198 0.00212479 0.000339985 0.00587749 -0.00100279 0.00359201 0.00202417 -0.00598288 0.00276327 0.00113726 0.00579071 0.00668859 0.00424957 -0.00319433 -0.000687599 -0.00484276 0.00214767 0.00616169 -0.00307369 0.000106812 -0.0073247 -0.00226355
288507 -0.00451143 5.4715e-05 -0.00340089 0.00482136 -0.00428341 -0.0045894 -0.0028713 0.00282426 0.00464791 -0.00455402 -0.00255143 -0.00291532 0.00488244 0.0055845 0.00782126 -0.00753214 -0.00610103 -0.00521177 -0.00162785 -0.00724405 0.000864691 0.00307014 0.00397328 -0.00201659 -0.00351022 -0.00665546 -0.00605136 0.00715376 -0.0051665 -0.000940634 0.00651588 -0.00552087 -0.00403868 -0.000597076 0.00418994 0.00750437 0.00623306 -0.00455426 -0.00364469 -0.00491195 0.00424508 0.000875942 -0.00419576 -0.00122455 -0.00500152 -0.00245878 -0.00535734 0.0026486 0.0047132 -0.00723522 -0.0035008 -0.00270968 0.00285378 -0.00660751 -0.00743372 0.00595886 -0.00542628 0.00242144 -0.00329386 0.0031327 0.0035837 -0.00609437 -0.00345174 0.00596003
302953 0.00237691 0.00340195 -0.00261608 0.00156154 -0.00647935 -0.00746056 0.000938816 -0.00758118 0.00180984 -0.000334638 0.0015565 -0.00656097 -0.00570602 0.00162922 -0.00179449 -0.00267367 0.00299657 -0.00205906 -0.00407411 -0.00701853 -0.00131721 -0.00742297 -0.00549059 0.00530271 -0.00626098 -0.00590502 0.000845902 0.00760884 0.000636633 0.00619145 0.000232124 0.00292015 -0.00419712 0.0042995 0.00114873 0.000245466 -0.000153255 -0.00458445 -0.00501462 -0.00523929 0.00210375 0.0005193 -0.00773353 0.0060083 -0.00343226 -0.00579496 -0.0077437 0.00188717 -0.00207153 0.000300633 0.000884018 -0.00313904 -0.00773311 0.00317733 0.0005043 -0.00413749 0.00355578 -0.00165821 0.00215285 -0.0056515 -0.00381307 -0.00160653 0.00578876 0.00269532
323545 -0.00217479 0.00543192 -0.0010376 -0.00709025 0.00645848 0.00058628 0.00709441 0.00174548 0.0036638 0.00772266 -0.00235842 0.00621239 -0.00290985 0.00188631 -0.00497091 -0.00576517 -0.00772652 0.0010228 0.00530523 0.00191132 0.00463561 1.78923e-05 -0.00112916 -0.00742234 -0.00412161 -0.00619078 0.00180721 0.00704533 0.00184383 -0.00110143 -0.0010677 0.00634358 -0.00757902 0.00601616 -0.00477458 0.00743241 -0.00394669 -0.00760516 0.000839506 -0.00342601 -0.0013434 0.00547895 0.00596116 0.0021871 -0.00732351 -0.00766467 0.00659761 -0.0013476 -0.00187106 -0.00292568 -0.00699794 -0.00713005 -0.00420719 -0.00747439 0.00668874 -0.00587217 -0.00113383 0.00146435 0.00637722 0.00289935 -0.00049754 -0.00740607 -0.00580774 -0.00102584
278947 0.00410432 0.000446785 -8.0899e-05 0.00104827 -0.000290591 0.00542503 1.34306e-05 -0.00629511 0.00423802 0.004865 -0.00495413 -0.00602999 -0.00294488 -0.000918197 -0.00659108 0.00776759 0.00556712 -0.00370636 -0.000125875 -0.00715066 0.00541072 -0.00644595 0.00734523 -0.0010378 0.00283428 0.00699684 -0.00353425 -0.0065454 0.00375827 -0.000914024 0.00362902 -0.00373202 0.00419487 -0.00529001 -0.00315224 0.000592318 0.00304537 -0.000439781 -0.00548443 0.00667707 -0.000267493 -0.00292133 -0.00468756 0.00447747 -0.00566163 -0.00352887 -0.00234012 -0.00193109 -0.00167062 0.00253479 0.00473788 0.00143855 -0.00367293 0.0038211 -0.00252545 0.00487319 0.00759911 0.00695985 0.00502286 -0.00265084 -0.000718912 -0.00551372 0.00576407 -0.00208618
99704 0.00449408 0.00581956 0.00665133 -0.00651551 -0.00686257 0.000627727 0.00321238 0.00191427 0.00525319 -3.43079e-05 -0.00460066 0.00149178 0.00128568 -0.00642587 -0.00353365 -0.00767199 0.000680939 -0.000720253 0.00747884 -0.00604539 -0.00454524 -0.00382825 0.0024587 -0.00641705 0.0065184 -0.00627911 -0.00776679 -0.00613128 0.00365114 0.00525379 0.00764428 0.0031024 -0.00512931 -0.000321191 -0.00718879 0.00568981 0.00547538 0.00661659 -0.00441872 0.00770249 0.00318076 -0.00415006 0.00502683 0.00686598 0.00490952 0.00297071 -0.004148 -0.0026821 -0.00064625 -0.00284983 -0.00237912 4.71949e-06 -7.93949e-05 -0.00628894 -0.00158277 -0.00687022 0.00231872 0.00198751 0.00166517 0.000799775 0.00455165 -0.00128363 -0.00144828 -0.00516481
278737 0.00566769 0.000121117 0.00227118 -0.00759649 -0.00120592 0.00326681 0.0011878 0.0050211 0.00080061 -0.00612688 -0.00762224 0.00302649 -0.00640392 -0.00629139 -0.000635147 0.00371981 0.00586271 0.0021472 0.00134325 -0.00591612 -0.00729704 0.00729179 0.00580025 -6.34193e-05 0.00687599 -0.000248909 0.00428677 -0.00364399 0.00685072 -0.00751209 -0.00360584 0.00265312 -0.00155735 -0.00452662 -0.00644016 -0.00579739 -0.0041213 -0.00456285 0.000258923 0.00565147 -0.000932693 -0.00118208 -0.00642157 -0.00467253 0.00416422 0.000709534 -0.00751781 0.00161171 -0.00579166 0.00041008 0.00338936 0.0048399 0.00504637 0.00448418 -0.00412846 -0.00573969 -0.00543118 -0.00267076 0.00759459 -0.00264215 0.00110483 0.00765371 0.00105858 -0.00706244
323871 0.00649309 0.00085783 -0.00686359 -0.0034585 0.00530243 0.00697374 0.00184059 0.00521088 -0.00740004 -0.00459337 0.00319242 -0.00358486 -0.00326777 -0.000115395 0.00512648 -0.00371218 -0.00547647 0.00485802 -0.00619888 0.00574207 0.00722742 0.00300503 -0.000127792 0.00272465 -0.00411034 0.000709534 -0.00677156 -0.0033083 -0.00492001 0.00617218 -0.00562811 -0.00582027 -0.005723 -0.00423765 0.00156212 0.00780869 0.00586748 0.00265503 -0.00308943 -0.00115633 0.000911236 -0.00476789 0.00554466 -0.0049758 -0.00460958 0.00178862 0.00227499 -0.00746346 -0.000657082 -0.00721836 -0.00073719 -0.00678396 0.0022192 -0.00722122 -0.000252247 0.00460434 0.00373983 -0.00414991 -0.00492477 -0.00543308 -0.00202656 0.000307083 0.00259066 0.00311136
126428 -0.00195833 0.00217072 -0.00649931 -0.00311624 -0.00655077 -0.00241388 0.00531426 -0.00314964 0.00593386 0.00551244 0.00596697 0.00287449 -0.00555796 0.00477788 -0.00666663 -0.00535596 -0.00510943 -0.00042706 0.00494622 0.00223725 -0.00557809 -0.00158764 0.00626218 -0.00568069 0.00466588 -0.00439893 0.00550978 -0.00146533 0.00483357 0.00572514 0.00263847 0.000345441 0.000807534 0.00637874 -0.00408326 0.00229858 -0.00329866 -0.00547413 -0.00267948 -0.00665943 -0.0012188 -0.0022564 -0.000505197 0.00763716 0.00529166 -0.00503376 0.00091411 0.00647531 0.00778429 -0.00623919 0.00142737 -0.00290398 0.00548243 0.00100634 -0.00356504 -0.00298145 -0.00547122 -0.00734498 0.00670083 0.007743 -0.00351964 -0.00533749 0.000328501 -0.00275414
61441 -0.0052247 0.00593805 -0.00576735 0.00767803 -0.00122738 -0.000123024 0.00371456 -0.00232744 -0.00432968 0.00164127 0.00222874 0.0044446 -0.00610113 -0.00680161 -0.00172949 1.57356e-05 -0.00404119 0.00190115 0.000226498 -0.00393248 -0.00425863 0.000771523 0.00745201 0.00615835 -0.00599337 0.0067482 0.00168896 -0.00234413 0.00223446 0.00532341 -0.00112677 0.00477266 -0.0027504 -0.00595808 -0.00516605 0.00377798 -3.48091e-05 0.00766134 0.00556898 0.00302219 0.00626278 -0.00442219 0.00433636 -0.00427485 0.00586081 -0.00756884 0.00312996 -0.00621367 0.00468874 -0.000626087 0.00264692 -0.00630331 0.0053606 0.00129795 -0.00417614 -0.000943661 0.00190258 0.00624657 -0.00095892 -0.00234413 0.00582075 0.0010519 -0.000799179 0.00200224
313293 0.00341034 0.00631475 -0.00609541 0.00436211 0.0020299 -0.000245094 -0.00269318 0.00209045 0.00272942 0.000422955 0.00137615 0.00681639 -0.00554085 0.00468874 -0.000491619 0.00574255 -0.00524378 0.00398493 -0.000271797 0.00738907 -0.00225449 -0.00602484 -0.00620079 -0.000581264 -0.00500774 0.00200224 -0.00302315 -0.0022645 -0.00746584 -0.00438738 -0.000279903 -0.00112438 0.00213003 -0.00412178 -0.00701857 -0.000736237 -0.007442 -0.0073061 0.00213337 0.00271654 -0.00225306 0.0014019 -0.00572491 -0.00772572 -0.00742674 -0.00146532 0.000234604 0.00649118 -0.00126505 -0.00209141 0.00350475 -0.000608444 0.000281811 0.00485992 -7.48634e-05 -0.000783443 0.00621462 0.000482559 -0.000891209 -0.00482607 -0.00401402 0.00615311 -0.00358534 0.00481892
15996 0.00717419 0.00518276 -0.00102719 0.00123425 0.00748103 0.00642978 -0.00604281 -0.00334866 -0.00236243 -0.00503616 0.00494468 0.00777109 0.00328529 -0.00716707 7.51949e-05 -0.00259136 -0.0040443 0.00579649 0.000125248 0.00176957 -0.0050824 0.00092233 -0.00530826 0.00556088 -0.00035571 0.0037646 -0.00120131 -0.00540105 0.00435561 0.00637415 -0.00153992 -0.0024812 -0.00522332 -0.00571482 -0.0071018 -0.000759303 0.00606311 0.00184953 0.00669188 0.00629392 0.00239919 0.00445438 -0.00174239 0.00675466 -5.03501e-05 -0.0058147 0.00697174 -0.00503902 0.0063627 0.0010839 -0.00319479 0.00709943 -0.0035846 -0.000553507 0.00300913 -0.00615222 -0.00437902 -0.0061183 -0.00524024 -0.0078056 0.00735214 0.00461034 -0.00304633 0.00103308
197430 -0.00285428 -0.00327282 -0.00755756 0.00495569 -0.00408091 0.00571593 -0.00629793 0.00689897 0.00564169 0.0018592 0.00671382 -0.00285209 0.00413599 -0.0028748 -0.00481843 -0.000382262 -0.00346904 -0.000507299 0.00590804 -0.000562479 0.00524672 0.00549464 0.000419452 0.00135244 -0.00775671 -0.00462611 0.00674354 0.00744267 -0.00389522 -0.00297287 -0.00387052 0.00775744 -0.00649734 -0.004978 0.00497163 0.00633388 0.00175749 0.0014096 -0.000276996 0.00423206 -0.0053343 0.00174133 0.00599867 -0.00603695 0.00778776 -0.000560151 -0.00100211 -0.00440257 0.00493899 -0.00297449 -0.00134705 0.00177334 0.00780437 -0.00373109 0.00704166 0.00256787 -0.00279483 -0.00283904 -0.00265994 0.00421189 -0.00558677 -0.00118994 -0.0020828 -0.00614357
322166 0.00343227 -0.00157595 -0.00362778 -0.00145245 0.00285959 0.0068655 0.00448847 0.0037818 -0.00270176 -0.00141191 -0.00742579 0.00406742 0.00417328 0.00242615 0.00344992 -0.00202942 0.00116777 0.000681877 -0.00183868 -0.00277472 0.00752497 -0.000671864 -0.0064559 0.00262547 -0.00398731 -0.000694752 -0.00300312 0.000880241 -0.00361729 -0.00267267 0.00165081 -0.00243187 -0.00664234 -0.00381947 0.000428677 -0.000225544 -0.00439644 -0.00331926 0.000928402 -0.00521612 0.00372553 -0.00185823 -0.000375748 -0.00533104 0.00374222 -0.00484324 0.00670195 0.00564575 -0.00468111 -0.00246143 0.00188589 0.0076561 -0.00627375 -0.00128412 0.0063324 0.00618505 -0.000820637 -0.00243092 -0.00530148 0.00738811 -0.00249052 -0.00101089 0.00432301 -0.00583935
145126 0.00147189 0.00443083 -0.00624173 0.00426185 -0.00653165 -0.00432523 -0.00480878 -0.00272199 -0.00217098 0.0017321 0.00315363 0.00288643 0.00274689 0.00135822 0.00448049 0.00143938 0.00679883 0.00149408 -0.00308841 -0.000307361 0.00402297 -0.00246727 -0.00434437 0.00177588 -0.00481453 -0.00106665 0.000379832 -0.00582853 -0.0051908 -0.00196437 0.000449524 0.00527519 -0.00292999 0.00356822 0.00524663 -0.00214196 -0.00427347 0.000846463 0.00646878 -0.000388598 0.00399349 0.006368 0.000236676 -0.00507587 -0.00107274 0.00134615 0.00577038 -0.00104924 0.00173942 0.00650907 0.00709519 -0.00581923 -0.000558282 0.0023891 0.00291123 -0.0068676 -0.00251264 0.00586936 -0.00185539 0.00143013 0.00230628 0.00761219 -0.00226282 0.00512177
244688 0.0057488 0.000964996 0.00670321 0.00512973 0.00322542 -0.00297237 0.00485499 0.00521847 -0.00658065 0.00442348 -0.00683628 0.0068816 0.0070338 -0.005591 0.00131257 -0.00439169 0.00251715 0.00193255 -0.00105596 0.00366367 0.00490545 0.00743696 0.00477694 -0.000928152 -0.00255479 0.000964481 -0.00687488 -0.00124783 0.0043704 -0.00248673 0.00139044 -0.00117329 -0.000333239 -0.000446497 0.00639818 -0.0046074 0.0025202 0.00363473 0.00471775 0.00139994 -0.00661469 -0.000115942 0.00540004 0.00413888 -0.003477 -0.00105364 -0.00473935 0.00405079 -0.00621929 0.0042451 0.00701267 0.00111427 -5.52246e-05 -0.00506108 0.00662469 0.00665348 -0.00414148 -0.0063539 -0.00433328 -0.00598175 0.00234394 0.003514 -0.00132147 0.00646779
129342 0.00732183 -0.00215387 0.0025239 -0.00780916 -0.00267649 -0.00327969 0.00241947 0.00628567 -0.00632954 0.00763273 0.00318336 0.00614309 0.000758648 0.00545645 0.00477505 0.0051074 0.000849724 -0.00587511 -0.00696182 -0.00189257 -0.00319815 -0.00275517 -0.00428057 0.00248766 0.00264406 0.00448895 0.00601387 0.00261593 -0.000911236 0.00219059 0.00556517 0.000907898 0.00387907 0.0056119 -0.00145674 -0.0049119 -0.0071826 0.00256109 0.00748634 0.00620413 -0.00675631 0.00708818 0.00502205 -0.00715971 0.00768757 -0.00770473 -0.0022192 -0.00520897 -0.00428343 -0.00524664 0.00224876 -0.00210142 -0.00643015 0.00330877 0.00386333 0.00393438 0.00585699 0.00288725 -0.00152254 0.000355721 -0.00108814 0.00484657 0.00437307 0.0013175
313355 0.00507404 -0.00303943 0.00332459 -0.00461342 -0.00438334 0.00401227 -0.00422362 0.00268322 0.000394308 0.00447091 0.00353187 -0.00160638 0.00674808 0.00370688 0.00225171 -0.000142977 0.00657361 -0.00631878 0.00710738 -0.00455255 0.0054327 0.00549487 -0.00215498 -0.00338266 0.00278564 0.000678494 -0.0003851 0.00159189 0.00760071 -0.00506091 0.00622696 -0.00486908 0.00465636 0.00412918 -0.000163427 0.00736296 -0.00176353 0.00295168 0.00315114 -0.00335768 0.00144285 0.00158057 -0.00326421 0.00174335 0.00439008 -0.00641094 -0.00319253 -0.000287934 -0.00727197 0.00533397 0.0011927 -0.00694509 0.00215097 -0.000413547 0.00454523 -0.00307127 1.28502e-05 0.00527387 -0.00550217 -0.00318947 0.00111733 0.00616308 0.00417366 0.000619095
126011 0.00568928 -0.00756785 0.00772496 0.00568565 -0.00541477 0.00470487 0.000597956 0.00430002 0.00759196 -0.00415762 0.00359344 0.00481102 -0.00694119 -0.00257868 0.00456137 0.00450531 0.000945598 -0.0072489 -0.00114129 0.000302174 0.00183269 0.000454234 0.00148774 0.00511204 -0.00226237 0.00409547 0.00480946 -0.000663676 0.00385459 -0.00232205 0.0044044 0.00424256 0.00482481 0.000933409 0.00504788 0.00364467 -0.00433408 0.00235465 0.0034912 -0.00557909 -0.00757726 -0.00400669 0.00162936 0.00124003 -0.00225018 0.007207 -0.000725031 -0.00734012 -0.00652922 -0.00710015 0.00438504 0.00289828 -0.00716668 -0.00499967 -0.00495918 0.00537224 0.00549489 -0.00414453 -0.00495637 -0.00134074 -0.00528703 -0.00568779 -0.00478409 0.00756436
279926 -0.00759602 0.0018034 0.00652981 0.00619555 -0.00160789 -0.00757885 -0.00642729 -0.0022068 0.00139856 0.00622511 0.00491428 0.00758076 -0.00183821 0.00270176 -0.000880241 0.00460005 0.00433064 0.00692749 -0.0038929 -0.00616932 -0.00387573 0.00496674 0.00474977 -0.00303984 -0.00485849 0.00598764 -0.00230837 0.00724602 0.000926018 -0.00673437 -0.00657225 -0.00389242 -0.00069809 -0.0059495 0.00102806 -0.00560951 0.00107622 0.00609398 -0.00306368 -0.00217724 -0.00461626 -0.0048089 0.00170898 0.000855923 0.0066371 -0.0015955 0.00426388 0.00215626 -0.00126171 0.000448704 0.00462437 0.00469637 0.00301552 -0.00708914 0.000849247 -0.00567341 -0.00521564 -0.0068469 0.00363922 -0.00208855 0.0043745 -0.00493097 -0.0019393 0.00178432
92247 0.00316369 0.00354386 -0.00161536 0.00346739 0.0035204 -0.000168103 0.00604885 -0.00691013 0.00708137 0.00524503 0.00122799 -0.00333648 0.00576975 -0.00344825 -0.0032522 -0.00648004 -0.00198279 -0.00288638 0.00337548 -0.00373737 0.00622048 0.00296841 -0.00200517 -0.00421842 -0.00513849 0.00532589 -0.00644887 -0.00226139 0.00399614 0.00368642 0.0055578 -0.0065205 0.00651577 0.00493039 -0.00184599 -0.00211591 0.00699823 -0.00391717 -0.00475182 -0.00273446 0.000348628 -0.0037826 0.00246401 0.00227018 -0.00475706 0.00282237 0.00311805 0.00206339 0.00157555 0.000612589 0.00248935 -0.000826414 -0.000115294 0.00453219 -0.00723702 -0.000831863 -0.00487058 -0.0077158 0.000342737 -0.00576974 0.000203709 -0.00475119 -0.00567408 0.00210622
231647 0.00556345 -0.000395624 0.00532523 -0.00372611 -0.00143109 0.00498046 -0.000986438 -0.00765348 -0.00479423 0.0016851 -0.00588938 0.00104934 0.00745352 -0.00491293 0.000503096 0.00372836 0.00237965 -0.00543637 0.00174832 0.00442785 -0.00470316 0.00168991 -0.00503421 0.00181801 0.00455604 -0.00674439 -0.000220239 -0.00213836 -0.00514058 -0.00382242 0.00280806 -0.00443122 0.00580012 0.000322943 -0.00105866 -0.0066526 -0.00190298 -0.0067119 0.0024589 0.0066556 0.005253 0.00391746 0.00153879 -0.000673326 -0.00190133 0.0014007 -0.0050644 0.00528282 0.0027807 0.00508197 0.00637536 -0.00518603 0.00521816 0.00198253 -0.00371451 0.000565939 -0.00539288 -0.00387723 0.00429145 -0.0048331 0.00694136 0.0050538 0.00455947 0.00383222
232815 0.00631872 -0.00029657 -0.00524782 0.00677174 -0.00440602 -0.00637211 0.00385496 0.00555908 0.00659952 -0.00352896 -0.00708974 -0.00489242 0.00251515 0.00652559 0.00556178 -0.00266429 -0.00129173 0.00701293 -0.00432213 0.00725735 -0.00302719 0.000686216 0.00162964 0.00743472 -0.00718163 6.32082e-05 0.000370455 -0.00435673 -0.00564005 -0.00731858 0.00188764 -0.00618878 -7.5807e-05 0.00169296 -0.00185218 -0.000935177 -0.00180489 -0.00479676 -0.000907307 0.000794479 0.00015715 -0.00027531 0.00437018 -0.00627335 -0.00500024 -0.00149904 0.00225829 0.00129072 -0.0046268 0.00208354 0.00123125 -0.00769197 0.00182885 -0.00352609 -0.00219528 0.00266094 0.00482395 -0.000217437 -0.00443125 0.000448728 -0.00537116 -0.00431545 -0.00530601 -0.00550599
144836 0.00427751 0.00573601 0.0044061 0.0024782 -0.00111571 0.00628888 -0.00275798 0.00365793 -0.00382326 -0.00157145 -0.000758468 -0.00781527 -0.00185758 5.24882e-05 -0.000669307 0.00676551 0.00732499 0.00323654 -0.00255257 0.00156638 0.00565154 0.00718791 0.000420241 -0.00273709 -0.00144887 0.0012936 0.00278707 0.00252955 -9.42133e-05 0.00733695 -0.00391264 0.003085 -0.000523348 0.00704859 -0.0017332 -0.00581036 0.00760625 0.00724765 0.00479134 -0.00640425 -0.00145261 0.00407355 -0.00703591 -0.00509432 0.00490126 0.006298 -0.00700465 0.00300264 -0.00414823 0.00332317 -0.00460067 0.00022714 -0.00409591 0.00707139 0.00725482 0.00177339 -0.00174526 0.0061525 -0.0067457 0.00195176 0.00368734 -0.00705789 0.000990774 0.00072767
15976 0.0061444 -0.00373427 0.00148468 0.00561538 0.00475991 -0.00246763 -0.00522267 -0.00341927 0.00489041 -0.00726719 0.0067296 -0.0020418 -0.00621541 -0.000275813 -0.00737797 -0.00580741 -0.00605438 0.0065566 -0.00403329 0.00761232 -0.00753544 0.0050553 -0.00251654 -0.00509079 0.0059922 -0.0041111 0.00646534 0.00646275 0.00106903 -0.000434827 0.00196271 -0.000871093 0.0072591 0.00661609 -0.00596292 -0.00287108 0.00325524 -0.00437657 0.000113003 0.00672078 0.00625226 -0.00156611 0.00417017 0.00468027 0.00756686 -0.0021378 0.00522445 -0.000140259 -0.00288184 -0.00296343 0.00523196 0.00359484 0.00134761 -0.00200639 -0.00474391 0.00192971 0.00207627 -0.0053761 -0.00683715 -0.000474783 0.00416626 -0.000708904 0.00485048 -0.00574133
141976 -0.00486326 0.00440454 -0.00739765 -0.000779152 0.00191069 -0.00779486 0.00449371 0.00213861 0.0031929 0.00391245 0.00139427 -0.00549698 -0.00348091 0.00583744 0.00409889 0.00763178 -0.00550938 0.00137758 0.00350666 0.00654554 -0.00134039 0.0016098 0.00638962 0.000621319 0.00719166 0.00635242 0.00336981 0.00333881 -0.00471878 -0.000885963 -0.00270891 -0.00312185 0.00258875 -0.0015955 0.00360537 0.00264406 0.00104618 -0.00304031 0.0047102 0.0072279 0.00542641 0.00322676 0.00423002 0.00113297 0.00627136 0.00103331 0.00692368 0.00477409 8.01086e-05 -0.00507975 0.00772333 -0.00467634 -0.00677872 0.00392818 0.00307274 -0.000454426 0.00447083 -0.000551701 -0.001297 0.000561237 0.00514174 -0.00632572 -0.00423241 0.00181246
257728 -0.00641489 -0.00698566 0.0075841 0.00554609 0.00239706 0.00738573 -0.00482321 -0.000922203 0.000736237 0.00160885 -0.00740242 0.00303793 0.00572157 -0.00453949 -0.00227213 -0.00638771 0.00592804 -0.00452089 -0.00670576 0.00297308 -0.0046711 -0.00367832 0.00191355 0.00678873 0.00195742 0.000399113 -0.00696707 -0.00323629 0.00337839 -0.0032897 -0.00129175 0.00333881 0.00387335 0.00385523 0.00607681 -0.00223827 -0.00644684 -0.00685549 -0.000901699 0.00115252 0.00179911 -9.10759e-05 -0.00132465 0.00164747 -0.00350094 0.00455666 0.00496531 0.00725365 -0.00226641 0.000853539 0.00350571 0.00736427 0.00111866 0.00484848 0.00145817 -0.0013032 0.0013423 4.52995e-05 0.00559711 0.00485182 -0.00764751 -0.00588083 0.00209665 -0.00474167
303549 0.000354773 -0.00472652 0.00598964 0.0076964 -0.00517784 0.00543121 0.0059876 0.00517745 -0.000679315 -0.00541593 -0.00249576 0.00572068 -0.00268069 0.000307145 0.00777556 0.00019934 0.00172752 0.00444643 -0.00673442 -0.00630653 -0.00743623 -0.00350797 -0.00218605 -0.00199939 -0.00203701 0.00046036 -0.0014913 -0.00180942 0.00714376 0.00646745 -0.000530693 0.00213791 0.00608728 0.0053748 0.0039801 -0.00703935 -0.00327445 0.00515005 0.00291293 0.00239026 -0.00673347 -0.00668981 0.000767015 7.83347e-05 -0.00288136 0.00496937 -0.00153008 0.00455858 0.00652328 -0.00473042 0.000971111 0.00135999 -1.52505e-05 0.00412015 0.000265516 -0.00430376 -0.00354022 -0.000679926 0.00173006 0.00430149 0.00616179 -0.00476873 -0.00243558 0.00116866
87185 0.00650481 0.00530937 0.00208835 -0.0033819 0.00686152 0.00342427 0.00578212 -0.000824269 -0.00707433 -0.000599587 -0.00576326 -0.00747922 0.00191947 -0.00262488 -0.00180322 0.00511795 -0.0055834 0.00479893 -0.007732 -0.00107339 -0.00734825 0.00158346 4.46909e-05 -0.00208807 -0.00492466 0.00552697 0.00376468 -0.00439386 -0.00382926 0.00345695 0.000646531 0.000329735 -0.00365138 -0.00686083 0.00765934 0.00652615 0.00307895 -0.000758764 -0.00327316 0.00137701 0.00115825 -0.003861 0.000359657 -0.00189387 0.00359588 0.00663519 -0.00561334 0.00180904 0.00382824 -0.00230427 0.000685224 -0.00637935 0.00382906 -0.00268096 0.00152118 -0.00534316 0.00138118 -0.00763776 -0.00156382 -0.00136631 0.000997377 -0.000572583 -0.00501745 0.00704376
212164 -0.00473137 -0.00626203 0.00226934 0.00226739 -0.00412395 -0.00502643 0.00244226 -0.00115057 -0.00102789 -0.00640651 1.49434e-05 -0.00755357 -0.00453575 0.00276375 0.00328113 -0.00600878 0.00435159 -0.00345212 0.00261262 -0.000115171 0.00568827 0.00328993 0.00674185 0.00673084 0.000894052 0.00679561 0.000587881 0.000458577 -0.000919307 0.00180582 -0.00448182 -0.00288666 0.000911464 -0.00355742 0.00402626 0.00204456 -0.0026871 -0.00359124 0.000153788 -0.00357222 0.00778873 -0.00244967 -0.0048819 0.00521163 0.00357743 0.00611601 0.00739877 -0.00377088 0.006123 0.00414027 -0.00453994 -0.00730665 0.00320324 0.00347338 -0.000488407 0.00753709 0.00421085 -0.00235876 -0.000801126 -0.00462104 0.00159512 0.0013201 -0.00072011 -0.00737215
328852 0.00460148 0.0016551 0.00521278 3.91006e-05 0.00520372 -0.00286484 -0.00396013 -0.00145149 -0.00414228 -0.0063014 -0.00711823 -0.00459528 -0.00708866 -0.00646257 0.00255394 0.00700855 -0.00276947 0.00306034 -0.00244808 0.00113153 0.00274992 0.00104666 -0.00741911 0.00122643 -0.000254154 0.00320578 0.00423002 0.000757694 0.00553894 0.00780582 0.000735283 -0.000417709 0.00691748 0.00548601 0.00343657 -0.00219154 0.00323105 -0.00583982 -0.00624657 -0.00646067 0.00319242 -0.00537491 0.00603819 0.00743437 -0.00752544 0.00778913 -0.00237513 -0.00701046 0.00637817 0.00287437 0.00143719 -0.000779152 -0.0034647 0.00251389 -0.00378275 0.00715303 0.00093174 -0.00527954 -0.000251293 -0.00570345 -0.00629854 0.00327492 0.00762844 -0.00773144
278668 0.00211249 -0.000374897 0.0017162 0.00423923 0.00780341 0.00353212 -0.00547373 0.000465759 0.00098338 -0.00713535 0.00568574 -0.000743351 0.00144294 0.00132675 -0.000903377 -0.00148505 -0.00661749 -0.00694521 0.00498087 -0.000524924 -0.00610701 0.0022047 0.00262157 -0.00274212 -0.000798332 0.001628 0.00646007 -0.00766119 -0.0027278 0.00438211 -0.0060574 0.00696261 -0.00630148 0.00264815 -0.00722079 0.00427436 0.00552356 -0.00216298 -0.00285853 0.00663362 0.000866205 -0.00777031 -0.000380242 -0.00132363 0.00484306 -0.0074576 -0.00460054 0.00496082 0.00544227 0.00561329 -0.00420285 0.00615309 0.00560089 -0.00216615 0.00152982 0.00548925 -0.00472011 0.0020524 0.00357479 0.00287902 0.00199773 -6.84955e-05 -0.00621649 0.00133771
170157 -0.00552481 -0.0025505 0.00603782 0.00582205 0.000123092 -2.68319e-05 -0.00201353 -0.00105736 -0.00730221 0.00768938 0.000953204 -0.00607687 0.00476645 0.00320739 0.00374418 -0.00685188 0.00533736 0.00560896 -0.00190031 -0.000461042 -0.00297267 0.00622445 -0.00410747 0.0028396 -0.000828654 0.00101713 0.00687982 -0.00554786 -0.00487298 -0.00219284 0.00748369 -0.00495992 -0.00471098 -0.00621064 -0.00198125 -0.00717632 -0.00329987 0.00496725 0.00651109 -0.00509015 0.0065762 0.00300117 -0.00308473 -0.00379196 0.00486622 -0.00396441 0.00765304 0.00601954 -0.00366795 0.000608105 -0.00527726 -0.00143547 -0.00243487 0.000616779 0.00188599 0.00664249 -0.00116159 -0.000888437 0.00637027 0.00522945 -0.0034244 -0.00635786 0.00178424 0.00733413
150378 -0.00380443 -0.00299147 -0.00668304 0.0035299 0.00200434 -0.00428498 -0.00134014 -0.00387744 0.00405932 1.21806e-05 -0.00421483 -0.00718895 -0.00549157 -0.000390084 0.00383969 0.00771988 0.00661356 -0.00625372 0.00497004 -0.00190498 0.00668168 0.0047297 0.00183208 0.00254511 0.0072226 -0.00744147 -0.00269353 0.00287616 -0.00346263 0.00225835 0.003348 -0.00568258 0.00664016 -0.00751198 0.00610033 0.00525133 -0.00722844 0.0052975 -0.00534984 0.00353004 0.00260178 0.000532864 -0.00441943 -0.00606729 -0.00416782 -0.000877301 0.00222787 -0.00664451 -0.00451056 -0.000507798 0.00666259 0.000522246 -0.00579837 -0.00132796 0.00706068 0.00691835 -0.000309084 0.00443218 -0.00396817 -0.00667261 0.00221472 -0.00524753 0.00528749 0.005555
257627 -0.00169799 -0.00765875 -0.00649274 0.00388905 -0.00576289 0.0077402 -0.0032128 0.00201054 -0.00215611 0.00204211 -0.000446473 0.00158454 0.00119042 -0.00122385 -0.00533086 0.00425166 -0.00589657 -0.00348135 -0.00138003 -0.000187537 -0.00616414 -0.00272819 -0.00485465 0.00444518 0.00767289 0.00659526 -0.00710386 0.00572694 0.00672071 -0.00725189 -0.00180133 -0.00378606 -0.000699809 0.00466861 -0.00396982 -0.0027412 0.00185803 -0.00372709 0.00458741 0.00716883 -0.00554619 -0.00243085 0.00110934 -0.00650474 0.00439812 0.00615454 0.00174746 0.00342038 -0.00415027 0.0062308 0.00088703 -0.00271655 -0.00610813 0.00313066 0.00360188 -0.00516249 -0.00611345 -0.0024824 -0.000517535 -0.00200082 0.0044729 0.00559962 0.00161695 -0.000813517
329729 -0.000273173 0.0013261 -0.00265657 0.00575932 -0.00320845 -0.00135861 -4.81929e-05 0.00313405 0.0069971 0.00690468 -0.00164674 0.00217407 0.000752496 0.00121811 -0.00525339 -0.000192499 0.00375706 -0.0016313 0.00716623 0.00133638 -0.00012705 0.00669238 0.00516786 -0.0069583 -0.00753821 0.00281906 0.00119086 -0.00128933 0.00741799 -0.000899204 0.00100273 -2.93762e-05 -0.000559452 -0.00297891 0.00176335 -0.00506377 -0.0069987 -0.000984857 -0.00659779 0.00437253 -0.00394312 -0.00117249 -0.0045804 0.00441737 0.00268872 -0.00170062 0.00521339 0.00221898 -0.00152373 0.00118381 0.00146261 -0.00294305 0.00292416 0.00187739 0.0012519 -0.00206921 0.000621188 -0.00318845 0.00462314 -0.00426447 -0.00289549 0.00514102 -0.00449185 -0.000786368
327793 0.00719125 0.00199035 0.00354078 -3.87287e-06 0.00595688 0.000844662 -0.00711469 -0.0060974 -0.00559734 -2.75844e-05 0.00138969 0.00029151 -0.00737041 -0.000396451 -0.000553364 0.00316892 0.00132326 0.00694339 0.00382043 0.00745794 -0.00415947 0.00133799 0.00656073 0.00770759 -0.00716496 -0.00396983 0.00611482 0.00102223 0.00384722 -0.00368351 -0.00293609 -0.00298517 -0.00572417 0.00657155 0.0022421 0.00100094 0.00566909 -0.00473802 0.00414602 0.000992653 -0.00286698 0.00145242 -0.000313377 -0.00292124 0.00160204 -0.00472022 0.00402521 -0.00518725 -0.00389805 0.00381818 -0.00675617 0.000775021 0.00401012 0.00594177 0.00209646 0.0046801 0.000315068 -0.00264759 0.00722335 0.00180515 -0.0031782 -0.00426168 -0.00015105 -0.00693133
296729 0.00379944 -0.00347233 0.00284529 0.000975609 -0.00518179 -0.00753355 -0.000927448 0.0076499 -0.00697422 0.0055728 -0.00537395 -0.00622892 -0.00049448 -0.00567627 -0.0039134 -2.71797e-05 0.00709152 0.00664902 0.000770569 -0.000752449 0.00745487 0.00404167 -0.00242615 0.00174379 0.000722408 -0.00698805 -0.000596523 -0.00697565 -0.00653219 -0.00145102 -0.00462151 0.00218296 -0.00564528 0.000199318 4.33922e-05 -0.00536776 -0.00673437 0.00605679 -0.00596714 -0.00466824 -0.00429583 -0.00536156 -0.0040679 -0.00334549 0.00454903 -0.00630569 -0.00273609 -0.00584984 0.00532055 -0.0053196 0.000352383 0.00128508 0.00329638 0.00318766 0.000368118 -0.0042119 -0.00324821 0.00218058 -0.00494623 -0.00756454 -0.00283003 0.0033412 0.00406313 0.0074029
43871 -0.0036727 -0.00539035 -0.00608822 -0.000362926 0.00666277 0.00617185 0.00299804 0.00758541 -0.0031702 -0.00659806 0.00307448 0.00376568 0.00517169 -0.00635845 -0.00451272 -0.000789648 0.00238749 0.00524211 0.00251626 -0.00309515 0.00574636 -0.00131432 -0.000224627 -0.00124634 0.000344547 -0.00724827 -0.00369055 -0.00610175 -0.0029249 -0.00350174 -0.00305594 0.00692791 0.00248497 -0.000653939 0.00553481 -0.00592526 -0.00479392 -0.00235887 0.00609974 -0.00658663 -0.00259656 0.00672505 0.00525682 0.00481711 0.00694457 -0.00205574 0.00751789 0.00535258 0.00348764 -0.00680368 0.00770026 -0.000694584 -0.000801956 0.00482837 -0.0018875 0.00667511 0.001508 0.00638487 -0.00489186 -0.00139317 -0.000498176 -0.000928863 0.00531949 -0.00151979
330602 -0.000769856 -0.00181014 -0.00117927 -0.00528362 -0.0011452 0.00436468 -0.00316074 -0.00432216 0.0077211 0.00349786 -0.00298481 -0.00320407 0.00116556 -0.0019245 0.00068264 0.00208934 0.00752734 0.00278145 0.00585394 -0.00262116 0.000798679 -0.00747836 -0.0044338 -0.000924746 -0.000625687 0.00204884 0.00430745 -0.000500594 -0.0035056 0.00434914 -0.00491503 -0.0051604 -0.00206676 0.00193399 0.00557363 -0.00571988 -0.0037696 0.00668174 -0.00261916 -0.00636602 0.000242194 -0.00441813 -0.0060182 -0.000246556 -0.00359154 0.00464471 0.00254925 -0.00562778 0.00707807 -0.0044758 -0.00755077 0.00331151 -0.0020979 -0.0014476 0.00524269 0.00227452 0.00262725 -0.00294784 -0.00476838 -0.00335946 -0.00270871 -0.0068223 -0.00717726 -0.00715647
138735 0.00358171 0.00132597 0.00049177 -0.00716836 -0.000988452 0.00408026 -0.00362263 -0.00223963 0.00391726 0.00557106 0.00145759 -0.00594281 0.00248113 0.00023918 0.00691131 0.00198304 0.00382869 0.00686374 -0.000455586 0.0051267 -0.00507039 0.000727345 0.00660559 -0.00498766 -0.00237133 0.00424721 0.00729556 -0.00222944 -0.00311022 -0.00299585 0.00647173 0.00426944 -0.000791648 -0.00167712 -0.00508449 -0.00221433 0.00448116 -0.000620526 -0.00456253 0.00201166 -0.00573214 0.00518306 -0.00108405 -0.00124451 -0.000337977 0.00238589 0.00500348 -0.00242083 -0.00662113 0.00543349 0.00205347 -0.00162305 -0.00219179 -0.00435273 -0.00753999 0.00246203 -0.0039064 0.000712983 0.00681228 0.00195951 0.00747123 0.00364122 -0.00492942 -0.00636305
156758 -0.00733998 0.00599396 0.00546362 -0.00735057 -0.00412644 -0.00109675 -0.00610981 0.000237629 0.00298613 -0.00726661 0.00237118 -0.00667855 0.000672763 0.000632466 0.00147473 8.98119e-05 -0.00395358 0.00205185 -0.00410946 0.00137638 -0.0017822 -0.000744346 -0.000186549 0.00238865 0.00287262 0.00619117 -0.00291173 0.000230961 -0.00424952 0.00436612 -0.00690786 0.00312299 0.00119866 0.00203588 0.00732825 -0.000457828 0.00466919 -0.00328902 0.00419872 0.00115175 -0.0070764 -0.00647601 0.00202376 -0.00421274 0.00433168 0.00346833 -0.00163358 -0.00331156 -0.00541785 0.003387 -0.00200618 -0.00696856 0.00508745 -0.000568105 0.000924081 0.00343803 0.00126898 0.00459338 0.00210977 0.00635643 -0.00767001 -0.00616601 0.00145465 -0.00379455
330854 0.00433913 0.00629747 -0.00326689 0.000838966 0.00140284 0.0059675 0.00512805 -0.00248215 -0.00119602 -0.00280397 -0.00655803 0.000171959 -0.00492691 0.00743798 -0.00466737 0.00538665 -0.00331001 -0.00398667 -0.000615041 0.00632718 -0.00263151 0.00328391 -0.00332857 -0.0019824 -0.000783361 0.00684978 0.00457019 -0.0051907 -0.00179801 0.00147339 0.00294077 -0.00150486 0.00669217 0.00325097 0.00632439 0.00206962 0.00488426 -0.00374537 0.00421569 -0.00287052 0.00200859 0.00448245 -0.00686904 -0.0075992 0.00589168 -0.00336567 0.00514949 -0.00322289 0.00365855 -0.00674063 -0.0035054 0.0035975 0.00255518 0.00554323 0.00143104 -0.00624084 -0.00148639 0.00376238 -0.00762134 -0.00602937 4.89446e-05 -0.00258703 -0.00651414 0.00377908
330063 0.00630747 0.00407761 -0.00374513 0.00041473 0.00422887 0.00319608 0.00669837 0.00738841 -0.00675041 -0.00361754 0.00749075 -0.00311678 -0.00709933 0.0055467 0.00705495 0.00341775 -0.00517074 0.00428089 0.00671852 0.00124232 0.00248197 0.00446822 -0.00456711 -0.00223489 -0.00561813 -0.00258565 0.00587184 -0.0070201 0.00165047 0.00239277 -0.0020962 0.00527192 -0.00493822 0.000108846 -0.00563467 0.000330971 0.00556043 0.00329924 -0.000504434 0.00381082 0.00377675 -0.00388645 0.0012814 -0.00171335 0.00764674 -0.00609136 -0.00676531 -0.00493461 0.00580386 0.0024385 0.00602442 0.00739105 -0.00372861 0.00169885 0.00377849 0.00101095 0.00720204 0.00105509 -0.00318264 0.00362731 -0.00720515 -0.00659836 0.00735141 -0.00414154
170390 0.00520134 -0.00641155 0.0027647 -0.0019927 0.00080204 0.00769997 -0.00135517 -0.00711393 -0.0040822 0.00693655 0.00703001 0.00443411 -0.00654221 0.00322866 0.000574589 0.00327873 0.00312614 0.00350714 0.00678635 0.00620794 0.000170231 0.00227308 0.00193644 -0.00604773 0.00384521 -0.00755787 0.000620842 -0.00162697 -0.00418329 -0.00210905 -0.00522566 -0.000812531 0.000276089 -0.00169325 -0.00248289 -0.00306463 -0.0008955 -0.000245571 0.00188351 -0.00392818 0.00387335 -0.00342321 0.00043726 -0.000745296 0.00488186 -9.05991e-05 0.000823498 -0.00327396 -0.00597715 0.00342274 -0.0042367 0.00497532 0.000433445 -0.000916958 -0.0055871 -0.00204992 0.00758171 0.00728607 -0.00452852 0.0037632 0.003263 -0.00021553 -0.00666618 0.00703764
43360 -9.98892e-05 -0.00774574 0.00705498 -0.00766174 -0.00464573 -0.00253778 0.00460245 0.00315144 -0.00705252 0.00639538 -0.00639048 0.00513222 0.00393971 0.000924598 -0.00538711 0.00607367 -0.00506055 -0.00639398 -0.00382015 0.00251175 0.000551372 0.00400112 -0.00123311 0.00249948 0.00397926 -0.00115997 -0.0037866 0.0068319 -0.00638531 0.00207458 0.00240567 -0.00485153 0.00173696 -0.00404706 0.0026091 0.0023571 0.00157668 0.00660536 -0.000281201 0.00338061 0.000222481 -0.0047906 0.00406742 0.00495107 0.00104327 -0.00466327 -0.00426449 -0.000983544 0.000394138 -0.00762301 0.00546659 0.00500961 0.00548168 0.00111728 -0.00112659 -0.00337493 0.00347835 -0.00593327 0.00747125 0.00193139 -0.00642185 -0.0044663 0.0033397 0.00130384
331286 -0.00291782 -0.00578683 0.00775934 0.00560557 -6.51492e-05 0.00518724 -0.00660665 0.00126971 -0.00608254 -0.00433903 -0.00777597 0.00455839 -0.00762921 0.00690922 -3.51067e-05 0.00522563 -0.00150566 -0.00199481 -0.00496263 -0.00523557 0.00589332 -0.00648153 0.00746123 0.000164252 -0.00541555 -6.58175e-05 -0.00773874 0.00635213 0.000260976 0.00565824 0.00627546 0.000210844 0.00215617 -0.0011335 0.00436602 0.00358138 0.00542627 0.00575648 0.00480522 0.000579208 -0.0014858 0.00465998 0.00196597 0.00139513 0.00719499 0.000306513 0.000559203 0.00707652 0.0023167 0.00438655 0.00439637 -0.00744351 -0.00577769 0.00345049 0.00358946 0.00111088 0.00647627 0.00340391 -0.00275926 -0.00221248 -0.00356324 -0.00134411 0.00332013 -0.00251816
331289 -0.00435702 0.00146122 -0.00440137 0.00526245 0.00317341 -0.00682326 0.00407814 0.00496509 0.000813705 -0.000896487 0.0043921 0.00036239 -0.00260041 0.00603577 0.00404182 0.00188571 0.00290957 0.00101787 9.55475e-05 -0.00475883 -0.00482663 -0.00626345 -0.00506168 0.00270209 -0.000914056 0.00249824 -0.00380489 -0.0072667 -0.00240771 0.00707126 -0.000452068 -0.00203798 -0.00339708 0.00499379 0.0053788 -0.00448544 -0.00456326 0.00251718 0.00553047 0.00158303 -0.0032421 -0.0015479 0.00734922 -0.00195879 -0.0048067 -0.00433893 -0.00120892 0.00242025 0.000594104 0.00425652 0.00103368 0.0072507 0.00405461 -0.00639844 0.00262849 0.00767634 0.00455634 0.00677738 -0.00038306 -0.000975134 0.00520125 0.00389036 -0.0019902 0.0064114
303373 0.00223673 -0.00763397 0.000552087 -0.0020763 0.00150704 -0.00583758 0.00558832 -0.00698574 0.0074238 0.0020807 -0.00731215 -0.00170468 0.00255888 0.00654145 0.00205702 0.00508909 0.00504236 -0.00517797 0.000168833 -0.00688035 0.00177726 0.00414451 -0.00161909 0.00264314 0.00158699 0.00555887 0.00762716 0.000872098 0.00641318 -0.0029426 -0.000998543 -0.00450769 0.00337813 0.00461078 0.000296359 -0.00357471 -0.00466788 -0.00556188 -0.00190243 -0.0032116 0.000518966 0.00497282 -0.00547929 -0.00336596 0.00752152 0.00141203 -0.00266586 0.00590388 0.00387182 -0.00411597 -0.00412282 0.00305113 0.00212238 -0.00134977 -0.00176217 0.00491074 -0.00615676 -0.000539906 -0.00541216 0.00524777 0.0055921 -0.00211755 0.000455949 8.56116e-05
331416 0.000121432 0.000178493 -0.00218098 -0.00203981 -0.00082671 0.0018162 0.00580821 -0.00117539 -1.22768e-05 -0.00227046 0.00546462 -0.00399767 -0.000520046 -0.00674687 -0.00301761 0.000377426 -0.00595039 -0.00499022 0.00754326 0.000714246 0.00460225 0.000742492 0.000290961 0.000142196 -0.00584628 0.000332693 0.00268481 -0.00463562 -0.00710232 0.00542693 -0.00212543 0.00762424 0.00185223 -0.00431427 0.00731549 0.00111175 0.00547203 0.0025134 0.00207738 0.000111955 0.00776062 -0.00225021 -0.00768572 0.00661916 0.000541481 -0.00147691 -0.00471044 -0.000808287 -0.00261996 0.00659039 -0.00265996 0.00406829 -0.0053364 0.00626903 0.000204209 0.00468048 -0.00637817 -8.83941e-05 0.00132363 -0.00721103 0.00682387 0.0064843 -8.7594e-05 0.00507087
246273 -0.00400797 0.00336771 0.00157593 -0.00371897 -0.0074411 0.00183404 0.00482491 0.00115992 0.00377528 0.00258329 0.00527014 -0.000854173 0.00306757 0.00577005 -0.000279768 -0.003223 -0.00192024 -0.00627235 -0.00456336 0.00703246 0.00598396 -0.00127478 0.00666053 0.00320042 -0.00769812 0.00132645 -0.00339058 -0.00463045 -0.00648807 0.00711924 -0.00279788 -0.00547074 -0.00517833 -0.000253412 0.00553901 -0.00333957 0.0027106 -0.00706899 -0.00190447 0.00197462 -0.007085 0.00516554 0.00620428 -0.00155967 0.000902541 0.00696099 -0.000358807 0.00291662 0.00530552 -0.00665555 0.00601306 -0.00466293 -0.00434224 -0.00361762 -0.00513597 -0.00452195 -0.000185515 0.00321098 -8.169e-05 -0.0074166 -0.00552893 0.000942767 -0.00645271 -0.00673822
320365 0.00431589 0.00384924 0.00271558 0.00728377 0.00158962 0.00355939 -0.00499712 0.00220227 0.00493315 -0.00582948 -0.00643472 0.00554107 0.00496619 -0.00246582 -0.00243376 -0.00457476 0.00624808 0.00661351 0.00745617 -0.00678033 0.00028129 0.00535396 -9.91755e-06 -0.00352517 0.00366169 -0.00011805 -0.00320372 -0.00310371 0.00566269 0.000811468 0.00596268 0.00233444 -0.00722324 -0.000871195 -0.00257912 -0.00648359 0.00312144 0.00242127 0.00575836 0.000687191 0.000660515 0.000728369 0.00268331 -0.00276213 -0.0037559 0.00770003 -0.00620961 -0.0011816 -0.00275284 -0.000801032 -0.000983997 0.00107908 -0.00440876 0.0036367 0.00787732 0.00490294 0.000674549 -0.0032954 -0.00618608 -0.0034844 -0.00673159 0.00709452 0.00199277 0.00686604
265032 0.000553284 -0.00425543 -0.000240987 0.00625081 0.00702248 -0.00723703 0.0074037 -0.00386569 -0.00254864 0.00468818 -0.00447236 0.00489051 0.00445135 -0.00737618 0.00150636 0.00545817 -0.000185869 -0.00547991 0.00115803 -0.00480175 0.00560605 0.00434415 0.00180338 0.00350302 -0.00320692 -0.00522085 0.00290212 0.00330697 0.00330156 -0.00745215 -0.00621252 0.00685493 -0.00125871 -0.000353535 -0.00652626 -0.00567095 -0.00093562 -0.00290232 0.00557227 0.0022541 0.00573772 -0.00288333 0.00261826 0.00457507 -0.00217883 0.0049791 0.000388421 0.00754375 -0.00244587 -0.00349721 -0.00736285 0.00626029 -0.00691601 -0.00758441 -0.00584548 0.00577093 0.00756748 0.0065226 -0.00557331 0.00448667 0.00472938 -0.00407429 0.00669425 0.00207937
319402 -0.000805378 -0.00341177 -0.000761032 0.00760126 -0.00249386 -0.00567627 0.00336838 0.000953674 -0.00124454 -0.00398922 -0.00305748 -0.0047493 -0.00686932 0.00697088 -0.00115967 -0.00332832 -0.000808239 0.00430202 0.00451612 -0.00595236 0.000645638 0.0031786 -0.00534248 -0.00665426 -0.00497532 -0.00700998 0.00667667 -0.00500822 -0.000507832 -0.00325871 0.000975609 0.00729656 0.00742197 -0.000679493 -0.00390387 -0.0060668 0.0065918 -0.00195169 0.00157404 0.00497723 0.00577021 -0.000757217 0.00385904 -0.00116491 -0.00696516 -0.00453186 0.00286627 -0.00480318 0.00697613 -0.00280762 -0.004848 0.0038352 -0.00587463 -0.0027194 -0.00497913 -0.00560713 -0.00686741 0.00454569 0.00519085 -0.00739861 0.00653887 -0.0064702 -0.00293303 0.00557232
258005 0.00690385 0.000491806 -0.000250108 0.00221591 0.000725933 -0.00595536 -0.00150772 -0.00469473 0.00284168 0.000366266 0.00720375 -0.00224966 0.00158793 0.00201711 0.000394832 -0.0062684 0.00125155 -0.00312214 0.00634289 -0.00555597 0.00335003 0.00125901 0.000151692 0.00525905 -0.00182711 -0.00652047 0.00774694 0.00680341 -0.000569438 0.00395508 -0.00269401 -0.00489282 0.00607657 0.00402993 3.20191e-05 -0.00499535 0.00261191 0.00274984 0.00559365 -0.000711269 0.00653984 0.00410117 -0.00378844 -0.00273917 -0.00691066 -0.000905799 -0.0074602 -0.00191556 0.00286787 0.00510196 0.00719813 -0.00547281 -0.00288005 -0.00178007 -0.00315077 0.00619567 0.000172828 0.00137257 0.00620073 0.00750873 3.91236e-05 0.00218738 0.00153607 0.00482948
310166 0.00696421 -0.00623465 0.00774193 0.00453663 0.00525331 0.0011816 0.000663757 -0.00301743 -0.00412273 -0.00478792 -0.00337362 -0.00553513 0.00574875 -0.00613165 -0.00641489 -0.00212193 -0.004879 0.00348186 0.00336409 -0.00684881 -0.00739717 0.00589705 0.000740528 -0.00743532 -0.00166798 0.00301218 -0.00212955 0.00328445 0.000522614 -0.00292397 0.00723028 0.000750542 0.00528526 -0.00389433 -0.00780296 -0.00763655 0.00306463 0.000957012 0.00595808 -0.000887871 0.00596666 0.000916958 -0.00713921 -0.00628853 0.00119591 -0.00315428 -0.00023222 -0.00210714 0.00174952 0.000611305 0.0059123 0.00241232 -0.00728559 -0.00139427 -0.00618839 0.00617552 0.00118542 -5.72205e-05 0.000984669 -0.00570917 -0.0055933 0.000889778 -0.00621748 -0.00480175
175073 0.00602627 0.00175619 0.00620365 0.00544167 0.00756216 0.00153637 -0.00562286 0.000346184 0.00310564 -0.00284004 0.0058322 0.00668097 0.0049715 0.00639296 0.00486994 0.00243616 -0.00666761 0.000622272 2.3365e-05 -0.00520658 0.00191307 0.000936031 0.00242233 -0.00544834 -0.00470972 0.00498772 -0.00769281 0.00370169 -0.00763178 -0.00194168 0.000622272 4.72069e-05 -0.00780058 -0.0029583 -0.00143528 0.00430822 0.000476837 0.00578403 -0.0011096 -0.00514746 -0.00588989 0.0023694 -0.000641823 0.00550604 -0.00277901 -0.00697231 0.000236511 -0.000306606 -0.00341702 0.00326633 0.00749779 -0.00300646 -0.00514936 -0.00597668 0.00363445 -0.00150919 0.00772667 -0.00468397 0.000841141 -0.000498772 0.00653458 0.00768089 0.00224924 -0.00457287
328801 0.00301271 -0.00488921 0.00172907 0.00372002 -0.00358944 0.00445379 0.0032122 0.0076864 -0.00524614 -0.000346405 0.00514188 0.00074933 0.00644339 -0.00705397 0.00600737 -0.00700785 0.000485465 0.00396939 -0.00715103 -0.00400363 -0.00573291 -0.00638948 0.00325767 -0.00406722 -0.00362359 0.00660339 -0.0014515 0.00424968 0.00362119 0.00566209 0.00216612 -0.00787917 -0.00705356 0.00481715 0.00599569 -0.00581511 -0.00476837 0.00715261 0.00394351 0.000420413 -2.10182e-05 -0.00230635 -0.00232454 -0.00488711 0.000122179 -0.000143088 -0.00704253 0.000999449 0.00394261 -0.00649505 0.00452908 0.00258504 -0.00580873 0.00364181 0.0052129 -0.00485165 -0.00750248 0.00629556 -0.00642756 -0.000638114 -0.00102918 0.00136621 0.000750403 0.00100377
215506 0.00451738 -0.000720426 -0.00747109 0.00584845 -0.000957145 -0.00453083 -0.00408928 -0.00261669 -0.00302149 0.00271877 0.00385135 -0.00169665 -0.00615395 -0.00624682 -0.00774667 -0.00581182 -0.00170907 0.00548291 0.00236157 0.00183278 0.00392151 -0.000751295 -0.00624874 0.00435515 0.00244578 0.00572112 0.000318534 0.00748876 -0.00738855 -0.00579088 -0.00327765 -2.02296e-05 -0.00503569 -0.00588484 -0.00628519 -0.00344422 -0.00465386 0.00202229 0.00180746 0.00619026 -0.00161801 -0.000455853 -0.00662465 -0.00410431 0.00511686 0.00601302 0.000825548 0.00631884 0.000875583 0.00640467 -0.00188804 0.00372892 0.00455063 0.00690251 -0.000275796 4.05326e-05 -0.00218482 -0.0040397 0.00642055 -0.00615845 0.00345623 0.000420725 0.00184716 -0.000929939
330527 -0.00619487 0.000477231 0.00102112 -0.00491644 0.00443708 -0.000299371 -0.00406031 0.00314585 -0.00486874 0.000321599 0.00364656 -0.00326682 0.00567172 -0.00704338 -0.00219238 0.00714522 0.00665025 0.00531031 -0.00629067 -0.00693338 -0.00654162 -0.00639011 0.00313128 0.00478539 0.00460016 -0.00550924 0.00527682 -0.00544376 0.00367069 -0.00587719 -0.00626654 0.0068822 -0.00711812 -0.00595708 -0.00461516 0.00573479 0.00126638 -0.00372631 -0.00357694 -0.00503573 0.00263872 -0.00289872 -0.00041137 0.00127706 7.32665e-05 -0.00753753 0.00689756 -0.00224909 0.00418711 0.0068246 -0.00378238 -0.00623864 0.00103223 0.00776074 -0.00223197 -0.0059925 -0.00350328 -0.000886657 -0.00431516 0.00585655 -0.00134814 -0.000897213 -0.00504082 0.000810145
34800 -0.0067643 -0.00722334 -0.00546071 -0.00651023 -0.00662639 0.00289621 0.00362704 0.00366615 -0.00102396 -0.00680589 -0.00184436 0.00170267 -0.00565308 -0.00101425 0.0023248 -0.00594399 0.00703198 -0.00442484 0.00257854 0.0056449 -0.00346816 0.00758058 0.00611904 0.00510837 0.00296207 0.00304628 -0.00265523 0.000165559 -0.00492534 -0.0040229 -0.00589383 0.00439132 0.00526925 -0.00506964 0.00576187 -0.00681762 0.00548792 0.00292076 -0.000426494 0.00388727 0.00271068 0.00311922 0.00625493 -0.00252921 -0.00396309 -0.00517907 0.00272328 -0.00397651 0.0067821 -0.00131379 -0.000523115 0.00462536 -0.00240327 0.00153479 0.00132367 -0.00316478 0.000238206 -0.00491 0.00406673 0.00397695 0.00117728 -0.000125495 -0.00693936 -0.00619943
333533 0.00168705 -0.00610876 -0.00494099 -8.34465e-05 0.00126505 -0.00131083 -0.00461149 0.00107336 -0.00518131 0.00571394 0.00463533 -0.00463104 -0.00166082 -0.0031662 -0.0068593 0.00300503 0.00418758 0.0074811 -0.0055089 0.00510788 0.00771236 0.00154543 0.000893593 0.00555372 0.00514984 0.00673103 -0.000485897 0.0043869 -0.00448036 -0.0018239 0.00670767 0.00733948 -0.00419807 -0.00531101 -0.00385904 0.000651836 -0.0072794 -0.0039835 -0.000388622 8.34465e-05 -0.0033226 0.00675249 -0.00468588 -0.00606728 -0.00383806 -0.00594521 0.00298548 -0.00166702 -0.00619984 -0.00647593 0.000672817 -0.00222492 0.000499249 0.00728559 0.00443602 0.00473118 -0.00302792 0.00239038 0.00385427 -0.00427532 0.00472689 -0.00269032 0.000896931 0.00458479
333556 -0.00545168 -0.00222492 0.00127649 0.0052309 -0.00668144 0.00411081 0.00272036 0.00535536 -0.00780773 0.00756025 0.00115776 -0.00102901 0.00135231 -0.005373 -0.00324917 -0.00393105 -0.00500727 0.0019331 0.0051465 -0.003901 -0.00200653 0.00624418 -0.00661802 -0.00147438 -0.00455809 0.00465298 -0.0041914 -0.0047102 -0.00541115 0.00708628 0.00135136 0.00718117 -0.00148153 -0.000761032 -0.00752783 -0.000419617 0.00236845 0.004354 -0.00723553 0.00519609 0.00575829 0.00508165 0.00356245 -0.00761747 -0.00399208 -0.00554276 -0.00101614 -0.00583649 0.0051837 -0.00464773 0.000416279 0.0052948 -0.00757456 0.00494766 -0.00637817 0.00625086 -0.00165749 0.000453949 0.00633192 -0.00354433 -0.00518847 -0.00612879 0.000147343 0.00502253
287222 0.00195551 0.00640106 0.00397968 -0.00742245 0.00501966 -0.00283146 0.00222588 0.00305128 -0.00707722 0.00749207 0.00492001 -0.00535822 -0.00505829 -0.00713015 0.00054121 0.00570488 -0.000182629 -0.00547171 -1.7643e-05 0.0066514 -0.00688601 -0.00228405 -0.00264597 -0.000142574 -0.00289011 0.00358295 -0.00637197 -7.86781e-05 0.00531435 0.00557375 0.00254631 0.0031414 -0.00724459 0.00656271 -0.00270224 0.000423431 0.00351191 0.00202084 -0.00135469 0.00187635 -0.00336456 0.00294638 -0.00263214 0.00229597 -0.00119495 -0.00739241 0.00546217 -0.00358105 -0.00513411 0.000191212 0.00709057 0.00440693 -0.00478172 -0.00208759 -0.00566339 -0.00231743 -0.00754213 0.00781059 -0.000605583 -0.00191641 -0.00376797 -0.000229836 -0.00425863 0.00608015
333648 -0.0006426 -0.00176971 0.00179027 -0.000228794 0.00154107 -0.00510119 -0.00596911 0.00416048 0.00662314 0.00646956 -0.00598536 0.00362648 -0.00589721 -0.000168853 -0.000276098 -0.00596187 -5.91106e-05 -0.00698262 -0.000914348 -0.00551134 -0.00464565 0.00669965 0.00314826 0.00195191 -0.00562596 0.00253769 -0.00743853 0.00629996 0.00167025 -4.57796e-05 -0.00426487 0.00226801 -0.00308041 0.00688564 0.0053402 0.00583061 0.00430329 0.00216374 -0.00217849 -0.00382585 0.00625157 -0.00261028 -0.00217569 -0.00588767 -1.68154e-06 -0.00714035 -0.00190791 -0.00542376 0.00271334 -0.00371438 0.005648 -0.00417378 0.00724876 -0.00262979 -0.00700139 -0.00122159 0.00653339 0.00391844 -0.00563487 0.000312734 -0.005332 0.00178452 0.00048126 -0.00471629
333402 0.00120405 0.00651112 0.0011655 -0.00569994 0.0027723 0.0066148 0.00156292 -0.00483773 0.00384255 -0.00241615 0.00132652 -0.0076566 0.00597334 0.000343738 -0.00268736 -0.00647865 0.000134341 -0.00253644 -0.000800953 0.00331263 -0.000784511 -0.0064095 -0.00675865 0.00501531 -0.00510025 -0.00737538 7.16177e-05 -0.00541262 -0.00333217 0.00436066 0.00542336 0.00380257 0.00595955 -0.00184002 0.00350395 -0.00496577 0.00506755 -0.00548343 -0.00573207 0.00204194 0.00129547 -0.00674308 0.00256109 -0.00708749 0.00287855 0.00742256 0.00725716 0.00153033 -0.00164055 -0.00465685 0.0044886 0.0036512 0.00349626 0.00673712 -0.000532899 0.00582404 -0.00262938 0.00731424 -0.00524945 -0.00488421 -0.000730208 -0.00546019 0.00366966 -0.000808868
325917 -0.00140285 -0.00597668 0.000710964 -0.00163651 0.00511837 0.00243378 -0.00623798 0.00172663 -0.00579882 -0.00254869 0.00489569 -0.0022707 -0.0013051 0.00268173 0.00414562 -0.00248432 -0.00272799 -7.00951e-05 0.00474072 0.00644732 0.00696135 0.00477171 0.00486803 0.00146008 -0.00146914 0.00416136 8.39233e-05 -0.000306129 -0.00444984 -0.00614214 0.00143099 -0.000834465 0.00704622 0.00190544 0.00213623 0.00192928 -0.00166559 -0.00778532 -0.000184536 -0.00576067 0.00305271 0.00321388 0.00144005 0.000411034 0.00286865 -0.00624895 -0.00700808 0.00676775 0.00600624 0.00121641 0.00418282 -0.00262165 -0.00206566 0.00593758 0.000166416 0.00733519 -0.00775385 -0.00255346 -0.00375223 -0.00221443 -0.00430679 -0.00396347 0.00251102 0.00534201
212417 0.00602783 -0.00602471 0.00688259 -0.00493215 -0.00278368 0.00723398 -0.00587545 -0.00522942 -0.00489707 -0.000810601 0.00629054 0.00191766 -0.00496581 0.00731208 0.00763107 0.00720985 -0.00391579 0.000392667 -0.00322024 0.000685567 -0.00253919 0.000654028 0.00491491 0.00711119 -0.00267777 -0.00294033 2.97293e-05 0.00183955 -0.00428514 -0.00177748 -0.00735891 0.00320828 -0.00485447 0.000474905 0.00378184 0.00573767 7.99797e-05 0.000608062 0.00283468 0.00226646 -0.00621778 0.000887571 0.00773576 -0.0051736 0.00325016 -0.00472236 0.00130497 0.00756292 -0.00474312 -0.00561791 -0.00249385 0.00113268 -0.00321354 -0.00165062 0.00495448 -0.000391071 -0.00511205 -0.00714658 0.00239486 0.000255636 -0.0069317 0.000930938 0.00198454 -0.00654703
284736 -0.00109967 0.000471462 0.00266886 0.00663498 0.00671271 0.00688601 0.00274496 -0.000165446 0.000567543 0.00376456 -0.000691688 -0.00519893 -0.00560024 0.00684339 0.00294619 0.000381464 -0.00646543 0.00672248 -0.00457242 0.00630301 0.00421262 -0.00366379 -0.000700686 -0.00123292 0.00667953 0.00154994 -0.000463482 0.004573 0.00236091 -0.00753911 -0.00424515 0.0073852 0.00425539 -0.000255263 0.00311976 -0.00652804 0.00278796 0.00160475 -0.000497583 0.00104552 -0.00510423 -0.00111798 -0.00438589 -0.00652869 -0.000522622 0.000771878 -0.00779629 -0.00659648 0.00596098 -0.00574439 0.000647468 -1.08649e-05 -0.00161053 -0.00477058 0.000232837 0.00239862 0.0012191 0.00421937 -0.00679808 0.00223307 -0.00726031 -0.00412511 -0.000790197 -0.00211787
158765 0.00737097 -0.000178649 -0.00548925 0.00052835 0.00662268 -0.00507302 -0.00371447 0.00350937 -0.00324747 0.00425774 0.00108135 0.00551209 0.00389731 0.00173893 -0.00687905 -0.00614761 -0.00570159 0.00313563 -0.00264472 0.00445173 0.00612682 -0.000880716 0.00184319 -0.00775556 0.00305453 -0.00680293 0.00596099 0.00377347 -0.0027141 0.00640088 0.00398556 -0.00470482 -0.00191144 -0.00230559 0.00273597 0.00685762 0.00683782 0.000509805 -0.00616424 0.00430827 0.00420122 0.00212584 -0.00592989 0.00587442 -0.0051823 0.0067223 -0.00391885 -0.00719185 0.00771997 -0.00302237 0.00638375 0.00247466 -0.00665203 -0.000103548 -0.00411299 -0.00361374 -0.000619308 0.00324285 0.0034752 -0.00434703 0.00379314 0.00690826 -0.000780442 -0.0016613
259951 0.00686084 0.00165823 -0.00330496 -0.00107279 -0.0066182 0.00411623 0.00609194 0.000182535 -0.0067335 0.00164107 0.00532636 -0.00734153 0.00734366 0.000341712 0.00468478 -0.00341635 -0.00465231 -0.00248162 0.00702662 -0.000286999 0.00545927 -0.00712615 0.00282279 -0.00439579 0.00196983 0.00224902 0.00335519 0.00310012 0.00137301 -0.000559409 0.00283244 0.00522215 -0.00485114 0.000146383 -0.00269439 0.00172259 0.00474154 -0.00514485 -0.00235725 0.00263533 -0.00383483 0.00759659 -0.00715217 0.00237562 0.000314827 0.00192535 0.0043062 -0.00471793 -0.00642106 0.00637818 -0.000301736 -0.00634854 -0.00435992 -0.00768384 -0.00604061 0.00133101 0.000967809 0.000605368 -0.00239928 -0.00412199 -0.00372559 0.00501372 -0.000846801 -0.00194882
334238 -0.00376142 -0.0075274 -8.28634e-05 0.0005993 0.00251028 -0.00325423 -0.00684962 0.00757313 0.00752014 0.00469986 -0.00198226 0.000950439 -0.00378769 0.00303301 -0.00633753 -0.00589016 0.0013529 0.00539809 0.00556895 0.00448835 -0.0032895 0.000437658 0.000417903 -0.0066485 -0.00460874 0.00425671 -0.000892618 -0.00173082 -0.00366395 0.00134613 0.00113006 0.00516904 0.00591968 0.00515643 0.00505544 0.00405656 -0.0032159 0.00570852 -0.000753392 -0.00576142 -2.73865e-05 0.00455468 0.00532102 -0.00745456 0.00365956 -0.00145123 0.00026081 -0.00200723 -0.00445946 0.00300639 0.00459334 -0.00233343 -0.00408822 0.00716515 0.00422081 -0.0021126 -0.00597109 -0.000828571 -0.00516638 -0.00525466 -0.00498104 0.000529633 0.00392919 0.00783149
334280 -0.00220927 -0.00250111 0.00294906 -0.00346691 -0.000895824 0.00555648 0.0044552 0.00440063 0.00234786 -0.00127401 0.00416432 0.00463976 0.00116992 0.00248876 0.00222126 -0.00447355 -0.00634203 0.00334057 -0.00258829 -0.0077646 -0.00227407 0.00579287 0.000530779 -0.00639862 -0.00113935 -0.00185336 -0.00721667 -0.00699372 0.00304134 0.00275934 -2.00581e-05 0.00217375 0.00190118 0.0028387 0.00498552 0.000996061 0.00679664 -0.00079072 -0.00514008 0.000818167 0.00574999 0.00564634 0.00551994 -0.00633201 0.000254246 0.000945312 0.00654797 0.00616732 0.00670347 0.00620489 0.00596648 -0.000476689 -0.00752357 -0.00688703 -0.00240534 0.00575665 0.00581618 -0.00597068 0.00640645 0.00772956 0.00126464 -0.00416248 -0.00487973 -0.00036569
327219 -0.00518179 0.00303745 -0.00343943 0.00100946 0.00308561 -0.00706768 0.00103188 -0.00710821 -0.00494003 -0.00752401 -0.00593042 0.00160456 -0.00190735 -0.000861168 0.00211334 0.00197792 -0.00741053 0.00694847 -0.00514555 0.00654745 0.0030818 0.000523567 0.00131083 -0.0034771 0.00432777 0.00644636 0.00749731 -0.00127935 0.00329113 0.00227451 -0.00739479 -0.00452757 -0.0062356 0.00691509 -0.000293732 0.00296497 0.00386238 -0.00359011 0.00414848 0.00501251 -0.00434589 0.000111103 0.00690031 -0.000404835 -0.00659609 0.00566149 0.00664854 0.00142145 -0.00342989 -0.00348663 -0.00335407 -0.00779009 0.00715828 0.000405312 -0.000509739 0.00571346 -0.0068078 0.00377417 0.00458622 -0.00457907 -0.00708818 0.0011425 -0.00665903 8.34465e-05
54871 -0.00603118 0.00321653 -0.00500291 0.00501448 -0.00473102 0.00716807 -0.00138865 -0.00134376 -0.00470345 0.00256686 -0.00729891 -0.00263543 0.00198176 0.00127194 0.00416868 0.00683977 -0.00491712 -0.00727145 0.00234909 0.00516981 -0.000651487 -0.000220871 -0.00688021 -0.00545229 -0.00397232 -0.00310271 -0.00409966 0.00344973 0.00229221 0.00617093 -0.00427268 0.00778676 -0.000110433 0.00757748 -0.000491366 -0.00306148 -0.00386259 -0.00521442 0.00762092 -0.0027712 0.0066426 0.000646816 -0.000738737 -0.00363309 -0.00581819 0.00145069 0.00748944 0.00449531 0.0050228 -0.00659715 -0.00720199 0.00769294 0.00711589 -0.00660773 -0.00360998 0.00185444 -0.00099501 -0.00776234 0.000694424 0.00441481 0.00254762 0.00323464 -0.00421007 -0.0033121
303502 -0.00590958 -4.74252e-05 0.0046535 0.0072883 -0.00452635 -0.00505312 0.00510118 -0.00741437 0.00487814 0.00642546 0.00159024 0.00537999 0.00435964 -0.00627664 -0.00420525 -0.00432334 0.00583558 0.00753497 0.00101994 0.00052497 -0.00330025 -0.00483918 0.00530334 0.00349723 -0.00266856 0.00748882 -0.00329717 0.002953 -0.00258226 -0.00267934 0.00258877 0.00699719 -0.000404026 0.00283871 0.00696531 -0.00649521 -0.0004845 -0.000273829 -0.00629734 0.00703652 0.00548307 -0.00359022 -0.0041629 -0.00646209 0.00584837 0.000453788 -0.0073923 -0.00300941 0.00170166 -0.00704946 0.00290883 0.00753819 -0.00150064 0.00672068 -0.00194872 0.00607085 -0.00428647 -0.00650168 -0.00172219 -0.00463462 -0.00769865 -0.00327257 0.00736807 0.000353154
190014 0.0019048 0.00299979 -0.00698721 -0.00126677 0.000220379 0.00470571 0.00495293 0.000286993 0.00209415 0.00515143 -0.00104305 -0.000126719 0.00459877 0.000357522 0.00345207 -0.00682666 0.00617445 -0.00329975 -0.00474973 -0.00280337 -0.00266541 0.00187025 -0.00306934 0.000113017 -0.00769897 0.00605346 -0.00604798 0.000968891 -0.00606525 -0.00226318 -0.00131428 0.000271202 -0.00430279 -0.00144721 0.00115855 -0.00484566 0.00659208 -0.00686781 0.00538803 -0.00636984 -0.00225851 0.000130676 0.0020398 -0.00736429 -0.00739879 0.00712394 9.6104e-05 -0.000279168 -0.00481464 -0.00103707 -0.00387123 -0.00751715 -0.00457834 0.00471665 0.00663757 0.00687818 -0.0050567 0.00274978 -0.00704005 -0.000770113 -0.00508446 -0.000348098 -0.00593568 -0.00130843
297333 0.000651197 -0.00135133 -0.00238052 -0.00619569 -0.00198622 -0.00133068 0.00607217 -0.00734203 0.00454815 0.00728609 0.00188105 -0.0056677 -0.00571015 0.00609249 -0.00114471 0.000400484 0.00082246 0.00697072 -0.00250501 0.00764425 -0.00409338 -0.00408717 -0.00253959 0.000316313 0.00443189 -0.000712837 -0.00515816 -0.00681827 0.00485757 0.00578905 -0.00717506 0.00240121 -0.00127701 -0.00730783 0.000219534 -0.00305396 0.00205499 -0.00407231 -0.000161546 0.00212355 -0.00291751 0.000933589 4.25283e-05 0.00338477 0.00455554 0.00225711 -0.0021257 -0.00573792 0.001965 0.00759539 -0.00333504 0.00224741 0.00392046 0.00635863 0.000615534 0.000621418 0.000377618 0.00708491 0.00399405 -0.0076035 0.00375557 0.00658717 0.00761555 0.00253543
199592 -0.00300164 -0.00337549 0.00151831 -0.000991505 0.000935019 -0.00598275 -0.00708993 -0.00472009 0.00611582 -0.00181212 0.00408033 -0.00564341 0.00399058 0.00353406 -0.00711355 -0.00481081 0.00230515 -0.00077639 -0.00350355 0.00525291 -0.00546762 -0.00766556 -0.00279252 -0.00360672 0.00219084 0.00180776 -0.000822503 -0.00114747 0.00413535 -0.00344537 0.00167706 0.00481647 -0.00406333 0.00670901 -0.00104908 0.00138675 -0.00595962 0.00565047 0.00450675 0.00732449 -0.00650813 -0.00401236 -0.00471376 -0.00396089 0.00596852 0.00592488 -0.00717583 0.00132068 -0.000650711 0.00702442 0.00503757 0.00634876 0.00687221 0.00721407 -0.00228525 0.00698076 -0.00767393 0.00167226 -0.00427309 0.00577817 0.00456136 0.00437242 -0.00162463 -0.00059886
330610 0.00543356 -0.00112581 -0.00439119 -0.00255537 -0.00233603 -7.77245e-05 0.00462627 -0.00522041 -0.00705814 0.00242758 0.00723267 -0.00234127 -0.00597477 -0.00689268 0.00420666 -0.00564146 -0.00024271 0.00485802 0.00457859 0.00237799 0.00336027 -0.00151825 -0.00574923 0.00428867 -0.0067296 0.00488424 -0.00129986 -0.00170088 0.00483465 -9.82285e-05 0.00295115 0.00680161 -0.00220728 0.00737381 -0.000183105 0.00333643 -0.00150681 -0.00362635 0.00770855 0.00750494 0.000502586 0.00570107 0.000896454 -0.00424004 7.39098e-05 -0.000937939 -0.000230789 0.00260401 0.00387239 -0.00659323 -0.00165415 -0.00236988 -0.00519848 -0.00490093 -0.0077796 0.00667477 0.00583267 0.00515175 0.00293589 3.09944e-05 0.00642109 0.00318384 0.0025959 0.000355244
293904 0.00141448 -0.000535311 -0.00592099 -0.00428111 0.000203961 0.00224475 -0.00553513 0.00108103 0.00592088 0.00519657 0.00500546 -0.00579171 -0.00501123 -0.00128549 -0.00323593 0.0068947 0.0056866 0.00027385 -0.00503477 0.00366594 -0.00656414 -0.00176915 -0.00543715 0.000737736 -0.00688959 0.00749114 -0.00699802 -0.00490656 -0.00348038 0.00646922 -0.0023182 -0.000269561 0.00713908 0.000552527 -0.00247538 0.00545493 -0.0076412 -0.0030719 0.00567343 -0.00686742 -0.00744123 -0.00412408 0.00682285 0.00422458 -0.00204561 0.00162383 -0.00567455 0.00322888 -0.00711753 0.00178739 -0.00719843 -0.00755041 -0.00264071 -0.00320338 0.00177581 0.00382182 0.00561576 -0.00312092 0.005708 0.00612186 -0.0049266 0.00542784 0.00178825 -0.00712374
181244 -0.000556469 0.000351906 0.00339413 -0.00742674 -0.00280285 -0.0054369 0.00156212 0.000743389 -3.05176e-05 -0.00037241 -0.00101852 -0.00256872 -0.00158501 0.00518751 0.0048027 0.002738 -0.0063858 0.00110579 -0.00440168 0.00587034 0.00611639 -0.00115919 -0.0037179 0.00157118 -0.00624228 0.000789642 0.00512171 0.000650406 -0.00776529 -0.000856876 -0.0052371 -0.001513 0.00331926 -0.000146389 -0.00534916 0.00258446 0.00719929 -0.00298595 0.00239563 -0.00630903 -0.00117397 0.00262737 -0.00491381 -0.000321388 0.00287485 -0.005445 0.00685549 0.000449181 -0.00153399 -0.00299358 -0.00317764 -0.000686169 0.0051055 0.000106812 0.00496483 -0.00526857 -0.0046196 -0.00459576 0.00754881 0.000356197 -0.00475407 0.00572777 0.000920773 0.00353241
22387 0.0061952 -0.00438585 0.00654765 -0.00545745 0.000682625 -0.00602727 -0.00522957 0.00374952 0.000322197 0.00226209 -0.00146185 -0.00274502 0.00368092 0.00516191 -0.00768919 0.00654876 0.00731202 -0.000510453 -0.00471436 -0.00198861 -0.00321898 -0.000172138 0.00539925 -0.000789741 -0.00494353 -0.000575348 0.00341579 0.00304574 -0.00285117 -0.000122194 -0.00475535 -0.00551582 0.00473696 -0.00448 0.00151069 -0.00262673 0.00429438 -0.00585053 -0.00595025 -0.000383778 -0.00631277 0.00736867 0.00238434 -0.000577376 -0.00532464 -0.00217103 -0.00257231 -0.000571463 -0.00199679 -0.00139852 -0.00466488 0.00334113 0.000779903 0.000557298 0.0038836 -0.000844617 0.00239089 -0.00413392 0.00416405 -0.0019443 -0.00737037 0.00648311 -0.00277394 0.00425875
35820 0.00492073 0.00287743 -0.0056485 0.000411056 -0.000721069 -0.00598026 -0.0023126 -0.003367 -0.00680556 0.00637548 0.00510336 0.00717282 0.00231687 -0.000810395 -0.00645599 0.00377937 0.00459696 -0.00471301 0.00639531 -0.00757064 0.00690773 -0.00718933 0.00438713 -0.00615896 0.00467953 -0.005454 -0.00466899 -0.00201482 -0.00686364 0.00715974 -0.00764409 0.00254646 0.0063019 0.00115495 0.00503226 0.00034379 -0.000388819 -0.00636101 0.00025026 -0.0064674 0.00638931 -0.000673638 -0.00490074 -0.00270725 -0.00784939 -0.00771557 -0.00353653 -0.00270955 -0.00773782 0.00257139 -0.00332715 -0.0026766 0.00626289 0.00156926 -0.00736337 -0.00227263 -0.00092621 0.00103338 -0.000934022 0.00674941 -0.0036407 0.0022976 -0.00442334 0.00596048
304623 0.0022395 0.000508042 -0.0033761 0.00112019 0.0050457 -0.00371309 -0.00549314 0.00494322 0.00379437 -0.00286205 -0.00295726 0.00129913 -0.00625897 -0.00460262 0.00372231 0.0035887 -0.00191657 -0.00334624 0.00221618 -0.0060432 0.00733587 -0.00707311 -0.000876886 -0.00647718 0.00691436 0.00072342 -0.00398056 0.0048346 0.00103427 -0.00402124 0.00290361 -0.0013783 -0.00476677 0.00690047 -8.49157e-05 -0.00154098 0.00123143 -0.0068901 0.00159187 -0.00264798 -0.00414776 0.00672731 -0.00565259 -0.00495565 0.00659813 -0.00176701 -0.00490481 -0.000769168 0.00567827 -0.00286736 0.00168742 -0.00239344 0.0042515 -0.00128772 0.0046856 -0.00535563 -0.00307231 0.00602307 0.00351444 -0.00490948 0.00769234 -0.0044287 -0.00694585 -0.0039222
335395 -0.00291034 0.00614059 0.00427381 -0.00464398 0.00660102 -0.00572935 -0.00655025 -0.00030229 0.00267589 -0.000991925 0.00695062 -0.00677605 0.000621111 -0.00570711 -0.00539894 0.00708304 -0.00755457 0.00318629 -0.00511468 -0.000806849 -0.00731681 0.0074703 0.00353837 -0.0015855 -0.00635277 -0.00640064 -0.00267395 0.00376799 0.00255638 -0.00375061 0.0044003 -0.00259669 -0.00229943 -0.00470143 0.0043408 0.00218226 -0.00600555 -0.00215463 0.00205634 -0.00657176 0.00656829 0.00323645 -0.00223716 0.00210543 -0.00575974 -0.00378142 -0.00738399 0.00254715 0.00760858 -0.00595093 0.00283276 -0.00284248 0.000918352 -0.00462719 0.00293404 0.00181361 -0.00015698 -0.00179977 0.00549135 0.00156798 0.00457705 -0.00351639 -0.00513629 0.00139543
336377 -0.00383997 -0.00176716 0.000243187 0.00538206 0.000330925 0.00508213 -0.005548 0.00641298 -0.000551224 -0.00272322 -0.00255728 0.00412846 0.00688553 0.0042448 -0.00733089 0.00762033 0.000268936 0.00714207 0.00470495 -0.00287294 -0.0035634 0.00466061 0.00780392 0.00099802 -0.00388336 0.00336981 -0.00114298 -0.00168943 0.002913 -0.0014987 -0.00206614 0.00602531 0.000882149 0.00329304 -0.00260258 -0.00136852 0.00153446 0.00529671 -0.002213 0.00354385 -0.00233126 0.00152206 -0.00479841 0.00457335 -0.00262737 0.00644255 -0.00412083 -0.00326633 0.00684738 -0.0027709 0.000836849 -0.00341368 -0.00522852 0.00275612 0.00500727 0.00763083 0.00372124 0.00384951 0.00061512 -0.00505638 0.00388002 0.00758219 -0.00201845 -0.00642681
203883 -0.00170296 -0.00566069 0.00661031 -0.00135154 0.00616469 0.00666434 0.00547626 -0.00393083 -0.00411888 0.000722884 0.00126642 0.000506162 0.00387712 -0.00567456 0.000914118 0.00642266 -0.00503284 -0.00711268 -0.00309114 0.00022225 -0.00252693 0.00744656 -0.00543554 0.00141697 0.00628737 0.00561937 -0.0075895 6.28202e-05 -0.000441579 0.00138628 -0.00760128 -0.00754929 -0.000236896 -0.00225146 -0.00276047 -0.00183004 -0.00696751 0.00529691 -0.00715033 -0.00528127 -0.00193061 0.00642625 -7.23105e-05 -0.00372589 0.00371713 -0.00589656 0.00402652 -0.00535485 0.00413527 0.00268131 0.00405411 0.00449552 0.00752266 -0.00699887 0.00519393 -0.00707422 -0.00333327 -0.00534289 -0.00755471 -0.00183293 -0.000851674 0.00773777 0.00749801 -0.000627832
305953 -0.00559826 0.0041164 0.00649531 -0.00261629 0.00484883 0.000526996 -0.00456023 -0.0057806 0.00168539 -0.00541787 -0.00362517 0.00365499 0.00679458 0.00420111 -0.00111012 -0.0032438 0.00477039 -0.000577869 0.00727969 -0.00261647 -0.00206863 -0.000310928 0.00104738 0.00787851 -0.00736214 -0.000614137 -0.00693125 -0.0031536 -0.0023252 -0.00455555 0.00449619 -0.00510408 -0.00298363 0.000132419 -0.00152654 0.00352423 -0.00788656 -0.0048635 -0.00104538 0.00426581 -0.00222342 -0.000595487 0.00186746 -0.00554481 -0.00694778 -0.00521794 -0.00736576 0.00148084 -0.00764214 -0.00132115 -0.00262739 0.00605843 0.00634085 -0.00722106 0.00555311 -0.00701444 0.00611319 -0.00302188 -0.00784437 -0.00460624 0.00740728 -0.000706658 0.00505479 0.00638519
309351 -0.00054441 -0.00158164 0.00605474 0.000229746 0.000725934 -0.00413401 0.00318987 0.0030946 0.00292659 0.00339997 0.000437054 -0.00450946 0.0069296 0.00283364 0.00540879 -0.00421198 0.00316696 -0.00444651 0.00142531 0.00128083 -0.0073141 0.00418862 -0.00618633 0.00456567 -0.00557113 0.00693043 -0.00705597 0.000395418 -0.00525144 -0.00503699 -0.00373933 -0.00275057 0.00336567 -0.0073856 0.00394995 -0.00612801 -0.000538098 -0.00371228 0.00463179 -0.000696168 -0.00484075 0.000818706 -0.00160613 -0.006802 6.10647e-05 0.00535054 -0.00773985 -0.00138182 0.00407262 -0.00313626 0.00501122 -0.0062433 -0.00270969 0.00583154 0.00030243 0.00416364 0.00395832 -0.00217981 0.00364615 -0.00572063 0.00623079 -0.00732965 -0.00482082 -0.00611916
274101 0.00400148 0.00247016 0.00419819 -0.00174251 0.00578424 -0.00586031 -0.00211216 0.0014012 -0.00637387 -0.00312542 0.00674875 -0.00262905 0.00383189 -0.00129602 -0.000135663 -0.00345189 0.00269556 0.00463167 -0.000821762 0.000608648 -0.000811363 0.00492758 -0.00526065 -0.000113249 -0.00445754 -0.00378655 0.00699821 -0.00147307 -0.00404237 0.00625291 1.64814e-05 0.00623651 0.00587659 -0.00308982 -0.00753921 0.00311113 0.0072625 0.00588276 0.00590708 0.00141457 -0.00460616 0.00779555 -0.00482038 -0.00610368 0.00434063 -0.00143577 -0.0059633 0.00709098 0.000507722 0.00112529 -0.00396026 -5.48328e-05 -0.00532889 -0.0037833 0.00709073 -0.00072737 0.00236892 -0.00727735 0.00655386 -0.00560597 -0.00271173 0.00571647 0.00673075 -0.00318113
336678 0.00715637 0.00261641 0.00714397 0.00577497 -0.00704527 0.00458431 0.00286245 0.0068512 0.00693226 -0.000925541 0.00135946 0.00713444 0.00461388 -0.00768805 0.000919819 0.000309467 -0.00758266 -0.00468063 -0.00254154 -0.0076828 -0.00334454 -0.00646448 0.00197077 -0.00615644 0.00381708 0.00502443 -0.00418758 0.00252533 -0.00140095 -0.00367785 -0.00674772 0.00563574 -0.000413418 -0.00472546 -0.00208664 -0.00505781 0.000298023 -0.00196934 0.00691414 -0.006742 -0.0032506 -0.00606966 0.00557899 0.00624943 -0.00637579 0.00231934 -0.00284576 -0.00722742 -0.00167274 0.00753212 -0.00523043 0.00168324 0.00439119 -0.00142336 0.00446463 0.00587654 0.00475454 -0.000242233 0.00463772 0.00339413 0.00513554 0.0019021 -0.002388 -0.00553036
330904 -8.22512e-05 -0.00708599 -0.00193151 -0.00190511 0.00563904 -0.00262575 0.00273725 -0.00171626 0.00544519 -0.00435266 -0.006334 -0.000957318 -0.006997 0.00739349 0.00388294 0.000476707 0.000523527 0.00672058 0.000577554 -0.00342609 0.0027532 0.000765406 0.00574195 -0.00539284 0.00339768 0.00136265 0.00591408 0.000653608 -0.00758972 0.00301467 -0.00720564 0.00245528 0.0028147 -0.00640087 -0.000638278 0.00312543 0.00239868 0.00158104 0.0037523 -0.00348205 0.0046794 0.00314303 0.00365788 0.000601094 -0.00537132 0.00538252 -0.00709819 0.00769381 0.00616045 0.00436985 0.00153026 -0.000203499 -0.00626457 -0.00707267 -0.00539237 -0.00310671 0.00724838 -0.00130396 -0.00651138 0.00528381 -0.000138136 -0.000786199 -0.00367915 0.0058417
332110 -0.00324711 0.00657202 -0.00103541 0.00523508 0.00111243 -0.00261705 0.00535017 -0.00658108 0.00665874 -0.00475516 0.000811299 0.00213389 0.00743889 -0.002391 -0.00393053 -0.00177952 0.000489332 0.00754691 0.00527068 -0.0054136 -0.00358527 0.00264172 0.00424534 0.00234024 0.0019255 0.00756782 -0.00221069 0.00434077 0.00599808 -0.00653656 0.00752884 -0.00406323 -0.00505799 0.00553592 -0.000667228 0.00696154 -0.00175142 0.00626222 0.00041895 -0.00613309 0.00151498 -0.00662808 0.00275795 0.00209014 -0.00502895 0.00430918 -0.0039889 0.0022838 -0.00644088 0.00332845 -0.00643311 0.00277519 8.0796e-05 -0.00171896 0.0029261 -0.000141185 -0.00204679 -0.00762732 -0.00772261 0.00764735 0.0062429 -0.00779698 0.00781762 -0.00503815
145307 0.00440915 0.00646192 -0.00718979 0.00249785 0.00718292 0.00608266 -0.00487251 0.00229092 0.00452172 -0.0011586 0.00101139 0.00632992 0.000387869 0.00243169 0.00401919 0.00257948 0.00484564 0.00557195 0.00040087 0.00656277 -0.00444644 -0.00136609 0.00333813 -0.00625079 -0.000703638 0.00695698 0.00238965 0.00141189 -0.00232535 0.00526466 0.00721698 -0.00683205 -0.00561983 0.0055782 -0.00738292 -0.00659853 -0.00398324 -0.00608921 -0.00687252 0.00695775 -0.00694813 -0.00703058 -0.0073371 -0.00325745 0.00575801 0.00345461 -0.00221708 -0.00281894 0.000431088 -0.00741502 0.00268462 -0.00437907 0.00625435 -0.00543046 0.000176127 0.00327577 0.00393172 0.00706362 -0.00331398 -0.00540949 -0.00567064 -0.0010196 -0.00209345 -0.0038105
335173 0.00611944 -0.00552914 0.00169016 0.00424797 -0.00326592 0.0014152 -0.00431275 -0.00418463 0.000842407 -0.00044704 -0.00432914 -0.00616574 -0.00534923 0.00677656 -0.000597258 -0.000924533 0.00275484 0.000722341 -0.00175482 -0.00195791 -0.0053348 -0.003947 0.00126873 0.000427965 0.00319716 0.00641416 -0.00418227 0.00347216 -0.00387326 0.0056855 0.000756053 -0.00669379 -0.00388284 0.00746104 -0.00275188 0.00426564 -0.00397017 0.0011986 0.00145594 0.00279037 -0.00731439 0.00678383 0.00237883 -0.00593549 -0.000995433 -0.000652155 -0.00267452 0.00535357 -0.00368165 -0.000444986 0.00602845 0.00259575 0.00276885 0.00077757 -0.00374245 0.00342114 -0.00209039 -0.00116342 -0.00538468 0.00484326 0.00449575 -0.00152401 0.00299741 0.00487444
125708 -0.00714655 -0.00400219 -0.00695274 0.00138363 -0.00249166 0.000424404 0.00711069 -0.000500079 0.00532887 -0.00166904 -0.00577284 0.00150598 0.0053144 0.00313663 -0.0068476 -0.00332384 0.00664732 0.000827546 0.00324158 0.00493957 -0.00405808 -0.00558527 0.00398811 -0.000968072 -0.00215408 0.00497878 -0.00678488 -0.00143239 0.00670923 0.00105657 0.0049018 0.00355718 0.00278802 0.00138364 -0.00756329 -0.00481132 0.00639708 -0.00575714 0.00614482 0.00319053 0.00623032 0.000483203 0.00595848 -0.00421414 0.00138763 -0.00359701 0.00163932 0.000680787 0.00560131 -0.0031678 0.00425382 -0.00701898 0.00366532 -0.00311623 -0.00673005 0.0045673 0.00683683 -0.0059767 -0.00267345 0.00704385 0.00679844 -0.00684672 0.00453518 -0.00716404
335532 -0.0051574 -0.00266828 0.00448906 -0.00723561 -0.00193966 -0.00312277 0.0058038 -5.15371e-05 0.00400588 0.00384415 -0.00156181 -0.00434661 -0.00759699 0.0078105 0.00385111 -0.00321654 0.00573999 0.00592627 -0.00327942 -0.00721044 -0.00594281 0.000887049 -0.00619289 0.00541387 0.00638021 -0.00645036 0.00221239 -0.00210413 -0.00478977 0.00536454 -0.00287055 0.00729915 -0.00605634 0.000791418 -0.00361445 -0.00748396 -0.00376521 -0.0056454 -0.00476827 0.00630076 0.000342207 -0.00535641 0.00112861 -0.00434232 0.000530998 0.00679588 -0.00590299 -0.00407659 -0.00232028 -0.00404406 0.00559756 0.00667492 -0.000516558 0.00198239 0.00102347 0.00265067 0.00324817 -0.00456784 -0.00714185 -0.00713636 -0.00527233 -0.00679685 0.00731478 0.00247848
279156 0.00311087 -0.007494 0.00343233 0.00045498 -0.00512335 0.00768351 -0.00778988 0.00721137 0.00657554 0.00154423 0.00172821 -0.00226597 0.00236813 -0.00234332 -0.00452613 -0.007481 -0.0030999 -0.00758273 -0.00158217 -0.00263222 0.0067747 -0.000510556 -0.00742434 -0.00357033 -0.00244523 0.00270671 0.00655716 0.00534346 -0.00156292 -0.00608614 -0.00573297 -0.00387427 0.00346866 -0.00381696 0.00368787 -0.00133122 0.00498441 -0.00128172 -0.00353975 0.00255744 -0.00380204 0.00196324 -0.00658088 -0.00449493 0.00757683 0.00355091 -0.00269537 -0.00363642 -0.00309198 0.00100932 -0.00484764 -0.00249354 0.00422512 -0.00410503 0.00588428 0.00218012 -0.00110713 -0.00166307 -0.00766461 -0.0065078 0.000889201 0.00104655 -0.00683649 0.00556783
334053 0.000921411 -0.000750176 -0.0037327 0.00769319 0.0077765 -0.00473401 0.00530979 0.00773574 -0.000840541 0.000125101 0.0058146 0.00545295 -0.00445242 0.00442093 0.00228519 0.000828232 0.000528064 0.00723957 0.00524829 -0.000103148 -0.00267922 -0.00258122 -0.0017703 0.00350326 -0.00535379 0.00779823 -0.00177166 0.000953427 -0.00194903 -0.00377055 0.00518602 0.00047959 -0.00489723 0.000979116 0.00125721 -0.00706042 0.00163946 -0.00280938 -0.00196802 0.00592353 0.00749773 -0.00402925 -0.00400509 0.00467896 -0.00556018 -0.00101171 -0.00521107 -0.000857825 0.00411498 -0.00765251 -0.00311281 0.00511835 -0.00708107 -0.00230685 0.00217534 -0.000753299 -0.00264043 0.00544653 -0.000548928 0.000660808 0.00311291 -0.00441547 -0.00185828 -0.00266865
92740 -0.00509624 -0.00411121 -0.00273568 0.00532313 0.00197456 -0.00771713 -0.00164913 -0.00413237 0.00709838 0.000546556 0.004408 -0.00689349 0.00242186 0.00517469 0.00387655 -0.000552808 -0.00216064 -0.00438766 0.00595435 0.0050378 -0.000698797 -0.00587213 0.00123618 0.00336792 -0.00254269 -0.00771996 -0.00767334 0.00407133 -0.00069484 0.00312347 -0.000352547 -0.00384326 0.00288197 0.00550978 -0.000507606 -0.00636298 -0.0055861 0.00291561 -0.00379083 0.00679338 -0.00699756 0.00497012 -0.00123189 -0.00632752 0.00356334 -0.00264178 -0.00652644 -0.00618889 -0.00332958 0.0050991 -0.0042837 -0.00092164 -0.00492971 0.0029345 0.00753592 -0.00194241 -0.00531447 -0.00367444 -0.00582833 -0.00136732 0.00269753 -0.00504975 0.00382071 -0.00331911
94374 -0.000400697 -1.60593e-05 -0.00273242 0.0077582 -0.00266043 -0.00761857 -0.0051555 0.00509724 0.000867549 -0.00403845 -0.000938814 0.00537423 -0.00102383 0.000294814 0.00325783 0.00513327 -0.0063907 0.00439107 -0.00275999 -0.00611758 0.0071249 -0.00302369 -0.000356435 -0.00370946 -0.00198004 -0.00579862 -0.00366118 -0.0051497 -0.000435257 -0.00250996 0.00221251 -0.00195873 0.00616949 0.00774681 0.000911419 -0.00443027 -0.000742613 0.00558124 -0.0050312 0.00344479 -0.00255371 0.00262578 -0.000595987 0.00323995 0.00689096 -0.0047812 -0.0076034 -0.00672396 0.00662417 0.00405145 0.000117001 0.00350496 0.00133523 -0.000611245 0.000509854 -0.00509529 -0.00544617 0.00511906 -0.00436797 -0.00513893 -0.00680119 -0.00632319 -0.000421622 -0.00108037
101679 0.00607158 0.00568982 -0.00512238 0.00593543 0.00588538 -0.00300098 -0.00509123 -0.00149881 0.00564703 0.00288712 -0.000842367 0.000970433 0.000125781 -0.00191755 -0.00434315 -0.00428224 0.000364134 -0.00550756 -0.000745312 0.00235003 0.00748384 0.00549497 -0.000546031 0.00594472 -0.00382311 -0.00306857 -0.00580039 -0.00746113 0.00403324 0.00125268 -0.00172984 -0.00247575 0.00771111 -0.0021036 0.000229253 0.0013699 -0.00693157 0.00274635 0.00611384 0.00196722 -0.00468208 0.00155918 0.00329576 0.00379511 -8.50069e-05 -0.00302843 -0.00145383 0.00258566 -0.00421739 -0.00682797 -0.0049865 0.00345761 -0.00555048 -0.00167658 -0.00111842 -0.0060422 -0.00703656 -0.00436028 -0.000477321 0.00472045 0.00712928 -0.00573908 -0.00184772 0.0071579
9206 -0.00247196 -0.000674475 -0.00343107 -0.00142129 0.000652454 -0.000251996 0.00642482 -0.00613883 0.00777375 -0.00112465 0.00626584 -0.00678749 -0.002489 -0.00094923 -0.0002859 0.00359277 0.00728656 -0.00280986 -0.00701943 -0.0040875 -0.00509137 -0.00441082 -0.00122504 0.00115492 -0.000362606 0.00724102 -0.00666651 -0.00700385 -0.00542598 -0.00276397 -0.00325609 -0.00614387 0.00245638 0.00520363 3.27902e-06 0.00594748 0.0074248 -0.000292378 0.0024085 0.000552164 0.000121893 0.00657059 -0.00753809 0.00482795 0.00147341 -0.000807826 -0.0045981 0.00348241 -0.00379527 -0.000376671 0.00433915 0.00743514 -0.00375862 0.00293842 -0.00324269 0.00697174 -0.00638468 0.00206662 -0.00620821 0.00447644 0.00680029 0.00682998 0.004608 0.00117518
224019 -0.00370282 0.00620524 0.000911569 -0.00771933 -0.00631733 0.00208302 -0.00176727 0.00114316 0.00112018 0.000522387 -0.00152775 0.00340847 0.00606965 -0.00422742 -0.00499381 0.00652405 -0.00444452 0.00456971 -0.00140632 -0.00514012 0.00287406 -0.00192835 0.00356076 0.00576281 -0.00739528 -0.00710878 -0.00664706 -0.000165489 0.00759273 0.00743346 -0.0013185 -0.00590888 -0.00674709 0.00429089 -0.00507407 -0.00372013 0.00362115 -0.00594638 -0.00436909 0.00536361 0.00196257 -0.000852876 0.00370748 -0.00761539 0.00706781 0.0061963 0.00550593 0.000958103 0.000859314 -0.00384568 -0.00245304 0.000540862 0.00506705 -0.00664453 -0.00373857 0.00701582 -0.00751997 0.00381108 0.00534493 -0.00613183 -0.00653047 0.00256245 0.000362245 -0.000336377
156190 0.00124632 -0.00300061 -0.00124866 0.0013983 0.00481238 -0.00243405 -0.00611349 0.00693775 0.0031206 0.000904978 -0.00702443 -0.00196272 0.00173105 0.00438198 0.000190316 0.00571183 0.00121411 0.000982237 -0.00290373 -0.0040294 -0.00538587 0.00460632 -0.00364332 0.00421424 -0.0016924 0.00757738 0.00167517 -0.00679278 -0.00637401 -0.000898203 -0.00265794 -0.00252744 0.0062456 -0.00685228 0.00318637 -0.00154398 -0.002421 0.00672114 0.00546027 -0.00101745 -0.00129556 -0.000246974 0.00337167 0.00719272 0.0043276 -0.0010935 -0.00324075 -0.00763943 -0.00499362 -0.00559251 -0.00140304 0.00692606 -0.00409781 0.00417198 0.00725067 0.00593891 -0.00670955 0.00382696 0.00644229 -0.00392513 0.00750667 0.0073482 0.00610712 -0.00202373
189991 0.00344849 -0.00289965 0.00435829 0.00124407 -0.000742912 0.00333405 -0.00653076 0.00552797 0.00776911 0.000976086 -0.000849247 -0.00166607 -0.000557899 0.00183868 -0.00516081 -0.00548553 0.00554514 -0.00575876 -0.00698328 0.00387192 0.00366306 -0.000946045 -0.00130939 0.00460768 0.00104761 0.00339985 0.00227451 -0.00757647 0.00477314 -0.00582886 -0.00619888 -0.00458813 -0.00263643 -0.00676584 0.00383425 -0.000441551 -0.0025382 0.00397253 -0.00322866 0.0031271 -0.00391006 0.00541306 -0.00309658 0.00411034 0.00431776 -0.00265789 0.00728655 -0.00159931 0.0028882 -0.00172472 -0.00756884 -0.00400972 -0.00162601 -0.000305176 0.000484943 -0.00777674 0.00764847 -0.002841 -0.00721884 -0.00483322 0.00339031 -0.00766897 0.00331497 -0.000756741
338926 0.00177089 -0.00723114 -0.00710735 0.00619004 -0.00312198 -0.00265617 0.00489142 -0.000867124 0.00124121 -0.0061047 0.00290447 0.00203636 0.00642617 0.00426446 -0.00240958 0.00538113 -0.00236479 -7.36873e-05 -0.0013876 -0.000287407 -0.00672149 0.00433384 -0.00688207 0.00713182 -0.00717006 0.00281012 0.00255438 -0.00670262 0.00720266 0.00677851 -0.00307373 0.00276422 -0.00718505 0.00256217 -0.000562695 -0.00559954 0.00361096 0.00680556 0.00486006 0.000424401 0.00759929 0.00536186 -0.00239166 -0.00742226 -0.00531549 -0.00196149 0.00498072 0.000727444 -0.00593653 0.00382442 0.00309701 0.00754964 0.00302439 -0.00106311 0.00149063 -0.00653743 -0.00757961 0.00235777 -0.000871051 -0.001308 0.00582369 -0.00101937 -0.00299702 -0.00118399
320721 0.00288752 -0.00628367 -0.00579078 0.00717735 -0.00596697 -0.00337501 -0.00299595 -0.00224462 -0.00685562 -0.00381081 -0.00203175 -0.000836257 0.0064133 0.0043266 0.00367117 0.000463217 0.00568351 -0.0054773 0.00271012 0.00369091 -0.00306319 0.0042874 0.00120405 0.00424681 0.00471263 0.00479438 0.00216081 -0.000535636 0.00611608 -0.00363791 0.00780305 -0.00467103 -0.00458829 -0.00423821 0.000295231 0.00119725 -0.00704459 -0.00292612 -0.00538729 -0.00309052 0.00768578 -0.00332855 -0.00464869 0.00555659 0.00214642 0.00541066 -0.00320902 0.00448896 -0.00719391 -0.000726148 -0.000109237 -0.00455162 -0.00737691 -0.00251427 -0.0033781 -0.00183157 0.0061041 -0.00109064 0.00553313 0.00636753 0.000563277 -0.00158927 -4.45141e-05 -0.000156278
333994 0.00566586 0.00204856 -0.000788428 0.00294708 -0.00484796 -0.00510871 -0.00676327 0.00345598 0.000943303 0.00104684 0.0016495 0.00302297 0.00650256 0.00243696 0.000511165 -0.00345877 0.00314454 -0.00626137 0.00211964 -0.00291422 -0.00642535 0.0061494 0.00543005 -0.00399591 -0.0024807 0.00047078 -0.00714354 0.00667799 -0.00109814 -0.00731297 0.00404603 0.0036939 5.14204e-05 0.0019608 -0.00657984 -0.000707405 -0.00297772 -0.0041794 0.00133976 0.00654029 -0.00565286 -0.000286923 0.0033028 0.00561322 -0.00131513 0.000271232 -0.00258783 0.00687117 -2.90625e-05 -0.0036845 0.00686395 -0.000650391 0.00467168 -0.00126326 -0.00419513 0.00250208 0.00539377 0.00530815 -7.29599e-05 -0.00547279 -0.003335 0.000975333 0.00150036 -0.00234764
188506 0.00114337 -0.00401888 0.00643369 8.90662e-05 -0.00355212 -0.00653745 -0.00619981 -0.00491898 0.00299345 -0.00616716 0.007539 0.00362045 0.00617768 0.00687336 -0.00112697 0.00260158 0.00255029 0.00526681 0.00122896 3.99413e-05 0.00104879 -0.00607038 -0.00387103 0.00624057 0.00236493 0.00453448 0.00548492 0.00297847 0.00641975 0.00200312 0.00233256 0.00347631 -0.00606439 -0.00412146 0.00465134 0.00687771 -0.00727566 0.000495796 0.00551888 0.00413729 0.00441331 -0.00397783 -0.00421876 -0.00550119 -0.00458529 0.00265028 -0.00183246 -0.00260076 -0.00716922 -0.00113091 -0.00663872 0.00443229 0.00621278 -0.00175703 0.00105238 -0.0048221 0.00200528 0.000910606 -0.00643261 -0.00592362 -0.00456454 -0.00669109 -0.00121613 -0.00464608
324858 0.00393127 -0.00680732 0.00675086 -0.00268972 0.00226471 0.00168783 0.00659315 0.00603574 0.00106755 -0.00122026 0.00159349 -0.00127881 -0.00316005 0.00253822 0.00183878 0.00429306 -0.00693021 -0.00216026 -0.00334355 -0.00627335 -0.00176246 0.00605784 0.00274572 0.0037886 -0.00436338 -0.00746367 0.000564031 -0.000149467 -0.0051499 0.00729133 -0.00407011 -0.0059863 0.00329543 0.00672822 0.00541295 0.00319589 -0.00398369 0.000860204 -0.00443419 0.00347546 0.00458139 0.00604128 0.00166967 -0.00274239 -0.00440932 -0.00645377 -0.0018044 0.00463694 0.00359841 0.00298426 -0.00102736 0.00357468 0.00350138 -0.000632582 0.00661579 0.00358156 -0.000321061 0.00442157 0.00567176 -0.00302441 0.00608814 0.00137592 -0.00316617 0.00403073
329113 0.00487109 0.00351384 -0.00128679 0.00122896 -0.00659165 0.00530077 0.000330274 -0.000731859 0.0047512 0.00134081 -0.00671974 -0.00606362 -0.00637821 -0.0024351 0.00452038 -0.0050936 0.00280157 -0.00513063 -0.00693979 -0.00157445 0.00305155 -0.00487264 -9.06212e-05 -0.00325277 -0.00722356 -0.00533155 -0.00660173 0.000901827 0.000672234 -0.000845111 0.00160491 -0.00202266 -0.000438929 -0.00655412 0.00587299 0.00653629 -0.000470461 -0.00555939 -0.00101176 -0.00482566 0.000557492 -0.00451757 -0.00489167 -3.01537e-05 -0.00539283 -0.00707514 0.00436283 0.00238613 -0.00602657 -0.00318237 -0.0069694 -0.00262659 -0.00507898 -0.00222794 -0.0011666 0.000663438 -0.00568124 -0.00483652 0.000603276 0.00297774 -0.00140683 -0.00374648 -0.00726624 -0.00470625
77695 0.00303555 -0.00253296 0.00446653 -0.00511551 0.00536585 -0.00204277 -0.00133562 -0.00723171 0.000305653 -0.00541306 -0.000307083 0.00263357 0.0035944 -0.00743675 -0.0055747 0.00692368 0.00526619 -0.00366449 0.00258636 -0.00472832 -0.00568581 -0.000276089 0.00142097 0.000934124 0.00151253 0.00213432 0.00695753 0.0019455 0.00561047 0.00741482 -0.00309134 -0.00100613 -0.00657129 0.000949383 -0.0069108 -0.00389481 0.00344133 0.00216103 0.004035 -0.00699234 0.00588131 0.000529766 0.00506544 -0.00348282 -0.00417757 -0.00270557 0.000222683 0.00356483 -0.00397539 -0.00781155 -0.000410557 -0.00554943 0.00225067 -0.00323868 0.00328875 -0.00166512 0.00533772 0.00738239 -0.00246572 0.00390768 -0.00226688 0.00385046 0.0071764 -0.00398874
62575 0.00503899 0.000471223 0.00695779 0.000533501 0.00333951 -0.00326214 0.00168756 -0.00354702 -0.00275794 -0.00489655 -0.00103794 -0.000838536 -0.00509444 -0.00429701 -0.00205942 0.00249252 -0.00267455 -0.00561042 -0.00150761 0.00450299 0.00560711 0.00371268 -0.00238123 -0.0068809 0.00602864 -0.00165504 -0.0060153 0.00664289 -0.00070987 0.00710133 -0.00146064 0.00410803 0.0032675 0.00383927 -0.00702524 0.00581113 0.000364705 0.00597054 0.00695769 0.00306392 -0.00504704 0.00261044 0.00574601 0.00419685 -0.00535467 -0.00459937 -0.00735554 -0.00234287 0.00277451 -0.00707804 0.0035955 -0.00450541 -0.00736634 0.00757337 0.00638119 0.000711355 -0.00257238 0.00491319 0.0078116 -0.000474359 0.0048063 -0.00470939 0.00602826 -0.00643286
339420 -0.00590611 -0.00119686 -0.00294065 0.00126553 0.00709772 -0.00480461 0.00161028 -0.00320625 -0.0025301 -0.00397539 -0.00734806 -0.00308037 0.0059557 0.00746965 0.00254202 -0.00166512 -0.000562668 0.00461864 -0.0068469 0.00730038 9.25064e-05 -0.00125694 0.00222921 0.00479269 -0.00166798 0.00566435 -0.00680304 -0.00488234 -0.00526381 -0.00324345 -0.000249863 -0.00312614 -0.00723076 6.19888e-05 -0.00755501 -0.000779152 0.00622845 -0.00442791 -0.0038743 -0.0076685 -0.00303459 0.0065155 -0.00521088 0.00123644 -0.00566292 -0.00054121 -0.00354242 -0.00243568 -0.000583649 -0.00493336 -0.00220299 -0.00661993 0.00355291 0.00232172 0.00229788 0.00413704 0.0055604 0.00617552 0.00363255 -0.00256538 -0.00225544 -0.00356674 -0.00574684 -0.00102568
264503 -0.00744456 0.00220957 0.00460714 0.00365026 -0.00244328 -0.00517525 -0.00140514 0.00387563 -0.0051273 -0.00163736 0.00576916 0.00145663 0.00485781 0.00487434 0.00337022 0.00357777 -0.00718207 0.00360718 0.00658782 -0.00738318 -0.00427405 -5.00884e-05 0.00557575 -0.00291505 -0.00606327 0.00753717 0.00414484 0.00234021 -0.00283666 -0.00167513 0.00162835 3.74158e-05 -0.00402428 -0.00450356 0.00184488 -0.00537739 -0.00207316 -0.00024735 -0.00103906 -0.00182876 0.00196527 -0.00629314 -0.00672835 0.00492739 0.00597461 -0.00180618 0.00288522 -0.00724017 -0.00539386 0.00250639 -0.00162113 0.00445085 0.00211477 -0.00777455 -0.00684113 -0.00292975 -0.00553804 0.00637287 -0.00363036 -0.00274138 -0.00657944 -0.00595899 0.000290024 -0.000249948
54492 -0.000715838 -0.00297241 0.00477745 0.00644622 -0.00545862 0.00487444 0.000475016 0.00413704 0.00695123 -0.00494547 -0.00703808 -0.00499882 -0.00116337 0.00401349 0.00342891 0.00366816 -0.00218998 0.00681652 0.00430364 0.00418968 0.00263734 -0.00107333 0.00589675 0.0014433 0.000471598 -0.00495334 0.00299808 -0.00719341 0.00399849 -0.00541456 -0.00256943 -0.00282892 -0.00775796 0.00380618 -0.00752847 0.00254328 0.0071181 -0.00742541 0.00385057 0.00320962 -0.0077417 0.000276044 -0.00110852 -0.00643939 0.00159895 0.00373376 -0.00456712 -0.0038554 0.00474115 -0.00428954 -0.00178463 0.00593055 -0.00551135 -0.00368839 0.00435348 0.00707 -0.000899037 -0.00729612 0.00515797 0.00662601 0.000987567 -0.00158683 -0.00216449 0.00673351
172030 0.00533432 -0.00709903 -0.00378043 0.000583561 -0.00552409 -0.0045532 0.00738634 0.00764215 -0.00358183 0.00285665 -0.00511184 -0.00129683 0.00277979 -0.00243855 -0.00198572 0.00768153 -0.00425165 0.00651911 0.00636324 -0.000278854 0.00745296 -0.00477125 -0.00660619 -0.00533996 0.0022207 -0.00150433 0.00498734 0.00141484 0.00482573 0.00759302 0.00380754 -0.00466124 -4.47416e-05 -0.000483264 0.00588608 -0.00567331 -0.00505124 0.00282367 0.00699103 -0.00211352 0.00474093 0.00763854 0.00142979 4.1465e-05 -0.00772485 0.0048523 -0.00333371 -0.00279437 0.00724962 -0.00584439 -0.00221771 -0.00147175 -0.00526137 -0.0055338 0.00674486 0.00700706 -0.000161451 0.00719301 -0.00558748 -0.00607538 0.00609974 -0.00373206 -0.00031769 0.00758897
309304 -0.0060997 0.00748158 0.000990868 0.00044632 0.00158596 0.00719166 -0.00401831 0.000884056 -0.00368023 -0.000754356 -0.00254583 -0.00530815 -0.00731468 0.00153303 0.00568342 0.00119829 0.00696516 0.00268507 -0.00620413 0.00718689 0.00465775 -0.00385714 -0.00251675 -0.00741196 0.00677633 -0.00655174 0.00192404 -0.00723219 -0.00298309 0.00454044 -0.00152493 -0.00621557 -0.00154161 -0.00370169 -0.002244 -0.00391817 -0.00687742 0.0046134 -0.00332022 -0.00388765 0.00617695 0.00497723 -0.00144768 0.0026021 -0.00312853 -0.00187159 0.00568199 -0.00678635 0.002985 -0.00614023 0.00548029 0.00643444 -0.00663233 0.00578499 -0.00549746 -0.00680542 0.000363827 0.00578642 -0.0010848 -0.00194788 0.00232601 -0.00217819 -0.00479889 -0.00243282
237551 0.00300436 0.00355378 0.00210874 -0.00305794 -0.00328569 -0.00547042 -0.00238086 -0.00612619 0.000622791 0.000750165 -0.00559589 0.00422283 -0.000879787 -0.00701601 0.00608008 -0.00684023 -0.00284597 0.00304254 0.00237609 1.98021e-05 -0.00345797 0.00112546 -0.00711449 0.00323392 -0.001612 -0.00550242 -0.00658889 0.00174133 0.00145944 0.00740339 -0.00195419 -0.000461269 0.00616278 -1.66587e-05 -0.00592778 -0.00516504 -0.00590121 -0.00454672 0.000430627 0.0039026 0.0021318 0.00503984 -0.00427034 0.00291017 -0.00477882 0.00350931 -0.0018149 0.00490564 0.00052598 -0.00124172 0.00628934 -0.000949508 0.00443736 -0.00545567 0.000983664 0.00100458 -0.00330999 -0.000732273 -0.00127557 0.00301111 0.00655492 0.00552089 -0.00284159 -0.0045173
335237 0.000207681 -0.00129973 0.00601066 0.00445832 -0.000274963 -0.00196858 0.00451313 0.00436299 -0.00445117 0.000515575 0.00294458 -0.00619264 -0.00195605 0.0036494 0.00217763 0.000430335 0.00226492 0.00761395 -0.00247514 0.0062711 -0.00679156 0.00187705 -0.00658228 -0.00442018 0.000327319 -0.00715096 0.00241203 -0.00715634 -7.2608e-05 -0.000912509 -0.00417884 -0.00376405 0.00233518 -0.00706814 -0.00262802 0.001073 -0.00178296 -0.00365874 0.0066218 0.0039711 0.00620698 -0.0030335 0.00624403 -0.00514091 0.00625042 0.00195759 0.00451637 -0.00172095 0.000730655 0.0049405 -0.00702091 0.000547644 0.00286145 -0.00460673 0.00482016 -0.00449621 -0.00750821 0.00614269 -0.00263851 0.000737747 -0.00336524 -0.00166181 -0.00507526 -0.00337442
242585 -0.00777889 0.00265554 -0.00436343 -0.00164856 0.00700731 0.00345803 0.00117966 -0.00449123 0.00633191 -0.000467015 0.00116918 0.000235828 0.00442241 -0.00514611 0.00484873 0.000740576 0.00358893 -0.00712955 -0.000671113 -0.000739638 -0.00308535 -0.00219486 0.00491754 -0.00675326 -0.00315076 0.00309903 -0.00259046 0.00103731 -0.00238343 0.00143826 -0.00715515 0.00652054 0.0055113 -0.00334856 0.00233147 0.00176809 -0.00197387 0.00472815 -0.00425473 0.00234715 -0.00713534 -0.00651084 0.00428852 -0.00429551 -0.00585926 -0.0021991 0.000366873 -0.00590041 -0.00341021 0.000554013 -0.00262046 -0.00402769 0.00268525 0.00390324 -0.00768314 -0.00360473 -0.000588821 0.00582383 0.00615922 0.00661117 0.00518609 -0.00572541 0.00125231 0.00414474
332384 -0.00650647 0.00171072 -0.00685458 -0.00714925 0.00728774 0.0045591 -0.00447501 0.00074473 0.00345461 0.0066447 0.00619905 0.00579483 -0.00581898 -0.00169673 0.00144634 -0.0047234 0.00593717 0.00575105 0.00444066 0.00706598 0.00217909 -0.00383161 -0.00571525 -0.00351033 -0.00442403 0.000905133 0.00133914 0.00655439 0.00759241 -0.00257286 -0.00201946 -0.00156436 -0.00508993 -0.00651552 -0.00411897 0.00756147 -0.00617633 -0.00525322 0.00310588 -0.0026915 0.00681707 -0.000620906 0.0032076 -0.000631371 -0.0066131 0.00323163 0.000524007 0.00531334 0.00456824 -0.00254688 -0.00342631 -0.00609209 -0.00558656 -0.00783852 0.0047205 0.000107981 0.00568713 0.00131363 -0.00270715 -0.00315996 -0.00563108 0.00353137 0.00561926 -0.002175
143108 -0.00480555 0.0055802 -0.00291048 -0.00523835 -0.00323399 0.00246749 0.00322818 -0.00136578 -0.00337157 0.00678534 -0.00363423 0.000174293 -0.00211975 0.00683209 0.0028681 -0.00691289 0.00606669 0.00700742 0.00185983 0.00302787 -0.00434898 -0.00326498 -0.00110477 -0.00234613 -0.00362524 0.000563463 -0.00174087 -0.00283945 0.00376281 -0.00667106 -0.00323742 -0.00544862 0.00465441 0.00488803 0.00403814 0.0051495 -0.00616108 -0.00475895 -0.00637573 -0.00512249 0.0069674 -0.00379497 -0.00730566 0.00754681 -0.000503335 0.00700783 -0.00388627 0.00559617 0.00199954 -0.00075388 0.00690358 -0.00509958 0.0077794 0.00277088 -0.00296321 -0.00509548 0.0068421 0.00316933 -0.00208022 0.00256893 -0.00306719 -0.00256755 0.00486102 -0.00372698
172124 -0.00391531 0.000603676 -0.00166702 0.00261688 -0.00446177 0.00672865 0.000975609 0.00712585 0.0032115 -0.00653362 0.00425768 -0.002985 0.00714159 0.00506306 -0.00353479 -0.00470638 -0.00678015 -0.00324917 0.00373697 -0.000433445 0.00305939 0.00651598 0.00106955 -0.00301313 0.00689507 -0.0064187 -0.00447416 0.000171661 -0.000768661 0.00327539 -0.00203228 -0.00577593 -0.00161076 -0.00235605 -0.00194693 0.00530148 -0.00170326 -0.00415707 0.00255489 -0.00662374 0.00679064 0.00429726 0.00175333 -0.00161743 3.19481e-05 0.00566769 0.00207901 -0.00761223 0.00542641 0.00222921 0.00538349 0.00761032 0.00202179 0.00770521 -0.00511169 -0.00707436 0.00703001 -0.00121117 -0.00430298 -7.15256e-05 0.00619125 0.00164223 0.00428391 -0.00505495
339836 0.00288315 -0.00354 -0.00451401 0.0074344 -5.06613e-05 0.00304408 0.0045225 0.0049318 0.00157589 -0.00120258 -0.0075769 0.00184704 0.00566193 0.00130816 -0.00691783 -0.00470348 -0.00449417 -0.00168479 -0.00105072 0.00128535 -0.00460704 -0.00618181 0.00683881 0.00253942 -0.00426223 -0.00551323 -0.00724924 0.00355756 -0.000830874 0.00237332 0.00265803 0.0044397 -0.00546682 -0.00678693 0.0038628 -0.00507221 -0.000224645 -0.00591739 -0.0052244 -0.00115922 -0.00367657 0.0051434 0.00459586 0.00490203 0.00609857 0.0035769 -0.00600226 0.00204169 0.00777664 -0.00541125 -0.00736703 0.00149704 0.00679329 0.00259207 0.000293636 -0.00179444 0.00210498 -0.00110784 0.00203554 0.00429501 -0.00772539 0.00303215 0.000944746 -0.00300986
176408 -0.00115791 -0.00483571 -0.00504279 -0.00768765 -0.0013876 0.000673539 0.00604585 -0.00577813 -0.0064541 0.000224139 -0.00630832 -0.00323731 0.00057683 -0.00393262 -0.0042734 -0.00566344 0.00210166 -0.00388637 -0.000135879 0.00501143 -0.00148992 -0.00281463 -0.00133307 -0.00116863 0.00183576 -0.00553967 -0.00259364 0.00305162 0.000990352 0.00468535 0.00420495 -0.00680025 0.00370375 0.00523145 -0.00721238 0.000164296 -0.00138074 -0.00464697 0.00566438 -0.0060866 0.00483193 0.00356199 -0.00113946 0.00525807 0.00539573 -0.00275355 0.00230966 0.000446402 -0.00568037 0.00363119 -0.00734207 0.000568889 -0.00295831 0.00650535 0.00744926 0.00711594 -0.00425128 0.00625983 0.00483646 0.00761688 -0.00449159 -0.00384864 -0.000198265 -0.00236056
6863 0.00625581 0.00634716 -0.00457036 -0.0048813 0.00358058 0.0010412 0.00568518 0.000535114 0.00433651 -0.00123396 0.00185387 0.00302632 0.00698676 -0.00239734 -0.000361874 0.00133051 -0.00582293 -0.00214056 -0.0047042 -0.000325465 -0.0010387 0.000474531 -0.00180506 -0.00603084 -0.00625433 -0.00754269 -0.00664681 0.00228942 -0.00566839 0.000943848 0.00360506 -0.00122254 -0.00262722 -0.00735688 0.00640765 -0.00760476 0.00298658 -0.00285526 3.02626e-05 0.000333053 0.00668634 -0.00344741 0.00561148 0.00122055 -0.0066726 0.00672241 0.00257401 -0.00713076 0.00491072 0.00198108 0.00609789 0.00562279 0.00238257 -0.000693611 0.00274685 -0.00756172 -0.000458837 0.000492958 -0.000228155 -0.00598772 0.00170241 -0.000917855 -0.00199598 0.000141064
284600 -0.00724175 0.00073257 0.00330843 -0.00108103 0.00346665 -0.00222853 -0.00422701 -0.00514907 0.0045131 0.00313515 0.00274798 0.00276475 0.000702486 0.00634453 0.00781525 0.00188304 0.00779877 0.00353447 -0.0024437 -0.00228122 0.00684443 -0.00462694 0.00352194 0.0037467 -0.00523089 -0.004694 0.00374133 -0.00279653 0.00779162 0.00530755 -0.00589268 0.00481481 0.0018043 0.000362085 0.000404477 -0.00229835 -0.00244765 0.00481009 -0.00247115 0.000662396 -0.000227037 0.00468845 0.00691383 0.00221272 0.00438818 -0.00272024 -0.00602605 0.00777015 -0.00652148 0.00132007 -0.00561676 -0.00606973 -0.00219551 4.37727e-05 -0.00390081 -0.00259286 0.0016633 3.12514e-05 0.00597527 0.00221917 0.00425953 0.00640735 0.000549577 -0.00022076
176547 -0.00370514 0.00368015 0.0015843 -0.00532854 -0.00526769 -0.00770373 0.00758816 0.00273487 0.00367657 -0.00135585 0.0057901 0.00154888 -0.00326044 -0.000653298 -0.000171722 0.00502366 -0.0069971 0.00533072 -0.00451853 0.00379255 -0.00673688 -0.003046 0.00499605 0.00493039 0.00477548 0.00202914 -0.00312923 0.00692331 -0.000258988 -0.00724763 -0.00761841 0.00273015 0.00413553 0.00294376 0.000680462 0.00311085 0.00609012 0.000238491 -0.00560132 0.00102288 0.00546162 -0.00628722 -0.0074289 -0.00567727 0.00282554 0.004531 -0.000909908 0.00334109 -8.90712e-05 0.00554386 0.0050275 -0.00258278 -0.00275359 0.0042958 0.0051908 -0.00511134 -0.00196587 -1.99429e-05 0.00353393 0.000715405 0.00446396 0.00491304 0.00461282 -0.000319514
116809 6.30832e-05 0.00147801 -0.00326079 -0.00324366 -0.00276234 -0.00611778 0.00218444 -0.00486634 0.00365314 -0.00588604 -0.00307516 -0.00283941 0.00227724 -0.00735329 -0.00564675 -0.00370667 0.00137629 0.00317718 0.00140382 -0.000968583 -0.000483232 -0.00309902 0.00072362 -0.00221535 0.000170459 0.00375537 -0.00417553 -0.00390549 -0.00116956 -0.00686967 0.00734518 0.00738449 -0.000674094 -0.00160541 -0.00577771 0.0035073 -0.00228061 0.00442384 -0.00544207 -0.000305018 0.00599987 -0.000297485 0.00708365 0.00265055 0.00751303 -0.00622758 0.00137244 -0.00745192 -0.00616566 -0.00493565 -0.000473025 -0.0066663 0.0069677 -0.000170962 -0.00703023 -0.00321593 -0.00761011 0.00323011 -0.00406355 -0.0029256 -0.00409233 0.00480799 -0.000489186 -0.00475017
319551 -0.00482663 0.00387933 0.00298802 -0.00390774 0.0073711 0.00393429 -0.00474048 -0.00235328 -0.00161064 0.00602695 0.00109639 -0.0048074 0.00105555 -0.00542742 0.00221797 0.000306096 -0.00140248 0.00488962 0.00416652 0.00364819 -0.00332146 -0.0052783 -0.00333729 0.00589139 -0.00361926 -0.000495407 0.000157625 -0.000439247 -0.00535501 -0.00292383 -0.00680361 -0.00541351 0.00578226 -0.00742258 0.00697164 0.00148613 -0.0038096 -0.000781718 -0.00575534 0.00269143 0.00711889 0.00412836 -0.00650405 -0.00235527 -0.00175392 0.000657386 0.00776799 -0.00392592 -0.000556519 0.00504907 -0.00588956 -0.00195326 -0.00591876 -0.00216243 -0.00727218 0.00726971 -0.00370984 0.00489942 -0.00547768 0.00663366 -0.00454749 -0.00709432 -0.00193411 0.00514378
319141 -0.00388762 -0.00284018 -0.00447637 0.00706483 -0.00181138 0.000451297 -0.00525467 -0.00319234 0.00534556 -0.00367422 0.00426177 -0.00659591 0.000212825 0.00554028 -0.00480872 0.00265013 0.00502726 -0.00520395 0.000426947 -0.00114198 -0.00517855 -0.00231647 0.00660832 -0.00174533 0.00111787 -0.00391175 0.0016799 -0.0024639 0.000216416 0.00315144 0.00566097 -0.00519149 0.00285841 -0.000875743 -0.00542019 0.00754255 0.0018583 0.00564869 -0.00257843 -0.00733608 0.00665928 -0.00382112 -0.00369164 0.00441418 -0.00601699 0.00606123 0.00173516 -0.00440788 0.00197929 0.000297563 -0.00285728 0.00442058 -0.00396357 0.0017193 -0.00129582 0.00698156 -0.00208498 -0.00773839 0.00281581 0.00565788 -0.00333088 -0.0049634 0.00523382 -0.00643813
325145 -0.00609422 0.00669495 0.00423052 0.00499262 -0.00272077 0.000531242 0.000700478 0.00258903 0.00286364 -0.00280745 0.000207152 -0.00260353 -0.000847329 0.00257723 -0.000280785 -0.00329519 0.00191194 -0.00370244 -0.00526729 0.00483637 -0.00373428 0.00525846 0.00522427 -0.00146664 -0.00142388 -0.00752052 1.79897e-05 -0.00635201 0.00517596 0.00193678 -0.00102183 -0.000519611 -0.00671235 -0.00741359 -0.0013409 -0.00689143 0.0071983 0.00557179 0.000329267 0.00697973 -0.00520406 0.00414672 0.00528197 -0.00664975 0.00572287 -0.00122014 0.0058568 -0.00382237 -0.00556435 0.00022933 -0.00642974 -0.00247961 -0.00442824 0.00701683 -0.00267062 4.96452e-05 -0.00687431 0.0072046 0.000841756 -0.00609029 0.000790352 -0.00199923 0.00251585 -0.00523265
341105 0.00306508 0.00312022 0.00429521 0.0042077 -0.00666514 -0.00225622 0.00543482 0.00155198 -0.00723456 0.00176606 0.00605306 0.00494584 0.00503883 0.00178972 0.00320588 -0.000739311 -0.00595133 -0.00624783 -0.000686931 0.00282322 -0.00457988 -0.00650625 0.00628582 0.0069186 -0.00358304 -0.0044981 0.00255723 -0.00066721 0.00686762 0.00767557 -0.00239658 -0.0077948 0.00333213 0.00227645 0.00606835 -0.000149042 -0.00302862 0.00435756 0.00691516 -0.00302309 0.000591256 0.00165088 0.00255404 0.00523722 0.00553044 0.00653422 0.00361605 -0.00485209 -0.00673851 0.00100899 0.00743567 0.00152953 -0.00113618 0.00150668 -0.00154889 -0.00157257 0.00138627 0.00582269 0.00777795 -0.00550413 0.0013673 -0.00364554 -0.00504625 0.00420161
301928 -0.000952244 -0.00375223 -0.00565481 -0.00427341 -0.00161648 -0.00643301 -0.00662518 0.00364161 0.000254154 -0.00464344 -3.19481e-05 0.00596333 0.0015645 -0.00420761 0.000855923 0.00372362 -0.00607061 -0.00508308 0.0030756 -0.00264072 -0.00531292 -0.00684118 0.00014925 0.000201702 -0.00549364 0.00413179 -0.00671768 0.00261593 -0.00507307 -0.00461435 0.00264645 -0.00432062 0.00449181 0.00270557 -0.0040102 -0.000772953 -0.00507116 -0.000488758 -0.00224257 2.00272e-05 -0.00146341 0.00133181 -0.00652981 -0.00513411 0.00449419 0.00252533 0.0019207 -0.00242615 0.0071125 0.00647497 -0.00757027 0.00144672 0.00437784 -0.00357342 0.00409937 0.0061965 0.00292873 -0.0011735 0.00368452 0.0072298 -0.000307083 -0.00742435 -0.00473785 -0.00630617
13888 -0.00367355 0.00355482 -0.00355244 -0.00614786 0.00105143 -0.00278187 0.00371981 -0.00456524 -0.00408506 0.00235367 -0.000906467 -0.00172377 -0.00406075 0.000684738 -0.00429726 -0.00436068 0.00631046 -0.000211239 0.002666 0.000914574 0.0040741 -0.00411892 0.000540733 -0.00578785 0.000488758 -0.00606251 -0.00476122 -0.000703335 -0.00200033 -0.00516891 0.00733328 -0.00650406 0.00736904 0.00758123 0.00213766 0.00166321 0.00141239 -0.00361109 -0.00752592 -0.00129843 0.00213575 -0.00756264 0.00702238 0.00297737 0.00584888 -0.00112772 -8.67844e-05 0.00075531 0.0055418 -0.00292921 0.00382805 0.00585985 0.00260782 -0.00488186 -0.00709724 0.00406981 0.00157166 0.00471973 0.00768948 -0.00730276 0.00490475 -0.00316143 -0.00714779 0.0054884
108727 0.00158978 0.00355005 -0.00639868 0.00516939 -0.00223684 -0.00548267 0.00529194 0.00252295 0.00497293 -0.0075469 -0.00281191 0.00307465 0.00313759 -0.00651693 -0.00142717 -0.000357628 -0.00314713 0.000514507 0.00257969 0.00245523 -0.00535059 0.00115395 -0.00220156 -0.00302124 -0.00141001 -0.00484228 -0.00759649 -0.00698662 0.00567913 -0.00329828 -0.00288248 -0.00728941 -0.000888824 0.00708294 0.00362682 -0.00579596 -0.00668144 -0.00748587 0.00287819 -0.000886917 0.0014782 0.00325108 0.00176716 -4.76837e-07 0.00505877 -4.43459e-05 0.0045104 -0.00584221 -0.00280762 -0.00770569 -0.00466824 -0.000178814 0.00758505 -0.00682831 -0.00185108 -0.00384188 -0.00676584 0.00296831 -0.000132084 -0.00247574 0.00268459 -0.00405693 0.000488281 -0.00416136
316969 -0.0019018 -0.00186195 -0.00774615 -0.00281011 -0.00721571 -0.00528905 0.00601555 -0.00416053 -0.00203207 0.00565364 -0.00417711 0.00249026 -0.000951325 0.00590857 -0.00313243 0.00128946 0.00155164 -0.00292193 -0.000541716 -0.00121919 0.00776114 0.000663695 0.00568791 -0.00691925 -0.00352497 -0.00101895 -0.00782354 -0.00479746 -0.000263137 -0.000489951 -0.00349362 -0.00744892 0.00593583 -0.000758425 0.00299149 0.00293926 0.00222921 -0.0067918 0.00169696 -0.000522547 -0.00556908 0.00740351 0.00659963 -0.00456227 0.00540399 0.00232447 -0.000798727 0.00635351 -0.0014979 0.00384498 0.00658821 0.00748654 -0.00572623 -0.00602787 -0.00157067 -0.00558525 -0.00269379 -0.0035062 -0.000656055 -0.00199983 0.0021769 0.000104998 0.00755374 0.00696598
271081 -0.00752055 -0.0028959 0.00663728 0.00768498 -0.00189662 -0.000761805 0.00592646 0.000956523 0.000165545 -0.00394957 0.00430806 0.00215174 -0.00124255 -0.000690209 0.00139855 -0.00602905 0.00165962 -0.00278302 -0.00212286 -0.00550621 -0.0011729 -0.00616967 -0.00110695 0.00619404 -0.00602818 0.00437958 -0.00580242 -0.0061059 0.00103026 -0.0060874 0.00656808 9.7297e-05 -0.000622884 0.00548734 -0.00506087 -0.000693538 0.00506279 -0.00394568 0.0008071 0.00597238 0.00241459 0.00184947 -0.00422717 0.00652989 0.00229631 -0.00528418 0.00653459 -0.00453551 0.00249945 0.00431426 0.0069218 -0.00174142 -0.00774841 -0.0068882 -0.0041744 0.00290542 -0.00592541 -0.00405614 0.0018475 -0.00617797 0.00463042 -0.00388307 -0.00451882 -0.00490945
2695 -0.000697674 0.00232709 -0.00366077 0.00419294 0.00239302 0.00170879 -0.00264553 0.00440649 -0.00226442 0.00364292 -0.00696072 -0.000213797 -0.00629159 0.00545316 -0.000395736 -0.00550065 0.00193931 0.00094709 -0.00558145 0.00201458 -0.00642701 0.00365736 0.00684292 0.00525977 -0.00122454 0.00254899 0.00587294 0.000524294 0.00698369 -0.00590532 0.00491487 -0.00106763 0.00561235 -0.00742294 -0.00233926 -0.00629708 0.00212173 0.00633845 0.00412049 0.001131 0.00758367 0.00714484 -0.00190344 -0.00399525 -0.000971339 0.00496063 -0.00560047 0.00573635 -0.00559605 0.00543876 0.00470927 -0.00367061 0.00775812 -0.00606966 0.000177778 0.00234872 0.00294709 0.00426951 -0.00477638 -0.00740229 0.00361074 -0.00578221 0.000605598 0.00247322
292214 -0.00603781 -0.00770425 0.00682681 -0.00672498 0.00209333 0.00355819 -0.00398758 0.000600643 0.000258641 -0.00190467 0.00257586 0.000990385 -0.00110543 0.00132682 0.00227755 -0.00374046 -0.000694152 0.000416287 -0.00640023 -0.00527444 -0.00571556 -0.00167154 0.00419802 -0.00169154 -0.00494082 -0.00752831 -0.00447386 0.00308835 0.00713407 0.00635834 -0.00734878 -0.00389985 -0.00378942 -0.00239623 0.00584147 0.00445277 0.00156957 0.00600347 -0.00771111 0.00670622 7.13206e-05 0.00469125 0.00347791 -0.00330909 0.00671127 0.0061004 0.000936903 -0.00464447 -0.00158332 -0.00458213 0.000562759 0.00237567 -0.00770549 0.00767711 -0.00210646 -0.00312384 0.00421549 0.00093532 0.00645502 -0.00601849 0.000416079 -0.00321213 0.00441852 0.00100164
50491 0.00662581 0.000198121 -0.00225829 0.00489033 0.00138141 -0.00157238 -0.00582762 0.00729989 -0.00607812 0.00384441 0.00325112 0.00360187 0.00591674 0.00299387 -0.00318222 0.000414003 -0.00153168 -0.00444437 0.00777242 0.000591636 -0.00454395 0.000780044 0.0047605 0.00120733 0.00617983 -0.00339725 0.00182097 -0.00261723 -0.00103103 -0.00207336 -0.00574785 0.00647448 -0.00264478 0.00300295 0.00642402 -0.00485138 0.00376786 0.000326533 0.000441897 0.00527039 -0.00657427 -0.000651711 -0.00607274 0.0025544 -0.00274547 -0.00521622 -0.00598347 -0.00712431 -0.000201855 0.00162725 0.00284161 -0.00635055 -0.0010706 0.00649981 -0.00116644 -0.00161747 0.00165566 0.00447808 0.0077622 0.00557401 0.00413198 -0.00150738 -0.00373757 0.00160822
341758 -0.00300889 0.00450544 -0.00116213 -0.00126236 -0.00322891 0.00335437 0.00756182 0.00320023 0.0039981 0.00614324 0.00438356 -0.00252614 -0.00149733 0.00316899 -0.00587953 0.000390035 -0.00360821 -0.00578957 -0.00557533 -0.0069573 -0.000669932 -0.00517684 -0.00122656 0.00630908 0.000669902 -0.00171893 -0.00683131 0.00271896 0.00326578 0.00637901 -0.00484371 0.00591599 -0.00373623 -0.00107477 -0.00594548 -0.000292766 0.00118846 0.00251524 -0.00639268 0.00296733 -0.0066859 0.0037086 0.00618953 -0.000474782 -0.00252305 0.0065774 -0.00375786 0.00339617 0.00718846 -0.00334463 -0.00345268 0.00216542 -0.00521774 0.00152865 0.00505245 -0.00458529 0.0068659 -0.00565905 -0.00513387 -0.00425733 0.00048764 0.00163449 0.00459984 0.00738734
331108 -0.00472336 0.00716532 0.00104041 0.00490833 -0.00758584 -0.00366125 -0.00288316 0.00617822 0.000990187 -0.00179829 0.00760317 -0.00400762 -0.000633872 0.00228798 -0.00289343 -0.0026976 -0.00225069 -0.00369839 -0.00278463 0.000146927 0.00046211 0.00342802 0.000122369 -0.00179176 0.00183628 0.00433362 -0.00748365 -0.000781719 0.00180808 -0.00103825 0.00433299 -0.00649401 0.00344314 -0.00099607 0.00267207 -0.00268125 -0.00584468 0.0023109 0.00705198 -0.00196981 -0.00235506 0.00709776 0.00663176 -0.00286658 -0.00500807 0.00678308 0.00665668 -0.00707542 0.00565635 0.00775057 0.00563774 0.00510385 0.00174159 -0.00378859 -0.00489676 -0.000150019 -0.00776603 0.00464185 0.00254975 0.00342637 -0.00134644 0.000883031 0.00307133 -0.00185014
274375 -0.00751662 0.00223251 0.00292347 -0.00148364 0.000471608 -0.00557386 -0.00566353 -0.00511778 -0.00549869 -0.00339748 0.00659753 0.00478543 -0.00773737 -0.00709798 0.00105269 0.00025484 -0.000512987 -0.00589649 0.00492877 -0.00478628 0.00102426 -0.0051432 -0.00103961 0.000626863 -0.00614077 -0.00184083 -0.000345447 0.00628987 -0.000232488 -0.00231537 0.00709741 0.00773388 0.00606505 -0.00650664 -0.00447755 0.0062469 0.0065789 -0.00282879 0.00557961 -0.00346731 -0.00354726 0.00653941 0.000645315 -0.00294066 0.000847146 -0.000294972 0.00100973 -0.00217728 0.00398132 0.00764575 -0.000543888 0.00329368 0.00245403 0.00175252 0.00246609 0.000267428 0.000776249 -0.000736724 -0.00483347 -0.00305011 -0.000194816 -0.00141235 0.00456393 -0.00735258
294551 0.00320593 0.00733395 -0.00470606 -0.00582051 -0.00620013 0.0069396 0.00698764 0.00271685 0.00213205 -0.0056622 0.00298118 0.00612914 0.000171514 0.0068867 -0.00665125 -0.00531565 0.00635443 0.00295084 -0.00124787 0.0063297 -0.00436385 0.00747491 -0.00633782 -0.00197821 0.000137039 0.00206706 0.00610449 0.00386138 -0.00527977 0.000938915 -0.00325725 0.000788162 -0.000863156 -0.00403697 0.00660888 0.00579309 0.00736001 -0.00751962 -0.00666695 -0.00324253 0.00343056 0.00679087 0.00168194 -0.00669543 0.00268809 -0.00236509 -0.00606897 -0.00029388 0.00297757 -0.00762109 0.00210105 0.00500196 0.00317315 0.0058568 0.00545519 -0.00715896 0.00468416 -0.00340169 0.00761903 -0.000374135 -0.00242636 0.00509829 -0.00170473 0.00171342
163088 0.00277661 0.000887994 -0.00757531 -0.00171943 0.000205735 0.00399194 0.00398169 -0.00712784 0.00198501 -0.00751127 0.00605632 0.00545423 0.00660619 0.00546642 0.00043519 0.00534582 -0.000394285 -0.000391878 -0.00136341 0.0068138 0.0021108 -0.00589126 0.00562844 -0.00143021 0.00477752 -0.000469894 -0.00397088 -0.00420581 0.00734311 -0.000497578 0.00561534 -0.00453549 0.00102145 -0.00331472 -0.000756459 -0.00145686 0.00479078 0.00136501 -0.00232209 0.00474386 -0.00717312 0.00499748 -0.000570805 0.00300224 -0.00401812 0.00483157 -0.00753641 0.00374785 -0.00440924 -0.00295191 -0.00156477 -0.00447267 0.0022639 0.00416696 0.00634566 -0.0025894 0.000160983 0.00754939 0.00425467 -0.00454835 -0.0068014 0.00709695 -0.00286011 -0.00262808
337101 0.0057159 0.000446226 0.000777234 -0.00603476 -0.00737812 -0.00520052 -0.00674706 -0.00127278 -0.004034 -0.0002314 0.00177629 0.000573107 0.00318507 0.00481199 -0.00591745 0.00210447 -0.000419397 -0.00043047 0.00130752 -0.00655612 -0.000667104 -0.00678176 0.00179568 0.0023761 -0.00013308 -0.00265003 -0.00756136 -0.00653318 0.00387338 0.00749714 -0.00428222 0.00656459 0.0066961 -0.00635616 0.00729672 -0.00503004 -0.000896608 -0.00206346 0.00699535 0.0031186 -0.00612948 0.00598461 0.00721657 0.00446085 -0.000404844 0.00227772 -0.00433484 0.0072024 -0.00167866 0.00209853 -0.00314394 -0.00102268 0.00594132 2.19369e-05 -0.000721986 -0.00532764 0.00653951 0.00372321 0.00421561 0.00758762 -0.00417796 -0.000793812 0.00610367 0.00618414
307641 0.00308069 0.000161956 0.00327874 0.00351006 -0.00131995 -0.00348647 0.00603041 -0.00101605 -0.00623537 0.00149199 -0.000476561 -0.00294337 0.00490293 -0.00241801 0.000788807 -0.00603481 0.00333935 -0.00496405 -0.0043517 0.00215843 0.00515624 0.00427642 0.00376871 0.00190193 0.000856299 -0.00550019 -0.00510238 0.000516992 0.0051099 -5.10514e-05 -0.000658997 -0.00570695 0.0033236 -0.00729087 -0.00577146 -0.00229424 -0.00148137 -0.00468287 0.00186126 -0.00201481 -0.0033755 0.00675744 -0.000770626 -0.000707846 -0.00663709 -0.00563299 -0.00512362 -0.000489791 0.00413751 -0.00421156 -0.00201581 0.000356772 -0.00298618 0.00462945 0.00193596 0.00430934 0.00409848 -0.00428921 0.0031992 0.0045808 0.00675329 -0.000556516 0.00662886 -2.00089e-05
342118 -0.0062232 0.00194931 0.00646544 -0.00568771 0.00713778 0.00268936 0.00346708 -0.00418472 -0.00290918 0.00645018 0.000858784 -0.00733089 0.00330448 -0.000188828 -0.00773811 -0.00220728 -0.000235558 0.00161552 -0.00604439 -0.0016036 -0.00146055 0.0032897 -0.00603724 -0.00270033 -0.000171185 -0.0022397 -0.00477743 -0.00290823 -0.00711679 0.0066247 -0.00584126 0.00476694 0.0014534 0.00744247 -0.00623941 0.00166416 0.0033493 -0.00106573 0.00186682 0.00321865 -0.000981331 -0.00342989 0.00438881 -0.00290155 -0.00376463 -0.00678444 0.00479412 -0.00637913 -0.00170755 0.00543785 -0.00541687 -0.00736284 -0.00282717 0.00577354 -0.00704384 0.00702906 -0.00340414 0.00217772 0.00477743 -0.00610971 0.0039053 0.00245237 0.0037837 0.005404
338552 7.65679e-05 -9.0248e-05 -0.00673178 0.00424145 -0.00133397 -0.000824398 0.00120812 -0.000765209 -5.15595e-05 -5.45633e-05 -0.000490678 -0.00696143 -0.00225335 0.00417487 -0.00498237 0.0069107 0.00153466 -0.00423272 0.00066862 0.00246247 -0.00266509 0.00542453 -0.00592743 -0.00335321 -0.00343409 0.00616552 -0.00698067 0.00249733 0.00362252 0.00261246 -0.00315084 -0.00186621 0.00389967 -0.00313442 0.000683821 -0.00617229 0.00610852 0.00623198 0.00321647 -0.00635931 0.00673519 0.00372425 -0.00307356 -0.000532829 0.00358474 0.00322591 0.00111706 -0.00537861 0.00499557 0.00366514 0.00282248 0.00771011 0.00490787 -0.000979117 0.00558293 0.00696656 -0.0044071 0.00249721 0.00458692 0.00653255 0.00417939 -0.00502326 -0.00530958 -0.005656
66562 0.00523322 -0.004085 0.00140546 0.000780792 -0.00679613 -0.00483483 0.00718486 -0.00424798 0.00416337 0.00633371 -0.00297126 -0.00408047 -0.00460526 -0.00450904 -0.00359258 0.00692031 -0.00224909 -0.00684541 -0.00309119 -0.00447651 -0.00399988 0.00233569 0.0021731 0.000166684 -0.0012143 -0.00473468 -0.00430145 -0.00305445 0.00350557 0.00205752 0.00061633 0.00488131 0.0056194 0.00585029 0.00187078 0.00028456 0.00713762 0.00691773 -0.00570559 -0.00126441 0.00200878 0.0017973 0.00569525 0.000325808 0.00308408 0.00528146 -0.00141681 -0.000210979 -0.00614642 0.00214426 -0.00014125 0.00725919 -0.00489802 0.00336098 0.00282916 0.000412064 0.00487486 -0.000364508 0.00613974 0.00317241 0.00104173 0.00289728 -7.55749e-05 -0.00666909
342531 0.000315421 -0.000231696 -0.00175415 0.00610955 0.00278166 0.00775384 0.00586 -0.0046408 0.00371746 -0.00464224 0.00280717 0.00687235 -0.00438778 -0.00233043 0.00728599 0.00679851 0.000931123 0.00153665 0.00273018 -0.00220412 -0.00313245 -0.00650473 -0.00702289 0.000197582 0.00629766 -0.00473056 0.0028666 -0.00037213 -0.00227748 -0.00438404 0.00660544 0.000836915 -0.00623033 -0.0066579 0.00769073 -0.0075427 -0.00104553 -0.00141371 0.002524 -0.00661794 0.00625409 0.003477 0.00494548 0.00133116 0.00581917 0.00377705 0.00410758 -0.00141484 0.00473735 0.00476167 0.00192173 0.0075657 -0.00257314 -0.00122229 0.00236835 0.00711226 0.00472781 0.00425564 0.00514395 -0.000854823 -0.00412912 -0.00265354 0.00105706 0.00557023
306343 -0.000203874 -0.00225174 0.00590588 0.00335302 0.000389904 -0.000682038 0.00516736 0.000222969 0.000397775 0.00698581 0.00276622 -0.00756947 0.00555118 -0.00447662 -0.000559201 0.00776281 0.000184326 0.00520621 -0.000819135 0.00606081 -0.0056085 0.00182288 -0.00410396 -0.00298109 -0.00450793 -0.00258916 0.00632709 0.00641096 -0.000671571 -0.00255639 -0.00761499 0.000797649 -0.00546464 0.00426924 0.00499312 -0.0035756 -0.00245135 0.00213428 0.000652852 0.00705328 0.00164531 -0.00202604 -0.00769524 -0.0036816 -0.00064445 -0.00474156 0.00119536 0.00397786 0.00724481 0.00760427 0.00171252 0.00155653 0.00245427 0.0042934 -0.00160277 0.00777259 -0.0010674 0.00363342 0.0051426 0.0019672 -0.00226371 0.00414665 0.00306577 -0.00490083
282716 -0.00524173 -0.000418763 0.00722235 -0.000889888 -0.00195605 0.00255264 0.00505389 0.00470281 0.00378893 -0.00468638 0.00626469 0.00508421 -0.00663393 -0.00262347 -0.000692828 0.00315652 -0.00754796 -0.00356006 0.00643689 -0.00626212 0.00648475 -0.00446178 0.00119728 -0.00138967 -0.00248476 0.000610097 0.00563163 0.00525853 -0.00207718 -0.00183674 0.00597254 -0.0036953 -0.00485983 -0.00251662 0.00423999 -0.000767894 -0.00461596 -0.000461443 0.000496139 -0.00102104 -0.0059918 -0.00205508 0.00454647 0.00260647 -0.00506551 -0.000261583 -0.00321506 0.00528796 -0.00567635 -0.00113185 -6.18006e-05 0.00550651 -0.00707919 -0.000225618 -0.00699744 0.00646288 -0.00101135 -0.00714803 0.0017293 -0.00418257 -0.00758729 -0.00544006 0.0030434 -0.00366226
335876 -0.0003087 0.00719786 -0.00678551 0.00769304 0.000110301 -0.00465385 -0.00195551 -0.00460733 2.40011e-06 0.000459413 -0.000807378 -0.00424343 -0.00262362 0.00362702 -0.00568155 -0.00587296 -0.0019952 0.00629856 0.0053745 0.00439124 -0.00364096 -0.00239129 0.00719409 0.00523407 0.00442042 -0.00385834 -0.0074526 0.00767793 0.00654756 -0.00359074 -0.00635926 0.00210159 0.00614648 0.00246773 -0.00773948 -0.0043379 -0.00723058 -0.00401554 0.00610581 -0.00144846 -0.00339022 -0.00728961 -0.00763714 -0.00153074 -0.00432788 -0.00200863 0.00568424 -2.19292e-05 -0.00191489 0.00599587 0.00489289 -0.00317405 0.0063534 0.00425442 -0.00403908 -0.000438713 -0.00692814 0.00614011 -0.00150637 0.0037308 0.00453314 -0.00561434 0.00617856 0.00463047
25121 0.00567558 -0.000941994 -0.00637633 0.00444374 0.0028385 -0.00499487 -0.000423758 -0.00229688 -0.000996081 0.00740257 0.00667129 0.00114148 0.00149785 0.00692634 -0.00477933 0.00550276 -0.00171599 -0.00415575 0.000809126 -0.00410572 -0.00234872 0.00744879 0.00386147 -0.0064001 0.000336353 -0.00146829 -0.00184364 0.00157036 -0.000913622 -0.0016273 0.00345409 -0.00593919 -0.00106403 -0.00653976 -0.0050346 0.00416246 -0.00193962 0.00490219 -0.00215804 -0.00353395 -1.77964e-06 -0.00528037 -0.00752957 0.0011668 -0.00293521 -0.0052234 0.00328504 -0.00695778 -0.00400708 0.00136541 0.00148251 0.00718536 -0.00598079 -0.00216531 -0.00609923 0.00672596 -0.00722454 0.00716672 0.0068026 -0.0056082 0.0042291 0.00596796 -0.00641328 0.00742354
237608 -0.00412575 -0.00723724 -0.00067911 0.00373826 -0.00502603 -0.00507655 0.00214496 -0.00161443 0.00222424 -0.00602912 -0.00107806 0.00349576 -0.00284709 0.00774962 0.00510998 0.00698597 -0.00210473 -0.00376312 0.00475333 -0.00381905 0.00470039 0.00112938 0.00525393 -0.00477972 -0.00698728 -0.00102972 -0.0016673 -0.0014924 0.00429715 0.00258854 -0.00268888 0.00267846 -5.13169e-05 -1.06749e-05 -0.000600757 0.00377097 -0.00424475 0.00015186 -0.00443548 0.0063662 0.0016714 -0.0066093 0.00258463 0.00460952 0.00242393 0.00181102 0.00466685 -0.00257107 0.00437421 -0.0031298 -0.00177088 -0.00154155 -0.00639613 -0.000630235 -0.00354691 -0.00692802 0.00180975 -0.00102441 -0.00117925 0.00638221 0.00063762 -0.00730602 0.0018651 9.10117e-05
149023 -0.00734303 -0.00202484 -0.0067236 -0.0035117 0.0041208 -0.00340448 0.00584622 0.00744085 0.00368345 -0.00771162 0.000857325 -0.00721029 -0.000678295 -0.0011817 0.0035995 0.00773727 -0.00616249 -0.000452204 0.00611549 -0.00579544 0.00420769 -0.00619966 0.00167788 0.00253609 -0.00208745 -0.00343863 -0.00728604 0.00211493 -0.00392572 -0.000203887 0.00761139 0.00367073 -0.00378814 -0.00339082 0.000149612 -0.00282061 -0.00595426 -0.00515846 -0.00469628 0.00312197 0.00737884 0.00139046 -0.0031198 -0.00522137 0.00716322 -0.00756926 0.00102797 0.00263523 0.000651469 -0.00361299 -0.00442996 0.00260308 0.00342561 0.00450706 0.00577783 -0.00603445 0.000622273 -0.00774413 0.00155944 -0.00743559 -0.00500099 0.0038602 -0.00310842 0.0014919
210308 -0.00506346 0.00109607 -0.00238582 -0.00287577 0.00342019 -0.00633465 0.00268564 -0.00455247 0.00541918 -0.00456454 -0.00135946 -0.00202505 -0.000411831 -0.00403584 -0.00643623 -0.006821 0.00634467 0.0059317 0.00165243 0.00258539 0.00633268 -0.007372 0.00676409 -1.87406e-05 0.00698544 -0.00204725 0.00467625 -0.00757285 0.00314645 0.0041054 -0.00370568 -0.00365761 -0.00166537 -0.00313929 -0.000147605 -0.00505192 -0.00664509 -0.00536744 0.00120256 0.000776191 -0.000430148 0.00779596 0.00425317 -0.00308352 -0.00111028 -0.00554611 0.0069565 0.00583295 0.00135832 -0.00412479 0.00210433 -0.00327962 -0.00159687 0.000903629 0.000378585 0.00572637 -0.00735855 0.00546338 0.00285218 0.0075344 -0.00346855 0.00289785 -0.000927431 0.00673078
287445 -0.00634821 -0.00390773 -0.00469084 -0.00342074 0.00477057 0.00314412 -0.00688095 0.00409301 0.00114129 0.00445449 0.00138289 -0.00648818 -0.00272284 0.00773603 0.00164883 0.00365408 0.00116031 0.00730553 -0.00428089 -0.0055607 -0.00232814 -0.00272978 -0.00461758 -0.00426628 0.00456574 0.0023029 0.00215113 0.00458568 -0.00050293 0.00623004 -0.00424555 0.00335804 -0.00653063 0.00672006 -0.00689296 -0.000379654 0.00174154 -0.00325223 -0.00631966 0.00523589 -0.000706741 -0.00585451 -0.0010356 -0.00306134 0.00436022 -0.0034951 -0.00168338 -0.00342078 -0.000580396 -0.000665276 0.00258814 -0.00268424 -0.00745319 -0.000132083 -0.00197179 0.00115696 0.00540855 0.00259763 -0.00161053 0.00395471 0.00647791 0.00771171 0.00580118 0.00354644
279770 0.00354675 0.000696576 -0.00727606 -0.00650967 -0.00316322 0.00313683 0.000403733 0.00397355 -0.00719193 -0.00328108 -0.00480755 -0.00734327 -0.000380239 0.00322986 -0.000492419 -0.00637959 -0.00127934 0.00392239 0.000812956 -0.00200219 0.00402068 -0.00075166 -0.00327757 0.00563663 -0.00178695 0.000619324 -0.0072025 0.00285549 -0.00199548 0.00458642 -0.00084702 -0.00730341 -0.0077784 -0.00721441 -0.00172287 0.00606171 0.00395249 0.00662914 -0.00756505 -0.000851242 0.00481155 -0.00344325 -0.00583202 0.00442616 -0.00448587 -0.00470246 0.00539077 0.00343482 -0.00438752 0.00260666 0.00547403 -0.00287499 0.00771477 0.00480485 -0.0070528 -0.00773376 -0.00435434 0.00195744 0.00745797 0.00506821 0.00275214 -0.00272473 0.00618886 0.00277625
147867 -0.000288841 -0.00679098 0.00425375 -0.00549255 0.00728826 -0.00500475 -0.00647645 0.00520842 0.00556956 0.00462725 0.00501751 0.000989041 0.00588157 0.00627875 -0.00198367 0.00304947 -0.00416527 0.00339573 0.00560746 0.0021406 -0.00367471 -0.00185485 0.00120981 0.00636981 0.00343472 0.00766008 0.00740799 0.0067122 0.004006 0.00561767 0.00765294 0.00267771 -0.00269379 -0.00776845 -0.00571397 0.00132208 -0.00749507 0.00619884 -0.00640862 0.0043189 0.00593151 -0.00367289 -0.00461682 0.00532368 -0.000823281 -0.00493303 0.00386381 0.000203113 -0.00130654 -0.00583947 -0.0042661 -0.0030926 -0.00457767 -0.00440813 0.00278849 -0.00120843 0.00614224 -0.00123237 -0.00575454 -0.00507103 0.00229774 0.00534578 -0.00243872 0.00769314
295026 -0.00313118 0.00689534 0.00488368 -0.0015521 -0.00651454 0.0035284 -0.00403183 -0.00576777 -0.00544708 0.00536565 0.0010731 0.000859333 0.00771332 0.0018642 0.000165361 0.00201027 -0.00276218 0.00558175 0.00693305 0.00365758 0.000464497 0.00117088 0.00709122 -0.00184007 -0.00324572 -0.00116823 0.0064413 -0.00380137 -0.00069618 0.00765252 -0.00122691 0.00122852 0.00380094 0.00305729 -0.00064346 -0.00400251 -0.00107782 0.000714007 0.00125078 0.00326623 0.000668584 -0.0016054 0.000394691 -0.00627661 0.00288808 -0.00760241 -0.00712021 -0.000283243 -0.00620751 0.00124114 -0.00255754 0.00521796 -0.00696581 0.00684224 0.00604379 0.0013555 -0.00619369 -0.00417265 -0.00624475 -0.00318457 -0.00148797 -0.00470309 0.000473022 -0.0022508
343684 0.0016463 0.0046105 -0.00657247 -0.00390177 -0.00121857 -0.000948843 -0.00780463 -0.00320321 0.000375459 0.000148068 -0.00715474 -0.00236083 0.00439068 -0.00185492 0.00120412 -0.000461722 -0.000118994 0.00283126 -0.0064926 0.00723077 0.00293672 -0.00777299 0.00452278 0.00470029 -0.00650533 0.00452748 0.00524187 0.00634082 0.00467342 0.001564 0.00493796 -0.00453411 -0.0012196 -0.000150589 -0.00745814 -0.00745245 0.000188495 0.00340212 -0.00408955 0.00215246 -0.00535105 -0.000198926 -0.00112709 0.00230436 0.0021428 0.00726425 -0.0050267 0.00721572 0.00515878 -0.00353165 -0.00455241 0.00710634 -0.00102361 0.00294578 0.00495675 0.00412505 0.00150308 0.00399619 0.00153471 -0.00530915 -0.00717438 0.000639348 -0.00352732 0.00761682
328137 -0.00273914 0.00393402 0.00754137 0.0020203 -0.0039072 0.00644385 0.00587021 -0.000609323 -0.00638985 -0.00231433 -0.00257341 0.00487031 0.00313827 -0.00445415 0.00418521 -0.0032549 -0.00719611 -0.00504484 -0.00682921 -0.00609596 -0.00169457 -0.00580565 0.00739673 -0.00504314 0.001313 0.000283768 -0.0045114 0.00164651 0.00195114 0.00140428 0.00377264 0.00018497 -0.00723686 -0.00377595 0.00774061 0.00140429 -0.00340843 0.00398997 -0.00289087 -0.000875872 0.00141858 0.00549103 0.00420985 -0.00625994 0.000222063 0.00507008 -0.0063902 0.00433485 0.00242079 0.00726623 -0.00186432 -0.00454937 0.00389593 0.00295514 -0.00638874 0.00341244 0.00171844 -0.00514024 0.00552948 -0.00388215 -0.00566172 0.000483794 0.00622894 0.00129247
280466 0.00607162 -0.00115887 -0.00111756 0.00686444 -0.00239549 -0.00431329 0.00547394 -0.00374632 -0.000259461 -0.0011077 -0.00696111 -0.00333016 0.00328496 0.00251223 0.00412865 0.00274993 0.00437537 0.0056661 -0.00480084 -0.000254281 0.00445266 0.00668331 0.00589185 -0.00741105 0.00460657 0.000612636 -0.0074001 0.00140278 -0.00370632 -0.00214156 -0.0037676 0.00691287 0.00438151 -0.00193126 -0.00748855 -0.00575547 -0.00361165 -4.46473e-05 0.00122918 0.000393644 -0.00453758 -0.00344642 0.00607834 0.00114764 -0.00746733 0.00556697 -0.00423919 -0.0039836 -0.0058258 0.00595065 0.00623582 0.00224939 0.00598769 0.00229047 0.00546148 0.00331074 0.00595851 -0.00529759 0.00141112 0.000932894 0.00431681 -0.00289972 -0.00459366 -0.00262822
287226 -0.00432814 0.00709467 0.00520779 -0.00598195 0.00745403 0.00749397 -0.000713047 0.00527706 0.00472536 -0.00311235 -0.00323621 0.00234338 -0.00357219 0.00369573 0.00424769 0.00300884 -0.00779215 0.00337257 -0.00415058 0.00571612 0.000205697 0.0055919 -0.00170497 -0.0022673 -0.00482778 -0.00322684 0.00379736 0.00135418 0.000801307 0.00515763 0.00694795 -0.000810733 -0.00285039 0.00336607 -0.00344542 -0.00308281 -0.000233334 -0.0033114 -0.00352614 0.00410592 0.00586334 -0.00615204 0.00231257 0.0025463 -0.00200648 0.00552854 0.000564448 -0.00465195 -0.00311416 0.00457014 -0.00321831 0.00475995 -0.00401567 0.00453659 0.0034067 0.000102779 0.00247519 0.00651829 -0.00734316 0.000841164 0.000684535 0.000943939 0.000521931 0.00701628
117797 0.0040305 0.0069635 -0.00601195 0.00115246 0.00641904 -0.00371032 0.00290909 0.0052776 0.00256307 -0.00740117 0.00238974 -0.00404095 -0.00258019 0.00749152 -0.000228285 0.00660711 0.000266699 -0.00412198 -0.000235376 0.000924481 0.00355984 0.00608387 0.00607549 0.00293744 0.00434019 0.00345052 -0.00241835 0.00528211 0.0050489 -0.0018061 0.00566328 -0.00037135 0.00513774 0.00229835 -0.00111474 -0.00350039 -0.000624885 0.00733302 -0.00534263 0.000811742 0.00715542 -0.00585475 -0.00179313 -0.000355922 -0.00360896 -0.0063367 -0.000857366 0.00744434 0.00360344 0.00676365 0.00152785 0.00359029 0.00348423 0.00507196 0.00496366 -0.00195832 0.00267958 -0.00598792 0.00631418 -0.00418218 0.000386642 -0.00155967 0.00297686 0.00212659
177609 -0.00132849 0.000467045 0.00272119 -0.00415654 -0.00121153 0.00268907 -0.00714656 -0.00174849 -0.00493488 -0.00514783 -0.00410861 0.00676063 -0.00202505 -0.00140018 -0.00645417 -0.000972293 0.00187683 -0.00103903 0.00363898 -0.00226924 -0.00668131 -0.000209657 -0.00381582 -0.00739513 -0.00730436 -0.00397946 -0.00318021 -0.00687354 0.0063465 0.00676684 0.00133876 0.0076147 0.00770001 -0.00714776 0.00202337 0.00357081 -0.0046351 0.00591781 -6.12982e-05 0.00433494 -0.00273587 0.00242894 0.00717745 0.00206715 0.0067005 -0.00231372 0.00647718 -0.00190398 -0.000585489 -0.00699531 -0.00225076 0.00729269 0.00340566 0.00742937 0.00457965 -0.00673435 -0.00525459 0.00708222 -0.00101442 -0.00672546 -0.00313296 0.000142249 0.00768114 -0.00654039
322745 0.00200664 -0.00260411 -0.0011041 0.000236867 -0.00337711 -0.00318457 0.000621092 -0.0057422 0.00752349 0.00453849 0.00220451 -0.00664274 -0.00266134 0.00100439 -0.00343054 0.00493742 -0.00591993 0.00464428 -0.00371382 0.00074563 0.00302867 0.00186429 0.00579068 0.00612338 0.00704295 0.00485345 0.00127696 -3.59985e-05 -0.00558523 0.00603424 -0.00506084 -0.00115758 0.00760056 -0.00345909 0.000696273 0.00503243 -0.00394592 0.00562347 -0.0072839 0.00512216 -0.00256579 0.000121621 0.00338183 -0.00429343 -0.00697096 0.00644662 -0.0018841 0.00391005 -0.0069402 -0.00147554 0.00160684 0.000981739 -0.00583276 0.00714723 0.00418228 0.00561076 0.00592374 -0.00612219 -0.00245181 -0.00711719 0.0071248 -0.00727514 -0.00370478 -2.82843e-05
91066 -0.00275471 -0.000456959 0.00456695 -0.00253803 0.00418692 0.00350497 0.00286482 -0.00451295 -0.00518944 -0.000772682 0.00724748 0.000414954 0.0027428 -0.000476421 -0.00385057 -0.00570047 -0.00284042 -0.00270446 0.00564917 0.00681728 -0.00412724 0.00396636 0.00180426 -0.00315922 -0.00746244 0.00552256 0.0026775 0.0059681 -0.0021592 -0.00552064 -0.00458259 0.00388361 -0.000165256 -0.00422735 -0.00262939 -0.00424822 0.00173923 -0.00375685 -0.00732762 0.00144816 0.00555203 0.0076736 0.000123379 0.00582472 0.00562274 0.000726867 0.00443937 0.00639514 0.000947157 0.00368917 0.00588891 -0.00679561 -0.00249642 0.00760028 -0.0018657 0.000133153 -0.00692868 0.00419998 0.00552376 0.00226022 -0.00667437 0.00202649 0.00497381 0.00129609
326548 0.00671871 0.00114712 0.00269804 -0.00589654 0.0021757 -0.00698795 -0.000386439 -0.00374068 -0.00215577 -0.00458938 0.00480074 0.00223284 -0.00211547 0.00248099 0.0031763 0.0073901 -0.00755035 0.000300864 0.00494476 0.00488779 0.00546352 0.00557782 0.00585626 0.00399133 -0.00408329 -0.00304301 0.000574276 -0.000818678 0.00627514 -0.00603471 0.00383097 -0.00164213 0.00277201 -0.00369817 0.00251843 -0.0059378 0.00489327 0.00649093 -0.00405436 -0.000695943 -0.00393481 0.00646756 0.00285846 0.00272557 -0.00706486 0.00065153 0.00114458 -0.0048597 0.000468781 -0.00323261 -0.00456841 0.000233491 -0.00372165 0.00432506 0.00392988 -0.00349824 -0.000942107 0.00186249 0.0030901 0.00547558 0.00374117 -0.000776185 -0.000309279 0.000642481
241312 -0.00205777 0.00410609 -0.000217359 0.00453186 -0.00498344 0.0057506 -0.00124833 -0.00128817 0.00277243 0.00189771 -0.00361623 -0.00343378 0.00558556 -0.0053688 0.0049333 -0.00163189 0.000331678 -0.00194002 0.00645885 0.00737866 -0.00501813 -0.00167663 0.000287868 -0.00340911 -0.00634556 0.00161188 0.00249639 0.00652632 0.00145483 0.00308716 -0.00221747 -0.00262529 -0.00422795 -0.00374426 0.00292474 -0.00522667 0.00598573 -0.00515538 0.0066414 -0.00282657 -0.0017599 0.00133449 -0.0065101 -0.00404036 0.00522302 0.00265257 0.00293941 -0.00144824 -0.00752423 0.00509169 -0.00554403 -0.000644866 -0.00332267 0.000801502 0.000251319 0.00680926 -0.00375609 0.00540442 -0.00634992 -0.0055525 0.000608388 -0.00556506 0.00103215 -0.00683444
314740 -0.0066313 0.00245363 -0.00556382 0.00400015 -0.00540575 -0.00358867 0.00043545 -0.00273874 0.00359116 0.00400679 0.00706714 0.00470576 -0.00605565 -0.000124757 -0.00325364 0.00768692 0.00204803 -0.00165994 -0.000857731 0.0032386 -0.00203556 -0.00268454 0.00680045 -0.00184468 0.00108398 0.00277545 -0.00766804 0.000451942 0.00421404 -0.00315425 -0.00601556 0.00780041 -0.00279191 0.00131379 -0.00661202 0.00055041 -0.00266472 0.00562692 0.00522 0.000904938 0.0020935 0.00502389 -0.00675447 0.00280882 0.00660704 -0.00433201 0.0011531 0.0061842 0.00114406 0.00117934 0.00336265 0.00680303 -0.00300199 -0.00750978 0.00481701 0.00371989 -0.00373355 -0.00572584 0.00415844 0.000181164 0.000832042 0.00589188 0.00603157 -0.00214167
104041 0.00741243 -0.00183249 -0.00693846 0.00695324 0.00522327 0.00535583 -0.00310326 -0.00597 0.00207615 -0.00511789 0.00709724 -0.0068593 0.00137949 0.00308132 -0.00276899 0.00516319 0.0023241 0.00107765 -0.00479984 0.00495815 -0.00670767 -0.00571203 -0.00771093 -0.00656462 -0.00531721 0.00738668 -0.00682688 -0.00754929 -0.0036478 0.00503731 0.00132179 -0.00231075 0.00208902 -0.00601387 0.00766611 0.006217 -0.00492907 -0.00255966 -0.00428247 -0.00677204 0.00546598 0.00671101 -0.000244617 0.00154734 0.000394344 0.00728989 -0.00510883 -0.00033617 -0.00385427 -0.00316477 -0.000613213 -1.66893e-05 0.00349855 -0.00150681 -0.00384808 -0.000684261 0.00291395 0.00265169 0.00692415 -0.00107384 -0.00205326 -0.00320005 0.00418568 -0.00572443
320192 -9.21791e-05 0.000959084 -0.00568481 0.00429098 0.00769897 0.00281852 0.00390056 -0.000976348 -0.00777265 0.00667306 0.00582473 -0.00129611 -0.00398721 -0.00313057 0.00157906 -0.000171797 -0.00190257 -0.00156679 -0.000859797 0.00148997 -0.00113967 0.00430685 -0.00605235 0.00599434 0.00555224 -0.00123591 0.00459525 0.00175396 -0.00127498 0.00271013 0.00520293 0.00534118 -0.00246131 -0.00430283 -0.00640001 -0.00117994 0.00726714 -0.00101571 0.00557653 -0.00419593 -0.00153876 0.00346393 0.00284729 -0.00614504 -0.00233988 -0.00493446 0.0067051 -0.000264856 0.00169647 -0.00409563 -0.00128517 -0.00484142 -0.00109117 -0.00127648 0.00759546 -0.00233074 -0.00351917 -0.00564707 -0.00238614 0.00604478 -0.00678533 0.000873266 -0.00738351 0.00123202
223102 0.000955593 -0.00283379 0.00462209 -0.00521791 0.00626483 -0.00193005 -0.00192967 -0.00122225 0.00709799 0.00131873 0.00485024 0.00354588 0.00060972 -0.00265928 -0.00278147 -0.00710079 -0.00590223 0.00604185 0.00765934 0.00524069 -0.0064909 0.00343087 -0.00575507 0.00484896 -0.00553455 -0.000685411 0.00278305 -0.00706304 -0.00690967 0.00401546 -0.00104037 -0.00126129 -0.00584678 0.00444864 0.00060354 0.00443508 0.00302967 -2.21974e-05 0.00749351 0.00693929 -0.00536082 0.000107328 0.000150452 0.00479384 0.00164578 0.00248377 0.00446479 0.00365041 0.00300557 -0.00554781 -0.00589592 0.000852351 0.00509708 -0.00340189 0.0021565 -0.00490364 -0.00364223 0.00350984 -0.00464391 -0.00219401 -0.00418642 -0.00295065 0.00755968 -0.00155423
109496 0.00169077 -0.00357186 0.00703651 0.000589513 -0.00266668 -0.00753901 -0.00482483 0.00327511 -0.0062388 -0.00463516 -0.00213107 -0.00237623 -0.00105686 -0.00291232 -0.005064 -0.00669312 0.00291549 0.000365268 -0.0061204 0.00527727 -0.00488716 0.00679477 -0.000831711 -0.00201662 -0.00748783 -0.00753933 0.00288413 0.000914701 0.000337236 -0.000347522 -0.000828422 0.000456315 -0.00528326 -0.00516185 0.00774812 -0.00554443 0.00620209 -0.00201716 -0.00229937 0.0013868 -0.000406677 -0.00626726 -0.00286865 0.00489161 -0.0078327 0.00257696 -0.00489576 0.000977856 -0.00695565 -0.0036798 0.00174602 0.00219437 0.00474584 0.00323446 -0.0025426 -0.00428816 -0.00148834 -0.00601266 -0.0040896 0.00520418 0.00701716 0.00338057 -0.000714467 0.00468689
10677 0.000813718 0.000857414 -0.00776498 0.00483446 0.000824364 -0.00461971 0.00295611 -0.000969523 0.00101417 -0.00248164 0.00216519 -0.00572896 -0.00182654 -0.00331766 -0.0022185 0.00236402 -0.00211248 -0.00286445 0.00163224 -0.00177775 -0.00171953 0.00592361 0.00684936 0.00121405 0.00744123 0.000516652 -0.00312814 0.00573763 0.00215367 0.00365544 -0.000763092 -0.00563035 -0.00582558 -0.00392235 0.00198524 -0.00494605 0.00126868 -0.00167777 -0.0041266 -0.00685639 -0.00415409 0.00469099 0.00709681 0.00348449 0.00383856 0.00758013 -0.00663293 0.00442102 0.00399471 -0.00235313 -0.00116537 0.0075358 0.00413609 0.0065492 0.00340112 -0.00418928 0.00654722 -8.39971e-05 0.00266598 0.00453865 0.0046965 -0.00111512 0.00398143 -0.000418095
278638 0.00515509 0.00438404 0.00585985 -0.00153494 -0.00251818 -0.00746727 0.00604105 -0.00395918 0.00709772 -0.00682402 -0.0042491 -0.00082922 -0.00236797 0.00430918 0.000985622 -0.00228024 0.00731945 0.00397444 0.00389862 0.00445843 0.00520754 0.000447273 0.00761366 0.0070262 0.00771093 0.00694895 -0.000194073 -0.00445271 0.00384569 0.00681019 0.000116825 0.00291204 -0.00469303 -0.00156355 -0.00635242 -0.0068264 -0.00340319 -0.00150585 -0.00191355 0.00381708 0.00448036 -0.00107336 0.00422335 0.00235653 0.000739574 0.0062108 0.00615072 0.00364256 -0.0025034 0.0022192 0.00152826 0.00208092 0.00157595 0.00197029 0.00634527 -0.00047636 0.000928402 0.00075531 -0.00420189 -0.00446892 0.00583649 0.00155687 0.00321865 0.00202036
80051 -0.00200705 -0.00669207 0.00747429 -0.00416213 0.00726523 -0.00686835 -0.00332865 -0.00345739 -0.00174452 0.00674806 -0.00419341 -0.0055989 0.00445145 0.00477652 0.00753402 -0.00379154 0.00467176 0.00531796 -0.00268385 0.00509027 -0.00524692 -0.00235444 -0.000368641 -0.000118657 0.000982792 0.00298405 0.00349854 -0.0025976 0.00274702 0.00773162 -0.00488565 -0.00600344 -0.00690178 -5.6614e-05 0.000922019 -0.000650156 -0.00750187 0.00388436 -0.0072966 0.000268047 -0.00796493 -0.00310993 0.0018595 -0.00454152 0.00185521 -0.00504251 0.00137215 -0.00409782 0.00565506 0.00629189 0.00270158 -0.00558998 0.00326937 -0.00703787 0.000553301 0.00324616 0.00109639 -0.000467734 -0.00565954 0.0012839 0.00395403 0.00606223 0.00207033 0.00736261
333403 0.00143345 -0.00685272 -0.00444349 0.00358767 -0.00485803 -0.00121792 0.00619044 -0.00528176 -0.000354108 0.00777491 -0.00383234 0.00126065 0.00256036 0.00644522 -0.00298916 0.00686071 0.00241426 -0.00671105 0.00227917 0.00477759 0.000430668 -0.00306737 0.00437179 0.00363298 0.00295037 0.00305461 0.0076706 -0.000751178 0.00419189 -0.00326487 0.000849022 0.0063602 0.00595089 0.00633344 0.00276667 0.000512219 -0.00302066 -0.00363712 0.00735039 0.0047049 -0.00396115 -0.00453441 0.00530518 -0.00017106 0.0025275 -0.00602527 0.00149479 0.00180106 0.00591617 -0.00231162 0.00263732 0.000651778 0.00766144 0.00628341 0.00372153 -0.00477622 0.00271491 0.00662463 -0.00581905 0.00603617 0.000192333 -0.00105047 -0.00253982 0.00284692
235042 -0.0011124 0.00570247 -0.0076897 0.0047529 -0.00312765 0.00292134 -0.00435138 -0.00712491 -0.00254199 0.00515176 -0.00174014 0.00184625 -0.00103837 -0.00592618 0.00369861 -0.000428089 0.00534749 -0.00088045 -0.000467501 0.000279286 0.00115821 0.00567182 0.00453083 0.00265752 0.00539757 -0.00141354 0.00394451 -0.00300007 0.00549781 0.00398721 -0.00496846 0.00755457 -0.00245607 0.000124727 0.0018637 0.00716296 -0.00511957 -0.0031209 -0.00101514 -0.000774146 -0.00188662 -0.00026996 -0.00324999 -0.00605152 0.00612806 -0.000409798 0.00573796 0.00312595 -0.000945838 0.00415145 -0.00561389 -0.00175607 0.005276 -0.00152933 -0.00558679 0.00326906 -0.00576335 -0.00597452 -0.00135845 0.00152654 0.00387165 0.00639893 -0.00539411 -0.000283321
326278 -0.00295683 -0.00625959 -0.00359643 0.00593938 -0.00701264 0.00713347 -0.00363269 0.00100661 0.00145856 -0.000146467 -0.00409125 0.00163939 -0.00703846 0.00724989 0.00735243 -0.00100586 -0.00530832 -0.000659163 -0.00636822 -0.00375172 -0.000783526 0.00778445 0.00596993 0.0052351 -0.00742078 0.00405666 0.007687 -0.00592139 -0.00374558 0.00438832 -0.00569426 0.0047329 0.00192869 0.00278976 -0.00719731 0.00655135 -0.0055691 0.00302537 -0.00506687 0.00570996 0.00417629 0.00658089 -0.00286354 -0.00502603 -0.00765888 0.000829354 0.00536253 0.00492944 -0.00640002 -0.00185842 -0.00600378 0.00352894 -0.0054598 -0.00362997 0.00595234 8.71755e-05 0.00269265 0.00352594 0.00354328 0.00321358 0.000514885 -0.000792802 0.00622849 0.000992546
247103 -0.00528336 0.00636005 -0.00156355 0.00588083 0.00364351 0.00482559 0.000432014 0.00551605 -0.00233698 0.000501156 0.0064621 -0.00142097 0.00755548 -0.000570297 -0.00514936 0.00640392 0.00659752 -0.00610447 -0.00277948 0.00496292 0.00456047 -0.00545549 0.00656033 -0.00451899 0.00362015 -0.00515604 -0.00498962 0.00226831 0.00513554 -0.00369644 0.00766182 -0.00272274 -0.00154448 -0.00368786 -0.006001 -0.0069108 -0.00428534 0.00450706 -0.000457764 0.0069623 -0.00310326 0.00516272 0.00430489 -0.00298309 -0.00399685 -0.00599527 -0.000612259 0.00444603 0.00636053 0.00694132 -0.00543547 -0.00655127 -0.00285339 0.00350142 0.0013051 -0.00222683 0.000424385 0.00682926 -0.00339508 0.00307035 -0.000487804 0.00366306 0.00579786 0.00206661
295691 -0.00139809 0.00614548 -0.00276804 -0.00449133 -0.00616884 -0.00236225 -0.0073905 0.000891209 -0.00427771 -0.0074811 0.00774622 -0.00183916 -0.00493145 -0.00536871 -0.00682926 -0.000581741 0.00654936 0.00623655 -0.00130081 -6.34193e-05 0.00403833 -0.00285292 -0.00296783 -0.00249434 0.00688171 0.00150776 -0.00324678 -0.00631762 0.00611496 0.00190496 0.0047822 0.00770473 0.00551271 0.00265312 -9.34601e-05 0.00102043 0.0070672 -0.00119877 -0.00692558 -0.00681114 -0.00294971 -0.00728226 -0.00767851 0.00148726 -0.00338459 -0.000830173 -0.00511217 0.00684929 -0.00127697 0.00325203 -0.0037303 0.000343323 -0.00401926 -0.000413895 -0.00185204 0.000319481 -0.00070858 -0.000983238 0.00492764 0.0006814 0.00191402 0.0062232 0.00645733 0.00604057
218074 0.0076244 -0.0049288 -0.000833928 0.00479151 -0.000874062 -0.00528501 -0.00363068 0.00490156 -0.0026158 0.000266943 0.001446 -0.00169126 -0.0060422 -0.00678191 0.00517583 -0.00509315 -0.000740458 0.00504484 -0.00510557 -0.00643683 0.00767646 0.00712875 0.00662723 -0.00420141 -0.00553281 -0.000485954 0.00472662 -0.00451948 -0.00341132 0.00402197 -0.00539731 0.00408538 0.00246892 0.00401606 -0.0025173 -0.00611766 -0.00248106 0.00690542 -0.00472084 -0.00602005 0.00272315 0.00526624 0.0058553 0.00241562 -0.00241995 -0.00276059 0.00659508 -0.00627357 0.00291459 -0.00115849 0.00766627 0.00141693 -0.00283803 0.00377126 0.00643629 0.00417515 0.00299857 -0.00137234 0.000745304 0.00359944 0.00122213 0.0016364 -0.00257046 -0.00743235
341390 -0.00293636 -0.00142683 0.00288967 -0.00647941 0.000204825 -0.00239607 -0.00395147 -0.00378439 -0.00319296 -0.00657439 -0.00312314 0.00421754 0.00363158 0.00360246 -0.00522766 0.00186336 -0.00246935 -0.0018443 0.00596266 0.00599958 0.00214601 -0.00738318 -0.00560838 -0.00179695 -0.00247663 0.00338412 0.00288201 -0.00433794 -0.00254861 -0.00677855 -0.00621282 -0.00660473 0.00764616 0.00626599 -0.00281825 0.00543727 0.00647323 -0.00491571 0.00223526 -0.000199845 0.00402543 -0.00703334 0.00318434 0.0012568 -0.00574175 -0.00736126 -0.00558092 0.00156307 -0.00375689 -0.00273585 -0.00196316 -0.0028816 -0.000835173 -0.00413648 -0.00334023 -0.0024694 0.00731663 0.000697043 -0.00471602 -0.00397106 -0.00100086 0.00778743 0.00710131 -0.00378028
181764 -0.00283886 0.00292767 -0.000876559 0.00720357 0.00147883 -0.000213206 -0.000371571 -0.00730366 -0.00441511 -0.00358323 -0.00429025 -0.00153971 -9.8336e-05 -0.00516904 -0.0037147 0.00589318 0.00573692 0.00110982 -0.00269566 0.002876 -0.00242928 -0.00767378 0.00537155 0.00521906 -0.0076782 0.00441955 -0.00127098 0.00560667 0.00598631 -0.000558896 -0.00433255 0.00617662 0.000469287 0.00735145 0.00141211 -0.000554174 0.00303361 -4.53919e-05 0.00237508 -0.00671257 -0.00116228 0.00757091 -0.00205629 0.00782157 0.00567087 -0.00253666 0.00445864 -0.00380164 -0.00475085 -0.00509437 0.00707042 -0.0037069 -0.00751626 -0.00488996 -0.00530826 -0.00733778 0.000508974 -0.00744473 -0.00777889 0.00103179 0.004085 0.00378004 -0.00643024 -0.00352471
334936 -0.000974998 0.00223208 0.00226612 0.00561713 -0.000736854 0.00277799 0.00714332 0.00423954 0.00353073 -0.00552766 0.00721388 0.00196679 -0.00207588 0.00658621 0.00492129 0.000304229 0.00550683 0.0060826 0.00467876 0.00437088 -0.00379829 0.00547952 -0.00137585 -0.00667877 -0.00540938 0.00144344 0.00731636 -0.00217587 -0.00370172 -0.00245289 0.0012158 0.00260609 -0.00070839 -0.00253128 0.00501903 -0.00590716 -0.00467787 0.00335034 0.0076184 -0.00384892 -0.00707182 -0.000853883 -0.00467579 -0.00776217 -0.00408499 0.000547296 -0.00319787 -0.00147507 -0.0070735 -0.00451434 0.00409722 -0.000678374 0.00677024 -0.00317302 0.00223683 -0.00658109 -0.00595184 0.000464437 0.00271805 0.00283698 0.00238437 0.00762099 0.000908556 -0.0032905
304971 0.00140259 -0.00163834 0.00301817 0.00308363 -0.00212533 0.000160963 -0.0046379 0.00184077 0.00664589 -0.00354078 0.00173587 -0.00296032 0.00470571 -0.00769599 -0.00755526 0.00195985 0.00132062 -0.00258913 -0.00660432 0.00732684 -0.00749252 -0.00727892 0.00356231 -0.00582763 -0.00387389 0.00143612 0.00498409 -0.000699555 -0.00303293 0.00181849 0.00373952 -0.0024621 -0.000903312 0.00597234 -0.00519708 -0.000122523 -0.000685602 -0.00491072 0.00620198 0.00661177 -0.000321102 0.00392826 -0.00682387 -0.00457397 -0.000379776 -0.00164012 0.00170794 0.00574444 0.00570493 -0.00487724 -0.0025014 -0.000660504 0.00133576 0.00454105 -0.0018813 -0.0036739 0.00741774 -0.00383706 -0.0008795 -0.00679174 0.00288861 -0.00177515 0.00282325 0.00769508
53690 -0.00456349 0.00108466 1.36572e-05 0.00609548 -0.00631841 -0.00661612 -0.00443881 -0.00455391 -0.00105974 0.00328768 0.00424945 0.00493567 0.00408011 0.00717896 0.000912145 0.00420166 0.00579552 -0.00144439 -0.000546111 0.000715313 0.00446473 0.000356954 -0.0051531 0.000204584 -0.00315973 0.00334244 0.00688295 -0.0019756 -0.00240959 0.00288894 0.00432938 -0.00192013 0.00270911 0.00737706 -0.00327092 0.00381256 0.00754404 0.00386744 -0.00565999 -0.000426941 -0.00628513 0.00327147 -0.00306873 0.00342009 -0.00353915 -0.00477674 -0.00507084 0.0072005 -0.00469778 -0.00229988 0.00351017 -0.00301842 0.00579945 -0.00168866 3.66858e-05 0.00543959 0.00527952 0.00587711 -0.00725659 0.00319442 0.00685502 -0.00624006 -0.00354502 0.00129931
210755 -0.00440311 -0.00320073 -0.000225402 -0.00205525 0.00655053 0.00736514 -3.32584e-05 0.00287265 -0.00199317 -0.00756032 0.000690419 0.00753724 0.00317353 0.00486605 0.00209936 -0.00733132 -0.00747648 -0.0062635 0.00358774 -0.00313581 -0.00473853 0.00440459 0.001896 -0.00426576 0.00447754 -0.00175225 0.00480655 0.00549823 -0.00440513 -0.000718327 -0.003827 0.00325449 0.00497881 -0.000284669 -0.00214959 0.000765856 0.00463116 0.00382083 0.00729399 0.00441179 0.00405618 0.00199364 0.00403557 -0.00563719 0.00540158 0.00350006 0.00683457 0.000466688 -0.00615711 -0.000753714 -0.000870537 0.000672628 -0.00479879 -0.00307623 0.00197929 0.00129505 0.00696892 0.0014278 0.00269921 -0.00655814 -0.00762769 0.00435354 0.00241843 0.00435086
334601 -0.00707165 -0.00490704 0.000851627 0.000680525 0.00169192 -0.00342569 -0.00686407 0.00283398 -0.00235504 -0.00387703 0.000429653 -0.00492326 0.00134506 -0.00646527 0.00690196 0.00755914 0.00513283 0.00644839 -0.00523983 0.000465229 -0.00156106 0.00437281 -0.000584427 0.00469854 0.00316109 0.000942843 -0.00166356 -0.00594352 -0.00381955 -0.00266658 -0.00400695 0.00473944 -0.00686202 0.00449518 -0.00725245 -0.006655 -0.00112774 -0.00755669 -0.00565767 -0.00398622 0.00510693 -0.00283531 0.00457541 0.00132711 0.00629601 -0.0038665 -0.00256324 0.00610253 -0.00562924 0.00366057 0.000722479 -0.00435871 -0.000931491 -0.00396829 0.0062308 0.0038409 -0.0071308 -0.00659409 -0.00659808 -0.00511526 0.00749549 0.00117316 0.00229588 0.00416387
277684 0.00192224 -0.002042 -0.00589085 -0.00249351 -0.0010399 0.00160535 -0.00143015 -0.00256673 -0.000250186 0.00746824 0.00504276 -0.00353706 0.00580013 0.00492902 0.00260391 0.00317242 0.0015557 0.00547832 0.00105251 -0.00725304 -0.00722074 0.00747676 0.00111748 -0.0040211 0.000625957 0.00241346 -0.00506893 0.00646081 -0.0032072 -0.00453852 -0.00288254 0.00163603 -0.00658629 0.00397675 -0.00040563 0.00776163 0.00615261 0.00637272 0.00641558 0.00396099 -0.00500635 -0.00633986 -0.00393098 0.00246595 0.0024077 0.00101984 -0.00288904 0.00571733 -0.00232266 0.00697258 0.00105132 0.00591967 -0.00763268 -0.000847392 0.00693296 -0.00634934 -0.00208097 0.000315478 -0.000271366 -0.000464871 -0.0012235 -0.00557552 0.000984282 -0.00396861
153165 -0.00196827 -0.000521016 -0.00628693 -0.00513847 -0.00519366 -0.00742293 0.000717908 -0.00329497 -0.00174904 -0.00384591 -0.00735558 0.00165798 0.00019951 0.00040073 0.000136089 0.00417044 -0.00571136 -0.00151432 -0.00447976 -0.00619472 -0.0037438 -0.00234643 -0.00264259 -0.00681216 -0.00341725 0.00181072 -0.00581231 -0.000610532 0.00263778 0.000114687 0.000484436 0.00103426 -0.00710427 0.004105 -0.00249466 -0.000357498 0.00331106 -0.0037516 -0.00719379 0.00298525 -0.00519595 0.00416513 -0.000315129 -0.000562946 0.00479033 0.00686814 -0.00283914 0.004489 -0.00327625 -0.00254148 0.000594193 0.000981572 0.00475957 0.00165756 0.0061421 0.0061681 0.00241429 0.00164195 0.00162287 0.0069928 -0.00113136 0.00220154 -0.00431155 -0.00119252
234400 -0.00429561 0.00157382 0.00619882 0.00735261 -0.00653749 -0.00564702 0.00748071 0.00287011 -0.00497571 0.00228102 -0.00401923 -0.00716041 0.00748381 -0.00386592 0.0024559 -0.00389467 0.00378988 0.00109231 0.00622549 0.000619616 0.00344765 -0.00224681 0.00195866 -0.00339608 -0.00105418 0.00586702 0.00355655 -2.40126e-05 -0.00459301 -0.0059678 -0.000521933 0.00217871 0.0022306 0.00289812 0.00464929 -0.00481174 0.00644484 -0.0014227 0.00437241 0.00702833 0.00258829 0.00221112 -0.00267763 0.00181142 0.00111817 -0.00550684 -0.00332622 -0.000390151 -0.00761408 0.00248912 -0.00780458 0.00500757 -0.004515 0.0070905 -0.00193373 0.00634138 -0.00535442 0.000377001 0.00266094 -0.00626769 0.00133993 0.00340372 0.00698327 -0.00775299
226326 0.0017794 -0.00164384 -0.00107997 -0.00558352 0.00696512 -0.0073275 0.00340291 -0.00538017 -0.000422699 -0.0046278 -0.00674537 0.00685283 -0.00441077 0.000391447 0.00483997 0.00368662 -0.00437603 0.00552437 0.00633917 0.00198719 0.000883433 0.00743911 0.00518591 -0.00148747 0.00723749 -0.00207312 0.00692654 -0.00384267 -0.00399295 -0.000699317 -0.0049383 -0.00352911 -0.00708699 0.00609446 0.000143136 -0.0030208 -0.0077098 -0.00456855 0.00610716 0.00658664 -0.00730216 0.000448077 -0.00545608 -0.00441712 0.00239724 -0.000372303 0.00266465 -0.00373883 -0.00667537 -0.00545626 0.00776142 0.00294378 -0.00579393 -0.004652 0.00033655 -0.00169645 0.00162002 0.00716656 -0.00150067 0.00624581 0.00743075 0.000597158 0.000802006 -0.00496697
43836 -0.000700474 0.00749016 -0.00610733 0.00183201 -0.00733042 -0.00289059 -0.00384617 0.00530243 -0.00176525 2.43187e-05 0.00167608 -0.00553989 0.0030632 -0.00216389 -0.00533724 -0.00337458 0.0058713 -0.00395298 -0.00758886 -0.00520706 -0.00128078 0.00246906 0.00514221 -0.00077486 -0.00188589 0.000471592 -0.00383615 -0.000615597 0.00198603 -0.00138187 -0.00381708 -0.00115585 0.00681353 -0.00395966 0.00212717 -0.000126362 -0.00738525 0.0075984 0.00179577 -0.000284672 -0.00554276 0.00380659 0.00470304 0.00587082 -0.00367832 0.00331354 -0.00145102 0.00741339 0.000353336 0.00104618 -0.00705624 0.00339699 0.00733519 0.00106144 0.00731134 -0.00587416 -0.00420952 -0.00654221 -0.00727367 0.00511074 -0.0050745 0.00376511 -0.00226545 0.00259304
138898 -0.00494664 0.00724428 0.0054124 0.00486267 -0.00604006 -0.00689593 0.00173772 -0.00189068 0.000432498 0.00141569 -0.000778082 -0.0073481 -0.00206805 -0.00310912 -0.00168843 -0.000234064 5.30792e-05 -0.00391157 0.000297821 -0.00076443 -0.000801873 -0.0018203 -0.00774063 0.00675685 0.00262844 -0.00308956 0.00204614 -0.00227531 0.00273799 -0.00149289 0.00386504 0.000637449 -0.000230558 -0.00558257 0.00528163 0.0065612 -0.000191214 0.00142951 0.00351632 -0.00732681 -0.00233524 -0.00627169 0.00184795 0.00315621 -0.00600838 -0.00594269 0.00689572 0.00681005 0.00643324 -0.00537234 -0.0045956 0.00716061 0.00174499 0.00415198 0.00531725 -0.00216287 0.00456959 0.00160095 -0.00340083 0.00575649 -0.00349458 -9.10532e-05 -0.00499236 0.00231732
40613 0.00355555 -0.000302749 -0.00707072 0.00220613 -0.000669557 0.0057256 -0.00332864 0.0064106 -0.00762985 -0.00731151 0.00318147 -0.000640294 0.003025 -0.00207746 0.00335934 -0.00139183 -0.00143199 0.00557473 -0.00445934 -0.00336084 -0.00320809 0.00180686 -0.00424691 0.00579343 -0.00299664 -0.00604545 0.000951847 0.00256398 -0.00439521 -0.00264805 -0.00423849 0.00115922 -0.00184597 -0.000991219 -0.00348708 -0.00374725 -0.00137551 -0.00199519 -0.000531907 -0.000706265 0.000554386 0.0061953 -0.000549238 -0.00309939 -0.00136912 -0.000362273 -0.00445432 0.00725137 -0.00320069 0.00259915 -0.00769991 0.00701423 -0.000798169 -0.00740712 0.00436173 0.00585791 0.000372521 0.00286226 -0.00207172 0.000129548 0.00549758 -0.000819956 -0.00265866 0.00517233
301633 0.000149328 -0.00546222 0.00225964 0.000442913 0.00535074 0.00503636 -0.00327587 -0.00663244 -0.000445496 0.00607839 0.00726973 0.00406923 0.00214121 -0.00628825 0.0047705 0.00216809 -0.00150664 0.00117572 -0.00200991 0.00698719 -0.00615644 -0.00285857 0.00620288 0.00409184 -0.00302929 0.00627671 0.00771556 0.00203696 0.00173946 0.00148552 0.00421109 0.00729594 0.0044951 0.000174495 0.0018357 0.00283133 -0.00278282 -0.00539253 0.00160465 -0.0056134 -0.00721581 0.0070597 0.00270377 0.00442999 0.00571167 -0.00649829 0.0027189 -0.00152191 -0.00431595 -0.00237615 -0.000357606 0.00367246 -0.00171142 -0.00719616 0.00622062 0.00636825 -0.0052277 -0.0073987 -0.00736032 0.00349554 -0.00776096 0.00389083 0.00233422 -0.00121872
188242 -0.000557899 -0.00621891 -0.00735521 -0.00153065 0.000449181 0.000344276 -0.00597191 -0.00772333 -0.00767517 0.00347137 -0.0025773 0.00473404 0.0023818 0.000380516 0.00573206 -0.00404644 0.00451899 -0.0016017 0.00453711 -0.00414085 0.000523567 0.00703764 0.00591326 0.00194836 -0.00546455 -0.00633049 -0.00117397 0.00740004 0.0027566 -0.00629568 0.00680304 0.00277853 -0.00168705 -0.00410986 -0.00738478 0.00554371 -0.00414801 -0.00323009 -0.00183773 0.00749874 0.0039134 0.00115156 -0.0063262 0.00374699 0.00277853 0.00326204 -0.00370789 -0.00669765 0.00395346 0.00668764 -0.00534582 0.00554609 0.00525331 -0.00722742 0.00515556 -0.00420809 0.0070138 0.00495243 -0.000355244 -0.00770998 -0.00285721 -0.00693417 -0.001019 -0.00582886
129262 -0.00760719 0.00697912 -0.00595128 0.00267526 -0.00317267 -0.00692078 0.00453691 -0.00238152 -0.00421383 0.00144733 -0.00143005 0.00718013 0.0031322 -0.00527628 0.00140588 0.00462546 -0.00227735 0.00495233 0.00390394 -0.000775682 0.00328919 -6.18828e-05 0.000944788 0.00762782 0.00507766 0.00225205 0.0050256 0.00674455 0.00385151 -0.00386799 0.0046362 -0.00529016 -0.00204769 0.00767418 -0.00535472 0.00703079 0.00269318 0.00192703 0.0010704 -0.00219876 -0.00749015 0.00122547 -0.00637904 -0.00310612 0.0010375 0.00193786 -0.00123222 -0.00331436 -0.00104326 0.00290981 -0.00639893 -0.00202575 0.00261676 0.00377264 0.00340411 -0.00585275 0.00202867 0.00371733 -0.000906458 -0.00271239 0.0056175 0.000430703 0.000229301 -0.00575162
98274 -0.00643087 0.00493443 -0.00265764 -0.00375856 -0.00126332 -0.00752291 0.00468526 -0.00414244 -0.00358528 -0.00698934 -0.0032125 -0.00662668 -0.00413882 -0.00706318 -0.00515992 -0.00182738 -0.00132751 0.00534659 -0.00712564 -0.00165811 -0.00317152 -0.00132619 0.00497053 0.00540501 0.00493045 0.00735313 0.00252303 -0.00406442 0.00235774 0.00714971 0.00655711 -0.00211143 -0.00159407 0.0020559 -0.0050637 0.00211569 0.00265105 -9.87174e-05 -0.00143287 -0.00524354 0.00345831 -0.00362025 0.000192044 -0.00681685 0.00376103 0.00174203 -0.00634382 0.00604753 -0.00284501 -0.00239867 0.00494436 0.0048388 -0.00330054 -0.0021479 -0.00483773 -0.00257429 -0.00103542 0.00720982 -0.00547837 -0.00504258 -0.00450575 0.00501084 -0.00467761 -0.00555986
291392 -0.00594929 -0.00262844 0.00121759 0.00137631 0.00254954 2.13009e-05 -0.00532742 -0.00297064 0.00364532 -0.00510017 0.00136761 8.61021e-05 -0.00433327 0.00327291 -0.003215 0.00122287 0.00422075 0.00720815 0.00712195 -0.00230008 -0.00107229 0.00265401 -0.00727323 0.00357052 -0.005966 -0.0074919 0.00647768 -0.00575674 0.00363081 0.00185484 -0.00196076 0.00373133 0.00241765 0.000759935 0.00376059 -0.00655734 0.00376658 0.00374901 0.00254557 0.00453816 -0.00449257 -0.000597666 0.00311931 -0.00573088 0.00631188 0.00717079 0.00352346 -0.00474999 0.00724646 -0.0051587 -0.00214492 -0.0042662 0.00156178 0.00182614 -0.00191101 -0.0057356 -0.00613722 -0.00489228 -0.00276538 0.000545506 -0.000340329 -0.00666478 -0.00286629 -0.00204455
347747 -0.00744615 0.00174888 -0.00379481 0.00113429 -0.00308542 -0.00626038 -0.00196892 0.00328562 0.00345346 0.000221603 -0.00183623 -0.00591355 -0.00605316 -0.0050505 -0.00522741 -0.000789643 0.00332103 -0.00506998 -0.00356496 -0.00603978 0.00407005 0.00365224 -0.00632897 0.00221906 -0.00427379 -0.00429622 -0.00685193 -0.00267996 0.00496185 -0.00558816 0.00358409 -0.00413531 0.00504677 0.00156338 -0.00744739 0.00717708 0.00607599 0.00320771 0.00136121 -0.00587982 -0.00206859 -0.000613706 0.00012104 -0.0059154 -0.00361236 -0.0010835 -0.00381215 -0.0073633 -0.00128306 0.00630091 -0.00360695 -0.00518318 0.00762675 0.00358534 0.00627944 -0.00330473 0.00615962 0.00160944 -0.00490752 0.00604788 -0.00431303 0.00727783 -0.0050191 5.39839e-05
85113 -0.00404589 -0.00345146 -0.00322404 0.0020759 -0.00623074 0.00620214 -0.000773307 -0.00669236 0.0058957 -0.00582999 -0.00339044 -0.00366261 0.00588864 0.00755584 -0.000467777 0.0012748 -0.00685587 0.00763334 -0.0034764 0.00766947 -0.00105732 0.00104866 -0.0019496 -0.00634422 -0.00592403 0.000273609 -0.0066949 -0.00670112 -0.00400698 0.00671658 -0.00706535 -0.0030624 -0.00674946 -0.00513915 0.00276026 -0.00095695 0.00246242 -0.00421674 0.00694772 0.000737138 0.000725465 -0.00655618 -0.00341817 -0.00567075 0.000696575 -0.00287376 -0.00575602 0.00352831 -0.00421741 0.00459801 0.00125336 0.00272847 -0.00232543 -0.00146842 0.00633291 -0.00701805 0.000522953 0.00606978 -0.000619408 -0.00462333 0.000604713 0.00203597 0.0016375 0.00400491
250972 0.00296113 -0.000496231 -0.00624304 0.00300288 -0.00234874 -0.000219244 0.00613505 0.000562486 -0.00325721 0.00135887 -0.00170855 0.00479491 0.00722796 -0.00549198 -0.00145382 -0.00708319 -0.00615806 -0.00175566 0.00422606 0.00408434 -0.00634046 0.00221974 0.00398504 -0.00601503 -0.00306845 -0.0025389 -0.00110203 -0.00639237 0.00546183 0.00601538 0.00641859 0.00636461 -0.00649418 -0.00572297 0.00566501 -0.00486726 -0.00681399 0.0025184 0.00739495 0.00721758 0.00183489 0.00212073 0.00592841 0.00442319 0.00684666 -0.00165668 -0.00315277 -0.00623842 -0.000517987 0.0013264 0.00506895 -0.00332297 -0.00630294 0.00578277 -0.00754467 -0.00461405 -0.00375194 -0.00439703 -0.00186318 0.00752957 -0.00761081 0.00358697 0.00640554 0.00475734
295204 0.00477613 0.00467324 0.00142696 -0.0050725 0.00464759 0.00725642 0.00321757 0.00375412 0.00161953 0.00685432 -0.00303151 -0.00649481 -0.00249479 -0.00449109 0.00251844 -0.00122153 0.00259677 0.00597291 -0.00738557 0.00353793 0.00615002 0.00652635 0.00186605 -0.00469706 0.00412332 0.00177698 -0.00639287 0.0018982 0.00731265 -0.0013775 -0.00192729 -0.000366297 -0.00733966 0.00549999 -0.00386978 -0.001879 0.00196642 0.00522741 -0.000857212 0.0038391 0.00688456 0.00670547 0.00205223 -0.00518635 -0.0053622 0.0070673 -0.00479603 -7.36048e-05 0.00262797 0.000401923 -0.00724772 -0.00700936 -0.00606083 0.00519089 -0.00224171 0.00753623 0.00490478 -0.00310706 0.00254197 -0.00468168 0.00360968 -0.0013839 0.00662538 0.0059853
278558 0.000170065 -0.00179994 -0.00518347 0.00772876 0.00353389 0.00657698 -0.00162126 0.0050736 0.00639605 0.00393597 -0.00587518 0.0074004 -0.000641061 -0.00471379 -0.00106196 0.00445769 -0.00738693 -0.000589746 0.00525219 0.00286018 -0.000407559 0.00581086 0.00544143 -0.00198829 0.007532 0.00451626 0.000712221 -0.0016645 -0.00114143 -0.00128418 -0.00760697 0.00744635 0.00153656 -0.00455513 0.00780366 0.00283865 -0.00208332 -0.00633192 0.00170245 0.00453074 -0.00182639 -0.0034965 -0.00143418 0.00627137 -0.00135069 0.00396321 0.00411469 0.00349803 0.00610487 -0.0020638 0.0040839 0.000315059 0.00461658 0.000247143 0.00102996 -0.0051196 -0.000919255 -0.00302194 0.000511775 -0.00253086 -0.00363259 -0.0025039 0.00709767 0.00267917
67488 -0.0041227 0.00553563 0.00392366 0.00115034 0.00637452 -0.000817572 0.0073633 -0.00114963 0.00517732 -0.00648083 -0.000827127 0.00509256 -0.00342076 0.00213349 -0.00136859 0.00328525 0.0078117 0.00200409 -0.000213113 0.00664614 0.00757394 -0.00053957 0.00503404 -0.00552057 0.0070834 0.0046392 0.00411822 0.00221527 0.000987945 -0.00299555 0.00613925 0.00554494 0.00719635 0.00113525 0.00420012 -0.00368914 0.004803 -0.00337752 -0.00435154 -0.0002267 -0.00295756 -0.000219007 0.000806276 -0.00642349 -0.00130978 -0.00647326 -0.000745367 -0.00602679 0.00293423 -0.00220515 -0.00728879 0.00365557 -0.00713988 0.00211823 0.00427964 -0.00731483 0.00594393 0.00663614 0.00338769 -0.00193455 0.00332522 0.00257255 0.0050482 -0.00188376
322640 0.00636327 -0.00265414 0.00387423 0.00511147 0.00175381 -0.00571485 0.00687012 0.00290895 -0.000293142 -1.08009e-05 -0.00198078 -1.03344e-05 -0.0036683 0.000891525 0.00461515 -0.0035428 0.00597784 -0.0018886 0.00413217 -0.00393773 -0.00673084 -0.0052372 -0.00123805 0.000468627 -0.00518718 -0.00664806 -0.00438178 -0.0063517 -0.00453776 0.00752586 0.00127315 -0.00683228 0.00463685 0.00499184 0.00348721 0.00465267 0.00733592 0.00382449 0.000673279 0.0033839 0.00139177 0.005779 0.0064358 -0.00256994 -0.00199674 0.00350995 -0.00468576 -7.39006e-05 -0.00609762 -0.00400506 -0.00170796 -0.00405685 -0.00387389 -0.00146203 0.00171074 -0.00277407 -0.00203589 -0.00245459 -0.000945518 0.00471398 0.00229183 -0.00720826 0.00547458 0.00314831
288330 0.00708165 -0.00102905 -0.00669931 -0.0050078 0.00175018 -0.0066261 -0.00310014 -0.00409048 -0.000307151 -0.00696464 2.06019e-05 -0.00235224 -0.00199947 -0.000217515 -0.00354352 -0.00699376 -0.00024683 -0.00447635 0.00717394 0.00693878 0.00586611 0.00686045 -0.00741075 -0.00712451 0.00188027 0.000821306 0.00605356 0.00762638 0.00322418 0.0053892 -0.00549364 -0.00702735 -0.00337023 -0.00287086 0.000347591 -0.000760635 -0.00199141 -0.00289367 -0.00277761 0.00587357 0.00134208 -0.00413378 0.00526856 0.00397709 0.00769483 0.0071109 -0.000689775 -0.00483288 0.00332331 -0.00352868 0.00578668 -0.00657826 -0.00284826 0.000721279 -0.00462496 -0.00297449 0.00239985 -0.0040012 -0.00119004 0.00147637 -0.00533462 0.00185735 0.00547769 0.00535556
338615 -0.00317322 -0.00322582 -0.00565503 0.000843299 -0.0050694 0.00563399 0.00104625 -0.00421621 0.00683173 -0.00290797 0.00678331 -0.00411086 -0.00688385 -0.000656441 -0.00717822 -0.00591464 -0.00625201 -0.0058723 0.00555841 0.00485486 -0.00707982 -0.00389918 0.000290242 0.00317528 0.0046444 0.00269113 -0.00401887 -0.00698782 0.00590927 0.00472751 -0.0052775 0.00424012 -0.00625638 0.00696742 -0.00268224 0.00619493 -0.00717064 -0.00250514 0.0050005 0.00550773 -0.0053533 0.00624489 -0.00505163 0.00698582 -0.000219171 0.000791463 -0.00534848 -0.00735267 0.000728263 -0.00471123 -0.00774899 0.00471282 0.00217175 -0.00354688 -0.00486412 0.00405026 0.00732231 0.00487737 0.00621102 -0.00411804 0.00513343 -0.00689941 -0.0055344 5.91818e-05
278475 -0.00195904 0.000457744 0.00557011 -0.0021544 -0.00655842 0.00134887 0.0036557 -0.00328043 -0.00041899 -0.00267665 -0.0035979 0.000252105 -0.00338454 -0.00779399 0.00451648 -0.00686388 0.000633418 0.00186512 0.0037555 -0.00556077 0.00375595 -0.00671049 -0.00342741 -0.00776511 0.00281471 -0.00215472 -0.00369437 0.000303361 -0.00684696 -0.00372424 0.00297133 0.00276476 -0.00126038 -0.00678833 0.00486723 -0.00311339 -6.63031e-05 0.00253125 0.00448707 -0.00735491 0.00285164 0.00256675 -0.00337812 -0.00739295 0.000972546 0.00456819 0.00393917 -0.00257504 -0.00521231 -0.00378797 0.00528443 -0.000874611 -0.00612262 -0.00303172 0.0030601 0.00668082 -0.00701007 0.00368593 0.00125167 0.00335067 0.00376104 0.000172309 0.000768469 0.0061279
347979 -0.00605497 -0.00385172 0.00205313 0.000394087 0.00144633 0.00528981 -0.00281479 0.000984662 -0.00486545 0.00272068 0.00169399 -0.00690526 8.21741e-05 -0.00574332 0.00342179 0.00689664 -0.00631216 0.00287615 -0.00153326 0.003794 0.00133909 0.00584457 -0.00488747 0.00768163 0.00417492 -0.00671266 -0.00119614 -0.00585698 -0.00641563 -0.00579259 -0.00315105 0.00344333 0.00669032 0.00103588 -0.00603768 -0.00258956 0.0040992 0.00190681 -0.000262065 -0.00311282 -0.00761937 0.00546335 -0.00760807 0.00162722 -0.00105924 -0.000772182 -0.00498507 0.00668555 0.00193993 -0.00448228 0.00640695 0.00101139 -0.00597806 0.00560948 -0.00211186 0.00158135 -0.00539525 -0.00471827 0.00306739 7.45229e-05 -0.000550622 0.00210493 -0.00181455 0.00299347
2349 0.00672571 -0.00600469 -0.00166223 -0.000410836 -0.000258448 0.00333273 -0.00285329 0.00283251 0.00360854 -0.00161645 0.000770327 -0.00499615 0.00301876 -0.00139353 0.000136213 -0.00247472 0.00151592 0.00518927 -0.00577255 0.00604237 0.00385393 0.00155047 0.00203642 -0.005662 -0.00684992 0.00331164 0.00288066 -0.00624334 -0.00288713 0.00456565 -0.00678556 -0.00251608 0.00457764 0.00478923 0.00667055 -0.00510685 -0.00238725 -0.00694345 0.00260351 -0.00691276 0.000410543 -0.0038605 0.00295893 0.00412496 0.00452763 0.00526653 0.00607498 -0.00542617 -0.000443472 -0.00320176 -0.00412132 -0.00489304 0.00139255 0.00220462 -0.00314392 0.00776943 0.00784869 0.00605762 0.00751481 0.00147994 -0.00582856 0.00117581 -0.000494216 -0.00587234
62375 0.00410652 -0.00439552 0.000622051 -0.00596014 -0.0073773 0.00468572 -0.00401199 0.00453074 -0.00487915 -0.006793 -0.00479134 0.00443431 -0.00326854 0.0052556 -0.00214348 -0.00255397 -0.00290728 -0.00707545 0.00326401 -0.00184299 0.00565304 0.00378635 -0.000302512 -0.000154818 -0.0072643 0.00371881 0.000592873 -0.00512383 0.000702551 -0.00510248 0.000784913 -1.71133e-05 0.00305745 0.00263578 -0.00171221 -0.00038514 -0.00327727 -0.0029006 0.00141671 -0.00490725 -0.00656299 -0.00467404 -0.0048816 -0.00560451 0.00564263 0.00314126 0.00492966 0.00501992 0.00412736 -0.00368881 -0.00189117 0.00583626 0.00607301 0.00595661 -0.0054539 0.00654071 0.00531744 0.00761995 0.00231438 -0.000539885 -0.00350903 0.00770907 -0.00594736 0.00594594
348456 -0.00733023 -0.0049025 0.00759867 0.00591332 0.00787331 -0.00485559 -0.00616925 0.000407688 -0.00513378 0.00383041 -0.00572647 -0.00458376 -0.00366861 0.00699607 0.00743291 6.04855e-06 -0.00690119 0.00522547 -0.00122527 0.000320932 -0.0066817 -0.0037831 -0.0058334 0.000718352 0.00291443 -0.006475 0.00707492 0.00132032 -0.00582951 0.00265653 0.00495853 0.0023347 0.00507955 0.000483156 -0.00514265 -0.00127434 -0.00633636 -0.00419478 -0.00763872 -0.0068286 -0.00726913 -7.19324e-05 0.00545361 0.00509377 -0.0023169 -0.00283049 -0.00136502 -0.00375951 -0.0070351 -0.00197186 -0.00209918 0.00267688 0.00674212 -0.00332399 -0.00703197 0.00195252 -0.00127609 -0.00481526 -0.0013141 -0.00638563 0.00789505 -0.00711716 -0.0053559 -0.00533891
310199 0.00277281 -0.00554228 -0.00554276 0.00276852 0.00247478 -0.000349522 -0.00163603 -0.00730705 0.00504637 0.00747442 -0.000304222 -0.00292873 -0.00668097 0.00437117 0.000543118 0.00659037 -0.00545406 -0.00486946 -0.00681782 -0.00620317 -0.00723505 0.0018034 -0.000992775 -0.00261641 -5.96046e-05 -0.00503778 -0.00157976 -0.0069313 0.00610161 -0.00490952 -0.000756264 0.00370121 0.00525904 -0.00403261 -0.000980854 0.00279236 0.00480986 -0.00528717 -0.00498962 0.00161028 -0.00354099 -0.000910282 0.000397205 -0.00096035 -0.000500202 -0.000126839 0.00172377 -0.00316286 -0.00177097 -0.00237513 0.00359964 -0.00613785 -0.00629234 -0.00644779 0.00195408 0.00566673 0.00727987 0.00255299 0.000599384 0.00739574 0.00605059 -0.0018878 0.00615454 0.00263309
348825 -0.006031 0.0033722 0.00676046 0.00676895 0.0045069 0.00392815 -0.00575506 0.00693008 0.00366563 0.00536495 0.00504297 -0.0006931 0.00273445 0.00554231 0.00372116 -0.00529448 -0.00192401 0.00171746 0.00651706 -0.00128952 0.00615579 0.00441398 0.00480049 -0.00228305 -0.000518343 0.00729528 0.00556583 0.00519774 -0.00512444 -0.00577367 5.5135e-05 -0.00440501 0.00665376 -0.00468053 0.00537002 -0.00135196 0.00674499 0.00673687 0.0056354 -0.00518784 -0.00563206 0.00563769 0.00103171 -0.00660219 0.0065998 -0.000285573 0.00567847 -0.00374828 -0.00276498 -0.000594244 0.000204696 -0.00394348 -0.00318239 0.00765489 -0.00771625 0.00647536 -0.00421103 -0.00605692 0.00329757 -0.00660699 -0.0075453 -0.0053841 -0.00534197 0.00161352
348857 -0.00341334 -0.00753671 0.00434064 0.00093937 0.00261024 0.00202148 0.00531039 -0.00131548 -0.00824722 0.00673565 -0.00359963 -0.000382181 0.000579156 -0.00512673 0.00456012 -0.00326421 -0.00738406 -0.00632816 0.00398566 -0.00398164 -0.00390826 -0.00470704 -0.00635612 0.00204229 -0.00747974 0.00654069 0.00497832 0.00286466 0.00496794 -0.00106955 0.001124 -0.00753437 0.00404826 -0.00381506 0.00084724 -0.00377133 -0.000144883 0.00656179 -0.00317764 0.00256581 -9.92375e-05 -0.0068703 0.00490333 -0.00276418 0.00668592 -0.00678813 -0.00622547 0.00805401 0.00660039 -0.000893081 -0.00435519 0.00213237 0.00686703 -0.00448542 0.00582003 0.000539249 -0.000598638 0.00390013 -0.0055644 0.00605909 0.00817125 -0.00780514 -0.00372797 0.00318921
37090 0.00144613 0.00310588 0.000337033 0.00789536 -0.00738591 -0.00583588 -0.000663046 -0.00742115 -0.00272646 -0.00490406 -0.00139305 0.00443703 0.0014565 -0.00226255 -0.00244619 0.00666484 0.00699722 -0.00557823 0.00634721 0.00679435 -0.0020831 0.00633804 0.00346666 0.0025094 -0.0026847 0.00531512 -0.00479293 0.00324934 -0.00588719 -0.00147604 0.00258572 0.00235187 0.000550253 0.00512779 -0.00418785 0.000109304 0.00802463 0.00602192 -0.00371869 -0.000487471 0.00387846 0.00543906 0.00202528 -0.00203596 -0.00523669 0.000749293 0.00470148 0.00415899 0.00331653 0.000867197 0.00764902 -0.00342715 0.00587917 -0.000534414 -0.00448248 0.00752782 -0.00227115 -0.00547662 0.0020322 -0.00163732 0.00573718 -0.00571421 -0.00763844 -0.00684789
349023 0.0075789 0.00553389 0.00232144 -0.00555259 -0.0048992 0.0065999 0.000929527 0.00756931 0.00358295 -0.00320841 -0.00226194 -0.00501692 -0.00265951 -0.00238617 0.00210208 -0.00640248 -0.00163811 0.00399242 -0.00605355 -0.00441697 0.00445308 -0.0032942 0.000543872 -0.000589037 0.00326218 -0.00323256 0.000535691 0.00415876 0.00724194 -0.00710768 -0.00154189 -0.00777871 0.0064058 0.00365507 -0.00712003 0.00312906 -9.70457e-05 -0.00400163 -0.00779344 -0.000256188 0.00358173 0.000478732 0.00553392 0.00372335 0.00591712 0.00285445 0.00574214 -0.000604101 0.00418195 0.000623038 -0.00394292 0.00418495 0.000590865 0.00749317 0.00460628 -0.00739523 -0.00469273 0.00179928 -0.00271446 -0.00666663 -0.00395073 -0.0053502 0.00396544 -5.46108e-05
287085 0.00599492 -0.00606215 -0.00697195 -0.00110013 0.00622206 -0.00677062 -0.00591773 0.0061544 0.0056517 -0.00364881 0.00311036 -0.00711477 0.00302744 0.00307822 -0.0024803 -0.00169029 -0.00474931 -0.00118982 0.00290918 -0.00126263 0.00275888 -0.00227672 0.0066607 0.00101803 -0.00458253 -0.00493681 0.00432835 -0.00690894 0.00241392 0.00356657 0.00533458 0.000841764 -0.00676354 -0.00199124 0.00230218 -0.00694171 -0.000213072 0.00501968 -0.00356732 -0.00648355 0.00476186 0.00667923 0.00526734 0.00100988 0.00406327 0.00398508 0.00403635 -0.00181914 0.00217063 0.00225781 -0.00661224 -0.00574909 0.00502139 -0.000608999 0.00327859 0.00681804 0.00340377 0.00452712 0.00758511 0.0064587 -0.0045483 -0.00418621 -0.0033678 -0.00537631
349082 -0.00440866 0.00160637 -0.00555376 0.00427257 -0.00106278 -0.00535648 0.00249013 0.00639747 0.0053293 0.0025934 0.000610847 -0.00418343 -0.00554438 -0.00090147 0.00246963 0.00619691 0.00234448 -0.00548791 -0.00150689 -0.00272202 0.00308117 0.000965821 0.00433397 0.00734292 -0.00301949 0.00688594 -0.00155281 -0.00293437 -0.00727328 -0.00218885 0.000708302 -0.00396194 0.00287812 0.00183255 -0.00466376 -0.00407211 -0.00779752 0.00701961 -0.00267645 -0.00523038 0.00529226 -0.00237392 -0.00104941 -0.000676311 -0.0075231 0.00079196 -0.00120921 -0.00213054 -0.00200158 0.00180966 -0.00774262 0.00648715 -0.00599887 -0.00577828 0.00128428 -0.000562775 -0.00547604 0.00565251 0.00508338 -0.00174575 -0.00248775 -0.00754544 0.00678187 0.00400475
198395 -0.00129704 0.00695183 0.0052332 0.00142195 0.000985176 -0.00334188 -0.00508652 0.00246808 -0.00345046 0.000834643 -0.000331947 -0.00621873 0.00222919 -0.0063386 -0.00349942 -0.00499839 0.000812924 -0.0010367 0.000898591 -0.00398845 0.00772668 0.00595083 -0.000543365 -0.00484959 -0.00776773 -1.32003e-05 -0.00178337 0.00416019 -0.00109986 -0.00247053 0.00131156 0.000668844 0.00694677 0.00531544 -0.00199438 -0.00118623 0.000919454 -0.000292925 0.00678183 -0.00614798 -0.00466813 0.00150755 0.00768592 0.000351411 -0.00197003 -0.00257085 -0.00319187 0.00352223 0.000436224 0.0032513 -0.00660866 -0.00532001 -0.0028232 0.00323 0.000864521 0.00609561 -0.00407062 0.000188339 0.00107656 -0.000240645 0.00336136 0.00267975 0.000208357 -0.000248635
225851 -0.00155076 -0.00377296 0.000364365 0.00483978 0.000938949 -0.00713333 -0.0051592 -0.00343112 -0.00337748 6.07899e-07 0.00179111 0.000257264 0.00249423 0.00341228 -0.00175628 -0.00277907 -0.00452832 -0.00375823 0.00673449 0.00715349 -0.00469699 0.0041749 0.00572835 -0.00385839 0.00467231 -0.00335029 -0.00476658 -0.005809 0.00294033 0.00126132 0.000539785 -0.0017415 0.000302594 0.00650234 -0.00284706 -0.00348089 -0.00495321 0.00385281 -0.0027421 0.00506212 0.00408588 0.00775022 -0.00223734 -0.00205891 -0.0074659 0.00642398 -0.00271361 -0.00313362 -0.00559646 0.00256747 0.00528415 -0.00125962 0.00526351 -0.00155191 -0.00409832 0.00724509 -0.00432866 0.0068699 -0.000831159 0.00293975 0.00681137 0.00539426 -0.00257474 -0.00712421
349289 0.00173855 -0.00549573 -0.00603563 0.00525723 -0.00473322 0.000649814 0.0026954 -0.00120713 -0.000759698 0.000745772 0.000658652 0.00580983 -0.00620589 0.00427902 0.00324034 0.00636259 -0.00154701 -0.00571489 0.00499705 0.00454837 -0.000741075 -0.0043498 -0.0022525 0.00296869 0.0020479 -0.00349495 0.00529059 0.00225249 -0.00626736 -0.000122412 -0.000963129 -0.0039805 0.00169407 -0.00465621 0.00287372 0.0072907 -0.00148686 0.0016995 -0.00366695 0.00271373 0.00606376 -0.00232341 0.00660825 -0.0059046 0.00314484 -0.000148804 0.00686886 -0.00197093 0.00459603 0.00379236 -0.0027664 0.00379926 0.000286958 0.00741557 0.00489462 0.00772128 0.00553384 0.00443508 -0.00512995 0.00742501 -0.00743178 0.003143 -0.00444168 0.00214914
331260 0.00721658 0.0048527 -0.00633404 0.00174087 0.0036967 -0.0026173 -0.00559822 -0.00459775 0.00775474 -0.00376087 -0.00185059 0.00604608 0.000351896 -0.00133626 -0.00185892 0.00766841 0.000335533 -0.00650934 -0.0077931 -0.000649703 -0.00045866 0.00217141 0.00557031 -0.00137818 -0.00642783 0.00503681 0.00353955 -0.0065998 0.00161887 0.00669502 0.00630314 -0.00747771 0.00511177 0.00130657 0.00319375 -0.00513294 -0.00440169 -0.00211451 -0.00717385 0.00100017 -0.00104169 0.0068838 -0.00127083 -0.00260773 0.000903095 0.00783281 -0.00599216 0.00567385 0.000281072 0.00239864 -0.00757255 0.00199544 0.00537896 0.000439833 0.00482129 0.00167971 -0.00264613 -0.00307158 0.00777671 0.00526214 0.00316531 0.00558194 0.000250402 0.00782303
9225 0.00635685 0.00464809 -0.00342131 0.000609054 0.00763355 0.000513535 0.00229733 -0.00349198 -0.00137197 0.00354604 0.00331469 -0.00717168 0.00486971 -0.00731218 -0.00584548 -0.00552564 -0.00372425 0.00111242 0.00419051 -0.00271169 -0.00315175 -0.00725898 0.00341541 -0.00739052 -0.00693756 0.0072368 0.00634056 0.00208881 -0.00119486 -0.00223092 0.00767575 -0.0047194 -0.00128528 -0.000817525 0.00748359 -0.00739921 -0.00546562 0.00668262 -0.00219315 0.00604729 0.00432419 0.0020131 -0.00296421 -0.00549892 -0.00229242 0.00112527 -0.00379045 -0.00784121 0.00597311 0.00309175 -0.0079499 -0.00514756 0.00239024 0.00631445 -0.000922704 -0.00467465 -0.000837931 -0.00590358 0.00195851 -0.00427079 0.00706434 0.000120933 -0.00794692 -0.00337033
329210 -0.00294052 -0.00402771 -0.00553134 0.000638442 -0.00564367 0.00367964 0.00181146 0.00469053 0.00597859 -0.000788118 0.00206652 -0.00466001 -0.00121608 0.00416023 -0.00512078 3.93835e-06 0.00760228 0.00143905 0.00626764 -0.00475103 0.00266964 0.0064796 0.00459415 0.00102025 -0.00598172 -0.00735485 0.00425743 -0.00754528 -0.000847927 0.00236022 -0.00452812 0.00415451 -0.00722897 0.00216171 0.00219147 -0.00336494 -0.00363589 0.000623487 0.000391368 -2.52536e-05 0.00404857 0.00292297 -0.00132371 -0.0045875 -0.00327556 -0.00702844 -0.00228867 0.00280011 0.00624026 0.00122807 0.00559332 0.00649782 -0.00255207 -0.00409446 -0.00257006 0.000394499 -0.00147481 -0.000418274 -0.00361395 0.00296966 -0.00279894 -0.00306067 -0.0075462 -0.00455914
