6527 -0.00530963 -0.00381525 0.00454784 0.00562598 -0.00159201 -0.00682477 -0.00109235 0.00422465 -0.00442213 0.00288238 0.00300805 -0.0045716 0.00122058 0.00128065 0.000894167 0.00760607 -0.00544575 0.00258903 -0.00778222 0.00303217 -0.0048438 0.00732298 -0.000782933 -0.00747758 -0.00537542 0.000444557 -0.00570601 -0.00405526 0.00471419 -0.00476271 0.00449128 -0.0035491 0.00373957 0.00123386 -0.00193109 -0.00296127 -0.00590299 0.0052816 -0.00234246 -0.000519021 0.000144077 0.000933205 -0.00538936 -0.000945464 0.000209853 -0.00106299 -0.000965634 0.00178571 -0.00239963 0.00675199 0.00280897 0.00214113 0.00502729 0.00366272 0.00351521 0.00565483 0.0068577 -0.0065232 0.00687117 0.00276992 0.00190735 0.00516558 -0.00101245 -0.00474251
6528 0.00337491 -0.00213768 -0.00606469 -0.00422825 0.00506847 -0.00564125 0.00681541 -0.00707424 -0.00597792 -0.00718638 -0.00317914 0.00628291 0.00215562 -0.00339953 0.00277487 0.00378941 -0.00345407 -0.00647214 0.00267205 -0.00567691 0.00708417 0.00510666 9.55112e-05 0.00537314 -0.00651863 0.00602857 -0.00764732 0.00768003 -0.00712492 0.00653177 -0.0017973 -0.00198 0.000759604 0.00422613 0.000729457 0.004494 0.00300507 0.00392544 -0.000623591 0.00622173 0.00229867 -0.000517669 -0.00387556 0.00210261 0.00260983 0.00731654 -8.43142e-05 -8.52606e-05 -0.000513971 -0.00157974 -0.000528201 0.00536442 0.00107924 0.0061149 0.0035025 0.00136012 0.00378576 0.00603357 0.00643395 -0.00466504 -0.0067055 0.00239889 -0.00740091 0.00247786
20879 0.00472795 -0.00512777 -0.00645249 -0.0060984 0.000359022 -0.00518909 -7.83612e-07 0.00567779 0.00495457 -0.0016179 -0.00759786 0.00208258 0.00645774 -0.00723708 -0.000732054 -0.000646052 2.85897e-05 -0.00226247 -0.00202397 -0.00190607 -0.00370038 -0.00339883 0.00230576 -0.00518528 -0.00508632 -0.00388451 -0.00703468 -0.003255 -0.00274036 0.00702024 -0.00653358 -0.00183208 -0.00599723 -0.00503289 0.0073771 -0.00293113 0.0029226 0.00179305 -0.00739478 -0.00369408 -0.00140373 0.00165869 -0.00154352 0.00580908 -0.00343347 0.00431846 -0.000845327 0.00317794 -0.00627064 0.00267231 0.00101778 -0.00278025 -0.00462907 -0.00656582 0.00615275 -0.00547558 0.00352014 -0.00210798 0.00269801 -0.00437597 0.00769697 -0.000981203 0.00218657 -0.00256738
19218 -0.00377058 0.00130494 -0.0031683 -0.000761191 -0.00516067 -0.007464 -0.00339232 0.00611913 -0.00254143 -0.00631897 -0.00627449 -0.00318748 -0.00353037 -0.00535426 0.00352552 0.00395622 -0.00720839 -0.00377739 -0.0072489 -0.00403197 -0.00498224 -0.00651218 -0.00132766 0.000718465 0.00523136 0.0052983 0.00587419 0.00634504 0.00606546 -0.000511718 -0.00620358 0.00449169 -0.00743013 -0.000683085 0.00723706 0.00143105 0.00053721 -0.00680092 0.00727729 0.00762598 0.00114159 -0.00671455 0.00165699 0.00455951 0.00722268 0.00655421 0.00618224 0.00146715 -0.00449382 -0.0036391 0.00277911 0.00227533 0.000435469 0.00455385 0.000347528 0.00548946 -0.00737998 -0.000138316 0.00148701 -0.00389165 -0.00194714 -0.00589388 -0.00375418 -0.000659826
31823 -0.00169039 -0.00754976 0.00435925 0.00333261 0.0068574 -0.006639 0.0074172 -0.00320959 -0.00468779 0.00727415 -0.00304222 -0.00400114 -0.00688744 -0.000414848 0.00575066 0.00335789 0.00134611 -0.00674438 -0.00550938 -0.00701952 -0.00391722 -0.000603676 0.00538158 -0.00767279 0.00699282 -0.00212574 0.00209522 -0.00611544 -0.000719547 -0.00521278 -0.00478411 0.00109291 -0.00210476 0.00398684 -0.00238276 0.00490761 -0.00544691 -0.00488234 0.00263166 0.00769043 -0.00160122 -0.000897884 -0.00180054 0.000200272 0.00521946 0.00728989 0.00674868 -0.00725317 -0.0039506 -0.00417233 0.00772953 0.00627947 0.0056839 -0.00728321 -0.00181675 -0.000520706 -0.00304556 0.00348806 0.00139999 -0.0030117 0.00316143 -0.00578451 -0.00221491 0.00423861
31239 -0.00673376 -0.00221317 -0.00574597 0.00525243 0.00027325 -0.00468408 0.00309086 0.00384098 -0.00104867 -0.00208047 0.00620126 -0.00150666 -0.00530797 -0.00361327 0.00324619 0.00724754 -0.002239 0.00101147 0.00162956 0.00212365 0.000467429 -0.00496872 -0.000493428 -0.00605443 0.00652501 -0.00706437 0.00690326 0.00230632 -0.00330755 -0.0041923 0.000758887 -0.00457413 0.00333732 0.00372486 -0.000970495 0.00304844 0.00749864 0.002275 -0.00669788 0.00293173 0.00255621 0.00512994 0.0036116 0.00311625 0.000120887 0.00731392 -0.00530052 -0.00195872 -0.00504568 -0.00649028 -0.00459236 0.0023755 0.00758762 -0.00315813 0.00432964 -0.0029099 0.00305581 -0.0072663 -0.0077341 0.00621794 0.00740686 -0.00131079 0.0063184 -0.000198714
37058 0.00170851 -0.00750303 -0.0013442 -0.00352192 -0.00659418 0.00423574 -0.0057354 -0.00130033 0.000783443 -0.00572252 0.00193453 -0.00546789 0.00681257 -0.00209951 0.00158978 0.00165987 -0.0068469 -0.00734854 0.00575542 -0.00278568 0.00110197 -0.000169277 -0.00267839 0.00623989 0.00220537 0.00161982 0.00680351 0.00458813 -0.00594234 -0.00241661 0.00634623 0.00292778 -0.00536823 0.000835896 -0.0069747 -0.00110626 0.00691605 0.000732899 0.00120115 -0.00781059 0.00219345 0.00487661 -0.0054059 -0.000337601 -0.00624943 -0.000207424 0.00284672 -0.000455856 -0.000655651 0.00556755 0.000109196 0.0075016 -0.00453663 0.0013113 -0.000206947 -0.00506401 0.00546741 0.00610018 0.00365305 -0.007195 0.00276089 -0.00148439 -0.00191164 -0.00234556
25729 0.00546503 0.00632048 -0.00479078 0.00750685 -0.00313616 0.0024972 -0.000957966 0.00742483 0.00121403 0.00169563 0.00381422 -0.00198889 -0.00392294 -0.00667524 -0.00157118 -0.00395155 0.00637674 -0.00405502 0.00594473 0.0067873 -0.00115395 -0.00579739 0.00718212 0.00645924 0.000196457 -0.00390387 -0.00398922 -0.00298023 -0.0048337 0.0030489 -0.000182152 -0.000166416 -0.00346994 0.00559092 0.000212669 0.00342369 -0.000514984 0.000247478 -0.00628042 -0.00238132 -0.00626278 -0.000193119 0.00250578 -0.000140667 -0.00429296 0.00132084 -0.00634193 0.00285673 -0.00707054 -0.00661945 0.00142241 -0.000628471 -0.00256395 -0.00172377 0.00466871 -0.00231552 0.00645399 -0.00379753 -0.00536966 -0.00398016 0.00470114 -0.00725269 0.00391531 0.0013752
21807 -0.0058856 -0.00129557 0.000602245 -0.00148916 -0.00220728 -0.00406647 -0.00346375 0.0014329 -0.00725603 0.00207472 -0.00761032 -0.000625134 -0.000543118 -0.00466585 -0.000772953 0.00772858 0.001647 -0.000358105 -0.00648785 0.00468969 0.00232315 -0.00234127 -0.00157022 -0.00468922 -0.00110817 0.00317955 -0.0078001 -0.000647068 -0.00405312 0.00727987 -0.00748968 0.00151205 -0.00528097 0.00476074 0.00212574 0.00414801 -0.00029707 0.00273466 -0.00708294 0.00235367 -0.00294447 -0.000843048 0.00399494 0.00586081 0.00779581 0.00502443 -5.10216e-05 0.00574589 -0.0014863 0.00428677 0.00236702 -0.0051856 0.00262451 0.00333309 1.14441e-05 0.00211096 0.000500679 0.00158167 -0.00541067 0.000453949 0.00526094 0.00379562 -2.38419e-05 0.00680113
44811 -0.00368244 -0.000600596 -0.007533 -2.31942e-05 0.0067809 -0.00181281 0.00490447 0.00681395 0.00695974 0.000754943 0.00291267 -0.00311276 -0.000784288 -0.00684574 0.00163392 -0.000682795 -0.00215037 0.000290965 -0.00117876 0.00382961 -0.0032631 0.00626125 -0.00492044 -0.00307127 0.00448239 -0.00499254 0.00522509 -0.00773538 0.000152441 -0.00244813 0.00355847 -0.000127747 -0.00167604 -0.00705313 0.00374242 -0.00360163 -0.00137178 0.00230499 -0.00257787 -0.00267102 -0.00704599 0.00435998 -0.000844773 -0.00360503 -0.00724446 -0.00377416 -0.000161192 -0.0018277 -0.000171302 -0.000316476 -0.00185088 0.00283093 -0.00768142 -0.00698654 0.00592925 -0.00280305 0.00552297 0.00609217 -0.00614523 -0.00149386 0.00428876 -0.000589771 0.00149663 0.00193482
28610 0.00168469 -0.000919696 0.00311941 0.00332883 -0.00462455 -0.000538429 0.00318596 -0.00504495 0.0051842 -0.00472308 0.000351486 -0.00338184 0.00106285 -0.000570297 -0.00450157 0.00373628 0.00602165 0.00222129 -0.00250495 -0.00632361 0.00637438 -0.00737526 -0.00231315 -0.00360821 -0.000283742 -0.00157198 0.00587217 -0.00451999 0.0037789 0.000259234 -0.00263832 -0.00538665 -0.00694472 0.00384539 0.00221569 -0.00103183 -0.00485069 0.000919658 -0.00189925 -0.00311642 0.00128576 -0.00655874 -0.00410192 0.00493325 -0.000741443 -0.000694771 -0.00514893 -0.00646838 0.0040502 -0.00435852 0.00741785 -0.00667795 0.00244315 -0.00144966 0.00346642 -0.00460975 0.00035041 0.00141088 0.00614813 0.00599507 -0.00619451 0.00207513 0.000244981 -0.00183715
773 0.00753784 -0.00367355 -0.00543451 0.00780296 0.00536633 -0.00222969 -0.00590992 0.00764132 0.00322008 0.00656986 0.00420618 -0.00318432 0.00291395 0.00345755 -0.00593519 -0.000757217 -0.00167274 0.00210476 0.00444794 0.0027709 0.000710964 -0.000276566 -0.000891209 0.00223875 0.00646591 0.00112915 0.00404453 0.00539351 -0.00520277 0.00249004 -0.00680161 -0.0066309 0.00358915 0.000675678 0.00252438 0.0071106 -0.00410414 -0.00743008 -0.00658751 0.00769186 0.00288916 -0.000989914 -0.00572062 -0.00558186 0.00567245 -0.000415802 -0.00554943 -0.00259304 -0.00508308 0.000453949 -0.00586224 0.00666523 -0.00114822 -0.00356388 -0.00286388 0.00123024 0.00294733 0.00262928 0.00629854 -0.000234127 0.00494337 -0.0050478 -0.00409317 -0.000687599
53538 0.004756 -0.00327881 -0.000542011 0.00490738 -0.00689777 -0.000896806 0.00191282 1.52757e-05 -0.00507833 0.00149432 -0.00424165 0.00411925 -0.00543359 0.0013573 0.00279286 0.00276465 0.000345018 0.00351594 -0.00634712 0.00501218 0.00488281 -7.1666e-06 -0.000955905 -0.000765672 0.0071459 -0.000693639 0.00165515 -0.00609945 0.00150476 0.000701336 0.00109053 -0.00486962 5.09591e-05 0.00250324 0.00201958 -0.00674725 0.000156865 -0.00433902 0.0066894 -0.00367738 0.00172787 -0.000119597 0.00245144 -0.000582415 -0.00188606 0.00588875 -0.000632179 0.00793544 -0.00513603 -0.0012425 -0.00784731 -0.00395289 0.000470065 0.00271156 -0.00110836 -0.00350289 0.00760146 0.0018048 -0.0083699 -0.00491546 -0.00161462 0.00224192 -0.00505167 -0.000409832
71123 0.00279918 0.000740048 -0.00557499 -0.0063669 -0.000741794 0.00102294 0.0024005 -0.000179222 -0.00725742 -0.000628405 -0.00713371 -0.000448227 0.00594512 0.00049069 0.0037815 -0.00639413 0.00264461 0.00500466 4.66504e-05 -0.0024842 0.00177103 0.00560359 -0.00739601 -0.00328872 -0.00684398 -0.00529979 -0.00680946 0.00683497 -0.00646498 -0.00579095 -0.00324922 -0.00630312 0.00719122 0.00128069 0.00514754 -0.0017805 -0.00208437 0.0021261 0.00198636 0.00301158 -0.00503028 -0.00473381 0.00425691 -0.00431695 0.00197797 0.00334451 0.00552763 -0.0016422 0.00430508 -0.000657077 -0.0020677 0.00472512 -0.00773334 -0.00733281 -0.0014736 -0.000215749 0.00142624 -0.00271528 0.00139973 0.00147377 0.00544721 0.00267232 -0.000461676 0.00686586
60590 -0.00525917 -0.00284801 -0.00283308 -0.00310556 -0.00358402 -0.00584735 0.0016447 -0.00740488 -0.00744413 -0.000652175 -0.00666562 0.00634697 -0.00489847 -0.0044773 0.00243264 0.00367547 -0.00215515 -0.00658379 -0.00508035 0.00116011 0.00223894 0.00431784 -0.00623117 -0.00537436 -0.00660952 0.000114441 -0.00391134 -0.00115025 0.000835259 -0.00278625 0.00382783 0.00266168 -0.00493726 0.00186552 -0.00609461 -0.00475896 0.00465743 0.000256473 0.00458944 -0.00702511 0.0017732 -0.00346421 -0.00744545 0.00384647 0.00331242 0.000897578 -0.00321132 -0.0011948 -0.00187814 0.00218957 -0.00239703 -0.000241964 0.0068041 -0.00122961 0.00746005 -0.00614629 -0.00592596 -0.00250892 0.000572033 0.00210802 0.00233571 0.00746294 -0.000966118 -0.00272483
71381 -0.00749564 0.000714773 0.000596394 -0.00175868 -0.00510301 0.00764856 0.00345676 0.00479546 -0.00632068 0.00624201 0.000719081 0.00669291 0.00707164 0.00761168 -0.00359725 -0.0041007 0.00574199 -0.00287025 -0.00564195 -0.00243938 0.00643523 -0.00762693 -0.00403172 0.00167227 -0.00140091 0.00279084 0.00465456 -0.00165129 -0.00494622 -0.00414728 -0.00440632 -0.00119727 0.00403528 -0.00180567 0.00443099 -0.0051558 -0.00445358 -0.000742802 -0.00353997 0.00469601 0.00316974 0.00448691 -0.00146976 0.00176812 -0.0038868 -0.00054823 -0.00123424 -0.00115001 0.0072534 6.57957e-05 0.00243549 0.0066539 -0.00492356 -0.00288541 -0.000827019 -0.00156212 0.00361885 0.00153643 -0.00435356 0.00543115 0.00457694 -0.00134838 -0.00626022 0.00693989
49282 0.00131373 0.00209495 0.00578721 0.00470297 -0.00253312 0.000458394 0.00258934 -0.00773006 0.0042393 0.00199669 -0.00444495 0.00667083 0.000679773 0.00256924 0.00678067 0.00320166 0.00617253 0.00487545 0.00529085 0.00745927 0.00731709 0.00492443 -0.000226 0.00297598 0.00719363 -0.00168605 0.0053238 -0.00621747 0.00338162 0.000858712 -0.00100921 -0.0025135 0.00416114 -0.00740054 0.00258799 0.000185549 0.000702942 0.00102627 -0.000316301 0.00566745 0.00340035 -0.00289442 -0.00121344 0.00723532 -0.00215985 0.00771995 -0.00259722 -0.00370602 0.00764004 -0.00657793 -0.000191285 -0.00461667 -0.00688692 0.00331996 0.00161474 -0.00529502 -0.00672567 0.00107402 0.000406579 -0.00394493 0.00423523 -0.00134263 0.00674167 0.000450949
6132 0.00284863 -0.000112057 0.00599146 -0.000106812 -0.000980854 0.00182104 0.00169659 -0.00325346 -0.00677967 0.00741673 -0.00261307 0.00443745 0.00509262 0.000997066 -3.29018e-05 0.00387049 0.00245762 -0.00231361 -0.00425053 -0.00316954 0.00572491 0.0067091 -0.00191784 0.00704336 -0.00585175 0.00564814 -0.00771427 -0.00276756 -0.00179338 -0.000611782 0.00202036 0.00635099 0.00457954 -0.00471544 -0.00661039 0.00651503 -0.00451088 -0.000451088 -0.00284672 0.00258017 -0.00112247 0.00700617 -0.00651646 -0.00112486 0.00244284 -0.00453711 0.00213623 -0.00333261 -0.00136948 0.00622511 0.000591278 0.00624609 -0.00202703 -0.00612402 0.00366449 0.00282288 -0.00337458 -0.00440168 0.00527048 -0.00236607 0.00112104 0.00627995 0.00645876 -0.00280046
75408 0.00245229 0.000301409 0.00227907 0.00649286 0.00240623 0.00197469 -0.00465665 0.00521709 0.000165182 0.00458444 0.00251163 0.00618195 -0.00526067 -0.000234245 -0.00294662 -0.000470194 0.00558223 -0.0045806 0.00371605 0.00207957 -0.00532058 0.00166658 0.00695284 -0.00106344 0.00467484 0.00480682 -0.00112858 -0.00296611 0.00687344 0.00230994 0.000239595 -0.0062533 0.0066033 -0.00691313 0.00521452 0.00146512 -0.00551487 -0.00310422 -0.0045675 -0.00596485 -0.00612164 -0.00335673 0.00608437 -0.00538351 -0.00385752 0.00262918 -0.00120441 -0.00221131 0.00301799 0.00761233 0.00776185 -0.00653691 -0.00140543 6.19323e-05 0.00195592 0.0040426 -0.00753324 -0.00758891 -0.00736606 -0.00526934 0.00291108 -0.00268442 0.000209067 -0.00718783
44696 -0.00255156 0.0019207 0.00353432 -0.00751019 0.00255203 -0.00108385 0.00179625 -0.00304031 -0.00596476 -0.00125122 -0.000806332 -0.00555038 -0.00121784 0.0038662 -0.00431585 -0.000294209 0.00327253 -0.00528049 -0.0028162 0.0048337 0.00622892 0.0014658 0.00362492 0.00282526 -0.00188303 -0.000880241 0.00369596 0.00519753 0.00176668 -0.00322628 -0.00273418 -0.00143814 0.00371695 -0.0038352 -0.00383663 -0.00410604 0.00429821 0.00270605 -0.00692511 0.00231981 0.000426769 -0.00135374 0.00547647 0.00431156 0.00413609 -0.00104189 -0.00313902 0.00523949 0.0045557 0.00588179 0.000932217 -0.00258684 0.00762129 -0.00165033 0.00102425 0.0029459 -0.00127268 0.00658178 -0.000208855 -0.00455809 -0.00615168 0.00184298 0.00329781 0.00671768
84885 -0.00680919 -0.00469052 -0.0047793 -0.00383264 0.00232271 -0.00151812 -9.2847e-05 0.00574885 -0.00120471 0.00314502 -0.000596627 0.0066788 0.00730665 -0.00545606 0.00131854 0.0059953 0.00644235 -0.000186939 -0.00152409 -0.00541408 0.00219653 -0.00562463 0.00415539 0.0037199 0.00404241 -0.000111746 -0.0068541 -0.00554873 -0.00538877 -0.00631261 0.00421821 0.00474367 -0.00276648 0.00710019 -0.00533689 -0.00691505 -0.00737121 0.00341935 -0.00334398 -0.00525363 0.00713606 0.00678082 -0.000471682 -0.000922673 -0.00301862 -0.00686899 -0.00228634 0.00115998 -0.00526357 0.00146432 -0.00132526 0.0034542 -0.00164161 0.00442876 -0.00252467 -0.00358752 -0.0057639 -0.001415 -0.00646194 -0.000145481 -0.00281082 -0.00433944 0.00743068 0.00321618
70890 0.00242217 -0.00514599 0.00177347 0.00118082 -0.00354263 -0.0013164 -0.00722086 -0.00457487 -0.0011986 0.00733311 0.00686611 -0.00593581 0.00253521 -0.00745839 -0.00398993 -0.00317187 0.00306799 0.00752528 0.00721 -0.000162352 -0.00108681 0.00764719 0.00161097 -0.00536567 -0.00241988 -0.00531473 -0.00726283 -0.00729522 0.00451505 -0.00442275 -0.00621283 0.00448624 -0.00367918 0.00448923 0.00566734 0.00374991 -0.0026875 -0.00714628 0.00448241 -0.00608566 -0.00512341 0.00650816 0.00399386 0.00415508 -3.75964e-05 0.00188102 -0.00460678 0.00675189 0.00427784 0.00269794 -0.00361609 0.00531048 -0.000632529 -0.00533771 -0.00410828 0.00441938 -0.00300964 -0.000913611 -0.0044354 0.000565716 -0.00284014 -0.0070982 -0.00328972 0.00205264
92556 -0.000596728 0.00662679 -0.0069189 -0.00110224 0.00359697 0.00535346 0.00580464 -0.000334955 0.00253999 -0.00663226 0.00240284 -0.00588827 0.00586932 -0.00534781 0.000819022 0.00494376 0.00390013 0.00631776 -0.00142908 -0.00552568 0.00512976 -0.0016502 -0.00373633 0.00741059 -0.00745941 -0.0051178 0.00449759 0.00372322 -0.00358486 -0.0021133 -0.0075155 -0.00274925 0.00223005 0.00674678 -0.00488146 -3.4687e-06 0.00167806 0.00446593 0.00770216 -0.00184626 -0.000936422 0.00742332 -0.00451104 0.00643913 -0.000777872 0.0025648 0.00678928 0.00415622 -0.00662935 -0.00564643 -0.00312054 0.00384713 -0.000626803 0.000432738 -0.0071427 -0.00723748 0.00138004 -0.00021048 0.00390778 -0.00239013 0.00142936 0.000849057 -0.00594699 -0.00142318
93417 -0.00299501 -0.00202131 -0.00638485 0.0042243 0.00295401 0.000882149 -0.00507689 -0.00221968 -0.0054369 -0.00222731 0.00550747 0.00499725 -0.0004673 0.00586033 -0.00223875 -0.00693226 -0.00326443 -0.00710678 0.00313568 0.00700617 0.00597525 -0.00621843 -0.00331736 0.00372601 -0.0047822 0.0037961 0.00703239 -0.00727797 0.00519943 0.003335 0.00404596 0.00631285 -0.00712061 -0.00733709 -0.000790596 -0.00729084 -0.00324106 0.00098896 0.00476313 -0.00140667 0.00053215 -0.00482655 0.00536966 0.000115871 0.00435305 -0.00383711 -0.00542736 -0.00100946 -0.0073247 0.000330448 -0.00451946 -0.00741434 -0.00455618 -0.00180292 -0.00708628 -0.0027914 -0.0058918 0.000201225 -0.00666618 -0.000908852 -0.00577068 0.0026226 -0.000833511 -0.00334644
84636 0.000522137 0.00645828 0.00446177 -0.00706244 -0.00264168 0.00672197 0.00162458 -0.00760317 -0.00129795 0.00246811 -0.00321007 0.00156784 0.00487089 0.00751686 -0.00767565 -0.00593519 -0.00740862 0.00279856 -0.00347757 -0.00434017 -0.00549507 -0.00220013 0.00336266 -0.000100136 0.0039587 0.0014019 0.002388 -0.0049777 -0.00439024 0.00709105 -0.00717735 0.000115871 0.000809193 -0.00403452 -0.000504494 0.000664234 -0.00295639 1.04904e-05 0.00218105 -0.00607347 0.00352049 -0.00531054 -0.0053277 0.00303268 0.00155497 0.00708151 0.0070796 0.00462437 -0.00628185 0.0054822 -0.00483608 0.00392628 -0.00772381 0.00357246 -0.00729752 -0.0010519 0.000885963 0.00757742 -0.00680876 0.00520134 -0.00117683 0.00513887 0.00376272 0.00763178
95468 0.00733328 -0.000672817 0.00324345 -0.00446987 -0.00261831 0.00526524 -0.00277185 -0.00600624 -0.000352859 -0.00283623 -0.00414467 -0.00229883 0.00415182 0.00449705 -0.00222635 0.00182533 -0.00524521 0.00135803 -0.0065074 0.00459385 0.00277615 0.00647736 -0.00652504 0.0044508 -0.00627947 0.00670004 0.000422955 0.00694942 0.00262976 -0.0036025 -0.00639248 0.00183344 0.00390053 -0.00439501 0.000946522 0.00356293 -0.00640631 -0.00437355 -0.00144291 0.00635767 0.00445843 0.00738478 -0.00526571 -0.00609922 0.000435352 0.0050087 0.00683737 -0.00460052 -0.00413465 0.00244617 0.00677776 9.53674e-06 0.00242615 -0.006917 -0.00327921 0.00257921 -0.00724173 0.00578594 -0.00617933 -0.00727558 -0.000557423 0.00735092 0.00747347 0.00392723
91767 0.00718473 -0.00157365 0.00670313 0.00343758 0.0058691 0.00238871 0.00748157 0.00510876 0.00574115 -0.00493072 -0.00101665 -0.000525924 0.00307205 -0.00628606 0.00401656 0.00232825 -0.00150327 -0.00719027 0.000770622 0.00761288 -0.00732676 -0.00761105 -0.00123891 0.0024034 -0.00593661 -0.000235382 0.00316739 0.00123813 0.00670917 -0.00224129 0.00192693 -0.00455257 0.00347744 -0.00590049 0.000738651 0.00462966 0.000939899 0.005516 0.000486567 0.00323344 0.00757589 -0.0042576 -0.0021201 0.00630835 0.00278806 -0.00131087 -0.0047532 0.000352198 0.00630796 0.00727095 0.00207842 -0.00251532 -0.000816152 -0.00203584 0.00155772 0.00499901 -0.00463296 0.00216641 -0.00672831 -0.00692671 0.00373713 0.000651059 0.00196808 -0.00323308
96435 -0.00291894 0.0025341 -0.00764796 0.000196266 0.00199031 -0.00405014 0.00424665 0.0052842 0.00112022 0.00139946 -0.00570226 0.00518998 -0.000384958 -0.00399859 -0.00716354 0.00531078 0.00759042 0.0053035 0.00234388 0.00213983 -0.0040892 -0.0013547 -0.00337594 0.00242723 -0.00424201 -0.000719884 0.00485008 0.00580305 -0.00437551 -0.00202079 0.00611534 0.00445917 -0.00699465 0.00136841 0.00379158 -0.00101461 -0.00556657 0.00782796 0.00619632 0.00715848 -0.00629649 0.00776179 0.00401957 0.00289455 0.00264107 0.00472358 -0.00222827 -0.00622301 -0.00688994 -0.00295659 0.00755986 0.00581778 -0.00438904 -0.0052913 -0.00363344 -0.00506433 -0.00438145 -0.00395241 -0.00229647 -0.00121444 -0.00403141 -0.000934367 0.00281455 0.00600053
31654 -0.00184441 0.0021286 -0.00743008 -0.00698042 0.00425243 0.00759077 -0.00252867 -0.00309229 -0.00551605 -0.00190163 -0.00620794 0.00514793 -0.000719547 -0.00753164 0.00125599 -0.00346613 0.0014348 -0.00396252 0.00486517 -0.0068922 0.00583982 -0.00234509 0.003016 0.00507069 -0.00298452 0.00106716 0.00761223 -0.00675154 -0.00317812 -0.00744963 0.001544 -0.00295401 0.00507736 0.00446606 0.00734377 0.00554132 0.00423574 0.00470352 0.00676203 0.000909328 -0.00166988 0.00607252 0.00570011 0.0018177 0.00171804 0.000610352 -0.000133514 0.00473547 -0.00528479 0.00347948 -0.00502777 -0.0054431 -0.00397968 -0.00106478 -0.00692129 0.000594139 0.00339222 -0.00509644 0.00516224 -0.00565577 -0.000635624 -0.00572205 0.00151205 -0.00428057
45602 -0.00778352 -0.0042949 0.000659905 -0.00338351 0.00765762 0.00399813 0.00523648 0.00610283 0.0016685 0.00621384 0.00146626 -0.00221096 0.000160616 0.00361716 -0.00448944 0.00125275 -0.00101522 -0.00714695 0.00729949 -0.00650432 0.00757956 0.00123075 -0.00486289 0.0032557 0.00405261 -0.00710617 0.00556618 0.00673873 -0.00153689 -5.62996e-05 0.00731868 -0.00358759 0.00191561 -0.002036 0.000718418 0.00401625 0.00581715 0.0059404 0.000893681 0.00669016 0.00223157 0.007699 0.00283773 -0.00256764 -0.00592614 0.00289733 -0.00457274 0.00756273 -0.00513789 0.00351631 0.00636178 0.00399507 -0.00267102 0.00282586 -0.00362134 -0.00462804 0.00540789 -0.00187296 0.00586923 0.00337789 -0.00181284 0.000866083 -0.00230022 0.000821508
108776 2.04026e-05 0.00529351 0.00200483 0.00248374 -0.000691766 0.00660682 0.0068025 0.00430213 -0.000537582 0.00757721 -0.0021379 0.0046875 -0.00775015 -0.00466805 -0.00330255 0.00550779 -0.00427716 0.000139326 0.00110937 -0.00720818 -0.00590807 -0.00241912 0.00487082 -0.00226455 -0.000341625 0.00152732 0.000786785 0.00360706 -0.00362131 -0.000458225 0.0036054 0.00235071 0.000514942 -0.00019481 -0.00334829 -0.00245908 -0.00199433 -0.00226999 -0.0051263 0.00773492 -0.00594613 0.00624476 0.00337676 0.00741631 -0.00289635 0.00474437 0.00166879 -7.18651e-06 0.00074181 -0.0023323 -0.00203247 0.0041556 0.00442414 0.00629078 0.00289821 0.00727767 -0.00385744 -0.00259539 -0.0019235 -0.00505804 7.96398e-05 -0.00576676 -0.00114824 0.00163553
63388 0.00344016 -0.00193514 0.00554088 -0.00578438 0.00545 -0.00216985 0.004571 0.00192734 0.00395362 0.0075711 0.00261982 -0.00704977 0.00471973 0.00361428 0.00249569 0.00313911 -0.00511931 -0.00122038 0.000916613 0.00386803 -0.00247337 -0.00160053 -0.00634691 -0.00302806 0.0056145 -0.000851464 0.00312782 -0.00430093 -0.00558779 -0.00565638 -0.00616303 0.00671826 -0.00565126 0.00469707 0.000190254 -0.00291246 0.00311779 0.00550911 0.00307717 -0.00511784 0.00145554 0.00316495 0.00742648 -0.00502282 0.00480687 0.00711295 -0.00335734 0.00327087 -0.00395231 -0.00581109 -0.00382768 0.00396638 -0.00154135 0.0015675 0.00148634 -0.00593932 -0.00650249 -0.00777255 0.0032698 -0.0074024 0.00489377 0.00480212 0.00449655 0.00164449
116732 0.00748348 -0.00392771 -0.00337029 -0.00552702 -0.00245857 -0.000864983 -0.00650883 0.00178337 0.007514 0.0036602 -0.00381422 -0.00021553 -0.00361824 -0.00559902 0.0027318 -0.00411129 0.00768995 -0.00671244 -0.00172472 0.000593662 -0.00485325 0.00759411 -0.00655699 0.00169468 0.00475693 -0.00312996 -0.000936985 0.00291634 0.00402069 -0.00513077 0.00512886 -0.00633097 0.000287533 -0.000722408 -0.00718689 0.00568581 0.00441504 -0.000172615 0.00053072 -0.00175333 -0.00255156 0.00761175 0.00722694 -0.00663233 0.00335169 0.00306368 -0.00235176 -0.000464916 0.00362253 -0.00647449 0.00401783 0.00474739 -4.62532e-05 0.00413847 0.00449324 -0.000691891 0.0076437 0.00546741 0.00409269 -0.0033617 0.00467205 -0.00778103 0.00657558 -0.00307274
34442 -0.00580142 -0.00235673 -0.000135506 0.00247967 0.00192448 -0.00712695 0.00698902 -0.00145097 -0.00491763 0.00129501 -0.00162936 -0.0076589 -0.003597 0.00356507 -0.00497359 -0.00684619 0.00592765 -0.00437839 0.00753284 -0.00414879 0.00357125 0.00556966 -0.00318894 0.00479045 0.00318465 -0.00179156 -0.00159825 0.00574393 -0.00215611 0.00430635 -0.00618678 0.00190675 -0.00371729 -0.00602241 -0.00483607 0.00322147 -0.00703379 0.00625924 0.00174272 -0.0070574 -0.00594788 0.00558133 0.0029023 -0.00281496 0.00235518 -0.00642627 -0.00174565 -0.00562659 0.0071514 0.00397859 0.00104773 -0.00032482 0.00559409 0.0062847 0.000719606 -0.00347906 -0.00609431 0.00544937 0.00633903 -0.000662105 -0.000729859 0.00273986 0.00449809 0.00638125
118318 -0.000191212 -0.0062604 0.000612736 -0.0058732 0.00556374 0.000565052 -0.00660229 -0.00504208 0.00572681 -0.00216341 0.00514221 0.00778675 -0.00515699 -0.00278139 0.000551701 -0.00328302 0.000936031 -0.00524044 0.00488377 -0.0052042 -2.76566e-05 -0.0037961 0.00460625 0.00693369 -0.000636578 -0.00142813 0.00317335 -0.00712347 0.00290728 0.00174046 0.00291967 4.3869e-05 -0.000743389 0.00656462 0.00437737 -0.00736904 -0.00117731 -0.00485659 -0.00285578 -0.00633526 -0.00442839 0.00603247 0.00235271 -0.00734472 0.0036211 0.00312042 0.000243664 0.00116873 -0.00177479 -0.00527811 0.00602293 0.00582504 0.00479841 -0.00775862 0.0024991 -0.00206804 -0.0062995 -0.000678539 -0.00731373 0.0011301 -0.00370407 -0.0041666 0.00586891 -0.00499487
122220 0.00631949 -0.00176601 0.00782188 -0.000200814 0.00360471 0.0045512 0.00164514 0.00141607 -0.00676588 -0.0012257 0.00507306 -0.00236452 0.00523687 -0.00446359 0.00125545 0.000344016 -0.00429042 0.00264729 0.00456919 -0.00536329 0.00100481 0.00679331 -0.00627458 0.00102065 -0.000583975 0.00151346 0.00763 0.00731051 0.0075082 0.00606036 0.00426634 -0.00453306 0.00270428 0.000648204 -0.00582164 0.000698044 -0.00249798 0.00779583 0.00135879 0.00666456 -0.00163598 -0.00493974 0.00569744 0.0056689 0.00112532 0.00128345 -0.00286117 -0.00572536 0.00740748 0.00528271 -0.00158478 0.000686299 -0.00584383 0.00113442 -0.00135508 -0.00728914 -0.0063662 0.00233934 0.000203181 -0.00579791 -0.00434773 0.00218866 -0.0054993 -0.00270599
85241 0.00311422 0.00196171 0.00687456 -0.00465536 -0.00128984 -0.00497437 -0.00445557 0.00506973 -0.00322342 0.00157595 -0.00579357 -0.000850677 0.00203323 -0.0042634 0.00261116 0.00580025 0.00159121 -0.00740385 -0.00176287 0.000540257 -0.000464916 -0.00558519 -0.00387096 0.00344419 0.00179195 0.00248241 -0.00177431 0.00644875 0.00744104 -0.00353098 -0.00618887 0.00365686 -0.00770092 -0.00592804 -0.00698709 -0.000854969 0.00344038 -0.000946045 0.00497055 -0.000389576 0.00673532 -0.00264597 0.00511265 0.00697994 -0.00330973 -0.00313711 0.00628519 0.00269461 -0.004951 0.00491667 -0.00309038 0.00129461 -0.0056901 0.0016036 0.00155497 -0.00686216 0.00387478 0.00606489 -0.00415802 -0.00549459 0.00498056 -0.00299025 -0.00643682 -0.00632191
129660 0.00337601 0.00336266 0.00669432 -0.00439119 0.00153017 0.0012846 -0.00695181 0.000653267 0.00119686 -0.00403118 -0.00775003 -0.00501633 -0.00124502 0.00258446 0.00228596 0.00689125 0.00602531 -0.00772858 0.000426292 -0.00588512 -0.00352716 0.0019269 0.00452948 0.00701666 -0.00298691 0.0049448 0.000396252 0.00211573 0.00656128 0.00726986 0.00618601 0.0008111 -0.00719166 -0.0028224 0.00581694 -0.000955582 0.00773096 -0.00560999 0.00672531 -0.0053854 0.00144434 -0.00117922 0.000795841 0.0066433 -9.15527e-05 0.00642729 0.00570011 0.000777721 0.00734043 0.00183725 -0.00328636 0.000878334 0.00197697 0.00148487 -2.86102e-06 0.00390863 -0.00459194 -0.00558138 0.00115633 -0.0056057 -0.00712204 -0.00485754 0.00257683 0.00329256
45519 -0.00335217 -0.00684929 -0.00728989 0.00764704 -0.000802994 -0.00210285 0.00457048 0.00648355 -0.00102568 -0.00489759 -0.00463915 0.00683022 0.00110769 -0.00247669 0.00573635 0.00531578 0.00452948 0.00608349 0.00250626 -0.003901 0.000426769 0.00198221 0.00389957 -0.00315905 -0.000897408 0.00445032 0.000576496 -0.00153255 0.000776291 0.00224829 0.00587988 0.0023098 0.00553799 -0.00328827 -0.00148535 0.00349998 -0.00639105 -0.00431108 -0.00260162 0.00607491 0.00237417 -0.0069499 0.00061512 0.00680065 -0.00303745 0.00748539 -0.00302601 0.00191593 0.00459242 -0.00347853 0.000848293 0.000677586 0.00632954 0.000730038 0.00630045 0.00616503 -0.00602198 0.00592232 -0.00133276 -0.00590181 -0.00174522 0.00331593 -0.00226545 0.00637293
101050 -0.00403929 0.00108051 0.00505257 -0.000553608 0.00230026 -0.00149584 0.00139427 0.00177717 0.00606966 0.00431728 0.00753689 0.00169945 0.00698566 0.0010314 -0.00501204 -0.00506067 0.000369549 -0.000667095 0.00359154 0.00377655 -0.00340509 0.00626898 0.00263262 -0.00294352 -0.001369 0.00438547 -0.00700092 0.00743628 -0.00616026 -7.15256e-05 -0.00359726 6.67572e-05 -0.00726175 0.00289726 0.00733089 -0.00778246 -0.000993252 -0.00293875 0.0068655 -0.00632238 0.00595331 -0.00289869 0.00466251 0.00180626 -0.00253439 0.000983715 0.00510025 -0.00393009 0.00179005 -0.00276041 0.0045228 -0.00592995 0.00428486 0.00712109 -0.00629854 0.00451517 0.00187302 -0.00681686 -0.00567436 0.00164318 0.0053339 0.00489902 -0.00573444 0.00654984
109862 0.00675061 0.00207905 -0.00197598 -0.00635223 -0.00188436 -0.00668512 -0.00647902 0.00473691 -0.000460725 0.00566341 -0.00623383 0.00148086 0.00659042 -0.00564511 0.00667047 -0.00695419 0.00449878 0.00754021 -0.00529543 0.00663246 -0.00633489 0.0030946 0.00122949 -0.00725433 -0.00605856 0.000415618 -0.00472644 0.00174826 -0.00252589 -0.00453079 0.00442617 -0.00623146 0.00254948 0.00262725 -0.00182295 -0.000315591 0.00724751 0.000625988 -0.00512244 0.00294045 0.000835805 0.00469234 0.00515777 -0.00601242 0.00326678 -0.00434474 0.000347244 -0.00336959 0.00613769 0.00439214 -0.00491198 -0.00225416 0.00040479 0.00506451 0.00573719 -0.00407821 -0.00214591 -0.00525471 0.00170669 0.00156001 0.00618441 0.00686692 -0.00053054 -0.000605936
131279 -0.00538367 -0.00497802 -0.00418837 0.00521986 -0.00310506 -0.00402648 8.90207e-06 -0.00526736 -0.00502206 0.00408357 0.0048648 0.00389771 -0.00256011 -0.00160801 0.00747839 -0.00647752 0.00483712 -0.00381337 0.00695202 0.00189714 -0.00763705 0.00396335 -0.00739476 -0.00764681 0.00695149 -0.00426011 0.00180174 -0.00633153 -0.000585812 0.00731256 0.00294831 0.00663926 -0.00265869 0.00589615 0.00730226 0.00536396 -0.00645472 -3.38215e-05 0.00646779 -0.00621613 -0.00107192 0.00145039 0.00240502 -0.00708369 -0.0074296 -0.00748499 -0.00790038 -0.00642115 0.00124703 -0.00485286 -0.000892005 0.00539522 0.0076323 0.00219 -6.38398e-06 0.000159423 6.9543e-05 -0.00554851 -0.003989 0.00200788 0.000538479 0.0078696 -0.00241467 0.00477234
68204 -0.00348384 0.00154573 -0.000205905 -0.00574056 0.0017017 -0.00333384 -0.000810015 0.00561546 0.00074732 -0.00256229 0.00569247 -8.88765e-05 0.00127361 -0.00577198 0.00250239 -0.00196751 -0.00335392 0.00086635 -0.00029701 -0.00524957 0.00135366 -0.00273064 -0.00709226 -0.00330278 0.00472769 0.00162931 -0.00119552 0.00277739 -0.00407188 -0.000823637 0.0026288 0.00717291 -0.00600544 -0.000390097 0.000542746 -0.00302005 0.00384937 -0.00251452 0.00155629 -0.00395709 0.0046982 -0.003337 0.00404044 0.00110319 -0.00140598 0.000265024 -0.00231092 0.000311262 -0.00551309 0.00108248 0.00395791 0.00228229 -0.000827639 -0.00141499 0.00448104 -0.00115526 0.00280151 -0.000360074 0.00621977 0.00314657 -0.00382584 -0.000783186 -0.00415268 0.00241162
55584 -0.00606419 0.0046153 0.00311821 0.00680602 0.0074371 -0.00660339 -0.00609496 0.000991424 0.00154818 0.00661139 0.000298704 0.00317184 0.000196308 0.00247566 0.00519641 0.000550685 -0.00105758 0.00241314 0.0037147 -0.00196725 0.00583992 -0.00520208 -0.00503791 -0.00132921 -0.00654387 0.00587586 -0.00368803 -0.00593701 0.00622112 0.00535006 0.00727513 0.00285698 0.00155699 -0.00605286 -0.00142212 0.0010277 -0.00209057 0.00268761 -0.00571793 0.000801959 -0.00121186 0.00740952 -0.00534441 -0.00290624 -0.000338445 0.00423962 -0.00493123 0.00671478 0.000649124 -0.00070941 0.0047412 -0.0023222 0.00328591 0.00196854 -0.00756838 -0.00366377 -0.00721203 -0.00589394 0.00714024 -0.00267808 -0.00707463 -0.00449011 -0.00600939 -0.00384108
32526 -0.00693412 -0.00546595 0.00736373 0.00301547 0.00149463 0.0077161 -0.00657876 -0.000931185 0.00572077 -0.00181073 0.000602803 0.00498255 0.000365816 0.00391998 0.00497036 0.00277827 0.00693901 0.00506672 -0.00650088 0.00132082 -0.000889193 0.000578549 -0.000884468 -0.00096453 0.00301326 0.00415415 -0.00393221 0.00257667 -0.00438943 0.00545119 -0.00383721 -0.00663745 0.00564429 0.00726173 -0.00154269 0.00533186 0.0061444 0.00266448 0.00720003 0.00635857 0.00128438 -0.00351902 -0.00245399 -0.000510931 -0.00245489 -0.0026689 0.00158456 -0.00514935 -0.00391431 0.00551389 0.00442849 -0.00772797 -0.00712193 -0.00317885 0.00748341 0.0057004 -0.00437214 0.000986455 -0.00377731 0.000145726 -0.00141041 0.00415032 -0.000916747 -0.00328364
149238 0.00483843 0.00205706 0.00427257 -0.00191924 -0.00624651 0.00623056 0.00284364 -0.00543222 -0.00235289 -0.0077029 -0.00511982 0.00147522 -0.00168873 0.00488032 0.000697728 -0.00193584 -0.00726852 0.00567932 0.00190402 0.00166854 -0.00304659 -0.00589688 -0.0016143 0.00584335 0.00768864 -0.000293328 -0.00718212 -0.00571183 -0.00226523 0.00215085 0.00585122 0.00194138 0.000201592 0.00229553 0.0054174 0.00453001 0.00317228 0.00529528 0.00660354 0.00435865 -0.00756143 -0.00447054 -0.00217432 0.00076908 0.00190798 -0.00321087 -0.00523988 0.00209368 -0.0052196 -0.00238007 -0.00145603 -0.00426777 -0.00260354 0.00639476 0.00679012 -0.00117117 -0.0017123 0.00365195 -0.00312029 0.00470282 -0.00313337 0.00734572 -0.00445273 -0.00643292
104519 0.00492729 0.00141458 -0.00356211 -0.00124564 0.00328867 -0.00516189 -0.000909855 0.00622883 0.0010994 0.00286436 -0.00508367 0.000561493 0.00119151 0.00121255 -0.00332617 0.00437898 -0.000979921 -0.00709099 0.00271404 0.00439843 -0.00709768 -0.0040676 -0.00665772 0.00475101 0.00651172 0.00362693 0.00388346 0.00389367 -0.00600203 0.00602588 -0.00070727 -0.00286244 0.00166221 -0.00252711 0.000703647 0.00225265 0.00413832 -0.00166251 -0.000308969 -0.00683695 -0.0072531 -0.000922372 0.00279955 0.00462668 -0.00118017 -0.00486441 -0.00729169 -0.00567979 0.00490616 0.0065638 0.00549054 -0.00662431 0.00507014 -0.000620427 0.00305626 0.00506239 -0.00508119 -0.00587925 0.00567896 -0.00495736 -0.00401531 -0.00312951 0.00631209 -0.00287412
130506 0.0060644 0.00688261 -0.00779388 0.00430836 -0.0063753 0.00292518 0.00070646 -0.00284065 0.00112599 0.00372504 0.00481675 0.000130449 0.00637461 -0.00209953 0.00649126 -0.000355184 -0.00264754 -0.00564966 -0.00479514 0.00672998 0.0033143 0.00173222 -0.00778615 0.00396393 0.00540248 0.00396795 -0.00778718 -0.00351811 0.00363082 0.00471969 -0.00411008 0.0019222 0.00375621 0.00307412 0.00503868 -0.00611438 6.95095e-05 0.00705472 0.000699064 -0.00516787 -0.00161429 -0.00726323 -0.00290193 0.00520512 -0.0020382 -0.00656089 0.00416332 -0.00698851 -0.00579433 -0.00610157 0.00487986 -0.00603012 -0.002911 -0.000655753 0.000742754 -0.00258096 0.00352513 0.00313031 -0.00239795 -0.00511546 -0.00445631 0.00325237 -0.000465282 -0.00457193
156726 -0.00231441 -0.00635899 -0.00730817 0.00618637 -0.0012878 0.00487396 0.00271875 0.00148014 0.0055734 -0.00757993 0.00500763 0.00608479 0.00388693 -0.00775986 0.00438834 0.00121512 -0.00100761 -0.001052 0.00225592 -0.00189886 0.00553865 -0.000241588 -0.00430286 0.00428107 0.00287132 -0.00384271 0.00683329 0.00756601 0.00677489 -0.00693218 0.00714865 0.000518716 0.00773187 0.00572196 -4.3335e-05 -0.00198798 0.0053236 0.00182963 0.000299043 -0.00731955 -0.0020504 0.00126711 0.00427633 0.00442648 0.00114893 0.000559239 -0.000347606 -0.00407734 0.00115638 0.00700672 -0.000243671 -0.00109387 -0.00587747 0.00617429 -0.00353154 0.00392623 0.00303961 0.00666618 0.00222274 0.00450658 0.00324708 0.00171464 -0.00159764 0.000130401
163496 -0.00713822 0.00699388 0.00674624 0.00365265 -0.00200885 -0.00117004 0.00751997 -0.00163508 -0.000692092 0.00553754 -0.000413405 0.00113189 0.00730832 0.00455244 0.00365655 0.00296106 0.00718843 0.0031537 0.0072272 0.0070909 0.000439137 0.0017003 -0.00350716 -0.00142631 0.00502013 -0.000798043 -0.00493432 0.00210347 0.00726527 0.00533515 0.00524422 0.0004397 0.00713017 7.43265e-05 0.00603642 -0.00557886 -0.00463469 -0.00751246 -0.00283087 -0.00676862 0.00353429 -0.00506091 -0.00687016 -0.00324429 0.00235092 0.00175341 0.00411355 -0.00698767 -0.00617112 0.00730621 0.000937647 0.00150766 -0.0070309 -0.00360026 -0.00530765 -0.00210485 -0.00430372 0.0042068 -0.00584082 0.000664096 0.00330789 0.00699798 0.00245073 -0.000844727
77779 -0.00320873 0.00641544 0.00416881 0.0037041 -0.00583244 0.00620754 -0.00581224 0.00612348 0.00604545 -0.00624171 0.000331499 0.00693371 0.00674151 0.000710406 -0.00587071 0.00655187 0.00172245 -0.00424564 0.00146664 0.00749594 -0.00341686 -0.00416769 -0.0047502 0.00316072 -0.00537909 -0.00693519 0.00584452 -9.04907e-05 0.00102588 0.00532898 0.00150635 0.00139985 0.00324356 0.00417451 0.00484991 0.00186354 0.000337698 -0.00344087 -0.00225971 -0.00480808 0.0037099 -0.00143665 0.00286169 -2.51147e-05 0.00338393 0.00577509 0.00346933 -0.00231871 -0.00501538 -0.00477622 -0.00416698 0.00298241 -0.00162803 0.00125364 0.00775521 0.00742374 0.00722936 0.0030458 0.00282612 -0.000817988 0.00342643 -0.00538699 0.00354567 0.00395161
179263 0.00689704 0.00602473 -0.00613926 0.00561457 -0.00211053 -0.0062191 -0.00342631 0.00394942 -0.00511002 -0.0063609 -0.00438304 0.00615553 6.70496e-05 0.00113403 0.00470893 0.00586251 0.00153404 0.00452063 -0.000288983 -0.00335437 -0.0051581 -0.00616803 0.000303494 -0.00467669 -0.0064905 -0.00325712 0.00216585 -0.00276144 0.00743369 -0.00405608 -0.00054144 -0.00467995 0.00518462 -0.00302221 0.00134186 3.53617e-05 -0.004338 -0.00746007 0.000636015 0.00516647 -0.00504703 -0.0020202 0.00227884 -0.00720203 -0.0017801 -0.00204285 0.00708935 -0.000131539 0.00402721 -0.00532589 -0.00475226 -0.00330375 0.00727187 -0.00273004 -0.00676077 0.00582844 -0.0069359 0.00266366 0.00291515 -0.00753987 0.00340983 -0.00519743 0.00121862 0.00255639
185945 -0.00285169 -0.00347594 -0.0074625 0.000848723 -0.00375452 -0.00138286 -0.00627464 -0.0055272 0.00526287 0.00269903 -0.00272876 0.00483152 -0.00706219 0.00290173 -0.00601867 0.00256396 0.00206054 0.00255625 -0.00676423 -0.0047673 0.00387751 -0.00045983 -0.0033782 0.00697818 4.32346e-05 0.00585519 0.00167046 -0.00173514 0.00680584 0.00353159 -0.00520369 -0.00245658 -0.0013125 -0.00344615 -0.00733003 0.00772152 -0.00418917 -0.00205983 -0.00333353 0.0062569 -0.00286807 0.00244543 -0.000667823 -0.006979 0.00426479 0.00272639 0.000904211 -0.00261417 -0.00310594 0.00610605 0.00226183 -0.000554294 -0.00686464 3.68892e-05 -0.00530849 0.00558089 -0.00547832 -0.00524453 -0.0074177 -0.00359243 -0.00474171 -0.00121094 0.00289638 0.00637396
187494 -0.00386677 0.00768357 -0.00660056 0.00417185 -0.000137063 0.0031289 0.00390084 0.00387653 0.00613814 -0.00491933 -0.00639314 0.00124367 -0.00103584 -0.00476354 0.00646011 0.00616193 0.00662129 0.00212864 -0.00311495 0.000567467 -0.00683029 -0.00651193 -0.0073785 -0.000168792 0.0048336 -0.0075377 -0.00137831 -0.000713406 0.00285513 -0.000339384 0.00669316 2.31653e-05 -0.00718361 -0.00257764 -0.000538775 0.00457135 0.00750174 0.00688705 4.31282e-05 0.00504298 0.00664147 -0.00228162 -0.00595538 -0.00505594 -5.7821e-05 0.00533488 -0.00563905 -0.00425082 0.0041464 0.0065655 -0.0036047 0.0047101 -0.000220091 0.00168359 0.00101453 -0.00443081 -0.00168947 -0.00564014 -0.00659873 0.00332715 -0.00546412 0.00543449 -0.00736137 0.00351091
90656 -0.00647736 -0.00107479 -0.00243473 0.00708246 -0.00411749 -0.00251055 0.00607681 0.00349331 0.00577593 -0.000502586 -0.0035162 0.00145864 -0.00746679 0.00644445 0.00074482 0.00270319 -0.00502586 0.00750446 0.00187349 0.00208759 0.00266743 -0.00492239 0.00451851 0.00576782 0.00623322 -0.00089407 -0.0049634 0.00439501 0.00720263 -0.00486422 -0.000441551 0.00244331 0.00453663 0.00204992 0.00322771 -0.00620556 -0.00167656 0.00569439 0.00161552 0.000276089 -0.00350189 -0.00692749 -0.00563669 0.000802994 0.00261259 -0.00104284 0.00455093 -0.00719786 0.00173855 -0.0035305 -0.00364971 -0.00204754 0.000669003 0.00222445 -0.00678825 0.00392151 -0.00113153 -0.00678539 0.00351429 -0.00212669 -0.00679016 0.00603676 -0.00657749 0.0053153
187586 0.00233221 1.90735e-06 -0.00172901 -0.00682688 -0.00509787 -0.00463676 0.00283003 0.0037899 0.00448465 0.0057044 -0.00572348 0.00374174 0.00281143 -0.00553751 0.00573397 0.00166321 0.00165367 -0.000361919 0.00731325 -0.00290155 0.00195456 0.000415325 -0.00621891 0.0020752 -0.00518847 -0.00213575 0.000786304 -0.00571203 -0.00766277 -0.00717068 -0.00748682 -0.00328064 -0.00389338 0.00504494 -0.00667286 0.00194979 0.0062294 0.00408983 2.57492e-05 -0.00150251 -0.00562382 0.00559044 0.000384808 0.00493145 0.00629473 0.000159264 -0.0060091 -0.00590467 0.00464821 -0.000266075 -0.00270128 0.00382471 -0.00728989 -0.0062027 0.00703144 0.00397873 -0.00150061 0.0063982 -0.00239372 0.00367641 0.00676394 -0.000423431 0.00483656 -0.000185966
199356 -0.00346198 0.0016032 -0.00340528 0.000753829 -0.000300206 0.00257016 0.00449431 0.00743364 -0.00521255 -0.00440594 -0.00120328 -0.00146062 0.00423721 0.00321425 -0.0043641 0.00473111 0.0064871 -0.00147911 0.00450837 0.00631615 -0.00034355 -0.00226372 -0.00773626 0.0050761 0.000211569 -3.19564e-05 0.0022865 0.00433416 0.00108515 0.00345739 -0.0031047 -0.00179838 8.33912e-05 -0.00682208 -0.00183599 0.000934236 -0.00116066 0.00400053 0.00169238 -0.00153929 0.0045096 -0.00236892 0.00437936 -0.00612633 -0.00283701 0.00207729 -0.00450406 -0.00259346 0.0044157 0.00118604 0.00226695 -0.00773574 -0.00373555 0.00763241 -0.00773202 -0.00746579 0.00729912 -0.00566501 0.00506942 0.0053319 -0.00400539 -0.00714436 0.00305491 -0.00155901
15601 0.00475353 0.00224094 0.00138243 -0.00222007 0.00522245 0.00151268 -0.00200703 -0.00634605 -0.00734936 0.00576786 -0.00161927 -0.000256585 -0.00525329 0.00633065 -0.000643925 0.00577054 -0.00288607 0.000704197 -0.00739046 -0.00422574 -0.00340334 -0.00122593 -0.00727846 0.00767898 -0.00262892 -0.00685613 -0.0062266 -0.000409531 0.0059272 -0.00133869 0.000580074 -0.00119131 -0.00567375 -0.00769601 0.00710309 0.00170273 -0.00154471 -0.000489419 0.00528493 0.00672623 0.00772453 0.00188881 0.00642227 -0.0067596 0.000454186 0.00562793 0.00278624 -0.00729057 0.000412663 -0.00652436 0.00647683 0.00353454 -0.00738244 0.00460408 0.000296556 0.00544563 -0.00368357 0.00337219 0.000606874 -0.00477543 0.00760785 0.000464983 0.00331841 0.00486192
140422 0.00103793 -0.00738607 -0.00185226 0.00696449 -0.00133739 -0.00199233 -0.0063466 -0.00371441 0.00621398 0.0024717 0.00492061 -0.00218803 -0.00437101 0.00078459 0.00673701 0.00644749 0.000247605 -0.00511791 -0.00589646 0.00184714 0.00141471 0.0073231 -0.00429007 -0.00508512 0.000263536 0.00424871 -0.00709084 -0.000214723 0.00281835 0.00478955 -0.000757715 -0.00173105 -0.00421348 0.00485499 0.00166539 0.00740272 0.00393412 -0.00739533 0.00155793 0.00644731 -0.00737301 -0.00366658 -0.00114923 0.00518185 0.00232689 0.00401789 0.00180086 -0.00663049 -0.000186889 -0.00729811 -0.00268057 0.00753355 0.00212813 0.000371303 -0.00349243 -0.00735924 0.00688182 -0.00607492 -0.00201711 0.00482902 0.00236734 -0.00195934 -0.00262747 -0.000790244
148110 -0.00174533 0.00249737 -0.00431864 -0.00374259 0.00615573 0.00569179 -0.00590445 -0.00529868 0.00448753 0.00670855 0.00664098 0.00655121 0.00483141 0.00719392 -0.000208144 0.000681879 0.00355499 -0.00661612 -0.00736678 0.00612084 -0.000748854 0.00389549 -0.00586329 0.00662133 -0.000437527 0.00538136 -0.00606398 0.00129065 -0.00454169 -0.00658541 -0.00348294 0.00414706 -0.00201654 -0.0059302 0.00248281 -0.00231973 0.00637137 -0.00708959 0.00473642 0.00414516 0.00249901 -0.00199855 -0.00270558 -0.00724239 -0.00320289 -0.00190402 0.00198724 0.00498406 0.00193956 0.00709006 0.00125062 -0.00221706 0.00615246 0.00261816 0.00109027 0.0055499 -0.00554828 -0.00324551 0.00317415 -0.00468862 -0.00415475 -4.95179e-06 0.000614688 0.000896944
61546 0.00179159 0.0069002 -0.00487648 0.00397693 -0.000680163 -0.000845222 -0.00610321 0.00704282 -0.00424514 0.000368381 -0.000121937 0.000887894 -0.00324895 0.00682989 -0.000397968 0.00571139 0.00242532 0.00040438 -0.00505604 -0.00187786 -0.00116243 -0.00767049 0.00403634 -0.00344851 -0.00646072 0.00780012 -0.00110834 -0.00747576 -0.00449826 0.00661529 0.00356346 0.000479127 0.00219629 -0.00625565 0.00668039 0.00702269 0.00461645 0.00245967 0.00572547 -0.0014179 -0.00527458 0.000582737 -0.00590375 0.00510721 0.00128245 -0.00331203 0.00479412 -0.00591089 -0.00161829 0.00588054 0.0056636 0.00655818 -0.00631568 -0.00422966 -0.0049927 -0.00583084 0.000324896 0.00349951 -0.00133889 -0.00188028 -0.00439941 -0.00226062 0.00463272 0.00555232
41422 -0.00667238 0.0043788 0.00531292 -0.00187445 0.00430489 0.00766087 -0.00427771 -0.00304651 -0.00412416 0.00440693 0.00416088 -0.00534582 0.000567913 0.00461245 0.00384998 -0.000179291 0.000186443 -0.00304937 0.000273228 0.00640059 0.000928402 -3.86238e-05 0.00263739 0.004529 0.00408792 -0.000799179 0.00200748 0.00109529 0.00664425 0.000323296 -0.00724554 -0.00513124 0.00193691 -0.00160599 0.00361156 -0.000553608 0.00533724 -0.000338078 0.00309038 -0.00365496 -0.00299501 0.00546026 0.00494051 0.00525236 -0.00587368 0.000713825 0.00402212 -0.00249529 0.00410748 -0.00265169 0.00577736 -0.00393486 -0.00700617 0.00320673 -0.00158167 -0.00569105 -0.00441694 -0.0019846 0.00601864 0.00564814 0.00151014 0.00575304 -0.00649786 0.00130129
138017 -0.00593711 0.00113029 -0.00372827 0.00133834 -0.00723703 0.00579759 -0.00617495 -0.00173713 -0.0024789 0.000846708 0.000153862 -0.0059103 0.0064177 -0.00256395 0.00226219 0.000278546 -0.00789882 0.00289677 -0.000458569 0.00477315 -0.00132228 -0.00058522 0.00604455 -7.50384e-05 -0.00171071 0.00658267 0.00528388 -0.000274049 -0.00623237 0.00107286 0.0063543 0.00256644 -0.00146834 -0.00503915 0.00607683 -0.00615413 0.00745761 0.00238268 0.00346958 -0.00399333 -0.00206284 0.00646512 0.00648196 -0.0043731 -0.00725318 0.00332385 0.00120552 -0.00259527 -0.00487557 -0.00252248 0.0045982 -0.00137064 -0.00708024 -0.00629707 -0.00768623 0.00296285 0.00584903 0.00333629 0.00760623 0.00249569 0.00562938 -0.00012379 0.00576878 -0.000763086
206293 0.000521889 -0.00407506 0.00758513 -0.00271378 0.00626828 0.00718137 0.00747998 0.00598353 0.000756794 -0.00529108 0.00732475 -0.0029966 -0.00363913 0.00612873 -0.00726713 0.000971693 -0.00251213 -0.000590279 -0.00721301 0.00614477 -0.00741566 0.00232863 0.00722442 0.00700602 -0.00201173 0.00172309 0.00310156 0.000681882 0.0070211 -0.00426742 0.00170748 3.12557e-05 0.00106237 -0.00665875 0.00341867 0.000895364 0.00194748 0.0039195 0.00499674 0.0045388 -0.00606786 0.00450261 -0.0011323 0.00120102 0.0068359 0.00543445 0.00570135 -0.000676898 0.00178468 -0.000836486 -0.00264297 -0.0077445 0.00659438 0.0061488 -0.00308963 -0.00703228 0.00240221 0.00302033 -0.00576566 -0.00332681 0.00776262 -0.00590018 -0.00558974 0.00384682
145692 0.00312362 -0.00513481 -0.00601119 -0.00701334 0.000949588 0.00204243 -0.000879513 0.00700449 -0.00166614 -0.000553445 0.00632331 -0.00570872 0.00755812 -0.0038183 -0.00385235 0.0035891 -0.00421906 0.00630842 0.00168977 -1.15148e-05 0.00721953 -0.00300389 0.00661419 -0.00487069 0.00159398 -0.00385571 -0.00266878 0.00779985 -0.0040829 -0.00464054 0.00510366 0.00245285 -0.00472828 -0.00376387 -0.00720909 -0.00725799 0.00336947 0.00697397 -0.00106452 0.00470434 0.00489567 -0.00630311 0.00556367 -0.00651675 0.00684712 0.000228831 0.0034769 0.00110165 0.000278236 0.0026085 0.00268737 -0.00648056 0.00693982 -0.00624462 -0.00682915 -0.00711958 -0.00490925 0.00465636 -0.00518412 0.0040668 -4.43077e-05 -0.00422068 -0.00209679 -0.00546111
207009 -0.000674329 -0.00367289 -0.00433654 0.00310147 0.00313569 0.00406556 0.00231659 -0.00377491 0.00617089 0.00486359 0.00126879 0.000111652 0.00698723 0.00350484 -0.00573991 0.00211332 0.00598477 0.00445248 -0.0060442 -0.000708325 -0.00350661 -0.00472432 -0.00305118 0.00419564 -0.00038561 -0.00673142 -0.00228014 0.00175322 -0.00439811 0.00276976 0.00430922 0.00179248 0.00585688 -0.00181805 -0.005242 -0.00399344 0.00292788 0.00579487 -0.000341527 0.00304599 -0.00395731 0.00672187 -0.00473527 -0.00191233 0.00254304 0.00412201 0.00404731 -0.00748187 0.00565881 0.000402892 0.000163823 -0.00420075 0.00652218 -0.00441671 0.00133663 0.00735939 0.00190001 0.00761755 -0.000490568 0.00134515 -0.00223148 0.00393433 0.000129642 0.00618533
205243 -0.00661892 0.00708892 -0.00268919 0.00396107 -0.000539014 0.00325981 -0.00223923 0.00751439 0.00109126 -0.00766181 0.00366308 0.00361255 -0.000777555 -0.00533531 -0.00657391 -0.00219594 -0.00766666 -0.00156464 -0.00648484 -0.00670058 0.000117123 0.000547452 -0.00546842 0.00327926 0.00608928 0.00388842 0.00688529 0.00250722 0.00118305 -0.00259073 -0.00396471 -0.00216147 0.00292851 0.00149558 0.00664674 -0.00212182 -0.000972619 0.00111927 -0.00278875 -0.00137103 0.00266124 0.00547311 0.0076016 0.000928021 -0.0045696 -0.00504539 -0.00714357 0.00295196 -0.00671347 -0.00651389 -0.00719205 0.000598455 -0.00504038 -0.00415593 0.00211512 0.00127271 0.00179888 0.00357236 0.00743193 0.00450855 -0.00690995 -0.00640985 -0.00674077 0.00407886
37037 -0.000711852 -0.00599869 -0.00705034 -0.00568155 0.00105084 -0.00212473 0.00205176 0.0044825 -0.00088574 -0.00102909 0.00213941 0.00438678 -0.00111383 0.00498499 0.00606401 0.000611235 0.00496936 0.000228418 -0.00192207 -0.00480133 0.00344768 -0.00624484 0.00769239 0.00129833 -0.00401693 0.000519712 0.00287988 0.00617471 0.00159482 -0.00221604 -0.00160377 -0.00194219 -0.00443864 0.000867462 0.00200322 -0.00601451 -0.00119804 0.00386416 0.0066165 -0.00224709 0.00578145 0.00747782 -0.00467769 -0.00300327 -0.00459696 0.00461989 -0.00462123 0.00641853 -0.00561805 0.00527214 0.00708582 0.000935396 -8.71953e-05 0.00240774 0.000357636 -0.00449599 -0.00304267 0.00761156 -0.00771247 0.00582834 0.00148732 -0.00450563 0.00777389 0.00678184
186674 0.00633192 -0.00525045 -0.000985622 -0.00299978 -0.0051651 -0.00636196 -0.00521994 0.00541449 -0.00725222 0.00649786 -0.00720167 -0.00758839 -0.00430441 0.000555515 0.00667381 -0.00359821 -0.00756311 -0.00134993 -0.000579357 -0.00569391 -0.000553131 -0.00580645 0.00579691 -0.00118637 -0.00108957 -0.00572729 0.00351095 0.00131273 -0.00746965 -0.000994205 0.00742149 0.00219202 0.000741005 -0.00131655 -0.00634241 0.00302649 0.000974655 -6.19888e-05 0.00279284 -0.000779152 -0.00604677 0.00622606 -0.00225592 0.00387239 0.00415182 -0.00489664 -0.00260115 0.000801563 0.000274181 0.00509453 -0.000848293 -0.00185919 -0.00497913 -0.000374317 -0.00740242 0.00229931 -0.00251055 -0.00417566 -0.000560284 0.00557232 -0.000647068 0.000658035 0.00435591 -0.00528622
125701 -0.00370979 -0.00779009 -0.00686121 -0.00438738 0.00706577 0.00419617 -0.0059042 0.00514507 -0.00202703 0.00464058 -0.00472164 -0.00278521 0.00317097 0.00181437 -0.0070982 -0.00531864 0.00487804 0.00585985 -0.00335312 0.00356293 0.00457525 -0.00205183 -0.0027895 0.0043354 0.00543451 0.00414753 0.00303793 -0.000155449 -0.00662851 0.00397396 -0.00463724 0.00215006 -0.00368214 0.00517273 0.00223064 0.0046916 -0.00338984 -0.000915051 1.19209e-05 -0.00602293 -0.00516129 0.00314188 -0.000671864 0.00029707 5.76973e-05 -0.00140953 -0.00735569 0.00730371 -0.00530624 0.00124836 -0.00454283 0.00119972 -0.00718832 -0.00473881 -0.00104475 -0.00500011 0.00569677 -0.00108576 0.00357533 -0.00388098 0.00215483 -0.00753021 -0.00178623 0.002738
170203 0.00564374 -0.00732166 0.00763237 -0.00280769 -0.0063374 0.00415089 -0.00529353 0.00632238 0.00732465 0.0065672 0.00577223 -0.00636937 -0.00421855 0.0057895 0.0014671 -0.00286829 0.00648577 -0.0050353 -0.00332573 -0.00317604 -0.00378182 -0.00671931 -0.00187552 0.00294278 -0.0016931 -0.00553482 0.00350766 0.00587473 6.20989e-05 0.0077939 0.00476721 -0.00235306 -0.000781033 0.00714297 -0.00636133 0.00213728 0.000214735 0.00323795 0.00474399 -0.00363287 -0.00295124 0.00748951 -0.0076589 0.00406784 0.000555112 -0.0074143 -0.001714 -0.00754688 0.000428715 -0.00580308 -0.000997645 -0.00433515 -0.00199168 0.00491071 0.000475025 0.00164771 0.000440056 -0.00707787 0.00282077 -0.00670115 0.00194057 -0.00661466 -0.0032497 -0.00459393
76002 0.00049448 -0.00525808 0.00452042 0.00102949 -0.00361586 0.00708485 -0.000770092 0.00381947 0.00543213 0.00193405 -0.00302315 -0.00449991 0.002635 0.00177956 -0.00125074 -0.00238562 0.00058794 -0.0061903 -0.00132465 0.00259686 0.00642872 0.00747061 0.00137901 0.00315666 -0.00061512 -0.000142574 -0.000856876 0.000152588 0.000691891 -0.00233793 -0.00762272 -0.00372887 0.00298452 -0.000895023 0.00407314 0.00628042 0.00280142 0.00644875 -0.000130177 -0.00257254 -0.00294876 0.00501585 -0.00746298 -0.00613451 -0.000409126 -0.00631094 -0.00750542 -0.00693321 0.00125074 -0.0078125 0.00505924 0.00622463 0.00759411 0.0051012 0.00165462 -0.00440121 -0.000388622 -0.00702858 0.00317621 0.00519133 -0.0014801 0.00227976 -0.000370026 0.00769615
37516 0.0019766 0.00451761 0.000508988 -0.00156326 0.0025828 0.00337375 0.00185683 9.93795e-05 0.000853312 0.00410736 -0.00345357 -0.00660872 -0.00177377 0.00216233 0.00588062 -0.00231671 -0.00209079 0.00649233 -0.0064777 -0.00523507 -0.00292035 -0.00244925 0.00731602 0.00565788 0.00692582 0.000442669 0.00761814 0.00212243 0.00712375 0.000318272 0.00034696 -0.00247649 -0.00677803 -0.000582515 -0.000588244 0.00485697 0.00341932 -0.00465013 0.00790621 -0.00446875 -0.000994444 0.00524558 0.00779542 0.00349949 -0.000935187 -0.00507402 -0.00784858 0.00697271 0.00426784 -0.00428016 0.000842665 0.00252659 -0.00539373 -0.00413584 -0.000982227 0.00505906 -0.00238701 0.00642833 0.00258142 0.000520902 -0.000406449 -0.00479359 -0.00163719 0.00374523
182274 0.00676775 0.00526524 0.0043869 0.00446987 0.00683737 0.00629902 0.0064826 0.00612497 -0.00708866 0.00232077 -0.00766659 0.000948429 -0.00394201 -0.00316525 0.00480843 0.00721502 0.00260878 -0.00100279 -0.00290728 0.00182104 -3.19481e-05 0.00645256 -0.00640249 0.00338125 -0.00384808 -0.000881672 0.00755215 -0.00681067 0.00670195 0.00203514 0.00190163 -0.00614452 -0.00518608 0.00194454 0.000442505 -0.00735188 -0.0072875 -0.00554752 -0.00480652 -0.00189972 -0.000513554 -0.00667953 0.00692987 -0.00497532 -0.00722218 -0.00251198 0.00738764 -0.00723934 -0.00669384 -0.00262547 -0.00243855 -0.00571156 0.00399065 0.000433445 -0.0025301 0.00291109 -0.00298595 0.00126028 0.00745106 0.00351286 0.00498772 0.00122929 -0.00676918 0.00384998
131756 0.00522657 0.00291149 0.00172175 -0.00523859 -0.00333353 0.00643332 0.00644037 -0.00720733 0.00641394 -0.00540956 -0.00333272 -0.00673959 0.00184461 -0.00220624 0.00104809 -0.00376741 -0.00640874 0.00625046 -0.00051139 -0.00235254 -0.00722177 0.00677335 0.00712511 -0.00303556 -0.00359938 0.00759304 0.00097006 -0.00765673 -0.0037957 -0.00106931 0.0073845 5.81697e-05 -0.00666178 -0.00579315 0.00413378 0.00460643 0.00120665 0.00654941 0.00047904 0.00303142 0.00259161 -0.005194 -0.00212681 0.00294151 -0.00166373 -0.00570598 0.00774002 -0.00477951 0.00669624 -0.00233735 -0.00212197 -0.00240642 -0.00758053 0.00335389 -0.00676163 0.00208988 0.00762997 0.000674162 -0.000166705 -0.00182379 0.00674545 -0.00289942 0.00658326 0.00275186
193541 -0.00564241 -0.0038085 0.00128269 -0.000169754 -0.00185728 0.00159502 0.00486755 0.00205183 -0.00565386 0.00165033 -0.00229549 -0.000355244 -0.0021553 -0.00545216 -0.00772047 0.00566149 0.0058136 -0.00616455 0.000443935 -0.00486803 0.0074091 -0.00535011 -0.00587034 -0.00500059 -0.00157881 -0.00222015 -0.00225306 -0.0037117 -0.00544453 -0.00658941 0.00513649 -0.00729418 -0.00207186 0.00172758 -0.000115395 0.00456619 0.00418615 -0.005898 0.00624609 0.00161076 0.00482941 -0.00484467 -0.00363541 0.00548315 -0.00597715 0.00193167 0.00290012 0.00418806 -0.00301743 0.00484562 -0.00286627 0.0061636 0.00421858 -0.00336123 0.00666475 0.00692701 0.000590324 0.00400639 0.00150824 -0.00720644 0.00471306 -0.00311422 0.00709343 0.00462675
222410 -0.00483036 0.00693512 0.00421715 -0.00449753 -0.00156021 -0.00230265 -0.00367546 0.00523758 -0.00374651 0.00548124 0.00730419 -0.00495815 0.00539875 -0.000303745 -0.000462532 0.00587416 0.00332832 -0.00269318 0.00663996 -0.000618935 0.00570774 0.00513601 0.00189257 -0.00187492 0.000505447 -0.00343466 -8.4877e-05 -0.0066433 -0.00210667 -0.00364447 0.00633383 0.00266123 -0.00569725 -0.00424194 0.000497818 -0.00426197 0.000537395 0.00603008 0.00349569 -0.0074873 -0.00521755 0.00375557 -0.00535297 0.00496864 -0.00271463 -0.00202942 -0.00565052 0.00189638 0.00255299 0.00374651 -0.00166512 0.00545073 -0.002913 -0.00403118 0.00308037 -0.00128889 0.00162649 0.00298023 -0.00506639 0.00313187 0.0065484 0.00756311 0.00207615 0.00508547
221495 0.00508104 0.00241732 0.00381852 -0.00335401 -0.00747927 -0.0072631 -0.00103647 -0.00279773 -0.00318085 -0.00421003 -0.00181297 -0.00666624 0.00677199 0.00248484 0.00485875 0.00635979 0.00507784 -0.00240011 0.00159074 0.0076737 0.00412344 0.00305848 0.00758377 -0.00076313 -0.00673109 0.00733129 0.00170408 -0.00449163 -0.00566791 -0.00499008 -0.00114225 0.00623961 0.00720359 0.00213189 -0.00468695 0.00468584 -0.00306158 0.00520643 0.00643654 -0.00206327 0.000179233 0.00639571 -0.00715584 -0.00426868 0.00209496 -0.00100744 0.00711128 -0.00608237 0.00718279 0.00262956 -0.00328977 0.00448942 -0.000804137 -0.00648484 0.00261627 -0.00232615 -0.00261994 -0.00291703 0.00166599 0.00598999 -0.00352514 -0.00315335 0.00676645 -0.00785188
185799 -0.00210456 0.00462312 0.000969022 -0.00533223 -0.00121772 -0.00746876 0.00766774 -0.00376019 0.0041523 0.00128775 -0.00217195 0.000503854 0.00765555 -6.12935e-05 -0.00189363 -0.00678278 0.00652153 -0.000924049 -0.00763793 -0.00611363 -0.00438855 -0.00768864 -0.00379154 -0.000942946 0.00627309 -0.00562885 0.00518342 0.006939 -0.00467631 1.51418e-05 -0.00582637 0.00317539 0.00669456 0.00761447 -0.00288502 0.0033143 -0.00775776 -0.00659045 0.00583836 0.00105464 -0.00609032 -0.00334937 -0.00119772 -0.00451542 -0.00535908 -0.00196286 -0.00415012 -0.00639959 0.00235596 0.00197558 -0.00476337 0.00445765 -0.000218289 0.00475593 0.00195166 0.000532168 -0.0019957 -0.00647295 0.00432966 0.00160257 -0.00226002 0.00275215 -0.00262492 -0.00698066
172901 0.00239429 -0.00362075 0.00472242 0.00438588 -0.00342847 -0.00490351 -0.00646427 -0.00277758 0.00297918 -0.00379811 -0.00541959 -0.000718222 0.00600446 -0.00306188 -0.0074892 0.00717568 -0.00476801 -0.00166136 -0.00643845 0.00210832 -0.00337237 0.000209947 0.00739579 0.00612975 -0.00104775 -0.0076642 0.00456982 -0.00739399 0.00468694 -0.00127078 -0.00437806 0.00101548 0.00186933 0.0068068 -0.00469438 0.00253254 -0.00681535 -0.00386752 0.000381849 -0.0073048 0.00372396 0.0071961 -0.00296796 -0.00132435 0.000181368 -0.00384435 0.00118956 0.00657826 0.00305994 -0.00558689 0.00477089 -0.00123428 -0.00438401 0.00634703 0.00561793 -0.00371335 0.00574791 0.0075137 -0.00688056 -0.00210321 -0.00532224 -0.00698657 0.00474561 -0.00439906
85587 -0.00749905 -0.000316885 0.000464944 0.00167754 0.00426309 0.0062487 -0.00168377 0.00276823 0.00143229 -0.00648024 0.000196884 -0.00434399 0.00746336 0.00615571 -0.00641937 0.00300323 -0.00195858 -0.00028482 -0.0033769 0.0062406 0.000212655 -0.000618467 -0.00512906 0.00548127 0.000867365 -0.0032081 0.00188212 0.00359418 0.00273189 0.00178056 -0.00095716 -0.000507751 -0.00590413 0.002102 0.00257684 0.00549644 -0.00139002 -0.000385482 -0.00356 0.00298479 0.0026369 0.000466285 -0.00455538 0.0073743 0.00485751 0.00204462 -0.0065351 -0.000638649 0.000898001 -0.00396249 -0.00288238 0.00424508 0.00717185 -0.0018248 -0.00539158 -0.00259423 -0.000513953 -0.000581355 -0.00248368 -0.00475655 -0.00516622 0.00569704 0.00504688 -0.00424048
65700 -0.00308901 -0.00262655 -0.00288104 0.00140381 0.0012129 -0.00721904 -0.00681628 0.00769126 -0.000106192 -0.00132276 0.00312135 0.00355856 -0.0057101 0.00118543 -0.00106925 0.00582879 0.00249151 -0.00027196 0.000524188 0.00353896 0.007213 0.00145622 -0.00177097 0.00560938 0.00258734 -0.0044531 0.00699155 0.00492439 -0.0067513 -0.00348915 -0.00777216 0.00611534 -0.00753396 0.00375748 -0.00729506 0.00759785 -0.000480503 -0.0020077 -0.00731028 0.00719264 0.00265777 -0.00652061 -0.0058692 0.000387887 0.00264178 0.00106766 -0.00235447 -0.00683707 -0.00478869 -0.000533575 -0.00128471 -0.00139967 3.81948e-05 0.00368269 0.00465653 -0.00713032 -0.00291248 -6.60444e-06 -0.00780889 0.00159493 -0.00190634 -0.00706136 -0.00213568 -0.00292933
14931 0.00520444 -0.00422496 -0.00429678 -0.00509642 0.00585382 0.00740312 0.00411194 -0.000880049 0.0064243 -0.00641397 -0.0005267 -0.00213387 0.00351948 -0.00533404 -0.00160716 0.0017651 0.00409131 0.00281574 -0.00337634 -0.000844294 -0.00507079 -0.00520386 0.00245026 0.00728759 0.00255872 -0.000271377 0.00634958 0.000686596 0.00336476 -0.00641779 0.0021257 0.00502387 -0.00172168 -0.00146974 -0.00586611 -0.00373017 -0.00513246 -0.0068003 -0.00445417 0.00401577 -0.00753804 -0.00452929 0.000956686 -0.00450597 -0.00460747 0.00193606 -0.000300603 0.00134078 -0.00681213 0.0051693 -0.00306175 -0.00130238 -0.00538799 0.00722566 0.00123263 -0.00495394 -0.00690975 0.00087497 0.00647372 0.00149633 -0.00347105 -0.00724735 0.00624408 -0.00462236
229541 -0.000895036 -0.00657964 0.00506332 -0.00285241 -0.00252904 0.00121469 0.00249074 0.00302232 0.00586376 -0.00085669 -0.00662539 -0.00766247 0.0017095 0.00709187 0.00530997 0.000195512 0.0060501 0.00542575 -0.000298994 0.0059202 -0.00446712 0.00658514 0.000286549 0.00333619 0.0068509 -0.00282061 -0.00583355 0.00285933 0.00562144 -0.00405554 0.00107636 0.00369177 0.00507411 -0.00332493 -0.00384983 -0.0018228 0.00691357 -0.00509199 0.00365692 7.67545e-05 -0.000384911 -0.00770801 0.000420872 0.00262706 -0.00732799 0.0056344 -0.00672008 -0.00171418 -0.00589517 0.00582089 0.00264306 -0.00217746 0.00339445 0.000936212 0.00438627 -0.00704069 0.00533982 0.00154966 -0.00042152 0.00305311 0.00552141 0.00421571 -0.00144859 -0.00561879
229542 -0.000465619 -0.00340945 -0.00489697 -0.000504209 -0.00550162 -0.00429684 -0.00143532 0.00651424 0.00625151 -0.00268978 -0.00349595 -0.00685592 -0.00539215 0.00426741 -0.00617113 0.0028926 0.00386742 -0.00361451 0.00100497 -0.00226945 0.00198962 -0.00608932 -0.0076652 -0.00550554 -0.00166085 -0.000965421 0.00372653 -7.85846e-05 -0.00404087 -0.00135681 0.000330966 0.00190111 -0.00148876 0.000579566 -0.00405428 0.00076949 0.00329396 0.00509671 -0.00780027 -0.00590169 -0.00277593 -0.00684185 0.000425908 -0.00725323 -0.0036999 0.00528971 -0.0043415 -0.00263143 0.00522654 0.00183599 0.00322292 -0.00274979 -9.13406e-05 0.000418088 -0.00478459 -0.000979985 -0.00288005 -0.00628897 0.00076325 0.00642578 0.00155604 0.00280491 -0.0021938 0.00543833
230181 0.00387096 0.00379992 0.00590754 0.00118399 0.00752974 0.00450802 -0.00512075 0.00441504 -0.00765181 -0.00657225 -0.00270414 -0.00147152 -0.00424957 0.0066328 -0.00713634 0.00366735 0.000779152 0.00345325 -0.000344753 0.00311422 -0.00051403 -0.000302315 0.00259924 0.00490236 -0.00120401 -0.006917 -0.00197363 0.0037899 -0.00625038 0.00459957 0.00339413 0.00716829 0.00333691 0.00485182 -0.00150013 -0.000586987 0.00632334 0.00224113 0.00668049 -0.00736427 -0.0027113 -0.000480652 0.00105143 0.00708818 0.000269413 0.00182867 0.000535965 0.00417328 -0.00538921 0.00151873 -0.00613213 0.00595331 -0.00333261 -0.00215912 -0.00618935 0.00221872 0.00194502 -0.00755072 0.000405312 0.00401545 9.44138e-05 0.00317287 0.00361586 0.00094986
230182 0.00170708 0.0057435 0.0073061 -0.00634527 -0.00754261 0.00219774 0.00179529 -0.000625134 0.00354004 0.000627518 0.00754976 -0.00107479 -0.00480938 -0.00436926 -0.00774288 0.00422239 -0.0077486 -0.00024271 0.00259113 -0.00409317 -0.00331783 -0.00344181 0.000415325 0.00399828 0.00660944 0.00614786 -0.00527 0.00297403 -0.0050602 -0.0067296 0.00598907 0.00359583 0.00524998 -0.00372219 0.000965118 -0.00275946 -0.000762463 0.00388575 0.00666285 -0.00555325 0.00406408 0.00498867 -0.00541401 0.00092268 0.00637388 0.00402594 -0.00614357 0.000850677 0.000699997 0.00530672 -0.00675631 -0.0061245 -0.00158739 -0.00684118 -0.00314951 -0.000657558 -0.00132942 0.00506115 -0.00336361 -0.0039463 -0.00684071 -0.00350571 0.00777817 -0.00763369
71569 0.00607252 0.000926495 -0.00744915 0.0073905 0.00674725 0.00241804 0.00621986 0.00186491 -0.00671196 -0.00699377 1.33514e-05 -0.00740147 0.00645638 0.00735712 0.00528383 -0.00158215 -0.00282764 -0.00252819 -0.00669718 0.00464678 -0.00560665 -0.0038147 -0.00582457 0.000301838 -0.00327492 -0.00525999 0.00369501 -0.00622082 0.00327873 -0.00119734 -0.00400496 -0.00127792 -0.00225306 0.000703335 -0.00730658 0.00520945 0.00434732 0.00413847 0.00639725 0.00609207 -0.00164747 -0.00462246 -0.0032568 -0.000141144 -0.0070219 -0.0028019 0.000611305 -0.00701571 0.00722218 0.00585127 -0.0034461 0.00126982 0.00206137 -0.00584221 -0.00680494 -0.00499868 0.00520992 -0.000222206 -0.00459051 0.00618696 -0.00377321 -0.00261545 -0.0057292 -0.00105333
232112 0.00656033 -0.00433445 -0.00604057 0.00256538 0.0063014 -0.00462818 0.00287294 -0.0010848 0.000989914 -0.000658035 0.00212145 0.00124598 0.00400496 0.00760221 0.00615644 0.00355816 -0.00463009 0.000960827 -0.00565815 0.00318003 0.00125647 0.00245428 8.53539e-05 -0.00548506 -0.00122452 0.00130987 -0.00428343 -0.00404978 -0.000916481 0.000658512 0.000358582 -0.00772715 -0.00223494 0.00491381 0.00209665 -0.00478697 0.00489902 0.00492239 -0.00330353 -0.00492954 2.09808e-05 -0.00444269 -0.000197887 0.00606441 -0.00686789 0.00572872 0.00673294 -0.00602818 0.00572443 0.00361013 0.00681925 -0.00192404 -0.00328064 0.000807285 -0.00485706 0.00161552 0.000413895 -0.000483036 -0.00513744 0.00337839 0.00133181 -0.00297546 0.00175858 0.000884056
232113 0.000668604 0.00406368 0.00484224 -0.00592163 0.00172079 -0.0053211 -0.00583304 0.000931623 -0.0042271 -0.00626562 0.00227727 0.00756181 0.00137543 0.0011621 -0.00751222 -0.00212132 0.00569197 0.00672071 0.00473154 0.00441258 0.0025001 -0.00420505 -0.00474018 -0.00488643 0.00328508 -0.00192901 -0.00378724 0.00577733 0.00180484 0.00178249 0.00691437 0.00737748 -0.00118948 0.00354279 0.00288902 -0.00615638 0.00758134 0.000396755 0.00751677 -0.000825853 0.00552346 0.00701159 0.00388405 -0.0016591 0.000822602 -0.000693193 0.00597254 -0.0062255 -0.00442377 0.00682193 0.00364606 -0.0067538 -0.00513956 0.00528919 0.00718148 -0.00740544 0.00214251 0.00379635 0.000901685 -0.00436746 -0.00733243 -0.00549462 -0.00146044 0.00171359
126646 -0.00596216 0.000414539 -0.00539209 0.00495 -0.00394521 0.00726522 0.00486201 -0.00619905 0.00353872 0.00615895 -0.00266398 0.00294505 0.00433422 -0.000645836 0.00143982 -0.00212518 -0.00979871 0.00281135 -0.00129598 -0.00251253 0.00842403 -0.00502029 -0.00570131 0.00292384 -0.00816072 -0.0033516 0.00812767 -0.0055692 0.00949828 -0.00137089 -0.00620707 -0.00456101 0.00230224 -3.29875e-05 -0.00867356 0.00548102 -0.00442891 -0.00698258 -0.000494254 0.000180304 0.00360661 0.00932527 0.0011941 -0.00455477 0.00281865 0.00217861 -0.00168689 0.00635244 -0.00108185 0.000298127 0.00580428 0.00286455 -0.000288305 0.00908153 -0.00644865 -0.00398889 0.00531619 0.00539034 -0.00522068 -0.00198473 -0.00740246 -0.0019769 -0.0101034 -0.00502324
160979 -0.00200929 0.0012811 0.00430555 0.00189638 -0.000897853 -0.00325225 -0.00525289 0.00738566 0.00247319 0.00712011 0.00481571 -0.00184302 -0.00508741 -0.00437103 -0.00176722 -0.000181445 0.00561136 0.00368975 -0.00427474 -0.00369469 -0.000926319 -0.00169246 -0.00512573 -0.0049426 0.00561625 -0.00124572 0.00770105 -0.00539371 0.00360068 0.00545938 0.00176129 -0.000254536 0.00137105 0.00139283 0.00640762 0.0061074 0.00703149 0.00638236 -0.00105642 -0.00696406 0.00576014 -0.00106136 0.00746962 0.00416788 0.00700638 6.54649e-05 -0.00224066 0.00433619 0.00142326 -0.00744504 -0.00763758 0.00710346 -0.0026386 -0.000328785 -0.00644412 0.000503325 -0.0044613 0.000284641 0.00206094 0.00532862 0.00391913 0.00201661 -0.00227235 0.00717869
235032 0.00382297 -0.00505151 0.00292383 -0.00666526 -0.00134819 0.00327497 0.0014642 -0.00637713 0.00713157 -0.00235844 0.00727835 0.0023679 -0.00539806 -0.00138882 0.00517083 0.00306628 -0.00597527 -0.00415033 -0.00189084 0.00499025 0.00391281 0.00740429 -0.00726949 0.00355797 -0.00760195 0.00170109 -0.000694359 0.00534785 0.00236039 0.00590002 0.00500247 -0.000104028 -0.00226371 -0.00247418 -0.00436772 0.0025196 -0.00635959 -0.00284344 0.000188813 0.0039579 0.00126177 0.00572184 -0.000543458 -0.00150474 0.00120825 0.00143094 0.00129467 0.00284213 -0.00735514 -0.00062923 -0.00182836 0.00477677 0.00345598 -0.00262248 0.000239486 0.00324915 -0.000405384 -0.000737692 0.00128887 -0.000191144 4.36996e-07 0.00204958 0.00713024 -0.00425581
41889 -0.00713587 -0.00369167 -0.00039959 -0.00635672 0.00523233 -0.00734138 -0.0027113 -0.00450611 0.000250816 -0.00239372 -0.00742865 -0.00271797 0.00135183 -0.00137568 0.00377369 0.0021677 0.00761461 0.00776196 0.00628996 0.0055027 0.00637531 0.00345993 -0.00220966 0.00566244 0.00643635 -0.00730324 0.00760984 -0.00663853 0.00740051 0.00157452 -0.0068078 0.00490522 0.000349998 -0.00224733 -0.00384998 0.00451374 -0.00648546 0.00597477 0.00080204 -0.00633717 0.00190449 -0.0017848 -0.00723886 0.00320864 -0.00544977 0.00719023 0.00418043 0.00686932 0.00394249 -0.00211143 0.00259829 0.00557184 0.000704765 -0.00725842 0.00375462 -0.00687885 0.00370502 0.000710487 -0.000321388 0.00581646 -0.00261068 -0.00409079 0.00430679 -0.00227499
154574 0.0110801 -0.00955783 -0.00160438 -0.00613745 0.0111302 0.00362576 -0.0219928 -0.0060572 0.0165455 0.00831641 0.0104704 0.00846506 0.00383405 -0.0150668 -0.000830675 -0.00539344 -0.0147132 -0.0107665 -0.0162767 0.00253287 0.00489471 0.00437047 -0.011949 -0.000401634 -0.00525142 0.0039611 0.00218765 -0.0127919 0.00687948 0.0133016 -0.0175378 -0.00645143 -0.00463143 0.0123652 0.00561568 0.00549926 0.00815339 0.0118097 0.0154896 -0.0159009 -0.00551527 0.0082462 -0.00310566 0.013975 0.00463075 -0.00561914 -0.0145821 -2.04889e-05 -0.00619548 0.00284145 -0.00895687 -0.0133154 -0.0172298 0.00471079 -0.00280693 0.00403961 -0.00122205 -0.00205905 -0.00901565 -0.0113854 0.00290506 0.0195243 -0.00966196 -0.0190176
233276 -0.00394887 -0.00732606 -0.000717827 -0.00559989 -0.00427056 -0.00214296 0.00582595 0.00206888 0.00773005 -0.00753108 -0.00222956 0.00684984 0.00399266 0.00165639 0.00580991 0.00257364 0.00625874 0.00676298 -0.00234095 -0.00539882 -0.00021242 -0.00463723 -0.00717553 0.00129394 -0.00732692 0.00710972 -0.00342921 0.00357887 -0.00341947 -0.00197535 -0.00667719 0.00492141 0.00621877 -0.00346841 -0.00371385 -0.00124142 0.00504067 -0.000676627 0.00241839 0.00623643 -0.00346123 0.000851929 0.00728777 -0.00243763 -0.00638424 -0.00316783 0.0063064 -0.000837743 -0.00190858 -0.00477293 -0.00404566 -0.00204762 -0.00448964 -0.000115838 -0.00437683 0.00740312 -0.00204941 0.00102693 -0.00568112 -0.00132616 0.00316499 -5.11338e-05 -0.000673558 0.00197169
206859 -0.00284277 -0.00749791 -0.00338385 0.00108327 -0.00696676 0.00188705 0.000222795 0.00434672 -0.000751894 0.00586151 0.00216591 -0.00542273 0.00352934 0.00662151 -0.0032984 -0.000519795 0.00575342 -0.00517816 0.00256335 0.00122789 0.000137004 0.00682229 0.00742876 0.00407002 0.000765567 -0.00181239 0.00478605 -0.00503515 -0.00402538 -0.00331302 0.00449374 0.00725163 0.0042595 0.00769216 -0.00195506 0.00505594 0.00660503 -0.00455023 -0.00719415 0.00321695 0.00684205 0.00599029 0.00520614 -0.000706985 -0.00489014 0.0060495 0.000918087 0.00638751 0.00315484 0.00280686 -0.00124865 -0.000186263 -0.00520842 0.00376531 0.000781389 0.00193378 0.000532878 0.00663612 -0.00533118 -0.00623377 0.00347911 0.000168167 0.00424789 0.00373087
214134 0.00221634 -0.00587654 -0.00379658 -0.00196648 -0.00729084 -0.00357151 -0.00588465 0.0015893 -0.00386095 0.00311804 0.00537729 -0.002841 0.00159788 -0.00310183 0.0012188 -0.00105715 -0.00334835 0.00445843 -0.00571156 0.00442076 0.00143623 0.00508642 0.000345707 0.003232 -0.00165176 0.00648546 0.00663424 -0.00421143 0.000990391 0.00215673 -0.000814438 -0.00230217 -0.00179148 0.00125742 -0.000263214 -0.00174284 0.00124788 0.00154448 -0.00737 0.00534296 -0.00763464 0.00257301 0.00488329 0.0043335 0.00292969 -0.0077486 0.00104475 -0.00536633 -0.00565004 0.00392103 -0.00335026 -0.00605011 0.00422716 0.00519562 0.00501966 0.00199747 -0.00329542 -0.00302792 0.00246 0.001297 0.00440741 0.00572491 -0.00463963 0.00236559
240672 0.000949383 0.0037446 -0.000749588 -0.00779581 -0.00235415 0.00293255 -0.00231743 -0.00348234 0.0065341 -0.00255823 0.00350094 0.0051918 0.00397158 0.000767708 -0.00650549 0.00271606 0.00565243 -0.00678825 -0.00475836 -0.00630522 -0.00330114 -0.00593185 0.0033884 -0.000481129 -0.000463963 -0.00367117 0.00417757 -0.00553989 0.00758648 -0.00611067 0.00421476 0.00726175 0.00498629 -0.00470495 -0.0014596 -0.00288677 0.00348949 0.00400734 -0.00725698 -0.00429153 0.00426435 -0.000133991 -0.00144434 -0.000727177 0.00324011 -0.00453424 -0.00732088 -0.0071187 -0.00540876 -0.00100088 -0.00736141 -0.00278664 -0.00273609 0.00417042 0.00504637 0.00442982 -0.00336933 -0.00503111 7.96318e-05 0.00582314 -0.00194359 0.00778437 -0.00432968 -0.00644779
188944 0.00636253 0.00425294 -0.00102612 -0.00153183 0.00279409 0.00378597 -0.00215695 -0.000420888 -0.000441132 -0.00582797 0.000584628 0.00127139 -0.00710732 0.00744225 0.00246103 0.00463351 0.00475978 0.00448288 0.00455664 -0.0024341 0.00238947 0.00107058 -0.00633397 0.00141514 -0.00515468 0.00236761 0.00728144 0.00292936 0.00390848 0.00606712 0.00748549 -0.0034182 0.00246428 4.68827e-05 -0.000563559 -0.00304126 0.00438315 -0.00306746 0.00741512 -0.00350462 0.00769255 -0.00068256 0.00195848 -0.00591183 0.00566529 0.00100123 0.00076782 0.00672923 0.00319981 -0.00367184 -0.00244123 0.00295916 0.00205278 -0.00715662 0.00532865 -0.00179282 0.00258588 9.67523e-05 -0.00647657 -0.00026077 -0.000118665 0.00538923 0.0047769 -0.00344223
230477 -0.00766167 0.00205868 -0.00359785 -0.00732573 -0.00477032 0.00482508 0.00511803 -0.00217586 -0.00114658 0.00641819 -0.00726471 0.00703703 0.00534657 -0.00158837 0.00231415 0.00640495 0.00512769 -0.00420991 -0.00196204 0.0055288 -0.00417769 -0.0012657 0.00313043 -0.00593513 -0.00165464 0.0044944 0.00232487 -0.00590078 0.0014296 0.00239683 0.00479139 -0.00330035 0.00759969 0.00220302 -0.000449125 0.00093218 0.00277973 -0.00222972 -0.00389566 0.00651875 0.00692767 -0.00553048 0.00734158 0.00650653 -0.00364449 0.00201311 -0.00428627 0.00269347 -0.00390192 -0.00363085 -0.00116763 -0.00318003 -0.00781375 0.0024095 0.00256152 -0.00428314 -0.00657814 0.00401915 -0.00343447 -0.00106169 0.00190268 0.00516701 -0.00108615 0.00734252
142463 0.00327187 -0.00441881 0.000478014 0.00528524 0.00125034 0.00406446 0.0062302 0.0016892 0.00490898 -0.00732848 -0.00033594 0.00519448 -0.00768667 -0.00593025 0.00634348 0.00187698 -0.00566529 -0.00510663 0.0059004 -0.000789368 -0.00645897 -0.00128539 -0.00683301 0.00152809 0.00054339 0.00616607 -0.000790965 -0.00450836 0.00400751 0.00155068 -0.000451205 -0.00053906 -0.00175365 -0.00354449 0.00387936 0.00437104 0.00537831 0.000739552 0.00440967 0.00104088 -0.00161873 0.00247289 -0.000786081 -0.000298614 0.000564228 -0.000565467 0.00240205 0.00200065 0.00390631 0.0073612 0.00726009 0.00333122 -0.0042821 -0.00618834 0.0012004 0.0016122 0.0026615 0.00622288 -0.000476161 -0.00420996 0.00395739 0.00630681 -0.00677882 -0.00186685
244745 -0.00245498 0.00672418 -0.0032987 -0.00364489 -0.00756385 0.0073464 -0.00426306 -0.00180514 -0.005422 -0.00253475 0.00191307 0.00191306 0.00654253 0.00704711 0.00431193 -0.0072457 -0.000963561 0.00615845 0.00370694 -0.000596123 0.00412249 0.00499813 -0.00435013 -0.00665644 -0.000167282 0.00296547 -0.00012585 -0.00442833 0.00762114 -0.00143955 0.00291581 0.00457526 0.00696944 0.000861334 -0.00606271 -0.0051722 -0.00451136 0.00788464 0.00761169 -0.00564713 0.00191049 0.00132357 0.00101719 0.00716822 0.00451771 0.00197052 0.00683353 0.0023758 0.00257846 -0.00148285 -0.00535932 -0.00757151 0.00167696 -0.00175424 -0.00203391 -0.0028487 -0.00649331 -0.00161673 0.000413699 0.00605085 -0.0018483 -3.9912e-05 -0.00485805 -0.00404501
234506 0.00350434 0.00289518 -0.0063464 -0.00338765 -0.00522795 -0.00299766 -0.00750292 -0.00206553 -0.000698705 -0.00543458 0.0033663 -0.00490913 -0.00132466 -0.00444433 -0.00593163 0.00408715 0.00701964 -0.00499318 0.00676573 0.00327026 -0.00290027 -0.00217833 0.00340942 -0.0064743 0.00248192 -0.00186432 -0.00117906 0.006391 0.000111485 -0.00373175 0.00331552 0.0040703 -0.00397697 -0.00577505 0.00608394 -0.00126648 -0.00474032 -0.00280172 0.00400268 -0.00677873 -0.0017007 -0.00769605 -0.00262979 0.0073126 0.00208768 -0.00493191 0.0027143 -0.00616305 0.00696022 -0.00614748 0.00303237 0.00457482 0.0073307 -0.00777136 -0.00270663 0.0022015 -0.000308972 -0.00442151 0.00549739 0.00663826 -9.16139e-05 0.000526611 0.00435609 0.00475333
244885 -0.00463402 0.00595127 -0.00733388 -0.00266548 -0.00442126 -0.00546577 0.0062223 0.00339424 -0.0038188 -0.00261426 0.000388896 0.0066988 0.0059642 0.00327568 -0.00345871 0.00633979 -0.0020021 -0.00312158 0.00586401 0.000338439 -0.00317118 -0.00317551 0.00132906 0.00285482 0.00673661 0.00304929 -0.00218533 0.000742669 -0.00665004 0.00544734 -0.0040024 -0.00244445 -0.00203185 -0.0052525 0.00602321 0.00379169 0.00366686 0.00229111 0.000308926 -0.00374169 0.0074294 0.000456277 -0.00393272 0.00259557 -0.00484219 0.00300242 0.00724039 0.00539806 -0.0069121 -0.00634215 0.00422607 -0.00614695 0.00147879 0.00699421 -0.00414924 -0.00169009 -0.000212303 0.00511861 -0.00290177 -0.00227347 0.0012115 -0.000558493 -0.00303117 0.00448662
18591 0.0018328 -0.00124721 0.00259863 -0.00224642 0.0054715 -0.00201373 -0.0072995 -0.00613483 0.00111065 -0.00441369 -0.00313178 0.00380594 -0.00497635 0.00383448 -0.00624521 -0.00656993 0.00653127 -0.00723865 0.000160263 0.00362771 0.00412772 -0.00192231 -0.00224598 -0.00139654 0.00327835 0.00538168 0.00682161 0.00616753 0.00664371 -0.00226972 0.000150184 -0.00738832 0.00628773 -0.00299881 -0.00117182 0.00526381 -0.00385287 0.00157213 -0.00487483 -0.0055677 -0.00546416 -0.00405426 -0.00279362 0.00293527 -0.00667023 -0.00450649 -0.00146673 -0.00426493 0.00722226 0.00630477 -0.0065792 0.000531732 -0.00331147 0.00348029 -0.00184002 0.00561217 -0.00379007 -0.00477973 -0.00328443 0.00291278 0.00194733 -0.00434183 0.00378025 -0.00127115
247027 -0.00316921 0.00317776 -0.00671881 0.00495844 -0.00404972 -0.002517 -0.00662138 0.00319651 0.00665037 0.00233753 0.00471798 -0.0076869 0.00272536 -0.00567623 0.00686412 -0.00184953 -0.0033481 0.00266313 -0.00341373 0.00232486 -0.00368032 0.0053458 -0.00663768 -0.00292678 0.00601339 0.000818806 -0.00340745 -0.00450554 0.00471108 -0.000410432 -0.00419523 0.00451665 0.00674019 0.00338878 -0.00271374 0.00629935 0.00282885 -0.00298996 -0.0051171 0.00198462 -0.004992 0.0036288 -0.00687292 -0.00505224 -0.00158866 -0.00303164 -0.00628613 -0.00610436 -0.00605864 0.000908797 0.00494551 -0.00538174 -0.00231748 -0.00273236 0.000883643 0.00526407 -0.000942791 0.00451449 0.00258326 0.00681755 -0.00579378 -0.00403622 0.00100277 -0.00104458
128032 -0.00656593 0.00217812 0.00483497 0.00245606 -0.00676116 0.0067555 -0.00468569 -0.00492884 -0.00254812 0.00747418 -0.00336056 0.00205248 -0.00407226 -0.00492207 0.00214642 -0.00110318 0.00306976 0.00748498 -0.00581124 -0.00592738 0.00560025 -0.00071976 -0.00356295 0.00683697 0.00559391 -0.00733874 -0.00737747 -0.0037273 0.00693563 -0.00182797 0.00210982 -0.00602579 -0.00724764 -0.00707852 0.00650926 0.00224647 -0.000794558 -0.00167758 -0.001693 -0.00569235 0.00532654 -0.00630594 -0.0006057 0.00421346 0.00444734 -0.0073977 0.00219856 0.00546219 -0.000485018 0.00138284 0.00254959 0.000622974 0.001316 -0.00383765 -0.00712239 0.00193665 -0.00501576 0.00111211 0.00486165 0.00173945 -0.00657878 -0.000569752 0.00379559 -0.00690625
236667 -0.00357307 0.00224705 0.00682704 -0.00251554 -8.23123e-05 0.000318001 -0.00623291 0.00346294 -0.00289443 -0.00757345 -0.000215133 0.00721517 -0.00440868 0.00361867 0.000882238 -0.00272346 0.00583116 -0.00390391 0.000671774 -0.000662411 -0.00660883 -0.000856047 -0.00778541 -0.0027729 0.000495865 0.00752416 -0.00289179 -0.00268522 -0.00678454 0.00390202 -0.000393207 -0.0077696 -0.00314359 -0.00097726 0.00770907 -0.00393517 -0.000487768 0.00703902 -0.0043004 0.00170206 -0.00143365 0.00640302 -0.00713594 0.00124407 -0.00261702 0.00705522 -0.00555426 -0.00307043 -7.18842e-05 -0.00723636 0.00518142 0.00456329 -0.0027526 -4.96698e-05 0.00213332 0.00773928 -0.0057781 -0.00766332 0.00215157 0.00379247 0.00723631 -0.00330162 0.00427811 -0.00676757
247523 0.00378048 0.0016137 -0.00713847 0.00479742 -0.004406 0.00745607 0.00611102 0.00739559 0.00630554 -0.0056981 0.00293908 0.00661112 -7.16364e-05 -0.00702858 0.000557641 0.00279375 0.00776519 -0.00385956 -0.00150237 -0.000117497 0.00781561 0.00111442 0.00438617 -0.00749383 -0.00324365 0.00225219 0.00410002 -0.00545483 -0.000843229 0.00453495 0.00682199 0.00643604 -0.00299694 0.000961443 0.00611452 -0.0010475 -0.00493438 0.00216369 0.00190917 -0.000905672 0.00226956 -0.00334933 0.00477154 -0.00345314 0.00272063 -0.00587965 -0.00479814 0.00516321 -0.00550613 -0.0012812 -0.00778256 -0.000749034 -0.00267854 0.00103954 0.00178848 -0.00357307 -0.0011309 -0.00664685 -7.0082e-05 0.00510951 0.00425169 0.0030678 0.00164171 0.00218626
247524 0.00485086 0.00671816 -0.00489283 0.000166416 -0.00144815 0.00274992 -0.00389147 -0.00599098 0.00167608 -0.00522709 0.00208187 0.00616121 -0.00111151 0.00736809 0.00673103 0.00149775 0.00454855 -0.00360012 -0.00490046 0.00077343 -0.00524759 -0.00653172 0.00243044 -0.00668621 -0.00721121 0.00350618 1.95503e-05 -0.00775385 0.00478172 -0.00512695 0.00406361 0.00523424 -0.00551033 0.000993252 -0.00119305 -0.00165844 0.000285625 0.00101471 0.00748444 0.000981331 0.00515699 0.0047822 -0.00387764 0.00770712 0.00650549 -0.00601625 0.00618696 -0.00332546 0.00595951 0.0041337 -0.00197935 0.0017848 0.00660372 -0.000750065 0.00418425 -0.00417185 0.00346231 -0.00423098 -0.00348997 0.00602293 0.00776625 -0.00619602 0.00349617 0.000518799
230238 -0.00275526 0.000336118 0.00695571 -0.00153936 0.0038399 -0.000142849 -0.0027079 0.0049576 -0.000619793 -0.000692587 0.00131919 0.00426652 0.00609645 0.00456247 0.00127466 0.00291135 -0.000682969 -0.00660158 0.00484003 -0.000674617 0.00207738 0.00351639 -0.00534077 -0.00741749 -0.00516266 -0.000816687 -0.00527068 0.00222386 -0.00159882 -0.00634047 -0.00534149 -0.00389879 -0.00160947 -0.00615415 0.00638806 0.00525545 0.00628765 -0.00206005 -0.00439355 -0.00178906 0.00364149 0.00112419 -0.00173593 -0.0019771 0.0027486 0.00744609 0.00544027 -0.00736505 0.00256162 0.00160552 0.0021148 0.0053512 0.00615121 0.00243635 -0.00180876 -0.00484427 -0.0053552 -0.000836143 -0.00232 -0.00115415 0.0020107 -0.000657793 -0.00627226 0.00722998
152338 0.00132943 0.00464865 -0.00211894 0.0068479 -0.00156948 0.00456695 0.00504001 -0.0038943 0.00741175 0.00520955 -0.00328824 0.00654878 -0.0042465 -0.00246585 0.00558653 -0.0070482 0.00332457 0.00719755 0.00406902 0.000559833 0.00697561 0.00373129 -0.00262648 0.00652956 0.00117916 0.000265143 0.00606906 -0.00241647 0.0068687 -0.00429334 0.00597998 -0.00554461 -0.00549856 -0.00263186 -0.00519178 0.0070187 -0.00386845 -0.0056619 0.00364555 0.00538944 0.00183794 -0.0053728 0.00360252 0.000418232 -0.00672463 -0.00341284 -0.00549743 0.00657631 0.00688776 0.00738658 0.00757837 -0.00417854 0.00108996 -0.00508675 -0.00396331 0.00640256 -0.00177271 -0.00500305 0.0020073 -0.00041395 -0.00541195 -0.00514119 -0.00450671 0.00299329
249796 -0.000662804 0.00230312 -0.00728607 -0.00682497 -0.0069108 -0.00068903 0.00561762 -0.00651789 -0.00505304 0.00241089 -0.00764275 -0.00389957 -0.00273275 0.00648499 0.0014019 -0.00311089 0.00406599 0.00303555 0.00691748 0.00184345 -0.00520134 0.0059886 0.00327063 -0.00309038 0.00249004 -0.00530386 -0.00316095 0.00566244 0.00299358 0.00413275 -0.00574541 0.00778961 0.00746298 0.00631523 0.000255585 -0.000849247 -0.00767708 0.000435829 -0.000724316 -0.00239897 -0.00368214 0.00262022 -0.00354862 -0.00589705 0.00330162 -0.00657797 -0.00158453 -0.00293446 0.00285053 -0.00166035 -0.00606108 -0.00244904 0.00360441 9.25064e-05 0.00229359 0.00330305 0.000803471 -0.0014286 -0.000610828 0.000473022 0.00104237 -0.00468254 -0.00731707 0.00662756
231303 -0.00365961 -0.000316927 -0.00757504 -0.00421177 0.00616403 0.00552472 -0.0060366 -0.000234131 0.00136183 0.00399482 3.1587e-05 -0.00552628 0.00063333 -0.00269871 -0.00573484 0.000715825 -0.00295703 0.00091638 0.00488063 -0.00737994 0.00540588 -0.00153288 -0.00268543 -0.00436311 -0.00289364 -0.00640004 0.000393802 -0.000590829 -0.00174505 -0.00167413 0.00217555 0.00459201 0.00736988 0.00742435 0.00427368 0.000354862 -0.00633685 0.00235993 0.00445644 0.00492977 0.00691307 0.00302267 0.000383551 -0.0032862 0.00337219 0.00678391 0.00309572 -0.00682074 -0.00243406 0.00622758 -0.0045041 -0.00381602 0.00291083 0.00231891 -0.00201882 -0.00182902 -0.00312872 0.00148777 0.00373676 0.00177468 -0.00225237 0.00741727 -0.00727124 -0.00151944
166367 0.00536456 -0.00466438 0.00589594 -0.00167593 0.00133504 0.00559715 0.00388379 -0.00584647 -0.00428685 -0.000357492 -0.00753754 -0.000117089 0.00371271 0.00609508 -0.00250458 -0.00168463 0.00115799 -0.00258237 -0.00288232 0.00139634 -0.0073019 -0.00716003 0.00356637 -0.00440742 0.00689022 0.000416493 -0.00468473 0.00640025 -0.00362215 -0.00319375 0.00207516 -0.00759781 0.00337662 -0.00472261 -0.00380101 0.00596901 0.00681813 -0.00576634 0.00216658 0.00268201 -0.00121534 -0.00276506 -8.22988e-05 0.00257342 0.00310687 0.00635908 0.00230164 0.000485733 0.00603761 -0.00758315 0.00747218 0.000775377 -0.00402006 -0.00625881 0.00319162 -0.00439939 0.00430908 0.00324792 0.00539019 -0.00405842 0.000183689 -0.00113503 -0.0047407 -0.00219343
193626 0.000372355 -0.0044554 0.00293048 0.00780199 -0.00296999 0.00536442 -0.00116072 -0.00504083 0.00179349 0.00253949 -0.00289154 0.0028277 -0.00336415 -0.00135451 0.000883303 0.006977 -0.00376253 -0.00311623 0.00615342 0.00205631 -0.00341328 -0.00698006 0.00694867 -0.00250499 -0.00106584 -0.00496008 -0.000694683 -0.000515412 -0.00668602 -0.00535221 0.00521124 0.00220659 -0.00323931 0.00353931 0.0044635 0.00349421 -0.000574334 -0.00641275 -0.00113313 0.00524935 0.00745179 -0.00547482 0.00288661 -0.00175092 0.00430988 0.00090657 -0.00242231 0.0011519 0.00416063 0.0042755 0.00161978 -0.00315307 0.00312181 0.005584 -0.000987069 -0.00762082 0.00202428 -0.0045051 0.00247529 -0.00124461 0.000386037 0.00773108 0.00767979 0.000432387
178066 -0.00552905 -0.00123488 -0.00758011 -0.0077642 0.00388929 0.00285993 -0.00311519 -0.00305976 0.00440886 0.00242515 0.00238374 0.00160115 -0.0071066 -0.00463393 0.00210762 0.00492417 0.00111917 -0.00420273 -0.000233253 0.00751082 0.00232082 -0.00496758 0.000163469 -0.00579497 -0.00495874 -0.00348274 0.00659064 0.00615665 -0.00711296 -0.00516694 -0.000600461 -0.00537668 -0.00334992 -0.00436844 0.00275059 0.00395112 -0.00618673 -0.00540298 -0.00675163 0.00350237 -0.00192902 -0.00360507 -0.00621318 -0.00621589 0.000956437 0.00699146 -0.00178086 0.000747314 0.00692517 0.00320117 0.00435802 -0.00666457 0.00557264 -0.00121629 0.005506 -0.00684516 -0.00773374 -0.00663396 0.000902917 0.00262348 -0.00181751 0.00188134 -0.0017446 -0.00571461
111997 -0.0073148 -0.0041641 0.00668021 0.00548926 -0.0066934 0.00386208 -0.00703471 0.0029385 -0.00417114 -0.00323542 0.00433617 0.00212875 -0.00176791 -0.0065352 0.00659544 -0.00611066 -0.00427266 -0.00130121 0.000709393 0.00719485 0.00278588 0.00280599 -0.000400183 0.00210007 -0.00631659 0.000404339 0.00357662 -0.000539377 0.00650296 -0.00773175 -0.00383717 0.000714391 0.00437732 0.00505784 0.00395518 -0.00528124 0.00443447 -0.000962553 0.00721729 -0.00371679 0.00612654 -0.00372585 -0.0038397 0.00680217 -0.00510717 0.00212929 0.00596119 -0.00293226 0.00587282 0.00524709 0.0031905 0.00724618 -0.007423 0.00447377 0.00378466 -0.00534238 0.000779446 0.00408882 -0.00109051 0.00777469 0.00128476 0.00343366 0.00587895 0.00659932
126932 -0.00682405 0.00049741 0.00808698 -0.00021093 0.00759429 0.00650702 0.00420165 0.00753784 -0.00753298 0.00689625 0.00736947 0.00337953 -0.00491748 -0.00274963 -0.00388139 -0.00104788 -0.00132859 0.00173285 -0.00843898 -0.00152349 -0.000950878 -0.00313472 -0.00238589 -0.00160557 0.000859048 -0.00540246 -3.72631e-05 0.00662821 0.00725585 0.00598183 -0.00176217 -0.0035012 -0.00228673 -0.00456976 -0.00272489 0.0027602 0.007051 0.00176799 -0.00699996 0.00547322 -0.0031257 -0.00392038 -0.00574595 0.00105909 -0.00429097 0.00279614 -0.00122383 -0.004526 0.000547192 0.00289446 -0.00685303 0.000252114 -0.00825035 -0.00064077 -0.00164101 0.00192388 -0.00149606 -0.00393766 0.0018852 0.00640176 -0.00612635 -0.00350102 -0.00160055 -0.00659876
242536 -0.000583966 0.00422689 -0.00339896 -0.00158776 0.0015867 0.000746063 -0.00335938 -0.00192775 0.00174715 -0.00190008 0.00682707 -0.00591662 0.00410395 0.00499099 -0.00737566 0.00616727 0.00607714 -0.00553924 -0.00283433 0.00187833 -0.000654962 -0.00371062 -0.00446301 -0.00056449 -0.000362088 0.00549767 -0.00170117 0.00109347 0.00529891 -0.00124591 0.00317118 -0.00209747 -0.00613044 -5.00827e-05 -0.00434146 -0.000833031 -0.000383837 0.00283471 0.00281498 -0.000672875 0.00564043 0.00412601 -0.00342307 -0.00722859 0.0050979 0.00242637 -0.00609531 -0.00566863 -0.00239074 -0.00289754 -0.00683489 0.00568155 -0.00640614 -0.00124036 0.00129246 -0.00502634 -0.0041791 0.0075183 -0.00620068 -0.000651975 -0.000780521 0.00210947 -0.00018482 -0.000760375
245411 -0.00513076 0.00479026 -0.00217481 -4.99508e-05 0.00250704 0.000466209 0.00158982 0.000372442 -0.00660902 -0.0076957 0.00751448 0.00541802 -0.00732366 0.00472428 -0.00710856 -0.00623879 0.0048954 0.00389738 -0.0012423 -0.000735018 0.00488324 -0.00239226 0.00106271 -0.00187982 -0.0040379 0.00570021 -0.00768233 -0.00572921 0.00579545 0.00576866 -0.00293778 -0.00368734 0.00169549 -0.00194558 0.00394301 -0.00432738 0.00536924 -0.00180824 0.00516465 -0.000715423 -0.00220452 0.00711375 0.00262009 -0.00651558 0.00157574 0.00163523 0.000664885 -0.00134581 -0.0030669 -0.00432588 -0.00182196 0.000426464 -0.00635863 -0.00490637 0.00173258 -0.00478888 -0.00525796 0.00699546 -0.00522854 -0.00601338 0.00157287 0.00491069 -0.00680678 -0.0053588
22284 -0.000245727 -0.00684568 -0.00316365 -0.00395162 -0.00285033 -0.00420473 -0.00100403 0.00160071 0.00656499 0.00239902 0.00525652 -0.00401404 -0.00248478 -0.00607408 0.00265383 -0.00530293 0.006495 0.00344115 0.00407601 -0.00434969 -0.00718394 0.00452394 -0.00052061 -0.00485373 0.0039381 0.00621108 -0.000173245 0.00606744 0.00411828 0.00600629 0.00745771 0.00724875 0.00695303 0.00752334 0.00371544 -0.00493349 0.00720656 0.00469448 0.00599291 0.00438406 -0.00693395 -0.00173823 0.00486747 0.00475959 0.00249556 -0.006283 0.00506215 0.00636794 0.00549493 -0.000759471 -0.00429631 0.00170448 -0.00289964 0.00378947 -0.00378725 -0.00106084 0.00547858 0.00160444 0.00347933 0.0064037 -0.00700797 -0.00441443 0.00194608 0.00737324
254479 -0.00406333 -0.000935896 0.0025176 0.00158231 -0.00387024 0.000359599 0.00694872 -0.00343531 -0.00524163 0.00240552 0.00416801 -0.0046557 0.000862713 -0.00696812 0.00398798 0.00282742 -0.00152669 0.00525783 -0.00343186 0.00397455 -0.00466831 -0.00251648 -0.000961388 -0.000986261 -0.00152238 -0.00517926 -0.000518928 0.00158514 0.00412854 0.00252131 0.00662784 0.00702074 0.00318914 0.00744856 -2.90437e-05 -0.00718241 -0.00377013 0.000916514 0.00402438 0.00551171 0.00358276 -0.00524582 0.00340441 0.0054064 0.00187379 -0.00480658 0.000796298 0.00748997 0.00705777 0.000374348 -0.00344818 0.00277657 0.000895874 0.00147897 0.00487993 -0.00474598 -0.000945267 0.00655119 -0.00540357 -0.0022667 0.00452332 0.00449511 -0.00565878 -0.00587499
97517 0.00425353 -0.00246535 0.000335536 -0.00767454 0.00225572 0.00438201 0.0045326 0.00352768 -0.00260416 0.0055213 0.000409266 -0.0060497 -0.00718227 -0.000943653 0.00231358 0.00418662 0.00749863 -0.00194875 -0.00127309 -0.00194467 0.00542791 -0.00400244 0.000352716 -0.00519312 -0.00642199 -0.00161799 -0.00671554 0.000506197 0.00174835 0.00601556 0.00582975 -0.00470213 0.0072943 0.00021844 0.00547271 0.00764816 0.00256038 0.00440389 0.00571538 0.0014082 0.00229973 0.00580852 0.00614371 -0.00239421 0.00149424 -0.000793328 0.00502275 -0.000245615 -0.00685991 -0.00040866 0.00373823 0.0048332 -0.00592598 0.00371714 -0.00685062 -0.00344119 0.00117747 -0.00216727 -0.00251332 -0.000580402 -0.0030159 0.00717072 -0.00656784 -0.0024496
255226 0.00654684 0.00272501 -0.000840608 -0.00118523 -0.00516279 0.00591194 -0.00575832 0.00165694 -0.000807864 0.0014447 -0.00201066 0.00573051 0.00247301 0.00119095 -0.00476073 -0.00737229 0.0056374 -0.00606624 -0.00604476 0.00654196 -0.00728263 -0.00391488 -0.00388364 0.00667023 -0.00457032 0.00466162 0.00676208 -0.000887288 0.000784958 0.00376733 -0.0070996 -0.00478467 -0.00284067 -0.00392541 -0.0060864 0.00366071 0.00159792 -0.00638511 -0.00593305 -0.00136987 0.00130331 0.00167877 -0.00246072 0.00702292 -0.00467798 0.00676284 -0.00412954 0.00443881 -0.00563944 0.00518672 -0.00318223 0.00118257 0.00482167 0.00269815 -0.00329651 0.00750089 -0.00152771 0.00619013 0.00243783 0.0039184 0.00141763 0.00268546 -0.00123928 0.00563095
255227 0.00775234 0.00539773 7.76663e-06 -0.00322227 -0.00776749 -0.00499709 0.0022983 -0.00618896 -0.00746725 0.0033029 -0.00700255 0.00529043 0.00439868 -0.0032581 0.0039821 0.00118874 0.00394991 -0.0024392 0.0052555 0.00296182 -0.00308339 0.00168512 0.00285104 0.00405605 0.00252751 -0.00649195 -0.00498608 0.00169883 -0.00302848 0.00630005 -0.00489747 0.00669593 0.0053749 -0.00271679 -0.00620012 -0.000513858 -0.00777146 0.00172837 0.00662001 -0.0039778 0.00482004 0.00698628 0.00114644 0.00425745 0.000848579 -0.00479551 0.00624131 0.00353552 0.00229767 0.00186889 -0.00545386 -0.00669243 0.00672648 -0.00171268 -0.00324332 -0.00655254 0.00119517 0.00770404 0.00775123 -0.00425508 -0.005656 -0.00251399 0.00240439 -0.00116412
251817 0.00561402 0.00393674 -0.00378953 0.00112997 0.00513216 0.00109528 -0.000351006 0.00587352 -0.00641118 0.000876139 0.00517878 0.00678606 -0.00360777 0.00586032 -0.00517053 -0.0076594 0.00567414 0.00515484 -1.50636e-05 0.00055564 0.003403 -0.00678471 -0.00268338 -0.00455412 0.00530019 -0.000330061 -0.000782719 0.00434804 -0.00569407 0.00115735 -4.611e-05 0.0058116 -0.00586204 -0.00133832 -0.00561572 0.0062554 -0.00321155 0.00726543 -0.00466473 -1.0898e-05 -0.00635277 0.00783111 0.00139704 -0.000350462 -0.00359932 -0.00311989 -0.0015128 0.00276544 0.000607891 -0.00196691 0.00763858 0.00551144 -0.00348531 -0.00160794 -0.0023753 0.00606541 -0.00413685 0.00179906 0.00355673 -0.00143013 0.00675587 0.00663281 0.00361307 -0.00393985
229164 0.00577401 0.00441179 0.00463606 0.00332529 0.00523569 -0.0011854 -0.00379263 -0.00664979 -0.00490513 0.00748274 -0.000262565 0.000781391 -0.000225806 -0.00595174 0.004505 -0.00121123 0.00596968 0.00535498 0.000346754 0.00429163 0.00545987 0.00572238 -0.00447031 -0.00283229 0.00202764 0.00324055 0.00572796 -0.00466421 0.0046614 -0.0006457 0.00290816 -0.00797743 -0.00394578 0.00280023 -0.00724268 -0.00401989 -0.00151151 -0.00328651 -0.00178949 -0.0065822 0.00326477 -0.00211453 0.00635182 -0.00438184 -0.000612422 0.00491003 0.00531399 -9.5709e-05 -0.00349965 -0.00604742 -0.0079678 -0.00820229 -0.00586096 0.0030293 -0.00413408 -0.00453644 -0.00763833 -0.00419336 0.00351547 -0.00316938 -0.000528725 0.00611732 -0.00601353 -0.00719843
257513 0.00387335 0.0063014 0.00225544 0.00244665 0.00234985 0.00143051 -0.00354004 -0.000983715 -0.00371265 -0.00345373 -0.00470209 0.000381947 -0.00306559 -0.00129318 -0.000520706 -0.000312328 -0.00649452 -0.00452089 0.00718689 -0.00418234 0.00290108 0.00417471 0.00701904 0.00227499 -0.000600338 0.00704622 -0.0067606 0.00329828 -0.000771046 0.00241613 -0.00692272 0.00515556 0.00460196 0.00328636 -0.00572634 -0.00535774 0.00399733 -0.00534201 -0.00302029 -0.000406265 -0.00110292 -0.00639629 7.39098e-05 0.00093174 0.00376511 0.00457191 0.00539923 0.000442982 0.00509453 -0.00165749 0.00621223 -0.00620222 -0.0018096 0.00399256 -0.00351429 -0.00323391 -0.00623608 0.00477886 -0.00139284 -0.000869751 0.00362825 -0.00706387 0.00547791 -0.00574207
48078 0.0177696 -0.00706853 0.00979456 0.00557328 0.00592332 0.00106276 -0.0229659 -0.0133065 0.0181361 0.00176411 0.0120019 0.00115562 -0.00789965 -0.00874911 0.000440585 -0.00896892 -0.0166401 -0.0135181 -0.0191171 -0.00472862 0.0113193 -0.00955541 -0.00710818 -0.00682583 -0.00944156 0.0133692 -0.00670567 -0.00751365 0.0153339 0.0180593 -0.0155438 -0.00856118 0.00589218 0.0123401 -0.00421469 0.0124327 -0.000686765 0.0128339 0.0084222 -0.00795316 -0.00159029 0.0123748 0.00821687 0.0130097 -0.00405126 0.00433918 -0.00758172 0.00367579 0.000345417 -0.00595042 0.00306633 -0.0134379 -0.0162018 0.00523374 -0.00794319 0.0139748 -0.0102167 0.0067798 -0.00321999 0.00120935 -0.00529707 0.0221764 -0.00999056 -0.0187534
224068 -0.0038103 -0.00218448 -0.00541373 -0.00335444 -0.00684713 0.00665527 0.004808 0.00237578 -0.00555059 -1.87261e-05 0.00033814 0.00389163 0.00291925 0.00294341 0.00605939 -0.0031788 -0.00484674 -0.000164103 -0.00712096 0.00178714 -0.00224871 -0.00246162 -0.00139521 0.00144789 -0.00393994 0.00700216 0.00519519 -0.00239827 -0.00127706 -0.0004734 0.000379234 0.00673152 0.00779201 -0.0019043 0.00210803 -0.00605983 -0.00137958 0.00253818 0.00367509 0.00293698 0.00412594 0.00175021 -0.00571486 -0.0030937 0.000667973 0.00605518 -0.00223506 -0.00481451 0.00260537 -0.00591077 0.00108905 0.00681876 0.000674965 0.00367656 -0.00202244 0.000762653 -0.00509124 -0.00463268 0.00389764 0.00721425 0.0064599 0.00044802 0.00118905 -0.00201759
176271 -0.00759041 -0.00735451 -0.000968764 -0.00200446 -9.52949e-05 -0.00267281 -0.00469655 -0.00209211 -0.000511328 0.00133264 -0.00598092 -0.00385855 -0.000263158 0.0049288 0.00516176 0.00457006 -0.00721984 -0.000356564 -0.00593009 0.00294668 0.00428601 -0.00760966 0.0037598 0.00481163 0.000106808 0.00192466 -0.00532704 0.00041773 0.00288394 0.00665807 0.00154792 0.00279186 -0.00274975 0.00463468 -0.00493775 -0.00715685 -0.00676484 -0.00743507 0.000535503 0.00586943 -0.00121347 -0.006653 0.0026726 -0.000740169 0.00455326 0.00196227 0.00121793 -0.0072428 -0.00185374 -0.00566948 -0.00406032 -0.00268511 0.0014357 -0.00566452 0.000179755 0.0046326 0.00729499 -0.000596198 0.00284453 0.00585128 -0.00298748 -0.00508191 -0.00714331 0.000305615
32245 -0.00633286 -0.00270877 -0.00240872 -0.0068228 0.000144279 0.000978582 -0.00291549 0.00552278 0.00729279 0.00749449 0.00582813 0.00372622 -0.00269607 -0.0056406 -0.00432167 -0.00315389 0.00502526 0.00581717 -0.00406841 -0.0032683 -0.00502262 0.00427634 -0.00831195 -0.0016149 -0.00230319 -0.00427872 0.00450258 0.00414057 0.00796341 0.000758501 0.00235426 -0.00776132 -0.00139178 0.00292662 -0.00476273 -0.00162103 0.00305494 -4.79088e-05 0.00513038 -0.000554654 -0.00373943 -0.00275233 0.000483395 0.00551848 0.00153658 -0.00686435 0.00331903 0.000578267 0.0036154 0.00450357 0.000664549 0.00676114 -0.0058319 -0.00268905 0.00659666 -0.00725309 0.00182838 0.000842116 0.00422765 -0.00712446 -0.00172503 0.00644968 0.00268442 0.00414337
259275 0.00320691 0.00412983 0.006375 0.00525682 -0.00465424 0.0074469 -0.00726903 -0.00216637 0.00747644 -0.00119157 -0.000670152 2.53908e-05 0.00182642 0.00149456 -0.00111642 0.00772897 -0.00212904 -0.00709824 -0.00702082 0.00374069 -0.00720414 0.00576316 -0.00347771 -0.000835155 0.00370854 -0.00144998 0.00558588 -0.0011216 0.00749592 0.00575914 0.000793281 0.00752444 -0.00251673 -0.00661536 -0.000385734 -0.00293568 -0.00504624 -0.00649117 0.00578682 0.000100594 0.00119527 0.00567199 -0.00451937 0.000155402 -0.00682478 0.00442768 0.00691299 0.000488598 -0.00482091 -0.0059565 0.00330055 0.00680223 0.00204681 -0.00370354 -0.00127851 -0.00774164 0.00467116 0.00660838 0.00737249 0.00112953 0.00256838 0.00724942 -0.00699035 -0.00729665
182418 0.00481049 -0.00561141 0.0035757 0.00188691 -0.00262784 -0.000530929 -0.00302817 -0.000288542 0.00330718 -0.002214 -0.00449088 0.000323527 -0.00495719 -0.00197865 -0.00337228 -0.00130976 0.00406401 0.00289868 -0.00323838 0.0057376 -0.000158594 -0.00708596 -0.0068659 -0.000620602 -0.00777074 -0.000785573 0.00764582 -0.00503856 0.00768403 -0.00430261 -0.00189177 -0.00778752 0.00308328 0.00386197 -0.00232101 0.000841556 0.00758879 0.00045129 0.00359171 -0.00327524 -0.00597552 0.00584226 0.00355134 -0.00478922 0.00494594 0.00509823 0.00450215 -0.00158485 0.00322826 0.00222228 -0.00155959 0.00476609 0.00358455 -0.000274823 -0.00379916 -0.00698498 0.00203157 0.000977036 0.00145752 0.00605411 -0.00618894 -0.000378873 -0.00710283 -0.00210057
49450 0.00301743 0.0061717 0.00572062 0.00580406 -0.0070262 -0.00162029 0.00562525 -0.00139904 0.00195789 0.00143766 0.00573874 -0.00541878 -0.00154209 -0.00278616 -0.00557947 0.00303316 0.0040307 -0.00623083 -0.000350952 0.00776768 -0.00687885 0.000864029 -0.00153399 -7.9155e-05 -0.00683641 -0.0070138 -0.00283241 -0.00294209 0.00362635 -0.00387526 0.00636148 -0.00660563 0.00108194 0.00483465 0.00220156 -0.00309277 -0.00729084 0.00645494 0.0041647 0.00439692 -0.00530434 0.00650787 0.00131464 0.0077734 0.00730801 0.00402784 -0.00196552 0.00763464 0.00372791 -0.00165462 0.00492573 0.00240135 0.00443125 0.00732374 -0.00414085 0.00720215 0.00419474 0.00670099 0.000617504 -0.00734234 -0.00461483 0.00490093 -0.00525331 0.000873566
174772 -0.0047493 0.00673294 0.00605345 0.000662327 -0.00726795 0.00220442 0.00561762 0.00494528 0.00376701 -0.000507832 0.00275373 -0.00328684 -0.00563908 0.00393152 0.00554085 -0.000999451 0.00101566 -0.00669336 0.000733376 0.00713634 0.00466681 -0.00556326 0.00529623 -0.00628376 -0.00290489 -0.00116396 -0.000378132 0.00143337 -0.000909805 -0.00568628 -0.00219727 0.0029726 0.000581264 0.00655174 0.00251722 -0.00377798 0.00388718 0.00564337 0.00615025 -0.00161839 -0.000328064 -0.00649071 0.00445271 0.000977993 -0.00573444 0.00217009 -0.00312901 0.00248623 -0.00394154 0.00629807 0.0023427 -0.00693035 0.0014987 -0.00435352 0.00219154 -0.00749063 -0.00221443 0.00765753 -0.00483179 0.000217915 0.00715303 0.00647402 -0.00185394 0.00527334
38924 0.00234461 0.00239515 0.00564337 -0.00649929 -0.000577927 0.00114298 0.00729942 0.00578928 0.00125217 0.00509501 -0.00163364 -0.0028429 0.00407362 -0.000405312 0.00420141 0.00389814 0.00610971 0.00588226 0.00695753 -0.00669193 -0.00374889 -0.00687361 -0.00142002 -0.00292158 0.00240183 -0.00327635 0.0014286 -0.00339413 0.00563955 0.000972271 -0.000609875 0.00505495 0.00290251 -0.00421476 -0.00421095 0.00192451 -0.00688791 -6.96182e-05 0.000349045 -0.00692415 -0.00243711 0.00733042 0.00525761 -0.00739861 -0.00113726 -0.007339 0.00258064 -0.00363493 0.00301266 -0.00470972 -0.00628519 -0.00640297 -0.000475883 -0.00409412 -0.00375652 -0.00738239 -0.00708008 -0.0044899 -0.00111675 -0.00229502 0.00551605 -0.00449514 -0.0051074 0.00692225
261492 0.0062112 0.0071999 -0.00227406 -0.000861175 -0.00757498 -0.00682585 -0.00260957 -0.00406645 -0.00515327 -0.00762301 -0.00342239 -0.00580441 -0.00576548 0.00461443 0.00366102 -0.00408129 0.00686758 -0.00330303 0.00164367 -0.00518515 1.97567e-05 -0.00704248 0.00223941 0.00288368 -0.000405981 0.00572486 -0.00319838 -0.00561066 -0.00411169 0.00347641 -0.0011269 0.00713873 0.0015177 -0.00151303 0.00263451 -0.0061967 -0.00163543 -0.000884512 0.00116558 -0.00507558 0.000433387 0.00262752 0.00386482 -0.00728433 -0.000534312 0.007684 -0.00685933 -0.00511524 -0.00733907 0.00483909 0.00549271 -0.00278276 -0.00476501 0.000253995 -0.0019314 -0.00347122 0.00752864 0.00097876 0.00204504 -0.006923 0.00598218 0.00238683 0.000114294 -0.00635134
222934 -0.00383765 -0.00357377 -0.000919679 -0.00650893 0.00572279 -0.000126422 0.00226708 -0.00630691 -0.00751345 0.00567168 -0.00640203 -0.0061428 0.00178874 0.000551501 -0.00619404 -0.00756129 -0.00110894 0.00158653 -0.00793316 0.00113087 -0.00684155 -0.00212564 0.00145629 -0.00375435 0.00282891 0.0056563 0.00345848 -0.000822385 -0.0032252 -0.00331568 -0.0077614 -0.00663374 -0.0021927 0.00126425 0.00454832 0.00606918 0.0027797 0.00504585 -0.000915859 0.00292415 -0.00317345 0.00405836 -0.00757105 0.003313 -0.00214087 -0.0064625 0.00170313 -0.00427682 0.00353158 0.00411567 -0.00618365 0.00548426 -0.00620343 -0.00695649 0.0045005 0.00103783 0.00475951 0.000187295 0.00287727 0.00232981 0.000478626 0.00237968 0.00586409 -0.0070689
115210 0.00105045 -0.000351781 0.00292833 0.00689518 0.00299219 0.00353095 -0.00709103 -0.00594938 -0.00542243 0.00350791 -0.00665573 -0.0054093 -0.00641321 -0.00788895 0.0034 0.00306769 0.00109954 0.001385 -0.0072846 -0.00602973 -0.00767802 0.00404065 0.00447329 0.00130972 0.00261918 -4.84476e-05 -6.38992e-05 0.00709834 -0.00337453 -0.00078117 -0.00158696 0.00262187 0.000855355 -0.00131827 0.00650544 0.0028816 -0.00243641 -0.00378196 -0.00706718 -0.00774597 -0.00100403 -0.00241882 0.00234016 0.00319652 0.00371488 -0.00202128 0.00623816 0.00453705 0.00370794 0.00146249 0.000797118 -0.00412951 0.00746167 -0.00229817 0.00430359 -0.0048874 0.00266933 -0.00755503 0.0071764 0.00209872 0.00462951 -0.00544145 -0.0041287 -0.00751136
58068 -0.00525786 0.00766932 -0.00547298 -0.000315826 0.00264153 -0.00566532 -0.0044934 -0.0006039 -0.00620432 -0.00110676 0.00771981 0.00199338 0.00609415 -0.00786913 0.00692277 -0.00211933 -0.00691199 0.000351553 -0.00488299 -0.00612223 0.00608113 -0.000635104 -0.003791 0.00302118 -0.00282328 -0.000110304 0.00399725 0.0066687 0.00693152 0.00629634 -0.00239742 0.00317822 -0.00364194 -0.00664118 0.00571239 0.00311442 -0.00302548 0.00568162 0.00473031 -0.00709094 -0.0046971 -0.00760525 -0.00520157 -0.00548363 0.00310653 -0.00141145 -0.00759969 0.00357959 0.000195447 -0.00265867 -0.00177349 0.0008548 -0.0058757 -0.00146976 -0.00599813 0.00672885 -0.0044466 0.000825553 -0.00223054 -0.00726151 -0.00533748 0.0014962 -0.00671959 0.00384067
116034 0.0058522 0.00329812 -0.00141512 0.0022534 -0.000319572 0.00157278 -0.00308995 0.00480035 0.00593449 -0.00268265 -0.00624342 -0.000914691 0.00633803 0.00537493 0.00183698 0.00230777 -0.00595488 -0.00482212 -0.00172561 -0.00165435 0.00390508 -0.00418707 0.000821229 -0.00553842 -0.00704048 -0.00692116 -0.00578105 -0.00576458 0.000110016 0.00498198 -0.00670454 0.00276841 -0.00660754 -0.00463747 0.00714985 0.00190916 -0.00770058 -0.0036079 0.00177355 -0.0041236 -0.00205733 0.00550768 0.000947606 0.0028364 0.00569119 -0.00371726 0.00116588 -0.00180992 -0.00749474 4.80021e-06 -0.00311908 -0.0017208 -0.00231119 0.00330865 -0.00602606 -0.00635363 0.00154293 -0.00651347 -0.00396213 -0.00222956 0.00186808 0.0063511 -0.00224072 -0.000539112
264965 -0.00702414 -0.00713679 0.000529232 0.00601868 -0.00309365 -0.000151365 0.00719772 -0.00286973 -0.00769287 -0.00369179 -0.00539901 0.0075814 5.97086e-05 -0.00246185 -0.00644727 0.00229794 -0.000819859 0.00574583 -0.00670625 -0.00327168 -0.00541492 -0.00274825 0.00313564 0.0074721 0.00378924 0.0065371 0.0038076 0.00508642 0.00357308 0.00614641 -0.00336268 0.000993497 -0.00669135 0.007197 -0.00768968 0.00255424 -0.0020351 0.00166557 0.00639026 -0.000180859 -0.00447123 -0.000563944 -0.00253157 -0.000775253 -0.00228563 -0.000232855 0.00270878 0.0019515 0.00345445 -0.0057873 -0.000181765 0.00481005 0.00703898 -0.00357288 0.000769758 -0.000351238 -0.000702026 -0.00662335 -6.2379e-06 0.00180373 0.00253415 0.000555369 0.000921207 0.0061593
41245 0.000228107 0.00610106 -0.00649499 -0.00549824 0.00495109 0.00282606 -0.00225499 0.00257726 0.000253432 0.00120691 -0.00138425 -0.00559371 0.000637816 0.0047711 -0.00458861 0.00734892 -0.00385 -0.00262711 -0.00501756 0.00200393 -0.00556463 -0.000297867 -0.00413858 0.00374012 0.00472773 -0.00336382 -0.00414333 0.0042693 0.00538089 -0.00295741 -0.00444962 0.00543679 0.00521223 0.00790074 -0.00254514 0.000367287 0.00509773 -0.000136325 0.00146599 -0.00442573 6.19335e-05 0.00684176 0.000102623 -0.00642036 0.00437787 -0.00566017 0.00633164 0.00480168 0.0010423 0.00399042 0.00217728 -0.00175704 0.00356655 0.00129919 0.00324748 -0.00199772 0.00689258 -6.01404e-05 7.32971e-05 -0.00282251 -0.0034399 -0.00134551 0.00246631 -0.00362108
268784 0.00163659 0.00248311 -0.00553171 0.00630265 -0.00485693 0.000616059 -0.00517989 -0.00751284 0.00639707 -0.00618272 0.0018665 -0.00311882 -0.00187968 -0.00704543 -0.00267481 0.00347706 -0.00377836 0.00573996 -0.00511769 0.00356136 -0.00332266 0.00693896 -0.00449509 -0.000503828 -0.00594412 0.00593094 0.00357214 -0.00399552 0.00133167 0.00392869 0.00154785 0.000153474 -0.000741969 -0.000381688 0.00403038 -0.00154904 -0.00325207 -0.00706846 -0.00676474 -0.00212845 0.000294677 0.00556987 0.00118026 0.00372082 -0.00388853 0.00467996 -0.00189955 0.00442147 -0.00740181 -0.00166185 0.0070992 -0.00446348 0.00768218 0.00219465 -0.00195713 0.00118492 0.00297843 0.00493678 -0.00555843 -3.17204e-05 0.00719081 0.00729371 -0.0058146 -0.00255964
268794 -0.00559616 -0.0038414 -0.00366116 -0.00648832 -0.00615788 0.0069313 0.000768185 -0.00701714 -0.00430393 -0.00486374 -0.00709581 -0.00245571 0.00609922 -0.00186825 -0.00312567 0.000213623 0.00249767 -0.00387478 0.00760889 -0.00128984 0.00192499 -0.000501633 -0.00547886 0.0033617 -0.00637531 0.00645924 0.00562763 -0.00776339 -0.00469828 -0.00148773 0.00246525 -0.00728178 8.53539e-05 -0.00722456 0.00150347 0.00777245 -0.00463343 0.00613642 -0.00384045 -0.00264072 -0.0075326 -0.00283766 0.000736237 -0.00737143 -0.00170755 0.00011301 0.00289583 0.00647211 -0.00706053 0.00135946 -0.00589323 0.00556469 0.000654221 0.00693369 0.00531006 -0.00189638 0.00561047 0.00774908 0.00473595 0.00237083 0.00303078 -0.00564241 0.00699472 -0.00279617
111252 -0.000375469 -0.00660682 0.000376617 -0.00549934 0.00384382 -0.00365343 -0.00541473 0.00671662 0.00747884 0.00276733 -0.000937949 0.00262157 -0.000971929 0.0016885 -0.000487006 -0.00077725 -0.00517125 0.0040898 -0.00688698 -0.00741099 0.00327527 -0.00311006 -0.00639932 0.000372434 0.00185116 -0.00615044 0.00404418 -0.00303264 -0.00114812 0.00713955 -0.00614957 -0.0015166 -0.00657957 0.00540931 0.00260864 0.000235909 -0.000167511 -0.00533954 0.00102821 -0.00717283 -0.00344475 0.00651401 0.00668368 -0.00613815 -0.0029362 0.00518382 0.00668843 -0.0069077 -0.00630289 -0.00219634 -0.00255278 -0.00173581 0.00279172 -0.000111325 0.00610315 0.00123791 -0.00637821 8.34376e-05 -0.00229419 0.00462794 0.00739618 -0.00209941 0.00131824 0.00701547
26537 0.000466914 -0.00802012 0.000967497 -0.00758362 0.0050162 -0.00164695 -0.00759099 -0.00284247 -0.00425749 0.00716673 -0.00638357 -0.003748 0.00701294 -0.00810822 0.0020692 -0.00530124 0.00753329 -0.00539049 -0.00438623 -0.00161277 0.00200155 -0.00423203 0.000768178 -0.000692418 -0.00627925 0.00299261 -0.00757386 0.00596343 0.0012173 0.00188955 -0.00662323 -0.00657203 0.00374977 0.00138728 -0.00361776 0.00304936 0.00178667 0.000928345 0.00750352 0.00589635 -0.00647373 0.00435063 0.00301561 0.0029545 0.00209711 0.00479358 0.0033526 0.000765133 -0.00533237 -0.0044898 -0.00348187 -0.00234001 -0.00560657 0.00445961 0.00512315 0.000590153 0.000133434 -0.00273396 -0.00633185 -0.00127108 0.00478501 0.0022504 -0.00795763 -0.0018152
241128 -0.00170275 0.00012362 -0.00388173 -0.00440828 -0.00137391 0.00256705 -0.00562908 -0.00150369 -0.0014199 0.0037924 0.00269528 -0.00401577 0.00185866 -0.000465239 -0.00333951 0.0030405 0.00525364 0.00423923 -0.00447603 0.00480166 0.00558316 -0.0016706 0.00191279 6.84235e-05 -0.00129595 -0.00236197 0.0057615 -0.00637753 -0.00455202 0.00805042 0.000768133 -0.00638702 0.00191021 -0.00266829 -0.00350625 0.00216222 -0.0014767 0.00746474 0.00373045 0.00559115 0.00287526 -0.00149505 -0.00111751 0.00331674 -0.00066171 -0.00689494 -0.00602254 -0.00309448 0.00185399 -0.00391387 -0.00505177 0.00654311 -0.00162033 0.00505743 -0.0015849 0.00595705 0.0050305 0.00607797 -0.00582189 0.00168611 0.00205972 -0.0038625 0.00320004 0.000729055
272158 -0.0068326 -0.000520229 -0.00314283 0.00225544 -0.00361967 0.0073719 -0.00055027 0.00546169 0.00128984 -0.000529766 -0.000110149 0.00314856 -0.000779629 -0.00335312 -0.00525999 0.00328016 0.00688601 -0.00234413 0.00446606 -0.00601387 -9.87053e-05 0.00200701 0.00485229 -0.00361109 0.00751019 -0.00308561 0.00572872 0.00216103 0.00282335 -0.00231171 0.00112772 0.00626755 -0.00373316 0.00434923 0.00717402 -0.00621605 -0.00222397 -0.00491905 0.00558949 -0.00252199 0.00545073 0.0068121 -0.00651217 0.00692654 -0.00130749 0.00165129 0.00420856 0.00211477 -0.000203133 0.00697756 0.00299835 0.00165272 -0.00548077 -0.00646353 0.00665998 -0.00769472 -0.00566149 -0.00504017 0.00285625 0.00498199 -0.000310898 -0.00443554 0.00255823 0.000751019
30796 0.00625134 -0.00389671 0.00445318 0.0038929 0.00108385 0.00306463 0.0016799 0.00494576 -0.00306988 0.00744629 -0.00280094 -0.00737619 0.00460434 -0.00451946 0.00192213 -0.00306225 0.00742626 -0.00527143 -0.00246763 0.00239992 -0.00615263 -0.00509834 -0.00563383 0.00426626 0.00286961 -0.00317621 -0.00558376 0.00420189 0.00402212 -0.00235558 0.00545311 -0.000433445 0.00399828 -0.0061574 -0.00555563 -0.00291443 -0.00140524 -0.00237274 0.00439596 -0.00427437 0.00579929 0.00765562 -0.00532246 0.000794888 0.00179958 0.0077939 0.0039444 -0.001544 -0.00424147 -0.00265646 -0.00740385 -0.000450134 0.00262785 0.00146008 -0.00485802 0.00379515 -0.00640631 0.00268698 0.00190496 -0.00674486 0.00530529 -0.00767183 -0.00268745 -0.00635242
272682 0.0031195 0.00445288 -0.00391251 -0.000118731 0.00750369 0.00317801 0.00452358 0.00749505 0.00109979 0.001528 -0.00160099 -0.00661005 1.99558e-05 0.00135493 0.000456759 -0.00655309 -0.00526831 0.00778528 0.00589615 -0.00405356 0.00362944 0.00416342 -0.00535249 0.000994441 0.00659165 0.000529632 -0.00248964 -0.00367081 0.0023066 -0.00513052 0.00225067 -0.00311431 0.00298633 0.00703509 -0.00540121 0.00705056 0.0073931 -0.00712683 -0.00174615 0.00715947 0.000192846 0.00215101 0.00272031 -0.00565266 0.00268171 -0.00295694 0.00264827 0.00728736 0.00454484 0.00686303 0.00583149 -0.00609914 0.00451268 0.00524331 -0.000431234 -0.00234917 0.00527758 -0.0026553 -0.00218171 0.00590207 0.00304185 0.000522272 0.00289107 -0.000802036
274253 0.00461731 -0.00042246 0.00406233 -0.00276005 0.00281416 -0.00204531 0.00263764 0.000139098 0.00638317 -0.00513061 -0.000316992 -0.00408487 0.00683447 -0.00438778 -0.00419847 -0.00550105 -0.00451129 -0.00568721 0.0051518 -0.00470469 0.0066967 0.00243837 0.00622935 0.00286788 0.00141189 0.00363119 0.00140914 -0.00175625 -0.0063294 0.000159894 0.00278222 -0.00211737 -0.00547421 -0.00053483 0.00480547 -0.00440372 0.00745942 -0.00161833 -0.00633365 -0.000773714 -0.00712868 -0.000412527 -0.00571748 0.00539006 0.00314053 -0.00623679 0.00179739 -0.004875 0.00206436 0.00475699 -0.00114809 0.00149382 0.0048399 0.00489201 0.000956312 0.0019355 -0.00736345 0.00186138 0.00430761 -0.00377334 0.000518971 -0.00425243 -0.00459456 -0.00247902
60917 -0.00760603 -0.00429678 0.00600195 -0.00471926 -0.00247955 0.000928402 -0.00120735 -0.006598 -0.00272369 -0.00726032 0.00494337 -0.00165558 0.00723934 -0.00104046 0.00126314 -0.00604534 -0.0025444 -0.00217342 -0.00530863 -0.00216436 0.00368118 0.00141621 0.00644541 0.00284195 -0.00640011 -0.00623894 0.000358105 0.0064373 -0.00271082 0.00053978 -0.00485802 -0.00539255 0.00340986 -0.00313759 -0.00123358 0.00484896 0.0053792 -0.00747728 0.00469494 -0.00570107 -0.00411272 0.00124693 0.000664711 -0.0031004 -0.00285482 -0.00107002 -0.0046196 -0.0012064 0.00333357 -0.000727654 -0.00182199 0.000210762 0.000779629 -0.00757885 0.00391102 0.00554848 0.00483131 3.62396e-05 -0.0037632 0.00365496 -0.00230408 -0.00760984 0.0059247 -0.00748396
178821 0.00309404 -0.000968501 0.00300365 0.000984744 -0.00551273 0.0024042 0.00308385 0.00548718 -0.00222694 -0.00724019 -0.00513455 0.00688485 0.00700411 -0.00742182 0.00664098 -0.00651875 -0.00405162 0.00695105 -0.00322305 -0.00705191 0.00341887 0.00494761 -0.00433685 0.00156054 -0.00291426 -0.0021054 -0.00359742 -0.0064185 -0.00629913 0.00696827 0.00606048 0.00229196 -0.000335233 0.00179364 0.00492131 0.00678407 0.000111199 -0.00702111 0.00671953 0.00655719 -0.00213813 0.000913365 -0.00143235 0.00244899 0.00214458 0.00566327 0.000337437 0.00046188 -0.000133294 0.0065076 0.00674948 0.00672553 -0.00321316 -0.000801205 0.00497472 0.00538653 0.00507149 -0.000768257 0.00283469 -0.0030118 0.00212079 -0.00247795 -0.00524912 -0.00465673
203916 0.00287397 -0.00757413 0.00397086 -0.00206403 0.00433048 0.000392434 0.00238256 -1.18609e-05 -0.0074706 0.000286541 0.00464162 0.00418533 0.0040547 -0.00302578 -0.0060366 0.00259667 -0.00575729 0.00264198 -0.00510202 -0.00640312 0.00666383 -0.00646971 -0.00203775 0.00757448 0.00247803 0.0037435 -0.000574703 0.00284586 0.00220997 0.0066536 -0.00787468 -0.00275498 -0.00760535 -0.00680036 -0.00297318 -0.00331809 -0.00164799 -0.00611965 -0.00163742 -0.00429975 -0.00476996 -2.73788e-05 0.00365984 0.00077565 -0.00347703 -0.00073617 -0.00515514 0.00568972 0.00668256 0.00349388 0.00413361 -0.00117953 0.00543572 0.00172265 -0.00693286 0.00600891 -0.00431482 -0.00110812 -0.00124319 -0.000112146 -0.00187731 -0.00556352 -0.0072402 -0.00601829
278102 -0.00325823 -0.00197506 -0.00578499 -0.00667 -0.00158072 0.000657558 0.00738621 -0.00472212 0.00528002 -0.00292158 -0.000728607 -0.00386477 0.00397253 -0.00628948 -1.90735e-05 0.00731659 0.0035162 0.00492048 -0.00370121 0.00480795 0.00640392 0.00215864 -0.0016489 0.0059185 -0.0075016 0.00686693 -0.00422478 0.00732708 0.00311041 -0.00536203 -0.00374603 -0.00512266 -0.00138855 0.00466442 0.00334787 -0.00662041 -0.00115061 -0.00304174 0.00150585 0.00749636 -0.00778627 0.00764132 -0.00732803 -0.00615168 -0.00237846 0.00414991 -0.00387335 -0.00333786 -0.000359058 0.0062809 -0.00651646 -0.00664997 0.000411034 -6.58035e-05 -0.00390768 0.00421858 0.00231075 0.00633669 -0.00196552 -0.00293159 -0.00683594 0.00549078 0.0075736 0.00026083
276507 -0.00204919 -0.00150344 -0.00161781 0.00188215 0.00312914 0.00127488 0.00464714 0.00172386 0.00515137 0.00424433 -0.0016958 -0.00319574 0.00476821 0.00310911 0.00667682 0.00152961 -0.00431775 -0.00532304 -0.000236055 -0.00731858 0.00350347 -0.00422796 0.00515396 0.00514193 0.00462162 -0.00495215 -0.00462557 0.0031087 0.000186955 0.00512008 0.00598458 0.00265741 -0.00387501 -0.000380019 -0.00223096 0.00776637 -0.00721354 -0.00348376 -0.000657086 0.00148722 0.000887132 -0.00585641 -0.00312425 0.0074774 -0.000487232 0.00562191 -0.0021132 -0.00544671 -0.00621866 0.00754477 0.00112712 -0.000721937 -0.00596287 0.0016355 0.00292066 0.00463341 -0.00393083 0.00540075 0.00635913 -0.00356863 0.00291007 -0.00148048 0.00732211 0.00178718
280138 -0.00373817 0.000100743 0.00202504 -0.000522764 0.00565443 -0.0075903 0.00433465 0.00628924 0.000553131 0.00373855 -0.00190536 -0.00341724 -0.00368437 0.00654409 0.00394333 0.00244654 -0.00282652 0.00745547 -0.00364747 -0.00649904 0.00679464 -0.00629716 0.00313522 0.00590345 0.00596014 -0.00476651 0.000253022 -0.00581284 0.00529501 0.00222632 0.00126001 0.00463048 0.00198227 -0.0037656 -0.00706813 -0.00371003 -0.00540421 -0.00544863 -0.00157343 0.00755989 -0.00582358 8.27783e-05 -0.0069853 -0.0028745 0.00400357 -0.00320815 0.00154797 -0.00281569 -0.0037455 0.00772525 -0.00113874 0.00197279 0.00655407 0.00690373 -0.00557626 0.00425483 0.00264792 0.00354974 0.00629321 -0.00186632 0.00370242 -0.00375793 -0.000629388 -0.00587754
282969 0.00395275 0.00174167 -0.00207648 0.000862643 0.000645576 0.00339786 -0.00573298 0.00412116 0.00657694 0.000602857 0.00219468 -0.00627268 -0.00734169 -0.00646423 0.00493883 0.00421059 -0.00340737 -0.00680831 0.00188326 0.00468756 0.00081183 -0.00758672 0.0013478 0.00119177 0.00274796 -0.00520413 0.00463855 -0.00690725 0.00563962 0.00353511 0.00196513 -0.00704933 -0.0062383 0.00423087 -0.00591631 0.000668035 -0.00459303 0.00036718 -0.00316336 0.00150918 -6.34509e-05 -0.00474183 -0.00339864 0.00328427 0.00496249 -0.00569907 0.00131328 -0.0055871 0.00644268 -0.000529316 -0.00242992 -0.00452329 0.00421242 0.00754309 0.00688585 0.00702451 -0.00685353 -0.00023729 0.00388841 -0.00513013 -0.00458677 -0.00335221 -0.000654349 -0.0022559
283995 -0.00424331 -0.00628578 0.00325991 -0.0023995 0.00683053 -0.00689645 -0.000495083 -0.00241941 0.00101265 -0.00733914 0.00724832 -0.00569325 -0.00104959 0.00771614 -0.000380708 -0.00739643 0.0040003 0.00287293 0.00657947 -7.03796e-05 -0.00511016 -0.00463951 -0.000280808 0.00724451 -0.00663978 0.00532192 -0.0050704 0.00335676 -0.00188356 0.00509368 0.00304364 -0.00163554 0.00436256 -0.0047318 -0.00190948 -0.00669444 -0.00599365 0.000678841 0.00155142 -0.00275686 0.00660445 0.00493779 0.000126554 -0.00239594 0.00432992 0.00684599 -0.00172559 -0.000267562 0.000230682 -0.00110819 0.000247465 -0.00409057 0.00679505 0.0038961 0.0051566 -0.00518032 -0.00679246 0.00184886 -0.00279732 0.00219266 0.00128691 0.00755862 -0.00135744 0.00720752
183466 7.86823e-05 0.00588062 -0.00450721 0.00448593 0.00344701 0.00643553 0.00721482 -0.00281657 -0.000457766 0.000805575 0.00147697 -0.00340377 -0.00235489 0.00711998 0.00121862 -0.00720977 0.00742446 0.00188909 -0.00574772 -0.00783007 0.00525088 -0.00123413 0.00682675 0.00133473 -0.000447752 -0.00116079 -0.00335596 0.00581414 0.00177953 -0.00611557 -0.00738141 -0.00280059 -0.00409866 -0.00494568 -0.00560252 0.000600234 -0.00288492 0.00511528 -0.00457746 0.00144622 -0.00494858 -0.000789572 0.00359816 0.00546571 -0.00397785 0.00415056 0.00195285 0.00306402 -0.00735984 -0.00143597 0.00207337 -0.0030999 -0.00423688 0.00361334 -0.00608381 0.00323913 0.0051565 -0.00650601 -0.0078035 -0.00304341 0.00557264 -0.00361231 -0.00303407 -0.00465381
285339 0.00647118 -0.00224092 0.0069365 -0.00267662 -0.00676996 0.00239844 -0.00337414 0.00572441 -0.00540731 0.00687473 -0.0033807 0.00661971 -0.00551157 0.00452887 -0.000425168 0.00652311 0.0023149 -0.00540332 0.00319745 0.00220011 -0.00642226 0.00646661 0.00768541 -0.000180387 0.00419732 0.00211099 -0.00383802 0.00469566 -0.00311684 -0.00386466 -0.00228758 0.00489348 0.000915156 0.00592084 -0.00418741 -0.00558416 0.00357947 -8.4347e-05 0.000422542 -0.00268654 0.000766451 0.00282745 -0.000664594 -0.00226525 -0.00251634 -0.00505172 -0.00168003 0.00221168 0.00641253 -0.000954848 0.00612584 -0.000347268 0.00717236 0.0066332 0.00111939 -0.00218354 -0.00774805 -0.0024201 0.00267667 -0.00493778 0.000288545 0.00111575 0.00182354 0.00487657
177528 -0.00315659 -0.000998693 -0.000359196 0.00658069 0.00246652 -0.00537905 0.00127936 0.00228583 0.00221735 0.000621232 -0.00321905 0.00714715 0.00302249 0.00456995 -0.00771693 -0.00359832 0.00752256 -0.00685045 0.00109661 -0.00397603 0.00767484 -0.00099975 -0.00496919 -0.00440555 -0.00220688 0.00298777 0.00337578 -0.00381983 0.00291878 -0.000782933 0.00604065 -0.00237587 -0.00269692 0.00697641 0.00730823 0.00137559 0.00454785 -0.00506546 -0.00031907 0.00694152 0.00460117 0.00175489 0.00298483 0.000131484 0.00268953 -0.00417779 -0.0032719 0.00268763 -0.00582242 -0.00713821 0.00754127 -0.00248316 0.00653347 0.00515806 2.60962e-06 -0.00114594 0.00360736 -0.00197726 0.00320335 0.00444223 0.000983016 0.00523104 -0.00294483 -0.00753389
286386 0.0075192 0.000336661 0.00583279 -0.00749777 0.00264571 0.00453406 0.000502423 0.00510422 -0.000571795 -0.00474089 -0.00181994 0.00406689 -0.00244438 0.0044749 0.000578843 -0.00476666 0.00281061 0.00187023 -0.00502464 -0.00568886 -0.00636034 -0.00433088 0.000593366 0.00488568 -0.00578775 -0.00298929 0.00469311 5.78461e-05 0.00012881 -0.00169439 -0.00220208 0.00638599 0.00205108 0.00055882 -0.00515841 -0.00657281 -0.00124347 0.00758828 -0.000393005 -0.00217746 -0.00499017 0.00512145 0.0068832 -0.000918751 -0.00213266 -5.83002e-05 -0.00143344 0.00240376 -0.00592768 -0.00377926 -0.00624452 0.00722939 -0.00135618 -0.000848281 0.00275973 0.0030526 0.00241322 0.00206611 0.0077308 -0.00588505 -0.00049359 -5.42649e-05 0.00577977 0.000847076
269491 0.00457382 0.000384331 0.00316763 0.00113964 0.00427103 -0.0011096 -0.00311279 -0.00641108 0.00181055 -0.00399494 0.00460434 -0.00429964 0.00740576 -0.00647354 0.00637102 -0.00290489 0.00734615 0.00189829 -0.000204563 -0.00558138 -0.000934601 -0.0072341 0.00176859 0.00510025 -6.29425e-05 0.00311899 -0.00561857 -0.00290012 -0.00780392 -0.00400925 -0.00773621 0.00758934 -0.00704813 -0.00323868 -0.00545692 -0.00304508 -0.00705576 0.000674725 -0.00134182 -0.00768185 -0.000114441 -0.00126982 -0.00453377 0.00446653 -0.00746202 -0.0074439 -0.00210953 0.00676298 0.00573778 0.00168943 0.00691366 0.00679922 -0.00371933 -0.00364351 -0.00158548 -0.000632286 0.00674248 -0.00644302 0.00653362 0.00338411 -0.00409937 -0.000450134 -0.00356388 0.00259066
286720 -0.00630642 0.00516923 -0.00703899 -0.00735016 -0.0052527 -0.000849426 0.000177722 0.00139986 0.00236677 0.000606991 -0.00309199 0.0039663 0.00699445 -0.000300274 -0.000574554 0.00356495 0.000460161 -0.00269389 0.00616728 0.00138894 0.00159077 -0.00593163 -0.00113295 -0.00316631 -0.00254527 0.00150083 0.00556413 0.00681223 0.00666643 0.0034109 0.000249757 0.000758035 0.00266482 -0.00171322 0.00364496 -0.000187522 0.00171609 0.00779561 0.00368269 0.00448335 0.00775344 0.00769553 -0.00774367 0.00322123 0.00422699 -0.00192401 -0.00401674 -0.00197152 0.00502784 -0.00599815 0.00308584 -0.00296948 0.00366108 -0.00314643 -0.000821547 0.000553868 -0.00480218 -0.00449882 -0.00253693 0.00108932 -0.00224766 -0.00419662 0.00744831 -0.00703866
280505 0.00292632 -0.00211625 -0.000814903 -0.00240104 -1.28682e-05 0.00343374 -0.00178347 -0.00769485 0.00110469 -0.0015726 -0.00557194 -0.00456393 -0.00596181 -0.00305783 -0.00675166 -0.00731983 0.00163847 0.000446223 -0.00150954 -0.00312409 0.001787 -0.00446826 0.000373758 0.00431233 -0.00681648 -0.00489251 0.00158185 -0.00551854 -0.000176696 0.00751489 -0.00533806 -0.00642338 -0.00672651 -0.000503481 -0.00421414 -0.00308482 0.000285703 0.00677948 -0.00286414 -0.00566441 -0.000715188 0.00182535 -0.00257136 0.00486826 -0.00445219 0.0018973 0.00230672 -0.00258886 0.00680069 -0.00265211 -0.00698874 0.00290852 0.00262169 -0.00738261 -0.0061345 -0.00502875 0.00159934 0.007314 0.00272111 -0.00460084 0.0048739 0.0027757 0.00740371 0.00765163
157078 0.00642888 0.000437575 0.00769498 0.00736659 0.00723655 0.00174822 0.000841597 0.000320548 0.00614259 0.00287248 -0.00653755 0.00774762 0.0057066 -0.00218631 -0.00686496 -0.00224779 0.00600015 9.71815e-05 -0.00108704 0.0016981 -0.00725486 0.00123275 0.00698871 -0.00307805 0.00102484 -0.00444739 -0.000239698 -0.00443581 -0.000722106 0.00336629 0.002211 0.00145835 -0.00250437 0.00281911 -0.000516085 0.0072853 0.00329625 -9.39945e-05 0.00139703 0.00738716 -0.00537281 0.00615445 0.00317396 -0.00389421 -0.000322137 -0.00293549 0.00294296 0.00266133 0.00269433 -0.00365046 -0.00440544 -0.00573141 -0.00231795 -0.000634804 -0.00516076 -0.00442427 0.0046387 0.00498186 0.00429139 0.00214064 -0.00630211 -0.00389478 0.00367795 -0.00494926
88215 0.00175679 -0.00444151 -0.00395789 0.00551309 -0.00408444 -0.00774385 -0.00503856 0.00446385 0.00234345 0.00361072 -0.00197055 -0.00776898 -0.00701715 0.00711995 -0.0032563 -0.00320935 0.00122494 -0.00728522 0.0064545 -0.00259385 0.00653789 0.00711607 -0.00424737 -0.00115229 -0.00406578 0.00600619 -0.00553796 0.00612508 -0.00696283 -0.00597923 -0.00497813 0.000556499 -0.0068377 0.00288524 0.00404081 -0.00504342 0.00179081 -0.00304472 -0.000561 0.00328588 0.00560261 0.00653013 -0.00605684 0.00261509 -0.00508167 0.000145727 0.00708589 0.00367977 0.00770767 -0.000715843 0.00583979 -0.00430202 0.00133606 -0.00641174 0.0066089 0.00674905 0.00663454 0.00369477 -0.00733027 -0.00197898 -0.00460587 0.00620571 -0.00414741 0.00581363
289344 -0.00580391 0.00520429 -0.00339174 -0.000800843 8.56675e-05 -0.00357509 0.00647772 0.00730493 -0.00206413 -0.00185158 0.00435289 0.00192732 -0.00723928 0.00614136 -0.00610394 0.00710508 -0.00164538 -0.00184181 -0.00336587 0.0048761 0.00508905 0.00145533 -0.00165438 -0.00493438 0.00748196 0.00653159 0.00334315 -0.000943879 -0.00718239 0.00585239 -2.96514e-05 0.0061698 -0.00284292 0.00223736 0.00659513 -0.00558395 -0.00538846 -0.00015781 -0.00222822 -0.00359387 0.00528573 -0.00334106 -0.00667107 -0.00463982 -0.00133363 0.00433675 0.000620409 -0.00167981 -0.00218204 0.00665954 -0.0044614 -0.00740098 0.0026058 0.00655691 -0.00549541 -0.00582727 0.00202331 -0.00488616 -0.00283868 -0.00109066 0.0018263 -0.00682469 0.0067747 0.00429742
169046 -0.00351858 -0.00328398 0.00242376 0.00314331 -0.00110006 -0.00351048 0.00683546 0.00400639 -0.00698519 0.00753641 0.000721455 0.00356102 0.00296116 8.67844e-05 -0.00201702 0.00701284 0.000687599 -0.00224304 0.000350475 0.00541067 0.00450563 -0.00407553 -0.00771999 -0.00570965 -0.00488949 0.00043869 0.00502872 0.0020566 0.00210476 -0.00523186 0.0052886 -0.00520515 0.00311136 -0.00475121 -0.0034461 0.000780106 0.00413322 0.00254536 -0.00514746 -0.00674057 0.00574541 -0.00663757 0.00139141 -0.000236511 0.00502396 -0.00510788 -0.00688314 0.00777292 0.00342321 -0.00459099 0.00687361 -0.0056181 -0.00136471 -0.000874996 -0.00559425 -0.00647593 -0.00685883 -0.0056591 -0.00736618 -0.00284243 -0.00252104 0.00238085 0.00520945 -0.00540209
293552 -0.00154638 0.0075984 -0.000853539 -0.00673103 -0.00469685 -0.00156593 0.00628328 -0.00305843 -0.00407743 -0.00205135 -0.000994205 0.00347471 -0.00196171 0.00130415 -0.0012722 -0.00187254 0.00368071 -0.00450706 -0.00718737 0.00446415 -0.00189877 -0.00558519 -0.00656939 -0.00296211 0.00397825 -0.00102568 0.00154257 0.0035038 0.00143433 0.00279951 0.00636625 -0.00277662 -0.00341272 0.000130177 0.00227785 0.00175571 -0.00209713 0.00710154 -0.00274563 -0.0073204 -0.00443029 0.00609207 -0.00520277 0.00251389 5.14984e-05 -0.00375271 0.00158262 -0.00145006 0.000647545 -0.00266695 -0.00410223 0.00187063 -0.00602722 0.0025425 0.00285578 0.0017457 0.00569057 -0.00696611 -0.00729656 -0.00695419 0.00540686 -0.00581121 -0.00178909 0.00336885
280293 -0.00256681 0.00512838 -0.00441599 2.09808e-05 -0.000171661 0.00022316 0.00739002 -0.00332546 0.00692654 0.00601053 0.00318146 -0.000162125 0.00713825 -0.000873089 -0.00618124 0.00558758 -0.00502348 0.00367212 0.00454378 -0.000799179 0.00222206 -0.0070138 -0.00532341 -0.00373936 -0.00656128 0.00550795 0.00274944 -0.000254154 -0.00551462 0.00156975 0.00681782 0.00543165 0.00237608 -0.0042057 -0.002491 -0.00739145 -0.00174713 0.00758028 0.00355864 0.00120163 0.00244761 0.00496197 0.00488234 -0.00208473 -0.00659895 -0.00629568 0.00419617 0.00748825 0.00440884 0.00504637 0.0047245 -0.00705767 0.00122356 -0.00666952 -0.00686407 0.00777006 -0.00490475 0.00630236 0.00337124 -0.00542212 -0.00571489 -0.00130701 0.0011301 0.00313282
213338 -0.00123953 -0.00447201 -0.00717779 -0.000761913 -0.000300004 0.00774443 0.00469165 0.00572204 0.00310835 -0.00198601 -0.00607891 -0.0012662 0.00464134 0.00615355 0.00441931 -0.0002885 0.00108097 -0.00474198 -0.00460228 -0.00531981 -0.00568838 -0.00456509 -0.00348821 -0.00741507 -0.00701211 0.000126414 -0.00500457 -0.00518828 -0.00704075 0.00199586 0.0021801 0.00341082 0.00620425 0.000373392 -0.0049293 0.00784746 0.00406046 0.00599889 0.00474491 0.0018371 -0.000694433 -0.000700397 -0.00728774 0.00386214 0.00249166 -0.00393375 0.00235078 0.00117667 0.00617327 0.00334562 0.00512771 -0.000122661 -0.00629803 0.00275421 -0.00694628 -0.0071578 0.00262116 -0.00542262 0.00712655 0.00196358 0.00296943 0.00732608 0.00566497 0.00514823
59389 -0.000507012 -0.00680476 -0.000308842 0.00566314 0.00529909 0.00321682 0.00124262 0.00371444 -8.86956e-05 -0.00510254 0.00615628 -0.00158417 0.00430046 -0.00383765 -0.00330371 0.00593085 -0.00541785 -0.00151635 -0.00369142 0.00392864 0.00627968 -0.00193979 0.00756426 -0.00525635 -0.00639656 0.00144044 0.00398154 0.000896447 0.000212803 0.00638182 -0.00357619 -0.000989853 0.00144415 -0.00743241 -0.000177609 -0.00440158 0.00638148 -0.00379369 -0.00102488 0.00146865 -0.001615 0.00593444 0.00513843 -0.00119952 0.00570429 0.00413446 0.00588193 0.000622017 0.00553966 0.000617036 -0.0076966 0.000894103 4.20297e-05 0.00720763 0.00743697 -0.00739769 -0.000441175 0.0041689 -0.00564875 0.00761153 0.000223068 0.00273301 -0.00394826 -0.00205075
207295 0.00516701 0.00421143 0.00168276 -0.00478268 0.00396824 -0.00736809 0.00692987 -0.00710249 0.00594139 -0.0058136 0.00509548 0.00492287 -0.00404167 -0.00268459 0.00760698 -0.00560904 0.00164557 0.00169897 -0.00193357 0.000665188 3.76701e-05 0.00450563 -0.00303173 0.00323582 -0.00673342 0.00541162 0.000289917 0.00625134 -0.00305986 -0.00525856 0.000447273 0.00729609 0.00517464 0.00627804 -0.00657368 0.00617933 0.00405836 -0.00403214 -0.00691414 -0.00144672 0.00376225 0.00306797 0.00331545 0.00075388 0.00482368 -0.0044136 0.0002985 0.0038085 -0.00618172 -0.00281096 0.000551224 -0.00325203 -0.00667667 0.00679827 0.00137949 0.00405264 -0.00423765 -0.0044446 -0.00558615 -0.00389051 -0.00647163 -0.00762653 -0.00488567 -0.00748634
244363 -0.00234767 -0.00420361 0.00773327 -0.00163654 0.00631737 0.00525328 -0.00717121 -0.000657196 0.00601578 0.00128044 -0.00516915 0.000987968 -0.00681474 -0.00124693 0.00350547 0.00583791 -0.00572748 0.00136018 -0.00029329 -0.0022054 0.00775479 -0.00482826 0.00431764 -0.00466829 -0.0017998 -0.000201316 -0.00622492 0.00719365 0.0025216 0.00128769 0.00210333 0.00455314 -0.00483572 0.00490113 -0.00359884 0.00375774 0.00385142 -0.000466852 0.00140516 -0.000403506 -0.0037566 0.00788079 0.00295508 0.00426903 -0.00617651 0.00256741 -0.00508154 0.000603396 0.00170098 0.00134666 -0.00617715 -0.0035771 0.00157165 -0.00636238 -0.00496931 0.000602239 -0.00654328 -0.000486872 -0.00247868 0.00667419 -0.00166191 0.00661554 0.00233448 -0.00765881
297273 -0.00267572 0.00574285 0.00309232 0.00645734 -0.000666024 -8.08303e-05 0.00137589 -0.00511025 0.00771147 -0.00198477 0.00237589 -0.00744649 0.00177771 -0.00224981 0.0053359 -0.00476337 -0.00039559 0.00236001 -0.00694985 0.000563884 0.00643291 0.00550778 -0.000863725 0.00312465 0.0070568 -0.00451154 0.00231725 -0.00765195 -0.00301039 0.00490168 -0.00255141 0.00631667 0.00412454 0.00621971 0.0060011 0.00664554 0.00453822 -0.00728598 -0.00129037 0.00368635 -0.0042161 -0.00210945 -0.0038025 -0.00474455 0.0058252 0.00251113 0.00735601 0.00444564 0.00508074 -0.00196301 0.00632876 0.0014777 -0.00113762 -0.00103027 0.000852544 -0.00563302 0.00317584 0.00749255 0.00208367 -0.00721656 0.00695655 0.00461366 -0.00568506 -0.00611434
188350 0.00198035 0.00115 -0.00320298 0.00322044 -0.00631544 0.00598579 0.0031894 0.0052327 -0.00381035 0.00535414 0.000838977 -0.00644203 0.00392083 -0.00100593 -0.00470354 0.00322489 0.00494904 0.000801877 -0.00750091 0.00611925 -0.00273202 1.75742e-05 0.00534763 0.00374966 -0.00543512 -0.00386225 0.0042972 0.00483207 -8.33057e-05 -0.00666444 0.00538813 0.00439375 -0.0058412 0.0049892 -0.00413609 -0.00504358 -0.00280938 0.00126379 -0.000446296 0.00151041 -0.00122961 0.00621027 -0.00108505 -0.000151125 0.00346137 -0.00355385 -0.000247238 0.00526863 0.0033576 -0.00458447 0.00212543 0.00500912 -0.00271547 -0.000740585 0.00757197 0.00584505 -0.00449339 0.00356381 -0.0017973 -0.00637531 0.00332876 0.00160925 0.00154971 0.000301229
301812 0.00113352 0.00396407 0.00552894 -0.00439182 -0.00778708 -0.00197945 -0.00690871 0.00190369 -0.00485181 0.00524191 0.00194494 -0.0054917 0.00536162 -0.000459345 -0.005615 0.000243702 0.00581291 0.00115288 0.00496775 0.00399311 0.00438117 -0.00167727 -0.00776831 -0.00205517 0.00602688 -0.0027571 0.00186065 0.00188007 0.00722668 -0.00717873 0.00598338 -0.0014879 -0.00213235 0.00363863 -0.00557873 0.00295522 -0.00363037 -0.00421933 -0.00528229 0.00747224 -0.00619008 -0.00489729 0.00330925 0.00446427 0.00422883 -0.00689148 0.00496565 0.000826899 0.00368935 -0.00600765 -0.000207711 -0.00739216 0.00163718 -0.00546719 -0.00371904 0.000506565 -0.00364637 -0.00507486 -0.000322955 -0.00622886 -0.00480055 0.00427483 0.000294711 0.00745262
248290 0.00804062 -0.00301051 0.00701544 -0.00151448 0.00543724 0.00528867 0.00466183 -0.00485579 0.0051645 0.00323353 -0.00586612 -0.00630609 0.00393624 0.00420342 0.000245434 -0.00427617 0.00539415 -0.000153864 -0.00189676 0.00706819 -0.00260565 -0.00366139 -0.000727163 -0.0059113 0.000653193 0.00236571 0.00481706 -0.00477385 0.00731323 0.00656369 0.00260554 -0.00396489 -0.00680741 -0.00314429 0.00665108 -0.00508167 -0.00684722 0.00183232 -0.0014751 -0.00327543 -0.00707139 -0.00270673 -0.00619558 0.00367682 0.00216648 -0.00660886 0.00104989 -0.00323748 0.00545365 0.00191203 -0.00545881 0.00449697 -0.00701276 -0.00736233 0.00269002 -0.00128776 -0.00773349 -0.00314328 -0.003194 0.00119388 -0.00206859 -0.0037326 0.0057499 0.00325149
143547 -0.00403804 0.00248046 0.00197595 0.0034246 0.00490201 0.00233504 0.0020858 0.00385152 0.00230636 -0.00381458 0.00457176 -0.00307411 0.00541864 -0.00541007 0.00278343 0.00710652 -0.000672412 0.00168256 -0.00474994 0.00475321 0.000481981 -0.00173547 -0.00356523 -0.00668656 -0.00725041 0.00663046 -0.000302143 0.00519419 -0.00463805 -0.00255231 0.00706464 -0.00285902 -0.0030702 0.00229447 -0.00151575 0.00467078 0.00184714 0.00503651 0.00151483 -0.000231853 0.000468857 0.00622195 -0.00585098 -0.00103113 -0.0011412 0.00621398 0.00552241 0.00639755 0.000115979 0.00427738 0.00509529 -0.00480233 -0.00756506 -0.00668544 -0.00775735 -0.00308448 -0.00634137 0.000687879 0.00350761 0.000725186 0.0039377 -0.000889095 -0.00586023 -0.00042505
302547 -0.00576873 0.00297997 -0.000362261 -0.00616032 0.00121016 0.0028847 0.00274632 0.00660852 0.00343079 0.00573282 0.00636598 0.00278463 0.0077261 0.00658423 -0.00038995 -0.00312405 0.00633341 0.0027179 -0.0053673 -0.00557975 -0.00108144 -0.000165094 0.00706972 0.0036952 0.00387412 -0.00175769 -0.00377905 -0.00371092 0.0071202 0.000605866 0.00669366 -0.00673413 0.00269146 -0.000658955 0.00614358 -0.00309681 -0.00189986 0.000251753 0.00256461 0.00704963 -0.00290923 -0.00770193 0.00417088 0.00104144 0.00417442 0.00108284 -0.00384346 0.00411125 0.00273245 -0.00651828 -0.00467428 0.00471264 -0.00388663 0.00456974 0.000674606 8.42157e-05 0.00247285 0.00620358 -0.00570175 0.000128441 -0.00295263 -0.0028374 -0.00374079 -0.000413762
236732 0.00793912 0.00488771 0.000924096 -0.00747836 -0.00284892 -0.00296301 0.00178381 0.00633318 0.000707036 -0.0020639 -0.0045392 0.00164903 0.000851929 0.0059328 -0.0038216 -0.00192559 0.00635246 0.00747913 0.00359044 -0.00307132 0.00142397 0.00515601 0.000639296 -0.00515284 0.00122753 0.00379714 -0.00349337 0.00400704 0.00695949 -0.00490273 -0.00252435 6.73408e-05 -0.00388927 0.00593021 -0.00451093 0.00576653 -0.00370789 0.00462566 -0.00751586 0.00183485 0.00279355 -0.00408086 0.000609507 -0.00386572 0.00410594 0.00249794 0.00580046 0.00331125 0.00486978 0.00139213 -0.000563109 0.00301641 -0.00655113 -0.00489508 -0.0066033 0.00478171 -0.00230769 0.0048365 -0.00137532 -0.000382041 0.000605757 -0.0032291 0.00392433 -0.000759904
303903 0.0029438 0.00683377 -0.0008746 -0.00138099 0.0032243 -0.00155139 0.00166721 -0.00210408 -0.00563923 -0.00628948 0.00710476 0.00709018 -0.00165079 -0.00210216 0.005753 0.00447826 0.00261196 -0.0029269 0.00580163 -0.00646895 -0.00710825 -0.0055425 0.00148852 0.00654489 0.00663194 -0.00444598 -0.00525396 -0.00644537 -0.00130622 -0.000526716 -0.00138814 -0.00624069 0.00205203 0.000839211 0.00281746 -0.00469127 0.00318167 -0.00324692 0.000898156 0.00635604 -0.00168075 0.00277891 -0.000727756 -0.00582073 -0.00723937 -0.00428676 -0.00287186 -0.00610409 0.00582872 0.00487871 -0.00277423 -0.000562309 -0.00292899 0.00375196 0.00622006 0.00014142 -0.00273537 -0.00364963 0.00701156 0.00748937 -0.000977791 -0.0031728 0.00124802 0.00244222
303919 0.000358105 -0.000576973 -0.00470924 0.00364637 0.00663614 -0.00261116 -0.00290203 -0.000483036 -0.00731897 0.00625896 0.00631237 -0.00568151 0.0059514 -0.00525856 0.0025568 0.00218487 0.00623035 0.00693083 -0.0077424 0.00530148 -0.00213814 0.00305033 -0.00574303 -0.00743103 0.00290155 0.000212193 -0.00694513 0.000190735 -0.00616741 -0.00682116 0.0056591 0.0052557 0.00605726 0.00228548 -0.00600481 -4.62532e-05 0.00194836 -0.00585938 0.00322866 0.00375319 0.00354385 0.00663996 -0.00767565 -0.00258207 0.00316811 0.00514746 0.0028286 0.0049448 -0.00281 0.00452137 0.0071888 -0.00519133 -0.0040555 -0.000546455 0.00447512 -0.00154114 -0.00433445 0.00342369 0.00169611 -0.00754213 -0.00017786 0.00437212 -0.00455236 0.00471306
149141 -0.00242281 -0.00324488 -0.00166845 0.00680733 0.00239992 0.00746727 0.00613832 0.00600815 -0.00395823 -0.00595045 -0.00289106 -0.00728607 0.00590134 0.00141096 -0.000117302 0.000663757 0.00475216 0.00235415 -0.00666618 -0.00182867 0.00147629 -0.00435591 0.00302458 -0.00729418 -0.00385237 0.00565529 0.00122261 0.00458336 -0.00375795 -0.00517082 0.00646877 -0.00477982 0.0016923 0.00486183 0.00525904 -0.000546932 -0.000694752 0.00660181 -0.00191212 0.000509262 -0.000730991 -0.00667429 -0.00446939 0.000252247 -0.00198174 0.000495434 0.000993252 -0.00483322 -0.00607443 -0.00708246 -0.00669384 -0.00179529 0.00259781 0.00553465 -0.00733614 0.0044508 -0.00488853 -0.00560856 0.00434113 -0.00613022 0.00284958 0.00275373 0.00180721 -0.00592375
292077 -0.000231266 0.00517893 -0.00632858 -0.00047493 -0.00674534 0.00326014 -0.00766802 0.00443459 -0.0030899 0.0014739 0.00688839 -0.00728321 0.00391388 -0.000654697 0.00318146 0.00160313 -0.00631714 0.00336838 0.000403881 -0.00714064 -0.00327396 0.00739241 -0.00285292 0.00765848 0.000412464 0.00740862 0.00569201 -0.00474405 0.00180292 -0.000544071 -0.0032053 -0.00534391 0.0058856 -0.00467825 0.00252008 -0.00308275 -0.00588226 0.00476265 0.00749922 -0.00458908 0.00536442 0.00329161 0.00116444 0.00480127 -0.00523949 0.00613594 -0.00678587 -0.00642872 0.00321054 0.00178194 0.00548315 -0.00477648 0.00618076 0.00634098 -0.00127602 -0.000757217 0.00574446 0.00777674 -0.00252628 -0.00368261 0.000163555 -0.00127459 -0.00349188 -0.0023427
303920 0.00433874 0.00757408 0.00581598 -0.00333786 0.00541496 -0.00159025 0.0050869 0.00526428 -0.00437832 0.00262165 -0.00722551 -0.00741196 -0.00211716 -0.00660229 -0.0055213 -0.00113106 0.00753689 0.00652552 -0.00304127 0.00227308 5.91278e-05 0.0031085 0.000641346 -0.00093317 0.00626659 -0.00676584 0.000694275 -0.00023365 -0.00135612 -0.00566721 -0.00422812 -0.0045228 -0.00348711 -0.000486851 0.00637817 0.0033021 -0.00692987 -0.00164223 -0.00116014 -0.00498009 0.002635 0.00672197 -0.0063076 0.00541925 0.00300837 0.0073905 0.00448513 0.00574255 -0.0068469 -0.00748968 0.00767851 -0.00513077 0.00361061 -0.00597048 -0.00410843 0.00306797 -0.00139713 -0.00381327 0.00266981 -0.00779867 0.00723553 0.0069046 -0.00522089 0.00346184
258281 0.000881672 -0.00536633 0.00458431 0.00526762 -0.00521708 -0.00125599 -0.00775146 -0.00447273 0.000324249 -0.00497913 -0.00217342 -0.00159979 -0.00648403 -0.00376797 -0.00513792 -0.00586081 -0.00510788 0.000564575 0.00554991 0.000260353 0.00448751 0.00229311 -0.00153685 -0.00111723 -0.00353241 0.00558233 0.00389957 0.00660896 -0.00166893 0.00579739 -0.00090313 -0.00259209 0.00613499 0.00422287 -0.00162983 0.00612593 -0.00496769 0.00493526 -0.005826 -0.00191545 -0.0046773 -0.00276136 -0.00335646 0.00427294 -0.00668764 -0.00260735 0.00511217 -0.00179672 0.00217533 -0.00318956 0.00291348 -0.00166845 -0.000381947 -0.000180721 -0.00353479 -0.00290346 -0.00058651 -0.00183582 0.00244236 -0.00263882 0.000475883 0.00284767 0.00403595 0.00730944
36293 0.00242758 -0.00388861 -0.00114393 -0.00667048 0.00319767 0.00227976 0.00322437 0.00131559 -0.00427055 -0.000361919 -0.00520706 -0.00721025 0.00433159 -0.00292444 0.00198174 -0.00309467 0.00588989 -0.00233793 -0.00595713 -0.000270844 -0.00479031 0.00100899 -0.000996113 -4.76837e-06 -0.00716496 0.000965595 -0.00608492 -0.00353336 0.00461769 0.00549793 -0.00534534 -0.00763845 -0.00299692 0.00404835 -0.00090456 0.00071907 0.00668764 0.00298023 0.00775337 -0.00445795 -0.00451803 0.00752544 -0.00551558 -0.00428391 0.00653505 -0.00728655 0.00446463 0.00778818 -0.00161362 0.00732708 0.00202131 -0.00101233 0.00674582 0.000243187 0.0049305 0.0015626 -0.00515985 -0.00243473 0.00274277 0.00419712 -0.00464344 0.00117159 -0.00736809 -0.00279331
304036 -0.00142956 0.00269985 0.00532484 -0.000853539 0.00218725 -0.000779152 0.00148535 -0.00596523 0.00560951 -0.00162458 -0.00451612 -0.00254631 0.00478649 -0.00703096 0.00567484 -0.00677967 0.00473213 0.00218153 0.00061512 0.00577641 -0.00351191 0.00313234 0.00284338 0.00310659 -0.00624752 0.0062089 0.004035 0.00470924 -0.00217962 0.00414658 -0.00623274 -0.00431204 0.00167847 0.00140095 0.00571537 0.00585032 -0.00434208 -0.00558472 -0.000858307 0.00176525 0.00735474 -4.52995e-05 -0.00488138 -0.00245905 -0.00239754 0.00211096 0.00409889 0.00101948 0.00458288 -0.00673103 -0.00760126 -0.00197172 -0.00152588 -0.00473022 0.0023365 -0.00236416 -0.00501585 0.00168467 0.00170946 -0.00270176 -0.000462055 -0.00694323 -0.000767231 0.000222206
190488 0.00234127 -0.00272131 0.00162125 0.00633097 0.00234032 0.00320816 0.00518942 -0.000222683 -0.000949383 -0.00342607 0.00389719 -0.00497198 -0.00722408 0.00438881 0.00359201 -0.00742388 -0.0053153 -0.00495005 -0.00686884 6.10352e-05 -0.00647926 0.00472641 0.00274992 0.00110626 0.00541401 -0.00655079 -0.00275755 -0.00360584 -0.00268269 0.00464201 -5.57899e-05 -0.000699043 -0.00196314 0.00650358 0.0075798 0.00122547 -0.000124454 0.00460005 -0.00178385 0.00769091 -0.00388002 0.00721073 -0.00136185 0.00410128 0.00737762 -0.0047183 -0.00224161 -0.000893593 0.00449848 -0.00584459 0.000504494 0.00445557 0.0029707 -0.00731897 -0.00683069 0.00554943 0.00213385 -0.00562239 0.00529337 0.000315189 -0.00275755 -0.0068779 -0.00780869 0.00436354
221347 0.00333309 0.00178957 0.00443792 0.00630713 0.00643396 0.00444603 -0.00656843 0.00557327 -0.000174522 0.00738668 0.000592709 0.00721025 0.0052557 -0.00287485 0.00119591 -0.00334978 0.00244999 -0.00374365 -0.00585604 0.00330448 -0.00505543 -0.00595808 -0.000697613 -0.00530386 -0.0050478 0.00513697 0.00683117 0.00689125 -0.000949383 0.00207186 -0.00674248 0.00292492 0.00301409 0.00614262 0.00185061 0.00561237 0.00258684 0.00420761 -0.00420904 -0.00355768 -0.00272989 0.00729036 -0.00267839 0.00193977 0.00641108 -0.00339079 0.00262499 -0.000178337 0.00530529 -0.00518084 -0.00189066 0.00383568 -0.00628471 -0.00755262 0.0053525 0.00647497 -0.00485849 -0.00143671 -0.00399256 -0.00216246 -0.00387001 -0.00745296 -0.0054512 0.00544882
187264 -0.00104713 -0.000887394 0.00703096 -0.00168705 -0.00619125 0.000950813 -4.29153e-06 0.00626469 -0.00735426 0.00490379 0.00519371 0.00101137 -0.0067544 0.00727987 -0.00386333 -0.000690937 4.43459e-05 0.00235224 0.00276852 -0.0028348 0.0015831 -0.00160837 0.000893593 -0.00760984 -0.00018692 -0.00221539 -0.00421667 0.00125742 0.00677299 -0.000665665 -0.00715876 -0.00152683 -0.00551367 -0.00508308 -0.00649786 -0.00128269 -0.00514984 0.00297308 0.00611782 0.00583172 0.00723457 0.00162745 0.00688648 0.00103474 0.00431538 0.00703907 -0.00318241 -0.00687504 0.00636244 0.00353146 -0.00395203 0.00517035 -0.00112391 0.00234985 -0.00350332 0.00501966 0.00754452 -0.0019021 -0.00457191 -0.00210953 -0.00395203 0.00594997 0.00590801 0.00711012
204334 -0.00558186 -0.00443506 -0.00515652 0.00502205 -0.00150919 -0.00144863 0.00397635 0.00450754 0.00128365 0.0022788 -0.0017395 -0.00187016 -0.00629759 0.00064373 -0.00612354 0.00223112 -0.00145531 0.00207615 -0.00531769 0.00236511 0.00644827 0.00602674 -0.00752163 -0.00510931 0.00275326 -0.00178289 -0.00260544 -0.000761986 0.000801086 0.00714159 -0.00560713 0.00129557 0.0050149 0.00648594 -0.0046792 -0.000691414 0.00678635 0.00281858 0.00438547 0.00335693 -0.000995159 -0.00053072 0.00398588 0.00355339 0.00289154 0.00408077 -0.00248241 -0.00758696 -0.00078392 0.00512409 -0.00265932 -0.00597477 0.00755787 0.00673342 -0.00547409 -0.00202036 0.00257063 0.000274658 0.00169373 0.000688076 0.00465584 -0.00673866 0.00243568 0.00516605
285677 0.00275993 0.0052762 -0.0076189 -0.00557804 -0.000179768 -0.00473642 -0.00771856 -0.00485659 -0.00517464 0.00485229 -0.000584126 -0.00317526 0.00451994 -0.00230694 0.00769091 -0.000718117 0.00121689 0.00760555 0.000249863 0.000563145 -0.00526047 -0.0026145 -0.00192642 -0.00491285 -0.00565672 -0.00580359 0.00589609 -0.00285959 0.000513554 -0.00285769 0.00142193 0.00330591 -0.00314999 0.0041995 -0.00334358 0.00271702 -0.00179672 -0.00214481 0.0048461 -0.00442028 0.00026083 0.00225019 0.00433683 0.00384998 -0.00387239 0.00430441 -0.00153112 0.00327158 -0.0011487 -0.00775719 -0.00280333 -0.00497198 0.00105429 -0.00224495 0.00392628 0.00558805 -0.00186682 0.00457573 0.00513029 -0.001369 0.00617647 0.000348568 -0.000640869 0.00324869
34838 -0.00205231 0.00331306 0.000711918 0.00481176 0.000573635 -0.00308275 0.0065074 -0.00354767 -0.00295639 -0.00547266 0.00484467 0.00317049 0.000155926 -0.00453186 -0.00383234 0.00776529 0.00351381 0.00767803 -0.00485086 -0.00314474 0.00634193 0.00759363 0.00263453 -0.00631857 0.00421572 -0.00307703 0.00770807 -0.000916004 0.00185108 -0.00432587 -0.00599957 0.00422859 0.00255394 0.00609255 -0.00532913 -0.00353909 -0.000777721 0.00562954 -0.0016861 -0.00312662 -0.000380516 0.00359154 0.000218391 0.00409079 0.00144911 0.000844002 0.00122738 -0.00777817 -0.00318623 -0.00340462 -0.00136328 -0.00625658 -0.00028038 0.00663376 0.00574636 -0.00660944 0.00433302 0.00266886 0.00387573 0.00755882 -0.00735521 0.00276756 0.0040946 -0.00282288
300873 -0.00690698 0.00377796 -0.00249745 0.00415683 -0.00425825 0.00153496 0.00222961 0.00331237 -0.00732992 -0.00770078 0.00291027 -0.00012125 -0.0058154 -0.0012296 0.00380252 0.00594845 -0.0069231 -0.00114108 -0.00595085 0.00415008 -0.00478068 0.00149542 -0.00108305 -0.000787767 0.00736568 -0.00584772 -0.00292509 0.00134655 -0.00703013 0.00566352 0.00682629 -0.00401421 -1.16881e-05 0.00679372 -0.00565363 0.00711819 0.000949566 0.00469722 -0.000933824 -0.00185624 -0.00646662 0.00497179 0.00731973 -0.00130518 -0.00277773 -0.00539675 -0.000450188 -0.00392698 -0.00748929 -0.00482155 -0.0031505 -0.00082161 0.000443815 -0.00572246 0.00448312 -0.00271211 -0.00777632 -0.00594344 0.0038249 0.00421235 -0.00481737 -0.00048057 0.000599201 0.00615474
266856 -0.00682974 -0.00255346 -0.000662804 -0.000426292 0.00365019 -0.000700951 0.00566387 0.00264883 0.00541687 -0.00439405 0.00545263 -0.00720835 0.00777006 0.00479174 0.00489569 -0.00456858 -0.00339508 0.00109959 0.00409031 -0.00370312 0.00121689 -0.00150251 0.00316048 -0.00331736 0.00202513 -0.00289488 0.0072546 -0.00748634 0.0009799 0.00648785 0.00453043 -0.00609922 0.00612926 -0.00700045 -0.00717926 0.00658989 0.00211191 -0.00322962 -0.00216007 -0.00176716 0.00179958 -0.000117779 0.00237608 0.00526094 0.000862122 -0.00553322 -0.00504446 -0.00295019 -0.00702953 0.00414515 -0.00508213 -0.00311327 -0.00758314 0.00752974 -0.00322342 -0.00167799 0.00311327 0.00159454 0.00328588 0.00453377 0.00575113 -0.00261497 -0.00364828 -0.00508976
162879 -0.00416994 -0.00163603 -0.00041914 0.00585699 0.00371456 0.00387335 0.00347328 0.00503349 0.00442982 -0.00574636 0.000814915 -0.00397396 0.00772524 0.00260735 -0.00299025 0.0014081 0.00174284 -0.00463676 -0.00707579 0.00182581 -0.00605011 -0.00524235 -0.00752735 -0.00531864 -0.00546026 -0.00647736 0.00126553 5.10216e-05 -0.00153399 0.00113058 0.00606394 0.00553894 -0.00118732 0.00627279 -0.00490761 0.00582457 -0.00608778 0.00742006 -0.00666046 0.00360775 0.00529289 0.00551176 0.00102329 0.0027113 0.00636768 0.00125504 -0.00314999 0.000659943 -0.00230455 0.000445366 0.00361395 -0.00411749 0.00372124 0.00729752 0.00277185 0.00123024 -0.0075407 -0.006423 -0.00758505 0.000821114 -0.00697851 -0.00461817 0.00651741 -0.00183487
305339 0.0062089 -0.00274849 -0.000735283 -0.00117159 -0.00131321 0.00545359 0.00608492 -0.0025382 -0.00216198 0.00136518 0.000816822 -4.72069e-05 -0.000299931 0.00493288 0.00126171 -0.00571823 0.00394201 0.00162697 -0.00119972 -0.00541449 -0.00233507 -0.00587988 -0.00130558 -0.00611448 -0.00113297 -0.00538778 -0.00323439 -0.00313997 -0.00303316 0.000276089 0.00718451 -0.000634193 -0.00501108 0.00211906 -0.00168467 -0.00765753 0.00642252 0.00724792 0.00760221 -0.0025754 -0.00739384 -0.000185013 -0.00443268 -0.00685167 -8.91685e-05 -0.00748158 0.00677776 0.00470066 -0.00181484 0.00018549 -0.00527048 -0.00264835 -0.00775862 -0.00644875 0.00350571 0.0027647 0.00159788 -0.0070982 0.000656605 -0.0066781 -0.00412083 0.000306606 0.00728321 -0.00383282
255684 0.00608873 -0.00738716 0.00726986 -0.00664902 -0.000844002 0.0020566 0.000406265 0.00602579 0.00160122 0.00665569 -0.00616837 0.00283194 -0.00278568 0.000995636 -0.000323296 -0.000832558 0.00646734 0.000816822 0.00520754 0.00310898 -0.00243759 -0.00735235 -0.0010314 0.00280905 0.00557661 0.00376129 0.00361204 -0.00512791 0.000236988 0.00682259 -0.00422239 -0.00145531 0.00378275 0.00638723 0.00746346 -0.0072751 -0.00054884 0.00598955 -0.0076189 0.00186872 0.00704384 -0.000149727 0.00172472 0.00217581 0.00672913 0.000452995 0.00285769 -0.00086832 -0.0062027 -0.0039897 -0.00527716 -0.0053277 0.00176907 0.00532198 0.00346518 0.00753403 0.00156832 -0.00094986 0.00271273 0.00568771 -0.00145388 -0.00447226 -0.00174761 -0.00745201
23322 0.000687122 0.00639057 -0.0065856 -0.00352669 -0.00772524 -0.000488758 -0.00321674 0.00213146 -0.00738192 0.00765419 0.00729465 -0.00488806 0.00597477 0.00345993 -0.0022831 0.00211859 0.00477266 -0.00270224 0.00344849 0.00124311 0.00227785 -0.00578308 -0.00612497 0.00652981 -0.00257349 0.000919819 -0.00740099 -0.00179243 0.00421667 0.00023222 -0.00121069 0.00280046 -0.00474405 0.00586319 0.00407457 -0.00550985 0.00311995 0.00556707 0.000989914 6.48499e-05 0.00597382 -0.000760078 -0.00385094 0.000710964 -0.00262642 0.00256681 0.00227118 -0.00264883 0.00732994 0.00400352 0.00661564 0.00465965 0.00578451 -0.00429535 -0.000677109 -0.00329065 0.00247145 0.00369024 -0.00327969 0.00688219 -0.0069418 0.00347567 0.00246525 -0.00124884
84062 0.00303507 0.00583935 -0.00217104 0.00743294 0.00425768 -0.0041666 -0.00225115 -0.00375462 0.00247431 -0.0059247 -0.00167179 0.00630331 -0.00737429 0.00155354 -0.00696659 -0.00299788 0.00212193 0.00324535 -0.00736094 0.00189686 -0.00298929 -0.00511026 0.00743055 -0.00206423 -0.0037632 0.00509977 0.00483418 0.00317383 -0.00296545 -0.000971317 0.00410461 0.00404692 -0.00584126 -0.00485468 -0.0068779 -0.00703096 -0.00713873 9.10759e-05 0.000804901 -0.00142717 0.00144958 -0.000581741 -0.00544262 -0.00126743 -0.00291777 -0.000193596 -0.00123787 0.00494289 0.00689125 0.00118446 -0.00563335 0.00506639 0.0012064 0.00373125 -0.00443459 0.00614738 0.00659704 0.00630426 0.00425673 0.00493145 -0.00511312 0.00751781 0.003901 0.00278378
167437 0.00282309 -0.00281802 0.00601322 0.00198142 0.00666026 -0.00314631 -0.00211119 0.00661403 -0.00752283 -0.00526446 -0.00561928 -0.0043976 -0.00586872 -0.00777144 0.00674312 0.00110006 -0.0061302 0.00734925 -0.00478727 -0.00545648 0.00609523 -0.00149016 -0.00672866 -0.00666014 0.000413591 -0.0037438 -0.00454264 -0.00181381 0.00595502 -0.00162639 0.00731808 0.00196078 0.00179916 -0.00766376 0.00306529 0.00698326 -0.00121729 0.00720853 -0.00161805 -0.0039456 -0.00229431 -0.00597165 0.0048697 -0.00150726 0.00772566 0.000944443 -0.00624482 0.00408803 -0.000351001 0.00364228 -0.00782582 -0.00298033 -0.00731655 -0.00187165 0.004478 0.00148143 -0.00726939 -0.00140153 -0.00787238 5.58723e-06 -0.00394315 -0.00105414 -0.00569516 0.000370853
207026 -0.00271519 -0.0052175 -0.0045522 -0.00485884 -0.00559702 0.000629622 -0.000103072 -0.00315299 -0.0057869 -0.000695456 -0.000468803 -0.007427 -0.00724406 -0.00388227 0.00513108 -0.0072901 -0.000905368 0.00627402 -0.00517771 0.00774099 -0.0010568 0.00122974 0.00681227 0.00123668 0.000384827 -0.00650117 0.00561297 -0.00465161 0.0033702 0.00106376 -0.00348697 0.00416297 -0.00392414 0.00754281 0.00749613 0.000524819 -0.00360184 0.00527889 0.00775888 -0.000751564 0.00682787 0.000144626 -0.00412204 -0.00580996 0.00748216 0.00685216 -0.0030183 0.000251572 0.000628385 0.00394523 -0.00457214 0.00524014 -0.00713323 0.0023571 -0.000701732 0.00276747 -0.00543025 -0.00444129 -0.00231272 0.000238734 -0.00355123 0.00783818 0.00460087 -0.00473598
178891 0.00720963 0.00481003 -0.00144603 -0.0062509 0.00149827 -0.00276416 -0.00121272 0.0010108 2.06822e-05 0.00523973 -0.00595261 0.00315925 -0.00583236 -0.00533131 -0.00617183 0.00469832 -0.0023688 0.00434064 -0.00142226 -0.000375946 -0.000127568 0.00686479 0.00170238 0.00684945 -0.00517542 0.00772038 0.00618006 -0.00127955 0.000761088 0.00206507 -0.00136172 -0.00523258 -0.00613189 -0.00373298 0.00370488 -0.00770365 4.71626e-05 -0.00398258 0.00410059 0.00688383 0.00173467 -0.00441176 0.00678749 0.00358469 -0.0017106 -0.00484222 -0.00594573 0.00698289 0.00126251 0.00276565 0.00702651 -0.000237164 0.00660774 0.000570617 -0.0076068 0.00682384 0.0065075 0.00460509 0.0034541 0.00578062 0.00370416 -0.00601189 -0.00464126 -0.000926715
52911 -0.00101471 -0.00550175 -0.00701427 -0.00280333 0.00730896 0.000441074 -0.00340796 -0.00192499 -0.00518227 0.0023632 -0.00218391 -0.00554657 -0.00366974 -0.00742102 0.00162029 -0.000265121 -0.007411 -0.00195122 0.00525284 -0.00117731 -0.00584269 -0.00417137 0.00193214 0.00289774 0.0052948 -0.00427532 0.00683737 0.00455475 0.00207901 0.0045085 0.00140285 -0.00312328 0.0043726 0.000113964 -0.00339508 -0.00655222 0.000910759 0.00516605 0.00185204 -0.00585365 -0.00540924 -0.00235891 0.00642252 0.00558615 0.00538063 -0.00199509 -0.00556135 -0.00145674 0.00104761 -0.0074935 0.00656366 0.00500154 -0.000631809 0.000727654 0.00379133 0.00276232 -0.000469208 -0.00607157 -0.000360012 -0.00661564 0.00200701 0.00355434 -0.00263166 -0.000472546
106560 -0.00663948 0.00143385 -0.00460386 -0.00316477 -0.000981331 0.000411034 0.00380707 0.00643253 0.00234318 0.00382042 0.00698376 0.0037961 0.00490952 0.00254011 0.00275421 -0.00492096 -0.00491953 0.00741673 0.00622559 -0.00522995 0.00602388 0.00328493 -0.00756693 0.00576258 -0.0009799 -0.000112057 -0.0058918 0.00134754 0.00320721 0.00341606 0.000566006 -0.00542164 -0.00239325 0.00583935 -0.000985622 0.00701904 -0.00217056 0.00326109 0.00741291 0.00670004 0.00517654 -0.000160217 0.00268602 0.00229311 -0.00070715 -0.00712395 -0.000338078 0.00395632 0.00707865 0.00499439 -0.00295162 0.00660753 0.00714731 0.00276518 -0.0010643 0.00295353 -0.000589848 0.00206423 1.90735e-05 -0.00546408 -0.000931263 -0.00359917 0.00240183 -0.00750685
3926 0.00335979 -0.00711966 -0.000952244 0.00754642 0.00281715 -0.00484133 0.00737047 0.00529099 0.00728416 -0.000693798 -0.00572777 -0.00182486 0.00218248 -0.0018177 -0.00512218 0.000238419 -0.0072279 -0.0022521 0.000649929 0.000378609 0.00503922 -0.00596285 -0.0027504 -0.00728703 -0.00218678 -0.00766468 -0.00654221 0.00105238 -0.00774145 0.00166893 -0.000348091 -0.00456524 -0.00166845 -0.00760126 0.000268936 -0.00289917 -0.00251627 2.57492e-05 0.00375271 0.00424623 -0.00130224 0.00362015 -0.00433016 0.00367498 0.00525951 -0.00363874 0.00348854 -0.00243711 0.00310612 0.00160408 0.00495625 -0.00203896 -0.00434875 -0.00117397 -0.00205564 -0.00363064 -0.00719309 -0.00275183 -0.0050559 0.00163651 -0.00528002 0.00273705 -0.0055356 -0.00273466
8625 0.00299422 0.00638928 0.00504309 0.00510508 0.00588576 0.00614462 0.00190923 -0.00270234 0.00218159 0.0019991 0.00276686 -0.000659917 -0.00609815 0.00777043 -0.00095974 0.00129858 -0.00328124 0.00464057 -0.00462867 0.00512961 -0.000173144 0.00323014 0.00134518 -0.00429977 3.18203e-05 -6.48339e-05 0.00687991 0.00777811 -0.00353152 -0.00563865 -0.0056863 -0.000839814 -0.00775305 -0.0065525 -0.00247671 -0.00189308 -0.00124183 -0.00254487 -0.0026446 0.00113098 -0.00497115 0.00263571 -0.00673999 -0.00369197 -0.00614658 0.00158949 0.00749292 -0.00725715 -0.00367623 -0.00161625 0.00207568 -0.00415296 0.000827727 0.00450295 -0.00249665 -0.00452889 0.00542728 0.00240157 -0.00187366 -0.00071806 -0.00339646 -0.00184662 -0.0034076 -0.0060061
10900 0.00516415 -0.00636196 0.00653458 0.00444508 0.00310278 0.000118732 0.00586319 -0.00705528 0.00294447 0.00153971 0.00513744 0.00539827 -0.00655079 0.00497961 -0.00261974 0.00765371 -0.00537252 -0.0065546 0.00537539 0.00627518 0.00687361 -0.00437832 -0.00253773 0.00761318 -0.00367737 -0.00530577 -0.002491 0.00224161 0.00383282 -8.10623e-06 0.00381899 -0.00229979 0.00406361 0.00360012 -0.00422478 0.00530815 -0.00733042 0.00506639 0.00234032 0.00400019 0.00620127 -0.00177288 -0.00439644 0.00569296 0.00587225 -0.00610304 0.00536489 -0.00486755 0.0016489 0.00370932 -0.0008111 -0.00626516 0.00406694 -0.00366688 0.00205898 0.00474644 -0.00725508 0.00137234 4.91142e-05 -0.00452328 0.00461578 -0.00283766 -0.00722075 0.00206709
130113 -0.000405312 0.00777149 0.00469303 -0.00308084 -0.00266838 -0.00144958 -0.00195408 -0.00513744 0.00214767 -0.00446892 -0.00235224 0.00695038 0.00666857 0.00240183 -0.00475359 0.00545406 -0.00249004 -0.000273228 0.00609398 -0.00668144 0.00352859 0.006392 0.00183058 -0.0020957 0.000615597 0.00356817 -0.00151253 0.00415325 -0.00519991 -0.00195169 -0.00751829 0.00637245 0.00388336 -0.00599813 0.0077877 0.00628233 -0.00624466 -0.0062499 -0.00597143 -0.004107 0.00522995 -0.000265598 -0.00507593 0.00285006 -0.0036931 -0.00234795 -0.00128555 0.00245237 -0.00493002 0.00230742 -0.000631332 -0.00727654 -0.00562382 0.00553083 -0.00730038 0.00548601 -0.00394869 0.00146246 -0.00130606 0.00608063 -0.00488186 0.00667477 0.00605011 0.00154781
276564 -0.000727654 0.000434399 -0.00725937 -0.00258589 -0.00086689 -0.00054884 -0.00329113 -0.00209808 0.000109196 0.00491333 -0.000105381 0.0022068 0.000158787 0.00491333 0.00595284 0.0041585 -0.00697184 0.00442791 -0.00327587 -0.0052166 0.00625324 0.000337124 0.0072093 0.0063386 0.00350761 -0.00134897 0.00409794 -0.00579357 0.00433016 0.00704622 -0.00489473 0.00147581 0.000817776 0.0061307 0.00729275 -0.00365877 -0.00694036 0.00441885 0.00225306 -0.000976562 0.00416136 -0.00706339 0.0069561 -0.00227642 0.00599813 -0.00181913 -0.00310707 0.00467968 0.00717402 0.00248337 -0.00219393 0.00184536 -4.3869e-05 -0.00699568 0.00514841 0.0022583 0.00203037 0.00215006 6.34193e-05 -0.00776196 -0.000775814 -0.00560141 0.0047636 -0.00388861
5239 -0.0062089 -0.00643063 0.00299454 -0.00264645 -0.00434113 -0.00697565 -0.00342703 0.00471735 0.0049777 -0.004035 -0.00756168 -0.00276041 -0.00474834 -0.00607014 0.00371122 0.00544548 -0.00773954 -0.00371265 -0.000181675 0.000141621 -0.00756645 -0.00304317 -0.00144672 0.00236702 0.0033803 0.00676775 0.000761032 0.00777149 -0.00288582 0.00644732 0.00738716 -0.00163984 -0.00382137 -0.00447702 0.00707817 -0.0057478 0.00507927 0.00774527 0.00220251 -0.00348425 0.00723839 0.00270462 -0.00727034 -0.00751925 0.00549698 0.00424147 0.00145674 -0.000413895 -0.00174284 0.00469542 -0.00247717 0.00666618 -0.00571299 0.00559855 0.00482941 0.00748396 0.00515842 -0.00489521 0.00229645 0.0010376 -0.00665665 -0.00161076 -0.00366497 -0.00279808
199738 -0.00381804 0.00130606 -0.00253963 -0.00402498 -0.00250101 -0.00708771 0.000171185 -0.00547314 0.00146389 0.00527668 -0.00509834 0.00593472 0.00546598 0.00555277 0.00179768 0.0031805 -0.00152779 0.00310707 -0.00113392 0.00667572 -0.00585604 -0.00768518 -0.00012064 -0.00549555 0.0064292 5.53131e-05 -0.00166702 -0.00571918 -0.00746918 -0.000849247 0.00158691 0.00456429 -0.000908852 0.00365162 -0.00350761 -0.00465393 0.00524664 -0.00216103 -0.00749588 -0.00506878 -0.00473547 -0.000777245 -0.000789642 -0.00289965 0.00441647 0.00115538 0.00614929 -0.00724268 -0.00107098 0.00158882 -0.00627232 0.000563622 0.00553608 0.00422049 -0.00377274 -0.00547886 0.00772381 -0.0045681 -0.00428152 -0.00636959 -0.00705147 0.00201416 -0.00400686 -0.00717449
99129 -0.00396204 -0.00128889 -0.00716782 0.000327587 0.00743008 0.00494289 0.00222349 0.00123501 -0.00228453 -0.000873566 0.00346947 0.0031147 0.00525904 0.00557232 0.00567341 -0.000957012 0.00711632 -0.0019989 0.000795364 0.00385857 0.00439596 0.00591135 -0.00385714 -0.000922203 -0.00458813 0.00533915 -0.00114107 0.00472879 0.00214624 -0.00413227 0.00465107 0.00418758 -0.0047574 0.00167847 0.00394773 0.00276709 -0.00756693 -0.00775194 -0.00477791 -0.00698137 0.0037322 0.0073638 0.00305223 -0.00187492 0.00455713 -0.00231886 -0.00309753 -0.00241041 0.000736237 -0.00637865 0.00506687 0.000352383 0.00718403 0.00446415 0.007267 0.0070405 0.00420332 -0.00519943 -0.00590611 0.00147963 0.00569963 -0.00354528 -0.0044713 -0.00557327
127091 0.00639057 -8.4877e-05 -0.00201035 -0.00597572 0.00479269 -0.00411701 0.00526333 0.00406027 -0.0059309 -0.00152063 0.00651503 0.002666 -0.0074749 -0.00115967 -0.002635 0.00252295 0.00583267 -0.00685406 0.00472116 0.00459814 -0.00723648 0.00256062 -0.00426388 -0.00664902 0.0077734 -0.0052433 -0.00342894 0.00417328 -0.00153637 -0.00050211 0.0044651 0.00476837 -0.00624228 -0.000174046 0.00316811 -0.00377989 0.00457191 0.000707626 -0.00664186 -0.00266123 -0.00217915 -0.00268888 0.0043478 0.00553322 -9.34601e-05 -0.00523567 -0.00128984 0.0040431 0.00303793 0.00468826 -0.00450134 -0.000589371 -0.00385141 -0.001513 -0.00444126 0.00277472 -0.00311422 -0.00730801 0.00337267 0.00136185 0.000194073 -0.00367212 -0.00545502 0.00563717
90793 0.00120831 -0.00439072 -0.00162363 -0.000261307 -0.00763702 0.00281143 0.00401163 0.00565672 -0.00132799 0.000864506 0.000223637 -0.00496435 0.00422096 -0.00197744 -0.00204086 -0.000326157 0.00569963 -0.00709486 0.00194597 -0.00163364 -0.000867367 0.00176239 -0.000761032 -0.00634861 -0.00497913 -0.00486708 -0.00648642 -0.00326586 -0.00695038 0.00512791 -0.00327492 0.00603151 -0.00405169 0.000505447 0.00694132 -0.00552607 -0.00634098 -0.00611019 -0.00664902 0.00664091 -0.00260305 -0.00606298 -0.00462484 0.005867 -0.0077343 0.00116444 -0.00249624 -0.0057354 -0.00261927 0.00399685 -0.000705242 -0.00107145 -0.00721502 0.00188351 0.00465155 -0.00585508 -0.0041275 -0.0036006 0.00606871 -0.0065093 -0.000283718 -0.00718594 0.000457287 0.00665045
32405 -0.00647783 -7.67708e-05 0.00287294 0.00108337 -0.00364399 -0.00750589 0.000999928 0.000867367 -0.00376463 -0.00400352 0.0042181 -0.00589085 0.00699091 -0.00765467 0.00510693 -1.23978e-05 -0.00564241 -0.00616932 0.0072093 -0.00192785 -0.00692225 -0.000419617 -0.000581264 -0.00713158 -0.00540018 -0.00577021 -0.000455379 -0.00565624 0.0052824 3.19481e-05 0.000566006 -0.000109196 -0.0046854 -0.00168514 0.00461578 -0.00714064 -0.00237274 -0.00284433 -0.00617218 -0.00376368 -0.0011096 -0.00132418 0.00747633 -0.00651932 0.00687265 0.00220156 0.00265217 0.00508928 -0.0012517 -0.000182152 -0.00396109 -0.00771618 -0.00598955 0.00681067 0.00778151 0.00138426 0.00345182 0.00540495 -0.00749254 0.0015173 0.00411415 0.00053215 -0.00275517 0.00109863
107010 0.00417566 0.00355005 -0.00307798 0.0051074 0.00392342 0.00201035 0.00657511 -0.00765276 -0.0050931 -0.00297165 -0.000941753 0.00596046 0.00654125 -0.00552607 -0.00698042 0.00514174 -0.00149059 0.000286579 -0.00381041 -0.00681305 -0.00113964 -0.000110149 -0.00314522 0.00732899 0.00489283 0.00324774 0.0010829 0.001122 -0.000145912 -0.00507879 -0.00394058 0.00169563 -0.00683117 -0.00433397 -0.00664616 -0.00548077 -0.000277042 -0.00319815 0.00122786 -0.00387621 0.00654316 0.00514936 0.00168037 0.00179052 -0.00134706 0.00663471 8.63075e-05 0.00303936 -0.00131226 -0.00739098 0.00437689 -0.00370884 0.00455618 -0.00238705 0.0016222 0.00566292 -0.00152445 -0.00424862 0.0077033 -0.00559521 0.00542259 -0.0049634 -0.00767756 0.000425816
266217 -0.000675678 0.00499344 0.00503016 -0.00457668 -0.00559425 -0.00187349 0.00764418 0.00618839 -0.00497675 -0.00632334 0.00436735 -0.00240088 0.000766754 -0.00636435 0.00622368 -0.00662231 0.00579548 -0.00680065 -0.000749111 -0.00338078 0.00167942 -0.00124502 -6.00815e-05 -0.00132799 0.000844479 -0.00567579 -0.00763893 -0.00224924 -0.00385761 -0.00730467 0.00234079 0.00335932 -0.00136423 0.00278139 -0.00624561 -0.00521469 0.00662947 0.00256395 -0.0014472 -0.00276089 0.00115967 -0.000833511 -0.00629663 -0.00609875 -0.0071559 -0.00021553 -0.000824451 -0.00630045 -0.00344181 0.00626516 0.00389338 0.00432873 0.00571394 -0.00230312 0.00628424 -0.004035 -0.0011425 -0.0018301 -0.00489378 -0.00419474 0.00348854 0.00657082 0.000918388 -0.00736141
185942 -0.000187874 -0.005054 -0.00298548 -0.00529385 0.00182915 0.00229645 -0.00107193 -0.00182819 0.00473166 -0.000906467 0.000705719 0.00634861 -0.0046258 0.00249481 0.00330591 -0.00237608 -0.00395679 -0.00744247 0.00769567 -0.00215912 -0.00545406 5.05447e-05 -0.0063715 -0.00115013 -0.00353718 -0.00571585 0.00667334 0.00397539 0.00571394 0.00406599 -0.000518799 0.00460672 -0.00259781 0.00644732 0.00298023 -0.00320005 0.00159216 0.000739098 -0.00775862 -0.00166845 0.00260639 0.0055995 0.00707483 0.00322962 0.00687218 0.00603485 0.00147629 0.00609207 -0.000468731 -0.00563002 -0.00239134 0.00196171 0.00221395 0.00703239 0.00281668 0.000335217 -0.000926018 0.00433016 -0.00026989 0.0059309 0.00597286 -0.00493479 -0.00080061 0.00480604
307261 0.0030477 0.00317413 -0.00260417 0.00220167 0.00552884 -0.00310121 -0.00142311 -0.00562467 -0.00688434 0.00298618 0.00770201 -0.000781088 0.00387608 -0.00533373 -0.00245932 -0.00387483 0.00376894 -0.00508079 0.00499795 -0.00587468 -0.00607203 -0.000175697 0.00193481 0.00073987 -0.0020615 0.00653817 0.00699599 0.000479737 0.00108463 0.000692329 0.00660281 -0.00264649 -0.00139018 0.00126536 -0.00526259 -0.00409746 0.00690669 0.00106654 -0.0034594 0.00597288 0.00731419 -0.00535808 -0.00498002 -0.00711898 0.00346784 -0.00490303 0.000754828 -0.0010678 0.00697203 -0.00357129 -0.00360839 -0.00180564 0.00658959 0.00215247 -0.00431308 0.00777388 0.00141012 -0.00190352 -0.00371848 0.00158111 -0.00290931 0.00638545 0.0023917 -0.00632482
67233 -0.00138378 0.00470924 0.00719786 -0.00631952 -0.00732851 0.00342512 0.00133419 -0.00250483 -0.00041914 0.00290918 0.00589848 -0.00209045 0.000748634 -0.00159645 -0.0056057 0.00617266 -0.0068264 0.00463009 -0.00186491 0.00622511 -0.00721884 0.00199938 -0.00580025 0.00508022 0.00366735 -0.00465918 -0.0046072 0.00700378 -0.00621653 -0.00674438 0.00381565 -0.00305653 0.00352144 0.00526094 -0.00250959 -0.0047884 0.0058589 0.00545835 0.00228024 0.00325537 0.00389767 0.00676298 -0.00333309 -0.00373125 7.86781e-05 0.00693417 -0.00150061 0.00122452 -0.0052166 -0.00268364 0.00315905 -0.00578785 -0.00764894 -0.00135183 -0.0027504 -0.000598907 0.000352383 0.00236082 -0.00149345 -0.00147152 0.000146389 0.000468254 0.00228977 0.00196791
307319 -0.000442982 -0.0019083 0.00409555 -0.000340939 0.00508165 0.00422907 -0.00591469 0.00233364 -0.00679445 0.00417614 -0.00068903 0.000679016 -0.000507832 0.00297022 0.00713825 0.00602007 -0.00122499 0.002635 0.00179672 0.000143528 0.00760984 0.00259209 -0.00557089 0.00472355 0.00420618 -0.00459957 -0.00267315 0.00423527 0.00322628 0.000310421 -0.00540876 -0.00470448 0.00568628 -0.00258112 0.000535965 0.00570774 0.00509119 -0.00759077 -0.00755358 -0.00322866 0.00441265 -0.00345087 -0.00349236 0.00775003 0.0062952 -0.00433731 0.00414753 0.00294685 -0.00640631 0.0052619 -0.00240088 -0.000977993 0.00326061 0.00430536 -0.00369072 -0.00449944 -0.00182009 0.0010066 -0.00325155 0.00486422 -0.000657082 0.00754976 -0.00150681 0.00203848
116614 -0.00453901 0.00525188 0.00476742 -0.00407219 -0.00133324 0.00515175 0.00280762 -0.00406647 -0.00223398 0.00432444 -0.000256062 -0.0020237 0.0058198 0.00539351 -0.00563908 -0.00265837 0.00039959 -0.00670862 0.00730181 -0.0033884 0.000157833 0.00549316 0.00320673 0.000384331 -0.00205851 0.00226831 -0.000775814 -0.00370836 -0.00590801 0.00130844 0.00588942 0.00775814 0.00639963 -0.00423002 0.00105429 -0.000723839 0.00348902 -0.00491047 0.00473309 0.000884533 -0.00252342 0.00448847 0.00243855 -0.00175905 -0.00732422 0.00127554 0.00360775 0.00186539 -0.00505733 0.00511122 -0.00167656 -0.00181198 -0.0028162 0.00346661 0.0051837 -0.00714874 0.00499725 0.00131798 0.00476503 0.00515556 0.00234747 0.00318861 -0.00158024 0.00533962
307490 -0.000640869 -0.00655556 0.00246906 -0.00265265 -0.000358582 0.00421047 -0.00121546 0.00438786 -0.00202847 -0.00693035 -0.00443029 0.0036869 0.00200081 -0.00509882 0.000588417 0.00525284 0.00131321 0.00440168 -0.00185871 -0.00708675 0.00249815 0.00676632 -0.00232553 0.000576973 0.00669384 0.00370646 -0.00468349 -0.00489473 0.00138426 -0.000851154 -0.00565529 -0.00500631 -0.00083828 -0.00508595 0.00401878 0.00249767 0.00773478 0.00760841 0.00651741 0.00653124 -0.00485706 0.000765324 -0.00107479 -0.00665474 8.34465e-05 -0.00653076 0.00624895 0.00356436 -0.0018096 0.00513506 0.000540733 0.000712395 0.00228786 0.00391388 -0.00289106 -0.00393867 0.00746775 0.0027771 -0.00274277 0.00742817 -0.0066185 0.00200224 0.00167179 -0.000121117
307491 0.000844955 0.000236034 -0.00173187 -0.00465631 -0.00484228 0.00723314 -0.00763893 -0.000898361 0.00197172 -0.000810146 -0.00140047 -0.00736618 -0.00625849 -0.000216961 3.19481e-05 0.000183105 -0.00303125 -0.0065465 -0.0031333 -0.00585413 0.00764275 -0.00533819 -0.00596189 0.00600338 -0.00240421 -0.00470972 0.00327396 0.00479698 0.00541878 0.00454283 0.00252914 0.00360298 0.000909805 -0.00273895 0.0065918 0.00289011 0.00107479 0.000638962 0.00423861 -0.00316525 0.00165415 -0.00537395 -0.00612831 -0.00476933 -0.000931263 -0.00337267 -0.00199795 0.00581646 -0.00511742 0.00579119 0.00727224 0.00778627 0.00767899 0.00561762 8.58307e-06 0.00192642 6.86646e-05 -0.00294828 0.003613 -0.00372839 -0.00427008 -0.00482941 4.05312e-05 -0.0029006
228143 -0.00267601 -0.00711775 0.0010457 0.00477791 -0.00419521 -0.0033884 0.00169563 0.00616693 -0.00552368 -0.00322485 -0.00279474 -0.00567293 -0.00543833 -0.00635862 0.00596809 0.00724697 0.0062561 0.00387478 0.00259352 -0.00240755 0.000790119 -0.00350618 0.00068903 -0.00607252 -0.00753307 -0.00396776 0.00170374 0.0060482 -0.00567484 0.00476503 0.00270176 -0.00575113 0.00514364 -0.00259018 -0.00187778 -0.00421476 0.00581741 -0.000458717 -0.00347662 -0.00601768 -0.00218534 0.00313091 0.00299549 -0.00174952 -0.000755787 -0.00392914 0.00386143 -0.00141859 3.33786e-06 -0.000275135 -0.00189877 -0.00283861 -0.00535154 0.000733852 0.00274324 -0.000570774 0.000712395 -0.000751972 -0.00146627 -0.00466394 -0.0063839 -0.00268793 -0.00687075 0.000632763
11447 -0.00585554 -0.00673845 -0.00370108 0.0014729 0.00446002 -0.00622809 0.00567111 -0.00307184 -0.000639116 -0.000971059 0.00326869 -0.000675184 -0.00542208 0.00466283 -0.00741906 -0.00320479 -0.00669585 -0.0069384 0.00646597 -0.00728854 0.00625325 0.000490665 0.00251221 -0.00373647 0.00525986 0.00156518 -0.00737449 0.00295561 -0.0045912 -0.00499031 0.00604309 -0.00217181 -0.00244283 -0.00216398 0.00701314 2.35761e-05 0.00521344 0.00636774 0.00554139 -0.00335238 0.00349202 0.00436374 0.00297074 0.00468871 0.00241063 0.000519209 -0.00592799 -0.00472773 0.00509728 0.00297043 0.00730989 0.00118049 -0.000935623 0.00488901 0.00197643 0.00111781 0.00384341 0.00109116 -0.00429928 0.00481541 -0.00535384 -0.000228487 0.00387638 0.0061391
83309 0.00397124 5.55537e-05 -0.00724813 0.00022136 0.000165877 -0.00318253 0.00743792 -0.00236021 0.00104864 -0.00447119 0.00496915 0.00557161 0.00720138 0.00675062 0.00447033 -0.0058133 -0.00715466 0.00470629 -0.00758674 -0.00754113 -0.00653319 0.00276895 -0.00753368 0.00600135 -0.00454616 -0.000514003 0.00159409 0.00751563 -0.00353775 -0.00649925 0.000847845 0.00646588 0.00287904 -0.00703726 0.00703934 -0.0048957 0.00593602 -0.000772418 -0.00163202 -0.00401966 -0.000520903 -0.000495917 -0.006174 -0.00706496 0.00256415 -0.00460288 -0.00620795 0.00142457 -0.00610811 -0.0073136 -0.00118626 -0.00212082 0.00253385 -0.0054724 0.00222452 -0.00440965 -0.00377768 0.00189274 0.00129571 0.00154065 -0.00119357 0.00107552 0.00093927 0.00208112
299810 0.00109529 0.00380278 0.00724316 -0.0074811 0.00161695 -0.00414324 0.00113964 -0.00478745 -0.00768614 -0.000457287 -0.00135469 0.00380516 0.00700378 -0.00334024 0.000166893 0.000844002 0.000128269 -0.00394583 -0.00175619 0.00187063 0.00242949 0.00717402 0.00222826 -0.00747967 -0.00746346 0.00114298 -0.000665188 -0.00745201 -0.00625515 -0.00442028 -0.0019412 0.00409603 0.00681829 0.000962734 -0.00473309 -2.24113e-05 0.00685596 -0.0039835 -0.00266218 0.00615978 0.00567245 -0.00196362 -0.000845432 -0.00327635 0.00148249 0.0050106 0.00445271 -0.000762939 0.00484419 0.000454903 0.00695038 0.00381088 -0.00610161 0.00094223 0.000133514 -0.00433969 0.00348282 -0.00650501 -0.00236797 0.00130653 -0.00196648 -0.00718403 0.0070591 -0.000508308
300003 -0.00138203 0.00296335 0.00183926 -0.00683989 0.0037435 0.00458191 0.00488504 0.000126535 0.00474577 0.000852958 0.00393205 -0.00764098 0.00751764 -0.00515001 -0.00710719 -0.0048398 0.0028415 -0.00503135 0.00734132 0.00266586 0.00274396 -0.00579298 -0.00671215 -0.00439863 0.00281741 -0.00575647 -0.00431821 0.00116556 0.00664523 0.00415921 0.00116859 -0.00175668 0.00282666 0.000838212 -0.00764473 -0.00562458 -0.000894535 0.00650621 0.00111848 0.0025094 0.00286177 0.00138711 0.00336681 -0.00516853 -0.00684697 -0.000993881 0.00417222 -0.00576802 0.00607527 0.00329912 -0.0043727 -0.00325136 0.0012951 0.000650671 0.000229574 0.0058727 -0.0033039 0.00661378 0.00620444 -0.00353076 0.00782711 0.00525811 0.0062981 0.00199182
55592 0.00133324 0.00408411 -0.00706816 -0.00630379 -0.00648069 -0.00246382 -0.00160837 -0.000613689 -0.000554085 -0.00327015 0.00130081 -0.00751305 -0.00134754 -0.00134182 0.00390816 -0.00573111 -0.00353527 0.00581646 -0.00410366 -0.000146389 0.00291491 -0.0012207 -0.00238514 0.000274181 -0.00680542 0.00567293 -0.0071888 0.00646114 -0.00044775 -0.00148106 0.00622702 0.00434971 -0.0076623 -0.00512743 -0.00450516 -0.00313139 -0.00301552 0.000981331 0.000208378 -0.000484943 -0.00474024 0.00300789 -0.00115681 0.00464487 -0.00493813 0.00192833 -0.00546312 -6.34193e-05 0.00461292 0.00176239 -0.000854492 -0.0063448 -0.00156832 -0.00637197 -0.000914097 0.00717545 0.00157166 0.00152922 -0.00573206 0.00301838 0.00451279 -0.00200844 0.00610924 0.00573015
284020 0.00705004 0.00545168 0.00532293 -0.00676203 -0.00266552 0.00401688 -0.00078392 0.00350618 -0.00747108 -0.00723982 -0.00518179 0.00288105 -0.00589609 -0.00297737 -0.00055027 -0.00779963 -0.000131607 -0.00609255 -0.00620461 0.00642395 0.00388479 0.00155449 -0.00776958 -0.000510693 0.00135469 0.00749922 0.000449657 0.00452662 0.00776291 -0.00265741 0.000781059 -0.00136614 -2.00272e-05 -0.00660229 -0.00601578 0.00297308 0.00736761 0.00517559 -0.00646544 0.00363493 -0.0050416 0.00449467 0.00119972 0.00528765 0.00112963 -0.00104904 0.000530243 0.00618219 -2.57492e-05 0.00403643 -0.00292969 0.00339651 -0.00235128 0.00326777 0.0012908 0.00440311 0.00479317 -0.00651121 -0.00132751 -0.00241566 0.00366735 0.00157261 0.00606108 -0.00159311
107680 0.00522757 -0.00216961 -0.00689363 -0.001122 0.00228357 -0.00140667 0.0022788 -0.000499725 0.00771666 0.00201464 -0.00372887 -0.00178003 -0.000480652 0.00270462 0.000658512 0.0062027 -0.00711298 -0.00514698 -0.00749922 -0.00380421 -0.00137424 0.00633335 -0.00661993 -0.00607204 -0.00565004 -0.0046792 0.00506067 -0.000446796 -0.00412989 -0.00433683 -0.00373507 -0.0035305 -0.00414371 -0.00121212 0.000626087 0.000144958 -0.00218868 0.00526237 0.00306129 -0.00197315 0.00618744 -0.000584602 0.00274897 -0.00120497 -0.0024457 -0.00111961 -0.00753832 -0.0048418 -0.000721455 -0.0050211 -0.00757122 -0.00404215 0.00374413 -0.00170517 0.0034833 -0.00572443 0.000829697 0.00536346 0.00204802 -0.00394487 -0.00270891 0.00707674 -0.00204468 0.00719261
308072 -0.00672865 -0.00464964 -0.00358677 -0.00577259 0.00333071 -0.00509405 -0.00551128 -0.00216293 -0.00153065 -0.00141525 -0.00596714 -0.00760984 -0.00283146 0.00493097 0.00518608 -0.00110769 -0.00558949 0.0052042 0.00675249 -0.00229597 0.00358629 -0.00644636 -0.00616884 0.00773048 -0.00599957 0.00377512 0.000876427 0.00347376 -0.001122 -0.00361967 -0.00381088 0.00539446 0.0047164 0.00564194 0.00477123 -0.000659466 0.00624943 -0.00464821 -0.0038352 0.00487804 -0.00587416 0.00482893 0.003582 -0.0048542 -0.00605154 0.00266409 -0.00467443 0.0036993 0.00188494 -0.00151348 -0.00394487 -0.00403261 -0.00198936 0.00211525 -0.00547457 -0.00297356 0.00759554 0.00538445 -0.00527906 0.0064559 0.0008564 -0.00212765 -0.00297976 0.00446892
38959 0.00765038 0.00432873 0.000686646 0.00196123 0.00325251 -0.00121641 0.00181532 0.00117064 0.00418568 -0.00437737 -8.63075e-05 0.00708866 -0.00724173 0.000742435 0.00286913 0.00319767 -0.000107288 -0.00192404 -0.00339699 0.00041914 -0.00384617 -0.00165844 -0.00583649 -0.00527716 -0.00131178 -0.00281286 0.00556612 0.00478315 -0.00289726 -0.00541925 -0.00375032 -0.00611591 -0.00337791 0.000745773 0.00358057 0.00370312 0.000302315 -0.00700903 -0.00508976 0.00731134 -0.00573349 -0.00126743 -0.00402117 -0.00349283 0.00773859 0.00343466 -0.00494671 -0.00167131 -0.000660419 -0.000608921 -0.00465441 0.00461531 0.000803471 -0.000926018 0.00233984 -0.00617361 0.00394154 0.000846386 0.00607967 -0.00224924 0.00639772 -0.00361013 -0.00495243 0.00168085
134438 -0.00100184 0.00761774 -0.000770085 0.00566953 -0.00294577 -0.00737513 -0.0045685 0.00435881 -0.00600929 -0.00150132 0.00228615 -0.00622823 -0.000148854 -0.00506065 0.00693915 -0.00262849 -0.00304256 0.00126192 -0.00766432 0.00164653 -0.00721288 0.00116575 0.00275098 -0.00532271 -0.000972946 -0.00542751 -0.00225933 -0.000248791 -0.0056599 -0.00680296 -0.000120328 0.000714481 -0.00368493 -0.00563778 0.00202464 -0.00703609 0.00233419 -0.00762721 -0.00203739 -0.00377602 0.00304375 -0.0017525 -0.00435108 -0.00267951 0.00166697 0.00212102 0.00103457 0.000228865 0.0066735 0.00593745 0.00111341 -0.00036039 -0.00662817 -0.00302932 0.000171836 0.00495565 0.00778762 0.00686798 -0.00486868 -0.00643795 -0.00183578 0.00166977 0.0072423 0.0023829
308131 0.00347548 -0.00400943 -0.00703213 -0.00315615 0.00301543 -0.0021369 0.00163906 -0.0056128 0.00716342 0.00465251 -0.00266428 0.00517767 -0.007227 0.000339954 0.00736571 -0.0013181 -0.00327014 0.003522 0.00112267 0.00642078 0.00209205 0.00581114 0.00460219 -0.00735284 -0.00673002 0.00712037 -0.00494048 -0.00739073 0.00202844 0.00283997 0.0030067 -0.00560505 0.00513421 0.00440874 -0.00272142 0.00143819 -0.0045758 -0.00482657 -0.00398142 0.00173303 -0.00656702 -0.00319096 -0.00511113 -0.000509997 -0.00685657 0.00753619 -0.000861399 0.00725136 -0.000331868 0.00303653 0.000815032 -0.00210184 -0.00379791 -0.00427717 0.00029326 -0.00418278 -0.00202976 -0.000547698 0.00709371 -0.00581154 -0.000638185 0.00474974 -0.00578781 0.00262259
163362 0.00317049 -0.00087738 0.00654936 0.00590181 0.000601768 -0.00308895 0.00701427 -0.00260782 -0.00271463 0.00388861 0.0046854 -0.00710106 0.000800133 0.00601864 0.00166798 0.00102901 0.00242805 0.0013876 0.0062089 -0.00354004 -0.00632906 -0.00719452 -0.00756693 -0.00282717 0.00336599 0.00697994 0.00739098 -0.00481987 -0.00719833 -0.00474024 -0.00671577 -0.00194454 0.000925541 -0.00564861 -0.00569725 -0.00671196 0.00204849 -0.004251 0.00344801 -0.000968933 -0.00687027 -0.00396061 -0.00622463 -0.00236607 0.00742245 0.00494337 -0.00120544 -0.00634813 -0.00654984 -0.00112104 0.00522614 -0.00727177 0.00607872 0.00316191 0.00721741 0.00241423 -0.00758553 -0.00625181 0.000841618 0.00757265 -0.00570822 0.00476408 0.00236988 0.00580454
236467 0.00325105 0.0076964 -0.00584712 -0.00697998 -0.00742352 -0.00440262 0.00633544 0.000419104 0.00371066 -0.00625653 0.0048795 -0.00576472 -0.00162723 -0.00656234 -0.00466934 0.00608812 -0.00610605 -0.000760522 -0.0010593 -0.00751173 0.00740314 -0.00273231 -0.00191695 -0.00666141 -0.00357623 0.00534008 0.00553347 -0.00403345 -0.00618245 -0.00323451 -0.00231229 -0.00419089 0.000640198 -0.00217799 0.00589807 0.00287957 0.00540958 -0.00402436 -0.00459081 0.00251351 0.00640212 0.00513417 0.000191817 -0.00613646 -0.000577747 0.00312303 0.00154623 0.00409145 -0.00483362 -0.00605501 0.00175245 0.000969891 -0.00348346 0.00363053 0.00199511 0.00587845 0.00123138 -0.0029594 0.00577618 0.00268603 0.00624349 -0.00716059 -0.00773995 -0.00785357
152012 0.00144314 0.00462582 -0.00404514 0.00457125 0.00521229 0.00767546 0.002059 -0.00211065 -0.00421469 -0.00495535 0.00210312 0.00765544 -0.00121112 -0.00174573 0.00166753 0.00768078 0.00567656 -0.00687833 -0.00646116 0.00780894 -0.0023862 -0.000496561 -0.00174946 0.00498682 -0.00590244 0.00571858 -0.00072579 0.00684447 -0.00656334 -0.00521652 0.00395029 -0.00503035 -0.00234404 -0.00594252 0.00571567 -0.00544479 -0.00363051 0.00570036 0.00204251 0.00320802 -0.00163688 -0.00548935 -0.00128473 -0.00163268 -0.00568928 0.00313036 0.000916765 -0.00260064 0.00420722 -0.0034528 0.00113123 -0.000156522 -0.00454326 0.00499277 0.00447493 -0.0046123 -0.00476899 -0.00691999 -0.00351431 0.00329484 0.00337655 -0.00020265 -0.0055532 -0.00387398
230061 0.00169849 -0.00366735 -0.00293827 8.53539e-05 -0.00594854 0.00734043 0.00507879 -0.0064559 -0.00348377 0.00550365 0.00769901 0.00709486 -0.00737524 0.00323772 -0.00510025 0.00757647 0.00188971 0.00448418 -0.00128269 -0.000662804 0.00305891 0.00365353 -0.00511837 0.00235319 -0.00484467 0.00333929 0.00644302 0.00101566 0.00245762 -0.000467777 -0.00710726 -0.00407982 -0.00636673 0.000246048 0.00670767 0.00190878 0.00555658 -0.00495338 -0.00230503 -0.000300407 0.00451756 0.00389147 -0.00293827 -0.00314188 -0.00589037 -0.00223064 -0.000909805 0.00231409 -0.00374842 0.00704765 0.00672197 0.00768185 -0.00724745 0.00689459 -0.00357771 -0.00166416 0.000759125 0.00506163 0.00300837 -0.00624418 -0.00551939 -0.000494957 0.00169086 -0.000544071
144650 0.0027914 -0.00322628 0.00675726 -0.00497818 0.00135756 -0.00699091 0.00164747 -0.00317621 0.00700188 -0.0008955 -0.00514889 0.00741291 -0.00703764 -0.00374508 0.00387764 -0.000436783 0.00150919 -0.00281191 -0.00389671 -0.00304699 -0.00555754 0.00555944 -0.00500774 -0.00679493 0.00544405 0.00192785 0.00550413 0.0056529 -0.00582314 -0.00120878 -0.00157309 0.00554609 -0.00264597 -0.00377274 -0.00192356 0.00545216 -0.00770044 0.00561953 -0.00252247 -0.00132418 0.00571918 0.00426149 -0.00453615 0.000211716 -0.00741816 0.00393963 0.00481796 -0.00657082 0.00220203 0.0025506 -0.00224447 0.000747681 0.000174999 0.00184107 -0.0027442 0.00438213 0.00388098 0.000954151 -0.00070715 -0.00208521 -0.00604105 -0.00737333 -0.00303268 0.00414705
204685 -0.0061574 -0.0032897 -0.00528574 -0.00376081 -0.00149488 0.00162411 0.00234699 -0.00490952 0.00388622 0.00464821 0.00647974 -0.00128126 0.0056448 0.00604963 0.00283813 0.000967979 -4.05312e-05 0.00732374 -0.00674248 0.00529766 -0.00435114 -0.00646114 -0.000377178 -0.00588751 -0.00779438 -0.00305128 -0.0014534 -0.00623751 -0.00448275 0.00310183 0.00092411 -0.00746059 -0.00538158 -0.000254631 -0.00734568 -0.00756598 0.0024991 -0.00775099 0.00753975 -0.00115013 0.00618315 0.00459576 0.00178671 -0.0053401 0.00722933 -0.00095892 0.00423574 -0.000315189 -0.00212526 -0.000886917 -0.00700235 -0.00365162 0.00709057 0.00530672 0.00387526 -0.00553274 -0.000731468 0.00376225 -0.000629425 0.000301838 -0.00580645 0.00103807 0.00365639 0.00657654
211447 0.00350809 -0.00535297 0.00106335 0.00297451 -0.00391579 -4.86374e-05 -0.00591469 -0.0011878 0.00313044 -0.00377464 -0.000292778 -0.00510216 -0.00268412 0.00622463 0.00505543 0.00565767 0.000506401 0.000193119 0.00492096 0.00603008 0.00750303 -0.00509501 0.00154018 -0.00203514 -0.00711441 0.00741386 -0.00457144 -0.0070982 -0.00539303 -0.00026226 0.00389385 -0.00431252 -0.00544834 0.00539827 -0.00458384 0.0050602 -0.00403547 -0.00408077 -0.00474119 0.00678301 0.00233841 0.00632858 0.000496864 0.00580692 0.000789165 -0.000356197 0.00671196 -0.00458479 -0.00174713 0.00500536 0.00328255 0.00348616 -0.00520849 -0.00617647 0.00514221 0.00444937 0.00483656 -0.00265884 -0.00643253 -0.00668192 -0.00496912 -0.00751686 0.00573683 -0.00524998
200593 0.00578981 -0.00313084 -0.00437258 0.00666878 -0.0031179 -0.00618457 0.00280241 -0.00500756 -0.00271024 0.00262716 0.00198949 0.00203308 0.0049308 -0.00621515 0.000374739 -0.000332483 -0.00143587 -0.00424269 0.00674167 0.00424908 0.00742367 -0.00210383 0.00130952 0.00545366 0.0058578 -0.00234411 -0.00180811 0.00717804 0.00304488 -0.000556432 0.00300504 -0.000925121 -0.00152898 -2.57216e-07 0.00353094 -0.000385585 0.00282102 0.00295326 -0.00164664 0.00558003 -0.0015833 0.00310629 -0.000488167 0.00460337 0.00631352 -0.00112205 -0.00184788 -0.00597971 -0.00512621 0.00506745 0.000373663 0.00770654 -0.000778833 -0.0013795 -0.00228408 -0.000109938 -0.000574854 0.00462565 -0.0043732 -0.00721436 0.00413192 0.00506629 -0.00502903 -0.00429456
303419 -0.0019833 0.00194891 0.00290708 0.00652743 -0.00415342 -0.00311225 -0.000194155 -0.00583522 0.00227839 -0.00208391 0.00167516 0.0027377 -0.00486752 0.00489422 0.00205585 -0.00746796 -0.00252602 0.00626419 -0.00214566 -0.00278135 -0.00382371 -0.00139497 0.00734489 -0.00613834 0.00609959 0.00231784 0.00108083 0.00164598 -0.00672519 0.00505358 0.001826 -0.00534585 -0.000142549 -0.00628684 0.00633793 0.00264642 -0.00150398 0.0074211 -0.000193644 0.00181683 0.00650144 -0.00369666 -0.00111688 0.000956835 0.00215511 -0.00231827 0.00358513 0.00107444 0.00274308 0.00753981 -0.00488519 0.00241201 0.00171731 -0.00377714 0.00174019 0.000997779 0.000972337 -0.00619459 -0.0041074 0.00675685 0.00572267 0.00644341 0.00227853 -0.00250992
196615 0.00120137 0.000538151 -0.00722906 -0.00601598 -0.00422885 -0.000695392 -0.00455063 -0.00109148 -0.00500529 -0.00471677 -0.00508033 0.00314751 0.00490675 0.00530086 -9.05224e-05 0.00151759 -0.00735265 0.00472452 0.000803788 0.00569427 -0.00195639 0.000872361 0.00458372 -0.00484993 0.00753902 0.0013514 0.00610765 -0.00392265 -0.00747437 -0.00391112 -0.00405378 -0.00229136 4.63479e-05 0.00463578 0.000987776 0.00167889 -0.00250356 -0.00434976 0.00600842 -0.00570504 -0.000389348 -0.0047503 0.00654059 -0.00287189 0.00576045 0.00484938 -0.00662786 -0.00124852 -0.00222107 -0.00272197 0.00616069 0.00440143 0.0070418 0.00223259 -0.00174135 0.00461244 0.00392925 0.00348166 -0.00747504 0.0041794 0.00744735 0.00346793 0.0037143 -0.00412101
249674 -0.00325632 0.00679874 0.00517845 -0.000477314 0.00719404 -0.000847816 -0.00760365 0.00416088 0.00698042 -8.58307e-06 0.00137901 0.00136805 0.00083971 -3.95775e-05 0.00731182 0.00489044 0.00302935 0.00347471 -0.00072813 -0.00429773 -0.00181866 0.000812531 0.00149155 0.00217295 0.00087738 -0.00196695 0.00754976 0.00247145 0.00447512 0.00658512 0.00474977 0.000276089 -0.00747013 -0.00398207 -0.00752306 0.00768518 0.00645685 -0.00709867 -7.58171e-05 0.00514317 0.00527763 0.00124979 0.00697803 0.00290394 -0.00452137 0.00567913 -0.00760365 -0.00740433 -0.0050559 -0.00178576 -0.00253963 0.00715446 -0.00350428 -0.00689697 0.00734234 -0.000421524 -0.00500488 0.00180578 0.00712585 -0.00686693 -0.00645351 -0.00498629 -0.000900269 -0.00529242
24744 0.00588274 -0.0042572 -0.00549078 -0.00103426 0.00171185 0.0022254 0.000760078 -0.00314236 -0.000378609 -0.00596905 0.00163269 0.00363302 0.00430775 0.00138283 -0.00162029 0.00430346 -0.00727272 0.00672245 -0.000109673 0.00356913 0.00531816 0.00224781 -0.00145769 2.81334e-05 1.19209e-05 0.00372076 0.00742102 -0.00644064 -0.00606918 0.000524998 -0.00758839 0.00195503 -0.00575924 0.00163555 -0.00641394 -0.00744343 -0.00693893 0.00124121 0.00376511 0.00185299 -0.00335455 -0.00756979 -0.0075655 0.00504589 0.00435972 -0.00670671 0.00226259 -0.0039649 0.00142574 -0.00487852 0.0032773 -0.00391769 0.00595379 0.000166893 -0.00554991 -0.0015173 -0.000143051 -0.0038538 0.00649405 0.00499868 0.00292301 0.0037055 -0.00437689 0.00513935
295463 -0.00536585 -0.00284815 0.000827789 0.00716114 0.00551081 0.00654697 0.00754738 0.0031271 0.00444841 -0.00166464 -0.000340462 -0.00747871 -0.00243187 -0.00113773 0.00204277 -0.00636578 -0.00369883 -0.0045495 0.00189495 -0.00465965 0.00460863 0.00126123 0.00417185 -0.00277328 -0.00445175 0.00611544 -3.8147e-05 -0.00304031 -0.00415421 -0.0036273 -0.0062089 -0.00529623 -0.00131845 0.000415802 -0.00633717 -0.00150537 -0.00478172 -0.00090456 0.000460625 0.00662661 0.0013442 0.00142765 -0.00573444 -0.00217581 -0.00485516 -0.000102043 0.00108862 -0.000979424 0.000955582 -0.00370789 0.00320148 -0.00412369 0.00114155 -8.86917e-05 -0.00469112 0.00587034 0.00519419 0.00158215 -0.00337505 0.000962734 0.00417471 -0.00279999 -0.00703049 -0.000332832
78837 -0.000533104 0.00171852 -0.00604725 -9.10759e-05 0.0057435 0.00232077 0.00747919 -0.0056262 -0.00163937 -0.00519323 0.00726986 0.00535631 0.00195265 0.00506306 -0.00748539 0.00581121 -0.00642014 0.00527239 -0.00341177 0.00736141 0.00468874 0.00172901 0.003335 -0.00552845 0.00149298 0.000792027 0.00284195 0.00116634 0.00616121 0.00484037 0.00458431 -0.00612736 0.007164 -0.00523043 0.00549364 -0.00260735 -0.00382566 0.00401163 -0.00355053 0.00258827 -0.00763464 0.00623941 0.0047493 -0.000968933 0.000883579 0.00300121 0.00605583 -0.000676155 0.000704765 0.00218487 0.000254631 0.00772667 0.00241423 -0.00769377 0.00659275 0.00291252 0.00548315 -0.00584173 0.00690556 -0.00313616 0.00496101 -0.00207233 -0.00144434 0.00536108
170725 0.00216198 -0.00767756 -0.00161028 0.00769615 -0.00262547 0.00318766 0.00308847 -0.00330925 -0.00268269 0.00441122 -0.00278759 -0.0064764 -0.000269413 -0.00641298 -0.00130558 0.00344992 0.0034523 0.00149012 -0.00129032 0.00566673 0.00638294 -0.000285625 0.00442362 0.000275612 -0.00720835 0.0067625 -0.00533199 0.00248718 -0.00261927 -0.00242329 -0.00294924 0.00699902 -0.00243664 -0.00507879 0.00280333 0.00020647 0.00261211 -0.00552559 0.00598383 -0.00370073 -0.00261068 -0.00732517 -0.00727224 0.00302076 -6.05583e-05 0.00354958 -0.00471735 0.0025301 3.33786e-05 0.00544405 0.00527048 -0.00623894 0.00668907 0.000757217 0.0015378 -0.0057826 0.00301218 0.00460482 -0.00358677 0.00072813 0.00512981 0.00488234 -0.00364113 -0.00539827
29362 -0.00764946 0.00652244 -0.00039884 0.0063157 -0.00118685 -0.000662655 0.00466127 -0.00291745 -0.00615958 -0.00656905 -0.00307743 -0.0056187 -0.0033482 -0.00729107 -0.00522909 0.00386402 0.00572573 0.00408279 -0.000490738 -0.00465429 0.00270183 -0.00088277 -0.0076037 -0.000286638 -0.000936952 0.00401196 -0.0069229 0.00502756 -0.00327941 0.000921273 -0.00189181 0.00254401 0.00243893 0.0032885 -0.00161675 -0.00552553 -0.00222038 0.00368019 0.00428955 0.00213296 0.00503708 0.00124454 -0.00265693 -0.00361227 -0.00588832 -0.005346 0.00158439 0.00641159 0.00612342 0.00649975 0.00564889 0.00202628 0.00305959 -0.00601456 -0.00753239 -0.00776213 -0.00775334 -0.00664891 -0.00548972 -0.00285039 -0.00328639 -0.00634288 -0.0062169 -0.00556995
309357 -0.00142527 -0.00402784 0.00640917 -0.0049758 0.00500202 0.00445509 -0.000716686 0.00609255 0.00389767 -0.0015564 -0.00522947 0.00608397 0.00610542 0.00732708 -0.00590801 0.000890255 0.00373125 -0.00599337 -0.00173903 0.00495243 -0.00552797 -0.00407219 0.00688553 0.00131035 -0.00470638 -0.00417614 -0.00759935 0.00513744 -0.00776625 0.00214148 -0.00426912 0.00371456 -0.00032568 -0.00117779 -0.00280571 0.00671673 0.00398016 -0.0055809 0.00550842 -0.00459862 -0.00390196 0.00209093 0.00309706 0.00457764 -0.00698328 -0.00704718 0.0030551 0.000927925 0.00267553 -0.00191879 -0.00341272 -0.00529575 0.00410509 -0.00460386 -0.000582218 0.00148487 0.00675964 0.00672293 0.00722408 -0.00586271 -0.00480795 -0.00562048 0.0060935 -0.00706148
79331 -0.00501478 -0.00182864 0.00436268 -0.00350365 0.0031759 -0.00691394 -0.00298818 -0.00502624 0.00445319 0.00141562 0.00262847 0.00358466 0.00264243 0.0031194 0.00206277 -0.00380621 -0.00719033 0.00678801 0.00166646 -0.00733918 0.00601984 -0.00596001 0.00154985 0.00571322 -0.00461117 -0.00644724 -0.00545123 0.00684388 -0.00435812 -0.00359424 0.00106362 -0.00547011 0.00620862 -0.000354529 -0.00360825 -0.00671221 0.00447959 1.38847e-05 0.00063521 0.00605421 0.00608353 0.00456477 0.00223597 -0.00129773 -0.0015398 0.00713276 0.00121785 -0.00054951 -0.00311441 -0.00382324 -0.00327596 0.00412267 -0.00119201 0.00499105 0.00349063 0.00328534 -0.00592465 0.00521743 0.00132949 0.00753122 -0.0074025 -0.00155257 -0.00626195 0.00136656
206782 -0.00560125 -0.0038741 0.0021936 -0.00570411 0.00373546 -0.00552144 0.000730534 0.00567058 -0.00434403 0.00754233 -0.00691941 0.000664054 -0.000166652 0.000768438 0.000695668 -0.000630461 0.00761238 -0.00773038 -0.00655162 0.00271566 0.006731 0.00526321 0.000551198 0.00593122 0.00572462 0.000420896 -0.00612705 0.00660462 -0.00516379 0.00204547 0.00225293 -0.00172371 -0.00010104 0.000179103 0.000991815 -0.00367121 0.0059175 -0.00129356 0.00369069 -0.00609335 0.000160567 -0.00570928 -0.00514097 0.00422153 0.00441248 0.00692799 0.00559161 0.00765474 0.00374807 -0.00651451 0.00132829 -0.00741674 -3.90943e-05 -0.000783485 -0.00641125 0.00205678 0.00348696 0.00379346 -0.00146469 -0.00148529 0.00437336 0.00454184 0.00335774 -0.00754398
5542 0.00217059 -0.00395893 0.00108508 -0.00446522 -0.00597737 -0.00112136 0.00493452 -0.00620902 0.00143143 -0.00114996 -0.00628341 0.00346913 0.00331018 -0.00288831 -0.00451969 -0.00361111 -0.00335697 0.0015423 -0.00400647 -0.0067163 0.0054193 0.00210209 0.00434566 0.00256801 -0.00671312 -0.00353969 -0.00763433 -0.007201 0.00155687 -0.00133747 -0.00519003 -0.00105797 -0.00232586 0.00297635 -0.00749665 0.00335841 0.00719816 -0.00740263 0.00564249 0.00449298 -0.00180059 -0.00370629 0.00449945 0.00773481 -0.00295366 0.00108398 0.00197103 0.00757027 -0.00081916 0.00607747 -0.00228295 -0.00760809 -0.00353192 -0.00626879 -0.00244577 -0.00527329 -0.00188391 -0.00575994 -0.00311268 -0.00145929 0.00697956 0.00407303 -0.00465158 -0.00702368
289255 4.95911e-05 -0.00351524 -0.00575018 -0.00060463 0.000165939 0.00426865 -0.00343657 0.00112152 0.00643492 -0.00372362 -0.00716734 -0.00541019 -0.00463915 -0.00287151 -0.000318527 -0.00326872 -0.00558758 -8.10623e-06 -0.00712156 -0.00713491 0.0028348 -0.00371599 0.00574493 0.00417089 -0.00443697 0.000712872 -0.000125408 -0.00698042 0.00388575 0.00474977 -0.00209427 0.00411749 -0.00692606 0.00258207 0.00715542 -0.00590706 -0.000618935 0.00702906 0.00511456 -0.00252008 -0.0033741 -0.00367165 -1.33514e-05 0.00360775 0.00163651 0.00616312 -0.000237465 0.004848 -0.00185537 -0.00466347 -0.00323105 -0.00302076 0.000910282 -0.00367355 0.00431061 0.00149155 -0.00408983 0.00726843 0.00234127 -2.52724e-05 0.000252724 -0.00403309 0.00065279 0.00665426
229380 -0.00672674 0.00372839 -0.00159788 -0.00265455 -0.00628185 0.000873089 0.00158739 -0.000979424 0.00323343 -0.00265265 0.002285 -0.0042491 -0.00269318 -0.00221825 0.00314903 0.00210142 -0.00362206 0.0075469 0.00659418 0.00660944 0.00764799 0.00728703 0.00529957 -0.00420094 -0.00469971 -0.00690794 0.00282621 -0.00425482 -0.00221443 -0.000203609 0.00722933 -0.0021162 0.00300884 0.00144434 -0.00477648 0.00295401 -0.00304794 -0.00297165 -0.00711012 0.00290108 -0.000310898 0.00366449 0.00486612 -0.00600481 0.00432634 -0.000309467 0.000513554 -0.00275326 -0.00779438 -0.00701952 0.0014925 0.00750113 0.00239944 0.00694656 -0.00513172 0.00353765 0.00695944 0.00328445 -0.00256491 0.00306177 0.00745106 0.00268316 -0.00463057 -0.00196552
310080 -0.00514269 0.00067091 0.00678635 0.00423145 0.000885487 0.00232697 0.00692654 -0.00202036 0.00776291 0.00740099 -0.00519848 0.00520325 0.00705051 0.00395155 0.00352573 0.00636196 0.00581121 0.00516033 0.00503397 0.000534534 0.00504208 -6.1512e-05 -0.0042057 0.00160265 -0.00129747 -0.00738525 -0.00454378 -0.00270605 0.00261879 0.00230503 -0.00494719 0.00341034 0.0053587 -0.0058589 -0.00705957 -0.00599766 0.00659704 0.00358105 -0.00115108 -0.0039382 0.00381517 0.00409842 0.00359726 0.00449944 -0.000887394 -0.00176859 -0.00202465 0.00597572 -0.00365686 0.00727844 0.0070982 0.00172806 -0.00214243 0.00212908 0.0049758 0.00546169 0.00230932 -0.00260448 0.00373745 0.00019598 -0.00281429 0.00756931 -0.00524521 0.00201416
138143 -0.00558115 -0.00636984 0.004859 -0.00415244 -0.00680482 -0.00115256 0.00731167 0.000649215 -0.00307476 -0.00729839 -0.00218313 -0.00221893 -0.000965332 -0.00295733 0.00626821 -0.00443124 0.00255268 -0.00282123 -0.00489069 -0.00463038 0.00366611 -0.00627427 -0.00657891 0.00664821 0.0041367 -0.0051348 -0.0045751 0.00178144 -0.00129523 0.00736551 0.00394149 0.00478794 0.00143025 -0.00128544 -0.00253514 0.00164064 -0.00407856 -0.00263996 -0.00181685 0.00698129 -0.0023672 0.00688994 0.00407763 0.00603265 0.00341448 -0.00506072 -0.00629889 -0.00243526 0.00211767 0.00743771 0.000979313 -0.0035482 0.00763058 -0.00253109 4.13371e-05 0.00407531 0.00767139 -0.00311586 0.00375713 0.00722145 -0.0072759 0.0018178 0.00621052 -0.00123171
310349 0.0050422 -0.00335839 0.00151344 0.00265015 -0.00311279 0.0040685 0.0050784 0.00191661 0.00235549 0.00559519 -0.000306058 0.0030967 0.00250512 -0.00255351 -0.00662043 -0.00518277 0.00543374 -0.00417534 0.00706605 0.00403964 0.00435256 0.000453778 0.00655084 0.00386686 0.0022438 0.00321373 -0.00297839 0.00544186 0.00548941 0.0023001 0.00607131 -0.0060866 0.000346052 -0.0057952 -0.0018408 0.00553809 0.0029621 0.00381999 0.00523126 -0.00479239 -0.00681515 -0.00209581 0.0064232 -0.00689042 -0.00440513 0.00626442 -0.00290936 -0.00681471 -0.00675825 0.00169173 -0.00608816 0.000703445 -0.00269416 0.000725583 0.00022716 0.00398252 -0.00586938 0.00129006 0.00334926 0.000811619 -0.00597152 0.000101186 -0.00191665 0.00749774
185281 0.000417262 0.000662812 -0.00229471 0.00056439 -0.00095673 -0.00749224 -0.0045599 0.0043127 0.000813628 -0.00356224 -0.00332082 -0.0043982 0.00731836 0.00249539 0.00168059 0.00581854 -0.00564179 0.00538439 0.00138105 0.000297015 3.08578e-05 -0.00752376 0.0046333 -0.00611025 0.00689523 -0.00237818 0.00216942 -0.00300532 0.00309001 -0.00230452 -0.00259827 0.00186096 0.00345426 -0.00157672 0.00779811 -0.00673147 -0.00487057 -0.00663545 -0.00507152 0.00663324 -0.00533386 0.00178799 0.00288752 -0.00128635 -0.00688407 -0.00567256 -0.00601463 0.00629782 -0.00752275 0.00623479 0.00472742 7.82246e-05 0.00314311 -0.00366725 0.00213794 0.00190625 0.00298923 0.00217643 0.000955205 -0.00294032 -0.00710445 -0.00660015 -0.00649934 -0.00699083
47626 -0.00614691 0.00396538 0.00244045 0.00431204 -0.00531578 -0.00647593 -0.00383329 0.00283241 -0.00728464 0.00206518 -0.00734901 0.00519609 -0.00405169 0.00115824 -0.0025568 0.0068078 0.00384045 0.00690842 -0.00761127 -0.0028429 0.00721836 -0.00264549 -0.00404882 0.000920296 -0.00683308 -0.00291872 0.00522041 0.00380373 -0.0045805 -0.00348949 -0.00315285 0.00481749 0.00421429 0.00617647 9.48906e-05 0.0069952 -0.00510406 0.00720787 -0.00262737 0.000761986 -0.00140095 0.00456619 -0.00643969 0.00195503 0.00554371 0.00676203 -0.0061245 -0.0044198 -0.000717163 -0.00202322 -0.00278997 0.00355721 0.00617599 0.0075655 -0.00531292 0.0025363 0.00530815 -0.00089407 0.00224304 0.00378752 0.00500202 -0.00351858 0.0076108 0.0056262
34536 0.0061478 -0.00271783 0.00113058 0.00536924 0.00220885 -0.00271927 0.00200799 4.22752e-05 0.00187741 0.00432792 -0.000477869 0.0065726 0.00528151 0.00613358 0.00180285 -0.000555847 -0.00197484 0.00464159 0.00272735 -0.000320243 0.00331704 0.00325673 -0.00328775 -0.00562441 0.00625013 -0.00279749 -0.00746135 -0.00123832 -0.00596183 -0.00611162 0.000117645 0.00252594 0.0039475 0.00421503 0.00348452 0.00300549 0.00109835 0.000368957 0.00334427 0.00759225 -0.00645968 -0.000179926 0.00198648 0.00492417 0.0034471 0.00549819 -0.00176334 0.00566891 0.00512737 -0.00696638 0.00567152 -0.00334002 -0.00444707 0.00323119 0.00576951 0.00265969 -0.00444305 -0.000647338 0.00541427 0.00560874 0.00669426 0.000554733 0.000949659 -0.00573868
107691 0.00341272 -0.00522804 0.00264835 0.00297451 0.000946999 0.00180006 -5.38826e-05 0.00643301 -0.00266409 -0.0070715 0.00562143 -0.00200701 0.00196552 0.00667906 -0.00320625 -0.00677156 -0.00415802 -0.00481272 0.000302792 0.00515318 0.00474596 0.00625277 -0.000288963 -0.00158834 0.0054884 0.00134516 0.00524235 -0.00616741 0.00267124 -0.00732756 -0.00485325 0.00253725 -0.00384378 0.00272703 0.00730419 -0.0077529 0.00478697 -0.0018301 -0.00418568 0.00248575 0.0071888 0.00458765 -0.00299692 0.00193739 -0.0035677 0.0071106 0.00083971 -0.00471258 -0.00622988 -0.000317097 -0.00591803 0.0040555 -0.000518799 0.00671053 -0.00698948 0.00687122 0.00727892 0.002388 0.000817299 -0.00504875 -0.00218105 0.00455332 0.00439119 -0.00614119
302708 0.00651169 0.00273943 -0.00756264 0.00417376 -0.00632191 -0.00271797 0.000295639 -0.00659466 0.00288057 -0.00335407 0.0071497 0.00115252 0.00733232 -0.0001688 0.0034914 0.00546455 -0.00727081 -0.00147724 0.00765133 0.0030427 0.00452662 -0.00541162 0.00551748 -0.00190449 0.00487804 0.00509882 -0.00150013 -0.00687599 0.00163984 0.0035944 -0.00676489 0.00457287 -0.00222206 0.00414419 -0.00690603 -0.00650692 0.00483274 0.00255013 -0.00313997 -0.000211716 -0.0030961 -0.00312996 0.00213671 -0.00482321 0.00193262 0.00473452 0.00323391 -0.00654745 0.00362635 0.0027504 -0.0032897 -0.0043292 0.00704575 0.00235319 -4.86374e-05 -0.00365686 0.00369787 -0.000109196 0.00220823 0.0032711 0.00166273 -0.000320435 -0.00590134 0.000221729
18458 -0.00269755 0.00403509 -0.00493945 -0.00744811 0.00666016 -0.00262193 0.00551117 0.00270097 0.00324132 0.00521776 -0.0075294 -0.001247 0.00371238 0.00602092 0.0038862 -0.00121607 0.00756504 -0.0044257 -0.00742394 0.00627128 0.00349132 -0.00438552 0.00690168 0.0019661 -0.0049671 -0.0037784 -0.002197 -0.0070859 -0.0052703 -0.00169337 -0.00216787 0.000558208 0.00229358 0.003084 -0.00292396 0.00208887 -0.00765745 0.00768591 0.00513571 0.00604478 0.00600767 -0.00621754 0.00183027 -0.00531177 -0.00169489 -0.000708666 -0.000816468 0.00571662 0.00286019 -0.00513736 -0.00687762 -0.00387413 -0.000489268 -0.00205422 -0.00015568 0.00697949 0.00271953 0.00698881 -0.000140498 0.00731989 0.0024823 0.000570096 0.000915446 0.00130822
83020 -0.00362206 0.00507593 -0.00421143 0.00649405 -0.00433683 -0.00773525 -0.00504589 0.0056572 0.00649214 0.000480175 0.00465584 -0.00333118 -0.00337172 0.00680637 0.00355577 0.00606775 0.00460386 0.00634193 -0.00654459 0.00427437 -0.00538254 -0.00252819 0.0044446 -0.00496292 0.0054636 0.00153589 0.00516748 -0.0025773 -0.00659418 0.00311804 0.00483656 0.00580883 -0.00455236 0.00187874 0.00079155 0.00550413 -0.002707 -0.000341415 -0.00426674 0.00445604 0.00744534 0.00439978 0.0040617 0.00242567 0.00298548 -0.000390053 0.00581551 -0.00129414 -0.00151396 0.00779152 0.00202036 0.00664711 -0.00266075 -0.00656128 0.00494671 0.00418663 -0.00115347 -0.000350475 0.00770235 0.00739241 -0.00779152 -0.00167322 0.00103807 -0.00690031
96483 0.00150152 0.00421382 0.00376262 -0.00173285 0.00266822 -0.00438338 0.00204966 -0.00280314 -0.00258702 0.0035043 0.000802261 -0.00655216 -0.000173212 0.006847 -2.35328e-05 0.00562684 0.00269753 -0.00388345 -0.00652775 -0.00561353 -0.00557271 -0.00362385 0.00653763 0.00152336 -0.00432069 -0.00681401 -0.000791118 0.00281807 0.00157867 0.00535049 0.00185148 -0.00333876 0.00190811 -0.00476129 -0.00642933 -0.000864204 -0.00470514 0.00413196 -0.00133165 0.00148511 -0.00226494 -0.000895303 -0.00678883 -0.00257832 -0.00569246 0.00653906 0.00133142 -0.00650988 0.00569901 0.00283388 0.00291395 0.00493134 -0.00270502 -0.0033827 0.00417214 -0.00722233 -0.00565181 -0.00689467 0.000175687 -0.0042069 0.00207478 0.00769257 -0.00597474 -0.00537427
4991 0.00201338 -0.00775054 0.00415728 0.0062112 -0.000803965 -0.00239861 0.0060975 -0.00449192 -0.00014752 -0.00389522 -0.00724202 -0.00506485 0.00323486 0.00329521 -0.00121941 -0.000988845 -0.00277955 0.000492754 -0.000184566 -0.00272219 -0.0041721 -0.00393986 -0.00188867 0.00645873 -0.00490275 -0.00197337 -0.00235869 -0.00233337 -0.000575588 6.39044e-05 0.000384963 0.00401406 0.00745335 0.00117505 0.00386967 0.00172062 0.000729745 0.00717435 0.00469804 -0.00409176 -0.00338286 0.00268905 -0.00714231 -0.00277832 0.00538836 -0.00230153 0.00279265 0.0036296 0.000247971 -0.00382371 -0.00111151 -0.00782994 0.00419818 0.00753544 -0.00583813 0.000607975 -0.000726221 -0.00548985 0.00694189 0.00402872 -0.00722805 0.00415981 0.0029071 0.00182898
310735 -0.00481129 -0.000972748 0.00595808 -0.00166655 -0.00433445 -0.00371647 -0.00578976 -0.00443506 -0.00174856 -0.000785351 0.00013113 -0.000653267 0.00476742 0.00110531 -0.00242138 -0.00408554 0.00727129 0.000465393 -0.00396919 -0.00536203 -0.000313759 -0.00734615 0.00325584 0.00272369 -0.00558805 0.00370455 -0.0053401 -0.00597811 0.00630713 0.00571346 0.00406885 0.00426912 0.00551319 -0.00154305 0.00537252 -0.00709391 0.0046525 0.00284481 -0.00335026 -0.00559044 0.000603676 0.000872612 0.00309038 -0.00384092 -0.00110817 0.00518608 0.00407934 0.00328636 -0.00284719 -0.00395346 0.000750542 -0.00685835 -0.000545979 0.00254774 -0.0049839 0.00107384 0.000428677 0.00339031 0.00261307 -0.00670481 -0.00461721 0.00217819 -0.00381613 0.00289536
115147 0.00221491 -0.000579834 -0.00532055 -0.00272989 -0.00495577 -0.00254583 0.00759506 -8.39233e-05 0.00101709 -0.00515366 0.00346804 -0.00264835 -0.00542736 -0.00288391 0.00175476 -0.00214243 -0.00312948 0.000330448 0.00440168 0.00718689 -0.000950336 0.00567532 0.00685358 0.00667953 0.00763941 0.00591803 -0.00769567 -0.00419664 0.00266838 0.00187016 -0.00730658 -0.00293541 -0.00257874 0.0053916 -0.00474787 0.00717878 0.00600529 -0.0067091 -0.00315523 -0.00442839 -0.00168753 0.00304365 0.000541687 -0.00339603 -0.00772142 0.00655317 0.00666809 0.00595999 0.00365829 0.00287676 -0.00411272 -0.00677919 0.00321436 -0.00260544 0.00344086 0.00668907 0.00778627 -0.00415659 0.000853539 -0.00501919 0.00202131 -0.00681067 -0.00327873 -0.00666475
247000 0.00472355 0.00763941 -0.00522661 0.00227356 -0.00777054 -0.000859261 0.00206947 0.00343609 -0.00722361 0.00391579 0.00677538 0.0027318 0.00175762 -0.00373697 -0.00662041 -0.00124836 0.000590801 -0.00333786 -0.00708151 0.000953674 -0.00528336 -8.24928e-05 0.00169611 -0.00442553 -0.00592518 -0.00761271 0.000440598 -0.000601292 -0.00779819 0.00701523 0.00113821 0.00558805 -0.00769663 0.000850201 -0.00589085 -0.00704288 -0.00418854 0.00376892 0.00381041 0.00601912 0.00178385 -0.00504351 0.000939369 -0.00718737 -0.00484276 0.00274086 0.00432014 0.00158787 0.00345612 -0.0062933 -0.00485897 0.00148058 -0.00314617 -0.000185966 -0.00734138 0.00638342 -0.00757408 0.00256586 0.00767803 0.00151634 -0.0031271 0.00733376 0.00418568 -0.00747013
214887 -0.00769281 -0.00124741 0.00730848 0.00476885 0.00562382 0.00717163 0.00360441 -0.00684595 -0.00269842 -0.00729847 0.00623846 0.00593567 0.000779152 -0.00441313 -0.00645828 0.000274658 -0.00174093 -0.00617599 -0.00024128 -0.00333977 -0.00467539 -0.00511789 0.00398827 0.00136089 -0.00102472 0.00556231 0.00548792 -0.00669718 0.00209856 0.000610352 -0.00614929 -0.00168514 0.00709629 0.00286913 -0.000895023 0.000259876 0.00419188 0.004951 -0.00726461 -0.00675011 -0.000365734 0.00148201 -0.003438 0.00257683 -0.00629759 0.00250721 -0.0014081 0.00356722 0.0037179 0.000244617 0.00153351 0.00348616 0.000729084 -0.00584888 0.006217 -0.00304699 -0.00430155 -0.000397682 0.00560045 -0.00250912 0.00322199 0.00454187 -0.00525761 -0.00370216
311039 -0.00637817 0.00251436 -0.00570965 0.00399303 -0.0010581 0.00393915 -0.000892162 -0.00483704 -0.000696659 -0.00220585 0.00585604 0.00522375 0.00515747 -6.10352e-05 -0.000109673 -0.00370646 -0.00685883 0.00399303 -0.00721312 0.0072155 0.00169659 0.00225639 0.00649691 0.0013032 -0.00271368 0.00195503 0.00167894 0.00507307 0.00486231 0.0011797 0.00559044 -0.00159264 0.00405025 0.0060463 -0.000410557 -0.00683212 0.0065794 0.0065732 -0.00650311 -0.0049243 0.00391912 -0.00719547 0.00312662 0.0046258 -0.0024724 0.00679874 -0.00114822 0.00185728 0.0038023 -0.000489235 -0.00535154 -0.00738478 -0.00386763 0.00381279 0.00172758 -0.001369 0.00426865 0.00205803 0.000571251 0.00655508 0.00529146 -0.000568867 -0.000754356 -0.00735378
177393 -0.00173807 -0.00600863 0.00366163 0.00699568 0.0062108 -0.00472879 -0.00107527 -0.00350714 0.00693083 0.00109673 0.00181246 0.00666904 0.00497341 0.00635958 0.00226355 0.00411081 -0.003685 0.000283241 -0.00544357 0.00646544 0.00684452 -0.0053339 -0.00582218 -0.00389671 0.00301552 -0.0072341 0.00668335 0.00757933 -0.00356627 0.00380945 0.000804424 0.00559139 0.00010252 -0.00283146 -0.00727558 0.00607395 0.00184536 -0.00506783 -0.00309086 -0.00538015 0.00325441 -0.00620317 -0.00271273 0.00112581 -0.00719213 -0.00687599 0.00665712 -0.00576925 -0.00474358 0.00758791 -0.00686789 0.00130796 0.00341845 -0.00248194 0.00711346 -0.00741243 -0.00301313 0.00160217 0.00635481 -0.00232649 -0.00488377 -0.00119209 -0.00614023 -0.0069809
275428 0.00363255 0.00293875 -0.00257158 -0.00261164 0.00676966 -0.00519037 0.00558901 0.0076108 0.00489378 -0.00767565 -0.001894 -0.00709343 -0.00187826 0.00407553 -0.00168896 0.00196791 -0.00457954 -0.00512886 0.00418139 0.00731993 -0.00403309 -0.000574589 0.00667238 -0.00572491 0.00673246 -0.00299263 -0.000891685 -0.00287151 -0.00380802 -0.00422573 -0.00137329 -0.00384521 0.00437784 0.0020833 -0.000891209 0.00305986 -0.00332689 -0.00461149 0.00159883 -0.00155592 -0.00593042 0.00589228 -0.00523996 0.00205708 0.0047822 -0.00632143 0.000125885 0.00189734 -0.0069356 0.00149632 -0.00780725 0.00731659 0.0038805 -0.00132561 -0.00438833 -0.000943184 0.00739241 -0.00228405 -0.0023489 -0.00550365 0.00379324 0.00166416 -0.00618553 0.00104809
192137 -0.00067234 0.00442362 -0.00771618 -0.00215387 0.00339651 -0.00724173 -0.00180483 -7.72476e-05 0.00134087 0.000256062 0.00654697 0.0012598 0.00593424 0.00575256 -0.00650358 0.00716829 0.00153589 0.00774527 -0.00266075 -0.000750542 -0.00667381 0.00478411 -0.00231457 -0.00347853 0.00682068 -0.00537062 -0.00337648 -0.0065341 7.82013e-05 0.00341082 -0.00524521 0.00107288 0.002563 0.00757694 0.00028038 0.00289297 0.00555801 -0.00576067 -0.00162029 0.00529766 -0.00376749 0.00708818 0.00344944 -0.00603962 0.00400019 0.00159693 -0.00356054 0.00700426 0.00439787 -0.00268173 -0.00514793 -0.00379324 0.00224876 0.00725126 -0.00485516 -0.00079155 -0.00128889 -0.00230742 0.00384903 -0.00276232 0.00773335 -0.000819683 0.00652504 -0.00307274
269878 -0.00162172 -0.00304937 -0.00289154 0.00760603 0.00667953 0.00275803 -0.00509882 -0.000479698 -0.00339222 -0.00101852 -0.000116825 -0.00126076 -0.00494528 0.000617027 0.00109386 -0.00204754 0.00230169 0.00420761 0.00439596 -0.00483656 -0.000254631 0.0068059 0.00686026 -0.00426912 -0.00615072 0.00464392 -0.00653934 -0.00710106 -0.00377893 -0.00163174 -0.00730181 -0.00336695 0.00378323 -0.00737762 0.0012126 0.000904083 0.00393438 0.0012207 0.00150394 0.00611544 0.0061717 -0.00118113 -0.00780296 0.00243998 7.53403e-05 0.00219917 0.00496769 -0.000489235 -0.00263453 0.00332451 -0.00368118 -0.00739431 -0.00455952 -0.000219345 -0.00542545 -0.00234938 0.00448275 0.00101423 -0.000350475 -0.00170183 0.00678301 0.00597525 0.000344276 -8.72612e-05
301880 0.00600243 0.00246191 -0.00265455 0.00246763 0.00377226 -0.000611782 0.00605345 -0.00656652 -0.00115728 0.00165367 0.00554943 0.00704241 0.00244093 0.00133419 -0.00468349 0.00724936 -0.00682926 0.00424719 0.00102806 0.000157833 -0.00738859 -0.00625896 0.00352573 -0.00739479 -0.00254917 0.0070014 0.00728989 -0.000452995 -0.00381327 0.0069828 0.00377846 -0.00181389 -0.00627422 0.00650644 -0.000932217 0.000237465 0.00629711 0.00262928 0.00178576 -0.000352383 -0.00312042 0.00595617 0.000156879 -0.00158644 -0.0051918 0.00424433 -0.00398397 -0.00718546 -0.00523567 0.0043478 -0.000386238 -0.00229549 0.00381136 0.00748205 0.00619888 0.00680494 0.00355768 -0.00065136 -0.00118446 -0.00210762 -0.00702238 -0.00239658 -0.00168657 0.00582409
71795 0.00398207 0.00383663 0.00187492 -0.00270748 0.00526381 -0.00370979 0.00293398 0.00775576 -0.00724411 -0.00201082 -0.00370598 -0.00681925 -0.00526381 -0.00286865 0.00506401 -0.00232506 -0.00696707 0.00441551 0.00197601 -0.00410795 0.0039978 -0.00709629 -0.00392532 -0.00434017 -0.00742865 0.00508928 0.00109339 -0.00590706 0.00372839 0.000904083 0.000256062 -0.0023551 -0.00285959 -0.00304842 -0.00118017 -0.00377703 0.00370502 -0.00742483 -0.00214815 -0.00754547 -0.00396442 -0.00131607 -0.00382996 0.00748444 -0.00218868 -0.00694704 -0.00542116 -0.00749969 -0.00404644 -0.00696707 -5.34058e-05 0.00487995 -0.00697088 0.00688696 0.00325441 2.86102e-05 -0.00177479 0.00780201 0.00729847 0.00404549 -0.00258589 0.00430822 3.52859e-05 0.0026679
275904 -0.00246525 0.00739241 -0.00385952 -0.000869274 -0.0016942 -0.00070715 -0.00411129 -0.00173378 0.00212097 0.00114012 -0.00044775 -0.00552368 -0.0067277 0.000672817 0.00454998 0.00215769 -0.00265837 -0.00654888 -0.00145817 0.00308752 -0.00433302 -0.0074563 0.000711918 0.00559568 -0.00678253 -0.00551748 -0.00745964 -0.0037179 -0.000837326 0.00646877 -0.00654793 -0.00526524 -0.000286102 -0.00238132 -0.00236845 0.00762939 -0.0049715 0.00423193 -0.00385904 -0.00108957 -0.00774384 0.00187445 0.00376654 0.00056982 -0.00473928 -0.00699091 0.00221252 -0.0036602 -0.00752068 0.00108862 0.000337601 -0.000302315 -0.000926018 -0.00203466 -0.0019598 0.00536776 -0.00141335 0.00241899 0.00761175 0.00134659 -0.00349712 0.00164509 -0.00269842 0.0018878
305451 -0.000233848 -0.00401634 0.00469514 0.00723872 -0.00646133 0.00643654 0.00293627 0.00662505 -0.00389523 0.000868513 0.00375417 -0.00640218 -0.00405614 0.00112953 0.00707896 -0.00109332 -0.00636132 -0.000875456 0.00533695 0.00339823 -0.000249347 0.00435724 -0.00548698 -0.000369459 0.00557324 -0.00576998 0.00709852 0.00237416 0.00192142 -0.00458361 0.00240173 -0.00304737 -0.0050455 0.00316979 0.000500547 -0.0014287 0.00260336 0.000526873 -0.00464097 -0.00573973 -0.0024336 0.00138775 0.00744122 0.00334907 -0.00321895 0.00502854 -0.00301205 -0.00569345 -0.000675665 0.00550732 -0.00403748 0.00671682 0.00313275 0.00415746 -0.00500833 -0.00377445 0.00689534 -0.00168152 0.00566213 -0.00220065 0.0057279 0.00435196 0.00529868 0.0070046
311891 4.673e-05 0.00725269 -0.00278568 -0.00264215 -0.00641203 -0.00777245 0.00359011 0.00441074 -0.00176287 -0.00543594 0.00491285 -0.00348043 -0.00716639 -0.0042882 0.00239801 0.00532055 -0.00670242 -0.00535583 -0.00157356 0.00193548 -0.0065403 0.000946999 -0.00611782 -0.00576782 -0.00319433 -0.000203609 -1.7643e-05 0.00100422 0.0077858 -0.00618792 0.00747585 0.00414562 -0.00022459 0.000201702 0.0045166 0.00334024 -0.00603056 -0.00119638 0.00170898 -0.0069232 0.000672817 0.00631809 -0.000614643 0.00213814 0.00413799 0.00671053 -0.00376987 -0.000241756 -0.00758362 0.00682735 0.00556755 -0.00391722 -0.00537205 -0.00591755 0.00655651 0.0005126 0.0021081 0.00275373 -0.000279903 -0.00631571 0.00146437 0.00324821 0.000315666 -0.00145388
137242 -0.00399446 -0.00724602 -0.00165367 3.29018e-05 -0.00642967 0.00162983 -3.52859e-05 0.00191689 -0.00652838 0.00333118 0.00719833 0.00160122 -0.00254059 0.00472641 0.00387287 -0.000454903 -0.000712395 0.00771713 0.00778723 -0.00403214 -0.00658131 -0.00597525 0.00701284 -0.0022254 0.00432491 -0.000945091 -0.00337076 0.0039649 0.00504446 0.00482655 -0.00373983 -0.00751972 0.00770044 -0.000873566 -0.000898838 0.00174379 0.00714111 -0.00662327 -0.00157118 0.00172186 -0.00208473 0.00262785 -0.00459576 0.00714207 -0.00427103 -0.00108957 -0.00646067 0.00269365 0.00235748 -0.00238562 -0.00698853 -0.00778198 0.00141001 0.00687313 0.00582218 0.00734663 0.00203371 -0.000378132 -0.00439548 -0.00303936 -0.000780582 -0.00231171 -0.00254202 -0.00456476
225857 -0.00721312 0.00570488 -0.00651312 0.00666952 -0.00378847 -0.00642729 0.00254536 0.0018568 0.00550079 -0.00659895 0.00673866 -0.000742912 -9.63211e-05 -0.00598049 0.00131178 -0.0010848 0.00716114 -0.00413656 -0.00639868 0.00622225 -0.00741863 0.00308275 0.00330114 -0.00461912 -0.00472403 0.00316858 -0.000901222 -0.000202179 0.0052104 -0.0077939 -0.00419807 -0.00702763 0.00440836 0.00229216 -0.00298214 -0.0031085 -0.00591278 0.00172567 0.00750399 0.00338602 -0.00643444 -0.000487804 0.00337172 0.0048275 0.00459337 0.00604153 0.00614452 0.000871658 0.00507259 -0.00602293 -0.00740099 -0.00361872 -0.00293541 -0.00441027 0.00513697 -0.00214624 0.00118351 -0.00379753 0.00712299 -0.00776052 0.00664091 -0.00564289 0.00418186 -0.00639772
258487 0.00344377 -0.00228141 0.00715267 0.000877207 -0.00351155 -0.00266704 -0.00178622 -0.000956283 0.00343326 0.0014016 0.00754801 0.00339713 -0.00194158 -0.00035379 -0.00765 -0.00272119 0.00453266 0.00248871 0.00181222 -0.00125144 0.00740718 -0.00704921 0.00672733 -0.00443651 0.00710095 -9.84282e-05 0.00161763 0.000413369 -0.00356092 0.00574955 -0.00605847 -0.00249567 -0.000983616 0.0043119 0.00325187 -0.000233277 -0.00723942 0.00236456 -0.00366405 0.00460419 -0.000323211 -0.00158932 0.00774913 0.00518581 -0.00651283 -0.0022051 -0.00347342 -0.000122153 -8.13633e-05 0.00419061 -0.000501386 0.00191474 -0.00592103 -0.000726909 -0.00664621 -0.00773845 0.00184291 0.00759989 -0.00665714 0.00314856 -0.00767705 -0.00772587 0.00443243 -0.00334557
61501 0.00187826 0.00641108 -0.00649691 0.00533819 -0.00285769 0.00308514 -0.00260639 -0.00377941 -0.00465155 -0.00649977 0.0057621 0.00439692 -0.0023632 0.00316429 -0.00188255 -0.00362968 0.00255489 0.000771046 -0.00738907 -0.00578022 -0.000376701 -0.00129414 0.00235701 -0.000968933 0.00693893 0.00044775 0.00624609 -0.00562811 0.00584078 -0.00640583 0.00213051 0.0058918 -0.00713921 0.00755215 -0.000694752 -0.00219488 0.00197268 -0.00287199 0.00253868 0.00420427 0.00486898 -0.00706959 0.000832558 -0.00527811 -0.0045929 -0.00142956 -0.00246716 -0.00251675 -0.00592852 -0.0025506 0.00122738 -0.00551033 -0.00264835 0.00224209 -0.00157928 0.00300694 -0.00150251 -0.00576019 -0.000697136 -0.00127888 -0.00481319 -0.00183535 0.00572634 0.000483036
260836 0.0012341 -0.00102062 -0.00727858 0.00366255 -0.00681225 -0.00674303 0.00249418 0.00375717 -0.00270024 0.0064202 0.00542787 0.00061477 -0.00347411 -0.00637074 0.000597584 0.00561489 0.00440079 0.00281532 -0.00381251 0.00558799 0.00134574 0.000826295 -0.00156213 -0.00135074 0.000982183 -0.00740973 0.00720078 -0.00647425 0.00600914 0.00561734 -0.00754421 -0.0056837 -0.00497133 0.0066759 0.00582894 0.00205115 -0.00277263 -0.00412298 -0.00640785 -0.00697058 0.00556966 0.00015559 -0.00168 -0.000904965 0.00439939 -0.00632938 0.00286582 -0.000731034 0.00253413 -0.00232355 -0.00712405 -0.00138636 0.00360777 -0.0033048 -0.00643968 0.00344883 -0.00657146 0.00248495 -0.000354734 0.00252779 -0.000546376 -0.00448169 0.00753538 -0.00703067
312345 0.00656939 -0.00259113 0.00580835 0.00288439 0.00297308 0.00489521 -0.00722599 -0.00688314 0.00171471 0.00633574 0.00271559 -0.00197601 0.000436783 -0.000535488 0.00526619 -0.00451183 0.00560284 -0.0025959 0.00400114 0.00670004 0.00555325 0.00319815 -0.00431204 -0.00482607 0.00322962 0.00310946 0.00653219 0.00206089 -0.00716877 0.00554466 0.00766325 -0.00616741 0.00688076 0.00401878 0.00429869 -2.3365e-05 -0.00703192 0.000392437 0.00707722 0.00114584 0.00601912 -0.00195169 -0.00750017 0.00478077 0.00660753 0.00749063 -0.00152922 0.00302124 0.00116158 0.00528145 -0.00687838 -7.05719e-05 0.00208044 -0.00182915 0.00667048 0.00596285 -0.00326347 -0.00728416 -0.00738287 -0.000786781 -0.00286865 0.00661421 0.00177526 0.00136662
312484 -0.000197411 0.00017643 -0.00517511 0.00225925 0.0058794 0.0047884 0.00187826 0.00598812 -0.00662279 -0.00134516 0.00162125 -0.00504017 0.00726223 -0.00581312 -0.00585079 0.00670242 -0.00625372 -0.00330782 -0.000569344 -0.00517702 -0.00253391 0.00185776 0.00239897 -0.00293255 0.00426245 0.00418472 -0.00152779 0.000614643 0.00133801 -0.00363827 0.00425673 -0.00369644 0.00625134 -0.00576019 -0.000261784 0.0025568 -0.00408888 0.00489616 -0.0051713 0.00382423 0.00264931 0.00369692 -0.000914574 0.00618649 -0.00396585 -0.00590467 -0.00628376 -0.00131512 0.00500536 -0.00267172 -0.00281715 0.00739765 0.00524044 -0.00112629 -0.00460339 -0.000418186 -0.00491142 -0.0042963 -0.000305653 -0.00322914 0.00372314 -0.000680447 0.00358343 -0.00210381
308936 0.00173235 -0.00201559 0.00769663 -0.00679493 0.00467014 -0.00124168 -0.00667572 -0.00183964 -0.00396442 -0.00349188 -0.00166845 -0.00252867 0.00708389 0.00611353 0.00395918 -0.00592899 -0.00444794 0.00505018 0.00506592 0.00630856 0.00133753 0.000689507 0.00355864 0.00504923 0.00245953 0.00700235 0.000689983 -0.00667715 -0.00378895 0.00437593 -0.0063982 0.00147152 -0.0055337 -0.00464582 0.0049181 -0.00269699 0.00491571 -0.00435114 -0.00549173 -0.000173092 -0.0002985 -0.00491047 -0.0052681 0.00546217 0.00572491 -0.00650454 0.00578451 -0.000337601 0.00558996 0.00551033 -0.00754738 0.00659704 0.00221777 -0.00124311 0.00327587 -0.00328922 -0.00141478 0.00310421 0.00342321 -0.00457525 -0.00437117 -0.00397635 0.00477982 -0.00594425
260645 -0.00567938 0.00487134 0.00658182 0.00616184 -0.00566662 0.000460819 0.000688827 -0.00426508 -0.00555388 0.00528949 -0.00311193 0.00397444 -0.00211602 -0.00689455 0.00101825 -0.00162857 -0.00131742 0.00337715 0.00419154 0.00721807 0.00243192 -0.00417182 0.00755213 -0.0036146 0.0040452 -0.000677757 0.00735851 0.00765494 -0.00304806 0.00128883 -0.00533029 0.00119979 -0.00375713 0.0020105 -0.00648667 -0.0047567 -0.00455332 -0.00182692 0.00481027 -0.0042999 -0.00634441 0.0049711 -0.00489923 -0.00291604 -0.00162565 0.00660244 -0.00278182 -0.00415692 0.00235563 0.00680533 0.00537287 0.00646512 0.00545107 0.00562528 0.00357906 0.00210533 -0.00615337 -0.00114958 -0.00601508 0.00316607 0.00396734 -0.00417603 0.00494882 -0.00662337
312492 -0.00213432 -0.00382471 0.00771332 0.0014472 -0.00680017 5.62668e-05 0.00368357 0.0013423 -0.00337791 0.00674152 -0.0066576 0.00444841 0.000731945 -0.00056982 0.00664759 0.00554752 -0.00147343 -0.00387955 0.00435114 0.00256777 -0.00643206 0.00656176 -0.000642776 0.00302172 0.00731373 -0.00764799 0.00507593 0.00111723 -0.000864983 -0.00234365 0.00364637 -0.00463772 -0.00263453 0.000845432 -0.0059166 -0.000694275 -0.00246859 -0.00172138 0.000720501 0.00586176 0.00422668 -0.00447083 -0.00736475 -0.00152445 0.00716257 -0.00459719 0.000674725 0.000835419 0.00223017 0.00179768 0.00776434 -0.007236 0.00435495 0.00375652 -0.00712538 -0.00350857 0.00673008 0.00563002 0.00120354 0.00468969 0.00508356 0.00521231 -0.00405836 0.00760365
159049 -0.00530577 0.00138044 0.00480747 -0.00622034 -0.00369406 -0.00439596 0.00422573 -0.00577593 0.00303364 0.0063653 0.00745106 -0.00237703 -0.00184059 -0.00166368 0.00263882 -0.00605059 -0.00158691 -0.00462675 0.0040431 0.00534582 0.00701189 -0.00208426 0.00296783 0.00222921 0.00292349 0.00509596 0.00352097 0.00100613 0.00687981 -0.00346661 -0.00769711 0.00697279 0.00686169 0.0022316 -0.00416994 0.00503635 0.00232172 0.00618887 -0.00330591 0.00557947 -0.00325394 -0.000367165 0.0028882 0.00435972 -0.00530148 0.00761509 -0.00557709 0.00438738 0.00481701 -0.00136852 -0.00521326 0.00554943 -0.00446129 0.000998497 0.00700426 0.000547409 -0.00748205 0.00753021 -0.000655651 -0.0077095 -0.00111008 -0.0077548 -0.00707483 -0.0068078
312902 0.00546741 -0.00435638 -0.00122166 0.00588131 0.00640488 -0.00708055 -0.00275898 -0.00734758 0.00615883 0.00163507 0.00410509 0.00503969 -0.00421476 0.00260687 -0.00546741 -0.00353003 -0.00622606 0.0055275 -0.00522375 0.00499821 0.00446129 0.0049448 0.0033474 -0.00529242 0.00485277 0.00188208 0.00479794 -0.00409651 0.00038147 -0.00704575 0.00337362 0.00455713 -0.00517368 -0.00709534 -0.00403547 -0.000118256 -0.00696754 -0.00758696 -0.000897408 -0.00638342 0.00665522 -0.00478268 0.00256824 0.0011549 -0.00592422 0.00515699 -0.00440645 0.00434208 0.00158072 -0.00219345 0.000727177 -0.000797749 -0.000540257 -0.00270033 -0.00426865 -0.00470448 -0.00739431 -0.00385714 0.00231552 -0.00253296 -0.00697517 -0.00512695 0.00333595 -0.00706291
120831 -0.00365782 -0.00690508 -0.0014925 0.00574017 0.00283575 0.00564289 0.000886917 0.00709438 0.0063343 -0.00210762 0.00292778 -0.00629139 0.00712919 0.00146866 -0.00439644 0.00697374 0.00349903 0.00750923 0.00691462 -0.00119209 0.00236511 -0.00753689 -0.00673819 0.00459576 0.00367117 0.00172281 0.00313902 -0.00225878 -0.000982285 0.00544357 -0.00650597 -0.00434828 0.00163364 -0.00128651 -0.000539303 -0.00520277 0.00759697 -0.00206327 0.00657272 0.00778389 -0.000866413 -0.000658512 0.00739193 -0.00115919 -0.000718117 0.00459957 -0.002069 0.00628424 0.00750589 0.00759315 0.00517035 -0.00165033 -0.00258875 0.000441074 -0.00520849 0.000968456 -0.00634289 0.00219917 0.000443459 -0.00300407 0.00296021 -0.00353575 -0.00447321 -0.00515509
311682 0.00384377 1.57999e-05 0.00511051 0.000381799 0.00403124 -0.00726292 -0.00579887 -0.00666591 -0.00391843 -0.00731162 8.40042e-05 0.000999226 0.0066666 0.00757178 -0.00433341 -0.00410496 0.00740158 0.00568504 0.000458897 0.00750073 -0.00624942 -0.00439615 0.00453802 0.00135001 -0.0022183 0.000195122 0.000586573 -0.00501135 -0.00124744 -0.00214506 0.00518127 -0.00438663 -0.0026581 0.00645354 0.00349779 -0.00706896 -0.00197317 -0.00651837 -0.00569483 -5.76465e-05 -0.00593352 0.00563461 -0.00599262 -0.000392388 -0.00351035 -0.000917257 0.00300226 -0.00764402 -0.00145226 -0.00281458 -0.0044967 0.00418807 -0.00589339 -0.00521979 0.000861124 -0.00123862 0.00578444 0.00175768 0.00744629 0.00670782 0.00512695 0.00383002 -0.007488 -0.00532242
145880 -0.00604486 -0.000607014 -0.00392723 0.00473785 0.00486565 -0.000932217 -0.0044837 -0.00692129 0.006989 0.006917 -0.000370026 -0.00621605 -0.00776434 -0.00543547 -0.00755787 0.00396109 -0.0068326 -0.00339937 0.00593042 -0.00290108 -0.00498152 -0.00521946 -0.00129414 -0.00652695 -0.00668001 0.00067997 0.00700426 -0.0003438 0.00327253 0.00428629 -0.00476789 -0.00366116 0.00671482 -0.0049305 -0.00262499 0.00522566 0.00220776 0.00426006 0.00776625 -0.00768185 0.00345278 -0.000114918 -0.00622702 -0.00226068 -0.00467825 0.00515747 0.00451899 -0.000593185 0.00521374 0.00614357 -0.00179052 -0.00554752 0.00213861 0.00368643 0.00279427 -0.00678968 -6.67572e-06 -0.00574541 -0.00183916 0.00340271 -0.000688553 0.000320435 -0.00602388 -0.00376225
169760 0.00331879 -0.00256395 0.00385857 -0.00546169 -0.00741863 -0.000760555 -0.000622272 -0.00663233 0.00032711 0.00692797 -0.00230694 -0.00610113 0.000849247 0.00631523 0.00694704 0.00161314 0.00307894 0.00025034 -0.00114965 0.00396061 -0.000771046 -0.0061059 0.00758171 -0.00269651 0.00435209 -0.00124121 -0.00681973 0.000160217 -0.00703955 0.004251 0.00605631 -0.00243044 -0.000199795 -0.00174952 -0.00607109 0.00358725 0.00343323 0.00109243 0.00655603 -0.000754833 0.000339985 0.00698519 -0.00104904 -0.00452757 -0.00243092 0.000352859 0.00407028 -0.00605583 0.00352812 0.00363588 0.000661373 0.00160122 -0.00506258 -0.00408363 -0.00272846 -0.00319242 0.00204372 0.0026536 0.00183916 0.00289488 -0.00676584 -0.00724125 0.00725317 -0.00482655
307316 -0.00191155 -0.00736988 0.00606851 0.000245723 -0.00659754 0.0068864 -0.00738017 0.00466461 0.00769967 -0.00191271 -0.00167116 -0.000349559 -0.000772775 0.00073705 0.00554237 -0.00164044 -0.00649718 -0.00246228 -0.00609991 -0.00586465 0.00721962 0.00466987 -0.00731055 0.00575428 0.00580252 -0.00214835 0.000169237 -0.00719518 0.00288335 0.000636058 -0.00574001 0.00682252 0.00134658 -0.00500491 -0.00189553 -0.00100072 -0.00721543 -0.00624202 0.00501003 -0.00399155 -0.00323948 -0.00283871 -0.00601399 0.00280438 -0.00273581 0.0012126 -0.00458909 -0.00282521 -0.00717122 -0.00208342 -0.00193648 0.00332287 0.000624143 -0.00514318 0.00441499 -0.00143343 -0.00144054 -0.00485928 -0.00684283 -0.0024292 0.00235653 -0.00418683 0.000677255 -0.00491142
65833 -0.00106096 0.00708485 0.00371313 -0.00219584 -0.00563812 -0.00341654 0.00161028 -0.00162125 0.00595474 -0.00659847 -0.00239229 0.00120974 -0.00720596 0.00635862 -0.00612116 -0.00418568 0.00688314 -0.00710964 -0.00166082 0.00391006 -0.00371313 -0.000403881 0.00147867 0.00381947 -0.00394106 -0.00657034 -0.00107002 -0.00257587 -0.00252342 0.00413656 0.00266409 -0.00738239 -0.00294065 0.00323629 0.00710201 -0.00548983 0.000266075 -0.000475883 -0.00634527 -0.0029006 -0.00303316 -0.00485992 0.002491 0.00615406 -0.00391722 0.000931263 -0.00434494 0.00689459 -0.00412893 0.00515556 -0.0065279 0.000980377 -0.00713062 0.00050211 0.00523233 -0.00487852 -0.000273705 -0.00527477 0.00171566 0.00333834 0.00306034 0.000495911 -0.00257158 0.00768137
32754 0.00344563 -0.00773859 0.00573111 0.00193071 0.00616789 -0.00239944 -0.00276613 0.000597954 -0.0045228 -0.0016427 -0.000357628 -0.00288534 -0.00464869 -0.00345659 0.000668526 0.00353336 -0.000506401 -0.00157881 -0.00467396 -0.000621319 -0.00140524 0.00612402 -0.00452852 9.58443e-05 -0.00306416 0.00460863 -0.000844479 -0.00538874 -0.00362539 0.00204325 0.00327826 -0.0063014 -0.00395489 0.00204992 -0.00539255 0.00117064 0.00142813 -0.00284386 0.00265455 -0.00666285 -0.00262213 0.00250053 -0.00677681 -2.38419e-06 0.0037632 0.000393867 -0.00138521 -0.00258493 -0.00356913 0.00228596 -0.00231361 0.00340414 -0.000349522 0.0049839 0.004251 0.00686693 0.00774908 0.000797749 0.00200319 -0.00309563 -0.00477839 0.00596762 -0.00302935 0.00507927
28766 0.00114489 0.00140905 -0.00245428 0.00409794 0.00030899 0.000140667 0.00559473 -0.00164604 2.47955e-05 -0.00519085 0.000579357 -0.00665426 -0.00311375 -0.000339031 0.00018692 0.00754786 -0.00192308 0.00289059 0.00752306 0.00124216 0.0071249 -0.00316668 0.00649643 -0.00474119 0.00681782 -0.00432062 0.00294542 0.00414085 -0.00456715 0.00506306 0.00750875 -0.00581884 -0.000377655 -0.00618649 0.00467014 0.00646734 -0.00489807 0.00410891 0.00710297 -0.000865936 0.00223923 -0.00280905 0.00536489 0.00208712 0.00643921 -0.00724554 0.00582314 -0.00223446 0.00166607 0.00541925 -0.00188589 -0.0037837 -0.00548935 -0.0073452 -0.00186968 -0.000705242 0.00150776 0.00505733 -0.00777149 -0.00586987 0.00211573 0.0033536 0.00676632 -0.00118876
298622 0.00510861 0.00177214 0.0036756 0.00354515 0.00301128 0.00222321 -0.00206192 0.00209274 0.00433063 0.00373708 0.00442756 0.00381286 -0.00469565 0.00491503 0.00571035 0.00172092 0.00586729 0.00282057 0.00276041 0.00679182 0.00708037 -0.000958923 -0.00394484 -0.00217677 0.000639428 0.00129116 0.00452993 0.00666208 -0.00158988 0.000487472 0.00318928 0.00159097 0.00127598 0.00439234 -0.00459095 0.00572407 0.00360975 -0.00111119 0.00566928 0.00538893 -0.00764409 -0.00371102 0.00775537 0.00680716 -0.00189707 -0.00542396 -0.00462329 -0.00208853 -0.00470899 0.00720399 0.00556709 0.0040223 0.00558519 0.00255365 0.00697191 -0.0073564 -0.00108967 0.00698799 -0.00606182 0.00301752 -0.00765664 0.00730548 -0.00485739 -0.00753372
92126 0.00480986 -0.000303745 -0.00609875 0.00731707 0.00139046 -0.00595713 0.00034523 -0.00109196 0.000848293 0.00699997 0.00734043 0.0032649 -0.00371981 -0.00620937 0.00707245 0.00336599 0.00278425 0.00266314 0.00369644 0.00547886 0.00708485 0.000985622 -0.00397539 -0.0071373 -0.00756073 0.00135851 0.00595951 0.00639343 0.00123358 -0.00102615 0.00179195 6.19888e-05 0.00236225 0.00489426 -0.00482082 0.00210428 -0.00546837 -0.00102329 0.00466442 -0.00466013 0.0032177 -0.00663662 -0.0073204 0.00060606 -0.00383329 -0.000984669 0.000150204 -0.00439119 0.000161648 -0.00753498 0.00750637 -0.00316954 0.00645304 0.00338078 -0.00377035 -0.000683308 -0.00555229 -0.00174999 0.00536013 -0.00739574 0.00480413 -0.00672531 0.000843048 -0.00238419
140153 -0.00213232 -0.0064016 -0.00717138 -0.00100536 0.00611651 0.00488791 -0.000517367 -0.000797912 0.0056574 -0.00559431 -0.0022657 0.00573451 -0.00220526 0.00224816 0.00189078 0.00634953 0.00759514 -0.00113105 -0.00638084 -0.00536521 -0.0076034 -0.00121472 -0.000920409 0.00452706 0.00402864 -0.000686508 0.00146057 -0.000506886 0.00773189 0.00351896 0.00657675 -0.00291088 -0.00369068 0.00564809 -0.00659707 0.00655288 0.00588896 -0.00134645 0.00291534 0.00661733 1.58703e-05 0.00558623 0.00708346 -0.00635296 -0.00536812 0.00695493 -0.00182035 -0.00355562 -1.44374e-05 0.000727667 -0.000963113 -0.000832973 -0.00613979 0.00295173 0.00160668 -0.00726735 0.00600878 -0.00600848 0.00101927 0.0020313 -0.00748645 0.00731946 0.00771685 0.00203283
46869 0.00480604 0.00560856 0.00132513 0.00135708 0.00419712 -0.00632954 0.00612545 0.0056572 -0.00451374 -0.00542545 0.00299835 0.0014267 0.00537968 -0.00368404 -0.0042634 -0.003304 0.000252247 -0.00412989 -0.00459623 -0.00510931 0.0027585 -0.00381517 0.0059514 0.00224543 0.00248384 0.00631571 -0.00692129 0.00589132 -0.00196648 -0.00656271 -0.00203466 -0.00756121 0.000152111 -0.00673437 0.00279856 0.00656796 0.00514746 -0.000491142 0.00660276 0.0069561 0.0025878 -0.00486898 -0.00358152 0.00341988 -0.00470448 -0.00396681 0.00671244 -0.0017724 0.0018549 0.00120449 -0.00105572 -0.00328064 0.00403786 0.00118637 0.00416803 0.000802994 -0.00314236 0.0014019 -0.00503206 0.000470161 -0.00572014 -0.0065465 0.00773525 0.00189829
95212 0.0076979 0.00279888 -0.00278943 -0.0020857 0.00635806 0.00532072 0.0067764 -0.00252318 0.00207683 -0.0026335 -0.00407721 0.00444611 0.00146661 -0.00374868 0.001778 -0.000453264 -0.000460741 0.0057965 -0.00775619 0.0036117 -0.00773736 0.00499251 -0.0063554 -0.00544873 -0.00593556 -0.00546159 0.00629297 0.00610982 0.00733079 0.00301978 -0.00521931 -0.00638516 0.00730623 -0.00624081 -0.0028585 -0.00248545 -0.000867653 -0.00403029 -0.00104908 0.00271082 0.00739008 -0.00512911 0.0076091 -0.00669408 0.00776594 -0.00167371 0.00381493 0.00650453 0.00522533 0.00215466 0.00231815 -0.00161903 0.00242767 0.00591331 -0.00723563 -0.00297771 0.000495373 0.0044421 -0.00710608 -0.00423786 -0.00557882 -0.00218588 0.000340894 0.000513886
271062 -0.0039532 0.00715815 -0.00286044 -0.00428856 -0.000275443 -0.00123206 -0.0037693 -0.00705333 0.00226572 0.000290118 0.0039323 0.00522616 0.00739775 -0.000855837 -0.00577794 0.000988687 0.000952496 0.0017854 0.00672932 -0.00536884 0.000735709 -0.00215747 -0.00596569 -0.00222814 -0.00726682 0.00644087 -0.00375938 0.00432896 0.000273712 -0.0039654 -0.00719791 0.000349096 0.003504 -0.00615289 0.00482037 -0.00183918 0.00231226 0.00552949 0.00198157 -0.00730045 0.00304232 -0.001635 0.00164941 -0.00334272 0.00263363 0.00699048 0.00671401 0.00340857 0.001629 0.0040183 -0.00339571 0.00536312 -0.00618925 0.00145547 -0.00464543 -0.00621603 -0.00423292 -0.00527339 -0.00701276 0.00379543 0.000577404 -0.00412511 -0.00700027 -0.00621088
260726 -0.00154967 0.00163166 -0.00569416 -0.0059137 -0.0051804 0.00330718 -0.00716834 0.00256162 -0.00364311 -0.00702033 -0.000265878 0.00188547 0.00530641 -0.00571031 0.00203986 -0.0051856 0.00778145 -0.0039727 0.00690758 -0.00354728 -0.00222808 0.00195568 -8.41376e-05 0.00478721 0.00475917 -0.00152276 0.00411781 -0.00312342 -0.00383011 0.00663341 -0.0043649 0.00458922 -0.00218647 0.00374789 -0.000415669 0.00377099 0.00569184 0.00652079 -0.00139096 -0.000862862 0.00157956 0.00702605 -0.00565034 0.00774313 0.00504573 0.00736641 -0.00649088 -0.00541678 0.0060217 -0.000500921 -0.00738122 -0.00451187 0.00644693 -0.00440079 0.000752282 -0.0043585 0.000645282 0.00303567 0.00130602 0.0013737 -0.00306061 0.00218908 0.000970525 0.00104521
304643 0.00490662 -0.00775865 0.00561093 -0.000145929 -0.00536559 -0.00647105 0.00637348 -0.00230169 -0.00726355 0.00444729 -0.00478697 0.00084799 0.00114058 -0.00595985 -0.000685957 -0.00160457 -0.000304007 -0.00723516 -0.000795466 -0.00140159 0.00773067 0.00573971 -0.00391538 0.000769606 -0.00269237 -0.00249989 0.000667789 0.00326043 0.00681123 -0.00117382 -0.00142544 0.00595799 0.00713738 -0.00517226 -0.00585947 0.00205674 -0.00729615 0.00130085 -0.00453893 0.00495296 0.00728062 -0.000916363 -0.00647687 -0.00212914 0.00124425 -0.00755874 -0.00306572 -0.00670157 -0.0055193 0.00460691 -0.00669102 0.0010007 -0.00212203 0.00396106 0.00565064 -0.000393458 -0.0060837 0.00546573 2.06969e-05 0.00418994 0.00695548 -0.00734368 0.000299248 0.00212461
29880 -0.00385578 -0.00623453 -0.00743944 -0.00292472 -0.00631934 -0.00139299 -0.00625978 0.00441735 0.00688548 -0.00734509 -0.00570779 -0.000414271 -0.00776368 0.00403137 -0.000348601 0.0054706 -0.00405687 0.00443073 -0.000556687 -0.0017452 -0.000121109 0.00493002 0.00688102 -0.00604388 0.00751207 0.00691189 -0.00426963 0.00474483 0.00423376 0.00634301 0.00608781 -0.00347486 -0.00597323 -0.00759075 -0.0064309 0.00363966 0.000842739 -0.00135953 0.00639003 0.00157273 0.000854576 0.00661178 -0.0005591 0.00731059 0.000830172 -0.00511683 -0.00474453 0.00541361 -0.00281351 -0.00353177 -0.00585557 6.03067e-05 -0.00305142 0.00299884 -0.00115993 -0.0058922 -0.00644457 0.00122104 -0.00413511 0.0050565 -0.0011747 -0.00330209 0.00645479 0.00158994
314518 -0.00598478 -0.00365734 0.00357676 -0.00762892 -0.00485992 -0.00678635 -0.00459337 -0.00577593 0.000388622 0.00246859 -0.00682259 0.00495863 0.000583649 0.00494957 -0.0074625 0.00228834 0.00732946 0.00396872 -0.00206757 0.000645161 -0.00127029 0.00374365 0.00138474 0.000972748 0.0028863 0.00660563 0.00701952 0.00494719 0.000342369 -0.00667286 -0.00266552 0.00719357 0.00630188 -0.000630856 -0.00498199 -0.00374031 -0.00184488 0.00140095 0.00694084 0.00292349 0.0022788 -0.0074954 0.00412607 -0.00777912 0.00562906 0.00730944 0.00557137 -0.00285959 0.00610447 0.00670624 -0.00214338 -0.00650024 -0.0078063 -0.00723982 -0.00721693 0.00770092 -0.00599098 -0.00213766 0.00184822 0.00375414 -0.00377607 0.00621653 -0.00456285 -0.0056138
107687 -0.00432693 -0.00141301 0.000533767 0.000769837 -0.00611352 0.00658539 -0.00147744 -0.00689803 0.00487216 -0.00777093 -0.00410784 -0.000636476 -0.00746232 0.00180963 0.00697162 -0.00179725 0.00586052 0.00351448 -0.00599973 0.00296547 0.00508805 -0.00188672 0.00364657 -0.00103714 0.00505837 8.58439e-05 -0.00254557 0.000259737 -0.00105647 -0.00604933 0.00731693 -0.00142797 0.00637403 -0.00541439 0.00340448 0.00652508 0.00682773 0.00341088 -0.00429622 3.84788e-05 -0.00768778 0.00501294 -0.00780853 -0.00632831 -0.00602577 -0.000393208 0.00598565 0.0054848 0.00485964 -0.00329485 -0.000218355 0.00599699 -0.00376714 -0.00335071 0.0074745 -0.00195753 -0.00246392 -0.00518314 -0.00710617 -0.00715805 -0.00114121 0.00447122 -0.00194321 -4.28245e-05
192515 0.00619411 0.00687647 9.63211e-05 -0.00196362 -0.00735712 -0.0023241 -0.00205708 0.00377893 -0.00286198 0.00632191 -0.00137806 0.00443077 0.00505066 0.00736666 0.00157785 -0.00505447 0.00269794 0.0075345 -0.00527287 -0.00527573 -0.00369883 0.00756216 -0.00133276 0.00425053 -0.00314617 -0.0015769 0.000385284 -0.00510836 -0.00419521 0.0031848 0.000577927 0.00170469 -0.00447798 -0.00397587 0.000277996 0.00624514 -0.00556612 0.00652409 -0.00535107 0.00733566 0.00644588 0.00640106 0.00275898 -0.00194597 -0.00109577 -0.00383806 -0.00191402 -0.00311136 0.000570774 -0.00178385 0.00292683 0.00757742 -0.0017314 -0.00105906 -0.00728369 -0.00692749 -0.00134754 -0.000650883 -0.00156498 0.00377464 -0.0012331 -0.00189209 0.00622559 -0.00139427
273474 0.00747442 0.00406218 -0.00446701 -0.000939846 0.00203562 -0.00424767 -0.00387049 0.00543165 -0.00682259 0.00321388 0.00534391 0.0028553 0.00480509 -0.00483274 0.0052309 0.00198364 0.00107002 -0.0031085 -0.000874996 0.00443935 0.0044508 -0.00311804 -0.00518894 -0.00588322 5.10216e-05 0.00509357 -0.00561142 0.000717163 -0.00521612 -0.00725842 -0.00382042 -0.00715685 -0.00148582 -0.0016675 0.00625753 0.00641489 -0.00105 0.00490808 0.00245762 0.000108242 -0.00576067 -0.00184011 0.00467873 -0.000180721 -0.00119257 -0.00209045 0.00685072 -0.00738192 -0.0073595 0.00386143 0.00249767 0.00718784 -0.00482559 0.00748539 -0.00010252 -0.00253868 -0.000372887 -0.00467157 -0.0068593 -0.0022912 -0.0041995 0.00185204 0.00383711 -0.00609636
253063 0.00475708 -0.00356499 0.00357536 -0.00477429 -0.00637711 0.00665567 0.00337937 0.000745094 0.00112976 -0.00392308 -0.00338721 0.000749857 -0.00247061 -0.00649724 0.00774435 0.00538915 -0.00358026 0.00721442 -0.00152231 0.00597613 0.00692672 0.00121645 -0.00733758 0.000516572 -0.00254027 1.02243e-05 -0.00286327 0.00622621 0.00743028 0.00456782 0.00541238 0.00298974 0.00102998 0.00392713 0.00288577 -0.00546108 0.0036255 0.000514762 -0.00567245 -0.00729167 0.00682866 0.00515159 0.00584055 0.00113291 -0.00452199 -0.00201174 0.00260056 0.00604205 0.00388474 -0.00151881 0.00149983 0.00603417 0.00728868 0.00662086 -0.00556169 -0.00762177 -0.0050467 0.00568224 0.00636074 0.00609447 -0.00236001 0.0068685 -0.00168908 -0.00274664
308356 -0.00469198 -0.00180211 0.00175912 0.00148723 -0.0064945 -0.00286855 0.00674297 0.000115869 0.00575615 0.00584528 0.00772735 -0.00377549 -0.00338492 0.00725722 0.0068758 -0.00101681 0.00767356 0.00380317 0.00763682 -0.00340641 0.00455147 0.000969331 0.000586836 0.000667442 -0.00484165 0.00222332 0.0029114 0.00776397 0.00620946 -0.0052766 0.000640248 -0.00725365 -0.00345674 0.00738287 -0.00487789 -0.00280537 -0.000525957 0.00297774 9.45224e-05 0.00735245 -0.00628331 -0.00245462 0.0063968 -0.0037091 -0.00148151 -0.00267051 -0.0053636 -0.00409709 0.0023034 0.00598376 -0.00482048 -0.00252673 0.000329427 0.00409043 -0.00358574 -0.00198251 0.00250814 -0.00137883 -0.00271534 0.00572324 0.00408084 -0.00349462 0.00490958 -0.00322768
175922 2.05802e-05 3.47102e-05 0.00681495 -0.00644512 0.00454383 0.0042422 0.000937266 0.00631396 -0.000569418 -0.00122182 0.00355001 -0.00454958 -0.00768832 0.00221503 -0.00766086 0.000123808 -0.000947692 0.00668155 0.00225169 -0.0030019 0.00594231 4.24532e-05 0.00364443 -0.00464703 0.00728294 0.00725344 -0.0019696 -0.00615804 0.00270822 0.00504028 -0.0068062 -0.00683108 0.00207571 -0.00457561 -0.00427493 0.00192397 0.00101545 -0.00138603 -0.00508153 -0.00402623 0.00604906 0.000207868 -0.00148183 0.0030861 -0.00588424 0.00474106 0.000280666 0.00681263 -0.00481722 -0.00447615 0.00216825 -0.0016049 -0.00533146 -0.000111226 0.00255621 -0.00444075 0.00118172 -0.00295585 -0.00474919 -0.00317283 0.00718282 -0.00686463 -0.00017374 0.00394127
102456 0.000739574 0.000393867 -0.00359535 0.00193596 0.00607967 -0.00519705 0.00399971 -0.00152254 -0.00175238 -0.00411081 0.00374126 -0.00329828 -0.00194168 -0.00114584 -0.00691032 0.00267649 0.00502682 -0.00325727 -0.00299263 0.00452852 -0.00369692 -0.00547791 -0.00550556 -0.00695944 -0.00691175 0.00287199 -0.00756741 0.00761127 0.000668526 0.00728226 0.00210762 -0.00385475 -0.00457668 -0.00599432 -0.00590658 0.00401497 -0.000675201 -0.00277615 -0.0068779 -0.00370359 -0.00660658 -0.00104189 -0.00200176 0.000283718 0.00751877 0.00547409 -0.0024538 -0.00251579 -0.00252104 0.00670099 0.00203848 0.00210762 0.00281334 0.00179338 0.00170803 0.00525045 -0.00673628 0.000482082 0.0061717 0.00302744 0.00681257 -0.00415945 -0.00175619 0.00661278
305484 0.00265312 0.00561571 0.00283813 0.00244188 0.000875473 0.0058651 -0.00493097 -0.00509644 -0.00529718 -0.00530577 0.00448847 0.0060339 0.00393343 -0.00581026 -0.00103951 -0.00734138 0.00542831 -0.00602484 -0.00115585 -0.00700331 -8.10623e-05 0.00386953 0.00499773 -0.00557327 -0.00214672 0.000309467 0.00376892 0.00630093 -0.00394392 -0.00347757 0.00748682 0.00137806 -0.00645924 0.00549459 0.0029974 0.00664282 -0.00674295 0.000704288 0.00112295 0.00708151 0.00685596 0.00305223 -0.00289822 0.00567818 -0.00637007 -0.00729275 0.00363016 -0.00304508 0.000718117 -0.00695372 -0.00218725 -0.00581074 -0.0017786 -0.00584364 0.00614357 -0.0073595 0.00445795 0.000579834 -0.00304508 -0.00671053 -0.00500965 -0.00422573 0.00757074 0.000670433
222227 0.00325453 -0.00145969 0.00378505 -0.00566856 -0.000465589 0.00418953 -0.00779683 0.0059896 0.00484785 0.000561354 -0.00577997 0.00609604 -0.0078072 -0.00696256 0.00760374 -0.0048217 0.00347411 -0.00512928 0.00678717 0.00657412 0.00203644 -0.0071101 -0.00337086 -0.00760895 -0.00352097 0.00300744 -0.00497965 0.00179265 -0.00731874 0.00699755 -0.00286478 0.000750367 0.00558643 -0.00668719 -0.00385391 0.00516453 0.00512646 0.00319349 0.0019648 0.00359885 -0.00400411 -0.00163085 -0.0040509 -0.00194493 -0.00670624 -0.00135347 -0.00337692 -0.00480102 0.00424224 -0.00592495 0.000319063 -0.00078855 -0.00660972 0.000406329 0.00469832 -0.0063599 0.00579875 -0.00314032 0.00478231 0.00685929 0.00279359 0.00763866 -0.00388494 0.00525691
280763 0.00748409 0.00121839 0.000175758 0.000182654 0.00480581 -0.00437019 0.00604453 0.00335226 0.00529519 -0.00468158 0.000197273 0.00292262 -0.000133698 -0.00741753 -0.00676707 -0.00363338 -0.00522987 0.00397203 -0.00320711 0.00347124 -0.0044959 -0.00321411 0.00133648 0.00329713 0.0030764 0.00633569 -0.00052336 -0.00160766 0.00191503 0.00226658 -0.0017517 -0.00589314 0.00154408 0.00654337 0.00198889 0.00263734 0.00256361 0.00653084 0.00195402 0.000365595 -0.00371279 -0.00604781 0.00235005 -0.00498684 -0.00723216 0.000726335 -0.00621227 0.00555741 -0.000337258 -0.00531797 -0.00303569 0.00290824 -0.00677059 0.00482007 -0.00583455 0.00487457 0.00742694 -0.00349453 -0.00340274 -0.00283494 0.00671286 0.00675935 0.0027034 0.00089308
252074 -0.00261369 -0.00353233 0.000986723 0.00376282 -0.00396972 -0.00620948 0.0076143 -0.00278343 -0.00333715 -4.17831e-05 -0.00462838 -0.00521478 -0.00646514 -0.00248367 0.000344759 0.00561424 -0.00193766 0.0020261 -0.00102303 -0.00343055 -0.00310839 -0.00410286 -0.00382387 0.00440022 -0.00753013 -0.00170523 -0.00427743 -0.00774829 -0.0035545 0.00110126 -0.00149079 0.00448665 0.00621087 -0.00689941 -0.00577641 -0.00553366 -0.00780313 0.00486833 -0.000123036 0.00382249 0.00416229 0.00702387 0.000855399 0.00673364 0.00158908 -3.88057e-05 0.00445459 0.00241607 0.00189061 0.00304003 -0.00138546 -0.00153357 -0.00549157 -0.000409827 -0.005453 -0.000129431 -0.00405474 -0.000923665 -0.00603357 0.00342735 0.00644871 -0.00765077 -0.00443991 0.00655666
306725 -0.00624847 0.00619793 0.00735283 -0.00364923 0.00726175 0.00455093 0.00736713 0.00604343 0.00259542 -0.00357246 0.00700188 0.00341034 -0.00549173 0.00500393 0.00319529 -0.00657463 -0.00672913 -0.00646925 0.00473356 0.00667095 -0.000790119 -0.00584364 -0.00264025 -0.00360012 -0.00558519 0.00552797 0.00150394 0.00314522 0.00338173 -0.00149345 -0.00637197 0.000451088 0.00531149 0.00218391 0.00125074 -0.000635147 0.00421333 0.000162601 0.00201416 -0.00286674 -0.00734186 -9.25064e-05 -0.000641823 0.00399685 0.00594997 0.00514078 -0.00107813 -0.000851631 0.00256491 0.00407362 -0.0073967 0.00287771 0.00200701 0.000336647 0.00252533 0.00659132 -0.0028367 -0.00373316 -0.00503302 -0.0053997 -0.00580072 0.00229168 -0.00224543 0.00249767
68908 -0.00605154 -0.00230312 -0.00320196 -0.00710917 0.00220013 -0.00536728 0.00776815 -0.00669384 -0.00776625 0.00566006 -0.00765562 -0.00421238 0.000736237 0.00418091 -0.000588417 0.000500679 -0.000788689 0.00617695 -0.00249052 -0.000258923 0.00326586 0.00323725 -0.00234461 0.00341606 -0.00062561 0.000293255 -0.00464773 -0.00386667 -0.0047307 -0.0025897 0.00277328 0.00510025 -0.00770283 -0.00281191 -0.00318623 -0.00290394 -0.00160456 0.00211763 0.00712395 0.00246239 0.00502539 0.0053196 -0.00206566 -0.00312376 -0.000155449 0.00151062 0.00217247 0.00135374 0.000951767 0.00600004 0.0054245 -0.00625229 -0.00301409 -0.000807285 0.00699234 -0.00156355 -0.00232792 0.00313759 0.00560045 -0.00565672 0.000956535 0.00448799 -0.00674582 -0.00764513
106983 0.00320721 -0.00709772 0.00167561 0.000411034 -0.000751019 0.00112963 0.00357199 -0.00704861 0.00495291 -0.00606203 -0.00558853 -0.00638199 0.00227976 0.00774574 -0.00553989 -0.00272036 -0.00425673 -0.00250196 -0.000119209 -0.003479 0.00206947 -0.00423288 -0.00235033 -0.00508595 0.00577068 -0.00625086 -0.00503778 0.00659037 -0.000720024 -0.0071187 0.00601292 0.00255823 -0.000256538 -0.00387239 -0.00630569 0.00640249 0.00486469 -0.0029645 0.00597334 0.00294685 -0.0013504 0.00123596 0.00449228 0.00312853 0.00069809 -0.00214148 0.000150204 0.00679779 0.00425768 -0.00633383 -0.0067811 0.00357056 -0.000180244 -0.00386953 0.00461149 0.00343466 0.00759792 -0.00425577 -0.00725508 0.00287294 0.00315952 0.0056777 0.00511074 0.00320435
108338 0.00330925 0.00594425 -0.000384808 0.00252438 -0.00662756 0.00643349 -0.00268888 -0.000178337 -0.00578547 -0.00214863 0.00157642 -0.00483847 -0.0029664 0.00492573 0.00161552 -0.00674629 0.00175667 -0.00470495 -0.00466251 -0.00570583 -0.00355577 -0.000941277 0.00573397 -0.00496721 0.00417328 0.00490808 -0.00543404 -0.000425339 0.0035429 0.00344419 0.00685596 0.00036335 0.00552464 -0.00639868 -0.0031333 0.00699091 -0.000945091 -0.00534868 -0.00281096 0.00514746 0.00121021 0.00471544 0.00349808 0.00148201 0.00249767 -0.00486994 0.00222445 0.00544024 -0.00378323 0.00659227 -0.00193024 -0.00552511 0.00742626 -0.00106716 -0.000131607 -0.00505638 -0.00202036 0.00481796 -0.00639963 -0.00303411 0.000655651 0.0048542 0.00167751 0.00742769
55033 -0.000497349 -0.0037485 0.00730589 0.00628298 0.00298305 0.000748457 -0.000711071 0.000921341 -0.000557725 -0.000674771 -0.00558835 0.00651017 0.00632196 -0.00727042 -0.00490836 0.00572564 -0.00293429 0.00392332 0.00641513 -0.00184547 -0.00496967 0.00136719 0.00683263 0.00447084 -0.00705623 -0.0018941 -0.00380012 -0.00518987 0.00402087 -0.00704752 0.00096703 -0.00176792 -0.00467539 0.00764902 0.0034943 0.00202388 -0.00453718 -0.00309166 0.00285759 -0.007825 0.00132385 -0.00622702 0.00286044 -0.0058836 0.00705527 0.002083 -0.00568333 -0.0049434 -0.000367003 -0.00163718 0.00736926 -0.00111907 -0.00674584 0.00758127 0.00506341 0.00101238 -0.0054617 0.00640539 0.00629617 -0.00754151 0.00110367 -0.0067788 0.00596789 0.000822394
51944 0.00500352 -0.0065195 0.00258711 -0.004816 0.00750354 -0.00224953 -0.00391537 0.00675023 0.00533033 0.00381025 -0.00742941 -0.00503717 -0.00289266 0.00711197 0.00355911 -0.00260157 0.000589297 0.00426511 0.000630335 0.00548611 -0.00128719 -0.00105913 -0.00626443 0.000593831 -0.00602608 -0.00759321 -0.0060373 0.00417816 0.00460512 -0.00446843 0.00727685 0.0036579 -0.00615588 0.00171342 0.00287489 0.00250024 0.000910424 -0.0018054 0.00615005 0.00175255 -0.004514 0.00117675 0.00253353 0.00689248 -0.00724366 0.00391094 0.00151072 -0.00321885 -0.00167359 -0.00725891 0.000698077 -0.00555543 0.000944694 -0.00143005 -0.00645636 -0.00477666 -0.000495376 -1.65575e-05 0.00528446 -0.00271016 0.00441027 0.00117856 0.00195177 0.00248433
316099 -0.00695229 0.00432301 0.0015521 -0.0077734 -0.00622797 0.00316191 -0.000715256 0.00439405 0.00429392 -0.00725412 0.00769854 -0.00313425 0.0054369 -0.0011344 0.00191545 0.000942707 0.0077796 0.000872612 0.00168133 0.00547743 0.000300884 -0.00492334 -0.00161028 -0.000552177 0.00555992 -0.00121069 0.00597286 0.000822544 0.000693798 0.00623798 0.00666571 0.000926495 0.00256586 -0.0064764 -0.00768518 -0.00431108 -0.00177908 -0.000525951 -0.00276279 0.00172424 0.00336647 0.00456572 -0.00481653 -0.00574303 -0.00748158 -0.00586271 -0.00609779 -0.00703335 -0.000829697 0.00619411 -0.00326109 -0.00161362 0.00462103 0.00315523 -0.00710821 0.00493145 0.00755978 -0.00715971 0.00513172 -0.00367737 0.00243807 0.00367069 -0.00276709 -0.00678158
25365 -0.00686719 -0.00439227 -0.00194391 -0.00366805 0.003978 -0.000535572 -0.00557481 0.00420238 -0.00313952 0.00324327 -0.00288313 -0.00411893 -0.00114524 0.00337941 0.00275222 -0.00516679 0.0062204 0.00568948 0.00745233 -0.00431748 0.000843614 0.00204522 -0.00225111 -0.00580644 0.00267421 0.00529973 -0.0052585 -0.00366121 -0.00333142 -0.0031808 0.00175215 -0.00265098 -0.000814553 -0.00635688 -0.00773588 -0.00714701 -0.00547817 -0.00412573 0.0067293 -0.00172736 0.00595483 0.00579072 -0.00384025 -0.00165835 0.000487726 0.00457303 -0.00333437 0.00464944 0.0018289 -0.000280458 0.00627313 0.00360831 0.000469809 -0.0021229 -0.00768799 0.0042182 0.00513962 0.000103001 -0.00467127 -0.00270026 -0.00479778 0.000391109 0.00676512 0.00722741
112943 -0.00557184 0.00511408 -0.00705385 -0.000975132 -0.00613356 -0.00749731 -0.00755405 -0.00671625 0.00664806 0.00136757 0.00379086 -0.00230026 -0.00161934 0.00238037 -0.00386667 -0.00364256 0.00708961 0.00760412 -0.00582552 -0.00324726 -0.0067687 -0.00771236 -0.00750732 0.00107336 -0.000635147 0.00730753 -0.00625944 -0.00497293 0.00376844 -0.00651836 0.0042119 -0.00720692 0.000702381 0.00430012 -4.33922e-05 -0.00301981 0.00411034 0.00455141 -0.00618076 0.0059185 0.0074625 -0.00173283 -0.00216913 0.00529671 0.00277424 -0.0027895 -0.00429726 -0.00165892 -0.0022378 0.00520372 0.00110817 -0.00407314 -0.00645781 -0.00172758 0.00398827 0.00519133 0.0024581 -0.00221729 0.00558043 0.000542641 0.00593996 -0.00221109 0.00690126 -0.00624418
312670 -0.00550938 2.19345e-05 -0.00487232 -0.000453949 0.00531816 -0.0041337 -0.00425911 -0.0023036 0.00283527 -0.00750494 0.000495911 0.000619888 0.00192595 0.000648975 -0.00466442 -0.000688553 -0.00205803 0.00309086 0.00768232 0.00595045 -0.00603628 -0.00689554 0.00660801 -0.0026536 0.00177908 -0.00730467 -0.00281811 -0.00687408 -0.0053792 -0.000771999 0.00187731 -0.00527477 0.00061512 0.00454426 0.00471592 0.00345373 0.00247574 0.00404119 0.00414276 -4.48227e-05 0.00428391 -0.000876427 0.000323772 -0.00605106 -0.00662422 0.00426817 0.000352383 -0.00467253 0.00193453 -0.000385761 0.00768375 -0.000127792 -0.00369358 -0.00344467 0.00115681 -0.00308704 0.0017643 0.00101328 -0.00507641 -0.00156164 0.00323963 -0.00501299 -0.00285292 0.00323486
275448 -0.00151205 0.00229931 0.00566149 0.0049448 -0.00577879 -0.000224113 -0.000922203 0.00448179 -0.00646067 0.00539207 -0.000966072 -0.00492334 -0.000433922 -0.00475216 0.00582123 0.00539732 0.0055089 -0.00346041 -0.00754404 -0.00287104 -0.0039649 -0.0072484 -0.00618982 -0.000658989 -0.00730944 0.00387335 0.00711727 -0.00522232 -0.00362349 -0.00651503 0.00608873 0.00289392 0.000236511 -0.0032382 0.00371265 -0.000226021 0.00409555 -0.00375032 -0.00278044 -0.00523758 0.000672817 0.00195837 -0.0040946 -0.00231791 0.00534058 0.00324726 -0.00344467 -0.0066452 0.00589943 -0.000948906 -0.00222301 0.00104284 -0.0021081 -0.00732374 -0.00388384 0.00740337 -0.0024519 0.00145435 -0.00724077 0.00682974 -0.00523567 -0.00125313 0.000576019 0.000258923
172197 0.00382662 -0.00517511 0.00217724 -0.00116777 0.00241613 0.00224829 0.00498867 -0.00714302 -0.00527954 -0.00147629 0.00340176 -0.00504351 0.00482082 0.00665569 -0.00601006 -0.00714397 0.00180531 0.000126362 -0.00551558 -0.00117731 0.000270367 0.00291634 -0.00625849 -5.24521e-05 -0.0060811 -0.00264597 0.00215387 -0.00370932 -0.0028367 -0.0052228 0.00472975 -0.00641251 -0.00693417 0.00680017 0.00192118 -0.0031023 2.81334e-05 0.00653696 0.00292635 -0.00309896 -0.00694132 -0.00741863 0.000293255 -0.00477362 0.00140619 -0.00490618 -0.00631905 -0.00199175 -0.00660896 -0.00383949 -0.00215244 -0.00718451 -0.00478315 -0.00558329 -0.00664806 -0.00560522 0.00772333 -0.00141287 0.00503874 0.00249338 -0.00401402 -0.00756311 0.00116634 0.00408459
311845 0.000100136 -0.000458717 0.00136852 0.00388384 0.00142908 -0.00651312 -0.00743055 -0.00327206 -0.00109768 0.000668526 -0.00583982 0.00633144 0.00777197 0.00066185 -0.00344467 -0.00538397 -0.00208998 0.00259113 0.00507021 0.000503063 -0.000319958 -0.00377464 0.00698185 -0.000133038 0.0038476 -3.76701e-05 -3.91006e-05 0.00178385 -0.00707722 -0.00180864 -0.00650215 -0.0022192 -0.0039587 0.00582075 -0.00349712 -0.00203276 0.00476885 0.00557518 -0.00354815 0.00512028 0.00130796 -0.00413513 0.00576544 0.0043726 -0.00100231 0.00419092 -0.00671434 0.00705957 0.00283051 0.00702429 -0.00470924 0.00763083 -0.00698853 0.00174665 0.00516319 0.0015583 -0.0044837 -0.000294685 -0.00134945 0.00126791 -0.00105953 -0.00151253 0.00633383 -0.00509405
179712 0.000386962 -0.000693604 -0.00349582 0.00370216 0.00188099 0.00273519 -0.00447297 -0.00471344 0.00642027 0.00155546 0.00658581 -0.00374637 0.00636225 -0.00227801 -0.00449071 0.00454204 -0.00293871 0.000474126 0.00764077 -0.000546512 -0.00491458 5.72727e-06 -0.00495484 0.00760779 -0.00259661 -0.000486684 -0.00526915 0.00755117 0.00305511 0.00664718 0.00710764 0.00738392 0.00267373 0.00406111 -0.00756275 -0.00168303 -0.00623321 0.00315332 0.00771594 -0.00528371 0.00622285 -0.00235294 -0.00323578 0.00389343 0.0077346 0.000214267 0.00475996 -0.0051653 0.00235143 -0.00698574 0.000952268 0.007578 0.00379248 0.0068341 0.00481379 0.00228557 -0.00554454 0.00429806 -0.00486791 -0.00444082 0.00346702 0.000313495 3.80458e-05 0.00755958
294943 -0.00586176 0.00050211 0.00423717 0.00536251 0.00645638 0.00464249 -0.00681496 0.00688696 -0.00582647 -0.00132751 0.00552702 0.00192213 0.00615263 -0.0050602 -0.0035882 -0.00693417 -0.00520945 -0.00182915 -0.00631189 0.000771999 -0.00486755 0.00246382 0.00539589 -0.0073595 0.00427103 0.00704813 0.00425434 0.0021286 0.00781155 -0.000455856 -0.0054841 0.0065074 -0.00138521 0.00388908 0.0024972 0.00108051 -0.00290251 0.00103426 -0.00384521 -0.00426674 -0.00357151 0.00708532 -0.00310707 -0.00417376 -0.00185108 0.00760984 -0.0016551 0.0060091 -0.000946045 0.00153494 0.00219345 -0.00603771 0.00111771 -0.00601006 0.00451851 -0.00672817 -0.000952244 0.00400925 -0.00726318 0.00119114 0.0016222 0.00457907 0.00537491 0.00674868
187066 -0.00547314 0.00156832 0.00223875 -0.00754833 -0.00541306 -0.00284576 0.00347281 -0.00495148 -0.00625372 -0.00260019 -0.00493145 0.00609636 0.00518322 -0.00289631 -0.00318432 0.000925064 -0.00571442 -0.00779819 -0.00661278 0.00174046 0.000635624 -0.000292301 -0.000458241 -0.0052886 -0.000655651 -0.00513649 0.00701666 -0.00259256 -0.00461435 -0.00453138 0.00597191 0.00267839 -0.00697517 -5.38826e-05 0.000421047 0.00159836 0.00586414 -0.00651264 0.00739813 -0.000938416 -0.000403881 -0.00554609 0.00616837 0.00590467 -0.0045023 -0.00398922 -0.000900269 -0.000736713 -0.00763178 -0.00609016 -0.00574207 0.00692129 -0.00254774 0.00227976 -0.00677729 -0.00514984 -0.0040741 -0.00165462 -0.00269938 -0.00504541 -0.00676727 -0.00520706 0.00626755 -0.0040288
292221 0.00672436 -0.0067811 0.00718737 0.00327826 0.000269413 0.00174809 0.00556231 -0.00629997 -0.00233746 -0.00474691 0.00261641 -0.000816822 -0.00651264 0.00127554 0.00221682 -0.00145102 0.00664949 0.00256586 -0.00189638 0.0074563 0.00460911 -0.00440121 -0.00630951 -0.0010972 -0.00335264 0.00535631 0.00510406 -0.0024786 -0.0070529 0.00511169 0.00596809 -0.0043745 0.00283003 -0.00537109 -0.00100946 0.00301075 0.00329733 -0.00199318 0.000967026 0.00346565 0.00434542 0.000219822 0.00126982 0.0050025 0.00157452 0.00544739 -0.00706577 0.00363016 0.00506687 0.00187016 -0.00421953 0.000808716 -0.00244808 0.000411987 -0.00117874 0.00378323 -0.00479746 -0.00540876 0.00700045 -0.00731659 0.00158978 -0.00666046 -0.00547409 0.00234032
14192 -0.00311327 0.00520849 -0.00328493 0.0058279 0.00284338 0.000814915 0.0019865 -0.00231552 0.00625801 -0.00242853 0.000919342 -0.00493193 0.000208855 -0.00331831 -0.0053606 -0.00457048 0.00389814 -0.00543499 0.00695324 -0.000421524 -0.00774765 0.00182438 -0.00376463 -0.00189543 0.0023756 -0.00496149 -0.00725222 -0.00122213 0.00424957 0.000122547 -0.00198603 -0.0071125 0.0059042 -0.00183964 0.0031805 0.000648499 -0.00391912 -0.00692129 0.00673914 -0.000118256 0.00710535 -0.00543261 -0.00208616 0.00309896 -0.00525713 0.00561476 0.0048418 -0.00655651 0.00525999 0.00243664 0.00196981 0.000252247 -0.00166464 -0.00383139 -0.0054493 -0.00657082 -0.000833988 -0.00777149 -0.00346279 0.00240374 -0.00470877 -0.000788689 0.00100231 -0.00176191
184065 0.00148201 -0.00302076 0.0031395 0.0071516 0.00508595 0.000184059 0.00309038 -0.00596809 -0.00356913 0.00188446 0.00178671 -0.000175953 -0.000195026 -0.00401258 -0.00482845 -0.00675583 -0.00289106 0.00381327 -0.00438738 -0.00117207 0.00345182 0.00663519 0.00775528 -0.00698137 -0.000713348 0.00636053 0.00324297 0.00529671 -0.00601625 0.00683737 -0.00656843 -0.00581121 0.00356007 -0.00267315 -0.00547218 -0.00234556 -0.00128937 -0.00375032 -9.72748e-05 0.00268316 -0.00350666 0.00236845 0.00400448 0.00236034 -0.00757217 0.00527143 0.00512934 -0.00227404 0.000118256 -0.00393295 0.000222206 0.00644159 0.00453186 0.00514412 -0.00729084 0.00745821 0.00229216 -0.00144911 -0.00470114 -0.00692129 -0.00237799 0.0035882 0.001863 -0.0048914
290263 0.00229168 -0.00171471 0.00409079 0.00648546 0.00196123 -0.00212812 -0.00421762 -0.00679064 -0.00023365 -0.00209284 -0.00640821 -0.00391388 0.005795 0.00404501 0.00146294 0.00148439 0.00517321 -0.00438786 -0.00555277 0.00248957 0.00778151 0.00609541 0.00539303 0.00778389 -0.00642443 -0.00416517 -0.0004282 -0.00224018 -0.00284624 -0.0030942 -0.00427008 0.00706768 0.00492191 0.00235224 -0.00636816 0.00498486 0.00224495 0.00162983 -0.00529051 0.00280714 0.000188351 -0.00619316 0.00400782 -0.00285864 0.00424337 0.00536442 0.00316572 0.0064373 0.0046258 0.00665617 0.00137091 -0.00287008 -0.00256538 0.00387001 -0.00221634 0.00360441 0.00687027 -0.00258541 -0.00638819 0.00398493 -0.00719547 0.0054636 -0.00328875 -0.00341654
44478 0.00458866 -0.000211536 0.000649922 -0.00473613 -0.00374194 -0.000292987 0.00597804 -0.00215998 -0.006806 -0.00120314 0.00380961 0.00557256 -0.00740135 0.00224634 0.00336772 0.00618159 -0.00776908 0.00553713 -0.00529635 3.325e-05 -0.0017244 0.004063 0.00533768 -0.00380352 -0.0007763 0.00595248 -0.00061479 -0.00411947 -0.00590349 -0.0032906 0.000565371 -1.97141e-05 -0.00431017 5.39355e-05 -0.00235099 -0.00544424 0.00556837 -0.00446386 -0.00236912 -0.00102333 0.00680584 -0.00620959 0.00585991 0.00527379 0.000724791 -0.000961217 0.000482334 0.00174441 -0.00531065 0.00341276 -0.00720133 0.00473176 -0.00265031 -0.00767927 0.00642946 -0.00568915 0.00737461 -0.00387921 0.0052249 0.00409134 0.00412479 -0.0039221 -0.0070817 -0.00156779
251986 0.00572413 5.22864e-05 0.00171984 0.00392083 -0.00142259 0.00370102 0.0050017 0.00287151 -0.00738194 -0.0057161 0.00505608 -0.00468866 0.0051325 -0.00455344 -0.00157032 0.00127773 -0.00702621 -0.00102097 -0.00443057 0.0043798 0.00695661 -0.00332058 0.000387983 -0.00187407 0.0069116 -0.00688077 -0.00302891 -0.00398276 0.00417996 -0.00658457 -0.00412857 -0.00385348 0.000552485 0.000594498 -0.00408278 -0.00708806 -0.000269137 0.00337476 0.0072173 -0.00220079 -0.00281035 0.00371755 -0.00607962 0.00545081 0.0071399 0.00279564 0.00654011 0.00475232 0.00103823 -0.00542898 0.000990313 0.00705893 0.00128529 -0.00611121 0.00757883 -0.000190067 0.00607954 -0.00584528 0.00481922 0.00138393 0.000210182 0.00555367 0.00582636 0.00435391
8058 -0.00487041 0.00540161 -0.00739813 -0.00726604 -0.00403023 7.29561e-05 0.00340414 -0.00478745 0.00617027 -0.00255013 -0.00632668 0.00245428 0.00200844 -0.00356197 -0.00766516 0.00397968 0.0026989 -0.00411129 0.00408888 0.0049696 -0.00439739 0.00331259 0.00674868 -0.00147867 -0.000778675 -0.000142574 -0.00568151 0.0023284 0.00762796 -0.00221348 -0.00693035 -0.00476503 0.00530672 0.00637293 0.00128889 0.00316858 -0.000829697 -0.00443268 -0.0013032 -0.00196505 0.00672579 0.00147915 0.0074749 -0.000293255 -0.00596333 -0.00572014 0.00714397 -0.00219679 -0.000673771 -0.00368118 -0.00227785 0.00527763 -0.00163078 -0.0070653 -0.00220299 0.00113535 -0.00248384 -0.00124788 0.00630474 -0.00383568 0.00424767 -0.00617838 -0.00409985 -0.00536346
208224 0.00179979 -0.00139165 -0.00197233 0.00768299 -0.000847595 0.00245252 0.00329822 0.00101273 0.00300541 -0.00187044 0.00484869 -0.00567793 -0.00303629 -0.00577658 -0.0019028 -0.007395 -0.00652979 -0.00722891 0.00341814 -0.000885432 -0.00365518 0.00452366 0.00152987 0.00599785 -0.00190476 -0.00165339 0.00122368 -0.00461138 -0.00721227 -0.0028584 -0.00457823 0.00478076 0.00338417 -0.00355555 0.00301305 0.00513504 -0.00494816 -0.00215338 0.00203712 0.00617477 0.000717664 0.00433156 -0.000364816 -0.00173454 0.00227614 0.00556367 -0.00384174 0.00195332 0.0048054 0.00115556 -0.00620806 -0.00729981 0.00096556 -0.0027777 -0.00270733 0.00314319 -0.000486274 -0.00618055 -0.000235275 -0.00362225 0.00054881 0.0069043 -0.00605469 0.00392332
301255 -0.000609875 0.00176334 0.00320244 -0.00651455 -0.00477886 0.00103664 -0.00015831 0.00729227 0.00688839 -0.00629187 0.00347948 -0.00776339 -0.0045476 0.00168848 0.00582075 9.53674e-07 0.00757456 -0.00595903 0.000896454 0.0075326 0.00209427 0.00409031 0.000954151 0.00551367 0.00188732 -0.00032568 0.00434446 -0.0049963 0.00216866 0.00214672 -0.00110245 -0.00667667 -0.00393057 0.0044198 -0.00164747 0.00183153 0.00177479 -0.00384521 -0.007792 0.0053997 -0.00106859 0.00576639 -0.00594902 0.00311375 0.00235081 -0.00139952 0.00624037 -0.000609875 -0.00677013 -0.00592661 -0.00775385 0.00189924 -0.0015893 0.00675535 0.00264931 0.0023675 0.00664663 0.00231743 -0.000772953 0.00227261 -0.00322533 0.00456858 0.00750256 -0.00299883
316166 0.00116145 -0.00238204 0.00158135 -0.00390343 -0.00519495 -0.00616502 -0.00477578 -0.00671473 0.00252044 0.00527936 -0.00636545 -0.0052315 -0.00442663 -0.00773002 -0.00266375 0.00447581 0.00141379 -0.00377661 -0.00472711 -0.00376333 -0.00185733 -0.00185204 -0.00223098 0.0056911 0.00117969 0.00733264 -0.00231544 -0.0025569 -0.00705764 0.00012371 0.00678739 -0.000427578 -0.00745122 -0.00633263 -0.00782367 0.0043192 -0.0051579 0.000482398 -0.00068554 0.00224798 -0.00216283 0.00729991 0.00632259 -0.00689823 0.00396825 0.0055282 7.77089e-06 -0.00429509 -0.00472075 -0.00114106 0.00389967 -0.00512695 0.00306577 -0.00194264 0.00279082 0.00363134 0.00550754 -0.00758292 -0.00517097 0.0062322 -0.00724704 0.00158063 0.00479948 -0.00705315
292300 -0.00334148 -0.00746173 -0.00584643 0.00700345 0.000620765 0.00235536 -0.000113503 -0.00712523 -0.00198424 -0.000944827 0.00267303 -0.0076849 0.00303796 -0.00572201 -0.0062963 0.00772601 0.00178263 0.00368936 -0.00636103 0.00163299 -0.00689623 0.00621574 -0.00740303 0.0072115 -0.00564297 0.00121755 -0.00104028 0.00685734 0.00778174 0.00169467 -0.00076659 0.0076845 -0.00593511 -0.00214331 -0.00262163 5.1111e-05 0.0043693 -0.00287487 -0.00157853 -0.00457195 0.00176564 0.00252312 -0.00247709 0.00161192 -0.00679608 0.00388993 -0.00534971 0.00424399 0.00260396 0.000316518 0.000531368 0.00412676 0.00406498 0.0022963 -0.00558492 0.00364895 0.00620747 0.0027007 0.000291579 -0.00715459 -0.00385816 0.00462647 -0.00666198 0.00332187
147573 -0.00129557 0.000700474 0.00535583 -0.00576639 0.00763321 -0.00669479 0.000942707 0.000878334 -0.00627327 -0.00399923 0.00339746 -0.00144863 -4.3869e-05 -0.00290728 -0.0072155 0.00351286 -0.00376558 -0.00262356 -0.00477362 0.00529385 0.00335264 -0.00703001 -0.00618696 0.00291729 0.00314236 0.000350475 0.00244474 0.00398207 0.00351524 -0.005795 -0.00451946 -0.00607109 -0.00578213 -0.00411797 0.00324869 3.33786e-06 0.00570583 -0.00444412 0.00378847 0.00724077 0.00697517 -0.0072341 -0.000982285 0.0072279 -0.00461531 -0.00530767 -0.000571251 -0.00052166 -0.00132799 0.00682926 -0.00698471 0.00741863 -0.00154543 -0.00395727 -0.00246191 0.00694656 -0.0045805 0.00130033 0.00619459 0.001441 0.00673532 -0.00294065 0.00393629 0.000549316
274662 -0.00281724 -0.0029117 0.00514994 -0.003965 0.00305809 0.00376374 -0.00718942 0.00436598 -0.00217658 -0.00630759 0.00761667 0.0041998 0.00783932 -0.0024496 -0.000161034 -0.00637698 -0.00414347 -0.00274388 0.00670937 -0.00326302 0.00638184 -0.0063106 0.00198872 -0.00643783 -0.00521576 0.000338343 -0.00547892 -0.00716948 0.00747246 0.00398383 0.00667951 0.00487506 -0.0057682 0.00585972 0.00694965 0.00733912 -0.00219529 -0.00202002 0.00630502 0.00509115 0.00220023 0.00305989 0.00304323 -0.00327375 -0.00335195 0.00220556 0.000354501 -0.00532712 0.00651029 0.00312652 -6.26942e-05 0.00589126 0.00643907 -0.00509425 -0.00669536 -0.00515032 -0.00115828 -0.00437399 -0.00519313 0.000911277 0.00101451 0.00144128 -0.00288786 -0.00407443
305779 0.00502089 -0.00416082 0.00233959 -0.00406188 -0.00249207 0.000549927 -0.00629048 -0.00179499 -0.0049939 -0.00254665 0.0036692 0.00741917 -0.00675292 0.000633488 -0.00305264 0.00315049 0.00387294 -0.00010154 -0.00396181 0.00453785 0.00293435 0.00440838 -0.00575513 0.00325553 0.00672052 0.00451482 0.000675155 0.00100752 0.00772844 0.00267572 0.00511195 0.00126832 0.00329367 0.0067804 -0.00216202 0.00171883 0.00302748 -0.00154418 0.004546 -0.0044737 -0.000490345 0.00355376 -0.00595087 -0.00443502 0.00662521 -0.00381863 0.0068211 -0.00457783 -0.00582747 -0.00245377 0.000905853 -0.00704359 -0.00627921 0.00667011 0.00178557 0.00312165 0.00323758 0.000741641 0.00334172 -0.000711886 -0.00550217 0.00104015 0.00374052 -0.00689403
190132 -0.00395583 0.00338797 -0.002104 0.001216 -0.00641785 0.00507143 -0.0013122 0.000605195 -0.0065713 0.00471407 0.00339565 -0.00151471 -0.00701255 0.00333934 0.00531408 0.00243498 0.000263865 -0.00600336 0.00161608 0.00247781 0.00172378 -0.00236861 0.0024194 0.00144798 0.00604171 -0.00716062 0.00740714 0.00141127 0.000158523 0.000960862 0.00231337 -0.00163985 0.00699732 0.00099563 0.00431181 0.00196978 0.00442838 -0.00130107 0.00487885 -0.00698098 0.00301407 0.00338005 -0.00433213 0.00590881 -0.00419646 0.00101222 0.00466455 -0.000405894 4.77053e-06 0.00618983 -0.00106361 0.00105312 -0.00362808 -6.84928e-06 0.00396621 -0.00271921 0.00295586 -0.00731698 -0.00105401 -0.00313591 -0.00532186 0.00267326 4.02133e-05 0.00372913
95066 -0.000928879 0.00249243 0.000862122 -0.00470829 0.00202417 -0.00026083 -0.00573874 0.00647974 -0.00661421 0.00530624 -0.00485182 0.00712061 0.00522423 -0.00508165 0.00680256 0.00107622 0.00375223 0.00744915 0.00666475 0.00344324 0.00349665 0.000801086 0.00372505 -0.00330305 -0.00105333 -1.14441e-05 -0.00676823 0.00594616 0.00420189 0.00178576 0.00156736 0.0037446 -0.00103951 -0.00127506 0.000123024 0.00335407 -0.00674629 -0.00694227 0.00602531 0.0040226 -0.00636196 0.00409126 -0.00771856 0.00654602 0.00512409 0.00201082 0.00334454 -0.00293589 0.00780392 0.00597477 0.00489092 -0.007658 -0.00441456 -0.00165558 0.0044508 -0.00237131 0.000368595 0.00221062 0.00293541 0.00158501 0.00156355 0.00532818 0.00118685 -3.33786e-06
284498 0.00367546 -0.000503063 -0.00338411 0.000897408 -0.00565434 0.00599432 0.0065341 0.00281048 0.0030756 -0.00326633 0.0063796 -0.00751543 0.00427628 0.00362015 0.00694513 0.000712395 -0.00575924 -0.00234509 0.00255203 -0.00301933 0.0013113 0.00213718 -0.00134182 0.00528145 -0.00053978 0.00588655 0.00708675 0.00309801 0.000182152 0.000211716 -0.00137568 0.00151157 -0.00395441 0.00242376 -0.00195742 -0.00655746 -0.00045681 -0.00100565 -0.00120878 -0.00390434 0.00684643 -0.00071907 0.00742388 -0.000370026 0.00510311 -0.00770473 0.00437164 0.0012455 -0.00649977 -0.00256157 0.00612926 -0.000802517 -0.00388145 0.00167799 -0.000153065 0.000944614 0.00554085 0.00533628 -0.00211477 -0.0019393 0.00711918 0.000226021 -0.00104284 -0.00663662
317882 0.00726644 -0.00709977 -0.00594095 0.00164991 -0.00324606 0.00624042 0.0067524 5.8086e-05 0.00721672 -3.49487e-05 -0.0057701 -0.000298286 0.00367543 0.00302323 0.00338103 -0.0047989 0.00621554 -0.00758045 0.00400877 -0.00404544 -0.00400672 -0.00231096 -0.00438436 0.00447342 -0.00188295 -0.00166272 -0.00366833 0.00479551 0.0075031 -0.000826534 -0.00302518 -0.000803045 0.0074122 0.00670043 0.00303281 -0.00117446 -0.00125988 -0.00497932 -0.00256513 0.00700611 0.00782961 0.00602409 -0.00567024 -0.00484303 0.00535593 0.00406138 0.00149176 0.00210429 0.0033113 0.00444954 -0.00211028 -0.000628213 -0.00514171 0.00215923 -0.0053639 -0.00376397 0.00511378 0.00157195 0.00537931 -0.00568295 -0.00443144 0.00199877 -0.0070457 0.00308082
258282 -0.000639915 0.00468731 -0.00580311 0.00458431 -0.00363445 0.00628853 0.00538635 0.0009408 -0.00174618 -0.00313902 0.00168562 0.00355816 -0.00648451 0.00592709 0.00158978 0.00187349 0.00393772 -0.00381756 0.00242233 0.00549936 -0.00386286 0.0069747 -0.00475216 -0.00500154 -0.00661755 0.00404882 -0.00571871 -0.000422478 0.00635719 -0.00633669 -0.00758362 -0.00346899 0.00307369 -0.00174809 -0.00332642 0.00694227 0.00534391 -0.00139332 -0.00729752 0.00434256 0.000775814 0.00224972 0.00775862 -0.00478601 0.00768661 -0.00077343 -0.00371599 -0.00258732 -0.00246525 -0.00376034 -0.00122833 -0.00585461 -0.00335979 -0.000277519 0.00116253 -0.00417328 -0.0063405 -0.00184679 -0.00767088 0.00620365 0.00584793 0.00171232 0.00627518 -0.00618172
312410 -0.00693512 0.00206995 0.00597239 -0.00667334 0.00380611 0.0041728 0.00484371 0.000238895 -0.00777388 -0.00719452 0.00156832 0.00235176 0.00292921 0.00142431 -0.000795364 -0.00105762 0.00623989 0.00541973 -0.00317764 0.00723648 0.00260878 -0.00520945 0.00587654 0.000973225 0.00699472 -0.00472403 -0.00485229 -0.000667572 0.000622272 0.00229979 0.00398254 0.00104618 -0.00779629 0.00301552 -0.000478745 -0.00242233 -0.00521517 0.00393963 -0.00108624 -0.00542355 -0.00220633 0.00508451 0.000947475 -0.00576448 0.00608015 -0.00567198 -0.00190496 -0.00724459 0.00677872 -0.00331974 0.00403118 -0.00756931 -0.00172329 0.00218487 -0.00738382 0.00442171 0.00462151 -0.00538063 -0.00408745 -0.00513935 0.00652933 -0.00152588 0.00721741 0.000357151
258872 -0.00642633 0.00700474 -0.000816822 0.00617218 0.0062151 0.00571585 -0.00011301 0.000627518 -0.0027442 0.000936508 0.00566387 0.00214243 0.00637722 0.0022254 0.00169468 0.00372076 -0.00703144 -0.00672865 -0.00583553 0.00627422 -0.00721979 -0.00373268 -0.00314522 0.00748158 0.00611305 -0.00119543 0.000982285 -0.00743008 0.00182247 0.00451326 -0.00384569 -0.00315571 0.00734901 0.00774765 -0.00687218 0.00509882 -0.00281572 -0.00270891 0.00685978 0.00773716 0.00310659 -0.00749683 -0.00258207 -0.00563908 0.00233746 -0.00186491 -0.00713634 0.00152969 0.00696516 0.00623655 0.00104809 -0.00455189 0.00453281 -0.00612068 -0.00306368 0.00315952 0.0012579 -0.00175524 -0.0013504 0.00738049 0.00528049 -0.000948906 0.00321484 0.00292492
147017 -0.00170755 0.00237131 -0.00166559 -0.00451708 -0.00144243 -0.00669003 -0.00695086 -0.00305033 -0.00194645 -0.00465488 0.00234461 0.00119114 0.00175381 -0.00244331 0.0067091 -0.00555086 -0.00136042 0.00316286 -0.00643539 -0.000102997 -0.00127411 0.0074687 -0.00779915 0.00741339 -0.00306702 0.00239658 0.00601673 0.00684738 -0.00191355 0.00320244 0.0036912 0.00708914 -0.0048666 0.00704622 -0.0019083 -0.00641346 0.00360155 0.00402212 -0.000457287 0.00350952 -0.00248051 -0.00281 -0.002738 0.00556946 0.00607204 -0.0040307 0.00558376 -0.00193024 -0.00254726 0.00192928 0.000656605 -0.00342464 -0.00329781 -0.00178719 0.00298405 -0.00335169 0.00148201 -0.00711489 0.00649261 0.00491381 0.00194931 0.00243711 -0.00612879 0.0051527
301296 -0.0031105 -0.00556335 0.00457991 -0.000454566 -0.000714175 0.0040417 -0.00547174 0.0074493 0.00281373 0.00486487 0.00345854 0.00566566 -0.00518068 3.17698e-05 0.00405825 0.00404563 0.00304056 -0.00746019 0.00181934 -0.00678069 -0.00214186 0.00105661 -0.00754075 0.00146462 -0.0065649 0.00168606 -0.00337552 -0.000638197 0.00103648 -0.00649139 0.00658113 0.000228853 0.00373626 0.00334878 -0.0040391 -0.00252353 -0.002665 -0.00510095 -0.000892455 -0.00380921 0.00090863 -0.00280702 -0.00727597 -0.00113467 0.00350835 -0.00343379 0.00652406 -0.00423187 0.00103816 -0.000210656 0.005892 -0.00306335 -0.00494768 -0.000430873 0.00746229 -0.00261543 -0.000268869 0.00148326 0.00187701 0.0032702 0.00421363 -7.78615e-05 0.00219742 0.0027596
169969 0.00217104 -0.00251961 -0.00470495 0.00201035 0.00321341 0.00465202 0.00729895 -0.00417328 -0.00389194 0.0034194 -0.00273275 -0.00208378 -0.00106859 -0.000967503 0.00710011 -0.00484133 -0.00606775 0.00496006 0.00280905 -0.000905037 0.0065484 0.00423527 0.00612593 -0.00183296 0.00189543 -0.000115395 -0.00157213 -0.0021863 -0.00136518 -0.00620604 -0.00703955 -0.00049448 -0.0045681 0.00680065 0.00730228 -0.00365305 0.000533104 -0.00500202 0.00393867 -0.00742483 -0.0059495 -0.00620747 -0.000375748 -0.000407696 0.00411224 0.000940323 0.00516558 0.000225067 0.00145674 -0.00738287 -0.00370502 0.00573158 -0.0032382 0.0056119 -0.0008564 -0.00587654 -0.00158739 -0.00780058 0.00661087 -0.0050602 -0.00375795 0.00579309 -0.00336361 -0.000321388
147236 0.0039647 0.00204595 0.00305431 -0.00575001 -0.00233857 0.000991898 -0.00563471 -0.00412001 0.00186187 0.00433698 -0.00429765 -7.48264e-05 0.00432891 0.00706152 0.0055836 0.000670722 -0.00211775 -0.00222604 0.00305917 0.0070527 0.00226069 0.00536487 0.00241453 -0.00180978 0.00498035 -0.00725031 -0.00229504 0.00617833 0.00263224 -0.000675319 0.00514087 0.00455561 0.00276361 0.00427315 -0.00194371 -0.00651757 -0.00339012 0.00653662 0.00509409 0.00680043 -0.00315184 -0.00359802 -0.0054797 -0.00543603 -0.00578986 0.00214508 0.00295708 -0.006431 0.00587852 -0.00366503 0.00617975 -0.00729738 0.00629294 0.000815209 0.00604551 -0.000470479 0.00749221 0.0036506 0.00299114 -0.00432821 0.00137273 -0.00405314 0.000131339 0.00703865
311002 -0.000426769 0.00668383 0.00539875 0.00680542 -0.00688457 0.00670481 0.00535631 0.00248528 0.00470018 -0.00274706 0.0026927 -0.00576305 -0.00675821 -0.00220394 -0.00279522 -0.00112629 0.00261593 -0.00115061 0.00185061 -0.0012722 0.00141716 0.000471115 0.00541544 -0.00552559 -0.00668335 -0.000785351 0.00436354 0.00519037 0.00104618 -0.00273323 -0.000133514 0.00734806 0.00359821 0.00593996 0.00444889 -0.000244617 0.00779581 -0.00775099 0.00111437 -0.00136137 0.00569677 0.00636673 -0.00685835 -0.00636244 -0.00101995 0.00118494 -0.00633287 -0.00297594 -0.00196123 0.00365639 -0.000507832 -0.00182819 0.00504732 -0.0071125 0.00135851 0.00246239 -0.00190115 0.00403643 -0.00300121 -0.00210333 0.00381088 0.00048542 -0.00328636 -0.00263786
200199 -0.0057559 0.00209093 0.0034008 -0.000189781 -0.00759363 -0.00364113 0.00366926 0.00267506 -0.00281429 -0.00465488 -0.0011692 0.00254536 0.00261259 -0.000497818 0.00303268 0.00703144 0.00354147 -0.00309753 0.00607491 -0.00515318 -0.00296926 -0.00656891 4.48227e-05 0.00330162 -0.00349236 -0.000750065 0.00481939 -0.00103521 0.00549841 -0.00161314 0.00405836 0.00757837 -0.000736713 -0.00138855 -0.00762081 0.00272465 0.00173664 0.000963688 -0.00155544 -0.00191927 -0.00638676 0.00172091 0.00341415 -0.000985146 0.00460815 0.00678253 -0.00551033 -0.00727177 0.000733376 -0.000603199 -0.00512314 0.00769997 -0.00226641 -0.00254202 -0.00260258 -0.000235081 -0.00409174 0.000658989 0.00244522 0.00182915 -0.00440884 -0.00500488 -0.00622463 -0.00232172
92674 0.00099802 0.00239468 0.00594044 0.00376463 0.00610542 -0.000775814 0.00748587 0.00691605 -0.00473452 0.00394535 0.00372887 0.00748682 -0.000910282 0.00141525 0.00509882 0.00339699 0.00393867 0.00411701 -0.0007658 -0.00730848 0.00554943 -0.0040679 -0.00529194 0.00195074 0.00513268 -0.00376368 -0.00669432 -0.000564098 0.00409937 0.00556517 0.00560999 -0.00283051 -0.00112057 -0.00749779 -0.00192451 -0.00229216 0.000732422 -0.00446939 -0.00429058 -0.00393486 0.00389385 -0.000488281 -0.00582838 0.00503874 0.00507975 0.00427055 -0.000835419 0.00189447 -0.00230312 0.00745821 0.00316763 -0.000957966 -0.00309896 0.00667143 -0.00135756 -0.00396967 0.00322628 -0.00700331 -0.00598526 -0.000130653 0.00781107 -0.00591707 0.00655365 -0.00399303
318195 -0.00619602 -0.00171232 -0.00154018 -0.00553131 0.00574017 0.00550461 -0.00409794 0.0022378 0.00708818 0.0049572 -0.00205278 -0.000490189 0.00400496 0.000574589 -0.00675964 0.00527525 -0.000739098 -0.006392 0.00388098 -0.0026412 0.00436068 -0.00377464 0.00560999 0.00674915 0.00194979 0.00137377 0.00311804 -0.00490141 -0.00720978 -0.00173616 0.000218868 0.00709677 0.00375795 0.00564861 0.0030756 0.00347328 0.003654 -0.00650263 -0.000652313 0.00696611 -0.00609493 -0.006639 0.00456905 -0.00174904 0.0021944 0.00240803 -0.00637674 0.00666952 -0.00389957 -0.00295258 -0.00386381 0.00463724 0.00727987 0.0048728 0.00176764 0.00367832 -0.00109577 0.00396824 0.00109625 -0.00776863 0.00125504 0.00455427 -0.00441122 0.00379229
202262 0.00133332 0.0038901 0.00545483 0.00241155 0.00190505 -0.00239223 0.00267313 -0.000917251 0.00175422 0.00371818 0.00114377 -0.0074886 -0.000367273 0.00180744 -0.00364227 0.00652102 -0.00724127 -0.00683907 0.00348196 0.00614728 -0.00570245 0.00599968 -0.00574421 -0.00504404 -0.00685194 0.0024396 -0.00276483 -0.00211744 0.0065755 -0.00496411 0.00699486 -0.00198644 0.00740145 0.00143267 -0.00325488 -0.000253524 0.0015858 0.00463045 -0.00761623 0.00606936 0.0069685 0.000343744 0.00344162 0.00427711 0.00555483 0.0021454 0.00283563 -0.00298106 -0.00469897 0.00767628 0.000237115 0.00222196 -0.00550571 -0.000155356 -0.00435312 -0.00392897 0.00085328 0.00181688 -0.00163522 0.00256122 0.00702251 -0.00581057 0.00733715 -0.00659104
313480 -0.00243535 -0.0057185 -0.00320936 0.00339993 -0.00261823 -0.0030529 0.00689603 0.000153934 0.00302987 -0.00223691 -0.00621268 -0.00745622 0.00728992 0.00218775 0.0042843 -0.00681137 -0.00448587 0.00713753 0.00496069 -0.00714117 -0.000378978 -0.00212956 -0.00749984 -0.00147616 -0.00729702 -0.00498274 -0.00668085 -0.00372298 -0.00543146 0.00655821 0.00603355 0.000887228 -0.00449847 -0.00216916 0.00743622 0.00526264 -0.0066497 -0.000450186 -0.00314608 -0.00782072 0.000400276 -0.00155024 -0.00128869 -0.00598532 0.00138098 -0.00338855 -0.00282915 0.00197484 0.00249904 -0.00706133 0.00288762 -0.00699705 -0.00539345 0.00718807 -0.00746529 0.00129615 0.00353384 -0.00616989 -0.00035809 -0.000169348 0.00150994 0.0010052 0.00236491 0.0075119
317855 -0.00455202 -0.000767216 -0.00307418 -0.00334865 0.00273642 0.00155882 -0.00440177 0.00027619 -0.00440114 -0.00756019 -0.0044249 -0.00212477 -0.00636514 0.00659795 -0.000946301 0.00606795 -0.00477804 0.000918122 0.00756305 0.0016912 0.00548391 -0.000833404 -0.00689904 -0.00527198 0.0069257 -0.00197375 0.00125202 0.00223439 0.00727024 0.00443569 0.000878499 0.00769959 -0.00722439 0.00505706 -0.00666735 -0.000281077 0.00125559 0.00360855 -0.00426303 0.0030797 0.00194196 0.00468418 0.00607858 -0.00697564 -0.000783071 0.00236477 0.0015731 -0.0041966 0.00136626 -0.00763489 -0.000725061 0.00164341 0.00453173 0.0034291 -0.00303788 -0.00740928 -0.00635487 -0.00492328 -0.00478023 0.00769863 0.000219812 -0.00732923 -0.00407183 0.0029723
254629 0.000287001 -0.00624114 0.00690752 0.00484381 0.00513951 0.00167414 -0.00540395 0.00210949 0.003249 0.000887521 0.00268463 -0.00102607 -0.00438283 -0.00360724 0.0017565 -9.37459e-05 0.00289868 -0.005602 0.00241404 0.00648883 0.00494621 -0.00186323 -0.00338992 -0.000104891 0.00284463 0.00713954 0.00745644 0.00421557 -0.00614766 -0.000532759 0.00279099 0.00245726 0.000562338 -0.00565187 -0.00157987 0.00192312 -0.00703806 0.00316282 -0.00446814 0.00625407 0.000169786 -0.00288755 0.00220248 0.00353212 0.000906798 -0.00306544 0.00196738 0.00762067 -0.000880348 0.00640201 -0.0075988 -0.00196965 -0.00231536 0.00415351 0.00560463 -0.00190821 -0.0030778 -0.00273843 -0.00115816 -0.00489396 -0.00482614 0.00736641 -0.00461004 0.00675908
178306 -0.00608804 0.00760535 0.00449805 -0.00408503 -0.000404548 -0.00469432 0.00638584 0.000504464 -0.00494286 -0.00276082 0.00340767 -0.0058227 -0.00439167 0.00764387 -0.00564315 -0.000137232 0.00621404 -0.000194316 0.00423266 0.00458488 -0.00118798 0.00653643 -0.0041511 0.00696055 0.00235134 -0.00553654 0.00613047 -0.00147169 0.0049612 -0.00550184 -0.000355651 -0.00721669 -0.00325269 0.00714971 -0.00353739 0.00714058 0.00643819 -0.00761836 -0.00516191 -0.00738275 0.00718803 -0.00721959 0.00276244 0.00433997 0.000429391 -0.00310173 0.00779029 -0.0039059 -0.00483861 -0.00360124 -0.00688466 0.00679201 0.0022026 0.00153941 0.00732623 0.0068064 -1.2038e-05 -0.000121836 0.000762223 0.00129129 0.00185373 -0.00281669 0.000336892 0.00684513
276260 -0.00312505 0.000392917 0.00614848 -0.00725755 0.00432041 0.00380253 -0.00518448 -0.00196576 -0.00518409 -0.00552315 -0.00588853 0.00482452 -0.000990157 0.00630646 -0.00190897 0.00752718 0.000594192 0.00587886 0.0046436 0.000891347 -0.00422533 -0.00325068 0.00700152 0.000840429 0.00368662 0.00246177 -0.000706034 0.00507147 0.00517795 0.00023021 0.00294922 -0.00607298 -0.00169522 -0.0011072 0.000107059 0.00301404 -0.00650156 0.00411473 -5.5193e-06 -0.00769828 -0.00412181 0.000885522 0.00015406 -0.00267925 -0.000427287 -0.00462422 0.00487331 0.00587541 -0.00348827 -0.0058386 0.00452084 -0.00208628 0.00737574 -0.00450751 -0.0012926 -0.000192299 -0.00267644 -0.00543135 -0.00054959 -0.00459708 -0.00343345 6.71911e-05 0.00271345 -0.000677255
260221 0.00687885 0.00167418 0.00525999 -0.0057025 -0.00109339 -0.00591469 -0.00675535 0.00528431 0.00284433 -0.00182867 -0.00574493 -0.0016675 0.0040617 -0.00293541 -0.0051589 0.00125265 0.00495672 -0.00653124 0.00246286 -0.00709009 -0.00344944 -0.00360537 0.00718355 0.00585032 -0.00244379 0.00323153 -0.00308132 0.00429296 -0.00167751 0.00400114 0.000363827 -0.00207615 -0.00137997 -0.00440788 -0.0010891 0.000393867 -0.00770092 0.00157976 -0.00582409 -0.00391865 -0.00597477 0.00729847 -0.0056839 -0.00723648 -0.00761652 -0.0067296 0.00263739 -0.00435543 0.00267553 -0.00771141 0.00605059 -0.00399828 -0.00567293 -0.00612259 -8.10623e-06 -0.00260353 0.00685883 -0.0035677 0.000501633 0.000842094 -0.00504494 -0.000489712 0.00194597 0.00312376
99210 -0.00215864 0.00219727 0.00294733 0.00778198 0.00162649 0.00314903 -0.00348186 -0.00641346 -0.00393057 0.00573587 8.05855e-05 -0.00374031 0.000679016 -0.00737047 0.00574398 -0.00172234 -0.000893116 -0.00172949 0.00464773 0.0012536 -0.00576448 -0.00644875 -0.00300694 0.00698566 -0.00206804 -0.00760031 0.000943184 0.000427723 -0.00401163 0.000856876 0.00326824 0.00440168 -0.000908375 -0.000425816 0.00553894 0.00245047 0.00160122 0.00220776 -0.000633717 0.00276995 0.00584459 0.00562525 -0.00675106 -0.00726557 -0.00378513 -0.000589371 0.00264549 -0.00553179 0.00515652 0.0068326 0.000830173 0.00222158 -0.000936508 -0.00336742 0.00778151 -0.00362349 0.00743771 -0.00282812 0.0021615 0.00234318 0.00457621 0.00229836 0.00550222 -0.00145149
60447 -0.00149097 0.00041753 -0.00750009 0.00109539 0.00751787 -0.00223579 0.0069911 0.00467245 0.0060987 0.00695805 -2.86028e-05 -0.00299277 0.0025042 -0.00221989 -0.0028866 -0.00747722 0.00190254 0.00116514 -0.00543592 0.00762774 0.00526511 -5.30647e-06 0.000426309 -0.002821 -0.00459901 0.00463764 0.00558058 0.00533762 0.00199341 -0.00628895 -0.000548722 0.00529767 -0.00681412 0.00550045 -0.00626927 0.00454936 -0.00308171 0.000238313 -0.00134705 0.00324289 -0.00347405 -0.00262487 -0.00301152 0.00731342 0.00510215 -0.000966084 -0.00132771 -0.00775709 0.00340118 -0.000848443 -0.000355812 -0.0057097 0.00279724 -0.00406817 -0.00464273 0.00143872 0.00132719 -0.00371408 -0.00533935 -0.00774514 -0.00590781 0.00748503 -0.00265808 0.0047652
215872 -0.00185698 0.00281572 0.00599319 -0.00291853 0.00358723 -0.00058311 0.00431429 -0.00567101 -0.00590885 -0.000788682 0.00570051 0.00623524 -0.000656493 -0.00585588 0.00589626 0.00117668 -0.00672712 0.00657313 -0.00479844 0.0014065 0.0069959 0.00382873 0.00249863 -0.0073184 0.00390211 0.00411804 -0.002612 0.00766975 -0.00358703 -0.00674733 0.000546995 0.000342308 -0.00211628 1.16162e-05 0.00755246 -0.00587762 -0.00743593 -0.00280588 -0.00174295 -0.00358339 0.00151272 0.007204 -0.00210047 0.00713356 0.00517353 0.00106279 0.00778852 0.00252693 0.00431268 0.00111969 0.00556583 0.00478882 -0.0050756 0.00734279 0.00618401 -0.00652351 -0.00130173 0.000967915 0.00768031 0.00210023 0.0022699 0.0060495 0.000571624 0.00223574
216444 -0.00558006 0.00774788 0.00566296 -0.00520776 0.000540048 0.00609833 0.00613267 0.00426774 0.00737568 0.00360071 0.00566912 0.00696571 0.0049663 0.0020345 -0.0016948 0.00257659 0.00767624 -0.00462247 0.00533913 -0.00437182 0.000269389 0.00125188 -0.00410104 0.00205534 -0.00154389 -0.0056454 0.00174469 0.00359838 -0.00119371 0.00239951 -0.00583371 -0.00290519 0.00661768 -0.0065312 0.00507362 -0.00218249 -0.00460736 0.00319947 -0.00300925 0.00430885 0.00164898 0.00547253 -0.00399359 0.00240114 0.00606283 0.00628657 -0.0074316 -0.00055381 0.00749338 0.00525154 -0.00185636 -0.00426706 0.00330601 0.00737525 -0.00207372 -0.00704181 0.00176996 -0.00482919 3.95784e-05 -0.00704513 -0.00212043 -0.0028507 -0.000876457 -0.00563979
273952 -0.00750113 0.00595713 -0.00750351 0.00135899 0.0011344 -0.00762129 0.00733995 0.00592041 0.00715494 0.00197935 -0.00394821 0.00514507 -0.00622416 0.00289869 -0.00455904 -0.00159264 -0.00631762 0.00320053 0.000698566 -0.00469112 -0.00627136 -0.00389004 -0.003088 -0.00522757 -0.00695276 0.00213861 0.00507545 -0.00269413 0.00510311 0.000586033 0.00734234 -0.0047307 0.00514412 0.00383568 -0.000918865 0.00314188 0.00421524 0.00441647 0.00122261 -0.00549555 0.00118732 0.00138617 -0.00078249 -0.00476265 -0.0060339 -0.00774479 0.00146627 -0.00348711 0.00445938 -0.00362015 -0.00396347 -0.000408173 0.00158644 -0.00395775 -0.00146341 -0.00337076 0.00504494 0.00177383 0.00119972 -0.00363588 0.00410938 0.00314379 0.000434875 -0.00734186
218888 0.00548632 -0.00409905 0.00668123 0.000358602 0.000346324 0.00316853 -0.0052578 -0.00589881 -0.00619394 -0.000256734 -0.00353559 -0.000902423 -0.00508787 0.00156503 -0.00503638 -0.00187788 0.00141225 -0.00465138 -0.00402904 -0.00221582 0.00381832 9.65474e-05 -0.00176085 -0.00505231 -0.00611835 -0.00038678 0.00163091 0.00063996 0.00343724 0.00638399 -0.00338268 0.00238517 0.00253305 -0.00547555 -0.00542642 0.00541862 -0.00550906 -0.00500095 -0.00597755 0.004744 -0.00344058 -0.00360186 0.00763132 -0.00434331 -0.00588977 0.00681344 -0.003069 -0.000704675 -0.00546253 -0.00157025 -0.00557276 -0.00588908 0.00221822 -0.00323566 -0.00316338 -0.00652165 -0.0048022 0.00466079 0.0014146 0.00463859 0.00523252 0.00745974 0.00404945 0.000679569
264429 0.00715208 -0.000378609 0.00228596 -0.00109386 0.000913143 -0.0025878 -0.00549412 0.00270271 0.00671434 -0.00569582 0.0031395 -0.00524092 -0.00158644 -0.00488615 0.00238609 0.00340796 -0.00487328 0.00741386 -0.00174856 -0.00756073 -0.00770521 0.00141525 0.000492096 0.00328255 -0.000714302 -0.00200891 -0.00656843 0.00223351 0.00531387 -0.000795364 0.00476742 0.0025506 0.000134945 -0.00087595 0.00430536 -0.00780869 -0.00369978 -0.00758886 -0.00263643 0.00262403 0.00755453 -0.000274658 -0.00209379 0.00573921 -0.007339 -0.00382519 -0.00384235 0.00555277 0.000484943 -0.00377178 -0.00362825 -0.00390959 -0.00562668 -0.00617838 0.00513315 -0.00409985 -0.00208855 -0.00454521 -0.000997543 0.00245667 -0.00678778 0.0012517 0.00186539 -0.00121593
312170 -0.00491762 -9.20296e-05 0.00393057 -0.00382471 -0.00216627 0.00438023 -0.0066309 -0.00465536 -0.000662804 0.00673246 0.00439644 0.00613832 0.00222063 0.0039978 -0.00031805 -0.00749111 -0.00633192 0.00472403 0.0065074 -0.0077343 0.00686169 -0.00382185 -0.00357246 -0.00295258 -0.000109196 0.000636578 0.00598717 -0.00172234 -0.00108433 -0.00239229 0.00386858 0.00330925 0.00705051 -0.00334024 0.00202751 0.00563574 0.000733852 0.00646162 -0.00568628 -0.00537491 -0.000561237 -0.00280619 0.00138044 0.00428438 -0.000758648 -0.00742197 -0.00711155 0.00525665 0.00609064 -0.0019536 -0.0029459 -0.0010643 0.00618076 -0.00494719 -0.00333595 -0.0071044 -0.000105381 0.0049262 -0.00025177 -0.00222111 -0.000787735 -0.000867844 -0.00660658 0.00608253
151119 0.00580884 0.00304728 -0.0029096 -0.000809404 -0.00605782 -0.00136631 0.00150883 0.00586834 -0.00450653 0.00334025 -0.00349814 -0.00749473 -0.00349903 -0.00605969 -0.0077652 -0.00161605 -0.00755765 0.00719657 -0.00373032 0.00232296 -0.00631633 0.00390706 0.00222844 -0.00743072 -0.00598433 0.0032127 -0.00564485 -0.00710208 -0.00407326 -0.00329869 0.00518083 0.0043605 -0.00665919 0.00518429 0.00048853 0.00207459 0.00668775 0.00792593 0.00703005 -0.0048985 0.0076654 -0.00188323 -0.00531903 -0.00646907 6.7446e-05 0.00473163 0.00433271 -0.00382899 0.00288317 0.00428531 -0.000475837 0.00373588 -0.00460076 0.000435371 -0.000618638 -0.00301661 -0.00442663 -0.00652799 0.0017658 0.00644638 -0.000403661 -0.00760669 0.00167135 0.00270164
80820 0.00513161 0.00770727 0.00607621 0.00731203 -0.000363421 -0.00612311 0.00646581 -0.00196797 -0.0045961 0.00490246 -0.00110867 -0.00132201 -0.00552258 0.00124538 -0.00639672 -0.000826988 -0.00511426 -0.00407055 -0.00154012 0.00429478 0.000365461 0.00493653 -0.00491448 -0.0016496 0.00359825 -0.00674873 -3.96397e-05 -0.00189961 -0.000300572 -0.00070668 -0.0030753 -0.00232221 -0.000608834 0.00358411 0.0047643 -0.00767535 0.00512491 0.00617411 0.00258087 -0.00489265 -0.00256536 0.00371552 -0.00640149 -0.00119164 0.00462707 0.00242267 -0.00710873 -0.000496887 0.005833 0.00777253 -0.0010855 0.00412597 0.00611834 0.0020453 0.00206026 -0.00317005 0.00297359 0.00746572 -0.00440005 0.00527546 -0.00569568 -0.00464901 -0.00485383 -0.00740968
319603 -0.0014019 0.00445461 0.000869751 -0.0037508 0.00223064 -0.0041523 0.00241423 0.00557327 0.00729513 -0.00651789 -0.00769424 -0.000249386 0.00213861 0.00717258 -0.00664949 -0.00333166 -0.00368214 0.00639772 0.00388575 0.00326109 0.00439978 0.00323105 0.00683594 -0.000511169 -0.00432348 -0.00221395 -0.00673866 0.00235891 0.00656366 0.00054121 0.00577545 -0.00142717 -0.00471401 -0.00567341 -0.0037384 -0.00469446 -0.00501394 0.00345898 0.00326443 -0.0066824 0.00423384 -0.00780487 0.00598145 0.00691175 -0.000790119 -0.00565004 0.00711012 -0.00256777 0.00652552 -0.00686502 -0.00164604 0.00107241 -0.00404119 -6.53267e-05 0.00145864 0.00518322 0.000822067 0.00732517 -0.00516272 -0.00552416 0.00648689 -0.00056839 -0.00321627 0.00256491
309797 -0.000700635 0.00735094 0.00602858 -0.00358721 -0.00325325 0.00264413 0.00738043 0.00777095 0.000294047 0.00573746 -0.00362582 -0.00587327 0.00182861 0.000820569 0.00471277 0.000371464 -5.01132e-05 0.00388026 -0.00410164 -0.00347427 0.0065706 -0.00509749 -0.0010947 0.00453379 0.0076845 0.00458946 -0.000232184 0.00188021 0.00468377 0.00334899 0.00387688 -0.00107484 0.00573435 0.00329735 -0.00439692 0.00636698 -0.00133156 -0.0060163 0.00784713 -0.00378824 -0.00676139 -0.00373389 0.000588098 -0.00341418 -0.00653018 -0.00298887 -0.00614081 -0.00454692 0.00429626 -0.000100239 -0.00703454 0.00350758 -0.00702061 0.00183183 0.00210482 -0.0045927 0.0070473 -0.00751295 0.00528519 -0.00239049 0.00483181 0.00369546 0.00612743 0.00489199
147978 -0.00361252 0.00732231 0.00675344 -0.000536919 0.00132704 0.00438547 0.00118494 0.00726748 -0.00193787 0.00765944 0.00709963 0.0029211 -0.00121498 -0.00472212 0.00227213 -0.00384092 0.00143623 -0.00713253 -0.0021925 0.00474644 -0.000127316 -0.000746727 0.00325251 -0.00158453 0.00682449 -0.00657225 0.00620031 0.000975132 0.00516176 0.0027709 0.00301027 -0.00145578 0.000817299 0.00156498 8.29697e-05 -0.00283623 -0.000854969 -0.00522518 0.00667667 0.00274801 -8.34465e-05 -0.00635052 0.00120687 0.00100088 0.00462246 0.00374222 0.00139809 0.00712681 0.00628614 -0.00248289 0.00146675 -0.00265169 0.00231504 0.0077796 0.000464439 -0.00482464 0.000612259 0.00158834 -0.00566578 -0.000554562 -0.00303268 -0.000985622 -0.000450611 -0.00417423
229130 0.00336988 0.0026278 -0.00344965 0.00441385 -0.00441591 -0.000827501 0.0012334 -0.00110446 0.00106683 0.00489276 -0.00258909 -0.00626111 0.00699341 -0.00503069 -0.00107678 -0.0062983 0.00383878 0.00104287 -0.00767196 -0.00595556 0.000782239 -0.00307217 -0.00311227 0.00542629 -0.000766846 -0.000888553 0.0064893 -0.00424564 -0.00339486 0.00175557 0.00619744 0.00487352 0.00525406 -0.000542057 -0.00106517 -0.00548022 0.00338083 0.000485018 -0.00113997 0.00363697 0.0051124 0.00169545 0.0076838 -0.000846688 -0.00438166 -0.000343175 -0.00761854 0.00663105 -0.00370995 -0.00597956 0.00336815 0.00686169 0.00485647 -0.00574317 0.00124165 -0.00614239 -0.000684992 0.00279058 -0.00133394 -0.00780125 -0.00161134 0.000334883 0.00766534 -0.00585532
55501 -0.00607395 -0.000251293 0.00759172 0.00277615 -0.00224495 -0.0072298 0.00268412 0.000996113 0.00168657 -0.00522089 -0.00532293 0.00361109 0.000742912 -0.00285006 0.000296593 -0.00537348 0.00273323 0.00158072 0.00239992 0.000684261 0.00228977 0.0073185 -0.00385809 -0.00503922 -0.00106096 0.00153112 0.00275612 0.00611448 0.0059886 -0.00470066 -0.0061655 0.00210047 0.00481653 -0.000722408 0.00490141 0.00150061 -0.0055294 -0.00287437 0.00616503 -0.00219631 -0.00259113 -0.00174141 -0.0032568 -0.00696278 -0.000583172 -0.00636292 -0.000380039 0.00743723 -0.00296211 0.00552702 0.00176144 0.00217628 0.00554514 -0.00755024 0.00100946 0.00372171 -0.00233459 0.00336981 0.00106907 0.00745869 0.00109053 -0.00139904 0.00682926 -0.00397062
153448 -0.0031414 -0.00290298 0.00195312 -0.00622702 0.00288725 -0.00114012 -0.00776529 -0.00727844 0.000370026 -0.00162029 0.00290251 -0.000346184 -0.00643349 0.00659037 0.00399637 -0.00720978 0.0013237 0.00663328 -0.00425673 0.00638437 0.00523281 -0.00471735 -0.00630999 0.00679111 -0.00348949 0.00407648 0.0048852 -0.00298452 0.00587988 0.00200939 0.000498772 -0.00229931 -0.00707912 -0.00429392 0.00742531 -0.00219154 -0.00521278 -0.0054493 -0.00387812 0.00732136 0.00450897 0.000448704 -0.00026083 -0.00727415 -0.00559664 0.0021925 0.00116777 -0.000520229 -0.00768375 -0.00651789 0.00742865 -0.00778198 0.00121164 -0.00542688 0.00428486 -0.00184727 -0.00204229 0.00285339 0.00737953 0.00630522 0.00495672 -0.00705194 -0.00347805 0.00488329
226939 0.00171232 0.00102091 -0.00369549 8.39233e-05 -0.00189447 0.00763226 -0.0040741 -0.00762606 0.00522804 -0.00243473 0.00264549 0.00353003 0.00679159 0.00473213 -0.000124931 0.00549936 -0.00491714 0.00494862 -0.00504112 0.000596523 0.00261784 -0.00406837 0.00576735 -0.00525904 0.00595522 0.00232172 -0.000713348 0.00386 -0.00780106 0.00131989 0.00632334 0.00704527 0.00215673 0.00675154 0.00363684 0.002213 0.00318003 -0.00535679 0.00636816 -0.000274181 -0.000603676 0.00187111 -0.00667763 0.000354767 -0.00200367 0.00285292 -0.00139713 -0.00383472 0.00490427 0.00520134 0.00778341 -0.00617218 -0.00338459 0.000576496 0.00773144 0.00518751 -0.0053339 -0.00710535 0.00014925 0.00459957 0.00201082 0.00575924 -0.000175476 0.000977516
237251 0.00589323 -0.00559998 -0.000473499 0.00532103 -0.00600052 0.0014782 0.000665665 -0.0052042 0.000971317 -0.00232315 -0.00209618 -0.00212479 0.00706196 -0.00357199 0.00120831 -0.00463057 0.00290155 -0.00692272 -0.000838757 -0.00377035 -0.0047307 0.00532866 -0.00610781 -0.00142479 0.00221872 -0.000346184 -0.00418139 0.00733042 -5.05447e-05 -0.00387001 -0.000807285 0.00642157 -0.00522566 -0.00423813 -0.00148916 -0.00557995 -0.0049181 0.00713778 0.00428104 -0.00279617 -0.00587416 0.00396013 -0.00679159 -0.00534678 0.00418377 -0.00343657 0.00129414 0.00307751 0.00291061 0.00208044 -0.00196552 0.000383377 0.00429869 0.00261688 0.000210285 -0.0018158 0.00570536 0.0042243 0.000954151 -0.0052557 0.00772429 0.00477695 0.000715733 0.0035677
230969 -0.00100565 -0.000823975 -0.00293779 0.000908852 -0.00665379 0.00185204 0.00117397 0.00264215 -0.00425196 -0.00375795 0.000487328 0.00438738 8.4877e-05 -0.0056572 -0.00216627 -0.00467062 0.0046072 0.00663376 -0.000346184 -0.00161982 0.00744867 -0.00390053 0.00551844 0.00337076 -0.000691414 0.0072732 -0.00347519 -0.00407887 -0.0061779 -0.0028491 0.00605345 -0.0044446 0.00333595 -0.00360107 0.00483418 -0.00680256 0.000614166 0.00270748 -0.00370026 -0.00149632 -0.00706053 0.000337124 0.00730133 -0.00658703 -0.000858784 0.0077076 -0.0048275 0.00236416 -0.00649261 0.000202179 -0.00317192 -0.0025506 -0.00225782 0.000664711 -0.00598001 0.00518847 -0.00569916 -0.00273848 -0.00769281 -0.00742292 -0.0014925 -0.00319242 0.00661135 -0.0071516
161750 -0.00589184 -0.00179669 -0.00217173 0.00169012 0.00676213 0.00678096 -7.54362e-05 -0.00485931 0.00551245 -0.00136906 -0.00125255 0.00575302 -0.000595901 0.00331553 0.00300743 -0.000755154 0.00345526 -0.00470024 -0.00450641 0.00434728 -0.00689344 -0.00442462 0.00215056 0.00201921 0.00343082 -0.00268779 -0.00435912 -0.00283653 -0.00677775 0.00729265 -0.000890992 -0.00238072 0.00571157 0.00327284 -0.00366139 -0.00612512 -0.00478599 0.00675429 -0.00331317 -0.00544857 -0.00771205 -0.00755849 0.00443892 0.00664312 -0.00751214 0.00598042 0.00523994 -0.000399537 0.00733581 -0.00779141 -0.00064146 -0.00596969 0.00508711 0.00252092 -0.00634715 -0.000428412 -0.00599953 0.00275731 -0.00426382 0.00610641 0.00548016 -0.00352615 0.00146159 0.00364331
251237 -0.00372934 -0.00212336 0.00278378 -0.000853539 0.00569344 0.00643635 0.00744247 0.0061655 0.00718117 0.002285 0.00455999 -0.00773382 -0.00497198 0.00480032 0.00662374 -0.00682974 -0.00506973 -0.00532675 -0.00622082 0.00355577 0.00774908 0.00757694 3.33786e-05 -0.00478506 -0.00269032 -0.00338888 -0.00479794 -0.000367641 -0.00598764 0.00598574 0.00547647 -0.00331545 0.00322723 0.00313187 0.00141335 -0.00039959 -0.00663471 0.00545025 -0.00377655 -0.000246525 -0.00365114 0.00513172 -0.00746155 0.00516987 0.00162983 0.000145435 0.00178003 -0.00741291 0.00459576 -0.00580835 -0.0069356 0.0069375 -0.000106812 -0.00752926 -0.00423717 -0.00628614 -0.000745296 -0.00330448 -0.0060997 0.00435066 0.00498438 -0.00506115 -0.0072341 0.000694752
320331 0.00315692 -0.00342957 0.00536095 -0.00758861 0.000858433 -0.00111434 -0.00531773 -0.000658189 0.00110064 -0.00292333 0.00626746 -0.0063083 0.000608846 0.00356061 0.00622651 0.00224949 -0.00214998 0.00129048 -0.0066713 -0.00663673 0.00534627 -0.00298919 0.00748827 0.00712345 0.00278087 -0.007014 0.00501883 -0.000466784 0.000118903 -0.00381142 -0.00285393 0.000290212 0.00498292 0.00625478 -0.00618665 0.00574317 0.0018072 -0.00685629 -0.00635316 0.00497109 0.00163192 -0.00698688 0.00290614 -0.000867761 0.00499265 0.00674801 -0.00581886 0.00248299 0.000407093 -0.00124045 0.004371 -0.0017288 -0.00545156 -0.00597728 0.0048761 -0.00769442 -0.00329006 -0.00576055 -0.00750814 -0.00472434 -0.00304814 0.00690762 -0.00437921 0.00297067
210425 0.0040636 0.000784392 0.00639076 0.00431379 -0.00511947 0.00552465 0.00369722 -0.00707503 -0.00464422 -0.00407573 -1.3272e-05 0.000116302 0.00603517 -0.00322596 0.00744305 -0.00317703 0.00777107 0.00398321 0.00146283 -0.00559184 -0.0055111 -0.00110826 -0.00606492 0.00714595 0.00263672 -0.00256536 -0.00394199 0.00106484 0.00719223 0.0041499 0.00138809 -0.00740515 -0.00329313 -0.000620802 0.00191496 -0.000298511 0.00366805 0.00264703 -0.00482958 -0.00656583 -0.00332376 -0.00349348 -0.00335355 0.00612617 0.00424605 0.00334358 -0.000383874 -0.00412348 0.00179519 0.00646806 0.00503194 0.000524846 -0.00598744 0.00701389 0.00197496 0.00763892 -0.00341318 0.00266556 0.00564758 -0.00526233 0.00458974 0.00775948 0.00197639 0.00666613
274567 -0.00341749 -0.00675917 -0.000672817 0.00271559 -0.00155735 -0.0068512 0.00546646 -0.00258493 0.00594234 0.00436211 0.00539923 -0.00549507 -0.00627565 0.00484133 0.00778437 0.00209761 -0.00332737 -0.000803471 0.00142097 0.0040164 0.00728893 -0.00629187 -0.00102901 0.00383186 0.00304079 -0.00207376 -0.00638676 0.000506401 0.00358963 0.00158215 0.00588036 -0.00327682 0.00310612 -0.00726938 -0.000520706 -0.00746298 0.00570965 -0.00290203 -0.000399113 0.00291967 -0.00638962 0.00143719 0.00501823 0.00496387 -0.00650549 0.00648975 -0.00377464 -0.00606012 -0.0073967 -0.00578022 0.0059247 0.00709915 -0.00495529 -0.00756264 0.00722885 -0.00245667 0.00104856 0.00583887 0.00777054 -0.00482988 -0.00343561 -0.00341702 -0.0042944 -0.000473976
320412 0.00154591 -0.00406456 0.000799656 -0.00530243 -0.00130081 -0.0011549 -0.00528193 -0.00018692 -0.00584412 0.00424099 0.00307751 -0.00157404 0.00060463 -0.0064702 -0.00287247 0.00409365 0.00683784 0.00696373 0.000127792 -0.00395441 0.00550079 0.000986576 0.00753403 -0.00211573 0.00237179 0.00559282 -0.000195026 0.00196362 0.000836372 -0.000809669 0.00632906 -0.00324106 -0.00573683 0.00437784 -0.00072813 0.00299835 0.00681114 -0.00600767 -0.00227308 0.000877857 -0.00336599 0.00147772 0.00471497 -0.00213289 0.00575733 -0.0063324 0.00116301 -0.00556087 -0.00440407 -0.00621557 -0.00558138 0.00347424 0.00238371 -0.00286484 0.00166798 0.00567579 0.00461149 -0.00458622 -0.00292826 -0.00325537 -0.00387669 -0.00414896 -0.000141621 -0.0069747
226286 0.000709534 0.00737238 0.00406265 -0.0048728 0.0062232 0.00499678 0.00528193 -0.0050292 0.00719023 0.0008955 -0.00299692 -0.00547504 -0.0066905 -0.00103474 0.00437641 -0.00332069 -0.00531435 -0.00741863 -0.00325775 -0.000982761 0.00557089 0.00114298 -0.00321674 -0.00218868 0.00683212 -0.00742912 -0.00676537 0.00175571 0.00266933 -0.000133514 0.00627327 0.000254154 -0.00507498 -0.00234795 0.00627184 -0.00484133 -0.00198603 0.00304556 0.0037837 -0.00610113 0.00218487 -0.00196552 -0.00417757 -0.00522614 0.00376892 -0.00291061 -0.007442 0.00296783 -0.00549459 -0.00220394 -0.00302124 -0.00130844 -0.00265598 -0.0023737 0.00540304 0.0053854 -0.00606012 0.00212669 -0.00485945 0.00750256 0.00312138 0.00451899 -0.00157452 0.00644827
97415 -0.00070858 0.00261831 -0.00544119 -0.00457144 -0.00745869 0.00180674 0.000628471 0.00116825 0.00631809 0.00747871 -0.0010128 0.00449991 -0.00682878 0.002563 0.00374365 -0.0028429 0.00254393 0.00728893 -0.00180912 0.00240231 0.000510693 -0.0019455 -0.00145245 0.0043149 -0.000820637 0.00131083 0.00719595 0.00400209 0.0050292 -0.0013032 0.00141096 0.00693464 0.00640392 0.0062151 0.00201607 0.00341082 -0.00618601 -0.00507069 -0.0070405 -0.00364208 -0.00111961 0.00035429 0.00186968 -0.00214958 0.00495481 -0.00573635 0.00321627 0.0016737 -0.00349617 0.00671244 0.00100088 -0.00605917 0.000281334 -0.0061202 -0.000517368 -0.00653267 -0.00523949 0.00202179 0.000114918 -0.00359154 -0.00603151 -0.00185728 -0.00117683 0.00436449
215758 -0.00519673 -0.00425433 -0.00313289 -0.00519598 -0.000472402 0.00292836 -0.00120606 -0.00237109 0.00751733 -0.00188083 -0.00259135 -0.00453217 -0.00183715 -0.00651232 -0.00718582 -0.000591711 0.00241039 0.000755247 0.00348243 0.0035023 0.00680982 0.00346908 0.00558464 -0.00531223 0.00128215 0.00395125 0.00465201 0.00497271 -0.00389992 -0.0014027 -0.00484051 -0.00692142 0.00653647 -0.00654412 0.00708835 0.00748516 0.000949744 -0.00490646 -0.00482604 -0.000833592 -0.00118947 -0.00571587 0.00731015 0.00154948 0.00329889 0.00171283 -0.00436798 -0.00388654 0.000998603 -0.00247306 0.00168443 -0.00178721 -0.00757898 -0.00632633 0.00404751 0.00585221 -0.00625705 -0.00537957 0.00221442 0.00270006 -0.00019656 0.00702122 0.000631088 0.00595866
308247 0.00783989 -0.00679893 -0.00372058 0.000380739 -0.00136335 -0.00144921 -0.00521138 0.00262924 0.00327774 0.00150209 0.00403116 0.00451604 -0.00184089 0.000177686 -0.00718712 0.00509394 0.0054214 -0.006988 0.00416289 0.00737375 0.00174951 0.00549584 0.00286806 0.000823264 -0.00419877 -0.00392467 0.00333484 -0.00675869 0.00294311 -0.0053671 -0.000947515 0.00531291 -0.00326513 -0.00705928 0.00306372 -0.00517147 0.00253617 0.00525906 0.00110847 0.00110946 0.0061368 0.00460337 0.00443924 0.00778931 0.000621273 -0.00292376 0.00264015 -0.000256273 -0.000569464 0.00201422 0.00205421 -0.00289123 -0.00573648 -0.0029997 6.54317e-05 -0.00771344 0.00096353 0.00273993 -0.000165557 -0.00457267 -0.00304877 0.00656138 -0.00432786 0.00719325
320865 0.00467205 -0.00655317 0.00169277 -0.00425053 0.000472069 0.00228977 0.00662994 -0.00463963 -0.00606441 0.00739241 0.0073266 -0.0012784 0.00682783 -0.00383568 0.00136852 -0.00758219 -0.000853539 -0.00384712 -0.000743389 -0.00430727 0.00184965 0.000260353 -0.00120592 -1.00136e-05 0.00455475 -0.00333643 -0.00259399 -0.00364351 -0.00188255 0.0052948 0.000888348 0.00427818 0.00167704 -0.000696182 -0.0051055 0.00771666 0.00531769 0.00397921 -0.00609255 -0.00684071 0.00169086 0.00154638 -0.00662279 -0.0045433 0.00649977 -0.00317669 0.00227451 0.00251341 0.00680637 -0.00284576 -0.00263309 -0.000402451 0.00269461 -0.00402546 0.00771046 0.00434399 0.00312614 -0.00532627 -0.00120401 -0.00179195 0.000889778 -0.00413465 -0.000781059 -0.00392437
151295 0.00628528 0.00269234 -0.00130986 0.00349898 -0.00773667 0.00439527 -0.00241143 -0.00588743 0.00338423 -0.00221881 0.0034325 -3.23687e-05 -0.00134712 -0.00601962 -0.00742071 -0.0056475 -0.005344 -0.00105757 -0.00449686 0.00482011 0.000168834 0.00733098 -0.00615944 -0.00707653 -0.0052532 0.00134487 0.00455277 0.00268003 -0.00670792 -0.00546503 -0.00382413 0.00528198 0.00704145 -0.000568246 -0.00464287 0.00244387 -0.00735244 -0.00665804 -0.0043529 0.00515432 0.00537243 -0.00556349 -0.00241121 -0.00194378 0.00717691 -0.00595474 -0.00387375 0.00216487 -0.000881906 -0.000994036 0.00617454 0.00681932 0.00663997 0.00623288 -0.00762624 0.00763423 -0.00533435 -0.00665368 -0.00288463 -0.00446193 0.00372853 -0.00255937 0.00294485 -0.000540565
9837 -0.00574589 0.00396442 -0.00394726 0.0073781 0.000123978 0.00287151 0.00181484 -0.00619984 0.000429153 -0.00656939 -0.00373888 0.00631618 0.00269413 -0.00124884 -0.00457907 0.00480509 -0.00465918 -0.00196075 -0.00771046 0.000785828 -0.00259495 0.0070796 -0.00335503 0.00379467 0.00385666 -0.00218916 0.00342131 -0.00687456 0.00766945 -0.00367451 0.00438738 0.000376701 0.00635624 0.00335789 -0.00618553 0.00544643 0.00225019 -0.00152254 0.00475073 -0.00295401 -0.00200605 0.000160217 0.00159216 -0.00587702 -0.0034852 0.00546885 -0.0063138 0.00426149 0.00695086 0.000259876 -0.00745869 -0.00329542 0.00330496 0.00427103 0.00549603 0.00669146 -0.00645781 -0.00174236 0.000921249 -0.00437593 0.00528479 -0.00558805 0.00657034 0.00563622
134984 0.00518656 0.00347662 -0.00511932 -0.001297 -0.00434685 0.00353956 -0.00188875 -0.00300932 -0.00651741 0.00767469 -0.00226641 -0.00729609 -0.00653601 0.00728273 -0.000287056 -0.00586414 -0.00347853 -0.00232029 -0.0036521 0.00430393 0.00230312 0.00340891 0.00755358 0.00199699 -0.00106668 -0.00267935 -0.00398684 0.00286722 0.0060792 0.00590324 0.0053196 0.00477552 0.000918865 -0.00197124 0.00304747 0.00438643 0.00192022 0.0058465 -0.00338364 -0.00139618 -0.000612259 -0.00313425 -0.00236273 0.0015974 0.00768185 -0.00716352 -0.00363922 0.00662088 0.00620842 0.00134182 0.00628376 0.00151682 -0.00281191 0.00571012 -0.00321293 -0.00165653 -0.00580645 0.00103807 -0.00738668 -0.00147486 -0.00241661 -0.00619125 0.00180674 -0.00541306
231996 0.00519228 -0.00023222 0.00404406 -0.00762796 0.0050416 0.0044179 0.00473309 -0.00144386 -0.00158262 -0.00108099 -0.00381327 0.00422859 8.7738e-05 -0.00674534 0.00311184 0.00310802 0.00150776 -0.0055418 0.00685787 -0.00296402 2.6226e-05 -0.00762749 0.00378609 -0.00393629 0.00182533 0.00324154 -0.00780058 -0.00297213 -0.00777102 -0.00513268 0.00257397 -0.00518847 -0.000140667 -0.0063858 -0.00321722 -0.00545311 -0.00171614 -0.00612068 0.00105047 0.000840664 0.00599432 0.00156212 0.00145054 -0.000841141 0.00337696 0.0040164 -0.00205612 -0.000812054 -0.0037446 -0.00509214 -0.00423765 -0.000932693 0.000910282 0.00269842 0.00201273 0.00281286 -0.00107908 0.00118113 -0.00619459 -0.00330639 -0.00389957 -0.0054512 0.00390911 0.00126457
79145 -0.000510693 -0.000844002 -0.00663948 -0.00456572 -0.000183582 -0.00428867 0.000776768 0.00115156 0.00775623 -0.00405884 0.00342989 8.7738e-05 -0.00297689 0.000582218 -0.00454473 0.00215101 0.00575209 -0.00726128 -0.000502586 -0.000296593 -0.000789165 -0.00652885 0.00154829 0.00232172 -0.00471115 -0.00447607 -0.00597477 -0.00464773 -0.0066905 0.00517893 0.00747252 0.00146055 0.0044899 -0.00747538 0.00343227 -0.00530434 0.00583601 -0.004251 -0.00675726 0.0025053 0.0064311 -0.00775433 0.00531101 0.00460005 0.00102568 0.000892162 -8.58307e-06 -0.00463963 -0.000111103 -0.00295925 -0.00475168 0.00617218 0.0035758 -0.00479507 0.00222111 0.00126982 0.00220108 0.00598097 0.00263548 0.00596905 -0.00712919 0.003438 0.00466824 0.00586319
126622 0.00117116 0.000137285 0.00298872 0.00713002 0.00621891 0.00669331 0.00434624 -0.000404382 0.00625785 0.00410673 -0.00777121 -0.00579951 -0.00222553 0.00284817 0.00564049 0.000736215 -0.00313624 0.0046749 0.00458709 -0.00601974 0.000702581 0.00276002 -0.00641886 -0.00198345 0.00113003 -0.00680207 -0.00428103 -0.00587908 -0.00251859 -0.00709697 -0.00778512 0.000985926 -0.00731947 0.00501146 -0.00327076 0.000179239 1.37827e-05 0.00560625 0.00311496 -0.00548821 -0.00286362 0.00163662 -0.00631662 -0.00331286 -0.00538306 3.94209e-05 -0.00376941 0.000721818 0.00083468 0.000386059 -5.27564e-05 0.000550836 0.0020769 0.00666425 0.00189465 -0.00165065 0.00632174 -0.000693737 -0.00622714 0.00309764 0.00336485 0.00389222 0.00365373 -0.00366674
321002 -0.00026943 -0.00661015 0.00272056 0.00322418 -0.00427536 -0.00371491 -0.00539225 -0.00336843 0.00194038 0.0052664 0.0055702 -0.00737098 -0.00749265 -0.00291292 -0.00778954 0.000617794 0.00164046 0.0034438 -0.00213136 0.000558619 -0.00252263 -0.0070766 -0.00383492 -0.000451466 0.00219578 0.00742787 -0.000657492 -0.00250476 0.000633374 -9.99783e-05 -0.000500198 -0.00681133 -0.00302099 0.00216602 0.00503934 -0.00152811 -0.00466338 -0.00592019 0.00573407 0.00689138 -0.00201492 0.00766053 0.00571283 -0.00682867 0.00156147 -0.00545229 0.00392972 -0.00261308 0.00635397 0.00537497 -0.00277356 -0.000905532 0.00118147 0.00572245 -0.00226063 0.00643953 0.00576533 0.00407033 -0.00336835 0.00397212 0.00402391 0.00261087 -0.00725725 -0.000141094
111155 -0.00737285 -0.00693803 0.00141293 -0.00137666 -0.00540487 -0.00617362 0.00530648 0.00261335 -0.00469483 0.00483827 0.000677553 -0.00642094 -0.00535542 0.00385094 -0.000188569 -0.00444181 0.00758965 0.00114575 -0.00597436 0.00113417 0.00598688 0.00682075 0.00195205 -0.000298038 0.00455 -0.00525538 -0.00088021 0.00173598 0.00654063 -0.00206834 0.00143377 0.00112489 -0.00471424 -0.00569042 0.00220476 0.000567775 -0.00155054 0.00216422 -8.62231e-05 -0.000726809 0.00535128 -0.00381075 -0.00536741 0.00402655 0.000272615 0.00106388 0.00102605 0.00666202 9.02948e-07 0.00473625 -0.00201529 -0.00489106 -0.00221661 0.000255949 -0.00583961 -0.00111954 0.00279148 0.00410185 0.00156061 0.000947666 -0.00535075 -0.00134011 0.00269654 0.00429566
251106 0.000527859 0.00557756 8.67844e-05 0.000423908 0.00550699 0.00504303 0.000134945 0.00461912 -0.00569153 0.000187397 0.00495052 0.00302124 -0.00580359 0.0045557 0.00258827 0.00290537 -0.00531483 0.00222254 0.000213146 0.000715733 0.00360489 0.00142288 -0.00395441 -0.000752926 0.00658178 -0.0024209 -0.00294638 -0.00450516 -0.00454569 -0.00242424 -0.00599098 -0.00661993 0.00459433 -0.000674248 0.000845432 -0.00601768 -0.0074625 0.000360012 0.00743866 0.00185299 -0.00774479 0.00760555 -0.000383377 5.24521e-05 -0.00752211 -0.00291443 0.00489521 -0.00502253 0.00465727 -0.00116777 0.00525093 0.00549459 -0.00328255 0.00574493 0.00354576 0.00370359 0.00756311 0.00668335 0.00679588 -0.00565672 -0.0015049 -0.00121832 -0.00585079 0.00578594
307534 0.00556094 -0.00202318 0.00780975 0.00774656 -0.00767586 -0.00323692 -0.00321873 -0.002527 -0.000516309 -0.00315207 0.00678399 0.00388472 0.00489316 0.00391775 -0.00188888 0.000918118 -0.00274483 0.00313652 -0.00050974 -0.00331571 0.0068368 0.00415749 0.00233609 0.00666243 -0.00108759 0.00379535 0.003002 0.00608937 0.00255971 0.00191357 -0.00405377 -0.00698725 0.00271453 -0.00363795 0.00606775 0.00531983 5.4995e-05 -0.00124285 -0.00398992 0.00527638 0.00203433 -0.00335349 0.0050754 0.00713942 0.00347755 -0.000892365 -0.00644526 -0.000813693 0.00409838 -0.00407736 -0.00144474 -0.0077531 -0.00531587 -0.00115292 -0.000892824 -0.00559089 0.00666427 -0.00424321 0.00240785 0.00765949 -0.000120175 0.0021175 -0.00216037 0.0075215
306937 -0.00288276 -0.00770384 -0.00575715 -0.0035764 0.00466043 0.00609047 0.00589258 -0.000507385 0.00327876 -0.00767772 0.00231176 0.00208741 0.00108492 -0.0009742 0.00757472 0.00687335 -0.00472086 -0.00732125 -0.000937236 -0.00591145 -0.00691111 0.00321108 0.00578609 0.00710075 -0.0043998 -0.00680277 0.00349778 0.00650949 -0.00759453 0.00590849 0.00316233 -0.000205675 0.00650625 0.00340344 -0.000662339 0.00643716 0.00419954 -0.000932241 0.00316507 -0.00717899 0.00765475 0.00371796 0.00332057 -0.00401061 0.00380195 0.00032679 -0.000194149 0.00144247 0.00545931 -0.00344755 -0.00352858 0.00348555 -0.00347849 -0.00493468 -0.00690299 -0.00108538 -0.00538534 -0.0058618 0.00230824 -0.00574653 0.00641595 -0.00024386 0.00560135 0.00554182
138325 0.00371647 0.00283718 -0.000529289 -0.00294447 0.00608015 -0.000257492 -0.000980377 0.00555182 0.00590229 0.00737143 -0.00454569 -0.00426435 -0.00385332 -0.00507832 -0.00258541 -0.000968456 0.00774193 -0.00129223 -0.00174093 0.00591183 -0.00573969 -0.0053587 -0.000723362 -0.00666857 0.0028224 0.000415802 -0.00728703 -0.0068531 -0.000122547 -0.00324297 0.00371885 0.00571871 -0.00604773 -0.0007267 0.00129366 -0.00741529 -0.00410938 -0.00473499 -0.00391817 0.00240374 0.00555372 -0.0010829 -0.00553322 0.00780916 0.00300789 0.00171995 0.00182676 0.0073638 -0.00746536 -0.00658369 -0.00561428 0.0015111 -0.000627518 0.00220871 0.00566435 0.00609207 0.00502396 0.0013876 -0.00305128 -0.00643206 0.00228548 0.00611639 0.00154257 0.00364161
208842 -0.000376658 0.00440472 -0.00651758 0.000920615 -0.000441928 -0.000824586 0.00157244 0.00257756 4.77985e-05 -0.00710527 -0.00180179 0.00681248 -0.00393062 0.00400905 0.0041915 -0.00530208 -0.00140691 -0.00578049 0.00353189 0.00590061 0.00354149 -0.00200598 -0.00110893 -0.00259686 0.00326083 0.00556274 0.00386012 0.00121114 0.00556394 0.000974561 -0.00704521 -0.00524944 -0.002419 0.00220744 -0.00653635 -0.00169229 0.00543068 0.00519332 -0.00282513 0.00131504 -3.23399e-05 0.00727013 0.00197326 -0.00192897 0.00299825 -0.00367089 0.00114148 -0.000958489 0.00367229 0.00242109 -0.00480518 0.00287772 0.00762264 0.00464774 0.00227339 -0.00262669 0.000984784 -0.00647959 -0.000146986 0.00562408 -0.00479215 -0.00290264 -0.00712731 -0.00268488
282603 -0.00229679 -0.00439071 0.000673674 0.00731042 -0.0043927 0.0024385 0.000770035 0.00111085 0.00165741 0.00100656 -0.00116236 0.00216763 -0.00146599 -1.69107e-05 -0.00556983 0.00333414 0.00246242 0.00707942 -0.00137997 0.00701086 0.00608832 -0.00634192 -0.00255135 -0.00346021 0.00315885 -0.0037201 1.748e-05 -0.00418497 -0.0025611 0.00575597 0.00581549 0.00576452 -0.00470703 0.0067306 -0.0035556 0.00323759 -0.00741158 0.0071711 0.00491706 -0.00380765 0.00294201 -0.00110779 -0.00522555 -0.00776767 -0.00231673 0.000785435 0.00707312 -0.00226348 0.0069829 0.00069908 -0.00588061 0.0010898 0.00269249 -0.00546796 0.00292662 -0.00716457 0.000508414 0.00124653 0.00145592 0.00726263 0.000642527 0.00276059 -0.0050649 0.00598619
288148 0.00313711 -0.00157595 0.00651455 0.00767231 -0.00304365 -0.000274658 0.0069437 0.0037899 0.00318098 -0.0020442 -0.0064621 0.00346947 -0.00634003 -0.00439739 0.00480127 -0.00461054 -0.000768185 -0.00520563 0.00612402 -0.00128222 -0.0051055 0.00113058 -0.00448227 0.00705242 0.000883579 -0.000598431 -0.00115633 -0.00322247 0.00269461 0.00618505 0.00678587 0.00717306 0.00400257 -0.000392437 0.00737286 -0.00509691 0.00301933 0.00312805 -0.00557947 0.0014658 0.00311852 -0.00136185 -0.00366688 -0.00751591 0.0045085 -0.00739431 0.00562668 0.00116777 -0.00595236 0.00430965 -0.00575972 -0.00267029 0.00497198 0.00301743 0.00437832 0.00490904 -0.00199652 0.000648022 -6.1512e-05 -0.00124454 -0.00500584 -0.0013423 -0.000468731 -0.00573969
52327 -0.00218582 -0.00432062 0.00426483 0.00121021 -0.00135708 0.00465727 0.00692081 0.00544548 0.00499964 0.00476646 0.00195503 -0.00654507 -0.00496054 -0.00440741 0.00169277 -0.00401688 0.00770903 0.00074625 -0.00622272 -0.0060873 0.00203657 0.000892162 0.00149393 0.00624466 0.00264263 0.00273085 -0.00547266 0.000313282 -0.00611591 0.00516844 -0.000727654 0.00656128 0.00158167 0.00671577 1.00136e-05 -0.000113964 -0.00337458 0.00284433 -0.00431108 -0.00762081 -0.00309563 -0.00764942 0.00675392 -0.00677443 0.00185537 0.00394821 0.00613403 -0.000666618 -0.00454092 0.00588894 0.00633287 0.000578403 -0.00428724 0.00671387 -0.00451803 0.00699663 -0.0041995 0.00680542 0.00117636 0.00367498 -0.00627089 -0.000531197 0.00620413 -0.00307655
243187 0.0025301 -0.00628853 -0.00501394 -0.00501394 0.00341654 0.00745058 -0.00453472 -0.00688362 -0.00037384 0.00331736 0.00463676 -0.00622368 -0.00728893 -0.00295973 0.00620556 0.00678873 0.00775433 -0.00193262 -0.00018549 -0.00229979 0.00490284 -0.00320244 0.000331879 -0.00519848 0.00681496 0.00182104 0.00476122 -0.00504923 -0.00182676 -0.00220966 -0.00535774 0.00364161 0.00497293 -0.000795364 0.00275373 0.0057025 0.00349522 -0.00740671 -0.00051403 -0.00104427 0.00417376 0.00488758 0.00269556 -0.00340223 0.00713778 -0.00328588 -0.00546646 0.00562048 0.00276661 0.00590324 0.00218773 -0.00358725 -0.00471497 0.00556326 0.0041523 -0.00413036 0.00399065 -0.00423098 0.00333929 0.006639 0.00451136 -0.00365543 0.00677299 -0.00578833
213193 -0.000908397 0.00663575 0.00318846 0.00386146 0.00625306 0.00612622 0.00633039 -0.00712655 0.00306072 -0.00103846 0.00559319 0.00270555 0.000187642 0.00477444 0.000367961 0.00602455 0.00261693 -0.00109696 0.0076865 0.00736318 0.00433303 0.000529448 0.000398224 -0.00314447 0.00395121 5.71193e-05 -0.00747946 -0.00739161 0.00370547 0.00259556 -0.00362147 0.00594379 0.00767912 0.00294936 0.00494014 0.00770155 -0.000926749 -0.00225476 0.00445632 -0.00351076 0.00572988 0.00645177 -0.000120301 -0.00301629 -0.00127956 0.00310393 -0.00419764 -0.00564648 -0.000299533 -0.0030035 -0.0073748 -0.00618068 0.000576261 0.00736042 0.00360438 0.00739365 -0.00638713 -0.00173675 -0.003257 3.34221e-05 -0.00406965 0.00393087 0.000811925 0.00535721
80894 -0.00732665 -0.00608982 -0.00130849 0.00361664 -0.00571131 0.00648522 0.00300414 0.00742822 0.00771166 0.00486265 0.00100664 -0.00491407 0.00764752 0.000235229 0.00523114 -0.00452578 0.00338345 0.00768102 -0.0068947 -0.0032322 -0.00671353 0.000402763 0.00234194 -0.00249509 -0.0075199 -0.0069423 0.00669956 -0.00257009 0.0064112 -0.00100765 0.000192187 -0.00242942 -0.00462563 0.00465647 0.00379305 -0.00662431 -0.00215251 0.00461203 0.00142962 -0.000650298 0.00582541 0.00625176 0.00613996 -0.00349291 -0.00594416 0.000578398 -0.00409229 -0.00543338 -0.00653245 -0.00477466 -0.00367755 -0.00598647 0.000741724 -0.00358536 0.00622763 0.00712287 0.00600093 0.00595717 -0.00488094 -0.000279715 0.00692316 -0.00227312 -0.00418901 -0.00503624
321724 -0.00367263 0.000959798 0.0059908 -0.00646066 -0.00626729 0.00659154 0.00367936 0.000296623 -0.00158615 -0.00496587 -0.00517414 0.000348587 -0.00283719 0.00393626 0.00288013 9.80497e-05 -0.00226146 0.00529947 0.00211308 -0.00560691 0.00390486 -0.00766722 -0.00114751 0.00522627 -0.00580915 -0.000238889 -0.00527583 0.00570309 -0.00559559 0.00555841 -0.00596864 0.00170425 -0.00716139 -0.000993109 0.00418769 0.00491631 0.00649333 0.00727913 0.00456749 -0.00143744 0.000868291 0.00576263 0.00610257 0.00513329 0.00269445 0.00580065 0.00421986 -0.00377141 -0.00101621 -0.00669108 -0.00714315 0.00598897 -0.00732686 -0.00383488 0.000755262 -0.000371461 -0.00340001 0.00275009 0.00452445 -0.00186578 0.00604822 -0.00759788 0.00692386 -0.00210537
194436 -0.000412464 0.00276709 -0.00512218 -0.00372267 0.00735426 -0.0033803 0.00315666 0.00548935 -0.00113964 -0.00170469 -0.00110388 -0.00668335 0.00577116 -0.00273037 -0.00121641 0.00601196 -0.00326538 -0.00385237 -0.00520563 0.00539064 -0.00209951 -0.00406075 0.00621414 0.00514889 0.00747442 0.000101566 0.00553322 0.00598288 -0.00515842 0.00170183 0.00483227 0.00245237 0.00134087 0.00400114 0.00334263 -0.00139523 -0.00740576 0.0075593 0.00468111 -0.00719595 -0.00488853 -0.001472 0.00756216 -0.00621605 -0.00481081 -0.00375652 0.00661087 -0.00288534 -0.00779819 0.00727701 0.00083971 -0.000272274 -0.00319433 0.00656033 -0.000472069 -0.00267887 0.00677538 -0.00412893 0.00744057 -0.00459576 0.000997543 -0.00534248 -0.00523996 -0.0055666
306342 7.15348e-05 -0.00217207 0.00558839 -0.00460977 -0.00105825 0.00582248 0.0036623 0.00213441 -0.00614456 0.00444401 0.00161898 0.00369103 0.000254493 0.000582954 0.00608577 0.00711104 0.00357836 -0.00767127 0.00124602 -0.00422161 0.00740566 0.00728274 0.00147402 0.00576999 0.00732634 -0.00243039 0.00198463 -0.00553857 -0.00399614 0.00604487 0.00465941 0.00730353 -0.00122698 -0.00132394 0.00621708 0.0010844 -0.00578797 -0.000148323 0.000565041 0.00421477 0.000647376 0.00176757 -0.00504149 0.00384156 -0.00316396 0.00402439 -0.00310752 0.00273135 0.00379824 -0.00151801 -0.000138252 -0.000250249 -0.00578323 0.00415526 0.00708525 0.00494735 0.00751836 0.000493721 -0.00596635 -0.000438426 0.00727039 0.00367138 0.00569663 0.00361256
321804 0.00264262 -0.00739078 0.00776972 -0.00195668 0.00239084 -0.00679647 0.000328297 -0.00711759 0.00704173 -0.00476333 -0.000839013 0.00596478 0.00170516 -0.00444369 -0.000769699 0.00504977 -0.00181959 -0.001734 -0.00247212 0.00187997 -0.00592578 -0.00108626 0.000922732 0.00772014 0.00756242 0.00329423 0.00184022 0.00662755 -0.00640174 -0.00208593 0.00517656 0.000396168 0.00211125 0.000907659 -0.00560722 -0.000228501 -0.00559692 0.00133627 -0.00151797 0.000383426 0.0059818 -0.00674431 0.00752637 0.00591217 -0.00620304 0.00679854 0.00779648 -0.00461889 -0.00608618 -0.00123355 -0.00699116 0.00737162 0.00555368 0.00453675 0.0043992 0.00342895 -0.00669289 -0.00744225 -0.0060204 -0.00466875 0.00114035 -0.00517024 0.000389221 0.00591281
309434 0.0050209 0.00105794 -0.00515834 0.00335348 -0.0028157 0.0035966 -0.004662 0.00386582 0.00757267 0.00739044 -0.00448045 -0.00126019 -0.00732806 0.00244429 0.00688337 -0.00624547 -0.000630447 -0.00513951 -0.00195083 0.00542402 0.0056928 -0.00172782 -0.00269949 0.00399353 -0.00105722 0.00509424 -0.000721641 0.00746011 0.00721649 -0.00409473 -0.00603447 0.0048824 0.00480847 0.00543301 0.00404576 0.00567587 2.61709e-05 0.00644287 -0.0028148 0.00343388 0.00767686 0.00585821 -0.00161303 -0.00537206 -0.00430637 0.005385 0.00191047 -0.00388195 -0.00668501 0.000593271 0.00667433 0.000224529 -0.0037511 -0.000167189 -0.0039589 -0.00239681 -0.00228453 0.00287648 -0.00269695 0.00619843 -0.00175024 -0.00153828 -0.00599732 0.0047498
195971 -0.00328658 -0.0016499 -0.000942858 0.00280575 0.00162345 -0.00399147 -0.000785269 0.00654246 0.00363656 0.00713222 0.00243696 0.0035155 -0.00576329 0.00272821 0.00340124 0.00606073 0.00264903 0.00215786 -0.00570878 -0.00420955 0.00404236 -0.00651256 0.00677333 -0.00476695 -0.00447038 -0.00157966 -0.00355752 0.00106354 0.00145136 -0.00485923 -0.00189884 0.00486143 -0.007472 -0.000958385 0.00109537 0.00631031 -0.00574109 0.00129738 0.00299736 -0.00350763 -0.0057164 0.00190608 0.0068235 0.00332444 0.00424704 -0.00704683 -0.00364076 0.00281266 -0.00650187 0.0045873 -0.00301666 -0.00474158 0.0023909 0.00567127 -0.00576577 -0.000211536 -0.000395042 0.00751026 0.00234006 0.0011938 0.00619202 0.00568814 -0.00603566 -0.00399558
220844 0.00620508 -0.00138664 -0.00203657 -0.0043149 -0.00494814 -0.000353813 -0.00106955 -0.00439548 -0.00449896 -0.000226021 -0.00721264 0.00288534 0.00435019 0.00130987 0.00204706 0.00458193 -0.00436783 0.000989914 0.0010438 0.00154734 0.00548792 -0.00375462 0.00652933 0.00559092 0.00326824 0.00242376 0.00307608 -0.000498295 -0.00436687 -0.00154591 0.00553989 -0.00775146 0.00574589 0.00748539 0.00613165 -0.00299025 -0.000666142 -0.0043869 -0.00102425 0.00184011 -0.00654078 -0.00164223 0.00158262 -0.00499868 -0.00209904 0.00175047 0.000488758 0.00539446 -0.00626516 0.00332022 0.00611782 0.0013628 0.00527334 -0.00141144 0.00348616 -0.00106573 0.00119019 0.00586367 -0.000567913 0.00402021 -0.00650358 -6.24657e-05 -0.000127792 -0.000982761
289273 0.00775092 -0.00753971 -0.00720632 0.00456829 -0.00405519 0.00476192 0.00462296 0.00503528 0.00701223 -0.00148267 -0.00604873 0.0031027 -0.00242245 -0.00489583 -0.00741636 0.00667963 0.0049598 -0.00424483 -0.00627285 -0.00344313 0.00314993 -0.0051385 -0.00288687 0.0045341 0.00511029 -0.00298681 0.00564371 0.00672332 0.00149451 0.00101433 -0.00383484 -0.0020136 -0.0011826 0.00203582 0.000732523 -0.0034397 -0.00134903 0.00711802 0.0072588 0.00245345 -0.00612984 0.0046277 0.00621322 0.00326375 -0.00593464 -0.00641043 0.000245359 0.00161577 0.00132794 -0.00278371 0.00574626 0.00410684 -0.00609431 -0.00583703 0.00483446 0.00760448 -0.00298252 0.00530716 0.00216155 -0.00084423 -0.00080533 0.00367809 0.00347423 -0.00620438
294494 -0.00137346 -0.00592857 -0.00764578 -0.00256851 -0.000744724 -0.00629734 0.00319722 -0.00147022 0.00714764 -0.00688932 -0.00575805 0.002408 0.00310327 0.00469205 0.00390283 0.00629334 0.0028159 -0.00128889 0.00291068 -0.00624979 -0.00229172 0.0011256 0.00260914 0.000555307 0.00723705 0.00117304 -0.00168095 0.00352219 0.00701025 0.00557082 0.00480908 -0.00154735 -0.00350279 -0.00717364 0.0054354 0.000245192 -0.00121644 -0.00143859 -0.00486241 0.00500085 0.00758281 0.00642257 0.00511513 0.0067208 0.00235961 0.000668096 0.00514659 -0.00296217 1.70196e-05 -0.00544559 0.00678345 -0.00305191 -0.00345697 0.000170087 0.00289475 -0.00096607 0.00494109 0.00525459 0.000940298 -0.00530601 0.00741577 0.000123849 0.00449631 -0.000274141
322144 -0.000512123 -0.00578403 -0.0024066 -0.00288534 0.00761795 0.00362349 0.00538778 -0.0057807 0.00415087 -0.003438 0.00554371 0.00658178 -0.0049572 -0.00406265 -0.0052247 0.004879 0.000133991 -0.00151873 0.00440979 -0.00184822 -0.00211048 0.0029912 -0.00774527 -0.00565624 -0.00769997 -0.0051589 -0.00103807 -0.00598621 -0.00753164 0.00736761 -0.00386953 -0.00670671 0.000105858 -0.00208282 0.00183678 -0.00439596 -0.00141859 0.00292397 0.000211716 -0.00741911 0.00749159 -0.00270605 0.00637197 0.0074687 -0.00671816 0.000590801 0.000830173 0.00518227 -0.00324583 -0.00406551 -0.00344038 -0.00332308 0.00236607 0.000965595 -0.0059042 0.00119448 0.00390863 -0.00257301 -0.00590038 0.00652885 -0.00540304 -0.00379324 -0.00536823 -0.00287008
293425 -0.0075429 0.00687571 0.00200247 0.00266903 0.000561109 0.00121756 -0.00243916 0.00259606 -0.00164529 -0.00124926 0.00060692 -0.0013592 0.0029446 0.00473971 -0.0061422 -0.00349116 0.000166028 0.00728215 -0.00304782 0.00709118 0.00454018 -0.00320921 0.00572852 -0.00555692 -0.00217931 -0.00286631 0.0015532 0.00567109 -0.00692021 -0.00635469 0.00454618 0.00566831 0.0031545 -0.00365965 -0.00512511 -0.00636026 0.00484383 -0.000932893 0.00574067 0.00294087 0.0057429 -0.00550945 -0.00572535 7.16179e-05 0.00775997 -0.00582083 -0.00311119 0.000253393 0.00676532 -0.00621908 0.00157357 -0.00341561 -0.00754167 0.00433892 -0.00126659 0.00330852 -0.003905 -0.00309224 0.00288831 -0.00431308 0.00747735 0.00658638 0.00471592 0.00496236
85497 -0.00189543 0.00723457 0.0064106 0.00562763 -0.0036273 -0.00765562 0.00617599 -0.00483036 -0.00217867 -0.00291348 0.00679159 3.62396e-05 0.00100088 -0.00293779 0.00681353 -0.00162315 -0.00148869 -0.00172424 0.00346184 -0.00556278 -0.00501633 0.00190115 -0.00320721 0.00155973 0.00659561 0.00344133 -0.00726032 -0.0041461 0.00452805 0.00625944 -0.00522709 0.00411749 0.00695324 0.00602913 -0.00263882 -0.00261068 0.00069952 0.00420761 0.00222397 0.00370884 0.00656557 0.00706816 -0.00755358 0.0020957 0.000682354 0.00591278 -0.00518322 -0.00429916 0.00588799 0.00436449 -0.00642776 -0.0019927 0.00301933 -0.00539112 -0.00219488 0.00191784 0.00733471 -0.00462866 -0.00554514 -0.00627422 0.00684023 0.0066123 -0.00461292 0.00368547
219965 -0.00161248 -0.00629408 0.00423357 0.00518599 0.0057173 0.00627709 0.00214308 -0.00210238 0.00299214 -0.00301468 -0.00303924 -0.00642524 0.00287857 -0.00678445 -8.06179e-05 0.00439898 -0.00171549 -0.000831745 0.00713353 0.00434432 0.0013699 -0.00117916 0.00498104 -0.00707163 -0.00650894 0.00167692 -0.00215468 0.00763813 -0.000476516 0.0013665 0.00138202 -0.00388349 0.00497671 0.00607478 -0.00137001 0.00229158 -0.00709008 -0.00295987 0.00419831 0.0013211 0.00636461 0.00537553 0.000933115 -0.00754262 -0.00270302 0.00541366 0.00393484 -0.0029031 -0.00653353 0.00460758 -0.00100329 -0.0058477 -0.000466544 -0.00477354 -0.00422655 0.00180381 -0.00703667 -0.00772352 0.00579957 -0.00701167 -0.00750381 -0.00446346 -0.00264681 -0.00328861
39871 -0.00147257 0.00389809 -0.00342708 -0.00728359 9.65725e-05 0.00193543 -0.00411794 -0.00206403 0.00632769 -0.00401434 -0.00160351 0.000861153 -0.00133584 0.00604767 -0.00574836 0.000616122 -0.00502347 -0.00119946 -0.000592382 -0.00505395 0.000985383 0.0070168 -0.000246037 0.000545949 0.00382495 0.0030491 0.00332468 -0.00167583 0.00517807 0.00523512 0.00450108 -0.00295464 -0.0014046 -0.00119967 -0.00414601 -0.00421333 -0.00403815 -0.00488323 0.00230809 -0.00543146 -0.00618529 -0.0014676 -0.00360913 0.00451321 -0.000580092 0.00150495 -0.00531052 0.00220788 -0.00760938 -0.00507593 0.00533563 0.00200522 0.00244292 0.00612986 0.00502485 -0.000241086 -0.00565588 -0.00500801 0.00393125 -0.00629525 0.00344473 -0.00442279 0.00257149 -0.00438531
318503 -0.00427276 0.00506867 0.00774775 -0.00118986 0.00570451 -0.00696892 0.00572612 0.00561487 -0.00737754 -0.000652694 -0.000326374 0.00448667 0.00171748 -0.00662314 0.00320473 -0.00354007 0.00749759 -0.00637695 -0.00496128 -0.00514993 -0.00524014 0.00691406 0.00496867 0.00158823 -0.00318243 -0.00476624 0.00344279 -0.00454874 -0.00597082 0.00518684 0.00768586 -0.00125852 -0.00312203 -0.00550156 -0.00603435 0.00458313 0.000883712 -0.00761952 -0.00472292 0.00561417 -0.00357131 0.00369943 -0.00543979 0.00127949 0.00103849 -0.00493602 0.00756778 0.00106279 0.00181567 -0.000688372 0.00769745 -0.000838302 -0.00702888 0.00382692 -0.00135094 0.000263144 -0.00189082 0.00284009 -0.00519979 0.0038993 -0.00748645 0.00592598 -0.00509885 0.00400417
50814 -0.00460234 0.00359268 0.0077046 -0.00075078 -0.00600225 0.000883878 -0.00493148 -0.00759693 0.00112283 0.00464072 -0.00325838 -0.00508256 0.00222743 -0.000739265 0.000865357 -0.00624538 5.57594e-05 0.00375868 0.000985757 -0.00643207 0.00688753 0.00240434 0.00571074 -0.00311482 0.00223977 0.00508436 0.000237279 0.00315336 -0.0068505 -0.00373582 0.00667312 0.00105793 0.00116634 -0.00452876 0.0058203 0.000417858 0.00657894 0.00652788 0.00508259 0.00204113 0.00305384 -0.00122156 0.00339286 0.000665945 0.00390349 -0.00512505 -0.00281488 0.00693744 -0.00217803 0.00252384 -0.00649485 0.00256543 0.00729807 0.00395489 0.00470348 0.000237639 -0.00109998 0.00772115 -0.00784962 -0.00742156 -0.00120258 0.00196048 -0.00255969 0.00212491
172811 -0.00509369 -0.00214029 0.00532733 -0.00679795 0.006973 -0.0076 -0.0024124 5.8672e-05 0.00102942 0.00161558 -0.0061702 0.00175266 -0.00189367 -0.00278403 0.000578355 0.00182127 0.00719741 -0.00563311 0.000640255 0.00392525 0.00694622 0.00518911 -0.00531699 -0.00518787 -0.00507514 0.0047829 0.00352395 0.00213278 0.00647684 -0.00300887 0.00485798 -0.0041511 0.00492764 -0.00357727 0.00508757 -0.00576674 0.00401202 0.000303198 -0.000875014 0.00598006 -0.00564434 0.000902755 0.00723174 -0.00305677 0.00203777 0.00194522 0.00438782 -0.00571861 -0.00459508 -0.00267179 0.00490026 0.00554487 -0.00476759 -0.00135312 -0.00366314 0.00421992 -0.00120595 -0.00670638 0.00199161 -0.00101131 0.00633159 -0.0016658 -0.00586001 -0.00650595
223556 -0.000645189 -0.00565874 0.00165026 0.0034162 0.000359938 0.00457373 -0.00736761 3.29599e-05 0.000308341 0.00331984 0.00248432 -0.000256381 -0.00488873 2.37254e-05 -0.00782597 0.00692311 -0.00683617 0.00124153 0.00111989 -0.000172275 0.00352842 0.00351983 0.00388959 -0.00376197 0.00465205 0.00537341 -0.000198205 -0.00347122 -0.00157244 0.00234335 -0.00191658 -0.00146359 -0.00611244 -0.000404991 0.0045777 0.00491354 0.0077678 0.00691329 -0.000604176 0.000628284 0.00587734 0.00357269 -0.00156844 -0.00775646 -0.0027326 -0.00623223 -0.000590324 0.00761913 0.00172614 -0.00035088 -0.00202545 -0.00625067 -0.0069525 0.00349597 0.00157293 -0.00663955 -0.0075797 -0.00179982 0.00666057 0.00774013 0.00728878 0.00172594 -0.00751509 0.00538052
131614 0.00623035 0.00705862 0.00551891 -0.00214624 0.000496864 0.00422573 -0.00187731 0.00264549 -0.000431538 -0.000429153 -0.00427198 0.00274611 0.00659847 -0.00327349 0.00455999 0.0027051 -0.00766945 0.00510263 0.00134039 -0.00586462 -0.00244761 -0.00658083 -0.00541162 -0.00610971 0.00614882 -0.00517559 -0.00114727 -0.00177622 0.00427961 -0.000179291 0.00537682 0.000884533 -0.00722313 -0.000204563 -0.0063777 -0.00346565 -0.00671625 0.00488997 0.00465727 -0.00756884 0.00272846 -0.0072608 -0.00729418 -0.0033493 -0.000840664 0.0024519 0.00711775 0.00578308 0.000403404 0.00223827 -0.000818253 0.00725222 -0.0026679 -0.0049572 -0.00646687 0.00357485 -0.00243139 0.00623083 -0.00328779 -0.004426 0.00141287 -0.00419903 0.0076251 -0.00563049
302668 0.00531946 -0.00461869 0.00256378 -0.000880875 -0.00541366 -0.00282303 -0.00705811 -0.00502606 0.00689163 0.00357846 0.000911918 0.00144792 0.00723274 -3.05458e-05 -0.0037822 0.00658203 0.000167255 -0.00527926 -0.00758342 0.00762474 -0.00233005 -0.00554976 -0.00131201 0.0041979 -0.00210007 -7.21934e-05 0.0026728 -0.00434806 0.00439447 6.62141e-05 0.00663325 0.00266776 0.00290119 -0.00057412 0.000610264 0.00351123 0.00633266 -0.00370712 0.00580229 -0.00426691 0.00485311 -0.00670057 -0.0020935 -0.00320285 -0.00606486 0.00555736 -0.00206159 0.00210746 -0.00125475 0.00545286 -0.00406211 0.000403441 -0.00279425 0.00453187 0.000214207 0.00054209 -0.00688076 -0.00652295 0.00125555 -0.00609006 -0.00356961 0.00295953 3.29167e-05 0.00301986
218261 -0.00635416 0.00485344 0.00131535 0.00659861 -0.00697298 -0.00300109 -0.00409666 0.00316882 0.00680196 0.00485111 0.00625293 -0.00634139 -0.00533222 -0.000745597 -0.00375508 -0.00322292 0.00441627 -0.00192183 0.00530763 0.00626485 0.00456797 0.00263308 -0.00658275 0.00433123 0.00183209 -0.00731661 0.00569564 0.000862666 0.00213168 0.00586944 0.00582372 -0.00412019 0.00216372 -0.00708513 -0.000591735 0.0053585 0.00659446 0.00609107 0.00116663 0.00163861 -0.00697292 0.00649905 -0.00138729 0.00235285 0.0067919 0.00403288 -0.00323334 0.00218494 -0.0039897 0.00209258 -0.000947172 -0.00200277 0.00553386 -0.00715744 -0.00516995 0.00409379 -0.00288666 0.00629655 -0.00467336 -0.00474148 -0.00781157 0.00628525 0.000755602 0.00407771
323200 -0.00768328 -0.0051899 0.00313616 -0.00403929 -0.00125217 -0.00600338 0.00124741 -0.00139904 0.00765944 0.00106573 -0.0075202 0.0013957 0.00597048 0.00704002 -0.0056324 0.00618696 0.000468731 0.00374508 -0.000389099 -0.00480127 -0.00425005 0.00619173 -0.00510502 -0.00490999 0.000572205 -2.52724e-05 -0.00579357 0.00230646 -0.00622702 -0.0031991 -0.00173473 -0.00419331 0.00746679 -0.00157118 0.00263453 0.00541639 -0.00695229 0.00525761 -0.00262785 -0.00685263 0.00271273 -0.00514412 0.00266933 0.000103474 -0.007339 0.00666285 0.0052104 0.00381184 -0.00056982 -0.0074749 -0.00405788 0.00110483 -0.00447893 0.00680351 0.00525427 -0.00424004 0.00390863 0.00509453 -0.00750494 -0.000220299 -0.00366879 -0.00283432 0.00144768 -0.0068655
308133 -0.00117866 -0.00502321 0.00129583 -0.00227642 0.00671164 0.00174858 -0.00424412 0.00733811 -0.00588288 -0.0023972 -0.00518786 0.00735999 -0.00775401 -0.0031199 0.00378131 -0.00250746 0.00717567 -0.00733151 0.005628 0.00294 0.00331705 0.00126895 -0.00410006 0.000580041 0.000374201 -0.00596066 -0.00635145 -0.00378218 -0.00130026 0.00701536 0.00309203 -0.00564947 -0.00328678 -0.00503653 -0.000323069 -0.001011 0.00365338 0.00360406 -0.00689357 -0.00755701 -0.000828607 0.0067458 -0.00550017 6.46988e-05 -0.00758622 -0.00129667 0.00143552 -0.0031082 -0.00721994 0.000568148 -0.0025686 0.00306438 -0.00469524 0.00736644 0.00480726 -0.00424369 0.000155022 0.00502875 -0.00138862 -0.000147686 -0.00691113 0.00591403 0.0017076 0.00497953
135109 0.00255081 -0.00386426 -0.00334137 0.00336479 0.00401647 -0.00515629 0.00581136 0.00081079 0.00550758 0.00750099 -0.00623798 0.00179957 0.0059798 -0.00279604 -0.00113029 0.0035436 0.00441374 0.000475244 -0.000707067 0.00336276 0.00450895 0.00726866 -0.00294091 0.00584726 -0.000430991 0.0016091 0.00611382 0.00243498 -0.00292937 0.000305024 0.000562073 0.00688907 0.00244259 0.000489134 0.00342022 0.00476913 0.00590357 0.00276233 -0.00525958 -0.00171681 0.00218331 0.00431741 -0.00232522 0.00422924 -0.00775682 0.00464125 0.0025085 -0.00507054 -0.00127045 -0.00442034 0.00655338 0.00511218 -0.00580211 -0.00547447 0.00574549 0.000710136 -0.00396931 -0.00233853 -0.00361787 -0.00431441 0.00570263 -0.00766547 -0.00668612 0.00436415
323314 0.000776827 -0.00317563 -0.00182579 -0.0035869 0.00120114 0.00257183 0.00254612 0.00512048 -0.004695 0.00487758 -0.00660428 -0.00138831 -0.00176944 -0.00278268 -0.00724528 0.00269658 -0.00447377 -0.00746145 -0.00463476 -0.00626151 0.00024812 0.00474951 0.00674655 0.00382179 0.00433129 -0.00518011 -0.00542548 0.00170512 -0.00732105 -0.00490606 -0.00580218 -0.00592542 0.00254424 -0.00611648 0.00307354 0.00252586 0.00658793 -0.00297795 0.000779243 0.00172073 -0.00744021 0.00477447 -0.00334894 0.00697135 0.00177893 -0.005954 0.00234943 0.00335637 0.00110786 0.00135972 0.00292175 0.000670418 0.00463256 0.00712373 -0.00305153 -0.000345051 -0.00625929 -0.00189991 0.00736636 -0.00460892 0.00283149 0.00218733 0.00729681 -0.00505263
129767 -0.000989598 0.00326018 0.00694082 -0.000386662 0.0011647 -0.000527454 -0.00377229 0.00727178 0.00295808 0.00293225 0.00544148 0.00397247 0.00594021 -0.00611864 0.00663192 -0.00350126 0.0070954 0.00439612 0.000624577 -0.00524702 -0.000837207 -0.00249709 -0.00575707 -0.00483065 -0.00247 0.000500682 -0.00761245 -0.0020222 -0.00291021 0.00227833 -0.00482428 0.00252974 -0.00168813 -0.00663251 -0.00407456 -0.00466912 0.00453122 0.00386417 0.00219167 0.0013653 0.00582175 0.00172479 -0.000668595 -0.00505581 0.00713244 0.00698057 0.00234532 0.00444091 0.00702427 0.00280882 0.00511007 0.00650717 9.24118e-05 -0.00150544 0.00633152 0.00504562 0.0034692 -0.00186652 -0.00160933 -0.000913776 0.00774072 -0.00440422 0.00400842 0.00366537
323388 -0.0053363 -0.00168428 0.000693595 -0.00339554 -0.001197 -0.000766055 0.00499636 0.0021029 -0.00236858 0.00693077 0.00273881 0.000439811 -0.00437036 0.00773513 0.00689406 -0.00552351 -0.00449319 0.00130593 -0.00145838 0.00371494 0.00212535 -0.00285022 -0.000811705 0.00403727 0.000863581 0.00649208 -0.00627346 0.00323984 -0.00142733 -0.00651689 0.00700491 -0.00716487 -0.00107254 -0.00649643 0.00243642 -0.00571186 0.00644214 0.00190284 -0.00242552 0.00377581 0.00721527 -0.00335711 0.00589327 -0.00628918 0.00227951 -0.00239442 -0.00372695 0.00374225 0.00030243 -0.00751215 -0.0072535 0.000335402 -0.00694676 0.00756592 0.00706776 0.00589084 -0.00382089 -0.00277603 0.00663408 -0.000765401 0.0046059 0.0028307 -0.00132691 0.00290313
240492 -0.00722907 0.0040025 -0.00405741 -0.00573201 -0.00312342 0.00763096 -0.00756931 -0.00764373 0.00285646 -0.00109144 -0.00304379 -0.00580513 0.00452189 0.00456021 -0.00110651 -0.00162773 0.00320603 0.00340092 -0.00385174 -0.00547698 0.00202551 0.00775234 0.00666331 -6.80369e-05 -0.00275705 -0.00739212 0.00061641 0.0060558 -0.00715932 -0.00510018 -0.00576432 -0.00389686 0.0055956 -0.00339646 0.00429868 0.00230593 -0.00442764 -0.00713514 -0.00665422 -0.00779971 0.000832792 -0.00134236 -0.00719144 0.00541331 0.00475964 0.0057553 0.00140827 -0.00100091 0.00367059 0.00217198 6.99899e-05 -0.000907472 0.00402949 0.00306197 -0.00403923 -0.00106027 -0.00230475 0.00255182 -0.000983105 -0.00402007 0.00121292 -0.000760831 -0.00115124 0.00420926
100263 0.00635537 0.00322062 0.00162297 0.00763341 0.00601884 0.00710601 -0.00763089 0.00403672 0.00349408 -0.000323387 -0.00777524 -0.00104703 -0.000918315 0.00483691 -0.00397611 0.00205432 0.00214039 0.00713825 -0.00741598 -0.00435594 -0.000248127 -0.00599157 -0.00628141 0.00693192 -0.00727591 -0.00645544 0.00735387 0.00274866 -0.000630681 -0.00614452 0.00728024 0.00418456 -0.00370709 -0.00271367 0.00637694 -0.000730374 -0.00583391 0.00220147 0.00370162 0.00437768 -0.00117015 -0.00634449 0.00716974 -0.00691836 -0.00715394 0.00125186 -0.00420831 -0.00419586 0.000864813 -0.00675948 0.0067148 -0.00390813 -0.00138822 -0.0072962 -0.00696537 0.00440725 -0.00539252 -0.00199076 -0.00282487 -0.00258572 -0.00273412 -0.000471568 0.00407863 -0.00443273
22779 -0.00569327 0.00194555 0.00349081 -0.00330012 -0.00210088 0.00367315 -0.00126331 -0.00754141 0.00844401 0.00737246 0.000656137 0.00578469 0.000689965 0.00535255 0.00375809 0.00720527 0.00314451 0.00104144 -0.00610008 -0.00353053 0.00427442 0.00686289 -0.00841202 -0.00568088 0.00131224 0.00527616 0.000278952 -0.00300349 -0.00108987 0.00160003 -0.00588701 0.000951456 0.00363033 -0.00161339 0.00606812 0.00425382 0.00135666 0.00109879 0.0045113 0.00770866 0.00554312 0.00690681 -0.00576167 0.00657757 -0.000362193 -0.00750295 -0.00371432 0.00789722 -0.00102327 -0.00274169 -0.000145263 -0.00806702 -0.00346616 0.00822834 -0.00512723 0.003949 -0.00315369 0.00692566 -0.00111873 0.0036122 0.000534669 -0.00455948 0.00605909 0.00353344
270289 -9.20332e-05 -0.00063149 -0.00584948 -0.00768845 -0.0016916 -0.00529472 6.32883e-05 0.000766743 0.000271227 -0.00538684 -0.00600759 -0.00397475 0.00727559 -0.00408116 0.00382545 0.00748425 -0.00549159 -0.00208992 0.00130126 -0.0054028 -7.43322e-05 -0.00498035 -0.00521078 0.00245468 -0.00182562 -0.00112955 0.00493442 0.00170125 -0.00579728 0.00405655 0.00716572 -0.00548495 0.00518497 -0.0064919 0.00768856 -0.00399881 0.00771287 -0.00194391 -0.00729444 -0.00670902 0.00150741 0.00752597 0.00133344 0.00710994 0.00337246 -0.00300449 -0.00228946 -0.00700909 -0.00220972 0.00717054 0.00649454 -0.00278444 -0.00366689 -0.00634981 0.00626074 0.000967644 0.00720775 -0.00343974 -0.00487854 0.00725197 -0.00484945 0.000223779 0.00447651 0.00166552
323542 -0.00231365 0.00135498 0.00635433 0.00120856 -0.00526298 0.00231425 0.00561818 -0.00112053 0.00474986 0.00707925 0.000688377 -0.0077227 -0.00691691 0.00444913 0.00221286 0.00476939 0.00231103 0.00153291 0.00438207 -0.00528444 -0.00391965 -0.00607821 0.0022192 0.000112076 -0.00305204 0.00220132 0.0077182 0.0045592 -0.002451 -0.00243524 -0.00648409 -0.000278564 0.00265223 0.00151555 -0.00648696 -0.00583998 -0.00325135 -0.00412894 0.00748537 0.00674152 0.0067439 0.00563644 0.00479765 -0.00163086 0.00604705 0.00703788 0.000408942 -0.00318996 0.00385122 0.00765101 -0.0020731 -0.00398111 0.00135654 -0.0029607 -0.00769272 -0.00669572 0.00403294 0.00627279 -0.000654933 -0.00719749 0.0043702 0.00618293 0.00680753 0.000552933
323543 0.000837476 0.0063677 0.00207527 0.00701689 -0.00226787 -0.00698227 0.00221909 -0.00205158 0.00596139 0.00298025 -0.0069663 -0.00705832 0.00325282 0.00448584 -0.00387386 -0.00703342 -0.00115584 -0.00695049 0.00252546 -0.00560485 -0.00661616 -0.000239077 0.00713957 -0.00382788 0.00416297 0.0026154 0.00285896 0.00202844 -0.00298138 0.000180091 0.00389789 -0.00700427 0.00490245 0.00118444 -0.000525933 -0.00621584 0.00651509 0.00431213 0.000263837 0.00763039 0.00214798 0.00255045 0.00472107 0.00576092 0.00151449 -0.00753773 -0.00127806 -0.00682818 0.00133283 0.00686786 0.000713065 -0.00216785 -0.00681062 -0.00552979 0.00458997 0.000951806 0.00547801 0.00410772 0.00163819 -0.000613562 -0.00304438 -0.00352408 -0.00309113 0.00384352
293938 -0.00140619 0.00525951 -0.00205708 0.00128984 -0.00561476 0.00396013 0.000622272 0.000401974 -0.00352097 -0.00465631 -0.00135279 0.00360775 -0.00380182 -0.00676203 0.0069356 0.00485325 -0.00491238 -0.00762463 0.00299692 -0.00139332 0.000436783 0.000540257 -0.00541925 0.00680494 0.00233459 -0.00426245 -0.00755262 -0.00165558 0.00404024 0.00710678 0.00300026 0.0053215 -0.00224113 -0.00512028 0.00710011 -0.00196934 0.00447226 -0.00626612 -0.00707912 -0.00520468 0.00741529 0.007339 -0.00645971 -0.000107288 0.00722837 -0.00655413 -0.00599861 -0.00435114 -0.00287819 0.00544071 0.00228834 0.00383663 -0.00767136 0.00159216 -0.00729322 0.00495672 0.00594425 -0.00271177 0.000478745 -0.00384378 -0.0039587 -0.00663757 -0.00207663 0.00761557
103373 0.00434275 -0.00359033 0.00294313 -0.0012455 -0.00462502 0.00185272 0.00297208 0.00117254 -0.00775588 0.00522601 0.00582197 0.00731123 0.00144335 0.0066319 0.000812463 0.00316247 -0.0056878 -0.00390831 0.00450838 0.00468494 0.00247799 -0.00749213 0.00412148 -0.00626053 -0.00221325 0.000653077 0.00185043 0.00533452 0.00691432 0.00557698 -0.00593972 -0.00264568 0.00591468 -0.00711222 0.00574556 0.00227425 -0.00260222 0.00542835 -9.09986e-05 0.0059618 0.0034849 0.00598842 0.00245275 0.00665277 0.00159978 -0.00482562 -0.00426142 -0.00591205 0.00645712 -0.00411721 -0.00215557 0.00731476 -0.00448017 -0.00507117 -0.00742628 -0.00551961 0.00770647 0.000982576 0.00154202 0.00662892 0.00154763 -0.00396465 -0.00628181 -0.000386598
32543 0.00739002 0.00186968 0.0023675 0.00659227 0.00335979 -0.00746202 0.0043726 0.0029335 0.00136662 -0.00119209 -0.00492477 -0.00584269 -0.00685978 -0.00498676 -0.000952244 0.00512028 0.00767326 -0.00702715 -0.00124502 0.00205851 -0.00751781 -0.00496531 0.00513268 0.00449371 0.00453138 -0.00285482 0.00203466 -0.00406361 0.00134659 0.00628281 0.00429964 8.72612e-05 -0.000595093 -0.00243092 -0.00738382 -0.00607967 -0.00028944 -0.00585842 -0.00381327 -0.00690031 -0.00548697 0.00760174 -0.00738287 -0.00325823 0.00195074 0.00649834 0.00541544 0.00196934 0.00508213 -0.00558996 0.00601673 -0.00597715 0.00770903 0.00571203 0.000720978 -0.00262642 0.00532818 0.0068388 0.00321627 -0.000142574 0.00549412 -0.00449324 0.00743961 0.00714588
148808 0.005301 0.00445271 0.00520563 -0.00730562 -0.00223255 0.00528526 0.00710344 0.000494957 -0.00703907 -0.00287771 0.00171423 -0.00611162 0.000637054 -0.00563526 -0.000849724 0.00464106 0.00711632 -0.0048418 0.000224113 0.00367212 0.00253773 0.00425959 0.0059886 0.000751495 -0.0025301 0.00436831 0.00271416 -0.00231791 0.00689363 -0.00348902 0.00579548 0.00542212 0.00302553 0.00353527 0.00389147 -0.000353813 0.00251627 0.00106287 -0.00381994 -0.00604296 -0.00739908 -0.00193357 -0.00472212 -0.00412321 0.00236416 -0.00293875 0.00119925 -0.00643063 -0.00754547 -0.00643396 0.00641251 0.00405645 -0.00559473 -0.00517559 0.00611401 0.00275183 0.00101852 -0.00129843 -0.00434303 -0.000553131 0.00772238 0.00648355 0.00737476 0.00244951
188034 0.00324059 -0.005126 -0.00313616 -0.00460768 -0.00302935 -0.000951767 0.00596905 -0.0034771 0.00641537 -0.00232506 0.00627899 -0.00312519 -0.00167656 0.0017662 0.00662994 0.00338745 0.00374222 0.00702429 0.000301838 -0.00101376 -0.00559855 -0.00721693 0.00727463 -0.0011754 0.00624943 0.0022254 0.00598145 -0.000925541 0.00381184 0.00259352 -0.00569487 -0.00253773 0.00244856 -0.00243139 0.00549698 0.0069375 0.00467014 -0.00320387 0.00627041 0.00730371 0.00197506 0.00222921 0.00274658 0.00618649 0.00460911 0.00688934 0.000256062 -0.0020709 0.00696325 -0.00615788 0.00204515 0.0074091 0.00726748 -0.00650692 0.0053916 0.00736761 0.00490475 -0.000506401 -0.00731611 0.00562572 0.000269413 0.00449085 0.000961781 -0.00298309
122326 -0.00129115 0.00282859 0.00191734 -0.00174221 -0.00401038 0.00309578 0.00335913 0.00149443 -0.00480076 0.00587651 -0.00286346 0.00150647 -0.000208566 0.00641572 0.00346094 -0.00473568 0.000797243 -0.0061314 -0.00202349 0.000947928 0.000131585 0.00360484 0.00173708 0.00723925 0.00581773 -0.00588993 0.00602908 -0.00361463 -0.00407693 -0.00379953 0.00450136 -0.000643055 0.00680325 0.00552533 0.00242891 -0.0044878 -0.00273255 0.00679968 -0.00609138 -0.00721621 0.00347764 0.0059295 -0.000551626 0.00645239 0.00270718 0.00565295 -0.0036559 0.00497859 0.00113247 0.0034662 0.00375081 -0.00257203 -0.0037062 -0.00608713 0.00307414 0.000255842 0.00365865 -0.00691207 0.000124746 -0.00485668 -0.00137466 0.00418251 0.0033793 -0.00561458
114931 -0.0032933 0.00352954 0.00564 -0.00717075 -0.00254312 0.00761587 -0.00564849 0.00240159 -0.00128897 0.00344459 0.00175529 -0.0021198 -0.00508849 0.00543656 -0.00474336 -0.00254843 -0.00622031 0.00692454 0.000498635 -0.00108364 -0.00280897 -0.00644768 0.00562179 -0.00459071 -0.00545086 0.00684957 0.00502624 -0.00619317 -0.00537645 0.00363823 0.0010438 -0.00476473 0.00175562 -0.00142632 0.00742164 -0.000251106 -0.00528772 0.00149433 -0.003418 -0.00387886 0.00124906 0.00271793 -0.00657563 -0.00127239 -0.00164907 0.00218697 0.00658476 -0.00304499 -0.00234453 0.00738908 -0.00108214 0.00663868 -0.00243941 -0.00402619 -0.00428045 -0.00630274 0.00732983 0.00236465 0.000822737 -0.000457816 -0.00521248 -0.00332563 0.0065371 0.00623151
132103 -0.00523308 -0.00462398 0.00138936 -0.00614192 -0.00354815 -0.00497026 -0.00312771 -0.00585098 0.00162682 -0.00411605 -0.00718902 0.000183124 -0.00258261 0.00358531 -0.00486057 0.00395097 0.00157059 -0.00409421 0.00674829 0.00592513 0.0018858 0.00573226 -0.0039592 0.0031476 -0.00572302 -0.00309203 -0.00290952 0.00323792 0.00376969 -0.00346208 0.00292797 -0.00738818 -0.00355442 0.00250588 -0.00575159 -0.000682748 0.00376563 0.00642955 -0.00250838 -0.00743747 0.00743667 -0.00594932 0.000217724 -0.00695165 0.00128857 -0.00265794 -0.00645018 -0.00502708 -0.00405345 -0.00183653 -0.00163165 -0.00290434 -0.00768394 0.00747708 0.0035892 -0.00759456 0.00270823 -0.00442981 0.000450843 -0.00450171 0.00425325 -0.00340524 -0.00567207 0.00477939
136629 -0.00167558 0.000237782 0.00607669 -0.00720161 -0.00424007 0.00242371 0.00537252 -0.00507684 -0.00344953 -0.00363525 -0.0021661 -0.0010499 -0.00262442 -0.00216071 -0.00707884 0.000812936 0.00391739 -0.00365379 -0.00780283 -0.00422572 0.00742622 -0.00288192 0.00484691 -9.59512e-05 0.00338236 0.0068031 -0.000170466 -0.00250966 0.00383036 0.00131474 0.00563956 0.00681487 -0.00781097 0.00421548 0.00685861 -0.00248382 0.00765899 -0.00758913 0.00307026 -0.00355169 -0.00495222 0.00493797 -0.00344707 0.00740085 -0.0024483 -9.08823e-05 0.00564894 -0.00321199 0.0032823 0.00744956 0.005151 0.00117898 0.00077354 -0.00281054 0.00765216 -0.00665436 -0.000304362 -0.00427109 -0.0029291 -0.0011 0.00344492 -0.00475093 0.00540317 0.00134664
191692 0.00419848 0.00124608 -0.00325767 0.00455217 0.0059212 -0.00354053 0.00746739 -0.000320174 -0.000658612 -0.00564033 0.00517825 0.00763701 -0.00759657 -0.00662686 0.00213738 -0.00266736 0.0042144 0.00489634 0.00350141 -0.00307319 -0.00121895 -0.00510893 -0.00649657 -0.00591799 -0.00328813 -0.00698073 0.00768401 0.00427212 -0.00178144 0.00518043 -0.00232731 -0.00139234 -0.00185384 -0.00186596 0.00355404 0.00507667 -0.00259315 -4.15724e-06 -0.00391528 -0.00122559 0.00725757 0.00532905 -0.00176736 0.00438488 -0.00307465 -0.00469667 0.00535132 -0.00750997 0.00316905 -0.00321274 -0.00110688 -0.00321027 0.00456424 0.00415242 -0.00327716 0.000626928 0.000802116 0.00205485 -0.00292935 0.00220382 0.0077768 0.00703458 -0.00746304 -9.21879e-05
79790 0.00253731 0.00448199 0.00625617 0.00485296 -0.00154878 -0.00127556 -0.00276515 -0.00462262 0.00254955 0.00335721 -0.00471673 0.00142785 0.00427654 0.0025126 -0.00332083 -0.00452891 -0.00220876 -0.00537375 3.92847e-05 -0.00104043 0.000328897 0.00313611 -0.00601841 0.00219812 0.00411643 -0.00196486 0.00689755 -0.00367158 -0.00126572 0.00316982 0.00536685 -0.00112934 -7.31142e-05 0.00244623 -0.0030898 -0.00600384 0.0031758 0.00021597 -0.00111837 -0.0016938 0.00151323 0.0045911 -0.00263081 0.00225012 0.0011368 0.0077491 -0.00579383 -0.00457845 0.00298812 -0.00221665 -0.00189536 0.000702501 -0.00749658 -0.00299142 -0.00113333 -0.0041219 0.00036658 0.00646103 -0.00187679 0.00550851 -0.00630932 0.00760655 -0.00558682 -0.00399613
5857 0.00611019 -0.00708437 -0.00358295 -0.00700521 -0.000434399 0.0071826 -0.00679302 -0.00745153 0.00651503 -0.00280619 0.00347996 -0.00592613 -0.000713825 -0.000935078 0.00565624 0.0045433 0.0036726 -0.00665379 -0.00306892 -0.00086832 -0.0027132 0.00211477 -0.00108862 0.0013876 0.000386238 -0.0061059 0.00743532 0.00125885 -0.00654936 -0.00173998 0.00132132 -0.000443935 0.0067277 -0.00394726 0.00760508 0.00648451 0.000394344 0.00267315 -0.00574064 0.00157404 0.0055542 0.00413084 -0.0057888 -0.00486088 0.00409698 0.00707483 -0.00273418 -0.00453043 0.00200558 0.0031023 -0.00186491 0.00626755 -0.00710583 -0.000801563 0.0028038 -0.000854015 0.000739098 -0.00727558 0.00642586 0.00133705 -0.00767183 -0.00406265 -0.00500584 -0.00657558
267857 0.00464773 0.00407982 -0.000409126 0.00724268 -0.00351763 -0.00359535 0.00546551 -0.00623655 0.00381374 0.00478745 -0.00524998 0.0073595 -0.00107145 -0.00445223 0.00318241 -0.00498152 0.00156832 0.00538683 0.000895023 0.00251627 -0.00172186 -0.0041976 -0.00673437 -0.00762033 -0.000460148 0.0075202 -0.00436258 0.00751829 -0.00602674 0.0011754 -0.00333738 0.000353813 0.0041852 -0.00296497 0.00156116 -0.00116348 0.00355816 -0.0062561 0.00443649 0.00728989 -0.00769758 -0.00236559 -0.00343704 0.000977039 0.00768757 0.00195551 0.000407219 0.00608444 0.00740767 -0.00242805 0.00192642 -0.000986099 -0.00525808 -0.00490284 0.00528097 0.00730038 -0.00365734 -0.000602245 0.00437927 0.0054245 -0.00431871 -0.00543833 0.00163794 0.00346327
246298 -0.00450611 0.00524902 -0.00661421 -3.05176e-05 -0.000248432 -0.00433588 0.00540543 -0.00609779 -0.00525618 0.000184059 0.00430107 -0.00738001 0.0010581 -0.00312424 0.00256205 0.00763798 -0.00521469 -0.00392818 -0.00449705 0.00640678 0.00411797 -0.00414276 0.00108051 -0.000682354 0.00779057 -0.00460768 -0.00298309 -0.00418425 0.00402498 -0.000836849 -0.00502157 -0.00680208 0.00144291 -3.05176e-05 -0.000631809 -0.00239325 0.00372028 -0.00125694 -0.00327396 0.00642204 0.00507689 0.00211906 0.00454712 -0.00157166 0.00587654 -0.00663376 -0.00260925 0.00159693 0.00292826 0.00509405 0.00470781 0.00360298 -0.00498533 -0.00753498 -0.00485802 -0.0063343 0.00511694 -0.00529385 -0.00202274 -0.00541306 0.00360441 0.00240326 -0.00163698 -0.00142479
296949 -0.000485412 0.00273736 -0.00549879 -0.0061415 -0.0034694 -0.0048302 0.0033493 -0.00438078 0.0030855 -0.00346261 -0.00292545 0.00282032 -0.00425067 8.93297e-05 -0.00636437 -0.00280708 -0.00561405 0.00101215 0.00328356 0.000273503 -0.00779661 0.00614896 0.00730362 0.0072787 -0.00773326 -3.01498e-05 -0.00200501 0.00150662 0.00394621 0.00294697 0.00757695 -0.00656988 -0.000175993 0.00727366 -0.00180281 0.00594259 -0.0002567 0.00397737 -0.00679603 -0.00229152 0.00123788 -0.00441223 -0.00517852 0.00529892 0.000464314 0.00569431 0.00538817 -0.00459755 -0.00425979 -0.00511801 -0.00612769 0.00559764 -0.00156219 0.00690281 0.000301222 0.00192735 0.00590758 0.00158558 0.000974547 0.000297526 -0.00748648 -0.00496707 -0.00742475 0.00580713
233621 -0.00157928 -0.00494432 -0.00382614 0.00374699 -0.00260925 -0.00707722 0.0019002 -0.00623989 -0.00209522 -0.000812054 -0.00732422 0.00492144 -0.00345564 -0.00558424 0.00529385 0.00446081 0.00368357 0.0011425 0.00779772 -0.00297356 -0.00542164 0.00713539 0.00472784 -0.00647593 0.00604868 -0.00663853 -0.00720119 0.00531816 -0.00258112 -0.000235081 0.0067606 -0.00701141 -0.00720549 -0.00209904 0.00299263 0.00353765 -0.00166559 0.00352907 -0.00753927 0.00336552 -0.00714111 -0.00491714 -0.00128603 0.000275612 0.00106573 -0.00700283 0.00254822 -0.00690937 0.000823498 0.00644064 -0.00411034 -0.00161743 0.00194359 -0.000699997 -0.0059762 0.00539637 0.00101995 0.00383997 0.0037241 -0.000696182 -0.00651026 0.00264692 -0.000467777 -0.00239325
125570 -0.00249815 0.00414085 -0.000509262 0.00545931 0.00512743 -0.00523233 -0.00429201 0.00660181 0.00299454 0.00566292 0.00293303 0.00504589 -0.00649786 -0.00748062 -0.00386572 -0.000166416 0.0024581 0.000819206 0.000277519 0.00176096 0.00428391 0.00267267 -0.0060935 0.00563431 0.000634193 0.0024209 -0.000896931 -0.00430012 -0.00391865 0.000364304 0.0038085 0.00719833 -0.0026741 0.00553179 -0.00467825 -0.00645256 -0.00165892 -0.00065136 0.000972271 0.00648689 -0.000211716 -0.00575733 -0.00710726 0.00119209 -0.00614548 -0.00470257 0.00602245 -0.00757122 -0.00589609 -0.00663185 -0.0018549 -0.00123453 -0.00537777 0.000893116 0.00420427 0.000916481 0.000538826 -0.00680971 0.00433779 0.00747252 -0.00141668 0.00084734 -0.00462961 0.000977039
45019 -0.00566466 -0.00284602 -0.00228878 -0.00180923 -0.000844771 -0.00125088 0.00273447 -0.00243518 0.00321541 0.00575514 0.000714192 0.00155895 0.000124437 -0.000850088 -0.00497635 -0.00724651 -0.00618894 -0.00353545 -0.00479389 -0.00383777 0.00659557 0.00447915 -0.00128939 0.00518974 -0.00218135 -0.000632388 -0.00454723 8.15456e-05 0.00382531 0.00780144 0.00207769 -0.00343161 0.0068929 -0.00635499 -0.00422491 0.00270332 0.00658703 0.00135065 0.00194396 -0.00210761 0.00283948 -0.00538897 -0.00694418 0.0025675 0.00410747 -0.00210885 -0.00620675 -0.000934291 0.00611679 -0.00486566 -0.00419302 -5.10207e-05 0.00439352 0.00395167 0.00406846 -0.00686383 0.00673323 0.000378791 -0.00700427 0.00149372 0.00762229 0.00452182 -0.00487147 0.00373653
272099 -0.00644684 -0.00367832 0.00749731 0.00471544 -0.00236559 -0.00503159 0.00273561 0.00107288 0.00624514 -0.00323629 -0.0025506 0.0001688 0.00656891 -0.00396967 0.00751448 0.00070715 0.00498438 -0.00716257 0.000349998 0.000874996 -0.00573444 0.000734329 0.00456142 -0.00693512 -0.003932 -0.0048728 -0.000300884 0.00738716 0.000479221 0.00103188 -0.00223541 -0.00743914 0.00722313 -0.0045085 0.00151014 0.00243378 0.00592041 -0.00473309 0.00116682 -0.00766325 0.00624609 0.00509119 0.00714779 0.00603294 0.00225973 -0.0060277 -0.000893116 -0.00503874 -0.00262403 -0.00329256 0.00765276 0.00365686 0.00549746 -0.00753355 0.00597382 -0.00569439 -0.00146914 0.00136375 -0.000451088 -0.002563 -0.00293875 0.00399542 0.0068202 0.00233459
228481 -0.00682093 -0.000138144 0.00651386 -0.00708629 -0.00421868 -0.00284118 -0.00246876 -0.00417544 -0.00273459 -9.2557e-05 -0.00247077 -0.000459085 -0.00493011 0.00331092 -0.000119302 0.00176606 0.00743462 0.0017202 -0.00167327 -0.00237035 -0.000377251 0.0032116 0.00376045 -0.00676126 0.00149375 -0.00662527 0.00586479 -0.00213782 0.00593593 -0.000910598 -0.00614487 0.00222089 0.00739056 0.00609334 0.00188214 0.00417599 0.00342075 0.00703595 -0.00204972 -0.00401061 0.00643326 -0.00376787 0.00395639 0.00651501 -0.0019458 3.01127e-05 -0.000343345 0.00151052 -0.001719 0.00620864 -0.00248241 0.00271876 -0.00590623 0.00582871 -0.00124093 -0.00640445 -0.00623359 -0.00428736 -0.0017766 0.0030867 -0.00205994 -0.000858973 -0.00181176 -0.000249718
324364 -0.00178787 -0.00145498 -0.00418952 0.001124 -0.00370153 -0.00449865 -0.00224952 0.00026211 -0.000103788 -0.00302844 -0.00301482 0.00556623 0.0025495 0.00252039 -0.00668102 -0.00237586 -0.00315779 -0.0036602 -0.00362559 0.0071399 -3.00768e-05 0.000132831 -0.00296098 0.00643133 -0.00314123 0.00520339 0.000491113 0.00701311 0.000313196 -0.00310935 0.00185227 -0.0058425 -0.00687959 -0.00354568 -0.0059433 -0.00473439 -0.00213886 0.0071454 -0.00152241 0.00773477 0.00767842 -0.00724904 0.00704396 0.00595956 -0.00676036 -0.00637433 -0.0029082 0.000818539 0.000431845 -0.00708365 -0.000301154 -0.00149486 0.00636986 -0.00299782 -0.00533644 0.00335069 0.0025656 0.00631856 0.00292966 0.0031203 0.00234338 -0.00352381 -0.0075363 0.00763933
125166 0.00607235 0.00650094 -2.1797e-05 -0.00266327 -0.00588075 0.0036946 0.00591652 -0.00635026 -0.00114588 -0.00666642 -0.000202925 0.000925686 -0.00436793 -0.00144397 0.00106062 -0.00216427 0.00768867 0.00456209 -0.00637854 -0.00456343 -0.00382112 0.00314773 -0.00724746 -0.00566927 0.00409641 0.0027205 -0.00658044 -9.0488e-05 0.0029874 -0.00265378 -0.0059813 0.00726713 0.00474014 -0.00756418 -0.00136994 0.0022773 -0.00414825 0.00534836 0.00134637 0.00288656 0.00642104 -0.00390808 0.00089481 -0.00127339 -0.00260531 0.00698556 0.000854823 -0.00158153 0.00326461 -0.0036511 -0.00621972 8.84608e-05 -0.00756921 0.0050579 -0.00179432 -0.00307786 -0.00401557 0.0014278 0.00397869 0.00556689 -0.00547727 -0.00511307 0.0049251 -0.00160817
291078 0.0061887 -0.00109475 0.004236 0.00426082 0.00760356 -0.00379889 0.00125842 -0.00582083 0.00227285 0.0020534 0.00225198 0.00715578 -0.00436858 0.00404372 -0.00264956 0.00400319 0.00416549 -0.00059917 -0.00294455 -0.00118153 -0.00322118 0.000504023 0.00722727 0.00447909 0.00576792 -0.00280365 0.00227061 -0.00365104 -0.00573379 -0.0044868 -0.00259724 -0.00572038 -0.00321222 -0.00357313 -0.0028984 -0.00286795 -0.00370921 0.00338141 -0.00261093 -0.00414813 0.00676722 -0.000104071 -0.00661092 0.00250103 -0.00326894 0.00192763 -0.00318853 0.00779043 -0.00187008 0.00132396 -0.00157735 -0.0070759 0.00391705 -0.00137897 0.00607164 0.00233347 -0.000273343 0.00389287 -0.000301677 -0.00497251 -0.00242353 0.00131415 -0.00388377 -0.000773954
153195 -0.00384855 0.00538826 0.00203753 0.00543976 0.000565529 0.00234652 0.00174046 -0.0032115 -0.00516891 -0.00267458 -0.00738525 0.00711012 0.000598907 -0.00739622 -0.00461483 -0.00553656 0.00521851 -0.00687599 0.00572968 -0.000995159 0.00266743 0.00397253 0.00186586 -0.00145674 -0.00741959 0.00756454 0.0057025 -0.00741291 -0.00646782 -0.00573063 -0.000211716 -0.0059309 -0.0060935 0.00301075 -0.00549698 0.00639725 0.00589037 -0.00442362 0.000858784 -0.00685167 0.00529718 0.0055604 0.000214577 -0.00383043 0.000879765 -0.00496578 -0.00559282 0.00315809 0.00021553 0.000493526 -0.00676823 0.00174141 0.00644779 0.00119066 0.00713587 -0.00700998 0.000469685 -0.00236225 -0.00417995 -0.00485992 -0.00404835 -0.000983238 -0.00313997 -0.00203037
237238 -0.00306682 0.000960829 -0.0055089 -0.00769175 0.00707797 -0.00326503 0.00187294 0.00400094 0.000454447 -0.00765068 -0.00155037 0.00688707 0.000574853 -0.00764344 0.000645055 0.00206955 0.00615455 0.0056165 -0.00492123 0.00106578 0.00693672 0.00176446 -0.00712776 -0.00718048 -0.00589655 -0.00172425 0.00563714 -0.00733519 -0.0030776 0.00448404 -0.00330298 0.00626125 -0.00252793 -0.000882213 0.00359707 0.00204912 -0.00770578 -0.000376007 0.0027773 -0.00656171 0.00618539 0.00683558 -0.00194247 -0.00240315 -0.00399088 -0.00495751 -0.0048807 -0.00200771 0.0010435 -0.00577298 -0.00316528 -0.00370821 0.00456504 -0.00290814 -0.0019423 -0.00295294 -0.00739779 0.00554828 0.00603226 0.00606143 -0.00280691 -0.00491712 -0.00115572 0.00591739
30415 0.00563437 -8.34686e-05 0.00593115 -0.00462142 0.00629909 -0.00702163 0.00476871 -0.004685 0.00357639 -0.00767088 -0.00778917 0.00455023 -0.00672537 -0.00710994 -0.00478774 0.00511107 -0.00515133 0.0023683 -0.00406176 0.00234253 -0.00546461 0.00556695 0.00433704 -0.00412982 0.00105827 0.00374725 -0.00337949 -0.00698137 0.0077706 -0.00246891 0.00760474 0.00726821 0.000893817 -0.0052632 -0.00187625 -0.00518281 -0.00663838 -0.00649949 0.00130231 0.00348162 0.00594964 0.00492207 0.00262527 0.000894023 0.00730724 0.00301539 -0.00723144 -0.00210909 -0.000120635 0.00666417 0.00435335 0.00156599 -0.00439152 -0.00590237 -0.00105685 0.00316762 -0.00570696 -0.00408447 0.00529863 0.00464882 0.00123704 0.00357346 0.0018647 -0.00417934
252505 -0.00374842 -0.00704336 0.00615978 0.00614595 0.0010314 -0.00312567 0.00491142 0.00428104 -0.00306082 -0.00521612 0.0016923 0.00615406 0.000133991 0.00662851 0.000216007 0.00520277 -0.00212431 0.00316477 -0.000557423 0.0077796 0.00556707 0.00354195 0.00556087 -0.00728941 -0.00404024 0.00414705 -0.00402832 -0.00221825 0.00667191 -4.86374e-05 -0.00311852 -0.00327921 0.00561237 -0.00760317 0.00644922 0.00368834 -0.0076642 -0.00494528 0.00323343 0.00634813 -0.00695753 -0.00639915 0.00623846 -0.00733805 0.00537825 -0.00366592 0.00444031 0.000601292 0.00387239 0.00678635 0.0033474 0.00278664 -0.000335217 0.00777435 0.00646782 -0.00723982 -0.000256062 0.00719023 0.00736237 0.0067749 -4.05312e-05 0.000507355 -0.00233603 -0.00533152
40000 -0.00233459 -0.00595093 0.00423765 -0.00752592 0.00200891 0.00649834 0.00460672 -0.00530148 -0.00353861 0.00518799 -0.000548363 -0.00545502 0.00348949 0.00716019 -0.00244236 -0.0037322 0.00283575 0.00465345 0.00451326 -0.000817299 -0.00606632 0.00750732 0.00490713 0.00751972 0.000793457 0.00276899 -0.00191307 0.00314045 -0.00260448 -0.00101185 -0.000905037 -0.00218916 0.00504541 0.00236559 0.00234413 -0.00732803 -0.00402594 -0.00151348 0.0071497 -0.00714111 -0.00472546 0.00555515 -0.00669432 -0.00135469 -0.000181198 0.00724173 -0.00729752 -0.00392628 -0.00311613 0.00292587 0.00453758 -0.00654602 -0.00200272 -0.000926495 -0.00612831 0.00167608 -0.00426769 0.00766373 0.0023365 0.00472832 -0.00665379 0.000395298 0.001369 0.00586891
191041 -0.000605548 -0.00603229 0.00116275 -0.00728487 -0.00367529 -0.00360194 -0.0013181 0.000410633 -0.0053436 0.00539854 -0.00265453 0.00697548 -0.00658053 0.00718005 -0.00726885 -0.00439165 0.0052201 -0.00445544 0.00252868 -0.00278085 -0.000500647 0.00567801 0.00298201 -0.00587473 -0.00172712 -0.00477044 0.00496984 -0.00237034 0.00710355 0.00533968 -0.00561042 -0.005375 0.000527578 -0.00424506 -0.00141991 -0.00381655 0.00310015 0.00564625 0.00385127 -0.00692139 0.00123026 0.00314614 0.00297485 0.00534402 -0.00756672 -0.00240187 0.00596934 -0.00227976 0.00166503 -0.0044776 -0.00463756 0.00598582 -0.00460371 -0.000785135 0.0047197 -0.0045383 -0.00767641 0.00463005 0.00406871 -0.00121725 0.00462642 -0.00557714 0.00480864 -0.00590824
111024 -0.00128174 0.00683641 0.00576544 0.00609779 -0.0054841 -0.00413895 0.00543308 0.000687599 0.00746775 0.000697613 -0.000662327 -0.00526524 -0.00107527 -0.00403547 -0.000916958 -0.00296068 -0.00732183 0.00368214 -0.00724888 -0.000809193 0.00749016 -0.00592566 -0.00746918 -0.00773764 -0.00540161 0.000448704 -0.00472116 -0.00676203 -0.00739956 0.00626612 0.00201035 -0.00525522 0.00117588 -0.00156403 0.00013113 -0.00613832 0.00480461 -0.00505066 0.00752163 -0.00205278 0.0073204 0.00338697 0.00417185 0.00699711 -0.00717926 -0.00033617 0.00672436 -0.0045166 0.00190735 -0.00707912 0.00224113 0.00256586 0.00440168 0.000301361 -0.00343323 -0.00576115 0.00750685 -0.00247383 0.00296307 -0.00306273 0.00243664 -0.00287724 0.00764847 -0.00570774
233560 0.00115396 0.00764074 0.00364974 -0.00721538 -0.000532909 -0.00489667 0.00360008 -0.00196731 -0.00365718 0.00443618 0.00168146 -0.00464966 -0.00539503 0.00165316 0.00636725 0.00224682 0.00749787 0.00206693 -0.00262305 -0.00541329 -0.00465907 -0.00776633 0.00526685 0.00257586 0.00372925 -0.00149652 0.00224556 -0.00611452 -0.00308742 -0.00294135 0.00173274 -0.0022683 -0.00735173 -0.00273581 0.00419773 0.00463193 -5.1466e-06 -0.000194301 -0.0064297 0.00606881 0.00216664 1.7291e-05 0.00471014 0.00604605 0.00283656 0.00647955 -0.0035776 0.00279965 0.00483265 -0.00447402 -0.00308617 -0.000140326 -0.00168077 0.00241992 -0.00262417 -0.00503478 0.00439354 -0.006269 -0.00306163 -0.000654383 -0.00563446 -5.33057e-05 0.00152702 0.00205357
304244 0.00367562 -0.00490978 0.00338052 -0.00107501 0.0060297 0.00768324 -0.00370255 0.00322809 -0.00756499 0.00595311 -0.00733659 0.00680976 -0.00601573 -0.00186944 -0.00334757 0.00519595 0.00611646 0.00304629 0.000444899 -0.00377145 -0.00507186 -0.00374296 0.00307327 0.0025945 0.000742127 -0.00732949 0.00452046 -0.00374591 0.0077939 -0.00428065 -0.00244712 -0.00414851 -0.000219609 0.00224382 4.74961e-05 -0.00771153 -0.00479504 -0.00176703 0.00708928 -0.00687308 -0.00212532 -0.00572633 0.00470232 -0.00359043 0.000747755 0.00343622 0.000366123 -0.00606711 -0.00585553 -0.00406153 0.00600001 0.00712966 0.00578618 -0.00242791 -0.00395715 0.00209944 0.00105069 -0.0073985 -0.00768815 -0.00140796 -0.00398632 0.00138738 0.00189495 0.00578887
264259 -0.00394869 0.00663481 0.00626829 0.000304947 0.0013366 -0.00736177 -0.00647671 0.00298446 0.00426074 0.00303607 -0.000245962 0.00402226 0.00261872 -0.00213566 0.00666321 0.00747432 -0.000359012 -0.00471295 -0.00703791 -0.00634664 -0.000562617 -0.00572466 0.00184878 -0.0072879 -0.000500072 -0.00580097 0.00414262 0.00421974 0.00581892 -0.00222356 0.000520295 0.00414321 -0.00742409 0.000305367 0.000491282 0.00712117 0.00500881 -0.00746571 -0.00769586 0.00444242 -0.00139716 -0.00446672 -0.00351793 -0.00385421 0.00401669 -0.000696839 0.0041756 -0.00203459 -0.00737438 -0.00530702 0.00114563 -0.00586613 -0.000113447 0.00138668 0.00479245 -0.003144 0.00742255 0.00152338 0.00264395 -0.00518288 -0.000729814 -0.00703321 0.000465236 0.00109596
324876 0.00703049 -0.00611496 0.00552559 -0.00383425 -0.00394058 -0.00518513 -0.00218248 -0.00769186 0.000790596 0.000997066 -0.00429201 0.000980854 0.00292206 0.00571871 0.00276709 0.00296021 0.00692081 0.0065794 0.00526857 -0.000222683 -0.00596523 -0.00191307 -0.00557184 -0.00279188 0.00628376 0.00646114 -0.00467634 -0.00150585 -0.00529766 0.00600004 -0.00150442 -0.000997543 -0.00420189 0.00167179 -0.00508833 -0.00254726 0.00487661 -0.00770569 -0.00533676 -0.000208855 0.000831127 0.00521755 -0.00429249 -0.000402451 0.00666094 -0.00501537 0.0017705 0.00484514 -0.000302315 2.71797e-05 -0.00677633 0.00115728 -0.00669575 0.00610876 -0.00307083 -0.000495434 -0.00535488 0.00432253 0.00261402 -0.00402117 0.00405121 0.00486898 -0.00323772 0.00722456
242583 -0.00498838 -0.00562149 0.00223252 -0.00646445 -0.00700104 0.004428 0.00377425 0.00501677 0.00587073 -0.00259822 -0.00761526 0.00375705 0.000607444 0.00306284 0.00602552 -0.00666597 0.00770765 -0.00563635 -0.00267793 0.00405455 0.00297922 -0.00407851 -0.00300331 0.00112365 0.00378299 -0.0061273 -0.00429682 -0.00122698 0.00169839 -5.09614e-05 0.00275004 -0.0042717 -0.00487399 -0.0068358 -0.0039036 -0.00223858 -0.00631874 -0.000409593 0.00507701 -0.00654461 -0.00685164 0.00135127 -0.00533174 -0.00661914 -0.00513481 -0.000762243 -0.00538506 -0.0032771 0.00688215 -0.00324133 0.000851706 -0.00190956 0.00625958 -0.00395783 0.000348654 0.00686643 0.00400579 -0.00731967 0.00595151 0.00230239 0.00236821 -0.00287028 -0.00179791 0.00425572
156380 0.00409296 0.00668717 0.00527399 0.00725098 0.00268388 0.00391892 -0.00141165 0.00480594 0.00409682 -0.00249319 -0.00636988 -0.00512171 -0.00656268 -0.00508181 -0.00145599 0.00372799 0.00543767 0.00215164 -0.000295442 0.00379062 -0.00415083 -0.000567284 0.00234957 -0.00259421 -0.0016765 0.00649117 -0.000346101 0.0014237 -0.000814277 -0.00201273 0.00129841 0.00194065 -0.000336001 0.000552199 -0.00663177 0.00326902 -0.00630678 -0.00726991 0.00635087 0.00775888 0.00331132 0.000927324 -0.00654142 0.00291975 -0.00619101 -0.00259087 0.00771544 -0.00523041 -0.00212138 -0.00679788 0.00357565 -0.00593462 0.00459968 -0.00540726 0.00389053 -0.0077904 0.00665176 -0.00264581 0.0030533 0.00621548 -0.0058502 -0.000223314 0.00448106 -0.00397005
119952 -0.00726702 0.00588674 -7.71275e-06 -0.00242212 -0.00333631 -0.000983126 -0.00760604 -0.00580691 0.00371313 -0.00109367 -0.00416909 -0.00390047 0.00291359 -0.00623782 0.00133987 0.00454611 -0.00462381 0.00294714 0.00358185 0.0040147 -0.00312562 -0.00307944 -0.00457429 0.00228652 0.00369797 -0.00675264 -0.0066255 -0.00506134 -0.00118125 -0.00471058 0.0054175 0.00164296 -0.00489296 -0.00495833 -0.000461134 0.00161329 0.00380045 0.00497779 0.00512656 -0.00552613 0.00421343 -0.0023666 -1.25661e-05 -0.000713856 0.00535156 -0.0018257 -0.00422615 -0.00320719 -0.00452255 0.00538381 0.00454101 0.00570846 -0.00707996 0.00172393 0.00426502 -0.000690009 -0.00311332 -0.00570097 0.00769091 -0.00769779 0.0025429 0.00422963 0.00730973 -0.00612168
74437 0.00506521 0.00604965 -0.00465428 -0.00505896 0.0011124 0.00349043 0.0034883 -0.000620221 0.0050585 0.00685328 0.002898 0.00562114 -0.00453917 0.00458649 -0.00343247 0.00524822 -0.00345191 -0.00657024 -0.0074652 0.0020854 0.00689777 -4.40346e-05 0.000259129 -0.00689895 -0.0050272 0.00425712 0.00254485 0.00687139 0.00428421 -0.00520062 0.00299173 0.00243614 0.00626755 0.00247684 0.003945 0.00367313 -0.000593498 -0.000865456 -0.000135925 0.00709449 -0.00771777 -0.00717757 -0.0012642 -0.00767341 0.00783767 0.00263586 -0.000676327 -0.00719375 -0.000966529 -0.00522317 -0.00118318 -0.00466578 -0.00056661 -0.00605461 0.00587721 0.00137118 -0.00722914 -0.00129724 -0.00540782 -0.000125464 -0.00377018 -0.00634363 0.00635988 0.0015102
240976 -0.000374794 -0.00208807 -0.00756073 0.00637007 0.00321007 0.00743198 -0.00468302 0.00743198 0.000524998 0.00331306 -0.00472546 -0.00165224 -0.00740004 -0.00685358 0.00512695 0.00762939 0.00442219 -0.00643587 0.00473833 0.00309181 0.00330639 -0.00304127 0.00183201 0.00180769 0.00192881 0.00384569 -0.00207663 -0.00551796 -0.00407696 0.00709772 0.00537252 0.00407553 0.00313234 -0.00602674 0.00373077 -0.00306559 -0.0049572 -0.00720739 -0.00298452 -0.00249577 0.00311136 -0.00420141 -0.0024147 -0.000111103 0.00301886 0.00382233 0.00449514 -0.00392342 0.000185966 -0.00697136 0.00513458 -0.0046525 -0.00229597 0.00248575 0.00551939 -0.00468922 0.00439882 0.00222111 -0.00694418 -0.00216722 -0.00144911 0.00611734 -0.00661993 -0.000945091
40930 0.00500951 -0.00442927 9.95839e-05 -0.000108926 -0.00204878 -0.00673492 0.00152642 -0.00255328 0.00619061 -0.00634086 -0.00724977 0.00380235 0.00784646 -0.00453423 -0.00649992 0.00547017 0.00651899 -0.000176759 -0.00771053 0.00427753 0.00254206 -0.000468554 -0.00714148 0.00564311 -0.000713671 -0.00450748 0.0048916 0.000902734 -0.00682808 0.00394086 0.000356952 -0.00159973 -0.00513852 -0.00456797 0.00390702 -0.00755334 -0.00262096 -0.00428836 -0.00463524 0.00345031 0.00179964 -0.00760951 -0.00338529 0.000774306 0.000590653 0.00265509 0.00487447 -0.00334065 -0.00177328 -0.00722617 0.00306277 -0.000963726 0.000148995 0.00392079 0.00764165 0.0013695 0.00272589 0.0043091 -0.006567 -0.00577393 -0.00638341 -0.00611176 -0.00080416 0.00573464
224412 -0.00469023 0.00526059 0.00385741 -0.00185747 0.00378554 -0.0019016 0.00110709 0.00335467 -0.000943989 0.00668083 0.00710277 -0.00314908 -4.92255e-06 -0.00708648 -0.00164151 0.00044333 -0.00173299 0.000932568 -0.00668238 -0.00482546 -0.0023061 -0.00404228 0.00512803 0.00527903 0.0011298 0.00604544 -0.00570683 -0.0010503 0.00763808 -0.00389714 -0.000798301 0.000758343 -0.00165561 -0.00626321 0.00162089 -0.00665622 0.00536285 -0.00570057 0.00130067 -0.00762278 -0.00738299 0.00749566 0.00374265 -0.00279341 0.00229159 -0.00768069 0.00203363 -0.00770798 0.000325568 -0.00551227 -0.00440477 0.00752679 -0.00421247 -0.001765 -0.00678764 0.000761418 -0.00211294 -0.00332997 -0.00622489 0.00485131 0.00477271 -0.00492712 -4.96354e-05 0.00163069
258519 -0.00117608 -0.00551558 -0.0031489 0.000413769 -0.000103293 0.00428914 -0.00292007 0.00447765 -0.00518726 0.000706382 -0.00466409 0.0067833 -0.0019575 0.0062838 0.00188599 0.00203976 -0.00117569 -0.00636783 0.00732272 0.00422511 0.00507686 -0.00217914 0.000296482 -0.00631579 -0.00193676 0.00740958 0.00730055 0.000780823 -0.00405178 0.001897 0.00572331 0.00317402 0.00715268 -0.00110936 0.00179169 -0.0051359 -0.00571202 -0.00205051 -0.00239718 0.00232381 0.00324461 -0.00444918 0.00350321 -0.00115238 0.00212149 0.00507364 0.00541593 0.00420858 0.00589941 0.00646591 -0.00638546 -0.00111563 -0.00253877 -0.00690692 -0.00193475 -0.00209402 -0.00781152 -0.00557894 0.000299466 0.00659884 0.000602863 -0.00735238 -0.00457209 0.00638387
137799 0.00531181 0.000624836 -0.0042953 -0.00187616 0.0047423 0.00209505 -0.000464394 0.00332037 0.00179893 0.00455423 0.000698069 -0.00712065 -0.00778107 0.0010629 -0.00621692 -0.00368292 0.0032888 -0.00229762 -0.00587836 0.00532277 0.0021702 -0.00656853 -0.00553379 0.00269988 0.00396011 -0.00458782 -0.000992158 -0.00524724 0.00112025 0.000951052 -0.000198564 0.00522132 0.00699147 -0.00221526 0.00167176 0.000238545 -0.00570053 -0.00686598 0.0065891 0.000614182 0.00659955 -0.00292016 0.00371212 -0.00752998 0.0019224 0.0026838 0.000767339 -0.00108096 0.00631681 -0.00207422 0.000105758 0.00524172 -0.00591513 0.0041599 0.00317391 0.00529358 -0.00424549 0.00473841 -0.00462859 -0.000352069 0.00434201 -0.0062176 -0.00713348 -2.2177e-05
17323 -0.0026686 0.00627362 -0.00593602 0.0060349 -0.00196111 0.00511527 -0.00563906 -0.00545917 0.00514373 -0.0073546 -0.00393897 0.000718629 -0.00384265 -0.00259779 0.00287947 -0.00733306 -0.00094555 -0.00622616 -0.00115839 -0.00422795 0.00563452 -0.00553122 -0.00425895 -0.00602879 -0.00624525 0.00493056 -0.00528586 -0.00762249 -0.00388803 -0.00342747 -6.10296e-05 -0.00136609 0.00691141 0.00103673 0.0062119 0.00510105 -0.00327951 0.0058675 -0.0039499 -0.00656984 -0.000868477 -0.00169702 0.00446249 0.00416746 -0.00430507 0.00172105 -0.0026271 -0.0023408 0.00106742 -0.00745247 -0.0054003 0.00401902 -0.00233644 -0.00751974 -0.00263882 -0.00324823 -0.00503937 -0.00392682 8.30352e-05 0.00737858 0.000267467 -0.00192007 0.00717344 0.000898934
323044 -0.00631845 0.00308393 -0.00770192 0.000119791 -0.00277877 0.00346173 -0.00527018 -0.00272232 -0.00413624 -0.0069838 -0.00753336 0.0040672 -0.000375939 -0.00636274 0.00366487 -0.00681445 -0.0013131 0.00301461 -0.000318599 -0.00370297 0.00768663 0.00499357 0.00567276 -0.000283978 -0.00242442 -0.00077887 -0.00291202 -0.00104477 0.0066236 -0.00198041 0.00372339 -0.000375196 -0.00743267 -0.00576088 -0.00308816 -0.00409348 -0.000170555 0.00504412 0.00211019 -0.00360306 0.000956238 0.00740051 -0.00193241 0.00327362 0.000693295 -0.00454151 -0.00232315 -0.00189481 -0.00256135 0.00691814 -0.00407019 -0.00219939 -0.000959223 0.00450119 -0.0067945 -0.000835333 0.000644255 0.00662424 -0.00173295 -0.000593214 -0.00388764 -0.00551599 3.07765e-05 0.00716032
122075 -0.00626659 0.00424337 -7.39098e-05 -0.00489426 -0.00183868 -0.00470448 0.000425816 0.00548887 0.00709915 -0.0039463 -0.00529003 0.00219059 0.000789165 -0.00668621 -0.00650167 0.00691795 0.00384617 0.0051589 -0.00673532 0.00415087 -0.00564766 0.00519991 0.000430107 -0.00310421 0.00542402 -0.00160551 -0.000264645 -0.00595188 0.00665808 -0.00594854 -0.00282907 -0.000809193 0.0044179 0.00443983 -0.00560617 0.000339985 -0.00476122 0.00211096 -0.00624895 -0.000792027 -0.00743389 -0.00440884 0.000226021 0.00137472 -0.00451851 0.000315189 -0.00557899 0.00594091 -0.00536966 0.00195694 -0.000866413 -0.005826 -0.00662756 0.00151539 -0.00509119 0.00259447 -0.00124168 0.00495434 -0.00538731 -0.00123167 0.00722027 -0.000132084 0.00115633 0.00462723
227852 0.00252135 0.000526213 0.00247312 -0.00208856 0.00356956 0.0020501 0.00648193 0.00650962 -0.000269405 -0.000733836 -0.00127021 0.00121391 0.00553236 -0.00634888 -0.00663083 0.00448941 -0.00522045 0.00489586 0.00244361 -0.0066929 0.00537425 -0.000797328 -0.00356815 0.00198049 0.000340658 -0.00224554 0.00483997 -0.00244312 0.00753889 -0.00496933 0.0074348 -0.00266796 -0.00317363 0.00254016 -0.00415526 0.00564428 -0.00257347 -0.00112908 -0.00727296 0.000818058 -0.00596122 0.00327292 0.00313565 0.000423655 -0.00255053 -0.00621539 0.00517637 0.0031725 8.33251e-05 -0.00622996 0.00716729 -0.00532168 0.00134405 -0.000914477 -0.000709553 0.00373189 -0.000398698 -0.00168617 0.00290832 0.0057452 -0.00542965 0.00487475 0.00256462 0.00499805
325334 0.000621081 0.00661048 -0.00761467 -0.0073972 0.00784962 0.00606671 0.00130483 -0.00494807 0.00511199 0.00753714 -0.00699713 -0.00160581 -0.00456822 5.39837e-05 0.00145064 -0.00477734 0.00625396 -0.00114809 -0.0035885 0.00761986 -0.00561495 -0.00175002 0.00228994 0.00773465 0.00378778 0.000503213 0.00675437 0.00628808 -0.00319843 0.00355699 -0.0078532 0.00163455 -0.00532283 -0.00152919 0.00612383 0.00693541 -0.00297076 0.00393662 -0.00286325 -0.00735891 0.00150072 3.5412e-05 0.00710705 -0.00606201 0.000489681 -0.00738822 -0.00778082 -0.00431386 -0.00313355 0.00660108 -9.01285e-05 -0.00713175 0.0048379 0.00472983 -0.00500426 0.0066163 0.0055011 0.00158696 -0.00114037 -0.00258068 0.00445326 -0.007512 0.00417106 -0.00255705
272764 -0.00587225 -0.00282717 0.00261641 0.00149965 -0.0014329 -0.00246954 -0.0057888 0.00523758 0.000186443 0.00301647 0.00469828 0.000505447 -0.00770855 -0.00632429 0.00727701 -0.00346136 0.00233698 0.00711775 -0.00317812 0.00553656 0.00151014 0.00660229 0.00284195 -0.000705242 -0.00102663 0.00226831 0.00756264 -0.00723886 0.00192261 -0.000761509 -0.00675154 -0.00378799 -0.000823975 -0.00523758 0.00695276 0.00743818 -0.00680971 0.00438356 -0.00193787 0.00438833 0.00385237 -0.00445366 0.00432253 0.000281811 0.00644302 0.00550079 0.00421619 -0.00336075 -0.00726271 -0.00620985 -0.00425196 0.00562143 -0.00735235 0.00306606 -0.00548553 -0.00725603 -0.0046258 0.00663137 -0.00451612 0.00511169 -0.00191689 0.000833988 -0.0023818 -0.00750875
20036 -0.00386007 0.00193451 -0.00484701 -0.00738919 0.00194259 0.00578314 0.00320003 0.000526028 0.00108261 0.00682502 0.00678472 0.00590347 -0.0059253 -0.00519981 -0.00725619 0.00232765 0.00187143 -0.00521313 0.00264463 -1.71143e-05 -0.00370521 0.00464054 0.00641714 0.00085835 0.00748173 0.00654455 0.00132978 0.000120765 -0.00438251 0.000697938 -0.00155594 0.00415365 0.00379618 0.00178197 0.00318168 0.00258933 -0.00734826 -0.00558677 -0.00569637 -0.00435063 -0.00253218 0.00687476 -0.00521247 -0.00172243 -0.0062869 0.00202264 0.00356701 -0.00399191 0.0026014 -0.0051539 0.00556812 -0.00517718 -0.00721493 0.00178435 0.00230916 -0.00188546 0.00263866 -0.00270747 -0.00129835 0.00549433 0.00643064 -0.0020698 -0.00198604 -0.00618614
214986 -0.00394597 -0.00393255 0.00223932 0.00425291 0.00505143 0.00538295 0.0076201 -0.000809566 0.000191536 0.00069078 -0.00456314 0.00491331 0.0064427 0.000590191 -0.00538109 -0.0013464 0.000351547 -0.00243978 0.00536505 -0.00400084 0.00302955 -0.00379729 -0.00194681 -0.00251196 -0.00351974 -0.00675689 0.00571178 0.00135777 0.00498353 0.00291712 0.00367006 -0.00598597 -0.00567346 0.00618431 0.0075664 -0.00449626 -0.00576313 0.00707009 0.00782846 -0.00345506 0.0021748 -0.00362728 0.00202009 0.005546 -0.00465167 0.00663766 0.00755704 0.00721215 0.0023034 -0.00542931 0.00119907 -0.0070135 -0.00557195 0.00080499 -0.000567849 0.00379853 0.00615652 -0.00357261 0.00682077 -0.00115355 0.00585089 0.00606808 -0.00274233 -0.0025717
319296 0.0067153 -0.00622988 0.00133991 0.00451422 0.00279427 -0.00572395 -0.00531387 -0.00384188 -0.00215149 0.00555611 0.00575686 -0.00450087 -0.00419474 0.000416279 -0.0048666 -0.00509453 0.00108051 -0.00355959 0.00443077 0.00646496 0.00677538 -0.00707531 0.00177336 -0.0023818 0.00346851 -0.00311041 -0.000414371 -0.00721645 0.00226402 -0.00684261 -0.00306559 0.0045352 -0.00456953 0.00253153 -0.00601578 -0.0030179 0.00453043 0.00493526 0.00581264 -0.0019598 -0.00123596 -0.00344372 -0.00498152 0.000734806 0.00529194 0.00471926 -0.00588322 0.0046134 0.00676775 0.0014143 -0.0065918 -0.00635242 -0.00528526 -0.00767088 0.00594378 -0.00142145 -0.00727224 0.00355673 -0.00536489 -0.00678205 -0.00373411 -0.00716496 -0.00497961 0.00702238
325561 0.00238323 0.00122929 -0.00626707 0.000339985 -0.00195265 -0.006001 0.00554752 -0.0059886 0.00225687 0.00343227 0.0028162 -0.000268936 -0.000632286 0.00675917 -0.0004673 -0.00714731 -0.000536442 -0.00431824 0.00634146 0.00528288 0.000670433 -0.00123882 0.00248146 0.00203371 -0.00448942 -0.00243616 0.000352383 -0.00592136 -0.000678062 -0.00218487 0.00494719 0.00419903 -0.00717402 -0.00666094 0.0063343 -0.00528383 0.00688457 0.00589705 -0.00506067 -0.00119257 0.00714827 0.00121689 -0.00282097 0.00179195 -0.00587368 0.00494385 -0.00380373 0.00158215 0.00765228 5.24521e-05 0.000883579 -0.00218201 -0.00186634 0.00757837 0.00293446 -0.00486803 0.00355864 -0.00528526 0.00698376 0.00442648 0.000915051 -0.00350237 -0.00141144 0.00262165
177250 -0.0040141 0.00137066 0.00385376 0.00662729 0.00136747 0.00253838 -0.00398417 0.00323259 -0.00188289 -0.000388459 0.00620742 0.000111674 -0.000690259 -0.00672295 0.00553999 0.00194979 -0.00122624 0.00749309 -0.00526813 0.00533395 0.00113083 -0.00588754 -0.00704157 0.00358891 -0.00555985 -0.00138271 0.0023337 0.00157566 -0.000183462 0.00415072 5.59472e-05 0.000539947 -0.00436586 0.00442156 0.00275982 -0.000393488 -0.0076793 0.00394968 0.00500721 0.00543587 -0.00752296 -0.00388754 -0.00698921 0.00301654 0.00270574 -0.00733438 0.00749421 0.00371489 0.00426615 -0.00119793 0.00319957 -0.00106988 0.00167184 0.00745375 -0.00512761 -0.00202324 -0.00589175 0.000633099 0.00301682 -0.00637524 0.00403221 0.000362706 0.00761164 0.00354255
171207 -0.00729179 0.000535011 0.00149822 -0.000824451 -0.000112534 -0.00552607 0.0077405 -0.00475168 -0.00647545 0.00724268 -0.0035491 0.00270414 0.00135183 0.00392151 0.00299644 -0.00735044 -0.00550699 0.00501776 -0.00780392 -0.00389719 0.00114536 -0.00150013 0.00506735 0.00300598 -0.00132418 -0.0044055 0.00757408 0.00378942 -0.0003438 0.00720978 -0.00638866 -0.00669289 0.00517511 0.00690317 -0.00395393 -0.000846386 0.0065856 0.000989914 -0.00445127 0.00106716 0.00589514 0.00609779 0.00603533 0.0065484 0.00158119 -0.00773478 -0.00166798 -0.00684977 0.00379419 -0.00187349 0.00337505 -0.00180054 -0.00552273 0.00754309 -0.00592852 0.00389338 0.00574207 -0.00265121 -0.00350904 -0.00770807 -0.00235176 -0.0044446 -0.00172329 0.00564957
54747 0.00566193 -0.00281842 -0.00439795 -0.0071809 0.00424439 -0.000941828 -0.00374634 -0.00388248 0.00450965 0.000441419 -0.00675502 0.00583379 0.00344033 -0.00339325 0.00512175 0.00569345 0.00545217 0.000377113 -0.00227768 0.00611307 0.00156506 -0.007635 0.000292711 -0.00684298 -0.00127693 0.00758433 -0.00536826 -0.0029975 0.00267597 -0.00568589 0.0046635 0.00564532 -0.000667829 -0.00457344 0.0067833 0.00437205 -0.00611398 0.00684959 -0.00347456 -0.00776095 -0.00306314 0.00140423 0.00507014 0.00679687 0.000380867 0.00467933 -0.00629941 0.00669496 0.00560517 0.00625263 -0.00336768 0.00457957 0.00463466 1.23792e-05 0.00503435 0.00192575 -0.00616221 -3.66251e-05 -0.0066925 -0.00719954 -0.00275454 -0.00321401 0.00138842 -0.00314356
52420 -0.00696373 -0.00229931 0.00275326 -0.00530815 0.00150061 0.00653362 0.00338554 -0.00708532 -0.0077219 -0.00770426 -0.00734568 -0.000221252 -0.00453615 -0.000286102 0.00191069 -0.00418186 -0.00404501 -0.00197744 0.002882 -0.00641727 -0.00461912 -0.00485516 -0.00515127 0.00599146 -0.00693893 -0.00123739 -0.00305223 0.000979424 0.00466108 0.00739145 -0.00216293 0.00601959 -0.00500393 0.00361729 0.000915051 0.00265217 -0.000105858 0.00760651 -0.00141811 -0.00665331 0.00108051 0.00680923 -0.00188732 0.00583363 0.000858307 0.00745249 -0.00487566 -0.0046463 0.00118065 -0.00749683 0.00158453 0.00371504 0.00576115 0.000446796 -0.00690508 0.00435352 -0.000183582 0.00017643 0.00739622 -0.00459194 -0.0051589 -0.00489521 -0.00679827 0.00438881
142213 -0.000744343 0.000531197 0.00067997 0.00394678 0.0023284 -0.000746727 0.000201702 -0.00393057 0.00409079 0.00383472 -0.00121593 -0.00140858 0.00676441 0.00239086 0.0064826 0.00383949 0.000426292 -0.00557184 0.00653505 0.00267887 -0.000945568 0.0029726 -0.00287056 0.00315857 0.0034256 0.00390625 -0.00701666 -0.00361013 -0.00611496 0.00248623 0.00772381 0.0019865 0.00134039 -0.00515318 -0.000991821 0.00507164 0.000117779 -0.00241804 0.000504017 -0.00468826 -0.000846386 -0.00741482 0.000782967 -0.00190067 -0.00295115 0.00149345 -0.00361538 -0.00414944 0.0055747 -0.00371408 -0.00215292 0.00453806 -0.00534868 0.00100994 -0.00591564 0.000296116 -0.00534773 -0.00256348 -0.00233555 -0.00752306 0.00592375 0.00524139 0.00448799 0.000487328
265196 -0.00175905 -0.00361252 0.00604296 -0.00358915 -0.00614691 -0.00131655 -0.00287962 -0.00737476 0.00120354 0.00131559 0.00778389 -0.00733566 -0.00389242 0.00170469 -0.0068984 0.000160694 -0.00127649 -0.00601673 6.86646e-05 0.00724459 0.00559378 0.004076 0.00771379 0.000981331 -0.00302315 0.00291872 0.000456333 0.00298309 -0.00250912 0.00592852 -0.00117397 -0.00673485 0.0040369 0.00276852 -0.00176382 -0.000891685 -0.00659752 -0.00574684 -0.00694752 -0.00311279 -0.00461006 -0.000800133 0.00539303 0.00135708 0.00636292 -0.004426 -0.000974655 0.00599432 -0.00531483 0.00247049 0.00405598 -0.00736332 0.0073266 0.00166941 0.00464392 0.00212812 0.00409317 -0.000952244 -0.00644302 -0.000141144 0.00689745 0.00271368 -0.0041852 -0.00335741
324031 0.00309445 -0.000617262 -0.00349817 0.00257274 0.00232367 0.00283905 -0.00342609 -0.00698818 -0.000388592 0.00572408 -0.00758249 -0.00406848 -0.00731847 0.00243421 0.00625537 -0.00573376 -0.00593153 -0.00678842 -0.00185581 0.00455399 0.000210062 -0.00546142 0.00372716 -0.00765894 -0.00448739 -0.000752999 -0.00205678 0.00140021 0.00365978 0.0050183 0.00584309 0.00298895 -0.00342606 0.00638078 0.00358526 -0.0042579 0.00208488 0.00742106 0.00616978 0.00459632 0.00183863 -0.00312728 -0.00360588 -0.00560183 0.00718504 0.00622909 -0.00322704 0.000125084 -0.000868346 0.00367616 -0.000200163 -0.00740549 -0.00622925 -0.00539636 -0.00197515 -0.00111842 -0.000853095 0.00449885 0.000976954 -0.00568062 -0.00238772 0.00222414 -0.002007 -0.00359819
221301 0.00347187 0.000129706 0.00440352 -0.00185236 -0.000728505 0.00193101 -0.00678147 -3.154e-05 0.0074262 -0.000974073 -0.00425036 -0.00110329 0.00224207 0.00164639 0.00449354 0.00350114 -0.00244669 -0.0035333 -0.00806259 -0.000228813 0.0072185 -0.00614397 0.00135285 -0.00634899 -0.00250195 0.0039849 0.00312247 -0.00423523 -0.00723738 -0.00514329 -0.00682816 -0.00033513 -0.00408801 -0.00748849 -0.0034936 -0.00184351 -0.00618071 0.00780404 -0.000570545 0.00158608 0.00714858 -0.00511124 -0.00270178 -0.00496566 0.00126591 -0.00459298 0.00685243 0.00724664 -0.0050909 0.000374643 0.00363953 0.00561416 0.0055955 -0.00463136 0.00212622 0.00301978 0.00557806 0.00546173 0.00236033 0.00727071 0.00137787 -0.00507197 0.00282969 -0.0043795
180786 -0.0038107 -0.00253054 0.00713051 -0.00176419 -0.00493123 -0.00605781 0.00595529 -0.00732889 -0.00636337 0.00189071 0.00604322 -0.000614611 0.00669309 0.00453388 0.00139396 0.00604724 -0.00296197 0.000485703 -0.00299897 0.00565902 -0.00405192 -0.00200959 -0.00646015 -0.00240712 -0.00662087 0.00487394 -0.00527436 -0.00175593 -0.00065342 -0.00623129 -0.0039473 0.00652285 -0.00446286 0.00235606 -0.00222071 0.00144002 0.00627017 0.00462178 0.00230985 -0.0054296 0.00769388 -0.00562895 -0.00729841 -0.00277903 -0.001755 -0.00469617 0.00736519 0.00172024 -0.00326964 0.00093219 -0.00459846 -0.00595193 -0.00681814 -0.00389388 0.00582663 0.00314238 -0.00551649 0.00137041 0.00416488 8.68307e-05 0.00231713 -0.00496178 -0.00550026 -0.00170071
316780 0.00278905 -0.00266089 0.006062 -0.00598739 -0.00721347 0.000394444 -0.00265572 0.00500755 -0.00218922 -0.00343416 0.0040355 0.00402313 -0.00346108 0.00764574 0.00207199 0.00361151 0.00327879 -0.00620961 0.00368429 -0.00379961 0.00656358 -0.00465064 -0.00374318 0.00506947 -0.00275564 -0.00237541 0.00589134 -0.00298542 0.00428712 -0.00290637 -0.0060111 0.00755886 -0.00321901 0.00740775 0.00442411 -0.00661454 0.00741154 0.000477525 0.00615706 -0.00231527 0.007759 0.0049428 0.00595458 0.00361129 -5.50803e-05 -0.000999024 -0.000154356 -0.00309877 -0.00356914 0.00565587 -0.00651926 0.00562653 0.00763719 -0.00314946 0.00576609 -0.00349988 0.00710335 -0.000434085 0.00388424 0.00396171 -0.00741178 -0.00571595 -0.00422147 -0.000246525
148873 0.00486024 -0.00161137 -0.00569128 0.000491399 0.00289382 0.00363236 0.00153817 0.00055682 0.00461697 0.00384704 -0.0064063 -0.00486838 0.000694248 0.000430529 0.0043527 0.00563437 0.00404932 0.0042273 -0.0041313 -0.000125357 -0.00707076 -0.00251521 0.00234726 -0.0067586 -0.000327042 0.00115227 -0.000296447 0.00412112 -0.00453431 0.00767846 0.00629297 -0.00529257 -0.00691655 0.00216969 0.00580919 0.000461927 0.00374089 0.00474038 -0.00626015 0.00198596 0.0037581 -0.00334723 0.00604522 -0.0072227 0.000297872 0.00747052 -0.00637074 -0.00155606 -0.00675923 0.00732569 -0.00683303 0.0026435 -0.000742329 0.00536765 0.0064418 0.00313639 -0.00109167 -0.000445434 -0.00780127 -0.00419728 0.00323145 0.00711713 0.00632676 0.0037541
23475 0.00750028 0.00693694 0.00421784 -0.00661904 -0.00310795 -0.00613773 -0.00239987 -0.00234406 0.00651057 0.00568701 0.00219342 -0.0054487 -0.00622265 -0.00448327 -0.00203488 -0.00174503 -0.00515385 0.0049473 -0.00394797 0.00615305 -0.00510062 -0.00723546 -0.0032026 -0.00588065 -0.00100174 -0.00455261 -0.00625669 -0.00755641 0.000124674 0.00487568 -0.00252683 -0.00104163 0.00145565 0.00460907 -0.000882309 -0.00543619 -0.00582026 0.00382807 0.00275324 0.00620055 -6.92409e-05 -0.00566737 0.000770509 -0.0018945 0.00116111 -0.00179328 0.00600892 0.00406217 -0.00561458 0.00629755 -0.00250589 0.00191558 0.00397055 0.00595912 0.00456977 0.00424323 -0.00439991 -0.00705887 -0.00162301 0.00704869 -0.00495475 -0.00662506 0.00240085 0.00622946
326273 -0.00733377 0.00581369 -0.00217762 0.00313481 0.00110962 0.000344486 0.00348073 0.00670788 0.00386902 0.00748767 0.00265402 0.000598196 0.00497312 -0.00228266 -0.00385731 0.00658863 -0.00555571 -0.00754235 0.00321053 -0.00328934 -0.00229982 -0.00713985 0.00364231 0.0005613 0.00140061 -0.000402449 -0.00221803 0.00516039 0.00646325 0.0073131 0.00213104 -0.00340647 -0.000263034 -0.00622557 0.00490488 0.00237386 0.00108167 0.00756552 0.000698915 0.00123861 -0.00728932 -0.000460158 0.00583145 -0.00159909 -0.00346258 0.00343106 -0.000552782 0.00372807 -0.000768825 -0.00485587 0.00168782 -0.00329228 0.00301632 0.0064041 0.00465722 0.00453638 -0.000539939 -0.0051715 -0.00294057 -0.00114653 -0.000902158 -0.000928697 -0.000854645 -0.00498065
188438 -0.00335774 0.00142019 0.00737232 0.00570609 0.00253848 -0.00230851 -0.00129482 -0.000796453 0.00486158 0.00661583 0.00661321 0.00348984 -0.00720992 0.00420931 0.00460503 0.000973153 -0.00158822 0.00248552 -0.00665617 -0.00770956 -0.00565963 0.00158098 0.00776334 -0.00232125 0.00539865 -0.00665847 -0.00141865 -0.000476741 -0.00538181 -0.00560536 0.000573155 0.00298464 0.00485734 0.00326872 0.00481503 -0.0043932 0.0075542 0.00197626 -0.0062083 0.00153985 0.00197645 0.00570737 -0.0019399 -0.00428493 0.00376587 0.0006367 0.00662249 -0.00475271 -0.00074704 0.00581477 -0.00690143 0.00401576 0.00128581 0.00677838 0.00324505 0.000613305 0.00503366 -0.00304117 0.00216958 0.00269414 0.00748009 -0.000444465 0.00398944 -0.00261177
151525 0.00121868 -0.00773443 -0.00513076 0.000246478 -0.00380836 -0.000512812 0.00125527 0.00114535 -0.00588741 -0.00714526 0.0025637 0.00154831 0.00223877 0.0041485 0.00517633 0.00659174 -0.00563846 0.000223596 -0.00330785 0.00571561 0.00120415 -0.00064442 0.00201477 -0.00608968 0.00141977 -0.00418398 0.00571186 0.00313187 -0.000379407 0.000284236 -0.00373276 -0.00558689 -0.0052995 -0.00355874 0.00371771 0.00091684 0.00473822 -0.00308723 -0.00361901 -0.00196815 -0.00712645 -0.00122954 -0.00701922 3.91747e-05 0.00125433 0.00637318 0.00579108 -0.000227207 -0.00616875 -0.000449473 -0.00179103 0.00149528 -0.00435463 -0.000905904 0.00495833 -0.00285476 -0.00106359 -0.00122857 0.00405511 -0.00469392 0.00432925 -0.00604909 0.000980473 0.0013037
135909 -0.00350863 3.87719e-06 -0.00703087 -0.00635615 0.000734659 -0.00398912 0.0051309 -0.000454871 -0.00436415 -0.00473718 0.0024074 0.00136411 0.00807984 -0.00575719 0.00313581 -0.00603871 -0.00675369 0.0055597 0.00396045 -0.00461827 -0.00412748 0.00591823 0.00244269 0.00572848 0.00355071 0.00274655 0.0055087 0.00423656 0.00219715 0.00457011 -4.60728e-05 0.00178377 0.00178981 0.00715209 -0.00118839 0.0060096 0.00730472 -0.00518612 -0.000383248 0.00483375 0.000976157 0.00375465 -0.00159867 -0.00167153 0.0065247 -0.00194537 -0.00152982 -0.00057503 0.0059019 -0.00767267 0.00437628 0.00575021 0.00612156 -0.000898844 0.00648808 0.00689091 0.00676066 0.00755348 0.000348516 -0.0076206 -0.00257072 0.00493134 -0.00264724 0.00209183
252960 -0.00567486 -0.00749041 -0.00588099 0.00119154 -0.00508911 0.000805867 -0.00097593 0.00504361 -0.00628125 0.00287623 -0.00572692 6.07679e-06 0.00723094 -0.004191 -0.00324349 0.00350083 -0.00140847 -0.000232408 9.23546e-05 0.00512459 -0.00552915 0.00118988 0.00210495 -0.00548715 0.00224349 0.0015547 -0.00738906 -0.000358841 0.00523506 -0.00580364 0.000813923 0.00151571 0.00413378 -0.00172088 -0.00490591 0.00579951 0.0058424 0.00414033 0.00129257 -0.00215125 0.00691605 0.00597867 -0.00068972 -0.00041338 -0.00229181 -0.0073512 -0.00599385 -4.07385e-05 0.00324237 -0.00725104 0.00694748 -0.00490335 -0.00093291 -0.00125791 -0.00356048 0.00240047 -0.000112081 0.00716264 -0.00193463 0.00248701 0.00210195 -0.000466977 -0.0069232 0.00453068
307363 0.001019 0.00679016 0.000150681 -0.00170183 -0.00236654 0.00419044 0.00731659 0.00451899 -0.00313044 -0.00179768 0.00577545 0.00458813 0.00628901 0.00514412 0.00657272 0.00595951 0.00565147 0.00252533 0.00635672 -0.00652218 0.00591183 0.00513744 0.00131464 -0.00754547 -0.00399685 0.00367022 -1.81198e-05 -0.00695372 0.00543404 -0.00418282 -0.00658369 -0.00675011 0.00291491 0.00393295 0.00529861 0.0037837 -0.000335217 -0.00329447 -0.0070467 0.00655222 -0.000507355 -0.000479221 0.00310278 0.00682926 -0.0075779 -0.00150013 -0.00603104 -0.00101757 -0.00666618 0.000996113 -0.00683737 0.00150919 -0.00572777 -0.00183392 0.0029788 -0.00317955 0.00375843 0.00489712 -0.00559711 -0.00595522 -0.00511551 0.000832081 -0.00479174 0.00342464
259989 -0.00190726 -0.00535589 0.00408746 -8.47973e-05 0.0037592 0.00408447 0.00161938 -0.00718661 0.00532083 0.00208194 -0.00597348 -0.00243551 0.00300761 -0.00399501 -0.000936747 -0.00486137 0.00207636 -0.00517776 0.00647012 0.0044967 -0.000314654 -0.00189663 -0.00709977 -0.00762941 0.00660811 -0.00311622 0.0062642 -0.00354828 0.00636594 -0.00337399 -0.00287227 0.000134979 0.00726537 0.00294407 0.00320989 -0.00481052 -0.00468122 -0.00240247 0.00437001 0.00636883 0.00631646 0.0013237 -0.00564705 -0.00135366 0.000270791 0.00102464 0.00773281 0.00210794 0.00668641 -0.00588135 0.00515326 0.00279001 0.00438955 0.00514236 -0.00066172 -0.00540923 0.00509442 0.000242798 -0.00447562 0.00646384 0.00681741 0.00770675 0.00342737 0.00260394
187046 0.00618076 -0.00633287 0.00694084 -0.0024662 0.000356674 0.00638914 -0.00743389 0.00389051 -0.00405979 -0.00371742 0.00202084 0.000377178 0.00285387 -0.00318718 -0.00454187 0.00387526 -0.000992775 -0.0032835 0.00768471 -0.00361395 3.62396e-05 -0.000510216 -0.00684834 -0.00505161 0.00120258 -0.00772238 -0.00205755 -0.00152779 0.00385857 0.00725603 -0.00774813 0.00632477 0.00294018 -0.00231695 0.00154257 -0.00120544 0.00726748 -0.00702667 -0.00513124 -0.00385714 0.000365734 0.00495863 -0.00331354 -0.0073781 0.00733566 -0.00654984 0.00563478 0.00716352 0.00361013 0.00388384 -0.000895977 0.000246048 0.00300407 0.0039134 -0.0022893 -0.00760603 -0.00160599 0.000488281 -0.000265121 -0.00680971 -0.00131941 -0.00447512 -0.00597954 -0.00186825
299192 0.00725797 0.00233193 0.00199764 0.00596899 -0.00191559 -0.00655941 -0.00194864 0.0012574 0.000370572 0.00189823 0.00260393 -0.00412021 0.00391901 -0.00335429 -0.00670328 -0.00515406 -0.000357986 0.00465047 -0.00680924 -0.00232482 0.00780505 0.00544414 -0.00526645 -0.00692507 0.00153907 -0.0066305 0.000435073 -0.0047116 0.00178483 -0.000525433 -0.00229952 0.0036456 -0.0010123 -0.00154506 0.00533346 -0.00568326 -0.00464332 -0.00733635 -0.00541599 -0.00203144 -0.00632789 -0.00370478 -0.00550764 -0.00107744 0.00770626 -0.00775976 -0.00302702 0.00407957 -0.000971054 0.00726901 0.00143636 0.00275075 0.0025312 0.00235758 0.0026647 -0.00505968 0.00154547 0.00509941 -0.00276442 -0.00661077 0.00156723 -0.00522931 -0.00230369 -0.00660042
49050 0.00661398 -0.00438619 0.00609535 0.000937148 -0.000232267 0.00237637 -0.0028728 0.00332592 -0.00452468 0.000855867 0.00743445 0.00584112 -0.00369468 -0.00738859 -0.00198373 0.0010638 -0.000506545 0.00752416 0.00113478 -0.00207629 0.000417483 0.00425571 -0.00174733 0.00316215 0.00616866 -0.00442563 0.000234237 0.00666033 -0.00393651 -0.000472283 -0.00647778 0.00757762 -0.00321348 0.00761619 -0.00386671 0.000483123 0.00537317 -0.00125377 -0.00577222 -0.00504853 0.00627066 0.000214085 -0.00433481 0.00406301 0.00314485 0.00617956 -0.000999794 0.00618074 0.00029144 0.00473961 -0.00049536 -0.00402758 -0.0078576 0.000469364 -0.00475048 -0.000944511 -0.00655315 0.00581133 0.00162168 0.00725901 0.00763846 -0.00353012 0.00630015 -0.000168875
322083 0.00124779 0.00359432 -0.00346067 -0.00244771 0.000156498 -9.42477e-05 -0.00710539 0.00487047 -0.00284268 -0.00174869 0.00506032 -0.00323137 -0.00679857 0.00536422 0.00750856 0.0005475 0.0018124 0.00174013 -8.56331e-05 -0.00571076 -0.005771 0.00737659 -0.00346418 0.00229479 0.00549841 0.00236879 0.00722098 -0.00217987 0.00594354 -0.00529708 -0.000730718 -0.00570301 0.00541791 0.00405405 -0.00557578 -0.00301575 -0.00303502 0.00482988 0.00781528 -0.00616773 0.00306052 0.00233479 0.00042527 0.00219507 0.00316267 0.00511729 0.00540829 0.00357107 0.00646764 0.00465904 0.00426742 0.00460203 0.000114018 0.0058726 -0.00455524 -0.00651494 0.00761607 0.00200661 0.00377441 -0.00385801 0.000851284 -0.000497277 0.00390067 0.0058503
278819 -0.00320428 0.000990003 0.00596102 0.00263584 0.00221433 0.00747224 -0.00490597 -0.00708467 -0.0020209 0.00748813 0.00709341 0.00658159 0.000749107 0.000396178 -0.00434893 -0.00481128 0.00211223 0.00741534 -0.00412674 0.00755116 -0.00208467 0.00336551 0.00579524 0.00699252 -0.00197326 -0.00631688 0.00767668 0.00396701 -0.00377456 -0.00432703 -0.00544281 -0.00510715 -0.00505369 0.00595057 -0.0025184 0.00262615 0.00039886 -0.00228192 -0.00474774 -0.00678568 0.00415256 -0.00347715 0.000872867 -0.0042647 -0.00593723 -0.00244213 0.00224272 -0.00614745 -0.00622276 0.00731573 0.00302017 -0.00152195 -0.000184389 0.00298724 0.000126518 0.00654981 0.00728762 0.00109112 0.00126174 0.00694928 0.00474649 -0.00479843 -0.00213946 0.00684921
280314 0.00603527 0.00212654 -0.00390775 -0.000124946 0.000852048 0.00749979 0.00652916 -0.00648224 -0.00164698 0.00254861 0.00209854 0.00189053 0.00088306 -0.00161328 0.00725877 -0.0056592 0.00349075 0.00532461 0.00407437 0.0037192 -0.00332768 0.00367804 0.00306411 -0.00565218 0.00536839 0.00421502 -0.0040203 0.00581548 0.00186477 0.00543634 -0.0012684 0.00114223 0.00579738 0.00782943 -0.00532664 -0.00290072 0.00666272 0.00244735 0.00191343 -0.000326486 0.00580491 -0.000310969 -0.00275758 -0.00554749 0.00108707 0.000300449 -0.00135605 -0.00155394 -0.00745056 0.00554541 0.00661041 0.00218521 0.00378108 -0.000285564 -0.00202144 -0.00423037 -0.00527831 0.00238161 0.00039013 0.000857469 0.00340103 -0.00178542 0.00332821 0.00663211
152174 0.00313356 -0.00242032 -0.000475004 -0.00370063 -0.00112253 0.00584248 0.00612545 -0.00622365 0.00632421 -0.00335229 0.00175699 0.00465427 -0.000442085 -0.00370631 0.000703141 -0.000204467 0.00154788 -2.57422e-05 -5.03748e-05 0.00357395 -0.000817919 -0.00328113 0.00462451 -0.00354563 -0.00506593 -0.00180091 0.0053485 0.00747191 0.00324043 0.0033895 0.0073732 -0.00274344 -0.00765164 -0.00349629 -0.00128792 -0.000817812 -0.000932189 0.00555474 0.00298277 -0.00368058 -0.0032415 0.00554227 -0.00265233 0.000712435 -0.00528736 0.00633853 -0.00361212 -0.00069165 -0.00542613 -0.000365556 0.00244782 0.00138915 0.00113877 -0.00411023 0.00140373 0.00500379 -0.00432042 -0.0022895 -0.000955141 -0.00626621 0.0045564 -0.000348208 -0.00348449 0.000903678
304237 0.000976954 0.0015457 -0.00628486 0.00680619 0.0068505 0.000474203 -0.0034334 0.00409977 0.00667082 -0.00491692 -0.00548535 -0.00264918 -0.00552141 -0.00101179 0.00502159 0.00531604 -0.000489055 0.00342591 -0.00155565 0.0043524 0.00622522 -0.00592554 0.00321653 0.00612012 0.00392735 -0.00529156 -0.00123439 0.00529023 0.0041015 -0.00753551 -0.00716813 0.00630533 -0.00500688 -0.00218896 -0.00104922 0.00423046 -0.000136264 0.00101339 -0.00292292 0.00537537 0.00464912 -0.000156281 0.00135027 -0.00687964 0.000226858 0.00101387 0.00471875 0.00213707 -0.000926287 -0.00204687 0.00138423 0.005026 0.00441976 -0.000670767 -0.000781906 0.00750885 -0.00322334 0.00212516 0.00335399 -0.00639369 -0.00763272 -0.00144758 -0.00730762 -0.00658654
102826 0.00487535 0.0047019 -0.00458594 0.00716755 -0.00369314 -0.00277272 0.00366899 -0.00409144 0.00752667 -0.00459053 0.00782682 0.00179575 0.00715269 0.00343879 -0.00569068 -0.00293021 -0.00722537 0.00447772 0.00627355 -0.00448682 -0.00480653 -0.000300733 -0.000571075 -0.00715591 -0.00039897 0.00499346 -0.00613872 0.00335866 0.000386213 -0.00102358 -0.00236972 -0.00321511 -0.000574484 -0.00147832 -0.00741023 -0.000238061 -0.00767594 0.00644369 0.00633765 -0.00568498 0.00243051 0.00752577 0.00143821 0.0051896 0.0038019 -0.00692525 -0.00600567 0.00463007 -0.00236634 0.000875011 0.00643026 -0.00138464 0.00269108 -0.00560796 0.00378828 0.000148211 -0.00751226 0.00726235 -0.00427648 0.00065619 0.00574526 0.00176314 -0.000774316 -0.00448734
309556 -0.00349014 0.00555859 -0.00215261 -0.00337649 -0.0065428 -0.00582988 -0.000992481 -0.00461361 -0.00643298 0.00291172 -0.00131066 0.000442478 0.00398804 -0.000958453 -0.00236689 3.36304e-06 0.000348849 -0.000276989 0.00729557 0.00565253 -0.00182171 -0.00604474 0.00167695 -0.00366334 0.00382788 0.000982358 0.000678689 -0.00202268 -0.00425845 -0.00542671 -0.00590371 0.00758422 -0.000859387 -0.00671861 0.000192035 -0.00336342 -0.0012503 0.000217945 -0.00204664 0.000999809 0.00221578 -0.00137036 -0.00218538 -0.000143342 -0.000630417 -0.000785704 0.00482016 -0.00320373 0.00520275 0.0011986 -0.00288775 0.00699329 -0.00698668 0.00446237 0.00384423 0.00298351 0.000853134 -0.00297607 -0.00217471 0.00731708 -0.00221091 -0.00758129 0.000135968 -0.00467198
327521 -0.00326157 -0.00517845 0.00207615 -0.00212049 0.00103855 -0.00293875 -0.00729227 0.00504303 0.00421476 -0.000487804 -0.00532103 -0.000504017 0.00651217 -0.00167179 0.00469923 0.000327587 0.00197983 -0.00654364 -0.00749159 -0.007092 -0.00745201 -0.00362921 -0.00510979 0.0017333 -0.000738621 -0.00592566 0.00543356 -0.0066843 0.00183201 0.00560141 -0.006464 0.00707245 -0.00453377 6.05583e-05 0.00333309 -0.00190401 0.00237751 -5.00679e-05 -0.00582838 -0.00711489 -0.00743103 -0.00183821 -0.00168419 -0.00495815 0.0044117 -0.00321484 0.00750303 0.00763988 -0.00225973 -0.000754833 0.0077877 -0.00010252 -0.00438738 -0.00173855 -0.00383854 -0.00264502 0.000576019 -0.00570488 0.00776625 -0.00180674 0.00721455 -0.00678921 0.00281668 0.00426865
227520 0.00329997 0.00213591 0.00156785 -0.00555453 -0.00145048 0.00396824 0.00261381 0.00414968 -0.00698268 0.00630679 -0.000248713 -0.00257126 -0.00289491 0.00604631 -0.00258117 0.00750159 0.000882366 -0.00218261 -0.00798612 0.00151322 -0.00519901 0.00309266 0.00302543 0.00192646 0.00774974 0.00331886 0.00236377 0.00115242 0.00695039 0.00377366 -0.000827651 0.00276756 -0.0024707 -0.00203695 0.00691721 -0.000448101 -0.00564304 1.47085e-05 -0.0062575 0.00769297 0.00124017 0.00761692 0.0029724 0.000864618 -0.00270141 0.0023939 -0.00416505 -0.00414349 0.00594556 0.0032272 0.00234797 0.00192814 0.00727472 -0.0007451 0.000905151 0.00365186 -0.006044 -0.00139107 6.11761e-05 -0.00312321 0.0027815 0.00318998 0.00676535 -0.00555372
183248 0.00503635 0.00279093 -0.00309563 -0.00644302 0.00410557 0.0050478 -0.00688982 -0.00456047 -0.000872135 0.00492096 -0.0056262 -0.00030756 -0.00338459 0.00399399 -0.00270653 0.0074873 -0.00732565 0.00172091 -0.00195074 0.00525856 -0.00217962 0.00218678 -0.00440645 -0.00249004 -0.00354099 -0.00724268 -0.00627899 -0.00533533 0.00655174 -0.000395775 0.00737238 -0.00545979 0.00656271 0.00477123 -0.00738001 0.00383091 0.00458717 0.00163889 0.00257301 -0.00245142 0.00112581 0.00470257 0.00426006 0.00342989 -0.00459194 -0.00635242 0.00249243 0.00614357 0.00547695 -0.00173807 -0.000490665 -0.00107861 0.00194216 0.00729465 -0.00109434 0.00244713 0.00686264 0.00154877 0.00452375 0.00363731 0.0076623 -0.00255442 0.00405598 -0.00648928
292037 0.00012849 -0.0049507 -0.0025272 -0.00572338 -0.00266596 -0.00164877 -0.00298239 0.00493032 0.00751077 0.000977081 -0.00174484 0.00520688 0.00345811 -0.0034129 0.00153064 -0.0057207 -0.00390949 0.00153877 -0.00688233 0.00148943 0.00258101 0.00554529 -0.00356234 -0.00287378 0.0028498 -0.00269344 0.00476736 0.00107437 0.00488981 -0.0037918 0.00532493 0.00540647 0.000517322 -0.000285519 -0.00348711 0.00659595 -0.00685875 -0.00033339 0.0042018 4.05929e-06 0.00437887 0.00681121 0.00206899 -0.00241235 -0.00724032 0.0026074 0.00574246 -0.00286873 -0.00400526 -0.00767747 -0.00559808 -0.000405448 0.00729014 -0.000978872 -0.00512229 -0.00100776 -0.00543443 0.00269381 -0.00458691 -0.00481579 0.00619238 0.00671229 -0.00599457 0.00450787
232340 -0.00663807 0.00102368 0.00406507 0.00370707 -0.00352913 0.00534438 -0.00604788 0.0039711 -0.00505256 0.00746875 0.00765891 0.0040766 0.0074805 -0.00323012 0.00018568 0.000712545 0.00662425 0.00168742 0.000254839 -0.00476422 0.00198386 0.00128339 0.00618182 0.00141902 -0.00611225 -0.00314087 0.00634964 -0.0065139 -0.00231093 0.00416748 0.00473034 0.0038941 -0.00364004 0.000691031 0.0002274 -0.00475491 0.00556184 -0.00436289 0.00492106 -0.00169563 -0.000462347 0.00736462 0.00436934 0.000783579 0.00682724 0.00688298 0.00703309 -0.00206879 7.83603e-05 0.00160474 0.00574846 0.00523158 -0.00297403 0.00559593 0.00101517 0.00537493 -0.00156508 -0.00640289 0.00234831 0.00308128 0.00588667 0.00636072 -0.000224497 -0.00767253
246539 -0.00198104 0.00347792 -0.00553751 0.00546299 -0.00341976 -0.0072565 0.00179155 0.00313676 -0.00692353 -0.00139113 -0.00482683 -0.00527679 0.00663233 -0.0064176 0.00643387 0.00507702 -0.00369928 -0.00126458 0.00272421 -0.000560455 -0.00303127 0.00114696 0.00197736 0.00331748 0.00727333 -0.00525602 -0.00724574 -0.000706957 0.00441116 -0.00476373 -0.00674411 -0.00245497 0.00311848 0.00239351 -0.00693866 -0.00365553 0.00179895 -0.000532904 0.00331903 -0.00103538 -0.00126738 0.00791273 -0.00434795 0.0075975 0.000249009 0.00734248 0.000214654 -0.00158026 0.00159925 0.00309938 -0.00257164 -0.00639132 -0.000746641 0.00360373 0.00619873 -0.00483744 0.00517951 0.00513963 -7.04134e-05 0.00398354 0.00674538 -0.00457896 0.00528351 0.00728181
266041 0.00340629 -0.0067946 0.000796715 0.00666996 0.000310088 -0.00232484 2.9741e-05 0.00509317 -0.0056523 0.00296817 0.00391101 -0.00139173 0.00648667 -9.61257e-05 -0.00534561 -0.00664027 0.00749325 -0.00291814 -0.00779397 0.00356223 -0.00397231 -0.00664312 7.32699e-05 0.00342535 -0.00565289 0.0021284 -0.00271009 0.00712129 0.00514993 -0.0043574 -0.00186603 0.00171008 0.0065647 0.0071517 0.00346569 -0.0026138 -0.00377691 -0.0027952 0.00570337 0.000824748 0.00612759 0.00190976 -0.000509335 0.00439 0.00609169 -0.00281315 0.0023357 -0.00355425 0.00765475 -0.00262028 0.00378613 -0.00278699 0.00319281 -0.00705396 0.00708384 -0.00389714 -0.00635749 -0.00235562 0.00207696 -0.00174261 0.000695046 -0.00377237 0.00247835 -0.0013952
206910 0.00705751 -3.95756e-05 0.000756569 0.00647469 0.00272362 0.00249084 0.00655835 0.00455112 -0.000872468 -0.00521967 0.00667185 -0.00151494 0.00507332 0.00486089 -0.00636324 0.00635842 -0.00344511 -0.00680591 -0.00121232 0.00488957 6.28377e-05 0.0051904 -0.00680033 -0.00528919 -0.00748766 0.00688738 -0.00149353 -0.0023774 0.0038805 -0.00730866 0.00710988 -0.00733799 0.000185861 -0.00609374 0.00515652 -0.00626761 -0.00442833 -0.00128207 -0.00474541 -0.00523644 0.00251854 0.00653926 0.000255741 0.00114543 0.00278676 -0.00699619 0.00722051 -0.00240724 0.00193538 -0.0073961 0.00436727 -0.00630232 0.0057043 -0.00290494 -0.0074667 -0.00264215 -0.00266448 0.00178315 -0.000938178 -0.00620117 0.00319904 0.00781023 0.00642178 0.000986052
319610 -0.00119875 -0.00137361 -0.00439734 -0.00369383 0.00665206 -0.00254972 0.000240656 0.00425551 5.02063e-05 0.00292306 -0.000367954 0.000702674 -0.00746044 0.00531024 -0.00683302 -0.00108988 0.00574163 0.00710623 -0.00204318 -0.0070675 0.00208815 -0.00620132 -0.0025535 -0.00651693 0.000284798 0.00449851 -0.00152832 0.00600809 -0.00343578 -0.00280023 7.62999e-06 0.00132972 0.000795549 -0.00350442 -0.00465223 0.00419819 -0.00121486 0.00613052 -0.00588215 -0.00497948 -0.0077217 -0.000155142 0.00586138 0.00029186 0.00775751 0.00339601 0.000734454 -0.000487767 0.0073513 0.00491214 0.0021436 -0.000130942 -0.00426804 0.000411793 0.00614586 -0.00419402 -0.00489658 -0.00626031 0.00440929 0.00640884 0.00640906 0.00592002 -0.00676017 -0.00558708
273154 0.00686611 0.00362688 -0.00600299 0.00670485 0.00684815 -0.00387807 -0.000234337 -0.000957125 -0.00274863 0.00122216 0.00235226 0.00296174 -0.0022354 0.00647971 0.00661822 -0.00396931 0.00719403 0.00410949 0.00492577 -0.00387306 0.00296669 0.00187458 0.00585132 -0.00734599 -0.00742874 -0.00152831 0.00698608 -0.00238084 0.00241688 -0.00369933 -0.0035799 0.00414535 0.00217552 -0.00631878 -0.00557759 -0.00719602 -0.00320192 -0.00241166 0.000585137 -0.00717367 0.0029031 -0.00118989 0.00086211 -0.00417803 -0.000770245 -0.00164168 -0.00757172 -0.00767443 0.00759391 -0.00446433 -0.00749932 -0.00638888 0.00169731 -0.00513617 0.00541242 -0.00407971 0.00492226 0.00413879 -0.0067732 -0.00252656 -0.00556939 0.00482769 -0.0059584 -0.00136443
63890 0.00548659 0.00544534 -0.00292019 -0.00223065 0.00629839 0.00439395 -0.000483267 0.00723354 -0.00102616 0.00305499 -0.00459356 -0.00379629 -0.00450584 0.00513763 -0.00752064 -0.000471575 -0.00365945 0.00426276 -0.00494368 0.00406932 -0.00440682 0.00231081 0.00316097 -0.00706455 -0.000987812 -0.000177187 -0.00504366 0.00766667 0.0018344 0.000691016 0.00736386 0.000763399 0.00535024 0.00355887 -0.000218568 -0.00604724 0.00420139 0.00645928 0.00575316 0.0023439 0.00756028 -0.00300504 -0.0069396 0.0057381 -0.00519832 0.00194556 -0.000670234 0.0049388 -0.00581156 -0.00359092 -0.00611123 0.00727736 -0.00304587 -0.00374597 0.00280717 -0.00548798 0.00560175 -0.00654764 -0.00541797 -0.00177827 0.00622732 -0.00411014 0.000420664 -0.00651185
156561 0.00778665 0.00256044 -0.00179953 2.34735e-06 -5.04444e-05 0.00462373 0.00185265 -0.0076345 0.00559813 -0.00186456 -0.00151243 -0.00575845 -0.000759285 0.0060592 -0.00473711 0.0031984 0.00760647 0.00402071 -0.00140313 -0.00164411 -0.00345965 0.00672743 -0.0022002 0.0028042 -0.0054608 -0.00352205 0.00335298 0.00111013 -0.00131519 -0.00220838 0.00504116 -0.00134865 0.00392221 0.00523869 0.000676246 0.00304429 -0.00353578 -0.00426267 -0.00735468 -0.00115905 0.00258645 -0.00397962 -0.00184277 -0.0067267 0.00401592 -0.000412352 -0.000412377 -0.00394233 -0.00217086 1.09936e-06 0.00156935 0.00295286 -0.00604761 -0.00332912 0.00276034 -0.00368391 -0.000574664 -0.00756778 -0.00122334 0.00110276 -0.00519484 -0.00614322 -0.00363362 -0.00178584
327563 0.00298685 0.00149788 -0.00184527 0.00490999 0.00603075 0.00267931 0.00211683 0.00398139 -0.00605765 -0.000607817 0.00770862 0.00278753 -0.00127713 0.00663181 0.00505826 -0.00697558 0.00527134 0.00779466 0.00734282 -0.000321173 -0.00128909 0.00317185 0.00601617 0.00733701 -0.00692264 -0.000462759 0.00315339 -0.00207706 0.0042698 -0.00181645 0.00113562 -0.00239081 -0.000732368 0.000921022 -0.00571795 0.00743554 0.00349729 -0.00186918 -0.00132601 -0.00309692 -0.00780053 0.00488017 -0.00702855 0.00699264 -0.00258889 0.000193153 -0.00529971 -0.00514109 -0.00576723 0.00698972 0.00300908 -0.00243624 -0.00234055 -0.0038918 0.0017702 -0.00212429 -0.00349417 -0.00736389 0.00435203 0.00645129 -0.00103497 0.00524125 0.00495519 -0.00669439
328747 0.00454601 0.000516027 0.00612403 -0.00395732 0.00409541 -0.0034957 0.00212691 0.00563037 -0.00426395 -0.00318365 -0.00411616 0.00492782 -0.00784131 -0.00427799 0.00359411 -0.005797 -0.00749201 -0.00354603 0.00421086 0.00535359 0.00306205 0.00357782 0.00486026 -0.000614243 0.000869317 -0.00311172 0.00405305 -0.00581532 0.00701055 0.00490891 -0.00125749 0.00508592 0.000417615 0.00101584 0.00122348 0.00261931 0.000973139 -0.00737859 0.0071868 0.00287926 0.00414249 -0.00598262 -0.00693224 -0.00509877 0.000210297 0.00453049 -0.00594391 0.0067759 -0.00141739 -0.00583818 -0.0066891 -2.1666e-05 0.00472227 0.00233717 0.00446435 0.00407826 -0.000913134 -0.00637972 0.00117953 0.00652793 0.00304487 -0.00185062 -0.00554386 -0.00238113
356 0.00174462 0.00612595 0.00736979 -0.00393149 -0.00324332 0.00767304 -0.00288584 2.11843e-05 0.00330373 0.00333889 0.00598305 0.00642017 0.000919344 0.00188315 -0.00351642 -0.00718776 -0.00378278 0.00568154 -0.00343548 0.00486914 0.00244558 -0.00397981 -0.00494751 -0.00459724 0.000791512 -0.0004898 -0.00751231 -0.00578509 0.00261101 -0.0027648 -0.00618815 0.00537231 -0.0068767 0.00783874 0.00298989 0.00731586 0.00323554 -0.00352453 -0.00693875 1.62204e-05 -0.00425999 0.00376799 0.00641666 0.00579277 -0.00133352 0.00580572 -0.000627431 -0.001667 0.00235947 -0.0066676 0.00689264 -0.0041282 0.00450094 -0.00036386 0.00761448 -0.00409256 0.00172675 0.00278 0.00328515 0.00158583 -0.0010264 -0.00535513 0.0037312 0.00732303
52854 0.00794763 0.00101521 -0.00459023 0.0041555 -0.00527579 0.00284299 0.00478763 -0.00234505 0.0014583 -0.00669841 -0.00482615 0.00588184 0.00723005 -0.00157161 -0.00317463 -0.00163555 0.0038978 0.000771199 -0.0012726 -0.00447834 -0.00217269 -0.00755901 0.000503467 0.00384068 -0.000944873 -0.00463942 -0.00600843 -0.00587843 -0.00494074 -0.00614018 0.00525994 0.00580858 0.00203282 0.000415976 0.00456722 0.00125572 0.00154161 0.00406406 0.00209637 -0.00521365 -0.00527133 0.00444304 0.00176686 0.00297344 0.00230159 0.00486755 0.00424236 0.00635285 0.00502215 -0.00291705 0.00752432 -0.00581081 -0.00632596 -0.0041505 1.85407e-05 -0.00622186 0.00669384 0.00386936 0.000678567 -0.000417223 0.00239167 -0.00598598 0.000939404 -0.00550073
314788 -0.00341793 0.00740399 0.00207692 -0.00365976 0.000669322 0.00349614 0.00491854 0.00106507 -0.00167635 -0.00485989 0.00652258 -0.00682361 0.000856432 -0.0015389 -0.0051906 -0.00326379 -0.00464742 0.00170949 0.00256964 -0.00207054 -0.00228966 -0.00369677 0.0062296 -0.00594436 -0.00629805 -0.00442502 -0.00498451 -0.001777 -0.00441874 0.00534281 -0.00208117 0.00621607 -0.00262068 -0.00337565 0.00317506 0.0030335 -0.00560027 0.00118306 -0.00646844 0.00172806 0.00527343 0.00501541 0.00281066 0.00371005 -0.00263632 -0.0049222 -0.00543232 -0.00244914 -0.00218679 0.00603291 -0.00160347 -0.00380843 -0.00711768 0.00660095 -0.0061703 -0.00584332 -0.00722489 0.00406324 0.00770515 0.000986759 0.00510923 0.00278056 -0.00641053 0.00219448
328960 -0.00323354 -0.00766994 0.00538162 0.00286764 -0.00598443 0.00764589 -0.000597046 0.00520798 -0.00572751 -0.00115335 -0.00280071 -0.00166219 -0.00423519 0.0064109 0.00338309 -0.00238907 0.00513705 0.00501672 0.0067288 -0.00615497 0.00304283 0.00404665 0.00496508 0.00594429 0.00687679 0.00355092 0.00531759 0.00274 -0.00738765 0.0034511 0.00619823 -0.00151554 0.00377456 0.0068661 0.0037171 -0.00741508 0.00445333 -0.00193592 -0.00248678 -0.00403294 -0.00742742 0.00722985 -0.0061584 0.00291034 -0.00656162 -0.00721257 -0.00458351 -0.00708874 -0.0039794 -0.00297494 0.00588614 -0.00484952 -0.0012307 -0.00725848 -0.00631275 0.00195714 -0.00643951 0.00300895 -0.00144389 -0.00207854 0.00710672 0.00457338 -0.00310147 0.00249493
90666 -0.00183911 -0.00671091 0.00631969 -0.000362849 -0.00687021 0.00551133 -0.00135725 -0.0029916 -0.00238771 0.00189317 -0.00535215 -0.00402297 -0.00267958 0.00383591 -0.00307232 0.00250031 -0.00269119 -0.000663415 0.00249852 0.00396209 0.0068849 0.00371133 -0.00281006 -0.00679599 0.00557225 -0.000682847 -0.00422834 -0.00399321 -0.00231335 -0.000986829 -0.00545013 -0.00214048 0.00700071 0.00236937 0.0033727 0.00428439 -0.000773499 -0.00347194 0.00484909 0.0075038 0.00775681 0.00468402 -0.00138707 0.00261212 -0.00773571 0.00690126 -0.00740754 0.00599705 0.00669316 0.00179626 0.00173434 -0.00778757 0.00039436 0.00115784 -0.00387179 -0.00167631 0.00349649 -0.00762536 0.00276017 0.00628957 0.000449593 0.00627465 0.00257126 0.00683964
329046 -0.00242424 -0.00650787 -0.00187731 0.00149775 -0.00703621 -0.00488091 0.00574589 0.00276709 -0.00744629 -0.00612736 0.00264168 2.95639e-05 0.00364161 -0.00427246 0.00424433 0.00548649 0.00685072 -0.00282288 0.00515175 -0.00564432 -0.00586557 0.00712585 0.0072217 -0.0042181 -0.00387907 0.00161505 0.00747919 0.00598049 -0.00128031 -0.00551414 -0.00192547 -0.00343275 0.000435352 -0.00698185 0.00710773 0.00196075 0.000930786 0.00603199 -0.00181532 -0.00370026 0.000422955 -0.00150871 0.00126696 -0.00310135 0.00356245 0.00696421 -0.00418806 -0.00469494 -0.00198126 -0.00251436 -0.00311804 -0.00327253 -0.00483656 -0.00732327 0.00584984 0.00327778 -0.00630045 0.00278902 -0.00486994 0.00304508 0.0005126 0.00627661 -0.00518942 0.00357246
329103 0.000826359 -0.00105524 -0.00251436 -0.000130177 -0.00367069 -0.00210238 -0.000825405 -0.00632858 0.00334644 0.0037117 0.00199461 0.0009408 0.00471926 -0.00544071 -0.000404358 -0.00755119 -0.00251865 0.0025754 0.00541115 0.00131941 0.00497675 0.00245237 0.00409317 -0.0013957 -0.00760365 0.00630236 -0.00442982 0.00516033 0.00749874 0.00101614 -0.00352526 -0.00597954 0.00111055 -0.00283098 -0.00351 0.00465155 -0.0070653 -0.00243282 -4.76837e-07 0.00766611 0.00600576 -0.00176191 -0.00566244 0.00388193 -0.00218391 0.00184393 0.00626945 0.00567293 -0.00729322 5.24521e-05 -0.00574732 -0.00612307 0.0029254 -0.00139332 0.00373363 -0.00179243 0.00543737 -0.00524473 0.00490475 0.00380707 -0.000603676 -0.00359917 -0.00357389 0.00376606
304377 0.00525161 -0.00743627 -0.00222377 -0.00603861 -0.00178602 -0.00374073 -0.00284602 -0.00410676 -0.00106213 0.00550133 -0.00336375 -0.00291989 -0.00149072 0.00517508 -0.00381796 0.00420881 0.00388883 -0.0034498 0.00246861 0.00654821 -0.00669965 0.00146284 -0.00371229 -0.00536393 0.00067664 0.00104362 0.00111874 0.00554327 -0.0034785 0.00575957 -0.00672229 -0.00214648 0.00248375 -0.00627326 0.00769344 0.00765451 -0.00245781 -0.00349098 -0.00680834 0.00137443 0.00535896 0.00528855 -0.00657293 0.00229422 0.000257735 -0.00758851 0.00223084 -0.00430065 0.0058265 0.00214763 0.00471885 -0.00722602 0.00505802 -0.00456537 -0.00567781 0.00337001 -0.00586821 -0.000966525 0.00676046 0.0010578 -0.00304027 0.00673877 0.00710153 -0.00450824
319314 0.000196574 -0.00357281 -0.000153247 0.00647599 0.00135478 -0.0039622 -0.00535273 -0.00355877 0.00306959 -0.00333883 -0.00165895 -0.00565985 0.00633607 -0.00649304 -0.000447318 -0.00445987 0.00586803 -0.000893702 0.00344485 -0.000501954 -0.0010775 -0.00773463 1.36342e-05 0.000152776 0.00360429 -0.00291626 -0.00498473 -0.00424453 -0.00712704 0.00374977 -1.27325e-05 -0.00782119 0.00590956 0.00066396 0.00669894 -0.00164869 -0.00207094 0.0045772 -0.000211354 0.00744889 0.00264532 -0.00242011 0.00649566 -0.00595138 -0.00286641 0.00316752 0.000868579 -0.00548543 -0.00241294 0.00427843 3.5779e-05 -0.00539294 0.00646545 -0.00120251 0.00552849 -0.000248549 0.00119133 0.00712915 -0.00105692 -0.00502637 0.000805176 -0.00292651 0.00294072 0.00590219
250428 -0.00138326 -0.00659093 -0.00308982 0.00548729 0.000592227 -0.00483237 -0.00560357 0.00582179 0.000456025 -0.0018573 -0.00450361 0.00642875 -0.00543191 -0.00429049 0.00751785 0.0071014 0.00671887 0.0068366 0.00765461 -0.00698539 0.00703038 0.00224031 -0.00753957 -0.00760589 0.00747955 -0.00231657 0.00278435 0.00330776 0.00019344 -0.00210929 0.00463806 0.000166551 0.00486125 -0.00307086 -0.00151609 0.00338532 0.000751389 8.62233e-05 0.00263058 0.00127188 -0.00565306 0.00770206 0.00246408 0.0047981 -0.00203051 0.00374092 -0.0042068 0.00768564 -0.00147945 -0.000848949 0.00666463 -0.00710235 0.00405055 0.000796158 -0.00507869 0.00752144 -0.00239629 0.00304637 0.00320159 -0.00632564 -0.00484044 -0.00231695 -0.000629299 0.00755845
13916 0.00606203 0.00533295 0.00594473 -0.00206327 -0.00109148 -0.000418186 0.0062623 -0.00458002 -0.000746727 0.00758839 -9.25064e-05 -0.00704622 0.000520706 -0.00700903 -0.00601912 -0.00616598 0.00190258 -0.00720024 0.00596762 -0.0077033 -0.00491047 0.00403833 0.00540447 0.00339317 -0.00496149 -0.001472 -0.00494766 0.00103521 -0.000945091 -0.00108147 0.00255156 0.0059185 0.00065136 0.000640869 -0.00424194 -0.00530434 0.00496674 0.000999928 -0.00724983 -0.00288439 0.000329971 -0.00178576 0.00468922 0.00562572 0.0046196 0.00287151 0.00440693 0.00164795 0.00039053 0.00272608 -0.0035944 0.004282 0.00241566 0.00143814 0.00613451 -0.00748682 -0.00651884 -0.00594854 0.00173426 -0.00268698 0.00334311 -0.000186443 0.00361538 -0.00404263
303383 0.00433167 -0.000583212 0.00455058 -0.00137487 0.00686803 0.00728258 0.001529 0.00697803 -0.0001405 -0.00090271 -4.961e-05 -0.000993941 0.00642333 0.00584499 0.00354446 -0.00355261 -0.00538137 0.000429231 -0.00248784 -0.00539312 -0.00483578 -0.00622109 0.000343952 -0.00521117 0.00379043 0.00299804 -0.00258817 0.000794808 -0.00683141 -0.00585146 -0.00274256 0.0013137 0.00238521 0.00643009 0.0035603 -0.00115555 0.00165966 0.00138159 4.83399e-05 0.00149028 0.00144054 0.00178252 -0.00229795 0.00653602 -0.00457271 0.00149446 0.00472403 -0.002355 0.00250245 0.00766077 -0.00435058 0.00654222 -0.00154973 -0.00710403 -0.00326428 0.00612018 0.00673866 -0.00473846 0.000473112 -0.0017754 -0.00599482 0.00249891 -0.000350916 0.00597175
101346 -0.00168846 -0.00218869 -0.00648629 -0.000843539 -0.00410819 -0.00718105 0.00651295 -0.00380765 -0.0053132 0.00135024 0.00747602 -0.000853686 0.00223191 0.00016175 -0.00509739 0.000956626 -0.00400077 0.00282254 0.00510491 0.00500995 0.000233767 0.00651114 -0.00643814 -0.0015071 0.000674253 0.00661842 -0.00379756 0.00686517 -0.00599543 -0.00579589 0.00037438 0.0017324 -0.00424343 0.000968518 0.00335783 0.00333884 0.00528901 0.00292248 -0.000443423 -0.00234074 0.00185352 -0.00368881 0.00504746 -0.006074 0.00344488 -0.0072332 -0.00174219 -0.00650484 -0.00371124 -0.00114335 0.00749579 0.000879409 -0.00301419 0.00630793 -0.00534251 -0.00183673 0.000605831 -0.00170087 -0.00216739 -0.0032713 0.00589026 -0.00314958 -0.00498348 0.00249022
212567 0.00124512 -0.00118007 -0.00236264 -0.00140717 0.00790682 0.00103513 -0.00778415 0.00480358 -0.000290764 0.00416438 -0.00474088 0.00754249 0.00154089 -0.00354937 -0.00317258 0.00131226 -0.00631698 -0.00346496 -0.00357561 0.0051891 -0.00452317 0.00700187 -0.00665744 0.00736316 0.00757424 -0.00269262 0.00123015 -0.000165321 0.00536419 0.00205135 -0.00050018 -0.000961151 0.00558137 -0.00549799 0.00019671 0.00356722 0.00683057 -0.000101976 0.00571096 -0.00787152 -0.00203288 -0.00114572 -0.00446625 -0.00663938 0.00713518 -0.00667334 -0.00547929 -0.00533344 -0.00325208 0.000101745 -0.00407149 -0.00368321 -0.00505089 0.00266561 0.00440603 0.00461002 -0.00703573 0.00260193 -0.00051088 0.000842886 0.00775995 -0.00249973 0.00480216 0.00444575
329823 0.0026655 -0.00671505 0.00211956 0.00418836 -0.00129619 0.00658652 0.000613378 0.00435166 0.00762064 0.00488567 0.00618467 -0.00140527 -0.00584447 0.00732079 -0.000607623 -0.00107936 -0.00122472 0.00160906 -0.00565644 0.000159839 0.00523486 -0.00086065 0.000338863 0.00647039 0.00747778 0.00157549 -0.000705947 -0.00053019 0.00746496 -0.00283374 0.0062751 -0.0069542 0.00184447 0.00516977 0.00680493 0.00253774 0.00514914 -0.00598813 -0.00667797 -0.000693734 -0.0058861 0.00310105 -0.00716264 0.00710526 -0.00764529 -0.00382242 -0.00516925 -0.000896352 -0.00449917 -0.00357293 -0.00491407 -0.00588086 -0.00292478 -0.00247668 0.00686559 0.00644644 -0.00601967 2.09513e-05 0.00397295 -0.00486708 0.00720559 -0.00442719 0.005348 -0.00769537
299191 -0.000200272 -0.00462723 0.000298977 -0.000613689 -0.00547981 0.00747967 0.00283813 0.00518227 0.00281286 -0.00669575 -0.00251961 0.00211573 -0.00602436 0.00647211 8.34465e-05 0.00362062 -0.00104761 -0.000977039 -0.00220585 0.00293207 -0.00108147 -0.00532627 0.00742149 0.00442457 0.00634193 0.007411 -0.000137329 0.00218916 0.00404453 -0.00210524 -0.00716209 0.00691605 -0.00626707 -0.00390863 -0.00301218 -0.0043993 0.00701666 -0.00488424 -0.0074234 -0.0054822 0.00227022 -0.00529766 -0.00313234 -0.00189495 0.00034523 0.0024085 -0.00684166 -0.00329924 0.00749207 -0.00403118 0.000292301 0.00327539 0.000380516 -0.0013423 0.00675964 -0.00726843 0.00593853 0.00544786 0.00132942 0.00327969 0.00403881 0.00557756 -0.00379896 0.00096941
264791 -0.0016211 -0.00449822 -0.00655257 0.00688036 -0.00168258 -0.00607864 -0.00686151 -0.00564874 -0.00622149 -0.0016 -0.00336686 -0.00689897 0.00659514 0.00633015 0.00426078 0.0013049 0.00510575 -0.00702261 -0.00224918 0.00297164 0.000999597 -0.00248465 -0.000698833 0.00187338 0.00262377 -0.00522629 0.00507018 -0.00376004 0.00697482 -0.00039559 0.00143705 -0.0065988 -0.00189613 0.00122754 -0.000914848 0.00166482 -0.00425484 0.00539384 -0.00562674 0.00758956 -0.00444369 -0.00120753 -1.93254e-05 0.000129903 0.00148213 0.00504641 0.00657028 0.000797925 -0.00690211 -0.000848282 -0.00109965 -0.00642974 -0.00635916 0.00612124 0.000647478 0.00732211 0.00761235 -0.00489667 0.0051298 -0.00586131 0.00602663 0.00342421 0.000210146 -0.0054389
297350 -0.0046686 -0.00757551 0.00584187 -0.00539057 0.00487616 -0.00483868 0.00575348 -0.00210355 -0.00380874 -0.00592727 0.00764218 0.000865892 -0.00119923 -0.00376151 -0.00598983 0.00154895 0.00507846 -0.00430113 -0.00641027 -0.00246437 -0.0034565 0.00370917 0.000195306 0.00739534 0.00242724 -0.00172959 -0.00656052 -0.00622105 0.00414992 0.00494125 0.00466346 0.00696086 -0.00710378 -0.000678596 0.00242287 0.000399139 -0.00644362 0.00309406 -0.00278333 -0.001608 0.0014845 0.0010429 0.00212907 0.00724035 0.00544622 0.00499061 -0.00231047 0.00134147 -0.00153445 -0.00140913 0.00174124 0.0052882 0.00525331 -0.00372881 -0.00692738 0.0078422 0.001327 -0.000481578 0.00600649 0.00706623 -0.00273627 0.00347531 0.00160709 -0.00720559
181317 -0.00396541 -0.0076163 0.00727278 0.00109972 0.00138154 0.00135304 0.004233 0.00293285 0.00280425 -0.00656284 -0.00468492 7.57811e-06 0.00705959 0.00463265 0.00624997 0.00580671 -0.00584651 -0.00398907 -0.00755191 0.00729022 -0.00577188 0.00135026 -0.00503696 0.00587786 0.00433278 -0.0022053 -0.00142195 -0.001257 0.00702141 -0.00642296 -0.00175317 0.000438199 -0.00498697 -0.00707975 0.00431481 -0.00520468 -0.000770193 0.005589 0.00738767 -0.00314807 -0.00687883 -0.00497392 -0.00408706 0.00604129 -0.00175881 -0.00445412 -0.000954782 -0.0037837 -0.000519613 -0.00504535 -0.00380875 -0.00709109 -0.00687539 0.000529098 -0.00379355 0.00654556 -0.00274862 -0.00502923 0.00210091 -0.00455635 0.00115018 -0.00301117 0.00766511 0.00691415
256711 -0.00213987 -0.00610896 0.0067727 -0.00584669 -0.00160251 -0.00503999 0.00656462 0.00424945 -0.00179807 0.00189598 -0.00496155 0.00470628 -0.00156404 0.00495553 0.00717267 -0.00743071 0.00696989 0.00600398 -0.00680461 -0.00165718 -0.00514752 0.00224474 0.00768353 0.00600427 -0.00125271 -0.00321282 -0.00120301 0.00762569 0.00391532 -0.000474585 0.00117123 -0.00293972 -0.00198988 0.00778568 -0.00607796 -0.00403302 0.00393739 0.00724563 -0.00755062 -0.00606015 -0.00184931 -0.0020995 -0.00321324 0.00648668 0.00524085 -0.00678782 0.00466441 0.00656256 -0.00443497 -0.00369644 -0.00683091 -0.00342637 0.000951112 -0.00475179 -0.000981846 -0.00739356 -0.00240117 -0.00356763 -0.00073201 -0.00152215 0.00179004 -0.00151189 0.00242959 -0.00622338
184893 0.00627771 0.00314414 0.00543387 -0.00363094 -0.00107858 -0.00258104 0.00711204 0.00449074 0.00618424 0.00151193 0.0029525 0.00555658 -0.00564793 -0.00583332 0.00216202 -0.00534118 0.00762447 -0.00119222 0.00257867 0.00709972 0.00707889 -0.00515746 0.00757556 -0.00713699 -0.000301574 0.00645428 -0.00386231 -0.00690331 0.00645069 0.00231032 -0.00659748 -0.00357095 0.00308321 -0.00046215 -0.000192414 0.00700831 0.00663376 -0.00551417 0.0058545 0.00385338 0.00524274 0.00327659 -0.00298042 -0.00466983 -0.00290887 0.00662442 0.000361999 -0.0011481 -0.00604909 0.0031097 -0.00443836 0.00178191 0.00206218 -0.00381211 -0.00177309 -0.00587734 -0.00317688 -0.00443673 -0.00457723 0.000688252 0.00698776 -0.000602781 -0.00680108 -0.00418879
266205 0.00275688 0.00320673 -0.0036037 0.00713979 -0.00241092 0.00674564 -0.00659336 -0.0013226 -0.0041732 -0.00259733 0.00734927 0.000520282 -0.00756592 -0.00711021 0.00463841 0.00602262 -0.000407249 0.00229721 0.00446428 -0.000511834 0.000490118 0.00617802 0.00317288 0.00621353 -0.00206618 -0.00112714 0.000678632 -0.00150485 0.00258215 0.00476659 -0.00569208 0.0062386 0.00377851 -0.00604056 -0.00445412 0.00762428 -0.00176772 0.00805967 -0.00100211 0.00221917 -0.00482993 -0.00310962 -0.00322148 -0.00203509 -0.00114887 0.00552964 -0.0044204 -0.00570139 -0.00605741 -0.00751548 -0.00133741 0.00203086 -0.00635087 -0.00465517 -0.00177059 -7.59853e-05 -0.00270636 0.00755453 -0.00315183 -0.00536152 0.000898299 -0.00159042 -0.00459261 0.00138197
179967 -0.00767756 0.000469208 -0.00383139 0.00231838 -0.00272036 -0.00248718 0.00708151 0.00480366 0.00647831 0.00263643 0.00451374 -0.00459099 -0.00178719 -0.00162363 0.00466728 -0.00312138 -0.00622272 0.00511789 0.00593042 -0.00383854 -0.000724316 -0.00687075 -0.00500059 -0.000319481 0.00708818 0.000858307 -0.00124884 -0.00323296 0.00378561 0.00198317 -0.000271797 -0.00515175 0.00156593 -0.0066247 -0.00594568 0.000888824 -0.00687551 0.00271273 -0.00598335 0.00329399 0.0032959 0.00353241 0.00413084 0.000653267 -0.00325584 -0.00104618 0.00730801 0.00653076 0.00254059 -0.00376081 0.00555515 -0.00144005 -0.00384092 -0.00720024 -0.00441885 0.00666809 -0.00652552 -0.00730944 0.00187016 -0.0038085 0.00667238 0.00231838 0.000712395 0.0063324
70392 0.00415277 -0.00683737 -0.00161934 -0.003407 -0.00691319 -0.00101089 0.00319719 0.00225973 0.00733757 0.00721979 -0.00157356 0.00470114 -0.00560141 -0.000557899 -0.000517368 -0.00744438 -0.00656271 0.00385237 0.00552225 -0.00543499 0.00435257 -0.0010128 0.00703192 -0.00236654 0.00242567 0.000282288 0.000101566 -0.000379562 -0.00152063 -0.00305319 -0.00287342 0.00106907 0.00537348 -0.00743532 0.000247478 -0.00211954 -0.00175428 0.00440502 0.00540018 -0.00211859 -0.00503635 -0.00638628 0.00328112 -0.00169802 0.000433922 0.00313282 -0.00176859 -0.00601864 0.00374126 0.00677586 -0.00428867 0.000195026 0.00613594 -0.00369358 -0.00500011 0.00367069 0.00322151 -0.00255489 0.000291824 -0.00244045 -0.0068965 -0.00522423 -0.00692892 -0.00168896
92866 -0.00353832 0.00333418 0.0039631 -0.00292831 0.0033913 0.00132802 -0.00777804 -0.00641814 0.00651112 -0.00700697 0.000978141 0.00308395 0.00227709 -0.00680465 -0.00535593 -0.0053093 -0.00599949 0.00278605 -0.00537448 -0.000265168 -0.00689933 -0.00373696 -0.00704361 0.000710507 -0.00223605 -0.00726077 0.00671048 -0.00438622 -0.00178869 0.000365164 -0.00208478 -0.00666438 0.000966122 -0.00610533 -0.00433595 0.00176903 -0.00320763 -0.000719176 -0.00724611 0.000407995 0.00558381 0.00758776 0.00217779 -0.00706505 -0.0038644 -0.004353 0.00107474 0.00138891 0.00459813 -0.00668146 0.00345326 -0.00752624 -0.00286654 0.00587418 -0.00688529 0.003305 0.00537957 -0.00219415 0.00599855 -0.000997516 -0.00102648 -0.00179724 -0.00450509 0.00445345
302833 -0.00240374 -0.00169373 0.00610018 0.00303841 0.0073576 0.00269604 -0.00716352 0.0051136 0.00429535 -0.00366306 0.000262737 0.00409126 0.00369358 0.000423908 0.00364447 -0.00294113 -0.00107527 -0.00128317 0.00416374 -0.00668478 -0.00250244 -0.0034585 -0.00743771 0.00176334 -0.000422955 -0.00299835 -0.00240421 -0.00320864 0.00638437 -0.000627041 0.00591373 -0.00504017 -0.00256586 0.00748014 0.000930786 0.00763893 -0.00472927 -0.00322056 0.00105429 0.00191021 0.000407219 -0.00017643 0.00108337 -0.0057435 -0.00674248 -0.00679445 -0.00598431 0.00310421 0.00451183 -0.00434256 -0.00728989 0.000358582 -0.00237751 -0.00209856 -0.00574112 -0.0057416 0.00235128 -0.00669527 -0.00598145 -0.00694227 -0.0069561 -0.00443697 0.0077858 -0.00251484
176898 -0.00246732 -0.000104011 0.00595826 0.00587876 -0.00765211 -0.00684664 -0.000863886 -0.00769883 -0.0066384 -0.000594393 -0.00721707 -0.00144512 0.00476333 0.00216195 0.000498803 0.00139226 0.00338081 -0.00431385 -0.00648482 -0.00397056 -0.00495031 0.00378242 0.00622753 0.00153421 0.00595424 -0.00668067 0.00561375 0.00708808 0.00371778 0.00492652 0.000779071 0.00546767 -0.00387369 0.00466062 -0.00241305 0.00330713 -0.00723124 -0.000783209 0.00610121 0.000975102 -0.000780189 -0.00457021 0.00772444 0.00479893 -0.00619707 0.00437164 -0.00591711 -0.00314135 -0.00503891 -0.00163407 -0.00224828 -0.00664828 -0.00370354 0.00378523 -0.00475109 0.00493344 0.00409477 0.00683544 -0.00663783 -0.00460702 -0.00159469 -0.00580151 0.00582871 0.00401647
289969 -0.00658891 0.00676629 -0.00327282 0.0048274 5.26166e-05 0.00200932 -0.00157106 -0.00281896 0.00498217 0.00738621 -0.00203892 0.000194539 0.00327603 0.00355148 -0.00150147 0.00164513 -0.00467985 0.00615697 -0.0065118 0.00520046 0.00213307 -0.00155418 -0.00435663 -0.00711736 0.00761213 0.000456048 -0.00602679 0.00739136 -0.00626561 0.00399637 0.00198808 0.00132951 0.00611876 -0.00453484 0.00616331 -0.000489446 -0.00419569 0.000354411 0.00614096 0.00432886 -0.00148054 -0.00433914 0.00666365 0.00298935 0.00732264 -0.000961704 -0.00472732 0.00394931 0.00666496 -0.00583923 -0.0017803 -0.0035096 0.0060968 -7.88933e-05 0.000546099 -0.00719091 -0.00260565 0.0066093 -0.00544336 -0.00145708 -0.000559686 -0.00738314 0.0051273 -0.00319609
331256 0.00637207 -0.00621357 -0.00470893 0.00687554 0.00216744 0.00384899 0.000639911 0.00657598 0.000734314 0.00231766 -0.00347373 -0.000302064 0.00511149 0.00130076 0.00297346 -0.000563907 0.00118567 0.0030253 -0.00504458 -0.00532933 -0.00381533 8.77404e-05 -0.00746112 0.00781502 0.00285184 -0.00139872 -0.00426713 0.00161462 0.00386757 0.00749533 0.00489485 -0.00223065 -0.00243336 -0.0019225 -0.00741978 -0.000374371 0.00343232 0.00256264 0.00793142 -0.00502394 0.00250875 -0.00566705 0.00564379 0.0069391 0.00439872 0.00138128 -0.000951409 0.00633921 -8.45652e-05 -0.00101243 -0.00289007 -0.0050722 7.64681e-05 0.00190359 0.00687745 0.00184153 -0.0077895 -7.89381e-05 -0.00450617 0.00257335 0.00371277 -0.00193376 -0.00275668 0.0025833
331226 0.00194768 0.006682 -0.00567997 -0.00417091 -0.0066372 -0.00335466 -0.0064305 -0.000274272 -0.00359894 0.00486496 -0.00774657 -0.00542946 0.00757932 0.000816633 -0.00351947 0.00407573 -0.00683679 -0.00136309 -0.0020818 -0.00715682 -0.00648208 0.00445491 0.00539212 -0.00774734 -0.00207957 0.00648089 0.00557408 0.00202469 0.00607704 0.00261154 -0.00200028 0.00239173 -0.00485923 0.00692787 -0.00679775 -0.0014033 0.00641306 -0.000845227 -0.00609069 -0.00474107 0.00756562 -0.00745091 0.00507442 -0.0052045 -0.00547003 -0.00298574 -0.00104089 -0.0057097 0.00502258 0.0059104 0.00522876 -0.00187479 0.00695569 0.0020056 0.00288026 0.00487097 0.00667422 0.00185103 0.00281006 0.000129101 -0.00460444 -0.00660286 -0.00236184 -0.00571124
45533 0.00159359 0.00454664 -0.00448608 -0.00580692 -0.00770426 0.00191736 0.00231123 -0.00502253 0.000204563 -0.0027647 -0.00288963 0.00734138 0.00134134 -0.0013442 -0.000422001 0.00188923 -0.00211954 -0.00274706 -0.00723362 0.00498486 0.00292873 0.000144482 0.00345707 -0.00614071 0.0068388 0.00425911 -0.0061245 -0.00322962 -0.00316334 0.000105381 0.00764561 -0.000720978 0.000180244 -0.00667143 0.00504732 -8.82149e-05 0.0038743 -0.00720739 0.00232029 0.00378227 0.00240278 -0.000148773 -0.00305414 0.000553608 -0.00473404 -0.00558519 -0.00321627 -0.00342798 -0.00172424 -0.00064373 -0.00563574 0.00693226 -0.000231743 0.000108242 0.00109148 -0.000832081 0.00382423 0.00412846 -0.00171804 0.00683737 -0.00210619 0.00145102 -0.00208426 -0.00155115
330155 0.00266822 0.00154331 0.0076557 0.00118612 -0.00609782 0.0020548 -0.00174975 0.0027736 -0.00311491 0.00034765 -0.000553783 0.00484698 -0.000190614 -0.00028987 -0.0056336 0.00228252 0.00297598 -0.0045831 -0.00561187 -0.0029267 -0.00604214 -0.00121421 -0.0048782 0.00551624 0.00454576 -0.00473522 0.00183441 -0.00215883 -0.0045518 0.00291893 0.00613057 -0.00404672 0.00613468 -0.00123342 0.00188471 -0.0011093 0.00248333 -0.0068613 0.000414457 -0.00415973 -0.000935426 0.00202393 -0.0029728 0.00288749 0.000532458 -0.00544193 0.00181186 0.00315528 -0.00540387 0.00333807 0.00660014 -0.000833225 0.00672376 0.00399334 0.00593715 0.00494533 0.00161997 0.00627884 0.00362824 -0.000489748 -0.00457837 0.00557461 -0.0022675 0.00314212
321282 -0.00539707 0.00412847 0.000311731 -0.00730362 0.000970211 0.00283777 -0.00808776 -0.00556499 -0.00538196 -0.00392075 -0.00452685 -0.00705341 -0.00707039 0.00118751 0.00212405 0.00683743 0.00380222 -0.00248886 -0.00569912 0.00542752 0.00647286 0.00410498 -0.00341511 -0.00338394 0.00500818 0.00641615 0.000391409 -0.0062007 -0.00224218 0.00609444 0.0049827 0.00772335 -0.00121242 -0.00560174 -0.00349696 -0.0015383 0.00101518 0.00183406 -0.00538866 0.00142592 0.00170188 -0.00735456 -0.00227041 0.00373001 -0.00341938 0.0064131 -4.24576e-05 -0.00362444 0.000990935 0.00271335 -0.00196316 0.00729179 0.00137185 -0.00188438 -0.0015915 0.00313286 -0.00545712 -0.000185937 0.00151636 -0.00604237 -0.00445383 -0.00313058 0.00435674 0.00421544
272434 0.00573158 -0.0047226 -0.00199986 -0.000710487 -0.00741386 0.00226831 0.00187588 -0.00379992 -0.0065012 0.0052228 0.00473166 0.00102091 -0.00586462 -0.00763798 0.00482702 -0.00614214 0.00390625 0.000164509 0.0075407 -0.00392246 -0.00564575 -0.00341177 0.000730991 0.00692558 -0.00122833 -0.00600147 -0.00071764 -0.00325394 0.00731707 -0.00321722 -0.00766802 -0.00461006 0.00284719 0.00582075 -0.00614166 -0.00592947 0.0061202 -0.00271416 -0.00112343 -0.00389099 0.00683165 0.00420332 -0.000943184 -0.00265694 -0.00711346 -0.000509739 0.000627995 -0.00273705 0.00124741 0.00576782 -0.00474644 -0.00648499 -0.00348997 0.00568771 -0.00137424 -0.00164795 0.000547886 -7.43866e-05 -0.00190926 -0.00159407 -0.00187159 0.00533533 0.00216722 0.00574255
205882 -0.0048946 -0.00338865 0.00212316 -0.00346929 0.00318572 0.00626994 0.00627857 -0.00504667 0.00203081 -0.00562174 -0.00769355 0.00442668 -0.00613803 0.00117795 -0.00787913 -0.00368938 -0.00159463 0.00755775 -0.00665367 0.00542471 -0.00233846 -0.00414477 -0.00770579 0.00599826 -0.000114586 0.000718554 0.000502729 -0.00514718 0.00492552 0.00156351 -0.00556396 0.00540716 0.00395701 0.00459599 0.00675656 0.00460404 0.00121076 -0.00243009 0.00456153 -0.00614095 0.00303666 -0.000539832 -0.0067871 0.00197843 0.00702143 -0.00183485 0.00533493 0.00361859 0.00264233 -0.00276683 0.00113557 0.00565772 -0.00365996 -0.00441719 0.00332101 0.00335884 -0.00161166 -0.0016872 0.00661459 -0.00286858 -0.0046982 0.00705386 -0.00186461 0.00279851
229345 0.0064183 0.00688043 0.00558387 -0.000519472 -0.00388617 -0.0028419 -0.0070949 0.00131873 0.00462192 -0.000147142 -0.00681903 0.00092873 0.00528833 0.00168007 -0.00684439 -0.00759638 0.00649794 0.000873109 -0.00148486 -0.00054749 0.00138112 -0.00213009 -0.0044133 0.00221724 -0.000983121 -0.00146003 -0.00157973 0.000235945 -0.00615054 0.00749826 -0.000137615 -0.00146499 -0.00433433 0.00059634 -0.00669185 -0.00609358 -0.00715701 -0.00374375 -0.00582273 0.00159311 0.00242116 -0.00490642 -0.00394172 -0.00411115 0.0016086 0.00350922 -0.00771273 0.00545121 0.00447831 0.00114921 -0.0046362 0.00624805 -0.00173289 0.00677569 0.00132796 0.00670147 0.00609677 -0.00555787 0.00215091 -0.00151535 0.00243897 0.000473244 -0.00783307 -0.000364545
72838 -0.00157527 0.000993176 -0.00606361 -0.000535325 0.00568112 -0.00358373 0.00278904 0.00214737 -0.00586632 0.0037433 0.00384794 -0.00325995 0.00294536 0.00627188 -0.00232785 -0.000639515 -0.0080503 -0.000135239 -0.0018643 -0.0011311 -0.00131537 0.00645617 -0.00477369 -0.00364789 -0.0056994 -0.0012788 -0.00499966 0.00128032 0.00165749 -0.00568019 0.00383469 0.00560791 -0.00510822 -0.00345381 -0.00250127 -0.00338242 -0.00450676 -0.00448072 0.0057852 0.00212154 -0.00654689 0.000696486 -0.000130465 -0.00268655 -0.00586795 -0.00709107 -0.00595586 0.000617758 -0.00175284 0.00225613 -0.00345828 -0.00396073 0.00665953 -0.00763372 0.0048861 0.00552584 0.00248473 -0.00436165 -0.00158172 0.00235812 -0.00404888 -0.00708877 0.00712642 0.00729012
275878 -0.000719279 -0.00664475 0.00739285 -0.00419174 -0.00466828 0.00198464 -0.00777424 -0.00748723 0.00154136 -0.00448007 -0.00324785 0.00584816 0.000475084 0.00426352 0.0032651 -0.00437535 0.0056765 0.00127479 0.00756823 0.00103494 0.00588812 0.00221165 -4.93677e-06 -0.0030731 -0.00768832 0.00453036 0.000211234 -0.00541513 0.000423992 -0.00435731 -0.00534389 0.00319074 -0.00487056 0.00229834 -0.00685865 0.00777626 0.000298239 0.00492594 0.00624382 0.00239872 0.00404007 0.00165437 0.00455328 6.91492e-06 -0.00582517 -0.00131575 0.00482104 -0.00558281 -0.000975955 -0.00671757 -0.000121899 0.000131281 0.00328681 0.0070182 0.00295695 0.00406724 0.00543042 0.00122916 0.00130881 0.0015098 0.00709392 -0.00169165 -0.00408759 -0.00148296
120691 -0.000766312 0.00554736 0.000195356 -0.00463753 -0.000606624 0.00421718 0.00185098 0.00610617 0.00440284 0.00429663 -0.000395105 0.00318916 0.00366911 -0.00748164 -0.000308845 -0.00160053 -0.00452388 -0.00633528 0.00166166 -0.00461035 0.000550532 0.00460553 -0.00549779 0.00466842 0.00674062 -0.00381353 0.000251606 -0.000486539 0.00225828 0.00713761 -0.00127961 0.00635961 -0.00232265 0.00500375 -0.00711009 -0.00035756 0.00619791 -0.00439813 0.00263644 0.000765195 0.00703108 0.00765011 0.00247774 0.00680941 0.0036052 -0.00182674 -0.00542737 0.000478641 -0.00162535 0.00575566 -0.00724529 0.00361917 -0.00773866 0.00380791 0.00780577 -0.000380484 -0.00623465 0.00304099 -0.00685545 -0.00420501 -0.00348786 -0.00703376 -0.00303521 -9.76827e-05
32175 -0.00488503 0.00508279 -0.00344794 -0.00231532 -0.00306546 0.000967037 0.00389951 0.00664446 0.00268759 0.00389912 0.000557508 0.00223194 -0.0056171 0.00747063 0.000597939 0.00141177 -0.00377324 0.00497917 -0.0040619 -0.00520566 -0.00106314 -0.00611354 0.00292934 -0.00327516 -0.0030068 -0.00755015 0.00523516 -0.00305836 -0.00519925 0.000134331 0.00450728 0.00714085 -0.00388251 -0.000985158 0.00189496 -0.00160593 0.00398964 0.00783744 -0.00683221 0.00404918 -0.00109956 0.00419274 -0.00608634 -0.00404883 0.000692585 -0.00748033 0.00384314 -0.00683975 -0.00450594 0.00130068 0.00168223 0.000209912 0.00228329 0.00621484 -0.00738034 -0.00372475 0.001157 0.000557533 -0.00408082 -0.00649149 -0.00473586 0.00659909 -0.00555868 -6.2764e-05
256198 -0.00763602 -0.00180533 -0.00220515 -0.00606085 0.00648546 -0.00182633 -0.00741456 -0.00332549 0.00466465 0.00756226 -0.00402084 -0.00624084 -0.00568891 -0.000978687 -0.00457765 0.00650696 0.00331112 -0.00736485 -0.00304969 0.00435902 -0.00580317 0.00534145 -0.00541058 0.00513432 -0.00731794 0.0046638 0.00134592 0.00664771 0.0055005 0.00106818 0.00737721 0.00525292 0.00727736 0.002468 0.00156138 0.00748909 -0.00722276 -0.00280681 3.64141e-05 -0.00473577 -0.000581015 0.000685368 0.00213786 0.00106889 0.00293826 0.00595639 0.00318145 0.00137066 -0.00232862 -0.0041451 -0.00158459 0.00653025 0.00651625 -0.00155393 0.000997041 0.00679525 0.00628241 0.000964194 0.00754197 -0.00524981 -0.00458115 -0.000598364 -0.00426921 -0.00581208
272502 0.00429238 -0.00111507 -0.00277622 -0.00097121 0.00748173 -0.00616408 0.0014493 0.00231215 -0.00479783 0.00515999 0.00547219 0.00733116 0.00124681 0.0031602 -0.00243365 0.00747204 0.00430075 -2.88029e-05 0.00357055 0.00584014 0.00279902 0.0038623 -0.00663729 0.00723785 7.35795e-05 0.00492202 -0.00146983 -0.0065431 0.00700601 -0.00264677 -0.00494201 -0.00742454 -0.00654695 -0.00548612 -0.00314447 0.00664284 -0.00512026 0.00468429 0.00641483 -0.00349049 0.00513874 -0.00137344 -0.00389373 0.00107493 0.00424628 -0.00741646 0.00176702 -0.000546166 0.004273 -0.00232076 -0.00629 0.000338948 0.00182667 0.00405279 0.00615174 0.00455661 -0.00408589 0.00387762 0.00253265 0.00742858 -0.0030944 0.0017737 0.000291352 0.00176046
313418 0.00420006 -0.00186526 -0.00439755 0.00447069 0.00247809 -0.00623169 -0.00512658 -0.00482569 -0.00236053 -0.0061577 -0.00627951 0.00170583 0.00523156 0.00189791 -0.00297763 0.00607909 -0.00514774 0.000407403 -0.00772964 0.00417018 0.00191523 -0.00694565 0.000147556 0.00354036 0.00186291 0.00431931 -0.00103583 -0.00681491 -0.00523336 -0.000760322 -0.00494516 0.000178118 0.00290509 -0.00731539 0.000688089 -0.0014051 -0.00670661 0.000477485 0.0025835 0.00684833 0.00461207 0.00695457 -0.000598898 -0.00252285 0.00653114 -0.00747939 0.00137465 0.000876648 0.00682357 0.0073776 0.00632547 -0.00129622 -0.00665055 0.00727368 0.00474531 0.00159352 -0.00419856 0.000777781 -0.00490463 0.000814233 0.00730514 0.00419294 0.000200816 0.00336563
332441 0.00561546 -0.00571369 0.00198524 -0.00615923 0.00216475 -0.00403705 0.00587095 0.00106371 -0.00297358 -0.00513434 -0.00370534 0.00676599 0.00421951 -0.0005313 0.00689069 -0.00393562 -0.00633595 0.00577332 -0.00728856 -0.00328476 -0.0074279 0.00044007 0.00743685 0.00272026 0.00424156 0.00645823 -0.00329262 0.00176138 0.0041885 -0.00552762 -0.00516455 0.00424857 -0.00220752 0.00762902 0.00224914 -0.00523999 -0.00505275 -0.00528501 0.00329029 0.00130474 -0.00575609 -0.00386559 -0.00361953 0.000880194 0.00368441 0.00658411 -0.0044476 -0.00443898 0.00462169 0.00178861 0.000159421 -0.00531292 -0.00670559 0.000299145 0.0012976 0.00293768 -0.00746931 0.00691788 0.00653466 -0.0016849 -0.00479743 0.00637673 -0.00518276 0.00225246
241115 -0.00190163 -0.00643114 0.00193326 0.00533891 -0.00621856 0.0063037 -0.00198022 0.0071973 0.0014275 0.00576862 -0.00646022 -0.00262251 0.00394772 -0.00687461 0.001391 -0.00514219 -0.00373976 0.0050257 -0.00364476 0.00427524 -0.00103043 -0.00132374 0.000263702 0.00543 0.00569948 0.00672198 -0.00608459 0.00776114 -0.000165036 -0.00644509 0.00571186 0.00456933 -0.00496739 -0.00519602 -0.00115115 -0.00195049 -0.00133468 0.00494769 -0.000766226 -0.00570838 -0.00601539 0.00657709 -0.00504594 -0.00231865 -0.00243368 -0.0033202 0.00155646 -0.00315435 0.0049614 -0.00287429 -0.00616207 0.0052663 0.00640528 -0.00126945 -0.00750933 0.00519266 -0.00372647 -0.00169897 0.00363633 0.000165248 -0.000356163 -0.000794273 0.00725475 -0.00581541
93718 -0.00536269 -0.0053965 0.00422169 0.0071052 0.00341615 0.00711671 0.00517506 -0.0073281 -0.00440364 0.000535418 0.00522697 0.00290078 0.0022119 0.00333274 -0.0061539 -0.00376912 0.00588763 -0.00541447 0.00233142 -0.00724476 0.00634744 -0.000675144 0.00262403 0.00454085 -0.00332289 -0.0070034 0.000320862 0.00750603 0.00117885 -0.0005145 3.69286e-05 -0.0069822 0.00380406 -0.00433339 -0.00467834 0.00390225 -0.00452664 -0.00602005 0.00462011 -0.00756813 0.000242403 -0.0070985 -0.00469277 -0.00216094 -0.00227657 -0.00497979 -0.00249479 -0.00522627 0.00715959 0.00155047 -0.00174475 -0.00750676 -0.00158122 -0.00526568 -0.00161563 -0.00254171 -0.00639508 0.00570072 -0.00748593 -0.00117665 0.00466124 -0.0025707 0.00585287 -0.00143455
30610 0.000362902 0.00367516 -0.00575457 0.00609713 0.00268146 0.0042942 0.0065275 0.00706417 0.00322602 -0.00762614 -0.00380364 -0.00185165 0.00477611 -0.00405603 0.00536629 0.00189148 0.00237468 -0.00548443 0.00205131 -0.00142075 0.00762228 0.00630349 -0.000504293 0.00076238 0.00681299 0.00767614 0.00245519 0.00515795 0.00402057 0.00725377 0.00476452 0.000553498 -0.00581502 -0.00307175 0.00458643 -0.000230644 -0.000169375 -0.0051227 -0.00534588 -0.00553438 0.00156994 -0.00453138 0.00526885 0.00339918 0.00605023 -0.00521293 0.000539092 0.00274261 0.00267527 -3.43756e-06 0.000786396 0.00449865 0.00533298 0.00391878 5.23145e-05 0.00760764 -0.00529449 0.00507747 0.00253865 -0.00547611 0.00240618 0.00768015 -0.00195425 -0.00446184
252613 -0.00291443 0.00369787 -0.00345325 0.00159502 0.0021081 -0.00418854 0.00453424 -0.00167131 -0.00653744 0.00216675 0.00176764 -0.00296974 -0.00614834 0.00699186 0.00233412 0.00570107 0.00461817 0.00132751 -0.00545883 0.00335407 0.00370169 4.1008e-05 -0.000713825 0.00260544 -0.00454664 0.00729275 -0.00551414 -0.00300455 -0.00343084 0.00418854 0.00781012 0.00350237 0.00649643 -0.0067091 0.000276089 -0.00338268 0.00283098 0.00183249 -0.00079298 0.0069499 -0.00557899 0.000190735 -0.00627089 -0.0067687 0.000837326 -0.00316238 0.00443268 -0.00494432 0.00654125 0.000697613 -0.00336695 0.00336027 -0.00722075 0.0027566 0.00197172 -0.00652599 0.00179958 -0.00402594 -0.00719976 -0.00475359 -0.00733757 -0.00215292 -0.000921726 0.0044508
259697 0.0058545 0.00086998 -0.00331163 0.000551938 0.00458139 0.00314742 -0.00627527 0.000431595 0.00573317 -0.00363204 0.00242328 0.00578876 0.00654842 0.00219187 0.00574297 -0.0062427 -0.00755679 0.00378591 0.00220631 -0.00337412 0.00322194 0.000124925 0.00250189 -0.00482781 -0.00767712 0.00304376 -0.00586393 0.0026829 0.00608618 0.00105074 0.00465962 0.00156303 -0.00484075 0.00278194 -0.00477614 -0.00237645 0.00344456 0.00128773 -0.00647401 -0.00268294 -0.00125706 0.000739902 -0.000225974 0.000835638 -0.000452154 -0.00567905 -0.0048527 0.000711274 -0.00517169 0.00407919 0.00441756 0.00591581 -0.0033261 0.00692515 0.000845901 -0.00118421 -0.00618382 0.00133149 -0.0074866 0.00116357 -0.00120305 0.00596259 0.00063475 0.00524519
206000 -0.00754226 -0.00613946 0.00330993 0.00238302 0.00490393 -0.0069394 -0.00735236 -0.00752312 -0.00659587 -0.00429361 0.00224573 0.00674004 -0.00636525 0.002233 -0.00220497 0.00669415 0.000344702 -0.00158886 -0.00677843 0.00683151 0.00696338 0.00246393 0.00203131 0.00258176 0.00344131 -0.00170615 -0.0044366 0.0030791 0.00489889 0.000606215 -0.000826033 0.00230325 0.000670325 0.00428772 -0.0056254 -0.00193845 -0.00747671 0.00265781 0.00739834 0.00347214 -0.00482247 -0.00162337 -0.00769119 0.00465327 -0.00387968 0.00388832 -0.00241222 -0.00590328 -0.00216323 0.00283279 0.00375291 0.00552731 -0.00155995 -0.00713766 0.00114181 -0.00322731 0.00421367 0.00492028 -0.00771667 0.00479105 0.00496319 -0.000268723 0.00249639 0.00188394
174403 -0.0062578 0.00446565 0.00216688 -0.00169377 0.00593179 0.00261698 -0.00434266 -0.00711346 -0.00411566 -0.00207045 -0.00271713 0.00634116 -0.00761561 0.00392447 -0.000652179 -0.000484162 -0.00736063 0.00527221 0.00545735 -0.00767625 -0.00763779 -0.0045037 -0.0016428 -0.00569803 -0.00382628 0.00423859 0.000845429 0.00215082 0.00474063 -0.00198588 0.00232182 0.00541807 -0.00706518 0.000279659 -0.00513575 0.00115405 0.000397759 -0.0074136 0.000474102 -0.00710575 0.00381644 0.00250898 -0.00519251 0.00718207 -0.00761197 0.00294037 -0.00216905 0.00413092 0.00746833 -0.00265683 -0.00234895 0.00342169 0.00271551 0.00746317 -0.00041507 4.94376e-05 -0.00374303 -0.00147152 0.00557705 0.00622906 0.00324827 0.00158075 -0.00364653 0.00561646
226328 0.00671406 0.000130516 0.00169352 0.00342265 0.00267011 -0.00144778 0.00571723 -0.00362218 -0.00204971 -0.00744595 0.00733986 0.00233369 0.000319482 -0.0032894 -0.00725244 -0.00293729 0.00366967 0.00518613 0.00714961 -0.00287579 0.00702295 0.00630628 -0.000135728 -0.00558641 0.00764953 -0.00694873 0.00435424 -0.00369656 -0.00640758 -0.00382492 0.00236998 0.00288149 -0.00316329 0.000979193 0.00174525 0.00209615 0.00224399 -0.00395355 0.00246352 0.00340118 0.00528773 -0.00114384 0.00746581 0.00236279 -0.00200345 -0.00739221 0.00505863 0.00536343 0.00712212 -0.00395213 -0.00305865 -0.00706921 0.00653721 -0.00395054 0.000450298 -0.00275058 0.00349134 -0.00295651 0.00746598 -0.00202059 -0.00662901 -0.00514402 -0.00263156 0.00451653
116201 0.00566693 0.00256781 0.0034121 -0.00677927 -0.0021508 0.00236801 0.00139255 0.00573074 0.00769503 -0.00701233 -0.00281343 0.00132308 -0.00771088 -0.00686606 -0.00128823 0.00123489 -0.00224357 0.00266085 0.0048913 -0.00491341 -0.00287372 0.00773701 0.00727396 0.00376038 0.00529808 0.0072228 -0.00774717 0.00519571 -0.00120332 0.00579146 -0.00535896 -0.00567997 -0.0019989 -0.00688248 -0.00344613 0.00415781 -0.00276165 -0.00030637 0.00440838 0.00241703 0.00386371 -0.0032775 0.00676612 -0.00727399 -0.000870824 -0.00299136 0.00547096 -0.00464547 0.00417601 -0.000836144 0.00467085 0.00659141 -0.00115158 0.00541017 0.000766105 0.00115479 0.00480167 -0.00760559 -0.00427152 -0.004214 -0.00116291 0.00197391 -0.00250894 -0.00566436
208849 0.00363702 -0.00524299 0.000453494 -0.00151637 0.00204814 -0.00350086 0.00110143 3.00927e-05 -0.00576883 0.00431304 0.00216212 0.00133901 -0.00281859 -0.00203061 -0.000473457 0.00586002 -0.00632509 -0.00590298 -0.00218845 -0.000758203 -0.00515468 -0.00424128 -0.00240512 -0.000581174 -0.0047777 0.00318871 0.00581172 -0.00612887 -0.00728368 -0.0014433 -0.00156923 0.00301796 0.00553403 0.00268545 -0.000174687 0.00266448 0.00753276 -0.00245085 0.00479091 -0.00346117 -0.00396882 -0.00247671 -0.0070557 0.00389057 0.0052455 0.00162947 -0.00748437 -0.00464215 -0.00196906 -0.000500679 0.000381371 0.00636272 -0.00780568 -0.00356383 0.004741 0.000630864 0.00236477 -0.000384936 -0.0079651 0.00773976 0.00375153 0.00647761 -0.00379913 -0.00566019
192797 0.00537443 -0.00121164 -0.00643492 -0.00508213 0.00238419 0.00226688 -2.24113e-05 -0.00232077 -0.00309753 -0.00717402 0.00274706 -0.00744486 0.00500488 -0.00702095 0.0006814 -0.00314331 0.00275803 -0.000386238 -0.00667238 -0.00106239 -0.00696945 0.0053978 0.00272179 -0.00216532 0.00696087 0.00770187 0.000259876 -0.0020442 0.00249386 0.000651836 -0.00594139 -0.00261116 0.00519371 0.000588417 -0.00688028 0.000597 0.000615597 0.00680876 -0.00571203 0.00031805 0.00156927 -0.00525761 0.00519228 0.00631189 0.00268793 -0.000326633 -0.00083828 0.00327206 -0.0043726 -0.00244665 0.00279951 -0.0063262 0.00731468 0.000381947 -0.00653267 -0.0077529 0.00644493 -0.00542688 -0.0051446 0.00284052 1.4782e-05 -0.000831127 0.00101471 0.000631332
49123 -0.00679517 -0.00268878 0.00763424 -0.00269451 -0.00605666 0.00218467 -0.000171559 -0.00661491 0.000534505 -0.00469976 0.00310036 0.00496306 -0.0017147 -0.00180514 -0.000359065 -0.000515486 -0.00326582 -5.04539e-07 0.00548755 0.00714282 -0.00737731 0.00163382 -0.000294984 0.00748895 -0.000121635 -0.00691245 0.000873366 -0.00219388 0.00089092 -0.00041235 0.00023179 0.000523123 0.00603313 -0.00268335 -0.00296151 -0.00648784 -0.000954287 0.00646067 0.00314167 0.00441051 0.00134696 0.00567972 -0.00343093 -0.0051283 0.0010407 0.00751964 0.00347079 -0.00670402 -0.00349132 0.00145484 0.00704211 -0.00711319 -0.0062952 -0.0061962 0.00276166 -0.00341876 0.0035543 -0.00743735 -0.00594815 0.00462951 0.00326326 -0.00487771 -0.00422532 0.000792237
226512 0.00345182 -0.00327587 -0.00321913 -0.00287437 -0.00496721 0.00203562 -0.00424814 0.00557661 -0.00244379 -0.00645781 -0.000797749 -0.00245857 -0.001791 -0.00472069 0.00192261 -0.000242233 0.0024581 -0.000263214 -0.00525665 -0.00226259 0.00222731 0.0039115 0.0048399 -0.00213194 0.00373411 0.00163126 -0.00571966 -0.00231361 -0.000733376 0.00587654 -0.00280619 -0.00334883 -0.00625944 -0.00485659 -0.00688648 4.43459e-05 0.00156116 -0.00179482 0.00623989 0.00771189 -0.000369072 -0.00743771 0.00631046 0.00276661 0.00203371 0.00281382 0.00707054 -0.00553417 -0.00777149 -0.00388098 0.000527859 0.00539255 0.00328636 -0.00777531 -0.00200796 -0.00536251 0.00388432 0.000857353 0.00357103 -0.00224495 0.00557709 0.000831604 0.00363779 0.00642824
206302 0.0024352 -0.00455481 0.00118335 -0.00642949 0.000737882 -0.000152859 0.00554791 -0.00229094 0.00400592 -0.00701761 -0.00477928 -5.95703e-06 0.00283328 0.00453285 0.00513165 0.00719507 0.00748401 -0.0047347 0.00672671 -0.000764586 0.0070487 -0.00724008 -0.00480485 -0.00691572 -0.0066526 0.00559637 0.00573952 -0.00620787 0.00155429 0.00695026 0.00391232 -0.00682071 -0.00696646 0.0044045 0.00193944 3.01651e-05 -0.000669296 0.00761313 0.0025243 0.00104616 -0.00716153 0.00382765 0.00320048 -0.0066856 -0.000285099 0.00199604 0.00364649 -0.00328786 -0.00222155 0.00537201 -0.00589425 -0.00686279 0.00149658 0.00348419 -0.000652671 0.00680453 -0.00597101 0.00331563 -0.00204376 0.00582985 0.00673834 -5.19839e-05 -0.00714344 0.00542245
333831 -0.0052073 5.05905e-05 0.00601954 -0.00619365 -0.00201577 0.00145952 -0.00663113 0.00375778 -0.00330184 0.00657141 0.00290791 0.0023634 0.00194745 0.0076094 -0.000737512 0.00777217 0.00735178 0.00668777 0.00205202 0.00101273 9.32577e-05 0.00300792 0.00266974 -0.00616184 -0.00171287 0.000497269 0.00625942 0.00612243 0.0035054 -0.00223998 0.000892285 0.00558227 0.00542464 -0.0039281 0.00503476 -0.00359183 0.00666063 0.00490617 -0.00201094 -0.00100462 0.000742074 0.00164654 -0.00475198 -0.000572685 -0.00409963 -0.00160422 -0.00521255 -0.00200644 0.00452337 -0.00149273 0.00644715 0.00435981 -0.0066277 -0.00371194 0.00333281 -0.00167331 -0.000232694 0.00709318 0.00698349 -0.00211302 -0.00134883 -0.00109623 0.00217985 -0.00604426
40774 -0.00567164 -0.0069619 0.00493294 -0.00310954 -0.0023584 0.00484896 -0.0077774 0.0030059 0.00733927 -0.00704284 -0.00505649 0.00338453 -0.00632085 -0.00655116 -0.00255379 -0.00457097 0.00524343 -0.000781188 -0.00514954 0.000533851 -0.00215877 -0.000167042 0.00431709 -0.00699938 -0.00622621 0.00537196 0.0056617 -0.000645807 -0.0065996 -0.00299585 0.0067151 -0.0055827 -0.00713507 -0.00373697 0.00749804 0.000301916 -0.000824704 0.000338911 0.00727395 -0.00775858 0.0042985 0.00330861 -0.00189667 0.000509002 0.000108414 -0.0072359 0.00543675 0.00360399 -0.00350726 -0.000617955 0.00139444 0.00108876 0.00672631 -0.0059397 -0.00100699 0.00538465 0.0077764 -0.00371511 0.00486079 -0.00252347 -0.00293399 -0.00289329 -0.000111087 0.00633154
239949 0.00529334 -0.00310661 -0.00161895 -0.00550806 0.0021118 0.000203544 -0.00214748 -0.00201243 -0.00307886 -0.00365675 -0.0011795 -0.00719912 -0.000891586 0.00647367 0.00535554 0.00298812 -0.00325805 -0.006999 -0.00710604 0.00262652 -0.00686936 0.00242627 0.000930645 0.00691443 -0.006549 1.93925e-05 0.00592768 -0.00627382 -0.00193016 -0.000556088 0.00224788 0.00642727 0.00382177 0.00696584 0.00634526 -0.000948468 0.00675582 -0.00487351 0.00521889 -0.00452898 0.00755531 0.00209247 0.0040902 -0.00214387 -0.00134728 -0.00596318 0.0059174 -0.00394756 -0.0039602 -0.00712184 -0.00224448 0.00029237 -3.45797e-05 -0.00327239 -0.00151063 -0.00689656 -0.00310544 -0.00649836 0.00603928 0.00499118 -0.00630868 0.000779034 -0.00640267 -0.00760072
61874 -0.00539446 -0.00597525 -0.00420713 0.0012908 0.00671053 0.00122166 -0.00374269 -0.000816822 -0.00268173 0.0066371 0.0029664 0.000790119 0.000779152 0.00417662 0.00482035 -0.00681686 0.000601292 -8.58307e-06 -0.00546074 0.00481653 0.00260592 0.00703001 0.000669479 -0.00277615 0.0036869 0.00366831 0.00126886 0.000815392 0.00606298 -0.00734568 0.005898 0.00211525 0.000381947 0.00752831 0.0065999 0.00381756 0.00505924 -0.000369549 0.00636387 -0.000635147 0.00708199 -0.000263691 -0.00236893 0.0021801 0.00104618 0.00304651 0.00558758 -0.00374174 0.00289488 0.00283289 0.00631046 -0.00487709 0.000761032 -0.00353527 0.00637627 -0.00227213 0.000627041 -0.00152016 0.000247955 -0.00293922 0.0042038 -0.00618219 -0.0016861 0.00189924
115007 -0.00130006 0.00646557 -0.00181189 -0.00696763 -0.00148841 -0.00187399 -0.0021453 -0.006309 0.000984735 0.00578651 0.00351035 0.00216189 0.00447398 -0.000738339 0.00119907 -0.00103468 -0.00326117 -0.00658674 0.00675811 -0.00345838 0.00361771 0.00196082 0.00418415 -0.00404723 0.00729922 -0.00381555 -0.00631354 -0.00646675 -0.00232992 0.00287038 -0.00216898 -0.00309736 -0.000522384 0.000262414 0.0053862 0.00206003 -0.00703266 0.000136284 0.00153404 0.00272191 0.00712188 0.00546023 0.00217413 -0.000124064 -0.00648168 -0.00275293 0.00612092 0.00205234 -0.00704471 -0.00159489 -0.00121236 0.00248381 -0.00172601 -0.00676755 0.00375928 0.000412767 -0.00217807 0.00278025 0.00128305 0.00512083 0.00500432 -0.00145774 0.00586205 -0.000480279
46288 -0.000840957 0.00152193 -0.00129214 0.000403208 0.00364644 0.00448312 0.00550168 0.00757548 -0.00739882 -0.00107654 0.00443538 -0.00519116 0.00767036 -0.00325969 -0.00758124 -0.00155916 0.00392572 0.00108488 -0.0023183 0.00623952 -0.00302577 -0.00128025 0.00426093 -0.00417845 -0.00516753 -0.00345056 -0.0067643 -0.000559104 0.0076808 0.00180894 -0.00262461 -0.00167143 -0.00533136 -0.00458699 0.00777795 0.00468443 -0.00736567 0.00612132 0.00478918 -0.00349995 0.00408777 0.00499021 0.00238521 0.000870705 0.00121616 -0.00665876 0.00106151 0.00339699 -0.00327397 0.0036006 0.00163018 0.000165859 0.00516595 -0.00514462 -0.00500632 0.00559187 0.00646332 0.00601463 -0.000322301 0.00603938 -0.00405087 -0.00173923 0.000290643 0.00460605
32334 0.00116109 0.00121749 -0.00170684 -0.000865738 -0.00634126 -0.00511692 -0.00179334 -0.00348269 -0.00402663 -0.000713368 0.00194525 0.000544769 0.000723007 -0.00634265 -0.000549735 -0.00668372 0.0020507 -0.00395002 0.0054455 0.00776169 0.00691267 0.00119299 0.00147084 -0.00238168 -0.0042431 0.000464368 0.00180735 0.00710208 0.000900059 0.000119622 0.000219553 0.00606684 0.00292416 -0.00466611 -0.00475398 -0.000767535 0.00293656 0.00387461 0.00706891 -0.00491981 0.00216601 0.00762343 0.0060805 0.00720441 -0.00520161 7.48478e-05 0.00771576 -0.00178236 0.00573145 0.00318352 0.00231705 0.00491807 -0.00509142 0.00130333 -0.00758607 -0.00551086 0.00529544 -0.000363316 -0.00641871 2.48323e-05 0.000171937 -0.000204271 0.00452721 -0.00261466
226938 0.00212431 0.00396109 0.00599003 0.00399303 -0.00523472 -0.0013504 -0.00580454 0.00246143 -0.00429296 -0.00337839 8.10623e-06 0.00209236 -0.00285244 -0.00517321 0.00429296 -0.00681639 -0.00548077 0.00624561 -0.00203705 -0.00149345 0.0030055 0.00561047 0.00421524 -0.00570393 0.000906467 -0.00454044 -0.00192118 -0.00277853 -0.00337029 0.000627995 -0.00573492 -0.00345373 0.00202322 -0.00541019 0.00400496 -0.0033946 -0.000545502 0.00326252 0.00687265 0.005054 -0.00215435 -0.000936031 -0.00234938 -0.00235033 -0.000555515 0.00270081 0.00423527 0.00751209 0.00379848 0.0054841 -0.00398874 -0.00537014 -0.00429344 0.00465202 0.000574589 0.00293255 -0.00326252 -0.00113297 0.00447655 -0.00493526 0.00209522 0.00199175 0.00274801 -0.00280809
328505 0.00757526 0.000372179 0.00731491 0.00642141 -0.00575972 0.00594811 0.00342182 -0.00339503 0.000124189 0.00417256 -0.00512871 0.00565514 0.00270068 -0.00290353 -0.00331207 -0.000346246 -0.00781827 0.00462238 -0.0025916 -0.000883561 -0.00600903 0.000174152 -0.00259158 0.0021489 -0.0070942 -0.00706037 -0.000373137 0.00496742 0.00667451 -0.00140829 0.00617823 0.000587045 -0.00668856 -0.00424022 -4.61565e-05 7.86805e-05 -0.00336791 0.00632411 -0.00476181 -0.00617529 -0.00460562 0.00440148 0.000682379 0.0058701 0.00134832 -0.00570682 0.00774087 -0.00214957 -0.00188025 -0.00477666 0.00128361 0.00150944 -0.00352099 0.00498458 0.000502212 -0.00332983 0.00641441 -0.00455621 -0.000885988 0.00690767 -0.00633379 -0.00363204 0.0021249 -0.000450129
86499 -0.0012059 0.00477181 -0.00468094 0.00581268 0.00246385 -0.000822573 -0.00226277 0.00512314 -0.00619401 -0.00422273 0.00613368 -0.00649746 -0.000562441 0.00570975 0.00581224 0.00657814 -0.00153655 0.00348117 0.00348693 0.00685293 -0.00386234 -0.00359753 0.00511668 -0.00166226 -0.00653315 -0.00377086 0.000783516 -0.00428647 0.00317609 -0.00323335 -0.00698995 -0.00546712 0.00157363 -0.00676947 0.00376918 0.00487539 0.00105709 0.00685368 0.00182272 -0.000694235 0.00674398 -0.00646779 -0.000348783 -0.00539476 -0.00551268 0.00725456 -0.00369312 0.00621735 0.00348907 -0.00356193 -0.00207873 0.0035628 -0.00565001 -0.00568723 -0.00339654 -0.00438074 0.00538105 0.00431387 -0.000580704 -0.00303531 0.0059226 -0.0028312 0.00247327 -0.00721231
137749 -0.00302812 0.00770059 0.00243599 -0.00661862 0.00672688 -0.000210925 0.00271567 -0.00055583 0.000508956 0.000464129 -0.00132373 0.00326628 -0.00671381 0.0017552 0.00561399 7.41764e-05 -0.00684385 0.00711892 0.00705536 -0.00435433 0.00256069 -0.00159983 -0.00333254 -0.000671486 0.00116154 0.000838057 0.00353458 0.00458714 -0.00205727 0.00588669 -0.00298587 -0.00624668 -0.00317385 0.00513657 -0.0030609 -0.00149992 -0.00392746 0.00698122 0.0019343 0.00456983 0.00502322 0.00715756 0.0024504 -0.00247376 -0.00368615 0.00331458 0.00284497 -0.00105274 -0.003962 -0.00612509 0.00439107 0.00185743 -0.00602272 0.00399387 0.00129114 -0.00321859 0.00378948 0.0016347 0.00321795 -0.00352916 -0.000198402 -0.00421911 -0.00450989 0.00381694
172136 -0.000502446 0.00771521 0.00633316 -0.000255421 0.00198255 0.00579083 0.00533485 0.00561735 0.00503658 0.00780978 -0.00782005 0.00187173 -0.00232862 0.00585071 -0.00615652 0.00520011 -0.00490377 -0.00352231 0.00731751 -0.0060327 -0.00150152 0.00208169 -0.00394136 -0.00205882 0.00647621 -0.0053666 0.00210233 -0.00329246 -0.00529497 -0.00232853 0.00618324 0.00579544 0.00387766 -0.00514169 3.88421e-05 0.00763007 0.00394933 0.00084426 -0.0058281 0.000545098 0.00221969 -0.000182782 -0.00645264 -0.00671022 0.000777693 -0.000918339 0.00543152 -0.00264742 0.0063099 -0.00423084 0.000313605 0.00538546 -0.00775555 -0.00511551 0.00337933 0.00477118 0.00387695 0.0025053 0.000939282 -0.00208799 0.00625901 0.00681202 -0.00362506 0.004992
168976 -0.00431967 -0.00441694 -0.0077219 0.000693321 0.00653887 0.00740623 0.000590801 -0.00495195 -0.000179291 -0.000284195 -0.00153923 -0.00476742 0.00267887 -0.000609875 0.0072484 -0.00759459 -0.000182629 0.00719213 -0.00416946 0.0068717 -0.00751305 -0.00426102 0.00391293 -0.0050869 0.00776672 0.00436401 -0.00141144 0.00753736 0.00491476 -0.001647 0.000760555 -0.000898361 -0.00725937 -0.00402975 -0.00537968 0.00406742 -0.00770855 0.00575972 0.000542164 0.00171423 0.00255251 -0.00371695 -0.00353909 -0.000426292 -0.00592184 0.0032835 0.00560188 -0.000844479 -0.00549459 0.00268173 0.00436687 -0.00026989 -0.00601292 -0.00185442 -0.000494003 0.000615597 0.000128269 -0.00147963 0.00649977 0.00148106 0.0017066 0.00572729 -0.00296926 -0.00763559
311436 -0.000877063 0.000816458 0.000791342 -0.00464601 -8.70434e-05 0.00265754 0.00604565 -0.00611043 0.000924031 -0.00268211 0.00587828 -0.00232411 0.00631262 0.00270834 -0.0035701 0.00246558 -0.00508369 0.00455334 0.0024159 0.000525484 0.00110844 0.00681611 -0.00272656 -0.00123324 -0.0042525 0.00220818 0.00276693 0.00190317 0.00133928 -0.00463625 -0.000584838 -0.00319849 0.0037852 0.00322869 0.00129058 -0.00112849 -0.000867614 0.000651355 0.00422357 -0.00119607 0.00255095 -0.00185746 -0.00434458 -0.00453497 0.00143352 0.00121349 -0.00281524 -0.00573066 0.0070841 0.00712807 -0.00390469 -0.00612081 -0.00410518 0.00604033 -0.00576036 0.00482147 -0.00516369 0.00494358 -0.00582962 -0.000466363 0.00177617 0.00732268 -0.00310686 0.000387813
210419 -0.00135132 -0.001175 0.00102997 0.0066058 0.000328055 -0.0027076 0.00151336 0.00462316 0.00085019 -0.00215593 -0.00501811 -0.00105328 -0.0016793 -0.00247074 -0.00155294 0.0056569 0.00700717 -0.00716733 0.00346448 -0.00452496 0.001587 0.00760619 -0.00757762 -0.00555661 -0.000282949 -0.000590233 0.00116957 -0.000165606 -0.00483975 -0.000740671 -0.0015574 -0.00129217 0.00709011 0.0032045 0.00160916 -0.00494312 0.0075302 0.00246606 -0.00421175 0.00637108 0.00630059 -0.00114181 -0.000931657 -0.00181913 -0.00656119 0.00179787 -0.00290197 -0.00366597 0.00399012 -0.00587286 -0.00580526 0.00464514 0.00298752 0.00285825 -0.00027186 -0.00184603 -0.00187705 -0.00244706 -0.0060004 -0.00760837 -0.00176137 0.00257281 0.00351638 -0.00592193
7055 0.00819761 0.00338762 0.00267939 0.00220036 0.00293693 0.00507222 0.00433348 0.00669213 -0.000127424 0.00696619 0.000966081 -0.00183097 -0.00725141 0.00392772 -0.00514483 -0.00389894 -0.00738575 -4.03075e-05 -0.00274995 0.00481627 -0.00501638 -0.00547549 -0.00226641 0.0062808 -0.0049042 -0.000724101 0.00358181 -0.002649 0.00616898 -0.0025649 0.000734777 -0.00334554 -0.00386778 0.00638746 0.000493415 0.00369458 -0.00678615 0.00606038 0.00534154 -0.000411857 -0.00514303 0.000127493 0.00673336 0.0028136 -0.00475116 0.00578132 -0.000492254 -0.00503694 0.000715502 0.00293768 -0.00618558 -0.00586719 -0.0037504 -0.00357928 0.00504587 0.00136247 -0.00339368 0.00747451 -0.00445736 0.00358275 0.00688557 0.00638074 0.000725163 -0.00780358
125753 0.000518799 0.00560284 0.0059557 0.00507736 -0.00543928 0.000514984 -0.00516939 0.00262499 0.006073 0.00624752 0.00452185 0.000398636 -0.00533438 0.00389481 0.00734043 0.00645494 -0.00592375 -0.000905037 0.00746441 0.002213 0.00515175 0.00242138 -0.0017643 0.00357723 -0.00463629 -0.00270844 -0.00354719 -0.00101233 -0.00148487 0.000375271 0.00277853 0.00608635 0.00360346 -0.000832558 -0.00479937 -0.00347757 0.00148535 -0.00328922 0.00778866 -0.00691366 0.00331593 -0.00499201 -0.00457048 -0.00506067 -0.00683928 0.00647783 0.00553989 0.00388956 0.00374556 0.00312757 -0.0019331 -0.00503159 -0.00350189 0.00216722 0.00663757 -0.00510931 0.000470638 -0.00538778 -0.0021944 0.00228071 0.00379133 -0.00627184 -0.0037446 0.00698566
78339 0.0054645 0.00356196 0.00482253 -0.00140748 0.00182042 -0.0027125 0.00548336 0.00290367 0.00438068 0.00135011 -0.00606159 0.00483532 0.0024841 0.00169442 0.00177777 -0.000479612 -0.00107503 0.00223926 0.000841671 0.000729073 0.0020605 -0.00364012 0.00216197 -0.00506339 0.00711505 -0.00293791 0.00518937 0.000579114 0.00776009 -0.00434504 0.00724946 0.00317052 0.00719291 0.00778971 0.0062576 0.00030283 -0.00742353 0.000729553 0.00211064 -0.00691268 -0.00277321 0.00115292 -0.00365121 0.00106856 -0.00330986 0.00468017 -0.00643028 -0.00276996 -0.00261469 0.00265815 0.00205619 0.000254759 0.000139481 -0.0031246 -0.00643051 -0.000337061 -0.00371358 0.00573734 0.00595769 -0.00374784 0.00468474 -0.00447759 0.00493085 -0.00563701
334928 -0.00350706 0.00378745 5.53737e-05 0.00554421 -0.00398091 0.00114726 0.000377935 -0.00540718 0.00275078 0.00522491 -0.00334747 0.0014477 0.00615334 -0.00539656 -0.000596799 -0.00744153 0.00258597 -0.00176272 0.000400977 0.00534256 -0.00575931 -0.00432991 -0.0053822 -0.00331589 -0.00262199 -0.00593093 0.000680186 0.00650782 -0.00160845 -0.00617486 -0.0053514 0.00333214 -0.00731004 0.00324045 -0.000416096 0.00248402 -0.00359159 0.00407826 -0.00548415 -0.00147725 -0.00372237 -0.00365119 0.00180711 0.00735542 0.00768112 -0.00642118 -0.00362208 0.00402354 0.00430146 0.00204318 -0.00677207 -0.00427225 -0.00347481 -0.0040368 -0.00637243 -0.00336052 -0.00578748 0.00114965 0.0028609 0.00145173 0.00150952 0.00261359 0.00317965 -0.00263749
333461 0.00239684 0.0047238 0.000591211 -0.00611966 0.00341794 -0.00543034 -0.00261411 0.00364821 0.00167468 0.00779439 0.00115032 0.0044146 0.00361937 0.00302396 -0.00215234 -0.00495645 -0.00716672 -0.000869469 0.00510576 -0.00216357 -0.00194782 -0.00349971 -0.000521114 0.00168922 0.0033977 0.0074047 -0.00743827 -0.00261696 0.0055137 -0.00214232 -0.000459228 -0.00157415 0.000455931 -0.0041848 -0.0043213 -0.00152454 0.0041824 0.000986101 -0.000496583 0.000273447 -0.0030142 -0.0022984 -0.0037673 -0.00733244 0.00455522 0.00532115 0.00773133 -0.00137929 -0.00746329 -0.00609712 -0.00191794 0.00580937 -0.00194176 0.00725345 -0.00421694 0.00608557 -0.0035804 -0.00409541 -0.00566156 -0.00531961 -0.0059064 -0.00143246 0.00606944 0.00393273
116582 -0.0023305 -0.00318529 0.00801111 0.00162609 -0.00428063 -0.000901627 0.00639074 0.00183967 -0.00637951 0.00666869 0.00335143 0.00461627 0.000914873 -0.00757035 0.00216708 -0.00670117 -0.00354716 -0.00609362 0.00585436 -0.000928723 0.00676757 0.00314271 0.0017036 -0.00478326 -0.00694917 0.00110118 -0.00128104 -0.00736501 -0.00609904 0.002829 0.00158316 0.00386905 0.000250617 0.00361345 0.0074493 0.00701365 -0.000738656 -0.00620623 0.00776523 -0.00303805 0.00384394 -0.000996604 0.0030787 0.00643496 0.0045051 0.00155429 -0.00195816 -0.00580832 0.000871285 -0.00566922 0.0038082 0.000632582 -0.00634772 -0.000557578 -0.00320301 -0.00615447 -0.00247962 -0.00246796 -0.00632911 0.00707728 0.00604136 0.00574484 0.00543019 -0.00607928
92106 -0.00718903 -0.00471935 -0.00194982 -0.00217561 -0.00164131 -0.00328364 0.00165264 -0.000856035 -0.00571004 0.00604465 0.00741501 -0.00229807 -0.00592052 0.000532468 -0.00382277 -0.00406762 0.000866616 -0.00530765 0.00432756 0.00561557 0.00497347 -0.00544868 -0.00558511 0.000651887 0.00248354 -0.00562233 -0.00173784 0.0053219 -0.00270363 -0.00424572 0.00651277 -0.00395771 0.00206749 0.00504426 -0.00681254 0.00729258 0.00292499 0.00552639 0.00133972 -0.0041983 -0.00329066 0.000689859 0.00755649 -0.00587872 0.00170059 -7.10039e-05 0.00725734 -0.00280128 -0.00383414 -0.00348799 0.00602481 0.00524267 -0.00276716 -0.00399301 0.000462835 -0.00590153 -4.00053e-05 0.00493103 -0.00658852 0.0007374 0.00506888 0.00664875 0.0013409 0.00386476
262915 -0.00377179 0.00507435 0.00528494 0.00387679 -0.000499573 -0.00627524 0.00527609 -0.00142512 -0.00343913 0.0049813 -0.00600608 -0.00691746 0.00689951 0.00668674 -0.00127329 0.00564259 0.00159876 0.00566519 0.00398468 0.00774437 0.00194899 0.00753731 -0.00660148 0.0040153 -6.47283e-05 -0.00150561 -0.00776121 0.00703417 -0.0021579 0.00332321 0.00719528 0.00571861 0.00626879 0.00325819 -0.00345569 0.00328006 -0.000220437 -0.0057649 0.00390403 -0.00528363 -0.00353059 -0.00232773 0.000883859 0.00729255 -0.00204151 -0.00772694 0.006557 0.00436838 0.00271191 5.18302e-05 0.00736108 0.00439949 -0.00394264 -0.00315125 0.00438244 0.00585667 -0.00212706 -0.00526355 0.00454822 0.0061003 -0.000193416 -0.00617863 0.000473585 -0.00375573
182407 0.00370307 -0.00582659 0.00614349 0.00408027 -0.00641634 0.00351189 0.00617375 -0.0051687 0.000610961 -0.00757801 -0.0018702 0.00288779 0.00468379 0.00125059 -0.00696722 0.000138697 0.0019138 -0.00771385 0.00582572 0.00237912 -0.0017955 0.00606991 0.0071849 -0.00227949 0.00677976 0.0011476 0.0067804 -0.00529946 -0.001729 -0.00296504 -0.00700121 -0.00633562 0.0068699 -0.00750189 0.00715649 0.00539074 -0.00420964 -0.000707991 -0.00252062 0.000667905 -0.000877722 0.00635057 -0.00061663 0.00779862 0.00285648 -0.00415635 0.00484264 0.00622663 0.00354119 -0.0019221 0.00322643 0.00759648 0.00372588 -0.00578341 -0.00306246 0.00129321 -0.00623603 -0.00254763 0.00323302 0.00041429 0.00522271 -0.0032606 0.00278786 0.00696494
111394 0.00534312 -8.40012e-05 0.0021479 0.00527441 -0.000826775 0.000768057 -0.0016441 0.00607414 -0.000799171 -0.00255224 0.000625418 0.00249879 -0.00645857 -0.00355068 -0.000188666 -0.00312239 -0.00273968 0.00558895 0.000473021 -0.00529936 0.00246509 -0.00579295 0.00503273 -0.00189585 0.00576295 -0.00197614 -0.00326999 0.00343987 -0.00498461 0.00336589 0.00598955 0.00637472 0.00499012 0.00654019 0.00636402 0.00150831 0.00570326 0.00767283 0.00454372 -0.00335212 -0.00665421 0.00497025 -0.00489763 -0.00173459 0.00261956 0.00345416 0.00375021 0.000361641 0.00594537 0.00649756 -0.00339882 0.000124025 -0.00686242 0.00360086 0.00616601 -0.00676204 -0.00245935 0.00480652 0.00276122 -0.000621734 -0.00222857 0.00703539 6.34958e-05 0.000306687
335191 -0.00158058 0.00518152 0.00205733 0.00662105 -0.00446452 -0.000916991 0.00016372 -0.00372105 0.00777709 -0.00608731 0.00529105 0.00580967 0.00270992 -0.00282169 0.000995212 0.0054272 0.00659359 -0.00443041 0.00283873 -0.00236444 1.43985e-05 -0.000494894 -0.00447917 -0.00161835 0.00333851 -0.00774992 0.00329231 -0.00150426 0.00711075 -0.00636272 0.00285733 0.00471096 -0.00582311 -0.00697142 -0.000815744 0.00227135 0.00489381 -0.00246519 -0.00762805 0.0049348 0.00689392 -0.00514109 0.00382076 0.00403095 0.00671087 0.000605696 -0.00275489 -0.00772452 -0.00628076 0.00237368 -0.00177896 0.00679533 -0.00705864 0.00156288 0.00534772 0.00187553 -0.00389919 0.000552716 -0.00651684 -0.00458368 -0.00677775 0.00762978 0.00740188 -0.00437721
288584 0.00363375 0.000794134 0.00678179 -0.000267506 0.00111929 0.00424389 0.00650442 -0.00106611 0.0036773 -0.00489821 -0.00717478 0.00300715 0.00638279 0.000677934 0.00237048 -0.00395204 -0.00602188 -0.00243881 0.00439258 0.00059223 -0.000671958 -0.00574956 -0.00531231 -0.00111973 -0.00245677 -0.00470739 -0.00263409 -0.000458055 -0.000606874 -0.00552858 -0.00483464 0.00386965 0.00699191 0.00127065 -0.00140865 -0.00461351 0.00781136 0.00202511 -0.00141011 -0.00704404 -0.00298512 0.000841541 0.00220573 -0.00400579 0.00153833 -0.00393564 0.00214543 -0.00439077 0.00508963 0.00182589 -0.00435239 -0.00253249 0.00760769 0.00374524 0.00668762 -0.0074233 -0.000621133 0.00762392 0.00497405 0.00440508 -0.00114714 0.00553305 0.00108626 0.00430362
203881 0.00286527 0.000841025 -0.00590579 -0.000537912 -0.00482385 -0.00123057 0.00435802 -0.00648298 0.00276968 0.00623972 -0.00174151 0.00787729 0.00238092 -0.00385092 0.00154993 -0.00613024 -0.00589142 -0.00735011 0.00431506 0.000855052 0.00128383 0.00577574 -0.00466526 -0.00740736 -0.0051576 -0.00533025 0.00443831 0.00290317 0.00665414 -0.00687641 0.00198253 -0.0041702 0.00570784 -0.00537241 -0.00631803 0.00729328 0.00544186 -0.00039051 0.0060103 -0.00138473 0.0070333 -0.00687339 0.00608412 -0.000132422 -0.00358758 0.00638328 -0.00326866 0.000191311 -0.00728243 -0.0024334 -0.000419927 -0.00309039 0.00295426 0.00226318 -0.00103525 0.00120579 -0.00586737 -0.00563372 -0.00358989 0.00312468 -0.000926638 -0.000315882 -0.00358557 -0.00101181
53451 0.00124327 -0.00400423 -0.00376998 -0.00286885 -0.00384386 0.00395612 0.00391732 -0.00176284 -0.00254863 -0.00632976 0.00232484 -0.00450768 -0.00338811 -0.00377866 0.00385015 0.000666723 0.00231726 0.000819047 -0.0062813 0.00356713 -0.00113794 0.00683549 -0.00188699 -0.00410947 -0.00648522 0.00175982 -0.00473244 -0.00293101 -0.00622276 0.000169492 0.0033682 -0.00409645 0.00724087 0.00669727 -0.00255784 -0.00565768 -0.00321885 -0.00771282 0.00572127 0.00500981 -0.00564926 -0.00341165 0.00755709 0.00210924 -0.00659036 -0.00657811 -0.00177684 0.00376421 -0.0050501 0.00554683 -0.00251774 0.006219 -0.000726377 -0.00290413 -0.00532209 -0.00663205 0.00609984 -0.000754592 -0.00306497 0.00738794 0.00153771 -0.00311436 0.000697037 0.00649613
311861 -0.00358718 0.000314416 0.00661485 0.00764026 -0.000937156 0.00232901 0.00751469 -0.00775681 0.00385657 -0.0059518 -0.00657407 -0.00459461 0.00256653 0.00562091 0.00692239 -0.00539825 0.00625431 0.00288314 0.00286558 0.0059689 -0.00698413 -0.00657527 -0.00430735 0.00164523 -0.000262806 0.00431066 -0.00478533 -0.00608625 -0.00412187 0.00302254 0.00265174 -0.00401426 0.00508981 0.000956306 -0.000941298 -0.00122104 0.00413698 0.00552396 -0.00365903 0.00300447 0.00227184 -0.00287573 0.00681005 -0.00279082 0.00199665 0.00497781 0.000358484 -0.00364638 -0.00444273 0.00281977 0.000168964 0.00305781 -0.0066355 -0.00398984 -0.00181284 0.0050335 0.0062047 0.00614758 -0.00311826 -0.006023 0.00605897 -0.00370559 -0.00212483 -0.000846248
203138 -0.00628982 0.0044423 -0.00491311 0.00669061 0.00674137 -0.0003369 -0.00588402 -0.00606115 -0.00114022 0.00492057 -0.00107367 -0.001789 -0.00508552 0.00565987 0.000513647 -0.00691452 0.00140361 0.00326485 0.00734558 -0.0023756 -0.00770335 0.000891192 0.00429408 -0.00499349 -0.00362892 -0.00215094 0.00634241 -0.00250688 -0.00675432 -0.00326081 -0.00456451 -0.00416906 0.000504835 -0.00453608 -0.00427491 -0.00741693 -0.00476868 -0.00547511 3.49633e-06 0.00693211 0.00386286 0.00400377 -0.0039871 0.00312898 -0.00725517 0.00287869 0.00466925 0.00684141 0.00183376 0.00540928 -0.0049717 0.00427809 0.00557992 -0.000986448 0.00632191 0.00180811 0.00461122 0.00679571 -0.00571905 -0.00573785 0.00475326 0.00468337 -0.00458309 0.00402295
172973 0.00521374 0.00731182 0.00126696 -0.00617027 -0.00177336 -0.00606775 -0.00134516 -0.00195599 -0.00184727 6.96182e-05 0.0071125 0.00128984 0.00208807 0.00187492 -0.00163507 0.00541544 0.00670099 -0.00138903 0.00716352 0.00690079 -0.00259447 -0.00647163 0.00117874 -0.000120163 0.00500631 0.00132751 0.00757933 0.0045166 0.00472307 -0.000322342 0.00166225 0.00307035 0.00280523 9.39369e-05 -0.00740099 0.00190496 0.00751305 -0.000605106 -0.000836849 -0.00760412 -0.00468636 0.00266743 0.0067544 -0.00226164 0.00655603 0.00396061 0.00483084 -0.00575542 -0.00289822 0.00625944 -0.00705576 0.00350332 0.00205803 -0.00178909 0.007617 0.00335789 0.00370216 0.000403881 -0.00425673 0.000962257 -0.00274658 0.00492716 -0.0069828 -0.00600481
328393 0.0059567 -0.000866139 -0.004416 0.00703348 -0.00776371 0.00666163 -0.00108314 0.00728057 -0.00542376 -0.00696927 -0.00130827 -0.0039236 -0.000706663 0.00618022 0.00542485 0.00221184 0.00187946 -0.00685645 -0.00743442 0.0077882 0.00153763 0.0069392 0.00241629 0.0015955 -0.00700132 -0.00516487 0.000578225 0.00303728 -0.00431293 0.00712921 0.000497145 0.00164338 -0.00252241 0.00201448 0.00224592 -0.000902055 -0.006474 0.00740888 0.000919738 0.00469509 -0.00327487 0.00280476 -0.000181248 -0.000241561 -0.00166419 0.00107729 0.00250241 0.00290538 0.00456532 0.00547029 -0.00312184 0.00160246 0.00256076 -0.00639048 -0.000953373 0.00713286 -0.00219655 -0.00543943 -0.00137199 -0.00169168 0.00707408 0.00445894 -0.00206004 -0.00449891
77741 -0.00699066 -0.00583982 0.00230873 -0.00123165 -0.000729241 0.00457607 -0.0021797 0.000845459 0.00401848 0.004633 -0.0067429 -0.003845 -0.000249636 -0.00758534 0.00385817 -0.00711968 0.00585079 -0.000899952 -0.00575626 -0.00245661 0.00547755 0.00580801 0.000784036 -0.00706416 -0.00230867 -0.00268522 -0.00467466 0.00511294 0.000902314 0.00632575 -0.00426458 -0.000835809 -0.00626754 -0.00427764 -0.00151942 -0.00503301 0.00663016 -0.00328758 0.00365909 0.00361118 0.00448679 0.00566792 0.00663071 0.00327549 -0.00668303 -0.00473774 0.00703695 0.00729309 -0.00776702 -0.00415872 0.00206169 0.00767378 0.00424483 -0.00699367 0.00063759 0.00188283 0.00488559 0.00428072 -0.00644907 -0.00552584 0.00271078 0.00206155 -0.00580582 -0.00326421
163442 0.00274912 -0.00120767 0.00688424 0.0073253 0.00644142 -0.0065063 0.0058899 -0.00298305 0.00328173 0.00110312 0.00259567 0.00750236 -0.0063433 0.00456214 -0.000807308 -0.00523441 -0.00155943 0.00519491 0.00361209 -0.00317269 0.00220697 -0.00604625 -0.0030668 0.00588703 0.00186459 0.00437742 -0.00615527 -0.000678971 0.000657977 -0.00771006 -0.00122566 -0.00461495 -0.00710096 -0.000808404 -0.00593938 -0.00733981 -0.00119102 0.00047368 -0.00180255 0.00358532 0.00710065 0.00492938 0.00380158 -0.00532157 -0.00665508 -0.00469259 0.00434866 0.00508331 -0.00155076 -0.00663556 -0.00408853 0.00731884 -0.00382523 -0.00371447 -0.00653555 3.25082e-05 0.0038173 0.00553662 -0.00571934 0.00529421 0.00746207 0.00450224 0.00489922 -0.00634747
188194 0.00143963 -0.004152 0.00257717 0.000743335 -0.00685859 0.00274011 -0.00575748 0.00627504 -0.0071881 0.00348298 -0.000565314 -0.00276783 -0.00560245 0.00049363 0.00468187 0.00170757 -0.00141147 -0.0076087 0.00405703 0.00301037 -0.00745031 -0.00123933 -0.000846375 0.00206556 -0.00389156 0.0037017 0.0060929 -0.00251412 -0.00130199 -0.000755825 -0.00257092 -0.00222327 0.00400918 0.00708936 -0.00598142 0.00309238 -0.00758946 -0.00280565 -0.00121052 -0.0045307 0.00114662 0.00197765 0.00713119 -0.000243493 -0.00767247 0.00210246 0.00378547 0.00197488 0.00702607 0.00642918 0.00484134 -0.00610445 0.00655744 -0.00428185 -0.00243075 0.00617447 -0.00311303 -0.00206258 0.00672792 0.00750606 0.00556595 -0.00479031 -0.00169178 0.00531341
314466 -0.00588122 0.00733237 0.00600576 0.00163529 -0.00668711 0.00689537 0.00468754 8.16571e-05 -0.00370987 -0.00642553 -0.00437863 0.00247408 0.00767348 -0.00699012 -0.00539352 -0.000288151 0.00165086 -0.00373212 0.00266203 0.00547525 0.00076079 -0.00725257 -0.00746526 -0.00222309 -0.00562139 0.00661356 0.00283501 0.0037635 0.00657362 0.00660772 0.00313914 0.00611376 -0.00279984 0.00617066 -0.00454307 -0.00184116 0.00188548 0.00428086 -0.0038475 -0.00635733 0.00634486 0.00606424 -0.00672724 0.00494517 0.00773184 -0.00680566 0.00686535 -0.00424825 -0.00626435 0.00427627 0.000595568 -0.000111329 -0.00679415 0.00678155 -0.00603056 0.00141749 -0.00582259 0.00430185 -0.00203639 0.00136756 0.0046766 -0.00351653 -0.00247956 -0.00348268
241904 -0.00601237 0.000419738 -0.0051052 -0.00629381 0.00198707 0.00382637 -0.00731594 0.00439705 -0.00151852 -0.00758989 -0.00488948 0.00601956 0.000228531 0.00252057 -0.00228068 -0.00167028 -0.00453335 -0.00220249 -0.00150275 0.00156498 -0.00355434 0.00334728 0.00104529 0.00162121 0.00298346 0.000688235 -0.00618251 -0.00104102 -0.0032059 0.00158545 0.00369619 -0.00333083 -0.0027337 0.00659982 0.003336 0.00452038 0.00261294 0.000353724 0.00462472 0.00481742 0.00358337 0.00296436 -0.00650796 0.00452573 0.00228603 0.000807235 0.00747806 0.00750225 0.00505372 -0.00502564 -0.00585532 0.00297692 0.000111944 0.0061286 0.00292704 0.00609204 -0.0020265 -0.0070988 0.00497521 -0.00508471 0.00462284 0.00744381 0.00224029 0.00208647
170088 0.00628242 -0.00291337 0.00165583 -0.000519981 0.00633945 -0.000446643 -0.000196867 0.00638558 0.00747917 -0.00240361 -0.00593002 -0.00157752 -0.0066589 -0.00520532 0.00392776 -0.000757823 0.00654455 0.00136381 -0.0017143 -0.0036119 0.00382672 0.00313593 -0.00604159 -0.00144811 0.00458402 -0.00274242 -0.00317186 0.00263671 -0.00333488 -0.00498887 -0.00527537 0.000415677 0.00540686 -0.00476303 -0.000742755 -0.00600556 -0.00638808 0.00303275 -0.000574159 -0.00368182 -0.00282263 0.0019976 0.000124895 0.000830438 -0.00657657 0.00241378 0.00707398 0.00381156 0.00117307 -0.00520696 0.0040114 0.00443369 0.000466137 -0.00632923 0.00537942 0.0013761 0.00278061 0.00229531 -0.00537221 0.0039447 -0.00253909 0.00357297 0.00403257 0.00198802
311474 -0.0030694 -0.00407887 0.00360394 0.00271511 0.00121641 0.00760365 -0.00237608 0.000788212 -0.0075779 -0.00135946 -0.00337219 -0.00672388 0.000525475 0.00595903 -0.00466394 -0.00370646 0.0069828 0.00341558 0.00144625 0.00276661 -0.0075078 0.00376797 -0.00462961 -0.00283098 0.0053606 -0.000271797 0.00603104 -0.0043788 -0.0058794 0.00532722 -0.0044117 -0.0063262 -0.000387669 -0.00211477 0.00377607 -0.00684166 -0.00293827 0.00618792 -0.00527287 0.00606441 -0.00100851 0.00454473 -0.00241327 0.0036931 0.00636816 -0.00104618 -0.000580788 0.00592041 -0.00304985 -0.00371075 -0.00579405 -0.00242424 0.00698805 -0.00724745 0.00581932 0.0073905 -0.00475359 0.000616074 0.0043931 0.00527287 -0.00138474 -0.000497818 0.00271845 0.000238419
269254 0.00273146 0.0030867 0.00210675 -0.00525017 0.00516655 0.00259596 -0.0039326 0.00592068 -0.00724187 -0.00672229 -0.00113398 -0.00306907 -0.00373297 0.00173949 -0.00709244 0.00676866 -0.00784704 -0.0072887 -0.00102465 -0.00537859 0.00236396 -0.00647347 0.00576918 -0.00184965 0.00371815 0.00366597 -0.00776406 -0.002488 0.000955925 -0.00353182 0.00170237 0.00734543 -0.00326591 0.00143621 -0.00155551 0.00521501 -0.00371111 -0.00361739 -0.00289691 0.00143686 -0.00219975 0.00430168 -0.0061714 -0.000185192 -0.00390428 -0.000804221 0.00166003 -0.00403365 -0.000296338 -7.42493e-05 -0.00101717 -0.000812005 -0.00696335 0.00348139 0.000954924 0.00546273 0.00108059 -0.00472283 0.00086397 -0.000944386 0.000178189 0.00216072 0.00552096 -0.00773011
336123 0.00520132 0.00156513 0.00595804 0.00606956 -0.00253335 -0.00181098 -0.00205654 0.00103947 -0.00693 0.00238937 0.00475635 0.00752822 -0.00593113 0.00276 -0.00563744 -0.00664923 -0.00329471 -0.00282145 0.00582532 0.000502857 0.00295328 -0.000222835 0.00235101 -0.00561682 0.0059 -0.00327288 -0.00337596 0.0047328 0.00506698 0.00246682 0.0011335 0.00217237 0.00589912 0.000334603 0.00387805 -0.00582029 -0.00204116 -0.00116824 0.00501416 0.00471988 0.00562438 0.00260813 0.0045615 -0.000948538 0.00339549 0.00406806 0.00758815 -0.00491538 -0.00683919 -0.00158865 -0.0020791 0.00276177 0.00251443 0.00226843 -0.00473509 5.2393e-05 0.00696591 0.00135681 0.00575308 -0.00661816 0.00202131 -0.00531108 -0.00341383 -0.00244505
3059 -0.00591624 -0.00237568 0.00056028 -0.00308528 -0.00352158 0.000148889 -0.00207772 0.00436762 0.00155469 -0.00777437 -0.00509636 -0.000120841 -0.000319396 0.00588319 0.005109 0.00454271 0.000363915 0.00542561 -0.00239839 -0.00578225 0.00295918 -0.00493338 0.00134993 0.00220941 -0.00534054 0.00584887 0.00549553 0.00573035 0.00254177 0.00283388 0.00513407 -0.00652071 -0.00279415 -0.002919 0.00157219 -0.00551181 0.000924103 -0.000128507 -0.00624516 -0.00100252 -0.00458571 -0.00683417 0.0063982 0.00362432 -0.00113845 0.00671853 0.00315858 0.00111243 6.97574e-05 0.00773551 -0.00597285 -0.00623338 -0.00676943 0.00473153 0.00100427 0.00368539 0.00740991 -0.0051337 0.00155313 0.00404067 -0.00389607 -0.000298473 -0.00116532 -0.0037379
328984 -0.00210932 0.00544695 -0.00522922 -0.00226877 -0.00278836 0.00655439 -0.00143115 -0.00486921 0.00299375 -0.000589776 0.00460409 0.00344818 -0.00477096 0.000500482 0.00729466 0.0029259 0.00641077 -0.00160577 0.00473811 0.00427079 0.0031414 0.00667482 -0.00454735 -0.00114575 0.00729546 0.00315215 -0.00244873 -0.00314644 -0.00290911 0.000504121 0.00168347 0.00436939 -0.00459149 0.00189224 -0.00344997 0.00145831 -0.00379 -0.00646825 -0.00684429 0.00647495 -0.00516058 -0.00707883 -0.000487052 0.00778514 0.00775189 -0.00750562 -0.00239813 0.00403854 0.0040941 0.00500997 -0.00181491 -0.00315054 -0.0066407 0.00306923 0.00706558 0.00525891 0.00461797 0.00653364 -0.00571663 -0.00776082 -0.00210269 0.000493119 -0.00368277 0.00764513
162391 0.00659923 -5.19642e-05 0.00550367 -0.000105736 0.00251995 0.00763124 -0.00581423 0.00721329 0.00552191 0.00597087 -0.00121849 -0.00659893 0.00236181 -0.000987632 0.00614335 0.00590169 -0.00537847 -0.00392916 0.00251336 0.00461282 -0.00340003 0.00742016 0.000890279 0.000746899 -0.00454948 -0.000108985 0.00591441 -0.0022991 0.000444002 0.00619685 0.00175127 0.0033571 0.0017765 0.0016136 0.00154843 0.00271534 -0.00154207 -0.00228847 -0.00576027 -0.00545348 -0.00737175 -0.00429886 0.00727027 -0.00161259 0.00062339 0.00132877 -0.00736727 0.00156263 -0.0029972 0.00619751 -0.00225973 -0.00253005 0.00744943 -0.00271783 -0.00543365 0.00179691 -0.00692763 -0.00320923 -0.00262726 0.00497222 -0.000482626 0.00400766 -0.00366825 -0.00396842
145462 0.00140119 -0.00449561 -0.005629 0.00270956 0.00722365 0.00128122 0.00362952 0.00428308 -0.00619463 0.00134157 -0.00303983 -0.00129573 0.00295383 0.00661738 -0.000390698 0.00721812 -0.000385725 -0.00497229 0.00634054 -0.00759036 -0.000302855 -0.00690179 -0.00515772 0.000618646 -0.00346833 -0.000677002 -0.00615386 0.00478568 0.000387642 0.0071001 -0.00628424 -0.00197655 -0.00577396 0.00632731 0.00596422 -0.00665386 -0.00146298 0.00595029 -0.0047482 0.00119224 0.000688446 0.00276037 -0.00128464 0.000627106 0.00263261 0.00300329 -0.00247838 -0.000647724 -0.00648464 0.00411293 0.00357514 0.00485374 0.00157143 -0.00489534 -0.000910156 -0.00245207 0.006419 -0.00359848 0.00171358 0.00346847 0.000725856 -0.00660346 -0.00140025 -0.00325718
245095 0.00331957 -0.0016158 -0.00606011 -0.0023095 -0.00159243 -0.00660969 0.005978 0.00464917 0.00706323 -0.00124363 -0.00470491 -0.00570107 0.00276681 0.00473355 -0.00697239 -0.00699254 0.00132045 -0.000192303 0.00740916 0.004034 0.00543043 -0.0010369 -0.00638774 -0.000753974 -0.0065482 -0.00307305 -0.00545804 0.00661401 -0.00706898 -0.00175307 0.00457133 0.00375752 0.00533902 0.0028312 0.00692467 -0.00776517 -0.00467585 0.00469618 0.00263909 -0.0060269 0.00771013 0.00761249 -0.00263429 0.00107249 -4.91453e-05 0.00631324 -0.00171158 -0.00492258 0.000955548 -0.00090508 0.00307606 0.00459041 -0.00404686 -0.00362942 0.00179599 0.00500535 -0.00774891 -0.00299246 0.00521721 0.00364821 -0.00637799 0.00659118 -0.00493005 0.00556024
95487 -0.00557195 0.0069225 -0.00251371 -0.000527193 0.00253088 -0.00234046 0.00307695 0.00301977 -0.000912408 0.00377483 -0.00202974 -0.00557576 -5.56367e-05 -0.00213789 -0.000413603 0.00399131 0.00276321 0.00666312 0.00432732 0.00558208 -0.000931824 0.00551546 0.00535243 0.00517894 -0.00783471 -0.00363071 0.00211935 -0.000712753 -0.00226448 -0.00162756 0.00603818 -0.00329643 -0.00270365 0.00148132 -0.00622658 -0.00519481 -0.00432336 0.00402841 -0.000206678 -0.00520882 -0.00548578 -0.00364301 0.00314195 -0.00559026 0.00231719 -0.0035793 0.00420352 -0.00560108 0.00305422 -0.000570934 0.00702942 0.0054318 0.00287009 -0.00655778 0.00715162 -0.00225725 -0.000364072 -0.0019261 -0.0020224 -0.00229176 -0.00635666 -0.00386934 0.000648001 -0.00553214
210054 -0.00453984 -0.00373923 0.00608244 -0.000358378 0.00663307 0.0042188 0.00566324 0.00215304 -0.00655202 -0.00190157 0.00100857 0.00498255 0.000140941 -0.00113564 -0.00648377 -0.00497196 -0.000509837 0.00449823 0.00427073 0.00211847 0.00491652 0.000982691 -0.000405966 0.00349707 0.00686959 -0.00691534 0.00307052 0.00263922 -0.00506961 0.00240561 -0.00588961 -0.00767052 0.002688 0.00463967 -0.00502585 0.00410012 -0.00162365 0.00569328 -0.00707942 0.00258086 -0.00340395 -0.00623098 -0.00717989 -0.00173022 -0.00422167 -0.00219994 0.00131285 -0.00497303 0.00701721 0.00555877 0.00284981 -0.00695222 -0.00400879 0.00185713 -0.00376904 0.00379111 0.00742531 0.00692591 -0.00611647 0.00161777 -0.00712828 -0.000167002 0.00726391 0.00639916
250033 0.00362113 -0.00382761 -0.0028205 -0.00259397 0.00568136 -0.00450119 0.000670982 -0.00321804 0.00623842 0.002785 -0.00703559 -0.00713276 0.00107488 -0.00304022 0.00388292 0.0067119 -0.00526041 0.00538518 0.00647536 0.00655294 -0.00758999 -0.00302894 0.000178032 0.00264008 -0.00336972 0.00612627 0.00724644 -0.00265341 0.00388878 -0.00225307 0.00351288 -0.00194591 -0.000583102 0.00686089 -0.00013642 -9.2798e-05 -0.00555408 0.00370602 -0.00360989 -0.00745543 -0.00531689 0.00118222 -0.00233515 0.00695968 0.00571267 -0.00420516 -0.00122727 0.00266394 -0.00363435 -0.00543071 0.00137974 0.00765437 0.00346047 -0.00183422 0.00469332 -0.0037408 0.00235617 0.00737052 -0.00101306 0.00773947 0.00667316 0.00112397 -0.00109817 -0.00191477
59452 -0.00689742 -0.00265272 0.00332784 -0.000201465 0.00241549 -0.00705293 -0.00157888 0.00528574 -0.00137874 -0.000369017 0.00111723 -0.00447949 -0.00704571 0.00483657 0.00466917 -0.00603065 -0.000344927 -0.00184382 0.00213374 -0.0073285 0.00153047 -0.00264177 -0.00777082 0.00336062 0.0070082 -0.000221885 0.00105573 0.00324437 0.00500919 -0.00504602 -0.00125289 -0.00193459 0.00436605 -0.00507486 0.00552741 0.000865617 -0.00160908 5.59588e-05 0.000827792 -0.00513574 -0.00691665 -0.00332978 -0.0055433 0.00702211 0.00249135 -0.000825167 -0.00162046 -0.000635285 -0.00584111 -0.00187154 0.00568878 0.00367215 -0.00125363 -0.0021603 -0.00199173 0.00345244 -0.00550788 0.00683103 -0.00425338 0.000719992 -0.00404159 0.00677693 -0.00143187 -0.00337731
336536 -0.00754524 -0.00169629 0.00199102 0.00605753 0.00745774 -0.00545496 0.00141406 0.00686106 0.00217332 -0.00590364 -0.0017865 -0.00448286 0.0049543 -0.0039343 -0.00627623 -0.00247127 0.00184392 -0.00499831 0.00603563 0.00471993 0.00183017 -0.00169434 -0.000329688 -0.00143192 -0.00290294 -0.00694577 -0.00561519 0.000902155 0.00192447 -0.00299261 -0.0011179 -4.43251e-05 -0.0045083 -0.00524992 0.00137231 0.00244612 0.00131858 0.00449422 0.00496613 0.000298977 0.0038587 -0.00270072 -0.00124994 -0.00714397 -0.00413012 -0.00681808 -0.00619584 0.0063228 -0.000369823 -0.00679402 -0.00472019 0.00565397 -0.00550591 -0.00677377 -0.00372901 -0.00142955 0.00172287 0.00456999 0.00570351 0.00413813 0.00733816 0.000124501 0.00592699 0.00562016
109528 0.00706456 0.0052837 -0.00550918 0.00755049 -0.00762453 0.0061753 0.00422101 0.00419952 -0.00617544 -0.000653776 -0.00390001 -0.000846161 -0.00409599 -0.00109913 0.00750466 0.00355902 -0.00318501 0.000237858 -0.00632102 0.000914827 0.00195071 0.00373589 0.00754069 0.00459045 -0.00326552 -0.00280984 0.00480337 -0.00552948 0.00638158 -0.0010245 -0.000441624 0.00332125 0.00522956 -0.00692526 0.000206769 0.00775908 0.00210389 0.00342688 -0.000330815 0.00769162 5.11165e-05 -0.00330587 0.00290543 -0.00202252 0.00322196 0.00219221 0.00225978 0.00562958 0.00445294 -0.00408186 0.00450405 -0.00079906 -0.00474297 -0.000282268 -0.00369303 -0.00580339 0.00294818 -0.00750853 -0.00439435 0.00263139 0.00175378 0.00364997 -0.00290378 0.00520113
336779 0.00265195 0.00136585 0.00486537 0.0036464 -0.00108099 -0.00542096 -0.00578203 0.00768917 0.00519803 0.0049388 -0.00124041 0.00419139 -0.00523295 0.00270455 -0.00285511 0.00561539 0.00335218 -0.00518286 -0.0041789 -0.00592859 0.00268468 -0.0061362 -0.00710764 -0.00139396 -0.00370661 -0.000108786 -0.0044332 -0.00406804 0.00620594 0.00374174 0.00454772 0.000165818 -0.00399831 6.97813e-05 0.00701666 -0.00365393 0.00729426 0.00621895 -0.000992098 -0.00768021 -0.00649439 -0.00379934 0.00706769 0.000790129 0.00292274 -0.00394394 0.00169561 0.00312429 0.00771938 -0.00097669 -0.00279208 -0.00664498 -0.00185509 -0.0059714 0.0023048 -0.00534794 0.000462505 0.00107538 0.00312503 0.00418776 -0.00553758 0.000664939 0.00294383 -0.00079482
194814 0.000531644 -0.00732944 0.00333068 0.00135401 -0.00136135 -0.0031554 -0.00307554 0.00436689 -0.00244659 -0.00709105 0.0024129 0.00148775 0.00733977 0.00442573 -0.00086895 0.00555282 0.00132268 -0.0013397 0.0033815 0.00501437 -0.00290747 0.00390325 0.00316505 -0.00302588 -0.00580989 -0.00320733 -0.000351671 -0.00624258 -0.00233156 0.0065116 -0.00634544 0.00578148 0.000229211 0.00263313 0.00322405 0.00283345 0.000290952 -0.000490388 -0.00599222 -0.000156817 0.00434006 0.00517841 0.0035268 0.00379994 -0.00325986 -0.000946764 -0.00615664 -0.00363592 0.00122112 0.0028289 0.00783587 0.00480651 0.00772267 0.0073031 -0.00449599 -0.00298534 0.00429899 0.00665704 -0.00531874 -0.00655964 -0.00675007 -0.00191569 -0.000408706 -0.001124
105996 -0.00228423 -0.00656625 -0.00147418 -0.000163663 0.00216553 -0.00469852 -0.000463994 0.00476724 0.00239541 -0.000264362 -0.00457312 0.00472983 0.000397412 -0.00672875 -0.00448763 -0.00270191 -0.00593088 -0.0072095 0.000191299 -0.000263022 0.00153368 -0.00120589 -1.07678e-05 -0.00729727 -0.00327924 0.006851 -0.00416014 -0.000118735 -0.000111281 -0.00565901 0.00184872 -0.00344798 -0.00412506 -0.00476117 -0.00609029 0.00679767 0.00336381 -0.00712494 -0.00127801 0.00554425 -0.00246063 -0.0062855 -0.00778268 0.00112062 -0.00564865 -0.00357327 0.00361406 0.00657441 -0.000200442 4.14651e-05 0.0001595 -0.00421286 0.0053974 0.000333343 -0.00397945 0.00570668 0.00119642 -0.00721315 0.00776342 -0.00602341 -0.0020243 -0.00527391 0.00243134 -0.0075724
177316 -0.000164185 -0.00580766 0.00741307 0.00616025 -0.00333368 -0.00414663 -0.00363882 -0.00414741 -0.0031937 0.00753083 0.00527853 0.00461614 -0.00476613 -0.00256801 0.00732395 -0.00190038 -0.00752405 -0.00291399 -0.00725142 -0.00105997 -0.00645937 -0.002066 -0.000555778 0.00194204 0.00218734 -0.00550064 0.00169654 0.00267363 -0.00660955 -0.00616671 -0.00673495 0.00330381 -0.00022629 -0.00393764 0.00749958 -0.00415642 -0.000257724 0.00405817 0.00422689 -0.00754899 -0.00693152 0.00243932 -0.00322926 -0.00481084 -0.0024999 -0.00295886 0.00129971 0.00028294 -0.00491574 0.00671909 -0.00708934 -0.00133512 -0.00421686 0.00453024 0.0004688 0.0020736 0.00121764 -0.0017472 -0.00667561 0.0060273 0.000684932 -0.00231334 0.00301089 0.00650894
336865 0.00400964 -0.00640207 0.00733946 0.00400602 -0.00728111 -0.00343454 0.00604561 0.00373006 -0.00335039 0.0057774 0.00466682 -0.000831644 0.00520362 0.0063088 0.00114724 0.00176701 2.90857e-05 -0.0074948 -0.00384367 2.29513e-05 0.00513234 -0.00263781 -0.00572524 0.0021308 0.00122461 -0.00583053 -0.00398599 -0.00140188 -0.00258421 0.00768839 0.00290419 0.00246121 0.00546943 -0.000321168 0.0019978 -0.00356292 -0.00393612 -0.00433803 -0.00667998 -0.00147963 0.00293139 0.00145835 0.00162471 -0.00428651 0.000168994 0.0018019 -0.00372153 -0.00118413 0.00193471 -4.87525e-06 -0.00312581 0.00677725 0.00711495 -0.00368555 -0.00232861 0.00616287 0.00666714 0.00676358 0.00448724 0.00636338 0.0011257 0.00570501 0.00107806 -0.00169846
336967 -0.000113625 -0.0019685 -0.000351919 0.000382149 -0.00703921 0.0030697 0.00741468 -0.000116896 -0.0058021 0.0077332 0.00529515 -0.00549472 0.00499753 0.00142492 -0.00221281 -0.00550355 -0.00352826 -0.000752199 0.00159708 -0.00779137 -0.00208536 0.00104202 0.000992343 -0.00617171 -0.00784058 0.00167576 -0.00384342 0.00747634 -0.00765265 -0.000300443 -0.00474807 -0.00627707 -0.00123069 -0.00735298 0.00588356 -0.0038527 0.00689113 0.00107845 0.003665 0.00689084 0.000252734 -0.00012805 -0.000904372 0.00494045 0.00424413 0.00385519 0.00597666 -0.000268061 -0.00342682 -0.00433988 -0.000338101 0.00594781 -0.0026664 0.0069004 0.00016702 -0.000687399 -0.00364907 -0.00551608 -0.00762767 -0.00465422 0.00704838 -0.00574523 0.00416802 -0.00516921
160733 0.000502135 0.00580917 -0.00701945 -0.00549808 -0.00747174 -0.00201476 0.00314664 -0.00530042 0.005857 0.00313032 -0.00431225 0.00447213 -0.007798 0.00299267 -0.00476025 0.00123043 0.000721025 -0.00207482 -0.00735373 0.00428631 0.00414152 0.0048665 -0.00365077 0.00118462 -0.00316946 0.00461757 -0.00328641 -0.00584672 -0.00250785 0.00426681 0.00497767 0.000185255 0.00429259 0.00112165 -0.00713786 0.00596649 0.00762119 -0.00140222 0.00268744 -0.00723942 -0.00308881 -0.000625365 0.0049336 0.00165204 0.00354237 0.0041829 -0.007518 -0.00682445 -0.00633302 0.00234484 -0.00379885 0.00498061 -0.00551689 -0.00274455 -0.0035261 0.00161059 0.00387029 0.00765568 -0.00565751 -0.00356167 0.00263841 -0.00619748 -0.00395811 -0.000441197
73819 -0.00453234 0.00775576 0.00410461 -0.00657749 -0.00583887 0.00262022 0.00346899 0.00650167 -0.00747776 0.00506544 0.00324154 0.00405884 0.00406313 -0.00743914 -0.00130987 -0.00745964 -0.00747871 -0.0068779 0.0073061 -0.00564241 0.00117064 -0.00265884 -0.00319529 -0.00622272 -0.00196123 -0.00143814 -0.000506401 -0.00589275 -0.00680447 0.000552177 -0.00348663 0.00601053 0.00768852 -0.00390625 0.00699711 -0.00230598 -0.00283527 0.00584602 -0.0030942 0.00181293 -0.00273848 -0.00660229 -0.00428104 0.00359058 4.81606e-05 -0.00413609 0.00447559 -0.00751781 0.000477791 0.00469923 0.00522327 0.00502062 0.00338125 -0.00142193 -0.000872612 -0.00571108 -0.00753117 0.00676107 -0.00733376 -0.00571108 -0.00438881 -0.00456619 -0.000211716 -0.00723028
305115 -0.00199368 0.00224923 -0.00485933 -0.00359243 -0.0071216 -0.000585499 -0.00492415 -0.00121617 0.001717 0.00339371 0.000731087 0.00714745 0.00718569 0.00609182 0.00585498 -0.00652664 0.00637666 -0.00318062 -0.00226893 0.00661846 0.00544723 0.0056303 -0.00507637 -0.00436075 0.00186476 0.002681 -0.00123175 0.00352988 -0.00102787 0.00739139 0.00444879 0.00302247 0.00250329 0.00352724 0.00640102 -0.00195195 -0.00218314 0.0014894 0.000653601 -0.0063657 -0.00229753 -0.000825315 0.00278916 0.00529862 0.00330566 -0.00454843 0.0043226 0.00322965 0.000817833 -0.00464067 0.00635767 -0.000561626 0.00515824 0.00306381 -0.00308312 -0.00230447 -0.0044241 0.006932 -0.00668434 -0.00310901 0.00138494 -0.00166151 -0.000665526 -0.00650543
260531 -0.00260458 -0.00428475 -0.00169975 -0.0051755 0.00692594 -0.00577696 0.00433933 0.00560036 -0.00551793 -0.00452841 -0.000119243 0.00405382 0.00720347 -0.0061193 0.00657313 0.00571954 0.00662252 -0.00203843 0.00235944 -0.000725654 -0.00565128 0.00239387 0.00711951 0.00751959 0.00685563 -0.00319574 -0.00343872 -0.00452225 -0.00499111 0.00395858 -0.00641867 0.00670753 0.00578073 -0.00553417 0.003722 -0.00550445 -0.00712888 0.00288016 0.00449188 -0.00162177 0.00249076 -0.00541926 0.00281821 -0.0068974 -0.000535786 -0.00388389 -0.00622297 0.00753604 0.00183169 0.00598811 0.00262336 0.0051701 0.00464662 -0.00507797 0.00215093 -0.00711347 0.00775474 -0.000247165 -0.00543625 0.00451888 -0.00363306 -0.00660365 0.00228112 -0.00207199
324315 0.00667526 0.00234852 0.00675021 0.00369031 9.30613e-05 0.000593525 0.00257131 0.00603036 0.0024969 0.00224861 0.00474386 -0.00710723 0.00183804 0.0077734 -0.00130179 0.00745298 -0.00350623 -0.00700573 0.00480419 0.000822356 -0.000131324 -0.000843665 -0.00521397 0.00655541 0.00338667 -0.000104497 0.00286929 -0.00255492 0.000537074 -0.00668378 -0.00140947 -0.00673861 -0.00472492 -0.00523061 0.00412771 -0.00211439 0.00443188 0.00396104 0.00709314 0.00698101 -0.00764514 -0.00341348 -0.00401481 -0.00752324 -0.00187109 -0.00110974 -0.0023977 -0.00451469 0.00274269 -0.00179619 0.00483895 3.09105e-06 -0.00104918 -0.00230057 0.00362933 -8.10304e-05 4.34982e-05 0.000369372 0.00250818 -0.00602027 -0.00398673 -0.00471477 -0.00749505 -0.00601471
316676 0.000355216 -0.00312399 0.00635837 -0.00150483 0.00655081 -0.00677661 -0.000647765 0.00286292 0.00264825 0.00595555 -0.00414983 -0.00398734 -0.00269334 -0.00242883 0.00284795 0.000557944 0.00257046 0.00191303 -0.00439273 0.000898864 -0.000429223 0.000162139 0.00539346 -0.00629939 0.00573723 0.00763774 0.0038559 -0.00225578 -0.00368248 0.00179595 -0.000934875 -0.00630719 0.0035624 0.00697707 0.00462513 -0.00404937 0.000433329 0.00729434 -0.000413511 0.00233855 0.00297403 -0.000899347 0.0055621 0.0061258 0.00112591 -0.00325147 0.001935 -0.00410377 -0.00456261 0.003373 0.000386615 0.000542383 -0.00764234 -0.00430365 -0.00183054 0.000451333 -0.00186464 0.000518886 -0.000950562 -0.00341524 -0.00749153 -0.00453967 -0.00703905 -0.00732545
338169 0.00608265 -0.0059856 0.0051436 -0.00540572 0.00531104 0.00128828 -0.00143813 0.00639287 -0.00470635 -0.00426894 -0.00708505 -0.00506562 0.00643608 -0.000177795 0.00173218 -0.00582935 -0.0030374 0.00559681 0.00635981 -0.00356713 -0.00597023 0.000993648 0.000493489 -0.0071836 0.0040195 0.00781518 -0.00590764 -0.00696413 0.00113244 0.000969626 -0.000520488 -0.000148874 -0.00702927 -0.00575839 -0.00529251 -0.000633619 0.00285006 0.00596648 -0.00430335 0.00695291 -0.000808155 0.00320347 0.000797431 -0.00356739 0.00252476 0.00637933 0.000244282 -0.00098971 -0.00566387 -0.00109513 0.000115781 0.000356561 -0.00201912 -0.00329748 0.0056592 -0.00155051 0.00430119 -0.000496253 0.00675049 0.00493955 0.000987656 -0.007509 0.0034186 -0.00153045
263251 -0.00125391 -0.000458398 0.00506887 -0.00147513 -0.000528316 -0.000596337 -0.00630427 0.00378407 0.00420232 0.000901412 0.00769497 -0.0032759 0.00419557 -0.00442338 0.000212284 0.00594125 0.00636731 -0.00713719 -0.00390186 -0.00712746 0.00777451 0.00591571 -0.00380384 0.00476561 -0.00291384 -0.00410276 0.00664814 0.00275976 -0.00421458 0.00168396 -0.00538348 -0.00407294 -0.00408228 0.00600576 0.00266972 -0.00411466 -0.00482056 0.00283785 0.00227808 0.00371197 0.00117572 0.0027974 0.00489369 -0.00263973 0.0039821 0.0051806 -0.00564663 0.00228748 0.00713269 0.000602482 0.00704159 0.000572004 0.00441101 0.000637367 0.00730325 0.00685312 -0.00256994 0.00483354 0.00726093 0.00345417 -0.00175968 -0.00649332 -7.64855e-05 0.00637372
44855 0.00646544 -0.00334787 -0.0011363 -0.00575161 -0.000620365 0.00121641 0.00363207 0.00551081 -0.00165272 -0.00479746 -0.00278711 -0.000820637 0.00390387 0.00559711 -0.00378561 -0.00166512 0.00285339 0.00717926 -0.00432205 0.0029912 -0.0054512 -0.00480318 0.00107718 0.00678492 0.0065217 0.00649881 0.00450802 0.00777769 -0.00063324 0.00660038 0.00417948 0.00506783 0.00608873 0.00548267 0.00226593 -0.00365543 -0.000429153 0.0070982 0.00212336 -0.000658512 0.00525331 -0.00086832 0.00241709 0.0029459 -0.00045681 -0.00576067 -0.00645542 -0.00408697 0.0016799 0.00119734 0.000777245 -0.00542498 -0.00667429 -0.000326633 0.0076189 -0.00126028 -0.00452232 0.000177383 0.00694752 0.000296116 -0.000528336 -0.00270748 -0.00220251 0.00497007
248561 0.00366056 0.00706473 0.0035246 0.00422442 -0.00752343 -0.00307188 0.00689029 -0.00149201 0.00169387 0.00765991 0.00465823 -0.00696667 -0.00417867 -0.00463098 -0.00493966 0.0043099 -0.00268218 0.00590068 -0.0040273 0.000655304 -0.00563908 0.00406547 -7.89506e-05 -0.000389232 -0.000448378 0.00409232 0.00536571 -0.00359221 -0.00758074 -0.0045789 -0.00786069 -0.00429369 -0.00660676 -0.00473926 0.00631439 0.0039894 -0.000557874 0.00547452 0.00187804 -0.00760461 9.64201e-05 0.00163553 0.00123746 0.00010346 0.00665419 -0.00221894 -0.000672024 -0.00687264 0.000957307 0.00111662 -9.15401e-05 -0.000927567 0.000368383 -0.00610977 0.00320828 0.00240126 -0.00720242 -0.00702931 0.00367185 -0.00445865 -0.00310707 -0.00471017 0.00429719 0.00518423
336907 0.00295345 -0.00179056 -0.00349554 -0.00342101 0.00463635 0.000170182 0.00651385 -0.00668664 -0.00120113 -0.00341068 0.00275617 0.0075288 -0.00674104 0.00125338 -0.00548402 0.00208006 -0.00674583 0.00126666 -0.00339714 -0.00126583 -0.00763238 -0.00279676 0.00117724 0.0072875 -0.00211384 0.00759917 0.00348532 -0.0036079 -0.00583253 0.00220132 -0.0063216 0.00662461 -0.00176017 0.00103368 0.00411604 -0.00160142 0.0013108 0.00727081 -1.49182e-05 0.00525195 -0.00234575 -0.00403786 0.00149478 -0.00159575 0.00366724 0.00126783 0.00554088 -0.000333132 0.00407136 -0.00695118 -0.000285161 0.00762525 0.00708733 0.00650646 -0.00140803 0.00655504 0.00743474 -0.0017265 0.00367628 -0.00268389 0.00586283 0.00186784 0.00356275 -0.00454521
210251 -0.00571475 0.00748996 -0.00542047 -0.00615466 0.00767285 0.00114656 -0.00314652 -0.00734765 -0.00206716 0.00651398 0.0032298 0.00204963 0.00200279 0.00447464 -4.27645e-05 -0.00665495 0.00161164 -0.00231072 0.00409857 0.00244196 -0.00276791 -0.00576122 0.00536385 -0.000658312 0.000108832 -0.00305093 0.000950047 -0.00394132 0.000614374 0.00642125 0.0041825 0.00632892 0.00632479 -0.00591188 -0.00710115 -0.00159874 0.00418226 -0.000852694 0.00299249 0.00524021 0.00228107 0.00704489 -0.00451545 0.000314941 -0.00759653 -0.00224454 -0.00194643 -0.00240779 0.00282171 -0.00693759 0.00310862 0.00571908 0.00240716 0.00640318 0.00600688 -0.00744631 0.00257189 0.00774152 0.00480787 0.00574303 0.00293041 -0.00733179 0.00290098 0.00254823
338367 0.00577497 0.00240755 0.00646639 -0.00454473 -0.003685 -0.00211859 -0.0034647 0.00680542 -0.000730991 -0.00434542 -0.00541019 0.00582218 0.0042696 -0.00549221 -0.0064187 0.00318766 -0.00557852 0.00729942 0.00236654 -0.00676727 -0.00593662 0.00668669 0.00544643 -8.01086e-05 -0.00349092 0.00680447 0.00751352 0.00757122 -0.000209808 -0.00474358 -0.0036993 0.00239801 -0.00438547 8.2016e-05 -0.00682926 -0.000644684 -0.00105906 0.00606108 -0.00630999 -0.000859261 -0.00535583 0.00502062 -0.00113392 -0.000150681 -0.00196695 0.00387335 0.00180531 -0.00751209 -0.00367308 -0.00619173 0.00546169 0.00235271 -0.000895023 0.00123835 -0.00126505 -0.00389862 -0.00392532 0.00517273 -0.00216007 -0.00221872 0.00331402 -0.00213242 0.00207853 -0.000743866
282228 -0.00342791 0.00456681 0.0022952 -0.00737937 0.0048141 -0.00382162 -0.000474808 0.00729361 -0.0044602 -0.00688255 0.00410957 -0.00583588 0.00597679 -0.00069444 -0.00381033 0.00212356 -0.00164146 0.00316183 -0.00231864 0.00767639 0.00726683 0.00743327 0.00174159 -0.00590514 0.00136934 0.00157276 -0.00599619 0.00344172 0.00347339 -0.00477439 -0.00361539 -0.00556286 -0.0015026 0.00608013 0.00217881 0.00438214 0.00033901 -0.000785686 -0.00546574 0.00105133 -0.00517858 -0.000686647 0.00393549 -0.000304779 0.00683534 -0.00300416 0.0028234 -0.00222714 0.00765174 -0.00428335 -0.00598661 -0.00136468 0.00157448 0.00677526 0.00472808 -0.00134432 -0.00191339 -0.00196977 -0.00411405 0.00462735 -0.00063372 -0.00671528 -0.0073796 -0.00358522
338461 -0.0053739 -0.00286168 0.0063668 0.000370454 -0.00321347 -0.00585092 -0.0065709 0.00459993 0.00254526 0.00401413 0.00477922 -0.00387272 0.00474387 -0.00731144 0.00565696 -0.000473796 0.00106686 -0.00247662 0.005374 -0.00400194 0.00635203 -0.00770589 0.00282635 0.00593433 0.00509123 0.000125874 0.00152708 -0.00402137 -0.000344017 -0.00649918 -0.00714676 0.00572297 -0.00702772 0.00645962 -0.00643592 -0.00675084 -0.00079102 0.00360061 0.00379332 0.00210214 -0.00102265 0.00675706 -0.0048399 -0.00621941 -0.00301019 -0.00611352 -0.00520724 0.00332451 0.00470658 0.00703699 -0.00470835 0.00365982 0.00694894 -0.000678736 -0.00284513 0.00452855 -0.0047508 0.00127947 0.0054782 0.00328101 0.00629487 -0.00675852 0.00560694 -0.00191039
331549 0.00528259 0.00199584 0.00397013 -0.00554223 0.00616896 -0.00251631 0.004154 0.00134201 -0.00281737 -0.00534125 -0.00750303 0.00226279 0.00637149 0.00307482 -0.0037548 -0.00287995 -0.00190205 -0.00521141 0.00113706 -0.0053831 -0.00017027 -0.00355795 -0.00635278 0.00492339 0.00602965 -0.00190441 0.000995263 0.00477125 -0.000261462 0.000684266 -0.00307697 0.00473644 -0.00400227 0.00359964 -0.00412229 0.000140078 -0.00559484 0.00537647 -0.00327478 0.00105795 -0.00405638 0.00539417 -0.00389795 -0.000138832 0.00178029 0.00319527 -0.00503654 0.0070952 -0.00533756 -0.00291183 -0.00324341 0.00308401 0.00450351 -0.0053555 0.0039746 -0.00514068 -0.00231918 0.00655355 -0.00663263 -0.00609254 0.000611238 0.00451874 0.00151421 0.000182103
333062 -0.0050997 0.00201163 0.00418427 0.00532737 -0.00320658 0.00426044 0.0026287 -0.00767274 -0.00447353 0.00170426 0.00277744 -0.00467051 -0.00675516 0.0037417 -0.00336102 0.00445296 -0.0073692 0.00699406 -0.000661999 0.000838356 0.00427291 0.000467405 -0.00190475 -0.000344303 -0.00519332 -0.00107561 0.002052 -0.00517637 0.00773863 0.00423272 -0.003611 -0.00108177 0.000972104 -0.00774387 -0.00167275 0.00499098 -0.00720491 -0.00105631 0.00335827 0.00437102 -0.00238405 -0.00329174 0.00677061 -0.00305072 -0.000506457 -0.00544374 -0.00300831 -0.00109954 -0.00744092 0.00527556 -0.00649548 0.0057089 0.00646694 0.000489646 -0.00151188 0.00572432 0.00766917 -0.00222307 -0.00336733 7.81297e-05 -0.00225044 -0.00485522 -0.00443445 0.00609202
231527 -0.000188351 0.00345182 -0.00755787 -0.00678396 0.00258827 0.00470781 -0.000434399 -0.00406408 0.00557232 0.00695038 0.000298023 -0.00315094 0.00210333 0.00763893 -0.00316572 0.00749826 -0.00419378 0.00741434 0.00724554 0.00412273 -0.00291348 -0.00755644 0.00129128 0.00635815 0.00116444 -0.00196838 0.00697756 0.00161409 0.00379562 -0.000892162 0.00260496 0.00369501 -0.00635147 0.00600195 -0.00187778 -0.00481749 -0.00688744 0.00174522 -0.0013566 -0.00472546 -0.00724888 0.00555849 0.00395584 0.00259018 0.0074296 -0.00748396 0.0024929 0.00777531 0.00558138 0.000916481 0.00422716 -0.00271702 0.00213861 0.00110245 -0.00716305 0.00253582 0.00409603 -0.00210905 -0.00215864 0.00647879 0.00548124 0.00284672 -0.00480556 -0.003901
195872 0.00210443 0.00475522 -0.00672023 0.0041176 0.00308414 -0.00318937 -0.00302771 0.00691176 -0.00341024 0.00030812 0.00484929 0.00542423 -0.000102443 0.00368329 -0.00565636 0.000178107 -0.00485893 -0.00757531 -0.00775738 0.00178271 -0.00530369 -0.000134804 -0.00416721 0.00239373 -4.54267e-05 -0.000977848 -0.00581295 0.00561279 0.00750961 0.00396316 0.00321988 -0.0047084 -0.00129246 -0.0073209 0.00025932 -0.00262736 0.00218818 -0.00753935 -0.00281348 -0.0042322 -0.00663599 0.00223335 0.00319039 -0.00413707 0.00413182 -0.0021526 0.00518199 -0.00752475 0.00189439 0.00774608 -0.00716986 0.00224566 0.0038508 0.00445978 0.00728963 0.00567983 0.00482765 0.00636613 0.00278302 0.00533642 -0.00762679 -0.00426242 -0.000137481 0.00485935
293684 0.00663602 -0.00327672 0.00783332 -0.00167725 0.000888116 0.00205101 0.00560354 -0.00329743 0.00791992 -0.00520273 -0.00301326 -0.0044057 0.00770468 0.00480296 -0.00525171 -0.000209269 0.0017659 -0.00223426 -0.00713159 -0.00113922 0.00576313 -0.00481511 -0.00199627 0.00393862 0.00513868 -0.00266204 -0.00299188 -0.00444753 -0.000969549 -0.00180133 -0.00578774 0.00472002 0.00194149 0.00141397 0.00188108 -0.000856521 0.00310284 0.00405736 0.00517344 0.00474342 0.0036016 -0.00411398 -0.00309357 -0.00572807 0.00686862 0.00379053 0.0066166 -0.00240929 0.00414892 -0.00489808 -0.00628932 0.00626043 0.000825731 -0.00530243 0.00720027 -0.00375939 0.00429795 -0.000758527 -0.0058577 -0.00293921 -0.00277543 -0.00400426 0.00156444 -0.00282964
11801 -0.00466754 -0.00649191 -0.00211236 0.00632553 0.00663468 0.00281862 -0.0033127 0.00701897 -0.007084 -0.00430037 -0.00376314 -0.00314122 0.00781634 0.000153858 -0.00438738 0.000139437 0.00334052 0.00434849 -0.0074277 -0.00735992 -0.000135989 0.00577402 0.000600702 0.00401669 0.00740246 -0.00360776 -0.00587443 -0.0011495 -0.00221412 0.000292935 -0.00533008 -0.00734434 -0.00321562 -0.00430216 -0.007699 -0.00434563 0.00260785 -0.00058743 0.00561587 -0.00248548 0.00447918 0.00350692 0.000858657 0.00783118 -0.0059326 -0.00430602 0.000585978 -0.00245984 -0.0037298 0.0024544 0.00198382 0.00272859 0.00570066 -0.00461473 -0.00296336 -0.00558804 0.00494481 0.00731512 -0.00648202 0.00526281 0.00431856 0.00268373 -0.000282016 -0.00773763
338802 0.00446319 0.00141836 -0.0041765 0.00387836 0.00736436 0.00486531 -0.00365774 -0.00631848 0.00657805 0.000586197 -0.00108157 -0.000289456 0.0060295 0.00248096 0.00249522 0.00297604 -0.0045281 0.000944896 -0.00154151 0.00383323 0.00111685 0.00427218 0.00420614 0.00330823 0.0049825 0.00734863 0.00315523 0.00417865 -0.000400415 0.00531 0.000401682 0.00568449 0.000178159 -0.00665923 -2.29495e-05 0.00574761 -0.000483123 -0.00397714 0.00484653 0.00415189 9.54156e-06 0.00313591 0.00712365 0.00737807 -0.00118041 -0.00222272 0.00426765 0.00559007 0.000817207 -0.000942333 0.00512835 -0.00709431 0.00752239 0.00635093 0.00474485 -0.00306721 0.00105734 0.00647377 -0.000891266 -0.00108459 0.00570127 0.00683226 0.00202468 0.00171764
31471 0.000217915 0.00332451 -0.00514269 0.00587606 -0.00183773 0.00630188 0.00707912 -0.00160837 0.00250959 -0.000842571 -0.00674772 0.00228262 5.24521e-05 0.000977039 -0.00246859 0.00212049 -0.00313044 -0.000302792 -0.00602007 -0.00146723 -0.00519514 0.00231886 0.00158072 -0.00537968 0.00416756 0.0023284 0.00280476 0.00773668 -0.00744152 0.000554562 -0.000763893 0.00457287 0.00566673 0.00475454 -0.00131512 -0.00655699 0.000556946 0.00353432 0.00165606 -0.000164509 0.00229073 -0.00385237 0.000365257 0.00287676 -0.000590324 -0.00434732 -0.00433397 -0.00373125 0.00162077 -0.00678015 -0.00180006 0.00135231 0.00333118 0.00419521 0.00351429 -0.00726843 -0.00486946 -0.00378323 0.00120926 0.00160646 0.00124121 0.00748062 -0.00776815 -0.00212097
281398 0.00401219 0.00534994 -0.00362623 0.00361084 -0.00242094 -0.00271189 0.00731004 -0.00751499 0.00456975 0.00477401 0.00681556 -0.00450871 -0.00407596 -0.00760435 0.00143609 -0.000745418 0.00284146 0.00488876 0.00107614 -0.00258573 0.00533368 0.00393809 -0.00681437 -0.00560552 0.00336389 -0.00731861 -0.00504537 -0.00218458 0.00427721 -0.00307834 0.00206334 0.00445369 -0.00115006 0.00120155 0.00112906 -0.00668005 0.00475356 -0.00685476 0.00267002 -0.00118379 7.29273e-05 0.00771518 0.00398995 -0.00304008 -0.00229163 -0.00225857 0.00772182 -0.00158862 0.00603296 0.000804739 -9.49325e-05 -0.0021363 -0.00257947 0.00458474 0.00573989 -0.00537509 -0.00291656 -0.00033715 -0.00238171 -0.00217407 -0.00134848 -0.00380807 -0.0067099 0.00733432
234546 -0.0029173 0.00614384 -0.00670918 -0.00350437 0.000393858 0.00718993 0.000168442 0.00191817 -0.00258629 0.006963 -0.00317258 -0.00723239 0.00694289 -0.00259326 -0.00347104 0.00383289 0.00111161 -0.00272639 0.00364006 -0.00219199 0.00219113 0.004985 0.00305822 -0.0046143 -0.00714047 -0.0025519 0.00509564 0.00213916 0.00701962 -0.0027379 -0.00295987 -0.00279221 0.00458282 -0.00724686 -0.00334466 0.000687205 0.00295392 0.0054505 0.00635606 -0.00783586 0.0052559 0.0078202 0.00248926 -0.000764341 0.00334601 0.00527869 0.00268735 0.00211339 -0.00255754 -0.000916517 0.00556049 0.00702292 0.00255237 -0.000393451 0.000139564 0.00699019 -0.00646385 0.000389775 -0.00538661 -0.00424963 -0.00247546 0.00302849 0.00486412 0.00277452
300093 -9.42869e-05 -0.00320091 0.00225568 0.00719713 -0.00646448 -0.00528725 -0.00331143 -0.00130528 0.00426834 0.00303594 0.00580067 0.000130476 0.00750345 -0.00209522 0.00391563 0.00214974 0.00338257 -0.00240689 -0.00623015 0.00478535 -0.00626532 -0.00615327 0.000909158 -0.00153655 0.00293368 -0.0039057 0.00424885 -0.00605105 -0.00380674 -0.00395866 -0.00370434 -0.00126538 -0.00716815 -0.00281695 -0.00192296 0.00264437 -0.00608156 -0.00498971 0.00298311 -0.00531087 0.00658717 0.00532011 0.00380352 -0.00420651 0.00235988 -0.00443574 -0.00173781 0.00503242 -0.00104708 0.0040458 0.00250957 -0.000566287 -0.007134 0.0047652 -0.000723101 -0.00505206 -0.0050135 0.00592557 0.00618164 -0.00421682 0.00580994 0.00273288 0.00356291 -0.00361003
339072 -0.004844 0.00643275 0.00123035 0.0035359 0.00368089 0.00499622 -0.00206163 -0.00737183 -0.00504319 -0.00122238 0.00709039 0.000698259 -0.00418305 -0.00201997 0.00533698 0.00343482 -0.00355996 0.00161857 0.000476942 9.02781e-06 -0.00317229 -0.00212384 -0.00534959 -0.00356586 -0.00770416 -0.00737225 0.00192553 0.000204465 0.00768265 -0.00305104 0.0020974 0.000319189 0.0040344 -0.00604859 -0.00527054 -0.00492218 0.000331718 0.00382165 0.0077428 -0.00340271 0.000440781 0.00233162 -0.00767639 -0.00249145 0.00453938 0.000852546 0.00341059 -0.00281718 -0.00577051 -0.00740989 0.00156192 -0.00110503 -0.00447609 -0.00324299 0.00742384 -0.00492783 0.00323684 -5.17762e-06 0.00642831 0.00555533 0.00758875 -0.00450581 0.0040142 0.00624767
237125 0.00306401 -0.00521794 0.00660639 -0.00723387 0.00205565 -0.00309205 -0.000243376 0.00228481 -0.00699784 0.00703631 -0.00336933 1.41026e-05 -0.00727482 -0.00489489 0.00662457 -0.0062578 0.00735469 -0.00162626 0.000354151 0.00415331 0.00428444 0.00514496 0.000642013 0.00557495 0.0064718 -0.00220538 0.000579707 -0.00596014 0.0056026 -0.0051906 -0.00481735 0.00195366 -0.00743245 0.0008368 -0.000536501 -0.00356148 0.00512496 0.00176126 -0.00486755 -0.00295299 0.00663298 0.00765674 0.00734517 0.00593837 -0.00407967 -0.00127229 0.00399341 0.00761857 0.00590444 -0.0033066 0.00564499 0.00706155 0.00020669 0.00669937 0.00559095 0.00363879 -0.00253533 0.00560193 -0.00601202 -0.00577416 -0.00506179 0.00308897 -0.00172652 -0.00240752
73326 0.00580428 0.00713501 -0.00371856 0.00514872 -0.000541774 -0.000309471 0.00388407 0.006856 -0.00129473 0.00212157 -0.00591698 -0.00320663 -0.00339272 -0.0060981 0.00509313 -0.00166864 -0.00758642 3.39622e-05 0.0075635 -0.00106844 0.00135665 -0.00369123 -0.00391576 0.00322999 0.00469179 -0.000275738 -0.00592341 0.0029752 -0.00591599 -0.00747271 -0.00562482 -0.00450647 -0.00112695 -0.0031091 0.00153904 0.0022123 -0.000400877 -0.000863744 -0.00453125 0.0024224 0.00605515 0.00735535 0.00190143 0.000157098 0.00184117 0.00565254 -0.00596873 -0.00501965 0.00232024 -0.00693797 -0.00552938 0.00147539 0.00354083 -0.00445098 -0.00157042 -0.00559539 -0.00459537 0.00655428 0.00569101 0.00103441 -0.00103376 -0.00648012 0.00148843 0.00494699
339209 -0.00736055 0.00301822 0.0023034 0.00114279 -0.00155065 0.00363139 0.00556909 -0.00680599 0.00473272 -0.00302852 -0.00428977 -0.00330109 -0.00288242 0.00724481 0.00649737 0.00300467 -0.00610318 -0.00479807 -0.00179274 0.00502861 -0.00333012 0.00624828 -0.00294504 0.00559058 0.000891613 -0.00621134 0.000235494 -0.000120052 1.79317e-05 0.000878757 -0.00440623 -0.00379658 -0.00697445 0.000160797 -0.0018636 -0.000141034 -0.00198326 -0.00256581 -0.000696403 -0.00407797 0.00286974 -0.00508571 -0.000228129 -0.00223936 -0.00725921 -0.000774338 0.00605616 0.00402159 0.00605867 -0.00195043 0.00234443 -0.000991201 -0.0052562 -0.00544701 -0.00200155 -0.00488711 0.00715659 -0.00545709 -0.00683098 -0.00499776 -0.00397947 0.00484654 0.00546476 -0.00685058
18276 -0.00757275 -0.00343395 0.00255682 -0.0047483 -0.00590727 0.00662271 0.00724247 0.00342727 -0.00462572 -0.00291451 0.00527121 -0.00158359 -0.00732414 -0.0070277 -0.00743417 0.00210065 -0.000147747 -0.00362102 0.00245546 0.00418515 0.00658997 8.64179e-05 -0.0034651 0.00582905 0.00152828 -0.00109702 -0.00230726 -0.00322367 -0.00398869 0.00678814 0.00228115 -0.00373325 -0.000352267 0.00507107 -0.00568708 0.000216416 0.00721242 0.00661531 0.00530339 -0.000134494 -0.00638924 0.00294321 0.000689178 -0.00690499 -0.00597943 -0.00406201 0.00289998 -0.00672072 0.00106119 0.00414024 -0.00691599 -0.00680697 0.00215511 -0.00427276 -0.00647159 -0.00513587 0.00390595 0.000222995 -0.00671453 -0.00030299 0.00167416 0.0043833 -0.00567198 -0.00292251
43456 -0.005235 -0.00600854 -0.00208448 -0.0051253 0.00486626 -0.00108979 0.00344768 -0.00713279 -0.00504305 -9.47843e-05 0.00360441 0.00765239 0.00409278 -0.00499465 0.000239365 -0.00318178 0.00514688 0.00755647 -0.00405115 0.00139996 -0.00696176 -0.00291762 -0.0051192 0.0042885 0.0047373 -0.00471898 0.00406902 -0.00241371 -0.00634029 0.00584413 -0.00555416 -0.00489128 0.00450137 -0.00132637 0.00281164 0.00667765 -0.00520496 -0.00266648 0.00444839 -0.00289291 -0.0019508 -0.0059442 -0.002763 0.00417147 0.00730497 0.00457695 0.00138607 0.00750133 -0.00566668 -0.0038044 0.00102406 0.000521861 -0.00103047 -0.000794348 -0.00296019 0.00611119 -0.00433884 -0.000211928 0.004329 -0.000252027 -0.0077241 -0.000379279 0.00651722 -0.00334064
212963 -0.0034017 -0.00593669 -0.00286813 -0.000894323 -0.00578555 -0.00584331 -0.00266984 0.00360519 0.00333227 -0.00495536 -0.00550438 0.00694078 -0.00186997 0.0028593 -0.00398643 -0.0031512 -0.00209453 -0.00566914 -0.00605744 -0.00606235 0.00350202 -0.00677651 0.00071085 -0.00588535 0.00117706 0.00168066 -0.00193545 -0.00103633 -0.00349218 0.000514893 0.00728665 0.000544518 0.00122155 0.00652203 -0.00274215 -0.00137661 -0.00149415 -0.00543781 -0.00509639 -0.0054335 -0.00304935 0.000585709 0.00510565 -0.00646091 -0.00453683 -0.00500997 -0.0045264 0.00553877 0.000809453 -0.00177503 0.00582983 -0.000819102 -0.00190412 -0.0029973 -0.00267781 0.00192772 0.000321887 -0.00751169 0.00130958 0.00328464 -0.00118723 0.00437443 -0.00497638 -0.00390297
225884 0.0040402 0.00261239 0.00179109 -0.000745769 -0.0034387 -0.00174613 -0.0018954 0.00682782 -0.00220489 -0.00401796 0.00549806 0.00302968 -0.00355338 -0.00261115 0.000555926 0.00385376 0.00448931 0.0077086 0.00236733 0.00268324 -1.4978e-05 -0.00724134 -0.00126087 0.00721566 0.00493468 -0.00178027 -0.0028139 0.00455501 0.000929383 0.00186084 0.00438172 -0.00355635 0.00648839 0.000140314 0.00622029 -0.00485862 0.0019761 0.00101256 -0.00061903 0.00617021 -0.0052451 0.0009141 0.000788827 -0.00456833 0.00709888 0.00694999 0.002275 0.00054692 -0.00327266 -0.00514586 -0.00527367 0.00557998 0.0037566 0.00484842 0.0069486 -0.00478096 -0.00322367 0.0014928 -0.00275242 -0.0053761 -0.00203847 -0.00503466 -0.00183856 0.00599725
154172 -0.00211722 0.0031066 0.00450183 -0.00520924 0.00649978 -0.00655124 -0.00611779 -0.0025873 -0.00597938 0.00768388 -0.00625478 -0.00666471 -0.00347814 -0.000366587 -0.00363598 -0.00388964 -0.00285568 -0.00246933 0.0057206 -0.0065511 -0.00129217 0.00694458 -0.00245841 0.00513875 0.0063419 0.00386169 -0.00420763 -0.0044687 -0.00539245 -0.0031286 0.00579464 0.00604947 -0.00156981 0.0049707 0.00327315 0.00695047 -0.00419186 -0.00566967 0.000368799 0.0076662 0.00323519 -0.00380764 9.04587e-05 0.00340741 0.00499145 -0.00538733 -1.34402e-05 -0.00172764 -0.00336143 -0.00544272 -0.00564554 -0.00232092 -0.00223073 -0.000827968 -0.00104738 0.00582086 0.00291126 -0.00516433 -0.00102166 -0.00226907 0.00485965 0.001152 0.000270155 -0.000413209
194151 -0.000383035 0.00147664 0.00680966 -0.00739938 -0.00422342 0.00131264 -0.00569977 -0.00630029 0.000265998 -0.00336031 0.00221856 0.00010398 0.00428399 0.00632161 0.00422667 0.00652281 0.00247885 -0.00063258 -0.00526513 0.00274423 -0.00715934 -0.00695936 -0.00237137 0.00427645 0.00402467 -0.0014672 -0.00413879 0.00695452 0.00500544 -0.00357575 0.00665517 -0.0021179 -0.0061783 -0.0075896 0.00130225 0.00611098 -0.0051961 -0.0073919 0.00453222 -0.00246993 -0.00438403 -0.00420955 -0.00466174 0.0044936 0.00650653 -0.00197072 0.0057147 -0.00361941 -0.00755345 -0.00235166 0.00764653 -0.0077239 0.000197319 -0.00439791 0.00132722 -0.000523568 -0.00243461 -0.004437 0.0039937 -0.00295995 -0.00384058 -0.00134391 -0.00706418 0.00343131
247085 0.00651092 -0.00370744 0.00182452 0.00756573 0.00620886 0.0042094 0.00200298 0.0060918 0.00131883 -0.000584597 0.00372231 0.00582087 0.00194118 0.00671918 0.0062573 -0.00234854 -0.00752546 -0.00590983 -0.00011433 -0.00344203 -0.0012115 -0.00607432 0.00733046 -0.00249749 0.00407394 0.00127561 0.00730177 0.0039276 0.00455458 0.00342382 -0.00505377 -0.00494391 0.00182422 0.00395722 0.00526426 0.00350376 0.00560574 0.00545147 -0.00514982 -0.00199846 -0.000505593 0.00113239 0.00218347 -0.00706005 0.00569644 0.00250397 -0.00242975 0.000526134 -0.00103454 -0.00316268 -0.00145345 -0.00166769 -0.00769471 0.00194547 0.00290445 -0.00363692 -0.00131229 0.00311567 0.00283516 0.000564732 0.00292623 0.00212489 0.00703952 0.005609
151662 -0.00728124 -0.00622749 0.0063359 -0.000238314 -0.00626384 -0.00764233 -0.00424591 0.0060704 0.00528585 -0.00195345 -0.00552787 0.00124769 -0.00449358 -0.00229191 -0.00789198 0.00258426 -0.00612239 0.00168301 -0.00347207 -0.0043244 -0.00603515 -0.00199095 -0.00397116 0.00122855 0.00489727 0.00770467 0.000767776 0.00613263 0.0049498 -0.00268699 -0.0025867 -0.00273835 -0.00753189 -0.00483567 -0.00334622 0.00234146 -0.00409874 0.0037548 -0.00643158 -0.00787691 0.00352625 0.00593529 -0.00282627 0.00235563 0.00440416 0.00105498 -0.00717003 -0.00723492 0.00791407 -0.00752065 0.0013196 0.00132269 -0.00561851 0.00253909 0.000473644 -0.00654977 0.000697807 -0.0064615 -0.00660844 -0.00720459 0.00158608 0.00281878 0.00308 0.00182276
111574 0.00253104 -0.00750495 -0.00200656 -0.000121302 0.000322327 -0.00499157 -0.00607036 0.00394724 -0.0030008 -0.00220339 -0.00592201 5.11037e-05 -0.00190872 -0.000130867 0.00654338 -0.000644733 -0.00586129 0.00304242 -0.000461648 -0.00272868 -0.00513435 0.00115855 0.00327987 -0.00750878 -0.00309955 0.0056381 0.0018536 -0.00582256 -0.00566109 -0.00326108 0.00205107 -0.00364743 0.00613797 0.00757548 -0.00385682 -0.00200207 0.00354054 -0.00292238 -0.000748779 0.00206379 0.004153 -0.00399572 -0.00381929 -0.0042171 -0.00348617 -0.0052804 0.000664345 -0.00554243 0.00284965 -0.00704399 -0.0044421 -0.00536892 0.00332796 0.00520783 -0.00158724 -0.00476801 0.00586674 -0.00235787 -0.00261794 -0.00250348 0.00757214 -0.000135497 -0.00387711 -0.00435467
156521 -0.00649521 -0.00092508 -0.00690407 -0.000658016 -0.00312986 0.00233042 -0.00797384 0.00251262 -0.000328442 -0.00412726 -0.00137042 0.00775789 -0.000175198 -0.00502973 -0.00750871 0.00541931 0.00473883 0.00273022 0.00102633 0.00646394 -0.00574958 0.00720908 -0.00133481 0.00356721 -0.0054511 0.00598977 -0.00297161 0.00395422 -0.000593613 -0.00369449 0.00511266 -0.0076802 -0.00263649 -0.00381559 0.000907778 -0.00668431 -0.00404201 0.0025934 0.0022358 -0.00430284 0.00545206 -0.00411862 0.00714004 0.00614605 -0.000553085 -0.00766041 0.00715619 0.00316354 0.00652792 -0.00126853 -2.17052e-06 -0.00465013 -0.0068017 -0.00583851 -0.00667244 -0.0017666 -0.00680514 0.00689569 -0.00228099 -0.000547667 -0.00281668 -0.000629138 -0.00580053 -0.000889378
254437 -0.00539549 -0.00378353 0.000555159 -0.00259416 -0.00561392 -0.0033278 -0.00754378 -0.0032371 -0.00147034 -0.00234663 -0.0035948 0.00710666 -0.00171714 0.00350911 -0.00514289 -0.00126912 -0.00240434 -0.00268166 -1.55103e-05 0.00480592 -0.00686944 -0.00355628 0.0061672 -0.00422732 0.00360957 -0.00341854 -0.00361104 0.000231416 -0.00719094 -0.000676858 -0.00557395 -0.00739026 0.00656128 0.00291454 0.000146763 -0.000677984 -0.00448997 -0.00136155 0.00113104 -0.00489003 0.00395294 0.00705415 -0.000976162 -0.00355129 0.00714113 -0.00503667 0.00614948 -0.00637853 0.00267908 0.00261842 -0.00587811 -0.00302734 0.00758728 -0.00719825 0.00539091 0.00701289 -0.0036593 0.00529824 0.000454234 0.0065711 0.00155537 0.000546826 -0.00349273 0.000264135
259415 -0.00410871 0.00571914 0.00625887 0.000812037 -0.0042204 -0.000435927 0.00466678 0.0046738 0.00155941 0.00112849 -0.000561556 0.00493823 -9.50709e-05 0.0064262 0.00272724 -0.00294114 -0.000749961 0.00660401 0.00243538 -0.00232112 4.3255e-05 0.00446313 -0.00508997 0.00125688 0.00694752 0.00442675 0.00146695 0.00258849 0.00207874 0.000780333 -0.00374611 -0.00312539 0.00356273 -0.00112492 0.00683028 0.0037457 0.00127095 0.00349515 0.00310982 -0.00118788 0.00393487 0.0078184 -0.00505654 0.000904244 0.00600269 -0.00455192 -0.00099332 -0.00560702 -0.00139298 0.00471209 -0.00335594 0.000208372 0.00394059 0.00128347 0.000122939 0.00315778 -0.00616814 7.00378e-05 0.00298284 0.00324065 -0.0027108 -0.00513882 -0.00519157 -0.00577097
106866 -0.00538015 -0.00511265 0.00326681 -0.00652885 -0.00409412 -0.0065589 0.000293255 0.00560665 -0.00635052 -0.00427485 -0.00390339 -0.000978947 0.00216198 -0.00692177 -0.00143099 -0.00604677 -0.00269747 -0.00414133 -0.00773573 -0.00223255 0.000378132 -0.00422859 0.0045805 -0.00276947 -0.00486088 0.00164509 0.00675011 0.00739861 -0.000344753 0.00365019 -0.00123596 -0.00306082 -0.00234222 -0.00563145 -0.00547361 0.00189924 0.00424719 -0.00454998 0.00637674 -0.0022583 0.00181484 -0.000482559 -0.00472736 -0.00208378 0.00544453 -0.00518847 -0.00485849 -0.00433874 -0.00635433 -0.00214529 0.00269985 -0.00145483 -0.00506163 -0.00399923 -0.00250244 0.00683022 0.00362635 0.00641012 -0.00401735 -0.00233793 -0.000325203 -0.00295019 0.00434208 0.000535965
304926 -0.0037468 0.00117215 -0.00715655 -0.00213112 -0.00234604 -0.000265453 0.00499492 0.00221668 -0.00155172 -0.00521826 -0.00188935 -0.00419798 -0.00458748 0.00726048 0.00319734 0.0068552 0.002881 0.000761379 0.00734471 -0.00531131 0.0026997 0.00569086 0.00453681 6.15212e-05 -0.0020842 -0.000609913 -0.00146473 0.0030544 -0.00281309 0.00303386 -0.00257417 -0.00739476 0.00567653 0.00741597 0.00733736 -0.00307608 0.00336983 0.007805 0.00195586 0.00628801 0.0019049 0.00710944 -0.00786353 0.0054701 0.00733435 0.00179612 -0.0038294 -0.00487258 -0.00491177 -0.0019533 -0.000300235 -0.00675935 0.000865507 -0.00737255 -0.00566669 -0.000736641 0.00467354 0.000397428 -0.00706376 0.00553248 0.000879836 -0.00174755 0.00120557 -0.000860692
268955 -0.00236859 0.00767631 -0.000902119 -0.00219843 -0.00423552 0.000768203 0.00628604 0.00488129 0.000721084 0.00337318 -0.00612614 -0.0069562 -0.0071504 0.00720521 -0.00105957 -0.00174421 0.00366074 0.00224134 0.000502058 0.00118215 0.00776962 -0.00120553 0.00311743 0.00255458 0.00567197 0.00109312 0.00252254 0.00172151 -0.00187418 0.00173044 -0.00376947 0.00704614 0.0056069 0.00126237 0.00341889 -0.000367976 0.00517516 0.00308638 0.00388074 -0.000175998 0.000454869 0.000612569 0.00144866 0.00194298 0.00568347 0.00178762 -0.00420192 -0.00157894 0.0020102 -0.00202034 -0.00149189 -0.00673365 0.0031782 -0.00111416 -0.00502483 0.000417769 -0.000785991 -0.0030392 0.000267643 0.00374368 0.000640914 -0.00279981 0.000761854 -0.00596074
136958 0.0040888 0.00513291 0.00758982 0.000252595 -0.00693605 0.00237612 -0.00113079 0.000735259 -0.00721396 0.00347818 -0.00477576 -0.0031279 0.000217284 0.00565355 0.00681989 0.00114572 -0.00485233 0.00471558 -0.0058146 0.00681439 -0.0070363 -0.00534525 0.00108589 0.00544324 0.00118063 0.00223543 0.00494235 0.00748112 -0.00149354 -0.00518151 0.00637007 -0.00683155 -0.0012592 -0.00610352 -0.0044776 -0.00242291 -0.00713284 -0.00124511 0.00290166 -0.00717048 0.00184299 0.00481045 -0.000200028 0.005057 0.00226606 0.00359328 -0.00446893 0.00338557 0.00605397 -0.00179554 0.00216252 -3.01572e-05 0.00671544 -0.000854732 -0.00387511 0.0071622 -0.00262499 0.00351001 0.00038903 -0.00736957 0.0065678 0.000755779 -0.00517355 -0.00324529
339551 -0.00237465 0.00745487 -0.00393629 0.00438166 0.000244617 0.00263977 0.000531197 0.000232697 0.00641441 0.000517368 0.00610304 0.00581551 1.28746e-05 0.00718784 -0.00689173 -0.0061841 -0.00383282 0.00468349 0.00288534 -0.00674295 0.00601435 0.00508547 0.00670195 0.00170183 0.00643015 0.00622988 0.000107288 0.000935078 0.00214148 0.000842571 -4.05312e-05 0.00533104 -0.00582504 -0.00434208 0.00419474 0.00179625 0.00455093 0.00487185 -0.00216818 0.0073514 0.00243855 0.00571871 0.0027647 -0.00612688 0.00666857 -0.00758696 0.00484657 -0.000181675 0.00669813 0.00685978 0.00582361 0.00656557 -0.00744343 0.0011282 0.00235701 -0.00705481 0.00147915 0.00384378 -0.00092268 -0.00439596 0.00301647 -0.00763321 -0.00146723 -0.00498056
242017 -0.000626516 0.00525541 -0.00304072 0.00162608 0.00454816 0.00743655 0.00567675 0.00595798 0.00303539 0.00778096 0.00715998 -0.0051679 -0.00215136 -0.00687169 -0.00549224 -0.006499 0.00203413 0.00638368 0.00194925 -0.00307302 -0.00680293 0.00267217 0.00476572 0.0075558 0.00404672 -0.00681612 0.00566264 0.00161873 0.0052241 -0.000495211 0.00369441 -0.00372739 -0.00686095 -0.00650551 -0.00458139 -9.86584e-05 0.00789721 0.0079515 -0.00469775 -0.00491071 0.00658623 -0.00291192 0.0026975 0.00198706 0.00510706 -0.00737672 -0.00607128 0.00117592 -0.00450866 -0.00687768 -0.00315668 -0.00150377 -0.00351164 0.00497496 -0.00533359 0.00158546 0.00594234 0.00540944 -0.00569748 -0.00275452 -0.00234553 -0.00522178 0.00353004 -2.00529e-05
325180 0.00580184 -0.00248851 0.00314275 0.00698715 0.000554784 -0.00107314 0.00242532 -0.00275512 -0.00190031 -0.00109472 0.00222109 -0.00725674 0.00706206 0.00014065 -0.00674842 -0.00589167 0.000756964 0.00676947 0.00724508 -0.000757645 0.00187742 -0.00103508 0.0041035 0.000286036 0.000287487 -0.00260782 0.000235976 0.00642828 -0.00477088 -0.00683801 0.00620703 0.00505498 0.00497458 -0.00288745 0.00533461 0.00247274 -0.00639761 0.00119036 -0.00674165 -0.00558946 -0.0050709 -0.00454125 -0.000161628 0.00728468 0.00714927 0.00536079 0.00353218 -0.00245358 0.00282045 -0.00327748 0.00186924 0.000837318 0.000496765 0.00257534 -0.00691022 0.00598243 -0.00255092 0.00743249 -0.00740584 0.00590796 0.00580661 0.00612639 -0.00574169 0.000615237
317800 0.00813 0.00531837 0.00104797 -0.00417484 0.00741171 -0.00105568 -0.00124087 -0.00782141 0.000545812 0.00355013 0.00357991 0.00716678 0.00305249 -0.00715946 -0.00591124 -0.00248354 0.00290457 -0.00609555 -0.00768042 0.00557344 -0.00565342 -0.00172245 0.0046944 -0.00350455 -0.00650602 -0.000679861 0.00107362 0.00301682 0.000606567 -0.00668155 0.00159472 -0.000188828 -0.000562641 -0.00588221 -0.000265917 -0.00215458 0.00812194 0.00397112 -0.000630332 0.00321218 0.00315461 -0.00467468 0.00148965 -0.00214568 -0.000863871 -0.00792292 0.00394909 0.00191293 0.00508718 0.00198556 -0.00753273 -0.00166694 -0.00760503 -0.00587826 -0.00541987 0.00397944 0.00148791 0.00188316 0.00649195 0.00558837 0.00409691 0.003338 -0.00690563 0.00676537
295549 0.00126456 -0.0027661 -0.00240324 -0.000432167 0.00322453 0.00495631 0.0012921 0.00155926 -0.00604736 -0.00570275 -0.0014837 0.00228854 -0.00285183 -0.00619351 -0.00375327 -0.00308857 -0.00319907 -0.00349536 0.0067179 -0.00267073 0.00186755 -0.00431701 7.65026e-05 0.00397336 0.00556116 0.00160688 0.00357 0.00438283 0.00727992 0.00175266 -0.00360877 0.00412083 0.00167676 -0.00645845 -0.000215093 -0.0044861 -0.00555782 0.00724999 -0.00537502 -0.00197603 -0.00379332 -0.00325047 -0.00655996 -0.0031526 0.00593671 0.00140651 0.00443411 0.00502203 0.000870665 0.00249659 -0.00474801 0.0014201 0.0025227 0.00297017 0.00313058 -0.0018278 0.00546931 0.00357369 -0.00267995 0.00519897 0.00772187 -0.00102635 0.000434181 -0.00679184
112057 -0.00746228 -0.00593606 -0.00443473 -0.00689157 0.00753456 0.00763399 0.000960257 -0.00357831 0.00324612 0.00126997 4.77896e-05 0.00232894 -0.00291364 -0.0019222 0.00373846 -0.00537171 -0.00720008 0.00247339 0.00729728 -0.00461091 0.0026041 -0.0039804 0.00575446 -0.00718837 0.003515 0.000562053 -0.00700612 -0.00185862 -0.00233905 -0.00104786 -0.000881766 0.00171438 -0.00299042 -0.0010942 0.00197005 3.28523e-05 -0.000618075 0.000242205 0.00293282 0.00769571 -0.00592878 -0.00533317 -0.00204639 -0.00698605 -0.00159889 -0.00559519 0.00658238 0.00388996 -0.00201227 -0.00215393 -0.00249634 -0.00583047 0.00229001 -0.00225822 0.000159953 0.00289189 0.00305338 0.00436625 -0.00753342 0.00420807 -0.00668829 0.00179536 0.00749527 0.000553147
331659 -0.00590897 -0.00518942 0.00326633 0.00726652 -0.000873566 0.00487423 0.00200653 0.00316906 -0.00331545 -0.00193262 -0.00411558 0.00467014 0.000187874 -0.00419998 -0.000925064 3.71933e-05 -0.00520039 -0.00672483 -0.00545931 -0.00292635 -0.00309134 -0.00494337 -0.000761032 0.00269842 -0.00641108 -0.000909805 -0.00461483 -0.00335884 0.00568342 0.00291204 -0.00122595 0.000314236 -0.00526714 0.00421238 -0.00391483 0.00601435 -0.00197887 0.00698233 0.00654984 -0.00748873 -0.00679636 0.00541353 -8.82149e-05 -0.00469971 0.00180149 0.00365639 0.00417376 0.00445652 -0.00448561 -0.00326967 -0.00555754 0.00210953 0.00526857 0.0019393 0.00574493 0.00623274 -0.00304651 0.00358629 -0.00138378 -0.00473595 0.00750542 -0.0059042 -0.00153303 0.00212908
155582 -0.00407219 0.00558043 0.00627756 0.00217772 -0.00335455 0.00246382 -0.00150394 -0.0070138 -0.00145912 -0.0020504 -0.00192308 -9.15527e-05 -0.00355816 -0.000684738 0.00327015 -0.000919342 -0.00222063 0.00420427 0.00610876 0.00738239 -0.00630474 -0.00336123 -0.00342274 0.00293827 0.00543356 -0.00694275 -0.0030942 0.00378942 -0.00345373 -0.00665569 0.00635386 -0.000436306 -0.00386953 -0.00346994 -0.00533009 0.00127745 0.00486898 -0.00136089 -0.00352764 -0.00215387 -0.00215387 0.00734949 0.007236 0.00631523 0.00215626 0.00657701 -0.00124407 0.00438309 0.000782013 -0.000603676 0.00476933 -0.00526953 0.000134468 -9.63211e-05 0.000860691 0.0053544 -0.0029006 -0.00692701 -0.00192261 -0.0058322 -0.00450802 -0.00117779 -0.00373793 -0.00668383
152879 -0.00469597 -0.0062908 -0.00221071 -0.00727774 -0.00501729 -0.0015596 -0.00682272 0.00764926 -0.00660697 0.00621867 -0.00504846 0.0018671 -0.000606488 -0.00205039 -0.00160663 0.00127964 0.00514814 0.00065395 -0.00557017 -0.00762927 -0.00630947 -0.00316788 0.00620081 0.00208878 -0.00165476 0.00139068 0.00751583 0.000333861 0.00506803 0.00432808 -0.00577459 0.00701062 -0.00530908 0.00161859 0.00280027 -0.00332696 -0.00464042 0.000398016 0.00254185 -0.000928668 0.00439838 0.0017917 0.00438082 0.0046485 -0.00648405 0.00412808 -0.000336272 -0.00633856 -0.00256805 -0.00142355 -0.00758913 -0.00321734 -0.000448943 -0.000593369 0.00562792 0.00472316 0.00583504 0.00349345 -0.00311499 -0.0066827 0.00397941 -0.000799278 0.000528164 -0.00648805
340919 -0.00228123 -0.00341258 -0.00530002 0.00150381 -0.00296682 -0.00136922 -0.00395385 0.0029699 0.0050723 0.00489291 -0.00169639 0.00124098 -0.000738909 0.00417634 0.00538676 -0.00728983 -0.00332074 0.00256461 -0.00268322 0.00411233 0.00563475 -0.000334787 -0.00261548 0.000927069 0.00206896 0.0040523 -0.00208236 0.00588335 -0.0038354 -0.000213873 0.00469386 0.00673382 0.00730651 0.00637754 0.00194223 -0.00451709 -0.000277315 -0.00117448 9.77409e-05 -0.00515048 0.00156965 -0.0018871 -0.000810203 -0.00728002 -0.00671553 0.00499135 -0.00713706 0.00125555 -0.00720858 -0.00536437 0.00720957 -0.00622859 -0.00753019 0.000475886 0.00114645 0.00133547 0.00197167 -0.00468322 -0.00704941 -0.00713595 -0.00618315 0.00218873 0.00298014 -0.00165517
111302 -0.000386965 -0.00237892 0.00527827 -0.00331566 -0.00264593 0.00101877 -0.00484823 0.0050603 0.00233792 -0.00104537 -0.00355033 -0.00437081 -0.00635295 -0.00785603 0.00663654 -0.00152404 0.00717341 0.00673743 -0.000634262 -0.00722325 -0.00117821 0.000836653 -0.00562698 0.00779584 0.00696259 0.00431712 -0.00616729 0.00157205 0.00420928 -0.00211689 -0.004698 0.00641281 -0.00356551 0.00499412 -0.00281267 -0.00735119 -0.00696629 0.00288315 0.00279631 0.00773318 0.00120446 -0.00267507 0.0075361 -0.00470472 -0.00450147 -0.00530709 0.00342612 0.00165734 0.00155258 -0.00391784 -0.00234206 -0.00499967 0.00764233 -0.0049188 0.00746665 -0.000720003 0.00352046 -0.000914794 -0.00710467 0.00114268 -0.00405427 0.00617906 0.00356953 -0.00343831
313447 0.00728021 0.00258053 -2.31175e-05 0.000744142 -0.000876446 -0.00411805 -0.000365883 0.000918598 -0.00630383 0.00193467 0.00122033 0.00732623 0.00407492 0.00531305 0.00724285 0.00465745 0.000542508 0.00164461 0.00642666 -0.00505716 -0.0022631 0.00458653 -0.00249558 -0.00766888 -0.00399021 -0.00214958 -0.00290456 0.00677601 -0.00549686 -0.00592966 -0.00796687 0.00566701 -0.00566963 0.000391135 0.00121738 0.0073403 0.00583118 -0.000368951 0.00212627 0.00484391 0.00777507 -0.00650409 0.00596453 -0.000193346 0.00184603 -0.00256059 0.00152075 -0.00755091 -0.000126513 0.00310686 -0.00209892 0.00134961 0.00232411 -0.00102306 0.00569374 -0.00412996 0.00491175 0.00670218 -0.00583182 0.00237938 0.00256023 0.00295398 -0.00629263 -0.00118049
191999 0.00166931 -0.00524156 0.00279305 -0.00252118 -0.00291426 -0.00325854 -0.00267081 0.000933646 -0.00511254 0.00322141 0.0011044 0.00286307 -0.00292863 0.00195899 0.00521096 0.00502181 -0.00423236 -0.000471721 0.00269211 0.00772851 0.00304869 0.0066372 -0.000294472 -0.0058806 0.00632816 0.00367181 0.00201611 0.00230335 0.00159664 0.00667048 -0.000962627 -0.00358682 -0.00520711 0.00235973 0.00343683 0.00338194 -0.00242856 -0.00178696 -0.00374897 -0.00705825 0.00184458 0.00337471 -0.00541044 -8.78302e-05 0.00648275 -0.0013046 -0.00345866 -0.00493075 0.00248247 -0.00700748 0.00321807 0.00634912 0.00507262 0.00426916 0.000173277 -0.0047481 -0.00718492 0.00178098 0.00331471 0.0048264 -0.00230581 0.00677109 0.00444763 -0.00634309
208329 0.00439789 -0.00434124 -0.000291051 -0.00621476 -0.00575199 -0.00605519 -0.0023899 -0.00781109 -0.00126718 0.000674981 0.0078782 0.00449195 -0.00585285 -0.00565835 0.00562333 0.00132046 0.0037853 0.00470477 -0.00566001 0.00510549 -0.00758782 -0.00446451 0.00134593 -0.0016426 0.00533843 0.00179582 -0.00508881 -0.00788248 0.00635211 -0.000226635 -0.00422441 -0.00605207 -0.00107126 -0.00191835 0.000939508 -0.000220558 -0.00129328 0.00122493 0.00763457 0.0018055 0.00349249 0.00526398 -0.00305784 -0.00155336 -0.00452108 0.00709032 0.00568466 0.00707748 0.00123773 -0.00281241 0.000951286 -0.00464155 0.00453082 -0.00463479 0.00330038 -0.00522654 -0.00714564 0.00745854 0.00222538 -0.00706788 0.00481732 -0.00638204 -0.00385084 0.00757398
341133 -0.00346518 0.0042181 -0.000881672 0.004601 0.000880718 0.0010128 0.00401163 0.000954151 0.00509882 -0.000630856 -0.00594902 -0.00561714 -0.00700521 0.0033474 0.00640678 0.00304651 -0.00298119 -0.00163031 -0.00301313 -5.72205e-05 -0.00240469 -0.00149393 -0.00450945 -0.00204182 -0.000700951 -0.00466061 0.00151253 0.00402689 -0.00371361 0.00714254 0.00208426 0.00597811 0.000313759 -0.00258923 -0.00117588 0.00720119 5.24521e-06 0.00210238 0.00319672 0.00708008 -0.00655174 0.000256538 -0.0025568 0.00484085 -0.00597 -0.00765276 0.00716972 0.00287247 -0.00465298 -0.00709057 0.0019145 -0.00658035 -0.00177956 -0.00444984 0.00405407 -0.00152969 0.00752497 0.00750637 -0.00263691 0.00609016 -0.00750542 -0.00688887 -2.57492e-05 -0.00195789
36884 -0.000251531 -0.0049156 0.00262452 0.00561302 0.0045143 -0.00736803 -0.00545813 -0.00155067 0.00697787 -0.0028803 0.00291776 -0.00522187 -0.000387655 -0.00562275 -0.00287652 -0.00368645 0.00170814 0.000194399 0.000918665 -0.00262525 -0.00374332 0.00386387 -0.00194698 -0.00642601 0.00211333 -0.00417763 -0.00760916 -0.00509321 -0.000815991 -0.00698009 -0.00281554 0.000801057 0.000195881 0.00310331 -0.00580381 -0.00218355 0.000616374 0.00349005 0.00551555 0.00709499 0.00728542 -0.00198065 0.00400665 0.00621387 0.00402145 -0.00554732 0.00243885 -0.00420366 0.00776077 -0.00394843 -0.00651268 0.00128795 0.00587196 0.00497622 -0.00104723 0.00370858 -0.000136433 -0.00632031 0.00189815 -0.0025753 -0.000297462 -0.0029226 0.00731357 0.00688688
330866 -0.00524998 -0.00152826 0.00274038 -0.00369215 -0.000287056 -0.00205755 0.00419426 -0.0049262 0.00437164 -0.00111675 0.00727797 0.00312805 -0.00413084 0.00394583 0.00705862 0.00606346 0.0057826 0.00685024 0.00639296 -0.00545597 0.0045681 0.00744104 0.0020318 -0.00631046 0.00410652 0.00645304 -0.00696802 -0.00717783 0.00262308 0.00683498 0.00122738 0.00164795 -0.00779724 -0.00619268 0.00755548 -0.0019908 0.00692129 -0.0013752 -0.00287342 -0.00671959 -0.00568962 -0.00053215 0.00120306 -0.00382614 0.00380945 -0.00117874 0.000847816 0.00727367 0.00616932 -0.000503063 0.00229263 -0.00305843 -0.00629234 -8.01086e-05 -0.00747538 -0.001091 0.00350714 -0.00354052 0.00702715 0.0065794 -0.0052886 0.00404263 0.0025425 0.00747919
169665 0.00342388 0.00464764 0.00125331 -0.000915515 0.00524331 0.00724921 -0.00470462 -0.00640549 0.00568209 0.00257484 0.00318985 -0.00488302 0.00354878 -0.00256227 -0.00562326 0.0029219 0.00450563 0.00701546 0.00365003 -0.00329244 0.00014503 -0.00223073 -0.00780605 -0.000921309 0.00397082 0.00732012 0.00545558 0.00141236 0.00307315 -0.0029326 -0.00665633 -0.00741314 -0.00686708 0.00346264 0.00489782 -0.00451674 0.00244015 0.00590415 0.00054745 -0.00482572 0.00592894 -0.0013059 -0.00324046 -0.00676647 -0.00479389 -0.00152988 0.00404051 0.00360873 -0.0017957 0.00344282 -8.06421e-05 -0.00295533 -0.00276028 -0.00378735 -0.00287327 -0.00297672 -0.00277515 0.0077867 -0.00561435 0.00215557 0.00114383 0.00558622 -0.00729641 -0.00525142
7335 0.00705905 -0.00333506 0.00676633 -0.00236289 0.000247951 0.00296169 0.00221362 0.00454792 -0.00453413 -0.00226762 -0.00534667 -0.000226044 0.00462284 -0.00446422 0.0038362 -0.00373701 0.00128136 -0.00258597 -0.00767146 0.00111319 -0.000621643 0.00204432 -0.00732717 0.00260251 -0.00773746 0.0016074 -0.00714196 0.00157941 0.0039408 -0.00226511 -0.00690778 -0.00318968 -0.00347284 -0.00470931 0.00685702 0.00100705 -0.00623238 0.00341491 -0.00156163 0.00393357 0.00715903 -0.00305812 0.00652096 0.00704275 0.00335629 -0.00561971 0.00572216 0.00597683 -0.00128285 0.000730287 -0.00273847 -0.00486969 -0.00203587 0.00145974 0.00152307 0.00231241 -0.000942853 -0.00421498 0.00159725 -0.00768549 0.00320313 0.00038973 -0.00668484 0.00397896
99169 -0.00516224 -0.00329638 0.00439024 -0.000749111 0.00302792 0.00639153 0.00451899 -0.000788689 -0.00258064 -0.00271463 -0.00651789 0.00726223 0.00458574 -0.00443935 -0.00574255 0.00336123 0.00718689 -0.00213909 -0.00459433 -0.00289774 -0.00484991 -0.00729704 0.00407076 0.00485611 -0.00160551 0.000652313 0.00409889 -0.00241661 0.00098753 0.00387049 -0.00347281 -0.00148153 0.00383568 0.00282955 -0.00500441 0.00211477 -0.00482178 -0.00732374 -0.00291777 0.00281906 0.00223112 0.0032835 0.00724173 -0.00743103 -0.00112629 -0.00452757 0.00734806 -0.00317049 -0.00101948 0.00745058 -0.00260639 -0.00755882 0.000912666 0.000192165 0.00234652 -0.00415707 0.00339508 -0.0010705 -0.00415182 -0.00693893 -0.00732756 -0.00488329 -0.00387907 4.43459e-05
285663 -0.00362783 0.00278039 0.00362029 0.00273278 -0.00675388 5.51196e-05 0.00348741 0.00368965 -0.00350691 0.00707799 0.00381093 0.00109259 0.00201457 0.00173431 -0.00604225 0.00262425 -0.00592052 0.00491668 -0.00471859 -0.00223278 0.00409496 -0.00254826 0.00339278 -0.00107539 -0.00251639 -0.00767481 0.00183337 0.00101822 -0.00138294 0.00290385 0.00627912 0.00503008 -0.00726231 0.00533173 0.00537658 -0.00563772 -0.00186329 -3.74536e-05 -0.00424558 -0.00195595 0.00332718 0.00392248 -0.00129875 0.00738914 0.0070867 0.00241551 0.00287467 -0.00294576 -0.00123399 0.000390148 -0.00451883 -0.00234794 0.00238998 7.49503e-05 0.00427899 -0.00165575 -0.00315699 0.00118199 -0.00209048 -0.0035252 0.000882232 0.00496187 0.000504727 0.00144776
52255 0.000679734 0.00590104 0.00524674 -0.000160958 0.00468856 0.0054907 -0.00523993 0.00511998 0.000699161 -0.0069893 0.00589991 0.00233414 0.00205099 -0.00413652 -0.00680387 -0.00446348 0.00450493 0.00741476 -0.000329219 -0.0074557 0.00353443 0.00427707 0.00689637 0.00101336 0.00361942 0.00316436 0.00427855 0.000514421 0.00782911 0.00548895 0.0030737 0.00060228 -0.00418472 0.00507838 0.00415266 -0.00376374 0.00127915 -0.00458931 0.000340903 0.00415661 -0.0010088 0.00784947 0.00469353 0.00640775 -0.00165755 -0.00716222 -0.00630283 0.00448142 0.00509049 -0.00413979 -0.00558706 -0.00326964 0.00746823 0.0010637 0.00387506 0.00621387 0.0053077 -0.00573545 0.00652273 0.00296973 0.00427284 0.00503742 -0.00153439 0.00447492
270438 0.00509695 0.00461888 0.00236476 0.00538674 0.00110242 0.00479784 -0.00352342 -0.00179018 -0.00529774 0.00737084 0.00401262 -0.00639232 0.00263223 -0.0014465 0.00523486 0.0073473 -0.00530833 0.0018562 -0.00794281 -0.00579686 -0.00579529 -0.00641146 0.00748707 0.00396978 0.00715521 0.005517 0.00519443 -0.00745166 0.00124805 -0.00116207 0.0060109 -0.00719592 0.00669175 -0.00350673 -0.00392454 0.00321137 -0.00447581 0.00419622 -0.00608809 -0.0033665 0.00124329 0.000760449 -0.00602158 -0.000591107 -0.00197735 -0.000918204 0.00478559 -0.00636222 0.00154732 0.0021243 0.00528287 -0.00155835 -0.00241057 -0.00463319 0.00560497 -0.00716901 -0.000369607 -0.00684293 -0.00358483 0.00496352 0.00250844 -0.00565263 0.00524174 -0.0027196
208628 -0.000991011 0.00525304 -0.00404439 -0.00485135 0.000752471 0.00402042 0.00355779 0.00135669 0.00225395 0.000671149 -0.00571707 -0.00357258 -0.00615339 0.0067478 0.00431297 -0.007283 0.0070843 -0.00731707 -0.00487607 -0.00773248 0.000406515 0.000506654 0.00568119 -0.00702497 0.00653844 -0.0051741 0.00692502 -0.00310842 0.00600147 -0.0064258 -0.00467855 -0.0031042 -0.00456745 -0.00225479 -0.0060218 0.00270447 -0.00449425 -0.00303594 -0.00149703 0.00535305 -0.00136715 0.00764584 0.00580411 0.0041494 -0.00772887 -0.00146717 0.00651941 -0.00654616 -0.00467903 0.00399033 -0.000273884 0.00408094 -0.00693724 -0.00150479 0.00606767 0.00180505 0.00572155 0.00503049 -0.0030016 0.00268955 0.00321085 -0.0047532 -0.00299769 0.00700235
226592 -0.003813 0.00606019 -0.00459293 -0.000499415 -0.0011157 0.00117102 0.00209758 -0.0062871 -0.00738966 -0.00580891 -0.00374106 -0.00591057 0.00511619 -0.00616902 0.00344262 -0.00746719 -0.00201112 0.00758871 0.00734289 -0.000236676 0.00744109 0.00566346 -0.00585296 0.00774645 -0.00754571 0.00586983 0.0035176 -0.00609028 -0.00512139 -0.00715091 0.00516695 0.0048045 0.00229742 0.00354405 0.00287992 0.00581905 -0.00758222 -0.000310094 -0.00265198 0.00550302 0.00341376 -0.00114475 -0.00678512 -0.000114483 0.00630748 0.00771592 -0.00727983 -0.0062447 0.00167793 -0.00602738 0.00418983 0.00695323 0.00611995 0.00270278 -0.005725 0.00680676 -0.0055212 -0.00156507 -0.00186028 0.00403974 0.006472 0.0070511 0.00449031 0.00546812
59836 0.00145707 -0.0021504 0.00144981 -0.00567344 -0.00181585 0.00205096 0.00280816 -0.0064337 0.00506771 0.000990187 0.00621879 -0.00761868 -0.00486547 0.00379152 -0.00741439 -0.00716531 -0.00592438 0.00404748 0.00467201 0.00609773 -0.00737776 -0.00276623 0.00473025 0.00214074 -0.00555212 0.00292681 -0.00294508 0.00349802 -0.00505058 0.00722065 0.000298704 0.000603725 -0.00263634 0.000589518 0.00434618 1.6656e-05 0.000649666 -0.00171069 -0.00313692 -0.00408411 0.00409969 -0.000882727 -0.00457432 0.00412755 -0.00486838 0.00411068 -0.00393463 -0.00756507 -0.00374226 0.00388277 0.00607254 -0.00744743 -0.00522398 -0.00768958 -0.00186359 0.00448163 0.00729409 -0.0039197 -0.00180233 -0.00636163 0.00417604 0.00525479 0.00384813 0.00435721
70932 -0.00357314 -0.00512925 0.00733053 -0.00547094 -0.00649218 0.00463477 -0.00709941 -0.00429918 -0.00690467 -0.0049298 -0.00314867 0.00490722 -0.00715614 -0.00520296 0.000792157 0.00296022 -0.00124167 -0.00566525 0.00212417 -0.0071244 0.00357294 0.00238997 -0.000991966 0.000194107 0.00299121 0.00496518 -0.00251777 0.00638066 -0.00581422 -0.00720869 -3.76881e-05 0.00749554 0.00548909 -0.000923454 0.00329399 -0.00375272 -0.00442105 0.00240234 -0.00454417 -0.00120791 -0.00291956 -0.00585324 -0.00308168 -0.00453707 -0.00046661 0.00445253 -0.00532645 -0.00489622 -0.00589401 -0.0048357 0.000611868 0.00134992 0.0029072 0.00632461 0.00643719 -0.000717533 -0.000417051 -0.002511 0.00335875 -0.00478712 -0.00384655 0.00424527 -0.0051643 0.00753023
149600 0.00228483 0.00325325 -0.00135057 0.00705719 0.0034263 -0.00084187 -0.00216754 0.00287382 -0.00394336 0.00520422 -0.00442558 0.0069268 0.00430215 -0.0051297 0.00204068 -0.00643146 0.0073243 -0.00166915 0.00623632 -0.00348103 0.00221341 -0.00602753 -0.00682017 0.00279135 0.00105689 0.00761462 0.00674348 0.00662959 0.00430778 0.00702557 -0.000357611 -0.00601799 -0.00345735 0.00147216 -0.00306931 -0.002414 0.00740857 -0.00141582 -0.000157569 -0.00276578 0.00231642 -0.00655894 0.00562381 0.00757883 0.00565557 0.00174555 0.00581665 -0.000583411 0.00253728 -0.000599856 0.00640608 0.00306143 0.00392064 -0.0021586 0.000272202 0.0038668 -0.0029128 -0.0056276 -0.00418583 -0.00674747 0.00586666 -0.00457716 0.000293019 -0.00521061
318052 0.000563451 0.00598702 -0.000195763 8.67148e-07 0.00716135 -0.000681748 0.00492648 -0.00570779 -0.00128607 0.0055656 0.00641484 -0.00355813 -0.00406722 -0.00653978 -0.00590077 0.0052489 0.00750128 -0.00290687 0.000749981 -0.00135892 0.0048747 -0.000838351 -0.0044164 0.00267666 -0.00529164 -0.00141658 0.00353063 0.00058731 -0.00220192 0.00605496 0.00302228 -0.00119343 -0.00456757 0.00232154 0.00584116 -0.000513336 -0.00408676 -0.00361391 -0.00722009 -0.00216759 0.0005557 -0.0018259 0.00596311 0.00335755 0.00757965 -0.00305032 0.00756899 -0.00461517 0.00513575 -0.00628606 0.00310535 0.00681334 -0.00523163 0.00595218 -0.000268023 0.00710792 0.00209265 0.00179906 -0.00271976 -0.00413725 0.00173945 -0.00673294 0.00437283 0.00135104
23002 -0.00345078 -0.00620245 -0.00379678 -0.00405518 0.00749307 -0.00479175 -0.0068779 0.00377699 -0.00643149 -0.0063742 -0.00566399 -0.00484151 0.00469586 0.0031437 -0.00187898 -0.00717329 -0.00524537 -0.00508585 -0.00745827 0.00433924 0.00463007 0.00621495 0.00689036 0.000609434 -0.00200459 0.00469888 0.00540024 -0.007611 0.00183874 0.000524347 0.00575495 0.00608191 0.00344578 0.00406181 -0.00410962 0.0049798 0.00681937 -0.00225731 -0.00355984 -0.000643082 -0.00399927 0.00212377 0.00589036 0.000686428 0.00708011 -0.00111293 0.00147151 -0.00349535 -0.00649442 -0.00585864 -0.00628933 -0.00181366 -0.00423933 -0.00072182 0.0015123 0.00574651 -0.00655232 -0.00418755 0.00594876 0.00322634 0.00702101 0.00462676 -0.00115835 0.00734806
178983 0.00321022 -0.00359807 -0.00322217 -0.00582357 -0.000620738 0.000553358 -0.00379934 -0.00499081 -0.00349518 0.00600211 -0.00540034 0.00143344 -0.00259095 -0.00249105 -0.00406911 -0.00285216 0.00358739 0.00391773 -0.00370663 -0.00467766 0.00223157 -0.00437153 0.00421084 0.00511469 0.00137646 -0.00181205 0.0065691 -0.00602592 0.00455906 -0.00668989 -0.0042425 0.00776198 -0.00151243 0.00119718 0.00328387 -0.00613446 -1.70477e-05 -0.00317344 -0.00613819 -0.00734477 0.000747073 0.00663896 0.0053688 -0.00613765 -0.00186345 -0.00721004 -0.00302718 -0.00741053 -0.00180087 -0.00671915 0.00466918 0.00167319 0.00385206 0.00122782 -0.005501 0.00451359 0.00464756 0.00706161 -0.00358684 -0.00783576 0.00599419 -0.00273823 -0.00110161 0.00073002
227142 -0.00531753 0.00442288 0.00255149 0.00182764 0.00130968 0.00550048 -0.00667995 0.0018316 0.000218722 -0.00664244 0.00325997 0.00558209 -0.00494275 0.00487793 -0.00673304 0.00403154 -0.00186437 -0.00268253 0.00341355 -0.00776263 0.00637389 0.00242541 0.00367239 0.00118406 0.0033801 0.00575242 -0.00624995 -0.00630733 0.00181037 -0.00471157 -0.000125068 0.0034574 -0.00263819 -0.00365574 -0.00586329 0.00042685 0.00543028 -0.00453419 0.00698338 -0.00780645 0.00343964 0.00539191 -0.00312632 0.000758843 -0.00185957 0.00312308 -0.00454703 -0.00287592 -0.00482598 0.00739145 0.00772695 0.00304506 -0.0074298 -0.00365924 0.00654569 6.15613e-05 -0.000980554 -0.0038261 -0.00183607 -0.00593918 0.00639723 -0.00636526 -0.00373871 -0.00715095
168153 -0.000594145 0.000880096 0.00689982 0.00233287 -0.00751116 -0.00750961 0.00268251 0.00355284 0.00489961 0.00774594 -0.00684153 0.00586809 -0.00422487 -0.00109853 0.00324098 0.00753995 -0.00263549 0.00285048 -0.00260435 -0.0076204 0.00229219 0.00709267 -0.0018196 -0.00262794 -0.00543137 -0.000379449 0.00775558 0.00365506 -0.00257372 -0.00645087 0.0061473 0.000843912 -0.00625124 -0.000456865 0.00439859 0.00444412 -0.00132633 0.00342222 0.00316648 0.00452602 0.000450865 -0.000168517 -0.00392532 7.74254e-06 0.00103419 -0.000396686 0.00645472 6.79301e-05 -0.000598255 -0.00230927 -0.00189711 -0.00444719 0.00563163 0.00773547 -0.00477347 -0.00290387 -0.00560423 -0.00628845 0.00155466 0.00139925 -0.00764184 -0.0074388 0.00634065 0.00318513
302755 0.00729801 0.00748905 -0.00472523 0.00281344 0.0071195 -0.00142007 0.00301349 0.00271275 0.00315867 0.000139876 0.00730228 -0.00698095 0.00528863 -0.00789183 -3.42584e-06 -0.00633461 -0.00326457 -0.00629779 0.00048574 0.000951112 -0.00145516 -0.00202308 0.00375434 -0.005561 0.00453159 0.00657767 0.00385341 -0.00340404 0.00304007 -0.00107519 -0.00563667 -0.00045555 0.00443488 -0.00226261 0.000214295 -0.00651752 -0.00574645 0.0072046 0.00474529 -0.00294472 -0.00386197 -0.000821709 -0.00487415 -0.00602628 -0.00686295 0.00647097 0.000218502 -0.000857041 0.00261844 -0.00406498 -0.00554469 -0.00400611 0.000827819 0.00436246 0.0042583 -0.00753386 0.000900154 0.00702285 0.00445354 -0.00134985 0.00289483 0.0011019 0.00505864 -0.00402677
319952 -0.000304141 0.0074789 0.00751975 0.00260286 -0.00692238 0.00616734 -0.00257641 -0.00579427 -0.00478119 0.00683067 0.00303717 -0.00385053 0.00586252 0.00511131 -0.00307218 0.00321033 -0.000522534 -0.00248473 -0.00329568 -0.000533325 -0.00405315 0.00224449 -0.00225399 0.000852816 -0.00755271 -0.0012335 0.00738476 0.000269297 0.00667192 -0.00140992 -0.000341735 0.00716361 0.00738707 0.000899088 0.00191567 -0.00591555 -0.00124155 0.000568217 -0.00558561 0.00772632 0.00237723 0.00486207 -0.00581722 0.00788832 -0.000380186 -0.00645371 0.0017932 -5.31709e-05 0.00379223 -0.0052349 0.00770371 -0.00222238 0.00652681 -0.00615448 0.00672274 0.0062583 0.00512859 0.00430608 -0.0024248 -0.00600156 0.00639256 0.00243986 -0.0077398 0.00662903
258496 -0.00185978 0.00671155 -0.00174704 -0.00703054 0.000359853 0.00536021 -0.00454495 -0.00372827 0.00510746 -0.00564763 0.00754716 0.00626417 0.00326081 0.00336083 -0.000677937 0.00654679 0.000888991 0.00314528 -0.0078425 -0.00686669 0.00330396 -0.00726037 -0.00383493 0.00179284 0.00387802 0.00308278 0.0049409 0.00279357 0.00448968 0.00338104 0.00156631 0.00771229 0.00378922 -0.00384278 0.00698004 -0.00626465 -0.00442801 0.00154295 -0.00537162 0.00384012 -0.00762821 -0.00492753 0.00114026 -0.00233183 0.0066739 0.000668343 -0.00296431 0.000216068 -0.0050873 -0.00540798 -0.00622038 0.00192887 -0.00414461 0.00759164 -0.000483706 0.00427015 0.00162491 -0.00701043 -0.0057966 0.00302187 -0.00486606 0.00370742 0.00627302 -0.00110612
342553 -0.00129553 0.00429886 0.0069621 0.00461992 0.00765666 -0.00559608 0.00111899 0.00387199 0.00148285 -0.00110556 -0.0063844 0.00489398 -0.00509879 -0.00749074 0.00538907 -0.00256335 0.00468792 0.00724971 0.00308851 -0.00527736 0.00544535 -0.003664 0.00760209 0.00549432 -0.00214322 0.00703088 0.00653744 0.00108833 -0.000464734 0.000367115 0.00461873 -0.00670357 0.00294955 -0.00666995 0.00459539 0.00326961 0.00663635 0.00332578 0.00327259 -0.00771303 -0.00656889 0.00187022 0.00055647 0.00356562 -0.00742138 -0.00209011 -0.00480294 0.00571998 0.0059923 0.00398305 -0.00497849 0.00234062 -0.00235586 0.00619759 0.00229717 0.00610414 -0.00720461 0.00346772 0.00108592 0.00293902 2.21356e-05 0.00313357 0.000470147 -0.00675277
314914 -0.00757827 0.00596565 0.0042112 -0.00250388 0.00279058 -0.00541881 0.0075378 0.0039338 -0.00711317 0.00279317 0.0043377 -0.000682707 0.00274701 2.81996e-05 0.00426972 -0.00661594 0.00590787 -0.00158733 0.0035916 -0.00612546 -0.00422191 0.00174461 0.00120939 -0.00270907 0.00420993 0.00648734 -0.00174141 -0.00130967 0.00424209 0.000479827 0.00342045 -0.00532465 0.00610891 -0.0048176 0.00751264 -0.00516171 2.6451e-05 -0.00671092 -0.00369573 0.00272256 -0.00538345 0.00399575 0.000225391 -0.00257393 0.00608398 -0.00634054 -0.00188684 -0.00161072 -0.00202726 0.00736233 -0.00136123 -0.000311392 0.000316154 0.00558702 -0.00347027 -0.00630254 0.00417602 -0.0034472 -0.000129519 -0.00642419 -0.00240409 -0.00732524 -0.00277539 -8.05837e-06
212639 0.00751684 -0.00521462 -0.00135734 0.00207643 -0.0038556 0.00393336 0.00205461 0.00696916 -0.00482812 -0.004299 -0.00316657 0.00310992 -0.00680785 -0.000245575 -0.00615889 0.0038189 -0.00770647 0.00441278 -0.00677428 0.0034762 0.00619188 0.00491319 0.00104429 0.00128865 -0.00213019 0.00474507 0.00571699 -0.00800357 0.0064864 0.00660055 0.00170867 0.00383422 0.00657363 -0.00375129 0.00512189 -0.00510186 -0.00205454 -0.00363992 0.00335517 -0.00507235 0.00785459 0.00260618 0.000243028 0.00461791 -0.00571334 0.00455915 -0.000649716 -0.000496415 0.0012788 -0.00242649 -0.000163746 0.00310331 0.000959472 -0.0022649 0.0022354 0.00264131 0.00687182 0.00280956 -0.00322129 -0.00138548 0.00336638 0.00236111 -0.003678 0.00738148
27476 0.00171653 -0.00707366 0.00649945 -0.00556119 0.00593363 -0.00298803 -0.00426158 -0.000144345 0.000812616 0.00605812 -0.00134379 0.00603392 0.00293112 0.00465204 -0.00450872 -0.00104355 0.00619637 -0.00155446 -0.00479218 -0.00286378 -0.0015302 -0.00618341 -0.00786615 0.00242129 -0.00749251 -0.00268091 -0.000314738 0.00116712 0.00191388 -0.0019855 -0.00417155 0.0049102 0.00609563 -0.00125428 -0.00546197 0.00661491 -0.00106193 -0.00152443 -0.000673552 -0.00088114 0.00586742 0.00670416 -0.00698142 -0.00437174 0.00588365 -0.00733704 0.000436521 0.0069196 0.00702435 0.00632757 0.00186509 -0.00177712 0.00456499 -0.00173393 0.000262764 -0.00174742 -0.0046563 -0.00179647 0.00602591 0.00290298 -0.00657233 0.00756621 0.00542746 -0.00377777
158977 0.00454491 -0.00140837 0.00602308 0.00491514 -0.00391258 0.00318916 0.00601686 -0.00668819 -0.00559583 -0.00738853 -0.00203249 0.00720989 -0.000942176 0.00347774 0.00647856 0.00419779 0.00405245 -0.00743159 -0.0078095 0.00383621 0.0047661 -0.00390769 -0.00163099 -0.0062285 -0.00516545 0.00324999 0.00574461 0.00648831 -0.00539158 -0.00663726 0.00418611 0.00536982 -0.00227116 -0.00255995 -0.00352791 -0.00602416 -0.00563231 -0.00573793 -0.00104376 0.0060301 0.00106265 0.0024939 -0.00587245 -0.00343927 0.00355777 0.00570634 -0.00479367 -0.0051104 -0.00044205 -0.00492852 -0.000370768 -0.00607343 -0.00776866 -0.000638766 -0.00464924 0.00102374 0.00322364 -0.00208831 0.00165861 -0.00136759 -0.00079836 0.00750996 -0.00754967 0.000626533
173725 0.00495312 0.00263925 -0.00206662 -0.00655448 0.000539777 -0.00313229 -0.00352344 0.00554658 -0.000131176 -0.000156005 0.00667731 -0.00324887 0.00281577 -0.00626465 0.00108527 0.00556773 -0.00312282 0.00714003 0.00726308 -0.00313703 0.00219187 -2.24482e-05 0.00501235 0.00724503 0.00298674 0.00250533 -0.00545362 -0.00345542 -0.00411771 0.00327844 0.00720578 0.0051193 -0.00132908 -0.00537372 -0.00756897 0.00706299 -0.00121262 0.00105296 -0.00733224 -0.00123856 -0.00251679 -0.00109284 -0.00415021 -0.00628416 0.00487298 0.00539693 0.000953127 -0.00765198 0.0013217 -0.00473233 -0.00357898 0.00737719 -4.43323e-05 0.00102579 -0.000153452 0.00764682 -0.00637425 -0.00631897 -0.00216586 0.0016029 -0.0028798 -0.00696658 -0.00336416 0.0013755
150614 0.000937096 0.00334822 0.00702923 0.00633497 -0.0012544 0.00754284 0.000698088 -2.49537e-05 0.00203298 0.00177428 -0.00233188 0.0043726 -0.00352864 -0.00465029 -0.00743555 -0.00315979 0.00352778 0.00694981 -0.00793658 0.00520729 0.00760374 0.00144496 0.00440368 0.00445924 0.00739908 -0.00140651 0.00713725 -0.00116869 -0.0057222 -0.000372407 -0.00758881 -0.00420559 0.002311 0.000761781 0.00287541 -0.00552637 0.00317681 -0.00237856 -0.0049113 -0.000545086 0.00728729 -0.00229881 -0.0017599 -0.00268878 0.00368236 -0.00714841 -0.00437431 0.00501961 -0.0037978 -0.000320895 0.00286308 0.000139397 -0.00680176 -0.00469792 0.00235422 0.00735997 1.4629e-05 0.000482374 0.000178178 0.00427273 0.00244165 -0.00506247 0.00141801 0.00156981
300746 -0.00288983 0.00744955 0.00271889 0.0040051 -0.00673798 -0.00604694 -0.00145219 -0.00489402 -0.00681981 -0.00438264 -0.00198619 0.00428402 0.000875895 0.00601886 0.00236819 -0.00476005 0.00392914 -0.0032389 0.00125136 0.00249301 -0.00192064 0.00422959 -0.00252852 0.00156719 0.00684044 0.00240427 -0.000863328 0.00200032 0.000708647 -0.00710866 0.00302874 -0.00699284 -0.00563436 0.002352 -0.00605113 0.00593195 0.00625196 0.000921414 -0.00350877 0.00714301 0.00338035 0.00780279 -0.00609685 -0.00647448 0.00174394 -0.00750652 -0.00367197 -0.00060632 0.0069201 -0.00660515 0.00643861 0.00520464 -0.00720915 -0.00204956 -0.000372367 -0.00359411 0.00155339 -0.00541333 0.00730427 0.00702092 0.00741066 0.00378892 -0.00106504 -0.00255084
153066 0.00680634 -0.0025393 -0.00576265 0.000994015 -0.00515682 0.00112223 0.00749836 0.00131133 0.00499678 0.00275945 -0.00351863 -0.00463097 -0.00119212 -0.00115518 -0.00348857 -0.00523267 0.00130994 0.00415674 0.00210029 0.00172034 0.00582478 0.00461889 -0.00762186 0.00734996 0.00709067 0.00194834 -0.00448853 0.00230704 0.00390201 0.00168512 -0.00482782 0.00410398 -0.000403929 -0.00584219 0.00167358 0.00580444 -0.000805005 0.00545875 -0.00402685 -0.00313817 -0.0021753 -0.000484593 -0.00183625 -0.00738614 -0.00685846 0.005206 -0.00300355 -0.00334246 0.00152031 2.67292e-05 0.0023484 -5.03499e-05 -0.00470788 0.000915041 -0.00376667 -0.00449337 0.00024822 0.00642828 -0.00644176 0.00201667 -0.00398065 0.00338062 0.00424043 -0.00747048
212676 0.0038572 -0.00442246 -0.00214324 0.00450299 0.00616974 0.00355333 0.00703255 0.00552083 -0.00121592 0.0047821 0.00469923 -0.00108505 -0.00424063 0.00242056 -0.00366525 -0.00296774 0.00665474 0.00227549 0.0017903 -0.00771379 -0.00747749 0.00628199 0.00545885 0.00667076 0.00667122 -0.00719782 -0.00142384 0.00384183 -0.000609879 0.00544009 -0.00390351 -0.00234837 0.00373432 -0.0058847 0.00770593 -0.00300146 -0.00359398 -0.0026288 -0.000273559 -0.0012241 -0.00516947 -0.00226176 0.00345384 -0.00349392 -0.00466046 -0.00711952 -0.000990642 -0.00530629 0.00279897 0.00446661 -0.00632814 0.00134685 0.00558555 0.0043607 0.00437748 0.00112429 0.00628908 -0.00349266 0.00418704 0.00528269 0.00726815 0.000323365 -0.00640503 -0.00174891
260950 0.00168133 3.65393e-05 0.00746017 -0.00197828 0.00671062 -0.000677565 -0.000826967 0.00272802 0.00609387 0.00739397 -0.00463602 -0.00196617 0.0054922 0.00564653 -0.000872298 -0.00401816 -0.00782755 0.00336234 -0.000898017 0.00285341 0.00598947 0.00553456 -0.00188992 -0.00742696 -0.00370224 -0.00614824 0.0024164 0.00288375 0.00690025 0.00711182 -0.00673366 -0.00324076 9.91833e-05 -0.00305397 0.00134552 0.00628661 0.00479411 0.00234743 0.00662378 0.00365494 0.00670568 0.00393722 -0.0056965 -9.62476e-05 0.00222394 0.00327059 -0.00367438 -0.00113047 -0.00523094 -0.000640763 0.00676419 0.00270616 0.0048067 0.000354628 -0.00259566 0.00262206 0.00633785 -0.00424935 -0.00215201 -0.00664879 -0.00575262 -0.00624557 -0.0023017 0.00239804
201195 0.0055126 0.00148143 -0.0074276 0.00411272 -0.000618368 -0.00578018 -0.00590189 -0.00451698 0.00401023 0.00798999 -0.00390074 -0.00116608 0.00256614 0.0054895 -0.0051869 -0.00675554 -0.000130325 -0.00399367 0.000707622 0.00715296 -0.00758226 0.0062577 0.00214698 -0.00294687 0.00547421 0.000848311 -0.00660765 0.00332091 0.00682279 0.00191076 -0.0020561 0.00114612 0.00570678 0.00516662 -0.00461941 0.00560551 0.0075931 0.00674373 0.00758386 -0.00538713 0.00609065 -0.00369036 -0.00603843 0.00503642 9.53154e-05 -0.00181897 0.00597623 0.00706606 6.97011e-05 0.00072211 -0.0022857 0.00508265 -0.00250043 0.00459414 0.00325383 -0.00325523 -0.00519936 -0.00437223 0.00405609 -0.00224172 -0.00414559 0.00631889 -0.00729704 0.000649721
330500 -0.00378083 -0.00107525 -0.00688874 0.00670932 -0.00569244 0.00194676 -0.00453277 -0.00566695 -0.00754643 -0.00393252 -0.00483139 -0.0011805 4.00041e-05 -0.00812841 -0.00303853 -0.00158881 0.00220183 -0.00738568 0.00671082 0.00246646 -0.000861953 0.00418261 -0.00499645 -0.0027675 -0.0066973 0.00144025 -0.00287351 0.00218202 0.00244659 0.00789355 -0.00119982 0.00284534 -0.00123802 -0.00271626 -0.00535741 0.00571697 -0.00444746 0.00403906 0.000595306 -0.0058639 0.0053045 0.00692274 0.00280578 0.00550671 -0.00150519 -0.00543384 0.00619899 -0.00631675 0.00224572 0.00130328 -0.00668438 0.00224886 -0.00315807 -0.00663865 -0.00499186 0.00338835 0.00519505 -0.00443032 -0.00197036 -0.00437963 -0.00402765 0.00500703 -0.00573298 -0.00236781
67828 -0.00488569 -0.00157081 -0.00558047 -0.00275249 -0.00560227 -0.0030722 -0.00205861 0.0020312 -0.00468092 0.000318659 0.004129 0.00413855 0.00349616 -0.00723423 -0.00444582 -0.0028184 -0.0055849 -0.00243032 -0.00715388 -0.00611898 0.00384035 0.00333035 -0.00725287 -0.0061912 0.00561252 0.00655979 0.000390762 0.00303656 0.00517965 0.0048193 0.00700193 0.00162962 -0.00421999 0.00726121 -0.00333374 -0.00599693 -0.00112943 -0.00395526 0.00783797 0.000829815 -0.0072936 -0.00152398 -0.00239303 0.00386621 -0.000961376 0.000934231 -0.00164963 0.00335937 -0.00714376 0.0017122 -0.00378578 -0.00469611 0.00744237 -0.0019978 0.000578952 0.00355126 0.0011301 0.00303251 -0.00660799 0.00243834 0.00271826 -0.00306327 -0.00613593 0.0042185
222937 -0.000150786 -0.00161109 0.00571357 0.00600538 -0.00517875 -0.00700782 0.00311156 -0.00250667 -0.00240228 -0.00479685 -0.00384856 -0.00204452 -0.00442267 -0.00280462 0.00350766 -0.000603778 -0.00472897 0.00715754 0.00423779 -0.00561183 0.00722803 -0.000186972 0.00359836 -0.00475999 0.00112064 0.00439729 -0.00311532 0.00227488 0.00364472 -0.00425734 -0.00574738 0.00474697 0.00599452 -0.00155112 0.00617873 -0.00265068 -0.00687572 -0.00681944 -0.00280537 0.00553896 -0.00382683 0.00375049 -0.00620139 -0.0053103 -0.00398089 0.00258108 0.00745142 -0.00526258 0.00262507 -0.00560246 0.0018295 -0.00698656 -0.00542913 -0.00484046 -0.00670523 0.00236599 8.02428e-05 0.00182621 -0.00424497 -0.00491653 -3.21487e-06 -0.00297315 0.00670531 -0.00749915
343413 4.54711e-05 0.00512948 -0.00316611 -0.00682592 -0.00172408 -0.00409873 0.0060146 -0.000714805 0.00727038 -0.00628724 -0.00158444 0.0019055 -0.00240735 0.00221579 -0.00499451 0.0066566 0.000400233 -0.00530043 0.00115402 -0.0065802 0.00248629 -0.00244494 -0.00299047 0.00241689 -0.0057112 0.00591569 0.00452647 0.00399292 -0.00624578 0.00683892 0.00336007 -0.00347044 -0.000480982 0.00456911 0.00468791 0.00317291 -0.00719254 -0.00278615 0.00604971 0.0070105 0.00431166 0.00074586 -0.000609732 -0.00427475 0.00664125 -0.00735563 0.00397079 -0.00314225 0.00762206 -0.00455312 -0.00257286 -0.00329323 -0.00566309 0.000346786 0.00108378 -0.00353266 -0.00328729 -0.00074774 0.00329562 0.00495148 -0.00430797 -0.00372621 -0.00665504 0.0053756
164303 -0.00702902 0.00151642 0.00783321 0.00489021 -0.000247959 0.00365363 -0.00652917 0.00206635 -0.00652924 0.00126078 -0.000548078 -0.0014308 0.00749953 -0.00287762 -0.00100639 -0.0028507 -0.00267418 0.00342998 -0.00164948 0.00386709 0.0059268 -0.00745052 -0.00305267 -0.00749437 0.00660416 -0.000955423 0.0016786 0.00449373 -0.00514587 -0.00583429 0.00653608 3.84026e-05 0.00109066 0.00455282 -0.00280418 0.00686867 0.00457554 0.00223899 0.00192622 -0.00377353 -0.00215003 0.00649743 -0.00120175 0.00125361 -0.00621054 0.00331605 -0.00280522 -0.000339085 0.00701451 -0.0025139 -0.00605831 -0.000365271 0.00363194 0.00572194 -0.00278985 0.0061481 -0.00681265 -0.00524089 0.0064111 -0.00677261 0.00511528 -0.00621738 0.000254976 -0.000448709
201931 -1.10097e-05 -0.00631082 -0.00678111 0.00118304 0.00213882 0.00650672 0.00665534 -0.00699107 -0.00437159 -0.000123907 -0.00461463 -0.00559495 -9.57318e-05 -0.00572523 0.00513413 0.00390529 -0.00291906 0.00656555 0.0022709 -0.000296991 -0.00492084 0.0045057 0.0039805 -0.002436 0.00550973 -0.0050739 0.00616007 -0.00786255 0.00310337 -0.000185144 -0.000905515 -0.000657101 -0.00375193 0.000936411 -0.00348923 -0.00399526 -0.0037547 -0.0051437 0.00712086 0.00296939 -0.00320352 -0.00082944 -0.000137908 -0.00167927 0.00607674 -0.00357748 0.00433152 0.000836514 -0.00736908 0.000893295 -0.00571837 0.002974 -0.00426038 -0.00438985 -0.00598411 -0.0028702 -0.000248904 -0.00419722 0.0028296 0.00689956 0.00489986 -0.00340988 0.00349711 0.00179427
171073 0.00187937 -0.00371988 0.00802809 -0.00279148 0.000185533 0.002269 0.00231656 -0.00191719 -0.00188062 -0.00543687 0.00576981 0.00256951 0.00363575 -0.000872584 -0.00423153 0.00521452 0.0031282 0.00074031 -0.00256306 -0.00635464 0.00170087 -0.00196806 -0.00454805 -0.00529074 -0.00307948 -0.00306092 -0.00348075 -0.00507845 0.00611018 -0.00502398 0.00104725 0.00215456 -0.00553641 0.00346456 0.00764885 -0.0030822 0.00536059 -0.000263549 0.0040216 0.00298481 -0.00256798 -0.00464939 0.00275142 -0.00417141 0.00632166 0.00431562 0.00359433 0.00615071 -0.00532012 -0.00153314 -0.00610484 0.000314315 -0.000596646 -0.00656321 -0.00405191 0.0047649 0.00291107 0.00146454 -0.000798047 0.00738192 -0.00544896 0.00298391 0.00291405 0.000806796
331228 0.00389882 -8.85775e-05 0.00654554 9.15206e-05 -0.00350112 -0.0029736 0.00657405 0.00434258 -0.00614605 -0.00160525 -0.00445301 -0.00245812 -0.00735022 -0.0069616 -0.00763942 0.00227348 -0.00480247 0.00595117 0.00654737 0.00637988 0.00338676 -0.00774827 0.00292488 0.000235623 -0.0052091 0.000450117 0.00655675 0.00111544 -0.000238052 0.0064312 -0.00760874 -0.00759586 -0.0032191 -0.000667317 -0.00349207 -0.00283281 -0.000498543 0.00295668 -0.000923582 -0.005071 0.0039006 0.004439 7.7027e-05 -0.00380987 -0.00383989 0.00463051 -0.00383236 -0.0020838 0.00461325 0.00653399 -0.00443703 -0.00709657 0.00364152 -0.000766483 -0.000709908 -0.00545074 -0.0026174 0.00371833 -0.00601709 -0.00518118 -0.00255441 0.00428989 0.00589024 -0.00761487
49406 0.00458659 0.00250834 -0.00156995 -0.00708132 0.00223781 0.00436165 0.0046566 0.00663269 -0.00126312 0.00168725 0.000106421 -0.00536045 -0.00264978 -0.00412712 0.00719652 0.00521141 -0.00791783 0.00285683 -0.00408457 0.0041723 0.00105472 -0.000424216 0.00367966 0.00727665 0.00565218 -0.00640038 -0.00159255 0.00677712 0.00415804 0.00572902 0.00688309 -0.00661809 -0.00325067 -0.00120509 -0.000777318 -0.00761163 0.00152841 -7.53087e-05 0.00722161 0.000589562 -0.00271346 -0.0029561 0.00693702 -0.00530761 0.00104138 -0.00214616 0.00749287 -0.00317823 0.00678708 0.00151888 -0.00546608 0.004972 0.00472887 0.00508576 -0.00641313 0.00311424 0.000766259 0.0020438 0.00741234 -0.00739019 -0.00197189 0.000207303 -0.00384849 -0.0050493
191892 -0.00724715 -0.00469037 -0.000234968 -0.00116773 0.00405576 -0.00126439 -0.00741352 0.00768493 0.00509043 0.00142587 -0.000241427 -0.00110011 0.00682952 0.00514966 -0.000478482 -0.000258535 0.00497044 -0.00378302 0.00493862 0.00758995 0.00319307 0.00784159 -0.00172406 0.000664793 -0.00347853 0.00297358 0.00594094 0.000695714 -0.00090726 0.00356609 -0.00577011 0.00468143 -0.0043258 0.00409243 -0.00256239 0.00098462 -0.0058075 0.00716505 0.00315507 0.00345153 -0.00268846 -0.0023965 0.000449202 -0.00720439 0.00691245 -0.00685313 0.0076886 0.00101521 -0.00764218 -7.83879e-05 -0.00609802 0.00683652 -0.00761841 -0.00464384 0.0063373 -0.00459188 -0.00777568 0.00375754 0.00733827 0.00118118 0.00381939 -0.00309603 -0.00302048 0.00493635
86214 -0.00298308 -0.00781207 0.00388298 0.00134462 -0.00290315 -0.00610413 0.00386679 0.00223037 -0.00198705 0.00313143 -0.00121702 -0.00701115 0.00347279 -0.00553269 -0.00174538 -0.00474004 0.00582804 -0.0022011 0.00125066 -0.001689 -0.00489242 -0.0025492 -0.00502362 0.00454708 0.00465093 0.000762879 0.00759204 -0.00531807 0.00404044 0.00292232 0.0046297 0.00257084 0.00275215 -0.00564726 -0.00399798 0.00290455 -1.33635e-05 0.00343403 0.00118542 -0.00567881 0.000371136 0.00774701 -0.00370941 0.000508866 -0.007837 0.00700942 0.00597259 0.000419119 0.0075014 -0.00569352 0.0044977 0.00726057 -0.00557886 -0.00662914 -0.00496329 0.00734573 0.00511334 -0.00737916 -0.000408733 -0.00270934 -0.00101098 -0.00635074 -0.00775592 -0.00537223
206963 0.00697585 -0.000261125 -0.00372779 0.0073314 -0.0003266 -0.00426663 0.00221944 -0.00688225 0.000704738 0.0043169 -0.00691117 -0.00100356 -0.0065756 0.00767429 -0.00704002 -0.00613474 0.00603314 -0.00315706 0.00751326 -0.00282614 0.000815732 0.00381873 -0.00527141 0.00414734 -0.00257572 -0.00203053 0.00553738 -0.00700069 -0.000869579 -0.00144561 0.00256539 0.00266931 0.00360366 0.0028966 -0.00770189 0.00110245 0.00216389 0.00615586 0.00760234 0.00336856 -0.00487169 0.00519253 0.00200648 0.00429625 0.00573876 0.0011016 0.00416797 -0.00740098 -0.00298371 0.00080572 -0.00198625 -0.00785235 0.000368937 -0.000810592 0.00371766 0.00441345 0.00268219 0.00710669 -0.00217503 -0.00316947 0.00687468 -0.00323024 0.00528032 0.0070792
233302 0.00492899 0.000420852 0.00157584 0.000535293 0.00707865 0.00213827 0.00496493 0.0062216 -0.00174986 -0.00518768 0.00252972 -0.000327533 0.00573133 0.00244699 -0.00319733 0.00468503 -0.00729306 0.00499226 0.00663306 0.00134998 0.00586846 0.00731596 0.00554801 -0.00757023 -0.00349767 -0.00166122 -0.00631916 0.00735778 0.00419754 -0.00635995 0.00663979 -0.00337765 0.00725877 -0.00649396 0.00675875 0.00669963 0.00744798 -0.00573766 0.00597134 0.00564626 -0.00619524 0.00742454 0.00237495 -0.00106846 -0.00548008 -0.00782176 -0.00403149 -0.0010141 0.00720762 -0.00375076 0.000987866 0.00124518 0.00661249 0.00500077 0.00531918 0.00725262 0.00281525 -2.43333e-05 -0.00791037 0.0076305 -0.00375256 0.0059819 0.00380932 -0.00181857
343018 -0.0047957 0.000987199 0.00485667 0.00368615 0.00595125 0.00328018 -0.00763441 -0.00254846 -0.00128479 0.003086 0.00753993 0.000249787 -0.00121078 0.00770182 0.000164878 -0.00170514 -0.00713099 -0.00423133 0.0064288 0.000226463 0.00298721 -0.00410582 -0.00301102 0.00103162 0.000345706 -0.00281197 0.00569505 -0.00469369 -0.000950855 -0.00117661 -0.00207666 -6.63915e-05 -0.000325205 -0.000486002 0.00522875 0.00708958 -0.00112181 0.000213885 0.00194367 0.000139318 0.000202063 0.00773393 0.00529029 0.00157936 0.00716326 0.00464554 -0.00158944 0.00159321 -0.00186951 -0.0030672 0.000814596 0.00499145 0.00277952 -0.0049919 -0.00357072 -0.00346336 0.000149215 -0.00597813 -0.00313307 -0.00108912 0.00566202 -0.00376677 -0.00406064 -0.00407056
159324 0.00740819 -0.000475236 -0.000160394 0.000245827 0.00738003 -0.00267123 -0.0029176 -0.00724217 0.00261922 0.00363083 -0.00339113 6.88081e-06 0.00215771 -0.00365089 0.00016221 -0.000285369 -0.00606455 -0.00338702 0.00504224 0.00688244 -0.00673585 -0.00286761 -0.00714856 0.00746828 -0.00054397 -0.00190802 0.00428207 -0.000421138 0.00355324 0.00154277 -0.00553007 0.00435588 0.00530381 0.000242289 -0.00715283 -0.00220878 -0.000913975 0.00324322 -0.0050651 -0.00690892 -0.00449228 0.0078289 -0.00491642 0.00733903 0.0064678 -0.00757172 0.00524818 0.006119 0.000583381 -0.00469444 -0.00750512 -0.00374739 0.000877479 -0.00725673 -0.00272505 -0.00711993 -0.00320503 0.00450687 0.00167739 -0.00592965 0.00403944 -0.00174368 -0.0036129 0.00313289
26312 -0.00073106 0.00267921 0.00288516 -0.00266151 -0.001819 0.00560603 -0.00108067 -0.00494108 0.00218325 -0.00625715 -0.00299808 0.00436421 0.00588906 -0.00281789 0.00253732 -0.00489387 0.00736109 -0.00338848 -0.00548889 -0.00490158 0.000666785 -0.000694983 -0.00605279 -0.00326573 -0.00770327 -0.0035388 0.00727421 -0.0065396 -0.00236732 -0.00341549 -0.00721569 -0.00587864 -0.00557808 -0.0023282 -0.00206071 -0.00269642 0.00665177 0.00472223 0.00641776 -0.000714028 -0.000479426 0.000982221 -0.00463803 0.00216214 -0.00568164 -0.00427996 0.00260416 -0.00533631 0.00608688 0.00766928 -0.00492885 -0.00766906 0.00607551 -0.00179066 0.00454954 -0.00712994 0.00294368 0.00724403 0.00514405 -0.00659065 -0.00119165 0.00288851 -0.00279634 0.000612865
172331 -0.000304347 -0.00685333 0.00746503 -0.00570619 0.00462309 -0.00508092 0.000242114 -0.00100927 -0.00218737 -0.00557676 -0.00283018 -0.00382131 0.00760916 -0.000764995 0.00482793 -0.00608711 0.0048869 0.00780569 0.00490078 -0.00658981 -0.00500917 -0.00162354 -0.00704664 -0.00700689 0.000735123 -0.0042663 -0.00674339 0.00431432 0.000885996 0.00269127 -0.00391419 -0.00764684 0.00729975 0.0023059 -0.00576978 0.00119579 -0.0028867 -0.000974678 0.00399782 -0.0062031 -0.00697007 0.00455272 0.00626564 -0.00367747 -0.00423421 -0.000310856 -0.000258178 0.00395367 -0.0015262 -0.00480237 0.00346649 0.00198897 -0.000505898 0.00343924 0.00713889 0.00116716 0.00524958 0.00207316 -0.00255487 0.00506166 0.00558222 -0.00636094 -0.00202133 0.00734497
212575 -0.00173412 -0.00704237 -0.00119136 -0.00197848 -0.00160722 0.00243096 -0.00445741 0.00712547 -0.00196428 0.00321428 -0.00658396 -0.00286747 -0.00235189 -0.000495682 -0.00304083 -0.0023521 -0.00250001 0.00309457 -0.00373414 0.00687785 0.000445179 -0.00188205 0.00591183 -0.00313612 0.00725201 0.00723821 -0.00450694 0.00495648 -0.00637519 -0.000592643 -0.00014691 -0.00129697 -0.00158852 0.000997441 -0.00542324 -0.00312617 0.000658156 0.00370222 -0.00577036 0.00646657 -0.00423495 -0.0034794 0.00439109 0.00749313 -0.00277608 -0.00242157 -0.00190527 0.000728104 0.000251571 0.00538059 0.00502487 -0.00488627 0.0013448 -0.00708466 0.00149868 -0.00104545 -0.00189485 -0.00409859 -0.00757895 -0.00215623 0.000713502 -0.0069822 0.00590254 0.00339988
180647 0.00747945 0.000770835 0.00133311 -0.00769831 0.00542178 -0.00532039 0.00374517 -0.00112354 0.00249599 -0.00596142 0.00518757 0.00511984 0.00488314 0.00313892 -0.00766629 0.000446197 0.00440217 -0.0049428 -0.000595583 0.00148237 0.00205964 -0.00533561 -0.00529555 0.00127999 0.0026257 0.00289225 -0.00737795 0.00765858 -0.00511466 0.00486054 -0.00735845 0.00526808 -0.00747477 0.00356182 0.00387451 -0.00477205 -0.00750869 -0.00325597 0.0066006 -0.0025214 0.00427388 -0.0064072 0.00549992 -0.00140172 -0.00756918 0.00598806 0.0071141 0.00613068 -0.00475229 -0.000395909 -0.00471003 -0.0034254 -0.00654728 0.00549776 -0.00759345 0.00626589 -0.00043647 0.00399238 -0.00377573 -0.00436923 -0.000431146 -0.000398873 0.00537369 -0.00694693
344414 0.00240356 0.00682609 0.00111701 -0.000452131 -0.00240705 -0.00653298 0.00272106 -0.0075446 0.00440959 -0.0039356 -0.00249373 -0.00422442 0.00413199 0.00663363 -0.00402911 0.00386021 0.00509994 0.00333541 0.00468446 -0.00183283 -0.00683477 0.00767684 0.00637796 0.00703992 0.000938973 -0.00592137 0.00215813 0.000436338 0.00123444 -0.00101708 0.000449093 -0.00402787 0.00648144 -0.00264151 0.00361707 -0.000402836 0.0030705 -0.0033625 0.00118158 -0.00369888 0.00721454 0.00557549 0.00181438 0.00363568 -0.00107994 0.00224552 -0.00277926 0.00211499 0.00659537 -0.00614998 -0.00740194 0.00724113 -0.00462345 -0.0055765 0.00756928 0.00476387 0.00396377 0.00250937 0.00628844 -0.00167158 -0.00557458 0.0051944 0.00332732 0.00239562
344520 -0.00536741 -0.00543151 0.00601535 0.00365563 0.000762375 -0.00353162 -0.00358706 -0.00169508 0.00353228 -0.00149186 0.00561553 -0.00235244 -0.00704015 -9.91882e-05 0.00612288 0.00174039 0.00322693 -0.00650368 -0.00316053 -0.00605672 0.0054614 0.0017355 0.00276873 0.00687853 -0.00748021 -0.000422017 0.00308887 -0.0043284 1.48803e-05 -0.000155181 -0.00343885 -0.00594883 0.00269502 0.00767103 -0.000981556 0.00503002 0.00749393 -0.00361657 0.00734102 -0.00577 0.000898218 0.00201411 -0.00660292 0.00040019 -0.00483689 0.00308733 -0.0068233 -0.00542489 0.00175531 -0.003433 -0.00780509 0.00518505 0.00485196 -0.00140399 0.00472508 -0.00170596 -0.00187585 0.0062296 -0.00164945 -0.00143597 0.000512381 -0.00752776 -0.000159414 0.00483475
180404 0.00649577 0.001066 0.00252977 -0.00415916 0.0023917 -0.00589237 -0.00619166 0.00351107 -0.00720429 -0.000599766 -0.00561529 0.00208151 -0.00698697 -0.00501125 -0.00362033 -0.00413025 -0.00611489 0.00096007 -0.00281415 -0.00581523 0.0010716 -0.00339734 -0.000121719 0.00166137 0.0072589 -0.000427504 -0.00299801 -0.00292092 0.00353761 0.00292923 0.00695861 -0.000745189 -0.00210069 0.0060791 0.00256413 -0.000671117 0.00493666 -0.00101335 0.000718108 0.00539333 0.00536098 -0.00725293 0.00385845 0.00771981 -0.00156619 0.00153026 -0.00317832 -0.00339352 0.00422214 -0.00764899 -0.00277342 0.00697677 -0.0053108 0.00252373 -0.00383128 0.000105343 0.00763694 0.00722604 0.000729853 -0.00354684 -0.00548512 0.000131312 0.00192849 -0.00474085
316784 0.00305176 -0.00607157 -0.00120115 0.00672436 -0.00280237 -0.000105381 -0.00157452 0.00281382 0.00360346 0.00363111 -0.000805855 0.00662947 0.00187826 -0.00287104 -0.00388527 -0.00442362 -0.00389433 0.00671911 0.00571918 -0.00411129 -0.00379372 0.00364017 0.0062685 -0.000283241 0.00426722 -0.00256538 -0.00598335 0.00131464 -0.000494003 -0.00471783 0.00465441 0.00341988 0.00144672 0.00256348 0.0037446 -0.00667763 0.00184059 -0.00224304 -0.00474072 0.00533533 0.00117159 -0.00553656 0.00204277 0.00354242 0.00277042 -0.00133562 0.00168276 -0.0015955 -0.00274086 0.00525713 0.00285578 0.00610876 -0.00653124 -0.00177956 0.00189114 -0.00139189 0.00355339 0.004704 0.00461388 0.000116825 0.00719881 -0.00447416 -0.00616932 -0.00636578
227943 0.00597693 -0.0052379 -0.00355822 -0.00369597 0.003823 0.00412918 0.00415533 -0.00098373 -0.00268976 -0.00646294 0.000485769 0.00246205 -0.00558319 0.00301889 -0.00526159 0.00271409 0.0053344 -0.000483803 -0.0026265 0.0043903 -0.000351486 -0.00411817 0.00671047 0.00196429 -0.00217311 0.00427828 -0.00396237 -0.00346934 -0.000215024 0.00335288 0.000322625 0.00631801 -0.00123274 -0.000239411 -0.000284938 0.00584978 -0.00262415 -0.00470711 -0.00230159 -0.00746594 -0.00715395 0.00105343 -0.00429328 0.00633415 -0.00563277 0.00299553 -0.00612776 -0.0025013 0.00402067 0.00436723 -0.00362406 0.00368939 0.00555464 0.00136617 0.00315637 0.00666073 -0.00394266 0.00615547 0.00735846 -0.00604938 -0.000323309 0.00139523 -0.00158358 -0.0048396
276660 -0.00372864 0.002465 0.00373428 -0.00465933 0.00139407 0.00479817 -0.00122464 0.00236478 0.00551783 0.00531165 0.00234185 0.00259503 -0.000831014 0.0023171 0.00610996 -0.00467222 -0.0064362 0.00710893 0.00330944 0.00118244 -0.00354806 0.000135988 -0.00591969 0.00102408 -0.00634398 -0.00769751 -0.00249595 -0.00502549 0.00776233 -0.00119064 -0.00192732 -0.000165747 -0.00072517 0.00766503 -0.00453662 0.000856575 -0.00224276 0.00057998 0.00629656 0.00503536 0.00777326 -0.00196017 0.000808567 -0.00590382 -0.00157066 0.000210516 -0.00192012 -0.000210777 0.00779936 -0.00184336 0.00441532 -0.00679838 -0.00295037 0.00410731 0.00414415 -0.00288912 0.00293633 -0.00478971 0.000122127 0.00184013 0.00269322 0.00075977 -0.000265068 0.00405572
109328 -0.00466416 0.007393 0.00665196 -0.00500463 -0.00715617 0.00773034 0.00761722 0.000124787 0.00503327 0.00553101 0.00090472 -0.00181818 0.00676862 0.00733032 0.00391497 0.00650646 0.00316209 0.00266139 -0.00143434 0.00710921 -0.00462942 0.00507322 0.000166762 -0.00218271 0.00622634 0.00387128 0.000315109 0.000549535 0.00405534 0.00789755 -0.00682924 -0.000651821 0.00402174 -0.00241478 0.00376952 -0.00279294 0.00229899 0.000498399 -0.00346668 -0.0054555 0.00352309 -0.00511918 -0.00621797 0.000802597 0.00119665 -0.00124311 0.00050487 0.00280468 0.000475637 0.00256125 -0.00143015 0.00700371 0.00358788 0.00636032 0.00177962 -0.00159674 0.00315902 -0.0050341 -0.00398361 -0.00744592 -0.00699442 0.000695525 0.00517642 4.85338e-05
205542 0.00121803 -0.00786402 -0.00126707 -0.00555544 0.00454118 -0.00465286 0.00103405 0.00258768 -0.00352883 -0.000247753 0.000232788 0.00368638 -0.00026386 0.00683721 0.00110255 -0.00107209 0.00595747 -0.00182134 -0.00280267 0.00393447 -0.00258291 0.00699706 0.00199869 0.000967544 -0.0051666 -0.00416225 -0.00168664 -0.00635398 0.0084604 0.00246948 0.00425169 -0.00338824 0.00650188 -0.00433204 -0.00175697 0.00613689 0.00231241 0.00535146 -0.00117037 -0.00127897 0.00795901 -0.00669926 0.00589646 0.00564618 -0.00340353 -0.000493014 -0.00501627 -0.00356887 -0.00275295 -0.00573145 0.00533332 0.00686936 0.00607203 0.000430611 0.000688494 -3.86753e-05 -0.00115924 0.00493202 0.000492832 0.00517592 0.00167278 0.000637169 -0.00152973 0.00205213
338850 0.00112338 -0.00453021 -0.00479438 0.00124519 0.00736734 0.00456905 -0.00735727 -0.00292165 0.00281241 8.88857e-05 -0.00386175 0.00712175 -0.00192382 -0.000356698 0.00463323 0.00522403 -0.00216971 -0.00138307 -0.00661726 -0.00375017 -0.005056 -0.00685589 0.000695055 -0.00483407 0.00443221 -0.00580366 -0.00533425 -0.00486546 -0.000385109 -0.00740654 -0.00235893 0.00752984 -0.00719264 0.00328675 0.00757371 -0.00138176 -0.00462773 -0.000750536 0.00209323 0.00145274 -0.00646757 0.00151558 -0.00125551 -0.00677695 0.00198124 -0.00380847 -0.00165974 -0.00555146 0.00453838 0.00591817 -0.00324718 -0.00483281 -0.00474758 0.00167138 -0.00304301 -0.00297962 0.000533456 0.000900195 -0.00187425 -0.00612608 0.00483444 0.00561485 0.00349769 -0.00807298
149589 -0.00536295 -0.000806414 0.00624989 -0.00141537 -0.00314001 0.0023623 -0.00237187 -0.00634404 -0.00601884 -0.00278199 -0.00676933 -0.00650265 0.000918009 0.00444619 -0.00491509 0.0038944 -0.00262938 -0.000197426 -0.00102864 -0.00248935 0.00497838 0.00732699 0.00404748 0.00480852 -0.00555413 0.00313965 -0.00187444 0.000251106 -0.00133682 -0.00251861 0.00646642 0.00773872 0.00284097 0.000426681 0.00520013 0.00221265 0.00505262 -0.00608734 0.00686074 -0.0070517 0.00388939 0.00626648 0.00303448 0.00659887 -0.00411701 0.00472982 0.00457212 0.00217216 0.00665308 -0.00190838 -0.00105466 -0.00471532 -0.00234831 0.00234899 -0.00434865 -0.00448018 -0.00561544 -0.00186121 -0.00695799 -0.00284549 0.00245164 0.000903026 0.00340737 0.0030334
292777 0.00187898 -0.00569135 0.00141013 -0.00649533 0.00687528 -0.00555451 -0.00400822 -0.00470074 -0.00663587 0.00405092 0.0029058 -0.000767329 -0.00199964 0.00335094 -0.00592973 -0.0034301 8.95963e-05 0.00652698 0.00641681 -0.00306121 0.00478647 0.00627051 -0.00284947 -0.000707414 -0.00534508 0.00228482 -0.00437371 -0.00212016 0.000768782 -0.0036615 -0.00442105 -0.00269339 0.00689087 0.00470399 0.00407792 0.00394541 -0.0014631 0.00627412 0.00312869 0.00337005 -0.00361369 0.000874279 -0.00430297 0.000375181 -0.00437032 0.00294728 -0.000435109 0.00167683 -0.00500201 0.00279034 -0.000598139 -0.00659595 0.00297534 0.00248229 -0.00683568 0.00755852 0.00637051 0.00393214 -0.000478112 -0.000211834 0.00228723 -0.00760939 0.0059288 0.000295194
173521 0.00493962 -0.00515866 0.00524067 0.0010093 0.00121035 -0.00548155 0.00562913 -0.00338524 0.00153858 -0.00526256 -0.0019351 0.00721555 0.00276518 0.00111477 -0.000852518 -0.00733079 -0.00646625 -0.000503828 -0.0012169 0.00751449 -0.00482339 0.0017125 0.00408055 0.00271188 -0.00450759 -0.00484744 -0.00314108 -0.000259524 -0.00567476 0.00783828 -0.000393591 -0.00076864 -0.00159898 -0.00470308 -0.006497 -0.000625169 -0.00180197 -0.000636993 0.00542906 -0.00759994 -0.00127029 0.00250323 -0.00757443 0.000501773 -0.00478702 0.00729318 -0.00736258 -0.00129493 0.000288085 -0.0030651 -0.00658635 -0.00172919 -0.00767617 -0.00571024 -0.00595993 0.00649301 0.00745329 0.0022648 -0.00789663 -0.00577541 0.00414032 -0.0048931 -0.00508016 0.00289703
219845 -0.00695558 0.00729859 0.00300237 -0.00316436 -0.00187078 -0.00726612 0.00606054 0.000386831 -0.00484909 -0.00210268 0.00610923 0.00774043 0.00548089 -0.00526858 0.00016013 -0.0060127 0.00456123 -0.00118164 -0.000981991 0.00305867 0.00037165 -0.00246124 -0.00572289 0.000307524 -0.00458075 -0.00712309 0.00386094 -0.00540839 0.00638709 -0.00440067 -0.00108914 -0.00228621 -0.00565506 0.00566793 0.00185107 0.007193 0.00293341 0.00620346 0.00440314 0.00575647 -0.000560157 0.00471848 0.000983982 -0.00679924 -0.0035467 -0.0046891 0.0010898 0.00653032 -0.00169816 -0.00338144 -0.00046315 -0.00448716 0.00184695 -0.00686261 -0.00495281 0.00478297 0.00773216 0.00020851 0.000419712 -0.00370893 -8.16189e-06 -2.99753e-05 -0.00641351 0.00695147
269799 -0.00476425 -0.00128321 0.00366376 -0.00413474 -0.0071823 0.00280794 -0.000668088 0.0014299 0.00598966 0.00338526 -0.000238831 -0.000824623 0.00385379 0.0046544 -0.00524193 -0.00574293 0.00499305 0.000961974 0.00586383 -0.00350223 0.00564781 0.00542466 0.00713614 0.00044334 0.000619973 -0.00116383 -0.00464184 -0.00590532 -0.00607015 -0.00603335 -0.00333955 0.00023464 0.00375754 -0.000589905 0.00284888 0.00706271 0.00375953 0.00535622 -0.00113121 0.00295333 -0.00503516 -0.00663362 0.00603064 0.00432834 -0.00666457 -0.000832025 0.00285044 -0.000394727 0.00409514 -0.00544476 -0.00266716 -0.00586139 -0.00294219 0.0070284 0.000547132 0.00701547 -0.00604393 -0.00257343 -0.00105573 -0.00168108 0.00543137 0.00624407 0.00128848 7.0244e-05
300941 0.000814015 0.00679512 -0.00731459 0.00508544 0.00345865 -0.000765832 -0.00393741 0.00241491 -0.0047403 -0.00692252 0.00647718 0.00315501 0.00365076 -0.00334724 0.00407264 -0.00483469 0.00608067 -0.00525278 -0.00483799 -0.00707998 0.00394352 -0.00198208 -0.0034624 0.00385771 -0.0061878 -0.00695454 0.00452938 0.00256349 -0.000259598 -0.0020398 0.00442134 0.00652827 -0.00319586 -0.00561624 -0.00623696 0.00218323 -0.000419315 -0.00127102 -0.00489971 -0.00147846 0.00527249 -0.00675876 -0.000242367 0.00469191 0.00327729 -0.00353629 -0.000392184 0.00700243 -0.00639085 0.00673164 0.00550828 -0.00464855 -0.00156844 0.00460663 0.00728153 -0.00567312 0.00733965 0.00108346 0.00163378 0.000615046 -0.0032645 0.00489505 -0.00562567 -0.00598777
124841 0.00821058 -0.00161056 -0.00508956 -0.00764461 -0.0059756 -0.00437952 -0.00225783 -0.00215598 -0.00518696 0.00390049 -0.000677085 0.00270743 0.00297517 0.00675621 -0.00588804 0.00636857 -0.00516536 -0.00819091 -0.00360783 0.00524752 -0.00360895 0.00257999 0.00183216 0.00336975 -0.00338097 -0.00540052 -0.00586736 0.000302507 -0.00321946 -0.00477393 -0.00649372 -0.00735566 -0.00192893 0.00120345 -0.00519288 0.0040091 -0.00284643 -0.00346508 0.00797358 -0.00142381 -0.00465009 0.00645263 -0.00196961 0.00497129 0.00465194 0.00362859 0.00053358 0.00286706 -0.00260515 -0.00562328 0.00368664 -0.00793253 0.00222532 -0.00630675 0.00403281 0.00308218 0.00324426 -0.00479285 -0.00175414 -0.00476909 0.00520538 -0.00446122 0.00348621 -0.00865513
345620 0.00389579 -0.00329551 -0.00529729 -0.00329404 -0.0021354 -0.00201825 0.00266709 0.00705627 -0.00396458 0.000876848 0.00471863 0.00249619 0.0067656 0.00178898 0.00281104 -0.00186541 -0.000149499 -0.00181852 0.00409223 0.00724184 0.00629037 0.00722391 -0.00677188 -0.000107137 -0.00748597 -0.00159035 -0.00165461 -0.00738627 -0.00517024 -0.00493541 -0.00622339 0.00611641 -0.00641142 0.00529058 0.00395102 -0.00164301 -0.00521291 -0.00110087 -0.00498577 0.00324588 0.000953687 -0.00668532 -0.00719423 0.00482239 -0.0008634 -0.00158949 0.00785747 0.00057966 0.00694958 0.00571398 -0.00507514 0.00273885 -0.000285078 0.00523954 0.00317768 -0.00286205 -0.00766834 0.0024482 0.00411369 -0.000905029 0.00690762 -0.00159219 0.00554462 0.00651955
345777 0.00383452 -0.000971166 0.00173758 0.00100562 -0.00502081 0.00414998 -0.00577067 -0.00756184 0.000586311 0.00622956 -0.00347559 0.00200667 -0.00208626 0.000984574 -0.00449918 -0.00448922 0.00673164 -0.00701516 -0.00143996 -0.00379268 0.00425438 -0.00749746 -0.0061959 0.00163086 0.00235766 -0.00693973 -0.00504239 0.00583465 -0.000507863 0.00191254 0.00592704 0.0065441 -0.00777122 0.00272224 -0.00578685 -0.00213088 -0.000228586 0.00160818 0.00381717 0.00199564 0.00256158 0.00418821 0.000177039 0.00104233 -0.00343329 -0.0027555 -0.001251 0.00606847 0.00591955 0.00118152 0.00552736 0.00329223 0.00123446 0.000510526 -0.00656372 -0.00167306 0.00743596 0.0067548 -0.00742278 0.00347981 0.00189551 -0.000745989 -0.000736219 -0.00656894
284563 -0.0025543 -0.00383253 0.00178651 -0.00340275 0.0038791 0.00443817 -0.00138783 0.0041372 0.000540882 0.00173696 0.00180945 0.00777288 -0.00173813 0.00138986 -0.00697533 0.000557016 -0.0040203 -0.00312816 0.00248837 -0.00695521 -0.00143752 -0.00606105 0.00438224 -0.00600456 -0.00606455 0.00518743 0.00156414 -0.00256689 0.00650584 -0.00526689 -0.00531874 -0.00590895 -0.0047902 -0.00448402 -0.00579138 0.00536436 -0.00456953 0.0067927 -0.00635632 -0.00608633 0.00470833 0.000994755 -0.00369268 -0.00438996 -0.00127133 -0.00700996 0.00673221 0.000956476 0.00191972 -0.00301975 0.00728874 -0.00450615 -0.00381464 -0.00507465 0.00310899 0.00340184 -0.00355107 -6.47894e-05 -0.00726181 -0.00682098 -0.00203947 0.00432345 -0.00770557 -0.0048804
248743 -0.00344889 0.00274643 0.002927 -0.00106958 0.003343 -0.00325473 0.00437711 0.00557847 -0.00387901 0.00779974 -0.00692527 0.000949635 0.00448914 -0.0069507 -0.00599373 0.00656416 0.00221913 0.00642216 0.000952312 -0.00521368 0.00558045 0.00680204 0.00223634 0.000833614 0.0044787 0.00661572 -0.00256037 -0.0047291 0.00312537 0.00768291 -0.00408842 0.00749844 -0.00370828 -0.00628428 -0.00667096 0.000116437 0.00357115 0.00729461 -0.00642603 0.00157205 0.00360437 0.000351399 -0.00240793 -0.00247458 -0.000652532 0.0028618 -0.00621921 0.00710925 -0.00622623 0.00178331 -0.00448461 0.00428444 -0.00198976 -0.00364578 0.00492264 0.000557425 -0.00704045 -0.00301958 -0.00381547 -0.00783325 -0.00535236 -0.0034827 6.96539e-05 0.000621479
314742 0.00761782 -0.00675722 0.00703007 -0.00107425 -0.00331198 0.00269006 0.00455701 -0.000547996 -0.00434523 0.00692097 -0.00189608 0.00477574 0.00772896 0.0033604 0.00298122 9.48357e-05 0.00512824 -0.00535958 -0.00067942 0.00675145 0.00293624 0.00452601 0.00343541 0.00749925 0.00123906 -0.00677107 -0.000377184 0.00308284 0.00190166 0.00455642 0.00416103 -0.000393555 -0.00352851 -1.18812e-05 0.00425639 0.00136554 0.00791292 0.00629897 -0.00477827 0.00765557 0.00374973 -0.00354142 -0.00435895 -0.00561952 0.00042108 0.00360294 -0.00686187 0.00594773 0.00481885 6.56912e-05 0.00436058 -0.000834952 -0.00518063 0.00473655 -0.00403855 0.00304619 0.00695056 0.00533693 -0.000256051 0.000393155 -2.45998e-05 -0.00119765 -0.00155468 0.00471803
37641 -0.0036837 -0.00230555 0.00709769 -0.00409973 -0.00566469 0.00455623 0.00219116 -0.0039119 -0.000521417 0.00427563 0.00509693 0.00129516 0.00576102 0.00633693 0.00235463 0.00612901 -0.00752974 0.00496606 -0.00284375 -0.00509583 0.00688972 -0.00157842 0.000784462 0.00668874 0.00571021 -0.000295487 0.00244166 0.00174942 0.00621288 0.00394956 -0.00792759 -0.00652225 0.00517334 -0.00686743 0.000787623 0.00420613 -0.000565208 -0.00250861 -0.00292487 0.00322294 0.00146878 0.00602574 0.00637092 -0.00435456 -0.00398334 -0.00331862 -0.00165555 0.00356114 0.00282341 8.61498e-05 -0.00208003 0.00486353 -0.000418162 -0.00339452 -0.00381399 -0.000460938 -0.00620609 -0.00699583 -0.00568561 -0.00538413 -0.00207616 -0.00570411 0.00276877 -0.00425441
346134 -0.00232023 0.00742521 0.00316359 -0.00255411 -0.00159945 -0.00752709 -0.00604236 -0.00161162 -0.000375654 -0.00334186 -0.00542481 -0.00483095 0.00301331 -0.00017157 -0.00176981 -0.0052358 0.00665259 -0.00484019 0.00311575 -0.00465261 -0.00545188 0.00750349 -0.00484896 -0.0010315 0.00097252 0.00557843 -0.00708227 -0.00405185 -0.00447205 0.000650687 0.00352372 0.00475015 -0.00754701 0.00645077 -0.00422489 -0.00414896 0.00757575 -0.0028858 0.00460238 0.00320914 0.00061276 0.00660382 0.00699268 0.00253084 0.00336145 0.00654127 -0.00478903 -0.00226359 -0.0053937 0.00284936 -0.00517018 0.00752209 0.00221246 0.00304306 0.00206978 0.00154625 -0.00483948 -0.00141368 -0.00534681 0.00679749 -0.00399608 0.00476851 0.00533317 0.00185976
260650 -0.00377545 0.00402584 0.00591806 0.00197678 0.00504796 -0.00410744 -0.00554973 0.000987367 -0.00278786 0.00633839 0.00203147 0.0029386 -0.000617222 0.00254378 0.00250016 0.00730578 0.00375596 -0.00742174 -0.00250958 0.0057757 -0.00132789 -0.00237293 -0.00556461 -0.00667232 -0.00687045 -0.000799392 -0.00443411 -0.00341288 0.00655134 -0.00188706 -0.00725853 -0.00625339 -0.00157106 0.00407046 -0.00604497 0.003673 -0.00668982 0.00178781 0.00240435 -0.00244228 -0.00170946 0.000754621 -0.00330963 -0.00417969 0.00103132 0.00232351 -0.00654716 -0.00637013 -0.00392754 8.71142e-05 0.00577 -0.000525375 -0.00200987 0.0007662 0.00290461 -0.000145833 -0.00278196 0.00617214 0.00463163 -0.00268937 -0.00556136 -0.000589776 0.00480114 -0.00657245
80718 -0.00554107 -0.00491023 -0.000898835 0.00159102 0.000236692 0.00483492 0.00208679 0.00681949 -0.000367223 -0.00166844 0.00746281 -0.00311898 -0.0013352 -0.0021614 0.00654361 -0.00199557 -0.00464168 0.00209388 0.0062869 -0.000309666 -0.0041209 0.00298012 -0.000317231 0.00553836 -0.0037173 0.00665595 -0.00212655 -0.00699758 0.00204897 0.00633467 0.00478815 0.00743402 -0.00665016 0.00321603 -0.00708541 -0.00146654 0.00120228 -0.00490413 -0.00474474 0.00164669 -0.00180563 -0.00362803 -0.000252287 0.00671623 0.00613168 -0.00655399 -0.00572521 0.00511994 -0.00217548 -0.00669664 0.00268249 -0.00125226 -0.00664004 0.00524174 -0.00509757 0.00488748 -0.00494702 0.00699219 -0.00669096 -0.0016799 0.00067066 -0.00112357 -0.00605115 -0.000340161
35879 0.0075289 -0.0062064 -0.00718162 -0.00491085 -0.00445328 0.00182794 0.000751739 -0.00527206 0.00786022 -0.00543879 -0.000108626 -0.00721505 0.000228151 0.00458957 0.00678352 -0.00762387 -0.000227544 0.00411644 -0.00545583 0.00585685 0.00325589 0.00461851 0.00324597 -0.00237762 0.000814462 0.000826362 -0.00682223 -0.00351693 0.00303198 -0.00231618 -0.00567341 0.00611238 0.00188277 -0.000791171 -0.00277917 -0.00771959 0.00761641 0.00460129 -0.00117251 0.00556766 -0.00291684 -0.00394326 0.000120851 0.000148629 -0.00263223 -0.00400789 0.00720191 0.00623934 -0.000109051 0.0055067 -0.00374747 -0.00235272 -0.000519283 -0.00686477 -0.00146832 0.00725012 0.00606101 0.00093286 -0.00381216 0.00173205 -0.00100075 0.00380682 0.00277464 0.0067162
335578 -0.00763481 0.00702263 0.00312207 0.00542702 -0.00687432 -0.00731644 0.00268932 -0.00117138 -0.00156971 0.00753197 0.00644848 -0.00451684 -0.00682709 0.00525085 -0.00617235 0.00747213 -0.00285285 0.00331742 0.00205545 -0.00204101 -0.00213338 0.00595853 0.00600056 0.00129614 0.00507469 -0.00753125 -0.000382628 -0.00395101 0.00442779 -0.00195952 0.00500455 0.00536398 -0.00575213 -0.00603342 0.0042287 0.0032145 -0.00472021 -0.000310124 0.00299932 -0.00706309 -0.00101433 -0.00725351 0.00606145 -0.00728595 0.00756175 0.00344942 0.00246977 -0.00506728 -0.00661491 0.00643745 0.00527859 -0.00207766 0.00626793 -0.00447991 -0.00546069 0.00282594 -0.00637404 -0.00489343 -0.00316263 -0.0075275 -0.00304513 0.00434277 -0.0075805 -0.0039832
335807 -0.00571863 0.00161576 -0.00754351 0.000304733 0.00392155 0.0065972 -0.00646351 -0.00167183 0.00313445 -0.00373879 -2.40908e-05 0.0042194 0.00734815 0.00393967 -0.00404789 0.00609079 0.00631919 -0.00387964 -0.00428003 0.00465643 -0.00370367 0.00349252 0.000517688 -0.00590793 -8.76793e-05 0.000782602 -0.00449827 0.00325833 -0.00490741 -0.00508445 -0.00717421 -0.00303878 -0.00500433 -0.00198971 0.00319991 -0.00432345 0.00239779 0.00649503 0.00703999 0.00137767 0.000476251 0.00391062 0.00175748 -0.00481253 -0.000376834 0.00079216 0.00525015 -0.0078312 -0.00636991 0.00407832 -0.00642837 -0.0072403 -0.00554297 0.00470027 0.00338381 -0.00321372 0.00689715 0.00465668 0.000490181 -0.00612646 -0.00545951 0.000112735 -0.0066993 0.00167451
346525 0.00223553 -0.000169415 -0.00733684 0.00261479 -0.000747752 0.00257653 0.00016658 -0.00410175 -0.00140515 0.00472851 0.00769264 -0.00692719 0.00127017 -0.00181137 0.00350465 0.00546208 0.00712212 0.00261679 -0.00124291 -0.000263304 0.00702825 0.000864891 0.00315945 0.00777133 -0.000899946 0.00566135 -0.00116793 0.00678721 0.00163691 -0.00120248 0.000832434 -0.0036506 0.0055715 -0.00210573 0.00704143 0.00382939 -0.00357805 -0.00478872 0.00137027 -0.0015313 0.00572988 0.00719099 -0.00474089 -0.00637212 0.00648455 -0.00295326 0.00129762 -0.00396979 0.00763274 -0.00099463 -0.00447265 -0.000916704 0.000523089 0.00490442 0.00584696 0.00112988 -0.00639272 0.00555791 0.00575889 0.00638665 -0.000670514 -0.00255745 -0.00251361 0.00435853
174585 -0.00175793 5.31078e-05 -0.00252268 -0.00410088 0.00541405 -0.00570259 -0.00662753 0.00196024 0.000948096 0.0072974 0.00260086 0.00767762 0.00416297 -0.00734044 -0.00186825 -0.000486065 0.00288157 0.00375881 -0.00569766 -0.00383365 -0.000221974 -0.00573347 0.00661286 0.00402454 -0.00660306 -0.00522759 0.0035082 0.00291717 -0.00305896 -0.00284735 0.00104112 -0.00461667 0.0036973 0.00399758 0.00497264 0.00752468 -0.000193101 0.00705997 0.000390499 0.00634891 -0.00436741 0.00430593 0.00224929 -0.00171999 0.00655157 -0.00704784 7.60557e-05 -0.00379402 0.0035301 -0.000561612 0.00622857 -0.00539443 0.00545757 0.00397784 0.00661548 0.00511683 0.00275819 -0.00252906 0.00267346 0.00672024 -0.00441187 -0.00440184 0.00449559 0.00747603
255686 0.00292915 -0.00699705 0.00754916 0.00286473 -0.00618488 0.00313778 -0.000468565 0.00367421 0.0027689 0.00121281 -0.00362825 0.00675871 0.00583387 0.000113445 0.00122956 0.00546921 0.00468412 0.0037984 0.00531461 -0.00101471 -0.00125803 0.00297565 -0.00413112 -0.000824458 -0.00324708 -0.00501977 -0.00366416 -0.00418563 0.00779274 0.000526687 0.00498527 -0.00606338 0.00647215 0.00299282 -0.00579935 -0.00579711 -0.00439645 -0.00312932 -0.00533762 -0.00745208 0.00558952 0.00427102 -0.000551549 -0.00462244 0.00151213 -0.00255978 0.00315138 0.00615797 0.00414171 0.00593612 -0.00245067 -0.00377594 -0.00139292 0.00175638 0.00215484 0.00525397 -0.00229985 0.00315141 0.00525871 -0.00494177 0.00663595 0.00108046 0.00628695 0.00709054
240231 -0.00161127 -0.00729893 0.000713615 0.00719939 0.00659798 -0.00411576 0.00502765 -0.00450173 0.00455113 0.00774511 -0.00682563 0.00454229 0.00438257 -0.00605025 -0.00523122 0.00141449 -0.000258154 -0.0008655 -0.00090108 0.005465 0.00481182 0.00762249 -0.00524428 0.00155623 -0.000593964 -0.00577504 0.00249328 -0.00292081 0.00710111 -0.00341973 0.000162647 -0.000751025 0.00737846 0.00544271 -0.00458005 0.00626553 0.00626116 0.00587526 -0.00107379 -0.00533783 0.000712176 -0.00689269 0.00248408 -0.00470027 0.00121053 -0.00421974 0.00395428 0.000404458 -0.00702122 -0.00450035 -0.00412792 -0.0031058 -0.00790828 0.0064 -0.00312162 0.0064019 -0.00383912 0.00651002 0.00377249 -0.00492269 0.00100101 -0.00212606 0.0021415 0.0063606
319577 0.0046794 0.00598261 -0.00672488 0.000241744 -0.000899024 -0.00604748 0.00578563 -0.00376473 -0.00193584 -0.00737033 0.00447073 0.00646036 0.00533965 0.00312001 -7.67072e-05 0.00495584 -1.98131e-05 -0.0053308 -0.000727141 0.00497737 -0.00492388 -0.00390117 0.00431967 -0.00345801 0.000141485 0.00343433 -0.00701214 -0.00390719 0.00597888 -0.00473289 -0.00107045 -0.00421825 0.00768425 -0.00273542 0.00563582 -0.000618537 -0.000849081 0.0039843 0.00316588 -0.00346292 0.000978734 -0.00469101 0.0037901 -0.000642172 0.0072809 -0.00313751 0.00457938 -0.00768921 -0.00692318 -0.000168001 0.0044262 -0.001288 0.0071848 0.00164537 0.00341738 0.00493584 -0.00700442 -0.000936473 -0.00337624 0.00717697 0.00179298 0.007352 -0.0001951 0.0020573
209240 0.00494456 -0.000717351 -0.00504907 -0.00330899 -0.00178814 -0.00457169 0.00246102 0.000394036 0.000111356 -0.00674728 0.00328884 -0.00363615 0.00716136 0.000202117 -0.00176954 -0.00573913 -0.00772738 0.0020162 0.00330982 -0.00490702 0.00204118 -0.00361827 0.00119643 -0.00742718 0.00520983 -0.0049644 -0.00695972 0.00371341 -0.00677829 0.000271308 0.00328491 0.00639934 0.000782409 0.0053635 -0.00131797 0.00084195 -0.00286954 0.00231055 0.00707963 0.00380264 0.00291263 -0.00271705 0.00317997 0.00323657 -0.00186793 0.00128058 -0.00154523 0.00277666 0.00391429 -0.00422788 0.00246237 -0.00587416 -0.00726361 -0.00415335 -0.0051217 0.00619728 0.00574445 -0.00373297 0.00452311 -0.00791781 -0.00636949 -0.00156535 -0.00148999 -0.00351081
49640 0.00315449 -0.00485569 0.00598879 0.00388231 0.00619321 0.00614067 0.00699859 -0.00493175 0.00281086 0.00644939 0.00144821 -0.00522807 -0.000768745 -0.00132887 -0.00423856 0.00209772 0.0036692 -0.00539396 0.00400668 -0.00376894 0.00282793 -0.00389911 0.00192569 0.00579518 -0.00306286 -0.00442181 0.00489591 -0.00649999 -0.00467115 0.00619104 -0.00553307 -0.000248327 0.0038651 0.000176884 0.00286681 -0.00214187 -0.00156843 0.00152086 0.000606058 0.000214131 -0.00511857 0.00771171 -0.00673698 -0.00768502 0.00676753 0.00253588 0.00273688 -0.00131187 0.00101566 -0.000365725 -0.00672053 0.000441301 0.00122911 0.0042168 -0.000949062 0.00631195 -0.00229214 0.00504195 -0.00466647 -0.00265707 -0.000521875 -0.00721077 0.00607396 0.00229083
106416 -0.00234975 0.00731765 0.0046332 0.0051981 0.00274241 -0.00712821 0.00507578 0.0063482 0.00670725 0.00684098 0.00292858 0.00089335 -0.00434452 0.00274122 0.00525559 0.00693325 0.00607097 -3.50909e-06 -0.000755984 0.00590854 -0.00154722 0.0073491 -0.000977612 -0.00190469 -0.00251761 -0.0069138 0.00691929 -0.00738829 0.00110451 0.000655925 0.0063753 -0.00112215 -0.00543502 -0.00761359 0.00762385 0.00154707 -0.00534528 -0.00332453 -0.00132412 0.00752426 0.00478841 -0.00276739 0.00501558 -0.00689327 -0.00399094 0.00128287 -0.00437713 0.00100165 -0.000249945 0.0038539 0.00318043 -0.00491298 -0.00229381 0.00350804 0.00495878 -0.00518532 0.0024663 -0.00609045 0.00547621 -0.000657011 0.0037014 0.00553498 0.00613024 0.00653064
191829 -0.00678819 -0.00461487 0.0073497 -0.0078534 0.00613313 -0.00738047 -0.00789108 0.00570434 0.00418485 0.00734298 0.00376319 0.00468648 0.00188477 -0.00569636 0.00123499 -0.00535511 -0.00505573 0.00716156 -0.00330442 -0.00211013 -0.00264113 0.00268959 -0.00672963 0.00129432 0.00521512 -0.00147391 0.00142535 0.00533739 0.0060197 -0.0058803 0.00397126 0.00360335 0.00550537 -0.000212135 -0.00557817 -0.00077886 4.87572e-05 0.00483704 0.00730917 -0.00645298 0.00558094 0.00608323 -0.000279619 0.00725972 -0.00115995 0.00639193 -0.00562528 0.00753075 0.00719371 -0.00653824 0.00397727 -0.00479525 0.00284141 -0.00633158 -0.00635901 -0.000567448 -0.00107353 0.00129821 0.0021465 -0.00149624 -0.00155683 -0.00373442 0.00626376 0.00549776
8403 0.00239399 0.00505352 0.00696455 -0.00456948 -0.00457658 0.00341575 0.00239449 0.00350072 -0.00450232 -0.00258653 -0.00757851 0.00397419 -0.000284535 -0.00607834 -0.00280865 0.005928 0.00490614 -0.00300543 -0.00411969 0.000552251 0.000412771 -0.00659417 -0.00698298 -0.0074127 -0.00502787 -0.000255194 -0.00163659 -0.00305805 -0.0020116 0.00512861 0.00673174 0.00586764 -0.000899847 0.0012881 -0.000312074 0.00182906 0.0054685 0.00409818 -0.00630738 -0.00392731 -0.00653209 0.00434215 -0.00679078 -0.00240763 -0.00640824 0.0033793 -0.0075068 -0.00716821 0.00677343 -0.00767944 0.00653396 -0.00588242 -0.00181327 -0.00207626 0.000576034 -0.00676549 0.00500022 -0.00464481 0.0074534 0.00292966 -0.00116053 -0.0049084 0.0061904 0.00312483
43675 0.000168427 -0.00488653 0.0052285 0.00628988 0.00530609 -9.27879e-05 -0.00192073 0.00238438 0.00492246 0.00648927 -0.00356658 0.00575448 -0.00445496 -0.00198095 -0.00185632 -0.00440952 -0.000176229 0.00485165 0.00254936 0.00369614 0.000860616 -0.000524642 -0.0014701 0.00399858 -0.00382486 -0.00760074 -0.000510547 0.00226391 0.00511495 -0.00219905 -0.00630911 0.00516611 0.00783195 -0.000294244 0.00475868 -0.00294681 -0.0055267 -0.00277558 -0.00378473 -0.00214725 0.0042532 0.00164062 -0.00696637 -0.00172313 -0.00220474 0.000716931 0.00730865 0.00145511 0.00597351 0.000897175 -0.00188814 -0.00747529 0.0034984 0.00100699 0.00712372 0.00500411 -0.000704293 -0.000821624 0.00314638 -0.003152 -0.00285591 -0.00628599 -0.00273167 -0.00577047
138703 -0.00134865 -0.00393914 -0.00516519 -0.00763443 -0.00130679 -0.00428227 -0.0015388 -0.00262001 0.000609804 0.00778434 0.004101 0.00753921 0.00288026 -0.00342265 0.00189608 0.0047455 -0.000894613 -0.00361435 0.00119094 0.00411683 -0.00100042 0.00118897 0.00326171 -0.00272181 -0.000116685 -0.00441733 -0.000972054 0.00266453 -0.00122019 0.00574138 0.000719602 -0.00628098 -0.00624335 0.00457893 -0.00106846 -0.00423759 0.00498942 -0.00664375 -0.00280781 0.00607874 0.00282841 -0.00095885 -0.000430822 0.0029796 0.00548047 -0.000477705 0.00143473 0.0074613 0.0041332 -0.00405191 0.00549984 0.000363482 0.000629586 -0.0054286 0.00203948 0.00736457 0.00013281 -0.00374066 -0.00458629 0.00444827 -0.00676855 0.0062996 -0.00467599 -0.000502673
139214 0.00344213 -0.00188741 -0.00708876 -0.00751764 -0.00556669 -0.00344028 -0.00194929 0.00673365 0.00692217 -0.000548276 -0.00433941 0.000105728 -0.00435108 0.00197285 -0.00156553 0.00347204 -0.00186059 0.00721395 -0.00137847 0.00753071 0.00386417 0.00239802 0.00718716 0.00420123 0.00435264 0.00431204 -0.000577321 0.00186687 0.00669576 -0.00689935 0.00741785 0.00238067 0.00522008 0.00306026 -0.00477973 0.000901823 0.00437002 -0.00553543 0.00312355 0.00355553 -0.0062218 0.00577364 0.0049498 -0.00148947 0.00260381 -0.00708715 0.00761598 -0.0067231 -0.00717926 -0.00603658 0.000119086 0.00266537 -0.00572752 -0.00552747 -0.00243502 -0.00267169 0.00182641 -0.00565045 -0.00175156 -0.00565768 -0.00519843 -0.00745395 0.00748826 -0.00188561
286382 -0.00351409 -0.000197445 -0.00754669 0.00569691 0.00311004 0.000575179 -0.00120739 -0.00621145 -0.00696642 0.0023825 0.00693783 -0.00257065 0.00353753 0.00310348 0.000746609 0.0012928 -0.000254615 0.00227983 -0.00667763 -0.00491469 0.000584696 -0.000826335 0.00332591 0.00218531 -0.000176013 0.00708701 -0.00572943 -0.00380741 0.00167536 -0.00588618 0.00145201 0.00736252 0.00447716 0.00551873 -0.00163249 -0.00736113 -0.000450221 -0.00495963 -0.00243508 -0.0033277 0.0044757 -0.00763029 -0.00637974 -0.00495534 -0.00100786 -0.00274667 0.00381444 -0.00431721 0.00243721 0.00290042 -0.00701731 -0.00739964 -0.00354527 -0.00709294 -0.00160656 -0.00447531 0.00642551 -0.00727617 0.0016569 0.00580495 0.00141989 -0.000811216 0.00200185 -0.00611834
194456 -0.00185486 0.00769254 -0.00554806 -0.00767334 -0.00392853 -0.00204766 -0.0035428 -0.00733461 -0.00189054 -0.00185979 0.00245216 0.00505741 0.000307431 -0.00245359 -0.000808586 -0.000153489 -0.000209226 0.00182972 -0.00689832 0.003428 -0.00215068 -0.00477591 -0.00780356 0.00728951 0.000571405 -0.00106624 0.00194001 0.00548249 -0.00545855 0.00373472 -0.00530598 -0.0070882 -0.0071203 -0.00146481 0.00570385 0.00486676 0.0047694 -0.00374029 0.00182505 0.000137672 -0.00762784 -0.00105117 0.00496727 -0.00574865 -0.00379005 0.00611219 0.00727005 -0.00310622 -0.00663693 -0.00772886 0.00266089 0.00296083 -0.00306195 0.00539717 0.000751198 -0.00194431 -0.00683403 -0.00141962 0.00421086 -0.00762371 0.00537466 0.000862881 0.00212039 -0.00146925
321428 0.00664405 0.00422165 -0.00744915 -0.00188884 -6.40229e-05 0.00233243 -0.00791136 -0.00188938 0.00718946 -0.00737152 0.00216435 0.00639957 0.00022046 0.00517375 0.00647982 -0.0069166 0.00109353 0.00230229 -0.00401394 -0.00158363 -0.00351175 0.00255657 -0.00228631 -0.00292763 -0.00294442 -0.000747805 0.000506489 -0.00550256 0.00564042 -0.00611505 0.00546518 -0.0024417 -0.00492861 -0.0073945 0.00653505 0.00213664 -0.00411641 -0.00675081 -0.000311078 0.00439875 0.00087495 -0.00386024 0.00760825 0.00681732 0.00413204 0.00436828 -0.00395966 0.00233688 -0.00371299 0.00124317 -0.00693195 -0.00442413 0.00752808 -0.00709488 -0.0061329 -0.00532579 -0.00478185 -0.00403617 -0.0043974 -0.00703862 0.00652118 -0.0026134 0.00715259 -0.000564947
309785 -0.00448827 -0.00403838 0.00343339 -0.000972879 0.00147918 0.00390859 -0.00320776 -0.00267758 -0.00317918 -0.0012481 0.00189392 0.007462 -0.00665026 -0.00787503 -0.00318059 -0.00151469 -0.000379161 -0.00751632 -0.0061872 0.000898977 0.00501565 -0.00626622 0.00498122 0.00345628 0.0034344 0.003478 -0.00786553 -0.0010379 -0.00100049 0.00613138 -0.00149604 0.0057073 -0.00317934 0.00551813 -0.00204697 0.00292142 0.00277781 0.00320049 -0.00273467 -0.00700168 0.00296994 -0.00711555 -0.00626578 0.00338512 -0.00673382 0.000909946 0.00334517 -0.00583892 0.00300005 -0.000859852 -0.00133425 0.00313625 0.00212223 0.00231594 0.00584753 -0.00247586 0.00732831 0.00778275 0.00533345 -0.00747621 -0.00310983 -0.00487251 -0.00655645 -0.00719708
48762 -0.0069908 -0.00275837 0.0042206 -0.00548955 -0.00436814 0.000646222 -0.00189248 0.000578007 -0.00143898 0.00588234 0.00577295 0.00570674 -0.00737468 -0.00534449 -0.000493558 -0.00598119 -0.00155336 0.000347766 0.00183583 -0.00762532 -0.00694983 -0.00410253 0.00687862 0.00361888 -0.0053616 -0.000843142 0.00249109 -0.000504915 -0.00601099 -0.00338436 -0.00638115 -0.00648572 0.00715038 0.000545641 0.000527453 0.00260099 0.000710883 0.00403375 -0.00721285 0.00381967 -0.00511357 0.00619578 -0.0050625 -0.00645598 0.00416827 -0.00326696 0.00691368 -0.00635482 -0.00321533 -0.00563474 -0.00112186 0.00339101 -0.00646873 -0.00573506 -0.00612151 -0.00477628 0.000467645 0.00215952 -0.00685433 -0.00105016 0.00743296 -0.00711852 0.00767046 -0.00170964
111094 0.00458448 -0.00144423 -0.00382432 0.00704955 0.000964267 -0.00157804 0.00577192 -0.00502417 0.00510526 -0.00367771 -0.00552146 0.00772709 0.00403843 -0.00595417 0.00426444 -0.0029966 -0.00708114 -0.00120059 -0.0046746 -0.00626034 0.000413777 -0.00265512 0.00375668 -0.00181845 -2.58301e-06 -0.00225496 0.00222181 0.000208135 0.00227744 0.00733947 0.00151724 0.00754285 -0.00375035 -0.00418086 -0.00396682 0.00426278 0.00434422 -0.00197141 -0.0068577 0.00405267 -0.00334155 -0.00156 0.00336777 -0.00474455 0.0078123 0.000724839 -0.00736383 -0.00128969 0.000499963 0.00297269 -0.0032486 -0.0025884 0.00180025 0.000255084 0.00159174 0.000391437 0.000298434 0.00193883 0.00356322 -0.00313943 -0.000998179 -0.0023553 -0.0055173 -0.00433693
39794 -0.00319145 -0.0016993 0.0040003 0.00465147 -0.00314901 -0.00474231 0.00652519 0.00659857 0.00126876 0.00653585 0.00316258 -0.00380912 -0.00569648 -0.00511086 -0.00699236 0.00137344 0.00192826 -6.06022e-05 0.0043643 0.00220963 -0.00309393 -0.00587819 0.00397232 -0.00417349 -0.00521267 0.00258228 0.00121332 -0.00273678 -0.00342118 -0.00549965 -0.0055463 -0.00715246 0.00443179 0.00172707 0.00482638 0.00340133 0.00483563 -0.00477566 -0.00304147 0.000341389 0.00467469 0.00252788 0.00355919 0.00322063 -0.00207008 -0.0020524 0.00122316 -0.000920229 -0.00191881 0.00189083 0.00312188 -0.00581289 -0.00754831 -0.0032453 0.00235382 0.00227105 -0.00646328 0.00679795 -0.00439467 -0.00583916 0.002665 -0.00686804 0.000321441 0.00409096
221434 0.00558406 0.00311346 -0.00264665 -0.00553973 0.00155054 -0.00299067 -0.00437063 0.00679868 -0.00507933 0.00273272 -0.00322584 -0.00728289 0.000270833 -0.00540612 0.00251703 -0.00670719 0.00555961 -0.00735996 0.00501175 0.00730206 0.00658735 0.00580405 -0.00734979 -0.00294212 -0.00712894 -0.00634631 0.00150757 -0.00496203 0.00381126 -0.000307097 -0.00032243 -0.0039414 0.0017417 0.00473454 -0.00710365 0.00300498 0.000723054 -0.00305211 -0.00516498 0.00733437 0.00751608 -0.00368223 0.00335705 0.00357499 0.00759999 -0.00258959 0.00310141 -0.00727074 -0.00336819 0.00727476 0.0054911 -0.00506143 0.00184607 -0.00070596 -0.00725323 -0.00264705 0.00589335 -0.00740576 -0.00111914 0.00692409 -0.00522064 0.00120879 0.0015249 0.00400729
339048 -0.00248165 -0.00459133 0.000910912 0.00675505 -0.00542877 0.00169087 0.00595195 0.00620837 0.00232521 0.00619437 -0.00499015 -0.00441029 0.00440281 -0.0021947 -0.000879847 -0.00240312 0.00665942 0.00477853 -0.00395798 0.0060377 -0.000984219 -0.00278979 -0.00617229 -0.00501804 0.000440375 0.0055732 -0.00269064 0.00509825 -0.00331757 -0.00502813 0.00465196 -0.00665419 -0.00264856 -0.00012618 -0.00347611 -0.00144434 -0.000747042 -0.00197622 0.0012217 -0.000259126 0.00174239 -0.00316463 0.00291741 0.00672304 -0.00028112 -0.000140795 0.00754114 0.000649352 -0.0046129 -0.00405603 -0.00112509 -0.0069518 -0.00486654 5.74921e-05 -0.00705885 0.00610063 -0.00731625 0.00597888 0.00352998 -0.00402786 0.00683599 0.00573425 -0.00233518 -0.00121279
347295 -0.00687695 -0.0023612 -6.76582e-05 0.00180272 -0.00592037 -0.000649706 0.00206735 0.00738135 -2.73858e-05 -0.00160785 -0.00618168 -0.00476309 -0.00342231 0.00177995 0.00403641 0.000749663 0.00109715 -0.00613101 0.000513896 0.00382195 -0.00149657 0.00348238 -0.00759369 0.0058992 0.000425121 0.00246734 0.00641903 0.000677683 0.0021962 0.00628148 0.00553139 0.000443191 -0.00745781 0.00467469 -0.00282109 -0.0070499 -0.00123831 -0.000268937 0.00671682 -0.00738079 0.0071172 -0.00227287 -0.00567874 -0.00141942 0.00719477 -0.00155246 0.000528193 0.00507816 0.00173213 -5.5852e-05 0.00206996 0.00563814 -0.00669366 -0.000947303 -0.000257204 -0.00623481 -0.00443712 0.00699621 0.00776333 -0.00691723 -0.000846467 -0.00268033 -0.00384704 0.000324862
255405 0.00606771 -0.0079135 0.00368272 -0.00567577 -0.00455949 0.00382275 0.000847502 0.0052219 0.00422015 0.000797582 -0.0025866 0.00607752 0.00640598 -0.0048079 -0.00115336 -0.00351955 0.00754965 0.00316111 0.000956027 -0.00203393 0.00598208 0.00523866 -0.00331655 0.00706147 -0.00104551 0.00357729 0.00711776 -0.00667389 -0.00679065 0.00552894 0.00507946 -0.00679609 -0.00362904 -0.00142866 -0.00023479 -0.00250828 0.00634765 -0.00302216 -0.0052307 0.00761488 0.00456597 0.000646118 -0.00663882 0.00559645 -0.00719725 -0.00593121 0.00709055 -0.00417898 -0.00054176 -0.00405758 -0.00545699 -0.00576195 -0.00737786 0.00402979 0.00189887 -0.0032703 0.000884351 -0.00460138 0.0014494 0.0059268 0.00315243 0.00689595 -0.00355013 -0.00416639
150568 -0.00610341 0.00123106 -0.00279525 0.00744818 0.000993108 0.00528875 -0.00193594 0.00208772 0.00749061 -0.00521054 0.00210548 0.00207522 0.0076867 0.00680925 0.00522961 0.00181222 0.00579056 0.00565364 0.00518272 -0.00666748 -0.00118557 0.00585232 0.00727468 -0.00098404 -0.00590438 0.004563 0.00166257 0.0031406 -0.00343227 0.00354763 -0.000259116 0.00270286 -0.00534871 -0.000560647 0.00156347 -0.000409684 0.00490069 0.00652336 0.00260687 -0.003083 -0.00192885 -0.00108481 -0.00748563 -0.00186852 0.00515162 -0.00433809 -0.00270359 0.00223966 -0.00460422 0.000274151 -0.00486192 0.00721353 -0.00182553 -0.000625694 -0.00411615 -0.00421479 0.00308215 -0.00596355 -0.000824927 0.00394007 -0.0050942 -0.00595423 0.00610715 -0.00248367
322912 0.00111684 -0.00773357 0.00470664 -0.00678506 0.00585717 0.00158018 -0.00350352 -0.0067231 -0.0056515 0.00138919 -0.00428428 -0.00289757 -0.00172342 -0.00508707 0.00515183 -0.00501641 -0.000772389 -0.00170329 -0.00301207 0.00295573 -0.0067445 0.00160398 0.00143035 0.00583622 -0.00743463 -0.0071336 0.000309777 -0.00488399 0.000177037 0.00279417 -0.00687924 0.00537298 -0.00354059 0.00163239 0.00765994 -0.00581752 0.00116804 0.00671482 -0.00255648 -0.00164003 2.39911e-05 -0.00603887 0.00749692 0.00157354 0.00694891 0.00431207 -0.00363651 -0.0013521 0.00480899 0.0056145 -0.0011732 0.00697628 0.00720823 -0.00714044 0.00198849 -0.00476871 0.00489097 0.0023497 0.00667364 -0.00517172 0.00583851 0.00436274 -0.00656833 -0.00676779
347391 0.00124916 0.0027318 -0.00372815 0.00564043 -0.00289964 -0.00128198 0.00618502 -0.00324818 0.00426744 0.00263651 0.00633802 -0.00258001 -0.000246391 0.00302833 0.00404129 -0.00638451 -0.00109262 0.000851169 -0.00149834 0.000519368 -0.00200541 -0.00360972 -0.00467957 -0.00275514 0.00774268 -0.00454213 0.0045767 0.00471593 0.000239613 -0.00141907 -0.00354807 0.00083373 0.00321313 0.0076735 -0.00064102 0.000411153 -0.00600174 -0.000272233 0.00165842 -0.00502373 -0.00152222 -0.00499137 -0.000860073 0.00249848 0.000228241 -0.00273555 0.00564751 -0.00176129 0.00313494 -0.00325086 -0.00680319 -0.0056705 -0.00715128 -9.66003e-05 0.00119201 0.00771308 0.000397619 -0.00378939 0.00659532 -0.00537265 -0.00363164 -0.00206331 -0.002646 -0.00541196
117515 -0.00689723 -0.000574494 -0.0028879 -0.00315047 0.00125241 -0.00523057 -0.00279373 0.00747135 0.00652882 0.00421333 0.00636322 0.00219154 -0.00512019 0.00429218 -0.000988632 0.00715679 -0.00756914 -0.00587713 -0.00766379 -0.000668622 -0.0015097 0.00222634 -0.00285963 -0.00267728 -0.000377949 0.000246055 -0.0069011 -0.00350704 0.0009454 -0.00589041 -0.00339161 -0.0034588 -0.00751952 -0.00305721 -0.00265194 -0.00192277 0.00609812 -0.00379477 -0.00133406 -0.00692244 0.00617075 0.00394974 -0.00123482 -0.00375913 -0.00558019 0.00656996 0.00353124 0.00649791 0.00616192 -0.00261374 0.00448572 -0.00608747 -0.00158562 -0.00270708 -0.00187879 0.00714682 0.00752816 0.00681091 0.0038708 -0.00461877 -0.00189415 0.00557042 0.00130995 0.00430437
118253 -0.00370917 0.00483605 0.00741659 0.00538583 0.0052453 -0.00466356 -0.00309105 -0.00322739 -0.00668535 0.00317462 0.00774793 0.00079511 0.00449664 -0.00354474 -0.0040175 0.00595726 0.00647287 -0.00177099 0.00201888 0.00409584 0.00311348 0.00685434 -0.00783702 0.00678788 -0.00282967 0.00273489 -0.000918346 0.00643961 -0.00215158 -0.000454606 0.00606933 -0.0075727 -0.00279324 0.00259384 -0.00133802 0.00579716 0.00463429 -0.00307658 -0.00573509 0.00739959 -0.0042982 -0.00169139 -0.00128989 -0.000568817 0.00696831 -0.00552658 0.00710593 0.00584329 0.00483008 -0.00758279 0.00478585 0.00692499 -0.00180782 0.000459934 0.00499634 0.00544531 0.00515803 -0.0059564 -0.00223537 -0.00231701 0.00247267 0.00215125 -0.00250504 0.00357805
188304 -0.00685573 0.0015488 0.00533852 -0.000766488 0.00396253 -0.00141076 -0.00829183 0.00656193 -0.00360525 0.00504828 -0.00134893 0.00759323 -0.00483266 -0.000346934 -0.00738849 -0.000486063 -0.00251302 -0.00571806 -0.00478793 -0.00333549 -0.00282349 0.00677015 0.00418173 0.00276268 0.00741677 0.00606522 0.00163887 -0.000886594 -0.00546782 0.0025893 -0.00339284 -0.00408881 -0.00508963 0.00383129 -0.00708786 0.00325948 -0.00349695 -0.00348892 0.0029592 -0.00253408 -0.0050485 -0.00470883 -0.000867804 0.00725277 0.000509395 -0.00712292 -0.00560692 0.00158397 -0.00110808 0.0058436 0.00461579 -0.00421319 0.00423831 0.00163367 -0.00492569 0.00726835 -0.00422009 0.00482209 -0.00640024 -0.00628111 -0.00564802 0.00258188 0.00112141 -0.00448565
263769 0.00412221 -0.00390892 0.00700818 0.00100254 0.000377888 -0.00538022 -0.00785843 -0.00775436 -0.00728097 0.00731976 0.00676785 -0.002973 0.00404433 -0.0044534 -0.00565274 0.00497623 0.00759185 0.00184547 -0.00553972 -0.00240768 0.00489859 0.00540891 0.00256527 0.00160942 -0.00345189 0.00636141 0.00238721 -0.00542765 0.00282417 -0.00189057 -0.00463957 0.00666669 0.00287702 0.00301247 -0.00719294 -0.00639721 -0.00392361 -0.0034481 -5.46286e-05 -0.00659657 -0.00767675 0.00424018 -0.00763022 0.00551234 -0.00714041 -0.00483769 -0.00172882 0.00758668 -0.00497825 0.00681369 0.00720728 -0.0074142 0.00585919 0.000878138 -0.00381053 -0.00623441 0.00486548 -0.00105782 0.00554962 -0.000583848 -0.00358262 -0.00199013 0.00368941 -0.00826408
274165 -0.00421164 0.00225473 0.00636904 -0.00586476 0.00495729 -0.00262665 0.000296739 -0.0040081 -0.00182127 -0.000170175 0.00471287 -0.000665277 -0.00205886 0.00413333 -0.00146471 0.000943307 -0.00632304 0.00225326 -0.00129117 0.00446654 -0.00406062 -0.000607134 -0.00430575 -0.00350645 0.00280063 0.00627919 -0.00436764 0.00459859 -0.00485162 0.00478861 0.00548451 0.00104043 -0.00152217 -0.00510049 0.00314463 0.00338364 -0.00524842 0.00738486 -0.000551719 0.00142251 8.95641e-05 -0.00482224 -0.00614564 0.0049666 -0.00686127 0.00186337 -0.00315404 -0.0025504 -0.0068205 0.00376652 0.00755253 0.00643778 -0.000255212 0.00570434 -0.0026675 0.000955465 0.0036464 0.00774886 -0.00774639 0.00707062 -0.00661643 0.00297792 0.00511487 -0.00420264
311142 0.0034711 -0.00404049 0.0033908 0.00193044 0.00458859 -0.00344877 -0.00309455 0.00444174 0.00524013 -0.00489864 0.00418469 0.00314622 -0.00304751 -0.00769255 -0.00399215 0.00396318 -0.00244288 -0.000233941 0.000572462 0.00625435 -0.00576104 0.00718996 -1.78411e-05 0.00302064 -0.00740332 0.00187187 -0.000486098 0.00248172 -0.0018678 0.0018588 -0.00737012 -0.00545813 -0.000570343 -0.00298755 0.00575033 0.0043774 0.0060735 -0.00177144 0.00729907 0.00530958 0.0063964 -0.00723446 -0.00348738 0.00640804 0.00336784 0.00704617 0.00711982 0.00116391 -0.000279849 -0.00283915 -0.00663716 -0.00792686 0.00711913 0.000733177 -0.0052341 -0.00644333 0.00216329 0.00674384 3.5304e-06 0.00164992 -0.00760206 -0.00721923 -0.00271388 0.0041464
347930 -0.00479 0.0058481 -0.00722892 0.00718971 -0.00518406 0.00625375 -0.00233094 -0.00282953 -0.00137267 -0.000525612 -0.0063498 -0.00634637 0.000936237 -0.00527846 -0.00140956 -0.00660125 0.00719877 0.00646374 -0.00310752 0.000821489 0.00107719 -0.00506693 -0.00768711 -0.000594379 0.00419963 -0.0035168 0.00746876 -0.000544203 0.00103296 -0.00760777 0.00547402 -0.00546919 -0.00154687 0.00456695 0.0052553 0.00786826 0.00669639 -0.00351771 0.00763808 -0.00462631 -0.00721635 -0.000996067 -0.000411412 0.00589744 0.00197645 -0.00518437 0.0077102 -0.00792472 -0.000631274 -0.00520409 0.00643506 0.00473626 -0.00769504 -0.00645155 -0.00627063 -0.00676944 0.0026007 -0.00425011 0.00142677 0.0062087 -0.00611727 -0.00174007 -0.00501925 0.00366491
85658 0.00608318 0.0075939 0.00583653 0.00182239 -0.00641591 0.000811762 -0.00106664 0.00779201 0.00217771 -0.0058352 0.000707374 0.00642072 -0.00141122 -0.00622961 -0.00278823 0.00128571 0.00230301 -0.00454221 -0.00381088 -0.0070988 -0.00650664 -0.00311106 0.00464792 0.00119133 0.00401696 0.00122748 0.00639318 0.000106536 -0.00106515 0.00267568 -0.00613176 0.000651718 -0.00267665 0.00404336 -0.000903706 0.00120507 -0.00520309 0.00261345 0.00623336 0.00187993 -0.00578228 0.00706511 -0.00412415 0.00462032 0.00630899 0.00599971 -0.000360369 -0.000163261 -0.00144001 -0.00232487 0.00309315 -0.000942856 -0.0077757 -0.000161404 0.00592139 -0.00429491 -0.000388316 -0.00239509 -0.00386885 0.00586119 0.00514791 -0.00538274 0.00596727 0.0065955
161667 0.0067333 -0.00224636 0.00790846 -0.000690662 -0.00239894 -0.00542923 -0.00298546 -0.000490151 0.00187769 0.00249764 -0.00099125 -0.00255229 0.00695984 -0.00891385 0.00246787 0.0073339 0.00119367 -0.00661548 -0.00809665 -0.00386539 0.00519328 -0.00481747 -0.00241379 0.00266749 -0.00140389 0.00471978 0.00414702 -0.000845061 -0.00119232 0.00556642 -0.0120444 0.00418522 0.00453854 0.00712068 0.00703973 -0.00310801 -0.00567299 -0.000395916 0.00444168 -0.00127616 0.00789093 0.00478435 -0.000292281 0.000364604 -0.00513518 -0.00679374 -0.00712687 -0.00228617 -0.00191571 -0.00319903 -0.00638896 -0.00219392 0.000786005 -0.00381898 0.00554965 0.00907006 -0.00590554 -0.00336743 0.00188699 -0.00842701 -0.00477333 -0.00100563 -0.00270308 -0.00224777
148053 0.00647729 0.00357181 0.00699783 -0.00526107 0.00526595 0.00709904 0.00292449 0.00759621 0.00215872 0.000308389 -0.00267132 0.00821359 0.00754451 -0.0080377 -0.00511065 -0.00557322 0.000762134 -0.00755224 0.0056292 -0.00191317 -0.00630067 0.00518901 0.0053661 0.00170621 0.00173577 0.000389574 -0.00746216 0.00491654 0.00407837 -0.0072228 -0.00412661 0.00702063 0.00710717 -0.00351926 -0.00290868 -0.00645402 -0.000148841 -0.00625865 0.00138715 0.00405938 0.00498431 -0.00380141 0.00694147 0.00169387 0.000482625 -9.06347e-05 0.00363384 0.0016649 0.00182214 -0.00347408 -0.00192373 0.0072072 -0.000917187 -0.00182469 0.0027124 0.00568651 -0.000293685 -0.0013367 -0.00483511 -0.00187103 0.00183814 -0.00443594 -0.00477745 -0.00318153
327531 -0.00217259 0.00297293 0.00455533 -0.000579767 -0.000140908 0.00703335 0.00419981 -0.00552189 0.0068479 -0.00150142 0.00251667 0.000601479 0.00601901 -0.00642038 -0.00233326 0.00616624 0.00313755 0.00157641 -0.00815687 -0.00203538 -0.00492445 -0.00432428 0.00299915 -0.00631084 0.00433541 -0.00669997 -0.00794901 -0.00587714 -0.00546407 0.00150222 -0.0060868 -0.000957544 -0.00261666 0.00186651 0.00349253 0.0064444 0.00651176 0.00494842 0.00218021 0.00554746 -0.000689095 0.00308364 -0.00127306 -0.00401098 0.00146364 -0.00744231 -0.00480414 -0.000746996 -0.00351922 0.00169365 -0.00534001 0.000476217 -0.00721138 -0.0022722 0.00391052 -0.00168565 -7.84553e-05 0.00462039 0.00441309 -0.000737807 -0.00518119 0.00528187 -0.00333315 3.06223e-05
335196 -0.00125637 0.00352211 -0.000541366 0.00582282 -0.00117973 -0.000387859 -0.000683708 -0.00570446 0.00746877 -0.00680231 -0.00564158 -0.00620215 0.00622789 -0.00495785 0.00203099 -0.00332965 0.00401575 -0.00515711 -0.00801602 0.000252739 0.00119271 0.000596255 0.0071671 -0.00566257 0.00457559 -0.00553812 0.00606592 0.00330073 -0.00427893 -0.00515741 -0.00357242 -0.00382682 -0.00743671 -0.0066398 -0.00731027 0.00627604 -0.00360177 0.00155145 -0.00368734 0.0025072 -0.0053556 0.00228828 -0.00058179 -0.00128349 -9.13808e-05 -0.00359014 0.000293465 0.00438018 0.00422361 -0.00215236 0.00239267 -0.00451338 0.00385394 -0.00493546 0.00532961 -0.0028163 0.00563081 0.00576892 -0.00138536 -0.00397901 -0.0029186 0.00218312 -0.00614709 0.00490088
179625 0.00588264 0.00416769 -0.000166552 -0.00213484 -0.00316263 -0.00159089 -0.00797953 0.00179729 0.00453317 0.00494408 -0.00759708 0.000408826 0.00496182 0.00171232 0.00633595 0.0061494 0.00656358 3.1921e-06 0.00633281 0.00205737 -0.00295066 -5.50396e-05 -0.00500652 -0.00385087 -0.00718651 0.00720305 -0.00203718 -0.00252473 -0.00498054 0.00702055 -0.00774456 0.00587818 0.00184534 -0.00329274 0.00114056 0.00374909 0.00721874 0.00783205 -0.00262929 0.0018021 0.00279605 -0.00509758 -0.00611423 0.00374159 0.00525459 -0.00295303 -0.00340292 0.00756216 -0.00738357 -0.00626817 0.000978695 0.00162027 -0.00155238 -0.00203946 -0.00446428 0.00625602 0.00371617 0.00148657 0.000257319 -0.00343541 -0.0073502 0.000757919 0.00225023 1.28187e-05
91714 -0.00591604 -0.00485294 0.00759315 -0.00218937 -0.00308105 -0.00635623 -0.00831911 0.00448976 0.00550029 0.000354949 -0.0072697 -0.00333284 -0.00623037 -0.00551388 -0.000504131 0.00580653 0.00646486 0.00596984 -0.00599754 -0.00686684 0.00708717 -0.00156072 -0.00124927 0.000428083 -0.000710394 -0.00452227 0.000582825 -0.00341628 0.00453954 0.00129434 0.00736338 -0.00313973 -0.00491022 -0.00137943 -0.00548764 0.00213789 0.0068742 -0.00466996 -0.00347529 0.00229957 -0.00297851 0.00596747 0.00521982 -0.00203921 0.00365647 0.00295204 0.00196998 0.00581211 0.00078481 0.00503937 -0.00663426 0.00430306 -0.00316185 0.00628066 0.00291946 0.00740614 0.004191 -0.000831082 0.00645915 0.00102897 0.00527557 0.00746037 -0.00203013 -0.00357977
40696 0.00731143 0.00643394 -3.16368e-05 0.00509277 -0.00603897 -0.000938709 0.0010094 -0.00335156 -0.00416199 0.000274587 -0.000512413 -0.00431182 0.000898172 -0.00594858 -0.00464118 0.0046479 0.00669058 -0.00656714 0.00111999 0.00186559 0.000880721 0.00715278 -0.00493566 -0.000337209 -0.00149851 -0.00544449 -0.00730156 -0.00340822 -0.0032924 -0.00315603 -0.0012118 -0.00787414 -0.0026171 -0.00605264 -0.0065735 -0.00310458 0.0018746 0.00488707 0.00804983 -0.00539329 0.00498148 0.00587872 0.002472 0.00708722 0.00479933 -0.000449193 -0.00583706 0.00530305 -0.00357147 -0.00685335 0.00608733 -0.00329404 -0.00440055 -0.0033651 0.000328005 0.00510277 -0.00633335 -0.00166216 -0.00758691 0.00180429 0.00311413 0.0061645 -0.00376696 -0.00218957
213562 0.00289049 -0.00220094 -0.00683024 -0.00442746 0.00605725 0.00467699 0.000100218 -0.00321738 -0.00126123 0.00203483 -0.00666457 0.00316454 0.000676202 -0.00222417 -0.00048072 0.00434596 0.00316384 -0.00174384 0.00434523 0.00192158 0.00240942 -0.00138948 0.000464154 -0.00544924 0.00408486 -0.000487292 -0.00800529 0.00233502 -0.00167378 0.00380782 -0.00587244 0.00704392 -0.00564146 0.000235003 -0.00483387 0.00652683 0.0065757 0.00629835 0.00672595 -0.00639571 -0.000669014 0.00319065 -0.00643561 0.00105235 -0.00501705 -0.00422139 0.00589851 0.00379702 0.00206341 0.00575406 -0.00466772 -0.004021 0.000173396 5.77183e-05 0.000119052 -0.00448601 -0.00216374 0.00578732 0.00386854 -0.000585121 -0.00629122 0.00297449 0.00467873 0.000843577
184855 -0.00505703 -0.00129372 -0.00340257 4.13641e-05 -0.00282105 -0.00690978 0.00675025 -0.00032717 -0.000568079 -0.00471637 -0.00639254 0.00208775 0.00630636 -0.00542805 -0.00589977 -0.00120801 -0.00118406 0.000952688 0.00206401 0.00683802 -0.00256962 0.000263409 0.00728783 -0.00667614 0.00743202 -0.00190542 -0.00677092 -0.0062285 -0.00245986 -0.00561779 -0.00364026 0.00215795 -0.00521197 -0.00308337 0.00482484 -0.00476515 -0.00367806 -0.00582653 0.006937 0.0055597 -0.00754744 -9.23163e-05 -0.00562804 0.00646519 -0.00102881 -0.00736788 -0.000617763 0.00669759 0.00186262 0.00435062 0.00288963 -0.00472537 0.00702324 -0.0065055 0.00656252 -0.000833669 0.00360531 0.00607152 -0.000880131 0.00154171 -0.00721308 -0.00248087 0.00692533 -0.00764759
43034 0.00454503 -0.000546261 -0.00394434 -0.00668616 0.001572 0.0011375 -0.00172171 -0.00740762 0.00576074 -0.00598835 -0.00325181 -0.000891315 -0.00612314 -0.00297004 -0.000745669 0.00543928 0.00437082 0.00662983 0.000694795 0.00498502 -0.00629302 0.000803781 0.0013557 -0.00241394 0.00629175 0.00192031 -0.0027846 0.00640857 0.00668831 -0.00537706 0.000488319 -0.00685548 0.000535329 0.00189723 0.00353991 -0.00248857 0.00208191 0.00268522 1.42055e-05 -0.00249974 0.00410989 0.00531402 -0.0032555 -0.00583692 0.00365482 -0.00170831 -0.00716536 -0.00413423 0.00297623 0.00411151 0.00102081 -0.0039695 0.00500251 0.00769264 0.0014816 -0.0020346 0.00515153 0.00618201 0.00725556 -0.00728719 -0.00718314 -0.00358706 -0.00491612 -7.14747e-05
249232 -0.00300203 -0.000780842 -0.000342817 0.00690131 -0.00194014 -0.00418297 -0.00456582 0.00161441 0.00234722 0.00251174 0.00634497 0.00719778 0.00636688 -0.00535228 -0.00190108 0.00237861 -0.0072444 -0.00422925 0.000586746 -0.00534031 -0.00719501 -0.00411275 0.00583915 -0.000623649 0.0076037 -0.00194127 -0.000288765 0.00541654 -0.00283559 0.00735191 -0.004314 0.00290962 0.00443881 -0.0059221 -0.00325734 -0.0072606 -0.00160332 -0.00687895 -0.000606635 -0.00760834 -0.000431088 0.0047514 0.00117322 0.00507184 0.00234024 -0.00152432 -0.00547607 -0.00701087 0.00451891 -0.00112757 -0.000110291 0.00722194 0.0072925 0.00385731 0.0042751 -0.00465725 0.00524072 0.00584754 0.00364965 -0.00331869 -0.00688323 -0.00161783 -5.27263e-05 -0.00380605
156268 -0.00642514 0.00387915 -0.00668663 0.000373803 0.0055695 -0.00152293 0.00683094 -0.00229251 -0.00247634 0.00333265 0.00350802 0.00185482 0.00370396 -0.000196204 -0.00459392 0.00710666 0.00552961 0.00376942 -0.00815811 -0.00384039 0.00314473 0.00491967 0.00603453 -0.000216197 -0.00685153 -0.00140401 0.00135485 -0.00490849 -0.00289277 -0.00349241 -0.00762432 -2.70714e-05 -0.00714806 0.00711273 -0.00314922 6.34627e-05 6.61357e-05 -0.0003805 -0.00339966 0.00425172 -0.00138356 0.0079452 -0.000361389 -0.00557587 -0.00266136 0.00202406 0.00667703 -0.00432057 -0.00186994 0.00384026 0.00318676 -0.00157285 0.00243735 -0.00254759 -0.00376619 0.00463494 -0.00227095 -0.00395497 0.00177079 -0.00179733 0.0012505 -0.00500636 -0.00253422 -0.00787881
171483 0.00742865 -0.00352912 0.00142763 0.00460949 0.00310607 0.00717764 0.00420103 0.00736333 0.00742128 0.0015671 0.00764711 -0.00331939 -0.0012636 0.00182366 0.00466859 -0.00243844 -0.000779599 -0.00385572 0.00533275 0.00682617 -0.00563753 -0.00706599 -0.00542603 0.00714932 0.00097337 0.00629723 -0.00274491 0.00263508 -0.00563934 -0.00349653 -0.00567991 0.00746032 0.00566923 0.00453601 -0.00663463 -0.000760191 -0.0018534 0.000627733 0.00555729 -0.00735956 -0.00225644 0.000696394 -0.00740791 0.00390281 -0.00212242 -0.00585929 0.00699057 -0.00613823 -0.000950407 -0.00363457 0.00585705 -0.00542403 0.00307802 -0.00367889 -0.00263413 -0.00109873 0.000840907 -0.00728766 -0.00817309 0.0051768 0.0016328 0.000910672 0.0029292 0.00696581
339622 -0.00372961 -0.000839673 -0.00650028 -0.00484758 -0.00656779 -0.00358489 -0.00131447 0.00188435 -0.00717897 -0.0053897 -0.000958171 -0.0026022 -0.00247704 -0.00195339 0.000437083 0.00687521 0.00103395 -0.00707791 0.00172373 0.000617918 0.0060755 -0.00509297 0.0034723 0.00664487 -0.00189454 0.00115424 0.00495968 0.00130355 -0.000126823 0.00175222 -0.00242554 -0.00590544 -0.00238786 0.00413076 -0.000901796 -0.00720704 0.00696734 -0.00273257 0.0012568 0.00362475 0.000895762 0.00722679 0.00321186 0.00360345 0.00601205 -0.000610195 -0.00266152 0.00105331 -0.00170082 -0.00733133 -0.00481307 -0.00307295 -0.00110183 0.000385444 0.00437084 0.00569173 -0.0064082 0.00242136 0.00380126 0.00223061 0.00198722 0.00667241 -0.00717942 0.00608986
256806 0.00530335 -0.00560288 -0.00531674 0.00269577 0.00301012 -0.00449262 -0.00849526 0.00722517 0.00143329 0.00374615 -0.00221402 0.00294588 -0.0021617 -0.00715179 -0.00453087 -0.00234082 -0.00214501 0.00620157 -0.00540424 0.00577054 -0.0073735 0.00684925 -0.00590076 0.00668757 0.00631986 0.00257019 0.00280885 0.00260237 0.00265092 0.000268324 0.0049442 -0.00177774 -0.00664029 0.000716066 0.00343029 0.00794014 0.00222115 0.000207976 -0.00163955 -0.00356186 0.00510155 -0.0014471 0.000562756 0.00454278 -6.89509e-05 0.00287311 0.00250172 0.007033 -0.00418098 0.000711449 -0.00216027 -0.00155142 0.00165096 0.0019862 0.00622705 -0.000744094 -0.00644826 -0.00587882 -0.0040522 -0.00267057 0.00198097 -0.0035601 -0.00251251 -0.00807131
176177 0.00739971 0.00459036 0.0051709 0.00290372 0.00298466 -0.00538782 -0.00533726 -0.00482245 -0.00599689 -0.0052396 -0.000574436 0.00286931 0.00518584 -0.000471894 -0.00422462 0.0027037 0.00153445 -0.00621935 -0.0076841 -0.00351898 -0.00648699 0.00158232 -0.00142147 -0.00743637 -0.00704004 0.00545872 -0.00671641 -0.00449591 -0.00221504 0.00213661 -0.00240394 0.0044564 -0.00597569 -0.00359848 0.00345727 0.000557603 -0.00199135 -0.00515361 0.00269533 0.00151924 -0.00177065 -0.00113573 -0.0074647 0.00770418 -0.0029036 -0.00216868 -0.00710241 -0.00583413 -0.00178943 0.00573866 0.000956547 0.00110523 0.00125406 0.000702228 -0.000621314 0.00671105 -0.00450415 0.00569836 -0.00133379 0.00646526 -0.00615533 0.00737891 -0.00624216 -0.00701216
151682 0.00142736 -0.00372413 0.00381878 -0.00536771 0.00463438 0.00749679 -0.00756254 0.00686296 0.00281632 0.00519555 -0.00668854 -0.00299354 0.00279438 0.00632002 -0.00190989 0.000532534 -0.00114707 -0.00156534 -0.0083298 0.00108304 -0.00565795 0.00662199 -0.00658637 0.00382319 -0.00498744 -0.00159497 0.000969252 0.00703565 0.00594029 -0.00469734 -0.00708926 0.00413298 -0.00661671 0.00188863 0.00406496 -0.00211969 0.00178768 0.00811997 -0.00144906 -0.00657407 -0.00698687 -0.0052753 -0.00543201 -0.00677379 0.00744038 0.000584266 -0.00648154 -0.00113762 0.00543786 -0.000283272 1.8356e-05 -0.00275579 -0.00666887 0.00472817 0.00426985 0.00257736 0.00133259 0.00569196 0.000739958 0.00602095 -0.00702836 0.0086072 -0.00399617 -0.00462079
326679 0.00679879 -0.00792086 0.00627556 0.001358 -0.00575662 -0.00689289 -0.00220037 -0.00129859 0.00420031 0.000347756 0.00599319 0.00548737 -0.00497234 -0.00464597 -0.00695911 -0.00753355 0.00164721 -0.00610332 0.00201195 -0.00650704 0.00344378 -0.00589201 -0.00459791 -0.00554475 -0.00425349 0.00747808 -0.00229709 -0.00518402 0.00616805 0.00545846 0.00377718 -0.00251864 -0.00746956 0.00355438 0.00257316 0.00216133 -0.00390347 -0.00670402 0.00649468 0.00295929 -0.0066975 -0.00529235 -0.000781708 -0.00654855 0.000968106 0.00456947 0.00579672 0.0037736 -0.00710173 -0.000534442 -0.00229279 0.00439863 -0.000423434 -0.00197271 0.00163458 -0.00173238 0.0059738 0.00155497 0.00181327 -0.00335629 0.00701968 0.00546827 -0.00316739 -0.00332865
277058 0.00568794 0.00619593 0.00572623 0.00620327 -0.0014817 -0.00385917 -0.00302336 -0.00365191 -0.00160681 0.00134929 -0.00516574 -0.00442792 -0.00381097 0.00310703 -0.00605851 0.0038158 -0.0027335 -0.00786485 0.00612929 0.00208424 0.00594362 0.0069919 -0.00276333 0.00413514 0.000910984 0.00527202 -0.00714868 0.00216335 0.00243511 0.00444753 0.00230138 0.00750495 0.000889454 -0.00407916 0.00385921 -0.00662581 0.00316932 0.00746572 -0.00553498 0.00522218 -0.004438 0.000307726 0.00662444 0.0026013 0.00331605 -0.00472986 -0.00749711 -0.00119997 0.00693491 -0.00267449 0.00535355 0.000277544 0.00104511 0.00437926 -0.00388654 -0.00156046 -0.0040863 -0.00771496 -0.00814895 0.00194961 0.00435606 -0.00255821 -0.00466385 1.29171e-05
348745 0.00321226 -0.00222506 0.00349954 0.000841293 0.00438988 0.00685324 0.000414772 0.00265472 -0.00595607 0.00589857 0.00291669 0.0045072 -0.00439908 -0.00508416 0.00636556 0.00487128 -0.00329428 -0.00245893 -0.0045071 0.000856841 -0.00500837 0.00238768 -0.000668263 0.00208208 -0.00646072 0.00267075 0.00458599 0.00164614 0.00628892 0.00312377 -0.000279864 0.00269195 0.00388169 -0.00277421 0.00537744 0.00604214 0.00652952 0.00563934 -8.32038e-05 -0.00113007 0.00405512 0.0052775 -0.00652265 0.00758345 0.000480825 -0.00320576 0.00156433 -0.00284419 -0.00776123 -0.00611114 -0.00576981 0.00175641 0.00225046 -0.00768778 -0.000234977 -0.000113875 -0.00306389 0.00119564 0.000315294 0.00640961 -0.00698784 0.00702477 -0.000691607 0.00111479
147129 -0.00203336 -0.00381418 -0.00623405 -0.000368131 0.00726541 0.00778271 -0.00669449 -0.00325281 0.00689499 0.00411212 0.00312811 0.000760268 -0.00734624 0.00624586 -0.00443057 0.00553455 0.00331994 0.0064953 -0.00115504 0.00280015 0.00288606 -0.00752306 -0.00555097 -0.00267961 -0.00442083 0.00348709 -0.00517892 0.00503245 0.00687309 0.00437756 -0.00160452 0.00606036 -0.00500684 0.00232428 -0.00407569 0.00452749 -0.00235063 -0.00115004 0.00678945 0.00585325 -0.000127225 -0.00414889 0.00630399 0.0035061 0.00216545 -0.00576274 -0.00382538 0.00420208 -0.00446246 -0.0031427 0.00669811 0.00166463 -0.000517893 0.000823248 0.00198725 -0.00738539 -0.00449677 -0.00336283 0.000701209 0.00219151 0.00408793 0.00239863 -0.00771784 0.0029079
178336 -0.00553247 -0.00755266 0.0080712 -0.00563963 -0.00592538 0.00485662 0.00273565 -0.00313398 -0.00163682 -0.00673858 0.00728189 0.00506373 0.00773924 0.00340355 -0.000891401 0.00713979 -0.00311907 -0.00785121 -0.00702652 -0.00261809 0.00683305 -0.00366836 -0.00127081 0.00587992 0.00505105 0.00302389 -0.00254899 0.000964778 -0.00069202 0.0033922 -0.00534817 0.00169535 0.00683244 -0.00221577 0.00423698 0.00738242 0.00619526 0.00365435 0.00537975 -0.00618538 0.00263658 -0.00357448 0.0063743 0.00771374 -0.00550186 -0.00348443 -0.0070257 0.00235276 0.00798967 0.00728051 -0.0010885 0.00150217 -0.00204259 -0.00118143 -0.000862151 0.00393401 0.00170211 0.0012948 -0.00791354 0.00538816 -0.00181738 0.00582947 -0.00258463 0.00174152
259665 0.00461525 0.00109896 0.00791992 -8.22523e-05 0.00631104 -0.00436137 0.00114749 -0.00200112 -0.000453343 -0.00617363 0.00364453 -0.000766874 0.00722139 0.00737685 -0.000751983 0.00348676 -0.00357492 -0.00183837 -0.0064905 -0.00282361 0.00746739 -0.00590026 0.00523866 0.00499778 -0.00303452 0.00466652 0.00690015 0.00187287 0.00274234 0.00256905 -0.00692719 -0.00256159 0.00188418 -0.00650525 0.00408679 -0.00600205 0.00740594 -0.00217046 -0.00618182 0.000922393 -0.00705861 -0.0073071 -0.00602228 -0.00215622 0.00283055 0.00493568 0.001551 -0.00257694 -0.0026689 0.00203527 -0.00277099 -0.00510977 -0.00477947 -0.00618276 -0.00441072 0.00677466 0.0024985 -0.00131596 -0.00340449 -0.00709219 0.00622615 -2.10071e-05 -0.00102667 0.00195823
28328 0.00432342 -0.00351797 -0.0045726 -0.00794094 0.000373225 0.00195437 -0.00311871 0.00269984 0.00364393 0.00404353 0.00399325 0.00644476 -0.00245721 -0.00141609 0.000816009 -0.00356032 -0.00274696 -0.00268296 0.00572561 0.00779012 -0.00178344 0.00600995 -0.00141406 -0.0044854 0.00128052 0.00407905 -0.00630734 -0.0046749 -0.00168711 -0.00231654 0.00344924 -0.00729221 -0.00337249 -0.00745848 -0.0075836 -0.000602982 0.000705213 0.000361613 -0.00514291 -0.00588989 0.00667028 -0.00542757 -0.00762206 -0.00648629 -0.00257474 -0.00353081 0.00786771 0.00228036 0.00266399 -0.00301668 0.00453338 -0.00182998 -0.00507558 0.00163619 0.00383147 -0.00110665 -0.00787561 -0.00311063 -0.00441255 -0.00414195 0.00510577 0.00826627 0.00405041 -0.00193649
85847 0.00461138 -0.00650452 -0.00616889 0.0012797 0.00209262 0.00610539 -0.00534874 0.0058596 -0.00521315 -0.00269835 -0.00338356 0.00758495 0.00677064 -0.00124327 0.00234908 -0.00473494 0.0025687 0.00222033 -0.000684803 -0.00533422 -0.00504907 -0.00403989 0.00307127 0.00133716 -0.00739049 0.0044612 -0.00059679 -0.00580261 0.00411243 0.00668437 -0.000577682 -0.0047146 0.000685652 0.00449863 0.00587507 0.00240133 0.00768319 0.0037188 0.00640085 -0.00394011 -0.00691154 0.00246325 0.00202443 0.00281957 0.00386641 0.00385616 0.00533835 0.00754036 0.00702108 0.000982362 0.000724849 0.00536928 -0.0049727 -0.00131137 -0.00321155 -0.000761691 0.00431779 -0.00536004 -0.00371768 0.00694383 -0.00582142 -0.00258037 -0.00308555 -0.0050244
288817 -0.00334422 -0.00217833 0.00531721 0.00321277 -0.00113034 -0.00165105 0.00278257 -0.00551073 -0.00290395 0.00302054 -0.00634332 -0.00515041 -0.00496192 0.00373274 -0.00737119 0.00206528 -0.00756684 0.00122941 -0.00485417 -0.00529441 0.00681367 4.42797e-05 0.00355986 0.00788741 0.000710818 0.0016359 -0.00599901 0.00201743 0.00171798 -0.00634431 0.00676274 0.00463694 -0.000549329 0.000859484 -0.00585222 0.00704021 -0.00323152 -0.00427034 0.00445968 0.00522913 0.00347718 -0.00468426 -0.000968876 -0.00185382 -0.00741643 0.0040872 -0.00399453 -0.00534703 0.00264489 -0.00186154 0.00426385 0.00135949 -0.000569919 0.000555119 0.00287465 0.0058829 0.00208677 -0.000371221 -0.00443675 -0.00509164 -0.00301303 0.00633003 0.000454571 0.00333458
252641 0.00820525 -0.00728838 0.00715635 -0.00256011 0.00112326 0.00782713 -0.00616904 -0.00537537 -0.00489554 -0.00510843 -0.00115389 -0.00331699 0.00612336 0.00345559 0.0012889 -0.0052976 0.00133365 0.00670682 -0.00658782 0.00482065 0.00318712 -0.00215008 -0.00719858 0.00767305 0.000455359 -0.0011949 0.00362744 -0.000275194 -0.0057418 -0.00722847 -0.00156358 -0.00272908 0.00204886 0.00742859 -0.00602379 -0.007448 0.00523838 0.000865754 0.00259913 -0.00290069 0.00293617 0.00522422 -0.000398093 0.00425493 0.00425659 -0.00155745 0.00444776 0.00095964 0.00397982 -0.00270858 -0.00516037 -0.00429834 0.00548271 -0.000605106 -0.00512434 0.00708503 0.0034323 -0.0042761 0.000290762 -0.00065883 -0.00231577 0.00219376 -0.00133845 -0.00418139
7553 -0.0012346 -0.000366465 0.000719614 0.00611689 -0.00375162 -0.00629419 -0.00729599 -0.00643737 -0.00285003 0.00203509 -0.0074524 0.00432821 -0.000585683 -0.00551149 0.00210511 0.0062529 -0.0068565 0.00734944 7.8669e-05 -0.00080899 -0.00720324 -0.00596507 0.00244894 0.00178531 0.00640164 0.00711512 -0.000966881 0.00654383 -0.00645318 -0.000854302 0.000742349 0.00405599 -0.00596617 -0.00449265 0.002252 -0.00664675 0.00124617 0.00616465 0.00773498 0.00133388 -0.00410595 -0.00494296 -0.0043115 0.00859092 -0.00607256 -0.00447571 0.00127579 -0.00751746 0.00310951 -0.00151681 0.00635177 0.0048598 0.00189949 -0.00467286 0.00102538 3.05931e-05 0.00300625 0.00589705 -0.00788104 0.00421429 0.00431967 0.00804892 -0.00114453 -0.00105322
330504 -0.00450311 0.00198493 -0.00584989 -0.0021586 -0.00526958 0.000654016 0.00275493 0.0011876 0.00365069 -0.00167208 -0.00471876 -0.000294804 0.00384727 -0.00245208 -0.0069184 -0.000828748 0.00260079 -0.000526983 -0.000678497 0.00589515 0.00766432 -0.000457974 -0.00585618 -0.00157847 0.00784461 -0.000876002 0.00515984 0.00390006 0.00337392 0.000158002 0.00211805 0.00108464 0.00067574 0.00632436 -0.00713892 0.00524727 0.00669411 0.0050067 0.00281964 -0.00640037 -0.00605912 -0.00289565 0.00321874 0.00462013 0.00268678 -0.00366238 -0.00449008 0.00672516 -0.00124797 -0.00547532 0.00337095 0.00637037 0.00148422 -0.00397692 -0.00558718 0.00481913 0.00253994 -0.00198522 -0.00654762 0.00270483 0.000247742 0.00698008 0.000633774 0.00145342
301528 0.00465671 0.00590025 0.00462652 -0.00528304 -0.000879188 0.0031649 0.00299663 0.00520113 0.00654469 -0.0032124 0.0019987 0.00480861 -0.00586535 -0.00583882 -0.00517088 0.00679869 -0.00585313 0.00350436 -0.00181937 -0.000696259 -0.00616681 0.00336206 -6.28566e-05 -0.00147607 0.00446704 0.00119349 -0.00671173 -0.00449505 0.00375833 0.00593094 -0.00174908 0.00422115 0.00707421 -0.00451804 -0.00609211 -0.000743131 0.00502421 -0.000423193 -0.00597938 0.00376557 0.00201778 0.00514445 -0.0013213 -0.00515246 0.000756346 -0.00613773 0.00500754 -0.00600172 -0.0012835 0.00146818 0.00417129 0.00210311 -0.0062936 0.00139485 0.0030982 0.00242943 -0.00267541 -0.00470079 0.0019921 -0.00557522 -0.00588964 0.00532164 -0.00400604 -0.00112951
297360 0.00615587 -0.00507255 -0.00678461 -0.00319472 0.00417663 -0.000484948 -0.00268505 -0.000137625 0.00644437 0.00234813 0.00184583 0.000997322 -0.00175047 0.00550951 0.006273 0.0065661 0.00200574 0.000174046 -0.00327875 0.00723054 -0.00128626 0.0003196 -0.00310868 -0.00552556 0.00138657 0.00125372 0.00478005 -0.00610395 -0.00220721 0.00418112 -0.00642039 0.00511673 0.00739204 0.00406516 -0.00470341 0.00224727 0.0023124 -0.00158291 -0.0048791 -0.00809027 1.33629e-05 0.00438988 -0.00180433 0.0036777 -0.00198954 0.00542504 0.0068878 0.00751322 0.00127708 -0.00311033 0.00413351 0.000957281 0.00680481 0.00367382 -0.000181183 -0.00316675 0.00470348 -0.00326634 -0.0063198 0.00367842 0.000246538 0.00194683 0.000281114 -0.00432848
243677 0.0093362 0.00460195 -0.00492398 -0.0057422 -0.00167204 -0.00446227 -0.00846723 0.00379916 -0.00340367 -0.00142689 0.00674088 -0.00216203 0.00866232 -0.00494445 -0.000663493 0.00128068 0.0057829 -0.00651613 -0.00203487 0.00444924 0.000871702 -0.00378009 0.000878519 0.00346937 -0.00187202 -0.00488767 -0.00642149 0.00174686 -0.000485334 0.00601144 -0.00388776 0.00306828 0.00212208 0.0044654 -0.0066011 0.00283276 -0.00111473 0.00696141 -0.00113357 0.00265423 -0.00679698 0.00565937 -0.00677474 0.00529078 -0.00406752 0.00718586 0.0036535 -0.00306268 -0.000162906 -0.00459818 0.00592784 0.00301201 -0.00324454 0.00273809 -0.00228298 0.00297993 0.00336541 -0.00490013 -0.00528484 -0.00155821 -0.00362609 0.00557865 0.00455316 0.000821242
289234 0.00700288 0.00462202 -0.00014887 0.00312857 0.00615219 0.00477007 -0.00636859 -0.00361621 0.00741175 0.00451207 0.00443058 0.00536459 0.00509057 0.00143048 0.00518679 -0.000510184 -0.00609281 -0.00367686 -0.00955013 0.00330275 -0.000348809 0.000968627 0.00495327 0.00201805 3.03704e-05 0.00110674 0.00242476 0.00130744 -0.00593049 -0.00201776 -0.00225805 0.00625338 0.000906332 0.00548711 -0.00609569 -0.00529871 -7.57326e-05 -0.000339485 0.00140005 -0.00318815 -0.00703049 -0.00713318 0.000332092 0.00604895 0.00434571 0.00125494 0.00408057 0.000245698 0.00750942 0.00704207 0.00517984 0.00321452 -0.00557566 0.00651476 0.000562079 0.00665104 -0.00368302 0.0043733 -0.00102395 0.00333613 -0.00297848 -0.00303028 -0.00631827 0.00528517
348943 0.00561961 0.000591851 -0.0060732 -0.000887654 -0.000391627 0.00154402 -0.00288319 -0.00449626 0.000622987 0.00234967 0.00695354 -0.00117371 -0.00648057 0.00586441 -0.00224146 0.00289861 -0.00770543 -0.0028469 -0.00468733 -0.00703839 0.00417137 0.00307178 -0.00575125 0.00651908 0.00566563 -0.000326126 0.00181044 -0.00365073 -0.00622898 0.00646931 -0.00680826 -0.00119838 0.00519978 -0.00572925 -0.00606011 -0.00298587 0.0044838 -0.00525717 -0.00590395 0.00412614 0.00336587 0.00719962 -0.00382416 -0.00678129 -0.00621328 -0.00369737 -0.00603755 -0.000539416 0.000666848 0.000433027 0.00477992 0.00242876 0.00386945 -0.000707387 0.00501481 0.00549587 -0.00654203 0.000919617 0.00395862 0.0028399 -0.00564236 -0.000637223 0.00611678 0.00411893
337438 0.00447136 0.00567114 0.00357752 -0.00378502 0.00584315 -9.52555e-05 0.00169783 -0.00378622 -0.00756908 -0.0013815 0.00299947 -0.00524947 0.004943 -0.00420474 0.00451984 0.00611721 0.00462653 -0.00775509 -0.00634546 0.00261579 0.000128293 -0.000447786 -0.00763728 -0.00536584 0.00591565 -0.00574836 0.000583731 -0.00184878 0.00387212 0.0036518 -0.000296969 0.00341067 -0.00764599 -0.00271664 -0.00195768 0.0058574 0.00447196 0.00433856 -0.00734736 -0.000778553 0.00590585 0.00383124 -0.00433773 -0.00573402 0.00514644 -0.00755324 -0.000959439 -0.000540281 -0.00479986 -0.00112394 -0.000271019 -0.00686598 0.00505485 0.00448669 0.000563882 0.00564731 -0.00339018 0.000164196 -0.00195079 0.00435961 0.00419041 -0.00277745 -0.00586722 -0.000512765
348986 0.00767684 -0.00454316 -0.002509 0.00206076 -0.00452029 0.00549673 0.00385344 0.00127365 0.0066045 0.00582932 0.00402021 -0.00241309 -0.00283057 0.000612139 0.000455668 -0.00532832 -0.00497758 0.00191058 -0.00602036 0.00592544 -0.00420577 -0.0060739 8.34161e-05 -0.0018298 -0.00113451 -0.0040664 0.00125996 -0.00444026 0.00365585 -0.0001758 -0.00143469 0.00424596 -0.00473174 0.000863946 0.00360165 -0.00736494 -0.00163708 -0.0023891 0.00261017 -0.00293502 0.00445156 0.00717801 0.00726255 -0.00540131 -0.00672916 -0.000829586 0.00479002 -0.0014611 -0.00233141 0.00308317 -0.00676672 -0.00724441 0.00351191 0.00633607 -0.000899214 0.00286523 0.000492684 -0.0065616 -0.0039278 -0.00735878 0.00278847 -0.00355902 -0.00321812 0.00398103
349006 -0.00121688 -0.00105349 0.00166701 -0.000333554 -0.00423583 0.00109321 0.00336063 0.00515174 -0.00291763 -0.001237 -0.000778207 0.00756938 0.000465293 -0.00757083 -0.0020224 -0.00587548 -0.00248729 0.00636737 -0.00684687 0.000258947 0.0082932 -0.00181794 -0.00577519 -0.00542031 0.00658162 -0.00704655 -0.00255454 -0.000412373 -0.00179498 -0.00110398 -0.00873351 -0.00692234 0.00705499 0.000527748 -0.000327917 0.000622361 -0.00652019 0.00199917 0.00827119 0.00334988 -0.00432363 0.003862 -0.000811226 0.00601038 -0.00102344 0.000936309 0.00498784 0.00155169 0.00805973 0.0054432 -0.00400845 -0.0062605 -0.00526158 -0.0028657 0.00546031 0.00329788 0.00695455 -0.00333176 0.00245573 0.00692719 0.00588906 -0.00232151 -0.0026377 0.00369481
150220 -0.00631761 -0.00630608 -0.00234598 -0.00266934 0.00770263 0.00725192 0.00192041 -0.00477152 0.00141514 0.00412481 -0.00130713 -0.00540054 0.00180043 0.00314349 0.00478638 0.00531045 -0.00710246 -0.00417475 0.00390152 0.00589165 -0.00226741 -0.000877583 0.00750736 -0.000490358 -0.00416225 -0.00458533 -0.00692873 0.00122996 -0.00414018 -0.00621102 -0.00566931 0.00178458 -0.0012654 -0.00351187 -0.000262509 -0.000802799 0.00248561 -0.00131639 -0.00297098 0.00306235 -0.00128432 0.00102852 -0.00360644 -0.00522475 -0.00677554 -0.0075367 0.00128298 -0.00785233 0.000775402 0.00745583 -0.00414036 -0.000525798 0.00265523 -0.00754737 -3.62439e-05 -9.05599e-05 -0.00385159 -1.92437e-05 0.00405415 0.00144807 0.0047372 0.00406404 0.00472141 -0.00120108
152238 -0.00572951 0.00698339 -0.00228159 -0.00676606 -0.00352109 0.00714637 -0.00410749 -0.00255173 0.00606461 -0.00201519 -0.00758115 0.00829367 0.00203769 0.00305963 0.000984346 0.00707028 -0.000682206 -0.00329757 0.00444974 0.00481735 -0.00231809 -0.00575745 0.000525806 0.00649298 0.00409346 0.0076467 -0.003747 -0.00543782 0.00322417 0.00484561 0.00645874 0.00561451 -0.00589405 0.000944239 -0.00748655 0.00143906 0.00242391 0.00194991 0.0020248 0.00110426 -0.00479925 0.00200279 -0.00240231 0.00615111 0.000849313 0.00450552 0.00290729 0.00605931 0.00765766 0.000838838 0.00309808 0.00126522 0.00541613 7.22919e-05 0.00328736 0.000766972 0.000282653 0.00386201 0.00275185 -0.00117859 -0.000142203 0.00210115 0.00143263 0.00471074
330835 0.00478288 -0.00105614 0.00249106 -0.00537 -0.00423688 0.00650336 -0.00315965 -0.0011654 0.00320595 -0.00699155 0.00731564 0.00677918 0.00608849 0.00573792 -0.00761396 0.00117293 -0.00327689 -0.0018405 0.00288744 0.00209935 0.000785749 0.00261222 0.00548019 0.000404932 -0.00120557 -0.00624234 -0.00629279 -0.0001242 7.81676e-05 -0.00444131 -0.00682311 0.00472528 -0.00512302 0.000100423 0.00656167 -0.00542625 0.00748065 -0.00272871 -0.00256796 -0.00338556 0.0046661 3.81889e-05 -0.00457223 -0.00540844 -0.00767212 -0.000588452 -0.00414421 -0.00589316 0.00450754 0.00176346 0.00537116 0.000915437 -0.00719711 0.0041952 -0.00352987 0.0019832 -0.00139515 4.49885e-05 -0.00229127 -0.000443293 -0.00126705 -0.00202842 -0.00441875 0.00252184
268114 0.00647154 -0.000468973 0.00441221 0.000870407 0.000445453 0.00304666 -0.00741445 -0.00570212 -0.00705159 -0.00565592 0.000287192 0.00360544 -0.00411819 0.000580062 -0.0075247 -0.00314972 0.00413377 -0.00301468 -0.000986653 -0.00477108 0.00758446 0.00489201 -0.00060655 0.00548378 0.00180434 0.00370515 -0.00399973 -0.00218813 0.00539502 -0.000225337 0.00567352 0.00667267 -0.00576022 0.00416444 0.000204543 0.00460881 -0.00698555 0.00912188 -0.00262733 -0.00377475 0.00805914 -0.00366318 0.00581269 0.00104844 -0.00680475 -0.00634702 0.00512721 -0.00649697 0.00622671 0.00312602 -0.00230385 -0.00791471 -0.00663528 -0.0028077 -0.000557285 0.00742953 -0.00629166 0.00343049 -0.00475683 -0.0039834 0.00132935 0.00580851 0.00219063 -0.00380337
249531 0.00456158 -0.000543582 0.00476594 0.00378094 -0.00259629 0.00282338 -0.0063678 0.00197581 -0.000805958 -0.000733002 -0.000878383 0.00419803 0.00811509 0.000478856 -0.00842572 -0.00434709 0.00128402 -0.00283418 4.12214e-06 0.00438207 -0.00407021 0.00420122 -0.0013831 0.00633299 -0.00459537 0.00214293 0.00450931 -0.00708313 -0.000686316 -0.00269747 -0.00737177 -0.00447435 -0.00602599 -0.000112161 0.00160983 0.0037922 0.00433249 0.00811978 0.0080687 -0.000985128 -0.00645103 8.32599e-06 0.00553649 -0.00387462 0.00490642 -0.00350085 0.000780051 0.00203932 0.00388458 0.00548648 -0.000926212 0.00691929 -0.00363412 -0.00546866 -0.00689 -0.0013939 -0.00454789 0.00560688 -0.00629724 0.00437487 -0.000633037 0.00132852 -0.00236261 -0.00267249
163294 -0.00444954 -0.00257092 -0.004058 0.00236463 -0.00264055 0.00383755 0.00316533 0.00102793 0.0070677 -0.00235534 0.00785302 0.00692886 -0.00646673 -0.00546833 0.00304947 0.00708396 0.00696758 -0.00468407 0.0054187 -0.00440955 -0.00275959 -0.00330197 -0.00445127 -0.00388786 0.00142051 0.0082896 -0.00144248 -0.00316008 0.001259 0.00645794 0.00499454 -0.00602065 0.00319529 -0.00270336 0.000426073 0.00271583 0.001383 0.00368287 -0.00319481 -0.00448733 0.00476626 -0.00323894 -0.00541996 0.00520681 0.00644961 -0.00736321 -0.00826356 -0.00579022 -0.00331628 0.00164121 0.00462359 -0.00800988 -0.00155312 0.00445161 -0.00246883 -0.00516744 0.00632776 0.00625514 -0.000473767 0.00112867 -0.00773847 -0.00105047 -0.00324264 -0.00604068
81600 0.00300006 -0.000801248 -0.0026162 0.0027341 0.00354168 -0.00411147 -0.00281225 -0.00520514 0.0071141 0.00333372 0.00588337 0.00404533 0.00713232 -0.00470142 -0.00112147 0.00242123 0.00189394 -0.00329826 0.00382317 0.00626464 0.00492953 0.00363978 0.00758014 0.00766031 0.00365184 0.00105212 -0.00546372 -0.00167431 0.00775737 0.00585749 0.00521855 0.00307253 0.00679446 -0.000950836 -0.00680296 0.00496689 -0.000524473 -9.76837e-05 0.00228206 0.000547352 -0.000627077 -0.00365084 -0.0040849 0.000388564 -0.00130185 0.00672944 -0.00241597 -0.00171054 -0.00633602 0.00638618 0.00141125 -0.00415255 0.0044844 -0.00576817 -0.00508665 -0.00459975 0.00458213 -0.0034604 -0.00700991 0.00218834 0.00520777 0.0056212 -0.00772366 -0.00265157
349330 0.00657541 0.00340401 -0.000270185 0.0052062 -0.00510685 -0.00678966 -0.00339291 -0.00687877 0.0021244 0.00528662 -0.0013771 0.00781604 -0.00265633 -0.00833437 -0.00511073 0.00567553 0.00372393 -0.00328149 -0.0031168 0.00141977 0.00434008 0.00350985 -0.00525673 0.00131943 0.00744799 0.000472672 0.00357574 -0.00693391 0.0065075 -6.62957e-05 -0.00166178 -0.00223723 -0.00088203 -9.41597e-05 0.00128071 0.00559284 0.00449017 0.004532 0.00663928 0.00429892 0.00469437 0.000130418 -0.00527651 0.00653218 0.00744289 -0.00719604 -0.00622067 0.00489988 0.00797025 -0.0017054 0.000326741 -0.00451178 -0.00459427 0.0045846 0.00395142 0.00278561 -0.00670113 0.00787587 -0.00240526 -0.000360021 0.00499037 0.00510857 -0.00175455 -0.00490395
117778 -0.00402984 0.00115253 0.0047335 0.000980749 0.00546489 0.00143053 -0.00454481 -0.00158532 -0.000898081 0.00125508 -0.00229968 0.00903544 0.00230036 -0.00313754 -0.00457533 0.00350867 -0.00711239 -5.46263e-05 -0.00906782 0.00212068 0.00376822 0.000939238 0.00520159 -0.00583262 -0.0049214 0.00189127 -0.00450368 0.00141197 -0.0064532 -0.001581 -0.00444598 -0.00606823 -0.00312761 0.00177683 0.00564521 0.00805374 -0.000146312 0.00419778 0.000948775 0.00619216 -0.00638019 0.00123673 -0.00159989 -0.00561596 0.00348164 0.00643108 -0.00146217 -0.0038902 5.9581e-07 -0.0072784 0.00484499 -0.0077292 -0.00806819 0.00342969 0.00632097 -0.00140504 -0.00242439 4.40839e-05 -0.00453726 -0.00575537 -0.000514557 0.00376568 0.00701191 -0.000746675
115525 0.00456842 0.00402534 0.00953934 0.00365195 0.000350936 0.00360419 -0.00913392 0.00621025 -0.00025699 -0.00173204 0.00721679 0.00990751 0.00603651 -0.00293508 -0.00371353 0.00617168 0.00369131 0.00258017 -0.00416956 0.00627191 0.00571189 0.00904142 -7.29365e-05 -0.00495745 0.00585782 -0.00676237 -0.00475583 0.00217647 0.00647439 0.00590183 -0.00370417 -0.0015773 -0.00732079 0.00132099 -0.00495943 0.00906546 0.00952724 0.0129853 0.00138218 -0.0043768 -0.00510157 0.00313866 -0.00911574 0.00923306 -0.00459424 0.000725452 0.00589011 -0.00827744 0.00278731 -0.00296172 -0.00634836 -0.0057768 0.00382628 -0.00158907 0.00693472 0.00619241 0.00374284 0.00549118 -0.0110916 -0.00735876 0.00569053 0.00295406 0.00187055 -0.00526426
349438 0.00938526 -0.00666188 0.00449553 -0.00754078 -0.00611432 0.0036401 -0.00691308 0.00281319 -0.00639233 0.00430049 0.0066248 0.00438792 0.00692935 -0.00263288 -0.00588192 -0.00372642 0.00019021 -0.00516227 0.0012621 0.00104542 -0.000958488 -0.00498271 -0.00387382 0.00229876 0.00366719 0.000828631 -0.00687538 0.00403013 0.00222228 -0.00151218 -0.00820036 -0.00317416 0.00604708 -0.00378822 0.000518811 0.00714501 -0.00374024 0.00519256 0.00862488 0.00625295 -0.0058214 -0.00534723 -0.00144311 -0.00478177 0.00248744 0.00367131 -0.000165532 -0.00688783 0.00213803 -0.000564908 0.00255946 0.00616084 -0.00376468 0.00625859 0.000356857 -0.00211387 -0.00746304 -0.00317914 0.00233899 -0.00192318 -0.00327303 0.00326035 -0.00810803 0.000946497
335713 0.00720518 -0.00807606 0.011055 -0.00632755 0.00176281 0.00162737 -0.0138028 -0.000512718 -0.000521407 -8.44547e-05 0.000705408 0.00616285 -0.0022698 -0.0068879 -0.00692661 0.00414513 0.00202236 0.00308758 -0.0108444 0.00255608 0.00468895 0.00936126 0.00140312 -0.00323254 -0.00176864 -0.0030162 -0.00665278 -0.00189299 0.00947198 -0.0023118 -0.01199 -0.00443523 -0.00419408 0.0018446 -0.00756951 0.00282279 0.00406852 0.00497075 -0.00317932 -0.00650921 0.00758738 -0.00136758 0.00164122 0.00686123 0.00122531 -0.00454266 -0.00669962 0.00145873 0.00446205 0.00358657 -0.0061324 0.00118703 0.00477758 0.00164996 -0.00562283 0.00483227 -0.00469026 0.00823916 -0.00285668 -0.000465415 0.00758899 -0.00490124 0.00629927 -0.00340613
349486 0.0102873 -0.00598457 0.00770321 0.00139236 0.00816902 0.00243381 -0.0090126 -0.00196402 0.00891821 0.00990895 0.00159498 0.0119908 0.00800843 0.00245595 0.00461709 -0.00369003 0.00384369 0.000953727 -0.00789721 -0.00193428 -0.00197889 0.00411722 0.000851453 0.00790181 0.00136142 -0.00673731 0.00162048 -0.00872531 0.00328405 -0.00248096 -0.0118256 -0.00578594 -0.00333465 0.00256291 0.00128419 -0.0033232 -0.00317302 0.00578657 8.13481e-05 0.00539874 0.00539623 0.00502188 -0.00461168 0.00764898 -0.00554715 0.00392923 0.00044649 0.00204041 -0.00321937 -0.00252599 0.00263154 -0.00142054 -0.00848047 0.00167582 -0.00121664 0.00166402 -0.00819753 -0.00151496 -0.00481439 -0.000919168 -0.00327725 -0.0028757 0.00621149 -0.00167048
