2371 0.00449382 0.00646156 0.00676472 0.00449931 -0.00143228 0.00366885 0.00392894 -0.000152383 0.00298051 0.00154613 -0.00405791 0.00244939 0.00542333 0.000776805 0.0076553 0.00352351 0.00606295 -0.00476144 0.00295904 -0.00524691 0.00381807 -0.00059503 -0.00755191 -0.000209423 -0.00228028 0.00339959 -0.00715075 -0.00361202 0.00287847 0.00593144 0.00569893 -0.000136639 -0.00528666 0.00134755 0.00305908 -0.00683465 -0.0004462 -0.00734957 -0.00592884 0.00566433 -0.00469946 0.00073713 0.00373627 -0.00539704 -0.00334245 0.000966134 0.00659153 0.00313243 0.00403623 0.00724873 0.00604556 -0.00100973 0.0032997 0.000506217 0.00508612 -0.00730863 -0.00780435 -0.000229095 -0.00330818 -0.00447806 0.00207618 0.00400129 0.000871758 -0.00566108
1639 -0.00319836 -0.00642366 -0.00452461 0.00352054 -0.00747532 0.000620677 0.00197188 -0.00398306 -0.000981234 -4.26495e-05 0.00152558 -0.0074347 0.0012407 0.00445074 0.00516375 0.00170226 0.00362818 0.00740261 3.34127e-05 -0.00405948 -0.0035788 -0.000471512 0.00189671 0.00715975 0.00728315 -0.000156067 -0.00158738 -0.00439702 0.00352158 9.02861e-05 -0.00230248 -0.00282478 -0.00402685 -0.00364937 -0.00216624 0.00043304 0.000213084 0.00728891 -0.00161839 -0.00446381 0.00311883 0.00299342 -0.00579552 0.00551285 -0.00314339 0.00301641 -0.00544952 -0.00406739 -0.00632082 0.00182398 -0.00734491 0.00392237 0.00568824 -0.00353554 0.00618243 -0.0076201 -0.00345781 -0.0074493 0.00466015 0.00456848 -0.00750738 -0.001544 0.000786036 -0.000131938
14872 0.00038053 -0.0068644 -0.00380162 -0.0068163 -0.0019988 0.00166849 -0.00330024 0.00292404 0.00389414 -0.000447998 0.00578903 -0.00668859 0.00755428 -0.00225673 -0.00716567 0.00343583 0.00162979 -0.00184454 -0.00490764 0.00758542 0.00622781 0.000550091 0.00561064 -0.00338589 -0.000991722 -0.000468029 -0.00573629 -0.003349 0.000586909 -0.00298484 -0.00524332 -0.000625887 -0.005799 6.14193e-05 -0.0043994 0.00427462 0.007629 -0.00234693 0.0057768 0.00666004 0.00498766 -0.00362194 0.00119126 0.00709492 -0.0055366 -0.00101944 -0.00193576 0.000371438 -0.000273149 0.0054625 0.00627964 0.00472178 0.00389352 -0.000920281 -0.00091829 -0.00460562 -0.00148676 -0.00297349 -0.0036635 0.00621389 -0.00351341 0.00294459 0.00672986 -0.00209304
14873 0.000263254 0.00352252 0.00453334 0.00682399 0.00348044 0.00276308 -0.00112397 0.000621276 0.00170396 0.00167725 -0.00442092 0.00183517 -0.00370611 -0.00486285 0.00387092 -0.000492842 -0.00118754 0.00301765 -0.00263778 0.00634018 0.00410817 0.00424757 -0.00327245 0.000923198 0.00189253 -0.00599639 -0.0035075 0.00259383 -0.00476675 0.00144596 -0.00315202 0.003162 0.00179488 0.00697479 0.00363843 0.00280644 0.00635819 0.00260971 0.00738757 -0.000383899 -0.00329613 -0.00609648 0.00757698 -0.00742893 0.00439165 -0.000516661 -0.000476088 0.00335448 0.00141135 0.00284316 0.0053768 0.00536431 -0.00383374 0.0062697 0.00427707 -0.000568075 0.00763485 0.000863855 -0.000537784 -0.000379852 -0.00426069 0.0026332 -0.000888162 -0.00314651
23287 0.00498629 -0.000299454 -0.00739002 0.00737381 0.00529146 0.00764704 -0.0042367 -0.00737095 -2.43187e-05 -0.000182629 -0.00328636 0.00750208 -0.00600147 0.00333261 0.00113058 0.00417805 0.00174475 0.00277662 -0.00732327 -0.00771332 8.58307e-05 0.00462437 0.00745535 -0.00178671 0.00592136 -0.00175381 -0.00226974 -0.00699425 -0.00353241 -0.00536013 -0.00384474 -0.00262213 0.00773335 0.00373173 0.00580263 0.0019865 0.00445509 0.00639725 0.00222015 0.00523376 -0.00244522 0.000793934 0.00406218 -0.00572491 0.00239086 0.00727797 0.00477457 -0.000393867 0.00137186 0.00212765 0.00312567 0.00203562 0.0041976 -0.00753021 0.00318956 -0.00570869 -0.00570393 -0.000500202 0.0028224 0.00731421 -0.0046463 0.00614882 -0.00250816 -0.00275373
23288 -0.0003642 -0.0043527 0.00287721 -0.00307019 0.00756068 -0.00334136 -0.00193634 0.00587075 -0.00159644 -0.00470821 -0.00398458 0.00747776 0.00381362 0.00557129 0.00213603 -0.0073492 -0.00645443 0.00165455 0.00594527 0.00461366 -0.00370202 0.00348082 -0.00029912 0.00568201 -0.00676595 0.00380002 -0.00158655 0.00212788 0.00546359 -0.00305204 -0.00736553 -0.00567212 -0.00682781 0.000429034 -0.00624005 -4.59533e-05 0.00210237 0.00103342 -0.00290521 -0.000317463 0.00336643 -0.0011622 0.00479797 0.00546828 0.00333864 0.00172013 -0.00380149 0.00728367 -0.00554751 0.00363225 0.00486625 -0.00129334 -0.00495318 0.00250023 0.000665493 -0.00675574 -0.000744769 -0.0038286 0.00294746 -0.00281829 -0.00739757 -0.001309 -0.00209031 0.00746174
25126 -0.00731325 -0.0023746 0.00747409 0.000893808 0.00654198 0.00473107 -0.00693298 -0.00295349 0.00464409 -0.00279236 0.00363117 0.00671454 0.00548322 -0.0071259 0.00105692 -0.00523474 -0.00360453 -0.00387384 0.00722317 -0.00352959 0.00277923 -0.00522888 0.00556211 0.00143174 0.00066346 -0.00557377 0.006892 -0.00601916 5.902e-05 0.00536362 -0.00595455 -0.00150754 -0.00596047 -0.000594386 -0.00174477 0.00267472 0.00739113 0.00205247 0.00659326 -0.00181947 0.00209877 -0.00676213 0.000408446 -0.00405109 -0.00130396 0.00117572 -0.00476661 0.0054837 -0.00104132 -5.5263e-05 -0.00755281 0.00728369 0.00594812 -0.00491042 -0.00628071 0.00179782 -0.00705285 0.00204969 0.00421612 0.00737791 -0.00742594 0.00457243 0.00422484 -0.00305693
25127 0.000509963 0.00393158 0.00194882 0.00576696 0.00640311 -0.00334975 0.00708278 -0.00696659 0.00267851 0.00689218 0.00640288 0.00237968 0.00213377 -0.00456628 -0.000244459 0.00137881 -0.00657608 0.00603289 0.00588176 0.00706542 0.0059997 -0.00401085 0.00263346 0.00266452 -0.00529883 -0.00711481 -0.00770341 0.00279494 -0.00303611 -0.00671506 0.000364301 0.00657531 0.00706496 -0.0048923 -0.00468993 -0.00736821 0.00483708 0.00143585 0.00632381 -0.00746822 0.00519614 -0.00295436 0.00507777 0.00586001 0.00328264 0.000656715 -7.14265e-05 -0.00327819 -0.00593203 0.00692707 0.00252515 0.000430415 0.00396354 -0.000543187 0.00284562 0.00196633 0.000490586 0.00468911 0.00317337 0.00577039 -0.0074333 -0.00668092 -0.0031132 0.00522969
32503 0.000350356 0.00518036 0.00535371 0.00574829 0.00343428 0.00736304 -0.00383799 -0.0026398 9.15667e-05 0.00220778 -0.00107017 -0.000535131 0.00470258 0.00425342 -0.00764483 -0.004507 0.00682039 -0.00345214 0.00331802 0.00523001 0.000351817 0.00107105 0.00746769 0.00309751 -0.00339764 -0.0014444 -0.00583087 -0.00748324 0.00522749 0.00452849 0.00377977 0.0073931 0.00561602 0.00541575 3.8497e-05 0.00705141 0.0024813 -0.000962596 -0.00475319 -0.00203394 0.000720577 -0.00015839 -0.00613702 0.00502426 -0.00710828 0.00291152 0.000465958 0.00700853 -0.00189716 0.00156044 0.00134196 0.00558707 -0.00482592 0.00568141 -0.00614071 -0.00082825 -0.00770909 -0.000429943 0.00418106 -0.000703582 -0.00230502 0.00481141 -0.00458567 0.00166353
24079 -0.00707402 -0.00023719 -0.00237987 0.00290375 0.00177983 0.00158824 0.00226406 0.00574204 -0.00342277 0.000121111 -0.000766951 -0.00487776 0.000720477 0.00260629 -0.00357798 -0.000885451 0.00408337 0.0031696 -0.0068311 -0.00113581 0.00362504 -0.00380012 -0.00243935 0.00429008 0.00412961 0.00299119 -0.00265209 -0.00256289 -0.00521598 -0.00303568 0.00424482 -0.00237155 0.00212758 -0.00642006 0.00411529 -0.00281546 0.00059206 0.00254391 -0.00421048 0.00623646 8.58701e-05 -0.000961999 -0.00349025 0.00231132 -0.0019716 0.00291785 -0.00513969 0.00757366 0.00585857 -0.000260243 -0.00573464 -0.00449157 -0.00651674 -0.00399092 0.00283564 0.0067019 -0.0065022 0.00557484 0.0037992 0.00270783 0.00518452 -0.00697405 -0.00415859 -0.00533242
13445 0.00233126 -0.0061576 -0.00223096 0.00703149 -0.00229083 -0.00133716 -0.00299994 0.00604487 -0.000282868 -0.0059048 0.00192232 -0.00569732 0.00113717 -0.00285725 0.00604326 -0.00468634 0.00739678 0.00671798 -0.00757279 0.00367712 -0.0054629 0.00661784 0.00514289 3.06135e-05 0.00723218 0.00553406 -0.00551808 -0.00286861 0.00589587 -0.00125501 -0.00611215 -0.00256401 0.00119867 -0.00681376 0.00704002 0.000231842 0.00711686 -0.00389444 0.00695609 0.00139793 0.00692192 -0.000146864 0.0037495 -0.00120799 -0.00547259 0.00344193 0.00457811 -0.00681953 0.00439793 -0.00593469 -0.00557978 -0.00232507 0.00489375 0.00743728 -0.00443659 -0.00119064 0.00575229 0.00253815 0.00635781 0.00726662 0.00456993 -0.00215365 0.00204979 0.000417025
13744 -0.00192881 0.00144863 0.00135946 0.00461864 -0.00463247 -0.00543118 0.00675011 -0.00602722 -0.00641298 0.00109148 -0.00622606 -0.00579596 -0.00652027 0.00238609 0.00754595 0.00612164 -0.000118732 -0.00421381 -0.00520945 -0.00366592 0.0065093 0.00286818 0.00767946 0.007442 0.003685 -0.00226259 0.00163698 -0.0053668 -0.00714254 -0.00101519 0.00396299 0.00344181 -0.000368595 -0.00135231 0.000443935 -0.00128317 0.00668955 0.00307846 0.0043025 0.00642681 0.00142574 -0.000314236 -0.00158644 0.00336075 -0.00281334 -0.000547409 -0.00361729 -0.0024066 0.00418472 0.000440121 0.00715685 0.000400066 -0.00352383 0.00656509 -0.00747061 0.00436449 0.00732756 -0.00627136 -0.00717545 -0.00350666 -0.00689602 0.00445795 -0.00550652 -0.00392246
36545 0.00426189 -0.00247464 -0.00383192 0.00550345 0.00668204 -0.00697169 0.00315814 0.00429327 0.00134753 -0.00103009 0.000634059 -0.000209613 0.00432741 -0.00623785 -0.00499399 -0.00107321 0.00372262 -0.00194128 0.00166627 -0.00743544 0.00265443 -0.0054368 0.00615083 0.00468299 -0.000923025 -0.00541209 -0.00415591 0.000756739 -0.00406018 -0.00542104 -0.00462868 0.00451823 0.00202055 -0.00335102 -0.000555788 -0.00142005 0.00733444 0.00766627 0.00244159 0.0053334 0.00287033 0.00377662 0.00245518 0.00145074 -0.00253889 -0.00627327 0.00733263 -8.66879e-05 -0.00775221 -0.00422589 -0.00123737 -0.000102845 0.00555372 -0.000872988 0.00640796 -0.0024225 -0.000139315 0.00583693 -0.00119393 -0.00705584 0.00714112 0.00587994 -0.00732764 -0.00216115
36546 0.00597402 -0.00393517 -0.00661139 -0.00394152 0.00451977 0.00566331 -0.00308573 0.00143882 0.00711777 0.00467158 -0.00631718 -0.00740863 0.00556903 0.00139687 0.00163211 -0.00424184 0.00205577 0.00216764 0.00669669 0.000225885 0.000767796 -0.000839629 -0.00634726 -0.00672257 0.00679264 0.00325687 -0.00681733 0.00293679 0.000704012 0.00594007 -0.000684148 -0.00265352 0.00519698 -0.0027149 -0.00427028 -0.00204153 -0.00638534 0.00191343 -0.00745933 0.00550571 0.00702513 -0.0061565 -0.00123344 0.0019169 -0.00540727 -0.0031425 0.00423246 0.00266882 -0.00533677 -0.00396204 0.0058172 0.000142228 -0.000912072 -0.0013887 -0.00486692 0.00734675 -0.00708694 -0.00473153 0.00520656 -0.00429233 -0.00291936 0.00293312 -0.00738302 -0.00152119
40687 -0.00388908 0.00328684 -0.00358629 0.00184298 0.000812531 0.0049181 0.00656414 0.00453854 0.00278568 -0.0039072 -0.00125933 -0.00678778 -0.00746441 0.000723839 0.00587606 -0.00469971 0.00142717 0.00452042 -0.00437689 0.00382805 -0.0048275 -0.00499821 0.00241804 -0.00175953 0.00118208 0.00746346 0.00194216 -0.00366497 0.000527382 -0.00133038 -0.00765324 0.00203705 -0.00189829 0.00286579 0.00439405 0.00282526 0.00485659 0.00125933 0.00488472 0.00655842 0.00193977 0.00643826 -0.00634432 0.00588179 -0.0043726 -0.00399971 -0.00711918 0.00058651 -0.00150967 -0.00626469 -0.005404 -0.00264406 -0.00118351 -0.0048604 0.00267315 -0.00772905 0.00372744 0.00434494 0.000788689 -0.00387239 -0.000737667 0.00424862 -0.00175428 -0.00142813
40688 0.00660545 0.00194413 0.000817676 -0.00640422 -0.00032103 0.00238213 -0.00404852 -0.00633483 0.00371712 0.00575534 0.00262471 -0.00118096 -0.000377559 0.00622868 -0.00591144 0.00397727 0.000596027 -0.00628451 -0.00661255 -0.00436328 0.00372468 -0.000534843 -0.00567504 0.00551275 -0.0043572 -0.00120294 0.00693026 -0.000369191 -0.00340086 -0.00682626 0.005706 -0.000381617 -0.00683843 -0.00776501 0.00146244 -0.00433844 -0.00565163 -0.0022206 -0.000661626 0.000292668 -0.000935857 0.00768385 0.00128243 0.00657646 -0.000179085 0.00174562 0.00255538 -0.00382723 -0.00143582 0.00486078 0.00170639 -0.0045069 0.00300457 0.00220445 0.00259644 -0.00314538 -0.00509506 0.00508957 -0.00225163 -0.00672079 -0.0046459 -0.00499247 0.00560516 0.00649384
7468 -0.000896426 -0.00182729 -0.00566408 -0.00318664 -0.00256685 0.0018082 -0.000806203 0.00364702 0.00181226 -0.00404301 -0.00012272 -0.00126242 0.00653571 -0.00663782 0.00717846 0.00473779 0.00614549 -0.00248511 0.00140164 0.00702894 0.00505679 0.00665669 0.00157231 -0.00682733 -0.00426529 0.00780561 0.000789922 -0.00760579 -0.00208014 0.00193112 0.000215026 -0.00539117 -0.00498433 -0.001098 0.00207888 -0.00194814 0.00138181 0.00690948 0.0062202 0.00193758 0.00198188 0.00276651 -0.00336633 0.0050382 -0.00146426 0.00124234 -0.00780905 -0.000163602 -0.00250196 0.00626046 -0.00656831 0.00640788 0.0020572 -0.00575846 0.00759959 -0.00466511 -0.00053612 -0.00708357 0.00035617 -0.00588779 0.00609638 -0.000461896 0.00293522 0.00723598
41516 0.00560856 0.00609112 0.00385189 -0.00205708 -0.00180197 -0.000865459 -0.00424957 -0.00118208 -0.00317287 -0.000786781 -0.0070138 0.00578499 0.000801086 -0.00778198 0.000196934 0.00406218 0.00111818 0.00447798 -0.00233698 -0.00107193 0.00140381 0.0026412 0.00159645 -0.00592327 -0.000738621 -0.00518656 -0.00036335 -0.00674629 0.00568008 -0.00150871 0.0071702 -0.000697136 0.000446796 0.00174856 -0.00211382 -0.00745153 -0.00505066 0.00508165 0.00104952 0.00326681 0.00656939 0.00475359 -0.00609255 -0.00545168 0.00668001 0.00503635 0.00671673 -0.00157213 0.00581837 -0.0016799 0.00629902 0.00283813 -0.00570536 0.000487328 0.0068655 0.00100756 -0.0044322 0.00239658 0.00527143 -0.00226164 -0.00248289 0.00300074 0.00193357 -0.00644255
42068 0.00329902 0.000581674 0.00148291 0.00680852 -0.00175905 -0.00189881 0.00419797 -0.00160883 -0.00375279 -0.00660498 0.00774769 -0.00631864 -0.00663162 -0.00614088 -0.00142067 0.000605373 0.00779322 -0.00462675 -0.000743285 0.00281486 0.00273849 -0.00290185 -0.00455954 0.00195274 -0.00382727 0.00608735 -0.00394995 -0.00255743 -0.00236132 -0.00462312 0.00307754 0.00254563 -0.00157994 0.0030631 0.00399487 0.000664087 -0.00134501 0.00780214 -0.00155685 0.0039158 0.000791673 0.00326758 -0.000598406 0.00744254 5.89348e-05 0.000343598 0.00505054 0.00230309 -0.00509938 0.00480345 0.00666207 -0.00343211 0.00139275 -0.00469588 -0.00253601 0.00363723 0.000530266 -0.00229841 0.00119936 -0.0045207 0.00594875 -0.00162706 0.00650083 -0.00275929
9888 -0.00707028 -0.00439305 -0.0016461 -0.00580003 0.00176974 -0.00529874 0.00392261 -0.0019784 -0.000141133 -0.00448868 -0.000287166 0.00643626 0.00300153 -0.00279134 0.00419581 0.000746084 -0.00636255 0.00578168 -0.000279982 -0.00478368 -0.00441632 0.00737308 0.00746047 0.00268624 -0.000152828 0.00187497 0.00622875 -0.00762851 0.0062216 -0.00272369 0.00354354 0.000998404 0.00136654 -0.00269591 -0.00355856 0.00495773 -0.00288304 0.00698472 0.00518171 -0.00438617 -0.0038848 -0.00439611 -0.00399166 0.00570443 -0.00645908 -0.0022566 0.000865773 -0.00162549 0.006468 -0.00523339 -0.000175263 0.00722872 0.00594955 -0.00776671 -0.000134913 0.00096127 -0.00738442 -0.00229204 0.000268966 0.0019981 -0.00259269 0.00216527 -0.00300462 -0.00449666
43669 -0.00136547 -0.00258238 -0.00206305 0.00125708 0.00501539 -0.00736477 -0.00208213 0.00126654 -0.000433559 -0.00102018 -0.00528981 0.00219803 -0.00623887 -0.00676541 -0.00445473 0.00314326 -0.00355998 0.000799584 0.00058728 0.00756808 0.00559809 -0.00374143 0.00734549 0.00574471 0.000255079 -0.00282312 0.00712147 0.00446917 -0.00641884 0.00117025 0.000739308 -0.000832972 -0.0017235 0.00240117 0.00596894 -0.0042486 -0.001668 0.00261657 0.00469237 -0.00634858 -0.00381244 0.00272824 0.00569093 0.00604662 -0.00591899 -2.95129e-05 -4.26062e-05 -0.00301418 -0.00371789 0.0076574 -0.00102976 -0.000241438 -0.00154524 -0.0030081 -0.00452608 -0.00162705 0.00472006 -0.00211619 0.00694592 -0.0069682 -0.00737068 0.00733566 -0.0070045 0.00451678
48328 0.00548363 0.00443029 -0.00419712 -0.00126314 -0.00351572 0.0034771 -0.00320387 0.00376558 -0.00497723 0.00519323 -0.00479317 -0.00633001 9.20296e-05 -0.0034709 0.00579643 -0.00138664 -0.000673771 0.000358582 -0.0045886 0.000826359 0.00360537 -0.00315905 0.00381422 -0.00305557 -0.00479364 -0.00082922 -0.00089407 0.00550842 0.00775433 -0.0038805 -0.00540972 -0.00626087 0.00155783 -0.00279188 -0.00699854 0.00240898 0.00258493 0.00228357 0.00369883 0.00542116 -0.00322342 0.00635099 -0.00437737 0.00165462 0.00109196 0.00204706 0.000362873 0.000706673 0.00610113 -0.0031395 -0.00623178 -0.0061717 -0.00723076 0.00748968 0.00481224 -0.00644064 -0.000499249 0.0015626 0.00202227 -0.00101376 0.00458384 -0.000888348 0.00619316 0.00138235
48329 0.00636005 0.00714874 -0.0046916 -0.00347614 0.00374889 -0.000254154 0.00352192 -0.00655746 -0.00616264 0.00757694 -0.00425577 0.00153351 0.00166273 -0.00191736 -0.00218725 0.00140572 -0.00673342 0.000841141 0.0012908 0.00639296 -0.000346661 0.00305176 -0.00212574 0.0013566 0.00585938 0.00721788 0.00619936 0.00633764 -0.00473881 -0.0053134 -0.00709391 0.00479984 0.000202656 -0.00037384 0.00387955 -0.000352383 0.00219965 0.00585413 0.001266 -0.000725269 0.00155115 -0.00390387 0.00344133 -0.00631428 0.00585985 0.00671196 -0.00771761 0.00420237 0.00729704 0.00184536 -0.00259399 0.00117731 -0.00501204 -0.00184441 -0.0063839 0.00759172 -0.00577068 0.00409317 0.00559044 -0.00453043 0.0070343 0.00174665 -0.0064559 0.00235462
49374 0.00197273 0.00398059 0.0076616 -0.00334326 -0.000329185 -0.00699842 -0.00245425 -0.00276556 -0.00428114 0.0074688 -0.00124784 0.00729647 0.00162283 -0.00321741 0.00476119 0.00233274 -0.00737902 0.00650436 -0.00378923 0.000901361 -0.0041095 0.00108162 -0.00174413 0.00489197 -0.00124629 -0.002768 -0.00242756 -0.00564968 0.00415996 0.00159321 -0.00434772 -0.00221744 0.00663392 0.00413567 -0.00096532 0.00122367 -0.00258426 0.00536138 0.00417992 -0.00174241 0.00632017 0.000606156 -0.00361406 0.0066128 0.00765763 -0.00668378 0.00497985 -0.00559696 -0.00527458 0.00729798 -0.000419122 -0.00542093 0.00335285 -0.00184941 -0.00199001 0.00688234 -0.0015931 -0.00684928 -0.00146201 -0.00275382 -0.00270258 0.000441198 -0.00199263 0.000182989
45189 0.000813143 0.00111581 0.00501092 -0.00664941 -0.00381455 0.00260147 -0.00260692 0.00303942 -0.00743049 -0.00164286 -0.00116722 0.000314892 -0.0046686 -0.000671959 0.00516827 3.13025e-05 0.0039533 -0.00184393 -0.00278105 7.23443e-05 0.00232077 0.000537225 0.00592962 0.0013031 -0.00492636 -0.000154469 -0.00287474 -0.00398941 -0.00341124 -0.00185435 -0.00501894 -0.00721184 -0.00580842 -0.0025898 -0.00645081 -0.00251806 -0.00373327 0.000665609 -0.00421509 0.00197013 -0.000912322 -0.00614011 -0.00360951 -0.00537941 -0.00207455 -0.00409186 -0.00261319 -0.0027068 0.00228575 0.00574386 -0.00216698 0.00145347 -0.00728347 -0.0024517 -0.000591282 -0.00316995 -0.00192209 -0.00456248 0.000879186 -0.00436161 -0.00390383 0.00382688 -0.00777803 -0.00454688
50836 0.0036478 -0.00305414 -0.00146008 0.00431299 -0.00257683 -0.00670099 -0.00190067 0.00650644 -0.000252724 -0.00276756 -0.00161314 -0.00664425 0.00148726 0.00456953 0.000850677 0.000906467 -0.00527525 -0.00433493 -0.00203562 -0.00384665 0.00540876 0.00325346 -0.00164509 0.00773764 -0.0073247 0.00655508 0.00527143 -0.00132036 0.00497389 0.0046792 0.00649834 0.00214291 0.0065732 0.00515509 -0.00524807 0.00215912 -0.00104237 -0.000630379 -0.00145054 0.0021944 0.00694084 0.00450611 0.00195885 -0.00214386 0.00712919 -0.00624657 -0.00115538 -0.000259399 -0.00643539 -0.00248814 -0.00248337 -0.00539446 -0.00744581 -0.00576544 0.00265026 0.00648737 0.00275993 -0.00137091 -0.00649309 0.00532103 0.000693321 -0.0028801 0.00344706 -0.00343704
50837 0.00331011 -0.00234752 0.00726737 -0.00751804 -0.000309789 4.91205e-05 0.00263515 -0.00443144 -0.00644785 -0.00246245 0.00765725 0.00704671 -0.000127999 0.00357786 0.00164719 0.00361158 0.00280707 -0.00455225 -0.000133615 0.00489421 -0.000413747 0.00316894 0.007766 0.00233947 -0.00294062 0.00115356 -0.000913902 -0.00238765 0.00706965 0.00249122 0.00674172 -0.000949719 0.00147971 -0.00157138 0.00210269 0.00559383 -0.00211482 0.00138129 -0.00418688 -0.00145636 0.00224022 0.00652321 0.00379169 0.00174979 -0.00453572 0.00534055 -0.000518256 -0.00349007 0.00249062 0.00637527 -0.003865 0.00141052 -0.00668128 -0.00605976 0.00479368 -0.00568983 -0.00150641 -0.00187238 -0.00356274 0.0020396 0.000584596 0.00456214 0.00436841 0.00407827
51021 0.000498469 0.0016443 -0.00446511 0.00682346 0.00706284 0.00314862 0.00605496 -0.00283774 0.00492202 0.000591413 -0.0022315 0.00726902 -0.00641727 -0.00477734 -0.00618199 -0.00101642 -0.00436355 0.00177246 -0.00347621 0.00294893 0.0026124 0.0021314 -0.00396209 0.00230087 0.00601645 0.00638074 -0.00536666 -0.00420438 0.00408018 -0.00367195 -0.00435999 -0.00417082 0.00701265 0.00295977 0.00726422 0.0059395 -0.00672097 -0.00127622 -0.00560566 -0.00155879 -0.00356189 -0.00270954 0.000385122 -0.000429631 -0.00660526 -0.00566901 -0.00266305 0.0057386 -0.00737165 0.001443 -0.000979264 -0.00536587 -0.0066936 -0.00545814 -0.00493537 0.00484818 -0.00526434 -0.00277349 0.00618967 0.000512079 -0.00694949 -0.0042676 0.0066615 -0.00484211
51642 0.00375748 -0.000540733 -0.00204849 -0.00535011 0.000280857 0.00639486 -0.00437069 -0.000835896 -0.00544024 -7.96318e-05 -0.00538874 -0.000981808 -0.00641632 0.00180101 0.00271749 0.00122213 -0.00454283 -0.00458479 0.00503063 0.0060215 -0.0067606 -0.0059104 -0.00462866 0.00136471 -0.00610209 0.00600767 0.00017643 0.00409126 0.00499773 -0.00127411 -0.00336599 -0.00303364 -0.00353718 0.00537872 -0.00588226 -0.00651026 -0.00683594 0.00685835 -0.00672293 0.00147724 -0.00683975 -0.00232649 -0.00192881 -0.00764704 -0.00764561 -0.00522041 -0.00176096 0.0065155 -0.00210953 0.00645113 0.00373316 0.00171757 -0.00145245 0.00174522 0.00173569 -0.00329685 -0.00678825 0.00699806 -0.00408268 0.007658 -0.00119114 -0.00509644 -0.00145531 0.0016036
51689 -0.0018524 0.00513334 -0.00550679 0.00490211 -0.000945135 0.00570376 -0.00229438 -0.0027254 -0.00657451 -0.00318699 0.000579014 -0.00491875 0.00303722 0.00656889 -0.000973875 0.00116933 0.000983845 -0.0037398 0.00336945 0.00639555 0.00486038 -0.00349769 -0.00111849 0.00106616 0.00534117 0.007198 0.000550048 -0.00574268 -0.00461172 -0.00122868 -0.00592527 -0.000878339 -0.00208751 0.000185907 0.00118693 -0.0023347 -0.00226479 0.00219762 -0.000732611 -0.00055228 0.0038591 0.00508661 -0.00465792 0.00464282 0.00721807 0.00163594 0.000212703 0.00138328 -0.00250149 0.00612443 -3.59103e-05 -0.00459564 0.00733338 -0.00217051 -0.00156803 -0.00123273 0.00338467 -0.000546312 -0.00659671 0.00698385 -0.000486385 0.00289004 0.00736515 0.000589641
37847 -0.00781472 -0.00642598 0.00414316 0.000559229 -0.000278725 0.00485197 -0.000434965 -0.00499636 -0.00657634 0.000396715 -0.00536445 0.000412576 0.00162431 0.000586223 -0.00750344 -0.00253315 0.0031723 0.000723166 -0.0070292 0.00416001 0.000587551 0.00330988 0.00755507 -0.00484269 -0.00095092 -0.00629782 0.00404872 -0.00725373 -0.000126456 -0.00658724 -0.00428988 0.00679136 0.00034729 0.00532824 -0.00329879 -0.00687635 -0.000582023 0.000216991 -0.00424967 0.00758297 0.000916707 -0.00653287 -0.00148129 0.0062326 -0.00185545 0.00206727 -0.00654923 0.000696265 -0.0058746 -0.0069927 0.000887054 0.00312534 -0.00555412 0.00412338 -0.00221043 0.000898355 -0.00430305 0.0012999 0.00299484 0.00539895 0.000266474 -0.00292869 0.00574347 -0.0073359
53312 0.00220299 -0.00554514 0.00687838 -0.000696182 0.00637007 -0.000243664 -0.00373554 0.00367212 -0.0057044 -0.00361633 -0.00517607 -0.00342178 -0.00749016 -0.001647 0.000636101 -0.00347614 0.000742912 -0.00256348 -0.00128269 0.00721931 -0.00178957 0.000736713 -0.00115776 0.000822544 0.00406504 0.00389767 -0.00453949 0.00258303 0.0040307 0.00297976 0.00155115 0.00102043 0.000542641 -0.000404358 0.0035944 -0.00630999 -0.00160027 -0.00705051 0.0051322 0.00203609 -0.00423765 0.00712395 0.00609064 0.00601482 -0.00437593 0.00664616 0.00721931 0.00697947 -0.00179052 -0.00133562 -0.00381231 -0.00235844 0.00506401 0.00289583 0.00469685 0.000730038 -0.00472212 0.000178337 0.00565004 0.00202274 -0.00164032 -0.00609255 0.00535727 0.00188208
28831 0.00545698 -0.00166854 0.00608829 -0.00466336 -0.000289181 -0.00582089 0.00637397 -0.00445138 0.00356766 -0.00615456 -0.00424688 0.00416842 0.00224817 0.00654165 0.00196746 -0.00302056 0.000292515 -0.00157247 0.00641284 5.28734e-05 0.00772179 -0.00163365 0.00499051 -0.003812 -0.00529224 0.00593373 -0.00128273 0.00336955 0.00123643 -0.00686473 0.0037315 0.00192883 0.00312705 0.000931713 0.00570956 0.00527303 0.00273244 -0.00413927 -0.00484327 -0.0019416 0.00768043 0.00439564 -0.00686898 0.00506277 0.00672257 0.00253583 0.000475245 -0.000672392 -0.00321848 -9.83789e-07 -0.000957285 0.0063858 -0.00162763 -0.000140035 0.000553211 0.00372256 0.00376155 0.00716557 0.00570715 0.00377851 -0.0011337 0.00201941 -0.00553887 -0.00246312
47341 0.0026562 0.0035624 -0.00268621 0.00637143 -0.000560495 -0.000313124 -0.00632974 -0.00243911 0.0053452 -0.00584981 -0.000172281 0.00470103 0.0027718 -0.0072354 -0.00161201 0.00529282 0.000537825 -0.00764301 -0.00595035 0.00615853 1.6679e-05 -0.0019754 0.0034638 -0.00158724 -2.94028e-06 0.00698062 -0.00136951 -0.0019175 -0.007335 -9.66493e-05 0.00222639 0.0061543 0.00488787 0.00382675 -0.00528058 -0.00523298 -0.00301456 0.00101583 0.00391391 0.00303555 0.00120279 -0.00168737 0.00506526 -0.00339504 -0.000612959 0.000319449 0.00250224 -0.0041115 0.000354946 -0.00266333 -0.000832951 0.00208147 0.00387266 -0.0071061 0.00580258 0.00753337 -0.000549479 -0.0057392 -0.000256997 -0.00579547 -0.000880441 0.00664394 0.000382936 0.00367905
54023 0.00230567 0.000762994 -0.000401578 -0.00464842 0.00193167 0.0044153 -0.00764714 -0.00239916 0.00716984 0.00641872 0.00162071 0.00315948 0.00500637 -0.00501298 -0.000361363 0.00442133 -0.00757179 0.00688542 -0.00568807 -0.0055889 0.000705638 -0.00631768 -0.00475295 0.00126193 -0.00572709 0.00635939 0.00348679 -0.00239231 0.00295613 0.0045259 0.00480108 0.00261669 -0.00520274 -0.0050818 0.00136398 -0.000631918 0.00480782 -0.00741366 -0.000888484 0.000974123 -0.00438459 -0.00592839 0.00126671 -0.00263056 -0.00366206 0.00277044 0.00347337 0.00702007 -0.00410009 -0.00116042 -0.00592728 -0.00342544 -0.00361044 0.00334076 0.00192044 0.00199571 -0.000409197 0.00383603 0.00772106 -0.00422762 0.00413837 0.00075102 -0.0042775 0.00523895
24603 0.00512064 0.00390568 -0.00712366 -0.00440319 -0.00437238 0.00430479 -0.00251753 0.00700178 -0.00687318 0.000689757 0.00357211 -0.0032874 -0.00352346 -0.00357081 0.00765805 0.000838656 0.00596022 -0.000641109 0.000834516 0.00394298 -0.00367223 0.00276742 0.00470816 0.00627724 0.00656078 -0.00434521 -0.00189902 0.00493167 0.00204796 -0.00385799 -0.00417471 0.00356375 0.000919766 -5.95057e-05 0.00166527 0.00160737 -0.00482138 -0.00610135 0.00319299 -0.000727294 0.00234902 0.00473059 -0.00409212 0.000592097 -0.00320653 0.00486241 0.00143092 0.00400193 -0.00608965 0.0048361 0.00474707 -0.00616432 0.0054378 -0.00216541 -0.00627917 0.000386008 -0.00191985 -0.00776749 -0.00505476 0.00764693 -0.00436047 0.000812078 0.00781107 -0.00500856
10289 0.00387006 0.0036079 -0.00381128 0.00125854 -0.00752257 0.00312726 -0.00355806 -0.00195055 0.0019795 0.00164819 0.000342282 0.00600486 0.00384893 0.00380888 0.00094931 -0.00688061 0.00090822 -0.00259385 -0.000603668 0.00369575 -0.00308891 0.00361638 0.00160715 0.00727696 -0.00448325 0.00559074 0.00644855 -0.000285359 -0.00105569 0.00279622 -0.00125083 -0.00213563 -0.00341437 0.00555666 -0.00485746 0.00743436 0.00743879 0.00478755 -0.000539816 -0.0024346 -0.00617835 0.00426351 -0.0047291 0.00739403 0.00788406 -0.00626441 0.00220571 -0.00287012 -0.00298918 -0.00781644 -0.00253768 0.00568407 0.0059016 -0.00223991 -0.00613235 -0.00755274 -0.00351551 0.00168838 -0.00294727 0.00557361 -0.00565335 -0.000264337 -0.00637635 0.00472776
51529 -0.000415149 -0.00186446 0.00506662 -0.00106287 -0.00335228 -0.00327451 -0.000334988 -0.00242215 0.00231042 -0.00482785 -0.005854 -0.00319664 -0.00124005 0.000283246 -0.00303864 0.00345572 0.00704588 0.00548593 -0.00072356 0.00132579 0.00454771 -0.00190871 -0.00549528 0.00564778 0.00595005 -0.00390546 -0.00247075 0.000426674 -0.0051558 -0.00170501 -0.00224598 -0.00211929 -0.00575119 0.00626915 0.00466196 -0.000667759 -0.00529937 0.0016513 -0.00512201 0.00320463 -0.00298494 0.00565949 -0.00209049 -0.00474502 -0.00266544 -0.00435969 0.00377923 0.00472777 0.000138135 -0.00740667 -0.00685073 0.00487462 -0.00414614 0.000873198 0.00724256 0.0073986 0.00460863 0.00457282 -0.00506138 0.00406903 -0.00251033 -0.00136406 -0.00384774 -0.00394188
58763 0.00046353 -0.00617629 0.00729113 -0.00165988 0.00435383 0.00460434 -0.00533454 -0.00640433 0.00154752 0.00583601 -0.00459345 0.00548923 -0.00757493 -0.00737348 0.00552419 -0.000899631 -0.000123796 0.00417189 0.00192645 -0.00286546 -0.00202731 -0.00421607 0.00018048 -0.00473505 -0.00360773 -0.00186646 -0.00453459 0.00242799 -0.00125444 -0.00516093 0.000779913 -0.00760834 -0.00147731 0.00431881 -0.00150014 -0.0010847 -0.00350519 -2.83975e-05 0.00395177 0.000216105 2.10699e-05 -0.00145019 -0.0055107 -0.00335794 0.00372198 -0.00230801 -0.00362263 0.00570484 0.00584394 -0.0015193 0.00501806 0.00320992 -0.00279828 -0.00257788 -0.000411211 0.00345493 -0.00746091 -0.0040273 -0.00697885 -0.00534873 -0.00539824 0.00583876 0.00359 0.000769034
58777 0.00729772 0.00460196 -0.00154953 0.00154948 0.00415352 0.00701958 0.0077359 -0.00261324 -0.000534932 0.00374277 0.0064616 -0.00209214 0.0035337 -0.00470211 -0.00271195 0.00215416 -0.00627705 -0.00220991 0.000910626 -0.00102874 -0.00497453 -0.00155046 -0.00393189 -0.00670246 -0.00407174 0.00313805 0.000610442 -0.00691326 -0.00380932 -0.00270494 0.00774797 -0.00626539 0.00616319 -0.00577637 -0.000459489 0.00430651 -0.00269824 0.00741396 0.00223645 -0.00398277 -0.00137231 -0.00404465 -0.00086066 0.00476619 -0.00506353 -0.00514993 -0.00635808 0.00266791 -0.00660928 -0.00543328 0.00712359 0.00468823 -0.00754421 0.000835469 0.00704504 -0.00593483 0.00118305 -0.00510992 0.00340216 0.00762693 -0.0014335 0.0066863 -0.00359429 -0.00403098
12356 -0.00261627 0.00544112 -0.00244497 0.00279481 -0.00767426 0.00773763 -0.00511201 -0.00318711 0.00357505 -0.00194322 0.0062735 -0.00533656 -0.00385341 -0.000625733 -0.00237579 -0.00438049 -0.00484637 -0.00160703 -0.00229363 0.00694312 0.00567539 0.000125668 -0.00126835 -0.00652491 -0.00545882 -0.0051518 0.00562581 -0.00115772 -0.00377865 0.00258051 -0.00480701 0.00636821 0.00617975 -0.00612034 0.00729629 0.00583073 0.00515653 -0.0074211 0.00436692 0.00581181 -0.00353696 0.00310555 0.00253073 0.00507226 -0.00635728 0.00554298 0.00140312 0.00596147 -0.00332049 0.00464195 -0.00300309 0.00550307 0.00340832 0.00121183 -0.00460864 0.000278406 0.000912802 -0.00320158 -0.000752955 0.0030158 -0.00115433 -0.00585322 -0.0059115 -0.00211553
33213 0.00263357 -0.00528431 0.000161171 0.0041213 0.00427389 0.00269365 -0.00192547 0.00321388 -0.00200367 0.00566864 -0.00273657 -0.00708103 0.00466776 0.00370693 -0.00720263 0.00156116 0.00291109 -0.00541162 0.00153446 -0.00230885 0.000822067 0.00259352 0.00130844 -0.00265265 0.00560284 -0.00395155 -0.00466061 0.0070982 -1.90735e-06 -0.000210285 -0.0056715 -0.00425482 -0.00463533 -0.00224543 -0.00220108 0.00161171 0.004632 -0.00563765 0.00152206 0.00579405 0.00497532 0.00176048 0.00320721 0.00643253 -0.000906467 -0.00652647 0.00205898 0.00249624 -0.00508595 -0.00220394 -0.00438452 -0.0059824 -0.00301552 -0.00355387 0.00072813 0.00414896 0.0012517 0.00495625 -0.00727892 -0.00440788 -0.00725889 0.000320435 -0.00728178 -0.000714302
59559 0.000318171 -0.00574115 -0.00594588 -0.000227143 0.00502642 -0.00435504 0.00459371 0.00447264 0.00587924 0.00446767 0.00528942 -0.00235172 -0.00681076 -0.000635788 -0.00742603 0.00298973 -0.00770185 -0.00155153 -0.0017781 0.00256367 0.00607723 -0.00016513 0.00475345 -0.00134255 0.00344709 0.00611791 -0.00632911 -0.00255465 0.000907384 0.00145609 -0.00269115 -0.0023919 -0.00605263 -0.00748882 0.00177326 -0.00237188 0.00379125 -0.00299731 -0.00730594 -0.00444021 -0.00344494 -0.00283503 0.00745354 -0.00568492 0.00270925 -0.00731673 0.00141125 0.0026117 0.00640523 -0.00219225 0.000479322 -0.00233698 -0.00505764 -0.00775384 0.00447174 -0.00451071 0.00385503 -0.000819263 0.00380321 -0.00772332 0.000955294 0.00256737 -0.00384307 0.000752419
59611 0.00681574 0.0024205 0.00603479 0.00738413 -0.00128658 -0.00185108 -0.00613713 -0.0037136 -0.00428123 -0.00420087 0.00151759 0.0060196 -0.00391606 0.000837782 -0.00113394 0.00631892 -0.00666351 -0.00143243 -0.00299786 -0.00181336 -0.00763306 -0.00633678 0.00219966 -0.00101256 0.00149495 0.000958521 0.00102972 0.00413746 0.00013757 -0.0033003 0.00414875 -0.00704001 -0.00126839 0.00392926 -0.0047323 0.00762616 0.00281282 -0.00750248 0.000305487 -0.00188328 -0.00173775 0.00230564 -0.00180625 -0.00682668 0.00372704 -0.00190791 -0.00248047 -0.00678852 -0.00530708 0.00495676 0.00136188 0.0048405 -0.00451197 0.00215038 -0.00414655 0.00320954 0.00261331 -0.0016279 -0.0021916 0.0077954 0.0051527 0.00173994 0.000460035 -0.00496731
28948 -0.000680447 -0.00583649 -0.00737572 0.00562954 -0.0027318 -0.00164986 3.91006e-05 -0.00220394 0.00629187 0.00437593 -0.00387812 0.00737238 -0.00693417 -0.000814438 0.00575209 -0.00541496 -0.00307655 0.00702047 -0.000667095 0.000298023 0.000884533 -0.00630903 -0.00541878 0.00766945 0.00529385 -0.0044508 -0.00553513 0.00677443 0.00669956 -0.00193548 0.00690413 0.00195408 -0.00132322 0.00297022 -0.00660992 0.00631094 -0.00589752 -0.00362492 0.00776386 -0.00252008 -0.00191402 0.00681639 -0.00268555 0.00410509 -0.00644016 -0.00310326 -0.0038166 0.000270367 -0.00625944 -0.00377607 -0.00426197 -0.00393391 0.00471163 0.000555992 0.00314951 0.00153828 -0.000794888 -0.00200796 -0.00528622 0.00220346 -0.00515127 0.00648308 -0.00610161 -0.00162268
43779 -0.00580359 -0.000868797 -0.00371838 -0.00350332 0.00480652 0.00780296 0.00261831 0.00468636 0.00606823 0.000269413 0.00719309 -0.00112581 0.00290966 -0.00671816 -0.000423908 0.00545454 0.00183964 -0.00321007 -0.00118685 0.00118017 0.00258493 0.00171041 0.00629187 -0.00496912 -0.00298023 -0.00291681 0.00569153 -0.0072546 0.00614977 -0.00535536 0.0056324 0.00562716 0.00622988 -0.000220776 0.00343132 0.00744772 -0.00648165 0.000632286 0.00620461 0.00105476 0.00750017 -0.00753307 0.00335407 0.00475311 0.00271034 -0.000326157 -0.00458097 -0.0049262 -0.0016408 0.00314569 0.0045886 0.0066185 0.0052743 0.00104141 -2.43187e-05 0.00372362 0.00309753 0.00128794 0.00670338 0.00587702 -0.00148487 0.00195885 0.00377178 0.00351286
49667 -6.83168e-05 -0.00773635 0.00477872 0.00547951 0.00202338 -0.000988789 0.00450537 0.00486949 0.00259518 -0.0074193 -0.00192638 0.00115379 0.00535222 0.00545262 0.00569835 0.00632702 -0.000962397 -0.00445629 -0.0031146 0.000918771 0.00746623 -0.0039197 0.00707847 0.00169917 -0.00214513 0.004948 -0.00387903 0.00415371 0.00750605 -0.00103163 -0.00752716 -0.00715111 -0.00527177 -0.00338728 -0.00639197 0.00136136 -0.00655226 0.00512671 -0.00537189 -0.00720094 -0.00113512 -0.0042802 0.00700605 -0.00381681 0.00698468 -0.00643279 0.00106723 0.00360156 -0.00443134 0.00263234 -0.00581696 0.00141827 0.00325447 -0.00633241 -0.00101585 -0.000428287 0.000330201 0.00369901 0.00692414 -0.00548484 0.00564742 -0.00321223 0.00272 -0.00463627
60178 0.00166512 0.00318384 -0.00197935 0.0033884 -0.00699329 -0.000824928 0.000714302 -0.00602531 -0.00441504 -0.00167656 0.00238609 -0.00434303 0.00342989 0.00326204 -0.00526142 0.00359058 0.00281429 0.00756311 0.00279474 0.00741816 0.00197458 -0.0057478 0.00553846 -0.0020566 0.00562859 -0.00504827 -0.00261211 -0.00291061 -0.00370312 0.000199795 -0.0013833 0.00713873 -0.00774765 0.00364351 0.00251007 0.00181341 -0.00588608 0.00189257 -0.0045104 -0.00418711 -0.000721455 -0.00162983 0.00674772 0.00287628 0.00558233 0.00481319 -0.00450087 -0.00289583 -0.00411463 -0.00498438 0.00114155 0.000109673 -0.00315094 0.00758362 0.00505209 0.0024848 0.000472069 -0.00707102 0.00744677 -0.00159931 -0.00209665 0.00751829 0.00239897 -0.00192261
60413 -0.0077712 0.00683291 -0.00493875 4.70156e-05 0.00532648 -0.00357151 -0.00579015 0.00683691 -0.00745053 -0.00471633 -0.000852933 0.0030875 -0.00743189 -0.00655053 0.00773042 -0.004068 0.00418749 -0.0020014 0.00235259 0.00514849 -0.00379177 0.00581604 0.00279572 -0.00684895 -0.00536871 -0.00216349 0.00222163 -0.00196219 -0.00277964 -0.00479569 0.000626153 0.00613059 0.0033725 0.00746888 -0.00169461 -0.000881251 0.00355005 0.00640972 0.00773127 -0.00597527 -0.00326216 0.00560131 -0.00671522 -0.00530712 0.00559477 0.00489512 0.000186973 0.00157806 0.0019454 0.00409499 0.00735648 -0.00117053 -0.00779296 0.00161259 -0.000427075 0.00218082 0.00512056 -0.00442114 -0.00288316 -0.00671182 -0.0040019 -0.0041979 0.00672094 -0.00351323
45251 0.00357962 0.00163031 0.00709438 -0.00244045 -0.00372601 0.00229788 -0.00429916 -0.0077672 -0.00667429 0.000460625 0.00636387 0.00491142 0.00716209 0.00611734 -0.000284672 0.00537109 0.00186539 0.0023241 0.00480318 0.00200415 -0.00776911 0.00132132 0.00750446 0.00454617 -0.00613356 0.00505114 -0.00460291 -0.00553417 -0.00427151 0.00433683 -0.00154448 0.00213289 -0.00634432 0.00257254 0.00398016 0.00707912 0.00629807 -0.00493288 0.00699425 -0.0051589 0.00263834 -0.000737667 -0.00359631 -0.00392389 0.00623369 0.00447607 -0.00247908 0.00393867 -0.00710821 -0.00111198 0.00249672 0.00166225 0.00315571 0.00491047 0.00302076 -0.00366926 -0.0074482 -0.000574112 0.00370026 -0.00609446 -0.00276279 -0.00622368 -0.0038991 -0.000997543
61045 -0.00263089 -0.00626868 0.0062627 0.00573644 -0.00662172 0.0049355 -0.00754989 0.000580381 0.00531542 0.00731785 0.00300301 0.00618914 -0.00437417 0.00111087 -0.00396797 -0.000670931 0.00242478 0.00138983 -0.00403531 -0.00191558 6.76073e-05 0.00601882 0.00505296 -0.00545179 -0.00668736 0.000375721 0.000843131 -0.00285111 0.00092923 -0.00674415 -9.07304e-05 -0.000386263 -0.00104567 0.00688359 0.00333095 0.000373493 -0.00520003 -0.000996378 -0.00781853 -0.00211223 0.00506971 0.000121335 0.00676545 -0.0074837 -0.00108959 0.00626512 -0.00669267 -0.00108438 0.00272219 0.00324185 -0.00018953 0.00467508 0.00457183 0.00759767 -0.00314848 0.00603627 -0.0043108 -0.00020647 0.000316686 0.00716876 0.00672823 -0.00560166 0.00569005 0.00621184
32256 0.00557357 -0.00285498 0.00372407 -0.00463689 0.000691692 0.000336807 -0.00484637 -0.00371694 -0.00290732 0.00154359 0.00718064 0.00392606 -0.00761772 -0.00717194 -0.00137686 -0.000176087 0.00461138 -0.000626008 0.000697223 0.00129682 0.00631825 0.00607536 0.00414093 -0.00396235 0.00641445 0.00663918 0.0033846 -0.00659043 -0.00165291 -0.00199441 0.00491622 -0.00475878 0.00042585 -0.000749817 0.00369152 -0.00727208 0.000518909 -0.005443 0.00140764 -0.00503934 -0.000235567 0.00565269 0.00726441 -0.00710862 -0.00144185 0.00525901 0.00123784 0.00460764 -0.00501567 0.0018411 0.0045228 -0.0036162 -0.0053452 0.00742131 0.00145366 -0.00230428 -0.00725699 1.86129e-05 -0.000866456 0.000941904 0.00605503 -0.00144169 0.000278237 -0.00471317
61179 0.00538969 0.00247526 0.0029192 0.00758314 -0.00101423 0.00779009 0.00671864 -0.00148058 0.00738573 -0.00770521 -0.00224972 0.00325251 -0.00726557 0.00364923 0.00161171 0.00549126 -0.000645638 -0.00722361 0.00480413 -0.00390244 0.00524521 -0.00452089 0.00574064 0.00270796 0.00744057 0.00750494 -0.00434351 -0.00579643 -0.00302029 -0.000156403 0.00564957 -0.00647354 0.00270176 -0.00241137 0.00451994 0.00576735 0.000236988 -0.00272894 0.00239229 0.00128317 0.00603056 0.00537968 0.00415754 -0.00173426 -0.00346851 0.00421572 -0.00415421 0.000142097 0.00361729 0.00280237 -0.00140476 0.00410795 -0.00485182 -0.00537539 -0.00167894 -0.00757599 0.00109148 -0.00446272 0.00450754 -0.00222921 0.000364304 -0.000754356 -0.000654221 -0.00195074
10787 -0.00243807 -0.00754817 -0.000581116 -0.00247987 -0.00767371 0.00767503 0.00667929 0.00294498 0.00469931 -0.00354868 -0.00719346 0.00125788 -0.000118201 0.00119899 0.00691491 0.00719415 0.00106041 0.00137823 0.00192721 0.00607197 -0.000946578 0.00731706 0.00302013 0.000478971 -0.00582 -0.00544867 -0.00623698 0.00245289 -0.00198797 0.00347889 0.00211476 0.00675542 0.0025968 -0.00359803 -0.00250352 0.00638678 -0.00589962 -0.000843242 0.00191064 -0.00700057 0.00406218 -0.00324142 -0.00400497 0.0019225 0.00774262 -0.00190047 0.00642308 0.003735 0.00783774 0.00656021 0.00298389 0.000625803 0.00434399 -0.0017525 -0.00770144 0.00348116 -0.00111318 0.00525597 -0.00258652 -0.0031478 0.0025679 -0.00280544 -0.000981184 0.00725258
14780 0.00626516 0.00451517 -0.00345182 0.00636053 -0.00728893 0.00369883 -0.00225401 -0.00249577 -0.00345802 0.00759983 0.00260258 0.00294495 -0.00658274 0.0077672 -0.00705194 0.00347424 0.00058651 0.00612974 -0.00651121 -8.72612e-05 -0.00227547 0.0042305 -0.00316477 -0.00120878 0.00349712 -0.00159121 0.00593853 -0.00212812 -0.00512695 0.00583839 0.0020256 -0.00748014 0.00462246 -0.00211668 -0.0022831 0.000472069 0.00590038 4.72069e-05 -0.000956535 0.00100756 -0.00252056 0.000610828 0.00478935 0.00482273 -0.0077281 0.0053544 0.00751162 -0.00564098 -0.00540447 0.00546122 -0.000342369 -0.00223017 -0.00306702 -0.00712919 -0.00399113 0.0050168 0.00352287 -0.00669384 -0.00225592 0.00490808 0.00215816 0.00124693 0.00310421 -0.00779867
46756 0.000837943 0.0058818 0.0056165 0.0048044 0.0042559 0.00758289 0.00660794 -0.00652761 -0.00175275 -0.00437084 -0.00171567 0.00552682 -0.00780929 0.00666812 -0.00700096 0.000864656 -0.00316222 -0.00459044 0.00441693 0.00136507 0.00348416 0.003754 -0.00394646 -0.000949593 0.00185659 -0.00499002 0.00142866 -0.00100838 0.00435036 -0.00399975 0.00547075 -0.00569584 0.0057237 -0.00343324 -0.00320687 0.00188806 0.0044953 0.00766669 0.000494389 0.00144564 -0.00225426 -0.00127063 -0.00234251 0.000431998 -0.00370366 0.00533515 -0.00287006 0.00595991 0.00576638 1.18797e-05 -0.00618405 -0.000505816 0.00263881 0.00757038 -0.00132361 -0.00535338 -0.00693339 -0.00590928 0.00219198 0.00575713 -0.00356218 -0.00368853 0.00780202 -0.00756342
28534 0.00561428 0.00253534 -0.00138903 0.00279331 0.00748587 0.00708628 0.00434113 -0.00564957 0.0018568 0.00123167 0.00561905 -0.00185823 0.00719929 0.00439453 0.00105715 -0.00210094 -0.00388861 -0.00275517 0.0047369 -0.00536108 -0.00513506 -0.000200272 0.00151396 -0.00473118 -0.00506973 -0.000775337 0.00410032 0.00104189 0.00412607 0.00223684 0.00440168 0.00123072 -0.00529814 -0.00516987 -0.00559616 0.000827312 -0.00211573 0.00608969 0.00534201 -0.00610638 -0.00718164 -0.00367641 -0.00331116 0.00511312 -0.00432014 0.000650883 -0.00317335 0.00180292 -0.00310469 -0.00172806 -0.00119209 0.00205708 -0.00400591 0.00106716 -0.00254679 -0.00622702 0.000781059 0.00361156 -0.000692368 0.00587082 0.00597286 0.00701857 0.00108242 -0.00667572
64003 0.00549459 -0.00693512 0.00248432 0.00231218 0.00669909 -0.0014925 0.00216961 -0.00413752 0.00695753 -0.00582314 -0.00413513 -0.00620556 -0.00536585 5.72205e-06 0.00351286 0.00108671 -0.00260544 -4.95911e-05 0.00385332 0.00347137 0.0054822 -0.00578737 0.0064292 0.00438261 -0.00396109 0.00272369 -0.00119591 0.00706339 -0.00452042 -0.00207901 -0.00102568 -0.00592184 -0.000248909 0.00265312 -0.00235844 -0.00445938 0.00197554 0.00311899 0.00470781 0.0014286 -0.00580978 0.00643063 0.000274181 -0.00321007 0.00518751 0.00207424 0.0045104 0.000216007 -0.00572014 0.000612736 0.00418186 -0.00623417 0.00675535 0.00265551 -0.0029335 -0.000295162 0.00459576 -0.00669193 0.0014267 0.00475359 -0.00303459 0.00263596 -0.00510168 0.00283194
64290 -0.00657272 -0.000778198 0.0049572 -0.00238609 -0.00185633 0.00110626 0.00282145 0.00150919 0.00550795 -0.000687599 -0.00516224 -0.00261307 -0.00327349 0.000122547 -0.00555515 -0.00659466 0.00716925 5.72205e-05 0.00314808 -0.00336599 -0.00162506 -0.00340891 -0.00390577 0.00459194 -0.00483274 0.00482559 -0.00619555 -0.00336647 0.0030098 -0.00436878 -0.00309181 -0.00695229 -0.0058198 0.00673962 0.00605536 0.00756645 -0.00647831 -0.00144625 -0.00239468 -0.00760794 0.005476 0.00301647 -0.0008564 0.00768232 0.000650883 -0.003304 -0.00520372 -0.00413704 0.000506401 -0.000454426 0.00752163 0.0020771 -0.00596046 0.0023675 -0.00540209 0.00239372 0.0062933 0.00570107 -0.0027647 -0.00642157 0.00570536 0.00752735 -0.00696278 0.00605631
64754 0.00136423 0.00376368 0.0016036 0.00636721 0.00156403 -0.00480175 0.00138426 0.00698709 -0.00276613 0.00232553 0.00494814 0.0060811 0.000995636 0.00361633 0.0070262 -0.00308037 -0.00706577 0.00180578 -0.00375748 -0.00234413 0.00695944 -0.00688934 -0.0051074 -0.00254583 0.00571299 -0.00292397 0.00518417 0.00402308 -0.00334358 9.72748e-05 -0.00182629 -0.00518751 0.00603437 0.00156641 -0.00431204 0.00379276 0.00398731 5.38826e-05 0.006464 0.00544977 0.00687027 -0.000887394 0.00742626 -0.000203609 -0.00306702 -0.0048933 -0.00304937 0.00690126 -0.00520658 -0.00459433 -0.00145721 -0.00026083 0.00298119 -0.00190258 -0.00510073 -0.000510693 -0.000260353 -0.00281954 -0.00109005 0.00271034 -0.0017724 0.00689125 0.00718689 -0.00423527
64914 0.00656939 -0.00273943 -0.00418854 0.00717926 -0.00235653 0.000162601 0.000756264 0.000181675 0.00529814 -0.00328398 0.00516987 -0.00639915 0.00277138 0.001544 0.00411701 -0.00536919 -0.00749969 0.00162697 0.000196457 0.00662947 -0.00566053 -0.00661612 0.00376987 -0.00766277 0.00201082 -0.00554037 -0.00566149 -0.00680828 0.00104666 -0.00738764 -0.00507307 0.00385904 -0.00695276 0.00504732 -0.00272942 0.00579596 -0.00547743 0.00746775 -0.000972748 -0.00667 0.00200462 -6.24657e-05 0.000189781 0.00545025 0.00108242 8.24928e-05 0.00117731 -0.00319815 -0.00458002 -0.00365829 0.00602293 -0.00143766 -0.00722122 -0.00444794 -0.00498867 -0.00354481 0.00223827 -0.00555134 -0.00481081 -0.00779819 -0.00474739 -0.00625992 -0.00565147 0.00378704
65082 -0.00587631 -0.00627484 -0.00121728 0.00209449 0.00612902 -0.00368445 -0.00397031 -0.00757984 -0.00181678 -0.000572758 -0.00208508 0.00397924 0.00519186 -0.00723098 0.00326752 -0.00701938 0.0046078 0.00376216 -0.00699782 0.000207935 -0.00606868 -0.000786448 0.000236666 0.00642121 -0.00253857 0.00415313 -0.00701651 -0.00159142 0.00174591 -0.00646487 0.00276678 0.00124058 -0.00111358 -0.00397106 0.00246415 -0.0039044 -0.0033997 -0.00279762 -0.00228576 -0.00530832 0.00231626 0.00289418 0.00718653 0.00229101 -0.00328592 0.00657382 0.00548702 -0.000657528 -0.00277361 0.00268784 0.00406019 0.00254601 -0.00705169 -0.00737849 -0.000223537 0.00655425 0.00765157 0.000779064 -0.00175174 -0.00757332 -0.00594237 0.000147868 -0.00254304 0.00727179
65531 0.00378084 -0.000663757 -0.00172663 0.000972748 0.00769377 0.00303555 0.00571299 0.00281858 -0.000969887 0.00393963 -0.00659657 -0.0046711 0.00360489 -0.000374794 -0.0014205 0.0062151 0.0045948 0.00464058 0.0073576 -0.0058918 9.20296e-05 0.00458241 0.000859737 0.0022049 -0.0023613 -0.00575066 -0.00626135 -0.000739098 0.00775719 -0.000227451 -0.00178671 0.00705433 -0.00308084 -0.00756121 -0.00484991 -0.0037508 0.00259495 0.000361443 0.00155115 -0.00646734 -0.00416803 -0.00241518 0.00348997 0.0069623 0.006495 0.0017767 0.000100136 -0.00636625 0.0028758 0.00697184 0.00578594 -0.0077548 -0.00607872 -0.00497532 0.00626183 0.00403357 0.00204325 -0.00402355 -0.00316858 -0.0053401 -0.000239849 0.00349855 0.00477314 0.00677967
66682 0.00500654 -0.00311856 0.00549134 0.00585863 0.00646033 0.00065078 -0.00633283 -0.0041634 0.00757662 -0.00405256 -0.00595078 -0.00396043 0.00112766 0.00534027 0.00761074 -0.00610657 0.0068153 -0.00713699 0.00563131 -0.00376064 -0.000633472 -0.00433211 -0.00123533 -0.00313858 0.000330716 0.00318465 -0.00291254 -0.00123812 0.00464596 0.000423207 -0.00310099 0.00235323 -0.000444197 0.00437759 -0.0017911 0.0044136 -0.00287174 -0.00665405 0.00168736 -0.0027595 -0.00603714 -0.00295737 0.00323008 -0.0028593 -0.00158471 -0.00375149 -0.00134639 -0.00218027 0.00720139 -0.00610257 0.000944558 0.00291928 -0.00602967 0.000643352 0.00365997 0.00213014 -0.00511213 -0.00105692 0.00311542 -0.00193503 -0.00599944 0.00461145 -0.00325269 -0.00491524
53708 0.00630236 -0.00749016 -0.00743246 -0.00464869 -0.0012455 -0.00712156 -0.00598907 0.00624704 0.000131607 0.00023222 -0.00555038 -0.00450993 -0.00687647 0.000957966 -0.00678682 0.00154591 0.00219297 -0.00384188 0.00485563 0.00667763 0.00171614 -0.00228405 -0.00506878 -0.000228405 -0.00452137 -0.000931263 -0.00433254 0.00776196 0.00141382 -0.00754642 0.00652313 0.00727177 -0.00421429 0.00284958 -0.004457 -0.00471735 0.00382376 0.00726461 -0.00287962 0.00545216 0.000385284 0.00645685 -0.00291872 0.00513744 -0.00483894 -0.00725508 0.00694513 0.00662279 -0.00276136 0.00287056 0.00266123 -0.000516891 -0.000824928 -0.000435352 0.00466776 0.00633001 0.00351048 0.00515842 0.00582409 -0.0061264 -0.00250006 -0.00348043 -0.00718403 0.00404787
67378 -0.00724859 0.000266947 0.00195644 0.00275789 0.00430241 0.00694707 0.00185985 -0.00151971 0.00764424 0.00244256 -0.00298871 0.00644353 -0.001667 0.00099752 0.00419066 0.0043379 0.00512459 0.00309006 -0.00132132 0.00209265 -0.00629787 -0.00310651 -0.00191654 -0.00313604 -0.00350672 0.00468851 0.00556914 -0.00198289 -0.000743196 -0.00382567 -0.00411683 0.00283278 -0.0019741 -0.00200226 -0.0055933 -0.00175843 0.00728947 0.00289309 -0.00533629 -0.00569638 -0.00474636 0.0076385 -0.000807099 -0.00705155 -0.00404587 0.00188898 0.00740274 0.00696069 -0.000919714 0.00297 0.000675397 0.00157258 0.00778152 0.00530908 -0.0015117 -0.0013517 0.00613824 0.0022249 0.00152635 -0.00311059 0.00754992 -0.00435248 0.00473589 -0.00485108
69000 0.00412321 -0.00490808 0.00579357 0.00667238 0.00378418 -0.000278473 0.00446749 0.00729275 0.00640535 -0.00390911 -0.003654 0.00263023 -0.00352669 -0.00349092 0.0033989 0.000887871 0.00653505 -0.00551033 0.00416517 -0.00180483 0.000921726 0.00281382 -0.00644684 -0.0025115 -0.00666666 0.00379038 0.00378704 -0.00401068 0.00716257 -0.00712729 0.00398684 -0.00647497 -0.00473785 0.00771523 -0.00570107 0.00362968 -8.29697e-05 -0.0042944 -0.00669622 -0.00533581 -0.00215673 0.00580072 0.000250816 -0.00710392 -0.00777388 -0.00479507 0.00584412 -0.0064683 -0.00025034 0.00234938 -0.00750208 0.00538349 -0.00537491 -0.00767422 -0.00220251 0.000170708 0.00444365 0.00124216 -0.00542068 -0.00161266 -0.00200605 -0.00498009 0.00510883 0.000229836
7434 -0.00583205 0.00674169 -0.00025 -0.00663081 0.00143404 -0.00175211 -0.00296935 -0.00301921 -0.00398497 -0.00185643 -0.0051784 -0.00308315 0.00632762 0.00203773 -0.00724588 -0.00236938 0.00538857 0.00574552 -0.000611223 0.00306975 -0.0056799 0.00172291 0.00588427 0.00320543 -0.00060297 0.00369762 0.00659332 0.00477377 -0.00497525 0.00289666 -0.000264116 0.00739597 -0.000171597 -0.00473324 0.00233592 -0.00605989 -0.0024039 -0.00663018 -0.000216347 -0.00170279 0.00410211 -0.001601 -0.00125849 -0.00171567 -0.00124654 -0.0010925 0.000341682 0.000209384 -0.00595401 0.00129754 -0.000848069 -0.000822175 0.00507436 0.0055206 0.00753534 -0.00730117 -0.00803678 0.00552526 -0.00281387 -0.00245407 -0.00262338 -0.00470483 0.00567422 -0.00370651
63669 0.00284882 -0.00586523 0.00255063 0.00443313 -0.0067409 0.00672026 -0.00219999 0.0027757 1.52105e-05 0.00200577 0.00275873 -0.00594734 0.00754113 -0.00712168 -0.0023487 -0.00674454 0.00761291 0.00231559 0.00113186 0.000650563 -0.0005707 0.00303194 0.00428679 0.00779769 0.00463275 0.00327867 0.006133 0.0037372 0.00328573 0.00763248 0.00599656 0.00171196 0.000974601 -0.00591649 0.00289879 0.00640864 -0.00743304 -0.00428541 -0.0023429 0.00488687 0.00163166 0.00610711 0.00103402 -0.00558252 0.00720243 0.000122514 -0.00345014 0.00588467 0.000401866 -0.00752584 0.00239752 -0.00496306 -0.00240155 0.00334783 -0.00678295 -0.00198736 0.00264104 -0.00529445 -0.00199796 0.00112457 -0.00485556 0.00557932 -0.00546239 -4.21897e-05
69800 -0.000588024 0.00298466 -0.00561523 -0.00554425 -0.00071378 0.00500676 0.00212791 0.00428463 0.00213823 -0.00660667 0.00691324 0.00706721 0.00345111 -0.00077108 0.0044675 -0.00587432 -0.00305425 0.00381264 0.00331873 -0.000594399 0.0028132 -0.00694878 -0.00193316 -0.00288314 0.00681956 -0.00539572 0.00339552 -0.00387178 0.00171025 -0.00397944 0.00769384 0.00475531 -0.00483019 -0.00120882 0.00273404 -0.00776082 0.000890087 -0.00519452 -0.00649424 0.0061331 0.00239998 -0.00474681 0.00558681 0.00600397 0.00101624 -0.00617005 -0.00739224 -0.0023262 -0.00208832 0.00731274 0.00781616 -0.00334583 0.00247506 -0.00030361 0.00687918 -0.00260503 -0.00199079 0.0035251 -0.00635781 -0.0072122 0.00425071 -0.00506846 -0.00089322 0.00361212
69887 -0.00749969 -0.00765085 -0.00568533 0.00494623 8.63075e-05 -0.00297642 -0.00286818 0.00516558 -0.00556946 -0.00274944 0.00171328 -0.0060997 0.00462961 -0.00336695 0.00694942 -0.00109196 -0.00458813 0.00671434 0.0072422 -0.000870228 -0.00108862 -0.0028553 0.00347233 -0.00369692 -0.00407696 -0.00756741 0.00637245 -0.00732231 -0.00072813 -0.00358486 -0.00334835 0.00519371 0.00288057 -0.00407171 0.00154781 0.00431728 -0.000840187 0.00607014 0.00215912 0.00164509 -0.00606728 0.00227261 0.00309849 0.00259352 0.00276613 -0.00153446 -0.00554943 0.00141573 0.0048008 0.00716209 -0.00304651 0.00047636 -0.00580263 0.00013113 -0.00149822 -0.00333548 -0.00408316 -0.00389338 0.00415087 -0.00500584 -0.00154638 0.00357533 0.00771618 -0.00773287
70182 -0.00163984 0.00759935 -0.00223112 0.0064826 -0.000179768 -0.00567532 -0.00637054 0.00111532 -0.00778723 -0.000975609 0.00540257 -0.0013113 -0.00105953 -0.000555515 0.00741053 -0.00159788 0.00171328 -0.000329018 0.00656462 -0.0077672 0.00542688 0.00129795 -0.00183916 0.00676632 0.00095892 0.00398207 8.58307e-06 -0.00356388 -0.00272703 -0.00221205 0.00425959 -0.000204563 0.00515079 -0.00433445 0.00659418 -0.00612402 0.0033145 0.0059576 -0.000996113 -0.00111246 0.00364161 -0.0067153 0.00770617 -0.00669527 -0.00376892 -0.00667524 -7.39098e-05 0.00410032 0.000398159 -0.00766182 0.00671434 -0.00532484 0.00235224 0.00257921 0.00427628 -0.00664377 0.00564289 0.00694561 -0.00526524 0.00690365 0.0063777 0.000884056 0.0006814 0.00563478
70168 -0.00571957 -0.00759136 -0.00743353 -0.00662991 -0.00522863 0.000667561 -0.00550775 -0.00436177 0.00304112 -0.00770775 -0.00310632 -0.00487382 -0.00276397 -0.00123068 -0.000177453 0.00687006 0.00679229 -0.00528049 0.00270595 -0.00560702 0.00112645 -0.000441407 -0.00135212 0.00667281 -0.00374418 -0.00264936 -0.00746487 0.00261761 0.0046833 -0.00290585 0.00700009 -0.00699663 0.00662543 0.00025753 0.00173514 -0.00187603 0.0057315 -0.005674 -0.00128338 -0.00256655 0.00380099 0.004776 -0.00553505 -0.00525083 0.00404708 -0.00317542 -0.000706627 0.000422908 0.00293985 0.00223634 0.00326794 0.00676758 0.00174004 -0.00288558 0.00558573 -0.00703425 -0.00231976 0.000234064 0.00104679 0.00418012 0.00184892 -0.00444038 -0.00244201 -0.00260009
51650 -0.0033895 0.00762513 0.00551622 -0.00110939 0.00469091 -0.00362991 -0.00524093 7.6273e-05 -0.00461496 -0.00599532 -0.00580836 -0.00401352 0.00263097 -0.00653291 0.00175873 -0.000523214 -0.00620127 -0.00387678 0.00492623 -0.00213006 0.00376407 -0.00626025 -0.00191008 -0.00240673 -0.00476401 -0.00467184 4.55585e-05 -0.00142727 0.0070552 -0.000925766 0.00482881 -0.00285984 0.00410811 0.00423248 -0.00571535 -0.000431035 0.00661891 -0.00560792 -0.00752525 0.00472594 0.00583822 0.00289661 -0.0068446 0.000176677 -0.00583736 0.00393221 0.00619871 -0.00710059 0.00729403 0.00595617 0.00759486 -0.00615607 0.00624977 -0.0027584 0.00729174 -0.00684946 -0.00284019 -0.00506744 0.00398426 0.00156045 -0.00226213 0.00407037 -0.00562966 0.00720751
29717 -0.00178852 -0.00294928 -0.00688747 0.00157609 -0.00530844 0.000873288 -0.00263892 0.0022598 -0.00772117 -0.00241534 0.00757557 0.00637226 -0.00527415 0.00590564 0.00733407 0.00615551 0.000579464 0.000261821 -0.000980569 0.00283328 0.00777635 -0.00659627 -0.00255047 0.00446428 0.0034364 -0.00265756 -0.000488719 -0.00485353 -0.0021391 0.00067017 0.00562972 0.00105856 0.00223977 -0.00587882 -0.000637514 0.00409781 -0.00157811 0.00614981 -0.00519396 0.0047355 -0.00215488 -0.00720376 -0.00561679 -0.00493843 0.00492774 0.00167585 -0.00483226 0.00759435 0.000450581 -0.00391222 0.00166095 -0.00106773 0.00641347 -0.00697321 0.00647748 -0.000592889 0.00575813 0.00192828 -0.00770734 0.00594223 -0.000850475 0.00370043 -0.00495748 0.00435998
54716 -0.00021783 0.00569562 -0.00212721 0.00373319 -1.86844e-05 -0.00572577 -0.00254496 -0.00199513 -0.00619752 0.00450744 -0.00750182 0.00745148 -0.00729023 0.0035753 0.00274245 0.00202795 -0.00552769 -0.00414326 -0.00577451 0.00140771 -0.00045629 0.000431627 0.00537493 -0.00228001 0.00304199 -0.00521746 0.00714145 -0.00454464 -0.00638619 0.00649819 -0.00656632 0.0014099 -0.00230631 -0.00411004 -0.00714237 -0.00555322 -0.00314429 0.00575793 -0.00280155 0.00481891 0.00669935 0.00333339 -0.00311378 0.00385891 0.00430798 0.00102756 -0.00435697 -7.08491e-05 -0.00713015 0.0040046 0.00617407 -0.00502322 0.000238935 -0.00192487 -0.00778582 -0.00636837 0.00170516 -0.00639035 -0.00611392 0.000938413 0.00346477 -0.00453796 -0.00442936 -0.00269543
71081 -0.00575486 -0.00688227 0.00751709 -0.000705708 0.00141449 -0.00382258 -0.00221752 0.00632172 0.00720999 -0.00746357 0.00612461 0.00458152 0.0070724 -0.00675497 -0.00218182 0.00135918 -0.00219116 -0.00515578 0.00764918 -0.0062368 0.00486763 -0.00682804 0.00733232 0.0022385 -0.000323328 0.00273589 -0.000213207 -0.00542171 0.00367519 -0.00200826 0.00760531 0.00269309 -0.0047881 -0.00401132 0.00575531 0.00756433 -0.005575 -0.00674281 -0.00168561 0.00466667 0.00491603 -0.00733516 0.00669069 -0.00361629 -0.000711027 0.00435644 -0.00239377 -0.00390177 0.00292639 0.00682097 0.00335237 -0.0064294 -0.00599156 0.0023596 -0.00706972 -0.00293127 0.00229946 -0.00364555 -0.00265248 -0.00672828 2.2007e-05 0.00354891 -8.74465e-05 0.00219829
22293 -0.00207916 0.00450841 0.00197663 0.00608136 0.00302089 0.0024968 -0.00644877 0.00733562 0.00100035 -0.00573442 0.00398828 -0.00521348 -0.00572418 0.00506204 -0.00552813 -0.00500303 -0.00630587 0.0015462 0.00156885 0.00347959 -0.00546884 0.0046161 -0.00365354 0.0039971 0.00665297 -0.00285528 -0.00634296 -0.0043813 -0.00219283 -0.00456181 0.00108519 0.0015725 0.00713883 0.00458678 -0.00168933 -0.00516155 0.00696035 0.00754382 0.00508346 -0.0039988 0.00395086 0.00511875 0.00684553 -0.00279498 0.00484404 0.00676106 -0.000822037 -0.00141369 -0.00588536 0.00476328 -0.00164053 -0.00119226 0.00157803 0.00382825 -0.002147 0.00729899 0.00143676 -0.00209535 -0.000715196 -0.00215381 0.00178843 -0.0025487 0.00406279 -0.00378306
72369 0.0036651 -0.000790948 0.000301469 0.00264384 0.00114636 0.00131371 0.00326062 0.00453649 -0.00162516 0.003146 -0.00372978 -0.00131553 -0.00352517 -0.00120357 0.00243777 -0.00280745 0.00429475 -0.00327894 -0.00683511 -0.000637841 -0.00581256 -0.00245631 0.00468869 -0.00328211 -0.00165625 -0.00702791 -0.00304907 -0.00625256 0.000673115 -0.00423755 -0.00265025 0.00255721 0.00688359 -0.00726832 0.00128441 -0.0065757 -0.0043918 0.0015497 0.000853354 -0.0059167 0.00741553 -0.000967432 0.00360855 0.00733743 -0.00327929 -0.0045856 0.00616584 0.00210008 0.000377198 0.00604579 0.00440815 0.00683655 -0.00221966 -0.00743556 0.00398674 -0.00147337 0.000754688 -0.00630946 0.00407335 0.00591553 -0.00177122 0.00146622 -0.00366471 -0.00446355
72371 -0.00340292 0.00678045 -0.00196068 0.00669018 -0.00012125 0.00415531 0.0063455 -0.0063338 -0.000958216 0.00491185 0.00108225 -0.00223542 0.00124912 0.00456378 -0.00762951 -0.00130153 -0.00287892 0.000244891 0.00720115 0.00493684 0.00601424 0.00500322 -0.00583389 -0.00242063 0.00378256 -0.00263529 -0.00543068 0.00761875 -0.00218485 0.00372375 -0.00366758 0.00232085 0.00684403 0.00176833 0.0063637 0.00149403 0.0074467 -0.00140573 -0.0075572 0.00634649 -0.00453745 0.0031199 -0.0044842 0.0044568 0.00537544 -0.00345671 0.00101334 -0.00651128 0.000905577 -0.00468608 -0.00441787 0.00604246 -0.00354499 -0.00228933 0.000532093 -0.000333222 -0.0058441 0.00261557 -0.00736553 0.000956686 0.00225855 0.000817807 0.00395958 -0.00706171
72410 0.000818729 0.00219107 -0.00141478 -0.00316763 -0.00444841 -0.000799656 0.0057373 -0.00620651 -0.00505066 -0.00694704 -0.0027051 -0.00296879 0.00388908 -0.00218391 0.00527287 -0.0017724 -0.00568676 -0.00704575 -0.00170422 0.00463915 -0.00694227 0.00533581 -0.00293684 0.000361919 -0.00271559 -0.00593472 -0.00529051 0.00119066 -0.00171375 0.000543594 0.00579929 0.00532436 -0.00402212 0.00272226 -0.0026288 -0.00627708 0.00359488 -0.00154781 -0.00548983 0.00111151 0.00304508 0.00689459 0.0044961 0.00519371 0.00667334 -0.00273418 0.00512648 -0.00118685 -0.00160837 -0.00361061 0.000639915 -0.00736666 0.00368404 -0.0063014 0.000214577 0.000567913 -0.00106287 0.00453711 0.000585079 0.00553179 0.00335884 0.00415421 -0.000362873 0.00462818
60843 0.0014286 -0.000511169 -0.00248051 0.00633192 -0.00772524 -0.0019846 -0.00349474 0.000662327 0.0014205 0.000121117 0.0030179 -0.00633812 0.00754118 -0.00696087 -0.00381756 0.00216341 -0.0053215 -0.00532341 0.00693846 0.006423 0.00442028 0.000367641 0.00645399 0.00659275 -0.00774384 0.00588942 -0.0021286 -0.00688601 0.00323296 0.00664282 -0.00549793 -0.00736618 0.00236702 0.00571632 -0.00274324 -0.000484943 -5.29289e-05 -0.0067687 -0.00183105 0.00143051 -0.00532103 0.00780869 -0.0021987 0.00285244 -0.00019455 -0.00743628 0.000897884 0.00493288 0.00328064 -0.00603771 -0.00631046 0.00182962 0.0021286 -0.00592518 -0.00778151 -0.00114393 -0.00668049 0.00268078 -0.00678205 0.00313377 -0.00121117 -0.00336313 -0.00497055 0.00774384
73846 0.00692231 0.00486345 -0.00178429 -0.0018209 0.00198755 0.00434781 -0.002831 0.00213974 -0.00525774 0.00399603 -0.00279242 -0.00736866 0.00753222 -0.00308196 0.00608909 -0.00647741 0.00476849 0.0018528 0.00331581 -0.00524986 0.00318446 -0.000300077 0.00768922 -0.00559684 -0.00572828 0.000939609 -0.00330274 -0.00578613 0.00604755 0.00329766 0.00147356 -1.7223e-05 -0.000641377 -0.00259945 0.0054907 -0.0064476 0.00451114 -0.0016147 0.00243254 0.00690907 0.00526587 -0.00456248 -0.00261279 -0.00150793 0.00746946 0.000826931 -0.00582677 0.00657183 0.00259342 -0.00381339 0.00350368 -0.00143485 -0.00213884 0.00453519 0.00484938 -7.08793e-07 -0.00538024 -0.00750041 0.0061497 0.000686481 -0.0063482 0.00254032 -0.00599015 0.00286069
16409 0.00241947 0.001019 -0.0037179 0.00568867 -0.00245953 -0.0014925 0.00284004 -0.00606346 0.0059123 0.00599813 -0.00211048 0.00668287 0.00703096 -0.00730038 0.00565624 -0.00563335 0.00766802 0.00311089 -0.00334787 -0.00689793 0.00714254 0.00514221 -0.00614119 -0.00341606 0.00113106 0.00199795 0.00725174 0.00753164 -0.00771189 -0.00477505 -0.00461054 -0.00720978 -0.000632763 0.0035181 -0.00187969 0.00526667 0.00186157 0.0059309 -0.00149965 -0.00629568 -0.0006423 -0.00153637 0.00172806 0.00097847 -0.0023818 0.00142145 -0.00143385 0.00627947 0.00684023 0.00339031 0.0041728 0.00249481 0.00472689 0.00735664 -0.00392675 0.00166368 -0.00330257 -0.0070715 0.00468731 -0.00269175 0.000869274 0.00707436 -0.0073514 -0.00161028
73975 -0.0036087 -0.00579643 -0.00492764 0.0074482 0.00651026 -0.00012064 0.000767231 -0.00482702 -0.00442839 -0.000380993 -0.000327587 -0.00604057 0.0013423 0.00269032 0.00462866 0.00332499 -0.00564718 -0.00513172 0.0040288 0.00161886 -0.00497675 -0.00495195 -0.00279808 0.00689459 0.00276661 -0.00718641 0.00657272 -0.00299358 0.00221443 -0.00501871 -0.000299454 0.00679731 0.00700712 -0.00490952 0.00587225 -0.00630951 3.86238e-05 0.000108719 0.000971317 -0.00732183 -0.00377131 0.00645351 0.00154591 -0.00423098 -0.00703955 -0.00290203 0.00430822 -0.00124025 0.00300837 -0.00752115 -0.0067749 -0.0058527 -0.00241137 -0.00738764 -0.00580931 -0.00632858 0.00123787 -0.00062418 -0.00681019 -7.67708e-05 -0.00572491 0.00323915 -0.0051856 -0.00510788
20050 0.00516502 -0.00157208 0.00582531 0.00549906 0.00174313 0.00440602 0.00169586 0.00156675 -0.00530364 0.00177619 0.00497351 -0.00151374 -0.00639188 -0.00547684 0.00490521 -0.00446378 -0.00518467 -0.00300689 0.00344635 -0.00303632 0.000284321 0.00246608 -0.00478419 -0.00434884 -0.00303378 -0.0038061 -0.00489104 -0.00306161 0.00577039 0.00727824 -0.00123405 0.00739314 0.00344759 -0.00215066 0.00476341 0.00389101 -0.000732702 0.00422584 0.00100114 -0.00440145 0.00732646 0.00123306 -0.00467334 0.00737048 -0.00727136 -0.00157392 -0.00622347 0.00215015 0.001567 -0.00496794 0.00723419 -0.0068457 0.00595563 0.00506664 0.0040322 0.00491069 0.00208186 -0.000515308 -0.000561673 0.00764252 0.00242327 0.00750349 -0.00341322 0.000768847
25313 0.00603667 0.00420765 0.000603764 -0.00589675 -0.00477258 0.000219657 -0.0071611 0.000956237 -0.00477767 0.00603567 -0.00725267 -0.00600642 -0.00517587 0.00611424 0.0006689 0.00102261 -1.95106e-05 0.00591393 -0.00369556 -0.00522028 0.00153399 0.00576043 0.00446901 0.00342623 0.00492369 -0.00417747 -0.00323136 0.00246744 -0.0036665 -0.00216551 0.000298668 -0.000842815 -0.0067039 -0.00154113 -0.00563042 -0.00517758 0.0075246 0.00242459 -0.00233133 0.00213685 0.00500019 0.00352535 0.00501811 0.00559392 0.00396633 -0.00735225 0.00405092 -0.00439013 0.00519897 0.00357716 -0.00309335 -0.00429018 0.00462355 0.00357591 0.00707458 -0.00598453 0.000965924 0.00435774 -0.00339076 -0.00383644 -0.000887171 -0.00279224 0.00179263 0.000982411
75474 -0.000300407 -0.00565958 0.00629091 0.00652409 0.00664425 -0.00114489 0.000566006 0.00470829 -0.00315619 -0.00198078 -0.00334692 -0.00676441 -0.00754929 0.00507021 -0.0062542 -0.00516605 -0.00703382 -0.0053544 0.007514 0.00303698 0.00105762 0.0067606 0.00246143 0.000576019 -0.00683117 -0.00107288 -0.0036335 0.00105906 0.00630856 0.00256109 0.00430059 -0.0056982 0.00459719 0.0070219 -0.00250101 -0.00399685 -0.00617456 0.00243425 -0.00229216 0.00400162 0.000733852 -0.00474215 -0.0020895 -0.000694275 -0.00536156 0.00588131 0.00192356 -0.002738 -0.00688505 0.00283384 -0.00122547 0.00579453 0.00748825 0.00163603 -0.00752974 0.00547171 0.00734282 0.00163412 -0.0031786 -0.00417995 -0.00269985 0.00446987 0.00655842 0.00389004
75710 -0.00536482 0.00629101 -0.00498003 0.00575489 0.00108296 0.00411263 -0.00344324 0.000696469 0.00711495 0.00249249 -0.00430445 0.00123226 -0.00252947 -0.00188626 -0.00607189 0.00689057 -0.00400687 0.00645155 0.00724432 0.00619734 -0.00681942 -0.000585423 0.0057747 -0.00355225 -0.00146808 0.00483934 0.00218743 0.00353414 -0.0021272 0.00278416 0.00296652 -0.00266409 -0.00491503 -0.00543684 -0.00194358 -0.00229603 -0.00255394 0.00409552 0.000116765 0.000840473 -0.00185715 -0.0028016 -0.00410118 0.00522481 0.00308065 -0.00592295 -0.00680401 0.00180715 -0.000797935 0.000932809 -0.00524585 0.00397323 0.00501972 0.00495614 0.00417563 -0.00213397 0.00725626 0.00235441 0.00444398 -0.00205696 0.00206771 0.00665831 -0.000882305 -0.00551747
50611 0.00721979 0.00712824 -0.00638866 -0.00615788 -0.0017252 -0.00373077 0.00709391 0.000233173 -0.00548601 0.00515938 -0.00775576 -0.000518322 -0.00257587 -0.000285149 0.00312281 -0.00325012 0.0077548 -0.00125742 0.00473738 -0.00349331 -0.00433159 0.00116348 0.00754547 -0.00739527 0.0031867 0.00511837 -0.000949383 -0.00274134 0.00344181 0.00324821 -0.00378942 0.00493431 -0.00719309 0.00247002 0.00333881 -0.00192213 0.00291777 -0.000578403 -0.00390387 5.24521e-05 -0.00696373 0.00676775 -0.00250912 0.000972271 -0.00273609 -0.000957966 0.0071249 -0.00382519 0.00268507 -0.00177956 0.00584221 -0.00573158 -0.0045557 -0.00418234 0.00014925 0.000124454 -0.00540924 -0.0057869 0.000435352 0.00162268 -0.00493145 0.00461149 0.0067358 -0.00322819
72915 -0.000951979 0.00311884 0.00545236 -0.00374091 -0.00546564 -0.00526125 0.00385925 0.00684917 -0.00219017 -0.000514205 -0.00344585 -0.00700212 0.00322061 0.000949969 -0.000163775 -0.00569803 0.00361486 -0.000836036 0.00143972 0.00533979 0.00289181 0.0059898 -0.00690788 -0.00159275 -0.00294579 -0.00087742 -0.00476629 -0.00690828 0.000789916 0.000853832 0.00747709 0.00595708 0.00237586 0.00173034 -0.00281021 0.00305909 0.0027051 0.00391565 0.000231821 0.00125755 0.00469065 -0.0020694 -0.00660012 0.00323872 -0.00012003 -0.00768749 0.00268141 0.00633303 0.00622304 0.00283442 -0.00170543 0.00408214 0.000498481 -0.00445535 -0.00694147 0.00206829 0.00225917 0.00385657 0.00474631 -0.0018163 -0.0029674 0.00693722 0.00208845 -0.00428761
15584 0.00210476 -0.00741863 -0.00514078 -0.000554562 -0.00601339 -0.00457573 -0.0024271 0.00057745 0.00114012 0.00246668 -0.00460052 -0.00548172 0.00243568 0.000662327 0.00156307 0.00597239 -0.00208426 -0.00365162 0.0065794 -0.00629473 0.00141001 8.39233e-05 0.00240993 -0.000201702 -0.00643349 -0.00599957 0.00682688 -0.00594187 0.00668573 0.000319958 0.00547314 -0.00291443 0.00494194 0.0025053 0.00253725 -0.00481653 -0.00301266 -0.00606155 0.00376511 -0.00377703 -0.00234795 -0.000648975 -0.00226164 0.00528383 -0.00550508 0.000154018 -0.00648499 0.00355434 0.00465584 -0.000494003 -0.00694609 0.00618553 0.0027709 0.00202513 0.003407 0.00133562 -0.00709915 0.00335693 -0.00166178 0.0023489 0.00523376 -0.00111961 -0.00313902 -0.000323296
71644 -0.00636389 -0.00261957 -0.00351893 -0.00238334 -0.00706848 0.00211148 0.0067382 0.000590105 -0.00361864 0.00754719 -0.000994482 -0.00656717 0.00597792 0.00556053 0.00246627 -0.000851917 -0.00276428 0.00234416 0.00598294 -0.00704409 0.00117884 -0.00695666 0.00520994 0.0061348 -0.00171782 0.00476285 -0.00478863 -0.0046476 -0.00107473 -0.00141737 -0.00201856 -0.00157936 0.00513632 0.0070356 0.00322944 -0.00399183 -0.00619379 0.00063012 0.00563409 0.000196949 0.00681972 0.000615067 0.00121035 -0.00745261 0.0038281 -0.00596619 0.00106491 -0.00180495 0.000642659 -0.00363571 0.00330567 -0.00324981 -0.00725152 0.00535133 -0.00304611 0.00341147 -0.000575149 0.00374764 0.00117368 0.0054336 -0.00647106 0.0046626 -0.00508548 -0.00635888
51006 0.0055962 0.000258461 0.00588639 -0.00718149 -0.00451594 -0.00490263 -0.00479895 0.00256872 -0.00109354 0.000444368 -0.0058439 0.00251566 0.00137557 -0.00112139 0.00444162 -0.0041101 0.00031276 0.00576641 -0.00673208 -0.0046313 0.00436774 0.00230135 -0.00537081 0.00336722 -0.00664232 0.00732133 0.0077334 5.57144e-06 -0.00568511 0.000368969 0.000594355 0.00663539 -0.000260045 -0.00581285 0.00657109 0.00368105 -0.00663255 0.000391567 -0.00296946 0.00495914 -0.00323951 -0.000870388 0.0023142 0.0051591 -0.00414588 0.000182774 0.00772577 -0.00722085 0.00463958 -0.00624963 0.00312389 -0.00459737 -6.78546e-05 0.0034091 -0.00581763 0.00593204 7.54807e-05 -0.00730929 -0.00581303 0.00654814 0.00606882 -0.00613042 -0.007686 0.0016185
70054 -0.00037241 0.00741434 -0.00478983 -0.00509024 -0.00203133 -0.00622559 -0.0029006 -0.00560093 0.000605583 0.00588512 0.00670099 -0.00451088 -0.000398636 0.00293112 0.00161886 -0.00517511 -0.00190973 0.00306273 0.00111198 0.00102568 0.00533438 0.00621891 0.00284195 0.000829697 6.67572e-06 0.00103474 0.00577641 0.00321579 0.00184536 0.00259304 0.00547075 -0.00501204 -0.00662565 -0.00249863 -0.00359678 -0.00710773 0.00370169 -0.00694036 -0.00741529 -0.00549698 0.00234938 0.000115871 0.00737095 -0.00268364 -0.00675726 0.00575972 0.00370216 -0.00232363 0.00369358 -0.000185013 0.00568771 -0.00167084 -0.000868797 0.00191593 0.00776911 -0.00125742 -0.00346422 -0.00312233 -0.0026226 -0.00301218 0.00107908 0.0063858 -0.00706005 -0.00706625
77516 0.00768266 0.00160108 0.00690992 0.00593958 0.00449076 -0.0059225 0.00753275 0.0030292 0.00122345 -0.00605104 0.00780288 0.000768251 0.00378406 0.000960218 -0.00409463 0.00239272 0.0049409 -0.00154586 0.00751953 0.00221669 0.00624835 0.00659599 0.00737573 0.00010958 0.00036787 -0.00692104 0.00542965 -0.00761179 0.00709214 -0.00563903 -0.00304402 0.0069998 -0.00154993 -0.00417006 -0.00434634 -0.00695515 -0.00622878 0.00192686 -0.000906729 0.00747683 0.00378454 0.000978667 -0.00074089 -0.00647664 -0.0047636 0.00572377 0.00263757 -0.000234338 -0.00736339 -0.00073611 0.000679865 -0.00609757 0.00425013 -0.00124196 -0.00432017 -0.00488448 -0.00170482 0.00395624 0.00728303 0.00712992 0.0070945 -0.00383381 -0.00714693 0.00723445
77517 0.00781483 0.00506585 -0.00271197 0.00507242 -0.004823 -0.000395825 -0.00188838 0.000901597 -0.00838032 0.00551775 0.00859585 0.00896155 -0.00707639 -0.000319332 -0.00302818 0.00178212 -0.00410563 0.00425949 -0.00166348 -0.000724831 0.00165486 -0.0031218 -0.00690693 -0.00571561 0.000142833 -0.00180678 -0.000860142 -0.00675586 0.00392999 0.0043922 -0.00155874 0.000262962 0.00444811 0.00787221 0.00412215 -0.00610797 0.00310721 -0.00458601 -0.000213947 -0.0032507 0.00547696 0.00784744 -0.000264776 -0.00527875 -0.00741028 0.00315287 -0.00593133 -0.0068868 0.00613226 0.000184698 0.00126622 -0.00700816 0.0065785 -0.000338801 0.00197357 0.000774274 0.00770514 -0.00736211 -0.00318543 -0.00318579 -0.00241207 0.00322627 -0.00442163 -0.00213173
76684 -0.00164557 -0.000712395 -0.0062151 -0.00733328 0.00707483 0.00675344 -0.00472498 -0.00121069 0.0059104 -0.00650311 -0.00687933 -0.00218248 0.00353479 -0.00213194 0.00694323 -0.00113392 0.00178099 -0.00730038 -0.00168324 -0.000629902 -0.00686502 -0.00387764 0.00136662 0.00250435 -0.0032239 -0.00698185 0.00357914 -0.00461674 0.00767183 0.00451469 -0.00568962 0.00279236 0.00667667 -0.00551367 -0.00309896 -0.00474024 -0.000100613 -0.002666 0.00188923 0.000589848 0.000907421 -0.000231743 -0.00777102 -0.00546265 0.00216103 0.0077405 -0.00637054 -0.00212288 0.00549984 0.00311184 -0.00282526 0.00241661 0.00181389 0.0024662 -0.000166893 -0.00303984 0.000981808 0.000783443 -0.0055995 -0.0029788 0.00220442 -0.00326014 -0.00176811 0.00553751
78254 0.0058136 0.00736618 -0.000824928 -0.00410604 0.00356531 0.00320148 0.00182009 0.000749588 0.00161791 -0.000208855 0.00559998 0.00735283 -0.00241852 0.00230217 0.00410366 -0.00716066 -0.00291443 -0.00777483 -0.0066123 0.00332737 0.00688171 -0.0033164 0.000525475 0.000920296 -0.00382566 0.00744772 -0.00482035 0.00743628 -0.0024271 -0.00670242 -0.00769138 0.00335503 -0.00439215 0.00720835 0.00566864 0.00141764 -0.00704813 0.00700426 0.00397491 0.00337029 -0.00395536 0.000320911 -0.00186491 -0.00632763 -0.00224257 0.0075345 0.00515842 0.0067749 -0.00433064 0.00036478 0.00153971 -8.39233e-05 -0.00140095 -0.00268984 0.00234175 0.00554562 -0.00254393 0.00487423 0.00377703 -0.00155878 -0.00631762 0.00137091 0.00363636 -0.00148535
5349 -0.00114468 -0.00399693 -0.00638849 0.000613235 0.00495276 0.000663073 -0.00275996 0.00229918 -0.00485925 -0.00604629 0.000655236 0.00221027 -0.00546176 -0.00380291 0.00607459 0.0055771 -0.00354433 0.00682178 -0.00724485 0.00317844 -0.0020112 0.000903211 -0.000212258 0.00736729 -0.00399712 0.00202316 0.00584346 0.0019056 0.00557356 0.00617271 -0.00758244 -0.00134448 -0.00121457 -0.00715365 0.00615558 -0.00456336 -0.00215713 0.00101161 -0.00263677 -0.00325033 0.00155642 0.00599841 0.000520692 0.00113115 -0.00509041 -0.00279952 -0.00391231 0.00738779 0.00197353 -0.00765363 0.00409057 0.00605375 -0.00565826 -0.00230797 -0.00141148 -0.00733025 0.00594448 -0.00633268 0.00608287 0.000394885 0.00092302 0.00217975 -0.0074198 0.00116298
79217 0.00161108 0.00264834 -0.00389798 0.00105466 0.00754143 0.00288925 6.66498e-05 0.00694566 -0.00598084 0.000734829 0.00413267 0.00300058 0.00536431 0.00186101 0.00694356 0.0044506 0.00645639 0.00166461 -0.00214413 -0.000979864 0.00768844 0.00278065 9.46796e-05 -2.76709e-05 0.00185208 0.00734679 -0.00302998 0.00526412 -0.00619869 -0.00682752 0.00241821 -0.0068199 0.0051958 0.000565365 -0.00216023 -0.00110345 0.00697732 -0.00517133 -0.00332441 -0.00403948 0.00544374 0.00640071 0.00568738 0.00234857 0.000650935 -0.00486143 0.00349026 -0.00557362 -0.00417556 0.00283728 0.0023406 0.00139093 -0.00489885 -0.00630991 0.00123012 -0.00495861 -0.00313255 -0.00613933 0.00566931 -0.0058155 -0.00222066 -0.00780852 0.000199458 -0.00155423
55491 -0.000835449 -0.00556868 0.00224266 -0.000753802 -0.00017296 0.00586286 0.00540589 -0.00526502 -0.00205128 0.00581998 0.00283671 0.00689698 0.00194478 0.00255645 -0.00696911 -0.0041119 -0.00541242 -0.00337643 0.00229545 -0.00123603 0.00693078 0.00412751 -0.00544352 -0.00409691 -0.00416975 -0.000680112 0.00028104 0.0049045 -0.00530565 0.00593302 0.00667732 -0.000778392 -0.00396901 -0.00642585 0.00364246 -0.00570135 0.00492713 -0.00387222 -0.00693748 -0.00722715 0.00352768 -0.00107848 -0.00347142 0.00621822 -0.00137786 -0.00367621 -0.00587405 0.00169485 0.00331542 0.000887233 0.00164236 0.00554278 -0.000874906 -0.00115011 -0.000496217 -0.00531105 -0.0046656 -0.00691967 -0.000895624 -0.005443 -0.00285949 0.00344639 0.00694396 -0.00125619
79580 3.48091e-05 -0.00680542 -0.000234127 0.00507832 -0.00625181 -0.00237989 0.000450611 0.000499249 -0.00109482 0.00270557 0.00692368 0.0031848 -0.004776 0.00491381 0.00532007 -0.00579882 -0.00135756 0.00376272 0.00755787 0.00247622 0.00558853 -0.00112677 -0.000190735 0.00454092 -0.000762939 -0.00703812 -0.00725508 -0.00400877 0.00163031 -0.00555563 -0.00271273 0.00567007 0.00711727 0.00547695 0.0074091 0.00324965 -0.000252247 0.00471878 0.0012188 0.00246239 -0.000556946 0.00440693 -0.00501394 -0.00183344 -0.00416899 0.00351667 0.00510263 -0.00739002 -0.00417757 -0.0052743 -0.000489712 -0.000916958 -0.00306416 0.00320768 0.00608253 -0.00291967 0.00307417 0.00247049 0.00637531 -0.00722551 0.00413609 -0.00223446 0.0009799 0.00268269
39118 0.00491476 -0.0027132 -0.000110149 0.00494766 -0.00658226 0.00543022 -0.00400209 0.00424242 -0.00343847 -0.00728893 0.00325441 0.00471926 0.00399685 -0.00776672 -0.00115061 0.00576115 0.0017662 -0.00394058 0.00721216 0.00245762 0.00593519 0.0045023 -0.0066967 -0.00381374 -0.00586271 -0.00457144 0.00612211 -0.00277138 0.000176907 -0.00527 0.00553179 -0.00646114 0.00401258 -0.000573158 0.000824451 -0.00739384 0.00725555 -0.00295067 -0.00337458 0.00115061 0.00463152 0.00464678 -0.000440598 0.0027132 0.00717545 -0.00393152 0.00315857 0.0010128 -0.000527382 0.000237942 0.00130224 0.00162458 0.00234032 0.00469065 -0.00545073 -0.000143051 -0.00172997 -0.00602722 -0.00722551 0.0036273 0.000399113 0.0071702 -0.00590611 0.00296974
51210 0.00669043 -0.00270352 0.00599355 -0.00690918 -0.00486353 0.00178063 -0.0050807 -0.00612106 -0.00153867 0.000561431 0.00203216 0.000840115 -0.0076877 0.0024423 -0.0010164 -0.0020233 -0.00510689 0.00120298 0.00270634 -0.00120472 0.0022816 -0.000641749 0.00726918 -0.00415806 0.00176315 0.00607508 0.00179536 0.00379904 -0.000648287 0.0036872 -0.00769506 -0.00142585 0.0069492 -0.00666007 -0.00100293 -0.0004212 0.00424661 0.00422958 -0.00609184 0.00409304 0.00711066 0.00485673 0.000943138 0.00530809 -0.00716812 -0.00762821 -0.00588099 0.00598291 0.00128694 -0.00564393 0.0045349 -0.006286 0.00582318 -0.00663354 -0.00679811 -0.00714371 -0.00176228 -0.00570256 -0.00609179 0.00277222 0.00664893 -0.00659047 0.00574957 0.000210082
32659 0.00608647 0.00723425 -0.00196435 0.00280287 0.00304498 -0.00178375 -0.00770444 -0.00367122 0.00434989 -0.00362079 0.00564459 0.00429808 -0.00538568 0.00312595 0.00763814 -0.0071159 -0.00762566 0.00779503 0.00330192 -0.000624473 -0.0031853 0.000875675 0.0035399 0.00504191 0.00427038 0.000839802 -0.00417779 0.00311311 0.000295968 -0.00518218 0.00441953 0.00182518 -0.00289196 -0.00261145 -0.00644031 0.00669777 0.00652382 0.00259846 -8.03766e-05 0.00303881 0.00266442 0.00243886 -0.00236584 -0.000835207 -0.00112234 0.00302451 0.00729193 -0.00559332 -0.00389707 -0.00699863 -0.00107529 -0.00497709 0.00561116 -0.00160876 0.00688115 0.00498559 -0.00313594 0.00676928 0.00636188 0.00496542 0.00457244 0.00426921 0.000750839 0.00279475
82146 -0.00403684 0.0020219 -0.00497673 -0.0029321 -0.00217483 -0.0014762 0.00666061 -0.00048602 0.00613092 0.00486251 -0.0069111 0.00446803 0.0062016 0.00100109 0.00331742 0.00476314 0.000824279 -0.00334161 -0.00520659 0.00435187 -0.00049493 0.00302068 -0.00125697 0.00191755 0.00722861 -0.00531163 -0.00348484 0.0060007 -0.0035628 -0.00372888 0.00281557 0.00778907 -0.0053046 -0.00184493 -0.000323812 0.00424601 0.0064984 0.00769032 -0.00202175 -0.00236213 -0.00503302 0.00260205 -0.00402836 0.00103555 0.00114014 -0.000439711 0.00157435 -0.00770229 0.0022044 0.00438527 -0.00235565 0.00167547 -0.00779597 -0.00578572 0.00141415 -0.00517574 -0.00418033 -0.00447001 0.00321438 0.00148481 -0.000759596 0.00142533 -0.00135515 -0.00433516
18990 -0.00732809 -0.00431658 -0.00746029 -0.00644899 -0.000818393 -0.00140867 0.00185557 -0.000898456 0.00350995 -0.00393334 -0.00196196 -0.00146665 -0.00104416 -0.00505589 0.00356282 -0.00682125 0.00329988 0.00328086 0.0020671 0.00590935 -0.00311934 0.00762239 0.00160349 0.00366925 -0.00719212 -0.00519178 0.00430534 -0.000169663 0.00457639 -0.00285357 0.00310505 -0.00249992 -0.00346464 0.00578403 -0.00665359 0.00602887 0.00444293 -0.00409398 -0.00509507 -0.00471003 -0.00455204 0.00279568 -0.00556044 0.00413785 -0.00114973 -0.00742875 0.00628052 0.00215027 -0.00119731 -0.00245416 0.00601623 0.00208355 -0.0049306 -0.0056358 -0.00276272 0.00690484 0.00456388 -0.00490118 -0.00334262 0.00706765 0.00355899 0.00133285 -0.00456115 0.00286554
39068 0.00468832 -0.0055977 -0.00603326 0.00210497 0.00346012 0.00224781 -0.00361916 -0.0013875 0.00408359 -0.00521091 -0.000580182 0.0070295 -0.000528026 0.00722472 0.00244788 0.00362843 0.00640064 -0.00715922 -0.00472692 0.0041891 -0.0010642 -0.00697501 -0.00252293 0.00401547 -0.00215715 0.000530006 -0.00379431 -0.0045192 0.0024648 -0.00562136 -0.00261045 0.00671841 0.00722014 0.00694151 0.00530932 0.00235861 -0.0073259 -0.00167319 0.00533658 -0.00440633 0.00772627 -0.00745851 -0.000645977 -0.00607615 -0.000932185 0.000425654 -0.00404952 0.00307886 0.00418188 -0.00372921 0.00594489 -0.00755441 0.00466135 0.00454008 0.00703496 -0.000193146 -0.00643546 0.000968346 0.00668443 -0.00259195 0.00702357 -0.00294162 -0.00496339 -0.00629603
54020 0.00151182 -0.00339326 -0.00513513 -0.00645556 -0.000852258 0.00537844 0.000975865 -0.00625781 0.00750142 0.00229352 -0.00031082 -0.00406465 -0.0047108 0.00549724 0.00195278 -0.00435721 -0.00675874 0.000810012 -0.000669044 0.00711735 -0.00779761 -0.0077404 -0.00492529 0.00453813 0.00444019 0.0034414 0.00396924 -0.00406736 0.00689592 -0.00730733 0.00131072 0.000822137 -0.00769453 -0.00390099 -0.00402325 0.007008 0.00271006 0.0070141 0.00482522 0.00596016 -0.00363292 0.000562286 -0.00639071 -0.00508532 0.000999324 0.00249356 -9.92352e-05 -0.00242716 -0.00243637 0.000889017 0.00274034 -0.00766553 0.00361159 0.0069942 0.00441029 0.00245854 0.00355363 0.000734254 -0.00142686 0.00288701 0.00689876 0.00502562 -0.00651713 -0.00777837
83046 0.00727678 -0.00720444 -0.00136665 -0.00664879 -0.00180548 -0.0038839 0.00288203 0.00362477 0.0057517 -0.00349521 -0.00659062 0.00144275 -0.0026991 -0.00358066 -0.00385758 -0.000839843 0.00162612 -0.00761226 2.43931e-05 -0.000880003 0.00230057 -0.000640494 -0.00463901 -0.00106475 0.0026153 0.00286008 0.00455343 -0.00358464 -0.00432941 0.00462962 0.00699061 -4.94159e-05 0.00327342 0.00676713 -0.00387206 -0.00535971 -0.00433215 0.0061511 -0.00768178 -0.0052358 -0.00371663 0.000791614 -0.000859402 -0.00748212 -0.00391375 0.00154233 -0.00735612 -0.00394813 -0.00277811 0.00393856 -0.00599997 -0.0020321 -0.00197322 0.00745992 0.00201208 0.00465362 0.00496439 0.00552827 -0.00764212 -0.000854047 -0.00734854 0.00258646 -0.00532921 -0.0010416
59738 0.00700353 -0.00295358 0.000852399 0.00353365 0.00466844 0.00170086 -0.00278777 -0.00728572 -0.00152532 -0.00571903 -0.00135269 0.005127 -0.00692454 -0.00547678 0.00259393 0.00491643 -0.000914117 0.00307941 0.00659268 0.00376815 0.000138056 0.000462165 0.00712295 0.00444459 0.00571596 0.00601823 -0.0015554 -5.13403e-05 0.00121802 0.00366232 -0.00120134 0.000771911 0.00565166 0.00218051 -0.00260204 -0.00532397 0.00307275 0.00343707 0.0058857 0.00063136 0.00329921 0.00624738 -0.00119335 -0.00436463 -0.000749805 -0.00748556 0.003479 0.00100483 -0.00203049 0.00576533 0.000651526 -0.00230097 0.00181022 0.00381998 0.00470586 0.00407494 0.00724212 0.00289781 0.000171812 0.000953132 -0.00716217 0.00621444 -0.0053466 0.00671861
84358 -0.00628162 -9.93345e-05 0.00495062 0.00277794 -0.00075346 -0.00551054 0.00248155 -0.00423242 -0.00689565 0.00494058 -0.00556503 -0.00365549 -0.00646929 0.00645042 -0.00029704 -0.00391646 0.00776662 -0.0019158 0.00490573 0.00553928 -0.00429128 0.00514881 2.6814e-05 -0.000973594 0.00377531 -0.00344823 -0.00609087 0.0016867 0.00128136 0.00244749 0.000153035 0.00787737 0.00416621 0.00040494 -0.000759243 -0.00262187 0.00159704 -0.00134517 -0.00230491 0.00771703 0.00545286 0.00671125 -0.00111016 0.00533266 0.00172364 -0.00606903 0.00691976 0.00709126 0.00265091 -0.00115562 0.00457719 0.00329033 0.00535422 0.00182222 -0.00615502 0.00614931 -0.00344207 0.00397804 -0.00485464 -0.00045602 -0.00312691 -0.00663235 -0.00271717 0.000334322
84508 -0.000844479 -0.000333309 0.00637722 -0.00699091 0.00182486 0.00191116 -0.00183535 -0.00714302 0.00548697 -0.00180531 -0.0014267 0.00328588 0.0019393 -0.000141144 0.00522232 -0.00556087 -0.00481844 -0.00283861 0.00406885 -0.00344086 0.0067215 -0.000219345 -0.00155401 0.000216484 -0.00557041 -0.00267172 0.00705957 0.00482416 -0.003057 0.00540829 -0.00469112 0.00205564 -0.00466871 -0.00444555 -0.00665903 0.00110579 0.00714588 -0.000425339 0.00582266 0.0074091 -0.00168371 -0.0008564 -0.00189972 -0.000746727 0.00302124 0.000548363 0.00122309 0.00141048 0.00573492 -0.000831127 -0.00449753 0.00333929 0.00683928 -0.000769138 0.00570774 -0.00704145 -0.0021286 -0.00346375 0.0050745 -0.005826 0.00217152 -0.00404215 -0.00128174 0.00415564
46955 0.000762747 0.00266174 -0.00698272 -0.000203541 -0.00709151 -0.00371717 0.00276572 0.00310579 -0.00424007 -0.000898224 0.00591089 -3.03541e-05 -0.00216277 -0.00296341 -0.0025486 -0.00116426 -0.000846409 -0.00315624 0.0056526 -0.0072735 -0.0036106 -0.00624344 0.00334293 0.0014347 -0.000985314 0.0077085 -0.000746064 0.00439412 -0.00262063 -0.00585837 0.0078002 0.00364789 -0.000360981 0.00586379 -0.00517695 -0.00406223 -0.00348631 0.00595868 -0.00210004 -0.000315451 0.00145397 0.00480559 0.00252066 -0.00592295 -0.00562098 -0.000319965 0.00756852 -0.00587331 -0.00544304 -0.000733742 0.00222253 -0.00622942 -0.00311121 0.00190181 0.00592325 0.00116887 -0.00267531 0.0070694 0.00308631 0.0072712 -0.001926 0.00711861 0.00273404 0.00280671
85178 -0.000837803 0.00720119 0.00726843 -0.00608492 -0.00768709 0.00486755 -0.00423622 0.00660038 -0.00492144 -0.00676966 0.00314188 -0.000943184 7.82013e-05 -0.00314379 -0.00600243 3.19481e-05 0.00279236 0.00134563 0.00323534 0.00187731 -0.00191641 0.00457764 -0.0077486 0.00432968 -0.000365257 0.00359154 0.00221109 0.00345659 0.0036912 0.00451183 0.00625992 -0.00637054 -0.00181675 -0.00552225 -0.00464344 -0.00428915 0.00111818 -0.00576925 -0.00355816 0.00745726 -0.00506926 0.00532436 -0.00487757 -0.00131607 0.00631952 0.00186062 -0.00715828 0.00345135 -0.00487328 -0.000535488 -0.00116301 -0.00567675 0.00491333 0.00765228 -0.000638008 -0.00280666 0.00441551 0.00768089 0.00133848 0.00674295 -0.00246954 -0.00359201 0.00542402 0.00477314
85338 0.00289982 0.00387854 0.00565867 0.000840256 -0.00366644 0.000147365 -0.00433284 0.00683676 -0.0046479 0.00535888 0.000498046 0.00553946 0.0039689 0.0060069 0.00459112 -0.0033589 -0.00295848 0.00709231 -0.00175269 -0.007147 0.00616412 -0.00501382 -0.00266824 0.0026599 0.00187763 -2.44427e-05 -0.0070463 -0.00275574 -0.00634807 0.00220076 -0.00148542 0.00773535 -0.00443638 -0.0050884 -0.00559519 0.00639475 -0.00223067 -0.00450115 0.000402487 -0.00091465 -0.00197416 0.00594181 -0.00216613 -0.00147904 -0.00096297 -0.0057497 -0.00590597 -0.0071384 -0.00553112 -0.00771431 -0.00152477 0.0011565 0.00576793 0.0065922 -0.00127281 0.00211827 0.00516782 -0.00618189 0.00420938 -0.000488709 0.00563917 0.00369104 -0.00495678 -0.00496709
52114 -0.0029772 0.00668852 -0.000621512 0.00699221 -0.00652231 -0.0063094 -0.00241956 -0.000478738 -0.00368892 0.00553532 0.000385742 0.00094669 -0.00295232 0.00771677 -7.88398e-05 -0.00490658 -0.0037252 0.00271296 -5.57759e-05 0.00482408 0.00718152 -0.00197939 -0.0038984 -0.00203276 0.00352023 0.00401991 0.00317946 0.00439172 -0.000304847 0.0075593 0.000150191 -0.00422694 0.00421928 0.0016648 -0.000721977 -0.00512714 0.0022861 0.00179257 0.000971452 -0.00239299 0.00655221 0.00405573 -0.00645896 0.00247213 0.00299912 0.00306002 -0.00626129 -0.0038586 0.00303996 -0.00630484 0.00649139 0.00265187 -0.00229052 -0.00338691 -0.00677286 -0.00201391 -0.00654854 -1.60268e-05 -0.00736989 0.000323158 0.00406283 -0.00144702 -0.00109606 -0.00241948
42745 0.00570716 0.00620816 0.00744367 0.00663763 -0.00434358 0.00489732 0.00439693 0.00380271 0.00548141 0.00287305 -0.00259173 0.00589733 0.00585685 -0.00691923 0.00532253 -0.00596345 0.00704235 0.000218448 -0.00588241 0.00661851 -0.00453861 0.00770281 0.00514415 -0.000355342 -0.00550721 -0.000530195 -0.00569458 0.00450396 -0.000399435 0.0018761 0.00329444 -0.00652325 -0.00252487 0.00134847 -0.0061828 -0.00165874 0.00708363 -0.00265015 -0.00282849 0.00264796 -0.00711875 0.00489277 0.00419577 -0.00402552 -0.00596673 -0.000161873 -0.00244791 -0.00762557 -0.00774099 -0.00379162 0.00477632 -0.00501063 0.00240464 -0.000967864 -0.00448049 0.00584688 0.00219513 0.00602023 0.00217426 0.000481033 -0.00210142 0.0052379 0.0052733 -0.00260544
15838 -0.00160678 0.00081816 -0.0058031 0.00178423 0.00703717 -0.00156787 -0.00443003 -0.000275453 0.00698016 -0.00127459 -0.00602162 0.00192539 0.00229531 0.00782853 0.00716023 -7.87822e-05 -0.00313614 0.00389 0.00567418 0.0061441 0.0044729 -0.00548679 0.00195536 -0.00642849 0.00386375 -0.00649244 -0.00201385 0.000581522 -0.00548144 0.00555405 -0.00766352 -0.00251771 0.00340592 0.00414112 0.000913237 -0.000696648 -0.0032675 0.00544714 -0.00427789 0.00594178 -0.000282517 0.00583304 -0.0029625 0.0035598 0.002576 -0.00487053 0.00362634 -0.000272396 0.00387413 0.000174014 -0.00128648 -0.00225763 0.00258375 -0.00388351 -0.00514354 0.00775518 -0.00598101 -0.000451598 -0.00177501 -0.000916799 3.66788e-05 -0.00668366 -0.00543151 0.00286049
56912 -0.000815868 -0.00329638 -0.00576067 0.00224829 -0.00740194 -0.00632381 0.00522566 0.00642586 -0.00727558 0.00217724 0.000277519 -0.00607014 -0.00259352 -0.00390148 -0.000630379 -0.00426674 0.00353384 -0.00543785 0.00474262 0.00345373 -0.00278282 -0.000604153 0.00308323 0.00483227 0.00593805 0.00106144 0.00698137 0.00344276 -0.00655365 -0.000193596 0.00626755 -0.00326395 -0.0046525 -0.00336075 0.00452423 0.00374222 -0.00510597 -0.00535583 -0.0042448 0.00717068 -0.000570297 -0.00351286 -0.00600147 -0.00503826 0.00449896 0.00738144 0.00212383 -0.00270081 -0.00642824 -0.00189686 0.00134277 0.00725126 0.00414085 -0.00640583 0.003932 -0.00644827 0.00189686 0.0073514 0.000689507 0.00306463 -1.09673e-05 0.00276804 0.00187635 -0.00105762
88906 -0.00680499 -0.00773074 0.00316984 -0.00547362 0.00339318 0.00222007 -0.0027574 0.00399877 -0.00634501 -0.00107142 0.00315312 -0.00520004 -0.00577241 0.0037028 -0.000315759 0.00352886 -0.00543722 0.00766849 0.000611795 0.0065104 0.00721273 -0.00714863 0.00171365 0.00365789 -0.0015133 -0.00188492 0.00601605 0.000514517 -0.00238214 0.00503406 -0.00179079 0.00346875 0.00136834 0.00461088 -0.00378744 -0.00585974 0.00179636 0.00390823 0.00395393 -0.00194021 0.00348076 0.00551068 -0.00639479 -0.0052133 -0.00100959 0.000272725 0.00669523 0.00324219 0.00315611 0.00595435 0.00250673 -0.00389229 0.00549947 0.0049657 -0.00371897 0.00774001 0.00399863 0.00133619 0.00616078 -0.00407609 -0.00500232 0.00303177 0.00769528 -0.00599311
89854 0.00455647 -0.00629793 -0.00688489 0.00405612 0.00448651 -0.00345764 0.00575665 -0.00407367 0.00172951 -0.00189561 -0.00283436 -0.00615775 0.00375953 0.00602316 0.00214819 0.00630283 0.00774369 -0.00721406 -0.00528381 -0.000218725 -0.0024592 0.000146081 -0.00123502 -0.000557676 0.00273087 -0.000348877 0.003384 0.00262534 0.000385342 0.00252474 0.00717987 0.00653672 -0.00520722 -0.00092725 0.00675087 0.00771055 -0.00580243 0.00182002 0.00375124 -0.00612679 -0.000117262 0.00688903 0.00216932 0.0040534 -0.0068752 -0.00778956 0.00753559 -0.00334458 0.00400946 0.000642997 -0.000325099 0.00743608 -0.00295191 0.00469681 0.000199825 -0.0067059 0.00201333 -0.00736155 0.00334615 0.000215801 0.00579791 0.00283365 0.000300712 0.00426716
90213 0.00272322 -0.000656605 0.00654745 0.00167942 -4.1008e-05 0.00382948 -0.00538349 -0.00644255 0.00101852 0.00102091 0.000377178 0.00382996 -0.00210619 0.00198078 -0.00695229 -0.00511646 -0.00503731 0.00102282 -0.00371361 0.00672197 0.00159836 0.0074234 0.00296974 -0.00628042 0.000828743 -0.00285006 -0.000441551 -0.00284576 0.00292158 -0.00299692 0.00190878 0.00265455 0.00372791 0.00576353 -0.00343084 -0.00427103 0.00353765 -0.00399876 0.00192022 0.00201082 3.05176e-05 -0.00199747 0.00257683 0.000395298 0.00170088 -0.00615072 0.00265217 -0.00430918 0.00658369 -0.00188684 -0.00181437 -0.00165081 -0.00732708 0.00631857 0.00495625 -0.00524044 0.00547171 0.000134468 0.00447989 -0.000576496 -0.00155354 0.00295401 0.00692034 0.0068841
70296 -0.00379753 -0.000179291 -4.57764e-05 -0.00279522 0.00176764 -0.00339031 -0.00205183 0.000385761 -0.000935078 0.00117111 0.00736618 -0.00148582 0.00320244 -0.00177717 -0.0022397 -0.000851631 -0.00596714 -0.00242901 0.00676346 -0.00375175 -0.00187397 -0.00692844 -0.000306606 -0.00411129 -0.00166035 0.00566483 0.0028038 -0.00504827 -0.0013628 0.00101566 0.00579548 -0.00371742 0.00147533 -0.00428247 -0.00362587 -0.00462532 0.00663853 0.00197315 -0.00253344 0.00645447 0.00760841 -0.000295162 0.00113106 0.000517845 0.000593662 -0.00774384 -0.00210094 -0.00492525 -0.00207472 0.00651836 -0.00441217 -0.00372028 -0.00154591 -0.000110149 0.00756311 0.00194073 0.000393867 0.00365114 -0.00175047 0.000473499 -0.00636721 -0.00358295 0.000238895 0.00241661
78730 0.00132723 -0.00652598 0.000187122 -0.00731381 -0.00161159 0.0020884 -0.0047455 -0.00351744 -0.0044223 -0.000126359 0.00492387 0.00629142 0.00719677 -0.00635632 0.00258554 -0.00572197 0.00370056 0.00228453 0.00415459 0.00750084 0.0049117 0.00576182 -0.00234273 0.00749508 -0.0069812 0.001094 -0.00203907 -0.000956812 0.00435074 0.00365631 0.00318635 -0.000269605 0.000482772 -0.00535494 -0.00217565 0.00480985 0.00370225 -0.00387572 -0.0028076 -0.00098644 0.00280593 -0.00623135 -0.00366046 -0.00233215 0.00461856 -0.00194226 0.0069027 -0.00265957 0.00415572 -0.00507576 -0.00280181 0.00524016 -0.00296133 -0.00106374 -0.00274619 -0.00312138 -0.00374235 0.00644162 -0.0031816 0.00249442 0.00424934 -0.000344306 0.00756794 -0.000749781
91038 -0.00464821 0.00218678 -0.00504541 -0.00199842 0.00179338 -0.00730753 0.00496483 0.000993729 -0.00184727 0.00624371 0.00327444 0.000897884 0.00524092 -0.00511503 0.00160694 -0.00545692 -0.000723839 -0.00400829 0.00548649 -0.00633955 0.000689507 -0.0074029 -0.00213337 0.00665665 0.00615883 -0.00157928 -0.00672197 0.0046072 -0.00223541 0.00187397 0.00186443 0.00184298 0.00533199 0.00488329 0.000463963 -0.00130892 0.00273323 -0.00606394 9.72748e-05 -0.00513744 0.00483847 0.00106001 -0.00547171 -0.00708008 0.00525904 -0.0016098 0.00425291 -0.00279808 -0.00342321 0.0027895 0.000584602 0.00575542 -0.00554609 -0.00645113 0.00231886 0.000653744 -0.00518751 0.00400448 0.00463724 -0.00324774 0.00422907 0.00573301 0.00149298 -0.00199127
95457 -0.00541273 -0.00694595 -0.00444157 -0.000474576 0.0004534 -0.00428468 0.00670599 -0.00603467 0.00643663 0.00596663 0.00483594 -0.00484432 0.00047438 0.000893274 -0.00319157 0.00635631 -0.0048268 -0.00146975 0.00446222 -0.00607258 0.00324672 0.00225942 -0.00658979 -0.00507466 0.00420233 0.00485913 0.00487791 -0.00092195 -0.00426026 0.000319408 0.00180861 -0.000703945 -0.0027517 0.00521757 -0.00411448 0.00647753 0.00398893 0.00308291 -0.00265757 0.0014718 -0.00604436 0.00330611 -0.00580192 -0.00483359 0.00170568 0.0038706 0.00360865 -0.00277472 0.0014113 -0.00085809 -0.00457892 0.00183719 0.00467643 -0.00273951 -0.0036488 -0.00471649 0.00548978 -0.000484394 0.0025565 -0.00194971 0.00643656 -0.000254668 -0.00623294 0.0070521
87177 0.00762286 0.00346184 0.00521663 0.00719852 0.0062627 -0.000822513 0.00312908 -0.00541367 -0.00319925 -0.00743168 0.00419023 -0.00608898 0.00378479 0.00261065 -0.00218206 -0.00287674 -0.00216781 0.0063528 0.00235642 -0.00727024 0.0069336 -0.00250193 0.000839821 -0.00268275 -0.00725645 0.00401814 -0.00590379 -0.00674804 0.00727103 -0.00393765 -0.00485792 -0.0033835 -0.00362712 -0.00199306 -0.000747129 0.00278078 -0.000202961 0.00772929 0.00359228 0.00279087 0.0049729 0.0058316 0.00165942 0.00543564 0.000997361 0.00160951 -0.00490288 0.00767009 0.00557109 0.00776608 -0.00511578 0.0053482 0.00238431 8.60955e-05 0.00765482 0.00188782 -0.00129221 0.00419241 -0.00506942 -0.00239201 0.000240057 0.00611911 0.00380215 -0.0043077
25929 0.0038167 0.000635537 0.00406127 0.00735073 0.00778056 -0.000886411 0.00519917 -0.00150097 0.00014923 -0.00143514 0.00373966 -0.00555346 0.00274597 -0.000979342 0.00664614 0.00452074 0.00613119 -0.00756977 -0.00706607 -0.00200672 -0.00169015 -0.00428606 -0.00230552 -0.000265416 0.00084101 0.0031994 -0.00731329 0.00581399 0.00231473 -0.0063018 -0.00251294 0.00605679 -0.000407213 -0.00672835 0.00219848 0.00144038 0.00606743 -1.05696e-05 -0.00566933 0.00627394 0.00252234 0.00594178 -0.000202318 0.00136219 0.00240136 0.00224626 -0.00758471 -8.4104e-05 0.00398862 -0.00224372 0.00431551 0.0045856 0.00158263 -2.317e-06 -0.00579493 0.00248138 -0.000384282 0.0055592 -0.00600132 -0.00540339 -0.00130633 -0.00571481 -0.00351269 0.00361029
22261 0.00734229 0.00638225 -0.00464928 -0.00575607 0.0012968 -0.00076164 2.45081e-05 -0.00639811 -0.00726291 0.00186796 -0.00185774 0.00170471 -0.00724695 -0.0032685 0.00179244 -0.00415849 -0.00466326 2.3957e-05 -0.0067723 -0.00579044 0.00302166 0.00652705 0.000580034 -0.00407494 0.00283863 0.0017139 -0.00678413 0.00071904 0.00545955 0.00580638 0.00101135 0.000854815 -0.00419587 -0.00666476 0.00423189 -0.00724964 -0.000421685 -0.00478357 -0.000180932 -0.00410401 0.00583992 -0.00673683 -0.0051284 -0.000272239 -0.00269491 -0.00714851 0.00141942 -0.000155399 -0.000717419 -0.00718178 0.00563559 -0.00419072 -0.00731917 0.0026796 -0.000128315 0.00245823 -0.00574345 -0.000933194 0.0040374 -0.00406343 0.00682594 0.00413429 0.00700028 4.92372e-05
27401 0.0033474 0.0033493 0.00600195 0.0012269 0.00649881 -0.0045104 -0.00159454 0.00684404 0.00572968 0.00382948 0.00535631 -0.00278759 -0.00759411 -0.00532246 0.000696182 -0.00664139 -0.00457382 0.0023098 -0.00316238 0.0048151 0.00742483 0.000526428 0.00251055 0.00309086 -0.0036006 0.00672293 -0.00365114 -0.00344849 0.00226641 0.00587416 0.00566769 -0.00666857 -0.00245428 -0.00721979 -0.00301933 0.00608492 -0.0039382 0.00121307 -0.00426674 -0.00542641 -0.00488663 -0.00355911 0.0011735 -0.00635481 0.000614643 -0.000223637 0.00445986 -0.00551558 0.00191975 -0.00651121 0.00405788 -0.00144672 0.00520468 0.00598431 -0.00160265 -0.000388145 0.0077405 0.00371981 0.00608826 0.000733376 0.00631332 0.00537252 -7.48634e-05 -0.00642443
37872 0.000243187 -0.00213671 -0.00752735 0.00683355 0.00414085 0.0072546 0.00320864 -0.00513172 -0.000405788 -0.00213623 0.00440216 0.00158119 -0.00282097 -0.000502586 -0.00242805 -0.00448656 -0.00263596 -0.00448084 0.00520039 -0.0012536 0.00607252 0.00290108 0.00455141 -0.000665188 0.00285101 0.00198078 -0.00547981 0.00421619 0.00178099 0.00644112 0.00361013 0.00358629 -0.00629473 -0.00626135 -0.00441313 0.000553608 0.00366306 0.00212145 -0.0034647 0.00206375 0.0052228 0.00508881 -0.00638485 -8.7738e-05 0.00373316 -0.00556755 0.00737333 -0.00592279 -0.00106335 0.00771046 -0.00272989 -0.00655746 -0.00166464 4.673e-05 0.00229216 -0.00071907 -0.0051198 -0.000771523 0.00442648 0.000298023 0.00224638 0.00649834 -0.00501013 0.00024271
17326 -0.00124503 0.00388762 -0.00277014 -0.0025034 -0.00168901 -0.000774521 -0.00611573 0.000252193 0.00535792 0.000925642 -0.00230958 -0.00364289 -0.00544907 -0.00554773 -0.0056808 -0.00680325 -9.57453e-05 -0.000407453 -0.0036978 -0.000490755 0.00106858 -0.000154044 -0.000194404 0.00185604 0.00429246 -0.00533771 0.00388176 -0.00452587 0.00518469 -0.00339759 -0.00518479 -0.00295748 -0.00327818 0.00636364 0.00732979 0.00551577 0.00694009 0.00562344 -0.00656702 -0.00551891 0.000740179 0.000974563 0.00199248 -0.00386153 0.00592884 0.00304362 -0.00744756 0.00118739 0.000802175 0.00464152 0.00618207 7.424e-05 0.00160868 -0.00164406 0.000832216 -0.00085449 -0.00359981 0.00451803 -0.0043713 -0.00626029 0.00753612 -0.00725883 0.00379154 -0.00275003
98507 0.00743093 -0.00361225 -0.00758611 -0.0012586 0.000962499 0.00636711 0.00461071 -0.00479395 -0.000671784 0.00656537 -0.00458955 0.00213107 -0.00451394 0.0018391 0.000623712 0.000628662 -0.00603537 -0.00470763 0.00289237 0.0071876 0.00240575 0.000941432 0.00484804 0.00435158 0.00634789 -0.000245495 0.00150655 -0.00324326 0.0058062 0.00454385 0.00273957 -0.00618614 -0.00440505 0.00172348 0.000420907 -0.0042855 -0.00172637 -0.00408609 0.0010861 0.00266941 0.000941329 0.00498514 0.0014004 -0.00100799 -0.00144789 -0.00277767 -0.00295469 -0.00511667 -0.00544772 -0.00757085 -0.00292578 -0.000967738 0.00544119 0.00666295 0.00673103 0.00469585 -0.00161494 -0.000574688 -0.000314496 0.00361231 -0.00399019 0.00404138 -0.00100296 0.000762068
77052 -0.00427773 0.00494119 0.00482296 -0.00306367 0.000566146 -0.00655093 -0.000779158 0.00676352 -0.00313141 0.00042744 2.41785e-05 0.000370833 0.00307115 0.00490988 0.00286165 -0.00702597 -0.00610371 0.00258314 0.00284763 -0.00160446 -0.00343972 -0.00755087 -0.00288635 -0.007202 0.00674461 -0.00688837 0.00332116 -0.00455273 0.00491314 0.00376068 -0.00406046 0.00620466 0.00274632 0.00549823 -0.00213435 0.000492575 -0.0064903 -0.00367536 -0.00490362 0.00280165 0.00160401 -0.00119426 0.00593784 0.00175224 -0.00349321 0.00309466 0.00333285 -0.00659954 0.00623086 0.00264863 0.00651742 -0.00571905 -0.00754988 0.00716957 -0.00651087 -0.00206937 -0.00532907 0.00285258 -0.00246886 -0.00221401 -0.00374022 -0.00570363 -0.00771488 0.0035815
98386 0.00335932 0.00450754 0.00661993 0.00197458 -0.00656176 -0.00456476 -0.00378466 0.00711012 0.00550175 0.0072813 0.00606823 -0.00384235 -0.00292063 -0.00525808 -0.00491285 0.000181675 0.00628996 0.00217676 -0.00229025 0.0045433 -0.00642157 -0.00047636 -0.00673294 -0.00780678 -0.00457001 0.00541115 0.00213194 0.00244093 -0.0041728 0.00675201 -0.00200939 0.00743771 0.0071516 0.00440025 -0.000956535 -0.00543165 0.00066185 0.00665998 0.00561094 -0.00551653 0.00637722 0.00334883 0.00631142 0.00547028 0.0068717 -0.00779724 0.00154066 0.0070219 0.00731325 -0.00341892 0.000801563 -0.00232935 -2.38419e-06 0.00562668 0.00510883 -4.91142e-05 0.0025878 -0.00540066 -0.00648785 -0.00119209 -0.00231552 0.00339937 0.00309753 0.00631332
98699 -0.000188072 -0.00649225 -0.006626 0.000256026 -0.000676348 -0.00738434 0.00631917 0.00759886 -0.00631042 -0.00282817 0.000380849 0.00222811 -0.00374556 0.00143314 -0.00514077 -0.00259913 -0.0013436 -0.00164719 -0.00332056 0.00224663 -0.004386 -0.00725288 0.00203671 0.00406965 0.00148111 -0.00304857 -0.00166463 0.0050893 -0.00462698 0.00264768 -0.00681744 -0.00580899 0.00560145 -0.00713212 -0.00433557 0.00733597 0.00434798 0.00335041 -0.00740677 0.000748429 -0.00453101 0.000392051 0.00102195 0.00341761 -0.0024015 0.0064122 0.00532012 0.00704097 -0.00740182 0.00581985 0.000897635 -0.00245776 -0.004904 -7.37716e-05 -0.000462657 -0.00722849 0.000350559 -0.00642665 -0.000184939 0.00579366 -0.00239133 0.000934525 -0.00368599 0.00166908
103530 -0.00640535 -0.0062561 -0.000267029 0.00164366 -0.00109148 0.00440454 0.00117683 -0.0038929 0.000222683 -0.00513935 -0.00683832 -0.00768328 -0.00407362 0.000415325 -0.00370121 -0.00111198 -0.00684118 0.00315428 0.00119781 0.007236 -0.0029912 -0.00265121 -0.00689173 0.0065484 -0.000812054 -0.00168705 0.000209808 -0.00139141 -0.00304985 0.00398731 0.00491333 0.00221109 0.00270462 0.0044651 0.00283289 -0.00214529 -0.00304794 0.00186682 0.0019145 0.00558186 0.003757 -0.0048542 -0.003613 -0.0033474 0.00700188 0.00161123 0.0048933 0.00379419 -0.00398731 0.00724983 0.00433874 0.00571299 -0.000571728 -0.00424576 0.00507259 -0.00251007 0.00527382 -0.00477934 0.00518417 -0.00558424 0.00112152 -0.00445747 0.0070262 0.00588846
104156 0.00103713 0.00360918 0.00563829 -0.00744932 -0.00369329 -0.00453126 0.00713526 -0.000408015 -0.00641784 0.00164526 0.00245105 -0.00517899 -0.000765677 0.00619003 0.00133098 -0.00454032 0.00418693 0.00520944 0.00489299 -0.00384121 -6.34925e-05 -0.000498954 0.006516 0.00119503 0.00196324 0.00106364 -0.00741209 0.00165127 0.00172208 -0.000129679 0.00190343 -0.00309461 -0.00473517 0.00241965 -0.00342827 -0.00446166 -0.00568178 -0.00575577 -0.00648803 0.000775168 -0.00420519 0.000642731 0.00654615 -0.00593992 0.00305257 0.00401766 -0.00172937 -0.000173941 -0.00323236 0.00122062 0.000824617 -0.00508119 -0.00436637 0.00665958 -0.00469542 -0.00387567 -0.00439812 0.00280869 0.00617351 -0.00495437 0.00550867 0.00365444 4.61487e-05 -0.00390149
97501 -0.000614685 -0.00198048 -0.00114152 -0.00151937 0.00345424 0.000821753 -0.00415377 0.00590753 -0.00305697 -0.00457956 0.0072419 -0.000886139 0.00151812 -0.00578606 0.00402906 0.00135226 0.00704461 0.000921578 -0.00643199 0.000356996 -0.00122622 -0.00678024 -0.0037149 -0.00263683 -0.000202046 0.0045437 -0.000651519 -0.00619024 0.00308031 0.00283824 0.00759747 -0.00161046 0.00350075 0.00460439 0.00767215 0.00630716 0.00446767 -0.00406561 -0.00239001 0.00154495 0.00648924 0.00646988 0.00653613 -0.00328467 -0.00718794 0.000789888 0.00689646 0.00548588 -0.00251676 -0.00413304 0.00352003 -0.00736155 0.00542971 0.007055 -0.00146246 -0.00586575 0.00424596 -0.00383898 0.00711288 -0.00100279 0.000234293 0.0026737 -0.00505815 0.00410872
66207 0.00498928 0.00662703 0.00617963 0.00585371 -0.00679748 0.000802803 -0.00636306 -0.00482881 -0.0056466 -0.00689356 -0.00572079 0.00235227 0.00592884 -0.00543016 0.0063583 0.00740979 0.000496431 -0.00545015 0.00771896 -0.00351184 -0.00437662 -0.00409087 0.00245883 -0.00335282 0.00602504 0.000320605 0.00535752 -0.00632019 0.00223566 0.00205269 0.00625915 0.00336584 -0.00701704 0.00554836 -0.00351166 -0.00291399 -0.00365157 -0.000963869 0.00540734 -0.000311811 0.000377811 -0.00559483 -0.00509178 -0.00213389 0.00680755 0.0024991 -0.00247929 0.00769932 -0.0069194 0.00715494 0.00211708 0.0028139 -0.00420362 -0.00511476 0.00400947 0.00481425 -0.00615942 -0.0058327 0.00459035 0.00536101 -0.00178726 -0.00659984 0.00327117 0.00711405
41496 -0.00490036 0.00435617 -0.000184632 -0.0068189 -0.00685239 -0.000877184 0.0033778 0.00212216 -0.00654394 0.00386044 0.00506305 -0.00615846 0.00778015 -0.00165755 0.00242305 -0.00339947 0.00666221 -0.00177648 0.00188247 0.000233522 0.000532745 0.00155298 -0.00529233 -0.00727869 -0.00496079 0.00335708 0.00321549 -0.00349591 -0.0074802 -0.00568418 0.00578234 0.000635804 -0.000445782 0.0074809 -0.00622058 0.00504066 -0.00635302 0.00331624 0.000255466 -0.00518621 -0.0032355 0.000935175 -0.0064506 -0.00144508 0.00511579 -0.00369573 0.00730921 0.00111585 0.00174917 -0.00362841 -0.00580525 0.00606578 0.00404925 0.00707269 -0.00691619 0.00234736 -0.00267762 -0.00768602 0.00298376 0.00543924 0.00455513 0.000162941 -0.00220039 0.00568356
28051 0.00169376 0.00525961 0.00648735 -0.00610185 0.00739848 0.007386 0.00453301 0.00677637 -0.00612699 -0.00230949 -0.00486263 0.00209823 -0.00546637 0.00436812 -0.00586635 0.00668845 -0.00686241 0.000408353 0.000980436 0.0039646 1.802e-05 -0.00367154 -0.00251726 0.00288549 -0.00418725 0.00522315 -0.00653686 0.00533139 0.00643499 9.17964e-05 0.00603101 0.00255558 0.00436381 0.00492864 0.0068344 -0.00298401 -0.00339861 0.000863342 0.00459358 -0.00566383 0.00705994 -0.00781124 0.000990041 0.00768038 0.00269168 -0.00722561 0.00291675 0.00400953 0.0027937 -0.00492591 0.000700521 0.00630286 -0.00273423 -0.00535059 0.00191695 2.28382e-05 -0.00712242 -0.00619172 -0.00122291 -0.00163267 0.000850776 -0.00755383 0.00574021 -0.00743436
106480 0.00201797 -0.000162125 -0.00157499 0.00220776 0.000988007 -0.00194216 9.05991e-05 -0.00285864 0.00321245 -0.000569344 0.00593042 0.000692844 -0.00706291 0.00374126 0.0068202 0.0049119 -0.00235319 -0.00234318 0.00641918 0.00765562 0.00401592 0.00548124 -0.00399208 0.00510359 -0.00165701 0.00524044 -0.000151157 -0.000253677 0.00597811 0.000615597 -0.000818729 -0.00203896 -0.00355959 0.000197411 0.00389051 -0.00525427 -0.00250769 0.00708723 0.0018301 -0.00215197 0.00361395 0.00467777 -0.00765467 -0.00489664 0.00652075 -0.00521994 0.00584555 -0.00465345 -0.00120878 -0.00420713 0.00347996 -0.00015831 -0.00300074 -0.00541258 -0.00374365 0.00333738 -0.00208282 -0.0058217 -0.00358772 0.00669289 -0.00769043 -0.0054059 -0.000240326 -0.000434875
18846 -0.00323699 0.00216135 0.00242619 0.0044657 -0.00631703 -0.00163968 0.000688128 7.67462e-05 0.00550696 -0.00533367 -0.00698255 0.0025415 0.00598004 -0.00466428 -0.00440552 -0.0021748 0.00340283 -0.00585197 -0.00382552 0.00367306 -0.00087011 -0.000435663 -0.000891808 0.00101571 0.000386222 -0.00501226 0.00735119 -0.00166225 -0.0075098 0.000626227 0.00087904 -0.000852198 0.00381591 0.00336425 -0.0077575 -0.00376744 -0.00335482 -0.00152866 -0.00130695 -0.00281999 -0.00209832 0.00451478 -0.00271378 0.000903939 0.000264051 -0.00282531 -0.00151159 -0.00662443 0.000255288 -0.00112633 -0.00767175 0.00617772 0.00166345 0.00478516 -0.00340033 -0.00575542 0.00620294 -0.00339442 -0.00761071 -0.00172006 0.00737678 0.00734668 0.00719336 0.00387086
107387 -0.00555091 0.00279958 0.00623311 -0.00505442 -0.00261133 -0.00359759 -0.00640019 0.00346282 -0.00726466 -0.00740791 -0.00210615 -0.00306977 -0.00219684 0.00144182 0.00140709 -0.000355026 0.0012356 0.00193569 0.00299831 0.00769109 -0.00465969 0.00380934 0.00768589 3.06901e-05 0.00752411 0.00509908 -0.00711288 -0.00363544 0.00616894 -0.00293816 0.00323992 -0.00502917 -0.000198372 0.00102799 0.00259331 0.00748095 0.00206523 0.00611915 -0.00576787 0.00745377 -0.00640263 -0.00305171 0.00656301 -0.00508382 0.0065762 0.00277295 0.00231683 -0.00723361 -0.00579932 -0.0031458 -0.00405646 0.00595714 0.00167872 -0.000401564 -2.03951e-06 -0.00609631 0.00383355 -0.00340575 0.00673078 -0.00432461 0.00430577 -0.00747704 0.000592869 0.00601569
55275 -0.00421715 7.72476e-05 0.00543737 0.00692129 0.00063467 0.00378132 0.00516653 0.00302887 -0.00415802 -0.00549936 0.00729561 -0.00331974 0.00276947 0.00528526 -0.00508738 0.00118113 0.00560713 -0.0059123 0.00481319 -0.00363016 -0.00523758 0.00437975 -0.000688553 0.00365257 0.00192261 -0.00421429 0.00388432 -0.00318193 0.00129986 -0.0053668 0.00626564 -0.00223589 -0.00312233 0.00338173 -0.00459957 -0.00468922 -0.0017004 0.00633383 -0.0047617 0.00497484 0.00210094 -0.00502682 0.00304317 0.00163794 -0.0065856 0.00657272 -0.000309944 -0.00389338 0.00672913 0.00567055 0.0041213 0.00311899 -0.00478792 -0.00731087 -0.00430727 -7.53403e-05 0.000292778 -0.00259113 0.00470352 -0.0020113 -0.00397778 -0.00217342 0.00733566 -0.00117254
49210 -0.00638518 0.000240302 0.00344971 0.00338783 -0.000298476 -0.00705619 0.00708192 0.00229537 0.00674806 -0.00618903 0.000233552 0.00675257 0.000630629 -0.00202675 0.00153014 0.00107013 0.00746898 -0.00182015 0.00309598 0.00108443 0.00744161 -0.00474087 0.00614491 0.00562245 0.00479367 -0.00224278 0.00167948 -0.00509484 0.00256161 0.0058886 0.00210611 -0.00365058 -0.000370539 -0.00296234 0.00137174 -0.00298666 -0.00660849 -0.000940833 0.00068085 0.00490251 -0.00424913 0.00384668 -0.00695863 0.00653808 -0.00086651 -0.00431947 -0.00355504 -0.00194957 -0.00639125 0.00223717 -0.0012808 -0.00616023 0.00407888 0.00533001 -0.00372085 0.00215646 -0.00272526 -0.00555438 0.00635367 -0.00345548 0.00323572 0.000617556 2.91305e-05 -0.00156154
110643 0.00438049 0.0016642 -0.00422739 0.00202647 -0.00127674 0.00679338 -0.00565719 -0.0031008 -0.0061058 0.00767698 -0.00529242 -0.00694342 -0.00551738 -0.00604187 0.00746775 0.00574757 0.00542488 0.00290559 0.00706821 -0.00157817 0.00421222 -0.00605679 0.00565714 0.00750403 -0.00176924 0.0024722 0.0023462 -0.00631716 -0.00452358 0.00430074 0.00631098 0.00303585 0.00483932 0.00776777 -0.00342845 -0.00495654 0.00324043 0.00757772 0.00177683 -0.00100597 0.00174541 0.00533024 0.00627156 0.00281118 0.0073123 -0.00366797 0.00624568 0.00119994 -0.00343245 0.00248661 0.000709358 -0.00214282 -0.00479813 0.00412581 0.00670735 -0.00177665 0.0042161 0.00670803 -0.00748786 0.00605814 0.00756209 0.00170001 0.00599803 -0.00227927
111631 0.00519801 -0.00513331 0.0015184 -0.00302322 -0.00595203 0.00215004 0.00125074 0.00601588 -0.00396123 -0.00192671 0.000980241 0.00751008 -0.00475643 -6.25316e-05 0.00698956 -0.00181776 0.00622667 0.00463508 0.00269209 0.00425128 -0.00490125 -0.00565838 -0.00113526 0.0030506 0.00345428 -0.00628461 -0.0014253 0.0039656 0.00471775 0.00248575 -0.00457887 0.00677882 0.00150305 0.00662389 -0.00394983 -0.00464263 0.00464938 0.000495998 -0.00248945 0.00258322 -0.00767108 0.00463234 0.00226469 0.00725618 -0.00622828 -0.00436462 0.00362333 0.000248593 0.00260527 -0.00108419 0.00771041 -0.00440829 0.00600357 -0.00514387 -0.00739913 -0.00645471 0.00717633 -0.00174705 -0.00108977 0.00229439 -0.00150928 -0.00585999 -0.00219495 -0.00288696
99145 -0.00306129 -0.00602102 0.00052309 0.00613928 0.0053134 0.00617409 0.00701237 -0.00588322 -0.00251484 -0.00215626 0.00578451 0.000170231 0.00622559 -0.000806808 0.0017705 0.000518799 -0.00717211 0.00768709 -0.00120068 -0.00507832 -0.00207567 -0.00172281 -0.00554419 -0.00617981 0.00271893 -0.00572872 0.00639629 -0.00248337 0.000153542 0.00499058 0.000741959 0.00400591 0.00207663 0.00355911 0.00719976 -0.00385141 -0.00244284 0.000975609 -0.00534058 0.00730705 -0.00534296 -0.000817299 -0.00495529 -0.00262833 0.00456429 0.0042882 0.00228453 -0.00232124 0.00664473 0.00764704 -0.00643444 0.0067544 0.00331402 0.0065918 0.00597572 0.00162697 0.000165939 0.00376463 0.00632858 -0.00023365 0.00462961 -0.00566292 0.00290442 0.00515175
55581 0.00359034 0.00509194 -0.00375727 -0.0077425 -0.00234102 0.00705275 -0.000861664 -0.00407263 0.00553952 0.000238411 0.0037669 0.0075157 0.00694466 -0.0016309 0.00178102 -0.00432191 0.00316137 -0.00722179 -0.00274518 0.00207061 0.00700995 -0.000251636 -0.00654503 0.00480345 0.00146843 0.00352552 0.00287301 0.000812285 0.00649562 -0.00671406 -0.00127687 -0.000561442 -0.00447966 0.00101733 -0.0018363 0.00330214 0.0059495 -0.00660448 -0.00777553 -0.00271482 -0.00328504 -0.00578504 0.00662176 0.00558685 -4.59489e-05 -0.00629327 -0.00763057 0.00391813 -0.00437946 0.00542063 0.00294523 -0.00376713 -0.0066146 -0.00175714 -0.0032791 -0.0035741 0.000284989 0.00291821 0.00364719 0.00562058 -0.000250148 -0.00469312 -0.00620582 0.00668828
112458 -0.00532635 -0.00465968 -8.13574e-05 0.00436504 0.00644945 0.000702224 0.00388061 0.00714602 0.00441924 0.00673836 -0.00267502 -0.00464264 0.000689258 -0.00368347 -0.00680721 0.00578103 0.00467089 -0.00452571 0.00711444 0.00222963 -0.00674727 0.000535455 0.00452747 0.00628104 -0.00241656 -0.00267028 0.00406323 0.00120202 -0.00638418 0.00328852 0.00496828 0.00528549 -0.00581622 -0.00655986 0.00753672 -0.000632369 -0.00142458 0.000942048 -0.00294531 -0.0045212 -0.00573081 0.00268308 0.0042538 -0.00616594 -0.00527438 0.00579514 0.00319987 0.00579493 -0.00430656 -0.0074186 -0.00584644 -0.000703273 0.00566579 -0.00113363 0.00107072 0.006942 0.00155877 -0.000928133 0.00297035 0.00329293 -0.00323308 -0.0020618 -0.00218373 -0.00545412
35388 -0.00568199 0.0022006 -0.000768661 0.00540972 -0.00327635 0.00651121 -0.00710487 3.76701e-05 0.00161362 -0.00487614 -0.00330973 -7.29561e-05 -0.00168848 -0.000227928 0.00141191 -0.00184011 0.00393724 -0.00347137 -0.0013833 -0.00448036 -0.00208664 -0.00535011 -0.00255156 0.00765371 -0.00341988 0.00636721 0.00261974 -0.00604391 0.00179911 0.000659943 -0.00397778 -0.00520277 0.00275517 -0.00128126 0.00351286 0.0059042 -0.000793457 -0.00774288 -0.00752068 0.00151205 0.00664186 -0.00136852 -0.00576925 -0.00552273 -0.00402641 -0.00357676 -0.0063138 -0.00191355 -0.00614929 -0.00704813 -0.00395775 -0.00349045 -0.000659943 -0.0013876 0.000386715 0.00737953 0.00556421 0.00326252 -0.00694036 -0.000308037 0.000796795 -0.00482178 0.0032382 0.000514507
112592 0.00322008 -0.00720024 0.0054183 -0.0025568 0.00385618 0.00478792 -0.00748587 0.00155258 -0.00313187 -0.00201178 0.00425625 0.00276566 0.00299597 0.00757217 -0.0028944 -0.00509691 -0.000299931 0.000204086 -0.0033865 0.00545692 0.00752401 -0.000495434 -0.00342894 -0.00515699 -0.00374985 0.00652552 -0.000996113 -0.00231266 0.000988483 0.00577068 0.00310469 -0.00410557 0.00239134 -0.00428391 -0.00659132 0.00543022 -0.00761223 0.00624323 0.000929832 0.00718832 -0.00161886 -0.00493288 0.00631666 0.00075531 0.0029254 0.00744152 -0.00688696 -0.0010643 0.000576973 0.00685215 -0.00168753 0.0074811 0.00393677 -0.00464678 -0.000452042 -0.00461483 0.00620127 0.00313759 0.00171089 -0.00606489 -0.00650978 0.00348759 0.00611591 0.00176239
114292 -0.00135757 0.00457602 0.00623767 0.00594936 -0.00709321 -0.000720459 0.00564185 -0.000436723 -0.00228246 -0.00681055 -0.00101358 -0.00677506 -0.00554672 -0.00483216 0.0056191 -0.00537708 -0.00147941 0.00292991 0.00254735 0.000888796 0.000815362 -0.00652322 0.00285587 -0.00715216 0.0021781 -0.00282282 0.0014819 0.00760429 0.000177773 -9.04307e-05 0.00275239 -0.00255774 -0.00229353 0.00235302 -0.00767682 0.00390102 0.00176953 -0.00413142 0.00578924 -0.00352527 0.00435071 -0.0027974 -4.91712e-05 -0.00187972 0.00700808 -0.00524676 0.00731378 0.0030536 0.00291274 -0.00444187 -0.00151258 -0.0028577 -0.00572175 -0.0051868 -0.00442292 0.00768026 0.00513913 -0.00585745 0.00204459 -0.00705727 -0.00443766 0.000256325 -0.00530041 -0.00114641
115925 -0.00307035 0.00467443 -0.002738 0.00172472 -0.000760555 0.00157928 -0.00389624 0.00541925 0.00389051 -0.00228453 -0.00103092 -0.000300407 0.0070529 -0.00734806 -0.00234509 0.00378752 -0.000846863 -0.0066824 -0.0056076 0.00533104 -0.00442743 -0.00604439 -0.00622654 0.00320911 -0.0034833 0.00109291 -0.00511074 -0.00450087 0.000562191 0.00342417 -0.00508499 -0.00389957 0.0010829 -0.00254631 0.00755596 -0.000556469 -0.00367832 4.3869e-05 -0.00178909 -0.00758362 0.00479698 0.00246048 0.00489616 -0.00457144 0.007442 0.000193119 0.00303555 -0.0026288 -0.00433397 0.00626993 0.0019083 0.000771999 -0.000143051 -0.00516701 -0.00663662 -0.0049777 -0.00372887 -0.00479937 0.00621653 -0.00414324 0.00431919 0.00193882 -0.00369453 0.000208855
115926 0.00658174 -0.000711017 -0.0024934 -0.00537933 0.00356017 -0.000211113 -0.00193217 0.0069821 0.00729399 0.00501594 -0.00124925 -0.00407035 0.00489122 0.00673405 -0.00146418 0.00537163 -0.00747259 -0.000950865 0.0048638 0.00326585 0.00179784 -0.00503936 0.00154511 0.00404806 0.000469455 0.00203981 0.00311994 0.00344979 -0.00450125 -0.00238194 0.0030211 -0.0036356 0.0015455 -0.00103363 0.00733841 -0.00197234 -0.000311919 0.00299053 -0.00716752 -0.00538908 0.00330245 0.00042316 -0.00379048 -0.00621949 -0.00435666 -0.00470151 0.00174133 -0.00777773 -0.00284036 0.000281401 0.00611412 -0.00110256 -0.0044926 0.00117803 0.00551595 -0.00585912 -0.00313018 0.00172878 0.00298628 -0.00604744 -0.00642602 0.00153515 -0.000817953 0.00637016
101712 -0.00297921 0.0024012 0.00256095 0.00230197 -0.00570181 0.0054771 0.00659781 -3.27864e-05 0.00763583 0.000774044 0.000768432 -0.00530617 0.00676215 0.00502887 -0.00539916 0.00585054 -0.00699044 -0.00688971 -0.00369945 0.00259191 0.00599788 -0.00169945 0.00370877 -0.00305421 -0.00380984 0.00716186 -0.00461555 0.00317501 0.00185929 0.00282821 -0.00419482 -0.00509023 -0.00414504 0.00133923 -0.00107139 -0.00223649 -0.00353768 -0.00323371 -0.00354132 -0.00514886 -0.0043309 0.00413534 0.0036386 0.00201856 0.00217456 0.00626854 0.00146215 0.00572537 0.00219425 -0.00647636 0.000789173 -0.0044578 -0.00486685 -0.00391026 0.00569396 0.00267655 0.000826135 0.00138472 0.00452952 0.0019808 0.00754174 -0.000138021 -0.000627232 -0.00548054
116687 -0.0075202 0.00462735 0.000128355 0.00340706 -0.000886897 0.00679753 -0.00663144 0.00345712 -0.00309989 -0.0058258 -0.000403435 0.00100406 -0.00768302 -0.00576073 -0.00446833 0.00376682 0.00719497 0.00320334 0.00142502 0.00340859 0.00253518 -0.00207549 0.0011691 0.00688191 0.0048699 0.000217095 -0.00444631 0.00561627 -0.00267888 0.000354056 -0.00338068 -0.00379007 0.0043016 0.00686571 -0.0025105 0.00462762 -0.00535457 -0.00323484 -0.00752849 -0.00726681 0.00124003 0.00312621 0.00228672 0.00562315 0.00275506 0.00464087 -0.00758965 0.00141635 -0.00217416 -0.00584917 -0.000892446 0.00251085 0.00477486 0.000902956 0.00654822 -0.00515275 -0.00583295 0.00523434 -0.000439339 -0.00437585 0.00437214 0.00561893 0.000823309 -0.00355861
117970 -0.00652483 0.00440773 0.00154604 8.09555e-06 0.00650791 -0.000494957 0.000336123 -0.00241053 0.00596662 0.00203693 -0.00232336 -0.00362621 -0.0040506 0.0044296 0.00339108 0.00564713 0.00264182 0.00227629 -0.00177151 -0.00199232 -0.00638585 -0.00440641 0.00268473 0.00425222 -0.00708289 0.00407333 0.00419371 -0.00200445 -0.00120344 -0.00501785 0.00552165 -0.0030679 -0.00768245 -0.00565084 -0.00544637 0.00120831 -0.0055299 -0.0048224 0.00330061 -0.00433375 0.000154867 -0.0052132 0.00626861 -0.00214489 -0.00340844 0.00106038 0.00381028 -0.00262526 -0.00556348 0.00253715 0.00645218 -0.00764913 0.00724474 -0.00208831 -0.00286139 -0.000373952 0.00204211 0.00089565 0.000211673 0.00526873 -0.00303452 0.00390109 -0.000474753 0.00493691
120452 -0.0067981 0.00763108 -0.00562764 0.00183204 -0.00308264 0.00345059 -0.000906611 0.00146429 -0.00443969 0.00240432 0.00520724 0.00133034 -0.00250257 -0.00456899 -0.00362381 -0.00555159 0.00127968 0.00245899 0.00369346 0.00202656 0.00478686 0.00113316 -0.00640869 -0.00186295 -0.00244429 0.00218978 -0.0019064 0.00699606 -0.000475182 -0.000837565 -0.00112545 0.00168328 -0.00408516 -0.00248925 0.00558681 -0.00680846 0.00403342 0.00726495 -0.00340078 0.00335416 -0.00398234 0.000220954 0.00626208 -0.00465317 0.00654939 -0.00186689 -0.0053734 0.00410812 -0.0050399 -0.00449782 0.00461849 -0.0070075 -0.00749792 -0.00722856 0.00619691 0.0066946 -0.00515126 -0.000432331 -0.00458189 0.00648132 0.00621202 0.00344215 -0.000628367 0.00497557
113435 0.00771745 -0.00259095 0.00560487 -0.00461576 0.00598235 -0.00151616 0.000423384 -0.00484201 -0.00333048 -0.00349215 -0.00665373 -0.0025643 -9.58511e-05 -0.00257878 -0.00771925 -0.0077459 0.00209465 -0.0077127 -0.00409779 0.00779146 0.00698459 0.000483548 -0.00171203 0.00600538 0.000599091 0.00204005 -0.00644064 0.00426854 0.000792752 0.00201419 -0.00758141 0.00692531 -0.00381938 -0.00496842 0.00624571 -0.00536004 -0.00780286 -0.00604832 -0.00503404 0.00741802 0.000259857 0.000936393 0.00072375 0.00704106 0.000342314 0.00663118 -0.00583262 -0.00732266 -0.00607603 0.00477909 -0.000969894 -0.00759909 0.00619648 -0.0010057 0.00688132 -0.00187494 -0.00228902 0.00436529 -0.00281246 -0.00147974 -0.00208094 0.00502431 -0.00359723 0.00489241
18354 -0.00126436 -0.00459764 0.00727687 0.00616786 -0.00133245 0.00416004 0.0072312 -0.00219184 0.00112484 -0.00661186 0.00358666 0.00539243 -0.00135896 0.00142553 0.000776956 -0.00232127 -0.00404029 -0.000492615 0.00753987 -0.000176685 -0.00541788 0.003377 0.00208739 0.0058771 0.00765906 0.00287517 -0.00120508 0.000605244 -0.00401939 0.000529295 -0.00605884 0.00164996 -0.00228714 0.00486793 -0.00385785 -0.00424693 -0.0017175 0.00197263 -0.00274804 0.00754679 0.000983865 0.00219819 -0.00390983 0.00272788 0.000816824 -0.00199267 -0.00742193 0.00482964 -0.00586064 0.00710519 0.00281649 0.00243987 0.00731407 0.00678972 -0.00361293 -0.00490558 -0.00334041 -0.00483292 -0.00574375 0.00384699 -0.00706785 0.00164542 -0.00543068 0.00530134
15807 -0.00174665 1.95503e-05 -0.00497913 0.00492477 -0.00527 0.000783443 -0.00110102 0.00511551 -0.00687265 -0.00551271 0.00707436 0.00668335 -0.00319767 0.00625849 -0.00747013 0.00155115 -0.00273561 -0.00294828 0.000938416 0.0015831 0.000969887 -0.00405502 -0.00194216 -0.000643253 0.000905514 -0.00379419 -0.00141001 -0.000901699 0.00185823 -0.000607967 0.00335646 -0.00184917 -0.00269032 0.00583887 -0.0017848 -0.00534678 0.00684929 0.00767231 -0.00530767 -0.00444126 -0.00607347 0.0014534 0.00637484 0.00691891 0.00720835 -0.00153399 0.00354385 -0.0038147 0.00598383 0.00287151 0.00571823 -0.00403833 -0.00586224 -0.00174189 -0.00478983 -0.00480413 0.00125456 0.00654316 -0.0011344 0.00600672 0.00412703 -0.00586033 0.00546741 -0.000993252
123556 -0.000886376 0.00184268 0.00346671 0.00155736 0.00610396 0.00771989 -0.00597597 0.00496485 -0.00423092 -0.00677518 -0.00157767 0.00625018 0.00534777 0.00303706 -0.00709403 0.00248744 -0.00307467 -0.00299484 -0.00682209 -0.00242423 0.00490757 0.00342717 0.00286011 -0.00424799 0.0015919 -0.00293143 0.00125308 -0.00507228 -0.00378343 -0.00449231 -0.0027885 0.000882477 -0.000404797 0.000282067 -0.00369675 -0.00267078 -0.00530273 -0.00469752 0.00189799 0.00226485 -0.00161987 0.00391868 0.00671385 0.00505764 -0.00473578 -0.00481434 0.001627 -0.00730292 0.000938984 0.000251446 0.0052349 0.000323322 0.00399845 -0.0051657 0.000372706 0.00389364 -0.00250964 0.00262052 -0.000282864 -0.00373052 0.00536834 0.00677713 0.00178697 0.0021482
35434 0.00201339 -0.000743851 -0.00304886 -0.00193431 0.00562904 0.00529803 0.00331917 -0.00700072 -0.00685456 0.00656905 -0.00432799 0.00128339 -0.00385836 0.00624814 0.00379774 0.00692438 -0.00630492 0.00359741 -0.00648854 -0.00429357 -0.00705226 -0.00364705 -0.00601029 -0.0033857 0.0074715 -0.0029628 0.00723655 0.00674782 -0.00413231 -0.00640349 0.00676726 0.00656332 0.00135903 -0.00167914 -0.00229714 0.00191035 -0.00669389 0.00378527 -0.00558565 0.00384767 -0.00542869 0.0070206 -0.00440264 0.00603948 -0.00450978 -0.00127031 0.000478021 -0.00308794 0.00503599 -0.000439402 0.00669825 0.00394841 0.00394205 -0.00561077 0.00109247 0.00318837 -0.0051613 0.00230638 -0.00660643 0.00502245 -0.00607172 -0.00652196 -0.00477659 0.00750615
122146 -0.000113828 -0.00159388 -0.00559733 0.00437971 0.00528258 -0.00271808 -0.00161953 0.00412374 -0.00712813 -0.00325042 -0.00660337 -0.00326526 -0.00415105 0.00695622 0.00376456 -0.00212197 -0.00584244 -0.00234527 0.00333104 -0.00398328 0.00623898 4.62695e-05 0.00359552 -0.0042563 -0.00712027 -0.00465339 -0.00644484 -0.00148 -0.0058526 0.00627897 -0.0071729 0.00397325 0.00724138 0.00211646 0.00191163 -0.00129569 -0.00499953 0.00166086 0.00251893 -8.75961e-05 0.00161735 0.000264847 -0.00501749 -0.00473539 -0.000674117 -0.00368575 0.00591542 0.00353723 0.00541643 -0.00667412 0.00769458 0.00292611 -8.46185e-05 0.00261016 -0.00557809 -0.00137517 -0.00490292 0.00109062 -0.000162195 -0.00773016 0.00617733 -0.00582406 0.00522029 7.79601e-05
113574 -0.00658035 -0.00225401 0.0071497 0.00686121 -0.00647449 -0.00479412 0.00556564 0.00263023 -0.00539064 -0.00362444 -0.00598907 0.00541496 0.00752831 0.00400686 -0.00534391 -0.00260258 -0.00301123 -0.000966072 0.000676155 0.00645494 0.000140667 0.000610352 -0.00643253 -0.00533056 0.00245619 -0.000720501 0.00755596 0.00449991 -0.00770473 0.00693703 0.00231743 0.00547838 -0.00164986 0.0063014 0.00056839 0.00150585 0.000101566 -0.00333643 0.00174189 -0.00215197 -0.000128269 -0.00323725 0.00330448 -0.00271606 0.00597477 -0.00156498 0.00030899 -0.000484943 -0.00320292 -0.00249624 -0.00213766 0.00140047 0.00593901 0.00181007 0.000853062 0.00338602 0.0076189 0.00222826 -1.38283e-05 0.00406408 -0.00752258 -0.00593662 -0.00338984 0.0038538
33099 0.00672439 0.00342679 0.00723415 -0.0002543 -0.00205823 0.00285022 -0.00345023 0.00771535 0.00590087 -0.00109842 0.00776296 0.00103682 -0.00468713 0.00410584 0.00185118 0.00411686 -0.006793 0.00416688 0.00260404 -0.00413584 0.000259728 0.00766819 -0.00385084 0.00273898 -0.00508904 -0.00745076 -0.005012 0.0042807 -0.000707947 -0.00746374 -0.00386082 -7.48174e-05 -0.00504555 -0.00253981 -0.00682839 0.000613952 0.000937146 0.00421783 0.00670269 -0.00271592 -0.00709707 0.00171457 -0.00429299 -0.00247618 0.00688631 -0.00769808 0.0051518 -0.0048327 -0.00247626 0.00462528 0.00602923 -0.00454496 -0.0032176 -0.00234885 0.0017768 0.0073469 0.00288738 0.0011411 -0.00175782 0.000418009 0.00483772 0.00172744 0.00454949 0.00376509
118926 -0.00635125 -0.00178058 0.00591035 0.000717253 0.00697896 0.000515912 -0.00235903 -0.000526998 -0.00478613 0.0056476 0.00579486 -0.00361573 -0.00645444 0.00610923 -0.00394552 -0.00678716 -0.00286014 0.00164688 0.00270776 0.00337789 -0.00688833 0.00739953 0.00442694 0.00591642 -0.000710087 -0.00206385 0.00319547 0.000905 0.000710409 -0.000950625 0.00550336 -0.000375488 -0.00614 0.00133379 0.00264206 -0.00581751 -0.00226474 0.000755292 -0.00707603 0.00565673 0.00777037 -0.0030911 0.00192075 0.00485014 0.00130449 0.00412891 0.00283085 -0.00698837 0.00241544 -0.000606443 0.00626925 0.00472714 0.00196384 0.00368222 0.00205296 -0.0074529 0.00603396 0.00111676 0.00675237 -0.00391513 -0.00633549 0.00240551 -0.00616727 -0.00738106
102981 -0.00603609 0.00395338 0.00652145 0.00398429 0.00134957 0.00757816 -0.00388123 -0.00302949 0.001379 -0.00548971 -0.0016711 -0.00351653 -0.002413 0.00109233 0.00255326 -0.00540073 -0.000258067 0.00352271 0.00244305 -0.00215629 0.00430521 -0.00620473 0.00375508 -0.00210642 0.00552774 -0.000843258 -0.00642587 0.00517385 0.00557761 0.00779894 0.00691997 -0.00657774 -0.000316423 0.00459416 -0.00279281 0.00377463 -0.00141888 0.00173325 0.0063448 0.0069057 0.00127391 0.00318546 -0.00302534 0.00470912 -0.00375468 0.00541282 -0.000854041 0.00338148 -0.00146331 0.00559698 -0.00390875 -0.005816 -0.00370153 -0.00564573 -0.00128376 -0.00434624 0.00307673 -0.00241562 -0.00135221 -0.00199765 -0.00473891 0.00476249 -0.000433345 0.00221846
128382 -0.0072527 0.00331608 0.00467019 -0.00401202 0.000836365 0.00440124 0.00273277 -0.00401058 -0.00715878 -0.00200591 0.00339258 -0.00162521 -0.00503655 0.00355261 0.00771657 -0.000968475 -0.000240888 -0.00151687 -0.00454959 0.00279933 0.00477124 -9.26676e-05 0.00288725 -0.00405745 -0.00422475 0.00344039 -0.00216605 0.00449682 -0.00064162 -0.0078036 0.000386808 -0.0064389 -0.00647412 0.00168891 -0.000212037 -0.00368823 0.00358143 -0.0007701 0.00683448 -0.00720401 0.000385744 0.00230684 -0.00492298 0.006054 0.00659006 0.00676021 0.00776446 -0.00235707 -0.00373163 -0.00769954 -0.00347161 -0.000953447 -0.00631549 -0.00121614 -0.00338749 -0.00127953 0.00351635 -0.00616101 0.00170631 0.0052606 0.0069726 -0.00610602 0.00222536 -0.0059055
85341 -0.00154784 0.00260784 0.00374569 0.00223872 0.00167837 -0.00531393 0.00468775 -1.55518e-05 -0.00724166 -0.00597328 -7.44252e-06 0.00714034 -0.00336547 0.00449864 0.00562872 0.00519147 0.00375551 -0.00148021 -0.00124851 0.00271432 0.00445653 0.00410286 0.00274137 -0.00626601 0.00686051 -0.00555381 -0.00703233 -0.00592942 0.00680783 -0.00389459 -0.00633413 0.0046442 -0.00429207 -0.00508261 -0.00575794 -0.00668353 0.00520761 -0.00698952 -0.00657195 -0.00572557 -0.00680031 -0.000504889 0.0024922 -0.00578605 -0.00746958 -0.00465751 0.00326881 0.00167956 -0.00162476 -0.00109499 0.0050412 -0.000120968 0.000156132 0.00707868 -0.00718354 0.00726508 -0.00655193 0.000949352 0.00466766 -0.0064439 0.00262313 -0.00579433 0.0056764 8.70358e-05
128830 -0.00373421 0.000140209 -0.000696894 -0.00653574 -0.0075766 0.00563844 -0.00286767 0.0046609 0.000896861 -0.000442653 0.00611991 0.00427703 0.00571875 0.00287235 -0.00178058 0.00384959 -0.0051536 -0.00773225 0.00599998 0.00547284 0.00559838 -0.00745365 -0.00351754 -0.00714655 0.00531762 -0.00495747 -0.00489277 -0.00743241 -0.00222315 -0.00702976 0.00236606 0.00762268 0.00296133 -0.00560276 0.00346881 -0.00703696 0.00365278 0.00642067 0.00415997 0.00303499 0.00677647 0.00780481 0.00211475 -0.00623104 0.000170186 -0.00264923 -0.000733378 0.00244947 -0.000365431 -0.00549729 -0.00427638 0.000686066 -0.00160729 0.0015026 0.00777231 0.00321735 -0.00204423 0.00658817 0.00412297 -0.00677155 -0.00489189 0.00641656 0.00595884 -0.00269139
129508 -0.00537746 0.00213741 -0.00525914 -0.00482157 0.0005996 -0.00588568 -0.00145628 -0.00208664 -0.00650521 -0.00758257 0.000795621 -0.00521845 0.00193062 0.00530013 -0.0047926 -0.00633253 -0.00475977 0.00739089 0.00297545 -0.00444622 0.00248549 0.00610721 0.000691279 0.00266309 -0.00326593 0.00454683 -0.00313427 -0.00481462 -0.00305259 -0.00466393 0.00301972 0.00704262 0.00429982 0.00241713 -0.00426209 0.00117209 0.00696035 -0.0075812 0.00677599 0.00309854 -0.00214138 0.00119627 0.000265903 0.00574565 0.00529417 -5.13583e-05 0.00163677 -0.0053521 0.0027093 0.00287497 -0.00260116 -0.00237086 -0.00554763 0.00339765 0.00727359 0.00771185 0.00308139 0.00613315 0.00440292 -0.00438977 0.00515949 -0.00769005 0.00695315 0.0019687
71979 -0.00576879 0.00698171 0.00126012 -0.00617674 -0.000937541 0.00300532 0.00405507 0.00665559 0.00152673 0.00520628 0.00203356 0.00704371 0.00404566 -0.00494747 -0.00148912 -0.00331146 0.00364101 0.0012646 -0.00106071 -0.0035084 -0.00271585 -0.000293737 -0.00719757 -0.00655629 -0.00549461 -0.00110182 -0.00128746 0.00491728 0.0054885 -0.00767974 -0.00441827 -0.00046399 -0.00350348 -0.00218702 -0.00604301 0.00051615 -0.000311704 0.00554649 -0.00757231 0.00192933 -0.00649077 -0.00731402 -0.00461217 0.00781581 0.00714895 -0.00190228 -0.00729483 -0.00357653 0.00247276 -0.00689331 -0.000246741 -0.00524329 0.00223952 -0.00499471 -0.00384025 0.00275581 0.00268187 0.00291734 0.00205922 -0.000182813 -0.00121187 -0.000392632 0.00475652 0.00686235
110329 0.00364381 0.00523386 0.00663459 -0.00076349 -0.000206764 0.00471938 0.000895212 0.00321656 0.00132254 0.000139478 0.00439692 -0.000846753 0.00738837 -0.00553868 0.00228264 -0.0040821 -0.00460548 0.00159268 -0.00467415 -0.00725851 9.56343e-06 -0.00141904 0.00508884 0.00585665 0.00421174 -0.00694712 -0.00673654 0.00140471 0.0011456 -0.00355072 0.00346874 0.00524184 -0.000154383 -0.00149273 -0.00244752 -0.00311893 0.00552454 -0.00122966 0.00704501 -0.00097359 -0.00263875 0.00311669 -0.0061049 0.00100416 -0.00286036 -0.00544903 -0.00599974 0.00254073 0.00153114 0.00457449 0.00029364 0.00384509 -0.00346881 -0.00230158 0.00279214 -0.00615282 -0.00150479 -0.00763713 0.00145522 -0.00287644 -0.00321823 0.00566785 0.00320206 -0.0030704
111639 -0.00771002 -0.00472838 0.00641409 -0.0021789 0.00688501 -0.00475836 -0.000195722 -0.00115567 -0.00742675 -0.00581365 -0.00527136 -0.000454847 -0.00053181 0.00236134 -0.00721305 -0.00219916 0.00048742 -0.00303946 0.00139135 -0.00779613 -0.00279896 0.00454457 -0.000580049 -0.00545398 -0.00763131 -0.00579162 -0.0033593 0.00323555 0.000736696 -0.0031708 -0.00458654 0.0051854 -0.00455655 -0.00101673 -0.00175975 0.00407256 -0.00659774 -0.00463627 -0.00511437 0.00188041 0.00524802 -0.00132275 -0.00577244 -0.00577545 0.00578274 -6.18955e-05 0.00348753 -0.000132347 -0.0052328 0.00638567 0.00440925 -0.00237074 0.00688916 -0.00630121 0.000677913 -0.00577317 -6.34396e-05 -0.00665188 -0.000838353 0.00230565 -0.00365392 -0.00430212 -0.00161076 -0.00383484
124276 -8.58307e-05 -0.0010705 0.00400257 -0.000525475 0.00100851 -0.00603008 0.00366592 -0.00290346 -0.00154018 -0.0035553 -0.00115299 -0.00242472 0.00690174 -0.0058012 -0.004632 0.000976562 -0.00575876 -0.000565052 0.00292349 -0.00501156 -0.00121927 -0.00404739 -0.00766134 0.00016737 -0.00417519 0.00171757 0.00147963 0.00565863 -0.00234556 0.00602961 -0.00520611 0.00388527 0.00356627 0.00151157 -0.00447512 -0.00323391 0.00261831 -0.004807 0.00183439 -0.00554848 0.00515366 0.000153542 0.0027442 0.00414753 -0.00676489 0.00137997 -0.00424099 -0.00123692 0.000449657 0.00667572 -0.00603962 0.00357151 -0.00753975 0.00439835 0.0025506 -0.00624847 -0.00686932 0.00136995 -0.000480175 0.00662422 0.00261831 -0.00602007 -0.00584126 0.00519657
131688 -0.00400277 -0.00104252 -0.00502641 0.00620201 0.0019259 -0.00318121 0.00758077 -0.00634637 0.00307193 -0.00738074 0.00354757 0.00601112 0.00154727 9.40591e-05 -0.00364432 -0.00376348 0.00664535 -0.0023702 -0.00643657 -0.00663422 0.00698516 0.00584854 -0.00737211 -0.00699839 -0.00328106 0.00713474 -0.00739871 -0.00394747 -0.006923 -0.00249933 0.00160699 -0.00201565 0.00536534 0.000585756 -0.00334257 0.0043676 0.00212242 0.00590763 0.00343713 -0.000225672 -0.00708069 0.00500131 0.00228786 -0.00719831 0.00562176 -0.00614672 8.31659e-05 0.00175605 -0.00220748 0.00578321 0.00556275 -0.00559092 -0.00157806 -0.00360939 -0.00240149 0.00568274 0.0031392 0.00402783 -0.000903668 -0.00639868 -0.00274505 0.00131652 0.00222135 0.00112573
132111 0.00465792 0.00156659 -0.00166501 -0.00337347 0.00592972 0.00754555 -0.00119219 0.00763817 -0.00168345 0.00743716 0.00343362 -0.00140753 -0.00564475 -0.00452431 0.00547123 -0.00216717 -0.00259527 0.00359766 0.00598384 0.00305723 0.00051034 -0.0030229 0.00122837 -0.00194679 0.000646363 -0.00580343 -0.00609335 0.000863292 -0.00398072 -0.000570844 -0.00762264 0.007606 0.00546005 -0.00152778 0.00115564 0.0015789 -4.1835e-05 -0.00388294 -0.00131717 0.00183441 0.00341846 0.00279406 -0.000807724 -0.00750342 0.00310986 -0.00423399 0.00665546 0.00356926 0.00505889 -0.00374446 0.00550643 -0.00243066 -0.000394812 0.00663748 -0.00150318 0.00422939 0.000407902 -0.0032249 0.0022395 0.00140072 0.000959048 -0.00490978 -0.00479269 0.000172171
133802 -0.00462449 0.00509201 -0.00595972 0.00405422 0.0015371 0.00647768 0.00370718 0.00352846 -0.000425642 -0.00462379 0.000888024 0.00370209 0.00413945 -0.00514733 -0.00661146 -0.00341359 -0.00351897 0.00596595 0.00256213 0.000689843 -0.00284614 0.00239995 -0.00435935 0.00124575 0.00535777 0.00127995 0.00585729 0.00752674 0.00763657 0.000895857 -0.00170543 -0.00182464 0.000634116 0.00530495 0.000636874 0.00213962 -0.00368759 0.00470102 -0.0055847 -0.0075832 0.00120106 0.00657548 0.00758719 -0.00353512 0.000552642 0.0020881 -0.00211465 0.00673841 0.0015105 -0.00600008 -0.000922646 0.00143532 -0.00579068 0.00181037 -0.00552257 0.00269173 -0.00556199 -0.00145929 0.00552907 -0.00210432 -0.00458582 0.00739743 0.000410871 -0.00490187
138840 -0.00773972 0.00014934 0.00110193 0.00706592 0.00065983 -0.00264054 -0.00609577 0.000437306 -0.00126842 -0.00322845 0.00615839 -0.00491385 -0.00506601 0.00489192 0.00110126 0.0067529 -0.00515981 0.00115688 0.00034996 0.00201961 0.00689338 0.000459466 -0.00755469 -0.00367768 0.000837467 -0.00345239 0.00546959 -0.00441395 0.00571812 -0.00116154 -0.0040717 0.00542086 -0.00449098 0.00772374 -0.0053851 -0.00360275 -0.000778797 0.000294963 0.00521542 0.00238571 0.00555478 0.00592984 0.00254041 0.00580705 0.00502434 -4.45849e-05 -0.00478646 0.00597563 0.0053803 0.0072144 -0.000517958 0.00219751 0.00398539 0.00321214 -0.00180213 0.00650669 0.00252229 0.00473909 -0.00232035 0.00563367 0.00133022 -1.28345e-05 0.00609656 0.00212051
129756 -0.00396866 0.000736781 -0.000524581 0.00773839 0.00742403 0.00737289 -0.00424908 -0.00595044 -0.00447849 -0.00266743 0.00603009 0.00115956 0.00115705 -0.00677096 -0.000728028 0.00350945 0.00684829 -0.00660624 -0.00700631 -0.000708821 0.000656054 -0.00704171 0.000388603 0.000481201 0.000457435 0.00278162 -0.00679797 -0.000655357 0.00706363 -0.00201341 0.000869708 -0.00522536 0.00249326 0.00020414 0.00601613 -0.00186433 -0.00669577 0.00616527 0.00662461 -0.00775015 -0.00334898 -0.00173543 -0.00182806 -0.00184881 0.000108093 -4.20835e-05 -0.0033362 0.00384779 -0.00407885 0.0049554 -0.00356593 0.00382822 -0.00405894 -0.00687255 -0.00109394 -0.00228722 0.00289622 0.0030324 0.00648998 -0.0075182 0.000374822 0.00491874 -0.00730594 -0.0016317
138915 -0.000421047 -0.00258446 -0.00747871 0.000277519 0.00251675 -0.00657988 -0.00349665 0.00353479 -0.00253296 0.00617886 -0.00488949 -0.00435352 0.00250149 -0.00221682 -0.00236893 0.0011282 -0.00780106 -0.00521708 -0.00248671 -0.00737429 0.00402594 0.00515175 0.00481749 0.00745344 -0.00579739 0.00370741 -0.00705576 -0.001647 0.00505781 -0.00474405 0.00524807 0.0019722 -0.00504684 0.000683308 0.00307178 -0.00238132 0.0021596 0.0065155 -0.00231171 -0.00708485 -0.00623465 0.00441217 0.000812054 0.00578165 -0.00713158 0.00487757 -0.00757933 -0.00499725 0.00701284 -0.0046072 0.00303936 0.00254726 0.00737333 -0.00711489 -0.00639105 -0.0025959 -0.00273561 0.0044837 0.00509548 -0.00339699 -0.00238609 -0.000393391 -0.004673 5.05447e-05
139327 0.0035944 0.00419998 0.00709677 0.00236273 0.0056777 -0.00169992 0.00689173 -0.00668812 0.00431442 -0.00663185 0.00703669 0.0069499 0.00211668 0.00181055 -0.0018878 0.00603104 -0.00349712 -0.00610781 0.00756073 0.00553465 0.00356197 0.00757647 -0.00116014 0.00316858 -0.00454426 0.00650167 0.00516319 -0.00434303 0.000885963 -0.00462675 -0.00656319 -0.00756979 0.000932693 0.003613 -0.00694466 -0.00696325 -0.00521278 -0.00658655 0.000794411 -0.00386953 -0.00729704 0.0061698 -0.00666714 0.00636482 -0.00183201 -0.00594378 -0.00385332 -0.00233603 0.00226116 -0.00552702 -0.00656557 0.00233078 0.0053134 0.000379562 0.00280619 0.00321293 -0.00490999 -0.00325871 0.00565577 0.00150776 0.00599003 0.000481606 -0.00555325 -6.34193e-05
118983 0.000973128 -0.0039656 -0.000299342 -0.0073994 -0.00241184 -0.00547635 -0.00144399 -0.00185309 -0.00765338 -0.000718954 0.00516436 -0.00683109 -0.00467223 -0.00363751 -0.00517948 0.00122791 -0.00492373 0.00278975 -0.00669002 0.00686411 -0.00638854 -0.00577767 -0.000967951 -0.00300092 -0.00581891 -0.00510566 0.00687696 0.00208331 0.00354847 -0.00473908 0.00445864 0.00188944 -0.00620915 -0.00433425 0.0067061 0.0059489 -0.00517483 -0.00205693 -0.000678619 0.00151021 -0.00290127 -0.00687306 -0.00232016 0.000958909 0.00742658 0.00152103 -0.00195901 0.00653163 -5.85428e-05 -0.00527829 -0.003615 -0.00063188 -0.00417214 0.00569369 -0.00771841 0.00498391 -0.0019373 0.00650826 -0.00308396 -0.00150755 -0.00066245 0.000560351 -0.00607735 -0.00139145
129988 -0.00758353 0.00257086 -0.00282807 0.0042762 -0.00199948 -0.00634433 -0.00214756 -0.00188325 -0.00746881 -0.00601635 0.00755239 -0.00163572 0.000919974 -0.00403956 0.0053038 -0.00684632 0.00230932 -0.00553577 -0.00473299 0.00452943 0.00760475 -0.00185821 -0.00144989 0.00612601 0.00375739 0.00733974 -0.00146811 0.00503514 -0.00138241 -0.000373699 0.00703108 -0.00423717 0.00156199 0.00256458 0.00442758 0.00323917 0.00250765 -0.00347718 7.28701e-05 0.000848779 0.00278283 -0.00605502 -0.00328988 -0.0015551 0.0042755 0.00660384 -0.00390455 -0.00710456 -0.00508861 -0.003537 0.00159094 -0.00234446 -0.00717482 0.00671646 -0.00183468 0.000356368 3.00055e-05 0.00579188 0.00667393 0.00230001 0.00620687 0.000638307 0.00545477 0.004447
29143 0.00205898 -0.00131083 0.00286627 0.000401974 0.00321674 -0.000561237 0.00763464 -0.00327301 -0.00321245 0.00220013 -0.00687361 -0.00378704 -0.00142336 0.00723457 -0.00757265 -0.00394535 -0.00653028 -0.0033803 -0.000779152 -0.00141621 -0.0070138 -0.00229883 -0.00170851 -0.00695801 -0.00143385 -0.00375557 0.00404787 -0.000300884 -0.00490427 0.00543976 -0.00669146 -0.00581026 -0.00236893 -0.00464487 0.0013833 0.00650406 -0.00542974 0.00460052 0.00206137 -0.00624943 -0.00226831 -0.00181246 -0.00320292 -0.000126362 -0.00427818 -0.00353098 -0.00380135 -0.00167179 0.00541496 -0.00774002 0.00661373 -0.00661325 0.00231123 -0.00646257 0.00179386 -0.00516748 0.00271845 0.00568485 -0.00757647 0.00421524 0.000396729 -0.00619221 0.00163078 0.00242138
31107 -0.000645326 -0.00153794 -0.00323834 -0.00138245 0.00173313 -0.00779052 0.00740155 0.00530599 0.00483756 -0.00597376 -0.00440803 -0.000459056 0.00708083 -0.00214619 0.00497966 0.000758846 -0.00139359 -0.00215522 -0.00118034 -0.00302309 -0.00117808 -0.00530382 0.00706019 0.00617357 0.00758504 9.38049e-05 -0.00738223 0.00475565 -0.00583531 0.00174885 -0.00548359 -0.00617835 -0.00559971 -0.00024004 0.00480524 -0.0017653 0.00250764 -0.00139521 -0.00355218 0.00325131 -0.00657704 0.00329102 -0.00360566 -0.0014755 -0.00333047 -0.0026837 -0.00368817 -0.00586767 -0.00491816 -0.00197072 0.00114145 0.00616882 0.00698689 -0.00470996 -0.00753407 0.00164597 -5.34398e-05 -0.00618476 -0.00241194 0.0033761 -0.00513474 -0.00357116 -0.00582715 0.000917193
126541 -0.00716925 -0.00755692 -0.00213766 -0.00683737 0.00547743 0.00695181 5.24521e-05 -0.00390339 -0.00702429 -0.00581074 -0.00610161 -0.00231314 0.0061307 0.00572872 0.00582933 0.00588179 -0.00700951 -0.00542355 -0.00453234 -0.000229836 0.00385761 -0.00126076 -0.00547028 -0.00759029 0.00516462 0.00262022 0.00374889 -0.000253201 0.00483513 0.0011425 0.00280857 -0.000862598 -0.00353289 0.0024395 -0.00142813 1.43051e-05 0.00309277 -0.00598335 -0.00215578 -0.00229549 -0.0065341 -0.00115013 0.00183249 -0.00454521 -0.00148296 -0.00368166 0.00228071 0.00628138 -0.00220585 0.00631714 -0.00166845 0.00096035 -0.0027194 0.0020752 -0.00153971 -0.00497675 -0.00658655 -0.0031085 -0.00471783 0.00669384 -0.00531197 0.00156879 0.00258255 0.000513554
74507 -0.00120503 -0.00536738 0.00174388 0.00171243 0.0029484 -0.00725569 -0.00370806 -0.00393573 0.00779284 0.00400946 0.00609081 0.00343323 -0.00112936 -0.00150976 -0.00310498 0.00224351 0.00664948 0.0066804 -0.00156347 -0.000743987 -0.00538767 -0.00399057 0.000713575 0.000160805 0.00470251 -0.00465283 0.00666653 0.00335612 -0.00295884 -0.00731236 0.00253071 0.00682735 0.000644259 -0.00212558 0.00559869 -0.00564334 -0.00346531 -0.00151535 -0.00255512 0.000152342 -0.00630529 -0.00211438 -0.0040055 -0.00045317 0.0005221 0.00404579 -0.00349992 0.0060519 -0.0072241 0.00182486 0.00352848 -0.0026326 0.00269612 -0.00386075 -0.00663295 0.00386342 -0.00739403 0.0025489 -0.00232095 -0.0023292 -0.00283846 -0.00560274 0.00728722 -0.00602524
144000 -0.00547266 -0.00439501 -0.00383472 0.00286627 0.00608206 0.0002141 -0.000996113 -0.00691652 -0.00566387 0.00136995 -0.00447989 0.0061388 -0.00373316 -0.0015583 0.00353336 0.00409412 -0.00074482 -0.000652313 -0.00647402 -0.00446987 -0.00331497 -0.00388384 -0.00468159 0.00755215 -0.00384712 -0.00672674 -0.00598431 -0.00485468 -0.00458384 0.00458241 0.00146246 0.00574589 -0.00408697 0.00397873 -0.00587702 0.00283718 0.00647974 -0.00377846 -0.00575876 -0.00542355 -0.0022707 0.00560951 0.000821114 -0.00375557 -0.00591278 0.00765848 0.000416756 0.00377989 -0.00167847 -0.00729656 -0.00136471 0.00719643 -0.00192928 -0.00116539 0.00547552 0.00238323 -0.000801086 0.00625038 -0.00647163 -0.00115204 0.00735855 -0.000815868 -0.00346565 -0.00248003
97450 -0.00366641 -0.0062622 -0.00766728 -0.0013247 0.00336862 -0.00594941 0.0033011 -0.0015245 -0.000809676 0.00317907 -0.00415454 0.00296467 0.00145233 0.00444995 -0.00359065 0.00225176 0.00082127 -0.00757566 0.00561348 -0.0035134 -0.00336573 0.000874511 0.00271631 0.000510575 -0.00708144 0.00356105 -0.00250495 -0.00623565 0.00114768 -0.00533889 -0.000423951 -0.00743002 -0.00530807 -0.000393021 0.00269113 -0.00765619 0.00188344 -0.0051005 -0.00496802 0.00402943 0.00139137 0.00381635 -0.000818391 -0.0055785 -0.00591225 0.00212954 -0.00357286 0.00201772 -0.00636439 -0.00508288 0.00461109 0.00319528 -0.0027163 -0.00757867 -0.0072315 0.00384908 0.00705301 -0.00438534 -0.00500334 -0.00627414 0.0069617 0.00112589 -0.00236403 0.00389541
96762 -0.00286055 -0.00476408 -0.00637531 -0.00100517 0.00673962 -0.00636911 -0.00356674 0.000138283 -0.00132847 0.00299072 0.00165462 -0.00113535 -0.00586891 0.00758982 0.000919819 -0.00466871 0.00225401 -0.00200653 0.00487041 0.00222015 0.00442696 0.0042367 -0.00739861 0.00404596 0.000583649 -0.00567389 -0.00586414 -0.00555944 0.00761127 0.00672674 0.00465202 0.00302887 0.00158405 0.00265837 -0.000487804 8.10623e-05 0.00644112 -0.00563145 -0.00118017 -0.00318289 -0.00730038 -0.002285 -0.00257492 -0.00483704 0.0075779 0.0058322 0.00598669 -0.00453711 -0.00301313 0.0009799 0.00337553 -0.0027976 0.00639105 -0.00178003 -0.000842094 -0.00188637 0.0022521 -0.00261593 0.00644922 0.00484705 0.00105381 -0.0067544 -0.00113392 -0.00192118
103381 -0.00238657 -0.00152731 -0.00437641 0.00586891 0.00469255 -0.00510168 0.00475407 -0.00624514 -0.00752068 0.00206661 -0.000254154 0.00664854 -0.00692272 0.0067153 0.00332451 0.00540829 0.0023303 0.00464821 0.000555992 0.00501013 0.00661278 -0.00758696 0.00498819 0.00407362 0.00129366 0.00398684 1.14441e-05 0.000172615 0.000375271 -0.001369 0.00103521 0.00255251 -0.00223351 0.00762415 0.00752878 -0.00706673 0.00469446 0.00228119 -0.00322294 -0.0039711 -0.00129175 0.000341415 -0.00597572 0.00733232 0.00253487 -0.00186491 -0.00414133 0.00229168 0.00323534 -0.00438833 0.000252724 -0.00681591 -0.00757551 -0.00148439 -0.00175285 -0.00156164 -0.00574446 -0.000837326 -0.00681019 8.34465e-05 0.0025506 0.00760508 -0.00373745 0.00407028
145263 0.00626731 -0.0059658 0.00174022 -0.00214536 -0.00647559 0.00159779 -8.18046e-05 -0.00153678 0.00377121 -0.00604232 0.000352691 6.89818e-05 -0.00637286 -0.00714673 -0.00223051 -0.000149085 0.00759918 -0.00680378 -0.00588944 0.00499967 -0.00246678 0.00626759 -0.00601912 -0.00563392 0.000655507 0.000689711 0.00777237 0.00614259 0.0041184 -0.00146314 -0.0034571 -0.00435709 0.00347238 0.00113631 -0.00502294 -0.00751773 0.00468184 0.00282376 0.00353032 0.00127344 0.00750829 0.00130592 -0.00472521 0.000784525 0.00163565 -0.00256122 0.00312442 0.00157214 -0.00059195 0.00258087 -0.00725799 0.00292792 -0.00722629 -0.00094477 0.00274244 -0.0053031 0.000336151 -0.0035973 0.00642341 0.0020167 0.000929661 0.00597113 -0.0063128 0.00681333
147957 -0.00742304 -0.00407016 0.00746621 -0.00725645 -0.00696308 -0.00593215 -0.00738982 -0.00564553 0.00105328 -0.00449795 0.00584363 0.00745435 -0.0011229 -0.00373893 0.00176862 0.000720186 0.00122531 -0.000887216 -0.00523375 -0.00563962 -0.00496098 0.000664081 -0.000518225 0.00766217 -0.00363437 0.00712663 0.00225078 -0.000138095 0.00428853 -0.00444221 0.00668553 -0.00543436 -0.000134011 -0.0066435 0.000354472 -0.00316303 0.0066355 0.00377503 -0.00541848 0.00430139 -0.000917729 -0.00203709 -0.000217123 -4.6089e-05 0.00412999 -0.00131842 -0.00544993 -0.00411677 -0.00403684 0.00661038 0.00193044 -0.000753156 0.0055211 -0.00242528 0.00175304 7.39808e-05 -0.00116371 -0.00761006 -0.00406353 -0.00596879 -0.00655767 0.00476885 0.00290164 -0.000876686
145468 -0.00368504 -0.00535697 0.000678286 0.000331625 -0.000596696 0.00730615 0.00142459 0.000497924 0.00745117 0.00026737 -0.0047634 0.00255962 0.00423571 0.00782398 -0.00622848 0.00667486 0.00529531 0.00325072 0.00395717 0.0044579 -0.00663849 0.000951459 0.00694587 0.00649782 -0.00589846 0.00713678 0.00731539 0.00764151 -0.00571231 0.00221361 -0.00761061 0.00379363 0.00719033 0.0021695 0.0076055 -0.00359649 0.00289012 0.00485932 0.000323401 0.00471203 -0.00716296 -0.004393 -0.00186016 0.00598696 0.0013967 0.00471776 0.0071852 -0.00440846 -0.0044139 0.000226718 -0.00604684 -0.00606417 0.0056224 -8.24786e-06 -0.00756931 0.00447942 0.00701285 -0.00180234 -0.00280556 -0.00116851 0.000851743 -0.00296928 -0.00353682 -0.00287193
106402 0.00253003 0.00430296 -0.00752201 0.00699606 0.00127592 0.00596742 0.00566767 -0.00294763 0.00713005 -0.00600805 0.00217036 -0.00177454 -0.00280384 -0.00476865 0.00702352 -0.00712259 0.00301613 -0.00577594 -0.000331163 -0.00362373 -0.00521643 -0.00678104 -0.00623014 -0.00752501 0.00722374 -0.00778644 -0.00776218 0.0013487 0.0066672 0.00768573 0.000591632 0.00443335 0.00660449 0.00642451 -0.00734472 0.00483591 -0.00621795 -0.00184624 -0.00387995 -0.00566519 0.000242909 0.00717115 0.00448883 -0.00360029 -0.00725897 -0.00526825 -0.00775831 0.00310333 -0.00694294 -0.00067819 0.00544423 0.00660225 0.00689602 0.00406797 -0.00479343 0.0055767 0.00304617 0.00148455 0.00686921 -0.000226533 0.00480059 -0.000726947 0.00167246 -0.00629642
137398 0.00409457 -0.000200818 0.0019329 0.00702324 -0.00514499 -0.00614812 -0.00720297 0.00312001 0.00754188 0.00131885 0.00565939 -0.000587116 0.00436266 -0.00355761 0.00438544 0.00483644 0.000940473 -0.00035222 -0.00100616 0.00145564 -0.00638096 0.00272999 -0.00776887 0.00613752 -0.00561279 -0.00699567 -0.00352574 0.0073986 0.00347659 -0.00683278 0.00774198 0.000923198 0.0027129 -0.00723275 0.00194106 -0.00307582 0.00285448 -0.00085832 -0.00329362 0.0040055 -0.00640618 0.00667897 -0.00607176 0.00366065 0.000798875 0.00290588 0.00236555 -0.00238916 0.00670968 -0.00349535 0.00271002 0.00215532 -0.00012291 -7.54375e-05 0.00713232 -0.00685133 0.00429404 -0.00237995 -0.001981 0.00388504 -0.00525425 0.00439618 0.0068325 0.00495001
35795 0.00178277 -0.00485441 -0.00664182 0.00239306 -5.0141e-05 -0.0018807 0.00463361 -0.00127144 -0.00714368 -0.0075853 -0.00761064 0.00319649 -0.00251805 -0.00533038 0.00333463 0.00208712 -0.00220867 -0.0074205 -0.00446094 -0.0036828 0.00763791 3.41087e-05 -0.00458487 0.00221934 0.000385481 0.00101604 0.00490209 -0.00241485 0.00151943 -0.00529892 -0.00179014 0.00560736 -0.00765216 0.00257269 -0.0041133 0.00199191 -0.000880249 -0.000171306 -0.00676571 -0.00572115 7.53726e-05 0.0072192 -0.00380302 0.00528055 -0.00645357 -0.00712606 0.00433 -0.00271254 0.00013051 0.00770571 0.00669927 0.000251714 -0.00161336 0.00107932 0.00182119 -0.00384487 0.00462114 0.005641 -0.00157205 -0.00543809 -0.000745848 -0.00235323 -0.00764504 -0.00755702
151299 0.00404633 -0.00347774 0.00137932 0.00303027 -0.00279768 0.0068894 -0.00270624 0.00309558 0.00180822 0.00754714 0.00395179 -0.000946836 0.00332673 -0.00339842 -0.00194931 -0.0010792 0.000162852 0.000665685 0.0063636 -0.00331341 -2.03448e-05 -0.00526458 0.00430539 0.00568613 -0.00060891 -1.2211e-05 -0.00547782 -0.0016416 -0.00581194 -0.00644819 -0.0046463 0.00732028 -0.00430194 0.00687813 0.00519519 -0.00524331 0.0062175 6.7563e-05 0.000321568 -0.00397507 0.00760132 -0.00170959 0.00200891 0.00240577 -0.00633062 -0.00131635 0.00393875 -0.0031773 0.00724191 -0.00580381 -0.00067555 -0.00295084 -0.00710999 -0.00237184 0.00756496 0.00438234 0.00573457 0.00521213 -0.00314626 -0.00558383 0.00776519 0.00328842 -0.00662893 0.0035966
151300 -0.0040307 0.0023551 0.00597858 -0.0046711 0.00637054 0.000564575 -0.00292587 -0.00380993 0.00291824 0.0012722 -0.00421143 -0.000352383 -0.00634718 0.00114918 0.00603485 0.00176096 0.00675154 -0.0031004 -0.00618124 -0.00515366 0.00403738 0.00428247 -0.00364399 0.00247192 0.0049119 -0.00286102 -0.0029788 -0.00288868 -0.00166273 -0.00553036 -0.000754356 0.00270271 -0.00604486 0.000132561 0.00590134 0.00467587 -0.0069108 0.00758266 -0.00647497 0.000934124 -0.00365543 -0.00702047 -0.00581694 0.00386143 0.000432014 -0.000303745 -0.00067997 -0.00128222 0.00716734 0.00319242 0.00152254 -0.0033946 -0.0027132 0.00303173 -0.00208044 -0.000113964 0.00139761 -0.000245094 0.0055151 0.00259638 0.00195408 0.00651217 0.00593567 -8.10623e-06
59503 0.00172765 0.00315491 -0.00511287 0.00477784 -0.00749007 -0.00158209 0.00692354 -0.00274992 0.00369794 -0.00178234 -0.0061849 -0.00558139 -0.00488543 -0.000678965 0.00581459 -0.00638734 -0.00707445 -0.00666262 0.00623587 0.0065214 -0.00145235 0.00701983 0.00382889 0.00193853 0.00685644 0.00742021 0.00508264 0.00466909 0.00730651 -0.0056609 0.00198858 -0.00371497 0.0073294 0.000292567 -0.00250476 0.00638248 -0.000927578 0.00651304 0.00307548 -0.00690326 0.00128008 -0.00350527 -0.00526676 -0.00483993 0.00523186 -0.00133641 -0.00383305 -0.0022695 0.00267477 -0.00405984 -0.00478931 -0.00496059 0.00202424 0.00744779 0.00122723 0.00373509 -0.00663336 0.00019291 -0.00252725 -0.00528598 0.00254209 0.000320774 0.00271281 -0.00227002
152398 0.00633001 -0.00263357 -0.00507689 0.00215197 0.00661707 -0.00355434 0.00617933 0.00188923 0.00387096 -0.000193119 0.000403881 -0.00388241 -0.00476646 0.00562811 -0.000733376 -0.00346756 0.0042696 -0.0057621 0.00600195 -0.00728512 0.00131321 0.00475073 0.00417042 0.00568199 0.00298452 0.00671864 0.00351095 -0.00715828 0.00663519 -0.00205851 0.00348377 0.000361919 0.00142384 0.00179148 0.00292778 -0.00200367 -0.00696373 0.00456285 0.00456142 -0.00449848 0.00248957 0.00619936 0.0021162 0.000695229 0.00729418 0.00617075 -0.00741291 -0.00359297 0.00416708 0.00408792 0.00139427 -0.00362444 0.00530291 -0.00691366 0.00668049 -0.00203133 0.00679111 -0.00568199 0.000544548 0.0011549 0.00679731 0.00119925 -0.0046916 0.00535202
154327 0.00271323 0.00676105 -0.00612615 -0.00269089 -0.0018722 -0.00161691 -0.0021345 -0.00195148 -0.00463856 -0.000547419 -0.00544161 -0.00590573 0.00493839 -0.00449009 -0.00382109 -0.00648553 0.000521378 -0.00399366 -0.00549845 0.000429943 0.00668606 0.00707698 -0.00161893 0.00739397 -0.00109388 -0.00555224 0.000605494 0.00368197 0.00537237 0.00216477 -0.00401177 0.00379605 -0.00357467 0.00693795 0.00602413 0.00113536 -0.00128853 0.00157356 -0.003061 0.00778581 0.00369621 -0.00388194 0.00704809 0.00603125 -0.00194739 -0.00623572 -0.00565313 0.00506275 -0.00129406 0.00448794 0.00194621 -0.00321558 -0.00234394 -0.00306732 -0.00426064 0.00366093 -0.00361957 -0.00691121 0.00347758 -0.00240757 0.00420418 0.00211149 0.00331312 0.00768178
154653 0.00722933 -0.00150919 0.0029211 -0.00765181 0.0024004 0.000171185 -0.00735617 -0.0029726 -0.00648308 -0.00148153 -0.00572729 0.00115299 -0.0038805 -0.000923157 -0.00159311 0.00666714 -0.00404167 0.0029068 -0.00331926 0.00627518 0.00117493 0.000216007 -0.00482702 -0.00694942 -0.00759506 -0.00662708 -0.0032177 -0.00667715 0.00468588 -0.00391006 -0.00495529 0.00322151 0.00474215 -0.00539017 -0.00156069 -0.00168943 0.000665665 0.00517607 0.00266171 0.00605774 0.000683784 -0.00512314 -0.00759459 0.00432444 -0.00759554 0.00326252 -0.000485897 -0.00500631 -0.00325918 -0.00254536 0.00216198 0.000300884 -0.00710535 0.00127029 0.00442839 0.00285387 0.00298262 -0.000169277 0.00280237 -0.00121164 0.00768042 0.00392962 0.00709963 -0.00245857
54527 -0.00290703 -0.00563816 -0.0057746 -0.0029413 0.000137799 0.00557417 -0.00656477 0.00235091 0.00587004 0.00610242 -0.00581236 0.00662208 -0.00464134 0.00739531 0.000116713 0.00332829 -0.00276349 -0.0042776 -0.00172102 -0.00523718 -0.00518284 -0.00627398 -0.00448065 0.00323761 0.0046678 0.00286501 0.000351705 0.00388392 -0.0020318 -0.0077181 -0.00716961 0.00316456 -0.000243623 -0.00170816 -0.00468709 -0.00455366 0.00690398 -0.000371507 0.00507827 0.00560048 -0.00290128 0.00771395 -0.00424571 -0.00330007 -0.00264678 0.00621217 -0.00174675 0.00780033 0.000937221 0.00681029 -0.000363824 0.00305702 -0.00286078 -0.00385281 -0.00138686 0.000994132 -0.00305918 -0.00566175 0.0029116 -0.0039785 0.00669184 -0.000386614 -0.0050342 0.00674017
121315 0.00427544 -0.0072079 -0.00541878 -0.00210193 -0.00457706 -0.00510124 -0.00471668 -0.00594128 0.000898697 -0.00774787 -0.00332804 0.00766705 0.00586454 0.00371252 0.00322483 0.00554548 0.0030631 -0.00566199 -0.00704333 0.00500996 0.00532466 0.00507973 -0.00743839 -0.0073524 0.00222341 -0.00113934 -0.00386909 0.0070966 0.00200029 -0.00450081 0.00492365 0.000317196 -0.00608002 -0.00309563 0.00390397 0.00634331 0.00204874 -0.00744152 -0.00460356 -0.00182088 0.00434953 0.00075115 -3.19696e-05 0.00768949 -0.00345573 -0.00243761 0.00420505 -0.000882212 0.00613729 0.00159684 -0.000319609 -0.00652462 -0.00697299 -0.00488407 -0.00126941 -0.00422853 0.00340159 -0.00446452 0.000329755 0.00403964 -0.00150377 0.00567146 -0.00581835 -0.00316499
156870 0.0060536 -6.28812e-05 0.00738686 0.00470867 0.000231205 0.00314705 0.00112988 0.00693247 0.00178081 -0.00257896 -0.00362637 -0.00634634 0.00720907 -0.00529609 0.00180385 -0.00363084 0.00437589 -0.00481937 -0.0022458 0.00588003 -0.0041166 -0.00301256 0.00284246 0.00191303 0.00629042 -0.00369725 -0.00762061 -0.00179435 -0.00541362 0.00263154 -0.00773477 -0.000908048 0.00738184 -0.00733181 -0.00751848 0.00568388 -0.00587781 -0.000505992 0.00383235 -0.000971625 -0.00513446 -0.00511908 -0.00426253 0.00702206 -0.00301181 -0.00427413 0.00764045 -0.00505864 -0.000648912 0.00563036 -0.000178118 -0.00101624 0.0022236 0.00385049 0.00183878 -0.00744334 -0.00721258 -0.00113963 -0.000565042 -0.00147829 0.0038518 -0.000563114 -0.00695515 -0.000401043
156932 0.00309069 -0.00144024 -0.00302581 0.00391334 0.00304098 -0.0049757 0.00606557 0.00543458 -0.0074072 0.0072199 -0.00434413 -0.00704351 0.00264626 -0.0051075 -0.00217442 -0.00216812 -6.14362e-05 0.00248552 0.00631661 0.00528325 -0.000137128 0.00250308 0.00390417 0.00130132 -0.000999415 0.00242153 0.00519329 -0.00414568 -0.00749074 0.00277309 0.00166419 -0.00377056 0.00575728 -0.00429683 -0.000430506 0.00723527 -0.00107783 -0.00319544 0.00595587 -6.21248e-05 -0.00430348 0.00309066 -0.00279618 0.00364438 -0.00204085 -0.00433712 0.00650125 -0.00220595 0.00668316 0.00357424 0.00541042 -0.00769389 0.00739253 0.00464977 -0.00285818 0.00470401 0.00582527 0.00759265 -0.00322201 -0.00579259 0.0044166 -0.00263103 0.0032123 -0.00779209
158018 0.00396013 -0.00511312 -0.00201368 0.00537205 0.000145912 0.00552034 -0.00268984 -0.00696754 -0.00348425 -0.000464916 0.00478983 -0.00501347 0.00309277 -0.0047245 0.000974655 -0.00705957 -0.00370693 -0.00295019 0.0044055 0.00327969 -0.00398588 -6.67572e-06 -0.0033536 0.000246525 0.00157452 0.000871658 -0.00403309 -0.00478506 0.00477266 -0.00712729 -0.00596714 -0.0038166 -0.0063591 -0.00729132 -0.00660706 0.00129747 -0.00672436 -5.57899e-05 0.000749588 0.000516415 -0.00518084 -0.000619888 -0.00495005 -0.00138283 0.00648499 0.000154495 0.00663233 0.00239372 -0.000430107 0.00364256 -0.00165749 0.000875473 -0.00103283 0.00318813 -0.00264883 0.00642443 -0.00262117 0.00150442 -0.00327969 -0.00197744 0.00524235 -0.00747919 -0.00268555 0.00649881
106322 -0.00630999 0.00289488 0.00598574 -0.00449944 -0.00431824 -0.000667572 0.0012517 -0.00329113 -0.00236225 0.00694513 -0.00510359 -0.00314903 -0.0039258 -0.00521898 -0.00241184 0.00376225 -0.00779819 -0.00124454 0.00131512 0.00780249 0.00211573 0.00688314 0.00549316 0.000248432 -0.00384378 -0.00110769 -0.00359344 -0.000654221 0.00132227 -0.00674057 0.000601292 -0.00435686 -0.00093174 -0.00625181 -0.00311899 0.00166512 -0.00701237 0.000981331 -0.00497103 -0.00745392 0.00371742 -0.00323963 0.00340939 0.000808239 0.00618887 0.00415945 0.00606346 -0.00434589 0.00406122 0.00611258 -0.000412941 -0.00253963 0.00646353 -0.00261307 0.00727415 -0.00465965 -0.00749969 -0.000452518 -0.00418377 -0.00654173 0.00365877 0.00129461 0.00266838 0.00397253
50011 -0.00356483 -0.00246191 -0.00688601 -0.000216961 0.0015769 -0.00416136 0.00514841 0.00433636 0.00350142 0.00731945 0.00746298 0.00354242 -0.00745583 7.34329e-05 -0.00261259 -0.00232697 -0.00577879 0.00402641 -0.00153589 0.0033083 -0.00309944 0.00153637 0.000126839 -0.00493097 0.00395536 -0.00417948 -0.000843048 0.00344324 0.00678492 0.000860214 -0.00210333 -0.000911713 -0.00459909 0.00112247 -0.00611305 -0.00134563 0.00609493 -0.000246525 0.00340843 0.00688362 -0.00524139 0.000456333 -0.00265169 -0.00433493 0.00411701 -0.00516701 -0.00500631 0.00354338 0.00720263 0.00352621 0.00667095 -0.00613642 0.00470352 -0.00705576 -0.00728512 -0.00745153 -0.00711012 -0.00284624 -0.00157118 0.00306702 0.00474691 0.00109243 0.00752306 0.000838757
159241 -0.00272703 -0.00717545 0.00182056 0.00463867 0.00632524 0.00660419 0.00408697 -0.00401258 -0.00179291 0.00196981 -0.00197458 -0.00340271 -0.004354 -0.00560045 0.00229597 -0.00326347 0.00110054 0.00147963 0.00509977 -0.00229788 -0.00183916 0.00137758 0.00493145 0.00188971 0.00712013 -0.00117207 0.00467539 -0.00509596 0.00672579 0.00478029 0.00151396 0.0031929 -0.00494003 -0.00631714 0.00732899 0.00602865 0.00156116 0.0039196 0.00144339 0.00406933 -0.00498724 -0.00775099 0.00662136 0.00769329 -0.000493526 -0.00161171 0.00268888 -0.00265551 0.00383568 -0.00378036 -0.00631523 -0.00591707 0.00757265 0.00337934 0.00540113 -0.00430059 -0.00758696 -0.00241089 0.00110865 -0.00528669 0.00579071 -0.0072608 -0.0076828 0.00549078
159242 0.00472379 -0.00501049 0.0042546 0.00428563 0.00623903 0.00411316 0.000991101 0.00645346 0.00485769 -1.08969e-05 -0.00755615 -0.00335426 0.000755403 0.000122903 0.00645969 -0.000442771 0.00385104 0.00315243 0.00702653 0.00676537 0.00028449 0.000410967 0.00524891 -0.00114881 -0.00436088 0.00734742 0.00562997 0.000203081 -0.00547431 0.00196491 0.00364926 -0.00321173 0.00261677 0.0049611 0.0054566 -0.00151436 0.00303217 -0.00226574 0.00370244 -0.000718363 -0.00756176 -0.00699832 0.00626419 0.00679904 -0.000569242 0.00194841 0.00374218 0.00302854 -0.00338439 -0.00769585 0.00510499 -0.00569579 0.00559495 0.00311853 -0.00448791 -0.00541876 -0.00729287 -0.00374456 -0.00743316 0.00660634 -0.00377374 0.000414955 0.00786136 0.00287661
117727 0.00390715 0.00234333 -0.00409758 0.000830223 0.00548747 4.4727e-05 0.00665461 0.000160145 0.00784117 0.0028227 -0.00699587 0.000774066 -0.00480644 0.000338485 -0.00389184 -0.00293888 0.00109503 -0.00240144 -0.00214962 0.00709794 0.00551443 0.000335225 -0.00587685 0.00298922 -0.00159786 -0.00281174 0.00243288 0.00680716 0.00269825 -0.00294766 0.00423188 -0.00785429 -0.00068471 -0.00171823 -0.0045419 0.0054687 -0.00498061 0.00450559 0.00146528 0.000100076 -0.00127602 0.000119295 -0.00520943 0.00166195 0.00315852 0.000593622 -0.00406211 0.00765392 -0.00408713 -0.00786401 -0.000789899 -0.00151998 -0.00318054 0.00581427 -0.000916259 0.002559 0.00342031 -0.00357783 0.000690176 0.00657645 0.00476891 -0.00619094 0.00326229 0.00133825
128194 0.00316507 0.00543283 -0.00403679 0.00400724 0.0002008 -0.00210902 -0.00764068 -0.00390342 -0.00146874 0.0037433 -0.00537269 -0.00161502 0.00586877 0.00184662 -0.00337767 0.00328595 -0.000688874 -0.00285306 -0.00530839 -0.00143284 0.00776224 -0.00464629 0.00391397 -0.00726982 0.00559225 -0.00113472 0.00337186 -0.00603963 -0.00686966 0.00269959 -0.00473648 -0.00595531 0.00537683 0.00692546 -0.00736781 0.00154317 0.00146177 -0.00743545 -0.00628366 0.00594997 0.00144613 0.00309174 -0.00565786 -0.00655179 0.0018777 -0.00307035 0.00136632 0.00547608 0.00469112 0.00405324 0.00491182 0.00287721 0.00317496 0.00136224 -0.00237146 -0.00613014 -0.00526786 -0.00620913 -0.00154378 0.00145973 0.00491862 -0.0027419 -0.00206904 0.00160154
2783 0.00339429 0.00274319 -0.000134065 0.000380504 -0.00530317 -0.00610155 0.00044146 0.00583742 -0.00723475 0.00426812 -0.000608047 0.00225252 0.00441881 0.00351713 -0.00571574 -0.00636828 -0.00248753 0.00576 0.00676203 0.0050665 -0.00589661 0.00268663 -0.00364965 0.000605018 -0.000816782 0.00414612 -0.00673792 -0.00362876 -0.00149993 -0.00767764 -0.00734108 -0.00125753 0.0019414 -0.00563198 0.004156 0.000572989 0.00657509 0.00116985 0.00281981 -0.00694696 -0.00327775 -0.000557301 0.00308142 0.006704 -0.00491396 0.00167137 0.00176511 -0.000514184 0.00183226 -0.00317999 -0.00370798 -0.00414505 0.00711849 0.00334834 -0.00403702 -0.00271254 0.00759888 0.00698044 -0.00177047 0.00617286 -0.0057252 -0.00415948 0.00373273 -0.00365058
79958 -0.00258255 0.000419617 -0.00459146 -0.000290394 0.000815868 0.00726795 0.00243902 0.00149059 -0.00212526 -0.00220251 0.00202942 0.00174427 0.00189686 -0.00361967 -0.00111532 -0.00215197 0.0021019 0.00431919 0.0042057 -0.00475264 0.00555325 0.000802994 0.00369167 0.00485039 0.000445843 -0.00331783 -0.00393391 -0.00660038 -0.00349188 -0.00589943 0.00398397 -0.00469303 -0.00640249 -0.00593042 -0.0017581 -0.0071063 0.00300121 -0.00123692 -0.00348711 -0.00772095 0.00376129 -0.00562906 -0.00371647 -0.00440073 0.00541878 0.00191689 0.00321865 -7.10487e-05 0.00574446 -0.00561953 0.00212097 0.0048418 -0.000779629 0.001894 0.00671911 0.00272512 -0.00327682 0.000238419 0.00419998 -0.00371122 -0.00658512 -0.00184011 -0.00678444 0.00175905
147330 0.00155941 -0.00316597 -0.00622022 0.00409658 0.0070872 0.00271932 -0.00653345 -0.00558443 -0.0020119 0.00128774 0.00493374 -0.00597799 0.00144574 -0.0050651 -0.00331421 0.00681505 -0.00374787 -0.00294859 -0.00365976 -0.00728903 -0.0025826 0.00707946 0.00346208 0.00697405 0.00715384 -0.000728782 -0.00344337 0.00373882 0.00392378 -0.00285595 -0.00196712 -0.00399025 -0.00720415 0.00051549 -0.00216576 -0.00778139 0.00647967 -0.00698304 -0.00276213 -0.00458448 0.0027224 0.000898451 0.00363069 0.000286592 0.000819942 -0.0073788 0.00372655 -0.00635855 -0.00434343 -0.00296104 -0.00349502 0.00251162 -0.006673 -0.00511685 0.00352323 0.00779578 0.00284985 -0.00755237 -0.00265985 0.00221689 -0.000343662 0.00506384 -0.00626029 -0.00503084
78566 -0.00694013 -0.00174481 -0.00160899 0.00768376 -0.00586058 -0.000329001 0.00762243 0.00375208 0.000607639 -0.00739217 0.00274978 -0.000341637 -0.00164042 0.00590962 -0.00253879 0.0034768 0.00212396 -0.00391085 0.000133986 -0.00250741 -0.0047098 -7.89645e-05 -0.00343807 0.000750775 -0.00639158 -0.00434437 0.00302827 0.00695031 -0.00147485 -0.00164572 -0.00184244 0.00534249 0.00415074 0.000333937 0.00242095 0.00455486 -0.00616572 -0.00053722 0.00407252 0.00204769 -0.00272371 -0.0070223 0.000244309 0.00618228 0.00395359 -0.0077585 -0.00653376 0.00665438 0.0054428 -0.00265753 -0.00746365 0.000796092 -0.00446047 0.00364434 -0.000943932 0.00236928 -0.00358391 -0.00524602 -0.00229753 -0.000392609 0.0024973 -0.006051 -0.00650632 -0.00775997
146410 0.00391401 0.0029402 0.00479821 -0.0030059 -0.00257498 -0.00599221 -0.00688235 -0.00607053 0.00558179 0.00434668 -0.00218865 0.000188969 -0.00421718 -0.00316299 0.00306072 -0.00566381 0.0028265 0.00556398 -0.00631902 0.00191156 0.00136614 -0.00329968 0.00741512 0.00337023 0.004496 -0.0070496 0.000297573 0.00608871 -0.00284693 0.00249715 0.00437486 0.0043398 -0.0068209 0.00364429 0.00369359 -0.0032575 -0.00353166 -0.00561048 -0.00753621 0.00398497 -0.00114917 -0.000707711 0.000262471 0.00651602 -0.00158251 -0.00427656 0.00176902 -0.0054649 -0.00127611 -0.00439412 -0.00436475 0.00357666 0.00406751 -0.00523462 -0.00187542 -0.000263268 0.0025915 -0.00524869 0.00179026 0.00318715 -0.000875335 -0.00305907 0.00420385 0.00191791
153863 -0.00427008 0.0015316 0.000777245 -0.00254059 -0.00243759 0.00515938 -0.000225544 -0.000276089 0.0046854 -0.00127745 0.000379562 0.000607491 0.00469923 0.00570011 0.0076561 -0.00639582 0.00494242 0.00636005 -0.00602102 0.00603294 -0.00565624 0.00707579 0.00570869 -0.00708294 -0.00149441 0.00620747 -0.00336123 -0.00366163 -0.00684881 0.00647211 -0.00679779 -0.00249052 -0.00422955 -0.00287628 0.00109816 0.00599623 0.0068388 -0.00664043 -0.00729465 0.000841141 -0.00455761 -0.00621796 -0.00568914 0.00239182 0.00694275 0.0058279 0.00314903 -0.00104284 -0.00624704 -3.33786e-06 0.00328255 0.00710058 -0.00625563 0.00528336 -0.00218773 0.00531673 0.00734806 0.00353527 -0.00166845 0.00427341 -0.00525427 0.00699997 -0.00152016 -0.00663662
159813 0.000472546 -0.00758457 -0.00248194 -0.00449228 -0.00131083 -0.00221443 0.0070219 0.00119543 -0.00229645 -0.00731373 -0.00275135 -0.00192213 -0.00299978 0.000128746 -0.00248003 0.00773001 0.00722742 0.00269127 -0.00532484 0.00214863 0.00765371 0.00158024 0.000191689 0.0022192 0.00466728 -0.00430489 -0.00748158 -0.00365019 0.00333357 -0.000628948 -0.00414133 -0.00287056 -0.00692129 0.00649166 0.00193357 -0.000792027 -0.00610781 0.00401449 -0.00403309 4.76837e-06 -0.0015049 0.00512075 -0.0034461 0.00269127 -0.0025177 0.0018878 -0.00435257 0.00681305 0.00102043 -0.00480032 0.00520134 -0.000266075 -0.00589371 0.00180578 0.00295401 0.00115299 0.00458908 -0.00689411 -0.000479221 0.00199795 0.00221682 -0.0063014 0.00364542 0.00619555
160243 -0.00461701 -0.00259349 -0.00158184 0.000979231 -0.0028866 0.00690676 0.00214729 0.00187423 0.00779017 -0.00464878 -0.00136007 -0.00243825 -0.000741452 0.00242501 -0.00196894 0.00409359 0.000616715 0.00660666 -0.00280902 0.00597916 0.00439647 0.00546059 0.0074373 -0.0062497 -0.00268777 0.00765905 -0.00380272 0.00133126 0.00546424 -0.00625415 0.00450516 0.00769091 0.00535832 0.00276884 0.00568229 -0.00204659 -0.00308973 -0.00505296 0.00123361 0.00110987 -0.00397514 0.00727942 -0.00231338 -0.00714839 -0.00727168 0.00232606 0.000721863 -0.00281181 0.00754425 0.00500206 -0.00108073 -0.00671007 -0.00440958 0.00566829 -0.00502819 -0.00729968 -0.00401593 0.00578319 -0.0059158 0.00328071 -0.00459176 -0.00308372 -0.00765983 -0.00588368
9945 -0.00316772 -0.000735204 -0.000945105 0.000330031 -0.00306448 -0.00282012 -0.00413783 -0.00259393 0.00345007 -0.00762923 0.006974 -0.0037599 -0.0010184 -0.00418992 -0.00455739 0.00476888 -0.000524331 0.00675144 -0.00482742 -0.00585232 0.0023943 0.00486269 0.00499159 0.000372761 0.00547553 0.002378 -0.00750146 -0.00129818 0.000739425 -0.00572605 0.00349031 -0.00537928 -0.00190538 -0.00391483 0.00402695 0.00036748 0.000463021 0.00509291 -0.000286649 -0.00412599 -0.000527325 -0.00236284 -0.00381854 -0.00261741 0.00754039 0.00209333 0.000747951 0.00389675 -0.00746976 -0.00151025 0.00541906 0.00739234 -0.0035227 -0.00085144 -0.00567408 -0.00678374 0.00668633 -0.00202135 -0.00577942 0.00725503 0.00281255 0.00187683 0.00750875 -0.00321921
24275 -0.0022974 0.00414419 0.00277185 0.00340843 -0.00547981 0.00366688 0.00664473 0.00698042 0.00777102 -0.00696898 0.00115395 -0.000935555 0.00716352 0.002635 -0.00046587 -0.00729179 -0.00528049 -0.000473499 0.00564671 -0.00195885 -0.0040803 -0.00617695 -0.0062995 0.00013876 0.00346041 -0.00516558 0.00537348 -0.000762939 -0.00187635 -0.00196314 0.00056076 -0.00634003 0.00721884 0.00436497 -0.0035696 -0.00321913 -0.00302792 0.00297642 0.006001 -0.000371933 -0.00317335 -0.00292492 -0.00157499 0.00169802 0.0020256 0.00394678 0.00156736 0.00597095 0.00556374 -0.000576496 0.00656366 0.00693893 0.00276232 0.00355196 -0.00192547 -0.00735998 0.00704575 -0.00356865 0.00428677 0.00513744 -0.00169706 0.00162458 0.00601578 -0.000821114
154628 -0.0013403 -0.00514236 0.00520229 -0.00338635 -0.00606905 0.0066432 -0.00160229 -0.00497961 0.00491716 -0.00154193 -0.000690654 0.00320953 -0.00434483 0.0061146 -0.00341842 0.00565955 0.000764344 0.00480595 0.00661875 -0.00571764 0.00284267 0.00535978 -0.00195688 -0.00535665 0.00469068 -0.0077832 0.00396761 0.00601326 -0.00114538 -0.00603917 -0.00427031 0.00148525 -0.00174705 0.00641218 0.00582884 0.000950412 0.00226672 -0.00367019 -0.00434518 0.00409763 -0.000450115 0.00297946 0.00286723 -0.000909036 0.0067666 0.00290035 0.00120616 0.00600646 -0.00545256 -0.00746427 0.00773536 -0.00402222 -0.00282923 0.0011752 -0.00456663 0.00413304 0.00662516 0.00433395 0.00520538 -0.00385974 -0.00520436 -0.0030964 -0.000268389 -0.00597969
163470 -0.00744123 -0.00678977 -0.0059354 0.00545927 0.00714145 -0.00579961 0.00528602 -0.00373123 0.0023815 0.00223658 -0.00405512 -0.00194946 0.00672474 -0.00271178 -0.00365386 -0.00459951 -0.00715167 0.00335469 -0.000432106 -0.00133499 0.00186267 0.0022029 0.00339968 -0.00683769 -0.000913005 -0.00609387 -0.00348002 -0.00142276 -0.00372211 -0.00531901 -0.00323197 0.00697105 0.00702929 0.00463135 0.000361729 0.00321937 -0.00691665 0.000614981 -0.00109483 -0.00671526 -0.00434574 0.00497658 0.000152964 0.00631881 -0.00248713 0.00161503 0.00551304 -0.00135067 -0.00657785 0.00158687 0.00648655 0.00187789 0.00141003 -0.00227537 -0.00087458 0.00192741 0.0071191 0.00151807 0.00134651 0.00281321 -0.00264811 -0.00367319 -0.00762124 -0.0025415
160973 -0.00410748 -0.00244761 -0.00376034 0.00066328 0.0069499 -0.0063405 0.00662565 0.0064888 -3.8147e-06 0.00564528 -0.00639439 -0.00371742 -0.00349283 0.00635433 0.000712395 -0.000533581 0.00110817 -0.000452042 -0.0063448 0.00326824 -0.00483894 0.00181627 0.00263643 -0.00251913 0.000150204 0.00699854 -0.000740051 -0.00436783 0.00724316 0.00489569 0.00362635 0.00668335 -0.000889301 -0.00675964 0.00317383 0.00169706 0.00100994 -0.00780153 0.00697899 0.00583792 -0.00341272 0.000367641 0.00457335 0.000766277 0.00477648 -0.00469923 -0.00325155 0.00217485 -0.00299406 -0.00435114 -0.00760603 -0.00247669 -0.00203514 0.00668955 -0.00177002 -0.000657558 0.00225735 0.00696802 0.00483942 -0.00708103 0.00333166 0.000944138 -0.00412941 0.00247574
160504 0.00138144 -0.00152071 -0.000575638 0.00778248 0.00536293 -0.00698326 0.00545991 -0.00213635 0.0051881 0.0022138 0.00241637 0.00297916 0.00735311 -0.00697435 0.0038212 0.00102259 0.000736427 0.00531424 0.00601131 -0.00722737 -0.0072914 -0.0018456 -0.0030278 0.0011219 -0.00226832 -0.000324802 0.00469808 -0.00765967 -0.00616173 0.00589091 -0.00713524 0.00525129 -0.00526498 0.00601598 -0.00209306 0.00235653 0.00270244 0.0022131 0.00321142 -0.00550866 0.00597587 -0.00551242 0.00668223 -0.000624918 0.0043396 0.00214587 -0.00347382 -0.00441922 -0.00763842 -0.00148436 -0.00561431 -0.00540587 -0.00693521 0.00254853 0.00556565 0.00181663 -0.0061547 0.000396447 0.00448543 0.00473382 0.0021404 0.00352312 -0.00174787 -0.00619658
135353 -0.00583839 -0.00559998 -0.00074625 -0.00238895 0.00647259 0.00390387 -0.00314331 -0.00261545 0.00207138 -0.00677109 -0.00647783 -0.000368595 -0.00455856 0.00313234 0.0075717 0.00644207 0.00612688 -0.00634432 -0.00102758 0.00621557 -0.00334263 -0.00697231 -0.00494432 0.00572348 0.00526619 -0.00529861 -0.00230646 0.00733566 0.00416613 0.00243664 -0.00432682 -0.0007267 0.00632858 0.00613499 0.00755596 0.00333071 -0.0015974 0.00708199 -0.00561953 -0.002069 0.00397635 0.00031662 0.00500011 -0.00467634 -0.00455761 0.00152063 0.00278807 -0.00294638 0.00553417 -0.00509882 0.00212383 -0.00287771 0.000557423 -0.00116062 -0.0053525 0.00697422 0.00700283 0.000772953 -0.00318193 0.00610781 0.00668812 0.00495958 -0.00436449 -0.00443506
739 -0.00163 0.00709562 -0.000928593 -0.00439584 0.00659866 -0.0011999 -0.000692606 -0.00708203 -0.00178493 0.0034472 -0.00717924 0.00686389 0.00301135 -0.00357479 0.00608182 -0.00125899 -0.00739065 -0.00771376 0.00523609 -0.00313626 0.00138074 -0.0039397 -0.00213602 0.00501363 -0.00291291 0.00707482 0.00216702 0.00460814 0.000331508 0.00702761 0.00423259 -0.00673292 0.00723599 -0.00415897 0.000343442 -0.0050541 -0.00385112 0.00661562 -0.00485794 0.000103598 -0.0057373 0.00745574 0.00587418 0.00528993 0.000760707 -0.00375749 0.0057569 0.00132158 -0.00765291 -0.00705764 -0.00249252 0.00130086 -0.00475683 0.00124004 -0.00619794 0.00468354 -0.00351692 0.00351118 0.00182756 0.00395433 0.00646744 -0.00171785 0.00754718 -0.00732674
170715 -0.000917435 0.00370741 -0.00553417 0.00381088 -0.00579214 0.00490284 -0.00772095 -0.00421524 -0.00667191 0.00296211 0.00271177 0.00617456 0.00198221 0.00303984 0.00129604 -2.76566e-05 0.00580502 0.00544214 0.00280523 0.00385761 -0.00658512 -0.00660467 -0.0015049 0.000566483 0.00221777 -0.00292301 0.00292873 0.00279379 -0.000856876 -0.00681067 0.0028758 -0.000494003 -0.00574112 0.000910759 -0.000806808 0.00658703 -0.00384712 -0.00711632 -0.00332212 -0.00717115 0.00390387 -0.0023036 0.00780296 0.00693035 0.0039072 -0.00310707 0.00344467 -0.00472832 -0.00549936 -0.00702763 0.0015192 -0.00449371 0.0066514 0.00765324 -0.00774097 -0.00740004 0.00303555 -0.00374985 0.00041914 -0.00262499 -0.00123978 -7.24792e-05 -0.00122404 -0.0064497
173204 0.00481301 0.00607899 0.00441507 0.000845288 -0.0031315 -0.00528315 -0.00570451 -0.00614136 -0.00507045 0.000839277 0.00217394 0.00259894 0.00328528 -0.00156195 0.00291522 -0.00687759 0.00540615 -0.00172553 -0.00689222 -0.00395233 -0.0016134 -0.00530725 -0.00205425 0.00171147 -0.00505032 -0.00463062 -0.00736777 -0.00289125 -0.00602772 0.00466889 -0.000597808 0.0068734 0.00326022 -0.00765664 0.00358951 -0.00268651 0.006435 -0.00304011 -0.00204711 0.00694196 0.00525731 0.0074861 0.00145881 0.00131673 -0.00367093 0.00622281 0.00164072 0.00487926 -0.00101215 0.00313538 -0.00395551 0.00715245 -0.00601562 -0.00747316 0.00262941 0.00741497 -0.0029175 0.00567727 -0.00300783 -0.00667172 0.00426357 0.00289188 0.00451201 -0.00128053
172203 0.000646591 -0.00308895 -0.00664854 0.00437021 0.00311375 -0.00456429 0.000461102 -0.00148344 0.00281811 -0.00153208 -0.00641346 -0.00679302 -0.00559998 -0.00295591 -0.00273323 0.000320911 0.00575686 0.00634289 0.00100374 -0.00307226 0.00276804 0.00169945 0.00489807 -0.00553894 0.00443316 -0.00662613 0.00300217 0.00617695 0.00169563 -0.000629902 -0.00626087 -0.00360584 -0.000232697 -0.00412083 0.00518417 -0.00342655 -0.00402975 -0.00474215 0.00581455 0.00298309 -0.00582838 0.00300455 0.001019 -0.00274372 -0.0071826 0.00363445 -0.00152588 0.0014677 0.000769615 -0.00745201 0.00205517 -0.00659323 0.00233078 0.000660896 -0.00136757 -7.82013e-05 0.00378227 0.00389767 0.00368071 0.0065155 0.00469446 -0.0075593 0.0050478 0.00106955
173318 -0.00490654 -0.00192826 -0.0041938 -0.00702156 -0.00642745 -0.00481887 -0.00197501 -0.00241644 -0.00679283 0.00491752 0.00284522 -0.00132353 0.00196588 0.00559139 -0.00592791 0.00451074 -0.00217022 -0.00523181 -0.00330003 0.00662941 0.000979771 -0.00717907 0.00475166 0.00373844 0.00488324 0.0061863 -0.00458325 -0.00602925 3.2304e-06 0.00541188 -0.00628367 0.00382879 0.00403008 -0.00182504 0.00346062 -0.00535704 0.00403212 0.0032595 0.00360208 -0.00381386 0.00550924 0.00508489 -0.00286079 -0.00410855 0.00050082 0.00747602 -0.00032199 -0.00467342 0.00239049 0.000561169 0.00144789 -0.0027088 0.00656181 0.00648674 -0.00717108 0.00682871 -0.00648936 0.00188862 -0.00637809 -0.00298362 0.00508727 -0.00722104 0.00439939 0.00106158
173524 0.00446796 -0.00767899 0.0073843 2.19345e-05 0.00364971 0.00553179 -0.0022788 0.00240517 -0.00290489 0.00586939 0.00105858 0.000523567 -0.00215816 0.00736094 -0.00475979 -0.00349855 -0.00402641 -0.000956059 0.0050416 0.00178289 -0.00482416 0.00109339 0.00620747 -0.000141621 -0.00590944 -0.00591087 0.00157595 -0.00522089 0.00572014 -0.00367975 -0.000730515 -0.00542307 -0.00278187 -0.0062747 0.00575399 0.00527287 -0.000436306 -0.0026412 -0.00189161 -0.00603008 0.00383282 -0.00451088 0.00393486 0.00609589 0.00294447 -0.002913 0.00325727 0.00465536 -0.00129318 -0.00368643 -0.000419617 0.00718212 0.00492954 -0.0077343 0.0057106 -0.00548506 0.00704622 0.00296354 -0.0053606 -0.0048008 0.00276232 0.00471497 -0.00141811 0.00713682
173589 0.00605255 0.00145674 0.000230008 0.00404943 -0.00161736 -0.00101893 0.00243315 0.000860558 0.00639622 -0.00515146 -0.00150869 0.0037198 -0.0069998 -0.0066458 -0.00509958 0.00619571 0.00676074 -7.67912e-06 -0.00376301 -0.00188197 -0.00467295 0.00487902 -0.00537709 -0.00779274 -0.00671308 0.00329012 -0.00148437 0.00378866 -0.00339191 0.000229392 0.00257524 0.00439176 -0.000438026 0.000422855 -0.00412459 0.00319508 0.0062411 -0.00695744 0.00397421 -0.00406881 -0.00721047 -0.00491072 -0.0034997 -0.00233031 0.00722061 0.00651335 -0.00053814 -0.00710215 -0.00759965 0.00353766 -0.0060331 0.00365324 0.0034971 -0.00502735 0.00309152 -0.000284234 -0.000830254 0.00255956 -0.00456424 -0.00764856 0.00279579 0.00567408 0.00709777 0.00423757
60941 0.000537872 -0.00737715 0.00116491 0.00712252 -0.00247478 0.00272036 0.00725269 0.00427723 0.00521088 0.00441456 -0.00246 0.00541925 0.00620413 -0.00629234 -0.00502872 -0.00684738 -0.00230551 0.0018549 -0.00485611 0.00353003 0.00359726 0.0059824 -0.0056324 -0.00204086 0.000241756 -0.00590372 0.00231218 -0.00722933 0.00511312 0.00625753 0.00359821 -0.00130653 -0.00777292 -0.00286579 -0.00324774 0.00216675 -0.0069828 -0.00203419 -0.00324631 -0.00613451 -0.000559807 0.00127268 0.0045886 -0.00487995 -0.00306511 -0.00053215 0.00192499 -0.00615215 -0.00607252 0.00695467 0.00556993 0.0063138 0.000531673 -0.00312757 0.00543785 0.00445652 -0.00499487 0.00394583 -0.00741816 0.00322104 0.00248528 -0.00353193 -0.00524092 0.0007658
56877 -0.00358037 0.00327675 -0.00205199 0.00347688 -0.00262274 0.00490141 -0.000538764 0.000553442 0.00105613 -0.00319826 -0.00719751 -0.0050341 0.00152064 -0.000476749 0.00522293 0.00287788 0.0066126 0.00103372 0.00320141 0.00251195 -0.00126557 -0.00163498 0.00641221 -0.00477582 0.00492362 -0.00288209 0.00561443 0.00381143 -0.00663238 -0.0043084 -0.00550529 -0.00243126 -0.004524 0.00177395 -0.00775967 -0.00750204 -0.000815261 -0.00363912 0.00667918 0.00303197 -0.00384015 0.00366324 0.00327243 -0.000465001 -0.00524276 -0.00563495 0.000853215 0.00223613 0.00595765 -0.000916512 0.000666254 -0.00428587 0.00212558 0.00367429 -0.00586023 -0.00144932 -0.00378615 0.00255446 0.00606436 0.0034934 0.00692189 0.00131341 -0.00329706 -0.00272587
173666 -0.00552893 0.00050211 0.00179195 -0.00484514 0.00207329 0.00140619 0.00537395 0.000959396 -0.0062809 0.00460148 0.00231791 0.000813961 -0.00224161 -0.00607347 -0.00378323 -0.0050869 0.000910759 0.00183678 -0.0015893 0.00290251 -0.00150871 -0.000480175 -0.00742865 0.00121546 0.00506496 0.00389385 -0.00675249 -0.00692797 -0.00622845 0.00452328 0.00648022 -0.00224352 0.00603485 -0.0068326 0.00527906 0.003613 -0.00633526 -0.00414181 -0.00630665 -0.000504017 -0.00557804 -0.000395775 0.00664186 0.00412321 -6.48499e-05 0.00174284 -0.00576639 0.00493479 0.00767183 -0.00409317 0.000248432 0.00716019 0.00647116 -0.00236416 0.00538158 -0.00467825 -0.00328827 0.00171757 0.00117111 -0.00774908 -0.00224066 0.00554085 -0.00666475 0.00222015
46432 0.00313282 0.00616932 0.000446796 0.00764036 -0.00771761 -0.00395441 -0.00333881 -0.00656748 0.00630045 0.00566149 0.00505638 -0.00335789 0.00583315 -0.000655651 -0.00657558 -0.000841141 0.00288057 0.000629425 -0.00217581 0.00485659 -0.00274086 0.00336933 0.000734329 -0.00598049 0.00629234 -0.00183392 0.00473928 0.00261831 -0.000254631 -0.00159073 0.000466824 0.0036788 -0.00267172 0.00488186 0.004076 -0.00544691 0.000149727 -0.00366545 0.003654 -0.00141287 -0.00217295 -0.00562668 0.00543118 -0.00562716 0.00388336 -0.00681829 0.00355148 -0.00329924 0.00176096 0.00554943 0.00181484 0.00552511 0.00408554 0.000100613 0.00487041 0.000187397 -0.00187254 -0.00317907 -0.00209284 0.00770521 -0.00427246 0.00203085 0.00418901 0.000495911
175084 0.00750732 0.00301886 0.00511599 -0.00389814 0.00337839 0.000367641 -0.000346661 0.00490189 0.00729656 0.0013032 0.00342941 -0.00474787 -0.00234842 -0.00101662 -0.00126839 0.00642157 -0.00438833 0.00167513 -0.00493431 0.000632286 -0.00280762 -0.00388908 -0.00723791 0.00645304 0.00636339 0.00272894 -0.00633001 0.00422716 -0.00315905 -0.00229073 0.00767183 -0.0035944 -0.00261927 0.000134468 -0.00406694 -0.00528097 0.00321531 0.00544024 -0.00350475 0.00768757 0.0022049 0.000981331 -0.00186872 -0.00522518 0.00584173 -0.00512075 -0.00443697 -0.00432062 -0.00131941 -0.00289488 -0.00490952 -0.00517225 -0.00679302 -0.00666571 -0.00251389 -0.00481224 -0.00565624 0.00677681 -0.00718164 0.00208378 -0.00189304 0.00727558 -0.00593376 0.00051403
13470 0.000488321 -0.00273534 0.0035571 0.00163823 0.00042199 0.00249389 0.00161053 0.00763594 0.00423978 0.000656869 0.00766665 0.00162512 -0.000205143 -0.000475693 0.00625652 -0.000293738 0.00129144 0.0014051 0.00720711 0.00595641 -0.00736427 0.00297967 0.000867812 0.00100569 -0.00475917 0.00132644 -0.000437763 -0.00689248 -0.00593476 -0.000670228 0.004625 -0.00396044 -0.0048262 -0.00316204 -0.00405377 -0.00554598 -0.00474438 0.00741612 0.00245453 -0.00484353 -0.00444106 -0.0065887 0.00668966 0.006417 -0.0027522 -0.00601466 0.00735395 -0.00341977 0.00107621 -0.00566286 -0.00676979 0.00248498 -0.0044465 -0.00132868 -0.00410234 0.00139642 0.00266678 -0.00420301 0.00589768 -0.0020546 -0.00562775 -0.0013402 -0.0019151 0.00286823
161114 -0.00159552 0.00290316 0.00702609 -0.00493308 0.00312441 -0.00163043 -0.00231246 -0.00269394 -0.00313537 0.00499001 0.00456552 -0.00272059 -0.000216302 -0.000125173 0.002277 0.00105755 0.00304354 0.00401837 -0.00338476 -0.00255001 0.00146889 -0.00548439 0.00249388 -0.00512183 0.00194393 0.00112921 0.00726277 0.00354921 -0.0073792 -0.00762941 0.00695188 -0.000741823 0.00313416 0.0050838 -0.00420668 0.00748195 0.0077569 -0.0057148 -0.00290905 -0.000377568 0.00495894 0.000285807 -0.00163734 0.00687586 -0.0070745 0.00110276 0.00569516 0.00199359 0.00383735 -0.00242742 0.00160397 0.00130393 -0.00627408 -0.00162253 0.00493262 0.000867114 0.00131447 -0.00164966 0.00243825 -0.00559627 -0.00255602 -0.00740462 -0.00324565 0.000259164
181996 -0.00588667 -0.00520064 0.00315746 0.00184882 -0.00775198 0.00740916 0.00629216 -0.00692382 -0.00728347 -0.00772704 0.00427794 0.00283222 -0.00706203 0.006638 -0.00345332 -0.00647808 0.00741559 0.00605812 -0.00408971 0.00649982 0.00221039 -0.00398778 -0.00132593 -0.00259035 0.000802693 0.00143965 -0.00625821 -0.000546462 0.0014495 0.00507737 0.00673502 -0.00503532 -0.00539036 -0.00404455 -0.00501145 -0.00710325 0.00184267 -0.00292867 -0.00495708 0.00513689 0.00280181 -0.00441029 -0.00494251 -0.00272833 -3.04972e-05 0.00335469 -0.00364465 0.00653498 -0.0060827 -0.000587137 0.00200883 0.00303084 -0.00622059 -0.00184864 0.00604968 -0.000936015 0.00764402 -0.00564163 0.00243175 -0.0016337 -0.00326351 -0.00216332 -0.00621528 -0.00661525
147175 0.00397682 0.00270939 0.00325155 -0.00720787 0.0030961 -0.00576401 0.00695992 0.00624943 0.00712204 -0.00500679 -0.00632334 -0.000184059 -0.00196171 0.00310516 0.00659466 -0.000887871 -0.00244474 -0.00396109 -0.00118446 -0.00590706 -0.00277567 -0.00643063 -0.00187206 -0.00544882 0.00521994 -0.00611925 0.00637341 -0.000469685 0.00617504 -0.00479126 0.00400782 -0.00461006 -0.00235081 -0.00488567 0.000772476 -0.00428486 -0.00663853 -0.0077095 0.00308657 0.00343418 0.000511646 -0.00763607 -0.00468063 0.00208044 0.0019598 -0.00427151 -0.00694084 -0.0028038 -0.00255013 0.000109673 -8.63075e-05 -0.00394201 -0.00597143 -0.00409508 0.0040741 -0.00640011 -0.000154495 0.00262547 0.00243711 -0.00666142 0.00523233 -0.000526428 0.00101614 0.00617266
133386 0.00524015 0.00151953 -0.00490328 -0.00665296 0.000778476 -0.00608674 0.00260947 -0.00654343 0.00070582 0.00665861 -0.00143936 -0.00675969 -0.00525426 -0.00403735 -0.0046799 0.000874377 -0.00435969 0.00166039 0.00680984 0.00733402 -0.00360803 -0.00317213 0.00184741 -0.0042942 0.00519477 -0.00660506 0.00655342 -0.0010209 0.000234041 0.00662584 0.00652339 0.00506776 0.00118359 0.0049292 -0.00300328 0.00627207 0.00604879 -0.0046245 0.00462208 -0.0058473 0.00169974 -0.00411155 0.00541103 0.00687765 0.0059761 -0.00342325 0.00158817 -5.5067e-05 0.00148565 -0.00785022 -0.00716596 -0.00781034 0.000618318 -0.00268526 -0.00406497 0.0055549 -0.00480683 0.0029712 0.00686583 0.00193502 -0.00330613 0.00614787 0.00668096 -0.00772371
187092 -0.00135946 0.00525379 0.00538731 0.00562572 0.0049262 0.00232649 0.00387383 -0.00269365 0.00460052 -0.0026474 0.00576162 -0.00421906 0.00195026 -0.000271797 -0.00417089 0.00519657 0.000402927 -0.00406504 -0.00239086 0.00691414 0.00197363 0.00762033 0.00281477 0.00231457 -0.00161648 0.00719309 -0.00527143 0.000767708 0.000232697 -0.00291872 -0.00133657 0.0050025 0.00217772 0.00412321 0.0066576 0.00707006 -0.00699997 -0.00163317 0.00638723 0.000266075 0.00226641 0.00336599 -0.00728369 0.00457382 -0.00441074 0.000999928 0.00436258 0.00162029 0.000816345 0.00728655 0.00159407 -0.00453997 -0.00409269 0.00033617 0.00244474 0.00142336 0.00332022 -0.0012145 -0.00351715 0.0074749 -0.000196934 0.00312042 0.00674677 0.00719023
127067 -0.00735136 0.00449305 0.00639295 -0.00748931 -0.00365421 0.0076732 -0.00186961 0.00566192 -0.00511229 0.00743378 -0.00578849 -0.00309034 -0.000761531 0.00545864 0.00232079 -0.00485314 0.00281201 0.00651548 0.00416937 -0.0067305 -0.00737153 0.00425957 0.00214599 -0.00739523 0.00614809 0.00339015 -0.0051964 0.000152923 -0.000233754 -0.00513089 0.00381804 -0.000327978 0.00509709 -0.00489799 -0.00208968 0.0040683 -0.00629047 0.00111203 0.00740039 0.00583679 0.00575277 0.00458662 -0.00534973 -0.00340529 -0.00650219 -0.00397563 0.0071909 -0.00296326 -0.00184438 0.00665982 -0.00734166 0.0019901 0.00190015 -0.00497833 0.00465449 0.00216605 -0.00549415 0.000980428 0.00704894 0.00145056 0.00388368 -0.00105189 0.00522251 0.00435562
131762 0.00361824 -0.00244665 -0.00638151 0.00305367 -0.00527573 0.00581026 -0.00403118 -0.00144577 0.00273418 0.00696898 -0.00242138 -0.00628042 0.0054121 -0.0036931 0.000982285 -0.00729132 0.00157213 0.00642967 0.00444031 0.00539684 0.00174046 0.00421715 -0.00711346 -0.000636101 -0.00514221 0.00466108 0.00721836 0.000164509 -8.72612e-05 0.00461578 0.00627708 0.00150585 0.00670528 0.00355816 -0.00630665 -0.00461054 -0.00724745 -0.0043745 -0.00105143 0.00258875 -0.00759172 -0.0030942 -0.0058012 0.00727034 -0.00103903 -0.00775003 -0.00753927 0.0042572 0.00390768 0.00620222 0.00246191 0.000238895 0.00104284 -0.00518036 0.00762367 0.00555229 -0.00606871 -0.00264978 0.00386 -0.00153112 0.00628281 -0.00545406 -0.00196934 -0.00764847
187920 -0.00682449 0.00632524 0.00173044 0.000125408 -0.00361204 0.00056076 0.000387669 -0.00482845 0.0042901 0.00508404 -0.00515652 0.00684166 0.000183582 -0.0053134 0.00163937 -0.00342512 0.00328159 0.00770187 -0.000193119 -0.00343895 -0.00752306 0.00144768 0.00726843 0.000691414 0.00146246 -0.005126 -0.00661469 -0.00401688 -0.00590563 0.00768375 -0.00173426 -0.000779629 -0.00392485 0.000524998 -0.00650549 0.00262403 -0.00191164 -0.00259733 -0.00447941 0.00579405 -0.00291348 0.00115013 -0.00238371 0.0064826 0.00336933 -0.00751066 -0.00273705 0.00244856 0.00515223 -0.00148153 -0.00261259 0.00194311 -0.000492573 0.00552797 -0.00732899 0.00133276 0.00325775 -0.00113821 0.00685692 0.00553608 -0.00354385 -0.00152159 0.00478029 0.00289679
186010 -0.00683629 -0.00209549 -0.00498109 0.00146929 0.00549668 0.00353134 0.00662709 0.00690617 -0.000752556 0.00301927 0.00402845 0.00224386 0.0022991 -0.000511546 0.00622876 -0.00251033 0.00678177 -0.0011211 -0.000467699 0.00606636 -0.00174787 -0.00229686 0.00719143 -0.00188998 -0.00761207 -0.00321322 0.000664364 0.00637852 -0.000869316 -0.00682978 -0.00464206 0.00517528 0.00127532 -0.00392306 0.0045928 -0.00738256 -0.00573247 -0.00143427 0.00391622 0.0072898 3.64969e-05 -0.000832352 0.00342379 0.003162 0.0060363 0.00740477 0.0040341 -0.00591627 -0.00331825 -0.000476012 -0.00164769 -0.00459803 -0.00445892 -0.00626344 -0.0040926 0.00279684 0.00068114 -0.00692281 -0.00304588 0.00614475 0.00294104 -0.00412418 0.00591941 -0.0025359
163538 -0.00319004 -0.00584745 -0.00742817 0.00120735 0.00259209 0.00265789 0.00139904 0.00575399 -0.00461864 -0.00551176 0.00414038 0.000324726 0.00715017 0.00160551 -0.00689793 -0.00577688 0.00269508 -0.00774527 0.00505209 0.00225401 -0.00225973 0.00277662 -0.00648451 0.00110912 0.00464249 -0.00588226 0.00597572 -0.00503206 -0.00728273 0.00482225 0.00532722 -0.00743103 -0.00449419 -0.00741148 -0.00474405 0.00268507 0.00512266 -0.0013237 0.00764942 0.00649548 0.00475216 -0.00400734 0.00232697 -0.00183678 -0.00180864 -0.00735474 0.00283003 0.00524235 -0.00312519 0.00179672 0.00292492 -0.00727797 -0.00484467 -0.00352669 -0.00118351 -0.000172615 0.00365639 0.00704575 -0.00577641 0.00713491 -0.000410557 -0.00434875 0.00518656 -0.00749731
174402 0.00447893 -0.00659037 0.00551367 0.00149488 0.00756073 -0.0059247 -0.00402212 0.00330019 0.00780487 -0.00378513 -0.00244284 -0.00155258 0.00219393 7.39098e-05 -0.00443363 -0.0069294 0.00570917 0.00745726 -0.0056386 -0.00647116 -0.00683689 0.00266361 0.00633574 -0.00450039 0.00457478 -0.00594616 -0.00574732 -0.00363636 0.00735092 0.000540257 -0.00309753 0.00498724 0.00697041 7.53403e-05 0.0039916 -0.000398636 -0.000564575 0.00568056 -0.0022459 -0.00461388 0.0071907 0.00484037 -0.00718307 0.000579834 -0.00510788 0.00592804 0.00744009 0.00709772 0.00047636 0.00561714 0.000781059 -0.00239563 -0.00332737 -0.00406313 0.00618219 0.00565434 0.00589848 -0.00318909 -0.00486565 0.0077095 -0.000695229 -0.00164795 -0.00121832 -0.00383949
55922 -0.00645304 0.00188589 0.00600719 -0.00347281 0.00103712 -0.00290298 -0.00692415 0.00296736 -0.00273991 0.00177002 -0.00548744 0.0015192 -0.00159311 0.00152206 0.00768566 -0.00729227 0.00665522 -0.0058794 0.000145912 -0.00455999 -0.00551891 0.00703669 -0.000305653 0.00631571 -0.00217247 -0.00405073 0.00498199 0.00566149 0.00514126 -0.00714779 -0.00651312 2.95639e-05 -0.00665092 0.00522995 -0.000957012 0.00497961 0.000917912 0.0037055 0.00452232 0.00475359 -0.00468731 -0.000381947 -0.00315952 -0.00421572 0.00312233 0.00307131 -0.00760651 -0.00559282 -0.00545168 0.00352716 0.00508642 0.00633335 0.00614548 -0.00214243 -0.000558376 -0.00549507 -0.0064888 0.00481653 0.00407743 -0.000858307 0.00718546 -0.00291729 0.00616026 -0.00652647
157561 -0.00403357 0.00233793 0.00525188 0.00397396 0.00276661 0.00766468 0.00340319 0.000451565 -0.00527763 -0.00315952 -0.00258207 0.00670147 -0.00106764 0.00482035 0.000133991 -0.000427246 0.00428247 0.00336123 0.000401497 0.000267029 0.00386143 0.00207186 -0.0020256 0.00386381 -0.00220203 0.00697565 0.00737095 -0.00536823 0.00290203 0.00211334 -0.00494957 0.00561857 -0.00168705 0.00252867 0.0033288 0.00133371 -0.00584126 0.000410557 0.00350904 -0.00486183 -0.00381279 -0.0066433 -0.00272274 -0.00734282 0.00649452 -0.00533533 0.00258255 0.000953674 0.0051837 -0.00413752 0.00555706 0.00728178 0.00620937 0.0001297 -0.000927448 -0.00472021 0.00723505 0.00307798 0.00197983 -0.003829 0.00489044 -0.00733376 0.00776052 -0.00716496
26568 0.00462675 0.000961304 0.00663614 0.00244188 -0.00656843 -0.00171852 -0.0013895 -0.00073719 0.00772905 0.00617647 0.000871181 0.00334406 -0.000898838 0.00102806 -0.00172949 -0.00333166 0.00515223 0.000359535 -0.00343704 -0.00752354 3.33786e-05 -0.00261784 0.0021224 -0.00248718 -0.00555468 -0.00475836 -0.00593472 0.00535822 -0.00598764 -0.0060091 -0.0062499 -0.00500917 -0.00477982 -0.00574017 0.000704765 -0.0053854 0.00280905 -0.00435638 -0.00629187 -0.00260592 -0.00217962 0.00689983 0.000444412 -0.00773382 -0.00356722 -0.000889778 -0.00303984 0.0058322 0.00378752 0.00639629 -0.00027895 -0.00336552 0.00293732 -0.00716543 0.00211477 -0.00218344 0.00187397 0.00267315 -0.00679445 0.00572538 -0.00248384 -0.0062604 0.00745821 -0.00517607
147825 0.00460549 -0.00386966 0.0057418 -0.0060114 -0.00723265 -0.00385762 0.00505308 -0.00488633 0.0047411 -0.000127725 0.00731843 0.00426282 0.00204364 0.00463318 0.00404871 0.00611739 -0.00764001 0.0049352 -0.0021306 -0.00435266 0.000808155 -0.00528966 0.00528253 0.00443294 0.00114365 -0.000792263 -0.0032133 -0.0060014 -0.00470267 0.00444668 0.00517437 -0.0039338 -0.00351854 0.00617429 -0.00156289 -0.00142723 -0.00415311 -0.00297001 -0.0024841 0.00335797 -0.00392502 0.00642548 0.00485518 0.00352934 0.00341598 -0.00423904 0.00479257 -0.00409396 0.000829654 0.0042271 -0.00707948 -0.00605383 -0.0053994 0.00512298 -0.00223047 -0.000227905 0.00251404 0.00685916 0.00558321 -0.0043007 -0.00204547 0.00109435 0.00131046 -0.00782607
164299 0.00441447 -0.00593815 0.00590535 0.00407863 -0.00288694 0.00499977 -0.00568406 0.00708858 -0.00665264 0.00256925 -0.00438893 -0.00126874 0.00313139 0.00672704 -0.00412996 -0.00489125 0.00381342 -0.00197127 0.00578055 -0.00590277 0.000480692 0.00384006 -0.00724998 0.00274079 -0.00772359 0.00249612 -0.00749137 0.00260528 9.61573e-05 -0.000805293 0.005876 -0.00231205 0.00672972 -0.00640223 -0.00391554 0.00356621 -0.00312601 0.0044976 -0.00159941 -0.00312485 -0.00554962 -0.00292157 0.00116371 -0.00384054 0.00326866 0.00298951 0.000672665 -0.00274787 -0.00107363 -0.00250613 -0.00169956 -0.00439547 0.00288012 -0.0042206 -0.00122757 0.00657726 -0.00471554 -0.00453946 -0.00347074 0.00418177 -0.00428139 -0.00778224 -0.00677927 0.00120183
194851 0.00475302 -0.00687302 0.00280666 0.00348459 -0.00507746 0.00515468 -0.00718781 -0.000314239 0.00445655 8.44608e-05 -0.000439927 -0.000405759 0.00546082 0.00612927 0.00697234 0.00153737 0.00688579 -0.000624387 -0.00174175 -0.0041215 0.00127224 -0.00484424 0.004545 -0.00593375 -0.00314423 -0.00323899 -0.00262726 0.00298046 -0.00597784 -0.00143614 -0.00421149 -0.00339883 0.007118 -0.00199861 0.00087225 0.0077194 0.00616879 -0.00557396 0.00306437 0.00109628 0.00452028 0.00760607 0.00355192 -0.00523884 -0.00479112 0.000137126 -0.00179209 -0.00326007 -0.00698104 0.00210298 0.00558743 0.00541431 -0.00522618 -0.00594769 -0.00570758 0.000303873 0.00524811 0.00304343 -0.00610608 -0.000866763 0.00368875 -0.000932352 -0.00516798 -0.00109088
179136 -0.00147233 -0.000495166 -0.000251694 0.00210902 -0.00184447 0.00038329 0.00340838 0.00765411 -0.0012299 0.00148276 -0.00192638 -0.00380662 0.00438526 -0.006075 0.000224837 -0.0073028 -0.0074054 0.00544645 -0.00761402 0.0010338 -0.00246806 -0.00605394 -0.00524487 0.00330708 0.00482036 -0.00304565 0.00398425 0.00593994 0.00168419 -0.000533117 -0.00163512 -0.00277977 0.00225542 0.00597589 -0.00332172 0.00133549 0.000461532 -0.00213501 -0.00508457 4.31351e-06 -0.00136011 -0.00369883 0.00270083 0.000369195 0.00190876 0.00564519 0.00324824 0.00464728 0.00129318 -0.00495926 -0.00331487 0.00398467 0.00763817 0.00555819 -0.00299216 0.00202101 0.00283383 -0.00624042 0.00205509 0.00305125 -0.00429093 -0.000903851 -0.00557481 0.00158895
197557 0.00204325 -0.00402594 -0.00767374 0.00198078 -0.00470591 0.0022378 0.00555754 -0.00456953 0.00725937 -0.00754547 -0.00644398 0.00131321 0.00304604 0.000239372 -0.00686407 0.00627851 0.00653076 0.00486088 -0.00259256 0.00183725 0.00703812 0.00201511 0.00336647 0.000804424 -0.00169277 -0.00538349 -0.00279999 -0.0011034 -0.00698328 0.00662708 -0.00209284 -0.00376368 0.00456476 -0.00360727 0.00640965 -0.00179958 -0.00438595 0.00688696 -0.00361872 0.000972271 0.00385237 0.00745201 -0.00291777 0.00624323 0.00698185 -0.00118303 -0.00180769 -0.00769711 0.00300694 -0.0077734 -0.00745392 -0.0046711 -0.00716019 -0.00303125 -0.00386381 -0.00625515 -0.00246 0.00212812 0.00192261 -0.000540733 0.000328064 -0.00689697 0.00368071 0.00197935
91085 -0.00743093 0.00434251 -0.000441644 -0.00266972 -0.00171639 -0.00114396 0.00217736 -0.00221992 0.00620647 -0.00225319 -0.00375378 0.00431288 -0.00322835 0.000494118 -0.00453431 -0.00595794 -0.00722851 -0.00596176 -0.000881112 -0.00160235 -0.00709249 -0.00227761 9.99972e-05 -0.00407016 -0.00146304 0.00474165 0.000913425 -0.00732497 -0.00734949 0.00135173 0.00221322 -0.00185868 0.00302377 0.00279227 -0.00169926 0.00425589 -0.000355387 0.00570837 0.00645241 0.00361364 -0.00745067 -0.000606191 -0.00695173 -0.00216123 0.00186288 -0.00193451 0.00448012 0.00130523 0.000796891 0.00181241 0.00632527 0.0068655 0.00332565 0.00524681 0.00435031 -0.00343651 0.00666477 -0.00764516 -0.0021342 -0.00473643 0.00700541 0.00534705 -0.00476594 0.000657664
12113 0.00207376 0.00737953 0.00138569 0.00582361 -0.0044055 0.00179482 0.00396299 -0.0052309 -0.00466537 0.00306511 -0.00708866 0.00232506 0.00432968 -0.00642157 -0.00649405 -0.00633287 -0.00307608 -0.00713348 0.00678682 -0.00141287 0.00415421 -0.00150061 -0.00632429 0.00586319 0.00330782 0.00324059 -7.48634e-05 0.00591326 0.00178003 0.00399399 -0.00435877 -0.000395298 -0.00555944 0.00400877 -0.00470734 0.00202894 -0.00285912 0.00198889 0.000684738 -0.000261784 0.00743437 0.000826359 0.00469923 -0.000377178 0.00140095 -0.00163746 0.00451756 0.00293398 0.00514889 -0.00711584 -0.00348854 -0.00425053 0.00612831 -0.00298357 -0.00473404 -0.00748348 -0.00716782 -0.00102901 0.00203705 0.00521517 -0.00260258 0.00542784 -0.00362349 0.00602961
44219 0.00780344 -0.00435495 0.00120497 0.00607204 -0.000817299 -0.000810146 -0.00179958 0.00553846 -0.00218821 0.00189066 -0.00620699 0.000351429 0.00542831 0.00178194 -0.00301027 0.00378847 -0.00568628 -0.002244 0.00620508 0.00252581 0.00391102 -0.00167084 0.000699043 -0.00690126 0.00254822 0.00510502 0.00254107 0.00258207 -0.00184631 -0.00415564 0.00158024 0.00511599 -0.000962734 0.00235033 -0.00315905 -0.00254345 -0.00386858 -0.00442314 -0.00630188 0.00455236 0.00525188 0.00129509 0.0071249 -0.00292397 -0.00297022 0.00247478 0.00412083 0.00753355 0.00308037 0.00483942 0.00748205 0.0050106 0.00729513 -0.00636959 -0.00284529 0.00267744 0.00459051 0.00178814 0.00320292 0.0049839 -0.00776577 0.00195694 -0.00462103 0.00303936
199701 -0.0051589 -0.00122499 -0.00541258 0.000119209 -0.00246477 0.00260448 -0.00440311 -0.00546694 -0.00226259 -0.00445795 0.00129557 -0.00445509 0.00321007 -0.00726795 -0.00778437 -0.000407219 -0.00069046 -0.00266981 0.00662565 0.00248289 -0.00566483 -0.000986099 -0.00133276 0.00606728 -0.00595856 0.00187922 -0.00641775 0.00132322 -0.00141239 -0.00274181 0.00438023 -0.00427771 -0.00201178 -0.00771379 -0.00537682 0.00430632 -0.00317144 -0.00586796 -0.0077033 -0.00577068 -0.00254965 -0.00177717 -0.00117683 -0.000934124 0.00360918 0.00537109 0.00130987 0.00201178 0.00506258 0.00676489 -0.00228882 0.00740623 0.00509596 -0.00702381 -0.000749111 -0.00654793 0.00455761 0.00407791 -0.00209427 -0.00631237 0.00442266 -0.00423336 0.00392246 8.29697e-05
200311 0.00294937 0.00734132 0.000549293 -0.00216851 0.00257766 0.000166541 -0.000946267 -0.00348161 0.0026437 -0.00686029 -0.0056105 -0.00711725 -0.00699907 0.00436948 0.00454335 -0.004668 0.00284172 0.00363865 -0.00614045 -0.00143845 0.00102903 -0.00545953 0.00414366 0.00726765 -0.00101008 -0.00707324 -0.00305588 -0.00265411 -0.00355016 0.0051412 -0.00379759 0.00716209 -0.0040958 0.00735339 0.00373813 -0.00271051 0.00725683 -0.00249589 -0.00453127 -0.000374437 0.0032895 -0.00317603 0.00173488 0.00667016 -0.00305815 -0.00579784 0.00190667 -0.00328615 -0.0018717 0.00680329 -0.00403168 -0.00088094 0.00560505 0.000760689 -0.00141064 0.00155111 -0.00558897 0.00129195 0.00612774 -0.00611324 0.0078037 -0.00450666 -0.00536892 -0.00226626
126784 0.00158967 0.00410166 -0.000968535 0.00122567 0.00282743 0.00344661 0.00365635 0.00717331 -0.00335995 -0.00399738 0.00674264 0.0051376 -0.00641578 0.00428945 0.0046481 -0.00255324 0.0036778 0.00530471 -0.00722183 -0.00136681 -0.00508604 0.00233982 -0.00534497 -0.00175981 -0.000439546 0.00103418 -0.00254518 -0.00632952 -0.00703714 -0.00699153 -0.00736414 0.00485263 0.00520301 -0.00484087 0.000245813 0.00576717 -0.00361206 -0.00227829 -0.00559094 -0.00310724 0.00295769 -0.0054832 -0.00125819 -0.00250731 0.00749554 -0.00481404 0.00395111 -0.00582413 -0.0072574 0.00530354 0.00762178 -0.000219453 0.00708166 -0.000746414 3.51095e-05 -0.00661762 -0.000730537 -0.0033119 -0.00680516 0.00467506 -0.000329799 0.00195927 -0.00517238 0.00439655
111340 -0.00076155 -0.00478806 -0.0065884 0.00456653 -0.00544168 0.000547115 -0.00331478 -0.00121652 0.00290424 -0.00237399 0.00173918 0.00607167 0.000281322 -0.000782483 0.00227662 0.0045605 -0.00724794 -0.00127842 0.00482274 0.00280691 0.00163714 0.000749119 0.00239569 0.00398524 0.00129321 -0.00566056 0.00338693 0.00113234 -0.0028786 0.00460541 0.00148343 -0.00672799 -0.000791697 0.00485011 -0.000748364 0.0044591 0.00351272 -0.00535467 0.00371357 0.00129377 9.17626e-05 -0.00348176 -0.00382318 0.00388064 -0.00448483 -0.00452947 -0.0023948 0.00475509 0.00717746 -0.00520987 -0.0010151 0.005584 -3.49471e-05 -0.00585732 0.000615521 0.0056011 0.00511055 0.00135044 -0.00529601 0.0017409 0.00074678 -0.00745762 -0.00723582 0.00499005
175018 -0.00332975 -0.00522327 -0.00506067 -0.0057497 -0.0024538 0.00309944 0.00444841 -0.00173569 0.00548601 -0.000662804 -0.00270081 -0.00721169 0.000594616 0.00360203 -0.000695705 0.00748491 2.09808e-05 0.0038743 -0.00767231 0.00339413 0.00760031 0.00724888 0.00484562 -0.00515938 0.00204134 -0.0044322 -0.000409126 0.00712824 -0.00557852 -0.00215626 0.0070219 0.000386715 0.00605774 -0.000309467 -0.0075984 0.0071373 -0.00247765 -0.00409126 -0.00103235 0.00456667 0.00612211 0.000198841 -0.00751019 0.00344563 0.00697899 0.00564432 -0.00343323 -0.000313282 0.0050416 0.00681257 0.00645971 0.00485611 -0.00184536 -0.0010004 0.00518656 0.00474644 0.00601912 0.00295115 0.00717735 -0.000161648 -0.00732374 -0.000648499 8.82149e-05 -0.00762129
201771 0.00233841 -0.00672102 0.00695133 -0.00422716 -0.00754452 -0.000831127 -0.00137043 -0.00647259 -0.00365734 -0.00538635 0.00375891 0.00155735 0.00550318 -0.00709057 0.00551701 0.0048542 0.000843525 0.00143766 0.00364923 0.000443459 0.00729895 0.000153065 0.00297785 -0.00424051 0.00731611 0.0041523 -0.00568867 0.00686407 -0.00605106 0.000842571 0.00148344 -0.000613689 -0.000973225 -0.00244284 -0.00517893 0.00411367 0.00214672 0.00138569 -0.0052371 0.00635624 -0.00655174 -0.00480413 -0.00594521 -0.00273275 0.00217628 -0.00276089 0.00661945 0.00499201 0.00460482 0.00268412 -0.00347328 -0.00616932 0.00771713 0.00385523 -0.00483608 -0.00384903 0.00345659 -0.00310612 0.00377417 0.00587893 -0.00380898 -0.000264645 0.00510025 -0.00171137
201423 0.00132881 0.00476484 -0.00621563 -0.00443581 -0.000945012 0.00035261 0.00559823 -0.00413767 0.00642232 0.000374228 -0.0077743 -0.00169517 0.00251845 -0.00274152 0.00724646 0.00312698 -0.00603403 -0.00433486 0.00112306 0.00188559 0.00286524 -0.00311434 0.00557945 -0.00736663 -0.000720093 -0.00399895 0.00363643 0.00338764 -0.00314069 0.00269536 0.000452038 0.00260378 0.00620764 -0.00705041 -0.00183642 -0.00649364 0.00194583 0.00309418 -0.0021096 -0.00153941 0.00479825 -0.00546948 -0.000635245 -0.00574121 -0.00408813 -0.00351603 -0.00548178 0.00756171 0.000726064 -0.00166553 0.00571665 0.007685 -0.00433275 0.00661756 0.00666564 -0.00688622 0.00697529 0.00202737 -0.00333263 0.00337743 -0.0070749 -0.00550444 0.00385973 -0.000135444
180352 0.00218391 0.0041461 0.00571489 0.00343847 -0.0020318 -0.00524998 -0.00313282 -0.00677824 -0.00356817 -0.00542402 0.0042243 0.00354624 0.00259256 0.00768566 -0.00155258 0.000860691 0.00153399 -0.00128412 0.001863 0.00777578 0.00424147 0.00711155 -0.00213528 -0.00500584 -0.00083065 0.0016861 0.00460052 0.00745773 -0.00345039 0.000406265 -0.00396395 -0.0011549 0.00089407 0.00374937 0.00194168 -0.00303555 0.00494909 0.000903606 0.00741339 -0.00395203 -0.00319338 0.00340414 -0.000911236 -0.00462198 -0.00470018 0.00610685 -0.0025816 0.0021162 -0.00398254 0.00196314 0.000282288 -0.00410795 -0.000683308 -0.00262117 0.00543213 0.00115252 0.00266075 -0.00163698 0.00580788 -0.000801086 0.00366879 -0.00762463 0.000198841 -0.00221109
145974 0.00559901 0.00544879 0.00705018 0.00587038 -0.00662806 -0.0060386 -0.00107327 -0.00313499 -0.00270283 -0.00593915 -0.00478101 -0.00109059 -0.00676666 0.00746939 -0.00315677 0.00457737 0.00672851 -0.000924992 -0.000569377 -0.00517494 -0.00198936 0.00134286 0.0043565 0.00423379 0.00470009 -0.00280501 -0.00233754 0.00653527 -0.00579076 -0.00139269 0.00388742 0.000473085 -0.00441063 -0.00680062 -0.00221293 -0.00306249 -0.00422953 0.00243502 -0.00119334 0.00661033 -0.00333034 0.00363358 0.00739443 -0.00599339 -0.000453698 0.00553011 -0.00236459 0.00681011 0.00097169 -0.00180042 0.00124049 -0.00649567 0.00131067 0.00526931 -0.00365825 0.00224202 -4.44004e-05 0.0045725 -0.0034553 -0.00744677 -0.00564225 -0.00596717 0.00587133 0.000329327
203020 0.00440931 -0.000725269 0.00119352 -0.00295925 -0.00281334 0.00171518 -0.00104713 -0.00531673 0.000960827 -0.00760365 0.00676012 0.00494576 0.00106239 0.00325251 -0.0035677 -0.00278378 0.000423431 -0.00671291 -0.004704 -0.00569916 -0.00587368 0.00479412 -0.00538397 -0.00147104 0.00592995 -0.00258684 0.00667667 -0.00416565 -0.00120878 -0.00572062 0.000494957 -0.0036974 -0.00517416 -0.00512505 0.000833511 -0.000627995 -0.00202179 0.00759506 0.00236654 -0.00156784 -0.00766325 0.000376225 -0.000703335 0.00675392 -2.86102e-06 -0.00258732 0.00102329 0.000748158 0.00265837 -0.00469971 0.00603199 -0.0031395 0.00772381 0.00475883 0.00773859 0.0018487 0.000597477 0.000649452 0.00444937 0.00587606 0.00144863 -0.00730801 -0.00657558 -0.00745916
205219 -0.000625555 -0.000401305 -0.000649211 -0.00534577 -0.00209904 -0.00165787 0.00771926 -0.00198506 0.00713312 0.00646545 -0.00567446 0.00321091 -0.0020836 -0.00604452 -0.000812448 0.000877185 -0.00295571 0.00113338 -0.00130394 -0.00145318 -0.0052178 0.0036861 -0.00688566 -0.00495038 0.000556297 -0.00602569 0.000897813 -0.00603229 -0.00408144 0.00773554 0.00149124 -0.00134978 -0.00453944 0.00320436 0.00272593 0.00244832 -0.00374948 -0.00724294 -0.00638924 -0.00540164 -0.00473405 0.00671734 0.00459169 -0.00432529 -0.00401243 -0.00754938 0.00558632 0.0020829 -0.00412634 -0.00647927 0.00444066 -0.00576221 0.00120992 -0.00625534 -0.00247813 -0.00237234 -0.00160548 0.00536872 -0.00513398 0.00712992 0.00651381 0.00461553 0.00587735 -0.00163438
151689 -0.000998482 -0.00302806 0.00485536 -0.00706537 0.00744482 0.00320995 -0.00316203 -0.00524995 0.0077372 -0.00143227 -0.000610532 -0.0013243 -0.00519301 0.00183044 -0.000771803 -0.00143931 0.0031254 0.00345487 -0.00456806 0.00763433 -0.00570355 0.00760702 0.000808658 0.00318414 -0.00585555 0.00183892 0.00420239 -0.00382433 -0.00543713 0.00467282 -0.00100239 -0.00360513 0.00206119 0.0048801 0.0029688 -0.00355691 -0.00143411 0.00461582 0.00280862 -0.00529726 -0.00653337 -0.00339745 -0.00166005 -0.00693965 -0.00546805 -0.00663124 0.00156175 0.00553776 -0.00111248 0.00101022 -0.00599752 -0.00252626 0.00339683 -0.00646891 -0.00597136 -0.00493979 -0.0049245 -0.0013831 0.00336035 0.00319973 -0.000945485 0.00726748 0.000164204 0.00281267
161412 0.00398441 0.00545814 -0.00226615 -0.006076 -0.00130499 -0.00333823 -0.00735854 -0.00381223 0.00246506 0.00122162 -0.00682048 0.00414386 -0.00517276 -0.0054639 -0.0015479 -0.00331935 0.00180605 0.00448364 -0.00524571 -0.00179282 -0.00515059 0.00273344 -0.00485103 -0.00676348 0.000125291 -0.00308305 0.00142508 0.00542423 -0.00403985 0.00544989 -0.00699655 0.00180979 -0.00418315 -0.00565457 -0.00678163 -0.00483579 0.00517525 0.00400902 0.00549825 0.0061613 -0.0016145 -0.00130664 -0.00535439 0.00782027 -0.00510668 -0.00486278 0.00255721 -0.00201163 0.00657829 0.0025099 -0.00433662 -0.00507606 -0.0029854 0.00201943 0.00208314 0.00737951 9.76067e-05 -0.000734118 -0.00472613 -0.00677175 0.00758234 0.00146214 0.00363678 -0.00140468
206705 0.00719973 -6.99174e-05 -0.00306264 0.00748588 -0.000798436 -0.00195947 -0.00192516 0.00582849 -0.00106419 -0.0076497 0.00144718 -0.00671424 -0.00664913 -0.0056234 0.00659305 -0.00609512 -0.000368561 0.000677216 -0.00190669 0.00161038 0.00644309 -0.00130846 -0.00725256 0.00579678 -0.00711236 -0.00580024 0.000843856 0.00136779 -0.00659366 0.00694299 0.00691186 0.00376566 -0.00302776 0.00516724 0.00420734 0.00453199 -0.00719857 0.00636996 0.000701651 -0.00267384 -0.00201034 0.00260271 -0.000114437 -0.00587952 0.00406888 0.000577618 -0.00120122 0.00547625 0.00595888 0.00615146 0.00691803 -0.00155556 0.00367961 -0.00630105 0.00311686 -0.00675003 -0.000494481 0.00278991 0.0062075 -0.000266902 0.00600325 -0.00415024 0.00453215 0.00197963
99699 -0.0062418 -0.00553942 -0.00191402 0.00440359 -0.00253677 0.0033083 -0.00745249 0.00379801 -0.0032196 0.00447464 -0.00458813 -0.00544357 -0.00650501 0.000215054 -0.00567436 -0.00336695 -0.00463247 -0.00376225 -0.000911713 -0.00549793 -4.29153e-05 -0.00271702 0.00232887 -0.00441265 0.00136566 0.000844479 0.0028944 0.00260544 0.00378513 -0.00169659 -0.00619078 -0.00106335 0.00229836 0.00056839 -0.00365162 0.00708914 -0.00704908 0.00374889 -0.00480366 0.00687027 0.00378275 0.0057025 -0.00312424 0.0077033 0.00571728 0.00460529 0.00391006 -0.000787735 0.00749779 -0.00336075 0.00189638 -0.00362492 0.00606489 -0.00230551 0.0019722 -0.00287151 0.00282145 -0.00319338 0.00145769 0.00622034 0.00716829 0.00685072 -0.00108433 0.00569248
49346 0.00339222 -0.00478649 0.00454092 -0.00545883 0.00541353 0.00058651 -0.00538921 -0.00643826 0.00358915 -0.000142574 0.000914574 -0.00269651 0.00621891 0.0031147 0.00264454 0.00351 -0.00443745 0.00323868 -0.000839233 -0.00739765 0.00102425 -0.0075202 -0.00638151 0.0031991 -6.67572e-05 0.000608921 0.000244141 0.00436115 0.00482559 0.00767612 -0.00725746 0.00742912 0.000789642 -0.00154257 0.000381947 -0.00686169 -0.00198793 -0.00400019 0.00360394 0.00312996 0.00373459 -0.00239849 0.00758553 0.00279713 0.00686789 -0.00561953 -0.00752115 0.00520563 -0.00177526 -0.00223303 -0.0062542 0.000529766 -0.00537348 0.00407982 -0.00430393 -0.00675821 -0.00391579 -0.00760317 0.00101948 0.00399637 0.000568867 -0.00375557 0.00629282 -0.00530243
164882 0.00557032 0.000572677 -0.00374537 -0.00442582 -0.00407747 0.00145089 -0.000653979 0.00208119 0.00346097 -0.00457124 0.00473018 -0.0013189 0.00342907 0.00193946 0.0022139 0.00535211 -0.00103063 -0.00534009 0.00756056 0.00381944 -0.00382142 0.00171782 0.00661624 -0.00105823 0.00198566 0.000650784 -0.00665629 -0.00597056 -0.00228133 -0.00708158 0.00367418 -0.00533082 0.0048689 -0.00669942 -0.00765645 0.00770591 -0.00742705 0.00640551 0.0014934 -0.00647909 -0.00633633 0.00695883 -0.000737878 0.00389903 0.00676814 -0.00388824 -0.00623287 -0.00527166 0.00423274 -0.00576537 0.00342862 -0.000709805 -0.00113274 -0.0048804 0.00476673 -0.00513544 0.00441056 -0.0071792 0.00144137 0.00779568 -0.000886731 -0.00389882 0.00710412 -0.00699411
163734 -0.00683546 0.00112057 -0.00774908 0.00171423 -0.00345755 -0.00599194 -0.00597572 0.00160599 0.0039053 0.000338554 0.00148058 0.00366783 -0.00394964 0.0033865 0.00277901 0.000771523 -0.00347471 -0.00178814 -0.00553083 -0.00302982 -0.0046072 0.00335169 -0.00461197 -0.00780201 -0.00252485 0.000339508 0.00608683 -0.00193167 0.00709581 -0.0021677 0.0031352 -0.0036068 0.00350904 0.00304699 0.00297976 -0.00577545 0.000286102 0.00355101 0.00345325 -0.00670195 -0.00714588 0.00773239 -0.00613976 -0.00356722 -0.00317669 -0.003016 -0.00201082 -0.00624275 -0.00307083 -0.00580788 -0.00277948 0.00444889 -0.00639868 0.00780344 -0.00503588 0.00747824 -0.00176907 -0.00643969 0.00709009 -0.00670099 -0.00772572 -0.000564575 0.00520802 0.00121975
208693 -0.00185585 -0.00477266 0.00371838 -0.000598431 -0.00422621 0.00547075 0.00498581 0.00346804 0.00467491 0.000248432 -0.00644732 -0.00620413 0.002882 0.0063138 0.00625229 -0.00377846 0.00260258 0.00248098 0.000386238 -0.00439167 0.000840664 -0.000809669 -5.19753e-05 0.000135899 -0.000192642 0.00683641 0.0076828 0.00387526 0.00289297 -0.00411224 0.00672102 -0.00635052 -0.00648403 0.00651264 -0.00730658 -0.00227451 0.00573826 -0.00489092 0.000693798 -0.00577497 -0.00290298 -0.00266218 0.00549746 0.00492382 0.00753927 0.00755358 0.00315046 0.00481892 0.00240374 -0.00202608 -0.00391054 0.00439644 -0.00727654 -0.00688219 0.0024004 -0.00253582 0.00265884 -0.00214863 -0.00111055 0.00649405 -0.00704145 0.00706816 -0.00331545 -0.00354004
208711 -0.00225034 0.00474054 0.00281289 -0.00154789 0.00558748 -0.00733328 0.00393698 -0.00444578 -0.00234375 0.00428672 0.00679817 0.00530264 0.00362916 0.0018091 0.00677463 0.00599011 -0.00746749 0.00385901 -0.00447905 -0.000164836 0.00693742 -0.00114198 0.00565012 0.000857801 -0.00106072 0.00389407 0.00639121 0.00669924 -0.00590452 -0.000397397 0.00664178 0.0065846 -0.0048858 0.00602242 -0.00781242 -0.00712055 0.00129782 -0.00345148 -0.00784223 -0.00408155 -0.00554814 -0.00339379 -0.00638652 -0.000805419 -0.000939527 -0.000639765 -0.000537279 0.0070389 0.00773022 -0.00191149 -0.00242757 -0.00471568 0.00233634 0.00371441 -0.00712093 0.00154952 0.00373983 0.00112222 -0.00316488 0.00745501 0.0062765 -0.00366421 0.00105832 -0.00514118
181092 -0.00726223 -0.00327682 0.000691891 0.0010128 -0.00126791 -0.00145674 0.00141382 0.0047946 -0.00174665 -0.00184345 -0.00323296 0.00406647 0.00140619 0.00429153 0.00618553 0.00514507 -0.00374413 0.00673008 0.00466776 0.00187635 3.43323e-05 0.0041132 0.00552177 -0.00401783 -0.00735855 -0.00136185 0.00270081 -0.00618553 -0.00242519 -0.00183105 0.00270653 0.000516415 0.00511503 -0.00402117 -0.00676775 -0.00647545 0.00290346 -9.9659e-05 0.000395298 0.00578213 -0.00376654 0.00297308 0.00360632 0.00371695 0.00194502 -0.00138378 0.000555515 0.00286579 0.00762272 -0.00508356 0.0069809 -0.00318193 0.00497675 0.00605965 0.0024519 0.00173283 -0.00463295 0.00674152 -0.0025382 -0.00476742 -0.00177574 -0.000534058 -0.00132084 0.00504637
179945 0.00718174 -0.00692128 0.000810776 0.00122357 0.00291837 -0.00453465 0.000521789 0.00348681 -0.00168404 0.00654719 0.00492843 -0.00490341 0.00720464 0.00491545 -0.00130442 -0.00756692 0.00480722 0.00737836 -0.00191286 0.00190219 0.00597378 -0.00665444 0.000612492 -0.00520854 0.00211615 0.00612372 0.00485163 0.00746636 0.00667647 0.00403975 0.00290676 -0.00436152 -0.00315696 -0.00562768 -0.00480065 0.00552913 0.00284883 0.00505452 -0.00700309 0.00781688 0.00622393 0.00599728 -0.00513713 0.00395695 0.00756337 -0.00753503 -0.00335825 0.00275413 0.00483124 -0.00347019 0.00626877 0.00508964 0.00685456 0.00605867 -0.00305556 0.00349993 -0.00521341 -0.00561185 0.00519333 -0.00752307 0.00523203 -0.00635859 -0.00647975 -0.00395085
210211 -0.00504536 0.00776822 -0.0013338 0.00113099 0.00648781 -0.00493236 -0.00376219 0.00289427 -0.0023993 -0.000357437 0.00244598 0.00679428 -0.00711447 0.0024818 0.00178441 0.00548927 0.00120893 -0.00553371 0.000652519 0.00774829 -0.00451423 -0.000360767 -0.000352643 -0.00108036 -0.00611265 0.00223167 -0.00231197 0.00365252 0.00692266 0.00636966 0.00704742 0.00427185 -0.00159969 -0.00436009 0.00542964 -0.00413368 0.00142744 0.00396057 -0.00749251 -0.00622534 0.00451365 0.00308473 -0.00275169 -0.0067723 -0.000458763 0.00712523 0.00134209 -0.00648352 -0.00574463 0.00331678 0.000690481 -0.00712455 0.00613858 0.00150317 -0.00314505 0.00447602 -0.00406773 -0.0012882 0.00081901 -0.00178033 -0.00682259 -0.00453916 -0.0028054 0.00777898
149715 -0.00422438 9.01157e-05 -0.00230254 -0.0049919 0.00589421 0.00105625 0.00711035 0.00654615 0.00366371 0.00209083 -0.000498912 -0.00274375 0.000674918 0.00370769 -0.00600995 -0.00390883 0.00763068 -0.00428262 -0.00191686 0.00389317 -0.00570174 0.0012798 0.00356768 0.00210808 0.00483678 0.00189224 0.00509829 -0.00669589 0.00734794 0.00200358 0.00730938 -0.000379518 -0.00129206 0.0020895 0.00778292 0.00164488 0.00658138 -0.00351681 -0.00212801 -0.0054685 -0.00519867 -0.000496034 0.00136088 0.00373699 0.000546518 -0.00146873 0.00492717 0.00119269 -0.00592646 -0.00777204 0.00353824 0.00329876 -0.00676298 -0.00191852 -0.000878077 -0.00541514 0.000470472 -0.000518542 0.00447232 0.0038096 -0.00145134 -0.00205124 -0.00195943 -0.00626351
107334 -0.00519848 -0.000257969 -0.00654936 0.000497341 0.00517273 -0.00618267 -0.00309563 -0.00543737 0.000560284 -0.000369549 -0.00145626 -0.00511599 0.00247383 0.00743866 -0.0072279 0.00194216 0.00733376 -0.000339031 -0.000255108 -0.00174665 0.00447083 0.000169754 0.00554132 0.00582647 0.00142574 -0.00328064 -0.0037055 -0.00497532 -0.00644827 -0.00420713 0.00376701 -0.00603676 -0.0053792 -0.00742197 -0.00608397 0.00537205 0.00294685 0.00597858 0.000297546 0.00191212 0.00410175 -0.00738144 0.00573254 -0.00247955 -0.00589466 -0.00712442 0.00533962 -0.00298548 -0.00083065 -0.00522041 0.00435209 -0.00660372 -0.00224876 -0.00619936 -0.00680447 0.00260353 0.00225163 -2.38419e-06 -0.00299597 -0.00736189 0.0029788 0.0017972 0.00766802 -0.00630665
211981 0.000460911 -0.00274858 0.00496319 -0.00379284 0.000655383 -0.00733584 -0.000108581 0.00164876 -0.00414598 0.00133288 -0.00582085 0.00467994 -0.00639748 0.00476821 -0.00766339 0.00599385 0.00679688 0.00279336 0.00698617 0.00656068 0.00484219 0.00584148 0.00647363 0.00389624 0.00488896 0.00170857 -0.00481968 0.00403914 0.00575751 0.00019891 0.00413015 0.00743447 0.00631776 0.000614121 -0.00543164 -0.00254699 -0.00144213 0.000990654 -0.0012707 -0.000160814 0.0048402 0.00326954 0.00104636 0.006961 0.00303617 -0.00708062 -0.00719569 0.00699982 -0.00344232 0.00349334 0.000794419 0.00625509 -0.00550179 -0.00572679 0.0071644 0.0028091 0.00292559 -0.00436401 -0.00155997 0.00301226 -0.00409104 8.35521e-05 -0.00125663 -0.00747673
213826 -0.00223224 0.00661362 -0.00343952 -0.0001402 -0.00359336 -0.00638711 -0.00449286 -0.00768938 0.0049518 -0.00704154 0.00442422 -0.00752865 -0.00722915 -0.005411 -0.00540789 -0.000901372 0.00472666 -0.00631547 -0.00208543 0.00552155 -0.00252412 0.00450654 -0.000525518 -0.00224897 -0.00264788 -0.00722713 0.00218284 0.00776454 -0.00170891 0.00430014 -0.00716191 0.00546636 -0.000683079 0.00513451 0.00142058 0.00729917 -0.00642924 0.00478438 -1.54803e-05 -0.0042499 -0.00718124 -0.00235151 0.00145689 -0.00602917 -0.00473598 -0.00635206 -0.00339375 0.00237345 -0.00327186 0.00305881 -0.00182648 -0.000983446 -0.00271581 -0.00264665 -0.00099256 -0.00716403 -0.00367198 0.00535935 0.00531508 0.00282461 0.00587332 -0.00639955 -0.00141169 -0.00137961
212541 -0.00448544 0.00283273 0.00289238 0.00558772 0.00455878 0.000285152 0.00231352 0.00118602 0.003974 -0.000931019 -0.00742613 -0.00533398 -0.00460096 -0.000917892 -0.00643038 -0.004561 0.00785561 4.92744e-05 0.00504633 -0.00493284 -0.0075433 0.00576698 0.00123711 -0.00301166 1.34052e-05 0.00047948 -0.00568622 0.00137086 -0.00433719 0.00515505 -0.0070184 -0.00757881 -0.00607085 -0.00746201 -0.00176567 -0.00618551 -0.00390186 0.0017598 0.00305187 0.00494281 0.00294505 -0.00350606 -0.0024481 0.00671628 -0.00652452 -0.00224306 0.00694139 -0.00645134 0.0023167 0.00173597 -0.00602395 -0.000954692 -0.00328901 -0.00672457 -0.00290334 -0.00627416 -7.45371e-05 -0.00676682 0.00636806 -0.00118399 0.00682009 0.00674248 -0.00461001 -0.00300287
147531 -0.00580406 -0.000126387 0.00383839 -0.000142175 -0.0023261 -0.00690102 -0.000509669 -0.00714535 -0.00723155 0.00570257 -0.00749611 -0.00737931 0.00468873 0.00161619 0.00691051 0.00158557 -0.000980182 -0.00505274 0.0064564 -0.00118756 0.00755547 -0.00424271 0.00471908 0.00307103 -0.00483485 0.000774281 0.00339602 0.00352071 -0.000685728 0.00726631 0.00490434 -0.00348975 0.00270191 0.00460839 -0.00755726 0.00222764 0.00639064 -0.000747716 -0.000750289 0.00340712 -0.000292355 -0.00262509 0.00368709 0.00680902 -0.00310086 0.000396297 0.00617207 -0.00135083 -0.0074569 -0.00029865 -0.00640944 -0.00514455 0.00652599 -0.00453363 0.00629582 0.00333322 0.00747521 -0.00591079 -0.00188717 0.00584266 -0.00421534 -0.00668251 0.000907462 -0.00395626
214836 0.00228257 0.00393501 0.00284936 -0.00744235 0.00353895 0.00707208 0.00588345 0.00202293 -0.00550557 0.00609307 -0.00145089 0.00700493 0.000170983 -0.00678239 -0.00257847 0.000461381 0.000648399 0.00594347 0.00364501 0.0012641 0.00580336 -0.000215333 -0.00460514 -0.00595899 0.00379899 -0.00700716 0.00636354 -0.00620448 0.00244983 0.00775988 0.00497895 0.00632367 -0.00126524 -0.00357165 -0.000929834 0.00710414 0.00105285 -0.00265092 0.00298668 0.00653813 0.00242359 0.00539978 -0.00527589 -0.00439928 -0.0030444 0.00416478 0.000198832 -0.00321718 0.00132805 0.00518854 -0.00548074 -0.00185987 0.00155012 -0.00599586 -0.00767809 -0.00434378 0.0050199 0.00304048 0.000628369 -0.000351858 -0.00627295 -0.00677495 0.00333228 -0.00368504
215032 0.00494337 -0.00225401 -0.00451183 0.00136614 -0.00509357 0.00686598 0.000876904 -0.00685692 -0.00668716 0.00158119 -0.00236273 0.00372505 0.000696182 0.00401402 -0.00171137 -0.00152969 -0.00426674 0.00604773 0.00576353 -0.00534105 0.00500631 0.00397015 -0.00247622 0.00273705 -0.00744295 4.76837e-06 0.00363541 0.00646925 0.006248 -0.00436592 -0.00683212 0.00299931 -0.00549936 -0.00619888 -0.00580025 0.00662613 -0.00394583 0.00364733 0.00554657 0.00603724 0.00693655 0.0023694 0.000496864 -0.00243521 -0.00708723 0.00410414 0.00253916 0.00607967 -0.00776243 0.0029273 0.00212383 -0.00266409 -0.00428247 0.00237036 0.00693941 -0.000365257 0.002038 -0.00770807 -0.00525618 -0.00513363 -0.0021348 0.00738859 -0.00126171 0.00617981
132209 -0.00495944 0.00317559 0.000766334 0.00484097 -0.000593718 -0.00377967 0.0029549 0.000966269 -0.00335382 0.00133852 -5.32187e-05 0.00338432 0.001605 -0.00620823 0.00362609 -0.00570488 0.00654916 0.00734033 -0.00131724 -0.00525733 -0.000424569 0.00234085 -0.00348048 0.00728881 -0.00175181 0.00549062 0.00353455 0.00550185 0.00414491 -0.000910403 -0.00709818 0.00666005 -0.00530725 -0.000948588 -0.0070972 0.00673873 -0.000628082 0.00238177 0.00591113 0.00155119 0.00121118 -0.00648279 -0.00395037 -0.00187927 0.00739934 0.00297171 0.00351254 0.00565593 -0.000809717 0.00104004 -0.00171326 0.00420243 -0.00488726 -0.00491927 0.000306497 0.00512943 0.000233601 0.00409089 0.000506597 -0.0015317 -0.00235733 -0.0025379 0.00667463 -0.00501005
198022 0.00453854 0.0029583 -0.001369 0.00502348 0.00550604 0.00232744 0.00721264 0.00556421 0.00425291 0.00665426 -0.00771904 0.00313234 0.00603819 -0.00730753 -0.000262737 -0.00565195 0.000553131 -0.00155067 0.00724268 -0.00624371 0.00726414 -0.00330544 0.00110388 -0.00637436 0.00305843 0.000985622 0.0065012 -0.0060935 -0.00268936 0.00723124 0.00415754 -0.00165367 -0.00391293 0.00663757 0.00249481 0.00556946 -0.00438786 0.00118446 -0.00474119 0.000490189 -0.00329924 0.00747919 -0.00447178 0.00612497 -0.00720596 -0.00424528 0.00109339 -0.00196075 0.00142097 -0.000136852 0.00398731 0.00712299 -0.00202656 0.00128269 -0.00708818 -0.00581551 -0.00650787 -0.00514126 -0.00115538 -0.0060792 0.00598145 -0.00444746 0.00755835 0.00239229
215637 -0.0049454 0.00333191 -0.0075604 -0.00386651 -0.00613763 -0.00227196 0.000991227 -0.00514679 -0.00759413 -0.00455688 0.00047923 -0.00764578 -0.00634456 0.00746714 -0.00362015 -0.00277987 -0.000101917 0.00700765 0.00166509 0.00746515 0.00688393 -0.00336478 -0.00337452 0.00236415 -0.00312154 0.00151032 0.00514958 -0.00184708 -0.00524848 0.00139087 0.00347069 -0.00185167 0.00330011 0.00325243 0.00683495 -0.00656798 -0.00720692 -9.89627e-05 0.00378622 0.00242674 -0.00295328 0.00269528 0.00527008 0.00706582 0.00305428 0.000844321 0.00104968 -0.0064156 0.00156695 0.00754397 0.00117007 0.0022616 -0.00525051 -0.00455826 -0.00262296 0.00350292 -0.000951107 0.0068872 -0.0059002 0.00384295 -0.00328588 -0.00536379 0.00523382 -0.00234078
215638 -0.0014205 0.00256443 -0.00651646 -0.00404024 -7.62939e-05 -0.0060854 -0.00518608 -0.00429535 0.00779152 0.00018549 -0.00429058 -0.000613689 -0.00103331 0.00549698 -0.00462389 -0.00612974 0.00344944 0.00608826 0.00674868 -0.00317383 0.000389576 0.00394726 0.0074029 0.00382948 -0.00681162 -0.0014267 5.48363e-05 0.00562572 -0.00234222 0.00178623 0.00637674 0.00280094 -0.00257111 -0.00108624 -0.00244379 -0.000212193 0.00675869 0.00626087 0.0071907 -0.000786781 -0.00195408 0.00757742 -0.00755215 -0.00586367 0.00607967 -0.00244617 0.00158882 -0.00519705 -0.00553942 -0.00682354 -0.00497246 -0.00627756 -0.000664234 0.00660563 0.00302649 -0.000555992 -0.00472403 -0.00334406 -0.00154543 -0.00404406 -0.00158119 -0.00433397 -0.00417185 0.00496531
153797 -0.00766055 0.00696428 0.00505507 -0.00138973 0.00429573 -0.00528628 0.0073952 -0.00391603 -0.00464249 -0.00116853 0.00380984 -0.00197373 0.00157034 -0.00629443 0.00657069 -0.00159662 0.00202944 0.00766773 -0.00725058 -0.00674654 -0.00203245 -0.00298457 0.00319137 0.00737274 -0.0025015 0.00718865 -0.000627484 -0.00408575 -0.000582092 0.00548176 0.00509016 0.00110375 -0.00120827 -0.00400431 0.00542325 -0.00074242 -0.00135289 0.00441752 0.00432512 0.00602087 0.00334534 -0.00365709 -0.00528898 -0.000283725 -0.00661818 0.00431535 -0.00726819 -0.00356383 -0.00160161 -0.00385344 -0.00114033 -0.00678371 0.00216807 -0.00629868 0.00679972 0.00314618 -0.000649032 0.00640115 0.000636379 -0.00704873 0.00052474 0.00713833 -0.00121151 -0.00651956
211207 -0.00732201 -0.000745233 0.00714961 0.00616172 -0.00450942 -0.00397656 0.00250274 0.00727244 0.00173691 -0.00732621 -0.00404072 0.00102958 0.00463626 0.00215539 0.000574816 0.00166668 -0.00558052 0.000399466 0.000134363 0.00461103 0.00171956 -0.00673929 -0.00726213 -0.00107128 0.00762504 0.00326733 0.00359266 0.00330274 0.00117877 0.00150307 -0.000411769 0.00538158 0.00413837 0.00455884 0.00648131 0.00563465 -4.74203e-05 0.00203681 0.00204279 -0.0009504 -0.00685723 -0.00245909 -0.00507927 0.00139914 -0.00459531 0.000474554 0.00378762 0.000997233 -0.00740459 0.00117826 0.00233879 0.00474334 0.00151915 0.00148571 -0.00204058 -0.00338026 0.00519409 -0.0074592 -0.00276403 -0.00610766 0.000318757 -0.00130343 -0.00543631 0.00290649
68595 -0.00751448 0.00124264 0.00313282 -0.00277519 0.00107861 0.00163412 -0.00133991 0.00153351 0.00320578 0.00645399 -0.00200939 -0.00224257 0.00349092 0.00623322 0.00279617 0.00232172 0.00279999 -0.0036726 -0.000910282 -0.00026083 0.00598812 0.00228596 -0.00739145 0.00348616 -0.00211859 0.00179005 0.00534964 0.00734758 -0.00362396 0.00245047 -0.00238991 0.00447845 0.00247765 -0.00433064 0.000201702 -0.00637627 0.00304699 -0.00102615 -0.000676632 -0.00652122 0.00232315 0.000786304 -0.000622272 0.000263214 0.00361013 0.00440359 -0.0062809 0.00324392 -0.0046711 0.000783443 0.0029974 -0.00673103 0.00344372 0.00440693 0.00482702 0.000938416 -0.00115824 -0.00256348 -0.00742149 0.00571156 0.0029192 -0.00542593 0.00264359 0.00257778
7226 -0.00754273 -0.00429608 0.00421832 0.00509852 -0.00608153 0.00746574 0.00659747 0.00582191 -0.000519288 -0.00540211 -0.00330071 0.000998645 0.00127917 0.00485805 -0.000496265 0.00678612 -0.00530974 -0.000307176 -0.00113423 0.00218429 -0.00268198 -0.00534217 -0.00407198 0.0069847 -0.00270458 -0.00568215 0.00513562 -0.00452113 0.00178934 -0.00261853 -0.000834218 -0.00490927 0.00621265 -0.00495481 -0.00613428 -0.0073825 -0.00746243 0.00289541 0.00297366 -0.00324582 -0.0045658 0.00349596 0.0065941 0.00521257 0.00157259 -0.00453348 0.00742494 0.00568983 0.00145886 -0.00469981 0.00616395 -0.00597716 0.00621286 0.000358607 0.000947735 -0.00184941 0.00541591 -0.00695233 -0.0011373 -0.00370042 0.00558208 -0.00441416 0.00347728 0.000852342
99776 0.00111246 0.00444174 -0.00183439 -0.00723267 0.00157928 0.00163269 -0.00207281 -0.00759935 -0.00183964 -0.00247145 0.00229359 7.48634e-05 -0.00662947 0.00467491 0.00041914 -0.00195408 -0.00774765 0.00693417 0.000896931 -0.00358677 0.0013361 -0.00440454 0.00366163 0.00317097 -0.00416946 -0.00419331 -0.00444937 -0.00589085 -0.0048151 -0.00113726 -0.0036335 -0.0026927 0.00433731 0.00493622 0.00261497 -0.00709438 0.00767326 -0.00197315 -0.00359821 -0.00710201 0.00738287 -0.00477648 0.00727272 0.00163174 -0.0036397 0.00767899 0.00385904 0.00301504 -0.00203514 -0.00711632 -0.00625515 0.00322723 0.000285149 -0.00497675 -0.000964642 -0.00630522 -0.00464725 0.0061307 0.00479746 0.00375462 -0.00218439 -0.00519466 0.000969887 -0.0016222
219385 0.00353397 -0.00539947 -0.00381758 -0.00646483 -0.00309058 -0.00427591 -0.000969712 0.00383673 -0.00109073 0.000863789 0.00157461 0.00781366 -0.00150748 0.00460193 0.00748916 -0.00179916 -0.00573298 0.00664383 -0.00119202 0.00596409 0.00456371 0.00690413 -0.00670224 -0.00641451 0.00686699 -0.00217082 -0.00727442 0.00631126 -0.00662876 -0.00401772 0.00486129 -0.00782504 -0.00633893 0.0042487 0.00246034 -0.00734122 0.00182112 0.00764899 0.00198639 0.00490017 0.00271637 0.00466388 -9.57663e-05 -0.00152703 0.00282509 0.00476153 -0.00333782 -0.00219177 -0.00461362 -0.00614439 0.00232235 -0.00643071 -0.000455281 0.00196143 0.00391932 0.000853397 -0.0062422 -0.0069847 0.00697967 -0.00396904 -0.00750287 -0.00702516 0.00677142 0.00347986
8151 -0.00743769 0.0036398 0.00164395 0.00159545 0.00751479 -0.00654777 -0.00278739 -0.00325036 -0.00637615 -0.00182597 0.00474547 -0.00209879 -0.00364621 -0.00436968 -0.000769687 0.00584929 0.0072524 -0.00473122 -0.00595398 -0.00033842 0.00137664 0.00696365 -0.00293944 0.00322427 0.0047778 -0.000249158 0.00487705 -0.00398211 0.00534802 0.00128121 0.00113039 -0.000167322 -0.00563436 -0.00473915 -0.00711715 -0.00214294 -0.00138668 0.000358143 0.00309586 0.00110317 0.000741978 0.00578114 0.006435 -0.00323525 -0.00323089 0.00510724 0.00728102 0.000394304 -0.00365728 0.00641498 -0.0017803 -0.00744898 -0.00555363 -0.00439483 -0.00301136 -0.00618135 0.00228616 -0.00391923 -0.00589206 -0.00437398 -0.00525932 -0.00123988 -0.00647666 0.00111029
219981 0.000241216 -0.00134485 -0.00550498 0.00337707 0.00622745 0.00647668 0.00302833 -0.00189171 -0.00226437 0.00635258 -0.00135166 -0.00123115 0.00574645 -0.0076705 -0.00692725 -0.00382651 -0.00127074 -0.00728203 -0.00422492 0.00100474 -0.0061143 -0.00243488 -0.0075668 0.00243746 0.00293684 -0.00691932 0.00127631 -0.00252774 0.00106938 0.00392276 0.000790134 0.00132492 0.00326837 0.0036282 -0.00318227 0.00656109 -0.0017091 -0.000575918 0.00660002 0.004606 -0.00281352 -0.00403857 -0.00588302 0.00540033 -0.00693383 0.00369875 0.00246196 -0.00233543 -0.00440099 -0.000461547 0.00232628 0.00410985 -0.0011956 0.00509209 -0.00119659 0.00156925 -0.000748021 0.00296748 -0.00598883 0.00170171 0.00181755 -0.00257716 0.00417803 -0.000257649
171930 0.0037775 0.00146818 -0.00624275 -0.00682449 0.0049367 0.00721836 0.00385714 -0.00420523 0.00309801 0.00327921 -0.00657034 -0.000234127 0.00632334 0.00130272 -0.00113583 -0.000914574 0.00652552 -0.004632 0.00555086 -0.0055232 0.00772381 0.00394726 -0.00403738 0.00054884 0.00690985 -0.0071764 0.0057559 0.00593185 0.0051527 0.000740051 -0.00399017 0.00113106 -0.00622749 0.000486851 -0.00186443 -0.00646925 -0.00678062 0.00471163 -0.00418186 -0.000702858 -0.00427341 -0.00395727 0.000527859 -0.00588417 -0.00124216 0.00329304 0.00371695 2.38419e-06 -0.00405884 -0.00290012 -0.00339603 -0.00674772 0.00312901 0.00488663 0.00629139 -0.00172567 0.00190735 -0.00649881 -0.00462246 0.00548649 0.00319433 -0.00245476 -0.00433636 -9.63211e-05
108382 0.00384847 -0.00511306 -0.00496022 0.00424477 -0.0078133 0.00728398 -0.00516821 0.00115037 -0.00619497 0.00585509 0.00719715 -0.00196437 0.00128301 0.00589621 0.00285344 0.00539347 -0.00185648 0.0074655 0.00130601 0.00364942 -0.00176921 -0.00333749 0.000825995 -0.000914102 -0.00111108 0.00618218 0.00315492 -0.00685195 0.00316042 -0.00352709 0.00240114 -0.00410567 -0.00608572 -0.00414687 0.00411334 0.00381432 -0.000754613 -0.0073652 -0.00682154 -0.00732778 -0.00778065 0.0034685 -0.00709908 0.003171 -0.00253268 -0.00110331 -0.00661939 -0.00572977 0.00780175 -0.000609473 0.00196484 -0.00485381 0.00573047 -0.00711033 -0.00686043 -0.00281631 0.00410788 0.00214966 -0.00519904 0.00618928 -0.00379786 -7.77921e-05 -0.00460623 -0.0056793
221045 -0.00657926 0.000677102 0.00164484 -0.000491934 -0.00441706 -0.00527052 -0.00558876 0.00197189 -0.00694462 0.0077011 0.00322084 -0.001395 0.00156033 -0.0029475 -0.00080397 -0.00195491 -0.00429946 -0.00580458 9.50482e-05 -0.00267151 0.00655979 0.000917744 -0.00765026 0.00752085 2.58296e-05 0.00120018 0.00182774 0.00121645 0.00410296 0.00375474 -0.00358576 0.00577559 -0.00742836 0.00776664 -0.0014256 -0.00366591 -0.00681936 -0.00572576 -0.00233449 -6.15503e-05 0.00587118 0.00779047 -0.00677882 0.00231818 -0.00379896 -0.00680325 -0.00705176 0.00649635 0.00250388 -0.00104422 0.000405492 0.00603979 -0.0030729 0.00606605 0.0032239 0.00375305 0.00755096 -0.00682689 -0.00331296 -0.00498237 0.00146939 -0.00238694 0.00717617 -0.000722906
34901 0.00439347 0.00162379 -0.00639924 -0.00328273 0.00354359 -0.00314302 -0.00227197 -0.00594686 0.000543174 -0.00561907 -0.000394656 -0.00141524 -0.00533145 0.00498525 0.0053964 -0.000830445 -0.00197815 0.00666799 -0.00443002 -0.000950742 0.00368171 0.0029411 -0.00510512 -0.00394192 -0.00750329 0.000738741 0.00214012 0.00188656 -0.00645865 -0.00401331 -0.00627958 -0.00383848 0.00230897 -0.000673835 0.00446639 0.000650076 0.00646975 0.00168754 0.000472815 -0.00276608 0.00128773 0.00644391 -6.53326e-05 0.000473178 -0.00575713 -0.00314938 0.000400161 -0.00770708 0.00626187 -0.00389146 -0.00280783 -0.00138573 0.00635009 -0.00458117 -0.00546547 2.97045e-05 0.00609417 0.0010466 -0.00249485 0.00241367 0.000736869 0.00702603 -0.00415485 0.00749186
180720 -0.001616 0.00390196 0.00550604 0.0056901 -0.00321341 0.00170183 0.00760317 -0.00350571 -0.00740814 0.00631952 0.0065217 0.00295687 0.00722027 0.00507784 -5.29289e-05 0.00737906 -0.0039835 -0.00554132 0.00475597 -0.00670576 -0.000447273 -0.00332022 -0.00623035 0.00536394 -0.00245953 0.00409842 -0.00322104 0.00599623 -0.00389385 0.00134182 0.00207567 0.00280905 -0.00361013 0.00413036 0.00566339 0.00699377 0.000217438 -0.000926495 0.000618458 -0.000172615 -0.00232124 0.00464916 0.00377607 -0.00135565 -0.00137949 -0.00297928 0.00596857 -0.00674343 0.00600052 -0.000967026 0.0054884 0.000388145 -0.00687695 -0.00208998 -0.00462723 0.00711632 0.001441 0.00562716 0.00168753 0.00400448 -0.000919819 0.00560141 -0.0034647 0.00392294
221904 0.00738467 0.00592345 0.00171456 -0.00277001 -0.00496095 0.00525157 0.00359135 0.0049854 0.000145936 -0.00205978 -0.00481922 -0.00673428 -0.00455645 -0.00376064 0.000395986 -0.00215795 0.00406646 -0.00696392 0.00568137 0.0035767 -0.00363646 -0.000422708 -0.00223298 0.00573076 -0.00271726 0.00288086 0.00180815 0.000968568 -0.00264635 -0.00669867 0.00585268 0.00676209 0.00291269 0.00100755 -0.00618883 -0.00208127 0.00594908 -0.00590224 0.00486391 -0.000504397 0.00653496 -0.000205862 0.003235 0.00577706 -0.00705448 0.00427245 0.00765436 -0.00369226 -0.0033815 -0.00760748 -0.000612516 -0.000329565 0.00243113 -0.0041748 -0.00506148 0.00701664 0.00304434 -0.00546911 0.00573636 -0.001071 -0.00622018 -0.00588678 0.00530812 -0.00304368
156319 -0.00696797 -0.00176413 0.0012063 -0.00316202 -0.00537875 -0.00436004 0.00414964 0.00742849 -0.000511167 -0.00599655 0.00701963 0.00574741 0.00156116 0.000741155 0.000861768 0.000459102 -0.00253905 -0.0011502 -0.000244259 -0.00127571 0.00404292 0.00562472 0.00779964 0.00652833 -0.00273046 -0.00359785 -0.00575043 -0.00240518 0.00630668 6.07591e-05 -0.0028568 -0.00313994 -0.00480012 -0.00774011 -0.000355407 -0.00501784 0.000403986 0.00225876 -0.00338618 -0.00417859 0.000216589 -0.00290471 0.00462365 0.00725613 -8.04073e-05 0.00575204 -0.00433803 -0.00382016 -0.00359967 -4.49813e-06 0.00766713 -0.00732762 -0.00655908 -0.00517616 0.00592908 0.00519588 -0.00301757 -0.00551683 -0.00158976 -0.00587271 0.00555043 -0.00315162 -0.00522322 0.00283336
174896 0.00287856 -0.00513814 -0.000419359 0.0065384 -0.000355268 6.40024e-05 0.004419 -0.000490095 0.0059964 -0.00421205 -0.00242502 0.00631096 -0.00258596 0.00185427 0.00327954 0.00604533 0.00619843 0.00047491 -0.00379154 0.00230888 -0.00644726 0.00098574 0.00141127 -0.00635027 -0.00465435 0.00755793 0.00585703 -0.00108628 -0.00711754 -0.00490873 0.00732528 0.00101237 0.00131646 0.00364876 -0.000819135 -0.00365837 -0.000480927 -4.31706e-05 -0.00179982 -0.00375975 0.00587757 -0.00599118 0.00646105 -0.00361848 0.0031807 -0.00360366 -0.000765561 -0.0046121 0.000175234 0.00652444 0.00446676 -0.000996865 -0.00426843 -0.00713544 0.001907 -0.000729198 -0.00729545 -0.00692841 0.00752275 0.00435869 0.00041024 -0.00101853 -0.00775486 -0.00133703
88238 -0.00145835 0.00204739 0.000201755 0.00494286 0.00648514 0.00660687 0.00735807 0.000364533 -0.0041575 -0.00318966 -0.00733185 -0.000108097 -0.00587092 0.00643104 0.00175623 -0.00242315 0.00580555 -0.00567765 -0.00348855 -0.00126344 0.00619323 -0.00479033 -0.00480002 -0.00790559 -0.00301299 0.00435231 -0.00206193 0.000199098 -0.0026793 0.00651874 -0.00293672 -0.00751412 -0.00546136 0.00622919 0.00765989 -0.00783339 -0.0045936 0.00263844 -0.00689916 0.000380285 -0.00439648 -0.00438528 -0.000632853 0.00555022 -0.00607508 -0.00533126 -0.00704329 0.00432323 -0.00513633 0.00460696 0.00286913 -0.000823415 -0.000367084 -0.00444045 -0.00446125 -0.00530206 0.00773086 0.00142225 0.00625138 0.00525422 -0.000842682 -0.00661739 0.00160721 0.000610009
2768 -0.00350046 0.00235605 -0.00132227 -0.00593901 0.00345278 -0.00443506 0.00770378 0.00567913 0.000298023 -0.00148869 -0.00512171 -0.00069046 -0.00536299 -0.0028429 -0.00187206 -0.00292253 -0.00550699 0.000509739 -0.00565577 -0.00405788 -0.00298166 0.00592947 -0.00224972 0.00366735 0.000117779 -0.00617695 0.0022378 0.00432634 0.00525475 -0.0077424 -0.00235319 -0.000658989 0.00313759 -0.00579834 0.000905514 -0.00339651 0.0042963 0.00229931 0.00389147 -5.72205e-05 -0.00312757 -0.000481129 -0.00232792 -0.00352144 0.00301695 -0.00442362 0.00624466 -0.00588274 0.00683451 -0.00565243 -0.00744915 -0.00262547 0.00339317 0.000923157 0.00738907 0.00501347 0.00424528 0.00727272 0.00650311 -0.00418329 -0.0010252 -0.00296068 0.00333691 0.00160313
224604 0.00508886 0.00218854 -0.00163248 -0.000575464 0.00265957 0.00202537 -0.00686444 0.00335434 -0.00463764 -0.00579805 -0.0014015 -0.00607655 -0.00561669 -0.00308538 0.00225084 0.00326894 -0.00505952 -0.000472061 0.00664974 -0.00597133 0.0074914 -0.00431912 -0.00541442 0.00615102 -0.00541889 0.00684645 -0.00419556 0.00663629 -0.00562834 -0.00394015 0.00136018 -0.00540612 0.000256183 0.00145767 -0.00582141 -0.000380033 0.00272324 -0.00111735 -0.00198842 -0.00537888 -0.00256398 -0.00482906 0.00749 0.00177288 0.00599378 0.00177575 -0.00215837 0.00653669 0.00724768 -0.000277121 0.00240723 0.00521057 -0.00239717 -0.00103639 0.00314057 0.00408502 -9.20889e-05 0.00589727 -0.00268416 -0.00118743 0.00501299 0.00237935 0.00124813 0.00204868
214265 -0.00616837 -0.000144482 -0.00513935 0.00744963 -0.00745964 0.00627041 0.00547028 0.00470686 -0.00352287 0.000891685 0.00632 -0.00349951 -0.00351286 0.00439072 0.000361443 0.00692129 0.00574684 -0.00427294 -0.00414753 0.000895023 -0.00719118 -0.00242901 -0.00562143 0.0012126 -0.00618649 0.00361633 -0.00528908 -0.00553846 -0.00287151 0.00706005 -0.00751638 0.00624323 -0.0016284 0.00671053 -0.00526571 -0.000519753 0.00657272 4.76837e-06 -0.00196552 0.00743103 -0.00682259 -0.00435066 -0.00386429 -0.00102234 0.00215292 -0.00734043 -0.0029006 -0.00282574 0.00664425 0.00539064 0.00646687 -0.00449944 -0.00393105 0.00320816 0.00331593 0.00530529 0.00410175 0.000646114 0.00637531 -0.00237036 -0.00107002 -0.00518322 0.00705147 -0.0052166
158795 0.00247918 0.00155443 0.00720808 -0.00329914 0.000637217 -0.00366982 0.000838856 -0.00236245 -0.00448252 -0.00369317 -0.00298601 -0.00356205 -0.0036842 -0.00496174 0.00225843 0.00666477 0.00226648 0.00112682 -0.00533057 0.0010464 -0.00570509 0.00564848 -0.0019156 -0.00175918 0.00338672 -0.000815327 0.00718697 -0.00572926 0.00688407 0.00649488 -0.00557474 0.00753585 0.00221246 -0.00332306 0.00200087 0.00219872 -0.0073644 0.00559191 0.0029169 0.00675398 0.00338712 0.00622922 0.00120266 0.00488946 -0.00144973 0.00232184 -0.00579731 0.00770606 0.00772023 0.00393471 0.00231272 -0.00439107 0.00494984 0.00380712 0.00490236 -0.00151648 0.00278399 0.00249119 0.00684071 -0.000744099 0.00145108 -0.00150165 -0.00659949 -0.00411744
178277 0.000464225 0.00572751 -0.000348229 0.000540476 -0.000105065 -0.000362221 0.00528925 -0.00656679 -0.00768781 -0.00219192 0.00437132 0.00639972 -0.0031136 -0.00113421 -0.0059107 -0.00669019 -0.00129429 0.00444177 -0.00337222 0.00227415 -0.00169325 0.00592392 -0.00114218 -0.00122028 0.00549526 0.00049114 0.00250325 -0.00653865 -0.00637124 -0.000794362 0.00712173 -0.0048687 -0.00739955 -0.00305088 0.00781088 0.00572515 -0.00770119 0.00746021 0.00389647 -7.77982e-05 -0.0074833 -0.00715839 0.00550648 -0.00319326 -0.00557062 -0.00571504 0.00284833 -0.00644117 0.00520278 -0.00452901 -0.00487961 -0.00588968 0.00664822 -0.0015223 -0.002781 -0.00296036 0.00577382 -0.000674398 -0.0048363 0.00266894 -0.00580989 -0.00109692 0.00315317 -0.00156148
11873 -0.0036056 0.00276422 0.00682769 -0.00248016 0.00211948 0.00415049 0.00631681 -0.00437759 -0.005656 -0.00147069 0.007269 0.000231723 -0.00629756 0.00708856 0.00140363 -0.00326019 0.00182487 0.00205034 0.00323352 0.00473174 -0.000699583 -0.00744476 -0.00237999 -0.00341684 0.00562686 0.00714617 0.00453172 0.00294353 -0.00238264 -0.00238342 0.00713699 0.00482223 0.00579011 -0.00567227 -0.00415635 0.000493379 -0.00183026 0.00564592 -9.2269e-05 0.00221554 -0.00441634 -0.00775356 -0.000186189 0.00738592 -0.00317877 0.00274205 -0.00246494 -0.00344283 0.00186364 0.0039995 -0.00169463 0.00262116 0.0074861 -0.00693981 -0.00706992 0.00623969 -0.00127179 0.00202817 0.00705947 -0.000694383 -0.00207662 0.0044379 -0.00661786 0.00278334
184117 0.00649939 0.00684519 -0.00688319 0.00534476 -0.00411608 0.00580787 -0.000994007 -0.000107481 0.00131345 -0.000166533 -0.00742384 0.00631581 0.0054324 0.0028516 -0.00528284 0.00773907 -0.00534141 -0.00182445 -0.00752753 0.000752466 -0.000520187 -0.00143714 0.00314173 -0.00679454 0.00164636 -0.00505134 -0.00189316 -0.00565261 0.00434231 0.00652506 -0.00558194 0.00195812 0.00714815 -0.00113599 0.00470265 0.000336018 -0.00538962 0.00777827 -0.0021902 0.00544681 -0.00729946 0.00170923 -0.00176974 -0.0015159 0.00499508 0.0070163 0.00757923 0.00353875 -0.0075036 -0.00145691 0.0013546 -0.00602399 0.00561949 0.00111633 -0.00320548 -0.00741114 0.00697341 -0.00173552 0.00780058 0.00385206 -0.00570554 0.000329718 0.0070179 0.00168376
110190 -0.00754926 -0.007123 -0.00684131 0.00259021 -0.00685597 -0.00722388 0.00183023 -0.00589848 0.00509093 -0.00474928 0.00176628 -0.00162225 -0.00384113 -0.00710134 -0.000484659 -0.00625675 -0.000595607 0.00486771 -0.00297468 0.00597305 -0.00682481 0.00223304 0.000704017 -0.00199318 -0.000918027 -0.00542694 0.00710152 -0.0058054 0.0072183 0.00721673 -0.0076109 0.00670294 0.00129366 -0.00279788 0.00263664 -0.00448156 0.00538785 -0.0019338 -0.00345637 -0.00643052 0.00314703 -0.00486168 0.00707622 0.00248177 -0.00530375 -0.0057863 0.00754051 -0.00639135 -0.00457439 0.00287464 0.00192307 -0.00446629 0.00712515 -0.00295245 0.00590217 -0.00718644 0.000870272 -0.000911189 0.00169745 0.0076274 0.00399376 -0.00475695 0.00105554 -0.00424844
57067 0.00181532 0.00607967 0.00251913 0.00693703 -0.00203848 -0.00780773 -0.00572681 0.00531626 0.00555086 0.00177002 0.00595284 0.00479937 0.000310421 0.00727129 0.0019846 -0.0075984 -0.00083971 -0.00483322 -0.00511217 -0.00289059 -0.00186253 0.00546408 -0.000885487 -0.00305176 -0.00425816 -0.00250196 0.000729561 0.00557756 0.00746059 0.0043869 0.00103188 5.00679e-05 0.000671387 -0.000509262 -0.00308514 -0.000219822 -0.000562668 -0.000217915 0.0029459 0.00522375 0.00714493 0.00133705 -0.00642443 -0.00304604 -0.00350904 0.00622606 -0.004529 0.000501633 0.0053978 0.00164747 0.00525093 -0.00423002 -0.00538397 -0.00567484 -0.00613594 0.00451756 0.00559092 -0.00773525 0.00102329 -0.00590229 -0.00689936 0.00564528 0.0028038 -0.00655508
63458 -0.0037857 0.00581236 -0.00668176 -0.00298769 0.00667969 -0.00775728 -0.00513188 0.00567535 -0.00554404 -0.0028153 -0.000233198 -0.000678266 -0.00245767 0.00584665 -0.00368525 0.00233471 0.000524101 -0.00329449 0.00312837 0.00547638 -0.00685721 0.00218001 -0.000679472 -0.000668726 -0.00281952 0.00314461 0.00287969 -0.00765047 -0.00157278 -0.00503076 -0.00313774 0.00213061 -0.00574917 -0.00767751 0.00267855 0.00347816 0.000406031 -0.00281758 0.00037323 -0.00681933 -0.00733453 -0.00583602 -0.00467659 -0.00135687 0.00172026 -0.00107604 -0.00721281 0.00337076 -0.00612242 0.00309924 -0.00664138 0.00638978 0.00547428 -0.00130162 0.00456169 0.00193212 0.00712949 0.00435297 -0.00554943 0.00149178 -0.00207537 -0.00674844 0.000520252 -0.0047748
113217 0.00768769 0.00605257 -0.00760171 0.00606911 0.00776739 0.00449 -0.00134603 0.00653411 0.00288241 -0.00149064 0.00126974 -0.00525955 0.00670967 0.00309737 2.2143e-05 -0.00124213 0.00223895 -0.00188629 -0.000260265 0.00770516 -0.00401643 -0.00581847 -0.00557831 0.0068112 0.00121735 0.00300355 -0.00156447 0.00445686 -0.00308054 -0.000642461 -0.00454373 -0.00594109 -0.00556058 0.00153814 -0.00408649 0.00475854 -0.00710426 -0.00213612 -0.00436913 -0.00390333 0.00240497 0.00233075 -0.00480507 0.000760159 -0.00593219 -0.00150113 -0.00249202 0.00471263 0.00264606 0.00748451 0.0027279 0.000263924 0.00666775 -0.00754506 -0.00397281 -0.00167371 -0.000600709 0.00745924 -0.0058368 -0.00242345 0.000168858 0.00580625 0.00585488 -0.00600738
32306 -0.00221252 -0.00260305 0.0031352 -0.00288057 -0.00244522 0.00142002 -0.00706434 -0.00422144 0.00706673 -0.000810146 0.00500727 -0.00396681 0.00743055 0.00570869 0.00721931 -0.00409937 -0.00477934 -0.004179 0.0017705 0.00390911 0.000968933 0.0067296 0.00100183 -0.00257158 -0.00223684 -0.00354099 -0.00438929 0.0058527 -0.00366068 -0.00119972 0.00462103 -0.00412416 0.00586319 -0.00192928 0.00740385 -0.00608301 0.000541687 0.00172424 0.00335264 -0.00205278 -0.00685978 -0.000234604 -0.000494003 0.00439596 -0.00383997 0.00775576 -0.00014925 -0.000739574 0.00300694 0.00737143 -0.000282764 0.00472689 0.0042882 -0.00308466 -0.00349236 -0.000823975 -0.000320911 -0.00300121 0.00453901 0.00500059 0.00488186 0.00504637 0.00711346 0.0058651
229992 -0.0015405 -0.0062477 0.00554407 0.0035023 -0.00422947 -0.00536102 0.00421219 0.000303212 0.00683546 0.000565021 -0.0021088 0.000356982 0.00283508 -0.00306886 0.00438214 0.000263866 -0.00618083 -0.00613252 0.00291992 0.0020854 -0.00533733 -0.00542118 -0.00340727 0.00397322 0.000174348 0.00644834 -0.00513444 -0.000504959 -0.00212872 -0.00193788 -0.00698129 0.0042607 -0.00597633 0.00771146 -0.0024954 0.000343482 -0.00778025 0.00075752 -0.000993357 0.00627826 0.00771106 -0.000462146 0.00681613 0.00299413 0.00724829 0.00618539 -0.0022335 0.00518046 0.00547896 0.0032006 0.00532795 -0.00760139 -0.00333654 -0.00569604 -0.00482607 0.00210667 0.00173366 0.00756352 0.0065553 0.00734136 -0.00636453 0.00742637 0.000379544 -0.00779476
230097 0.00267845 0.00158009 0.00283557 0.0036923 -0.00126124 0.00342764 0.00369094 -0.0074501 -0.00619423 -0.00393238 0.00547086 -0.00296611 0.00401104 -0.000931383 0.000725323 -0.0053152 0.00475187 0.00492895 0.00443226 0.00207064 0.00269754 -0.000928363 -0.00227139 0.00466927 -0.00142139 0.000689741 0.00452245 -0.00360316 -0.00514422 -0.00601908 -0.000153489 -0.00754471 -0.00508227 0.00142897 -0.00291891 -0.00121117 0.00749122 -0.00508783 -0.00257758 0.00466869 0.00238129 0.0068288 0.00766208 -0.00294661 0.00312566 -0.00389767 -0.00274592 0.00154346 -0.00293482 0.00279416 0.00124782 0.00680567 0.00526508 0.00603689 0.00486314 -0.00302559 0.00752735 0.00311038 0.00443005 -0.00446439 0.00310956 0.00593263 0.00502854 0.00096223
220743 -0.0045498 0.00335522 0.00637285 -0.000146938 -0.00505543 -0.00744138 0.00245791 -0.000750153 -0.000711385 0.00277074 -0.000800881 -0.00111687 -0.00162597 -0.0046511 -0.00132168 0.00140445 -0.00471327 0.00136846 9.38903e-05 -0.00363624 -0.00401988 0.00592159 -0.00243445 0.000997485 0.00622365 0.00234039 -0.00625695 -0.000608367 0.00418432 0.00702062 -0.00636081 0.00404374 0.00516412 0.00498696 -0.00233503 0.00296609 -0.000569914 0.00735456 0.00519792 0.000921527 0.00473278 0.00343272 0.000672576 -0.0039614 -0.001323 0.00419536 -0.00382302 0.00653863 0.00386688 0.00680004 -0.00694632 0.00463518 -0.00266364 -0.00129735 -0.000941861 -0.00291811 -0.00493295 0.00283688 -0.005191 0.000304244 -0.00100363 0.00146001 0.00158797 -0.00680076
148083 0.000928951 0.00538208 0.00387325 0.0018054 -0.00367822 -0.00296906 0.00334074 -0.00723189 -0.000580693 -0.00155649 0.00482961 -0.00476194 -0.00312658 -0.00751658 -0.00780601 0.00335272 0.00337873 -0.00454044 0.00693154 0.000634914 8.08977e-05 -0.00636966 -0.00295613 0.00231651 -0.00252165 -0.00496323 0.00205158 0.00376252 0.00354808 0.00278752 -0.00212514 -0.00340958 -0.00178414 0.00506822 -0.00120736 0.0032131 0.00737666 0.00673525 0.00577919 -0.00547564 0.00259141 -0.00542354 0.00779497 0.000791247 0.000926574 0.00181738 0.000399283 -0.000758243 -0.00269108 0.00765575 -0.00619477 -0.00219198 -0.00551366 -0.00637204 0.00604274 -0.00777778 -0.00268854 0.00204357 -0.0022992 -0.00278565 0.00213214 0.00257278 -0.00604744 0.000865244
182473 0.00419263 0.00604587 0.00652687 -0.00403165 0.00698488 -0.00285312 0.00140398 3.76405e-05 -0.0060484 5.12883e-05 -0.00646603 -0.00109725 0.00268812 0.00495935 -0.00117786 0.00697471 -0.00351253 0.00705843 0.00293091 0.00714483 0.00156702 -0.00474674 0.00492771 -0.00541729 0.00136488 0.00156112 -0.00133344 -0.00310091 -0.00584137 0.00164943 -0.00309451 -0.00196812 0.0021021 -0.0038617 0.00773912 -0.00232319 0.000309523 0.000704972 0.00596438 -0.00711096 0.00739789 -0.00670824 -0.00375696 0.00460181 -0.00649987 -0.000439945 -0.00768183 -0.00218559 0.00346755 0.00567176 -0.00677632 0.00596658 -0.00501803 0.0043434 -0.000573 -0.00432299 -0.00747321 0.00400625 -0.00599149 0.00100541 -0.00582984 -0.00549587 -0.0062264 0.00111427
132096 -0.00186443 -0.00409937 0.00212193 -0.00779295 0.00762701 -0.00334644 -0.000455379 -0.00669575 0.0060401 0.0010829 0.00674868 -0.00079298 -0.00450277 -0.00742102 -0.00297594 -0.00472736 -0.00317812 0.00134897 0.00515032 0.000377178 -0.0052104 0.00478458 0.00653076 0.00279045 -0.00776863 0.00565338 0.00747681 0.00526762 0.000634193 0.000517845 -0.00150299 -0.00275803 0.00580645 -0.00389957 -0.00723505 -0.00771141 0.00187254 0.00474119 0.00473785 -0.00438404 0.0071702 0.00478983 0.00360203 -0.00711632 -0.000936985 0.000216007 -0.00660753 -0.00302124 -0.00625658 -0.00660992 0.0044632 -0.0059495 0.00490808 0.00532436 0.0075326 -0.00269651 -0.00198889 0.00420475 0.00372171 0.00298119 -0.00414658 0.00149727 0.00494814 -0.00546217
126183 -0.000959474 0.00460073 0.00184354 -0.00749296 0.00235144 0.00715805 -0.00712917 -0.000504134 0.00416138 0.00285181 4.497e-05 -0.00668553 -0.00590653 0.00110696 0.00438248 0.00598172 0.00313052 -0.00182308 0.00721831 0.00386202 -0.00243503 -0.00728729 -0.00502217 -0.00278566 -0.00094944 -0.00111004 -0.0023095 0.000640372 -0.00711234 0.00414208 0.00262208 0.0065327 0.00611606 -0.000564975 -0.00762854 0.000818118 -0.00335987 -0.00478206 -0.00674315 -0.00550025 -0.00224502 -0.00478682 -0.00292442 0.00582281 0.00122597 -0.00129232 0.00162647 -0.000718059 -0.00575835 0.00236347 0.00161975 -0.00268807 0.0068761 -0.0055661 0.00394071 -0.00529665 0.00763608 0.00589781 0.00778278 0.00227798 0.00445964 -0.00687116 -0.00776517 0.00512986
235326 -8.10623e-05 0.00705719 -0.00657606 0.00687599 0.00311518 0.00106907 -0.000157833 0.00659418 -0.0041399 -0.00110579 -0.00073576 0.00185204 -0.00620842 0.00593615 -0.000661373 0.00633955 0.00628614 -0.00596571 -0.0050745 0.00201845 0.00416756 7.00951e-05 0.00250101 0.00292492 -0.0037241 -0.00384712 -0.00678539 -0.00617838 -0.00434923 -0.00622082 0.00145721 -0.000934601 0.00765848 -0.0071826 0.00609589 -0.00199747 -0.00730276 0.00332832 0.00187016 0.00476265 -0.0016942 0.00108099 -0.00126696 -0.00249004 0.00706434 -0.00210142 0.00724745 -0.000602722 0.00760221 -0.00606394 -0.00217247 -0.00371981 0.00699091 -0.00696564 0.00130606 -0.00656033 0.00745392 0.00449848 -0.00512457 0.00574636 -0.00620604 -0.00630522 0.0065012 0.00226259
221554 0.00135231 0.00168324 0.00372744 0.00596142 -0.00160837 0.00566959 -1.57356e-05 -0.00543118 -0.00352144 0.0061059 0.00681162 0.00632572 -0.00225544 0.00597572 -0.000522614 0.00292492 0.00510931 -0.00689983 -0.00683689 0.00280237 0.0012207 -0.00275946 0.00657129 0.00577974 -0.00280952 0.00471735 -0.00550652 0.0034914 -0.00561714 0.00544262 -0.00505114 0.00284338 0.00721073 0.00195932 -0.0056901 -0.00243855 0.0058217 0.00538826 0.00602198 0.0025754 0.00474739 0.00412226 0.00695515 -0.00745535 0.000161171 -0.00732756 -0.00737476 -9.44138e-05 -0.00257015 -0.000374794 -0.00155354 -0.00501394 0.00348568 -0.00100231 0.00449944 0.00669289 0.00695467 0.00331974 -0.00714207 -0.00304461 -0.00756121 0.00397873 -0.00317526 -0.00571108
209840 -0.0037303 -0.00533628 0.00487804 -0.000330448 0.000121117 -0.00656796 -0.00382471 -0.00178576 -0.00206757 0.00237513 0.00166273 -0.00390482 0.00127935 -0.00772858 -0.00110483 -0.00568199 0.00613689 0.00744963 0.00335836 0.00628901 -0.00132418 -0.00610781 -0.00747681 -0.000452518 0.00741577 -0.00734234 -0.00582314 -0.00640345 -0.00187874 0.0047884 0.00651121 0.00670052 -0.00623703 -0.00209522 0.00338554 0.00546122 -0.00281477 0.00127602 0.00474262 0.00316429 0.00505114 -0.00605202 -0.00314951 0.00758886 0.00320101 0.00145769 -0.00515413 -0.00448847 -0.0023737 -0.0036478 0.000998497 0.005229 0.00244284 0.00241327 -0.00506973 -0.006917 -0.00780773 -0.00220203 0.00607538 -0.00156879 0.00547504 0.0013814 -0.00163126 -0.00257301
211956 0.000998497 5.72205e-06 -0.00754833 0.00567007 -0.00320244 0.00717306 -0.000873089 -0.00239849 -5.29289e-05 0.0046401 0.00185347 -0.0004282 0.00753975 -0.00505638 -0.00048399 0.00258255 -0.00750685 -0.00554943 0.00350857 0.00475645 -0.00129986 0.00745106 0.000364304 0.00140953 -0.00652456 -0.0016036 -0.00727797 -0.00159121 -0.00756836 -0.00345325 0.00486422 0.00731134 -0.0046401 0.0063796 -0.00625896 0.00421381 -0.00174856 -0.00134754 0.00483751 -0.00167894 -0.00496387 -0.000785828 -0.00182629 0.00464821 -0.000204086 0.0035944 -0.00369978 0.00437307 0.00303316 7.77245e-05 -0.0048008 -0.000243664 0.00212288 0.00117493 -0.00692511 -0.00286579 0.0039072 0.00682402 -0.000171185 -0.00633669 -0.00106478 0.00235081 0.007195 0.00444365
65464 -0.0071969 -0.0073452 0.0010848 0.00256968 0.000353336 0.00377131 -0.0038867 -0.00375938 -0.00556517 0.00639963 0.00198174 0.00610542 -0.00376844 0.00505161 -0.00455093 -0.00490379 0.00198936 -0.00259352 -0.00495195 -0.00170326 -0.00435209 0.000655174 -0.000208855 0.00510931 -0.00779676 0.00566673 -0.00160027 -0.00248814 0.00194168 -0.00673866 -0.00221014 -0.00646448 0.000985146 -0.00157642 -0.00389194 -0.000228405 0.00142145 -0.00263596 0.00529909 0.00327301 -0.00604153 -0.00611067 0.00161648 0.000415325 -0.00300455 0.00185919 0.00281811 0.00558567 0.000680447 0.00332451 -0.00579834 0.00600386 -0.00702667 0.000989914 -0.00402641 -0.00694036 -0.00309658 -0.00539923 -0.00589228 0.00520468 -0.00645781 -0.000101089 -0.00406933 0.000294209
3184 0.00359194 0.00229493 -0.00483764 -0.00760157 -0.000699667 -0.0052388 -0.00202207 0.00542136 -0.00339305 -0.00677807 0.00445517 -0.00271152 0.00175537 0.0058365 0.00427021 -0.00608498 0.00220588 0.00485269 0.00291679 -0.00511215 0.00727704 0.00659491 -0.000445125 -0.00351576 0.00138757 0.00612121 -0.00396029 -0.00609649 -0.00345396 -0.000333143 0.000916867 -0.00666256 0.00749095 -0.000265543 0.00214503 0.00593079 0.00689497 0.00512361 -0.00271143 -0.00576054 -0.00230581 0.00672398 0.00568539 0.00385301 -0.00597848 0.00690444 -0.00321814 0.00167011 0.00107204 0.00646131 0.00339713 -0.00332878 0.0046037 -0.000223775 -0.00713919 -0.00593175 -0.00377224 -0.00439962 0.00107438 0.000987958 0.00222682 -0.00524577 0.00754463 -0.00674179
148240 -0.00486565 0.00371647 -0.00648165 0.000683784 0.00552177 -0.000384331 0.00722361 -0.00250101 -0.00120497 0.00583982 0.00388384 -0.00644636 0.00379467 0.00399303 0.00438118 -0.00231266 -0.00054121 -0.00216007 -0.00290585 -0.00560093 -0.00320768 0.00351334 0.000623703 0.000812054 -0.00468397 -0.00119734 -0.0060792 -0.00151253 0.00100803 -0.00295973 0.00629854 -0.00454092 0.00368977 -0.00294065 -0.00426102 -0.00270796 0.00711393 0.00599575 -0.00451708 0.0019145 -0.00591946 -0.00422287 0.00106859 0.00015974 -0.0020318 0.00569582 -0.000330448 0.00300741 0.00675583 0.00191402 0.00453568 -0.00066185 -0.00408316 0.00316954 -0.00362062 0.00582075 0.00376606 0.00540447 -0.00611496 0.00336266 -0.00123262 -0.00416088 -0.00105619 -0.000121117
91953 -0.000747681 -0.0045433 0.00753117 -0.00182533 0.00756121 -0.00144291 0.00370884 -0.000674248 0.000305653 -0.00166702 0.00266647 -0.00777102 0.0055151 -0.00161839 -0.00221205 -0.00279379 -0.00725794 -0.00401163 0.00265694 0.00495672 -0.00248957 -0.00666904 -0.00389147 0.00373936 0.00305796 0.00682402 -0.00750732 -0.00141001 0.000757694 0.00575304 -0.00161648 -0.00330734 0.00217342 0.000416279 -0.000222206 0.00334406 0.00225163 0.00779819 0.00662851 0.0026226 -0.00526953 0.00561476 0.00189877 -0.00154018 -0.00759649 -0.00661612 -0.00615072 -0.00352955 -0.00294399 0.00574017 0.00311136 0.00223303 -0.00328207 -0.00648975 -0.00422144 -0.00548077 -0.00244856 -0.00409985 0.000298977 -0.00397825 -0.00385857 0.00369167 -0.00246477 -0.00304031
75999 -0.00674629 -0.000715733 -0.0063467 -0.0052557 0.00170994 -0.00462961 0.00582552 -0.00118351 -0.00680923 -0.00443029 -0.0045948 -0.0017662 0.0022397 -0.00431156 -0.00580263 0.00673103 0.0041604 -0.00418997 0.0053463 -0.00467157 0.00381899 0.00124598 0.00258827 -0.00089407 -0.00106812 -0.0018115 2.76566e-05 0.0050683 0.00484276 0.007092 0.000544071 0.00148487 0.00749302 -0.00350237 -0.00187254 -0.00124598 0.000347614 -0.00529861 -0.00151253 -0.00408554 0.00322008 -0.0055151 -0.00113201 -0.000258923 1.66893e-05 0.00393391 0.000782013 -0.0075841 0.00584221 -0.00519466 -0.0033989 0.00158882 -0.00264359 0.00773096 0.00371599 -0.00305748 -0.00504255 -0.00616693 -0.00655556 0.00144958 -0.00057745 -0.00420618 0.00716305 0.000819206
52390 -0.00653081 -0.00204219 -0.00566869 -0.00757186 0.00770524 0.00162579 -0.00696557 0.00729204 -0.0072009 -0.00113039 0.000136838 -0.00689526 -0.00288894 -0.00520671 -0.00446697 0.00144614 0.00121813 0.00154929 -0.00120746 0.00466568 0.00225363 -0.00218234 -0.00241651 0.00407997 -0.00364864 -0.00430964 0.00135664 0.00532702 -0.00117366 0.00578035 -0.00286719 0.00651254 0.000828303 -0.00460068 -0.00192381 -0.00269785 0.00161411 0.00560833 -0.00650233 0.00483338 -0.000256457 0.00667638 0.00611174 -0.00273296 0.00442315 0.00106637 0.00285691 -0.00661545 -0.00328536 0.000693906 0.0059694 0.00139707 -0.00389969 -0.00314857 -0.00621376 -0.00488403 0.00546742 0.0024714 0.00113087 0.00314095 0.0058955 0.00420814 -0.00735305 0.00421535
151626 -0.00722259 -0.00233556 -0.0026566 0.0011108 0.00624729 0.00543952 -0.000515448 -0.00298324 0.0066781 0.00170065 -0.00416151 -0.00255642 0.00109732 0.00234927 -0.0041006 -0.00438857 0.00608682 -0.00599846 3.03404e-05 0.00181712 0.00281558 -0.00736502 -0.00237161 -0.00318113 0.00085563 -0.00129713 0.00475539 -0.00545651 0.00734603 -0.00124171 -0.00409142 0.000624368 0.00238697 -0.000578805 -0.000880001 0.00489994 -0.00154232 -0.00648619 0.00625743 -0.00228001 0.00355196 0.000512388 -0.00132882 0.00770592 -0.00295483 0.00316117 0.00590571 -0.00593119 0.00355428 0.000313549 -0.0024957 -0.00213866 -0.000992058 -0.002173 -0.00570166 -0.00550318 -0.000468708 0.00162831 -0.00354705 -0.00761143 0.005025 0.00635244 0.00472031 0.0077494
156100 0.00749307 -0.00320072 -0.00177202 0.00718031 0.00146639 0.00279045 0.00468098 -0.00507193 0.00329686 0.0054094 0.000530878 -0.0072375 0.00168795 0.00166978 -0.00276422 -0.00430817 0.0019061 -0.0069488 0.0027056 -0.00531161 0.0076335 0.00312297 -0.00411268 -0.00555227 -0.0053788 -0.00127277 -0.00494228 0.00706052 0.000335958 0.0063546 -0.00313808 -0.0038372 -0.0066319 0.00303675 -0.00709207 0.00410847 0.00668392 -0.00269917 -0.0033154 -0.00235637 -0.00516129 0.00464727 0.00636024 -0.00689853 -0.00724113 0.00520987 -0.0076816 -0.00293272 0.00563776 -0.00603924 0.00776963 -0.00501523 0.00433229 -0.00710658 -0.00551301 -0.00725485 0.0022399 -0.00539989 0.00722651 -0.000442077 -0.00590481 0.00299979 -0.00742883 0.00416153
49412 -0.000671161 0.00155952 0.000425605 0.00487604 0.00523972 -0.00265606 -0.00421861 0.00455054 0.00579354 0.00351721 -0.00678774 -0.000276606 -0.00576014 -0.000670683 -0.00635814 0.000229221 -0.00477632 -0.00488915 -0.00737712 -0.00101948 -0.0045154 0.00770548 -0.00669366 0.00639091 -0.00112054 -0.00479154 -0.00384396 0.00672487 0.0024024 -0.00574115 0.00777671 -0.00247917 -0.00602052 -0.00709048 -0.00542371 0.000810665 0.00315263 0.00120327 -0.00489423 0.00416147 -0.00711026 -0.00689352 0.00415585 0.00135835 -0.00145656 -0.00565012 -0.000811875 -0.0029907 0.00551959 0.00548694 0.00307582 0.00451871 0.00257516 0.00349691 0.00694725 -0.00468158 -0.000335714 -0.0075737 0.0065548 0.000348099 -0.00614511 0.00285394 0.00699838 -0.00593381
146680 0.000139236 -0.00531673 -0.000528812 -0.00373602 0.00609875 0.0007658 -0.000776291 0.00595284 -0.00168562 -0.00272083 0.00751543 -0.000198841 -0.00248909 -0.00570536 0.00264406 0.000118256 0.00042057 0.00442123 -0.00535917 0.00697517 -0.000260353 -0.00751352 -0.00135469 0.00292921 -0.00424719 -0.00476646 -0.00713634 -0.00334978 -0.000859737 -0.00156832 -0.00265265 0.00146151 0.00103807 -0.00525618 -0.00423861 -0.0067873 0.00361347 -0.00274849 -0.00738335 -0.00650692 -0.00651693 -0.00552225 0.00626421 -0.00551081 -0.00189257 -0.00319099 -0.00674343 -0.00352287 -0.0018878 0.00391054 0.00436592 -0.0007267 0.00754642 -0.00384712 0.00536776 -0.000128746 0.00128222 -0.0015955 0.00663328 -0.00616217 0.0015564 0.00669765 -0.00286913 0.00145578
241346 0.00286373 -0.00199068 -0.00123865 0.00680321 0.000357302 0.00113561 0.00226312 0.00263073 0.00399437 -0.00415237 0.00680317 -0.00200551 0.006831 -0.00679108 0.00276002 -0.00602768 -0.00718996 0.00179383 -0.00541055 0.00315248 -0.000838811 -0.00163931 -0.00279888 -0.00658389 0.00645131 -0.00179044 -0.00651326 0.00326515 -0.000457624 0.000177138 0.00464013 -0.00318681 0.00353198 -0.00476219 -0.00404546 0.00287182 0.000509334 0.000920429 0.00385952 -0.00355786 0.000270891 -0.00160932 0.00335475 0.00482478 -0.00155861 -0.000275458 -0.00400903 0.00582642 0.00170028 -0.00259284 -0.00643579 0.00666178 -0.00587454 -0.00774973 0.00236011 -0.0037717 -0.006846 -0.00766329 -0.00380784 0.00260913 0.00667279 0.00753709 -0.00188681 -0.00434988
243193 -0.0074258 -0.00572111 -0.00613996 0.00729851 0.00774072 -0.00558459 -8.32158e-06 0.00591944 0.00693017 0.000538414 -0.00648419 0.00709102 -0.00588776 -0.00504141 -0.00409948 0.00381681 0.00237926 0.00709764 0.00170571 -0.00457638 -0.00411577 -0.00413123 -0.00223503 -0.00495135 -0.00251106 -0.00435297 -0.00155134 -0.00164574 0.00478724 0.0042076 -0.00165905 -0.00412764 -0.00176672 0.00447888 0.00246555 -0.0033259 -0.00595564 0.00426467 0.00439057 0.00486445 -0.00655325 0.00222027 -0.00608807 -0.00559945 -0.00117689 -0.00192794 0.0054029 -0.00366688 -0.00451143 0.00191064 0.00724183 -0.000563056 0.00741722 0.00530459 0.00280005 -0.00233314 0.000376444 -0.00687509 0.00301518 -0.00546576 0.00652204 0.00620422 0.00601902 0.000712077
187172 -0.00656912 0.00532867 0.00381269 0.00755852 -0.0066846 -4.01858e-05 -0.00472946 0.00370662 -0.000930024 0.00484926 -0.00654663 0.000798902 0.00153942 0.006218 0.00744124 -0.00292054 0.00449169 0.00112849 0.0017926 -0.000540405 -8.5191e-05 -0.00539055 0.00128045 0.00159432 0.00577271 0.00259929 0.000428284 -0.00731867 -0.00734557 0.00751198 0.00191156 0.00310217 0.0053786 -0.00649906 -0.00088582 -0.00382717 -0.00776266 0.00710417 -0.00682025 0.00268887 -0.00774825 -0.00438299 -0.000107748 -0.00449815 0.0062576 -0.00538319 -0.00393807 -0.0060741 -0.00226147 -0.00566478 -0.00394981 0.00500989 0.00664498 -0.00586482 0.00375136 -0.00597272 -0.00660367 -0.00376068 0.000268692 0.00771363 0.00616143 -0.00430511 -0.00651332 0.00154405
243479 0.00607872 -0.00171852 -0.00706816 -0.00586843 -0.00751019 -0.00191545 -0.00116587 0.00728655 -0.00429201 -0.00554991 -0.00660706 0.00755596 0.000989914 -0.00539637 -0.00762606 -0.00421381 -0.00220394 0.00379133 0.00409174 0.00759459 -0.00220251 -0.00355291 0.000831604 -0.00105143 -0.00232935 -0.00512886 -0.000145435 0.00503206 -0.00442457 -0.000923634 -0.000401974 -0.000360966 0.00613832 0.00364161 -0.00675917 -0.000463963 -0.00467443 0.00146818 -0.00726748 -0.00271702 -0.00746775 0.00716352 0.00420952 0.00132322 0.00439739 -5.10216e-05 -0.00272226 0.00121546 0.00329971 0.00630617 -0.00342035 -0.00381279 0.00566149 0.00351715 -0.00562811 -0.00136375 -0.00260639 0.00493574 4.14848e-05 -0.00549126 0.00286198 -0.00748062 0.00340366 0.00655174
235360 -0.00779297 -0.00504271 -0.00413826 -0.00765254 0.00151064 -0.00741941 -0.00198959 0.00459839 0.00440321 -0.00590356 0.00362818 0.0011261 0.00347785 -0.00190146 0.00739838 -0.00136091 0.00456443 -0.00416794 -0.00553932 0.00432859 -0.000478913 -0.0047034 -0.00259779 -0.00354346 -0.00550027 0.00318956 0.005018 -0.000795588 0.00694416 0.00716278 -0.000681129 0.00552125 0.00513952 0.00601652 -9.24942e-05 -0.00292058 -0.00431651 0.00287744 0.00195153 0.00399436 -0.00209434 -0.00475562 -0.00250965 -0.00256404 0.000286084 0.00123809 -0.000820324 -0.00279537 -0.000762588 -0.000993968 0.00634763 0.000335011 -0.00503676 -0.00773339 0.00297101 0.00125599 -0.00170165 -0.000989782 0.00680679 -0.00698782 0.00173626 0.00525509 -0.00721782 0.000705977
214269 -0.000626087 -0.00625324 -0.007514 0.00437975 -0.00672817 -0.00503922 0.00337458 0.00688219 -0.00632048 0.00514174 -0.0047636 -0.00586987 -0.00356197 -0.000181675 0.00745392 -0.00372076 -0.00774336 -0.00284243 -0.00232077 -0.00261688 0.00717497 -0.00700283 -0.000221729 -0.00422001 -0.00592613 0.00339317 0.000733852 -0.00599003 -0.00338888 0.00520706 0.000873089 0.00176811 -0.000833988 -0.00504875 -0.00479889 0.00256824 -0.00645018 0.00328875 -0.0035429 -0.00113106 0.004179 0.00415897 -0.00607157 -0.00740528 -0.00689697 -0.0065732 -0.000118732 0.000170708 -0.00404072 0.00414562 -0.00047636 0.00588226 0.0039897 0.00521755 0.00323772 -0.000443459 0.00569487 -0.0025959 0.00136232 0.00236702 0.000138283 0.00347614 0.00464535 -0.00760412
63978 0.00485703 0.000873394 0.0019584 -0.00702142 -0.00463876 -0.00672337 0.0024057 0.00206 0.00230034 0.00544758 -0.00598893 0.00735787 0.00657333 0.00660953 0.00235405 0.0031321 -0.00130987 0.00417563 -0.000380861 0.00283642 -0.000338931 -0.000847051 -0.0067489 0.00623033 0.00189113 -0.00518486 -0.00472153 0.000158505 0.00496954 0.00581209 -0.00339966 -0.00712611 -0.00728156 0.00411327 -0.00594338 0.00643036 -0.00313282 0.00270562 0.00645316 -0.00275879 -0.000609485 -0.00783196 -0.000282887 0.00379279 0.00572 -0.00519338 0.00516803 0.00483896 -0.00390443 -0.00152166 0.00490476 -0.00674492 0.00770577 0.00113684 0.00775457 -0.00107369 0.00550671 -0.00451048 0.00392347 -0.00179896 0.00308184 -0.00427571 -0.00406354 -0.00230886
243880 -0.00631356 -0.00101516 0.00402292 0.00752597 -0.00381032 -0.000575025 0.0055372 0.00154585 -0.00135013 -0.00377567 0.0026817 0.00659135 0.00559794 0.00157038 -0.00598677 -0.00567997 0.00703737 0.00552156 -0.00605339 -0.00322746 -0.00552018 -6.93357e-05 0.00217951 -0.00199066 0.000117863 0.000484936 0.00474977 0.00506341 0.00181305 -0.00202944 0.00191535 0.0068966 -0.0014687 -0.00331501 0.00419889 0.00651402 0.00605114 -0.00711051 0.00751734 0.00644784 -0.00506378 0.00370189 -0.00202169 -0.00762304 0.00570805 0.000723336 -0.00267382 -0.0021867 -0.00530795 -0.00186253 -0.0037265 -0.00200708 0.00410014 -0.00645464 0.00573349 -0.00273455 0.00747413 -0.00333351 -0.00498698 -0.00461898 -0.00775579 -0.00119765 -0.00612677 -0.00587886
243881 0.00571263 -0.00560507 0.0022264 -0.00505619 0.00775948 0.00121731 0.000287271 -0.00691844 0.00601801 0.00235193 -9.85466e-05 -0.00309436 0.00462437 0.00711388 0.00778509 -0.000280798 -0.00749557 -0.00240139 -0.00237529 -0.00460536 0.00187875 0.0049429 -0.00370498 -0.00375208 -0.00561608 0.00385091 0.00616099 0.003978 -0.00375652 -0.00569875 -0.00650226 0.00129537 0.00529405 0.00624359 -0.00657756 -0.00660554 -0.00232714 0.00515983 -0.00138112 -0.00513725 -0.00551525 -0.0030114 -0.00517338 0.00691057 0.000531622 -0.00207471 -0.00202186 0.00542814 -0.0058231 -0.00452982 0.00276424 0.000406288 -0.000487332 0.00380542 -0.00575305 -0.000211701 -0.00257006 -0.00373101 -0.00499724 0.000716416 0.00395925 0.00534263 0.00248512 -0.00249697
189157 -0.00532811 0.00106014 0.00775128 0.00428077 0.00292928 -0.00533321 -0.00273045 0.00366991 -0.00720904 -0.00613654 0.00381449 0.0066426 0.00676062 0.00645115 -0.00129886 -0.00547947 0.000807346 0.000301118 0.00435756 0.00647175 -0.00730918 0.000366481 -3.30037e-05 0.00244564 -0.00193853 -0.0034015 -6.62534e-05 -0.00010064 0.00503186 -0.000470893 0.00250928 0.0040537 -0.00574577 -0.00400839 0.000438642 -0.00358872 0.00330063 0.000252585 0.00219652 0.00117411 -0.00612044 0.000667574 0.00439382 -0.00641031 0.00486879 -0.0028391 0.00504747 -0.00120335 0.00509493 0.00652599 -0.00166942 0.00453341 0.00775391 -0.00146663 -0.0062154 0.00424287 0.000549509 -0.00239061 0.000294063 -0.00226834 0.00429836 0.000684382 0.00212945 0.000733507
235507 0.000404386 -0.00607801 -0.00732224 -0.00146166 -0.00639289 -0.00080603 -0.000592371 0.00564007 -0.00215645 -0.00454876 -0.00666194 -0.00606784 0.00728956 0.0062682 0.00779148 -0.00699771 0.00721862 -0.00557023 -0.000153121 -0.00117639 -0.00754295 -0.00416292 -0.00146848 -0.00521522 0.0010148 -0.00634753 -0.00559822 0.00366129 0.00600352 -0.00503046 0.00545836 0.00403079 0.00129655 -0.000596752 -0.00656573 0.00589481 -0.000388141 -0.00635164 0.00163432 -0.006249 -0.00331036 0.00444186 0.00184396 0.000333974 -0.0053901 0.00116804 -0.00686621 0.00395068 -0.0011439 -0.00743362 -0.00387775 0.00661005 0.00360713 -0.00089807 0.00138425 0.000435911 0.00290526 -0.00387579 -0.000349273 -0.00663892 -0.00168075 -0.00653976 -0.00333679 0.00444156
232855 -0.00766923 0.00266834 -0.000484994 -0.00457621 -0.000375739 -0.00494718 0.00177564 -0.00545019 0.00520968 -0.0071403 0.00220151 0.00282213 -0.0062522 0.00543921 0.00564812 0.00155243 -0.00512229 -0.000159761 -0.00653808 -0.00401971 0.00346366 -0.00686457 0.000751931 0.00596406 0.00119704 0.00225581 0.00559759 0.00264917 0.0002202 0.000910829 0.00234617 -0.00214613 0.0075389 -0.00457716 -0.00457728 0.00430507 0.00258182 -0.00705071 0.00371874 -0.0044217 -0.00124319 0.00560925 0.00128033 0.0047603 0.00011296 0.00496563 0.00714044 0.00779654 0.00158464 0.000830641 0.00151892 -0.00505767 0.000980142 0.00336223 0.00624584 0.00163689 -0.00164063 -0.00491315 0.00524053 0.00231604 -0.00105016 0.000111531 -0.00212089 0.00128661
245286 -0.00544357 0.00216198 0.000366211 0.00472593 0.00152254 0.00168991 0.00724554 0.00525618 0.00680256 -0.0047965 -0.00626469 0.00697851 -0.00724888 -0.00499916 0.00204277 0.00322199 0.00156164 -0.00266933 0.00219727 -0.0019908 0.00434542 0.0019002 0.00751209 -0.00143242 0.00406313 0.00608397 -0.00505209 0.00769186 -0.00317144 -0.00126934 0.000981331 0.0056982 0.00202751 0.0019207 0.00577307 -0.00234556 0.00451374 -0.00193644 0.00749111 0.00626278 0.0037117 -0.00619268 -0.00666475 -0.00768089 -0.00274229 -0.00433826 0.00598383 0.00500345 0.00025177 -0.00745344 -0.0036087 -0.00294399 0.00589085 0.00142288 0.00541258 -0.00228882 0.0041728 0.00558996 0.00579596 0.000319958 -0.00431061 -0.00194073 -0.00609827 0.0075407
242923 -0.00780516 0.00647502 0.00643829 -0.00272414 0.00353078 -0.000585136 -0.00464553 0.0021768 0.00235658 0.0037783 0.00159375 0.00364282 0.00741345 0.00512149 -0.00108099 0.00440502 -0.00515918 0.00677843 0.00407242 -0.0027443 -0.00267328 -0.00736877 -0.00360953 0.00535725 0.00741464 -0.0032958 -0.00587577 0.00620971 -0.0030549 -0.00689347 0.00127556 -0.00706497 -0.00286509 -0.00225949 0.000589915 -0.00031253 0.00564821 0.00102044 0.00408215 0.00202139 0.00737934 -0.00231007 -0.00781544 0.00319458 0.000879333 -0.000528254 0.00334626 -0.00187689 0.005348 -0.000697088 0.00168559 0.00125764 0.00109 0.00676871 0.0037542 0.0019153 -0.00137459 -0.000403346 -0.00211799 0.00209194 0.00139807 0.003699 -0.00349962 0.000333854
207015 -0.006223 0.00612268 0.00549562 -0.00146866 0.00189488 0.00752872 0.000147812 0.00447729 -0.000552294 -0.00354169 0.00474439 -0.00229221 0.00183606 -0.00447154 0.00601957 0.00377891 -0.0031945 -0.00661673 0.000492789 -0.00625218 -0.00768248 0.00624422 -0.000435991 0.00447449 0.00123096 0.00474177 -0.00417902 -0.00657698 -0.00611168 -0.00344387 -0.00458668 -0.00462851 -0.00246558 0.00084133 -0.00502688 0.000698349 -0.00160178 0.00162544 -0.00753152 -0.00195505 -0.00220269 0.00686165 0.00415623 0.00714301 0.00250333 0.00358955 0.00502062 -0.00246333 0.0039022 -0.00195371 -0.000633127 0.00376172 -0.00745311 -0.00608455 -0.00169169 0.00411655 -0.000955591 0.00390061 0.00145545 -0.00108414 0.00556773 -0.00553942 -0.0061048 -0.00408932
223325 -4.14185e-05 -0.000471685 -0.00689419 -0.00506156 0.000781026 0.0064329 0.0011774 -0.00781857 -0.00223131 0.00582726 0.00560348 0.00200859 -0.00524166 -0.00358491 -0.00601208 0.00775328 0.00627802 -0.00740656 0.000722377 -0.00457416 0.00715302 -0.00238366 -0.00546684 -0.00255673 -0.00111042 0.00608473 0.000463648 0.00356483 0.00458283 -0.00175301 -0.00102456 -0.00601046 -6.14836e-05 0.00564698 -0.00379824 -0.00115192 -0.00141866 0.00756201 -0.00488238 0.00176528 0.00199304 0.0030895 -0.00351695 -0.00257856 0.00121932 0.00292421 -0.00657656 0.00572573 0.00640378 0.00468803 -0.00527563 -0.00709557 -0.0057943 0.00757237 -0.00606965 0.00194641 -0.000728958 0.0060736 -0.00249066 0.00555999 0.00548641 0.00238104 -0.00223709 0.00262009
127260 0.00366354 -0.00712204 0.00391817 -0.00365591 -0.00352478 -0.000148773 0.00128412 8.96454e-05 0.0048461 -0.00587511 -0.00121689 0.00590563 -0.00285339 -0.00117779 0.00382471 -0.000668049 -0.0014658 0.00087738 0.00620604 0.00235844 0.00495291 0.00764942 -0.00212955 -0.00632858 0.00599003 0.000117302 0.000692844 0.000623703 0.0067234 -0.00495481 0.00414515 -0.00669909 -0.00661182 -0.0011487 0.00376081 0.000109196 -0.00137711 0.00306177 -0.00461769 -0.00285721 -0.00763655 0.00720644 0.0067277 0.0063777 0.00415945 0.000300407 0.0056386 0.00182199 -0.000151634 -0.00387144 0.00092411 -0.00382566 -0.00351524 0.00660801 0.00327969 0.000870228 0.000965118 0.00157356 0.00595379 -0.00231314 0.00624371 0.00488043 -0.00361204 0.00541878
201792 0.00558138 0.000175476 0.00224972 0.00479221 -0.00690508 -0.000649452 -0.00440788 -0.00737572 0.00479746 -0.00609541 0.00230074 0.00653505 -0.00347042 0.00161171 0.00619316 0.000576019 0.0035944 0.00683165 -0.00507212 0.00684404 0.00348616 0.00687551 0.00271368 -0.00530767 0.0046649 -0.00599813 -0.00301981 0.00322962 0.00151062 0.00733709 -0.00475693 0.00559807 0.00590706 0.00616932 -0.00629473 0.00259161 -0.00128317 -0.00422144 7.82013e-05 0.00723648 -0.00402927 0.00101519 0.00216103 -0.00398779 -0.00508547 0.00627708 -0.00721121 0.00396824 -0.00527668 0.00397635 0.00768328 0.0019083 -0.00233555 0.00452566 -4.76837e-05 -0.00147343 -0.00198698 -0.00632 0.00776482 0.00566673 0.00512505 0.00276232 0.00143862 -0.00291586
4683 -0.00142182 -0.00363515 0.00711084 -0.00113302 0.00257493 -0.00691644 0.00262194 0.00455771 0.00514078 -0.00132298 -0.00486678 -0.00675928 0.0038743 -0.00414931 -0.00478497 -0.00551412 -0.00323296 0.00688869 -0.000435208 -0.00665656 -0.00287824 0.00489473 -0.00560788 -0.00575528 0.000503535 0.00273066 -0.0023947 0.00660288 -0.0020477 0.000767943 -0.00431152 0.00411334 -0.0047677 -0.0013513 -0.0032438 -0.00337283 0.00688378 0.00118154 -0.00742853 0.000404107 0.000837374 0.00534722 0.0047132 -0.00136869 -0.00382846 -0.00760138 0.00758432 0.00688759 -0.00630036 0.0051158 -0.00309538 0.0062999 0.00379978 0.00702161 -0.0033945 0.000379176 0.00769328 -0.00653881 0.00730591 0.00517912 0.00723198 0.00465879 0.00117331 -0.0062051
223334 -0.000916482 -0.00451873 -0.0015254 -0.00371196 -0.00221287 -0.00745932 0.00185827 0.000329394 0.00560532 -0.00590723 -0.0046616 -0.00552983 0.0066484 -0.00397157 0.00410518 0.00312919 -0.00756548 0.0052646 -0.00186443 0.00104616 0.00360041 0.0035308 -0.00274024 -0.00610203 0.00690376 0.00224426 0.00298739 -0.00185616 -0.00281847 -0.00427075 0.00544982 0.00113024 0.00510271 0.00198309 0.00456013 -0.00402193 0.00774188 -0.00430448 -0.00476879 -0.000320848 0.00276237 0.00206525 -0.002717 0.00755419 0.00718671 0.000509538 0.0011702 -0.00249357 0.00723872 -0.000109743 0.00519378 -0.00234644 -0.002415 -0.00355664 -0.00190383 0.00410167 -0.00735069 0.00414549 0.00109407 -0.00460177 -0.00583378 -0.00424889 0.0072911 0.00401021
25900 -0.000174483 0.00365045 -0.00468926 0.00691434 0.00629955 0.00155079 -0.00392096 -0.000919688 -0.00181696 0.00499434 -0.00250725 -0.00044294 0.000238103 -0.00680348 -0.00443504 -0.00606059 -0.00289794 -0.00154156 0.00769935 -0.00130682 0.00178353 -0.00321869 -0.00331988 0.00302917 -0.00180785 0.00742918 0.00581192 0.0042574 -0.00728369 0.004736 0.00105822 0.00122022 -0.00698021 0.00290793 0.00106836 0.00659047 -0.00633036 -0.00524458 0.00720597 0.00462315 0.00537279 -0.00382812 0.00178209 -0.00754486 0.00360682 0.00209658 -0.00500907 0.00173139 0.00665557 -0.00355177 -0.00120464 0.00358864 0.000596849 -0.00603632 0.00149931 -0.000484102 0.00148 0.00571474 -0.0064707 -0.00130346 0.0024324 0.000417373 -0.00764089 -0.00302854
40114 0.00162506 0.0036931 -0.00677776 0.001472 0.000946045 0.000418186 -0.00388336 -0.00352097 -0.00187635 0.00133991 0.00397015 0.00562572 0.00337219 0.0018549 0.00291014 0.0044713 -0.00605774 0.00630426 0.00622368 -0.0057478 -0.0063529 0.00207281 0.00135899 0.00757599 0.00343084 -0.00567865 0.00651836 -0.00321722 0.00124836 0.00126362 -0.00192785 0.000955582 0.00294209 -0.004179 -0.00654316 -0.00460148 -0.00385761 0.00606346 0.00391579 0.00707674 0.0045023 0.000894547 0.00112772 -0.00642776 0.00053978 0.00776434 0.0026989 0.00655746 0.00252724 -0.00487804 -0.00130939 -0.00328064 -0.00442743 -0.00236702 -0.00396442 -0.000126839 -0.00329018 0.00125933 -0.00323772 -0.00128889 -0.00210714 0.00371599 -0.000620842 -0.00320339
213359 -0.00266896 0.00178395 -0.00440602 0.00549614 -0.0063062 -0.00712201 0.00485267 -0.00392505 -0.00263055 -0.00769358 -0.00619042 0.00207181 -0.00421689 -0.00254965 0.00460742 0.00221219 0.00514338 -0.00604802 -0.00483527 0.00345773 0.00493603 -0.00226907 -0.00333618 0.00124648 -0.00309431 -0.00651747 -0.00224266 0.00215183 0.00056007 -0.00213243 0.00433123 0.00486209 -0.00754805 -0.00132012 -0.00311239 -0.000455751 0.00754657 -0.00180473 1.25288e-05 0.00663973 0.00378586 0.00577525 0.00160771 -0.00365888 0.00487722 0.00469868 -0.00113084 0.00665157 -0.00251273 0.00405499 0.00242007 0.00447051 0.00418094 -0.00253981 -0.00567648 -0.00495269 -0.00431465 0.00192598 -0.000447636 0.00235836 0.00134692 -0.00128813 0.000958524 0.00398035
212886 0.00327234 -0.00368712 -0.00199086 0.00538855 0.00429032 0.00612779 0.00171675 -0.00645756 -0.00436025 -0.00517728 0.000652914 0.00166217 -0.00376914 -0.00554387 0.00256572 -0.00641555 -0.00180291 -0.0030891 -0.000606617 0.00294541 0.00652182 0.00119755 0.00696036 0.00123298 0.00766458 -0.0035233 -0.00438904 0.00775748 0.00748259 -0.000727487 0.00415758 -0.00601738 0.00524056 0.00595122 0.00302144 0.00155855 -0.0031445 -0.00556201 0.00229527 -0.00491021 -0.000955514 -0.00740939 0.00173494 -0.00600261 0.000266401 0.00346881 -0.00285547 0.004561 0.00198565 -0.0076468 -0.000304712 -0.000373657 -0.00656775 0.00697194 0.00124344 -0.00170758 -0.00773105 -0.00465427 -0.00155768 -0.00688993 -0.00556494 0.0018591 -0.00684398 -0.00430407
42077 -0.00327396 -0.00653887 0.00382948 -0.00460911 -0.00224257 -0.00295401 0.00527048 -0.00758648 0.000500202 0.00239134 0.00345612 -0.00624847 4.24385e-05 -0.000413895 0.00651312 -0.007195 -0.00471878 -0.00400496 0.00471115 -0.00719023 -0.00723457 0.0064702 0.00194216 0.00130606 -0.00560427 0.00263548 -0.00727844 -0.00679684 -0.000257492 0.00240135 0.00532436 0.00406075 -0.000946045 0.0042963 -0.004282 0.00740099 0.00334549 -0.00535774 -0.0058465 0.00328875 -0.00610828 -0.00220299 -0.00779963 0.00324726 -0.00624323 0.00684834 0.00334072 -0.00499725 0.00306463 -0.000627041 0.00365162 -0.00601435 0.000646591 0.000638485 -0.00180006 -0.00053072 0.00375938 -0.00738907 -0.00220442 -0.00647831 -0.00210333 0.00614977 -0.00451994 0.00377131
70965 -0.0059984 0.00725589 -0.00696669 -0.00684405 -0.00614239 -0.00719697 -0.00505301 0.00400465 -0.00398188 0.000690399 0.00465625 0.00675948 -0.00524557 -0.00393919 0.0027571 0.0063479 -0.00482933 -0.00457695 0.00474579 -0.00342004 -0.00292667 -0.000289248 0.00602655 0.00297867 0.00176975 0.00354443 0.00516504 -0.00728856 -0.00582929 -0.00363687 0.00781512 0.000518395 0.00194316 0.00385437 -0.00210077 -0.000431767 -0.00402564 0.00647275 -0.00204643 0.007409 -0.000206093 0.00319968 0.00276765 0.00172861 0.000227798 -0.0058337 -0.000144724 -0.00386829 -0.00444255 -0.00577041 0.00403521 0.00716467 -0.00714463 0.00761835 0.00569218 -0.00379618 -0.00725922 -0.00303434 -0.00583079 0.00269865 -0.00662971 -0.0032236 0.0039922 0.00537831
69826 0.00362704 -0.0029883 0.000203758 -0.00719217 0.0046189 -0.00281511 0.00495066 0.000519614 0.00539149 -0.00117758 -0.00123529 -0.00119318 0.00694647 0.00622837 0.00105052 0.00156999 0.00444215 0.00728254 0.000983655 -0.00123847 -0.00181426 0.00622751 0.00450476 8.98882e-05 0.00413653 -0.00143609 -0.00557632 0.00157599 -0.000234984 -0.00635229 0.00381235 0.00349261 0.00284368 0.00689457 -0.00669485 -0.000293119 -0.00154425 -0.00149019 -0.00280818 0.00703932 0.00476816 -0.001599 -0.00720901 0.00621356 -0.00458429 -0.000582238 -0.0075309 0.0027354 -0.00225426 0.000750691 -0.00162595 0.00407745 0.00742247 0.00232877 0.00513123 -0.00614293 -0.00786238 0.00387678 0.007589 -0.0036674 0.001621 -0.00200407 0.00699911 0.000960568
3240 -0.00495481 -0.00768661 0.00539827 -0.00320911 0.00268316 0.00616598 -0.00102615 -0.00663757 -0.00294161 -0.00180531 0.00400066 -0.00181007 -0.00719976 -0.00238562 0.00323772 0.000538826 0.00605679 0.00455809 0.00251389 0.00711107 -0.00171804 -0.00359488 0.00605011 -0.00596905 -0.000812054 -0.00526142 0.00762463 0.00711775 0.0021286 -0.000901222 -0.00682163 -0.00606441 -0.00138712 0.00774097 0.00516033 0.00581217 -0.00478935 -0.00594902 -0.00141096 -0.00605917 0.00454712 -0.00366688 -0.0077486 -0.00599766 -0.00572395 0.00212479 -0.00498629 0.00155115 0.00447845 0.00349951 0.00754642 0.00447798 -0.00449848 -0.00173903 0.00130939 0.00604057 -0.00394344 0.0010004 0.00322104 0.00477362 0.00421858 -0.00484467 0.000366211 -0.000852108
195003 -0.00763704 -0.000555488 -0.00371531 -0.00109689 0.000204797 0.00781608 -0.00431331 0.00163583 -0.00581595 -0.0078098 -0.000831353 -0.00561346 -0.00535654 -0.00735222 0.0035187 0.00189072 0.00680436 -0.000731168 -0.00468485 0.00627559 0.0073196 -0.00437601 -0.0038864 -0.00572119 -0.00741794 0.0072294 0.00637394 0.00458108 -0.00541168 -0.00606724 -0.00057366 0.0076804 -0.00617929 -0.00671914 0.0014049 -0.00729349 -0.0055802 -0.0070655 0.00112608 -0.000955109 0.00286987 0.00235165 0.00727258 -0.00221027 0.00380531 0.00485049 -0.00252803 0.00310065 0.00277165 -0.00487994 -0.00206534 0.00441325 -0.00529868 0.00119862 0.00695668 0.00662583 0.00584081 -0.000626002 0.00121815 0.00371826 0.00633168 -0.00332597 0.00381911 0.000306813
164036 -0.0036087 0.00107098 -0.000287056 0.00136471 0.00117064 -0.0019455 0.00575161 0.00538015 -0.00344992 -0.00217438 0.00237465 0.000146866 -6.91414e-05 0.00571489 0.00377035 -0.00357437 0.00527191 -0.00428629 0.00416756 0.00404263 -0.00379038 0.00566816 -0.000944614 0.00243044 -0.00227785 -0.00377178 0.00662184 -0.00304794 -0.00602722 -0.00152874 0.00688362 -0.00548983 0.000912189 0.00477409 0.00505495 0.00536728 -0.00373268 0.00284672 -0.00399351 -0.00157213 -0.00450277 -0.001863 0.00511265 -0.00495911 0.00760365 0.00263882 -0.002038 -0.00580931 0.00311422 0.00718451 0.0061059 -0.00773668 0.00313187 -0.00661278 -0.00431108 -0.00661755 -0.000103474 0.00230551 -0.00197887 -0.00775194 0.00524235 0.00350428 -0.00231934 -0.00264692
250481 -9.31448e-05 0.00345606 0.00344639 -0.00162302 0.00195871 -0.0036834 0.000817954 -0.00747966 -0.0039926 -0.0070668 -0.0074255 0.00481459 0.0040187 -0.00329705 -0.00187978 -0.00159098 -0.00751468 0.00590332 -0.000706054 0.000569736 0.00619597 0.00487183 0.000167627 -0.00347048 0.00453403 -0.00761219 0.00109491 -0.00490074 -0.00633219 -0.00592373 0.00768881 0.00576822 -0.00676863 -0.00235545 -3.26915e-05 0.00287119 -0.00686916 -0.00764592 -0.0021533 0.00738186 0.00170576 0.00458563 0.00778664 0.00249193 -0.00287209 -0.00173641 0.00228785 0.000848398 -0.00748951 0.000932223 -0.00168096 -0.00448873 -0.00432875 -0.00385048 -0.00424736 0.0030179 -0.00451474 0.00521877 -0.00194013 -0.00705434 0.00601929 -0.0070265 0.00149135 0.00639481
213645 0.0036236 0.00495344 0.0030811 0.00763177 0.0066793 -0.00146931 0.00731171 0.00563456 -0.0076959 -0.00557856 0.00340738 0.00556862 -0.00557976 -0.0042602 0.00412182 -0.00135934 -0.00152642 0.00281951 0.00561564 0.00379023 -0.00744197 -0.00500564 -0.00739322 -0.00629739 -0.00486711 0.00290526 0.0057968 0.00206749 -0.00517012 0.00108784 0.00184198 0.00687896 -0.001174 -0.0023929 -0.00660017 -0.00105035 0.000794997 0.000423705 -0.00221934 0.00206746 0.00171936 0.00350578 -0.00188439 -0.00221558 0.00282464 0.00230412 -0.0071798 -0.00568034 -0.00294906 -0.00764878 -0.00444252 0.00249047 0.00188616 0.0074335 -0.00355001 0.00190145 0.00202894 -0.00431596 -0.00216112 0.00498941 0.00603812 -0.00284235 -0.00425977 0.00455676
204277 0.000539347 -0.00385179 0.00197078 0.00771499 -0.00401502 -0.00720244 -0.00337916 0.00131858 -0.00703408 -0.004105 -0.00169744 0.00732422 -0.00230622 -0.00621398 0.000251457 -0.00422983 -0.00161024 -0.00144221 -0.00684898 -0.00198741 -0.00344752 0.0014027 -0.00709716 0.00353769 0.00647595 -0.00420781 -0.00212342 -0.00264781 0.00654175 0.000748495 -0.00296995 0.00232842 0.00668053 0.00696071 0.000528352 -0.000356919 -0.00378304 -0.00447298 -0.00506127 -0.00232949 -0.000940327 5.12048e-07 -0.00186929 -0.00246605 0.000571807 0.00194073 0.00671268 0.000602068 0.00383224 0.00519115 -0.00467382 -0.00619158 -0.00362147 0.00153796 -0.00536154 -0.00441753 0.00581027 0.00062375 0.00176256 0.00383636 -0.00544358 -0.00648559 -0.000253099 -0.00744695
144515 0.00683308 0.00664997 -0.00430012 0.000671387 0.00526285 0.00634146 -0.00466967 0.00652075 -0.00225592 -0.00140524 -0.00479698 0.00729609 0.00136566 0.00542593 0.00400686 -0.00379705 0.00672245 -0.00262976 0.00253391 0.00689459 0.00470591 -0.00546503 -0.00579929 -0.00388002 0.00496578 -0.00609016 -0.00671864 -0.000337601 -0.00132132 -0.00215292 -0.00666523 0.00442648 -0.00205851 0.00454426 -0.00262976 0.00299788 -0.00493956 0.00106335 -0.00402212 0.00165796 0.00530481 0.00721884 0.00622463 -0.00495577 0.00513601 0.00774431 -0.00496578 0.00657845 0.00761604 -0.00705433 0.00298214 0.00471544 -0.00674772 0.00775194 -0.00464773 -0.00273609 0.000479698 0.00749159 0.00637627 0.00445986 0.000293255 -0.00156736 -0.00586462 -0.00570965
122770 -0.000146866 -0.00420189 0.00329399 -0.00362253 -0.000425339 -0.00397205 0.00626945 -0.00646305 -0.00147152 -0.00398588 0.0043788 -0.00517082 0.000786781 0.00607347 -0.00605059 -0.00140715 -0.00121212 -0.00436544 0.00392866 -0.00072813 -0.00426483 -0.000343323 -0.00252104 -0.00347137 -0.00377274 -0.0033741 0.000346184 0.00420952 -0.00412273 0.00490713 -0.0015111 0.00202322 -0.00711966 -0.00734043 -0.00099659 -0.000623703 0.00540447 0.00122499 -4.43459e-05 -0.00202227 -0.00723743 -0.000920773 -0.00246477 0.0070281 -0.00762653 0.00686407 -0.00511026 0.00698662 -0.00453758 -0.00501966 0.000426769 9.58443e-05 -0.00149012 0.000502586 -0.00442839 -0.0032053 0.00340414 -0.00385427 0.000394344 -0.00193119 -0.0029459 0.00492287 -0.00166559 -0.00526142
238317 -0.00409031 -0.00678205 0.00469637 -0.00313139 -0.00133991 0.00467348 -0.00673199 0.00492096 -0.00494814 0.00510406 -0.0030179 -0.00167179 -0.000912189 -0.00540543 0.00322199 -0.0062542 0.00456285 -0.00238323 0.00657034 -0.00134611 0.00306702 0.00294733 -0.00414753 0.00631285 -0.00634336 -0.00452757 0.0038929 -0.0016222 -0.000666618 -0.00459146 -0.00315809 0.00742054 0.00390148 -0.0029726 -0.00288534 0.0025382 -0.00378513 0.00366831 -0.00195599 -0.00594711 0.00414228 0.00424337 0.00180006 -0.00452662 -0.00724125 -0.00573015 0.0042944 0.00435352 -0.00653696 -0.00398254 -0.0070014 -0.000402927 -0.00521469 -0.00670052 0.000148296 0.00745583 -0.00717163 0.00111818 -0.00399399 -0.000588417 -0.00226212 -0.00180483 -0.00721264 0.00230026
159309 0.0034995 0.00514587 0.00330913 -0.00361452 -0.00116932 0.0047724 0.00612308 -0.00269928 -0.00516729 0.00374482 -0.00113 0.00713978 0.00721487 -0.00668366 -0.00531134 -0.00407373 -0.000617111 -0.000265878 -0.00372783 0.0051401 0.00543818 -0.00158537 0.00589469 0.00359195 0.00287047 0.00544552 -0.0034253 -0.00701026 0.00241937 -0.0024957 -0.00379544 -0.00615867 0.00436986 0.00429643 0.00680371 0.00282212 0.00678253 -0.00737474 0.00485968 0.00510598 -0.00378196 -0.00330964 -0.00592057 -0.0072775 -0.00229863 0.00401403 -0.00216651 -0.00658234 0.00425259 0.00422005 -0.00616228 -0.000607192 0.00380123 0.00750061 0.00611847 0.00343765 0.0016602 0.00219543 -0.00244881 -0.000195221 0.00744533 0.00247271 -0.00295188 0.00189534
254879 0.00775146 -0.00140619 -0.00533962 -0.00305271 0.00419569 -0.00770473 -0.00702095 -0.00235796 -0.00234556 -0.00676441 -0.00319624 0.00280857 -0.00290775 0.00105286 0.00151014 -0.00409031 -0.00244904 0.00626469 -0.0021081 -0.00463724 0.00499058 0.00342703 0.00510597 0.00554752 0.00592136 0.00243092 -0.00555038 0.00672722 0.00634336 0.000340939 -0.00353813 0.0048728 0.00668764 -0.00663519 0.00413322 -0.00166988 0.00602818 0.0069766 -0.0040369 0.00731945 -0.00399399 0.00504589 0.00414562 0.00758028 0.00648117 -0.000267029 0.00475359 -0.0077157 0.00711107 0.00425577 -0.0072999 0.00351667 -0.00750446 -0.00595331 0.0027194 -0.00191593 -0.00742292 0.0027647 0.00165272 -0.00167942 -0.00780106 0.00307131 0.0070219 0.00202179
194800 0.00150729 -0.00450892 -0.00218514 -0.00720681 -0.00457437 0.00223618 0.00369314 -0.00618738 -0.00463899 -0.00166681 0.00102338 0.00593992 -0.0047283 -0.00670575 0.00221365 -0.00765589 0.00573594 -0.00202468 -0.00274679 0.000694271 -0.00387211 -0.00360364 -0.00556366 0.00593102 -0.00715478 0.00146348 0.00582188 0.00350288 0.00448557 0.000789279 0.00551331 -0.00193503 -0.000162601 -0.00228802 0.00417532 -0.00495141 0.00202617 -0.000270161 0.00157648 0.000288393 0.00721743 0.00332724 0.00705918 -0.00569381 -0.00515031 -7.73404e-05 -0.000359219 -0.00427853 0.00461853 0.00433865 0.00271164 -0.00752475 -0.00172576 0.00558741 0.00259976 -0.00323776 -0.00155298 -0.00186007 -0.00302279 0.00193113 0.00399911 -0.00713008 -0.00451728 0.00316201
131369 0.00109959 -0.0057869 -0.00730753 0.00163889 -0.00767231 -0.000763416 0.0020318 -0.00286436 0.0033536 0.00473738 -0.00166988 -0.00196791 0.0048995 0.000143051 -0.00137377 0.00733328 0.00692606 -0.00525045 0.00359869 -0.00224686 -0.00343943 -0.00524759 -0.00171947 0.00627518 -0.00731134 -0.00596762 -0.000135422 0.00200462 -0.00202084 0.00361204 0.00757456 0.00142288 -0.00371075 -0.00375843 -0.00134945 0.00673103 -0.00504065 -0.00585747 -0.00269699 0.00703382 -0.00567627 0.00449944 0.00129938 -0.00696421 -0.00667524 -0.000524521 -0.00383234 0.00625944 0.00730085 0.00472116 -0.00206375 0.00158215 0.00371695 -0.0068531 -0.0049901 -0.00277615 -0.00247097 0.00730419 -0.00427055 -0.00589323 -0.00680208 0.00402689 0.00534487 -0.00190592
207915 -0.000575219 0.00091962 -0.0016694 0.0020433 0.00677777 0.00273527 0.00658264 -0.00451292 -0.00209573 0.00590992 -0.00107627 -0.00026366 0.00568087 -0.00295607 0.00057351 -0.0074113 0.00779325 -0.00699705 0.00274255 0.00228421 0.000740326 -0.00753943 0.00195395 0.000337033 -0.0046461 -0.00482313 0.000506109 -0.00257825 -0.00410157 0.00570159 -0.00507098 0.00371627 0.000582918 0.00683096 0.0025915 -0.00754107 -0.0071222 0.00571162 -0.0022992 -0.00407467 -0.00772294 -0.0017914 -0.00677714 0.00480737 -0.00668874 0.00120629 0.000122584 0.0029827 0.00217063 -0.00200206 0.00717598 -0.00429819 -0.000687457 -0.00633769 -0.00740994 0.00484156 0.00710453 -0.00559696 0.00228228 -0.00259642 -0.00382124 -0.00174693 -0.00639881 0.00302686
223460 -0.00280666 -0.00161362 -0.0053587 -0.00394869 -0.00398445 -0.00697422 -0.00325537 0.000228405 -0.00567198 0.00323248 0.00522327 -0.0074563 0.000781536 -0.001544 -0.00567341 0.00140524 0.00705433 -0.00299263 0.00391436 0.00655699 -0.00488901 0.00695372 -0.00143099 0.0053215 -0.00136471 -0.00359964 -0.00745058 -0.00724459 -0.000612259 -0.00381184 -0.00131369 0.00170851 -0.00605297 -0.00728083 0.00776672 -0.00277662 -0.00403261 -0.00480461 -0.00599194 0.00564718 -0.00310135 -0.00252342 -0.00307703 0.00725937 -0.00593901 8.91685e-05 -0.00608253 0.00404215 -0.000353336 9.91821e-05 0.00455666 -0.00547361 -0.00109148 0.00500488 0.000212193 0.00170231 0.00548601 -0.0060153 -0.00247765 -0.00468493 -0.00536871 0.00765467 0.00313711 -0.00484419
221134 0.0029003 -0.00718426 0.000673521 -0.00645479 0.00325939 0.00510039 0.00672697 -0.000804082 0.000218958 0.00574815 -0.00380206 -0.00291148 0.00113649 -0.00452823 0.00524179 0.00119582 -0.0043501 0.00314269 -0.00705906 -0.0049608 0.00536618 0.000963906 0.00471556 -0.000692134 -0.00750009 -0.00291023 -8.68149e-05 -0.00113268 0.00185756 0.00322673 -0.00453467 -0.000191249 -0.00341523 0.00308337 -0.00205889 -0.00423691 -0.00334414 -0.00628391 0.000795213 0.00453953 -0.00384217 0.0075197 0.00310846 0.00147926 0.00259641 -0.00112698 -0.00100523 0.00417456 0.00243815 0.00356032 0.003178 -0.00581985 -0.00701624 0.00166462 -0.000710406 -0.00677634 -0.0057258 0.00147113 0.00149418 -0.00524328 -0.00640385 -0.00603568 0.00664663 0.00622832
252357 0.0016489 -0.00182581 -0.00364256 -0.00345802 0.00134373 0.00369263 0.000310898 0.00374556 -0.000370502 -0.000781059 0.00552034 -0.00511169 -0.00574017 0.00258398 0.00399256 -0.00161076 0.00355005 9.77516e-05 -0.00531054 0.00688267 0.00235128 0.0075593 -0.00208521 -0.000486374 0.00593948 0.00440836 0.00741625 0.00314999 0.00446558 0.000285625 0.000802994 -0.00525618 0.00527668 0.00110722 -0.0039196 0.00178957 -0.00486374 -0.00671053 -0.00635386 -1.43051e-05 0.00153255 -0.00552368 -0.00532198 -0.00370407 0.00258636 -0.00745916 -0.00224066 0.00589705 0.00538921 -0.00692463 -0.00721407 -0.00129414 -0.00459576 -0.00285006 -0.0053544 -0.00728035 -0.00137377 0.00455427 -0.0049305 -0.00513458 0.00602007 0.00492048 0.000154495 -0.00215435
235562 0.00193071 0.00507498 0.000713348 -0.000704288 0.00222683 -0.0074873 -0.00393963 0.00174189 0.000130653 -0.00728369 -0.00347281 0.00655079 0.00674534 -0.00478315 0.000314236 0.00723553 0.00609732 -0.000135422 -0.00503254 -0.00469446 -0.00390816 0.00508595 -0.00528383 -0.000343323 -0.00230455 0.00208902 0.00771046 0.000805378 0.000613689 -7.39098e-05 0.00688887 0.00659418 -0.00659132 0.00474787 0.00164747 0.00567341 -0.000552177 -0.00622511 0.0027895 0.00725555 0.00100565 -0.00516462 -0.00645351 -0.00717163 0.00102663 -0.000515461 -0.00397158 0.00394154 -0.00449228 -0.00756836 0.00214481 0.00426149 -0.00337172 -0.00283241 -0.00102234 0.00562668 0.00457859 -0.00135946 -0.00172234 0.00254869 0.00572872 0.00225163 0.00317907 0.00177431
248701 0.00445119 -0.00374051 -0.00631858 0.00384594 -0.00560846 -0.00123579 0.0046852 0.00450631 0.00144281 0.00318813 0.00288169 -0.00201855 -0.00514231 0.00349743 -0.0038641 0.00292385 0.00204013 0.00670612 0.00301357 -0.000533886 0.00436218 -0.00464957 0.00389173 0.0013093 -0.00322288 -0.00268699 0.00126262 -0.00514849 0.00711057 0.00687314 -0.00194332 0.000791317 0.00462668 -0.00716312 0.00631733 0.00553539 -0.00583648 0.00283268 0.00378291 0.00249589 0.00601909 0.00599835 -0.00176904 -4.82883e-05 -0.00282255 -0.000948848 0.00744685 0.000840562 -0.0011133 0.0019655 0.00535804 -0.0007714 -0.00507788 -0.000399038 0.00150206 -0.00165434 0.00599227 0.00263096 0.0076646 0.00129871 0.00562765 0.00241376 -0.003836 -0.00482405
249377 0.00211453 -0.00644866 -0.00574667 0.00451412 0.00544073 -0.00505335 -0.00216828 -8.53762e-05 -0.00465965 -0.00716711 0.00364938 0.00555657 0.000787539 0.00293242 0.00121553 -0.000380687 -0.00210002 0.00137532 0.00475101 0.00387639 0.0059577 0.00360889 -0.0048598 -0.00190173 -0.00693694 0.00514225 -0.00371945 -0.00389928 0.00179267 0.00248431 -0.0022833 -0.00253755 -0.00327268 -0.00113724 -0.00614423 0.00738377 0.0029804 0.00476366 -0.00445053 0.0010225 0.00465563 0.00191954 -0.000594635 0.0031097 -0.00196663 -0.00598224 0.00666741 0.0069438 0.00255977 -0.00142392 -7.42931e-05 -0.00467277 -0.00365581 -0.00547163 -0.0008039 0.00770806 0.00454902 -0.00378468 -0.00371757 -0.00191959 -0.00488523 -0.00167515 -0.00138944 -0.00587346
258974 -0.00439808 -0.00466163 -0.00188801 0.00305792 -0.00748269 -0.00734787 0.00177651 -0.000641951 -0.00245614 -0.00559811 0.000980592 -0.00524423 -0.00353709 0.00778428 0.00174103 0.0040251 -0.00751499 0.00389525 -0.00649284 0.000660832 0.00286073 0.000360232 -0.00719092 0.00751656 0.000210429 0.00121433 -0.00664223 0.00768388 0.00122098 0.00690025 0.00583362 -0.00676246 -0.00233719 0.00186114 0.00307236 -0.00641768 -0.00519059 0.00697311 0.000737124 -0.0055999 -0.00744226 -0.00433868 -0.00439779 -0.00450261 0.00295796 -0.00505594 0.00711722 -0.00648581 0.00140543 -0.00181473 0.00684454 -0.00317262 -0.000837679 -0.00444598 -0.00288963 -0.000220005 -0.00584242 -0.00128433 0.00769548 0.00754852 0.00299747 0.00671873 0.00652074 0.00740438
255147 -0.00655556 0.00779963 -0.00710249 -0.00598812 -0.00112724 -0.00439739 0.00387764 0.00626469 -0.000376225 0.00120497 0.00534391 0.00222778 -0.00718498 -0.00628662 0.0075736 -0.00112534 -0.00768757 -0.00508738 0.00225687 0.00568247 0.005229 -0.00474405 -0.00212336 0.00737953 -0.00771713 0.000806332 0.000622749 -0.00658321 -0.000981808 0.00165796 -0.00107145 -0.00734425 -0.00352669 0.00392151 0.0019393 0.00146008 -0.00670242 -0.00606394 0.00250578 -0.00194073 0.00477839 -0.00758886 -0.00687027 -0.00612879 0.00327444 0.00465727 -0.00079155 0.00214863 -0.00198078 -0.00662613 -0.00761986 -0.000358582 -0.00620127 -0.00736666 0.00769424 -0.00398588 0.00770283 0.00516796 -0.000725269 0.00545454 0.00283957 0.00472403 -0.00741148 0.00397062
39864 -0.00366449 -0.00192022 0.00547695 -0.00506687 -0.00261927 -0.000247955 -0.0008111 0.000733376 0.00140238 -0.00101805 0.00345612 -0.0062561 -0.00701237 0.00640154 0.00496387 0.00632524 -0.00385189 -0.00565243 -0.00673628 -0.0044384 -0.000452995 0.00572348 0.003479 -0.000651836 -0.00159931 -0.0046258 0.00297928 0.00326681 -0.00369549 0.00700331 -0.00738335 -0.00763941 0.00557041 -0.000406742 -0.00216913 -0.00211906 -0.00130224 0.00448704 0.00771666 0.00373936 0.00581884 0.00521326 0.00610685 0.00710726 -0.00176334 0.00246668 -0.0034833 0.00415373 0.00290012 7.34329e-05 -0.00687647 -0.00776672 -0.00581932 -0.000648975 0.00463772 -0.00610447 0.00779867 0.00332785 -0.00114584 0.00651789 0.00763798 -0.00678205 -0.000258923 -0.00767899
22428 -0.00283361 0.00362011 -0.00764068 5.94062e-05 -3.90433e-05 -0.00676889 0.00624041 0.00190188 -0.00520234 -0.00313729 0.00553823 0.0055298 -0.00768744 0.00565564 0.00364549 -0.00625088 -0.00507368 -0.00136747 -0.000780307 0.00162329 -0.00420445 -0.00550029 -0.00507246 -0.0072186 -0.00711245 -9.66671e-05 -0.00693608 0.00118094 0.00207957 0.00423836 -0.00532776 -0.00315426 -0.00168263 0.0067881 0.00584224 0.0044199 0.00340229 0.00721966 -0.000250072 -0.00458993 -0.000684604 -0.00758587 -0.00601389 0.00501111 -0.00509625 0.00678738 0.00487023 -0.00576646 0.00307668 -0.00481163 0.0066052 0.00202674 0.00637048 0.00577644 0.000589296 -0.00108883 -0.00386717 0.00428171 -0.00481445 0.00204014 0.0068732 -0.00352181 0.000594681 0.00430061
261156 -0.00336392 0.00718649 -0.00398818 -0.00418922 -0.0048876 0.00321937 0.00447427 0.00546774 -0.00484026 -0.00384638 -0.00162772 0.00349617 -0.00606193 0.00595152 0.00554841 -0.00116698 0.0030163 -0.0036259 -0.00187433 0.000543032 -0.00386252 -0.00538334 -0.00337834 0.00487907 0.00479285 0.00592631 0.00256533 0.00580217 0.00189529 -0.00189498 0.00506384 0.00277235 0.00274826 0.00434559 0.00206198 0.00356816 0.00760486 -0.00583346 0.00102296 -0.00388126 -0.00328048 -0.00171216 0.00213858 -0.00353296 -0.00750219 -0.00305244 0.00665617 0.0061802 -0.00661405 -0.00531934 0.00691123 0.00180323 -0.00264366 -0.00581116 0.000426058 -0.00692641 -0.00217768 -0.00432697 0.000406984 0.00676339 -0.00218315 -0.000296978 0.00685097 0.00140528
262111 0.0032031 -0.000677834 0.00419146 0.00770908 -0.00534502 0.00218226 -0.00320052 -0.000724815 -0.00565072 0.00608727 0.00784303 -0.00743059 -0.00683758 -0.00161053 0.00486313 0.00465361 -0.00428501 -0.000353306 0.00708222 -0.00765383 -0.00509876 0.000125628 -0.00615291 -0.00188449 -0.00730208 -0.00285821 -0.00711525 -0.00335014 0.00483921 0.00108653 0.000320448 -0.000944896 -0.00788361 -0.00546839 0.00151757 0.00130637 0.0036657 -0.00357633 -0.00507629 0.00552168 0.001735 -0.00316182 0.00563737 -0.00180712 -0.00193298 0.00704957 0.00782705 0.00348071 0.00778862 0.00677738 0.00734713 0.00333016 0.00454538 0.00152223 0.00116723 -0.00254486 -0.00115025 0.00422427 0.00336454 -0.00369681 0.00123092 -0.00409694 0.00678394 -0.000163201
262112 0.00212908 -0.00592518 -0.00319958 0.00642967 0.00301981 0.0018425 -0.00603867 -0.00525379 -0.0077281 -0.00354671 0.00498819 0.0013032 -0.00677681 -0.00258684 0.00325298 0.00184393 0.00308228 -0.00296021 0.00393391 0.000715256 -0.00566912 -0.0029397 -0.00460482 0.0053196 0.00154543 -0.00352812 -0.00422144 -0.00740719 -0.00372934 0.00243998 -0.0039587 -0.00210428 -0.0052228 0.00320673 -0.00401974 -0.00426149 0.00758266 0.00602818 0.00384903 -0.000402927 -0.00568485 0.000988007 0.00298309 0.00336981 -0.00469828 0.000582218 0.00604534 0.00422525 -0.00591326 0.000298023 -0.00282288 -0.00497532 -0.00524092 -0.00554228 0.00766373 -0.00581074 -0.0067029 0.00192022 0.000409603 0.00119543 -0.00131845 0.00154161 -0.00367641 -0.00755453
193138 0.00173855 -0.00238895 -0.00708628 0.00194836 0.000586987 0.00578737 -0.00118637 -0.00469971 -0.00372648 -0.00774574 0.000164986 0.00328255 0.00497818 -0.00588417 -0.00491095 0.00481701 0.00036335 0.000628948 0.00590277 -0.00566053 0.00433254 -0.00482988 0.00219965 0.00458717 0.00539303 0.00315475 0.003829 0.00423098 0.00101233 -0.00106716 6.67572e-06 0.00385761 -0.000581741 0.00125456 0.000475883 -0.00715542 -0.00402546 0.00720406 -0.00442505 -0.00623131 -0.00603771 0.00044632 0.000497818 -0.00248766 0.00677586 -0.00381565 0.0074892 0.00320244 0.00198078 -0.000704765 0.0056324 0.00428629 0.00549984 -0.0057044 0.00133848 0.0042367 -0.00175142 -0.000148773 -0.00391531 -0.00304842 -0.00464439 -0.00601482 -0.00487757 -0.00466204
157069 0.00279713 -0.00730419 0.00370932 -0.00372934 0.00720024 -0.00560951 0.00645876 -0.00333786 0.00614595 -0.00527811 -0.00426197 -0.00428581 0.000355244 0.00298405 -0.0021677 0.00433731 0.00195551 -0.000975132 0.0065546 -0.00320005 -0.00415373 -0.00379038 0.00739527 -0.00251675 0.00210285 -0.00684929 0.00189161 0.00341558 0.00456524 -0.00465345 -0.00343943 -0.00203371 0.00293016 -0.00116825 0.00669861 0.00637865 0.000355244 0.00760984 -0.00747967 -0.00461388 -0.00358677 -0.00742054 -0.00331593 0.00510263 0.000513077 0.00436449 -0.00556564 0.00292253 -0.00499535 0.00400972 0.0066514 0.00387478 0.00371838 -0.00105953 0.00266647 -0.0059576 0.00764418 0.00128317 0.00250816 -0.00163364 0.00413227 0.00531626 -0.000810146 0.00131607
255065 -0.00182687 0.00116699 0.00134797 -0.000757085 0.00354365 0.00264754 0.00418165 0.0023312 -0.00182637 -0.00267412 0.00193919 -0.000785359 0.00594392 -0.000562139 0.00559897 -0.000922954 -0.00118691 0.00427076 0.00733363 -0.00741413 -0.00553259 -0.0058091 -0.00370149 -0.0066211 -0.00270936 -0.00292549 -0.00174878 0.000974676 0.000293137 0.0041931 -0.0064901 0.000370715 -0.00569443 -0.00180803 -0.00150069 -0.00457298 -0.00249674 0.00706943 -0.00630439 0.00405318 0.00530814 -0.00175449 -0.00213071 -0.00403876 -0.000802057 -0.00334361 0.00395072 -0.00189487 0.00706555 0.00695926 -0.00222951 0.00559583 -0.00449159 -0.00149023 -0.00691037 0.000297896 0.00750062 0.00166839 -0.00720421 -0.00326639 -0.00114043 -0.00271629 -0.00322821 -0.00468177
253424 0.00425863 0.00573063 -0.00304317 -0.00268316 -0.00626612 -0.00472879 0.00266314 -0.00758839 0.00334215 0.00146818 0.00552654 -0.00472736 -0.00639105 -0.00198698 0.00466824 -0.00466156 0.00525331 0.0050168 0.00183105 0.00515747 0.00238848 0.00646925 -0.00669384 -0.00617456 0.00426149 0.00645542 -0.00667906 -5.43594e-05 0.00505495 -0.000957966 0.00637579 0.00763273 0.00156069 -0.00608301 -0.00118732 0.0049696 0.00325203 -0.00231218 0.00585365 -0.00406647 0.000815392 -0.000821114 0.00252724 -0.0054121 0.00203896 -0.000747681 0.00283146 0.00691223 0.00175095 -0.00713205 -6.81877e-05 -0.00216293 -0.00530529 0.00641537 -0.00699711 0.00509357 0.00741863 0.00427151 -0.00525427 0.00681877 -0.00756121 0.00199747 -0.000427723 0.00141096
263870 -0.00181658 -0.00306276 -0.00604928 0.000290844 0.00541537 0.00729323 0.00495169 0.00163697 -0.00213186 0.000585519 0.00111239 0.00460533 0.00564572 0.00543689 0.00486324 0.00756565 -0.00330506 -0.00237869 0.00716924 0.00352067 -0.00168211 -0.00417493 -0.000600063 -0.0074779 -0.00264734 0.00506497 -0.00469241 -0.00448469 -0.00347777 -0.0077413 -0.00386036 -0.00697598 -0.00193916 0.00384518 0.00712502 -0.00596087 -0.00562925 -0.00518601 -0.00327519 0.00185008 0.00223228 0.000597144 0.00137898 0.00212258 0.000567546 -0.000658044 -0.00313165 -0.00718823 -0.00267082 0.00113366 -0.0049113 -0.00772459 0.00743328 -0.00281134 -0.000479049 -0.00179141 -0.00666967 0.00446214 -0.00287959 0.00430553 0.00559052 -0.00328825 -0.0041558 0.00445824
81508 -0.00351025 0.0046117 0.00365012 -0.00534704 -0.00443861 0.00326657 0.0057779 -0.00554482 -0.00271348 -0.00406467 0.00678984 -0.00709786 -0.00187897 0.0047068 -0.00772097 -0.00491229 0.00299817 0.00208397 0.00124018 -0.00470262 7.71852e-05 -0.00462834 0.00759334 0.00680657 0.00583312 7.64387e-06 0.00496408 0.0063624 0.00727659 0.00447324 -0.00599202 0.00027713 -0.00371333 0.0067576 -0.00055985 -0.00777052 0.00236262 0.00629536 0.00455075 -0.00191622 0.00532566 3.56033e-05 -0.00707973 -0.00400694 -0.00623146 0.00749045 -0.000248571 0.00520762 0.00431592 0.000794037 0.00412756 -0.00674038 0.000650079 4.02524e-05 0.00183393 -0.00708453 0.00604872 0.00575075 -0.00360289 0.0038535 0.00438455 -0.00183973 -0.00275172 -0.00266196
202572 0.00751648 0.00347971 -0.00195338 0.00587949 0.00765597 0.00271041 -0.00724754 0.00562568 -0.00667766 -0.00323818 0.00140971 -0.0034117 -0.00218898 0.00279803 -0.00755648 0.00364845 -0.000474298 -0.000937314 0.00119626 -0.00359283 0.00192518 -0.00100636 0.00329165 -0.00100357 0.00374662 0.0063368 -0.00098069 -0.00358711 -0.000718006 0.0011546 0.00772297 0.00241429 0.000773681 0.00507897 0.00648968 0.00530556 0.00393632 0.000574301 -0.00314979 -0.000287664 -0.00186314 0.00257738 -0.00090178 -0.0069121 0.00456247 -0.0048156 0.00163364 0.00757409 -0.00593086 7.562e-05 -0.00661619 -0.00334888 -0.00390285 0.00493391 -0.00293759 -0.00528789 0.000329506 0.00335697 -0.00296225 -0.00315765 -0.00615176 -0.000896927 0.00765578 -0.00377529
241155 0.000748457 0.00772866 0.00400878 0.00467056 -0.00117125 0.00153503 0.00781384 -0.000384527 0.00140628 0.00423069 0.00313331 -0.00284601 -0.00779213 -0.0015577 0.00731476 -0.00739268 0.000752116 -0.00721329 0.000651169 -0.000798447 0.00621851 -0.00704948 -0.00469456 0.00199769 0.00457285 -4.69367e-06 -0.00637875 -5.3264e-05 0.00508595 0.00261156 0.00608993 -0.00385145 -0.0073615 -0.00684355 0.00435596 0.000188478 -0.000622039 0.000961855 -0.00391164 -0.00136855 0.00778434 0.00566708 0.00280277 0.00225402 0.000858934 0.00431884 0.000563375 0.00243153 -0.00736137 -0.000745945 -0.000557384 0.00649321 0.0077486 -0.00583006 0.0055624 0.00118491 0.0012742 0.000585267 -0.00449279 -0.00195913 0.00260086 0.000423798 0.00759577 -0.00619371
143231 0.000376777 0.00767222 -0.00633986 0.00102376 -0.00338134 0.00345645 0.0067255 -0.00450782 -0.0021922 -0.00360931 0.00646856 -0.000481462 0.00781214 -0.00165114 -0.000438418 0.00769852 -0.00255334 -0.00442504 0.000970331 0.00349933 0.0070282 0.00240797 5.20589e-05 -0.00616224 -0.00165325 -0.0041869 -0.00288127 -0.00346097 0.00239022 0.00596058 -0.00325644 0.00168089 -0.00764659 0.00471337 -0.00746416 -0.00153738 -0.00333866 0.00731266 0.00143109 -0.00563531 0.00649882 -0.00113264 -0.00531944 -0.00674539 0.00534675 0.00644327 0.00233187 0.00016647 0.0028391 0.00651683 0.0041887 0.00347494 -0.0054704 0.00479609 -0.00678777 0.00228762 -0.00491864 -0.00701862 -0.0037268 -0.00139105 0.00440572 -0.00482235 0.000749135 0.00639137
186879 0.00704793 0.00192385 -0.00615048 -0.0031088 0.00517098 0.00445197 0.000455671 0.00466856 -0.00212721 0.00566818 -0.00175527 0.000917538 0.000935605 0.00140467 0.00251845 -0.00734678 0.00411353 -0.00424075 -0.00416337 0.00183274 0.00676983 -0.0020405 -0.00482331 0.00742379 -0.00162432 0.00111392 -0.00574082 0.00485254 -0.00758817 0.000162843 -0.00458453 -1.7858e-05 -0.0035119 0.00279203 -0.00610264 -0.00172493 -0.00397856 -0.00392797 0.00387734 -0.0056042 0.00586897 -0.00474015 0.00453836 0.00624863 0.00158517 -0.00353068 0.00499073 0.00327295 0.00374081 0.00654676 -0.00263665 0.00710208 0.00182788 0.00333988 -0.0039168 -0.00443853 0.00670264 -0.000666586 -0.00421406 -0.00217279 -0.00342082 -0.000234659 -0.000995599 -0.00457779
266190 -0.00194502 -0.00340128 -0.00765371 0.00213814 0.00515318 -0.00736046 0.0074482 -0.0006423 -0.00645113 -0.00561571 0.00430632 0.00626373 -0.00182819 -0.00137997 -0.00536776 -0.00695372 -0.00400877 0.00549507 0.00231171 -0.00582409 -0.000294209 0.0048213 -0.00277615 0.00521564 -0.00533915 -0.00042057 -0.00666046 0.00447702 -0.00024128 -0.00222301 -0.00580072 -0.00447798 -0.00593662 0.00537348 -0.00768423 0.0055685 0.0054822 -0.0017004 0.00248194 -0.00171137 -0.00614977 4.29153e-05 0.0074029 -0.00455427 -0.00331783 -0.00718689 -0.00124502 0.00647736 -0.00196505 0.00751448 0.0077157 -0.00202799 0.0043726 -0.00445127 -0.00442696 0.00214624 0.00663137 -0.000466347 -0.00154686 0.0025177 -0.000128746 0.00722408 0.00614643 -0.007236
107924 0.00533003 0.00570539 0.000342944 0.00320054 0.000729086 -0.00478459 0.0071848 0.00653044 0.000148213 -0.00493701 -0.00418236 -0.00286885 0.00265435 0.00455312 -0.00655481 -0.000309246 0.00313677 -0.00223707 -0.00162695 0.00410843 0.00363803 -0.00644428 -0.000699674 0.0043661 0.000585884 -0.00159926 -0.00517818 -0.00156367 -0.0056017 0.00355321 -0.00689809 0.000662751 -0.00244056 0.00694568 -0.00491853 0.00288235 -0.00601195 0.00604977 0.00404568 -0.00213883 -0.00248616 -0.00501325 0.00180857 0.000956213 0.0054633 0.00606849 -0.00276439 -0.00331997 -0.00380037 -0.00590513 -0.00627819 -0.00429292 0.00046666 -0.00504854 -0.00344402 0.0040606 0.0043564 -0.00318018 0.000829629 -0.00377966 -0.00408871 0.00274676 0.00262656 0.00680486
223514 0.00615963 0.00421335 0.00557641 -0.00568705 0.00373694 0.000283147 0.00250951 -0.00160582 -0.00602838 0.00122189 -0.00139412 -0.00589723 -0.00593287 -0.00542084 -0.00694517 -0.00440426 0.000794119 0.000248648 0.00107198 0.000418765 -0.0027108 0.00504232 0.00236412 -0.00133787 0.00613356 -0.00308742 0.00698445 -0.00248907 0.000922085 -0.00121437 -0.00014463 0.00420825 -0.00410367 -0.00584811 0.00169058 -0.00388307 0.000863004 0.00353228 0.00756167 -0.00730868 0.00486278 0.000970165 -0.00593862 -0.00740571 0.00375107 0.00776757 0.00627567 -0.000110901 0.000891282 0.00573823 -0.000191795 -0.00349562 -0.00388095 0.00724164 -0.00393248 0.00673369 0.00152783 0.00226045 0.00725821 0.00146319 0.00542339 -0.00503795 -0.0076708 0.00686239
266457 0.00124536 0.00609727 0.00364006 -0.00686236 0.0027538 0.00381887 0.0041891 0.00194861 0.00599349 -0.0014574 -0.000531154 -0.00565353 0.00682942 -0.00114393 -0.00460377 0.00280801 0.00339855 0.00156855 0.00405081 0.00668369 -0.00154925 -0.00581193 -0.000463286 0.00525744 -0.00657194 0.00230157 -0.000984632 0.00479256 0.00492717 0.00382734 -0.00115696 0.00287566 0.0015458 -0.00726818 0.00379725 -0.000932527 -0.00497787 -0.00157501 0.00420625 0.00583988 -0.00389742 -0.000267864 -0.00170429 -0.00512765 0.00638862 -0.00713867 -0.0073647 0.00297596 0.00694066 -0.00414364 3.83216e-05 0.00434738 0.00527118 -0.000924745 -0.00103703 -0.00776855 0.00767352 0.00352393 -0.00131683 0.00174965 -0.00555447 0.000328866 0.00255321 0.00133744
266458 -0.000921514 0.00194162 -0.00207057 -0.00604766 -0.00591575 -0.00607114 -0.000513848 0.00508409 -0.00315578 -0.00387463 -0.00697046 0.00286574 0.0050219 -0.00717957 -0.00542027 0.00437155 0.00190707 -0.001859 -0.00691717 0.00736998 0.00147899 0.00182951 0.00741823 0.00224888 -0.000730239 -0.00170863 -0.0052105 -0.00016276 -0.000186357 -2.53726e-05 -0.00220511 0.00114196 0.00346451 0.00497262 0.000867337 0.00206488 0.000142934 0.00619145 -0.00702348 0.00567881 0.00607003 -0.00347888 0.00519114 -0.00678201 0.00481095 -0.00460147 -0.00660417 0.000631324 0.00140076 0.00387921 0.00759789 -0.000216175 0.00276105 0.00739728 0.00230194 -0.00274527 -0.00680321 -0.00400389 -0.00489282 0.00400789 -0.000678921 -0.00376254 0.00593085 0.00644853
208180 0.000381801 0.00575921 -0.000358266 -0.00132629 -0.00258173 -0.00218569 -0.000935529 0.00341855 -0.00240231 -0.00463558 -0.00272409 0.00111088 0.007389 0.00656516 -0.00748344 0.00665271 -0.00508908 -0.00574543 -0.00689681 -0.00531292 -0.00708012 -0.00140124 0.0034724 0.00689036 0.00592703 0.00769317 -0.00512082 0.00124869 0.00228767 0.00756061 -0.00318439 -0.00435295 -0.00153898 -0.00590313 0.000245838 0.00325274 0.000807783 0.00321955 -0.00367942 -0.000467284 -0.000573715 0.00434575 -0.00236233 -0.00343151 -0.0017479 -0.00531108 0.00657384 -0.00449431 -0.00529253 -0.00112935 -0.00350304 0.00249345 0.00236394 -0.00113814 -0.00476165 0.00381433 -0.00112711 -0.00127799 -0.0069667 0.00734134 0.00171415 -0.00087492 -0.00146888 -0.000681854
137605 -0.00195968 -0.00750954 -0.00346771 0.00164795 -0.00651324 0.00358924 0.0058778 0.000547395 7.57782e-05 0.00530446 0.0068406 -0.00586263 -0.00634099 -9.3099e-05 -0.00104073 -0.00730005 0.00475927 0.00190321 0.00549002 5.25667e-05 -0.00162425 -0.00597068 0.00431294 -0.00276383 0.00324033 -0.00139097 0.00742558 0.00430988 0.00582762 -0.00772199 0.00353251 0.00654039 0.00676452 -0.0063573 0.00137542 -0.00707224 0.00503901 0.00501525 -0.00241697 0.00273133 -0.00464659 -0.00281033 -0.00242482 0.00592625 -0.00623603 -0.00647146 0.00675391 -0.00217275 0.00515543 0.00461495 -0.00440247 -0.00702083 -0.00535217 -0.00519261 0.00614093 0.00176112 -0.00491509 0.0070024 -0.00313771 0.00305494 0.00671685 0.00201169 -0.000145276 -0.00384183
237879 -0.00726736 0.00739867 -0.000187344 0.00491513 0.00202929 0.00720781 -0.000622491 0.00775251 0.00400407 -0.00396497 -0.00711669 -0.00529142 -0.00178761 0.00300232 0.000178625 0.000208585 -0.00107454 -0.00590269 -0.00735952 0.000106121 0.00438079 0.00555131 0.00305063 0.00609712 0.00465538 -0.00616576 0.00170421 -0.00360122 -0.00402506 0.00572088 0.00238082 -0.000766391 -0.00608725 -0.00189726 -0.00409198 0.000504543 -0.00258963 0.00358884 0.00357446 0.00701617 0.00530488 0.00369764 0.00351276 -0.00105081 0.00620449 0.00250088 0.00756807 -0.00545005 -0.00364591 0.00581281 -0.0054193 0.00650361 -0.00656397 -0.00689729 -0.00705298 0.00437425 0.00699277 -0.007094 0.00315111 0.00590207 -0.00401443 0.00570716 0.00595912 0.00535689
245359 -0.00698425 -0.00584766 -0.00278542 0.00266738 0.00370537 -0.00317739 -0.00191764 -0.00269098 0.0013509 -0.00771171 -0.00314577 0.00781068 0.000770971 0.00684449 0.00592777 -0.00345601 -0.000467168 -0.00144682 0.00286797 -0.00510606 0.00528821 -0.00404268 0.000638236 -0.00399929 0.000110849 -0.00730088 0.00155345 0.00392224 -0.00262993 -0.00207176 0.00108509 -0.00615786 -0.00423143 -0.00588569 -0.00100445 0.000671986 0.00160937 -0.00119345 -0.00233871 -0.00359695 0.00169553 -0.00214688 0.00612927 -0.0076837 -0.00425996 -0.00684936 -0.000784482 -0.00399076 0.00217792 -0.00497086 0.0066314 -0.00761958 0.00483926 -0.000500263 -0.000379909 0.00147922 0.00497377 -0.00123275 0.000618602 0.0071578 0.00589185 0.00326704 0.00508136 -0.00372893
137502 -0.000425339 -0.00196981 -2.57492e-05 -0.00303459 0.00265169 -0.00043869 -0.00292349 -0.00383902 0.00744295 -0.00459909 0.00555468 -0.000685692 0.00447226 -0.00526857 0.00252771 0.00376701 0.00537539 0.00384045 -0.00150347 -0.00762463 0.00328732 -0.00173616 0.00583506 -0.000245571 0.00302124 0.00244188 0.00749016 -0.0013175 -0.00444555 0.00491762 -0.000369072 0.00266171 -0.00648117 0.00741339 0.00227928 0.00719166 0.0022049 -0.00168133 0.00228786 -0.0061202 -0.00408745 -0.00732803 0.00395107 -0.00505304 -0.00710297 0.00729561 -0.00464296 0.00474644 0.00187206 0.00379515 0.0057745 0.00148344 -0.00417852 -0.00380087 -0.000320911 0.00637913 -0.00142145 -0.00341654 0.0014596 0.00596285 0.00242329 -0.00454521 -0.00670815 -0.00713539
141485 0.00527152 -0.00601167 -0.00416592 -0.00231876 -0.00484094 0.00362989 -0.000711981 0.00783535 -0.00144503 -0.00115218 -0.00204409 0.00550331 0.00463069 0.00460952 -0.000295497 0.00488719 0.00739745 0.00639622 -0.00335087 -0.00738269 -0.00728346 0.00645357 0.0039681 -0.00458388 0.00334133 0.00673512 -0.00348598 0.00717769 -0.000452835 -0.007714 0.00585014 -0.00106589 0.00737204 -0.00659862 0.00523217 -0.00522936 0.00721673 0.00198526 0.000810094 -0.000899142 0.00727182 -0.00661931 0.0032842 -0.00774873 0.00468289 0.000854183 0.00181198 -0.000167225 -0.00194236 -0.00659338 0.00523938 -0.00125866 0.0037515 0.0045846 0.00582576 -0.00674896 0.00507777 -0.00258526 -0.0056062 -0.006387 0.00633791 0.0065755 0.00575756 -0.0042588
223431 -0.00476694 -0.00399065 -0.00399351 0.00681734 0.00101376 0.00487995 -0.00028038 -0.0032897 0.0056572 0.0039835 0.00773621 -0.00777864 0.00441265 0.00400972 -0.000692844 0.00632811 0.00430489 -0.00513077 0.00653648 0.00352669 0.00697947 0.00670528 0.00376892 0.000255585 -0.00115633 -0.00283289 0.000315666 0.00110388 -0.00511217 -0.003901 0.00399828 -0.00507307 0.00288725 -0.00651407 -0.000442505 -0.00720119 0.00124407 0.00180674 2.57492e-05 0.00380516 0.000294685 -0.00261497 0.00261402 -0.00689936 -0.00090456 1.43051e-05 0.000960827 -0.000516891 0.00125933 -0.00454855 -0.00533247 0.00379419 -0.00439453 0.00692177 0.00734901 0.00663567 0.00269747 0.00461245 0.00723886 0.000470161 -0.000721455 0.0061717 0.00720835 -0.00228643
127525 -0.00648005 -0.00527509 0.00386819 0.00299713 0.000895649 0.00715603 0.00138927 -0.00240522 0.00503287 0.00425926 -0.00177677 -0.00424029 -0.000906207 -0.000296229 -0.00447115 0.00670982 0.00272948 -0.00315177 -0.00157886 -0.00598865 -0.00640761 -0.00700703 0.00623099 -0.00770809 -0.00491579 0.00435967 -0.00406462 0.00702271 0.00621838 -0.00240524 0.00195703 -0.00485859 0.000310413 -0.00572486 0.00030997 0.00727257 -0.00772747 -0.00230884 -0.00110281 0.00770209 -0.00574123 -0.0057075 -0.00734596 -0.00137478 -0.00123592 0.0075701 -0.00135789 -0.001646 -0.00152146 0.00244315 0.00293612 -0.00282693 -0.0069177 -0.00669175 0.00116689 0.00510795 -0.00695346 -0.00210527 -0.00254713 0.00224079 0.00196054 0.00289432 0.00159302 -0.000716327
215403 0.000962257 0.00400782 -0.000626564 0.00394869 -0.00118113 0.00632429 -0.000746727 0.00622988 -0.00353003 0.00102425 0.00307751 -0.00239992 0.00756454 0.00616312 0.00590181 -0.00309134 0.00131178 0.00113487 -0.00302076 0.00302601 0.00153875 -0.00157595 0.00442266 0.00444746 0.00554466 0.00412321 -0.000545979 -0.00344229 0.00350523 0.00148726 -0.000404835 -0.00370121 -0.00361395 0.00587368 -0.000772953 0.00493097 -0.00375319 -0.00279093 0.00435925 0.00237608 0.000632763 -0.002913 0.00316525 0.00195599 0.00307322 0.002882 -0.00711918 -0.000976086 0.000127316 -0.000889778 0.00398827 -0.00145864 -0.00550365 -0.00719547 -0.00771284 0.00197697 0.00152111 -0.00375271 -0.00709772 -0.00204182 -0.00392008 -0.0024128 0.000574589 -0.00670147
248872 -0.00529051 -0.00106859 0.00153399 0.00383282 0.00683498 0.00618887 -0.00368738 -0.00519371 0.0030632 0.00337982 0.00128078 0.00275373 -0.0062108 -0.00118446 -0.00672817 0.00673437 0.00670815 0.00398493 0.00383568 -0.000388622 -0.00602531 0.0013032 -0.000654697 -0.000876904 0.00447559 -0.00406265 0.00351143 -0.0037055 -0.00428391 0.00473356 0.00477076 0.00282621 -0.00422478 -0.000662804 -0.00426817 0.00750113 0.00546408 0.000285625 -0.00035429 0.00324726 0.00738811 -0.00459051 -0.00642538 0.00427771 0.00329876 0.00432158 0.00511742 -0.00381374 -0.00669098 -0.00641584 -0.00451994 0.00405025 0.00585985 -0.00441933 -0.00675488 0.00267172 -0.0017395 -0.00494289 -0.00211 -0.00536919 0.00231886 -0.00114059 -0.00759554 -0.00409794
193306 0.00675152 -0.00653208 0.00592751 0.00471576 -0.00222569 0.00267779 0.00324895 0.00591758 -0.00669393 -0.00298232 -0.00474849 -0.00725484 -0.00780175 0.00779078 0.00644384 -0.00423107 0.00201122 -0.00592963 -0.0030814 0.0072314 0.00430992 0.00345158 -0.000259668 -0.00646985 0.00529876 0.0025656 -0.00705856 -0.00640901 -0.000325344 -0.00357832 0.00180347 -0.00421292 -0.00474468 0.000384824 -0.00286796 -0.00255237 0.00455566 -0.00106484 0.00722844 0.00203942 -0.00527488 0.00227908 -0.00636584 -0.00118707 -0.00127039 0.00686736 0.00212453 -0.00761694 0.00409427 0.00182838 -0.00166607 0.00208649 -0.0057941 -0.000499674 -0.00669444 0.004846 -0.00714678 -0.00239457 -0.0066417 0.00697834 0.00234961 0.00754354 0.00439989 -0.000123182
134115 -0.00127131 -0.00621753 0.000312469 0.000831971 -0.000810535 -0.000464941 0.00732624 -0.00380386 0.00599939 0.00671216 -0.00482665 0.00380364 -0.0018824 -0.00713384 -0.00737144 -0.00609557 -0.00623292 -0.0009113 -0.00668599 -0.00528334 -0.00439722 -0.00114659 0.00655241 -0.00296081 -0.00201721 0.00772857 0.00725985 -0.000721473 -0.00686006 0.0047295 -0.00152458 -0.00468698 -0.000578284 -0.00432055 0.00292078 -0.00366743 0.00150849 -0.00700931 -0.00514233 -0.00162901 -0.00244729 0.00727681 -0.0059543 0.0022353 -0.0035939 -0.00233979 0.00535135 -0.00204168 0.00387797 0.000751761 -0.00553783 0.00445585 -0.00315005 -0.00535231 0.00515001 -0.00163689 0.00258339 -0.00064085 -0.000683703 -0.00498462 0.00126768 0.00102439 -0.00646439 0.00581058
270715 0.00259209 -0.00169659 -0.0041132 -0.00577021 -0.000408173 -0.00729227 0.00364017 -0.00739288 -0.00602102 0.0024724 0.00351286 0.00182724 -0.000910759 -0.000160694 0.000683308 0.00755787 -0.00360823 0.00762033 0.00221968 0.00124645 0.00134516 0.00493765 -0.0027132 -0.00441837 -0.00407982 0.00297213 6.7234e-05 0.000740051 -0.00707054 0.00312901 -0.00524855 -0.00195599 0.00511122 -0.00466347 0.00476408 0.00232506 -0.00339603 0.00574875 0.000585079 -0.000368118 -0.00398684 -0.00780058 -0.00667095 -0.00779915 -0.00442219 0.00292921 -0.00280714 -0.000177383 0.00314188 0.00630236 0.0048089 -0.000473499 -0.00356531 -0.00545692 0.00236464 -0.00353336 0.0057435 0.00357676 -0.00334311 0.00480604 -0.00364304 -0.00424194 0.00280476 0.00647879
140721 -0.00439591 -0.00243133 -0.00393802 -0.0052271 -0.00472546 0.00157618 -0.00490277 -0.00134906 -0.00397436 -0.00654838 -0.00078637 0.00743208 0.00604068 0.00411605 -0.00657313 0.00413442 0.000787905 0.000494995 -0.00613221 -0.00435177 0.000197801 4.8357e-05 0.00415689 -0.0014868 0.00467871 0.00329597 -0.00476996 -0.00678553 -0.00758107 0.00416827 -0.00157281 -0.00714749 0.00125981 0.00162026 0.00212329 0.00571988 -0.00217444 0.00579196 0.00776583 0.00545875 -0.00620356 -0.00649488 -0.00222412 0.00101009 0.00328504 -0.00580242 -0.000894983 -0.00730949 0.00453765 -0.00461019 -0.0043298 -0.000900954 -0.000974593 0.00489338 -0.00237488 0.0046457 0.0039724 0.00569556 0.00540003 -0.00365559 -0.00728328 0.000363616 0.00479584 0.00242427
271324 -0.00590181 0.00559664 -0.00364256 0.00446892 0.00597811 0.00645494 -0.00761938 -0.00563192 -0.00371933 -0.0033741 0.000306129 0.00214052 0.00650454 0.00454521 0.00400686 0.00565434 0.00569534 -0.00241375 -0.00690842 0.0014329 -0.00561523 0.00166607 0.0046339 0.00742579 0.0064497 0.000235558 -0.00675821 -0.00469065 -0.00722075 -0.00305939 -0.0061779 0.00769424 0.000317574 -0.00659227 0.0023303 0.00467682 0.00537634 0.000819683 0.00761366 0.00759459 0.00228548 -0.00701857 0.00589132 0.00630569 0.0031476 -0.00233221 -0.0065279 -0.00526714 0.00289345 -0.000418186 0.0036335 0.00722885 0.00290012 -0.00766802 -0.00423384 0.00489235 0.0067482 -0.00660753 0.00644732 5.72205e-06 0.0032506 7.15256e-05 -0.0044446 0.0021019
238729 0.00658274 -0.00267076 0.000212669 0.00196505 -0.00322914 -0.00452757 -0.00158215 -0.00106764 0.0022397 0.00544214 0.0014019 0.00656223 -0.00419331 -0.00778198 -0.00467348 -0.00484133 0.00207329 -0.00469208 0.00135279 0.00309229 -0.0061574 0.00372314 -0.000301361 0.000403881 0.00677633 -0.00684547 0.00234365 0.00226402 0.00303698 -0.00599861 0.00436592 0.000142097 0.00687742 0.00421906 0.00483274 0.00513363 -0.00394297 0.00626326 -0.000909805 0.00568533 -0.00608921 -0.00415802 -0.00724602 -0.00647831 0.00220871 0.000505924 0.00175381 0.000657558 0.000880718 -0.00420618 -0.00502586 0.00441408 -0.0015111 -0.00617123 -0.00615501 0.00269985 0.000152588 -0.00666237 0.00418043 0.00710058 0.0018096 0.00348997 -0.00538445 0.00603724
151993 0.00251102 0.0024004 0.00318623 0.00491714 0.00301838 -0.00417995 -0.00733995 -0.00759697 -0.00198317 0.00560474 0.00490761 0.00223017 -0.00728273 -0.00275612 0.000543594 -0.00530052 0.00428724 -0.00209332 -0.00336075 -0.00710344 0.000752449 -0.007586 -0.00190115 -0.00535965 0.00344467 0.004848 0.00737762 0.00146484 -0.00687551 7.62939e-05 -0.00122929 -0.00186825 0.00211525 -0.0027132 0.0013113 0.00523329 0.00132322 -0.00145292 0.00463629 0.00713205 -0.00427532 -0.000505447 0.00373983 0.00279188 -0.000292301 -0.00232792 0.0063405 -0.00262356 -0.00666332 -1.95503e-05 0.00628376 -0.00532675 -0.00031662 0.0072732 -0.00329161 -0.00429249 -0.00633192 -0.00681829 -0.0048542 0.0011158 0.00130081 -0.00417328 -0.00197077 0.00701523
271639 0.00602293 -0.0042448 -0.00696039 0.00755835 0.00540352 -0.00437355 -0.00636721 -0.0060854 0.00677586 0.00623894 0.00542116 -0.00588083 -0.00743294 -0.00494289 -0.00185585 0.00290251 0.00327396 0.00181293 -0.0039897 0.00218773 -0.00615644 -0.00702333 0.000779629 -0.000495911 0.00203896 0.00342464 0.000989437 0.00374556 0.00329447 -0.00354099 0.000443459 0.00614977 0.00626421 0.00614929 0.00687122 -0.00469828 -0.00204897 -0.0068574 0.00761938 -0.00408649 -0.00426531 -0.00646782 -0.00170946 0.00393391 0.00269413 0.00756836 -0.00256491 -0.00476408 -0.00145864 0.00466585 0.00384045 0.00544119 -0.00306845 0.00712252 0.00139618 0.00500345 0.00459719 0.00400257 -0.000668526 0.00460434 0.00682163 0.00134373 -0.00595284 0.00561666
131587 0.00219318 0.00703178 -0.00339504 -0.00369331 -0.00756882 0.00646835 -0.00357136 -0.000852635 -0.00300521 -0.00696706 0.00535912 -0.00498032 -0.00149728 0.000143473 0.00567652 -0.00504713 -0.0022093 -0.00435626 -0.00691076 0.00762488 0.00654399 0.00721139 0.000880582 0.000930806 0.000327481 -0.00394585 -0.000736881 -0.00348748 0.00348212 0.00349301 -0.00626127 0.00524209 0.000488345 -0.00595739 -0.00245351 0.00471406 0.00177328 -0.0022971 -0.000778659 -0.00493869 0.0053869 0.00659091 0.00615726 0.00583457 -0.00521224 -0.00609402 0.00429902 -0.00322895 -0.00429135 -0.00544053 -0.0070181 -0.00615979 0.00411396 0.00689454 -0.00286648 -0.00301954 -0.00444576 -0.00218829 -0.00234676 0.00107154 3.26632e-05 0.00524173 -0.00563548 -0.00539527
104097 -0.000439795 -0.0044431 0.0015953 -0.0033608 0.00729152 0.000818014 0.00396421 -0.00402852 0.00742023 0.00633069 -0.000730625 -0.00572425 0.00582978 0.00360981 0.00163186 0.000753595 -0.00562501 0.00703763 0.00495022 -0.00632363 0.00192907 -0.00217772 -0.000693841 -0.00741117 0.00391128 -0.00222129 -0.00518282 0.0062165 0.00269195 0.00250174 0.00203687 -0.000136673 0.00507315 -0.00551125 0.00409249 -0.0074486 0.00515108 -0.00353073 -0.00601492 0.00422616 -0.00292774 -0.00287003 0.00244965 -0.00612688 -0.0013479 0.00634644 0.00150641 -0.00329828 0.0031642 -0.00656006 0.00252503 0.00295579 -0.00395577 -0.00329279 -0.00343088 -0.00727902 -0.000558995 0.00130841 -0.00552528 -0.00259886 0.00167426 0.000519082 0.0028168 0.00579915
200291 -0.00126282 0.00654688 0.00371768 -0.00499335 0.00712914 0.00589123 -0.00437408 -0.00410398 0.00661719 0.00062892 0.00531909 0.00464848 0.00213346 0.0042407 0.00353607 -0.00453652 0.00746294 -0.00656775 -0.00610445 -0.000505531 -0.00219267 -0.00202448 0.00490323 0.0074764 -0.0050935 -5.59265e-07 0.00379177 0.00459656 0.00215029 -0.00183346 -0.00593444 0.00241476 0.00108656 0.00195373 0.00249455 0.00387582 -0.00719297 -0.00288319 -0.0010984 -0.000499984 -0.00221003 -0.00642511 0.00119775 -0.00730573 -0.00208913 -0.00704263 0.00272291 -0.00242497 1.67042e-05 0.00162874 0.00646181 0.0054401 0.00228367 0.00562565 0.00462342 0.00554928 -0.00541601 0.0021447 0.00205293 -0.00724825 -0.00664597 0.0036315 -2.98435e-05 0.000737
242441 -0.00724411 -0.00065136 0.00619221 0.0012126 0.00402832 -0.0058012 0.00561857 0.00212145 0.00206804 0.000673294 0.00233889 -6.53267e-05 -0.00171471 -0.00684452 0.00551319 -0.00668764 -0.00339031 -0.00184345 -0.00728703 -0.00613642 0.00416613 0.0015173 0.00292015 -0.00770521 -0.00543833 0.00218725 0.00318146 0.00252819 -0.00483656 0.00310278 -0.00673532 0.00166321 -0.00680447 0.00313997 -0.00763464 -0.00228262 0.0039115 -0.000593662 -0.00277758 -0.00386095 -0.0043273 0.00134563 -0.00682306 0.00327492 -0.000433922 0.00343227 -0.00183916 -0.00595522 0.00463343 -0.00396013 0.00240993 -0.00237656 -0.00239372 -0.00748348 0.00262356 -0.00599098 -0.00178957 -0.00419617 -0.00662661 -0.00597191 -0.00418949 0.00762987 0.00511169 -0.0043416
273063 -0.00216103 0.00360966 0.00469637 0.00171614 0.00202417 -0.00708437 -0.00220919 -0.00508308 -0.00651169 0.00772381 -0.00719261 -0.0071435 -0.00251961 0.000464916 -0.0061326 0.00079155 0.00756645 -0.00589895 -0.0050416 0.00039959 0.00753927 -0.00530338 0.00213385 -0.00448513 0.000620842 -0.00411892 -0.00657654 0.00302601 -0.00140238 0.00634956 -0.000431538 -0.00569916 -0.00616598 -0.00750208 -0.00351048 0.00345516 0.00742579 -0.00453949 -0.00427628 0.00157976 0.00207138 0.00215054 -0.0075016 0.00323725 0.00291967 0.0014472 0.00141716 0.00434828 -0.00378084 -0.00737381 -0.00431538 -0.00097084 -0.00409508 0.00217915 -0.00453329 0.00262308 0.00419903 0.00111675 -0.00369024 0.000357628 0.00636005 -0.00234318 -0.00115156 -0.00111628
273168 0.00691122 -0.00573107 0.00258863 0.0063758 -0.00254744 0.00581603 0.00628103 -0.00663302 0.00404708 -0.000317699 0.00255351 0.00404392 -0.00496692 0.00159362 -0.00605478 0.000872243 -3.79877e-05 -0.00663911 0.00209318 0.0035447 0.00229342 0.00274227 0.00348709 -0.00475645 0.00305621 -0.00395678 -0.00156982 0.00131714 0.00580909 0.00484133 0.00514863 0.000451972 0.00760719 0.00356769 -0.00122414 -0.00420138 -0.00423288 0.000698065 -0.00656783 -0.000195989 0.00503181 0.00122352 0.00547707 -0.00633295 -0.000640969 0.0054348 0.00270011 0.00755815 -0.00694192 -0.000458263 -0.000556097 0.00586186 0.00325246 -0.00655792 -0.00418652 0.00563251 -0.00140011 -0.00206558 -0.000415085 0.0030444 -0.00115947 -0.00200378 0.000633387 -0.00460795
116520 0.00502872 0.000938416 -0.00454426 0.00157547 -0.00560713 -0.00245428 -0.00509024 -0.00681305 0.00224161 -0.0065155 0.00276232 -0.00062418 -0.00590229 -0.00457191 0.00769043 2.00272e-05 0.00383711 0.000195026 0.00770569 -0.00445414 0.0061841 -0.00380754 0.000128746 -0.00690413 -0.00037241 -0.00575733 0.00302553 0.000352383 0.00238991 0.00332689 -0.00566244 0.00114727 2.47955e-05 -0.000412941 0.00650072 0.00415468 0.000410557 0.00723171 -0.00284576 -0.00182152 0.000330448 -0.00405645 -0.000637054 -0.000926971 0.00378084 -0.00531769 7.77245e-05 0.00618935 0.00558138 0.00148439 0.00338411 0.00651407 0.00229931 -0.00460243 -0.00711727 0.000630379 0.0065589 0.00515318 -0.000238419 0.00118399 0.00175381 -0.00615501 0.00652361 -0.00640535
142941 0.000727177 -0.00141621 0.00229883 -0.00279236 0.00481844 0.00315285 -0.00215769 -0.00213289 -0.0044117 -0.00174332 0.00363398 -0.000515461 0.00561953 0.00426054 -0.00205755 -0.00316477 -0.00553942 -0.00460911 -0.00236177 0.00777721 -0.00202322 0.000298023 -0.00701046 -0.00161791 -0.0040679 0.00544119 -0.000136375 -0.00458908 -0.00268507 -0.00129461 0.00617933 0.000889778 0.00698042 -0.00154209 0.00353765 0.00320578 -0.00187922 -0.000794411 0.00588131 -0.00364542 0.007267 0.00718069 -0.00389767 0.00489473 0.00757504 0.0032692 -0.00067234 -0.00502014 0.0052309 0.00661516 0.00505161 -0.0028491 -0.000896454 -0.00182056 -0.00065279 -0.00686312 -0.0015254 0.00259542 0.00119209 0.00172281 0.00460291 -0.00615883 0.004776 -0.00594759
115489 -0.00529884 0.00119579 0.00307762 -0.00467698 0.00158018 0.00292557 -0.00543713 0.00311286 -0.00055779 -0.00033217 0.0075925 0.00152406 0.00149548 -0.00428986 -0.00209669 -0.00222761 0.00184279 -0.00118616 -0.00324376 0.00125852 -0.00454115 0.00121964 0.00647167 -0.00296114 0.00537046 0.00557295 0.00502462 0.00511221 0.00741079 -0.0042771 -0.00623631 -0.00365653 -0.00599166 -0.00533789 -0.00283406 0.00673656 0.00472611 -6.78527e-05 -0.00481528 0.0017391 0.00601775 0.00109467 -0.00578906 0.00439497 -0.00563373 -0.00509123 -0.00151663 0.00769624 0.00246304 -0.000365099 -0.0058536 -0.00260628 0.00757579 -0.000322042 0.00442389 -0.00360206 -0.000531401 -0.00647961 0.000435477 0.0037918 0.00467805 -0.00120409 0.00709898 0.00515552
205393 -0.00453472 -0.00062561 0.00116205 0.00572634 -0.00337458 0.000658989 0.00351095 -0.00319529 0.00572205 0.0068965 -0.00640631 -0.0051651 -0.00731945 0.00773239 0.001616 0.00143909 0.00130463 0.00691557 0.00648022 0.0073266 -0.00703716 -0.00702333 -0.00539446 -0.00152302 0.00225496 -0.00601768 -0.00447226 -0.00657558 -0.00519943 0.0068922 -0.00387573 0.00763321 -0.00303507 0.00610971 0.00251818 0.00502729 -0.00295544 -0.00637007 -0.00473738 -0.00171041 0.000222683 -0.00150776 -3.05176e-05 -0.0013752 0.00244999 0.00357866 0.00337172 -0.00778341 -7.15256e-05 0.00433254 -0.00052309 0.00345325 0.00248003 0.0055604 0.00517559 0.000280857 -0.00439215 0.00465393 0.00184488 -0.00137281 0.00702667 0.00175762 0.00167561 -0.00374031
276761 0.00372124 0.00709724 0.00776958 -0.00073576 -0.00593996 -0.00774765 0.00423336 0.00589323 -0.00147772 0.00557566 -0.00468349 -0.0077877 -0.00205612 -0.00769949 -0.00455475 -0.00133181 0.00720978 -0.00733471 0.00482082 0.00263977 -0.00732327 -0.00703669 -0.00255919 0.00421143 5.24521e-06 -0.00651932 0.00308228 -0.00539064 0.00755358 0.00572395 -0.00239611 0.000168324 -0.00297689 -0.00396919 -0.00438881 -0.0037384 0.00649738 0.00358725 -0.00266075 -0.00655699 0.00131845 -0.00318384 -0.00370598 -0.0035181 -0.000182152 -0.00695658 -0.003613 -0.00208378 -0.00752544 0.00540352 -0.00489712 0.00367641 -0.00224018 -0.00186443 0.00643158 0.00240612 -0.00363016 -0.00763607 0.00198269 0.00103569 -0.00664377 0.00351334 0.00026226 0.00698137
276693 -0.00326633 -0.000680447 -0.00496864 0.0014019 0.0058198 -0.00290155 -0.000399113 0.00263691 0.00100851 0.00484848 0.00735331 -0.00137186 -0.00300932 0.00298119 0.00472832 0.0037055 -0.00512695 -0.00062418 -0.00679255 0.00291348 0.00457287 -0.00482178 0.000284195 -0.00762558 0.00419807 0.00342178 0.00470734 0.00387907 0.00779581 0.00475025 0.00598526 -0.00593519 -0.00120974 -0.00203753 0.00718594 0.00200129 -0.00574923 -0.00159931 0.000393867 0.00241995 -0.0026865 0.00127268 0.00511408 -0.000971317 -0.00648212 -0.0026865 -0.00101852 0.00390148 -0.00162029 -0.00462389 -0.00581264 -0.00574207 -0.000530243 -0.0012784 0.00523949 -0.00737858 0.00343704 -0.00101423 0.00520945 0.00229692 -3.33786e-06 -0.002913 0.00671196 0.00665855
253574 0.00645564 0.00567852 0.00539441 -0.00143254 0.00476979 -0.00449024 0.000335155 -0.0016423 -0.00272108 0.00601519 0.000876598 -0.00436936 -0.00703252 0.00740772 0.000145118 0.00736724 -0.00571294 2.657e-05 -0.00348599 0.000434784 -0.000417077 0.0014224 -0.00374074 -0.00422826 -0.00303029 -0.000263668 0.000874921 -0.00699744 -0.00329258 -0.00694337 0.00562099 0.00161494 -0.000940605 0.00639093 -0.00234985 0.00475694 0.00740922 0.00136441 -0.00440391 0.00137908 -0.000352884 -0.00635394 -0.00631188 -0.000474503 -0.00157501 -0.00426578 -0.00645572 -0.00292998 -0.00313454 0.00582915 0.00207864 -0.00518415 0.00587426 0.00522286 0.00644268 -0.000178337 -0.00495123 -0.00348583 -0.00755909 0.00154012 -0.00701366 -0.00108294 0.00147181 0.00368372
115891 -0.00547154 0.00110419 -0.00463483 0.000582958 0.00285542 0.00687889 -0.00631351 -0.00343881 -0.00512107 0.00260599 0.00170421 0.00379089 -0.00318257 -0.00339278 0.00703907 -0.00734399 -0.00359313 0.00669712 0.000548595 -0.00473017 0.00327973 0.00568631 0.00197345 -0.00747872 -0.000443889 -0.00261331 -0.000194375 0.00406057 -0.0010539 -0.00112605 0.00427787 -0.00394288 0.00243865 -0.00767126 -0.00222635 -0.00514024 0.00706832 -0.00333087 -0.00240361 0.00555628 -0.00366007 -0.00523248 -0.000419987 -0.000974028 0.00591919 0.00669184 0.00151554 0.00342636 0.00619999 -0.00193744 0.000664393 0.00154181 0.0073988 0.00770129 0.00711417 -0.00177946 0.00414025 -0.00392069 -0.00067802 0.00566462 -0.0069492 0.0020412 0.00402136 -0.00137472
278025 -0.00710823 -0.000377133 0.00743162 -0.00608267 0.00419647 -0.00413167 0.00599986 -0.00704728 -0.00648631 -0.00408525 -0.00335674 0.00466274 -0.00391988 0.000718383 -0.00390755 -0.00275846 -3.76061e-05 -0.00762 -0.00106764 -0.00465589 0.0022148 -0.00586615 -0.0051093 -0.000189539 -0.00590046 0.00356345 0.00201921 -0.00678026 4.57272e-05 -0.0043918 0.00192206 0.00534169 0.00573841 -0.00285014 -0.000827833 0.00169458 -0.00648284 0.00763492 -0.00246838 0.00676083 -0.00116875 0.00205803 0.00565687 0.00642052 -0.000331511 -0.00608565 0.00533583 -0.00578288 0.00561736 0.00362398 -0.00471148 0.00281575 0.0023435 0.00405424 -0.00356731 0.00112196 -0.00668133 0.000912753 0.00675028 -0.00184333 -0.00256604 0.00726041 -0.00519246 -9.19601e-05
179690 -0.00554941 0.00741293 -0.00192879 0.00403513 0.00509041 -0.00246853 -0.00666232 0.00666065 0.000769189 -0.00493654 -0.00408565 0.00323658 0.00168059 -0.00482032 -0.00734215 0.00415823 -0.00410406 0.000336787 -0.00691382 0.000773451 0.0063799 0.00764203 0.00722549 -0.00424884 0.0017923 0.00198556 0.000132053 0.00254274 -0.0065707 -0.00414492 0.0063622 0.00265763 -0.00207838 0.00750634 0.00135642 -2.34018e-05 0.00598024 0.00286045 -0.0055833 0.00456956 -0.00489283 0.00509739 0.0026273 0.00716199 0.0023167 0.00706056 -0.00483165 -0.00458111 -0.0022538 -0.0005672 -0.000887183 -0.00520403 -0.00323993 3.11411e-06 0.0027305 -0.00169457 -0.00448805 0.00645303 0.0034734 0.00161621 -0.00434386 0.00760502 -0.00664856 -0.00754956
278615 -0.000104904 0.00724888 -0.00590372 0.00171185 -0.00598192 0.00774527 -0.00241661 0.00213861 0.000668526 0.00135756 0.00193787 -0.00336456 0.00118732 -0.00552082 -0.00131416 0.00419855 -0.00142097 0.00361013 -0.00770998 0.00376749 0.00230837 0.00113106 0.000864506 -0.00246429 0.00477171 -0.000155926 -0.00539494 0.00380278 -0.00417852 0.00430202 0.00191021 0.000353813 0.00704384 0.00226974 -0.00400829 0.00342846 -0.00219393 0.00559282 -0.00492144 0.00640249 -0.00336027 0.00131369 0.00462866 -0.00551128 -0.0025177 -0.00581026 0.000282288 -0.00604963 -0.00690985 0.0014472 0.00185204 -0.00285912 0.0045166 -0.00656652 -0.000426292 0.00311422 0.00460339 0.000370979 0.00166607 -0.000513077 0.000618935 0.00387383 -0.0043211 0.000301838
197289 0.00211555 0.0053263 -0.00106249 -0.00318271 -0.00143177 -0.000938647 0.00609082 -0.00148829 0.00079669 -0.00732438 -0.00632 0.00549385 0.00550773 0.0053023 -0.00736972 -0.00400442 -0.00103643 -0.00140553 -0.0020404 0.00447953 2.06825e-06 -0.0001611 -0.00762908 -0.001111 -0.0069748 -0.00352716 -0.0063037 -0.00778698 0.000674921 0.00226942 -0.00361385 0.00287995 0.00647028 -0.000673577 -0.00181539 0.00242642 -0.00735617 8.05083e-05 -0.00152443 -0.00376047 0.00704767 -0.0040969 0.00234628 0.000730289 -0.00779961 0.00500201 -0.00473945 0.000147845 -0.00572218 0.00219875 0.00102419 0.00600224 0.000468816 0.00568984 -0.000347369 0.00533369 0.00662412 -0.00628914 0.00569363 -0.00128881 0.00178724 0.00471563 0.00570498 -0.0072295
278931 0.00183584 2.03727e-05 -0.00749737 0.00703208 0.00727337 -0.00134548 -0.00170629 0.00710005 0.000869931 0.00157961 0.00475984 -0.00429896 0.00214078 -0.00467775 0.00769032 0.00160425 -0.00420901 0.0051462 0.00368504 -0.00483608 0.00160592 0.00557547 0.0061475 0.00135258 -0.00443017 -0.000903241 -0.00210039 0.00204765 -0.00647783 -0.00552631 0.00534982 0.00687615 -0.00704355 -0.00679387 -0.000393157 -0.00496561 0.00638272 -0.005978 -0.00423363 -0.00288507 0.00650973 0.00190714 -0.00575611 0.00356082 0.00133996 0.00313569 -0.00629818 0.000970349 -0.00386277 0.00203648 0.00201109 -0.00586989 -0.00151004 0.00339916 -0.00783569 0.00259638 -0.00452584 0.00537908 -0.00348588 -0.00156019 -0.0036 -0.00471183 0.00384887 -0.00618214
254314 0.0075332 -0.00251774 -0.00618748 -0.00467294 0.000643633 -0.00535219 -0.00733476 0.000175785 -0.00714223 0.00599489 -0.00137408 0.00350811 0.00215351 0.00234325 0.00668409 0.00405208 -0.00442984 0.00415327 -0.00465043 0.00716626 0.0014434 -0.00332444 -0.00375976 -0.00123303 0.00235144 0.00700601 -0.000177472 -0.00273162 -0.000933567 -0.00652475 0.00533837 0.00131332 0.00241501 0.00172036 -0.000282389 0.00294197 8.96525e-05 0.00278753 0.00166753 -0.00696256 -0.00129228 -0.00671011 0.00232782 0.00389622 0.000765669 0.00708523 0.00156113 0.00663568 0.00140518 -0.00661308 0.00224721 0.00464079 0.00462651 -0.00774282 0.0054673 0.000470555 0.00400498 -0.000379711 -0.00597271 0.00552242 0.00527413 -7.00004e-06 -0.00603476 0.00418397
144499 0.00431846 -0.00382853 -0.00153362 -0.00500756 -0.00138939 -0.00138029 -1.7868e-05 0.00469667 0.00766237 0.00715686 -0.00677493 -0.00519757 -0.00704135 -0.00591819 0.00720848 -0.00587648 -0.00286711 -0.000244636 -0.00224309 0.0015121 0.00172494 0.00621455 0.00266851 -0.0074236 -0.00447728 -0.00384218 -6.92829e-05 -0.00350809 0.00277607 0.00400012 -0.0036785 -0.00160421 0.000367664 0.00381082 0.00583764 -0.00703993 0.00527776 0.00288208 0.00724974 0.00701046 -0.00497113 -0.00129191 -0.00618104 -0.0048382 0.00524837 -0.00387089 0.00110748 0.00418145 0.00481308 -0.00766487 0.00717301 -0.00539814 0.00155266 0.00142005 -0.00253171 -0.00350502 -0.00507616 -0.00473336 -0.00512726 0.00351753 -0.00562342 0.00387421 0.00339896 0.000879017
279478 0.000688203 0.0022352 -0.00579836 0.00027722 -0.00258639 -0.00130276 0.00750822 -0.00711442 0.00595755 -0.00139546 -0.00118582 0.00582014 0.00117103 -0.00715811 0.00332813 0.00170971 0.00699148 0.00407796 -0.00325437 -0.00606948 -0.00320366 -0.00306878 -0.00487213 -0.00780918 -0.00368769 -0.0028492 0.00650398 -0.00503675 -0.00194553 0.00732115 0.00173797 0.00264866 0.00705652 0.00173516 0.00181826 0.00229875 -0.00128034 -0.0058899 -0.00404903 0.00740774 -0.000870321 0.00775555 0.00629896 -0.00602782 0.00625088 0.00432218 -0.00178485 0.00389299 -0.00653479 0.0069695 -0.0013626 0.00707792 -0.00468676 0.005377 -0.00351695 -0.00381018 0.00111932 0.00341127 0.00338466 -0.000681844 4.96138e-05 1.65871e-05 0.00477152 0.000127643
216417 -0.00265246 -0.00155687 -0.00777584 -0.00241889 0.00117122 0.00643679 -0.00531084 0.00734222 0.00308135 -0.00274525 0.00215742 0.00247263 -0.00133767 -0.00250406 -0.00300712 0.00199287 -0.00733322 0.00569169 0.00156276 -0.00768827 0.0044501 0.0018769 -0.0019963 -0.00084088 0.00247042 0.00153853 0.00436418 -0.00430294 0.00173698 -0.00743041 0.00588895 -0.00489929 0.00365314 0.00558748 -0.00506267 -0.00214288 -0.00374557 -0.000229295 0.00577817 0.00163138 0.00683872 0.00220779 0.00700923 -0.00640791 0.00299922 -0.00463644 0.00649302 -0.00728557 -0.0065626 0.00639459 -0.00237705 -0.000801186 -0.000180276 0.00198058 0.00735415 -0.00283454 0.000803188 -0.00391509 0.000486167 0.00767459 0.00398634 0.0048312 -0.00586471 -0.00530143
276765 0.00280935 0.00662654 -0.00404706 -0.00322147 0.00618769 -0.00565045 -0.00432052 0.00468287 0.00663534 -0.00335777 -0.00209908 0.00533994 -0.00357878 -0.00094296 -0.00205398 -0.00637978 0.007574 0.00104816 -0.00199858 -0.00325047 0.00341556 -0.000616084 -0.00338742 0.00725382 0.0039615 -0.0069361 0.00179984 -0.00611528 0.00718363 0.00351002 0.000966737 -0.00412895 -0.00528328 0.00206433 0.00032608 0.0011995 0.00588415 0.00407774 0.00451884 0.00493537 0.00613763 0.0029294 0.00225978 -0.00489569 0.00254402 0.00328628 0.000586571 -0.00344898 0.00735688 -0.00125919 0.00165318 -0.00160009 0.00550087 -0.00303719 -0.00410323 0.00493449 -0.00427125 -2.86624e-05 0.00616995 0.00426924 -0.00437331 -0.00424828 0.00661841 0.000840376
280010 0.00214995 -0.00609368 0.000922322 -9.70344e-05 0.000966166 0.0052556 0.00556674 -0.00375176 0.000664393 -0.00195094 0.00403297 -0.00401503 -0.00242451 -0.0035595 -0.00753507 -0.00136819 0.00360806 -0.00561558 -0.00467403 -0.000474221 -0.00414854 0.00691597 -0.000279829 0.00237479 -0.00143965 -0.00548809 -0.000746137 -0.00743587 -2.68409e-05 -0.0019792 0.00254066 0.00163486 -0.00727256 0.00123364 -0.00599372 -0.00515137 -0.00340039 -0.000930013 -0.00104914 -0.00653992 -0.00713231 0.0073035 0.0062026 0.00737624 0.00413323 0.00742297 -0.00592336 0.00237174 -0.00115083 -1.57883e-05 0.0004419 -0.00694388 -0.00500419 0.00382595 -0.00181041 0.00148377 -0.00468056 0.00271953 0.00136357 0.00383145 0.00352403 0.00481348 0.00704315 -0.00435699
280943 0.00389181 -0.00227625 -0.00509849 0.00118268 -0.00255475 -0.00396334 -0.00399868 0.0011658 -0.00728774 -0.00501648 -0.000455067 -0.00500825 -0.00253562 -0.00368008 0.00592957 3.85613e-05 0.00293103 -0.0022412 -0.0050298 0.000727686 0.0073644 0.00281945 -0.00736401 -0.00611499 0.00747196 0.00523572 0.0049879 0.0025628 0.00472376 0.00424953 0.00277917 0.00125694 0.00227786 0.00538978 0.00672616 0.00038739 0.00767123 0.000222066 0.00369138 -0.00194039 0.00190898 0.00492127 -0.00609788 0.000228691 -0.00081116 -0.00505931 -0.00718602 0.00487146 0.00180485 0.00261892 0.00716158 -0.00500817 0.00563649 -0.00297239 -0.00434499 -0.00771775 0.0012773 -0.000212534 0.00604933 -0.00232348 0.00151814 -0.00621356 -0.000722935 -0.00466269
248943 -0.00690346 0.000848725 0.00473422 0.00268038 -0.000276853 -0.00616856 -0.00667203 -0.000516073 -0.00185991 0.0043722 0.00245891 -0.000457702 -0.000802671 -0.00245764 -0.00665668 0.00427729 0.00432052 -0.000221797 0.00618879 -0.00736216 -0.00673968 0.00451345 -0.000229549 -0.000981135 -0.00276725 0.00117615 0.00385608 -0.00435765 0.00700233 -0.0043018 0.00164127 0.00702815 0.00454126 -0.00661374 -0.00111649 0.000286461 -0.00755345 -0.000449492 -0.00567778 -0.00508959 -0.00218444 -0.00677836 -0.00492849 -0.00183322 0.00255936 0.00766306 -0.00518142 0.00659861 -0.00453944 0.00705429 -0.0041328 -0.00746341 0.00441842 0.00573902 -0.00686931 0.00624881 0.00747262 -0.00558143 0.00116622 0.000531785 0.00252471 -0.00524467 -0.00500702 -0.00732609
211306 -0.00607847 -0.00616045 0.00253432 -0.00138285 0.00413645 0.00247855 0.000425943 -0.00523421 -0.00675222 0.0041114 0.0074111 -0.00103854 -0.00183608 0.00683648 -0.00425234 -0.00564996 -0.00129662 -0.00312238 -0.000877016 0.00661252 -0.0052548 0.00599636 0.00640812 -0.00416097 0.00465094 -0.002704 0.00413516 -0.00171274 0.000203362 0.000541525 0.00692632 0.00780816 0.00409817 -0.00121688 0.00122348 0.000561415 0.00579032 -0.00305535 0.00103186 -0.000755903 -0.000159429 -0.00698536 0.000459884 0.00226018 0.00569633 0.00149647 0.00590354 0.00226027 -0.00193781 0.00571782 -0.0046424 -0.00245972 -0.00255617 0.0043679 0.00330516 0.00194575 -4.92673e-05 -0.00228028 0.00669899 0.00370952 -0.00398689 0.000724956 -0.00189448 0.00388262
262653 0.00705947 0.00634686 -0.000483394 0.00668531 -0.00084155 0.00224995 -0.00322128 -0.00170272 -0.00664703 -0.00453737 0.00115159 0.00606815 -0.00254231 0.00742051 -0.000551714 -0.00767922 0.000452129 -0.00673855 -0.00131661 0.00368955 -0.00160426 -0.00655194 0.00572037 0.00152733 -0.00374573 0.000775353 0.00626363 -0.00214246 0.00111838 -0.00776001 0.00296511 0.000256411 -0.00222816 0.000424095 0.00540019 -0.000672877 0.0010751 3.60469e-05 -0.000570065 0.00282906 0.00381047 0.00171241 -0.00706578 0.00579803 0.00781707 0.00266377 -0.00714239 -0.00562 0.00449211 -0.00101428 -0.00465843 -0.00165933 -0.00141782 0.00650856 -0.000235635 -0.00736358 0.00383056 -0.0027142 0.0035457 0.00632265 -0.00511484 -0.00310279 0.00468482 0.00607233
202778 -0.00584983 -0.00234784 -0.000923794 0.00541068 -0.00328587 -0.00311837 0.000890697 -0.00205424 0.00603445 0.00328322 -0.00608837 -0.00550614 -0.00756613 0.0059491 -0.00155087 -0.00316166 0.000485118 0.00109456 0.00631065 -0.000492852 -0.00148949 0.00773193 -0.00140839 -0.00573329 -0.00669432 -0.00463884 0.00288314 0.00523666 0.00314146 -0.00105101 -0.00244877 0.00456731 0.00580385 0.000541608 -0.00471057 0.00250926 0.00195686 -0.00696821 0.00410938 0.00530591 -0.00222288 -0.00668853 -0.00559668 -0.00586292 0.000334866 -0.00167727 -0.00726758 -0.00664374 0.00172099 -0.00494959 -0.00663835 0.00683203 -0.00175921 0.00212054 -0.00482033 -0.000544409 0.00514056 0.00431004 -0.00384638 -0.000347811 0.00425964 0.00751777 0.0028894 -0.000139568
214074 0.0027709 -0.00257921 -0.00324535 -0.00306463 0.000941277 -0.0020237 -0.00778627 0.0050745 -0.000266552 -0.00245571 0.00372839 -0.00721884 0.00185537 0.00134754 -0.00521708 -0.00133657 -0.00244236 -0.00671911 -3.52859e-05 0.00204515 -0.00271368 0.00375938 -0.00615597 0.00678825 -0.00649738 0.00382423 -0.00555944 0.0077734 0.00743437 -0.00582695 0.00626135 0.00166368 -0.0062933 -0.0063138 -0.00617504 -0.00736618 -0.00701141 -0.000755787 0.00627804 -0.00156832 -0.00689363 -0.00358629 0.00339794 0.0074625 -0.00186777 -0.000965595 0.00358343 0.00163603 0.000277042 -0.00582981 -0.00523949 -0.00433588 -0.00528002 0.00482988 -0.00557947 0.00442791 -0.00217676 0.0062933 -0.00340414 -0.00152683 0.00575161 0.00219679 0.00449514 -0.00636911
259539 -0.00543976 -0.00378084 -0.00402689 0.00669813 -0.00748062 -0.00635624 0.00493145 0.00754356 -0.0023756 0.0030117 -0.0060463 0.00583029 0.0054245 0.000270367 -0.00185299 -0.00352859 -0.00175047 -0.00249672 -0.00326204 -0.00424671 0.00471687 0.0067749 -0.00759888 0.00162315 0.00246906 -0.00570488 0.00486374 0.000696182 0.00740719 0.00606966 0.00564098 -0.00388718 -0.00263691 -0.00226164 0.000449181 0.00691366 -0.00214767 0.00288439 0.00489378 -0.00255203 -0.0065217 0.000656128 -0.00501537 -2.00272e-05 -0.00736904 0.00759935 -4.62532e-05 -0.0016222 0.00279236 0.0045433 -0.00295639 -0.00768566 -0.00589991 0.00469112 -0.00550365 -0.00265265 -0.000895023 -0.0012455 -0.00633335 -0.0059309 0.00449371 0.00516176 -0.00226784 0.00356579
185651 0.00147104 -0.00757408 -0.00770473 0.00549889 0.00681591 -0.00454712 0.00286484 0.00105524 -0.000567436 0.00538015 -0.00175285 -0.000432968 0.00628662 0.00159311 -0.00515985 -0.00331402 0.00129843 0.00239182 0.00586605 0.00415707 0.00733089 0.00295448 0.00302124 -0.00405407 0.00234509 0.00518799 0.00334597 0.00265026 0.00423908 -0.00750399 -0.00434303 0.000193119 -0.00206232 0.00717926 0.00684738 -0.00339413 0.00112677 -0.00401115 0.00677538 -0.00585556 -0.00529909 0.0034318 -0.00108528 -0.00382042 -0.00131035 0.00335073 -0.00450277 0.00172186 0.00410986 -0.00475788 0.00556231 0.000775814 -0.00536919 -0.000406742 0.000271797 0.00713491 0.00287771 0.000575542 -0.000466347 0.00118303 -0.00224066 0.00162315 -0.00571537 0.0068202
282594 0.000754228 -0.00778403 0.00472932 0.00318953 -0.0067381 0.00716041 0.00455328 0.00476564 -0.00292651 -0.00186533 -0.00443379 -0.00540424 -0.000215801 -0.00360728 -0.00539587 -0.00206957 -0.0023511 0.004372 -0.00246539 -0.00389288 -0.000499268 0.00192035 -0.00459021 -0.000882216 -0.0012719 0.00460247 -0.00183945 -0.00675245 0.0069174 -0.0027619 -0.000275515 0.00276677 3.85876e-05 -0.00694169 -0.00314199 -0.00108626 -0.00479383 -0.0059619 -0.00470727 0.00375485 0.000389506 -0.00567038 0.0058829 -0.00284831 0.00774072 0.00468948 -0.00395342 0.00639067 0.00689714 0.00563784 0.00220804 0.00160502 0.00238274 -0.0047591 -0.00686854 -0.00760713 -0.00481243 0.0072003 0.00294663 -0.00450241 0.00625127 0.000202942 -0.00197778 0.00395958
259908 -0.00684881 -0.00596809 -0.00238705 0.00183058 0.0028553 -0.00654984 0.0050354 -0.00131893 0.00589037 -0.00174379 0.00399208 0.00368786 0.00465202 -0.000891209 -0.000658512 0.00665379 0.00165176 0.00769758 -0.00338936 -0.00489521 -0.00103474 0.00544739 -0.00607824 -0.00290537 0.00497723 -0.000260353 0.00538015 0.00667238 0.00105095 -0.00620365 0.00216103 0.000505924 0.000459194 -0.00330496 -0.00654745 -0.00365877 -0.00404882 0.00466728 -0.00712824 0.00242805 0.00641155 0.00202084 -0.00123882 -0.0039134 0.0033741 0.00658512 -0.000393391 -0.000712395 0.00595808 0.00489855 -0.00764227 -0.0011878 -3.8147e-06 0.00516081 -0.00635481 -0.00239849 0.00117207 0.0062952 0.000422955 0.00736189 -0.00393915 0.00176764 0.00502777 0.00342035
283269 0.00277358 0.00402231 0.00558121 -0.00436634 0.000649815 0.00497316 0.00726733 0.00199124 0.0021656 -0.000795449 0.00244732 0.000574202 0.000625887 0.000863829 0.00317863 0.00585106 0.00426557 -0.00684233 0.00453796 0.00126962 0.000122888 0.00756131 -0.000465157 -0.000777982 -0.00452415 0.00556287 0.0020393 0.00696974 -0.00441225 -0.00531285 -0.00483197 -0.00210675 0.00379793 0.00478146 -0.00393904 -0.00515253 -0.0042644 -0.00351011 -0.00149352 0.00541053 0.000729973 0.000467848 -0.00050654 -0.00586555 -0.00733638 -0.00381654 -0.00360913 0.00638654 0.00398987 0.00108658 0.00474805 0.00420014 -0.00644231 0.00381306 -0.00124205 -0.00299072 0.00684952 -0.00671251 -0.00364466 -0.00314316 0.003469 -0.00072514 0.00353822 0.00572504
253529 -0.00094852 0.0049145 -0.00707304 0.00228944 0.00638587 0.00637063 0.00629581 -0.00520546 0.00128719 0.00228991 -0.00663051 -0.00194154 0.00647956 0.000478453 -0.00756833 0.00195553 0.0042415 -0.00374574 -0.000694294 0.00686968 0.00515035 -0.00561819 0.00536353 0.00705849 -0.000811136 -0.00202079 0.00420061 -0.0028568 0.00739247 0.00466924 -0.00572049 0.00724609 0.00688853 -0.00383581 -0.00363634 -0.00742896 -0.00520897 -0.00719396 0.003381 0.00448689 -0.00520851 0.00267739 0.00660462 0.000105709 0.00609003 -0.000299449 3.87111e-05 -0.0010287 -0.00418564 -0.00542598 -0.00211991 0.00613224 -0.00310037 0.00468068 -0.00226411 0.00390136 0.00614334 0.00270104 0.0029236 -0.00570553 -0.00544299 -0.00640789 0.00523343 0.00371093
133710 0.00615119 0.00298228 -0.00569009 0.000371791 0.000772459 0.00144489 0.00504508 -0.00385458 -0.00487707 0.00104121 0.00261271 0.00110327 0.00189893 0.00469705 -0.00759469 -0.00640198 -0.00750074 -0.0022001 -0.0020393 -0.0036381 -0.00724078 0.00684029 -0.00326547 -0.00126993 0.00613836 0.00761797 0.00452948 0.00363296 -0.00143733 0.0050065 0.00732843 0.00175035 -0.00132048 0.00437835 -0.00614702 -0.00454664 0.00113965 -0.00655494 0.00647816 -0.000745463 -0.0077777 -0.00172051 -0.0048815 -0.000514384 0.0038079 0.00427072 0.00075979 0.00300943 -0.000291998 -0.00650387 0.00049955 0.000813284 0.000539026 -0.00209223 0.00322473 -0.00753042 0.000646411 -0.00126283 -0.00675857 0.00666446 0.00565407 -0.00667527 -0.00160581 -0.00213657
251094 -0.00646019 -0.00346184 0.00535107 0.00760078 0.0035162 0.00174665 -0.00141668 0.00179958 -0.000955105 -0.00325394 0.00130844 0.00686407 0.00564671 -0.00330687 0.00507259 0.00285482 -0.000969887 0.00200844 -0.00584507 -0.00668812 -0.00366068 -0.000183105 -0.00195932 0.00704432 -0.00155592 -0.00522423 0.00348568 -0.00179243 0.00153208 0.000444412 0.00301838 -0.00621557 0.00721025 -0.00733995 -0.00418997 0.00165653 -0.000630379 0.00606775 -0.000990391 -0.00286198 0.00451756 0.000278473 -0.00516033 0.00114965 0.000710011 0.00492573 -0.00344181 0.00541353 -0.0050869 -0.00179291 0.00232792 -0.00778437 0.00267601 -0.00304747 0.00447989 0.00724506 -5.81741e-05 0.000290394 -0.00492239 0.00180626 0.00275612 -0.000669956 -0.00535154 -0.00334072
284324 0.000979743 0.00754405 -0.00183703 0.00254379 -0.00473094 -0.00463663 0.00549493 -0.000464391 0.00496796 -0.00144352 -0.000266491 0.00473635 -0.00258771 -0.0011869 -0.00670892 -0.00295269 -0.000787409 0.00535355 0.00496863 -0.00223615 -0.00538828 -0.00148158 -0.00542094 -0.00554775 -0.00271704 0.00575204 -0.00635612 0.00741207 -0.00601723 0.00353859 0.00484762 0.00342223 0.00585714 -0.00547157 0.0016977 0.00155949 -0.00247742 -0.000700067 -0.00455871 -0.00227873 0.00409751 -0.00167694 -0.0036297 0.00627595 0.00383569 0.00435796 -0.00682771 0.00096713 -0.000321807 0.0012218 0.000900119 0.007848 -0.00617572 0.0076776 -0.00144325 0.00678482 0.0057034 0.00283084 -0.00281297 0.00228723 0.00666011 0.00459487 -0.00203796 0.000554547
277473 -0.00214765 0.0028189 -0.000518009 0.00288109 -0.00406753 -0.00602456 0.00509877 0.000946859 -0.003024 0.00772378 0.000216271 0.00739209 -0.00392131 -0.00569699 0.00582545 -0.00163018 0.00729778 -0.00362713 -0.00735041 0.00203748 0.00549085 0.00487703 -0.00486508 -0.00613211 0.000511153 0.000623537 0.00687143 0.00280933 -0.00698735 0.00334692 -0.00312511 -0.00396813 0.00703274 0.00448081 0.00325318 -0.0069044 -0.00423702 -0.00365856 0.00292141 -0.00715106 0.00214459 0.00531381 -0.00159818 0.00777975 -0.00323036 -0.00241104 0.00453486 0.00761975 -0.00674679 0.00285991 0.00159296 0.00466948 0.00341686 -0.00364058 0.00583586 0.00444035 -0.00399059 -0.00608413 -0.00383186 0.00716462 -0.00105317 -0.00569799 0.00428735 0.00258123
188416 -0.00724602 0.00446939 -0.00283957 0.00284433 0.00164795 0.00123215 0.000428677 -0.00635862 -0.00175858 0.00219679 -0.00259209 0.00427961 -0.00316763 0.00549173 0.00554848 0.0053153 -0.00131607 0.0028429 0.00564337 0.00619459 0.00758219 -0.00287628 0.000654697 -0.00105953 -0.00199127 -0.00538921 0.00442982 -0.00456619 0.00729847 -0.00315809 0.00280952 0.00741529 -0.000255108 -0.00645924 -9.67979e-05 -0.00198412 0.00215626 -0.0028615 0.00452232 -0.00231934 0.00256729 -0.00464535 0.00706244 0.00705338 0.00223637 0.00299215 0.00493717 0.00468969 -0.0061121 -0.00434256 0.00185823 -0.00534821 0.00632429 0.000313759 -0.00780535 0.00561762 0.00399351 0.000374794 -0.00367451 0.00779867 0.000388145 -0.00724936 0.001966 0.00305128
285052 0.00198269 -0.00482512 0.00239086 0.00448132 0.000970364 -0.00252438 0.00215435 0.00466394 -0.0071311 -0.00112677 -0.0062747 -0.0074563 0.00288534 -4.05312e-05 -0.00560093 -0.00687408 0.00336456 -0.00230169 0.00626945 0.00252628 0.00308084 -0.00727272 0.00424862 -0.00437737 0.00320101 -0.00520802 0.00242853 0.00386286 0.00692463 0.00435209 0.00687933 0.00298357 -0.00361872 0.00306559 -0.00105667 -0.00118589 0.0012908 -0.00632048 0.00711441 0.00404501 0.00109529 -0.00295305 0.00530577 -0.002738 0.00381184 -8.53539e-05 -0.00751448 -0.00537729 -0.00356007 -0.0044198 0.00709343 -0.0026412 0.000807285 0.00168896 -0.00627851 -0.00765705 0.00780344 -0.00586128 -0.0057683 0.00329065 -0.00736618 0.000743389 0.00265455 -0.00516701
259316 0.00281241 -0.00325649 0.00292612 0.00203279 0.00583283 0.00209959 -0.00242581 0.00626601 0.00402319 0.00689359 -0.000619852 -0.00722191 -0.00607549 1.92633e-05 -0.00226539 0.00731099 -0.00334571 -0.00703837 -0.00403274 0.0067638 0.00197062 0.00127149 0.0068603 -0.00673765 0.00604367 0.00054528 -0.00647192 0.00770271 0.000865176 0.00719806 0.00125426 0.00284427 0.00155685 0.00412332 -0.000154707 0.00140373 0.00117706 0.00145659 -0.00593706 -0.00406378 0.00136137 -1.90294e-05 -0.000574255 -0.00490826 -0.00708893 0.00676435 0.00425308 0.00341024 0.00358269 -0.00485754 -0.000810605 -0.00665055 -0.00706878 0.0062202 0.00745825 0.00134903 -0.00650268 0.00192625 -0.00576016 0.000586762 -0.00360221 -0.00435554 -0.00539455 -0.00587751
286302 -0.00408125 0.00756836 -0.00566483 -0.00248766 0.00472116 -0.00461197 -0.00267744 -0.00583935 0.000164032 -0.00370407 0.00115776 0.00213814 0.00436926 0.00457764 0.00183153 0.00740004 -0.0071187 -0.00699091 -0.000398159 -0.00448561 0.00642395 -0.00660419 0.00166607 -0.00650644 0.00431967 0.00338125 -0.00620937 -0.00571489 0.00597 -0.00558615 0.00151396 0.00366545 -0.00354099 0.00672531 -0.00566816 0.0039773 0.00205612 -0.00315857 0.00348091 -0.00367451 -0.000822544 0.00158644 0.00360489 -0.00620794 7.86781e-05 0.00286627 0.00703287 0.00229311 -0.00552893 -0.00530767 -0.000898838 0.00225735 -0.00341988 -0.00390577 0.00697851 -0.000997066 0.00183821 -0.00423145 -0.00706768 -0.00126171 -0.00664854 -0.00601673 0.00512886 -0.00630522
197662 0.00543966 0.0025645 -0.00437029 0.00078922 -0.00604741 -0.00325091 0.00439549 0.00309223 0.00447102 0.00748205 -0.00638081 -0.00565217 -0.00172481 0.00467991 0.000813686 0.00769561 -0.00133953 -0.00586548 0.00299695 0.000151988 -0.0048322 -0.005745 0.00521855 0.00561108 0.00363492 0.00271787 -0.00412023 0.00575482 -5.97288e-05 -0.00577933 -0.00016828 -0.00569 0.00129127 -0.00238105 -0.00255088 -0.00321503 -0.0037216 -0.00465674 0.00305244 0.00488528 -0.00183027 0.00709692 -0.00714213 -0.00556353 0.00107125 0.00662589 0.00663918 0.00167792 0.00307242 0.00240521 0.0043886 0.00464339 0.00220445 -0.00727857 0.00497348 0.00640524 0.00322038 0.00235675 -0.00535374 0.00475702 0.00419756 0.00432362 0.0068658 -0.00591891
269194 0.000902176 -0.00419903 0.00240421 -0.00166941 -0.00673437 0.00212145 -0.00182962 -0.00249052 0.00103474 -0.00512791 -0.00508595 -0.00216293 -0.00558424 -0.000858307 -0.00338268 -0.00104856 -0.00292301 0.000627041 -0.000249386 -0.00264215 0.00161076 0.00566292 -0.00503302 -6.19888e-05 0.00166941 0.00564718 0.000255108 -0.00175285 -0.000349045 -0.00424719 -0.00383329 0.00271225 -0.00273132 0.00252104 0.000900269 -0.00632668 -0.000238419 0.00461292 -0.000392914 -0.00224113 -0.0058074 -0.00181532 -0.00304461 0.00590706 -0.00489855 -0.00258827 0.00106049 0.00402546 -0.0070405 0.00287724 0.00470018 0.00447607 -0.00756359 -0.00601959 0.00629234 0.00562954 0.00717926 -0.00630045 -0.0040679 0.00204945 -0.00500822 -0.00375795 -0.00415802 0.00379992
191697 0.00634955 -0.00658919 0.00240199 -7.90593e-05 -0.00103644 -0.0003801 -0.00275624 -0.00344778 -0.0026101 -0.00116629 -0.000468977 0.00193276 0.00374816 -0.00528068 -0.00104436 -0.00453052 -0.00528379 -0.00670939 0.00694318 0.00280558 0.00450347 0.00601471 0.00318446 0.00148154 0.00409296 -0.00401452 -0.000459234 -0.00179381 -0.00156795 -0.00413071 -0.0016863 0.00209475 0.00459174 -0.00755673 0.00414781 0.000526295 0.00483778 -0.00675728 0.00776607 0.00579883 0.006466 -0.00419099 0.00659772 -0.00197709 0.00489284 -0.00639429 -0.00383507 0.00411782 -0.00196967 0.00438549 -0.00237449 -0.00203901 0.00460602 0.00556891 -0.00765898 0.00207656 -0.000283056 -0.00349708 0.00117617 -0.00240055 0.0020725 -0.00597826 0.00723883 0.00766474
173864 0.00692225 -0.00619221 0.00682163 0.00766897 -0.000436783 0.00083065 -0.00335884 -0.00408745 -0.00671673 0.00509977 -0.00571871 0.00381041 -0.00182819 0.00586891 -0.00586224 0.00366879 0.00594091 0.00761318 0.00256586 -0.00683641 0.00597525 -0.00294304 0.00734472 -0.00384331 -0.00694799 -0.0035367 -0.00576639 -0.00695562 -0.00251055 -0.00066328 0.00621891 0.00476313 0.004426 -0.00686216 -0.00112629 -0.000115395 -0.00388384 0.000148296 0.00306082 0.0051713 -0.000432491 -0.00265932 0.00464535 -0.00472355 -0.00159836 0.00576782 0.0055747 0.00445843 -0.00247955 0.00719547 0.0041151 0.00474644 0.00571012 -0.00587416 -0.000769138 -0.00657511 0.00600433 -0.00157022 0.00689268 0.00614452 0.00707626 -0.001513 0.00579977 -0.00146294
100568 -0.00454527 0.00316696 0.00344172 0.000123789 0.00696766 -0.00614361 -0.000687729 -0.000910345 -0.00376827 0.00710724 0.00503355 -0.007186 0.00427844 -0.00759158 0.0075158 0.00655575 0.00606784 -0.00684781 0.00367343 -0.000223488 0.000441059 0.00408494 -0.0072281 -0.00665367 0.00534607 0.0065144 -0.00740863 -0.00643103 0.00583359 0.00306863 -0.00358232 -0.000419019 0.00138944 0.0068745 0.000185656 -0.00231567 -0.00275252 -0.00608347 0.00014899 -0.00453639 -0.00725841 -0.00763858 -0.00257026 -0.00124012 -0.00168131 0.00546108 0.0038791 -0.000209068 -0.00592706 0.00385851 0.00606133 0.00537288 0.00185214 -0.00338995 -0.00727959 0.0007476 -0.00357843 -0.00511366 0.00186851 0.00334288 -0.000499815 0.00263766 -0.00455523 -0.00743375
112606 0.00396825 0.00427477 0.00344266 -0.00499349 -0.0059286 0.00592003 0.000303989 0.00181788 0.00596375 0.00622915 0.00292766 -0.0026429 -0.00609263 9.6361e-05 -0.00584402 -0.0050642 -0.00616148 0.00103105 0.00389607 -0.000710832 0.00560599 -0.00239495 -0.000510183 -0.00539564 0.00751696 0.00195255 -0.00499145 0.0028496 -0.00661933 -0.00387713 0.000180659 -0.00117308 -0.00770301 -0.00311661 -0.000270605 0.00771993 -0.00716569 -0.00214988 0.00578604 -0.000236999 -0.00251686 -0.00607296 -0.000914717 0.00169192 0.00387887 0.00328019 0.00470961 -0.00739536 -0.0018562 -0.00529731 -0.00680343 0.00380931 0.00685967 -0.00468782 -0.00663496 0.00608771 -0.00388875 0.00483154 -0.00177842 0.00393863 -0.00774767 0.00730872 0.00351068 -0.00183334
274525 -0.00595446 0.00330374 -0.00540516 0.00213818 0.00404025 -0.00613477 0.00254539 0.0075674 -0.00122832 -0.00408851 -0.001817 0.0067779 -0.00629735 0.00435583 -0.00498296 -0.00129091 0.00707591 -0.00358372 0.00466079 0.00743261 0.000261203 0.00289536 -0.00281059 -0.0063298 0.00514939 -0.00214415 -0.00578343 0.000415619 0.000407346 0.00674342 -0.00603184 0.00702748 -0.00264372 -0.00328338 -0.00298864 0.00466435 0.00650215 -0.00384149 0.00338297 0.00199337 0.00173967 0.00722876 0.000307511 0.00518826 0.00649179 0.00198379 -0.00172896 -0.0067061 -0.00321698 0.00351911 -0.00572428 -0.00373831 -0.00438165 -0.00408459 -0.00186295 -0.000736556 0.00674881 -0.00759007 0.000369965 -0.000759482 0.00604041 0.00549827 0.00257801 0.00029918
288461 -0.00234962 -0.00134332 0.00373193 -0.00767859 -0.00587689 0.000541787 0.0011373 -0.00355474 0.00563175 -0.00686695 -0.00675206 0.00264653 0.00678256 0.00406021 -0.00357003 -0.00698986 -0.00235645 -0.000821789 -0.000402882 0.000854449 0.00220194 0.00611108 -0.00541794 0.00771817 -0.00401322 0.00136177 0.00625895 0.00496808 -0.00311859 -0.00728246 -0.00657555 0.00517636 -0.00226393 0.000828729 -0.000721818 0.00231135 0.00725892 -0.0034651 -0.000287009 -0.00602255 0.00136839 -0.00154476 -0.000449797 0.00246833 0.00543206 -0.00346383 -0.0017862 0.00435842 0.000455702 -0.000662271 -0.000954496 0.00237904 -0.00237939 -0.00368085 -0.003754 -0.00643903 0.0065668 0.00777876 0.00486345 0.00398988 0.00692574 -0.00197074 0.00435411 0.0073371
68857 0.00769663 -0.00352001 0.00297546 0.00668764 0.00751305 -0.00157118 -0.00111723 0.00316238 0.00282049 0.00698328 -0.00168896 0.00551271 -0.00278616 0.00587511 -0.00755787 0.00780153 0.00334549 0.00575876 0.00574875 -0.00474787 0.00575447 0.0012145 -0.0072937 -0.000737667 0.00129795 -0.00379276 -0.0074687 -0.0039854 0.00732994 -0.00210238 0.00629997 -0.0021925 -0.00192976 -0.00410461 0.00611591 0.00653601 0.00305033 -0.00126839 -0.00618935 0.00657177 -3.38554e-05 0.00402308 0.00321341 -0.00540066 0.00769424 0.00533819 -0.00527239 0.00490618 -0.00383139 0.0060029 0.00500107 0.00268412 0.00326395 0.00222445 0.000425816 -0.00553894 -0.0027504 -0.000479221 0.000380993 -0.00614691 -4.24385e-05 -0.00641251 -0.00292349 0.00425053
288998 -0.00638433 -0.00478731 0.00353938 0.000378571 0.0014317 -0.000901632 0.00659866 -0.00779009 0.00569955 0.00753706 0.000169933 -0.00305278 -0.000588499 -0.00692422 0.000669201 0.00258066 0.00733076 0.00474977 0.00113609 -0.00143842 -0.002517 0.00567634 0.000261045 0.00109757 0.00318765 0.00519344 0.000365437 -0.00773889 0.0017855 -0.00427995 0.00133671 -0.00281143 -0.00486145 0.00764355 -0.00653838 -7.02568e-05 -0.00583212 -0.0051186 -0.0075633 0.000302442 -0.00662269 0.00576016 -0.00588149 0.00611187 -0.00306953 0.00774299 0.0014588 -0.00251584 -0.00558095 -0.00745242 0.00187739 0.00119195 -0.00474082 -0.00407729 -0.00014469 -0.000418322 0.00390445 0.00214291 -0.000840223 -0.000805252 -0.00190959 -0.00707907 -0.00753733 -0.000578084
178014 -0.00483767 0.00101614 -0.00682791 -0.00110468 0.0034671 0.00632127 -0.00409504 -0.00167371 0.00617496 0.00393637 -0.00656869 -0.00243888 -0.00692838 0.00355962 -0.000431255 0.0072307 0.000499948 -0.00739482 0.00278909 -0.00476338 0.00297899 -0.00218083 0.00254833 0.00695749 0.00723015 -0.0035802 0.00681146 0.00454438 0.00486673 -0.00123711 0.00192797 -0.0077993 -0.00645908 0.0071003 0.00773658 0.00404718 0.00422666 0.000422704 -0.00538364 0.00600024 0.000856869 -0.00675036 -0.00576606 0.00679723 -0.00419313 0.00652205 -0.00698623 -0.00760293 -0.00215978 -0.00159829 0.00282734 -0.00591468 -0.00474632 -0.00129684 0.00720006 -0.00121094 -0.00301597 -0.00452589 0.00553416 -0.00427952 0.00639848 0.0047297 -0.00565829 -0.00656058
289198 -0.00257015 -0.00333023 -0.00127697 0.00424099 0.00208998 0.000379562 -0.00687933 0.00158453 0.00399113 -0.00251341 -0.00389814 0.0044713 -0.00302839 0.00498915 0.0066843 -0.00302839 -0.00273561 0.00482607 0.00435257 -0.00683594 -0.00685978 -0.00488091 -0.00725937 0.00279665 -0.00440359 -0.00731564 -0.00334549 0.00460243 0.00209856 -0.00392246 -0.00758505 -0.00484991 0.00570536 0.00440073 -0.00631475 0.00140572 0.00220537 0.00738955 0.00714302 -0.000114441 0.00259972 -0.00487709 0.00203657 0.00557089 0.00355625 -0.00336552 -0.00139189 -0.00778055 0.00129461 -0.00736284 -0.00244856 0.000998497 0.00153399 -0.00710869 -0.00389481 0.00531149 0.00157499 -0.0015707 0.000459194 -0.0018692 0.00653505 -0.0014596 -0.00118017 -0.00529528
203267 -0.00669479 0.00398016 -0.00769377 -0.00492859 -0.00638437 0.000679493 0.0011611 0.0055027 0.00666237 -0.00270128 0.00280952 0.00706434 0.0064311 0.00402069 0.000510693 0.00165319 0.00416327 0.0065589 0.0072546 -0.00753975 -0.00639439 0.00714684 0.00302315 -0.00203323 0.00511694 -0.00664663 -0.00617933 0.00328922 0.00251484 0.000255108 -0.00378084 -0.00512934 0.00499487 0.00179815 -0.00230455 -0.0020566 -0.00387812 6.67572e-06 -0.0022459 -0.00285292 0.00222874 0.00100327 -0.00738096 0.00347042 -0.00401974 -0.00351191 -0.0071435 0.00727892 0.00742292 -0.000974655 -0.000781059 0.00247383 0.00453901 -0.000219345 -0.00518608 -0.00659132 0.00374603 0.0064292 0.00389576 -0.00224876 0.00361443 -0.00136137 -0.00586939 0.00377703
289400 -0.000886616 0.005706 0.000749373 0.00466606 -0.00221898 0.00315538 -0.000517306 0.00577641 -0.00170388 0.0046881 0.000327418 0.00249314 -0.00665277 -0.000469374 -0.00141209 -0.00352416 0.00432964 0.00206541 0.00511631 0.00102741 0.00652629 0.00446328 -0.00471536 -0.00596297 0.00231149 0.00559714 -0.0012332 0.00362286 0.00729274 0.000387506 -0.00232521 0.00367136 0.00382698 -0.0062225 -0.00419768 0.00742706 0.00182006 0.00155699 0.00450904 0.00520906 -0.00443776 -0.00733962 -0.00426972 -0.00623532 0.00356841 0.00104705 0.00501738 -0.00676032 -0.00455876 0.00227813 -0.00246198 0.00251445 0.00253137 0.00165352 -0.00743 0.00758746 -0.00263878 0.0071212 -0.0032205 -0.00630445 -0.00508872 0.00584097 0.00758809 -0.0021906
289692 0.00774574 -0.00757599 -0.00379562 -0.00400019 -0.00470924 -0.00406742 0.00660801 0.00590658 0.00205946 -0.00245667 -0.00111246 -0.00427532 -7.29561e-05 -0.00179482 -0.00496387 -0.00431585 0.00431204 0.00338697 -0.000627518 0.0033102 -0.00498867 -0.00331259 0.00170135 0.000351906 -0.00723362 -0.00248289 0.00411749 0.000808239 -0.00580215 -0.00661325 0.00457287 -0.00520515 0.00680876 -0.00173712 0.0031147 0.00456524 -0.00393677 -0.00373268 -0.00484705 -0.00756931 0.00187159 0.00656414 0.00205517 -0.00686455 0.00211191 -0.00254059 -0.00596046 0.00730944 -0.000729084 -0.00507498 0.00566721 -0.00268936 0.00157833 0.00420666 0.002038 0.00644398 -0.000277042 -0.00402641 -0.000899315 -0.00712061 0.00115108 -0.00245762 -0.00380516 -0.00699997
28779 0.00427723 -0.00623989 0.00548172 0.00237513 0.00586843 0.00620508 0.00200081 0.00159883 0.00204849 -0.00721169 0.000892639 -0.00044632 -0.00193787 -0.00108767 0.00739288 0.00572395 0.00287199 -0.000846863 -0.000730515 0.00723362 -0.00752783 0.00123882 -0.000197887 0.0028677 0.00550222 0.00754261 -0.00527334 -0.00212955 -0.00434303 -0.000386238 0.00124979 -0.00384188 -0.00488806 -0.00590467 -0.00432634 0.00311327 -0.00529623 0.0074172 0.00773907 -0.00252771 0.0013361 -0.00675535 -0.00551939 -0.00515032 0.00648165 -0.00368166 0.00481939 0.00515938 -0.00188732 -0.00708008 -0.00230789 0.00648022 -5.38826e-05 0.00534439 -0.00317955 0.00324488 0.0046978 0.00748587 0.00740957 -0.00556993 0.00398827 0.00580835 0.00288773 -0.00225163
290453 -0.00277758 0.000286579 0.000723839 0.00239658 -0.00542212 0.0064764 0.00418472 -0.00364065 0.00580263 -0.000448227 0.000943184 0.00332689 -0.00129032 -0.00728893 -0.0014782 -0.00603056 0.00656605 0.0014143 0.00624132 -0.00274181 -0.00673437 -0.00351667 0.00615072 -0.00468063 -0.000771046 0.00378036 -0.00551796 0.00564146 0.00505304 0.000359535 -0.0045104 -0.00337601 0.00459385 -0.000807762 0.00421095 -0.00659943 0.00576258 0.0036068 -0.0056138 0.00431395 -0.00240803 0.00479507 -0.00505352 -2.81334e-05 -0.0075264 0.000400543 -0.0036912 -0.00287008 -0.00537205 0.0044136 0.00239182 -0.00503969 0.00370646 -0.00485516 0.00520658 0.00345516 -0.00166082 0.00586653 -0.00517988 0.00527096 -0.00710392 -0.00759602 0.000292301 -0.00299311
290931 0.00291277 -0.00517382 -0.00683378 -0.00186107 -0.00323217 -0.00736593 -0.00735752 0.00150741 -0.00266461 0.00359515 0.00148565 0.00428424 0.00503618 -0.0058236 0.00160678 -0.00181944 -0.00147728 -0.00119624 -0.00169143 -0.00305163 -0.000438771 -0.000206244 -0.00172956 -0.00512536 0.00300367 -0.00659315 0.0038002 -0.00413965 -0.00762256 0.000375171 0.00290671 -0.00709982 0.000833527 -0.00756247 0.00483722 0.00481111 -0.00181368 -0.00751244 -0.00688889 0.00478826 0.00213358 0.00743674 0.00191806 0.00179308 0.00617602 0.00468335 -0.00225651 0.0013444 -0.000704021 -0.0015211 -0.00620157 -0.00207301 -0.0043874 0.00280891 0.000832198 0.00472085 0.00581416 -0.0056683 0.00474972 -0.00677194 -0.00365004 0.00497937 8.64385e-05 -0.000883963
291477 -0.0013964 -0.000985226 0.00171268 -0.000635423 -0.00680561 -0.000155983 0.00146637 0.00492991 5.76035e-05 -0.00180424 -0.00299447 0.00717374 -0.00331941 -0.00586862 -0.00491154 0.00115009 0.000916946 0.00331296 -0.00752916 0.00629442 0.00570295 0.00531694 -0.00730675 -0.00467513 0.00668938 0.00702125 -0.00017134 -0.00490882 -0.00227636 -0.00348727 -2.19178e-05 0.00499872 0.00396827 0.00728496 -0.00316913 -0.00356808 -0.00432273 0.00517815 0.00302477 -0.00162351 0.00281481 0.00619076 0.00619122 0.00127495 -0.0077951 -0.00372861 -0.000579623 -0.00299843 -0.000896862 -0.0010771 0.000863435 -0.00383607 -0.00299243 0.00263715 -0.00373132 -0.00311076 -0.00260416 -0.000273768 -0.00527745 -0.00339691 0.0039929 0.00543776 0.00618652 0.00480531
32207 0.000624657 -0.00423002 0.0064249 -0.00740385 0.00351048 -0.00737238 -0.00546312 0.00233603 -0.00215435 0.000516415 0.00566626 -0.00625849 -0.00753212 0.0073061 -0.00342083 -0.00610209 -0.00311899 0.00364828 -0.00198555 0.00203753 -0.0017581 -0.000936031 -0.00179052 -0.00183201 -0.00748253 0.00492001 -0.00148106 0.00623512 0.00682259 -0.00642633 0.00234604 -0.00156212 -0.00474167 0.00701952 0.00332069 -0.00236034 -0.00160027 0.00244617 -0.000440121 -0.00739193 -0.00438547 -0.00133467 0.00619459 0.00740433 -0.00338173 0.00144053 -0.000736237 0.00215912 0.00457287 0.00605631 -0.00248957 -0.00657225 0.00650501 -0.00734377 -0.00354958 -0.00676584 -0.00164175 -0.00606537 -0.0075078 -0.00125408 -0.0026803 -0.0055337 -0.00102663 0.00670338
278568 0.00188378 0.00692752 -0.00494589 0.00327562 -0.00719216 0.00603771 0.00598618 -0.00279594 -0.0017328 0.00396068 0.00639814 0.000176403 0.00334144 -0.0065712 0.000133888 0.00623642 -0.00702163 -0.00382735 0.000760783 -0.000125455 0.00279824 0.00632072 0.000125404 -0.00280061 -0.00269364 0.0021073 -0.00744331 -0.0066999 -0.00261978 0.00408262 0.00216771 -0.00670146 -0.00507616 -0.0060729 -0.00755631 -0.00121664 -0.00122194 -0.000207824 -0.00263455 0.0026849 -0.000284163 0.00563856 -0.00738877 0.00558615 -0.00480099 0.00730606 0.0031387 -0.00404035 0.00272304 -0.00322835 -0.00305434 0.00162028 -0.00117675 -0.00579379 -0.0015936 -0.000792709 -0.00530863 0.00368304 0.00245323 0.00664277 -0.00290932 -0.00363683 -0.00202107 0.00541778
257441 0.00303707 -0.000526298 -0.00565238 0.0022009 -0.00352139 0.00480008 -0.000305725 0.000901587 0.00111703 -0.00573264 0.00156878 -0.00766266 0.00119769 -0.00175091 0.00772591 -0.00227663 0.0035782 0.000793421 -0.00569765 0.00772377 0.00585647 -0.00233128 0.00723409 -0.00608894 0.00319698 0.00570954 -0.00195148 0.00620038 0.00179114 0.00148227 -0.000614201 0.00188757 -0.000280979 -0.00625106 0.0027874 -0.00206157 -0.00299925 0.0048011 0.00328227 0.00475778 -0.00465673 -0.00674577 -0.00477054 0.00470993 0.00288815 -0.00676739 -0.0065649 -0.0034879 0.00396086 0.00267168 0.00450647 -0.0065085 0.0034481 0.00507393 0.00696586 -0.00314761 -0.00408517 0.00100874 0.00551425 0.003782 0.000609476 -0.00367128 -0.00072099 -0.00625202
234938 -0.00299394 -0.00463262 0.00775593 -0.000787033 -0.00480918 -0.00734427 -0.00588917 0.00127566 -0.00176381 -0.00385325 0.00147737 0.00648761 -0.00302082 -0.00279164 -0.00220299 -0.00175897 0.00398841 -0.0017066 -0.00427211 -0.00560864 0.00183326 -0.00169142 0.00481978 -0.00227305 0.000154461 -0.000467563 0.00761601 -0.00676581 -0.00211961 -0.00161324 0.00180067 -0.00257513 -0.00131546 -0.00689505 0.00257368 0.00112618 0.00112502 0.00177805 0.000648306 -0.00156166 0.0017546 -0.00201738 0.0047211 0.0058168 -0.00458516 -0.0067902 0.00721777 -0.00141429 -0.0045946 0.00064584 0.00210829 -0.0035237 -0.00478217 -0.000182782 0.00354893 0.00723516 0.00367914 -0.0030195 0.00605529 -0.00290566 -0.00265507 0.00302504 0.00670375 0.00348479
184901 0.000146239 -0.00706529 -0.000388368 -0.00358197 -0.00693195 -0.00324946 5.24079e-05 -0.00598715 0.00505693 -0.00477303 -0.00714068 -0.00708543 -0.00613729 0.0047734 0.00352916 -0.00139563 -0.00703809 -0.00709793 -0.00135014 -0.000936922 -0.00711844 -0.00552756 0.001632 -0.00544686 0.00156037 0.00629704 0.00605941 0.00430059 0.00239535 -0.000568995 -0.00623274 -0.00778478 0.00420457 0.00213908 -0.000958524 0.00647519 -0.0042772 -0.00166377 -0.00372525 0.00678654 -0.000880853 0.00161403 0.00399073 0.0022149 0.00326479 0.00224818 -0.0044063 0.00472972 0.00310692 0.00666685 -0.00495393 -0.00104677 0.00362674 0.00756732 -0.00698603 -0.00322205 -0.00379267 -0.00514707 0.000636559 0.00132449 0.000203679 0.00160653 0.000768818 -0.00385246
292828 0.00529771 -0.00161226 0.00451355 0.00356819 0.00202955 0.00526134 0.00467767 -0.00169475 -0.00219728 0.00080249 0.0015514 0.00344868 0.00274365 -0.00358477 0.00344406 -0.00255753 -0.0073129 -0.00330313 0.00448897 0.00618908 0.00459282 -0.00431305 -0.00133281 -0.0062251 -0.00260642 -0.00581582 0.00172279 0.00341347 -0.00686114 0.00161145 -0.00135502 0.0063722 0.00524432 0.0075012 0.00737489 0.00427391 0.00443017 -0.00565616 0.00477004 -0.00190316 0.00668246 -0.00625468 -0.000687744 -0.00508771 0.00228171 0.00745236 -0.00425758 -0.00603631 -0.00154114 -0.00238593 -0.00346572 -0.00292049 0.00353728 0.00273368 0.00369091 0.00213872 0.00649291 0.00574583 -0.00640585 0.00775644 -0.00136421 0.000757562 0.000895352 0.00362352
175005 -0.00244546 -0.0055404 0.00242929 0.00717215 -0.00507267 -0.00149453 0.00310317 -0.00581292 0.00742591 -0.00160008 -0.00123584 0.00398724 -0.0044086 0.002247 -0.000589357 0.00118178 0.00192373 -0.00168197 0.00684655 -0.00758417 -0.00776533 0.00379927 0.00463807 -0.00306528 0.0010311 0.00153459 -0.00496499 -0.00649615 0.00247955 -0.00599826 0.000843196 0.00533885 -0.00136103 0.00367578 0.00354596 -0.00731915 -0.00375326 -0.00255959 0.00169943 -0.00452653 0.00467689 0.00301364 0.00486528 -0.00716352 0.00727051 0.00381219 0.00561827 0.000130987 0.0075691 0.00506129 -0.00373602 -0.00511734 -0.00683499 -0.00114501 -0.00650575 0.00543772 -0.00288178 0.00162694 -0.00288725 -0.000148083 0.00560413 0.00124166 0.00314894 0.0030203
146847 0.00105573 0.00299168 -0.00324519 0.00140403 -0.000624163 -0.00417323 -0.00171797 0.000766875 -0.00531995 -0.00276595 -0.0053269 -0.000472905 -0.00108017 -0.0023466 0.00118058 -0.00718236 -0.0040493 -0.00584655 0.00721532 0.00473555 -0.00291746 -0.00280672 0.00486024 -0.00220311 0.0024641 -0.00348058 -0.00575466 0.00109709 -0.00734243 0.00479971 -0.00753488 -0.00642626 0.00461551 -0.0070745 0.0027142 -0.00671331 -0.00518952 0.00751409 0.00171693 -0.00149095 -0.00328466 0.00342567 -0.00435323 -0.00295024 -0.00590094 -0.00588472 -0.00020715 0.00230042 0.0018263 0.00594552 0.00739177 0.00416069 -0.00577356 0.00167443 0.00636276 -0.00356272 0.000977762 -0.00638129 -6.50704e-05 0.000246726 -0.00511773 -0.00383475 -0.00414782 -0.00510898
276293 0.000862299 0.00672883 -0.00132269 0.00398054 0.00382724 -0.00678841 0.000895267 -0.00183664 0.00609175 -0.00143438 0.00734363 0.00286467 0.000288665 -0.00280346 -0.00492799 -0.00555727 0.0048031 0.0040691 -0.000832573 0.00416239 0.00565667 -0.00675802 -0.00749468 -0.00211696 -0.000551343 0.00193059 -0.000163309 -0.0020656 -0.00395816 0.00745946 0.00475038 -0.00100144 0.00433035 0.000994742 -0.00346908 0.00421707 0.000314898 0.000943455 -0.0040638 -0.00102227 -0.00577482 -0.00766425 0.00149847 0.000780863 -0.00676713 0.00455839 0.00755924 0.00303518 0.00735294 0.000580278 0.00399143 -0.00234114 0.00498768 -0.00657414 0.000274238 0.00407382 -0.0036348 0.000552814 -0.00138441 -0.00762594 -0.00493815 0.00188413 0.00625179 0.00327357
294726 0.00554767 -0.00374062 -0.00403001 -0.00650688 0.00459587 -0.00564018 -0.00179507 0.0054949 0.0023535 -0.00408958 0.000123712 0.00334845 -0.0049971 0.0075307 0.00643007 0.00466695 0.0037565 -0.00672468 -0.000196963 0.00640626 -0.00331161 0.00163708 -0.000254533 0.00660222 -0.00245366 0.00146409 0.00441699 -0.00512376 0.00600779 -0.0011247 -0.00136399 -0.00513237 0.00240009 -0.00108379 9.33212e-05 0.000166338 0.00519501 -0.00679592 -0.000993737 -0.00353907 0.000887841 0.00626084 -0.00256721 0.00510536 -0.00395953 0.00667844 0.00344851 -0.00298076 -0.00446648 -0.00288348 -0.000770648 0.00282316 0.000288431 -0.00456802 0.00350549 0.00253078 0.000535669 0.00232506 -0.00247889 -0.00121855 -0.00441618 -0.00417781 0.00701682 -0.00249046
61836 0.000115744 0.00119077 -0.000169343 0.00322026 0.00581749 -0.00474069 0.000941642 0.00282116 -0.00118723 0.00622024 0.00664377 -0.00187389 0.0018316 -0.00372579 0.00592561 -0.00128274 0.00722081 -0.00276591 0.00272218 0.00374928 0.00359477 -0.00714221 0.00411918 -0.00578431 -0.0054387 0.00234009 -0.00715933 -0.00507159 -0.00748945 -0.000554972 0.0053046 -0.00653128 -0.00437718 -0.00320428 0.00509386 -0.00512324 -0.00600758 0.00756493 0.00211409 -0.00158771 -0.00314978 -0.00431917 -0.00239225 0.00327621 0.00183569 -0.00455997 0.00115319 0.00243906 -0.00753777 -0.00409783 -0.00152856 -0.00763144 -0.00604015 0.00562138 0.00531174 0.00511071 0.00738334 0.00212503 -0.00680295 0.0029695 -0.00624665 -0.0055797 -0.00582501 0.00160896
174769 -0.00687361 -0.00350618 -0.00200081 -0.0038271 0.00376463 -0.000366688 -0.00364971 -0.00632954 0.00299978 0.00733566 0.00593328 0.00779819 0.000519276 0.00135326 0.00330019 0.00637674 0.00609541 -0.00323105 -0.00628328 -0.00369883 0.00510931 0.00779009 0.0065074 0.00140381 -0.00394392 0.00387001 0.00467396 -0.00670528 -0.00421095 0.00605822 0.00127459 -0.000710011 0.00421238 -0.0030818 -0.00465107 -0.00562763 0.00604677 -0.00295877 0.00425005 0.00442076 0.00137663 -0.002882 -0.0073266 -0.00360012 0.00198603 0.00485277 0.00649118 -0.00162506 0.000809193 0.00504875 -0.000821114 -0.0062089 0.00775433 -0.00159454 0.00270033 0.00163174 0.00298119 -0.00452185 0.00563002 -0.00372887 -0.00536108 0.0063405 0.00288248 0.000512123
151468 0.000878946 -0.00383754 0.00173689 0.00559845 0.00262306 0.00347089 -0.00479964 0.00498815 -0.000988366 0.000592125 0.000345049 -0.0017114 -0.00585029 0.0060425 0.000501867 0.00291548 -0.000821159 -0.00389779 -0.00230297 0.00755686 0.00338329 0.00135301 0.000127157 -0.00155335 -0.00016813 -0.00232658 -0.00655779 -0.00702267 0.00145553 -0.00779357 0.00218648 -0.00664391 -0.00626061 -0.00625941 -0.00618369 -0.00324398 -0.00538089 0.000507021 -0.0034103 0.00628894 -0.00532933 -0.0076764 -0.00320661 -0.00667508 -0.00426429 -0.00131649 0.00186466 0.00300847 -0.000233903 -0.0063043 0.00676228 -0.00461266 -0.00695486 0.00294024 0.000536355 0.00538989 -0.0032436 0.00117343 0.000150251 -0.00659302 -0.00441868 0.00110262 -0.00201945 0.00260376
190811 0.000665665 0.00638151 -0.00129986 -0.00544548 -0.00140762 -0.00519228 0.000301361 -0.0066185 -0.00558996 -0.00486565 0.000141621 0.00579882 -0.0062561 0.00136423 0.00717878 0.00256824 -0.00703526 0.00731993 0.000429153 0.0064044 -0.00719929 -0.00119162 0.00146198 -0.00535679 -0.00419855 -0.00139093 -0.00133371 0.00488377 0.00279474 0.00168991 0.000152111 -0.00414896 4.00543e-05 0.00524426 -4.91142e-05 -0.00771713 -0.000920773 0.00219488 -0.00625563 0.00358963 -0.00400543 0.0021348 0.000667095 -0.00490046 0.00583267 -0.00476837 -0.00695992 -0.00462198 0.00763655 0.00118256 0.00307131 -0.00656414 0.00273705 -0.0062499 -0.00411415 0.00619221 0.00611019 -0.000782013 -0.00332355 0.00125837 0.00157785 0.00304461 -0.00117254 -0.00709677
200399 -0.00687642 -0.00571034 0.000182337 -0.00375231 -0.00410797 0.000942829 0.00685159 0.00144509 0.00452377 -0.00779966 0.00775147 -0.00372564 0.00241899 0.00183764 -0.00590762 -0.00388411 0.00186286 0.00336808 -0.00444939 0.000729962 0.0067627 0.00194048 0.00372304 0.00728177 -0.0026299 -0.00165344 0.00522747 0.000703258 0.00108083 -0.00767549 -0.00483079 0.00340271 0.00434396 -0.0054411 0.00544228 -0.00519306 0.00393975 -0.00589191 0.00252405 0.0037586 0.00117065 -0.0072785 0.00275555 -0.00493183 0.000197384 0.00518719 -0.00627355 -0.00628566 0.00362264 -0.00335641 -0.00649954 0.00750105 0.00396068 -0.000120543 -0.00647156 0.00168106 -0.00645701 -0.00734184 0.00750569 0.00338999 -0.00564052 -0.00274743 0.00161702 -0.00465632
295330 0.00252819 -0.00264263 -0.0060811 0.0049963 0.00641203 -0.00571346 0.00199795 0.00145197 0.00564098 0.00105476 0.00203657 0.00589466 -0.000176907 -0.00147676 0.00219536 -0.00211239 0.00122643 -0.00363493 0.000164032 0.00619793 -0.00727844 0.00472069 0.00780296 -0.00122547 -0.00541544 -0.00382042 0.00568533 0.00694132 0.00529146 -0.00763607 -0.00497961 0.0048151 -0.00449848 -0.00467014 -0.00587273 -0.00537682 0.00162554 0.007442 0.00631332 0.00641823 -0.00183439 0.000554085 -0.00617456 -0.00587511 0.00147676 3.19481e-05 -0.00589609 -0.00733089 0.00601053 0.00382519 0.00676107 0.00248528 0.00256395 -0.00412941 0.0062561 -0.00258589 0.00772762 -0.00721025 0.00557137 0.00666237 -0.00533104 -0.00746727 -0.0053916 -0.00504971
137763 -0.00181026 -0.00168901 0.00674631 0.00717038 0.00304006 0.00210115 -0.00344267 0.00470643 -0.00251371 0.00724664 0.00115492 0.000607495 0.00480358 0.00590873 0.00216172 -0.00137527 0.00537254 0.0061122 -0.00777897 -0.000470982 -0.000233725 -0.00666531 0.00686304 0.00196726 0.000733556 -0.000685129 0.000561889 -0.00465243 0.000995291 0.00645133 -0.000337445 -0.00315772 0.00169385 0.00194471 0.00456436 0.00550384 -0.00765597 0.00288704 -0.00373283 0.00333829 -0.0015294 0.00739192 0.00355387 0.00131313 -0.00666386 0.00600081 -0.00780207 -0.00517235 -0.00597392 0.00745974 0.00136867 -0.00192767 -0.00297902 -0.0048135 0.00755837 0.0065625 -0.00443193 0.00270866 0.00319999 -0.0053944 -0.000255343 0.00518451 0.00505476 6.29284e-05
278182 0.00431748 0.00336233 -0.00487286 -0.00302015 -0.00230644 -0.00314624 -0.00661906 -0.000921837 0.00325064 0.00434362 -0.000342929 0.00101326 -0.00297183 -0.000578592 0.00372332 -0.00302486 0.00524708 -0.00216379 0.00440049 -0.00358744 0.0065823 -0.00695179 0.00186281 -0.0049999 0.00583457 0.0070794 -0.00184573 -0.00760551 -0.00282514 0.000286851 0.00126517 -0.00042288 -0.00379249 0.00111019 0.00496815 0.00212083 -0.0002334 -0.00407825 0.00265055 -0.00589925 0.00568223 0.00286929 0.00706483 0.00201455 -0.00156371 -0.00541104 -0.00619177 -0.00511825 0.0015433 3.02707e-05 0.00609376 0.00604654 -0.00668216 0.00355099 -0.00548873 0.00337122 0.00563454 0.0023093 0.00472591 0.00541422 -0.000942476 -0.00297138 0.00560875 -0.00433508
209667 0.0059959 -0.00473619 0.00156838 0.0077635 -0.00551197 0.00573832 0.0032045 -0.00407577 0.00699873 -0.00636177 -3.94297e-05 0.0042474 -0.0047118 -0.00643636 -0.00680383 -0.000621638 -0.000390345 0.0069937 -0.000912579 0.0047573 -0.000252863 0.00563342 0.00151547 -0.00499045 0.00763563 -0.004578 -0.001145 0.00107573 -0.00496053 -0.00576286 -0.000211168 -0.00595013 0.00712344 0.00291778 0.00265277 -0.00172007 -0.00715921 -0.00573256 0.00100188 0.00179753 3.02032e-05 -8.96958e-06 0.0028186 0.00513268 0.000388829 0.00767888 -0.00301095 -0.00461161 -0.00781798 -0.00246055 -0.00497045 -0.000831846 0.00535705 0.00322255 0.00320664 0.0011249 0.000559627 -0.00514854 0.00668131 0.00689894 0.00553318 0.000105878 -0.00766986 0.00577023
46258 -0.0039411 -0.00418198 -0.00185581 0.00247376 0.00535723 0.00129208 -0.00236143 -0.00127916 0.000633755 -0.000115488 -0.00333916 -0.00032299 -0.00512784 -0.00495749 -0.0041008 0.00449358 -0.00498771 -0.00119563 -0.0066711 -0.00657603 0.00484718 -0.00613609 0.00676698 -0.00424405 -0.00390381 -0.00506981 -0.00467015 0.00100686 0.00358457 0.000845169 0.00304116 0.000371969 0.00778713 -0.00595897 -0.00288518 -0.000114166 -0.00478383 -0.00228257 0.00592296 -0.00528713 0.000731291 0.00395633 -0.00286046 -0.00392917 0.00624954 0.00113091 0.00754528 0.00667678 -0.000129227 -0.00749937 -0.00305516 0.00486755 -0.00765508 -4.26182e-05 -0.000566368 0.0052383 -0.00237148 0.0070264 -0.002196 0.00603842 -0.00699578 0.00748147 0.000335366 -0.000313617
266877 0.00651466 0.00345009 -0.00383615 -0.00117163 0.00319633 -0.0049953 0.00307494 0.00317649 -0.000429514 -0.00686578 0.00779021 9.65125e-05 -0.00102739 0.00268138 -0.00181427 0.00305137 0.00582538 -0.0069028 -0.0035768 0.00151654 -0.00720122 0.0063495 -0.00479067 -0.00117816 0.000260334 -0.00281858 0.0036672 -0.00478641 -0.00723769 -0.00644518 -0.00472558 -0.000392059 -0.00503093 0.000159425 -0.00442268 0.00513395 0.00712247 -0.00168055 -0.00696347 -0.00403543 0.00365319 -0.00340233 0.00421083 -0.00062209 -0.000385277 0.00118476 -0.00775044 2.56148e-05 0.0037588 0.000866668 0.00152657 -0.00413524 -0.000604118 0.00718827 0.00370403 -0.0021613 0.00636498 -0.00472828 0.00590021 0.00191169 0.0056694 0.00430003 -0.00555866 0.00145572
123521 -0.00103649 -0.00695325 -0.00106439 0.00662687 -8.23549e-05 0.00634408 0.00675355 -0.00279538 -0.00434626 -0.00185275 -0.0032944 -0.0051639 0.00291515 0.00755036 -0.00586064 -0.00625061 0.00741031 0.00193874 -0.00587514 -0.00207335 0.00483683 0.00585803 -0.00103785 -0.00209145 -0.00556393 0.00148659 0.000889982 -0.0055024 0.00281479 0.000554834 5.24156e-06 -0.00375 0.00458183 -0.00762802 -0.00241103 0.00430126 0.00530172 -0.00408989 -0.00748198 0.00513208 -0.00322176 -0.00127829 -0.00096421 0.000489478 0.00315684 -0.00500014 0.00381605 0.00140504 0.00655981 -0.000457382 0.00636569 -0.000364 0.00133382 -0.000574372 -0.00259248 -6.60645e-05 -0.00283897 0.0018558 0.00409821 0.00144938 0.00168536 -0.000764278 -0.00584651 -0.00396314
235150 0.00537496 -0.00571289 0.0020213 -0.00330634 -0.000363382 -5.28911e-05 0.00374119 0.00771293 0.00427913 0.000617532 -0.0029296 -0.00331003 -0.00582176 -0.00707173 0.00128296 -0.0013652 -0.00157368 -0.00166644 -0.00430539 0.00615119 -0.00376153 -0.0057784 -0.00446192 -0.00539985 0.00767151 -0.00056268 0.00309221 0.00189873 0.00368119 -0.00465581 0.00152941 0.00259017 0.00213081 -0.00361747 -0.00519574 -0.00445457 0.00563883 -0.00182872 -0.00441833 -0.00166128 0.00715005 0.00771492 -0.00423808 -0.00737555 0.000514079 -0.00685188 -0.00662963 -0.00226891 0.00309428 0.0044753 0.00112629 0.00453761 -0.00357517 0.00582806 0.001014 -0.00644155 -0.00484416 -0.0011881 0.00454579 0.00379329 -0.00598152 -0.00689012 -0.00446925 0.0074392
296525 0.00301552 -0.0022707 -0.00678587 -0.00549173 -0.00132942 -0.00479412 -0.0030241 0.0069766 0.00170135 -0.00596619 0.00346851 -0.00499058 -0.000628471 -0.00327492 -0.00186682 0.000716209 0.00112581 -0.0056777 0.00257015 -0.004951 -0.0073719 -0.00335407 0.00152397 -0.00175238 -0.0013442 0.00599384 0.00289679 -0.00299549 0.00436306 0.00606966 0.00763798 0.0074749 -0.00776482 -0.00114584 0.00231409 0.00043726 0.000498295 0.0049448 0.00120306 0.00647736 0.00718021 -0.00241423 0.000715733 -0.00749302 -0.00128698 -0.00159693 -0.00200462 -0.000644207 -0.00397778 -0.00742435 -0.00101519 0.00675249 0.00636911 0.000828266 -0.00404835 -0.00018549 0.0020175 -0.00277376 -0.00399685 0.000225544 0.00336075 -0.0054636 0.00245333 0.0049777
297176 -0.00742375 0.00178947 -0.000652039 0.00210168 0.00112874 0.00373818 -0.00278063 0.00628166 0.00327752 -0.00467923 0.0027292 0.00263417 0.00603292 0.00219807 0.00228776 0.00645808 -0.00137299 -0.00594346 -0.00721953 0.00379467 -0.0037822 -0.000715614 -0.00556601 -0.00525391 -0.00360127 -0.00289688 0.000732714 -0.00154439 0.00606099 0.00620667 0.00266591 0.00757581 0.00294459 -0.0057691 -0.00382234 0.00149559 0.00576114 -0.00732488 0.00055523 0.00573949 -0.00728521 -0.00298327 -0.00324644 -0.00659167 -0.0029792 0.00577909 7.31432e-05 -0.00689323 -0.00415873 -0.0045492 0.00531746 -0.00539695 -0.00178816 -0.00207751 0.00264812 0.000666077 -0.00408233 0.000324215 0.00628632 0.0055418 -0.0042408 0.00432123 -0.00460836 -0.00296279
290143 -0.00176797 -0.0030748 -0.00747766 -0.00188592 0.0033467 -0.0021124 0.00718169 -0.00639101 0.000954454 -0.00197677 0.00497525 -0.00686337 -0.00619935 0.000374204 0.00767776 -0.00124715 -0.00254091 -0.00576085 -0.0010886 0.00116072 0.00121853 -0.00378993 0.00644826 -0.00639157 0.0065467 0.0033265 0.00498556 0.00145246 0.00213703 -0.00729233 -0.00557785 0.00741278 0.00758565 0.000524936 0.00710943 0.0046639 -0.00188328 -0.00765795 -0.00733675 -0.00437768 -0.00147277 -0.00452273 0.0058834 -0.00365891 0.00242256 0.002318 0.00546285 0.00516442 0.00510347 0.00554393 0.00190848 -0.00432063 -0.00644678 0.00290349 0.00264236 0.00174175 -0.00562604 0.00366807 -0.00718152 -0.00473388 0.00753319 -5.22338e-05 -0.00625378 -0.000116107
280596 0.00500441 -0.00273514 -0.000412941 0.000175953 -0.00622654 0.0050211 0.00649691 -0.00418329 -0.00558567 0.00342226 -0.00290871 -0.00492907 -0.00287008 0.00578642 0.000780106 -0.000218391 -0.00360966 -0.00114536 -0.00094223 -0.0048914 -0.00571203 0.00477791 -0.000538826 -0.00375652 -0.00444126 0.000618935 0.000364304 -0.00659513 -0.00620985 0.00151634 -0.00153065 0.00361967 0.00300121 -0.0035181 -0.00446606 -0.00753498 -0.00650406 -0.00389338 -5.8651e-05 -0.000727654 0.00492668 0.00613642 -0.00472116 -0.00539827 -0.00141287 -0.00129938 -0.00346327 0.00660467 0.00313473 0.00765467 -0.00578928 -0.00178766 0.00637007 -0.00205946 0.000673294 0.000517845 0.00665855 -0.005198 -0.000900269 -8.58307e-05 0.00474977 -0.00223637 -0.00631571 0.00622749
297826 0.00581445 -0.0066745 -0.00730714 0.00252756 -5.04191e-06 -0.00243195 -0.0019572 0.000809229 0.00684381 0.00501263 0.00490041 -0.00224591 -0.00429012 -0.00615015 0.00691116 -0.00749008 0.00199173 0.00439377 -0.00537893 0.00135066 0.00101993 0.00334717 0.00567431 -0.00355231 0.000286075 0.00397049 -0.004815 0.00076 0.00564531 -0.00169723 0.00697835 0.000700214 -0.00623181 4.71491e-05 -0.00781272 0.00208971 -0.000125892 0.00376158 0.00575908 0.000651448 -0.000114185 0.00290485 0.00254709 0.00489291 -0.0074414 -0.00229501 -0.00525654 -0.00778887 -0.00744811 -0.00571815 -0.00465292 -0.00160378 -0.00416495 0.00442344 -0.00619163 0.00252455 0.00327489 0.000459021 -0.00177925 -0.00488103 -0.00751833 0.00643855 -0.000949209 0.00103001
262763 0.0013744 -0.000831443 -0.00139058 0.00729847 -0.00510624 0.00276129 -0.00751655 0.00430877 0.00669467 0.00413554 -0.000430667 -0.00160988 -0.0073493 -0.0053476 -0.00329197 -0.00101675 -0.00264153 -0.000570449 -0.00510847 -0.00347928 -0.0076924 -0.00627819 0.00262338 -0.0043157 0.00287799 0.00493946 0.00550424 -0.0046793 0.00768067 0.00344306 0.00432234 -0.00468917 -0.00769739 0.00574879 0.00436988 0.000379802 0.0018532 0.00739151 0.00125826 0.00716547 -0.00515858 -0.0011606 -0.00508831 0.00486455 -0.000825438 -0.00577976 -0.00195302 -0.00424391 -0.000530411 -0.00302004 -0.0049883 0.000251547 0.0071496 0.00464281 0.00254357 0.0054448 -0.00633356 -0.00749654 0.002342 -0.00434921 -0.000751006 -0.00452152 0.00599336 -0.00733767
91479 0.000174003 0.00524596 0.00519095 -0.00709153 0.00599867 -0.00700252 -0.0072731 -0.00584725 0.00153382 -0.00577296 0.00687051 0.00177189 -0.000998042 -0.000632535 -0.00445863 0.00222126 0.00471519 -0.00377585 0.00117716 -0.00364267 -0.00623614 0.00121955 0.00675063 0.00357864 -0.00667862 0.00280742 -0.00718891 0.00349559 -0.006826 -0.0017738 -0.00180934 0.00761562 0.00326709 0.000154315 0.000300323 -0.00655272 0.00748861 0.00672994 0.00112542 0.00272194 -0.00661048 -0.000919484 -0.0056141 -0.00456128 -0.00572829 0.00675514 -0.0031751 -0.0035873 -0.00478441 -0.00732918 0.00641146 6.45807e-05 -0.000703656 0.00415665 -0.00736533 -0.00099027 -0.0047051 -0.00197306 0.000215428 -0.00729659 -0.00100579 0.00498868 0.00246189 -0.00256343
186546 0.00292492 -0.00558043 -0.00768566 -0.00718784 0.00618744 -0.00442457 -0.00611591 -0.00266361 0.00670719 -0.00771236 -0.00192595 0.00525475 0.00218678 0.00674629 0.00535583 -0.00695848 0.00716972 -0.0012002 0.00722599 -0.00687838 0.0075655 -0.00370216 -0.00428915 0.00581551 0.000596046 0.00482941 0.00433302 -0.0029254 -0.00532818 0.00299549 0.00427437 0.00299025 0.00777245 -0.00655746 0.00290012 -0.00509977 0.00134325 -0.00607491 -0.00349951 -0.00517511 0.00703382 0.00111723 -0.000581741 0.00130177 -0.00733852 -0.00104809 0.00453949 -0.00339413 0.00597954 -0.00267982 0.00357437 0.00167513 0.00200462 0.00104237 0.000220299 -0.00339985 0.0018611 0.00431919 0.00401258 0.001122 0.00452137 0.00431728 0.000459671 -0.00762463
298800 0.00251913 0.00410509 -0.00536203 0.00119448 0.00740147 -0.00141001 -0.00115728 0.00172043 -0.00151348 0.00742149 -0.00102711 -0.00187588 -0.00243044 -0.00773525 0.00462294 0.00130939 -0.00435305 0.00365543 -0.00119638 0.00253868 -0.00320005 0.00421906 0.00164557 -0.00378227 -0.000942707 -0.00528765 0.00150394 0.00253296 0.00550175 -0.000953674 -0.000931263 0.00155163 -0.00517988 0.00349951 -0.00397205 -0.00489569 0.00705385 2.95639e-05 0.00200558 -0.00131369 -0.00749445 -0.00548172 0.000701904 -0.0078063 0.0014348 0.0048542 -0.00416374 0.00673676 0.00311613 0.00344372 -0.000314713 0.00133848 0.00565004 0.000926018 0.00669718 0.00364161 -0.000526428 0.00693512 0.00247955 -0.00344229 0.00533056 0.00217819 0.00375986 -0.00627327
299934 -0.0003438 0.00143337 0.00773716 0.00447369 -0.00186968 -0.00201941 0.00268888 0.00300646 -0.00776958 -0.00593424 -0.00363827 -0.00683451 0.00391769 0.00166702 -0.00473404 0.00221825 0.000153542 -0.000588417 0.000782967 0.00126028 -0.00511026 -0.00446081 0.00206518 0.0075922 0.00209951 -0.00474787 0.000405788 0.00725603 -0.00438833 0.0067358 -0.00182867 -2.09808e-05 -0.00754309 -0.00644588 0.00260162 -0.00779581 -0.00640297 0.00145769 -0.00680161 0.00608683 -0.00750017 -0.00768805 -0.00324917 -0.00737238 0.00418997 0.0038023 -2.19345e-05 -0.00192022 -0.00289869 -0.00424767 7.86781e-05 0.00304794 -0.00713301 0.00171041 0.00129557 0.00216055 -0.00237656 -0.00648022 0.00778961 -0.0062542 -0.00128937 -0.000605583 -0.00720263 -0.00574255
96159 0.00284681 -0.00739754 0.00375025 -0.00311743 0.00593393 -0.00249766 -0.00730218 0.0047033 -0.00452403 -0.0074074 0.000461818 -0.00464579 0.000937478 -0.0052378 0.00263943 -0.00560337 -0.00400041 -0.0018763 -0.0010239 0.00500396 -0.00380868 -0.00449952 -0.0020814 0.00243108 -0.000318012 0.00580813 -0.00631396 0.00645963 0.00525146 0.00735705 -0.00626367 0.00276063 0.00529137 -0.00285583 0.00647843 0.00777223 0.000250274 -0.00194703 0.000321487 0.00100148 -0.00497448 -0.000284211 -0.00611926 0.00367175 -0.00764796 -0.00142786 0.007168 -0.00339013 0.0062138 -0.00197864 0.00228137 0.00299148 0.000978799 -0.00651756 -0.00332214 -0.00238309 -0.00201898 0.00640028 -0.00694514 -0.000386957 0.00538344 0.00460307 0.00270243 -0.00545695
65998 -0.00278181 0.00725584 -0.00614205 -0.0039118 0.00366555 -0.00693362 -0.00482766 0.00252395 -0.0076992 0.00429849 -0.00193008 0.00192048 0.00740502 0.00167036 -0.00249846 -6.20466e-05 -0.00246427 0.00398974 0.00260657 0.00614126 0.00289729 0.00590471 -0.00201448 -0.00206981 0.00522218 0.00232403 -0.00257754 0.00310789 0.00441279 0.00565741 0.00139873 0.00654321 -0.00112881 -0.00686644 -0.000694649 -0.00689679 -0.00402853 -0.0024892 -0.0010874 0.00649121 -0.00409816 -0.00145114 0.00625379 0.00295291 -0.00355432 -0.00023157 -0.000182133 0.00484511 -0.00595506 -0.00503325 -0.00402428 0.00515273 -0.00296246 0.00541835 -0.00231809 0.00333847 -0.0055801 0.001914 0.00166351 -0.00233904 0.00702046 0.00296938 -0.001705 0.00299387
300516 0.00678239 0.00465441 -0.00286255 -0.00367491 0.00330953 0.00413565 -0.00252279 -7.26937e-05 0.00593515 0.00712188 -0.000608436 0.00199333 0.00300583 -0.00217318 0.00498838 0.00174586 -0.0042206 -0.00206389 -0.00245796 0.00447955 -0.0063394 0.00507975 0.00312928 0.00341897 -0.00698694 -0.000292228 0.00424654 -0.00746423 0.00195964 -0.00149517 -0.00241876 0.000248794 -0.00657426 -0.000597256 -0.00375876 0.000952957 0.00441251 -0.000412113 0.0036399 0.00650237 -0.00124813 -0.00607617 -0.00677306 0.00716659 0.00777112 -0.00548613 -0.000669061 0.00190145 -0.00548591 -0.00528379 -0.00556134 0.00573335 0.00261456 -0.00377182 0.00141556 -0.00660393 0.00426558 0.00692634 0.00686203 -0.00522766 -0.00693667 0.00323339 -0.000960633 0.0045328
113421 0.00111341 -0.00111389 -0.00654984 -0.000356197 -0.00671625 -0.00468159 -0.00538731 -0.00732899 0.00479507 0.00230312 0.00683975 -0.00702572 0.00651503 -0.00227785 -0.00401402 0.00635862 0.00500965 -0.000283718 -0.00703573 -0.0074091 0.00195456 -0.0051198 0.00657463 0.00488234 0.00771332 0.00522375 -0.000961781 -0.00671244 -0.000777721 0.00630093 -0.00201607 -0.00386953 0.00137568 -0.00515842 0.00454044 -0.00172806 -0.00544024 -0.00358438 0.00564718 -0.007164 -0.000604153 -0.00102568 0.000254154 -0.00604248 -0.00553799 -0.00658846 0.00375938 0.00591946 0.00244522 -0.0023818 0.0028553 -0.00688553 0.000476837 -0.00482225 -0.00298214 -0.00317526 0.00573206 -0.00670481 0.00504684 0.00575781 0.00768042 0.00610924 0.00102711 0.00758171
297679 0.00433301 -0.00392188 0.00186134 0.000272741 0.00119745 0.00163915 0.00513879 -0.000128193 -0.00359966 -0.00102055 -0.000551197 -0.00460907 -0.00236428 -0.00763016 -0.00419272 -0.00325511 0.000593273 0.0057665 0.00599438 0.00178154 0.00652695 0.000532365 -0.00639674 -0.00398018 -0.00764118 0.00260449 0.00567724 0.000607451 0.00518955 -0.00528607 -0.00527572 -0.00128187 -0.00391564 -0.00264569 -0.00757961 0.00663499 0.00570645 0.00341814 0.00391216 -0.00366663 0.00151601 0.0033079 0.00244249 -0.00432436 -0.00530209 -0.000749334 0.00327493 -0.00403804 0.00489449 -0.00379799 0.00323764 -0.00532811 -0.00329928 -0.00769852 -0.00279915 0.00342012 0.000492096 0.00334771 0.000656135 0.00629439 -0.00657531 0.00458371 -0.00751942 -0.00297963
301597 0.00144482 -0.00530338 0.00231457 0.00024271 -8.82149e-05 0.00343513 -0.00713158 0.00156879 -0.00380802 -0.00149155 -0.00489521 0.00633717 -0.00482512 -0.00358391 0.00630713 -0.00502539 -0.00313759 0.00478077 -0.00108624 -0.00712824 -0.00613737 -0.00746155 0.00424099 -0.00595236 0.00743008 -0.00110674 -0.00670242 0.00185204 0.00531054 -0.000315189 0.00341177 0.00457144 0.00558996 0.00138903 -0.00152349 -0.00712442 0.00668716 -0.00297499 0.00528431 -0.00677395 0.000805855 0.00418854 -0.00187683 0.00542545 -0.00775146 0.00697899 -0.00401163 0.0059371 -0.00335169 0.006423 0.000826836 -0.00110245 0.00501728 0.00116014 0.00680065 -0.00479412 -0.00194073 -0.00638342 0.00585127 -0.00463915 -0.00537157 -0.000319481 0.000805855 -0.00294876
198319 0.00103626 0.000861342 -0.00180661 -0.00619678 0.00135066 0.00443884 0.00759707 0.00130474 -0.00400702 -0.00565514 0.00417891 -0.000384455 -0.00558629 0.000765007 0.00604102 -0.000333044 0.000416013 -0.00688425 0.00448947 -0.00258477 0.00524102 -0.00380867 -0.00745893 -0.00731834 -0.0042138 -0.00641398 0.00150781 -0.00772294 -0.0069203 0.00253971 0.000564531 0.00267177 0.00325761 -0.00635706 0.00651724 -0.00575034 0.00567016 -0.00730498 -0.00690373 -0.00133042 0.00101895 0.00697931 -0.00621899 -0.00681367 -0.00598589 0.00375993 0.0032586 -0.000816793 -0.00395763 0.00517846 -0.00676379 0.00186526 0.000408922 -0.0038336 0.00724056 -0.00673322 9.22124e-05 0.00629097 -0.00625217 -0.00434093 0.000585502 -0.000171577 -0.0014688 -0.00754901
273755 0.00378831 -0.00264283 0.000670336 -0.00135892 -0.00595808 0.00058969 -0.00243629 -0.00522558 -0.00445425 0.00340961 -0.00220175 0.00364655 -0.00147128 0.0043703 -0.00309356 0.00162835 -0.00563391 0.00628056 0.000712712 0.00763864 -0.00406144 -0.00237407 -0.00147341 -0.00651612 0.00215597 -0.00617702 -0.000533764 0.00615684 0.00091349 -0.00764949 0.00179479 0.00526213 0.00152692 -0.000198683 -0.00741666 -0.00673917 0.0028017 -0.00190635 0.00537283 0.00447756 -0.00204985 -0.00658706 0.00350467 -0.000959723 -0.000705152 0.000179849 0.00748613 -0.00610604 -0.0021199 -0.00720575 0.00140012 0.00762954 -0.00328182 0.0064816 0.00336425 -0.00471406 0.000466881 -0.00221568 0.00777059 0.00626564 -0.00697286 0.00592343 -0.00260253 0.00725748
216722 0.00256677 0.00601206 -0.00242136 -0.0068052 0.00548807 -0.00436849 -0.00310401 0.00109984 0.00241175 0.00366166 0.00173014 0.00769975 0.00283035 -0.00176252 0.00427604 -0.000470696 0.000920507 -0.00618236 0.00458508 -0.00761142 0.00718375 0.00652489 0.00760112 0.00589938 0.000892895 -0.00107387 -0.00452321 0.00742282 0.00651936 -0.00264803 -0.000739486 0.00128643 0.0049154 0.00668028 0.00309191 -0.00419683 0.00612686 -0.00253817 -0.00568091 -0.00538806 -0.00485876 5.54881e-06 0.00235171 -0.00721145 -0.000513211 -0.000989573 -0.00107585 0.000502093 0.00490817 -0.00695154 0.00730823 -0.00333054 -3.03575e-05 0.00657589 -0.00778037 0.00662628 0.00087515 -0.00518352 0.00545369 0.00286447 -0.00743435 -0.00468293 0.0012241 -0.00478145
303050 -0.00186202 -0.00608801 6.41454e-05 -0.0044966 -0.00705088 0.00121907 0.00057679 0.000370459 0.000733009 -0.00366494 0.00287866 -0.00666132 -0.00517221 -0.00315898 -0.00121174 -0.000257877 0.00312426 0.00688238 -0.00583768 0.00632253 -0.00577315 -0.00666142 -0.00300658 5.97469e-05 0.00531596 0.000469425 0.00563693 -0.000936537 -0.00446338 0.00661856 -0.00715735 0.00287717 -0.00527728 -0.00714363 -0.00159865 0.000132074 0.000274622 -0.00160978 -0.00202847 0.00779618 0.00417504 -0.00725582 0.00438988 -0.00106916 -0.00613631 -0.00476963 0.00678503 0.0057357 -0.00381884 0.00631892 0.000432895 0.00438146 -0.00714586 -0.00572919 -0.00570373 -0.00616441 -0.00484975 0.000727911 -0.00113443 0.000118784 -0.00331784 0.000215007 0.0060915 -0.00395488
132609 -0.00104702 -0.00144559 -0.0041056 -0.000523901 -0.000389564 0.00534252 -0.00397095 -0.00390893 -0.00207027 0.00618278 -0.00422135 -0.00317379 0.00112029 0.00697292 0.00580871 0.000953895 0.00764208 -0.00495505 0.00209293 0.00282852 -0.00163714 -0.000987781 -0.000789102 0.00109031 0.00547752 -0.00217453 0.00691533 0.00760749 -0.00745069 0.00140208 0.00606505 -0.000942285 0.00677279 0.00772124 -0.00636345 -0.0035297 -0.0068185 0.000819875 -0.000373666 -0.0033274 -0.00265282 -0.00733833 0.000450173 0.00295579 0.00504769 0.00720007 0.00568101 0.00447064 0.00576361 -0.00618143 -0.00580223 -0.00445086 -0.00292222 0.00663319 0.00660431 -0.00651518 0.000576611 -0.00474337 -0.0075045 0.00502324 -0.0053084 -0.0021849 0.000295417 -0.0054624
272608 0.00573265 0.00268941 -0.00374302 0.00727785 -0.00161691 0.00404405 -0.00612736 -0.000431691 -0.00616146 0.00333113 -0.00154393 -0.000305181 -0.00640488 -0.00385048 -0.00394299 -0.00606769 -0.00250675 -0.00627009 0.0063904 0.00536075 0.00610049 -0.00594352 0.00721257 -0.00509415 -0.00089261 -0.00188165 -0.000205214 0.00478377 -0.00126865 0.00210653 0.00760301 0.00202143 0.0065176 -0.00124518 -0.0038989 -0.00138107 0.000789019 -0.0032758 0.00617026 1.40898e-06 0.00178427 -0.00290733 0.00452768 -0.00192129 0.00110222 -0.00128823 -0.00641046 -0.000843959 -0.00285973 0.00279494 -0.00623717 0.00552341 -0.00478511 -0.00541861 0.00277592 0.00334124 -0.00447831 -0.00271956 -0.00159269 0.00109299 -0.000427577 0.00472518 -0.00450795 -0.000790784
266366 -0.00426221 -0.00312002 0.00457086 -0.00255099 0.0011565 0.00103956 -0.0029157 -0.00131345 -0.00405217 -0.00317505 0.00553238 0.00685919 -0.00114403 0.0023381 -0.00514447 -0.00706953 -0.0050307 -0.000612009 -0.00712928 -0.00164237 -0.00381942 0.00373986 0.00639646 0.00650655 0.00740578 0.000761059 -0.00746833 0.00143641 0.00746472 0.00559919 0.00523489 0.00067176 -0.0013466 -0.000433524 0.00526353 -0.00307479 -0.000218979 0.00159889 0.000904235 0.00167226 0.00540157 -0.00437287 0.0073773 0.00101045 0.00462046 0.00372144 0.00765229 0.000211096 0.00426566 -0.00548942 -0.00322694 -0.00079489 -0.00660618 -0.00486232 -0.00455196 -0.00246971 -0.0028558 0.00230528 0.00542542 -0.00478557 0.000784678 -0.00176697 -0.00443065 -0.00503141
167784 0.000892975 -0.00484245 0.000811313 0.00337262 -0.0035476 -0.00773871 0.000700388 0.00477758 0.0039866 0.00366433 0.00381106 2.15059e-05 0.00436685 -0.00680737 0.00416452 0.00443664 -0.0012348 0.000607615 0.00201581 0.00543686 0.0020087 -0.00145737 0.00555092 0.0061201 -0.00311104 -0.00271521 0.00124899 0.000636268 0.00436509 0.00101258 -0.00106898 0.00738009 -0.00441385 0.00461664 -0.00284366 0.00508833 0.00607447 0.00750752 0.00628479 -0.00643658 0.00416527 0.00128062 0.00753512 0.00501583 -0.000705756 0.00156941 -0.00103401 -0.00552936 0.00633562 0.000555681 -0.00715326 -0.00383755 0.00550673 0.0062282 0.00516001 0.00499545 -0.000691827 -0.00207656 -0.00556581 0.00217163 -0.00442568 -0.00524481 -0.00344538 0.00584006
267645 -0.00142738 0.00362058 0.00387093 0.00358639 -0.00384608 -0.00287323 0.00762261 0.00574151 -0.00577042 0.00167151 0.00345025 -0.000520423 0.00553587 0.00660552 0.00238369 -0.00421066 -0.000195474 -0.00605223 0.00400464 -0.00469238 0.00231257 0.00381042 0.00546766 0.00327225 0.00447298 0.00261424 0.00290585 -0.00251722 -0.00164321 0.000936189 -0.00350315 -0.00479532 0.00191916 0.000529342 0.00253407 -0.00212726 -0.0036598 -0.00143205 0.00572516 0.0064255 0.00146403 0.00371101 -0.00441371 -0.00451781 0.00771111 -0.00487878 0.00461856 -0.00766968 0.00605104 -0.00222098 -0.00473654 -0.00728665 0.00626254 0.00216893 -0.00241501 -4.87304e-05 0.0038837 -0.0047083 0.00106644 -0.00246733 0.00473423 0.00312434 0.0023827 0.0011383
304735 0.00498108 0.00514752 -0.00619585 0.00018045 0.0044192 -0.0040759 -0.00267844 -0.00274712 -0.00232399 -0.00779646 0.00690339 0.00267649 0.0054492 -0.00539651 0.0071413 0.00467805 -0.00312885 -0.000861761 -0.00751542 0.0072517 -0.000732555 0.00562638 -0.000561801 -0.000632176 -0.003402 -0.00724136 -0.00199007 -0.00490811 0.0063152 -0.00559472 -0.00210741 -0.00777985 -0.00117797 -0.00255403 -0.00256129 0.00463745 0.00212594 -0.00183876 0.00596741 0.000873122 -0.00664546 0.000261351 0.00138491 -0.00302212 -0.00208419 -0.00513428 0.00698471 -0.00370342 -0.00179635 0.00221556 -0.00636641 -0.00727085 -0.00593336 -0.00337795 -0.00671518 -0.0043583 0.00453067 -0.00240677 0.00623689 -0.00384836 -0.00576937 -0.00729254 -0.00653956 0.00488513
112902 -0.00256243 0.0058602 0.00525573 0.00297713 0.0019398 -0.00761442 0.00393984 -0.00154583 0.00623229 -1.68436e-05 -0.00681523 -0.00117288 -0.000555153 -0.00492256 -0.00311091 -0.00150416 -0.0035106 -0.00296971 0.000113015 -0.00560175 0.00285834 -0.00196972 0.00396436 0.00385945 -0.00552273 -0.00171987 -0.00519196 0.00425382 0.0059793 -0.00599928 -0.00478265 0.00286451 0.00652809 -0.00232969 -0.00303825 9.18034e-05 0.000216461 0.00612974 0.00601904 0.00774986 -0.0010302 -0.00383534 -3.89455e-05 -0.00508135 -0.00741619 0.00361843 -0.00367515 0.00110055 0.00108952 0.00634282 0.0011244 -0.00754559 0.00616522 -0.0047809 0.00492935 -0.00242864 0.00300679 0.000328196 -0.00131132 0.0049002 0.000443357 0.0034846 0.00488658 0.00206506
192591 -0.00774258 0.00418515 0.00251704 -0.00160208 -0.00719182 -0.00188786 0.00694572 0.00502983 0.00398988 -0.0049175 -0.00408643 0.000750396 0.00630127 0.0069236 0.00482586 -0.0006986 -0.00255202 0.00749373 0.00490567 -0.00403075 -0.000371175 -0.00158735 -0.00342624 0.00262092 -0.00408864 -0.0048704 -0.00623006 -0.00324115 -0.00146997 0.00443294 0.00414058 -0.0074394 0.00621436 -0.00437545 -0.00720688 -0.00201198 0.00639943 -0.00114034 -0.00293417 0.00319687 -0.00142112 0.00447197 0.00545031 -0.00179802 0.00656303 0.000720193 0.00184947 -0.00636858 -0.00606322 -0.00509412 0.00747575 -0.00414317 -0.00602671 -0.00412558 0.00609768 0.00334735 -0.00683589 0.00673063 0.00621077 0.00730111 0.00503069 0.0049922 0.00151815 0.00103124
64731 -0.00205394 0.00628106 0.00458119 -0.00364765 0.00461821 0.00121515 -0.00638782 0.00489683 -0.00150664 0.00223868 -0.00596516 -0.00217577 0.00571157 0.00560246 -0.00623226 0.00570766 0.00628009 -0.00429788 -0.00733935 -0.00364301 -0.000471447 0.000806985 -0.00617703 0.00506979 0.00647663 -0.00174013 0.00315088 -0.00095024 -0.0070246 0.00700986 0.00115894 -0.00296105 0.00248453 -0.00634816 6.30526e-06 0.00430545 -0.00251694 0.00743973 -0.0062462 0.00247733 -0.00427828 -0.00088768 -0.00707413 -0.00776194 -8.65035e-07 0.00457639 -0.00184976 -9.41196e-05 -0.00499865 0.00726048 -0.00542519 -0.000857882 -0.00519206 0.00432914 -0.00619003 0.00284506 -0.00768208 -0.00335791 0.00196079 -0.00538054 -0.0025431 0.00590541 0.00283177 0.00237834
305025 -0.000400543 -0.00507975 0.00705338 -0.00115442 -0.00543165 -0.00233269 0.005898 -0.00628424 0.00510788 0.00717258 0.00561333 0.00279522 0.000833988 0.00556087 -0.00307608 -0.00708199 0.00610399 -0.00285196 0.00387764 0.00353193 0.00474167 0.0069499 0.00448132 -0.00287962 -0.0073247 -0.000792503 0.00780201 -0.00146389 0.00613642 0.00645065 0.00188589 -0.00263357 0.0077343 0.00181866 -0.00533295 0.00151253 0.00492287 -0.00733614 0.00284004 -0.00264502 0.00193548 -0.00684977 0.0077467 0.00156069 0.00344372 -0.00549126 -0.00112486 0.00678682 -0.000855446 -0.00310135 -0.0009799 0.00632429 0.00690985 0.00279474 0.00420856 -0.00630331 -0.00567532 0.00460052 -0.00194502 -0.00274658 0.00624752 0.00702477 0.00490522 -0.00110531
294869 0.00572157 0.00755453 -0.00231171 0.000100136 0.00586939 0.00680828 -0.000171661 0.00626564 9.67979e-05 0.00335121 -0.00599289 0.00502396 0.00261879 -0.00211525 -0.00723124 0.0064292 0.00350523 -0.00736094 -0.00687981 0.00193024 -0.00599241 -0.00474405 -0.00175714 0.00375986 0.0069952 -0.00262737 0.000356197 0.00604486 0.0001297 -0.000321388 -0.00153875 -0.00198746 -0.00464106 0.00679827 0.00750828 -0.00440359 0.00549221 0.00126314 0.00772238 0.00306463 0.00517368 0.00742149 -0.00625181 -0.0040164 -0.0073514 0.00456142 -0.00577354 -0.00661659 -0.00660563 0.00320911 0.00271368 -0.00207043 0.00512409 -0.00298977 0.00305939 -0.00301361 0.00086832 -0.0052228 -0.00110579 0.00648928 0.00526524 0.00136089 -0.00402164 0.00675583
95404 0.00139086 -0.00432962 0.00330514 0.00217127 -0.00424334 -0.00665134 0.00174055 0.0070087 -0.00117675 0.00771382 -0.00712404 0.00168663 -0.0014053 -0.00292714 -0.00115216 0.00579717 -0.00277929 0.00203706 0.000883179 -0.000539123 0.000753482 -0.00124935 -0.000509647 -0.00470969 0.00031691 -8.82096e-05 -0.00308409 -0.00665168 0.00739603 0.00703888 0.00649159 -0.00434243 -0.00661688 0.00306898 -0.00105967 0.000316395 -0.000601547 -0.00597046 -0.000432864 -0.00422314 0.00125745 -0.00753641 -0.00369058 9.91873e-06 -0.00188232 -0.0015615 -0.00215941 -0.00654048 0.00383382 -0.0047403 -0.00461077 -0.00641116 0.00332119 0.000480062 -0.00480069 -0.00526163 0.00580467 0.00168676 0.00102463 0.00581326 0.00741689 0.00535693 0.00336912 0.00311234
138613 -0.00487661 -0.00324106 -0.00394392 -0.000705719 0.00742388 -0.00772285 -0.00109434 -0.000604153 -0.00680923 -0.00183868 -0.00320768 -0.00228214 -0.000313759 -0.00584316 -0.00634956 0.00530195 -0.00618696 0.00615692 -0.00265312 -0.00378656 0.003654 -0.00417423 -0.00645781 -0.0032649 -0.0061326 0.00617218 0.0057025 0.00253105 0.00569868 -0.00577354 0.00249052 -0.00521708 0.00643587 -0.00708532 -0.000293255 0.0059762 -0.0053072 0.00202227 -0.00698566 0.00633335 -0.00615406 0.000345707 0.00610733 -0.000918388 -0.00436163 -0.00544119 -6.58035e-05 0.00179577 0.00189066 -0.00312185 0.0057683 0.00513077 0.00759697 0.0033102 -0.0066452 -0.00756693 -0.00478697 0.00519228 -0.00682306 0.00217152 0.0021615 -0.00356817 -0.000300884 0.00417805
215902 0.0032404 -0.00646513 0.00273387 -0.00651705 -0.00190376 -0.000460665 0.00202016 -0.00518977 -0.00143767 0.00723145 -0.00743988 0.00594066 -0.00655378 0.00364931 -0.00529434 -0.00425162 0.00764666 -0.00638234 0.00737701 0.000101386 0.00493326 0.00386163 0.00478718 -0.0060118 0.00103179 0.00770939 -0.00402673 0.00537568 -0.00379719 -0.00279956 0.00209195 0.00769754 3.76709e-05 0.00206716 0.00144422 -0.00489413 0.00721643 0.00168732 -0.00516124 -0.00472804 -0.00564671 -0.0027362 0.00603301 0.00209522 8.23735e-05 0.00348839 -0.00149001 0.00525113 -0.00199431 -0.00728575 -0.00761367 0.00528428 0.000563979 0.00337232 0.00232975 0.00331155 -0.00582685 -0.00709775 0.00316249 -0.0053574 0.00241503 0.00663492 -0.0033371 0.00270796
277124 0.00300743 -0.00780119 -0.00447065 -0.00532341 -0.00464221 0.00329621 -0.00158567 -0.00326022 0.00684253 -0.00282574 0.00605381 8.68114e-05 0.00642884 0.00101841 -0.00383261 0.00696696 -0.00156052 0.00768798 0.00118371 -0.00442915 -0.0010853 0.00128046 0.00291993 -0.00354776 -0.00386932 0.00390245 0.0072326 -0.00294238 0.00358836 -0.00277338 -0.00260691 0.00761677 -0.00556138 0.00156007 0.00369618 0.00491904 -0.0019555 -0.00714639 0.00406295 -0.00651337 0.00642992 0.00401824 0.00240935 -0.00555724 0.00288192 -0.00321809 -0.000584672 -0.00147641 -0.00515829 0.00657429 -0.000411956 0.00586977 0.00393795 0.00636256 0.00352163 0.00163514 0.00439355 0.0071389 0.00409211 0.00583821 -0.00233355 -0.00228822 -0.00187183 -0.000703918
205279 -0.00485182 0.00676584 0.00122738 0.00484324 0.00330877 -0.000558853 -0.00125885 0.000874043 0.00212765 0.000565052 -0.00724649 -0.00710011 -0.00506926 0.000688553 -8.29697e-05 -0.00142717 -0.0038538 0.00577927 0.00361919 0.00616503 0.00341034 0.0054574 -0.00331306 0.00566006 -0.00740957 0.0018692 -0.00694227 -0.00375032 -0.00226068 -0.000893116 0.00402212 0.00686169 0.00205421 0.00150251 -0.00192738 0.00228071 -0.00127363 -0.00116682 -0.00377274 -0.00727654 -0.00536728 0.00239992 -0.0062685 0.000691891 0.00325251 0.000627518 0.000630856 -0.000167847 0.00288868 0.00753593 0.00150156 -0.00474882 0.000323296 -0.00540304 0.00181818 0.000647545 0.0041151 0.00432825 -0.00749159 0.00357294 0.00079298 0.00176859 0.000165939 0.00231886
307736 0.00377539 -0.00344411 0.00761309 0.00260515 0.00263462 0.00736432 0.00592159 -0.00489225 0.00757671 -0.00472532 -0.00583852 0.00500928 0.00113296 -0.00622127 5.73709e-05 0.00042773 0.00737914 -6.84714e-05 0.000483876 0.000719621 -0.00285916 -0.00522212 0.00269415 -0.000267214 -0.00402331 0.00103477 -0.00702475 -0.00183156 0.00330884 -0.000295538 -0.00149745 -0.00571434 -0.00375264 0.00416522 -0.000288901 -0.00684332 0.0016346 0.00381882 0.00156533 -0.00740471 -0.00615949 -0.00234389 0.00194089 0.00625687 -0.00738354 0.00220685 -0.00759843 0.00387083 -0.00648347 0.00373595 -0.00435513 0.000854542 -0.00417184 0.0049823 -0.00576312 0.00581183 -0.005005 -0.00449232 0.00404652 -0.00520793 0.00127728 -0.00384079 0.00666449 -0.00329086
258114 -0.00163378 0.00683458 -0.00540651 0.00565301 -0.00254856 0.00740144 -0.00058748 0.00637253 0.00734383 -0.00176841 -0.00291868 0.00234957 -0.0030538 -0.00525488 -0.00143628 0.00335351 -0.000444173 -0.00564164 0.00107165 0.00278897 -0.00210446 0.00226179 -0.00160015 -0.0041265 0.00406526 -0.00711722 0.00744258 0.00581278 0.00584013 0.00373941 -0.00351477 -0.00220712 0.00503235 0.00405675 0.000226523 0.00694097 0.00697873 -0.00014102 -0.00433897 0.000521335 -0.000110652 0.00278144 -0.00570031 0.00439962 0.00150449 -0.00357996 0.00395952 -0.00247506 -0.00716386 -0.00446897 0.00298286 -0.00454014 0.00433837 0.00420715 0.00130306 -0.000854358 0.00216473 -0.000400667 0.00399229 -0.00578169 -0.0035695 -0.00262398 -0.00199587 0.00657672
307906 0.00298996 -0.00311411 -0.00316511 -0.00743607 -0.000296522 0.00333489 -0.00223637 0.00696957 -0.00675478 0.00291139 -0.00390161 0.0054798 -0.00668139 -0.00533663 0.00516124 0.00596148 -0.00504938 0.00116606 0.00673702 -0.00319723 3.41922e-05 0.00632274 0.000396719 0.00341078 0.00682002 -0.00755806 -0.00214256 -0.00124433 -0.00120926 -0.00744084 0.00567211 0.00627309 0.0018121 0.00343677 -0.000820309 0.00266829 0.00717833 0.00242295 -0.00690414 0.000522365 0.000801863 0.0073946 -0.00725895 -0.00381649 0.00569222 0.00174883 -0.00572677 0.00678482 0.00352027 0.00669086 0.00541573 0.00649232 0.000630153 -0.00207912 0.00436149 0.00176198 -0.00398237 -0.00359187 -0.00331699 -0.00682214 0.00693478 -0.00159113 -0.00623937 0.00114815
136178 0.00282083 -0.00360542 -0.00569963 -0.00334671 -0.0021201 0.00665169 -0.00397968 -0.00744425 -0.00366132 -0.00491633 -0.00639536 -0.00407329 -0.00662088 -0.00758607 0.00606403 -0.000934223 -0.0077352 -0.00667663 -0.00445773 0.00631016 0.00569397 -0.0068826 0.00182841 -0.00730519 0.00201089 0.00685093 -0.00408984 -0.0043077 -0.00115734 0.00209793 -0.00519422 0.000781599 -0.000991044 -0.00319781 0.00384674 -0.00585685 0.00242014 0.00353552 0.000708132 -6.28693e-05 -0.00766409 -0.00672494 -0.00422917 0.00611408 0.00438897 -0.00248361 -0.00737965 0.00293932 0.00475181 0.00626882 -0.0073412 0.00669094 -0.00137188 -0.000290965 -0.00732006 -0.00432854 0.00174529 0.00484109 -0.00564912 0.00642211 -0.00116498 5.98472e-05 0.00558478 0.00450759
258031 0.00631904 -0.00409047 0.00600505 -0.00344965 0.00392593 0.00550762 -0.00291181 -0.00210552 -0.0071335 -0.000572464 -0.000154411 -0.00565571 -0.00751001 -0.00533251 -0.00452791 -0.00304964 -0.00192455 -0.00151576 0.000158726 0.000141888 -0.00636063 0.00349233 0.00365435 0.00431647 -0.00479279 0.00426932 -0.00573671 0.00742909 -0.000517106 -0.00196511 0.00291523 0.00140296 0.00115838 0.00204536 -0.00198198 0.00293215 0.000716898 0.00305871 0.00183965 -0.00161389 -0.0062096 -0.00311744 -0.00590656 0.00399089 0.00466896 0.00206536 0.0048184 -0.00366715 -0.000814356 0.00246425 -0.00650603 -0.00775089 0.00442169 -0.000411578 -0.00546338 0.00196328 0.00533444 0.00473065 0.00133965 -0.00603772 -0.00711899 -0.00463669 0.00609951 0.0015462
126750 -0.00143433 -0.0062089 -0.00376797 -0.00574398 0.00629997 -0.00411272 -0.00393009 0.00306654 -0.00178766 0.00165319 0.00158358 -0.00216198 -0.00623941 0.000299931 0.00652647 0.00602198 -0.0045085 0.00530672 -0.0014534 0.00182629 -0.00272465 -0.00761938 -0.0010376 -0.00703144 -0.00015974 0.00743532 -0.00661898 0.00571394 0.00185728 0.000732899 -0.00124311 0.00481558 0.0051589 -0.00196695 0.00469017 -0.004076 0.00234461 -0.00697756 0.00331688 0.00332975 0.000982285 -3.33786e-06 0.00183344 -0.00127459 0.0057807 -0.00518847 -0.00235891 0.00510931 -0.00267982 -0.0044198 -0.00235796 -0.00161409 0.000591278 -0.00449371 -0.000816822 0.00266409 0.00067234 -0.000669479 -0.00144911 0.00180721 0.0019331 0.000782967 0.0070076 0.000732422
165243 0.00369495 -0.00373936 -0.000334688 -0.000366599 0.00134427 -0.00287572 -0.00411361 -0.00404976 0.00425516 -0.00475012 -0.00655458 -0.00420839 -0.00743924 0.000375007 0.0020902 -0.00634015 0.0067194 -0.00543457 0.00781945 -0.0041411 -0.00462971 0.000641989 0.00435082 -0.00074523 0.00584464 0.000128863 0.00150158 0.00141612 -0.000640921 0.00710546 0.00571449 -0.000110821 -7.03943e-05 0.00267496 0.00768689 -0.00529667 -0.000335339 0.00453092 0.00411839 -0.00129001 0.00193175 -0.00777913 -0.00595479 0.00700534 -0.000874199 -0.00587992 -0.007486 -0.00725005 0.00177891 -0.00623443 0.00262683 0.00569616 -0.00670665 -0.00686757 0.00361949 0.00322764 0.00505539 -0.000295165 0.00601644 0.00563543 -0.00011017 -0.00633593 -0.00345234 0.00258301
308690 0.00682497 0.00169086 -0.00378323 -0.000860214 -0.0068388 0.0051837 0.00718975 0.00350761 -0.00487423 -0.00283861 -0.00654984 0.000989914 0.00760651 -0.00626612 -0.000287056 -0.00243521 -0.000760078 0.00176954 0.0059309 0.00572062 0.00561047 -0.00115156 -0.00265265 -0.00648546 -0.00463104 0.00510788 0.00351048 -0.00246334 -0.0068469 0.00625229 -0.00751781 -0.00109005 -0.0021081 -0.00518084 -0.0013423 -0.00262403 -0.00712633 -0.00164843 -0.00456762 0.00759268 -0.00759363 0.00219393 0.000497341 0.00645256 -0.000422001 -0.00505924 0.00313091 -0.00696135 0.00744629 -0.00262928 -0.00185251 0.00253344 -0.00370979 0.00602531 -0.00288916 0.00131702 -0.00325346 -0.00647783 0.00460529 0.00457573 -0.000398636 0.00612307 0.00204182 -9.63211e-05
105924 0.000830355 0.000647621 0.00490174 0.00260702 -0.0063488 -0.00747146 0.00172451 -0.00199842 -0.00607886 0.000854661 -0.00380941 0.0028272 0.00309441 0.00273665 -0.00650045 0.000687259 -0.00474326 0.00771779 -0.00566214 0.000341043 0.00685937 -0.00343079 -0.00548968 0.000698408 0.00523428 0.00618167 0.0076561 0.00493964 -0.00774874 -0.00493191 -0.00191681 0.00638836 0.00373518 -0.00767338 -0.00733247 -0.00565929 0.00568445 0.0056437 0.00755862 -0.00167569 0.00738645 0.00394233 -0.00373485 -0.00183229 -0.00143596 8.85266e-05 0.00407007 0.000662397 0.00130216 -0.0011194 -0.00259824 0.000708807 0.000158058 -0.00703982 -0.00774204 0.00237931 -0.00699972 0.00742282 -0.00124824 0.00552773 0.00619733 -0.000154205 -0.00388211 -0.00682581
148207 0.00196339 0.00715199 0.0057408 -0.0035697 0.00705863 0.00206934 0.00568368 0.00632455 0.000504293 0.00774272 0.00411026 -0.0016952 -0.00243754 -0.00505913 0.00101547 -0.00602371 -0.00650154 0.0010224 -0.00208365 0.00309009 0.00115407 -0.00432476 0.00454905 0.00678711 0.00201879 -0.00525 -0.00129086 -0.00466729 -0.00211685 -0.00600545 0.00698015 0.00333067 -0.00156048 0.00547245 -0.00278641 -0.00077351 0.00695102 0.00267494 0.000239933 -0.00608537 -0.00433878 -0.00525264 -0.00456279 0.00657411 -0.00469152 0.00449246 -0.00676363 0.00262057 -0.0061371 -0.00129633 0.00564869 0.00424405 0.00306484 -0.0012223 -0.00595938 0.00409692 0.00340255 -0.00207827 0.000555684 0.0076318 0.00136187 0.00705482 0.00605194 0.00665816
267193 0.00319504 -0.00385308 0.00202733 0.00612736 -0.00169439 0.00620338 0.00645801 0.000804272 0.00666704 -0.0044122 -0.00384974 -0.00744432 0.00218603 -0.00730133 0.000709555 0.007171 0.000543764 -0.00626371 0.00245857 -0.00141928 -0.0014359 0.00571346 -0.00276617 0.00547677 0.00687979 0.00155869 0.000648682 -0.00476894 0.00338297 -0.000138038 -0.00442842 -0.00573858 0.00241961 0.00510909 -0.00406082 0.0024956 0.00480438 0.00505399 0.00392658 -0.00601109 -0.00776495 -0.00443615 0.00436774 0.00156442 -0.00313099 -0.00467863 -0.00780561 -0.00646156 0.00336698 0.00493838 0.00487343 -0.00632651 -0.0044949 -0.0021201 -0.000629519 -0.0037399 -0.00171923 0.00724239 -0.00118171 0.00218985 0.00578308 0.00499579 0.00454101 -0.00618822
231436 0.00521421 -0.00274515 0.00500774 0.00248432 0.00280952 0.000922203 -0.000895023 -0.00727463 -0.0034647 -0.00299072 0.00598001 -0.00167799 0.00440454 -0.00512648 -0.00546551 -0.000115395 -0.000498295 0.00573969 0.00159836 -0.0053339 0.00123024 -0.00273848 -0.00309563 -0.00164747 0.00197411 0.00247812 -0.00172567 0.00764179 -0.00567913 0.00180769 -0.00487566 0.00709629 -0.00321531 0.00141954 -0.00379133 0.00221825 -0.000579834 0.00477219 -0.00592136 0.00597954 -0.00709248 0.0037632 0.00592947 0.00762463 0.00248337 -0.00121021 -0.00106192 0.00723648 -0.00657368 0.0022912 0.00038147 0.00425291 0.00698137 0.00381374 -0.00247574 0.00780201 0.00279427 0.00743008 0.0056839 0.00391817 0.00112391 -0.00545454 0.00321341 -0.00562096
202911 0.000897408 0.00104952 0.00243616 -0.00464535 0.00125694 0.00559902 0.00214434 0.00123596 -0.00671577 0.00548935 -0.00305128 0.00494623 -0.00044632 -0.00747871 -0.00778246 0.00199461 -0.00305367 0.00220203 -0.00323534 0.0070653 0.00350571 -0.00444651 0.00452042 -0.00522661 -0.00710773 -0.00312281 -0.000142097 -0.00347948 -0.00466537 -0.0032568 -0.00220442 -0.000561237 0.00177145 -0.00332546 -0.0024972 0.0043664 -0.00117588 0.00167465 0.000959396 -0.00178003 0.00129366 -0.0066824 0.00643826 -0.00542831 0.00357676 0.00205088 0.00366545 0.00718164 -0.0020566 -0.00107765 0.00533009 0.000916958 -0.00330973 0.00664139 0.00116587 -0.00269747 0.00299549 -0.00606823 -0.00571823 0.00413656 -0.00751686 -4.14848e-05 0.00596714 -0.00670433
101944 0.00657511 0.00591469 0.00551319 0.00240946 -0.00223589 0.000548363 -0.00496292 0.00640392 -0.00336313 0.00671959 0.00271702 -0.00603294 0.00640011 0.000137329 -0.00431919 0.00431395 0.00724649 0.00299263 -0.00279474 -0.00319386 0.00755739 0.00239038 -0.00241184 -0.00370264 -0.00696945 0.00754786 0.00585794 -0.00386143 0.00761127 0.00502682 0.00355339 -0.000784874 -0.00145054 0.0009799 0.00711584 0.0070734 0.00323057 0.00342226 0.000120163 -0.00624418 -0.00240946 -0.00711918 0.00439739 0.00253487 -0.000615597 6.77109e-05 0.00439215 -0.00409317 -0.00386477 -0.00483322 -0.0061903 0.00328922 -0.0058589 0.00426626 -0.000479221 -0.0063386 -0.00725174 0.00126791 -0.00759268 0.00195694 -0.00722885 0.00643635 -0.0067625 -0.00103998
302943 -0.000497297 0.00244919 0.00199431 0.0022543 0.00426507 0.00513962 -0.00368777 -0.00389226 -0.00152116 -0.005805 0.00226839 0.00161308 0.0046631 -0.00685709 -0.00097479 0.00544029 0.00572399 0.00454385 0.00435315 -0.00475972 0.00774656 -0.00385769 -0.00730741 -0.00331845 -0.0076652 0.00260355 -0.0066996 0.00172255 -0.00673353 -0.0076854 0.00457619 -0.00470002 0.00736468 0.000996516 -0.00672244 0.000682415 0.00506787 -0.00576899 0.00618409 -0.00781217 0.00105278 0.00767443 0.00608906 0.00133954 -0.00305281 -0.00440996 0.00696537 -0.000620945 0.00629067 -0.00083787 -0.00540724 0.00757128 0.00541622 0.00241452 0.00526923 0.00234768 0.00497625 -0.00636791 0.00441411 0.00431245 0.00708653 0.00696145 0.000151881 -0.00366861
260219 -0.00396681 0.00457382 0.0031004 -0.00306129 -0.00637388 -0.000281811 0.00104332 -0.00268555 -0.00138569 0.000494003 -0.00201511 -0.006217 -0.00255251 0.00169516 0.00420094 -0.00372553 0.00672007 -0.00453663 -0.00378942 -0.00538158 0.00621653 -0.00578451 -0.00145006 -0.00255585 0.00424385 0.00482893 -0.0061245 0.000617027 0.000400543 -0.00537825 0.000771046 -4.673e-05 -0.00627804 0.00683546 -0.00546455 -0.0010972 0.00446939 -0.0025959 -0.0053091 0.000938892 0.00750637 0.00384235 -0.00550079 -0.000154495 -0.00447035 -0.000712872 -0.00627851 0.00451803 0.00760221 -0.00434923 -0.00258923 0.00208712 -0.00250196 -0.00107813 0.00759411 0.00536633 0.00230932 0.0055666 -0.00436306 -0.00532436 0.00145388 0.00244379 0.00714493 -0.00621176
149777 0.0046628 0.00295039 -0.0034219 -0.00369085 -0.00659134 0.00362939 -0.00347536 -0.00211046 0.00449459 0.00347393 0.000123702 0.00672503 -0.00425326 0.00119012 0.00529782 0.0066033 0.00120323 0.00344231 0.00546892 -0.00492986 -0.00264319 0.00624649 0.000520184 -0.00763056 0.00304422 -0.0020195 0.000242818 0.00370593 0.00672239 -0.00680506 -2.33477e-05 0.00206788 -0.00647678 0.00516207 -0.00525493 0.00773401 -0.00608109 -0.00284564 -0.00411532 0.0039791 0.00495705 0.00226189 0.00708277 -0.000862787 0.00215888 -0.00177578 0.00179785 0.0060207 0.00275485 -0.00725558 -0.000219282 -0.00131566 0.00775978 -0.000452568 0.00358613 -0.00743665 0.00202458 0.00126065 0.00165263 -0.00437883 -0.0033869 0.00142445 0.00247102 0.00756411
207855 -0.00517729 -0.00409953 -0.00640441 0.00243783 0.0077315 -0.00279167 -0.0065456 -0.00648216 0.00027862 0.00445919 -0.00455561 0.00630898 0.00268363 0.00614004 0.00422284 -0.0039755 0.003558 0.00145433 -0.00554254 0.00447792 -0.00106517 0.0027463 0.00736792 -0.00139085 0.00217801 0.0048348 -0.00274756 -0.00160616 -0.00217408 -0.00719521 0.00217632 -0.00167718 0.00350387 0.0060347 0.0011894 -0.00595115 0.00482731 0.00110998 0.000961609 -0.00689824 0.00483212 0.000270725 -0.00447608 -0.00749906 0.000424446 0.00302259 -0.00208488 0.00645844 0.00219095 0.00646035 0.00704742 0.00136975 0.0031446 0.00217043 -0.00191379 -0.0071457 -0.00198111 -0.000418834 0.00342847 0.0062154 0.00543292 0.00477159 -0.00215733 -0.000886096
220794 0.00632 0.00531054 -0.0023756 -0.0061121 0.00164843 -0.000169754 -0.00528383 0.00338173 -0.00654316 -0.00306511 -0.00581026 -0.00244141 -0.00201082 0.00759506 -0.00488472 -0.00557899 0.00465965 0.00158548 -0.00408173 0.00728416 0.00528479 -0.00660038 0.00437403 -0.00568104 0.00717497 -0.00651264 -0.00687551 -0.00455618 -0.00165892 0.00597334 -0.000545502 -0.0068121 -0.00285387 -0.00381088 -0.00225782 -0.0049243 -0.00159121 -0.00644302 -0.00668716 -0.000833511 -0.00484037 0.00315332 -0.00263357 -0.00345516 -0.00256014 0.000863552 0.00358629 0.000517845 -0.00703907 -0.00203848 0.00108957 0.00632048 0.00539064 -0.00310278 0.00370741 -0.00391674 0.0075922 -0.00399971 0.00526047 0.00223637 0.00181961 0.00550842 -0.00294209 0.000352383
179977 -0.00705322 -0.00173209 0.00416033 0.00398214 -0.00508839 0.00744378 -0.00456734 0.00750558 -0.000592647 -0.00215015 -0.00123453 -0.00675448 0.000405538 0.00444014 -0.00448128 -0.00740943 0.00333338 -0.00758812 0.00344747 -0.00417966 0.00299647 -0.0044388 0.000343656 -0.0033477 0.000207035 0.00239427 0.00398708 -0.00205156 -0.00618441 0.00618523 0.00746151 -0.0010438 0.0023708 0.00131745 0.00730305 -0.00670943 0.00606174 -0.0022655 -0.00469037 -0.00167317 0.00299129 -0.00733622 -0.00450358 0.00460236 -0.00760159 0.00228148 0.00115256 0.00636356 0.00114417 -0.00106591 0.00290055 0.00189378 -0.00284625 -0.00278592 -0.0058847 -0.000140906 -0.00665805 -0.00621559 0.00376075 -0.0016538 -0.00136094 0.00442066 -0.00374754 0.00399611
292892 -0.00551767 -0.0034033 0.0010084 -0.00429471 -0.00056395 -0.00747697 -0.00151722 -0.00620041 -0.00559035 0.000693294 0.00375047 -0.00168146 0.00527597 0.0033389 -0.000476681 0.00479955 0.00608138 0.00164856 0.00285053 0.00139783 0.00204032 0.00326553 -0.00383332 -0.000662783 0.00252067 -0.000340357 0.00684081 0.00108417 -0.00673488 0.00597797 0.00273141 0.00451618 -0.00741266 -0.00758529 -0.00187068 -0.0053417 0.00459563 -0.00213828 0.00598182 0.00580715 0.000748222 0.00528584 -0.00374176 0.00208208 -0.00766442 -0.00550699 -0.00355523 0.00310023 -0.00185487 0.0018854 -0.00562001 -9.78927e-05 0.000107455 -0.0068064 -0.00241773 -0.00594093 0.00380534 0.00401654 0.00330421 0.00147293 0.00100449 -0.00545859 -0.00069394 -0.0050352
4774 -0.00398853 -0.00133301 -0.000650082 0.00234162 0.00376582 -0.00208185 -0.00103841 0.00482794 -0.0061745 0.00682366 -0.00404775 -0.0056735 0.000131212 0.00318509 -0.00657477 0.00625927 -0.00395946 0.00229641 0.00336849 0.000679005 0.00454404 0.00266956 0.000650428 0.00398345 -0.00375915 -0.00758214 0.00215809 -0.00772899 -0.0021305 -0.00552048 0.000848821 0.00652905 -0.00417285 -0.00472458 -0.00687957 -0.00267638 -0.00580137 0.00164943 0.000865725 -0.00218105 -0.000182265 0.00715154 -0.00190052 -0.00209794 -0.00346072 0.00363861 0.00312441 -0.00674007 -0.0055536 0.0070737 -0.0034959 0.00436615 -0.00313938 -0.00161057 0.00331516 0.00758321 0.00167037 -0.00128495 0.000348601 -0.00489837 0.00617949 -0.00768077 0.00223232 -0.00261403
311325 0.00605104 -0.00494064 0.00256353 0.00250695 0.00413476 -0.00390186 -0.000261321 -0.00279143 0.00518939 -0.00597398 0.00124504 0.00190702 -0.00412427 -0.00500168 0.0026255 -0.0044764 -0.00456268 0.00635237 0.00646446 -0.00627743 0.0048744 0.00335077 -0.000870232 0.00429391 0.00251157 -0.00430161 -0.00180315 -0.00205696 0.000981206 -0.000211696 -0.00605695 -0.00617484 0.00110406 -0.00345131 0.00735931 0.0071936 -0.00141922 -0.00675261 -0.00536954 0.00515768 0.00386219 0.00349386 0.00740394 -0.00694601 -0.00364487 0.00129569 -0.00421366 0.00281075 -0.00729905 0.00716306 0.00676675 -0.00417861 -0.00650219 0.00289746 -0.00722582 -0.00103418 0.00416368 0.00454413 -0.000632727 0.00182323 0.00368355 0.00641389 -0.00669817 -0.00388492
118331 -0.00597668 -0.000211239 0.00625324 -0.00176096 0.004704 -0.00132942 -0.00407314 -0.00208139 -0.00303173 -0.00506115 0.00635719 0.00252914 -0.00429678 -0.00667858 -0.00224447 -0.00529766 0.00296259 0.00248575 0.00570917 0.00410795 0.00522804 0.00718355 0.000293732 0.0018239 0.00358915 0.00103331 -0.00459814 0.00548983 0.00385571 -0.00453472 -0.0023613 -0.00563335 0.00516987 0.00630188 0.00133085 0.00686121 0.00226355 -0.00400829 -0.00599718 0.00401306 -0.00694227 0.00734472 0.00698709 -0.00350332 0.00673246 -0.00195932 0.0036521 0.00301933 0.00335598 0.00237703 -0.000709534 -0.00608826 0.00394773 0.00453663 0.00201702 -0.00282955 0.00517941 -0.00641441 -0.00314617 0.00512314 0.00635099 0.00635576 -0.000149727 -0.000402451
95919 -0.000285149 0.00342751 -0.00183964 -0.00060463 0.00178385 -0.00626183 0.00605631 -0.00517464 -0.00767231 0.00303459 0.00591898 0.00121927 -0.00506735 0.00481319 0.00419235 0.00243568 -0.00603342 0.00272894 0.00258684 0.000653744 -5.8651e-05 -0.00752068 0.00514269 0.00595856 0.00498915 0.00777292 0.002069 -0.00547838 -0.000174999 -0.00597858 0.00408888 -0.00299883 -0.00296736 -0.00439787 0.00571012 0.00222015 -0.0023241 -0.00591135 -0.00197458 -0.00601196 0.00231171 -0.00733042 0.00321007 -0.00636292 0.00342178 -0.0033474 0.00132465 0.00425386 -0.00216866 0.000897408 0.00283766 -0.00519657 0.00300169 -0.00654697 -0.00315094 0.00762939 0.00640154 -0.00751066 -0.00281191 -0.00372124 0.00371313 0.00080204 -0.00551891 -0.00724554
210539 -0.00742709 0.00434947 0.00511608 -0.00760476 -0.000519207 -0.0071258 -0.00603155 -0.000750355 0.00661766 0.00401208 0.00234067 -0.00487076 -0.00330234 -0.00289323 -0.00739891 -0.00610046 -0.00157313 -0.00429286 0.00632772 0.00689021 0.00681229 -0.0076926 0.00680266 0.00263652 0.00449797 0.00746698 0.00301791 -0.000701768 0.00571212 0.000186824 -0.00235808 -0.00159093 0.0047348 0.00579862 -0.00344171 0.00704561 0.000653341 -0.00480589 -0.00213468 -0.00187965 -0.00382077 0.0037512 -0.00543483 -0.0066412 0.00129388 0.00771762 0.0024346 -0.00658442 0.00221633 0.00306755 0.00712819 0.00249363 0.00454433 -0.00121643 -0.00225222 -0.00325869 0.00169549 0.00453973 -0.00307818 0.00566589 -0.00696125 0.00619569 0.00451004 -0.000393698
193911 -0.00326537 -0.00686271 -0.000746417 0.00272779 -0.00587714 -0.000166307 -0.00622354 -0.000909685 0.000511924 0.00695545 0.00582635 0.00484682 -0.00365159 -0.00752701 0.00398074 -0.00103816 0.00730287 -0.00654556 0.00274472 0.00728064 0.00455592 0.000647261 0.00619577 0.00118668 0.00771501 -0.000519658 0.00652134 -0.000601846 -0.000729822 -0.00474428 0.00167654 0.00306089 0.00164046 -0.00770004 0.00460053 -0.00394041 0.00360399 -0.000835909 -0.00747291 0.000389271 -0.00607208 -0.00107787 0.00298617 -0.00326372 0.00739988 0.00276634 -0.00279675 -0.00352778 0.00353399 0.0013901 -0.00593675 -0.00242941 -0.000953049 -0.00505865 0.00175427 0.00124107 -0.00726593 -0.00606529 0.000406297 -0.00666123 -0.00496409 -5.85425e-05 0.00258509 0.00514732
75810 -0.00271225 -0.000596523 0.00740719 0.00117874 0.00543308 -0.00507975 0.000590801 0.0056529 0.00496197 -0.00238276 0.00319338 -0.00371695 -0.00298929 0.00547028 -0.0066371 -0.00716639 0.0037055 0.000252724 0.00106382 -0.00588655 -0.00465345 0.0036664 -0.00351381 0.00320625 -0.00324106 0.00660515 -0.00257921 -0.00214338 -0.00267458 -0.000411987 0.000578403 0.00764132 0.000148296 -0.00355434 0.00589323 -0.00139618 0.0067277 -0.00195932 0.00442076 -0.00740385 0.00697899 0.00686169 -0.004251 -0.00297928 0.00535774 -0.00760937 -0.000731468 0.000333309 -0.00334787 -0.00378799 0.000235081 -0.000378609 0.000349045 -0.00448799 -0.00191116 0.00312901 0.0046277 -0.00481272 0.00421143 0.0052824 0.00701141 -0.00153685 0.000342846 0.00209093
258962 0.00271144 -0.00183785 0.00175341 -0.00240233 -0.00156616 -0.00249035 0.00179815 0.00687271 -0.00373794 0.000750578 0.00471489 0.00569295 -0.00601761 -0.00414589 0.00178513 0.0054157 -0.00578916 -0.00318164 0.00279712 -0.00119411 0.00482096 -0.00472215 -0.00575381 0.00241864 -0.00712926 -0.00296828 -0.000374572 0.00554354 -0.00673013 -0.00558197 0.00214471 0.000972722 0.00486881 0.0049363 -7.10584e-05 0.00512856 0.00245922 0.00734601 0.00122786 0.00559336 0.00777744 0.00151173 -0.00525241 -0.00469639 0.00224131 -0.00504341 -0.00114343 -0.000264131 -0.000161473 -0.00434981 0.00760826 0.00481526 -0.000994871 0.0061896 -0.00060424 -0.00778218 -0.00790486 0.00375293 -0.0029972 0.00155127 0.00284446 -0.00531474 0.00177893 0.00669258
185195 -0.00183241 0.00328976 -0.00666225 -0.00591819 -0.00698678 0.00360815 0.00780141 -0.0016843 0.00540988 0.00188311 -0.00303614 -0.00107097 0.00613553 -0.00621036 -0.000197935 -0.00380752 -0.0068455 0.00319497 0.00139248 -0.00218627 0.0038124 -0.00683987 -0.00742762 0.000375898 -0.00619923 -0.0066443 -0.00212388 -0.00590898 0.00385488 0.000253159 0.00626702 -0.00454954 -0.00298927 -0.00340181 -0.00609418 -0.00211857 0.00655239 0.00327253 0.005584 -0.000109156 0.00764149 -0.00403252 -0.00143149 0.000397198 -0.00278508 0.0054998 -0.00611501 -0.00283725 -0.00770003 0.000144822 0.00571939 0.00161337 -0.00692416 -0.00647358 -0.00499226 -0.00249191 -0.00388397 0.00728025 0.00676624 -0.00313152 -0.00470209 0.00534061 0.0027587 -0.00400467
6064 0.00769226 0.00541548 0.00135144 0.000403291 0.000937379 0.00124069 0.00613897 -0.000764207 -0.0069135 -0.00527977 0.00602572 -0.00334453 -0.00252448 0.00591478 -0.00277389 -0.00496566 0.00711832 1.98308e-05 -0.00153606 0.00694691 0.00237896 0.00671911 -0.00757556 0.00649302 0.00512714 -0.00493987 0.000586263 0.0057126 0.00686685 -0.00175586 0.00512741 -0.00450847 -0.00320372 0.00492967 0.00309114 -0.00129319 -0.00409994 0.00156901 0.00069122 0.00635578 -0.00532982 -0.00468119 -0.00215521 -0.00217608 -0.00263771 -0.00448908 0.00591179 0.00302039 -0.00770772 0.00210122 -0.00773844 0.0017739 0.00442283 -0.00539413 -0.00257824 -0.00689911 0.002593 0.00121222 0.00645166 -0.00177554 0.00524265 0.00755517 0.00727579 0.00199411
198621 0.000791855 0.00295397 0.00568382 0.00303797 -0.00485719 0.00204122 0.00746084 0.00532385 0.00580856 -0.00388095 0.00295102 -0.0040298 0.00236962 -0.000143392 -0.0040027 -0.00717108 0.00359453 0.00721479 0.00318552 0.00293305 0.0026454 0.00650849 0.00257374 0.00664819 -0.00659888 -0.00627165 -0.00753247 -0.00347651 0.00351771 -0.00684334 -0.00128795 -0.0022265 0.00098988 -0.00677385 0.00342567 0.00563779 0.00189599 -0.00588942 -0.00662943 0.00118469 -0.00406509 -0.00292316 0.00670669 -0.00359211 0.00193005 0.00681791 0.00167828 0.00415752 -0.00529376 0.00192133 0.00378629 -0.00636094 1.96994e-05 0.00725043 -0.00400268 -0.00764516 0.00534887 0.00445598 -0.00737471 0.00467535 -0.00132449 0.00224433 -0.0042184 0.00170872
312698 0.00160217 0.00210142 -0.00593567 -0.00378752 0.00319433 -0.00587988 -0.000953674 0.00442028 0.00431442 -0.000434875 -0.00202179 0.00191164 0.000580788 -0.00203896 0.00583315 0.0038414 0.00478792 0.00558043 0.00135708 0.00144815 -0.00100994 0.00217724 -0.00727463 -0.00539064 -0.00455475 0.00429249 -0.00252438 -0.00701141 0.00279856 -0.00245428 -0.00517845 0.00678301 -0.00141573 -0.00501299 -0.0056076 -0.00663376 0.00130558 -0.00357485 -0.00174856 -0.000417709 -0.000579357 0.00643635 0.000239849 -0.00275087 0.0023632 -0.00465965 0.00261831 -0.00464201 0.00218248 0.00772524 0.00656271 0.00466681 0.00155354 0.00592947 0.00335646 0.00067234 0.00611973 -0.0031848 0.000952244 0.00752258 -0.00371218 -0.00200462 0.00339031 -0.00425625
88057 -0.00481069 0.00122231 -0.00663655 -0.00240373 -0.00204472 0.00469385 0.00722668 -0.0077583 0.00391308 0.00638806 -0.00647028 -0.00399816 -0.00475975 -0.000923545 -0.00260413 0.00320719 -0.00619588 -0.000649011 0.00225055 -0.00522812 -0.00642317 -0.00446576 0.00285826 0.003156 -0.00660382 0.00270099 0.000449935 -0.00190691 0.00590959 0.000514971 -0.00656457 0.00357265 0.00202121 0.00471684 -0.00107236 0.00695286 -0.00562138 0.000514872 0.00652275 -0.00666675 0.000956616 0.00518007 -0.00744199 -0.00640003 -0.00213586 0.00291023 0.00675797 -0.00527877 -0.00605316 0.00423989 0.00592415 0.0075992 0.00732339 0.00418535 -0.00688686 9.54806e-05 -0.00124715 -0.00281545 -0.003286 0.00590631 -0.00461727 -0.00433703 -0.00507909 -0.00751787
148709 0.00570313 0.00649187 0.00691776 0.00139007 0.00696693 0.00620455 0.00362016 0.00354168 -0.00343961 -0.00555941 -0.000172067 -0.00121078 -0.0027338 -0.00576126 -0.00394663 0.00519284 -0.00714034 0.000610117 0.00729091 -0.00141694 -0.00363385 -0.00382313 0.00270963 -0.00516825 -0.00714713 0.00391 -0.00602168 0.00710569 0.006188 -0.001039 0.00225643 -0.00738015 0.000249756 -0.00656624 0.000898685 0.00538874 0.00475968 0.00626442 0.00155173 -0.00231716 0.00414831 -0.00148534 0.00561793 0.00213859 -0.00448959 0.00104285 0.00431791 -0.00297736 0.0038663 -0.000413956 -0.000573802 -0.00133967 0.00767466 0.00767739 -0.00649429 -0.00389141 0.00055146 0.00104661 -0.00012183 0.00675263 0.00107237 0.00391092 0.00545401 -0.00743682
230052 0.00259018 0.000695705 -0.0008955 -0.00593996 0.00313234 -0.0053606 -0.00102758 0.00278187 -0.00243282 -0.00369215 0.00365019 0.00747442 -0.00578213 -0.00201464 0.00372171 0.000603199 0.000669003 -0.00202894 -0.00553226 0.00519371 -0.00608063 0.00592661 0.000995636 0.00240183 0.00720167 -0.000513077 -0.00579405 0.0073719 0.00485897 -0.00234175 0.00570536 0.0018754 0.00572538 0.00247669 0.00758076 0.00253773 0.00139761 0.00569534 0.00576591 0.00440216 0.004848 -0.000526905 0.00666904 0.000511646 -0.00548458 0.000334263 -0.00671148 0.00475883 -0.00443172 -0.00587749 -0.0076313 -0.00256824 0.00098896 -0.00128031 -0.00618696 0.00195599 0.00541115 -0.00400257 0.0070343 -0.00648308 -0.00501013 -0.00772238 -0.000157833 0.00430298
93693 -0.00563608 0.00564172 0.00452972 0.00106637 -0.00163326 0.0050074 -0.00381942 -0.00653979 -0.00114086 0.00547463 -0.000408697 -0.00421765 -0.00297234 0.00134237 -0.00110677 0.00370385 -0.0074532 0.00344841 -0.00351949 -0.000916716 -0.00378214 0.00313393 -0.00132124 0.00398902 -0.00483792 0.00440653 -0.00625406 -0.00588917 -0.00469001 -0.00651646 -0.00408032 0.00454283 0.00741611 0.00290383 0.00285118 0.00427222 -0.00767471 -0.00136144 0.00253463 -0.00250917 0.00667436 -0.00234442 0.00203009 0.00539464 0.00194056 0.00358713 -0.00487153 -0.00296384 0.00295864 -0.00399437 -0.00205888 9.59587e-05 -0.00672983 -0.00137216 0.00669613 0.00749331 -0.000658907 -0.0068631 0.0068952 0.00442316 -0.00212983 0.00066485 -0.00240356 -0.00294354
278098 -0.00264398 0.00409088 0.00312707 -0.00681555 -0.00322547 0.00195927 0.00595126 0.00252591 0.000175438 0.00765279 0.00570108 0.0077935 -0.00676314 0.00323595 -0.00088005 0.00530158 -0.00149398 0.00570587 0.00693906 0.00373935 0.00542827 0.00522167 0.0045311 0.00118373 0.00134339 -0.00536388 -0.00694194 0.00163249 -0.0056913 0.00679761 0.0041171 -0.00268521 0.00212894 0.00483378 -0.00602198 -0.00681184 -0.00660324 -0.00724983 -0.00137156 -7.91554e-05 0.00545058 0.00611621 0.00583192 -0.00556049 0.00141288 0.00571541 -0.00776338 0.00761541 0.00521939 0.00552435 0.00585121 -0.00492524 -0.00155009 0.00528483 0.00573469 -0.00527672 0.0074944 -0.00428294 -0.00395715 0.00733049 0.00699736 -0.00136759 -0.00525767 -0.00511599
223329 0.00444698 0.0022397 -0.00162935 -0.00405979 -0.00532436 0.00493479 -0.00010252 0.00222206 -0.00660563 -0.00368214 0.000950336 0.00148678 -0.00620127 -0.00538588 -0.00151443 0.00403929 -0.00612879 0.00114679 -0.00398159 0.00365591 0.000220776 0.0061698 0.00384855 0.00329924 0.000161648 0.000656128 0.000440121 -0.00619078 -0.0047226 0.00330925 0.00680399 0.000308037 -0.00556755 -0.00510454 -0.00394058 0.00638819 -0.00301504 0.00354815 -0.00685358 -0.00418139 0.00477791 -0.00124788 -0.00688553 -4.05312e-05 -7.96318e-05 -0.00607872 0.00608778 5.72205e-06 0.00505924 -0.000348568 -0.00204849 -0.0058856 0.0068984 -0.00682354 0.00361776 0.00041914 0.000295639 -0.000752926 -0.00559282 -0.00651884 -0.00380468 -0.00517082 -0.00483894 -0.00169611
314695 0.000721931 -0.00153399 0.00136662 -0.00427961 -0.00380373 -0.00579786 0.00440884 0.00389576 -0.00610256 0.00403881 0.00336409 0.00538063 0.0018363 0.00569582 -0.00105858 0.00633526 -0.00701666 -0.00598431 0.00423622 0.00673676 -0.00153303 0.00779772 0.00540686 -0.0036912 0.00494289 -0.00148535 0.000689983 0.00498962 -0.000608921 0.00332403 0.0039854 -0.00544691 -0.00320816 -0.0011673 0.000799656 -0.00480223 0.0033226 0.00739527 -0.00721312 -0.00753164 0.000514507 0.00428629 -0.00632954 -0.000427723 -0.00323343 -0.00560379 0.00341034 -0.00766087 -0.00271797 -0.00570822 -0.00472403 0.00125122 0.00132084 0.00704575 0.0051837 0.00654316 0.00283957 0.00692415 -0.00140619 -0.00668859 -0.00597286 0.00570345 -0.00505733 0.000114918
157778 -0.0053072 -0.00103283 -9.05991e-05 0.00239086 -0.0023613 0.00477886 0.00673866 -0.00457811 -0.00641155 -0.00693369 0.00754738 -0.00683355 -0.00293398 -0.00374174 -0.00541162 -0.0048008 0.00241804 -0.00362968 0.00176811 -0.00255585 -0.0055089 0.00408554 -0.00547791 0.00519466 0.00566959 0.00315475 0.00209093 -0.000891685 2.76566e-05 0.00377846 0.00342989 0.000169277 -0.00182533 0.00330639 0.0076642 -0.00319672 0.00480556 0.00415516 -0.00342178 0.00513887 -0.00372219 -0.00333357 -0.00182295 -0.00564671 -0.00102234 -0.00570488 0.00567436 -0.00503159 0.00017786 -0.00239134 -0.004673 -0.00296354 0.00339413 0.00573349 0.00747538 0.00295448 0.00119114 -0.00139904 -0.00267649 -0.00190163 0.00557804 -0.00698614 -0.00205135 0.000891685
208642 0.00268591 0.00213245 0.00521042 0.00238102 0.00312309 0.00136165 0.00200224 0.00375615 -0.00782423 -0.00404356 0.000292566 -0.00673743 -0.00174058 -0.00357559 0.00298742 -0.00732058 0.00531291 -0.00319448 -0.00212706 -0.00069173 0.00609711 -0.00317468 -0.00442067 0.000268943 0.00010679 0.00613788 0.00510822 -0.00519515 -0.00161015 -0.00623512 0.00512175 -0.00179051 -0.00463542 0.00279484 -0.00731799 -0.00628187 0.00165771 0.0014911 -0.00430917 -0.0056302 0.00352023 0.00456792 0.00514843 -0.00682897 0.00581149 0.00421808 -0.00472993 -0.00520461 -0.00704686 -0.00570727 0.00344441 0.00110326 -0.00424817 0.0027702 -0.000283951 0.0029352 0.00485412 -0.00685773 0.0027736 0.00698131 -0.00310874 0.00445539 0.000246006 -0.00661534
206405 0.00196695 -0.00148821 0.00499916 0.00552034 -0.00666952 0.00331163 -0.00698519 0.00113153 -0.00275421 0.00622749 0.00742626 -0.00500107 0.00073719 -0.0027523 0.00258112 -0.00254965 -0.00743771 0.007442 -0.00605154 -0.00320816 -0.00364828 -0.00434494 -0.00610399 0.0065074 -0.00614166 0.00677633 0.00236464 0.00293207 0.00344181 0.00148726 0.00117302 -0.00685358 -0.00699472 -0.000420094 0.00225067 0.00751734 0.00187635 -0.000759602 0.00477409 0.00664425 -0.00540161 0.00189877 0.00524998 -0.00287104 -0.00699282 -0.00433731 -0.00634813 0.00218153 -0.00607681 -0.00744581 0.00153255 -0.00601768 9.53674e-05 0.00382614 -0.00541782 -0.00369835 -0.000156403 0.00170183 0.00368452 -0.00443506 0.00428724 0.00180483 0.0056982 -0.00615072
155962 -0.00676346 0.00213242 -0.00511646 -0.00174379 0.00363207 0.00658798 0.0061965 -0.0011034 -0.0071497 -0.00607729 0.000131607 -0.00444365 0.00765276 -0.00239658 -0.00466537 0.000277996 -0.00579309 0.00120497 -0.000721931 -0.00219727 -0.00129032 0.00235033 -0.00176573 -0.00576496 0.000302315 -0.00333643 -0.00566006 -0.0047574 0.000787735 0.000390053 0.00722313 -0.00270796 0.00348186 0.00376987 -0.00325155 0.00509071 0.00570345 0.00507259 -0.000648022 0.00249767 -0.00339365 0.00175095 -0.00298786 -0.000552177 0.00673676 -0.00512743 -0.00116348 0.00401926 -0.00210524 -0.00733423 -0.00506878 -0.00467396 -0.000942707 0.00683308 -0.00308561 -0.00364971 -0.00431156 -0.00378036 -0.0033946 -0.00571346 -0.00617504 0.00149584 -0.00524378 -0.00499773
207488 0.000631281 0.00355806 -0.00614346 0.00605612 -0.000910163 -0.00069202 -0.00245785 0.000556204 0.00216271 -0.000577703 0.00425769 -9.4286e-05 -0.00129623 0.0041692 0.00660418 -0.000190482 0.00116194 0.00579672 -0.00034122 0.00243804 0.00751209 -0.0047248 -0.00608138 0.00406614 -0.00622628 0.00640304 0.00491976 -0.00179138 -0.000580035 0.00302109 -0.000206362 -0.000494717 0.000164249 0.00202603 0.00693594 -0.00761708 0.00553365 0.00320542 -0.00594983 -0.00284199 -0.00244634 -0.0062928 0.00236974 0.00121176 0.0071601 0.00461138 0.00102889 -0.00496481 0.00752813 0.002797 -0.00319582 0.00130514 -0.00129679 0.00185206 0.00375887 -0.00708658 -0.00594805 0.00342574 0.00153129 -0.00557152 0.00184605 -0.00346394 0.00253773 -0.00255636
316066 -0.00638877 0.00118162 -0.00247727 -0.000277854 -0.000568056 -0.00694232 -0.00659949 0.00179133 -0.00633193 -0.00720075 0.00657102 0.00519976 -0.00732767 0.000201154 0.00703468 0.0024642 -0.00342641 -0.00578389 0.00434373 0.0029545 -0.0063157 0.00751217 0.00532371 0.00630784 0.00332268 -0.00374731 0.00331712 -0.000789172 0.000530342 -0.00150582 -0.00552799 -0.00354052 -0.00452473 0.00444563 -0.00681539 -0.0012025 0.00157236 0.0013073 -0.00432442 -0.00194609 -0.00678021 0.00639821 0.00419093 -0.00433044 -0.006496 0.00423771 -0.00176144 -0.00661998 0.00205991 0.00765421 -0.00315625 0.000306964 -0.0026691 0.00241616 0.00434125 -0.000747192 0.00442879 -0.00466904 -0.000628229 -0.00490596 -0.00562348 0.00339458 -0.00613601 -0.00605865
303958 -0.00376895 0.00123998 -0.00652385 0.00476502 0.000974188 0.00725564 -0.00334605 0.00622264 0.00624422 -0.00128691 0.0017353 0.00088684 0.000538189 -0.00765562 0.00651707 0.00702775 0.00259305 -0.00591862 -0.000897123 -0.00049273 -0.00149805 0.00172724 0.00221991 -0.00531377 0.0032337 -0.00308587 -0.00215446 -0.00660038 -0.00254066 -0.000649482 -0.000947768 -0.00748173 -0.00604458 -0.00233507 0.00182131 -0.000989128 0.00197702 -0.000804634 0.00319931 0.00483799 0.00294913 -0.00178951 -0.00689355 -0.00042115 0.0041793 -0.00359378 -0.00373111 -0.00635443 -0.000316928 -0.000245084 -0.00748908 0.00408383 0.000951089 -0.00139444 -0.0044348 0.00528455 -0.00276873 -0.0014345 -0.00551954 0.00329897 0.00786444 -0.000552596 0.00390729 0.000624046
253421 -0.00619567 0.00192734 -0.00665689 0.00752691 -0.00777333 0.00640923 0.00238615 -0.00635466 -0.00751463 0.00305995 0.00763823 -0.000500091 -0.00590702 -0.00479364 0.00658299 0.00393045 0.00239314 -0.00586415 -0.00672644 -0.000126474 -0.0073019 -0.00458253 -0.00684559 0.00204794 0.00694896 -0.000194148 0.00445646 -0.000371137 0.00709611 -0.00530293 -0.00215337 0.000326689 -0.00741955 0.00752176 -0.00653376 0.00683127 0.00658104 0.00458124 -0.0077497 -0.00651396 0.00679445 -0.00227056 -0.000884307 0.00600393 0.00685858 0.00762165 -0.00676137 -0.00122923 -0.00453779 -0.004887 0.00501348 0.00111889 -0.00775698 0.00394432 -0.00170463 -0.00713346 -0.00237465 0.00099984 -0.000875777 0.00230179 -0.00756922 0.00112676 -0.00267945 -0.00518862
293008 -0.00538881 -0.00596748 7.1054e-05 0.00230964 0.000733226 -0.00553743 -0.00211165 -0.000907618 0.007032 -0.000839924 0.00338309 0.00624139 1.96009e-05 -0.000294651 0.00171703 0.00775456 0.0024832 0.00635089 0.0038137 0.004275 0.00206904 -0.00179748 -0.00509123 0.00647696 0.00441084 0.00436629 0.000301218 -0.00275435 0.00714334 -0.00290866 -0.00133215 -0.00721985 -0.00418674 0.00492995 -0.00135499 -0.00308752 -0.00744464 0.00166077 -0.00699106 -0.00497667 -0.00712133 -0.00538148 -0.00297996 0.000579664 -0.00673514 -0.00648254 -0.00513084 0.00308915 0.00745094 0.00179414 0.000375926 0.0031622 -0.00708685 -0.00712686 -0.00642274 -0.00117238 0.00724277 -0.00215997 0.00191945 -0.000746533 0.000332684 0.00148573 -0.0062093 -0.00742702
261422 -0.000569344 0.00708914 -0.00621414 0.00675249 -0.000626087 -0.00144863 -0.00614214 0.00251865 0.00266695 0.00400114 0.00696945 0.00258017 0.005795 0.00478601 -0.00628948 -0.00637627 0.00163841 0.00371075 -0.00684118 0.00491858 -0.00252771 -0.00379562 0.000547409 -0.00610161 -0.00660896 0.00212574 0.00139904 0.00502253 -0.00121403 -0.00438976 0.00147676 -0.00207376 0.000451565 4.3869e-05 -0.00653028 -0.00134706 0.00683355 -0.00192547 -0.00334835 0.00122738 0.00387001 0.00186825 0.00104666 0.00774574 -0.00619316 -0.00398254 -0.000790119 -0.00639439 -0.000685692 0.00456238 -0.000330448 -0.00143766 0.00117064 -0.00546885 0.00200701 0.00522852 0.00432968 -0.0075388 -0.000504494 -0.00679731 -0.00248718 0.00130606 0.00490046 0.00232172
317320 0.00115204 0.000441551 -0.00651455 -0.000525475 6.38962e-05 0.00679684 -0.00679445 0.00746632 0.00256252 -0.00454521 -0.00262165 -0.00650072 0.00676489 0.00149393 -0.00768185 0.00700998 0.00641775 -0.00170898 -0.00603199 0.00192595 0.00450802 -0.000943184 -0.0046072 0.00496006 -0.0048995 -0.00754738 0.000424385 0.00250387 0.00667334 0.00280476 -0.00156546 0.00461245 -0.00448418 -0.00485945 -0.00696325 0.00239277 -0.00503969 -0.00630665 0.00219107 -0.00396061 -0.00348806 -0.00653028 0.00188065 -0.00267124 -0.000103474 0.00227547 -0.0035305 -0.00368738 0.00497103 -0.004076 0.000403881 -0.000847816 0.00751114 -0.000979424 0.00499344 0.00183201 0.00619698 -0.00408268 -0.00381422 0.00669241 0.00468731 -0.00638247 0.0033145 -0.00660419
129657 0.000482162 0.00371415 -0.00525334 -0.00185794 0.00693615 -0.000483247 0.00663562 -0.00600699 0.00643626 0.0060907 -0.00736937 0.00740521 0.0060662 0.0043248 -0.000553726 0.00748074 -5.69637e-05 -0.00567209 -0.000136239 0.00319679 -0.00590913 -0.00706367 0.00382962 -0.00566524 0.00731183 -0.00185829 -0.00216861 -0.00727644 0.000737852 0.00778149 0.0051268 -0.00611336 -0.00658056 0.000331093 0.00464532 0.00626383 0.00402251 -0.0038277 0.00079793 0.00251248 -0.00212881 -0.00192254 -0.00197933 -0.00616833 -0.00484546 0.00725638 0.000287821 -0.00188334 0.00363083 0.00746097 -0.00770029 -0.00669362 -0.00544734 0.00422645 0.00738684 0.00193301 0.00670924 -0.00414745 0.00417819 0.0076021 0.00351105 -0.00512979 0.000711288 0.00543623
36374 0.00592136 0.00747728 0.000949383 -0.00301552 0.000658512 -0.00390959 0.00580406 -0.00313234 0.00620222 -0.00185251 0.00297356 0.00239229 -0.000972748 0.00433683 -0.00640154 -0.00633001 0.00440264 0.00388384 -0.00332928 -0.00681782 0.00745773 0.00308466 -0.00445318 0.00262928 0.00435925 0.00290966 0.00186634 0.00212765 0.00560665 0.00746346 -0.00189829 0.00149918 -0.0012331 0.00226259 -0.00347137 0.000590324 -0.00483561 0.00535679 0.00710821 0.00461292 -0.00402546 0.00526285 -0.00419044 -0.00168514 0.0022316 -0.00188875 0.000867367 -0.00626707 -0.00204897 0.000466824 0.00413179 -0.00717211 -0.000374794 0.000233173 0.00624657 -0.00461912 0.00754786 0.00335121 -0.00342607 0.00282717 -0.000901699 -0.0019331 0.000964165 0.00778008
247791 0.00255589 -0.00550832 0.00768066 -0.00195325 0.000991344 -0.00753809 0.00142066 -0.00385196 0.0015773 0.00418725 -0.000465675 0.00687128 0.00442374 0.000403023 -0.00769293 0.00325855 0.00292547 -6.19582e-05 -0.00637158 -0.00457062 -9.22757e-05 4.52531e-05 -0.00506237 0.00015414 -0.00035245 -0.00167616 -0.00262147 0.00250497 0.00683697 0.00657754 -0.00706991 -0.00713346 -0.00725882 -0.00456881 0.00721535 -0.000857857 -0.000138657 -0.00233322 -0.00334189 -0.00584634 0.00225094 -0.00317201 -0.00628381 0.00404941 0.00475662 0.00104969 -0.00377916 0.00132667 -0.00159586 0.00649767 -0.00563116 0.00172404 0.00536568 0.000559205 0.00639591 -0.00456089 0.00257632 0.00604948 0.00118659 0.00714264 0.00434194 0.00403242 0.00014695 -0.00682059
318256 -0.00109644 0.00219261 0.00269245 -0.00444175 0.00423477 -0.00762081 -0.00361536 -0.00463811 0.000119102 0.00212894 -0.00742516 -0.00541171 0.00194327 -0.000789657 0.00531096 0.00362284 0.00205048 -0.00542941 0.00777897 -0.00560525 -0.00299207 -0.00656001 0.00293696 -0.00369002 -0.00125917 -0.000646919 -0.00735014 0.00467075 -0.00216161 0.0020385 -0.00257785 0.00369939 -0.00445293 -0.00227251 0.00496902 -0.00776556 -0.00512314 0.00417085 -0.000308998 0.00196366 0.00470688 -0.00637439 -0.00191387 -0.00354636 -0.00583109 0.00325017 -0.00779027 -1.76249e-05 0.00763534 0.00248178 0.00741155 0.000535862 0.00220141 -0.00471904 0.00490842 0.00757499 -0.00652745 -0.000597562 0.0067513 -0.00379142 -0.00690931 0.00579658 0.00211251 -0.00651882
296245 -0.00433625 -0.00227016 -0.00281253 0.00720695 -0.00111977 0.00740323 0.0013865 0.0058169 0.00153332 -0.00679316 9.74928e-05 -0.00607606 -0.00524483 -0.000394087 0.00327112 0.00121291 0.000558159 0.0076103 0.00150821 -0.00202222 0.000945227 0.000691068 -0.00293658 -0.00740664 -0.000564027 -0.00244617 0.00375507 -0.00396253 -0.00461139 -0.00141888 -0.00410236 -0.000523297 0.00401011 0.00366053 -0.00293842 -0.00636441 -0.00395434 0.00131654 0.00741473 0.00421644 -0.000850225 -0.00698321 0.0074261 5.11196e-05 0.000936725 -0.000369205 0.00240232 -0.00775233 0.00484507 0.00435461 0.00172547 -0.0066978 0.00403273 -0.00207428 0.00661401 -0.00181687 0.00535165 0.00228393 -0.00579972 0.00038971 -0.00612171 0.00416752 0.00294386 0.00145309
309705 0.00135946 0.00289965 -0.00545216 -0.0040431 -0.00311947 -0.00557375 0.00372887 -0.000227928 -0.00225163 0.00223303 0.00108862 -0.00576162 -0.00620222 -0.00732231 -0.00405979 -0.00535345 0.00497913 0.00426388 0.00751066 0.00628901 0.0060997 0.00015831 -0.00611973 -0.00158119 0.00729609 -0.00771952 0.00769806 0.00305367 -0.0071249 -0.00688076 -0.00385141 0.000255108 0.00709867 -0.000128746 -0.00139856 -0.00632477 -0.00420809 0.0045476 0.00315762 0.000512123 0.00486183 0.000266552 -0.0032239 0.000287533 0.000850677 -0.00699377 0.00144815 0.00408506 -0.00727129 0.00466585 0.00609636 0.00741768 0.00131464 -0.00142574 -0.00707531 0.00398636 -0.00697947 -0.00544977 -0.000862122 -0.00462866 -0.00381804 0.00777864 0.00651264 0.00204086
318686 0.00105317 0.000486438 0.00599263 -0.00488812 0.00232684 -0.00373376 -0.00150754 0.00418889 0.00409849 -0.000747472 -0.00204427 -0.00728461 0.00219903 -0.00708533 0.000872214 0.00600117 -0.00154215 0.00438596 0.00376623 -0.00403937 -0.00101282 -0.00637639 0.00214813 -0.000295708 0.00447846 0.00633795 0.00494796 -0.00249081 0.00712952 0.00601629 -0.00183909 0.00272476 0.00159725 -0.00353837 0.00124333 0.00611867 -0.00569304 0.00592933 -0.00626328 -0.00172385 0.0020293 -0.0028627 -0.00410322 0.00604857 -0.00682894 -0.00606295 0.0029543 0.00677717 -0.00263214 0.00372127 -0.00537784 2.28249e-06 -0.00769764 -0.00488031 -3.77007e-05 0.00698769 -0.00279575 -0.00493783 0.0025009 -0.0041037 -0.00272548 0.00182135 -0.00674616 0.0036323
318766 0.00325871 -0.00334311 0.00363159 -0.00111628 -0.00407457 0.00102711 0.0041914 0.00692749 -0.0031147 -0.00662804 0.000933647 -0.00571871 -0.000276566 0.00698376 -0.00348663 0.00261593 0.00317621 0.00442123 0.00734711 -0.00164557 0.0052104 0.00638771 0.00719738 0.00581598 -0.00342035 -0.00780964 0.00378656 0.00582123 0.000253201 0.00292444 -0.00595951 -0.00422382 0.00778437 -0.00427103 0.00450611 0.00565243 -0.000366688 0.00525951 -0.00619793 -0.00288439 -0.00573254 0.00447273 -0.00448656 0.00273943 0.000552654 0.0052495 -0.00285721 -0.00495625 0.00575733 -0.00593185 -0.00396776 -0.00145388 -0.00131607 -0.00673914 -0.00651407 -0.00292969 0.00399828 -0.000689507 -0.00698709 -0.00675392 0.00227261 -0.00502539 -0.00170183 0.0068202
318581 -0.00695478 0.00543945 -0.0012915 -0.00630479 -0.00253345 0.004679 0.000307152 0.00371938 0.00705099 0.00155295 -0.00321714 -0.00385765 0.00507528 0.00252696 0.000462415 0.00662219 0.00228306 -0.00705299 -0.00378923 0.00576929 -0.00430031 -0.00672331 0.00220816 0.00266609 -0.00303685 0.00392993 0.00467229 -0.000213497 0.00470614 0.00425826 -0.000559416 0.00732156 0.00681229 0.00777676 3.66577e-05 0.00605911 -0.00363061 -0.00536614 -0.00551455 0.00445665 -0.00696645 0.00407045 -0.00592317 -0.000704608 0.00663837 0.00625195 -0.00236962 0.00266161 -0.00283086 0.00730112 7.62205e-05 0.00697329 0.00311599 0.00657602 -0.00603428 0.00310691 0.00723312 -0.005197 -0.00150412 0.00220108 -0.00719729 0.00358942 0.00208491 0.00431264
9634 -0.00540259 0.00178472 -0.00546579 0.00508397 0.00309245 -0.00464884 0.00536153 -0.00197431 -0.00467396 0.00164316 -0.00422376 0.00325808 -0.00201068 0.00184156 0.00676801 0.000916006 0.00226571 -0.0022907 0.00314165 0.00258707 -0.00392737 -0.00470965 0.00357056 -0.00032623 -0.00438085 -0.00604105 0.000197635 0.00590276 -0.00177037 0.00680449 0.00650103 -0.00509069 0.00321206 0.0036292 0.00291528 -0.00235882 -0.00749881 0.00507743 -0.00518097 0.00419991 0.00198089 0.00110214 -0.00200337 -0.00327612 0.00278245 -0.000291854 -0.00536275 -0.00686543 0.00547201 0.00462552 0.00433101 0.00590324 -0.00398934 -0.00624876 -0.0014693 -0.00073935 -0.0070595 -0.00708405 0.00766775 -0.00161792 0.00528279 0.00522863 -0.00715262 -0.0031741
183799 -0.00702634 -0.000342579 0.00238942 0.00377715 0.00143729 0.000215094 -0.00125353 0.00123301 -0.00735561 -0.00500222 0.00026828 -0.00283379 -0.00276081 0.00380453 0.00179611 0.00768201 0.00193051 0.00728979 0.0060291 -0.0032397 -0.00720523 -0.00153725 0.00463649 -0.00164261 0.0059805 0.000761356 0.00653336 -0.00414295 -0.00236354 -0.0002225 -0.000475771 0.00217318 -0.00608446 -0.00660741 0.0048494 -0.0058072 0.00386744 -0.00253873 0.00159848 0.00390578 0.00125963 -0.0069447 0.00564109 0.00398564 0.00393893 -0.00379325 0.00183028 0.000176421 -0.00573935 0.0020727 -0.00158259 -0.000679245 0.00694732 -0.000291262 -0.003669 -0.00109682 0.00194004 -0.00335283 0.00146173 -0.00341801 0.00562243 0.00057187 -0.00205996 -0.00734835
319352 -0.00339302 0.00529912 -0.00563433 -0.000339887 0.00444047 0.00735943 -0.000880226 0.00115272 0.0064969 0.00629796 0.00489868 -0.00152928 -0.00188019 -0.000545047 -0.0047384 -0.00580809 -0.00777082 0.0024762 0.00638215 0.00407937 -0.00405898 -0.00310197 0.00620789 -0.00752412 0.00229227 -0.00751737 0.000617262 -0.00379846 -0.00362668 -0.00426375 0.00198367 0.00229 -0.000965231 -0.00501591 0.00527763 0.0016413 0.00728648 0.00283707 -0.00185403 0.00301067 -0.00548438 0.000676526 0.00782494 0.00643768 0.00145471 -0.00146466 -0.00626526 0.00299095 -0.00257873 0.00777321 -0.00442333 -0.00100736 -0.00498676 -0.00120884 -1.21859e-05 0.00745836 0.00454338 0.00150839 -0.000109362 0.00369836 -0.000952705 -0.00175919 0.00555668 -0.00766095
204410 0.00631857 0.00147581 -0.00269413 -0.0052309 0.000528336 -0.00280714 0.00141859 -0.00646734 0.00546932 0.00571442 -0.00359297 0.00430584 0.00383759 0.00331068 0.00466108 -0.00176954 0.00310326 0.00314999 -0.00227261 0.00105572 0.00761652 -0.00771093 0.00151396 -0.000775337 -0.00199461 0.00742149 -0.00141382 -0.00575161 -0.00449467 -0.000706673 -0.00184107 0.00760841 -0.000206947 0.00287676 -0.00405216 0.00250244 0.00296116 -0.0024271 0.00698805 -0.00658035 -0.00679016 0.00579071 0.00296593 -0.00263119 -0.00536108 0.00167418 -0.000335693 0.00398731 -0.00578308 0.00644398 0.00106859 -0.00664186 0.00544119 0.0046339 -0.00114059 0.00688887 -0.00524378 -0.00481796 -0.000532627 0.00320053 -0.00162792 -0.000841141 -0.00383902 0.00438976
265342 -0.000689611 -0.00566533 -0.00103391 -0.00102972 0.00169152 0.00468138 -0.00696375 -0.00251228 -0.00300282 0.00226179 0.000682496 0.0040511 -0.00595889 0.00643655 -0.00708402 0.00274476 -0.00571671 0.00572362 -0.00278701 0.00352753 0.00660566 -0.0056864 0.00708403 -0.00332627 -0.00130039 -0.00183068 -0.00693799 0.000893186 0.00412092 0.00748331 -0.0041196 0.00696836 0.000820727 0.00374181 0.00751669 0.00271884 -0.0011106 -0.00279928 -0.00422896 0.00596761 0.00096339 -0.00198818 -0.00256539 -0.00650093 0.00611059 -0.00723594 -0.00584478 -0.00202957 0.00291099 0.00622081 -0.00314998 -0.00582497 -0.00259859 0.00724382 0.00550926 0.00274424 0.0053809 0.00432437 0.00460119 0.00207743 -0.00688157 -0.00374279 0.00489284 -0.00195863
208383 0.0075435 -0.00207384 -0.00507265 -0.00133629 -0.00362753 -0.00552378 0.000247157 -0.0068946 -0.00351196 -0.00269386 0.0045083 -0.00512843 0.00314112 0.00767424 -0.00681584 -0.00146367 -0.00424235 -0.00113076 -0.00155569 0.00370436 -0.00499462 0.00478075 0.000397055 0.00203896 0.00214148 0.00312538 0.00015767 0.0034846 0.00775904 -0.0062719 -0.00489352 -0.00298244 -0.00114127 0.00768486 0.000415361 0.000474315 -0.00466697 -0.00624368 0.00261639 0.0011629 -0.00202866 0.0059826 0.00535299 0.00368027 0.003877 -0.00198334 0.00651723 0.00306034 0.0027189 0.00743188 0.00387343 0.00544847 0.000391409 0.00450316 -0.00645497 -0.00736814 -0.000875977 0.000989801 -0.00385746 -0.000600113 -0.00381034 0.00604689 -0.00344204 -0.00266664
191572 -0.00737673 0.00279825 0.00422995 0.00379455 -0.00347124 0.00162989 -0.00527017 -0.000486481 -0.00419365 -4.55842e-05 0.00248777 -0.00260266 -0.00472959 -0.00189926 -0.000433089 -8.67383e-05 -0.00148281 -0.00544278 0.00281296 0.00172505 -0.00156258 0.00201653 -0.00196556 -0.00658782 -0.00171615 0.00600434 -0.00320052 -0.00273382 -0.000154201 0.00185112 0.00360567 -0.00207962 -0.00144805 0.00133368 0.00541211 0.00169176 0.000270556 0.00270144 -0.00480807 -0.0057258 0.00347177 0.00361921 0.00174697 -0.00229072 -0.0050426 0.00457358 -0.0043333 -0.00165554 -0.00370172 0.00261162 0.0040448 0.00781305 0.00491002 0.00219107 0.00697928 -0.0023666 -0.00676815 -0.00377775 -0.00582152 0.00210755 -0.00294814 0.00584913 0.00627466 0.00288825
267177 0.00223695 0.00730762 0.00671747 0.000591157 0.00630604 0.00644157 0.00279788 -0.00322982 -0.00522912 -0.00406419 -0.00301656 -0.00698963 0.0047124 -0.007795 -0.0016703 -0.00237952 0.0011393 -0.00286195 0.00401443 0.00542898 0.00352248 0.00348553 -0.00680322 0.00367301 0.000562204 -0.00165272 -0.000768806 0.000857975 -0.00291628 0.00530082 0.00575294 0.00627144 -0.00328968 -0.00514947 -0.00148879 0.00448179 -0.00168594 0.000412697 -0.00394745 -0.00734744 -0.00228492 0.00408372 0.000835082 0.000179266 -0.00571934 0.00744261 0.0065161 0.00205249 -0.0059086 0.00773124 0.00269096 0.00512197 -0.00650942 -0.00189743 0.00358795 -0.000196898 -0.00277957 -0.00664561 -0.00482264 -0.00631456 -0.00703052 -0.00344802 -0.00114508 0.00739303
162127 -0.00208066 0.00208126 0.00587807 -0.000896974 0.00635054 -0.0029676 -0.00388136 0.00402581 0.000827257 -0.00567328 -0.00173427 0.00250072 -0.0043893 -0.00332459 -0.000747172 0.00594822 -0.00526756 0.00293154 0.00342806 -0.000645559 0.00451949 0.00313283 0.00238958 -0.00474856 -0.00111682 -0.004848 -5.42521e-05 -0.00611724 -0.00705582 0.00102697 -0.00633294 -0.00463308 -0.00209719 0.00609491 -0.00517103 -0.000814791 -0.00251699 0.00240209 0.00408345 -0.00402965 -0.000104297 -0.00315234 -0.00678296 -0.0035481 -0.00678717 -0.00629042 -0.00197779 -0.00677818 -0.00121067 -0.000341629 -0.00263485 -0.00630654 0.00351136 -0.00197001 -0.00374619 0.00459663 -0.00284726 0.00339713 0.00355219 -0.00331238 0.00469852 0.00239639 -0.00618189 -0.00412442
244115 -0.00398114 0.0010862 -0.00273383 0.00127995 0.000797474 0.00061223 0.00101953 0.00136356 -0.00190461 -0.00356067 -0.00689049 0.00730722 0.00238761 -0.00523983 0.00427027 7.58298e-05 -0.00638363 0.000623766 -0.00531391 0.00698867 0.00363791 0.00278635 0.0031413 0.000950536 0.00667779 0.00360692 -0.000524829 -0.00505314 0.00422267 -0.00626146 -0.00141841 -0.00687584 -0.00105072 -0.00167554 0.00166865 -0.000417993 -0.00201217 0.000692185 -0.00513251 -0.00401364 0.00585959 -0.00502284 -0.00692241 -0.00457922 0.00663966 0.00527163 -0.000568248 0.00561999 0.0052074 -0.00561736 -0.00662112 -0.00691163 0.00200296 -0.000175505 0.00532954 -0.0059752 0.00249769 -0.00162162 0.00021957 -0.00538497 -0.001752 -0.00706298 0.00283616 -0.00768509
299912 0.00503978 -0.00512444 -0.000110428 0.00135323 0.00155245 0.00527346 0.00478175 -0.00776202 -0.00588764 -0.0042404 0.00738358 -0.00319236 0.00470496 -0.00682621 0.0074617 -0.00573948 0.0043698 0.00224333 -0.00515259 -0.00279353 -0.00476677 -0.00355347 -0.00360544 -0.00109941 -0.00174336 0.00745126 0.00610869 -0.000761682 -0.00695064 -0.00403541 -0.0029551 0.00404803 0.00445455 0.00507708 0.00285489 -0.00398942 -0.00773775 -0.00488032 -0.00136779 -0.00769464 0.00362371 0.00371166 0.00673167 -0.00180649 -0.00528573 -0.00200195 0.000988384 0.0027487 0.000413608 4.11822e-05 0.00388445 -0.000524181 -0.00494207 -0.00644767 -0.00337926 0.00479863 -0.000728474 0.00496815 0.00517034 -0.00563473 -0.00566559 -0.00761166 -0.00149042 -0.00269592
145083 -0.0055134 -0.00242624 -0.00629823 0.00145751 -0.00282359 0.00703202 0.00248708 0.00366496 0.00426153 -0.00630149 -0.00345139 -0.000606736 0.00569449 0.00632018 -0.00487109 -0.00502331 -0.00558347 -0.00359147 -0.00247208 -0.00652312 -0.00293376 0.00149427 0.006492 0.00629616 0.00269022 -0.00184184 0.00460738 -0.00574235 0.00747039 -0.00313484 0.00463213 -0.00652458 -0.00444946 0.00517914 0.00574213 0.00218528 -0.00392733 -0.00662725 0.00662261 -0.00766381 0.0045874 0.00480158 0.00137517 -0.00206013 0.00360792 -0.00187777 0.000635661 0.00276058 -0.00519288 0.00131721 0.00302315 0.00130981 -0.00353242 -0.007197 0.00628241 0.00334901 -0.00292069 -0.00469941 -0.000693111 -0.00489896 0.00589901 0.00173277 -0.00740011 0.00362367
90908 0.00406634 -0.000401485 -0.00230385 -0.00429302 -0.000471479 -0.00611491 -0.00288161 -0.00774859 0.00478776 -0.000715405 0.00221461 0.00447623 0.000770321 -0.00593758 -0.00738104 0.000760075 0.00169365 -0.0048855 0.00420912 -0.00401392 0.00353092 -0.00367331 0.00329191 0.00118594 -0.005772 0.00643463 0.00323808 0.0063704 -0.00603236 -0.00678266 -0.0021336 -0.00276165 -0.00747778 0.000915777 -0.00587107 -0.00716446 0.00186872 -0.00471082 0.00210829 -0.00425246 -0.00320562 0.00352912 -0.00100407 -0.00412832 -0.00660767 -0.00722673 0.00430506 0.000342972 0.00674319 0.00646116 0.00388957 -0.00538913 -0.00320022 0.00328634 8.22405e-06 -0.00497846 -0.00254626 -0.0040968 0.00264586 0.00375695 0.00683623 -0.00186594 0.00460994 -0.0038534
304927 0.00328774 -0.000585694 0.00746369 0.00183612 -0.00288544 -0.00679477 -0.000856579 0.000550617 -0.00452522 -0.00176695 -0.00464578 -0.00653392 -0.00702845 0.00219545 0.00188254 0.00252127 -0.00646098 0.00275889 -0.00719768 -0.00312099 0.00115073 -0.00163392 -0.00471982 0.000950812 0.0019784 -0.00752428 0.00258257 0.0073624 0.000698601 0.00564548 -0.00761893 -0.00362775 -0.00780756 0.00245347 0.00660838 -0.00265578 -0.00574113 -0.00715743 0.0076277 -0.00578333 0.00733413 -0.00285234 -0.0018738 0.000659466 -0.00532111 -0.00741343 -0.00573779 -0.00190531 -0.000239669 4.3652e-05 -0.00376284 -0.000721939 -0.00582506 0.00709498 -0.00155897 -0.00666024 -0.00555684 -0.00537505 -0.00391087 0.00372244 -0.00576569 -0.00168657 -0.000828902 -0.000944081
23340 0.000607827 0.00321695 -0.00483149 -0.00154897 0.00190048 -0.00704315 -0.00391546 0.000843879 -0.000579082 -0.000356219 0.00197717 0.00269473 -0.0066981 0.00607706 0.0014187 -0.00113728 -0.00769723 -8.60249e-06 -0.00391021 -0.00362975 -0.00011999 0.00154637 -0.000765097 -0.000883898 0.000227428 0.00262169 -0.00483604 -0.00751446 0.00531384 -0.000404611 -0.0040766 -0.00468108 -0.000918102 -0.00362505 -0.00428785 0.00607528 -0.00312415 0.00160892 0.00647376 0.00305581 -0.00704198 0.00663474 0.00506538 -0.00206089 -0.00119777 0.000292364 0.00769911 0.00633533 0.00775814 0.0059174 -0.00681779 -0.00435881 -0.00517808 -0.00547775 -0.00153764 0.00353673 0.00520035 0.00236868 -0.000356391 0.00201469 0.00463605 -0.00493248 -0.00399536 -0.00284959
218826 -0.00322509 -0.00629967 0.00319335 0.00318431 0.00237136 0.00480799 -0.00148042 0.00445334 0.000748587 0.00487497 -0.00682134 -0.00195979 0.00491315 0.00463631 -0.00691444 -0.00385783 -0.00339502 0.00679761 0.00758123 0.00228923 0.00193326 0.00781781 -0.00739459 -0.00268585 0.00241295 -0.00290551 -0.00288473 -0.00409183 -0.00654436 -0.00457333 -0.00714463 0.00638709 -0.00557559 -0.00717509 7.88091e-05 0.00151617 -0.00571241 -0.00206136 0.00547239 -0.00160991 -0.00372628 -0.00183127 0.00261494 -0.00347353 0.00500512 -0.00478026 -0.00431116 -0.00371528 -0.00556541 -0.00685818 9.91311e-05 0.003362 -0.00312637 -0.00541632 0.00496783 0.00772345 -0.00764035 0.00685039 -0.00574487 -0.00226092 0.00397931 0.00490336 0.00668137 -0.00107313
34309 0.000245683 -0.00723727 0.00372421 -0.00532336 -0.00517479 0.00119795 -0.00618695 -0.000759823 0.00702309 0.0073963 -0.0051859 0.000113821 0.00752148 0.00446438 0.0023083 -0.00690521 -0.00254959 0.00387854 -0.00246035 -0.000845079 0.0016544 -0.00463514 0.00762538 0.00492324 -0.0015394 0.00654394 0.00111017 -0.00266341 0.0053115 0.00576016 0.00654296 0.00286872 -0.00157225 -0.00590606 0.00351296 0.00519415 -0.00544545 -0.00270078 0.00363407 -0.0045183 0.00539957 -0.00749098 -0.00280759 -0.00251788 0.00476891 -0.00418612 -0.00466255 -0.00601058 -0.00643845 0.00119178 -0.00111805 0.00304588 0.00650611 -0.00258529 -0.000612595 -0.00429738 0.00452976 0.00350287 -0.000128756 -0.00221145 -0.0026021 0.00517115 0.00388891 0.00487439
321380 -0.00384003 -0.00123412 -0.00766587 0.00621395 -0.000946509 -0.00626516 -0.00739116 -0.00344564 0.00230663 -0.00710252 -0.00630342 0.00607648 0.00419494 0.00455431 -0.000294028 -0.00388775 -0.00640213 -0.00445954 0.00647098 -0.0051507 0.00117342 -0.00262876 0.00608556 -0.00776609 0.00177075 0.00683988 0.0074933 -0.000297054 -0.00473685 0.00405956 0.00577113 -0.00303664 -0.00774221 -0.0053961 -0.0023303 -0.00031289 -0.00215629 0.00738279 0.007707 0.00173283 0.000458689 0.00269509 0.00290521 -0.0059552 -0.00274897 -0.0029537 0.00465127 0.00198168 5.50971e-05 -0.000954516 -0.00516229 -0.00134968 0.00624285 0.000965716 0.00217976 -0.00358832 0.00425571 -0.0043932 -0.00258363 0.00129317 -0.0021842 -0.00319747 -0.000712315 -0.007843
61742 -0.00700512 0.00223024 0.00365126 0.00076641 -0.00436954 0.00176875 -0.00216299 -7.40103e-05 -0.0058505 0.00177072 1.02383e-05 0.0052487 0.00599189 -0.00411876 -0.00493757 0.003826 0.0072027 -0.00617204 0.00452338 0.00505933 -0.00514805 0.0077159 0.00465497 -0.00011116 0.00229638 -0.00262101 -0.0066029 -0.00175724 0.00352194 0.00289314 -0.00173381 -0.00672438 -0.00378973 -0.00324685 -0.00231878 0.00653566 -0.00341043 -0.00326464 0.00113503 0.0011214 0.00073924 0.00275015 -0.00520449 0.00293958 0.0051734 0.00164865 -0.00175383 -0.000709928 0.000930077 -0.00511702 0.00118235 0.00202684 0.00224969 -0.00479815 -0.00521335 -0.000293854 -0.00668254 -0.00578628 0.00694815 -0.000433393 -0.0053594 0.00398357 -0.0033069 -0.00732632
33990 0.00707909 0.00160084 0.00197535 -0.00398988 0.00440392 0.00566376 0.00459229 0.00497716 -0.00205964 0.00405662 0.000570267 -0.00517159 0.00039205 -0.00702873 0.00593439 0.00708107 0.00573446 0.00294449 0.000927349 0.00648161 0.000545312 -0.00300265 -0.00359179 -0.00177265 -0.00220063 0.000990574 0.00612652 -0.00393338 3.01892e-06 0.00689351 -0.000333512 0.0039953 0.00695791 -0.0050925 -0.00479161 -0.00734428 0.00660969 0.00432834 0.00630626 0.00103603 0.00208725 0.00566047 0.00263315 0.00178221 -0.00342714 0.00461316 0.00532404 0.004145 0.00664507 0.00470419 0.00760525 0.00151317 -0.00725499 -0.00628924 -0.00232843 0.00317561 -0.00327995 0.00264924 -0.0063097 0.0073705 0.000849805 -0.00371718 -0.00771595 -0.000848785
127677 7.59521e-05 0.00305959 0.00637107 0.00183613 0.0059917 -0.00652452 9.96145e-05 -0.000345196 0.0055176 -0.00673582 0.00553752 -0.00462437 -0.00170688 0.00249808 -0.00492409 0.00440609 -0.00417507 0.00375309 -0.0028209 -0.000808467 -0.00309992 0.00615047 -0.00203421 -0.00348975 -0.00606582 0.00134158 0.00705733 0.00386053 -0.00625595 -0.00255644 0.00211765 0.00242806 -0.00203908 0.007045 0.00535273 -0.00476787 0.00472781 -0.0012859 0.00659551 0.00109334 -0.00760081 0.00100844 0.00148439 0.00726151 -0.00596702 -0.00693778 0.000507022 -0.00437496 0.00420425 0.00535239 -0.00402092 -0.00664882 -0.000581259 0.00216375 -0.00775426 -0.00329552 0.000595204 0.000665662 -0.00670815 0.000333806 0.00589162 -0.00201107 0.00546941 -0.0034775
152800 0.00395045 0.00498112 -0.00327067 0.00466234 0.00460941 -0.00758551 -0.00481691 -0.00475889 0.00100484 0.00197498 0.00178683 0.00414933 0.00289569 0.0077213 -0.00422721 0.00231074 0.00745054 0.000452447 0.0025304 0.00679649 0.0017776 0.0056726 0.00238969 -0.003663 0.00404754 0.00570264 -0.0033569 -0.00650565 0.00158898 -0.00512741 0.0056502 0.000800424 -0.00275932 -0.00364228 0.00419399 -0.00316468 0.00676944 0.00327878 -0.00687393 -0.00692029 -0.00111658 0.00188358 0.00543792 -0.00293035 -0.0032482 -0.00675809 -0.002611 0.00751061 0.00412207 -0.00277462 0.002958 -0.00293658 0.00503535 0.00289006 -0.00099663 -0.00653074 -0.0012566 0.00715764 0.00227847 -0.00675678 0.00706401 -0.0058053 0.00114082 -0.00684015
236909 -0.00413847 -0.0021081 0.00777912 -0.0014081 -0.00359631 0.00631714 -0.00745106 -0.00468397 0.00763988 -0.00761223 -0.000531673 -0.00531054 -0.00606632 -0.000334263 0.00209475 -0.000542641 0.000241756 0.00512791 0.00263786 -0.00208998 -0.00615644 0.00508022 -0.00492096 0.00717831 0.00243521 -0.00235653 -0.00118685 0.00699997 0.00121117 -0.00390387 0.00217485 0.00370789 -0.00623655 -0.00358868 0.00676394 0.00323963 0.0050621 0.00200891 -0.00370073 -0.00769806 -0.00616407 -0.00217581 0.00529623 0.00336123 -0.00362873 -0.00766468 0.00192547 0.00321579 -0.00657845 0.00401831 -0.00528669 -0.00667381 -0.000256062 0.00150967 -0.000678062 -0.000842094 -0.00703859 0.00205994 -0.00617504 -0.00703955 -0.00623894 -0.00618792 -0.00129366 0.00536013
113958 -0.0077467 -0.00413418 0.00375462 0.00145054 0.00125313 -0.000218868 0.00307846 -0.00450134 -0.00618982 -0.00288916 0.00104189 -0.004426 0.00574255 -0.00713587 0.000344276 0.00223112 0.00426197 0.00636721 0.00691748 -0.0037117 0.00655746 0.00629711 0.000366211 -0.000784397 0.00255775 0.000102997 -0.00162506 0.000553131 -0.00613213 0.00584698 0.00755644 0.00773811 -3.71933e-05 0.00166845 0.00478935 -0.00285769 -0.000102997 0.0027895 0.00714588 0.00607634 0.00435352 0.00188684 -0.000542641 0.003932 0.00754786 0.000867367 -0.00362921 0.000970364 -0.00181818 -0.00511742 -0.007689 0.00168037 -0.00229073 -0.00401449 -0.00191355 -0.0044179 -0.00738382 0.00414515 -0.00432491 -0.00133801 -0.00539875 -0.00260735 -0.00570202 -0.00544357
322329 0.00159915 0.00509279 0.00370499 0.00740805 -0.000192908 -0.0077979 -0.00160996 -0.000678305 -0.00167142 -0.00601743 0.00106882 -0.00389223 0.00242659 -0.00599673 0.000258666 -0.00636298 -0.00519282 0.000590071 0.00111221 0.00196099 0.00300589 0.00327156 0.00361363 -0.00250756 -0.00564163 -0.00323046 0.00361752 0.000605719 0.00417261 0.00543793 -0.0017751 0.0017955 0.00481208 -0.00119993 -0.00225921 6.85067e-05 -0.000724329 0.00538724 -0.00656115 0.00278873 0.00281854 0.00367468 -0.00573066 -0.000192983 0.00616434 0.00600945 0.00223421 -0.0045255 0.00543085 -0.00643852 -0.00676877 0.0027227 0.00491145 0.00763922 -0.00769372 0.00389514 -0.000572136 -0.00671776 -0.00340557 0.00162087 -0.000972956 -0.00196962 0.00740573 -0.0074159
244059 -0.00665365 -0.00735342 0.00319112 0.00290478 -0.00384466 -0.00481533 0.00474676 0.00249497 0.00530588 1.21833e-06 0.00202651 -0.00658558 0.00274656 0.00189874 0.00375102 -0.00423027 0.00185731 0.00772919 -0.00550643 0.00716028 0.00100217 -0.00219592 -0.0021206 0.00354378 0.00684752 -0.00517424 -0.0006634 -0.00544999 0.00204322 -0.00047047 0.0054304 -0.00188172 0.00512854 -0.00210771 -0.00709883 -0.00549776 0.00341607 0.00185698 -0.00671321 0.00548466 0.000658984 0.000544553 0.00387144 -0.000174084 0.00703377 0.0027518 0.00188474 0.00487529 -0.00559989 0.000410609 0.00285967 0.000418007 0.00398033 0.00308526 0.002517 0.00612901 0.00726527 0.00398047 -0.0068976 0.000981991 0.00432954 -0.00342109 0.0028195 -0.00772211
250697 0.00725436 -0.00397747 0.00562349 -0.00222492 0.00228187 -0.00318188 -0.00611976 -0.00709564 0.00662203 -0.00700268 -0.00157383 -0.00748178 0.00205035 0.00766111 0.00493835 0.00722092 0.000753948 -0.0070971 0.00412541 -0.00356438 -0.00511636 -0.000500184 -0.000210278 -0.00450411 -0.00126097 -0.00637733 -0.00618536 -0.00678352 -0.00348517 0.00074764 0.00567383 0.00127518 0.00550197 0.00125095 0.00539777 0.00202578 0.00471662 0.00765795 0.00565077 -0.00184566 0.00154365 -0.00223525 0.00330835 0.00509528 0.00161548 -0.00616397 0.00116208 -0.00736824 -0.00103107 -0.00766543 0.00305177 0.00661128 0.00103624 0.00367555 -0.00554556 0.0077689 0.00218432 0.000456645 0.00523416 0.00363417 -5.88335e-06 0.00165119 6.80378e-05 -0.0058653
206329 -0.0028019 -0.00202274 0.00654316 -0.00591469 0.00662327 -0.00693512 0.00769854 -0.00252581 0.00208044 0.00552082 -0.00726223 0.00618315 0.00345087 -0.00546026 0.00573444 0.00321007 0.00583076 0.00724125 -0.00768995 -0.0067997 0.00241518 -0.00543499 0.00249624 0.00619173 -0.000944138 0.0002985 0.00318861 -0.000356674 0.00436831 -0.00184631 -0.0010829 -0.00775528 0.0027256 0.00334215 -0.00439501 0.00519085 0.00338602 -0.000813007 0.00604534 0.00379372 0.00121737 -0.00726938 0.0067606 -0.00676489 0.00477123 0.00549603 -0.00189209 -0.00741291 -0.00159216 0.00085783 -0.000837326 -0.00596714 -0.00576591 0.00731039 0.00424623 0.00640249 -0.00631618 0.00159073 -0.00174141 -0.00690651 -0.00113583 -0.00156403 -0.00482607 0.00661182
186494 0.0028708 0.00470622 -0.00626494 0.00160882 0.00551891 0.00328707 0.00227636 0.00408755 -0.000874789 -0.000169473 -0.00483464 -0.00750193 0.0023212 0.000448387 0.000273143 -0.00205707 -0.00754775 0.000289895 0.00743474 -0.00233797 0.00240496 -0.00740951 0.00691698 -0.00192594 -0.00224127 -0.00135589 0.00438473 -0.00660567 0.00338585 0.00429433 -0.00702432 0.00679965 0.00141278 0.00644332 -0.00567504 -0.00571944 0.00747069 0.00756222 -0.00649069 0.00643875 0.0034024 0.00629667 0.00487218 -0.00341285 -0.00769499 -0.00635069 -0.00147747 -0.000616073 -0.00469493 0.00294471 0.00436953 0.0057366 0.00538967 0.00403145 -0.00234082 0.00753293 -0.000952989 0.00284759 0.00781923 0.00752471 0.00611496 -0.00443842 0.00769629 -0.00100979
83591 -0.00621233 -0.00107454 -0.00597229 0.00696355 0.00309246 -0.00779615 0.00387813 -0.00712122 -0.00244352 -0.00710744 -0.00750312 -0.00446762 0.0017513 -0.00700711 0.0060591 -0.00207023 0.00617507 0.00759209 -0.00378571 0.00201028 -0.00309419 -0.00464295 0.00619208 0.00398723 -0.00737041 -0.00420844 -0.00201948 -0.00687408 -0.00526885 -0.00734003 0.00342467 -0.00526791 -0.00163629 0.00507557 -0.00686344 -0.00128628 0.00151999 -0.0064207 0.00610617 -0.00217812 0.00383811 0.00456098 -0.00384138 -0.00728036 -0.00530716 7.33988e-05 0.00042766 -2.19863e-07 0.000177273 -0.00110273 -0.00729776 -0.00112016 0.00141284 0.00744979 -0.00480572 -0.00680493 -0.00346789 0.00745009 -0.000854247 -0.00081599 0.00335679 -0.00607059 0.00240542 -0.00467917
214850 -0.00596409 0.00250203 -0.00481446 0.00418826 -0.00434545 -0.0052242 -0.000162663 -0.00145039 0.00485444 -0.00620183 -0.00507202 0.0045873 -0.00288842 -0.00550234 0.00164154 0.00175113 0.00674062 -0.00573351 0.0069518 0.00640486 -0.00401847 -0.0031216 0.00124892 0.0020262 0.00487199 0.00675953 0.00775544 -0.00595794 0.00306869 0.00705143 0.00676866 0.00741447 -0.00180631 0.00149506 0.00721291 -0.00682664 -0.00640882 0.00391398 -0.00406621 -0.00676488 0.00621182 -0.00718431 0.00256992 -0.00163394 0.00335883 -0.00361817 -0.00598203 0.0047214 3.45335e-05 -0.00311217 -0.00700435 0.000866959 0.0040782 0.00755907 -0.0061173 0.000107635 0.00343185 -0.00470761 -0.00767007 0.00621838 -0.00427972 0.0020926 -0.00122389 -0.00383088
280433 0.00436906 -0.00180154 -0.00720892 -0.00460255 0.00294157 0.00700588 0.000906508 0.00113245 0.00515727 0.00393059 0.00493436 0.00124169 0.00718341 0.00388663 0.00450733 0.000210815 -0.00714655 -0.00421332 0.00205738 0.00308207 0.00180647 -0.00106799 0.000876376 -0.00627323 0.00100223 0.00749773 0.00302177 -0.00080991 -0.00172863 0.00532957 0.00310485 -0.00539993 -0.00235104 0.0057904 -0.00309894 0.00706837 -0.000478077 -0.000631689 0.00105368 1.89098e-05 0.00634288 -0.000345496 0.00696547 0.00682531 0.00188803 -0.00690662 -0.00708485 0.000504294 0.00540127 -0.00277939 -0.00510686 7.57171e-05 -0.00400938 0.00233229 -0.00141847 -0.00539607 -0.002054 0.000822318 -0.0005247 -0.00349179 -0.00396792 0.00526218 -0.00705975 -0.00575832
288043 0.0019681 0.00777102 0.00580665 0.00607826 0.00560406 0.00131713 -0.0058036 0.00424668 0.00598507 0.00102325 0.00141519 0.00608415 -0.0039996 -0.00353794 -0.00685526 0.00758899 0.00238615 -0.00692394 -0.00147913 0.00776741 -0.00696578 -0.00444209 0.00598245 0.00415062 0.00221099 -0.00281114 0.00752482 0.00372725 0.00505972 -4.06964e-05 -1.17735e-05 0.00772766 0.0014321 0.0046401 -0.00689851 -0.000608005 -0.00392458 -0.0045464 0.00482657 0.00224282 0.00780566 -0.000888726 7.23855e-05 0.00343525 -0.00259866 -0.00696687 0.00307654 -0.00235435 0.00313312 -0.0075417 -0.00392454 -0.00730078 -0.00116708 -0.00267625 0.00632594 -0.00211709 -0.00249098 0.0039419 -0.00626497 -0.00736942 -0.00607222 -0.00350429 0.00438554 0.00593022
224696 0.0032283 -0.00159184 -0.0014003 0.00701318 0.00781119 0.00496084 0.00619339 0.00350153 0.00706555 0.00212638 0.00245708 0.000631623 -0.00201084 0.00243859 0.000760493 -0.000939968 0.00279925 0.0058779 0.00564805 -0.00285841 0.00313866 0.0041388 -0.00590077 0.00355105 0.00630346 -0.00117501 0.00625079 -0.00492605 -0.00666916 -0.00421561 -0.00242749 -0.00344777 0.00624353 -0.00747137 0.00294956 -0.000364754 -0.000906682 -0.000211971 -0.00155887 0.00725088 0.0064776 0.00416186 -0.00401418 -0.00284507 0.00469318 0.00676917 0.00672216 -0.00131035 0.00387956 -0.00145923 0.00175636 -0.00165744 -0.00470889 0.00619274 0.00631583 0.00750245 -0.00416534 -0.00777714 0.00287476 -0.00633166 0.00215985 -0.00780725 -0.00212151 -0.00745255
216479 0.000987951 0.00763544 0.00586364 -0.00766374 0.00591761 0.00607849 -0.00707021 0.00243731 0.000263896 0.000609605 0.00269763 0.00555599 -0.00715885 -0.00269429 0.00588261 0.00449369 0.000714205 -0.000626103 -0.00642061 0.00260228 -0.00477402 0.00301587 -0.00254262 0.00127304 0.00322135 -0.00393267 0.00741661 -0.000280213 0.00333996 0.0052994 0.0036482 -0.00318464 0.00113471 0.00299601 -0.00540038 -0.00194565 0.000968373 -0.00337255 -0.0035552 -0.000969463 0.00600902 0.0044641 0.00105235 0.00477989 -0.000369882 0.00584375 -0.00591581 -0.00160413 -0.0053474 -0.00771212 -0.00617439 -0.00249719 0.00709199 0.00343147 -0.00436753 -0.00231785 -0.00528718 -0.00767867 4.50248e-05 0.00663509 -0.00534902 0.000926938 -0.00707943 0.00155782
324111 -0.00390434 0.0023098 0.00736904 -0.00434732 0.00383806 0.000524044 -0.00377321 -0.00324106 0.00109816 -0.00190353 0.00439835 0.00225687 -0.000680923 -0.0045948 -0.00535679 -0.00090313 -0.00532007 -0.0064044 0.00289917 0.000515461 0.00270081 -0.00593281 -0.00650978 -0.00100231 0.00638914 -0.00390148 -0.0042038 0.00502777 0.00494766 0.00188875 0.00236893 0.0051136 -0.00152063 -0.000769615 0.00690937 -0.00709152 0.001966 -0.00641441 0.00583792 0.000664711 0.00208092 -0.00270653 -0.00187731 0.00358057 -0.00301552 0.000793457 -0.00539637 -0.000710011 0.00141668 0.00547028 -0.00665522 -0.0055747 0.000981331 0.00238895 -0.00524426 -0.00262499 0.00356531 0.00776005 -0.00260735 -0.00083065 -9.15527e-05 -0.0074563 0.00129938 -0.00525618
174778 -0.00313098 0.00455408 0.00671124 -0.00474203 -0.00192964 0.00775555 0.00352715 0.00562298 0.00128655 0.00339478 0.00231063 -0.00418175 -0.0028575 0.00356474 -0.00745974 -0.00291683 0.00710974 0.000405148 0.00372141 0.00694916 0.00432713 0.0024589 -0.00119745 0.0059578 0.00574665 -0.00173804 -0.00466043 0.00624444 0.00728036 -0.00178737 0.00175051 -0.00522201 0.00290695 -0.000794229 -0.00786034 0.00567385 -0.00558554 0.00620186 -0.00585149 -0.00389654 -0.00151342 0.00365759 -0.0065139 -0.00499643 0.00387658 -0.00556846 -0.00171649 -0.00399799 -0.00429632 -0.000787387 -0.00225504 0.000658613 -0.000992771 -0.00671601 0.000683016 -0.0036393 -0.00719288 0.00244053 -0.000721662 -0.00595964 0.00745467 0.0066587 -0.00444938 0.00363896
324470 0.00413685 -0.00305723 -0.000695808 -0.00670763 -0.00728468 -0.00756329 -0.00586422 -0.00662062 0.000670343 0.00229474 -0.00123561 -0.0010021 0.00509252 0.00489564 0.00151638 0.00499887 0.00539843 -0.00712652 0.00525592 -0.00164969 0.00216484 -0.00123237 0.00658936 -0.00749064 -0.000955913 -0.0058786 0.00655631 0.00628891 -0.0041527 -0.000974256 0.00157223 -0.00626264 -0.00441896 -0.0026752 0.00472785 0.00316517 -0.00580646 -0.00483624 -0.000429598 -0.00725812 0.00658717 0.00519553 0.00141875 0.00337358 0.00389 -0.00259116 0.00321948 0.00687567 0.00354664 0.00513895 -0.00317441 0.00465169 -0.000794769 0.00521286 0.00267395 -0.00764667 0.00329936 -0.0045865 0.00231696 0.00594528 -0.00117244 -0.00273515 0.0029779 0.00547158
290607 -0.00487893 0.00140028 0.00425398 -0.000367637 -0.000350158 0.00523133 0.00230783 -0.00512283 0.00671437 0.0039319 0.00401635 0.00116192 0.0028589 0.00621686 -1.89905e-05 0.00569872 -0.00386206 -0.00132894 -0.00662516 0.00617669 0.00629491 -0.00739176 0.00208162 -0.000730737 0.00751745 -0.00132616 0.00638762 0.000476598 -0.00474424 0.00117845 -0.00589096 0.00644411 -0.00325197 -0.0040358 -0.00289575 0.00708921 -0.00629088 0.00727839 0.00539522 0.00582604 -0.00120279 0.0072176 -0.00316815 -0.0014222 0.00408841 -0.00321939 -0.000395448 -0.00480081 -0.0036098 0.00013933 0.00365812 0.00263091 0.00777707 -0.00296653 -0.00222469 0.00638401 0.00533534 -0.00231047 -0.00483826 -0.00509245 -0.00515644 0.0042925 -0.00375915 0.000854589
324479 0.00174595 0.000658674 0.00150062 0.00070039 0.0073965 -0.00480567 0.00751855 0.0058069 0.00355231 -0.00604157 0.00484275 -0.000528354 -0.00643931 0.00628922 0.00551529 0.00571356 -0.00629274 0.00637567 -0.00706651 0.00704207 0.00322623 0.00139223 -0.00595973 -0.0034846 -0.00229404 0.00343479 -0.00470674 0.00739383 0.00676457 -0.00618746 -0.00508178 -0.00167518 0.00318431 0.00516218 -0.00771493 -8.80141e-05 -0.00684338 0.00333133 0.00279791 -0.00409449 0.00220039 0.00712274 -0.00611964 0.00509801 0.00368214 0.00318881 0.00106602 -0.0051519 0.000295274 0.000193655 -0.00760213 -0.00145319 0.00734191 -0.00212252 0.00647541 0.00485114 -0.00718533 -0.00306007 0.0056235 0.00694238 -0.00722775 -0.00269518 0.00266958 -0.00184807
146844 0.00133961 0.000843393 -0.00557773 0.0062835 -0.00336161 -0.00274103 -0.00306388 -0.00163527 -0.00125205 -0.00282142 -0.00415344 -0.00116431 0.00381403 -0.00373121 -0.00341814 0.00364575 0.00460568 -0.00310286 0.00539381 0.000977324 0.0029656 0.00349724 -0.000868006 -0.00628259 0.00642278 0.00776792 -0.00277 0.00669592 -0.00758481 0.0050079 -0.00379476 0.00509137 0.0039009 -0.00402363 0.00526069 0.0032285 0.000583017 -0.00128981 0.00647876 -0.0061662 0.00471884 -0.00555697 -0.00103799 -0.00725519 -0.00588416 0.00377718 -0.00214858 0.000528092 0.00231168 -0.00217211 0.00740746 0.00424857 0.00384239 -0.00219503 -0.0055371 -0.00673134 -0.00126203 0.004236 0.00692298 0.00201382 -0.0022721 0.000585517 -0.00515967 -0.00203625
284403 -0.00543727 0.000428191 -0.00582088 0.00290744 0.00272904 0.00743993 -0.0030151 -0.00040782 0.00760856 -0.000724514 -0.00497447 -0.00351379 0.0055082 0.00622234 0.00637344 0.00595031 -0.00360545 0.00564259 -0.00694385 -0.00403199 0.00763411 0.000719385 -0.00520029 -0.00769731 0.00013236 0.00321036 -0.00304159 0.00133979 0.000329271 -0.00723989 -0.00215287 -0.00777773 -0.00434908 -0.00584914 -0.00345511 -0.00049771 0.000494255 0.0011627 0.00753254 0.00701497 0.00225951 -0.00207114 -0.00513332 0.00162052 0.0059168 -0.00652627 0.00353808 -0.000914788 -0.00275805 -0.00663429 0.00719758 -0.00754658 -0.00431674 -0.00526649 -0.00202113 0.000489445 0.00126334 0.00721993 -0.00450706 -0.00499933 0.00698073 -0.000666679 8.39417e-05 -0.00695566
215408 0.00555468 0.00553274 0.00422239 0.000370026 0.00636816 -0.00179195 -0.00510788 -0.00270081 0.00644827 -0.00630665 -0.00295687 -0.00263357 -0.00601435 -0.00406837 -0.00225592 -0.00438261 0.00687838 -0.00217724 0.0042944 0.00767899 -0.00404882 0.00268364 -0.00242519 0.00172424 0.000152111 0.00478172 0.00280237 0.00216103 -0.00737619 0.000725746 0.00766277 -0.00458336 -0.00128984 0.00192308 -0.00312805 -0.00525331 0.00104427 -0.00512028 0.00501347 0.0038166 -0.00158119 0.00706387 0.00357723 0.00161886 -0.000812531 0.00635862 -0.00720024 0.000964165 0.00341415 -0.00506496 0.00485039 0.00623608 0.0045166 -0.00565958 -0.00165272 0.000778198 0.00211334 0.00136995 0.006989 -0.00728035 -0.00566864 0.00214529 0.00666666 -0.000380993
314261 0.00378339 -0.000977723 0.0045082 0.000753213 -0.0039249 -0.00324659 0.00148952 0.00283334 -0.00511034 -0.00264116 0.00429414 -0.00134422 0.00363434 -0.00446395 0.00392055 -0.00534234 0.00360565 -0.00682599 0.00149473 -0.00276785 0.00140539 -0.00450904 0.000640699 -0.00781525 0.00425007 0.00405393 -0.000402465 -0.0034096 0.0017643 0.00244465 -0.00555661 -0.00425729 -0.00576186 -0.00183929 -0.002129 0.00265838 0.00234722 0.00314791 0.00567049 0.00729431 0.00467562 0.00370189 -0.00768335 0.00161779 0.00446178 0.00618589 -0.0051944 -0.00700813 -1.24892e-06 0.0028701 0.00580505 0.00270038 -0.00264031 -0.00542332 0.000442655 0.00741911 -0.00492663 0.005465 0.00671358 -0.00563164 0.00398786 -0.00577027 -0.00493246 -0.00527497
325598 -0.0022653 0.00257836 -0.00169332 -0.00180023 -0.000698511 0.00690004 0.00380606 0.00406905 -0.00361946 0.00390669 -0.00429322 0.00532805 -0.00153578 -0.00382296 0.00323246 0.00185155 -0.00703662 0.00406124 0.00159941 -0.00422741 0.00268369 0.0045425 0.00495757 0.00451147 0.00223005 0.000256326 -0.00446541 -0.00456262 0.00542774 -0.00511367 -0.00290925 -0.00236552 0.00241639 0.000842518 -0.000958111 -0.00197541 -0.00309584 -0.0054575 -0.0070733 0.00133147 -0.00669868 -0.00693188 -0.00126176 0.00252542 -0.00250765 -0.0044455 -0.000182652 0.00123461 0.00534755 -0.0058508 0.00745486 -0.00629043 -0.00412876 0.00109079 0.00133491 -0.00557105 -0.00239632 -0.000456891 -0.00098055 0.00679159 -0.00581195 -0.00010463 0.000312429 -0.00523086
203533 0.00374804 -0.000974045 -0.00306927 -0.00516364 0.00469069 -0.00675248 -0.00286651 -0.00324734 -0.00526881 -0.00109993 0.00494495 -0.00109761 -0.00264375 -0.00339207 -0.00221984 -0.007772 0.00510971 0.00319684 -0.00163753 -0.00422613 0.00191706 0.000262817 0.00364982 -0.00677503 0.00766233 0.000692395 0.00677587 0.00170735 0.00483913 -0.00163689 3.37507e-05 -0.00217557 0.00447688 0.00436268 0.00769344 -0.00547801 0.000416831 -0.0075907 0.00477299 -0.00652695 0.00711899 0.00376891 0.00562983 -0.00221509 -0.0068111 0.000850862 0.00581284 -0.00313025 -0.0013835 0.000294641 -0.000370931 -0.00119436 -0.00163113 -0.00380588 0.00588202 0.00657846 0.00342756 0.00231726 -0.00388523 -0.00208252 -0.00657991 0.00424774 0.00286153 -0.00758723
283532 -0.000860512 -0.00543692 0.00374313 0.00052137 -0.00723559 0.00643393 -3.61551e-05 -4.61083e-05 -0.00241782 0.00712053 -0.00453943 -8.94782e-06 -0.00446256 0.00353197 -0.00284335 -0.00428928 -0.000322034 0.00275474 -0.00682462 -0.00272314 -0.00648353 -0.0077445 -0.00238907 -0.00109332 -0.00520571 0.00464787 -0.00532377 -0.004973 -0.00658632 -0.005915 -0.00459191 0.000810107 0.00506924 -0.00454003 0.00766349 -0.0018338 0.00543247 -0.00346633 -0.00657288 -0.00113818 0.00286489 -0.00580086 0.00372288 0.00400463 -0.0014058 -0.00643677 0.00307464 0.00590498 -0.00189579 -0.00185093 -0.0045403 -0.0013766 -0.004744 0.00120757 -0.00462215 0.00235915 -0.00132472 -0.00632899 0.00230386 0.00590119 0.00681929 0.000420303 0.00670199 0.00379131
58674 0.000155836 0.00326529 -0.00131566 0.00166664 -0.000912628 -0.00440899 0.00737636 -0.00627806 0.00461021 -0.00142506 0.000782952 0.00586551 -0.00385642 0.000261548 0.00344966 0.00314927 0.00673942 0.00694572 -0.00478586 -0.00753024 -0.0047988 -0.00203143 -0.00438819 0.00757585 -0.00735162 0.00374734 0.00673668 -0.00601485 0.00360574 0.00254133 -0.00112854 0.00322614 0.000908651 -0.000225648 0.00629213 0.00709787 -0.00361435 -0.00104353 -0.00322833 -0.00634745 0.00762507 -0.0070739 0.00721134 -0.00113749 -0.00269639 -0.000139928 0.00512994 -0.00031689 -0.00132246 0.00386553 0.000232429 -0.00293521 0.000464685 -0.00158866 0.00607699 -0.00500013 -0.00722342 -0.00762728 -0.00145512 -0.00140065 0.000344933 0.00475967 0.00782841 0.00616387
326029 -0.000256538 -9.15527e-05 0.000769138 -0.00756073 0.0041399 -0.00434637 0.00653028 -0.00264645 -0.00777197 -0.00184298 -6.96182e-05 0.00556374 -0.005301 -0.00657845 -0.00505686 -0.0024972 0.00143528 -0.00349331 0.00605774 -0.00280714 0.00148821 -0.00415993 -0.001297 -0.00262308 0.00690889 -0.00277138 0.00394297 -0.00612688 -0.00254965 0.00497627 0.00243282 -0.00610542 -0.00341654 0.00406456 0.0029254 -0.00410128 -0.0029068 -0.000441074 -0.00157213 -0.00678968 -0.00642157 0.00532055 0.0065608 -0.0010252 -0.0036335 0.0069356 0.00221968 0.00406456 0.00291443 -0.00593138 -0.00404358 0.00612211 0.00434065 -0.00660467 0.00368929 0.0057373 0.00315142 -0.00579071 0.00490713 -0.00143814 -0.00519323 -0.00528002 -0.00565195 -9.05991e-06
180508 -0.00143272 -0.0013523 0.00557083 0.00620944 -0.00345831 0.0026034 -0.00733205 0.00638018 0.00692219 0.00705495 -0.00465854 -0.00346607 -0.00585066 -0.00246845 0.004962 0.000866253 -0.00170337 0.00703581 0.00358488 0.00366015 -0.0012475 0.00320589 -9.74677e-05 0.00104236 0.00398088 -0.00762941 0.00275807 -0.00235483 0.00746276 0.00608588 0.0061973 0.000816218 0.00458259 0.00272544 0.00498904 -0.00591376 0.00765197 0.00597828 0.00499577 0.00480815 0.00364654 -0.00258704 0.000514328 -0.0023406 -0.00496853 -0.00587925 -0.00759252 0.00604207 0.00573725 0.000533124 0.00349842 -0.00164186 0.00525467 -0.000162373 -0.00690733 0.000820582 -0.00772683 0.00212609 0.00219776 0.00493473 0.00308047 0.00233252 -0.00621806 -0.00624651
262236 0.00517467 0.00562801 0.000852497 0.00593703 0.00382981 0.0045425 -0.000105475 -0.00690334 -0.00623272 0.00317916 -0.00279509 -0.000696486 0.00550592 0.00364073 -0.00368792 -0.00377868 0.00383266 0.00366732 0.00489444 -0.00362633 -0.00294994 -0.00155089 0.000199876 -0.00328378 0.00511663 0.00411854 -0.0042932 0.000543052 -0.00424688 0.00283162 0.00227661 -0.00281027 -0.00176208 -0.00192614 -0.00371088 0.00758845 0.00485972 0.00245249 -0.000102208 -0.00316238 -0.00545951 0.00572488 -0.00470254 -0.00402929 0.000351259 -0.00455107 -0.00289221 0.000309915 -0.00587444 0.000108844 0.00479637 0.00128863 -0.00637413 0.00777646 0.00256633 0.00138969 -0.00685068 -0.00393849 -0.00517264 -0.00662527 -0.000977503 0.00498474 -0.00568774 0.00363121
104742 0.00460486 0.00360559 -0.00217406 -0.00632371 -0.00115507 -0.00254193 0.00763707 9.58956e-05 -0.000638017 0.00345426 -0.00763927 -0.00459395 0.000676634 -0.00497285 0.00217842 0.0056319 0.00117785 0.00627572 0.00362482 -0.00120465 -0.00151066 -0.00102043 -0.00726488 0.00158557 -0.00753265 -0.00722707 -0.00113925 0.00556595 -0.00527291 -9.30538e-05 0.00625645 -0.00466515 0.00558507 0.000235309 -0.000239334 0.00326314 0.00459592 -0.00338872 0.00558521 -0.0076561 -0.00671392 -0.00364817 0.0050616 0.00280621 -0.00408636 0.00585696 -0.00124572 0.00501416 -0.00578116 -0.00683718 0.00518724 0.00328446 -0.00104568 -0.00054839 0.00570494 0.00508022 -0.000377835 -0.00512333 -0.00502152 -0.00575723 -0.00449217 0.00353119 0.00760603 0.00676864
286306 0.00540876 -0.00123262 -0.000135422 -0.00512075 -0.00644016 0.000661373 0.00317717 -0.000363827 -1.71661e-05 0.00140715 0.00659466 0.00539398 0.00622702 -0.00607252 0.00101137 -0.0034852 -0.00314188 -0.0043149 0.00115442 -0.0045433 -0.00252104 -0.00114679 -0.00594997 -0.00623465 0.00286102 0.00456285 0.00489521 -0.00771427 -0.00218534 -0.00574827 -0.00531435 -0.000280857 5.72205e-06 -0.00416708 -0.000735283 0.0027051 -0.000780106 0.00395727 0.00540638 0.0065546 0.00353813 0.00583601 0.00484562 0.00356102 0.00441933 -0.0030942 0.00310946 -0.000731945 -0.00697279 0.0034132 0.00219727 0.000497818 -0.00394487 -0.00378942 -0.000412941 0.0017581 -0.00224733 -0.00590611 0.00698662 -0.00115395 -0.00233793 0.00658703 0.00630903 0.00376177
123090 -0.00751451 0.00514302 0.00261421 -0.0040267 0.00785451 -0.00553268 -0.00268123 0.00317024 -0.00469839 -0.0017464 -0.00459399 -0.00474276 -0.00589083 -0.000756009 -0.00521706 0.00651563 0.00550367 0.00739187 0.00687582 -0.00575727 -0.0038055 -0.000176796 -0.00268403 0.00611266 0.00274888 -4.46617e-05 -0.00136206 -0.00501174 0.00618485 0.0062636 -0.00124538 0.00706635 -0.00616139 -0.00515362 0.00210918 0.00412732 0.00466335 0.00100468 0.00618098 8.13095e-05 0.00563019 0.000286752 -0.00690113 0.00727772 -0.00618096 -0.00526153 -0.00758437 0.00115695 0.00097953 2.68868e-05 0.0012478 -0.0031189 -0.00113894 -0.00403686 0.0047128 0.00462592 -0.00298366 -0.00320986 -0.00386516 0.00636536 0.00282178 -0.000733143 0.00208642 0.00306565
289863 0.00604577 -0.00233233 -0.00633019 0.00682895 0.00632489 -0.00162293 -0.0072248 -0.00181801 -0.00698543 0.00331799 0.00045057 0.00113307 0.00637182 0.00212197 -0.00682352 0.00301695 0.00176571 0.00643613 0.00631917 -0.00475205 0.00457942 -0.00416761 0.00343321 0.000967714 -0.00205878 -0.00655849 0.00392921 -0.00670071 -0.00241545 0.00148164 -0.00494412 0.00612999 0.00754166 2.64781e-05 0.0076771 -0.0023776 -0.00255709 0.00290527 0.00687576 0.00359459 0.00277203 0.000592541 0.00759539 -0.000970449 0.00251157 0.00231526 0.00435124 0.00561959 0.00521387 0.00662807 -0.000340383 0.00444646 -0.00226155 0.00438886 0.00234109 0.00369682 -0.000889308 -0.00124798 -0.00180412 -0.00771801 0.000300775 0.00605135 -0.00110529 0.00499911
327561 -0.000472379 0.00596352 -4.79488e-05 -0.00170902 -0.00649289 -0.00739165 0.000373843 -0.0036049 -0.00723065 0.00216249 -0.0072813 0.00461687 -0.000564778 0.00130087 -0.00182946 -0.00755427 0.000661548 -0.00270901 -0.00666622 0.00636062 -0.00648342 0.00439364 0.005577 -0.00432913 0.00159227 -0.0073282 0.00563676 0.00582545 0.00446099 0.00037543 -0.000890828 -0.00636235 0.00638556 0.00533431 0.00775337 -0.00283837 -0.00629485 0.00197609 -0.00128732 -0.00658451 0.0068008 0.00410148 -0.000213216 0.00365872 -0.00165085 -0.00125575 0.00500912 -0.00067805 0.000415647 -0.00757155 0.00294563 -0.00423045 0.00660102 0.00373687 -0.00254276 -0.00355869 -0.00206791 0.00302194 -0.00612252 0.00279896 0.00315511 -0.00362429 -0.00734295 0.00259363
179190 -0.00284386 0.00498724 -0.00636721 -0.00424719 -0.00313616 -0.00348043 0.00740576 0.00117683 0.00205946 0.00390005 -0.00189495 -0.00494766 -0.000160217 0.00353336 0.00385857 0.00473356 -0.0071106 0.00747252 0.000567436 -0.00357294 0.00430155 0.00382519 0.00466919 -0.00045681 0.00375509 -0.00314236 -0.00356865 -0.00348234 0.0045557 -0.000170231 0.00312614 0.00535107 -0.00487518 -0.00235224 0.00175095 -0.00694704 0.00131416 -0.00201511 -0.00371504 0.000357628 0.00562191 0.000467777 0.00726414 0.00651979 0.00407791 0.00256824 0.000533581 -0.00730753 0.00498819 -0.00319672 -0.00702095 -0.00168753 0.000310421 -0.000235558 0.00270033 0.00399494 -0.00490093 0.0050621 0.00331163 -0.00213051 0.000790119 -0.00552702 0.00296354 -0.0036459
328015 -0.000347529 -0.00687512 0.00150945 0.00128438 0.00486207 0.00608536 -0.00670035 -0.00740146 0.00500427 -0.00577142 0.00338631 0.000839317 -0.00489908 0.00767399 -0.00349002 -0.000610068 -0.00714122 -0.00559428 0.00598488 0.0046195 -0.00778025 -0.00406864 -0.00614812 -0.00150049 0.00222399 -0.00245217 -0.00762584 -0.000330385 -0.000922322 0.00458095 0.00704651 0.00668956 0.0017711 0.00268735 -0.00299147 -0.000989665 0.00490505 -0.00138504 0.00641 0.00059104 -0.00494222 0.00267533 -0.00270876 0.000863813 0.00329729 -0.00692577 0.00448909 0.00390985 -0.00190861 0.00445074 0.00633672 0.000459148 -0.00725909 0.00596386 0.0073044 -0.00722414 0.000117178 -0.00746519 0.00738619 -0.00774606 0.00614242 0.00119448 -0.00537047 -0.00534264
236640 -8.55843e-05 0.00787192 -0.00424259 -0.00649714 -0.00176269 -0.00610022 -0.00772932 0.0054537 -0.00651854 -0.0021321 0.00319067 -0.00428311 -0.00381901 0.00482523 0.00153928 0.00637509 0.00712348 0.00136091 -0.00461132 -0.000173458 -0.00152359 0.0059833 0.00534537 0.00195308 0.00256735 -0.00587781 0.0017074 -0.00515059 -0.00302245 -0.00412208 0.00303745 0.00211532 -0.000303814 0.0071205 -0.00708188 0.00540024 -0.00306488 0.00374649 -0.00324619 -0.00633061 -0.00571997 0.000409703 0.00749138 0.00340421 0.00304831 0.00427021 0.00712803 -0.00355739 -0.00195438 -0.00780636 -0.00635511 -0.00162242 0.00558979 -0.00317835 -0.00735889 -0.000508698 -0.000912739 0.00769902 -0.0051978 -0.00706501 -0.00700504 -0.00611473 0.00274672 -0.00200825
242060 -0.00139808 0.000555242 0.00308814 0.00573272 -0.00334986 0.00252802 -0.000755072 0.0041458 -0.00140409 0.000620922 -9.58655e-05 -0.00755549 0.00615715 -0.00625516 0.00514492 0.000690924 0.00317428 0.00138131 -0.00627323 0.00538194 -0.00601019 0.00443364 0.000980191 -0.0042538 0.00246921 -0.00635036 -0.00628212 0.000689944 -0.000434575 -0.00581901 0.00670171 0.00394497 0.00132638 0.0053412 -0.00305046 -0.00535042 -0.00697995 0.00523213 0.00553956 0.002773 -0.000741324 0.00648404 0.00499366 0.00729206 0.00262802 3.96718e-06 0.00638572 0.00403381 -0.000342327 0.00748029 0.00721713 -0.00389659 0.00580501 0.00143457 -0.00507399 0.006196 0.00141399 0.00711148 -0.00658811 -0.00113607 0.00568222 0.00478795 0.00779727 -0.000571031
53874 0.00428247 -0.00682354 -0.00425434 0.000920296 -0.00352669 0.00471306 0.00163794 -0.00779057 -0.00349522 -0.00412989 0.00375795 -0.00397682 0.00483322 -0.00315189 0.00153112 -0.00323153 0.00320101 0.00647879 0.00234365 0.00596333 0.00437832 0.000990391 -0.00264311 0.00494576 0.0076375 -0.00440311 -0.00777721 -0.00319719 9.44138e-05 -0.00368118 -0.0054493 0.00102472 -0.00438643 -0.000257492 -0.00719309 0.00405169 0.00142288 0.0031271 0.000360966 -0.00389576 -0.0021224 -0.00492573 -0.00376272 -0.00191355 -0.00661087 -0.00146866 -0.00746059 0.0058217 0.00559473 -0.00427723 -0.00240088 0.00542545 -0.000471592 -0.00570917 -0.00454855 0.00268221 -0.00676346 0.00172329 0.00755405 0.00149155 0.0022378 -0.00451279 -0.00201654 -0.000748634
112726 0.00203661 -0.000300556 0.000490523 -0.00326302 0.00178691 -0.00374133 -0.00552604 -0.00340698 0.00261481 0.000605369 0.00160979 0.0036772 -0.00466787 -0.00269154 -0.00740714 0.00105622 0.00602951 0.00527367 -0.000717941 -0.00621293 0.000523995 -0.00261079 0.00323432 -0.000128788 0.000132025 0.00715832 -0.00230077 0.00183129 -0.000211738 0.00705392 -0.00215534 0.00562153 -0.00504031 0.000416876 0.00348435 0.000464087 0.00665761 0.00502041 0.00366873 -0.00326068 0.00163097 -0.00527243 -0.00465697 0.000317976 0.00589827 -0.00516241 -0.00519714 0.00430514 -0.00493871 0.00421922 0.00144614 -0.00101106 0.000659613 0.00455202 -0.000888101 0.00229285 -0.00038853 -0.00524805 0.00253792 -9.4567e-05 -0.00435579 -0.00193671 0.000693394 0.00593782
292855 0.000311341 -0.00496654 0.00518175 0.00304698 -0.0066883 -0.00329716 -0.00365223 0.00514225 -0.00681985 -0.0073356 0.00346447 0.0045353 0.00415359 0.00192971 0.00366878 -0.00363663 0.00235811 -0.00576534 0.00155171 0.000160209 -0.00751063 0.00336031 0.00394881 0.0054189 0.00129717 -0.00370413 0.0028341 -0.00465642 0.007688 0.00763282 -0.00694531 0.00671954 0.00408753 -0.0060678 -0.00290334 0.00545475 0.00110223 -0.00490378 -0.00108098 0.00435155 -0.00149262 -0.00481916 -0.00711793 -0.000756729 0.000153275 0.00738788 0.0034811 -0.00574105 0.00200424 -0.00579851 0.000579383 0.00452164 -0.000429005 0.00660333 0.00296454 -0.00529916 0.00662764 -0.00250566 -0.00163906 0.000991771 0.00660525 0.00567065 0.00404112 0.00444011
128512 -0.000132084 -0.00677681 0.00529385 0.00625515 0.00637436 0.00184727 0.00227213 -0.0020175 -0.00078249 0.00465536 -0.00367069 -0.00401878 0.00327587 -0.00617599 0.00546837 0.00493908 0.00680208 -0.00681973 0.00283098 0.00175428 -0.00202131 0.00495625 -0.00739717 0.00763702 -0.00685215 0.00155163 -0.00760746 -0.00400114 -0.00628471 0.0028429 -0.00420237 0.000873089 0.00406599 0.00612068 -0.00329065 0.00154591 0.000613689 -0.00331593 -0.00716305 -0.00497103 -5.29289e-05 -0.00631666 0.00311565 0.00392294 0.00682592 -0.000134468 0.000855446 -0.00620556 0.00560236 -0.00269508 0.000424862 -0.00549221 -0.00541687 -0.00159407 -0.00380087 -0.00662851 -0.00747299 -0.00261641 0.00718832 0.00391483 0.00116777 0.00338316 0.00420809 0.00316715
324164 -0.00641537 0.000445366 0.00425005 0.00061512 0.00605965 -0.000149727 -0.000454426 -0.0057807 -0.00300932 -0.00119829 0.0059762 -0.00145912 0.00363016 -0.00464296 0.00770092 -0.00589609 -0.00541019 -0.00143623 0.00452948 -0.00132465 -0.0042448 -0.00379181 0.00141096 0.00020647 -0.00306892 0.00664091 0.00594091 -0.000998497 -0.00189686 0.0052042 -0.00174284 -0.00740051 -0.000481606 -0.00764799 0.00172853 -0.00531435 -0.00240707 -0.00600719 5.53131e-05 -0.000345707 -0.00602388 -0.00448418 0.00106239 -0.000255585 0.00164986 0.00627995 -0.00720215 -0.00236034 -0.00710583 0.00603104 -0.00152159 -0.00355434 0.00738096 0.00127363 0.00713634 0.00367928 0.00583744 0.00556231 0.00213575 -5.29289e-05 5.14984e-05 -0.000135899 0.00504065 0.00268888
275664 -0.00228412 -0.000564748 -0.00238562 0.00375089 -0.00356041 0.00231184 -0.00105626 0.00517185 0.0018034 0.00765533 0.0035698 -0.00627453 -0.00721672 0.00536101 -0.00331593 0.00152102 -0.00425909 -0.00105139 0.000270743 -0.00111684 0.0036974 -0.00549909 -0.00776468 0.000267175 -0.00519944 0.00314605 -0.00295736 0.00733467 0.00645486 0.00386776 0.000362805 -0.00574683 0.00285856 -0.00599692 0.00386607 -0.00138269 -0.0077808 -0.00531611 -0.00383191 -0.00557915 0.00772213 -0.00189155 0.000875941 -0.00436805 -0.000537774 0.00598926 -0.00710039 -0.00736426 0.00562902 0.00514544 0.000113602 -0.00128443 0.00509728 -0.00255754 -0.00625042 0.00766594 -0.00646978 -0.00596701 -0.00460963 0.00383356 0.000550156 -0.00417544 0.00262521 -0.00425937
329043 0.00535536 -0.00353622 0.00442934 -0.00561762 0.00519514 -0.00271654 0.00317335 0.00312471 0.00572443 -0.00648594 -0.00067234 0.00221062 -0.00283527 -0.00063324 -0.00226307 -0.00536251 0.00113201 0.00653648 0.00711918 0.00227165 0.000266552 -0.00605869 -0.00267601 0.00172472 -0.00766754 0.00591278 0.00524092 0.000696182 -0.00355291 -0.00438166 -0.00566053 -0.00545979 0.00311804 -0.00232697 0.00251341 0.00372839 -0.00738573 -0.0014019 -0.00430346 -0.00553274 -0.00226068 0.00659132 -0.00681591 -0.00748301 0.00739288 0.00175667 0.00713062 0.00496674 -0.00050211 0.00263834 0.0027647 -0.00248194 -0.0065732 -0.00728703 -6.24657e-05 -0.00484371 0.00425625 0.00516796 0.00691223 0.00688028 0.0077281 0.000261784 0.000754356 -0.00137186
251635 0.00137551 0.00547451 0.00460726 0.00568131 0.00506552 -0.00358332 0.00752545 -0.000620644 -0.00729267 0.00452295 -0.00434468 0.00545721 0.0044389 0.0073995 -0.00279083 -0.00455656 -0.0060537 -0.00582886 0.00307966 0.00132348 0.00353731 -0.00378859 -0.00585679 0.00596894 0.00293618 0.00663253 -0.000297346 -0.00238304 0.000596074 0.000937853 -0.00427793 0.0059074 -0.00294915 -0.00208749 0.00504526 -0.00754325 -0.00111206 -0.00223397 0.00554206 0.00729456 0.00692439 0.00284872 0.00781254 -0.000587147 -0.00664898 0.00419345 0.0021133 0.0057016 0.000693266 -0.000999375 -0.00375438 -0.00316876 0.00226178 0.000508961 -0.000671758 -0.00493072 0.000536138 -0.00469577 0.00203336 -0.007418 0.00328376 -0.00198928 -0.00443552 0.00400952
329518 -0.00564388 0.00140071 0.00158348 0.000675893 -0.00758298 0.00340383 -0.000826448 -0.00257731 0.00155777 0.00292455 0.00281325 -0.0071499 -0.00572908 0.00491703 0.00479766 0.00260527 -0.00364748 0.00521909 0.00518428 -0.00395523 0.00773382 -0.00467145 -0.000739501 0.00681274 0.000924343 0.00460566 0.00439577 -0.00665948 -0.00337368 0.00109164 -0.0033214 0.0015702 0.00489202 -0.00304665 -0.00468533 0.00205651 0.00348801 0.00768213 -0.00659006 0.00124323 0.00760856 0.00765466 0.00416177 0.00173595 -0.00433251 0.000409149 -0.000634678 0.00525726 -0.00380641 0.00233486 -0.00633203 -0.00714621 0.00628013 -0.00467015 0.00454397 -0.00278173 -0.000313682 0.00679746 0.000729304 -0.000905207 -0.00772742 -0.00217384 0.00655182 -0.00310266
320616 0.00062844 -0.00170862 0.0065243 -0.0029703 0.0026234 -0.00138863 0.00453456 -0.00697972 0.00081165 0.00567791 0.00752802 -0.0072413 0.00108321 0.00642795 0.00683226 0.00690352 0.00711549 -0.00298653 0.00707284 -0.00564839 -0.000558578 -0.00688627 0.00582233 0.00582618 -0.000289917 0.0070324 0.00404247 0.00655211 0.00137222 0.000800305 -0.00285173 -0.00624497 -0.00783238 0.00492753 -0.0037907 -0.00057597 0.00663132 0.00476224 -0.0026448 -0.000689014 -0.00442323 0.00279222 -0.00360981 -0.00727825 -0.00208009 0.00107586 -0.00311855 0.00618019 -0.00355194 -0.00263384 0.000391269 0.00520571 0.00379033 0.0062976 0.00487205 -0.000735493 -0.00441144 -0.00393901 -0.000422133 -0.00568876 0.00327909 0.000542521 -0.00147654 0.00126448
146919 -0.00254243 0.00232115 0.00714298 0.00466621 0.00069761 0.001406 -0.00488184 0.00524388 -0.00206444 0.00629103 0.00444953 -0.00540288 0.00449535 0.0029878 -0.00263052 0.00701179 0.00149593 -0.00271635 -0.00547063 -0.00364284 0.00421849 -0.000818915 -0.000854649 -0.00333846 0.00490707 -0.00243477 0.00704087 0.00111976 -0.00744564 -0.00302001 0.00498964 0.00268461 -0.00519377 -0.00709216 0.00722014 0.00605398 0.000693956 0.00443415 0.000783996 0.00117418 0.00571079 -0.00642215 0.00639916 0.0046942 0.00721124 -0.00675902 0.000475592 0.003148 0.0041863 -0.00780782 -0.00174549 -0.00118244 0.00081683 -0.00773531 -0.00269087 0.00671361 0.00559554 0.00536638 0.00287283 0.000757732 -0.00553171 -0.000826314 0.00658029 0.00213667
329555 0.00116351 -0.00374537 -0.000907169 -0.00573385 0.00643121 0.00769563 -0.0026051 -0.00142813 -0.00729669 0.00605636 -0.00403071 -0.00452284 0.00772181 -0.00653421 -0.00597045 -0.00630756 -0.00608196 -0.00540461 -0.00751869 -0.00568614 -0.00695897 -0.000324728 0.00361878 -0.00339866 -0.00138969 -0.000895366 -0.00187792 -0.00422076 0.00262505 -0.00566033 0.00449672 -0.00632953 -0.00606729 0.00218238 0.00441306 0.00453925 0.00154366 -0.00125128 -0.00519002 -0.00142596 0.0026101 -0.00707555 0.00150077 -0.000356726 0.00712622 0.00319681 -0.00741049 -0.00126776 -0.00143764 0.00282 -0.00728716 -0.00668319 -0.00436992 -0.00203055 0.00232904 0.0015088 -0.00775846 0.00676223 0.0072357 0.00194614 -0.00556662 -0.00547306 -0.00445265 -0.0077676
325575 0.00465764 0.00189443 0.00136856 0.0070341 0.000481202 0.00564188 -0.00142008 0.00773411 -0.0073503 -0.00150744 -0.00770762 0.000398174 0.0060878 0.000138605 0.00646609 -0.00313099 0.00653017 0.00102986 0.00232111 0.003936 0.00709492 0.00423741 0.00455466 -0.000638262 0.00206431 -0.0046754 0.00122678 0.00132995 -0.00628699 0.00547374 0.0034452 0.00250637 -0.00585879 0.00381903 0.00285108 0.000802224 0.00155342 0.00320335 -0.00587344 0.00672519 0.00550219 0.00609146 0.00358226 -0.00572403 0.0047012 0.00244767 -0.00536519 0.00327893 -0.002111 0.00612374 -0.00317319 0.000517567 -0.00570827 -0.0020726 0.00136712 0.00478556 0.00411425 -0.00428793 0.00138307 0.00479511 -0.00741489 -0.00472454 0.000590168 0.0033703
329839 -0.00699724 0.00204551 -0.00607652 -0.00194476 0.00260727 0.00680834 -0.00621209 -0.00278475 -0.00251424 0.0004994 -0.00414239 0.00653243 0.0026907 0.00631711 0.00544943 0.00731386 0.00690168 0.00518994 0.00208447 0.0019121 0.0017007 -0.00100167 -0.00489673 0.006485 -0.00261146 -0.00655818 0.00116352 0.00515953 -0.00170235 0.00382263 0.00183069 -0.00541115 -0.00773329 -0.00772013 -0.00579414 -0.00699043 0.000968297 -0.00577972 0.00546141 0.00182669 -0.00537166 -0.000761287 -0.00444715 -0.00254489 -0.000813374 0.00159214 0.00467177 0.00367874 -0.00302941 0.002453 0.000333155 -0.00682959 -0.00488813 0.00561226 -0.000746067 -0.00142448 0.00384659 0.00666657 -0.00249454 -0.00720625 0.00190029 0.00220822 0.00206653 -0.00293312
140773 0.00592806 0.00283727 -0.00427175 -0.00711337 -0.00652251 -0.000703906 0.00149328 0.00173403 -0.000888462 0.0056204 0.00125467 0.00318303 -0.00707148 0.00299276 0.000605328 -0.00755553 0.00148154 0.00353983 -0.00687299 0.00390011 0.00242785 -0.00633231 0.00744414 -0.00388581 0.00583018 -0.00724569 0.00623747 0.00249645 -0.00596275 0.00193625 0.00741234 0.0057385 -0.00714569 0.00110595 -0.00632933 0.00265389 0.00776991 0.0028168 -0.00339032 -0.000915138 0.00482219 -0.006792 -0.000659893 -0.00530207 -0.00233736 0.0033547 -0.00279695 -0.00532487 -0.00149144 -3.13705e-05 0.00079452 -0.00131278 0.00412289 -0.00453404 -0.00691365 0.00395428 -0.00692958 0.00395838 -8.41275e-05 0.00411137 -0.00384956 -0.00732257 0.00395167 0.00521759
95747 -0.00268814 0.00272311 0.00242555 -0.00648104 -0.00715865 -0.00530558 0.00121651 0.00139066 -0.00272183 -0.000489811 -0.00473914 0.00318453 -0.00450539 0.00471245 -0.00605445 0.0055339 0.00473866 0.000294183 0.000379942 0.00221107 -0.00414975 0.00559723 0.00346233 0.00101804 -0.00612559 0.000462108 0.00126151 -0.00365889 -0.00215783 0.00455834 0.00456719 0.00126124 -0.007237 -0.00645868 -0.00718546 -0.00328145 0.00661531 0.0054966 0.00559706 0.00594442 0.000678284 0.00106102 -0.00214985 -0.00519799 -0.00068052 0.00277382 0.00155583 -0.00558897 -0.00269351 -0.00102662 0.00351091 0.00544856 0.00397884 -0.00329109 0.00328711 0.00293384 -0.00307746 0.00634069 0.00522365 0.00664391 0.00391861 -0.00117787 0.00223127 0.00488369
330135 0.00689412 -0.00780782 0.00170601 -0.00578974 -0.00298135 -0.00322918 -0.00420666 -0.000293214 -0.000458522 0.00695216 0.00373632 -0.0041596 0.00580613 0.00251245 -0.00483696 -0.00161534 0.00755691 0.0074995 -0.00597643 -0.00304194 0.00754105 -0.00247771 -0.000269506 -0.000635357 -0.00162287 0.000321429 -0.00550432 -0.00245561 0.00305007 -0.00704514 0.00103663 0.00132017 -0.0034258 0.00311727 0.00678352 -0.0032509 0.00543906 0.00202711 0.000194656 0.00633799 0.00142476 -0.00330515 -0.00262964 -0.00113332 -0.00439722 0.0025868 -0.00769103 -0.00242737 -0.00396205 0.00763148 0.0060179 -0.00595393 0.000714108 -0.000696119 -0.00436354 0.000998652 0.00151624 -0.00625885 0.00213866 0.00727455 -0.000960823 -0.00197645 0.00078803 -0.00329871
288056 0.00413139 0.000954927 0.0048184 -0.00298924 -0.00549772 0.00144104 -0.00401922 -0.00765845 0.0055658 -0.00201404 -0.00216482 -0.00601468 -0.00430932 -0.0047426 0.00620145 -0.00699822 -0.00690169 -0.001841 -0.00106934 -0.00397721 -0.00719797 0.00252727 0.0050263 -0.00733541 0.0014689 -0.000536589 0.00204256 -0.00650715 -0.00476762 0.00313323 -0.00319299 0.00259021 0.00107119 -0.00694627 -0.00402655 0.000874357 0.00454193 0.000133819 0.00281573 0.00772721 0.00292069 -0.00680661 -0.00358646 0.000137 0.00136327 -0.0022426 -0.00129924 0.0067433 0.00517963 -0.00497291 -0.00196189 -0.000315432 -0.00734922 0.00124522 0.00628148 -0.00422346 0.00064161 0.000608534 0.00284719 0.00515815 -0.00558362 0.00669156 -0.00430209 0.00466133
330285 -0.00246776 0.00388978 -0.000485006 -0.00387505 -0.00277556 -0.00315192 0.00469337 -0.00153495 0.00731668 -0.00264422 0.00342943 0.00256258 0.00737254 0.0052764 0.0055013 0.00368704 -0.000850505 -4.80671e-05 0.000897144 -0.000508782 -0.00708361 -0.00108254 0.00465208 0.00591607 -0.00686511 -0.00270203 0.00090273 -0.00496404 -0.00101277 0.000728061 -0.000335464 -0.00607047 -0.00473071 -0.00310281 0.00677535 -0.000592839 -0.0037313 -0.000373698 -0.00316323 -0.0059413 -0.00687057 -0.00422524 0.00129943 -0.000305977 -0.00759841 0.00671044 -0.00466109 0.00102192 -0.00388794 0.000573347 -0.00725567 0.00297853 0.00142343 -0.00742964 0.000965138 -0.00724308 -0.00399583 0.00679546 -0.0039206 0.00720218 -0.00483775 0.00222044 0.0064853 -0.00192498
239610 0.00345299 -0.00057163 -0.00299994 -0.00635092 -0.00635756 -0.00547459 0.00138122 -0.00185242 0.00448894 0.00635976 0.00725018 0.00311266 -0.00291132 0.000182461 -0.00493963 0.00560491 -0.00678147 0.00152215 -0.00647958 -0.000344106 -0.0056803 0.00420444 0.0073832 -0.00616561 0.00233827 0.000993277 0.00721677 0.00517517 -5.69805e-05 0.00617187 -0.00604168 0.00326189 0.00723874 -0.00651027 -0.000427759 0.006148 -0.00350952 -0.00742587 0.00464373 0.00402243 -0.000828238 0.00181289 -0.00509021 0.00641276 -0.000747714 -0.0068751 -0.00418636 -0.00145958 -0.00504011 -0.00668227 -0.004563 -0.00779445 -0.00591542 0.00249532 0.000199815 0.00520382 -0.0029521 -7.73889e-05 -0.00596373 -0.00309046 -0.00143785 0.00108655 -0.00203406 0.00100552
230143 -0.00087882 -0.00624825 0.000625074 -0.000633946 -0.00425945 -0.00171819 0.00449127 -0.00515733 0.00464919 0.00295751 0.00392895 0.000643264 0.00716128 0.00226598 0.000167411 -0.00260351 -0.00252921 -0.000747522 -0.00605793 -0.00340801 0.00707708 -0.00333072 -0.00153773 -0.00297256 0.00351894 -0.00584109 -0.00210329 0.00349022 0.00702499 0.000652404 0.00308244 0.00384707 -0.00538482 0.000744879 0.00514432 -0.00422816 -0.00242829 -0.005622 -0.00593344 0.00595328 -0.00662502 0.000942754 -0.000806664 0.00572913 -0.00236757 0.00669562 0.00604659 -0.00600319 0.00431996 -0.00291243 0.00365294 -0.00507687 -0.0076573 0.00533107 0.0010357 0.00733015 0.00557396 0.00675406 0.00104484 -0.00322217 -0.00597408 -0.00368996 0.00520372 -0.0015971
100771 0.000868361 0.000874294 0.00600563 -0.000270049 0.00762573 0.00402185 -0.00640495 -6.34186e-05 0.00748726 0.00396844 -0.00410002 -0.00774387 -0.00626931 -0.00521563 0.00716717 0.00110463 -0.00493573 -0.00260372 -0.00430718 -0.00178871 0.00208936 -0.00620413 0.00240516 0.00138312 -0.00561681 -0.000222955 0.00473418 -0.00699368 0.00587122 0.00456295 -0.0042339 -0.00769158 0.00112883 -0.00247167 -0.000522698 -0.00232228 -0.000244226 -0.00285558 0.00310938 0.00727384 0.00285204 0.00616925 -0.00297305 0.0065524 0.00246229 -0.0045146 -0.00726765 0.00559914 0.00347994 -0.00344496 0.00714749 -0.000591904 -0.00560062 -0.000900703 -0.00733479 -0.00323305 -0.000321727 -0.000779342 -0.00193759 0.00600371 -0.00544261 0.00427789 -0.00692058 -0.00140456
302533 0.00159117 -0.00429108 0.00090568 0.00463221 -0.00567826 -0.000112067 0.00282989 0.00130402 0.00495445 0.00298736 -0.00666744 -0.00135887 -0.00103697 6.38877e-05 -0.00548235 -0.000285459 -0.00747928 -0.00764025 0.000291317 0.00469913 0.00494193 0.0051424 0.00444882 0.000753425 -0.00389747 0.00146541 0.00476435 0.000223524 0.00547819 -0.000744488 -0.00460955 0.00447472 0.000154778 0.00173728 -0.00228908 0.00213914 -0.00453302 0.000724558 -0.000453907 0.00761259 -5.67303e-05 0.00711346 -0.00531538 -0.00574964 0.00519553 -0.0065098 -0.00705437 -0.00319014 -0.00494937 -0.000124465 0.00341968 0.00186193 0.00640204 0.0051113 0.0033862 -0.00535628 -0.00322748 0.00407654 0.00505501 0.000258932 0.00517899 0.00243783 -0.00334476 0.00225679
330908 0.00200108 -0.00769874 -0.00353068 0.000497338 0.00687675 -0.00260059 -0.00406661 -0.00538799 -0.00326254 0.00123684 -0.00130101 0.00127027 -0.00497524 0.00132835 -0.00459492 -0.000231936 0.00429518 0.00409312 0.00129989 -0.00750851 0.00217206 0.00131671 -0.00229768 -0.00349221 0.00649835 0.00640397 -0.00172107 -0.00312969 0.00693501 0.00499608 0.00198136 0.00560879 0.00410263 -0.00775009 0.0071221 0.00739323 0.00048799 -0.00292561 0.00566705 -0.00129269 -0.00386927 0.00109189 0.00635925 -0.00655547 0.00490912 -0.00419662 0.00471317 0.00129568 0.00515165 0.00738451 -0.0021881 0.00634722 -0.0046834 0.00558261 0.00683036 -0.00141895 0.00628158 -0.00668934 0.00295945 -0.00578445 0.00759569 0.00721527 -0.00352518 0.00209176
305994 -0.00498414 -0.00320425 -0.0038458 -0.00291372 -0.00533067 0.000403063 0.00714132 -0.00100077 0.00603565 -0.00770353 0.00657718 0.00506452 -0.00747409 0.00526702 0.00390561 -0.000260022 0.00559247 -0.00228077 0.000151902 -0.00694192 0.0038288 0.00756807 -0.00121377 -0.0018148 -5.5582e-05 -0.00162249 -0.00618309 -0.00627607 0.0037206 0.00316252 0.00767332 0.000300412 0.00192433 0.00258319 -0.00403387 0.00372784 0.00724854 0.00176523 0.00506407 -0.00424632 -0.00498758 -0.00656179 0.00714177 0.00511656 -0.00683734 0.00501114 0.00264364 -0.00159922 0.00518875 -0.0040154 0.00343204 -0.00664746 -0.00156184 0.00625243 -3.02492e-05 -0.00163512 -0.00134186 -0.00628134 -0.0038561 -0.00520756 0.00690378 -0.00399389 -0.00372962 -0.0013642
317369 -0.00312328 0.00764561 -0.0044899 -0.00346804 -0.00689411 0.00476885 0.000231266 -0.00543404 0.00130939 -0.00688219 0.00369883 0.00724506 -0.0051589 -0.00488424 0.00635815 0.00617933 -0.00479412 -0.00687885 0.00608778 -0.00127268 -0.00368738 -0.00565672 0.000867844 0.00732422 0.00539732 0.000146866 0.00728846 -0.00602818 -0.00300026 -0.00160027 -0.00325108 0.000885487 0.00607061 -0.00405216 0.00277138 0.00485277 0.000345707 0.00675058 0.00440836 0.00630808 -0.00756407 -0.00286388 -0.0045948 0.00691938 0.000516415 0.000585556 0.000361919 0.00607157 0.00557089 -0.0027442 -0.00558043 -0.00182867 -0.00155115 0.00501633 0.00334406 0.00739527 -0.000943184 -0.00715113 -0.0032115 0.00119686 0.000328541 0.000877857 -0.00778246 0.000430107
131099 0.000526632 -0.000282305 -0.00208549 -0.00696096 -0.00151036 -0.00135535 -0.00619405 0.000452801 0.00571143 -0.00291097 0.00037121 -0.00281164 -0.00280284 -0.00678787 -0.00311945 0.00206592 -0.00464875 0.00232407 0.00495383 -0.00608311 0.00534439 0.00259451 0.00484231 0.00197317 -0.00281041 -0.00454574 9.05071e-05 -0.00733867 -0.00420751 0.00329086 -0.0073293 -0.00384091 0.00551092 0.00591084 -0.0042533 0.00117108 0.00341195 -0.00369661 0.00271541 -0.00136823 0.00763813 0.00176414 -0.00678586 -7.5832e-05 0.00264889 0.000897403 0.00370504 0.00346936 -0.00660695 0.00371627 -0.000436691 0.00131471 0.00143302 0.00758056 -0.00166417 -0.000195372 -0.0065233 0.00177095 -0.00639465 0.0046949 -0.00695907 -0.000812896 0.00373909 -0.00769417
331300 0.00668967 0.00275508 -0.00104589 0.00429697 -0.000691179 -0.0063946 -0.00146504 -0.00331905 0.00334281 0.00564591 -0.00108627 0.00327682 0.00277076 -0.00160823 -0.00702876 -0.00618473 0.00471869 -0.00166362 0.00600198 0.0021372 0.00182379 0.00286283 0.00383083 -0.000694494 0.00440847 0.00711294 0.00398311 -0.00709583 0.00124538 0.00698349 -0.00454087 -0.00155979 -0.00293396 -0.00432558 -0.00213174 0.00637023 0.0010329 -0.00629935 0.00675293 -0.00424663 0.00521722 0.00478604 -0.000989027 -0.0069742 -0.00120986 0.00090135 -0.00499959 -0.0068711 -0.00525173 9.777e-05 -0.00704477 0.00684186 0.00560115 -0.00378199 0.00546048 0.00448687 0.0070421 -0.0074927 -0.00117755 0.00437065 -0.00211627 0.00747158 -0.00423124 -0.00173452
331346 -0.0073911 0.00724607 0.00201021 -0.00675036 0.00746961 -0.00663086 0.00168709 0.00242417 0.00172278 -0.00342001 -0.00596987 -0.000724195 0.00689024 0.00174138 0.00443013 -0.00432824 -0.00131205 -0.00678187 -0.00499677 -0.0077532 -0.00428432 0.00472914 -0.00120755 -0.00686665 0.0013288 0.00318622 -0.00404733 0.00547868 0.00677546 0.00631582 -0.00284219 -0.00340196 0.000966285 -0.00117128 -0.00704233 -0.0048047 0.00128722 -0.00123221 -4.03196e-05 -0.00267491 0.00444154 -0.0042959 0.00353462 0.00288325 -0.00398896 0.0034091 -0.00420937 0.00102925 -0.00339697 -0.00544684 0.00334598 -0.00476399 0.00144788 -0.00772518 0.0061348 -0.00432045 -0.00544051 0.00741319 0.00113333 0.00716844 0.00439153 0.00296967 0.00329492 0.00336461
120990 0.00576358 -0.00408129 0.00266071 -0.00677132 -0.00405823 -0.006061 -0.00159865 -0.00226086 0.000680957 0.00249973 0.00366302 -0.00210232 -0.00291433 0.00212211 0.00186939 -0.001505 0.00722149 0.00679506 -0.00314287 0.00346675 0.00483103 -0.0056418 -0.00148646 0.000655905 0.00133343 0.00652064 0.00776898 0.00226202 -0.00203952 0.00612126 -0.00219639 0.00293146 -0.00172771 -0.00586879 0.00392707 -0.00297519 0.00427683 0.00357422 0.00470505 -0.00489537 0.00101963 0.00321704 0.00523936 0.00719251 -0.0064352 0.00333612 0.00406848 -0.00156205 -0.00616462 0.00303182 0.00485132 0.00180803 0.00289523 -0.00642783 0.00519254 0.00224231 -0.00325212 0.00288264 -0.00288421 -0.00340901 -0.00584417 0.00224077 0.00684587 0.000322705
280948 -0.00760746 0.00627804 0.00426245 -0.00157213 0.00773716 -0.000993252 0.0070529 0.00177097 0.00761747 0.00123072 0.00685358 0.00414848 -9.15527e-05 0.00618172 -0.0049634 0.000882626 0.00557137 0.0043478 -0.00263643 0.00445557 0.00780916 -0.00287628 0.00390196 -8.29697e-05 -0.00554609 0.000780106 0.000713348 -0.00611687 -0.000653267 0.00316763 0.00517893 0.00625944 -0.0062151 -0.000390053 -0.00100803 0.00223494 0.00254774 -0.00773096 0.00443792 0.00430632 -0.00129986 0.00131989 -0.00513124 0.00687599 -0.00143814 0.00346422 -0.00564575 -0.00431347 0.00478983 0.0023694 -0.00506639 0.00713348 0.000212669 0.00593996 -0.000432968 -0.0015316 -0.000261784 0.0056324 0.00670576 -0.0048151 0.00359964 -0.00166035 -0.00541019 0.00535107
225872 -0.000114918 0.00544357 0.00243855 -0.00469732 0.000241756 0.0045495 0.00726318 -0.00541115 0.00670385 -0.00586987 0.00597382 -0.000416279 0.00289726 -0.00277758 0.00150633 -0.00634861 -0.00741482 0.00564957 0.00576639 0.00328875 0.00692701 -0.000964165 -0.00750828 -0.00750685 -0.00596619 -0.00678349 0.00658083 -0.000832081 -0.0034194 0.00230742 0.00361347 0.00330639 -0.000206947 -0.00596476 0.0011096 -0.00673342 -0.00379276 0.00384665 0.00588083 0.00113297 -0.0067358 0.00301886 0.00214005 -0.00465584 -0.0054903 -0.00120926 -0.00401831 -0.00466156 -0.00702906 -0.00700951 -0.00535965 -0.000475407 0.00747013 -0.004076 -0.00573158 -0.00243235 -0.00267458 0.00324774 -0.00473118 0.00205946 -0.00129795 0.00760555 -0.00608444 -0.00444031
331901 0.00556087 -0.000393391 0.000555992 -0.00630283 0.000968933 -0.00131321 0.00187397 -0.00467491 0.00546551 0.00593328 -0.00436783 0.00478935 0.00137901 -0.00247002 -0.000251293 0.00667953 0.00603485 0.00715923 -0.00774717 2.38419e-06 -0.00350189 -0.00585699 -0.00352907 0.00338745 0.00567245 -0.0012188 0.00236845 -0.0023551 -0.00136185 0.000421524 0.000893116 -0.00145912 0.00531292 -0.00465584 -0.0058794 0.00734806 -0.00668669 0.00687218 -0.00756836 0.000797272 0.00396776 -0.0020895 0.00213242 0.00485897 0.00412321 0.00770235 -0.000867844 0.00772762 -0.00768614 -0.00136328 0.00146818 0.00644302 -0.000571251 0.000510693 0.00190258 0.00502062 0.00683308 0.00683594 -0.00160456 -0.00710583 0.000199318 0.0074687 -0.00695229 0.00280046
257535 -0.00549808 0.00277896 -0.00580796 -0.004345 -0.00158473 -0.00701043 0.00160184 -0.000321521 0.00362137 0.00670439 -0.0061379 0.00130015 -0.0015067 0.00597765 0.00731258 -0.000469441 -0.00220584 -0.00250343 -0.00268777 0.00250234 -0.00568826 -0.000123578 -0.00665587 0.0029021 -0.00410886 -0.00660309 0.00416066 -0.00766553 0.00671541 0.00223747 -0.0030121 0.00426011 0.00714223 -0.00198717 0.000943228 -0.00425321 -0.00591775 -0.00661388 0.00215091 -0.00490837 -0.00462097 -0.000968581 -0.00665853 -0.00256964 -0.00461466 -0.0060864 0.00182231 0.0041346 -0.0023413 0.00401907 0.00512866 0.000641785 0.00560171 0.0019641 -0.00392528 0.00284872 0.00649364 0.00403753 -0.00297932 -0.00193903 0.00537159 -0.00125264 0.00367011 0.00421305
264864 0.00643269 0.00550536 0.0023776 -0.00461641 0.00449368 0.00680845 -0.00628296 -0.00446798 -0.00691334 0.00554504 -0.00473693 -0.00591069 0.00522216 -0.00200932 0.00266069 0.00205969 0.00570708 0.00433054 0.00675735 -0.00473541 -0.0052486 -0.00542758 -0.000291739 0.00040364 0.00155104 0.00771987 0.00461507 -0.00592446 -0.00145838 0.00466655 -0.000311364 -0.00627747 -0.00573912 0.00433961 0.00544025 -0.00433832 0.00653368 -0.00550756 0.002785 -0.000743816 0.00239181 -0.00408316 -0.00229299 0.0053588 0.00661568 0.00707045 -0.00576675 -0.00507636 -0.00400143 0.00165357 0.0031586 -0.00609088 0.000830248 0.00599428 0.0050446 -0.00348477 -0.001987 0.00590518 -0.00448476 -0.00678619 0.00373433 0.00569271 -0.00154911 0.000352796
332168 -0.00472396 0.00624327 0.00500591 -0.00499968 0.00775046 0.00488913 0.00453232 -0.00580451 0.0048663 0.00383811 0.00226311 -0.00403814 -0.00660337 0.00367871 0.00341615 0.00515466 -0.00281765 0.000669208 -0.00137144 0.00179264 -7.71717e-05 -0.00429823 -0.00696593 -0.00252243 0.00472936 0.00192114 0.00415459 0.00587741 0.00660116 -0.00315102 -0.00669543 -0.00519156 -0.00529033 -0.00684728 -0.000739853 0.00521039 -0.000361984 0.00216488 0.00109439 0.00502355 0.00516611 0.00174088 -0.00183015 0.00630915 0.00574711 -0.00470043 0.00569044 -0.00178093 -0.00205026 0.00753859 0.000904443 0.00589707 -0.00106075 -0.00510652 0.00249221 -0.000686574 0.00646418 0.000130516 0.00597711 -0.00686899 -0.00756319 -0.00207065 0.0046144 -0.000307588
332132 0.000707626 -0.00455332 0.00550508 0.0043025 0.00443697 0.00656509 0.0057478 -0.000788212 -0.00041151 -0.00500536 -0.00619316 -0.00375557 0.00528765 -0.00147438 0.00358391 0.00735664 -0.0055213 -0.00144243 0.00553179 0.00655365 0.00421762 -0.00278091 0.00551462 0.00345469 -0.00456142 0.00669718 -0.00455856 0.00733566 -0.00703049 0.0069108 0.00128794 -0.003613 -0.00251627 -0.00199032 -0.00246572 -0.000873566 -0.00296354 0.000713348 -0.00386047 -0.00354147 0.00737572 0.00596619 0.000960827 0.00131416 -8.24928e-05 -0.00745249 -0.00489664 -0.00687838 0.00596476 -0.00150728 -0.00413752 0.0015378 0.00604486 0.00558615 0.000998974 0.00105858 0.00232887 -0.0022192 0.00162888 0.00470066 -0.007617 -0.000315666 -0.00515938 0.00274372
309000 -0.00777832 0.00280379 -0.000545388 -0.00593747 -0.00127952 0.00783834 -0.00754403 0.00623769 -0.00743219 -0.0040068 0.00356363 0.00776381 -0.00285755 -0.0030077 0.00515751 -0.000458704 -0.00363858 0.00222784 0.00552076 0.00188721 -0.00579072 0.000921358 -0.000912246 0.00422168 0.00269483 -0.00201817 -0.0054435 0.00149299 0.00575287 -0.00724554 -0.00770829 -0.00483916 -0.000601375 -0.00225216 0.0075664 0.00678574 -0.00105922 -0.00221958 -0.00535202 -0.00341898 0.00485122 0.00603347 0.00461264 -0.000723664 0.00391361 -0.00616496 0.00733779 -0.00214726 -0.000584656 0.00619482 -0.00659028 0.000384186 0.00479376 0.00471736 0.00547321 -0.000613843 -0.00497523 0.00205126 -0.00541268 -0.00416485 0.000748789 -0.00387899 -0.00352845 0.00224658
233188 -0.00608397 0.0033288 0.00585985 0.00547791 0.0024662 -0.00330257 -0.00131273 0.00319624 0.00709391 0.000349522 -0.00509787 0.00414848 -0.00448179 0.00573206 0.00221825 -0.00411081 -0.00631046 -0.00748491 -3.8147e-06 0.00339842 -0.00458479 0.000834465 0.00587559 -0.00629568 0.000842094 0.00635815 -0.00581551 -0.0008955 0.00705242 -0.00191975 0.00548077 -0.00439596 0.00498199 -0.0053134 -0.00248194 0.002882 -0.00221252 -0.00686502 -0.00426006 0.00490522 0.00112104 0.00717688 -0.000150204 0.00125074 -0.00643158 0.00196314 0.00143242 0.00700235 -0.00355244 0.00745201 0.00667191 -0.00121212 0.00123882 -0.00197506 -0.00272846 -0.000178337 0.00196075 -0.00710678 0.00487185 0.0046382 0.00700951 -0.00404549 -0.00231266 -0.00111103
143243 0.00653517 -0.00469093 0.00466066 -0.00636425 0.00423498 0.000471597 0.00403726 0.00138456 -0.00411655 -0.00627463 0.00146192 -0.00172622 0.00358759 -0.0075833 -0.00329134 0.00290439 0.000913628 0.00487717 -0.00176694 0.00347238 -0.00554261 -0.00127835 0.00345709 0.0045206 0.00326422 0.00776235 -0.0052647 0.00327201 -0.00192864 -0.00353989 -0.00618246 -0.00561369 -0.0045131 -0.00110209 0.00600479 0.00118391 -0.00625393 -0.00547969 0.00610013 -0.00229685 0.00773988 0.00678888 0.000771873 0.000502699 -0.000640467 -0.00377471 0.00657812 0.00759218 0.0076362 0.00266885 -0.00586426 0.000584974 -0.00634869 -0.00100963 -0.00307308 -4.5836e-05 0.00127616 0.00472416 -0.00223971 -0.00097204 -0.00714509 -5.74322e-05 -0.00538028 0.000958969
332764 0.00732835 0.000588783 -0.000724797 -0.000339726 0.000294101 0.00726433 -0.00425357 0.00429183 -0.00221932 0.00089492 0.00221766 -0.00492503 0.00104212 -0.00502229 -0.00164699 0.00356248 -0.00669866 0.00451902 0.0016403 0.00213277 0.00131739 0.00419803 -0.00728418 -0.000761862 -6.39579e-05 0.0015513 0.00450695 -0.00645578 0.00345419 0.000391388 -0.00358854 -0.00402029 0.0067417 -0.00294924 0.00123117 0.00765081 -0.00515273 0.0017802 -0.00647075 0.00578876 -0.00294784 -0.0055371 -0.001955 -0.00191144 -0.00291097 -0.00496283 -0.00263739 -0.00567692 0.00435966 -2.23076e-05 0.000187448 0.00201704 0.00371661 -0.00227506 0.00142469 0.00525277 -0.00531579 0.00175832 -0.00674064 0.00156483 -0.00538753 0.00111712 0.00671745 -0.00656988
64800 -0.00300819 0.00199257 0.000877351 -0.00564198 -0.00519255 -0.00265997 0.000102497 0.00770462 -0.00311462 0.00750781 -0.000393364 0.00742537 0.00669047 -0.00339977 -0.00656734 0.00434589 0.00087974 -0.00434636 0.00389334 0.00735895 0.00245827 0.0034409 -0.00190228 -0.00499393 0.00421866 -0.00515105 -0.00736367 0.00420765 -0.00691557 -0.00096571 -0.00248382 -0.00289562 0.00431615 -0.000752114 0.00611554 0.00479944 0.00136041 0.00691 -0.00398877 0.00535988 -0.0038867 -0.00115117 0.00587711 0.00294038 0.00161597 -0.00665083 0.00307486 0.000937704 -0.00293933 -0.000313408 -0.00109523 0.0071134 -0.00154117 0.00776858 8.01767e-05 -0.00221987 0.00735881 0.00291461 0.00352429 -0.00426466 -0.00608273 0.000302139 -0.0011735 0.000370738
330431 -0.000320435 0.00557089 -0.00279713 0.00323582 -0.000340462 0.00574398 0.00441217 -0.000621796 0.000756741 0.00707388 0.00379324 -0.00671482 0.000141144 0.00402069 0.0073247 0.00378466 -0.0010848 0.00600147 0.00632238 0.00351143 -0.00771713 0.00611639 0.00486851 0.00126457 0.00607824 0.00270128 -0.00123262 -0.000786781 0.00728655 0.00485325 0.0050106 0.0021944 -0.00724506 0.00778198 0.00453711 -0.00146294 0.00561237 -0.00587463 -0.00297403 -0.00408697 -0.00704002 -0.00604534 -0.000736713 0.00039196 0.00435925 -0.00601149 -0.00169134 0.00657272 0.00405312 -0.00563812 0.00351238 -0.00364447 -0.000432968 0.00347567 0.0054822 -0.0014081 -0.0059948 0.00363731 0.00167084 0.0040555 -0.00405979 0.00615358 0.00606155 0.00672197
322846 0.000456333 -0.00579548 -0.000498772 -0.00295544 0.00337029 -0.00283861 0.00377798 0.00634909 -0.00655222 0.000931263 0.00161839 -0.00322294 0.000252247 0.000482559 -0.00491762 -0.00722265 0.00182724 -0.00710487 0.00264263 -0.00142384 0.0042243 -0.00167179 0.00619411 0.0038743 0.0033226 0.00100851 0.00764322 -0.00279522 0.000330448 0.00700283 0.00319576 -0.00767803 0.000165462 0.00150156 0.00375843 0.00267649 -0.00777149 0.00238132 0.00330067 0.000606537 -0.000988007 -0.00723362 -0.00763845 -0.000580311 0.00457048 0.00749302 -0.00333452 -0.00188446 0.00453138 -6.62804e-05 0.00364876 0.00505829 0.00530434 -0.0015316 0.00687742 0.00534391 -0.00457907 0.00718546 -0.000104904 -0.00557995 -0.00209999 0.00384235 -0.00676394 0.00520897
322193 -0.00778881 0.00530016 -0.00448363 0.00128076 0.00224585 0.00660057 0.00108805 0.000857243 -0.00185927 -0.00181112 0.0032945 0.00723214 0.00232244 -0.0073395 -0.00231008 0.001175 0.000532874 -0.000353738 -0.00574009 -0.00737698 0.00137286 0.00533725 0.00301092 -0.00340206 0.00151232 0.0047525 -0.00369078 -0.00660597 -0.00314256 0.00238703 -0.000135362 0.00321746 -0.000112471 -0.00168325 0.00326832 0.00752884 0.000474377 0.000254592 -0.00177337 0.00338181 0.00228298 0.000515817 0.00710988 0.00106305 -0.00633088 0.00541173 0.00399467 0.00153657 0.00115743 -0.0066915 -0.0031345 -0.00186029 0.00611904 -0.00158222 0.00130761 -0.00774945 -0.00235729 -0.00661174 0.00255511 0.00500698 0.00490977 0.00201886 -0.00452639 -0.00356379
334047 0.00693705 0.0059868 -0.00355852 0.00236219 0.000396895 -0.0012765 0.00706785 -0.00580946 -0.00105203 0.000149978 -0.00441369 0.00621357 -0.0061344 -0.00495642 0.00144559 0.00418956 -0.00621421 -0.000756903 0.00603755 -0.00646444 0.00152097 -0.00230818 0.00408369 -0.00338203 -0.00158507 0.00550983 -0.00351963 0.00645087 -0.00198422 -0.00426909 -0.00501591 0.000319537 0.00433795 -0.00729157 -0.0052667 -0.00441618 -0.000673811 -0.00457927 0.00421031 -0.00398623 -0.00139924 -0.00100294 -0.00484978 -0.00141264 0.00212571 -0.00167739 0.00267773 0.00375447 0.00440693 0.0060833 0.00414459 -0.00480843 0.000272612 0.00123214 -0.0063728 0.00383776 -0.00543601 -0.00323641 0.00618546 0.00365513 -0.0013584 0.00149247 -0.00678282 0.00441951
261406 0.00617361 0.00247765 0.00567961 -0.00545454 -0.00586462 -0.00705433 -0.00669527 0.0055604 0.00338936 0.000345707 0.00436592 -0.00138283 0.00149632 -0.00128603 0.00042057 0.000379086 0.00377274 0.00377655 -0.00744915 0.00144815 -0.000994682 0.00066185 -0.00528097 -0.00229263 -0.00034523 0.00255919 0.000770092 0.000258923 -0.0027051 -0.000392437 -0.00368547 0.00370884 0.0024991 0.00260305 -0.00671005 0.0041008 -0.00319672 0.00330067 0.00467348 -0.00625229 0.00719643 -0.00659657 -0.00597954 -0.00697613 0.00577927 0.00463533 -0.00144529 -0.000518799 0.00128126 -0.00050354 0.00735474 -0.00752115 -0.00616598 -0.00303125 -0.00350523 -0.00130463 0.00344324 -0.0028553 -0.000448704 -0.00267076 -0.000207901 -0.00469875 0.00596523 -0.00150728
274588 0.00632781 -0.00686667 0.0031715 -0.00457858 0.00323034 0.000792205 0.00185588 -0.000642391 -0.00443429 5.69392e-05 0.000782244 -0.00270704 -0.00291165 0.00252862 -0.0034011 -0.00378026 -0.00198631 0.00180808 -0.00573166 -0.00703141 -0.00399963 0.000371312 -0.000640918 0.00135789 0.00299561 0.00320849 -0.00594332 -0.00646216 -0.00422442 0.00311356 0.00383261 -0.00556393 0.00677685 0.00687084 0.00622214 -0.000107363 -0.00691031 0.00037325 0.0063436 0.00401686 -0.00731259 -0.00322809 0.00226294 -0.00667181 0.00388202 0.0036958 0.005224 0.00688243 0.0022683 0.0051947 -0.00373621 -0.00612171 0.00070717 -0.000812246 -0.000894457 0.00572153 0.00257949 -0.00223872 -0.00519256 0.000733699 0.00566276 -0.000165172 -0.00146212 0.00266074
175504 0.000299802 -0.000235702 -0.0076981 -0.000611309 -0.00734615 -0.00513598 0.00429171 -0.00529275 -0.0013281 -0.00721469 -0.00494072 0.00723965 0.00717176 -0.00247789 -0.000330698 0.00607167 -0.00136206 0.00543868 -0.00296045 -0.000521995 0.00252725 0.00644994 0.00319347 0.0013955 -0.00170408 0.00662093 0.000208788 -0.00289747 0.00251024 0.0031053 -0.00585225 -0.00731348 0.00621482 0.00769839 0.00170349 0.00462517 -0.00372582 0.00204776 -0.00732365 -0.00488514 0.00551911 -0.00125506 -0.00511738 0.000463116 0.0033523 -0.00175241 -0.00264019 0.00505882 -0.00555991 -9.90018e-06 -0.000418353 -0.00427228 -0.00431136 -0.00211912 -0.00137934 -0.000850546 -0.00643431 -0.00586398 -0.00365802 0.00519821 0.00571652 -0.00741429 0.00603237 0.00191193
242330 0.00436735 0.00518656 -0.000110626 -0.00730848 -0.00210238 0.00219917 -0.00429773 0.00295019 -0.00323009 -0.0045104 0.00524235 -0.00569201 0.00371027 -0.00178194 -0.00404882 0.00492001 0.00441217 0.00325727 -0.00553083 -0.00239706 0.00506735 0.00513506 -0.000535965 -0.000675678 -0.000927925 0.00450039 0.00404215 -0.00165367 0.00303411 0.00437307 -0.00164461 -0.00497055 -0.00246239 -0.000349522 0.00269747 0.000722885 0.00654793 0.00040102 0.00168943 0.00574303 -0.00534534 -0.0033493 0.00172758 0.00774622 0.00354815 -0.00105333 0.00417042 -0.00351095 0.0037899 -8.86917e-05 0.00706482 0.0019145 -0.00734711 0.00668764 -0.000247002 0.00781107 0.0015955 0.00511885 0.000670433 -0.0057807 -0.00273991 0.00555801 -0.00670004 0.00459242
264306 -0.00416492 -7.86125e-05 -0.00191175 0.000859576 -0.00043113 -0.00460575 -0.0053026 -0.00366182 -0.00260853 0.00163876 -0.00530689 -0.00525051 -0.00236071 -0.00431067 -0.00480579 0.00715438 0.00635223 0.00729782 0.00365438 0.00311096 -0.00197563 0.00594073 0.00468988 0.00452889 -0.00473082 -0.00383886 -0.00177308 -0.00753334 0.00639773 0.00387204 -0.00693286 0.00600934 0.000987651 0.00064613 -0.006955 -0.00578828 0.000642186 -0.00470198 0.00108037 0.0042939 -0.005002 -0.00421057 -0.00220872 0.00063285 -0.00414004 -0.00715314 0.000216928 0.00723551 0.00182895 -0.00257105 0.000648277 -0.00696328 -0.00228838 -2.78512e-05 -0.000391408 0.00600652 -0.00294458 -0.00511721 -0.00344962 0.00595886 0.000988465 0.000482506 -0.00459695 -0.00434815
1703 0.00656897 -0.00200033 -0.00188583 -0.00519427 0.00180997 0.00167497 -0.00374622 0.00185855 0.000328825 -0.00305864 -0.00299353 0.00576024 0.00771199 0.00436915 -0.000727361 0.00357818 0.00307717 0.00623126 0.00245104 -0.00745526 -0.000879896 -0.00488788 -0.00352398 0.0029009 0.000190952 0.00439104 -0.00117036 -0.00185638 -0.00189772 0.00619466 -0.00617134 0.00666622 -0.00219969 0.00510071 -0.00425707 -0.00123046 -0.00553539 -0.00569368 -0.00228136 -0.00189657 0.00236245 -0.00655114 -0.00277466 0.00359887 -0.0048307 0.0063125 -0.000840702 -0.00716281 -0.00107092 -0.00699401 0.00120639 0.00430402 -0.0064889 0.00695504 0.00304108 0.00694456 0.00510645 -0.00203122 -0.0038363 -0.0073496 -0.0014478 -0.00610851 -0.00706252 -0.000785932
335015 -0.00164423 0.00553171 0.003315 -0.000181714 0.000865628 -0.00656777 0.00331504 0.00733901 -0.00260232 0.00615138 0.00683503 0.000958829 -0.00199717 -0.000224244 0.00233775 -0.00726281 0.00123606 -0.00350461 -0.00754789 -0.00267264 0.00281893 -0.00215287 0.00693624 0.00387337 0.00394878 -0.00266108 -0.00142511 -0.00507984 0.00283545 -0.00722801 -0.00711588 0.00147403 -0.00748999 -0.000256304 -0.00550233 0.00478304 -0.0040191 -0.00259953 0.0061883 0.00247737 0.00474389 -0.00502454 0.0063171 0.00212093 -0.00709199 -0.00489155 0.00680679 -0.0049661 -0.00216395 -0.00537512 0.00638297 0.000656631 0.00170367 0.00204681 0.00704326 0.000490351 -0.00389036 -0.00576606 0.00391337 -0.00757337 -0.00489413 -0.0056391 0.00521932 8.58382e-05
52221 0.00304556 0.00539207 -0.00638866 0.0024395 0.000983715 -0.00201321 -0.0046401 -0.00711966 0.00405312 -0.00066185 -0.00465155 -0.00674725 0.00294924 -0.00367594 0.00629759 -0.0031867 -0.000468731 -0.00210857 -0.00155592 -0.00588846 -0.00447178 0.000361919 -0.00208616 -0.00666046 0.00416517 -0.0022459 -0.0021944 0.00145817 0.00609303 -0.000481129 0.00571966 0.002738 -0.00242615 -0.00534296 -0.0032239 -0.00524282 0.00543356 -0.00350571 0.00209713 -0.00650978 -0.00202179 -0.00229597 -0.0075736 0.00503826 0.00388908 0.00110435 0.00561523 0.000626087 -0.00670671 0.00269842 0.00576544 0.00179815 0.0048995 -0.00127363 0.000890255 -6.7234e-05 -0.00473261 0.00258064 0.000626564 0.00451279 0.00348091 0.00272655 -0.002882 0.00676823
94496 -0.00208119 0.00374295 0.00372789 -0.00312484 -0.00163 0.003363 0.00653394 -0.006768 -0.00350148 0.00122449 0.0040357 0.0032027 0.00221808 0.00074944 0.00527126 -0.00126002 0.00456254 0.00688203 0.00627317 -0.00140656 0.00297829 -0.003418 0.00167749 -0.00370703 0.00651872 0.00502437 0.00484397 -0.00265312 0.00133492 0.00776031 -0.00667075 -0.00067543 0.00196872 0.00774831 0.00193583 0.00588868 -0.000390228 0.00715738 -1.7327e-05 0.00210637 0.00131098 0.00688282 -0.00700618 -0.00217991 0.00392154 -0.00413138 0.00131772 0.00436608 0.00366271 -0.00588545 -0.00301175 0.00382837 -0.00636473 0.00276843 -0.00276532 -0.00492257 0.00419093 0.00274632 0.00637261 0.00452148 -0.00245094 -0.00361578 0.00380157 0.00414153
325083 -0.000699841 -0.00107891 -0.00206735 0.000789548 -0.00283203 0.00557282 0.000657789 0.00411943 0.00576159 -0.00251107 0.0039639 -0.0033464 -0.00103481 -0.00372339 0.00117425 0.00493335 -0.000536466 -0.00355021 -0.00607138 0.00308367 -0.00401298 0.00402108 -0.00427299 -0.00131336 -0.00688071 -0.00497852 0.00452829 0.00123286 0.00531587 0.00656809 0.00247922 0.0035343 0.00247757 0.00221918 0.00168023 0.00509261 -0.00569525 0.00573946 0.00670448 0.00438913 -0.00508531 0.00427785 0.00660761 0.00497376 -0.00771136 0.00559011 0.00767172 -0.00683333 -0.00751072 0.000499363 0.000970756 -0.00485233 -0.00264597 -0.00357996 0.00093223 -0.000768946 0.00113437 -0.00192185 0.00205603 0.00718549 0.00590975 0.00739266 0.00569162 0.000665736
335503 9.20296e-05 -0.00283766 -0.00473595 -0.0071764 -0.00629807 -0.00730133 -0.00373554 -0.00225019 -0.0075469 -0.00269747 0.00541878 -0.00569963 0.00414038 0.00523949 0.00373363 -0.00154638 0.00637102 -0.00570107 -0.00590467 0.00764322 0.000212669 0.000966549 -0.00338888 -0.00575018 0.000822067 -0.00158072 0.00510597 -0.0073123 -0.00418234 -0.00712585 -0.00587463 0.0042119 0.00371838 -0.00399065 -0.00451612 -0.00174999 -0.00241184 0.00772429 0.00560045 1.04904e-05 -0.0019207 -0.00490999 -0.00735092 -0.00370646 0.00727224 0.00175953 -0.000855446 -0.00699043 -0.00625277 -0.00131798 -0.000379562 0.00320482 0.00653696 0.00102139 -0.00661421 0.00222349 0.0034008 -0.000380516 0.00765133 0.00380659 0.00231409 -0.00246954 0.00662994 -0.00311661
299353 0.00100176 -0.00315747 0.00688413 0.00623649 0.00770608 0.00755963 0.00409299 0.00113409 0.00317889 0.00194172 -0.00478167 -0.00670981 0.0052921 -0.0047787 -0.000693396 0.00135804 -0.00717584 0.0046271 0.000401583 0.00460358 0.00219971 0.00486931 -0.00251376 0.000165286 -0.00385609 0.00675086 0.00705366 0.00600731 0.00528211 0.00266558 -0.000505062 -0.00191984 0.00250146 -0.000781698 0.00626866 -0.000809247 -0.00595246 0.00518793 0.00350654 -0.0036095 0.00660811 -0.00757446 -0.00348383 -0.00364873 0.00122688 -0.00494011 0.00505429 0.00640611 0.0022193 0.00466549 -0.00169832 0.000695206 0.0038381 -0.00118056 -0.00492669 0.00167236 0.00486602 -0.00501258 0.00411332 -0.00645474 -0.000327914 -0.00120065 0.00271188 0.00113389
168195 -0.00511742 0.0041585 0.00500584 0.00400019 0.00422335 0.00707579 -0.00429344 0.00207663 -0.00129747 0.00491476 -0.000853539 -0.00149632 -0.0023222 0.00418997 -0.00251198 -0.00342464 -0.00339508 -0.00731897 -0.00138187 -0.00608015 -0.00372648 -0.00590181 -0.000736237 -0.00545406 0.00026989 0.00369406 0.00301266 0.00510836 -0.00418758 0.00160551 -0.00491381 0.0051446 0.00339937 -0.00148582 0.0022912 -0.00178719 0.00729084 -0.00209808 -0.000625134 -0.00694704 -0.00711155 0.00136566 -0.00667381 0.00607872 -0.00321674 0.00377369 -1.62125e-05 -0.0031743 0.00491619 -0.00465775 -0.00551271 -0.000469208 -0.00475931 -0.00445032 0.00305843 0.00309896 0.00720835 -0.00465918 -0.0042243 -0.00111675 0.00321817 0.00440454 -0.00217819 -0.00147152
331351 -0.00190067 0.00186157 0.000756264 0.00381088 0.00301886 0.00277138 -0.00247288 -0.00365734 -0.00573969 0.00753641 0.004035 0.00720453 0.000136852 -0.000257969 0.00033474 0.00624943 0.00085783 -0.00610685 -0.001966 -0.000740528 0.000247955 0.00169706 -0.00488997 -0.00541735 -0.00462389 -0.0035162 -0.00656176 -0.0069499 -0.000129223 -0.00557709 -0.00348043 0.00655413 0.00323963 0.00398922 0.00643921 -0.00653791 0.00632572 -0.00641012 4.76837e-05 -0.00250769 -0.000390053 0.0038147 -0.00285006 0.00323534 -0.00676155 0.00733519 -0.0024395 -0.00193644 -0.00327444 0.00229263 -0.0064311 0.00361633 -0.00527954 0.00470829 0.00654173 0.00410414 0.00428867 0.00386906 -0.00516272 0.0033679 -0.0055356 -0.000647545 0.00362539 -0.00268841
336042 0.00351304 -0.00385348 -0.00245861 -8.89207e-05 0.000391189 -0.00158586 -0.00319402 0.00304293 -0.00257249 0.00331044 0.00447605 -0.00693263 -0.00766749 0.00420234 0.00191517 -0.0022513 -0.00345875 0.00469836 6.42458e-05 0.00506687 -0.00715788 0.00601841 0.00161232 -0.00599428 0.00266218 0.000109382 0.00225395 -0.0037357 -0.00481 -0.00632332 -0.00404915 0.00676202 0.00661995 0.0023311 0.00256729 0.00652261 -0.000830467 0.00769445 0.0044977 -0.00633702 -0.00083808 0.00497344 -0.00129253 0.0044681 -0.00239979 -0.00715073 0.00362143 0.00484011 -0.00405734 0.00241287 -0.00695604 -0.00647065 -0.00727805 0.000779901 0.00256176 -0.00547679 -0.00224601 0.000400073 0.00569273 -0.00171019 -0.00581909 -0.00768156 -0.00726328 -0.00187808
317914 -0.00375414 0.00102854 0.00657749 -0.00571108 0.000466347 0.00556946 0.00423765 0.00225258 -0.00769234 -0.00646687 0.00285292 0.000177383 -0.00691032 0.000792503 0.00414181 -0.00691652 -0.00205755 -0.00186682 -0.00165367 0.00354958 0.0074811 -0.00672579 -0.00380421 -0.00559759 0.0042758 0.00603724 -0.00141382 0.00219059 -0.00137472 0.0040493 -0.00667286 0.00244045 -0.00528955 0.00357771 -0.00199604 0.004251 0.0016427 0.00102711 0.00392866 0.00459957 0.00297117 0.00217724 -0.00352192 0.00304174 -0.00645208 0.00220251 0.000548363 0.00405073 -0.00268078 -0.00394821 -0.00170612 0.00455809 0.00305033 -0.00277519 -0.00399828 0.00331259 -0.00280666 0.00389957 -0.00647068 -0.00163174 -0.000348091 -0.000172615 -0.00747395 -0.00630331
336671 0.000384849 0.00707635 4.86673e-06 -0.00320671 -0.000448884 -0.00328903 0.00711507 -0.00249454 0.00205608 0.0029456 -0.00619445 0.00221899 -0.00229976 -0.00377696 0.00117209 0.00653417 -0.00389311 0.00183151 -0.0057192 -0.00514279 0.00729438 0.00426746 -0.00447604 0.00513666 0.00578877 -0.00187288 0.00642167 0.00600141 0.00351856 0.00688304 -0.00356681 -0.0019302 0.00337447 -0.00553326 -0.00778493 -0.00735889 0.00615395 0.00468582 -0.00270295 -0.00132394 -0.000932386 0.000711091 -0.00320197 -3.30566e-06 0.00373125 0.00688127 -0.00583 0.00606862 0.00359885 0.0069907 0.00681743 0.00159196 0.000605726 -0.000192641 -0.000518978 0.00462204 0.00419897 -0.00589869 -0.00592563 -0.00509167 0.000358414 -0.000828328 0.00678183 0.000272875
295797 0.00104523 -0.00296926 0.00459766 -0.00598049 0.00175095 -0.00087738 0.000514507 4.29153e-05 -0.00483942 0.00167942 -0.00468111 -0.00365543 -0.00635147 0.00497293 -0.00518513 -0.00227785 0.00531054 0.00442648 -0.00282526 0.00253487 -0.00564909 -0.00599146 -0.00732279 -0.00355291 0.00501156 -0.000986099 -0.00508976 -0.00491476 -0.00456667 0.00688648 0.00529003 0.00596857 -0.00185585 0.000673294 -0.00755167 0.0010376 -0.00268221 -0.00499249 0.00708008 -0.00111294 -0.0011301 -0.0020299 -0.00181818 0.00427198 -0.00396872 0.00184727 -0.00184631 -0.00224829 -0.00602436 0.00425482 -0.00731564 0.00428438 -0.000743389 0.00640488 0.00228024 -0.00385904 -0.00299025 0.00560236 0.00384474 0.00269699 -0.00644493 0.00688076 0.000427246 -0.00502253
156218 0.00670954 -0.00725643 -0.00744367 -0.00439622 0.0034081 0.000838801 0.00299432 -0.00217976 -0.00523617 -0.00123283 0.00204594 0.00320307 0.00755228 0.00250798 -0.00507406 -0.00356574 0.000926663 0.00231296 -0.00721329 -0.00461187 -0.00562849 0.00326958 0.00425565 -0.00662124 0.00750827 -0.00742043 0.00359095 -0.00409499 -0.000996022 0.000979969 -0.00360202 -0.000661423 -0.000723073 -0.00673359 -0.00176233 0.00418558 -0.00125523 0.0031688 0.000959891 0.00490843 0.0060699 -0.000846124 0.00694861 0.00128083 -0.0067642 0.0055404 0.00268298 0.00512127 0.00238001 -0.00393359 0.000341545 -0.00684133 0.00509702 0.00712081 0.00140725 -0.00107132 -0.00703927 0.00251737 -0.00405309 -0.00264457 -2.79654e-05 0.000274594 -0.00711342 -0.00600234
218385 0.00248376 -0.00744552 0.00629557 0.00371621 -0.00704559 -0.00215807 -0.00607751 0.00216766 0.000614695 -0.00441287 0.000719423 0.0042646 -0.00428893 0.00325988 0.00335891 -0.00644729 -0.0026608 -0.000167051 0.00600196 -0.00306394 -0.00617215 0.00266253 0.00776233 -0.00245694 -0.00464145 0.0015477 0.00171116 -0.00409226 -0.000194916 -0.00610028 0.000920907 0.00615582 0.00353854 -0.00205196 0.00123524 0.000185122 -0.00494219 0.0055687 0.00145738 -0.00718507 0.000735021 0.00168769 0.00593103 -0.000138651 -0.00543882 -0.00275374 0.00574011 -0.000572163 -0.00769124 -0.00164664 0.00384308 0.00350282 0.000671302 -0.000225471 0.00169783 -0.00498459 0.00154472 0.00384835 -0.00179598 -0.00636081 0.00133082 -0.00415927 -0.00416447 0.00579937
330590 -0.00313866 0.00270208 0.00232507 -0.00307135 -0.00199443 -0.00613278 0.00756171 0.000925255 0.00460383 0.00124849 0.00160826 0.00454398 0.000267883 -0.00164344 -0.00136938 0.00328881 0.00103586 -0.00667725 0.00699926 0.00732982 0.00273228 0.00179573 0.00412187 0.00260021 0.00552866 -0.00596969 -0.0025398 0.00586147 0.00684016 -0.00180888 -0.00454382 -0.00041113 -7.20152e-05 0.00143869 0.00094253 -0.0050024 -0.00573744 0.00200786 0.00746513 -0.00648395 0.0022429 -0.00481929 0.00148153 0.00112529 0.00708964 -0.00461178 -0.00240006 0.00665747 -0.00222534 0.00361493 0.000750733 0.000264734 0.0077805 0.00578849 0.000208268 0.0055233 -0.00683517 0.00493644 -0.000685059 -0.0014861 0.0026382 0.00220475 -0.00243996 -0.00038736
184861 0.00618649 0.00590801 0.00750637 -0.00708437 0.00704288 0.00048399 0.00766563 0.00544214 0.00649595 0.00141287 0.00709343 0.00119162 -0.00682926 0.00221348 -0.00171995 0.000843048 -0.00476503 0.00266647 0.00502634 0.00314522 0.00758696 0.00243902 0.00209904 -0.00548172 0.00445271 -0.00714827 0.00698471 -0.00243139 0.00567245 0.00293779 -0.00441933 0.00763178 0.000858784 -0.00187397 0.00462484 0.0024085 -0.00342178 0.000215054 -0.00540495 -0.00119209 0.00636768 -0.00741148 0.00774193 -0.00168896 -0.00126934 -0.00503874 0.00748777 -0.00189781 -0.00206184 -0.00339031 -0.0036397 0.00302076 -0.00661612 0.00737476 0.0018158 -0.00316477 -0.00703621 -0.0064826 -0.00413275 -0.00460529 0.0012188 0.00458813 -0.00587034 -0.000468731
117908 0.00771672 -0.00720288 -0.00605961 0.00152176 0.000767366 0.00583355 -0.00278852 0.00358449 -0.00186753 0.00524952 -0.00383568 -0.000797671 0.000943649 0.00596843 -0.00358477 0.00047339 0.00204032 -0.00695479 0.00152655 0.000159379 0.00282718 -0.00139767 0.0026691 -0.00173525 -0.0022788 -0.00263294 0.00726287 -0.00251703 0.00528615 0.00509334 -0.00653916 0.00346827 -0.00466408 0.0060118 -0.00384721 -0.00292412 -0.00561203 -2.81286e-05 -0.00694104 -0.00736187 0.00112954 -0.000776114 -0.000204033 -0.00751171 -0.00780798 -0.00126616 -0.00565873 -0.000272103 -0.0045057 0.00108669 0.00389284 -0.00766456 -0.00518715 -0.00534244 0.00352939 0.0056377 0.00262167 -0.00381539 -0.00778895 0.00692016 0.00217454 -0.00405003 0.00501421 0.0060651
322493 0.00213385 -0.00709629 0.00409412 -0.00645304 -0.00115728 0.00585127 0.00242662 0.00670433 -0.00504112 -0.00162888 0.00247622 -0.00428867 -0.00444841 -0.00716686 -0.00504017 -0.00702238 0.00464678 -1.57356e-05 0.00574875 0.0062356 0.00612068 0.00769377 -0.00107384 -0.000178337 -0.00123644 -0.000915051 -0.00119019 -0.00700331 0.0068965 -0.00628996 0.00466967 -0.000581264 -0.00425386 0.00385475 -0.00156927 -0.00716734 0.00358152 -0.0066247 -0.00590515 -0.00190687 -0.00205326 -0.00321436 0.00729656 -0.00741577 0.00236464 0.00161409 0.00310373 -0.00159645 0.000849247 0.00175762 -0.00265503 0.00349569 -0.00527668 -0.0032773 -0.00541544 -0.00164652 0.000332355 0.000725269 0.000524044 0.000853062 0.00277281 -0.00719929 -0.0049324 -0.00354385
255141 -0.00202084 -0.00311184 -0.00552702 -0.00552177 -0.00233841 0.00428963 -0.0049448 0.00265741 0.00443554 0.00559855 0.00500298 -0.00428963 0.00351572 0.000745296 0.00364828 -0.00737572 -0.00606298 0.00425053 0.00349331 0.00586748 -0.00369835 -0.00753069 0.0074687 -0.00711393 -0.00248909 -0.0025959 0.00546694 -0.00505114 0.00386429 -0.0029974 0.00575733 -3.62396e-05 0.00672388 -0.00598097 -0.00466967 -0.00443459 0.00088501 -0.00414991 -0.00336218 -0.000892162 0.00047493 0.00617552 0.00541687 -0.00039196 0.00501251 0.00644207 -0.00731707 0.00452137 0.00108767 0.00677252 0.00557423 0.00139999 -0.000837326 0.00370359 0.00327301 -0.00393581 0.00344944 0.00246906 -0.00607967 -0.000167847 -0.00750256 0.0037322 -0.000618458 0.0024457
35882 -0.00405785 0.00309926 0.00752808 0.0063567 0.00133087 -0.00290655 0.00141303 0.00279195 -0.00495665 -0.00303847 0.00616664 -0.00365859 -0.00326434 -0.00267718 -0.00682135 0.00585814 -5.83138e-05 -0.00554178 0.00401273 0.00697601 0.00675694 0.00157675 0.00580694 -0.00536774 0.00737891 -0.000512003 -0.00353054 0.00636043 -0.00260164 0.00406057 -0.00329459 0.00175833 -0.00620187 0.00222452 -0.00588819 0.0034251 0.00214217 -0.000547238 0.0075095 0.00314318 0.00452379 -0.0064641 -0.00738847 0.0068565 -0.000596199 -0.00745838 -0.0076618 0.00497387 0.006672 0.000849937 0.00264924 0.0056798 0.00639628 -0.00215229 0.00322383 -0.00359172 0.00581768 0.00469947 0.00018769 0.00294611 -0.000100347 -0.0016934 -0.00158928 0.00120741
328275 0.00454508 0.00211492 -0.000222453 0.00779789 0.00611068 0.00363033 -0.00688163 -0.0050568 0.00563101 -0.00276252 0.000529991 0.00261977 0.00183246 0.00487856 0.00445952 2.23894e-05 -0.00206979 -0.00166859 -0.00689095 -0.00604841 0.000573848 -0.00218366 -0.00514459 -0.00112806 0.00267794 0.00468122 -0.00431773 0.00681063 -0.00353752 -0.00382167 0.000865174 -0.00627693 -0.00714739 -0.000541488 -0.00565961 0.0067652 -0.00021388 0.0040142 -0.00553388 -0.00591142 -0.00189618 -0.00468153 0.00649258 -0.00029042 -0.00747063 -0.00607395 -0.00765856 -0.00551886 0.00459551 0.00773744 0.00170761 -0.00309147 0.00688436 0.000498589 0.00701908 0.00488854 -0.0064931 0.00293814 -0.00751682 0.00149204 -0.00123872 0.000868554 -0.00398594 -0.00668415
338185 -0.00676886 -0.00768033 -0.00196459 0.000838549 0.000544401 0.00424915 -0.00344088 0.00611775 0.00461654 0.0077206 0.00618258 -0.00395202 0.00628136 0.00665707 -0.00738094 -0.00279764 0.00232966 0.00443486 -0.00433793 0.00603629 -0.00442448 -0.00144915 -0.000970628 0.00709185 -0.00317592 0.00455017 0.0035989 -0.000661052 0.00228768 -0.00630351 0.00263396 0.00372366 0.000659482 -0.004125 0.00321884 0.00370328 -0.00599283 0.00159378 -0.00445043 -0.0049343 -0.00735648 -0.00667542 -0.00137087 0.00274793 -0.00068928 0.00556468 0.00626394 0.00681697 0.00534878 -0.00346512 -0.00751504 -0.005301 -0.00111092 -0.00608543 0.00394942 0.00348219 0.00724895 0.000361874 -0.00144858 -0.00540034 0.00207435 -0.00347532 0.0039083 0.00279301
172980 0.00173573 -0.00451371 0.00575674 -0.00469641 -0.00348259 0.00267824 -0.00101214 -0.00711518 -0.000520058 0.00624382 0.00201218 -0.00274391 0.00547808 -0.0063042 -0.00130127 -0.00392481 0.00406159 -0.00642345 -0.00245574 -0.00356781 0.0016884 -0.00220575 0.00368188 -0.0025669 -0.00464428 -0.00153094 -0.00277827 -0.00535257 -0.00745995 -0.00646255 -0.00588834 0.00501917 0.00629678 -0.00624403 0.00466802 0.000151693 -0.00723341 0.00767566 -0.00592715 0.00575489 0.00748086 -0.00727395 0.0067221 0.00140314 -0.00450915 -0.000979282 -0.00689371 0.00555513 -0.00397817 0.00674084 0.00374434 -0.00485644 0.00413768 -0.00051018 0.00673113 -0.0023721 0.0018354 -0.00757201 0.00721404 0.00487488 -0.000805975 -0.006085 -0.00533058 -0.00106101
96069 -0.000404125 -0.00551858 0.00271961 -0.00666852 -0.00176522 -0.00520731 -0.00459702 -0.00208771 0.00578118 -0.005804 0.00618329 0.00333511 0.00242853 -0.00384275 -0.00688662 0.0029711 0.00181529 0.00133754 0.00779362 0.00419025 0.00550889 -0.00264367 0.00183005 0.00271788 -0.00382897 -0.00649217 -0.00735742 -0.00394114 -0.000137398 0.000475331 0.00666279 -0.00572555 0.00628318 0.00313127 0.00591093 -0.00563924 -0.00354761 -0.00143741 -0.00299424 0.0020382 0.00701624 0.00666676 -0.00224633 0.0044548 -0.00397269 0.000425603 -0.00229734 -0.00702902 0.00257403 0.00718748 -0.00604624 0.00250011 0.00510358 -0.000673697 0.00445884 0.000741482 0.00238158 -0.00181695 -0.000735527 -2.95153e-05 0.00320985 -0.00604798 -0.00433389 0.00585172
338444 -0.00472777 -0.00460884 -0.00750786 0.00469363 0.00194134 0.00010115 0.00449061 -0.00667266 -0.000421578 -0.00371084 -0.00241397 0.00371299 -0.00738574 0.00506167 0.00149344 0.000968632 0.00224401 -0.0072514 -0.00316648 -0.00174452 0.00143975 0.00679268 -0.00551836 0.00102466 0.00472433 0.00481236 -0.0019142 -0.00149613 0.00181523 -0.00422743 0.00105834 0.00720372 0.0055334 -0.00488066 0.00652865 0.00782117 -0.00270164 0.00547388 0.00316547 -0.000563335 -0.00497811 -0.00665943 -0.00609303 -0.00251963 -0.00776442 -0.00295428 -0.00535577 -0.00471437 -0.00350332 0.0062702 0.00755336 -0.00291992 -0.0075902 -0.000733903 -0.00573316 0.00258404 -0.00502669 -0.00275714 -0.00521264 0.0026745 0.0034579 0.00519837 -0.00484791 -0.00723137
80166 0.00508235 -0.00333768 0.0018063 0.000213122 -0.00388889 -0.00117245 0.00557588 0.00620763 -0.00363794 -0.00179967 -0.00578371 -0.00451761 -0.00528905 0.00367642 -0.00563428 -0.00351395 0.00403502 0.00342002 0.00505591 0.00218201 0.0070821 -0.00326046 0.0061147 -0.00603836 0.00328393 -0.007484 -0.00153355 0.00510197 -0.000344107 -0.000241102 -0.00712284 -0.00634222 0.000667329 -0.00449646 -0.00193642 0.00737124 -0.00438998 0.00478786 0.00384201 0.00521819 -0.00149889 -0.00282923 -0.0063765 0.00491065 -0.000938871 -0.000684191 -0.00234852 -0.000682196 0.00390622 0.00420917 0.00293632 -0.0014145 -0.00444503 -0.00277635 -0.00337177 0.000658572 0.00469134 -0.00698401 0.00597487 -0.00363655 -0.00275667 -0.00275424 0.00474379 -0.000625815
33248 0.00632459 0.00446876 0.00282726 0.00534779 -0.00727169 -0.0052375 0.00163887 -0.00686813 0.00358415 -0.00651352 0.0064144 -0.000673783 0.00407606 -0.00128791 -0.00281064 0.00381977 -0.00187838 -0.00148827 0.0026068 0.000350461 0.00136274 -0.00763894 0.00629006 0.00648019 -0.00272982 0.00298774 0.00200837 -0.00455552 0.0023978 -0.00626059 0.00560165 0.00497087 -0.00358444 0.0064578 -0.00428376 -0.000935658 -0.000611306 -0.00366628 -0.00204551 0.00344977 0.0055803 0.00766322 0.00322843 -0.00338699 -0.00775472 -0.00542819 -0.00316327 -0.000210503 -0.00384446 -0.00647462 -0.00670915 0.00320684 0.0049061 -0.00114153 -0.00703891 0.000655445 0.00197479 -0.00347718 0.0059124 0.00361947 0.00525997 -0.00564213 -0.00285822 -0.00498064
156423 -0.000382287 0.00152681 0.0067101 0.00657348 -0.00406719 -0.000528957 0.00333849 -0.00333385 0.0054197 -0.000986552 0.00519909 -0.00329485 -0.00732823 0.0045846 -0.00384419 -0.00193578 -0.00104657 -0.00218843 -0.00116886 0.000756343 0.00193829 -0.00448775 0.00385467 -0.00671292 0.000233252 -0.00356081 -0.00643532 0.00380008 -0.00448045 -0.00187047 -0.0076869 0.00657713 0.00506764 0.00684027 0.0067346 -0.00338313 -0.00680982 0.00340277 -0.00766066 0.00146005 -0.00375763 0.00657738 0.00556441 -0.00297581 0.00231447 -0.00673148 0.00591563 -0.000802564 -0.00071407 0.00587679 -0.000379496 -0.000681182 0.00317499 0.00207303 0.00369193 9.00728e-05 -0.00368567 -0.0045768 0.00671364 -0.00771778 -0.00638209 -0.00264288 -0.000348206 0.00371867
266616 -0.00643375 -0.00596212 0.00133215 -0.00193023 0.00189489 0.00107456 -0.00199134 0.00471128 -0.00622887 -0.0073583 0.000885546 -0.007383 0.00260004 -0.00318829 0.00114743 -0.00645431 -0.00261825 -0.00214807 -0.00491516 0.00338209 0.00326906 0.000198531 -0.000306208 -0.00497804 0.00202376 0.00353586 -0.00301333 -0.0059041 0.00380825 -0.0059103 0.00760619 0.00296684 8.77912e-05 -0.0010396 -0.000580603 0.00600858 0.000672759 -0.00537318 0.00169987 -0.0011038 0.00556647 -0.000820612 0.00698498 0.00731133 0.00510075 -0.00176575 -0.000607007 -0.0076721 0.000475222 0.00251631 0.00377427 -0.00126136 -0.00355642 -0.00317834 -0.00538371 0.00443217 0.00499843 0.000781568 -0.00274114 0.000583847 -0.00137661 -0.000770547 0.000458613 -0.00525291
248110 0.00448195 -0.00386534 -0.00223493 -0.00245793 -0.000790555 -0.00448272 -0.00373424 -0.00268391 -0.000438543 0.00702087 -0.0040758 -0.000117282 0.00574392 0.00544613 -0.00172321 -0.00331428 0.0077959 0.00284643 0.000646166 0.000541727 0.00744137 -0.00750012 0.00257753 -0.00244062 0.000453077 0.000125982 -0.00287144 0.00062969 -0.00293372 0.00207852 0.00466805 0.00638403 -0.00613192 -0.00705357 -0.00340741 -0.00588921 0.00650109 -0.00676264 0.00141858 0.00315694 -0.00200263 -0.00147992 0.00594009 0.00498402 -0.000246032 0.00439263 0.00658164 -0.00266756 -0.00552363 -0.000718521 -0.00455012 0.00548254 -0.00159009 -0.00312691 0.0018907 -0.00422622 0.00632279 0.000226342 0.00521396 -0.00365313 0.00192024 0.000896096 -0.00434482 -0.00781681
251470 -0.00602735 -0.00174426 -0.000531172 -0.000842196 -0.000137928 0.00215379 0.00112706 -0.00637567 -0.000910575 0.00433814 0.000463977 -0.00781159 -0.00248333 0.00597112 -0.00259486 0.00612997 0.005548 -0.00648323 0.0013393 -0.00763285 -0.00675179 -0.00227844 -0.00214224 -0.00533063 0.0011589 0.00128697 0.00225886 0.0029973 -5.27484e-05 0.0033749 0.00685945 0.00572996 0.00663445 0.00668856 -0.00221109 -0.00190358 0.0029744 -0.000897575 0.00618756 -0.00177035 -0.00715202 -0.00585275 -0.00681836 0.00682213 -0.00665762 -0.00104747 0.00203694 -0.00671673 -0.000419626 0.00448766 0.00351915 3.80798e-05 -0.000269709 0.00779068 0.00687477 -0.00485127 0.00191368 0.00484141 0.00376586 0.00212026 -0.0069956 -0.00477997 0.00480162 -0.00345254
212071 -0.0059824 -0.00119019 0.00200176 0.00506878 -0.00775909 0.0013485 0.00759506 0.00497246 0.00775099 0.00156355 0.00128508 -0.00203753 -0.0033288 -0.00278425 0.000435352 -0.0030036 0.00496244 0.00551128 0.00635338 0.00237894 -0.00595665 0.00203848 -0.00573492 0.00355244 0.00183153 -0.00152588 -0.00274897 0.00417089 -0.00191259 0.00270224 -0.00149822 -0.00229025 0.00388718 0.00343609 -0.0053134 0.000533581 0.00599146 0.00425625 0.0072875 0.00718355 0.00154877 -0.000864506 -0.00155401 0.0060482 0.000781059 -0.00750065 -0.000574112 -0.00169039 -0.00503111 0.00276852 0.00198174 0.00208187 -0.00137663 -0.00382614 -0.00112915 0.000249386 0.00129747 0.00230074 0.00504589 0.00142765 0.000422955 -0.00122976 -0.00736713 0.000681877
321408 -0.00250954 0.00402242 -0.00687324 -0.00621494 0.00398141 -0.00318055 0.00297181 0.00359401 0.00178652 0.00778402 -0.0069778 0.00652968 -0.00147462 0.00153069 0.00145795 -0.000760622 -0.00299222 0.00386293 0.00154608 -0.000588036 0.00424334 -0.000588362 -0.00721427 0.00232069 -0.00750375 0.00674866 0.00596693 -0.000610252 0.000445358 -0.0030291 0.00303127 0.00238427 0.00591022 0.00108692 0.00238197 0.00731235 -0.00769521 -0.00707316 0.00358273 -0.00165812 -0.00351475 0.00303538 -0.00320727 0.00373079 -0.00216974 0.00339364 0.00455931 0.00718024 -0.00103145 0.0022649 0.00404868 0.00778126 0.00113994 -0.00094758 0.00607677 0.000863336 0.0061031 0.00365075 -0.00214088 0.00116704 -0.00202798 0.00447302 -0.00566673 0.00509302
279479 0.00509621 -0.00337711 -0.000344029 -0.00133557 -0.00771997 0.000136459 -0.00201117 0.000842504 -0.00342228 -0.00689543 -0.00629449 -0.000516433 0.00619085 0.00212737 0.00239133 0.0036405 -0.00393775 -0.00711101 -0.00382101 0.00697723 -0.00529006 0.00730479 0.00210622 -0.00751936 0.00212346 0.00197058 -0.0024168 0.00733419 -0.00746377 0.00654675 0.00480969 0.000829311 -0.00611423 -0.00589847 -0.00311956 0.00100965 -0.0066041 0.00401777 0.0019292 -0.00526964 0.00471878 0.00328224 0.00235963 -0.00683883 -0.00065528 -0.00462364 -0.000170891 0.00676918 0.00642133 0.00335056 -0.00060497 0.00552864 0.00551577 -0.00128322 0.00216481 -0.00532916 -0.00537952 -0.0034809 -0.005711 0.000457628 -0.00138386 -0.00238407 0.00592469 0.00259232
302030 -0.00589511 -0.00154688 -0.00626881 -0.00172364 0.000341661 -0.000565581 -0.00448272 0.000208477 -0.000350646 -0.00214085 -0.00208213 -0.00262904 -0.000581789 0.00571218 -0.00264832 -0.00679309 -0.00695494 0.000245589 0.00725991 -0.00605534 0.00670537 0.0040506 0.00761484 -0.000921143 0.00507924 -0.000828474 -0.00394015 0.00753286 -0.000955136 -0.00290613 -0.00403603 -0.00247718 0.00364007 0.000420783 -0.00665699 0.00315586 0.00166863 0.00613997 0.00131555 -0.00401945 -0.00136746 0.00507901 0.00583474 0.00662423 -0.00322254 0.00247029 0.00669687 0.00744038 0.00433013 -0.00148656 0.00119938 0.00710716 0.00223324 0.000818607 -0.000241687 0.00273723 -0.000253627 0.00764318 -0.00122817 0.00623723 0.00740574 0.00239164 6.67416e-05 -0.0062547
180349 -0.00354233 -0.00775686 0.00220187 -0.00532187 0.00103146 0.00626201 0.00626301 -0.00259998 -0.0049141 0.00775038 -0.00753117 -0.00263186 -0.00304297 -0.00447287 0.00391492 0.00563762 0.00233551 -0.00107831 -0.00278458 -0.000545365 -0.00448804 0.00708785 0.00242066 -0.00758651 -0.000879415 0.0054914 0.00177816 0.00302807 0.0055442 0.00460063 0.00770359 0.0047609 0.000742816 -0.00113761 -0.000966955 -0.00371718 0.00166916 0.00693343 -0.00708397 -0.00611209 0.00530784 0.00583404 0.00572457 0.00611804 0.00495846 0.00401693 0.0075552 -0.00390378 0.00318996 0.00372308 -0.000838716 0.000916641 0.00518244 0.00328787 0.00374264 0.00711527 -0.000251411 -0.00664296 -0.0077776 0.00197875 0.00602763 0.0040126 0.00404972 0.00256396
71011 0.00505723 -0.000177696 -0.00284643 -0.00229621 0.00628259 -0.00681933 0.00190577 -0.00410256 0.00607419 0.000664777 0.00318747 0.00444583 -0.00586201 -0.0061233 0.000544742 -0.0073369 -0.00076018 0.000989597 -0.00130371 -0.00767675 0.00237582 -0.00522923 0.00309072 -0.00252683 0.0054722 0.00472332 0.00745532 0.00464415 0.00537249 -0.00532187 0.000971029 -0.00423028 0.00539481 0.00738556 -0.0021681 0.00193565 0.00146559 0.00622984 0.0069933 0.00363427 -0.00288153 -0.00485975 -0.00726385 -0.00726079 -0.000274047 0.00278167 -0.00742874 -0.00126959 0.00563088 -0.00407644 0.00645246 -0.0012511 0.00478835 -0.00384761 -0.00454937 -0.00236982 -0.00371232 -0.00392152 -0.00536767 -0.00534916 -0.000410648 -0.0045221 0.0061421 -0.0016189
1380 0.00498009 0.00398779 0.00548935 -0.00617218 0.00459242 0.00293207 -0.00687218 0.00704622 0.00109577 -0.00644732 0.00123358 0.000141621 -0.00591087 -0.000385284 0.00473928 0.00759172 -0.00188065 -0.00494576 0.00530767 -0.00389481 -0.0018158 0.000141621 0.00274992 0.000202179 0.00628042 0.0039134 -0.00209093 -0.000171185 -0.000244617 0.0033927 0.00698423 -0.00149584 -0.00121069 0.00481415 -0.00303078 0.00267887 0.00126982 -0.00386381 0.00343513 0.0014348 0.00112963 0.00167131 -0.00343227 0.00657177 -0.00408459 -0.00625658 0.00670433 0.00221586 0.0065279 0.00658512 -0.00285482 0.00462437 -0.000720501 -0.00699615 -0.00451279 0.00318384 -0.00116205 0.00340223 0.0025115 -0.0010829 0.000944614 -0.00669098 0.00235748 0.00523233
97467 0.00472837 -0.00472395 -0.000721424 -0.00714301 -0.00774853 -0.00757902 -0.00154202 0.00311504 0.00326897 -0.00449104 -0.00314921 0.00508536 0.00779059 0.00382346 -0.00494425 0.00220625 0.00556969 -0.00681507 0.00290355 -0.00471769 -0.00706303 0.00157094 0.00235993 -0.00569956 0.0071204 0.00253604 -0.00299545 -0.000663689 -0.00231909 -0.00361878 0.00225093 0.00181035 0.00117477 -0.00654261 -0.00400094 0.00442132 -0.00652754 0.00767718 -0.00310515 0.00252258 0.00537487 -0.000603236 -0.00766706 0.00185665 0.000572736 -0.00470679 -0.00678047 0.00127438 -0.00712062 -0.00292005 2.54573e-05 -0.000923353 -0.00518811 -0.000497588 0.0008027 -0.00202253 -0.00651337 -0.0048746 0.00464827 0.00614108 -0.000389663 0.00606426 -0.00338507 -0.00758873
269212 0.00500648 0.0033003 0.00538382 -0.00314475 0.00467744 0.0045021 -0.0025899 -0.00459779 -0.00323612 -0.00779522 -0.00759811 0.00074944 0.00714384 0.0053624 0.00466339 -0.0014549 0.00469918 -0.000420415 0.000698466 -0.00226019 0.00442688 0.00089435 -0.00493993 -0.00298234 0.00574766 0.00774051 0.00523019 0.00626382 0.000323017 -0.0060388 0.00236581 0.00234017 -0.00633306 -0.00101045 0.00219398 0.00535184 -0.00611441 0.00166589 -0.00582322 -0.00138133 0.00561285 0.00126558 -0.00581721 0.00307914 -0.00266192 0.00242701 -0.00292735 -0.0015194 0.00640909 -0.00101244 0.00481177 0.00171862 0.00520691 -0.00207085 0.000654669 -0.00470333 0.00533083 0.00579358 -0.00243893 -0.000195235 -0.00712326 0.00334051 0.000643887 -0.000391864
340607 -0.00128274 0.00301307 -0.00409805 7.19667e-05 0.00686548 -0.00399009 -0.00722087 0.00307319 0.00469229 -0.00718322 -0.00181894 0.00778845 0.00307072 -0.004683 -0.00364562 -0.00473373 0.00205214 -0.00490898 0.000124958 0.00356386 -0.00426575 0.00768672 -0.00258632 0.00203813 0.00779587 0.00321966 -0.000428405 0.000128704 0.00108859 -0.00693044 -0.00050482 0.00459042 -0.00343546 -0.0074995 -0.000600758 -0.00427442 -0.00502145 -0.00642256 -0.00573018 0.0050256 0.00550483 -0.00300915 -0.00723539 -0.00430874 -0.00676211 0.00222928 -0.00722374 0.00413438 0.00290955 0.00478991 -0.00659678 -0.00683138 0.00531262 -0.00601027 0.00769697 0.000610244 0.0048042 -0.000370582 0.00127266 0.00246301 0.00143605 -0.00623087 0.00261688 -0.00388241
217642 0.00217438 -0.00716305 -0.00230312 0.00451851 0.00295973 -0.00586176 -0.00463915 0.00615788 -0.00445747 -0.00138187 0.000933647 0.00771904 -0.00125885 0.00375938 0.00337839 -0.0012207 -0.0036068 -0.000427723 -0.00517178 0.00503111 0.000284195 -0.00750399 0.00255394 -0.00465727 -0.00463629 -0.00381327 -0.00386047 -0.000389576 0.00114727 -0.00152636 -0.00639248 0.00526285 0.00661898 -0.000305176 -0.00509548 0.00498009 -0.00309849 0.00669098 0.00397587 -0.00212479 0.00089407 -0.000452995 0.00223207 0.00419521 0.00313425 0.00535774 -0.00600004 0.00515938 -0.00716162 -0.000763416 0.002388 -0.00700092 -0.00662088 0.00121307 -0.0044632 -0.00405741 0.0014019 -0.00451088 -0.00331926 -0.00242043 0.00696325 -0.00616932 -0.0013814 0.00597
334417 -0.00736256 -0.00544208 -0.00148017 0.00444875 0.00491254 0.00266565 -0.00759733 -0.00741912 -0.00755235 0.00311333 -0.0047422 0.00552702 0.00508402 0.00615454 0.00418313 0.00770563 -0.00571171 -0.00617781 0.00184536 0.00226695 -0.00318162 -0.0037961 -0.00420032 0.00189343 0.00530933 0.00161957 0.00320095 -8.47518e-05 -0.00610066 0.00707507 -0.00750701 -0.00681861 -0.00279333 0.0072255 0.00386172 0.0077899 0.00770462 -0.00601333 0.00665552 -0.00758804 -0.00460582 -0.00147653 -0.00234418 -0.00158755 0.00283149 -0.00105846 0.00658394 -0.00372558 -0.00552697 0.00607558 -0.00192933 -0.00260336 0.00673605 -0.0059594 -0.0075391 0.00236689 -0.00321101 0.00445078 0.00378645 0.00772779 -0.00108693 -0.00350137 -0.00746558 -0.00152907
314846 0.0020833 0.00656223 -0.0060606 0.00189114 0.00118494 0.00187397 -0.0053792 0.00488663 -0.00478554 0.00764179 -0.000809669 -0.00164509 -0.00595665 0.00137043 0.000696182 -0.00272369 -0.00552368 -0.00228977 -0.000796795 0.00312328 0.00313759 0.00497198 0.00153017 0.00760365 0.00414896 -0.00458813 0.00557852 0.00406361 -0.00388336 -0.00769901 -0.00389719 -0.00369835 -0.0036273 -0.00599432 0.00221968 0.00233889 -0.00364685 -0.00565338 -0.00649071 -0.00396919 0.000447273 0.00695896 -0.00687504 0.00282431 0.0071969 -0.00644922 -0.00272655 -0.00435162 0.00267076 -0.00559902 0.0013485 -0.00523758 -0.00322008 0.00162697 0.00333357 0.00191641 0.000478268 -0.00144243 0.00350952 0.000771523 0.00586367 0.00261545 -0.00392485 -0.00230885
340957 0.00777108 0.00377211 0.00298137 0.00671671 0.00371532 -0.004459 0.0049534 -0.000242955 -0.0043229 0.00569434 0.00740532 0.00686078 0.00782587 -0.00393252 0.00269016 -0.00266065 0.00350017 0.00764857 0.00395131 0.00773967 -0.00204393 -0.00285423 0.00507385 0.00629616 -0.00253333 -0.00737706 -0.00408546 0.00730994 0.00119912 -0.00200003 -0.00335926 0.00345331 -0.00692982 -0.00650115 0.00511108 -0.00544381 0.00213953 0.00766715 -0.00523233 -0.00725027 0.00409662 -0.00116887 -0.00501094 0.00297122 0.00770064 0.0075992 0.00316098 -0.00200463 0.00441697 0.0035975 -0.00581524 -0.00313869 0.000839105 -0.00156071 -0.00610176 5.722e-05 -0.00154774 0.00446882 0.00020482 -0.000747518 0.00160778 0.00516868 -0.00252635 0.00408858
57456 -0.00527143 0.000277042 0.00557327 0.00534248 0.00105 -0.00476265 0.00273418 0.00403976 -0.00641155 -0.00146866 0.00647593 -0.00317621 0.00256681 0.0047965 -0.0036459 -0.00131464 0.00455284 -0.00331926 -0.00596333 -0.00726271 -0.000944614 0.00585222 -0.000436306 -0.000615597 -0.00133371 0.000276089 0.00594902 -0.00308943 -0.00524473 -0.00234985 -0.00602245 -0.00428438 -0.000202179 0.000226974 0.00435781 -0.00185347 -0.00603437 -0.00533152 0.00160074 0.00553656 0.00205994 0.00276852 0.00177526 0.00751638 0.00342369 0.00483179 0.00663853 0.00583458 -0.00534964 0.00278854 -0.00245714 0.00776148 0.00148487 -0.00204659 0.000360966 -0.00557041 0.000362873 -0.00573492 0.00609159 0.00230551 -0.000905037 0.00503874 -0.00724316 -0.00495958
123912 0.00302642 0.00269759 0.00585356 0.00848569 0.00598078 0.00551773 0.00777861 0.00639877 -0.00430794 -0.00566762 0.00752369 0.00526983 0.00574558 0.00329449 0.00826333 1.26423e-05 0.00469807 -0.00892946 0.00229951 0.00598215 0.00114231 -0.00718047 0.00188622 -0.00432856 -0.00254866 0.00304218 -0.00340393 -0.000509705 0.00157222 0.00422994 -0.00448652 -0.00743252 0.00627386 0.00106383 -0.0010934 0.00397388 -0.00482826 0.00273115 -0.00329922 0.0031639 -0.0019587 -0.00762909 0.00467076 0.00239529 0.0017088 0.00393235 -0.00247919 -0.00221191 0.00813662 4.61737e-05 -0.00731114 -0.00863579 0.00557291 0.00672549 0.00442662 0.00660912 0.00849859 -0.006451 -0.00640449 0.0017071 0.00353275 -0.0054851 0.00187814 0.00199247
236089 0.00136865 -0.00771379 -0.00278988 -3.06987e-05 0.00427915 0.00424842 -0.0039681 0.000402146 0.00407924 -0.00261434 -0.00482656 -0.00393498 0.00257706 0.00506562 0.00577875 0.00766912 0.00100486 -0.000834989 0.00647907 0.00589518 0.00539914 -0.00614171 0.00428954 -0.00127161 -0.00770435 0.00573375 0.000924155 0.00233797 0.00663537 0.00550004 0.00267597 -0.00753869 0.00689229 0.00545795 -0.00289877 -0.00687395 0.00712167 0.00649719 0.00453248 0.00765359 0.00356926 -0.00255586 0.000569898 -0.00445497 0.0013723 -0.00113026 0.00624511 -0.00654162 0.00567339 -0.00423844 0.00247875 0.00148722 -0.00644048 0.00466225 -0.00581976 0.0015305 -0.00119909 -0.00695043 -0.00759098 -0.00494037 -0.00384315 0.0076571 0.00409316 0.00262249
307080 -0.00103855 -0.00759315 0.000813007 -0.00773239 -0.00503445 -0.00234365 0.00509119 0.0073657 -0.00730038 -0.00175524 -0.00257778 0.00739813 0.00628281 0.00205564 0.00182009 0.00468779 0.00170279 -0.0023098 -0.00747824 -0.00491047 0.00710392 0.000339985 -0.00715303 0.000308037 0.00380659 -0.00576353 -0.00541592 0.000688076 0.00381994 -0.000295639 0.00600719 -0.00177526 -0.00695181 0.000657558 -0.00243139 0.00422335 0.00532293 0.00744104 0.00649595 0.00386095 0.006464 0.00648069 -0.0025382 0.00457525 -0.00586557 -0.00647449 0.00618315 0.00178623 -0.00732231 -0.00181341 0.00686598 0.000124931 0.00496054 -0.000314713 -0.000899315 0.00179863 0.00666475 0.0008955 0.00513172 0.00651789 -0.00183582 0.00433016 0.00434732 -0.00288391
182271 -0.00368657 0.000920525 -0.00406172 0.0021606 -0.00306691 -0.00357485 -0.00224631 0.00656972 -0.00670214 -0.00088023 0.000279991 0.00462168 0.00360392 -0.00700912 -0.0026367 -0.00249916 0.0050794 -0.00779642 0.00100083 -0.00362144 -0.00747655 -0.000867584 0.00753584 0.00258533 -0.00142722 0.00645728 -0.00586131 -0.00239113 -0.00576682 0.00680239 0.00618088 0.00698541 0.00766885 -0.0033089 0.00770825 0.00368734 0.00615493 -0.00278224 -0.00570606 -0.000959012 0.00270459 0.00159037 -0.00677624 0.00685679 -0.00519113 -0.00198401 -0.00422043 -0.00555251 -0.00562715 0.00747618 -0.00370668 -0.00778923 0.00606925 0.00471633 -0.0076785 0.00451763 -0.00625325 0.00555679 -0.0024696 0.00335031 0.00664325 0.00151971 -0.00155265 -0.0061413
285062 0.00192696 -0.00722602 0.00152465 -0.00736246 0.0063998 0.0044489 -0.00771697 0.00151278 -0.00225783 -0.00635841 -0.00160816 -0.00746547 0.00554114 3.5284e-05 0.00203893 0.000497986 0.00187587 -0.0051349 0.00197252 -0.00594536 0.00292403 8.11437e-05 0.00209392 -0.000733024 -0.00203229 -0.00531241 -0.00778702 0.00384236 0.00250906 -0.00760661 -0.00482933 0.00761856 -0.00728684 -0.00433573 -0.00405682 -0.00259389 0.00190812 0.00673785 -0.00161004 -0.00728908 -0.00418876 0.00360148 -0.0057453 0.0032207 -0.00514503 -0.000423812 -0.0035144 -0.00248369 -0.00219717 0.000596307 -0.000526136 0.00533763 0.00282735 -0.00586556 0.00230984 -0.00048215 -0.00691456 0.00264671 0.00531165 -0.00752452 -0.00456795 -0.00764599 0.00582737 -0.00633928
266488 0.000858784 -0.00241137 -0.0024271 -0.00301123 -0.00367546 0.00188637 -0.000371456 0.00356054 0.00582886 -0.00136995 -0.0058732 -0.000322342 -0.000444889 0.00650835 0.00217819 0.00427198 0.00664139 -0.00580406 0.00478745 -0.00384378 -0.00646448 0.00484037 0.00119114 0.00761175 -0.000358582 -0.002563 0.00489998 0.00688457 -0.00147295 -0.00750399 0.00431538 -0.00315857 0.00762939 -0.00778723 0.000706673 -0.000788212 -0.00714207 -0.0030756 -0.00584364 -0.00770807 -0.00271749 -0.0056901 -0.000986576 0.00279427 -0.00657129 -0.00687933 0.00634241 -0.00216484 -0.00225449 -0.00647926 0.00615025 -0.00350189 -0.00636053 -0.00292826 0.00250959 9.10759e-05 -0.00148106 -0.00467205 -0.00626755 0.00428391 -0.00688601 -0.00681639 0.00696135 0.00474405
169555 0.00161711 0.00600515 0.00310315 -0.00620917 -0.00577592 -0.00743238 0.00702906 0.00061206 -0.00624286 0.00764491 -0.00222853 -0.000247164 -0.00336778 0.00347673 0.00758559 0.00758741 -0.00534439 0.00228296 -0.00481304 0.00277783 0.00561244 0.00741445 0.00569822 0.00573163 -0.00641542 -0.00156777 -0.00642435 0.00191377 0.00696744 0.0040245 -0.00551081 -0.0052563 -0.00550965 0.00415317 0.00586068 -0.000586985 0.00265576 -0.00119477 -0.00374598 -0.00257942 -0.00485743 -0.00543788 -0.00181362 0.00659332 -0.00238055 -0.00288759 -0.000123836 0.00575778 -0.00310359 -0.00563711 -0.00177 -0.00691548 0.000183438 0.00367855 0.00564726 -0.00392323 -0.00394692 -0.00533075 -0.00159669 -0.001152 0.00474456 -0.00296348 0.00575762 -0.00356535
331127 0.00497675 0.000617027 -0.00197983 0.000827312 0.00421381 0.0036788 -0.00616074 0.00392532 -0.00733471 0.00634098 -0.00397587 0.00555277 -7.15256e-05 0.00536299 0.00438023 0.00121593 -0.00415802 0.00772953 -0.00192165 0.00605488 -0.00557423 -0.00599194 -0.00698757 -0.00488949 -0.00675821 0.0048399 0.00562 0.00750351 -0.00231743 0.00047493 -0.00310659 -0.0019846 -0.00310707 -0.00519133 0.00313282 -0.00386095 0.000203609 0.00445414 -0.00408697 -0.000164986 0.000785828 0.00181341 0.00593758 -0.0078125 0.00665188 0.00642204 0.00638247 -0.00743008 0.00571394 0.00353146 -0.00334835 -0.00073576 0.00502586 -0.00391054 0.000893116 0.00077343 -0.00471115 0.00407219 0.000326157 0.00651073 -0.00361633 0.00482893 -0.00189781 -0.00713253
200328 0.00374699 0.0034008 0.00137615 -0.00341272 0.00698853 0.00771475 -0.00568962 0.00144386 -0.0056901 0.00386953 -0.000815868 0.00640726 0.00475264 0.00329351 0.00246334 -0.000578403 0.00121069 0.00698042 -0.000751972 0.00622225 0.0012269 0.00546837 -0.00454903 0.000818253 0.0041461 0.000387192 0.00238085 0.00332355 -0.00461388 -0.00563431 0.00370264 -0.00449753 0.0038991 -0.00237226 0.00757742 -0.00465155 -0.00641108 -0.0019393 0.00770283 -0.000819206 0.00225639 0.0055933 -0.00269461 0.00757504 -0.00366735 -0.00733757 0.000431538 -0.000128269 -0.00439692 -0.00214481 -0.00103283 -0.00455379 -0.00131941 -0.00424147 0.000974655 0.00398588 -0.00219297 0.00322723 0.00378513 0.0029583 0.00436115 -0.00615311 0.00368166 -0.0054822
268662 -0.00133548 -0.00291419 -0.00691942 -0.00123857 0.00663774 0.000650073 0.00352059 0.00446344 -0.00155647 0.00154302 -0.0059744 -0.000497374 -0.00139663 -0.00383978 0.0036999 -0.00701544 -0.00613509 0.00426525 -0.00767197 -0.00446533 -0.00301816 -0.00327742 0.00611771 -0.0068689 -0.0071659 -0.00773565 -6.44231e-05 -0.00762165 0.0012335 0.00607058 -0.000712926 -0.000506021 -0.0033541 0.00715048 -0.00473403 -0.00484792 -0.00136615 0.00292005 0.00716239 0.00284796 -0.00465591 0.00336658 0.00207514 -0.00087467 -0.00284075 -0.00234827 -0.00435928 -0.00104854 -0.00735563 -0.0066863 -0.00509686 0.00128189 -0.00498906 0.000538454 -0.0048973 0.0033428 -0.00249588 -0.00457921 0.00536307 0.00294784 -0.00526259 -0.00383025 0.00289447 -0.00584027
328708 -0.00180361 0.00342322 -0.00777672 0.00164667 -0.000470448 0.00178243 -0.00693695 0.000905103 -0.00295741 -0.00715495 0.00636214 0.00540311 -0.00749775 0.00612927 0.00218898 -0.00375402 -0.00400616 -0.00397491 -0.0056345 0.00527664 0.0071053 -0.00699121 -0.00533111 -0.00293316 -0.00385659 -0.00459372 0.00663245 0.00111144 -0.0070196 0.00122772 0.00697762 -0.00110469 -0.00461737 -0.00569153 -0.00308425 0.00157331 0.00771006 0.00324358 -0.00663341 -0.0051578 -0.000655121 0.000250996 -0.0047506 -0.000844257 0.000509546 -0.00710515 -0.00207064 0.00014153 -0.000496838 -0.00192373 -0.00245536 -0.00260251 8.67533e-05 0.00051058 -0.00405506 0.00438352 -0.00393943 0.00741531 -0.00620869 -0.00225595 0.00380018 0.00489283 -0.000445291 -0.00756839
226242 0.00313733 0.00524338 -0.00567314 0.00720147 0.00537853 0.0071098 0.0049324 0.00201802 0.00540805 -0.00531988 0.00737069 0.0056406 0.00519374 0.000999053 -8.81829e-05 -5.71113e-05 0.00631214 0.0021291 -0.000991971 -0.00348568 0.00274967 -0.00383827 0.00117282 -0.00149771 -0.00375637 0.00140975 0.0072045 0.00127617 0.00308996 0.000210341 -0.0044623 0.00595658 -0.0031039 0.000589002 0.00415321 -0.00293613 0.00547868 0.00672786 0.00430595 -0.00179598 -0.00557609 -0.00626315 0.00664959 0.000900201 0.00568713 0.00463 0.00521576 0.00597474 -0.00457042 -0.00318365 -0.00329321 0.00334667 -0.00345001 -0.00640962 -0.00732646 0.0047245 0.00296608 -0.00443115 -0.00313858 0.00207148 -0.00237161 0.00512581 0.00541078 -0.00229788
33236 0.00629444 -0.00692772 0.00276822 -0.0059182 0.00485202 0.00478169 -0.00485428 -0.00423371 -0.000155468 0.000656052 0.00732948 0.00524848 0.000713151 0.00296886 0.00653432 0.00272504 0.000166997 0.00336318 0.00765626 0.000585735 -0.0062279 8.03361e-05 -0.00471731 0.00686795 -0.00136353 -0.00600075 -0.00565783 0.00376412 -0.00634781 -6.4807e-05 0.00402788 -0.00606348 0.0057899 -0.00305722 0.000933638 0.00319093 -9.9732e-05 -0.00242739 0.00775186 -0.00311815 -0.000114542 0.00466858 -0.00431028 0.00544308 0.00406963 0.00440303 0.00773841 -0.00446657 -0.0013163 -0.00228808 0.0054754 -0.000312856 0.00609559 0.00107437 -0.00194529 -0.00582524 0.00425873 0.00221801 0.00335409 0.00730974 -0.00308179 0.00555399 -0.0069436 -0.00508687
342961 -0.00721665 -0.00341428 -0.00251983 -0.0044078 0.00208675 0.00631681 0.00566314 -0.00659264 -0.00430792 -0.0036474 -0.00711787 0.00134798 -0.00214722 -0.00467258 -0.00728668 -0.00465251 0.00758499 0.00401326 -0.00163802 -0.00584685 -0.00204007 0.00669957 0.00143048 -0.00755351 0.00121825 -0.00404636 -0.000265442 -0.00411207 -0.00286576 0.00514486 0.00110972 0.00637332 0.003258 -0.00651847 -0.00555181 0.00250119 0.00681549 -0.000944211 -0.00514967 -0.00170135 -0.00417079 -0.000855671 0.00776902 0.00604038 -0.00510607 0.00271873 0.00350723 0.00264323 0.00406447 0.00106896 -0.00206779 0.00611464 -0.00424592 0.00522587 0.00123021 0.00164312 -0.00616088 -0.000691763 -0.00585394 -0.00310318 -0.000977861 0.00696883 0.00546398 -0.00754783
227441 0.00236316 0.00630049 -0.00248751 0.00596553 -0.00662955 -0.000121648 -0.00745417 -0.00152384 0.000470848 0.00655636 0.00566853 -0.00109673 0.00759486 0.000331711 -0.000483638 0.00778724 0.00379377 0.000437916 0.0037531 -0.007056 -0.00591937 -0.00574827 0.00484259 -0.00417979 -0.00613409 0.00662921 0.000436308 0.00415166 0.00692432 -0.00286882 -0.00539183 0.000890692 -0.0061091 -0.00745088 -8.05292e-05 0.000939712 0.00299877 -0.004624 -0.00411425 0.0020491 0.00157575 -0.00194557 0.00231693 0.00374352 0.000889333 0.002458 -0.00165174 0.00640059 -0.0013727 -0.000537574 0.00293373 0.00313163 0.00276593 -0.00382285 -0.00069399 0.00136579 0.0046508 -0.00200567 0.00487937 -0.00660473 -0.00664974 0.00240073 -0.000401944 0.00653308
238891 0.00447662 0.00503024 -0.00154327 -0.00412586 -0.00154529 -0.00296299 -0.00224897 0.00671766 -0.00174894 0.00136795 0.00119553 -0.00489929 0.00181791 0.00132736 -0.00235294 -0.000464447 0.00328416 -0.00308495 0.00182711 0.00481396 -7.27049e-05 -0.00417021 -0.00127598 0.00297322 0.00564981 0.00207084 -0.00312256 0.000420483 -0.00711649 -0.00376774 0.000144511 0.00538181 0.00566477 0.00420984 -0.00668979 -0.00336102 0.0043706 -0.00572629 0.0019953 -2.10954e-06 -0.00263855 -0.00120322 -0.00664173 0.00750897 0.00560285 -0.00151385 0.00593189 -0.00628612 -0.00721173 -0.00681724 -0.00552792 -0.00521691 -0.00572462 0.00306459 -0.00295241 0.00657207 -0.000814403 0.00158058 0.000829354 -0.00410463 -0.0072154 -0.00738299 0.00278107 -0.00135059
142691 0.0076411 -0.00111127 0.00366161 0.00663632 -0.00195297 0.00147682 -0.00719568 0.00592964 -0.00323582 0.00546465 0.00513244 -0.00512228 0.00706503 0.00489056 -0.00340171 0.000548876 -0.00317062 0.00554997 -0.00597456 -0.00135509 -0.00580626 0.00548951 -0.000354271 0.00766604 -0.00479865 -0.00303838 -0.00261446 -0.00468999 -0.00461099 -0.000615096 -0.00586433 -0.0068461 -0.0035272 -0.000547792 0.00533059 -0.00442621 0.00320766 -0.00451523 -0.00342128 0.00723391 0.0022826 0.00660165 0.00309401 0.00262629 0.000479032 -0.00630373 0.000813517 0.00606058 0.00501418 0.00603145 0.00138757 -0.0072237 0.00750279 0.000269194 0.00724396 0.00717621 -0.00505124 0.00541995 0.0020273 -0.00425111 0.00251065 0.00205123 0.00326119 0.000756182
340267 -0.00307787 0.0019872 -0.00689285 -0.00673613 -0.00374768 -0.00641097 0.00419422 0.00747876 -0.00449582 0.00457696 0.0044524 -0.00456801 -0.00471516 -0.0056893 -0.00142766 0.00154921 -0.00106429 -0.000764903 0.00526051 -0.00203603 -0.00530903 -0.00631145 0.00072317 -0.00423266 0.00723053 -0.00124206 0.00235748 0.00763702 -8.44452e-05 -0.00432138 -0.0077031 0.00768956 -0.00577956 0.00408923 -0.00355724 -0.00417259 -0.000182311 0.00674888 0.00206029 3.97923e-05 -0.00328234 0.00322264 -0.00144923 -0.00188308 0.000403234 -0.00140804 -0.00336289 -0.000753305 -0.00129842 0.00707475 -0.00224052 0.00122437 -0.00611842 0.00139345 0.00337668 0.000747085 0.00127892 -0.00280969 0.00499856 0.00767279 0.0040987 0.000112698 -0.00286927 0.00544581
343242 -0.00350829 0.00482884 0.00140203 -0.00307661 0.00499068 -0.00728435 0.00352211 -0.000733967 0.00211371 -0.0077959 -0.00626502 0.00174061 -0.00695411 0.00756762 -0.00246989 0.00120521 0.000507169 0.00576623 0.00565992 0.00285605 -0.00422992 0.00134916 0.00291343 -0.0076775 0.000478346 0.0067466 0.00440933 0.00134721 -0.000141051 -0.00236376 0.00234868 0.0066334 0.00357653 0.00473183 -0.00263239 0.00342111 0.00221521 -0.0033293 0.00179111 -0.00640034 -0.00018205 -0.00608699 0.00177669 -0.00500077 -0.0032414 0.00032969 -0.000768205 -0.000825189 -0.00779124 0.0044131 -0.00328189 0.000623469 0.00632901 -0.003502 -0.00180879 -0.00717845 0.00425588 0.00359943 -0.00151092 0.00734024 0.00270644 -0.00454354 0.00383203 -0.00224861
299696 0.0069814 0.00579314 -0.00712856 0.00402737 -0.0028448 -0.00520009 0.00151226 -0.00745379 0.000678729 0.000872796 0.00662164 -0.00463452 0.00348882 -0.00341451 -0.00455607 0.00596735 0.000319418 -0.0019854 0.0045598 0.00558126 -0.000354128 -0.00103677 -0.00064262 -0.00119263 0.00386229 -0.0031729 0.00408852 -0.00499856 -0.00359113 -0.00561155 -0.00698568 0.00225336 0.00571622 -0.00414218 -0.000217949 0.000752144 -0.00507632 0.00411178 0.00258821 -0.00467924 0.00746298 0.00725156 -0.00444595 0.00216258 0.00447867 -0.00609565 0.00662757 -0.00722674 -0.00400202 -0.00147596 0.00366644 -0.00506066 -0.00375545 -0.000923845 -0.00351646 -0.00341887 -0.00224526 -0.00337673 -0.00533761 -0.00614243 -0.00441653 0.0045451 0.00385362 0.00169009
288554 0.00579363 -0.00451394 0.00218491 -0.00680296 0.000238285 0.00367191 0.000981349 0.00656876 -0.00125195 -0.00707996 0.00636946 -0.0031906 0.00623887 -0.000676847 0.00203252 -0.00119978 0.00481677 0.00373657 0.00325167 0.00622596 0.000559079 -0.00375999 0.00658965 -0.00655766 0.00742108 -0.000452636 -0.00603506 -0.000471463 -0.00139042 -0.00149538 0.00337905 -0.000987855 0.00520619 -0.00459291 0.00316827 -0.00605242 0.00162532 -0.00232435 0.00348155 0.00490425 0.00758276 0.00170924 0.00194756 0.00502882 -0.000758102 -0.00226767 -0.00663611 0.00602514 -0.00291382 -0.00258863 0.000402741 -0.00388949 0.000944316 -0.000749883 -0.00466881 0.0019755 -0.000893825 0.00311629 -0.00210845 0.00540403 0.00346026 0.00484268 0.00107114 0.00223479
279071 -0.00649548 0.00351381 -0.00635242 -0.0023098 0.0028162 -0.000460625 -0.00289154 0.00567722 -0.0039711 0.000817776 -0.00448656 0.00330687 0.0045743 -0.000968933 0.00359297 0.00179052 -0.00274277 -0.00409603 -0.00451326 -0.00287819 0.000797272 -0.0051198 0.00213861 -0.00664663 -0.00671053 0.00656128 0.00577831 0.00227976 0.00759697 -0.00094223 0.0021019 -0.00634432 -0.00112963 -0.00214911 -0.000816345 -0.00337267 0.00696278 0.000683308 -0.00438976 -0.00162888 -0.00394297 0.00582361 0.00374842 -0.00311756 -0.00397921 0.00673389 0.00437641 -0.00547504 0.00593853 0.001472 -0.00764513 -0.00759172 0.00308228 -0.00513363 -0.000442505 0.00657988 0.00214529 -0.00508165 0.00473452 -0.00577307 -0.00762844 -0.0029068 0.00716543 0.00774908
16504 -0.00571777 0.00503236 0.00194327 -0.00387338 0.00116345 0.00174389 -0.00724519 -0.00663116 2.82251e-06 0.00244696 -0.000113644 0.00433406 -0.00628192 0.00236903 -0.0056811 -0.00206794 -0.000205009 0.00218665 -0.00170914 -0.00601792 -0.00544476 0.00457799 0.0026966 -0.00780181 -0.00180662 0.00168773 0.000987273 -0.00160385 0.00114316 -0.00707005 -0.00305886 0.00649199 0.00706968 0.00555039 0.00295468 -0.000779422 0.0034287 -0.00260668 -0.00656045 0.0066556 0.00792948 -0.00630633 0.00749603 -0.00564696 0.00186052 -0.00769072 -0.00140237 -9.30575e-05 -0.00611364 0.00321777 -0.00747222 -0.00443845 -0.00687505 0.00749069 0.0062988 0.000280762 -0.00720872 -0.00124884 0.0039012 -0.0013693 -0.00141515 0.00554995 -0.00538766 0.00326114
282317 -0.00677623 -0.00217658 0.00688335 0.00620875 -0.000586195 0.00648132 -0.00132964 -0.00325893 -0.00506626 -0.000801392 0.00616745 -0.00335532 -0.00745187 -0.00735414 0.00716161 -0.00629092 -0.00451216 -0.00440216 0.00522158 0.00462361 -7.89671e-05 -0.00422515 0.0010601 0.00743831 0.00457936 0.00732923 -0.00452216 0.00672689 -0.00393604 0.000567899 0.0036206 0.00225699 -0.00503767 -0.00291184 0.00608925 -0.000295713 0.00643391 -0.00470949 0.0042322 0.0058961 0.00724682 -0.00625469 -0.00450749 0.00645847 0.00025898 -0.00326857 0.00530214 -0.00648498 0.00291691 0.00301344 0.00663567 -0.00576012 0.000477847 0.0031633 0.00456066 -0.00374587 -0.0034055 0.00238977 0.00762594 0.00175522 0.00399269 -0.000164672 0.00674463 -0.00305793
7757 -0.00116171 0.00430407 -0.00364183 0.00648982 -0.00615483 0.0016062 0.00209891 0.00352389 0.00385268 0.00013723 -0.00655872 0.00124427 -0.00368246 0.00775346 0.00520293 0.00333194 0.00659106 0.00379125 0.00218923 -0.00201852 -0.00466485 -0.00618962 -0.00148856 0.00127489 0.00211864 0.00763293 -0.0022744 0.00666233 0.00135941 0.00317117 -0.00143162 0.00172504 -0.00120841 0.00630385 -0.00750427 0.0041779 -0.00681364 -0.00560928 -0.00471011 -0.00428963 -0.00183987 -0.00420874 0.00588055 0.00290707 -0.00161109 0.00671905 -0.000945672 0.00122256 0.00414768 -0.00665846 0.000559536 -3.13644e-05 9.14998e-05 0.00381837 0.00723912 5.62339e-05 -0.000858316 0.00113815 0.00461243 -0.00476343 -0.00214949 0.00416196 0.000235224 0.00522695
64139 -0.00382233 0.00703907 -0.00282955 -0.00092268 0.00423622 -0.00121641 -0.00190115 -0.00614643 -0.00474739 0.00655174 -0.0046711 -0.000463486 -0.00746632 -0.000351906 0.00590277 0.00197029 0.000582695 -0.000221729 -0.00166273 -0.00246191 -0.00131369 0.000461102 0.00369072 0.00667143 0.00430059 -0.00605106 -0.00753355 0.0012722 0.00261164 0.00556517 -0.0026598 0.00141096 -0.000394821 -0.00370073 0.000743866 -0.00488186 -0.00497293 0.00230885 0.0047965 -0.000865459 0.00755644 -0.00283432 0.0057435 -0.00744247 -0.0045414 0.00175905 -0.00648832 -0.00562429 -0.00746012 0.00580883 -0.00457525 0.00120401 0.00578928 0.00714636 0.00343037 -0.0062871 -0.00546741 -0.00164509 0.00701475 -0.00631237 -0.00688839 0.00379181 0.00239754 0.00521088
334664 -0.00623809 -0.00344421 -0.00289087 -0.00621906 -0.00435373 0.00177495 0.00526938 0.00246692 -0.00770944 -0.00365855 0.00643941 -0.00351745 0.0078273 0.00631134 0.00336416 0.00394555 -0.000359338 -0.00443534 -0.00481165 0.00344618 0.00439941 -0.00595321 0.0019474 0.00164936 0.00110172 -0.00304587 0.00362711 0.00140027 -0.00682774 0.0045917 0.00777854 0.00574156 0.00200205 0.000630455 -0.000988258 -0.00590919 0.00428591 0.00328005 0.000484578 0.000172099 -0.00780043 0.00310185 0.00139876 0.00785472 -0.00153734 0.000281189 -0.00553006 -0.00106439 0.00200312 0.00168434 0.00436549 -0.00590905 -0.00760097 0.00328034 0.00587757 -0.00172739 1.54517e-05 0.00503188 0.00360759 0.00406572 -0.00510339 0.00729331 0.00161882 -0.00262063
288299 -0.00766925 0.0025866 0.00726185 -0.00736912 0.00339612 0.00650976 0.00298893 -0.00616504 -0.00528962 0.00207871 -0.00208739 0.00489948 -0.0015864 -0.00461377 -0.000453649 -3.28661e-05 0.00257644 -0.00445148 0.00198052 -0.00775568 -0.00116684 0.00772216 0.00198676 0.00351328 0.00584353 -0.00743055 0.000385664 -0.00553643 0.00551421 0.00499489 -0.00137786 -0.00421798 0.00277393 -0.00188455 -0.00538196 -0.000755025 0.00570925 0.00489812 0.00488666 0.00618466 -0.00519235 -0.00464625 0.00689498 -0.00502348 0.0067141 -0.00283163 2.91557e-05 0.00173209 -0.0039604 -0.00307129 0.00149579 -0.00160754 0.00509547 0.00556484 0.00371494 -0.00425663 -0.00624427 -0.00669639 0.0065569 -0.00573437 0.000477842 -9.28424e-05 -0.00614135 0.00588875
198443 0.000401497 -1.33514e-05 -0.000143528 0.00555992 -0.00743818 0.00112343 -0.00582647 0.00268745 -0.00551605 0.00168848 -0.00437832 -0.00154352 0.00653648 0.00473976 0.00417805 0.00436306 0.000180244 -0.0040555 0.00440645 -0.0046463 0.00775194 0.00410128 0.00474501 0.00585461 -0.00702524 -0.00426197 0.00669813 0.00689936 0.00171423 0.00368738 -0.00671673 0.00722313 0.00654888 0.00673342 0.00265217 0.000885487 0.00717258 0.0070982 0.00124264 0.00116587 0.00332212 -0.00525475 -0.0026207 0.00204039 -0.00400209 -0.00473547 0.000300884 -0.00238752 -0.00695467 -0.000310421 -8.91685e-05 -0.00544548 0.00298786 0.00426769 -0.00589752 0.00730705 -0.0068121 0.00539827 0.00458241 0.00234365 -0.000660896 0.00589561 -0.00133562 -4.76837e-07
246040 0.00299931 0.00278807 0.00171375 0.00329351 -0.00145626 -0.00282097 0.00520611 -0.00650501 0.00686455 -0.00360823 0.00196314 0.0056138 0.00408125 0.00204039 0.00352621 -0.00768614 0.00695801 0.00112534 -0.00377321 0.00505495 0.00203657 0.000676632 0.00342464 -0.00528812 0.00707006 -0.00196505 0.00733566 -0.00514603 -0.00136852 0.00542498 0.00730085 0.00555563 -0.00552082 0.0052824 -0.000826359 -0.00283003 -0.00668669 0.00186443 -0.00358248 -0.0074358 -0.00200367 -0.00126362 0.00259447 0.00662565 -0.00324392 0.00515175 -0.00665855 0.00465393 0.0034318 -0.00532103 0.00500774 0.00220823 4.1008e-05 -0.00278425 -0.00257063 -0.000730991 0.00773144 -0.00226164 -0.00573683 -0.00371742 0.0043788 -0.0051899 -0.00351667 0.00370073
325856 -0.00696305 0.00153883 0.000596166 -0.00427693 0.00201032 -0.00160119 0.00772171 0.00102365 -0.00746631 -0.00465372 -0.00408939 0.000102168 0.0019899 -0.00603841 0.00734805 -0.006293 -0.00179336 0.00747091 -0.00556504 0.00580852 0.00727938 0.00705521 -0.00106092 -0.00496831 0.00684843 -0.00116138 -0.00504459 0.000422031 0.00528569 0.00713898 0.00159783 -0.00474864 0.00243818 -0.00392176 -0.000706667 -0.00594311 0.00339518 0.0046956 0.00500772 -0.00440223 -0.00194246 -0.00309508 -0.00239987 -0.00583684 0.000426848 -0.00164166 0.000600981 0.00195182 -0.00137341 0.00566296 -0.00133959 0.00191977 0.00232685 0.00575064 -0.00484973 -0.00723619 -0.00779431 -0.00301106 -0.00442173 -0.00139535 0.00507105 0.00653662 0.0068161 0.00196778
287605 0.00246039 -0.00529838 0.00765679 0.000472212 0.00706354 0.000821957 -0.00322829 0.00530471 -0.00184485 -0.000116642 -0.00449348 -0.00535206 0.00344508 -0.00501735 0.00192909 -0.000689967 0.00384953 0.00365617 -0.00731097 0.0054996 -0.00558682 -0.00623373 5.89789e-05 -0.00719628 0.00572718 0.0052438 0.00128857 -0.0046439 0.00714483 -0.00213361 0.00743737 0.00420478 -0.00406241 0.00481034 -0.00534675 0.00526002 0.00641355 0.00757101 0.00260267 0.00202278 -0.000642144 0.00226078 -0.00346612 0.00480218 0.00628281 0.00107178 0.00445686 0.00770981 0.00466336 0.00174865 0.00186372 -0.00228639 -0.00758158 -0.00350688 0.00770675 0.00100139 0.00296511 0.00654223 0.00508513 -0.00721773 -0.00128616 -0.0049357 -0.00555822 0.00321014
15358 -0.00707464 0.00401469 -0.00490691 -0.00379571 -0.00559144 -0.00751651 0.00654144 -0.0057431 -6.15533e-05 0.00346774 -0.00465835 -0.00571809 0.00373893 -0.00380541 -0.00299449 0.00777738 -0.000721245 0.00166862 -0.00760425 0.00424014 0.00463951 0.00169901 0.00768916 -0.00266093 -0.00635349 0.00105434 0.00334125 0.00612928 -0.00230531 0.00583255 0.00127723 0.00568311 -0.00474198 0.00256249 0.000399651 0.00553492 -0.00525401 -0.00522685 0.00380299 -0.00412744 0.0054851 0.0044191 0.00569422 -0.0072573 0.00570362 0.00048262 -0.00485601 0.000991523 -0.00695738 0.00668644 -0.00349694 0.00136593 0.00768653 0.00642381 0.000903524 -0.00169874 -0.00516352 0.0060779 -0.00412543 0.00136603 0.00598478 0.000227813 -0.00548542 -0.00762563
241546 -0.00360494 -0.00336552 0.00531861 0.000555607 -0.000599447 0.000568481 0.000846972 -0.0051723 -0.00233902 0.00744977 -0.00214393 -0.00384768 0.0060052 -0.00355517 -0.00549086 -0.00568981 -0.00119984 0.00581596 0.00282849 -0.00573101 -0.00672581 0.00140007 -0.000605615 -0.00541755 -0.000347556 -0.00656245 0.00156131 0.00451993 -0.0063037 0.00448157 -0.00120619 -0.00367043 -0.00283521 -0.000593304 -0.00748022 -0.00698759 -0.000106227 0.00521658 -0.000233388 0.000138381 -0.00332543 0.000784267 -0.00764602 -0.00193021 -0.00204237 0.00714401 0.00191356 -3.21291e-05 0.00540484 0.00518851 0.00354101 0.00128266 -0.000484547 0.00218272 -0.00478821 -0.00215861 -0.0071092 -0.00107813 -0.00421476 -0.0077636 -0.00702529 0.00725004 0.00309782 -0.00654983
79808 0.00571775 -0.00563383 -0.00513411 0.00779581 0.00274229 -0.0023427 -0.00176764 -0.00509787 -0.00116253 0.00530148 -0.00241804 0.00522327 0.00562096 0.00241661 0.00417328 0.00439072 -0.00658703 -0.00317049 -0.00586557 0.00699615 0.00152826 0.00244951 0.0073266 -0.0060873 -0.00195837 -0.00265598 0.00422621 0.00133181 0.00417948 0.00641584 0.00769567 -0.00372505 0.00627279 -0.00235176 0.0017972 0.00487995 -0.0014596 0.00744772 0.00514317 -0.00116587 0.00777817 -0.00345469 -0.00593567 0.00626659 0.00570774 -0.00738955 -0.000666618 -0.000656605 -0.00243044 0.0054183 0.0048604 -0.0063796 0.00521183 0.00509644 0.00333977 0.00515938 -0.00111628 -0.00383377 -0.00648355 0.00358152 -0.00401163 -0.00646973 -0.00719595 0.00705862
344659 0.00599514 -0.00437703 0.00618231 0.00430952 -0.00710745 -0.00473828 -0.00621369 0.00577896 0.00320497 -0.00166145 -0.00301543 0.00304681 0.00568873 -0.00263693 -0.00333711 -0.00240498 -0.0025379 -0.00537647 0.00684441 0.00339384 0.000320613 0.00668079 -0.00661204 -0.00312264 0.00223488 0.00435515 -0.00383355 -0.00035732 -0.000930567 0.000678541 -0.00325997 0.00219478 0.00375529 0.00737246 0.00426299 -0.00760973 0.00661279 -0.0064617 -0.00453656 -0.000645743 0.00338174 0.00478158 -0.0062822 -0.00504532 -0.00305677 -0.0012908 0.00104624 0.00167732 -0.00438207 0.00770287 0.00585911 -0.00199949 0.00742765 -0.00256422 -0.00116349 0.00222606 0.00662086 0.00105888 0.00127779 0.00326714 -0.00328826 0.00673534 0.00658226 -0.00529749
339005 0.00573921 0.00658989 -0.00425291 -5.48363e-05 -0.00254726 -0.00286436 0.00598001 -0.000251293 0.00265789 -0.00428915 0.00628376 -0.00541925 0.00156593 0.0035882 -0.0026474 0.00379467 0.00187826 -0.00438309 -0.00452709 -0.000790596 -0.000339031 -0.00753832 0.00540638 -0.00276899 0.00220156 -0.00182772 0.00129843 -0.00542736 0.00298119 -0.000148773 0.00496817 0.0029459 -0.00578356 -0.000357151 -0.000622272 -0.00722647 0.000855446 -0.00543308 0.000997543 0.00130749 0.00272179 -0.00058794 -0.00236988 -0.00355434 -0.00566912 -0.00303221 -0.00272179 0.0016346 0.00218916 0.00455904 0.00398874 -0.0049715 -0.00340176 0.000533581 -0.00559855 -0.00546932 0.00215483 -0.00657749 0.00778389 -0.00184441 0.000216484 -0.00695705 0.0014267 0.00382233
331802 0.00564142 -0.0056017 0.00603732 -0.0032132 0.00492258 -0.000754443 -0.00124388 0.00375968 -0.00307295 -0.00129659 -0.00337157 -0.00738116 -0.00362501 0.00434991 -0.00747401 -0.0018303 0.00542494 0.00404855 0.0005718 0.00233261 0.00168606 -0.00718714 0.00525106 -0.00349536 -0.00431142 0.00164523 0.00442806 0.00485819 0.00149893 -0.006965 0.00108747 -0.00481636 0.0057026 0.000181393 -0.00554454 0.0041724 -0.00289875 0.00256879 -0.002729 -0.00351829 0.00165967 -0.00650254 0.00430311 0.0040282 -0.00290271 -0.00199708 0.00162109 0.00181811 -0.0034533 -0.00367464 0.00467425 0.00428024 0.00224369 -0.00335564 -0.00512836 -0.00465789 -0.00500368 0.00778251 -0.00603724 0.00307826 0.00382834 8.8204e-05 0.00467741 -0.00407644
309574 -0.00137226 -0.00347354 -0.00642719 0.00465712 -0.00413557 0.00530446 0.00611359 0.00565488 -0.00644317 0.000805192 -0.00612068 0.002177 0.00109126 0.00634516 0.00758971 -0.00502189 -0.000983966 0.00075518 -0.00772297 -0.00274968 0.000767577 0.0018104 -0.00611485 0.00410833 0.00393852 -0.00160133 -0.0017932 -0.00563287 0.00364532 -0.00729332 -0.00712852 -0.000940594 -0.00405329 -0.0044136 0.00459368 0.00123005 0.0034182 0.00185106 -0.00107023 0.000154896 0.00375916 -0.00777424 0.00444108 0.0030892 -0.00325911 0.00452952 0.004354 -0.00311213 -0.00313406 0.00679441 0.00536829 0.00629548 -0.000791779 0.00718076 -0.00271438 -0.00555166 0.00245182 -0.00733457 -0.00456435 -0.00636885 -0.00305573 0.00537505 0.00458565 0.00287617
183661 0.000968308 -0.00438962 0.000811501 -0.00565259 0.00580703 -0.00432011 0.00762528 0.00113189 -0.00768013 0.0033875 0.000412573 0.004682 0.00321074 -0.00727747 -0.0025285 0.000705128 -0.00294683 0.00552242 -0.00450596 0.00743616 -0.000976695 0.00544803 -0.00433579 0.00596195 -0.00656245 -0.0042619 -0.00127297 -0.002504 -0.00509371 0.00370126 -0.00408749 -0.00439266 -0.00699113 -0.00393109 0.00584454 -0.0022596 0.00433181 -0.00012033 -0.0028685 0.00399064 0.00488707 -0.00691138 -0.00349464 0.00252445 -0.00760721 -0.00408124 0.00344693 0.00505329 -0.00186817 0.00502451 -0.00418033 0.00518034 0.00128969 -0.00137502 0.00648539 0.00526152 0.00275038 -0.00163794 -0.00682227 0.000247162 -0.00746146 -0.00604273 -0.00294003 0.00185794
344791 0.0055916 -0.00201702 -0.000138884 0.00699689 -0.000267343 0.00534884 0.006169 -0.00625417 0.000667051 -0.000116008 -0.00476697 0.00521885 -0.00191643 0.00153201 0.00326447 -0.00171877 0.00608169 -0.000771917 -0.00398514 0.00178027 0.00649119 -0.00211888 -0.00407038 -0.00423424 0.0010422 -0.00706346 -0.00136232 -0.00628304 -7.33263e-06 0.00724535 0.00238285 0.00491088 0.00147974 0.00384341 -0.00231587 -0.00032465 -0.0077243 -0.00332694 0.0065129 0.00770952 -0.00695645 0.00121902 0.00249936 0.00342093 0.00678128 0.00622633 0.0047339 0.00537146 0.00290996 -0.000822133 0.00481379 -0.00300258 -0.000971396 -0.00755228 0.00390899 0.00186055 -0.00242597 0.00454371 0.00710564 -0.00143025 -0.00430844 0.0058186 0.00181724 -0.00664252
285365 -0.0024396 0.00199272 0.00192728 -0.00224752 -0.00263449 -0.00101074 -0.00317694 -0.00520524 0.0027356 0.00724811 -0.0036182 0.000911819 0.00446578 0.000336818 -0.00436865 -0.00582842 -0.00640392 0.00173916 0.00308627 0.00380231 -0.00592612 -0.00353148 0.00343766 0.0063686 -0.00672052 -0.00279439 -0.00160516 0.0017201 0.0044259 -0.00752921 -0.00336558 -0.00757856 0.00253391 -0.00222164 0.00302725 0.00516 -0.00125307 -0.000166727 0.00261442 0.00306915 -0.00468405 -0.00158666 0.00525366 -0.0009745 -0.0077268 -0.000873362 0.00620017 0.000410716 0.00607654 0.00520594 0.00643391 0.00144934 0.00627869 0.00213051 -0.00559052 -0.00242481 -0.00360241 -0.00109324 0.00252888 0.00333936 0.00367936 -0.00513633 -0.000781914 0.00142328
344795 0.00104046 -0.00185156 -0.00520563 0.00773716 -0.00491524 -0.00399399 -0.00188398 0.00780439 0.00609016 0.00339985 -0.00157309 -0.00328922 0.00207949 -0.00414944 -0.000110149 0.00263405 -0.00257492 -0.00619698 0.00254488 -0.00202417 0.00298357 -0.00477839 0.00351143 0.000275135 0.00695705 -0.00774193 0.00622082 0.00109196 0.00162554 0.00314617 0.0020256 -0.0061388 0.000770569 -0.00420666 0.00573444 0.00452137 0.000426769 -0.00640917 5.57899e-05 0.00529432 -0.000335217 0.00553226 -0.00451517 0.00604486 0.00278378 -0.00695038 -0.00187922 0.000468254 -0.00537682 2.0504e-05 -0.00179434 -0.00096035 -0.00213003 0.00211239 0.0062418 -0.00215244 0.000947952 -0.00746155 -0.000525951 0.00586462 0.00598478 0.00101948 -0.0068965 -0.00458908
335959 0.00107375 0.000531683 0.00527205 0.00772187 -0.00305747 -0.00766841 0.00512551 -0.00280248 -0.00521399 0.00522402 0.00381901 0.00542222 -0.00595838 0.00255585 0.00238583 -0.00114396 0.000674949 -0.00466196 0.00360277 -0.00780287 0.00414972 -0.00409078 0.00490931 -0.00536538 -0.0069929 0.00092057 0.00701086 -0.00515523 -0.00726546 -0.00286494 0.0029568 0.0059125 -0.00699897 -0.0076359 -0.00252706 -0.00410453 -0.00237668 0.00122305 0.00564439 0.00618149 0.00194924 0.00434845 0.00294466 0.00210115 0.00630865 -0.00143326 -0.00592029 -0.00751503 -0.00532674 -0.000426445 0.00110315 -0.00619218 0.00331213 0.00592147 -0.00257984 0.000343219 0.00503757 0.00431301 -0.00553835 0.00526005 -0.000123266 -0.00617091 -0.00480652 -0.000687993
343209 0.00616133 -0.00031985 0.00547194 0.0076041 -0.000718923 0.0073462 0.00517954 -0.00226164 0.00764066 0.00623845 0.0071193 0.000799421 0.00698171 -0.00414213 -0.00282774 -0.00289656 -0.00572003 0.00276933 0.00771842 0.0021615 0.00759596 -0.00742954 -0.00708413 -0.00122586 0.00389288 0.00684041 -0.00663352 -0.00622271 0.00239314 0.00261743 0.00721688 0.00180447 -0.000522907 0.00542674 -0.00664927 0.000846521 -0.00170697 0.0069461 0.00273418 0.00534199 0.00582323 6.84391e-05 0.00265615 0.00390971 -0.00576013 0.00284182 -0.000105625 0.0024502 -0.00671683 -0.00359536 -0.00298275 -0.0024876 -0.00259262 0.00365754 -0.00376389 -0.00513783 -0.00527216 -0.00159171 0.00749616 -0.00717471 0.00611003 -0.00248643 -0.00626932 -0.0019244
280891 0.00144457 -0.00607426 0.0066742 -0.00631669 0.00627625 0.00575145 -0.00673382 0.00515852 -0.00250699 0.00774906 -0.0049017 -0.00441764 -0.00289183 0.00598861 0.0018486 0.00382617 -0.00734164 0.00470534 -0.00708312 0.00460871 -0.000292543 0.00257547 0.00766095 -0.00124605 0.00608027 0.00170305 -0.00290829 0.00100203 0.000531465 -0.00693077 -0.000958132 -0.00612448 0.00131492 -0.00183638 0.00065598 0.00193916 0.00266437 0.00278452 -0.0018461 -0.00548597 0.00701752 0.00575262 -0.00674955 0.00468723 -0.00295487 0.000780456 -0.00197314 0.00166068 0.000878085 0.00648756 0.00695119 -0.00141642 -0.00592336 -0.00684241 0.00747103 -0.00526227 -0.00485677 -0.00619015 0.00392742 -0.00108727 0.00630191 -0.00262821 0.000385848 0.000123036
175779 -0.00461683 0.00523845 -0.00348017 0.0073046 -0.00158055 0.00685359 0.00359471 0.00730262 0.00314726 0.00325454 -0.00630725 -0.00522535 0.00664328 -0.00743865 -0.00510866 0.00188023 0.00231202 -0.00246924 0.00739291 -0.000524866 0.00630479 0.00433395 0.00302871 0.00382114 0.00515198 0.000375029 -0.00498254 -0.00396402 -0.00375477 -0.00334514 0.00198991 0.00211721 0.00314978 0.00404797 0.00327935 0.00504903 0.00326117 0.00431745 0.00654206 0.00458249 -0.00641861 -0.00465746 -0.0034456 0.00545115 0.00629221 -0.00469361 -0.00572749 0.000300284 0.00442202 0.00658516 -0.00290715 -0.00675518 -0.000647052 -0.00412886 -0.00298302 0.00546988 -0.00757431 0.00149055 0.00361381 -0.000727733 0.00553807 0.0019732 0.00350497 0.00599131
312047 0.0043425 0.0006136 0.00195835 0.00343958 -0.00438012 0.0066866 3.09252e-05 -0.000135816 -0.00694334 -0.00594972 0.00524869 -0.00444179 0.00751909 0.00145738 -0.00618686 -0.00208479 0.00639066 0.00115015 -0.00203008 -0.00515348 -0.00184588 -0.000433139 0.00356089 2.69186e-05 -0.00103947 -0.00556277 0.00345956 -0.00247382 0.00624467 0.00251809 0.000322065 0.00772614 0.00177577 0.00209941 -0.00722198 -0.00726401 7.42557e-05 0.00343625 0.00339566 -0.00386284 -0.00741342 -0.00247157 -0.00455179 -0.000413222 0.00546631 -0.00311942 0.00223255 0.00114359 -0.00108237 -0.00277017 0.00410527 0.000959969 -0.0041112 -0.00604508 0.000958783 -0.00665002 -0.00405894 -0.00653265 0.00319555 -0.00709479 0.00108725 -0.00345975 -0.000980189 -0.00716017
344296 0.0055522 0.00188081 -0.00496075 0.00759607 -0.00582797 -0.0066791 0.000960489 0.0019782 0.00602302 0.00499603 -0.00690259 0.00280994 -0.00499855 -0.00752239 -0.00726375 0.00607901 -0.00419737 -0.00357232 -0.00264238 0.00625544 0.000901651 -0.00201801 -0.0055187 -0.00338522 -0.00695213 -0.0011085 -0.000771079 0.000691684 -0.00735876 0.00747565 0.00181465 -0.000521199 0.00181884 -0.00546114 3.70072e-05 0.0021866 0.00138516 3.74254e-05 0.003413 -1.73661e-05 0.00769634 0.0018335 -0.0037082 0.00369822 0.00163257 -0.00731338 -0.0034534 -0.00128636 0.00252784 0.00207073 -0.0057412 0.00247869 0.00539375 -0.00684803 0.000637894 -0.00486212 0.00738098 -0.00343309 0.00703357 0.00243548 -0.00179341 0.00532259 0.00649136 -0.00739786
334015 -0.000272803 0.00749245 0.00265845 0.00625535 -0.00182714 -0.00598372 0.00166023 -0.0062437 -0.00510683 0.00599686 0.00654118 -0.00183165 0.00352491 -0.00427885 -0.00637477 0.00157469 0.000583937 0.00313703 -0.000827413 -0.00512104 0.00108759 0.00133932 0.000240815 -0.00482587 0.000817262 0.00528597 -0.00148761 -0.0070823 0.00358904 0.000723097 0.00646829 0.00529189 6.96477e-05 0.00706047 0.00100948 0.000291722 0.00719269 0.00182195 -0.00230577 -0.00770928 0.00347265 0.00574863 -0.00243775 -0.0045565 -0.00598382 -0.00665944 0.00641085 -0.0043558 -0.0054853 0.00585979 0.00412987 0.00168522 -0.00511482 0.00700546 0.000957623 -0.00716681 0.00503051 -0.00170402 -0.00396081 -0.00426356 -0.0059905 -0.00212262 0.0063585 -0.00213258
263918 -0.00467345 -0.00781693 -0.00321028 -0.00642473 0.00396418 -0.0030863 0.00504998 -0.0056601 -0.00162433 0.00631693 -0.0067304 0.00220068 -0.00269959 0.00236037 0.00634258 -0.00129167 -0.00389079 0.00207798 0.00492033 0.00773802 -0.00689336 0.00355618 0.00621887 0.00507827 -0.00351412 -0.00256505 -0.00618408 0.000683845 0.0010755 -0.00539172 0.00650728 -0.00161116 0.00114281 -0.00499124 -0.00486133 -0.00703969 -0.0057113 -0.00708978 0.000831667 0.00393202 -0.000883677 -0.001263 0.00568383 0.00728677 0.005445 0.00157356 0.00651322 0.0022563 -0.00688448 0.0011287 4.89864e-05 -0.0054168 0.0017582 -0.00587143 -0.00108794 0.00770267 0.00611996 -0.00599495 0.00582961 -0.00469642 -0.00635104 -0.00166933 0.00251366 -0.00628841
1437 -0.00678796 0.0016765 0.00452853 0.00294264 -0.000120124 -0.00228394 0.00582351 -0.000681693 0.000803698 0.00713298 0.00272914 -0.00354578 -0.00531114 -0.00466937 0.00104306 0.00374992 -0.00342623 -0.00233031 -0.00775676 0.00547084 -0.0053554 0.00666409 0.00523996 -0.00325368 -0.00623498 -0.00215182 0.00166302 -0.00423563 0.00216031 -0.00565639 0.00166514 0.00687137 0.0017489 -5.14824e-05 0.00552917 -0.00590047 -0.00566764 -0.00325994 0.00414216 -0.00461794 0.00612125 -0.00592725 0.00329036 0.000776513 0.00356673 -0.00328378 -0.00525824 0.00553335 -0.00678601 0.00377731 0.00289039 0.00140182 -0.0072951 -0.000205424 -0.000510023 0.00573887 0.00468035 0.00306015 0.00177371 0.000300302 -0.00562718 -0.00761959 0.00659013 0.00413831
256658 0.00174596 -0.00514791 -0.00217934 -0.00273599 -0.00196314 0.00048008 0.00736934 -0.00329617 -0.00617136 0.00206729 -0.00185068 0.00157108 0.00711217 -0.00278625 0.00370973 -0.000111052 -0.00698405 0.00172486 -0.0057584 0.00425742 0.000222529 0.00438727 -0.00141962 -0.00503012 -0.00208675 0.00618988 -0.00144017 0.00458879 -1.32817e-05 -0.00358976 -8.20265e-05 0.00377882 0.00662162 -0.00725306 0.000167002 -0.00612044 -0.000469766 -0.00260466 0.00650661 -0.00238782 -0.00308165 -0.00320457 -0.00303569 -0.00686667 -0.00423977 -0.00268145 -0.00740556 1.40765e-05 -0.0024764 0.00644976 -0.00534134 0.00199094 0.00544105 -0.00194991 -0.00043951 -0.00719402 0.00220917 0.00477769 0.00373532 0.00205842 0.00132691 0.00374251 0.00688444 -0.00163427
268975 0.00609707 0.00149215 0.00352744 -0.00579365 0.00255409 0.000975866 0.00443545 -0.00232311 -0.0070629 -0.00774544 -0.00253971 -0.00114433 0.00619834 0.00683352 0.000239807 -0.00655381 -9.63835e-05 0.00298775 0.00439495 -0.00384987 -0.00381016 -0.00134345 -0.00511654 0.00148536 0.00689735 -0.00177437 0.00086855 -0.00105117 -0.00412952 0.00565323 0.00124914 0.00145738 -0.00312121 -0.000826903 0.00212438 0.0061693 -0.0054705 0.0026513 -0.000851572 0.00226364 -0.00162703 0.00425352 0.000659755 -0.00709172 -0.00330078 -0.00194118 -0.00184681 0.00408822 0.000759837 -0.00627558 -0.00382793 0.000844292 0.00672844 0.00245895 0.0040508 -0.00240852 -0.00733361 0.00266635 -0.00727271 -0.00046007 -0.00382786 0.00222961 -0.0005591 0.000583738
343750 -0.000985622 -0.00347567 -0.00620461 0.00371742 -0.00602436 0.00303221 0.000116348 0.00596762 0.00563288 0.00268078 -0.00458479 -0.00640965 0.0030241 -0.000436783 0.000554085 -0.00126266 -0.00761843 -0.00210333 -0.00715494 -0.00306845 -0.00734425 -0.000928879 -0.00485754 -0.00569487 -0.00510454 0.00464535 0.00108862 0.00531483 -0.0012579 0.00331974 -0.00225973 0.00442028 -0.00725269 0.00585651 -0.00475454 0.00554466 0.00301361 -0.00340939 -0.00332499 -0.00657082 -0.00125837 0.00613165 0.00517702 0.00132275 -0.00205898 0.00202084 0.00155926 -0.00337839 0.00563097 0.00507402 0.00509357 -0.00610113 0.00278902 0.00317144 -0.00560093 -0.00556231 -0.00662136 0.00772429 0.00431442 -0.000165939 -0.000412941 -0.00354242 0.00375414 -0.00434065
271085 -0.00304735 -0.00600293 -0.0045464 -0.00350675 0.00777085 0.00257463 0.00505708 0.00145753 0.000394614 0.00325925 -0.00563271 -0.00159551 0.00065102 0.0055976 0.0065354 0.00656521 0.000559125 0.00626471 0.000130675 -0.00114588 0.00737493 0.00741506 -0.0075637 0.00625404 0.00667537 0.00133135 -0.000236405 -0.00459111 -0.00578869 -0.00577275 0.00501971 -0.00632186 0.00665635 0.00733423 0.00239603 0.00586511 -0.00611974 0.00260426 0.00585943 -0.0058758 -0.00629323 -0.000142558 -0.00665482 -0.00402965 -0.00136984 0.00399475 0.00082492 -0.00408432 0.00700052 -0.00607559 -0.00452631 0.000823884 0.00743527 -0.001908 0.00668788 -0.00347837 -0.00187981 0.00759404 0.00384559 0.00201085 -0.00672914 0.00282038 0.000296287 0.00759499
331949 -0.00720318 6.45665e-05 -0.00375755 -0.00195131 -0.00663387 0.00330326 0.00657534 0.00336155 0.000367697 0.00314553 0.00455057 0.00266845 -0.00551758 0.000304764 -0.00332144 -8.51899e-05 -0.000314041 -0.00669174 -0.00355766 0.0020527 0.00349139 0.00204322 0.00335709 -0.000148986 0.00090692 0.00329231 0.00513779 -0.00422104 0.00689422 0.00649728 -0.000399598 0.0049963 -0.00366884 0.00589442 0.0074544 -0.00256105 0.00646492 0.00489986 -0.00549125 0.00393804 0.00255717 0.00626965 0.00272239 -0.00646847 0.00587275 0.00679449 0.00181588 -0.00334821 0.00750258 -0.000277857 -0.00390509 0.0021831 -0.00449786 -0.00710687 0.00666606 -0.00626948 -0.00699927 -0.00223399 -0.00435438 -0.00260361 -0.00207923 -0.00127465 -0.0070862 0.00570296
195521 0.00284624 -0.00251818 0.00740147 -0.00518131 0.00173235 0.00124502 -0.000333309 0.0073185 0.00533104 0.00367928 -0.00285959 0.00357628 0.00319767 -0.00180292 0.00410891 0.00086832 0.00416803 -0.00551891 0.00660658 -0.00130892 -0.00130081 0.000392914 0.00535631 -0.00773096 0.00662661 0.00201988 0.00205135 -0.00627422 0.00672865 -0.0019865 -0.0029211 0.00378323 0.00541782 -0.00406647 0.00210762 -0.00594568 -0.00592232 -0.00450134 0.000639915 -0.000959873 0.00548697 0.0070858 0.000579834 0.00290489 0.00322151 0.00538015 0.00253487 0.00138187 0.00198269 0.00713968 -0.00334215 0.00201178 -0.00350761 0.00110197 -0.000749588 -0.000679493 0.00314331 -0.00287628 0.00754929 0.000627518 -0.00481796 0.000701904 -0.00670004 -0.00152063
260798 0.00436152 -0.00751829 0.00105932 -0.00338342 -0.00206926 6.62557e-05 0.00295296 0.00125451 0.00713882 -0.00166911 -0.00206023 0.00609184 0.00660417 0.00599966 0.00738835 -0.00755122 0.00492293 0.00625661 0.000850326 0.00463806 0.00307618 -0.00354717 -0.00056648 -0.00711962 -0.00183901 -0.00309799 -0.00122735 0.000141003 0.00274207 -0.00307328 0.00523704 -0.00550165 0.00733551 -0.00453815 0.00139969 0.00163234 -0.00401221 0.00550619 0.00762355 -0.00534371 0.00611616 0.00757407 -0.00675941 -0.00607209 -0.00224588 0.00252867 -0.00681074 0.00483601 -0.00688321 -0.00692048 -0.00527929 -0.00357843 0.000889047 -0.00280414 -0.00290016 0.00309111 -0.0010521 0.00106783 -0.00295123 0.00311644 0.00583586 0.00163466 0.00532035 0.0019997
117119 -0.00195517 -0.000965968 0.00398698 0.00556302 0.00172583 -0.00418456 -0.0041971 -0.00349087 0.00555088 0.00402272 -0.0061973 0.00731339 0.00773504 0.00688823 -0.00730448 -0.00338179 0.000746394 0.00158888 0.00403488 -0.00360702 0.0031004 0.00766035 -0.00559968 0.00319984 0.00450996 -0.00483951 -0.00423779 0.00238025 -0.00394725 -0.0076721 -0.00717579 0.00516721 -0.0011777 -0.00110805 -0.00287327 0.00264927 -0.00317783 -0.00432507 0.0066307 -0.00178292 0.000280328 0.00515193 -0.0051773 0.00662729 0.00435251 -0.00676572 0.00299854 -0.00617608 0.00695014 0.00475007 -0.00444033 0.00515651 0.00687806 -0.00533302 0.00498242 0.00280622 0.00554547 -0.00266392 0.00750454 0.00393308 -0.00417572 0.00246427 -0.00616255 -0.00647226
202497 -0.00760489 0.00777112 0.0040023 0.000216203 -0.00624822 0.00777319 -0.00316671 -0.00343508 -0.0075349 -0.00133668 -0.0051076 -0.00332485 0.00198266 0.00760529 0.00109689 -0.0035273 -0.0018449 -0.00743487 0.00196192 0.00542575 -0.00684041 -0.00327088 0.00672374 0.00139667 5.64538e-05 -0.00392097 0.00127994 -0.00429275 -0.00424235 -0.00319305 -0.00114164 -0.00668654 0.000132621 -0.00711213 0.00429363 0.00311943 0.00455323 -0.00283884 -0.0033211 -0.00627729 0.00724032 0.00500827 -0.00402052 -0.00467494 -0.00120413 -0.00414115 0.00656079 -0.00557599 -0.000711178 0.00345757 -0.00323018 -0.00696095 0.0050081 -0.000719435 0.0044107 0.00381019 -0.00667853 -0.00308122 -0.00354509 -0.00559796 0.00158793 -0.00391327 -0.00607404 0.00480125
246051 0.00379324 0.00133324 -0.00332928 -0.00177431 -0.00617313 0.00066328 0.00102139 -0.002882 -0.00113869 -0.000819683 0.00363731 0.0024972 -0.00748682 0.00698328 0.003304 -0.00154018 -0.00412035 -0.000952244 0.00387049 -0.00729561 0.00667238 -0.00325203 -0.00163841 0.00464725 -0.00184965 0.0068841 0.000181675 -0.00129414 0.00297737 -0.000615597 0.00763512 0.00248051 -0.00753641 0.00325298 -0.00106478 0.00115681 0.0038228 0.00193644 0.000180721 0.00411272 0.00714254 0.00455189 -0.00465965 5.05447e-05 -0.00404119 0.00540066 0.00198317 -0.0064826 -0.00374222 0.00508881 0.00366211 -0.00462866 -0.0065856 -0.00682974 0.000191689 0.00382376 0.00314331 0.00314474 0.00735569 0.00485468 0.00472498 -0.000909805 0.00165272 -0.00261879
45821 -0.00618189 0.00165195 0.00100386 -0.00613299 -0.0018076 -0.00614121 -0.00425844 0.00168398 0.000993409 -0.000942668 -0.00095657 -0.00140465 0.00587563 -0.0038897 -0.00664994 0.00115466 0.000529254 0.00180898 -0.0044091 0.00523054 0.00674709 0.0016548 0.0014803 0.00668325 0.00441256 -0.00434406 0.000704857 0.00663471 -0.00452356 -0.00295734 -0.00422257 0.0059362 -0.00399915 0.000942585 -0.00379813 0.00269429 0.0025945 -0.0057378 0.00050313 -0.00215123 0.00367876 -0.00663132 -0.000906039 0.00632264 0.00288021 -0.00663187 -0.00503519 0.00142505 0.000484311 0.00222022 -0.00184382 -0.00732084 -0.00607945 -0.00220316 0.00499566 -0.00735319 0.00532432 -0.00421993 -0.00235371 -0.00465081 -0.00526558 0.00435996 0.00530361 0.00307226
194960 -0.00552024 0.00704527 -0.00306118 0.0047988 -0.0046542 -0.00105723 0.00727279 0.00598165 -0.00131072 -0.000362323 -0.00092699 -0.00224957 -0.00168143 0.00508466 0.00445576 -0.00459408 -0.00480147 0.00515869 0.00199661 0.00395748 -0.00449952 -0.00232959 -0.00644229 -0.0065927 0.000926233 0.000810195 0.00337763 0.00683122 0.00577196 -0.00549089 -0.00559826 0.000322267 0.00761301 -0.00393704 0.00337864 0.00592516 0.00116695 -0.00258469 0.00448456 -0.00205893 -0.00734475 0.000148178 0.00578201 0.00734224 0.00318582 0.00159212 -0.000762227 0.00509021 0.00676741 -0.00476475 0.00118658 0.00462162 0.00473497 -0.00460091 -0.00758147 -0.000815554 -0.00630163 -0.0062438 -0.00484593 -0.00370501 0.000156664 -0.00283206 0.000883892 -0.000936657
200652 -0.00137323 -0.00750214 0.00348694 -0.00601828 -0.00267103 0.00406095 0.00735219 -0.00220392 -0.00064321 -0.00562786 -0.00164316 0.00490677 -0.00351533 -0.00627892 -0.000562815 -0.00457633 0.00207657 0.00543268 -0.00678231 0.00470683 -0.00143495 -0.00559547 0.00687189 0.00550151 -0.00661943 0.00612703 0.00073229 -0.00542673 -0.00415408 0.00435427 -0.00427729 0.0058444 0.000559326 0.0066237 0.0043115 0.00111955 0.00750369 -0.00434641 -0.00458289 0.00395829 -0.0067203 -0.00113239 0.00616229 0.00423711 0.00386163 0.00160152 0.00495263 -0.000785857 0.00221903 0.0077796 -0.00534039 -0.0038987 0.000617374 0.00736285 0.00643622 -0.0023214 0.00133253 -0.00749118 0.00420949 -0.00103127 -0.0052352 0.00172468 -0.00770372 0.00146923
338693 0.00692416 0.00327094 0.000634205 -0.00530498 -0.00749853 0.00509646 0.0065623 0.00425555 0.00282443 0.000269451 -0.000624428 0.00150281 0.00348181 0.00778021 -0.00412427 0.00769961 0.00432352 0.00694133 -0.00578126 -0.000310792 0.00253954 -0.00640586 0.00322402 -0.00240267 -0.00490458 0.00307504 -0.00670995 0.00414147 -0.00172267 -3.19276e-05 -0.000300445 0.00343223 0.00295812 -0.00430068 0.00631275 0.00206569 0.00620392 -0.00345487 -0.00417746 0.00771539 0.0014175 0.0024759 -0.00137039 0.00582962 0.00422616 0.00403344 -0.00545928 0.0019437 -0.00273838 -0.00656712 -0.000407159 0.00240992 -0.0044365 0.000132282 0.00492967 0.00135914 0.00637952 -0.00466545 0.0057954 0.00244419 0.00723631 0.00327656 0.00691872 0.00318454
346289 -0.00325434 -0.0013553 0.00735886 0.00119622 -0.00715877 0.00584464 -0.00777988 -0.00258858 0.00092248 -0.00484858 -0.00335231 -0.0073509 -0.00104047 0.00709708 0.00351072 -0.000406573 -0.00723468 0.00608069 0.00641867 0.00464782 0.00166512 0.00495464 -0.000727275 -0.00531547 -0.00393644 0.00672368 0.00497406 -0.000596828 0.0063606 -0.00606504 -0.00146994 -0.00236197 0.00377112 -0.0030581 -0.00682075 -0.000903132 0.0052851 1.08707e-05 0.00468278 -0.00676869 0.0051185 0.000675371 0.00520414 -0.00240062 -0.00432934 -0.00402149 0.00504599 -0.00761584 -0.00544857 0.00719961 -0.00213242 0.00401239 -0.00441572 -0.00470836 0.000631922 0.000102342 -0.00516628 -0.00236303 0.00427897 -0.00194127 -0.00438447 -0.00522578 0.00169089 0.00463172
338727 -6.04905e-05 -0.00735525 0.00360345 -1.93415e-05 0.00245028 0.00221268 0.00634761 0.00440551 -0.00654416 -0.0040566 -0.00739334 0.00677471 0.00180318 0.00603553 -0.0070543 -0.00686777 -0.00241373 0.00714404 0.00767247 -0.00382024 -0.00175979 -0.00108267 0.00362567 -0.00161511 -0.00596418 -0.00711204 0.00493424 -0.000931835 0.0057045 0.00669623 0.00773469 0.000720469 -0.000252453 0.0048135 0.00357636 0.00590484 0.00501012 -0.00192231 -0.00255015 -0.000926349 5.17733e-05 0.00637922 -0.00689416 0.00401353 -0.00694588 0.00366878 0.00325926 0.00434731 0.00454333 0.0024288 -0.0052342 0.0051032 -0.00105416 0.00616527 -0.00165106 0.00716238 0.00763079 0.00273912 -0.00389746 0.000577232 0.00423073 -0.00724031 0.00385469 -0.00126025
311018 -0.00621346 0.00713722 -0.00726341 0.000806329 0.00204917 -0.00197027 0.00491485 -0.00263454 0.003538 -0.00386358 -0.00250009 0.00192908 0.00726751 -0.00418669 0.00529141 0.00259403 -0.00605244 0.00650515 -0.000396521 0.0057304 0.00212689 0.000779869 0.00174794 0.00238501 -0.00541248 -0.00772983 0.00147717 -0.00164339 0.0052744 0.00374614 0.00392928 0.00157592 -0.00443012 0.0059455 0.00562796 -0.00271369 -0.00225835 0.00617159 0.00444111 -0.00632242 0.00563806 -0.00637119 -9.67187e-05 -0.00506771 0.00347408 -0.00137775 -0.00501587 0.00121296 -0.0013526 0.00304892 0.00350741 0.00167243 -0.00387422 0.00731565 -0.0048483 -0.0032688 -0.000638331 0.00604508 0.0013205 0.0013137 0.0068402 0.00577691 0.00176363 0.00165182
328705 -0.00529795 -0.00648122 0.00171337 0.00570523 -0.00425806 0.00478375 -0.00136314 0.00328635 -0.000345255 -0.00279976 -0.00195429 0.0064481 0.00284289 0.00644393 -0.0045298 0.00322698 -0.00374973 -0.00723706 0.00695103 -0.00577895 -6.04541e-05 -0.00324245 0.00235558 -0.00736652 -0.00446017 -0.00358438 -0.00495412 0.00024783 0.00629443 0.00561246 0.0026107 -0.00315309 0.00363811 -0.00519504 0.00664298 0.00260308 -0.000713577 0.000771099 0.00124594 8.23005e-05 0.00198459 0.00674948 -0.007139 -0.00516457 -0.00515487 0.00711114 -0.00609867 0.00123798 0.00298562 -0.00632966 -0.00183985 -0.00222984 0.000960045 -0.00338628 -0.00411544 -0.00221917 -0.00473747 -0.00477743 0.000937234 -0.00071276 0.000669163 0.00351797 0.00712458 0.00605069
346621 -0.00454966 0.00492683 0.0025476 -0.00665624 -0.00452606 -0.00498191 0.00613337 -0.00558482 0.00495387 -0.00759495 0.00450973 -0.00586655 -0.000467552 -0.00221662 0.00450131 -0.00649017 -0.0044966 -0.00636176 1.48022e-05 -0.00693197 0.00164716 -0.0035655 0.00643896 -0.00594156 0.00240994 0.00462674 -0.00607893 -9.28633e-06 0.00211589 -0.00651279 -0.00400545 0.00665936 -0.00268726 0.00497464 0.00615041 -0.00346224 0.00206953 -0.00267449 0.00242923 0.00222771 -0.00725685 0.00400052 -0.00607621 0.00485532 0.00543389 0.000598 0.00579063 -0.000844487 0.00460021 -0.00189165 0.00750684 0.00524047 0.00393244 -0.00464015 -0.00239236 7.21905e-05 -0.00305016 -0.00309768 -0.00076409 0.00150632 0.00661403 -0.00555448 -0.00753027 -0.00301687
169716 -0.003151 -0.00702105 0.00641366 -0.00296528 0.0053264 -0.00417496 0.00662417 -0.00225048 0.00353262 -0.00118633 0.00369848 -0.00653006 0.000548339 -1.19952e-05 0.00313423 -0.00431449 0.0059609 -0.00212541 0.00354335 -0.00547216 -0.00624484 0.00165364 0.00699635 -0.00726009 -0.00260596 -0.0071391 -0.00140003 0.000535728 -0.00605101 0.00340802 -0.000335463 -0.00353794 0.00468228 -0.000380253 -0.00430647 -0.00710234 0.00643822 0.00356308 -0.000759075 0.00753712 0.00496047 -0.00153836 0.00158118 0.00245047 0.00337021 0.00532991 -0.00253349 -0.00265073 -0.00174766 0.000979456 0.00559118 -0.0032358 0.00334619 0.00155027 0.0051182 0.00129509 -0.001631 -0.00115755 -0.00728992 0.00708063 0.00617779 -0.00484819 0.000755604 -0.00150473
132840 0.00731341 -0.00511409 0.00116477 -0.00473183 0.00605719 -0.00447379 0.00329107 0.00109753 0.00296063 -0.00570751 0.00578805 -0.0063536 0.00109079 0.00402561 0.00106931 -0.00734437 0.00301541 0.00162129 0.00338798 -0.0012692 0.00186559 0.0063052 0.00508801 -0.0020544 0.00178322 0.00738744 0.00157434 -0.00281248 0.00641608 0.000967144 0.00582276 0.00203542 -0.00108886 -0.00322157 0.00620361 -0.0024606 0.00454691 0.00352395 0.00615338 -1.68904e-05 -0.00455275 -0.00470681 0.00658049 0.00450417 -0.00438282 -0.00724492 0.005956 0.006387 0.00230923 -0.00502132 0.00565308 -7.61855e-05 0.00512305 0.00514215 -0.000119442 0.00693537 0.00111714 -0.00355498 0.00149039 0.00727492 0.0044993 -0.00140348 0.00473744 -0.00456015
301770 -0.00362417 -0.00644462 -0.00205123 0.00587854 0.001668 0.00556808 0.00666339 0.000142224 0.00300439 -0.00423266 -0.00236526 0.007574 0.00434321 -0.00677045 0.000127419 0.00644347 0.00104493 -0.00634404 -0.00674706 -0.0021713 -0.00303741 -0.00343114 -0.00616748 -0.00444553 -0.00252787 -0.00723146 0.00350124 -0.00708799 -0.0061614 0.00659845 -0.00126713 0.00426942 -0.0073167 0.00638113 -0.00203797 -0.00696021 -0.00326783 0.00492195 -0.00113233 0.00267107 0.00687573 0.00755971 0.00737463 0.00420055 -0.00296429 0.00489559 -0.00191199 -0.00265842 -0.00408438 -0.00403382 -0.00263751 0.00289657 0.0076718 0.00408186 0.00237481 -0.0010198 -0.000903743 -0.00705175 0.00643468 0.00119318 -0.0011708 0.00563022 0.000292159 -0.00367609
335121 0.00374022 -0.00480441 0.000169733 0.00735686 0.00417013 -0.00158319 0.00404569 -0.00151457 -0.00452546 -0.00325132 0.0050216 -0.00671701 0.00566285 0.0054619 -0.00547421 0.00451141 0.00656144 0.00168985 0.00570861 0.00765257 0.00458225 -0.00221472 0.0053905 -0.00492722 0.00592487 -0.00466282 -0.0030865 -0.00146395 -0.00353039 0.00153028 0.00186097 0.0077532 0.00603908 -0.000401286 0.00175218 0.000988917 0.00667033 0.00772713 0.00757943 -0.000491458 -0.00405141 -0.00638039 -0.0053759 0.00258893 -0.000936753 -0.00251818 -0.00473379 -0.00371728 -0.00258834 -0.00352485 -0.00614355 0.00201933 0.00138535 0.00408989 -0.00602439 -0.00151265 -0.00600986 -0.000505829 -0.00374835 -0.00418489 -0.00562371 -0.00639632 0.00704358 0.00165696
129625 -0.00113664 -0.00188869 0.00338163 0.00178805 0.00210415 0.00137289 0.00633861 0.007413 -0.00428865 -0.00155552 -0.000858727 -0.00516444 -0.00748416 -0.00725008 0.00185404 -0.00674854 0.0027466 -0.00141825 0.00326394 0.00492366 -0.00429261 -0.00398841 0.00167226 -0.00215063 -0.00648239 0.00670735 -0.00209975 0.00157144 -0.00013215 0.00619057 -0.000454903 -0.00647638 0.00465317 0.0020638 -0.00649723 0.00390511 0.00329474 0.00390523 -0.00787928 -0.00203927 0.00546757 -0.00220807 -0.00185414 -0.00707505 0.000895315 -0.00319754 -0.00450156 0.00581772 0.00161571 -0.00321572 0.000541272 0.00121103 0.0001213 0.00294624 -0.00489537 0.00325399 -0.00482689 0.0036176 -0.00121255 0.00592275 0.00399475 -0.00547565 0.00543791 0.00412377
310522 0.00594711 -0.00704956 -0.00458956 -0.000990391 0.007267 0.00244141 0.000383854 -0.000867367 -0.00419426 -0.0053916 0.00582886 0.00160694 0.00724077 -0.00695229 0.000402451 0.00257874 -0.00390434 -0.00335932 0.00275517 0.00510025 -0.00416327 0.00101376 -0.000738621 -0.0020256 -0.00280523 -0.00530291 -0.000853062 -0.003057 -0.00264072 0.00176525 -0.000503063 -0.00265551 -0.00701237 0.000544548 0.00419235 0.00767231 -0.00533152 -0.00671196 -0.00137758 -0.00246429 0.0076623 -0.00608587 -0.00702667 0.00757217 -0.00593996 0.00558424 0.00469351 0.00481606 -0.00445032 0.00520086 -0.00082016 -0.00329685 -0.00555801 0.00662088 0.00304365 0.00283051 0.00463724 0.000902176 0.00274229 0.00703716 0.00143576 0.00163221 -0.000808716 0.0045414
345926 -0.0056942 -0.00631551 0.00302978 0.00105978 -0.0073466 -0.00237848 -0.0026579 0.000702534 -0.00468806 0.00191265 -0.00376067 -0.00491105 0.00597319 0.0052325 -0.00770843 0.0077014 0.00110418 -0.000164306 -0.00200897 0.000751514 0.00727754 -0.00117411 0.00694956 -0.00331773 -0.00101124 -0.00200335 0.00113232 0.00363269 0.0058676 -0.00694004 0.00177276 0.000222927 -0.00076792 0.00506258 -0.00600795 -0.00516127 -0.00346257 -0.000805368 0.00239066 0.00579747 -0.00151365 -0.0048688 -0.0067672 -0.00713426 -0.00669548 0.00321442 0.00518229 -0.00396641 0.00532027 0.00627093 -0.00476208 -0.00757793 -0.00189876 -0.00286357 0.00677741 -0.00489267 0.000302639 -0.00554713 0.00474928 -0.00156418 -0.000273147 -0.000178903 0.000164847 -0.00459722
91635 0.00389728 0.0064589 -0.00161884 0.00216165 0.00144984 0.00638338 -0.000110331 -0.000159862 0.00179385 -0.00165959 -0.00379449 -0.00412619 -0.000225627 0.00465029 0.00285979 0.00712478 -0.00709787 0.00473909 0.0059966 0.00742364 -0.00705463 -0.000878947 -0.00570812 0.0034946 0.00466193 0.000367305 -0.00365956 0.00099105 0.00297942 -0.00737767 -0.00149372 0.00671742 -0.0033663 0.00229978 -0.00627129 0.00269114 0.00148073 0.00584388 0.00244579 0.00653756 -0.00287373 0.00667264 0.00533745 -0.00315736 0.00578232 -0.00757218 0.0027821 0.00536392 0.00232664 -0.00742392 0.00186125 0.000339995 0.00159569 -0.00407156 0.00341258 0.00115337 -0.00042625 -0.0044258 -0.00660449 0.00260069 0.00391871 -0.00199803 -0.00343633 -0.00686995
330396 0.00407821 -0.00149124 -0.00736004 0.00449749 0.00632095 -0.00673963 0.00311352 -0.00760004 -0.000602579 0.000854614 -0.00736905 0.00123448 0.00719946 0.00590062 0.00262017 0.0073982 0.00157476 -6.80789e-05 0.00476957 0.0017479 0.00210219 0.00368355 0.00139314 0.00422769 -0.00391992 -0.00688835 0.00102648 0.00773914 0.00573837 0.00519698 0.00526322 -0.00229412 -0.00221891 0.00236029 -0.00489213 -0.00202706 -0.00613521 0.00520297 0.00571047 0.00735622 -0.000547604 -0.00535603 -0.00364713 -0.00309848 -0.00066118 -0.000437557 -0.00450946 0.00402754 -0.00294748 -0.00425776 -0.00687419 -0.00704857 0.00325965 0.000855386 -0.00218221 0.00292438 -0.00360327 0.00730795 -0.00338466 0.00299922 -0.0042974 -0.00313665 2.33012e-05 0.00600955
108622 0.0033436 0.00718881 0.00486146 0.00211735 0.00385416 -0.00664715 -0.00563655 -0.0025736 -0.00437323 0.00290679 -0.00439853 0.000379132 -0.00744331 -5.01449e-05 0.00146803 0.00709058 0.00248995 -0.00256786 -0.00433883 -0.000421901 -0.00227249 0.00647913 -0.00201288 -0.00721576 -0.00532748 0.00708834 0.00779849 0.00349795 0.00735861 -0.00360601 -0.00135252 -0.00652138 0.00706925 0.00756186 -0.00246668 0.00238016 -0.00252101 -0.00283791 -0.00454385 0.00773888 -0.00652216 -0.00453818 0.00401124 -0.00561198 -0.00320202 -0.00405513 0.00485903 0.00249065 0.00772149 -0.00739332 -0.00227021 -0.00208711 -0.00663944 0.00202448 0.00266705 0.00593647 -0.00768261 -0.00607091 0.00310749 0.00658093 -0.00426248 0.00504939 -0.00113392 0.00334094
346705 0.00238599 -0.000350826 -0.000659249 -0.00284446 -0.00199612 0.00261027 -4.89624e-05 -0.00495859 0.00585176 0.00584914 0.00755361 0.00614992 0.00580835 0.00138175 0.00125553 -0.00293288 -0.00566181 0.00154997 0.00366637 -0.00688227 -0.00241329 -0.00625534 -0.00723825 0.00180806 -0.00185581 0.002404 0.00145453 0.00689956 -0.00656171 0.0022279 -0.00585305 0.00626048 0.00579961 -0.00331268 -0.00724503 -0.00170748 -0.00310915 0.00503922 -0.00582871 -0.000460767 0.00617476 0.00663759 -0.00450303 -0.00199438 -0.0026901 -0.00765648 -0.00247114 0.00318746 -0.00199642 -0.000848986 0.00552818 0.00350123 0.00159741 -0.00269981 0.00715902 0.00775686 -0.00306096 0.00564594 -0.0061772 -0.00317667 0.00135601 0.00776485 0.00473965 -0.0063595
337597 -0.00586081 -0.0022521 -0.00488424 -0.000574112 0.000750542 -0.00653696 0.00712395 0.00435972 0.00635052 0.00314617 0.00748062 -0.00772762 -0.00463438 0.00120354 -0.00387907 0.007195 -0.000695705 -0.00694895 -0.00111198 -0.00192261 -0.00389051 0.00630093 0.00232744 -0.00608253 -0.00351048 -0.00585222 0.00588751 -0.00250959 0.00424576 0.00398636 -0.000377178 -0.00632906 -0.00146389 0.00334215 -0.00417376 0.00740576 0.000101089 -0.00259733 0.000810146 -0.002038 -0.00561571 0.00210428 -0.00723219 -0.00674438 -0.00767803 0.00706148 -0.0049448 0.000882149 0.00174904 -0.00770473 -0.00167274 0.0059123 0.0026741 -0.0075841 -0.0072546 -0.0016861 -0.00373936 0.00660467 0.00430679 -0.00367689 0.00201797 -0.00196314 0.00590038 -0.00700378
211090 -0.0051099 -0.000112789 0.0034267 -0.00470056 0.00067805 -0.00687706 -0.00456135 0.0054922 -0.00322657 -0.00398075 -0.00221835 0.00276858 -0.00427328 -0.00170056 0.00370051 -0.00291102 0.000564084 0.00741966 0.00620977 0.00685688 -0.00459256 -0.000928689 0.00418657 0.00188464 0.00321918 0.00519438 0.00591612 -0.00607135 -0.00591387 0.00640215 -0.000591234 -0.000668346 -0.00230823 0.00641874 -0.00162701 -0.00339004 0.00740989 -0.00236169 0.00650897 -0.00526289 0.000785527 -0.00501975 -0.00559504 0.00466984 -0.00332292 0.00376084 -0.0045894 -0.00185184 -0.00174878 0.00352226 -0.00287541 -0.0064779 -0.00506428 0.000964124 -0.00451847 0.00646639 -0.000232811 2.24961e-05 -7.94446e-05 0.00424289 -0.00500389 -0.00776133 -0.00159355 -0.00589042
216265 -0.00243456 -0.00348493 -0.00373791 -0.00512842 -0.00620097 0.00542938 -0.00115833 0.0018337 0.000519635 -0.00610243 0.00435994 -0.00422582 0.00198034 -0.000634467 0.00221251 -0.00359211 0.00459652 -0.00576118 -0.00414769 0.0036178 0.00552884 -0.00268324 -0.000712198 0.00376422 -0.00777757 0.00338942 -0.00566886 0.00710204 0.00322707 0.00636307 0.00125835 -0.00372618 -0.00767466 -0.0076307 1.46604e-05 0.00297394 -0.00460669 0.00530768 -0.00521448 0.00528131 -0.00226093 0.00582207 0.00649733 0.00200313 0.00188295 0.00107337 0.00443358 0.0051873 0.00561364 -0.005675 -0.000557365 -0.00623754 -2.56961e-05 -0.00284323 -0.0031627 0.00640779 -0.00648393 -0.00288124 0.000662108 -0.00396873 0.00104636 -0.000828106 0.00177942 -0.00211798
328458 0.00284449 0.00177496 0.00057776 -4.50478e-05 0.000133887 -0.00504571 -0.00301749 0.00480465 0.00140195 -0.00216439 -0.00167845 -0.000263389 0.00187716 0.00325094 -0.00618665 -0.00380296 -0.00542576 0.00463956 -0.00733862 -0.00344769 -0.00268698 0.00280634 -0.00365664 0.00115079 -0.00704461 -0.00388305 0.00263167 -0.00692726 0.00160523 -0.00696858 0.00515624 -0.00301261 -0.00520134 0.00279287 -0.00768583 -0.00647482 -0.00430372 -0.00291506 0.00356452 0.00557712 -0.00325184 0.00107016 -0.00351282 -0.00582874 0.00705546 -0.00627386 0.0044895 -0.00660405 0.00326436 -0.00391019 -0.00501926 -0.00496256 0.000537797 -0.00523461 0.00159492 -0.00413865 0.00269359 0.000998921 0.00300451 0.00226742 0.00177843 0.00388997 -0.00357255 -0.00324982
330357 0.00364088 0.0061478 0.00411746 0.00485274 0.000328553 -0.00322829 -0.00729772 0.00226721 0.00719863 0.00129035 0.00550429 0.00386185 0.00629519 0.00100371 0.00383385 -0.00497948 -0.00732565 0.0037192 -0.00195335 0.00123934 -0.00360525 -0.00605596 -0.00365613 0.00351215 -0.00473546 -0.00164187 -0.00765473 -0.00600723 -0.00182091 -0.0054773 0.00326508 0.00587611 -0.00594138 -0.00706615 0.00599116 0.00544274 0.000678539 0.00403098 0.000598495 -0.00477934 0.00135597 0.00143436 0.0019361 -0.00212755 0.00369173 0.000239982 0.0014485 0.00442994 -0.00627359 0.0014226 -0.00306043 -0.00652962 0.002598 -0.00061008 0.0068719 -0.00414754 -0.00240638 0.00724703 -0.00419592 -0.00141373 0.00234248 -0.000560725 0.00187625 0.00705341
324195 0.000582463 -0.00753018 0.00248754 -0.00407126 -0.00153456 0.00682125 -0.00334809 0.0055853 0.00178295 0.00573162 -0.00291104 0.0054248 0.00275844 0.0071493 0.00284376 -0.00072792 -0.00230504 -0.00416032 0.00567031 -0.00558645 0.00494097 0.00378653 -0.00757846 -0.00332917 -0.00306486 0.00158472 -0.00485929 -0.00281935 -0.00579657 -3.95741e-05 -0.00444484 0.0040337 0.00257235 0.00424038 0.00149773 0.00563024 -0.00508298 0.00251685 -0.00723978 -0.00262202 0.00741958 0.00437197 0.00567284 0.00633087 0.00663466 -0.000141572 -0.0067014 -0.00619017 0.00311584 -0.00499657 -0.00505228 -0.00686939 0.0044923 -0.00661235 0.00185617 0.00400657 0.00341148 0.00341343 0.00675923 -0.000291505 -2.42118e-05 0.00227846 -0.00141667 0.00591688
129737 0.00230812 -0.00185562 -0.000978941 -0.00128392 0.00654165 -0.0024577 -0.00372121 0.00245953 -0.00728585 0.0045977 -0.00111024 -0.00625423 0.00231002 -0.00289146 0.000729376 0.00780084 0.000568739 -0.00721775 0.0014236 0.00750409 0.00173964 -0.00512743 0.00132379 0.00565256 0.00351207 0.00531826 0.0037518 -0.00207083 -0.0014951 0.00623196 0.005641 -0.00415094 -0.006411 0.00794153 -0.00621393 -0.000181542 0.00205016 -0.00771056 -0.00547617 -0.00410351 0.0030563 -0.000505748 -0.00153631 0.00518259 0.00734802 -0.00465423 0.0016276 0.00328584 0.00299474 0.000714884 0.00232124 0.0057125 -0.00326811 -0.00198458 -0.00083613 -0.00561089 0.00627034 0.000527821 -0.00659626 -0.00303397 -0.000232381 0.00540746 0.00615189 -0.00625172
213121 -0.00626887 0.00588496 0.00481815 -0.000286111 -0.00288779 -0.00373311 0.00206096 0.00452955 -0.00423944 -0.000781836 -0.00216958 -0.00275948 -0.00775864 0.00100706 -0.000742769 -0.0047554 -0.000208021 -0.000666913 -0.00575692 0.00118195 0.00448703 0.000689963 6.04997e-05 0.000642386 -0.00293187 0.000686769 0.00275032 -0.000747876 -0.00296887 0.00253294 0.00156347 -0.00622882 -0.0045394 -0.0021488 0.00628493 0.00208201 0.00664567 -0.00314256 -0.00266787 -0.00166127 -0.000583058 -0.000181713 -0.00572207 0.00289337 0.00500296 -0.00232123 -0.00718294 0.00388768 0.00351903 0.00303553 -0.00706994 0.00414553 -0.00706048 -0.00460476 0.00374275 -0.00353792 -0.00013981 0.0021089 -0.000796756 0.00498849 -0.000926677 -0.00597566 0.00463258 -0.00500096
342958 -0.000809863 0.00631602 -0.00780681 -0.00694529 -0.00180322 0.00660703 0.00146647 -0.000558252 0.00231317 -0.00131325 0.00403905 0.00526375 -0.00064229 -0.00572753 -0.00735355 0.00764822 0.00229807 -0.00424587 0.00153935 0.00716043 0.0075329 -0.00083825 0.00565275 0.00686087 -0.000964794 0.00314101 0.000652254 -0.00371445 -0.00154514 0.00133365 0.00747392 0.00226144 -0.003095 -0.00740704 0.00664612 0.00268445 0.00122785 0.000307729 -7.22179e-05 0.00419517 0.000398921 -0.00509446 -0.000382594 0.000871743 0.00669177 -0.00653114 0.00441013 0.00617068 0.00754592 -0.00541046 -0.00435389 0.000141436 -0.000543394 0.00714184 -0.00305121 -0.000429469 0.00168701 0.00334567 -0.00283954 -0.000387678 0.00292419 -0.00754133 -0.00176877 -0.00571235
346595 0.00360236 -0.0021863 0.0035334 -0.00361276 -0.00201682 -0.00672605 0.00513546 -0.0014353 -0.00329366 0.00431462 0.0041936 -0.000653242 -0.00453868 0.00704764 -0.00157791 0.00438367 0.00666536 0.00217973 0.00110369 0.00189487 -0.00248222 -0.00764626 -0.00450348 -0.00551297 0.0069441 0.00403109 -0.00216896 0.00774323 0.00408112 0.0073901 0.00739928 0.00229064 -0.00528288 0.00198052 0.00246408 -0.000396736 0.00147414 -0.00537967 -0.0063819 0.00532141 0.00173676 -0.00224232 -0.0027329 -0.007715 -0.00399255 -0.00642418 0.00289717 -0.00298177 -0.00573184 0.00708547 0.000254487 -0.00238857 -0.00120318 -0.000237076 -0.000733788 0.00143726 0.00549141 0.00762541 -0.000429747 -0.00454381 -0.00697791 0.00145661 -0.00143975 5.02402e-05
342195 -0.00010571 0.00224703 -0.00467771 0.00399817 -0.00708101 0.00699067 0.000301838 0.00548384 0.00201858 -0.00596778 -0.00696873 9.90473e-05 0.00709883 -0.000863594 -0.00496738 -0.000287981 0.00382649 -0.000668898 -0.00551659 0.0012226 -1.26222e-05 0.00538005 0.00180166 0.0041342 -0.00473936 0.00272453 0.00258781 -0.00245725 0.00726199 0.00200116 -0.00646139 -0.00166698 -0.00638611 -0.0029673 -0.00690042 -0.00115773 -0.00011492 -0.00458322 -0.00705842 0.00126213 0.0071038 -0.00193726 -0.00643221 -0.00614716 -0.00438946 0.000764723 -0.00578655 0.00236569 -0.00236521 0.0016655 0.00424753 -0.00712308 -0.00291323 -0.00544529 0.00775237 0.0075523 -0.00266664 -0.00540134 -0.00495535 -0.000471216 0.00571116 -0.0016373 -0.0060782 -0.00274221
241082 0.0044687 0.00221712 -0.00551699 0.00231051 0.00264272 -0.0033421 -0.0023335 0.000135346 0.00240795 0.000397416 0.00426886 0.00467676 0.00624781 0.000602881 4.9836e-05 7.89211e-05 -0.00751199 0.00711464 0.00651403 -0.00264757 0.00139918 -0.00682839 0.00199134 0.00618234 -0.00701728 0.00637477 -0.000256497 1.17969e-05 -0.00646772 0.00541234 -0.00292209 0.00274505 0.00596997 0.00355104 0.0014562 -0.00131585 -0.00336672 -0.00545105 0.00476983 -0.000562604 -0.00334606 -0.00682142 0.00265077 -0.00126881 0.0048185 -0.00571028 0.00757685 -0.00654121 -0.00323477 -0.00559768 -0.00266308 0.00548424 -0.00745434 0.00513942 -0.00399904 -3.72956e-05 0.00231892 -0.000904707 -0.00411604 -0.00476887 0.00689405 -0.000177438 -0.00408659 -0.00568444
348125 -0.00549261 0.00406073 0.00423785 0.00116546 -0.00769623 -0.00251129 0.000272115 0.00177442 0.00545673 0.00121372 0.00102561 0.00234468 0.00380426 0.00254313 0.00758146 0.00411744 -0.00505237 0.00631152 0.0073705 0.00596547 -0.00371961 -0.00334271 -0.00295205 -0.00576183 0.0057365 -0.00126868 -0.00242515 -0.00535936 0.00316649 -0.000900289 -0.00536445 0.00429071 0.00511552 -0.00745936 -0.00407995 0.00495454 -0.000253285 0.00770588 -0.00314549 -0.000505651 0.00525428 0.00393761 -0.000516033 -0.00751459 -0.000692326 -0.00735119 0.00193911 -0.00366109 -0.00561836 -0.00674938 -0.00739761 0.000410138 0.00690144 0.00586444 -0.00772107 -0.000287658 0.00657269 0.000821007 0.00642986 0.00523042 0.00185371 -0.00136245 -0.00713427 0.0074903
275262 0.00191138 0.00618785 0.0046945 0.00257794 -0.00275391 0.00528955 0.00307312 0.00603099 -0.00487661 -0.00220048 0.00154347 0.00603528 0.00289219 0.00386785 0.00392353 0.00258997 -0.00574698 0.00116336 0.00629312 0.00385445 0.0023361 0.00193171 -0.00417443 0.00124922 -6.09703e-05 0.00261358 -0.00350939 0.000206177 0.00622325 0.0032847 0.00171934 -0.000166811 0.00352109 0.0053078 -0.000712894 7.99902e-05 -0.00616511 -0.00457945 0.00719953 -0.00681436 -0.00249336 -0.00353393 -0.00163478 -0.000498467 -0.00596365 0.00642524 0.00662386 -0.00209119 0.000904752 -0.00121341 -0.0045153 -0.00275841 0.00713816 -0.00533334 0.001474 0.00455619 0.00390074 0.00288165 0.00758995 -0.00270361 0.00346615 -0.00433088 -0.00356004 -0.00184634
102319 0.00410191 -0.00100618 -0.000875015 0.000879983 -0.00180381 -0.00754698 -0.0066297 0.000816871 -0.00524013 -0.000680346 0.000314454 0.00504357 -0.00108666 -0.0044609 -0.00113625 -0.00579365 -0.00301228 0.00372358 0.00474143 0.00657048 -0.00174011 0.00307743 -0.00089116 0.0052457 -0.00311895 0.00173644 0.00483804 -0.0039048 -0.00410104 -0.000641358 -0.00515886 -0.00636686 0.00577013 -0.00267918 -0.00466739 0.00587197 0.00258992 0.00476388 0.00352755 -0.00418954 -0.00738008 0.00740674 0.00551712 0.00531942 -0.00398524 0.007044 -0.00391543 -0.00715246 0.00342765 0.00335951 0.00349661 -0.00786609 -0.000656235 -0.00705112 0.005017 0.00426832 -0.00398958 0.000865065 0.00362853 -0.00594342 0.00110768 -0.000323501 -0.00517123 -0.00172482
299800 0.00173996 -0.00341944 -0.00127274 -0.00202309 -0.000901714 0.0021544 -0.00252667 -0.00259227 0.00397307 0.00714295 -0.000151631 -0.00351359 -0.00509306 0.00779556 -0.00583943 0.000966783 0.00187705 0.00260527 -0.00374967 0.00641357 0.00190018 0.00179605 0.000103529 -0.00781335 -0.0056694 0.00330645 0.00734457 0.00120681 0.00468502 0.0075048 0.00538635 -0.00182185 -0.00700873 -0.00567815 0.0072799 0.00463136 -0.00514689 -0.00393545 -0.00726307 -0.000943715 0.00212868 0.00261234 0.00379634 0.00323134 0.004517 0.00517248 -0.000256509 -0.000604182 -0.00320308 0.00745127 0.00631421 0.00488734 -0.00263341 -0.00154629 0.00770566 -0.00358431 -0.00762464 -0.00204628 0.00690575 -0.00553465 0.00768459 -0.00424756 -0.000141382 0.000538713
283955 0.00313508 0.00535536 0.00710364 0.00379164 -0.00362777 0.00655248 0.00274422 -0.000604031 -0.00106774 -0.00102392 -0.00548039 0.000980394 0.00196327 0.000336682 -0.000260931 0.00592333 -6.18094e-05 -0.00586745 -0.00209577 0.00370128 0.00766212 0.0078066 -0.000117779 0.00277699 -0.00219857 0.00665045 -0.00323827 -0.0050341 -0.00525329 -0.00645473 -0.00601156 0.00239316 0.00113121 -0.00145618 0.00309578 0.00238359 -0.00569724 0.0007302 0.00497361 0.00261243 -0.00169514 0.00325194 -0.000423213 -0.00588189 -0.00470998 0.00360215 0.00772807 -0.00345793 -0.000805248 0.00345834 0.00153219 0.000248715 0.00735448 0.00140634 0.00668801 0.00227534 -0.00534207 0.00531684 0.00609396 0.00567008 -0.00285 -0.00756307 -0.000410738 0.00561202
344276 -0.00625893 0.00762842 0.00385332 0.00481424 -0.00570881 0.00176043 0.00415224 0.00243493 -0.00468548 0.00759995 0.00273727 0.000122039 0.00754771 0.00336028 0.00178793 -0.00022396 0.00540472 -0.00146346 0.00352031 0.0059442 0.00186118 0.00713533 0.00690137 0.00711786 0.00522922 0.00325144 0.00476816 -0.00401559 -0.00144185 -0.00649926 -0.00776729 0.00252803 -0.00434667 0.00455807 0.00568998 -0.00266514 0.00132286 -0.00484396 0.000272735 -0.00182842 -0.00731409 0.0064023 0.00699545 0.00270139 -0.00116607 -0.00272187 0.00242794 0.00246879 0.00552023 0.00730004 -0.00570323 -0.00209798 -0.00380554 -0.000388538 0.00652871 0.00366856 -0.00321077 -0.00497759 -0.00237759 -0.00463414 -0.00204192 0.00652327 0.00590043 0.00611272
338827 -0.00265522 -0.0057093 -0.00737239 -0.0048592 0.00453678 0.00706362 0.00473208 -0.00564439 0.000370814 -0.00491118 0.00317689 -0.00119818 0.00692581 -0.00771582 -0.00550039 -0.00308269 -0.00626809 -0.00377968 -0.0013039 -0.00206067 -0.00525064 -0.0061522 0.00681195 -0.000921436 0.00638954 -0.00739635 -0.00727457 -0.000431797 -0.00615773 0.00416791 0.00759509 0.00347236 -0.00313407 -0.00110061 -0.000968347 -0.00467595 -0.0075381 -0.00528057 -0.00690615 0.00112739 0.0045008 0.00195362 0.00105987 -0.00134833 0.00661311 0.00460092 0.00532685 -0.00367302 0.00280305 -0.00397778 -0.00193671 -0.00603119 0.00139043 -0.00120606 0.00460197 0.00616375 0.000299394 -0.00642281 0.00162644 0.00183725 -0.000324686 -0.000660254 0.00695218 0.002758
333925 -0.000830506 -0.00500144 0.00019129 -0.00750559 5.31583e-05 0.00276507 -0.000505201 0.00216838 -0.00179929 -0.00593832 -0.00173498 -0.0057781 0.00342342 -0.0028464 -0.00476211 0.0037261 -0.00527255 0.00727473 -0.00724304 0.00318436 0.00399335 0.00120812 -0.00756564 -0.00417358 -0.000741929 -0.00246822 -0.00769245 -0.00698014 -0.00268321 -0.000821988 -0.00666875 0.001918 0.00148571 0.00746353 0.00606087 -0.00533756 -0.000584389 0.00723026 0.00617135 0.00308476 -0.00160319 0.00280706 -0.00419441 0.00668844 0.00205485 0.00491286 -0.0013189 -0.00392663 0.00159394 0.00118592 0.0023429 -0.00745667 0.00559681 -0.00309747 0.00557437 0.00742688 -0.000794509 0.00454236 -0.000981981 -0.00704042 -0.000496568 0.00323593 -0.0012107 0.00372954
215667 -0.00789186 0.000151593 -0.00134209 0.00683141 -0.00710644 -0.00723187 0.00695683 -0.00171765 -0.0034735 -0.00207666 -0.00155099 0.00703461 0.00773654 -0.00649354 -0.00153741 0.00323525 -0.000293493 -0.00324391 0.00269804 0.00603914 -0.00743602 0.0072359 -0.00377101 0.0069241 0.00470759 0.00153962 -0.0037154 0.00289432 0.00247648 0.00639165 0.00393707 0.00197027 -0.0014098 0.00102182 -0.00523003 0.0010951 -0.00132182 0.00117527 0.00692052 0.00375258 -0.00670393 -0.00146995 -0.00208637 -0.00377491 -0.00737465 0.000973096 0.0042112 -0.00321921 0.00433889 -0.000447588 0.00463359 0.00546287 -0.00112001 -0.000374801 0.00662356 -0.00271207 -0.0048416 0.00738136 -0.0059775 0.00690019 0.00249038 -0.00437875 0.000905698 -0.0056543
114153 -0.00740745 -0.00742375 -0.000791774 -0.00681692 0.00281734 0.00421906 0.00652756 -0.00627475 -0.0048744 -0.0072977 0.0058779 0.00307959 0.0074928 -0.00412266 0.00576849 0.00175859 0.00695 0.000266615 0.00654577 -0.00137203 -0.00582532 -0.00178938 -0.00426106 0.00237304 0.00523535 -0.00375121 0.00508917 0.00103097 -0.00516028 -0.000462045 -0.0073916 0.000697361 0.000470104 0.00558028 0.00405546 -0.00284376 0.00637422 -0.000337571 0.00211675 -0.00517862 0.00100935 0.00215838 0.0056335 0.00766188 -0.00721319 0.00332323 0.00407565 0.000830733 0.00604015 0.00710446 -0.00525324 0.00542048 -0.00458714 0.00482559 -0.00320646 0.00457833 -0.00223924 0.0056046 -0.000989324 -0.00433226 0.00598146 -0.00716243 -0.00632428 -0.00153777
311653 -0.00669757 -0.00585041 0.00536198 -0.00719475 -0.0053913 -0.00616382 0.00124197 0.0078044 0.00129849 0.00276763 -0.000318509 0.00296489 -0.00193342 -0.00482937 -0.00433856 -0.00197579 0.007689 -0.00148068 0.00585854 -0.00305317 0.00297035 -0.00054778 0.00727443 0.0072613 0.00625164 -0.0032902 -0.00434698 -0.001917 -0.000902956 0.00678264 -0.00167004 0.00241377 -0.00373649 0.00768723 0.00196289 0.00460245 -0.000974547 0.00284017 0.00666224 0.00734256 -0.00616018 0.00332542 -0.00609818 -0.00478318 -0.00595099 -0.000753859 0.00415106 0.00287337 -0.00618854 0.000943237 0.00150179 0.00417081 0.00133921 0.00263714 0.00454829 0.0035628 -0.00718616 -0.0054192 0.00259338 -0.00232033 -0.000478201 0.003478 -0.00327459 0.000901815
348727 -0.00495798 0.00318611 -0.00321123 0.00755142 0.00387135 0.00460612 0.00169314 0.00488507 -0.000815672 -0.00166044 -0.00220755 0.00392478 -0.00182548 0.00598321 0.00159165 -0.0013945 0.000534296 -0.00430664 -0.00601509 -0.00677975 0.00560991 -0.00295259 -0.00714957 0.0076142 0.00548471 -0.00538454 -0.000213318 -0.00285597 0.000761235 0.00151624 0.00568327 0.00379096 -0.0016928 0.00176037 -0.00435017 0.00577778 -0.00737373 0.00260325 -0.00403957 0.00168187 -0.00128105 -0.000586197 -0.00728923 -0.00100867 -0.00416871 -0.00073281 0.00255311 0.00543328 -0.00655243 -0.00318472 -0.00111399 0.00576094 -0.000877063 0.00644705 0.00342445 0.00759941 0.00548938 -0.00681353 0.00143925 -0.00351207 -0.00418353 -0.00279235 0.00619633 -0.00548593
294738 0.00629895 -0.00545529 -0.00732361 0.000469275 -0.0044786 -0.00666297 -0.00481642 0.00416274 -0.00353005 0.00416914 -0.00512135 -0.00489399 0.00323244 0.00372786 0.00170535 0.00187411 0.00777308 0.00414171 0.00388824 0.00302386 -0.00371084 0.000759747 0.000315293 -0.00291824 -0.00695308 0.00464082 -0.00566628 -0.00657893 -0.00688418 -0.00365336 0.00648018 -0.00629107 -0.00449854 0.00570853 0.000570158 0.00658617 -0.0047715 -0.00124751 0.000330133 -0.00690339 0.00382502 -0.00423704 -0.00735742 0.00434832 0.00499244 0.00614948 0.00501752 0.00325141 -0.00779379 0.00308448 0.000150336 0.00636582 -0.00501651 0.0063951 0.00596755 0.00628809 0.00638432 -0.00291269 -0.000243732 -0.00118269 0.000229209 -0.00170591 -0.00551979 -0.0044467
139046 -0.003361 -0.00183947 0.00442528 0.00499304 0.00518997 0.00287289 -0.00741682 0.00133501 -0.00734404 0.0058662 -0.00662529 0.00527863 0.000685357 0.00284157 -0.00180769 -0.00130026 -0.00309903 -0.00347641 -0.0022226 0.0032443 -0.00707333 -0.0035518 0.00718929 -0.00727736 -0.00214645 0.00303279 -0.00449691 0.00559112 -0.00698245 -0.00395228 0.000901007 0.000114522 0.000524705 -0.0015096 -0.00757005 0.00545315 0.0070046 -0.000809968 -0.00490535 0.00475067 0.00505959 0.00527044 -0.00783043 0.00486347 0.00524085 -0.000741791 -0.00623888 -0.00106665 0.000632139 0.0042788 -0.00513697 -0.00568645 0.0028372 0.0006024 0.0016697 -0.00237228 0.00502192 -0.00651454 -0.00589227 0.00393845 -0.00577162 0.0075237 0.0047678 -0.00337816
305116 0.00560714 0.00419576 0.0037859 -0.000450908 -0.00244648 0.00574022 -0.0034945 -0.000119752 -0.00443805 -0.00298467 0.00345281 0.00767539 0.00154564 -0.00551907 0.000569451 0.00356513 0.00562174 0.000618726 -0.00719195 -0.00622701 0.00552626 -0.00583565 -0.0013554 0.00431471 -0.00566521 0.00442442 -0.00402141 -0.00247507 -0.00587392 -0.00262329 -0.00343685 -0.00384199 0.00199774 -0.00198953 0.00222677 -0.00765762 0.0045549 0.00342476 -0.00470931 0.00476893 0.00553148 0.00179721 -0.00223922 0.000928572 0.0035052 -0.00305094 0.00640626 0.00271652 0.00557003 -0.00710652 -0.00364505 -0.00281802 -0.00274793 -0.0056935 0.00290463 0.00231158 0.00267711 -0.00604895 0.00471711 0.00305066 -0.00139598 0.00216922 -0.00624349 -0.0013584
339539 0.00280926 -0.00430681 0.00219656 0.00192162 -0.00737159 -0.00221257 0.00220566 -0.0044473 0.00469583 -0.00548433 -0.00372383 -0.000153947 -0.006742 -0.0068829 -0.00470161 0.00702555 0.00149488 0.00515659 -0.00185702 -0.00182414 0.00485752 -0.00455738 -0.000788482 0.00180266 -0.00421618 0.000586722 -0.00382937 0.00358709 -0.00268516 0.0051742 -0.00637494 -0.0057225 -0.0029808 -0.00129983 0.00578604 -0.00303058 0.00397313 0.00370967 0.00742249 0.000754467 0.00160131 -0.00142576 0.0077732 0.00197644 -0.000827227 -0.00575901 -0.00641833 0.00155205 0.00186791 0.000645528 -0.00578799 0.00327123 -0.00770999 0.00145756 -0.000891299 0.00265206 -0.00641481 0.00144003 -0.00338403 -0.00467959 -0.00499276 -0.00112189 0.0046651 -0.00591906
322796 -0.00323653 -0.00559895 0.00301622 0.00633967 0.00230618 -0.00152772 -0.00298643 0.0074368 -0.00359277 0.00754618 -0.00231285 0.00233288 0.00237809 0.00541315 0.00770378 0.00787754 0.00679582 0.0064634 -0.000343634 0.00100457 0.00102449 -0.00575124 -0.00581045 -0.00541784 -0.00784262 0.00653515 0.00441858 0.00336633 -0.0039929 0.00072996 -0.000200086 -0.00116555 0.00572164 0.00283947 0.00264113 -0.00623293 -0.00244583 -0.000111128 -0.000792248 -0.00777226 -0.00330774 0.000819079 -0.00268918 -0.00664803 -0.000808697 -0.00617021 -0.00748263 0.0059128 -0.00774402 0.00438725 0.00164354 -0.00696303 -0.00595384 -0.00363824 0.00288743 0.00401484 -0.00513156 -0.00423372 0.00552829 0.00333033 0.00417153 0.00616576 -0.00568098 -0.000844135
129416 0.00369803 -0.00134297 0.00173827 -0.000913749 -0.000648432 0.00367925 0.00709644 -4.24449e-05 0.00167143 0.00604594 -0.0054269 -0.00347499 0.000943219 -0.00106344 -0.00728569 -0.00328076 0.00449982 -0.00686344 0.00654975 -0.00554767 -0.00383345 -0.00754653 -0.00769967 2.22994e-05 -0.00300341 -0.00195749 0.0053484 -0.000204105 0.00708579 0.00438825 -0.000624291 0.0066249 -0.0064508 0.00493514 0.000265517 -0.00329371 0.00113843 -0.00053709 -0.00673627 0.00233915 0.00238179 0.00572553 -0.00381993 -0.000504826 0.00286195 0.00647738 0.00130643 0.00246798 0.00285704 0.0044611 -0.0072759 0.00191018 0.000650837 -0.00751235 0.00340927 0.00408405 0.00061062 -0.00393395 -0.00324276 -0.00517089 0.00772446 -0.00635541 0.00587521 0.00673966
278753 0.00101482 -0.000845385 0.00184577 0.00578001 -0.00415323 0.00159184 0.00423964 -0.00774277 -0.00317614 -0.000726818 -0.00303236 0.00319386 -0.000204972 -0.00391498 0.00710364 0.00358451 0.00123076 -0.0070406 0.00462639 -0.00574868 0.000250313 -0.000262775 -0.00547634 -0.00388117 7.0381e-05 0.00581402 0.00743272 0.00374247 -0.00735074 -0.0025838 0.000198786 0.00641754 -0.00345441 0.00727912 -0.00211718 -0.00399052 0.00713063 0.00244521 0.00402334 -0.000724078 0.00645684 0.00314204 -0.00499299 0.00593714 0.00157093 0.0035278 -0.00556287 0.00171631 0.00498687 -0.00671273 -0.00376414 -0.00532186 0.00275071 -0.00436295 -0.00221698 -0.00736152 -0.00330488 -0.00243498 0.00590333 -0.00749945 -0.00490832 0.00126974 -0.00401536 0.00181821
183429 0.00502808 -0.00586057 -0.00110382 -0.00279685 -0.00422867 0.00378364 -0.000820775 -0.00424953 -0.00286329 0.0041428 0.0074898 0.00377496 0.00218704 -0.00432924 0.00587655 0.0037014 -0.00423227 -0.00561614 0.00323837 -0.0072547 -0.000165525 0.00210129 -0.00603647 4.90278e-05 -0.000653658 0.00578932 -0.00462586 0.00276552 0.00071922 0.000176115 0.00225388 -0.00514535 -0.00431017 0.00424499 0.0029476 0.00546293 0.000112384 0.000860636 0.00717488 0.00623676 0.00491798 0.00599952 -0.00776158 0.00591725 -0.00538806 -0.00437614 0.0012399 0.00619881 -0.00647496 0.00260672 0.00190529 0.00669176 -0.00152843 0.00363869 0.00643277 -0.00140338 -0.0073887 0.00358564 -0.00173795 -0.00462587 -0.00509427 -0.0015624 -0.00773584 -0.00743559
277787 -0.00727655 0.0056361 -0.0039386 -0.00127997 -0.00457062 -0.00172636 -0.00539534 -0.00191156 -0.00559609 -0.00160046 0.00494954 0.00329572 0.00317096 0.00440077 -0.00141424 -0.00453891 -0.00544288 -0.00605071 0.00364296 0.00559323 0.00500122 -0.0064315 0.00734086 0.00546023 0.000233244 -0.00287456 -0.00692777 0.0074584 -0.00647268 -0.00597284 -0.00242057 0.0078823 -0.00422441 -0.00175867 -0.000719974 -0.000450676 0.00383827 -0.00567783 0.00147739 0.00723784 0.00137376 0.00387302 -0.00573231 0.000290217 0.00453631 0.00109034 -0.00393489 -0.00511455 0.00247877 -0.00651478 0.00744496 0.00278732 -0.00623101 0.00669924 -0.00482475 -0.00384919 0.00571171 -0.00621962 -0.00619903 -0.00529185 -0.00330096 -0.00611763 -0.00152791 -0.00454014
108018 -0.00365114 0.000287618 0.00515273 -0.00311427 -0.000733944 -0.00320587 0.00159505 -0.00473512 0.0045487 -0.000844981 0.00746308 -0.00110304 0.00634039 0.00565526 0.00323351 0.00149056 -0.0033582 -0.00417973 -0.000471235 -0.00634849 0.00195402 0.00751363 -0.0038699 -0.00153946 0.000477407 0.00304018 0.0013759 0.00523748 0.00344414 -0.000696048 0.00186686 -0.0051015 -0.00661088 -0.000471205 -0.00601784 -0.00759503 0.00257453 0.00660484 -0.00596053 -0.00637028 0.00727419 -0.00588202 -0.000100669 -0.00180964 -0.000518334 -0.000401687 -0.00713747 0.00185304 -0.00495931 -0.00213051 0.00202797 0.00254887 0.00296453 0.00243243 0.000199113 -0.00120911 -0.00138785 0.00313008 0.00491591 0.00570077 -0.00265364 0.00423914 -0.00512837 0.00315277
347522 -0.00675661 0.000570955 -0.00244038 0.00147838 0.00323443 0.00296108 0.00695311 0.00639416 0.00306431 -0.000310025 -0.00613643 -0.0046661 0.00660941 0.00577568 -0.00217645 0.00415102 -0.00740504 -0.00305875 -0.00757488 0.00444236 0.000911969 0.00630245 -0.00695297 0.00418977 0.00610532 0.00692528 -0.00329668 0.00703979 -0.00737706 -0.00287804 0.00732164 0.00782297 -0.00650986 -0.00561446 0.00258972 0.00567305 0.00493012 0.00587519 -0.000530297 -0.00338283 -0.00539233 -0.00217778 -0.000572035 0.000573484 0.00199054 -0.00656258 -0.00244004 0.00590537 0.00586101 -0.00771727 -0.000731474 0.00244916 0.000281589 -0.00325142 0.00280547 -0.00397727 0.00417717 -0.00436665 0.00423289 0.00323219 0.002636 0.00650473 0.00145033 0.00047382
330208 -0.000524176 0.00440563 0.000502977 -0.000816122 -0.00430384 -0.00281877 0.00610738 -0.00435458 0.00591805 0.00167347 -0.00194789 0.00581438 0.0072581 0.00396049 8.93353e-05 -0.00554591 -0.00301917 0.000727035 0.00719278 -0.00170481 0.00423959 0.00737385 0.00650525 -0.00756361 -0.00154387 0.000295394 -0.00455855 0.000244129 -0.00649489 -0.00755729 -0.00180955 -0.00427285 -0.00750228 -0.00696027 0.000914684 0.0057846 -0.00530509 -0.0002058 -0.00687667 -0.00745442 0.00675154 -0.00374165 0.00684244 0.000717563 -0.00416906 -0.00637918 0.00779929 -0.00611694 -0.00218484 -0.00704466 0.00443478 0.00615854 8.47757e-05 0.00310199 -0.00783669 0.00129577 0.000810732 0.00559206 0.00442782 0.00247976 -0.00638889 0.00190067 -0.0017646 -0.00383889
275280 -0.00762119 0.00252022 0.00174024 -0.000598006 0.00474846 -0.00115703 0.00200739 -0.00204267 0.00475494 -0.00171528 -0.00121934 0.00376001 0.003766 0.00688168 0.00420944 0.0024079 0.000805928 0.00408487 -0.00182523 0.0070559 0.00611754 0.00484826 0.00630744 0.00426301 -0.000593147 -0.00158971 0.00606186 -0.00422489 -0.000591663 -0.00224923 -0.00212057 -0.00505415 -0.00476307 -0.00215479 0.00399097 -0.0010292 -0.00385358 0.00414216 0.00539532 -0.00352911 -1.67008e-05 -0.00496982 -0.00245759 -0.000254941 0.00354405 0.00291066 -0.00168386 0.00782673 0.00524942 -0.0078144 -0.000652271 -0.00576862 -0.00754756 -0.00407351 -0.00326573 0.00449739 0.00564572 -0.00271181 -0.00610634 -0.00528606 0.00707284 -0.00110053 0.00498616 0.00615874
293713 0.00407322 -0.00683998 -0.0033594 0.00464606 0.0027587 0.00374379 0.00498508 -0.0066841 -0.000836929 0.00671801 -0.00124209 0.00213586 -0.00108164 -0.00264993 -0.00394609 0.00317401 0.00255723 -0.00465293 0.00633914 0.00714273 -0.00739227 0.000471577 0.00130257 -0.00588806 0.00665944 -0.00763536 -0.00291134 -0.0035719 -0.00408354 0.00212006 0.00657822 0.00208095 -0.00164222 0.00352678 0.00353913 -0.00128002 -0.00626806 -0.00519392 -0.00399885 -2.11949e-05 0.00148334 0.00744857 0.00138345 0.00654247 -0.00709352 2.74091e-05 -0.00160027 0.0028626 0.00712592 0.00632865 0.00513948 0.00234643 0.00745327 0.00472191 0.00569502 0.00307315 -0.00313487 0.0053912 0.000800687 -0.00518066 -0.00719746 -0.00195022 0.00178477 0.00745286
266242 -0.00438815 -0.00150991 0.00491867 -0.00768786 0.00203024 0.000124198 0.00279881 0.00122661 -0.00331439 0.00485323 -0.00827424 0.00610444 0.00447706 -0.00179151 0.001898 -0.00503767 -0.00691168 0.0027983 0.00127273 -0.00136587 0.00616516 0.0043024 0.00840419 0.00314436 -0.00611559 -0.00253299 -0.00719963 -0.00259908 0.00845262 0.00262296 0.000456962 0.00621861 0.00713667 -0.00383992 -0.00124497 -0.00449282 -0.00477842 0.003771 -0.00498496 0.00322765 -0.000834542 0.00738089 -0.00751725 0.00682945 0.00287353 0.00438542 -0.00190742 0.0054971 0.0064731 -0.00418128 0.00369138 -0.0053901 0.00399275 0.00362649 0.000432926 0.00277922 0.00805034 -0.0065293 -0.00208894 -0.00654878 0.00370008 -0.00772051 -0.00797266 0.000988114
308446 0.000125307 0.00115938 0.00537958 -0.00200057 0.00669342 -0.000495169 0.00590484 0.00148534 -0.00261272 -0.00734656 -0.00251146 -0.0037671 0.00702815 -0.00754551 0.00752286 0.000986831 0.00332102 -0.00154553 -0.00756705 0.00560914 0.000300709 0.00132967 0.00356782 0.000702767 0.00745521 0.00607859 -0.0057677 0.00231417 0.00484242 0.00366651 -0.00487175 0.00311882 0.000947397 0.00247849 -0.00263587 0.00397926 0.00178112 0.00684735 -0.00534951 -0.00317872 0.00486891 0.00676746 0.00295287 -0.00747751 0.000683181 -0.00610333 -0.00431484 0.00190428 -0.00267687 -0.00700459 -0.000394055 0.00748821 -0.00471948 0.00602317 0.00132607 0.00105423 0.000667938 -0.00263144 -0.00255859 0.00724854 0.00492014 -0.000782447 0.00507185 -0.00551378
338833 -0.00614094 0.00684136 0.00176872 -0.00141138 -0.00368463 0.00565193 0.000856948 -0.00298034 -0.00655607 -0.0025095 -0.00665156 -0.00590448 0.00177605 0.00248908 0.00614366 0.00276217 0.00731165 -0.00455058 -0.00281651 -0.00459955 0.00213425 0.00229741 0.00492467 -0.00317582 0.00364309 -9.73168e-05 -0.00643394 0.00549681 -0.00395239 0.00222624 -0.00119988 -0.00233597 0.00198859 0.00765672 -0.000897673 -0.00278263 0.00435385 0.00326926 -0.00688535 -0.00250514 0.00629465 -0.00378267 0.00495139 -0.00254479 -0.00601823 0.00433016 -0.00303321 0.00300702 -0.00155932 0.00626756 0.00724247 0.0050752 0.00377087 0.00185146 0.00551228 0.00320081 -0.00736453 -0.00379972 0.0040069 -0.0064931 0.00188249 -0.00465666 -0.00413956 0.00549318
261632 -0.00664116 -0.00109981 0.00591345 -0.00367005 0.00784233 -0.00104228 -0.000247354 9.27947e-05 -0.00051971 0.00305329 -0.00210708 -0.00333841 -0.00719164 -0.00413356 0.00105782 0.00773641 0.004669 -0.00280856 -0.00685289 -0.00679518 -0.00232328 -0.00711356 0.00534884 -0.00705986 -0.0025291 0.00357405 0.00668402 -0.00509587 -0.00165699 0.00334379 -0.0045158 0.00267106 0.00621717 0.0074074 -0.0050361 0.00573922 0.00403386 0.00176846 -0.00295614 -0.00383076 -0.00076814 0.00437574 -0.00139182 -0.00111354 -0.00271157 -0.00174872 -0.000240778 -0.0042764 0.00498274 0.00401283 -6.32625e-06 0.00702424 -0.00357915 0.00528953 0.00219696 0.00732012 -0.00649185 -0.00720517 -0.00170021 5.87786e-05 0.00768678 -0.00316095 -0.0074776 -0.00581778
