24 "[(10018, 7, 111), (10018, 7, 35086), (10032, 11, 48530), (10018, 7, 94119), (10024, 11, 105909), (10018, 7, 456328), (10018, 7, 459636), (10032, 11, 542377), (10018, 7, 572142), (10018, 7, 607599), (10365, 1, 663120), (10018, 7, 770539), (10018, 7, 775597), (10018, 7, 805303), (10018, 7, 895297), (10054, 7, 1042520), (10032, 11, 1146629), (10024, 11, 1203786), (10032, 11, 1284183), (10032, 11, 1293562), (10032, 11, 1294154), (10032, 11, 1294377), (10032, 11, 1294406), (10032, 11, 1294698), (10032, 11, 1294738), (10032, 11, 1337557), (10032, 11, 1475121), (10018, 7, 1496150), (10018, 7, 2122770), (10018, 7, 2138869), (10054, 7, 2308800)]"
55 "[(10002, 0, 287), (10002, 0, 23519), (10002, 0, 47715), (10002, 0, 73705), (10002, 0, 104441), (10002, 0, 126211), (10002, 0, 145807), (10002, 0, 154715), (10002, 0, 154788), (10002, 0, 161983), (10002, 0, 190101), (10002, 0, 196292), (10002, 0, 199237), (10002, 0, 230074), (10002, 0, 275899), (10002, 0, 291093), (10002, 0, 306557), (10002, 0, 370639), (10002, 0, 985876), (10002, 0, 990780), (10002, 0, 998519), (10002, 0, 1708335), (10002, 0, 1710702), (10002, 0, 1753342), (10002, 0, 1763906), (10002, 0, 1780129)]"
83 "[(10032, 11, 424), (10032, 11, 703), (10032, 11, 354951), (10032, 11, 745568), (10032, 11, 961188), (10032, 11, 2336514), (10032, 11, 2565406), (10032, 11, 2606729)]"
10056 "[(88, 1, 445), (396, 5, 2909), (471, 15, 3862), (708, 5, 6594), (801, 8, 7802), (708, 5, 8083), (297, 15, 9423), (1022, 5, 9625), (1102, 12, 10884), (686, 9, 12332), (1022, 5, 18396), (1059, 9, 18633), (1934, 8, 27184), (2617, 7, 40438), (2728, 15, 42692), (3065, 7, 48471), (1983, 7, 50805), (686, 9, 58931), (471, 15, 60959), (3747, 10, 60971), (1390, 15, 68394), (3508, 15, 71089), (1983, 7, 77820), (2923, 7, 78214), (3782, 7, 85338), (4805, 15, 85839), (4861, 9, 87731), (4880, 9, 88569), (4865, 8, 89022), (3996, 10, 91705), (4930, 4, 96459), (88, 1, 97892), (411, 15, 97970), (450, 4, 102446), (593, 14, 117627), (2491, 9, 122192), (3865, 15, 125376), (456, 7, 131645), (456, 7, 132753), (456, 7, 133393), (3865, 15, 133419), (1776, 9, 135718), (5447, 7, 143423), (6131, 7, 146295), (3241, 8, 146731), (1059, 9, 147122), (3508, 15, 147357), (3940, 9, 148238), (6250, 10, 151251), (1897, 13, 152757), (4534, 7, 157285), (3865, 15, 157823), (4173, 4, 159303), (1983, 7, 160904), (3865, 15, 172282), (3996, 10, 172982), (708, 5, 176385), (1458, 3, 176624), (5062, 9, 180329), (1059, 9, 182665), (26, 15, 184429), (897, 8, 190482), (1458, 3, 191863), (1337, 8, 200901), (2491, 9, 210175), (252, 9, 213920), (195, 14, 215791), (6387, 15, 216425), (7159, 9, 222264), (3865, 15, 223087), (708, 5, 224583), (708, 5, 226454), (7228, 5, 228323), (2491, 9, 231393), (2122, 15, 231852), (88, 1, 232592), (471, 15, 233828), (6387, 15, 237208), (1022, 5, 237782), (3865, 15, 239146), (2122, 15, 245113), (6368, 15, 248209), (88, 1, 249690), (471, 15, 251431), (3012, 1, 252046), (425, 7, 252074), (26, 15, 255246), (1059, 9, 261903), (6387, 15, 266353), (6387, 15, 266527), (6387, 15, 267847), (3865, 15, 268628), (3865, 15, 268900), (3865, 15, 271294), (6387, 15, 272077), (3865, 15, 274454), (3865, 15, 274989), (3836, 8, 275275), (3723, 7, 276312), (5505, 4, 277513), (5228, 15, 279812), (5228, 15, 280539), (7476, 1, 280905), (593, 14, 284254), (5505, 4, 289484), (2491, 9, 298930), (2491, 9, 300492), (2491, 9, 302475), (2491, 9, 302601), (7384, 9, 302856), (1903, 4, 303922), (220, 11, 304102), (3865, 15, 306280), (3865, 15, 306661), (2491, 9, 307750), (3865, 15, 308302), (2491, 9, 309314), (593, 14, 310975), (593, 14, 311071), (3865, 15, 312395), (1983, 7, 314955), (20, 4, 316607), (3794, 8, 317467), (20, 4, 319812), (3304, 15, 322618), (3865, 15, 323180), (3865, 15, 323291), (621, 12, 324332), (3836, 8, 326333), (3304, 15, 327201), (3657, 5, 329999), (6250, 10, 332432), (6172, 9, 333730), (589, 12, 333975), (332, 9, 337380), (1934, 8, 339322), (3611, 4, 340229), (1000, 11, 342284), (3657, 5, 345264), (3657, 5, 345904), (6777, 5, 346361), (3611, 4, 346703), (3976, 12, 346796), (584, 15, 347536), (1228, 10, 349009), (4805, 15, 352489), (499, 4, 352512), (450, 4, 352513), (4805, 15, 352533), (4930, 4, 354909), (6045, 14, 359173), (6777, 5, 359891), (3611, 4, 360507), (3836, 8, 361951), (1455, 7, 362966), (6533, 9, 366463), (4543, 4, 367875), (5228, 15, 368788), (1337, 8, 369777), (1337, 8, 371599), (1337, 8, 374093), (6456, 9, 375450), (26, 15, 376287), (6219, 10, 388250), (2491, 9, 390654), (3838, 9, 392717), (7882, 9, 394285), (1059, 9, 395053), (7159, 9, 397666), (1700, 5, 401854), (621, 12, 402206), (1700, 5, 402506), (7228, 5, 402842), (411, 15, 403183), (2765, 11, 403719), (471, 15, 406986), (2491, 9, 407704), (26, 15, 408076), (7384, 9, 409155), (6829, 12, 409554), (5651, 4, 409746), (6728, 15, 414409), (4184, 11, 416756), (3872, 9, 420320), (3996, 10, 422146), (595, 4, 429031), (8295, 10, 429603), (593, 14, 432314), (593, 14, 432388), (593, 14, 432622), (593, 14, 432985), (584, 15, 440261), (3611, 4, 442374), (1455, 7, 442807), (3996, 10, 442931), (3996, 10, 443246), (6605, 4, 447259), (593, 14, 454452), (1495, 10, 463134), (4534, 7, 469278), (4054, 7, 470734), (3611, 4, 473505), (3611, 4, 473563), (4865, 8, 474589), (201, 12, 479614), (5732, 10, 481894), (517, 9, 482051), (5732, 10, 482494), (6315, 15, 483940), (6368, 15, 484665), (5732, 10, 485177), (471, 15, 485542), (471, 15, 487629), (6368, 15, 489988), (3836, 8, 495353), (163, 9, 498265), (3836, 8, 504384), (5448, 1, 506381), (396, 5, 506997), (593, 14, 508545), (8495, 7, 510156), (7443, 12, 514380), (3611, 4, 515095), (8047, 14, 525984), (3024, 14, 529767), (8468, 7, 530537), (8468, 7, 530666), (4451, 9, 539999), (4285, 15, 541858), (6509, 15, 545596), (2634, 14, 548840), (621, 12, 549164), (675, 4, 551277), (4054, 7, 565130), (6825, 7, 571636), (471, 15, 577732), (2728, 15, 580367), (6825, 7, 582399), (2375, 15, 583505), (589, 12, 590865), (5903, 14, 591975), (4805, 15, 594347), (26, 15, 594471), (26, 15, 595654), (4805, 15, 596751), (134, 11, 597242), (8518, 9, 599490), (134, 11, 601473), (1934, 8, 610619), (8758, 9, 634551), (3611, 4, 647880), (2491, 9, 650497), (5903, 14, 655959), (3836, 8, 656583), (1983, 7, 658192), (471, 15, 659143), (471, 15, 661651), (1324, 4, 662335), (1324, 4, 662501), (6666, 8, 663435), (3611, 4, 664348), (6368, 15, 665321), (7158, 4, 668299), (7158, 4, 669359), (471, 15, 669365), (337, 15, 671113), (471, 15, 672744), (3168, 9, 675218), (1776, 9, 678795), (7228, 5, 684990), (6777, 5, 685074), (6777, 5, 685782), (5971, 15, 686758), (3996, 10, 687447), (576, 8, 688108), (5228, 15, 689049), (4173, 4, 694680), (7469, 12, 696235), (8047, 14, 703776), (5875, 7, 711061), (5903, 14, 720234), (5505, 4, 724391), (2491, 9, 732780), (1893, 9, 733280), (2491, 9, 738895), (1983, 7, 740153), (5228, 15, 741178), (1700, 5, 743133), (471, 15, 744687), (6387, 15, 745590), (5903, 14, 745753), (4930, 4, 746828), (914, 4, 747805), (6502, 15, 748172), (6387, 15, 749104), (195, 14, 750158), (471, 15, 751107), (8047, 14, 756016), (8047, 14, 756038), (6392, 1, 757773), (7354, 9, 758306), (8047, 14, 761691), (3836, 8, 761883), (3872, 9, 768237), (3671, 14, 768338), (7690, 8, 768741), (4173, 4, 772465), (396, 5, 772998), (4981, 9, 773351), (3996, 10, 773394), (2747, 8, 778798), (3996, 10, 785620), (6777, 5, 788197), (194, 14, 790203), (6172, 9, 796707), (5505, 4, 802999), (899, 15, 809865), (899, 15, 810470), (899, 15, 810725), (2491, 9, 821124), (2491, 9, 824142), (576, 8, 824918), (6315, 15, 825940), (332, 9, 829004), (1806, 9, 830719), (3241, 8, 831627), (576, 8, 832124), (5875, 7, 832777), (3611, 4, 832919), (2491, 9, 833619), (2491, 9, 834291), (3218, 15, 835634), (3611, 4, 837391), (471, 15, 838881), (7228, 5, 841355), (8484, 14, 842802), (5505, 4, 844935), (675, 4, 846797), (396, 5, 852013), (5903, 14, 852188), (5903, 14, 852722), (7773, 1, 853857), (2491, 9, 855022), (88, 1, 858424), (471, 15, 865783), (337, 15, 867582), (3996, 10, 870020), (297, 15, 874930), (1495, 10, 878798), (5228, 15, 883462), (8001, 10, 885850), (8001, 10, 887213), (5122, 13, 889284), (8758, 9, 893613), (8001, 10, 895771), (1059, 9, 896345), (576, 8, 896897), (4035, 14, 902103), (4135, 15, 903206), (2491, 9, 903404), (2634, 14, 905059), (2491, 9, 905334), (4081, 7, 914891), (471, 15, 915180), (953, 15, 915704), (5864, 1, 916046), (576, 8, 918514), (6046, 4, 922151), (2491, 9, 923050), (7228, 5, 925037), (2392, 8, 929180), (220, 11, 930838), (3640, 7, 931704), (7999, 4, 936304), (6578, 7, 939234), (7999, 4, 940228), (1458, 3, 940804), (2392, 8, 942484), (2392, 8, 943582), (7316, 12, 955523), (7999, 4, 959186), (8047, 14, 962871), (396, 5, 964235), (5152, 8, 968066), (5152, 8, 969057), (7918, 5, 971673), (8758, 9, 972669), (2997, 12, 972679), (2236, 7, 974143), (720, 7, 992616), (576, 8, 997721), (471, 15, 1001873), (780, 15, 1003056), (7228, 5, 1008079), (1021, 12, 1009496), (2491, 9, 1010575), (2491, 9, 1011103), (2432, 1, 1011123), (3955, 5, 1011197), (7882, 9, 1011447), (8758, 9, 1011688), (1021, 12, 1011794), (576, 8, 1012107), (3955, 5, 1012224), (1776, 9, 1012651), (7290, 10, 1020332), (7896, 1, 1021853), (396, 5, 1023111), (3996, 10, 1024938), (396, 5, 1025206), (6578, 7, 1025906), (576, 8, 1026510), (8001, 10, 1026679), (4787, 5, 1028938), (4787, 5, 1028939), (4787, 5, 1028981), (4787, 5, 1028984), (2622, 1, 1029636), (450, 4, 1029953), (134, 11, 1034951), (8001, 10, 1038780), (3593, 8, 1046331), (5152, 8, 1052663), (8758, 9, 1059232), (5710, 14, 1066505), (7520, 7, 1075974), (576, 8, 1084113), (6315, 15, 1085301), (3593, 8, 1087793), (471, 15, 1088498), (8758, 9, 1090835), (471, 15, 1091146), (1349, 3, 1093751), (2491, 9, 1096442), (1324, 4, 1098347), (576, 8, 1098509), (7690, 8, 1098728), (5194, 7, 1099077), (7690, 8, 1099090), (478, 9, 1100246), (4222, 4, 1100464), (2375, 15, 1108157), (2375, 15, 1108261), (6728, 15, 1111284), (471, 15, 1111771), (576, 8, 1112924), (576, 8, 1120115), (2884, 10, 1121677), (4698, 9, 1123198), (8047, 14, 1123881), (6580, 1, 1125145), (182, 3, 1126060), (182, 3, 1126257), (576, 8, 1127293), (3180, 5, 1133468), (3180, 5, 1134083), (182, 3, 1134259), (3996, 10, 1135963), (6121, 15, 1139375), (819, 9, 1156068), (5903, 14, 1160305), (5903, 14, 1163124), (576, 8, 1163321), (9392, 8, 1167894), (4436, 14, 1169241), (5903, 14, 1175578), (7808, 15, 1178426), (2728, 15, 1182953), (8794, 10, 1183566), (5903, 14, 1184693), (6777, 5, 1187701), (5903, 14, 1188334), (396, 5, 1189585), (4805, 15, 1190867), (471, 15, 1193746), (396, 5, 1193820), (4357, 10, 1196471), (6578, 7, 1202630), (6578, 7, 1202738), (8723, 9, 1210012), (3976, 12, 1215216), (396, 5, 1217455), (1187, 8, 1227813), (1187, 8, 1228565), (8001, 10, 1231774), (8001, 10, 1234303), (8001, 10, 1247992), (6983, 12, 1248107), (8001, 10, 1248221), (2491, 9, 1253237), (1983, 7, 1258661), (471, 15, 1263901), (899, 15, 1264272), (4534, 7, 1266228), (4534, 7, 1266607), (4534, 7, 1273324), (1187, 8, 1273604), (8102, 15, 1274440), (1187, 8, 1278983), (1187, 8, 1280598), (482, 1, 1282760), (20, 4, 1285135), (20, 4, 1285162), (2972, 15, 1285242), (6403, 1, 1285647), (4784, 10, 1287569), (6015, 9, 1287741), (3034, 5, 1290786), (20, 4, 1291080), (20, 4, 1291133), (3034, 5, 1291433), (3034, 5, 1292355), (3034, 5, 1292968), (3034, 5, 1299448), (3034, 5, 1301050), (3034, 5, 1301806), (3034, 5, 1302541), (8102, 15, 1309923), (8519, 15, 1317116), (1367, 5, 1321001), (576, 8, 1321693), (2491, 9, 1332268), (8758, 9, 1334958), (4534, 7, 1343811), (471, 15, 1347619), (3782, 7, 1349246), (6829, 12, 1349779), (1324, 4, 1350459), (576, 8, 1350522), (297, 15, 1354407), (3836, 8, 1355306), (2491, 9, 1357483), (1187, 8, 1362062), (982, 10, 1365139), (7444, 15, 1365879), (273, 14, 1366632), (9230, 5, 1367353), (8253, 15, 1371438), (5903, 14, 1372139), (8690, 14, 1376159), (4698, 9, 1384195), (6825, 7, 1386081), (5505, 4, 1397898), (8047, 14, 1402678), (5903, 14, 1412111), (471, 15, 1427284), (1806, 9, 1432184), (2491, 9, 1433330), (956, 5, 1434237), (4534, 7, 1441647), (2972, 15, 1441739), (1983, 7, 1441951), (8547, 15, 1443319), (7918, 5, 1446830), (2375, 15, 1446945), (576, 8, 1451303), (576, 8, 1458517), (3024, 14, 1462624), (1102, 12, 1473787), (7006, 7, 1487523), (9497, 13, 1499104), (7690, 8, 1515135), (5655, 14, 1518499), (956, 5, 1519311), (471, 15, 1520090), (1700, 5, 1520669), (576, 8, 1523318), (471, 15, 1523606), (956, 5, 1525284), (9716, 9, 1525918), (5515, 14, 1526770), (471, 15, 1529142), (471, 15, 1529256), (3218, 15, 1532807), (332, 9, 1533126), (3615, 2, 1536164), (576, 8, 1537708), (9248, 9, 1539099), (8563, 15, 1540195), (2491, 9, 1542182), (2432, 1, 1544649), (576, 8, 1544916), (4534, 7, 1545864), (6661, 15, 1546619), (1983, 7, 1548056), (9497, 13, 1553521), (5767, 4, 1555266), (8794, 10, 1557707), (9563, 9, 1559394), (25, 13, 1560522), (6315, 15, 1561839), (3671, 14, 1562437), (3611, 4, 1562870), (1458, 3, 1563079), (284, 14, 1564796), (297, 15, 1571047), (7228, 5, 1571432), (2122, 15, 1582992), (4035, 14, 1594930), (576, 8, 1595305), (471, 15, 1605994), (157, 14, 1606048), (2972, 15, 1606883), (2122, 15, 1608154), (2972, 15, 1608343), (471, 15, 1608622), (9497, 13, 1614180), (471, 15, 1616236), (1793, 12, 1618060), (1345, 9, 1624058), (1345, 9, 1624981), (478, 9, 1628531), (3168, 9, 1639292), (1345, 9, 1640125), (4577, 10, 1641061), (9583, 7, 1643451), (9583, 7, 1646815), (6085, 15, 1651803), (81, 1, 1652114), (3836, 8, 1655691), (9583, 7, 1664721), (8047, 14, 1677870), (9583, 7, 1681952), (8296, 7, 1681982), (8296, 7, 1682725), (8296, 7, 1683326), (2122, 15, 1685439), (8047, 14, 1702517), (4865, 8, 1703458), (9304, 5, 1704457), (1793, 12, 1705086), (6368, 15, 1705185), (7690, 8, 1712521), (3218, 15, 1713217), (7690, 8, 1714614), (3996, 10, 1715460), (471, 15, 1721215), (471, 15, 1721334), (478, 9, 1725536), (297, 15, 1736336), (1934, 8, 1737471), (6721, 8, 1742894), (4379, 8, 1780786), (2491, 9, 1780804), (7808, 15, 1783550), (8001, 10, 1784636), (8001, 10, 1784747), (576, 8, 1789700), (8390, 9, 1796626), (4805, 15, 1797777), (6121, 15, 1800203), (6121, 15, 1800548), (6121, 15, 1800696), (6121, 15, 1800791), (8635, 14, 1803789), (593, 14, 1804814), (8635, 14, 1808917), (1342, 3, 1809144), (1511, 10, 1817627), (332, 9, 1819337), (471, 15, 1827268), (4588, 7, 1827516), (8542, 5, 1828838), (220, 11, 1849864), (1390, 15, 1857957), (9241, 4, 1861016), (3218, 15, 1865805), (956, 5, 1866780), (3996, 10, 1870793), (8635, 14, 1871294), (8635, 14, 1873737), (220, 11, 1874829), (220, 11, 1874892), (2491, 9, 1875911), (1187, 8, 1878404), (1187, 8, 1878725), (8635, 14, 1881086), (9472, 8, 1886272), (5844, 13, 1894145), (471, 15, 1905929), (5228, 15, 1914041), (4702, 7, 1925006), (332, 9, 1944246), (471, 15, 1952067), (2491, 9, 1952620), (2491, 9, 1952750), (7702, 10, 1953072), (576, 8, 1955324), (6403, 1, 1959801), (9681, 15, 1962593), (9681, 15, 1963206), (9681, 15, 1966113), (9718, 9, 1968068), (1324, 4, 1976139), (2972, 15, 1979221), (9680, 11, 1981956), (9680, 11, 1982604), (9681, 15, 1986092), (3996, 10, 1987716), (1414, 9, 1990420), (9304, 5, 1991133), (9118, 7, 1998747), (7228, 5, 2000020), (621, 12, 2005143), (1793, 12, 2029107), (3218, 15, 2033233), (6315, 15, 2035624), (4805, 15, 2036505), (4805, 15, 2036727), (471, 15, 2038206), (2236, 7, 2043542), (2491, 9, 2044346), (6829, 12, 2045815), (471, 15, 2047622), (332, 9, 2048490), (576, 8, 2048912), (2884, 10, 2050104), (4805, 15, 2051628), (576, 8, 2056122), (7444, 15, 2056493), (9917, 10, 2056575), (8949, 5, 2059669), (3671, 14, 2063872), (3671, 14, 2064024), (1793, 12, 2064028), (7228, 5, 2073230), (1187, 8, 2076405), (3996, 10, 2076873), (1187, 8, 2079243), (3996, 10, 2079399), (6270, 9, 2079517), (6270, 9, 2081563), (1187, 8, 2084699), (1187, 8, 2087648), (1187, 8, 2088625), (1059, 9, 2088630), (1187, 8, 2089627), (1187, 8, 2092554), (5505, 4, 2096412), (1187, 8, 2099123), (8690, 14, 2103025), (6721, 8, 2108932), (220, 11, 2113214), (1184, 7, 2116909), (5899, 10, 2127335), (5899, 10, 2127518), (576, 8, 2128144), (471, 15, 2133475), (9887, 4, 2137688), (7444, 15, 2140637), (471, 15, 2142857), (471, 15, 2143215), (4805, 15, 2146136), (8001, 10, 2150146), (4173, 4, 2151965), (1324, 4, 2154601), (7590, 15, 2154893), (7006, 7, 2155490), (1983, 7, 2156258), (4865, 8, 2156883), (3671, 14, 2156985), (4805, 15, 2165010), (5062, 9, 2167758), (7476, 1, 2169542), (5505, 4, 2171615), (4233, 14, 2171687), (8663, 12, 2181732), (5505, 4, 2191401), (9241, 4, 2196337), (471, 15, 2210942), (9935, 4, 2213260), (9304, 5, 2214455), (576, 8, 2214520), (6027, 3, 2215423), (8047, 14, 2215792), (2368, 15, 2216033), (8047, 14, 2216326), (3472, 5, 2216519), (7228, 5, 2216923), (2491, 9, 2220005), (3671, 14, 2226036), (576, 8, 2228915), (6578, 7, 2236568), (1187, 8, 2236870), (1187, 8, 2236924), (6578, 7, 2237609), (9961, 12, 2240976), (7493, 4, 2242073), (3508, 15, 2242842), (3508, 15, 2246716), (3803, 5, 2247019), (5048, 4, 2249852), (4805, 15, 2251020), (4805, 15, 2251065), (5048, 4, 2252092), (8413, 9, 2255804), (8413, 9, 2256624), (9257, 9, 2259314), (8001, 10, 2263112), (576, 8, 2264893), (9354, 4, 2272986), (576, 8, 2286520), (192, 9, 2290747), (8001, 10, 2292860), (2923, 7, 2302617), (6045, 14, 2308202), (471, 15, 2309085), (1793, 12, 2310278), (471, 15, 2311216), (471, 15, 2315547), (2923, 7, 2320339), (8635, 14, 2321037), (471, 15, 2321156), (8635, 14, 2321619), (576, 8, 2322511), (471, 15, 2323267), (471, 15, 2326238), (5228, 15, 2326451), (5228, 15, 2327176), (471, 15, 2327701), (471, 15, 2335677), (3996, 10, 2335852), (576, 8, 2336890), (6315, 15, 2339025), (1324, 4, 2345556), (1458, 3, 2350491), (9981, 4, 2364231), (157, 14, 2369861), (2923, 7, 2372366), (2005, 9, 2378069), (8635, 14, 2381223), (8323, 14, 2386031), (4805, 15, 2386776), (9981, 4, 2387577), (2491, 9, 2387649), (9981, 4, 2387696), (2491, 9, 2387819), (163, 9, 2389006), (4966, 7, 2390883), (471, 15, 2390898), (9961, 12, 2391646), (2728, 15, 2394285), (576, 8, 2394505), (2728, 15, 2394777), (471, 15, 2395093), (471, 15, 2395421), (3955, 5, 2399920), (3024, 14, 2399973), (2972, 15, 2400213), (471, 15, 2401487), (9228, 4, 2404144), (471, 15, 2404771), (471, 15, 2408717), (6368, 15, 2409916), (899, 15, 2410526), (899, 15, 2410652), (3218, 15, 2411734), (6578, 7, 2413829), (6578, 7, 2413916), (6578, 7, 2418657), (6578, 7, 2419001), (3955, 5, 2420178), (471, 15, 2423338), (471, 15, 2423942), (3996, 10, 2425009), (3996, 10, 2425504), (471, 15, 2426271), (8663, 12, 2429624), (6666, 8, 2432007), (3024, 14, 2433956), (1526, 1, 2434324), (5152, 8, 2437632), (2491, 9, 2461164), (192, 9, 2462120), (9961, 12, 2463353), (9961, 12, 2465500), (2491, 9, 2468636), (927, 10, 2469743), (7444, 15, 2470086), (7690, 8, 2472772), (7690, 8, 2472891), (2491, 9, 2476602), (471, 15, 2476850), (2491, 9, 2477014), (7690, 8, 2477362), (6099, 4, 2479358), (9546, 5, 2479717), (576, 8, 2480938), (273, 14, 2481980), (9546, 5, 2483376), (471, 15, 2486125), (6368, 15, 2486506), (3872, 9, 2486662), (927, 10, 2487527), (1612, 9, 2488132), (7690, 8, 2489701), (6033, 15, 2491616), (927, 10, 2492233), (4805, 15, 2492755), (1059, 9, 2492830), (1059, 9, 2493091), (9546, 5, 2495501), (9546, 5, 2496367), (220, 11, 2507366), (220, 11, 2507496), (927, 10, 2511848), (7159, 9, 2516142), (9974, 10, 2520420), (471, 15, 2521017), (9930, 9, 2524232), (8047, 14, 2527745), (7690, 8, 2543793), (927, 10, 2545633), (9022, 15, 2546452), (220, 11, 2546753), (682, 11, 2549650), (471, 15, 2549885), (471, 15, 2550068), (9972, 9, 2550567), (7690, 8, 2551068), (5579, 13, 2552158), (9546, 5, 2552306), (8323, 14, 2552956), (4805, 15, 2554738), (7457, 15, 2555271), (1059, 9, 2555352), (4966, 7, 2556792), (8949, 5, 2561874), (4921, 7, 2562111), (4805, 15, 2562276), (8316, 3, 2563115), (3351, 15, 2569257), (471, 15, 2569384), (3351, 15, 2569506), (7444, 15, 2570163), (2491, 9, 2571555), (2491, 9, 2571598), (576, 8, 2574501), (304, 1, 2576450), (2693, 9, 2577335), (2693, 9, 2577549), (1612, 9, 2578470), (780, 15, 2579345), (2655, 15, 2579646), (8794, 10, 2579788), (3782, 7, 2580641), (1966, 7, 2583437), (5152, 8, 2584961), (6368, 15, 2586824), (6368, 15, 2586904), (2670, 5, 2588866), (927, 10, 2590004), (273, 14, 2593820), (576, 8, 2596095), (220, 11, 2597668), (9972, 9, 2597757), (332, 9, 2599602), (4173, 4, 2600785), (3611, 4, 2601468), (9972, 9, 2603061), (7159, 9, 2605407), (3168, 9, 2606639), (9972, 9, 2608742), (1059, 9, 2609043), (9972, 9, 2610322), (576, 8, 2610501), (9972, 9, 2613183), (9972, 9, 2613241), (576, 8, 2617698), (9563, 9, 2629281), (2923, 7, 2631156), (927, 10, 2635041), (9022, 15, 2636058), (6983, 12, 2636988), (4971, 14, 2637127), (9972, 9, 2639890), (7168, 4, 2639939), (6315, 15, 2640206), (4485, 4, 2640417), (471, 15, 2643278), (3218, 15, 2647862), (1059, 9, 2648032), (1793, 12, 2648362), (982, 10, 2649572), (4971, 14, 2651557), (4971, 14, 2651780), (3836, 8, 2652655), (7690, 8, 2652760), (5228, 15, 2653811), (5228, 15, 2654533), (4971, 14, 2656268), (5228, 15, 2657109), (897, 8, 2657196), (4971, 14, 2658523), (3836, 8, 2658544), (5228, 15, 2659079), (1473, 3, 2660222), (576, 8, 2660921), (5228, 15, 2664807), (1080, 9, 2667443), (1612, 9, 2668960), (4930, 4, 2671236), (4971, 14, 2677242), (4971, 14, 2677392)]"
10074 "[(101, 13, 642), (1561, 4, 17854), (3103, 4, 70632), (4390, 13, 83632), (101, 13, 87153), (4390, 13, 95396), (4346, 7, 99490), (4390, 13, 125189), (101, 13, 173318), (4390, 13, 174056), (4346, 7, 181428), (101, 13, 259727), (101, 13, 346195), (101, 13, 346402), (5167, 8, 364085), (521, 14, 406090), (101, 13, 432600), (101, 13, 518976), (6046, 4, 603585), (101, 13, 605357), (521, 14, 673320), (101, 13, 691963), (101, 13, 778118), (2588, 1, 830383), (1359, 9, 860857), (101, 13, 864517), (7912, 13, 911957), (3153, 1, 928314), (3153, 1, 928925), (3153, 1, 930462), (4390, 13, 938014), (101, 13, 950894), (521, 14, 952224), (521, 14, 959804), (521, 14, 959811), (521, 14, 959818), (4390, 13, 961422), (101, 13, 1037393), (4390, 13, 1041040), (4996, 13, 1106771), (521, 14, 1112920), (101, 13, 1123762), (5281, 1, 1179073), (4996, 13, 1179740), (101, 13, 1210180), (101, 13, 1296766), (8660, 7, 1351764), (8660, 7, 1352789), (1359, 9, 1369982), (101, 13, 1382902), (4390, 13, 1392477), (4996, 13, 1397732), (4996, 13, 1398381), (6581, 1, 1402519), (4996, 13, 1439994), (4996, 13, 1462538), (101, 13, 1469331), (4996, 13, 1517985), (6250, 10, 1546186), (101, 13, 1555712), (4346, 7, 1580963), (6250, 10, 1607900), (4390, 13, 1636511), (101, 13, 1642214), (5866, 1, 1647279), (4996, 13, 1665456), (5281, 1, 1670009), (4390, 13, 1726464), (101, 13, 1728587), (4390, 13, 1728947), (4390, 13, 1737881), (7372, 10, 1749499), (101, 13, 1814959), (4390, 13, 1820592), (521, 14, 1901283), (521, 14, 1901310), (101, 13, 1901574), (7645, 13, 1943980), (521, 14, 1972792), (101, 13, 1987719), (101, 13, 2074138), (5866, 1, 2076354), (6250, 10, 2135113), (7372, 10, 2150366), (101, 13, 2160512), (7372, 10, 2175891), (4346, 7, 2218920), (101, 13, 2246998), (5866, 1, 2280987), (5281, 1, 2304747), (101, 13, 2333370), (5281, 1, 2363518), (5866, 1, 2366675), (5281, 1, 2366933), (5281, 1, 2366970), (5281, 1, 2367030), (6046, 4, 2382164), (3103, 4, 2393670), (8675, 4, 2398437), (101, 13, 2419752), (101, 13, 2506377), (4390, 13, 2562018), (8325, 1, 2567565), (101, 13, 2592497), (8072, 9, 2627723), (2669, 10, 2628019)]"
131 "[(10069, 1, 697), (10436, 11, 50228), (10436, 11, 56477), (10375, 12, 57318), (10069, 1, 68609), (10645, 12, 131324), (10446, 15, 389922), (10446, 15, 390894), (10436, 11, 403748), (10222, 8, 417045), (10436, 11, 658540), (10054, 7, 699028), (10446, 15, 737609), (10436, 11, 741019), (10007, 11, 858045), (10406, 11, 858741), (10024, 11, 858929), (10069, 1, 861733), (10871, 1, 988324), (10446, 15, 1014117), (10436, 11, 1111157), (10088, 3, 1126681), (10088, 3, 1126984), (10436, 11, 1261093), (10436, 11, 1261773), (10791, 4, 1440109), (10645, 12, 1443567), (10015, 13, 1613675), (10032, 11, 1701372), (10645, 12, 1703537), (10533, 3, 1943382), (10791, 4, 1944024), (10764, 8, 2139881), (10015, 13, 2307470), (10533, 3, 2340227), (10130, 13, 2484112), (10024, 11, 2678060)]"
136 "[(10032, 11, 755), (10032, 11, 20220), (10032, 11, 297397), (10032, 11, 426216), (10032, 11, 503309), (10032, 11, 512341), (10032, 11, 543156), (10032, 11, 704236), (10032, 11, 869657), (10032, 11, 903598), (10032, 11, 979882), (10032, 11, 1047955), (10032, 11, 1157065), (10032, 11, 1162152), (10032, 11, 1682855), (10032, 11, 1683028), (10032, 11, 1712432), (10032, 11, 1712554), (10032, 11, 1760138), (10032, 11, 1761489), (10032, 11, 2123041), (10032, 11, 2130344), (10032, 11, 2140343), (10032, 11, 2217054), (10032, 11, 2224436), (10032, 11, 2232867), (10032, 11, 2306074), (10032, 11, 2310796), (10032, 11, 2321307), (10044, 13, 2395621), (10032, 11, 2581066), (10032, 11, 2591579), (10032, 11, 2598272), (10032, 11, 2643607), (10032, 11, 2667371), (10032, 11, 2667404)]"
160 "[(10090, 4, 844), (10090, 4, 218464), (10032, 11, 223666), (10054, 7, 224265), (10152, 8, 302500), (10152, 8, 303100), (10090, 4, 309602), (10090, 4, 734674), (10090, 4, 751608), (10152, 8, 757621), (10152, 8, 758329), (10072, 9, 964085), (10033, 15, 1011205), (10033, 15, 1011802), (10090, 4, 2000500), (10090, 4, 2030854), (10121, 4, 2031022), (10006, 5, 2311850), (10033, 15, 2473963)]"
10095 "[(101, 13, 877), (3209, 11, 173262), (101, 13, 173479), (371, 15, 241591), (3209, 11, 343556), (3209, 11, 402246), (3209, 11, 480743), (101, 13, 605544), (3209, 11, 612152), (4015, 15, 646262), (2588, 1, 829770), (6960, 1, 856233), (371, 15, 924655), (101, 13, 1210369), (101, 13, 1383081), (3209, 11, 1386405), (3209, 11, 1386526), (3209, 11, 1435099), (3209, 11, 1557750), (6250, 10, 1608166), (3209, 11, 1645535), (3209, 11, 1653791), (6250, 10, 1691968), (3209, 11, 1780929), (101, 13, 1815155), (3209, 11, 1818560), (3209, 11, 1818677), (521, 14, 1901221), (7372, 10, 1975587), (6250, 10, 1982582), (3209, 11, 2034579), (3209, 11, 2201484), (6226, 12, 2204196), (3209, 11, 2229952), (101, 13, 2333518), (101, 13, 2419940), (101, 13, 2592665)]"
165 "[(10096, 10, 881), (10032, 11, 14240), (10032, 11, 55041), (10196, 11, 56565), (10196, 11, 56633), (10427, 10, 61714), (10032, 11, 100998), (10864, 4, 137185), (10011, 11, 150510), (10011, 11, 154955), (10032, 11, 171319), (10032, 11, 174895), (10032, 11, 175973), (10032, 11, 222436), (10011, 11, 223205), (10032, 11, 267684), (10032, 11, 268053), (10032, 11, 269209), (10011, 11, 271310), (10196, 11, 313021), (10032, 11, 318946), (10032, 11, 322931), (10011, 11, 355811), (10011, 11, 396560), (10011, 11, 425488), (10011, 11, 442634), (10032, 11, 483652), (10032, 11, 485601), (10032, 11, 487001), (10427, 10, 491136), (10032, 11, 498669), (10032, 11, 532435), (10032, 11, 578676), (10032, 11, 582741), (10196, 11, 586985), (10011, 11, 587029), (10032, 11, 664157), (10032, 11, 664934), (10032, 11, 665664), (10032, 11, 681284), (10032, 11, 685554), (10032, 11, 728571), (10032, 11, 738559), (10011, 11, 777002), (10444, 9, 781551), (10427, 10, 783649), (10032, 11, 820823), (10011, 11, 868624), (10032, 11, 949200), (10032, 11, 956156), (10032, 11, 963754), (10032, 11, 966955), (10011, 11, 1050959), (10032, 11, 1143634), (10032, 11, 1167297), (10032, 11, 1215402), (10444, 9, 1288099), (10032, 11, 1302849), (10533, 3, 1315480), (10348, 8, 1374765), (10087, 10, 1392371), (10032, 11, 1397344), (10032, 11, 1404246), (10696, 15, 1444145), (10450, 15, 1445643), (10444, 9, 1453051), (10032, 11, 1481941), (10696, 15, 1545399), (10444, 9, 1622056), (10032, 11, 1638335), (10032, 11, 1640667), (10032, 11, 1645917), (10032, 11, 1725811), (10011, 11, 1732209), (10032, 11, 1777603), (10011, 11, 1780511), (10196, 11, 1894000), (10427, 10, 2039979), (10032, 11, 2168487), (10032, 11, 2213281), (10032, 11, 2214182), (10011, 11, 2214456), (10011, 11, 2214578), (10032, 11, 2229806), (10938, 9, 2241194), (10032, 11, 2289264), (10444, 9, 2297352), (10011, 11, 2566922), (10032, 11, 2586385), (10011, 11, 2590160), (10032, 11, 2591117), (10011, 11, 2591510), (10032, 11, 2595155), (10032, 11, 2597160), (10011, 11, 2600122), (10032, 11, 2605343), (10011, 11, 2647000)]"
171 "[(10101, 7, 933), (10101, 7, 1705), (10092, 9, 7383), (10511, 12, 22005), (10487, 4, 164445), (10072, 9, 165408), (10064, 9, 169599), (10306, 9, 172161), (10574, 1, 220900), (10111, 7, 357655), (10101, 7, 518968), (10032, 11, 522167), (10032, 11, 523147), (10574, 1, 525738), (10563, 1, 607237), (10563, 1, 607836), (10118, 11, 689707), (10011, 11, 749479), (10054, 7, 1126342), (10253, 1, 1132947), (10574, 1, 1417326), (10574, 1, 1570552), (10406, 11, 1733634), (10563, 1, 1901390), (10032, 11, 1911376), (10101, 7, 2172435), (10032, 11, 2172590), (10024, 11, 2293778), (10032, 11, 2343021), (10032, 11, 2386938), (10032, 11, 2422043), (10331, 7, 2468263), (10116, 1, 2470091), (10111, 7, 2476056), (10032, 11, 2640359)]"
10113 "[(199, 13, 1158), (309, 1, 2110), (225, 1, 4295), (793, 10, 18698), (101, 13, 51089), (3237, 4, 51489), (2661, 10, 59679), (2421, 13, 63663), (1403, 4, 69106), (783, 7, 84607), (3477, 7, 98462), (1366, 9, 131622), (101, 13, 137496), (4094, 4, 138870), (5918, 1, 146564), (1030, 9, 147039), (2863, 4, 148047), (1091, 1, 148784), (4841, 1, 153904), (5715, 13, 157235), (1403, 4, 159840), (6582, 1, 164900), (2863, 4, 176283), (2661, 10, 184317), (844, 4, 188906), (6840, 4, 192610), (5465, 10, 204192), (746, 13, 205490), (5715, 13, 216075), (101, 13, 223786), (5438, 12, 227842), (4094, 4, 234301), (7127, 11, 237735), (5402, 13, 245680), (813, 4, 250698), (7572, 1, 266709), (1295, 1, 281570), (1295, 1, 283169), (5277, 1, 294073), (7730, 10, 303028), (5277, 1, 304589), (5715, 13, 308481), (101, 13, 310287), (793, 10, 310335), (1966, 7, 313590), (7790, 13, 314185), (813, 4, 318974), (510, 4, 321166), (2598, 13, 338957), (783, 7, 344806), (309, 1, 355521), (309, 1, 363298), (5715, 13, 364861), (332, 9, 376412), (1295, 1, 377405), (2491, 9, 388576), (2491, 9, 389067), (2491, 9, 389264), (2491, 9, 389883), (2863, 4, 390614), (6213, 12, 395742), (4664, 1, 398546), (7127, 11, 398863), (5438, 12, 407696), (5007, 13, 413231), (535, 4, 422360), (4120, 12, 423643), (7127, 11, 428317), (3237, 4, 438155), (2661, 10, 451291), (7572, 1, 459097), (3552, 13, 463746), (3134, 10, 469089), (5715, 13, 474406), (101, 13, 483073), (2421, 13, 492514), (7127, 11, 496824), (6840, 4, 509069), (5277, 1, 530243), (3134, 10, 533052), (1815, 13, 552760), (535, 4, 553856), (1815, 13, 555507), (1315, 7, 555703), (5715, 13, 560195), (4094, 4, 562455), (101, 13, 569406), (5277, 1, 574040), (2109, 15, 575282), (7290, 10, 581206), (1910, 13, 583380), (2791, 7, 590488), (5037, 4, 590519), (3666, 8, 595067), (4562, 7, 606238), (806, 1, 618758), (8040, 11, 619655), (2661, 10, 627832), (3140, 4, 628245), (4094, 4, 630783), (2791, 7, 635940), (2165, 15, 640857), (5715, 13, 640867), (535, 4, 643184), (3134, 10, 643459), (7937, 9, 653114), (101, 13, 655806), (7052, 9, 663690), (2863, 4, 665761), (844, 4, 665950), (5918, 1, 672463), (8809, 4, 677835), (2587, 8, 678572), (2863, 4, 678739), (8494, 12, 682453), (5004, 4, 690856), (1736, 1, 691808), (1736, 1, 692751), (3477, 7, 699161), (5715, 13, 731413), (101, 13, 742285), (7730, 10, 751392), (1736, 1, 753054), (3477, 7, 753105), (3477, 7, 753201), (2165, 15, 754114), (7281, 1, 754768), (4731, 13, 760076), (7127, 11, 762132), (4094, 4, 762334), (1021, 12, 772443), (3644, 4, 778414), (806, 1, 787400), (5715, 13, 805547), (1295, 1, 809953), (4676, 12, 811370), (225, 1, 826097), (101, 13, 828594), (939, 1, 831594), (2661, 10, 837147), (535, 4, 838000), (2875, 15, 838716), (2661, 10, 840573), (1412, 1, 841719), (8002, 7, 847294), (5066, 9, 849143), (5326, 10, 851001), (7790, 13, 869954), (5019, 7, 871589), (6581, 1, 877237), (815, 13, 877500), (5868, 12, 883898), (121, 9, 887146), (1815, 13, 896512), (101, 13, 915089), (1834, 9, 916432), (793, 10, 920990), (4442, 9, 922586), (8205, 14, 930253), (535, 4, 934267), (3958, 13, 935749), (3958, 13, 938413), (535, 4, 941018), (844, 4, 945579), (7476, 1, 947591), (3552, 13, 948235), (3332, 5, 949311), (3666, 8, 956390), (5277, 1, 987659), (7281, 1, 994690), (101, 13, 1001423), (1815, 13, 1012468), (7264, 10, 1015892), (6440, 13, 1017212), (309, 1, 1018536), (3666, 8, 1034401), (4599, 3, 1036655), (5669, 13, 1038676), (2165, 15, 1055758), (2421, 13, 1074767), (5669, 13, 1079130), (8247, 15, 1079224), (5669, 13, 1087546), (101, 13, 1087881), (5953, 7, 1091553), (7026, 4, 1092701), (6440, 13, 1102763), (5953, 7, 1108372), (304, 1, 1117358), (6840, 4, 1121761), (6213, 12, 1124702), (3452, 7, 1130250), (783, 7, 1135991), (535, 4, 1141219), (5669, 13, 1162300), (5953, 7, 1166034), (5953, 7, 1166676), (101, 13, 1174188), (6213, 12, 1187886), (4288, 13, 1191920), (7481, 7, 1196886), (4957, 10, 1217265), (309, 1, 1224630), (8617, 7, 1253447), (101, 13, 1260613), (9330, 4, 1266307), (9330, 4, 1271045), (2661, 10, 1275795), (3332, 5, 1300684), (6629, 1, 1305461), (6575, 1, 1312475), (6929, 1, 1315035), (2165, 15, 1328717), (5715, 13, 1340821), (7354, 9, 1341057), (7354, 9, 1344959), (101, 13, 1347074), (7790, 13, 1350087), (4676, 12, 1360851), (7730, 10, 1367509), (8969, 13, 1367828), (2661, 10, 1377372), (3332, 5, 1379066), (8069, 1, 1385064), (3332, 5, 1390153), (3919, 1, 1396292), (1372, 4, 1424072), (7127, 11, 1428218), (7479, 13, 1433247), (101, 13, 1433380), (6276, 1, 1443481), (25, 13, 1444189), (7730, 10, 1464419), (3952, 15, 1479960), (6520, 1, 1480690), (3919, 1, 1481647), (7790, 13, 1502479), (2491, 9, 1505227), (101, 13, 1519871), (3704, 3, 1523501), (8002, 7, 1524220), (8002, 7, 1526229), (5122, 13, 1538370), (1815, 13, 1538569), (7730, 10, 1542212), (2421, 13, 1542550), (1815, 13, 1543924), (939, 1, 1547510), (844, 4, 1549736), (3952, 15, 1549826), (1729, 1, 1561180), (3919, 1, 1566455), (3477, 7, 1595296), (2491, 9, 1597295), (5715, 13, 1601515), (1736, 1, 1605631), (101, 13, 1606237), (1736, 1, 1612077), (5715, 13, 1612806), (2863, 4, 1614828), (5953, 7, 1616048), (8247, 15, 1619389), (4957, 10, 1621972), (4731, 13, 1625980), (8969, 13, 1627651), (535, 4, 1629800), (1736, 1, 1634443), (225, 1, 1639401), (3666, 8, 1647416), (5062, 9, 1654504), (5312, 1, 1673578), (2500, 7, 1677328), (4599, 3, 1685878), (2809, 10, 1686324), (101, 13, 1692687), (1966, 7, 1693567), (7354, 9, 1695632), (5715, 13, 1698037), (8247, 15, 1704823), (3952, 15, 1712367), (6576, 8, 1714037), (2421, 13, 1727603), (2421, 13, 1727986), (5635, 15, 1734694), (4599, 3, 1753240), (5918, 1, 1753690), (5918, 1, 1754842), (535, 4, 1758709), (535, 4, 1767312), (5715, 13, 1777486), (101, 13, 1778984), (8507, 5, 1781758), (2769, 1, 1783194), (3952, 15, 1801633), (9417, 13, 1812894), (7819, 5, 1813019), (783, 7, 1821899), (1736, 1, 1823714), (9417, 13, 1826398), (101, 13, 1865394), (2661, 10, 1869882), (844, 4, 1882722), (9757, 15, 1888252), (8731, 4, 1895358), (5715, 13, 1902382), (5357, 13, 1902784), (8969, 13, 1903121), (1171, 15, 1916097), (4880, 9, 1932165), (5312, 1, 1941967), (1083, 4, 1945543), (9845, 15, 1948547), (101, 13, 1951871), (4419, 13, 1954024), (5715, 13, 1955834), (4599, 3, 1964900), (6299, 4, 1967803), (5918, 1, 1970897), (7476, 1, 1971729), (7127, 11, 1974186), (1736, 1, 1975227), (844, 4, 1979621), (5715, 13, 1982252), (1736, 1, 1985147), (5019, 7, 1988558), (279, 10, 2002718), (1736, 1, 2002721), (2428, 7, 2005034), (5357, 13, 2019343), (9845, 15, 2023429), (9479, 13, 2025697), (4676, 12, 2031086), (101, 13, 2038187), (3237, 4, 2041786), (9184, 13, 2055972), (4320, 4, 2062581), (4634, 1, 2065409), (713, 4, 2065944), (1370, 9, 2066191), (4731, 13, 2067485), (4854, 4, 2082044), (3952, 15, 2087514), (9900, 9, 2093566), (6540, 1, 2102117), (2165, 15, 2119291), (7572, 1, 2119598), (101, 13, 2124664), (939, 1, 2125167), (416, 3, 2126954), (5004, 4, 2143122), (9836, 7, 2144135), (4854, 4, 2156678), (1736, 1, 2159833), (8453, 10, 2160369), (1315, 7, 2171626), (5357, 13, 2191705), (1815, 13, 2191884), (5357, 13, 2197863), (101, 13, 2211026), (5402, 13, 2212679), (2863, 4, 2213205), (2165, 15, 2215843), (7584, 9, 2217341), (6294, 11, 2218031), (7026, 4, 2221576), (806, 1, 2222870), (806, 1, 2223084), (1021, 12, 2223917), (4854, 4, 2225938), (81, 1, 2227515), (6576, 8, 2234528), (6576, 8, 2235873), (1815, 13, 2235994), (4854, 4, 2237773), (4854, 4, 2238917), (3952, 15, 2241349), (4854, 4, 2241921), (3952, 15, 2241946), (1315, 7, 2244014), (1315, 7, 2244448), (4854, 4, 2245218), (3192, 1, 2249131), (5953, 7, 2270231), (2165, 15, 2286866), (5326, 10, 2293556), (101, 13, 2297469), (5438, 12, 2298939), (5438, 12, 2300012), (813, 4, 2302968), (6433, 13, 2312555), (4841, 1, 2313103), (3477, 7, 2316801), (7026, 4, 2325463), (4841, 1, 2325573), (4962, 4, 2327133), (3204, 1, 2330417), (1736, 1, 2332082), (1736, 1, 2333156), (121, 9, 2338878), (5277, 1, 2339453), (1815, 13, 2339983), (6668, 9, 2344504), (101, 13, 2383772), (5277, 1, 2391248), (6299, 4, 2400520), (5715, 13, 2410269), (6520, 1, 2413150), (4599, 3, 2416083), (225, 1, 2422356), (4841, 1, 2424073), (6433, 13, 2424785), (8449, 7, 2427468), (8554, 12, 2433414), (5715, 13, 2461431), (535, 4, 2463379), (2165, 15, 2468540), (101, 13, 2470184), (5727, 1, 2472742), (5326, 10, 2481102), (5715, 13, 2482521), (2165, 15, 2483371), (1736, 1, 2485007), (4796, 7, 2485072), (4841, 1, 2485790), (4841, 1, 2486936), (535, 4, 2487995), (670, 12, 2496525), (5715, 13, 2509358), (5715, 13, 2546345), (5953, 7, 2547932), (101, 13, 2556666), (4841, 1, 2571543), (4731, 13, 2578743), (6213, 12, 2579839), (844, 4, 2585071), (6433, 13, 2589379), (793, 10, 2599662), (5062, 9, 2602207), (6629, 1, 2639322), (101, 13, 2642963), (7127, 11, 2647030), (5052, 13, 2649661), (2165, 15, 2652504), (7127, 11, 2655388), (4731, 13, 2668179), (4841, 1, 2669871), (3375, 1, 2669941)]"
10115 "[(201, 12, 1175), (1394, 1, 15055), (201, 12, 39967), (201, 12, 40056), (673, 7, 70417), (2747, 8, 139096), (1683, 15, 155181), (201, 12, 212863), (1394, 1, 257450), (673, 7, 333749), (201, 12, 434356), (101, 13, 459329), (517, 9, 481194), (1983, 7, 486823), (6576, 8, 489691), (6863, 9, 663653), (6863, 9, 800561), (517, 9, 846539), (1983, 7, 936509), (4343, 15, 951772), (2747, 8, 1000070), (6863, 9, 1002259), (4343, 15, 1015874), (101, 13, 1064126), (1983, 7, 1087155), (7950, 12, 1191400), (1983, 7, 1435670), (1683, 15, 1444592), (8716, 2, 1530234), (374, 15, 1601160), (6083, 15, 1609987), (300, 1, 1620916), (406, 7, 1623194), (6083, 15, 1639606), (101, 13, 1668929), (9583, 7, 1737071), (300, 1, 1746664), (6863, 9, 1780001), (2747, 8, 1794168), (2236, 7, 1849748), (6863, 9, 1951971), (6863, 9, 1995513), (2491, 9, 2033668), (9619, 11, 2214521), (9619, 11, 2219624), (1193, 9, 2225574), (9619, 11, 2233879), (9619, 11, 2241239), (101, 13, 2273728), (9619, 11, 2296909), (9715, 9, 2311451), (9619, 11, 2323341), (9619, 11, 2340000), (1983, 7, 2393156), (9619, 11, 2417913), (9619, 11, 2418931), (1683, 15, 2473511), (9360, 9, 2527971), (300, 1, 2576112), (9002, 10, 2604307), (201, 12, 2639173), (2709, 1, 2659748)]"
218 "[(10032, 11, 1320), (10125, 3, 1456), (10107, 4, 50088), (10107, 4, 55604), (10107, 4, 73203), (10653, 10, 88520), (10647, 14, 88689), (10809, 10, 92473), (10708, 4, 98467), (10253, 1, 115901), (10107, 4, 117806), (10107, 4, 134618), (10166, 11, 153805), (10107, 4, 154468), (10107, 4, 155671), (10032, 11, 168778), (10839, 1, 237268), (10032, 11, 257407), (10269, 3, 263787), (10269, 3, 264420), (10107, 4, 309490), (10032, 11, 310714), (10022, 9, 317986), (10107, 4, 319581), (10107, 4, 474446), (10107, 4, 474523), (10107, 4, 474561), (10032, 11, 478481), (10032, 11, 478809), (10032, 11, 483461), (10237, 11, 483606), (10237, 11, 586538), (10022, 9, 588862), (10107, 4, 736838), (10107, 4, 845045), (10064, 9, 913664), (10032, 11, 916701), (10176, 9, 1091998), (10174, 9, 1092098), (10176, 9, 1093462), (10107, 4, 1108797), (10264, 1, 1353512), (10264, 1, 1353564), (10264, 1, 1353859), (10253, 1, 1454577), (10054, 7, 1524752), (10054, 7, 1524820), (10032, 11, 1536448), (10107, 4, 1629660), (10015, 13, 1637994), (10021, 15, 1644422), (10107, 4, 1673645), (10037, 5, 1705736), (10037, 5, 1710618), (10269, 3, 1711007), (10269, 3, 1711283), (10461, 1, 1726432), (10032, 11, 1730671), (10152, 8, 1815004), (10107, 4, 1938141), (10400, 11, 2063920), (10032, 11, 2133785), (10214, 9, 2241665), (10655, 9, 2243338), (10149, 7, 2298944), (10032, 11, 2393966), (10064, 9, 2427096), (10461, 1, 2483048), (10066, 4, 2586960), (10789, 7, 2587303), (10032, 11, 2587410)]"
10128 "[(229, 7, 1468), (1168, 3, 11706), (1168, 3, 12632), (1458, 3, 19009), (2405, 11, 35793), (1944, 4, 37223), (2405, 11, 57088), (2405, 11, 57234), (1037, 4, 61842), (3855, 12, 61970), (4267, 3, 69989), (229, 7, 71459), (4343, 15, 96360), (2405, 11, 133449), (2405, 11, 138235), (2482, 1, 144018), (1359, 9, 149024), (2482, 1, 167821), (999, 4, 174772), (2405, 11, 185970), (2405, 11, 189880), (2405, 11, 190279), (6835, 7, 191112), (1168, 3, 193855), (1359, 9, 208005), (2405, 11, 225676), (2405, 11, 226160), (2405, 11, 231296), (2405, 11, 232145), (2405, 11, 233527), (1359, 9, 239411), (1359, 9, 245213), (3317, 3, 249460), (348, 11, 257079), (1168, 3, 257230), (3551, 15, 267049), (5015, 4, 278847), (7407, 1, 281944), (2405, 11, 303901), (2405, 11, 310690), (2405, 11, 321448), (3727, 3, 323228), (3457, 3, 325795), (3317, 3, 337028), (3317, 3, 337678), (6835, 7, 342090), (2206, 11, 343586), (3088, 9, 380345), (1632, 4, 409938), (4192, 7, 416312), (4925, 14, 430835), (5015, 4, 440028), (1486, 11, 447127), (1168, 3, 534233), (3088, 9, 536908), (2219, 3, 548896), (4015, 15, 563580), (1810, 11, 569832), (8107, 7, 595440), (3083, 4, 597176), (4015, 15, 607399), (162, 3, 609053), (680, 3, 618687), (8636, 9, 634532), (1701, 7, 655435), (3083, 4, 663801), (843, 1, 676646), (3457, 3, 693736), (8636, 9, 706502), (3680, 10, 706997), (8634, 4, 719691), (8634, 4, 720502), (8634, 4, 721817), (8634, 4, 723941), (2820, 4, 726422), (6835, 7, 731559), (8634, 4, 733671), (5241, 7, 735273), (8634, 4, 737593), (4557, 11, 758766), (8540, 1, 773892), (5808, 11, 776610), (8634, 4, 799959), (1944, 4, 819591), (8634, 4, 834610), (523, 3, 845729), (4288, 13, 845766), (5015, 4, 868136), (7712, 8, 884178), (9013, 3, 907162), (4557, 11, 924392), (843, 1, 927216), (1233, 4, 935772), (8634, 4, 939078), (8634, 4, 939088), (5241, 7, 948851), (3083, 4, 957704), (5015, 4, 957975), (8332, 9, 970473), (4944, 11, 970914), (8634, 4, 975364), (8332, 9, 1006147), (9013, 3, 1009021), (1168, 3, 1017626), (4944, 11, 1018070), (2447, 12, 1018937), (2219, 3, 1044448), (6111, 4, 1061704), (4969, 11, 1071558), (3457, 3, 1096858), (3457, 3, 1108659), (229, 7, 1109833), (2447, 12, 1125081), (8332, 9, 1191903), (5180, 3, 1211934), (4267, 3, 1227529), (6345, 10, 1242064), (2171, 9, 1244205), (6710, 4, 1269925), (1037, 4, 1292935), (8634, 4, 1305712), (4344, 3, 1310013), (660, 5, 1324700), (9221, 1, 1371553), (2255, 1, 1391501), (6111, 4, 1407201), (4944, 11, 1408166), (4944, 11, 1408748), (4944, 11, 1409946), (1359, 9, 1416493), (1391, 1, 1422568), (4760, 15, 1426813), (523, 3, 1448597), (6835, 7, 1454501), (8819, 2, 1457823), (8622, 14, 1465644), (1810, 11, 1468760), (1486, 11, 1484741), (4170, 14, 1551015), (1168, 3, 1565052), (843, 1, 1573256), (4571, 13, 1578139), (3457, 3, 1601435), (3457, 3, 1612496), (8214, 7, 1628466), (3083, 4, 1639604), (8264, 1, 1645196), (1168, 3, 1645559), (1486, 11, 1653617), (3687, 12, 1660085), (4944, 11, 1669505), (6835, 7, 1707469), (8107, 7, 1724043), (3083, 4, 1724067), (234, 3, 1838803), (8719, 11, 1883914), (523, 3, 1977675), (1486, 11, 1987052), (6437, 11, 2005190), (8836, 7, 2042365), (2859, 7, 2051279), (6405, 11, 2073220), (579, 11, 2074670), (1433, 11, 2075808), (6437, 11, 2078595), (9067, 4, 2101894), (579, 11, 2107580), (6118, 11, 2111491), (2755, 2, 2183870), (9717, 4, 2222267), (6835, 7, 2225205), (4042, 10, 2226151), (3317, 3, 2233824), (2482, 1, 2246841), (8634, 4, 2278318), (4343, 15, 2305934), (3030, 13, 2317102), (6437, 11, 2317655), (8012, 7, 2327432), (7570, 10, 2426924), (5808, 11, 2428671), (6437, 11, 2432210), (8701, 1, 2461843), (8701, 1, 2489873), (9638, 13, 2491418), (523, 3, 2514238), (6203, 11, 2592160), (1810, 11, 2597680), (523, 3, 2603494), (5396, 8, 2604802), (5241, 7, 2618010), (2171, 9, 2631132), (4557, 11, 2678043)]"
10135 "[(252, 9, 1592), (1365, 14, 44078), (1170, 10, 48644), (122, 12, 57555), (1365, 14, 76363), (220, 11, 109641), (1365, 14, 131109), (2301, 14, 132331), (4042, 10, 136824), (3794, 8, 148396), (6972, 9, 205937), (6972, 9, 206625), (6972, 9, 207901), (6972, 9, 211292), (7412, 8, 252475), (3359, 5, 312118), (3982, 4, 322895), (6996, 5, 343291), (8054, 12, 367584), (7830, 4, 418323), (344, 9, 447981), (8142, 15, 574987), (6543, 8, 577383), (7227, 11, 580114), (6996, 5, 650580), (2713, 9, 736210), (1365, 14, 786357), (8892, 10, 807318), (2809, 10, 893411), (8352, 10, 896693), (6402, 8, 943690), (8352, 10, 944577), (8352, 10, 964652), (8352, 10, 967691), (4015, 15, 991469), (4015, 15, 993868), (537, 13, 1049966), (6402, 8, 1114197), (9413, 9, 1121711), (1365, 14, 1130722), (9316, 10, 1210757), (1697, 14, 1225560), (1365, 14, 1240606), (5212, 1, 1476782), (8352, 10, 1497229), (220, 11, 1659685), (9717, 4, 1793579), (6402, 8, 1813453), (8663, 12, 1820668), (344, 9, 1832326), (9616, 10, 1882318), (1213, 14, 1924274), (9316, 10, 1983463), (9316, 10, 1992767), (1212, 10, 2137012), (7680, 12, 2201038), (3340, 9, 2201534), (8054, 12, 2237761), (4895, 14, 2294259), (9624, 5, 2312386), (2391, 12, 2373082), (6402, 8, 2406037), (7570, 10, 2412959), (3168, 9, 2507061), (4363, 4, 2546802), (8043, 12, 2580912), (7239, 14, 2589323), (7412, 8, 2594203), (9638, 13, 2618104), (7412, 8, 2635793), (2067, 9, 2673305)]"
10136 "[(195, 14, 1603), (2733, 15, 44727), (2743, 15, 47702), (195, 14, 50457), (1919, 15, 65502), (778, 8, 71269), (4843, 15, 92847), (2076, 14, 114008), (195, 14, 149470), (121, 9, 155763), (163, 9, 161904), (2932, 10, 179834), (2932, 10, 183631), (2932, 10, 190306), (2452, 9, 200447), (2932, 10, 200832), (2491, 9, 207696), (2932, 10, 207708), (3710, 14, 215821), (195, 14, 238575), (195, 14, 249908), (157, 14, 284361), (1996, 14, 286069), (1587, 8, 322192), (2733, 15, 328713), (6558, 3, 331016), (6176, 12, 337531), (3381, 15, 353751), (3381, 15, 392424), (2932, 10, 393766), (5766, 15, 397258), (1903, 4, 401518), (1745, 13, 404504), (7792, 15, 408335), (3758, 7, 411655), (195, 14, 425079), (6360, 10, 430711), (3820, 10, 441118), (6692, 11, 456378), (7066, 14, 472391), (195, 14, 479866), (2932, 10, 485080), (3624, 15, 489364), (6001, 15, 489708), (2733, 15, 495951), (2074, 8, 501325), (8499, 12, 506364), (3381, 15, 509344), (7148, 8, 520576), (1587, 8, 534238), (2932, 10, 563107), (2733, 15, 567980), (1259, 15, 570770), (2999, 8, 571829), (195, 14, 581728), (195, 14, 599534), (1259, 15, 603310), (8499, 12, 606898), (3381, 15, 626074), (1235, 15, 627999), (2932, 10, 628399), (4890, 9, 664667), (1259, 15, 685857), (8885, 4, 712135), (8957, 9, 760929), (4137, 8, 768517), (2721, 7, 833159), (3381, 15, 872535), (897, 8, 894508), (5808, 11, 908590), (874, 12, 926617), (6176, 12, 933332), (1745, 13, 1005865), (3200, 15, 1008991), (1745, 13, 1013181), (8499, 12, 1027199), (778, 8, 1043309), (9321, 15, 1060363), (1259, 15, 1094380), (1259, 15, 1095525), (1745, 13, 1098539), (1889, 14, 1117071), (2361, 7, 1142278), (6963, 8, 1162217), (8957, 9, 1165789), (4379, 8, 1176150), (7444, 15, 1193043), (4117, 12, 1205820), (1999, 13, 1229384), (2445, 5, 1237095), (1433, 11, 1273109), (681, 7, 1294067), (1433, 11, 1308381), (2713, 9, 1342849), (3381, 15, 1345096), (7702, 10, 1361333), (1280, 14, 1362123), (6944, 14, 1363796), (1745, 13, 1373159), (1918, 7, 1413381), (778, 8, 1456880), (7792, 15, 1460272), (7792, 15, 1461063), (3450, 14, 1471634), (794, 15, 1489013), (5620, 11, 1507675), (5620, 11, 1510004), (5159, 10, 1522206), (9248, 9, 1541622), (4998, 5, 1552787), (6554, 10, 1602412), (6122, 15, 1612324), (9257, 9, 1627195), (3381, 15, 1629692), (7728, 12, 1687032), (7792, 15, 1701500), (778, 8, 1709553), (1587, 8, 1710678), (7792, 15, 1713823), (7792, 15, 1714280), (7792, 15, 1715960), (1259, 15, 1737933), (1259, 15, 1738739), (1259, 15, 1739725), (9363, 10, 1754814), (1235, 15, 1768478), (8957, 9, 1798896), (3381, 15, 1807615), (2543, 8, 1835712), (1587, 8, 1875142), (4379, 8, 1883011), (4703, 15, 1910586), (3168, 9, 1911104), (1235, 15, 1932732), (1235, 15, 1941689), (7792, 15, 1973923), (121, 9, 1981481), (1259, 15, 1983879), (8499, 12, 1990005), (121, 9, 1996179), (4379, 8, 2025155), (4379, 8, 2025303), (9257, 9, 2027541), (2733, 15, 2054134), (195, 14, 2068184), (1587, 8, 2089786), (9201, 8, 2101187), (9257, 9, 2158035), (8499, 12, 2158859), (1587, 8, 2162395), (1136, 15, 2163616), (1996, 14, 2186939), (1235, 15, 2194094), (1235, 15, 2201402), (4379, 8, 2206965), (4379, 8, 2214020), (4379, 8, 2214446), (4379, 8, 2215010), (4843, 15, 2215982), (7244, 9, 2218067), (7917, 12, 2218695), (9847, 1, 2260414), (6753, 7, 2309901), (8499, 12, 2323914), (6110, 7, 2375514), (1235, 15, 2377358), (2491, 9, 2385694), (8957, 9, 2388235), (4379, 8, 2396251), (4379, 8, 2396281), (2743, 15, 2401596), (1235, 15, 2432379), (121, 9, 2437349), (2543, 8, 2449791), (2543, 8, 2488709), (8579, 9, 2493247), (121, 9, 2537180), (5964, 15, 2559645), (1745, 13, 2569346), (1259, 15, 2584846), (794, 15, 2600277), (3168, 9, 2610392), (6049, 14, 2611411), (1996, 14, 2632040), (9894, 15, 2638804), (4425, 15, 2646639), (7908, 15, 2653480)]"
264 "[(10032, 11, 1730), (10053, 11, 6063), (10871, 1, 182042), (10008, 11, 282454), (10151, 14, 320706), (10246, 8, 321600), (10031, 14, 339960), (10053, 11, 428109), (10015, 13, 475811), (10356, 15, 804443), (10147, 10, 865235), (10032, 11, 967129), (10053, 11, 1170962), (10053, 11, 1721371), (10053, 11, 1722253), (10031, 14, 1786551), (10092, 9, 1904289), (10054, 7, 1919866), (10054, 7, 1929387), (10054, 7, 1990396), (10053, 11, 1995645), (10000, 9, 2001316), (10054, 7, 2080835), (10272, 15, 2082193), (10272, 15, 2084034), (10008, 11, 2330003), (10365, 1, 2344727), (10365, 1, 2344875), (10032, 11, 2346077), (10008, 11, 2371241), (10272, 15, 2407533), (10053, 11, 2492012)]"
268 "[(10092, 9, 1759), (10032, 11, 95279), (10032, 11, 144179), (10032, 11, 149689), (10032, 11, 156319), (10032, 11, 156446), (10032, 11, 226244), (10032, 11, 227791), (10032, 11, 320300), (10032, 11, 406647), (10092, 9, 408715), (10092, 9, 408769), (10032, 11, 430275), (10032, 11, 487844), (10092, 9, 592134), (10092, 9, 593066), (10092, 9, 602696), (10032, 11, 663593), (10031, 14, 734438), (10084, 9, 752685), (10032, 11, 830211), (10032, 11, 838049), (10032, 11, 907682), (10032, 11, 908557), (10032, 11, 924985), (10032, 11, 927952), (10092, 9, 932803), (10092, 9, 932842), (10032, 11, 1014940), (10092, 9, 1017085), (10032, 11, 1018358), (10092, 9, 1338579), (10032, 11, 1341942), (10032, 11, 1353720), (10032, 11, 1353767), (10092, 9, 1444011), (10032, 11, 1445205), (10092, 9, 1521493), (10072, 9, 1522233), (10032, 11, 1538655), (10092, 9, 1614629), (10092, 9, 1614720), (10092, 9, 1614789), (10032, 11, 1687007), (10032, 11, 1707153), (10032, 11, 1707339), (10260, 9, 1970559), (10092, 9, 2127263), (10032, 11, 2128070), (10092, 9, 2301693), (10032, 11, 2317990), (10032, 11, 2556388), (10031, 14, 2567530), (10092, 9, 2570085), (10828, 1, 2584410), (10019, 8, 2676788)]"
287 "[(10142, 1, 1894), (10210, 4, 145888), (10210, 4, 175486), (10032, 11, 656876), (10586, 9, 1009662), (10015, 13, 1009843), (10015, 13, 1174576), (10586, 9, 1184253), (10054, 7, 1215440), (10586, 9, 1290655), (10053, 11, 1307717), (10015, 13, 1392269), (10015, 13, 1427026), (10032, 11, 2383318), (10032, 11, 2517158), (10054, 7, 2580192)]"
10063 "[(288, 3, 1899), (2123, 7, 30172), (362, 11, 49216), (2123, 7, 50973), (2123, 7, 51089), (2123, 7, 51521), (2123, 7, 52205), (2123, 7, 52380), (3405, 9, 57559), (3822, 3, 61431), (4015, 15, 73215), (4523, 4, 76033), (4742, 4, 83593), (3841, 7, 88911), (3822, 3, 93089), (3895, 7, 93575), (598, 1, 97666), (5753, 1, 132753), (3841, 7, 152341), (6425, 4, 164324), (1433, 11, 183482), (4742, 4, 189356), (1733, 1, 189763), (7351, 10, 239111), (3405, 9, 245119), (3405, 9, 245202), (4485, 4, 246824), (4523, 4, 254302), (1733, 1, 257568), (6425, 4, 258055), (6425, 4, 261536), (6425, 4, 262985), (4742, 4, 264418), (5411, 7, 267790), (2217, 11, 270886), (3522, 1, 304643), (1394, 1, 306793), (7391, 7, 317853), (7413, 11, 324966), (7500, 4, 334028), (7500, 4, 334514), (362, 11, 338481), (2217, 11, 344930), (7407, 1, 361600), (5792, 11, 393599), (3644, 4, 402731), (7391, 7, 410113), (1394, 1, 417617), (6127, 14, 422325), (6168, 7, 429482), (2217, 11, 433814), (7435, 8, 439766), (5411, 7, 442857), (5411, 7, 453091), (4523, 4, 475535), (5792, 11, 479555), (2217, 11, 485952), (7391, 7, 493727), (7500, 4, 504659), (7500, 4, 506751), (342, 11, 521789), (342, 11, 523224), (4700, 7, 528916), (2217, 11, 531464), (8569, 4, 538451), (5267, 11, 540911), (8569, 4, 542735), (362, 11, 569709), (342, 11, 573248), (342, 11, 574149), (8569, 4, 577432), (8569, 4, 578334), (2217, 11, 578692), (8569, 4, 582117), (4531, 7, 591035), (8569, 4, 603690), (8569, 4, 604805), (8569, 4, 605746), (8569, 4, 606372), (8569, 4, 606847), (8569, 4, 607659), (8569, 4, 608797), (4531, 7, 612622), (2217, 11, 620800), (1733, 1, 630145), (6318, 4, 631647), (8625, 9, 632036), (8625, 9, 633143), (8625, 9, 640381), (7500, 4, 654306), (4485, 4, 657959), (342, 11, 673339), (4523, 4, 675388), (8513, 8, 680350), (8569, 4, 684599), (8569, 4, 685170), (8569, 4, 685239), (8569, 4, 689747), (8569, 4, 689873), (3749, 7, 697155), (2217, 11, 699920), (3749, 7, 700475), (3749, 7, 701086), (3749, 7, 702026), (3749, 7, 702757), (3749, 7, 703684), (3749, 7, 704654), (3749, 7, 705938), (5411, 7, 730822), (8625, 9, 733431), (3749, 7, 741943), (5792, 11, 745550), (5792, 11, 759547), (8569, 4, 759556), (3749, 7, 763163), (3749, 7, 772550), (3749, 7, 772915), (8569, 4, 782671), (2123, 7, 783203), (342, 11, 783453), (2123, 7, 783479), (3749, 7, 786553), (2123, 7, 787675), (3749, 7, 787745), (8625, 9, 796301), (8569, 4, 798359), (685, 4, 820789), (3749, 7, 829354), (3749, 7, 849242), (7425, 11, 851065), (3749, 7, 855207), (3294, 1, 856184), (8513, 8, 862715), (342, 11, 863935), (3536, 7, 865300), (6692, 11, 869255), (1433, 11, 875705), (1433, 11, 875769), (2217, 11, 878168), (8513, 8, 882741), (4523, 4, 886603), (3749, 7, 910295), (4861, 9, 910999), (7413, 11, 916745), (5792, 11, 921058), (1394, 1, 922595), (5792, 11, 923537), (7849, 7, 934193), (342, 11, 942532), (4523, 4, 944265), (342, 11, 944717), (3536, 7, 951091), (4324, 3, 951812), (4440, 10, 954540), (3749, 7, 955130), (2956, 4, 955690), (6751, 7, 955851), (4485, 4, 956636), (6751, 7, 958973), (342, 11, 992856), (2217, 11, 994288), (6625, 11, 1000058), (5792, 11, 1001672), (9247, 7, 1006853), (7391, 7, 1008553), (685, 4, 1008985), (6046, 4, 1013611), (6046, 4, 1014317), (5792, 11, 1015995), (6046, 4, 1019502), (5792, 11, 1020341), (4742, 4, 1021730), (6318, 4, 1023865), (5413, 9, 1025194), (342, 11, 1027326), (3749, 7, 1031701), (6019, 4, 1034097), (6019, 4, 1034812), (6019, 4, 1034845), (6019, 4, 1035993), (3749, 7, 1037536), (6848, 7, 1053306), (6318, 4, 1054842), (8569, 4, 1055035), (8569, 4, 1056842), (8569, 4, 1057569), (6832, 7, 1063335), (2217, 11, 1068551), (7995, 7, 1071348), (2085, 7, 1076028), (5413, 9, 1080315), (2956, 4, 1081051), (661, 1, 1090268), (3749, 7, 1095739), (4324, 3, 1097205), (7995, 7, 1100481), (6158, 7, 1100539), (219, 4, 1101886), (2266, 11, 1105677), (2266, 11, 1105872), (2266, 11, 1106519), (5792, 11, 1108391), (7849, 7, 1110237), (5792, 11, 1115647), (2217, 11, 1129435), (3895, 7, 1132808), (7500, 4, 1141417), (7849, 7, 1153441), (5267, 11, 1174784), (4531, 7, 1183387), (4485, 4, 1187893), (5792, 11, 1193983), (342, 11, 1196860), (1987, 11, 1203040), (661, 1, 1203634), (1987, 11, 1207561), (661, 1, 1209470), (342, 11, 1214469), (2123, 7, 1228140), (6318, 4, 1236621), (2123, 7, 1249761), (2266, 11, 1259981), (3749, 7, 1264387), (342, 11, 1266769), (685, 4, 1276587), (685, 4, 1276611), (4742, 4, 1276772), (342, 11, 1301357), (6416, 4, 1317904), (6416, 4, 1319295), (1545, 15, 1320365), (4523, 4, 1322938), (5267, 11, 1324542), (5267, 11, 1331515), (7710, 4, 1334029), (4523, 4, 1339681), (6416, 4, 1345235), (7391, 7, 1350829), (6416, 4, 1352158), (6416, 4, 1362753), (5556, 4, 1366736), (5267, 11, 1369074), (7710, 4, 1380307), (4742, 4, 1390172), (6416, 4, 1392992), (6416, 4, 1394021), (6318, 4, 1394281), (5267, 11, 1399975), (7877, 1, 1449566), (2981, 1, 1456341), (2217, 11, 1478133), (6416, 4, 1483703), (1987, 11, 1489007), (1612, 9, 1504236), (8513, 8, 1514934), (6416, 4, 1525792), (7137, 12, 1529073), (7277, 7, 1533175), (661, 1, 1542886), (3294, 1, 1544213), (342, 11, 1544487), (5792, 11, 1548350), (342, 11, 1549412), (1987, 11, 1549674), (4485, 4, 1551265), (362, 11, 1556641), (6416, 4, 1567256), (2217, 11, 1571327), (6416, 4, 1573206), (5413, 9, 1598611), (5792, 11, 1602821), (6739, 7, 1612190), (5753, 1, 1618859), (2123, 7, 1620938), (5191, 11, 1622270), (661, 1, 1624436), (6416, 4, 1628575), (3749, 7, 1636838), (3749, 7, 1636972), (7849, 7, 1642954), (8401, 13, 1643479), (783, 7, 1657677), (6416, 4, 1658899), (2217, 11, 1660230), (2123, 7, 1678164), (2085, 7, 1680880), (4523, 4, 1697143), (6416, 4, 1708908), (342, 11, 1712426), (5753, 1, 1720047), (342, 11, 1723138), (4440, 10, 1724046), (4998, 5, 1728877), (2217, 11, 1729272), (5556, 4, 1772103), (219, 4, 1779778), (342, 11, 1787950), (342, 11, 1787988), (6416, 4, 1793055), (1987, 11, 1796849), (4523, 4, 1799305), (4998, 5, 1800152), (4553, 7, 1816640), (4553, 7, 1820588), (4998, 5, 1825236), (9259, 7, 1826196), (4523, 4, 1843528), (5267, 11, 1846822), (362, 11, 1864195), (4553, 7, 1866478), (4998, 5, 1875543), (4553, 7, 1877614), (4998, 5, 1881184), (8513, 8, 1885789), (2217, 11, 1889268), (6727, 13, 1906039), (4998, 5, 1906919), (6158, 7, 1911933), (2123, 7, 1922266), (6625, 11, 1923856), (6625, 11, 1929167), (6625, 11, 1932491), (4016, 10, 1957006), (4016, 10, 1957077), (5792, 11, 1981171), (5792, 11, 1983849), (4485, 4, 1984374), (1545, 15, 1985001), (5556, 4, 1986887), (2217, 11, 1997891), (6625, 11, 2015325), (5411, 7, 2033253), (7811, 7, 2037192), (4553, 7, 2037861), (685, 4, 2041232), (8864, 11, 2046043), (8864, 11, 2048036), (8864, 11, 2052073), (6212, 1, 2056175), (4553, 7, 2056908), (6318, 4, 2059373), (6416, 4, 2064816), (8107, 7, 2068552), (4998, 5, 2075017), (685, 4, 2077513), (8569, 4, 2081903), (6416, 4, 2090973), (6416, 4, 2092618), (2123, 7, 2114737), (2123, 7, 2115272), (7391, 7, 2129379), (6416, 4, 2129535), (7391, 7, 2135767), (6848, 7, 2136030), (2217, 11, 2151865), (4523, 4, 2154029), (6416, 4, 2156527), (8107, 7, 2158167), (8569, 4, 2168083), (2123, 7, 2177430), (2123, 7, 2177503), (6846, 11, 2184007), (4523, 4, 2199306), (929, 7, 2212245), (929, 7, 2224687), (4523, 4, 2227839), (5792, 11, 2232679), (6416, 4, 2242192), (4554, 7, 2257075), (6318, 4, 2270589), (2085, 7, 2289537), (929, 7, 2290022), (4523, 4, 2292533), (6212, 1, 2297846), (5792, 11, 2297848), (6212, 1, 2299557), (4553, 7, 2308292), (685, 4, 2322749), (6416, 4, 2332680), (1078, 4, 2342147), (2217, 11, 2345040), (6416, 4, 2349572), (6318, 4, 2354015), (5413, 9, 2367202), (362, 11, 2382072), (8203, 14, 2398578), (8203, 14, 2399704), (7849, 7, 2402033), (5792, 11, 2405093), (2716, 7, 2405717), (4523, 4, 2406032), (4553, 7, 2415244), (506, 8, 2417697), (4138, 11, 2421366), (4138, 11, 2423478), (9802, 11, 2424581), (4138, 11, 2426278), (4138, 11, 2438645), (9802, 11, 2455970), (6531, 4, 2462049), (362, 11, 2471674), (4523, 4, 2472320), (4553, 7, 2474473), (4998, 5, 2485601), (7877, 1, 2487675), (4523, 4, 2487795), (342, 11, 2487991), (342, 11, 2489339), (1389, 7, 2497931), (6533, 9, 2497940), (6533, 9, 2497977), (4138, 11, 2508403), (4553, 7, 2512972), (1389, 7, 2514473), (6416, 4, 2519264), (6801, 1, 2527939), (8411, 4, 2544345), (929, 7, 2548129), (9434, 9, 2557238), (5191, 11, 2557687), (1389, 7, 2558782), (6801, 1, 2563732), (4553, 7, 2568279), (497, 11, 2569725), (1389, 7, 2570243), (6534, 11, 2570870), (6416, 4, 2573496), (6751, 7, 2574058), (6751, 7, 2574349), (6751, 7, 2574369), (3729, 11, 2575404), (5556, 4, 2577820), (6727, 13, 2587536), (6727, 13, 2589880), (6993, 4, 2590744), (6751, 7, 2590806), (6416, 4, 2591444), (6727, 13, 2604917), (6727, 13, 2605239), (497, 11, 2610880), (6416, 4, 2614740), (8203, 14, 2615192), (2217, 11, 2617051), (2123, 7, 2621065), (929, 7, 2631677), (2123, 7, 2638345), (4553, 7, 2650811), (5191, 11, 2651700), (5191, 11, 2651747), (5792, 11, 2653539), (6416, 4, 2658934), (6669, 7, 2661523), (1648, 3, 2662368), (6660, 1, 2664177), (1648, 3, 2665399), (2217, 11, 2665748), (1129, 7, 2669250), (8107, 7, 2670268)]"
322 "[(10024, 11, 2190), (10049, 7, 6812), (10024, 11, 168844), (10910, 4, 302522), (10053, 11, 336069), (10196, 11, 576940), (10092, 9, 577424), (10910, 4, 614306), (10054, 7, 658420), (10049, 7, 661678), (10054, 7, 699412), (10032, 11, 907267), (10064, 9, 1188120), (10054, 7, 1219027), (10032, 11, 1372062), (10054, 7, 1391992), (10024, 11, 1525743), (10229, 9, 1993097), (10049, 7, 2291272), (10024, 11, 2321492), (10139, 3, 2500849)]"
347 "[(10156, 4, 2466), (10316, 11, 8253), (10716, 10, 69755), (10076, 7, 250027), (10053, 11, 251666), (10032, 11, 423790), (10032, 11, 426618), (10032, 11, 523414), (10076, 7, 528223), (10076, 7, 528272), (10076, 7, 585436), (10032, 11, 588130), (10054, 7, 608907), (10253, 1, 661425), (10032, 11, 663045), (10032, 11, 782585), (10092, 9, 858947), (10374, 9, 871982), (10374, 9, 954489), (10374, 9, 1029322), (10032, 11, 1031566), (10092, 9, 1042300), (10374, 9, 1084251), (10032, 11, 1179917), (10032, 11, 1199812), (10032, 11, 1258248), (10053, 11, 1263706), (10032, 11, 1291826), (10374, 9, 1638176), (10032, 11, 2231569)]"
271 "[(10053, 11, 2473), (10157, 5, 264804), (10157, 5, 265600), (10210, 4, 660263), (10307, 13, 694928)]"
10010 "[(385, 4, 2834), (440, 7, 3322), (747, 3, 6349), (747, 3, 6582), (385, 4, 7497), (747, 3, 13825), (385, 4, 43992), (385, 4, 53118), (4045, 12, 65507), (2507, 8, 72355), (747, 3, 74362), (940, 4, 77674), (440, 7, 78625), (440, 7, 79696), (3168, 9, 84223), (4786, 4, 93929), (4854, 4, 97886), (4854, 4, 98684), (5451, 9, 124665), (5451, 9, 124842), (4854, 4, 132917), (995, 9, 134794), (4045, 12, 136808), (2709, 1, 144895), (4045, 12, 147275), (5231, 12, 154020), (6309, 4, 162445), (4324, 3, 175146), (6656, 7, 184251), (3640, 7, 195222), (5854, 7, 197408), (5451, 9, 215905), (4015, 15, 218799), (6656, 7, 221157), (5772, 3, 221515), (2713, 9, 224105), (3452, 7, 225929), (996, 15, 226272), (4045, 12, 236732), (4045, 12, 237684), (4045, 12, 239397), (4045, 12, 242074), (2507, 8, 247847), (747, 3, 262557), (7560, 9, 265055), (7442, 9, 268803), (7603, 7, 274908), (7407, 1, 290087), (7603, 7, 295689), (2809, 10, 296743), (2207, 7, 299904), (4907, 4, 301672), (3452, 7, 308028), (6309, 4, 316159), (4045, 12, 324300), (4045, 12, 324301), (4045, 12, 326242), (4045, 12, 332129), (2716, 7, 350488), (5772, 3, 356449), (5772, 3, 360113), (7442, 9, 361491), (5451, 9, 363888), (5451, 9, 365595), (8043, 12, 401326), (8043, 12, 402297), (3054, 13, 402372), (4046, 7, 442109), (681, 7, 445944), (5854, 7, 447500), (646, 4, 472473), (646, 4, 473396), (646, 4, 475494), (944, 3, 497650), (2877, 12, 503846), (3054, 13, 511847), (385, 4, 515894), (173, 9, 518697), (173, 9, 519296), (996, 15, 519299), (3054, 13, 520176), (385, 4, 522407), (6203, 11, 523273), (385, 4, 523892), (3539, 4, 557287), (385, 4, 560988), (385, 4, 567023), (385, 4, 567441), (385, 4, 568969), (385, 4, 570226), (385, 4, 570559), (3054, 13, 595414), (385, 4, 610184), (747, 3, 615976), (4046, 7, 616714), (5854, 7, 644216), (6734, 10, 653217), (4599, 3, 662686), (4599, 3, 662720), (4045, 12, 673421), (4045, 12, 673837), (4577, 10, 677934), (8327, 10, 678752), (506, 8, 695374), (8920, 13, 728345), (747, 3, 744847), (8920, 13, 761758), (385, 4, 779343), (440, 7, 791722), (2809, 10, 794106), (5451, 9, 799721), (8776, 13, 819777), (8579, 9, 825774), (7442, 9, 843697), (7434, 7, 859084), (9051, 9, 872692), (681, 7, 880799), (5451, 9, 895849), (385, 4, 903212), (4907, 4, 918954), (747, 3, 924836), (1999, 13, 928228), (747, 3, 928233), (8262, 4, 941713), (6689, 14, 941795), (681, 7, 960491), (1393, 4, 960878), (725, 12, 1002896), (3457, 3, 1004247), (6203, 11, 1020202), (6689, 14, 1021002), (646, 4, 1027519), (219, 4, 1041952), (5451, 9, 1055927), (385, 4, 1075740), (1303, 10, 1080419), (8243, 8, 1091121), (9319, 9, 1091788), (4907, 4, 1095008), (4907, 4, 1095131), (4015, 15, 1099236), (5708, 4, 1106274), (5708, 4, 1109101), (3969, 9, 1111894), (1113, 7, 1127405), (6656, 7, 1135247), (6656, 7, 1136187), (6656, 7, 1136398), (8449, 7, 1146514), (8449, 7, 1153455), (8920, 13, 1161136), (8920, 13, 1168994), (219, 4, 1176675), (219, 4, 1177267), (8920, 13, 1177355), (8920, 13, 1177495), (9241, 4, 1191822), (996, 15, 1195025), (440, 7, 1205292), (996, 15, 1208725), (7442, 9, 1218349), (6656, 7, 1221125), (9255, 8, 1228214), (7712, 8, 1233721), (8262, 4, 1244789), (4045, 12, 1268237), (4045, 12, 1269473), (4045, 12, 1270243), (440, 7, 1273658), (4045, 12, 1275351), (2776, 12, 1278406), (996, 15, 1281004), (4554, 7, 1281194), (440, 7, 1282564), (2716, 7, 1285595), (2716, 7, 1286395), (2716, 7, 1286992), (6656, 7, 1301936), (4554, 7, 1303019), (219, 4, 1303049), (6656, 7, 1303805), (996, 15, 1307054), (4554, 7, 1310269), (4554, 7, 1313396), (2507, 8, 1313972), (4554, 7, 1314015), (8449, 7, 1314285), (2507, 8, 1320023), (5451, 9, 1320906), (2507, 8, 1321921), (8040, 11, 1343552), (8040, 11, 1344154), (440, 7, 1353663), (8040, 11, 1355470), (3452, 7, 1358608), (2716, 7, 1359799), (4854, 4, 1371807), (7196, 4, 1373343), (385, 4, 1375691), (385, 4, 1376634), (6634, 1, 1382932), (2507, 8, 1383930), (7603, 7, 1383980), (6591, 1, 1384498), (6656, 7, 1384516), (2507, 8, 1384849), (385, 4, 1386781), (8449, 7, 1390180), (1999, 13, 1390557), (5451, 9, 1397647), (5451, 9, 1411649), (7196, 4, 1426400), (385, 4, 1427081), (385, 4, 1427249), (385, 4, 1427999), (4854, 4, 1428968), (4554, 7, 1431415), (996, 15, 1441715), (5831, 8, 1445349), (8499, 12, 1455344), (385, 4, 1466294), (6634, 1, 1469635), (9118, 7, 1472707), (9255, 8, 1482235), (681, 7, 1488868), (2326, 7, 1505677), (9714, 4, 1523948), (1393, 4, 1528285), (6863, 9, 1531056), (6710, 4, 1534774), (3054, 13, 1552901), (681, 7, 1561635), (4758, 13, 1562745), (5772, 3, 1563809), (4907, 4, 1618718), (4907, 4, 1618821), (4907, 4, 1636105), (3054, 13, 1637034), (3054, 13, 1641569), (681, 7, 1657790), (1999, 13, 1658756), (1999, 13, 1660197), (1248, 4, 1665031), (4907, 4, 1682175), (4907, 4, 1682492), (9092, 4, 1699052), (681, 7, 1708630), (4907, 4, 1711828), (4907, 4, 1712677), (9519, 4, 1767764), (996, 15, 1781409), (6863, 9, 1782731), (9396, 9, 1790327), (4820, 7, 1804338), (9118, 7, 1809947), (8449, 7, 1823242), (646, 4, 1858752), (7336, 3, 1865239), (170, 4, 1877633), (7136, 10, 1885307), (1999, 13, 1891343), (646, 4, 1892132), (2507, 8, 1893244), (996, 15, 1897241), (3847, 4, 1903567), (5046, 4, 1912416), (9255, 8, 1914749), (5451, 9, 1920522), (5451, 9, 1941810), (9714, 4, 1965840), (7950, 12, 1971173), (719, 7, 1985848), (5046, 4, 1989255), (9255, 8, 1996902), (2507, 8, 1997615), (8082, 10, 1998097), (9255, 8, 1998239), (7603, 7, 1999178), (7603, 7, 1999737), (7603, 7, 1999799), (1999, 13, 2004973), (3978, 15, 2028724), (1324, 4, 2060964), (2507, 8, 2064552), (6674, 10, 2069031), (1324, 4, 2070168), (252, 9, 2089106), (9349, 7, 2092055), (9349, 7, 2092764), (252, 9, 2099633), (2507, 8, 2109768), (747, 3, 2124234), (4045, 12, 2132997), (9519, 4, 2150633), (5656, 4, 2155762), (2504, 13, 2160487), (2504, 13, 2160507), (2504, 13, 2161245), (2716, 7, 2163780), (4758, 13, 2166304), (8243, 8, 2192748), (8243, 8, 2212837), (9092, 4, 2215333), (929, 7, 2218347), (4045, 12, 2226638), (170, 4, 2230264), (4045, 12, 2230894), (646, 4, 2245638), (7539, 1, 2255328), (7539, 1, 2256618), (6656, 7, 2294896), (2686, 9, 2305130), (4045, 12, 2313422), (5708, 4, 2316469), (4045, 12, 2319982), (1248, 4, 2325521), (4056, 11, 2325835), (4056, 11, 2340851), (2507, 8, 2354246), (8579, 9, 2366717), (7118, 4, 2371659), (2326, 7, 2374728), (2326, 7, 2376235), (2326, 7, 2376698), (4045, 12, 2400515), (121, 9, 2408855), (9976, 11, 2413545), (440, 7, 2432409), (2326, 7, 2442411), (2504, 13, 2452522), (9976, 11, 2463948), (2716, 7, 2477575), (4045, 12, 2479595), (9976, 11, 2480641), (9396, 9, 2485773), (6203, 11, 2493259), (9976, 11, 2494990), (4848, 13, 2513353), (4599, 3, 2519992), (681, 7, 2528787), (440, 7, 2532575), (7118, 4, 2555686), (7118, 4, 2556023), (7118, 4, 2556192), (7118, 4, 2556427), (7118, 4, 2556652), (7118, 4, 2557241), (7603, 7, 2569295), (9976, 11, 2572045), (681, 7, 2584185), (5772, 3, 2591602), (5052, 13, 2592936), (4907, 4, 2597467), (7539, 1, 2601243), (681, 7, 2606488), (440, 7, 2616852), (440, 7, 2618301), (440, 7, 2618494), (7603, 7, 2628395), (8449, 7, 2628408), (2507, 8, 2642159), (7118, 4, 2647374), (7118, 4, 2647470), (8442, 9, 2654161), (8442, 9, 2654869), (440, 7, 2655479), (440, 7, 2658693), (170, 4, 2660359), (4045, 12, 2660947), (440, 7, 2663354), (5946, 9, 2664583), (121, 9, 2674282), (8010, 4, 2676304)]"
387 "[(10151, 14, 2843), (10288, 4, 28533), (10288, 4, 118160), (10288, 4, 119078), (10366, 10, 207454), (10366, 10, 208059), (10006, 5, 208723), (10366, 10, 209335), (10006, 5, 210405), (10178, 3, 362261), (10032, 11, 367989), (10910, 4, 454725), (10348, 8, 555328), (10019, 8, 856841), (10019, 8, 857273), (10214, 9, 864688), (10872, 9, 936319), (10397, 10, 949815), (10461, 1, 960063), (10461, 1, 960747), (10718, 9, 1009926), (10718, 9, 1010903), (10718, 9, 1011941), (10054, 7, 1050018), (10031, 14, 1128365), (10032, 11, 1379026), (10032, 11, 1380087), (10031, 14, 1395501), (10718, 9, 1440160), (10006, 5, 1441910), (10872, 9, 1443109), (10718, 9, 1447677), (10718, 9, 1581640), (10452, 4, 1661605), (10121, 4, 1756743), (10072, 9, 1756885), (10718, 9, 1791024), (10051, 12, 1792025), (10003, 11, 1792658), (10005, 8, 1819287), (10399, 1, 1825912), (10054, 7, 1848190), (10005, 8, 1884669), (10800, 12, 1893695), (10019, 8, 1894901), (10015, 13, 1895025), (10696, 15, 1895993), (10015, 13, 1977678), (10718, 9, 2016137), (10031, 14, 2047181), (10052, 15, 2047207), (10072, 9, 2052866), (10015, 13, 2083837), (10872, 9, 2221348), (10872, 9, 2221395), (10637, 15, 2223415), (10031, 14, 2235679), (10105, 15, 2236041), (10015, 13, 2242937), (10573, 1, 2285835), (10573, 1, 2353980), (10342, 4, 2391860), (10342, 4, 2391957), (10031, 14, 2493605), (10385, 9, 2496454), (10212, 10, 2527657), (10122, 4, 2550897), (10122, 4, 2551498), (10072, 9, 2551553), (10027, 3, 2554191), (10027, 3, 2554798), (10685, 9, 2555534), (10031, 14, 2576432), (10027, 3, 2650319), (10816, 1, 2671694)]"
103 "[(10177, 7, 2883), (10343, 4, 229761), (10434, 1, 234941), (10342, 4, 248498), (10266, 7, 1722472), (10049, 7, 2125488), (10049, 7, 2126160)]"
403 "[(10032, 11, 2956), (10222, 8, 70836), (10121, 4, 83639), (10222, 8, 189736), (10461, 1, 244505), (10240, 4, 263047), (10121, 4, 266379), (10051, 12, 269352), (10072, 9, 270040), (10176, 9, 522997), (10051, 12, 524597), (10461, 1, 524716), (10178, 3, 525765), (10461, 1, 527535), (10054, 7, 667833), (10461, 1, 673739), (10435, 12, 683197), (10051, 12, 683236), (10529, 7, 692463), (10529, 7, 692683), (10222, 8, 692992), (10053, 11, 755096), (10529, 7, 779609), (10051, 12, 787427), (10051, 12, 788746), (10051, 12, 789407), (10053, 11, 789446), (10529, 7, 847838), (10121, 4, 848219), (10178, 3, 848245), (10054, 7, 874686), (10529, 7, 949343), (10178, 3, 1014557), (10529, 7, 1016191), (10222, 8, 1020805), (10178, 3, 1103329), (10529, 7, 1133787), (10461, 1, 1203166), (10222, 8, 1205204), (10222, 8, 1271033), (10092, 9, 1295494), (10178, 3, 1369778), (10178, 3, 1514561), (10529, 7, 1514821), (10222, 8, 1611464), (10049, 7, 1889742), (10222, 8, 2041062), (10176, 9, 2081228), (10092, 9, 2081272), (10529, 7, 2087674), (10529, 7, 2137610), (10054, 7, 2145820), (10204, 1, 2145850), (10222, 8, 2148331), (10461, 1, 2263567), (10529, 7, 2337093), (10051, 12, 2425672), (10051, 12, 2425849), (10222, 8, 2481335), (10054, 7, 2500076), (10222, 8, 2524988), (10072, 9, 2525048), (10178, 3, 2525188), (10222, 8, 2586786), (10529, 7, 2593725), (10049, 7, 2600314), (10529, 7, 2605610), (10222, 8, 2660878), (10461, 1, 2662960), (10222, 8, 2677590)]"
10180 "[(399, 10, 3047), (1141, 8, 11338), (1903, 4, 25443), (2134, 15, 41080), (1651, 12, 45765), (3196, 14, 61948), (3196, 14, 62546), (2222, 14, 139547), (4543, 4, 142511), (6144, 13, 146749), (6144, 13, 147421), (4015, 15, 153795), (5449, 11, 159729), (5449, 11, 160333), (2391, 12, 161515), (6658, 8, 176865), (1651, 12, 194131), (3979, 15, 196543), (3610, 8, 201501), (3979, 15, 211809), (1897, 13, 213524), (3189, 14, 217093), (3189, 14, 217203), (3979, 15, 221536), (3979, 15, 231323), (3979, 15, 235566), (3953, 15, 235775), (7325, 12, 236936), (7325, 12, 237116), (7325, 12, 237198), (6214, 13, 246737), (2383, 8, 281961), (5422, 7, 295563), (7768, 14, 308474), (5132, 9, 326305), (1266, 10, 332741), (7939, 15, 333124), (7939, 15, 333210), (5132, 9, 334034), (5132, 9, 335090), (5132, 9, 363437), (8096, 14, 381070), (8096, 14, 383488), (8096, 14, 386062), (8096, 14, 389233), (8096, 14, 391128), (6706, 8, 401583), (6706, 8, 402268), (8200, 5, 407807), (8124, 12, 446639), (8096, 14, 455193), (8096, 14, 457699), (8096, 14, 460361), (399, 10, 461592), (8096, 14, 463384), (6474, 15, 499442), (5714, 14, 512835), (612, 10, 552113), (144, 8, 556153), (49, 13, 606198), (5273, 8, 622340), (2134, 15, 649400), (2045, 9, 667946), (2045, 9, 668201), (409, 14, 668834), (1482, 14, 680680), (1482, 14, 681261), (8914, 14, 727823), (8914, 14, 730394), (8914, 14, 732977), (8914, 14, 736076), (8914, 14, 738853), (3979, 15, 741118), (8914, 14, 742017), (3979, 15, 748687), (2045, 9, 757700), (5132, 9, 758187), (8885, 4, 767761), (7815, 7, 770760), (2997, 12, 771700), (2997, 12, 771773), (1482, 14, 771806), (5422, 7, 774630), (5405, 10, 783971), (9026, 8, 798196), (1724, 14, 801708), (5422, 7, 824980), (4883, 8, 830324), (4883, 8, 833432), (5422, 7, 844045), (7491, 8, 848540), (6606, 12, 852412), (399, 10, 861263), (399, 10, 861305), (8914, 14, 898745), (4032, 9, 899104), (8914, 14, 901331), (5714, 14, 924703), (8817, 14, 936368), (4412, 15, 953762), (6960, 1, 968408), (6820, 10, 977458), (8914, 14, 979117), (5710, 14, 979633), (5710, 14, 985406), (8178, 10, 998316), (8178, 10, 998980), (3618, 9, 1005561), (9296, 14, 1006515), (550, 7, 1012182), (7325, 12, 1016783), (9028, 14, 1018241), (1193, 9, 1018992), (593, 14, 1029323), (9196, 14, 1036798), (3693, 13, 1045200), (9196, 14, 1046887), (3693, 13, 1081100), (3979, 15, 1092391), (5059, 14, 1104185), (5059, 14, 1104789), (6215, 14, 1109892), (399, 10, 1131382), (1399, 15, 1143351), (252, 9, 1152142), (252, 9, 1169537), (4883, 8, 1169879), (4883, 8, 1172842), (4883, 8, 1172983), (4363, 4, 1177357), (4883, 8, 1178114), (2222, 14, 1179885), (3979, 15, 1183098), (4941, 10, 1202840), (6922, 8, 1242312), (5710, 14, 1244141), (4883, 8, 1265570), (26, 15, 1265688), (4543, 4, 1269009), (4543, 4, 1269844), (4941, 10, 1270851), (5317, 13, 1275639), (5317, 13, 1276360), (4883, 8, 1292368), (4023, 5, 1298860), (9196, 14, 1312563), (157, 14, 1319848), (6983, 12, 1321040), (7738, 7, 1332174), (6497, 8, 1332442), (5132, 9, 1338253), (2457, 12, 1339346), (21, 3, 1368908), (21, 3, 1369594), (9196, 14, 1370724), (6606, 12, 1373127), (182, 3, 1382868), (182, 3, 1390424), (6977, 8, 1392481), (3874, 4, 1426553), (244, 3, 1430068), (244, 3, 1431167), (5760, 8, 1432488), (4941, 10, 1462109), (4941, 10, 1471798), (7768, 14, 1472760), (1651, 12, 1491807), (5422, 7, 1496305), (5422, 7, 1496543), (6246, 8, 1503984), (6246, 8, 1505144), (2611, 8, 1507486), (409, 14, 1508267), (7788, 5, 1533403), (6606, 12, 1555848), (9196, 14, 1563666), (593, 14, 1572823), (2611, 8, 1624175), (4883, 8, 1625507), (399, 10, 1640015), (4883, 8, 1642596), (645, 10, 1649083), (645, 10, 1649211), (4883, 8, 1683973), (5828, 5, 1707462), (4941, 10, 1720349), (4883, 8, 1725734), (9151, 3, 1769362), (3484, 3, 1784831), (2045, 9, 1794863), (6149, 4, 1815599), (6144, 13, 1819612), (4233, 14, 1821499), (4202, 7, 1823873), (409, 14, 1826972), (1908, 9, 1830332), (1908, 9, 1830448), (1934, 8, 1842008), (2995, 14, 1851199), (2995, 14, 1852003), (2995, 14, 1883461), (2995, 14, 1884345), (4883, 8, 1891361), (8003, 4, 1940819), (4883, 8, 1958935), (2920, 11, 1962607), (1526, 1, 1967432), (8817, 14, 1973455), (8348, 12, 1988874), (8348, 12, 1989556), (1934, 8, 2007902), (4483, 14, 2046999), (9923, 9, 2064373), (9923, 9, 2064983), (3294, 1, 2128170), (7376, 1, 2128211), (4998, 5, 2139408), (399, 10, 2158251), (399, 10, 2164777), (9839, 15, 2220695), (4941, 10, 2229320), (4233, 14, 2258063), (4233, 14, 2258083), (4233, 14, 2258155), (1724, 14, 2282040), (4685, 12, 2315043), (6606, 12, 2402335), (399, 10, 2405416), (2997, 12, 2407478), (5476, 10, 2454115), (9961, 12, 2496134), (9961, 12, 2496882), (2809, 10, 2524870), (409, 14, 2528278), (409, 14, 2528313), (409, 14, 2529062), (6606, 12, 2567731), (9793, 8, 2580941), (6743, 11, 2607467), (6486, 9, 2614660), (1903, 4, 2620381), (8166, 15, 2647449), (8166, 15, 2648050), (8166, 15, 2649050), (8166, 15, 2649771), (6424, 8, 2649837), (6424, 8, 2649974), (8200, 5, 2663022)]"
410 "[(10011, 11, 3077), (10199, 7, 3689), (10011, 11, 4448), (10121, 4, 9244), (10011, 11, 187325), (10011, 11, 187537), (10011, 11, 187965), (10011, 11, 188442), (10011, 11, 190157), (10011, 11, 190693), (10011, 11, 191463), (10011, 11, 195075), (10011, 11, 195394), (10011, 11, 195942), (10011, 11, 202313), (10011, 11, 263977), (10011, 11, 272079), (10011, 11, 376666), (10011, 11, 377362), (10011, 11, 377576), (10011, 11, 379169), (10011, 11, 552938), (10011, 11, 553697), (10011, 11, 553888), (10011, 11, 557917), (10011, 11, 562589), (10032, 11, 1228119), (10032, 11, 1234203), (10032, 11, 1234599), (10011, 11, 1245796), (10459, 1, 1248877), (10032, 11, 1249163), (10032, 11, 1250422), (10032, 11, 1250557), (10032, 11, 1251030), (10011, 11, 1339290), (10011, 11, 1482611), (10011, 11, 1656522), (10011, 11, 1700032), (10011, 11, 1700434), (10011, 11, 1700770), (10011, 11, 1701404), (10011, 11, 1701523), (10011, 11, 1701826), (10011, 11, 1702415), (10011, 11, 1702669), (10011, 11, 1702860), (10011, 11, 1703147), (10011, 11, 1703500), (10011, 11, 1703986), (10011, 11, 1704170), (10011, 11, 1704656), (10011, 11, 1704789), (10053, 11, 1705316), (10011, 11, 1705487), (10011, 11, 1706790), (10011, 11, 1707319), (10011, 11, 2450901)]"
426 "[(10182, 13, 3191), (10015, 13, 59785), (10220, 1, 119837), (10065, 1, 126776), (10065, 1, 144197), (10065, 1, 229321), (10065, 1, 231818), (10015, 13, 295829), (10015, 13, 300661), (10015, 13, 308437), (10015, 13, 309380), (10015, 13, 408384), (10015, 13, 566695), (10015, 13, 738129), (10065, 1, 816420), (10065, 1, 899785), (10059, 1, 910881), (10062, 1, 913152), (10015, 13, 984995), (10065, 1, 1083382), (10065, 1, 1190326), (10015, 13, 1190971), (10015, 13, 1208731), (10015, 13, 1324384), (10065, 1, 1428846), (10015, 13, 1509983), (10059, 1, 1585314), (10059, 1, 1710691), (10015, 13, 1711302), (10062, 1, 1711909), (10059, 1, 1849931), (10059, 1, 1933792), (10059, 1, 1954645), (10015, 13, 1954724), (10059, 1, 2016836), (10015, 13, 2029219), (10015, 13, 2280872), (10189, 4, 2284853), (10015, 13, 2498288), (10079, 1, 2498901), (10220, 1, 2648950)]"
453 "[(10002, 0, 3501), (10002, 0, 56920), (10002, 0, 89795), (10002, 0, 134630), (10002, 0, 158641), (10002, 0, 176373), (10002, 0, 218780), (10002, 0, 252129), (10002, 0, 252185), (10002, 0, 253472), (10002, 0, 335104), (10002, 0, 417652), (10002, 0, 492022), (10002, 0, 519634), (10002, 0, 526631), (10002, 0, 577582), (10002, 0, 615605), (10002, 0, 687820), (10002, 0, 744808), (10002, 0, 755860), (10002, 0, 781610), (10002, 0, 823791), (10002, 0, 883280), (10002, 0, 929408), (10002, 0, 969053), (10002, 0, 998409), (10002, 0, 1130718), (10002, 0, 1222138), (10002, 0, 1222252), (10002, 0, 1270972), (10002, 0, 1455091), (10002, 0, 1538692), (10002, 0, 1665531), (10002, 0, 1689540), (10002, 0, 1696239), (10002, 0, 2227375), (10002, 0, 2227477), (10002, 0, 2250788), (10002, 0, 2299539), (10002, 0, 2410984), (10002, 0, 2419140), (10002, 0, 2443794), (10002, 0, 2477797), (10002, 0, 2486831), (10002, 0, 2518509), (10002, 0, 2518515), (10002, 0, 2518521), (10002, 0, 2552730), (10002, 0, 2594202)]"
465 "[(10196, 11, 3626), (10054, 7, 45050), (10031, 14, 434582), (10210, 4, 593523), (10214, 9, 596779), (10385, 9, 597453), (10210, 4, 696529), (10210, 4, 696566), (10270, 3, 744480), (10031, 14, 784861), (10320, 4, 850463), (10024, 11, 852650), (10462, 7, 867174), (10270, 3, 1119268), (10032, 11, 1119789), (10024, 11, 1257730), (10105, 15, 1476328), (10105, 15, 1510345), (10064, 9, 1645965), (10032, 11, 2070871), (10032, 11, 2344042), (10462, 7, 2350039), (10462, 7, 2350463)]"
492 "[(10033, 15, 3788), (10033, 15, 16313), (10033, 15, 59780), (10033, 15, 114496), (10360, 11, 180541), (10033, 15, 180919), (10360, 11, 359128), (10033, 15, 426202), (10033, 15, 1217213), (10033, 15, 1664594), (10033, 15, 1723616), (10033, 15, 1734274), (10032, 11, 1837196), (10033, 15, 1946457), (10033, 15, 1947293), (10033, 15, 2119842), (10033, 15, 2154525), (10033, 15, 2204808), (10033, 15, 2206060), (10033, 15, 2242931), (10033, 15, 2243710), (10038, 14, 2249653), (10033, 15, 2250345), (10033, 15, 2251256), (10033, 15, 2271013), (10033, 15, 2293170), (10033, 15, 2419802), (10033, 15, 2516604), (10967, 10, 2598817), (10033, 15, 2638088)]"
10221 "[(546, 1, 4299), (2018, 7, 27708), (4022, 7, 65094), (3102, 7, 69701), (3989, 9, 76937), (4796, 7, 85443), (5105, 4, 96972), (5159, 10, 103463), (3538, 4, 129145), (4377, 7, 161469), (6514, 7, 161581), (3102, 7, 180094), (6145, 7, 202778), (4377, 7, 272296), (1124, 4, 293990), (6756, 1, 304501), (4346, 7, 308424), (4567, 1, 329459), (5019, 7, 341621), (5105, 4, 353866), (4786, 4, 392669), (4786, 4, 392945), (1579, 7, 403008), (1579, 7, 407419), (5105, 4, 417086), (6457, 9, 425297), (5380, 5, 443829), (1124, 4, 479739), (4054, 7, 565095), (458, 7, 589021), (2480, 7, 592649), (5282, 4, 596243), (458, 7, 610593), (2123, 7, 627776), (1124, 4, 647898), (3538, 4, 665134), (3792, 7, 670572), (2923, 7, 683408), (3539, 4, 734914), (8171, 4, 760689), (6425, 4, 796706), (929, 7, 837239), (6425, 4, 837279), (4377, 7, 860853), (2013, 7, 889021), (896, 4, 921892), (458, 7, 940830), (5019, 7, 958364), (6425, 4, 969857), (5105, 4, 1021053), (6460, 4, 1032820), (5813, 7, 1035637), (598, 1, 1043358), (7709, 4, 1047039), (7539, 1, 1107229), (5180, 3, 1110632), (2400, 4, 1114985), (49, 13, 1121268), (49, 13, 1124263), (1811, 4, 1163439), (4384, 7, 1173206), (6613, 7, 1218834), (1124, 4, 1315769), (6500, 4, 1343454), (4384, 7, 1348668), (2018, 7, 1362555), (2923, 7, 1365625), (447, 7, 1368180), (4384, 7, 1375351), (4384, 7, 1375442), (4431, 9, 1386171), (935, 4, 1387705), (1124, 4, 1400107), (2085, 7, 1429011), (1078, 4, 1430542), (4377, 7, 1439829), (9665, 4, 1443524), (4384, 7, 1448328), (9665, 4, 1458060), (1744, 7, 1472095), (7974, 9, 1500904), (7748, 9, 1506167), (1078, 4, 1516191), (3538, 4, 1535641), (1248, 4, 1539666), (4384, 7, 1598884), (6514, 7, 1625558), (6514, 7, 1625640), (6472, 7, 1639951), (2018, 7, 1651288), (5105, 4, 1653302), (7709, 4, 1655607), (7709, 4, 1656340), (4046, 7, 1658925), (4796, 7, 1685822), (1124, 4, 1687502), (6145, 7, 1720535), (5000, 4, 1744118), (9703, 4, 1760417), (9703, 4, 1761409), (1124, 4, 1778035), (447, 7, 1787419), (6172, 9, 1802056), (9703, 4, 1830861), (1124, 4, 1856262), (1124, 4, 1856974), (3859, 9, 1887981), (3083, 4, 1945207), (650, 7, 1972201), (6425, 4, 1979044), (5019, 7, 1988350), (5312, 1, 1989798), (1124, 4, 2023780), (3335, 7, 2039130), (6669, 7, 2061797), (9262, 4, 2078493), (8622, 14, 2121634), (6500, 4, 2211630), (1078, 4, 2220045), (2028, 4, 2225300), (9241, 4, 2226154), (6500, 4, 2375978), (6425, 4, 2381263), (3217, 7, 2400472), (9263, 7, 2407640), (9263, 7, 2449479), (4377, 7, 2477105), (8569, 4, 2568220), (2028, 4, 2568226), (2028, 4, 2569451), (2028, 4, 2571626), (3030, 13, 2633381), (3522, 1, 2638687), (5743, 10, 2664662)]"
10227 "[(569, 11, 4488), (1305, 10, 13753), (761, 3, 36336), (2428, 7, 161571), (4015, 15, 248055), (569, 11, 339506), (6638, 1, 346956), (4255, 8, 350072), (4255, 8, 350797), (872, 7, 391177), (6668, 9, 417163), (4902, 1, 418721), (872, 7, 471122), (569, 11, 521807), (7852, 3, 563186), (7852, 3, 572051), (872, 7, 590575), (3251, 1, 641227), (1309, 11, 677580), (569, 11, 755216), (1305, 10, 763472), (569, 11, 781532), (4557, 11, 925306), (3558, 1, 932110), (505, 11, 952813), (761, 3, 1013644), (4222, 4, 1104102), (483, 1, 1119754), (761, 3, 1128715), (569, 11, 1171988), (8887, 11, 1191976), (3251, 1, 1273845), (569, 11, 1365817), (8045, 7, 1402337), (569, 11, 1447158), (505, 11, 1460992), (1305, 10, 1534273), (1305, 10, 1534837), (569, 11, 1559185), (6131, 7, 1607026), (5747, 5, 1615952), (6131, 7, 1633586), (1309, 11, 1649176), (3611, 4, 1747587), (1508, 1, 1878787), (323, 7, 1891806), (343, 12, 1908113), (6638, 1, 1914005), (569, 11, 1963937), (2736, 11, 2122885), (4790, 13, 2138788), (9820, 9, 2157854), (6668, 9, 2178922), (3558, 1, 2305666), (3932, 7, 2323154), (8579, 9, 2366280), (3932, 7, 2378161), (3932, 7, 2378455), (5241, 7, 2451627), (2736, 11, 2489359), (5241, 7, 2500140), (1326, 4, 2563587), (300, 1, 2570274), (505, 11, 2673676)]"
578 "[(10024, 11, 4607), (10248, 12, 5294), (10377, 7, 11828), (10374, 9, 316840), (10024, 11, 320920), (10024, 11, 367714), (10024, 11, 369548), (10006, 5, 532098), (10374, 9, 754587), (10577, 7, 754680), (10024, 11, 1049157), (10024, 11, 1065590), (10024, 11, 1211748), (10024, 11, 1220314), (10054, 7, 1320558), (10374, 9, 1526422), (10024, 11, 1569473), (10024, 11, 1647958), (10886, 7, 1662174), (10024, 11, 1909214), (10054, 7, 1924809), (10024, 11, 1981718), (10024, 11, 2072116), (10024, 11, 2265323), (10032, 11, 2266431), (10024, 11, 2518384), (10024, 11, 2572159), (10024, 11, 2601754), (10024, 11, 2613605)]"
616 "[(10016, 8, 4933), (10064, 9, 42986), (10054, 7, 44545), (10269, 3, 217767), (10054, 7, 305122), (10072, 9, 305516), (10374, 9, 388796), (10032, 11, 391887), (10031, 14, 441975), (10637, 15, 442581), (10374, 9, 480975), (10032, 11, 573207), (10064, 9, 573709), (10886, 7, 606617), (10176, 9, 651357), (10054, 7, 654872), (10712, 4, 666665), (10272, 15, 734651), (10064, 9, 736157), (10092, 9, 855144), (10064, 9, 910787), (10064, 9, 1000383), (10054, 7, 1339232), (10154, 8, 1340032), (10038, 14, 1342628), (10272, 15, 1343290), (10031, 14, 1344002), (10016, 8, 1345202), (10038, 14, 1348479), (10038, 14, 1349107), (10032, 11, 1350686), (10032, 11, 1362915), (10272, 15, 1394359), (10851, 10, 1428787), (10064, 9, 1429880), (10038, 14, 1430358), (10054, 7, 1431900), (10038, 14, 1442819), (10032, 11, 1516459), (10032, 11, 1517117), (10064, 9, 1520341), (10064, 9, 1602175), (10151, 14, 1602828), (10156, 4, 1632905), (10415, 14, 1687412), (10156, 4, 1688200), (10064, 9, 1695914), (10033, 15, 1698857), (10272, 15, 1699943), (10272, 15, 1700557), (10054, 7, 1775738), (10015, 13, 1777698), (10015, 13, 1778389), (10272, 15, 2063029), (10272, 15, 2063641), (10031, 14, 2370685)]"
634 "[(10154, 8, 5102), (10340, 7, 73029), (10340, 7, 161604), (10322, 13, 350048), (10290, 9, 688679), (10037, 5, 862357), (10449, 15, 965443), (10449, 15, 1282696), (10449, 15, 1448160), (10449, 15, 1550584), (10449, 15, 1560901), (10449, 15, 1573614), (10271, 1, 1575217), (10449, 15, 1583178), (10449, 15, 1583327), (10053, 11, 1648299), (10053, 11, 1648352), (10092, 9, 1804982), (10049, 7, 1805065), (10247, 10, 1889003), (10322, 13, 2045025), (10449, 15, 2079122), (10322, 13, 2079537), (10449, 15, 2088429), (10449, 15, 2232851), (10322, 13, 2336140)]"
10258 "[(241, 2, 5585), (1433, 11, 15715), (1666, 8, 20048), (1255, 4, 27378), (1228, 10, 38967), (4705, 9, 169434), (3162, 7, 342719), (6605, 4, 436260), (6739, 7, 527032), (6739, 7, 527080), (4463, 1, 532059), (8558, 8, 533448), (5701, 8, 652774), (1744, 7, 664637), (1030, 9, 667967), (1030, 9, 668038), (3099, 1, 735900), (3099, 1, 736633), (1744, 7, 745990), (1030, 9, 767226), (3077, 5, 804861), (8327, 10, 836567), (7775, 4, 863112), (3225, 1, 951279), (3225, 1, 980440), (3462, 13, 1000073), (4204, 4, 1034413), (6746, 7, 1042997), (1744, 7, 1087368), (4562, 7, 1129397), (6575, 1, 1141340), (4324, 3, 1217335), (8660, 7, 1262084), (8660, 7, 1267338), (8879, 7, 1593122), (6669, 7, 1610981), (7495, 14, 1739752), (1030, 9, 1810719), (1030, 9, 1810793), (6592, 4, 1870796), (6460, 4, 1917932), (8411, 4, 1931624), (3361, 15, 2167324), (4324, 3, 2172442), (6650, 10, 2182236), (5218, 15, 2228165), (6592, 4, 2346987), (3357, 3, 2499285), (173, 9, 2570750), (4707, 13, 2570939)]"
10261 "[(681, 7, 5668), (3256, 7, 51797), (3551, 15, 87538), (6190, 5, 161997), (546, 1, 167234), (6692, 11, 178567), (6731, 11, 187582), (4211, 10, 250728), (6731, 11, 257137), (6731, 11, 258044), (3371, 7, 261428), (4064, 9, 311144), (2638, 1, 311289), (2638, 1, 311384), (5482, 12, 386850), (4833, 7, 391999), (496, 7, 406215), (8212, 7, 409235), (3527, 4, 412239), (3527, 4, 412842), (9, 11, 412924), (3527, 4, 413473), (6731, 11, 423232), (6104, 3, 425882), (5157, 11, 428338), (81, 1, 444325), (6731, 11, 495867), (7875, 7, 504793), (6610, 11, 534723), (6610, 11, 535330), (2886, 7, 578113), (2886, 7, 578718), (690, 10, 622572), (690, 10, 623236), (8225, 8, 624270), (5157, 11, 626378), (2510, 7, 644580), (2510, 7, 650754), (2510, 7, 651374), (3858, 11, 651778), (7073, 9, 661049), (3858, 11, 663155), (8212, 7, 670917), (8212, 7, 673830), (6731, 11, 686246), (6731, 11, 688626), (6731, 11, 688702), (8212, 7, 695737), (4747, 1, 757225), (496, 7, 772177), (4064, 9, 772742), (121, 9, 788133), (5157, 11, 799694), (5848, 7, 836802), (121, 9, 841382), (8212, 7, 869396), (5157, 11, 886317), (2510, 7, 893573), (7290, 10, 936492), (6731, 11, 944523), (4184, 11, 957878), (4184, 11, 958556), (4184, 11, 959953), (9248, 9, 961433), (4184, 11, 962420), (9257, 9, 968533), (9257, 9, 1006151), (456, 7, 1008180), (4184, 11, 1022500), (8305, 7, 1022794), (9257, 9, 1024677), (4184, 11, 1053536), (4184, 11, 1055549), (4184, 11, 1060269), (2401, 7, 1062182), (2401, 7, 1062295), (4184, 11, 1104147), (4184, 11, 1150949), (2736, 11, 1177349), (7236, 1, 1193717), (7236, 1, 1194001), (5157, 11, 1209066), (4184, 11, 1233106), (4184, 11, 1233368), (4184, 11, 1233833), (4370, 7, 1244419), (4184, 11, 1266307), (4239, 7, 1272850), (456, 7, 1347191), (2638, 1, 1348799), (2736, 11, 1352235), (4914, 7, 1352410), (6731, 11, 1380528), (6588, 8, 1382423), (418, 9, 1391215), (3778, 4, 1450357), (8212, 7, 1462022), (2327, 12, 1467004), (8212, 7, 1471505), (9248, 9, 1471853), (9248, 9, 1482462), (9248, 9, 1483063), (1091, 1, 1528290), (9248, 9, 1529029), (6261, 10, 1550273), (5872, 4, 1606962), (9257, 9, 1642597), (9257, 9, 1644795), (1305, 10, 1701281), (5359, 9, 1705852), (9257, 9, 1706227), (4664, 1, 1712271), (7765, 7, 1742653), (8235, 7, 1773094), (9156, 3, 1791927), (9257, 9, 1806847), (5157, 11, 1807697), (9257, 9, 1810986), (914, 4, 1873779), (914, 4, 1874584), (914, 4, 1875185), (2064, 14, 1888656), (1653, 7, 1981435), (6353, 7, 1997224), (579, 11, 2018856), (579, 11, 2019650), (6768, 15, 2032994), (6768, 15, 2033618), (6190, 5, 2053974), (9862, 7, 2056003), (2717, 7, 2082836), (2510, 7, 2126999), (2510, 7, 2127296), (327, 12, 2157908), (3858, 11, 2180564), (3858, 11, 2219790), (7236, 1, 2233231), (3369, 13, 2234525), (496, 7, 2257891), (2195, 7, 2258767), (9257, 9, 2258771), (4377, 7, 2322869), (5157, 11, 2335077), (5157, 11, 2396632), (2638, 1, 2425448), (9257, 9, 2433595), (9257, 9, 2439169), (2195, 7, 2444654), (2195, 7, 2444863), (4131, 11, 2561378), (4131, 11, 2561975), (4131, 11, 2575200), (5157, 11, 2606039), (121, 9, 2610582), (9156, 3, 2620281), (3785, 7, 2674308)]"
710 "[(10032, 11, 5962), (10098, 10, 663483), (10032, 11, 1430599), (10090, 4, 1726414), (10015, 13, 1889057), (10352, 1, 1909018), (10834, 3, 1983122), (10175, 13, 2225205), (10175, 13, 2310774), (10090, 4, 2336436), (10015, 13, 2378364), (10390, 10, 2378591), (10090, 4, 2391227), (10175, 13, 2397813)]"
739 "[(10032, 11, 6273), (10032, 11, 289625), (10032, 11, 292615), (10032, 11, 553883), (10331, 7, 628627), (10032, 11, 640800), (10032, 11, 703473), (10032, 11, 706648), (10032, 11, 1173180), (10520, 15, 1829896), (10520, 15, 1831017), (10032, 11, 1888189)]"
756 "[(10049, 7, 6511), (10092, 9, 9669), (10176, 9, 9716), (10285, 7, 292475), (10211, 8, 443493), (10154, 8, 487273), (10064, 9, 519849), (10064, 9, 520514), (10033, 15, 555257), (10211, 8, 560049), (10154, 8, 634227), (10033, 15, 676795), (10272, 15, 865781), (10033, 15, 865886), (10016, 8, 882865), (10154, 8, 894470), (10756, 7, 907750), (10211, 8, 1056117), (10154, 8, 1072540), (10154, 8, 1199582), (10125, 3, 1283413), (10154, 8, 1506270), (10154, 8, 1598475), (10154, 8, 1646826), (10154, 8, 1823005), (10444, 9, 1903734), (10043, 1, 1913538), (10048, 15, 1914754), (10154, 8, 2076412), (10043, 1, 2077315), (10053, 11, 2159690), (10211, 8, 2254078), (10154, 8, 2365980), (10154, 8, 2366040), (10174, 9, 2668787)]"
790 "[(10076, 7, 6871), (10215, 5, 11613), (10076, 7, 79424), (10076, 7, 335713), (10076, 7, 857245), (10462, 7, 1280614), (10462, 7, 1298279), (10215, 5, 1372539), (10076, 7, 1394120), (10215, 5, 1478502), (10381, 10, 1613447), (10076, 7, 1627949), (10076, 7, 1648867), (10076, 7, 1998701), (10215, 5, 2486271)]"
10277 "[(806, 1, 6981), (1412, 1, 15374), (1462, 3, 16110), (1412, 1, 18782), (101, 13, 44036), (939, 1, 59118), (806, 1, 62104), (101, 13, 130587), (121, 9, 168832), (3502, 12, 207384), (101, 13, 216765), (3461, 7, 216792), (4599, 3, 225668), (7127, 11, 236295), (7394, 13, 245244), (4707, 13, 262996), (5277, 1, 293317), (101, 13, 303167), (5277, 1, 304873), (2638, 1, 342870), (809, 10, 365930), (101, 13, 389601), (5975, 10, 416260), (8272, 11, 422871), (8272, 11, 425902), (5929, 1, 470120), (101, 13, 476050), (5213, 9, 487030), (6840, 4, 487391), (6840, 4, 488482), (7372, 10, 488885), (8453, 10, 492696), (5277, 1, 528722), (5277, 1, 532862), (5929, 1, 545221), (1954, 13, 550637), (834, 5, 559188), (101, 13, 562246), (5277, 1, 571995), (8679, 11, 583633), (5277, 1, 592139), (806, 1, 618732), (971, 1, 621772), (101, 13, 648756), (834, 5, 658493), (7052, 9, 663768), (4962, 4, 675870), (8272, 11, 679799), (971, 1, 729900), (8272, 11, 731504), (101, 13, 735396), (4903, 7, 740416), (834, 5, 776064), (1412, 1, 776750), (1139, 9, 780276), (806, 1, 781708), (806, 1, 787086), (806, 1, 793019), (5929, 1, 805295), (1412, 1, 808204), (834, 5, 818630), (101, 13, 821507), (4996, 13, 827424), (834, 5, 835559), (834, 5, 843978), (1412, 1, 853968), (1412, 1, 855034), (5974, 10, 887617), (2472, 1, 889454), (101, 13, 907957), (1412, 1, 926992), (5213, 9, 937027), (3332, 5, 949399), (834, 5, 952740), (2472, 1, 976652), (2472, 1, 977757), (2472, 1, 980457), (2472, 1, 981651), (2472, 1, 982818), (5277, 1, 987429), (834, 5, 992376), (971, 1, 993399), (101, 13, 993948), (2472, 1, 994892), (6755, 1, 1016275), (5303, 10, 1023884), (834, 5, 1028068), (3461, 7, 1030939), (1412, 1, 1061720), (1412, 1, 1063597), (101, 13, 1080361), (4957, 10, 1097794), (1412, 1, 1108910), (7264, 10, 1113990), (2472, 1, 1157819), (5974, 10, 1162355), (101, 13, 1166733), (1412, 1, 1185702), (6408, 10, 1193177), (7730, 10, 1201586), (5211, 12, 1207855), (3275, 7, 1251195), (101, 13, 1253131), (834, 5, 1253304), (834, 5, 1262525), (834, 5, 1265537), (834, 5, 1274273), (834, 5, 1290303), (834, 5, 1291305), (834, 5, 1300376), (1412, 1, 1304908), (7730, 10, 1320604), (2809, 10, 1320697), (140, 10, 1325468), (834, 5, 1336911), (101, 13, 1339583), (834, 5, 1341179), (834, 5, 1345240), (834, 5, 1350536), (834, 5, 1351962), (834, 5, 1376516), (2065, 10, 1402287), (3722, 1, 1422665), (834, 5, 1424895), (101, 13, 1425946), (834, 5, 1439969), (834, 5, 1442520), (834, 5, 1445685), (834, 5, 1464518), (834, 5, 1508190), (834, 5, 1510429), (2442, 13, 1511934), (101, 13, 1512363), (4707, 13, 1523589), (4551, 3, 1541630), (4042, 10, 1587883), (101, 13, 1598747), (9430, 4, 1628158), (7006, 7, 1628746), (7006, 7, 1638623), (101, 13, 1685161), (7006, 7, 1758810), (101, 13, 1771529), (6281, 10, 1839011), (101, 13, 1857934), (4934, 1, 1887428), (4957, 10, 1896817), (7006, 7, 1935952), (101, 13, 1944375), (4042, 10, 1961536), (7006, 7, 1969511), (7006, 7, 2014598), (5357, 13, 2017522), (101, 13, 2030746), (8272, 11, 2033928), (6576, 8, 2049658), (1470, 1, 2064080), (1139, 9, 2081370), (101, 13, 2117171), (834, 5, 2200790), (4934, 1, 2201266), (101, 13, 2203547), (4934, 1, 2204299), (4966, 7, 2211979), (4782, 4, 2223808), (4008, 9, 2237874), (834, 5, 2249353), (1890, 13, 2274021), (101, 13, 2289968), (1890, 13, 2365018), (101, 13, 2376329), (5277, 1, 2391876), (834, 5, 2395328), (834, 5, 2431573), (5866, 1, 2456092), (101, 13, 2462730), (834, 5, 2482119), (7006, 7, 2494637), (834, 5, 2502097), (7764, 1, 2516312), (101, 13, 2549175), (8272, 11, 2551367), (3726, 1, 2560162), (5277, 1, 2605429), (7006, 7, 2630980), (101, 13, 2635546), (8148, 1, 2652063), (2847, 1, 2653772)]"
860 "[(10024, 11, 7604), (10006, 5, 14854), (10006, 5, 15640), (10455, 8, 90996), (10006, 5, 195684), (10462, 7, 406328), (10455, 8, 515237), (10712, 4, 615014), (10909, 10, 788941), (10055, 15, 797402), (10024, 11, 799752), (10455, 8, 881973), (10053, 11, 1226730), (10057, 3, 1273041), (10057, 3, 1278026), (10057, 3, 1280933), (10057, 3, 1306535), (10534, 9, 1527541), (10219, 10, 1541556), (10455, 8, 1541716), (10022, 9, 1543868), (10022, 9, 1649039), (10228, 5, 1652352), (10057, 3, 1740567), (10006, 5, 1790380), (10708, 4, 1799854), (10455, 8, 1817970), (10374, 9, 1826906), (10024, 11, 1829476), (10053, 11, 1911618), (10069, 1, 2051123), (10540, 4, 2075490), (10455, 8, 2178446), (10204, 1, 2258862), (10462, 7, 2261653), (10789, 7, 2294535), (10462, 7, 2304608), (10462, 7, 2304653), (10057, 3, 2304910), (10019, 8, 2306169), (10054, 7, 2306323), (10057, 3, 2589503), (10320, 4, 2591030), (10057, 3, 2609977)]"
890 "[(10308, 13, 7960), (10308, 13, 8079), (10308, 13, 8365), (10032, 11, 222586), (10032, 11, 269203), (10210, 4, 506960), (10205, 7, 512857), (10812, 9, 531708), (10072, 9, 605317), (10050, 9, 605691), (10050, 9, 613522), (10461, 1, 691580), (10830, 4, 760990), (10162, 9, 765406), (10092, 9, 767907), (10415, 14, 861836), (10415, 14, 862783), (10050, 9, 917153), (10050, 9, 917368), (10176, 9, 1119925), (10447, 9, 1141048), (10110, 9, 1692861), (10110, 9, 1693678), (10072, 9, 1697339), (10072, 9, 1704208), (10176, 9, 1876664), (10308, 13, 1990909), (10049, 7, 2167023), (10176, 9, 2405388), (10278, 9, 2409350), (10176, 9, 2415263), (10374, 9, 2503678), (10685, 9, 2597101)]"
10150 "[(897, 8, 8008), (1545, 15, 17529), (1834, 9, 23255), (1505, 11, 23796), (3443, 7, 73793), (1505, 11, 81732), (4901, 7, 89157), (1919, 15, 127113), (546, 1, 153254), (546, 1, 155451), (3162, 7, 165410), (2670, 5, 168010), (4583, 10, 174262), (6140, 7, 197441), (6140, 7, 230314), (3030, 13, 235929), (7520, 7, 259592), (6753, 7, 265686), (546, 1, 274597), (546, 1, 274896), (7825, 10, 318300), (4933, 9, 320235), (7825, 10, 324004), (4819, 7, 328888), (6576, 8, 335502), (1458, 3, 340457), (3698, 15, 343444), (4901, 7, 349822), (4204, 4, 366411), (1505, 11, 372656), (7825, 10, 403194), (4933, 9, 417926), (2349, 14, 421956), (456, 7, 490785), (7825, 10, 503439), (7825, 10, 503957), (411, 15, 522557), (411, 15, 525366), (3344, 7, 560310), (6140, 7, 569968), (1767, 1, 590985), (7825, 10, 596474), (690, 10, 623253), (7961, 4, 671995), (5330, 7, 682069), (3139, 12, 701236), (1653, 7, 713100), (685, 4, 736851), (3910, 7, 739918), (1946, 4, 745524), (3371, 7, 791881), (6938, 12, 795125), (2349, 14, 834258), (6246, 8, 841537), (4933, 9, 844295), (1384, 10, 852628), (5789, 7, 868356), (7825, 10, 884276), (5111, 8, 926566), (7825, 10, 944615), (1505, 11, 952485), (1505, 11, 970506), (7404, 7, 1021075), (6593, 11, 1041935), (170, 4, 1076311), (6762, 12, 1078378), (1946, 4, 1087275), (3443, 7, 1099444), (3585, 7, 1100446), (6593, 11, 1109815), (6576, 8, 1136266), (2670, 5, 1162952), (138, 7, 1167416), (4933, 9, 1176171), (6140, 7, 1220837), (5918, 1, 1233822), (1505, 11, 1234169), (2670, 5, 1258097), (2670, 5, 1272531), (2337, 1, 1289776), (8043, 12, 1299912), (5789, 7, 1310169), (3910, 7, 1320532), (6140, 7, 1353285), (7674, 9, 1353331), (4554, 7, 1372840), (8043, 12, 1373541), (5737, 7, 1392833), (6140, 7, 1421864), (3251, 1, 1448362), (2933, 4, 1467515), (3785, 7, 1471129), (1436, 10, 1480369), (4933, 9, 1514126), (1653, 7, 1540769), (6514, 7, 1556445), (2510, 7, 1561491), (2510, 7, 1632606), (6610, 11, 1641313), (5330, 7, 1650814), (5789, 7, 1765098), (4933, 9, 1794271), (4933, 9, 1823247), (6610, 11, 1837038), (2510, 7, 1861473), (4341, 5, 1869064), (4583, 10, 1880497), (3443, 7, 1932675), (1252, 7, 1966552), (1252, 7, 1972352), (8990, 12, 2016094), (754, 7, 2050990), (3392, 5, 2051142), (3392, 5, 2051372), (1975, 7, 2094536), (5556, 4, 2156875), (8869, 4, 2177815), (497, 11, 2178073), (1975, 7, 2186693), (6490, 9, 2187576), (3785, 7, 2214703), (5789, 7, 2227043), (5789, 7, 2228834), (1307, 5, 2276841), (9873, 12, 2297359), (9716, 9, 2307748), (4882, 3, 2312593), (1975, 7, 2330808), (6603, 1, 2345395), (6032, 7, 2392042), (7877, 1, 2487293), (2436, 12, 2546644), (3709, 14, 2547774), (690, 10, 2577555), (3102, 7, 2600495), (7825, 10, 2608330), (7404, 7, 2663073), (5164, 1, 2674352)]"
10311 "[(295, 12, 8175), (881, 15, 19556), (1394, 1, 46540), (4062, 4, 65793), (4062, 4, 72856), (546, 1, 79814), (681, 7, 91755), (5887, 1, 137907), (6825, 7, 190374), (5887, 1, 334534), (8259, 14, 419087), (4062, 4, 424495), (999, 4, 442043), (999, 4, 442120), (999, 4, 442270), (4062, 4, 504512), (4442, 9, 573620), (2294, 1, 623203), (5387, 4, 623482), (5387, 4, 652371), (5389, 10, 671295), (8253, 15, 684663), (3462, 13, 724130), (4062, 4, 862673), (3341, 8, 914351), (550, 7, 935111), (407, 7, 1011555), (5724, 14, 1091541), (538, 7, 1103753), (8305, 7, 1110778), (4442, 9, 1218195), (999, 4, 1266079), (482, 1, 1355308), (681, 7, 1374162), (5063, 7, 1450765), (3344, 7, 1552703), (5798, 9, 1641733), (1597, 9, 1709939), (1015, 9, 1804217), (681, 7, 1979163), (9671, 9, 2307579), (5226, 11, 2505244), (2709, 1, 2579289), (2809, 10, 2616553), (5724, 14, 2642119)]"
10313 "[(724, 9, 8193), (1934, 8, 208049), (724, 9, 345772), (6018, 1, 481580), (235, 9, 513869), (235, 9, 534164), (235, 9, 565142), (8643, 9, 573156), (8643, 9, 589359), (8643, 9, 747729), (8643, 9, 754997), (8633, 9, 768843), (8633, 9, 777407), (8633, 9, 781847), (8892, 10, 811409), (8633, 9, 835831), (8892, 10, 896104), (8892, 10, 898430), (8633, 9, 950480), (8633, 9, 1035553), (8643, 9, 1352246), (8643, 9, 1353101), (8899, 1, 1585075), (25, 13, 1649747), (8899, 1, 1764087)]"
934 "[(10320, 4, 8445), (10343, 4, 9678), (10320, 4, 51460), (10343, 4, 175858), (10343, 4, 238121), (10320, 4, 278451), (10343, 4, 755370), (10320, 4, 794562), (10320, 4, 794793), (10343, 4, 1280948), (10685, 9, 1290534), (10685, 9, 1291339), (10685, 9, 1347253), (10685, 9, 1371240), (10761, 9, 1692861), (10343, 4, 1916839), (10343, 4, 2138157), (10693, 3, 2380148), (10343, 4, 2493956), (10381, 10, 2503061), (10381, 10, 2556348), (10381, 10, 2582016), (10381, 10, 2590894), (10761, 9, 2638670), (10381, 10, 2638830), (10685, 9, 2640631), (10381, 10, 2645036)]"
10323 "[(944, 3, 8674), (2839, 7, 44967), (2803, 7, 45224), (1326, 4, 98584), (579, 11, 110330), (4320, 4, 127852), (2400, 4, 135388), (323, 7, 146732), (4343, 15, 168746), (4138, 11, 191634), (2891, 3, 199359), (497, 11, 204219), (2891, 3, 207770), (3344, 7, 230035), (7236, 1, 240250), (2806, 14, 244747), (551, 11, 246333), (551, 11, 263657), (3152, 8, 325629), (7932, 11, 339592), (6046, 4, 394382), (6731, 11, 410243), (3558, 1, 415771), (3351, 15, 423718), (3726, 1, 497509), (6520, 1, 529013), (3872, 9, 631457), (2825, 11, 634749), (3472, 5, 695859), (14, 7, 696802), (7778, 7, 735780), (8625, 9, 739132), (4901, 7, 754442), (6714, 8, 777709), (4620, 7, 791947), (5488, 13, 838271), (1030, 9, 850083), (6358, 14, 856717), (4255, 8, 866155), (6533, 9, 876264), (2886, 7, 951508), (6492, 2, 954706), (551, 11, 960168), (551, 11, 964789), (6638, 1, 974838), (900, 11, 996606), (4056, 11, 1009882), (6428, 10, 1024773), (14, 7, 1028115), (425, 7, 1040723), (842, 14, 1053981), (230, 7, 1055589), (3522, 1, 1092550), (6428, 10, 1098569), (4719, 1, 1110779), (3872, 9, 1112975), (3895, 7, 1132590), (4138, 11, 1133617), (2013, 7, 1134572), (8712, 3, 1164678), (7132, 10, 1186900), (3472, 5, 1200510), (983, 12, 1217667), (4080, 1, 1219086), (983, 12, 1219235), (3722, 1, 1254315), (4360, 7, 1265022), (7132, 10, 1286853), (7606, 7, 1290584), (4080, 1, 1303171), (1401, 7, 1403379), (9262, 4, 1427568), (4324, 3, 1440117), (8864, 11, 1468962), (4360, 7, 1513448), (14, 7, 1570573), (4080, 1, 1573433), (1221, 9, 1574288), (1729, 1, 1577626), (6849, 3, 1579598), (2880, 7, 1593934), (1915, 15, 1617838), (5049, 11, 1620086), (3558, 1, 1637389), (2919, 9, 1645384), (67, 13, 1649137), (3558, 1, 1681230), (4370, 7, 1687616), (3217, 7, 1712763), (3013, 11, 1714673), (419, 11, 1734576), (1104, 9, 1735926), (157, 14, 1765488), (5891, 9, 1819249), (5677, 5, 1820118), (4080, 1, 1907496), (754, 7, 1930589), (754, 7, 1931623), (5355, 14, 1960790), (5355, 14, 1960793), (9716, 9, 1971533), (4064, 9, 2000062), (1372, 4, 2073680), (551, 11, 2094153), (1458, 3, 2095166), (6668, 9, 2148583), (6111, 4, 2165649), (4104, 14, 2166662), (14, 7, 2171439), (2875, 15, 2177816), (7770, 1, 2178930), (2736, 11, 2216160), (1582, 1, 2246179), (7382, 11, 2298915), (6581, 1, 2308828), (4360, 7, 2361398), (904, 11, 2364947), (4379, 8, 2376848), (4056, 11, 2426457), (551, 11, 2444232), (450, 4, 2506828), (1146, 4, 2508527), (1285, 5, 2509886), (5772, 3, 2513424), (4980, 11, 2516678), (1341, 13, 2517267), (3168, 9, 2521701), (5220, 3, 2572808), (6297, 7, 2577148), (7932, 11, 2583568), (4221, 15, 2600494)]"
10325 "[(951, 7, 8762), (2370, 4, 35110), (5122, 13, 98003), (5383, 1, 112417), (2370, 4, 118274), (2370, 4, 137734), (4972, 3, 431366), (7255, 13, 539805), (709, 5, 539843), (709, 5, 542023), (5122, 13, 603087), (6396, 10, 603263), (2863, 4, 674436), (7264, 10, 765187), (9121, 15, 885388), (1585, 13, 943304), (5122, 13, 943368), (9121, 15, 947482), (9121, 15, 948123), (7264, 10, 949929), (1462, 3, 1139381), (4967, 1, 1242020), (1462, 3, 1491022), (8882, 4, 1560225), (8882, 4, 1564372), (8882, 4, 1566389), (5377, 4, 1574781), (5377, 4, 1668267), (8882, 4, 1796390), (8882, 4, 1818859), (7255, 13, 1827541), (9121, 15, 1845838), (5377, 4, 1904718), (2490, 12, 1967492), (3754, 4, 1977579), (9121, 15, 2027087), (6332, 4, 2032534), (3293, 8, 2071912), (482, 1, 2120464), (3293, 8, 2149450), (3754, 4, 2210255), (3754, 4, 2217249), (9940, 9, 2270660), (7839, 4, 2307420), (613, 13, 2320919), (3754, 4, 2336255), (5377, 4, 2375229), (7794, 1, 2393927), (7794, 1, 2393989), (7794, 1, 2394125), (4390, 13, 2446198), (3577, 1, 2493809), (7839, 4, 2499110), (7794, 1, 2500171), (5377, 4, 2528914), (613, 13, 2546175), (3754, 4, 2551311), (3754, 4, 2552159), (7281, 1, 2554817), (5057, 1, 2572192), (613, 13, 2574245), (1498, 1, 2577299), (1498, 1, 2587340), (7281, 1, 2638492), (2370, 4, 2656892)]"
976 "[(10237, 11, 9064), (10350, 12, 22350), (10006, 5, 23410), (10329, 12, 27451), (10006, 5, 36128), (10006, 5, 36672), (10076, 7, 53433), (10015, 13, 56568), (10298, 14, 70857), (10006, 5, 186153), (10049, 7, 207988), (10850, 3, 216495), (10298, 14, 307251), (10006, 5, 357026), (10366, 10, 408998), (10006, 5, 426884), (10032, 11, 427314), (10114, 4, 460774), (10006, 5, 461100), (10624, 3, 479668), (10037, 5, 481555), (10006, 5, 482291), (10352, 1, 484583), (10709, 12, 485284), (10376, 9, 491996), (10366, 10, 504525), (10237, 11, 532340), (10366, 10, 551259), (10019, 8, 611422), (10075, 10, 612453), (10073, 9, 622514), (10006, 5, 632032), (10006, 5, 632349), (10019, 8, 652042), (10076, 7, 656094), (10075, 10, 656892), (10000, 9, 661533), (10006, 5, 682721), (10366, 10, 684619), (10006, 5, 699036), (10273, 11, 746717), (10273, 11, 828487), (10237, 11, 889919), (10032, 11, 892185), (10273, 11, 915615), (10298, 14, 996588), (10006, 5, 997465), (10006, 5, 1000854), (10032, 11, 1003755), (10076, 7, 1004483), (10076, 7, 1004837), (10298, 14, 1013956), (10032, 11, 1055118), (10032, 11, 1055204), (10406, 11, 1055747), (10072, 9, 1063112), (10298, 14, 1066715), (10350, 12, 1141346), (10298, 14, 1141514), (10072, 9, 1159567), (10298, 14, 1165856), (10298, 14, 1179915), (10006, 5, 1182677), (10273, 11, 1187726), (10366, 10, 1217271), (10006, 5, 1219269), (10298, 14, 1230881), (10273, 11, 1231471), (10273, 11, 1249453), (10015, 13, 1256268), (10006, 5, 1264067), (10298, 14, 1312111), (10088, 3, 1312226), (10490, 9, 1313083), (10298, 14, 1323661), (10478, 4, 1324319), (10478, 4, 1324994), (10478, 4, 1326895), (10076, 7, 1349296), (10076, 7, 1399832), (10397, 10, 1411487), (10006, 5, 1479785), (10735, 10, 1496258), (10015, 13, 1513746), (10006, 5, 1519343), (10032, 11, 1520518), (10412, 11, 1526524), (10273, 11, 1579070), (10490, 9, 1594740), (10000, 9, 1595902), (10050, 9, 1610425), (10647, 14, 1613691), (10076, 7, 1617046), (10076, 7, 1617099), (10032, 11, 1618290), (10050, 9, 1619897), (10427, 10, 1629941), (10445, 13, 1664943), (10320, 4, 1709089), (10032, 11, 1834907), (10092, 9, 1852055), (10006, 5, 1861076), (10838, 3, 1863130), (10838, 3, 1863967), (10032, 11, 1944081), (10032, 11, 2123425), (10050, 9, 2177255), (10076, 7, 2179679), (10105, 15, 2184089), (10455, 8, 2217550), (10320, 4, 2218548), (10006, 5, 2253454), (10006, 5, 2261347), (10298, 14, 2266033), (10037, 5, 2266434), (10011, 11, 2295829), (10461, 1, 2521088), (10196, 11, 2566500), (10461, 1, 2568558), (10461, 1, 2569934), (10461, 1, 2570029), (10461, 1, 2609682), (10154, 8, 2641493)]"
977 "[(10253, 1, 9065), (10253, 1, 69019), (10712, 4, 219177), (10712, 4, 249203), (10712, 4, 250052), (10712, 4, 250228), (10574, 1, 253237), (10032, 11, 409668), (10008, 11, 500304), (10008, 11, 501304), (10076, 7, 502499), (10008, 11, 503816), (10331, 7, 602599), (10076, 7, 776008), (10076, 7, 847666), (10008, 11, 999201), (10008, 11, 999989), (10032, 11, 1020505), (10331, 7, 1141166), (10205, 7, 2339329), (10712, 4, 2340628), (10712, 4, 2432997), (10269, 3, 2567076), (10712, 4, 2578584)]"
990 "[(10332, 3, 9270), (10506, 3, 21312), (10332, 3, 169762), (10332, 3, 174630), (10506, 3, 806532), (10332, 3, 922144), (10332, 3, 1030859), (10332, 3, 1116036), (10332, 3, 1216292), (10332, 3, 1223362), (10332, 3, 1321023), (10088, 3, 1410441), (10332, 3, 1540181), (10332, 3, 2507829), (10332, 3, 2677072)]"
10346 "[(1030, 9, 9811), (1394, 1, 46593), (4463, 1, 74264), (5004, 4, 93092), (3136, 9, 95556), (5875, 7, 137356), (5946, 9, 284874), (6670, 9, 323759), (1999, 13, 360219), (5835, 10, 396488), (5745, 9, 397591), (1248, 4, 405412), (3256, 7, 407893), (4062, 4, 425288), (5724, 14, 487822), (1030, 9, 539808), (2030, 4, 548771), (6379, 3, 655438), (4463, 1, 662168), (5745, 9, 737500), (7543, 4, 781453), (8633, 9, 832873), (8633, 9, 835166), (5946, 9, 835715), (6212, 1, 862169), (5745, 9, 924583), (3136, 9, 953692), (4062, 4, 962044), (4062, 4, 962211), (121, 9, 1019648), (8643, 9, 1115354), (6385, 4, 1130638), (1030, 9, 1137270), (1191, 9, 1154065), (8660, 7, 1189546), (494, 1, 1191851), (3136, 9, 1258642), (494, 1, 1291625), (2912, 14, 1313862), (5724, 14, 1361781), (244, 3, 1361974), (1030, 9, 1367780), (845, 11, 1400203), (8678, 9, 1411268), (8678, 9, 1492504), (1030, 9, 1577080), (5581, 9, 1596667), (5581, 9, 1602721), (5934, 4, 1627888), (494, 1, 1644779), (9262, 4, 1767563), (2094, 9, 1773579), (8154, 9, 1805512), (2005, 9, 1811904), (157, 14, 1864693), (1015, 9, 1912013), (8678, 9, 1927512), (5946, 9, 1965878), (5946, 9, 1969778), (8468, 7, 1978922), (3559, 9, 1998839), (3559, 9, 1999451), (2912, 14, 2033717), (5946, 9, 2043558), (5946, 9, 2044811), (8203, 14, 2057331), (2912, 14, 2120399), (9241, 4, 2129200), (3722, 1, 2158430), (494, 1, 2161653), (5946, 9, 2197958), (5581, 9, 2207788), (8997, 10, 2210147), (3618, 9, 2228805), (192, 9, 2260739), (8678, 9, 2272782), (3136, 9, 2332146), (3226, 10, 2332820), (252, 9, 2360231), (2491, 9, 2386490), (3952, 15, 2404239), (3136, 9, 2433725), (4204, 4, 2441662), (9434, 9, 2445929), (2785, 4, 2506624), (5946, 9, 2569884), (9170, 9, 2622432), (3969, 9, 2634570), (9170, 9, 2636082), (712, 10, 2649526), (4209, 10, 2653846)]"
473 "[(10024, 11, 10125), (10290, 9, 254553), (10016, 8, 1213472), (10024, 11, 1215020), (10461, 1, 1786448), (10246, 8, 2324493), (10246, 8, 2397583)]"
10289 "[(1134, 4, 11273), (3451, 4, 62427), (3884, 5, 62502), (1134, 4, 64638), (4055, 4, 73572), (4055, 4, 76219), (2880, 7, 91972), (3884, 5, 92596), (1433, 11, 95405), (1433, 11, 95451), (101, 13, 115811), (482, 1, 130259), (2912, 14, 131722), (2400, 4, 139799), (6318, 4, 153671), (358, 7, 163266), (3884, 5, 167618), (3884, 5, 177364), (6756, 1, 181474), (1722, 7, 184926), (1722, 7, 184961), (5119, 4, 191174), (2555, 10, 205926), (3900, 8, 211313), (6309, 4, 213156), (4668, 7, 214110), (4599, 3, 217507), (1823, 4, 218487), (6863, 9, 234338), (3884, 5, 242382), (3884, 5, 244072), (3884, 5, 244257), (7290, 10, 244892), (2458, 1, 246906), (6669, 7, 263706), (6863, 9, 282383), (6018, 1, 321336), (7407, 1, 331380), (4600, 4, 334851), (3884, 5, 338284), (5176, 4, 350412), (4204, 4, 362948), (7890, 14, 373908), (4285, 15, 412346), (1433, 11, 433436), (6425, 4, 433722), (458, 7, 439007), (1433, 11, 443128), (1433, 11, 443790), (1433, 11, 445436), (4842, 5, 447173), (6795, 13, 449865), (5440, 13, 461417), (8260, 1, 493258), (5797, 9, 507018), (1394, 1, 507346), (5159, 10, 507944), (640, 4, 513156), (7158, 4, 519514), (3884, 5, 520935), (6795, 13, 524544), (458, 7, 534242), (1823, 4, 557483), (510, 4, 565167), (510, 4, 565236), (8642, 13, 572205), (3105, 7, 575956), (2028, 4, 585594), (7158, 4, 590515), (7158, 4, 597603), (3900, 8, 601019), (7158, 4, 602586), (7158, 4, 605788), (7158, 4, 606055), (3884, 5, 612633), (3900, 8, 612711), (7158, 4, 614578), (7158, 4, 616877), (6795, 13, 617788), (6252, 3, 624369), (6848, 7, 629441), (4599, 3, 662097), (3925, 4, 664443), (2458, 1, 666485), (7158, 4, 669220), (6848, 7, 670392), (3792, 7, 682909), (3792, 7, 683388), (7158, 4, 683934), (7158, 4, 684326), (7860, 7, 686709), (7158, 4, 687820), (3884, 5, 695724), (101, 13, 720621), (3884, 5, 729352), (4204, 4, 735389), (4204, 4, 735802), (2127, 14, 739469), (4585, 8, 739881), (2902, 5, 749467), (3884, 5, 750779), (1143, 4, 756053), (3792, 7, 757028), (3792, 7, 757720), (3792, 7, 758266), (4562, 7, 762803), (7158, 4, 762945), (6425, 4, 778569), (6425, 4, 779849), (8264, 1, 788119), (7995, 7, 791501), (5962, 7, 794877), (1722, 7, 802911), (2902, 5, 825911), (4599, 3, 835735), (3900, 8, 839246), (3644, 4, 859072), (5281, 1, 870793), (6848, 7, 872704), (6425, 4, 880643), (2902, 5, 896921), (493, 7, 900904), (7811, 7, 901937), (2765, 11, 906791), (2902, 5, 915434), (8175, 4, 936808), (6425, 4, 938839), (6425, 4, 939739), (4022, 7, 939901), (4698, 9, 949243), (3182, 9, 962645), (1134, 4, 964051), (4599, 3, 971051), (8175, 4, 1019884), (20, 4, 1027365), (20, 4, 1027419), (7593, 7, 1029976), (3644, 4, 1038007), (3644, 4, 1038263), (6848, 7, 1052732), (6848, 7, 1052820), (1143, 4, 1060207), (5041, 9, 1097267), (1344, 13, 1104157), (1433, 11, 1111083), (397, 12, 1112510), (7593, 7, 1114181), (7593, 7, 1114367), (7158, 4, 1116996), (3884, 5, 1120907), (7067, 12, 1128354), (3884, 5, 1129688), (6960, 1, 1132729), (4668, 7, 1136716), (4668, 7, 1137626), (4668, 7, 1137675), (1143, 4, 1140146), (6127, 14, 1173809), (640, 4, 1188452), (9481, 12, 1198613), (7158, 4, 1207371), (7158, 4, 1207459), (6425, 4, 1210617), (7478, 7, 1213467), (4599, 3, 1230699), (6318, 4, 1235871), (8763, 7, 1242566), (8763, 7, 1244593), (7158, 4, 1258838), (7158, 4, 1258968), (8003, 4, 1265083), (4698, 9, 1269948), (4668, 7, 1275141), (101, 13, 1325394), (9583, 7, 1331034), (4409, 9, 1355397), (4599, 3, 1392702), (4585, 8, 1396853), (7593, 7, 1403061), (7593, 7, 1403100), (7593, 7, 1403143), (9519, 4, 1416813), (7582, 13, 1431315), (4814, 4, 1455730), (2785, 4, 1460829), (6848, 7, 1462188), (7593, 7, 1468681), (7593, 7, 1471129), (7593, 7, 1487341), (7593, 7, 1487387), (8348, 12, 1494803), (7582, 13, 1519692), (8264, 1, 1521027), (7158, 4, 1530971), (7158, 4, 1531530), (7158, 4, 1531557), (7158, 4, 1531594), (7158, 4, 1531628), (7158, 4, 1531674), (5769, 7, 1539359), (510, 4, 1561986), (510, 4, 1562033), (510, 4, 1562095), (6939, 1, 1587699), (7158, 4, 1603773), (1823, 4, 1604412), (1823, 4, 1604715), (1823, 4, 1604943), (1823, 4, 1606508), (7158, 4, 1612320), (7158, 4, 1618571), (1545, 15, 1619244), (5769, 7, 1621806), (7158, 4, 1631725), (8264, 1, 1632986), (3884, 5, 1633734), (4554, 7, 1634697), (7158, 4, 1634864), (4599, 3, 1653891), (1447, 7, 1658750), (3900, 8, 1692907), (3275, 7, 1707421), (5882, 12, 1708161), (3275, 7, 1708646), (8882, 4, 1727085), (3792, 7, 1735239), (3792, 7, 1735895), (4774, 14, 1740546), (4882, 3, 1750237), (1653, 7, 1759986), (8649, 7, 1760775), (8649, 7, 1760863), (3538, 4, 1766386), (8264, 1, 1783346), (6127, 14, 1790287), (7811, 7, 1800639), (6848, 7, 1801427), (4758, 13, 1801966), (493, 7, 1804268), (4204, 4, 1809937), (8003, 4, 1841995), (8003, 4, 1870948), (3792, 7, 1877352), (20, 4, 1898297), (20, 4, 1898349), (935, 4, 1898731), (7811, 7, 1903501), (180, 7, 1906255), (7811, 7, 1908638), (8882, 4, 1909432), (5046, 4, 1914672), (101, 13, 1930212), (872, 7, 1953550), (3792, 7, 1967552), (6318, 4, 1986048), (397, 12, 1999180), (1184, 7, 2027311), (9420, 15, 2035260), (4850, 4, 2052144), (1129, 7, 2059358), (9923, 9, 2065636), (7315, 7, 2066214), (3900, 8, 2072006), (1638, 8, 2083893), (6425, 4, 2086698), (1134, 4, 2087495), (1184, 7, 2124865), (8823, 1, 2140365), (1597, 9, 2141114), (661, 1, 2154336), (1433, 11, 2169038), (173, 9, 2173066), (872, 7, 2208943), (872, 7, 2209593), (872, 7, 2210318), (7811, 7, 2212866), (2833, 4, 2213833), (3792, 7, 2214250), (8823, 1, 2227626), (4585, 8, 2230591), (7811, 7, 2254588), (3182, 9, 2259015), (7765, 7, 2268936), (9519, 4, 2292385), (7129, 4, 2312279), (8823, 1, 2319581), (8823, 1, 2319688), (8823, 1, 2320047), (7129, 4, 2340027), (9519, 4, 2361317), (493, 7, 2380184), (8823, 1, 2381837), (4585, 8, 2387716), (1433, 11, 2411619), (1433, 11, 2412995), (3900, 8, 2417354), (6267, 10, 2435477), (3182, 9, 2440897), (3182, 9, 2441011), (3105, 7, 2461681), (4599, 3, 2463674), (6267, 10, 2469073), (8823, 1, 2482447), (9976, 11, 2482915), (7974, 9, 2482959), (3182, 9, 2484596), (20, 4, 2494402), (20, 4, 2494475), (9550, 12, 2504238), (101, 13, 2534997), (3036, 1, 2560801), (1184, 7, 2566875), (3792, 7, 2576770), (2833, 4, 2583068), (1372, 4, 2601470), (20, 4, 2608251), (5440, 13, 2609041), (20, 4, 2610802), (20, 4, 2611049), (4599, 3, 2629287), (3900, 8, 2637157), (3182, 9, 2651306)]"
1145 "[(10072, 9, 11389), (10049, 7, 37893), (10224, 9, 38541), (10084, 9, 39451), (10092, 9, 41811), (10076, 7, 361565), (10176, 9, 542406), (10176, 9, 543228), (10072, 9, 797297), (10072, 9, 797714), (10049, 7, 981834), (10076, 7, 985503), (10076, 7, 986572), (10076, 7, 987550), (10054, 7, 1184068), (10154, 8, 1314319), (10019, 8, 1328663), (10459, 1, 1566060), (10459, 1, 1567253), (10459, 1, 1828636), (10459, 1, 1829084), (10007, 11, 1832082), (10049, 7, 1832188), (10007, 11, 1832774), (10084, 9, 1833480), (10121, 4, 2065448), (10050, 9, 2089237), (10066, 4, 2091868), (10072, 9, 2096145), (10032, 11, 2097057)]"
1149 "[(10091, 3, 11414), (10091, 3, 69751), (10425, 10, 150481), (10024, 11, 160970), (10425, 10, 363180), (10091, 3, 406211), (10425, 10, 417121), (10425, 10, 429311), (10425, 10, 445988), (10024, 11, 565947), (10091, 3, 595970), (10032, 11, 769171), (10084, 9, 771712), (10425, 10, 835470), (10024, 11, 878209), (10446, 15, 1053836), (10838, 3, 1098090), (10669, 12, 1430276), (10108, 3, 1471564), (10406, 11, 1659027), (10024, 11, 1866091), (10446, 15, 1999464), (10446, 15, 2000776), (10446, 15, 2077324), (10432, 10, 2087231), (10838, 3, 2155915)]"
1186 "[(10381, 10, 11996), (10033, 15, 20370), (10033, 15, 170679), (10033, 15, 172050), (10210, 4, 174849), (10019, 8, 186536), (10033, 15, 273633), (10156, 4, 315111), (10064, 9, 342530), (10064, 9, 343116), (10033, 15, 343157), (10121, 4, 428243), (10076, 7, 583052), (10076, 7, 587407), (10009, 7, 588803), (10806, 14, 591027), (10340, 7, 632087), (10076, 7, 740352), (10374, 9, 749866), (10178, 3, 770860), (10090, 4, 930794), (10076, 7, 942190), (10806, 14, 1052120), (10076, 7, 1054286), (10033, 15, 1098682), (10032, 11, 1340034), (10264, 1, 1378204), (10264, 1, 1378734), (10090, 4, 1816587), (10072, 9, 1876124), (10076, 7, 1880545), (10072, 9, 1958468), (10033, 15, 2255061), (10038, 14, 2255109), (10105, 15, 2255700), (10178, 3, 2433503)]"
1197 "[(10384, 2, 12138), (10455, 8, 187873), (10673, 13, 532933), (10091, 3, 597185), (10091, 3, 685466), (10091, 3, 688136), (10091, 3, 941784), (10091, 3, 1046623), (10091, 3, 1126966), (10091, 3, 1136141), (10091, 3, 1206645), (10091, 3, 1397410), (10091, 3, 1633094), (10673, 13, 1641693), (10091, 3, 1650253), (10091, 3, 1671847), (10091, 3, 1722564), (10091, 3, 1726743), (10091, 3, 1841981), (10216, 13, 2008545), (10091, 3, 2073802), (10091, 3, 2340882), (10091, 3, 2425042), (10091, 3, 2618508)]"
1239 "[(10097, 4, 12955), (10406, 11, 181289), (10097, 4, 749079), (10060, 1, 1989016), (10331, 7, 2256092), (10331, 7, 2256974)]"
1264 "[(10213, 3, 13278), (10198, 11, 160894), (10189, 4, 174036), (10225, 11, 177029), (10024, 11, 178043), (10637, 15, 243705), (10039, 13, 259549), (10237, 11, 519666), (10637, 15, 586256), (10493, 11, 588084), (10213, 3, 595702), (10189, 4, 618671), (10189, 4, 621178), (10189, 4, 622973), (10032, 11, 679296), (10198, 11, 877778), (10237, 11, 952572), (10237, 11, 953254), (10024, 11, 1021652), (10198, 11, 1216934), (10237, 11, 1559384), (10024, 11, 1560921), (10637, 15, 1749727), (10024, 11, 1797455), (10032, 11, 1968921), (10032, 11, 1968969), (10024, 11, 1971152), (10024, 11, 2145208), (10189, 4, 2517955), (10198, 11, 2585679)]"
10401 "[(192, 9, 13313), (192, 9, 14118), (2785, 4, 43851), (3136, 9, 95036), (1568, 9, 109191), (1164, 4, 112735), (5622, 9, 138793), (4116, 10, 145769), (1568, 9, 154355), (2545, 9, 220755), (1893, 9, 221854), (1893, 9, 221934), (1893, 9, 222775), (4054, 7, 224093), (2545, 9, 225097), (4431, 9, 250425), (1366, 9, 277150), (2545, 9, 368027), (1893, 9, 384431), (1059, 9, 435433), (1568, 9, 478927), (3217, 7, 521773), (7442, 9, 528028), (1366, 9, 564332), (1568, 9, 581152), (5359, 9, 592478), (1366, 9, 646267), (2402, 10, 662482), (1568, 9, 671429), (3168, 9, 680640), (1414, 9, 687831), (7354, 9, 752137), (1136, 15, 828400), (7442, 9, 831509), (8983, 15, 835943), (8983, 15, 873118), (7442, 9, 877870), (7442, 9, 956461), (8983, 15, 962323), (8983, 15, 964276), (1568, 9, 1010277), (8983, 15, 1085880), (8983, 15, 1094730), (1568, 9, 1160064), (1414, 9, 1172010), (7765, 7, 1198540), (7442, 9, 1201722), (9449, 9, 1252773), (2545, 9, 1256422), (2765, 11, 1259117), (1290, 15, 1259309), (1290, 15, 1259597), (5622, 9, 1265841), (6121, 15, 1305544), (5612, 9, 1339075), (2654, 15, 1427997), (157, 14, 1431752), (861, 9, 1433173), (2437, 9, 1518864), (1893, 9, 1527680), (1568, 9, 1533791), (5875, 7, 1618191), (3168, 9, 1640741), (1134, 4, 1722351), (655, 9, 1741029), (655, 9, 1741629), (655, 9, 1742431), (157, 14, 1941004), (157, 14, 1941062), (192, 9, 2010552), (1893, 9, 2047021), (5218, 15, 2053547), (1164, 4, 2171175), (4321, 9, 2211581), (9846, 4, 2240868), (4321, 9, 2297473), (7924, 9, 2299065), (5581, 9, 2303128), (2765, 11, 2459346), (2402, 10, 2471560), (1568, 9, 2481526), (163, 9, 2483821), (9839, 15, 2490879), (1568, 9, 2519960), (2785, 4, 2583550), (173, 9, 2594181)]"
1294 "[(10406, 11, 13636), (10060, 1, 26363), (10049, 7, 59439), (10053, 11, 155170), (10406, 11, 161288), (10156, 4, 216745), (10406, 11, 217289), (10032, 11, 247525), (10406, 11, 257502), (10092, 9, 345425), (10406, 11, 419646), (10791, 4, 420216), (10708, 4, 426239), (10054, 7, 426996), (10060, 1, 427811), (10406, 11, 534454), (10210, 4, 583774), (10406, 11, 931085), (10060, 1, 1037582), (10060, 1, 1038294), (10406, 11, 1120396), (10205, 7, 1385074), (10153, 12, 1425660), (10153, 12, 1471131), (10406, 11, 1558944), (10060, 1, 1624899), (10207, 1, 1711103), (10196, 11, 1728632), (10237, 11, 1734400), (10032, 11, 1795497), (10237, 11, 1806123), (10073, 9, 1871576), (10207, 1, 2150262), (10092, 9, 2296486), (10092, 9, 2325163), (10237, 11, 2331471), (10406, 11, 2404286), (10590, 9, 2404712), (10392, 7, 2408660), (10320, 4, 2412174), (10685, 9, 2479314), (10406, 11, 2589065), (10092, 9, 2652042), (10060, 1, 2652590)]"
10407 "[(1295, 1, 13640), (1295, 1, 20180), (1295, 1, 25933), (101, 13, 32791), (101, 13, 205596), (2720, 15, 230686), (6044, 15, 233936), (754, 7, 234439), (32, 9, 258789), (2859, 7, 335048), (754, 7, 337805), (754, 7, 338067), (754, 7, 340312), (6044, 15, 402673), (7415, 15, 408896), (8003, 4, 480288), (3531, 1, 500483), (3531, 1, 501103), (3531, 1, 501738), (101, 13, 551170), (7810, 14, 600609), (101, 13, 637570), (1295, 1, 643237), (4175, 10, 653713), (32, 9, 697596), (754, 7, 705608), (3362, 5, 782797), (101, 13, 810388), (32, 9, 829840), (32, 9, 859091), (8287, 10, 866577), (8287, 10, 867177), (32, 9, 870447), (3102, 7, 922200), (32, 9, 1005803), (32, 9, 1088047), (7770, 1, 1139075), (101, 13, 1155961), (3531, 1, 1164510), (6627, 13, 1191618), (32, 9, 1208014), (7770, 1, 1208602), (32, 9, 1214015), (32, 9, 1215335), (101, 13, 1242371), (7839, 4, 1242671), (32, 9, 1267927), (3102, 7, 1269175), (32, 9, 1270270), (3102, 7, 1275935), (3102, 7, 1276851), (32, 9, 1279574), (3102, 7, 1280648), (3102, 7, 1281193), (32, 9, 1293930), (3102, 7, 1295164), (32, 9, 1297600), (3102, 7, 1299074), (32, 9, 1348413), (32, 9, 1358713), (3102, 7, 1376381), (5033, 4, 1410994), (101, 13, 1415171), (7415, 15, 1443224), (3102, 7, 1454482), (7839, 4, 1455963), (32, 9, 1463559), (6627, 13, 1547816), (32, 9, 1563069), (7839, 4, 1683928), (7839, 4, 1683964), (7839, 4, 1723077), (101, 13, 1760771), (6044, 15, 1780688), (6044, 15, 1780800), (32, 9, 1803380), (32, 9, 1818848), (7839, 4, 1843404), (101, 13, 1847163), (3867, 13, 1852418), (9845, 15, 1869256), (4379, 8, 1895489), (4379, 8, 1896240), (101, 13, 2019971), (5062, 9, 2081597), (7839, 4, 2149912), (681, 7, 2183002), (7815, 7, 2185892), (7839, 4, 2196854), (3102, 7, 2278600), (1295, 1, 2279472), (1295, 1, 2344772), (1295, 1, 2345894), (1295, 1, 2353835), (1295, 1, 2354643), (7770, 1, 2357174), (7770, 1, 2359585), (101, 13, 2365560), (655, 9, 2372219), (6627, 13, 2401424), (8287, 10, 2415901), (8287, 10, 2423472), (101, 13, 2451970), (8287, 10, 2482547), (3102, 7, 2500573), (8810, 13, 2564673), (7415, 15, 2578509), (101, 13, 2624771)]"
1310 "[(10076, 7, 14358), (10521, 13, 23235), (10076, 7, 179047), (10331, 7, 194682), (10122, 4, 426398), (10076, 7, 608248), (10076, 7, 608333), (10016, 8, 651777), (10076, 7, 738802), (10026, 5, 1670254), (10019, 8, 1732100), (10779, 7, 1741297), (10076, 7, 1929289), (10009, 7, 2356461), (10090, 4, 2359239), (10090, 4, 2359332), (10026, 5, 2598269)]"
10426 "[(1329, 13, 14866), (1329, 13, 17593), (1329, 13, 25993), (1903, 4, 31072), (358, 7, 67922), (4395, 14, 73360), (1465, 10, 76207), (5891, 9, 159406), (1153, 7, 284973), (283, 7, 342793), (283, 7, 343409), (5132, 9, 371298), (283, 7, 386662), (5039, 15, 397062), (8194, 9, 424632), (8194, 9, 425239), (8194, 9, 426017), (5041, 9, 432228), (8003, 4, 434918), (6057, 12, 485724), (283, 7, 515120), (283, 7, 534301), (5039, 15, 555296), (5039, 15, 555348), (7806, 3, 559430), (4395, 14, 585910), (6353, 7, 596501), (6353, 7, 597164), (4584, 4, 614816), (2085, 7, 640775), (8348, 12, 641300), (8348, 12, 642454), (8348, 12, 643148), (8348, 12, 643812), (8348, 12, 644607), (8348, 12, 645256), (8348, 12, 645886), (8348, 12, 646700), (163, 9, 648154), (5440, 13, 719274), (2392, 8, 751372), (952, 4, 784798), (9060, 9, 842418), (7052, 9, 851260), (7052, 9, 851350), (8633, 9, 862450), (7518, 4, 875696), (7518, 4, 875751), (5440, 13, 891608), (8349, 14, 897744), (5062, 9, 965300), (8003, 4, 1004088), (9060, 9, 1004321), (3803, 5, 1037356), (8449, 7, 1108176), (2785, 4, 1122376), (2785, 4, 1122786), (5062, 9, 1138046), (5141, 9, 1141121), (3961, 8, 1177890), (8643, 9, 1180212), (4878, 7, 1197700), (3736, 7, 1227917), (6057, 12, 1258806), (6057, 12, 1258991), (3578, 12, 1267957), (3578, 12, 1268051), (1473, 3, 1294968), (3320, 10, 1297803), (2043, 8, 1351931), (4613, 9, 1382008), (1915, 15, 1457393), (5155, 1, 1463480), (9434, 9, 1518471), (700, 8, 1537316), (409, 14, 1541295), (5556, 4, 1590601), (3238, 1, 1595806), (9060, 9, 1604682), (2469, 13, 1622151), (2469, 13, 1623428), (2469, 13, 1624027), (6091, 5, 1630461), (6539, 7, 1638473), (9517, 14, 1653317), (183, 15, 1668224), (183, 15, 1668376), (6548, 7, 1737399), (283, 7, 1754613), (283, 7, 1754840), (3940, 9, 1761316), (3940, 9, 1761956), (2622, 1, 1805587), (1324, 4, 1809018), (9845, 15, 1936452), (283, 7, 1942830), (283, 7, 1943106), (9874, 12, 1943607), (2467, 13, 1958279), (283, 7, 1973026), (9448, 9, 1980721), (547, 15, 1994480), (5984, 14, 1996972), (2997, 12, 2010811), (1473, 3, 2016989), (8547, 15, 2069120), (4245, 8, 2078100), (9517, 14, 2087472), (9517, 14, 2089067), (5440, 13, 2100455), (3961, 8, 2232794), (3961, 8, 2233279), (283, 7, 2287050), (283, 7, 2319643), (8194, 9, 2325259), (3168, 9, 2342500), (598, 1, 2446929), (598, 1, 2447095), (163, 9, 2522093), (8299, 12, 2544470), (9900, 9, 2557506), (9434, 9, 2570518), (2875, 15, 2583998)]"
732 "[(10032, 11, 15672), (10026, 5, 520976), (10032, 11, 525321), (10026, 5, 729903), (10032, 11, 947422), (10032, 11, 1306272), (10032, 11, 2060214), (10026, 5, 2420723)]"
1435 "[(10090, 4, 15731), (10374, 9, 574042), (10054, 7, 580084), (10253, 1, 610913), (10253, 1, 613226), (10032, 11, 680977), (10032, 11, 710857), (10008, 11, 770395), (10054, 7, 771517), (10155, 15, 871109), (10054, 7, 964045), (10032, 11, 1032683), (10585, 13, 1229850), (10054, 7, 1232763), (10032, 11, 1312983), (10032, 11, 1313026), (10032, 11, 1313883), (10032, 11, 1369947), (10324, 1, 1475028), (10761, 9, 1570908), (10324, 1, 1883561), (10015, 13, 1884204), (10196, 11, 2068916), (10424, 15, 2405061), (10053, 11, 2578481)]"
10209 "[(598, 1, 15742), (1965, 11, 37336), (3915, 7, 63165), (4567, 1, 77451), (584, 15, 91979), (4430, 1, 97779), (4182, 7, 98943), (5442, 7, 116567), (6216, 5, 151118), (550, 7, 156792), (1965, 11, 178258), (174, 5, 191995), (1965, 11, 210255), (1436, 10, 212175), (456, 7, 234807), (456, 7, 234836), (5157, 11, 251717), (4613, 9, 253382), (174, 5, 254468), (5121, 4, 254846), (6504, 4, 339206), (1059, 9, 353918), (3140, 4, 372723), (2981, 1, 424696), (5442, 7, 476534), (6780, 9, 516935), (5848, 7, 520727), (2704, 9, 573862), (1059, 9, 576045), (2824, 7, 576666), (6533, 9, 583280), (1965, 11, 602616), (6509, 15, 627938), (1059, 9, 652603), (6533, 9, 668889), (1414, 9, 678314), (1129, 7, 687339), (6504, 4, 693180), (1965, 11, 703600), (675, 4, 729462), (4640, 11, 732084), (4991, 7, 765933), (7995, 7, 800994), (4894, 9, 807336), (2981, 1, 832634), (4636, 4, 854043), (2355, 4, 856515), (5157, 11, 869741), (1965, 11, 892156), (1321, 13, 917474), (1321, 13, 941677), (1527, 5, 942075), (5157, 11, 964397), (1965, 11, 967170), (1436, 10, 985059), (2969, 9, 1015095), (6216, 5, 1021319), (3585, 7, 1024310), (598, 1, 1054123), (14, 7, 1104711), (1527, 5, 1113405), (7633, 11, 1194518), (3083, 4, 1205143), (7875, 7, 1209458), (4636, 4, 1213412), (1252, 7, 1250945), (6922, 8, 1264822), (4613, 9, 1278072), (9349, 7, 1304060), (9349, 7, 1322754), (2981, 1, 1368535), (4790, 13, 1368967), (6504, 4, 1369311), (3696, 5, 1371896), (1965, 11, 1393915), (1965, 11, 1393967), (4998, 5, 1402876), (1436, 10, 1411184), (5121, 4, 1431334), (8430, 8, 1432269), (2981, 1, 1453468), (3156, 11, 1461245), (4640, 11, 1477071), (1653, 7, 1489901), (4640, 11, 1505062), (5581, 9, 1508879), (935, 4, 1535064), (6504, 4, 1543721), (4377, 7, 1543999), (533, 7, 1569893), (6216, 5, 1614082), (3910, 7, 1614767), (1527, 5, 1617348), (6504, 4, 1651614), (1602, 8, 1655506), (5581, 9, 1677281), (1059, 9, 1718833), (2981, 1, 1766610), (2500, 7, 1788486), (2337, 1, 1808367), (1602, 8, 1813019), (9349, 7, 1839253), (9349, 7, 1839932), (1433, 11, 1866120), (7877, 1, 1886188), (9349, 7, 1913387), (5157, 11, 1919011), (8978, 8, 1976902), (14, 7, 1980988), (4894, 9, 1987125), (5157, 11, 2002258), (5157, 11, 2011785), (4636, 4, 2051895), (406, 7, 2069029), (3681, 9, 2077650), (3910, 7, 2186024), (3275, 7, 2207295), (406, 7, 2214202), (1527, 5, 2225995), (1341, 13, 2241526), (6394, 7, 2244880), (4894, 9, 2247739), (4251, 1, 2254492), (3344, 7, 2260468), (406, 7, 2261262), (3853, 11, 2283129), (2337, 1, 2288424), (538, 7, 2295198), (406, 7, 2299209), (9349, 7, 2359918), (9349, 7, 2413301), (5157, 11, 2429884), (2869, 7, 2441202), (7877, 1, 2453739), (7819, 5, 2477212), (9923, 9, 2483208), (8430, 8, 2501846), (588, 12, 2524509), (5157, 11, 2527522), (6848, 7, 2538352), (1252, 7, 2557325), (9409, 14, 2568315), (6359, 7, 2576756), (2266, 11, 2643344), (2085, 7, 2658497)]"
1471 "[(10076, 7, 16252), (10076, 7, 16738), (10009, 7, 19871), (10215, 5, 172976), (10215, 5, 185418), (10009, 7, 338384), (10278, 9, 363264), (10022, 9, 363342), (10009, 7, 363416), (10009, 7, 363483), (10215, 5, 405935), (10215, 5, 405965), (10551, 14, 415386), (10215, 5, 459755), (10122, 4, 531130), (10215, 5, 584200), (10122, 4, 605661), (10331, 7, 606653), (10120, 11, 615460), (10090, 4, 620374), (10174, 9, 795919), (10215, 5, 968254), (10111, 7, 1150101), (10215, 5, 1314001), (10381, 10, 1318876), (10551, 14, 1324179), (10551, 14, 1444726), (10009, 7, 1488987), (10770, 15, 1494877), (10215, 5, 1537371), (10215, 5, 1537463), (10648, 4, 1537483), (10242, 4, 1538172), (10009, 7, 1578121), (10009, 7, 1578150), (10215, 5, 1626316), (10215, 5, 1626775), (10215, 5, 1659216), (10551, 14, 1666329), (10551, 14, 1789664), (10215, 5, 1824748), (10215, 5, 1825291), (10215, 5, 1825337), (10540, 4, 1976730), (10090, 4, 1977298), (10215, 5, 2072199), (10215, 5, 2225539), (10122, 4, 2247353), (10551, 14, 2252918), (10540, 4, 2254466), (10048, 15, 2254600), (10551, 14, 2261705), (10551, 14, 2446102), (10593, 7, 2448087), (10053, 11, 2522808), (10122, 4, 2528401), (10122, 4, 2530021), (10009, 7, 2580636), (10122, 4, 2601065), (10551, 14, 2605545)]"
1547 "[(10090, 4, 17604), (10021, 15, 18205), (10564, 10, 34928), (10007, 11, 40934), (10369, 13, 45318), (10007, 11, 46628), (10317, 1, 47513), (10214, 9, 50931), (10235, 9, 56077), (10122, 4, 58023), (10134, 8, 58621), (10342, 4, 59237), (10534, 9, 61823), (10591, 1, 67579), (10394, 11, 99732), (10049, 7, 104649), (10369, 13, 107201), (10384, 2, 108188), (10068, 3, 109518), (10137, 9, 111753), (10005, 8, 112820), (10114, 4, 115968), (10065, 1, 118481), (10065, 1, 119080), (10122, 4, 119863), (10270, 3, 120727), (10372, 9, 122953), (10272, 15, 126586), (10038, 14, 129745), (10229, 9, 131349), (10083, 15, 132948), (10312, 8, 134155), (10083, 15, 149226), (10083, 15, 149827), (10376, 9, 150510), (10068, 3, 284517), (10544, 7, 286602), (10005, 8, 291561), (10005, 8, 292928), (10049, 7, 305902), (10005, 8, 307592), (10083, 15, 309754), (10315, 4, 319567), (10548, 1, 320168), (10083, 15, 321958), (10331, 7, 396012), (10025, 3, 396612)]"
1560 "[(10176, 9, 17840), (10176, 9, 49227), (10032, 11, 700180), (10176, 9, 824956), (10176, 9, 825391), (10142, 1, 1145704), (10315, 4, 1262693), (10494, 7, 1301840), (10494, 7, 1302544), (10059, 1, 1312240), (10235, 9, 1388656), (10264, 1, 1390210), (10264, 1, 1391550), (10264, 1, 1392469), (10315, 4, 1394064), (10315, 4, 1394611), (10264, 1, 1424785), (10176, 9, 1563165), (10053, 11, 1943703), (10092, 9, 2239172), (10059, 1, 2488320), (10176, 9, 2558542), (10137, 9, 2558715), (10032, 11, 2665126)]"
10457 "[(101, 13, 18320), (101, 13, 104727), (4080, 1, 247416), (101, 13, 363920), (101, 13, 450320), (101, 13, 536713), (101, 13, 623120), (101, 13, 709518), (5682, 12, 909230), (3537, 14, 960979), (101, 13, 968712), (101, 13, 1055112), (101, 13, 1141520), (101, 13, 1227922), (4080, 1, 1280976), (1697, 14, 1282147), (4080, 1, 1288173), (101, 13, 1314327), (4080, 1, 1380599), (4080, 1, 1381563), (101, 13, 1573512), (101, 13, 1659913), (101, 13, 1746312), (101, 13, 1832721), (101, 13, 1919118), (101, 13, 2178312), (101, 13, 2264713), (101, 13, 2351112), (101, 13, 2437520), (8925, 7, 2464880), (101, 13, 2523926)]"
1690 "[(10002, 0, 20418), (10002, 0, 32054), (10002, 0, 69316), (10002, 0, 92769), (10002, 0, 154465), (10002, 0, 240153), (10002, 0, 269807), (10002, 0, 339564), (10002, 0, 361051), (10002, 0, 362427), (10002, 0, 414069), (10002, 0, 440923), (10002, 0, 521063), (10002, 0, 592754), (10002, 0, 607682), (10002, 0, 690799), (10002, 0, 928972), (10002, 0, 964337), (10002, 0, 1018477), (10002, 0, 1047173), (10002, 0, 1051362), (10002, 0, 1054825), (10002, 0, 1117102), (10002, 0, 1128007), (10002, 0, 1136797), (10002, 0, 1203583), (10002, 0, 1203896), (10002, 0, 1203936), (10002, 0, 1208103), (10002, 0, 1213775), (10002, 0, 1231198), (10002, 0, 1283642), (10002, 0, 1295108), (10002, 0, 1296431), (10002, 0, 1368658), (10002, 0, 1381448), (10002, 0, 1407130), (10002, 0, 1477554), (10002, 0, 1481741), (10002, 0, 1534718), (10002, 0, 1536946), (10002, 0, 1542306), (10002, 0, 1550837), (10002, 0, 1558068), (10002, 0, 1650749), (10002, 0, 1661249), (10002, 0, 1661575), (10002, 0, 1662207), (10002, 0, 1710098), (10002, 0, 1728392), (10002, 0, 1828113), (10002, 0, 1889161), (10002, 0, 1894348), (10002, 0, 1902614), (10002, 0, 1931427), (10002, 0, 1937948), (10002, 0, 1970364), (10002, 0, 1989051), (10002, 0, 2042763), (10002, 0, 2054620), (10002, 0, 2090090), (10002, 0, 2135739), (10002, 0, 2166670), (10002, 0, 2228576), (10002, 0, 2293873), (10002, 0, 2294822), (10002, 0, 2353227), (10002, 0, 2462516), (10002, 0, 2463893), (10085, 10, 2487009), (10002, 0, 2669980), (10002, 0, 2673151)]"
10499 "[(1705, 12, 20818), (4185, 12, 68964), (5679, 15, 130841), (1465, 10, 157647), (4542, 13, 221495), (5679, 15, 222602), (5679, 15, 321959), (4703, 15, 405504), (5679, 15, 460969), (1705, 12, 465276), (101, 13, 486451), (1897, 13, 489680), (4185, 12, 534353), (1308, 11, 602648), (1308, 11, 603405), (5679, 15, 736869), (4542, 13, 827709), (5679, 15, 848465), (7707, 12, 880940), (7707, 12, 881831), (7707, 12, 882496), (7707, 12, 883237), (7707, 12, 884328), (7707, 12, 885310), (5645, 10, 891083), (5679, 15, 910683), (5213, 9, 942259), (5679, 15, 996154), (5679, 15, 1076937), (101, 13, 1091265), (1897, 13, 1102361), (5679, 15, 1337896), (5679, 15, 1338895), (3614, 8, 1351268), (9597, 13, 1400283), (1915, 15, 1426605), (5679, 15, 1426954), (4542, 13, 1431943), (4703, 15, 1528016), (5213, 9, 1535214), (4542, 13, 1540381), (4542, 13, 1604237), (5679, 15, 1690328), (4542, 13, 1690820), (101, 13, 1696061), (8690, 14, 1710275), (8627, 12, 1789378), (5679, 15, 1948072), (6958, 15, 1948528), (5679, 15, 1962125), (4080, 1, 1976972), (1392, 10, 1989739), (6962, 12, 2025241), (5583, 13, 2032414), (4080, 1, 2086667), (5213, 9, 2102949), (5213, 9, 2103026), (5679, 15, 2124972), (9573, 12, 2194528), (5679, 15, 2213586), (9951, 9, 2229856), (3103, 4, 2239551), (9573, 12, 2270331), (9573, 12, 2284147), (9573, 12, 2285553), (9573, 12, 2286338), (9573, 12, 2287082), (9573, 12, 2287835), (9573, 12, 2288518), (5679, 15, 2293182), (101, 13, 2300852), (9573, 12, 2525134), (9573, 12, 2525801), (9573, 12, 2526449), (9573, 12, 2527671), (9573, 12, 2529108), (5213, 9, 2529500), (9801, 12, 2551043), (5679, 15, 2556395), (5679, 15, 2646763)]"
1094 "[(10032, 11, 21970), (10032, 11, 62619), (10032, 11, 68890), (10032, 11, 179276), (10032, 11, 336256), (10442, 1, 432657), (10032, 11, 514628), (10032, 11, 755853), (10032, 11, 790393), (10032, 11, 790450), (10032, 11, 920535), (10032, 11, 921304), (10032, 11, 964239), (10032, 11, 964355), (10032, 11, 965133), (10032, 11, 1041654), (10032, 11, 1133461), (10032, 11, 1214922), (10032, 11, 1226763), (10032, 11, 1389198), (10032, 11, 1483802), (10032, 11, 1483921), (10032, 11, 1561774), (10032, 11, 1566335), (10032, 11, 1714611), (10032, 11, 1724652), (10032, 11, 1745350), (10032, 11, 1750475), (10032, 11, 1820627), (10032, 11, 1825816), (10032, 11, 1971367), (10032, 11, 2063118), (10032, 11, 2063125)]"
1787 "[(10080, 1, 22448), (10577, 7, 35930), (10309, 13, 84824), (10442, 1, 90757), (10054, 7, 121272), (10345, 11, 170090), (10345, 11, 196127), (10690, 10, 273953), (10690, 10, 278170), (10019, 8, 292160), (10072, 9, 292885), (10092, 9, 333051), (10054, 7, 337161), (10054, 7, 337231), (10345, 11, 364899), (10092, 9, 429167), (10309, 13, 519246), (10092, 9, 519281), (10092, 9, 519589), (10345, 11, 520158), (10309, 13, 520465), (10374, 9, 520597), (10309, 13, 537792), (10072, 9, 608236), (10016, 8, 613138), (10016, 8, 613327), (10092, 9, 631572), (10690, 10, 685840), (10054, 7, 688127), (10054, 7, 688197), (10410, 7, 690225), (10092, 9, 690370), (10690, 10, 702970), (10690, 10, 703064), (10690, 10, 703387), (10309, 13, 705661), (10690, 10, 709956), (10690, 10, 803727), (10092, 9, 856297), (10714, 15, 857581), (10690, 10, 858228), (10016, 8, 858892), (10309, 13, 872699), (10725, 4, 888541), (10345, 11, 889663), (10019, 8, 961602), (10176, 9, 1051023), (10019, 8, 1051220), (10008, 11, 1148974), (10530, 12, 1228876), (10345, 11, 1234380), (10345, 11, 1288070), (10345, 11, 1315990), (10345, 11, 1398421), (10345, 11, 1398507), (10442, 1, 1415809), (10345, 11, 1490874), (10690, 10, 1550570), (10345, 11, 1552335), (10345, 11, 1553392), (10309, 13, 1573735), (10276, 13, 1578928), (10345, 11, 1658314), (10690, 10, 1720283), (10345, 11, 1738263), (10690, 10, 1811822), (10345, 11, 1909186), (10345, 11, 1911466), (10442, 1, 1911745), (10442, 1, 1972664), (10442, 1, 1980859), (10309, 13, 1986295), (10690, 10, 1997633), (10459, 1, 2063087), (10092, 9, 2063260), (10345, 11, 2095048), (10459, 1, 2095249), (10106, 7, 2165854), (10092, 9, 2172178), (10080, 1, 2238886), (10345, 11, 2264571), (10345, 11, 2270446), (10345, 11, 2331982), (10345, 11, 2344461), (10309, 13, 2354356), (10101, 7, 2360123), (10690, 10, 2361511), (10345, 11, 2413163), (10345, 11, 2413277), (10345, 11, 2437774), (10092, 9, 2508574), (10690, 10, 2510107), (10345, 11, 2526133), (10211, 8, 2526248), (10092, 9, 2580362), (10072, 9, 2580666), (10080, 1, 2581945), (10442, 1, 2584969), (10345, 11, 2608759), (10073, 9, 2619272), (10176, 9, 2676261), (10064, 9, 2678341)]"
1792 "[(10120, 11, 22558), (10272, 15, 362177), (10806, 14, 602705), (10806, 14, 603427), (10053, 11, 607512), (10054, 7, 670716), (10272, 15, 690588), (10272, 15, 691065), (10272, 15, 691753), (10272, 15, 913483), (10634, 4, 962052), (10272, 15, 1046319), (10272, 15, 1046922), (10054, 7, 1219457), (10072, 9, 1355105), (10789, 7, 1551258), (10054, 7, 1810968), (10054, 7, 1810999), (10149, 7, 1878776), (10272, 15, 2000705), (10789, 7, 2090026), (10272, 15, 2389186), (10053, 11, 2594081), (10054, 7, 2600593), (10054, 7, 2600996), (10219, 10, 2644671), (10219, 10, 2646121)]"
1826 "[(10024, 11, 23129), (10024, 11, 40530), (10536, 4, 225245), (10090, 4, 258950), (10015, 13, 425540), (10449, 15, 448728), (10478, 4, 453705), (10024, 11, 704669), (10376, 9, 705972), (10264, 1, 720135), (10264, 1, 720983), (10007, 11, 962090), (10152, 8, 966952), (10143, 2, 1119979), (10015, 13, 1324532), (10264, 1, 1331660), (10175, 13, 1332875), (10175, 13, 1341362), (10175, 13, 1385561), (10647, 14, 1571122), (10024, 11, 1849958), (10016, 8, 1906858), (10795, 7, 1923957), (10198, 11, 1925844), (10427, 10, 2005946), (10024, 11, 2096832), (10204, 1, 2105933), (10062, 1, 2235938), (10175, 13, 2319661), (10175, 13, 2348860), (10175, 13, 2434748), (10175, 13, 2437859), (10175, 13, 2447460), (10054, 7, 2533106), (10024, 11, 2537335), (10024, 11, 2539259), (10024, 11, 2671768)]"
1068 "[(10354, 1, 23428), (10092, 9, 44225), (10304, 9, 314763), (10033, 15, 903880), (10033, 15, 909007), (10052, 15, 1016892), (10033, 15, 1039226), (10504, 13, 1042549), (10658, 1, 1217266), (10000, 9, 1289106), (10658, 1, 1337164), (10658, 1, 1464695), (10033, 15, 1467053), (10033, 15, 1467966), (10658, 1, 1476266), (10625, 15, 1476562), (10033, 15, 1755859), (10272, 15, 1824812), (10272, 15, 1826277), (10272, 15, 1827430), (10272, 15, 1828050), (10387, 14, 1888519), (10033, 15, 1925357), (10033, 15, 2141668), (10033, 15, 2141792), (10038, 14, 2143040), (10033, 15, 2169259), (10033, 15, 2169701), (10033, 15, 2174136), (10038, 14, 2174224), (10033, 15, 2175362), (10038, 14, 2199128), (10033, 15, 2199870), (10031, 14, 2203302), (10033, 15, 2503048), (10033, 15, 2546355), (10033, 15, 2547864)]"
10186 "[(1170, 10, 23705), (1944, 4, 25647), (1944, 4, 27168), (2327, 12, 34201), (1944, 4, 41346), (2695, 3, 44834), (195, 14, 50634), (1359, 9, 55255), (233, 4, 60356), (195, 14, 66576), (553, 7, 90355), (5037, 4, 94355), (101, 13, 133942), (6246, 8, 150980), (6535, 15, 163827), (4772, 11, 169194), (482, 1, 208209), (7083, 11, 216300), (2559, 3, 245032), (7083, 11, 265485), (5037, 4, 265898), (6495, 10, 269744), (6702, 15, 278594), (1906, 7, 288525), (7083, 11, 304527), (7083, 11, 305297), (553, 7, 321900), (7896, 1, 327493), (7785, 10, 342326), (7407, 1, 356871), (5239, 2, 362694), (6246, 8, 367145), (3360, 14, 386961), (1632, 4, 415291), (26, 15, 424748), (3360, 14, 465749), (3360, 14, 466046), (4916, 4, 467385), (4916, 4, 473420), (7083, 11, 482328), (7083, 11, 483048), (5037, 4, 507460), (8390, 9, 512471), (4902, 1, 520156), (5239, 2, 526209), (4015, 15, 569361), (4015, 15, 577318), (3457, 3, 591051), (3457, 3, 591651), (1975, 7, 593784), (4916, 4, 597364), (4916, 4, 597474), (5037, 4, 621711), (7994, 15, 637789), (3360, 14, 640282), (4941, 10, 657705), (3279, 3, 668731), (8845, 9, 683476), (5037, 4, 718754), (5239, 2, 723050), (6427, 12, 723904), (490, 9, 725082), (7148, 8, 737688), (101, 13, 738770), (5037, 4, 740237), (337, 15, 761163), (8709, 4, 764944), (6495, 10, 777490), (3279, 3, 779113), (3279, 3, 780803), (3279, 3, 782726), (3279, 3, 784187), (8845, 9, 810871), (7564, 11, 871606), (4885, 8, 899684), (8528, 11, 904980), (490, 9, 926511), (2559, 3, 943471), (4916, 4, 949740), (3279, 3, 957222), (1975, 7, 958124), (4185, 12, 970405), (4916, 4, 970770), (2122, 15, 1015304), (6427, 12, 1019391), (337, 15, 1035869), (490, 9, 1072855), (1254, 1, 1094376), (5037, 4, 1108074), (91, 12, 1108693), (4185, 12, 1128183), (729, 11, 1146543), (8768, 11, 1147202), (26, 15, 1184515), (2695, 3, 1195342), (2695, 3, 1196068), (1906, 7, 1202962), (7083, 11, 1203376), (8352, 10, 1209979), (6203, 11, 1217029), (7896, 1, 1223441), (482, 1, 1239198), (8709, 4, 1246913), (2122, 15, 1258808), (3279, 3, 1263095), (4941, 10, 1270428), (7083, 11, 1275749), (490, 9, 1275841), (490, 9, 1275912), (3824, 10, 1276325), (7083, 11, 1283745), (6495, 10, 1284718), (60, 5, 1310834), (7896, 1, 1314597), (101, 13, 1343588), (1944, 4, 1345558), (1944, 4, 1347665), (337, 15, 1367934), (7896, 1, 1369829), (3279, 3, 1370177), (8709, 4, 1372544), (233, 4, 1382430), (6427, 12, 1386788), (8634, 4, 1446621), (6392, 1, 1446702), (7896, 1, 1462421), (3279, 3, 1463615), (1944, 4, 1507182), (1359, 9, 1508259), (1944, 4, 1508608), (1254, 1, 1537105), (3739, 4, 1541102), (7083, 11, 1543542), (60, 5, 1563262), (26, 15, 1618291), (1359, 9, 1637218), (3457, 3, 1694317), (337, 15, 1699549), (3739, 4, 1704755), (3739, 4, 1705407), (8264, 1, 1714849), (7336, 3, 1719571), (7336, 3, 1720875), (3739, 4, 1724148), (7336, 3, 1725862), (3739, 4, 1729496), (125, 8, 1733555), (4941, 10, 1760836), (7762, 11, 1772096), (3739, 4, 1773164), (3279, 3, 1802077), (4185, 12, 1817293), (4185, 12, 1824194), (4185, 12, 1824998), (7762, 11, 1858424), (4185, 12, 1858450), (5573, 1, 1859675), (7762, 11, 1863114), (8142, 15, 1863571), (3982, 4, 1883353), (7762, 11, 1912956), (5037, 4, 1921525), (101, 13, 1948357), (3279, 3, 1960806), (3279, 3, 1963970), (5037, 4, 1966338), (3279, 3, 1966415), (5037, 4, 1966613), (6495, 10, 1966738), (3279, 3, 1967354), (8794, 10, 2000049), (4185, 12, 2011243), (8768, 11, 2012181), (2043, 8, 2015994), (7150, 13, 2051097), (3279, 3, 2058391), (3317, 3, 2064124), (8390, 9, 2070488), (8390, 9, 2076503), (3279, 3, 2080662), (1975, 7, 2093360), (7148, 8, 2124917), (4916, 4, 2127778), (3739, 4, 2136543), (9492, 2, 2144851), (60, 5, 2171800), (9550, 12, 2184335), (337, 15, 2210743), (8768, 11, 2228570), (2122, 15, 2230552), (5037, 4, 2234296), (9894, 15, 2241554), (6495, 10, 2244144), (2235, 13, 2255204), (8768, 11, 2257223), (3279, 3, 2259465), (2235, 13, 2277594), (1625, 2, 2279143), (4304, 15, 2282965), (7148, 8, 2293939), (1944, 4, 2297520), (337, 15, 2307688), (9952, 11, 2318027), (9492, 2, 2332187), (6028, 15, 2387554), (6710, 4, 2391492), (8390, 9, 2396648), (4916, 4, 2401028), (2559, 3, 2411546), (2559, 3, 2411947), (1254, 1, 2475661), (482, 1, 2489360), (3279, 3, 2491145), (7150, 13, 2494701), (3655, 8, 2510607), (9862, 7, 2511008), (3655, 8, 2511273), (3655, 8, 2511889), (60, 5, 2553051), (101, 13, 2553168), (4586, 10, 2554255), (6713, 1, 2568297), (3279, 3, 2574274), (3655, 8, 2579613), (6713, 1, 2583038), (1212, 10, 2599438)]"
1857 "[(10187, 15, 23711), (10601, 15, 45854), (10019, 8, 103654), (10138, 11, 324701), (10798, 13, 334993), (10601, 15, 416190), (10019, 8, 471140), (10187, 15, 506273), (10019, 8, 507921), (10019, 8, 555345), (10601, 15, 560506), (10019, 8, 582172), (10019, 8, 649409), (10552, 4, 696180), (10019, 8, 802786), (10187, 15, 816401), (10601, 15, 845487), (10019, 8, 847486), (10552, 4, 863428), (10019, 8, 906509), (10187, 15, 1101108), (10019, 8, 1143607), (10684, 14, 1150173), (10064, 9, 1151088), (10601, 15, 1180845), (10601, 15, 1764029), (10019, 8, 1766616)]"
1914 "[(10091, 3, 25079), (10019, 8, 158110), (10091, 3, 352702), (10054, 7, 361449), (10054, 7, 597272), (10054, 7, 673626), (10054, 7, 1529219), (10054, 7, 1659111), (10156, 4, 2116396), (10054, 7, 2262929), (10054, 7, 2263893), (10196, 11, 2440787), (10412, 11, 2487532), (10007, 11, 2488036)]"
1795 "[(10007, 11, 26659), (10007, 11, 289090), (10412, 11, 289987), (10054, 7, 293235), (10032, 11, 304366), (10072, 9, 308131), (10032, 11, 368526), (10054, 7, 383122), (10446, 15, 454206), (10446, 15, 454814), (10032, 11, 564988), (10054, 7, 804151), (10032, 11, 895291), (10296, 9, 1077942), (10053, 11, 1226935), (10054, 7, 1416975), (10259, 7, 1421131), (10032, 11, 1424050), (10032, 11, 1586312), (10032, 11, 1680196), (10032, 11, 1780655), (10032, 11, 1845968), (10032, 11, 1936376), (10032, 11, 1942808), (10054, 7, 1943997), (10032, 11, 1944164), (10032, 11, 2028127), (10032, 11, 2028726), (10054, 7, 2463549), (10032, 11, 2551994), (10054, 7, 2621359), (10054, 7, 2621461), (10406, 11, 2621583)]"
10537 "[(1981, 3, 26666), (5464, 10, 118013), (5667, 3, 131869), (5667, 3, 143288), (5464, 10, 157928), (861, 9, 189110), (5667, 3, 216153), (1981, 3, 216418), (5667, 3, 227930), (4605, 3, 227972), (6585, 8, 229788), (5940, 2, 230399), (4605, 3, 264118), (861, 9, 270901), (5464, 10, 284816), (5667, 3, 300990), (6585, 8, 336400), (5667, 3, 352644), (7692, 2, 352743), (3339, 2, 365560), (861, 9, 369516), (5464, 10, 400143), (4605, 3, 400257), (4605, 3, 404501), (6492, 2, 411594), (6492, 2, 487370), (6492, 2, 499049), (7692, 2, 568771), (7692, 2, 569133), (2704, 9, 573973), (7264, 10, 580513), (6379, 3, 595367), (8327, 10, 596556), (7692, 2, 614010), (7692, 2, 617659), (7692, 2, 618486), (6585, 8, 634685), (7692, 2, 673171), (7692, 2, 674870), (6585, 8, 677941), (4605, 3, 684119), (5464, 10, 716358), (2491, 9, 728632), (3711, 2, 731011), (5667, 3, 735934), (1467, 9, 791736), (861, 9, 805555), (6585, 8, 806922), (6585, 8, 807151), (5464, 10, 812975), (3711, 2, 816399), (5667, 3, 819242), (5667, 3, 823412), (4605, 3, 853200), (4605, 3, 878444), (5464, 10, 892756), (7692, 2, 899632), (3711, 2, 903372), (5667, 3, 907150), (5667, 3, 919657), (8839, 3, 944853), (6585, 8, 965696), (5667, 3, 993373), (3711, 2, 994750), (5667, 3, 1008406), (8839, 3, 1042918), (6585, 8, 1061234), (3711, 2, 1075825), (5667, 3, 1078291), (5667, 3, 1088877), (8839, 3, 1089303), (5464, 10, 1095267), (7264, 10, 1103809), (8839, 3, 1105460), (5667, 3, 1114070), (7692, 2, 1131406), (5667, 3, 1163637), (8839, 3, 1190027), (6353, 7, 1255801), (5667, 3, 1258132), (8839, 3, 1261206), (8839, 3, 1288273), (9479, 13, 1288880), (4605, 3, 1293429), (4558, 13, 1301230), (5464, 10, 1329126), (9589, 13, 1336030), (5667, 3, 1341025), (8839, 3, 1347135), (5667, 3, 1352610), (4605, 3, 1361337), (5667, 3, 1366551), (8839, 3, 1393542), (5464, 10, 1405632), (8866, 4, 1418926), (3711, 2, 1421344), (5667, 3, 1424588), (8839, 3, 1434443), (5667, 3, 1436042), (6492, 2, 1440702), (4605, 3, 1444236), (9589, 13, 1446211), (8866, 4, 1458580), (5800, 14, 1458969), (8839, 3, 1465039), (8866, 4, 1470817), (9589, 13, 1477871), (8866, 4, 1499775), (9589, 13, 1505527), (8839, 3, 1511193), (5667, 3, 1512227), (4605, 3, 1521351), (6492, 2, 1524460), (8839, 3, 1547543), (5667, 3, 1547901), (8866, 4, 1585410), (8866, 4, 1589987), (8839, 3, 1597259), (5667, 3, 1600893), (5464, 10, 1617612), (5667, 3, 1618470), (4605, 3, 1619486), (8866, 4, 1633994), (8839, 3, 1639510), (8839, 3, 1646234), (8866, 4, 1673200), (3339, 2, 1679221), (3339, 2, 1679376), (5667, 3, 1685407), (8839, 3, 1694358), (5667, 3, 1697932), (5667, 3, 1709396), (8839, 3, 1736600), (9589, 13, 1737792), (5667, 3, 1738896), (861, 9, 1777091), (8839, 3, 1778073), (5667, 3, 1779567), (5667, 3, 1828453), (8839, 3, 1864128), (8839, 3, 1876862), (6492, 2, 1886141), (6585, 8, 1895036), (8839, 3, 1903018), (6585, 8, 1919518), (8839, 3, 1941538), (5667, 3, 1943820), (2556, 2, 1944262), (4605, 3, 1956624), (5667, 3, 1957527), (6964, 2, 1958534), (6492, 2, 1963476), (8839, 3, 1968958), (5667, 3, 1969119), (8839, 3, 1996139), (9589, 13, 1997108), (7692, 2, 1997894), (9887, 4, 2007682), (5464, 10, 2024095), (5464, 10, 2024124), (5667, 3, 2033508), (6492, 2, 2041125), (6492, 2, 2043327), (5667, 3, 2044034), (4605, 3, 2045922), (8839, 3, 2047920), (5667, 3, 2058276), (6492, 2, 2063616), (8839, 3, 2079711), (4605, 3, 2086420), (8839, 3, 2113986), (5667, 3, 2116137), (5667, 3, 2126089), (4605, 3, 2131903), (4605, 3, 2133065), (4605, 3, 2151610), (8839, 3, 2165199), (5667, 3, 2171400), (8866, 4, 2191543), (8839, 3, 2202777), (5464, 10, 2205450), (5464, 10, 2205584), (5464, 10, 2205633), (5667, 3, 2206494), (8839, 3, 2213719), (6492, 2, 2214066), (5667, 3, 2219079), (6492, 2, 2237701), (8839, 3, 2251536), (7692, 2, 2281895), (8839, 3, 2289852), (5667, 3, 2293011), (5667, 3, 2293033), (5667, 3, 2312937), (1038, 7, 2326799), (8839, 3, 2341065), (8839, 3, 2346132), (9866, 3, 2356050), (9866, 3, 2356114), (5940, 2, 2373374), (6585, 8, 2379000), (8839, 3, 2384912), (9981, 4, 2389732), (8866, 4, 2414334), (8839, 3, 2428108), (8866, 4, 2450247), (5940, 2, 2464401), (8839, 3, 2470220), (5667, 3, 2482728), (8839, 3, 2510616), (8866, 4, 2536555), (5667, 3, 2547041), (8839, 3, 2549704), (5667, 3, 2554128), (9929, 2, 2587056), (8839, 3, 2596196), (9972, 9, 2608830), (7116, 2, 2629843), (8839, 3, 2634954), (5667, 3, 2635322), (6492, 2, 2647145)]"
2014 "[(10322, 13, 27227), (10101, 7, 484533), (10322, 13, 778161), (10032, 11, 1366259), (10322, 13, 1826472)]"
10386 "[(1909, 13, 27487), (101, 13, 29635), (101, 13, 116049), (3083, 4, 171873), (101, 13, 202266), (4067, 10, 246715), (101, 13, 288640), (3449, 10, 343289), (101, 13, 375074), (5381, 3, 384546), (2984, 1, 404972), (1003, 10, 415753), (229, 7, 416737), (3971, 7, 424751), (3758, 7, 427714), (101, 13, 461536), (7243, 12, 489416), (101, 13, 511739), (101, 13, 511748), (673, 7, 528363), (3196, 14, 540891), (101, 13, 547907), (7243, 12, 559243), (6120, 8, 562907), (101, 13, 634335), (101, 13, 720853), (6734, 10, 774474), (101, 13, 807074), (8892, 10, 808130), (101, 13, 893466), (8892, 10, 903345), (101, 13, 979817), (2999, 8, 998077), (101, 13, 1066357), (101, 13, 1116536), (101, 13, 1116546), (1374, 4, 1145701), (101, 13, 1152694), (9409, 14, 1219148), (101, 13, 1239158), (4018, 11, 1262252), (4080, 1, 1290468), (5425, 11, 1292973), (101, 13, 1325618), (8114, 8, 1340987), (3317, 3, 1347507), (9388, 11, 1373141), (101, 13, 1411852), (9388, 11, 1451812), (229, 7, 1489639), (101, 13, 1498253), (2999, 8, 1511933), (7778, 7, 1517513), (4856, 11, 1557964), (101, 13, 1584637), (9255, 8, 1585663), (6767, 1, 1610813), (2337, 1, 1631293), (2984, 1, 1638544), (229, 7, 1661533), (101, 13, 1671153), (9255, 8, 1682380), (9255, 8, 1719553), (101, 13, 1721354), (101, 13, 1721364), (4950, 7, 1756799), (101, 13, 1757509), (673, 7, 1796938), (6388, 1, 1835466), (101, 13, 1843922), (229, 7, 1886718), (3477, 7, 1897300), (101, 13, 1930443), (229, 7, 1980304), (9836, 7, 2007657), (101, 13, 2016649), (673, 7, 2064149), (101, 13, 2103074), (6057, 12, 2151789), (7204, 10, 2152108), (4080, 1, 2163427), (229, 7, 2167825), (101, 13, 2189416), (5413, 9, 2200907), (2999, 8, 2210322), (2337, 1, 2230087), (673, 7, 2264815), (101, 13, 2275967), (2999, 8, 2301894), (3636, 8, 2310388), (3317, 3, 2323620), (101, 13, 2326147), (101, 13, 2326156), (6822, 10, 2336355), (101, 13, 2362267), (229, 7, 2393346), (101, 13, 2448767), (7243, 12, 2490062), (101, 13, 2535232), (101, 13, 2621462), (673, 7, 2627062), (6062, 13, 2642947), (9909, 12, 2655232), (9409, 14, 2662972)]"
2090 "[(10032, 11, 28732), (10032, 11, 29335), (10032, 11, 30269), (10032, 11, 55767), (10032, 11, 137753), (10032, 11, 138272), (10032, 11, 363599), (10032, 11, 363834), (10032, 11, 364160), (10032, 11, 408600), (10032, 11, 408653), (10032, 11, 446116), (10032, 11, 469965), (10032, 11, 470309), (10032, 11, 470654), (10032, 11, 475395), (10032, 11, 475479), (10032, 11, 489777), (10032, 11, 560201), (10032, 11, 560269), (10032, 11, 823903), (10032, 11, 869914), (10032, 11, 888680), (10032, 11, 909264), (10032, 11, 917578), (10032, 11, 964017), (10032, 11, 969870), (10032, 11, 990078), (10032, 11, 1344999), (10032, 11, 1410114), (10032, 11, 1700612), (10032, 11, 1911200)]"
2100 "[(10032, 11, 28881), (10024, 11, 29636), (10032, 11, 78739), (10204, 1, 80978), (10032, 11, 84542), (10724, 13, 90325), (10204, 1, 371023), (10024, 11, 511291), (10032, 11, 511651), (10204, 1, 514240), (10032, 11, 793115), (10024, 11, 864920), (10011, 11, 882667), (10024, 11, 1039896), (10024, 11, 1123811), (10024, 11, 1286475), (10032, 11, 1291315), (10024, 11, 1375293), (10032, 11, 1399448), (10032, 11, 1399519), (10032, 11, 1466774), (10204, 1, 1569635), (10032, 11, 1818559), (10246, 8, 1819456), (10211, 8, 2245277)]"
12 "[(10272, 15, 28949), (10272, 15, 29606), (10250, 12, 92310), (10448, 9, 104237), (10250, 12, 167795), (10250, 12, 196496), (10108, 3, 206237), (10250, 12, 282198), (10250, 12, 361376), (10108, 3, 374487), (10250, 12, 442284), (10250, 12, 593236), (10032, 11, 900095), (10315, 4, 1212169), (10037, 5, 1213859), (10064, 9, 1221005), (10250, 12, 1317310), (10669, 12, 1384487), (10032, 11, 1406397), (10088, 3, 1435023), (10108, 3, 1435702), (10032, 11, 1489158), (10032, 11, 1583282), (10024, 11, 1591937), (10839, 1, 1654007), (10024, 11, 2014196), (10024, 11, 2108596), (10085, 10, 2276693), (10085, 10, 2615340)]"
10550 "[(101, 13, 29110), (101, 13, 115517), (8024, 10, 461930), (101, 13, 633912), (101, 13, 720318), (4911, 12, 791127), (7442, 9, 804482), (4911, 12, 842530), (7442, 9, 874892), (4911, 12, 1055341), (4911, 12, 1056274), (101, 13, 1238711), (101, 13, 1325124), (9489, 3, 1466133), (2518, 12, 1596234), (4714, 5, 1808489), (101, 13, 1843512), (101, 13, 1929917), (2518, 12, 2025693), (3359, 5, 2063889), (101, 13, 2448311), (1906, 7, 2526664), (101, 13, 2534719)]"
10555 "[(156, 12, 29567), (101, 13, 36561), (156, 12, 68340), (156, 12, 68997), (101, 13, 122920), (5868, 12, 148904), (5868, 12, 162294), (6569, 3, 164183), (4221, 15, 179218), (101, 13, 209366), (4202, 7, 249922), (101, 13, 295708), (7241, 10, 310119), (7407, 1, 329333), (1728, 9, 338002), (3938, 15, 338402), (3171, 10, 347218), (101, 13, 382359), (1170, 10, 426404), (8003, 4, 517932), (101, 13, 554890), (4202, 7, 611632), (4185, 12, 639393), (101, 13, 641333), (1879, 1, 651824), (3767, 4, 661517), (5320, 14, 673080), (101, 13, 727724), (4185, 12, 754418), (4185, 12, 759802), (4185, 12, 779922), (4185, 12, 792662), (101, 13, 814155), (2588, 1, 816054), (3171, 10, 823115), (7241, 10, 831427), (7282, 4, 836595), (4032, 9, 843478), (5132, 9, 851553), (2420, 4, 863557), (4185, 12, 865252), (4185, 12, 879731), (4032, 9, 888342), (101, 13, 900500), (8451, 1, 900951), (1370, 9, 915820), (5868, 12, 925115), (4802, 1, 934737), (3938, 15, 936152), (101, 13, 986880), (6875, 12, 991748), (8494, 12, 1004874), (4421, 4, 1084641), (7238, 9, 1099661), (5868, 12, 1105783), (2420, 4, 1105997), (3241, 8, 1155292), (101, 13, 1159696), (4032, 9, 1179289), (5868, 12, 1188786), (4687, 1, 1212816), (8776, 13, 1227821), (101, 13, 1246169), (1370, 9, 1247711), (4437, 1, 1254760), (5868, 12, 1267230), (4687, 1, 1273397), (7300, 4, 1282654), (9479, 13, 1300267), (4687, 1, 1303798), (101, 13, 1332521), (7014, 10, 1352244), (6006, 14, 1355721), (4687, 1, 1357316), (9306, 10, 1360221), (9306, 10, 1366081), (5868, 12, 1373828), (101, 13, 1418930), (2420, 4, 1427209), (7241, 10, 1436462), (9306, 10, 1442422), (9306, 10, 1447176), (3938, 15, 1451027), (4687, 1, 1453064), (4202, 7, 1462582), (9107, 10, 1479058), (6006, 14, 1480355), (6006, 14, 1480954), (4687, 1, 1481940), (8463, 9, 1492835), (101, 13, 1505298), (7331, 14, 1521363), (7331, 14, 1522128), (4687, 1, 1570968), (101, 13, 1591679), (4106, 13, 1601547), (7241, 10, 1613594), (2420, 4, 1654601), (5057, 1, 1701549), (7238, 9, 1704826), (6006, 14, 1721497), (2420, 4, 1738319), (101, 13, 1764491), (4687, 1, 1816859), (2420, 4, 1849978), (101, 13, 1850936), (4687, 1, 1877914), (2420, 4, 1931334), (101, 13, 1937312), (9306, 10, 1964817), (9306, 10, 1981046), (9306, 10, 1982520), (7238, 9, 1993925), (101, 13, 2023742), (9306, 10, 2043401), (7241, 10, 2048613), (5868, 12, 2102836), (5868, 12, 2102934), (9213, 4, 2104380), (101, 13, 2110081), (5868, 12, 2128548), (6569, 3, 2176492), (1725, 4, 2180818), (5868, 12, 2195780), (101, 13, 2196470), (6569, 3, 2259097), (2458, 1, 2290449), (9213, 4, 2298694), (6569, 3, 2326505), (4221, 15, 2336863), (101, 13, 2369285), (101, 13, 2455743), (5868, 12, 2488918), (101, 13, 2542129), (5819, 9, 2561946), (2420, 4, 2567925), (5868, 12, 2568017), (5868, 12, 2569499), (2420, 4, 2621263), (101, 13, 2628516), (6936, 4, 2646804), (4147, 1, 2667829), (8480, 8, 2668788)]"
10562 "[(1519, 9, 29810), (1410, 4, 52451), (3102, 7, 68846), (4790, 13, 86925), (6658, 8, 171837), (2735, 7, 178984), (7051, 9, 226168), (1410, 4, 234216), (7407, 1, 253633), (6168, 7, 253834), (6168, 7, 334066), (5041, 9, 338884), (6168, 7, 341796), (3859, 9, 342476), (3859, 9, 342739), (1394, 1, 346305), (4118, 4, 402628), (3201, 4, 449083), (2704, 9, 472651), (544, 10, 477493), (5376, 4, 532472), (4324, 3, 538541), (7497, 9, 552454), (3201, 4, 669981), (3201, 4, 678300), (5851, 4, 696140), (1420, 9, 698911), (3168, 9, 700289), (2694, 9, 710156), (6578, 7, 727996), (1366, 9, 748891), (6288, 1, 756968), (7384, 9, 780574), (2122, 15, 940623), (2122, 15, 941346), (2173, 11, 951180), (3898, 4, 952930), (4861, 9, 956106), (8171, 4, 971698), (4412, 15, 1001309), (4412, 15, 1001934), (8660, 7, 1006799), (4414, 7, 1025967), (797, 10, 1047498), (4412, 15, 1047616), (8003, 4, 1048365), (327, 12, 1054982), (327, 12, 1055611), (797, 10, 1101757), (783, 7, 1202527), (783, 7, 1203637), (4324, 3, 1207429), (1806, 9, 1265839), (8170, 1, 1305375), (3163, 10, 1315362), (4599, 3, 1326402), (6428, 10, 1341548), (2094, 9, 1350917), (8170, 1, 1376913), (1893, 9, 1440166), (1893, 9, 1440773), (6445, 9, 1522693), (6863, 9, 1528334), (3911, 9, 1564329), (3876, 9, 1570932), (8170, 1, 1574490), (7687, 1, 1620083), (9360, 9, 1732292), (2173, 11, 1734945), (4414, 7, 1793560), (9360, 9, 1877369), (3102, 7, 1884890), (6460, 4, 1888022), (1410, 4, 1913028), (7405, 1, 1999719), (595, 4, 2001053), (8032, 2, 2003750), (5976, 4, 2063160), (4414, 7, 2123614), (6548, 7, 2131623), (6548, 7, 2132306), (595, 4, 2207268), (595, 4, 2208072), (2735, 7, 2210025), (2735, 7, 2211258), (3792, 7, 2212734), (1410, 4, 2231617), (6578, 7, 2238999), (9846, 4, 2239688), (6591, 1, 2259821), (5581, 9, 2294052), (5581, 9, 2300584), (4855, 7, 2308795), (121, 9, 2356267), (9923, 9, 2386237), (1806, 9, 2399605), (7770, 1, 2462704), (1526, 1, 2492060), (1526, 1, 2493006), (5851, 4, 2548414), (9360, 9, 2556140), (5976, 4, 2584424), (4412, 15, 2589204), (9972, 9, 2589652), (7770, 1, 2635322), (3989, 9, 2663670), (170, 4, 2666555)]"
10572 "[(2294, 1, 33512), (3709, 14, 59577), (1102, 12, 222596), (134, 11, 266602), (1579, 7, 325465), (5041, 9, 430883), (5203, 9, 611737), (1518, 4, 782230), (8490, 1, 823741), (1518, 4, 845579), (8558, 8, 971747), (3559, 9, 1045537), (1473, 3, 1098742), (7703, 9, 1606234), (5203, 9, 1649419), (5273, 8, 1751362), (4548, 2, 2092009), (1391, 1, 2106686), (8867, 9, 2342172), (7888, 7, 2343185), (3168, 9, 2348185), (5203, 9, 2451161), (5203, 9, 2587966)]"
2305 "[(10032, 11, 33647), (10138, 11, 58988), (10032, 11, 68963), (10133, 8, 69932), (10138, 11, 111907), (10032, 11, 148541), (10138, 11, 199374), (10791, 4, 279319), (10138, 11, 292631), (10032, 11, 551086), (10072, 9, 553520), (10072, 9, 554016), (10412, 11, 596927), (10138, 11, 598413), (10138, 11, 628393), (10032, 11, 640755), (10155, 15, 643879), (10072, 9, 648017), (10155, 15, 680894), (10032, 11, 719095), (10032, 11, 814822), (10032, 11, 936067), (10072, 9, 1001511), (10032, 11, 1108231), (10138, 11, 1161242), (10237, 11, 1277167), (10155, 15, 1436271), (10138, 11, 1510511), (10155, 15, 1527629), (10106, 7, 1593040), (10106, 7, 1593702), (10138, 11, 1778442), (10138, 11, 1782384), (10072, 9, 1803290), (10138, 11, 1836270), (10072, 9, 1842385), (10442, 1, 2013557), (10138, 11, 2021309), (10138, 11, 2065052), (10523, 12, 2113397), (10237, 11, 2141343), (10052, 15, 2141656), (10412, 11, 2223868), (10412, 11, 2227899), (10138, 11, 2644371), (10124, 15, 2647384)]"
2377 "[(10032, 11, 35220), (10032, 11, 36007), (10032, 11, 83279), (10032, 11, 87864), (10032, 11, 164799), (10406, 11, 170177), (10032, 11, 233157), (10032, 11, 301618), (10032, 11, 398519), (10032, 11, 403449), (10032, 11, 465764), (10032, 11, 467173), (10032, 11, 493092), (10406, 11, 510076), (10032, 11, 516900), (10076, 7, 600588), (10032, 11, 653460), (10285, 7, 746167), (10285, 7, 746898), (10032, 11, 832666), (10032, 11, 864272), (10032, 11, 897575), (10032, 11, 951448), (10032, 11, 1040215), (10032, 11, 1040529), (10076, 7, 1097744), (10076, 7, 1195463), (10076, 7, 1418884), (10032, 11, 1470401), (10032, 11, 1470605), (10076, 7, 1475393), (10406, 11, 1635852), (10076, 7, 1696706), (10076, 7, 1758671), (10032, 11, 1811111), (10076, 7, 1866558), (10264, 1, 1883617), (10076, 7, 1936356), (10032, 11, 1936529), (10032, 11, 1936604), (10032, 11, 1941270), (10032, 11, 1941357), (10076, 7, 1945573), (10076, 7, 2035398), (10076, 7, 2038569), (10032, 11, 2050903), (10032, 11, 2051048), (10032, 11, 2076380), (10032, 11, 2392194), (10032, 11, 2413457), (10076, 7, 2418037), (10032, 11, 2497457), (10406, 11, 2507467), (10032, 11, 2580845), (10032, 11, 2584550)]"
2397 "[(10118, 11, 35590), (10033, 15, 161148), (10033, 15, 273126), (10118, 11, 602465), (10118, 11, 616485), (10033, 15, 671727), (10118, 11, 706565), (10118, 11, 708400), (10033, 15, 830574), (10033, 15, 831809), (10016, 8, 1100961), (10033, 15, 1105787), (10032, 11, 1239434), (10032, 11, 1240082), (10032, 11, 1243234), (10033, 15, 1395517), (10033, 15, 1431805), (10033, 15, 1453025), (10033, 15, 1540534), (10118, 11, 1572416), (10033, 15, 1641199), (10118, 11, 1954883), (10033, 15, 2034491), (10118, 11, 2039555), (10118, 11, 2039823), (10118, 11, 2044688), (10125, 3, 2048382), (10033, 15, 2058743), (10033, 15, 2060680), (10118, 11, 2063849), (10032, 11, 2071843), (10031, 14, 2134027), (10185, 7, 2145985), (10185, 7, 2146097), (10032, 11, 2150491), (10118, 11, 2171142), (10118, 11, 2173037), (10033, 15, 2234751), (10033, 15, 2315435), (10033, 15, 2575445)]"
10531 "[(2428, 7, 36155), (4732, 7, 159526), (4861, 9, 181782), (7731, 14, 304435), (4839, 7, 350782), (2463, 9, 404897), (7731, 14, 569583), (7159, 9, 570437), (2414, 4, 647295), (4257, 1, 704754), (5449, 11, 746782), (6776, 8, 758104), (8899, 1, 793424), (1966, 7, 801197), (4855, 7, 949708), (6832, 7, 958105), (9002, 10, 966418), (3710, 14, 1055212), (6666, 8, 1074307), (6666, 8, 1075097), (7731, 14, 1140870), (7731, 14, 1256847), (2414, 4, 1267860), (8751, 9, 1316588), (2414, 4, 1425254), (7731, 14, 1513798), (3369, 13, 1535027), (2575, 14, 1597083), (9740, 12, 1684352), (7731, 14, 1688382), (6163, 4, 1717777), (9888, 8, 1952361), (9888, 8, 1954351), (9888, 8, 2011566), (8017, 3, 2052268), (2482, 1, 2058541), (2482, 1, 2058772), (1410, 4, 2067781), (9888, 8, 2113236), (9888, 8, 2134894), (8449, 7, 2135849), (6163, 4, 2148742), (7731, 14, 2178794), (9842, 9, 2181859), (9842, 9, 2191180), (9842, 9, 2203645), (7731, 14, 2207701), (9888, 8, 2212938), (9842, 9, 2216157), (9842, 9, 2279380), (8262, 4, 2283685), (7731, 14, 2296049), (5367, 12, 2369618), (9434, 9, 2375969), (9959, 4, 2376414), (9959, 4, 2394447), (9842, 9, 2396659), (5772, 3, 2437023), (7731, 14, 2439426), (9842, 9, 2450437), (2414, 4, 2454279), (9842, 9, 2467242), (9842, 9, 2563439), (9842, 9, 2631050), (7731, 14, 2651100), (5387, 4, 2666813)]"
2429 "[(10032, 11, 36281), (10032, 11, 40266), (10032, 11, 166520), (10054, 7, 240458), (10032, 11, 485053), (10032, 11, 599422), (10032, 11, 669299), (10032, 11, 769605), (10415, 14, 990510), (10032, 11, 1030713), (10032, 11, 1088606), (10032, 11, 1090818), (10229, 9, 1096257), (10072, 9, 1110488), (10049, 7, 1265896), (10032, 11, 1429024), (10032, 11, 1435740), (10032, 11, 1527154), (10032, 11, 1670609), (10032, 11, 1689708), (10415, 14, 1784596), (10415, 14, 1794722), (10032, 11, 1879023), (10415, 14, 2062697), (10032, 11, 2068884), (10415, 14, 2200892), (10415, 14, 2560619), (10415, 14, 2622272), (10032, 11, 2660163)]"
2439 "[(10196, 11, 36464), (10409, 8, 133980), (10158, 8, 134019), (10428, 4, 134123), (10234, 4, 134179), (10267, 4, 134882), (10694, 10, 135036), (10731, 4, 135858), (10064, 9, 138056), (10503, 13, 138832), (10064, 9, 219316), (10601, 15, 219938), (10694, 10, 220590), (10251, 11, 220771), (10409, 8, 221120), (10196, 11, 221984), (10267, 4, 223490), (10409, 8, 314889), (10064, 9, 315374), (10601, 15, 315789), (10694, 10, 315933), (10503, 13, 316398), (10409, 8, 380414), (10064, 9, 381179), (10064, 9, 1347581), (10409, 8, 1347682), (10267, 4, 1348494), (10694, 10, 1348708), (10810, 10, 1349083), (10503, 13, 1349282), (10777, 13, 1349413), (10468, 7, 1349961), (10731, 4, 1350508), (10251, 11, 1351362), (10133, 8, 1353845), (10187, 15, 1412834), (10267, 4, 1413337), (10694, 10, 1413573), (10602, 13, 1413605), (10356, 15, 1414359), (10409, 8, 1415082), (10064, 9, 1415639), (10601, 15, 1517773), (10503, 13, 1518139), (10409, 8, 1518404), (10064, 9, 1518556), (10694, 10, 1518741), (10267, 4, 1519637), (10356, 15, 1519824), (10745, 4, 1520410), (10196, 11, 1590239), (10409, 8, 1590580), (10731, 4, 1591414), (10064, 9, 1591777), (10064, 9, 1591841), (10601, 15, 1592198), (10267, 4, 1592410), (10694, 10, 1592449), (10503, 13, 1593572), (10105, 15, 1594121), (10158, 8, 1594498), (10356, 15, 1594572), (10976, 3, 1621363), (10267, 4, 1672516), (10064, 9, 1672999), (10428, 4, 1673183), (10409, 8, 1673208), (10196, 11, 2125785), (10267, 4, 2126457), (10064, 9, 2127501), (10267, 4, 2283615), (10409, 8, 2283706), (10064, 9, 2284277), (10196, 11, 2284724), (10064, 9, 2286873), (10251, 11, 2385244), (10556, 9, 2385261), (10409, 8, 2385682), (10064, 9, 2386019), (10503, 13, 2386214), (10694, 10, 2386618), (10187, 15, 2387597), (10267, 4, 2387801), (10196, 11, 2458942)]"
10539 "[(2482, 1, 37308), (4104, 14, 66703), (4370, 7, 72107), (3248, 4, 92382), (720, 7, 125092), (1191, 9, 149281), (1823, 4, 152235), (199, 13, 160542), (2094, 9, 204625), (3168, 9, 225085), (6576, 8, 226952), (1946, 4, 228111), (4553, 7, 230544), (1389, 7, 239271), (3925, 4, 259334), (1403, 4, 286786), (6252, 3, 340402), (8002, 7, 349938), (4747, 1, 394511), (4377, 7, 427957), (8305, 7, 431864), (1248, 4, 447199), (2013, 7, 466485), (7443, 12, 486995), (7813, 4, 569862), (4370, 7, 589902), (3248, 4, 606351), (1447, 7, 635143), (4125, 15, 689980), (4125, 15, 690693), (3248, 4, 705473), (6349, 7, 722118), (1063, 8, 748662), (1403, 4, 753537), (1134, 4, 790190), (4553, 7, 839661), (3958, 13, 879423), (4104, 14, 959303), (8079, 14, 1022705), (3248, 4, 1088041), (6091, 5, 1093203), (3585, 7, 1112362), (6690, 7, 1116472), (6753, 7, 1130137), (2094, 9, 1148573), (3248, 4, 1210030), (3248, 4, 1303733), (5359, 9, 1323011), (4370, 7, 1336066), (2833, 4, 1349544), (3958, 13, 1447445), (1389, 7, 1468118), (8305, 7, 1528594), (7476, 1, 1536698), (5918, 1, 1545341), (8305, 7, 1546734), (6149, 4, 1603873), (7806, 3, 1670202), (4599, 3, 1686513), (5119, 4, 1697829), (3952, 15, 1710381), (4010, 7, 1714713), (3536, 7, 1781866), (1389, 7, 1870537), (3248, 4, 1891262), (3958, 13, 1931440), (4010, 7, 1936772), (5812, 1, 1953820), (5812, 1, 1954532), (2428, 7, 1968909), (7543, 4, 1985652), (935, 4, 2010357), (4599, 3, 2029814), (3225, 1, 2030521), (3225, 1, 2036889), (8693, 7, 2042107), (1139, 9, 2055339), (3948, 4, 2058382), (9070, 14, 2064920), (1134, 4, 2087070), (2428, 7, 2143053), (1389, 7, 2175409), (7765, 7, 2231823), (2500, 7, 2319943), (4562, 7, 2374009), (1389, 7, 2401223), (991, 13, 2433381), (2428, 7, 2449329), (5789, 7, 2478832), (6190, 5, 2492650), (1389, 7, 2507455), (3248, 4, 2553095), (3248, 4, 2553139), (3248, 4, 2554334), (1139, 9, 2603968), (690, 10, 2604078), (2266, 11, 2618629), (1324, 4, 2642538), (4104, 14, 2674677)]"
2508 "[(10413, 8, 37707), (10413, 8, 39906), (10647, 14, 76574), (10024, 11, 179264), (10024, 11, 191058), (10024, 11, 241305), (10024, 11, 251339), (10024, 11, 252386), (10024, 11, 258107), (10876, 13, 271375), (10237, 11, 326599), (10754, 10, 333319), (10024, 11, 342640), (10408, 12, 342743), (10120, 11, 344845), (10024, 11, 414984), (10024, 11, 553246), (10024, 11, 657780), (10024, 11, 672961), (10024, 11, 682502), (10149, 7, 683941), (10024, 11, 685105), (10024, 11, 696903), (10024, 11, 845622), (10024, 11, 1022437), (10024, 11, 1022923), (10024, 11, 1185013), (10413, 8, 1313979), (10024, 11, 1314734), (10024, 11, 1343167), (10024, 11, 1446792), (10032, 11, 1516792), (10149, 7, 1517875), (10024, 11, 1583977), (10030, 13, 1628976), (10024, 11, 1855037), (10024, 11, 1877765), (10024, 11, 1978436), (10413, 8, 1986714), (10876, 13, 2036621), (10024, 11, 2119248), (10024, 11, 2135746), (10024, 11, 2141084), (10222, 8, 2144589), (10024, 11, 2158120), (10024, 11, 2199188), (10091, 3, 2246711), (10024, 11, 2402941), (10024, 11, 2441290), (10413, 8, 2471169), (10413, 8, 2492097)]"
2511 "[(10002, 0, 37887), (10002, 0, 50107), (10002, 0, 61927), (10002, 0, 113409), (10002, 0, 134088), (10002, 0, 154432), (10002, 0, 209021), (10002, 0, 227035), (10002, 0, 241014), (10002, 0, 299218), (10002, 0, 322471), (10002, 0, 332610), (10002, 0, 394938), (10002, 0, 414268), (10002, 0, 418506), (10002, 0, 474716), (10002, 0, 490065), (10002, 0, 504317), (10002, 0, 561937), (10002, 0, 585673), (10002, 0, 594469), (10002, 0, 680097), (10002, 0, 689180), (10002, 0, 695224), (10002, 0, 750439), (10002, 0, 762332), (10002, 0, 828922), (10002, 0, 838253), (10002, 0, 925066), (10002, 0, 932018), (10002, 0, 945332), (10002, 0, 1024624), (10002, 0, 1027834), (10002, 0, 1102758), (10002, 0, 1107424), (10002, 0, 1111226), (10002, 0, 1168529), (10002, 0, 1182324), (10002, 0, 1193222), (10002, 0, 1254732), (10002, 0, 1276227), (10002, 0, 1377280), (10002, 0, 1431311), (10002, 0, 1450886), (10002, 0, 1458519), (10002, 0, 1538315), (10002, 0, 1545520), (10002, 0, 1630162), (10002, 0, 1633331), (10002, 0, 1693864), (10002, 0, 1704288), (10002, 0, 1711150), (10002, 0, 1711174), (10002, 0, 1712128), (10002, 0, 1800323), (10002, 0, 1814411), (10002, 0, 1868111), (10002, 0, 1877019), (10002, 0, 1890927), (10002, 0, 1945774), (10002, 0, 1959227), (10002, 0, 1967074), (10002, 0, 2238684), (10002, 0, 2238726)]"
10041 "[(2361, 7, 38460), (2361, 7, 141457), (101, 13, 145553), (7106, 8, 241100), (4381, 9, 241287), (6960, 1, 287471), (7616, 4, 341038), (3168, 9, 358958), (6960, 1, 456649), (7106, 8, 484178), (7106, 8, 499083), (8124, 12, 506466), (350, 11, 566148), (2361, 7, 567171), (1809, 11, 617591), (7106, 8, 642404), (2361, 7, 678388), (7106, 8, 687379), (101, 13, 750353), (2361, 7, 786696), (1809, 11, 860680), (1809, 11, 982652), (350, 11, 988990), (7106, 8, 992738), (7106, 8, 1262853), (350, 11, 1335930), (101, 13, 1355154), (5062, 9, 1398976), (25, 13, 1455103), (25, 13, 1456190), (4033, 1, 1611249), (7106, 8, 1681201), (7106, 8, 1708782), (7106, 8, 1716326), (101, 13, 1959954), (8245, 4, 1966614), (2361, 7, 1992941), (7106, 8, 2227287), (7106, 8, 2554839), (101, 13, 2564759), (7586, 12, 2655014)]"
2548 "[(10016, 8, 39057), (10016, 8, 39655), (10629, 4, 43260), (10120, 11, 189418), (10408, 12, 191244), (10846, 14, 265268), (10237, 11, 268967), (10320, 4, 354043), (10032, 11, 439182), (10016, 8, 467527), (10032, 11, 473797), (10586, 9, 527026), (10846, 14, 889598), (10846, 14, 1036548), (10064, 9, 1049455), (10015, 13, 1205729), (10016, 8, 1247528), (10032, 11, 1309661), (10846, 14, 1385229), (10846, 14, 1574975), (10182, 13, 1590293), (10586, 9, 1839905), (10216, 13, 2525777)]"
10608 "[(2570, 12, 40266), (3317, 3, 218869), (2570, 12, 229040), (834, 5, 230795), (834, 5, 253777), (2570, 12, 399722), (2570, 12, 452653), (8131, 10, 588047), (8760, 8, 713104), (8327, 10, 756115), (7282, 4, 829143), (870, 4, 834058), (5654, 3, 951384), (5654, 3, 952389), (7925, 7, 1047947), (440, 7, 1194867), (4434, 8, 1197165), (440, 7, 1201079), (8383, 2, 1233795), (8778, 9, 1259931), (7434, 7, 1499692), (2859, 7, 1673392), (9776, 8, 1789261), (3256, 7, 2205529), (8131, 10, 2214580), (8287, 10, 2247724), (5205, 9, 2302894), (681, 7, 2386460), (5205, 9, 2408968), (1326, 4, 2504184), (1326, 4, 2504862), (1326, 4, 2508142)]"
10609 "[(101, 13, 40372), (1289, 15, 167279), (5777, 15, 225679), (3837, 5, 329296), (7999, 4, 349373), (5727, 1, 420689), (3612, 7, 432144), (3952, 15, 435263), (101, 13, 472396), (7727, 14, 482596), (1417, 12, 519584), (101, 13, 558702), (7727, 14, 570370), (7727, 14, 605966), (101, 13, 645076), (1708, 10, 661629), (3952, 15, 753071), (5727, 1, 825495), (5727, 1, 835235), (2140, 3, 860342), (3952, 15, 1005368), (101, 13, 1077169), (3952, 15, 1106392), (3889, 12, 1127346), (6875, 12, 1141179), (101, 13, 1163513), (3952, 15, 1180822), (5099, 15, 1197761), (101, 13, 1249913), (8839, 3, 1357378), (2140, 3, 1361776), (7727, 14, 1372388), (4692, 12, 1455499), (9751, 5, 1594922), (3351, 15, 1615510), (538, 7, 1632209), (3952, 15, 1636956), (7457, 15, 1641907), (101, 13, 1682006), (9751, 5, 1708848), (101, 13, 1768299), (3952, 15, 1813871), (101, 13, 1854674), (3952, 15, 1866766), (7457, 15, 1880458), (7029, 10, 1914151), (6924, 14, 1916219), (2140, 3, 2044010), (7727, 14, 2072944), (7029, 10, 2089963), (8097, 3, 2110826), (6946, 12, 2119747), (9241, 4, 2124114), (7457, 15, 2140674), (7415, 15, 2217476), (101, 13, 2286770), (1766, 15, 2304081), (101, 13, 2373106), (7727, 14, 2411266), (3168, 9, 2447805), (101, 13, 2459472), (2140, 3, 2588468), (2140, 3, 2658891)]"
2620 "[(10002, 0, 40487), (10002, 0, 65346), (10002, 0, 66082), (10002, 0, 134011), (10002, 0, 177930), (10002, 0, 215464), (10002, 0, 243484), (10002, 0, 297231), (10002, 0, 298713), (10002, 0, 299826), (10002, 0, 322216), (10002, 0, 390443), (10002, 0, 410690), (10002, 0, 422127), (10002, 0, 473146), (10002, 0, 490335), (10002, 0, 504149), (10002, 0, 568273), (10002, 0, 583208), (10002, 0, 598204), (10002, 0, 655626), (10002, 0, 672640), (10002, 0, 687533), (10002, 0, 737693), (10002, 0, 760991), (10002, 0, 817201), (10002, 0, 834112), (10002, 0, 851666), (10002, 0, 901690), (10002, 0, 913219), (10002, 0, 939453), (10002, 0, 990015), (10002, 0, 1009257), (10002, 0, 1031941), (10002, 0, 1082406), (10002, 0, 1107488), (10002, 0, 1177097), (10002, 0, 1188820), (10002, 0, 1198003), (10002, 0, 1248526), (10002, 0, 1270707), (10002, 0, 1291330), (10002, 0, 1339729), (10002, 0, 1357527), (10002, 0, 1374632), (10002, 0, 1427983), (10002, 0, 1446553), (10002, 0, 1455993), (10002, 0, 1506928), (10002, 0, 1521818), (10002, 0, 1547589), (10002, 0, 1595792), (10002, 0, 1623432), (10002, 0, 1637312), (10002, 0, 1682725), (10002, 0, 1701504), (10002, 0, 1714315), (10002, 0, 1771253), (10065, 1, 1790458), (10002, 0, 1793152), (10002, 0, 1858821), (10002, 0, 1871286), (10002, 0, 1885277), (10002, 0, 1938630), (10002, 0, 1962589), (10002, 0, 1977938), (10002, 0, 2028519), (10002, 0, 2043936), (10002, 0, 2062092), (10002, 0, 2117189), (10002, 0, 2137205), (10002, 0, 2158485), (10002, 0, 2208678), (10002, 0, 2222968), (10002, 0, 2237297), (10002, 0, 2291627), (10002, 0, 2310041), (10002, 0, 2327270), (10002, 0, 2377657), (10002, 0, 2395385), (10002, 0, 2409966), (10002, 0, 2467067), (10002, 0, 2479400), (10002, 0, 2502354), (10002, 0, 2557513), (10002, 0, 2577912)]"
2651 "[(10002, 0, 41064), (10002, 0, 42015), (10002, 0, 68749), (10002, 0, 82067), (10002, 0, 119240), (10002, 0, 218657), (10002, 0, 1273571), (10002, 0, 1276400), (10002, 0, 1284736), (10002, 0, 1348878), (10002, 0, 1367098), (10002, 0, 1428876), (10002, 0, 1453615), (10002, 0, 1542746), (10002, 0, 1632276), (10002, 0, 1696412), (10002, 0, 1702403), (10002, 0, 1702992), (10002, 0, 1716583), (10002, 0, 1758437), (10002, 0, 1764238), (10002, 0, 1791942), (10002, 0, 1884510), (10002, 0, 1888498), (10002, 0, 1953838), (10002, 0, 1956942), (10002, 0, 2035176), (10002, 0, 2041442), (10002, 0, 2044605), (10002, 0, 2108711), (10002, 0, 2147539)]"
2775 "[(10005, 8, 43644), (10006, 5, 43649), (10005, 8, 80606), (10005, 8, 115790), (10006, 5, 118998), (10006, 5, 124450), (10006, 5, 159037), (10765, 14, 160207), (10006, 5, 207153), (10038, 14, 207286), (10038, 14, 208526), (10016, 8, 220523), (10006, 5, 369770), (10006, 5, 371333), (10047, 13, 374317), (10038, 14, 374913), (10446, 15, 421919), (10957, 4, 465661), (10887, 1, 467588), (10006, 5, 544828), (10006, 5, 826308), (10006, 5, 2155531), (10005, 8, 2155670), (10006, 5, 2284727), (10038, 14, 2285413), (10006, 5, 2642449), (10005, 8, 2642470), (10064, 9, 2650813), (10434, 1, 2658146), (10051, 12, 2658767), (10019, 8, 2661393), (10005, 8, 2661451), (10006, 5, 2661509)]"
2802 "[(10638, 7, 44190), (10638, 7, 44500), (10032, 11, 116715), (10032, 11, 122784), (10638, 7, 152804), (10076, 7, 153047), (10638, 7, 153144), (10111, 7, 661482), (10076, 7, 671301), (10176, 9, 714768), (10059, 1, 729367), (10536, 4, 741285), (10032, 11, 744301), (10638, 7, 744850), (10015, 13, 746598), (10320, 4, 748847), (10072, 9, 847666), (10331, 7, 897266), (10638, 7, 916876), (10638, 7, 916998), (10076, 7, 974717), (10139, 3, 976999), (10032, 11, 978638), (10032, 11, 1257152), (10059, 1, 1279004), (10032, 11, 1280051), (10032, 11, 1365066), (10032, 11, 1454526), (10032, 11, 1579359), (10032, 11, 1597520), (10032, 11, 1681982), (10032, 11, 1772025), (10032, 11, 1778422), (10032, 11, 1958624), (10264, 1, 2017150), (10439, 1, 2027885), (10709, 12, 2028482), (10111, 7, 2039723), (10374, 9, 2047917), (10032, 11, 2144085), (10032, 11, 2204221), (10059, 1, 2304193), (10059, 1, 2305182), (10059, 1, 2460694), (10032, 11, 2494910)]"
2879 "[(10000, 9, 45635), (10019, 8, 114084), (10019, 8, 368742), (10033, 15, 554650), (10159, 12, 642214), (10007, 11, 645330), (10158, 8, 798169), (10297, 15, 891470), (10019, 8, 954602), (10006, 5, 1167540), (10033, 15, 1287501), (10000, 9, 1678009), (10016, 8, 1923153), (10019, 8, 2015943), (10037, 5, 2024285), (10297, 15, 2068697), (10033, 15, 2079070), (10038, 14, 2079759), (10103, 3, 2082556), (10446, 15, 2096857), (10038, 14, 2111920), (10019, 8, 2184731), (10134, 8, 2192966), (10006, 5, 2198707), (10103, 3, 2373278), (10037, 5, 2414900), (10031, 14, 2456404), (10019, 8, 2500618), (10031, 14, 2604927), (10019, 8, 2623674), (10038, 14, 2630921)]"
2175 "[(10354, 1, 46548), (10354, 1, 46774), (10643, 7, 46848), (10111, 7, 60077), (10331, 7, 135626), (10090, 4, 136711), (10331, 7, 158239), (10090, 4, 209194), (10331, 7, 210487), (10111, 7, 389986), (10072, 9, 402670), (10111, 7, 462846), (10331, 7, 464087), (10331, 7, 474406), (10264, 1, 572277), (10072, 9, 573051), (10264, 1, 575916), (10166, 11, 583528), (10072, 9, 585219), (10264, 1, 592966), (10032, 11, 594363), (10032, 11, 594588), (10393, 15, 664822), (10264, 1, 673479), (10264, 1, 674146), (10032, 11, 676977), (10022, 9, 740569), (10022, 9, 740902), (10090, 4, 742552), (10264, 1, 752155), (10264, 1, 757613), (10331, 7, 912241), (10032, 11, 1013246), (10072, 9, 1101071), (10331, 7, 1247020), (10397, 10, 1256617), (10032, 11, 1362435), (10331, 7, 1440188), (10111, 7, 1616685), (10331, 7, 1625032), (10253, 1, 1694566), (10023, 1, 1695228), (10032, 11, 1708047), (10023, 1, 1718139), (10253, 1, 1810361), (10024, 11, 1811351), (10380, 4, 1851210), (10411, 9, 1886540), (10331, 7, 1941250), (10259, 7, 1976820), (10340, 7, 2043826), (10009, 7, 2044509), (10009, 7, 2044662), (10000, 9, 2046101), (10076, 7, 2060496), (10076, 7, 2061319), (10076, 7, 2061962), (10898, 9, 2110164), (10000, 9, 2133386), (10032, 11, 2154907), (10393, 15, 2234527), (10552, 4, 2318967), (10264, 1, 2408330), (10354, 1, 2577975), (10331, 7, 2578189)]"
2940 "[(10019, 8, 46564), (10019, 8, 46643), (10019, 8, 46672), (10019, 8, 46704), (10210, 4, 48703), (10149, 7, 62056), (10149, 7, 62672), (10032, 11, 224737), (10381, 10, 227305), (10637, 15, 410781), (10032, 11, 595707), (10019, 8, 832473), (10049, 7, 1185389), (10049, 7, 1249165), (10019, 8, 1445004), (10616, 7, 1445320), (10118, 11, 1527907), (10019, 8, 1622780), (10655, 9, 1634737), (10910, 4, 1691780), (10019, 8, 1788733), (10015, 13, 1788766), (10142, 1, 1791853), (10072, 9, 1876542), (10591, 1, 1944444), (10974, 4, 2138861), (10111, 7, 2649214)]"
2272 "[(10216, 13, 46944), (10054, 7, 220077), (10653, 10, 1251385)]"
2988 "[(10366, 10, 47300), (10129, 10, 143235), (10107, 4, 908792), (10107, 4, 1451520), (10024, 11, 1515979), (10331, 7, 1631876), (10331, 7, 1632495), (10032, 11, 1653916), (10032, 11, 2066426), (10496, 12, 2124435), (10406, 11, 2469145), (10259, 7, 2471624), (10206, 7, 2476621), (10088, 3, 2501438), (10032, 11, 2514854), (10011, 11, 2568750)]"
2943 "[(10032, 11, 48080), (10032, 11, 59584), (10032, 11, 61682), (10032, 11, 62392), (10032, 11, 63116), (10032, 11, 75075), (10032, 11, 167692), (10032, 11, 231489), (10032, 11, 232126), (10032, 11, 331754), (10032, 11, 414583), (10032, 11, 506809), (10032, 11, 507463), (10032, 11, 509291), (10833, 3, 512937), (10032, 11, 595996), (10032, 11, 862657)]"
3052 "[(10195, 13, 48261), (10114, 4, 1361408), (10024, 11, 1896395), (10189, 4, 2435732), (10189, 4, 2437195), (10028, 9, 2458885), (10028, 9, 2459554)]"
3062 "[(10034, 8, 48438), (10134, 8, 229194), (10134, 8, 230157), (10038, 14, 232910), (10038, 14, 232953), (10033, 15, 233011), (10072, 9, 325773), (10005, 8, 327016), (10038, 14, 334796), (10134, 8, 335000), (10040, 12, 335043), (10033, 15, 335315), (10038, 14, 391133), (10033, 15, 391305), (10005, 8, 472805), (10134, 8, 583232), (10038, 14, 584118), (10033, 15, 584208), (10033, 15, 585097), (10038, 14, 586705), (10038, 14, 587259), (10038, 14, 588153), (10109, 10, 588939), (10038, 14, 590044), (10134, 8, 759232), (10148, 14, 759531), (10109, 10, 760048), (10134, 8, 1019770), (10005, 8, 1019816), (10148, 14, 1020742), (10005, 8, 1100766), (10038, 14, 1101129), (10033, 15, 1106941), (10134, 8, 1189616), (10148, 14, 1190071), (10038, 14, 1190435), (10134, 8, 1279100), (10005, 8, 1280519), (10134, 8, 1424172), (10033, 15, 1424434), (10148, 14, 1424500), (10005, 8, 1425212), (10134, 8, 1511862), (10040, 12, 1511891), (10148, 14, 1512304), (10134, 8, 1534714), (10148, 14, 1535282), (10038, 14, 1535792), (10005, 8, 1550828), (10134, 8, 1586335), (10033, 15, 1586953), (10148, 14, 1587051), (10148, 14, 1587072), (10005, 8, 1587206), (10134, 8, 1607708), (10148, 14, 1607877), (10005, 8, 1608179), (10005, 8, 1631484), (10040, 12, 1631534), (10148, 14, 1631887), (10134, 8, 1632185), (10005, 8, 1786447), (10038, 14, 1791595), (10134, 8, 1801774), (10148, 14, 1802074), (10134, 8, 1802292), (10005, 8, 1866944), (10148, 14, 1885948), (10134, 8, 1886193), (10005, 8, 1888910), (10005, 8, 1889809), (10134, 8, 1965342), (10148, 14, 1965849), (10005, 8, 1965994), (10005, 8, 1970958), (10027, 3, 1971090), (10148, 14, 2023779), (10134, 8, 2036175), (10148, 14, 2037624), (10005, 8, 2037942), (10005, 8, 2062467), (10134, 8, 2062931), (10033, 15, 2063149), (10148, 14, 2063198), (10038, 14, 2063480), (10038, 14, 2063704), (10005, 8, 2065176), (10035, 12, 2124987), (10148, 14, 2136572), (10040, 12, 2137242), (10148, 14, 2137399), (10005, 8, 2137651), (10134, 8, 2137767), (10005, 8, 2140419), (10134, 8, 2193155), (10033, 15, 2193191), (10148, 14, 2193373), (10005, 8, 2193538), (10005, 8, 2228747), (10134, 8, 2406483), (10005, 8, 2477362), (10134, 8, 2488130), (10148, 14, 2488564), (10005, 8, 2488746), (10005, 8, 2620170), (10134, 8, 2665988)]"
3042 "[(10333, 12, 48864), (10333, 12, 49177), (10019, 8, 134942), (10333, 12, 135054), (10006, 5, 135119), (10021, 15, 135259), (10288, 4, 135317), (10772, 10, 135377), (10038, 14, 136151), (10033, 15, 136544), (10005, 8, 150112), (10114, 4, 151058), (10114, 4, 151197), (10027, 3, 151313), (10397, 10, 151529), (10019, 8, 423444), (10333, 12, 423746), (10021, 15, 423987), (10673, 13, 424566), (10384, 2, 425195), (10409, 8, 425363), (10786, 8, 427408), (10288, 4, 447812), (10006, 5, 447972), (10850, 3, 448229), (10005, 8, 448590), (10148, 14, 448808), (10006, 5, 480368), (10006, 5, 728151), (10006, 5, 751726), (10019, 8, 1736755), (10019, 8, 1781868), (10019, 8, 2665157)]"
10663 "[(2306, 8, 49041), (6498, 7, 160504), (6681, 12, 172681), (434, 4, 349691), (434, 4, 353614), (434, 4, 362108), (4344, 3, 504992), (5182, 9, 684201), (300, 1, 937861), (6498, 7, 1037100), (300, 1, 1117806), (3133, 9, 1285236), (6721, 8, 1437895), (6721, 8, 1438763), (4262, 14, 1514203), (5968, 1, 1621368), (8928, 12, 1849145), (4825, 10, 1885775), (6498, 7, 1988459)]"
3115 "[(10032, 11, 49392), (10668, 4, 57973), (10024, 11, 155891), (10024, 11, 223667), (10024, 11, 334945), (10024, 11, 334963), (10024, 11, 558930), (10024, 11, 668949), (10193, 7, 733715), (10193, 7, 777850), (10024, 11, 856267), (10521, 13, 960123), (10664, 13, 988336), (10847, 4, 999008), (10009, 7, 1001450), (10425, 10, 1016558), (10425, 10, 1116903), (10200, 3, 1186734), (10264, 1, 1196966), (10264, 1, 1197587), (10024, 11, 1524260), (10009, 7, 1598890), (10038, 14, 1641639), (10038, 14, 1676804), (10038, 14, 1677175), (10024, 11, 1682381), (10668, 4, 1709990), (10038, 14, 1711030), (10038, 14, 1715295), (10038, 14, 1715873), (10033, 15, 1716841), (10038, 14, 1716956), (10054, 7, 1805358)]"
3141 "[(10072, 9, 49742), (10072, 9, 49801), (10577, 7, 212159), (10054, 7, 232708), (10032, 11, 253914), (10137, 9, 382119), (10137, 9, 384993), (10032, 11, 389137), (10260, 9, 392975), (10738, 4, 667119), (10738, 4, 667723), (10185, 7, 845784), (10147, 10, 1066932), (10072, 9, 1156908), (10264, 1, 1157727), (10264, 1, 1162806), (10264, 1, 1162890), (10264, 1, 1162995), (10032, 11, 1163106), (10264, 1, 1164541), (10072, 9, 1202556), (10264, 1, 1202637), (10264, 1, 1492319), (10054, 7, 1567654), (10054, 7, 1635723), (10053, 11, 1735605), (10788, 7, 2237916), (10264, 1, 2477077), (10264, 1, 2477890), (10264, 1, 2479537)]"
3169 "[(10237, 11, 50267), (10874, 9, 414647), (10693, 3, 749754), (10693, 3, 749836), (10592, 14, 920408), (10638, 7, 1043331), (10381, 10, 1045309), (10100, 9, 1045364), (10343, 4, 1266981), (10343, 4, 1267071), (10651, 12, 1275918), (10103, 3, 1279882), (10803, 13, 1300042), (10032, 11, 1554107), (10461, 1, 1692484), (10521, 13, 1879986), (10064, 9, 2030212), (10064, 9, 2030703), (10054, 7, 2288236), (10521, 13, 2481638), (10033, 15, 2558362)]"
3199 "[(10002, 0, 50821), (10002, 0, 53005), (10002, 0, 70309), (10002, 0, 92698), (10002, 0, 161004), (10002, 0, 169613), (10002, 0, 216993), (10002, 0, 254076), (10002, 0, 346322), (10002, 0, 429297), (10002, 0, 505785), (10002, 0, 515193), (10002, 0, 582286), (10002, 0, 601003), (10002, 0, 670146), (10002, 0, 689067), (10002, 0, 771194), (10002, 0, 854716), (10002, 0, 859883), (10002, 0, 871061), (10002, 0, 942762), (10002, 0, 957050), (10002, 0, 1023538), (10002, 0, 1031945), (10002, 0, 1042292), (10002, 0, 1093205), (10002, 0, 1213606), (10002, 0, 1280598), (10002, 0, 1281130), (10002, 0, 1293457), (10006, 5, 1392353), (10002, 0, 1429177), (10002, 0, 1459567), (10002, 0, 1470695), (10002, 0, 1524751), (10002, 0, 1561594), (10002, 0, 1617468), (10002, 0, 1636111), (10002, 0, 1701008), (10002, 0, 1733176), (10002, 0, 1785911), (10002, 0, 1809120), (10002, 0, 1829741), (10002, 0, 1872247), (10002, 0, 1909125), (10002, 0, 1993802), (10002, 0, 2069777), (10002, 0, 2080846), (10002, 0, 2159626), (10002, 0, 2159664), (10002, 0, 2203542), (10002, 0, 2218905), (10002, 0, 2251698), (10002, 0, 2291120), (10002, 0, 2315178), (10002, 0, 2315624), (10002, 0, 2336268), (10002, 0, 2343383), (10002, 0, 2601841)]"
2584 "[(10182, 13, 50874), (10298, 14, 67614), (10138, 11, 199077), (10016, 8, 203536), (10148, 14, 224559), (10044, 13, 225437), (10786, 8, 391322), (10148, 14, 394006), (10016, 8, 831464), (10031, 14, 1112340), (10016, 8, 1290513), (10148, 14, 1364748), (10044, 13, 1371739), (10044, 13, 1372349), (10787, 12, 1373485), (10121, 4, 1458298), (10016, 8, 1532643), (10044, 13, 1702104), (10148, 14, 1720200), (10154, 8, 1755667), (10528, 7, 1799769), (10148, 14, 1852607), (10134, 8, 1864883), (10265, 10, 1934405), (10016, 8, 2054334)]"
855 "[(10454, 15, 50980), (10656, 8, 53203), (10656, 8, 175691), (10007, 11, 704352), (10100, 9, 1734037), (10022, 9, 2671303)]"
3244 "[(10118, 11, 51616), (10118, 11, 259741), (10118, 11, 339698), (10118, 11, 430282), (10118, 11, 495201), (10118, 11, 517344), (10278, 9, 518731), (10032, 11, 692087), (10032, 11, 692483), (10032, 11, 762720), (10032, 11, 764197), (10032, 11, 768012), (10032, 11, 858635), (10032, 11, 1211412), (10032, 11, 1226370), (10032, 11, 1306564), (10032, 11, 1459147), (10032, 11, 1460401), (10032, 11, 1461579), (10032, 11, 1462719), (10032, 11, 1462808), (10032, 11, 1548571), (10032, 11, 1549466), (10032, 11, 1740714), (10032, 11, 1990854), (10032, 11, 2068213), (10032, 11, 2068288), (10032, 11, 2069806), (10032, 11, 2072308), (10032, 11, 2073977), (10032, 11, 2161800)]"
3291 "[(10215, 5, 52346), (10021, 15, 183004), (10032, 11, 533809), (10032, 11, 823720), (10193, 7, 1637884), (10054, 7, 1641057), (10024, 11, 1655575), (10786, 8, 1731448), (10054, 7, 1871551), (10021, 15, 2092101), (10019, 8, 2262830), (10054, 7, 2478276), (10564, 10, 2493975), (10705, 9, 2567820)]"
3327 "[(10420, 15, 52881), (10712, 4, 140453), (10243, 8, 142762), (10243, 8, 396636), (10420, 15, 475448), (10243, 8, 657545), (10243, 8, 739931), (10243, 8, 753811), (10490, 9, 819139), (10092, 9, 819873), (10072, 9, 913685), (10032, 11, 1441029), (10116, 1, 1579745), (10243, 8, 1599276), (10176, 9, 1669430), (10243, 8, 1689392), (10639, 1, 1756807), (10050, 9, 1762893), (10050, 9, 1763070), (10050, 9, 1763344), (10176, 9, 1776994), (10691, 9, 1783122), (10176, 9, 1821017), (10395, 9, 1838068), (10050, 9, 1838411), (10176, 9, 1839799), (10116, 1, 1840199), (10243, 8, 1852306), (10050, 9, 1853405), (10050, 9, 1853682), (10259, 7, 1854395), (10243, 8, 1865807), (10243, 8, 1866333), (10064, 9, 1874053), (10050, 9, 1876679), (10395, 9, 1876703), (10908, 10, 1877313), (10032, 11, 1879866), (10639, 1, 1917655), (10639, 1, 1919470), (10639, 1, 1921869), (10116, 1, 1927408), (10176, 9, 1927617), (10176, 9, 1927714), (10243, 8, 1927923), (10243, 8, 1928414), (10072, 9, 1931078), (10050, 9, 1931247), (10243, 8, 1933829), (10033, 15, 1944792), (10243, 8, 1960034), (10243, 8, 1960050), (10243, 8, 2013322), (10243, 8, 2013690), (10064, 9, 2018133), (10053, 11, 2031742), (10053, 11, 2032345), (10053, 11, 2032977), (10100, 9, 2037588), (10100, 9, 2038190), (10064, 9, 2040604), (10064, 9, 2081436), (10420, 15, 2198081), (10243, 8, 2216166), (10152, 8, 2295080), (10153, 12, 2309383), (10153, 12, 2309452), (10072, 9, 2518533), (10033, 15, 2597319), (10032, 11, 2644334)]"
3331 "[(10032, 11, 52942), (10054, 7, 93493), (10108, 3, 105948), (10032, 11, 106580), (10032, 11, 268704), (10015, 13, 278403), (10054, 7, 307645), (10125, 3, 309246), (10032, 11, 317430), (10032, 11, 373620), (10032, 11, 374339), (10120, 11, 442017), (10408, 12, 444020), (10032, 11, 444969), (10032, 11, 452132), (10032, 11, 466405), (10190, 10, 475764), (10129, 10, 481000), (10029, 15, 638790), (10064, 9, 735587), (10108, 3, 736524), (10032, 11, 790296), (10032, 11, 793531), (10032, 11, 1042446), (10054, 7, 1047032), (10032, 11, 1047285), (10032, 11, 1047628), (10032, 11, 1056520), (10032, 11, 1057244), (10032, 11, 1063021), (10032, 11, 1063388), (10032, 11, 1077116), (10591, 1, 1220372), (10302, 2, 1341326), (10015, 13, 1342701), (10064, 9, 1433986), (10963, 10, 1434028), (10054, 7, 1492765), (10032, 11, 1566557), (10408, 12, 1858062), (10064, 9, 1962775), (10032, 11, 2049953), (10054, 7, 2094728), (10237, 11, 2292333), (10032, 11, 2293345), (10118, 11, 2647069)]"
3363 "[(10049, 7, 53425), (10060, 1, 132697), (10060, 1, 136211), (10060, 1, 138346), (10060, 1, 140845), (10060, 1, 303653), (10060, 1, 303680), (10060, 1, 328167), (10060, 1, 341873), (10060, 1, 580930), (10016, 8, 586703), (10264, 1, 732620), (10032, 11, 755959), (10449, 15, 952066), (10309, 13, 974290), (10019, 8, 1032535), (10190, 10, 1112187), (10554, 13, 1374581), (10554, 13, 1374643), (10193, 7, 1517978), (10507, 1, 1528097), (10507, 1, 1528961), (10193, 7, 1534435), (10507, 1, 1871405), (10015, 13, 1894188), (10262, 4, 1894556), (10262, 4, 1942282), (10090, 4, 1943893), (10262, 4, 2303439), (10015, 13, 2411521), (10554, 13, 2556370)]"
3374 "[(10685, 9, 53604), (10019, 8, 81237), (10795, 7, 86113), (10008, 11, 102954), (10037, 5, 155281), (10090, 4, 157057), (10024, 11, 176503), (10090, 4, 182989), (10037, 5, 184455), (10299, 9, 418035), (10050, 9, 436052), (10462, 7, 445208), (10176, 9, 445971), (10534, 9, 447038), (10016, 8, 535363), (10462, 7, 770969), (10214, 9, 1187586), (10009, 7, 1192645), (10054, 7, 1196510), (10462, 7, 1231547), (10462, 7, 1273930), (10049, 7, 1279166), (10462, 7, 1301801), (10685, 9, 1305961), (10685, 9, 1655578), (10032, 11, 1881628), (10024, 11, 2076649), (10257, 7, 2077481), (10922, 14, 2078801), (10037, 5, 2167970), (10072, 9, 2239314), (10578, 15, 2598484)]"
3315 "[(10054, 7, 53651), (10054, 7, 53773), (10011, 11, 54461), (10374, 9, 82876), (10374, 9, 82941), (10308, 13, 93398), (10032, 11, 140386), (10032, 11, 140638), (10832, 14, 211488), (10032, 11, 213231), (10032, 11, 220545), (10442, 1, 398668), (10832, 14, 436078), (10185, 7, 442807), (10094, 1, 558412), (10156, 4, 559022), (10009, 7, 739023), (10264, 1, 740131), (10032, 11, 787759), (10176, 9, 812418), (10032, 11, 812798), (10032, 11, 873520), (10755, 7, 912454), (10755, 7, 1064640), (10343, 4, 1169671), (10789, 7, 1177751), (10789, 7, 1257676), (10011, 11, 1259980), (10054, 7, 1337787), (10196, 11, 1338598), (10196, 11, 1338764), (10054, 7, 1412558), (10049, 7, 1669011), (10053, 11, 1781406), (10832, 14, 1782730), (10054, 7, 1783693), (10574, 1, 1896602), (10442, 1, 1940774), (10032, 11, 2022357), (10032, 11, 2113078), (10032, 11, 2120867), (10054, 7, 2215365), (10786, 8, 2253054), (10032, 11, 2333621), (10032, 11, 2449753), (10032, 11, 2471164), (10032, 11, 2471350), (10011, 11, 2473075), (10054, 7, 2473525), (10308, 13, 2475919), (10334, 4, 2520762), (10176, 9, 2521417), (10264, 1, 2521502), (10264, 1, 2521544), (10092, 9, 2521821), (10053, 11, 2557862), (10054, 7, 2559068), (10011, 11, 2559147)]"
3385 "[(10032, 11, 53728), (10690, 10, 132033), (10033, 15, 411328), (10690, 10, 696655), (10690, 10, 842519), (10690, 10, 931531), (10690, 10, 1125903), (10690, 10, 1324467), (10690, 10, 1933832)]"
10632 "[(2999, 8, 53741), (2474, 3, 77512), (2070, 13, 80140), (101, 13, 118268), (220, 11, 155538), (5121, 4, 160817), (6263, 1, 238752), (7325, 12, 302304), (6263, 1, 305636), (717, 11, 375738), (4257, 1, 414679), (8094, 8, 421227), (4748, 4, 450886), (6263, 1, 481928), (101, 13, 565898), (3083, 4, 591431), (220, 11, 683723), (8094, 8, 717027), (101, 13, 723074), (5037, 4, 773434), (944, 3, 781430), (8094, 8, 806923), (8636, 9, 807640), (7712, 8, 827905), (1496, 15, 846469), (8845, 9, 852981), (680, 3, 868079), (7712, 8, 881434), (7712, 8, 889213), (220, 11, 910881), (3083, 4, 948029), (220, 11, 1065724), (6203, 11, 1098545), (1043, 11, 1113997), (4663, 11, 1118694), (220, 11, 1151674), (101, 13, 1170691), (6369, 3, 1173631), (220, 11, 1238342), (4042, 10, 1278718), (1773, 12, 1311859), (220, 11, 1315425), (101, 13, 1327873), (5121, 4, 1333616), (220, 11, 1338513), (4478, 3, 1351030), (7939, 15, 1397237), (220, 11, 1397339), (220, 11, 1407935), (1168, 3, 1412449), (220, 11, 1421798), (4344, 3, 1448414), (3407, 1, 1495927), (921, 8, 1506615), (944, 3, 1559378), (717, 11, 1565261), (1202, 1, 1600477), (6548, 7, 1605269), (5002, 7, 1652819), (220, 11, 1686482), (101, 13, 1775493), (220, 11, 1791576), (8094, 8, 1797790), (195, 14, 1877140), (101, 13, 1932676), (4923, 7, 1948224), (7341, 4, 2043658), (5396, 8, 2044599), (5396, 8, 2068449), (4257, 1, 2144631), (872, 7, 2163123), (220, 11, 2189014), (4042, 10, 2216911), (8701, 1, 2229984), (6203, 11, 2260286), (220, 11, 2291036), (6263, 1, 2299228), (220, 11, 2366122), (2400, 4, 2375429), (220, 11, 2377564), (101, 13, 2380299), (1307, 5, 2443132), (220, 11, 2461745), (3083, 4, 2515152), (101, 13, 2537469), (2206, 11, 2600167), (220, 11, 2652994), (4551, 3, 2669149)]"
3399 "[(10618, 13, 53935), (10618, 13, 1128884), (10828, 1, 1272966), (10266, 7, 1318864), (10366, 10, 1341695), (10366, 10, 1343983), (10366, 10, 1345039), (10266, 7, 1721558), (10193, 7, 2055736), (10320, 4, 2082659), (10374, 9, 2118468), (10266, 7, 2226601)]"
3445 "[(10038, 14, 55053), (10229, 9, 58163), (10050, 9, 58928), (10574, 1, 343318), (10507, 1, 1050198), (10507, 1, 1051884), (10507, 1, 1054685), (10507, 1, 1110643), (10507, 1, 1119722), (10156, 4, 1212605), (10507, 1, 1261334), (10507, 1, 1267223), (10507, 1, 1267444), (10507, 1, 1282352), (10507, 1, 1305764), (10507, 1, 1455376), (10390, 10, 1477738), (10412, 11, 1728223), (10017, 3, 1736892), (10015, 13, 1804750), (10507, 1, 1827329), (10507, 1, 1880179), (10412, 11, 1884820), (10007, 11, 1885448), (10019, 8, 1994024), (10084, 9, 1995518), (10873, 12, 2002244), (10259, 7, 2002857), (10374, 9, 2067265), (10925, 9, 2067965), (10018, 7, 2318614), (10574, 1, 2342203), (10507, 1, 2423976), (10111, 7, 2494630), (10111, 7, 2495511), (10185, 7, 2585090), (10507, 1, 2674970)]"
3482 "[(10032, 11, 55605), (10032, 11, 61494), (10032, 11, 62766), (10210, 4, 848437), (10006, 5, 849497), (10006, 5, 851289), (10210, 4, 853075), (10210, 4, 1026518), (10178, 3, 1027186), (10032, 11, 1098580), (10506, 3, 1116144), (10032, 11, 1214857), (10210, 4, 1277487), (10210, 4, 1278962), (10000, 9, 1283421), (10210, 4, 1284019), (10087, 10, 1710056), (10087, 10, 1879378), (10087, 10, 2387428), (10072, 9, 2502236), (10049, 7, 2502871)]"
3489 "[(10019, 8, 55725), (10218, 1, 71536), (10581, 13, 245218), (10218, 1, 334735), (10218, 1, 341548), (10218, 1, 341636), (10019, 8, 429000), (10024, 11, 433777), (10078, 12, 613184), (10009, 7, 629962), (10050, 9, 630627), (10218, 1, 673706), (10140, 14, 700553), (10122, 4, 749705), (10019, 8, 750586), (10489, 4, 962697), (10122, 4, 1028242), (10122, 4, 1031210), (10234, 4, 1048805), (10218, 1, 1119824), (10032, 11, 1125731), (10032, 11, 1138825), (10019, 8, 1220212), (10024, 11, 1224899), (10218, 1, 1287466), (10032, 11, 1345968), (10122, 4, 1359077), (10218, 1, 1374195), (10218, 1, 1374247), (10092, 9, 1380872), (10218, 1, 1383725), (10218, 1, 1560095), (10266, 7, 1638049), (10266, 7, 1639260), (10266, 7, 1641528), (10266, 7, 1643967), (10266, 7, 1706276), (10266, 7, 1707642), (10266, 7, 1722538), (10266, 7, 1723500), (10266, 7, 1734886), (10078, 12, 1913365), (10235, 9, 2069934), (10442, 1, 2072005), (10266, 7, 2082629), (10493, 11, 2215204), (10122, 4, 2238882), (10218, 1, 2241510), (10710, 4, 2256470), (10214, 9, 2258923), (10078, 12, 2386816), (10122, 4, 2398025), (10399, 1, 2518547), (10024, 11, 2661824)]"
773 "[(10006, 5, 56622), (10006, 5, 68870), (10006, 5, 69019), (10006, 5, 94941), (10006, 5, 95219), (10910, 4, 252810), (10910, 4, 253539), (10910, 4, 265575), (10910, 4, 306465), (10910, 4, 409671), (10090, 4, 492548), (10090, 4, 492690), (10090, 4, 492757), (10090, 4, 492953), (10090, 4, 493201), (10090, 4, 744821), (10090, 4, 744888), (10090, 4, 745687), (10090, 4, 745741), (10090, 4, 747037), (10090, 4, 748098), (10090, 4, 829760), (10090, 4, 850484), (10090, 4, 850542), (10090, 4, 949366), (10090, 4, 949460), (10090, 4, 949582), (10090, 4, 949632), (10090, 4, 1092218), (10006, 5, 1216627), (10006, 5, 1216719), (10175, 13, 1649069), (10175, 13, 1649126), (10090, 4, 1658573), (10006, 5, 1659242), (10090, 4, 1719563), (10090, 4, 1719621), (10495, 3, 1733294), (10495, 3, 1736034), (10090, 4, 1736130), (10090, 4, 1736194), (10090, 4, 1916869), (10090, 4, 1916968), (10090, 4, 1917107), (10090, 4, 2038403), (10090, 4, 2038694), (10090, 4, 2041775), (10090, 4, 2041825), (10090, 4, 2058331), (10090, 4, 2058479), (10090, 4, 2061757), (10090, 4, 2061836), (10090, 4, 2090632), (10090, 4, 2090694), (10006, 5, 2125046), (10090, 4, 2146181), (10175, 13, 2206923), (10090, 4, 2253795), (10090, 4, 2253847), (10090, 4, 2435488), (10090, 4, 2435564), (10090, 4, 2482901), (10090, 4, 2646987), (10090, 4, 2647079), (10090, 4, 2668769), (10090, 4, 2669348)]"
10001 "[(2310, 12, 57573), (3726, 1, 59884), (1891, 14, 64865), (1297, 10, 102695), (101, 13, 105093), (3099, 1, 107313), (5132, 9, 146286), (2391, 12, 160873), (6223, 12, 184376), (101, 13, 191337), (101, 13, 191347), (3099, 1, 193945), (2912, 14, 202100), (6223, 12, 257263), (101, 13, 277804), (3099, 1, 279886), (2391, 12, 311040), (3726, 1, 315987), (7344, 12, 334111), (101, 13, 364129), (3099, 1, 371520), (3413, 12, 398986), (2310, 12, 403962), (4426, 13, 440487), (101, 13, 450608), (101, 13, 450620), (3099, 1, 451837), (4426, 13, 453423), (4586, 10, 481141), (8439, 12, 488734), (101, 13, 511261), (6223, 12, 532548), (3099, 1, 542950), (490, 9, 576413), (3556, 15, 590737), (8699, 13, 592314), (8699, 13, 595587), (4426, 13, 617276), (3099, 1, 631993), (2391, 12, 661129), (5317, 13, 671748), (1297, 10, 707008), (101, 13, 709868), (3099, 1, 712606), (4372, 12, 777015), (101, 13, 795655), (101, 13, 796133), (3099, 1, 809941), (4426, 13, 830792), (2368, 15, 835470), (1897, 13, 836503), (3697, 14, 861962), (101, 13, 882063), (3099, 1, 885534), (7344, 12, 890546), (3026, 8, 916836), (352, 12, 927880), (101, 13, 968453), (772, 1, 969396), (3099, 1, 971618), (7344, 12, 981332), (7344, 12, 981998), (490, 9, 996537), (6963, 8, 1016752), (352, 12, 1030590), (352, 12, 1044042), (101, 13, 1055387), (101, 13, 1055397), (3099, 1, 1058403), (6477, 15, 1080037), (3413, 12, 1094607), (4426, 13, 1100695), (352, 12, 1101000), (101, 13, 1116485), (352, 12, 1120903), (352, 12, 1121136), (352, 12, 1128423), (352, 12, 1131666), (3099, 1, 1147942), (4426, 13, 1172316), (9451, 1, 1177030), (7331, 14, 1182889), (3189, 14, 1186596), (4426, 13, 1195029), (1297, 10, 1200810), (352, 12, 1203471), (352, 12, 1205321), (9028, 14, 1240318), (3099, 1, 1241734), (4426, 13, 1269646), (4426, 13, 1283341), (4866, 12, 1285744), (101, 13, 1314671), (3099, 1, 1325664), (5132, 9, 1333773), (6616, 12, 1341327), (195, 14, 1352059), (490, 9, 1376145), (101, 13, 1400942), (101, 13, 1400953), (3099, 1, 1407025), (4426, 13, 1408518), (5132, 9, 1417519), (4426, 13, 1478538), (101, 13, 1487362), (4426, 13, 1500955), (2391, 12, 1526251), (3026, 8, 1541292), (8699, 13, 1541978), (8699, 13, 1548508), (247, 8, 1552999), (101, 13, 1573724), (8049, 14, 1575526), (3026, 8, 1606461), (4426, 13, 1655307), (101, 13, 1660204), (101, 13, 1660215), (3099, 1, 1662729), (4426, 13, 1663411), (490, 9, 1710031), (101, 13, 1721296), (7344, 12, 1723646), (9794, 8, 1733810), (4426, 13, 1738614), (3099, 1, 1757001), (8439, 12, 1763795), (4323, 10, 1766351), (5148, 3, 1771840), (8699, 13, 1787768), (8699, 13, 1789496), (8699, 13, 1790109), (8699, 13, 1790445), (8699, 13, 1792694), (8439, 12, 1838367), (4426, 13, 1843337), (4426, 13, 1850694), (3487, 15, 1857499), (3026, 8, 1872005), (8699, 13, 1881980), (6607, 10, 1894047), (1297, 10, 1916721), (101, 13, 1919493), (3099, 1, 1921047), (8439, 12, 1946107), (4426, 13, 1948364), (8003, 4, 1955410), (1414, 9, 1963253), (1414, 9, 1965166), (5946, 9, 1965219), (9845, 15, 1970478), (101, 13, 2005725), (101, 13, 2005735), (3099, 1, 2008794), (7344, 12, 2057485), (8439, 12, 2060503), (4097, 7, 2090710), (3099, 1, 2091595), (101, 13, 2092159), (3099, 1, 2098743), (9926, 10, 2112082), (8439, 12, 2118884), (1297, 10, 2171818), (4866, 12, 2173611), (101, 13, 2178512), (3099, 1, 2180221), (8439, 12, 2183024), (9241, 4, 2209296), (4426, 13, 2228820), (4426, 13, 2231709), (86, 11, 2255528), (3099, 1, 2264955), (101, 13, 2264981), (101, 13, 2264991), (2085, 7, 2270706), (3726, 1, 2285966), (3556, 15, 2293768), (6595, 15, 2315637), (101, 13, 2326095), (778, 8, 2343538), (7344, 12, 2382516), (1297, 10, 2420215), (6223, 12, 2424821), (3099, 1, 2448563), (3189, 14, 2453598), (5343, 14, 2464681), (9979, 10, 2486585), (7344, 12, 2499471), (101, 13, 2524256), (3099, 1, 2530483), (3726, 1, 2548795), (8439, 12, 2569233), (6595, 15, 2596335), (101, 13, 2610521), (101, 13, 2610531), (3099, 1, 2616020), (7344, 12, 2641298), (7344, 12, 2641768), (3726, 1, 2666990)]"
3631 "[(10072, 9, 58235), (10178, 3, 60137), (10178, 3, 232057), (10178, 3, 323731), (10178, 3, 405968), (10015, 13, 493692), (10178, 3, 498140), (10111, 7, 666098), (10178, 3, 756517), (10178, 3, 839162), (10178, 3, 1031704), (10178, 3, 1101056), (10637, 15, 1279706), (10178, 3, 1353546), (10178, 3, 1356105), (10178, 3, 1358725), (10178, 3, 1362740), (10178, 3, 1366111), (10178, 3, 1530772), (10178, 3, 1533028), (10178, 3, 1540592), (10178, 3, 1613009), (10178, 3, 1784026), (10178, 3, 1873829), (10178, 3, 1886149), (10178, 3, 1904655), (10178, 3, 1904828), (10178, 3, 2004331), (10178, 3, 2041196), (10374, 9, 2139119), (10178, 3, 2145604), (10178, 3, 2304423), (10757, 4, 2421864), (10178, 3, 2422251), (10178, 3, 2581644), (10178, 3, 2660890)]"
1363 "[(10059, 1, 58565), (10059, 1, 72103), (10809, 10, 178420), (10002, 0, 250829), (10059, 1, 253771), (10059, 1, 441955), (10059, 1, 518604), (10059, 1, 669840), (10324, 1, 671062), (10348, 8, 687678), (10059, 1, 691472), (10059, 1, 794327), (10559, 13, 1037389), (10015, 13, 1179705), (10059, 1, 1207951), (10002, 0, 1299876), (10064, 9, 1723345), (10867, 13, 1724083), (10559, 13, 1806613), (10015, 13, 1818819), (10114, 4, 1872797), (10114, 4, 1873762), (10559, 13, 1878466), (10059, 1, 1985809), (10559, 13, 1998523), (10559, 13, 2062017), (10059, 1, 2074536), (10237, 11, 2084666), (10442, 1, 2241954), (10207, 1, 2493096), (10118, 11, 2595049)]"
3685 "[(10295, 8, 59232), (10019, 8, 70347), (10019, 8, 92107), (10810, 10, 93140), (10295, 8, 100884), (10047, 13, 100986), (10159, 12, 102510), (10827, 4, 110222), (10196, 11, 161207), (10601, 15, 161948), (10295, 8, 244591), (10185, 7, 265906), (10019, 8, 269997), (10185, 7, 316648), (10092, 9, 316946), (10092, 9, 320373), (10159, 12, 354326), (10019, 8, 367128), (10185, 7, 401921), (10185, 7, 404108), (10601, 15, 486685), (10798, 13, 487440), (10019, 8, 489585), (10312, 8, 509375), (10185, 7, 539101), (10798, 13, 831072), (10019, 8, 831737), (10092, 9, 833486), (10185, 7, 853377), (10185, 7, 1020435), (10019, 8, 1382688), (10159, 12, 1389752), (10019, 8, 1440121), (10295, 8, 1440964), (10019, 8, 1960028), (10798, 13, 1962088), (10159, 12, 1962768), (10196, 11, 1965519), (10601, 15, 1965684), (10312, 8, 1983952), (10827, 4, 1984982), (10019, 8, 1993069), (10267, 4, 2038023), (10267, 4, 2091671), (10601, 15, 2128638), (10019, 8, 2596685), (10798, 13, 2651410)]"
3712 "[(10002, 0, 59607), (10002, 0, 140854), (10002, 0, 147150), (10002, 0, 200099), (10002, 0, 224222), (10002, 0, 228972), (10002, 0, 313973), (10002, 0, 501412), (10002, 0, 505586), (10002, 0, 512249), (10002, 0, 588527), (10002, 0, 593706), (10002, 0, 601457), (10002, 0, 660245), (10002, 0, 663173), (10002, 0, 674081), (10002, 0, 751752), (10002, 0, 756268), (10002, 0, 759110), (10002, 0, 847830), (10002, 0, 850356), (10002, 0, 931356), (10002, 0, 938492), (10002, 0, 1111210), (10032, 11, 1153036), (10002, 0, 1161193), (10002, 0, 1178838), (10493, 11, 1333260), (10493, 11, 1637087), (10032, 11, 2593329)]"
3731 "[(10008, 11, 59950), (10032, 11, 169925), (10032, 11, 350278), (10032, 11, 447310), (10054, 7, 596381), (10032, 11, 659187), (10032, 11, 671338), (10237, 11, 681521), (10032, 11, 683307), (10032, 11, 684234), (10064, 9, 856388), (10032, 11, 949458), (10032, 11, 1045144), (10032, 11, 1292139), (10032, 11, 1559955), (10054, 7, 1570184), (10054, 7, 1620489), (10018, 7, 1647112), (10237, 11, 1647718), (10142, 1, 1699101), (10237, 11, 1718049), (10032, 11, 1792395), (10019, 8, 1796243), (10142, 1, 1813777), (10032, 11, 1818250), (10490, 9, 1830766), (10032, 11, 2069935), (10205, 7, 2074023), (10049, 7, 2158606), (10142, 1, 2167665), (10011, 11, 2317817), (10032, 11, 2409144), (10032, 11, 2418187), (10076, 7, 2490672), (10031, 14, 2673663), (10032, 11, 2674688)]"
3744 "[(10253, 1, 60211), (10315, 4, 492682), (10315, 4, 493280), (10111, 7, 1241752), (10462, 7, 1245283), (10397, 10, 1423900), (10149, 7, 1602072), (10770, 15, 1604877), (10856, 9, 1605773), (10072, 9, 1606923), (10009, 7, 1610813), (10310, 3, 1675642), (10072, 9, 1677356), (10072, 9, 1677489), (10856, 9, 1763677), (10856, 9, 1763977), (10271, 1, 1769069), (10271, 1, 1769674), (10306, 9, 1770752), (10487, 4, 1773854), (10264, 1, 1781908), (10365, 1, 1865104), (10073, 9, 2471650), (10365, 1, 2492452), (10720, 1, 2582199), (10196, 11, 2640535)]"
3800 "[(10119, 13, 61166), (10030, 13, 89806), (10032, 11, 250260), (10032, 11, 351521), (10237, 11, 353268), (10669, 12, 387323), (10024, 11, 387408), (10743, 15, 611378), (10030, 13, 690669), (10032, 11, 851446), (10032, 11, 865944), (10213, 3, 1164987), (10234, 4, 1184701), (10149, 7, 1720360), (10024, 11, 1779515), (10449, 15, 1780028), (10032, 11, 2169230), (10024, 11, 2249583), (10032, 11, 2287979), (10024, 11, 2344804), (10237, 11, 2404830), (10024, 11, 2404965), (10234, 4, 2487388), (10032, 11, 2545605), (10024, 11, 2545942)]"
3823 "[(10162, 9, 61464), (10342, 4, 210535), (10393, 15, 399623), (10101, 7, 747887), (10101, 7, 832990), (10032, 11, 833288), (10032, 11, 834156), (10264, 1, 1165026), (10264, 1, 1165752), (10447, 9, 1228422), (10032, 11, 1355860), (10032, 11, 1356631), (10032, 11, 1357325), (10321, 1, 1415850), (10032, 11, 1429215), (10406, 11, 1468635), (10216, 13, 1471020), (10321, 1, 1599256), (10022, 9, 2302451), (10633, 9, 2378559), (10054, 7, 2547841), (10101, 7, 2626647)]"
3834 "[(10008, 11, 61680), (10008, 11, 61721), (10008, 11, 132809), (10008, 11, 133130), (10008, 11, 213976), (10008, 11, 220198), (10685, 9, 438131), (10008, 11, 487093), (10096, 10, 648264), (10008, 11, 654818), (10008, 11, 732308), (10008, 11, 732400), (10008, 11, 759220), (10008, 11, 759264), (10008, 11, 1125273), (10008, 11, 1367752), (10008, 11, 1367874), (10006, 5, 1427700), (10380, 4, 1431082), (10008, 11, 1452452), (10008, 11, 1452523), (10008, 11, 1867230), (10008, 11, 1887944), (10008, 11, 2103049), (10008, 11, 2103083), (10008, 11, 2252051), (10008, 11, 2252089), (10008, 11, 2554449), (10008, 11, 2554513), (10008, 11, 2554671), (10008, 11, 2554706), (10204, 1, 2631131), (10008, 11, 2634448), (10008, 11, 2634497), (10008, 11, 2636098)]"
3850 "[(10111, 7, 61839), (10253, 1, 239025), (10111, 7, 375714), (10266, 7, 418624), (10065, 1, 419230), (10253, 1, 421380), (10253, 1, 480005), (10745, 4, 591840), (10114, 4, 642214), (10114, 4, 642948), (10111, 7, 669703), (10253, 1, 847617), (10111, 7, 929399), (10253, 1, 1212809), (10114, 4, 2405844), (10019, 8, 2484449), (10032, 11, 2486639)]"
3913 "[(10725, 4, 63137), (10007, 11, 67673), (10007, 11, 226702), (10032, 11, 228509), (10064, 9, 253001), (10358, 9, 285487), (10070, 13, 292776), (10037, 5, 324743), (10442, 1, 649149), (10394, 11, 1102611), (10347, 1, 1272894), (10040, 12, 1273252), (10576, 4, 1273279), (10007, 11, 1471302), (10394, 11, 1607212), (10007, 11, 1616794), (10007, 11, 1797690), (10394, 11, 1962052), (10394, 11, 1976764), (10446, 15, 2024039), (10394, 11, 2326731), (10394, 11, 2327377), (10394, 11, 2404923), (10461, 1, 2405616), (10007, 11, 2405857), (10394, 11, 2412415), (10007, 11, 2422198), (10394, 11, 2460996), (10011, 11, 2461909), (10394, 11, 2573829)]"
4025 "[(10735, 10, 64901), (10735, 10, 83393), (10054, 7, 86751), (10096, 10, 90747), (10096, 10, 90875), (10540, 4, 97445), (10054, 7, 98016), (10540, 4, 98067), (10096, 10, 141584), (10096, 10, 141774), (10096, 10, 303236), (10096, 10, 316241), (10054, 7, 330146), (10032, 11, 405599), (10054, 7, 488177), (10054, 7, 516768), (10054, 7, 594040), (10406, 11, 690980), (10406, 11, 691011), (10054, 7, 756945), (10096, 10, 758211), (10406, 11, 764309), (10054, 7, 861159), (10054, 7, 862498), (10054, 7, 862600), (10032, 11, 1008968), (10879, 8, 1014269), (10879, 8, 1037193), (10096, 10, 1037327), (10096, 10, 1037542), (10096, 10, 1037669), (10054, 7, 1126141), (10096, 10, 1134867), (10054, 7, 1211282), (10054, 7, 1211775), (10054, 7, 1217285), (10054, 7, 1217424), (10054, 7, 1281939), (10054, 7, 1459230), (10406, 11, 1459296), (10054, 7, 1532391), (10096, 10, 1613394), (10054, 7, 1645747), (10054, 7, 1645777), (10054, 7, 1645824), (10879, 8, 1690633), (10096, 10, 1694037), (10096, 10, 1717284), (10096, 10, 1890236), (10096, 10, 1890326), (10096, 10, 1890417), (10096, 10, 1949179), (10032, 11, 1957902), (10054, 7, 1964964), (10096, 10, 1990803), (10096, 10, 2039875), (10096, 10, 2040542), (10032, 11, 2309148), (10096, 10, 2330564), (10096, 10, 2332269), (10054, 7, 2335645), (10054, 7, 2335884), (10096, 10, 2385709), (10096, 10, 2484421), (10406, 11, 2511138), (10406, 11, 2511186), (10054, 7, 2553201), (10011, 11, 2575579)]"
10736 "[(3555, 13, 64951), (2503, 14, 137936), (4040, 12, 176207), (4040, 12, 177113), (4040, 12, 177633), (5897, 10, 216753), (3831, 14, 238083), (7432, 13, 306801), (1938, 14, 325523), (4040, 12, 342031), (2065, 10, 416242), (6017, 12, 496353), (4040, 12, 507664), (85, 3, 543188), (3457, 3, 660322), (2421, 13, 678289), (3831, 14, 706140), (1950, 11, 747058), (4040, 12, 749720), (3666, 8, 786237), (6215, 14, 813447), (4040, 12, 840315), (7432, 13, 848303), (7432, 13, 856321), (6263, 1, 912654), (8810, 13, 960495), (4040, 12, 1017699), (4040, 12, 1017771), (8743, 10, 1176892), (4040, 12, 1195982), (2995, 14, 1360880), (4040, 12, 1445028), (8043, 12, 1702782), (4040, 12, 1706946), (9020, 15, 1755435), (1938, 14, 1778942), (4040, 12, 1818352), (1938, 14, 1860603), (6263, 1, 1880376), (9845, 15, 1885902), (535, 4, 1953935), (4040, 12, 1967972), (5589, 3, 2123783), (2338, 15, 2245165), (6081, 15, 2268327), (7020, 15, 2280868), (1938, 14, 2285565), (2222, 14, 2286771), (7159, 9, 2345506), (2720, 15, 2394043), (8810, 13, 2568060), (6081, 15, 2573175), (5451, 9, 2635611)]"
3467 "[(10374, 9, 65485), (10076, 7, 66955), (10176, 9, 70393), (10076, 7, 83825), (10374, 9, 501782), (10076, 7, 528639), (10076, 7, 529378), (10374, 9, 586101), (10374, 9, 586189), (10079, 1, 904344), (10176, 9, 1022981), (10008, 11, 1032349), (10008, 11, 1043019), (10008, 11, 1079119), (10374, 9, 1112533), (10214, 9, 1119186), (10156, 4, 1463199), (10072, 9, 1787300), (10788, 7, 2077342), (10156, 4, 2326980), (10162, 9, 2327577), (10032, 11, 2575002), (10374, 9, 2667447), (10072, 9, 2667726), (10072, 9, 2669482), (10032, 11, 2669916)]"
2228 "[(10331, 7, 65973), (10331, 7, 318925), (10004, 11, 408379), (10149, 7, 411147), (10053, 11, 473470), (10032, 11, 497271), (10365, 1, 498892), (10032, 11, 502961), (10365, 1, 508829), (10053, 11, 551429), (10114, 4, 573788), (10937, 3, 1196091), (10589, 10, 1436023)]"
4070 "[(10256, 12, 65986), (10032, 11, 94553), (10105, 15, 240304), (10105, 15, 246069), (10105, 15, 252296), (10031, 14, 261517), (10256, 12, 307500), (10231, 15, 309035), (10446, 15, 309637), (10105, 15, 309868), (10105, 15, 316436), (10105, 15, 324215), (10105, 15, 324563), (10187, 15, 325589), (10105, 15, 406417), (10105, 15, 426210), (10076, 7, 481268), (10016, 8, 582554), (10016, 8, 587384), (10105, 15, 588178), (10105, 15, 684549), (10105, 15, 836305), (10054, 7, 836488), (10054, 7, 839183), (10105, 15, 856422), (10019, 8, 871632), (10272, 15, 886182), (10105, 15, 900889), (10054, 7, 904233), (10053, 11, 917759), (10105, 15, 941133), (10105, 15, 1027195), (10054, 7, 1028386), (10406, 11, 1085660), (10105, 15, 1103639), (10105, 15, 1107305), (10105, 15, 1109231), (10105, 15, 1191221), (10105, 15, 1194410), (10105, 15, 1196113), (10105, 15, 1275100), (10105, 15, 1281380), (10105, 15, 1283697), (10105, 15, 1287678), (10149, 7, 1344814), (10105, 15, 1346768), (10054, 7, 1448375), (10253, 1, 1461689), (10105, 15, 1537450), (10105, 15, 1700401), (10105, 15, 1703011), (10032, 11, 1727589), (10105, 15, 1960032), (10105, 15, 1962747), (10105, 15, 1971495), (10054, 7, 2068962), (10105, 15, 2149245), (10105, 15, 2150102), (10105, 15, 2151088), (10105, 15, 2408275), (10105, 15, 2421134), (10105, 15, 2494485), (10019, 8, 2499860), (10032, 11, 2502427), (10105, 15, 2504517), (10253, 1, 2543420), (10076, 7, 2566057), (10105, 15, 2567236), (10105, 15, 2574230)]"
4133 "[(10032, 11, 67195), (10032, 11, 67325), (10032, 11, 67602), (10253, 1, 67770), (10032, 11, 231299), (10008, 11, 269452), (10237, 11, 297763), (10032, 11, 308130), (10253, 1, 333845), (10008, 11, 477297), (10253, 1, 485582), (10032, 11, 682143), (10008, 11, 1009536), (10149, 7, 1199976), (10142, 1, 1212670), (10142, 1, 1213560), (10008, 11, 1221151), (10032, 11, 1349240), (10032, 11, 1392643), (10008, 11, 1820505), (10008, 11, 1866602), (10076, 7, 2086807), (10253, 1, 2396186), (10032, 11, 2550699), (10032, 11, 2551526), (10032, 11, 2551703), (10032, 11, 2554608), (10032, 11, 2568206)]"
10749 "[(3898, 4, 68151), (4998, 5, 139806), (3898, 4, 178084), (3898, 4, 178247), (2266, 11, 232727), (1025, 9, 239680), (1025, 9, 240281), (7355, 15, 335005), (5041, 9, 420507), (4747, 1, 445866), (5769, 7, 500671), (3898, 4, 520051), (60, 5, 534661), (7770, 1, 555630), (6379, 3, 650526), (1550, 9, 801715), (2122, 15, 895451), (311, 1, 900126), (7384, 9, 910135), (60, 5, 932999), (8633, 9, 952297), (8633, 9, 962482), (8494, 12, 1001598), (8494, 12, 1002200), (780, 15, 1013540), (8649, 7, 1050029), (7231, 3, 1088519), (5033, 4, 1129724), (6656, 7, 1137603), (8643, 9, 1163591), (1776, 9, 1260468), (628, 4, 1301739), (5654, 3, 1342636), (3898, 4, 1376472), (4941, 10, 1419945), (4341, 5, 1440339), (1550, 9, 1452076), (6032, 7, 1462278), (9690, 3, 1583243), (6936, 4, 1686869), (1078, 4, 1703515), (3898, 4, 1730960), (6936, 4, 1798026), (1746, 4, 1809816), (4414, 7, 1818383), (8118, 9, 1905396), (5882, 12, 1984753), (3898, 4, 1988583), (8003, 4, 2033774), (3925, 4, 2110268), (1582, 1, 2159624), (5119, 4, 2237183), (6798, 3, 2243651), (3898, 4, 2250398), (6457, 9, 2294552), (9715, 9, 2481088), (7974, 9, 2483032), (3898, 4, 2575696), (797, 10, 2583591)]"
3720 "[(10070, 13, 68274), (10070, 13, 91077), (10070, 13, 1006571), (10070, 13, 1963353), (10070, 13, 1984526), (10070, 13, 2040964), (10070, 13, 2045325), (10070, 13, 2082014), (10070, 13, 2161726), (10070, 13, 2164448), (10070, 13, 2164493), (10070, 13, 2571271), (10070, 13, 2645446), (10070, 13, 2646191), (10070, 13, 2651538)]"
4190 "[(10055, 15, 68375), (10451, 15, 89081), (10451, 15, 89175), (10118, 11, 90597), (10211, 8, 423654), (10790, 7, 588961), (10032, 11, 592275), (10004, 11, 600889), (10118, 11, 679135), (10055, 15, 780826), (10211, 8, 926997), (10211, 8, 943919), (10274, 11, 1186742), (10016, 8, 1394650), (10016, 8, 1395250), (10032, 11, 1438114), (10007, 11, 1564475), (10032, 11, 1642153), (10032, 11, 1736296), (10790, 7, 1973816), (10790, 7, 1984839), (10125, 3, 2494411)]"
4206 "[(10054, 7, 68527), (10576, 4, 113561), (10090, 4, 157046), (10032, 11, 216774), (10198, 11, 304862), (10076, 7, 415622), (10576, 4, 556279), (10024, 11, 662113), (10305, 4, 677941), (10198, 11, 744966), (10024, 11, 745281), (10198, 11, 921033), (10556, 9, 937755), (10124, 15, 1001251), (10007, 11, 1003587), (10024, 11, 1098187), (10442, 1, 1168317), (10090, 4, 1258273), (10406, 11, 1258803), (10576, 4, 1432238), (10406, 11, 1716788), (10024, 11, 1773116), (10576, 4, 1897403), (10024, 11, 1960346), (10792, 7, 2047723), (10198, 11, 2131803), (10024, 11, 2390134), (10024, 11, 2569867)]"
4225 "[(10032, 11, 69103), (10592, 14, 69743), (10592, 14, 146696), (10054, 7, 416729), (10592, 14, 490785), (10592, 14, 553375), (10592, 14, 670582), (10592, 14, 730093), (10072, 9, 768273), (10247, 10, 779132), (10247, 10, 784887), (10060, 1, 1092908), (10060, 1, 1093579), (10247, 10, 1118861), (10032, 11, 1457762), (10490, 9, 1675695), (10490, 9, 1710341), (10247, 10, 1726870), (10072, 9, 1851144), (10449, 15, 1861518), (10190, 10, 1974562), (10865, 8, 2151872), (10393, 15, 2399487), (10490, 9, 2422497), (10214, 9, 2501226), (10072, 9, 2515387), (10032, 11, 2593541), (10072, 9, 2656113), (10523, 12, 2674720)]"
4237 "[(10308, 13, 69304), (10784, 9, 78916), (10789, 7, 81649), (10196, 11, 156551), (10031, 14, 157183), (10237, 11, 225422), (10124, 15, 306714), (10032, 11, 346003), (10032, 11, 346084), (10229, 9, 386538), (10264, 1, 390766), (10032, 11, 404002), (10033, 15, 423332), (10196, 11, 429861), (10633, 9, 471663), (10412, 11, 484990), (10237, 11, 516419), (10363, 7, 520301), (10033, 15, 526310), (10761, 9, 553460), (10050, 9, 554147), (10156, 4, 678322), (10054, 7, 758686), (10032, 11, 768143), (10308, 13, 786589), (10009, 7, 787191), (10162, 9, 813798), (10031, 14, 816618), (10072, 9, 822592), (10076, 7, 823320), (10072, 9, 829592), (10385, 9, 835224), (10620, 9, 922642), (10308, 13, 923346), (10534, 9, 946286), (10214, 9, 994766), (10331, 7, 1079770), (10038, 14, 1094795), (10342, 4, 1099560), (10100, 9, 1111944), (10053, 11, 1123950), (10032, 11, 1126654), (10032, 11, 1174359), (10050, 9, 1175585), (10761, 9, 1176215), (10534, 9, 1214311), (10633, 9, 1247624), (10376, 9, 1283502), (10806, 14, 1376546), (10019, 8, 1379001), (10053, 11, 1383015), (10019, 8, 1423506), (10657, 9, 1425739), (10657, 9, 1426364), (10005, 8, 1442369), (10137, 9, 1445143), (10019, 8, 1460153), (10019, 8, 1469873), (10272, 15, 1502337), (10461, 1, 1509534), (10342, 4, 1526069), (10019, 8, 1529461), (10090, 4, 1548085), (10019, 8, 1548110), (10122, 4, 1548818), (10032, 11, 1551232), (10869, 1, 1587123), (10296, 9, 1590963), (10214, 9, 1592427), (10122, 4, 1595549), (10122, 4, 1596179), (10385, 9, 1599843), (10019, 8, 1603986), (10381, 10, 1606394), (10019, 8, 1623858), (10156, 4, 1625236), (10054, 7, 1646833), (10054, 7, 1688206), (10054, 7, 1689293), (10540, 4, 1710322), (10264, 1, 1711144), (10253, 1, 1719866), (10253, 1, 1720470), (10253, 1, 1723128), (10032, 11, 1724275), (10253, 1, 1807476), (10269, 3, 1813354), (10633, 9, 1852193), (10054, 7, 1866618), (10536, 4, 1891657), (10176, 9, 1894011), (10397, 10, 1941407), (10122, 4, 1942314), (10019, 8, 1942506), (10360, 11, 1943989), (10196, 11, 1958338), (10308, 13, 1977466), (10073, 9, 2032234), (10691, 9, 2067669), (10022, 9, 2070975), (10064, 9, 2080043), (10032, 11, 2113138), (10444, 9, 2113659), (10007, 11, 2128974), (10272, 15, 2148659), (10264, 1, 2154585), (10264, 1, 2154653), (10019, 8, 2155476), (10269, 3, 2160927), (10944, 7, 2161586), (10031, 14, 2203488), (10038, 14, 2203552), (10712, 4, 2228324), (10162, 9, 2510387), (10253, 1, 2660865)]"
4265 "[(10215, 5, 69926), (10215, 5, 228834), (10215, 5, 269776), (10685, 9, 333894), (10685, 9, 334021), (10770, 15, 337124), (10215, 5, 345777), (10048, 15, 440515), (10048, 15, 480832), (10215, 5, 586056), (10215, 5, 599353), (10215, 5, 686670), (10215, 5, 927146), (10285, 7, 972069), (10441, 9, 976222), (10033, 15, 1032970), (10205, 7, 1040649), (10048, 15, 1138577), (10048, 15, 1138748), (10215, 5, 1142842), (10089, 7, 1489640), (10089, 7, 1623871), (10089, 7, 1705677), (10215, 5, 1785280), (10215, 5, 1808214), (10790, 7, 1881340), (10048, 15, 1884769), (10790, 7, 1915401), (10790, 7, 1926951), (10685, 9, 2093679), (10048, 15, 2246165), (10215, 5, 2246516), (10089, 7, 2268901), (10790, 7, 2408197), (10089, 7, 2486019), (10089, 7, 2648334)]"
10759 "[(4227, 4, 71225), (4343, 15, 71707), (101, 13, 108382), (2609, 11, 219471), (220, 11, 299006), (101, 13, 312631), (6558, 3, 331949), (8337, 3, 443760), (7875, 7, 501969), (5808, 11, 525632), (8337, 3, 570901), (523, 3, 583228), (2609, 11, 584579), (8191, 1, 587645), (2609, 11, 608757), (2609, 11, 657641), (101, 13, 713176), (2609, 11, 839617), (7876, 12, 869179), (101, 13, 917430), (1571, 3, 947428), (8681, 12, 948375), (8681, 12, 1019587), (523, 3, 1099492), (6558, 3, 1148631), (6558, 3, 1225502), (4343, 15, 1232958), (101, 13, 1317989), (8681, 12, 1358879), (9013, 3, 1359850), (8681, 12, 1363309), (8681, 12, 1381416), (9013, 3, 1435979), (8681, 12, 1450160), (8681, 12, 1469669), (121, 9, 1486716), (8702, 11, 1491905), (101, 13, 1522230), (1571, 3, 1618037), (8337, 3, 1659441), (1571, 3, 1810484), (9013, 3, 1860007), (9013, 3, 1909961), (1571, 3, 1912733), (101, 13, 1922779), (6558, 3, 1925272), (8337, 3, 1935117), (9013, 3, 1973151), (6558, 3, 1979427), (1571, 3, 1990438), (101, 13, 2127031), (7138, 9, 2195651), (1648, 3, 2394056), (6558, 3, 2438654), (4401, 13, 2515874), (101, 13, 2527588), (4343, 15, 2637976), (1571, 3, 2649903), (9717, 4, 2655607), (666, 12, 2660668)]"
4330 "[(10512, 13, 71310), (10366, 10, 199529), (10054, 7, 380227), (10120, 11, 749603), (10574, 1, 942318), (10412, 11, 1039358), (10007, 11, 1040469), (10064, 9, 1198811), (10648, 4, 1616649), (10540, 4, 2041180), (10444, 9, 2049855), (10156, 4, 2203222), (10064, 9, 2204240), (10352, 1, 2292895), (10008, 11, 2317075), (10779, 7, 2488771)]"
10760 "[(2391, 12, 71388), (1579, 7, 93718), (7449, 9, 249853), (1394, 1, 709671), (3758, 7, 760735), (8178, 10, 872110), (8178, 10, 981617), (7757, 8, 1048350), (9097, 7, 1119052), (7449, 9, 1163828), (9097, 7, 1164647), (7449, 9, 1448899), (7449, 9, 1683165), (7449, 9, 1719114), (7449, 9, 1732698), (8178, 10, 1760387), (7449, 9, 1949734), (7449, 9, 2030909), (7449, 9, 2108757), (7449, 9, 2201117), (9203, 13, 2228184), (7449, 9, 2374492), (7449, 9, 2547395), (9203, 13, 2574243)]"
2068 "[(10015, 13, 71388), (10076, 7, 72338), (10008, 11, 124877), (10076, 7, 192979), (10162, 9, 726431), (10076, 7, 1483713), (10574, 1, 1483865), (10331, 7, 1485659), (10015, 13, 1490344), (10032, 11, 2050805), (10129, 10, 2106885), (10646, 4, 2107528), (10770, 15, 2120551), (10076, 7, 2122176), (10334, 4, 2254449), (10021, 15, 2291892)]"
4333 "[(10412, 11, 71409), (10412, 11, 72097), (10008, 11, 669828), (10111, 7, 705566), (10015, 13, 831344), (10459, 1, 832381), (10111, 7, 904150), (10540, 4, 904400), (10442, 1, 1391067), (10076, 7, 1614569), (10092, 9, 1797247), (10352, 1, 1871814), (10540, 4, 2002825), (10544, 7, 2255796)]"
757 "[(10076, 7, 71465), (10032, 11, 90703), (10076, 7, 140853), (10076, 7, 157152), (10076, 7, 165011), (10032, 11, 477124), (10648, 4, 617438), (10032, 11, 848298), (10032, 11, 1008220), (10032, 11, 1349452), (10019, 8, 1374182), (10376, 9, 1462079), (10114, 4, 1462678), (10076, 7, 1565445), (10032, 11, 1636850), (10923, 12, 1792180), (10066, 4, 1829784), (10350, 12, 1875383), (10032, 11, 1969023), (10342, 4, 1999010), (10019, 8, 2077927), (10019, 8, 2078012), (10019, 8, 2078255), (10032, 11, 2136488), (10352, 1, 2214673), (10352, 1, 2215272), (10296, 9, 2299248), (10449, 15, 2507997), (10032, 11, 2601085), (10118, 11, 2603606)]"
1468 "[(10207, 1, 71756), (10149, 7, 80435), (10207, 1, 2483812)]"
2973 "[(10381, 10, 72530), (10462, 7, 144215), (10780, 8, 229773), (10011, 11, 230986), (10011, 11, 231599), (10011, 11, 231629), (10022, 9, 254994), (10340, 7, 257303), (10022, 9, 314633), (10780, 8, 404466), (10022, 9, 405006), (10761, 9, 576610), (10462, 7, 577420), (10090, 4, 579869), (10910, 4, 646444), (10114, 4, 652998), (10381, 10, 653019), (10462, 7, 753053), (10193, 7, 754114), (10090, 4, 760282), (10372, 9, 924659), (10737, 1, 1008639), (10022, 9, 1008652), (10462, 7, 1009562), (10214, 9, 1096335), (10343, 4, 1177059), (10084, 9, 1177298), (10084, 9, 1177484), (10780, 8, 1267188), (10242, 4, 1352356), (10023, 1, 1363945), (10214, 9, 1376087), (10090, 4, 1524814), (10462, 7, 1613786), (10737, 1, 1614013), (10737, 1, 1614273), (10011, 11, 1639987), (10111, 7, 1705627), (10780, 8, 1709166), (10462, 7, 1709812), (10737, 1, 1784042), (10737, 1, 1784680), (10340, 7, 1799478), (10090, 4, 1799481), (10462, 7, 1800827), (10462, 7, 1801002), (10737, 1, 1886033), (10737, 1, 1886222), (10737, 1, 1886452), (10780, 8, 1967972), (10084, 9, 2046237), (10009, 7, 2046239), (10340, 7, 2049489), (10193, 7, 2385929), (10462, 7, 2399019), (10462, 7, 2399221), (10462, 7, 2399384), (10205, 7, 2458622)]"
4389 "[(10032, 11, 72647), (10205, 7, 97913), (10205, 7, 756780), (10564, 10, 942633), (10564, 10, 942697), (10120, 11, 1313613), (10455, 8, 2011384), (10577, 7, 2674423)]"
4417 "[(10121, 4, 73109), (10085, 10, 1697145), (10032, 11, 1811777), (10521, 13, 2487963)]"
3682 "[(10274, 11, 73164), (10032, 11, 73915), (10213, 3, 205781), (10070, 13, 222462), (10581, 13, 247535), (10428, 4, 312808), (10428, 4, 313587), (10512, 13, 314906), (10059, 1, 328495), (10088, 3, 332445), (10274, 11, 1186700), (10079, 1, 1512966), (10083, 15, 1517770), (10079, 1, 1543049), (10059, 1, 1964618), (10301, 13, 1969911), (10301, 13, 1970517), (10790, 7, 1972240), (10070, 13, 2042495), (10059, 1, 2240009), (10301, 13, 2638070), (10489, 4, 2639299), (10196, 11, 2640968), (10083, 15, 2658870), (10088, 3, 2662910), (10088, 3, 2666014)]"
1201 "[(10108, 3, 75460), (10647, 14, 256707), (10647, 14, 627127), (10360, 11, 938978), (10004, 11, 979450), (10406, 11, 1033394), (10790, 7, 1034575), (10004, 11, 1237658), (10004, 11, 1401837), (10004, 11, 1533680), (10406, 11, 1771906), (10004, 11, 1858839), (10222, 8, 1871803), (10032, 11, 2049165), (10360, 11, 2142005), (10004, 11, 2238327), (10406, 11, 2320337), (10004, 11, 2489503), (10004, 11, 2596440), (10360, 11, 2596923), (10004, 11, 2656253)]"
4515 "[(10015, 13, 75884), (10338, 15, 112853), (10446, 15, 119865), (10000, 9, 382453), (10331, 7, 796803), (10032, 11, 814630), (10032, 11, 815260), (10230, 11, 833026), (10090, 4, 1242518), (10024, 11, 1510437), (10688, 15, 1580574), (10000, 9, 1613819), (10455, 8, 1678191), (10343, 4, 1854372), (10338, 15, 1893243), (10090, 4, 1961669), (10331, 7, 1970207), (10015, 13, 1971302), (10137, 9, 2034903), (10090, 4, 2118972), (10338, 15, 2190250), (10455, 8, 2450960)]"
4473 "[(10462, 7, 77646), (10462, 7, 84505), (10462, 7, 125454), (10354, 1, 153987), (10354, 1, 177739), (10009, 7, 241455), (10761, 9, 346774), (10761, 9, 347114), (10761, 9, 348450), (10761, 9, 348993), (10354, 1, 666166), (10462, 7, 752069), (10462, 7, 783391), (10205, 7, 855040), (10205, 7, 860320), (10205, 7, 860547), (10918, 1, 947662), (10462, 7, 1079300), (10032, 11, 1196459), (10111, 7, 1208131), (10462, 7, 1210346), (10462, 7, 1210472), (10111, 7, 1210624), (10111, 7, 1212716), (10721, 4, 1371341), (10296, 9, 1784981), (10795, 7, 1864063), (10156, 4, 1889791), (10598, 9, 2162816), (10598, 9, 2165974), (10598, 9, 2313142), (10901, 12, 2377586), (10598, 9, 2411738), (10910, 4, 2425706), (10598, 9, 2480572), (10462, 7, 2546440)]"
1775 "[(10105, 15, 78008), (10130, 13, 93445), (10031, 14, 98578), (10774, 4, 101540), (10210, 4, 164692), (10248, 12, 165189), (10365, 1, 317315), (10625, 15, 323249), (10052, 15, 323339), (10625, 15, 323523), (10124, 15, 324492), (10248, 12, 325565), (10248, 12, 325690), (10124, 15, 326416), (10124, 15, 331241), (10124, 15, 339234), (10449, 15, 348505), (10124, 15, 349810), (10124, 15, 405083), (10124, 15, 432565), (10124, 15, 537089), (10124, 15, 537173), (10054, 7, 590592), (10124, 15, 601332), (10019, 8, 687187), (10065, 1, 698388), (10176, 9, 738565), (10214, 9, 739553), (10052, 15, 739860), (10248, 12, 744245), (10176, 9, 745069), (10092, 9, 748521), (10092, 9, 749098), (10121, 4, 751305), (10072, 9, 751462), (10269, 3, 751907), (10052, 15, 757146), (10105, 15, 757224), (10092, 9, 758798), (10162, 9, 758863), (10176, 9, 762082), (10044, 13, 771172), (10182, 13, 771243), (10065, 1, 774044), (10052, 15, 774367), (10005, 8, 774580), (10124, 15, 782852), (10050, 9, 832956), (10072, 9, 833000), (10092, 9, 833705), (10176, 9, 834032), (10019, 8, 843514), (10092, 9, 859605), (10044, 13, 860596), (10044, 13, 860635), (10182, 13, 860673), (10193, 7, 861843), (10092, 9, 863523), (10052, 15, 863818), (10031, 14, 863915), (10017, 3, 864143), (10044, 13, 866756), (10182, 13, 866810), (10176, 9, 921267), (10050, 9, 921804), (10176, 9, 921837), (10019, 8, 938171), (10124, 15, 942117), (10045, 12, 945155), (10124, 15, 946332), (10449, 15, 946830), (10449, 15, 946869), (10052, 15, 947819), (10052, 15, 955981), (10019, 8, 969233), (10006, 5, 969868), (10187, 15, 1008582), (10052, 15, 1009108), (10052, 15, 1010513), (10124, 15, 1019115), (10538, 5, 1019320), (10315, 4, 1019927), (10124, 15, 1023000), (10065, 1, 1028858), (10065, 1, 1049515), (10005, 8, 1052862), (10092, 9, 1088259), (10182, 13, 1092983), (10324, 1, 1093020), (10176, 9, 1096056), (10214, 9, 1096307), (10072, 9, 1096345), (10050, 9, 1096432), (10072, 9, 1100566), (10019, 8, 1102520), (10092, 9, 1103473), (10449, 15, 1117071), (10052, 15, 1117099), (10220, 1, 1120851), (10019, 8, 1135485), (10124, 15, 1142075), (10019, 8, 1143680), (10045, 12, 1180266), (10176, 9, 1180682), (10092, 9, 1180895), (10072, 9, 1181105), (10344, 13, 1181376), (10072, 9, 1187410), (10072, 9, 1190487), (10105, 15, 1195698), (10045, 12, 1197633), (10176, 9, 1264473), (10050, 9, 1264799), (10176, 9, 1267882), (10092, 9, 1268669), (10538, 5, 1269084), (10052, 15, 1269692), (10033, 15, 1269758), (10092, 9, 1270040), (10444, 9, 1271380), (10105, 15, 1277934), (10105, 15, 1279827), (10124, 15, 1300623), (10599, 4, 1309435), (10092, 9, 1341795), (10072, 9, 1343216), (10045, 12, 1343798), (10176, 9, 1348991), (10196, 11, 1357504), (10124, 15, 1359026), (10031, 14, 1359950), (10052, 15, 1378757), (10031, 14, 1379030), (10092, 9, 1436520), (10176, 9, 1436649), (10176, 9, 1437170), (10278, 9, 1437260), (10017, 3, 1440716), (10052, 15, 1441185), (10045, 12, 1442775), (10019, 8, 1462279), (10019, 8, 1462369), (10052, 15, 1466408), (10449, 15, 1471543), (10045, 12, 1511680), (10124, 15, 1516286), (10092, 9, 1516553), (10092, 9, 1516654), (10050, 9, 1517137), (10050, 9, 1517428), (10052, 15, 1524464), (10005, 8, 1524498), (10124, 15, 1538416), (10006, 5, 1551655), (10052, 15, 1556019), (10344, 13, 1558930), (10176, 9, 1606539), (10176, 9, 1606673), (10019, 8, 1638885), (10124, 15, 1639239), (10124, 15, 1642411), (10774, 4, 1660406), (10774, 4, 1660432), (10092, 9, 1694580), (10176, 9, 1694807), (10124, 15, 1698280), (10124, 15, 1698410), (10124, 15, 1698563), (10050, 9, 1718141), (10296, 9, 1718355), (10050, 9, 1718450), (10040, 12, 1722605), (10449, 15, 1723862), (10052, 15, 1723904), (10072, 9, 1724814), (10124, 15, 1733164), (10174, 9, 1780342), (10174, 9, 1781784), (10176, 9, 1782444), (10072, 9, 1784463), (10050, 9, 1784703), (10072, 9, 1786414), (10176, 9, 1788626), (10124, 15, 1792327), (10019, 8, 1792691), (10019, 8, 1797989), (10352, 1, 1834739), (10052, 15, 1878570), (10124, 15, 1946143), (10664, 13, 1947903), (10176, 9, 1957071), (10278, 9, 1957173), (10016, 8, 1957279), (10248, 12, 1994381), (10045, 12, 2038334), (10176, 9, 2040036), (10176, 9, 2040466), (10278, 9, 2040723), (10124, 15, 2044968), (10248, 12, 2058807), (10248, 12, 2058945), (10248, 12, 2059071), (10133, 8, 2064417), (10449, 15, 2075167), (10019, 8, 2091800), (10625, 15, 2119750), (10210, 4, 2122273), (10176, 9, 2126788), (10176, 9, 2126818), (10105, 15, 2128092), (10092, 9, 2128259), (10052, 15, 2131739), (10105, 15, 2139990), (10248, 12, 2153125), (10124, 15, 2155972), (10928, 15, 2169667), (10928, 15, 2170541), (10124, 15, 2212081), (10154, 8, 2214759), (10176, 9, 2215007), (10019, 8, 2215265), (10124, 15, 2221704), (10052, 15, 2255583), (10072, 9, 2296457), (10185, 7, 2297491), (10176, 9, 2298363), (10185, 7, 2299046), (10185, 7, 2299894), (10052, 15, 2300093), (10052, 15, 2301759), (10052, 15, 2301811), (10048, 15, 2302546), (10019, 8, 2303473), (10050, 9, 2303801), (10072, 9, 2303833), (10052, 15, 2308860), (10005, 8, 2308877), (10072, 9, 2316787), (10124, 15, 2336244), (10176, 9, 2388166), (10052, 15, 2388602), (10072, 9, 2389546), (10092, 9, 2389691), (10444, 9, 2390143), (10176, 9, 2390454), (10774, 4, 2396638), (10092, 9, 2410724), (10449, 15, 2417977), (10032, 11, 2420275), (10032, 11, 2420962), (10032, 11, 2421239), (10032, 11, 2421604), (10092, 9, 2473582), (10278, 9, 2474971), (10140, 14, 2488150), (10315, 4, 2551956), (10176, 9, 2552307), (10538, 5, 2557949), (10534, 9, 2559014), (10072, 9, 2560724), (10045, 12, 2562555), (10019, 8, 2567968), (10045, 12, 2568558), (10124, 15, 2575965), (10124, 15, 2576199), (10124, 15, 2588228), (10052, 15, 2588626), (10019, 8, 2596572), (10176, 9, 2634921), (10278, 9, 2636593), (10538, 5, 2665166), (10124, 15, 2673259)]"
10783 "[(3442, 3, 78676), (6762, 12, 181913), (4663, 11, 255334), (5281, 1, 497265), (3502, 12, 587845), (2350, 7, 732886), (5057, 1, 1107278), (5442, 7, 1671840), (4663, 11, 1970849), (6553, 11, 2088808), (4663, 11, 2168189), (2518, 12, 2283449), (6511, 13, 2339559), (8266, 5, 2365216), (2043, 8, 2467627), (2865, 12, 2544986), (4694, 9, 2583823)]"
4612 "[(10739, 10, 78687), (10294, 12, 177120), (10032, 11, 178369), (10360, 11, 711216), (10019, 8, 779063), (10433, 4, 928834), (10746, 10, 1100548), (10865, 8, 1101475), (10791, 4, 1105332), (10385, 9, 1128342), (10739, 10, 1193176), (10250, 12, 1279946), (10455, 8, 1312510), (10084, 9, 1394269), (10455, 8, 1573129), (10032, 11, 1718837), (10250, 12, 2050057), (10865, 8, 2087456), (10438, 9, 2088686), (10342, 4, 2133493), (10342, 4, 2133684), (10342, 4, 2133715), (10114, 4, 2244308), (10147, 10, 2575384), (10162, 9, 2587107), (10065, 1, 2603801)]"
4751 "[(10229, 9, 83948), (10054, 7, 256325), (10305, 4, 1017951), (10305, 4, 1017996), (10305, 4, 1018033), (10006, 5, 1709101), (10006, 5, 1727434), (10305, 4, 1746561), (10540, 4, 1807604), (10090, 4, 1977543), (10090, 4, 1979494), (10076, 7, 2141928), (10205, 7, 2333500), (10205, 7, 2334335), (10185, 7, 2468126), (10006, 5, 2470975), (10237, 11, 2588912), (10237, 11, 2591048), (10032, 11, 2593353)]"
4757 "[(10065, 1, 84277), (10065, 1, 91116), (10065, 1, 253010), (10065, 1, 580772), (10065, 1, 586634), (10032, 11, 1098601), (10065, 1, 1372774), (10106, 7, 1447779), (10073, 9, 1453236), (10065, 1, 1628288), (10065, 1, 1628380), (10791, 4, 1656817), (10032, 11, 1682438), (10032, 11, 1684092), (10032, 11, 1684865), (10072, 9, 1686036), (10032, 11, 1686351), (10024, 11, 1696365), (10076, 7, 1716844), (10065, 1, 1722774), (10072, 9, 1873226), (10032, 11, 1874335), (10065, 1, 1876219), (10294, 12, 2159080), (10032, 11, 2180378), (10032, 11, 2181300), (10032, 11, 2215207), (10065, 1, 2242068), (10032, 11, 2312470), (10032, 11, 2312497), (10065, 1, 2319000), (10065, 1, 2395057), (10294, 12, 2399704), (10032, 11, 2400737), (10065, 1, 2591552)]"
4770 "[(10054, 7, 84535), (10256, 12, 188705), (10032, 11, 193805), (10054, 7, 194009), (10032, 11, 196116), (10032, 11, 196478), (10054, 7, 255366), (10019, 8, 270242), (10114, 4, 283738), (10032, 11, 359272), (10032, 11, 359312), (10288, 4, 372813), (10054, 7, 414179), (10019, 8, 507604), (10773, 5, 508341), (10773, 5, 508985), (10032, 11, 517435), (10032, 11, 517564), (10032, 11, 517712), (10032, 11, 517977), (10032, 11, 518281), (10237, 11, 583658), (10019, 8, 672614), (10019, 8, 849825), (10019, 8, 877421), (10774, 4, 1019401), (10256, 12, 1028176), (10019, 8, 1312187), (10019, 8, 1390878), (10032, 11, 1468361), (10032, 11, 1468420), (10774, 4, 1563187), (10774, 4, 1563399), (10207, 1, 1584873), (10207, 1, 1585042), (10334, 4, 1585278), (10207, 1, 1743790), (10256, 12, 1879966), (10054, 7, 2053311), (10219, 10, 2084148), (10019, 8, 2084306), (10256, 12, 2086378), (10054, 7, 2245333), (10019, 8, 2303951), (10054, 7, 2331926), (10064, 9, 2527470), (10064, 9, 2573879), (10120, 11, 2577324), (10408, 12, 2578532)]"
4011 "[(10023, 1, 85885), (10023, 1, 86567), (10023, 1, 149323), (10023, 1, 274260), (10023, 1, 509795), (10023, 1, 511849), (10023, 1, 519047)]"
4811 "[(10002, 0, 86017), (10002, 0, 87203), (10002, 0, 90027), (10002, 0, 137760), (10210, 4, 140624), (10002, 0, 170830), (10002, 0, 225033), (10002, 0, 268689), (10002, 0, 315908), (10002, 0, 350504), (10002, 0, 402546), (10002, 0, 497070), (10002, 0, 506597), (10002, 0, 532661), (10002, 0, 583615), (10002, 0, 584515), (10002, 0, 670962), (10002, 0, 698153), (10002, 0, 742616), (10002, 0, 777824), (10002, 0, 830576), (10002, 0, 839168), (10002, 0, 920554), (10002, 0, 922409), (10002, 0, 931087), (10002, 0, 931949), (10002, 0, 934657), (10002, 0, 952473), (10002, 0, 953431), (10002, 0, 1006675), (10002, 0, 1031647), (10002, 0, 1033772), (10002, 0, 1042310), (10002, 0, 1091799), (10384, 2, 1101777), (10002, 0, 1146321), (10002, 0, 1146328), (10002, 0, 1149707), (10002, 0, 1185247), (10002, 0, 1220242), (10032, 11, 1226481), (10002, 0, 1270194), (10002, 0, 1304215), (10002, 0, 1351167), (10002, 0, 1466495), (10002, 0, 1523506), (10002, 0, 1566478), (10002, 0, 1611715), (10002, 0, 1659468), (10002, 0, 1698107), (10002, 0, 1783445), (10002, 0, 1880357), (10002, 0, 1899247), (10002, 0, 1899400), (10002, 0, 1900465), (10002, 0, 1950978), (10002, 0, 1958373), (10002, 0, 1984836), (10002, 0, 2041325), (10002, 0, 2128084), (10002, 0, 2131768), (10002, 0, 2138551), (10002, 0, 2153149), (10002, 0, 2167371), (10002, 0, 2222313), (10002, 0, 2261131), (10002, 0, 2261143), (10002, 0, 2297054), (10002, 0, 2355974), (10002, 0, 2399318), (10002, 0, 2411284), (10002, 0, 2427119), (10002, 0, 2433872), (10002, 0, 2439586), (10002, 0, 2486619), (10002, 0, 2556429), (10206, 7, 2563046), (10002, 0, 2580734), (10002, 0, 2599645), (10002, 0, 2601329), (10002, 0, 2642441)]"
4821 "[(10002, 0, 86460), (10002, 0, 131545), (10002, 0, 192426), (10002, 0, 230216), (10002, 0, 774126), (10002, 0, 795318), (10002, 0, 817139), (10002, 0, 821394), (10002, 0, 883604), (10002, 0, 883943), (10002, 0, 903166), (10002, 0, 937082), (10002, 0, 1194524), (10002, 0, 1205246), (10002, 0, 1282140), (10449, 15, 1307100), (10002, 0, 1343268), (10002, 0, 1464752), (10002, 0, 1467573), (10309, 13, 1523213), (10002, 0, 1611887), (10002, 0, 1652389), (10002, 0, 1739294), (10002, 0, 1791680), (10002, 0, 1874098), (10002, 0, 2177433), (10002, 0, 2199632), (10002, 0, 2395038), (10002, 0, 2505926), (10002, 0, 2592181), (10002, 0, 2604458), (10002, 0, 2643455), (10002, 0, 2653857), (10002, 0, 2670852), (10002, 0, 2670931)]"
4860 "[(10244, 4, 87628), (10032, 11, 507251), (10032, 11, 581745), (10032, 11, 690992), (10032, 11, 1031695), (10196, 11, 1183009), (10667, 3, 1399466), (10147, 10, 1789476), (10032, 11, 1807094), (10032, 11, 2245625), (10032, 11, 2574017)]"
4465 "[(10432, 10, 88010), (10581, 13, 238622), (10433, 4, 300342), (10914, 7, 660123), (10432, 10, 683272), (10433, 4, 906622), (10433, 4, 1791536), (10080, 1, 1884170), (10433, 4, 2230101)]"
4871 "[(10097, 4, 88167), (10229, 9, 108182), (10097, 4, 108229), (10406, 11, 201744), (10142, 1, 245062), (10142, 1, 245108), (10142, 1, 245168), (10037, 5, 285784), (10015, 13, 349286), (10015, 13, 349699), (10072, 9, 422453), (10097, 4, 438504), (10097, 4, 455463), (10352, 1, 632555), (10324, 1, 708931), (10142, 1, 898721), (10097, 4, 900913), (10097, 4, 901135), (10142, 1, 978250), (10142, 1, 978328), (10084, 9, 1370689), (10176, 9, 1371627), (10334, 4, 1654113), (10092, 9, 1659263), (10142, 1, 1721188), (10229, 9, 1721811), (10092, 9, 1727929), (10072, 9, 1730095), (10092, 9, 1740304), (10142, 1, 1748619), (10178, 3, 1752315), (10178, 3, 1752461), (10229, 9, 1759565), (10235, 9, 1999389), (10441, 9, 1999499), (10229, 9, 2052171), (10521, 13, 2068196), (10032, 11, 2085770), (10406, 11, 2107148), (10098, 10, 2269538), (10406, 11, 2362960)]"
3252 "[(10032, 11, 90665), (10032, 11, 167195), (10301, 13, 253928), (10237, 11, 1556430), (10237, 11, 1557748), (10237, 11, 1558682), (10406, 11, 2427262)]"
10804 "[(2736, 11, 90743), (1403, 4, 450341), (4998, 5, 746066), (1433, 11, 1642889), (1433, 11, 1644657), (1433, 11, 1688890), (4341, 5, 1778458), (7962, 10, 1793771)]"
4952 "[(10097, 4, 90870), (10097, 4, 96612), (10032, 11, 421364), (10234, 4, 519751), (10015, 13, 573706), (10015, 13, 575758), (10709, 12, 620542), (10015, 13, 658443), (10234, 4, 933409), (10352, 1, 987063), (10237, 11, 1191328), (10058, 8, 1336814), (10032, 11, 1449086), (10032, 11, 1463982), (10149, 7, 1511491), (10211, 8, 1548924), (10397, 10, 1653874), (10032, 11, 1803115), (10432, 10, 1827246), (10677, 1, 1948137), (10016, 8, 2053409), (10790, 7, 2057946), (10032, 11, 2116624), (10032, 11, 2118239), (10032, 11, 2118929), (10032, 11, 2224926), (10032, 11, 2224986), (10054, 7, 2289831), (10345, 11, 2544678), (10345, 11, 2569057), (10024, 11, 2569656), (10345, 11, 2570312), (10237, 11, 2634666), (10237, 11, 2635269), (10024, 11, 2636040), (10237, 11, 2636825), (10032, 11, 2637624), (10412, 11, 2637786), (10149, 7, 2638470), (10149, 7, 2639069)]"
10808 "[(4984, 1, 91976), (6702, 15, 572953), (4941, 10, 750641), (9262, 4, 1204965), (3724, 8, 1520334), (1824, 8, 1558498), (5801, 9, 1632409), (1326, 4, 2041926), (3256, 7, 2047865), (843, 1, 2088112), (1652, 9, 2093889), (9943, 10, 2126062), (4839, 7, 2133998), (5921, 7, 2153215), (2075, 1, 2158546)]"
4093 "[(10032, 11, 92413), (10032, 11, 263496), (10910, 4, 436878), (10032, 11, 504396), (10032, 11, 599538), (10193, 7, 600674), (10032, 11, 672525), (10032, 11, 692869), (10032, 11, 769062), (10360, 11, 868378), (10647, 14, 961962), (10360, 11, 962459), (10032, 11, 1199732), (10032, 11, 1215959), (10032, 11, 1288041), (10032, 11, 1381860), (10019, 8, 1383914), (10647, 14, 1391287), (10360, 11, 1473225), (10032, 11, 1535457), (10032, 11, 1652278), (10032, 11, 1724361), (10032, 11, 1795554), (10032, 11, 1805323), (10032, 11, 1806082), (10032, 11, 1819211), (10032, 11, 2068069), (10032, 11, 2139172), (10032, 11, 2336730), (10032, 11, 2594191)]"
10730 "[(5002, 7, 92974), (5002, 7, 234149), (6246, 8, 281273), (5239, 2, 535584), (3279, 3, 665579), (3655, 8, 758043), (8845, 9, 813964), (4015, 15, 908265), (3279, 3, 958820), (6283, 12, 1000562), (4015, 15, 1032231), (3619, 8, 1180244), (2695, 3, 1198588), (4015, 15, 1254142), (5002, 7, 1544539), (4015, 15, 1556165), (843, 1, 1627243), (7460, 10, 1808753), (9862, 7, 1882274), (5002, 7, 1911437), (9862, 7, 2054942), (4015, 15, 2055037), (3655, 8, 2152061), (5002, 7, 2237449), (5239, 2, 2269841), (9862, 7, 2391050), (9862, 7, 2510884), (3655, 8, 2511699), (9862, 7, 2576624), (3655, 8, 2590200), (6710, 4, 2672823)]"
5036 "[(10008, 11, 94335), (10032, 11, 138326), (10008, 11, 152921), (10008, 11, 222897), (10008, 11, 229338), (10512, 13, 318625), (10008, 11, 425596), (10803, 13, 480890), (10166, 11, 1000129), (10032, 11, 1108696), (10032, 11, 1108798), (10032, 11, 1114791), (10054, 7, 1217016), (10406, 11, 1217091), (10054, 7, 1289490), (10054, 7, 1365320), (10008, 11, 1457992), (10008, 11, 1458210), (10008, 11, 1461040), (10008, 11, 1563285), (10008, 11, 1673874), (10008, 11, 1673875), (10008, 11, 1675647), (10008, 11, 1713466), (10032, 11, 1871353), (10008, 11, 1911757), (10008, 11, 2239707), (10054, 7, 2497372), (10008, 11, 2525520), (10008, 11, 2636148)]"
126 "[(10032, 11, 95178), (10032, 11, 95293), (10033, 15, 161619), (10033, 15, 164822), (10686, 9, 262812), (10033, 15, 264871), (10033, 15, 415136), (10770, 15, 436697), (10296, 9, 436862), (10032, 11, 438790), (10032, 11, 443778), (10032, 11, 445810), (10033, 15, 580824), (10012, 15, 599841), (10029, 15, 613354), (10032, 11, 620085), (10166, 11, 673253), (10032, 11, 675503), (10234, 4, 786842), (10024, 11, 788166), (10770, 15, 790387), (10032, 11, 792239), (10251, 11, 835505), (10716, 10, 885260), (10029, 15, 959274), (10033, 15, 959303), (10033, 15, 961196), (10770, 15, 1011187), (10033, 15, 1011503), (10033, 15, 1046251), (10033, 15, 1047908), (10033, 15, 1194476), (10033, 15, 1259472), (10032, 11, 1267090), (10032, 11, 1311171), (10166, 11, 1312598), (10770, 15, 1387679), (10076, 7, 1389877), (10296, 9, 1394605), (10033, 15, 1428838), (10770, 15, 1481250), (10032, 11, 1486090), (10871, 1, 1487055), (10033, 15, 1535688), (10033, 15, 1546772), (10033, 15, 1555534), (10657, 9, 1563951), (10033, 15, 1571380), (10029, 15, 1572114), (10045, 12, 1572705), (10032, 11, 1574135), (10033, 15, 1636603), (10033, 15, 1656068), (10033, 15, 1656297), (10032, 11, 1658519), (10871, 1, 1659765), (10033, 15, 1659944), (10770, 15, 1661246), (10033, 15, 1661425), (10033, 15, 1736591), (10716, 10, 1815430), (10114, 4, 1872387), (10166, 11, 1874004), (10770, 15, 1874778), (10029, 15, 1997181), (10737, 1, 2170964), (10770, 15, 2172223), (10012, 15, 2256536), (10029, 15, 2436296), (10770, 15, 2478222), (10032, 11, 2494579), (10032, 11, 2504269), (10012, 15, 2513286), (10076, 7, 2601979), (10114, 4, 2603591)]"
5096 "[(10016, 8, 96499), (10428, 4, 170243), (10672, 13, 177514), (10088, 3, 431341), (10108, 3, 453723), (10672, 13, 457444), (10838, 3, 648391), (10216, 13, 702721), (10672, 13, 738580), (10669, 12, 1222810), (10791, 4, 1467985), (10791, 4, 1835090), (10637, 15, 1839459), (10672, 13, 1998768), (10428, 4, 2192742), (10490, 9, 2196220), (10490, 9, 2359828), (10669, 12, 2609270)]"
5110 "[(10242, 4, 97243), (10007, 11, 585089), (10381, 10, 618371), (10242, 4, 728304), (10237, 11, 880909), (10540, 4, 916950), (10412, 11, 964677), (10412, 11, 965396), (10412, 11, 966283), (10242, 4, 1095442), (10789, 7, 1246632), (10242, 4, 1263224), (10381, 10, 1309523), (10961, 4, 1346948), (10237, 11, 1456994), (10656, 8, 1776728), (10381, 10, 1785134), (10360, 11, 1788334), (10032, 11, 1877384), (10019, 8, 1891591), (10111, 7, 1964227), (10111, 7, 1969206), (10019, 8, 2119143), (10043, 1, 2119832), (10540, 4, 2134350), (10365, 1, 2203688), (10019, 8, 2221427), (10019, 8, 2221561), (10365, 1, 2229301), (10320, 4, 2296672), (10111, 7, 2296889), (10064, 9, 2302311), (10032, 11, 2364782), (10092, 9, 2377520), (10237, 11, 2471273), (10540, 4, 2541031), (10215, 5, 2581640), (10215, 5, 2582086), (10090, 4, 2629550)]"
5112 "[(10032, 11, 97388), (10024, 11, 97745), (10032, 11, 98136), (10032, 11, 98527), (10032, 11, 98632), (10032, 11, 263310), (10006, 5, 309198), (10064, 9, 339874), (10024, 11, 460383), (10064, 9, 518872), (10752, 8, 545418), (10374, 9, 743353), (10237, 11, 841942), (10345, 11, 876208), (10024, 11, 977825), (10669, 12, 1058204), (10237, 11, 1225585), (10064, 9, 1235915), (10237, 11, 1670614), (10006, 5, 1785611), (10237, 11, 1899610), (10024, 11, 1899752), (10092, 9, 2005698), (10156, 4, 2073680), (10092, 9, 2085262), (10006, 5, 2100980), (10037, 5, 2147961), (10345, 11, 2219851), (10237, 11, 2390337), (10237, 11, 2390455), (10006, 5, 2619022)]"
5138 "[(10015, 13, 98883), (10237, 11, 166455), (10210, 4, 169939), (10072, 9, 213777), (10032, 11, 302110), (10032, 11, 342604), (10032, 11, 504913), (10032, 11, 531222), (10049, 7, 622030), (10032, 11, 867187), (10032, 11, 868202), (10032, 11, 1026812), (10054, 7, 1125658), (10032, 11, 1186074), (10054, 7, 1384810), (10877, 12, 1728728), (10054, 7, 2049080), (10054, 7, 2199057), (10204, 1, 2423089), (10237, 11, 2512970)]"
5147 "[(10032, 11, 99094), (10449, 15, 99509), (10720, 1, 100894), (10506, 3, 272119), (10032, 11, 273386), (10100, 9, 346830), (10320, 4, 346904), (10320, 4, 348341), (10330, 10, 446651), (10100, 9, 573969), (10100, 9, 697576), (10629, 4, 791833), (10205, 7, 953499), (10237, 11, 1042268), (10874, 9, 1044538), (10205, 7, 1291620), (10343, 4, 1296848), (10084, 9, 1555277), (10259, 7, 1706463), (10294, 12, 1915129), (10237, 11, 2171914), (10053, 11, 2249104), (10669, 12, 2406413), (10891, 4, 2407017), (10320, 4, 2429573), (10343, 4, 2473194), (10100, 9, 2476532), (10259, 7, 2486264), (10294, 12, 2525348), (10237, 11, 2657210)]"
5158 "[(10395, 9, 99749), (10395, 9, 100946), (10395, 9, 433336), (10176, 9, 521050), (10374, 9, 698691), (10415, 14, 844702), (10345, 11, 969754), (10049, 7, 1047916), (10214, 9, 1142232), (10214, 9, 1143141), (10395, 9, 1471858), (10214, 9, 1726781), (10116, 1, 1728083), (10214, 9, 1734833), (10214, 9, 1735145), (10214, 9, 1786192), (10214, 9, 1787072), (10214, 9, 1787253), (10214, 9, 1835788), (10116, 1, 1835876), (10214, 9, 1875416), (10214, 9, 1954566), (10116, 1, 1973633), (10214, 9, 2141032), (10116, 1, 2141062), (10214, 9, 2141215), (10448, 9, 2232722), (10922, 14, 2426597), (10214, 9, 2602978), (10116, 1, 2603038), (10839, 1, 2613554)]"
5192 "[(10066, 4, 101606), (10233, 2, 109587), (10233, 2, 110213), (10233, 2, 157933), (10525, 2, 170438), (10525, 2, 171110), (10046, 2, 178105), (10406, 11, 370662), (10054, 7, 439017), (10406, 11, 439275), (10066, 4, 456236), (10054, 7, 473985), (10839, 1, 1504798), (10054, 7, 1742746), (10744, 10, 1921319), (10247, 10, 1993825), (10066, 4, 2013881), (10032, 11, 2300632), (10259, 7, 2364120), (10178, 3, 2364742), (10259, 7, 2365350), (10233, 2, 2439896), (10233, 2, 2446197), (10259, 7, 2447404), (10032, 11, 2531122), (10233, 2, 2531559), (10864, 4, 2606964)]"
5207 "[(10024, 11, 102082), (10024, 11, 261723), (10024, 11, 400674), (10024, 11, 671727), (10024, 11, 695271), (10638, 7, 938573), (10638, 7, 939190), (10024, 11, 1198599), (10024, 11, 1297001), (10024, 11, 1297422), (10024, 11, 1397962), (10024, 11, 1542119), (10024, 11, 1637174), (10024, 11, 1808342), (10024, 11, 1961487), (10024, 11, 2073625), (10024, 11, 2073677), (10024, 11, 2086264), (10024, 11, 2091671), (10024, 11, 2138332), (10251, 11, 2232551), (10024, 11, 2247902), (10790, 7, 2248106), (10005, 8, 2323790), (10024, 11, 2339100), (10442, 1, 2414867), (10024, 11, 2445540), (10024, 11, 2582203), (10024, 11, 2605270), (10024, 11, 2606077), (10765, 14, 2614737), (10024, 11, 2618622)]"
10821 "[(4854, 4, 102158), (4854, 4, 106075), (4854, 4, 131962), (101, 13, 227477), (3876, 9, 276187), (7817, 9, 313885), (3462, 13, 455488), (101, 13, 486723), (8883, 15, 723261), (6742, 13, 759324), (101, 13, 832200), (101, 13, 1091528), (4323, 10, 1179394), (101, 13, 1437020), (6742, 13, 1615437), (1102, 12, 1634630), (6240, 1, 1671660), (101, 13, 1696331), (4845, 9, 1706213), (8079, 14, 1884213), (9573, 12, 1937730), (9573, 12, 1940650), (9573, 12, 1941349), (9573, 12, 1942168), (9573, 12, 1943246), (101, 13, 2041805), (8928, 12, 2050982), (5679, 15, 2131856), (9926, 10, 2142622), (101, 13, 2301107), (8636, 9, 2390788), (5679, 15, 2392235), (8636, 9, 2392708), (8636, 9, 2394729), (8636, 9, 2449567), (8636, 9, 2450437), (8043, 12, 2468841), (5679, 15, 2558015), (9573, 12, 2616976), (101, 13, 2646641)]"
4929 "[(10060, 1, 102265), (10767, 10, 1806040), (10767, 10, 1811441), (10735, 10, 2662746)]"
5217 "[(10174, 9, 102542), (10174, 9, 102575), (10265, 10, 103028), (10259, 7, 103065), (10092, 9, 103659), (10315, 4, 103662), (10174, 9, 149917), (10050, 9, 150041), (10050, 9, 188397), (10162, 9, 188675), (10235, 9, 254105), (10072, 9, 254504), (10092, 9, 254891), (10050, 9, 255224), (10049, 7, 328393), (10072, 9, 359279), (10174, 9, 359437), (10015, 13, 360103), (10334, 4, 749026), (10072, 9, 749143), (10072, 9, 749288), (10072, 9, 749579), (10448, 9, 750284), (10050, 9, 750737), (10092, 9, 750953), (10072, 9, 750979), (10320, 4, 771700), (10662, 9, 772571), (10934, 12, 795791), (10072, 9, 795957), (10050, 9, 1027969), (10050, 9, 1055053), (10050, 9, 1055182), (10049, 7, 1055261), (10050, 9, 1055587), (10154, 8, 1108271), (10372, 9, 1180109), (10538, 5, 1229637), (10050, 9, 1364218), (10072, 9, 1364690), (10761, 9, 1626608), (10252, 9, 1788653), (10092, 9, 1917243), (10072, 9, 1917406), (10092, 9, 1917716), (10072, 9, 1917753), (10015, 13, 1918526), (10054, 7, 2418168)]"
1699 "[(10060, 1, 102725), (10237, 11, 115596), (10054, 7, 340445), (10060, 1, 353101), (10032, 11, 687598), (10060, 1, 708186), (10032, 11, 708367), (10054, 7, 709971), (10032, 11, 781162), (10032, 11, 859545), (10032, 11, 940141), (10032, 11, 969885), (10478, 4, 973356), (10478, 4, 975248), (10032, 11, 1232933), (10449, 15, 1289619), (10060, 1, 1305788), (10060, 1, 1397041), (10237, 11, 1447321), (10060, 1, 1576481), (10449, 15, 1634194), (10069, 1, 1643439), (10069, 1, 1649150), (10060, 1, 1655237), (10053, 11, 1903748), (10449, 15, 2083504), (10449, 15, 2145265), (10449, 15, 2172128), (10060, 1, 2360432), (10060, 1, 2484507), (10449, 15, 2516920), (10237, 11, 2594504), (10449, 15, 2665005)]"
994 "[(10490, 9, 103540), (10033, 15, 314102), (10118, 11, 324482), (10490, 9, 347529), (10118, 11, 356765), (10118, 11, 368662), (10343, 4, 409042), (10118, 11, 455735), (10129, 10, 488221), (10198, 11, 488889), (10118, 11, 516675), (10129, 10, 516753), (10118, 11, 536103), (10129, 10, 536148), (10129, 10, 765356), (10033, 15, 774749), (10033, 15, 791550), (10033, 15, 932030), (10129, 10, 1014765), (10490, 9, 1323723), (10599, 4, 1377880), (10076, 7, 1377908), (10033, 15, 1788967), (10490, 9, 1987577), (10106, 7, 2013008), (10331, 7, 2153630), (10029, 15, 2327619), (10331, 7, 2432118), (10331, 7, 2441906)]"
4047 "[(10032, 11, 105067), (10048, 15, 151690), (10048, 15, 151695), (10093, 12, 207663), (10032, 11, 408530), (10032, 11, 418002), (10088, 3, 497094), (10032, 11, 615535), (10032, 11, 677111), (10032, 11, 1082551), (10032, 11, 1619648), (10093, 12, 1785776), (10032, 11, 1929651), (10690, 10, 2050461), (10032, 11, 2093200), (10032, 11, 2655501)]"
5304 "[(10425, 10, 108082), (10210, 4, 160548), (10425, 10, 177658), (10210, 4, 357222), (10425, 10, 359667), (10210, 4, 703805), (10586, 9, 730964), (10266, 7, 810440), (10210, 4, 1098345), (10415, 14, 1102124), (10064, 9, 1175535), (10032, 11, 1330382), (10266, 7, 1409493), (10032, 11, 1618225), (10210, 4, 1698561), (10735, 10, 1916084), (10032, 11, 1958704), (10329, 12, 1972933), (10032, 11, 2172643), (10032, 11, 2332179), (10032, 11, 2385326), (10032, 11, 2439557), (10246, 8, 2495189), (10246, 8, 2496089), (10054, 7, 2508504)]"
5309 "[(10179, 10, 108258), (10237, 11, 208275), (10032, 11, 217424), (10032, 11, 413268), (10096, 10, 421908), (10008, 11, 630855), (10772, 10, 669524), (10007, 11, 673226), (10032, 11, 716825), (10237, 11, 919529), (10120, 11, 1007421), (10032, 11, 1175177), (10032, 11, 1175354), (10226, 11, 1208148), (10007, 11, 1208746), (10007, 11, 1239016), (10778, 10, 1243363), (10008, 11, 1244134), (10122, 4, 1858468), (10007, 11, 1871853), (10019, 8, 1872482), (10008, 11, 1967365), (10008, 11, 1967490), (10032, 11, 2144377), (10237, 11, 2201991), (10670, 13, 2309073), (10054, 7, 2530389), (10406, 11, 2531144), (10008, 11, 2547141), (10032, 11, 2556477), (10008, 11, 2557022), (10008, 11, 2557285), (10064, 9, 2584024), (10206, 7, 2585627), (10206, 7, 2586225)]"
5386 "[(10019, 8, 113574), (10008, 11, 205404), (10008, 11, 206015), (10047, 13, 452906), (10274, 11, 513620), (10274, 11, 686319), (10413, 8, 774260), (10047, 13, 779635), (10019, 8, 894629), (10910, 4, 895227), (10019, 8, 896491), (10366, 10, 897694), (10294, 12, 967200), (10047, 13, 1203969), (10294, 12, 1403430), (10019, 8, 1667293), (10941, 10, 1714164), (10342, 4, 1714779), (10019, 8, 1812836), (10294, 12, 1816078), (10294, 12, 1971493), (10252, 9, 1972374), (10905, 1, 1973909), (10019, 8, 2008264), (10019, 8, 2356266), (10941, 10, 2422773), (10047, 13, 2503525)]"
5418 "[(10032, 11, 114594), (10092, 9, 531671), (10152, 8, 531855), (10092, 9, 763172), (10153, 12, 1738962), (10153, 12, 1790901), (10053, 11, 2059242), (10153, 12, 2066525), (10153, 12, 2066667), (10153, 12, 2403158), (10092, 9, 2427640), (10176, 9, 2427697)]"
438 "[(10037, 5, 114678), (10106, 7, 255973), (10374, 9, 272664), (10384, 2, 293763), (10024, 11, 346377), (10024, 11, 362872), (10024, 11, 381888), (10024, 11, 384835), (10024, 11, 423078), (10196, 11, 433898), (10024, 11, 531186), (10032, 11, 597020), (10024, 11, 619269), (10076, 7, 698230), (10122, 4, 702153), (10024, 11, 860778), (10024, 11, 872203), (10331, 7, 875324), (10024, 11, 968424), (10076, 7, 973323), (10024, 11, 1074238), (10193, 7, 1234443), (10076, 7, 1482542), (10024, 11, 1547678), (10540, 4, 1659062), (10032, 11, 1705674), (10024, 11, 2083020), (10771, 13, 2148722), (10024, 11, 2577244), (10721, 4, 2603898)]"
5466 "[(10006, 5, 118033), (10196, 11, 119669), (10149, 7, 663456), (10032, 11, 726562), (10016, 8, 727816), (10032, 11, 1094706), (10090, 4, 1168334), (10054, 7, 1543568), (10264, 1, 1719209), (10264, 1, 1719833), (10054, 7, 1930927), (10338, 15, 2027598), (10727, 3, 2035229), (10727, 3, 2035835), (10032, 11, 2122048), (10032, 11, 2122239), (10032, 11, 2122483), (10214, 9, 2217656), (10032, 11, 2220390), (10053, 11, 2222706), (10352, 1, 2237021), (10727, 3, 2302785), (10338, 15, 2478642), (10007, 11, 2485761)]"
2166 "[(10540, 4, 118289), (10540, 4, 139506), (10253, 1, 141044), (10439, 1, 191785), (10439, 1, 255109), (10439, 1, 277319), (10436, 11, 431025), (10533, 3, 457124), (10589, 10, 602616), (10436, 11, 975559), (10262, 4, 1129569), (10771, 13, 1145319), (10533, 3, 1232888), (10088, 3, 1390001), (10024, 11, 1561839), (10533, 3, 1627916), (10024, 11, 1922915), (10054, 7, 1926127), (10262, 4, 2074040), (10149, 7, 2164665), (10197, 13, 2345217), (10088, 3, 2346555), (10589, 10, 2431582), (10436, 11, 2444381), (10436, 11, 2529190), (10237, 11, 2623193)]"
10807 "[(5474, 5, 118653), (5474, 5, 294655), (5474, 5, 470409), (7386, 9, 502594), (497, 11, 588433), (3530, 11, 671532), (3530, 11, 709035), (5474, 5, 718786), (3530, 11, 785250), (5474, 5, 807584), (8332, 9, 884039), (5474, 5, 1508128), (5474, 5, 1583679), (497, 11, 1621043), (4760, 15, 1863549), (5474, 5, 1926676), (5474, 5, 2022450), (5474, 5, 2109214), (5474, 5, 2240174), (5474, 5, 2541669), (5474, 5, 2630010)]"
5523 "[(10032, 11, 121200), (10032, 11, 121451), (10032, 11, 148118), (10032, 11, 148740), (10032, 11, 225709), (10032, 11, 225780), (10032, 11, 226386), (10032, 11, 273732), (10032, 11, 320420), (10032, 11, 409315), (10032, 11, 410820), (10229, 9, 445266), (10032, 11, 495097), (10032, 11, 495189), (10032, 11, 495495), (10032, 11, 495742), (10032, 11, 495901), (10032, 11, 496058), (10032, 11, 581776), (10032, 11, 582191), (10032, 11, 582216), (10054, 7, 585406), (10338, 15, 623944), (10032, 11, 753636), (10032, 11, 754123), (10338, 15, 754153), (10032, 11, 754190), (10338, 15, 2568200)]"
5559 "[(10656, 8, 123574), (10100, 9, 138876), (10015, 13, 153024), (10774, 4, 250244), (10656, 8, 294949), (10656, 8, 303963), (10053, 11, 409992), (10015, 13, 1021770), (10090, 4, 1154350), (10774, 4, 1426782), (10774, 4, 1444738), (10774, 4, 1451887), (10072, 9, 1541232), (10774, 4, 1600084), (10324, 1, 1614957), (10774, 4, 1615475), (10774, 4, 1628781), (10774, 4, 1677681), (10394, 11, 2415112), (10565, 1, 2581529)]"
5566 "[(10374, 9, 124216), (10293, 7, 159094), (10250, 12, 757520), (10739, 10, 772906), (10250, 12, 1266237), (10076, 7, 1347788), (10076, 7, 1347804), (10076, 7, 1347845), (10032, 11, 1363652), (10076, 7, 1964048), (10156, 4, 2301021), (10250, 12, 2335841), (10322, 13, 2386841), (10874, 9, 2475403), (10516, 1, 2509042)]"
5684 "[(10037, 5, 130272), (10031, 14, 165850), (10037, 5, 190079), (10037, 5, 191196), (10037, 5, 191995), (10037, 5, 193092), (10037, 5, 193781), (10037, 5, 238012), (10037, 5, 240184), (10037, 5, 241143), (10037, 5, 391338), (10090, 4, 407797), (10037, 5, 431716), (10090, 4, 432494), (10037, 5, 432623), (10031, 14, 883573), (10037, 5, 1159066), (10037, 5, 1159825), (10037, 5, 1204539), (10037, 5, 1206452), (10037, 5, 1240097), (10037, 5, 1471091), (10037, 5, 1537409), (10296, 9, 1612377), (10031, 14, 2548782)]"
5728 "[(10019, 8, 131745), (10019, 8, 133378), (10019, 8, 179500), (10176, 9, 349005), (10019, 8, 352400), (10216, 13, 375661), (10072, 9, 377372), (10072, 9, 377449), (10216, 13, 468924), (10072, 9, 649749), (10019, 8, 649925), (10019, 8, 650903), (10072, 9, 651557), (10185, 7, 732676), (10019, 8, 739037), (10072, 9, 739777), (10176, 9, 795022), (10072, 9, 795576), (10019, 8, 795781), (10176, 9, 831859), (10072, 9, 832466), (10072, 9, 863949), (10176, 9, 864257), (10019, 8, 870241), (10176, 9, 1042439), (10019, 8, 1043046), (10176, 9, 1075743), (10019, 8, 1076637), (10176, 9, 1076644), (10176, 9, 1091960), (10019, 8, 1129705), (10176, 9, 1129738)]"
5764 "[(10791, 4, 133203), (10345, 11, 323898), (10791, 4, 348575), (10237, 11, 505864), (10024, 11, 525206), (10647, 14, 784221), (10237, 11, 949982), (10647, 14, 1131736), (10024, 11, 1266807), (10237, 11, 1300302), (10647, 14, 1389705), (10406, 11, 1448154), (10024, 11, 1535992), (10428, 4, 1559030), (10024, 11, 1634896), (10791, 4, 1648983), (10406, 11, 1787104), (10345, 11, 1791493), (10647, 14, 1983552), (10406, 11, 2046216), (10176, 9, 2154177), (10428, 4, 2250427), (10054, 7, 2502935), (10345, 11, 2515095), (10406, 11, 2665252)]"
5820 "[(10090, 4, 135094), (10340, 7, 220970), (10910, 4, 505803), (10910, 4, 588017), (10090, 4, 596827), (10910, 4, 938067), (10910, 4, 993934), (10193, 7, 1519703), (10193, 7, 1893624), (10193, 7, 2040175), (10462, 7, 2300223), (10114, 4, 2416921), (10462, 7, 2554308), (10462, 7, 2648406)]"
5839 "[(10379, 10, 136044), (10052, 15, 137940), (10104, 12, 138557), (10182, 13, 201641), (10052, 15, 459425), (10182, 13, 762142), (10019, 8, 810282), (10032, 11, 811322), (10182, 13, 841059), (10015, 13, 894465), (10032, 11, 1019018), (10032, 11, 1022450), (10124, 15, 1023192), (10220, 1, 1024211), (10044, 13, 1066219), (10124, 15, 1074029), (10124, 15, 1074925), (10124, 15, 1085875), (10220, 1, 1333892), (10182, 13, 1415176), (10032, 11, 1415754), (10220, 1, 1510317), (10019, 8, 1537960), (10625, 15, 1540195), (10124, 15, 1594890), (10124, 15, 1608231), (10124, 15, 1692847), (10016, 8, 1693932), (10124, 15, 1695918), (10220, 1, 1697253), (10092, 9, 1765045), (10032, 11, 1766009), (10016, 8, 1768259), (10297, 15, 1768859), (10015, 13, 1770437), (10220, 1, 1799862), (10182, 13, 1801650), (10015, 13, 1801927), (10053, 11, 1802484)]"
5843 "[(10072, 9, 136122), (10384, 2, 323818), (10032, 11, 392247), (10032, 11, 392994), (10072, 9, 398403), (10032, 11, 405046), (10072, 9, 474217), (10176, 9, 474899), (10049, 7, 475126), (10178, 3, 475738), (10176, 9, 476001), (10176, 9, 476282), (10384, 2, 480484), (10204, 1, 483264), (10032, 11, 532206), (10164, 2, 703606), (10164, 2, 704254), (10164, 2, 705077), (10164, 2, 705683), (10164, 2, 706364), (10164, 2, 737644), (10164, 2, 738247), (10204, 1, 738813), (10053, 11, 738906), (10204, 1, 739452), (10049, 7, 739646), (10164, 2, 833477), (10466, 2, 840998), (10466, 2, 841617), (10178, 3, 846913), (10695, 2, 856054), (10178, 3, 908699), (10695, 2, 909520), (10032, 11, 938989), (10204, 1, 996973), (10204, 1, 997573), (10204, 1, 1017042), (10204, 1, 1190594), (10176, 9, 1341535), (10204, 1, 1341961), (10176, 9, 1342304), (10204, 1, 1516451), (10176, 9, 1516763), (10178, 3, 1517351), (10648, 4, 1517750), (10178, 3, 1969193), (10449, 15, 2237217), (10384, 2, 2292809), (10032, 11, 2551688)]"
5847 "[(10276, 13, 136207), (10330, 10, 151496), (10276, 13, 152190), (10220, 1, 392564), (10220, 1, 396200), (10220, 1, 400041), (10276, 13, 415627), (10214, 9, 505212), (10048, 15, 712231), (10237, 11, 873745), (10210, 4, 1135131), (10210, 4, 1173994), (10210, 4, 1306061), (10210, 4, 1306999), (10210, 4, 1343521), (10107, 4, 1800967), (10884, 4, 1884875), (10107, 4, 1976016), (10107, 4, 2006541), (10107, 4, 2082037), (10884, 4, 2082135), (10024, 11, 2163573)]"
5850 "[(10147, 10, 136295), (10147, 10, 437133), (10032, 11, 696787), (10088, 3, 768981), (10032, 11, 787516), (10288, 4, 1120227), (10032, 11, 1120766), (10032, 11, 1122797), (10032, 11, 1124909), (10032, 11, 1125447), (10032, 11, 1126513), (10032, 11, 1301695), (10147, 10, 1374200), (10032, 11, 1472283), (10051, 12, 1479761), (10032, 11, 2257227)]"
5754 "[(10090, 4, 136888), (10111, 7, 389756), (10331, 7, 407705), (10149, 7, 1001802), (10054, 7, 1596791), (10015, 13, 1686493), (10211, 8, 1686810), (10016, 8, 1687415), (10270, 3, 1688019), (10018, 7, 1688616), (10015, 13, 1696074), (10015, 13, 1696373), (10031, 14, 1696471), (10270, 3, 2120964), (10270, 3, 2163798), (10270, 3, 2556174), (10270, 3, 2556199), (10270, 3, 2636318)]"
2486 "[(10264, 1, 137303), (10703, 7, 225504), (10065, 1, 380805), (10053, 11, 485057), (10032, 11, 537019), (10338, 15, 828126), (10065, 1, 910334), (10054, 7, 916701), (10065, 1, 1041203), (10065, 1, 1088593), (10247, 10, 1164715), (10092, 9, 1265857), (10065, 1, 1483767), (10703, 7, 1521230), (10703, 7, 1650821), (10724, 13, 1660390), (10703, 7, 1765157), (10703, 7, 1840134), (10065, 1, 2115530), (10065, 1, 2282996), (10523, 12, 2512567), (10338, 15, 2549351), (10053, 11, 2611564)]"
5898 "[(10016, 8, 138074), (10016, 8, 1098576), (10122, 4, 1251550), (10343, 4, 1523777), (10047, 13, 1857687), (10343, 4, 1858687), (10122, 4, 2127983), (10067, 4, 2180319), (10786, 8, 2447677), (10067, 4, 2469081), (10000, 9, 2530132), (10214, 9, 2531070), (10459, 1, 2537823), (10272, 15, 2552199), (10637, 15, 2555851), (10162, 9, 2557945), (10005, 8, 2559466), (10257, 7, 2561257), (10417, 9, 2578575), (10253, 1, 2601501), (10363, 7, 2608022), (10267, 4, 2624881), (10903, 10, 2640422), (10270, 3, 2661813)]"
5905 "[(10521, 13, 138341), (10149, 7, 160113), (10032, 11, 172803), (10237, 11, 227164), (10436, 11, 330846), (10149, 7, 401454), (10237, 11, 410331), (10237, 11, 410381), (10032, 11, 424348), (10436, 11, 777806), (10124, 15, 1021882), (10850, 3, 1029863), (10664, 13, 1036578), (10149, 7, 1169024), (10472, 3, 1297463), (10052, 15, 1553481), (10015, 13, 1785041), (10771, 13, 1790020), (10237, 11, 1802390), (10237, 11, 1880253), (10664, 13, 1980236), (10237, 11, 2493885), (10032, 11, 2557583), (10237, 11, 2649568), (10237, 11, 2649665)]"
5926 "[(10166, 11, 138968), (10022, 9, 151834), (10166, 11, 225230), (10166, 11, 323574), (10259, 7, 395261), (10022, 9, 395590), (10269, 3, 414625), (10022, 9, 481327), (10090, 4, 611669), (10166, 11, 750035), (10090, 4, 854731), (10166, 11, 927575), (10166, 11, 1015710), (10462, 7, 1062344), (10076, 7, 1076327), (10193, 7, 1091050), (10193, 7, 1150406), (10193, 7, 1173627), (10193, 7, 1272271), (10340, 7, 1359841), (10166, 11, 1361199), (10193, 7, 1371421), (10755, 7, 1429424), (10193, 7, 1518651), (10024, 11, 1579573), (10166, 11, 1630504), (10022, 9, 1681800), (10022, 9, 1696204), (10166, 11, 1706766), (10090, 4, 1808730), (10540, 4, 1808837), (10166, 11, 1868051), (10090, 4, 1946097), (10540, 4, 1947500), (10166, 11, 1955608), (10076, 7, 1964132), (10090, 4, 1964249), (10193, 7, 1971076), (10193, 7, 2095641), (10166, 11, 2123683), (10022, 9, 2309665), (10166, 11, 2384136), (10536, 4, 2553088), (10166, 11, 2644998), (10166, 11, 2664071)]"
5960 "[(10127, 9, 140174), (10127, 9, 142651), (10127, 9, 149511), (10127, 9, 216180), (10120, 11, 309575), (10127, 9, 324656), (10072, 9, 389923), (10097, 4, 398888), (10019, 8, 405439), (10127, 9, 405629), (10084, 9, 412022), (10127, 9, 413712), (10406, 11, 475535), (10120, 11, 480050), (10149, 7, 480817), (10054, 7, 731725), (10127, 9, 736949), (10059, 1, 766771), (10376, 9, 846052), (10406, 11, 862760), (10059, 1, 918076), (10127, 9, 940800), (10127, 9, 1029062), (10127, 9, 1332193), (10406, 11, 1337780), (10024, 11, 1342912), (10127, 9, 1507187), (10064, 9, 1605060), (10154, 8, 1680344), (10072, 9, 1690958), (10122, 4, 1723190), (10406, 11, 1805811), (10127, 9, 1806777), (10406, 11, 1940049), (10406, 11, 1957833), (10127, 9, 2040719), (10127, 9, 2113135), (10127, 9, 2134684), (10127, 9, 2135089), (10127, 9, 2638961), (10127, 9, 2639873), (10442, 1, 2662423), (10442, 1, 2663229), (10442, 1, 2665431)]"
5988 "[(10019, 8, 141055), (10246, 8, 152999), (10246, 8, 154658), (10882, 12, 155018), (10149, 7, 311694), (10246, 8, 386059), (10019, 8, 423024), (10882, 12, 423670), (10038, 14, 464753), (10072, 9, 941185), (10019, 8, 949989), (10019, 8, 951948), (10072, 9, 1089707), (10882, 12, 1206192), (10882, 12, 1613300), (10019, 8, 1696353), (10019, 8, 1900490), (10882, 12, 2066319), (10019, 8, 2316990), (10072, 9, 2569720), (10033, 15, 2576998), (10246, 8, 2634281)]"
6007 "[(10024, 11, 141599), (10024, 11, 384357), (10024, 11, 584727), (10442, 1, 650150), (10024, 11, 655586), (10442, 1, 682166), (10442, 1, 682505), (10182, 13, 736316), (10709, 12, 745734), (10024, 11, 755937), (10054, 7, 860537), (10024, 11, 951558), (10664, 13, 1035516), (10024, 11, 1076788), (10449, 15, 1124644), (10442, 1, 1178347), (10664, 13, 1247243), (10664, 13, 1426415), (10024, 11, 1504684), (10449, 15, 1514436), (10024, 11, 2149748), (10024, 11, 2152168), (10024, 11, 2547948)]"
6013 "[(10331, 7, 141736), (10331, 7, 490100), (10204, 1, 504993), (10331, 7, 914059), (10331, 7, 929320), (10331, 7, 1040564), (10054, 7, 1105431), (10204, 1, 1214291), (10331, 7, 1291566), (10331, 7, 1389730), (10076, 7, 2147538), (10462, 7, 2148855), (10331, 7, 2210109), (10331, 7, 2245138), (10331, 7, 2292589), (10090, 4, 2304049), (10331, 7, 2329300), (10712, 4, 2333297), (10712, 4, 2333554), (10204, 1, 2599827)]"
500 "[(10032, 11, 143162), (10106, 7, 168625), (10032, 11, 219727), (10087, 10, 414163), (10557, 10, 414763), (10024, 11, 449065), (10024, 11, 521948), (10296, 9, 616993), (10024, 11, 854802), (10054, 7, 868392), (10087, 10, 944017), (10366, 10, 964004), (10461, 1, 996782), (10106, 7, 1024448), (10106, 7, 1024766), (10054, 7, 1034160), (10024, 11, 1035449), (10087, 10, 1357529), (10016, 8, 1393488), (10024, 11, 1395549), (10024, 11, 1545986), (10716, 10, 1563340), (10716, 10, 1564527), (10716, 10, 1565205), (10024, 11, 1639803), (10374, 9, 1687849), (10032, 11, 1734974), (10064, 9, 1825001), (10064, 9, 1825538), (10925, 9, 1867600), (10156, 4, 1987150), (10459, 1, 1990585), (10032, 11, 1997718), (10459, 1, 2156748), (10085, 10, 2217824), (10085, 10, 2394012), (10024, 11, 2585988), (10803, 13, 2666746)]"
6076 "[(10054, 7, 143899), (10032, 11, 214320), (10032, 11, 431193), (10032, 11, 432487), (10032, 11, 441330), (10032, 11, 444259), (10032, 11, 445052), (10032, 11, 469707), (10032, 11, 471774), (10032, 11, 474708), (10004, 11, 506385), (10032, 11, 609358), (10024, 11, 713728), (10032, 11, 1005684), (10054, 7, 1006259), (10032, 11, 1007024), (10637, 15, 1034068), (10032, 11, 1298187), (10032, 11, 1299277), (10032, 11, 1305906), (10032, 11, 1320270), (10032, 11, 1337567), (10032, 11, 1413474), (10032, 11, 1413567), (10637, 15, 1478292), (10406, 11, 1727819), (10032, 11, 1838910), (10054, 7, 1853810), (10054, 7, 1909158), (10054, 7, 1910954), (10637, 15, 1913589), (10054, 7, 2279731), (10054, 7, 2280413), (10294, 12, 2426288)]"
5506 "[(10032, 11, 144877), (10643, 7, 145501), (10054, 7, 145791), (10032, 11, 548362), (10316, 11, 769564), (10066, 4, 771244), (10611, 7, 996306), (10668, 4, 1112141), (10343, 4, 1114285), (10770, 15, 1117646), (10461, 1, 1210772), (10461, 1, 1212031), (10461, 1, 1212642), (10320, 4, 1261878), (10251, 11, 1764878), (10789, 7, 2117477), (10316, 11, 2472197), (10076, 7, 2499363), (10076, 7, 2499961), (10076, 7, 2590090)]"
3956 "[(10024, 11, 145652), (10024, 11, 483661), (10120, 11, 925844), (10360, 11, 929193), (10120, 11, 1050040), (10024, 11, 1097747), (10149, 7, 1209867), (10767, 10, 1288554), (10017, 3, 1311192), (10185, 7, 1457390), (10664, 13, 1531577), (10725, 4, 1545796), (10345, 11, 1553411), (10800, 12, 1565057), (10664, 13, 1612424), (10024, 11, 1624981), (10024, 11, 1655225), (10589, 10, 1696447), (10198, 11, 1748324), (10800, 12, 1874112), (10024, 11, 2033584), (10054, 7, 2046083), (10424, 15, 2063081), (10850, 3, 2219985), (10767, 10, 2294241)]"
6119 "[(10412, 11, 145830), (10007, 11, 147193), (10019, 8, 157706), (10007, 11, 163203), (10147, 10, 163506), (10007, 11, 163535), (10007, 11, 186782), (10007, 11, 224306), (10007, 11, 224892), (10007, 11, 444526), (10007, 11, 668611), (10007, 11, 668807), (10007, 11, 834855), (10211, 8, 926652), (10031, 14, 927283), (10007, 11, 1094478), (10024, 11, 1126280), (10007, 11, 1440894), (10007, 11, 1525664), (10007, 11, 2215757), (10847, 4, 2300468), (10024, 11, 2300532), (10211, 8, 2304869), (10007, 11, 2390340), (10007, 11, 2475830), (10007, 11, 2481985), (10019, 8, 2485031)]"
495 "[(10033, 15, 145896), (10033, 15, 353973), (10033, 15, 645463), (10033, 15, 651413), (10033, 15, 1045395), (10031, 14, 1185852), (10031, 14, 1198543), (10033, 15, 1312472), (10031, 14, 1315553), (10033, 15, 1639549), (10033, 15, 1698330), (10033, 15, 1776293), (10176, 9, 1961492), (10033, 15, 1977691), (10033, 15, 2064812), (10033, 15, 2140012), (10858, 7, 2145857), (10033, 15, 2250452), (10033, 15, 2342762), (10033, 15, 2490423), (10033, 15, 2491355), (10033, 15, 2511306), (10176, 9, 2602405), (10072, 9, 2646748)]"
1405 "[(10237, 11, 148529), (10024, 11, 149431), (10668, 4, 455314), (10053, 11, 515281), (10789, 7, 518988), (10668, 4, 519157), (10668, 4, 522190), (10668, 4, 522377), (10076, 7, 583606), (10668, 4, 595386), (10032, 11, 598275), (10308, 13, 601974), (10352, 1, 697971), (10352, 1, 698588), (10118, 11, 791000), (10118, 11, 796270), (10668, 4, 1129949), (10210, 4, 1130044), (10024, 11, 1248570), (10668, 4, 1573291), (10668, 4, 1598060), (10019, 8, 1988986), (10024, 11, 2344284), (10024, 11, 2526199), (10019, 8, 2604431), (10019, 8, 2633531)]"
2991 "[(10032, 11, 148869), (10049, 7, 151270), (10374, 9, 157043), (10540, 4, 160249), (10090, 4, 160868), (10210, 4, 477865), (10032, 11, 538715), (10076, 7, 579281), (10716, 10, 579880), (10054, 7, 719272), (10076, 7, 807771), (10205, 7, 1070401), (10054, 7, 1341923), (10156, 4, 1359118), (10032, 11, 1510023), (10129, 10, 1798204), (10253, 1, 1847794), (10253, 1, 1865182), (10253, 1, 1928433), (10789, 7, 1963059), (10054, 7, 2120369), (10716, 10, 2217794), (10054, 7, 2236600), (10024, 11, 2627364), (10253, 1, 2672756)]"
4616 "[(10070, 13, 149191)]"
6221 "[(10374, 9, 149661), (10072, 9, 237834), (10374, 9, 312077), (10154, 8, 683043), (10746, 10, 861948), (10459, 1, 912392), (10032, 11, 922741), (10032, 11, 922926), (10032, 11, 924086), (10032, 11, 927175), (10032, 11, 928668), (10032, 11, 929270), (10032, 11, 1264807), (10032, 11, 1267854), (10032, 11, 1269126), (10374, 9, 1343071), (10156, 4, 1438589), (10064, 9, 1505814), (10459, 1, 1610970), (10459, 1, 1611149), (10459, 1, 1889917), (10459, 1, 2060959), (10032, 11, 2390395), (10032, 11, 2391023), (10032, 11, 2392862), (10032, 11, 2393125), (10032, 11, 2394085), (10032, 11, 2394535), (10032, 11, 2395616), (10032, 11, 2554011), (10459, 1, 2557105), (10032, 11, 2564968), (10032, 11, 2565525), (10007, 11, 2600735)]"
1636 "[(10002, 0, 150076), (10002, 0, 240003), (10002, 0, 304282), (10002, 0, 328053), (10002, 0, 340289), (10002, 0, 354337), (10002, 0, 395031), (10002, 0, 419717), (10002, 0, 431636), (10002, 0, 440532), (10002, 0, 482725), (10002, 0, 500971), (10002, 0, 512710), (10002, 0, 582813), (10002, 0, 597778), (10002, 0, 604075), (10002, 0, 604129), (10002, 0, 664748), (10002, 0, 674035), (10002, 0, 684128), (10002, 0, 753003), (10002, 0, 940058), (10065, 1, 940317), (10002, 0, 940360), (10065, 1, 945495), (10002, 0, 1090756), (10002, 0, 1103639), (10002, 0, 1358295), (10002, 0, 2048081), (10002, 0, 2058945), (10002, 0, 2067815), (10002, 0, 2140804), (10002, 0, 2143250), (10002, 0, 2210344), (10002, 0, 2219840)]"
6248 "[(10676, 7, 151080), (10037, 5, 420085), (10237, 11, 761295), (10354, 1, 766584), (10054, 7, 929926), (10054, 7, 929977), (10024, 11, 1109944), (10072, 9, 1359324), (10072, 9, 1359424), (10121, 4, 1359454), (10196, 11, 1708465), (10196, 11, 1708574), (10024, 11, 2061628)]"
10843 "[(6252, 3, 151276), (2400, 4, 158839), (2833, 4, 245561), (5157, 11, 270384), (2421, 13, 484739), (5872, 4, 529048), (2421, 13, 541531), (8337, 3, 716503), (2684, 15, 828542), (5872, 4, 1020460), (4131, 11, 1079202), (2163, 1, 1239879), (236, 4, 1312003), (1091, 1, 1521837), (8305, 7, 1636222), (4370, 7, 1762687), (1447, 7, 1780083), (4485, 4, 1786763), (4485, 4, 1786793), (2235, 13, 1853039), (6581, 1, 1893313), (3248, 4, 1905498), (7475, 9, 1986555), (2622, 1, 1987390), (6548, 7, 1992884), (5918, 1, 2337358), (1030, 9, 2346194), (2400, 4, 2362871), (2400, 4, 2368030), (7836, 7, 2403102), (170, 4, 2472525), (3168, 9, 2484723), (7765, 7, 2505687), (1648, 3, 2518572), (5157, 11, 2597818)]"
6266 "[(10002, 0, 151873), (10002, 0, 154908), (10002, 0, 156164), (10002, 0, 161753), (10002, 0, 161871), (10002, 0, 733189), (10002, 0, 809784), (10002, 0, 977575), (10002, 0, 977595), (10002, 0, 1000122), (10002, 0, 1071699), (10002, 0, 1173932), (10002, 0, 1285479), (10002, 0, 1416905), (10002, 0, 1584809), (10002, 0, 1587395), (10002, 0, 1587419), (10002, 0, 1598863), (10002, 0, 1624844), (10002, 0, 1669075), (10002, 0, 1759379), (10002, 0, 1792705), (10002, 0, 1808013), (10002, 0, 1892842), (10002, 0, 1963473), (10002, 0, 1971940), (10002, 0, 2020801), (10002, 0, 2032607), (10002, 0, 2033714), (10002, 0, 2059062), (10002, 0, 2065273), (10002, 0, 2225827), (10002, 0, 2451379), (10002, 0, 2488228), (10002, 0, 2489312), (10002, 0, 2536206), (10002, 0, 2554025), (10002, 0, 2559527), (10002, 0, 2629962), (10002, 0, 2637871), (10002, 0, 2659565), (10002, 0, 2660413), (10002, 0, 2667267)]"
5503 "[(10190, 10, 152714), (10190, 10, 391595), (10190, 10, 397887), (10019, 8, 677804), (10444, 9, 731365), (10229, 9, 828254), (10229, 9, 829224), (10399, 1, 1256934), (10374, 9, 1539990), (10016, 8, 1638509), (10047, 13, 1691570), (10374, 9, 1717751), (10442, 1, 1787177), (10444, 9, 1878245), (10528, 7, 1928707), (10701, 10, 1933726), (10190, 10, 2105746), (10016, 8, 2219465), (10175, 13, 2296476), (10944, 7, 2299694), (10175, 13, 2537825), (10392, 7, 2549220), (10392, 7, 2669608)]"
3808 "[(10195, 13, 153155), (10320, 4, 288846), (10349, 5, 291501), (10358, 9, 291817), (10176, 9, 294392), (10717, 4, 398384), (10717, 4, 398464), (10412, 11, 752076), (10032, 11, 1365827), (10015, 13, 1426153), (10019, 8, 1495586), (10176, 9, 1766014), (10032, 11, 1868967), (10490, 9, 2117361), (10176, 9, 2117468), (10154, 8, 2118125), (10122, 4, 2185383), (10122, 4, 2185454)]"
6321 "[(10033, 15, 153785), (10031, 14, 153803), (10033, 15, 330047), (10033, 15, 330136), (10033, 15, 330212), (10005, 8, 867886), (10033, 15, 909583), (10033, 15, 909745), (10033, 15, 910790), (10045, 12, 930487), (10691, 9, 1910616), (10105, 15, 2214880), (10052, 15, 2214947), (10105, 15, 2215860)]"
6326 "[(10033, 15, 153862), (10033, 15, 220894), (10054, 7, 409349), (10007, 11, 556668), (10016, 8, 747606), (10211, 8, 998678), (10154, 8, 1013814), (10054, 7, 1014498), (10667, 3, 1162849), (10016, 8, 1182134), (10021, 15, 1348736), (10033, 15, 1430811), (10016, 8, 1597159), (10637, 15, 1597253), (10033, 15, 1853675), (10031, 14, 1853710), (10637, 15, 1949409), (10016, 8, 1961826), (10637, 15, 2033814), (10272, 15, 2034197), (10033, 15, 2112486), (10064, 9, 2385274), (10033, 15, 2564558)]"
10880 "[(5225, 11, 153992), (4257, 1, 179121), (5225, 11, 284593), (4257, 1, 673958), (5225, 11, 849686), (5225, 11, 972981), (8776, 13, 1063692), (5225, 11, 1090657), (2941, 7, 1176087), (816, 9, 1563441), (567, 11, 1651313), (816, 9, 1971206), (816, 9, 2377494), (816, 9, 2668656)]"
6343 "[(10006, 5, 154359), (10082, 13, 205530), (10000, 9, 278118), (10082, 13, 455339), (10006, 5, 455604), (10064, 9, 506600), (10006, 5, 598613), (10006, 5, 598689), (10343, 4, 686738), (10006, 5, 889288), (10114, 4, 1059393), (10114, 4, 1060078), (10006, 5, 1067627), (10852, 4, 1114243), (10032, 11, 1220825), (10092, 9, 1448074), (10006, 5, 1453164), (10032, 11, 1477418), (10114, 4, 1479458), (10092, 9, 1497220), (10050, 9, 1754652), (10174, 9, 1755270), (10082, 13, 1827049), (10174, 9, 1833188), (10064, 9, 1837979), (10031, 14, 1842618), (10174, 9, 1886756), (10174, 9, 2099621), (10174, 9, 2167053), (10006, 5, 2490498), (10006, 5, 2661524)]"
1119 "[(10090, 4, 154839), (10032, 11, 190660), (10090, 4, 224130), (10648, 4, 307247), (10053, 11, 1351977), (10288, 4, 1436386), (10032, 11, 1996695), (10090, 4, 2039264)]"
6421 "[(10031, 14, 157519), (10032, 11, 161575), (10072, 9, 422261), (10097, 4, 433408), (10072, 9, 679737), (10032, 11, 934227), (10053, 11, 940295), (10053, 11, 953942), (10910, 4, 1081582), (10072, 9, 1112170), (10399, 1, 1181453), (10309, 13, 1300182), (10054, 7, 1308413), (10791, 4, 1311887), (10791, 4, 1312572), (10053, 11, 1463591), (10054, 7, 1472677), (10054, 7, 1547222), (10053, 11, 1549051), (10054, 7, 1549232), (10198, 11, 1686229), (10015, 13, 1788380), (10015, 13, 1788588), (10097, 4, 1803569), (10214, 9, 1879899), (10054, 7, 1891541), (10196, 11, 2076468), (10032, 11, 2086811), (10032, 11, 2408519), (10032, 11, 2412657), (10097, 4, 2506803), (10019, 8, 2508466)]"
6448 "[(10076, 7, 158343), (10076, 7, 159901), (10033, 15, 167121), (10015, 13, 250411), (10033, 15, 311811), (10019, 8, 316568), (10774, 4, 501229), (10100, 9, 670599), (10162, 9, 780651), (10210, 4, 832599), (10494, 7, 860272), (10052, 15, 863347), (10281, 4, 1133307), (10269, 3, 1212915), (10511, 12, 1221673), (10511, 12, 1227289), (10211, 8, 1349364), (10264, 1, 1381875), (10320, 4, 1388793), (10033, 15, 1540546), (10047, 13, 1981133), (10204, 1, 2064736), (10038, 14, 2587229), (10092, 9, 2659610)]"
4550 "[(10031, 14, 158365), (10007, 11, 158594), (10158, 8, 416566), (10045, 12, 873641), (10031, 14, 1041009), (10031, 14, 1051421), (10031, 14, 1202369), (10031, 14, 1215313), (10031, 14, 1259747), (10134, 8, 1479203), (10032, 11, 1560232), (10158, 8, 1918186), (10356, 15, 1918307), (10045, 12, 1954102), (10019, 8, 1954309), (10158, 8, 1954592), (10031, 14, 2227763), (10031, 14, 2487114)]"
6298 "[(10509, 10, 159164), (10509, 10, 245152), (10509, 10, 245616), (10085, 10, 326152), (10509, 10, 328472), (10085, 10, 368837), (10085, 10, 564778), (10509, 10, 636998), (10509, 10, 667430), (10072, 9, 731390), (10509, 10, 743189), (10509, 10, 758117), (10092, 9, 1002228), (10509, 10, 1180360), (10090, 4, 1187969), (10643, 7, 2045282), (10509, 10, 2207220), (10509, 10, 2222673), (10692, 10, 2319444)]"
1383 "[(10490, 9, 161301), (10111, 7, 1002018), (10111, 7, 1360610), (10009, 7, 2432249)]"
750 "[(10032, 11, 165838), (10120, 11, 197738), (10032, 11, 199507), (10032, 11, 213459), (10032, 11, 213868), (10777, 13, 213988), (10371, 13, 226703), (10149, 7, 242826), (10032, 11, 399865), (10032, 11, 409370), (10032, 11, 420890), (10032, 11, 421865), (10032, 11, 422970), (10032, 11, 605055), (10032, 11, 613364), (10237, 11, 613988), (10237, 11, 640949), (10032, 11, 779983), (10601, 15, 780048), (10032, 11, 865215), (10032, 11, 1035884), (10032, 11, 1299859), (10032, 11, 1299882)]"
2246 "[(10092, 9, 165965), (10033, 15, 433752), (10048, 15, 440431), (10204, 1, 495645), (10072, 9, 684856), (10092, 9, 870567), (10032, 11, 871392), (10176, 9, 872340), (10032, 11, 894688), (10048, 15, 1135775), (10048, 15, 1454135), (10007, 11, 1467939), (10048, 15, 1528863), (10048, 15, 1581429), (10320, 4, 1801603), (10320, 4, 1801887), (10006, 5, 1831666), (10154, 8, 1842266), (10154, 8, 1885648), (10320, 4, 1898121), (10154, 8, 1900150), (10154, 8, 1901110), (10154, 8, 1901716), (10154, 8, 1902504), (10154, 8, 1903423), (10154, 8, 2000538), (10154, 8, 2000748), (10154, 8, 2001409), (10154, 8, 2008764), (10033, 15, 2101739), (10048, 15, 2190868), (10033, 15, 2233807), (10033, 15, 2244251), (10048, 15, 2248394), (10685, 9, 2326542), (10048, 15, 2335991), (10033, 15, 2346583), (10048, 15, 2373575), (10048, 15, 2413152), (10048, 15, 2508877), (10048, 15, 2526190), (10076, 7, 2532766), (10048, 15, 2554721), (10033, 15, 2587648), (10033, 15, 2587696), (10048, 15, 2599971), (10048, 15, 2605465), (10048, 15, 2605523)]"
802 "[(10114, 4, 167688), (10210, 4, 184792), (10309, 13, 337747), (10054, 7, 542715), (10309, 13, 763335), (10021, 15, 1456942), (10193, 7, 1529631), (10015, 13, 1701110), (10114, 4, 1709250), (10021, 15, 2071575), (10111, 7, 2234922)]"
6631 "[(10743, 15, 168369), (10375, 12, 319882), (10301, 13, 524718), (10593, 7, 598751), (10928, 15, 761674), (10743, 15, 1519470), (10356, 15, 1520322), (10197, 13, 1604814), (10301, 13, 1607978), (10187, 15, 1609400), (10587, 13, 1610098), (10587, 13, 1709040), (10718, 9, 1801415), (10928, 15, 1951044), (10593, 7, 2228660), (10084, 9, 2295763)]"
532 "[(10715, 8, 169286)]"
6646 "[(10076, 7, 169362), (10581, 13, 190552), (10581, 13, 196323), (10581, 13, 264245), (10011, 11, 1212706), (10065, 1, 1310598)]"
6653 "[(10049, 7, 169934), (10032, 11, 296623), (10100, 9, 531878), (10049, 7, 610684), (10788, 7, 615921), (10100, 9, 951500), (10076, 7, 978605), (10076, 7, 979339), (10050, 9, 1146461), (10100, 9, 1235006), (10049, 7, 1240578), (10049, 7, 1242423), (10032, 11, 1309050), (10032, 11, 1310492), (10084, 9, 1311824), (10162, 9, 1321170), (10162, 9, 1392855), (10049, 7, 1490353), (10156, 4, 1491706), (10156, 4, 1499769), (10049, 7, 1502663), (10049, 7, 1566211), (10054, 7, 1575289), (10530, 12, 1576036), (10100, 9, 1578100), (10229, 9, 1651564), (10237, 11, 1824184), (10084, 9, 1825426), (10032, 11, 2027086), (10076, 7, 2074272), (10076, 7, 2075002), (10032, 11, 2346285), (10032, 11, 2348229), (10084, 9, 2372470), (10032, 11, 2372480), (10237, 11, 2372605), (10032, 11, 2504467), (10072, 9, 2542902), (10072, 9, 2551454)]"
6655 "[(10054, 7, 170181), (10054, 7, 669233), (10054, 7, 671640), (10032, 11, 675590), (10054, 7, 844557), (10054, 7, 1023863), (10214, 9, 1109369), (10032, 11, 1115369), (10863, 13, 1162521), (10054, 7, 1168808), (10049, 7, 1175139), (10259, 7, 1177266), (10032, 11, 1178201), (10032, 11, 1178268), (10032, 11, 1257258), (10149, 7, 1267492), (10032, 11, 1367104), (10264, 1, 1511902), (10265, 10, 1540030), (10032, 11, 1555215), (10656, 8, 1558181), (10032, 11, 1783469), (10032, 11, 1978508), (10196, 11, 2146658), (10593, 7, 2161690), (10032, 11, 2162359), (10053, 11, 2236429), (10054, 7, 2406554), (10054, 7, 2466602), (10053, 11, 2474842)]"
5022 "[(10069, 1, 172124), (10037, 5, 336116), (10750, 5, 336716), (10521, 13, 397348), (10007, 11, 442503), (10007, 11, 443112), (10069, 1, 761456), (10322, 13, 943762), (10182, 13, 1290203), (10521, 13, 1448019), (10196, 11, 1458113), (10032, 11, 1472625), (10493, 11, 1724758), (10054, 7, 1820792), (10026, 5, 1986882), (10322, 13, 2254972), (10432, 10, 2424983), (10458, 9, 2514209)]"
854 "[(10032, 11, 172437), (10032, 11, 227624), (10910, 4, 263861), (10053, 11, 275523), (10032, 11, 411485), (10032, 11, 531071), (10032, 11, 600824), (10032, 11, 678127), (10032, 11, 790087), (10032, 11, 794456), (10032, 11, 848202), (10072, 9, 863187), (10331, 7, 1037726), (10053, 11, 1099533), (10053, 11, 1208242), (10032, 11, 1384486), (10032, 11, 2165925), (10152, 8, 2596751)]"
5013 "[(10076, 7, 173716), (10668, 4, 174404), (10462, 7, 745635), (10686, 9, 745802), (10686, 9, 746443), (10462, 7, 848767), (10462, 7, 849810), (10462, 7, 850373), (10022, 9, 853801), (10076, 7, 854402), (10737, 1, 1023920), (10462, 7, 1048548), (10193, 7, 1099721), (10331, 7, 1393328), (10737, 1, 1521912), (10737, 1, 1522015), (10737, 1, 1522056), (10737, 1, 1522075), (10737, 1, 1548260), (10737, 1, 1548293), (10737, 1, 1548513), (10737, 1, 1548639), (10737, 1, 1609109), (10737, 1, 1609415), (10564, 10, 1924938), (10193, 7, 1980012), (10564, 10, 2042314), (10193, 7, 2046085), (10193, 7, 2156407), (10193, 7, 2169244), (10737, 1, 2314730)]"
217 "[(10685, 9, 174529), (10090, 4, 264690), (10090, 4, 264908), (10090, 4, 266616), (10090, 4, 266962), (10090, 4, 931295), (10037, 5, 931376), (10090, 4, 937659), (10193, 7, 1282664), (10442, 1, 1906067), (10442, 1, 1915875), (10442, 1, 1920557), (10442, 1, 2005713), (10000, 9, 2419665)]"
4699 "[(10559, 13, 174622), (10536, 4, 1904828), (10009, 7, 2220470)]"
4162 "[(10019, 8, 175865), (10219, 10, 492800), (10356, 15, 1106808), (10356, 15, 1107045), (10019, 8, 1289800), (10356, 15, 1352371), (10356, 15, 1358564), (10714, 15, 1451152), (10356, 15, 1451461), (10019, 8, 1470764), (10093, 12, 1588800), (10384, 2, 1964757), (10384, 2, 2132702), (10158, 8, 2417673)]"
877 "[(10008, 11, 178906), (10938, 9, 345210), (10910, 4, 354393), (10206, 7, 448674), (10185, 7, 486227), (10910, 4, 615238), (10910, 4, 774923), (10910, 4, 779951), (10910, 4, 832083), (10910, 4, 852768), (10910, 4, 854545), (10910, 4, 854913), (10910, 4, 859229), (10910, 4, 860225), (10910, 4, 860761), (10910, 4, 871275), (10910, 4, 871621), (10910, 4, 908703), (10910, 4, 1265119), (10910, 4, 1385858), (10910, 4, 1554256), (10910, 4, 1610087), (10656, 8, 1639843), (10910, 4, 1943206), (10380, 4, 2412195), (10910, 4, 2420202), (10910, 4, 2420857), (10380, 4, 2582903)]"
3689 "[(10177, 7, 179075), (10177, 7, 181083), (10472, 3, 527264), (10791, 4, 697835), (10177, 7, 1140362), (10177, 7, 1140987), (10177, 7, 1182433)]"
6754 "[(10324, 1, 181076), (10005, 8, 449368), (10052, 15, 906902), (10085, 10, 1156057), (10015, 13, 1334443), (10521, 13, 1339173), (10090, 4, 1530700), (10007, 11, 1533670), (10216, 13, 1712666), (10618, 13, 1880843), (10618, 13, 1881850), (10085, 10, 1925824), (10216, 13, 2106135), (10846, 14, 2186732)]"
6760 "[(10478, 4, 181791), (10478, 4, 182405), (10406, 11, 315153), (10032, 11, 332835), (10237, 11, 410049), (10237, 11, 412472), (10032, 11, 412769), (10032, 11, 413076), (10406, 11, 568124), (10032, 11, 571057), (10032, 11, 675631), (10032, 11, 680019), (10032, 11, 680558), (10032, 11, 685925), (10054, 7, 686830), (10054, 7, 687132), (10032, 11, 687433), (10032, 11, 688599), (10032, 11, 689410), (10054, 7, 710547), (10032, 11, 714173), (10032, 11, 776003), (10032, 11, 776431), (10237, 11, 867703), (10237, 11, 868238), (10032, 11, 915529), (10032, 11, 929967), (10237, 11, 979778), (10237, 11, 980935), (10016, 8, 1185498), (10016, 8, 1186298), (10032, 11, 1833782), (10024, 11, 2095161), (10032, 11, 2222590), (10406, 11, 2476905), (10032, 11, 2477679), (10016, 8, 2502103), (10054, 7, 2524253), (10032, 11, 2562932), (10032, 11, 2661282), (10032, 11, 2661844)]"
602 "[(10511, 12, 183623), (10033, 15, 335980), (10071, 10, 384932), (10442, 1, 459095), (10033, 15, 460056), (10071, 10, 2507733), (10592, 14, 2567159)]"
6784 "[(10720, 1, 184190), (10076, 7, 214337), (10242, 4, 343557), (10242, 4, 577480), (10076, 7, 818998), (10048, 15, 935869), (10540, 4, 1004259), (10176, 9, 1437245), (10536, 4, 1458862), (10536, 4, 1461132), (10264, 1, 2509015)]"
6786 "[(10065, 1, 184565), (10060, 1, 242409), (10032, 11, 243008), (10032, 11, 243703), (10032, 11, 245270), (10032, 11, 246193), (10032, 11, 246890), (10032, 11, 250376), (10032, 11, 250564), (10032, 11, 250879), (10032, 11, 250941), (10032, 11, 251026), (10032, 11, 252187), (10032, 11, 252761), (10032, 11, 253206), (10032, 11, 253296), (10032, 11, 253360), (10032, 11, 255096), (10032, 11, 255136), (10032, 11, 255151), (10032, 11, 255170), (10032, 11, 255257), (10032, 11, 255276), (10032, 11, 255292), (10032, 11, 255315), (10774, 4, 260555), (10024, 11, 273686), (10015, 13, 1560251), (10047, 13, 1878393)]"
6796 "[(10037, 5, 186778), (10006, 5, 325989), (10006, 5, 620430), (10006, 5, 620434), (10006, 5, 620439), (10006, 5, 703401), (10462, 7, 759070), (10210, 4, 792415), (10006, 5, 861717), (10006, 5, 917798), (10006, 5, 1739972), (10006, 5, 1740139), (10092, 9, 1911822), (10196, 11, 2078518), (10006, 5, 2091315), (10006, 5, 2137789), (10006, 5, 2139836), (10015, 13, 2309404), (10006, 5, 2357850), (10006, 5, 2359725), (10251, 11, 2361203), (10015, 13, 2403935), (10008, 11, 2493504), (10006, 5, 2528676), (10054, 7, 2567618), (10006, 5, 2600153), (10153, 12, 2613629)]"
10364 "[(861, 9, 189772), (1981, 3, 217366), (4286, 10, 389872), (4286, 10, 390474), (4286, 10, 391505), (7389, 9, 434910), (7264, 10, 579640), (881, 15, 610191), (881, 15, 612292), (673, 7, 632773), (6692, 11, 698903), (6692, 11, 699590), (1155, 12, 702796), (6459, 13, 777318), (3447, 15, 784222), (1467, 9, 791137), (7349, 12, 793640), (5451, 9, 794130), (4329, 9, 797579), (4329, 9, 798201), (861, 9, 806258), (6585, 8, 810729), (666, 12, 1078369), (7264, 10, 1088137), (7264, 10, 1088877), (8501, 7, 1209936), (6585, 8, 1235893), (841, 7, 1274457), (8852, 3, 1288321), (9479, 13, 1382004), (8857, 9, 1385886), (282, 10, 1394662), (282, 10, 1395664), (8852, 3, 1459547), (8852, 3, 1481377), (7354, 9, 1699984), (8501, 7, 1809402), (666, 12, 1810206), (8501, 7, 1810267), (6585, 8, 1915665), (6585, 8, 1915782), (9888, 8, 1945735), (9829, 7, 2067729), (8852, 3, 2167668), (4526, 12, 2236207), (9829, 7, 2284292), (4286, 10, 2296511), (4286, 10, 2297219), (3293, 8, 2404565), (6585, 8, 2453030), (4710, 4, 2469994), (8852, 3, 2477542), (5974, 10, 2588374), (8852, 3, 2594460), (9999, 4, 2594547)]"
1814 "[(10193, 7, 190261), (10270, 3, 538652), (10193, 7, 784567)]"
3771 "[(10076, 7, 191445), (10032, 11, 1315141), (10032, 11, 1617900), (10412, 11, 1967323), (10540, 4, 2252070)]"
10700 "[(2018, 7, 191831), (610, 10, 349096), (3140, 4, 378484), (5761, 8, 412779), (7196, 4, 412957), (6917, 7, 482365), (499, 4, 524163), (4569, 3, 702646), (4569, 3, 703260), (3140, 4, 729237), (3140, 4, 729262), (3140, 4, 743172), (3140, 4, 743241), (3406, 8, 793352), (3406, 8, 860691), (6373, 10, 920747), (6710, 4, 941456), (6710, 4, 955613), (3406, 8, 1026792), (5033, 4, 1044991), (2833, 4, 1266498), (5123, 7, 1267853), (3475, 7, 1350465), (3475, 7, 1352325), (8262, 4, 1373537), (7434, 7, 1447920), (7196, 4, 1540094), (1139, 9, 1563481), (3168, 9, 1615574), (3140, 4, 1621474), (8836, 7, 1647373), (8836, 7, 1725621), (2018, 7, 1732870), (1248, 4, 1798827), (8003, 4, 1953383), (1452, 3, 1958450), (5123, 7, 2028595), (5123, 7, 2042808), (1452, 3, 2050343), (8262, 4, 2056397), (8262, 4, 2063870), (5123, 7, 2130371), (5123, 7, 2130438), (3140, 4, 2155695), (8262, 4, 2155730), (1452, 3, 2171950), (5123, 7, 2199578), (4758, 13, 2216865), (1452, 3, 2227990), (8262, 4, 2238503), (5123, 7, 2288177), (3140, 4, 2310346), (1452, 3, 2315991), (3989, 9, 2423633), (1452, 3, 2437113), (3989, 9, 2457990), (1452, 3, 2471367), (3168, 9, 2483995), (6917, 7, 2502907), (1452, 3, 2546717), (3406, 8, 2581998), (3989, 9, 2629887), (3989, 9, 2633364), (5123, 7, 2634005), (5775, 5, 2662111)]"
6816 "[(10159, 12, 192218), (10032, 11, 195005), (10032, 11, 196542), (10032, 11, 197409), (10032, 11, 198038), (10032, 11, 1049088), (10743, 15, 1061557), (10054, 7, 1065068), (10196, 11, 1143524), (10032, 11, 1153092), (10032, 11, 1154120), (10032, 11, 1154840), (10455, 8, 1158632), (10472, 3, 1159498), (10606, 13, 1165777), (10032, 11, 1333384), (10032, 11, 1334212), (10032, 11, 1334812), (10032, 11, 1337721), (10032, 11, 1339075), (10108, 3, 1343225), (10032, 11, 1344476), (10054, 7, 1346178), (10406, 11, 1463612), (10032, 11, 1464213), (10032, 11, 1464859), (10196, 11, 1468201), (10032, 11, 1472737), (10032, 11, 1473613), (10624, 3, 1485642), (10108, 3, 1486405), (10032, 11, 1732614), (10032, 11, 1738971), (10054, 7, 1922434), (10406, 11, 2097034), (10032, 11, 2100114), (10406, 11, 2357108), (10406, 11, 2603500), (10024, 11, 2606213), (10032, 11, 2615130)]"
2061 "[(10114, 4, 193722), (10408, 12, 283429), (10647, 14, 1836195)]"
6879 "[(10583, 2, 195339), (10076, 7, 283788), (10253, 1, 369083), (10634, 4, 369592), (10634, 4, 370476), (10716, 10, 442979), (10253, 1, 443362), (10054, 7, 545493), (10100, 9, 549110), (10076, 7, 882095), (10639, 1, 1086924), (10874, 9, 1110024), (10021, 15, 1231880), (10054, 7, 1247426), (10459, 1, 1349490), (10286, 9, 1700683), (10054, 7, 1714777), (10253, 1, 1823979), (10253, 1, 1824351), (10076, 7, 2147499), (10024, 11, 2231408), (10958, 12, 2233774), (10054, 7, 2243590), (10459, 1, 2599921)]"
2565 "[(10006, 5, 203352), (10006, 5, 203401), (10024, 11, 809470), (10024, 11, 1460382), (10024, 11, 1535518), (10795, 7, 1700442), (10024, 11, 1764810), (10270, 3, 1898724), (10891, 4, 2014754), (10237, 11, 2047567), (10024, 11, 2106778), (10037, 5, 2209783), (10024, 11, 2473209), (10149, 7, 2657014), (10037, 5, 2671198)]"
6970 "[(10002, 0, 205829), (10002, 0, 380406), (10002, 0, 444336), (10002, 0, 530442), (10002, 0, 615956), (10002, 0, 621042), (10002, 0, 642706), (10002, 0, 700929), (10002, 0, 1233904), (10002, 0, 1296594), (10002, 0, 1327374), (10399, 1, 1828348), (10399, 1, 2078396), (10079, 1, 2254200), (10002, 0, 2428148), (10002, 0, 2446232), (10002, 0, 2473839), (10002, 0, 2520059), (10002, 0, 2590580), (10002, 0, 2621156)]"
7108 "[(10048, 15, 218609), (10090, 4, 1430726), (10581, 13, 1599902), (10581, 13, 1602730), (10032, 11, 1687966), (10015, 13, 2032222), (10182, 13, 2033111), (10516, 1, 2033901), (10032, 11, 2108620), (10015, 13, 2175889), (10015, 13, 2297506), (10096, 10, 2365624), (10096, 10, 2366334), (10015, 13, 2367646), (10581, 13, 2440482), (10015, 13, 2557216), (10015, 13, 2558803), (10096, 10, 2634014)]"
7111 "[(10603, 1, 219279), (10459, 1, 239480), (10603, 1, 825446), (10603, 1, 848337), (10603, 1, 856399), (10603, 1, 1522078), (10603, 1, 1640834), (10242, 4, 1907208), (10564, 10, 1911257), (10242, 4, 2089513)]"
5967 "[(10731, 4, 220204), (10731, 4, 738042), (10731, 4, 1058680), (10731, 4, 1078508), (10731, 4, 1091225), (10251, 11, 1094806), (10731, 4, 1131900), (10556, 9, 1131978), (10556, 9, 1443686), (10731, 4, 1517384), (10731, 4, 1558010), (10731, 4, 2355242), (10196, 11, 2366187), (10556, 9, 2390176), (10731, 4, 2649258)]"
7151 "[(10647, 14, 221898), (10278, 9, 229987), (10472, 3, 231504), (10835, 12, 236055), (10798, 13, 393602), (10032, 11, 408528), (10032, 11, 409130), (10032, 11, 409742), (10493, 11, 476750), (10803, 13, 502663), (10798, 13, 703961), (10570, 13, 705235), (10032, 11, 736977), (10032, 11, 737936), (10432, 10, 770161), (10432, 10, 770761), (10432, 10, 771361), (10088, 3, 784320), (10647, 14, 788272), (10196, 11, 821738), (10432, 10, 839468), (10432, 10, 840079), (10331, 7, 962682), (10331, 7, 1032623), (10331, 7, 1041851), (10210, 4, 1098716), (10331, 7, 1100608), (10331, 7, 1119322)]"
7171 "[(10689, 13, 223467), (10394, 11, 386120), (10689, 13, 2064964), (10015, 13, 2148559), (10689, 13, 2148572), (10397, 10, 2665270)]"
7173 "[(10038, 14, 223746), (10038, 14, 286489), (10052, 15, 286525), (10033, 15, 397891), (10033, 15, 479390), (10032, 11, 546083), (10033, 15, 561065), (10218, 1, 573598), (10218, 1, 573632), (10033, 15, 761888), (10038, 14, 819699), (10033, 15, 968519), (10033, 15, 975712), (10033, 15, 976360), (10032, 11, 1084689), (10032, 11, 1085398), (10033, 15, 1178620), (10033, 15, 1496897), (10033, 15, 1497088), (10038, 14, 1535751), (10038, 14, 1535817), (10033, 15, 1595982), (10038, 14, 1601326), (10033, 15, 1687374), (10218, 1, 1708152), (10038, 14, 1871236), (10033, 15, 1919556), (10033, 15, 1919576), (10033, 15, 2039708), (10149, 7, 2097256), (10399, 1, 2215757), (10399, 1, 2229633), (10019, 8, 2399326), (10100, 9, 2575899)]"
7186 "[(10231, 15, 225146), (10064, 9, 284381), (10064, 9, 287148), (10064, 9, 287760), (10601, 15, 288379), (10084, 9, 716594), (10231, 15, 805600), (10231, 15, 889602), (10231, 15, 896723), (10011, 11, 996747), (10054, 7, 997706), (10231, 15, 1001525), (10393, 15, 1002169), (10054, 7, 1088957), (10054, 7, 1158398), (10054, 7, 1198615), (10054, 7, 1204074), (10054, 7, 1209171), (10054, 7, 1259952), (10231, 15, 1265333), (10231, 15, 1327072), (10072, 9, 1328224), (10050, 9, 1369566), (10231, 15, 1369833), (10231, 15, 1412786), (10231, 15, 1421910), (10231, 15, 1422507), (10231, 15, 1439514), (10231, 15, 1500485), (10084, 9, 1501471), (10140, 14, 1502293), (10231, 15, 1548895), (10032, 11, 1765488), (10231, 15, 1766644), (10224, 9, 1767395), (10294, 12, 1945999), (10054, 7, 2401276)]"
7187 "[(10090, 4, 225162), (10643, 7, 316821), (10090, 4, 338719), (10090, 4, 398868), (10340, 7, 435777), (10215, 5, 486589), (10215, 5, 487306), (10462, 7, 998856), (10462, 7, 1039012), (10204, 1, 1304883), (10215, 5, 1467446)]"
6876 "[(10008, 11, 225492), (10008, 11, 225729), (10206, 7, 427025), (10054, 7, 698331), (10054, 7, 698484), (10032, 11, 838168), (10008, 11, 840835), (10008, 11, 840907), (10096, 10, 843402), (10253, 1, 881586), (10096, 10, 1002529), (10343, 4, 1010262), (10023, 1, 1012820), (10023, 1, 1102929), (10054, 7, 1296786), (10032, 11, 1358805), (10096, 10, 1363221), (10032, 11, 1376409), (10032, 11, 1376450), (10449, 15, 1434149), (10032, 11, 1660591), (10032, 11, 1690801), (10008, 11, 1692901), (10008, 11, 1693005), (10008, 11, 1701818), (10032, 11, 1705147), (10638, 7, 1707944), (10638, 7, 1708034), (10053, 11, 1721338), (10023, 1, 1820421), (10054, 7, 1901677), (10054, 7, 1904646), (10032, 11, 1964278), (10032, 11, 1964367), (10054, 7, 1966193), (10032, 11, 1980615), (10032, 11, 1980666), (10449, 15, 2039995), (10032, 11, 2136911), (10054, 7, 2137075), (10638, 7, 2176692), (10638, 7, 2176751), (10008, 11, 2241276), (10008, 11, 2256970), (10008, 11, 2301154), (10032, 11, 2310340), (10248, 12, 2326185), (10054, 7, 2524680), (10054, 7, 2527578), (10054, 7, 2564522), (10054, 7, 2564617), (10096, 10, 2587972), (10096, 10, 2602268), (10032, 11, 2646732), (10008, 11, 2653399), (10008, 11, 2653459), (10096, 10, 2671007)]"
7198 "[(10032, 11, 225895), (10032, 11, 400920), (10032, 11, 401764), (10032, 11, 402698), (10032, 11, 493061), (10032, 11, 494844), (10032, 11, 842205), (10032, 11, 843041), (10032, 11, 1090494), (10024, 11, 1092269), (10011, 11, 1102045), (10000, 9, 1119832), (10000, 9, 1191698), (10898, 9, 1191943), (10000, 9, 1267665), (10032, 11, 1279227), (10032, 11, 1451705), (10229, 9, 1455948), (10032, 11, 1970094), (10032, 11, 2040193), (10084, 9, 2049011), (10032, 11, 2151036), (10000, 9, 2464654), (10064, 9, 2469115), (10647, 14, 2486165), (10214, 9, 2557297), (10032, 11, 2636907), (10032, 11, 2645989), (10898, 9, 2652810)]"
7213 "[(10554, 13, 227151), (10015, 13, 227713), (10237, 11, 230708), (10032, 11, 236268), (10032, 11, 237009), (10149, 7, 237327), (10217, 10, 253943), (10047, 13, 501692), (10047, 13, 501816), (10030, 13, 748441), (10030, 13, 1016497), (10032, 11, 1045454), (10032, 11, 1045505), (10015, 13, 1175112), (10217, 10, 1194956), (10217, 10, 1296231), (10399, 1, 1610575), (10468, 7, 1654860), (10015, 13, 2075390), (10329, 12, 2122121), (10377, 7, 2480912), (10065, 1, 2489394), (10047, 13, 2641450)]"
10868 "[(4629, 12, 227204), (6667, 15, 396095), (7841, 3, 420729), (5132, 9, 759876), (717, 11, 824737), (6667, 15, 911344), (4614, 15, 1364191), (3982, 4, 1450446), (6667, 15, 1629826), (7841, 3, 1643939), (3982, 4, 1649198), (3982, 4, 1709275), (7576, 3, 1718394), (3982, 4, 1881531), (3982, 4, 1885306), (8873, 3, 1915488), (3982, 4, 1959496), (6667, 15, 2069427), (7508, 8, 2080419), (6667, 15, 2157381), (8925, 7, 2468003), (3982, 4, 2657038)]"
4460 "[(10090, 4, 230224), (10406, 11, 252330), (10032, 11, 252956), (10054, 7, 396346), (10032, 11, 402520), (10032, 11, 403139), (10237, 11, 672823), (10237, 11, 673130), (10054, 7, 917968), (10032, 11, 919079), (10334, 4, 938197), (10229, 9, 1293990), (10229, 9, 1344719), (10229, 9, 1347110), (10054, 7, 1550493), (10052, 15, 1609995), (10054, 7, 1710789), (10345, 11, 2013592), (10011, 11, 2485941)]"
7259 "[(10037, 5, 231002), (10032, 11, 236756), (10540, 4, 253772), (10540, 4, 254058), (10439, 1, 344852), (10076, 7, 387383), (10410, 7, 529798), (10455, 8, 606426), (10017, 3, 687246), (10121, 4, 693774), (10439, 1, 761796), (10439, 1, 761869), (10253, 1, 766406), (10193, 7, 780171), (10253, 1, 1001259), (10237, 11, 1013193), (10237, 11, 1019704), (10024, 11, 1020359), (10019, 8, 1105268), (10540, 4, 1269373), (10253, 1, 1451053), (10365, 1, 1520470), (10237, 11, 1601607), (10316, 11, 1654617), (10037, 5, 1696514), (10032, 11, 1699264), (10032, 11, 1699296), (10406, 11, 1776115), (10172, 12, 1800937), (10795, 7, 1858101), (10106, 7, 1896714), (10316, 11, 1902579), (10316, 11, 1909754), (10910, 4, 1949087), (10049, 7, 1969460), (10032, 11, 2029824), (10253, 1, 2042343), (10032, 11, 2045437), (10054, 7, 2133006), (10090, 4, 2154688), (10656, 8, 2326366), (10253, 1, 2374662), (10253, 1, 2387946), (10253, 1, 2388701), (10540, 4, 2421126), (10032, 11, 2425790), (10253, 1, 2580186), (10686, 9, 2636906)]"
852 "[(10185, 7, 231618), (10090, 4, 1785912), (10018, 7, 2493796), (10270, 3, 2563483), (10331, 7, 2591692)]"
7284 "[(10053, 11, 233340), (10345, 11, 397008), (10085, 10, 426518), (10509, 10, 846795), (10032, 11, 847251), (10032, 11, 848951), (10032, 11, 848991), (10032, 11, 849006), (10032, 11, 849432), (10032, 11, 849442), (10032, 11, 849801), (10509, 10, 1103145), (10085, 10, 1123060), (10053, 11, 1123869), (10253, 1, 1351027), (10087, 10, 2086011), (10509, 10, 2114118), (10888, 10, 2114717), (10509, 10, 2216487), (10509, 10, 2218076), (10345, 11, 2218725), (10087, 10, 2220568), (10087, 10, 2606148)]"
4335 "[(10425, 10, 236710), (10425, 10, 236953), (10065, 1, 245918), (10425, 10, 323801), (10322, 13, 324831), (10425, 10, 576409), (10425, 10, 667829), (10425, 10, 672017), (10047, 13, 674078), (10425, 10, 759426), (10019, 8, 759865), (10072, 9, 844355), (10425, 10, 922711), (10288, 4, 1695225), (10288, 4, 1695913), (10019, 8, 2062607), (10860, 13, 2260206), (10047, 13, 2263266), (10425, 10, 2577208), (10019, 8, 2648901)]"
7378 "[(10002, 0, 242135), (10002, 0, 316831), (10002, 0, 363891), (10002, 0, 420767), (10002, 0, 427382), (10002, 0, 457735), (10002, 0, 469949), (10002, 0, 502199), (10002, 0, 521732), (10002, 0, 552522), (10002, 0, 580884), (10002, 0, 597237), (10002, 0, 634432), (10002, 0, 665859), (10002, 0, 686894), (10002, 0, 701874), (10002, 0, 762567), (10002, 0, 782785), (10002, 0, 821311), (10002, 0, 821393), (10002, 0, 822280), (10002, 0, 846551), (10002, 0, 847077), (10002, 0, 893744), (10002, 0, 918559), (10002, 0, 939091), (10002, 0, 1115549), (10002, 0, 1154471), (10002, 0, 1161858), (10002, 0, 1188863), (10002, 0, 1732891), (10002, 0, 1733086), (10002, 0, 1736428), (10002, 0, 1785447)]"
7410 "[(10019, 8, 245689), (10690, 10, 248188), (10640, 8, 251283), (10545, 14, 256197), (10376, 9, 256813), (10114, 4, 257234), (10016, 8, 503130), (10779, 7, 505268), (10019, 8, 508699), (10114, 4, 510391), (10033, 15, 855795), (10029, 15, 857461), (10005, 8, 867157), (10228, 5, 1121748), (10114, 4, 1124729), (10019, 8, 1457082), (10288, 4, 1459017), (10021, 15, 1464475), (10019, 8, 1713247), (10005, 8, 1715708), (10019, 8, 2058732), (10413, 8, 2061493), (10592, 14, 2067107), (10005, 8, 2068342), (10040, 12, 2072045), (10228, 5, 2329874), (10105, 15, 2663051), (10625, 15, 2663801), (10019, 8, 2666905), (10721, 4, 2669870), (10460, 1, 2670549), (10460, 1, 2671149), (10460, 1, 2671778), (10460, 1, 2672392), (10415, 14, 2673022), (10417, 9, 2673691), (10417, 9, 2675072)]"
7456 "[(10030, 13, 250680), (10526, 1, 666850), (10707, 3, 670907), (10613, 2, 673743), (10142, 1, 725292), (10545, 14, 729433), (10019, 8, 730145), (10019, 8, 757551), (10144, 10, 761882), (10142, 1, 765425), (10019, 8, 770899), (10107, 4, 928910), (10019, 8, 929795), (10218, 1, 933123), (10019, 8, 934060), (10526, 1, 934369), (10019, 8, 937841), (10144, 10, 940108), (10019, 8, 1018608), (10019, 8, 1023595), (10019, 8, 1027225), (10015, 13, 1030605), (10019, 8, 1117123), (10019, 8, 1119506), (10142, 1, 1121750), (10019, 8, 1122265), (10019, 8, 1187036), (10144, 10, 1189915), (10107, 4, 1195581), (10019, 8, 1196866), (10019, 8, 1200180), (10019, 8, 1202233), (10247, 10, 1358709), (10019, 8, 1468541), (10019, 8, 1536441), (10019, 8, 1541636), (10019, 8, 1630853), (10019, 8, 1811235), (10019, 8, 1811861), (10586, 9, 1812464), (10168, 10, 1857348), (10514, 13, 1860602)]"
10913 "[(813, 4, 251297), (2323, 1, 663796), (5806, 9, 745389), (4648, 4, 1560577), (834, 5, 2332477), (6349, 7, 2453062)]"
7501 "[(10253, 1, 255430), (10047, 13, 2027069), (10008, 11, 2677507)]"
10915 "[(4970, 5, 258711), (7590, 15, 323879), (7590, 15, 332046), (7590, 15, 343033), (7441, 12, 481445), (3925, 4, 777373), (220, 11, 918206), (6569, 3, 1006973), (6996, 5, 1458851), (4673, 14, 2565715)]"
7523 "[(10260, 9, 260013), (10084, 9, 485721), (10053, 11, 1176285), (10260, 9, 1214510), (10691, 9, 1529550), (10551, 14, 1735676), (10260, 9, 1821693), (10137, 9, 2469325), (10260, 9, 2469546), (10022, 9, 2491742), (10022, 9, 2494489), (10214, 9, 2547752), (10053, 11, 2606144)]"
7437 "[(10452, 4, 260038), (10253, 1, 590404), (10054, 7, 945910), (10054, 7, 946006), (10054, 7, 981616), (10593, 7, 1125506), (10593, 7, 1126197), (10374, 9, 1165647), (10193, 7, 1243207), (10871, 1, 1534456), (10033, 15, 1538941), (10033, 15, 1545308), (10005, 8, 1634181), (10268, 10, 1680831), (10064, 9, 1740561), (10064, 9, 1803553), (10052, 15, 2056993), (10052, 15, 2068186), (10033, 15, 2230631)]"
7525 "[(10438, 9, 260125), (10193, 7, 324622), (10637, 15, 325253), (10114, 4, 329103), (10019, 8, 335341), (10019, 8, 402009), (10088, 3, 405546), (10088, 3, 487987), (10108, 3, 515527), (10088, 3, 674821), (10438, 9, 686271), (10376, 9, 703900), (10088, 3, 709657), (10021, 15, 781176), (10019, 8, 781251), (10376, 9, 783840), (10624, 3, 857612), (10019, 8, 940263), (10019, 8, 948714), (10019, 8, 950347), (10031, 14, 1012381), (10685, 9, 1980902), (10685, 9, 1984162), (10536, 4, 1984790), (10183, 13, 2252987), (10183, 13, 2253601), (10452, 4, 2501268)]"
7544 "[(10253, 1, 262641), (10054, 7, 426620), (10253, 1, 576273), (10253, 1, 663612), (10253, 1, 688252), (10253, 1, 732838), (10193, 7, 845718), (10253, 1, 877139), (10090, 4, 1041293), (10032, 11, 1095709), (10053, 11, 1096570), (10253, 1, 2164855), (10253, 1, 2398113)]"
948 "[(10032, 11, 264214), (10032, 11, 339793), (10032, 11, 602256), (10011, 11, 959523), (10032, 11, 1369489), (10053, 11, 1628593), (10032, 11, 1683568), (10121, 4, 1699120), (10032, 11, 1740061), (10032, 11, 1740089), (10121, 4, 1802833), (10121, 4, 1824874), (10024, 11, 1893392), (10032, 11, 1903115), (10121, 4, 1957187), (10032, 11, 1990017), (10054, 7, 1998059), (10054, 7, 1998661), (10054, 7, 2059517), (10121, 4, 2068711), (10032, 11, 2115169), (10156, 4, 2125492), (10032, 11, 2219226)]"
7559 "[(10716, 10, 264635), (10029, 15, 334905), (10029, 15, 497328), (10193, 7, 1087558), (10003, 11, 1189996), (10193, 7, 1200132), (10003, 11, 1204999), (10193, 7, 1239395), (10193, 7, 1292964), (10076, 7, 1426081), (10029, 15, 1621675), (10003, 11, 1897689), (10522, 4, 2317304), (10003, 11, 2381250), (10003, 11, 2398321), (10003, 11, 2404817), (10003, 11, 2420976), (10003, 11, 2593954)]"
10722 "[(2013, 7, 266363), (4358, 4, 462581), (598, 1, 618675), (4569, 3, 700109), (4569, 3, 700132), (4569, 3, 700229), (4569, 3, 700260), (4569, 3, 700327), (4569, 3, 700397), (4569, 3, 700431), (4569, 3, 700461), (4569, 3, 702443), (7434, 7, 1447811), (7434, 7, 1448038), (7434, 7, 1995442), (5119, 4, 2415157), (3475, 7, 2579755)]"
7573 "[(10462, 7, 266904), (10029, 15, 271138), (10029, 15, 311266), (10006, 5, 317030), (10029, 15, 345428), (10029, 15, 353119), (10029, 15, 355556), (10029, 15, 356227), (10029, 15, 356930), (10029, 15, 395312), (10029, 15, 436518), (10006, 5, 439536), (10029, 15, 442508), (10029, 15, 444987), (10006, 5, 782534), (10178, 3, 938520), (10006, 5, 938657), (10006, 5, 944736), (10114, 4, 948817), (10315, 4, 953226), (10092, 9, 971436), (10029, 15, 1008751), (10006, 5, 1009406), (10029, 15, 1012559), (10029, 15, 1016796), (10006, 5, 1491228), (10006, 5, 1523242), (10490, 9, 1568196), (10006, 5, 1573094), (10033, 15, 1613795), (10006, 5, 1620697), (10006, 5, 1635078), (10033, 15, 1707085), (10033, 15, 1707682), (10033, 15, 1708521), (10114, 4, 1788512), (10029, 15, 1789212), (10029, 15, 1795429), (10029, 15, 2299718)]"
10488 "[(3559, 9, 267090), (6669, 7, 350919), (2281, 10, 545950), (4164, 15, 1050476), (4164, 15, 1100040), (5524, 4, 1356105), (6018, 1, 1458260), (4599, 3, 1928401), (6000, 8, 2580831), (6514, 7, 2594155)]"
1751 "[(10320, 4, 269301), (10031, 14, 344634), (10246, 8, 398647), (10032, 11, 1806492), (10360, 11, 1926526), (10120, 11, 1981644), (10064, 9, 2127778), (10122, 4, 2137270), (10054, 7, 2139161), (10054, 7, 2139395), (10032, 11, 2142452), (10647, 14, 2143359), (10032, 11, 2360882)]"
1671 "[(10433, 4, 270752), (10309, 13, 577939), (10795, 7, 695693), (10643, 7, 765730), (10089, 7, 1291083), (10433, 4, 1459519), (10032, 11, 1460694), (10693, 3, 1985292), (10770, 15, 2256547), (10433, 4, 2418169), (10007, 11, 2579801), (10564, 10, 2591283)]"
936 "[(10076, 7, 272924)]"
7597 "[(10032, 11, 274230), (10032, 11, 431069), (10243, 8, 684536), (10243, 8, 685221), (10210, 4, 687412), (10210, 4, 846677), (10668, 4, 915850), (10032, 11, 946336), (10032, 11, 1005781), (10032, 11, 1014377), (10243, 8, 1285209), (10243, 8, 1292729), (10243, 8, 1299245), (10032, 11, 1349511), (10032, 11, 1349625), (10032, 11, 1349699), (10243, 8, 1352344), (10024, 11, 1477898), (10032, 11, 1530835), (10032, 11, 1533349), (10032, 11, 1684545), (10032, 11, 1687214), (10092, 9, 1787966), (10032, 11, 1945679), (10243, 8, 1953892), (10032, 11, 2034326), (10366, 10, 2309291), (10032, 11, 2577838), (10032, 11, 2648108), (10032, 11, 2660004), (10032, 11, 2660216)]"
884 "[(10374, 9, 275197), (10779, 7, 676370), (10022, 9, 1380858), (10054, 7, 1692638)]"
6800 "[(10089, 7, 276633), (10089, 7, 535346), (10205, 7, 1022271), (10024, 11, 1574551), (10024, 11, 1829787), (10193, 7, 2222167), (10018, 7, 2307906)]"
1631 "[(10331, 7, 276858), (10091, 3, 297082), (10425, 10, 1209907), (10009, 7, 1314087), (10482, 13, 1485169)]"
885 "[(10032, 11, 281475), (10352, 1, 961144), (10352, 1, 962097), (10352, 1, 2364502)]"
7685 "[(10008, 11, 293155), (10447, 9, 467359), (10011, 11, 1024659), (10011, 11, 1025290), (10264, 1, 1079974), (10264, 1, 1080575), (10072, 9, 1108199), (10032, 11, 1176257), (10111, 7, 1177536), (10024, 11, 1190496), (10073, 9, 1621250), (10049, 7, 1792096), (10054, 7, 1830940), (10024, 11, 1847609), (10054, 7, 1945922), (10049, 7, 2130266), (10789, 7, 2203249), (10374, 9, 2359725), (10374, 9, 2370673), (10032, 11, 2396686), (10072, 9, 2476170), (10193, 7, 2558392)]"
2668 "[(10076, 7, 294548), (10076, 7, 338476), (10032, 11, 498669), (10076, 7, 587399), (10032, 11, 658111), (10032, 11, 659887), (10076, 7, 671364), (10076, 7, 761542), (10076, 7, 845078), (10076, 7, 942387), (10076, 7, 1021219), (10076, 7, 1051523), (10599, 4, 1294481), (10244, 4, 2661955)]"
7155 "[(10050, 9, 301468), (10084, 9, 302043), (10162, 9, 302356), (10545, 14, 302724), (10366, 10, 308813), (10366, 10, 309473), (10016, 8, 386348), (10019, 8, 387365), (10122, 4, 387476), (10050, 9, 387716), (10072, 9, 389337), (10415, 14, 389972), (10536, 4, 392071), (10211, 8, 1273248), (10211, 8, 1274855), (10211, 8, 1275200), (10864, 4, 1376900), (10545, 14, 1378155), (10432, 10, 1711105), (10301, 13, 1711702), (10301, 13, 1712772), (10432, 10, 1714568), (10301, 13, 1737842)]"
3106 "[(10343, 4, 304469), (10019, 8, 1474890)]"
7741 "[(10033, 15, 305460), (10033, 15, 306048), (10033, 15, 306091), (10246, 8, 306199), (10211, 8, 316033), (10019, 8, 414225), (10033, 15, 447432), (10033, 15, 447455), (10083, 15, 475816), (10007, 11, 571298), (10033, 15, 571642), (10031, 14, 571805), (10038, 14, 571822), (10033, 15, 571928), (10105, 15, 571937), (10033, 15, 572390), (10033, 15, 572585), (10637, 15, 572634), (10449, 15, 572766), (10105, 15, 573367), (10052, 15, 573966), (10038, 14, 575148), (10448, 9, 575314), (10033, 15, 576304), (10038, 14, 576779), (10007, 11, 579813), (10354, 1, 594822), (10033, 15, 603529), (10038, 14, 915812), (10016, 8, 916007), (10031, 14, 916022), (10031, 14, 916539), (10038, 14, 917134), (10033, 15, 917457), (10614, 13, 917577), (10033, 15, 917706), (10033, 15, 917809), (10031, 14, 917971), (10038, 14, 917999), (10033, 15, 918483), (10031, 14, 919007), (10031, 14, 919053), (10033, 15, 1081483), (10033, 15, 1081538), (10033, 15, 1081958), (10033, 15, 1088500), (10412, 11, 1293359), (10032, 11, 1701158), (10637, 15, 1917255), (10031, 14, 1917592), (10031, 14, 1918107), (10581, 13, 2595133)]"
10924 "[(293, 5, 310189), (7331, 14, 736297), (293, 5, 736467), (7727, 14, 966065), (9034, 8, 1633252), (9923, 9, 2138167), (4379, 8, 2413609)]"
753 "[(10024, 11, 310332), (10196, 11, 315772), (10196, 11, 316649), (10196, 11, 317701), (10161, 2, 492818), (10210, 4, 635675), (10149, 7, 811653), (10109, 10, 812303), (10109, 10, 813891), (10161, 2, 981969), (10727, 3, 982111), (10706, 2, 982351), (10102, 2, 982395), (10164, 2, 982444), (10032, 11, 983071), (10164, 2, 991527), (10054, 7, 1310674), (10032, 11, 1331461), (10011, 11, 1473396), (10613, 2, 1664380), (10053, 11, 1849588), (10053, 11, 1867398), (10308, 13, 2190290), (10510, 2, 2206343), (10583, 2, 2230842), (10525, 2, 2230952), (10403, 2, 2253199), (10024, 11, 2587627)]"
7791 "[(10092, 9, 311251), (10072, 9, 312841), (10072, 9, 378807), (10019, 8, 470031), (10148, 14, 567446), (10019, 8, 672106), (10072, 9, 673623), (10019, 8, 733508), (10019, 8, 804733), (10458, 9, 806800), (10047, 13, 847072), (10558, 8, 847769), (10038, 14, 967320), (10019, 8, 1064810), (10072, 9, 1171475), (10019, 8, 1182903), (10072, 9, 1188821), (10072, 9, 1197784), (10072, 9, 1276398), (10051, 12, 1279411), (10072, 9, 1317909), (10051, 12, 1332817), (10019, 8, 1354831), (10072, 9, 1403993), (10153, 12, 1409137), (10072, 9, 1452090), (10153, 12, 1693218), (10564, 10, 1708999), (10047, 13, 1709759), (10122, 4, 1710423), (10477, 13, 1711066), (10366, 10, 1756923), (10477, 13, 1761409), (10050, 9, 1936249)]"
10926 "[(3969, 9, 314784), (3168, 9, 342720), (288, 3, 452517), (5442, 7, 1139862), (9675, 12, 1602346), (1653, 7, 1837512), (4243, 4, 1913504)]"
7831 "[(10076, 7, 316312), (10032, 11, 593410), (10291, 12, 668842), (10009, 7, 683234), (10032, 11, 1202073), (10032, 11, 1334191), (10259, 7, 1342600), (10032, 11, 1361243), (10308, 13, 1712396), (10032, 11, 1769104), (10076, 7, 1922422), (10156, 4, 1978755), (10205, 7, 2221431), (10100, 9, 2222083), (10032, 11, 2413167), (10264, 1, 2413320), (10064, 9, 2423673), (10064, 9, 2423974), (10064, 9, 2462474)]"
10929 "[(5766, 15, 318525), (5766, 15, 320621), (3033, 1, 655262), (3033, 1, 1390108), (6875, 12, 2280744)]"
7274 "[(10412, 11, 322895), (10412, 11, 323381), (10054, 7, 780886), (10412, 11, 781425), (10032, 11, 1176253), (10032, 11, 1183705), (10412, 11, 1522077), (10032, 11, 1618599), (10032, 11, 1618833), (10032, 11, 2001584), (10032, 11, 2251937), (10009, 7, 2314905), (10054, 7, 2332161), (10406, 11, 2333396), (10090, 4, 2425563)]"
7871 "[(10272, 15, 323323), (10087, 10, 569135), (10925, 9, 737331), (10455, 8, 1188678), (10521, 13, 1223893), (10712, 4, 1423956), (10038, 14, 1685649), (10032, 11, 1730852), (10833, 3, 2281392), (10833, 3, 2414060), (10521, 13, 2557662)]"
7872 "[(10331, 7, 323382), (10243, 8, 323571), (10229, 9, 331675), (10214, 9, 481558), (10267, 4, 585342), (10111, 7, 591288), (10214, 9, 607947), (10072, 9, 655259), (10111, 7, 655452), (10111, 7, 655502), (10009, 7, 746192), (10214, 9, 748710), (10000, 9, 1308055), (10296, 9, 1559378), (10296, 9, 1630663), (10374, 9, 1638436), (10709, 12, 1727585), (10111, 7, 1824541), (10000, 9, 1843304), (10214, 9, 1846219), (10000, 9, 1847166), (10000, 9, 1869854), (10000, 9, 1869949), (10214, 9, 1870343), (10296, 9, 2188839), (10072, 9, 2190144), (10296, 9, 2190637), (10114, 4, 2191401), (10296, 9, 2276714), (10296, 9, 2287882), (10331, 7, 2492382), (10352, 1, 2502086)]"
4130 "[(10069, 1, 324545), (10944, 7, 669299), (10069, 1, 922899), (10076, 7, 1189024), (10833, 3, 1547327), (10101, 7, 1674846), (10069, 1, 2566042), (10237, 11, 2669237), (10237, 11, 2669835)]"
10931 "[(5912, 4, 325235), (8894, 11, 764538), (4080, 1, 1142600), (3143, 13, 1184722), (3057, 12, 1356266), (6490, 9, 1524391), (6164, 11, 1536656), (9845, 15, 1876879), (4526, 12, 1982248), (7987, 9, 1988928), (4526, 12, 2054756), (2809, 10, 2109472), (2809, 10, 2111424), (3143, 13, 2244879), (121, 9, 2333016)]"
7885 "[(10237, 11, 326141)]"
10854 "[(7825, 10, 326826), (2531, 12, 459245), (7399, 7, 588071), (6737, 12, 656427), (1919, 15, 672108), (7399, 7, 722432), (3134, 10, 725214), (6737, 12, 744971), (6692, 11, 868259), (6028, 15, 1180225), (3056, 3, 1196691), (9496, 15, 1220138), (6320, 11, 1491888), (4625, 8, 1514201), (467, 12, 1976788), (3140, 4, 2123664), (6028, 15, 2308200), (897, 8, 2363682), (6692, 11, 2412397), (6558, 3, 2431670), (9241, 4, 2467389), (9241, 4, 2468176), (4651, 1, 2478466), (1324, 4, 2655954)]"
1007 "[(10054, 7, 329592), (10320, 4, 1907497), (10076, 7, 2339354), (10439, 1, 2595392)]"
7916 "[(10685, 9, 329912), (10033, 15, 333540), (10031, 14, 399355), (10033, 15, 399647), (10761, 9, 710769), (10176, 9, 795026), (10051, 12, 853528), (10033, 15, 853556), (10055, 15, 853588), (10031, 14, 853616), (10003, 11, 1023425), (10033, 15, 1098515), (10033, 15, 1099641), (10031, 14, 1100043), (10668, 4, 1108515), (10003, 11, 1230229), (10072, 9, 1325229), (10033, 15, 1359582), (10033, 15, 1360079), (10033, 15, 1563314), (10031, 14, 1728637), (10033, 15, 1732191), (10033, 15, 1742510), (10033, 15, 1743325), (10260, 9, 1952464), (10003, 11, 2417181), (10033, 15, 2563165), (10033, 15, 2571364), (10033, 15, 2572012), (10033, 15, 2577823), (10272, 15, 2640122)]"
7921 "[(10032, 11, 330479), (10032, 11, 340887), (10032, 11, 341094), (10032, 11, 341164), (10032, 11, 341237), (10092, 9, 509297), (10032, 11, 562322), (10092, 9, 750871), (10032, 11, 1205116), (10237, 11, 1390581), (10142, 1, 1444732), (10032, 11, 1542929), (10032, 11, 1551300), (10343, 4, 1787060), (10374, 9, 1787662), (10232, 9, 1788398), (10038, 14, 1795033), (10032, 11, 1802454), (10032, 11, 1802497), (10032, 11, 1823124), (10054, 7, 1824760), (10406, 11, 1824832), (10406, 11, 1825585), (10032, 11, 1877895), (10032, 11, 1887945), (10072, 9, 1912086)]"
7933 "[(10076, 7, 331560), (10076, 7, 1607483), (10217, 10, 1811022), (10343, 4, 2032298)]"
7940 "[(10019, 8, 333327), (10019, 8, 348731), (10019, 8, 410345), (10019, 8, 410562), (10283, 3, 435020), (10283, 3, 435620), (10019, 8, 440828), (10019, 8, 536921), (10019, 8, 536939), (10019, 8, 537736), (10775, 12, 736918), (10775, 12, 741608), (10850, 3, 780596), (10813, 13, 785453), (10673, 13, 786397), (10775, 12, 796594), (10032, 11, 822565), (10019, 8, 1058157), (10019, 8, 1058191), (10202, 1, 1083150), (10091, 3, 1154453), (10019, 8, 1156071), (10202, 1, 1299362), (10202, 1, 1299832), (10019, 8, 1453180), (10348, 8, 1511941), (10038, 14, 1514913), (10019, 8, 1522750), (10019, 8, 1585306), (10019, 8, 1592304), (10037, 5, 1605076), (10037, 5, 1605222), (10019, 8, 1627292), (10019, 8, 1669070), (10037, 5, 1680990), (10019, 8, 1701208), (10019, 8, 1774458), (10376, 9, 1786036), (10376, 9, 1787106), (10850, 3, 1792057), (10091, 3, 1795012), (10850, 3, 1877159), (10037, 5, 2221114), (10850, 3, 2229434), (10019, 8, 2472637), (10756, 7, 2476813), (10427, 10, 2480649), (10756, 7, 2481006), (10427, 10, 2481358), (10037, 5, 2559025), (10019, 8, 2575212), (10021, 15, 2637272), (10021, 15, 2648648), (10850, 3, 2663160), (10673, 13, 2663226)]"
7952 "[(10159, 12, 335537), (10049, 7, 403429), (10159, 12, 504335), (10185, 7, 599782), (10159, 12, 858570), (10159, 12, 945519), (10032, 11, 990830), (10159, 12, 1072711), (10159, 12, 1209013), (10015, 13, 1254123), (10177, 7, 1264920), (10159, 12, 1455883), (10618, 13, 1628054), (10159, 12, 1965607), (10177, 7, 2208464), (10159, 12, 2363948)]"
824 "[(10305, 4, 339740), (10009, 7, 871448), (10009, 7, 886366), (10009, 7, 928513), (10270, 3, 1025050), (10331, 7, 1162788), (10111, 7, 1162808), (10795, 7, 1308123), (10331, 7, 1321917)]"
1534 "[(10072, 9, 341522), (10092, 9, 345256), (10352, 1, 521276), (10602, 13, 1105527), (10054, 7, 1187816), (10054, 7, 1306161), (10118, 11, 1383329), (10054, 7, 1563933), (10234, 4, 1826538), (10234, 4, 1827135), (10602, 13, 1884911), (10602, 13, 2252434), (10242, 4, 2401572)]"
7329 "[(10637, 15, 341765), (10007, 11, 357437)]"
8009 "[(10054, 7, 352236), (10007, 11, 566773), (10032, 11, 631349), (10427, 10, 807563), (10427, 10, 968527), (10152, 8, 1034814), (10152, 8, 1064913), (10032, 11, 1111517), (10024, 11, 1218672), (10032, 11, 1239945), (10228, 5, 1347552), (10345, 11, 1382446), (10459, 1, 1485855), (10072, 9, 1527494), (10072, 9, 1659839), (10054, 7, 1723933), (10032, 11, 1729763), (10015, 13, 1858747), (10032, 11, 1914229), (10489, 4, 1991739), (10178, 3, 2059210), (10178, 3, 2059897), (10905, 1, 2141703), (10012, 15, 2233708), (10121, 4, 2249819), (10108, 3, 2304122), (10637, 15, 2305048), (10054, 7, 2404544), (10032, 11, 2422569), (10032, 11, 2574566), (10459, 1, 2579540), (10032, 11, 2580239)]"
5115 "[(10088, 3, 352275), (10088, 3, 939613), (10088, 3, 941724), (10108, 3, 963546), (10088, 3, 1092519), (10108, 3, 1880731), (10108, 3, 1992549)]"
6397 "[(10363, 7, 352943), (10260, 9, 524366), (10830, 4, 1549796), (10823, 15, 2071108), (10156, 4, 2417802), (10374, 9, 2417848), (10156, 4, 2418008), (10092, 9, 2588088)]"
8015 "[(10634, 4, 353445), (10055, 15, 768627), (10320, 4, 800126), (10320, 4, 841046), (10506, 3, 846571), (10320, 4, 924825), (10506, 3, 929070), (10032, 11, 940194), (10032, 11, 948872), (10032, 11, 949516), (10032, 11, 950311), (10032, 11, 961276), (10032, 11, 961448), (10032, 11, 962270), (10506, 3, 1012503), (10032, 11, 1060070), (10032, 11, 1062146), (10320, 4, 1072983), (10049, 7, 1074882), (10072, 9, 1082665), (10032, 11, 1108679), (10032, 11, 1111016), (10032, 11, 1112363), (10032, 11, 1149715), (10032, 11, 1149775), (10032, 11, 1149958), (10072, 9, 1192822), (10054, 7, 1194147), (10072, 9, 1197045), (10176, 9, 1197378), (10076, 7, 1237849), (10374, 9, 1259708), (10076, 7, 1260375), (10111, 7, 1294450), (10243, 8, 1306655), (10376, 9, 1996042)]"
5170 "[(10092, 9, 353599), (10092, 9, 354748), (10583, 2, 1920763), (10092, 9, 2607976)]"
8020 "[(10072, 9, 354545), (10072, 9, 389397), (10072, 9, 391843), (10485, 7, 408688), (10485, 7, 409999), (10054, 7, 410681), (10054, 7, 411542), (10032, 11, 449362), (10210, 4, 530997), (10072, 9, 565423), (10290, 9, 570004), (10210, 4, 602882), (10054, 7, 619315), (10072, 9, 662579), (10072, 9, 662663), (10296, 9, 681939), (10164, 2, 902997), (10161, 2, 1336198), (10498, 2, 1337397), (10802, 2, 1337996), (10502, 2, 1595398), (10464, 2, 1595997), (10501, 3, 1596596), (10471, 2, 1597197), (10541, 3, 1597797), (10352, 1, 1646340), (10416, 3, 1698215), (10383, 2, 1698958), (10613, 2, 1699601), (10160, 2, 1940997), (10102, 2, 1941597), (10541, 3, 1942197), (10198, 11, 1972596), (10072, 9, 1973073), (10742, 7, 1975709), (10541, 3, 2029196), (10198, 11, 2033533), (10597, 2, 2121034), (10171, 2, 2288997), (10802, 2, 2289596), (10416, 3, 2292691), (10415, 14, 2309140), (10541, 3, 2546397), (10341, 2, 2546996)]"
3901 "[(10305, 4, 356498), (10193, 7, 357099), (10124, 15, 407096), (10270, 3, 450732), (10331, 7, 520205), (10193, 7, 522838), (10017, 3, 786945), (10156, 4, 834131), (10253, 1, 917955), (10108, 3, 928864), (10331, 7, 951795), (10179, 10, 1013038), (10270, 3, 1027772), (10032, 11, 1205088), (10156, 4, 1269950), (10032, 11, 1293013), (10253, 1, 1352565), (10037, 5, 1544972), (10000, 9, 1546272), (10253, 1, 1608300), (10721, 4, 1710116), (10088, 3, 1740880), (10301, 13, 1741477), (10253, 1, 1748522), (10253, 1, 1748661), (10193, 7, 1877407), (10331, 7, 1911881), (10076, 7, 1915768), (10253, 1, 2156729), (10360, 11, 2598718), (10270, 3, 2604702)]"
5521 "[(10581, 13, 359097), (10581, 13, 384969), (10016, 8, 686443), (10016, 8, 689938), (10449, 15, 890817), (10664, 13, 2010695), (10015, 13, 2290827), (10015, 13, 2333840), (10015, 13, 2342907)]"
8051 "[(10015, 13, 366233), (10247, 10, 368639), (10176, 9, 368680), (10059, 1, 796923), (10176, 9, 808241), (10059, 1, 876623), (10142, 1, 886833), (10032, 11, 1315079), (10032, 11, 1315120), (10910, 4, 1395086), (10053, 11, 1399730), (10053, 11, 1402332), (10053, 11, 1404383), (10374, 9, 1422187), (10059, 1, 1702943), (10053, 11, 1722562), (10054, 7, 1727516), (10119, 13, 1733263), (10053, 11, 1799956), (10142, 1, 1878521), (10059, 1, 2256354), (10142, 1, 2416141)]"
3881 "[(10280, 8, 374066)]"
6220 "[(10015, 13, 384338), (10016, 8, 726980), (10176, 9, 837697), (10176, 9, 838571), (10016, 8, 897023), (10016, 8, 1080747), (10016, 8, 1150621), (10038, 14, 1274953), (10038, 14, 1508669), (10016, 8, 1586023), (10175, 13, 2263278), (10038, 14, 2555330), (10021, 15, 2555351), (10016, 8, 2626846)]"
10947 "[(3016, 9, 392072), (8133, 9, 398832), (8133, 9, 399430), (4189, 15, 570180), (3016, 9, 587178), (2007, 14, 637650), (8467, 11, 833890), (8467, 11, 851339), (193, 9, 1231633), (252, 9, 1587588), (3794, 8, 1702464), (3405, 9, 1781760)]"
4983 "[(10032, 11, 398718), (10032, 11, 403025), (10176, 9, 527402), (10032, 11, 572717), (10032, 11, 573497), (10032, 11, 832421), (10176, 9, 953577), (10149, 7, 1269130), (10149, 7, 1302176), (10176, 9, 1361687), (10696, 15, 1891013), (10176, 9, 1972287), (10149, 7, 1995147), (10176, 9, 2045515), (10176, 9, 2063019)]"
5979 "[(10032, 11, 399764), (10948, 9, 401166), (10015, 13, 425659), (10015, 13, 425804), (10111, 7, 485070), (10334, 4, 606790), (10015, 13, 768974), (10869, 1, 788086), (10248, 12, 835190), (10142, 1, 849184), (10630, 4, 1080588), (10015, 13, 1088421), (10668, 4, 1089700), (10340, 7, 1101110), (10111, 7, 1181510), (10176, 9, 1188797), (10122, 4, 1215634), (10737, 1, 1443357), (10737, 1, 1444041), (10019, 8, 1642071), (10737, 1, 1704875), (10737, 1, 1704951), (10122, 4, 1829361), (10784, 9, 1829915), (10122, 4, 1873542), (10462, 7, 2041888), (10032, 11, 2042681), (10032, 11, 2042725), (10668, 4, 2045105), (10668, 4, 2047120), (10111, 7, 2147733), (10111, 7, 2207673), (10140, 14, 2208237), (10111, 7, 2325325), (10142, 1, 2503981), (10122, 4, 2506651), (10015, 13, 2519481), (10142, 1, 2556107), (10015, 13, 2556174), (10142, 1, 2559595)]"
8129 "[(10331, 7, 400693), (10090, 4, 440735), (10247, 10, 475807), (10101, 7, 560355), (10331, 7, 560724), (10015, 13, 561685), (10015, 13, 744956), (10910, 4, 1084320), (10072, 9, 1319583), (10072, 9, 1326830), (10265, 10, 1326883), (10090, 4, 1327181), (10072, 9, 1327333), (10315, 4, 1327596), (10538, 5, 1347212), (10586, 9, 1618064), (10090, 4, 1692236), (10331, 7, 1759164), (10149, 7, 1773443), (10137, 9, 2126390), (10137, 9, 2126989), (10032, 11, 2476342), (10009, 7, 2648899), (10009, 7, 2653075)]"
4635 "[(10715, 8, 406517), (10892, 4, 667023), (10168, 10, 679596), (10210, 4, 685006), (10592, 14, 766179), (10592, 14, 766829), (10210, 4, 1190363), (10459, 1, 1355473), (10049, 7, 1356085), (10060, 1, 1430760), (10060, 1, 1447469), (10872, 9, 1633862), (10721, 4, 1634546), (10118, 11, 1634988), (10459, 1, 1635900), (10459, 1, 1636376), (10060, 1, 1636623), (10120, 11, 1637788), (10032, 11, 1668880), (10244, 4, 1678365), (10032, 11, 1697317), (10266, 7, 1703433), (10269, 3, 1766942), (10266, 7, 1776349), (10655, 9, 1782566), (10210, 4, 1784096), (10100, 9, 1786507), (10463, 13, 1787151), (10285, 7, 1850659), (10461, 1, 1875608), (10214, 9, 1876263), (10577, 7, 2226519), (10092, 9, 2388582), (10244, 4, 2595423), (10101, 7, 2667435)]"
8211 "[(10685, 9, 409200), (10969, 1, 696253), (10009, 7, 734433), (10374, 9, 921264), (10633, 9, 979703), (10534, 9, 1006712), (10009, 7, 1125721), (10053, 11, 1158158), (10174, 9, 1189809), (10232, 9, 1191337), (10320, 4, 1235999), (10174, 9, 1238246), (10534, 9, 1238395), (10633, 9, 1249264), (10448, 9, 1365668), (10447, 9, 1377203), (10009, 7, 1652597), (10032, 11, 1856992), (10830, 4, 2381534), (10299, 9, 2427088), (10315, 4, 2467108)]"
941 "[(10032, 11, 410802), (10647, 14, 1992061), (10237, 11, 2145886), (10054, 7, 2233621), (10506, 3, 2545832)]"
8224 "[(10154, 8, 412041), (10031, 14, 505167), (10024, 11, 761749), (10033, 15, 837799), (10033, 15, 837843), (10033, 15, 838021), (10121, 4, 849805), (10151, 14, 1838034), (10151, 14, 1840311), (10032, 11, 1893017), (10154, 8, 1900173), (10154, 8, 1902835), (10032, 11, 2073620), (10032, 11, 2087986), (10072, 9, 2233575), (10072, 9, 2241285), (10072, 9, 2248397), (10072, 9, 2248612), (10032, 11, 2249325), (10072, 9, 2288400), (10637, 15, 2288633), (10032, 11, 2666025)]"
7985 "[(10054, 7, 417945), (10032, 11, 427795), (10032, 11, 428732), (10393, 15, 483218), (10032, 11, 768920), (10054, 7, 942671), (10032, 11, 999427), (10032, 11, 1000158), (10054, 7, 1086233), (10032, 11, 1110114), (10032, 11, 1110930), (10032, 11, 1113238), (10054, 7, 1115592), (10032, 11, 1124308), (10032, 11, 1368724), (10032, 11, 1396666), (10032, 11, 1398859), (10032, 11, 1434507), (10032, 11, 1446900), (10032, 11, 1488530), (10032, 11, 1491247), (10032, 11, 1491675), (10032, 11, 1521458), (10054, 7, 1530579), (10032, 11, 1536723), (10032, 11, 1539224), (10032, 11, 1541243), (10032, 11, 1545990), (10032, 11, 1555487), (10032, 11, 1613063), (10032, 11, 1613700), (10228, 5, 1617536), (10478, 4, 1628511), (10072, 9, 1630944), (10032, 11, 1696158), (10593, 7, 1710537), (10053, 11, 1715317), (10032, 11, 1716211), (10072, 9, 1724050), (10032, 11, 1733161), (10032, 11, 1733282), (10032, 11, 1746714), (10032, 11, 1952800), (10032, 11, 1960150), (10032, 11, 1979983), (10032, 11, 2036569), (10032, 11, 2039934), (10153, 12, 2046667), (10153, 12, 2047294), (10053, 11, 2084723), (10054, 7, 2141887), (10053, 11, 2244233), (10053, 11, 2245404), (10054, 7, 2246119), (10393, 15, 2265715), (10053, 11, 2327805), (10053, 11, 2336245), (10054, 7, 2351130), (10032, 11, 2388053), (10032, 11, 2439229), (10032, 11, 2520591), (10053, 11, 2521302), (10444, 9, 2607488), (10032, 11, 2647560), (10032, 11, 2650109)]"
8261 "[(10092, 9, 420116), (10092, 9, 423051), (10348, 8, 557334), (10356, 15, 602751), (10148, 14, 604130), (10901, 12, 646289), (10356, 15, 646892), (10107, 4, 652005), (10218, 1, 652609), (10211, 8, 654444), (10140, 14, 655046), (10195, 13, 655754), (10593, 7, 661486), (10552, 4, 686197), (10185, 7, 686798), (10064, 9, 687559), (10918, 1, 688252), (10591, 1, 688856), (10933, 9, 690359), (10862, 9, 716160), (10413, 8, 740912), (10413, 8, 749954), (10005, 8, 755722), (10121, 4, 756928), (10593, 7, 757536), (10888, 10, 758267), (10005, 8, 759448), (10828, 1, 762160), (10397, 10, 763557), (10005, 8, 767413), (10005, 8, 769223), (10413, 8, 828811), (10042, 11, 830333), (10862, 9, 831450), (10100, 9, 832933), (10423, 13, 835250), (10050, 9, 837107), (10521, 13, 844533), (10100, 9, 846090), (10176, 9, 846691), (10178, 3, 847301), (10366, 10, 847917), (10408, 12, 848518), (10031, 14, 849187), (10091, 3, 850503), (10867, 13, 851744), (10154, 8, 901078)]"
7411 "[(10430, 10, 420225), (10430, 10, 496738), (10430, 10, 833153), (10799, 9, 844254), (10430, 10, 926345), (10636, 3, 1024382), (10367, 3, 1355807), (10817, 2, 1377580), (10636, 3, 1446388), (10416, 3, 1446730), (10595, 9, 1450838), (10613, 2, 1534894), (10137, 9, 1618731), (10430, 10, 1698079), (10009, 7, 1719348), (10595, 9, 1977633), (10817, 2, 2053470), (10430, 10, 2054418), (10116, 1, 2063475), (10697, 3, 2128902), (10697, 3, 2129053), (10636, 3, 2147643), (10050, 9, 2155695), (10125, 3, 2220314), (10636, 3, 2304881), (10367, 3, 2306055), (10430, 10, 2659363)]"
8304 "[(10175, 13, 431596), (10761, 9, 439072), (10343, 4, 560308), (10024, 11, 564566), (10175, 13, 873324), (10343, 4, 904190), (10015, 13, 1169225), (10032, 11, 1187930), (10032, 11, 1215991), (10168, 10, 1218818), (10175, 13, 1292366), (10345, 11, 1472486), (10054, 7, 1631813), (10316, 11, 1646403), (10024, 11, 1720426), (10316, 11, 1732378), (10693, 3, 1804941), (10374, 9, 1826253), (10024, 11, 1826740), (10708, 4, 1902114), (10032, 11, 1949643), (10054, 7, 2466897), (10599, 4, 2508115), (10253, 1, 2523013), (10024, 11, 2676516)]"
146 "[(10285, 7, 432529), (10009, 7, 654331), (10076, 7, 794681), (10490, 9, 1641997), (10737, 1, 2236787)]"
8307 "[(10032, 11, 432964), (10032, 11, 529432), (10032, 11, 529762), (10032, 11, 625395), (10032, 11, 637871), (10032, 11, 786165), (10032, 11, 859968), (10032, 11, 860262), (10448, 9, 1041424), (10032, 11, 1093714), (10032, 11, 1384668), (10032, 11, 1385813), (10032, 11, 1386737), (10032, 11, 1389793), (10032, 11, 1519247), (10032, 11, 1596232), (10032, 11, 1644709), (10032, 11, 1645855), (10032, 11, 1646236), (10032, 11, 1647620), (10032, 11, 1946055), (10032, 11, 2392235)]"
5050 "[(10193, 7, 435586), (10114, 4, 868195), (10910, 4, 957241), (10193, 7, 1260655), (10114, 4, 1287674), (10076, 7, 2387188)]"
8324 "[(10024, 11, 438524), (10018, 7, 474576), (10018, 7, 487760), (10054, 7, 657251), (10121, 4, 780998), (10018, 7, 819597), (10054, 7, 1202919), (10018, 7, 1282074), (10053, 11, 1696768), (10242, 4, 1884214), (10251, 11, 2304518)]"
4494 "[(10092, 9, 438998), (10315, 4, 794803), (10320, 4, 1027538), (10320, 4, 1059771), (10320, 4, 1086336), (10320, 4, 1087224), (10259, 7, 1098661), (10176, 9, 1115057), (10092, 9, 1126895), (10032, 11, 1127096), (10064, 9, 1134288), (10073, 9, 1136889), (10315, 4, 1144939), (10073, 9, 1177381), (10032, 11, 1182106), (10153, 12, 1190463), (10176, 9, 1220464), (10315, 4, 1305465), (10242, 4, 1350080), (10211, 8, 1476594), (10211, 8, 1477319), (10073, 9, 2001772), (10455, 8, 2078684)]"
7579 "[(10032, 11, 444345), (10147, 10, 710125), (10147, 10, 793912), (10301, 13, 969104), (10147, 10, 1269175), (10147, 10, 1312262), (10147, 10, 1820019), (10147, 10, 1832150), (10408, 12, 2218684), (10016, 8, 2393012), (10670, 13, 2393657), (10670, 13, 2396166), (10670, 13, 2397474), (10016, 8, 2416899), (10016, 8, 2417533)]"
10475 "[(6111, 4, 448204), (282, 10, 596462), (7209, 1, 759210), (9388, 11, 1181942), (5945, 3, 1566659), (282, 10, 1599670), (282, 10, 1640107), (1561, 4, 2278412), (6163, 4, 2298855)]"
4521 "[(10237, 11, 458283), (10032, 11, 539304), (10222, 8, 596434), (10222, 8, 600456), (10054, 7, 773226), (10054, 7, 773854), (10054, 7, 774796), (10054, 7, 775542), (10032, 11, 779341), (10032, 11, 780334), (10032, 11, 780538), (10054, 7, 790650), (10054, 7, 1307230), (10196, 11, 1796529), (10196, 11, 1797264), (10092, 9, 1806279), (10054, 7, 1895609), (10237, 11, 1896560), (10237, 11, 1921977), (10008, 11, 2517001), (10008, 11, 2517598), (10222, 8, 2661658)]"
8368 "[(10032, 11, 459841), (10032, 11, 460706), (10088, 3, 463166), (10032, 11, 518647), (10032, 11, 519251), (10032, 11, 520609), (10032, 11, 531325), (10088, 3, 534405), (10332, 3, 636371), (10032, 11, 1136158), (10032, 11, 1136755), (10332, 3, 1218652), (10032, 11, 1288039), (10032, 11, 1288643), (10032, 11, 1381551), (10032, 11, 1382725), (10032, 11, 1488410), (10032, 11, 1489547), (10088, 3, 1490779), (10088, 3, 1491376), (10032, 11, 1493756), (10032, 11, 1496593), (10032, 11, 1574109), (10032, 11, 1574187), (10032, 11, 1574485), (10032, 11, 1639294), (10032, 11, 1643226)]"
10956 "[(3829, 4, 460212), (929, 7, 520697), (5194, 7, 796647), (3829, 4, 1112360)]"
8052 "[(10490, 9, 460928), (10490, 9, 460974), (10490, 9, 972012)]"
6047 "[(10019, 8, 464381), (10530, 12, 495245)]"
8391 "[(10118, 11, 467324), (10285, 7, 613176), (10009, 7, 806546), (10666, 10, 974599), (10090, 4, 995477), (10142, 1, 1062959), (10059, 1, 1131792), (10016, 8, 1171242), (10142, 1, 1307860), (10142, 1, 1310530), (10142, 1, 1334949), (10142, 1, 1505027), (10118, 11, 1514754), (10118, 11, 1514932), (10210, 4, 1586582), (10392, 7, 1841532), (10142, 1, 1898801), (10142, 1, 1914788), (10142, 1, 1914857), (10142, 1, 1922145), (10142, 1, 1925092), (10118, 11, 2075612), (10129, 10, 2297863), (10392, 7, 2433903), (10392, 7, 2437634), (10142, 1, 2440955), (10142, 1, 2443893), (10142, 1, 2447789), (10142, 1, 2448131), (10392, 7, 2517519), (10392, 7, 2520223), (10142, 1, 2520890), (10026, 5, 2521604), (10392, 7, 2521996), (10142, 1, 2542413), (10118, 11, 2556006)]"
8403 "[(10070, 13, 474154), (10032, 11, 514760), (10320, 4, 604958), (10032, 11, 639940), (10064, 9, 686622), (10049, 7, 820164), (10049, 7, 820770), (10032, 11, 833519), (10032, 11, 860325), (10032, 11, 1092029), (10032, 11, 1348096), (10064, 9, 1431257), (10064, 9, 1431747), (10032, 11, 1464432), (10032, 11, 1499712), (10054, 7, 1539183), (10316, 11, 1600255), (10049, 7, 1620681), (10054, 7, 1710621), (10316, 11, 1801195), (10032, 11, 1976720), (10032, 11, 2123461), (10032, 11, 2123532), (10316, 11, 2208930), (10032, 11, 2295978), (10412, 11, 2400018), (10412, 11, 2400874), (10316, 11, 2539781)]"
8408 "[(10091, 3, 476092)]"
10723 "[(7937, 9, 489218), (7584, 9, 844032), (3065, 7, 985010), (7937, 9, 1151416), (7480, 14, 1443438), (2428, 7, 1572450), (4626, 7, 1793656), (4626, 7, 1798092), (6915, 1, 1971236), (6305, 13, 2297134), (2428, 7, 2567598)]"
6719 "[(10548, 1, 495249), (10548, 1, 511512), (10548, 1, 820783), (10548, 1, 943757), (10548, 1, 993882), (10548, 1, 1106210), (10548, 1, 1228991), (10548, 1, 1472627), (10548, 1, 1784311), (10548, 1, 1951577), (10548, 1, 1962224), (10548, 1, 2042653), (10548, 1, 2412595)]"
7176 "[(10315, 4, 496123), (10327, 4, 825863), (10296, 9, 831033), (10156, 4, 1013718), (10054, 7, 1370785), (10114, 4, 1435514), (10296, 9, 1544117), (10327, 4, 1622953), (10000, 9, 1716295), (10114, 4, 1948861), (10874, 9, 1948992), (10296, 9, 1972531), (10162, 9, 2224038), (10114, 4, 2237628), (10538, 5, 2558733), (10296, 9, 2560886)]"
8475 "[(10088, 3, 498604), (10108, 3, 605747), (10024, 11, 799491), (10024, 11, 841350), (10024, 11, 931333), (10031, 14, 935246), (10024, 11, 1041075), (10024, 11, 1292733), (10024, 11, 1304221), (10024, 11, 1304453), (10024, 11, 1372648), (10032, 11, 1452028), (10032, 11, 1526865), (10016, 8, 1546991), (10024, 11, 1567842), (10024, 11, 1579817), (10024, 11, 1624780), (10156, 4, 1806113), (10024, 11, 1876349), (10054, 7, 1878735), (10054, 7, 1879570), (10024, 11, 1976834), (10786, 8, 2010283), (10024, 11, 2076021), (10024, 11, 2146587), (10941, 10, 2251561), (10024, 11, 2410108), (10024, 11, 2555841), (10791, 4, 2609024)]"
8482 "[(10176, 9, 500514), (10054, 7, 517969), (10032, 11, 830742), (10032, 11, 1733583), (10032, 11, 1778895), (10032, 11, 1798699), (10032, 11, 1799327), (10032, 11, 1904335), (10032, 11, 1954723), (10032, 11, 1968582), (10032, 11, 1969617), (10032, 11, 1970656), (10032, 11, 1971367), (10032, 11, 1972749), (10108, 3, 1973556), (10032, 11, 1974327), (10032, 11, 1976673), (10032, 11, 1977481), (10032, 11, 1986102), (10032, 11, 1990659), (10032, 11, 2039462), (10032, 11, 2044087), (10032, 11, 2044722), (10032, 11, 2047174), (10032, 11, 2052613), (10032, 11, 2149857), (10032, 11, 2150334), (10032, 11, 2151765), (10054, 7, 2158921), (10006, 5, 2165608), (10006, 5, 2165743), (10193, 7, 2166925), (10193, 7, 2167118), (10032, 11, 2167492), (10006, 5, 2221229), (10006, 5, 2224447), (10032, 11, 2226425), (10032, 11, 2244680), (10032, 11, 2247882), (10032, 11, 2249624), (10032, 11, 2400725), (10072, 9, 2403030), (10296, 9, 2405250), (10032, 11, 2410328), (10032, 11, 2410585), (10032, 11, 2410673), (10032, 11, 2410940)]"
8486 "[(10591, 1, 501693), (10234, 4, 729765), (10365, 1, 810371), (10365, 1, 817565), (10545, 14, 842482), (10274, 11, 911881), (10274, 11, 990740), (10274, 11, 1357793), (10274, 11, 1441786), (10274, 11, 1447639), (10234, 4, 1542281), (10274, 11, 1620742), (10182, 13, 1764106), (10032, 11, 1878460), (10032, 11, 1879629), (10234, 4, 1932438), (10182, 13, 2027900), (10274, 11, 2129139), (10274, 11, 2194943), (10365, 1, 2205256), (10365, 1, 2460092), (10545, 14, 2466530)]"
8491 "[(10032, 11, 502448), (10032, 11, 517530), (10032, 11, 519882), (10032, 11, 1227548), (10032, 11, 1227595), (10032, 11, 1227727), (10032, 11, 1228114), (10032, 11, 1228166), (10032, 11, 1578190), (10032, 11, 2353994), (10032, 11, 2354040), (10032, 11, 2358680), (10032, 11, 2358730), (10032, 11, 2358763), (10032, 11, 2361822), (10032, 11, 2362399), (10032, 11, 2362438), (10032, 11, 2362522), (10032, 11, 2362569), (10032, 11, 2362621), (10032, 11, 2363343), (10032, 11, 2380094), (10032, 11, 2380188), (10032, 11, 2628966), (10032, 11, 2629009)]"
5954 "[(10910, 4, 502521), (10121, 4, 682622), (10121, 4, 852418), (10392, 7, 2266325), (10392, 7, 2570480)]"
6367 "[(10634, 4, 509929), (10085, 10, 971715), (10085, 10, 1983978)]"
6082 "[(10072, 9, 515285)]"
6560 "[(10879, 8, 518735), (10024, 11, 943797)]"
8273 "[(10054, 7, 518928), (10237, 11, 1204023), (10237, 11, 1204634), (10073, 9, 2010180), (10005, 8, 2206170)]"
1106 "[(10054, 7, 521982), (10032, 11, 1983829), (10032, 11, 2224828), (10032, 11, 2492962)]"
8543 "[(10205, 7, 524506), (10054, 7, 611226), (10054, 7, 611827), (10054, 7, 616118), (10130, 13, 696475), (10054, 7, 698409), (10090, 4, 840218), (10072, 9, 1199754), (10320, 4, 1267964), (10320, 4, 1268752), (10054, 7, 1289791), (10484, 13, 1396524), (10054, 7, 1474986), (10054, 7, 1733545), (10032, 11, 1736864), (10374, 9, 1737463), (10193, 7, 1912274), (10054, 7, 1984346), (10270, 3, 2157180), (10072, 9, 2344944)]"
8448 "[(10091, 3, 531989), (10091, 3, 600773), (10091, 3, 711329), (10091, 3, 780718), (10091, 3, 783467), (10091, 3, 803261), (10091, 3, 844329), (10786, 8, 863104), (10094, 1, 865230), (10091, 3, 866658), (10091, 3, 871853), (10091, 3, 873091), (10091, 3, 892813), (10091, 3, 932046), (10091, 3, 936240), (10091, 3, 970698), (10091, 3, 1130256), (10094, 1, 1198025), (10094, 1, 1271472), (10091, 3, 1283041), (10091, 3, 1385664)]"
1770 "[(10331, 7, 532304), (10536, 4, 872437), (10266, 7, 1759908), (10307, 13, 1956270), (10921, 1, 2383521), (10106, 7, 2411740)]"
743 "[(10069, 1, 535077), (10069, 1, 777405), (10237, 11, 1220954), (10237, 11, 1567131), (10054, 7, 1783677), (10069, 1, 2164676), (10069, 1, 2172377)]"
8567 "[(10005, 8, 537401), (10005, 8, 642117), (10021, 15, 899126), (10006, 5, 1066802), (10006, 5, 1696007), (10006, 5, 1697233), (10006, 5, 1697915), (10012, 15, 1700545), (10040, 12, 1777118), (10029, 15, 1847065), (10029, 15, 1848344), (10029, 15, 1851345), (10012, 15, 1857775), (10690, 10, 1861397), (10016, 8, 1862035), (10006, 5, 2119291), (10012, 15, 2123110), (10006, 5, 2525362)]"
8574 "[(10032, 11, 539684), (10037, 5, 597380), (10037, 5, 597399), (10037, 5, 597420), (10037, 5, 597442), (10037, 5, 597482), (10037, 5, 597502), (10037, 5, 597520), (10037, 5, 597536), (10037, 5, 597573), (10037, 5, 597593), (10037, 5, 597613), (10037, 5, 597632), (10032, 11, 1040676), (10032, 11, 1142989), (10032, 11, 1207040), (10032, 11, 1207691), (10032, 11, 1216533), (10032, 11, 1216647), (10032, 11, 1216763), (10032, 11, 1349874), (10032, 11, 1495813), (10032, 11, 1495949), (10032, 11, 1496030), (10032, 11, 1496101), (10032, 11, 1496251), (10032, 11, 1637969), (10032, 11, 2514556), (10032, 11, 2514628), (10032, 11, 2514807), (10032, 11, 2514827), (10032, 11, 2515186)]"
8278 "[(10002, 0, 549829), (10002, 0, 751991), (10002, 0, 1111304), (10002, 0, 1123567), (10002, 0, 1154890), (10002, 0, 1253397), (10002, 0, 1449908), (10449, 15, 1506071), (10002, 0, 1582797), (10002, 0, 1595023), (10002, 0, 1609182), (10002, 0, 1948631), (10002, 0, 2045731), (10002, 0, 2217414), (10002, 0, 2222589), (10002, 0, 2230809), (10002, 0, 2298558), (10002, 0, 2308647), (10002, 0, 2327071), (10002, 0, 2469028), (10002, 0, 2494640), (10002, 0, 2500167), (10002, 0, 2632634)]"
8611 "[(10024, 11, 558326), (10032, 11, 654274), (10032, 11, 654373), (10032, 11, 654431), (10032, 11, 654487), (10032, 11, 654710), (10032, 11, 654741), (10032, 11, 654887), (10032, 11, 654954), (10032, 11, 655050), (10032, 11, 655098), (10032, 11, 655302), (10032, 11, 655553), (10032, 11, 664673), (10032, 11, 664716), (10032, 11, 664987), (10032, 11, 665046), (10032, 11, 842016), (10032, 11, 842465), (10032, 11, 842507), (10032, 11, 842735), (10032, 11, 842828), (10032, 11, 842934), (10032, 11, 843351), (10032, 11, 843703), (10032, 11, 2090297), (10598, 9, 2565443)]"
18 "[(10406, 11, 562676), (10106, 7, 782664), (10032, 11, 1119586), (10032, 11, 1463190), (10963, 10, 1789489), (10008, 11, 2147444), (10406, 11, 2245182), (10631, 7, 2385550), (10631, 7, 2387011), (10631, 7, 2422931), (10631, 7, 2494896), (10032, 11, 2652471)]"
4977 "[(10157, 5, 575148), (10157, 5, 1007588), (10157, 5, 1520399), (10157, 5, 1782790), (10157, 5, 1875840), (10157, 5, 2042634), (10157, 5, 2145176), (10157, 5, 2233807), (10157, 5, 2338281), (10157, 5, 2580970)]"
8520 "[(10554, 13, 575296), (10182, 13, 753897), (10032, 11, 956096), (10015, 13, 1202852), (10032, 11, 1701851), (10032, 11, 1724219), (10032, 11, 1724837), (10554, 13, 1725802), (10198, 11, 1763927), (10032, 11, 1767010), (10032, 11, 1780015), (10032, 11, 1780980), (10032, 11, 1781764), (10032, 11, 1782727), (10032, 11, 1871560), (10032, 11, 1872422), (10032, 11, 1872911), (10032, 11, 1873586), (10032, 11, 1958990), (10032, 11, 1987847), (10592, 14, 2054441), (10032, 11, 2415021), (10554, 13, 2415709), (10032, 11, 2506144), (10032, 11, 2582960), (10032, 11, 2597104), (10032, 11, 2670941), (10032, 11, 2672496)]"
8662 "[(10446, 15, 577594), (10559, 13, 1534558), (10559, 13, 1698733), (10032, 11, 1971978), (10651, 12, 1971986), (10196, 11, 1972583), (10222, 8, 2063790), (10222, 8, 2225628), (10222, 8, 2234765), (10222, 8, 2326298), (10222, 8, 2327652), (10222, 8, 2407031), (10222, 8, 2409505), (10222, 8, 2422130), (10222, 8, 2424003), (10222, 8, 2431135), (10222, 8, 2473505), (10222, 8, 2493293), (10222, 8, 2502718), (10222, 8, 2575368), (10222, 8, 2594188), (10222, 8, 2639047), (10664, 13, 2649427), (10222, 8, 2676403), (10222, 8, 2678113)]"
7465 "[(10322, 13, 586161), (10581, 13, 690229), (10309, 13, 753744), (10442, 1, 793687), (10322, 13, 863671), (10442, 1, 864690), (10581, 13, 953648), (10062, 1, 1188509), (10442, 1, 1223132), (10917, 4, 1364836), (10581, 13, 1393669), (10124, 15, 1544729), (10324, 1, 1865811), (10324, 1, 2070580), (10266, 7, 2403102), (10442, 1, 2410505), (10442, 1, 2514241), (10309, 13, 2594839), (10124, 15, 2668516), (10124, 15, 2672518)]"
4816 "[(10092, 9, 589387), (10053, 11, 612797), (10023, 1, 613423), (10023, 1, 658400), (10023, 1, 1015516), (10053, 11, 1025232), (10032, 11, 1105379), (10032, 11, 1108686), (10032, 11, 1330968), (10032, 11, 1346782), (10049, 7, 1355849), (10174, 9, 1356450), (10092, 9, 1368724), (10032, 11, 1370287), (10006, 5, 1399962), (10006, 5, 1429237), (10006, 5, 1527240), (10006, 5, 1527874), (10031, 14, 1614809), (10006, 5, 1730772), (10237, 11, 1799883), (10023, 1, 1803668), (10538, 5, 1810981), (10015, 13, 1811589), (10482, 13, 1931631), (10032, 11, 1933814), (10064, 9, 1941507), (10064, 9, 1942637), (10237, 11, 2100006), (10237, 11, 2100176), (10032, 11, 2100771), (10015, 13, 2191666), (10054, 7, 2480068), (10019, 8, 2559259)]"
178 "[(10234, 4, 590070), (10018, 7, 1124527), (10873, 12, 1289770), (10107, 4, 1848535), (10376, 9, 2573842)]"
8707 "[(10219, 10, 599517), (10219, 10, 599588), (10750, 5, 599920), (10005, 8, 611279), (10939, 9, 675131), (10019, 8, 786374), (10211, 8, 787472), (10019, 8, 825108), (10211, 8, 835022), (10038, 14, 923160), (10033, 15, 923313), (10019, 8, 928725), (10005, 8, 955626), (10211, 8, 1010876), (10211, 8, 1014634), (10211, 8, 1015716), (10538, 5, 1018971), (10054, 7, 1039975), (10761, 9, 1195399), (10211, 8, 1198592), (10031, 14, 1198666), (10016, 8, 1199642), (10100, 9, 1205871), (10033, 15, 1277030), (10016, 8, 1464362), (10033, 15, 1629486), (10032, 11, 1689436), (10272, 15, 2406926), (10272, 15, 2407276)]"
7507 "[(10178, 3, 604440), (10178, 3, 651523)]"
8720 "[(10024, 11, 606567), (10024, 11, 624466), (10024, 11, 629354), (10206, 7, 677483), (10206, 7, 678482), (10032, 11, 797983), (10352, 1, 864550), (10352, 1, 867480), (10054, 7, 880293), (10024, 11, 969380), (10032, 11, 1041667), (10024, 11, 1152299), (10024, 11, 1227667), (10024, 11, 1229940), (10024, 11, 1232139), (10024, 11, 1574640), (10024, 11, 1577454), (10352, 1, 1836953), (10024, 11, 1860249), (10024, 11, 1989811), (10305, 4, 2426007), (10024, 11, 2486369), (10205, 7, 2604397)]"
8718 "[(10018, 7, 610839), (10018, 7, 758935), (10018, 7, 856217), (10018, 7, 1078529), (10032, 11, 1133180), (10018, 7, 1467705), (10746, 10, 1701591), (10018, 7, 1717819), (10032, 11, 1733628), (10745, 4, 1818143), (10745, 4, 1819092), (10320, 4, 2000034)]"
5292 "[(10521, 13, 618383), (10019, 8, 2403107)]"
3659 "[(10091, 3, 621417), (10091, 3, 2385859)]"
2325 "[(10154, 8, 635535), (10154, 8, 636727), (10969, 1, 1865271), (10721, 4, 2657594), (10072, 9, 2658238)]"
10916 "[(4998, 5, 636493), (3339, 2, 811917), (3081, 10, 1207807), (4960, 7, 1475418), (4960, 7, 1477942), (4880, 9, 1669936), (3081, 10, 1692944), (2603, 9, 1769663), (6246, 8, 2083697), (9899, 4, 2106386), (5581, 9, 2125511), (5581, 9, 2205856), (3081, 10, 2413082), (5581, 9, 2664555), (5581, 9, 2666700)]"
2756 "[(10646, 4, 648045), (10565, 1, 1252844), (10486, 11, 1425648)]"
4151 "[(10393, 15, 655639), (10053, 11, 665808), (10049, 7, 1180905), (10147, 10, 1826501), (10090, 4, 2404001)]"
10741 "[(8658, 14, 656643), (6795, 13, 1223103), (4648, 4, 1593667), (4648, 4, 1893990), (4648, 4, 2014649)]"
1 "[(10347, 1, 658879), (10503, 13, 837473), (10592, 14, 2272114)]"
2888 "[(10015, 13, 660140), (10015, 13, 671667), (10015, 13, 684281), (10015, 13, 779227), (10015, 13, 780346), (10015, 13, 960106), (10544, 7, 1027347), (10083, 15, 1392029), (10047, 13, 1393668), (10032, 11, 1460719), (10436, 11, 1478503), (10533, 3, 1686076), (10436, 11, 1828224), (10436, 11, 1904743), (10533, 3, 1959942), (10436, 11, 2070599), (10533, 3, 2239160), (10436, 11, 2255173), (10294, 12, 2301062), (10015, 13, 2509090), (10533, 3, 2643635)]"
534 "[(10315, 4, 663689), (10306, 9, 2333772)]"
7519 "[(10059, 1, 673856), (10032, 11, 1188466)]"
804 "[(10033, 15, 694551), (10092, 9, 839685), (10037, 5, 855200), (10031, 14, 968951), (10050, 9, 2171626)]"
714 "[(10243, 8, 698017), (10459, 1, 782005), (10522, 4, 874763), (10522, 4, 1974795), (10522, 4, 2162529), (10522, 4, 2663300)]"
5086 "[(10177, 7, 701025), (10092, 9, 702255), (10197, 13, 997820), (10534, 9, 1117330), (10177, 7, 1119905), (10177, 7, 1214901), (10643, 7, 1575467)]"
8872 "[(10024, 11, 705206), (10624, 3, 706382), (10561, 3, 726608), (10393, 15, 727308), (10624, 3, 731019), (10024, 11, 745119), (10624, 3, 746375), (10393, 15, 747027), (10054, 7, 747669), (10624, 3, 748284), (10024, 11, 749618), (10791, 4, 770844), (10024, 11, 771617), (10360, 11, 911526), (10009, 7, 940628), (10393, 15, 941257), (10054, 7, 973973), (10024, 11, 978163), (10024, 11, 982014), (10054, 7, 984756), (10237, 11, 988042), (10064, 9, 997593), (10253, 1, 998196), (10360, 11, 999150), (10024, 11, 1006747), (10393, 15, 1007274), (10024, 11, 1024287), (10490, 9, 1028321), (10124, 15, 1029108), (10006, 5, 1036504), (10017, 3, 1043936), (10024, 11, 1064777), (10024, 11, 1066114), (10024, 11, 1070202), (10124, 15, 1070495), (10490, 9, 1071599), (10393, 15, 1072405), (10393, 15, 1076414), (10360, 11, 1085809), (10048, 15, 1089748), (10024, 11, 1090847), (10024, 11, 1092184), (10366, 10, 1096828), (10360, 11, 1097456)]"
8886 "[(10032, 11, 712238), (10032, 11, 713089), (10032, 11, 713728), (10032, 11, 715425), (10032, 11, 716247), (10032, 11, 720292), (10032, 11, 849855), (10032, 11, 850713), (10446, 15, 1096922), (10032, 11, 1219214), (10032, 11, 1224274), (10015, 13, 1311295), (10032, 11, 1835586), (10032, 11, 1838300), (10032, 11, 1842229), (10493, 11, 1991015), (10032, 11, 2090316), (10032, 11, 2165294), (10032, 11, 2408782), (10032, 11, 2526057), (10032, 11, 2526651), (10032, 11, 2573281), (10032, 11, 2573851), (10032, 11, 2574263), (10032, 11, 2574764), (10032, 11, 2575009), (10032, 11, 2658078), (10032, 11, 2660798)]"
4708 "[(10838, 3, 724107), (10838, 3, 725014), (10432, 10, 1425623), (10324, 1, 1479532), (10442, 1, 1658026), (10384, 2, 2271017), (10384, 2, 2347197)]"
7258 "[(10320, 4, 745169), (10072, 9, 1604045), (10462, 7, 1691654), (10331, 7, 1915144), (10229, 9, 2251022)]"
6598 "[(10032, 11, 747178), (10032, 11, 757360), (10022, 9, 952777), (10032, 11, 1273041), (10032, 11, 1304479), (10708, 4, 1305095), (10316, 11, 1305547), (10316, 11, 1354209), (10032, 11, 1430302), (10397, 10, 1443835), (10072, 9, 1526496), (10316, 11, 1631387), (10072, 9, 1640113), (10015, 13, 1688326)]"
6292 "[(10054, 7, 757201), (10032, 11, 907063), (10032, 11, 907666), (10032, 11, 908273), (10072, 9, 1014812), (10153, 12, 1242350), (10015, 13, 2491688)]"
8987 "[(10032, 11, 764543), (10032, 11, 765577), (10032, 11, 766258), (10032, 11, 767067), (10032, 11, 767665), (10032, 11, 768536), (10032, 11, 769256), (10032, 11, 769856), (10032, 11, 770729), (10032, 11, 771476), (10032, 11, 772443), (10032, 11, 772883), (10032, 11, 773067), (10032, 11, 774761), (10005, 8, 776258), (10032, 11, 781493), (10032, 11, 781705), (10032, 11, 781932), (10032, 11, 782091), (10032, 11, 782235), (10032, 11, 782402), (10076, 7, 782773), (10032, 11, 783133), (10032, 11, 783259), (10076, 7, 783655), (10076, 7, 785709), (10032, 11, 792122), (10076, 7, 795056), (10076, 7, 795189), (10054, 7, 795391), (10032, 11, 840559), (10032, 11, 840808), (10005, 8, 1131430), (10176, 9, 1430510), (10032, 11, 1430687), (10032, 11, 1454784), (10032, 11, 1455518), (10032, 11, 1456270), (10032, 11, 1457132), (10032, 11, 1457921), (10032, 11, 1457951), (10032, 11, 1458157), (10032, 11, 1458498), (10032, 11, 1539127), (10032, 11, 1539190), (10032, 11, 1544869), (10032, 11, 1545806), (10032, 11, 1546587), (10032, 11, 1547607), (10032, 11, 1547699), (10032, 11, 1550330), (10032, 11, 1550494), (10053, 11, 1550725), (10032, 11, 1551710), (10032, 11, 1593337), (10032, 11, 1593635), (10005, 8, 1961474), (10316, 11, 1987092), (10032, 11, 2153804), (10032, 11, 2154203), (10032, 11, 2154534), (10032, 11, 2155186), (10032, 11, 2155353)]"
158 "[(10032, 11, 765542), (10921, 1, 1585232), (10921, 1, 1585977), (10677, 1, 1820755), (10193, 7, 2642502)]"
1172 "[(10193, 7, 767135), (10332, 3, 770160), (10332, 3, 778643)]"
4229 "[(10875, 13, 770771), (10222, 8, 1540200), (10024, 11, 2290999)]"
9006 "[(10053, 11, 781297), (10032, 11, 1067630), (10198, 11, 2433682)]"
6933 "[(10205, 7, 788722), (10020, 2, 1115590), (10020, 2, 1258048), (10020, 2, 1368858), (10020, 2, 1517498), (10020, 2, 1612457), (10020, 2, 1706322), (10020, 2, 1805993), (10020, 2, 1882979), (10020, 2, 2133718), (10020, 2, 2480147)]"
2813 "[(10494, 7, 818255)]"
9049 "[(10176, 9, 820641), (10793, 4, 847292), (10176, 9, 924708), (10347, 1, 974093), (10347, 1, 974806), (10176, 9, 1008930), (10347, 1, 1097217), (10341, 2, 1238157), (10341, 2, 1239210), (10417, 9, 1246875), (10222, 8, 1249735), (10176, 9, 1258578), (10222, 8, 1584369), (10176, 9, 1584541), (10176, 9, 1790257), (10278, 9, 1830658), (10417, 9, 2173413), (10176, 9, 2182611), (10176, 9, 2270786), (10278, 9, 2279757), (10341, 2, 2608634), (10176, 9, 2638669), (10278, 9, 2651344), (10158, 8, 2651382)]"
5331 "[(10090, 4, 821851), (10121, 4, 821946), (10363, 7, 874708), (10129, 10, 957883), (10103, 3, 1060290), (10129, 10, 1129814), (10363, 7, 1409902), (10666, 10, 1469935), (10129, 10, 1469970), (10657, 9, 1512943), (10154, 8, 1667967), (10129, 10, 2074894), (10129, 10, 2512866), (10129, 10, 2513017)]"
2906 "[(10330, 10, 826810), (10841, 1, 831304), (10330, 10, 850669)]"
4332 "[(10032, 11, 831893), (10175, 13, 1051272), (10183, 13, 1051944), (10836, 7, 2211486), (10278, 9, 2226183)]"
4140 "[(10301, 13, 835876)]"
274 "[(10398, 4, 841943)]"
8283 "[(10217, 10, 849833), (10009, 7, 1022229), (10036, 12, 1202768), (10310, 3, 1373106), (10233, 2, 1373302), (10025, 3, 1373585), (10111, 7, 1542815), (10310, 3, 1543110), (10233, 2, 1543143), (10161, 2, 1620620), (10181, 2, 1620640), (10233, 2, 1620668), (10310, 3, 1620692), (10668, 4, 1630972), (10773, 5, 1669229), (10773, 5, 1669813), (10319, 12, 1877242), (10214, 9, 1897857), (10310, 3, 1975158), (10310, 3, 2150126), (10310, 3, 2319624), (10310, 3, 2495988), (10310, 3, 2573445), (10310, 3, 2670391)]"
1400 "[(10111, 7, 851623), (10266, 7, 1201327), (10176, 9, 1821787), (10324, 1, 1979455)]"
6802 "[(10290, 9, 852890), (10790, 7, 859562), (10204, 1, 1174745), (10791, 4, 1306847), (10290, 9, 1473944), (10873, 12, 1905444), (10032, 11, 1906252), (10032, 11, 1907068), (10790, 7, 1969711), (10645, 12, 1973518), (10032, 11, 1982364), (10204, 1, 1991480), (10032, 11, 2242416), (10032, 11, 2243052)]"
41 "[(10638, 7, 862089), (10638, 7, 862691), (10103, 3, 2327811)]"
7534 "[(10352, 1, 863003)]"
9117 "[(10118, 11, 863559), (10032, 11, 951697), (10118, 11, 954896), (10152, 8, 959801), (10032, 11, 965719), (10072, 9, 1030196), (10118, 11, 1034342), (10118, 11, 1172020), (10118, 11, 1202346), (10032, 11, 1203369), (10032, 11, 1204213), (10032, 11, 1209739), (10032, 11, 1291331), (10118, 11, 1374316), (10118, 11, 1477117), (10032, 11, 1479015), (10032, 11, 1504830), (10032, 11, 1541523), (10118, 11, 1549471), (10032, 11, 1550317), (10397, 10, 1550323), (10118, 11, 1551161), (10132, 15, 1552975), (10032, 11, 1563543), (10072, 9, 1564656), (10032, 11, 1566243), (10072, 9, 1622074), (10118, 11, 1637780), (10253, 1, 1639075), (10092, 9, 1644062), (10032, 11, 1654121), (10032, 11, 1654155), (10092, 9, 1656772), (10032, 11, 1658148), (10032, 11, 1668546), (10246, 8, 1682944), (10032, 11, 1683316), (10032, 11, 1752784), (10118, 11, 1753127), (10032, 11, 2165597)]"
2346 "[(10301, 13, 869550), (10301, 13, 894437), (10301, 13, 976460), (10250, 12, 979771), (10301, 13, 1125577), (10301, 13, 1125740), (10301, 13, 1302850), (10206, 7, 1555892), (10301, 13, 2085090), (10301, 13, 2158588), (10301, 13, 2158641), (10301, 13, 2158666)]"
8313 "[(10319, 12, 875686), (10054, 7, 914195), (10054, 7, 953958), (10054, 7, 1134342), (10269, 3, 1144432), (10319, 12, 1200608), (10269, 3, 1217958), (10156, 4, 1397206), (10054, 7, 1731405), (10269, 3, 1814711), (10269, 3, 1918323), (10306, 9, 1918634), (10830, 4, 1918835), (10009, 7, 1918947), (10072, 9, 1919235), (10830, 4, 2170269), (10320, 4, 2178163), (10269, 3, 2415937), (10830, 4, 2423419), (10830, 4, 2483903), (10072, 9, 2487290), (10092, 9, 2591889)]"
9147 "[(10032, 11, 884470), (10032, 11, 887690), (10032, 11, 888971), (10032, 11, 912279), (10032, 11, 951390), (10007, 11, 969264), (10032, 11, 1021344), (10032, 11, 1029360), (10032, 11, 1033300), (10032, 11, 1037555), (10032, 11, 1042440), (10032, 11, 1048730), (10032, 11, 1105075), (10032, 11, 1134877), (10032, 11, 1148676), (10032, 11, 1206614), (10032, 11, 1386418), (10250, 12, 2065984), (10032, 11, 2074888), (10032, 11, 2121726), (10032, 11, 2125398), (10032, 11, 2171216), (10032, 11, 2176586), (10032, 11, 2209921), (10032, 11, 2222667), (10032, 11, 2242915), (10032, 11, 2249421), (10032, 11, 2297519), (10032, 11, 2330358), (10032, 11, 2390759), (10032, 11, 2398139), (10032, 11, 2431487), (10032, 11, 2506510)]"
10973 "[(3364, 11, 894777), (3364, 11, 897087), (5028, 4, 1725741), (3364, 11, 1980960), (9716, 9, 2305646)]"
8417 "[(10002, 0, 896673), (10002, 0, 934336), (10002, 0, 1413113), (10002, 0, 1711331), (10002, 0, 1792005), (10002, 0, 1807185), (10002, 0, 1811287), (10002, 0, 1848427), (10002, 0, 1898523), (10002, 0, 1898611), (10002, 0, 1947181), (10002, 0, 1950471), (10002, 0, 1951895), (10002, 0, 1969337), (10002, 0, 1971909), (10002, 0, 1981493), (10002, 0, 1984309), (10002, 0, 2019311), (10002, 0, 2026642), (10002, 0, 2050259), (10002, 0, 2063225), (10002, 0, 2114389), (10002, 0, 2206457), (10002, 0, 2288352), (10002, 0, 2311366), (10002, 0, 2329647), (10002, 0, 2335048), (10002, 0, 2370377), (10002, 0, 2375892), (10002, 0, 2410017), (10002, 0, 2412069), (10002, 0, 2457439), (10002, 0, 2463604), (10002, 0, 2483476), (10002, 0, 2502029), (10002, 0, 2505983), (10002, 0, 2555507), (10002, 0, 2558993), (10002, 0, 2584376), (10002, 0, 2587996), (10002, 0, 2653049), (10002, 0, 2654235), (10002, 0, 2655260), (10002, 0, 2655330), (10002, 0, 2659933), (10002, 0, 2673032), (10002, 0, 2677744)]"
9211 "[(10002, 0, 932675), (10002, 0, 941864), (10002, 0, 941910), (10002, 0, 1034985), (10002, 0, 1035066), (10002, 0, 1163325), (10002, 0, 1167994), (10002, 0, 1169970), (10002, 0, 1176837), (10002, 0, 1190132), (10002, 0, 1190554), (10002, 0, 1194803), (10002, 0, 1214682), (10002, 0, 1261432), (10002, 0, 1270431), (10002, 0, 1270478), (10002, 0, 1278434), (10002, 0, 1286043), (10002, 0, 1287657), (10002, 0, 1353552), (10002, 0, 1372779), (10002, 0, 1373938), (10002, 0, 1440506), (10002, 0, 1444446), (10002, 0, 1446390), (10002, 0, 1509942), (10002, 0, 1511597), (10002, 0, 1514258), (10002, 0, 1522834), (10002, 0, 1803819), (10002, 0, 1811616)]"
7569 "[(10101, 7, 948935)]"
9144 "[(10384, 2, 950976), (10384, 2, 951595), (10147, 10, 970852), (10384, 2, 1925782), (10384, 2, 2181313)]"
10952 "[(537, 13, 954947), (537, 13, 1540350)]"
9227 "[(10408, 12, 957970), (10053, 11, 958594), (10246, 8, 960166), (10318, 1, 1725039), (10072, 9, 1776108), (10318, 1, 1777796), (10015, 13, 1786263), (10072, 9, 1892659), (10049, 7, 1900220), (10055, 15, 1900830), (10049, 7, 1901443), (10125, 3, 1902053), (10072, 9, 1902480), (10125, 3, 1902652), (10125, 3, 1903292), (10072, 9, 1903490), (10072, 9, 1905842), (10072, 9, 1906232), (10015, 13, 2112245), (10015, 13, 2113106), (10053, 11, 2113790), (10408, 12, 2114647), (10246, 8, 2115256), (10076, 7, 2205031), (10408, 12, 2429066), (10247, 10, 2429751), (10053, 11, 2430436), (10247, 10, 2587300)]"
1564 "[(10142, 1, 960680), (10142, 1, 1309784), (10768, 1, 1744092), (10766, 1, 1746261), (10142, 1, 1820008), (10142, 1, 1820247), (10142, 1, 1875910), (10142, 1, 1876016)]"
2365 "[(10253, 1, 965993), (10266, 7, 1729532)]"
9284 "[(10076, 7, 996315), (10114, 4, 1114106), (10076, 7, 1782225), (10090, 4, 2177448), (10090, 4, 2471230), (10090, 4, 2518642), (10076, 7, 2606913)]"
9057 "[(10018, 7, 1000129), (10018, 7, 1000976), (10018, 7, 1051535), (10060, 1, 1527707), (10060, 1, 1786248), (10060, 1, 1798748), (10060, 1, 1995102), (10146, 12, 2150640), (10703, 7, 2425004), (10703, 7, 2425866)]"
8330 "[(10643, 7, 1001215), (10354, 1, 1016736)]"
7737 "[(10442, 1, 1003059), (10124, 15, 1259041), (10592, 14, 1875703), (10442, 1, 2071814), (10442, 1, 2158624), (10077, 14, 2234812), (10442, 1, 2297371), (10220, 1, 2300665), (10442, 1, 2410370), (10220, 1, 2415151)]"
3706 "[(10425, 10, 1017001)]"
8279 "[(10032, 11, 1017465), (10092, 9, 1124962), (10054, 7, 1193710), (10045, 12, 1436304), (10032, 11, 1938021)]"
9322 "[(10157, 5, 1029452), (10157, 5, 1030075), (10157, 5, 1030715), (10114, 4, 2322979), (10210, 4, 2323642), (10253, 1, 2324260), (10004, 11, 2325497), (10320, 4, 2327319), (10343, 4, 2328980), (10343, 4, 2329581), (10343, 4, 2330178), (10032, 11, 2370838), (10237, 11, 2371468), (10345, 11, 2372088), (10237, 11, 2372731), (10237, 11, 2373329), (10647, 14, 2384429), (10004, 11, 2385766), (10032, 11, 2398138), (10024, 11, 2400042), (10345, 11, 2400786), (10237, 11, 2407980), (10237, 11, 2408578), (10237, 11, 2459737), (10345, 11, 2459766), (10345, 11, 2468719), (10237, 11, 2468795), (10237, 11, 2469397), (10004, 11, 2471115)]"
8807 "[(10054, 7, 1034295), (10032, 11, 1049475), (10032, 11, 1092639), (10032, 11, 1434561), (10054, 7, 1439478), (10054, 7, 1467324), (10032, 11, 1467427), (10032, 11, 1475232), (10032, 11, 1480959), (10032, 11, 1482311), (10540, 4, 1609581), (10540, 4, 1613675), (10540, 4, 1655492), (10599, 4, 1829283), (10090, 4, 1829604), (10054, 7, 1831662), (10054, 7, 1832171), (10054, 7, 1867918), (10032, 11, 1867991), (10054, 7, 2172471), (10540, 4, 2404778), (10685, 9, 2433000), (10121, 4, 2438220)]"
9050 "[(10152, 8, 1041243), (10493, 11, 1077765), (10493, 11, 1089876), (10032, 11, 1090885), (10032, 11, 1091528), (10032, 11, 1092241), (10032, 11, 1097423), (10032, 11, 1168929), (10032, 11, 1169588), (10032, 11, 1170411), (10032, 11, 1340598), (10032, 11, 1341198), (10493, 11, 1702046), (10142, 1, 2352528), (10413, 8, 2648150)]"
3779 "[(10432, 10, 1043475), (10478, 4, 1127187), (10478, 4, 1127785), (10771, 13, 1374088), (10176, 9, 2079249)]"
9336 "[(10149, 7, 1044604), (10149, 7, 1059012), (10088, 3, 1111932), (10024, 11, 1114700), (10149, 7, 1118605), (10032, 11, 1119332), (10024, 11, 1186901), (10149, 7, 1201404), (10120, 11, 1324022), (10032, 11, 1325047), (10149, 7, 1325713), (10032, 11, 1478280), (10032, 11, 1479111), (10032, 11, 1480873), (10032, 11, 1482478), (10032, 11, 1482587), (10032, 11, 1488021), (10032, 11, 1490337), (10032, 11, 1493321), (10106, 7, 2231384), (10032, 11, 2265600), (10032, 11, 2418673), (10032, 11, 2420160), (10032, 11, 2420430), (10032, 11, 2421770), (10032, 11, 2426822), (10149, 7, 2427721), (10032, 11, 2483737)]"
9338 "[(10121, 4, 1045316), (10121, 4, 1046037), (10121, 4, 1887473), (10371, 13, 1888418), (10121, 4, 1889142), (10121, 4, 1889748), (10090, 4, 1890386), (10540, 4, 1891196), (10060, 1, 1893295), (10121, 4, 1910686), (10540, 4, 1911080), (10050, 9, 1912718), (10032, 11, 1978102), (10032, 11, 1980987), (10032, 11, 1981627), (10072, 9, 1982290), (10053, 11, 1985533), (10393, 15, 1987696), (10072, 9, 1989356), (10072, 9, 2026069), (10232, 9, 2050464), (10395, 9, 2052651), (10121, 4, 2053891), (10050, 9, 2055264), (10121, 4, 2069205), (10121, 4, 2073044), (10540, 4, 2073240), (10121, 4, 2079289), (10121, 4, 2079381), (10540, 4, 2079412), (10259, 7, 2080163), (10648, 4, 2082302)]"
1923 "[(10124, 15, 1068222), (10263, 10, 1246247), (10776, 4, 2614565)]"
6173 "[(10817, 2, 1095030)]"
9389 "[(10072, 9, 1097759)]"
8843 "[(10147, 10, 1117392), (10147, 10, 1133633), (10007, 11, 1138588), (10108, 3, 1268993), (10139, 3, 1989872), (10366, 10, 2147913)]"
3468 "[(10581, 13, 1118859), (10581, 13, 1263749), (10182, 13, 1474104)]"
8385 "[(10493, 11, 1126717), (10618, 13, 1406118), (10748, 14, 1462885), (10618, 13, 1470137), (10838, 3, 1472036), (10838, 3, 1473353), (10032, 11, 1824957), (10032, 11, 1825630), (10032, 11, 1826557), (10446, 15, 1995191), (10838, 3, 2056970), (10004, 11, 2516993), (10748, 14, 2601455), (10748, 14, 2602638)]"
9425 "[(10072, 9, 1137093), (10176, 9, 1141353), (10176, 9, 1179361), (10174, 9, 1209441), (10174, 9, 1240645), (10174, 9, 1251599), (10176, 9, 1296734), (10229, 9, 1333351), (10229, 9, 1384597), (10229, 9, 1672130), (10019, 8, 1676861), (10229, 9, 1743750), (10176, 9, 1912570), (10019, 8, 1937050), (10019, 8, 1943485), (10174, 9, 2078534), (10174, 9, 2107375), (10216, 13, 2188030), (10216, 13, 2217749), (10216, 13, 2271328)]"
9433 "[(10015, 13, 1152896), (10182, 13, 1207906), (10059, 1, 1215183), (10015, 13, 1215875), (10085, 10, 1578921), (10059, 1, 1602165), (10085, 10, 1603367), (10860, 13, 1689707), (10059, 1, 1771087), (10059, 1, 1771689), (10059, 1, 2218161), (10059, 1, 2522552), (10220, 1, 2528304), (10442, 1, 2529092), (10059, 1, 2607559), (10015, 13, 2611343)]"
254 "[(10631, 7, 1179531), (10288, 4, 2162346)]"
9464 "[(10040, 12, 1185520), (10040, 12, 1810591), (10040, 12, 1811189), (10040, 12, 1811876), (10467, 10, 2413360), (10467, 10, 2414068)]"
9466 "[(10345, 11, 1187745), (10345, 11, 1191410), (10032, 11, 1195332), (10032, 11, 1197536), (10032, 11, 1219849), (10032, 11, 1220447), (10345, 11, 1298139), (10139, 3, 1300162), (10139, 3, 1300797), (10032, 11, 1373464), (10032, 11, 1374091), (10345, 11, 1496134), (10237, 11, 1496725), (10345, 11, 1504394), (10004, 11, 1548604), (10004, 11, 1572160), (10345, 11, 1674296), (10530, 12, 1674719), (10345, 11, 1733900), (10032, 11, 1768903), (10345, 11, 1770313), (10004, 11, 1831113), (10345, 11, 1840393), (10345, 11, 1840561), (10149, 7, 1841297), (10345, 11, 1867229), (10647, 14, 2065884), (10004, 11, 2066492), (10004, 11, 2070574)]"
9456 "[(10000, 9, 1188015), (10214, 9, 1209816), (10006, 5, 1510192), (10006, 5, 1519984), (10214, 9, 1528031), (10000, 9, 1531603), (10006, 5, 1532206), (10038, 14, 1533655), (10273, 11, 1534888), (10040, 12, 1535891), (10569, 3, 1538244), (10273, 11, 1538948), (10038, 14, 1552389), (10031, 14, 1553879), (10510, 2, 1554499), (10019, 8, 1561504), (10021, 15, 1607474), (10016, 8, 1612638), (10214, 9, 2036359), (10176, 9, 2225850), (10038, 14, 2319310), (10040, 12, 2321411), (10033, 15, 2322965), (10216, 13, 2550112), (10176, 9, 2595364)]"
9101 "[(10910, 4, 1189121), (10237, 11, 2318761), (10237, 11, 2468867), (10024, 11, 2470314), (10146, 12, 2471433)]"
9127 "[(10909, 10, 1190194)]"
7827 "[(10032, 11, 1198822), (10032, 11, 1198960), (10032, 11, 1201568), (10032, 11, 1202420), (10032, 11, 1229747), (10859, 9, 1443625), (10565, 1, 1526214), (10032, 11, 1539895), (10032, 11, 1540021), (10032, 11, 1540529), (10032, 11, 1541281), (10032, 11, 1541309), (10032, 11, 1542916), (10574, 1, 1705196), (10253, 1, 1768345), (10253, 1, 1768411), (10253, 1, 1918057)]"
369 "[(10111, 7, 1202878)]"
5054 "[(10220, 1, 1206066), (10521, 13, 1301665), (10442, 1, 1503776), (10182, 13, 1555269), (10516, 1, 2400927), (10516, 1, 2401807)]"
1554 "[(10593, 7, 1209987), (10032, 11, 2568230)]"
8671 "[(10204, 1, 1228608), (10237, 11, 1539197), (10237, 11, 1577558), (10204, 1, 1712517), (10204, 1, 1751080), (10204, 1, 2164150), (10048, 15, 2674830)]"
1503 "[(10151, 14, 1233038)]"
9514 "[(10032, 11, 1241726), (10237, 11, 1242347), (10064, 9, 1242937), (10064, 9, 1306397), (10019, 8, 1309289), (10019, 8, 1309906), (10376, 9, 1310606), (10054, 7, 1341096), (10054, 7, 1341944), (10154, 8, 1387294), (10019, 8, 1412175), (10019, 8, 1412352), (10154, 8, 1430116), (10032, 11, 1460103), (10196, 11, 1470272), (10053, 11, 1555249), (10019, 8, 1646502), (10053, 11, 1647230), (10019, 8, 1647468), (10154, 8, 1656806), (10019, 8, 1736480), (10064, 9, 1827039), (10064, 9, 1870315), (10015, 13, 1924373), (10196, 11, 1925387), (10196, 11, 2002383), (10196, 11, 2171454)]"
9520 "[(10310, 3, 1247836), (10202, 1, 1248443), (10222, 8, 1283962), (10025, 3, 1285815), (10019, 8, 1300484), (10031, 14, 1303014), (10025, 3, 1316537), (10025, 3, 1317135), (10025, 3, 1372289), (10025, 3, 1373619), (10202, 1, 1387242), (10025, 3, 1485041), (10302, 2, 1493588), (10072, 9, 1497737), (10218, 1, 1501253), (10072, 9, 1566796), (10222, 8, 1579574), (10302, 2, 1580321), (10218, 1, 1581741), (10019, 8, 1642960), (10348, 8, 1644293), (10044, 13, 1646981), (10025, 3, 1651178), (10025, 3, 1651884), (10019, 8, 1662679), (10031, 14, 1663632), (10015, 13, 1673756), (10016, 8, 1831481), (10019, 8, 1879616), (10026, 5, 1903825), (10016, 8, 1926181), (10019, 8, 1946486), (10047, 13, 1991230), (10107, 4, 1991837), (10107, 4, 1993373), (10016, 8, 1994670), (10072, 9, 1998429), (10072, 9, 2001537), (10031, 14, 2010124), (10016, 8, 2017097), (10031, 14, 2026068), (10025, 3, 2035909), (10019, 8, 2056807), (10031, 14, 2057553), (10000, 9, 2058351), (10015, 13, 2084561), (10015, 13, 2174570), (10064, 9, 2216214), (10019, 8, 2304348), (10015, 13, 2351136), (10015, 13, 2368419), (10015, 13, 2398077), (10015, 13, 2480719), (10015, 13, 2498914), (10015, 13, 2514608), (10446, 15, 2561441), (10015, 13, 2572326), (10218, 1, 2580868), (10218, 1, 2608071)]"
1033 "[(10433, 4, 1270262), (10260, 9, 1283992), (10022, 9, 1286199)]"
10977 "[(5864, 1, 1271845), (9923, 9, 2136896), (9923, 9, 2398319), (9923, 9, 2413449), (9923, 9, 2469749)]"
909 "[(10092, 9, 1274065), (10092, 9, 1353872)]"
9543 "[(10659, 9, 1275779), (10534, 9, 1276595), (10662, 9, 1278186), (10534, 9, 1382386), (10176, 9, 1382681), (10839, 1, 1385233), (10053, 11, 1394649), (10946, 1, 1395301), (10076, 7, 1400132), (10176, 9, 1401064), (10005, 8, 1401681), (10100, 9, 1402325), (10005, 8, 1403309), (10178, 3, 1467416), (10839, 1, 1467444), (10534, 9, 1475886), (10114, 4, 1489358), (10447, 9, 1489969), (10072, 9, 1491109), (10100, 9, 1491712), (10862, 9, 1492324), (10596, 13, 1561320), (10447, 9, 1566959), (10596, 13, 1614150), (10662, 9, 1614330), (10662, 9, 1645726), (10000, 9, 1667716), (10447, 9, 1702875), (10037, 5, 1718830), (10534, 9, 1740775), (10022, 9, 1740928), (10116, 1, 1741870), (10448, 9, 1744223), (10485, 7, 1744874), (10022, 9, 1789217), (10390, 10, 1789643)]"
9553 "[(10043, 1, 1284776), (10381, 10, 1895989), (10214, 9, 2028196), (10035, 12, 2028821), (10118, 11, 2031921), (10111, 7, 2033882), (10111, 7, 2034619), (10105, 15, 2035352), (10196, 11, 2042182), (10196, 11, 2042877), (10540, 4, 2057058), (10872, 9, 2061097), (10415, 14, 2062269), (10655, 9, 2063831), (10862, 9, 2066518), (10439, 1, 2068615), (10176, 9, 2069814), (10327, 4, 2070787), (10385, 9, 2128339), (10140, 14, 2158201), (10444, 9, 2212644), (10134, 8, 2237935), (10216, 13, 2238724), (10006, 5, 2239842), (10955, 9, 2278892), (10669, 12, 2279771), (10448, 9, 2298030), (10415, 14, 2329497), (10803, 13, 2370601), (10889, 9, 2375484), (10327, 4, 2381335), (10327, 4, 2382619), (10489, 4, 2410103), (10925, 9, 2411296), (10134, 8, 2412583), (10534, 9, 2473284), (10011, 11, 2488517), (10137, 9, 2489204)]"
755 "[(10053, 11, 1308167), (10032, 11, 1990661), (10175, 13, 2408435), (10175, 13, 2508126)]"
6804 "[(10004, 11, 1318296), (10004, 11, 2361095), (10091, 3, 2362722)]"
9565 "[(10032, 11, 1321326), (10032, 11, 1322235), (10032, 11, 1399651), (10032, 11, 1401112), (10032, 11, 1543132), (10117, 5, 1649801), (10032, 11, 1747885), (10266, 7, 1824696), (10266, 7, 2160751), (10032, 11, 2211515), (10266, 7, 2382833), (10032, 11, 2610381)]"
10979 "[(7539, 1, 1341706)]"
3886 "[(10406, 11, 1348378), (10406, 11, 1361270), (10406, 11, 1398556), (10406, 11, 1453270), (10406, 11, 1473262)]"
9598 "[(10817, 2, 1349416), (10817, 2, 1502723), (10817, 2, 1673459), (10817, 2, 1756083), (10388, 2, 1759835), (10102, 2, 1797490), (10102, 2, 1806143), (10370, 2, 1807487), (10817, 2, 1844045), (10527, 2, 1844433), (10510, 2, 1858302), (10612, 3, 1858904), (10335, 2, 1891569), (10510, 2, 1932038), (10527, 2, 1932158), (10161, 2, 1969216), (10102, 2, 2021385), (10164, 2, 2021634), (10471, 2, 2021988), (10817, 2, 2022488), (10102, 2, 2070090), (10171, 2, 2070479), (10370, 2, 2070691), (10161, 2, 2070882)]"
8521 "[(10008, 11, 1364961)]"
8881 "[(10648, 4, 1383489), (10111, 7, 1635688)]"
4382 "[(10015, 13, 1393471), (10015, 13, 1661488), (10175, 13, 1989937), (10175, 13, 1992186), (10015, 13, 2055878), (10015, 13, 2058339), (10175, 13, 2123102), (10175, 13, 2264253), (10175, 13, 2303085), (10175, 13, 2441812), (10175, 13, 2576831), (10175, 13, 2580273), (10175, 13, 2603307)]"
827 "[(10032, 11, 1403734), (10015, 13, 1648293), (10015, 13, 2136746), (10069, 1, 2221502), (10399, 1, 2247089), (10399, 1, 2617427)]"
6583 "[(10494, 7, 1465754)]"
5324 "[(10090, 4, 1481557), (10288, 4, 1578482), (10073, 9, 1805188), (10090, 4, 2324567), (10348, 8, 2534298), (10032, 11, 2535312)]"
7416 "[(10146, 12, 1486682), (10146, 12, 1486795), (10146, 12, 1559976), (10146, 12, 1582479), (10146, 12, 1659930), (10146, 12, 1664348), (10146, 12, 2174514), (10054, 7, 2394273), (10146, 12, 2580165), (10055, 15, 2580696), (10146, 12, 2582982), (10006, 5, 2583333), (10146, 12, 2584060), (10146, 12, 2587552), (10146, 12, 2588246), (10055, 15, 2588821), (10244, 4, 2602661), (10244, 4, 2603352), (10244, 4, 2604657)]"
4226 "[(10032, 11, 1487677), (10032, 11, 1518531), (10129, 10, 2063755), (10129, 10, 2066490), (10129, 10, 2153814), (10129, 10, 2161279), (10129, 10, 2204773), (10032, 11, 2208274), (10129, 10, 2238514), (10129, 10, 2292240), (10032, 11, 2333470), (10032, 11, 2346827), (10129, 10, 2486554), (10129, 10, 2486585), (10032, 11, 2514353), (10032, 11, 2554817), (10129, 10, 2572003), (10129, 10, 2590620), (10129, 10, 2597012), (10129, 10, 2637495), (10129, 10, 2642364), (10965, 10, 2657913)]"
8639 "[(10083, 15, 1498181), (10083, 15, 2045740), (10083, 15, 2047845)]"
9735 "[(10032, 11, 1555702), (10928, 15, 1559891), (10098, 10, 1569287), (10068, 3, 1570816), (10399, 1, 1640779), (10098, 10, 1641422), (10142, 1, 1644138), (10445, 13, 1658560), (10265, 10, 1659380), (10379, 10, 1660965), (10098, 10, 1666998), (10664, 13, 1667609), (10345, 11, 1670418), (10024, 11, 1671032), (10144, 10, 1672314), (10237, 11, 1672945), (10124, 15, 1675000), (10860, 13, 1720678), (10778, 10, 1741960), (10876, 13, 1743325), (10399, 1, 1750185), (10436, 11, 1754766), (10244, 4, 1820974), (10083, 15, 1822276), (10745, 4, 1822884), (10745, 4, 1823498), (10318, 1, 1833202), (10068, 3, 1844962), (10318, 1, 1913992), (10587, 13, 1997215), (10083, 15, 2000825), (10745, 4, 2004622), (10024, 11, 2007493), (10585, 13, 2073061), (10196, 11, 2087303), (10155, 15, 2088795), (10399, 1, 2095231), (10182, 13, 2095872), (10015, 13, 2102270), (10436, 11, 2103560), (10237, 11, 2107613), (10030, 13, 2111003), (10237, 11, 2145331), (10345, 11, 2145953), (10247, 10, 2149020), (10024, 11, 2150275), (10044, 13, 2172759), (10026, 5, 2174136), (10507, 1, 2174761), (10724, 13, 2175421), (10144, 10, 2176646), (10899, 12, 2177259), (10107, 4, 2178026), (10024, 11, 2261348), (10345, 11, 2262388), (10899, 12, 2320531), (10724, 13, 2321345), (10247, 10, 2324669), (10168, 10, 2326202), (10182, 13, 2330591), (10585, 13, 2331825), (10921, 1, 2426687), (10507, 1, 2427940), (10585, 13, 2429207), (10016, 8, 2499516), (10670, 13, 2500876), (10670, 13, 2501484), (10016, 8, 2502829), (10676, 7, 2585383), (10548, 1, 2586769), (10324, 1, 2604078), (10345, 11, 2609475), (10015, 13, 2610232)]"
3557 "[(10270, 3, 1638550), (10270, 3, 1640557), (10395, 9, 1682459), (10270, 3, 1682757), (10174, 9, 1685130), (10196, 11, 1708831), (10196, 11, 1711810), (10270, 3, 1803758)]"
9773 "[(10032, 11, 1650774), (10032, 11, 1656832), (10032, 11, 1687276), (10032, 11, 1714609), (10032, 11, 1715208), (10032, 11, 1716687), (10032, 11, 1721978), (10032, 11, 1724521), (10032, 11, 1731113), (10032, 11, 1735261), (10032, 11, 1778997), (10032, 11, 1781518), (10032, 11, 1782742), (10032, 11, 1789569), (10032, 11, 1790084), (10032, 11, 1791399), (10032, 11, 1793716), (10149, 7, 1799524), (10032, 11, 1801609), (10032, 11, 1815279), (10032, 11, 1909726), (10032, 11, 1916997), (10032, 11, 1917261), (10032, 11, 1917430), (10032, 11, 1951400), (10032, 11, 1962906), (10032, 11, 2001518), (10032, 11, 2001570), (10032, 11, 2065867), (10032, 11, 2086248), (10032, 11, 2145178), (10032, 11, 2155602), (10032, 11, 2164834), (10032, 11, 2167178), (10032, 11, 2167565), (10032, 11, 2212603), (10032, 11, 2239172), (10032, 11, 2242590), (10032, 11, 2391176), (10032, 11, 2432420), (10032, 11, 2499773), (10032, 11, 2597621), (10032, 11, 2599710)]"
9509 "[(10050, 9, 1680164), (10461, 1, 1680768)]"
4942 "[(10154, 8, 1705618)]"
3745 "[(10315, 4, 1784803), (10031, 14, 2256493), (10397, 10, 2430546), (10072, 9, 2595710), (10045, 12, 2637213)]"
9824 "[(10070, 13, 1793073), (10069, 1, 1796786), (10142, 1, 1797644), (10107, 4, 1798369), (10069, 1, 1811853), (10218, 1, 1813154), (10032, 11, 1826271), (10032, 11, 1827166), (10455, 8, 1828840), (10051, 12, 1829475), (10142, 1, 1877016), (10032, 11, 1886736), (10032, 11, 1887513), (10054, 7, 1902077), (10032, 11, 1902851), (10237, 11, 1903450), (10054, 7, 1905352), (10054, 7, 1905950), (10756, 7, 1906558), (10406, 11, 1909328), (10054, 7, 1910188), (10054, 7, 1961375), (10803, 13, 1961983), (10054, 7, 1967285), (10054, 7, 1967348), (10176, 9, 1971367), (10032, 11, 1998043), (10032, 11, 1998665), (10032, 11, 1999531), (10032, 11, 1999917), (10032, 11, 2000056), (10032, 11, 2000124), (10032, 11, 2000543), (10032, 11, 2000588), (10032, 11, 2000650), (10054, 7, 2000770), (10054, 7, 2001194), (10406, 11, 2001270), (10054, 7, 2047888), (10054, 7, 2047950), (10054, 7, 2048657), (10054, 7, 2048759), (10838, 3, 2049050), (10229, 9, 2143538), (10047, 13, 2153207), (10092, 9, 2220718), (10054, 7, 2350336)]"
9825 "[(10032, 11, 1799319), (10032, 11, 1819280), (10076, 7, 1820579), (10032, 11, 1823645), (10278, 9, 1824566), (10032, 11, 1869555), (10076, 7, 1910432), (10032, 11, 1982574), (10076, 7, 1982614), (10154, 8, 2340695), (10154, 8, 2341790), (10154, 8, 2342401), (10032, 11, 2342946), (10032, 11, 2343005), (10032, 11, 2344037), (10278, 9, 2468880), (10278, 9, 2497785), (10278, 9, 2509901)]"
9831 "[(10152, 8, 1819672), (10745, 4, 1880708), (10164, 2, 1935232), (10466, 2, 1935874), (10233, 2, 1936493), (10233, 2, 1937272), (10233, 2, 1961981), (10233, 2, 1962339), (10233, 2, 1992602), (10233, 2, 1996688), (10016, 8, 1998081), (10032, 11, 2011954), (10032, 11, 2051507), (10032, 11, 2054010), (10032, 11, 2055621), (10233, 2, 2077517), (10237, 11, 2090848), (10233, 2, 2102159), (10510, 2, 2104525), (10233, 2, 2128722), (10233, 2, 2128879), (10054, 7, 2140908), (10233, 2, 2143211), (10233, 2, 2143253), (10233, 2, 2190328), (10510, 2, 2190549), (10734, 2, 2221413), (10233, 2, 2225834), (10046, 2, 2230493), (10734, 2, 2264090), (10046, 2, 2327020), (10734, 2, 2329339)]"
9854 "[(10032, 11, 1876922), (10309, 13, 2272876)]"
1797 "[(10053, 11, 1889918), (10352, 1, 2239542), (10047, 13, 2240352)]"
7147 "[(10060, 1, 1891769)]"
1231 "[(10427, 10, 1912204)]"
8653 "[(10279, 15, 1914374), (10413, 8, 1916412), (10015, 13, 2526513), (10015, 13, 2527376)]"
1939 "[(10148, 14, 1987197), (10148, 14, 2277937), (10148, 14, 2310446), (10148, 14, 2612414)]"
8062 "[(10032, 11, 1987336)]"
9914 "[(10033, 15, 2031998), (10033, 15, 2034788), (10033, 15, 2113562), (10033, 15, 2131378), (10006, 5, 2131443), (10033, 15, 2136363), (10033, 15, 2206717), (10033, 15, 2207445), (10031, 14, 2207893), (10033, 15, 2208777), (10033, 15, 2218934), (10033, 15, 2220006), (10033, 15, 2223934), (10033, 15, 2283285), (10033, 15, 2284143), (10033, 15, 2308505), (10033, 15, 2314211), (10033, 15, 2315164), (10033, 15, 2395422), (10032, 11, 2395563), (10920, 10, 2546132), (10033, 15, 2552937), (10033, 15, 2553286), (10033, 15, 2554127), (10033, 15, 2555593), (10033, 15, 2562332), (10033, 15, 2631691), (10033, 15, 2632882), (10033, 15, 2633391), (10033, 15, 2637455), (10033, 15, 2652951)]"
9724 "[(10032, 11, 2126273), (10032, 11, 2131785), (10032, 11, 2192350), (10032, 11, 2193579), (10152, 8, 2213549)]"
8749 "[(10149, 7, 2167757)]"
3005 "[(10015, 13, 2327430)]"
9980 "[(10013, 2, 2328508), (10013, 2, 2404350), (10013, 2, 2405049), (10013, 2, 2406001), (10013, 2, 2407208), (10013, 2, 2438714), (10013, 2, 2464288), (10013, 2, 2465143), (10013, 2, 2466319), (10013, 2, 2466435), (10111, 7, 2492112), (10076, 7, 2492710), (10222, 8, 2517789), (10076, 7, 2524678), (10032, 11, 2573577), (10032, 11, 2602429), (10032, 11, 2603572), (10054, 7, 2604223), (10032, 11, 2604229)]"
9983 "[(10392, 7, 2339999), (10032, 11, 2566406)]"
9406 "[(10647, 14, 2365562)]"
9419 "[(10008, 11, 2515554)]"
7631 "[(10153, 12, 2528134), (10153, 12, 2572997), (10153, 12, 2573534), (10153, 12, 2596157)]"
8996 "[(10540, 4, 2592606)]"
7828 "[(10540, 4, 2638788), (10540, 4, 2650819), (10129, 10, 2652199)]"
7283 "[(10015, 13, 2654243)]"
8858 "[(10340, 7, 2666341)]"
